datetime,timestamp[s],bgo_z1[keV],bgo_z0[keV],bgo_x1[keV],bgo_x0[keV],bgo_y1[keV],bgo_y0[keV],latX,lonX,latZ,lonZ
1970-01-01 00:00:00.000156701,0.000156701,0.0,0.0,0.0,367.88348,0.0,0.0,0.0,0.0,-1.5707964,0.0
1970-01-01 00:00:00.005655544,0.005655544,0.0,0.0,0.0,0.0,142.20634,0.0,0.0,0.0,-1.5707964,0.0
1970-01-01 00:00:00.006314196,0.006314196,0.0,124.96783,0.0,0.0,0.0,0.0,0.0,0.0,-1.5707964,0.0
1970-01-01 00:00:00.006434133,0.006434133,0.0,0.0,0.0,0.0,229.39041,0.0,0.0,0.0,-1.5707964,0.0
1970-01-01 00:00:00.006571887,0.006571887,0.0,0.0,134.8417,0.0,0.0,0.0,0.0,0.0,-1.5707964,0.0
1970-01-01 00:00:00.007237375,0.007237375,0.0,0.0,306.5979,0.0,0.0,0.0,0.0,0.0,-1.5707964,0.0
1970-01-01 00:00:00.008430503,0.008430503,0.0,0.0,154.5939,0.0,0.0,0.0,0.0,0.0,-1.5707964,0.0
1970-01-01 00:00:00.008484188,0.008484188,0.0,0.0,208.26549,0.0,0.0,0.0,0.0,0.0,-1.5707964,0.0
1970-01-01 00:00:00.008547780,0.00854778,0.0,0.0,0.0,0.0,151.7236,0.0,0.0,0.0,-1.5707964,0.0
1970-01-01 00:00:00.008983003,0.008983003,0.0,0.0,0.0,0.0,718.6006,0.0,0.0,0.0,-1.5707964,0.0
1970-01-01 00:00:00.009411974,0.009411974,0.0,0.0,0.0,0.0,274.52554,0.0,0.0,0.0,-1.5707964,0.0
1970-01-01 00:00:00.012524372,0.012524372,0.0,0.0,0.0,0.0,197.87569,0.0,0.0,0.0,-1.5707964,0.0
1970-01-01 00:00:00.017957335,0.017957335,0.0,0.0,0.0,0.0,184.1543,0.0,0.0,0.0,-1.5707964,0.0
1970-01-01 00:00:00.017957335,0.017957335,0.0,0.0,133.11198,0.0,0.0,0.0,0.0,0.0,-1.5707964,0.0
1970-01-01 00:00:00.018252536,0.018252536,0.0,0.0,0.0,0.0,0.0,423.77078,0.0,0.0,-1.5707964,0.0
1970-01-01 00:00:00.019630041,0.019630041,0.0,0.0,0.0,201.16037,0.0,0.0,0.0,0.0,-1.5707964,0.0
1970-01-01 00:00:00.020168451,0.020168451,0.0,0.0,0.0,0.0,626.806,0.0,0.0,0.0,-1.5707964,0.0
1970-01-01 00:00:00.022862746,0.022862746,0.0,0.0,241.7104,0.0,0.0,0.0,0.0,0.0,-1.5707964,0.0
1970-01-01 00:00:00.024211937,0.024211937,0.0,0.0,0.0,0.0,113.59685,0.0,0.0,0.0,-1.5707964,0.0
1970-01-01 00:00:00.026895035,0.026895035,0.0,0.0,0.0,0.0,149.17552,0.0,0.0,0.0,-1.5707964,0.0
1970-01-01 00:00:00.029424084,0.029424084,0.0,0.0,0.0,0.0,0.0,164.41083,0.0,0.0,-1.5707964,0.0
1970-01-01 00:00:00.029457385,0.029457385,0.0,0.0,0.0,0.0,83.97157,0.0,0.0,0.0,-1.5707964,0.0
1970-01-01 00:00:00.029932892,0.029932892,0.0,0.0,0.0,0.0,257.4994,0.0,0.0,0.0,-1.5707964,0.0
1970-01-01 00:00:00.052251291,0.052251291,0.0,0.0,0.0,0.0,363.48572,0.0,0.0,0.0,-1.5707964,0.0
1970-01-01 00:00:00.052916887,0.052916887,0.0,0.0,0.0,0.0,395.35065,0.0,0.0,0.0,-1.5707964,0.0
1970-01-01 00:00:00.053680612,0.053680612,0.0,0.0,0.0,288.90405,0.0,0.0,0.0,0.0,-1.5707964,0.0
1970-01-01 00:00:00.053739983,0.053739983,0.0,0.0,0.0,0.0,1086.2955,0.0,0.0,0.0,-1.5707964,0.0
1970-01-01 00:00:00.054186812,0.054186812,0.0,0.0,0.0,89.9552,0.0,0.0,0.0,0.0,-1.5707964,0.0
1970-01-01 00:00:00.054486995,0.054486995,0.0,0.0,292.93384,0.0,0.0,0.0,0.0,0.0,-1.5707964,0.0
1970-01-01 00:00:00.054821367,0.054821367,0.0,0.0,0.0,0.0,135.3879,0.0,0.0,0.0,-1.5707964,0.0
1970-01-01 00:00:00.054901720,0.05490172,0.0,0.0,197.34592,0.0,0.0,0.0,0.0,0.0,-1.5707964,0.0
1970-01-01 00:00:00.054960276,0.054960276,0.0,0.0,0.0,0.0,565.2475,0.0,0.0,0.0,-1.5707964,0.0
1970-01-01 00:00:00.055014688,0.055014688,0.0,0.0,91.078476,0.0,0.0,0.0,0.0,0.0,-1.5707964,0.0
1970-01-01 00:00:00.055332374,0.055332374,0.0,0.0,124.31156,0.0,0.0,0.0,0.0,0.0,-1.5707964,0.0
1970-01-01 00:00:00.055716813,0.055716813,0.0,0.0,0.0,0.0,123.60332,0.0,0.0,0.0,-1.5707964,0.0
1970-01-01 00:00:00.055875125,0.055875125,0.0,0.0,0.0,0.0,739.87866,0.0,0.0,0.0,-1.5707964,0.0
1970-01-01 00:00:00.056342876,0.056342876,0.0,0.0,0.0,0.0,0.0,822.9412,0.0,0.0,-1.5707964,0.0
1970-01-01 00:00:00.056652818,0.056652818,0.0,0.0,0.0,0.0,125.95439,0.0,0.0,0.0,-1.5707964,0.0
1970-01-01 00:00:00.056662407,0.056662407,0.0,0.0,241.95505,0.0,0.0,0.0,0.0,0.0,-1.5707964,0.0
1970-01-01 00:00:00.056693805,0.056693805,0.0,0.0,0.0,0.0,154.72879,0.0,0.0,0.0,-1.5707964,0.0
1970-01-01 00:00:00.057172484,0.057172484,0.0,0.0,0.0,0.0,357.57227,0.0,0.0,0.0,-1.5707964,0.0
1970-01-01 00:00:00.057322178,0.057322178,0.0,0.0,0.0,0.0,311.35138,0.0,0.0,0.0,-1.5707964,0.0
1970-01-01 00:00:00.057505466,0.057505466,0.0,261.53925,0.0,0.0,0.0,0.0,0.0,0.0,-1.5707964,0.0
1970-01-01 00:00:00.057550991,0.057550991,0.0,0.0,0.0,0.0,313.23987,0.0,0.0,0.0,-1.5707964,0.0
1970-01-01 00:00:00.057600705,0.057600705,0.0,0.0,107.642586,0.0,0.0,0.0,0.0,0.0,-1.5707964,0.0
1970-01-01 00:00:00.057664798,0.057664798,0.0,0.0,0.0,0.0,211.43103,0.0,0.0,0.0,-1.5707964,0.0
1970-01-01 00:00:00.057665907,0.057665907,0.0,0.0,0.0,0.0,339.50757,0.0,0.0,0.0,-1.5707964,0.0
1970-01-01 00:00:00.057850947,0.057850947,0.0,0.0,0.0,0.0,0.0,85.03128,0.0,0.0,-1.5707964,0.0
1970-01-01 00:00:00.058052022,0.058052022,0.0,0.0,0.0,0.0,387.89648,0.0,0.0,0.0,-1.5707964,0.0
1970-01-01 00:00:00.058166439,0.058166439,0.0,0.0,0.0,0.0,232.5561,0.0,0.0,0.0,-1.5707964,0.0
1970-01-01 00:00:00.058175616,0.058175616,0.0,0.0,0.0,96.98477,0.0,0.0,0.0,0.0,-1.5707964,0.0
1970-01-01 00:00:00.058176202,0.058176202,0.0,0.0,0.0,0.0,148.31885,0.0,0.0,0.0,-1.5707964,0.0
1970-01-01 00:00:00.058327902,0.058327902,0.0,0.0,0.0,171.49043,0.0,0.0,0.0,0.0,-1.5707964,0.0
1970-01-01 00:00:00.058407252,0.058407252,0.0,0.0,0.0,0.0,0.0,158.79642,0.0,0.0,-1.5707964,0.0
1970-01-01 00:00:00.058678307,0.058678307,0.0,0.0,0.0,156.42403,0.0,0.0,0.0,0.0,-1.5707964,0.0
1970-01-01 00:00:00.058701803,0.058701803,0.0,0.0,0.0,961.48505,0.0,0.0,0.0,0.0,-1.5707964,0.0
1970-01-01 00:00:00.058803278,0.058803278,0.0,0.0,195.26929,0.0,0.0,0.0,0.0,0.0,-1.5707964,0.0
1970-01-01 00:00:00.058897809,0.058897809,0.0,0.0,0.0,0.0,485.59103,0.0,0.0,0.0,-1.5707964,0.0
1970-01-01 00:00:00.058910092,0.058910092,0.0,0.0,0.0,255.68745,0.0,0.0,0.0,0.0,-1.5707964,0.0
1970-01-01 00:00:00.059002421,0.059002421,404.13242,0.0,0.0,0.0,0.0,0.0,0.0,0.0,-1.5707964,0.0
1970-01-01 00:00:00.059021383,0.059021383,0.0,0.0,0.0,0.0,0.0,538.9929,0.0,0.0,-1.5707964,0.0
1970-01-01 00:00:00.059047771,0.059047771,0.0,272.39462,0.0,0.0,0.0,0.0,0.0,0.0,-1.5707964,0.0
1970-01-01 00:00:00.059305485,0.059305485,0.0,0.0,0.0,0.0,438.34756,0.0,0.0,0.0,-1.5707964,0.0
1970-01-01 00:00:00.059345540,0.05934554,0.0,0.0,0.0,0.0,98.62909,0.0,0.0,0.0,-1.5707964,0.0
1970-01-01 00:00:00.059445189,0.059445189,0.0,0.0,0.0,0.0,106.03093,0.0,0.0,0.0,-1.5707964,0.0
1970-01-01 00:00:00.059850849,0.059850849,0.0,0.0,0.0,0.0,0.0,119.68265,0.0,0.0,-1.5707964,0.0
1970-01-01 00:00:00.059893708,0.059893708,0.0,0.0,633.7663,0.0,0.0,0.0,0.0,0.0,-1.5707964,0.0
1970-01-01 00:00:00.059992261,0.059992261,0.0,0.0,0.0,184.48122,0.0,0.0,0.0,0.0,-1.5707964,0.0
1970-01-01 00:00:00.059992261,0.059992261,0.0,0.0,0.0,0.0,0.0,156.15207,0.0,0.0,-1.5707964,0.0
1970-01-01 00:00:00.060006957,0.060006957,0.0,0.0,0.0,0.0,0.0,409.80713,0.0,0.0,-1.5707964,0.0
1970-01-01 00:00:00.060078002,0.060078002,0.0,0.0,0.0,0.0,2075.0713,0.0,0.0,0.0,-1.5707964,0.0
1970-01-01 00:00:00.060078002,0.060078002,0.0,0.0,0.0,0.0,0.0,421.76587,0.0,0.0,-1.5707964,0.0
1970-01-01 00:00:00.060297442,0.060297442,0.0,0.0,0.0,0.0,118.75111,0.0,0.0,0.0,-1.5707964,0.0
1970-01-01 00:00:00.060329833,0.060329833,0.0,0.0,0.0,0.0,132.49504,0.0,0.0,0.0,-1.5707964,0.0
1970-01-01 00:00:00.060745897,0.060745897,0.0,0.0,0.0,0.0,0.0,401.89496,0.0,0.0,-1.5707964,0.0
1970-01-01 00:00:00.061039072,0.061039072,0.0,0.0,0.0,546.3595,0.0,0.0,0.0,0.0,-1.5707964,0.0
1970-01-01 00:00:00.061173563,0.061173563,0.0,0.0,0.0,0.0,113.35862,0.0,0.0,0.0,-1.5707964,0.0
1970-01-01 00:00:00.061213965,0.061213965,0.0,0.0,0.0,0.0,134.51733,0.0,0.0,0.0,-1.5707964,0.0
1970-01-01 00:00:00.061399680,0.06139968,0.0,0.0,0.0,0.0,370.67245,0.0,0.0,0.0,-1.5707964,0.0
1970-01-01 00:00:00.061725478,0.061725478,0.0,0.0,0.0,0.0,0.0,197.3713,0.0,0.0,-1.5707964,0.0
1970-01-01 00:00:00.062009185,0.062009185,0.0,0.0,0.0,0.0,342.98254,0.0,0.0,0.0,-1.5707964,0.0
1970-01-01 00:00:00.062087884,0.062087884,0.0,0.0,0.0,0.0,817.9926,0.0,0.0,0.0,-1.5707964,0.0
1970-01-01 00:00:00.062293546,0.062293546,0.0,0.0,0.0,0.0,475.51846,0.0,0.0,0.0,-1.5707964,0.0
1970-01-01 00:00:00.062422486,0.062422486,0.0,0.0,0.0,0.0,229.69257,0.0,0.0,0.0,-1.5707964,0.0
1970-01-01 00:00:00.062665026,0.062665026,0.0,0.0,0.0,0.0,0.0,1266.8396,0.0,0.0,-1.5707964,0.0
1970-01-01 00:00:00.062786004,0.062786004,0.0,0.0,124.431816,0.0,0.0,0.0,0.0,0.0,-1.5707964,0.0
1970-01-01 00:00:00.063106156,0.063106156,0.0,0.0,0.0,0.0,110.90457,0.0,0.0,0.0,-1.5707964,0.0
1970-01-01 00:00:00.063303797,0.063303798,0.0,0.0,0.0,0.0,0.0,97.704124,0.0,0.0,-1.5707964,0.0
1970-01-01 00:00:00.063386177,0.063386177,0.0,84.75927,0.0,0.0,0.0,0.0,0.0,0.0,-1.5707964,0.0
1970-01-01 00:00:00.063630508,0.063630508,0.0,0.0,0.0,0.0,539.34705,0.0,0.0,0.0,-1.5707964,0.0
1970-01-01 00:00:00.063930313,0.063930313,0.0,0.0,0.0,0.0,314.017,0.0,0.0,0.0,-1.5707964,0.0
1970-01-01 00:00:00.064126243,0.064126243,0.0,0.0,0.0,0.0,0.0,161.37953,0.0,0.0,-1.5707964,0.0
1970-01-01 00:00:00.064158769,0.064158769,0.0,0.0,0.0,0.0,0.0,705.6878,0.0,0.0,-1.5707964,0.0
1970-01-01 00:00:00.064341935,0.064341935,0.0,0.0,0.0,176.7831,0.0,0.0,0.0,0.0,-1.5707964,0.0
1970-01-01 00:00:00.064398010,0.06439801,0.0,0.0,0.0,0.0,679.60535,0.0,0.0,0.0,-1.5707964,0.0
1970-01-01 00:00:00.064405451,0.064405451,0.0,0.0,0.0,0.0,115.09312,0.0,0.0,0.0,-1.5707964,0.0
1970-01-01 00:00:00.064476982,0.064476982,0.0,92.10371,0.0,0.0,0.0,0.0,0.0,0.0,-1.5707964,0.0
1970-01-01 00:00:00.064678760,0.06467876,0.0,0.0,0.0,0.0,234.45135,0.0,0.0,0.0,-1.5707964,0.0
1970-01-01 00:00:00.064958049,0.064958049,0.0,0.0,0.0,130.54283,0.0,0.0,0.0,0.0,-1.5707964,0.0
1970-01-01 00:00:00.065033292,0.065033292,0.0,93.52352,0.0,0.0,0.0,0.0,0.0,0.0,-1.5707964,0.0
1970-01-01 00:00:00.065072145,0.065072145,0.0,0.0,0.0,116.11869,0.0,0.0,0.0,0.0,-1.5707964,0.0
1970-01-01 00:00:00.065104368,0.065104369,0.0,0.0,0.0,0.0,112.65992,0.0,0.0,0.0,-1.5707964,0.0
1970-01-01 00:00:00.065275451,0.065275451,0.0,0.0,0.0,0.0,209.28673,0.0,0.0,0.0,-1.5707964,0.0
1970-01-01 00:00:00.065397805,0.065397805,0.0,0.0,0.0,0.0,229.61342,0.0,0.0,0.0,-1.5707964,0.0
1970-01-01 00:00:00.065513673,0.065513674,0.0,0.0,0.0,0.0,238.54272,0.0,0.0,0.0,-1.5707964,0.0
1970-01-01 00:00:00.065528866,0.065528866,0.0,0.0,0.0,0.0,357.79773,0.0,0.0,0.0,-1.5707964,0.0
1970-01-01 00:00:00.065574698,0.065574698,0.0,0.0,0.0,0.0,353.57147,0.0,0.0,0.0,-1.5707964,0.0
1970-01-01 00:00:00.065576324,0.065576324,0.0,0.0,0.0,0.0,194.17567,0.0,0.0,0.0,-1.5707964,0.0
1970-01-01 00:00:00.065614845,0.065614845,0.0,0.0,137.6066,0.0,0.0,0.0,0.0,0.0,-1.5707964,0.0
1970-01-01 00:00:00.065771211,0.065771212,0.0,0.0,0.0,0.0,240.26585,0.0,0.0,0.0,-1.5707964,0.0
1970-01-01 00:00:00.065860075,0.065860075,0.0,0.0,0.0,150.5803,0.0,0.0,0.0,0.0,-1.5707964,0.0
1970-01-01 00:00:00.065981186,0.065981186,0.0,0.0,0.0,0.0,189.7178,0.0,0.0,0.0,-1.5707964,0.0
1970-01-01 00:00:00.065989544,0.065989544,391.19003,0.0,0.0,0.0,0.0,0.0,0.0,0.0,-1.5707964,0.0
1970-01-01 00:00:00.066070861,0.066070862,0.0,0.0,0.0,0.0,0.0,114.81373,0.0,0.0,-1.5707964,0.0
1970-01-01 00:00:00.066082522,0.066082522,0.0,128.0527,0.0,0.0,0.0,0.0,0.0,0.0,-1.5707964,0.0
1970-01-01 00:00:00.066103262,0.066103263,0.0,0.0,0.0,0.0,87.824455,0.0,0.0,0.0,-1.5707964,0.0
1970-01-01 00:00:00.066464174,0.066464174,86.85122,0.0,0.0,0.0,0.0,0.0,0.0,0.0,-1.5707964,0.0
1970-01-01 00:00:00.066527290,0.06652729,0.0,0.0,0.0,0.0,0.0,353.03287,0.0,0.0,-1.5707964,0.0
1970-01-01 00:00:00.066578189,0.06657819,0.0,0.0,284.15195,0.0,0.0,0.0,0.0,0.0,-1.5707964,0.0
1970-01-01 00:00:00.066663404,0.066663405,0.0,0.0,0.0,0.0,308.01712,0.0,0.0,0.0,-1.5707964,0.0
1970-01-01 00:00:00.066664666,0.066664666,0.0,0.0,0.0,161.10193,0.0,0.0,0.0,0.0,-1.5707964,0.0
1970-01-01 00:00:00.066691214,0.066691214,0.0,0.0,0.0,0.0,1097.2861,0.0,0.0,0.0,-1.5707964,0.0
1970-01-01 00:00:00.066762346,0.066762346,0.0,1567.8009,0.0,0.0,0.0,0.0,0.0,0.0,-1.5707964,0.0
1970-01-01 00:00:00.066988250,0.06698825,0.0,0.0,0.0,0.0,157.38399,0.0,0.0,0.0,-1.5707964,0.0
1970-01-01 00:00:00.067095636,0.067095636,0.0,184.99649,0.0,0.0,0.0,0.0,0.0,0.0,-1.5707964,0.0
1970-01-01 00:00:00.067123774,0.067123774,0.0,0.0,0.0,147.79535,0.0,0.0,0.0,0.0,-1.5707964,0.0
1970-01-01 00:00:00.067130070,0.06713007,0.0,0.0,0.0,0.0,0.0,105.30098,0.0,0.0,-1.5707964,0.0
1970-01-01 00:00:00.067147865,0.067147865,0.0,137.95264,0.0,0.0,0.0,0.0,0.0,0.0,-1.5707964,0.0
1970-01-01 00:00:00.067198043,0.067198043,0.0,0.0,216.26048,0.0,0.0,0.0,0.0,0.0,-1.5707964,0.0
1970-01-01 00:00:00.067419610,0.06741961,0.0,0.0,0.0,0.0,0.0,578.6377,0.0,0.0,-1.5707964,0.0
1970-01-01 00:00:00.067489634,0.067489634,0.0,0.0,0.0,0.0,221.21783,0.0,0.0,0.0,-1.5707964,0.0
1970-01-01 00:00:00.067673207,0.067673207,0.0,0.0,286.90152,0.0,0.0,0.0,0.0,0.0,-1.5707964,0.0
1970-01-01 00:00:00.067717104,0.067717104,0.0,0.0,0.0,0.0,135.0275,0.0,0.0,0.0,-1.5707964,0.0
1970-01-01 00:00:00.067787390,0.06778739,0.0,0.0,0.0,0.0,241.11646,0.0,0.0,0.0,-1.5707964,0.0
1970-01-01 00:00:00.067789174,0.067789174,0.0,0.0,0.0,0.0,260.03766,0.0,0.0,0.0,-1.5707964,0.0
1970-01-01 00:00:00.067990448,0.067990448,0.0,0.0,0.0,0.0,440.12207,0.0,0.0,0.0,-1.5707964,0.0
1970-01-01 00:00:00.067994927,0.067994927,0.0,0.0,0.0,0.0,113.650986,0.0,0.0,0.0,-1.5707964,0.0
1970-01-01 00:00:00.068059571,0.068059571,0.0,0.0,0.0,84.57938,0.0,0.0,0.0,0.0,-1.5707964,0.0
1970-01-01 00:00:00.068128465,0.068128465,0.0,0.0,0.0,105.90783,0.0,0.0,0.0,0.0,-1.5707964,0.0
1970-01-01 00:00:00.068146229,0.068146229,0.0,120.68642,0.0,0.0,0.0,0.0,0.0,0.0,-1.5707964,0.0
1970-01-01 00:00:00.068203554,0.068203554,0.0,0.0,0.0,0.0,161.82697,0.0,0.0,0.0,-1.5707964,0.0
1970-01-01 00:00:00.068342430,0.06834243,0.0,0.0,0.0,320.92328,0.0,0.0,0.0,0.0,-1.5707964,0.0
1970-01-01 00:00:00.068395882,0.068395882,0.0,0.0,0.0,0.0,353.32617,0.0,0.0,0.0,-1.5707964,0.0
1970-01-01 00:00:00.068449699,0.068449699,0.0,0.0,162.56271,0.0,0.0,0.0,0.0,0.0,-1.5707964,0.0
1970-01-01 00:00:00.068450726,0.068450726,0.0,0.0,0.0,139.12462,0.0,0.0,0.0,0.0,-1.5707964,0.0
1970-01-01 00:00:00.068637470,0.06863747,0.0,0.0,0.0,0.0,97.72969,0.0,0.0,0.0,-1.5707964,0.0
1970-01-01 00:00:00.068710110,0.06871011,0.0,0.0,98.35802,0.0,0.0,0.0,0.0,0.0,-1.5707964,0.0
1970-01-01 00:00:00.068906821,0.068906821,0.0,0.0,0.0,0.0,152.13332,0.0,0.0,0.0,-1.5707964,0.0
1970-01-01 00:00:00.068952026,0.068952026,0.0,0.0,0.0,0.0,129.78888,0.0,0.0,0.0,-1.5707964,0.0
1970-01-01 00:00:00.068952026,0.068952026,0.0,0.0,0.0,0.0,212.77605,0.0,0.0,0.0,-1.5707964,0.0
1970-01-01 00:00:00.069121749,0.069121749,0.0,0.0,0.0,0.0,167.2223,0.0,0.0,0.0,-1.5707964,0.0
1970-01-01 00:00:00.069227994,0.069227994,0.0,0.0,0.0,0.0,850.8209,0.0,0.0,0.0,-1.5707964,0.0
1970-01-01 00:00:00.069454771,0.069454771,0.0,0.0,0.0,0.0,313.49554,0.0,0.0,0.0,-1.5707964,0.0
1970-01-01 00:00:00.069488515,0.069488515,0.0,0.0,0.0,0.0,103.16854,0.0,0.0,0.0,-1.5707964,0.0
1970-01-01 00:00:00.069500557,0.069500557,0.0,0.0,84.44213,0.0,0.0,0.0,0.0,0.0,-1.5707964,0.0
1970-01-01 00:00:00.069681383,0.069681383,0.0,0.0,0.0,221.61852,0.0,0.0,0.0,0.0,-1.5707964,0.0
1970-01-01 00:00:00.069783647,0.069783647,0.0,0.0,0.0,0.0,467.88214,0.0,0.0,0.0,-1.5707964,0.0
1970-01-01 00:00:00.069850898,0.069850898,0.0,0.0,0.0,0.0,0.0,1260.0024,0.0,0.0,-1.5707964,0.0
1970-01-01 00:00:00.069931927,0.069931927,0.0,0.0,0.0,0.0,461.96506,0.0,0.0,0.0,-1.5707964,0.0
1970-01-01 00:00:00.069952283,0.069952283,0.0,0.0,0.0,0.0,332.64383,0.0,0.0,0.0,-1.5707964,0.0
1970-01-01 00:00:00.069989995,0.069989995,599.922,0.0,0.0,0.0,0.0,0.0,0.0,0.0,-1.5707964,0.0
1970-01-01 00:00:00.070112966,0.070112966,0.0,0.0,0.0,0.0,319.94125,0.0,0.0,0.0,-1.5707964,0.0
1970-01-01 00:00:00.070163223,0.070163223,0.0,0.0,0.0,0.0,0.0,123.37601,0.0,0.0,-1.5707964,0.0
1970-01-01 00:00:00.070296198,0.070296198,0.0,0.0,0.0,0.0,282.84906,0.0,0.0,0.0,-1.5707964,0.0
1970-01-01 00:00:00.070532571,0.070532571,0.0,0.0,0.0,0.0,121.08835,0.0,0.0,0.0,-1.5707964,0.0
1970-01-01 00:00:00.070582886,0.070582886,0.0,166.21901,0.0,0.0,0.0,0.0,0.0,0.0,-1.5707964,0.0
1970-01-01 00:00:00.070606507,0.070606507,0.0,0.0,0.0,0.0,128.14299,0.0,0.0,0.0,-1.5707964,0.0
1970-01-01 00:00:00.070620152,0.070620152,0.0,0.0,0.0,0.0,84.637436,0.0,0.0,0.0,-1.5707964,0.0
1970-01-01 00:00:00.070723946,0.070723946,0.0,0.0,0.0,0.0,0.0,431.7074,0.0,0.0,-1.5707964,0.0
1970-01-01 00:00:00.070781238,0.070781238,0.0,0.0,0.0,0.0,0.0,336.8275,0.0,0.0,-1.5707964,0.0
1970-01-01 00:00:00.070837903,0.070837903,0.0,1123.1512,0.0,0.0,0.0,0.0,0.0,0.0,-1.5707964,0.0
1970-01-01 00:00:00.070933292,0.070933292,0.0,0.0,0.0,0.0,107.42098,0.0,0.0,0.0,-1.5707964,0.0
1970-01-01 00:00:00.071157199,0.071157199,0.0,0.0,0.0,125.50069,0.0,0.0,0.0,0.0,-1.5707964,0.0
1970-01-01 00:00:00.071225112,0.071225112,160.94472,0.0,0.0,0.0,0.0,0.0,0.0,0.0,-1.5707964,0.0
1970-01-01 00:00:00.071289052,0.071289052,0.0,0.0,0.0,0.0,0.0,861.1193,0.0,0.0,-1.5707964,0.0
1970-01-01 00:00:00.071420919,0.071420919,0.0,0.0,0.0,0.0,94.61521,0.0,0.0,0.0,-1.5707964,0.0
1970-01-01 00:00:00.071625306,0.071625306,0.0,0.0,0.0,0.0,0.0,121.794945,0.0,0.0,-1.5707964,0.0
1970-01-01 00:00:00.071687115,0.071687115,0.0,156.65233,0.0,0.0,0.0,0.0,0.0,0.0,-1.5707964,0.0
1970-01-01 00:00:00.071920278,0.071920278,0.0,0.0,247.64171,0.0,0.0,0.0,0.0,0.0,-1.5707964,0.0
1970-01-01 00:00:00.071978716,0.071978716,0.0,0.0,0.0,0.0,0.0,197.70288,0.0,0.0,-1.5707964,0.0
1970-01-01 00:00:00.072025001,0.072025001,0.0,0.0,0.0,0.0,202.77406,0.0,0.0,0.0,-1.5707964,0.0
1970-01-01 00:00:00.072126665,0.072126665,0.0,0.0,0.0,0.0,222.6304,0.0,0.0,0.0,-1.5707964,0.0
1970-01-01 00:00:00.072406249,0.072406249,0.0,0.0,0.0,0.0,173.18846,0.0,0.0,0.0,-1.5707964,0.0
1970-01-01 00:00:00.072605160,0.07260516,0.0,0.0,0.0,0.0,431.4353,0.0,0.0,0.0,-1.5707964,0.0
1970-01-01 00:00:00.073029922,0.073029922,0.0,0.0,0.0,0.0,472.1157,0.0,0.0,0.0,-1.5707964,0.0
1970-01-01 00:00:00.073211948,0.073211948,0.0,0.0,0.0,0.0,0.0,350.33545,0.0,0.0,-1.5707964,0.0
1970-01-01 00:00:00.073399455,0.073399455,0.0,0.0,0.0,0.0,749.95593,0.0,0.0,0.0,-1.5707964,0.0
1970-01-01 00:00:00.073592118,0.073592118,0.0,0.0,0.0,0.0,138.831,0.0,0.0,0.0,-1.5707964,0.0
1970-01-01 00:00:00.073796214,0.073796214,0.0,0.0,0.0,0.0,122.450806,0.0,0.0,0.0,-1.5707964,0.0
1970-01-01 00:00:00.073820388,0.073820388,0.0,0.0,0.0,0.0,0.0,177.33217,0.0,0.0,-1.5707964,0.0
1970-01-01 00:00:00.074264821,0.074264821,0.0,0.0,165.45004,0.0,0.0,0.0,0.0,0.0,-1.5707964,0.0
1970-01-01 00:00:00.074612045,0.074612045,0.0,0.0,0.0,0.0,379.50565,0.0,0.0,0.0,-1.5707964,0.0
1970-01-01 00:00:00.075329116,0.075329116,0.0,0.0,133.27483,0.0,0.0,0.0,0.0,0.0,-1.5707964,0.0
1970-01-01 00:00:00.075406941,0.075406941,0.0,0.0,0.0,0.0,191.76553,0.0,0.0,0.0,-1.5707964,0.0
1970-01-01 00:00:00.075495046,0.075495046,0.0,0.0,0.0,0.0,0.0,119.89783,0.0,0.0,-1.5707964,0.0
1970-01-01 00:00:00.075713878,0.075713878,0.0,0.0,0.0,0.0,151.03816,0.0,0.0,0.0,-1.5707964,0.0
1970-01-01 00:00:00.075739490,0.07573949,0.0,0.0,0.0,0.0,0.0,183.5176,0.0,0.0,-1.5707964,0.0
1970-01-01 00:00:00.076390455,0.076390455,0.0,0.0,0.0,0.0,615.1891,0.0,0.0,0.0,-1.5707964,0.0
1970-01-01 00:00:00.076754818,0.076754818,0.0,0.0,0.0,98.593956,0.0,0.0,0.0,0.0,-1.5707964,0.0
1970-01-01 00:00:00.076838795,0.076838795,0.0,0.0,0.0,0.0,88.09152,0.0,0.0,0.0,-1.5707964,0.0
1970-01-01 00:00:00.077229996,0.077229996,0.0,0.0,102.506454,0.0,0.0,0.0,0.0,0.0,-1.5707964,0.0
1970-01-01 00:00:00.077279879,0.077279879,0.0,0.0,194.43692,0.0,0.0,0.0,0.0,0.0,-1.5707964,0.0
1970-01-01 00:00:00.077580188,0.077580188,0.0,0.0,0.0,81.007576,0.0,0.0,0.0,0.0,-1.5707964,0.0
1970-01-01 00:00:00.077860171,0.077860171,0.0,0.0,0.0,0.0,618.5082,0.0,0.0,0.0,-1.5707964,0.0
1970-01-01 00:00:00.078387311,0.078387311,0.0,0.0,0.0,351.88443,0.0,0.0,0.0,0.0,-1.5707964,0.0
1970-01-01 00:00:00.078556577,0.078556577,0.0,0.0,0.0,547.56506,0.0,0.0,0.0,0.0,-1.5707964,0.0
1970-01-01 00:00:00.078660376,0.078660376,0.0,0.0,0.0,0.0,0.0,327.80524,0.0,0.0,-1.5707964,0.0
1970-01-01 00:00:00.078837712,0.078837712,0.0,94.260056,0.0,0.0,0.0,0.0,0.0,0.0,-1.5707964,0.0
1970-01-01 00:00:00.079161681,0.079161681,0.0,0.0,0.0,176.08199,0.0,0.0,0.0,0.0,-1.5707964,0.0
1970-01-01 00:00:00.079214563,0.079214563,0.0,0.0,0.0,0.0,338.32822,0.0,0.0,0.0,-1.5707964,0.0
1970-01-01 00:00:00.079344728,0.079344728,0.0,0.0,0.0,0.0,101.48372,0.0,0.0,0.0,-1.5707964,0.0
1970-01-01 00:00:00.079393057,0.079393057,0.0,0.0,0.0,0.0,232.58942,0.0,0.0,0.0,-1.5707964,0.0
1970-01-01 00:00:00.079401235,0.079401235,0.0,0.0,0.0,0.0,411.78745,0.0,0.0,0.0,-1.5707964,0.0
1970-01-01 00:00:00.079577136,0.079577136,0.0,0.0,0.0,0.0,122.3384,0.0,0.0,0.0,-1.5707964,0.0
1970-01-01 00:00:00.079687830,0.07968783,0.0,0.0,0.0,144.70749,0.0,0.0,0.0,0.0,-1.5707964,0.0
1970-01-01 00:00:00.080338423,0.080338423,0.0,0.0,0.0,0.0,204.08087,0.0,0.0,0.0,-1.5707964,0.0
1970-01-01 00:00:00.080490594,0.080490594,0.0,0.0,0.0,0.0,250.54976,0.0,0.0,0.0,-1.5707964,0.0
1970-01-01 00:00:00.080511647,0.080511647,0.0,0.0,0.0,344.73608,0.0,0.0,0.0,0.0,-1.5707964,0.0
1970-01-01 00:00:00.080571996,0.080571996,0.0,1097.6766,0.0,0.0,0.0,0.0,0.0,0.0,-1.5707964,0.0
1970-01-01 00:00:00.080937834,0.080937834,0.0,0.0,0.0,0.0,340.20844,0.0,0.0,0.0,-1.5707964,0.0
1970-01-01 00:00:00.081129645,0.081129645,0.0,0.0,0.0,0.0,91.048256,0.0,0.0,0.0,-1.5707964,0.0
1970-01-01 00:00:00.081225715,0.081225715,0.0,0.0,0.0,0.0,82.36532,0.0,0.0,0.0,-1.5707964,0.0
1970-01-01 00:00:00.081241312,0.081241312,0.0,148.33502,0.0,0.0,0.0,0.0,0.0,0.0,-1.5707964,0.0
1970-01-01 00:00:00.082399323,0.082399323,0.0,0.0,0.0,0.0,141.77545,0.0,0.0,0.0,-1.5707964,0.0
1970-01-01 00:00:00.082865051,0.082865051,0.0,0.0,0.0,0.0,131.14438,0.0,0.0,0.0,-1.5707964,0.0
1970-01-01 00:00:00.083204455,0.083204455,0.0,0.0,0.0,0.0,350.76675,0.0,0.0,0.0,-1.5707964,0.0
1970-01-01 00:00:00.083583917,0.083583917,0.0,0.0,0.0,0.0,81.38479,0.0,0.0,0.0,-1.5707964,0.0
1970-01-01 00:00:00.083811897,0.083811897,0.0,0.0,0.0,83.90274,0.0,0.0,0.0,0.0,-1.5707964,0.0
1970-01-01 00:00:00.083865204,0.083865204,0.0,0.0,619.84595,0.0,0.0,0.0,0.0,0.0,-1.5707964,0.0
1970-01-01 00:00:00.083965355,0.083965355,0.0,0.0,0.0,101.61037,0.0,0.0,0.0,0.0,-1.5707964,0.0
1970-01-01 00:00:00.084006356,0.084006356,0.0,0.0,0.0,0.0,127.995316,0.0,0.0,0.0,-1.5707964,0.0
1970-01-01 00:00:00.084015086,0.084015086,0.0,0.0,0.0,0.0,285.38956,0.0,0.0,0.0,-1.5707964,0.0
1970-01-01 00:00:00.084041752,0.084041752,0.0,0.0,0.0,0.0,0.0,168.6176,0.0,0.0,-1.5707964,0.0
1970-01-01 00:00:00.084216918,0.084216918,0.0,0.0,0.0,0.0,129.06892,0.0,0.0,0.0,-1.5707964,0.0
1970-01-01 00:00:00.084217646,0.084217646,0.0,0.0,0.0,0.0,0.0,228.95471,0.0,0.0,-1.5707964,0.0
1970-01-01 00:00:00.084386078,0.084386078,0.0,0.0,0.0,0.0,165.08586,0.0,0.0,0.0,-1.5707964,0.0
1970-01-01 00:00:00.084449551,0.084449551,0.0,0.0,0.0,0.0,215.31747,0.0,0.0,0.0,-1.5707964,0.0
1970-01-01 00:00:00.084798849,0.084798849,0.0,0.0,0.0,0.0,675.0664,0.0,0.0,0.0,-1.5707964,0.0
1970-01-01 00:00:00.084928803,0.084928803,0.0,0.0,0.0,604.05695,0.0,0.0,0.0,0.0,-1.5707964,0.0
1970-01-01 00:00:00.084984188,0.084984188,0.0,0.0,0.0,0.0,0.0,222.55,0.0,0.0,-1.5707964,0.0
1970-01-01 00:00:00.085086842,0.085086842,0.0,0.0,85.20866,0.0,0.0,0.0,0.0,0.0,-1.5707964,0.0
1970-01-01 00:00:00.085100400,0.0851004,0.0,0.0,0.0,0.0,0.0,510.87204,0.0,0.0,-1.5707964,0.0
1970-01-01 00:00:00.085410340,0.08541034,0.0,0.0,337.2763,0.0,0.0,0.0,0.0,0.0,-1.5707964,0.0
1970-01-01 00:00:00.085445514,0.085445514,0.0,0.0,0.0,0.0,103.3949,0.0,0.0,0.0,-1.5707964,0.0
1970-01-01 00:00:00.085540519,0.085540519,0.0,0.0,0.0,397.50845,0.0,0.0,0.0,0.0,-1.5707964,0.0
1970-01-01 00:00:00.085559296,0.085559296,0.0,0.0,299.56625,0.0,0.0,0.0,0.0,0.0,-1.5707964,0.0
1970-01-01 00:00:00.085591270,0.08559127,0.0,0.0,0.0,0.0,0.0,153.1911,0.0,0.0,-1.5707964,0.0
1970-01-01 00:00:00.086038728,0.086038728,0.0,0.0,0.0,0.0,117.78817,0.0,0.0,0.0,-1.5707964,0.0
1970-01-01 00:00:00.086689515,0.086689515,258.48038,0.0,0.0,0.0,0.0,0.0,0.0,0.0,-1.5707964,0.0
1970-01-01 00:00:00.086785230,0.08678523,0.0,0.0,0.0,0.0,1659.1981,0.0,0.0,0.0,-1.5707964,0.0
1970-01-01 00:00:00.086832605,0.086832605,0.0,0.0,212.95279,0.0,0.0,0.0,0.0,0.0,-1.5707964,0.0
1970-01-01 00:00:00.087298311,0.087298311,0.0,0.0,0.0,0.0,106.80172,0.0,0.0,0.0,-1.5707964,0.0
1970-01-01 00:00:00.087324622,0.087324622,0.0,0.0,0.0,0.0,218.9197,0.0,0.0,0.0,-1.5707964,0.0
1970-01-01 00:00:00.087482066,0.087482066,0.0,0.0,0.0,126.84496,0.0,0.0,0.0,0.0,-1.5707964,0.0
1970-01-01 00:00:00.088403102,0.088403102,0.0,0.0,0.0,196.14732,0.0,0.0,0.0,0.0,-1.5707964,0.0
1970-01-01 00:00:00.088642729,0.088642729,0.0,0.0,0.0,0.0,147.48119,0.0,0.0,0.0,-1.5707964,0.0
1970-01-01 00:00:00.088778919,0.088778919,0.0,0.0,0.0,215.01987,0.0,0.0,0.0,0.0,-1.5707964,0.0
1970-01-01 00:00:00.089287474,0.089287474,0.0,0.0,0.0,0.0,335.1639,0.0,0.0,0.0,-1.5707964,0.0
1970-01-01 00:00:00.089542332,0.089542332,0.0,0.0,0.0,0.0,1094.8307,0.0,0.0,0.0,-1.5707964,0.0
1970-01-01 00:00:00.089844525,0.089844525,0.0,0.0,0.0,204.96176,0.0,0.0,0.0,0.0,-1.5707964,0.0
1970-01-01 00:00:00.089854940,0.08985494,0.0,0.0,0.0,0.0,291.63272,0.0,0.0,0.0,-1.5707964,0.0
1970-01-01 00:00:00.090237116,0.090237116,0.0,0.0,0.0,0.0,198.55719,0.0,0.0,0.0,-1.5707964,0.0
1970-01-01 00:00:00.090287634,0.090287634,0.0,0.0,0.0,115.35999,0.0,0.0,0.0,0.0,-1.5707964,0.0
1970-01-01 00:00:00.090359143,0.090359143,0.0,0.0,0.0,0.0,0.0,165.55159,0.0,0.0,-1.5707964,0.0
1970-01-01 00:00:00.090456202,0.090456202,0.0,0.0,0.0,0.0,206.99216,0.0,0.0,0.0,-1.5707964,0.0
1970-01-01 00:00:00.090580934,0.090580934,0.0,117.36758,0.0,0.0,0.0,0.0,0.0,0.0,-1.5707964,0.0
1970-01-01 00:00:00.090730519,0.090730519,0.0,0.0,0.0,300.90518,0.0,0.0,0.0,0.0,-1.5707964,0.0
1970-01-01 00:00:00.090794656,0.090794656,0.0,0.0,0.0,0.0,428.48395,0.0,0.0,0.0,-1.5707964,0.0
1970-01-01 00:00:00.090884761,0.090884761,0.0,85.47182,0.0,0.0,0.0,0.0,0.0,0.0,-1.5707964,0.0
1970-01-01 00:00:00.090986334,0.090986334,0.0,0.0,0.0,0.0,391.4693,0.0,0.0,0.0,-1.5707964,0.0
1970-01-01 00:00:00.090994326,0.090994326,0.0,0.0,0.0,0.0,457.7476,0.0,0.0,0.0,-1.5707964,0.0
1970-01-01 00:00:00.091174243,0.091174243,0.0,0.0,0.0,0.0,0.0,361.25156,0.0,0.0,-1.5707964,0.0
1970-01-01 00:00:00.091503308,0.091503308,0.0,0.0,0.0,0.0,0.0,192.49538,0.0,0.0,-1.5707964,0.0
1970-01-01 00:00:00.091559197,0.091559197,0.0,0.0,0.0,0.0,173.87805,0.0,0.0,0.0,-1.5707964,0.0
1970-01-01 00:00:00.091662860,0.09166286,0.0,0.0,85.480484,0.0,0.0,0.0,0.0,0.0,-1.5707964,0.0
1970-01-01 00:00:00.091701998,0.091701998,0.0,124.2816,0.0,0.0,0.0,0.0,0.0,0.0,-1.5707964,0.0
1970-01-01 00:00:00.091769532,0.091769532,0.0,0.0,0.0,0.0,138.43484,0.0,0.0,0.0,-1.5707964,0.0
1970-01-01 00:00:00.091821792,0.091821792,0.0,154.1678,0.0,0.0,0.0,0.0,0.0,0.0,-1.5707964,0.0
1970-01-01 00:00:00.092086070,0.09208607,0.0,0.0,0.0,0.0,301.0867,0.0,0.0,0.0,-1.5707964,0.0
1970-01-01 00:00:00.092185576,0.092185576,0.0,0.0,0.0,0.0,528.2909,0.0,0.0,0.0,-1.5707964,0.0
1970-01-01 00:00:00.092218037,0.092218037,0.0,0.0,0.0,0.0,178.39876,0.0,0.0,0.0,-1.5707964,0.0
1970-01-01 00:00:00.092389822,0.092389822,0.0,0.0,0.0,0.0,248.32619,0.0,0.0,0.0,-1.5707964,0.0
1970-01-01 00:00:00.092796468,0.092796468,0.0,0.0,0.0,0.0,124.954475,0.0,0.0,0.0,-1.5707964,0.0
1970-01-01 00:00:00.092944402,0.092944402,0.0,0.0,0.0,0.0,281.81525,0.0,0.0,0.0,-1.5707964,0.0
1970-01-01 00:00:00.092978779,0.092978779,0.0,0.0,0.0,0.0,112.395065,0.0,0.0,0.0,-1.5707964,0.0
1970-01-01 00:00:00.092990356,0.092990356,0.0,0.0,0.0,0.0,356.15033,0.0,0.0,0.0,-1.5707964,0.0
1970-01-01 00:00:00.093032405,0.093032405,0.0,0.0,0.0,0.0,148.47299,0.0,0.0,0.0,-1.5707964,0.0
1970-01-01 00:00:00.093362053,0.093362053,0.0,0.0,0.0,0.0,638.3775,0.0,0.0,0.0,-1.5707964,0.0
1970-01-01 00:00:00.093453616,0.093453616,0.0,0.0,0.0,0.0,156.67456,0.0,0.0,0.0,-1.5707964,0.0
1970-01-01 00:00:00.093494077,0.093494077,0.0,0.0,0.0,199.33055,0.0,0.0,0.0,0.0,-1.5707964,0.0
1970-01-01 00:00:00.093497523,0.093497523,0.0,0.0,0.0,154.75983,0.0,0.0,0.0,0.0,-1.5707964,0.0
1970-01-01 00:00:00.093501165,0.093501165,0.0,0.0,385.7608,0.0,0.0,0.0,0.0,0.0,-1.5707964,0.0
1970-01-01 00:00:00.093591309,0.093591309,0.0,0.0,0.0,0.0,231.00893,0.0,0.0,0.0,-1.5707964,0.0
1970-01-01 00:00:00.093600045,0.093600045,0.0,0.0,0.0,0.0,209.70276,0.0,0.0,0.0,-1.5707964,0.0
1970-01-01 00:00:00.093737450,0.09373745,0.0,145.43329,0.0,0.0,0.0,0.0,0.0,0.0,-1.5707964,0.0
1970-01-01 00:00:00.093827435,0.093827435,0.0,0.0,0.0,0.0,100.690765,0.0,0.0,0.0,-1.5707964,0.0
1970-01-01 00:00:00.093837020,0.09383702,0.0,0.0,0.0,0.0,84.54521,0.0,0.0,0.0,-1.5707964,0.0
1970-01-01 00:00:00.093917088,0.093917088,0.0,0.0,0.0,0.0,145.97179,0.0,0.0,0.0,-1.5707964,0.0
1970-01-01 00:00:00.094049194,0.094049194,0.0,0.0,0.0,0.0,291.14688,0.0,0.0,0.0,-1.5707964,0.0
1970-01-01 00:00:00.094110629,0.094110629,0.0,0.0,146.05333,0.0,0.0,0.0,0.0,0.0,-1.5707964,0.0
1970-01-01 00:00:00.094159365,0.094159365,0.0,0.0,0.0,0.0,516.88116,0.0,0.0,0.0,-1.5707964,0.0
1970-01-01 00:00:00.094162509,0.094162509,0.0,0.0,0.0,0.0,339.7386,0.0,0.0,0.0,-1.5707964,0.0
1970-01-01 00:00:00.094208291,0.094208291,0.0,0.0,0.0,0.0,0.0,109.67667,0.0,0.0,-1.5707964,0.0
1970-01-01 00:00:00.094367857,0.094367857,0.0,0.0,0.0,102.56966,0.0,0.0,0.0,0.0,-1.5707964,0.0
1970-01-01 00:00:00.094398987,0.094398987,0.0,0.0,0.0,163.55455,0.0,0.0,0.0,0.0,-1.5707964,0.0
1970-01-01 00:00:00.094451416,0.094451416,0.0,0.0,0.0,0.0,0.0,403.20245,0.0,0.0,-1.5707964,0.0
1970-01-01 00:00:00.094464663,0.094464663,0.0,0.0,0.0,0.0,0.0,125.75122,0.0,0.0,-1.5707964,0.0
1970-01-01 00:00:00.094546114,0.094546114,0.0,0.0,0.0,0.0,796.5199,0.0,0.0,0.0,-1.5707964,0.0
1970-01-01 00:00:00.094593313,0.094593313,0.0,0.0,0.0,0.0,106.2107,0.0,0.0,0.0,-1.5707964,0.0
1970-01-01 00:00:00.094712851,0.094712851,0.0,0.0,0.0,0.0,0.0,472.55832,0.0,0.0,-1.5707964,0.0
1970-01-01 00:00:00.094883175,0.094883175,0.0,0.0,0.0,0.0,0.0,177.94138,0.0,0.0,-1.5707964,0.0
1970-01-01 00:00:00.095021765,0.095021765,0.0,0.0,0.0,0.0,0.0,191.49643,0.0,0.0,-1.5707964,0.0
1970-01-01 00:00:00.095141964,0.095141964,0.0,0.0,0.0,0.0,0.0,150.87323,0.0,0.0,-1.5707964,0.0
1970-01-01 00:00:00.095378049,0.095378049,0.0,95.717575,0.0,0.0,0.0,0.0,0.0,0.0,-1.5707964,0.0
1970-01-01 00:00:00.095668165,0.095668165,0.0,0.0,0.0,0.0,124.7721,0.0,0.0,0.0,-1.5707964,0.0
1970-01-01 00:00:00.095786337,0.095786337,0.0,0.0,245.88971,0.0,0.0,0.0,0.0,0.0,-1.5707964,0.0
1970-01-01 00:00:00.095846975,0.095846975,0.0,0.0,0.0,0.0,0.0,426.5214,0.0,0.0,-1.5707964,0.0
1970-01-01 00:00:00.095974078,0.095974078,0.0,0.0,0.0,0.0,535.6908,0.0,0.0,0.0,-1.5707964,0.0
1970-01-01 00:00:00.096077511,0.096077511,0.0,0.0,0.0,0.0,107.512245,0.0,0.0,0.0,-1.5707964,0.0
1970-01-01 00:00:00.096192961,0.096192961,0.0,0.0,0.0,0.0,367.82077,0.0,0.0,0.0,-1.5707964,0.0
1970-01-01 00:00:00.096249693,0.096249693,0.0,0.0,0.0,0.0,131.58868,0.0,0.0,0.0,-1.5707964,0.0
1970-01-01 00:00:00.096350041,0.096350041,0.0,0.0,0.0,0.0,108.05925,0.0,0.0,0.0,-1.5707964,0.0
1970-01-01 00:00:00.096467767,0.096467767,0.0,82.63218,0.0,0.0,0.0,0.0,0.0,0.0,-1.5707964,0.0
1970-01-01 00:00:00.096500188,0.096500188,0.0,0.0,0.0,0.0,444.38214,0.0,0.0,0.0,-1.5707964,0.0
1970-01-01 00:00:00.096619042,0.096619042,0.0,0.0,0.0,84.44944,0.0,0.0,0.0,0.0,-1.5707964,0.0
1970-01-01 00:00:00.096644698,0.096644698,0.0,0.0,0.0,0.0,396.85553,0.0,0.0,0.0,-1.5707964,0.0
1970-01-01 00:00:00.096822666,0.096822666,0.0,0.0,0.0,0.0,0.0,202.29103,0.0,0.0,-1.5707964,0.0
1970-01-01 00:00:00.096834421,0.096834421,0.0,0.0,0.0,0.0,95.471855,0.0,0.0,0.0,-1.5707964,0.0
1970-01-01 00:00:00.096950454,0.096950454,0.0,0.0,0.0,0.0,144.86313,0.0,0.0,0.0,-1.5707964,0.0
1970-01-01 00:00:00.097014603,0.097014603,0.0,0.0,0.0,0.0,267.80713,0.0,0.0,0.0,-1.5707964,0.0
1970-01-01 00:00:00.097032904,0.097032904,0.0,0.0,0.0,476.20178,0.0,0.0,0.0,0.0,-1.5707964,0.0
1970-01-01 00:00:00.097042737,0.097042737,0.0,0.0,0.0,0.0,803.0338,0.0,0.0,0.0,-1.5707964,0.0
1970-01-01 00:00:00.097111294,0.097111294,0.0,0.0,0.0,159.37178,0.0,0.0,0.0,0.0,-1.5707964,0.0
1970-01-01 00:00:00.097114109,0.097114109,0.0,0.0,0.0,0.0,205.16162,0.0,0.0,0.0,-1.5707964,0.0
1970-01-01 00:00:00.097272219,0.097272219,0.0,153.77153,0.0,0.0,0.0,0.0,0.0,0.0,-1.5707964,0.0
1970-01-01 00:00:00.097353386,0.097353386,0.0,140.80658,0.0,0.0,0.0,0.0,0.0,0.0,-1.5707964,0.0
1970-01-01 00:00:00.097480780,0.09748078,0.0,0.0,0.0,0.0,401.80716,0.0,0.0,0.0,-1.5707964,0.0
1970-01-01 00:00:00.097645790,0.09764579,0.0,0.0,128.3202,0.0,0.0,0.0,0.0,0.0,-1.5707964,0.0
1970-01-01 00:00:00.097850495,0.097850495,0.0,0.0,0.0,0.0,140.2316,0.0,0.0,0.0,-1.5707964,0.0
1970-01-01 00:00:00.097851955,0.097851955,0.0,0.0,0.0,0.0,502.98044,0.0,0.0,0.0,-1.5707964,0.0
1970-01-01 00:00:00.097987046,0.097987046,0.0,0.0,169.0559,0.0,0.0,0.0,0.0,0.0,-1.5707964,0.0
1970-01-01 00:00:00.098126661,0.098126661,0.0,81.39796,0.0,0.0,0.0,0.0,0.0,0.0,-1.5707964,0.0
1970-01-01 00:00:00.098388912,0.098388912,0.0,0.0,0.0,0.0,282.9852,0.0,0.0,0.0,-1.5707964,0.0
1970-01-01 00:00:00.098438151,0.098438151,0.0,0.0,0.0,0.0,227.86087,0.0,0.0,0.0,-1.5707964,0.0
1970-01-01 00:00:00.098617252,0.098617252,0.0,0.0,0.0,0.0,635.1727,0.0,0.0,0.0,-1.5707964,0.0
1970-01-01 00:00:00.098664940,0.09866494,0.0,0.0,0.0,0.0,501.78894,0.0,0.0,0.0,-1.5707964,0.0
1970-01-01 00:00:00.098680951,0.098680951,0.0,0.0,0.0,0.0,125.24142,0.0,0.0,0.0,-1.5707964,0.0
1970-01-01 00:00:00.098715583,0.098715583,0.0,0.0,0.0,0.0,85.03276,0.0,0.0,0.0,-1.5707964,0.0
1970-01-01 00:00:00.098756533,0.098756533,0.0,0.0,0.0,0.0,170.31061,0.0,0.0,0.0,-1.5707964,0.0
1970-01-01 00:00:00.098914892,0.098914892,0.0,0.0,0.0,269.28842,0.0,0.0,0.0,0.0,-1.5707964,0.0
1970-01-01 00:00:00.099309387,0.099309387,0.0,0.0,0.0,0.0,0.0,193.75111,0.0,0.0,-1.5707964,0.0
1970-01-01 00:00:00.099314764,0.099314764,0.0,0.0,0.0,194.88159,0.0,0.0,0.0,0.0,-1.5707964,0.0
1970-01-01 00:00:00.099418002,0.099418002,0.0,0.0,194.72757,0.0,0.0,0.0,0.0,0.0,-1.5707964,0.0
1970-01-01 00:00:00.099418002,0.099418002,0.0,0.0,0.0,0.0,168.47067,0.0,0.0,0.0,-1.5707964,0.0
1970-01-01 00:00:00.099441962,0.099441962,0.0,0.0,0.0,80.835205,0.0,0.0,0.0,0.0,-1.5707964,0.0
1970-01-01 00:00:00.099477031,0.099477031,81.50138,0.0,0.0,0.0,0.0,0.0,0.0,0.0,-1.5707964,0.0
1970-01-01 00:00:00.099518905,0.099518905,0.0,0.0,0.0,0.0,0.0,131.21568,0.0,0.0,-1.5707964,0.0
1970-01-01 00:00:00.099554860,0.09955486,0.0,0.0,99.69573,0.0,0.0,0.0,0.0,0.0,-1.5707964,0.0
1970-01-01 00:00:00.099632663,0.099632663,0.0,0.0,96.18647,0.0,0.0,0.0,0.0,0.0,-1.5707964,0.0
1970-01-01 00:00:00.099711591,0.099711591,0.0,0.0,0.0,0.0,155.96559,0.0,0.0,0.0,-1.5707964,0.0
1970-01-01 00:00:00.099773292,0.099773292,0.0,0.0,0.0,0.0,152.94907,0.0,0.0,0.0,-1.5707964,0.0
1970-01-01 00:00:00.099885319,0.099885319,0.0,0.0,0.0,0.0,81.24176,0.0,0.0,0.0,-1.5707964,0.0
1970-01-01 00:00:00.099926036,0.099926036,0.0,0.0,0.0,0.0,124.16359,0.0,0.0,0.0,-1.5707964,0.0
1970-01-01 00:00:00.100118033,0.100118033,0.0,0.0,0.0,0.0,89.42329,0.0,0.0,0.0,-1.5707964,0.0
1970-01-01 00:00:00.100401627,0.100401627,0.0,0.0,0.0,0.0,179.29749,0.0,0.0,0.0,-1.5707964,0.0
1970-01-01 00:00:00.100442959,0.100442959,0.0,196.7109,0.0,0.0,0.0,0.0,0.0,0.0,-1.5707964,0.0
1970-01-01 00:00:00.100653735,0.100653735,0.0,0.0,0.0,0.0,87.94927,0.0,0.0,0.0,-1.5707964,0.0
1970-01-01 00:00:00.100814226,0.100814226,0.0,0.0,169.43143,0.0,0.0,0.0,0.0,0.0,-1.5707964,0.0
1970-01-01 00:00:00.101048587,0.101048587,0.0,0.0,0.0,0.0,0.0,459.4091,0.0,0.0,-1.5707964,0.0
1970-01-01 00:00:00.101086387,0.101086387,0.0,0.0,0.0,310.4118,0.0,0.0,0.0,0.0,-1.5707964,0.0
1970-01-01 00:00:00.101524316,0.101524316,0.0,0.0,0.0,0.0,170.51498,0.0,0.0,0.0,-1.5707964,0.0
1970-01-01 00:00:00.101834915,0.101834915,0.0,0.0,0.0,0.0,0.0,639.7462,0.0,0.0,-1.5707964,0.0
1970-01-01 00:00:00.101857780,0.10185778,0.0,0.0,206.6309,0.0,0.0,0.0,0.0,0.0,-1.5707964,0.0
1970-01-01 00:00:00.102005577,0.102005577,0.0,0.0,0.0,121.954605,0.0,0.0,0.0,0.0,-1.5707964,0.0
1970-01-01 00:00:00.102036723,0.102036723,0.0,0.0,0.0,81.81224,0.0,0.0,0.0,0.0,-1.5707964,0.0
1970-01-01 00:00:00.102293679,0.102293679,122.32719,0.0,0.0,0.0,0.0,0.0,0.0,0.0,-1.5707964,0.0
1970-01-01 00:00:00.102293679,0.102293679,594.4372,0.0,0.0,0.0,0.0,0.0,0.0,0.0,-1.5707964,0.0
1970-01-01 00:00:00.102731570,0.10273157,0.0,104.657646,0.0,0.0,0.0,0.0,0.0,0.0,-1.5707964,0.0
1970-01-01 00:00:00.102817204,0.102817204,0.0,0.0,276.2671,0.0,0.0,0.0,0.0,0.0,-1.5707964,0.0
1970-01-01 00:00:00.102863252,0.102863252,0.0,0.0,0.0,178.21794,0.0,0.0,0.0,0.0,-1.5707964,0.0
1970-01-01 00:00:00.102918930,0.10291893,0.0,0.0,0.0,0.0,407.13495,0.0,0.0,0.0,-1.5707964,0.0
1970-01-01 00:00:00.102930159,0.102930159,98.86708,0.0,0.0,0.0,0.0,0.0,0.0,0.0,-1.5707964,0.0
1970-01-01 00:00:00.102981280,0.10298128,0.0,0.0,0.0,0.0,97.8087,0.0,0.0,0.0,-1.5707964,0.0
1970-01-01 00:00:00.103124677,0.103124677,0.0,0.0,0.0,0.0,82.24054,0.0,0.0,0.0,-1.5707964,0.0
1970-01-01 00:00:00.103187950,0.10318795,0.0,0.0,92.245026,0.0,0.0,0.0,0.0,0.0,-1.5707964,0.0
1970-01-01 00:00:00.103463035,0.103463035,0.0,0.0,420.39352,0.0,0.0,0.0,0.0,0.0,-1.5707964,0.0
1970-01-01 00:00:00.103742619,0.103742619,0.0,0.0,0.0,0.0,286.21,0.0,0.0,0.0,-1.5707964,0.0
1970-01-01 00:00:00.104221598,0.104221598,0.0,0.0,0.0,525.1639,0.0,0.0,0.0,0.0,-1.5707964,0.0
1970-01-01 00:00:00.104342032,0.104342032,0.0,0.0,320.28174,0.0,0.0,0.0,0.0,0.0,-1.5707964,0.0
1970-01-01 00:00:00.104358355,0.104358355,0.0,0.0,0.0,0.0,0.0,86.12806,0.0,0.0,-1.5707964,0.0
1970-01-01 00:00:00.104397918,0.104397918,454.7007,0.0,0.0,0.0,0.0,0.0,0.0,0.0,-1.5707964,0.0
1970-01-01 00:00:00.104714705,0.104714705,0.0,569.27936,0.0,0.0,0.0,0.0,0.0,0.0,-1.5707964,0.0
1970-01-01 00:00:00.104813156,0.104813156,0.0,0.0,0.0,0.0,0.0,225.27643,0.0,0.0,-1.5707964,0.0
1970-01-01 00:00:00.104928527,0.104928527,0.0,0.0,1518.1079,0.0,0.0,0.0,0.0,0.0,-1.5707964,0.0
1970-01-01 00:00:00.104993710,0.10499371,0.0,0.0,0.0,0.0,169.6536,0.0,0.0,0.0,-1.5707964,0.0
1970-01-01 00:00:00.105109566,0.105109566,0.0,0.0,0.0,0.0,203.28842,0.0,0.0,0.0,-1.5707964,0.0
1970-01-01 00:00:00.105245468,0.105245468,0.0,0.0,0.0,0.0,88.57752,0.0,0.0,0.0,-1.5707964,0.0
1970-01-01 00:00:00.105649686,0.105649686,0.0,0.0,218.5039,0.0,0.0,0.0,0.0,0.0,-1.5707964,0.0
1970-01-01 00:00:00.105995543,0.105995543,99.36353,0.0,0.0,0.0,0.0,0.0,0.0,0.0,-1.5707964,0.0
1970-01-01 00:00:00.105998544,0.105998544,0.0,0.0,0.0,0.0,0.0,555.4326,0.0,0.0,-1.5707964,0.0
1970-01-01 00:00:00.106199816,0.106199816,0.0,0.0,0.0,104.02392,0.0,0.0,0.0,0.0,-1.5707964,0.0
1970-01-01 00:00:00.106255552,0.106255552,0.0,0.0,0.0,0.0,436.6843,0.0,0.0,0.0,-1.5707964,0.0
1970-01-01 00:00:00.106314705,0.106314705,0.0,0.0,0.0,0.0,85.46811,0.0,0.0,0.0,-1.5707964,0.0
1970-01-01 00:00:00.106389485,0.106389485,0.0,0.0,0.0,0.0,334.13776,0.0,0.0,0.0,-1.5707964,0.0
1970-01-01 00:00:00.106526952,0.106526952,0.0,0.0,0.0,0.0,0.0,192.09607,0.0,0.0,-1.5707964,0.0
1970-01-01 00:00:00.106662602,0.106662602,0.0,0.0,0.0,0.0,884.95667,0.0,0.0,0.0,-1.5707964,0.0
1970-01-01 00:00:00.106687294,0.106687294,0.0,0.0,0.0,195.54004,0.0,0.0,0.0,0.0,-1.5707964,0.0
1970-01-01 00:00:00.106937333,0.106937333,0.0,0.0,0.0,1032.0723,0.0,0.0,0.0,0.0,-1.5707964,0.0
1970-01-01 00:00:00.107014719,0.107014719,0.0,0.0,139.6937,0.0,0.0,0.0,0.0,0.0,-1.5707964,0.0
1970-01-01 00:00:00.107180360,0.10718036,0.0,479.58392,0.0,0.0,0.0,0.0,0.0,0.0,-1.5707964,0.0
1970-01-01 00:00:00.107629843,0.107629843,0.0,84.32712,0.0,0.0,0.0,0.0,0.0,0.0,-1.5707964,0.0
1970-01-01 00:00:00.107632436,0.107632436,0.0,0.0,0.0,0.0,92.87327,0.0,0.0,0.0,-1.5707964,0.0
1970-01-01 00:00:00.107858455,0.107858455,0.0,0.0,0.0,0.0,270.2112,0.0,0.0,0.0,-1.5707964,0.0
1970-01-01 00:00:00.107903913,0.107903913,0.0,0.0,0.0,0.0,161.66656,0.0,0.0,0.0,-1.5707964,0.0
1970-01-01 00:00:00.108470139,0.108470139,0.0,0.0,0.0,0.0,0.0,83.41829,0.0,0.0,-1.5707964,0.0
1970-01-01 00:00:00.108532400,0.1085324,0.0,0.0,0.0,0.0,0.0,306.65686,0.0,0.0,-1.5707964,0.0
1970-01-01 00:00:00.108543776,0.108543776,0.0,121.907936,0.0,0.0,0.0,0.0,0.0,0.0,-1.5707964,0.0
1970-01-01 00:00:00.108688462,0.108688462,0.0,0.0,0.0,0.0,126.89625,0.0,0.0,0.0,-1.5707964,0.0
1970-01-01 00:00:00.108754588,0.108754588,0.0,0.0,0.0,0.0,662.5395,0.0,0.0,0.0,-1.5707964,0.0
1970-01-01 00:00:00.108813956,0.108813956,0.0,391.9977,0.0,0.0,0.0,0.0,0.0,0.0,-1.5707964,0.0
1970-01-01 00:00:00.108813956,0.108813956,0.0,0.0,0.0,0.0,94.43845,0.0,0.0,0.0,-1.5707964,0.0
1970-01-01 00:00:00.108813956,0.108813956,0.0,0.0,0.0,351.43466,0.0,0.0,0.0,0.0,-1.5707964,0.0
1970-01-01 00:00:00.108845725,0.108845725,0.0,0.0,0.0,700.74615,0.0,0.0,0.0,0.0,-1.5707964,0.0
1970-01-01 00:00:00.108941032,0.108941032,0.0,0.0,0.0,0.0,232.16417,0.0,0.0,0.0,-1.5707964,0.0
1970-01-01 00:00:00.108941032,0.108941032,0.0,0.0,0.0,0.0,0.0,617.51855,0.0,0.0,-1.5707964,0.0
1970-01-01 00:00:00.108943030,0.10894303,0.0,0.0,0.0,0.0,200.86128,0.0,0.0,0.0,-1.5707964,0.0
1970-01-01 00:00:00.108977056,0.108977056,0.0,0.0,730.1425,0.0,0.0,0.0,0.0,0.0,-1.5707964,0.0
1970-01-01 00:00:00.109304090,0.10930409,0.0,0.0,0.0,0.0,191.04556,0.0,0.0,0.0,-1.5707964,0.0
1970-01-01 00:00:00.109464365,0.109464365,0.0,0.0,0.0,300.29526,0.0,0.0,0.0,0.0,-1.5707964,0.0
1970-01-01 00:00:00.109493464,0.109493464,0.0,0.0,0.0,0.0,0.0,315.60718,0.0,0.0,-1.5707964,0.0
1970-01-01 00:00:00.109499101,0.109499101,0.0,0.0,0.0,0.0,316.477,0.0,0.0,0.0,-1.5707964,0.0
1970-01-01 00:00:00.109701114,0.109701114,0.0,0.0,0.0,0.0,88.43777,0.0,0.0,0.0,-1.5707964,0.0
1970-01-01 00:00:00.109978483,0.109978483,0.0,0.0,0.0,0.0,0.0,245.5556,0.0,0.0,-1.5707964,0.0
1970-01-01 00:00:00.110085037,0.110085037,0.0,0.0,0.0,0.0,0.0,320.49487,0.0,0.0,-1.5707964,0.0
1970-01-01 00:00:00.110158219,0.110158219,0.0,0.0,0.0,0.0,298.10803,0.0,0.0,0.0,-1.5707964,0.0
1970-01-01 00:00:00.110205479,0.110205479,0.0,0.0,0.0,0.0,394.00958,0.0,0.0,0.0,-1.5707964,0.0
1970-01-01 00:00:00.110229175,0.110229175,0.0,0.0,0.0,0.0,0.0,377.02353,0.0,0.0,-1.5707964,0.0
1970-01-01 00:00:00.110241267,0.110241267,0.0,0.0,0.0,0.0,407.4938,0.0,0.0,0.0,-1.5707964,0.0
1970-01-01 00:00:00.110314458,0.110314458,0.0,0.0,0.0,0.0,175.94064,0.0,0.0,0.0,-1.5707964,0.0
1970-01-01 00:00:00.110379158,0.110379158,0.0,0.0,118.57069,0.0,0.0,0.0,0.0,0.0,-1.5707964,0.0
1970-01-01 00:00:00.110516266,0.110516266,0.0,0.0,174.8263,0.0,0.0,0.0,0.0,0.0,-1.5707964,0.0
1970-01-01 00:00:00.110583117,0.110583117,0.0,175.9887,0.0,0.0,0.0,0.0,0.0,0.0,-1.5707964,0.0
1970-01-01 00:00:00.110647814,0.110647814,0.0,0.0,0.0,0.0,0.0,279.7309,0.0,0.0,-1.5707964,0.0
1970-01-01 00:00:00.110865021,0.110865021,0.0,0.0,0.0,0.0,131.48209,0.0,0.0,0.0,-1.5707964,0.0
1970-01-01 00:00:00.110987941,0.110987941,0.0,0.0,0.0,0.0,262.55542,0.0,0.0,0.0,-1.5707964,0.0
1970-01-01 00:00:00.111057100,0.1110571,0.0,0.0,0.0,0.0,0.0,141.65686,0.0,0.0,-1.5707964,0.0
1970-01-01 00:00:00.111068166,0.111068166,139.76375,0.0,0.0,0.0,0.0,0.0,0.0,0.0,-1.5707964,0.0
1970-01-01 00:00:00.111178033,0.111178033,0.0,0.0,0.0,0.0,134.77547,0.0,0.0,0.0,-1.5707964,0.0
1970-01-01 00:00:00.111206651,0.111206651,0.0,147.73087,0.0,0.0,0.0,0.0,0.0,0.0,-1.5707964,0.0
1970-01-01 00:00:00.111222415,0.111222415,0.0,0.0,0.0,0.0,0.0,263.33875,0.0,0.0,-1.5707964,0.0
1970-01-01 00:00:00.111243613,0.111243613,0.0,0.0,0.0,0.0,804.9499,0.0,0.0,0.0,-1.5707964,0.0
1970-01-01 00:00:00.111283673,0.111283673,0.0,0.0,0.0,0.0,364.5749,0.0,0.0,0.0,-1.5707964,0.0
1970-01-01 00:00:00.111322464,0.111322464,0.0,0.0,0.0,0.0,195.77155,0.0,0.0,0.0,-1.5707964,0.0
1970-01-01 00:00:00.111379963,0.111379963,0.0,0.0,0.0,0.0,98.903915,0.0,0.0,0.0,-1.5707964,0.0
1970-01-01 00:00:00.111426031,0.111426031,0.0,0.0,556.8204,0.0,0.0,0.0,0.0,0.0,-1.5707964,0.0
1970-01-01 00:00:00.111427410,0.11142741,0.0,103.15484,0.0,0.0,0.0,0.0,0.0,0.0,-1.5707964,0.0
1970-01-01 00:00:00.111482977,0.111482977,229.13605,0.0,0.0,0.0,0.0,0.0,0.0,0.0,-1.5707964,0.0
1970-01-01 00:00:00.111551492,0.111551492,0.0,0.0,0.0,0.0,0.0,462.51038,0.0,0.0,-1.5707964,0.0
1970-01-01 00:00:00.111590546,0.111590546,0.0,0.0,0.0,0.0,152.9813,0.0,0.0,0.0,-1.5707964,0.0
1970-01-01 00:00:00.111656357,0.111656357,0.0,0.0,0.0,0.0,521.5876,0.0,0.0,0.0,-1.5707964,0.0
1970-01-01 00:00:00.111804605,0.111804605,0.0,145.4796,0.0,0.0,0.0,0.0,0.0,0.0,-1.5707964,0.0
1970-01-01 00:00:00.111809109,0.111809109,0.0,0.0,0.0,0.0,974.9294,0.0,0.0,0.0,-1.5707964,0.0
1970-01-01 00:00:00.111838211,0.111838211,0.0,0.0,0.0,0.0,220.32582,0.0,0.0,0.0,-1.5707964,0.0
1970-01-01 00:00:00.111871343,0.111871343,0.0,0.0,0.0,0.0,397.84344,0.0,0.0,0.0,-1.5707964,0.0
1970-01-01 00:00:00.111992597,0.111992597,0.0,0.0,0.0,193.49712,0.0,0.0,0.0,0.0,-1.5707964,0.0
1970-01-01 00:00:00.112054419,0.112054419,0.0,0.0,0.0,0.0,0.0,373.30573,0.0,0.0,-1.5707964,0.0
1970-01-01 00:00:00.112057755,0.112057755,0.0,0.0,87.9152,0.0,0.0,0.0,0.0,0.0,-1.5707964,0.0
1970-01-01 00:00:00.112240807,0.112240807,0.0,0.0,165.31673,0.0,0.0,0.0,0.0,0.0,-1.5707964,0.0
1970-01-01 00:00:00.112275052,0.112275052,153.012,0.0,0.0,0.0,0.0,0.0,0.0,0.0,-1.5707964,0.0
1970-01-01 00:00:00.112343766,0.112343766,0.0,0.0,0.0,0.0,128.12704,0.0,0.0,0.0,-1.5707964,0.0
1970-01-01 00:00:00.112484704,0.112484704,0.0,0.0,0.0,0.0,118.36814,0.0,0.0,0.0,-1.5707964,0.0
1970-01-01 00:00:00.112484704,0.112484704,0.0,0.0,0.0,0.0,0.0,1463.1865,0.0,0.0,-1.5707964,0.0
1970-01-01 00:00:00.112573356,0.112573356,0.0,0.0,555.6907,0.0,0.0,0.0,0.0,0.0,-1.5707964,0.0
1970-01-01 00:00:00.112603818,0.112603818,0.0,0.0,0.0,0.0,0.0,148.72214,0.0,0.0,-1.5707964,0.0
1970-01-01 00:00:00.112652456,0.112652456,0.0,0.0,166.20912,0.0,0.0,0.0,0.0,0.0,-1.5707964,0.0
1970-01-01 00:00:00.112727064,0.112727064,0.0,0.0,0.0,433.16266,0.0,0.0,0.0,0.0,-1.5707964,0.0
1970-01-01 00:00:00.112833383,0.112833383,0.0,0.0,0.0,841.2098,0.0,0.0,0.0,0.0,-1.5707964,0.0
1970-01-01 00:00:00.112889781,0.112889781,0.0,0.0,0.0,0.0,89.6137,0.0,0.0,0.0,-1.5707964,0.0
1970-01-01 00:00:00.112963641,0.112963641,0.0,0.0,0.0,0.0,0.0,632.5371,0.0,0.0,-1.5707964,0.0
1970-01-01 00:00:00.113175303,0.113175303,0.0,216.03523,0.0,0.0,0.0,0.0,0.0,0.0,-1.5707964,0.0
1970-01-01 00:00:00.113429010,0.11342901,0.0,993.7329,0.0,0.0,0.0,0.0,0.0,0.0,-1.5707964,0.0
1970-01-01 00:00:00.113749935,0.113749935,0.0,0.0,0.0,0.0,0.0,389.30588,0.0,0.0,-1.5707964,0.0
1970-01-01 00:00:00.113809553,0.113809553,0.0,0.0,791.1429,0.0,0.0,0.0,0.0,0.0,-1.5707964,0.0
1970-01-01 00:00:00.113829582,0.113829582,0.0,0.0,0.0,0.0,130.90897,0.0,0.0,0.0,-1.5707964,0.0
1970-01-01 00:00:00.113895804,0.113895804,0.0,0.0,0.0,222.32487,0.0,0.0,0.0,0.0,-1.5707964,0.0
1970-01-01 00:00:00.113970077,0.113970077,0.0,204.56651,0.0,0.0,0.0,0.0,0.0,0.0,-1.5707964,0.0
1970-01-01 00:00:00.113970293,0.113970293,0.0,0.0,0.0,0.0,314.35684,0.0,0.0,0.0,-1.5707964,0.0
1970-01-01 00:00:00.114016539,0.114016539,0.0,0.0,0.0,0.0,659.8893,0.0,0.0,0.0,-1.5707964,0.0
1970-01-01 00:00:00.114016539,0.114016539,0.0,0.0,0.0,0.0,169.3626,0.0,0.0,0.0,-1.5707964,0.0
1970-01-01 00:00:00.114118526,0.114118526,0.0,0.0,0.0,99.11635,0.0,0.0,0.0,0.0,-1.5707964,0.0
1970-01-01 00:00:00.114145202,0.114145202,0.0,0.0,0.0,117.15264,0.0,0.0,0.0,0.0,-1.5707964,0.0
1970-01-01 00:00:00.114184930,0.11418493,0.0,0.0,0.0,0.0,151.01765,0.0,0.0,0.0,-1.5707964,0.0
1970-01-01 00:00:00.114185298,0.114185298,0.0,0.0,0.0,0.0,354.88214,0.0,0.0,0.0,-1.5707964,0.0
1970-01-01 00:00:00.114186220,0.11418622,0.0,0.0,0.0,0.0,0.0,113.160576,0.0,0.0,-1.5707964,0.0
1970-01-01 00:00:00.114191256,0.114191256,0.0,0.0,0.0,0.0,487.93185,0.0,0.0,0.0,-1.5707964,0.0
1970-01-01 00:00:00.114234524,0.114234524,0.0,845.91437,0.0,0.0,0.0,0.0,0.0,0.0,-1.5707964,0.0
1970-01-01 00:00:00.114366333,0.114366333,0.0,0.0,0.0,0.0,331.91116,0.0,0.0,0.0,-1.5707964,0.0
1970-01-01 00:00:00.114406719,0.114406719,0.0,0.0,0.0,91.365875,0.0,0.0,0.0,0.0,-1.5707964,0.0
1970-01-01 00:00:00.114418592,0.114418592,0.0,0.0,0.0,0.0,133.57568,0.0,0.0,0.0,-1.5707964,0.0
1970-01-01 00:00:00.114527129,0.114527129,0.0,0.0,0.0,0.0,572.30835,0.0,0.0,0.0,-1.5707964,0.0
1970-01-01 00:00:00.114541292,0.114541292,0.0,0.0,0.0,0.0,471.81668,0.0,0.0,0.0,-1.5707964,0.0
1970-01-01 00:00:00.114601459,0.114601459,0.0,0.0,0.0,0.0,0.0,122.03309,0.0,0.0,-1.5707964,0.0
1970-01-01 00:00:00.114728637,0.114728637,0.0,0.0,0.0,0.0,133.72762,0.0,0.0,0.0,-1.5707964,0.0
1970-01-01 00:00:00.114792078,0.114792078,0.0,0.0,0.0,0.0,158.10205,0.0,0.0,0.0,-1.5707964,0.0
1970-01-01 00:00:00.114874253,0.114874253,0.0,0.0,552.57837,0.0,0.0,0.0,0.0,0.0,-1.5707964,0.0
1970-01-01 00:00:00.115031843,0.115031843,0.0,0.0,0.0,0.0,80.49821,0.0,0.0,0.0,-1.5707964,0.0
1970-01-01 00:00:00.115234106,0.115234106,0.0,0.0,0.0,0.0,474.52206,0.0,0.0,0.0,-1.5707964,0.0
1970-01-01 00:00:00.115304712,0.115304712,0.0,0.0,352.95474,0.0,0.0,0.0,0.0,0.0,-1.5707964,0.0
1970-01-01 00:00:00.115304712,0.115304712,0.0,0.0,0.0,0.0,614.6021,0.0,0.0,0.0,-1.5707964,0.0
1970-01-01 00:00:00.115422045,0.115422045,0.0,0.0,0.0,0.0,399.466,0.0,0.0,0.0,-1.5707964,0.0
1970-01-01 00:00:00.115504506,0.115504506,0.0,0.0,0.0,0.0,157.28873,0.0,0.0,0.0,-1.5707964,0.0
1970-01-01 00:00:00.115508817,0.115508817,0.0,101.052155,0.0,0.0,0.0,0.0,0.0,0.0,-1.5707964,0.0
1970-01-01 00:00:00.115787737,0.115787737,0.0,0.0,0.0,0.0,94.58261,0.0,0.0,0.0,-1.5707964,0.0
1970-01-01 00:00:00.115811961,0.115811961,288.93393,0.0,0.0,0.0,0.0,0.0,0.0,0.0,-1.5707964,0.0
1970-01-01 00:00:00.116015714,0.116015714,0.0,0.0,199.11833,0.0,0.0,0.0,0.0,0.0,-1.5707964,0.0
1970-01-01 00:00:00.116022779,0.116022779,0.0,0.0,0.0,0.0,0.0,719.3527,0.0,0.0,-1.5707964,0.0
1970-01-01 00:00:00.116092419,0.116092419,0.0,0.0,0.0,0.0,210.97899,0.0,0.0,0.0,-1.5707964,0.0
1970-01-01 00:00:00.116296311,0.116296311,120.33497,0.0,0.0,0.0,0.0,0.0,0.0,0.0,-1.5707964,0.0
1970-01-01 00:00:00.116605059,0.116605059,0.0,0.0,0.0,0.0,0.0,2071.0925,0.0,0.0,-1.5707964,0.0
1970-01-01 00:00:00.116735426,0.116735426,0.0,0.0,122.202965,0.0,0.0,0.0,0.0,0.0,-1.5707964,0.0
1970-01-01 00:00:00.116801515,0.116801515,0.0,0.0,987.8036,0.0,0.0,0.0,0.0,0.0,-1.5707964,0.0
1970-01-01 00:00:00.117124315,0.117124315,0.0,178.15398,0.0,0.0,0.0,0.0,0.0,0.0,-1.5707964,0.0
1970-01-01 00:00:00.117132730,0.11713273,0.0,0.0,0.0,98.33127,0.0,0.0,0.0,0.0,-1.5707964,0.0
1970-01-01 00:00:00.117379420,0.11737942,0.0,0.0,0.0,0.0,147.20377,0.0,0.0,0.0,-1.5707964,0.0
1970-01-01 00:00:00.117382949,0.117382949,0.0,0.0,0.0,0.0,129.08801,0.0,0.0,0.0,-1.5707964,0.0
1970-01-01 00:00:00.117467461,0.117467461,0.0,0.0,0.0,0.0,635.62537,0.0,0.0,0.0,-1.5707964,0.0
1970-01-01 00:00:00.117548655,0.117548655,0.0,0.0,0.0,0.0,0.0,305.8562,0.0,0.0,-1.5707964,0.0
1970-01-01 00:00:00.117608823,0.117608823,0.0,0.0,0.0,0.0,256.52826,0.0,0.0,0.0,-1.5707964,0.0
1970-01-01 00:00:00.117616802,0.117616802,0.0,0.0,0.0,0.0,120.49696,0.0,0.0,0.0,-1.5707964,0.0
1970-01-01 00:00:00.117633014,0.117633014,0.0,0.0,0.0,0.0,812.4264,0.0,0.0,0.0,-1.5707964,0.0
1970-01-01 00:00:00.117721426,0.117721426,0.0,0.0,0.0,0.0,496.46094,0.0,0.0,0.0,-1.5707964,0.0
1970-01-01 00:00:00.117727491,0.117727491,361.6053,0.0,0.0,0.0,0.0,0.0,0.0,0.0,-1.5707964,0.0
1970-01-01 00:00:00.117780449,0.117780449,0.0,0.0,0.0,0.0,93.474495,0.0,0.0,0.0,-1.5707964,0.0
1970-01-01 00:00:00.118123514,0.118123514,0.0,0.0,0.0,91.558716,0.0,0.0,0.0,0.0,-1.5707964,0.0
1970-01-01 00:00:00.118160656,0.118160656,0.0,0.0,0.0,0.0,230.34662,0.0,0.0,0.0,-1.5707964,0.0
1970-01-01 00:00:00.118275607,0.118275607,0.0,0.0,0.0,0.0,931.5588,0.0,0.0,0.0,-1.5707964,0.0
1970-01-01 00:00:00.118276779,0.118276779,0.0,0.0,0.0,0.0,157.88933,0.0,0.0,0.0,-1.5707964,0.0
1970-01-01 00:00:00.118446426,0.118446426,0.0,155.8472,0.0,0.0,0.0,0.0,0.0,0.0,-1.5707964,0.0
1970-01-01 00:00:00.118751323,0.118751323,0.0,0.0,437.74176,0.0,0.0,0.0,0.0,0.0,-1.5707964,0.0
1970-01-01 00:00:00.118799872,0.118799872,0.0,0.0,0.0,0.0,0.0,429.45044,0.0,0.0,-1.5707964,0.0
1970-01-01 00:00:00.118816376,0.118816376,0.0,0.0,0.0,0.0,170.80028,0.0,0.0,0.0,-1.5707964,0.0
1970-01-01 00:00:00.118965376,0.118965376,0.0,0.0,0.0,0.0,294.5771,0.0,0.0,0.0,-1.5707964,0.0
1970-01-01 00:00:00.119366799,0.119366799,0.0,0.0,0.0,0.0,130.0583,0.0,0.0,0.0,-1.5707964,0.0
1970-01-01 00:00:00.119552893,0.119552893,0.0,0.0,0.0,0.0,0.0,561.5301,0.0,0.0,-1.5707964,0.0
1970-01-01 00:00:00.119954998,0.119954998,0.0,127.0278,0.0,0.0,0.0,0.0,0.0,0.0,-1.5707964,0.0
1970-01-01 00:00:00.119964515,0.119964515,0.0,0.0,0.0,0.0,296.21146,0.0,0.0,0.0,-1.5707964,0.0
1970-01-01 00:00:00.120090998,0.120090998,0.0,0.0,0.0,0.0,0.0,245.04048,0.0,0.0,-1.5707964,0.0
1970-01-01 00:00:00.120110923,0.120110923,0.0,0.0,0.0,0.0,509.9645,0.0,0.0,0.0,-1.5707964,0.0
1970-01-01 00:00:00.120463349,0.120463349,0.0,0.0,0.0,0.0,203.56789,0.0,0.0,0.0,-1.5707964,0.0
1970-01-01 00:00:00.120471073,0.120471073,0.0,226.81926,0.0,0.0,0.0,0.0,0.0,0.0,-1.5707964,0.0
1970-01-01 00:00:00.120552162,0.120552162,0.0,0.0,0.0,0.0,505.6513,0.0,0.0,0.0,-1.5707964,0.0
1970-01-01 00:00:00.120703634,0.120703634,0.0,0.0,267.28867,0.0,0.0,0.0,0.0,0.0,-1.5707964,0.0
1970-01-01 00:00:00.120715239,0.120715239,0.0,0.0,0.0,0.0,119.404,0.0,0.0,0.0,-1.5707964,0.0
1970-01-01 00:00:00.121115186,0.121115186,0.0,0.0,0.0,0.0,0.0,1347.2574,0.0,0.0,-1.5707964,0.0
1970-01-01 00:00:00.121260493,0.121260493,0.0,0.0,0.0,0.0,139.21161,0.0,0.0,0.0,-1.5707964,0.0
1970-01-01 00:00:00.121326919,0.121326919,0.0,136.8897,0.0,0.0,0.0,0.0,0.0,0.0,-1.5707964,0.0
1970-01-01 00:00:00.121345159,0.121345159,0.0,0.0,0.0,0.0,0.0,174.92154,0.0,0.0,-1.5707964,0.0
1970-01-01 00:00:00.121460147,0.121460147,0.0,179.76613,0.0,0.0,0.0,0.0,0.0,0.0,-1.5707964,0.0
1970-01-01 00:00:00.121468924,0.121468924,0.0,0.0,0.0,0.0,0.0,971.3953,0.0,0.0,-1.5707964,0.0
1970-01-01 00:00:00.121659649,0.121659649,0.0,0.0,195.75172,0.0,0.0,0.0,0.0,0.0,-1.5707964,0.0
1970-01-01 00:00:00.121816820,0.12181682,0.0,0.0,97.62302,0.0,0.0,0.0,0.0,0.0,-1.5707964,0.0
1970-01-01 00:00:00.121947482,0.121947482,0.0,0.0,0.0,0.0,0.0,445.38196,0.0,0.0,-1.5707964,0.0
1970-01-01 00:00:00.121976329,0.121976329,0.0,0.0,0.0,0.0,127.75764,0.0,0.0,0.0,-1.5707964,0.0
1970-01-01 00:00:00.122163965,0.122163965,0.0,0.0,0.0,0.0,95.17959,0.0,0.0,0.0,-1.5707964,0.0
1970-01-01 00:00:00.122226618,0.122226618,0.0,0.0,0.0,0.0,117.67701,0.0,0.0,0.0,-1.5707964,0.0
1970-01-01 00:00:00.122232187,0.122232187,0.0,0.0,0.0,0.0,0.0,104.16391,0.0,0.0,-1.5707964,0.0
1970-01-01 00:00:00.122362005,0.122362005,0.0,513.53125,0.0,0.0,0.0,0.0,0.0,0.0,-1.5707964,0.0
1970-01-01 00:00:00.122388560,0.12238856,0.0,0.0,0.0,0.0,250.38591,0.0,0.0,0.0,-1.5707964,0.0
1970-01-01 00:00:00.122429229,0.122429229,0.0,137.33313,0.0,0.0,0.0,0.0,0.0,0.0,-1.5707964,0.0
1970-01-01 00:00:00.122443507,0.122443507,0.0,0.0,0.0,0.0,181.4217,0.0,0.0,0.0,-1.5707964,0.0
1970-01-01 00:00:00.122469737,0.122469737,0.0,0.0,0.0,0.0,102.184975,0.0,0.0,0.0,-1.5707964,0.0
1970-01-01 00:00:00.122880593,0.122880593,0.0,0.0,0.0,0.0,539.7362,0.0,0.0,0.0,-1.5707964,0.0
1970-01-01 00:00:00.122916185,0.122916185,0.0,0.0,0.0,0.0,141.89113,0.0,0.0,0.0,-1.5707964,0.0
1970-01-01 00:00:00.123093433,0.123093433,0.0,0.0,0.0,0.0,723.3577,0.0,0.0,0.0,-1.5707964,0.0
1970-01-01 00:00:00.123109957,0.123109957,0.0,0.0,0.0,0.0,267.57578,0.0,0.0,0.0,-1.5707964,0.0
1970-01-01 00:00:00.123299458,0.123299458,0.0,0.0,0.0,0.0,633.49945,0.0,0.0,0.0,-1.5707964,0.0
1970-01-01 00:00:00.123317236,0.123317236,0.0,88.44156,0.0,0.0,0.0,0.0,0.0,0.0,-1.5707964,0.0
1970-01-01 00:00:00.123391632,0.123391632,0.0,0.0,85.848045,0.0,0.0,0.0,0.0,0.0,-1.5707964,0.0
1970-01-01 00:00:00.123416048,0.123416048,0.0,0.0,0.0,0.0,247.32149,0.0,0.0,0.0,-1.5707964,0.0
1970-01-01 00:00:00.123553181,0.123553181,0.0,0.0,0.0,0.0,87.837166,0.0,0.0,0.0,-1.5707964,0.0
1970-01-01 00:00:00.123668811,0.123668811,0.0,0.0,0.0,0.0,846.52313,0.0,0.0,0.0,-1.5707964,0.0
1970-01-01 00:00:00.123829833,0.123829833,334.3229,0.0,0.0,0.0,0.0,0.0,0.0,0.0,-1.5707964,0.0
1970-01-01 00:00:00.123981779,0.123981779,0.0,0.0,0.0,0.0,579.355,0.0,0.0,0.0,-1.5707964,0.0
1970-01-01 00:00:00.124190905,0.124190905,0.0,0.0,0.0,98.89738,0.0,0.0,0.0,0.0,-1.5707964,0.0
1970-01-01 00:00:00.124217097,0.124217097,0.0,0.0,0.0,0.0,0.0,462.26352,0.0,0.0,-1.5707964,0.0
1970-01-01 00:00:00.124257838,0.124257838,0.0,0.0,0.0,0.0,405.4406,0.0,0.0,0.0,-1.5707964,0.0
1970-01-01 00:00:00.124302927,0.124302927,0.0,0.0,0.0,0.0,289.88095,0.0,0.0,0.0,-1.5707964,0.0
1970-01-01 00:00:00.124534269,0.124534269,0.0,0.0,0.0,115.36726,0.0,0.0,0.0,0.0,-1.5707964,0.0
1970-01-01 00:00:00.124707552,0.124707552,0.0,96.79418,0.0,0.0,0.0,0.0,0.0,0.0,-1.5707964,0.0
1970-01-01 00:00:00.124838157,0.124838157,0.0,0.0,291.66208,0.0,0.0,0.0,0.0,0.0,-1.5707964,0.0
1970-01-01 00:00:00.125013249,0.125013249,0.0,0.0,0.0,0.0,117.552895,0.0,0.0,0.0,-1.5707964,0.0
1970-01-01 00:00:00.125243120,0.12524312,0.0,0.0,0.0,0.0,306.3261,0.0,0.0,0.0,-1.5707964,0.0
1970-01-01 00:00:00.125360206,0.125360206,0.0,0.0,0.0,0.0,167.3971,0.0,0.0,0.0,-1.5707964,0.0
1970-01-01 00:00:00.125547716,0.125547716,0.0,0.0,0.0,0.0,293.15338,0.0,0.0,0.0,-1.5707964,0.0
1970-01-01 00:00:00.125580469,0.125580469,0.0,0.0,0.0,0.0,390.7499,0.0,0.0,0.0,-1.5707964,0.0
1970-01-01 00:00:00.125687097,0.125687097,0.0,0.0,0.0,0.0,387.77924,0.0,0.0,0.0,-1.5707964,0.0
1970-01-01 00:00:00.125788272,0.125788272,0.0,561.3256,0.0,0.0,0.0,0.0,0.0,0.0,-1.5707964,0.0
1970-01-01 00:00:00.125802566,0.125802566,0.0,0.0,0.0,0.0,107.51768,0.0,0.0,0.0,-1.5707964,0.0
1970-01-01 00:00:00.125886890,0.12588689,0.0,0.0,0.0,1042.8053,0.0,0.0,0.0,0.0,-1.5707964,0.0
1970-01-01 00:00:00.125915027,0.125915027,0.0,0.0,466.71698,0.0,0.0,0.0,0.0,0.0,-1.5707964,0.0
1970-01-01 00:00:00.125958494,0.125958494,0.0,0.0,0.0,0.0,673.3901,0.0,0.0,0.0,-1.5707964,0.0
1970-01-01 00:00:00.126020098,0.126020098,0.0,0.0,0.0,0.0,663.5169,0.0,0.0,0.0,-1.5707964,0.0
1970-01-01 00:00:00.126049064,0.126049065,0.0,0.0,0.0,0.0,0.0,321.95447,0.0,0.0,-1.5707964,0.0
1970-01-01 00:00:00.126095611,0.126095611,0.0,0.0,0.0,0.0,282.59344,0.0,0.0,0.0,-1.5707964,0.0
1970-01-01 00:00:00.126126762,0.126126762,0.0,0.0,0.0,0.0,305.62158,0.0,0.0,0.0,-1.5707964,0.0
1970-01-01 00:00:00.126132282,0.126132282,0.0,0.0,0.0,0.0,143.30336,0.0,0.0,0.0,-1.5707964,0.0
1970-01-01 00:00:00.126207193,0.126207193,0.0,0.0,0.0,0.0,96.38133,0.0,0.0,0.0,-1.5707964,0.0
1970-01-01 00:00:00.126503043,0.126503043,0.0,0.0,0.0,0.0,0.0,332.7777,0.0,0.0,-1.5707964,0.0
1970-01-01 00:00:00.126625051,0.126625052,0.0,0.0,0.0,0.0,138.67673,0.0,0.0,0.0,-1.5707964,0.0
1970-01-01 00:00:00.126947040,0.12694704,0.0,0.0,0.0,84.34406,0.0,0.0,0.0,0.0,-1.5707964,0.0
1970-01-01 00:00:00.126986759,0.126986759,0.0,0.0,0.0,0.0,0.0,589.06274,0.0,0.0,-1.5707964,0.0
1970-01-01 00:00:00.127127182,0.127127182,0.0,0.0,0.0,0.0,0.0,105.64871,0.0,0.0,-1.5707964,0.0
1970-01-01 00:00:00.127141782,0.127141782,0.0,0.0,0.0,0.0,0.0,162.42168,0.0,0.0,-1.5707964,0.0
1970-01-01 00:00:00.127249098,0.127249098,0.0,0.0,0.0,0.0,264.69357,0.0,0.0,0.0,-1.5707964,0.0
1970-01-01 00:00:00.127299824,0.127299824,0.0,0.0,0.0,0.0,237.17197,0.0,0.0,0.0,-1.5707964,0.0
1970-01-01 00:00:00.127301097,0.127301097,0.0,106.31202,0.0,0.0,0.0,0.0,0.0,0.0,-1.5707964,0.0
1970-01-01 00:00:00.127328279,0.12732828,0.0,0.0,137.85112,0.0,0.0,0.0,0.0,0.0,-1.5707964,0.0
1970-01-01 00:00:00.127399282,0.127399282,0.0,234.51482,0.0,0.0,0.0,0.0,0.0,0.0,-1.5707964,0.0
1970-01-01 00:00:00.127413279,0.12741328,0.0,0.0,0.0,0.0,106.57172,0.0,0.0,0.0,-1.5707964,0.0
1970-01-01 00:00:00.127416799,0.127416799,0.0,0.0,0.0,0.0,748.6497,0.0,0.0,0.0,-1.5707964,0.0
1970-01-01 00:00:00.127508612,0.127508612,0.0,0.0,0.0,185.21951,0.0,0.0,0.0,0.0,-1.5707964,0.0
1970-01-01 00:00:00.127529598,0.127529598,0.0,320.42474,0.0,0.0,0.0,0.0,0.0,0.0,-1.5707964,0.0
1970-01-01 00:00:00.127545731,0.127545731,0.0,0.0,0.0,0.0,133.45828,0.0,0.0,0.0,-1.5707964,0.0
1970-01-01 00:00:00.127697272,0.127697272,0.0,0.0,0.0,0.0,89.30066,0.0,0.0,0.0,-1.5707964,0.0
1970-01-01 00:00:00.127901174,0.127901174,0.0,0.0,0.0,0.0,127.08542,0.0,0.0,0.0,-1.5707964,0.0
1970-01-01 00:00:00.128005980,0.128005981,0.0,0.0,0.0,0.0,2580.5342,0.0,0.0,0.0,-1.5707964,0.0
1970-01-01 00:00:00.128178408,0.128178408,0.0,0.0,0.0,0.0,83.95583,0.0,0.0,0.0,-1.5707964,0.0
1970-01-01 00:00:00.128179484,0.128179484,0.0,0.0,0.0,136.90016,0.0,0.0,0.0,0.0,-1.5707964,0.0
1970-01-01 00:00:00.128388604,0.128388605,0.0,0.0,0.0,0.0,200.31107,0.0,0.0,0.0,-1.5707964,0.0
1970-01-01 00:00:00.128414792,0.128414792,0.0,0.0,0.0,0.0,361.4123,0.0,0.0,0.0,-1.5707964,0.0
1970-01-01 00:00:00.128414792,0.128414792,0.0,0.0,0.0,678.79553,0.0,0.0,0.0,0.0,-1.5707964,0.0
1970-01-01 00:00:00.128525162,0.128525162,0.0,0.0,0.0,369.71454,0.0,0.0,0.0,0.0,-1.5707964,0.0
1970-01-01 00:00:00.128548814,0.128548814,0.0,0.0,0.0,0.0,287.01135,0.0,0.0,0.0,-1.5707964,0.0
1970-01-01 00:00:00.128702284,0.128702284,0.0,0.0,0.0,0.0,126.4671,0.0,0.0,0.0,-1.5707964,0.0
1970-01-01 00:00:00.128704760,0.12870476,0.0,0.0,243.05829,0.0,0.0,0.0,0.0,0.0,-1.5707964,0.0
1970-01-01 00:00:00.128743431,0.128743432,0.0,0.0,0.0,0.0,143.24527,0.0,0.0,0.0,-1.5707964,0.0
1970-01-01 00:00:00.128759274,0.128759274,0.0,0.0,445.08487,0.0,0.0,0.0,0.0,0.0,-1.5707964,0.0
1970-01-01 00:00:00.128817492,0.128817492,0.0,0.0,0.0,186.09134,0.0,0.0,0.0,0.0,-1.5707964,0.0
1970-01-01 00:00:00.129207810,0.12920781,0.0,0.0,411.76096,0.0,0.0,0.0,0.0,0.0,-1.5707964,0.0
1970-01-01 00:00:00.129380679,0.129380679,0.0,0.0,0.0,0.0,0.0,363.50403,0.0,0.0,-1.5707964,0.0
1970-01-01 00:00:00.129400253,0.129400254,0.0,0.0,0.0,0.0,154.20943,0.0,0.0,0.0,-1.5707964,0.0
1970-01-01 00:00:00.129465800,0.129465801,0.0,0.0,0.0,0.0,404.5607,0.0,0.0,0.0,-1.5707964,0.0
1970-01-01 00:00:00.129494785,0.129494785,0.0,0.0,456.21606,0.0,0.0,0.0,0.0,0.0,-1.5707964,0.0
1970-01-01 00:00:00.129497211,0.129497211,0.0,0.0,0.0,0.0,724.8422,0.0,0.0,0.0,-1.5707964,0.0
1970-01-01 00:00:00.129628361,0.129628361,0.0,0.0,0.0,0.0,714.5528,0.0,0.0,0.0,-1.5707964,0.0
1970-01-01 00:00:00.129975552,0.129975552,0.0,0.0,0.0,165.4554,0.0,0.0,0.0,0.0,-1.5707964,0.0
1970-01-01 00:00:00.130082560,0.13008256,0.0,0.0,0.0,0.0,389.82623,0.0,0.0,0.0,-1.5707964,0.0
1970-01-01 00:00:00.130306712,0.130306713,0.0,0.0,322.79123,0.0,0.0,0.0,0.0,0.0,-1.5707964,0.0
1970-01-01 00:00:00.130391768,0.130391769,0.0,0.0,0.0,0.0,137.86449,0.0,0.0,0.0,-1.5707964,0.0
1970-01-01 00:00:00.130480025,0.130480025,0.0,0.0,0.0,0.0,104.92387,0.0,0.0,0.0,-1.5707964,0.0
1970-01-01 00:00:00.130736419,0.130736419,0.0,149.30188,0.0,0.0,0.0,0.0,0.0,0.0,-1.5707964,0.0
1970-01-01 00:00:00.130835041,0.130835041,0.0,0.0,511.5981,0.0,0.0,0.0,0.0,0.0,-1.5707964,0.0
1970-01-01 00:00:00.130842404,0.130842404,0.0,0.0,0.0,0.0,516.84344,0.0,0.0,0.0,-1.5707964,0.0
1970-01-01 00:00:00.131025693,0.131025693,0.0,0.0,0.0,0.0,0.0,178.544,0.0,0.0,-1.5707964,0.0
1970-01-01 00:00:00.131099493,0.131099493,0.0,0.0,0.0,0.0,125.4883,0.0,0.0,0.0,-1.5707964,0.0
1970-01-01 00:00:00.131183413,0.131183413,0.0,0.0,0.0,0.0,115.36263,0.0,0.0,0.0,-1.5707964,0.0
1970-01-01 00:00:00.131257291,0.131257291,0.0,0.0,0.0,0.0,207.41582,0.0,0.0,0.0,-1.5707964,0.0
1970-01-01 00:00:00.131638415,0.131638415,0.0,0.0,0.0,0.0,196.31139,0.0,0.0,0.0,-1.5707964,0.0
1970-01-01 00:00:00.131752524,0.131752524,0.0,0.0,0.0,0.0,361.15176,0.0,0.0,0.0,-1.5707964,0.0
1970-01-01 00:00:00.131756770,0.13175677,0.0,0.0,0.0,0.0,108.145256,0.0,0.0,0.0,-1.5707964,0.0
1970-01-01 00:00:00.131760834,0.131760834,0.0,0.0,0.0,366.47153,0.0,0.0,0.0,0.0,-1.5707964,0.0
1970-01-01 00:00:00.131877989,0.131877989,0.0,0.0,0.0,0.0,287.02997,0.0,0.0,0.0,-1.5707964,0.0
1970-01-01 00:00:00.131962770,0.13196277,0.0,83.38226,0.0,0.0,0.0,0.0,0.0,0.0,-1.5707964,0.0
1970-01-01 00:00:00.132059593,0.132059593,0.0,0.0,0.0,0.0,306.84222,0.0,0.0,0.0,-1.5707964,0.0
1970-01-01 00:00:00.132108869,0.13210887,0.0,0.0,0.0,0.0,84.601746,0.0,0.0,0.0,-1.5707964,0.0
1970-01-01 00:00:00.132130932,0.132130932,0.0,0.0,0.0,0.0,125.04168,0.0,0.0,0.0,-1.5707964,0.0
1970-01-01 00:00:00.132161581,0.132161581,0.0,106.827866,0.0,0.0,0.0,0.0,0.0,0.0,-1.5707964,0.0
1970-01-01 00:00:00.132179046,0.132179046,0.0,0.0,125.11415,0.0,0.0,0.0,0.0,0.0,-1.5707964,0.0
1970-01-01 00:00:00.132324397,0.132324397,0.0,0.0,0.0,0.0,353.16342,0.0,0.0,0.0,-1.5707964,0.0
1970-01-01 00:00:00.132338994,0.132338995,0.0,0.0,0.0,0.0,0.0,81.93482,0.0,0.0,-1.5707964,0.0
1970-01-01 00:00:00.132405125,0.132405125,0.0,0.0,0.0,0.0,0.0,387.88257,0.0,0.0,-1.5707964,0.0
1970-01-01 00:00:00.132562034,0.132562034,0.0,0.0,0.0,0.0,0.0,434.20438,0.0,0.0,-1.5707964,0.0
1970-01-01 00:00:00.132742207,0.132742207,0.0,0.0,0.0,0.0,93.70208,0.0,0.0,0.0,-1.5707964,0.0
1970-01-01 00:00:00.132851967,0.132851968,0.0,0.0,0.0,0.0,142.04659,0.0,0.0,0.0,-1.5707964,0.0
1970-01-01 00:00:00.132990214,0.132990214,0.0,0.0,0.0,0.0,294.62418,0.0,0.0,0.0,-1.5707964,0.0
1970-01-01 00:00:00.133011934,0.133011934,0.0,0.0,398.75714,0.0,0.0,0.0,0.0,0.0,-1.5707964,0.0
1970-01-01 00:00:00.133032101,0.133032101,0.0,348.22693,0.0,0.0,0.0,0.0,0.0,0.0,-1.5707964,0.0
1970-01-01 00:00:00.133034167,0.133034167,0.0,181.42233,0.0,0.0,0.0,0.0,0.0,0.0,-1.5707964,0.0
1970-01-01 00:00:00.133067537,0.133067537,0.0,0.0,0.0,0.0,1378.2267,0.0,0.0,0.0,-1.5707964,0.0
1970-01-01 00:00:00.133142399,0.133142399,0.0,0.0,0.0,0.0,110.691605,0.0,0.0,0.0,-1.5707964,0.0
1970-01-01 00:00:00.133481364,0.133481365,0.0,0.0,0.0,0.0,113.270546,0.0,0.0,0.0,-1.5707964,0.0
1970-01-01 00:00:00.133605522,0.133605522,0.0,0.0,0.0,0.0,903.86633,0.0,0.0,0.0,-1.5707964,0.0
1970-01-01 00:00:00.133979728,0.133979729,0.0,198.20975,0.0,0.0,0.0,0.0,0.0,0.0,-1.5707964,0.0
1970-01-01 00:00:00.134073094,0.134073094,132.61752,0.0,0.0,0.0,0.0,0.0,0.0,0.0,-1.5707964,0.0
1970-01-01 00:00:00.134203372,0.134203373,0.0,0.0,0.0,0.0,127.22288,0.0,0.0,0.0,-1.5707964,0.0
1970-01-01 00:00:00.134736874,0.134736874,0.0,0.0,0.0,121.1205,0.0,0.0,0.0,0.0,-1.5707964,0.0
1970-01-01 00:00:00.134963244,0.134963244,0.0,0.0,0.0,0.0,473.02072,0.0,0.0,0.0,-1.5707964,0.0
1970-01-01 00:00:00.135089521,0.135089521,0.0,0.0,0.0,0.0,202.10574,0.0,0.0,0.0,-1.5707964,0.0
1970-01-01 00:00:00.135381361,0.135381361,0.0,0.0,0.0,103.0296,0.0,0.0,0.0,0.0,-1.5707964,0.0
1970-01-01 00:00:00.135501292,0.135501292,0.0,0.0,0.0,180.46272,0.0,0.0,0.0,0.0,-1.5707964,0.0
1970-01-01 00:00:00.135624856,0.135624856,0.0,0.0,0.0,172.26973,0.0,0.0,0.0,0.0,-1.5707964,0.0
1970-01-01 00:00:00.136046448,0.136046448,0.0,0.0,0.0,0.0,686.67267,0.0,0.0,0.0,-1.5707964,0.0
1970-01-01 00:00:00.136186502,0.136186502,0.0,0.0,0.0,0.0,214.3041,0.0,0.0,0.0,-1.5707964,0.0
1970-01-01 00:00:00.136438922,0.136438922,0.0,0.0,0.0,0.0,344.95987,0.0,0.0,0.0,-1.5707964,0.0
1970-01-01 00:00:00.136498509,0.136498509,0.0,0.0,0.0,0.0,192.72435,0.0,0.0,0.0,-1.5707964,0.0
1970-01-01 00:00:00.136500469,0.136500469,0.0,0.0,0.0,0.0,116.29604,0.0,0.0,0.0,-1.5707964,0.0
1970-01-01 00:00:00.136664899,0.136664899,0.0,0.0,0.0,143.85988,0.0,0.0,0.0,0.0,-1.5707964,0.0
1970-01-01 00:00:00.136945264,0.136945264,0.0,0.0,0.0,308.94095,0.0,0.0,0.0,0.0,-1.5707964,0.0
1970-01-01 00:00:00.137328779,0.137328779,0.0,203.56253,0.0,0.0,0.0,0.0,0.0,0.0,-1.5707964,0.0
1970-01-01 00:00:00.137404920,0.13740492,0.0,0.0,0.0,0.0,501.97748,0.0,0.0,0.0,-1.5707964,0.0
1970-01-01 00:00:00.137407346,0.137407346,0.0,0.0,177.20973,0.0,0.0,0.0,0.0,0.0,-1.5707964,0.0
1970-01-01 00:00:00.137472375,0.137472375,0.0,389.8,0.0,0.0,0.0,0.0,0.0,0.0,-1.5707964,0.0
1970-01-01 00:00:00.137543949,0.137543949,0.0,0.0,0.0,0.0,281.69724,0.0,0.0,0.0,-1.5707964,0.0
1970-01-01 00:00:00.137861433,0.137861433,0.0,0.0,0.0,0.0,85.430214,0.0,0.0,0.0,-1.5707964,0.0
1970-01-01 00:00:00.137921291,0.137921291,0.0,0.0,0.0,0.0,578.275,0.0,0.0,0.0,-1.5707964,0.0
1970-01-01 00:00:00.137987352,0.137987352,0.0,0.0,0.0,261.0451,0.0,0.0,0.0,0.0,-1.5707964,0.0
1970-01-01 00:00:00.138011947,0.138011947,0.0,0.0,0.0,1052.9529,0.0,0.0,0.0,0.0,-1.5707964,0.0
1970-01-01 00:00:00.138228356,0.138228356,0.0,0.0,0.0,0.0,845.038,0.0,0.0,0.0,-1.5707964,0.0
1970-01-01 00:00:00.138336708,0.138336708,0.0,0.0,0.0,0.0,123.07672,0.0,0.0,0.0,-1.5707964,0.0
1970-01-01 00:00:00.138448989,0.138448989,0.0,0.0,0.0,0.0,421.2144,0.0,0.0,0.0,-1.5707964,0.0
1970-01-01 00:00:00.138691859,0.138691859,0.0,0.0,0.0,0.0,0.0,264.00385,0.0,0.0,-1.5707964,0.0
1970-01-01 00:00:00.138694068,0.138694068,0.0,0.0,0.0,138.83295,0.0,0.0,0.0,0.0,-1.5707964,0.0
1970-01-01 00:00:00.138985319,0.138985319,0.0,0.0,0.0,0.0,95.605865,0.0,0.0,0.0,-1.5707964,0.0
1970-01-01 00:00:00.138993990,0.13899399,0.0,0.0,0.0,0.0,579.37335,0.0,0.0,0.0,-1.5707964,0.0
1970-01-01 00:00:00.139039730,0.13903973,0.0,0.0,0.0,169.67944,0.0,0.0,0.0,0.0,-1.5707964,0.0
1970-01-01 00:00:00.139052443,0.139052443,0.0,0.0,0.0,0.0,140.30867,0.0,0.0,0.0,-1.5707964,0.0
1970-01-01 00:00:00.139443360,0.13944336,0.0,0.0,0.0,85.13818,0.0,0.0,0.0,0.0,-1.5707964,0.0
1970-01-01 00:00:00.139525277,0.139525277,0.0,0.0,0.0,125.64339,0.0,0.0,0.0,0.0,-1.5707964,0.0
1970-01-01 00:00:00.140242072,0.140242072,0.0,0.0,0.0,0.0,178.7349,0.0,0.0,0.0,-1.5707964,0.0
1970-01-01 00:00:00.140405762,0.140405762,0.0,0.0,0.0,0.0,254.2876,0.0,0.0,0.0,-1.5707964,0.0
1970-01-01 00:00:00.140961077,0.140961077,0.0,0.0,0.0,0.0,251.75636,0.0,0.0,0.0,-1.5707964,0.0
1970-01-01 00:00:00.141166498,0.141166498,0.0,0.0,0.0,0.0,361.91147,0.0,0.0,0.0,-1.5707964,0.0
1970-01-01 00:00:00.141248476,0.141248476,0.0,0.0,0.0,0.0,202.84552,0.0,0.0,0.0,-1.5707964,0.0
1970-01-01 00:00:00.141448412,0.141448412,0.0,104.3608,0.0,0.0,0.0,0.0,0.0,0.0,-1.5707964,0.0
1970-01-01 00:00:00.141817997,0.141817997,0.0,0.0,153.14738,0.0,0.0,0.0,0.0,0.0,-1.5707964,0.0
1970-01-01 00:00:00.141907436,0.141907436,0.0,0.0,226.9552,0.0,0.0,0.0,0.0,0.0,-1.5707964,0.0
1970-01-01 00:00:00.142154260,0.14215426,0.0,115.99327,0.0,0.0,0.0,0.0,0.0,0.0,-1.5707964,0.0
1970-01-01 00:00:00.142220856,0.142220856,0.0,0.0,0.0,0.0,228.31056,0.0,0.0,0.0,-1.5707964,0.0
1970-01-01 00:00:00.142557000,0.142557,0.0,0.0,0.0,0.0,217.41008,0.0,0.0,0.0,-1.5707964,0.0
1970-01-01 00:00:00.142755486,0.142755486,0.0,0.0,0.0,0.0,214.41252,0.0,0.0,0.0,-1.5707964,0.0
1970-01-01 00:00:00.142823089,0.142823089,0.0,0.0,0.0,0.0,203.98546,0.0,0.0,0.0,-1.5707964,0.0
1970-01-01 00:00:00.143017705,0.143017705,0.0,0.0,0.0,0.0,253.42137,0.0,0.0,0.0,-1.5707964,0.0
1970-01-01 00:00:00.143326313,0.143326313,0.0,0.0,0.0,0.0,418.06406,0.0,0.0,0.0,-1.5707964,0.0
1970-01-01 00:00:00.143377925,0.143377925,0.0,0.0,0.0,0.0,0.0,110.09757,0.0,0.0,-1.5707964,0.0
1970-01-01 00:00:00.143458077,0.143458077,0.0,0.0,0.0,0.0,990.5674,0.0,0.0,0.0,-1.5707964,0.0
1970-01-01 00:00:00.143584909,0.143584909,0.0,0.0,0.0,0.0,165.87065,0.0,0.0,0.0,-1.5707964,0.0
1970-01-01 00:00:00.143734002,0.143734002,0.0,0.0,0.0,341.228,0.0,0.0,0.0,0.0,-1.5707964,0.0
1970-01-01 00:00:00.143803752,0.143803752,244.69841,0.0,0.0,0.0,0.0,0.0,0.0,0.0,-1.5707964,0.0
1970-01-01 00:00:00.143902073,0.143902073,86.06639,0.0,0.0,0.0,0.0,0.0,0.0,0.0,-1.5707964,0.0
1970-01-01 00:00:00.144068594,0.144068594,0.0,0.0,0.0,0.0,0.0,293.88635,0.0,0.0,-1.5707964,0.0
1970-01-01 00:00:00.144150170,0.14415017,0.0,0.0,0.0,0.0,423.9199,0.0,0.0,0.0,-1.5707964,0.0
1970-01-01 00:00:00.144158718,0.144158718,0.0,0.0,0.0,642.65045,0.0,0.0,0.0,0.0,-1.5707964,0.0
1970-01-01 00:00:00.144241249,0.144241249,0.0,0.0,0.0,0.0,98.48207,0.0,0.0,0.0,-1.5707964,0.0
1970-01-01 00:00:00.144415649,0.144415649,0.0,0.0,0.0,648.262,0.0,0.0,0.0,0.0,-1.5707964,0.0
1970-01-01 00:00:00.144436372,0.144436372,0.0,0.0,0.0,103.42942,0.0,0.0,0.0,0.0,-1.5707964,0.0
1970-01-01 00:00:00.144463946,0.144463946,0.0,0.0,0.0,0.0,261.70755,0.0,0.0,0.0,-1.5707964,0.0
1970-01-01 00:00:00.144483410,0.14448341,0.0,0.0,0.0,0.0,105.43403,0.0,0.0,0.0,-1.5707964,0.0
1970-01-01 00:00:00.144548360,0.14454836,0.0,0.0,0.0,0.0,98.76065,0.0,0.0,0.0,-1.5707964,0.0
1970-01-01 00:00:00.144683001,0.144683001,0.0,0.0,0.0,0.0,187.1303,0.0,0.0,0.0,-1.5707964,0.0
1970-01-01 00:00:00.144776834,0.144776834,0.0,0.0,0.0,136.11775,0.0,0.0,0.0,0.0,-1.5707964,0.0
1970-01-01 00:00:00.144800783,0.144800783,0.0,0.0,0.0,0.0,306.3558,0.0,0.0,0.0,-1.5707964,0.0
1970-01-01 00:00:00.144920577,0.144920577,0.0,0.0,0.0,0.0,231.74835,0.0,0.0,0.0,-1.5707964,0.0
1970-01-01 00:00:00.145114242,0.145114242,297.5214,0.0,0.0,0.0,0.0,0.0,0.0,0.0,-1.5707964,0.0
1970-01-01 00:00:00.145151025,0.145151025,0.0,0.0,0.0,0.0,122.43944,0.0,0.0,0.0,-1.5707964,0.0
1970-01-01 00:00:00.145319519,0.145319519,0.0,0.0,0.0,0.0,665.3512,0.0,0.0,0.0,-1.5707964,0.0
1970-01-01 00:00:00.145526277,0.145526277,0.0,0.0,0.0,0.0,95.8339,0.0,0.0,0.0,-1.5707964,0.0
1970-01-01 00:00:00.145579395,0.145579395,0.0,0.0,0.0,0.0,284.78665,0.0,0.0,0.0,-1.5707964,0.0
1970-01-01 00:00:00.145661951,0.145661951,0.0,0.0,0.0,0.0,183.04704,0.0,0.0,0.0,-1.5707964,0.0
1970-01-01 00:00:00.145704655,0.145704655,0.0,0.0,0.0,0.0,105.86413,0.0,0.0,0.0,-1.5707964,0.0
1970-01-01 00:00:00.145707847,0.145707847,0.0,0.0,317.53992,0.0,0.0,0.0,0.0,0.0,-1.5707964,0.0
1970-01-01 00:00:00.145717782,0.145717782,0.0,0.0,0.0,83.49906,0.0,0.0,0.0,0.0,-1.5707964,0.0
1970-01-01 00:00:00.145752049,0.145752049,0.0,0.0,0.0,0.0,213.3862,0.0,0.0,0.0,-1.5707964,0.0
1970-01-01 00:00:00.145869398,0.145869398,0.0,0.0,0.0,0.0,102.154305,0.0,0.0,0.0,-1.5707964,0.0
1970-01-01 00:00:00.146066645,0.146066645,0.0,0.0,0.0,0.0,0.0,451.2258,0.0,0.0,-1.5707964,0.0
1970-01-01 00:00:00.146550685,0.146550685,0.0,0.0,0.0,0.0,225.8324,0.0,0.0,0.0,-1.5707964,0.0
1970-01-01 00:00:00.146803877,0.146803877,0.0,0.0,0.0,0.0,176.44876,0.0,0.0,0.0,-1.5707964,0.0
1970-01-01 00:00:00.146948898,0.146948898,0.0,0.0,0.0,0.0,243.14764,0.0,0.0,0.0,-1.5707964,0.0
1970-01-01 00:00:00.146958208,0.146958208,0.0,0.0,271.34616,0.0,0.0,0.0,0.0,0.0,-1.5707964,0.0
1970-01-01 00:00:00.147106823,0.147106823,0.0,0.0,0.0,0.0,418.03238,0.0,0.0,0.0,-1.5707964,0.0
1970-01-01 00:00:00.147185601,0.147185601,0.0,0.0,0.0,0.0,274.36212,0.0,0.0,0.0,-1.5707964,0.0
1970-01-01 00:00:00.147251507,0.147251507,0.0,0.0,0.0,0.0,287.96844,0.0,0.0,0.0,-1.5707964,0.0
1970-01-01 00:00:00.147694304,0.147694304,0.0,0.0,0.0,0.0,215.1927,0.0,0.0,0.0,-1.5707964,0.0
1970-01-01 00:00:00.147763327,0.147763327,0.0,0.0,0.0,0.0,286.7455,0.0,0.0,0.0,-1.5707964,0.0
1970-01-01 00:00:00.147841339,0.147841339,0.0,0.0,0.0,385.76996,0.0,0.0,0.0,0.0,-1.5707964,0.0
1970-01-01 00:00:00.148204381,0.148204381,0.0,0.0,0.0,0.0,140.68323,0.0,0.0,0.0,-1.5707964,0.0
1970-01-01 00:00:00.148579355,0.148579355,0.0,175.81967,0.0,0.0,0.0,0.0,0.0,0.0,-1.5707964,0.0
1970-01-01 00:00:00.148605250,0.14860525,0.0,0.0,191.44518,0.0,0.0,0.0,0.0,0.0,-1.5707964,0.0
1970-01-01 00:00:00.148605549,0.148605549,0.0,0.0,0.0,0.0,405.4177,0.0,0.0,0.0,-1.5707964,0.0
1970-01-01 00:00:00.148615637,0.148615637,0.0,334.93765,0.0,0.0,0.0,0.0,0.0,0.0,-1.5707964,0.0
1970-01-01 00:00:00.148634279,0.148634279,132.02449,0.0,0.0,0.0,0.0,0.0,0.0,0.0,-1.5707964,0.0
1970-01-01 00:00:00.148910647,0.148910647,0.0,0.0,0.0,0.0,191.91325,0.0,0.0,0.0,-1.5707964,0.0
1970-01-01 00:00:00.148962197,0.148962197,0.0,141.74107,0.0,0.0,0.0,0.0,0.0,0.0,-1.5707964,0.0
1970-01-01 00:00:00.149089496,0.149089496,0.0,0.0,0.0,0.0,210.65419,0.0,0.0,0.0,-1.5707964,0.0
1970-01-01 00:00:00.149266320,0.14926632,0.0,162.33606,0.0,0.0,0.0,0.0,0.0,0.0,-1.5707964,0.0
1970-01-01 00:00:00.149550406,0.149550406,0.0,0.0,636.0395,0.0,0.0,0.0,0.0,0.0,-1.5707964,0.0
1970-01-01 00:00:00.149550406,0.149550406,0.0,0.0,0.0,0.0,261.98657,0.0,0.0,0.0,-1.5707964,0.0
1970-01-01 00:00:00.149767627,0.149767627,0.0,188.62883,0.0,0.0,0.0,0.0,0.0,0.0,-1.5707964,0.0
1970-01-01 00:00:00.149776482,0.149776482,0.0,0.0,127.246185,0.0,0.0,0.0,0.0,0.0,-1.5707964,0.0
1970-01-01 00:00:00.150450336,0.150450336,155.20572,0.0,0.0,0.0,0.0,0.0,0.0,0.0,-1.5707964,0.0
1970-01-01 00:00:00.150595637,0.150595637,0.0,0.0,0.0,0.0,100.782745,0.0,0.0,0.0,-1.5707964,0.0
1970-01-01 00:00:00.150689718,0.150689718,0.0,0.0,0.0,0.0,767.54034,0.0,0.0,0.0,-1.5707964,0.0
1970-01-01 00:00:00.150744391,0.150744391,0.0,0.0,0.0,0.0,439.4725,0.0,0.0,0.0,-1.5707964,0.0
1970-01-01 00:00:00.150744784,0.150744784,0.0,0.0,0.0,0.0,260.69022,0.0,0.0,0.0,-1.5707964,0.0
1970-01-01 00:00:00.150797176,0.150797176,0.0,0.0,0.0,0.0,166.1526,0.0,0.0,0.0,-1.5707964,0.0
1970-01-01 00:00:00.151001079,0.151001079,0.0,0.0,0.0,172.07794,0.0,0.0,0.0,0.0,-1.5707964,0.0
1970-01-01 00:00:00.151580939,0.151580939,0.0,0.0,0.0,0.0,472.64108,0.0,0.0,0.0,-1.5707964,0.0
1970-01-01 00:00:00.151623387,0.151623387,0.0,0.0,0.0,0.0,0.0,777.4509,0.0,0.0,-1.5707964,0.0
1970-01-01 00:00:00.151695108,0.151695108,0.0,0.0,0.0,0.0,1564.4915,0.0,0.0,0.0,-1.5707964,0.0
1970-01-01 00:00:00.151702021,0.151702021,0.0,0.0,0.0,0.0,148.30423,0.0,0.0,0.0,-1.5707964,0.0
1970-01-01 00:00:00.152200339,0.152200339,0.0,0.0,0.0,171.16824,0.0,0.0,0.0,0.0,-1.5707964,0.0
1970-01-01 00:00:00.152408121,0.152408121,0.0,0.0,0.0,0.0,172.18347,0.0,0.0,0.0,-1.5707964,0.0
1970-01-01 00:00:00.153464757,0.153464757,0.0,0.0,0.0,132.05658,0.0,0.0,0.0,0.0,-1.5707964,0.0
1970-01-01 00:00:00.153498503,0.153498503,0.0,0.0,0.0,270.16818,0.0,0.0,0.0,0.0,-1.5707964,0.0
1970-01-01 00:00:00.153533481,0.153533481,0.0,0.0,0.0,364.6581,0.0,0.0,0.0,0.0,-1.5707964,0.0
1970-01-01 00:00:00.153697691,0.153697691,0.0,0.0,92.83115,0.0,0.0,0.0,0.0,0.0,-1.5707964,0.0
1970-01-01 00:00:00.153871106,0.153871106,0.0,0.0,0.0,0.0,446.971,0.0,0.0,0.0,-1.5707964,0.0
1970-01-01 00:00:00.154165600,0.1541656,0.0,0.0,0.0,0.0,553.1323,0.0,0.0,0.0,-1.5707964,0.0
1970-01-01 00:00:00.154826536,0.154826536,0.0,0.0,0.0,0.0,184.07065,0.0,0.0,0.0,-1.5707964,0.0
1970-01-01 00:00:00.154974337,0.154974337,0.0,0.0,0.0,214.08116,0.0,0.0,0.0,0.0,-1.5707964,0.0
1970-01-01 00:00:00.155367672,0.155367672,0.0,0.0,0.0,0.0,133.76274,0.0,0.0,0.0,-1.5707964,0.0
1970-01-01 00:00:00.155430294,0.155430294,0.0,95.799255,0.0,0.0,0.0,0.0,0.0,0.0,-1.5707964,0.0
1970-01-01 00:00:00.155637495,0.155637495,0.0,0.0,0.0,0.0,167.37836,0.0,0.0,0.0,-1.5707964,0.0
1970-01-01 00:00:00.155958259,0.155958259,0.0,0.0,100.90546,0.0,0.0,0.0,0.0,0.0,-1.5707964,0.0
1970-01-01 00:00:00.156113090,0.15611309,0.0,0.0,0.0,0.0,264.79395,0.0,0.0,0.0,-1.5707964,0.0
1970-01-01 00:00:00.156212598,0.156212598,0.0,0.0,0.0,0.0,140.91956,0.0,0.0,0.0,-1.5707964,0.0
1970-01-01 00:00:00.156411241,0.156411241,0.0,0.0,0.0,0.0,97.85669,0.0,0.0,0.0,-1.5707964,0.0
1970-01-01 00:00:00.156544252,0.156544252,0.0,0.0,0.0,0.0,0.0,220.99887,0.0,0.0,-1.5707964,0.0
1970-01-01 00:00:00.156678915,0.156678915,0.0,0.0,0.0,0.0,0.0,128.94547,0.0,0.0,-1.5707964,0.0
1970-01-01 00:00:00.157432065,0.157432065,0.0,0.0,0.0,0.0,1322.5787,0.0,0.0,0.0,-1.5707964,0.0
1970-01-01 00:00:00.157612092,0.157612092,0.0,0.0,0.0,0.0,0.0,353.4539,0.0,0.0,-1.5707964,0.0
1970-01-01 00:00:00.157931767,0.157931767,0.0,0.0,0.0,0.0,0.0,119.77692,0.0,0.0,-1.5707964,0.0
1970-01-01 00:00:00.158049521,0.158049521,0.0,0.0,0.0,0.0,931.86847,0.0,0.0,0.0,-1.5707964,0.0
1970-01-01 00:00:00.158362537,0.158362537,0.0,0.0,0.0,0.0,255.89574,0.0,0.0,0.0,-1.5707964,0.0
1970-01-01 00:00:00.158383853,0.158383853,0.0,0.0,0.0,0.0,81.56978,0.0,0.0,0.0,-1.5707964,0.0
1970-01-01 00:00:00.158604692,0.158604692,0.0,0.0,0.0,0.0,0.0,823.27,0.0,0.0,-1.5707964,0.0
1970-01-01 00:00:00.158660575,0.158660575,0.0,0.0,0.0,0.0,109.33831,0.0,0.0,0.0,-1.5707964,0.0
1970-01-01 00:00:00.159048755,0.159048755,0.0,121.342705,0.0,0.0,0.0,0.0,0.0,0.0,-1.5707964,0.0
1970-01-01 00:00:00.159176724,0.159176724,0.0,0.0,0.0,0.0,228.86757,0.0,0.0,0.0,-1.5707964,0.0
1970-01-01 00:00:00.159375853,0.159375853,0.0,0.0,0.0,0.0,137.719,0.0,0.0,0.0,-1.5707964,0.0
1970-01-01 00:00:00.159564406,0.159564406,0.0,0.0,0.0,0.0,253.37254,0.0,0.0,0.0,-1.5707964,0.0
1970-01-01 00:00:00.159850038,0.159850038,0.0,0.0,0.0,0.0,96.30634,0.0,0.0,0.0,-1.5707964,0.0
1970-01-01 00:00:00.159942088,0.159942088,0.0,0.0,204.40755,0.0,0.0,0.0,0.0,0.0,-1.5707964,0.0
1970-01-01 00:00:00.160120157,0.160120157,0.0,0.0,0.0,0.0,569.3498,0.0,0.0,0.0,-1.5707964,0.0
1970-01-01 00:00:00.160185384,0.160185384,0.0,0.0,0.0,0.0,694.54834,0.0,0.0,0.0,-1.5707964,0.0
1970-01-01 00:00:00.160195753,0.160195753,0.0,0.0,0.0,0.0,113.53591,0.0,0.0,0.0,-1.5707964,0.0
1970-01-01 00:00:00.160216018,0.160216018,0.0,0.0,0.0,329.80508,0.0,0.0,0.0,0.0,-1.5707964,0.0
1970-01-01 00:00:00.160262370,0.16026237,0.0,0.0,0.0,0.0,0.0,207.25179,0.0,0.0,-1.5707964,0.0
1970-01-01 00:00:00.160331653,0.160331653,0.0,0.0,0.0,0.0,0.0,671.8101,0.0,0.0,-1.5707964,0.0
1970-01-01 00:00:00.160432752,0.160432752,0.0,0.0,0.0,507.61697,0.0,0.0,0.0,0.0,-1.5707964,0.0
1970-01-01 00:00:00.160446390,0.16044639,0.0,0.0,0.0,117.04969,0.0,0.0,0.0,0.0,-1.5707964,0.0
1970-01-01 00:00:00.160617570,0.16061757,0.0,0.0,0.0,0.0,1036.0842,0.0,0.0,0.0,-1.5707964,0.0
1970-01-01 00:00:00.160678295,0.160678295,0.0,0.0,0.0,0.0,172.40448,0.0,0.0,0.0,-1.5707964,0.0
1970-01-01 00:00:00.161226778,0.161226778,0.0,0.0,0.0,0.0,117.62183,0.0,0.0,0.0,-1.5707964,0.0
1970-01-01 00:00:00.161781709,0.161781709,0.0,0.0,0.0,0.0,142.86633,0.0,0.0,0.0,-1.5707964,0.0
1970-01-01 00:00:00.161812020,0.16181202,0.0,0.0,0.0,681.02936,0.0,0.0,0.0,0.0,-1.5707964,0.0
1970-01-01 00:00:00.161903647,0.161903647,0.0,0.0,0.0,0.0,295.0369,0.0,0.0,0.0,-1.5707964,0.0
1970-01-01 00:00:00.161904912,0.161904912,0.0,0.0,0.0,0.0,0.0,140.3186,0.0,0.0,-1.5707964,0.0
1970-01-01 00:00:00.161965896,0.161965896,0.0,0.0,0.0,0.0,0.0,473.80084,0.0,0.0,-1.5707964,0.0
1970-01-01 00:00:00.162012195,0.162012195,0.0,0.0,0.0,0.0,343.76025,0.0,0.0,0.0,-1.5707964,0.0
1970-01-01 00:00:00.162167617,0.162167617,0.0,0.0,0.0,0.0,281.77142,0.0,0.0,0.0,-1.5707964,0.0
1970-01-01 00:00:00.162210680,0.16221068,0.0,0.0,0.0,0.0,149.33336,0.0,0.0,0.0,-1.5707964,0.0
1970-01-01 00:00:00.162254816,0.162254816,0.0,0.0,0.0,0.0,366.07062,0.0,0.0,0.0,-1.5707964,0.0
1970-01-01 00:00:00.162270879,0.162270879,0.0,0.0,0.0,0.0,162.12518,0.0,0.0,0.0,-1.5707964,0.0
1970-01-01 00:00:00.162535870,0.16253587,0.0,0.0,0.0,114.12555,0.0,0.0,0.0,0.0,-1.5707964,0.0
1970-01-01 00:00:00.162600473,0.162600473,0.0,0.0,0.0,0.0,332.26047,0.0,0.0,0.0,-1.5707964,0.0
1970-01-01 00:00:00.162717824,0.162717824,0.0,0.0,0.0,0.0,0.0,129.58191,0.0,0.0,-1.5707964,0.0
1970-01-01 00:00:00.162764140,0.16276414,0.0,0.0,0.0,0.0,150.85649,0.0,0.0,0.0,-1.5707964,0.0
1970-01-01 00:00:00.162775722,0.162775722,0.0,0.0,0.0,0.0,172.192,0.0,0.0,0.0,-1.5707964,0.0
1970-01-01 00:00:00.162997274,0.162997274,0.0,0.0,0.0,0.0,521.74,0.0,0.0,0.0,-1.5707964,0.0
1970-01-01 00:00:00.163529575,0.163529575,0.0,0.0,0.0,540.1731,0.0,0.0,0.0,0.0,-1.5707964,0.0
1970-01-01 00:00:00.163678528,0.163678528,0.0,0.0,0.0,0.0,426.29407,0.0,0.0,0.0,-1.5707964,0.0
1970-01-01 00:00:00.163768272,0.163768272,408.4187,0.0,0.0,0.0,0.0,0.0,0.0,0.0,-1.5707964,0.0
1970-01-01 00:00:00.163768272,0.163768272,0.0,0.0,0.0,0.0,100.67369,0.0,0.0,0.0,-1.5707964,0.0
1970-01-01 00:00:00.163807747,0.163807747,0.0,0.0,0.0,204.06606,0.0,0.0,0.0,0.0,-1.5707964,0.0
1970-01-01 00:00:00.164136062,0.164136062,0.0,0.0,0.0,0.0,956.75885,0.0,0.0,0.0,-1.5707964,0.0
1970-01-01 00:00:00.164200033,0.164200033,0.0,0.0,218.13976,0.0,0.0,0.0,0.0,0.0,-1.5707964,0.0
1970-01-01 00:00:00.164315626,0.164315626,0.0,0.0,0.0,0.0,471.0342,0.0,0.0,0.0,-1.5707964,0.0
1970-01-01 00:00:00.164383831,0.164383831,0.0,0.0,0.0,0.0,304.06387,0.0,0.0,0.0,-1.5707964,0.0
1970-01-01 00:00:00.164583871,0.164583871,0.0,0.0,0.0,0.0,218.04886,0.0,0.0,0.0,-1.5707964,0.0
1970-01-01 00:00:00.164805101,0.164805101,0.0,0.0,0.0,0.0,0.0,251.49571,0.0,0.0,-1.5707964,0.0
1970-01-01 00:00:00.164935453,0.164935453,0.0,0.0,0.0,0.0,233.41156,0.0,0.0,0.0,-1.5707964,0.0
1970-01-01 00:00:00.165038709,0.165038709,0.0,0.0,0.0,384.24118,0.0,0.0,0.0,0.0,-1.5707964,0.0
1970-01-01 00:00:00.165145192,0.165145192,0.0,0.0,0.0,0.0,133.98964,0.0,0.0,0.0,-1.5707964,0.0
1970-01-01 00:00:00.165207299,0.165207299,0.0,195.1671,0.0,0.0,0.0,0.0,0.0,0.0,-1.5707964,0.0
1970-01-01 00:00:00.165832264,0.165832264,0.0,0.0,0.0,0.0,497.41272,0.0,0.0,0.0,-1.5707964,0.0
1970-01-01 00:00:00.165945280,0.16594528,0.0,198.4107,0.0,0.0,0.0,0.0,0.0,0.0,-1.5707964,0.0
1970-01-01 00:00:00.166061295,0.166061295,0.0,0.0,0.0,0.0,103.756035,0.0,0.0,0.0,-1.5707964,0.0
1970-01-01 00:00:00.166337430,0.16633743,0.0,0.0,0.0,0.0,153.04341,0.0,0.0,0.0,-1.5707964,0.0
1970-01-01 00:00:00.166345876,0.166345876,0.0,0.0,245.0066,0.0,0.0,0.0,0.0,0.0,-1.5707964,0.0
1970-01-01 00:00:00.166350149,0.166350149,0.0,97.82566,0.0,0.0,0.0,0.0,0.0,0.0,-1.5707964,0.0
1970-01-01 00:00:00.166357337,0.166357337,0.0,0.0,0.0,0.0,0.0,391.9044,0.0,0.0,-1.5707964,0.0
1970-01-01 00:00:00.166444534,0.166444534,0.0,0.0,0.0,0.0,540.6277,0.0,0.0,0.0,-1.5707964,0.0
1970-01-01 00:00:00.166575332,0.166575332,0.0,0.0,0.0,502.8338,0.0,0.0,0.0,0.0,-1.5707964,0.0
1970-01-01 00:00:00.166596642,0.166596642,0.0,0.0,0.0,0.0,0.0,191.02534,0.0,0.0,-1.5707964,0.0
1970-01-01 00:00:00.166709859,0.166709859,0.0,0.0,0.0,0.0,301.8693,0.0,0.0,0.0,-1.5707964,0.0
1970-01-01 00:00:00.166886984,0.166886984,161.2456,0.0,0.0,0.0,0.0,0.0,0.0,0.0,-1.5707964,0.0
1970-01-01 00:00:00.167013063,0.167013063,0.0,0.0,0.0,0.0,175.50539,0.0,0.0,0.0,-1.5707964,0.0
1970-01-01 00:00:00.167262023,0.167262023,0.0,137.68468,0.0,0.0,0.0,0.0,0.0,0.0,-1.5707964,0.0
1970-01-01 00:00:00.167472678,0.167472678,0.0,291.60846,0.0,0.0,0.0,0.0,0.0,0.0,-1.5707964,0.0
1970-01-01 00:00:00.167525620,0.16752562,0.0,0.0,0.0,0.0,108.794876,0.0,0.0,0.0,-1.5707964,0.0
1970-01-01 00:00:00.167811058,0.167811058,0.0,0.0,0.0,0.0,543.7048,0.0,0.0,0.0,-1.5707964,0.0
1970-01-01 00:00:00.167897590,0.16789759,0.0,0.0,0.0,0.0,129.20883,0.0,0.0,0.0,-1.5707964,0.0
1970-01-01 00:00:00.167898630,0.16789863,0.0,0.0,0.0,0.0,652.2875,0.0,0.0,0.0,-1.5707964,0.0
1970-01-01 00:00:00.167910060,0.16791006,0.0,0.0,0.0,0.0,454.00943,0.0,0.0,0.0,-1.5707964,0.0
1970-01-01 00:00:00.167955668,0.167955668,0.0,0.0,0.0,0.0,116.70174,0.0,0.0,0.0,-1.5707964,0.0
1970-01-01 00:00:00.168146617,0.168146617,0.0,433.10605,0.0,0.0,0.0,0.0,0.0,0.0,-1.5707964,0.0
1970-01-01 00:00:00.168146617,0.168146617,0.0,0.0,0.0,0.0,203.27812,0.0,0.0,0.0,-1.5707964,0.0
1970-01-01 00:00:00.168275038,0.168275038,0.0,0.0,0.0,173.34138,0.0,0.0,0.0,0.0,-1.5707964,0.0
1970-01-01 00:00:00.168324228,0.168324228,0.0,146.01692,0.0,0.0,0.0,0.0,0.0,0.0,-1.5707964,0.0
1970-01-01 00:00:00.168584774,0.168584774,365.12277,0.0,0.0,0.0,0.0,0.0,0.0,0.0,-1.5707964,0.0
1970-01-01 00:00:00.168675641,0.168675641,0.0,0.0,466.3673,0.0,0.0,0.0,0.0,0.0,-1.5707964,0.0
1970-01-01 00:00:00.168993215,0.168993215,0.0,0.0,0.0,0.0,342.93524,0.0,0.0,0.0,-1.5707964,0.0
1970-01-01 00:00:00.169186085,0.169186085,0.0,174.08307,0.0,0.0,0.0,0.0,0.0,0.0,-1.5707964,0.0
1970-01-01 00:00:00.169234086,0.169234086,0.0,0.0,0.0,0.0,264.6564,0.0,0.0,0.0,-1.5707964,0.0
1970-01-01 00:00:00.169317403,0.169317403,0.0,0.0,212.30487,0.0,0.0,0.0,0.0,0.0,-1.5707964,0.0
1970-01-01 00:00:00.169618415,0.169618415,0.0,0.0,0.0,0.0,316.09674,0.0,0.0,0.0,-1.5707964,0.0
1970-01-01 00:00:00.169665930,0.16966593,0.0,94.8918,0.0,0.0,0.0,0.0,0.0,0.0,-1.5707964,0.0
1970-01-01 00:00:00.169733436,0.169733436,0.0,0.0,0.0,0.0,160.20328,0.0,0.0,0.0,-1.5707964,0.0
1970-01-01 00:00:00.170178583,0.170178583,0.0,0.0,0.0,0.0,444.40704,0.0,0.0,0.0,-1.5707964,0.0
1970-01-01 00:00:00.170277911,0.170277911,0.0,0.0,0.0,0.0,0.0,249.2847,0.0,0.0,-1.5707964,0.0
1970-01-01 00:00:00.170435107,0.170435107,0.0,0.0,517.21423,0.0,0.0,0.0,0.0,0.0,-1.5707964,0.0
1970-01-01 00:00:00.170542721,0.170542721,0.0,0.0,0.0,0.0,356.5569,0.0,0.0,0.0,-1.5707964,0.0
1970-01-01 00:00:00.170661028,0.170661028,0.0,0.0,0.0,480.81702,0.0,0.0,0.0,0.0,-1.5707964,0.0
1970-01-01 00:00:00.170694337,0.170694337,0.0,0.0,0.0,0.0,138.22658,0.0,0.0,0.0,-1.5707964,0.0
1970-01-01 00:00:00.170780455,0.170780455,0.0,0.0,0.0,0.0,117.84828,0.0,0.0,0.0,-1.5707964,0.0
1970-01-01 00:00:00.170866942,0.170866942,0.0,0.0,0.0,0.0,154.38863,0.0,0.0,0.0,-1.5707964,0.0
1970-01-01 00:00:00.171046918,0.171046918,0.0,0.0,0.0,0.0,0.0,206.02203,0.0,0.0,-1.5707964,0.0
1970-01-01 00:00:00.171082840,0.17108284,0.0,0.0,0.0,0.0,117.90928,0.0,0.0,0.0,-1.5707964,0.0
1970-01-01 00:00:00.171123024,0.171123024,0.0,252.76381,0.0,0.0,0.0,0.0,0.0,0.0,-1.5707964,0.0
1970-01-01 00:00:00.171163444,0.171163444,0.0,109.70633,0.0,0.0,0.0,0.0,0.0,0.0,-1.5707964,0.0
1970-01-01 00:00:00.171216795,0.171216795,0.0,0.0,0.0,0.0,93.01448,0.0,0.0,0.0,-1.5707964,0.0
1970-01-01 00:00:00.171523206,0.171523206,0.0,0.0,0.0,282.26437,0.0,0.0,0.0,0.0,-1.5707964,0.0
1970-01-01 00:00:00.171597911,0.171597911,0.0,0.0,0.0,0.0,376.33447,0.0,0.0,0.0,-1.5707964,0.0
1970-01-01 00:00:00.171623812,0.171623812,0.0,0.0,0.0,0.0,532.24005,0.0,0.0,0.0,-1.5707964,0.0
1970-01-01 00:00:00.171681195,0.171681195,0.0,0.0,0.0,0.0,101.03059,0.0,0.0,0.0,-1.5707964,0.0
1970-01-01 00:00:00.171820478,0.171820478,0.0,0.0,0.0,0.0,107.16944,0.0,0.0,0.0,-1.5707964,0.0
1970-01-01 00:00:00.171972369,0.171972369,0.0,0.0,0.0,0.0,253.00874,0.0,0.0,0.0,-1.5707964,0.0
1970-01-01 00:00:00.172421877,0.172421877,0.0,0.0,0.0,89.775375,0.0,0.0,0.0,0.0,-1.5707964,0.0
1970-01-01 00:00:00.172509967,0.172509967,0.0,0.0,0.0,1273.5839,0.0,0.0,0.0,0.0,-1.5707964,0.0
1970-01-01 00:00:00.172633482,0.172633482,0.0,0.0,0.0,0.0,0.0,409.18555,0.0,0.0,-1.5707964,0.0
1970-01-01 00:00:00.172708094,0.172708094,0.0,0.0,0.0,0.0,349.30502,0.0,0.0,0.0,-1.5707964,0.0
1970-01-01 00:00:00.172759875,0.172759875,0.0,0.0,0.0,257.7846,0.0,0.0,0.0,0.0,-1.5707964,0.0
1970-01-01 00:00:00.172790489,0.172790489,0.0,0.0,0.0,0.0,600.00323,0.0,0.0,0.0,-1.5707964,0.0
1970-01-01 00:00:00.172825630,0.17282563,0.0,0.0,0.0,0.0,218.05643,0.0,0.0,0.0,-1.5707964,0.0
1970-01-01 00:00:00.172874035,0.172874035,0.0,0.0,0.0,0.0,0.0,84.44838,0.0,0.0,-1.5707964,0.0
1970-01-01 00:00:00.172874731,0.172874731,0.0,0.0,0.0,0.0,264.04874,0.0,0.0,0.0,-1.5707964,0.0
1970-01-01 00:00:00.172933590,0.17293359,0.0,0.0,0.0,619.9208,0.0,0.0,0.0,0.0,-1.5707964,0.0
1970-01-01 00:00:00.172972593,0.172972593,0.0,0.0,0.0,0.0,157.07716,0.0,0.0,0.0,-1.5707964,0.0
1970-01-01 00:00:00.173361838,0.173361838,0.0,0.0,0.0,0.0,92.738754,0.0,0.0,0.0,-1.5707964,0.0
1970-01-01 00:00:00.173384983,0.173384983,0.0,0.0,0.0,0.0,120.17671,0.0,0.0,0.0,-1.5707964,0.0
1970-01-01 00:00:00.173403971,0.173403971,0.0,0.0,0.0,0.0,266.7207,0.0,0.0,0.0,-1.5707964,0.0
1970-01-01 00:00:00.173475775,0.173475775,0.0,0.0,0.0,0.0,421.68314,0.0,0.0,0.0,-1.5707964,0.0
1970-01-01 00:00:00.173591744,0.173591744,0.0,0.0,0.0,0.0,0.0,173.00017,0.0,0.0,-1.5707964,0.0
1970-01-01 00:00:00.173754863,0.173754863,0.0,195.2222,0.0,0.0,0.0,0.0,0.0,0.0,-1.5707964,0.0
1970-01-01 00:00:00.173761893,0.173761893,0.0,0.0,0.0,0.0,508.14078,0.0,0.0,0.0,-1.5707964,0.0
1970-01-01 00:00:00.173861912,0.173861912,0.0,0.0,0.0,0.0,307.74756,0.0,0.0,0.0,-1.5707964,0.0
1970-01-01 00:00:00.174112554,0.174112554,0.0,0.0,0.0,0.0,103.82323,0.0,0.0,0.0,-1.5707964,0.0
1970-01-01 00:00:00.174189544,0.174189544,0.0,0.0,0.0,0.0,103.74808,0.0,0.0,0.0,-1.5707964,0.0
1970-01-01 00:00:00.174192822,0.174192822,0.0,0.0,0.0,0.0,653.8627,0.0,0.0,0.0,-1.5707964,0.0
1970-01-01 00:00:00.174375398,0.174375398,0.0,0.0,0.0,0.0,0.0,151.75865,0.0,0.0,-1.5707964,0.0
1970-01-01 00:00:00.174618537,0.174618537,0.0,0.0,0.0,0.0,163.70915,0.0,0.0,0.0,-1.5707964,0.0
1970-01-01 00:00:00.174631671,0.174631671,0.0,0.0,0.0,302.76233,0.0,0.0,0.0,0.0,-1.5707964,0.0
1970-01-01 00:00:00.174644095,0.174644095,0.0,0.0,0.0,0.0,410.0781,0.0,0.0,0.0,-1.5707964,0.0
1970-01-01 00:00:00.174718214,0.174718214,0.0,0.0,0.0,0.0,0.0,321.7556,0.0,0.0,-1.5707964,0.0
1970-01-01 00:00:00.174784092,0.174784092,0.0,0.0,0.0,0.0,249.39204,0.0,0.0,0.0,-1.5707964,0.0
1970-01-01 00:00:00.174826664,0.174826664,0.0,0.0,0.0,0.0,125.68143,0.0,0.0,0.0,-1.5707964,0.0
1970-01-01 00:00:00.174930042,0.174930042,0.0,0.0,0.0,0.0,149.49648,0.0,0.0,0.0,-1.5707964,0.0
1970-01-01 00:00:00.174971848,0.174971848,0.0,0.0,176.06534,0.0,0.0,0.0,0.0,0.0,-1.5707964,0.0
1970-01-01 00:00:00.175523737,0.175523737,0.0,0.0,0.0,0.0,0.0,450.7006,0.0,0.0,-1.5707964,0.0
1970-01-01 00:00:00.175553813,0.175553813,195.49129,0.0,0.0,0.0,0.0,0.0,0.0,0.0,-1.5707964,0.0
1970-01-01 00:00:00.175688406,0.175688406,0.0,0.0,0.0,192.54124,0.0,0.0,0.0,0.0,-1.5707964,0.0
1970-01-01 00:00:00.175698443,0.175698443,0.0,0.0,0.0,0.0,0.0,474.04797,0.0,0.0,-1.5707964,0.0
1970-01-01 00:00:00.175900724,0.175900724,0.0,0.0,0.0,0.0,0.0,202.07198,0.0,0.0,-1.5707964,0.0
1970-01-01 00:00:00.175936969,0.175936969,0.0,0.0,214.19318,0.0,0.0,0.0,0.0,0.0,-1.5707964,0.0
1970-01-01 00:00:00.175988693,0.175988693,0.0,118.007164,0.0,0.0,0.0,0.0,0.0,0.0,-1.5707964,0.0
1970-01-01 00:00:00.176303434,0.176303434,0.0,112.094154,0.0,0.0,0.0,0.0,0.0,0.0,-1.5707964,0.0
1970-01-01 00:00:00.176809662,0.176809662,0.0,0.0,128.274,0.0,0.0,0.0,0.0,0.0,-1.5707964,0.0
1970-01-01 00:00:00.177210911,0.177210911,0.0,0.0,0.0,0.0,0.0,292.1125,0.0,0.0,-1.5707964,0.0
1970-01-01 00:00:00.177293440,0.17729344,0.0,0.0,0.0,0.0,89.68632,0.0,0.0,0.0,-1.5707964,0.0
1970-01-01 00:00:00.177529972,0.177529972,0.0,0.0,318.63336,0.0,0.0,0.0,0.0,0.0,-1.5707964,0.0
1970-01-01 00:00:00.177564006,0.177564006,0.0,0.0,0.0,0.0,157.0435,0.0,0.0,0.0,-1.5707964,0.0
1970-01-01 00:00:00.177701928,0.177701928,0.0,0.0,0.0,0.0,171.12106,0.0,0.0,0.0,-1.5707964,0.0
1970-01-01 00:00:00.177789080,0.17778908,0.0,0.0,0.0,0.0,338.8698,0.0,0.0,0.0,-1.5707964,0.0
1970-01-01 00:00:00.177854029,0.177854029,0.0,0.0,537.5556,0.0,0.0,0.0,0.0,0.0,-1.5707964,0.0
1970-01-01 00:00:00.177883530,0.17788353,0.0,0.0,0.0,824.9385,0.0,0.0,0.0,0.0,-1.5707964,0.0
1970-01-01 00:00:00.177973838,0.177973838,0.0,0.0,0.0,0.0,0.0,178.74268,0.0,0.0,-1.5707964,0.0
1970-01-01 00:00:00.178090697,0.178090697,0.0,0.0,0.0,380.64767,0.0,0.0,0.0,0.0,-1.5707964,0.0
1970-01-01 00:00:00.178258074,0.178258074,98.37694,0.0,0.0,0.0,0.0,0.0,0.0,0.0,-1.5707964,0.0
1970-01-01 00:00:00.178437891,0.178437891,0.0,0.0,0.0,0.0,1722.1907,0.0,0.0,0.0,-1.5707964,0.0
1970-01-01 00:00:00.178833232,0.178833232,114.22064,0.0,0.0,0.0,0.0,0.0,0.0,0.0,-1.5707964,0.0
1970-01-01 00:00:00.179020141,0.179020141,0.0,0.0,179.84506,0.0,0.0,0.0,0.0,0.0,-1.5707964,0.0
1970-01-01 00:00:00.179091631,0.179091631,0.0,0.0,0.0,0.0,791.57983,0.0,0.0,0.0,-1.5707964,0.0
1970-01-01 00:00:00.179226133,0.179226133,0.0,82.10078,0.0,0.0,0.0,0.0,0.0,0.0,-1.5707964,0.0
1970-01-01 00:00:00.179351664,0.179351664,0.0,131.93634,0.0,0.0,0.0,0.0,0.0,0.0,-1.5707964,0.0
1970-01-01 00:00:00.179400002,0.179400002,0.0,0.0,0.0,0.0,110.10552,0.0,0.0,0.0,-1.5707964,0.0
1970-01-01 00:00:00.179439262,0.179439262,0.0,0.0,0.0,0.0,215.3331,0.0,0.0,0.0,-1.5707964,0.0
1970-01-01 00:00:00.179483704,0.179483704,0.0,0.0,0.0,340.2873,0.0,0.0,0.0,0.0,-1.5707964,0.0
1970-01-01 00:00:00.179485526,0.179485526,0.0,0.0,0.0,0.0,303.22876,0.0,0.0,0.0,-1.5707964,0.0
1970-01-01 00:00:00.179677355,0.179677355,0.0,0.0,0.0,0.0,474.29337,0.0,0.0,0.0,-1.5707964,0.0
1970-01-01 00:00:00.179789819,0.179789819,0.0,0.0,371.61597,0.0,0.0,0.0,0.0,0.0,-1.5707964,0.0
1970-01-01 00:00:00.179799228,0.179799228,0.0,0.0,0.0,0.0,0.0,110.147865,0.0,0.0,-1.5707964,0.0
1970-01-01 00:00:00.179873554,0.179873554,0.0,0.0,0.0,0.0,368.0269,0.0,0.0,0.0,-1.5707964,0.0
1970-01-01 00:00:00.180019341,0.180019341,0.0,561.6913,0.0,0.0,0.0,0.0,0.0,0.0,-1.5707964,0.0
1970-01-01 00:00:00.180119453,0.180119453,0.0,0.0,0.0,147.81363,0.0,0.0,0.0,0.0,-1.5707964,0.0
1970-01-01 00:00:00.180446910,0.18044691,0.0,0.0,0.0,0.0,0.0,176.98811,0.0,0.0,-1.5707964,0.0
1970-01-01 00:00:00.180643526,0.180643526,0.0,0.0,0.0,0.0,109.45458,0.0,0.0,0.0,-1.5707964,0.0
1970-01-01 00:00:00.180763410,0.18076341,0.0,0.0,0.0,0.0,0.0,176.06554,0.0,0.0,-1.5707964,0.0
1970-01-01 00:00:00.180795992,0.180795992,0.0,0.0,0.0,0.0,108.34983,0.0,0.0,0.0,-1.5707964,0.0
1970-01-01 00:00:00.180858563,0.180858563,0.0,0.0,0.0,0.0,86.044205,0.0,0.0,0.0,-1.5707964,0.0
1970-01-01 00:00:00.181155341,0.181155341,0.0,0.0,0.0,0.0,163.53076,0.0,0.0,0.0,-1.5707964,0.0
1970-01-01 00:00:00.181379769,0.181379769,0.0,589.4131,0.0,0.0,0.0,0.0,0.0,0.0,-1.5707964,0.0
1970-01-01 00:00:00.181407738,0.181407738,0.0,0.0,0.0,232.77592,0.0,0.0,0.0,0.0,-1.5707964,0.0
1970-01-01 00:00:00.181410262,0.181410262,0.0,0.0,0.0,0.0,0.0,470.75946,0.0,0.0,-1.5707964,0.0
1970-01-01 00:00:00.181600229,0.181600229,0.0,0.0,0.0,0.0,0.0,212.62057,0.0,0.0,-1.5707964,0.0
1970-01-01 00:00:00.181824385,0.181824385,0.0,0.0,0.0,0.0,180.06871,0.0,0.0,0.0,-1.5707964,0.0
1970-01-01 00:00:00.182026525,0.182026525,0.0,0.0,0.0,0.0,134.9098,0.0,0.0,0.0,-1.5707964,0.0
1970-01-01 00:00:00.182059543,0.182059543,0.0,0.0,0.0,0.0,130.4111,0.0,0.0,0.0,-1.5707964,0.0
1970-01-01 00:00:00.182152158,0.182152158,0.0,0.0,548.12286,0.0,0.0,0.0,0.0,0.0,-1.5707964,0.0
1970-01-01 00:00:00.182203900,0.1822039,0.0,0.0,0.0,0.0,284.5957,0.0,0.0,0.0,-1.5707964,0.0
1970-01-01 00:00:00.182295546,0.182295546,0.0,0.0,0.0,356.27444,0.0,0.0,0.0,0.0,-1.5707964,0.0
1970-01-01 00:00:00.182309400,0.1823094,0.0,0.0,0.0,0.0,457.08173,0.0,0.0,0.0,-1.5707964,0.0
1970-01-01 00:00:00.182401507,0.182401507,0.0,367.35123,0.0,0.0,0.0,0.0,0.0,0.0,-1.5707964,0.0
1970-01-01 00:00:00.182613229,0.182613229,0.0,0.0,0.0,0.0,665.8737,0.0,0.0,0.0,-1.5707964,0.0
1970-01-01 00:00:00.182700871,0.182700871,0.0,0.0,864.8366,0.0,0.0,0.0,0.0,0.0,-1.5707964,0.0
1970-01-01 00:00:00.182700871,0.182700871,0.0,0.0,0.0,0.0,497.67072,0.0,0.0,0.0,-1.5707964,0.0
1970-01-01 00:00:00.182753928,0.182753928,0.0,0.0,0.0,0.0,90.58725,0.0,0.0,0.0,-1.5707964,0.0
1970-01-01 00:00:00.182782261,0.182782261,0.0,0.0,0.0,0.0,117.5608,0.0,0.0,0.0,-1.5707964,0.0
1970-01-01 00:00:00.182937392,0.182937392,0.0,0.0,0.0,0.0,103.409325,0.0,0.0,0.0,-1.5707964,0.0
1970-01-01 00:00:00.183178190,0.18317819,0.0,0.0,0.0,0.0,97.831924,0.0,0.0,0.0,-1.5707964,0.0
1970-01-01 00:00:00.183315933,0.183315933,0.0,0.0,0.0,0.0,104.595894,0.0,0.0,0.0,-1.5707964,0.0
1970-01-01 00:00:00.183388732,0.183388732,0.0,0.0,0.0,185.69508,0.0,0.0,0.0,0.0,-1.5707964,0.0
1970-01-01 00:00:00.183392878,0.183392878,0.0,0.0,164.27478,0.0,0.0,0.0,0.0,0.0,-1.5707964,0.0
1970-01-01 00:00:00.183426070,0.18342607,0.0,0.0,0.0,0.0,247.16718,0.0,0.0,0.0,-1.5707964,0.0
1970-01-01 00:00:00.183484661,0.183484661,0.0,0.0,0.0,100.34144,0.0,0.0,0.0,0.0,-1.5707964,0.0
1970-01-01 00:00:00.183629639,0.183629639,0.0,174.12369,0.0,0.0,0.0,0.0,0.0,0.0,-1.5707964,0.0
1970-01-01 00:00:00.183852039,0.183852039,0.0,0.0,0.0,0.0,216.90723,0.0,0.0,0.0,-1.5707964,0.0
1970-01-01 00:00:00.183874596,0.183874596,0.0,0.0,0.0,171.49603,0.0,0.0,0.0,0.0,-1.5707964,0.0
1970-01-01 00:00:00.183934979,0.183934979,0.0,0.0,0.0,0.0,255.03838,0.0,0.0,0.0,-1.5707964,0.0
1970-01-01 00:00:00.183952635,0.183952635,0.0,0.0,0.0,0.0,0.0,85.52913,0.0,0.0,-1.5707964,0.0
1970-01-01 00:00:00.184506832,0.184506832,0.0,0.0,0.0,0.0,0.0,80.11495,0.0,0.0,-1.5707964,0.0
1970-01-01 00:00:00.184622525,0.184622525,0.0,0.0,0.0,410.63834,0.0,0.0,0.0,0.0,-1.5707964,0.0
1970-01-01 00:00:00.184776129,0.184776129,0.0,0.0,0.0,0.0,146.08458,0.0,0.0,0.0,-1.5707964,0.0
1970-01-01 00:00:00.184792937,0.184792937,0.0,0.0,0.0,0.0,156.07382,0.0,0.0,0.0,-1.5707964,0.0
1970-01-01 00:00:00.185045804,0.185045804,0.0,0.0,0.0,0.0,401.9973,0.0,0.0,0.0,-1.5707964,0.0
1970-01-01 00:00:00.185285485,0.185285485,0.0,0.0,0.0,0.0,783.1161,0.0,0.0,0.0,-1.5707964,0.0
1970-01-01 00:00:00.185611066,0.185611066,0.0,0.0,0.0,0.0,207.41742,0.0,0.0,0.0,-1.5707964,0.0
1970-01-01 00:00:00.185652724,0.185652724,0.0,0.0,0.0,0.0,102.9303,0.0,0.0,0.0,-1.5707964,0.0
1970-01-01 00:00:00.185677058,0.185677058,0.0,0.0,0.0,0.0,130.11719,0.0,0.0,0.0,-1.5707964,0.0
1970-01-01 00:00:00.185900147,0.185900147,0.0,0.0,0.0,200.93869,0.0,0.0,0.0,0.0,-1.5707964,0.0
1970-01-01 00:00:00.186108052,0.186108052,0.0,0.0,0.0,0.0,0.0,207.98965,0.0,0.0,-1.5707964,0.0
1970-01-01 00:00:00.186196740,0.18619674,0.0,0.0,0.0,0.0,99.979034,0.0,0.0,0.0,-1.5707964,0.0
1970-01-01 00:00:00.186344879,0.186344879,0.0,0.0,0.0,0.0,134.16696,0.0,0.0,0.0,-1.5707964,0.0
1970-01-01 00:00:00.186436126,0.186436126,0.0,0.0,0.0,0.0,112.878624,0.0,0.0,0.0,-1.5707964,0.0
1970-01-01 00:00:00.186615688,0.186615688,0.0,0.0,0.0,0.0,0.0,122.102875,0.0,0.0,-1.5707964,0.0
1970-01-01 00:00:00.186722223,0.186722223,0.0,0.0,0.0,0.0,454.61636,0.0,0.0,0.0,-1.5707964,0.0
1970-01-01 00:00:00.187004491,0.187004491,0.0,0.0,0.0,0.0,306.84354,0.0,0.0,0.0,-1.5707964,0.0
1970-01-01 00:00:00.187258305,0.187258305,0.0,0.0,0.0,0.0,323.36,0.0,0.0,0.0,-1.5707964,0.0
1970-01-01 00:00:00.187539081,0.187539081,0.0,0.0,0.0,0.0,467.56552,0.0,0.0,0.0,-1.5707964,0.0
1970-01-01 00:00:00.187573710,0.18757371,0.0,0.0,0.0,0.0,141.1751,0.0,0.0,0.0,-1.5707964,0.0
1970-01-01 00:00:00.187658610,0.18765861,0.0,0.0,0.0,0.0,420.16342,0.0,0.0,0.0,-1.5707964,0.0
1970-01-01 00:00:00.187738856,0.187738856,453.44998,0.0,0.0,0.0,0.0,0.0,0.0,0.0,-1.5707964,0.0
1970-01-01 00:00:00.187738856,0.187738856,0.0,0.0,0.0,0.0,168.66708,0.0,0.0,0.0,-1.5707964,0.0
1970-01-01 00:00:00.187752232,0.187752232,0.0,97.41793,0.0,0.0,0.0,0.0,0.0,0.0,-1.5707964,0.0
1970-01-01 00:00:00.187753761,0.187753761,0.0,0.0,0.0,0.0,384.23834,0.0,0.0,0.0,-1.5707964,0.0
1970-01-01 00:00:00.187875549,0.187875549,0.0,0.0,0.0,0.0,0.0,622.18256,0.0,0.0,-1.5707964,0.0
1970-01-01 00:00:00.187898646,0.187898646,0.0,0.0,0.0,150.70245,0.0,0.0,0.0,0.0,-1.5707964,0.0
1970-01-01 00:00:00.188006408,0.188006408,0.0,0.0,0.0,0.0,207.8298,0.0,0.0,0.0,-1.5707964,0.0
1970-01-01 00:00:00.188037667,0.188037667,0.0,0.0,0.0,0.0,200.53874,0.0,0.0,0.0,-1.5707964,0.0
1970-01-01 00:00:00.188148862,0.188148862,0.0,0.0,0.0,0.0,247.1123,0.0,0.0,0.0,-1.5707964,0.0
1970-01-01 00:00:00.188182232,0.188182232,0.0,0.0,0.0,0.0,0.0,174.85538,0.0,0.0,-1.5707964,0.0
1970-01-01 00:00:00.188554966,0.188554966,0.0,0.0,0.0,1445.7455,0.0,0.0,0.0,0.0,-1.5707964,0.0
1970-01-01 00:00:00.188557389,0.188557389,0.0,0.0,0.0,0.0,645.40295,0.0,0.0,0.0,-1.5707964,0.0
1970-01-01 00:00:00.188557435,0.188557435,0.0,0.0,0.0,0.0,139.85927,0.0,0.0,0.0,-1.5707964,0.0
1970-01-01 00:00:00.188739910,0.18873991,0.0,0.0,0.0,0.0,186.45464,0.0,0.0,0.0,-1.5707964,0.0
1970-01-01 00:00:00.188790974,0.188790974,0.0,0.0,0.0,0.0,0.0,131.16307,0.0,0.0,-1.5707964,0.0
1970-01-01 00:00:00.188840348,0.188840348,0.0,0.0,0.0,0.0,289.39536,0.0,0.0,0.0,-1.5707964,0.0
1970-01-01 00:00:00.189036383,0.189036383,0.0,0.0,0.0,0.0,188.30676,0.0,0.0,0.0,-1.5707964,0.0
1970-01-01 00:00:00.189095961,0.189095961,0.0,0.0,0.0,0.0,299.64896,0.0,0.0,0.0,-1.5707964,0.0
1970-01-01 00:00:00.189197063,0.189197063,0.0,0.0,0.0,0.0,0.0,610.8025,0.0,0.0,-1.5707964,0.0
1970-01-01 00:00:00.189436814,0.189436814,0.0,0.0,0.0,0.0,124.86976,0.0,0.0,0.0,-1.5707964,0.0
1970-01-01 00:00:00.189735828,0.189735828,0.0,0.0,0.0,419.44916,0.0,0.0,0.0,0.0,-1.5707964,0.0
1970-01-01 00:00:00.189788437,0.189788437,0.0,0.0,0.0,0.0,448.38028,0.0,0.0,0.0,-1.5707964,0.0
1970-01-01 00:00:00.189788437,0.189788437,0.0,0.0,0.0,105.20655,0.0,0.0,0.0,0.0,-1.5707964,0.0
1970-01-01 00:00:00.189789865,0.189789865,0.0,0.0,159.26364,0.0,0.0,0.0,0.0,0.0,-1.5707964,0.0
1970-01-01 00:00:00.190068907,0.190068907,0.0,0.0,0.0,0.0,162.14851,0.0,0.0,0.0,-1.5707964,0.0
1970-01-01 00:00:00.190247363,0.190247363,0.0,0.0,0.0,0.0,116.044754,0.0,0.0,0.0,-1.5707964,0.0
1970-01-01 00:00:00.190289598,0.190289598,0.0,0.0,0.0,0.0,114.24392,0.0,0.0,0.0,-1.5707964,0.0
1970-01-01 00:00:00.190445075,0.190445075,0.0,0.0,502.79233,0.0,0.0,0.0,0.0,0.0,-1.5707964,0.0
1970-01-01 00:00:00.190544535,0.190544535,0.0,0.0,0.0,830.2992,0.0,0.0,0.0,0.0,-1.5707964,0.0
1970-01-01 00:00:00.190704208,0.190704208,0.0,0.0,0.0,361.39673,0.0,0.0,0.0,0.0,-1.5707964,0.0
1970-01-01 00:00:00.190836656,0.190836656,0.0,0.0,0.0,0.0,170.26901,0.0,0.0,0.0,-1.5707964,0.0
1970-01-01 00:00:00.190902840,0.19090284,0.0,187.49992,0.0,0.0,0.0,0.0,0.0,0.0,-1.5707964,0.0
1970-01-01 00:00:00.190906204,0.190906204,0.0,0.0,368.88483,0.0,0.0,0.0,0.0,0.0,-1.5707964,0.0
1970-01-01 00:00:00.191377622,0.191377622,0.0,0.0,0.0,0.0,213.18555,0.0,0.0,0.0,-1.5707964,0.0
1970-01-01 00:00:00.191499774,0.191499774,0.0,0.0,0.0,1253.0408,0.0,0.0,0.0,0.0,-1.5707964,0.0
1970-01-01 00:00:00.191912951,0.191912951,0.0,0.0,0.0,0.0,930.8052,0.0,0.0,0.0,-1.5707964,0.0
1970-01-01 00:00:00.191999704,0.191999704,0.0,0.0,0.0,82.30581,0.0,0.0,0.0,0.0,-1.5707964,0.0
1970-01-01 00:00:00.192086771,0.192086771,0.0,0.0,0.0,0.0,0.0,209.76408,0.0,0.0,-1.5707964,0.0
1970-01-01 00:00:00.192153685,0.192153685,0.0,0.0,0.0,0.0,213.04292,0.0,0.0,0.0,-1.5707964,0.0
1970-01-01 00:00:00.192329385,0.192329385,208.5156,0.0,0.0,0.0,0.0,0.0,0.0,0.0,-1.5707964,0.0
1970-01-01 00:00:00.192361306,0.192361306,0.0,0.0,0.0,0.0,674.8232,0.0,0.0,0.0,-1.5707964,0.0
1970-01-01 00:00:00.192537041,0.192537041,0.0,0.0,0.0,0.0,0.0,298.38138,0.0,0.0,-1.5707964,0.0
1970-01-01 00:00:00.192540227,0.192540227,0.0,0.0,0.0,178.14362,0.0,0.0,0.0,0.0,-1.5707964,0.0
1970-01-01 00:00:00.192679776,0.192679776,0.0,0.0,0.0,0.0,0.0,460.04114,0.0,0.0,-1.5707964,0.0
1970-01-01 00:00:00.192687920,0.19268792,0.0,0.0,0.0,688.01526,0.0,0.0,0.0,0.0,-1.5707964,0.0
1970-01-01 00:00:00.192770777,0.192770777,0.0,0.0,0.0,0.0,1642.5411,0.0,0.0,0.0,-1.5707964,0.0
1970-01-01 00:00:00.192781821,0.192781821,277.8758,0.0,0.0,0.0,0.0,0.0,0.0,0.0,-1.5707964,0.0
1970-01-01 00:00:00.192821450,0.19282145,0.0,0.0,0.0,0.0,100.91788,0.0,0.0,0.0,-1.5707964,0.0
1970-01-01 00:00:00.192977617,0.192977617,0.0,0.0,0.0,0.0,147.2244,0.0,0.0,0.0,-1.5707964,0.0
1970-01-01 00:00:00.193072144,0.193072144,0.0,0.0,0.0,0.0,0.0,234.17744,0.0,0.0,-1.5707964,0.0
1970-01-01 00:00:00.193078308,0.193078308,0.0,0.0,0.0,0.0,195.3216,0.0,0.0,0.0,-1.5707964,0.0
1970-01-01 00:00:00.193228726,0.193228726,0.0,0.0,0.0,0.0,306.9958,0.0,0.0,0.0,-1.5707964,0.0
1970-01-01 00:00:00.193408983,0.193408983,0.0,0.0,0.0,0.0,0.0,470.38937,0.0,0.0,-1.5707964,0.0
1970-01-01 00:00:00.193496024,0.193496024,0.0,0.0,0.0,0.0,174.65627,0.0,0.0,0.0,-1.5707964,0.0
1970-01-01 00:00:00.193629576,0.193629576,0.0,0.0,0.0,545.1116,0.0,0.0,0.0,0.0,-1.5707964,0.0
1970-01-01 00:00:00.193631122,0.193631122,0.0,0.0,0.0,0.0,152.47058,0.0,0.0,0.0,-1.5707964,0.0
1970-01-01 00:00:00.193761574,0.193761574,0.0,0.0,0.0,0.0,118.335594,0.0,0.0,0.0,-1.5707964,0.0
1970-01-01 00:00:00.193927578,0.193927578,0.0,0.0,0.0,0.0,463.25183,0.0,0.0,0.0,-1.5707964,0.0
1970-01-01 00:00:00.194115518,0.194115518,0.0,0.0,0.0,0.0,83.01661,0.0,0.0,0.0,-1.5707964,0.0
1970-01-01 00:00:00.194127234,0.194127234,0.0,0.0,0.0,243.44342,0.0,0.0,0.0,0.0,-1.5707964,0.0
1970-01-01 00:00:00.194175982,0.194175982,0.0,0.0,0.0,0.0,86.919334,0.0,0.0,0.0,-1.5707964,0.0
1970-01-01 00:00:00.194339917,0.194339917,0.0,0.0,0.0,0.0,0.0,110.4165,0.0,0.0,-1.5707964,0.0
1970-01-01 00:00:00.194482174,0.194482174,0.0,0.0,0.0,0.0,0.0,221.10582,0.0,0.0,-1.5707964,0.0
1970-01-01 00:00:00.194531658,0.194531658,0.0,0.0,0.0,0.0,100.935646,0.0,0.0,0.0,-1.5707964,0.0
1970-01-01 00:00:00.194697869,0.194697869,0.0,0.0,90.30146,0.0,0.0,0.0,0.0,0.0,-1.5707964,0.0
1970-01-01 00:00:00.194752964,0.194752964,0.0,0.0,0.0,159.4147,0.0,0.0,0.0,0.0,-1.5707964,0.0
1970-01-01 00:00:00.194767856,0.194767856,0.0,0.0,0.0,0.0,0.0,169.5229,0.0,0.0,-1.5707964,0.0
1970-01-01 00:00:00.194906960,0.19490696,0.0,0.0,0.0,0.0,529.9037,0.0,0.0,0.0,-1.5707964,0.0
1970-01-01 00:00:00.194921607,0.194921607,0.0,0.0,0.0,0.0,95.37137,0.0,0.0,0.0,-1.5707964,0.0
1970-01-01 00:00:00.194954169,0.194954169,0.0,0.0,0.0,0.0,217.14674,0.0,0.0,0.0,-1.5707964,0.0
1970-01-01 00:00:00.195040822,0.195040822,0.0,0.0,0.0,0.0,90.956085,0.0,0.0,0.0,-1.5707964,0.0
1970-01-01 00:00:00.195235862,0.195235862,0.0,0.0,0.0,0.0,93.89352,0.0,0.0,0.0,-1.5707964,0.0
1970-01-01 00:00:00.195329472,0.195329472,0.0,0.0,0.0,0.0,746.58746,0.0,0.0,0.0,-1.5707964,0.0
1970-01-01 00:00:00.195373477,0.195373477,0.0,0.0,0.0,0.0,252.80833,0.0,0.0,0.0,-1.5707964,0.0
1970-01-01 00:00:00.195535373,0.195535373,0.0,0.0,352.55038,0.0,0.0,0.0,0.0,0.0,-1.5707964,0.0
1970-01-01 00:00:00.195574355,0.195574355,0.0,0.0,0.0,0.0,453.0618,0.0,0.0,0.0,-1.5707964,0.0
1970-01-01 00:00:00.195675041,0.195675041,0.0,0.0,0.0,0.0,287.30136,0.0,0.0,0.0,-1.5707964,0.0
1970-01-01 00:00:00.195687208,0.195687208,0.0,0.0,0.0,0.0,611.2451,0.0,0.0,0.0,-1.5707964,0.0
1970-01-01 00:00:00.195825404,0.195825404,0.0,0.0,0.0,0.0,0.0,113.07665,0.0,0.0,-1.5707964,0.0
1970-01-01 00:00:00.196091546,0.196091546,0.0,0.0,0.0,0.0,356.77463,0.0,0.0,0.0,-1.5707964,0.0
1970-01-01 00:00:00.196115304,0.196115304,0.0,0.0,0.0,0.0,204.45,0.0,0.0,0.0,-1.5707964,0.0
1970-01-01 00:00:00.196420705,0.196420705,0.0,0.0,0.0,0.0,96.46383,0.0,0.0,0.0,-1.5707964,0.0
1970-01-01 00:00:00.196447506,0.196447506,0.0,0.0,0.0,0.0,157.23196,0.0,0.0,0.0,-1.5707964,0.0
1970-01-01 00:00:00.196454446,0.196454446,0.0,0.0,0.0,0.0,750.3449,0.0,0.0,0.0,-1.5707964,0.0
1970-01-01 00:00:00.196502879,0.196502879,0.0,0.0,0.0,0.0,117.8057,0.0,0.0,0.0,-1.5707964,0.0
1970-01-01 00:00:00.196526188,0.196526188,0.0,181.03627,0.0,0.0,0.0,0.0,0.0,0.0,-1.5707964,0.0
1970-01-01 00:00:00.196664510,0.19666451,0.0,0.0,0.0,100.70528,0.0,0.0,0.0,0.0,-1.5707964,0.0
1970-01-01 00:00:00.196722284,0.196722284,0.0,0.0,0.0,0.0,0.0,134.35919,0.0,0.0,-1.5707964,0.0
1970-01-01 00:00:00.196790245,0.196790245,0.0,0.0,0.0,0.0,103.73599,0.0,0.0,0.0,-1.5707964,0.0
1970-01-01 00:00:00.196954099,0.196954099,115.329414,0.0,0.0,0.0,0.0,0.0,0.0,0.0,-1.5707964,0.0
1970-01-01 00:00:00.197188228,0.197188228,0.0,0.0,0.0,0.0,382.22748,0.0,0.0,0.0,-1.5707964,0.0
1970-01-01 00:00:00.197289956,0.197289956,0.0,0.0,0.0,0.0,130.55072,0.0,0.0,0.0,-1.5707964,0.0
1970-01-01 00:00:00.197487334,0.197487334,0.0,0.0,250.58583,0.0,0.0,0.0,0.0,0.0,-1.5707964,0.0
1970-01-01 00:00:00.197513115,0.197513115,0.0,0.0,0.0,0.0,161.3939,0.0,0.0,0.0,-1.5707964,0.0
1970-01-01 00:00:00.197655159,0.197655159,0.0,0.0,0.0,0.0,725.88904,0.0,0.0,0.0,-1.5707964,0.0
1970-01-01 00:00:00.197659229,0.197659229,0.0,0.0,0.0,0.0,192.70827,0.0,0.0,0.0,-1.5707964,0.0
1970-01-01 00:00:00.197660203,0.197660203,0.0,0.0,0.0,0.0,129.30357,0.0,0.0,0.0,-1.5707964,0.0
1970-01-01 00:00:00.197890107,0.197890107,0.0,0.0,0.0,0.0,112.55878,0.0,0.0,0.0,-1.5707964,0.0
1970-01-01 00:00:00.197936902,0.197936902,0.0,0.0,0.0,0.0,212.89706,0.0,0.0,0.0,-1.5707964,0.0
1970-01-01 00:00:00.198043593,0.198043593,0.0,0.0,186.71544,0.0,0.0,0.0,0.0,0.0,-1.5707964,0.0
1970-01-01 00:00:00.198634281,0.198634281,0.0,0.0,0.0,0.0,87.10179,0.0,0.0,0.0,-1.5707964,0.0
1970-01-01 00:00:00.198734157,0.198734157,0.0,0.0,0.0,0.0,817.07104,0.0,0.0,0.0,-1.5707964,0.0
1970-01-01 00:00:00.198969657,0.198969657,0.0,0.0,170.43384,0.0,0.0,0.0,0.0,0.0,-1.5707964,0.0
1970-01-01 00:00:00.199083192,0.199083192,0.0,0.0,0.0,0.0,197.11293,0.0,0.0,0.0,-1.5707964,0.0
1970-01-01 00:00:00.199278144,0.199278144,0.0,165.3727,0.0,0.0,0.0,0.0,0.0,0.0,-1.5707964,0.0
1970-01-01 00:00:00.199346571,0.199346571,0.0,0.0,238.84584,0.0,0.0,0.0,0.0,0.0,-1.5707964,0.0
1970-01-01 00:00:00.199454454,0.199454454,0.0,0.0,0.0,0.0,180.80516,0.0,0.0,0.0,-1.5707964,0.0
1970-01-01 00:00:00.199457305,0.199457305,0.0,0.0,0.0,0.0,0.0,1077.7717,0.0,0.0,-1.5707964,0.0
1970-01-01 00:00:00.199461933,0.199461933,0.0,117.618614,0.0,0.0,0.0,0.0,0.0,0.0,-1.5707964,0.0
1970-01-01 00:00:00.199647730,0.19964773,0.0,0.0,0.0,0.0,213.8419,0.0,0.0,0.0,-1.5707964,0.0
1970-01-01 00:00:00.199719215,0.199719215,0.0,0.0,626.05457,0.0,0.0,0.0,0.0,0.0,-1.5707964,0.0
1970-01-01 00:00:00.199888357,0.199888357,0.0,0.0,0.0,0.0,305.74075,0.0,0.0,0.0,-1.5707964,0.0
1970-01-01 00:00:00.199901728,0.199901728,0.0,261.87833,0.0,0.0,0.0,0.0,0.0,0.0,-1.5707964,0.0
1970-01-01 00:00:00.200019264,0.200019264,0.0,0.0,0.0,616.2336,0.0,0.0,0.0,0.0,-1.5707964,0.0
1970-01-01 00:00:00.200137171,0.200137171,0.0,0.0,0.0,0.0,127.90708,0.0,0.0,0.0,-1.5707964,0.0
1970-01-01 00:00:00.200145323,0.200145323,0.0,0.0,0.0,0.0,597.6908,0.0,0.0,0.0,-1.5707964,0.0
1970-01-01 00:00:00.200289341,0.200289341,0.0,0.0,0.0,111.02162,0.0,0.0,0.0,0.0,-1.5707964,0.0
1970-01-01 00:00:00.200566202,0.200566202,0.0,0.0,0.0,0.0,153.3768,0.0,0.0,0.0,-1.5707964,0.0
1970-01-01 00:00:00.200595089,0.200595089,0.0,0.0,0.0,119.893486,0.0,0.0,0.0,0.0,-1.5707964,0.0
1970-01-01 00:00:00.200663007,0.200663007,0.0,0.0,0.0,280.73486,0.0,0.0,0.0,0.0,-1.5707964,0.0
1970-01-01 00:00:00.200716756,0.200716756,0.0,0.0,0.0,0.0,207.87936,0.0,0.0,0.0,-1.5707964,0.0
1970-01-01 00:00:00.200749456,0.200749456,0.0,0.0,0.0,0.0,238.59593,0.0,0.0,0.0,-1.5707964,0.0
1970-01-01 00:00:00.200799801,0.200799801,0.0,180.40964,0.0,0.0,0.0,0.0,0.0,0.0,-1.5707964,0.0
1970-01-01 00:00:00.200966991,0.200966991,0.0,0.0,0.0,158.30945,0.0,0.0,0.0,0.0,-1.5707964,0.0
1970-01-01 00:00:00.201288177,0.201288177,0.0,0.0,0.0,0.0,228.54674,0.0,0.0,0.0,-1.5707964,0.0
1970-01-01 00:00:00.201305096,0.201305096,0.0,0.0,0.0,0.0,180.22255,0.0,0.0,0.0,-1.5707964,0.0
1970-01-01 00:00:00.201311444,0.201311444,0.0,0.0,0.0,0.0,0.0,188.54727,0.0,0.0,-1.5707964,0.0
1970-01-01 00:00:00.201448845,0.201448845,0.0,0.0,0.0,0.0,186.34816,0.0,0.0,0.0,-1.5707964,0.0
1970-01-01 00:00:00.201475328,0.201475328,0.0,0.0,0.0,0.0,278.56714,0.0,0.0,0.0,-1.5707964,0.0
1970-01-01 00:00:00.201510111,0.201510111,0.0,0.0,0.0,0.0,0.0,365.69412,0.0,0.0,-1.5707964,0.0
1970-01-01 00:00:00.201546351,0.201546351,0.0,0.0,0.0,0.0,168.81789,0.0,0.0,0.0,-1.5707964,0.0
1970-01-01 00:00:00.201552947,0.201552947,0.0,0.0,0.0,163.6622,0.0,0.0,0.0,0.0,-1.5707964,0.0
1970-01-01 00:00:00.201689050,0.20168905,0.0,0.0,0.0,0.0,132.75705,0.0,0.0,0.0,-1.5707964,0.0
1970-01-01 00:00:00.201947925,0.201947925,0.0,0.0,0.0,146.36465,0.0,0.0,0.0,0.0,-1.5707964,0.0
1970-01-01 00:00:00.202000858,0.202000858,0.0,0.0,0.0,378.06396,0.0,0.0,0.0,0.0,-1.5707964,0.0
1970-01-01 00:00:00.202037450,0.20203745,0.0,0.0,0.0,0.0,482.13602,0.0,0.0,0.0,-1.5707964,0.0
1970-01-01 00:00:00.202050593,0.202050593,0.0,0.0,0.0,110.43475,0.0,0.0,0.0,0.0,-1.5707964,0.0
1970-01-01 00:00:00.202147109,0.202147109,0.0,0.0,0.0,116.24643,0.0,0.0,0.0,0.0,-1.5707964,0.0
1970-01-01 00:00:00.202179069,0.202179069,0.0,1983.3027,0.0,0.0,0.0,0.0,0.0,0.0,-1.5707964,0.0
1970-01-01 00:00:00.202217013,0.202217013,0.0,161.84134,0.0,0.0,0.0,0.0,0.0,0.0,-1.5707964,0.0
1970-01-01 00:00:00.202328924,0.202328924,0.0,0.0,0.0,0.0,223.21362,0.0,0.0,0.0,-1.5707964,0.0
1970-01-01 00:00:00.202364362,0.202364362,0.0,0.0,143.31363,0.0,0.0,0.0,0.0,0.0,-1.5707964,0.0
1970-01-01 00:00:00.202399875,0.202399875,0.0,0.0,0.0,0.0,162.60188,0.0,0.0,0.0,-1.5707964,0.0
1970-01-01 00:00:00.202441820,0.20244182,0.0,474.62924,0.0,0.0,0.0,0.0,0.0,0.0,-1.5707964,0.0
1970-01-01 00:00:00.202449992,0.202449992,0.0,0.0,0.0,144.82826,0.0,0.0,0.0,0.0,-1.5707964,0.0
1970-01-01 00:00:00.202835483,0.202835483,0.0,0.0,0.0,0.0,821.21765,0.0,0.0,0.0,-1.5707964,0.0
1970-01-01 00:00:00.203188109,0.203188109,0.0,0.0,729.2968,0.0,0.0,0.0,0.0,0.0,-1.5707964,0.0
1970-01-01 00:00:00.203316146,0.203316146,0.0,0.0,166.7274,0.0,0.0,0.0,0.0,0.0,-1.5707964,0.0
1970-01-01 00:00:00.203858371,0.203858371,0.0,0.0,0.0,0.0,0.0,130.35077,0.0,0.0,-1.5707964,0.0
1970-01-01 00:00:00.203866353,0.203866353,0.0,0.0,789.0798,0.0,0.0,0.0,0.0,0.0,-1.5707964,0.0
1970-01-01 00:00:00.203966804,0.203966804,0.0,0.0,0.0,0.0,160.4781,0.0,0.0,0.0,-1.5707964,0.0
1970-01-01 00:00:00.204506646,0.204506646,0.0,0.0,101.922356,0.0,0.0,0.0,0.0,0.0,-1.5707964,0.0
1970-01-01 00:00:00.204578827,0.204578827,121.87575,0.0,0.0,0.0,0.0,0.0,0.0,0.0,-1.5707964,0.0
1970-01-01 00:00:00.204613632,0.204613632,0.0,186.71375,0.0,0.0,0.0,0.0,0.0,0.0,-1.5707964,0.0
1970-01-01 00:00:00.204652396,0.204652396,0.0,0.0,0.0,0.0,2577.7153,0.0,0.0,0.0,-1.5707964,0.0
1970-01-01 00:00:00.204677620,0.20467762,0.0,0.0,0.0,0.0,115.9085,0.0,0.0,0.0,-1.5707964,0.0
1970-01-01 00:00:00.204736776,0.204736776,0.0,0.0,0.0,0.0,0.0,1032.5638,0.0,0.0,-1.5707964,0.0
1970-01-01 00:00:00.204851602,0.204851602,0.0,0.0,329.82635,0.0,0.0,0.0,0.0,0.0,-1.5707964,0.0
1970-01-01 00:00:00.205024515,0.205024515,0.0,270.88593,0.0,0.0,0.0,0.0,0.0,0.0,-1.5707964,0.0
1970-01-01 00:00:00.205101317,0.205101317,0.0,0.0,0.0,0.0,244.51427,0.0,0.0,0.0,-1.5707964,0.0
1970-01-01 00:00:00.205191607,0.205191607,0.0,0.0,0.0,0.0,276.002,0.0,0.0,0.0,-1.5707964,0.0
1970-01-01 00:00:00.205222333,0.205222333,0.0,0.0,0.0,0.0,404.08853,0.0,0.0,0.0,-1.5707964,0.0
1970-01-01 00:00:00.205311562,0.205311562,0.0,0.0,0.0,0.0,277.1641,0.0,0.0,0.0,-1.5707964,0.0
1970-01-01 00:00:00.205330873,0.205330873,0.0,0.0,0.0,0.0,130.77266,0.0,0.0,0.0,-1.5707964,0.0
1970-01-01 00:00:00.205405701,0.205405701,0.0,428.1536,0.0,0.0,0.0,0.0,0.0,0.0,-1.5707964,0.0
1970-01-01 00:00:00.205444494,0.205444494,0.0,0.0,0.0,0.0,0.0,127.21439,0.0,0.0,-1.5707964,0.0
1970-01-01 00:00:00.205736404,0.205736404,0.0,0.0,0.0,0.0,118.1547,0.0,0.0,0.0,-1.5707964,0.0
1970-01-01 00:00:00.205750205,0.205750205,0.0,0.0,0.0,0.0,137.4776,0.0,0.0,0.0,-1.5707964,0.0
1970-01-01 00:00:00.205851396,0.205851396,0.0,0.0,0.0,0.0,533.325,0.0,0.0,0.0,-1.5707964,0.0
1970-01-01 00:00:00.205875868,0.205875868,0.0,0.0,0.0,0.0,122.557495,0.0,0.0,0.0,-1.5707964,0.0
1970-01-01 00:00:00.206136276,0.206136276,0.0,0.0,0.0,0.0,108.35069,0.0,0.0,0.0,-1.5707964,0.0
1970-01-01 00:00:00.206230906,0.206230906,0.0,0.0,285.60486,0.0,0.0,0.0,0.0,0.0,-1.5707964,0.0
1970-01-01 00:00:00.206271740,0.20627174,0.0,0.0,0.0,0.0,483.54956,0.0,0.0,0.0,-1.5707964,0.0
1970-01-01 00:00:00.206362808,0.206362808,0.0,0.0,0.0,221.01282,0.0,0.0,0.0,0.0,-1.5707964,0.0
1970-01-01 00:00:00.206406941,0.206406941,0.0,707.0241,0.0,0.0,0.0,0.0,0.0,0.0,-1.5707964,0.0
1970-01-01 00:00:00.206525160,0.20652516,0.0,0.0,0.0,0.0,174.29053,0.0,0.0,0.0,-1.5707964,0.0
1970-01-01 00:00:00.206561434,0.206561434,0.0,0.0,0.0,257.04895,0.0,0.0,0.0,0.0,-1.5707964,0.0
1970-01-01 00:00:00.206679480,0.20667948,0.0,0.0,0.0,0.0,293.47827,0.0,0.0,0.0,-1.5707964,0.0
1970-01-01 00:00:00.206686282,0.206686282,0.0,0.0,0.0,0.0,789.5311,0.0,0.0,0.0,-1.5707964,0.0
1970-01-01 00:00:00.206926422,0.206926422,0.0,0.0,0.0,0.0,81.0383,0.0,0.0,0.0,-1.5707964,0.0
1970-01-01 00:00:00.207092785,0.207092785,0.0,0.0,0.0,0.0,451.6056,0.0,0.0,0.0,-1.5707964,0.0
1970-01-01 00:00:00.207166170,0.20716617,0.0,0.0,0.0,0.0,0.0,186.60493,0.0,0.0,-1.5707964,0.0
1970-01-01 00:00:00.207302225,0.207302225,0.0,0.0,278.6777,0.0,0.0,0.0,0.0,0.0,-1.5707964,0.0
1970-01-01 00:00:00.207335354,0.207335354,0.0,0.0,0.0,0.0,125.9959,0.0,0.0,0.0,-1.5707964,0.0
1970-01-01 00:00:00.207393061,0.207393061,0.0,0.0,0.0,0.0,0.0,82.02854,0.0,0.0,-1.5707964,0.0
1970-01-01 00:00:00.207511689,0.207511689,0.0,0.0,0.0,0.0,835.6483,0.0,0.0,0.0,-1.5707964,0.0
1970-01-01 00:00:00.207551735,0.207551735,0.0,0.0,0.0,0.0,440.5001,0.0,0.0,0.0,-1.5707964,0.0
1970-01-01 00:00:00.207564216,0.207564216,0.0,0.0,0.0,0.0,174.78418,0.0,0.0,0.0,-1.5707964,0.0
1970-01-01 00:00:00.207668893,0.207668893,0.0,0.0,0.0,85.92663,0.0,0.0,0.0,0.0,-1.5707964,0.0
1970-01-01 00:00:00.207770357,0.207770357,0.0,287.83212,0.0,0.0,0.0,0.0,0.0,0.0,-1.5707964,0.0
1970-01-01 00:00:00.207816898,0.207816898,0.0,0.0,0.0,0.0,396.11975,0.0,0.0,0.0,-1.5707964,0.0
1970-01-01 00:00:00.207919047,0.207919047,0.0,0.0,0.0,0.0,402.1107,0.0,0.0,0.0,-1.5707964,0.0
1970-01-01 00:00:00.207993912,0.207993912,0.0,0.0,0.0,0.0,167.30421,0.0,0.0,0.0,-1.5707964,0.0
1970-01-01 00:00:00.208094578,0.208094578,0.0,0.0,0.0,85.39191,0.0,0.0,0.0,0.0,-1.5707964,0.0
1970-01-01 00:00:00.208142893,0.208142893,0.0,129.36848,0.0,0.0,0.0,0.0,0.0,0.0,-1.5707964,0.0
1970-01-01 00:00:00.208212989,0.208212989,0.0,0.0,0.0,0.0,0.0,313.85727,0.0,0.0,-1.5707964,0.0
1970-01-01 00:00:00.208316605,0.208316605,0.0,0.0,0.0,0.0,91.1592,0.0,0.0,0.0,-1.5707964,0.0
1970-01-01 00:00:00.208371785,0.208371785,0.0,0.0,119.03278,0.0,0.0,0.0,0.0,0.0,-1.5707964,0.0
1970-01-01 00:00:00.208473529,0.208473529,0.0,0.0,0.0,0.0,316.34338,0.0,0.0,0.0,-1.5707964,0.0
1970-01-01 00:00:00.208475051,0.208475051,0.0,0.0,0.0,0.0,110.64773,0.0,0.0,0.0,-1.5707964,0.0
1970-01-01 00:00:00.208629482,0.208629482,0.0,0.0,0.0,0.0,366.81982,0.0,0.0,0.0,-1.5707964,0.0
1970-01-01 00:00:00.208691612,0.208691612,0.0,0.0,0.0,133.1162,0.0,0.0,0.0,0.0,-1.5707964,0.0
1970-01-01 00:00:00.208748803,0.208748803,0.0,0.0,0.0,0.0,370.78262,0.0,0.0,0.0,-1.5707964,0.0
1970-01-01 00:00:00.208827738,0.208827738,0.0,0.0,0.0,0.0,0.0,121.31129,0.0,0.0,-1.5707964,0.0
1970-01-01 00:00:00.209037677,0.209037677,0.0,0.0,0.0,0.0,0.0,742.2418,0.0,0.0,-1.5707964,0.0
1970-01-01 00:00:00.209106104,0.209106104,0.0,0.0,0.0,0.0,115.21646,0.0,0.0,0.0,-1.5707964,0.0
1970-01-01 00:00:00.209240507,0.209240507,0.0,0.0,0.0,336.50314,0.0,0.0,0.0,0.0,-1.5707964,0.0
1970-01-01 00:00:00.209260194,0.209260194,0.0,0.0,0.0,0.0,522.81195,0.0,0.0,0.0,-1.5707964,0.0
1970-01-01 00:00:00.209461158,0.209461158,0.0,0.0,0.0,0.0,169.58514,0.0,0.0,0.0,-1.5707964,0.0
1970-01-01 00:00:00.209596274,0.209596274,0.0,0.0,0.0,129.80295,0.0,0.0,0.0,0.0,-1.5707964,0.0
1970-01-01 00:00:00.209695528,0.209695528,0.0,0.0,0.0,0.0,681.57074,0.0,0.0,0.0,-1.5707964,0.0
1970-01-01 00:00:00.209723831,0.209723831,0.0,0.0,0.0,0.0,174.80687,0.0,0.0,0.0,-1.5707964,0.0
1970-01-01 00:00:00.209823796,0.209823796,0.0,0.0,0.0,919.78357,0.0,0.0,0.0,0.0,-1.5707964,0.0
1970-01-01 00:00:00.209863231,0.209863231,0.0,0.0,0.0,0.0,209.26175,0.0,0.0,0.0,-1.5707964,0.0
1970-01-01 00:00:00.209945463,0.209945463,0.0,125.3996,0.0,0.0,0.0,0.0,0.0,0.0,-1.5707964,0.0
1970-01-01 00:00:00.209951923,0.209951923,0.0,0.0,0.0,163.0791,0.0,0.0,0.0,0.0,-1.5707964,0.0
1970-01-01 00:00:00.210310457,0.210310457,0.0,0.0,0.0,0.0,138.98798,0.0,0.0,0.0,-1.5707964,0.0
1970-01-01 00:00:00.210420775,0.210420775,0.0,0.0,0.0,0.0,286.49097,0.0,0.0,0.0,-1.5707964,0.0
1970-01-01 00:00:00.210425646,0.210425646,0.0,0.0,0.0,218.17776,0.0,0.0,0.0,0.0,-1.5707964,0.0
1970-01-01 00:00:00.210620555,0.210620555,0.0,0.0,0.0,0.0,97.570946,0.0,0.0,0.0,-1.5707964,0.0
1970-01-01 00:00:00.210737229,0.210737229,0.0,0.0,0.0,0.0,253.56064,0.0,0.0,0.0,-1.5707964,0.0
1970-01-01 00:00:00.210934934,0.210934934,0.0,0.0,0.0,0.0,88.37628,0.0,0.0,0.0,-1.5707964,0.0
1970-01-01 00:00:00.210990105,0.210990105,0.0,0.0,0.0,149.96115,0.0,0.0,0.0,0.0,-1.5707964,0.0
1970-01-01 00:00:00.210994065,0.210994065,0.0,0.0,0.0,0.0,283.26385,0.0,0.0,0.0,-1.5707964,0.0
1970-01-01 00:00:00.211088381,0.211088381,0.0,0.0,0.0,0.0,0.0,209.2927,0.0,0.0,-1.5707964,0.0
1970-01-01 00:00:00.211131875,0.211131875,0.0,0.0,394.00284,0.0,0.0,0.0,0.0,0.0,-1.5707964,0.0
1970-01-01 00:00:00.211149850,0.21114985,0.0,0.0,0.0,0.0,114.091675,0.0,0.0,0.0,-1.5707964,0.0
1970-01-01 00:00:00.211176787,0.211176787,0.0,0.0,0.0,0.0,171.59369,0.0,0.0,0.0,-1.5707964,0.0
1970-01-01 00:00:00.211394164,0.211394164,0.0,121.201164,0.0,0.0,0.0,0.0,0.0,0.0,-1.5707964,0.0
1970-01-01 00:00:00.211403486,0.211403486,0.0,0.0,351.41132,0.0,0.0,0.0,0.0,0.0,-1.5707964,0.0
1970-01-01 00:00:00.211429823,0.211429823,0.0,0.0,0.0,212.9051,0.0,0.0,0.0,0.0,-1.5707964,0.0
1970-01-01 00:00:00.211484587,0.211484587,0.0,0.0,141.0072,0.0,0.0,0.0,0.0,0.0,-1.5707964,0.0
1970-01-01 00:00:00.211614580,0.21161458,0.0,0.0,0.0,283.0404,0.0,0.0,0.0,0.0,-1.5707964,0.0
1970-01-01 00:00:00.211752920,0.21175292,0.0,0.0,0.0,83.59602,0.0,0.0,0.0,0.0,-1.5707964,0.0
1970-01-01 00:00:00.211780893,0.211780893,0.0,0.0,0.0,0.0,151.7698,0.0,0.0,0.0,-1.5707964,0.0
1970-01-01 00:00:00.211907997,0.211907997,0.0,0.0,0.0,0.0,116.79828,0.0,0.0,0.0,-1.5707964,0.0
1970-01-01 00:00:00.211967654,0.211967654,0.0,0.0,0.0,150.08049,0.0,0.0,0.0,0.0,-1.5707964,0.0
1970-01-01 00:00:00.211991451,0.211991451,0.0,0.0,0.0,0.0,265.95377,0.0,0.0,0.0,-1.5707964,0.0
1970-01-01 00:00:00.212109201,0.212109201,0.0,0.0,0.0,0.0,210.86406,0.0,0.0,0.0,-1.5707964,0.0
1970-01-01 00:00:00.212256993,0.212256993,0.0,0.0,0.0,0.0,171.01372,0.0,0.0,0.0,-1.5707964,0.0
1970-01-01 00:00:00.212450865,0.212450865,0.0,0.0,0.0,0.0,0.0,315.33966,0.0,0.0,-1.5707964,0.0
1970-01-01 00:00:00.212454865,0.212454865,0.0,0.0,0.0,0.0,148.50375,0.0,0.0,0.0,-1.5707964,0.0
1970-01-01 00:00:00.212461348,0.212461348,0.0,0.0,0.0,0.0,550.92786,0.0,0.0,0.0,-1.5707964,0.0
1970-01-01 00:00:00.212575668,0.212575668,0.0,0.0,0.0,0.0,290.34583,0.0,0.0,0.0,-1.5707964,0.0
1970-01-01 00:00:00.212595444,0.212595444,0.0,0.0,0.0,0.0,0.0,150.87607,0.0,0.0,-1.5707964,0.0
1970-01-01 00:00:00.212623325,0.212623325,0.0,0.0,0.0,0.0,369.1036,0.0,0.0,0.0,-1.5707964,0.0
1970-01-01 00:00:00.212740242,0.212740242,0.0,0.0,0.0,0.0,191.97559,0.0,0.0,0.0,-1.5707964,0.0
1970-01-01 00:00:00.212877412,0.212877412,0.0,0.0,0.0,0.0,339.3018,0.0,0.0,0.0,-1.5707964,0.0
1970-01-01 00:00:00.213095284,0.213095284,0.0,0.0,548.6371,0.0,0.0,0.0,0.0,0.0,-1.5707964,0.0
1970-01-01 00:00:00.213095284,0.213095284,0.0,0.0,0.0,0.0,319.22977,0.0,0.0,0.0,-1.5707964,0.0
1970-01-01 00:00:00.213389216,0.213389216,0.0,0.0,0.0,0.0,182.84955,0.0,0.0,0.0,-1.5707964,0.0
1970-01-01 00:00:00.213480535,0.213480535,0.0,0.0,0.0,494.15527,0.0,0.0,0.0,0.0,-1.5707964,0.0
1970-01-01 00:00:00.213640410,0.21364041,0.0,0.0,0.0,90.76362,0.0,0.0,0.0,0.0,-1.5707964,0.0
1970-01-01 00:00:00.213849661,0.213849661,0.0,0.0,0.0,186.31184,0.0,0.0,0.0,0.0,-1.5707964,0.0
1970-01-01 00:00:00.214038429,0.214038429,0.0,0.0,86.91089,0.0,0.0,0.0,0.0,0.0,-1.5707964,0.0
1970-01-01 00:00:00.214173536,0.214173536,0.0,0.0,0.0,0.0,705.0451,0.0,0.0,0.0,-1.5707964,0.0
1970-01-01 00:00:00.214241804,0.214241804,0.0,0.0,0.0,0.0,271.465,0.0,0.0,0.0,-1.5707964,0.0
1970-01-01 00:00:00.214247234,0.214247234,0.0,0.0,0.0,1151.3497,0.0,0.0,0.0,0.0,-1.5707964,0.0
1970-01-01 00:00:00.214329450,0.21432945,0.0,0.0,0.0,0.0,119.223564,0.0,0.0,0.0,-1.5707964,0.0
1970-01-01 00:00:00.214498067,0.214498067,0.0,0.0,0.0,0.0,0.0,933.38824,0.0,0.0,-1.5707964,0.0
1970-01-01 00:00:00.214527762,0.214527762,0.0,0.0,0.0,0.0,96.03875,0.0,0.0,0.0,-1.5707964,0.0
1970-01-01 00:00:00.214656630,0.21465663,0.0,0.0,0.0,121.18149,0.0,0.0,0.0,0.0,-1.5707964,0.0
1970-01-01 00:00:00.214682118,0.214682118,0.0,0.0,0.0,0.0,90.85156,0.0,0.0,0.0,-1.5707964,0.0
1970-01-01 00:00:00.214704815,0.214704815,0.0,0.0,655.955,0.0,0.0,0.0,0.0,0.0,-1.5707964,0.0
1970-01-01 00:00:00.214795636,0.214795636,0.0,0.0,0.0,90.546646,0.0,0.0,0.0,0.0,-1.5707964,0.0
1970-01-01 00:00:00.214827273,0.214827273,0.0,0.0,0.0,0.0,0.0,286.91046,0.0,0.0,-1.5707964,0.0
1970-01-01 00:00:00.214933470,0.21493347,0.0,0.0,0.0,373.80545,0.0,0.0,0.0,0.0,-1.5707964,0.0
1970-01-01 00:00:00.215029933,0.215029933,0.0,0.0,0.0,169.98404,0.0,0.0,0.0,0.0,-1.5707964,0.0
1970-01-01 00:00:00.215123749,0.215123749,0.0,0.0,0.0,0.0,752.84845,0.0,0.0,0.0,-1.5707964,0.0
1970-01-01 00:00:00.215165696,0.215165696,155.48248,0.0,0.0,0.0,0.0,0.0,0.0,0.0,-1.5707964,0.0
1970-01-01 00:00:00.215267789,0.215267789,0.0,0.0,0.0,0.0,161.38756,0.0,0.0,0.0,-1.5707964,0.0
1970-01-01 00:00:00.215351620,0.21535162,0.0,0.0,0.0,0.0,95.318436,0.0,0.0,0.0,-1.5707964,0.0
1970-01-01 00:00:00.215372535,0.215372535,0.0,0.0,0.0,0.0,0.0,87.47331,0.0,0.0,-1.5707964,0.0
1970-01-01 00:00:00.215450443,0.215450443,0.0,0.0,0.0,0.0,463.08206,0.0,0.0,0.0,-1.5707964,0.0
1970-01-01 00:00:00.215525132,0.215525132,0.0,0.0,162.98691,0.0,0.0,0.0,0.0,0.0,-1.5707964,0.0
1970-01-01 00:00:00.215830326,0.215830326,0.0,0.0,0.0,164.59473,0.0,0.0,0.0,0.0,-1.5707964,0.0
1970-01-01 00:00:00.215911582,0.215911582,0.0,0.0,0.0,0.0,207.13692,0.0,0.0,0.0,-1.5707964,0.0
1970-01-01 00:00:00.216017504,0.216017504,0.0,0.0,0.0,0.0,119.018776,0.0,0.0,0.0,-1.5707964,0.0
1970-01-01 00:00:00.216018593,0.216018593,0.0,0.0,0.0,211.61563,0.0,0.0,0.0,0.0,-1.5707964,0.0
1970-01-01 00:00:00.216060309,0.216060309,0.0,0.0,0.0,0.0,439.57098,0.0,0.0,0.0,-1.5707964,0.0
1970-01-01 00:00:00.216158178,0.216158178,0.0,0.0,0.0,0.0,701.15546,0.0,0.0,0.0,-1.5707964,0.0
1970-01-01 00:00:00.216239198,0.216239198,0.0,0.0,0.0,0.0,188.14388,0.0,0.0,0.0,-1.5707964,0.0
1970-01-01 00:00:00.216341986,0.216341986,0.0,0.0,0.0,0.0,99.47371,0.0,0.0,0.0,-1.5707964,0.0
1970-01-01 00:00:00.216784377,0.216784377,0.0,0.0,0.0,0.0,1086.0446,0.0,0.0,0.0,-1.5707964,0.0
1970-01-01 00:00:00.216809782,0.216809782,0.0,0.0,0.0,0.0,152.57231,0.0,0.0,0.0,-1.5707964,0.0
1970-01-01 00:00:00.216824627,0.216824627,0.0,0.0,0.0,0.0,82.711365,0.0,0.0,0.0,-1.5707964,0.0
1970-01-01 00:00:00.216899218,0.216899218,0.0,0.0,0.0,0.0,218.88567,0.0,0.0,0.0,-1.5707964,0.0
1970-01-01 00:00:00.217074858,0.217074858,0.0,0.0,0.0,0.0,413.20206,0.0,0.0,0.0,-1.5707964,0.0
1970-01-01 00:00:00.217140906,0.217140906,0.0,0.0,0.0,0.0,257.85196,0.0,0.0,0.0,-1.5707964,0.0
1970-01-01 00:00:00.217201932,0.217201932,0.0,0.0,0.0,0.0,0.0,206.23566,0.0,0.0,-1.5707964,0.0
1970-01-01 00:00:00.217213516,0.217213516,0.0,0.0,0.0,100.10348,0.0,0.0,0.0,0.0,-1.5707964,0.0
1970-01-01 00:00:00.217335014,0.217335014,0.0,0.0,0.0,0.0,504.93063,0.0,0.0,0.0,-1.5707964,0.0
1970-01-01 00:00:00.217586602,0.217586602,0.0,0.0,0.0,0.0,0.0,152.26503,0.0,0.0,-1.5707964,0.0
1970-01-01 00:00:00.217811108,0.217811108,0.0,0.0,0.0,0.0,178.07018,0.0,0.0,0.0,-1.5707964,0.0
1970-01-01 00:00:00.217817778,0.217817778,0.0,0.0,0.0,0.0,303.7465,0.0,0.0,0.0,-1.5707964,0.0
1970-01-01 00:00:00.217938356,0.217938356,0.0,0.0,0.0,0.0,126.61281,0.0,0.0,0.0,-1.5707964,0.0
1970-01-01 00:00:00.217958843,0.217958843,0.0,0.0,0.0,0.0,183.51468,0.0,0.0,0.0,-1.5707964,0.0
1970-01-01 00:00:00.218056263,0.218056263,0.0,0.0,0.0,0.0,142.07336,0.0,0.0,0.0,-1.5707964,0.0
1970-01-01 00:00:00.218099893,0.218099893,0.0,0.0,0.0,0.0,352.05133,0.0,0.0,0.0,-1.5707964,0.0
1970-01-01 00:00:00.218262830,0.21826283,0.0,0.0,0.0,99.29261,0.0,0.0,0.0,0.0,-1.5707964,0.0
1970-01-01 00:00:00.218289814,0.218289814,131.34529,0.0,0.0,0.0,0.0,0.0,0.0,0.0,-1.5707964,0.0
1970-01-01 00:00:00.218363656,0.218363656,0.0,0.0,390.8862,0.0,0.0,0.0,0.0,0.0,-1.5707964,0.0
1970-01-01 00:00:00.218383056,0.218383056,0.0,410.47794,0.0,0.0,0.0,0.0,0.0,0.0,-1.5707964,0.0
1970-01-01 00:00:00.218614479,0.218614479,0.0,0.0,222.47656,0.0,0.0,0.0,0.0,0.0,-1.5707964,0.0
1970-01-01 00:00:00.218630139,0.218630139,0.0,0.0,0.0,0.0,171.72697,0.0,0.0,0.0,-1.5707964,0.0
1970-01-01 00:00:00.218640050,0.21864005,0.0,0.0,0.0,0.0,779.825,0.0,0.0,0.0,-1.5707964,0.0
1970-01-01 00:00:00.218722066,0.218722066,0.0,0.0,0.0,0.0,535.988,0.0,0.0,0.0,-1.5707964,0.0
1970-01-01 00:00:00.218735728,0.218735728,0.0,0.0,0.0,0.0,113.41697,0.0,0.0,0.0,-1.5707964,0.0
1970-01-01 00:00:00.218773033,0.218773033,0.0,0.0,0.0,0.0,0.0,209.35269,0.0,0.0,-1.5707964,0.0
1970-01-01 00:00:00.218810731,0.218810731,0.0,0.0,0.0,0.0,0.0,325.9068,0.0,0.0,-1.5707964,0.0
1970-01-01 00:00:00.218810731,0.218810731,0.0,0.0,0.0,0.0,0.0,106.892075,0.0,0.0,-1.5707964,0.0
1970-01-01 00:00:00.218904309,0.218904309,0.0,0.0,0.0,0.0,0.0,562.76575,0.0,0.0,-1.5707964,0.0
1970-01-01 00:00:00.218982801,0.218982801,0.0,0.0,0.0,0.0,243.2962,0.0,0.0,0.0,-1.5707964,0.0
1970-01-01 00:00:00.219151189,0.219151189,0.0,0.0,0.0,0.0,97.66523,0.0,0.0,0.0,-1.5707964,0.0
1970-01-01 00:00:00.219377746,0.219377746,0.0,0.0,0.0,0.0,400.0598,0.0,0.0,0.0,-1.5707964,0.0
1970-01-01 00:00:00.219515934,0.219515934,0.0,0.0,0.0,0.0,131.18716,0.0,0.0,0.0,-1.5707964,0.0
1970-01-01 00:00:00.219753038,0.219753038,0.0,0.0,0.0,0.0,589.4048,0.0,0.0,0.0,-1.5707964,0.0
1970-01-01 00:00:00.219912879,0.219912879,0.0,594.57227,0.0,0.0,0.0,0.0,0.0,0.0,-1.5707964,0.0
1970-01-01 00:00:00.219986998,0.219986998,0.0,0.0,0.0,0.0,84.640114,0.0,0.0,0.0,-1.5707964,0.0
1970-01-01 00:00:00.220082412,0.220082412,0.0,0.0,0.0,0.0,0.0,248.24248,0.0,0.0,-1.5707964,0.0
1970-01-01 00:00:00.220263053,0.220263053,0.0,0.0,0.0,429.40332,0.0,0.0,0.0,0.0,-1.5707964,0.0
1970-01-01 00:00:00.220295365,0.220295365,0.0,0.0,0.0,0.0,0.0,234.26694,0.0,0.0,-1.5707964,0.0
1970-01-01 00:00:00.220344251,0.220344251,0.0,0.0,0.0,0.0,143.86165,0.0,0.0,0.0,-1.5707964,0.0
1970-01-01 00:00:00.220421584,0.220421584,90.21045,0.0,0.0,0.0,0.0,0.0,0.0,0.0,-1.5707964,0.0
1970-01-01 00:00:00.220620011,0.220620011,0.0,0.0,0.0,184.43947,0.0,0.0,0.0,0.0,-1.5707964,0.0
1970-01-01 00:00:00.220805079,0.220805079,0.0,0.0,0.0,179.92105,0.0,0.0,0.0,0.0,-1.5707964,0.0
1970-01-01 00:00:00.220849852,0.220849852,0.0,0.0,0.0,0.0,259.65546,0.0,0.0,0.0,-1.5707964,0.0
1970-01-01 00:00:00.220860220,0.22086022,0.0,0.0,0.0,0.0,431.8164,0.0,0.0,0.0,-1.5707964,0.0
1970-01-01 00:00:00.220904035,0.220904035,0.0,0.0,0.0,0.0,1027.3552,0.0,0.0,0.0,-1.5707964,0.0
1970-01-01 00:00:00.221000955,0.221000955,0.0,0.0,0.0,0.0,317.34616,0.0,0.0,0.0,-1.5707964,0.0
1970-01-01 00:00:00.221285917,0.221285917,0.0,101.87407,0.0,0.0,0.0,0.0,0.0,0.0,-1.5707964,0.0
1970-01-01 00:00:00.221291894,0.221291894,0.0,0.0,0.0,135.12201,0.0,0.0,0.0,0.0,-1.5707964,0.0
1970-01-01 00:00:00.221426912,0.221426912,0.0,0.0,0.0,0.0,345.18842,0.0,0.0,0.0,-1.5707964,0.0
1970-01-01 00:00:00.221457454,0.221457454,0.0,0.0,0.0,0.0,142.11118,0.0,0.0,0.0,-1.5707964,0.0
1970-01-01 00:00:00.221506095,0.221506095,0.0,0.0,0.0,0.0,139.72276,0.0,0.0,0.0,-1.5707964,0.0
1970-01-01 00:00:00.221508791,0.221508791,0.0,0.0,0.0,0.0,0.0,163.24767,0.0,0.0,-1.5707964,0.0
1970-01-01 00:00:00.221545478,0.221545478,0.0,0.0,0.0,0.0,100.49721,0.0,0.0,0.0,-1.5707964,0.0
1970-01-01 00:00:00.221640420,0.22164042,0.0,0.0,0.0,0.0,0.0,184.4948,0.0,0.0,-1.5707964,0.0
1970-01-01 00:00:00.221661248,0.221661248,0.0,0.0,0.0,0.0,103.245705,0.0,0.0,0.0,-1.5707964,0.0
1970-01-01 00:00:00.221758229,0.221758229,0.0,0.0,0.0,0.0,610.49146,0.0,0.0,0.0,-1.5707964,0.0
1970-01-01 00:00:00.221869329,0.221869329,0.0,0.0,0.0,0.0,137.7731,0.0,0.0,0.0,-1.5707964,0.0
1970-01-01 00:00:00.221885843,0.221885843,0.0,0.0,0.0,0.0,127.92729,0.0,0.0,0.0,-1.5707964,0.0
1970-01-01 00:00:00.221932063,0.221932063,0.0,0.0,0.0,0.0,86.19379,0.0,0.0,0.0,-1.5707964,0.0
1970-01-01 00:00:00.221963247,0.221963247,0.0,0.0,0.0,0.0,113.97004,0.0,0.0,0.0,-1.5707964,0.0
1970-01-01 00:00:00.222001116,0.222001116,0.0,0.0,0.0,0.0,159.00484,0.0,0.0,0.0,-1.5707964,0.0
1970-01-01 00:00:00.222129254,0.222129254,0.0,0.0,0.0,0.0,146.92436,0.0,0.0,0.0,-1.5707964,0.0
1970-01-01 00:00:00.222144216,0.222144216,0.0,0.0,0.0,0.0,87.21487,0.0,0.0,0.0,-1.5707964,0.0
1970-01-01 00:00:00.222168916,0.222168916,0.0,0.0,0.0,0.0,373.3778,0.0,0.0,0.0,-1.5707964,0.0
1970-01-01 00:00:00.222243796,0.222243796,0.0,0.0,101.93035,0.0,0.0,0.0,0.0,0.0,-1.5707964,0.0
1970-01-01 00:00:00.222336739,0.222336739,0.0,0.0,0.0,271.85168,0.0,0.0,0.0,0.0,-1.5707964,0.0
1970-01-01 00:00:00.222344339,0.222344339,0.0,0.0,0.0,0.0,82.53621,0.0,0.0,0.0,-1.5707964,0.0
1970-01-01 00:00:00.222524758,0.222524758,0.0,0.0,0.0,100.28681,0.0,0.0,0.0,0.0,-1.5707964,0.0
1970-01-01 00:00:00.222576738,0.222576738,0.0,0.0,0.0,0.0,86.97945,0.0,0.0,0.0,-1.5707964,0.0
1970-01-01 00:00:00.222649105,0.222649105,0.0,0.0,0.0,0.0,274.25586,0.0,0.0,0.0,-1.5707964,0.0
1970-01-01 00:00:00.222653754,0.222653754,87.363914,0.0,0.0,0.0,0.0,0.0,0.0,0.0,-1.5707964,0.0
1970-01-01 00:00:00.222776473,0.222776473,0.0,0.0,0.0,0.0,96.48533,0.0,0.0,0.0,-1.5707964,0.0
1970-01-01 00:00:00.222854954,0.222854954,0.0,0.0,119.51131,0.0,0.0,0.0,0.0,0.0,-1.5707964,0.0
1970-01-01 00:00:00.223020095,0.223020095,0.0,0.0,0.0,0.0,0.0,215.83403,0.0,0.0,-1.5707964,0.0
1970-01-01 00:00:00.223188589,0.223188589,0.0,0.0,139.69331,0.0,0.0,0.0,0.0,0.0,-1.5707964,0.0
1970-01-01 00:00:00.223207039,0.223207039,0.0,0.0,0.0,147.75299,0.0,0.0,0.0,0.0,-1.5707964,0.0
1970-01-01 00:00:00.223242789,0.223242789,0.0,150.45047,0.0,0.0,0.0,0.0,0.0,0.0,-1.5707964,0.0
1970-01-01 00:00:00.223263430,0.22326343,0.0,0.0,0.0,0.0,0.0,358.4904,0.0,0.0,-1.5707964,0.0
1970-01-01 00:00:00.223717600,0.2237176,0.0,0.0,120.597626,0.0,0.0,0.0,0.0,0.0,-1.5707964,0.0
1970-01-01 00:00:00.223763706,0.223763706,0.0,0.0,0.0,0.0,290.80502,0.0,0.0,0.0,-1.5707964,0.0
1970-01-01 00:00:00.223916662,0.223916662,0.0,0.0,0.0,158.61304,0.0,0.0,0.0,0.0,-1.5707964,0.0
1970-01-01 00:00:00.223931701,0.223931701,0.0,137.54189,0.0,0.0,0.0,0.0,0.0,0.0,-1.5707964,0.0
1970-01-01 00:00:00.224263366,0.224263366,0.0,0.0,0.0,0.0,0.0,231.16876,0.0,0.0,-1.5707964,0.0
1970-01-01 00:00:00.224293621,0.224293621,0.0,0.0,0.0,0.0,138.71277,0.0,0.0,0.0,-1.5707964,0.0
1970-01-01 00:00:00.224424149,0.224424149,0.0,0.0,0.0,0.0,472.8659,0.0,0.0,0.0,-1.5707964,0.0
1970-01-01 00:00:00.224471200,0.2244712,0.0,0.0,0.0,0.0,0.0,205.30856,0.0,0.0,-1.5707964,0.0
1970-01-01 00:00:00.224481744,0.224481744,0.0,0.0,0.0,0.0,456.69708,0.0,0.0,0.0,-1.5707964,0.0
1970-01-01 00:00:00.224630985,0.224630985,0.0,0.0,0.0,185.59903,0.0,0.0,0.0,0.0,-1.5707964,0.0
1970-01-01 00:00:00.224708550,0.22470855,0.0,0.0,0.0,0.0,0.0,376.41348,0.0,0.0,-1.5707964,0.0
1970-01-01 00:00:00.224825582,0.224825582,0.0,0.0,162.92027,0.0,0.0,0.0,0.0,0.0,-1.5707964,0.0
1970-01-01 00:00:00.224849794,0.224849794,0.0,0.0,0.0,585.2604,0.0,0.0,0.0,0.0,-1.5707964,0.0
1970-01-01 00:00:00.224933630,0.22493363,0.0,0.0,0.0,0.0,0.0,425.67758,0.0,0.0,-1.5707964,0.0
1970-01-01 00:00:00.224967572,0.224967572,0.0,0.0,118.20354,0.0,0.0,0.0,0.0,0.0,-1.5707964,0.0
1970-01-01 00:00:00.224999827,0.224999827,0.0,0.0,0.0,0.0,106.5104,0.0,0.0,0.0,-1.5707964,0.0
1970-01-01 00:00:00.225001238,0.225001238,0.0,0.0,0.0,546.0156,0.0,0.0,0.0,0.0,-1.5707964,0.0
1970-01-01 00:00:00.225084607,0.225084607,0.0,0.0,0.0,0.0,187.91905,0.0,0.0,0.0,-1.5707964,0.0
1970-01-01 00:00:00.225353428,0.225353428,588.07196,0.0,0.0,0.0,0.0,0.0,0.0,0.0,-1.5707964,0.0
1970-01-01 00:00:00.225408004,0.225408004,0.0,0.0,0.0,130.89217,0.0,0.0,0.0,0.0,-1.5707964,0.0
1970-01-01 00:00:00.225620039,0.225620039,0.0,0.0,0.0,0.0,119.987595,0.0,0.0,0.0,-1.5707964,0.0
1970-01-01 00:00:00.225622088,0.225622088,0.0,0.0,0.0,0.0,0.0,190.21193,0.0,0.0,-1.5707964,0.0
1970-01-01 00:00:00.225701788,0.225701788,0.0,0.0,0.0,0.0,459.2921,0.0,0.0,0.0,-1.5707964,0.0
1970-01-01 00:00:00.225775929,0.225775929,0.0,0.0,0.0,0.0,470.16525,0.0,0.0,0.0,-1.5707964,0.0
1970-01-01 00:00:00.225791050,0.22579105,0.0,0.0,0.0,0.0,145.97911,0.0,0.0,0.0,-1.5707964,0.0
1970-01-01 00:00:00.225856884,0.225856884,0.0,107.17415,0.0,0.0,0.0,0.0,0.0,0.0,-1.5707964,0.0
1970-01-01 00:00:00.225918226,0.225918226,0.0,0.0,0.0,0.0,824.95294,0.0,0.0,0.0,-1.5707964,0.0
1970-01-01 00:00:00.226021704,0.226021704,0.0,0.0,0.0,0.0,349.882,0.0,0.0,0.0,-1.5707964,0.0
1970-01-01 00:00:00.226119190,0.22611919,0.0,0.0,0.0,0.0,168.42302,0.0,0.0,0.0,-1.5707964,0.0
1970-01-01 00:00:00.226261452,0.226261452,0.0,0.0,0.0,0.0,193.01947,0.0,0.0,0.0,-1.5707964,0.0
1970-01-01 00:00:00.226891630,0.22689163,0.0,153.83838,0.0,0.0,0.0,0.0,0.0,0.0,-1.5707964,0.0
1970-01-01 00:00:00.227418472,0.227418472,0.0,0.0,0.0,561.0383,0.0,0.0,0.0,0.0,-1.5707964,0.0
1970-01-01 00:00:00.227516135,0.227516135,0.0,0.0,0.0,0.0,404.6604,0.0,0.0,0.0,-1.5707964,0.0
1970-01-01 00:00:00.227643667,0.227643667,0.0,0.0,0.0,0.0,86.811935,0.0,0.0,0.0,-1.5707964,0.0
1970-01-01 00:00:00.227652193,0.227652193,0.0,0.0,0.0,0.0,121.46767,0.0,0.0,0.0,-1.5707964,0.0
1970-01-01 00:00:00.227767015,0.227767015,0.0,0.0,0.0,0.0,93.38786,0.0,0.0,0.0,-1.5707964,0.0
1970-01-01 00:00:00.228038015,0.228038015,0.0,105.06295,0.0,0.0,0.0,0.0,0.0,0.0,-1.5707964,0.0
1970-01-01 00:00:00.228069792,0.228069792,0.0,0.0,0.0,0.0,197.59642,0.0,0.0,0.0,-1.5707964,0.0
1970-01-01 00:00:00.228223346,0.228223346,178.04948,0.0,0.0,0.0,0.0,0.0,0.0,0.0,-1.5707964,0.0
1970-01-01 00:00:00.228223346,0.228223346,586.1294,0.0,0.0,0.0,0.0,0.0,0.0,0.0,-1.5707964,0.0
1970-01-01 00:00:00.228411864,0.228411864,0.0,0.0,0.0,0.0,0.0,95.01894,0.0,0.0,-1.5707964,0.0
1970-01-01 00:00:00.228476631,0.228476631,0.0,0.0,0.0,163.51372,0.0,0.0,0.0,0.0,-1.5707964,0.0
1970-01-01 00:00:00.228531720,0.22853172,0.0,0.0,0.0,0.0,184.80339,0.0,0.0,0.0,-1.5707964,0.0
1970-01-01 00:00:00.228874602,0.228874602,0.0,0.0,0.0,0.0,356.88434,0.0,0.0,0.0,-1.5707964,0.0
1970-01-01 00:00:00.228946625,0.228946625,0.0,0.0,0.0,227.52348,0.0,0.0,0.0,0.0,-1.5707964,0.0
1970-01-01 00:00:00.229009955,0.229009955,0.0,0.0,0.0,0.0,373.6714,0.0,0.0,0.0,-1.5707964,0.0
1970-01-01 00:00:00.229054233,0.229054233,0.0,0.0,0.0,0.0,105.44732,0.0,0.0,0.0,-1.5707964,0.0
1970-01-01 00:00:00.229350379,0.229350379,0.0,0.0,0.0,0.0,580.39514,0.0,0.0,0.0,-1.5707964,0.0
1970-01-01 00:00:00.229492712,0.229492712,0.0,0.0,0.0,138.5228,0.0,0.0,0.0,0.0,-1.5707964,0.0
1970-01-01 00:00:00.229971865,0.229971865,0.0,0.0,86.634186,0.0,0.0,0.0,0.0,0.0,-1.5707964,0.0
1970-01-01 00:00:00.229972257,0.229972257,0.0,0.0,0.0,0.0,129.11424,0.0,0.0,0.0,-1.5707964,0.0
1970-01-01 00:00:00.230075812,0.230075812,0.0,297.33197,0.0,0.0,0.0,0.0,0.0,0.0,-1.5707964,0.0
1970-01-01 00:00:00.230284646,0.230284646,0.0,0.0,0.0,0.0,112.32167,0.0,0.0,0.0,-1.5707964,0.0
1970-01-01 00:00:00.230426315,0.230426315,0.0,0.0,0.0,0.0,0.0,454.43393,0.0,0.0,-1.5707964,0.0
1970-01-01 00:00:00.231032727,0.231032727,0.0,0.0,0.0,122.73205,0.0,0.0,0.0,0.0,-1.5707964,0.0
1970-01-01 00:00:00.231059391,0.231059391,0.0,0.0,0.0,0.0,269.12653,0.0,0.0,0.0,-1.5707964,0.0
1970-01-01 00:00:00.231106721,0.231106721,0.0,0.0,0.0,737.2028,0.0,0.0,0.0,0.0,-1.5707964,0.0
1970-01-01 00:00:00.231171068,0.231171068,0.0,0.0,115.133675,0.0,0.0,0.0,0.0,0.0,-1.5707964,0.0
1970-01-01 00:00:00.231694000,0.231694,0.0,0.0,0.0,730.7124,0.0,0.0,0.0,0.0,-1.5707964,0.0
1970-01-01 00:00:00.231860933,0.231860933,0.0,0.0,697.99384,0.0,0.0,0.0,0.0,0.0,-1.5707964,0.0
1970-01-01 00:00:00.231980052,0.231980052,0.0,0.0,0.0,0.0,875.84265,0.0,0.0,0.0,-1.5707964,0.0
1970-01-01 00:00:00.232084318,0.232084318,0.0,0.0,0.0,0.0,92.14535,0.0,0.0,0.0,-1.5707964,0.0
1970-01-01 00:00:00.232498604,0.232498604,0.0,0.0,0.0,0.0,260.58597,0.0,0.0,0.0,-1.5707964,0.0
1970-01-01 00:00:00.232562940,0.23256294,0.0,0.0,0.0,0.0,145.63564,0.0,0.0,0.0,-1.5707964,0.0
1970-01-01 00:00:00.232609230,0.23260923,0.0,0.0,0.0,0.0,466.4657,0.0,0.0,0.0,-1.5707964,0.0
1970-01-01 00:00:00.232634442,0.232634442,0.0,0.0,0.0,0.0,254.25493,0.0,0.0,0.0,-1.5707964,0.0
1970-01-01 00:00:00.232749856,0.232749856,0.0,252.83377,0.0,0.0,0.0,0.0,0.0,0.0,-1.5707964,0.0
1970-01-01 00:00:00.232909383,0.232909383,0.0,0.0,0.0,119.93436,0.0,0.0,0.0,0.0,-1.5707964,0.0
1970-01-01 00:00:00.232978849,0.232978849,0.0,0.0,1410.5989,0.0,0.0,0.0,0.0,0.0,-1.5707964,0.0
1970-01-01 00:00:00.233666718,0.233666718,0.0,0.0,0.0,0.0,113.108444,0.0,0.0,0.0,-1.5707964,0.0
1970-01-01 00:00:00.233874345,0.233874345,0.0,0.0,0.0,135.92786,0.0,0.0,0.0,0.0,-1.5707964,0.0
1970-01-01 00:00:00.234154781,0.234154781,0.0,0.0,0.0,0.0,265.71625,0.0,0.0,0.0,-1.5707964,0.0
1970-01-01 00:00:00.234248039,0.234248039,0.0,0.0,0.0,205.1791,0.0,0.0,0.0,0.0,-1.5707964,0.0
1970-01-01 00:00:00.234490294,0.234490294,0.0,0.0,0.0,0.0,444.75293,0.0,0.0,0.0,-1.5707964,0.0
1970-01-01 00:00:00.234502463,0.234502463,0.0,0.0,208.0376,0.0,0.0,0.0,0.0,0.0,-1.5707964,0.0
1970-01-01 00:00:00.234644268,0.234644268,0.0,0.0,0.0,0.0,0.0,134.70506,0.0,0.0,-1.5707964,0.0
1970-01-01 00:00:00.234792568,0.234792568,0.0,0.0,0.0,0.0,0.0,525.1138,0.0,0.0,-1.5707964,0.0
1970-01-01 00:00:00.235271691,0.235271691,0.0,0.0,0.0,0.0,225.23793,0.0,0.0,0.0,-1.5707964,0.0
1970-01-01 00:00:00.235794661,0.235794661,0.0,0.0,0.0,83.1014,0.0,0.0,0.0,0.0,-1.5707964,0.0
1970-01-01 00:00:00.235887158,0.235887158,0.0,0.0,0.0,0.0,187.6652,0.0,0.0,0.0,-1.5707964,0.0
1970-01-01 00:00:00.235919296,0.235919296,0.0,0.0,174.65614,0.0,0.0,0.0,0.0,0.0,-1.5707964,0.0
1970-01-01 00:00:00.236042278,0.236042278,0.0,0.0,0.0,877.61475,0.0,0.0,0.0,0.0,-1.5707964,0.0
1970-01-01 00:00:00.236194940,0.23619494,0.0,0.0,0.0,0.0,93.11527,0.0,0.0,0.0,-1.5707964,0.0
1970-01-01 00:00:00.236351583,0.236351583,0.0,0.0,0.0,171.98053,0.0,0.0,0.0,0.0,-1.5707964,0.0
1970-01-01 00:00:00.236564612,0.236564612,0.0,0.0,359.3071,0.0,0.0,0.0,0.0,0.0,-1.5707964,0.0
1970-01-01 00:00:00.236858310,0.23685831,0.0,0.0,0.0,0.0,110.80314,0.0,0.0,0.0,-1.5707964,0.0
1970-01-01 00:00:00.236951905,0.236951905,0.0,0.0,160.34781,0.0,0.0,0.0,0.0,0.0,-1.5707964,0.0
1970-01-01 00:00:00.236979072,0.236979072,0.0,0.0,169.7334,0.0,0.0,0.0,0.0,0.0,-1.5707964,0.0
1970-01-01 00:00:00.237555466,0.237555466,0.0,153.48422,0.0,0.0,0.0,0.0,0.0,0.0,-1.5707964,0.0
1970-01-01 00:00:00.237709648,0.237709648,0.0,0.0,0.0,0.0,127.66036,0.0,0.0,0.0,-1.5707964,0.0
1970-01-01 00:00:00.238040047,0.238040047,0.0,0.0,0.0,0.0,235.4212,0.0,0.0,0.0,-1.5707964,0.0
1970-01-01 00:00:00.239011844,0.239011844,0.0,0.0,0.0,0.0,87.78949,0.0,0.0,0.0,-1.5707964,0.0
1970-01-01 00:00:00.239189196,0.239189196,0.0,0.0,0.0,387.697,0.0,0.0,0.0,0.0,-1.5707964,0.0
1970-01-01 00:00:00.239208239,0.239208239,0.0,0.0,0.0,0.0,214.13834,0.0,0.0,0.0,-1.5707964,0.0
1970-01-01 00:00:00.239616911,0.239616911,0.0,0.0,161.94557,0.0,0.0,0.0,0.0,0.0,-1.5707964,0.0
1970-01-01 00:00:00.240143120,0.24014312,0.0,0.0,0.0,0.0,394.20563,0.0,0.0,0.0,-1.5707964,0.0
1970-01-01 00:00:00.240502828,0.240502828,0.0,0.0,0.0,0.0,504.9121,0.0,0.0,0.0,-1.5707964,0.0
1970-01-01 00:00:00.241207050,0.24120705,0.0,0.0,0.0,0.0,240.3441,0.0,0.0,0.0,-1.5707964,0.0
1970-01-01 00:00:00.241761507,0.241761507,0.0,0.0,0.0,0.0,93.15201,0.0,0.0,0.0,-1.5707964,0.0
1970-01-01 00:00:00.242231327,0.242231327,0.0,0.0,0.0,0.0,200.7075,0.0,0.0,0.0,-1.5707964,0.0
1970-01-01 00:00:00.242525072,0.242525072,0.0,0.0,0.0,0.0,221.0587,0.0,0.0,0.0,-1.5707964,0.0
1970-01-01 00:00:00.243639741,0.243639741,0.0,0.0,0.0,0.0,0.0,126.56544,0.0,0.0,-1.5707964,0.0
1970-01-01 00:00:00.245750865,0.245750865,0.0,0.0,0.0,0.0,357.9421,0.0,0.0,0.0,-1.5707964,0.0
1970-01-01 00:00:00.246034591,0.246034591,0.0,0.0,80.91438,0.0,0.0,0.0,0.0,0.0,-1.5707964,0.0
1970-01-01 00:00:00.246963170,0.24696317,0.0,0.0,0.0,0.0,399.48138,0.0,0.0,0.0,-1.5707964,0.0
1970-01-01 00:00:00.247727767,0.247727767,0.0,0.0,0.0,365.2025,0.0,0.0,0.0,0.0,-1.5707964,0.0
1970-01-01 00:00:00.250892426,0.250892426,0.0,0.0,0.0,0.0,225.267,0.0,0.0,0.0,-1.5707964,0.0
1970-01-01 00:00:00.252211275,0.252211275,0.0,0.0,0.0,0.0,89.366974,0.0,0.0,0.0,-1.5707964,0.0
1970-01-01 00:00:00.252941821,0.252941822,0.0,0.0,0.0,0.0,469.33643,0.0,0.0,0.0,-1.5707964,0.0
1970-01-01 00:00:00.253003182,0.253003182,229.13696,0.0,0.0,0.0,0.0,0.0,0.0,0.0,-1.5707964,0.0
1970-01-01 00:00:00.253511353,0.253511353,0.0,0.0,0.0,0.0,646.457,0.0,0.0,0.0,-1.5707964,0.0
1970-01-01 00:00:00.254016902,0.254016902,0.0,0.0,0.0,0.0,177.24661,0.0,0.0,0.0,-1.5707964,0.0
1970-01-01 00:00:00.254135300,0.254135301,0.0,0.0,0.0,0.0,169.20331,0.0,0.0,0.0,-1.5707964,0.0
1970-01-01 00:00:00.254294994,0.254294994,0.0,0.0,0.0,0.0,175.45155,0.0,0.0,0.0,-1.5707964,0.0
1970-01-01 00:00:00.254621522,0.254621522,0.0,0.0,0.0,0.0,145.90096,0.0,0.0,0.0,-1.5707964,0.0
1970-01-01 00:00:00.255069730,0.25506973,0.0,0.0,0.0,0.0,595.9846,0.0,0.0,0.0,-1.5707964,0.0
1970-01-01 00:00:00.255871114,0.255871114,0.0,0.0,0.0,0.0,139.71573,0.0,0.0,0.0,-1.5707964,0.0
1970-01-01 00:00:00.256187997,0.256187998,0.0,0.0,0.0,0.0,93.2414,0.0,0.0,0.0,-1.5707964,0.0
1970-01-01 00:00:00.257693426,0.257693427,0.0,0.0,0.0,0.0,0.0,140.90741,0.0,0.0,-1.5707964,0.0
1970-01-01 00:00:00.258128966,0.258128966,0.0,0.0,0.0,0.0,118.45018,0.0,0.0,0.0,-1.5707964,0.0
1970-01-01 00:00:00.258264648,0.258264648,0.0,0.0,0.0,0.0,0.0,168.61461,0.0,0.0,-1.5707964,0.0
1970-01-01 00:00:00.258329456,0.258329456,0.0,0.0,0.0,0.0,136.96327,0.0,0.0,0.0,-1.5707964,0.0
1970-01-01 00:00:00.259033899,0.2590339,0.0,90.1841,0.0,0.0,0.0,0.0,0.0,0.0,-1.5707964,0.0
1970-01-01 00:00:00.259523669,0.25952367,0.0,0.0,0.0,0.0,469.09314,0.0,0.0,0.0,-1.5707964,0.0
1970-01-01 00:00:00.259687400,0.259687401,0.0,0.0,0.0,971.7527,0.0,0.0,0.0,0.0,-1.5707964,0.0
1970-01-01 00:00:00.260504407,0.260504407,0.0,0.0,0.0,0.0,397.46085,0.0,0.0,0.0,-1.5707964,0.0
1970-01-01 00:00:00.261213439,0.261213439,0.0,85.23695,0.0,0.0,0.0,0.0,0.0,0.0,-1.5707964,0.0
1970-01-01 00:00:00.263521940,0.26352194,0.0,0.0,0.0,0.0,278.00864,0.0,0.0,0.0,-1.5707964,0.0
1970-01-01 00:00:00.264112093,0.264112093,0.0,268.2043,0.0,0.0,0.0,0.0,0.0,0.0,-1.5707964,0.0
1970-01-01 00:00:00.267030005,0.267030005,0.0,0.0,0.0,0.0,0.0,403.4041,0.0,0.0,-1.5707964,0.0
1970-01-01 00:00:00.268542989,0.268542989,0.0,0.0,0.0,0.0,0.0,201.56886,0.0,0.0,-1.5707964,0.0
1970-01-01 00:00:00.270052317,0.270052317,0.0,164.28192,0.0,0.0,0.0,0.0,0.0,0.0,-1.5707964,0.0
1970-01-01 00:00:00.270222194,0.270222194,0.0,0.0,131.03001,0.0,0.0,0.0,0.0,0.0,-1.5707964,0.0
1970-01-01 00:00:00.270460418,0.270460418,0.0,0.0,0.0,0.0,0.0,101.43397,0.0,0.0,-1.5707964,0.0
1970-01-01 00:00:00.270988387,0.270988387,0.0,0.0,0.0,0.0,114.95817,0.0,0.0,0.0,-1.5707964,0.0
1970-01-01 00:00:00.272413974,0.272413974,0.0,0.0,0.0,0.0,155.51994,0.0,0.0,0.0,-1.5707964,0.0
1970-01-01 00:00:00.276503032,0.276503032,0.0,543.5797,0.0,0.0,0.0,0.0,0.0,0.0,-1.5707964,0.0
1970-01-01 00:00:00.278149030,0.27814903,0.0,0.0,0.0,349.87396,0.0,0.0,0.0,0.0,-1.5707964,0.0
1970-01-01 00:00:00.278459922,0.278459922,0.0,0.0,0.0,0.0,167.07767,0.0,0.0,0.0,-1.5707964,0.0
1970-01-01 00:00:00.279166966,0.279166966,0.0,0.0,0.0,0.0,332.8561,0.0,0.0,0.0,-1.5707964,0.0
1970-01-01 00:00:00.283621607,0.283621607,0.0,154.06703,0.0,0.0,0.0,0.0,0.0,0.0,-1.5707964,0.0
1970-01-01 00:00:00.297559579,0.297559579,0.0,0.0,0.0,0.0,283.8817,0.0,0.0,0.0,-1.5707964,0.0
1970-01-01 00:00:00.298061279,0.298061279,0.0,0.0,110.02407,0.0,0.0,0.0,0.0,0.0,-1.5707964,0.0
1970-01-01 00:00:00.300214326,0.300214326,0.0,0.0,0.0,0.0,111.93956,0.0,0.0,0.0,-1.5707964,0.0
1970-01-01 00:00:00.302419443,0.302419443,0.0,0.0,0.0,0.0,659.65295,0.0,0.0,0.0,-1.5707964,0.0
1970-01-01 00:00:00.303139789,0.303139789,0.0,0.0,0.0,0.0,0.0,191.35388,0.0,0.0,-1.5707964,0.0
1970-01-01 00:00:00.305697533,0.305697533,0.0,0.0,0.0,0.0,92.95708,0.0,0.0,0.0,-1.5707964,0.0
1970-01-01 00:00:00.305700163,0.305700163,0.0,0.0,225.32848,0.0,0.0,0.0,0.0,0.0,-1.5707964,0.0
1970-01-01 00:00:00.305787797,0.305787797,0.0,0.0,0.0,0.0,688.1023,0.0,0.0,0.0,-1.5707964,0.0
1970-01-01 00:00:00.306206997,0.306206997,0.0,0.0,0.0,0.0,0.0,342.29443,0.0,0.0,-1.5707964,0.0
1970-01-01 00:00:00.306261054,0.306261054,0.0,0.0,0.0,0.0,205.3438,0.0,0.0,0.0,-1.5707964,0.0
1970-01-01 00:00:00.306655212,0.306655212,0.0,0.0,0.0,0.0,96.3221,0.0,0.0,0.0,-1.5707964,0.0
1970-01-01 00:00:00.306696275,0.306696275,0.0,0.0,0.0,0.0,100.14173,0.0,0.0,0.0,-1.5707964,0.0
1970-01-01 00:00:00.306749996,0.306749996,0.0,0.0,0.0,0.0,88.821365,0.0,0.0,0.0,-1.5707964,0.0
1970-01-01 00:00:00.306930972,0.306930972,0.0,0.0,0.0,0.0,87.12669,0.0,0.0,0.0,-1.5707964,0.0
1970-01-01 00:00:00.307339186,0.307339186,0.0,0.0,0.0,0.0,0.0,195.1027,0.0,0.0,-1.5707964,0.0
1970-01-01 00:00:00.309466047,0.309466047,237.64111,0.0,0.0,0.0,0.0,0.0,0.0,0.0,-1.5707964,0.0
1970-01-01 00:00:00.312921653,0.312921653,0.0,0.0,0.0,0.0,198.37807,0.0,0.0,0.0,-1.5707964,0.0
1970-01-01 00:00:00.318296039,0.318296039,0.0,0.0,0.0,0.0,1171.9547,0.0,0.0,0.0,-1.5707964,0.0
1970-01-01 00:00:00.318368198,0.318368198,0.0,299.04178,0.0,0.0,0.0,0.0,0.0,0.0,-1.5707964,0.0
1970-01-01 00:00:00.318422899,0.318422899,0.0,0.0,0.0,0.0,679.551,0.0,0.0,0.0,-1.5707964,0.0
1970-01-01 00:00:00.319039686,0.319039686,0.0,0.0,0.0,503.38977,0.0,0.0,0.0,0.0,-1.5707964,0.0
1970-01-01 00:00:00.319480590,0.31948059,0.0,0.0,0.0,0.0,185.88263,0.0,0.0,0.0,-1.5707964,0.0
