datetime,timestamp[s],bgo_z1[keV],bgo_z0[keV],bgo_x1[keV],bgo_x0[keV],bgo_y1[keV],bgo_y0[keV],latX,lonX,latZ,lonZ
1970-01-01 00:00:00.001793136,0.001793136,0.0,105.2525,0.0,0.0,0.0,0.0,0.0,0.0,-1.5707964,0.0
1970-01-01 00:00:00.004200728,0.004200728,0.0,0.0,0.0,0.0,0.0,146.422,0.0,0.0,-1.5707964,0.0
1970-01-01 00:00:00.004576014,0.004576014,164.28139,0.0,0.0,0.0,0.0,0.0,0.0,0.0,-1.5707964,0.0
1970-01-01 00:00:00.004610449,0.004610449,0.0,0.0,0.0,105.80577,0.0,0.0,0.0,0.0,-1.5707964,0.0
1970-01-01 00:00:00.004857649,0.004857649,0.0,0.0,0.0,0.0,0.0,262.17313,0.0,0.0,-1.5707964,0.0
1970-01-01 00:00:00.005071608,0.005071608,435.10056,0.0,0.0,0.0,0.0,0.0,0.0,0.0,-1.5707964,0.0
1970-01-01 00:00:00.005357774,0.005357774,0.0,80.64818,0.0,0.0,0.0,0.0,0.0,0.0,-1.5707964,0.0
1970-01-01 00:00:00.005567841,0.005567841,0.0,0.0,84.275475,0.0,0.0,0.0,0.0,0.0,-1.5707964,0.0
1970-01-01 00:00:00.005588990,0.00558899,0.0,99.97607,0.0,0.0,0.0,0.0,0.0,0.0,-1.5707964,0.0
1970-01-01 00:00:00.005598318,0.005598318,234.6802,0.0,0.0,0.0,0.0,0.0,0.0,0.0,-1.5707964,0.0
1970-01-01 00:00:00.006044435,0.006044435,0.0,0.0,345.84967,0.0,0.0,0.0,0.0,0.0,-1.5707964,0.0
1970-01-01 00:00:00.006299398,0.006299398,0.0,0.0,0.0,0.0,0.0,100.101494,0.0,0.0,-1.5707964,0.0
1970-01-01 00:00:00.006745725,0.006745725,235.75853,0.0,0.0,0.0,0.0,0.0,0.0,0.0,-1.5707964,0.0
1970-01-01 00:00:00.017016449,0.017016449,283.21762,0.0,0.0,0.0,0.0,0.0,0.0,0.0,-1.5707964,0.0
1970-01-01 00:00:00.018392147,0.018392147,148.00183,0.0,0.0,0.0,0.0,0.0,0.0,0.0,-1.5707964,0.0
1970-01-01 00:00:00.019304968,0.019304968,257.0732,0.0,0.0,0.0,0.0,0.0,0.0,0.0,-1.5707964,0.0
1970-01-01 00:00:00.019456051,0.019456051,0.0,0.0,302.6143,0.0,0.0,0.0,0.0,0.0,-1.5707964,0.0
1970-01-01 00:00:00.022270325,0.022270325,0.0,145.31822,0.0,0.0,0.0,0.0,0.0,0.0,-1.5707964,0.0
1970-01-01 00:00:00.022590511,0.022590511,0.0,0.0,466.17438,0.0,0.0,0.0,0.0,0.0,-1.5707964,0.0
1970-01-01 00:00:00.022657945,0.022657945,0.0,0.0,531.28125,0.0,0.0,0.0,0.0,0.0,-1.5707964,0.0
1970-01-01 00:00:00.022800909,0.022800909,0.0,0.0,249.8612,0.0,0.0,0.0,0.0,0.0,-1.5707964,0.0
1970-01-01 00:00:00.023002232,0.023002232,0.0,0.0,0.0,116.75992,0.0,0.0,0.0,0.0,-1.5707964,0.0
1970-01-01 00:00:00.023128109,0.023128109,113.88509,0.0,0.0,0.0,0.0,0.0,0.0,0.0,-1.5707964,0.0
1970-01-01 00:00:00.023226378,0.023226378,275.5852,0.0,0.0,0.0,0.0,0.0,0.0,0.0,-1.5707964,0.0
1970-01-01 00:00:00.027200891,0.027200891,205.86452,0.0,0.0,0.0,0.0,0.0,0.0,0.0,-1.5707964,0.0
1970-01-01 00:00:00.031702559,0.031702559,0.0,0.0,0.0,0.0,0.0,230.73033,0.0,0.0,-1.5707964,0.0
1970-01-01 00:00:00.035797704,0.035797704,0.0,0.0,132.6403,0.0,0.0,0.0,0.0,0.0,-1.5707964,0.0
1970-01-01 00:00:00.036130235,0.036130235,0.0,0.0,0.0,0.0,0.0,115.58243,0.0,0.0,-1.5707964,0.0
1970-01-01 00:00:00.036194166,0.036194166,0.0,521.9607,0.0,0.0,0.0,0.0,0.0,0.0,-1.5707964,0.0
1970-01-01 00:00:00.036830887,0.036830887,0.0,250.63509,0.0,0.0,0.0,0.0,0.0,0.0,-1.5707964,0.0
1970-01-01 00:00:00.037047973,0.037047973,0.0,305.60626,0.0,0.0,0.0,0.0,0.0,0.0,-1.5707964,0.0
1970-01-01 00:00:00.037419406,0.037419406,0.0,0.0,0.0,0.0,0.0,421.9571,0.0,0.0,-1.5707964,0.0
1970-01-01 00:00:00.044820269,0.044820269,0.0,0.0,429.93143,0.0,0.0,0.0,0.0,0.0,-1.5707964,0.0
1970-01-01 00:00:00.044863071,0.044863071,0.0,612.8032,0.0,0.0,0.0,0.0,0.0,0.0,-1.5707964,0.0
1970-01-01 00:00:00.044939619,0.044939619,0.0,0.0,0.0,0.0,0.0,439.45276,0.0,0.0,-1.5707964,0.0
1970-01-01 00:00:00.045123437,0.045123437,261.6698,0.0,0.0,0.0,0.0,0.0,0.0,0.0,-1.5707964,0.0
1970-01-01 00:00:00.045274159,0.045274159,0.0,0.0,167.37573,0.0,0.0,0.0,0.0,0.0,-1.5707964,0.0
1970-01-01 00:00:00.045864105,0.045864105,395.7347,0.0,0.0,0.0,0.0,0.0,0.0,0.0,-1.5707964,0.0
1970-01-01 00:00:00.046389863,0.046389863,527.22345,0.0,0.0,0.0,0.0,0.0,0.0,0.0,-1.5707964,0.0
1970-01-01 00:00:00.046892588,0.046892588,0.0,197.10428,0.0,0.0,0.0,0.0,0.0,0.0,-1.5707964,0.0
1970-01-01 00:00:00.046892588,0.046892588,0.0,227.07008,0.0,0.0,0.0,0.0,0.0,0.0,-1.5707964,0.0
1970-01-01 00:00:00.047321417,0.047321417,0.0,0.0,0.0,0.0,0.0,202.65924,0.0,0.0,-1.5707964,0.0
1970-01-01 00:00:00.047609802,0.047609802,174.00372,0.0,0.0,0.0,0.0,0.0,0.0,0.0,-1.5707964,0.0
1970-01-01 00:00:00.052413804,0.052413804,0.0,0.0,0.0,0.0,99.14948,0.0,0.0,0.0,-1.5707964,0.0
1970-01-01 00:00:00.052436742,0.052436742,0.0,0.0,0.0,0.0,0.0,314.70337,0.0,0.0,-1.5707964,0.0
1970-01-01 00:00:00.052653851,0.052653851,266.98392,0.0,0.0,0.0,0.0,0.0,0.0,0.0,-1.5707964,0.0
1970-01-01 00:00:00.053558390,0.05355839,0.0,0.0,0.0,0.0,91.12722,0.0,0.0,0.0,-1.5707964,0.0
1970-01-01 00:00:00.057817614,0.057817614,185.71593,0.0,0.0,0.0,0.0,0.0,0.0,0.0,-1.5707964,0.0
1970-01-01 00:00:00.058371805,0.058371805,0.0,0.0,0.0,0.0,458.14438,0.0,0.0,0.0,-1.5707964,0.0
1970-01-01 00:00:00.058644487,0.058644487,178.59943,0.0,0.0,0.0,0.0,0.0,0.0,0.0,-1.5707964,0.0
1970-01-01 00:00:00.058764684,0.058764684,102.56331,0.0,0.0,0.0,0.0,0.0,0.0,0.0,-1.5707964,0.0
1970-01-01 00:00:00.061759895,0.061759895,88.08801,0.0,0.0,0.0,0.0,0.0,0.0,0.0,-1.5707964,0.0
1970-01-01 00:00:00.064330263,0.064330263,323.13562,0.0,0.0,0.0,0.0,0.0,0.0,0.0,-1.5707964,0.0
1970-01-01 00:00:00.064791040,0.064791041,0.0,309.8181,0.0,0.0,0.0,0.0,0.0,0.0,-1.5707964,0.0
1970-01-01 00:00:00.065085432,0.065085432,0.0,0.0,245.39328,0.0,0.0,0.0,0.0,0.0,-1.5707964,0.0
1970-01-01 00:00:00.065345436,0.065345436,158.5831,0.0,0.0,0.0,0.0,0.0,0.0,0.0,-1.5707964,0.0
1970-01-01 00:00:00.066917114,0.066917114,106.03657,0.0,0.0,0.0,0.0,0.0,0.0,0.0,-1.5707964,0.0
1970-01-01 00:00:00.067376981,0.067376981,0.0,0.0,0.0,0.0,905.30084,0.0,0.0,0.0,-1.5707964,0.0
1970-01-01 00:00:00.074859577,0.074859577,165.77238,0.0,0.0,0.0,0.0,0.0,0.0,0.0,-1.5707964,0.0
1970-01-01 00:00:00.075700061,0.075700061,0.0,426.75372,0.0,0.0,0.0,0.0,0.0,0.0,-1.5707964,0.0
1970-01-01 00:00:00.076036582,0.076036582,0.0,165.20639,0.0,0.0,0.0,0.0,0.0,0.0,-1.5707964,0.0
1970-01-01 00:00:00.083840209,0.083840209,0.0,0.0,0.0,0.0,0.0,86.574486,0.0,0.0,-1.5707964,0.0
1970-01-01 00:00:00.086430736,0.086430736,0.0,310.21973,0.0,0.0,0.0,0.0,0.0,0.0,-1.5707964,0.0
1970-01-01 00:00:00.087384940,0.08738494,426.8176,0.0,0.0,0.0,0.0,0.0,0.0,0.0,-1.5707964,0.0
1970-01-01 00:00:00.087422073,0.087422073,0.0,215.02061,0.0,0.0,0.0,0.0,0.0,0.0,-1.5707964,0.0
1970-01-01 00:00:00.087666044,0.087666044,0.0,354.27853,0.0,0.0,0.0,0.0,0.0,0.0,-1.5707964,0.0
1970-01-01 00:00:00.088191905,0.088191905,0.0,584.88116,0.0,0.0,0.0,0.0,0.0,0.0,-1.5707964,0.0
1970-01-01 00:00:00.088208078,0.088208078,510.1631,0.0,0.0,0.0,0.0,0.0,0.0,0.0,-1.5707964,0.0
1970-01-01 00:00:00.088427656,0.088427656,0.0,165.50018,0.0,0.0,0.0,0.0,0.0,0.0,-1.5707964,0.0
1970-01-01 00:00:00.088776462,0.088776462,403.9066,0.0,0.0,0.0,0.0,0.0,0.0,0.0,-1.5707964,0.0
1970-01-01 00:00:00.088954192,0.088954192,332.22064,0.0,0.0,0.0,0.0,0.0,0.0,0.0,-1.5707964,0.0
1970-01-01 00:00:00.092938376,0.092938376,0.0,0.0,0.0,0.0,0.0,166.94844,0.0,0.0,-1.5707964,0.0
1970-01-01 00:00:00.096428780,0.09642878,0.0,0.0,0.0,0.0,0.0,157.70152,0.0,0.0,-1.5707964,0.0
1970-01-01 00:00:00.096831010,0.09683101,0.0,115.76034,0.0,0.0,0.0,0.0,0.0,0.0,-1.5707964,0.0
1970-01-01 00:00:00.104413683,0.104413683,0.0,0.0,112.23323,0.0,0.0,0.0,0.0,0.0,-1.5707964,0.0
1970-01-01 00:00:00.105133044,0.105133044,475.42896,0.0,0.0,0.0,0.0,0.0,0.0,0.0,-1.5707964,0.0
1970-01-01 00:00:00.105844836,0.105844836,0.0,177.73854,0.0,0.0,0.0,0.0,0.0,0.0,-1.5707964,0.0
1970-01-01 00:00:00.116475191,0.116475191,0.0,127.01851,0.0,0.0,0.0,0.0,0.0,0.0,-1.5707964,0.0
1970-01-01 00:00:00.121305111,0.121305111,0.0,0.0,0.0,0.0,147.28284,0.0,0.0,0.0,-1.5707964,0.0
1970-01-01 00:00:00.121380140,0.12138014,0.0,181.31198,0.0,0.0,0.0,0.0,0.0,0.0,-1.5707964,0.0
1970-01-01 00:00:00.121831598,0.121831598,0.0,0.0,147.9388,0.0,0.0,0.0,0.0,0.0,-1.5707964,0.0
1970-01-01 00:00:00.122187931,0.122187931,0.0,0.0,113.590324,0.0,0.0,0.0,0.0,0.0,-1.5707964,0.0
1970-01-01 00:00:00.122994571,0.122994571,0.0,0.0,315.16672,0.0,0.0,0.0,0.0,0.0,-1.5707964,0.0
1970-01-01 00:00:00.123453982,0.123453982,114.61834,0.0,0.0,0.0,0.0,0.0,0.0,0.0,-1.5707964,0.0
1970-01-01 00:00:00.127254596,0.127254596,0.0,338.4739,0.0,0.0,0.0,0.0,0.0,0.0,-1.5707964,0.0
1970-01-01 00:00:00.128252176,0.128252176,0.0,0.0,0.0,0.0,369.29196,0.0,0.0,0.0,-1.5707964,0.0
1970-01-01 00:00:00.128563577,0.128563577,0.0,113.41142,0.0,0.0,0.0,0.0,0.0,0.0,-1.5707964,0.0
1970-01-01 00:00:00.130559071,0.130559071,0.0,0.0,350.9375,0.0,0.0,0.0,0.0,0.0,-1.5707964,0.0
1970-01-01 00:00:00.131116946,0.131116946,0.0,135.33357,0.0,0.0,0.0,0.0,0.0,0.0,-1.5707964,0.0
1970-01-01 00:00:00.133237050,0.13323705,0.0,0.0,88.39512,0.0,0.0,0.0,0.0,0.0,-1.5707964,0.0
1970-01-01 00:00:00.134137250,0.13413725,0.0,0.0,263.23734,0.0,0.0,0.0,0.0,0.0,-1.5707964,0.0
1970-01-01 00:00:00.134219260,0.13421926,964.68616,0.0,0.0,0.0,0.0,0.0,0.0,0.0,-1.5707964,0.0
1970-01-01 00:00:00.134243480,0.13424348,0.0,0.0,609.66406,0.0,0.0,0.0,0.0,0.0,-1.5707964,0.0
1970-01-01 00:00:00.134264377,0.134264377,92.83966,0.0,0.0,0.0,0.0,0.0,0.0,0.0,-1.5707964,0.0
1970-01-01 00:00:00.134415190,0.13441519,82.95486,0.0,0.0,0.0,0.0,0.0,0.0,0.0,-1.5707964,0.0
1970-01-01 00:00:00.134544119,0.134544119,154.93582,0.0,0.0,0.0,0.0,0.0,0.0,0.0,-1.5707964,0.0
1970-01-01 00:00:00.135023168,0.135023168,0.0,0.0,323.11902,0.0,0.0,0.0,0.0,0.0,-1.5707964,0.0
1970-01-01 00:00:00.135164355,0.135164355,0.0,0.0,347.9682,0.0,0.0,0.0,0.0,0.0,-1.5707964,0.0
1970-01-01 00:00:00.135361355,0.135361355,0.0,0.0,86.68868,0.0,0.0,0.0,0.0,0.0,-1.5707964,0.0
1970-01-01 00:00:00.135645977,0.135645977,231.55441,0.0,0.0,0.0,0.0,0.0,0.0,0.0,-1.5707964,0.0
1970-01-01 00:00:00.135879745,0.135879745,398.11243,0.0,0.0,0.0,0.0,0.0,0.0,0.0,-1.5707964,0.0
1970-01-01 00:00:00.136059504,0.136059504,211.73962,0.0,0.0,0.0,0.0,0.0,0.0,0.0,-1.5707964,0.0
1970-01-01 00:00:00.136437040,0.13643704,0.0,0.0,0.0,403.44305,0.0,0.0,0.0,0.0,-1.5707964,0.0
1970-01-01 00:00:00.142401195,0.142401195,0.0,86.953995,0.0,0.0,0.0,0.0,0.0,0.0,-1.5707964,0.0
1970-01-01 00:00:00.142549017,0.142549017,0.0,0.0,0.0,0.0,0.0,110.40308,0.0,0.0,-1.5707964,0.0
1970-01-01 00:00:00.142658558,0.142658558,121.820816,0.0,0.0,0.0,0.0,0.0,0.0,0.0,-1.5707964,0.0
1970-01-01 00:00:00.143020873,0.143020873,0.0,0.0,0.0,0.0,0.0,212.0785,0.0,0.0,-1.5707964,0.0
1970-01-01 00:00:00.143486544,0.143486544,359.85776,0.0,0.0,0.0,0.0,0.0,0.0,0.0,-1.5707964,0.0
1970-01-01 00:00:00.143563863,0.143563863,0.0,0.0,0.0,101.49387,0.0,0.0,0.0,0.0,-1.5707964,0.0
1970-01-01 00:00:00.143744121,0.143744121,0.0,0.0,0.0,0.0,0.0,739.7564,0.0,0.0,-1.5707964,0.0
1970-01-01 00:00:00.143755985,0.143755985,0.0,200.21239,0.0,0.0,0.0,0.0,0.0,0.0,-1.5707964,0.0
1970-01-01 00:00:00.143878520,0.14387852,0.0,0.0,0.0,0.0,0.0,109.894516,0.0,0.0,-1.5707964,0.0
1970-01-01 00:00:00.144114972,0.144114972,0.0,0.0,170.7876,0.0,0.0,0.0,0.0,0.0,-1.5707964,0.0
1970-01-01 00:00:00.152438245,0.152438245,252.73036,0.0,0.0,0.0,0.0,0.0,0.0,0.0,-1.5707964,0.0
1970-01-01 00:00:00.152811091,0.152811091,101.210045,0.0,0.0,0.0,0.0,0.0,0.0,0.0,-1.5707964,0.0
1970-01-01 00:00:00.153413147,0.153413147,0.0,241.79404,0.0,0.0,0.0,0.0,0.0,0.0,-1.5707964,0.0
1970-01-01 00:00:00.153654707,0.153654707,0.0,0.0,95.95951,0.0,0.0,0.0,0.0,0.0,-1.5707964,0.0
1970-01-01 00:00:00.153992073,0.153992073,0.0,0.0,135.98364,0.0,0.0,0.0,0.0,0.0,-1.5707964,0.0
1970-01-01 00:00:00.154913003,0.154913003,465.02563,0.0,0.0,0.0,0.0,0.0,0.0,0.0,-1.5707964,0.0
1970-01-01 00:00:00.158979254,0.158979254,0.0,333.03464,0.0,0.0,0.0,0.0,0.0,0.0,-1.5707964,0.0
1970-01-01 00:00:00.159045897,0.159045897,0.0,863.99176,0.0,0.0,0.0,0.0,0.0,0.0,-1.5707964,0.0
1970-01-01 00:00:00.161855060,0.16185506,174.26578,0.0,0.0,0.0,0.0,0.0,0.0,0.0,-1.5707964,0.0
1970-01-01 00:00:00.161857272,0.161857272,0.0,0.0,282.05557,0.0,0.0,0.0,0.0,0.0,-1.5707964,0.0
1970-01-01 00:00:00.162243026,0.162243026,189.85667,0.0,0.0,0.0,0.0,0.0,0.0,0.0,-1.5707964,0.0
1970-01-01 00:00:00.162341815,0.162341815,0.0,0.0,0.0,0.0,0.0,230.57002,0.0,0.0,-1.5707964,0.0
1970-01-01 00:00:00.162759695,0.162759695,0.0,0.0,0.0,0.0,247.75114,0.0,0.0,0.0,-1.5707964,0.0
1970-01-01 00:00:00.162786079,0.162786079,0.0,0.0,162.6923,0.0,0.0,0.0,0.0,0.0,-1.5707964,0.0
1970-01-01 00:00:00.164667800,0.1646678,0.0,336.02283,0.0,0.0,0.0,0.0,0.0,0.0,-1.5707964,0.0
1970-01-01 00:00:00.165041093,0.165041093,0.0,362.65903,0.0,0.0,0.0,0.0,0.0,0.0,-1.5707964,0.0
1970-01-01 00:00:00.165068296,0.165068296,0.0,115.00749,0.0,0.0,0.0,0.0,0.0,0.0,-1.5707964,0.0
1970-01-01 00:00:00.166044768,0.166044768,0.0,0.0,134.48042,0.0,0.0,0.0,0.0,0.0,-1.5707964,0.0
1970-01-01 00:00:00.167114673,0.167114673,0.0,88.66554,0.0,0.0,0.0,0.0,0.0,0.0,-1.5707964,0.0
1970-01-01 00:00:00.167569371,0.167569371,92.65846,0.0,0.0,0.0,0.0,0.0,0.0,0.0,-1.5707964,0.0
1970-01-01 00:00:00.167720214,0.167720214,0.0,0.0,313.79877,0.0,0.0,0.0,0.0,0.0,-1.5707964,0.0
1970-01-01 00:00:00.167836994,0.167836994,418.6916,0.0,0.0,0.0,0.0,0.0,0.0,0.0,-1.5707964,0.0
1970-01-01 00:00:00.174964985,0.174964985,0.0,0.0,749.63324,0.0,0.0,0.0,0.0,0.0,-1.5707964,0.0
1970-01-01 00:00:00.175248603,0.175248603,0.0,178.46275,0.0,0.0,0.0,0.0,0.0,0.0,-1.5707964,0.0
1970-01-01 00:00:00.177547618,0.177547618,0.0,302.0594,0.0,0.0,0.0,0.0,0.0,0.0,-1.5707964,0.0
1970-01-01 00:00:00.177834656,0.177834656,193.08844,0.0,0.0,0.0,0.0,0.0,0.0,0.0,-1.5707964,0.0
1970-01-01 00:00:00.179072247,0.179072247,263.07944,0.0,0.0,0.0,0.0,0.0,0.0,0.0,-1.5707964,0.0
1970-01-01 00:00:00.182320878,0.182320878,464.17804,0.0,0.0,0.0,0.0,0.0,0.0,0.0,-1.5707964,0.0
1970-01-01 00:00:00.182568806,0.182568806,0.0,0.0,0.0,0.0,0.0,86.102516,0.0,0.0,-1.5707964,0.0
1970-01-01 00:00:00.182568806,0.182568806,0.0,0.0,0.0,608.4442,0.0,0.0,0.0,0.0,-1.5707964,0.0
1970-01-01 00:00:00.182776351,0.182776351,0.0,740.63904,0.0,0.0,0.0,0.0,0.0,0.0,-1.5707964,0.0
1970-01-01 00:00:00.182776351,0.182776351,0.0,0.0,0.0,0.0,916.85675,0.0,0.0,0.0,-1.5707964,0.0
1970-01-01 00:00:00.182836716,0.182836716,0.0,0.0,513.79736,0.0,0.0,0.0,0.0,0.0,-1.5707964,0.0
1970-01-01 00:00:00.182946931,0.182946931,0.0,0.0,105.14468,0.0,0.0,0.0,0.0,0.0,-1.5707964,0.0
1970-01-01 00:00:00.183146306,0.183146306,0.0,233.53127,0.0,0.0,0.0,0.0,0.0,0.0,-1.5707964,0.0
1970-01-01 00:00:00.183300691,0.183300691,0.0,264.08838,0.0,0.0,0.0,0.0,0.0,0.0,-1.5707964,0.0
1970-01-01 00:00:00.183345000,0.183345,946.66437,0.0,0.0,0.0,0.0,0.0,0.0,0.0,-1.5707964,0.0
1970-01-01 00:00:00.183853129,0.183853129,0.0,0.0,202.80804,0.0,0.0,0.0,0.0,0.0,-1.5707964,0.0
1970-01-01 00:00:00.185447722,0.185447722,0.0,0.0,0.0,0.0,0.0,212.0355,0.0,0.0,-1.5707964,0.0
1970-01-01 00:00:00.185574884,0.185574884,129.56577,0.0,0.0,0.0,0.0,0.0,0.0,0.0,-1.5707964,0.0
1970-01-01 00:00:00.188345329,0.188345329,88.69671,0.0,0.0,0.0,0.0,0.0,0.0,0.0,-1.5707964,0.0
1970-01-01 00:00:00.195575839,0.195575839,97.4779,0.0,0.0,0.0,0.0,0.0,0.0,0.0,-1.5707964,0.0
1970-01-01 00:00:00.195665965,0.195665965,151.25159,0.0,0.0,0.0,0.0,0.0,0.0,0.0,-1.5707964,0.0
1970-01-01 00:00:00.195853804,0.195853804,156.90906,0.0,0.0,0.0,0.0,0.0,0.0,0.0,-1.5707964,0.0
1970-01-01 00:00:00.197448581,0.197448581,0.0,0.0,383.5068,0.0,0.0,0.0,0.0,0.0,-1.5707964,0.0
1970-01-01 00:00:00.199368592,0.199368592,0.0,226.3946,0.0,0.0,0.0,0.0,0.0,0.0,-1.5707964,0.0
1970-01-01 00:00:00.199422097,0.199422097,694.1691,0.0,0.0,0.0,0.0,0.0,0.0,0.0,-1.5707964,0.0
1970-01-01 00:00:00.199547210,0.19954721,0.0,0.0,0.0,0.0,447.74582,0.0,0.0,0.0,-1.5707964,0.0
1970-01-01 00:00:00.199704038,0.199704038,224.48573,0.0,0.0,0.0,0.0,0.0,0.0,0.0,-1.5707964,0.0
1970-01-01 00:00:00.199733472,0.199733472,0.0,723.29626,0.0,0.0,0.0,0.0,0.0,0.0,-1.5707964,0.0
1970-01-01 00:00:00.203200364,0.203200364,0.0,479.08914,0.0,0.0,0.0,0.0,0.0,0.0,-1.5707964,0.0
1970-01-01 00:00:00.211348614,0.211348614,0.0,0.0,127.608116,0.0,0.0,0.0,0.0,0.0,-1.5707964,0.0
1970-01-01 00:00:00.211436461,0.211436461,0.0,0.0,1453.1965,0.0,0.0,0.0,0.0,0.0,-1.5707964,0.0
1970-01-01 00:00:00.217946048,0.217946048,0.0,0.0,0.0,0.0,0.0,115.40882,0.0,0.0,-1.5707964,0.0
1970-01-01 00:00:00.218226404,0.218226404,460.1353,0.0,0.0,0.0,0.0,0.0,0.0,0.0,-1.5707964,0.0
1970-01-01 00:00:00.218618654,0.218618654,0.0,0.0,379.3566,0.0,0.0,0.0,0.0,0.0,-1.5707964,0.0
1970-01-01 00:00:00.219161742,0.219161742,0.0,283.21805,0.0,0.0,0.0,0.0,0.0,0.0,-1.5707964,0.0
1970-01-01 00:00:00.219369604,0.219369604,237.74098,0.0,0.0,0.0,0.0,0.0,0.0,0.0,-1.5707964,0.0
1970-01-01 00:00:00.222596780,0.22259678,0.0,0.0,137.2618,0.0,0.0,0.0,0.0,0.0,-1.5707964,0.0
1970-01-01 00:00:00.226981828,0.226981828,0.0,0.0,241.86755,0.0,0.0,0.0,0.0,0.0,-1.5707964,0.0
1970-01-01 00:00:00.227537008,0.227537008,506.8482,0.0,0.0,0.0,0.0,0.0,0.0,0.0,-1.5707964,0.0
1970-01-01 00:00:00.227731071,0.227731071,461.01855,0.0,0.0,0.0,0.0,0.0,0.0,0.0,-1.5707964,0.0
1970-01-01 00:00:00.227969874,0.227969874,0.0,0.0,0.0,0.0,0.0,161.38103,0.0,0.0,-1.5707964,0.0
1970-01-01 00:00:00.228235871,0.228235871,83.12298,0.0,0.0,0.0,0.0,0.0,0.0,0.0,-1.5707964,0.0
1970-01-01 00:00:00.229971737,0.229971737,0.0,130.07391,0.0,0.0,0.0,0.0,0.0,0.0,-1.5707964,0.0
1970-01-01 00:00:00.230245531,0.230245531,0.0,0.0,0.0,0.0,0.0,124.48377,0.0,0.0,-1.5707964,0.0
1970-01-01 00:00:00.231413792,0.231413792,144.5857,0.0,0.0,0.0,0.0,0.0,0.0,0.0,-1.5707964,0.0
1970-01-01 00:00:00.243275891,0.243275891,0.0,0.0,260.78543,0.0,0.0,0.0,0.0,0.0,-1.5707964,0.0
1970-01-01 00:00:00.243368516,0.243368516,0.0,0.0,626.0248,0.0,0.0,0.0,0.0,0.0,-1.5707964,0.0
1970-01-01 00:00:00.243871096,0.243871096,122.88989,0.0,0.0,0.0,0.0,0.0,0.0,0.0,-1.5707964,0.0
1970-01-01 00:00:00.243874135,0.243874135,0.0,0.0,368.32916,0.0,0.0,0.0,0.0,0.0,-1.5707964,0.0
1970-01-01 00:00:00.244054083,0.244054083,0.0,0.0,0.0,0.0,0.0,83.62155,0.0,0.0,-1.5707964,0.0
1970-01-01 00:00:00.244408440,0.24440844,0.0,0.0,0.0,0.0,0.0,230.00598,0.0,0.0,-1.5707964,0.0
1970-01-01 00:00:00.244416602,0.244416602,0.0,0.0,444.07907,0.0,0.0,0.0,0.0,0.0,-1.5707964,0.0
1970-01-01 00:00:00.244529846,0.244529846,0.0,0.0,0.0,0.0,173.91211,0.0,0.0,0.0,-1.5707964,0.0
1970-01-01 00:00:00.244875541,0.244875541,1172.596,0.0,0.0,0.0,0.0,0.0,0.0,0.0,-1.5707964,0.0
1970-01-01 00:00:00.245293371,0.245293371,0.0,0.0,234.6056,0.0,0.0,0.0,0.0,0.0,-1.5707964,0.0
1970-01-01 00:00:00.245408899,0.245408899,0.0,87.00158,0.0,0.0,0.0,0.0,0.0,0.0,-1.5707964,0.0
1970-01-01 00:00:00.245567317,0.245567317,0.0,0.0,0.0,0.0,114.125565,0.0,0.0,0.0,-1.5707964,0.0
1970-01-01 00:00:00.257247769,0.257247769,0.0,154.20337,0.0,0.0,0.0,0.0,0.0,0.0,-1.5707964,0.0
1970-01-01 00:00:00.257946229,0.257946229,222.9391,0.0,0.0,0.0,0.0,0.0,0.0,0.0,-1.5707964,0.0
1970-01-01 00:00:00.260203603,0.260203603,0.0,0.0,0.0,0.0,232.6339,0.0,0.0,0.0,-1.5707964,0.0
1970-01-01 00:00:00.261158387,0.261158387,124.10392,0.0,0.0,0.0,0.0,0.0,0.0,0.0,-1.5707964,0.0
1970-01-01 00:00:00.261414335,0.261414335,396.6182,0.0,0.0,0.0,0.0,0.0,0.0,0.0,-1.5707964,0.0
1970-01-01 00:00:00.261578185,0.261578185,94.4937,0.0,0.0,0.0,0.0,0.0,0.0,0.0,-1.5707964,0.0
1970-01-01 00:00:00.261696955,0.261696955,0.0,0.0,181.51073,0.0,0.0,0.0,0.0,0.0,-1.5707964,0.0
1970-01-01 00:00:00.261996456,0.261996456,471.9241,0.0,0.0,0.0,0.0,0.0,0.0,0.0,-1.5707964,0.0
1970-01-01 00:00:00.262180823,0.262180824,0.0,0.0,115.18881,0.0,0.0,0.0,0.0,0.0,-1.5707964,0.0
1970-01-01 00:00:00.262529088,0.262529088,0.0,0.0,0.0,0.0,0.0,152.85036,0.0,0.0,-1.5707964,0.0
1970-01-01 00:00:00.263435489,0.263435489,0.0,0.0,0.0,0.0,0.0,244.03383,0.0,0.0,-1.5707964,0.0
1970-01-01 00:00:00.274465385,0.274465385,0.0,655.0495,0.0,0.0,0.0,0.0,0.0,0.0,-1.5707964,0.0
1970-01-01 00:00:00.276861557,0.276861557,219.09698,0.0,0.0,0.0,0.0,0.0,0.0,0.0,-1.5707964,0.0
1970-01-01 00:00:00.277508581,0.277508581,0.0,0.0,270.09186,0.0,0.0,0.0,0.0,0.0,-1.5707964,0.0
1970-01-01 00:00:00.277955758,0.277955758,0.0,282.9995,0.0,0.0,0.0,0.0,0.0,0.0,-1.5707964,0.0
1970-01-01 00:00:00.278300503,0.278300503,0.0,0.0,0.0,0.0,0.0,320.26196,0.0,0.0,-1.5707964,0.0
1970-01-01 00:00:00.278876541,0.278876541,0.0,619.271,0.0,0.0,0.0,0.0,0.0,0.0,-1.5707964,0.0
1970-01-01 00:00:00.279098913,0.279098913,439.74915,0.0,0.0,0.0,0.0,0.0,0.0,0.0,-1.5707964,0.0
1970-01-01 00:00:00.279183198,0.279183198,0.0,0.0,0.0,0.0,197.5844,0.0,0.0,0.0,-1.5707964,0.0
1970-01-01 00:00:00.279356266,0.279356266,455.17416,0.0,0.0,0.0,0.0,0.0,0.0,0.0,-1.5707964,0.0
1970-01-01 00:00:00.279376375,0.279376375,272.3516,0.0,0.0,0.0,0.0,0.0,0.0,0.0,-1.5707964,0.0
1970-01-01 00:00:00.280805893,0.280805893,0.0,104.47487,0.0,0.0,0.0,0.0,0.0,0.0,-1.5707964,0.0
1970-01-01 00:00:00.285269580,0.28526958,0.0,103.90758,0.0,0.0,0.0,0.0,0.0,0.0,-1.5707964,0.0
1970-01-01 00:00:00.285383126,0.285383126,0.0,0.0,362.63846,0.0,0.0,0.0,0.0,0.0,-1.5707964,0.0
1970-01-01 00:00:00.285497255,0.285497255,0.0,0.0,334.07727,0.0,0.0,0.0,0.0,0.0,-1.5707964,0.0
1970-01-01 00:00:00.285694448,0.285694448,0.0,0.0,394.18707,0.0,0.0,0.0,0.0,0.0,-1.5707964,0.0
1970-01-01 00:00:00.292686028,0.292686028,0.0,0.0,0.0,0.0,556.6327,0.0,0.0,0.0,-1.5707964,0.0
1970-01-01 00:00:00.292760818,0.292760818,0.0,0.0,0.0,0.0,0.0,241.5286,0.0,0.0,-1.5707964,0.0
1970-01-01 00:00:00.293097578,0.293097578,240.4395,0.0,0.0,0.0,0.0,0.0,0.0,0.0,-1.5707964,0.0
1970-01-01 00:00:00.294733384,0.294733384,0.0,91.652336,0.0,0.0,0.0,0.0,0.0,0.0,-1.5707964,0.0
1970-01-01 00:00:00.295156369,0.295156369,0.0,0.0,0.0,0.0,219.2631,0.0,0.0,0.0,-1.5707964,0.0
1970-01-01 00:00:00.295330586,0.295330586,309.62543,0.0,0.0,0.0,0.0,0.0,0.0,0.0,-1.5707964,0.0
1970-01-01 00:00:00.296188563,0.296188563,0.0,0.0,0.0,0.0,0.0,115.55348,0.0,0.0,-1.5707964,0.0
1970-01-01 00:00:00.296521253,0.296521253,0.0,0.0,0.0,251.76627,0.0,0.0,0.0,0.0,-1.5707964,0.0
1970-01-01 00:00:00.297220682,0.297220682,0.0,102.13793,0.0,0.0,0.0,0.0,0.0,0.0,-1.5707964,0.0
1970-01-01 00:00:00.297222726,0.297222726,0.0,0.0,595.45306,0.0,0.0,0.0,0.0,0.0,-1.5707964,0.0
1970-01-01 00:00:00.297693943,0.297693943,0.0,0.0,0.0,0.0,0.0,163.42438,0.0,0.0,-1.5707964,0.0
1970-01-01 00:00:00.297807385,0.297807385,192.29805,0.0,0.0,0.0,0.0,0.0,0.0,0.0,-1.5707964,0.0
1970-01-01 00:00:00.298196382,0.298196382,0.0,0.0,263.92087,0.0,0.0,0.0,0.0,0.0,-1.5707964,0.0
1970-01-01 00:00:00.298596638,0.298596638,0.0,0.0,0.0,0.0,0.0,108.143,0.0,0.0,-1.5707964,0.0
1970-01-01 00:00:00.298600266,0.298600266,0.0,0.0,91.297035,0.0,0.0,0.0,0.0,0.0,-1.5707964,0.0
1970-01-01 00:00:00.298644124,0.298644124,257.19116,0.0,0.0,0.0,0.0,0.0,0.0,0.0,-1.5707964,0.0
1970-01-01 00:00:00.298676049,0.298676049,0.0,0.0,437.46863,0.0,0.0,0.0,0.0,0.0,-1.5707964,0.0
1970-01-01 00:00:00.298921751,0.298921751,184.32742,0.0,0.0,0.0,0.0,0.0,0.0,0.0,-1.5707964,0.0
1970-01-01 00:00:00.299028381,0.299028381,176.91331,0.0,0.0,0.0,0.0,0.0,0.0,0.0,-1.5707964,0.0
1970-01-01 00:00:00.299273265,0.299273265,0.0,109.017395,0.0,0.0,0.0,0.0,0.0,0.0,-1.5707964,0.0
1970-01-01 00:00:00.299546143,0.299546143,0.0,134.04996,0.0,0.0,0.0,0.0,0.0,0.0,-1.5707964,0.0
1970-01-01 00:00:00.299684708,0.299684708,294.31052,0.0,0.0,0.0,0.0,0.0,0.0,0.0,-1.5707964,0.0
1970-01-01 00:00:00.299844551,0.299844551,0.0,0.0,120.52955,0.0,0.0,0.0,0.0,0.0,-1.5707964,0.0
1970-01-01 00:00:00.300274164,0.300274164,0.0,0.0,0.0,0.0,0.0,162.51114,0.0,0.0,-1.5707964,0.0
1970-01-01 00:00:00.300484604,0.300484604,0.0,0.0,228.11348,0.0,0.0,0.0,0.0,0.0,-1.5707964,0.0
1970-01-01 00:00:00.300639692,0.300639692,186.8946,0.0,0.0,0.0,0.0,0.0,0.0,0.0,-1.5707964,0.0
1970-01-01 00:00:00.300797780,0.30079778,0.0,0.0,0.0,0.0,117.199715,0.0,0.0,0.0,-1.5707964,0.0
1970-01-01 00:00:00.301151506,0.301151506,0.0,0.0,560.1574,0.0,0.0,0.0,0.0,0.0,-1.5707964,0.0
1970-01-01 00:00:00.301237255,0.301237255,0.0,0.0,0.0,0.0,0.0,139.51202,0.0,0.0,-1.5707964,0.0
1970-01-01 00:00:00.301724164,0.301724164,0.0,194.91791,0.0,0.0,0.0,0.0,0.0,0.0,-1.5707964,0.0
1970-01-01 00:00:00.301840040,0.30184004,0.0,0.0,0.0,0.0,0.0,161.41107,0.0,0.0,-1.5707964,0.0
1970-01-01 00:00:00.301931258,0.301931258,0.0,415.31857,0.0,0.0,0.0,0.0,0.0,0.0,-1.5707964,0.0
1970-01-01 00:00:00.302212334,0.302212334,284.29593,0.0,0.0,0.0,0.0,0.0,0.0,0.0,-1.5707964,0.0
1970-01-01 00:00:00.302341905,0.302341905,0.0,222.3751,0.0,0.0,0.0,0.0,0.0,0.0,-1.5707964,0.0
1970-01-01 00:00:00.302471656,0.302471656,0.0,0.0,0.0,0.0,0.0,147.18741,0.0,0.0,-1.5707964,0.0
1970-01-01 00:00:00.302530815,0.302530815,0.0,635.25226,0.0,0.0,0.0,0.0,0.0,0.0,-1.5707964,0.0
1970-01-01 00:00:00.302621237,0.302621237,0.0,0.0,0.0,0.0,0.0,689.21295,0.0,0.0,-1.5707964,0.0
1970-01-01 00:00:00.302720706,0.302720706,323.144,0.0,0.0,0.0,0.0,0.0,0.0,0.0,-1.5707964,0.0
1970-01-01 00:00:00.303086033,0.303086033,0.0,0.0,0.0,0.0,0.0,441.13113,0.0,0.0,-1.5707964,0.0
1970-01-01 00:00:00.303125494,0.303125494,172.61667,0.0,0.0,0.0,0.0,0.0,0.0,0.0,-1.5707964,0.0
1970-01-01 00:00:00.303254546,0.303254546,0.0,0.0,267.82767,0.0,0.0,0.0,0.0,0.0,-1.5707964,0.0
1970-01-01 00:00:00.303374517,0.303374517,0.0,0.0,0.0,0.0,462.09674,0.0,0.0,0.0,-1.5707964,0.0
1970-01-01 00:00:00.303456341,0.303456341,443.3718,0.0,0.0,0.0,0.0,0.0,0.0,0.0,-1.5707964,0.0
1970-01-01 00:00:00.303489652,0.303489652,0.0,0.0,0.0,0.0,0.0,395.25238,0.0,0.0,-1.5707964,0.0
1970-01-01 00:00:00.303620564,0.303620564,0.0,143.1952,0.0,0.0,0.0,0.0,0.0,0.0,-1.5707964,0.0
1970-01-01 00:00:00.303679397,0.303679397,98.30462,0.0,0.0,0.0,0.0,0.0,0.0,0.0,-1.5707964,0.0
1970-01-01 00:00:00.303708707,0.303708707,0.0,369.02298,0.0,0.0,0.0,0.0,0.0,0.0,-1.5707964,0.0
1970-01-01 00:00:00.303739905,0.303739905,0.0,151.64984,0.0,0.0,0.0,0.0,0.0,0.0,-1.5707964,0.0
1970-01-01 00:00:00.303997787,0.303997787,0.0,0.0,307.03055,0.0,0.0,0.0,0.0,0.0,-1.5707964,0.0
1970-01-01 00:00:00.304121885,0.304121885,0.0,285.53558,0.0,0.0,0.0,0.0,0.0,0.0,-1.5707964,0.0
1970-01-01 00:00:00.304334569,0.304334569,364.99936,0.0,0.0,0.0,0.0,0.0,0.0,0.0,-1.5707964,0.0
1970-01-01 00:00:00.305287927,0.305287927,0.0,0.0,0.0,90.0356,0.0,0.0,0.0,0.0,-1.5707964,0.0
1970-01-01 00:00:00.305530339,0.305530339,0.0,116.08384,0.0,0.0,0.0,0.0,0.0,0.0,-1.5707964,0.0
1970-01-01 00:00:00.305572277,0.305572277,0.0,463.23917,0.0,0.0,0.0,0.0,0.0,0.0,-1.5707964,0.0
1970-01-01 00:00:00.305582247,0.305582247,0.0,446.35187,0.0,0.0,0.0,0.0,0.0,0.0,-1.5707964,0.0
1970-01-01 00:00:00.305768238,0.305768238,112.31596,0.0,0.0,0.0,0.0,0.0,0.0,0.0,-1.5707964,0.0
1970-01-01 00:00:00.305940773,0.305940773,0.0,0.0,98.82634,0.0,0.0,0.0,0.0,0.0,-1.5707964,0.0
1970-01-01 00:00:00.306279192,0.306279192,0.0,217.92444,0.0,0.0,0.0,0.0,0.0,0.0,-1.5707964,0.0
1970-01-01 00:00:00.306329296,0.306329296,0.0,140.83209,0.0,0.0,0.0,0.0,0.0,0.0,-1.5707964,0.0
1970-01-01 00:00:00.306358101,0.306358101,332.98523,0.0,0.0,0.0,0.0,0.0,0.0,0.0,-1.5707964,0.0
1970-01-01 00:00:00.306375433,0.306375433,0.0,405.07996,0.0,0.0,0.0,0.0,0.0,0.0,-1.5707964,0.0
1970-01-01 00:00:00.306478801,0.306478801,0.0,0.0,141.96722,0.0,0.0,0.0,0.0,0.0,-1.5707964,0.0
1970-01-01 00:00:00.306638521,0.306638521,0.0,0.0,119.93849,0.0,0.0,0.0,0.0,0.0,-1.5707964,0.0
1970-01-01 00:00:00.306667968,0.306667968,0.0,0.0,95.86729,0.0,0.0,0.0,0.0,0.0,-1.5707964,0.0
1970-01-01 00:00:00.306691321,0.306691321,0.0,0.0,370.33017,0.0,0.0,0.0,0.0,0.0,-1.5707964,0.0
1970-01-01 00:00:00.306715857,0.306715857,0.0,0.0,0.0,0.0,0.0,173.24597,0.0,0.0,-1.5707964,0.0
1970-01-01 00:00:00.306748743,0.306748743,0.0,0.0,226.01562,0.0,0.0,0.0,0.0,0.0,-1.5707964,0.0
1970-01-01 00:00:00.306949104,0.306949104,0.0,0.0,0.0,0.0,136.74348,0.0,0.0,0.0,-1.5707964,0.0
1970-01-01 00:00:00.307017715,0.307017715,0.0,0.0,0.0,0.0,624.94977,0.0,0.0,0.0,-1.5707964,0.0
1970-01-01 00:00:00.307132734,0.307132734,0.0,0.0,0.0,478.81714,0.0,0.0,0.0,0.0,-1.5707964,0.0
1970-01-01 00:00:00.307137046,0.307137046,148.29959,0.0,0.0,0.0,0.0,0.0,0.0,0.0,-1.5707964,0.0
1970-01-01 00:00:00.307153449,0.307153449,0.0,0.0,187.61884,0.0,0.0,0.0,0.0,0.0,-1.5707964,0.0
1970-01-01 00:00:00.307357828,0.307357828,0.0,93.179924,0.0,0.0,0.0,0.0,0.0,0.0,-1.5707964,0.0
1970-01-01 00:00:00.307388111,0.307388111,0.0,182.70555,0.0,0.0,0.0,0.0,0.0,0.0,-1.5707964,0.0
1970-01-01 00:00:00.307421201,0.307421201,0.0,0.0,147.86905,0.0,0.0,0.0,0.0,0.0,-1.5707964,0.0
1970-01-01 00:00:00.307434280,0.30743428,452.30316,0.0,0.0,0.0,0.0,0.0,0.0,0.0,-1.5707964,0.0
1970-01-01 00:00:00.307466403,0.307466403,0.0,0.0,255.65164,0.0,0.0,0.0,0.0,0.0,-1.5707964,0.0
1970-01-01 00:00:00.307516011,0.307516011,0.0,506.4267,0.0,0.0,0.0,0.0,0.0,0.0,-1.5707964,0.0
1970-01-01 00:00:00.307557259,0.307557259,0.0,0.0,0.0,0.0,0.0,322.59244,0.0,0.0,-1.5707964,0.0
1970-01-01 00:00:00.307587544,0.307587544,330.30945,0.0,0.0,0.0,0.0,0.0,0.0,0.0,-1.5707964,0.0
1970-01-01 00:00:00.307621076,0.307621076,0.0,0.0,0.0,0.0,0.0,226.92365,0.0,0.0,-1.5707964,0.0
1970-01-01 00:00:00.307663377,0.307663377,0.0,0.0,0.0,0.0,541.24286,0.0,0.0,0.0,-1.5707964,0.0
1970-01-01 00:00:00.307693203,0.307693203,0.0,0.0,128.65991,0.0,0.0,0.0,0.0,0.0,-1.5707964,0.0
1970-01-01 00:00:00.307716390,0.30771639,0.0,0.0,611.6169,0.0,0.0,0.0,0.0,0.0,-1.5707964,0.0
1970-01-01 00:00:00.307839997,0.307839997,0.0,0.0,0.0,0.0,0.0,575.86707,0.0,0.0,-1.5707964,0.0
1970-01-01 00:00:00.307917059,0.307917059,0.0,0.0,0.0,279.571,0.0,0.0,0.0,0.0,-1.5707964,0.0
1970-01-01 00:00:00.308061285,0.308061285,255.95573,0.0,0.0,0.0,0.0,0.0,0.0,0.0,-1.5707964,0.0
1970-01-01 00:00:00.308061285,0.308061285,0.0,0.0,121.18978,0.0,0.0,0.0,0.0,0.0,-1.5707964,0.0
1970-01-01 00:00:00.308292917,0.308292917,141.35849,0.0,0.0,0.0,0.0,0.0,0.0,0.0,-1.5707964,0.0
1970-01-01 00:00:00.308400013,0.308400013,185.09657,0.0,0.0,0.0,0.0,0.0,0.0,0.0,-1.5707964,0.0
1970-01-01 00:00:00.308437928,0.308437928,0.0,0.0,540.1015,0.0,0.0,0.0,0.0,0.0,-1.5707964,0.0
1970-01-01 00:00:00.308520931,0.308520931,0.0,0.0,0.0,0.0,0.0,359.67117,0.0,0.0,-1.5707964,0.0
1970-01-01 00:00:00.308527262,0.308527262,0.0,0.0,521.83844,0.0,0.0,0.0,0.0,0.0,-1.5707964,0.0
1970-01-01 00:00:00.308602437,0.308602437,0.0,286.04965,0.0,0.0,0.0,0.0,0.0,0.0,-1.5707964,0.0
1970-01-01 00:00:00.308608227,0.308608227,0.0,542.4738,0.0,0.0,0.0,0.0,0.0,0.0,-1.5707964,0.0
1970-01-01 00:00:00.308637981,0.308637981,0.0,200.92221,0.0,0.0,0.0,0.0,0.0,0.0,-1.5707964,0.0
1970-01-01 00:00:00.308756643,0.308756643,0.0,0.0,149.4343,0.0,0.0,0.0,0.0,0.0,-1.5707964,0.0
1970-01-01 00:00:00.308802315,0.308802315,0.0,0.0,0.0,0.0,0.0,119.50584,0.0,0.0,-1.5707964,0.0
1970-01-01 00:00:00.308837773,0.308837773,91.334076,0.0,0.0,0.0,0.0,0.0,0.0,0.0,-1.5707964,0.0
1970-01-01 00:00:00.308874483,0.308874483,0.0,0.0,146.56868,0.0,0.0,0.0,0.0,0.0,-1.5707964,0.0
1970-01-01 00:00:00.309002463,0.309002463,0.0,0.0,0.0,0.0,199.39323,0.0,0.0,0.0,-1.5707964,0.0
1970-01-01 00:00:00.309023744,0.309023744,0.0,0.0,481.38913,0.0,0.0,0.0,0.0,0.0,-1.5707964,0.0
1970-01-01 00:00:00.309134130,0.30913413,0.0,0.0,0.0,0.0,99.01432,0.0,0.0,0.0,-1.5707964,0.0
1970-01-01 00:00:00.309172068,0.309172068,92.78719,0.0,0.0,0.0,0.0,0.0,0.0,0.0,-1.5707964,0.0
1970-01-01 00:00:00.309261195,0.309261195,0.0,0.0,0.0,0.0,173.32365,0.0,0.0,0.0,-1.5707964,0.0
1970-01-01 00:00:00.309372534,0.309372534,0.0,0.0,122.31559,0.0,0.0,0.0,0.0,0.0,-1.5707964,0.0
1970-01-01 00:00:00.309377595,0.309377595,0.0,0.0,0.0,0.0,0.0,180.70763,0.0,0.0,-1.5707964,0.0
1970-01-01 00:00:00.309380816,0.309380816,0.0,0.0,225.67598,0.0,0.0,0.0,0.0,0.0,-1.5707964,0.0
1970-01-01 00:00:00.309399642,0.309399642,0.0,80.8721,0.0,0.0,0.0,0.0,0.0,0.0,-1.5707964,0.0
1970-01-01 00:00:00.309431751,0.309431751,0.0,0.0,0.0,0.0,0.0,440.07852,0.0,0.0,-1.5707964,0.0
1970-01-01 00:00:00.309475825,0.309475825,0.0,0.0,0.0,0.0,0.0,106.33654,0.0,0.0,-1.5707964,0.0
1970-01-01 00:00:00.309727559,0.309727559,0.0,113.64231,0.0,0.0,0.0,0.0,0.0,0.0,-1.5707964,0.0
1970-01-01 00:00:00.309773379,0.309773379,0.0,0.0,0.0,0.0,0.0,218.26166,0.0,0.0,-1.5707964,0.0
1970-01-01 00:00:00.309798259,0.309798259,0.0,116.32129,0.0,0.0,0.0,0.0,0.0,0.0,-1.5707964,0.0
1970-01-01 00:00:00.309849780,0.30984978,120.64233,0.0,0.0,0.0,0.0,0.0,0.0,0.0,-1.5707964,0.0
1970-01-01 00:00:00.309888979,0.309888979,105.16671,0.0,0.0,0.0,0.0,0.0,0.0,0.0,-1.5707964,0.0
1970-01-01 00:00:00.310007713,0.310007713,0.0,0.0,0.0,0.0,0.0,99.5085,0.0,0.0,-1.5707964,0.0
1970-01-01 00:00:00.310020429,0.310020429,258.44135,0.0,0.0,0.0,0.0,0.0,0.0,0.0,-1.5707964,0.0
1970-01-01 00:00:00.310022185,0.310022185,0.0,107.80911,0.0,0.0,0.0,0.0,0.0,0.0,-1.5707964,0.0
1970-01-01 00:00:00.310087558,0.310087558,0.0,0.0,0.0,0.0,1079.9744,0.0,0.0,0.0,-1.5707964,0.0
1970-01-01 00:00:00.310155479,0.310155479,0.0,126.554344,0.0,0.0,0.0,0.0,0.0,0.0,-1.5707964,0.0
1970-01-01 00:00:00.310155479,0.310155479,0.0,0.0,0.0,0.0,141.50339,0.0,0.0,0.0,-1.5707964,0.0
1970-01-01 00:00:00.310185578,0.310185578,132.90866,0.0,0.0,0.0,0.0,0.0,0.0,0.0,-1.5707964,0.0
1970-01-01 00:00:00.310206755,0.310206755,115.81621,0.0,0.0,0.0,0.0,0.0,0.0,0.0,-1.5707964,0.0
1970-01-01 00:00:00.310239299,0.310239299,0.0,0.0,212.63014,0.0,0.0,0.0,0.0,0.0,-1.5707964,0.0
1970-01-01 00:00:00.310262943,0.310262943,0.0,290.47543,0.0,0.0,0.0,0.0,0.0,0.0,-1.5707964,0.0
1970-01-01 00:00:00.310318309,0.310318309,140.22202,0.0,0.0,0.0,0.0,0.0,0.0,0.0,-1.5707964,0.0
1970-01-01 00:00:00.310340587,0.310340587,86.060646,0.0,0.0,0.0,0.0,0.0,0.0,0.0,-1.5707964,0.0
1970-01-01 00:00:00.310383634,0.310383634,0.0,0.0,270.77014,0.0,0.0,0.0,0.0,0.0,-1.5707964,0.0
1970-01-01 00:00:00.310445026,0.310445026,0.0,0.0,96.83115,0.0,0.0,0.0,0.0,0.0,-1.5707964,0.0
1970-01-01 00:00:00.310453432,0.310453432,0.0,0.0,164.30788,0.0,0.0,0.0,0.0,0.0,-1.5707964,0.0
1970-01-01 00:00:00.310667311,0.310667311,248.55992,0.0,0.0,0.0,0.0,0.0,0.0,0.0,-1.5707964,0.0
1970-01-01 00:00:00.310700143,0.310700143,0.0,0.0,0.0,0.0,198.35889,0.0,0.0,0.0,-1.5707964,0.0
1970-01-01 00:00:00.310701872,0.310701872,83.135056,0.0,0.0,0.0,0.0,0.0,0.0,0.0,-1.5707964,0.0
1970-01-01 00:00:00.310736070,0.31073607,0.0,0.0,0.0,0.0,0.0,181.19482,0.0,0.0,-1.5707964,0.0
1970-01-01 00:00:00.310825320,0.31082532,0.0,513.76324,0.0,0.0,0.0,0.0,0.0,0.0,-1.5707964,0.0
1970-01-01 00:00:00.310855162,0.310855162,327.5346,0.0,0.0,0.0,0.0,0.0,0.0,0.0,-1.5707964,0.0
1970-01-01 00:00:00.310870768,0.310870768,0.0,0.0,110.89262,0.0,0.0,0.0,0.0,0.0,-1.5707964,0.0
1970-01-01 00:00:00.310875966,0.310875966,296.45178,0.0,0.0,0.0,0.0,0.0,0.0,0.0,-1.5707964,0.0
1970-01-01 00:00:00.310887526,0.310887526,0.0,0.0,84.76315,0.0,0.0,0.0,0.0,0.0,-1.5707964,0.0
1970-01-01 00:00:00.310916600,0.3109166,0.0,0.0,138.66759,0.0,0.0,0.0,0.0,0.0,-1.5707964,0.0
1970-01-01 00:00:00.310949437,0.310949437,0.0,0.0,219.78172,0.0,0.0,0.0,0.0,0.0,-1.5707964,0.0
1970-01-01 00:00:00.310973486,0.310973486,136.20403,0.0,0.0,0.0,0.0,0.0,0.0,0.0,-1.5707964,0.0
1970-01-01 00:00:00.310984337,0.310984337,0.0,250.55508,0.0,0.0,0.0,0.0,0.0,0.0,-1.5707964,0.0
1970-01-01 00:00:00.310991223,0.310991223,0.0,0.0,413.6234,0.0,0.0,0.0,0.0,0.0,-1.5707964,0.0
1970-01-01 00:00:00.311113682,0.311113682,0.0,1474.4386,0.0,0.0,0.0,0.0,0.0,0.0,-1.5707964,0.0
1970-01-01 00:00:00.311127981,0.311127981,0.0,0.0,0.0,0.0,114.57904,0.0,0.0,0.0,-1.5707964,0.0
1970-01-01 00:00:00.311130040,0.31113004,244.93994,0.0,0.0,0.0,0.0,0.0,0.0,0.0,-1.5707964,0.0
1970-01-01 00:00:00.311142674,0.311142674,0.0,318.81226,0.0,0.0,0.0,0.0,0.0,0.0,-1.5707964,0.0
1970-01-01 00:00:00.311164286,0.311164286,294.08447,0.0,0.0,0.0,0.0,0.0,0.0,0.0,-1.5707964,0.0
1970-01-01 00:00:00.311197138,0.311197138,0.0,0.0,0.0,0.0,626.34656,0.0,0.0,0.0,-1.5707964,0.0
1970-01-01 00:00:00.311217552,0.311217552,0.0,311.0311,0.0,0.0,0.0,0.0,0.0,0.0,-1.5707964,0.0
1970-01-01 00:00:00.311287229,0.311287229,0.0,0.0,120.64532,0.0,0.0,0.0,0.0,0.0,-1.5707964,0.0
1970-01-01 00:00:00.311298149,0.311298149,173.97598,0.0,0.0,0.0,0.0,0.0,0.0,0.0,-1.5707964,0.0
1970-01-01 00:00:00.311304760,0.31130476,0.0,0.0,0.0,0.0,257.14276,0.0,0.0,0.0,-1.5707964,0.0
1970-01-01 00:00:00.311336352,0.311336352,181.99245,0.0,0.0,0.0,0.0,0.0,0.0,0.0,-1.5707964,0.0
1970-01-01 00:00:00.311421600,0.3114216,0.0,0.0,0.0,0.0,351.38446,0.0,0.0,0.0,-1.5707964,0.0
1970-01-01 00:00:00.311562912,0.311562912,0.0,0.0,0.0,0.0,0.0,194.05113,0.0,0.0,-1.5707964,0.0
1970-01-01 00:00:00.311582592,0.311582592,484.5051,0.0,0.0,0.0,0.0,0.0,0.0,0.0,-1.5707964,0.0
1970-01-01 00:00:00.311604729,0.311604729,0.0,0.0,231.30501,0.0,0.0,0.0,0.0,0.0,-1.5707964,0.0
1970-01-01 00:00:00.311612739,0.311612739,0.0,0.0,0.0,0.0,292.74826,0.0,0.0,0.0,-1.5707964,0.0
1970-01-01 00:00:00.311749306,0.311749306,0.0,174.82532,0.0,0.0,0.0,0.0,0.0,0.0,-1.5707964,0.0
1970-01-01 00:00:00.311821301,0.311821301,506.4096,0.0,0.0,0.0,0.0,0.0,0.0,0.0,-1.5707964,0.0
1970-01-01 00:00:00.311829561,0.311829561,629.40955,0.0,0.0,0.0,0.0,0.0,0.0,0.0,-1.5707964,0.0
1970-01-01 00:00:00.311851488,0.311851488,273.6518,0.0,0.0,0.0,0.0,0.0,0.0,0.0,-1.5707964,0.0
1970-01-01 00:00:00.311891450,0.31189145,0.0,0.0,542.5799,0.0,0.0,0.0,0.0,0.0,-1.5707964,0.0
1970-01-01 00:00:00.311966477,0.311966477,0.0,0.0,406.53937,0.0,0.0,0.0,0.0,0.0,-1.5707964,0.0
1970-01-01 00:00:00.311974244,0.311974244,156.04974,0.0,0.0,0.0,0.0,0.0,0.0,0.0,-1.5707964,0.0
1970-01-01 00:00:00.311979988,0.311979988,372.63892,0.0,0.0,0.0,0.0,0.0,0.0,0.0,-1.5707964,0.0
1970-01-01 00:00:00.312036792,0.312036792,0.0,493.0597,0.0,0.0,0.0,0.0,0.0,0.0,-1.5707964,0.0
1970-01-01 00:00:00.312041626,0.312041626,0.0,0.0,143.4085,0.0,0.0,0.0,0.0,0.0,-1.5707964,0.0
1970-01-01 00:00:00.312047793,0.312047793,0.0,0.0,0.0,0.0,0.0,149.80841,0.0,0.0,-1.5707964,0.0
1970-01-01 00:00:00.312058022,0.312058022,390.71896,0.0,0.0,0.0,0.0,0.0,0.0,0.0,-1.5707964,0.0
1970-01-01 00:00:00.312067796,0.312067796,148.88965,0.0,0.0,0.0,0.0,0.0,0.0,0.0,-1.5707964,0.0
1970-01-01 00:00:00.312110031,0.312110031,368.32077,0.0,0.0,0.0,0.0,0.0,0.0,0.0,-1.5707964,0.0
1970-01-01 00:00:00.312121627,0.312121627,310.80106,0.0,0.0,0.0,0.0,0.0,0.0,0.0,-1.5707964,0.0
1970-01-01 00:00:00.312182882,0.312182882,0.0,406.4392,0.0,0.0,0.0,0.0,0.0,0.0,-1.5707964,0.0
1970-01-01 00:00:00.312190393,0.312190393,0.0,0.0,0.0,0.0,0.0,85.64966,0.0,0.0,-1.5707964,0.0
1970-01-01 00:00:00.312260290,0.31226029,135.37488,0.0,0.0,0.0,0.0,0.0,0.0,0.0,-1.5707964,0.0
1970-01-01 00:00:00.312290137,0.312290137,0.0,0.0,128.98172,0.0,0.0,0.0,0.0,0.0,-1.5707964,0.0
1970-01-01 00:00:00.312296022,0.312296022,149.98381,0.0,0.0,0.0,0.0,0.0,0.0,0.0,-1.5707964,0.0
1970-01-01 00:00:00.312328973,0.312328973,200.36714,0.0,0.0,0.0,0.0,0.0,0.0,0.0,-1.5707964,0.0
1970-01-01 00:00:00.312355610,0.31235561,0.0,0.0,0.0,107.90124,0.0,0.0,0.0,0.0,-1.5707964,0.0
1970-01-01 00:00:00.312387290,0.31238729,0.0,0.0,222.68188,0.0,0.0,0.0,0.0,0.0,-1.5707964,0.0
1970-01-01 00:00:00.312443693,0.312443693,0.0,0.0,277.91086,0.0,0.0,0.0,0.0,0.0,-1.5707964,0.0
1970-01-01 00:00:00.312524662,0.312524662,0.0,0.0,175.26639,0.0,0.0,0.0,0.0,0.0,-1.5707964,0.0
1970-01-01 00:00:00.312615958,0.312615958,0.0,0.0,313.376,0.0,0.0,0.0,0.0,0.0,-1.5707964,0.0
1970-01-01 00:00:00.312616846,0.312616846,150.37665,0.0,0.0,0.0,0.0,0.0,0.0,0.0,-1.5707964,0.0
1970-01-01 00:00:00.312627404,0.312627404,0.0,0.0,106.63335,0.0,0.0,0.0,0.0,0.0,-1.5707964,0.0
1970-01-01 00:00:00.312664204,0.312664204,0.0,0.0,453.91043,0.0,0.0,0.0,0.0,0.0,-1.5707964,0.0
1970-01-01 00:00:00.312712632,0.312712632,0.0,0.0,0.0,0.0,0.0,200.60185,0.0,0.0,-1.5707964,0.0
1970-01-01 00:00:00.312835005,0.312835005,0.0,0.0,0.0,0.0,0.0,567.52637,0.0,0.0,-1.5707964,0.0
1970-01-01 00:00:00.312842688,0.312842688,0.0,98.83873,0.0,0.0,0.0,0.0,0.0,0.0,-1.5707964,0.0
1970-01-01 00:00:00.312844176,0.312844176,162.64517,0.0,0.0,0.0,0.0,0.0,0.0,0.0,-1.5707964,0.0
1970-01-01 00:00:00.312865015,0.312865015,115.78827,0.0,0.0,0.0,0.0,0.0,0.0,0.0,-1.5707964,0.0
1970-01-01 00:00:00.312882512,0.312882512,222.6587,0.0,0.0,0.0,0.0,0.0,0.0,0.0,-1.5707964,0.0
1970-01-01 00:00:00.312895301,0.312895301,0.0,133.79346,0.0,0.0,0.0,0.0,0.0,0.0,-1.5707964,0.0
1970-01-01 00:00:00.312912131,0.312912131,0.0,229.42993,0.0,0.0,0.0,0.0,0.0,0.0,-1.5707964,0.0
1970-01-01 00:00:00.312940072,0.312940072,0.0,0.0,351.13892,0.0,0.0,0.0,0.0,0.0,-1.5707964,0.0
1970-01-01 00:00:00.312991899,0.312991899,172.84677,0.0,0.0,0.0,0.0,0.0,0.0,0.0,-1.5707964,0.0
1970-01-01 00:00:00.313099669,0.313099669,0.0,0.0,0.0,0.0,0.0,342.05798,0.0,0.0,-1.5707964,0.0
1970-01-01 00:00:00.313106620,0.31310662,0.0,0.0,0.0,0.0,0.0,368.46188,0.0,0.0,-1.5707964,0.0
1970-01-01 00:00:00.313136425,0.313136425,0.0,288.26474,0.0,0.0,0.0,0.0,0.0,0.0,-1.5707964,0.0
1970-01-01 00:00:00.313171147,0.313171147,0.0,0.0,0.0,0.0,0.0,341.44092,0.0,0.0,-1.5707964,0.0
1970-01-01 00:00:00.313185243,0.313185243,776.52893,0.0,0.0,0.0,0.0,0.0,0.0,0.0,-1.5707964,0.0
1970-01-01 00:00:00.313188812,0.313188812,0.0,0.0,0.0,0.0,0.0,82.42672,0.0,0.0,-1.5707964,0.0
1970-01-01 00:00:00.313194108,0.313194108,0.0,224.75093,0.0,0.0,0.0,0.0,0.0,0.0,-1.5707964,0.0
1970-01-01 00:00:00.313258185,0.313258185,0.0,240.97281,0.0,0.0,0.0,0.0,0.0,0.0,-1.5707964,0.0
1970-01-01 00:00:00.313303019,0.313303019,0.0,0.0,0.0,0.0,157.07117,0.0,0.0,0.0,-1.5707964,0.0
1970-01-01 00:00:00.313332110,0.31333211,216.86269,0.0,0.0,0.0,0.0,0.0,0.0,0.0,-1.5707964,0.0
1970-01-01 00:00:00.313355503,0.313355503,0.0,531.44116,0.0,0.0,0.0,0.0,0.0,0.0,-1.5707964,0.0
1970-01-01 00:00:00.313368165,0.313368165,146.49316,0.0,0.0,0.0,0.0,0.0,0.0,0.0,-1.5707964,0.0
1970-01-01 00:00:00.313398722,0.313398722,222.67729,0.0,0.0,0.0,0.0,0.0,0.0,0.0,-1.5707964,0.0
1970-01-01 00:00:00.313485655,0.313485655,0.0,0.0,117.460884,0.0,0.0,0.0,0.0,0.0,-1.5707964,0.0
1970-01-01 00:00:00.313486765,0.313486765,261.14755,0.0,0.0,0.0,0.0,0.0,0.0,0.0,-1.5707964,0.0
1970-01-01 00:00:00.313501696,0.313501696,0.0,328.84912,0.0,0.0,0.0,0.0,0.0,0.0,-1.5707964,0.0
1970-01-01 00:00:00.313543252,0.313543252,474.53976,0.0,0.0,0.0,0.0,0.0,0.0,0.0,-1.5707964,0.0
1970-01-01 00:00:00.313573783,0.313573783,100.940384,0.0,0.0,0.0,0.0,0.0,0.0,0.0,-1.5707964,0.0
1970-01-01 00:00:00.313692237,0.313692237,125.9403,0.0,0.0,0.0,0.0,0.0,0.0,0.0,-1.5707964,0.0
1970-01-01 00:00:00.313735084,0.313735084,820.9134,0.0,0.0,0.0,0.0,0.0,0.0,0.0,-1.5707964,0.0
1970-01-01 00:00:00.313753640,0.31375364,0.0,271.2173,0.0,0.0,0.0,0.0,0.0,0.0,-1.5707964,0.0
1970-01-01 00:00:00.313875705,0.313875705,0.0,0.0,98.05327,0.0,0.0,0.0,0.0,0.0,-1.5707964,0.0
1970-01-01 00:00:00.313918275,0.313918275,0.0,0.0,0.0,0.0,89.23162,0.0,0.0,0.0,-1.5707964,0.0
1970-01-01 00:00:00.314065014,0.314065014,419.7416,0.0,0.0,0.0,0.0,0.0,0.0,0.0,-1.5707964,0.0
1970-01-01 00:00:00.314074662,0.314074662,0.0,0.0,0.0,0.0,350.36685,0.0,0.0,0.0,-1.5707964,0.0
1970-01-01 00:00:00.314090384,0.314090384,209.20024,0.0,0.0,0.0,0.0,0.0,0.0,0.0,-1.5707964,0.0
1970-01-01 00:00:00.314115384,0.314115384,0.0,373.43698,0.0,0.0,0.0,0.0,0.0,0.0,-1.5707964,0.0
1970-01-01 00:00:00.314119593,0.314119593,0.0,134.46754,0.0,0.0,0.0,0.0,0.0,0.0,-1.5707964,0.0
1970-01-01 00:00:00.314126530,0.31412653,462.54028,0.0,0.0,0.0,0.0,0.0,0.0,0.0,-1.5707964,0.0
1970-01-01 00:00:00.314147714,0.314147714,0.0,0.0,0.0,0.0,200.01587,0.0,0.0,0.0,-1.5707964,0.0
1970-01-01 00:00:00.314149488,0.314149488,0.0,0.0,106.11926,0.0,0.0,0.0,0.0,0.0,-1.5707964,0.0
1970-01-01 00:00:00.314171375,0.314171375,332.71298,0.0,0.0,0.0,0.0,0.0,0.0,0.0,-1.5707964,0.0
1970-01-01 00:00:00.314299397,0.314299397,0.0,0.0,0.0,0.0,0.0,180.965,0.0,0.0,-1.5707964,0.0
1970-01-01 00:00:00.314352627,0.314352627,0.0,0.0,0.0,0.0,0.0,185.8201,0.0,0.0,-1.5707964,0.0
1970-01-01 00:00:00.314373461,0.314373461,0.0,297.94458,0.0,0.0,0.0,0.0,0.0,0.0,-1.5707964,0.0
1970-01-01 00:00:00.314431485,0.314431485,722.79565,0.0,0.0,0.0,0.0,0.0,0.0,0.0,-1.5707964,0.0
1970-01-01 00:00:00.314556794,0.314556794,0.0,0.0,0.0,0.0,229.6378,0.0,0.0,0.0,-1.5707964,0.0
1970-01-01 00:00:00.314615317,0.314615317,797.00226,0.0,0.0,0.0,0.0,0.0,0.0,0.0,-1.5707964,0.0
1970-01-01 00:00:00.314833255,0.314833255,0.0,0.0,97.82564,0.0,0.0,0.0,0.0,0.0,-1.5707964,0.0
1970-01-01 00:00:00.314839270,0.31483927,272.12848,0.0,0.0,0.0,0.0,0.0,0.0,0.0,-1.5707964,0.0
1970-01-01 00:00:00.314840296,0.314840296,0.0,0.0,255.54039,0.0,0.0,0.0,0.0,0.0,-1.5707964,0.0
1970-01-01 00:00:00.314931162,0.314931162,243.70677,0.0,0.0,0.0,0.0,0.0,0.0,0.0,-1.5707964,0.0
1970-01-01 00:00:00.315075716,0.315075716,0.0,0.0,0.0,0.0,100.20703,0.0,0.0,0.0,-1.5707964,0.0
1970-01-01 00:00:00.315098026,0.315098026,0.0,0.0,0.0,0.0,0.0,384.54663,0.0,0.0,-1.5707964,0.0
1970-01-01 00:00:00.315149531,0.315149531,335.24432,0.0,0.0,0.0,0.0,0.0,0.0,0.0,-1.5707964,0.0
1970-01-01 00:00:00.315151341,0.315151341,0.0,0.0,317.47363,0.0,0.0,0.0,0.0,0.0,-1.5707964,0.0
1970-01-01 00:00:00.315174217,0.315174217,84.28751,0.0,0.0,0.0,0.0,0.0,0.0,0.0,-1.5707964,0.0
1970-01-01 00:00:00.315236519,0.315236519,338.20657,0.0,0.0,0.0,0.0,0.0,0.0,0.0,-1.5707964,0.0
1970-01-01 00:00:00.315259623,0.315259623,104.2336,0.0,0.0,0.0,0.0,0.0,0.0,0.0,-1.5707964,0.0
1970-01-01 00:00:00.315275795,0.315275795,0.0,0.0,175.47003,0.0,0.0,0.0,0.0,0.0,-1.5707964,0.0
1970-01-01 00:00:00.315442967,0.315442967,0.0,0.0,358.9924,0.0,0.0,0.0,0.0,0.0,-1.5707964,0.0
1970-01-01 00:00:00.315482447,0.315482447,0.0,271.61084,0.0,0.0,0.0,0.0,0.0,0.0,-1.5707964,0.0
1970-01-01 00:00:00.315527844,0.315527844,0.0,0.0,302.2765,0.0,0.0,0.0,0.0,0.0,-1.5707964,0.0
1970-01-01 00:00:00.315548611,0.315548611,110.61912,0.0,0.0,0.0,0.0,0.0,0.0,0.0,-1.5707964,0.0
1970-01-01 00:00:00.315677726,0.315677726,0.0,0.0,130.21307,0.0,0.0,0.0,0.0,0.0,-1.5707964,0.0
1970-01-01 00:00:00.315688774,0.315688774,0.0,205.46082,0.0,0.0,0.0,0.0,0.0,0.0,-1.5707964,0.0
1970-01-01 00:00:00.315817000,0.315817,0.0,0.0,148.51259,0.0,0.0,0.0,0.0,0.0,-1.5707964,0.0
1970-01-01 00:00:00.315818818,0.315818818,0.0,0.0,324.59933,0.0,0.0,0.0,0.0,0.0,-1.5707964,0.0
1970-01-01 00:00:00.315827976,0.315827976,0.0,0.0,368.55585,0.0,0.0,0.0,0.0,0.0,-1.5707964,0.0
1970-01-01 00:00:00.315828476,0.315828476,0.0,140.61923,0.0,0.0,0.0,0.0,0.0,0.0,-1.5707964,0.0
1970-01-01 00:00:00.315880939,0.315880939,0.0,0.0,100.09058,0.0,0.0,0.0,0.0,0.0,-1.5707964,0.0
1970-01-01 00:00:00.315940545,0.315940545,158.29832,0.0,0.0,0.0,0.0,0.0,0.0,0.0,-1.5707964,0.0
1970-01-01 00:00:00.316018552,0.316018552,191.51521,0.0,0.0,0.0,0.0,0.0,0.0,0.0,-1.5707964,0.0
1970-01-01 00:00:00.316059597,0.316059597,585.9804,0.0,0.0,0.0,0.0,0.0,0.0,0.0,-1.5707964,0.0
1970-01-01 00:00:00.316474353,0.316474353,0.0,109.173706,0.0,0.0,0.0,0.0,0.0,0.0,-1.5707964,0.0
1970-01-01 00:00:00.316488825,0.316488825,0.0,0.0,353.54507,0.0,0.0,0.0,0.0,0.0,-1.5707964,0.0
1970-01-01 00:00:00.316571577,0.316571577,0.0,0.0,0.0,0.0,0.0,164.87651,0.0,0.0,-1.5707964,0.0
1970-01-01 00:00:00.316571577,0.316571577,0.0,0.0,0.0,0.0,0.0,166.1119,0.0,0.0,-1.5707964,0.0
1970-01-01 00:00:00.316584129,0.316584129,0.0,0.0,181.54057,0.0,0.0,0.0,0.0,0.0,-1.5707964,0.0
1970-01-01 00:00:00.316675430,0.31667543,204.11795,0.0,0.0,0.0,0.0,0.0,0.0,0.0,-1.5707964,0.0
1970-01-01 00:00:00.316735930,0.31673593,0.0,318.29868,0.0,0.0,0.0,0.0,0.0,0.0,-1.5707964,0.0
1970-01-01 00:00:00.317080928,0.317080928,0.0,0.0,717.3048,0.0,0.0,0.0,0.0,0.0,-1.5707964,0.0
1970-01-01 00:00:00.317152684,0.317152684,0.0,0.0,0.0,0.0,0.0,128.06844,0.0,0.0,-1.5707964,0.0
1970-01-01 00:00:00.317310066,0.317310066,0.0,159.21312,0.0,0.0,0.0,0.0,0.0,0.0,-1.5707964,0.0
1970-01-01 00:00:00.317336588,0.317336588,0.0,0.0,232.88762,0.0,0.0,0.0,0.0,0.0,-1.5707964,0.0
1970-01-01 00:00:00.317402963,0.317402963,340.37772,0.0,0.0,0.0,0.0,0.0,0.0,0.0,-1.5707964,0.0
1970-01-01 00:00:00.317573987,0.317573987,0.0,0.0,0.0,0.0,167.79124,0.0,0.0,0.0,-1.5707964,0.0
1970-01-01 00:00:00.317617440,0.31761744,0.0,242.2531,0.0,0.0,0.0,0.0,0.0,0.0,-1.5707964,0.0
1970-01-01 00:00:00.317672729,0.317672729,112.447975,0.0,0.0,0.0,0.0,0.0,0.0,0.0,-1.5707964,0.0
1970-01-01 00:00:00.317685197,0.317685197,154.80215,0.0,0.0,0.0,0.0,0.0,0.0,0.0,-1.5707964,0.0
1970-01-01 00:00:00.317740444,0.317740444,0.0,0.0,117.51289,0.0,0.0,0.0,0.0,0.0,-1.5707964,0.0
1970-01-01 00:00:00.317813961,0.317813961,0.0,0.0,106.63816,0.0,0.0,0.0,0.0,0.0,-1.5707964,0.0
1970-01-01 00:00:00.317852538,0.317852538,0.0,0.0,275.51746,0.0,0.0,0.0,0.0,0.0,-1.5707964,0.0
1970-01-01 00:00:00.317974952,0.317974952,0.0,0.0,0.0,0.0,0.0,192.46928,0.0,0.0,-1.5707964,0.0
1970-01-01 00:00:00.317977504,0.317977504,594.098,0.0,0.0,0.0,0.0,0.0,0.0,0.0,-1.5707964,0.0
1970-01-01 00:00:00.318026104,0.318026104,0.0,0.0,0.0,180.85167,0.0,0.0,0.0,0.0,-1.5707964,0.0
1970-01-01 00:00:00.318044793,0.318044793,245.13493,0.0,0.0,0.0,0.0,0.0,0.0,0.0,-1.5707964,0.0
1970-01-01 00:00:00.318048664,0.318048664,0.0,0.0,177.21768,0.0,0.0,0.0,0.0,0.0,-1.5707964,0.0
1970-01-01 00:00:00.318096613,0.318096613,0.0,707.4674,0.0,0.0,0.0,0.0,0.0,0.0,-1.5707964,0.0
1970-01-01 00:00:00.318219365,0.318219365,0.0,0.0,0.0,0.0,0.0,727.49554,0.0,0.0,-1.5707964,0.0
1970-01-01 00:00:00.318241389,0.318241389,0.0,0.0,0.0,0.0,91.076836,0.0,0.0,0.0,-1.5707964,0.0
1970-01-01 00:00:00.318278805,0.318278805,0.0,84.456635,0.0,0.0,0.0,0.0,0.0,0.0,-1.5707964,0.0
1970-01-01 00:00:00.318305373,0.318305373,176.47536,0.0,0.0,0.0,0.0,0.0,0.0,0.0,-1.5707964,0.0
1970-01-01 00:00:00.318306140,0.31830614,0.0,0.0,174.4989,0.0,0.0,0.0,0.0,0.0,-1.5707964,0.0
1970-01-01 00:00:00.318513026,0.318513026,0.0,257.08978,0.0,0.0,0.0,0.0,0.0,0.0,-1.5707964,0.0
1970-01-01 00:00:00.318525090,0.31852509,273.33978,0.0,0.0,0.0,0.0,0.0,0.0,0.0,-1.5707964,0.0
1970-01-01 00:00:00.318531676,0.318531676,0.0,262.37888,0.0,0.0,0.0,0.0,0.0,0.0,-1.5707964,0.0
1970-01-01 00:00:00.318546967,0.318546967,0.0,0.0,0.0,0.0,0.0,338.87408,0.0,0.0,-1.5707964,0.0
1970-01-01 00:00:00.318583388,0.318583388,0.0,171.57472,0.0,0.0,0.0,0.0,0.0,0.0,-1.5707964,0.0
1970-01-01 00:00:00.318583551,0.318583551,0.0,0.0,224.82552,0.0,0.0,0.0,0.0,0.0,-1.5707964,0.0
1970-01-01 00:00:00.318590578,0.318590578,0.0,173.2436,0.0,0.0,0.0,0.0,0.0,0.0,-1.5707964,0.0
1970-01-01 00:00:00.318728120,0.31872812,0.0,347.54883,0.0,0.0,0.0,0.0,0.0,0.0,-1.5707964,0.0
1970-01-01 00:00:00.318825778,0.318825778,182.87103,0.0,0.0,0.0,0.0,0.0,0.0,0.0,-1.5707964,0.0
1970-01-01 00:00:00.318851466,0.318851466,183.30708,0.0,0.0,0.0,0.0,0.0,0.0,0.0,-1.5707964,0.0
1970-01-01 00:00:00.318916230,0.31891623,0.0,0.0,321.25598,0.0,0.0,0.0,0.0,0.0,-1.5707964,0.0
1970-01-01 00:00:00.318955394,0.318955394,0.0,0.0,0.0,0.0,0.0,123.47913,0.0,0.0,-1.5707964,0.0
1970-01-01 00:00:00.319197269,0.319197269,0.0,0.0,0.0,0.0,0.0,284.35736,0.0,0.0,-1.5707964,0.0
1970-01-01 00:00:00.319205562,0.319205562,0.0,494.82043,0.0,0.0,0.0,0.0,0.0,0.0,-1.5707964,0.0
1970-01-01 00:00:00.319304108,0.319304108,0.0,652.2419,0.0,0.0,0.0,0.0,0.0,0.0,-1.5707964,0.0
1970-01-01 00:00:00.319345001,0.319345001,0.0,0.0,535.6601,0.0,0.0,0.0,0.0,0.0,-1.5707964,0.0
1970-01-01 00:00:00.319378058,0.319378058,0.0,0.0,544.2668,0.0,0.0,0.0,0.0,0.0,-1.5707964,0.0
1970-01-01 00:00:00.319480402,0.319480402,145.9551,0.0,0.0,0.0,0.0,0.0,0.0,0.0,-1.5707964,0.0
1970-01-01 00:00:00.319665550,0.31966555,0.0,0.0,0.0,0.0,0.0,603.5819,0.0,0.0,-1.5707964,0.0
1970-01-01 00:00:00.319683192,0.319683192,0.0,0.0,120.36736,0.0,0.0,0.0,0.0,0.0,-1.5707964,0.0
1970-01-01 00:00:00.319732529,0.319732529,0.0,0.0,0.0,0.0,351.79178,0.0,0.0,0.0,-1.5707964,0.0
1970-01-01 00:00:00.319907415,0.319907415,0.0,0.0,0.0,0.0,0.0,443.21954,0.0,0.0,-1.5707964,0.0
1970-01-01 00:00:00.319922402,0.319922402,0.0,0.0,102.195816,0.0,0.0,0.0,0.0,0.0,-1.5707964,0.0
1970-01-01 00:00:00.320056422,0.320056422,0.0,0.0,125.50917,0.0,0.0,0.0,0.0,0.0,-1.5707964,0.0
1970-01-01 00:00:00.320158009,0.320158009,0.0,0.0,0.0,466.23807,0.0,0.0,0.0,0.0,-1.5707964,0.0
1970-01-01 00:00:00.320245668,0.320245668,217.29448,0.0,0.0,0.0,0.0,0.0,0.0,0.0,-1.5707964,0.0
1970-01-01 00:00:00.320249304,0.320249304,0.0,0.0,0.0,0.0,0.0,260.93655,0.0,0.0,-1.5707964,0.0
1970-01-01 00:00:00.320252926,0.320252926,0.0,0.0,0.0,0.0,0.0,922.4198,0.0,0.0,-1.5707964,0.0
1970-01-01 00:00:00.320317150,0.32031715,0.0,0.0,0.0,0.0,0.0,131.27896,0.0,0.0,-1.5707964,0.0
1970-01-01 00:00:00.320406823,0.320406823,482.27582,0.0,0.0,0.0,0.0,0.0,0.0,0.0,-1.5707964,0.0
1970-01-01 00:00:00.320437550,0.32043755,0.0,0.0,520.7742,0.0,0.0,0.0,0.0,0.0,-1.5707964,0.0
1970-01-01 00:00:00.320570315,0.320570315,512.6582,0.0,0.0,0.0,0.0,0.0,0.0,0.0,-1.5707964,0.0
1970-01-01 00:00:00.320580403,0.320580403,0.0,0.0,114.14357,0.0,0.0,0.0,0.0,0.0,-1.5707964,0.0
1970-01-01 00:00:00.320613849,0.320613849,0.0,0.0,129.00555,0.0,0.0,0.0,0.0,0.0,-1.5707964,0.0
1970-01-01 00:00:00.320614432,0.320614432,0.0,0.0,182.97552,0.0,0.0,0.0,0.0,0.0,-1.5707964,0.0
1970-01-01 00:00:00.320636925,0.320636925,0.0,0.0,0.0,0.0,437.24347,0.0,0.0,0.0,-1.5707964,0.0
1970-01-01 00:00:00.320661413,0.320661413,0.0,216.23528,0.0,0.0,0.0,0.0,0.0,0.0,-1.5707964,0.0
1970-01-01 00:00:00.320791747,0.320791747,0.0,0.0,0.0,0.0,0.0,115.64895,0.0,0.0,-1.5707964,0.0
1970-01-01 00:00:00.320817078,0.320817078,0.0,222.85902,0.0,0.0,0.0,0.0,0.0,0.0,-1.5707964,0.0
1970-01-01 00:00:00.320824854,0.320824854,0.0,0.0,101.30786,0.0,0.0,0.0,0.0,0.0,-1.5707964,0.0
1970-01-01 00:00:00.320859421,0.320859421,0.0,0.0,0.0,0.0,0.0,133.98976,0.0,0.0,-1.5707964,0.0
1970-01-01 00:00:00.320887464,0.320887464,0.0,0.0,87.74099,0.0,0.0,0.0,0.0,0.0,-1.5707964,0.0
1970-01-01 00:00:00.320890335,0.320890335,144.67311,0.0,0.0,0.0,0.0,0.0,0.0,0.0,-1.5707964,0.0
1970-01-01 00:00:00.320891499,0.320891499,350.71472,0.0,0.0,0.0,0.0,0.0,0.0,0.0,-1.5707964,0.0
1970-01-01 00:00:00.321052189,0.321052189,0.0,205.76988,0.0,0.0,0.0,0.0,0.0,0.0,-1.5707964,0.0
1970-01-01 00:00:00.321110971,0.321110971,111.10091,0.0,0.0,0.0,0.0,0.0,0.0,0.0,-1.5707964,0.0
1970-01-01 00:00:00.321117370,0.32111737,0.0,158.4139,0.0,0.0,0.0,0.0,0.0,0.0,-1.5707964,0.0
1970-01-01 00:00:00.321125140,0.32112514,0.0,0.0,243.4895,0.0,0.0,0.0,0.0,0.0,-1.5707964,0.0
1970-01-01 00:00:00.321139747,0.321139747,0.0,0.0,201.80539,0.0,0.0,0.0,0.0,0.0,-1.5707964,0.0
1970-01-01 00:00:00.321232609,0.321232609,0.0,425.44446,0.0,0.0,0.0,0.0,0.0,0.0,-1.5707964,0.0
1970-01-01 00:00:00.321354495,0.321354495,0.0,0.0,0.0,0.0,0.0,153.37222,0.0,0.0,-1.5707964,0.0
1970-01-01 00:00:00.321626408,0.321626408,0.0,0.0,0.0,0.0,0.0,153.4785,0.0,0.0,-1.5707964,0.0
1970-01-01 00:00:00.321639489,0.321639489,274.83075,0.0,0.0,0.0,0.0,0.0,0.0,0.0,-1.5707964,0.0
1970-01-01 00:00:00.321795556,0.321795556,0.0,0.0,251.59378,0.0,0.0,0.0,0.0,0.0,-1.5707964,0.0
1970-01-01 00:00:00.321830900,0.3218309,0.0,0.0,0.0,0.0,0.0,260.5475,0.0,0.0,-1.5707964,0.0
1970-01-01 00:00:00.321964650,0.32196465,0.0,0.0,88.869415,0.0,0.0,0.0,0.0,0.0,-1.5707964,0.0
1970-01-01 00:00:00.322007737,0.322007737,580.34784,0.0,0.0,0.0,0.0,0.0,0.0,0.0,-1.5707964,0.0
1970-01-01 00:00:00.322014769,0.322014769,0.0,257.01306,0.0,0.0,0.0,0.0,0.0,0.0,-1.5707964,0.0
1970-01-01 00:00:00.322038187,0.322038187,478.08273,0.0,0.0,0.0,0.0,0.0,0.0,0.0,-1.5707964,0.0
1970-01-01 00:00:00.322064639,0.322064639,0.0,0.0,142.17209,0.0,0.0,0.0,0.0,0.0,-1.5707964,0.0
1970-01-01 00:00:00.322141608,0.322141608,0.0,0.0,218.22244,0.0,0.0,0.0,0.0,0.0,-1.5707964,0.0
1970-01-01 00:00:00.322179128,0.322179128,116.736305,0.0,0.0,0.0,0.0,0.0,0.0,0.0,-1.5707964,0.0
1970-01-01 00:00:00.322248914,0.322248914,0.0,0.0,258.9072,0.0,0.0,0.0,0.0,0.0,-1.5707964,0.0
1970-01-01 00:00:00.322272200,0.3222722,311.76093,0.0,0.0,0.0,0.0,0.0,0.0,0.0,-1.5707964,0.0
1970-01-01 00:00:00.322272200,0.3222722,514.67737,0.0,0.0,0.0,0.0,0.0,0.0,0.0,-1.5707964,0.0
1970-01-01 00:00:00.322299363,0.322299363,0.0,485.55963,0.0,0.0,0.0,0.0,0.0,0.0,-1.5707964,0.0
1970-01-01 00:00:00.322320478,0.322320478,0.0,0.0,0.0,0.0,0.0,368.55463,0.0,0.0,-1.5707964,0.0
1970-01-01 00:00:00.322429581,0.322429581,0.0,0.0,179.47394,0.0,0.0,0.0,0.0,0.0,-1.5707964,0.0
1970-01-01 00:00:00.322452655,0.322452655,0.0,0.0,168.37231,0.0,0.0,0.0,0.0,0.0,-1.5707964,0.0
1970-01-01 00:00:00.322619532,0.322619532,0.0,139.93929,0.0,0.0,0.0,0.0,0.0,0.0,-1.5707964,0.0
1970-01-01 00:00:00.322657115,0.322657115,0.0,0.0,101.21574,0.0,0.0,0.0,0.0,0.0,-1.5707964,0.0
1970-01-01 00:00:00.322668512,0.322668512,0.0,175.0767,0.0,0.0,0.0,0.0,0.0,0.0,-1.5707964,0.0
1970-01-01 00:00:00.322722583,0.322722583,0.0,0.0,257.06635,0.0,0.0,0.0,0.0,0.0,-1.5707964,0.0
1970-01-01 00:00:00.322724682,0.322724682,0.0,0.0,354.95404,0.0,0.0,0.0,0.0,0.0,-1.5707964,0.0
1970-01-01 00:00:00.322765776,0.322765776,253.73367,0.0,0.0,0.0,0.0,0.0,0.0,0.0,-1.5707964,0.0
1970-01-01 00:00:00.322818015,0.322818015,0.0,0.0,353.1717,0.0,0.0,0.0,0.0,0.0,-1.5707964,0.0
1970-01-01 00:00:00.322942514,0.322942514,295.60315,0.0,0.0,0.0,0.0,0.0,0.0,0.0,-1.5707964,0.0
1970-01-01 00:00:00.323032551,0.323032551,0.0,497.44635,0.0,0.0,0.0,0.0,0.0,0.0,-1.5707964,0.0
1970-01-01 00:00:00.323122634,0.323122634,0.0,0.0,245.65498,0.0,0.0,0.0,0.0,0.0,-1.5707964,0.0
1970-01-01 00:00:00.323127254,0.323127254,0.0,223.98329,0.0,0.0,0.0,0.0,0.0,0.0,-1.5707964,0.0
1970-01-01 00:00:00.323182048,0.323182048,0.0,0.0,0.0,88.58187,0.0,0.0,0.0,0.0,-1.5707964,0.0
1970-01-01 00:00:00.323186348,0.323186348,0.0,308.3615,0.0,0.0,0.0,0.0,0.0,0.0,-1.5707964,0.0
1970-01-01 00:00:00.323314714,0.323314714,131.60928,0.0,0.0,0.0,0.0,0.0,0.0,0.0,-1.5707964,0.0
1970-01-01 00:00:00.323319023,0.323319023,0.0,0.0,0.0,0.0,166.90895,0.0,0.0,0.0,-1.5707964,0.0
1970-01-01 00:00:00.323409061,0.323409061,124.18179,0.0,0.0,0.0,0.0,0.0,0.0,0.0,-1.5707964,0.0
1970-01-01 00:00:00.323457521,0.323457521,89.427536,0.0,0.0,0.0,0.0,0.0,0.0,0.0,-1.5707964,0.0
1970-01-01 00:00:00.323466630,0.32346663,85.50203,0.0,0.0,0.0,0.0,0.0,0.0,0.0,-1.5707964,0.0
1970-01-01 00:00:00.323546033,0.323546033,0.0,307.1496,0.0,0.0,0.0,0.0,0.0,0.0,-1.5707964,0.0
1970-01-01 00:00:00.323620569,0.323620569,134.42563,0.0,0.0,0.0,0.0,0.0,0.0,0.0,-1.5707964,0.0
1970-01-01 00:00:00.323629914,0.323629914,0.0,575.5235,0.0,0.0,0.0,0.0,0.0,0.0,-1.5707964,0.0
1970-01-01 00:00:00.323718426,0.323718426,160.22832,0.0,0.0,0.0,0.0,0.0,0.0,0.0,-1.5707964,0.0
1970-01-01 00:00:00.323791336,0.323791336,0.0,0.0,0.0,0.0,0.0,96.93844,0.0,0.0,-1.5707964,0.0
1970-01-01 00:00:00.323870276,0.323870276,127.45828,0.0,0.0,0.0,0.0,0.0,0.0,0.0,-1.5707964,0.0
1970-01-01 00:00:00.324009396,0.324009396,0.0,154.92987,0.0,0.0,0.0,0.0,0.0,0.0,-1.5707964,0.0
1970-01-01 00:00:00.324197879,0.324197879,0.0,0.0,131.21092,0.0,0.0,0.0,0.0,0.0,-1.5707964,0.0
1970-01-01 00:00:00.324243862,0.324243862,0.0,0.0,510.18674,0.0,0.0,0.0,0.0,0.0,-1.5707964,0.0
1970-01-01 00:00:00.324328451,0.324328451,115.20903,0.0,0.0,0.0,0.0,0.0,0.0,0.0,-1.5707964,0.0
1970-01-01 00:00:00.324340317,0.324340317,0.0,383.84006,0.0,0.0,0.0,0.0,0.0,0.0,-1.5707964,0.0
1970-01-01 00:00:00.324378822,0.324378822,0.0,170.55443,0.0,0.0,0.0,0.0,0.0,0.0,-1.5707964,0.0
1970-01-01 00:00:00.324432076,0.324432076,0.0,84.659874,0.0,0.0,0.0,0.0,0.0,0.0,-1.5707964,0.0
1970-01-01 00:00:00.324505985,0.324505985,0.0,0.0,0.0,0.0,149.61188,0.0,0.0,0.0,-1.5707964,0.0
1970-01-01 00:00:00.324574580,0.32457458,0.0,0.0,0.0,0.0,141.059,0.0,0.0,0.0,-1.5707964,0.0
1970-01-01 00:00:00.324580944,0.324580944,188.73642,0.0,0.0,0.0,0.0,0.0,0.0,0.0,-1.5707964,0.0
1970-01-01 00:00:00.324580944,0.324580944,0.0,0.0,187.16833,0.0,0.0,0.0,0.0,0.0,-1.5707964,0.0
1970-01-01 00:00:00.324591031,0.324591031,0.0,307.14285,0.0,0.0,0.0,0.0,0.0,0.0,-1.5707964,0.0
1970-01-01 00:00:00.324646896,0.324646896,0.0,0.0,0.0,0.0,0.0,371.36172,0.0,0.0,-1.5707964,0.0
1970-01-01 00:00:00.324705506,0.324705506,0.0,0.0,88.73795,0.0,0.0,0.0,0.0,0.0,-1.5707964,0.0
1970-01-01 00:00:00.324746026,0.324746026,179.24571,0.0,0.0,0.0,0.0,0.0,0.0,0.0,-1.5707964,0.0
1970-01-01 00:00:00.324906019,0.324906019,0.0,117.71108,0.0,0.0,0.0,0.0,0.0,0.0,-1.5707964,0.0
1970-01-01 00:00:00.324932135,0.324932135,261.0865,0.0,0.0,0.0,0.0,0.0,0.0,0.0,-1.5707964,0.0
1970-01-01 00:00:00.324942180,0.32494218,0.0,0.0,0.0,0.0,139.97206,0.0,0.0,0.0,-1.5707964,0.0
1970-01-01 00:00:00.325106040,0.32510604,0.0,0.0,198.91974,0.0,0.0,0.0,0.0,0.0,-1.5707964,0.0
1970-01-01 00:00:00.325222314,0.325222314,0.0,0.0,194.40489,0.0,0.0,0.0,0.0,0.0,-1.5707964,0.0
1970-01-01 00:00:00.325279352,0.325279352,477.76672,0.0,0.0,0.0,0.0,0.0,0.0,0.0,-1.5707964,0.0
1970-01-01 00:00:00.325368966,0.325368966,0.0,303.26993,0.0,0.0,0.0,0.0,0.0,0.0,-1.5707964,0.0
1970-01-01 00:00:00.325385792,0.325385792,0.0,0.0,0.0,0.0,86.01005,0.0,0.0,0.0,-1.5707964,0.0
1970-01-01 00:00:00.325635189,0.325635189,0.0,0.0,230.66844,0.0,0.0,0.0,0.0,0.0,-1.5707964,0.0
1970-01-01 00:00:00.325721422,0.325721422,0.0,0.0,447.59705,0.0,0.0,0.0,0.0,0.0,-1.5707964,0.0
1970-01-01 00:00:00.325758716,0.325758716,128.25807,0.0,0.0,0.0,0.0,0.0,0.0,0.0,-1.5707964,0.0
1970-01-01 00:00:00.326018695,0.326018695,0.0,0.0,180.13863,0.0,0.0,0.0,0.0,0.0,-1.5707964,0.0
1970-01-01 00:00:00.327203986,0.327203986,0.0,0.0,0.0,0.0,0.0,165.0721,0.0,0.0,-1.5707964,0.0
1970-01-01 00:00:00.327584689,0.327584689,0.0,0.0,0.0,0.0,0.0,300.08078,0.0,0.0,-1.5707964,0.0
1970-01-01 00:00:00.327598712,0.327598712,0.0,392.1799,0.0,0.0,0.0,0.0,0.0,0.0,-1.5707964,0.0
1970-01-01 00:00:00.327767007,0.327767007,709.0704,0.0,0.0,0.0,0.0,0.0,0.0,0.0,-1.5707964,0.0
1970-01-01 00:00:00.327973240,0.32797324,130.00139,0.0,0.0,0.0,0.0,0.0,0.0,0.0,-1.5707964,0.0
1970-01-01 00:00:00.328080596,0.328080596,0.0,0.0,132.2378,0.0,0.0,0.0,0.0,0.0,-1.5707964,0.0
1970-01-01 00:00:00.328084157,0.328084157,0.0,0.0,138.35608,0.0,0.0,0.0,0.0,0.0,-1.5707964,0.0
1970-01-01 00:00:00.328111737,0.328111737,0.0,0.0,0.0,0.0,0.0,358.38885,0.0,0.0,-1.5707964,0.0
1970-01-01 00:00:00.328218684,0.328218684,0.0,0.0,0.0,0.0,142.91554,0.0,0.0,0.0,-1.5707964,0.0
1970-01-01 00:00:00.328245528,0.328245528,397.07904,0.0,0.0,0.0,0.0,0.0,0.0,0.0,-1.5707964,0.0
1970-01-01 00:00:00.328267422,0.328267422,146.23514,0.0,0.0,0.0,0.0,0.0,0.0,0.0,-1.5707964,0.0
1970-01-01 00:00:00.328361969,0.328361969,0.0,0.0,0.0,421.08026,0.0,0.0,0.0,0.0,-1.5707964,0.0
1970-01-01 00:00:00.328398497,0.328398497,223.51118,0.0,0.0,0.0,0.0,0.0,0.0,0.0,-1.5707964,0.0
1970-01-01 00:00:00.328444916,0.328444916,0.0,0.0,167.06815,0.0,0.0,0.0,0.0,0.0,-1.5707964,0.0
1970-01-01 00:00:00.328516354,0.328516354,271.04352,0.0,0.0,0.0,0.0,0.0,0.0,0.0,-1.5707964,0.0
1970-01-01 00:00:00.328578607,0.328578607,0.0,373.82202,0.0,0.0,0.0,0.0,0.0,0.0,-1.5707964,0.0
1970-01-01 00:00:00.328739244,0.328739244,450.78113,0.0,0.0,0.0,0.0,0.0,0.0,0.0,-1.5707964,0.0
1970-01-01 00:00:00.328760303,0.328760303,102.79845,0.0,0.0,0.0,0.0,0.0,0.0,0.0,-1.5707964,0.0
1970-01-01 00:00:00.328818526,0.328818526,116.62685,0.0,0.0,0.0,0.0,0.0,0.0,0.0,-1.5707964,0.0
1970-01-01 00:00:00.328912861,0.328912861,0.0,104.52048,0.0,0.0,0.0,0.0,0.0,0.0,-1.5707964,0.0
1970-01-01 00:00:00.329025710,0.32902571,0.0,0.0,0.0,0.0,152.25743,0.0,0.0,0.0,-1.5707964,0.0
1970-01-01 00:00:00.329184555,0.329184555,0.0,0.0,365.8815,0.0,0.0,0.0,0.0,0.0,-1.5707964,0.0
1970-01-01 00:00:00.329244938,0.329244938,0.0,0.0,207.23439,0.0,0.0,0.0,0.0,0.0,-1.5707964,0.0
1970-01-01 00:00:00.329246520,0.32924652,803.37836,0.0,0.0,0.0,0.0,0.0,0.0,0.0,-1.5707964,0.0
1970-01-01 00:00:00.329398686,0.329398686,0.0,0.0,0.0,0.0,0.0,316.44785,0.0,0.0,-1.5707964,0.0
1970-01-01 00:00:00.329487275,0.329487275,0.0,0.0,656.924,0.0,0.0,0.0,0.0,0.0,-1.5707964,0.0
1970-01-01 00:00:00.329507995,0.329507995,0.0,478.6579,0.0,0.0,0.0,0.0,0.0,0.0,-1.5707964,0.0
1970-01-01 00:00:00.329715708,0.329715708,0.0,0.0,104.65692,0.0,0.0,0.0,0.0,0.0,-1.5707964,0.0
1970-01-01 00:00:00.329742946,0.329742946,0.0,0.0,550.3274,0.0,0.0,0.0,0.0,0.0,-1.5707964,0.0
1970-01-01 00:00:00.329925779,0.329925779,0.0,0.0,0.0,0.0,397.61642,0.0,0.0,0.0,-1.5707964,0.0
1970-01-01 00:00:00.329932809,0.329932809,268.4955,0.0,0.0,0.0,0.0,0.0,0.0,0.0,-1.5707964,0.0
1970-01-01 00:00:00.330126895,0.330126895,0.0,0.0,561.54156,0.0,0.0,0.0,0.0,0.0,-1.5707964,0.0
1970-01-01 00:00:00.330248709,0.330248709,0.0,430.7566,0.0,0.0,0.0,0.0,0.0,0.0,-1.5707964,0.0
1970-01-01 00:00:00.330267449,0.330267449,0.0,0.0,0.0,0.0,149.48727,0.0,0.0,0.0,-1.5707964,0.0
1970-01-01 00:00:00.330491946,0.330491946,0.0,83.02634,0.0,0.0,0.0,0.0,0.0,0.0,-1.5707964,0.0
1970-01-01 00:00:00.330505666,0.330505666,0.0,503.36264,0.0,0.0,0.0,0.0,0.0,0.0,-1.5707964,0.0
1970-01-01 00:00:00.330540053,0.330540053,0.0,0.0,387.70956,0.0,0.0,0.0,0.0,0.0,-1.5707964,0.0
1970-01-01 00:00:00.330578151,0.330578151,0.0,0.0,0.0,0.0,133.83148,0.0,0.0,0.0,-1.5707964,0.0
1970-01-01 00:00:00.330605275,0.330605275,139.11574,0.0,0.0,0.0,0.0,0.0,0.0,0.0,-1.5707964,0.0
1970-01-01 00:00:00.330713764,0.330713764,0.0,0.0,0.0,0.0,0.0,123.55041,0.0,0.0,-1.5707964,0.0
1970-01-01 00:00:00.330777716,0.330777716,0.0,0.0,0.0,0.0,166.33623,0.0,0.0,0.0,-1.5707964,0.0
1970-01-01 00:00:00.330867290,0.33086729,0.0,0.0,103.5391,0.0,0.0,0.0,0.0,0.0,-1.5707964,0.0
1970-01-01 00:00:00.330917409,0.330917409,0.0,0.0,235.49382,0.0,0.0,0.0,0.0,0.0,-1.5707964,0.0
1970-01-01 00:00:00.331039661,0.331039661,0.0,0.0,511.37567,0.0,0.0,0.0,0.0,0.0,-1.5707964,0.0
1970-01-01 00:00:00.331122015,0.331122015,373.73672,0.0,0.0,0.0,0.0,0.0,0.0,0.0,-1.5707964,0.0
1970-01-01 00:00:00.331218366,0.331218366,187.57353,0.0,0.0,0.0,0.0,0.0,0.0,0.0,-1.5707964,0.0
1970-01-01 00:00:00.331222139,0.331222139,0.0,0.0,83.592865,0.0,0.0,0.0,0.0,0.0,-1.5707964,0.0
1970-01-01 00:00:00.331227795,0.331227795,438.44955,0.0,0.0,0.0,0.0,0.0,0.0,0.0,-1.5707964,0.0
1970-01-01 00:00:00.331307695,0.331307695,0.0,0.0,108.10321,0.0,0.0,0.0,0.0,0.0,-1.5707964,0.0
1970-01-01 00:00:00.331377664,0.331377664,193.46083,0.0,0.0,0.0,0.0,0.0,0.0,0.0,-1.5707964,0.0
1970-01-01 00:00:00.331453717,0.331453717,134.95175,0.0,0.0,0.0,0.0,0.0,0.0,0.0,-1.5707964,0.0
1970-01-01 00:00:00.331638270,0.33163827,113.227936,0.0,0.0,0.0,0.0,0.0,0.0,0.0,-1.5707964,0.0
1970-01-01 00:00:00.331774372,0.331774372,0.0,557.3507,0.0,0.0,0.0,0.0,0.0,0.0,-1.5707964,0.0
1970-01-01 00:00:00.331798674,0.331798674,284.69852,0.0,0.0,0.0,0.0,0.0,0.0,0.0,-1.5707964,0.0
1970-01-01 00:00:00.331885730,0.33188573,0.0,0.0,1124.9485,0.0,0.0,0.0,0.0,0.0,-1.5707964,0.0
1970-01-01 00:00:00.332059109,0.332059109,145.59453,0.0,0.0,0.0,0.0,0.0,0.0,0.0,-1.5707964,0.0
1970-01-01 00:00:00.332192126,0.332192126,266.32236,0.0,0.0,0.0,0.0,0.0,0.0,0.0,-1.5707964,0.0
1970-01-01 00:00:00.332214128,0.332214128,179.21129,0.0,0.0,0.0,0.0,0.0,0.0,0.0,-1.5707964,0.0
1970-01-01 00:00:00.332297058,0.332297058,0.0,732.0249,0.0,0.0,0.0,0.0,0.0,0.0,-1.5707964,0.0
1970-01-01 00:00:00.332390469,0.332390469,0.0,408.1475,0.0,0.0,0.0,0.0,0.0,0.0,-1.5707964,0.0
1970-01-01 00:00:00.332480072,0.332480072,318.6487,0.0,0.0,0.0,0.0,0.0,0.0,0.0,-1.5707964,0.0
1970-01-01 00:00:00.332596569,0.332596569,0.0,0.0,165.74422,0.0,0.0,0.0,0.0,0.0,-1.5707964,0.0
1970-01-01 00:00:00.332651516,0.332651516,0.0,329.3433,0.0,0.0,0.0,0.0,0.0,0.0,-1.5707964,0.0
1970-01-01 00:00:00.332713941,0.332713941,0.0,0.0,150.64687,0.0,0.0,0.0,0.0,0.0,-1.5707964,0.0
1970-01-01 00:00:00.332738258,0.332738258,0.0,0.0,0.0,0.0,0.0,187.26904,0.0,0.0,-1.5707964,0.0
1970-01-01 00:00:00.332786377,0.332786377,135.66632,0.0,0.0,0.0,0.0,0.0,0.0,0.0,-1.5707964,0.0
1970-01-01 00:00:00.332917740,0.33291774,0.0,541.00604,0.0,0.0,0.0,0.0,0.0,0.0,-1.5707964,0.0
1970-01-01 00:00:00.333177501,0.333177501,0.0,0.0,0.0,0.0,0.0,575.63715,0.0,0.0,-1.5707964,0.0
1970-01-01 00:00:00.333343508,0.333343508,0.0,171.7237,0.0,0.0,0.0,0.0,0.0,0.0,-1.5707964,0.0
1970-01-01 00:00:00.333419580,0.33341958,0.0,202.77182,0.0,0.0,0.0,0.0,0.0,0.0,-1.5707964,0.0
1970-01-01 00:00:00.333610550,0.33361055,0.0,122.40483,0.0,0.0,0.0,0.0,0.0,0.0,-1.5707964,0.0
1970-01-01 00:00:00.333777776,0.333777776,107.67832,0.0,0.0,0.0,0.0,0.0,0.0,0.0,-1.5707964,0.0
1970-01-01 00:00:00.333808238,0.333808238,0.0,0.0,582.536,0.0,0.0,0.0,0.0,0.0,-1.5707964,0.0
1970-01-01 00:00:00.333943839,0.333943839,0.0,0.0,157.01245,0.0,0.0,0.0,0.0,0.0,-1.5707964,0.0
1970-01-01 00:00:00.334382315,0.334382315,0.0,0.0,0.0,0.0,0.0,289.72107,0.0,0.0,-1.5707964,0.0
1970-01-01 00:00:00.334403919,0.334403919,0.0,0.0,0.0,0.0,282.03723,0.0,0.0,0.0,-1.5707964,0.0
1970-01-01 00:00:00.334530317,0.334530317,277.6222,0.0,0.0,0.0,0.0,0.0,0.0,0.0,-1.5707964,0.0
1970-01-01 00:00:00.334566674,0.334566674,0.0,0.0,0.0,0.0,0.0,180.47646,0.0,0.0,-1.5707964,0.0
1970-01-01 00:00:00.334569924,0.334569924,0.0,216.64014,0.0,0.0,0.0,0.0,0.0,0.0,-1.5707964,0.0
1970-01-01 00:00:00.334753753,0.334753753,0.0,0.0,213.14177,0.0,0.0,0.0,0.0,0.0,-1.5707964,0.0
1970-01-01 00:00:00.334774991,0.334774991,0.0,302.74475,0.0,0.0,0.0,0.0,0.0,0.0,-1.5707964,0.0
1970-01-01 00:00:00.334795932,0.334795932,0.0,0.0,0.0,0.0,607.9795,0.0,0.0,0.0,-1.5707964,0.0
1970-01-01 00:00:00.334885647,0.334885647,128.86232,0.0,0.0,0.0,0.0,0.0,0.0,0.0,-1.5707964,0.0
1970-01-01 00:00:00.334975984,0.334975984,163.52484,0.0,0.0,0.0,0.0,0.0,0.0,0.0,-1.5707964,0.0
1970-01-01 00:00:00.335231355,0.335231355,0.0,0.0,349.04065,0.0,0.0,0.0,0.0,0.0,-1.5707964,0.0
1970-01-01 00:00:00.335318207,0.335318207,0.0,0.0,192.52847,0.0,0.0,0.0,0.0,0.0,-1.5707964,0.0
1970-01-01 00:00:00.335328332,0.335328332,0.0,144.7172,0.0,0.0,0.0,0.0,0.0,0.0,-1.5707964,0.0
1970-01-01 00:00:00.335397659,0.335397659,553.5733,0.0,0.0,0.0,0.0,0.0,0.0,0.0,-1.5707964,0.0
1970-01-01 00:00:00.335399120,0.33539912,197.49884,0.0,0.0,0.0,0.0,0.0,0.0,0.0,-1.5707964,0.0
1970-01-01 00:00:00.335553747,0.335553747,83.67919,0.0,0.0,0.0,0.0,0.0,0.0,0.0,-1.5707964,0.0
1970-01-01 00:00:00.335565923,0.335565923,0.0,0.0,144.52313,0.0,0.0,0.0,0.0,0.0,-1.5707964,0.0
1970-01-01 00:00:00.335604927,0.335604927,87.226944,0.0,0.0,0.0,0.0,0.0,0.0,0.0,-1.5707964,0.0
1970-01-01 00:00:00.335641862,0.335641862,210.9606,0.0,0.0,0.0,0.0,0.0,0.0,0.0,-1.5707964,0.0
1970-01-01 00:00:00.335677302,0.335677302,0.0,132.78133,0.0,0.0,0.0,0.0,0.0,0.0,-1.5707964,0.0
1970-01-01 00:00:00.335678655,0.335678655,0.0,0.0,305.84116,0.0,0.0,0.0,0.0,0.0,-1.5707964,0.0
1970-01-01 00:00:00.335711872,0.335711872,0.0,0.0,154.23051,0.0,0.0,0.0,0.0,0.0,-1.5707964,0.0
1970-01-01 00:00:00.335735749,0.335735749,482.4922,0.0,0.0,0.0,0.0,0.0,0.0,0.0,-1.5707964,0.0
1970-01-01 00:00:00.335861464,0.335861464,0.0,344.29337,0.0,0.0,0.0,0.0,0.0,0.0,-1.5707964,0.0
1970-01-01 00:00:00.335861464,0.335861464,0.0,0.0,0.0,0.0,160.34103,0.0,0.0,0.0,-1.5707964,0.0
1970-01-01 00:00:00.335895905,0.335895905,0.0,0.0,0.0,0.0,0.0,156.42403,0.0,0.0,-1.5707964,0.0
1970-01-01 00:00:00.335940431,0.335940431,0.0,0.0,258.71973,0.0,0.0,0.0,0.0,0.0,-1.5707964,0.0
1970-01-01 00:00:00.335991306,0.335991306,0.0,0.0,306.2722,0.0,0.0,0.0,0.0,0.0,-1.5707964,0.0
1970-01-01 00:00:00.336043173,0.336043173,428.522,0.0,0.0,0.0,0.0,0.0,0.0,0.0,-1.5707964,0.0
1970-01-01 00:00:00.336070546,0.336070546,229.6845,0.0,0.0,0.0,0.0,0.0,0.0,0.0,-1.5707964,0.0
1970-01-01 00:00:00.336147856,0.336147856,0.0,0.0,264.4196,0.0,0.0,0.0,0.0,0.0,-1.5707964,0.0
1970-01-01 00:00:00.336179041,0.336179041,0.0,0.0,0.0,0.0,0.0,201.73346,0.0,0.0,-1.5707964,0.0
1970-01-01 00:00:00.336181202,0.336181202,379.99274,0.0,0.0,0.0,0.0,0.0,0.0,0.0,-1.5707964,0.0
1970-01-01 00:00:00.336183089,0.336183089,264.65228,0.0,0.0,0.0,0.0,0.0,0.0,0.0,-1.5707964,0.0
1970-01-01 00:00:00.336214931,0.336214931,328.91388,0.0,0.0,0.0,0.0,0.0,0.0,0.0,-1.5707964,0.0
1970-01-01 00:00:00.336253276,0.336253276,0.0,0.0,100.40715,0.0,0.0,0.0,0.0,0.0,-1.5707964,0.0
1970-01-01 00:00:00.336273633,0.336273633,362.22964,0.0,0.0,0.0,0.0,0.0,0.0,0.0,-1.5707964,0.0
1970-01-01 00:00:00.336304837,0.336304837,0.0,354.29553,0.0,0.0,0.0,0.0,0.0,0.0,-1.5707964,0.0
1970-01-01 00:00:00.336356269,0.336356269,0.0,156.78912,0.0,0.0,0.0,0.0,0.0,0.0,-1.5707964,0.0
1970-01-01 00:00:00.336434580,0.33643458,103.97983,0.0,0.0,0.0,0.0,0.0,0.0,0.0,-1.5707964,0.0
1970-01-01 00:00:00.336514051,0.336514051,0.0,0.0,0.0,0.0,0.0,168.134,0.0,0.0,-1.5707964,0.0
1970-01-01 00:00:00.336556871,0.336556871,0.0,0.0,129.86844,0.0,0.0,0.0,0.0,0.0,-1.5707964,0.0
1970-01-01 00:00:00.336751517,0.336751517,0.0,0.0,0.0,0.0,0.0,338.36996,0.0,0.0,-1.5707964,0.0
1970-01-01 00:00:00.336776374,0.336776374,0.0,0.0,0.0,0.0,0.0,162.9364,0.0,0.0,-1.5707964,0.0
1970-01-01 00:00:00.336973323,0.336973323,625.47943,0.0,0.0,0.0,0.0,0.0,0.0,0.0,-1.5707964,0.0
1970-01-01 00:00:00.336988116,0.336988116,0.0,95.02487,0.0,0.0,0.0,0.0,0.0,0.0,-1.5707964,0.0
1970-01-01 00:00:00.337021726,0.337021726,138.42064,0.0,0.0,0.0,0.0,0.0,0.0,0.0,-1.5707964,0.0
1970-01-01 00:00:00.337028755,0.337028755,0.0,0.0,0.0,0.0,0.0,188.55751,0.0,0.0,-1.5707964,0.0
1970-01-01 00:00:00.337042829,0.337042829,168.52788,0.0,0.0,0.0,0.0,0.0,0.0,0.0,-1.5707964,0.0
1970-01-01 00:00:00.337092797,0.337092797,0.0,111.01266,0.0,0.0,0.0,0.0,0.0,0.0,-1.5707964,0.0
1970-01-01 00:00:00.337099436,0.337099436,0.0,0.0,0.0,0.0,0.0,583.6239,0.0,0.0,-1.5707964,0.0
1970-01-01 00:00:00.337216774,0.337216774,146.95818,0.0,0.0,0.0,0.0,0.0,0.0,0.0,-1.5707964,0.0
1970-01-01 00:00:00.337353290,0.33735329,629.0125,0.0,0.0,0.0,0.0,0.0,0.0,0.0,-1.5707964,0.0
1970-01-01 00:00:00.337368554,0.337368554,0.0,0.0,0.0,0.0,265.94553,0.0,0.0,0.0,-1.5707964,0.0
1970-01-01 00:00:00.337424976,0.337424976,0.0,133.1694,0.0,0.0,0.0,0.0,0.0,0.0,-1.5707964,0.0
1970-01-01 00:00:00.337467585,0.337467585,0.0,0.0,0.0,0.0,0.0,111.974724,0.0,0.0,-1.5707964,0.0
1970-01-01 00:00:00.337492768,0.337492768,217.24982,0.0,0.0,0.0,0.0,0.0,0.0,0.0,-1.5707964,0.0
1970-01-01 00:00:00.337511853,0.337511853,0.0,0.0,306.19247,0.0,0.0,0.0,0.0,0.0,-1.5707964,0.0
1970-01-01 00:00:00.337542876,0.337542876,0.0,0.0,138.64284,0.0,0.0,0.0,0.0,0.0,-1.5707964,0.0
1970-01-01 00:00:00.337622036,0.337622036,0.0,0.0,0.0,0.0,0.0,160.91339,0.0,0.0,-1.5707964,0.0
1970-01-01 00:00:00.337624634,0.337624634,504.74533,0.0,0.0,0.0,0.0,0.0,0.0,0.0,-1.5707964,0.0
1970-01-01 00:00:00.337627529,0.337627529,0.0,0.0,0.0,0.0,228.22392,0.0,0.0,0.0,-1.5707964,0.0
1970-01-01 00:00:00.337792384,0.337792384,0.0,0.0,0.0,0.0,338.07993,0.0,0.0,0.0,-1.5707964,0.0
1970-01-01 00:00:00.337800363,0.337800363,103.97367,0.0,0.0,0.0,0.0,0.0,0.0,0.0,-1.5707964,0.0
1970-01-01 00:00:00.337868234,0.337868234,166.57285,0.0,0.0,0.0,0.0,0.0,0.0,0.0,-1.5707964,0.0
1970-01-01 00:00:00.337868255,0.337868255,0.0,0.0,0.0,0.0,0.0,236.90504,0.0,0.0,-1.5707964,0.0
1970-01-01 00:00:00.337905564,0.337905564,0.0,0.0,1305.5687,0.0,0.0,0.0,0.0,0.0,-1.5707964,0.0
1970-01-01 00:00:00.337940770,0.33794077,0.0,0.0,0.0,0.0,0.0,115.55711,0.0,0.0,-1.5707964,0.0
1970-01-01 00:00:00.337974403,0.337974403,0.0,0.0,0.0,0.0,203.6375,0.0,0.0,0.0,-1.5707964,0.0
1970-01-01 00:00:00.338093041,0.338093041,0.0,0.0,218.2235,0.0,0.0,0.0,0.0,0.0,-1.5707964,0.0
1970-01-01 00:00:00.338093094,0.338093094,0.0,0.0,0.0,0.0,0.0,189.22816,0.0,0.0,-1.5707964,0.0
1970-01-01 00:00:00.338285206,0.338285206,0.0,206.48454,0.0,0.0,0.0,0.0,0.0,0.0,-1.5707964,0.0
1970-01-01 00:00:00.338321181,0.338321181,0.0,109.675896,0.0,0.0,0.0,0.0,0.0,0.0,-1.5707964,0.0
1970-01-01 00:00:00.338349877,0.338349877,0.0,0.0,0.0,0.0,0.0,176.92056,0.0,0.0,-1.5707964,0.0
1970-01-01 00:00:00.338350585,0.338350585,0.0,0.0,99.5213,0.0,0.0,0.0,0.0,0.0,-1.5707964,0.0
1970-01-01 00:00:00.338370404,0.338370404,0.0,0.0,195.30252,0.0,0.0,0.0,0.0,0.0,-1.5707964,0.0
1970-01-01 00:00:00.338371097,0.338371097,200.10321,0.0,0.0,0.0,0.0,0.0,0.0,0.0,-1.5707964,0.0
1970-01-01 00:00:00.338419118,0.338419118,0.0,428.3809,0.0,0.0,0.0,0.0,0.0,0.0,-1.5707964,0.0
1970-01-01 00:00:00.338513809,0.338513809,0.0,0.0,481.6109,0.0,0.0,0.0,0.0,0.0,-1.5707964,0.0
1970-01-01 00:00:00.338542695,0.338542695,110.87047,0.0,0.0,0.0,0.0,0.0,0.0,0.0,-1.5707964,0.0
1970-01-01 00:00:00.338564035,0.338564035,0.0,0.0,0.0,0.0,0.0,222.4313,0.0,0.0,-1.5707964,0.0
1970-01-01 00:00:00.338580987,0.338580987,0.0,0.0,96.20696,0.0,0.0,0.0,0.0,0.0,-1.5707964,0.0
1970-01-01 00:00:00.338666223,0.338666223,0.0,0.0,0.0,0.0,0.0,145.67172,0.0,0.0,-1.5707964,0.0
1970-01-01 00:00:00.338695912,0.338695912,0.0,0.0,0.0,0.0,0.0,269.90057,0.0,0.0,-1.5707964,0.0
1970-01-01 00:00:00.338709764,0.338709764,208.70982,0.0,0.0,0.0,0.0,0.0,0.0,0.0,-1.5707964,0.0
1970-01-01 00:00:00.338746438,0.338746438,0.0,117.612885,0.0,0.0,0.0,0.0,0.0,0.0,-1.5707964,0.0
1970-01-01 00:00:00.338853685,0.338853685,400.05374,0.0,0.0,0.0,0.0,0.0,0.0,0.0,-1.5707964,0.0
1970-01-01 00:00:00.338863820,0.33886382,0.0,337.41455,0.0,0.0,0.0,0.0,0.0,0.0,-1.5707964,0.0
1970-01-01 00:00:00.338892003,0.338892003,0.0,0.0,0.0,0.0,161.85965,0.0,0.0,0.0,-1.5707964,0.0
1970-01-01 00:00:00.338941582,0.338941582,846.3534,0.0,0.0,0.0,0.0,0.0,0.0,0.0,-1.5707964,0.0
1970-01-01 00:00:00.338963107,0.338963107,0.0,0.0,89.94885,0.0,0.0,0.0,0.0,0.0,-1.5707964,0.0
1970-01-01 00:00:00.339037602,0.339037602,841.67664,0.0,0.0,0.0,0.0,0.0,0.0,0.0,-1.5707964,0.0
1970-01-01 00:00:00.339179792,0.339179792,0.0,0.0,160.84215,0.0,0.0,0.0,0.0,0.0,-1.5707964,0.0
1970-01-01 00:00:00.339225071,0.339225071,0.0,0.0,172.82385,0.0,0.0,0.0,0.0,0.0,-1.5707964,0.0
1970-01-01 00:00:00.339246680,0.33924668,0.0,92.87924,0.0,0.0,0.0,0.0,0.0,0.0,-1.5707964,0.0
1970-01-01 00:00:00.339252582,0.339252582,135.65694,0.0,0.0,0.0,0.0,0.0,0.0,0.0,-1.5707964,0.0
1970-01-01 00:00:00.339290839,0.339290839,0.0,0.0,212.88698,0.0,0.0,0.0,0.0,0.0,-1.5707964,0.0
1970-01-01 00:00:00.339294899,0.339294899,0.0,0.0,166.17792,0.0,0.0,0.0,0.0,0.0,-1.5707964,0.0
1970-01-01 00:00:00.339420659,0.339420659,0.0,151.74582,0.0,0.0,0.0,0.0,0.0,0.0,-1.5707964,0.0
1970-01-01 00:00:00.339456261,0.339456261,0.0,0.0,0.0,0.0,171.2885,0.0,0.0,0.0,-1.5707964,0.0
1970-01-01 00:00:00.339474874,0.339474874,0.0,0.0,149.73306,0.0,0.0,0.0,0.0,0.0,-1.5707964,0.0
1970-01-01 00:00:00.339536777,0.339536777,0.0,216.55725,0.0,0.0,0.0,0.0,0.0,0.0,-1.5707964,0.0
1970-01-01 00:00:00.339779512,0.339779512,274.35495,0.0,0.0,0.0,0.0,0.0,0.0,0.0,-1.5707964,0.0
1970-01-01 00:00:00.339797327,0.339797327,0.0,0.0,0.0,323.2893,0.0,0.0,0.0,0.0,-1.5707964,0.0
1970-01-01 00:00:00.339971149,0.339971149,0.0,0.0,0.0,0.0,0.0,142.34811,0.0,0.0,-1.5707964,0.0
1970-01-01 00:00:00.340008289,0.340008289,0.0,0.0,223.06291,0.0,0.0,0.0,0.0,0.0,-1.5707964,0.0
1970-01-01 00:00:00.340039017,0.340039017,0.0,0.0,184.00635,0.0,0.0,0.0,0.0,0.0,-1.5707964,0.0
1970-01-01 00:00:00.340119117,0.340119117,0.0,0.0,264.50845,0.0,0.0,0.0,0.0,0.0,-1.5707964,0.0
1970-01-01 00:00:00.340202843,0.340202843,0.0,495.28278,0.0,0.0,0.0,0.0,0.0,0.0,-1.5707964,0.0
1970-01-01 00:00:00.340337739,0.340337739,137.75883,0.0,0.0,0.0,0.0,0.0,0.0,0.0,-1.5707964,0.0
1970-01-01 00:00:00.340467190,0.34046719,0.0,134.24675,0.0,0.0,0.0,0.0,0.0,0.0,-1.5707964,0.0
1970-01-01 00:00:00.340748064,0.340748064,0.0,0.0,0.0,0.0,0.0,251.34715,0.0,0.0,-1.5707964,0.0
1970-01-01 00:00:00.340767658,0.340767658,0.0,163.30524,0.0,0.0,0.0,0.0,0.0,0.0,-1.5707964,0.0
1970-01-01 00:00:00.340815740,0.34081574,0.0,0.0,0.0,0.0,0.0,337.71704,0.0,0.0,-1.5707964,0.0
1970-01-01 00:00:00.340849459,0.340849459,0.0,0.0,107.9866,0.0,0.0,0.0,0.0,0.0,-1.5707964,0.0
1970-01-01 00:00:00.340866183,0.340866183,0.0,0.0,633.1403,0.0,0.0,0.0,0.0,0.0,-1.5707964,0.0
1970-01-01 00:00:00.341115900,0.3411159,0.0,0.0,226.5959,0.0,0.0,0.0,0.0,0.0,-1.5707964,0.0
1970-01-01 00:00:00.341153582,0.341153582,210.56291,0.0,0.0,0.0,0.0,0.0,0.0,0.0,-1.5707964,0.0
1970-01-01 00:00:00.341489766,0.341489766,0.0,0.0,180.57191,0.0,0.0,0.0,0.0,0.0,-1.5707964,0.0
1970-01-01 00:00:00.341530712,0.341530712,250.32542,0.0,0.0,0.0,0.0,0.0,0.0,0.0,-1.5707964,0.0
1970-01-01 00:00:00.341595721,0.341595721,0.0,0.0,195.59373,0.0,0.0,0.0,0.0,0.0,-1.5707964,0.0
1970-01-01 00:00:00.341763569,0.341763569,127.754845,0.0,0.0,0.0,0.0,0.0,0.0,0.0,-1.5707964,0.0
1970-01-01 00:00:00.341860769,0.341860769,214.9517,0.0,0.0,0.0,0.0,0.0,0.0,0.0,-1.5707964,0.0
1970-01-01 00:00:00.341874440,0.34187444,0.0,529.9824,0.0,0.0,0.0,0.0,0.0,0.0,-1.5707964,0.0
1970-01-01 00:00:00.341948163,0.341948163,277.16074,0.0,0.0,0.0,0.0,0.0,0.0,0.0,-1.5707964,0.0
1970-01-01 00:00:00.342050286,0.342050286,0.0,0.0,0.0,0.0,0.0,96.07471,0.0,0.0,-1.5707964,0.0
1970-01-01 00:00:00.342223577,0.342223577,0.0,0.0,144.46777,0.0,0.0,0.0,0.0,0.0,-1.5707964,0.0
1970-01-01 00:00:00.342331062,0.342331062,0.0,0.0,234.22925,0.0,0.0,0.0,0.0,0.0,-1.5707964,0.0
1970-01-01 00:00:00.342358577,0.342358577,110.84831,0.0,0.0,0.0,0.0,0.0,0.0,0.0,-1.5707964,0.0
1970-01-01 00:00:00.342383727,0.342383727,0.0,0.0,0.0,0.0,91.61147,0.0,0.0,0.0,-1.5707964,0.0
1970-01-01 00:00:00.342468602,0.342468602,0.0,0.0,0.0,187.35574,0.0,0.0,0.0,0.0,-1.5707964,0.0
1970-01-01 00:00:00.342495960,0.34249596,272.09656,0.0,0.0,0.0,0.0,0.0,0.0,0.0,-1.5707964,0.0
1970-01-01 00:00:00.342496816,0.342496816,0.0,233.89294,0.0,0.0,0.0,0.0,0.0,0.0,-1.5707964,0.0
1970-01-01 00:00:00.342499247,0.342499247,0.0,0.0,0.0,0.0,0.0,354.80573,0.0,0.0,-1.5707964,0.0
1970-01-01 00:00:00.342515859,0.342515859,0.0,0.0,315.933,0.0,0.0,0.0,0.0,0.0,-1.5707964,0.0
1970-01-01 00:00:00.342527209,0.342527209,0.0,118.71404,0.0,0.0,0.0,0.0,0.0,0.0,-1.5707964,0.0
1970-01-01 00:00:00.342527209,0.342527209,0.0,0.0,0.0,0.0,0.0,702.2276,0.0,0.0,-1.5707964,0.0
1970-01-01 00:00:00.342535729,0.342535729,291.99136,0.0,0.0,0.0,0.0,0.0,0.0,0.0,-1.5707964,0.0
1970-01-01 00:00:00.342639714,0.342639714,334.66934,0.0,0.0,0.0,0.0,0.0,0.0,0.0,-1.5707964,0.0
1970-01-01 00:00:00.342708294,0.342708294,299.0218,0.0,0.0,0.0,0.0,0.0,0.0,0.0,-1.5707964,0.0
1970-01-01 00:00:00.342738564,0.342738564,0.0,0.0,226.55649,0.0,0.0,0.0,0.0,0.0,-1.5707964,0.0
1970-01-01 00:00:00.342783405,0.342783405,0.0,0.0,171.75726,0.0,0.0,0.0,0.0,0.0,-1.5707964,0.0
1970-01-01 00:00:00.342861545,0.342861545,0.0,0.0,0.0,0.0,0.0,710.86096,0.0,0.0,-1.5707964,0.0
1970-01-01 00:00:00.343005587,0.343005587,88.64503,0.0,0.0,0.0,0.0,0.0,0.0,0.0,-1.5707964,0.0
1970-01-01 00:00:00.343099674,0.343099674,0.0,0.0,336.1623,0.0,0.0,0.0,0.0,0.0,-1.5707964,0.0
1970-01-01 00:00:00.343130423,0.343130423,0.0,0.0,0.0,0.0,175.3759,0.0,0.0,0.0,-1.5707964,0.0
1970-01-01 00:00:00.343142750,0.34314275,86.38761,0.0,0.0,0.0,0.0,0.0,0.0,0.0,-1.5707964,0.0
1970-01-01 00:00:00.343338579,0.343338579,116.26067,0.0,0.0,0.0,0.0,0.0,0.0,0.0,-1.5707964,0.0
1970-01-01 00:00:00.343460615,0.343460615,0.0,132.03317,0.0,0.0,0.0,0.0,0.0,0.0,-1.5707964,0.0
1970-01-01 00:00:00.343461695,0.343461695,0.0,0.0,0.0,0.0,0.0,117.7373,0.0,0.0,-1.5707964,0.0
1970-01-01 00:00:00.343535024,0.343535024,0.0,281.2576,0.0,0.0,0.0,0.0,0.0,0.0,-1.5707964,0.0
1970-01-01 00:00:00.343553053,0.343553053,174.11899,0.0,0.0,0.0,0.0,0.0,0.0,0.0,-1.5707964,0.0
1970-01-01 00:00:00.343561096,0.343561096,176.47307,0.0,0.0,0.0,0.0,0.0,0.0,0.0,-1.5707964,0.0
1970-01-01 00:00:00.343576533,0.343576533,0.0,0.0,0.0,0.0,0.0,176.25018,0.0,0.0,-1.5707964,0.0
1970-01-01 00:00:00.343632001,0.343632001,0.0,107.44505,0.0,0.0,0.0,0.0,0.0,0.0,-1.5707964,0.0
1970-01-01 00:00:00.343634859,0.343634859,0.0,166.83789,0.0,0.0,0.0,0.0,0.0,0.0,-1.5707964,0.0
1970-01-01 00:00:00.343641111,0.343641111,0.0,0.0,392.66492,0.0,0.0,0.0,0.0,0.0,-1.5707964,0.0
1970-01-01 00:00:00.343644659,0.343644659,0.0,0.0,0.0,0.0,0.0,151.51355,0.0,0.0,-1.5707964,0.0
1970-01-01 00:00:00.343665148,0.343665148,0.0,0.0,0.0,0.0,0.0,85.77089,0.0,0.0,-1.5707964,0.0
1970-01-01 00:00:00.343682530,0.34368253,0.0,0.0,269.56317,0.0,0.0,0.0,0.0,0.0,-1.5707964,0.0
1970-01-01 00:00:00.343709636,0.343709636,0.0,0.0,299.26654,0.0,0.0,0.0,0.0,0.0,-1.5707964,0.0
1970-01-01 00:00:00.343733483,0.343733483,107.36313,0.0,0.0,0.0,0.0,0.0,0.0,0.0,-1.5707964,0.0
1970-01-01 00:00:00.343802759,0.343802759,0.0,459.05096,0.0,0.0,0.0,0.0,0.0,0.0,-1.5707964,0.0
1970-01-01 00:00:00.343915638,0.343915638,0.0,607.07007,0.0,0.0,0.0,0.0,0.0,0.0,-1.5707964,0.0
1970-01-01 00:00:00.343947944,0.343947944,0.0,202.2417,0.0,0.0,0.0,0.0,0.0,0.0,-1.5707964,0.0
1970-01-01 00:00:00.343993277,0.343993277,0.0,0.0,0.0,0.0,121.95325,0.0,0.0,0.0,-1.5707964,0.0
1970-01-01 00:00:00.344036334,0.344036334,0.0,0.0,0.0,0.0,152.11331,0.0,0.0,0.0,-1.5707964,0.0
1970-01-01 00:00:00.344055431,0.344055431,331.37497,0.0,0.0,0.0,0.0,0.0,0.0,0.0,-1.5707964,0.0
1970-01-01 00:00:00.344075006,0.344075006,0.0,288.17862,0.0,0.0,0.0,0.0,0.0,0.0,-1.5707964,0.0
1970-01-01 00:00:00.344085373,0.344085373,0.0,0.0,0.0,0.0,0.0,113.453125,0.0,0.0,-1.5707964,0.0
1970-01-01 00:00:00.344206638,0.344206638,0.0,0.0,0.0,0.0,0.0,161.87889,0.0,0.0,-1.5707964,0.0
1970-01-01 00:00:00.344231462,0.344231462,146.33385,0.0,0.0,0.0,0.0,0.0,0.0,0.0,-1.5707964,0.0
1970-01-01 00:00:00.344270459,0.344270459,336.06165,0.0,0.0,0.0,0.0,0.0,0.0,0.0,-1.5707964,0.0
1970-01-01 00:00:00.344354728,0.344354728,177.9943,0.0,0.0,0.0,0.0,0.0,0.0,0.0,-1.5707964,0.0
1970-01-01 00:00:00.344378814,0.344378814,0.0,0.0,122.96681,0.0,0.0,0.0,0.0,0.0,-1.5707964,0.0
1970-01-01 00:00:00.344398015,0.344398015,0.0,0.0,0.0,0.0,104.257965,0.0,0.0,0.0,-1.5707964,0.0
1970-01-01 00:00:00.344550948,0.344550948,0.0,80.80458,0.0,0.0,0.0,0.0,0.0,0.0,-1.5707964,0.0
1970-01-01 00:00:00.344673678,0.344673678,0.0,167.5215,0.0,0.0,0.0,0.0,0.0,0.0,-1.5707964,0.0
1970-01-01 00:00:00.344699815,0.344699815,0.0,0.0,0.0,0.0,0.0,187.54128,0.0,0.0,-1.5707964,0.0
1970-01-01 00:00:00.344709750,0.34470975,198.96724,0.0,0.0,0.0,0.0,0.0,0.0,0.0,-1.5707964,0.0
1970-01-01 00:00:00.344723010,0.34472301,0.0,0.0,0.0,0.0,0.0,164.16754,0.0,0.0,-1.5707964,0.0
1970-01-01 00:00:00.344724396,0.344724396,0.0,0.0,0.0,0.0,167.90742,0.0,0.0,0.0,-1.5707964,0.0
1970-01-01 00:00:00.344818621,0.344818621,120.76639,0.0,0.0,0.0,0.0,0.0,0.0,0.0,-1.5707964,0.0
1970-01-01 00:00:00.344992911,0.344992911,0.0,113.408394,0.0,0.0,0.0,0.0,0.0,0.0,-1.5707964,0.0
1970-01-01 00:00:00.345014207,0.345014207,163.22389,0.0,0.0,0.0,0.0,0.0,0.0,0.0,-1.5707964,0.0
1970-01-01 00:00:00.345210364,0.345210364,97.34116,0.0,0.0,0.0,0.0,0.0,0.0,0.0,-1.5707964,0.0
1970-01-01 00:00:00.345274403,0.345274403,178.31848,0.0,0.0,0.0,0.0,0.0,0.0,0.0,-1.5707964,0.0
1970-01-01 00:00:00.345334472,0.345334472,0.0,0.0,0.0,0.0,0.0,209.25362,0.0,0.0,-1.5707964,0.0
1970-01-01 00:00:00.345531870,0.34553187,0.0,0.0,221.09973,0.0,0.0,0.0,0.0,0.0,-1.5707964,0.0
1970-01-01 00:00:00.345554970,0.34555497,0.0,0.0,189.70218,0.0,0.0,0.0,0.0,0.0,-1.5707964,0.0
1970-01-01 00:00:00.345618871,0.345618871,165.27844,0.0,0.0,0.0,0.0,0.0,0.0,0.0,-1.5707964,0.0
1970-01-01 00:00:00.345822090,0.34582209,0.0,0.0,315.73224,0.0,0.0,0.0,0.0,0.0,-1.5707964,0.0
1970-01-01 00:00:00.345911417,0.345911417,0.0,0.0,0.0,0.0,0.0,266.0713,0.0,0.0,-1.5707964,0.0
1970-01-01 00:00:00.345919786,0.345919786,151.73888,0.0,0.0,0.0,0.0,0.0,0.0,0.0,-1.5707964,0.0
1970-01-01 00:00:00.346061774,0.346061774,0.0,312.14453,0.0,0.0,0.0,0.0,0.0,0.0,-1.5707964,0.0
1970-01-01 00:00:00.346283722,0.346283722,110.07001,0.0,0.0,0.0,0.0,0.0,0.0,0.0,-1.5707964,0.0
1970-01-01 00:00:00.346366520,0.34636652,340.45706,0.0,0.0,0.0,0.0,0.0,0.0,0.0,-1.5707964,0.0
1970-01-01 00:00:00.346540095,0.346540095,0.0,0.0,0.0,0.0,0.0,465.15182,0.0,0.0,-1.5707964,0.0
1970-01-01 00:00:00.346560827,0.346560827,0.0,224.10727,0.0,0.0,0.0,0.0,0.0,0.0,-1.5707964,0.0
1970-01-01 00:00:00.346560827,0.346560827,0.0,0.0,0.0,0.0,171.65228,0.0,0.0,0.0,-1.5707964,0.0
1970-01-01 00:00:00.346623895,0.346623895,264.96527,0.0,0.0,0.0,0.0,0.0,0.0,0.0,-1.5707964,0.0
1970-01-01 00:00:00.346722403,0.346722403,172.94687,0.0,0.0,0.0,0.0,0.0,0.0,0.0,-1.5707964,0.0
1970-01-01 00:00:00.346728899,0.346728899,0.0,0.0,0.0,0.0,0.0,368.1943,0.0,0.0,-1.5707964,0.0
1970-01-01 00:00:00.346836984,0.346836984,209.06255,0.0,0.0,0.0,0.0,0.0,0.0,0.0,-1.5707964,0.0
1970-01-01 00:00:00.347014261,0.347014261,184.05388,0.0,0.0,0.0,0.0,0.0,0.0,0.0,-1.5707964,0.0
1970-01-01 00:00:00.347076323,0.347076323,1045.9172,0.0,0.0,0.0,0.0,0.0,0.0,0.0,-1.5707964,0.0
1970-01-01 00:00:00.347082608,0.347082608,345.64465,0.0,0.0,0.0,0.0,0.0,0.0,0.0,-1.5707964,0.0
1970-01-01 00:00:00.347111382,0.347111382,144.25876,0.0,0.0,0.0,0.0,0.0,0.0,0.0,-1.5707964,0.0
1970-01-01 00:00:00.347296419,0.347296419,0.0,0.0,220.71477,0.0,0.0,0.0,0.0,0.0,-1.5707964,0.0
1970-01-01 00:00:00.347356393,0.347356393,0.0,0.0,0.0,0.0,0.0,652.9871,0.0,0.0,-1.5707964,0.0
1970-01-01 00:00:00.347401549,0.347401549,0.0,0.0,0.0,0.0,0.0,235.2956,0.0,0.0,-1.5707964,0.0
1970-01-01 00:00:00.347406289,0.347406289,0.0,0.0,174.91382,0.0,0.0,0.0,0.0,0.0,-1.5707964,0.0
1970-01-01 00:00:00.347446334,0.347446334,122.62759,0.0,0.0,0.0,0.0,0.0,0.0,0.0,-1.5707964,0.0
1970-01-01 00:00:00.347548003,0.347548003,0.0,268.48514,0.0,0.0,0.0,0.0,0.0,0.0,-1.5707964,0.0
1970-01-01 00:00:00.347554005,0.347554005,145.56589,0.0,0.0,0.0,0.0,0.0,0.0,0.0,-1.5707964,0.0
1970-01-01 00:00:00.347582475,0.347582475,317.28812,0.0,0.0,0.0,0.0,0.0,0.0,0.0,-1.5707964,0.0
1970-01-01 00:00:00.347635811,0.347635811,0.0,0.0,0.0,190.94864,0.0,0.0,0.0,0.0,-1.5707964,0.0
1970-01-01 00:00:00.347658071,0.347658071,123.92512,0.0,0.0,0.0,0.0,0.0,0.0,0.0,-1.5707964,0.0
1970-01-01 00:00:00.347678278,0.347678278,0.0,0.0,0.0,0.0,434.115,0.0,0.0,0.0,-1.5707964,0.0
1970-01-01 00:00:00.347694741,0.347694741,165.64738,0.0,0.0,0.0,0.0,0.0,0.0,0.0,-1.5707964,0.0
1970-01-01 00:00:00.347697032,0.347697032,0.0,0.0,0.0,0.0,0.0,101.543755,0.0,0.0,-1.5707964,0.0
1970-01-01 00:00:00.347824626,0.347824626,0.0,452.30466,0.0,0.0,0.0,0.0,0.0,0.0,-1.5707964,0.0
1970-01-01 00:00:00.347831241,0.347831241,0.0,0.0,160.0758,0.0,0.0,0.0,0.0,0.0,-1.5707964,0.0
1970-01-01 00:00:00.347881160,0.34788116,0.0,0.0,0.0,0.0,0.0,328.41556,0.0,0.0,-1.5707964,0.0
1970-01-01 00:00:00.347968603,0.347968603,0.0,0.0,0.0,0.0,0.0,328.1314,0.0,0.0,-1.5707964,0.0
1970-01-01 00:00:00.348172459,0.348172459,363.41415,0.0,0.0,0.0,0.0,0.0,0.0,0.0,-1.5707964,0.0
1970-01-01 00:00:00.348181592,0.348181592,0.0,0.0,123.35664,0.0,0.0,0.0,0.0,0.0,-1.5707964,0.0
1970-01-01 00:00:00.348415387,0.348415387,216.96324,0.0,0.0,0.0,0.0,0.0,0.0,0.0,-1.5707964,0.0
1970-01-01 00:00:00.348454014,0.348454014,0.0,0.0,100.934006,0.0,0.0,0.0,0.0,0.0,-1.5707964,0.0
1970-01-01 00:00:00.348465489,0.348465489,136.34216,0.0,0.0,0.0,0.0,0.0,0.0,0.0,-1.5707964,0.0
1970-01-01 00:00:00.348627320,0.34862732,176.12804,0.0,0.0,0.0,0.0,0.0,0.0,0.0,-1.5707964,0.0
1970-01-01 00:00:00.348659021,0.348659021,0.0,0.0,336.4776,0.0,0.0,0.0,0.0,0.0,-1.5707964,0.0
1970-01-01 00:00:00.348828534,0.348828534,0.0,0.0,234.83473,0.0,0.0,0.0,0.0,0.0,-1.5707964,0.0
1970-01-01 00:00:00.348917662,0.348917662,0.0,0.0,0.0,0.0,149.71695,0.0,0.0,0.0,-1.5707964,0.0
1970-01-01 00:00:00.348970221,0.348970221,0.0,0.0,402.32886,0.0,0.0,0.0,0.0,0.0,-1.5707964,0.0
1970-01-01 00:00:00.349028493,0.349028493,545.05743,0.0,0.0,0.0,0.0,0.0,0.0,0.0,-1.5707964,0.0
1970-01-01 00:00:00.349043877,0.349043877,0.0,0.0,0.0,0.0,0.0,86.653175,0.0,0.0,-1.5707964,0.0
1970-01-01 00:00:00.349300006,0.349300006,0.0,0.0,0.0,0.0,0.0,199.78938,0.0,0.0,-1.5707964,0.0
1970-01-01 00:00:00.349474795,0.349474795,0.0,0.0,226.09203,0.0,0.0,0.0,0.0,0.0,-1.5707964,0.0
1970-01-01 00:00:00.349515279,0.349515279,0.0,0.0,527.02655,0.0,0.0,0.0,0.0,0.0,-1.5707964,0.0
1970-01-01 00:00:00.349587329,0.349587329,0.0,0.0,0.0,0.0,80.77409,0.0,0.0,0.0,-1.5707964,0.0
1970-01-01 00:00:00.349693711,0.349693711,0.0,172.34767,0.0,0.0,0.0,0.0,0.0,0.0,-1.5707964,0.0
1970-01-01 00:00:00.349731946,0.349731946,162.4074,0.0,0.0,0.0,0.0,0.0,0.0,0.0,-1.5707964,0.0
1970-01-01 00:00:00.349750424,0.349750424,141.57217,0.0,0.0,0.0,0.0,0.0,0.0,0.0,-1.5707964,0.0
1970-01-01 00:00:00.349901328,0.349901328,0.0,0.0,241.15845,0.0,0.0,0.0,0.0,0.0,-1.5707964,0.0
1970-01-01 00:00:00.349963871,0.349963871,0.0,0.0,0.0,0.0,0.0,96.01561,0.0,0.0,-1.5707964,0.0
1970-01-01 00:00:00.350013953,0.350013953,222.04027,0.0,0.0,0.0,0.0,0.0,0.0,0.0,-1.5707964,0.0
1970-01-01 00:00:00.350458072,0.350458072,104.37247,0.0,0.0,0.0,0.0,0.0,0.0,0.0,-1.5707964,0.0
1970-01-01 00:00:00.350494133,0.350494133,0.0,103.98705,0.0,0.0,0.0,0.0,0.0,0.0,-1.5707964,0.0
1970-01-01 00:00:00.350960528,0.350960528,0.0,0.0,125.080635,0.0,0.0,0.0,0.0,0.0,-1.5707964,0.0
1970-01-01 00:00:00.350991621,0.350991621,0.0,0.0,0.0,0.0,0.0,160.92726,0.0,0.0,-1.5707964,0.0
1970-01-01 00:00:00.351074582,0.351074582,0.0,0.0,140.59427,0.0,0.0,0.0,0.0,0.0,-1.5707964,0.0
1970-01-01 00:00:00.351087982,0.351087982,0.0,0.0,89.39763,0.0,0.0,0.0,0.0,0.0,-1.5707964,0.0
1970-01-01 00:00:00.351229739,0.351229739,0.0,0.0,0.0,0.0,0.0,127.5223,0.0,0.0,-1.5707964,0.0
1970-01-01 00:00:00.351354595,0.351354595,0.0,238.6086,0.0,0.0,0.0,0.0,0.0,0.0,-1.5707964,0.0
1970-01-01 00:00:00.351585088,0.351585088,180.76382,0.0,0.0,0.0,0.0,0.0,0.0,0.0,-1.5707964,0.0
1970-01-01 00:00:00.351652061,0.351652061,0.0,0.0,394.27222,0.0,0.0,0.0,0.0,0.0,-1.5707964,0.0
1970-01-01 00:00:00.351811720,0.35181172,0.0,0.0,154.65306,0.0,0.0,0.0,0.0,0.0,-1.5707964,0.0
1970-01-01 00:00:00.351875028,0.351875028,0.0,108.835785,0.0,0.0,0.0,0.0,0.0,0.0,-1.5707964,0.0
1970-01-01 00:00:00.352053037,0.352053037,0.0,0.0,0.0,0.0,0.0,182.61577,0.0,0.0,-1.5707964,0.0
1970-01-01 00:00:00.352077492,0.352077492,0.0,765.1366,0.0,0.0,0.0,0.0,0.0,0.0,-1.5707964,0.0
1970-01-01 00:00:00.352121699,0.352121699,274.08316,0.0,0.0,0.0,0.0,0.0,0.0,0.0,-1.5707964,0.0
1970-01-01 00:00:00.352197952,0.352197952,0.0,0.0,0.0,0.0,0.0,162.34596,0.0,0.0,-1.5707964,0.0
1970-01-01 00:00:00.352225943,0.352225943,0.0,0.0,182.21295,0.0,0.0,0.0,0.0,0.0,-1.5707964,0.0
1970-01-01 00:00:00.352261579,0.352261579,0.0,0.0,439.25446,0.0,0.0,0.0,0.0,0.0,-1.5707964,0.0
1970-01-01 00:00:00.352291669,0.352291669,0.0,0.0,91.743126,0.0,0.0,0.0,0.0,0.0,-1.5707964,0.0
1970-01-01 00:00:00.352308355,0.352308355,0.0,0.0,87.74626,0.0,0.0,0.0,0.0,0.0,-1.5707964,0.0
1970-01-01 00:00:00.352341196,0.352341196,0.0,471.861,0.0,0.0,0.0,0.0,0.0,0.0,-1.5707964,0.0
1970-01-01 00:00:00.352362444,0.352362444,0.0,0.0,95.49535,0.0,0.0,0.0,0.0,0.0,-1.5707964,0.0
1970-01-01 00:00:00.352382590,0.35238259,0.0,0.0,0.0,328.8021,0.0,0.0,0.0,0.0,-1.5707964,0.0
1970-01-01 00:00:00.352779753,0.352779753,99.649704,0.0,0.0,0.0,0.0,0.0,0.0,0.0,-1.5707964,0.0
1970-01-01 00:00:00.352918272,0.352918272,0.0,0.0,0.0,0.0,0.0,549.3736,0.0,0.0,-1.5707964,0.0
1970-01-01 00:00:00.352950117,0.352950117,80.38702,0.0,0.0,0.0,0.0,0.0,0.0,0.0,-1.5707964,0.0
1970-01-01 00:00:00.353295332,0.353295332,0.0,0.0,207.58365,0.0,0.0,0.0,0.0,0.0,-1.5707964,0.0
1970-01-01 00:00:00.353787124,0.353787124,317.85345,0.0,0.0,0.0,0.0,0.0,0.0,0.0,-1.5707964,0.0
1970-01-01 00:00:00.353805717,0.353805717,0.0,0.0,0.0,0.0,0.0,95.37383,0.0,0.0,-1.5707964,0.0
1970-01-01 00:00:00.353850544,0.353850544,0.0,610.10815,0.0,0.0,0.0,0.0,0.0,0.0,-1.5707964,0.0
1970-01-01 00:00:00.353888919,0.353888919,294.18253,0.0,0.0,0.0,0.0,0.0,0.0,0.0,-1.5707964,0.0
1970-01-01 00:00:00.353900289,0.353900289,374.67822,0.0,0.0,0.0,0.0,0.0,0.0,0.0,-1.5707964,0.0
1970-01-01 00:00:00.354053708,0.354053708,0.0,301.79462,0.0,0.0,0.0,0.0,0.0,0.0,-1.5707964,0.0
1970-01-01 00:00:00.354257527,0.354257527,0.0,0.0,0.0,0.0,98.70968,0.0,0.0,0.0,-1.5707964,0.0
1970-01-01 00:00:00.354285067,0.354285067,128.0585,0.0,0.0,0.0,0.0,0.0,0.0,0.0,-1.5707964,0.0
1970-01-01 00:00:00.354410855,0.354410855,0.0,146.36415,0.0,0.0,0.0,0.0,0.0,0.0,-1.5707964,0.0
1970-01-01 00:00:00.354450148,0.354450148,506.56693,0.0,0.0,0.0,0.0,0.0,0.0,0.0,-1.5707964,0.0
1970-01-01 00:00:00.354808928,0.354808928,0.0,0.0,0.0,0.0,772.46387,0.0,0.0,0.0,-1.5707964,0.0
1970-01-01 00:00:00.354810682,0.354810682,224.31363,0.0,0.0,0.0,0.0,0.0,0.0,0.0,-1.5707964,0.0
1970-01-01 00:00:00.354970705,0.354970705,0.0,0.0,0.0,0.0,0.0,115.7263,0.0,0.0,-1.5707964,0.0
1970-01-01 00:00:00.354974467,0.354974467,0.0,0.0,0.0,0.0,0.0,234.6918,0.0,0.0,-1.5707964,0.0
1970-01-01 00:00:00.355094132,0.355094132,172.63733,0.0,0.0,0.0,0.0,0.0,0.0,0.0,-1.5707964,0.0
1970-01-01 00:00:00.355185945,0.355185945,108.96041,0.0,0.0,0.0,0.0,0.0,0.0,0.0,-1.5707964,0.0
1970-01-01 00:00:00.355230039,0.355230039,0.0,166.7486,0.0,0.0,0.0,0.0,0.0,0.0,-1.5707964,0.0
1970-01-01 00:00:00.355258262,0.355258262,401.7623,0.0,0.0,0.0,0.0,0.0,0.0,0.0,-1.5707964,0.0
1970-01-01 00:00:00.355368243,0.355368243,0.0,0.0,348.54706,0.0,0.0,0.0,0.0,0.0,-1.5707964,0.0
1970-01-01 00:00:00.355488487,0.355488487,154.17496,0.0,0.0,0.0,0.0,0.0,0.0,0.0,-1.5707964,0.0
1970-01-01 00:00:00.355489764,0.355489764,0.0,0.0,0.0,0.0,167.25626,0.0,0.0,0.0,-1.5707964,0.0
1970-01-01 00:00:00.355544054,0.355544054,0.0,0.0,0.0,0.0,0.0,83.268585,0.0,0.0,-1.5707964,0.0
1970-01-01 00:00:00.355631270,0.35563127,157.01077,0.0,0.0,0.0,0.0,0.0,0.0,0.0,-1.5707964,0.0
1970-01-01 00:00:00.355807834,0.355807834,304.8086,0.0,0.0,0.0,0.0,0.0,0.0,0.0,-1.5707964,0.0
1970-01-01 00:00:00.355837538,0.355837538,0.0,243.40054,0.0,0.0,0.0,0.0,0.0,0.0,-1.5707964,0.0
1970-01-01 00:00:00.355906482,0.355906482,0.0,0.0,89.46632,0.0,0.0,0.0,0.0,0.0,-1.5707964,0.0
1970-01-01 00:00:00.355983246,0.355983246,0.0,0.0,485.22583,0.0,0.0,0.0,0.0,0.0,-1.5707964,0.0
1970-01-01 00:00:00.356105520,0.35610552,0.0,0.0,0.0,0.0,0.0,103.796585,0.0,0.0,-1.5707964,0.0
1970-01-01 00:00:00.356175610,0.35617561,0.0,0.0,352.36337,0.0,0.0,0.0,0.0,0.0,-1.5707964,0.0
1970-01-01 00:00:00.356476412,0.356476412,0.0,0.0,0.0,0.0,630.42126,0.0,0.0,0.0,-1.5707964,0.0
1970-01-01 00:00:00.356530173,0.356530173,0.0,0.0,0.0,0.0,133.54527,0.0,0.0,0.0,-1.5707964,0.0
1970-01-01 00:00:00.356588592,0.356588592,0.0,0.0,261.77734,0.0,0.0,0.0,0.0,0.0,-1.5707964,0.0
1970-01-01 00:00:00.356604772,0.356604772,105.58731,0.0,0.0,0.0,0.0,0.0,0.0,0.0,-1.5707964,0.0
1970-01-01 00:00:00.356650169,0.356650169,191.53677,0.0,0.0,0.0,0.0,0.0,0.0,0.0,-1.5707964,0.0
1970-01-01 00:00:00.356756633,0.356756633,0.0,0.0,230.07538,0.0,0.0,0.0,0.0,0.0,-1.5707964,0.0
1970-01-01 00:00:00.356756633,0.356756633,0.0,0.0,0.0,0.0,0.0,195.27354,0.0,0.0,-1.5707964,0.0
1970-01-01 00:00:00.357280048,0.357280048,0.0,0.0,202.31224,0.0,0.0,0.0,0.0,0.0,-1.5707964,0.0
1970-01-01 00:00:00.357426226,0.357426226,0.0,194.6621,0.0,0.0,0.0,0.0,0.0,0.0,-1.5707964,0.0
1970-01-01 00:00:00.357805101,0.357805101,137.98111,0.0,0.0,0.0,0.0,0.0,0.0,0.0,-1.5707964,0.0
1970-01-01 00:00:00.357945443,0.357945443,0.0,0.0,503.3045,0.0,0.0,0.0,0.0,0.0,-1.5707964,0.0
1970-01-01 00:00:00.357952108,0.357952108,0.0,95.96498,0.0,0.0,0.0,0.0,0.0,0.0,-1.5707964,0.0
1970-01-01 00:00:00.358533922,0.358533922,496.81488,0.0,0.0,0.0,0.0,0.0,0.0,0.0,-1.5707964,0.0
1970-01-01 00:00:00.358533922,0.358533922,312.20386,0.0,0.0,0.0,0.0,0.0,0.0,0.0,-1.5707964,0.0
1970-01-01 00:00:00.358598604,0.358598604,0.0,377.9873,0.0,0.0,0.0,0.0,0.0,0.0,-1.5707964,0.0
1970-01-01 00:00:00.358732628,0.358732628,0.0,219.48814,0.0,0.0,0.0,0.0,0.0,0.0,-1.5707964,0.0
1970-01-01 00:00:00.358762215,0.358762215,0.0,0.0,0.0,0.0,0.0,179.6061,0.0,0.0,-1.5707964,0.0
1970-01-01 00:00:00.359113020,0.35911302,0.0,416.27716,0.0,0.0,0.0,0.0,0.0,0.0,-1.5707964,0.0
1970-01-01 00:00:00.359289274,0.359289274,0.0,0.0,89.94596,0.0,0.0,0.0,0.0,0.0,-1.5707964,0.0
1970-01-01 00:00:00.359396964,0.359396964,0.0,0.0,0.0,0.0,234.95386,0.0,0.0,0.0,-1.5707964,0.0
1970-01-01 00:00:00.359464491,0.359464491,178.62466,0.0,0.0,0.0,0.0,0.0,0.0,0.0,-1.5707964,0.0
1970-01-01 00:00:00.359559231,0.359559231,0.0,0.0,734.35724,0.0,0.0,0.0,0.0,0.0,-1.5707964,0.0
1970-01-01 00:00:00.359624796,0.359624796,0.0,0.0,361.4385,0.0,0.0,0.0,0.0,0.0,-1.5707964,0.0
1970-01-01 00:00:00.359649242,0.359649242,0.0,0.0,85.49616,0.0,0.0,0.0,0.0,0.0,-1.5707964,0.0
1970-01-01 00:00:00.359682835,0.359682835,86.8043,0.0,0.0,0.0,0.0,0.0,0.0,0.0,-1.5707964,0.0
1970-01-01 00:00:00.359747685,0.359747685,135.31068,0.0,0.0,0.0,0.0,0.0,0.0,0.0,-1.5707964,0.0
1970-01-01 00:00:00.360211349,0.360211349,0.0,0.0,342.37515,0.0,0.0,0.0,0.0,0.0,-1.5707964,0.0
1970-01-01 00:00:00.360292899,0.360292899,0.0,0.0,0.0,0.0,495.27228,0.0,0.0,0.0,-1.5707964,0.0
1970-01-01 00:00:00.360388962,0.360388962,294.88684,0.0,0.0,0.0,0.0,0.0,0.0,0.0,-1.5707964,0.0
1970-01-01 00:00:00.360478682,0.360478682,0.0,0.0,0.0,0.0,0.0,413.60437,0.0,0.0,-1.5707964,0.0
1970-01-01 00:00:00.360709666,0.360709666,0.0,0.0,88.57154,0.0,0.0,0.0,0.0,0.0,-1.5707964,0.0
1970-01-01 00:00:00.360720785,0.360720785,192.66751,0.0,0.0,0.0,0.0,0.0,0.0,0.0,-1.5707964,0.0
1970-01-01 00:00:00.360752690,0.36075269,0.0,0.0,266.04248,0.0,0.0,0.0,0.0,0.0,-1.5707964,0.0
1970-01-01 00:00:00.360782743,0.360782743,106.573235,0.0,0.0,0.0,0.0,0.0,0.0,0.0,-1.5707964,0.0
1970-01-01 00:00:00.360827431,0.360827431,600.1317,0.0,0.0,0.0,0.0,0.0,0.0,0.0,-1.5707964,0.0
1970-01-01 00:00:00.360859074,0.360859074,0.0,0.0,181.38538,0.0,0.0,0.0,0.0,0.0,-1.5707964,0.0
1970-01-01 00:00:00.360864260,0.36086426,156.74638,0.0,0.0,0.0,0.0,0.0,0.0,0.0,-1.5707964,0.0
1970-01-01 00:00:00.360924398,0.360924398,0.0,0.0,0.0,0.0,150.09578,0.0,0.0,0.0,-1.5707964,0.0
1970-01-01 00:00:00.360962485,0.360962485,0.0,0.0,303.04587,0.0,0.0,0.0,0.0,0.0,-1.5707964,0.0
1970-01-01 00:00:00.361114463,0.361114463,0.0,0.0,0.0,223.886,0.0,0.0,0.0,0.0,-1.5707964,0.0
1970-01-01 00:00:00.361118838,0.361118838,388.52454,0.0,0.0,0.0,0.0,0.0,0.0,0.0,-1.5707964,0.0
1970-01-01 00:00:00.361196195,0.361196195,0.0,0.0,113.31203,0.0,0.0,0.0,0.0,0.0,-1.5707964,0.0
1970-01-01 00:00:00.361201245,0.361201245,0.0,227.24403,0.0,0.0,0.0,0.0,0.0,0.0,-1.5707964,0.0
1970-01-01 00:00:00.361219689,0.361219689,253.04185,0.0,0.0,0.0,0.0,0.0,0.0,0.0,-1.5707964,0.0
1970-01-01 00:00:00.361222225,0.361222225,0.0,0.0,806.6384,0.0,0.0,0.0,0.0,0.0,-1.5707964,0.0
1970-01-01 00:00:00.361243343,0.361243343,0.0,0.0,0.0,0.0,0.0,175.45016,0.0,0.0,-1.5707964,0.0
1970-01-01 00:00:00.361255331,0.361255331,0.0,0.0,110.68172,0.0,0.0,0.0,0.0,0.0,-1.5707964,0.0
1970-01-01 00:00:00.361292448,0.361292448,0.0,371.33185,0.0,0.0,0.0,0.0,0.0,0.0,-1.5707964,0.0
1970-01-01 00:00:00.361296615,0.361296615,143.9852,0.0,0.0,0.0,0.0,0.0,0.0,0.0,-1.5707964,0.0
1970-01-01 00:00:00.361345783,0.361345783,0.0,0.0,0.0,0.0,0.0,197.71997,0.0,0.0,-1.5707964,0.0
1970-01-01 00:00:00.361354716,0.361354716,0.0,595.0765,0.0,0.0,0.0,0.0,0.0,0.0,-1.5707964,0.0
1970-01-01 00:00:00.361446419,0.361446419,0.0,222.80383,0.0,0.0,0.0,0.0,0.0,0.0,-1.5707964,0.0
1970-01-01 00:00:00.361558672,0.361558672,0.0,372.40164,0.0,0.0,0.0,0.0,0.0,0.0,-1.5707964,0.0
1970-01-01 00:00:00.361597196,0.361597196,528.6522,0.0,0.0,0.0,0.0,0.0,0.0,0.0,-1.5707964,0.0
1970-01-01 00:00:00.361614026,0.361614026,0.0,0.0,0.0,0.0,206.52531,0.0,0.0,0.0,-1.5707964,0.0
1970-01-01 00:00:00.361808482,0.361808482,233.51651,0.0,0.0,0.0,0.0,0.0,0.0,0.0,-1.5707964,0.0
1970-01-01 00:00:00.361816017,0.361816017,0.0,172.25429,0.0,0.0,0.0,0.0,0.0,0.0,-1.5707964,0.0
1970-01-01 00:00:00.361854372,0.361854372,0.0,0.0,324.4726,0.0,0.0,0.0,0.0,0.0,-1.5707964,0.0
1970-01-01 00:00:00.361901141,0.361901141,0.0,172.27003,0.0,0.0,0.0,0.0,0.0,0.0,-1.5707964,0.0
1970-01-01 00:00:00.362004344,0.362004344,0.0,0.0,475.20648,0.0,0.0,0.0,0.0,0.0,-1.5707964,0.0
1970-01-01 00:00:00.362004939,0.362004939,0.0,199.33911,0.0,0.0,0.0,0.0,0.0,0.0,-1.5707964,0.0
1970-01-01 00:00:00.362097240,0.36209724,0.0,0.0,91.32091,0.0,0.0,0.0,0.0,0.0,-1.5707964,0.0
1970-01-01 00:00:00.362160424,0.362160424,0.0,0.0,0.0,0.0,0.0,119.9001,0.0,0.0,-1.5707964,0.0
1970-01-01 00:00:00.362189903,0.362189903,0.0,0.0,232.91563,0.0,0.0,0.0,0.0,0.0,-1.5707964,0.0
1970-01-01 00:00:00.362214906,0.362214906,0.0,0.0,0.0,0.0,0.0,367.84805,0.0,0.0,-1.5707964,0.0
1970-01-01 00:00:00.362465820,0.36246582,117.69733,0.0,0.0,0.0,0.0,0.0,0.0,0.0,-1.5707964,0.0
1970-01-01 00:00:00.362598100,0.3625981,106.56261,0.0,0.0,0.0,0.0,0.0,0.0,0.0,-1.5707964,0.0
1970-01-01 00:00:00.362701189,0.362701189,192.39592,0.0,0.0,0.0,0.0,0.0,0.0,0.0,-1.5707964,0.0
1970-01-01 00:00:00.362710750,0.36271075,0.0,190.70384,0.0,0.0,0.0,0.0,0.0,0.0,-1.5707964,0.0
1970-01-01 00:00:00.362725311,0.362725311,0.0,0.0,0.0,0.0,0.0,97.00622,0.0,0.0,-1.5707964,0.0
1970-01-01 00:00:00.362737316,0.362737316,0.0,0.0,339.8957,0.0,0.0,0.0,0.0,0.0,-1.5707964,0.0
1970-01-01 00:00:00.362817671,0.362817671,0.0,0.0,0.0,0.0,0.0,183.55177,0.0,0.0,-1.5707964,0.0
1970-01-01 00:00:00.362905379,0.362905379,338.41452,0.0,0.0,0.0,0.0,0.0,0.0,0.0,-1.5707964,0.0
1970-01-01 00:00:00.362937498,0.362937498,124.90119,0.0,0.0,0.0,0.0,0.0,0.0,0.0,-1.5707964,0.0
1970-01-01 00:00:00.363036683,0.363036683,168.84286,0.0,0.0,0.0,0.0,0.0,0.0,0.0,-1.5707964,0.0
1970-01-01 00:00:00.363070630,0.36307063,0.0,0.0,0.0,0.0,141.12434,0.0,0.0,0.0,-1.5707964,0.0
1970-01-01 00:00:00.363094715,0.363094715,344.04266,0.0,0.0,0.0,0.0,0.0,0.0,0.0,-1.5707964,0.0
1970-01-01 00:00:00.363259134,0.363259134,262.30215,0.0,0.0,0.0,0.0,0.0,0.0,0.0,-1.5707964,0.0
1970-01-01 00:00:00.363964633,0.363964633,163.60117,0.0,0.0,0.0,0.0,0.0,0.0,0.0,-1.5707964,0.0
1970-01-01 00:00:00.363977335,0.363977335,451.09964,0.0,0.0,0.0,0.0,0.0,0.0,0.0,-1.5707964,0.0
1970-01-01 00:00:00.364123289,0.364123289,0.0,201.65057,0.0,0.0,0.0,0.0,0.0,0.0,-1.5707964,0.0
1970-01-01 00:00:00.364984827,0.364984827,0.0,0.0,697.0984,0.0,0.0,0.0,0.0,0.0,-1.5707964,0.0
1970-01-01 00:00:00.364985052,0.364985052,183.16606,0.0,0.0,0.0,0.0,0.0,0.0,0.0,-1.5707964,0.0
1970-01-01 00:00:00.365486784,0.365486784,0.0,0.0,156.91899,0.0,0.0,0.0,0.0,0.0,-1.5707964,0.0
1970-01-01 00:00:00.367232494,0.367232494,0.0,182.85732,0.0,0.0,0.0,0.0,0.0,0.0,-1.5707964,0.0
1970-01-01 00:00:00.367285665,0.367285665,0.0,113.41085,0.0,0.0,0.0,0.0,0.0,0.0,-1.5707964,0.0
1970-01-01 00:00:00.367579257,0.367579257,0.0,0.0,0.0,251.84514,0.0,0.0,0.0,0.0,-1.5707964,0.0
1970-01-01 00:00:00.367889476,0.367889476,0.0,0.0,102.679184,0.0,0.0,0.0,0.0,0.0,-1.5707964,0.0
1970-01-01 00:00:00.367919379,0.367919379,0.0,92.07421,0.0,0.0,0.0,0.0,0.0,0.0,-1.5707964,0.0
1970-01-01 00:00:00.368053731,0.368053731,0.0,0.0,102.601006,0.0,0.0,0.0,0.0,0.0,-1.5707964,0.0
1970-01-01 00:00:00.368566448,0.368566448,0.0,0.0,0.0,0.0,0.0,174.457,0.0,0.0,-1.5707964,0.0
1970-01-01 00:00:00.368568438,0.368568438,0.0,0.0,447.45776,0.0,0.0,0.0,0.0,0.0,-1.5707964,0.0
1970-01-01 00:00:00.368676032,0.368676032,0.0,0.0,277.69107,0.0,0.0,0.0,0.0,0.0,-1.5707964,0.0
1970-01-01 00:00:00.368781573,0.368781573,0.0,109.1016,0.0,0.0,0.0,0.0,0.0,0.0,-1.5707964,0.0
1970-01-01 00:00:00.368815763,0.368815763,0.0,0.0,366.41226,0.0,0.0,0.0,0.0,0.0,-1.5707964,0.0
1970-01-01 00:00:00.368837121,0.368837121,146.11421,0.0,0.0,0.0,0.0,0.0,0.0,0.0,-1.5707964,0.0
1970-01-01 00:00:00.368991972,0.368991972,0.0,0.0,262.62714,0.0,0.0,0.0,0.0,0.0,-1.5707964,0.0
1970-01-01 00:00:00.369087737,0.369087737,340.5568,0.0,0.0,0.0,0.0,0.0,0.0,0.0,-1.5707964,0.0
1970-01-01 00:00:00.369108495,0.369108495,0.0,0.0,398.463,0.0,0.0,0.0,0.0,0.0,-1.5707964,0.0
1970-01-01 00:00:00.369349963,0.369349963,0.0,233.28148,0.0,0.0,0.0,0.0,0.0,0.0,-1.5707964,0.0
1970-01-01 00:00:00.369395114,0.369395114,0.0,0.0,0.0,0.0,0.0,244.85168,0.0,0.0,-1.5707964,0.0
1970-01-01 00:00:00.369415011,0.369415011,0.0,0.0,247.68231,0.0,0.0,0.0,0.0,0.0,-1.5707964,0.0
1970-01-01 00:00:00.369418277,0.369418277,0.0,0.0,0.0,0.0,0.0,241.71931,0.0,0.0,-1.5707964,0.0
1970-01-01 00:00:00.369708788,0.369708788,100.3127,0.0,0.0,0.0,0.0,0.0,0.0,0.0,-1.5707964,0.0
1970-01-01 00:00:00.369863879,0.369863879,0.0,0.0,0.0,404.0831,0.0,0.0,0.0,0.0,-1.5707964,0.0
1970-01-01 00:00:00.369934108,0.369934108,193.64905,0.0,0.0,0.0,0.0,0.0,0.0,0.0,-1.5707964,0.0
1970-01-01 00:00:00.370007226,0.370007226,201.08595,0.0,0.0,0.0,0.0,0.0,0.0,0.0,-1.5707964,0.0
1970-01-01 00:00:00.370349295,0.370349295,112.965614,0.0,0.0,0.0,0.0,0.0,0.0,0.0,-1.5707964,0.0
1970-01-01 00:00:00.370373889,0.370373889,0.0,0.0,142.63356,0.0,0.0,0.0,0.0,0.0,-1.5707964,0.0
1970-01-01 00:00:00.370480564,0.370480564,0.0,161.11009,0.0,0.0,0.0,0.0,0.0,0.0,-1.5707964,0.0
1970-01-01 00:00:00.370744015,0.370744015,0.0,162.75325,0.0,0.0,0.0,0.0,0.0,0.0,-1.5707964,0.0
1970-01-01 00:00:00.370847904,0.370847904,185.70053,0.0,0.0,0.0,0.0,0.0,0.0,0.0,-1.5707964,0.0
1970-01-01 00:00:00.370990605,0.370990605,362.73703,0.0,0.0,0.0,0.0,0.0,0.0,0.0,-1.5707964,0.0
1970-01-01 00:00:00.371077067,0.371077067,0.0,0.0,209.38759,0.0,0.0,0.0,0.0,0.0,-1.5707964,0.0
1970-01-01 00:00:00.371166832,0.371166832,0.0,0.0,0.0,0.0,0.0,93.236855,0.0,0.0,-1.5707964,0.0
1970-01-01 00:00:00.372172503,0.372172503,0.0,629.0901,0.0,0.0,0.0,0.0,0.0,0.0,-1.5707964,0.0
1970-01-01 00:00:00.372532644,0.372532644,0.0,0.0,92.73403,0.0,0.0,0.0,0.0,0.0,-1.5707964,0.0
1970-01-01 00:00:00.372645362,0.372645362,0.0,0.0,181.35928,0.0,0.0,0.0,0.0,0.0,-1.5707964,0.0
1970-01-01 00:00:00.372858878,0.372858878,0.0,295.23944,0.0,0.0,0.0,0.0,0.0,0.0,-1.5707964,0.0
1970-01-01 00:00:00.372974543,0.372974543,0.0,0.0,0.0,0.0,104.049545,0.0,0.0,0.0,-1.5707964,0.0
1970-01-01 00:00:00.373026913,0.373026913,0.0,0.0,0.0,0.0,0.0,124.031685,0.0,0.0,-1.5707964,0.0
1970-01-01 00:00:00.373045759,0.373045759,0.0,0.0,107.95824,0.0,0.0,0.0,0.0,0.0,-1.5707964,0.0
1970-01-01 00:00:00.373276560,0.37327656,139.80734,0.0,0.0,0.0,0.0,0.0,0.0,0.0,-1.5707964,0.0
1970-01-01 00:00:00.373375139,0.373375139,134.50659,0.0,0.0,0.0,0.0,0.0,0.0,0.0,-1.5707964,0.0
1970-01-01 00:00:00.373555929,0.373555929,211.7915,0.0,0.0,0.0,0.0,0.0,0.0,0.0,-1.5707964,0.0
1970-01-01 00:00:00.373774705,0.373774705,0.0,0.0,0.0,0.0,0.0,202.2552,0.0,0.0,-1.5707964,0.0
1970-01-01 00:00:00.373937127,0.373937127,0.0,0.0,80.646866,0.0,0.0,0.0,0.0,0.0,-1.5707964,0.0
1970-01-01 00:00:00.374240125,0.374240125,0.0,332.5872,0.0,0.0,0.0,0.0,0.0,0.0,-1.5707964,0.0
1970-01-01 00:00:00.374445652,0.374445652,0.0,0.0,0.0,0.0,0.0,133.36804,0.0,0.0,-1.5707964,0.0
1970-01-01 00:00:00.375252647,0.375252647,0.0,0.0,144.35349,0.0,0.0,0.0,0.0,0.0,-1.5707964,0.0
1970-01-01 00:00:00.375356539,0.375356539,0.0,0.0,0.0,0.0,281.9325,0.0,0.0,0.0,-1.5707964,0.0
1970-01-01 00:00:00.375377446,0.375377446,0.0,0.0,176.74965,0.0,0.0,0.0,0.0,0.0,-1.5707964,0.0
1970-01-01 00:00:00.375422681,0.375422681,307.8477,0.0,0.0,0.0,0.0,0.0,0.0,0.0,-1.5707964,0.0
1970-01-01 00:00:00.376125148,0.376125148,0.0,0.0,0.0,0.0,0.0,712.7808,0.0,0.0,-1.5707964,0.0
1970-01-01 00:00:00.376198816,0.376198816,0.0,0.0,257.65424,0.0,0.0,0.0,0.0,0.0,-1.5707964,0.0
1970-01-01 00:00:00.376427532,0.376427532,96.52135,0.0,0.0,0.0,0.0,0.0,0.0,0.0,-1.5707964,0.0
1970-01-01 00:00:00.376544177,0.376544177,0.0,0.0,122.50933,0.0,0.0,0.0,0.0,0.0,-1.5707964,0.0
1970-01-01 00:00:00.376609042,0.376609042,391.27362,0.0,0.0,0.0,0.0,0.0,0.0,0.0,-1.5707964,0.0
1970-01-01 00:00:00.376719268,0.376719268,108.388275,0.0,0.0,0.0,0.0,0.0,0.0,0.0,-1.5707964,0.0
1970-01-01 00:00:00.376928484,0.376928484,0.0,0.0,0.0,0.0,0.0,190.50502,0.0,0.0,-1.5707964,0.0
1970-01-01 00:00:00.377010895,0.377010895,0.0,0.0,149.16968,0.0,0.0,0.0,0.0,0.0,-1.5707964,0.0
1970-01-01 00:00:00.377302472,0.377302472,0.0,0.0,437.11514,0.0,0.0,0.0,0.0,0.0,-1.5707964,0.0
1970-01-01 00:00:00.377432455,0.377432455,0.0,238.69034,0.0,0.0,0.0,0.0,0.0,0.0,-1.5707964,0.0
1970-01-01 00:00:00.377448190,0.37744819,0.0,0.0,118.80983,0.0,0.0,0.0,0.0,0.0,-1.5707964,0.0
1970-01-01 00:00:00.377606057,0.377606057,0.0,0.0,0.0,0.0,0.0,134.08144,0.0,0.0,-1.5707964,0.0
1970-01-01 00:00:00.377657857,0.377657857,0.0,0.0,0.0,742.0179,0.0,0.0,0.0,0.0,-1.5707964,0.0
1970-01-01 00:00:00.377735580,0.37773558,0.0,0.0,0.0,0.0,0.0,120.592896,0.0,0.0,-1.5707964,0.0
1970-01-01 00:00:00.377968514,0.377968514,175.48221,0.0,0.0,0.0,0.0,0.0,0.0,0.0,-1.5707964,0.0
1970-01-01 00:00:00.378077865,0.378077865,0.0,0.0,110.320045,0.0,0.0,0.0,0.0,0.0,-1.5707964,0.0
1970-01-01 00:00:00.378266706,0.378266706,114.09823,0.0,0.0,0.0,0.0,0.0,0.0,0.0,-1.5707964,0.0
1970-01-01 00:00:00.378282009,0.378282009,186.52174,0.0,0.0,0.0,0.0,0.0,0.0,0.0,-1.5707964,0.0
1970-01-01 00:00:00.378299282,0.378299282,83.58428,0.0,0.0,0.0,0.0,0.0,0.0,0.0,-1.5707964,0.0
1970-01-01 00:00:00.378452763,0.378452763,0.0,0.0,166.07146,0.0,0.0,0.0,0.0,0.0,-1.5707964,0.0
1970-01-01 00:00:00.378514284,0.378514284,247.88855,0.0,0.0,0.0,0.0,0.0,0.0,0.0,-1.5707964,0.0
1970-01-01 00:00:00.378609988,0.378609988,0.0,0.0,0.0,0.0,0.0,186.03154,0.0,0.0,-1.5707964,0.0
1970-01-01 00:00:00.378668780,0.37866878,0.0,0.0,147.99034,0.0,0.0,0.0,0.0,0.0,-1.5707964,0.0
1970-01-01 00:00:00.378689785,0.378689785,0.0,0.0,85.95438,0.0,0.0,0.0,0.0,0.0,-1.5707964,0.0
1970-01-01 00:00:00.379181161,0.379181161,348.82416,0.0,0.0,0.0,0.0,0.0,0.0,0.0,-1.5707964,0.0
1970-01-01 00:00:00.379277308,0.379277308,0.0,0.0,299.78125,0.0,0.0,0.0,0.0,0.0,-1.5707964,0.0
1970-01-01 00:00:00.379282642,0.379282642,0.0,0.0,223.86511,0.0,0.0,0.0,0.0,0.0,-1.5707964,0.0
1970-01-01 00:00:00.379336792,0.379336792,0.0,244.70674,0.0,0.0,0.0,0.0,0.0,0.0,-1.5707964,0.0
1970-01-01 00:00:00.379506836,0.379506836,138.64075,0.0,0.0,0.0,0.0,0.0,0.0,0.0,-1.5707964,0.0
1970-01-01 00:00:00.379840576,0.379840576,0.0,0.0,163.59256,0.0,0.0,0.0,0.0,0.0,-1.5707964,0.0
1970-01-01 00:00:00.379900793,0.379900793,0.0,519.55774,0.0,0.0,0.0,0.0,0.0,0.0,-1.5707964,0.0
1970-01-01 00:00:00.380496181,0.380496181,0.0,0.0,275.43304,0.0,0.0,0.0,0.0,0.0,-1.5707964,0.0
1970-01-01 00:00:00.380639430,0.38063943,0.0,0.0,466.2339,0.0,0.0,0.0,0.0,0.0,-1.5707964,0.0
1970-01-01 00:00:00.380671100,0.3806711,172.84818,0.0,0.0,0.0,0.0,0.0,0.0,0.0,-1.5707964,0.0
1970-01-01 00:00:00.380900233,0.380900233,0.0,0.0,0.0,0.0,0.0,224.09486,0.0,0.0,-1.5707964,0.0
1970-01-01 00:00:00.380948870,0.38094887,0.0,208.00124,0.0,0.0,0.0,0.0,0.0,0.0,-1.5707964,0.0
1970-01-01 00:00:00.380962786,0.380962786,0.0,0.0,327.52283,0.0,0.0,0.0,0.0,0.0,-1.5707964,0.0
1970-01-01 00:00:00.380973501,0.380973501,0.0,0.0,0.0,0.0,639.2617,0.0,0.0,0.0,-1.5707964,0.0
1970-01-01 00:00:00.380985464,0.380985464,0.0,718.14307,0.0,0.0,0.0,0.0,0.0,0.0,-1.5707964,0.0
1970-01-01 00:00:00.381209292,0.381209292,0.0,0.0,0.0,0.0,0.0,115.027245,0.0,0.0,-1.5707964,0.0
1970-01-01 00:00:00.381267885,0.381267885,0.0,502.85812,0.0,0.0,0.0,0.0,0.0,0.0,-1.5707964,0.0
1970-01-01 00:00:00.381297187,0.381297187,148.37144,0.0,0.0,0.0,0.0,0.0,0.0,0.0,-1.5707964,0.0
1970-01-01 00:00:00.381440068,0.381440068,0.0,257.65298,0.0,0.0,0.0,0.0,0.0,0.0,-1.5707964,0.0
1970-01-01 00:00:00.381443478,0.381443478,259.87775,0.0,0.0,0.0,0.0,0.0,0.0,0.0,-1.5707964,0.0
1970-01-01 00:00:00.381554560,0.38155456,0.0,0.0,0.0,0.0,310.4194,0.0,0.0,0.0,-1.5707964,0.0
1970-01-01 00:00:00.381676063,0.381676063,0.0,0.0,232.75139,0.0,0.0,0.0,0.0,0.0,-1.5707964,0.0
1970-01-01 00:00:00.381745109,0.381745109,0.0,398.3063,0.0,0.0,0.0,0.0,0.0,0.0,-1.5707964,0.0
1970-01-01 00:00:00.381753374,0.381753374,0.0,0.0,0.0,0.0,0.0,329.92004,0.0,0.0,-1.5707964,0.0
1970-01-01 00:00:00.381755126,0.381755126,0.0,247.1236,0.0,0.0,0.0,0.0,0.0,0.0,-1.5707964,0.0
1970-01-01 00:00:00.381956988,0.381956988,0.0,320.69385,0.0,0.0,0.0,0.0,0.0,0.0,-1.5707964,0.0
1970-01-01 00:00:00.381968975,0.381968975,182.65761,0.0,0.0,0.0,0.0,0.0,0.0,0.0,-1.5707964,0.0
1970-01-01 00:00:00.381997533,0.381997533,132.2517,0.0,0.0,0.0,0.0,0.0,0.0,0.0,-1.5707964,0.0
1970-01-01 00:00:00.382005855,0.382005855,273.77634,0.0,0.0,0.0,0.0,0.0,0.0,0.0,-1.5707964,0.0
1970-01-01 00:00:00.382009420,0.38200942,224.48137,0.0,0.0,0.0,0.0,0.0,0.0,0.0,-1.5707964,0.0
1970-01-01 00:00:00.382147042,0.382147042,0.0,0.0,0.0,0.0,0.0,381.2579,0.0,0.0,-1.5707964,0.0
1970-01-01 00:00:00.382189414,0.382189414,0.0,122.923645,0.0,0.0,0.0,0.0,0.0,0.0,-1.5707964,0.0
1970-01-01 00:00:00.382208078,0.382208078,134.2984,0.0,0.0,0.0,0.0,0.0,0.0,0.0,-1.5707964,0.0
1970-01-01 00:00:00.382377931,0.382377931,0.0,126.33544,0.0,0.0,0.0,0.0,0.0,0.0,-1.5707964,0.0
1970-01-01 00:00:00.382418618,0.382418618,0.0,307.53192,0.0,0.0,0.0,0.0,0.0,0.0,-1.5707964,0.0
1970-01-01 00:00:00.382476849,0.382476849,0.0,0.0,485.2683,0.0,0.0,0.0,0.0,0.0,-1.5707964,0.0
1970-01-01 00:00:00.382488610,0.38248861,0.0,119.77441,0.0,0.0,0.0,0.0,0.0,0.0,-1.5707964,0.0
1970-01-01 00:00:00.382568262,0.382568262,108.79512,0.0,0.0,0.0,0.0,0.0,0.0,0.0,-1.5707964,0.0
1970-01-01 00:00:00.382595640,0.38259564,291.51706,0.0,0.0,0.0,0.0,0.0,0.0,0.0,-1.5707964,0.0
1970-01-01 00:00:00.382618679,0.382618679,0.0,0.0,0.0,0.0,0.0,645.8516,0.0,0.0,-1.5707964,0.0
1970-01-01 00:00:00.383129139,0.383129139,0.0,181.42465,0.0,0.0,0.0,0.0,0.0,0.0,-1.5707964,0.0
1970-01-01 00:00:00.383382443,0.383382443,0.0,82.84253,0.0,0.0,0.0,0.0,0.0,0.0,-1.5707964,0.0
1970-01-01 00:00:00.383396928,0.383396928,0.0,379.99496,0.0,0.0,0.0,0.0,0.0,0.0,-1.5707964,0.0
1970-01-01 00:00:00.383755092,0.383755092,995.51526,0.0,0.0,0.0,0.0,0.0,0.0,0.0,-1.5707964,0.0
1970-01-01 00:00:00.383809971,0.383809971,0.0,0.0,0.0,0.0,148.52222,0.0,0.0,0.0,-1.5707964,0.0
1970-01-01 00:00:00.383952112,0.383952112,0.0,0.0,251.56535,0.0,0.0,0.0,0.0,0.0,-1.5707964,0.0
1970-01-01 00:00:00.384034200,0.3840342,0.0,0.0,207.1305,0.0,0.0,0.0,0.0,0.0,-1.5707964,0.0
1970-01-01 00:00:00.384054437,0.384054437,0.0,99.89697,0.0,0.0,0.0,0.0,0.0,0.0,-1.5707964,0.0
1970-01-01 00:00:00.384070914,0.384070914,0.0,0.0,0.0,0.0,0.0,449.75058,0.0,0.0,-1.5707964,0.0
1970-01-01 00:00:00.384408896,0.384408896,0.0,0.0,164.09337,0.0,0.0,0.0,0.0,0.0,-1.5707964,0.0
1970-01-01 00:00:00.384448641,0.384448641,0.0,0.0,377.76096,0.0,0.0,0.0,0.0,0.0,-1.5707964,0.0
1970-01-01 00:00:00.384526218,0.384526218,0.0,0.0,344.0412,0.0,0.0,0.0,0.0,0.0,-1.5707964,0.0
1970-01-01 00:00:00.384731152,0.384731152,0.0,232.57095,0.0,0.0,0.0,0.0,0.0,0.0,-1.5707964,0.0
1970-01-01 00:00:00.384732905,0.384732905,0.0,0.0,0.0,0.0,121.55142,0.0,0.0,0.0,-1.5707964,0.0
1970-01-01 00:00:00.384765880,0.38476588,698.76746,0.0,0.0,0.0,0.0,0.0,0.0,0.0,-1.5707964,0.0
1970-01-01 00:00:00.384966387,0.384966387,0.0,0.0,135.73111,0.0,0.0,0.0,0.0,0.0,-1.5707964,0.0
1970-01-01 00:00:00.384975480,0.38497548,0.0,0.0,0.0,0.0,130.60344,0.0,0.0,0.0,-1.5707964,0.0
1970-01-01 00:00:00.385042584,0.385042584,0.0,89.621124,0.0,0.0,0.0,0.0,0.0,0.0,-1.5707964,0.0
1970-01-01 00:00:00.385082227,0.385082227,0.0,0.0,141.91318,0.0,0.0,0.0,0.0,0.0,-1.5707964,0.0
1970-01-01 00:00:00.385181008,0.385181008,495.7577,0.0,0.0,0.0,0.0,0.0,0.0,0.0,-1.5707964,0.0
1970-01-01 00:00:00.385309470,0.38530947,0.0,0.0,247.97807,0.0,0.0,0.0,0.0,0.0,-1.5707964,0.0
1970-01-01 00:00:00.385435548,0.385435548,0.0,0.0,0.0,0.0,0.0,280.575,0.0,0.0,-1.5707964,0.0
1970-01-01 00:00:00.385448333,0.385448333,271.1671,0.0,0.0,0.0,0.0,0.0,0.0,0.0,-1.5707964,0.0
1970-01-01 00:00:00.385528418,0.385528418,0.0,0.0,0.0,0.0,0.0,83.7939,0.0,0.0,-1.5707964,0.0
1970-01-01 00:00:00.385578929,0.385578929,0.0,0.0,243.65616,0.0,0.0,0.0,0.0,0.0,-1.5707964,0.0
1970-01-01 00:00:00.385616929,0.385616929,0.0,0.0,0.0,0.0,0.0,104.26889,0.0,0.0,-1.5707964,0.0
1970-01-01 00:00:00.385794578,0.385794578,219.84505,0.0,0.0,0.0,0.0,0.0,0.0,0.0,-1.5707964,0.0
1970-01-01 00:00:00.385879319,0.385879319,247.12405,0.0,0.0,0.0,0.0,0.0,0.0,0.0,-1.5707964,0.0
1970-01-01 00:00:00.386061199,0.386061199,416.17755,0.0,0.0,0.0,0.0,0.0,0.0,0.0,-1.5707964,0.0
1970-01-01 00:00:00.386071799,0.386071799,0.0,0.0,126.46988,0.0,0.0,0.0,0.0,0.0,-1.5707964,0.0
1970-01-01 00:00:00.387188508,0.387188508,0.0,0.0,0.0,0.0,0.0,81.93708,0.0,0.0,-1.5707964,0.0
1970-01-01 00:00:00.387283060,0.38728306,0.0,0.0,142.02301,0.0,0.0,0.0,0.0,0.0,-1.5707964,0.0
1970-01-01 00:00:00.387742988,0.387742988,0.0,0.0,143.7688,0.0,0.0,0.0,0.0,0.0,-1.5707964,0.0
1970-01-01 00:00:00.388077165,0.388077165,0.0,371.3446,0.0,0.0,0.0,0.0,0.0,0.0,-1.5707964,0.0
1970-01-01 00:00:00.388550618,0.388550618,0.0,0.0,0.0,0.0,330.1055,0.0,0.0,0.0,-1.5707964,0.0
1970-01-01 00:00:00.388628441,0.388628441,550.89844,0.0,0.0,0.0,0.0,0.0,0.0,0.0,-1.5707964,0.0
1970-01-01 00:00:00.388714442,0.388714442,568.8908,0.0,0.0,0.0,0.0,0.0,0.0,0.0,-1.5707964,0.0
1970-01-01 00:00:00.388938761,0.388938761,0.0,0.0,94.624405,0.0,0.0,0.0,0.0,0.0,-1.5707964,0.0
1970-01-01 00:00:00.388972532,0.388972532,0.0,0.0,651.947,0.0,0.0,0.0,0.0,0.0,-1.5707964,0.0
1970-01-01 00:00:00.389002119,0.389002119,0.0,0.0,0.0,0.0,0.0,140.81195,0.0,0.0,-1.5707964,0.0
1970-01-01 00:00:00.389024571,0.389024571,0.0,0.0,0.0,0.0,0.0,196.34709,0.0,0.0,-1.5707964,0.0
1970-01-01 00:00:00.389087515,0.389087515,400.11313,0.0,0.0,0.0,0.0,0.0,0.0,0.0,-1.5707964,0.0
1970-01-01 00:00:00.389165474,0.389165474,0.0,0.0,0.0,0.0,159.4873,0.0,0.0,0.0,-1.5707964,0.0
1970-01-01 00:00:00.389209365,0.389209365,0.0,0.0,0.0,0.0,150.09763,0.0,0.0,0.0,-1.5707964,0.0
1970-01-01 00:00:00.389338432,0.389338432,0.0,210.4797,0.0,0.0,0.0,0.0,0.0,0.0,-1.5707964,0.0
1970-01-01 00:00:00.389373890,0.38937389,0.0,86.2065,0.0,0.0,0.0,0.0,0.0,0.0,-1.5707964,0.0
1970-01-01 00:00:00.389572560,0.38957256,284.66342,0.0,0.0,0.0,0.0,0.0,0.0,0.0,-1.5707964,0.0
1970-01-01 00:00:00.389736176,0.389736176,0.0,0.0,370.564,0.0,0.0,0.0,0.0,0.0,-1.5707964,0.0
1970-01-01 00:00:00.389908631,0.389908631,203.12637,0.0,0.0,0.0,0.0,0.0,0.0,0.0,-1.5707964,0.0
1970-01-01 00:00:00.389931962,0.389931962,0.0,0.0,319.03122,0.0,0.0,0.0,0.0,0.0,-1.5707964,0.0
1970-01-01 00:00:00.390223201,0.390223201,0.0,0.0,217.54941,0.0,0.0,0.0,0.0,0.0,-1.5707964,0.0
1970-01-01 00:00:00.390294123,0.390294123,204.3424,0.0,0.0,0.0,0.0,0.0,0.0,0.0,-1.5707964,0.0
1970-01-01 00:00:00.390347615,0.390347615,0.0,291.05746,0.0,0.0,0.0,0.0,0.0,0.0,-1.5707964,0.0
1970-01-01 00:00:00.390363751,0.390363751,0.0,100.602646,0.0,0.0,0.0,0.0,0.0,0.0,-1.5707964,0.0
1970-01-01 00:00:00.390412451,0.390412451,249.52551,0.0,0.0,0.0,0.0,0.0,0.0,0.0,-1.5707964,0.0
1970-01-01 00:00:00.390465910,0.39046591,0.0,0.0,0.0,0.0,297.011,0.0,0.0,0.0,-1.5707964,0.0
1970-01-01 00:00:00.390466367,0.390466367,182.2449,0.0,0.0,0.0,0.0,0.0,0.0,0.0,-1.5707964,0.0
1970-01-01 00:00:00.390517784,0.390517784,357.34604,0.0,0.0,0.0,0.0,0.0,0.0,0.0,-1.5707964,0.0
1970-01-01 00:00:00.390593260,0.39059326,148.16191,0.0,0.0,0.0,0.0,0.0,0.0,0.0,-1.5707964,0.0
1970-01-01 00:00:00.390725203,0.390725203,81.953026,0.0,0.0,0.0,0.0,0.0,0.0,0.0,-1.5707964,0.0
1970-01-01 00:00:00.390803150,0.39080315,0.0,82.32778,0.0,0.0,0.0,0.0,0.0,0.0,-1.5707964,0.0
1970-01-01 00:00:00.390930709,0.390930709,0.0,157.48796,0.0,0.0,0.0,0.0,0.0,0.0,-1.5707964,0.0
1970-01-01 00:00:00.391319317,0.391319317,0.0,0.0,0.0,0.0,0.0,232.20229,0.0,0.0,-1.5707964,0.0
1970-01-01 00:00:00.391865465,0.391865465,0.0,216.58182,0.0,0.0,0.0,0.0,0.0,0.0,-1.5707964,0.0
1970-01-01 00:00:00.391957585,0.391957585,0.0,497.49765,0.0,0.0,0.0,0.0,0.0,0.0,-1.5707964,0.0
1970-01-01 00:00:00.392171659,0.392171659,0.0,0.0,84.16356,0.0,0.0,0.0,0.0,0.0,-1.5707964,0.0
1970-01-01 00:00:00.392238999,0.392238999,0.0,87.57238,0.0,0.0,0.0,0.0,0.0,0.0,-1.5707964,0.0
1970-01-01 00:00:00.392347249,0.392347249,144.21819,0.0,0.0,0.0,0.0,0.0,0.0,0.0,-1.5707964,0.0
1970-01-01 00:00:00.392398479,0.392398479,207.26703,0.0,0.0,0.0,0.0,0.0,0.0,0.0,-1.5707964,0.0
1970-01-01 00:00:00.392831680,0.39283168,0.0,0.0,0.0,0.0,153.56647,0.0,0.0,0.0,-1.5707964,0.0
1970-01-01 00:00:00.392840221,0.392840221,0.0,0.0,176.17552,0.0,0.0,0.0,0.0,0.0,-1.5707964,0.0
1970-01-01 00:00:00.392940503,0.392940503,134.51926,0.0,0.0,0.0,0.0,0.0,0.0,0.0,-1.5707964,0.0
1970-01-01 00:00:00.392965710,0.39296571,0.0,0.0,0.0,0.0,94.75352,0.0,0.0,0.0,-1.5707964,0.0
1970-01-01 00:00:00.393328223,0.393328223,0.0,0.0,340.5948,0.0,0.0,0.0,0.0,0.0,-1.5707964,0.0
1970-01-01 00:00:00.393408444,0.393408444,380.78824,0.0,0.0,0.0,0.0,0.0,0.0,0.0,-1.5707964,0.0
1970-01-01 00:00:00.393455916,0.393455916,498.52103,0.0,0.0,0.0,0.0,0.0,0.0,0.0,-1.5707964,0.0
1970-01-01 00:00:00.393478098,0.393478098,0.0,0.0,0.0,0.0,0.0,335.30545,0.0,0.0,-1.5707964,0.0
1970-01-01 00:00:00.393520491,0.393520491,163.67812,0.0,0.0,0.0,0.0,0.0,0.0,0.0,-1.5707964,0.0
1970-01-01 00:00:00.393595074,0.393595074,84.32609,0.0,0.0,0.0,0.0,0.0,0.0,0.0,-1.5707964,0.0
1970-01-01 00:00:00.393595074,0.393595074,0.0,0.0,0.0,470.29108,0.0,0.0,0.0,0.0,-1.5707964,0.0
1970-01-01 00:00:00.393624950,0.39362495,366.70233,0.0,0.0,0.0,0.0,0.0,0.0,0.0,-1.5707964,0.0
1970-01-01 00:00:00.393698853,0.393698853,0.0,0.0,161.1353,0.0,0.0,0.0,0.0,0.0,-1.5707964,0.0
1970-01-01 00:00:00.394153675,0.394153675,0.0,0.0,0.0,0.0,0.0,345.08743,0.0,0.0,-1.5707964,0.0
1970-01-01 00:00:00.394237381,0.394237381,0.0,156.30603,0.0,0.0,0.0,0.0,0.0,0.0,-1.5707964,0.0
1970-01-01 00:00:00.394369424,0.394369424,0.0,0.0,115.92836,0.0,0.0,0.0,0.0,0.0,-1.5707964,0.0
1970-01-01 00:00:00.394383272,0.394383272,0.0,237.81784,0.0,0.0,0.0,0.0,0.0,0.0,-1.5707964,0.0
1970-01-01 00:00:00.394407296,0.394407296,0.0,0.0,125.48522,0.0,0.0,0.0,0.0,0.0,-1.5707964,0.0
1970-01-01 00:00:00.394456481,0.394456481,0.0,0.0,0.0,0.0,0.0,288.97955,0.0,0.0,-1.5707964,0.0
1970-01-01 00:00:00.394494526,0.394494526,0.0,0.0,88.80061,0.0,0.0,0.0,0.0,0.0,-1.5707964,0.0
1970-01-01 00:00:00.394939243,0.394939243,0.0,376.50912,0.0,0.0,0.0,0.0,0.0,0.0,-1.5707964,0.0
1970-01-01 00:00:00.394955014,0.394955014,0.0,0.0,0.0,0.0,0.0,262.92242,0.0,0.0,-1.5707964,0.0
1970-01-01 00:00:00.395120879,0.395120879,0.0,0.0,176.14058,0.0,0.0,0.0,0.0,0.0,-1.5707964,0.0
1970-01-01 00:00:00.395206736,0.395206736,0.0,0.0,0.0,0.0,0.0,327.83154,0.0,0.0,-1.5707964,0.0
1970-01-01 00:00:00.395309444,0.395309444,0.0,0.0,281.86765,0.0,0.0,0.0,0.0,0.0,-1.5707964,0.0
1970-01-01 00:00:00.395453600,0.3954536,166.97804,0.0,0.0,0.0,0.0,0.0,0.0,0.0,-1.5707964,0.0
1970-01-01 00:00:00.395811872,0.395811872,480.464,0.0,0.0,0.0,0.0,0.0,0.0,0.0,-1.5707964,0.0
1970-01-01 00:00:00.395829433,0.395829433,0.0,0.0,122.849075,0.0,0.0,0.0,0.0,0.0,-1.5707964,0.0
1970-01-01 00:00:00.395845519,0.395845519,506.69763,0.0,0.0,0.0,0.0,0.0,0.0,0.0,-1.5707964,0.0
1970-01-01 00:00:00.396039481,0.396039481,424.9638,0.0,0.0,0.0,0.0,0.0,0.0,0.0,-1.5707964,0.0
1970-01-01 00:00:00.396276425,0.396276425,0.0,106.43497,0.0,0.0,0.0,0.0,0.0,0.0,-1.5707964,0.0
1970-01-01 00:00:00.396349268,0.396349268,219.73087,0.0,0.0,0.0,0.0,0.0,0.0,0.0,-1.5707964,0.0
1970-01-01 00:00:00.396430482,0.396430482,0.0,255.39195,0.0,0.0,0.0,0.0,0.0,0.0,-1.5707964,0.0
1970-01-01 00:00:00.396464965,0.396464965,0.0,0.0,0.0,0.0,0.0,218.03714,0.0,0.0,-1.5707964,0.0
1970-01-01 00:00:00.396588733,0.396588733,0.0,262.65067,0.0,0.0,0.0,0.0,0.0,0.0,-1.5707964,0.0
1970-01-01 00:00:00.396639887,0.396639887,572.37604,0.0,0.0,0.0,0.0,0.0,0.0,0.0,-1.5707964,0.0
1970-01-01 00:00:00.396774986,0.396774986,0.0,0.0,200.40099,0.0,0.0,0.0,0.0,0.0,-1.5707964,0.0
1970-01-01 00:00:00.396976310,0.39697631,330.2843,0.0,0.0,0.0,0.0,0.0,0.0,0.0,-1.5707964,0.0
1970-01-01 00:00:00.397014230,0.39701423,0.0,0.0,0.0,0.0,0.0,171.47443,0.0,0.0,-1.5707964,0.0
1970-01-01 00:00:00.397064260,0.39706426,0.0,0.0,0.0,0.0,0.0,364.44882,0.0,0.0,-1.5707964,0.0
1970-01-01 00:00:00.397316146,0.397316146,261.54745,0.0,0.0,0.0,0.0,0.0,0.0,0.0,-1.5707964,0.0
1970-01-01 00:00:00.397534674,0.397534674,0.0,0.0,0.0,0.0,0.0,130.24303,0.0,0.0,-1.5707964,0.0
1970-01-01 00:00:00.397581608,0.397581608,220.2833,0.0,0.0,0.0,0.0,0.0,0.0,0.0,-1.5707964,0.0
1970-01-01 00:00:00.397590639,0.397590639,265.53683,0.0,0.0,0.0,0.0,0.0,0.0,0.0,-1.5707964,0.0
1970-01-01 00:00:00.397644182,0.397644182,173.38582,0.0,0.0,0.0,0.0,0.0,0.0,0.0,-1.5707964,0.0
1970-01-01 00:00:00.397689642,0.397689642,0.0,0.0,172.18198,0.0,0.0,0.0,0.0,0.0,-1.5707964,0.0
1970-01-01 00:00:00.398227063,0.398227063,0.0,0.0,0.0,0.0,414.19165,0.0,0.0,0.0,-1.5707964,0.0
1970-01-01 00:00:00.398317039,0.398317039,474.8147,0.0,0.0,0.0,0.0,0.0,0.0,0.0,-1.5707964,0.0
1970-01-01 00:00:00.398451853,0.398451853,177.22571,0.0,0.0,0.0,0.0,0.0,0.0,0.0,-1.5707964,0.0
1970-01-01 00:00:00.398937540,0.39893754,0.0,0.0,0.0,0.0,193.6845,0.0,0.0,0.0,-1.5707964,0.0
1970-01-01 00:00:00.399027457,0.399027457,0.0,0.0,144.53351,0.0,0.0,0.0,0.0,0.0,-1.5707964,0.0
1970-01-01 00:00:00.399082285,0.399082285,0.0,89.067825,0.0,0.0,0.0,0.0,0.0,0.0,-1.5707964,0.0
1970-01-01 00:00:00.399105472,0.399105472,0.0,0.0,0.0,0.0,0.0,1018.3615,0.0,0.0,-1.5707964,0.0
1970-01-01 00:00:00.399299145,0.399299145,0.0,378.96573,0.0,0.0,0.0,0.0,0.0,0.0,-1.5707964,0.0
1970-01-01 00:00:00.399664797,0.399664797,232.66644,0.0,0.0,0.0,0.0,0.0,0.0,0.0,-1.5707964,0.0
1970-01-01 00:00:00.399693602,0.399693602,0.0,0.0,224.72247,0.0,0.0,0.0,0.0,0.0,-1.5707964,0.0
1970-01-01 00:00:00.399859116,0.399859116,0.0,239.56093,0.0,0.0,0.0,0.0,0.0,0.0,-1.5707964,0.0
1970-01-01 00:00:00.400111252,0.400111252,0.0,0.0,314.0369,0.0,0.0,0.0,0.0,0.0,-1.5707964,0.0
1970-01-01 00:00:00.400180590,0.40018059,0.0,0.0,0.0,0.0,0.0,93.91861,0.0,0.0,-1.5707964,0.0
1970-01-01 00:00:00.400471683,0.400471683,258.606,0.0,0.0,0.0,0.0,0.0,0.0,0.0,-1.5707964,0.0
1970-01-01 00:00:00.400493932,0.400493932,0.0,0.0,0.0,0.0,0.0,472.70428,0.0,0.0,-1.5707964,0.0
1970-01-01 00:00:00.400614035,0.400614035,0.0,0.0,194.5369,0.0,0.0,0.0,0.0,0.0,-1.5707964,0.0
1970-01-01 00:00:00.400634102,0.400634102,0.0,0.0,111.92221,0.0,0.0,0.0,0.0,0.0,-1.5707964,0.0
1970-01-01 00:00:00.400724007,0.400724007,0.0,0.0,365.85922,0.0,0.0,0.0,0.0,0.0,-1.5707964,0.0
1970-01-01 00:00:00.400746451,0.400746451,0.0,0.0,128.53503,0.0,0.0,0.0,0.0,0.0,-1.5707964,0.0
1970-01-01 00:00:00.401068232,0.401068232,161.4278,0.0,0.0,0.0,0.0,0.0,0.0,0.0,-1.5707964,0.0
1970-01-01 00:00:00.401150464,0.401150464,0.0,0.0,0.0,0.0,125.86987,0.0,0.0,0.0,-1.5707964,0.0
1970-01-01 00:00:00.401189922,0.401189922,0.0,94.72901,0.0,0.0,0.0,0.0,0.0,0.0,-1.5707964,0.0
1970-01-01 00:00:00.401359175,0.401359175,0.0,95.92713,0.0,0.0,0.0,0.0,0.0,0.0,-1.5707964,0.0
1970-01-01 00:00:00.401523077,0.401523077,0.0,0.0,0.0,0.0,176.51933,0.0,0.0,0.0,-1.5707964,0.0
1970-01-01 00:00:00.401592057,0.401592057,0.0,0.0,0.0,0.0,255.28883,0.0,0.0,0.0,-1.5707964,0.0
1970-01-01 00:00:00.401725227,0.401725227,0.0,0.0,111.997986,0.0,0.0,0.0,0.0,0.0,-1.5707964,0.0
1970-01-01 00:00:00.401843715,0.401843715,98.80636,0.0,0.0,0.0,0.0,0.0,0.0,0.0,-1.5707964,0.0
1970-01-01 00:00:00.401913796,0.401913796,0.0,0.0,135.90298,0.0,0.0,0.0,0.0,0.0,-1.5707964,0.0
1970-01-01 00:00:00.402053153,0.402053153,0.0,0.0,644.21094,0.0,0.0,0.0,0.0,0.0,-1.5707964,0.0
1970-01-01 00:00:00.402207806,0.402207806,0.0,0.0,134.35878,0.0,0.0,0.0,0.0,0.0,-1.5707964,0.0
1970-01-01 00:00:00.402211400,0.4022114,0.0,279.69482,0.0,0.0,0.0,0.0,0.0,0.0,-1.5707964,0.0
1970-01-01 00:00:00.402282379,0.402282379,0.0,0.0,115.84936,0.0,0.0,0.0,0.0,0.0,-1.5707964,0.0
1970-01-01 00:00:00.402658657,0.402658657,0.0,428.9787,0.0,0.0,0.0,0.0,0.0,0.0,-1.5707964,0.0
1970-01-01 00:00:00.402661064,0.402661064,155.66307,0.0,0.0,0.0,0.0,0.0,0.0,0.0,-1.5707964,0.0
1970-01-01 00:00:00.402727834,0.402727834,0.0,0.0,149.25597,0.0,0.0,0.0,0.0,0.0,-1.5707964,0.0
1970-01-01 00:00:00.402839335,0.402839335,0.0,0.0,0.0,0.0,209.40082,0.0,0.0,0.0,-1.5707964,0.0
1970-01-01 00:00:00.402870884,0.402870884,0.0,0.0,0.0,0.0,247.30016,0.0,0.0,0.0,-1.5707964,0.0
1970-01-01 00:00:00.402934926,0.402934926,0.0,245.54018,0.0,0.0,0.0,0.0,0.0,0.0,-1.5707964,0.0
1970-01-01 00:00:00.402952577,0.402952577,0.0,0.0,275.48337,0.0,0.0,0.0,0.0,0.0,-1.5707964,0.0
1970-01-01 00:00:00.403025592,0.403025592,311.0515,0.0,0.0,0.0,0.0,0.0,0.0,0.0,-1.5707964,0.0
1970-01-01 00:00:00.403176684,0.403176684,0.0,0.0,134.1753,0.0,0.0,0.0,0.0,0.0,-1.5707964,0.0
1970-01-01 00:00:00.403219119,0.403219119,0.0,0.0,0.0,0.0,132.04538,0.0,0.0,0.0,-1.5707964,0.0
1970-01-01 00:00:00.403307665,0.403307665,0.0,80.03991,0.0,0.0,0.0,0.0,0.0,0.0,-1.5707964,0.0
1970-01-01 00:00:00.403315427,0.403315427,85.61126,0.0,0.0,0.0,0.0,0.0,0.0,0.0,-1.5707964,0.0
1970-01-01 00:00:00.403449496,0.403449496,668.2731,0.0,0.0,0.0,0.0,0.0,0.0,0.0,-1.5707964,0.0
1970-01-01 00:00:00.403517207,0.403517207,0.0,176.59496,0.0,0.0,0.0,0.0,0.0,0.0,-1.5707964,0.0
1970-01-01 00:00:00.403614551,0.403614551,0.0,263.7187,0.0,0.0,0.0,0.0,0.0,0.0,-1.5707964,0.0
1970-01-01 00:00:00.403816672,0.403816672,0.0,133.69727,0.0,0.0,0.0,0.0,0.0,0.0,-1.5707964,0.0
1970-01-01 00:00:00.403874893,0.403874893,0.0,0.0,0.0,0.0,0.0,255.03023,0.0,0.0,-1.5707964,0.0
1970-01-01 00:00:00.404881243,0.404881243,0.0,0.0,0.0,0.0,0.0,423.21442,0.0,0.0,-1.5707964,0.0
1970-01-01 00:00:00.405368368,0.405368368,0.0,0.0,0.0,114.234375,0.0,0.0,0.0,0.0,-1.5707964,0.0
1970-01-01 00:00:00.405429312,0.405429312,0.0,0.0,0.0,0.0,227.74211,0.0,0.0,0.0,-1.5707964,0.0
1970-01-01 00:00:00.405437719,0.405437719,0.0,707.2094,0.0,0.0,0.0,0.0,0.0,0.0,-1.5707964,0.0
1970-01-01 00:00:00.405576249,0.405576249,282.60974,0.0,0.0,0.0,0.0,0.0,0.0,0.0,-1.5707964,0.0
1970-01-01 00:00:00.405832670,0.40583267,0.0,851.1454,0.0,0.0,0.0,0.0,0.0,0.0,-1.5707964,0.0
1970-01-01 00:00:00.405934382,0.405934382,202.06322,0.0,0.0,0.0,0.0,0.0,0.0,0.0,-1.5707964,0.0
1970-01-01 00:00:00.406044702,0.406044702,0.0,0.0,250.26878,0.0,0.0,0.0,0.0,0.0,-1.5707964,0.0
1970-01-01 00:00:00.406067645,0.406067645,0.0,184.97377,0.0,0.0,0.0,0.0,0.0,0.0,-1.5707964,0.0
1970-01-01 00:00:00.406169249,0.406169249,371.18494,0.0,0.0,0.0,0.0,0.0,0.0,0.0,-1.5707964,0.0
1970-01-01 00:00:00.406187748,0.406187748,0.0,0.0,134.0395,0.0,0.0,0.0,0.0,0.0,-1.5707964,0.0
1970-01-01 00:00:00.406268011,0.406268011,0.0,124.97204,0.0,0.0,0.0,0.0,0.0,0.0,-1.5707964,0.0
1970-01-01 00:00:00.406332957,0.406332957,0.0,202.2859,0.0,0.0,0.0,0.0,0.0,0.0,-1.5707964,0.0
1970-01-01 00:00:00.406442170,0.40644217,0.0,152.66115,0.0,0.0,0.0,0.0,0.0,0.0,-1.5707964,0.0
1970-01-01 00:00:00.406487369,0.406487369,0.0,0.0,0.0,0.0,0.0,152.04044,0.0,0.0,-1.5707964,0.0
1970-01-01 00:00:00.406797452,0.406797452,0.0,217.37297,0.0,0.0,0.0,0.0,0.0,0.0,-1.5707964,0.0
1970-01-01 00:00:00.406813556,0.406813556,0.0,108.530396,0.0,0.0,0.0,0.0,0.0,0.0,-1.5707964,0.0
1970-01-01 00:00:00.406947264,0.406947264,121.967415,0.0,0.0,0.0,0.0,0.0,0.0,0.0,-1.5707964,0.0
1970-01-01 00:00:00.407066725,0.407066725,0.0,0.0,0.0,0.0,0.0,395.23825,0.0,0.0,-1.5707964,0.0
1970-01-01 00:00:00.407168682,0.407168682,313.80267,0.0,0.0,0.0,0.0,0.0,0.0,0.0,-1.5707964,0.0
1970-01-01 00:00:00.407254583,0.407254583,0.0,218.5444,0.0,0.0,0.0,0.0,0.0,0.0,-1.5707964,0.0
1970-01-01 00:00:00.407290756,0.407290756,0.0,0.0,0.0,0.0,0.0,464.4805,0.0,0.0,-1.5707964,0.0
1970-01-01 00:00:00.407309818,0.407309818,82.405304,0.0,0.0,0.0,0.0,0.0,0.0,0.0,-1.5707964,0.0
1970-01-01 00:00:00.407345711,0.407345711,0.0,383.80658,0.0,0.0,0.0,0.0,0.0,0.0,-1.5707964,0.0
1970-01-01 00:00:00.407560986,0.407560986,0.0,0.0,0.0,0.0,0.0,123.5143,0.0,0.0,-1.5707964,0.0
1970-01-01 00:00:00.407605054,0.407605054,0.0,210.73131,0.0,0.0,0.0,0.0,0.0,0.0,-1.5707964,0.0
1970-01-01 00:00:00.407675216,0.407675216,0.0,0.0,0.0,0.0,95.44052,0.0,0.0,0.0,-1.5707964,0.0
1970-01-01 00:00:00.407701990,0.40770199,218.34283,0.0,0.0,0.0,0.0,0.0,0.0,0.0,-1.5707964,0.0
1970-01-01 00:00:00.407705917,0.407705917,0.0,0.0,321.78864,0.0,0.0,0.0,0.0,0.0,-1.5707964,0.0
1970-01-01 00:00:00.407791376,0.407791376,0.0,0.0,102.753075,0.0,0.0,0.0,0.0,0.0,-1.5707964,0.0
1970-01-01 00:00:00.407817301,0.407817301,175.31,0.0,0.0,0.0,0.0,0.0,0.0,0.0,-1.5707964,0.0
1970-01-01 00:00:00.407881242,0.407881242,0.0,117.88521,0.0,0.0,0.0,0.0,0.0,0.0,-1.5707964,0.0
1970-01-01 00:00:00.407881491,0.407881491,424.60086,0.0,0.0,0.0,0.0,0.0,0.0,0.0,-1.5707964,0.0
1970-01-01 00:00:00.407927286,0.407927286,271.4415,0.0,0.0,0.0,0.0,0.0,0.0,0.0,-1.5707964,0.0
1970-01-01 00:00:00.408039910,0.40803991,81.943306,0.0,0.0,0.0,0.0,0.0,0.0,0.0,-1.5707964,0.0
1970-01-01 00:00:00.408126700,0.4081267,0.0,737.9411,0.0,0.0,0.0,0.0,0.0,0.0,-1.5707964,0.0
1970-01-01 00:00:00.408127577,0.408127577,0.0,0.0,0.0,0.0,0.0,343.18637,0.0,0.0,-1.5707964,0.0
1970-01-01 00:00:00.408371212,0.408371212,0.0,0.0,214.31432,0.0,0.0,0.0,0.0,0.0,-1.5707964,0.0
1970-01-01 00:00:00.408405451,0.408405451,0.0,0.0,0.0,0.0,97.75438,0.0,0.0,0.0,-1.5707964,0.0
1970-01-01 00:00:00.408419419,0.408419419,145.53304,0.0,0.0,0.0,0.0,0.0,0.0,0.0,-1.5707964,0.0
1970-01-01 00:00:00.408442373,0.408442373,0.0,0.0,370.87,0.0,0.0,0.0,0.0,0.0,-1.5707964,0.0
1970-01-01 00:00:00.408683350,0.40868335,0.0,0.0,0.0,0.0,0.0,242.07997,0.0,0.0,-1.5707964,0.0
1970-01-01 00:00:00.408706003,0.408706003,0.0,0.0,543.5169,0.0,0.0,0.0,0.0,0.0,-1.5707964,0.0
1970-01-01 00:00:00.408755328,0.408755328,0.0,305.57874,0.0,0.0,0.0,0.0,0.0,0.0,-1.5707964,0.0
1970-01-01 00:00:00.408782479,0.408782479,0.0,0.0,0.0,0.0,338.3466,0.0,0.0,0.0,-1.5707964,0.0
1970-01-01 00:00:00.408924134,0.408924134,0.0,0.0,198.24727,0.0,0.0,0.0,0.0,0.0,-1.5707964,0.0
1970-01-01 00:00:00.408964759,0.408964759,0.0,0.0,0.0,0.0,0.0,228.864,0.0,0.0,-1.5707964,0.0
1970-01-01 00:00:00.409070539,0.409070539,0.0,0.0,218.24234,0.0,0.0,0.0,0.0,0.0,-1.5707964,0.0
1970-01-01 00:00:00.409097149,0.409097149,208.49942,0.0,0.0,0.0,0.0,0.0,0.0,0.0,-1.5707964,0.0
1970-01-01 00:00:00.409216212,0.409216212,0.0,0.0,210.93834,0.0,0.0,0.0,0.0,0.0,-1.5707964,0.0
1970-01-01 00:00:00.409264942,0.409264942,0.0,0.0,0.0,0.0,0.0,353.15976,0.0,0.0,-1.5707964,0.0
1970-01-01 00:00:00.409670203,0.409670203,0.0,0.0,0.0,0.0,0.0,109.431946,0.0,0.0,-1.5707964,0.0
1970-01-01 00:00:00.409814607,0.409814607,0.0,0.0,0.0,0.0,258.59848,0.0,0.0,0.0,-1.5707964,0.0
1970-01-01 00:00:00.410212386,0.410212386,0.0,0.0,0.0,234.95009,0.0,0.0,0.0,0.0,-1.5707964,0.0
1970-01-01 00:00:00.410290254,0.410290254,0.0,507.44818,0.0,0.0,0.0,0.0,0.0,0.0,-1.5707964,0.0
1970-01-01 00:00:00.410532469,0.410532469,0.0,0.0,0.0,0.0,0.0,227.10825,0.0,0.0,-1.5707964,0.0
1970-01-01 00:00:00.410640773,0.410640773,0.0,0.0,84.16694,0.0,0.0,0.0,0.0,0.0,-1.5707964,0.0
1970-01-01 00:00:00.411715406,0.411715406,0.0,0.0,0.0,0.0,112.32003,0.0,0.0,0.0,-1.5707964,0.0
1970-01-01 00:00:00.411978557,0.411978557,0.0,0.0,0.0,0.0,108.881096,0.0,0.0,0.0,-1.5707964,0.0
1970-01-01 00:00:00.412205882,0.412205882,222.46219,0.0,0.0,0.0,0.0,0.0,0.0,0.0,-1.5707964,0.0
1970-01-01 00:00:00.412719800,0.4127198,0.0,100.2471,0.0,0.0,0.0,0.0,0.0,0.0,-1.5707964,0.0
1970-01-01 00:00:00.413137852,0.413137852,443.42978,0.0,0.0,0.0,0.0,0.0,0.0,0.0,-1.5707964,0.0
1970-01-01 00:00:00.413647730,0.41364773,0.0,167.51915,0.0,0.0,0.0,0.0,0.0,0.0,-1.5707964,0.0
1970-01-01 00:00:00.413853203,0.413853203,270.885,0.0,0.0,0.0,0.0,0.0,0.0,0.0,-1.5707964,0.0
1970-01-01 00:00:00.414238557,0.414238557,655.45685,0.0,0.0,0.0,0.0,0.0,0.0,0.0,-1.5707964,0.0
1970-01-01 00:00:00.414377992,0.414377992,0.0,0.0,0.0,0.0,0.0,147.14308,0.0,0.0,-1.5707964,0.0
1970-01-01 00:00:00.414830992,0.414830992,0.0,82.50558,0.0,0.0,0.0,0.0,0.0,0.0,-1.5707964,0.0
1970-01-01 00:00:00.415130670,0.41513067,0.0,0.0,0.0,0.0,0.0,83.83682,0.0,0.0,-1.5707964,0.0
1970-01-01 00:00:00.415612665,0.415612665,278.2031,0.0,0.0,0.0,0.0,0.0,0.0,0.0,-1.5707964,0.0
1970-01-01 00:00:00.416320868,0.416320868,0.0,0.0,577.4982,0.0,0.0,0.0,0.0,0.0,-1.5707964,0.0
1970-01-01 00:00:00.417549589,0.417549589,389.11423,0.0,0.0,0.0,0.0,0.0,0.0,0.0,-1.5707964,0.0
1970-01-01 00:00:00.417735724,0.417735724,0.0,104.958496,0.0,0.0,0.0,0.0,0.0,0.0,-1.5707964,0.0
1970-01-01 00:00:00.417802977,0.417802977,608.3418,0.0,0.0,0.0,0.0,0.0,0.0,0.0,-1.5707964,0.0
1970-01-01 00:00:00.417852950,0.41785295,0.0,393.60495,0.0,0.0,0.0,0.0,0.0,0.0,-1.5707964,0.0
1970-01-01 00:00:00.417919801,0.417919801,0.0,150.3462,0.0,0.0,0.0,0.0,0.0,0.0,-1.5707964,0.0
1970-01-01 00:00:00.418155720,0.41815572,0.0,259.07544,0.0,0.0,0.0,0.0,0.0,0.0,-1.5707964,0.0
1970-01-01 00:00:00.418431267,0.418431267,0.0,0.0,502.8264,0.0,0.0,0.0,0.0,0.0,-1.5707964,0.0
1970-01-01 00:00:00.418605204,0.418605204,295.82373,0.0,0.0,0.0,0.0,0.0,0.0,0.0,-1.5707964,0.0
1970-01-01 00:00:00.418856245,0.418856245,229.81894,0.0,0.0,0.0,0.0,0.0,0.0,0.0,-1.5707964,0.0
1970-01-01 00:00:00.418982111,0.418982111,263.9652,0.0,0.0,0.0,0.0,0.0,0.0,0.0,-1.5707964,0.0
1970-01-01 00:00:00.419103399,0.419103399,172.29434,0.0,0.0,0.0,0.0,0.0,0.0,0.0,-1.5707964,0.0
1970-01-01 00:00:00.419164268,0.419164268,0.0,0.0,96.52729,0.0,0.0,0.0,0.0,0.0,-1.5707964,0.0
1970-01-01 00:00:00.419173338,0.419173338,0.0,233.73982,0.0,0.0,0.0,0.0,0.0,0.0,-1.5707964,0.0
1970-01-01 00:00:00.419378353,0.419378353,0.0,0.0,310.4859,0.0,0.0,0.0,0.0,0.0,-1.5707964,0.0
1970-01-01 00:00:00.419642626,0.419642626,0.0,584.44806,0.0,0.0,0.0,0.0,0.0,0.0,-1.5707964,0.0
1970-01-01 00:00:00.419739799,0.419739799,0.0,0.0,133.49806,0.0,0.0,0.0,0.0,0.0,-1.5707964,0.0
1970-01-01 00:00:00.419747851,0.419747851,133.60788,0.0,0.0,0.0,0.0,0.0,0.0,0.0,-1.5707964,0.0
1970-01-01 00:00:00.419912160,0.41991216,0.0,0.0,0.0,0.0,0.0,177.27701,0.0,0.0,-1.5707964,0.0
1970-01-01 00:00:00.419942070,0.41994207,264.3549,0.0,0.0,0.0,0.0,0.0,0.0,0.0,-1.5707964,0.0
1970-01-01 00:00:00.420352868,0.420352868,0.0,0.0,210.84172,0.0,0.0,0.0,0.0,0.0,-1.5707964,0.0
1970-01-01 00:00:00.420392418,0.420392418,0.0,0.0,0.0,0.0,702.1608,0.0,0.0,0.0,-1.5707964,0.0
1970-01-01 00:00:00.420509209,0.420509209,0.0,0.0,0.0,0.0,0.0,213.5335,0.0,0.0,-1.5707964,0.0
1970-01-01 00:00:00.420819015,0.420819015,0.0,0.0,0.0,0.0,518.79346,0.0,0.0,0.0,-1.5707964,0.0
1970-01-01 00:00:00.421203428,0.421203428,0.0,0.0,0.0,0.0,200.9816,0.0,0.0,0.0,-1.5707964,0.0
1970-01-01 00:00:00.421874199,0.421874199,146.77255,0.0,0.0,0.0,0.0,0.0,0.0,0.0,-1.5707964,0.0
1970-01-01 00:00:00.422460669,0.422460669,0.0,0.0,126.26627,0.0,0.0,0.0,0.0,0.0,-1.5707964,0.0
1970-01-01 00:00:00.422468421,0.422468421,159.10806,0.0,0.0,0.0,0.0,0.0,0.0,0.0,-1.5707964,0.0
1970-01-01 00:00:00.422505827,0.422505827,667.9805,0.0,0.0,0.0,0.0,0.0,0.0,0.0,-1.5707964,0.0
1970-01-01 00:00:00.422681476,0.422681476,0.0,0.0,0.0,0.0,502.43283,0.0,0.0,0.0,-1.5707964,0.0
1970-01-01 00:00:00.422801183,0.422801183,0.0,0.0,202.11815,0.0,0.0,0.0,0.0,0.0,-1.5707964,0.0
1970-01-01 00:00:00.422852893,0.422852893,126.28159,0.0,0.0,0.0,0.0,0.0,0.0,0.0,-1.5707964,0.0
1970-01-01 00:00:00.423139334,0.423139334,298.99838,0.0,0.0,0.0,0.0,0.0,0.0,0.0,-1.5707964,0.0
1970-01-01 00:00:00.423284015,0.423284015,0.0,0.0,122.659874,0.0,0.0,0.0,0.0,0.0,-1.5707964,0.0
1970-01-01 00:00:00.423399788,0.423399788,0.0,0.0,86.57743,0.0,0.0,0.0,0.0,0.0,-1.5707964,0.0
1970-01-01 00:00:00.423463454,0.423463454,0.0,0.0,0.0,0.0,0.0,115.884384,0.0,0.0,-1.5707964,0.0
1970-01-01 00:00:00.423525502,0.423525502,265.45093,0.0,0.0,0.0,0.0,0.0,0.0,0.0,-1.5707964,0.0
1970-01-01 00:00:00.423929550,0.42392955,0.0,377.11148,0.0,0.0,0.0,0.0,0.0,0.0,-1.5707964,0.0
1970-01-01 00:00:00.424016127,0.424016127,0.0,0.0,169.38318,0.0,0.0,0.0,0.0,0.0,-1.5707964,0.0
1970-01-01 00:00:00.424121502,0.424121502,0.0,90.52472,0.0,0.0,0.0,0.0,0.0,0.0,-1.5707964,0.0
1970-01-01 00:00:00.424187007,0.424187007,0.0,298.0092,0.0,0.0,0.0,0.0,0.0,0.0,-1.5707964,0.0
1970-01-01 00:00:00.424256723,0.424256723,0.0,0.0,234.69525,0.0,0.0,0.0,0.0,0.0,-1.5707964,0.0
1970-01-01 00:00:00.424268656,0.424268656,410.70346,0.0,0.0,0.0,0.0,0.0,0.0,0.0,-1.5707964,0.0
1970-01-01 00:00:00.424529051,0.424529051,408.47998,0.0,0.0,0.0,0.0,0.0,0.0,0.0,-1.5707964,0.0
1970-01-01 00:00:00.424548997,0.424548997,0.0,0.0,95.80353,0.0,0.0,0.0,0.0,0.0,-1.5707964,0.0
1970-01-01 00:00:00.424570694,0.424570694,139.16031,0.0,0.0,0.0,0.0,0.0,0.0,0.0,-1.5707964,0.0
1970-01-01 00:00:00.424700430,0.42470043,0.0,0.0,155.94954,0.0,0.0,0.0,0.0,0.0,-1.5707964,0.0
1970-01-01 00:00:00.424708450,0.42470845,0.0,0.0,286.1445,0.0,0.0,0.0,0.0,0.0,-1.5707964,0.0
1970-01-01 00:00:00.424709784,0.424709784,371.51334,0.0,0.0,0.0,0.0,0.0,0.0,0.0,-1.5707964,0.0
1970-01-01 00:00:00.424743235,0.424743235,106.05952,0.0,0.0,0.0,0.0,0.0,0.0,0.0,-1.5707964,0.0
1970-01-01 00:00:00.424871041,0.424871041,0.0,0.0,648.2789,0.0,0.0,0.0,0.0,0.0,-1.5707964,0.0
1970-01-01 00:00:00.425093185,0.425093185,223.96399,0.0,0.0,0.0,0.0,0.0,0.0,0.0,-1.5707964,0.0
1970-01-01 00:00:00.425132621,0.425132621,0.0,0.0,216.61209,0.0,0.0,0.0,0.0,0.0,-1.5707964,0.0
1970-01-01 00:00:00.425158893,0.425158893,0.0,190.83723,0.0,0.0,0.0,0.0,0.0,0.0,-1.5707964,0.0
1970-01-01 00:00:00.425221724,0.425221724,0.0,0.0,0.0,188.71992,0.0,0.0,0.0,0.0,-1.5707964,0.0
1970-01-01 00:00:00.425278605,0.425278605,83.64454,0.0,0.0,0.0,0.0,0.0,0.0,0.0,-1.5707964,0.0
1970-01-01 00:00:00.425744221,0.425744221,0.0,0.0,347.83313,0.0,0.0,0.0,0.0,0.0,-1.5707964,0.0
1970-01-01 00:00:00.425825513,0.425825513,80.84808,0.0,0.0,0.0,0.0,0.0,0.0,0.0,-1.5707964,0.0
1970-01-01 00:00:00.425846925,0.425846925,0.0,0.0,347.68674,0.0,0.0,0.0,0.0,0.0,-1.5707964,0.0
1970-01-01 00:00:00.425878056,0.425878056,0.0,0.0,121.07585,0.0,0.0,0.0,0.0,0.0,-1.5707964,0.0
1970-01-01 00:00:00.425979056,0.425979056,0.0,0.0,0.0,0.0,0.0,108.6955,0.0,0.0,-1.5707964,0.0
1970-01-01 00:00:00.426024805,0.426024805,248.7433,0.0,0.0,0.0,0.0,0.0,0.0,0.0,-1.5707964,0.0
1970-01-01 00:00:00.426312878,0.426312878,0.0,0.0,214.63365,0.0,0.0,0.0,0.0,0.0,-1.5707964,0.0
1970-01-01 00:00:00.426414530,0.42641453,0.0,0.0,0.0,0.0,163.87006,0.0,0.0,0.0,-1.5707964,0.0
1970-01-01 00:00:00.426709728,0.426709728,328.66324,0.0,0.0,0.0,0.0,0.0,0.0,0.0,-1.5707964,0.0
1970-01-01 00:00:00.426929918,0.426929918,80.9063,0.0,0.0,0.0,0.0,0.0,0.0,0.0,-1.5707964,0.0
1970-01-01 00:00:00.427020066,0.427020066,168.50417,0.0,0.0,0.0,0.0,0.0,0.0,0.0,-1.5707964,0.0
1970-01-01 00:00:00.427087743,0.427087743,0.0,0.0,0.0,0.0,0.0,113.83222,0.0,0.0,-1.5707964,0.0
1970-01-01 00:00:00.427244320,0.42724432,0.0,0.0,0.0,0.0,544.7407,0.0,0.0,0.0,-1.5707964,0.0
1970-01-01 00:00:00.427332866,0.427332866,0.0,0.0,0.0,0.0,204.34453,0.0,0.0,0.0,-1.5707964,0.0
1970-01-01 00:00:00.427460230,0.42746023,0.0,0.0,0.0,0.0,0.0,84.4228,0.0,0.0,-1.5707964,0.0
1970-01-01 00:00:00.427471331,0.427471331,0.0,0.0,121.592094,0.0,0.0,0.0,0.0,0.0,-1.5707964,0.0
1970-01-01 00:00:00.427767163,0.427767163,667.58826,0.0,0.0,0.0,0.0,0.0,0.0,0.0,-1.5707964,0.0
1970-01-01 00:00:00.427818672,0.427818672,0.0,0.0,166.78506,0.0,0.0,0.0,0.0,0.0,-1.5707964,0.0
1970-01-01 00:00:00.427911741,0.427911741,0.0,247.37196,0.0,0.0,0.0,0.0,0.0,0.0,-1.5707964,0.0
1970-01-01 00:00:00.428160572,0.428160572,99.90833,0.0,0.0,0.0,0.0,0.0,0.0,0.0,-1.5707964,0.0
1970-01-01 00:00:00.428874548,0.428874548,107.71852,0.0,0.0,0.0,0.0,0.0,0.0,0.0,-1.5707964,0.0
1970-01-01 00:00:00.429027789,0.429027789,405.0365,0.0,0.0,0.0,0.0,0.0,0.0,0.0,-1.5707964,0.0
1970-01-01 00:00:00.429053892,0.429053892,0.0,161.8669,0.0,0.0,0.0,0.0,0.0,0.0,-1.5707964,0.0
1970-01-01 00:00:00.429295490,0.42929549,0.0,0.0,89.96777,0.0,0.0,0.0,0.0,0.0,-1.5707964,0.0
1970-01-01 00:00:00.431233866,0.431233866,0.0,1050.1404,0.0,0.0,0.0,0.0,0.0,0.0,-1.5707964,0.0
1970-01-01 00:00:00.431453518,0.431453518,0.0,106.9873,0.0,0.0,0.0,0.0,0.0,0.0,-1.5707964,0.0
1970-01-01 00:00:00.431682175,0.431682175,0.0,315.3321,0.0,0.0,0.0,0.0,0.0,0.0,-1.5707964,0.0
1970-01-01 00:00:00.432286710,0.43228671,0.0,0.0,0.0,0.0,333.1442,0.0,0.0,0.0,-1.5707964,0.0
1970-01-01 00:00:00.432324630,0.43232463,0.0,751.5948,0.0,0.0,0.0,0.0,0.0,0.0,-1.5707964,0.0
1970-01-01 00:00:00.432576644,0.432576644,505.49075,0.0,0.0,0.0,0.0,0.0,0.0,0.0,-1.5707964,0.0
1970-01-01 00:00:00.432609505,0.432609505,0.0,0.0,183.57225,0.0,0.0,0.0,0.0,0.0,-1.5707964,0.0
1970-01-01 00:00:00.432666914,0.432666914,0.0,0.0,838.58844,0.0,0.0,0.0,0.0,0.0,-1.5707964,0.0
1970-01-01 00:00:00.433076303,0.433076303,357.7037,0.0,0.0,0.0,0.0,0.0,0.0,0.0,-1.5707964,0.0
1970-01-01 00:00:00.433482398,0.433482398,0.0,181.21443,0.0,0.0,0.0,0.0,0.0,0.0,-1.5707964,0.0
1970-01-01 00:00:00.433557924,0.433557924,0.0,0.0,156.87946,0.0,0.0,0.0,0.0,0.0,-1.5707964,0.0
1970-01-01 00:00:00.434279679,0.434279679,110.41306,0.0,0.0,0.0,0.0,0.0,0.0,0.0,-1.5707964,0.0
1970-01-01 00:00:00.434521613,0.434521613,278.31805,0.0,0.0,0.0,0.0,0.0,0.0,0.0,-1.5707964,0.0
1970-01-01 00:00:00.434723576,0.434723576,0.0,0.0,0.0,0.0,377.03754,0.0,0.0,0.0,-1.5707964,0.0
1970-01-01 00:00:00.434803490,0.43480349,0.0,0.0,217.24568,0.0,0.0,0.0,0.0,0.0,-1.5707964,0.0
1970-01-01 00:00:00.434826671,0.434826671,0.0,0.0,0.0,0.0,0.0,378.1795,0.0,0.0,-1.5707964,0.0
1970-01-01 00:00:00.434984643,0.434984643,0.0,0.0,0.0,0.0,339.98495,0.0,0.0,0.0,-1.5707964,0.0
1970-01-01 00:00:00.435207678,0.435207678,406.09854,0.0,0.0,0.0,0.0,0.0,0.0,0.0,-1.5707964,0.0
1970-01-01 00:00:00.435468762,0.435468762,0.0,0.0,127.72827,0.0,0.0,0.0,0.0,0.0,-1.5707964,0.0
1970-01-01 00:00:00.435649182,0.435649182,0.0,0.0,475.32504,0.0,0.0,0.0,0.0,0.0,-1.5707964,0.0
1970-01-01 00:00:00.435653161,0.435653161,0.0,459.84738,0.0,0.0,0.0,0.0,0.0,0.0,-1.5707964,0.0
1970-01-01 00:00:00.435781037,0.435781037,0.0,0.0,209.81917,0.0,0.0,0.0,0.0,0.0,-1.5707964,0.0
1970-01-01 00:00:00.435822834,0.435822834,0.0,0.0,0.0,0.0,163.95811,0.0,0.0,0.0,-1.5707964,0.0
1970-01-01 00:00:00.435939957,0.435939957,176.85948,0.0,0.0,0.0,0.0,0.0,0.0,0.0,-1.5707964,0.0
1970-01-01 00:00:00.435953875,0.435953875,0.0,0.0,112.02463,0.0,0.0,0.0,0.0,0.0,-1.5707964,0.0
1970-01-01 00:00:00.436358479,0.436358479,0.0,0.0,0.0,166.59164,0.0,0.0,0.0,0.0,-1.5707964,0.0
1970-01-01 00:00:00.436572475,0.436572475,0.0,96.84932,0.0,0.0,0.0,0.0,0.0,0.0,-1.5707964,0.0
1970-01-01 00:00:00.436641445,0.436641445,0.0,0.0,0.0,0.0,0.0,171.2798,0.0,0.0,-1.5707964,0.0
1970-01-01 00:00:00.436758994,0.436758994,0.0,0.0,108.21539,0.0,0.0,0.0,0.0,0.0,-1.5707964,0.0
1970-01-01 00:00:00.436990736,0.436990736,0.0,0.0,130.73732,0.0,0.0,0.0,0.0,0.0,-1.5707964,0.0
1970-01-01 00:00:00.437345182,0.437345182,182.43102,0.0,0.0,0.0,0.0,0.0,0.0,0.0,-1.5707964,0.0
1970-01-01 00:00:00.437410677,0.437410677,0.0,0.0,158.663,0.0,0.0,0.0,0.0,0.0,-1.5707964,0.0
1970-01-01 00:00:00.437661061,0.437661061,0.0,0.0,266.2224,0.0,0.0,0.0,0.0,0.0,-1.5707964,0.0
1970-01-01 00:00:00.437766197,0.437766197,0.0,0.0,99.67652,0.0,0.0,0.0,0.0,0.0,-1.5707964,0.0
1970-01-01 00:00:00.437836593,0.437836593,315.43637,0.0,0.0,0.0,0.0,0.0,0.0,0.0,-1.5707964,0.0
1970-01-01 00:00:00.437946365,0.437946365,0.0,0.0,402.88733,0.0,0.0,0.0,0.0,0.0,-1.5707964,0.0
1970-01-01 00:00:00.438049532,0.438049532,143.9767,0.0,0.0,0.0,0.0,0.0,0.0,0.0,-1.5707964,0.0
1970-01-01 00:00:00.438093625,0.438093625,0.0,0.0,0.0,0.0,165.06967,0.0,0.0,0.0,-1.5707964,0.0
1970-01-01 00:00:00.438142851,0.438142851,0.0,0.0,140.6237,0.0,0.0,0.0,0.0,0.0,-1.5707964,0.0
1970-01-01 00:00:00.439222178,0.439222178,0.0,0.0,340.18655,0.0,0.0,0.0,0.0,0.0,-1.5707964,0.0
1970-01-01 00:00:00.439335542,0.439335542,0.0,222.66656,0.0,0.0,0.0,0.0,0.0,0.0,-1.5707964,0.0
1970-01-01 00:00:00.439430649,0.439430649,0.0,0.0,0.0,0.0,0.0,132.68427,0.0,0.0,-1.5707964,0.0
1970-01-01 00:00:00.439607026,0.439607026,0.0,0.0,85.83798,0.0,0.0,0.0,0.0,0.0,-1.5707964,0.0
1970-01-01 00:00:00.439710808,0.439710808,240.47346,0.0,0.0,0.0,0.0,0.0,0.0,0.0,-1.5707964,0.0
1970-01-01 00:00:00.439973868,0.439973868,0.0,0.0,104.11978,0.0,0.0,0.0,0.0,0.0,-1.5707964,0.0
1970-01-01 00:00:00.440013403,0.440013403,418.18988,0.0,0.0,0.0,0.0,0.0,0.0,0.0,-1.5707964,0.0
1970-01-01 00:00:00.440035243,0.440035243,0.0,130.7986,0.0,0.0,0.0,0.0,0.0,0.0,-1.5707964,0.0
1970-01-01 00:00:00.440654397,0.440654397,181.76042,0.0,0.0,0.0,0.0,0.0,0.0,0.0,-1.5707964,0.0
1970-01-01 00:00:00.440727869,0.440727869,0.0,646.0042,0.0,0.0,0.0,0.0,0.0,0.0,-1.5707964,0.0
1970-01-01 00:00:00.440912835,0.440912835,0.0,0.0,0.0,0.0,0.0,1105.3136,0.0,0.0,-1.5707964,0.0
1970-01-01 00:00:00.441564883,0.441564883,172.80608,0.0,0.0,0.0,0.0,0.0,0.0,0.0,-1.5707964,0.0
1970-01-01 00:00:00.441629891,0.441629891,0.0,0.0,332.97342,0.0,0.0,0.0,0.0,0.0,-1.5707964,0.0
1970-01-01 00:00:00.441696349,0.441696349,0.0,0.0,0.0,140.73157,0.0,0.0,0.0,0.0,-1.5707964,0.0
1970-01-01 00:00:00.441777433,0.441777433,0.0,287.32916,0.0,0.0,0.0,0.0,0.0,0.0,-1.5707964,0.0
1970-01-01 00:00:00.441948342,0.441948342,0.0,247.39946,0.0,0.0,0.0,0.0,0.0,0.0,-1.5707964,0.0
1970-01-01 00:00:00.442366515,0.442366515,0.0,0.0,609.01263,0.0,0.0,0.0,0.0,0.0,-1.5707964,0.0
1970-01-01 00:00:00.442482838,0.442482838,0.0,0.0,273.42737,0.0,0.0,0.0,0.0,0.0,-1.5707964,0.0
1970-01-01 00:00:00.442875595,0.442875595,0.0,0.0,0.0,0.0,280.36423,0.0,0.0,0.0,-1.5707964,0.0
1970-01-01 00:00:00.442877892,0.442877892,0.0,0.0,0.0,0.0,0.0,311.0934,0.0,0.0,-1.5707964,0.0
1970-01-01 00:00:00.442954842,0.442954842,0.0,0.0,0.0,0.0,219.97905,0.0,0.0,0.0,-1.5707964,0.0
1970-01-01 00:00:00.443085795,0.443085795,0.0,381.90494,0.0,0.0,0.0,0.0,0.0,0.0,-1.5707964,0.0
1970-01-01 00:00:00.443139614,0.443139614,0.0,0.0,0.0,0.0,0.0,356.25638,0.0,0.0,-1.5707964,0.0
1970-01-01 00:00:00.443356304,0.443356304,0.0,0.0,95.96865,0.0,0.0,0.0,0.0,0.0,-1.5707964,0.0
1970-01-01 00:00:00.443358959,0.443358959,0.0,0.0,258.08847,0.0,0.0,0.0,0.0,0.0,-1.5707964,0.0
1970-01-01 00:00:00.443547571,0.443547571,0.0,0.0,250.30576,0.0,0.0,0.0,0.0,0.0,-1.5707964,0.0
1970-01-01 00:00:00.443888170,0.44388817,0.0,673.626,0.0,0.0,0.0,0.0,0.0,0.0,-1.5707964,0.0
1970-01-01 00:00:00.444990529,0.444990529,0.0,0.0,165.71371,0.0,0.0,0.0,0.0,0.0,-1.5707964,0.0
1970-01-01 00:00:00.445098618,0.445098618,115.855125,0.0,0.0,0.0,0.0,0.0,0.0,0.0,-1.5707964,0.0
1970-01-01 00:00:00.445204909,0.445204909,0.0,105.95952,0.0,0.0,0.0,0.0,0.0,0.0,-1.5707964,0.0
1970-01-01 00:00:00.445205965,0.445205965,0.0,0.0,115.65412,0.0,0.0,0.0,0.0,0.0,-1.5707964,0.0
1970-01-01 00:00:00.445743580,0.44574358,0.0,0.0,0.0,0.0,0.0,98.646126,0.0,0.0,-1.5707964,0.0
1970-01-01 00:00:00.446014611,0.446014611,0.0,0.0,0.0,0.0,0.0,136.23259,0.0,0.0,-1.5707964,0.0
1970-01-01 00:00:00.446328684,0.446328684,88.52594,0.0,0.0,0.0,0.0,0.0,0.0,0.0,-1.5707964,0.0
1970-01-01 00:00:00.446349257,0.446349257,0.0,0.0,231.09816,0.0,0.0,0.0,0.0,0.0,-1.5707964,0.0
1970-01-01 00:00:00.446688117,0.446688117,211.18414,0.0,0.0,0.0,0.0,0.0,0.0,0.0,-1.5707964,0.0
1970-01-01 00:00:00.446696172,0.446696172,0.0,109.677475,0.0,0.0,0.0,0.0,0.0,0.0,-1.5707964,0.0
1970-01-01 00:00:00.446718832,0.446718832,0.0,0.0,111.865234,0.0,0.0,0.0,0.0,0.0,-1.5707964,0.0
