datetime,timestamp[s],bgo_z1[keV],bgo_z0[keV],bgo_x1[keV],bgo_x0[keV],bgo_y1[keV],bgo_y0[keV],latX,lonX,latZ,lonZ
1970-01-01 00:00:00.004284499,0.004284499,0.0,0.0,0.0,0.0,0.0,804.2437,0.0,0.0,-1.5707964,0.0
1970-01-01 00:00:00.004922643,0.004922643,0.0,0.0,0.0,0.0,329.31332,0.0,0.0,0.0,-1.5707964,0.0
1970-01-01 00:00:00.005527823,0.005527823,0.0,0.0,0.0,0.0,0.0,102.73985,0.0,0.0,-1.5707964,0.0
1970-01-01 00:00:00.005615920,0.00561592,0.0,0.0,0.0,93.576416,0.0,0.0,0.0,0.0,-1.5707964,0.0
1970-01-01 00:00:00.006017301,0.006017301,0.0,0.0,327.64606,0.0,0.0,0.0,0.0,0.0,-1.5707964,0.0
1970-01-01 00:00:00.006252026,0.006252026,0.0,0.0,0.0,0.0,0.0,171.64545,0.0,0.0,-1.5707964,0.0
1970-01-01 00:00:00.006635931,0.006635931,0.0,0.0,0.0,410.44446,0.0,0.0,0.0,0.0,-1.5707964,0.0
1970-01-01 00:00:00.006635931,0.006635931,0.0,0.0,0.0,0.0,0.0,1733.6467,0.0,0.0,-1.5707964,0.0
1970-01-01 00:00:00.007124088,0.007124088,411.43356,0.0,0.0,0.0,0.0,0.0,0.0,0.0,-1.5707964,0.0
1970-01-01 00:00:00.007186472,0.007186472,0.0,0.0,0.0,2644.3691,0.0,0.0,0.0,0.0,-1.5707964,0.0
1970-01-01 00:00:00.007186472,0.007186472,0.0,0.0,0.0,393.54187,0.0,0.0,0.0,0.0,-1.5707964,0.0
1970-01-01 00:00:00.007230713,0.007230713,0.0,0.0,0.0,0.0,0.0,301.32013,0.0,0.0,-1.5707964,0.0
1970-01-01 00:00:00.007280330,0.00728033,0.0,0.0,0.0,639.9788,0.0,0.0,0.0,0.0,-1.5707964,0.0
1970-01-01 00:00:00.007563550,0.00756355,574.235,0.0,0.0,0.0,0.0,0.0,0.0,0.0,-1.5707964,0.0
1970-01-01 00:00:00.007658436,0.007658436,0.0,0.0,0.0,0.0,0.0,100.19306,0.0,0.0,-1.5707964,0.0
1970-01-01 00:00:00.008457238,0.008457238,0.0,0.0,0.0,299.37943,0.0,0.0,0.0,0.0,-1.5707964,0.0
1970-01-01 00:00:00.009014933,0.009014933,0.0,0.0,0.0,0.0,0.0,256.1212,0.0,0.0,-1.5707964,0.0
1970-01-01 00:00:00.009183960,0.00918396,0.0,0.0,0.0,0.0,356.76404,0.0,0.0,0.0,-1.5707964,0.0
1970-01-01 00:00:00.009408909,0.009408909,0.0,0.0,0.0,0.0,0.0,420.02295,0.0,0.0,-1.5707964,0.0
1970-01-01 00:00:00.010175947,0.010175947,0.0,0.0,0.0,0.0,0.0,510.3475,0.0,0.0,-1.5707964,0.0
1970-01-01 00:00:00.010433030,0.01043303,0.0,306.94022,0.0,0.0,0.0,0.0,0.0,0.0,-1.5707964,0.0
1970-01-01 00:00:00.010434727,0.010434727,0.0,0.0,332.70715,0.0,0.0,0.0,0.0,0.0,-1.5707964,0.0
1970-01-01 00:00:00.010928678,0.010928678,0.0,0.0,0.0,306.13687,0.0,0.0,0.0,0.0,-1.5707964,0.0
1970-01-01 00:00:00.011470345,0.011470345,0.0,0.0,0.0,0.0,0.0,171.1069,0.0,0.0,-1.5707964,0.0
1970-01-01 00:00:00.011484089,0.011484089,0.0,0.0,0.0,0.0,868.9863,0.0,0.0,0.0,-1.5707964,0.0
1970-01-01 00:00:00.011736402,0.011736402,0.0,0.0,0.0,0.0,0.0,469.4288,0.0,0.0,-1.5707964,0.0
1970-01-01 00:00:00.011972239,0.011972239,0.0,0.0,0.0,0.0,0.0,263.94226,0.0,0.0,-1.5707964,0.0
1970-01-01 00:00:00.012279868,0.012279868,0.0,0.0,0.0,286.92816,0.0,0.0,0.0,0.0,-1.5707964,0.0
1970-01-01 00:00:00.012912129,0.012912129,0.0,0.0,200.04489,0.0,0.0,0.0,0.0,0.0,-1.5707964,0.0
1970-01-01 00:00:00.018183201,0.018183201,0.0,0.0,0.0,1338.8556,0.0,0.0,0.0,0.0,-1.5707964,0.0
1970-01-01 00:00:00.019581200,0.0195812,0.0,0.0,0.0,0.0,0.0,1390.3922,0.0,0.0,-1.5707964,0.0
1970-01-01 00:00:00.019789238,0.019789238,0.0,0.0,0.0,187.25464,0.0,0.0,0.0,0.0,-1.5707964,0.0
1970-01-01 00:00:00.021245703,0.021245703,0.0,0.0,0.0,0.0,166.46355,0.0,0.0,0.0,-1.5707964,0.0
1970-01-01 00:00:00.021275053,0.021275053,0.0,0.0,0.0,664.34796,0.0,0.0,0.0,0.0,-1.5707964,0.0
1970-01-01 00:00:00.021689335,0.021689335,0.0,0.0,0.0,100.11123,0.0,0.0,0.0,0.0,-1.5707964,0.0
1970-01-01 00:00:00.021861063,0.021861063,0.0,466.88333,0.0,0.0,0.0,0.0,0.0,0.0,-1.5707964,0.0
1970-01-01 00:00:00.021861063,0.021861063,0.0,1511.1176,0.0,0.0,0.0,0.0,0.0,0.0,-1.5707964,0.0
1970-01-01 00:00:00.022240190,0.02224019,0.0,0.0,0.0,0.0,0.0,500.504,0.0,0.0,-1.5707964,0.0
1970-01-01 00:00:00.022255369,0.022255369,0.0,0.0,0.0,657.7611,0.0,0.0,0.0,0.0,-1.5707964,0.0
1970-01-01 00:00:00.022434573,0.022434573,0.0,0.0,0.0,0.0,1000.81464,0.0,0.0,0.0,-1.5707964,0.0
1970-01-01 00:00:00.022482420,0.02248242,0.0,0.0,0.0,0.0,1407.3943,0.0,0.0,0.0,-1.5707964,0.0
1970-01-01 00:00:00.023025290,0.02302529,0.0,0.0,0.0,0.0,0.0,90.791306,0.0,0.0,-1.5707964,0.0
1970-01-01 00:00:00.023031714,0.023031714,0.0,0.0,0.0,363.812,0.0,0.0,0.0,0.0,-1.5707964,0.0
1970-01-01 00:00:00.023234530,0.02323453,0.0,114.49755,0.0,0.0,0.0,0.0,0.0,0.0,-1.5707964,0.0
1970-01-01 00:00:00.023424311,0.023424311,235.95113,0.0,0.0,0.0,0.0,0.0,0.0,0.0,-1.5707964,0.0
1970-01-01 00:00:00.023686405,0.023686405,0.0,0.0,0.0,0.0,160.71516,0.0,0.0,0.0,-1.5707964,0.0
1970-01-01 00:00:00.023907267,0.023907267,0.0,0.0,224.62248,0.0,0.0,0.0,0.0,0.0,-1.5707964,0.0
1970-01-01 00:00:00.024095698,0.024095698,0.0,0.0,0.0,0.0,0.0,162.47343,0.0,0.0,-1.5707964,0.0
1970-01-01 00:00:00.024578737,0.024578737,0.0,0.0,1369.389,0.0,0.0,0.0,0.0,0.0,-1.5707964,0.0
1970-01-01 00:00:00.025183870,0.02518387,0.0,0.0,0.0,0.0,0.0,201.99808,0.0,0.0,-1.5707964,0.0
1970-01-01 00:00:00.030061142,0.030061142,0.0,0.0,0.0,0.0,0.0,537.92865,0.0,0.0,-1.5707964,0.0
1970-01-01 00:00:00.030814932,0.030814932,0.0,0.0,0.0,431.9057,0.0,0.0,0.0,0.0,-1.5707964,0.0
1970-01-01 00:00:00.031371361,0.031371361,0.0,0.0,0.0,0.0,0.0,184.25768,0.0,0.0,-1.5707964,0.0
1970-01-01 00:00:00.031474391,0.031474392,0.0,0.0,0.0,0.0,0.0,254.85632,0.0,0.0,-1.5707964,0.0
1970-01-01 00:00:00.033584725,0.033584725,0.0,0.0,0.0,101.57201,0.0,0.0,0.0,0.0,-1.5707964,0.0
1970-01-01 00:00:00.034159861,0.034159861,0.0,0.0,0.0,0.0,0.0,81.36087,0.0,0.0,-1.5707964,0.0
1970-01-01 00:00:00.034273902,0.034273902,84.32305,0.0,0.0,0.0,0.0,0.0,0.0,0.0,-1.5707964,0.0
1970-01-01 00:00:00.034273902,0.034273902,0.0,0.0,0.0,0.0,0.0,1126.1687,0.0,0.0,-1.5707964,0.0
1970-01-01 00:00:00.035308170,0.03530817,0.0,0.0,0.0,0.0,0.0,153.85759,0.0,0.0,-1.5707964,0.0
1970-01-01 00:00:00.035793434,0.035793434,0.0,0.0,0.0,0.0,0.0,1131.775,0.0,0.0,-1.5707964,0.0
1970-01-01 00:00:00.038023057,0.038023057,0.0,0.0,0.0,115.127426,0.0,0.0,0.0,0.0,-1.5707964,0.0
1970-01-01 00:00:00.039034256,0.039034256,0.0,0.0,0.0,0.0,0.0,212.00157,0.0,0.0,-1.5707964,0.0
1970-01-01 00:00:00.039241931,0.039241931,0.0,0.0,0.0,0.0,0.0,236.72833,0.0,0.0,-1.5707964,0.0
1970-01-01 00:00:00.039434911,0.039434911,0.0,0.0,0.0,0.0,0.0,323.3512,0.0,0.0,-1.5707964,0.0
1970-01-01 00:00:00.039798277,0.039798277,0.0,0.0,0.0,0.0,329.59897,0.0,0.0,0.0,-1.5707964,0.0
1970-01-01 00:00:00.040465634,0.040465634,0.0,0.0,81.1474,0.0,0.0,0.0,0.0,0.0,-1.5707964,0.0
1970-01-01 00:00:00.040482912,0.040482912,0.0,0.0,0.0,149.14449,0.0,0.0,0.0,0.0,-1.5707964,0.0
1970-01-01 00:00:00.040576220,0.04057622,0.0,0.0,0.0,0.0,0.0,358.28973,0.0,0.0,-1.5707964,0.0
1970-01-01 00:00:00.041951450,0.04195145,0.0,0.0,0.0,869.2913,0.0,0.0,0.0,0.0,-1.5707964,0.0
1970-01-01 00:00:00.042242738,0.042242738,0.0,0.0,0.0,0.0,0.0,867.06244,0.0,0.0,-1.5707964,0.0
1970-01-01 00:00:00.042251151,0.042251151,0.0,0.0,0.0,0.0,0.0,508.142,0.0,0.0,-1.5707964,0.0
1970-01-01 00:00:00.042528276,0.042528276,0.0,0.0,0.0,525.2603,0.0,0.0,0.0,0.0,-1.5707964,0.0
1970-01-01 00:00:00.042707364,0.042707364,0.0,0.0,0.0,102.95019,0.0,0.0,0.0,0.0,-1.5707964,0.0
1970-01-01 00:00:00.042980289,0.042980289,0.0,0.0,0.0,0.0,0.0,1075.845,0.0,0.0,-1.5707964,0.0
1970-01-01 00:00:00.043102378,0.043102378,0.0,0.0,0.0,155.5894,0.0,0.0,0.0,0.0,-1.5707964,0.0
1970-01-01 00:00:00.043363136,0.043363136,0.0,0.0,0.0,0.0,247.80405,0.0,0.0,0.0,-1.5707964,0.0
1970-01-01 00:00:00.043538973,0.043538973,0.0,0.0,332.93185,0.0,0.0,0.0,0.0,0.0,-1.5707964,0.0
1970-01-01 00:00:00.043591616,0.043591616,0.0,0.0,0.0,0.0,0.0,177.95503,0.0,0.0,-1.5707964,0.0
1970-01-01 00:00:00.043608998,0.043608998,0.0,0.0,0.0,0.0,156.83133,0.0,0.0,0.0,-1.5707964,0.0
1970-01-01 00:00:00.043642950,0.04364295,0.0,0.0,0.0,0.0,0.0,170.66884,0.0,0.0,-1.5707964,0.0
1970-01-01 00:00:00.044126710,0.04412671,0.0,0.0,527.6723,0.0,0.0,0.0,0.0,0.0,-1.5707964,0.0
1970-01-01 00:00:00.044386722,0.044386722,0.0,0.0,752.611,0.0,0.0,0.0,0.0,0.0,-1.5707964,0.0
1970-01-01 00:00:00.044525620,0.04452562,0.0,0.0,0.0,184.86084,0.0,0.0,0.0,0.0,-1.5707964,0.0
1970-01-01 00:00:00.044535450,0.04453545,0.0,0.0,0.0,0.0,296.91827,0.0,0.0,0.0,-1.5707964,0.0
1970-01-01 00:00:00.044811525,0.044811525,0.0,0.0,0.0,0.0,0.0,672.8899,0.0,0.0,-1.5707964,0.0
1970-01-01 00:00:00.045488473,0.045488473,0.0,0.0,0.0,343.25647,0.0,0.0,0.0,0.0,-1.5707964,0.0
1970-01-01 00:00:00.045488986,0.045488986,0.0,0.0,0.0,2468.483,0.0,0.0,0.0,0.0,-1.5707964,0.0
1970-01-01 00:00:00.045543281,0.045543281,0.0,0.0,0.0,160.73315,0.0,0.0,0.0,0.0,-1.5707964,0.0
1970-01-01 00:00:00.045596675,0.045596675,0.0,0.0,0.0,0.0,0.0,686.2473,0.0,0.0,-1.5707964,0.0
1970-01-01 00:00:00.045702583,0.045702583,87.650764,0.0,0.0,0.0,0.0,0.0,0.0,0.0,-1.5707964,0.0
1970-01-01 00:00:00.045708208,0.045708208,0.0,0.0,0.0,0.0,0.0,217.35596,0.0,0.0,-1.5707964,0.0
1970-01-01 00:00:00.045756345,0.045756345,0.0,278.2548,0.0,0.0,0.0,0.0,0.0,0.0,-1.5707964,0.0
1970-01-01 00:00:00.045849976,0.045849976,0.0,0.0,0.0,0.0,847.41956,0.0,0.0,0.0,-1.5707964,0.0
1970-01-01 00:00:00.045966376,0.045966376,0.0,0.0,0.0,0.0,0.0,223.33199,0.0,0.0,-1.5707964,0.0
1970-01-01 00:00:00.046022812,0.046022812,0.0,109.20714,0.0,0.0,0.0,0.0,0.0,0.0,-1.5707964,0.0
1970-01-01 00:00:00.046034729,0.046034729,0.0,0.0,0.0,437.90598,0.0,0.0,0.0,0.0,-1.5707964,0.0
1970-01-01 00:00:00.046113185,0.046113185,0.0,0.0,0.0,0.0,0.0,1414.0632,0.0,0.0,-1.5707964,0.0
1970-01-01 00:00:00.046138185,0.046138185,0.0,0.0,0.0,0.0,0.0,713.13824,0.0,0.0,-1.5707964,0.0
1970-01-01 00:00:00.046371129,0.046371129,0.0,0.0,0.0,0.0,509.61353,0.0,0.0,0.0,-1.5707964,0.0
1970-01-01 00:00:00.046423785,0.046423785,0.0,0.0,0.0,0.0,0.0,174.91508,0.0,0.0,-1.5707964,0.0
1970-01-01 00:00:00.046502911,0.046502911,0.0,0.0,1066.083,0.0,0.0,0.0,0.0,0.0,-1.5707964,0.0
1970-01-01 00:00:00.046504803,0.046504803,0.0,0.0,0.0,0.0,0.0,873.8371,0.0,0.0,-1.5707964,0.0
1970-01-01 00:00:00.046518293,0.046518293,0.0,0.0,0.0,0.0,0.0,276.25552,0.0,0.0,-1.5707964,0.0
1970-01-01 00:00:00.046596359,0.046596359,0.0,0.0,0.0,0.0,0.0,273.9011,0.0,0.0,-1.5707964,0.0
1970-01-01 00:00:00.046622940,0.04662294,0.0,0.0,0.0,0.0,0.0,275.4177,0.0,0.0,-1.5707964,0.0
1970-01-01 00:00:00.046629413,0.046629413,0.0,0.0,0.0,1222.8446,0.0,0.0,0.0,0.0,-1.5707964,0.0
1970-01-01 00:00:00.046724553,0.046724553,0.0,0.0,0.0,0.0,0.0,1541.959,0.0,0.0,-1.5707964,0.0
1970-01-01 00:00:00.046988731,0.046988731,0.0,0.0,0.0,0.0,0.0,418.3565,0.0,0.0,-1.5707964,0.0
1970-01-01 00:00:00.047077518,0.047077518,0.0,0.0,1035.3359,0.0,0.0,0.0,0.0,0.0,-1.5707964,0.0
1970-01-01 00:00:00.047078381,0.047078381,0.0,0.0,0.0,0.0,0.0,398.1192,0.0,0.0,-1.5707964,0.0
1970-01-01 00:00:00.047090173,0.047090173,0.0,0.0,0.0,139.4939,0.0,0.0,0.0,0.0,-1.5707964,0.0
1970-01-01 00:00:00.047192315,0.047192315,0.0,0.0,407.73404,0.0,0.0,0.0,0.0,0.0,-1.5707964,0.0
1970-01-01 00:00:00.047265395,0.047265395,0.0,113.76903,0.0,0.0,0.0,0.0,0.0,0.0,-1.5707964,0.0
1970-01-01 00:00:00.047337563,0.047337563,0.0,0.0,0.0,0.0,0.0,325.77853,0.0,0.0,-1.5707964,0.0
1970-01-01 00:00:00.047392017,0.047392017,0.0,0.0,0.0,0.0,0.0,100.28997,0.0,0.0,-1.5707964,0.0
1970-01-01 00:00:00.047664148,0.047664148,0.0,0.0,0.0,0.0,0.0,115.98761,0.0,0.0,-1.5707964,0.0
1970-01-01 00:00:00.047744647,0.047744647,0.0,0.0,0.0,0.0,2874.819,0.0,0.0,0.0,-1.5707964,0.0
1970-01-01 00:00:00.047757853,0.047757853,0.0,0.0,0.0,0.0,231.03836,0.0,0.0,0.0,-1.5707964,0.0
1970-01-01 00:00:00.047793874,0.047793874,0.0,0.0,0.0,0.0,0.0,1085.7423,0.0,0.0,-1.5707964,0.0
1970-01-01 00:00:00.048012113,0.048012113,0.0,0.0,0.0,0.0,0.0,133.5778,0.0,0.0,-1.5707964,0.0
1970-01-01 00:00:00.048026545,0.048026545,0.0,0.0,0.0,0.0,1416.6489,0.0,0.0,0.0,-1.5707964,0.0
1970-01-01 00:00:00.048048874,0.048048874,0.0,0.0,563.97675,0.0,0.0,0.0,0.0,0.0,-1.5707964,0.0
1970-01-01 00:00:00.048127387,0.048127387,0.0,0.0,0.0,412.9937,0.0,0.0,0.0,0.0,-1.5707964,0.0
1970-01-01 00:00:00.048391636,0.048391636,0.0,0.0,0.0,0.0,0.0,183.91696,0.0,0.0,-1.5707964,0.0
1970-01-01 00:00:00.048500488,0.048500488,0.0,0.0,2582.9363,0.0,0.0,0.0,0.0,0.0,-1.5707964,0.0
1970-01-01 00:00:00.048685986,0.048685986,0.0,0.0,0.0,0.0,0.0,193.15952,0.0,0.0,-1.5707964,0.0
1970-01-01 00:00:00.048733323,0.048733323,0.0,0.0,0.0,0.0,542.0421,0.0,0.0,0.0,-1.5707964,0.0
1970-01-01 00:00:00.048760487,0.048760487,0.0,0.0,0.0,0.0,0.0,107.06755,0.0,0.0,-1.5707964,0.0
1970-01-01 00:00:00.048929621,0.048929621,0.0,0.0,0.0,0.0,0.0,661.3075,0.0,0.0,-1.5707964,0.0
1970-01-01 00:00:00.049113047,0.049113047,0.0,0.0,0.0,704.8502,0.0,0.0,0.0,0.0,-1.5707964,0.0
1970-01-01 00:00:00.049144950,0.04914495,0.0,0.0,0.0,0.0,0.0,856.27057,0.0,0.0,-1.5707964,0.0
1970-01-01 00:00:00.049184143,0.049184143,0.0,546.1104,0.0,0.0,0.0,0.0,0.0,0.0,-1.5707964,0.0
1970-01-01 00:00:00.049235535,0.049235535,0.0,0.0,105.49456,0.0,0.0,0.0,0.0,0.0,-1.5707964,0.0
1970-01-01 00:00:00.049258686,0.049258686,0.0,0.0,0.0,1002.956,0.0,0.0,0.0,0.0,-1.5707964,0.0
1970-01-01 00:00:00.049297746,0.049297746,0.0,0.0,0.0,92.01715,0.0,0.0,0.0,0.0,-1.5707964,0.0
1970-01-01 00:00:00.049359570,0.04935957,0.0,0.0,0.0,0.0,213.14445,0.0,0.0,0.0,-1.5707964,0.0
1970-01-01 00:00:00.049364034,0.049364034,0.0,0.0,0.0,95.019936,0.0,0.0,0.0,0.0,-1.5707964,0.0
1970-01-01 00:00:00.049465209,0.049465209,0.0,0.0,0.0,0.0,0.0,999.847,0.0,0.0,-1.5707964,0.0
1970-01-01 00:00:00.049474739,0.049474739,0.0,131.34253,0.0,0.0,0.0,0.0,0.0,0.0,-1.5707964,0.0
1970-01-01 00:00:00.049501210,0.04950121,0.0,0.0,0.0,0.0,0.0,1648.8547,0.0,0.0,-1.5707964,0.0
1970-01-01 00:00:00.049539997,0.049539997,0.0,0.0,0.0,0.0,182.99321,0.0,0.0,0.0,-1.5707964,0.0
1970-01-01 00:00:00.049559643,0.049559643,0.0,0.0,0.0,667.9109,0.0,0.0,0.0,0.0,-1.5707964,0.0
1970-01-01 00:00:00.049572863,0.049572863,0.0,0.0,0.0,2707.297,0.0,0.0,0.0,0.0,-1.5707964,0.0
1970-01-01 00:00:00.049627722,0.049627722,0.0,0.0,0.0,0.0,0.0,963.14215,0.0,0.0,-1.5707964,0.0
1970-01-01 00:00:00.049867096,0.049867096,0.0,0.0,0.0,0.0,0.0,502.4297,0.0,0.0,-1.5707964,0.0
1970-01-01 00:00:00.049918287,0.049918287,1729.8241,0.0,0.0,0.0,0.0,0.0,0.0,0.0,-1.5707964,0.0
1970-01-01 00:00:00.049984810,0.04998481,0.0,0.0,0.0,497.6452,0.0,0.0,0.0,0.0,-1.5707964,0.0
1970-01-01 00:00:00.050045711,0.050045711,0.0,0.0,0.0,1471.688,0.0,0.0,0.0,0.0,-1.5707964,0.0
1970-01-01 00:00:00.050145251,0.050145251,0.0,0.0,0.0,144.91031,0.0,0.0,0.0,0.0,-1.5707964,0.0
1970-01-01 00:00:00.050281036,0.050281036,0.0,0.0,0.0,0.0,0.0,1266.652,0.0,0.0,-1.5707964,0.0
1970-01-01 00:00:00.050315824,0.050315824,0.0,0.0,0.0,0.0,0.0,387.2778,0.0,0.0,-1.5707964,0.0
1970-01-01 00:00:00.050321003,0.050321003,0.0,0.0,0.0,134.75444,0.0,0.0,0.0,0.0,-1.5707964,0.0
1970-01-01 00:00:00.050520204,0.050520204,138.57434,0.0,0.0,0.0,0.0,0.0,0.0,0.0,-1.5707964,0.0
1970-01-01 00:00:00.050543718,0.050543718,0.0,0.0,0.0,0.0,0.0,198.22363,0.0,0.0,-1.5707964,0.0
1970-01-01 00:00:00.050580788,0.050580788,0.0,0.0,0.0,0.0,0.0,141.92088,0.0,0.0,-1.5707964,0.0
1970-01-01 00:00:00.050622511,0.050622511,0.0,0.0,0.0,0.0,0.0,146.92871,0.0,0.0,-1.5707964,0.0
1970-01-01 00:00:00.050787676,0.050787676,0.0,0.0,0.0,0.0,0.0,148.76485,0.0,0.0,-1.5707964,0.0
1970-01-01 00:00:00.050826720,0.05082672,0.0,0.0,0.0,0.0,0.0,218.73857,0.0,0.0,-1.5707964,0.0
1970-01-01 00:00:00.050889993,0.050889993,0.0,0.0,0.0,0.0,1823.7094,0.0,0.0,0.0,-1.5707964,0.0
1970-01-01 00:00:00.050889993,0.050889993,0.0,0.0,0.0,1402.2631,0.0,0.0,0.0,0.0,-1.5707964,0.0
1970-01-01 00:00:00.050930730,0.05093073,0.0,0.0,0.0,0.0,0.0,254.63112,0.0,0.0,-1.5707964,0.0
1970-01-01 00:00:00.051015131,0.051015131,0.0,0.0,0.0,280.67227,0.0,0.0,0.0,0.0,-1.5707964,0.0
1970-01-01 00:00:00.051018345,0.051018345,0.0,0.0,243.1687,0.0,0.0,0.0,0.0,0.0,-1.5707964,0.0
1970-01-01 00:00:00.051216693,0.051216693,0.0,476.046,0.0,0.0,0.0,0.0,0.0,0.0,-1.5707964,0.0
1970-01-01 00:00:00.051274335,0.051274335,165.63248,0.0,0.0,0.0,0.0,0.0,0.0,0.0,-1.5707964,0.0
1970-01-01 00:00:00.051306281,0.051306281,0.0,0.0,0.0,0.0,0.0,501.0266,0.0,0.0,-1.5707964,0.0
1970-01-01 00:00:00.051644073,0.051644073,0.0,0.0,0.0,0.0,0.0,332.69867,0.0,0.0,-1.5707964,0.0
1970-01-01 00:00:00.051735462,0.051735462,0.0,0.0,0.0,182.73859,0.0,0.0,0.0,0.0,-1.5707964,0.0
1970-01-01 00:00:00.051746381,0.051746381,0.0,0.0,0.0,0.0,0.0,173.21455,0.0,0.0,-1.5707964,0.0
1970-01-01 00:00:00.051826515,0.051826515,0.0,0.0,0.0,1551.7272,0.0,0.0,0.0,0.0,-1.5707964,0.0
1970-01-01 00:00:00.051832799,0.051832799,0.0,0.0,0.0,282.9139,0.0,0.0,0.0,0.0,-1.5707964,0.0
1970-01-01 00:00:00.052108545,0.052108545,0.0,0.0,0.0,187.42885,0.0,0.0,0.0,0.0,-1.5707964,0.0
1970-01-01 00:00:00.052120677,0.052120677,0.0,0.0,0.0,0.0,0.0,215.59607,0.0,0.0,-1.5707964,0.0
1970-01-01 00:00:00.052163524,0.052163524,0.0,0.0,0.0,134.37245,0.0,0.0,0.0,0.0,-1.5707964,0.0
1970-01-01 00:00:00.052243572,0.052243572,0.0,0.0,0.0,0.0,0.0,236.37366,0.0,0.0,-1.5707964,0.0
1970-01-01 00:00:00.052405358,0.052405358,0.0,0.0,0.0,0.0,0.0,789.68774,0.0,0.0,-1.5707964,0.0
1970-01-01 00:00:00.052405520,0.05240552,0.0,0.0,0.0,0.0,175.46849,0.0,0.0,0.0,-1.5707964,0.0
1970-01-01 00:00:00.052463944,0.052463944,0.0,116.63453,0.0,0.0,0.0,0.0,0.0,0.0,-1.5707964,0.0
1970-01-01 00:00:00.052524088,0.052524088,0.0,0.0,0.0,0.0,220.87875,0.0,0.0,0.0,-1.5707964,0.0
1970-01-01 00:00:00.052543783,0.052543783,0.0,253.68398,0.0,0.0,0.0,0.0,0.0,0.0,-1.5707964,0.0
1970-01-01 00:00:00.052573919,0.052573919,0.0,0.0,0.0,880.5752,0.0,0.0,0.0,0.0,-1.5707964,0.0
1970-01-01 00:00:00.052590675,0.052590675,0.0,0.0,0.0,0.0,0.0,443.66904,0.0,0.0,-1.5707964,0.0
1970-01-01 00:00:00.052630068,0.052630068,1754.3997,0.0,0.0,0.0,0.0,0.0,0.0,0.0,-1.5707964,0.0
1970-01-01 00:00:00.052708079,0.052708079,0.0,0.0,0.0,0.0,0.0,4193.0015,0.0,0.0,-1.5707964,0.0
1970-01-01 00:00:00.052786415,0.052786415,0.0,0.0,0.0,0.0,0.0,1698.648,0.0,0.0,-1.5707964,0.0
1970-01-01 00:00:00.052807756,0.052807756,0.0,0.0,0.0,0.0,325.16013,0.0,0.0,0.0,-1.5707964,0.0
1970-01-01 00:00:00.052999299,0.052999299,0.0,1730.7988,0.0,0.0,0.0,0.0,0.0,0.0,-1.5707964,0.0
1970-01-01 00:00:00.053052259,0.053052259,0.0,0.0,0.0,0.0,0.0,400.0349,0.0,0.0,-1.5707964,0.0
1970-01-01 00:00:00.053067639,0.053067639,0.0,0.0,0.0,0.0,0.0,172.0583,0.0,0.0,-1.5707964,0.0
1970-01-01 00:00:00.053772822,0.053772822,0.0,0.0,0.0,0.0,353.9286,0.0,0.0,0.0,-1.5707964,0.0
1970-01-01 00:00:00.053819929,0.053819929,0.0,0.0,0.0,139.37892,0.0,0.0,0.0,0.0,-1.5707964,0.0
1970-01-01 00:00:00.053836687,0.053836687,0.0,0.0,0.0,188.63556,0.0,0.0,0.0,0.0,-1.5707964,0.0
1970-01-01 00:00:00.053890020,0.05389002,0.0,0.0,0.0,0.0,0.0,99.08976,0.0,0.0,-1.5707964,0.0
1970-01-01 00:00:00.053985642,0.053985642,0.0,0.0,0.0,0.0,0.0,1627.9388,0.0,0.0,-1.5707964,0.0
1970-01-01 00:00:00.054245015,0.054245015,0.0,0.0,0.0,1119.3275,0.0,0.0,0.0,0.0,-1.5707964,0.0
1970-01-01 00:00:00.054423214,0.054423214,0.0,0.0,0.0,0.0,322.26172,0.0,0.0,0.0,-1.5707964,0.0
1970-01-01 00:00:00.054428828,0.054428828,646.5752,0.0,0.0,0.0,0.0,0.0,0.0,0.0,-1.5707964,0.0
1970-01-01 00:00:00.054450853,0.054450853,0.0,0.0,0.0,0.0,0.0,384.59943,0.0,0.0,-1.5707964,0.0
1970-01-01 00:00:00.054468982,0.054468982,0.0,0.0,0.0,0.0,0.0,2122.418,0.0,0.0,-1.5707964,0.0
1970-01-01 00:00:00.054496777,0.054496777,0.0,0.0,0.0,0.0,417.79196,0.0,0.0,0.0,-1.5707964,0.0
1970-01-01 00:00:00.054776473,0.054776473,0.0,0.0,0.0,0.0,0.0,434.39822,0.0,0.0,-1.5707964,0.0
1970-01-01 00:00:00.054903037,0.054903037,496.28482,0.0,0.0,0.0,0.0,0.0,0.0,0.0,-1.5707964,0.0
1970-01-01 00:00:00.054928943,0.054928943,0.0,0.0,0.0,0.0,278.2916,0.0,0.0,0.0,-1.5707964,0.0
1970-01-01 00:00:00.055045828,0.055045828,0.0,0.0,0.0,239.14325,0.0,0.0,0.0,0.0,-1.5707964,0.0
1970-01-01 00:00:00.055083460,0.05508346,0.0,0.0,0.0,181.12291,0.0,0.0,0.0,0.0,-1.5707964,0.0
1970-01-01 00:00:00.055222114,0.055222114,0.0,0.0,0.0,102.564384,0.0,0.0,0.0,0.0,-1.5707964,0.0
1970-01-01 00:00:00.055282961,0.055282961,0.0,336.45816,0.0,0.0,0.0,0.0,0.0,0.0,-1.5707964,0.0
1970-01-01 00:00:00.055296089,0.055296089,239.19482,0.0,0.0,0.0,0.0,0.0,0.0,0.0,-1.5707964,0.0
1970-01-01 00:00:00.055324717,0.055324717,0.0,0.0,0.0,152.10443,0.0,0.0,0.0,0.0,-1.5707964,0.0
1970-01-01 00:00:00.055560475,0.055560475,0.0,0.0,0.0,114.894165,0.0,0.0,0.0,0.0,-1.5707964,0.0
1970-01-01 00:00:00.055575812,0.055575812,0.0,0.0,0.0,0.0,1106.7236,0.0,0.0,0.0,-1.5707964,0.0
1970-01-01 00:00:00.055607165,0.055607165,0.0,0.0,0.0,0.0,353.69614,0.0,0.0,0.0,-1.5707964,0.0
1970-01-01 00:00:00.055858695,0.055858695,0.0,421.72827,0.0,0.0,0.0,0.0,0.0,0.0,-1.5707964,0.0
1970-01-01 00:00:00.055882952,0.055882952,0.0,0.0,0.0,0.0,0.0,2839.7737,0.0,0.0,-1.5707964,0.0
1970-01-01 00:00:00.056088006,0.056088006,0.0,0.0,0.0,0.0,0.0,135.71834,0.0,0.0,-1.5707964,0.0
1970-01-01 00:00:00.056239555,0.056239555,0.0,0.0,0.0,0.0,0.0,309.19217,0.0,0.0,-1.5707964,0.0
1970-01-01 00:00:00.056361018,0.056361018,0.0,0.0,0.0,0.0,0.0,244.33331,0.0,0.0,-1.5707964,0.0
1970-01-01 00:00:00.056568027,0.056568027,0.0,0.0,0.0,101.91133,0.0,0.0,0.0,0.0,-1.5707964,0.0
1970-01-01 00:00:00.056598716,0.056598716,0.0,0.0,0.0,1714.6549,0.0,0.0,0.0,0.0,-1.5707964,0.0
1970-01-01 00:00:00.056718673,0.056718673,433.77396,0.0,0.0,0.0,0.0,0.0,0.0,0.0,-1.5707964,0.0
1970-01-01 00:00:00.056733443,0.056733443,0.0,0.0,0.0,750.6658,0.0,0.0,0.0,0.0,-1.5707964,0.0
1970-01-01 00:00:00.056831646,0.056831646,0.0,0.0,0.0,0.0,0.0,491.11023,0.0,0.0,-1.5707964,0.0
1970-01-01 00:00:00.056856584,0.056856584,0.0,0.0,0.0,0.0,248.6759,0.0,0.0,0.0,-1.5707964,0.0
1970-01-01 00:00:00.056901351,0.056901351,0.0,0.0,0.0,0.0,319.99875,0.0,0.0,0.0,-1.5707964,0.0
1970-01-01 00:00:00.056993226,0.056993226,214.82419,0.0,0.0,0.0,0.0,0.0,0.0,0.0,-1.5707964,0.0
1970-01-01 00:00:00.056997701,0.056997701,0.0,0.0,0.0,0.0,0.0,152.87126,0.0,0.0,-1.5707964,0.0
1970-01-01 00:00:00.057007847,0.057007847,0.0,0.0,0.0,116.064186,0.0,0.0,0.0,0.0,-1.5707964,0.0
1970-01-01 00:00:00.057060786,0.057060786,0.0,0.0,0.0,0.0,0.0,657.19824,0.0,0.0,-1.5707964,0.0
1970-01-01 00:00:00.057098866,0.057098866,0.0,0.0,1084.8641,0.0,0.0,0.0,0.0,0.0,-1.5707964,0.0
1970-01-01 00:00:00.057165739,0.057165739,0.0,0.0,1327.5667,0.0,0.0,0.0,0.0,0.0,-1.5707964,0.0
1970-01-01 00:00:00.057331615,0.057331615,0.0,0.0,0.0,0.0,0.0,224.9474,0.0,0.0,-1.5707964,0.0
1970-01-01 00:00:00.057433610,0.05743361,0.0,0.0,665.458,0.0,0.0,0.0,0.0,0.0,-1.5707964,0.0
1970-01-01 00:00:00.057688500,0.0576885,0.0,0.0,0.0,0.0,0.0,1893.882,0.0,0.0,-1.5707964,0.0
1970-01-01 00:00:00.057707682,0.057707682,0.0,0.0,478.37204,0.0,0.0,0.0,0.0,0.0,-1.5707964,0.0
1970-01-01 00:00:00.057842826,0.057842826,0.0,0.0,0.0,0.0,0.0,366.93143,0.0,0.0,-1.5707964,0.0
1970-01-01 00:00:00.057883165,0.057883165,0.0,130.2199,0.0,0.0,0.0,0.0,0.0,0.0,-1.5707964,0.0
1970-01-01 00:00:00.057965448,0.057965448,0.0,0.0,0.0,0.0,0.0,211.43817,0.0,0.0,-1.5707964,0.0
1970-01-01 00:00:00.057968327,0.057968327,0.0,0.0,0.0,0.0,144.37746,0.0,0.0,0.0,-1.5707964,0.0
1970-01-01 00:00:00.057968327,0.057968327,0.0,0.0,0.0,0.0,82.98463,0.0,0.0,0.0,-1.5707964,0.0
1970-01-01 00:00:00.058005234,0.058005234,0.0,0.0,0.0,0.0,0.0,652.2581,0.0,0.0,-1.5707964,0.0
1970-01-01 00:00:00.058128544,0.058128544,0.0,0.0,0.0,0.0,0.0,1066.1681,0.0,0.0,-1.5707964,0.0
1970-01-01 00:00:00.058403600,0.0584036,0.0,0.0,0.0,84.10068,0.0,0.0,0.0,0.0,-1.5707964,0.0
1970-01-01 00:00:00.058750557,0.058750557,0.0,0.0,0.0,0.0,0.0,669.1972,0.0,0.0,-1.5707964,0.0
1970-01-01 00:00:00.058911702,0.058911702,436.67175,0.0,0.0,0.0,0.0,0.0,0.0,0.0,-1.5707964,0.0
1970-01-01 00:00:00.059285302,0.059285302,0.0,0.0,0.0,183.02121,0.0,0.0,0.0,0.0,-1.5707964,0.0
1970-01-01 00:00:00.059927212,0.059927212,0.0,0.0,0.0,0.0,261.08652,0.0,0.0,0.0,-1.5707964,0.0
1970-01-01 00:00:00.059989841,0.059989841,0.0,84.536026,0.0,0.0,0.0,0.0,0.0,0.0,-1.5707964,0.0
1970-01-01 00:00:00.060293660,0.06029366,0.0,0.0,160.29773,0.0,0.0,0.0,0.0,0.0,-1.5707964,0.0
1970-01-01 00:00:00.060337979,0.060337979,312.2284,0.0,0.0,0.0,0.0,0.0,0.0,0.0,-1.5707964,0.0
1970-01-01 00:00:00.060395609,0.060395609,0.0,0.0,0.0,0.0,0.0,296.29846,0.0,0.0,-1.5707964,0.0
1970-01-01 00:00:00.060409876,0.060409876,0.0,0.0,0.0,269.2826,0.0,0.0,0.0,0.0,-1.5707964,0.0
1970-01-01 00:00:00.060430869,0.060430869,0.0,0.0,0.0,0.0,0.0,378.58408,0.0,0.0,-1.5707964,0.0
1970-01-01 00:00:00.060468115,0.060468115,0.0,0.0,0.0,0.0,0.0,532.64233,0.0,0.0,-1.5707964,0.0
1970-01-01 00:00:00.060540585,0.060540585,0.0,0.0,0.0,0.0,0.0,1495.859,0.0,0.0,-1.5707964,0.0
1970-01-01 00:00:00.060660698,0.060660698,0.0,0.0,0.0,0.0,537.9732,0.0,0.0,0.0,-1.5707964,0.0
1970-01-01 00:00:00.060901748,0.060901748,0.0,0.0,0.0,0.0,0.0,164.36435,0.0,0.0,-1.5707964,0.0
1970-01-01 00:00:00.060936919,0.060936919,0.0,0.0,0.0,0.0,0.0,235.22441,0.0,0.0,-1.5707964,0.0
1970-01-01 00:00:00.060963573,0.060963573,0.0,0.0,0.0,0.0,0.0,210.05225,0.0,0.0,-1.5707964,0.0
1970-01-01 00:00:00.061087291,0.061087291,0.0,0.0,0.0,549.65314,0.0,0.0,0.0,0.0,-1.5707964,0.0
1970-01-01 00:00:00.061238294,0.061238294,0.0,0.0,0.0,525.66833,0.0,0.0,0.0,0.0,-1.5707964,0.0
1970-01-01 00:00:00.061242940,0.06124294,0.0,0.0,0.0,0.0,656.31683,0.0,0.0,0.0,-1.5707964,0.0
1970-01-01 00:00:00.061281281,0.061281281,0.0,0.0,0.0,181.81082,0.0,0.0,0.0,0.0,-1.5707964,0.0
1970-01-01 00:00:00.061655922,0.061655922,0.0,0.0,1960.9492,0.0,0.0,0.0,0.0,0.0,-1.5707964,0.0
1970-01-01 00:00:00.061743124,0.061743124,0.0,0.0,0.0,0.0,754.7333,0.0,0.0,0.0,-1.5707964,0.0
1970-01-01 00:00:00.061837187,0.061837187,0.0,0.0,0.0,0.0,148.91304,0.0,0.0,0.0,-1.5707964,0.0
1970-01-01 00:00:00.061978758,0.061978758,0.0,0.0,0.0,559.9627,0.0,0.0,0.0,0.0,-1.5707964,0.0
1970-01-01 00:00:00.062194293,0.062194293,0.0,0.0,0.0,190.83202,0.0,0.0,0.0,0.0,-1.5707964,0.0
1970-01-01 00:00:00.062444955,0.062444955,0.0,0.0,0.0,0.0,410.4779,0.0,0.0,0.0,-1.5707964,0.0
1970-01-01 00:00:00.062464586,0.062464586,0.0,0.0,0.0,0.0,1635.6832,0.0,0.0,0.0,-1.5707964,0.0
1970-01-01 00:00:00.062473785,0.062473785,1388.9376,0.0,0.0,0.0,0.0,0.0,0.0,0.0,-1.5707964,0.0
1970-01-01 00:00:00.062792883,0.062792884,0.0,0.0,0.0,0.0,0.0,343.6551,0.0,0.0,-1.5707964,0.0
1970-01-01 00:00:00.062936452,0.062936452,0.0,0.0,379.99768,0.0,0.0,0.0,0.0,0.0,-1.5707964,0.0
1970-01-01 00:00:00.063084438,0.063084438,0.0,0.0,0.0,0.0,0.0,363.86038,0.0,0.0,-1.5707964,0.0
1970-01-01 00:00:00.063163059,0.06316306,0.0,0.0,0.0,0.0,0.0,733.4537,0.0,0.0,-1.5707964,0.0
1970-01-01 00:00:00.063184448,0.063184448,0.0,0.0,0.0,0.0,0.0,391.16818,0.0,0.0,-1.5707964,0.0
1970-01-01 00:00:00.063505572,0.063505573,0.0,0.0,0.0,0.0,0.0,2388.7107,0.0,0.0,-1.5707964,0.0
1970-01-01 00:00:00.063790362,0.063790362,0.0,0.0,0.0,123.08004,0.0,0.0,0.0,0.0,-1.5707964,0.0
1970-01-01 00:00:00.063802634,0.063802634,0.0,0.0,0.0,827.5768,0.0,0.0,0.0,0.0,-1.5707964,0.0
1970-01-01 00:00:00.063845216,0.063845217,0.0,0.0,264.28394,0.0,0.0,0.0,0.0,0.0,-1.5707964,0.0
1970-01-01 00:00:00.064044871,0.064044871,0.0,0.0,0.0,0.0,303.8793,0.0,0.0,0.0,-1.5707964,0.0
1970-01-01 00:00:00.064301432,0.064301432,0.0,0.0,0.0,0.0,0.0,251.84319,0.0,0.0,-1.5707964,0.0
1970-01-01 00:00:00.064669550,0.06466955,0.0,0.0,686.03625,0.0,0.0,0.0,0.0,0.0,-1.5707964,0.0
1970-01-01 00:00:00.064687140,0.06468714,977.2368,0.0,0.0,0.0,0.0,0.0,0.0,0.0,-1.5707964,0.0
1970-01-01 00:00:00.064724206,0.064724206,0.0,0.0,329.11432,0.0,0.0,0.0,0.0,0.0,-1.5707964,0.0
1970-01-01 00:00:00.064745888,0.064745888,0.0,0.0,0.0,0.0,742.6169,0.0,0.0,0.0,-1.5707964,0.0
1970-01-01 00:00:00.064804626,0.064804626,0.0,0.0,0.0,293.67252,0.0,0.0,0.0,0.0,-1.5707964,0.0
1970-01-01 00:00:00.065051385,0.065051385,0.0,0.0,0.0,0.0,0.0,231.12279,0.0,0.0,-1.5707964,0.0
1970-01-01 00:00:00.065143608,0.065143608,0.0,0.0,0.0,100.13003,0.0,0.0,0.0,0.0,-1.5707964,0.0
1970-01-01 00:00:00.065176590,0.06517659,0.0,0.0,0.0,0.0,0.0,1161.1863,0.0,0.0,-1.5707964,0.0
1970-01-01 00:00:00.065206125,0.065206125,0.0,0.0,0.0,0.0,0.0,626.8064,0.0,0.0,-1.5707964,0.0
1970-01-01 00:00:00.065443721,0.065443722,0.0,0.0,715.2057,0.0,0.0,0.0,0.0,0.0,-1.5707964,0.0
1970-01-01 00:00:00.065551287,0.065551287,0.0,0.0,0.0,0.0,190.2459,0.0,0.0,0.0,-1.5707964,0.0
1970-01-01 00:00:00.065669230,0.065669231,0.0,0.0,0.0,197.6832,0.0,0.0,0.0,0.0,-1.5707964,0.0
1970-01-01 00:00:00.065784248,0.065784248,0.0,0.0,0.0,106.57243,0.0,0.0,0.0,0.0,-1.5707964,0.0
1970-01-01 00:00:00.065960529,0.065960529,0.0,0.0,85.472755,0.0,0.0,0.0,0.0,0.0,-1.5707964,0.0
1970-01-01 00:00:00.066076973,0.066076973,0.0,0.0,0.0,131.26176,0.0,0.0,0.0,0.0,-1.5707964,0.0
1970-01-01 00:00:00.066201024,0.066201024,0.0,0.0,0.0,133.30208,0.0,0.0,0.0,0.0,-1.5707964,0.0
1970-01-01 00:00:00.066308467,0.066308468,0.0,0.0,0.0,0.0,0.0,82.67222,0.0,0.0,-1.5707964,0.0
1970-01-01 00:00:00.066314116,0.066314116,0.0,0.0,0.0,0.0,0.0,157.98473,0.0,0.0,-1.5707964,0.0
1970-01-01 00:00:00.066323908,0.066323908,0.0,0.0,0.0,0.0,0.0,270.4132,0.0,0.0,-1.5707964,0.0
1970-01-01 00:00:00.066339574,0.066339574,0.0,0.0,0.0,0.0,0.0,133.85031,0.0,0.0,-1.5707964,0.0
1970-01-01 00:00:00.066429870,0.06642987,0.0,0.0,0.0,258.90817,0.0,0.0,0.0,0.0,-1.5707964,0.0
1970-01-01 00:00:00.066509433,0.066509433,0.0,0.0,0.0,0.0,0.0,258.86343,0.0,0.0,-1.5707964,0.0
1970-01-01 00:00:00.066549259,0.066549259,0.0,118.131134,0.0,0.0,0.0,0.0,0.0,0.0,-1.5707964,0.0
1970-01-01 00:00:00.066773256,0.066773256,0.0,0.0,0.0,219.65054,0.0,0.0,0.0,0.0,-1.5707964,0.0
1970-01-01 00:00:00.067004048,0.067004048,0.0,0.0,0.0,0.0,0.0,774.8305,0.0,0.0,-1.5707964,0.0
1970-01-01 00:00:00.067074687,0.067074688,0.0,135.19325,0.0,0.0,0.0,0.0,0.0,0.0,-1.5707964,0.0
1970-01-01 00:00:00.067221475,0.067221475,0.0,0.0,0.0,0.0,0.0,488.55655,0.0,0.0,-1.5707964,0.0
1970-01-01 00:00:00.067273500,0.0672735,0.0,0.0,0.0,0.0,0.0,375.2582,0.0,0.0,-1.5707964,0.0
1970-01-01 00:00:00.067277597,0.067277597,0.0,0.0,0.0,611.0786,0.0,0.0,0.0,0.0,-1.5707964,0.0
1970-01-01 00:00:00.067369384,0.067369384,0.0,0.0,0.0,879.66766,0.0,0.0,0.0,0.0,-1.5707964,0.0
1970-01-01 00:00:00.067383079,0.067383079,0.0,0.0,0.0,0.0,0.0,667.76294,0.0,0.0,-1.5707964,0.0
1970-01-01 00:00:00.067520578,0.067520578,0.0,0.0,0.0,385.72308,0.0,0.0,0.0,0.0,-1.5707964,0.0
1970-01-01 00:00:00.067529584,0.067529584,0.0,0.0,0.0,89.748024,0.0,0.0,0.0,0.0,-1.5707964,0.0
1970-01-01 00:00:00.067609555,0.067609555,0.0,0.0,0.0,0.0,0.0,241.64896,0.0,0.0,-1.5707964,0.0
1970-01-01 00:00:00.067651827,0.067651827,0.0,0.0,0.0,0.0,0.0,122.40893,0.0,0.0,-1.5707964,0.0
1970-01-01 00:00:00.067729485,0.067729485,0.0,0.0,0.0,169.85709,0.0,0.0,0.0,0.0,-1.5707964,0.0
1970-01-01 00:00:00.067729485,0.067729485,0.0,0.0,0.0,0.0,0.0,415.10812,0.0,0.0,-1.5707964,0.0
1970-01-01 00:00:00.067850458,0.067850458,0.0,150.1664,0.0,0.0,0.0,0.0,0.0,0.0,-1.5707964,0.0
1970-01-01 00:00:00.067869246,0.067869246,0.0,0.0,0.0,0.0,0.0,106.07439,0.0,0.0,-1.5707964,0.0
1970-01-01 00:00:00.068024672,0.068024672,0.0,0.0,0.0,0.0,464.84213,0.0,0.0,0.0,-1.5707964,0.0
1970-01-01 00:00:00.068075991,0.068075991,0.0,0.0,0.0,0.0,0.0,546.6486,0.0,0.0,-1.5707964,0.0
1970-01-01 00:00:00.068244175,0.068244175,228.2306,0.0,0.0,0.0,0.0,0.0,0.0,0.0,-1.5707964,0.0
1970-01-01 00:00:00.068303679,0.068303679,0.0,241.09837,0.0,0.0,0.0,0.0,0.0,0.0,-1.5707964,0.0
1970-01-01 00:00:00.068362931,0.068362931,0.0,0.0,0.0,238.43433,0.0,0.0,0.0,0.0,-1.5707964,0.0
1970-01-01 00:00:00.068468325,0.068468325,0.0,0.0,0.0,0.0,0.0,118.2977,0.0,0.0,-1.5707964,0.0
1970-01-01 00:00:00.068602889,0.068602889,0.0,0.0,0.0,0.0,299.61893,0.0,0.0,0.0,-1.5707964,0.0
1970-01-01 00:00:00.068797822,0.068797822,0.0,0.0,0.0,0.0,0.0,663.1131,0.0,0.0,-1.5707964,0.0
1970-01-01 00:00:00.068815656,0.068815656,0.0,0.0,0.0,0.0,1336.8422,0.0,0.0,0.0,-1.5707964,0.0
1970-01-01 00:00:00.068826942,0.068826942,0.0,0.0,0.0,0.0,0.0,382.34332,0.0,0.0,-1.5707964,0.0
1970-01-01 00:00:00.069014198,0.069014198,0.0,0.0,0.0,0.0,0.0,377.54742,0.0,0.0,-1.5707964,0.0
1970-01-01 00:00:00.069082001,0.069082001,0.0,0.0,0.0,0.0,105.64317,0.0,0.0,0.0,-1.5707964,0.0
1970-01-01 00:00:00.069082001,0.069082001,0.0,0.0,0.0,0.0,686.81213,0.0,0.0,0.0,-1.5707964,0.0
1970-01-01 00:00:00.069119122,0.069119122,0.0,128.5803,0.0,0.0,0.0,0.0,0.0,0.0,-1.5707964,0.0
1970-01-01 00:00:00.069215979,0.069215979,0.0,0.0,0.0,0.0,0.0,564.2951,0.0,0.0,-1.5707964,0.0
1970-01-01 00:00:00.069256952,0.069256952,0.0,0.0,108.86268,0.0,0.0,0.0,0.0,0.0,-1.5707964,0.0
1970-01-01 00:00:00.069291068,0.069291068,0.0,0.0,782.27997,0.0,0.0,0.0,0.0,0.0,-1.5707964,0.0
1970-01-01 00:00:00.069349493,0.069349493,0.0,0.0,0.0,0.0,191.1336,0.0,0.0,0.0,-1.5707964,0.0
1970-01-01 00:00:00.069349510,0.06934951,0.0,0.0,0.0,0.0,0.0,338.0823,0.0,0.0,-1.5707964,0.0
1970-01-01 00:00:00.069383450,0.06938345,0.0,0.0,0.0,0.0,703.48914,0.0,0.0,0.0,-1.5707964,0.0
1970-01-01 00:00:00.069383450,0.06938345,0.0,0.0,0.0,289.25958,0.0,0.0,0.0,0.0,-1.5707964,0.0
1970-01-01 00:00:00.069424954,0.069424954,0.0,0.0,0.0,0.0,243.68137,0.0,0.0,0.0,-1.5707964,0.0
1970-01-01 00:00:00.069460924,0.069460924,0.0,0.0,0.0,0.0,0.0,416.37003,0.0,0.0,-1.5707964,0.0
1970-01-01 00:00:00.069549456,0.069549456,0.0,0.0,0.0,0.0,0.0,229.67375,0.0,0.0,-1.5707964,0.0
1970-01-01 00:00:00.069579730,0.06957973,0.0,0.0,335.40613,0.0,0.0,0.0,0.0,0.0,-1.5707964,0.0
1970-01-01 00:00:00.069632171,0.069632171,0.0,0.0,3473.548,0.0,0.0,0.0,0.0,0.0,-1.5707964,0.0
1970-01-01 00:00:00.069690721,0.069690721,0.0,0.0,0.0,0.0,0.0,864.78516,0.0,0.0,-1.5707964,0.0
1970-01-01 00:00:00.069702884,0.069702884,0.0,0.0,0.0,0.0,152.85657,0.0,0.0,0.0,-1.5707964,0.0
1970-01-01 00:00:00.069726832,0.069726832,965.8194,0.0,0.0,0.0,0.0,0.0,0.0,0.0,-1.5707964,0.0
1970-01-01 00:00:00.069981734,0.069981734,0.0,0.0,0.0,0.0,0.0,285.856,0.0,0.0,-1.5707964,0.0
1970-01-01 00:00:00.069994453,0.069994453,0.0,0.0,768.28326,0.0,0.0,0.0,0.0,0.0,-1.5707964,0.0
1970-01-01 00:00:00.070010143,0.070010143,0.0,0.0,0.0,0.0,0.0,295.42603,0.0,0.0,-1.5707964,0.0
1970-01-01 00:00:00.070079417,0.070079417,0.0,0.0,0.0,0.0,717.38336,0.0,0.0,0.0,-1.5707964,0.0
1970-01-01 00:00:00.070159435,0.070159435,0.0,0.0,0.0,414.3727,0.0,0.0,0.0,0.0,-1.5707964,0.0
1970-01-01 00:00:00.070256684,0.070256684,0.0,0.0,1008.6137,0.0,0.0,0.0,0.0,0.0,-1.5707964,0.0
1970-01-01 00:00:00.070494741,0.070494741,0.0,0.0,564.50476,0.0,0.0,0.0,0.0,0.0,-1.5707964,0.0
1970-01-01 00:00:00.070566356,0.070566356,0.0,0.0,0.0,0.0,0.0,339.6617,0.0,0.0,-1.5707964,0.0
1970-01-01 00:00:00.070665750,0.07066575,0.0,0.0,0.0,248.91306,0.0,0.0,0.0,0.0,-1.5707964,0.0
1970-01-01 00:00:00.070741285,0.070741285,0.0,0.0,0.0,0.0,0.0,420.96393,0.0,0.0,-1.5707964,0.0
1970-01-01 00:00:00.070776479,0.070776479,84.358894,0.0,0.0,0.0,0.0,0.0,0.0,0.0,-1.5707964,0.0
1970-01-01 00:00:00.070779935,0.070779935,0.0,0.0,0.0,0.0,0.0,94.1135,0.0,0.0,-1.5707964,0.0
1970-01-01 00:00:00.070816175,0.070816175,0.0,0.0,0.0,0.0,381.4574,0.0,0.0,0.0,-1.5707964,0.0
1970-01-01 00:00:00.070978576,0.070978576,0.0,0.0,85.38283,0.0,0.0,0.0,0.0,0.0,-1.5707964,0.0
1970-01-01 00:00:00.071232688,0.071232688,0.0,521.4249,0.0,0.0,0.0,0.0,0.0,0.0,-1.5707964,0.0
1970-01-01 00:00:00.071232688,0.071232688,0.0,0.0,0.0,587.46405,0.0,0.0,0.0,0.0,-1.5707964,0.0
1970-01-01 00:00:00.071246521,0.071246521,0.0,0.0,0.0,240.5224,0.0,0.0,0.0,0.0,-1.5707964,0.0
1970-01-01 00:00:00.071375169,0.071375169,264.30673,0.0,0.0,0.0,0.0,0.0,0.0,0.0,-1.5707964,0.0
1970-01-01 00:00:00.071430584,0.071430584,0.0,0.0,0.0,0.0,0.0,923.592,0.0,0.0,-1.5707964,0.0
1970-01-01 00:00:00.071719377,0.071719377,0.0,0.0,0.0,0.0,0.0,295.23782,0.0,0.0,-1.5707964,0.0
1970-01-01 00:00:00.071719377,0.071719377,0.0,0.0,0.0,0.0,0.0,389.1982,0.0,0.0,-1.5707964,0.0
1970-01-01 00:00:00.071813977,0.071813977,0.0,0.0,0.0,337.53546,0.0,0.0,0.0,0.0,-1.5707964,0.0
1970-01-01 00:00:00.071848025,0.071848025,0.0,0.0,0.0,112.779816,0.0,0.0,0.0,0.0,-1.5707964,0.0
1970-01-01 00:00:00.071966423,0.071966423,0.0,0.0,0.0,0.0,0.0,89.3343,0.0,0.0,-1.5707964,0.0
1970-01-01 00:00:00.071967353,0.071967353,0.0,0.0,0.0,0.0,0.0,314.55103,0.0,0.0,-1.5707964,0.0
1970-01-01 00:00:00.072060591,0.072060591,0.0,405.67252,0.0,0.0,0.0,0.0,0.0,0.0,-1.5707964,0.0
1970-01-01 00:00:00.072146324,0.072146324,0.0,0.0,0.0,0.0,0.0,623.99725,0.0,0.0,-1.5707964,0.0
1970-01-01 00:00:00.072264590,0.07226459,200.56992,0.0,0.0,0.0,0.0,0.0,0.0,0.0,-1.5707964,0.0
1970-01-01 00:00:00.072273040,0.07227304,0.0,0.0,1071.8154,0.0,0.0,0.0,0.0,0.0,-1.5707964,0.0
1970-01-01 00:00:00.072283694,0.072283694,136.6049,0.0,0.0,0.0,0.0,0.0,0.0,0.0,-1.5707964,0.0
1970-01-01 00:00:00.072335424,0.072335424,0.0,0.0,0.0,0.0,0.0,193.2658,0.0,0.0,-1.5707964,0.0
1970-01-01 00:00:00.072377424,0.072377424,0.0,0.0,0.0,166.55673,0.0,0.0,0.0,0.0,-1.5707964,0.0
1970-01-01 00:00:00.072410322,0.072410322,0.0,0.0,0.0,0.0,0.0,168.42113,0.0,0.0,-1.5707964,0.0
1970-01-01 00:00:00.072410994,0.072410994,252.37129,0.0,0.0,0.0,0.0,0.0,0.0,0.0,-1.5707964,0.0
1970-01-01 00:00:00.072601664,0.072601664,0.0,0.0,0.0,162.49483,0.0,0.0,0.0,0.0,-1.5707964,0.0
1970-01-01 00:00:00.072771679,0.072771679,0.0,0.0,0.0,0.0,0.0,567.2522,0.0,0.0,-1.5707964,0.0
1970-01-01 00:00:00.072808363,0.072808363,0.0,0.0,499.27432,0.0,0.0,0.0,0.0,0.0,-1.5707964,0.0
1970-01-01 00:00:00.072956578,0.072956578,0.0,0.0,0.0,0.0,98.93516,0.0,0.0,0.0,-1.5707964,0.0
1970-01-01 00:00:00.072971826,0.072971826,0.0,0.0,0.0,1054.0459,0.0,0.0,0.0,0.0,-1.5707964,0.0
1970-01-01 00:00:00.073112789,0.073112789,0.0,0.0,0.0,0.0,0.0,100.99729,0.0,0.0,-1.5707964,0.0
1970-01-01 00:00:00.073396978,0.073396978,0.0,0.0,0.0,0.0,109.463394,0.0,0.0,0.0,-1.5707964,0.0
1970-01-01 00:00:00.073510973,0.073510973,0.0,0.0,0.0,0.0,0.0,615.8944,0.0,0.0,-1.5707964,0.0
1970-01-01 00:00:00.073779900,0.0737799,113.33921,0.0,0.0,0.0,0.0,0.0,0.0,0.0,-1.5707964,0.0
1970-01-01 00:00:00.074010737,0.074010737,0.0,0.0,738.14026,0.0,0.0,0.0,0.0,0.0,-1.5707964,0.0
1970-01-01 00:00:00.074092015,0.074092015,0.0,0.0,0.0,0.0,0.0,318.41312,0.0,0.0,-1.5707964,0.0
1970-01-01 00:00:00.074271484,0.074271484,0.0,0.0,0.0,0.0,0.0,86.72991,0.0,0.0,-1.5707964,0.0
1970-01-01 00:00:00.074615401,0.074615401,0.0,0.0,0.0,0.0,0.0,115.69044,0.0,0.0,-1.5707964,0.0
1970-01-01 00:00:00.074676569,0.074676569,0.0,0.0,0.0,0.0,0.0,769.734,0.0,0.0,-1.5707964,0.0
1970-01-01 00:00:00.074731411,0.074731411,0.0,164.45744,0.0,0.0,0.0,0.0,0.0,0.0,-1.5707964,0.0
1970-01-01 00:00:00.074753544,0.074753544,0.0,0.0,0.0,0.0,0.0,2760.9094,0.0,0.0,-1.5707964,0.0
1970-01-01 00:00:00.074781467,0.074781467,0.0,0.0,445.18384,0.0,0.0,0.0,0.0,0.0,-1.5707964,0.0
1970-01-01 00:00:00.074937128,0.074937128,0.0,0.0,0.0,0.0,554.6187,0.0,0.0,0.0,-1.5707964,0.0
1970-01-01 00:00:00.074937128,0.074937128,0.0,0.0,0.0,0.0,803.4748,0.0,0.0,0.0,-1.5707964,0.0
1970-01-01 00:00:00.074937128,0.074937128,0.0,0.0,0.0,850.2599,0.0,0.0,0.0,0.0,-1.5707964,0.0
1970-01-01 00:00:00.074987300,0.0749873,0.0,0.0,0.0,745.3442,0.0,0.0,0.0,0.0,-1.5707964,0.0
1970-01-01 00:00:00.075010155,0.075010155,0.0,0.0,0.0,424.92017,0.0,0.0,0.0,0.0,-1.5707964,0.0
1970-01-01 00:00:00.075137314,0.075137314,0.0,0.0,0.0,133.16417,0.0,0.0,0.0,0.0,-1.5707964,0.0
1970-01-01 00:00:00.075178458,0.075178458,0.0,0.0,0.0,0.0,0.0,356.2858,0.0,0.0,-1.5707964,0.0
1970-01-01 00:00:00.075219605,0.075219605,0.0,0.0,0.0,0.0,0.0,541.4931,0.0,0.0,-1.5707964,0.0
1970-01-01 00:00:00.075276012,0.075276012,0.0,0.0,0.0,0.0,0.0,414.8903,0.0,0.0,-1.5707964,0.0
1970-01-01 00:00:00.075360724,0.075360724,0.0,0.0,0.0,0.0,0.0,258.80908,0.0,0.0,-1.5707964,0.0
1970-01-01 00:00:00.075364603,0.075364603,0.0,0.0,0.0,0.0,0.0,161.78703,0.0,0.0,-1.5707964,0.0
1970-01-01 00:00:00.075412493,0.075412493,0.0,0.0,0.0,0.0,0.0,2581.219,0.0,0.0,-1.5707964,0.0
1970-01-01 00:00:00.075457419,0.075457419,1062.9283,0.0,0.0,0.0,0.0,0.0,0.0,0.0,-1.5707964,0.0
1970-01-01 00:00:00.075572005,0.075572005,0.0,0.0,1360.4039,0.0,0.0,0.0,0.0,0.0,-1.5707964,0.0
1970-01-01 00:00:00.075580710,0.07558071,477.92365,0.0,0.0,0.0,0.0,0.0,0.0,0.0,-1.5707964,0.0
1970-01-01 00:00:00.075626843,0.075626843,0.0,0.0,364.0628,0.0,0.0,0.0,0.0,0.0,-1.5707964,0.0
1970-01-01 00:00:00.075670765,0.075670765,0.0,0.0,0.0,0.0,0.0,167.56808,0.0,0.0,-1.5707964,0.0
1970-01-01 00:00:00.075759838,0.075759838,0.0,0.0,0.0,0.0,0.0,1094.7781,0.0,0.0,-1.5707964,0.0
1970-01-01 00:00:00.075771337,0.075771337,0.0,0.0,0.0,258.46588,0.0,0.0,0.0,0.0,-1.5707964,0.0
1970-01-01 00:00:00.075804527,0.075804527,0.0,0.0,259.5366,0.0,0.0,0.0,0.0,0.0,-1.5707964,0.0
1970-01-01 00:00:00.075865454,0.075865454,0.0,0.0,0.0,0.0,0.0,209.44244,0.0,0.0,-1.5707964,0.0
1970-01-01 00:00:00.075957909,0.075957909,0.0,0.0,0.0,0.0,0.0,191.59967,0.0,0.0,-1.5707964,0.0
1970-01-01 00:00:00.075966462,0.075966462,0.0,0.0,0.0,0.0,0.0,210.49289,0.0,0.0,-1.5707964,0.0
1970-01-01 00:00:00.075993007,0.075993007,0.0,0.0,0.0,0.0,698.4259,0.0,0.0,0.0,-1.5707964,0.0
1970-01-01 00:00:00.075993007,0.075993007,0.0,0.0,0.0,0.0,1716.7489,0.0,0.0,0.0,-1.5707964,0.0
1970-01-01 00:00:00.076181124,0.076181124,131.29788,0.0,0.0,0.0,0.0,0.0,0.0,0.0,-1.5707964,0.0
1970-01-01 00:00:00.076217400,0.0762174,0.0,0.0,0.0,0.0,0.0,489.82303,0.0,0.0,-1.5707964,0.0
1970-01-01 00:00:00.076257579,0.076257579,0.0,0.0,0.0,318.22565,0.0,0.0,0.0,0.0,-1.5707964,0.0
1970-01-01 00:00:00.076291779,0.076291779,0.0,0.0,0.0,0.0,0.0,224.80145,0.0,0.0,-1.5707964,0.0
1970-01-01 00:00:00.076529382,0.076529382,0.0,0.0,0.0,0.0,327.7973,0.0,0.0,0.0,-1.5707964,0.0
1970-01-01 00:00:00.076540222,0.076540222,0.0,0.0,0.0,0.0,0.0,321.5314,0.0,0.0,-1.5707964,0.0
1970-01-01 00:00:00.076583100,0.0765831,0.0,0.0,0.0,825.966,0.0,0.0,0.0,0.0,-1.5707964,0.0
1970-01-01 00:00:00.077020714,0.077020714,0.0,0.0,0.0,0.0,0.0,387.9573,0.0,0.0,-1.5707964,0.0
1970-01-01 00:00:00.077111152,0.077111152,0.0,0.0,124.83824,0.0,0.0,0.0,0.0,0.0,-1.5707964,0.0
1970-01-01 00:00:00.077158252,0.077158252,0.0,0.0,0.0,0.0,0.0,864.59784,0.0,0.0,-1.5707964,0.0
1970-01-01 00:00:00.077388920,0.07738892,0.0,0.0,0.0,137.13788,0.0,0.0,0.0,0.0,-1.5707964,0.0
1970-01-01 00:00:00.077490013,0.077490013,0.0,0.0,467.92886,0.0,0.0,0.0,0.0,0.0,-1.5707964,0.0
1970-01-01 00:00:00.077528154,0.077528154,0.0,310.84006,0.0,0.0,0.0,0.0,0.0,0.0,-1.5707964,0.0
1970-01-01 00:00:00.077605028,0.077605028,0.0,292.3,0.0,0.0,0.0,0.0,0.0,0.0,-1.5707964,0.0
1970-01-01 00:00:00.077674358,0.077674358,0.0,0.0,0.0,0.0,0.0,557.1755,0.0,0.0,-1.5707964,0.0
1970-01-01 00:00:00.077741173,0.077741173,0.0,0.0,0.0,0.0,0.0,473.95587,0.0,0.0,-1.5707964,0.0
1970-01-01 00:00:00.077765105,0.077765105,0.0,0.0,0.0,0.0,2345.9683,0.0,0.0,0.0,-1.5707964,0.0
1970-01-01 00:00:00.077862725,0.077862725,0.0,0.0,0.0,0.0,0.0,1225.5254,0.0,0.0,-1.5707964,0.0
1970-01-01 00:00:00.077961365,0.077961365,0.0,0.0,0.0,0.0,0.0,300.3592,0.0,0.0,-1.5707964,0.0
1970-01-01 00:00:00.078002487,0.078002487,0.0,0.0,0.0,0.0,0.0,386.8287,0.0,0.0,-1.5707964,0.0
1970-01-01 00:00:00.078034763,0.078034763,0.0,200.61107,0.0,0.0,0.0,0.0,0.0,0.0,-1.5707964,0.0
1970-01-01 00:00:00.078068097,0.078068097,0.0,0.0,0.0,0.0,281.7821,0.0,0.0,0.0,-1.5707964,0.0
1970-01-01 00:00:00.078119702,0.078119702,0.0,0.0,726.2708,0.0,0.0,0.0,0.0,0.0,-1.5707964,0.0
1970-01-01 00:00:00.078179736,0.078179736,0.0,0.0,121.39462,0.0,0.0,0.0,0.0,0.0,-1.5707964,0.0
1970-01-01 00:00:00.078231058,0.078231058,0.0,0.0,0.0,166.30557,0.0,0.0,0.0,0.0,-1.5707964,0.0
1970-01-01 00:00:00.078363837,0.078363837,0.0,0.0,0.0,0.0,418.1263,0.0,0.0,0.0,-1.5707964,0.0
1970-01-01 00:00:00.078405247,0.078405247,0.0,0.0,829.7653,0.0,0.0,0.0,0.0,0.0,-1.5707964,0.0
1970-01-01 00:00:00.078510563,0.078510563,0.0,0.0,98.09737,0.0,0.0,0.0,0.0,0.0,-1.5707964,0.0
1970-01-01 00:00:00.078519160,0.07851916,0.0,0.0,0.0,160.38863,0.0,0.0,0.0,0.0,-1.5707964,0.0
1970-01-01 00:00:00.078621418,0.078621418,0.0,437.02866,0.0,0.0,0.0,0.0,0.0,0.0,-1.5707964,0.0
1970-01-01 00:00:00.078631139,0.078631139,0.0,0.0,0.0,0.0,428.9186,0.0,0.0,0.0,-1.5707964,0.0
1970-01-01 00:00:00.078633947,0.078633947,563.8354,0.0,0.0,0.0,0.0,0.0,0.0,0.0,-1.5707964,0.0
1970-01-01 00:00:00.078725772,0.078725772,0.0,0.0,0.0,0.0,0.0,421.43542,0.0,0.0,-1.5707964,0.0
1970-01-01 00:00:00.078810686,0.078810686,0.0,0.0,0.0,0.0,0.0,322.75052,0.0,0.0,-1.5707964,0.0
1970-01-01 00:00:00.078824822,0.078824822,0.0,0.0,0.0,82.968185,0.0,0.0,0.0,0.0,-1.5707964,0.0
1970-01-01 00:00:00.078945478,0.078945478,0.0,0.0,0.0,0.0,0.0,99.20261,0.0,0.0,-1.5707964,0.0
1970-01-01 00:00:00.079001784,0.079001784,0.0,0.0,0.0,1495.5607,0.0,0.0,0.0,0.0,-1.5707964,0.0
1970-01-01 00:00:00.079052977,0.079052977,0.0,0.0,0.0,0.0,521.082,0.0,0.0,0.0,-1.5707964,0.0
1970-01-01 00:00:00.079097416,0.079097416,0.0,0.0,0.0,0.0,0.0,728.57733,0.0,0.0,-1.5707964,0.0
1970-01-01 00:00:00.079216284,0.079216284,0.0,0.0,0.0,0.0,0.0,211.70032,0.0,0.0,-1.5707964,0.0
1970-01-01 00:00:00.079460574,0.079460574,0.0,0.0,0.0,0.0,0.0,386.5037,0.0,0.0,-1.5707964,0.0
1970-01-01 00:00:00.079465265,0.079465265,247.0161,0.0,0.0,0.0,0.0,0.0,0.0,0.0,-1.5707964,0.0
1970-01-01 00:00:00.079496868,0.079496868,0.0,0.0,0.0,0.0,233.42381,0.0,0.0,0.0,-1.5707964,0.0
1970-01-01 00:00:00.079496882,0.079496882,0.0,0.0,0.0,0.0,0.0,221.32811,0.0,0.0,-1.5707964,0.0
1970-01-01 00:00:00.079540613,0.079540613,0.0,0.0,0.0,0.0,0.0,606.593,0.0,0.0,-1.5707964,0.0
1970-01-01 00:00:00.079658297,0.079658297,0.0,0.0,0.0,0.0,0.0,367.89893,0.0,0.0,-1.5707964,0.0
1970-01-01 00:00:00.079934213,0.079934213,0.0,0.0,0.0,0.0,212.87485,0.0,0.0,0.0,-1.5707964,0.0
1970-01-01 00:00:00.079987424,0.079987424,0.0,0.0,0.0,0.0,98.318375,0.0,0.0,0.0,-1.5707964,0.0
1970-01-01 00:00:00.080156201,0.080156201,612.38715,0.0,0.0,0.0,0.0,0.0,0.0,0.0,-1.5707964,0.0
1970-01-01 00:00:00.080571145,0.080571145,0.0,81.831764,0.0,0.0,0.0,0.0,0.0,0.0,-1.5707964,0.0
1970-01-01 00:00:00.080620723,0.080620723,670.1362,0.0,0.0,0.0,0.0,0.0,0.0,0.0,-1.5707964,0.0
1970-01-01 00:00:00.080904577,0.080904577,0.0,0.0,0.0,0.0,309.5818,0.0,0.0,0.0,-1.5707964,0.0
1970-01-01 00:00:00.080931971,0.080931971,0.0,107.18625,0.0,0.0,0.0,0.0,0.0,0.0,-1.5707964,0.0
1970-01-01 00:00:00.081016602,0.081016602,0.0,0.0,0.0,0.0,0.0,423.47488,0.0,0.0,-1.5707964,0.0
1970-01-01 00:00:00.081100045,0.081100045,326.1025,0.0,0.0,0.0,0.0,0.0,0.0,0.0,-1.5707964,0.0
1970-01-01 00:00:00.081243403,0.081243403,0.0,0.0,0.0,435.24994,0.0,0.0,0.0,0.0,-1.5707964,0.0
1970-01-01 00:00:00.081477986,0.081477986,0.0,0.0,0.0,0.0,0.0,102.935486,0.0,0.0,-1.5707964,0.0
1970-01-01 00:00:00.081521638,0.081521638,0.0,0.0,0.0,167.8707,0.0,0.0,0.0,0.0,-1.5707964,0.0
1970-01-01 00:00:00.081527416,0.081527416,0.0,0.0,0.0,0.0,0.0,139.34123,0.0,0.0,-1.5707964,0.0
1970-01-01 00:00:00.081712643,0.081712643,255.38614,0.0,0.0,0.0,0.0,0.0,0.0,0.0,-1.5707964,0.0
1970-01-01 00:00:00.081730673,0.081730673,0.0,0.0,0.0,0.0,0.0,262.51276,0.0,0.0,-1.5707964,0.0
1970-01-01 00:00:00.081891423,0.081891423,0.0,0.0,526.1235,0.0,0.0,0.0,0.0,0.0,-1.5707964,0.0
1970-01-01 00:00:00.082239877,0.082239877,0.0,0.0,0.0,272.97617,0.0,0.0,0.0,0.0,-1.5707964,0.0
1970-01-01 00:00:00.082295831,0.082295831,254.82697,0.0,0.0,0.0,0.0,0.0,0.0,0.0,-1.5707964,0.0
1970-01-01 00:00:00.082295831,0.082295831,0.0,0.0,0.0,0.0,0.0,164.5784,0.0,0.0,-1.5707964,0.0
1970-01-01 00:00:00.082350338,0.082350338,0.0,0.0,0.0,0.0,116.57397,0.0,0.0,0.0,-1.5707964,0.0
1970-01-01 00:00:00.082357280,0.08235728,0.0,0.0,0.0,0.0,0.0,349.5541,0.0,0.0,-1.5707964,0.0
1970-01-01 00:00:00.082406177,0.082406177,0.0,0.0,0.0,0.0,0.0,630.47314,0.0,0.0,-1.5707964,0.0
1970-01-01 00:00:00.082490967,0.082490967,0.0,0.0,0.0,0.0,0.0,2369.92,0.0,0.0,-1.5707964,0.0
1970-01-01 00:00:00.082502569,0.082502569,0.0,0.0,0.0,0.0,0.0,161.77536,0.0,0.0,-1.5707964,0.0
1970-01-01 00:00:00.082657411,0.082657411,0.0,0.0,0.0,236.861,0.0,0.0,0.0,0.0,-1.5707964,0.0
1970-01-01 00:00:00.082685895,0.082685895,0.0,0.0,0.0,1654.6746,0.0,0.0,0.0,0.0,-1.5707964,0.0
1970-01-01 00:00:00.082730411,0.082730411,0.0,0.0,0.0,0.0,0.0,817.69824,0.0,0.0,-1.5707964,0.0
1970-01-01 00:00:00.082752855,0.082752855,0.0,0.0,0.0,818.70905,0.0,0.0,0.0,0.0,-1.5707964,0.0
1970-01-01 00:00:00.082768615,0.082768615,0.0,0.0,188.57251,0.0,0.0,0.0,0.0,0.0,-1.5707964,0.0
1970-01-01 00:00:00.082883085,0.082883085,0.0,0.0,0.0,151.85704,0.0,0.0,0.0,0.0,-1.5707964,0.0
1970-01-01 00:00:00.082909482,0.082909482,0.0,0.0,0.0,0.0,0.0,1759.321,0.0,0.0,-1.5707964,0.0
1970-01-01 00:00:00.083072410,0.08307241,264.1068,0.0,0.0,0.0,0.0,0.0,0.0,0.0,-1.5707964,0.0
1970-01-01 00:00:00.083109056,0.083109056,0.0,0.0,0.0,2197.4978,0.0,0.0,0.0,0.0,-1.5707964,0.0
1970-01-01 00:00:00.083237548,0.083237548,0.0,0.0,0.0,0.0,0.0,89.18755,0.0,0.0,-1.5707964,0.0
1970-01-01 00:00:00.083252411,0.083252411,0.0,0.0,0.0,92.11329,0.0,0.0,0.0,0.0,-1.5707964,0.0
1970-01-01 00:00:00.083485967,0.083485967,0.0,0.0,0.0,0.0,423.6153,0.0,0.0,0.0,-1.5707964,0.0
1970-01-01 00:00:00.083523613,0.083523613,0.0,0.0,0.0,0.0,286.6148,0.0,0.0,0.0,-1.5707964,0.0
1970-01-01 00:00:00.083544658,0.083544658,0.0,0.0,0.0,931.46375,0.0,0.0,0.0,0.0,-1.5707964,0.0
1970-01-01 00:00:00.083606915,0.083606915,0.0,0.0,383.9329,0.0,0.0,0.0,0.0,0.0,-1.5707964,0.0
1970-01-01 00:00:00.083641181,0.083641181,0.0,0.0,0.0,182.30965,0.0,0.0,0.0,0.0,-1.5707964,0.0
1970-01-01 00:00:00.083843172,0.083843172,0.0,0.0,161.40953,0.0,0.0,0.0,0.0,0.0,-1.5707964,0.0
1970-01-01 00:00:00.083967615,0.083967615,0.0,0.0,0.0,0.0,0.0,262.98413,0.0,0.0,-1.5707964,0.0
1970-01-01 00:00:00.084007675,0.084007675,138.04922,0.0,0.0,0.0,0.0,0.0,0.0,0.0,-1.5707964,0.0
1970-01-01 00:00:00.084020547,0.084020547,0.0,0.0,0.0,0.0,325.15756,0.0,0.0,0.0,-1.5707964,0.0
1970-01-01 00:00:00.084115930,0.08411593,0.0,0.0,2812.6577,0.0,0.0,0.0,0.0,0.0,-1.5707964,0.0
1970-01-01 00:00:00.084140356,0.084140356,0.0,0.0,854.07477,0.0,0.0,0.0,0.0,0.0,-1.5707964,0.0
1970-01-01 00:00:00.084164635,0.084164635,0.0,0.0,0.0,0.0,0.0,141.79976,0.0,0.0,-1.5707964,0.0
1970-01-01 00:00:00.084591289,0.084591289,0.0,0.0,0.0,124.36196,0.0,0.0,0.0,0.0,-1.5707964,0.0
1970-01-01 00:00:00.084669078,0.084669078,0.0,0.0,0.0,0.0,0.0,411.8704,0.0,0.0,-1.5707964,0.0
1970-01-01 00:00:00.084694704,0.084694704,0.0,0.0,0.0,0.0,0.0,259.3385,0.0,0.0,-1.5707964,0.0
1970-01-01 00:00:00.084696183,0.084696183,0.0,0.0,0.0,156.42871,0.0,0.0,0.0,0.0,-1.5707964,0.0
1970-01-01 00:00:00.084703463,0.084703463,0.0,0.0,0.0,122.71935,0.0,0.0,0.0,0.0,-1.5707964,0.0
1970-01-01 00:00:00.084770085,0.084770085,0.0,0.0,0.0,480.38702,0.0,0.0,0.0,0.0,-1.5707964,0.0
1970-01-01 00:00:00.084827622,0.084827622,0.0,0.0,0.0,0.0,0.0,114.372055,0.0,0.0,-1.5707964,0.0
1970-01-01 00:00:00.084848127,0.084848127,0.0,0.0,0.0,0.0,400.6783,0.0,0.0,0.0,-1.5707964,0.0
1970-01-01 00:00:00.084858118,0.084858118,0.0,0.0,0.0,0.0,0.0,285.90747,0.0,0.0,-1.5707964,0.0
1970-01-01 00:00:00.085056555,0.085056555,0.0,0.0,1770.667,0.0,0.0,0.0,0.0,0.0,-1.5707964,0.0
1970-01-01 00:00:00.085112246,0.085112246,0.0,0.0,0.0,605.99066,0.0,0.0,0.0,0.0,-1.5707964,0.0
1970-01-01 00:00:00.085114342,0.085114342,0.0,1162.0448,0.0,0.0,0.0,0.0,0.0,0.0,-1.5707964,0.0
1970-01-01 00:00:00.085114342,0.085114342,0.0,0.0,0.0,777.0692,0.0,0.0,0.0,0.0,-1.5707964,0.0
1970-01-01 00:00:00.085116535,0.085116535,0.0,0.0,0.0,0.0,0.0,1051.3478,0.0,0.0,-1.5707964,0.0
1970-01-01 00:00:00.085117691,0.085117691,0.0,0.0,0.0,0.0,0.0,351.34268,0.0,0.0,-1.5707964,0.0
1970-01-01 00:00:00.085125482,0.085125482,0.0,0.0,0.0,0.0,0.0,1292.4846,0.0,0.0,-1.5707964,0.0
1970-01-01 00:00:00.085154606,0.085154606,0.0,0.0,0.0,0.0,1211.6493,0.0,0.0,0.0,-1.5707964,0.0
1970-01-01 00:00:00.085169779,0.085169779,0.0,0.0,0.0,253.51443,0.0,0.0,0.0,0.0,-1.5707964,0.0
1970-01-01 00:00:00.085268082,0.085268082,0.0,0.0,0.0,0.0,0.0,139.91974,0.0,0.0,-1.5707964,0.0
1970-01-01 00:00:00.085316663,0.085316663,0.0,0.0,0.0,0.0,85.12365,0.0,0.0,0.0,-1.5707964,0.0
1970-01-01 00:00:00.085363164,0.085363164,0.0,0.0,0.0,192.37587,0.0,0.0,0.0,0.0,-1.5707964,0.0
1970-01-01 00:00:00.085391576,0.085391576,0.0,0.0,0.0,259.82516,0.0,0.0,0.0,0.0,-1.5707964,0.0
1970-01-01 00:00:00.085396353,0.085396353,0.0,0.0,0.0,0.0,0.0,119.12986,0.0,0.0,-1.5707964,0.0
1970-01-01 00:00:00.085419614,0.085419614,0.0,0.0,0.0,0.0,0.0,128.2117,0.0,0.0,-1.5707964,0.0
1970-01-01 00:00:00.085575053,0.085575053,0.0,0.0,0.0,735.67426,0.0,0.0,0.0,0.0,-1.5707964,0.0
1970-01-01 00:00:00.085622165,0.085622165,0.0,0.0,0.0,0.0,171.92145,0.0,0.0,0.0,-1.5707964,0.0
1970-01-01 00:00:00.085624272,0.085624272,0.0,0.0,0.0,0.0,374.1862,0.0,0.0,0.0,-1.5707964,0.0
1970-01-01 00:00:00.085627527,0.085627527,0.0,0.0,0.0,0.0,0.0,300.25684,0.0,0.0,-1.5707964,0.0
1970-01-01 00:00:00.085638705,0.085638705,110.87891,0.0,0.0,0.0,0.0,0.0,0.0,0.0,-1.5707964,0.0
1970-01-01 00:00:00.085691844,0.085691844,0.0,0.0,0.0,0.0,0.0,1168.4257,0.0,0.0,-1.5707964,0.0
1970-01-01 00:00:00.085734189,0.085734189,0.0,0.0,0.0,0.0,0.0,174.75574,0.0,0.0,-1.5707964,0.0
1970-01-01 00:00:00.085752834,0.085752834,0.0,0.0,0.0,0.0,0.0,215.50053,0.0,0.0,-1.5707964,0.0
1970-01-01 00:00:00.085891154,0.085891154,0.0,0.0,1007.5139,0.0,0.0,0.0,0.0,0.0,-1.5707964,0.0
1970-01-01 00:00:00.085924402,0.085924402,0.0,0.0,0.0,101.57768,0.0,0.0,0.0,0.0,-1.5707964,0.0
1970-01-01 00:00:00.086040091,0.086040091,0.0,0.0,0.0,103.770325,0.0,0.0,0.0,0.0,-1.5707964,0.0
1970-01-01 00:00:00.086091843,0.086091843,0.0,0.0,0.0,337.16977,0.0,0.0,0.0,0.0,-1.5707964,0.0
1970-01-01 00:00:00.086106269,0.086106269,0.0,0.0,0.0,1190.7972,0.0,0.0,0.0,0.0,-1.5707964,0.0
1970-01-01 00:00:00.086113890,0.08611389,0.0,0.0,382.51544,0.0,0.0,0.0,0.0,0.0,-1.5707964,0.0
1970-01-01 00:00:00.086127554,0.086127554,0.0,0.0,468.4265,0.0,0.0,0.0,0.0,0.0,-1.5707964,0.0
1970-01-01 00:00:00.086217435,0.086217435,0.0,0.0,0.0,0.0,341.2085,0.0,0.0,0.0,-1.5707964,0.0
1970-01-01 00:00:00.086285596,0.086285596,0.0,0.0,0.0,88.70117,0.0,0.0,0.0,0.0,-1.5707964,0.0
1970-01-01 00:00:00.086318103,0.086318103,0.0,0.0,0.0,0.0,226.12749,0.0,0.0,0.0,-1.5707964,0.0
1970-01-01 00:00:00.086420486,0.086420486,0.0,0.0,410.0534,0.0,0.0,0.0,0.0,0.0,-1.5707964,0.0
1970-01-01 00:00:00.086491096,0.086491096,0.0,0.0,0.0,0.0,0.0,690.5562,0.0,0.0,-1.5707964,0.0
1970-01-01 00:00:00.086527712,0.086527712,1013.1122,0.0,0.0,0.0,0.0,0.0,0.0,0.0,-1.5707964,0.0
1970-01-01 00:00:00.086562968,0.086562968,0.0,0.0,0.0,0.0,0.0,93.186714,0.0,0.0,-1.5707964,0.0
1970-01-01 00:00:00.086868341,0.086868341,0.0,0.0,0.0,0.0,0.0,81.845024,0.0,0.0,-1.5707964,0.0
1970-01-01 00:00:00.086972685,0.086972685,0.0,0.0,0.0,0.0,0.0,299.31332,0.0,0.0,-1.5707964,0.0
1970-01-01 00:00:00.087013525,0.087013525,0.0,0.0,0.0,0.0,267.12405,0.0,0.0,0.0,-1.5707964,0.0
1970-01-01 00:00:00.087083366,0.087083366,0.0,0.0,113.1929,0.0,0.0,0.0,0.0,0.0,-1.5707964,0.0
1970-01-01 00:00:00.087142221,0.087142221,0.0,0.0,0.0,0.0,0.0,369.9528,0.0,0.0,-1.5707964,0.0
1970-01-01 00:00:00.087226465,0.087226465,0.0,0.0,0.0,0.0,381.30542,0.0,0.0,0.0,-1.5707964,0.0
1970-01-01 00:00:00.087274364,0.087274364,0.0,230.65575,0.0,0.0,0.0,0.0,0.0,0.0,-1.5707964,0.0
1970-01-01 00:00:00.087303064,0.087303064,0.0,0.0,0.0,0.0,0.0,511.333,0.0,0.0,-1.5707964,0.0
1970-01-01 00:00:00.087307142,0.087307142,0.0,0.0,0.0,106.75532,0.0,0.0,0.0,0.0,-1.5707964,0.0
1970-01-01 00:00:00.087442488,0.087442488,388.325,0.0,0.0,0.0,0.0,0.0,0.0,0.0,-1.5707964,0.0
1970-01-01 00:00:00.087513468,0.087513468,0.0,0.0,0.0,0.0,0.0,874.2827,0.0,0.0,-1.5707964,0.0
1970-01-01 00:00:00.087674809,0.087674809,0.0,0.0,449.6745,0.0,0.0,0.0,0.0,0.0,-1.5707964,0.0
1970-01-01 00:00:00.087678002,0.087678002,0.0,0.0,0.0,0.0,0.0,2436.4873,0.0,0.0,-1.5707964,0.0
1970-01-01 00:00:00.087678002,0.087678002,0.0,0.0,0.0,505.00903,0.0,0.0,0.0,0.0,-1.5707964,0.0
1970-01-01 00:00:00.087682122,0.087682122,0.0,0.0,0.0,0.0,0.0,654.35425,0.0,0.0,-1.5707964,0.0
1970-01-01 00:00:00.087685418,0.087685418,0.0,0.0,0.0,0.0,0.0,368.6795,0.0,0.0,-1.5707964,0.0
1970-01-01 00:00:00.087749386,0.087749386,0.0,0.0,0.0,0.0,759.14417,0.0,0.0,0.0,-1.5707964,0.0
1970-01-01 00:00:00.087785988,0.087785988,0.0,0.0,0.0,346.67725,0.0,0.0,0.0,0.0,-1.5707964,0.0
1970-01-01 00:00:00.087945058,0.087945058,0.0,0.0,0.0,0.0,0.0,5466.279,0.0,0.0,-1.5707964,0.0
1970-01-01 00:00:00.087977282,0.087977282,0.0,0.0,0.0,0.0,0.0,990.1664,0.0,0.0,-1.5707964,0.0
1970-01-01 00:00:00.088017738,0.088017738,0.0,0.0,0.0,143.55879,0.0,0.0,0.0,0.0,-1.5707964,0.0
1970-01-01 00:00:00.088097497,0.088097497,0.0,0.0,83.94348,0.0,0.0,0.0,0.0,0.0,-1.5707964,0.0
1970-01-01 00:00:00.088188927,0.088188927,0.0,0.0,0.0,0.0,0.0,122.16106,0.0,0.0,-1.5707964,0.0
1970-01-01 00:00:00.088352852,0.088352852,0.0,0.0,0.0,0.0,0.0,750.8449,0.0,0.0,-1.5707964,0.0
1970-01-01 00:00:00.088507695,0.088507695,0.0,0.0,0.0,0.0,0.0,218.03375,0.0,0.0,-1.5707964,0.0
1970-01-01 00:00:00.088523431,0.088523431,0.0,0.0,0.0,0.0,0.0,312.62314,0.0,0.0,-1.5707964,0.0
1970-01-01 00:00:00.088557083,0.088557083,0.0,0.0,0.0,0.0,0.0,337.4578,0.0,0.0,-1.5707964,0.0
1970-01-01 00:00:00.088585829,0.088585829,0.0,0.0,1073.7183,0.0,0.0,0.0,0.0,0.0,-1.5707964,0.0
1970-01-01 00:00:00.088749158,0.088749158,0.0,209.9615,0.0,0.0,0.0,0.0,0.0,0.0,-1.5707964,0.0
1970-01-01 00:00:00.088752714,0.088752714,0.0,0.0,0.0,0.0,0.0,415.97256,0.0,0.0,-1.5707964,0.0
1970-01-01 00:00:00.088833277,0.088833277,0.0,0.0,0.0,0.0,0.0,170.37497,0.0,0.0,-1.5707964,0.0
1970-01-01 00:00:00.088843266,0.088843266,0.0,0.0,0.0,0.0,0.0,1744.7129,0.0,0.0,-1.5707964,0.0
1970-01-01 00:00:00.088950277,0.088950277,0.0,0.0,0.0,595.3271,0.0,0.0,0.0,0.0,-1.5707964,0.0
1970-01-01 00:00:00.088990394,0.088990394,0.0,0.0,0.0,0.0,314.69266,0.0,0.0,0.0,-1.5707964,0.0
1970-01-01 00:00:00.089059451,0.089059451,0.0,0.0,0.0,0.0,0.0,542.6937,0.0,0.0,-1.5707964,0.0
1970-01-01 00:00:00.089100019,0.089100019,0.0,0.0,0.0,0.0,0.0,218.61488,0.0,0.0,-1.5707964,0.0
1970-01-01 00:00:00.089190350,0.08919035,1170.2185,0.0,0.0,0.0,0.0,0.0,0.0,0.0,-1.5707964,0.0
1970-01-01 00:00:00.089218315,0.089218315,0.0,0.0,0.0,0.0,0.0,590.69714,0.0,0.0,-1.5707964,0.0
1970-01-01 00:00:00.089281534,0.089281534,0.0,0.0,0.0,577.9451,0.0,0.0,0.0,0.0,-1.5707964,0.0
1970-01-01 00:00:00.089349741,0.089349741,0.0,0.0,0.0,0.0,0.0,317.754,0.0,0.0,-1.5707964,0.0
1970-01-01 00:00:00.089436498,0.089436498,0.0,0.0,0.0,0.0,0.0,337.6307,0.0,0.0,-1.5707964,0.0
1970-01-01 00:00:00.089440347,0.089440347,0.0,0.0,0.0,0.0,0.0,397.28265,0.0,0.0,-1.5707964,0.0
1970-01-01 00:00:00.089451270,0.08945127,263.61404,0.0,0.0,0.0,0.0,0.0,0.0,0.0,-1.5707964,0.0
1970-01-01 00:00:00.089480269,0.089480269,0.0,0.0,0.0,0.0,803.5627,0.0,0.0,0.0,-1.5707964,0.0
1970-01-01 00:00:00.089584806,0.089584806,0.0,0.0,406.624,0.0,0.0,0.0,0.0,0.0,-1.5707964,0.0
1970-01-01 00:00:00.089604645,0.089604645,0.0,0.0,0.0,0.0,98.37679,0.0,0.0,0.0,-1.5707964,0.0
1970-01-01 00:00:00.089607794,0.089607794,0.0,0.0,0.0,0.0,0.0,318.07623,0.0,0.0,-1.5707964,0.0
1970-01-01 00:00:00.089631580,0.08963158,0.0,0.0,0.0,743.1158,0.0,0.0,0.0,0.0,-1.5707964,0.0
1970-01-01 00:00:00.089650229,0.089650229,0.0,0.0,0.0,402.3951,0.0,0.0,0.0,0.0,-1.5707964,0.0
1970-01-01 00:00:00.089755158,0.089755158,0.0,0.0,0.0,2156.3508,0.0,0.0,0.0,0.0,-1.5707964,0.0
1970-01-01 00:00:00.089785485,0.089785485,0.0,0.0,0.0,1467.1854,0.0,0.0,0.0,0.0,-1.5707964,0.0
1970-01-01 00:00:00.089934935,0.089934935,191.87001,0.0,0.0,0.0,0.0,0.0,0.0,0.0,-1.5707964,0.0
1970-01-01 00:00:00.090046144,0.090046144,0.0,0.0,0.0,0.0,0.0,1043.3636,0.0,0.0,-1.5707964,0.0
1970-01-01 00:00:00.090176801,0.090176801,0.0,0.0,0.0,0.0,181.37143,0.0,0.0,0.0,-1.5707964,0.0
1970-01-01 00:00:00.090192147,0.090192147,0.0,0.0,0.0,235.82417,0.0,0.0,0.0,0.0,-1.5707964,0.0
1970-01-01 00:00:00.090349082,0.090349082,0.0,0.0,0.0,0.0,1176.5023,0.0,0.0,0.0,-1.5707964,0.0
1970-01-01 00:00:00.090410430,0.09041043,0.0,0.0,0.0,0.0,0.0,512.64777,0.0,0.0,-1.5707964,0.0
1970-01-01 00:00:00.090438838,0.090438838,0.0,0.0,0.0,623.163,0.0,0.0,0.0,0.0,-1.5707964,0.0
1970-01-01 00:00:00.090542235,0.090542235,0.0,639.7203,0.0,0.0,0.0,0.0,0.0,0.0,-1.5707964,0.0
1970-01-01 00:00:00.090712821,0.090712821,0.0,0.0,1074.1301,0.0,0.0,0.0,0.0,0.0,-1.5707964,0.0
1970-01-01 00:00:00.090759896,0.090759896,0.0,0.0,0.0,1085.963,0.0,0.0,0.0,0.0,-1.5707964,0.0
1970-01-01 00:00:00.090863225,0.090863225,0.0,0.0,0.0,119.74491,0.0,0.0,0.0,0.0,-1.5707964,0.0
1970-01-01 00:00:00.091035998,0.091035998,0.0,0.0,0.0,0.0,0.0,242.42728,0.0,0.0,-1.5707964,0.0
1970-01-01 00:00:00.091235431,0.091235431,0.0,0.0,0.0,848.89264,0.0,0.0,0.0,0.0,-1.5707964,0.0
1970-01-01 00:00:00.091246558,0.091246558,0.0,0.0,0.0,0.0,0.0,2424.4133,0.0,0.0,-1.5707964,0.0
1970-01-01 00:00:00.091406639,0.091406639,0.0,0.0,448.45627,0.0,0.0,0.0,0.0,0.0,-1.5707964,0.0
1970-01-01 00:00:00.091475334,0.091475334,0.0,0.0,0.0,120.562805,0.0,0.0,0.0,0.0,-1.5707964,0.0
1970-01-01 00:00:00.091715183,0.091715183,0.0,0.0,0.0,193.34889,0.0,0.0,0.0,0.0,-1.5707964,0.0
1970-01-01 00:00:00.091741087,0.091741087,0.0,0.0,0.0,0.0,0.0,1180.4114,0.0,0.0,-1.5707964,0.0
1970-01-01 00:00:00.091747450,0.09174745,0.0,0.0,0.0,0.0,250.47437,0.0,0.0,0.0,-1.5707964,0.0
1970-01-01 00:00:00.091760577,0.091760577,0.0,0.0,761.90765,0.0,0.0,0.0,0.0,0.0,-1.5707964,0.0
1970-01-01 00:00:00.091919467,0.091919467,0.0,0.0,0.0,128.30531,0.0,0.0,0.0,0.0,-1.5707964,0.0
1970-01-01 00:00:00.091932861,0.091932861,0.0,0.0,0.0,0.0,0.0,242.71489,0.0,0.0,-1.5707964,0.0
1970-01-01 00:00:00.091990220,0.09199022,0.0,320.14496,0.0,0.0,0.0,0.0,0.0,0.0,-1.5707964,0.0
1970-01-01 00:00:00.091990220,0.09199022,0.0,577.9412,0.0,0.0,0.0,0.0,0.0,0.0,-1.5707964,0.0
1970-01-01 00:00:00.092073655,0.092073655,0.0,0.0,0.0,0.0,0.0,169.26878,0.0,0.0,-1.5707964,0.0
1970-01-01 00:00:00.092099820,0.09209982,192.2065,0.0,0.0,0.0,0.0,0.0,0.0,0.0,-1.5707964,0.0
1970-01-01 00:00:00.092099820,0.09209982,0.0,0.0,190.6486,0.0,0.0,0.0,0.0,0.0,-1.5707964,0.0
1970-01-01 00:00:00.092151167,0.092151167,0.0,0.0,0.0,97.74299,0.0,0.0,0.0,0.0,-1.5707964,0.0
1970-01-01 00:00:00.092427077,0.092427077,0.0,0.0,0.0,0.0,0.0,521.8579,0.0,0.0,-1.5707964,0.0
1970-01-01 00:00:00.092624416,0.092624416,0.0,0.0,0.0,1400.0787,0.0,0.0,0.0,0.0,-1.5707964,0.0
1970-01-01 00:00:00.092723191,0.092723191,0.0,0.0,0.0,0.0,0.0,226.23114,0.0,0.0,-1.5707964,0.0
1970-01-01 00:00:00.092818703,0.092818703,0.0,0.0,0.0,0.0,117.5054,0.0,0.0,0.0,-1.5707964,0.0
1970-01-01 00:00:00.092819706,0.092819706,0.0,0.0,0.0,0.0,219.40149,0.0,0.0,0.0,-1.5707964,0.0
1970-01-01 00:00:00.092988362,0.092988362,300.99863,0.0,0.0,0.0,0.0,0.0,0.0,0.0,-1.5707964,0.0
1970-01-01 00:00:00.093040259,0.093040259,0.0,0.0,0.0,0.0,0.0,171.64647,0.0,0.0,-1.5707964,0.0
1970-01-01 00:00:00.093064097,0.093064097,0.0,0.0,638.92535,0.0,0.0,0.0,0.0,0.0,-1.5707964,0.0
1970-01-01 00:00:00.093073782,0.093073782,0.0,189.87573,0.0,0.0,0.0,0.0,0.0,0.0,-1.5707964,0.0
1970-01-01 00:00:00.093120819,0.093120819,0.0,0.0,0.0,0.0,0.0,214.4169,0.0,0.0,-1.5707964,0.0
1970-01-01 00:00:00.093378549,0.093378549,0.0,0.0,0.0,0.0,0.0,274.39468,0.0,0.0,-1.5707964,0.0
1970-01-01 00:00:00.093521179,0.093521179,0.0,0.0,0.0,0.0,329.57376,0.0,0.0,0.0,-1.5707964,0.0
1970-01-01 00:00:00.093521297,0.093521297,0.0,0.0,0.0,0.0,0.0,252.6572,0.0,0.0,-1.5707964,0.0
1970-01-01 00:00:00.093522952,0.093522952,0.0,0.0,0.0,0.0,0.0,103.89597,0.0,0.0,-1.5707964,0.0
1970-01-01 00:00:00.093597725,0.093597725,0.0,0.0,0.0,0.0,0.0,250.67296,0.0,0.0,-1.5707964,0.0
1970-01-01 00:00:00.093768530,0.09376853,0.0,0.0,0.0,519.72845,0.0,0.0,0.0,0.0,-1.5707964,0.0
1970-01-01 00:00:00.093826749,0.093826749,0.0,0.0,0.0,0.0,0.0,255.51213,0.0,0.0,-1.5707964,0.0
1970-01-01 00:00:00.094048635,0.094048635,0.0,0.0,1885.0782,0.0,0.0,0.0,0.0,0.0,-1.5707964,0.0
1970-01-01 00:00:00.094176161,0.094176161,0.0,0.0,0.0,0.0,0.0,1490.6133,0.0,0.0,-1.5707964,0.0
1970-01-01 00:00:00.094301731,0.094301731,0.0,0.0,0.0,0.0,0.0,302.79117,0.0,0.0,-1.5707964,0.0
1970-01-01 00:00:00.094332597,0.094332597,0.0,0.0,0.0,0.0,0.0,277.13052,0.0,0.0,-1.5707964,0.0
1970-01-01 00:00:00.094495909,0.094495909,0.0,0.0,0.0,143.24939,0.0,0.0,0.0,0.0,-1.5707964,0.0
1970-01-01 00:00:00.094597610,0.09459761,0.0,0.0,0.0,0.0,1939.4178,0.0,0.0,0.0,-1.5707964,0.0
1970-01-01 00:00:00.094635806,0.094635806,0.0,0.0,0.0,1565.0305,0.0,0.0,0.0,0.0,-1.5707964,0.0
1970-01-01 00:00:00.095075879,0.095075879,0.0,0.0,0.0,0.0,0.0,905.1377,0.0,0.0,-1.5707964,0.0
1970-01-01 00:00:00.095080563,0.095080563,0.0,0.0,237.84712,0.0,0.0,0.0,0.0,0.0,-1.5707964,0.0
1970-01-01 00:00:00.095125680,0.09512568,0.0,0.0,0.0,0.0,0.0,385.33328,0.0,0.0,-1.5707964,0.0
1970-01-01 00:00:00.095210993,0.095210993,0.0,0.0,0.0,183.03409,0.0,0.0,0.0,0.0,-1.5707964,0.0
1970-01-01 00:00:00.095542617,0.095542617,0.0,0.0,0.0,181.93039,0.0,0.0,0.0,0.0,-1.5707964,0.0
1970-01-01 00:00:00.095557289,0.095557289,0.0,0.0,0.0,0.0,0.0,315.39417,0.0,0.0,-1.5707964,0.0
1970-01-01 00:00:00.095634910,0.09563491,0.0,0.0,0.0,155.42755,0.0,0.0,0.0,0.0,-1.5707964,0.0
1970-01-01 00:00:00.095679815,0.095679815,0.0,0.0,0.0,0.0,0.0,555.30945,0.0,0.0,-1.5707964,0.0
1970-01-01 00:00:00.095761848,0.095761848,0.0,0.0,0.0,465.81506,0.0,0.0,0.0,0.0,-1.5707964,0.0
1970-01-01 00:00:00.095770065,0.095770065,0.0,0.0,0.0,0.0,0.0,91.72943,0.0,0.0,-1.5707964,0.0
1970-01-01 00:00:00.096029015,0.096029015,0.0,443.15982,0.0,0.0,0.0,0.0,0.0,0.0,-1.5707964,0.0
1970-01-01 00:00:00.096393735,0.096393735,0.0,0.0,0.0,546.9392,0.0,0.0,0.0,0.0,-1.5707964,0.0
1970-01-01 00:00:00.096393735,0.096393735,0.0,0.0,0.0,0.0,0.0,1315.9277,0.0,0.0,-1.5707964,0.0
1970-01-01 00:00:00.096442252,0.096442252,0.0,0.0,0.0,0.0,343.9651,0.0,0.0,0.0,-1.5707964,0.0
1970-01-01 00:00:00.096471987,0.096471987,0.0,0.0,0.0,0.0,0.0,260.92538,0.0,0.0,-1.5707964,0.0
1970-01-01 00:00:00.096641242,0.096641242,0.0,0.0,0.0,0.0,128.88942,0.0,0.0,0.0,-1.5707964,0.0
1970-01-01 00:00:00.096643288,0.096643288,0.0,209.68889,0.0,0.0,0.0,0.0,0.0,0.0,-1.5707964,0.0
1970-01-01 00:00:00.096643288,0.096643288,0.0,0.0,0.0,1073.5563,0.0,0.0,0.0,0.0,-1.5707964,0.0
1970-01-01 00:00:00.096676712,0.096676712,0.0,0.0,110.77967,0.0,0.0,0.0,0.0,0.0,-1.5707964,0.0
1970-01-01 00:00:00.096703000,0.096703,0.0,0.0,0.0,245.2605,0.0,0.0,0.0,0.0,-1.5707964,0.0
1970-01-01 00:00:00.096781098,0.096781098,0.0,0.0,0.0,0.0,0.0,373.93845,0.0,0.0,-1.5707964,0.0
1970-01-01 00:00:00.096846924,0.096846924,263.73593,0.0,0.0,0.0,0.0,0.0,0.0,0.0,-1.5707964,0.0
1970-01-01 00:00:00.096888398,0.096888398,0.0,0.0,0.0,1219.8596,0.0,0.0,0.0,0.0,-1.5707964,0.0
1970-01-01 00:00:00.096943828,0.096943828,0.0,0.0,0.0,0.0,207.20682,0.0,0.0,0.0,-1.5707964,0.0
1970-01-01 00:00:00.096943828,0.096943828,0.0,0.0,494.49622,0.0,0.0,0.0,0.0,0.0,-1.5707964,0.0
1970-01-01 00:00:00.097008179,0.097008179,0.0,0.0,0.0,0.0,0.0,395.82306,0.0,0.0,-1.5707964,0.0
1970-01-01 00:00:00.097028159,0.097028159,0.0,490.70966,0.0,0.0,0.0,0.0,0.0,0.0,-1.5707964,0.0
1970-01-01 00:00:00.097172414,0.097172414,0.0,111.24755,0.0,0.0,0.0,0.0,0.0,0.0,-1.5707964,0.0
1970-01-01 00:00:00.097198514,0.097198514,0.0,0.0,0.0,0.0,0.0,275.29742,0.0,0.0,-1.5707964,0.0
1970-01-01 00:00:00.097365172,0.097365172,0.0,0.0,324.92184,0.0,0.0,0.0,0.0,0.0,-1.5707964,0.0
1970-01-01 00:00:00.097498835,0.097498835,0.0,0.0,319.19052,0.0,0.0,0.0,0.0,0.0,-1.5707964,0.0
1970-01-01 00:00:00.097527441,0.097527441,0.0,0.0,0.0,0.0,0.0,81.89554,0.0,0.0,-1.5707964,0.0
1970-01-01 00:00:00.097589131,0.097589131,0.0,0.0,0.0,0.0,0.0,324.01135,0.0,0.0,-1.5707964,0.0
1970-01-01 00:00:00.097756560,0.09775656,0.0,0.0,0.0,0.0,0.0,319.99918,0.0,0.0,-1.5707964,0.0
1970-01-01 00:00:00.098040793,0.098040793,0.0,0.0,0.0,0.0,0.0,81.71553,0.0,0.0,-1.5707964,0.0
1970-01-01 00:00:00.098041401,0.098041401,0.0,0.0,0.0,0.0,0.0,506.79395,0.0,0.0,-1.5707964,0.0
1970-01-01 00:00:00.098180971,0.098180971,0.0,0.0,0.0,246.47452,0.0,0.0,0.0,0.0,-1.5707964,0.0
1970-01-01 00:00:00.098221196,0.098221196,0.0,0.0,0.0,0.0,1198.6731,0.0,0.0,0.0,-1.5707964,0.0
1970-01-01 00:00:00.098221615,0.098221615,0.0,0.0,0.0,0.0,154.56483,0.0,0.0,0.0,-1.5707964,0.0
1970-01-01 00:00:00.098286468,0.098286468,0.0,0.0,0.0,0.0,0.0,492.225,0.0,0.0,-1.5707964,0.0
1970-01-01 00:00:00.098512297,0.098512297,0.0,0.0,0.0,656.75494,0.0,0.0,0.0,0.0,-1.5707964,0.0
1970-01-01 00:00:00.098650897,0.098650897,0.0,0.0,0.0,0.0,0.0,768.89813,0.0,0.0,-1.5707964,0.0
1970-01-01 00:00:00.099016143,0.099016143,0.0,0.0,0.0,0.0,0.0,238.92044,0.0,0.0,-1.5707964,0.0
1970-01-01 00:00:00.099060510,0.09906051,0.0,0.0,0.0,1014.7887,0.0,0.0,0.0,0.0,-1.5707964,0.0
1970-01-01 00:00:00.099330591,0.099330591,0.0,111.61422,0.0,0.0,0.0,0.0,0.0,0.0,-1.5707964,0.0
1970-01-01 00:00:00.099474043,0.099474043,0.0,0.0,0.0,0.0,0.0,388.9803,0.0,0.0,-1.5707964,0.0
1970-01-01 00:00:00.099498217,0.099498217,0.0,454.96906,0.0,0.0,0.0,0.0,0.0,0.0,-1.5707964,0.0
1970-01-01 00:00:00.099550639,0.099550639,0.0,0.0,250.14876,0.0,0.0,0.0,0.0,0.0,-1.5707964,0.0
1970-01-01 00:00:00.099579199,0.099579199,0.0,0.0,0.0,198.35765,0.0,0.0,0.0,0.0,-1.5707964,0.0
1970-01-01 00:00:00.100060117,0.100060117,0.0,0.0,337.8294,0.0,0.0,0.0,0.0,0.0,-1.5707964,0.0
1970-01-01 00:00:00.100131230,0.10013123,0.0,0.0,0.0,0.0,412.58264,0.0,0.0,0.0,-1.5707964,0.0
1970-01-01 00:00:00.100160757,0.100160757,0.0,0.0,88.088295,0.0,0.0,0.0,0.0,0.0,-1.5707964,0.0
1970-01-01 00:00:00.100212142,0.100212142,0.0,0.0,0.0,2012.0112,0.0,0.0,0.0,0.0,-1.5707964,0.0
1970-01-01 00:00:00.100235806,0.100235806,0.0,0.0,0.0,0.0,0.0,347.24783,0.0,0.0,-1.5707964,0.0
1970-01-01 00:00:00.100262018,0.100262018,0.0,0.0,0.0,204.26729,0.0,0.0,0.0,0.0,-1.5707964,0.0
1970-01-01 00:00:00.100356812,0.100356812,0.0,0.0,0.0,1040.0696,0.0,0.0,0.0,0.0,-1.5707964,0.0
1970-01-01 00:00:00.100361423,0.100361423,0.0,0.0,0.0,0.0,0.0,295.17532,0.0,0.0,-1.5707964,0.0
1970-01-01 00:00:00.100366561,0.100366561,0.0,0.0,0.0,0.0,0.0,531.22217,0.0,0.0,-1.5707964,0.0
1970-01-01 00:00:00.100567885,0.100567885,0.0,0.0,0.0,0.0,0.0,247.90652,0.0,0.0,-1.5707964,0.0
1970-01-01 00:00:00.100645999,0.100645999,0.0,0.0,0.0,0.0,0.0,685.8135,0.0,0.0,-1.5707964,0.0
1970-01-01 00:00:00.100740783,0.100740783,0.0,0.0,0.0,374.68436,0.0,0.0,0.0,0.0,-1.5707964,0.0
1970-01-01 00:00:00.100744149,0.100744149,0.0,0.0,0.0,0.0,200.3428,0.0,0.0,0.0,-1.5707964,0.0
1970-01-01 00:00:00.100962909,0.100962909,0.0,0.0,0.0,0.0,461.57718,0.0,0.0,0.0,-1.5707964,0.0
1970-01-01 00:00:00.101292901,0.101292901,0.0,0.0,0.0,168.72893,0.0,0.0,0.0,0.0,-1.5707964,0.0
1970-01-01 00:00:00.101415552,0.101415552,0.0,0.0,0.0,0.0,0.0,122.25489,0.0,0.0,-1.5707964,0.0
1970-01-01 00:00:00.101734351,0.101734351,0.0,0.0,0.0,0.0,0.0,358.54617,0.0,0.0,-1.5707964,0.0
1970-01-01 00:00:00.101877616,0.101877616,0.0,0.0,0.0,0.0,0.0,183.49863,0.0,0.0,-1.5707964,0.0
1970-01-01 00:00:00.101927841,0.101927841,0.0,285.67975,0.0,0.0,0.0,0.0,0.0,0.0,-1.5707964,0.0
1970-01-01 00:00:00.101986826,0.101986826,0.0,0.0,0.0,891.7897,0.0,0.0,0.0,0.0,-1.5707964,0.0
1970-01-01 00:00:00.102111692,0.102111692,0.0,0.0,0.0,0.0,816.9643,0.0,0.0,0.0,-1.5707964,0.0
1970-01-01 00:00:00.102207457,0.102207457,0.0,278.65802,0.0,0.0,0.0,0.0,0.0,0.0,-1.5707964,0.0
1970-01-01 00:00:00.102207457,0.102207457,0.0,0.0,0.0,182.85768,0.0,0.0,0.0,0.0,-1.5707964,0.0
1970-01-01 00:00:00.102304447,0.102304447,0.0,0.0,0.0,0.0,0.0,619.9493,0.0,0.0,-1.5707964,0.0
1970-01-01 00:00:00.102350271,0.102350271,0.0,0.0,0.0,0.0,0.0,94.74947,0.0,0.0,-1.5707964,0.0
1970-01-01 00:00:00.102366369,0.102366369,0.0,0.0,213.3786,0.0,0.0,0.0,0.0,0.0,-1.5707964,0.0
1970-01-01 00:00:00.102501962,0.102501962,0.0,0.0,0.0,0.0,0.0,228.71556,0.0,0.0,-1.5707964,0.0
1970-01-01 00:00:00.102605448,0.102605448,0.0,245.64456,0.0,0.0,0.0,0.0,0.0,0.0,-1.5707964,0.0
1970-01-01 00:00:00.102648913,0.102648913,0.0,0.0,0.0,0.0,0.0,260.4125,0.0,0.0,-1.5707964,0.0
1970-01-01 00:00:00.102683871,0.102683871,0.0,0.0,0.0,0.0,1111.9392,0.0,0.0,0.0,-1.5707964,0.0
1970-01-01 00:00:00.102782830,0.10278283,0.0,161.00574,0.0,0.0,0.0,0.0,0.0,0.0,-1.5707964,0.0
1970-01-01 00:00:00.102787986,0.102787986,0.0,0.0,0.0,0.0,601.80383,0.0,0.0,0.0,-1.5707964,0.0
1970-01-01 00:00:00.102787986,0.102787986,0.0,0.0,0.0,178.33142,0.0,0.0,0.0,0.0,-1.5707964,0.0
1970-01-01 00:00:00.102789302,0.102789302,0.0,0.0,0.0,0.0,0.0,570.6944,0.0,0.0,-1.5707964,0.0
1970-01-01 00:00:00.102899766,0.102899766,0.0,0.0,1585.1215,0.0,0.0,0.0,0.0,0.0,-1.5707964,0.0
1970-01-01 00:00:00.103181581,0.103181581,0.0,0.0,0.0,0.0,0.0,220.24048,0.0,0.0,-1.5707964,0.0
1970-01-01 00:00:00.103246734,0.103246734,0.0,0.0,0.0,0.0,0.0,186.37953,0.0,0.0,-1.5707964,0.0
1970-01-01 00:00:00.103297044,0.103297044,0.0,0.0,0.0,128.91814,0.0,0.0,0.0,0.0,-1.5707964,0.0
1970-01-01 00:00:00.103362677,0.103362677,0.0,0.0,4304.568,0.0,0.0,0.0,0.0,0.0,-1.5707964,0.0
1970-01-01 00:00:00.103564172,0.103564172,0.0,0.0,0.0,289.33652,0.0,0.0,0.0,0.0,-1.5707964,0.0
1970-01-01 00:00:00.103575610,0.10357561,0.0,0.0,0.0,0.0,1161.1672,0.0,0.0,0.0,-1.5707964,0.0
1970-01-01 00:00:00.103755345,0.103755345,0.0,0.0,0.0,0.0,0.0,179.5127,0.0,0.0,-1.5707964,0.0
1970-01-01 00:00:00.104056232,0.104056232,0.0,0.0,0.0,0.0,0.0,324.46558,0.0,0.0,-1.5707964,0.0
1970-01-01 00:00:00.104056787,0.104056787,0.0,0.0,0.0,579.65735,0.0,0.0,0.0,0.0,-1.5707964,0.0
1970-01-01 00:00:00.104122628,0.104122628,0.0,0.0,0.0,0.0,0.0,361.17407,0.0,0.0,-1.5707964,0.0
1970-01-01 00:00:00.104202153,0.104202153,0.0,0.0,0.0,0.0,635.0051,0.0,0.0,0.0,-1.5707964,0.0
1970-01-01 00:00:00.104207358,0.104207358,0.0,0.0,0.0,0.0,119.53862,0.0,0.0,0.0,-1.5707964,0.0
1970-01-01 00:00:00.104235486,0.104235486,0.0,0.0,0.0,0.0,0.0,561.15393,0.0,0.0,-1.5707964,0.0
1970-01-01 00:00:00.104322417,0.104322417,0.0,3713.9287,0.0,0.0,0.0,0.0,0.0,0.0,-1.5707964,0.0
1970-01-01 00:00:00.104322417,0.104322417,0.0,0.0,0.0,277.72092,0.0,0.0,0.0,0.0,-1.5707964,0.0
1970-01-01 00:00:00.104336574,0.104336574,0.0,0.0,0.0,0.0,0.0,163.42804,0.0,0.0,-1.5707964,0.0
1970-01-01 00:00:00.104347807,0.104347807,0.0,0.0,0.0,0.0,0.0,311.3208,0.0,0.0,-1.5707964,0.0
1970-01-01 00:00:00.104420234,0.104420234,0.0,0.0,0.0,134.61621,0.0,0.0,0.0,0.0,-1.5707964,0.0
1970-01-01 00:00:00.104527234,0.104527234,0.0,0.0,0.0,342.5107,0.0,0.0,0.0,0.0,-1.5707964,0.0
1970-01-01 00:00:00.104615291,0.104615291,0.0,0.0,0.0,0.0,84.11377,0.0,0.0,0.0,-1.5707964,0.0
1970-01-01 00:00:00.104671203,0.104671203,0.0,0.0,0.0,0.0,0.0,245.98306,0.0,0.0,-1.5707964,0.0
1970-01-01 00:00:00.104671203,0.104671203,213.8552,0.0,0.0,0.0,0.0,0.0,0.0,0.0,-1.5707964,0.0
1970-01-01 00:00:00.104837911,0.104837911,0.0,0.0,473.33508,0.0,0.0,0.0,0.0,0.0,-1.5707964,0.0
1970-01-01 00:00:00.104908949,0.104908949,0.0,0.0,0.0,0.0,0.0,195.81334,0.0,0.0,-1.5707964,0.0
1970-01-01 00:00:00.105150979,0.105150979,0.0,0.0,0.0,0.0,0.0,394.04565,0.0,0.0,-1.5707964,0.0
1970-01-01 00:00:00.105158887,0.105158887,0.0,0.0,0.0,0.0,0.0,248.81877,0.0,0.0,-1.5707964,0.0
1970-01-01 00:00:00.105333720,0.10533372,0.0,0.0,0.0,0.0,0.0,375.4079,0.0,0.0,-1.5707964,0.0
1970-01-01 00:00:00.105422480,0.10542248,0.0,0.0,0.0,495.69705,0.0,0.0,0.0,0.0,-1.5707964,0.0
1970-01-01 00:00:00.105548180,0.10554818,0.0,0.0,0.0,549.86145,0.0,0.0,0.0,0.0,-1.5707964,0.0
1970-01-01 00:00:00.105572700,0.1055727,0.0,0.0,0.0,412.07187,0.0,0.0,0.0,0.0,-1.5707964,0.0
1970-01-01 00:00:00.105587807,0.105587807,0.0,0.0,360.31528,0.0,0.0,0.0,0.0,0.0,-1.5707964,0.0
1970-01-01 00:00:00.105717858,0.105717858,0.0,0.0,1186.95,0.0,0.0,0.0,0.0,0.0,-1.5707964,0.0
1970-01-01 00:00:00.105755951,0.105755951,0.0,1062.2505,0.0,0.0,0.0,0.0,0.0,0.0,-1.5707964,0.0
1970-01-01 00:00:00.105762204,0.105762204,0.0,0.0,0.0,338.85986,0.0,0.0,0.0,0.0,-1.5707964,0.0
1970-01-01 00:00:00.105796790,0.10579679,0.0,0.0,0.0,0.0,0.0,262.24216,0.0,0.0,-1.5707964,0.0
1970-01-01 00:00:00.105800426,0.105800426,0.0,0.0,0.0,0.0,0.0,97.973595,0.0,0.0,-1.5707964,0.0
1970-01-01 00:00:00.105808030,0.10580803,0.0,0.0,0.0,0.0,195.18642,0.0,0.0,0.0,-1.5707964,0.0
1970-01-01 00:00:00.105865659,0.105865659,0.0,0.0,0.0,112.31586,0.0,0.0,0.0,0.0,-1.5707964,0.0
1970-01-01 00:00:00.105895088,0.105895088,0.0,0.0,0.0,0.0,0.0,267.7718,0.0,0.0,-1.5707964,0.0
1970-01-01 00:00:00.105954021,0.105954021,0.0,0.0,0.0,0.0,2271.6292,0.0,0.0,0.0,-1.5707964,0.0
1970-01-01 00:00:00.105954021,0.105954021,0.0,0.0,0.0,0.0,833.98035,0.0,0.0,0.0,-1.5707964,0.0
1970-01-01 00:00:00.105959037,0.105959037,0.0,0.0,0.0,0.0,0.0,93.383736,0.0,0.0,-1.5707964,0.0
1970-01-01 00:00:00.105971571,0.105971571,0.0,0.0,0.0,432.8018,0.0,0.0,0.0,0.0,-1.5707964,0.0
1970-01-01 00:00:00.106008945,0.106008945,0.0,0.0,0.0,250.9032,0.0,0.0,0.0,0.0,-1.5707964,0.0
1970-01-01 00:00:00.106031643,0.106031643,168.16061,0.0,0.0,0.0,0.0,0.0,0.0,0.0,-1.5707964,0.0
1970-01-01 00:00:00.106052909,0.106052909,994.3641,0.0,0.0,0.0,0.0,0.0,0.0,0.0,-1.5707964,0.0
1970-01-01 00:00:00.106387537,0.106387537,0.0,0.0,0.0,3598.5818,0.0,0.0,0.0,0.0,-1.5707964,0.0
1970-01-01 00:00:00.106406125,0.106406125,0.0,238.76999,0.0,0.0,0.0,0.0,0.0,0.0,-1.5707964,0.0
1970-01-01 00:00:00.106655066,0.106655066,168.86314,0.0,0.0,0.0,0.0,0.0,0.0,0.0,-1.5707964,0.0
1970-01-01 00:00:00.106677938,0.106677938,0.0,302.18372,0.0,0.0,0.0,0.0,0.0,0.0,-1.5707964,0.0
1970-01-01 00:00:00.106954202,0.106954202,0.0,594.586,0.0,0.0,0.0,0.0,0.0,0.0,-1.5707964,0.0
1970-01-01 00:00:00.106982739,0.106982739,0.0,0.0,0.0,81.27646,0.0,0.0,0.0,0.0,-1.5707964,0.0
1970-01-01 00:00:00.106992868,0.106992868,0.0,0.0,0.0,575.9529,0.0,0.0,0.0,0.0,-1.5707964,0.0
1970-01-01 00:00:00.107039613,0.107039613,0.0,0.0,343.07962,0.0,0.0,0.0,0.0,0.0,-1.5707964,0.0
1970-01-01 00:00:00.107045239,0.107045239,0.0,0.0,0.0,0.0,0.0,303.79993,0.0,0.0,-1.5707964,0.0
1970-01-01 00:00:00.107058753,0.107058753,281.16562,0.0,0.0,0.0,0.0,0.0,0.0,0.0,-1.5707964,0.0
1970-01-01 00:00:00.107058753,0.107058753,0.0,0.0,0.0,0.0,0.0,231.53981,0.0,0.0,-1.5707964,0.0
1970-01-01 00:00:00.107117923,0.107117923,0.0,0.0,0.0,0.0,456.25967,0.0,0.0,0.0,-1.5707964,0.0
1970-01-01 00:00:00.107285306,0.107285306,0.0,0.0,0.0,0.0,112.939445,0.0,0.0,0.0,-1.5707964,0.0
1970-01-01 00:00:00.107491804,0.107491804,0.0,186.57033,0.0,0.0,0.0,0.0,0.0,0.0,-1.5707964,0.0
1970-01-01 00:00:00.107616369,0.107616369,0.0,0.0,450.80786,0.0,0.0,0.0,0.0,0.0,-1.5707964,0.0
1970-01-01 00:00:00.107734121,0.107734121,0.0,0.0,0.0,0.0,0.0,249.69835,0.0,0.0,-1.5707964,0.0
1970-01-01 00:00:00.107744377,0.107744377,0.0,0.0,0.0,283.23474,0.0,0.0,0.0,0.0,-1.5707964,0.0
1970-01-01 00:00:00.107744377,0.107744377,0.0,0.0,0.0,0.0,0.0,877.16046,0.0,0.0,-1.5707964,0.0
1970-01-01 00:00:00.108018914,0.108018914,0.0,0.0,0.0,0.0,0.0,103.63549,0.0,0.0,-1.5707964,0.0
1970-01-01 00:00:00.108038932,0.108038932,0.0,0.0,0.0,0.0,1528.8236,0.0,0.0,0.0,-1.5707964,0.0
1970-01-01 00:00:00.108095335,0.108095335,0.0,0.0,0.0,0.0,0.0,339.8901,0.0,0.0,-1.5707964,0.0
1970-01-01 00:00:00.108296010,0.10829601,0.0,0.0,0.0,473.83865,0.0,0.0,0.0,0.0,-1.5707964,0.0
1970-01-01 00:00:00.108396898,0.108396898,0.0,0.0,0.0,564.46173,0.0,0.0,0.0,0.0,-1.5707964,0.0
1970-01-01 00:00:00.108434000,0.108434,0.0,2282.2715,0.0,0.0,0.0,0.0,0.0,0.0,-1.5707964,0.0
1970-01-01 00:00:00.108458110,0.10845811,0.0,0.0,0.0,199.43497,0.0,0.0,0.0,0.0,-1.5707964,0.0
1970-01-01 00:00:00.108458110,0.10845811,0.0,0.0,0.0,0.0,0.0,372.10638,0.0,0.0,-1.5707964,0.0
1970-01-01 00:00:00.108486604,0.108486604,0.0,0.0,0.0,0.0,0.0,649.7519,0.0,0.0,-1.5707964,0.0
1970-01-01 00:00:00.108533109,0.108533109,0.0,0.0,0.0,1445.3374,0.0,0.0,0.0,0.0,-1.5707964,0.0
1970-01-01 00:00:00.108730811,0.108730811,0.0,0.0,0.0,384.36325,0.0,0.0,0.0,0.0,-1.5707964,0.0
1970-01-01 00:00:00.108756886,0.108756886,0.0,0.0,0.0,854.2053,0.0,0.0,0.0,0.0,-1.5707964,0.0
1970-01-01 00:00:00.108825308,0.108825308,0.0,0.0,0.0,0.0,0.0,229.86526,0.0,0.0,-1.5707964,0.0
1970-01-01 00:00:00.108836334,0.108836334,0.0,0.0,0.0,0.0,0.0,350.32675,0.0,0.0,-1.5707964,0.0
1970-01-01 00:00:00.108982545,0.108982545,0.0,0.0,0.0,0.0,0.0,882.4077,0.0,0.0,-1.5707964,0.0
1970-01-01 00:00:00.109027190,0.10902719,0.0,0.0,0.0,0.0,243.69894,0.0,0.0,0.0,-1.5707964,0.0
1970-01-01 00:00:00.109086442,0.109086442,0.0,0.0,253.48201,0.0,0.0,0.0,0.0,0.0,-1.5707964,0.0
1970-01-01 00:00:00.109250111,0.109250111,0.0,0.0,0.0,0.0,0.0,90.19659,0.0,0.0,-1.5707964,0.0
1970-01-01 00:00:00.109296111,0.109296111,0.0,0.0,0.0,0.0,0.0,105.6868,0.0,0.0,-1.5707964,0.0
1970-01-01 00:00:00.109319256,0.109319256,0.0,0.0,0.0,0.0,0.0,273.29443,0.0,0.0,-1.5707964,0.0
1970-01-01 00:00:00.109405530,0.10940553,0.0,0.0,0.0,0.0,0.0,105.005394,0.0,0.0,-1.5707964,0.0
1970-01-01 00:00:00.109560742,0.109560742,0.0,0.0,0.0,0.0,0.0,218.79779,0.0,0.0,-1.5707964,0.0
1970-01-01 00:00:00.109612697,0.109612697,0.0,0.0,0.0,0.0,600.8022,0.0,0.0,0.0,-1.5707964,0.0
1970-01-01 00:00:00.109780596,0.109780596,0.0,0.0,0.0,0.0,951.8047,0.0,0.0,0.0,-1.5707964,0.0
1970-01-01 00:00:00.110082496,0.110082496,0.0,0.0,0.0,138.97992,0.0,0.0,0.0,0.0,-1.5707964,0.0
1970-01-01 00:00:00.110127168,0.110127168,0.0,0.0,0.0,0.0,0.0,1671.4467,0.0,0.0,-1.5707964,0.0
1970-01-01 00:00:00.110222909,0.110222909,0.0,574.77954,0.0,0.0,0.0,0.0,0.0,0.0,-1.5707964,0.0
1970-01-01 00:00:00.110230562,0.110230562,0.0,0.0,0.0,185.02756,0.0,0.0,0.0,0.0,-1.5707964,0.0
1970-01-01 00:00:00.110240774,0.110240774,0.0,0.0,0.0,0.0,1191.7471,0.0,0.0,0.0,-1.5707964,0.0
1970-01-01 00:00:00.110279994,0.110279994,0.0,0.0,0.0,0.0,0.0,207.76428,0.0,0.0,-1.5707964,0.0
1970-01-01 00:00:00.110401835,0.110401835,0.0,0.0,311.11725,0.0,0.0,0.0,0.0,0.0,-1.5707964,0.0
1970-01-01 00:00:00.110890853,0.110890853,0.0,0.0,0.0,1292.1293,0.0,0.0,0.0,0.0,-1.5707964,0.0
1970-01-01 00:00:00.110895925,0.110895925,0.0,0.0,0.0,0.0,0.0,1257.3777,0.0,0.0,-1.5707964,0.0
1970-01-01 00:00:00.110921072,0.110921072,0.0,0.0,0.0,0.0,0.0,529.677,0.0,0.0,-1.5707964,0.0
1970-01-01 00:00:00.110987150,0.11098715,0.0,0.0,0.0,1563.0591,0.0,0.0,0.0,0.0,-1.5707964,0.0
1970-01-01 00:00:00.111150879,0.111150879,0.0,0.0,0.0,0.0,712.71185,0.0,0.0,0.0,-1.5707964,0.0
1970-01-01 00:00:00.111322403,0.111322403,0.0,0.0,0.0,0.0,0.0,191.08061,0.0,0.0,-1.5707964,0.0
1970-01-01 00:00:00.111341369,0.111341369,0.0,0.0,0.0,0.0,0.0,519.96625,0.0,0.0,-1.5707964,0.0
1970-01-01 00:00:00.111364785,0.111364785,0.0,0.0,0.0,98.52008,0.0,0.0,0.0,0.0,-1.5707964,0.0
1970-01-01 00:00:00.111554006,0.111554006,0.0,0.0,0.0,0.0,447.1839,0.0,0.0,0.0,-1.5707964,0.0
1970-01-01 00:00:00.111696417,0.111696417,0.0,0.0,0.0,0.0,123.71152,0.0,0.0,0.0,-1.5707964,0.0
1970-01-01 00:00:00.111872291,0.111872291,0.0,0.0,0.0,0.0,0.0,979.0278,0.0,0.0,-1.5707964,0.0
1970-01-01 00:00:00.111888771,0.111888771,0.0,0.0,0.0,0.0,0.0,1471.1187,0.0,0.0,-1.5707964,0.0
1970-01-01 00:00:00.112021624,0.112021624,0.0,0.0,0.0,0.0,0.0,102.610695,0.0,0.0,-1.5707964,0.0
1970-01-01 00:00:00.112278976,0.112278976,0.0,0.0,0.0,0.0,0.0,246.21947,0.0,0.0,-1.5707964,0.0
1970-01-01 00:00:00.112374543,0.112374543,0.0,0.0,0.0,635.7853,0.0,0.0,0.0,0.0,-1.5707964,0.0
1970-01-01 00:00:00.112494619,0.112494619,0.0,202.56216,0.0,0.0,0.0,0.0,0.0,0.0,-1.5707964,0.0
1970-01-01 00:00:00.112791541,0.112791541,0.0,0.0,0.0,1296.0598,0.0,0.0,0.0,0.0,-1.5707964,0.0
1970-01-01 00:00:00.112879703,0.112879703,265.56995,0.0,0.0,0.0,0.0,0.0,0.0,0.0,-1.5707964,0.0
1970-01-01 00:00:00.112897061,0.112897061,0.0,0.0,481.7894,0.0,0.0,0.0,0.0,0.0,-1.5707964,0.0
1970-01-01 00:00:00.113039692,0.113039692,0.0,0.0,0.0,0.0,0.0,651.21826,0.0,0.0,-1.5707964,0.0
1970-01-01 00:00:00.113054362,0.113054362,0.0,0.0,202.693,0.0,0.0,0.0,0.0,0.0,-1.5707964,0.0
1970-01-01 00:00:00.113207926,0.113207926,0.0,0.0,0.0,0.0,0.0,442.88824,0.0,0.0,-1.5707964,0.0
1970-01-01 00:00:00.113300506,0.113300506,0.0,0.0,0.0,0.0,0.0,173.16295,0.0,0.0,-1.5707964,0.0
1970-01-01 00:00:00.113409126,0.113409126,0.0,0.0,0.0,0.0,0.0,343.62024,0.0,0.0,-1.5707964,0.0
1970-01-01 00:00:00.113421416,0.113421416,0.0,0.0,0.0,0.0,0.0,300.43698,0.0,0.0,-1.5707964,0.0
1970-01-01 00:00:00.113501034,0.113501034,0.0,0.0,0.0,0.0,295.3257,0.0,0.0,0.0,-1.5707964,0.0
1970-01-01 00:00:00.113507630,0.11350763,825.9721,0.0,0.0,0.0,0.0,0.0,0.0,0.0,-1.5707964,0.0
1970-01-01 00:00:00.113534077,0.113534077,0.0,0.0,0.0,171.41624,0.0,0.0,0.0,0.0,-1.5707964,0.0
1970-01-01 00:00:00.113605269,0.113605269,0.0,0.0,0.0,0.0,0.0,332.15427,0.0,0.0,-1.5707964,0.0
1970-01-01 00:00:00.113623470,0.11362347,0.0,0.0,0.0,0.0,510.4081,0.0,0.0,0.0,-1.5707964,0.0
1970-01-01 00:00:00.113721492,0.113721492,0.0,0.0,0.0,0.0,0.0,868.994,0.0,0.0,-1.5707964,0.0
1970-01-01 00:00:00.113810895,0.113810895,0.0,0.0,0.0,0.0,0.0,125.16238,0.0,0.0,-1.5707964,0.0
1970-01-01 00:00:00.113864101,0.113864101,0.0,0.0,0.0,0.0,674.28436,0.0,0.0,0.0,-1.5707964,0.0
1970-01-01 00:00:00.113890054,0.113890054,0.0,0.0,0.0,0.0,0.0,212.59865,0.0,0.0,-1.5707964,0.0
1970-01-01 00:00:00.113911028,0.113911028,0.0,0.0,0.0,390.46774,0.0,0.0,0.0,0.0,-1.5707964,0.0
1970-01-01 00:00:00.114026340,0.11402634,0.0,0.0,0.0,0.0,0.0,2605.3606,0.0,0.0,-1.5707964,0.0
1970-01-01 00:00:00.114091393,0.114091393,0.0,0.0,0.0,0.0,132.53336,0.0,0.0,0.0,-1.5707964,0.0
1970-01-01 00:00:00.114133167,0.114133167,0.0,470.8037,0.0,0.0,0.0,0.0,0.0,0.0,-1.5707964,0.0
1970-01-01 00:00:00.114249425,0.114249425,0.0,0.0,346.1266,0.0,0.0,0.0,0.0,0.0,-1.5707964,0.0
1970-01-01 00:00:00.114360087,0.114360087,0.0,0.0,345.6616,0.0,0.0,0.0,0.0,0.0,-1.5707964,0.0
1970-01-01 00:00:00.114557309,0.114557309,0.0,91.99384,0.0,0.0,0.0,0.0,0.0,0.0,-1.5707964,0.0
1970-01-01 00:00:00.114854082,0.114854082,0.0,0.0,0.0,0.0,0.0,324.38495,0.0,0.0,-1.5707964,0.0
1970-01-01 00:00:00.114874130,0.11487413,0.0,0.0,0.0,0.0,0.0,296.7144,0.0,0.0,-1.5707964,0.0
1970-01-01 00:00:00.115054643,0.115054643,0.0,0.0,0.0,0.0,0.0,889.5552,0.0,0.0,-1.5707964,0.0
1970-01-01 00:00:00.115135658,0.115135658,0.0,0.0,0.0,0.0,0.0,479.06473,0.0,0.0,-1.5707964,0.0
1970-01-01 00:00:00.115148928,0.115148928,0.0,0.0,0.0,0.0,0.0,108.7019,0.0,0.0,-1.5707964,0.0
1970-01-01 00:00:00.115226703,0.115226703,0.0,0.0,0.0,0.0,0.0,576.299,0.0,0.0,-1.5707964,0.0
1970-01-01 00:00:00.115282650,0.11528265,0.0,0.0,0.0,0.0,0.0,1386.7048,0.0,0.0,-1.5707964,0.0
1970-01-01 00:00:00.115282650,0.11528265,0.0,0.0,0.0,0.0,0.0,342.2517,0.0,0.0,-1.5707964,0.0
1970-01-01 00:00:00.115436348,0.115436348,0.0,0.0,0.0,215.92747,0.0,0.0,0.0,0.0,-1.5707964,0.0
1970-01-01 00:00:00.115445277,0.115445277,0.0,0.0,0.0,0.0,0.0,374.03726,0.0,0.0,-1.5707964,0.0
1970-01-01 00:00:00.115543221,0.115543221,0.0,266.42252,0.0,0.0,0.0,0.0,0.0,0.0,-1.5707964,0.0
1970-01-01 00:00:00.116134443,0.116134443,0.0,0.0,0.0,0.0,0.0,751.56775,0.0,0.0,-1.5707964,0.0
1970-01-01 00:00:00.116163370,0.11616337,0.0,0.0,0.0,0.0,102.35869,0.0,0.0,0.0,-1.5707964,0.0
1970-01-01 00:00:00.116496518,0.116496518,0.0,0.0,0.0,0.0,0.0,896.06616,0.0,0.0,-1.5707964,0.0
1970-01-01 00:00:00.116661858,0.116661858,0.0,0.0,360.83878,0.0,0.0,0.0,0.0,0.0,-1.5707964,0.0
1970-01-01 00:00:00.116775254,0.116775254,0.0,0.0,0.0,0.0,0.0,255.27466,0.0,0.0,-1.5707964,0.0
1970-01-01 00:00:00.116948631,0.116948631,0.0,0.0,0.0,323.4809,0.0,0.0,0.0,0.0,-1.5707964,0.0
1970-01-01 00:00:00.117023486,0.117023486,0.0,0.0,0.0,0.0,482.1197,0.0,0.0,0.0,-1.5707964,0.0
1970-01-01 00:00:00.117072637,0.117072637,0.0,548.98694,0.0,0.0,0.0,0.0,0.0,0.0,-1.5707964,0.0
1970-01-01 00:00:00.117153396,0.117153396,0.0,0.0,0.0,0.0,0.0,320.78464,0.0,0.0,-1.5707964,0.0
1970-01-01 00:00:00.117204525,0.117204525,0.0,0.0,0.0,335.2716,0.0,0.0,0.0,0.0,-1.5707964,0.0
1970-01-01 00:00:00.117454764,0.117454764,0.0,0.0,0.0,0.0,0.0,303.30167,0.0,0.0,-1.5707964,0.0
1970-01-01 00:00:00.117460293,0.117460293,0.0,0.0,0.0,0.0,460.57306,0.0,0.0,0.0,-1.5707964,0.0
1970-01-01 00:00:00.117569728,0.117569728,0.0,0.0,0.0,0.0,0.0,156.48466,0.0,0.0,-1.5707964,0.0
1970-01-01 00:00:00.117579542,0.117579542,0.0,0.0,0.0,0.0,0.0,442.69998,0.0,0.0,-1.5707964,0.0
1970-01-01 00:00:00.117582310,0.11758231,0.0,0.0,0.0,0.0,154.3485,0.0,0.0,0.0,-1.5707964,0.0
1970-01-01 00:00:00.117603804,0.117603804,0.0,0.0,0.0,0.0,0.0,133.51434,0.0,0.0,-1.5707964,0.0
1970-01-01 00:00:00.117778447,0.117778447,0.0,0.0,0.0,0.0,0.0,751.34863,0.0,0.0,-1.5707964,0.0
1970-01-01 00:00:00.117944361,0.117944361,0.0,0.0,127.142975,0.0,0.0,0.0,0.0,0.0,-1.5707964,0.0
1970-01-01 00:00:00.118017658,0.118017658,0.0,0.0,0.0,718.831,0.0,0.0,0.0,0.0,-1.5707964,0.0
1970-01-01 00:00:00.118029369,0.118029369,0.0,0.0,0.0,0.0,690.66077,0.0,0.0,0.0,-1.5707964,0.0
1970-01-01 00:00:00.118099911,0.118099911,0.0,0.0,521.3076,0.0,0.0,0.0,0.0,0.0,-1.5707964,0.0
1970-01-01 00:00:00.118143489,0.118143489,0.0,0.0,341.5836,0.0,0.0,0.0,0.0,0.0,-1.5707964,0.0
1970-01-01 00:00:00.118296715,0.118296715,0.0,0.0,0.0,107.90781,0.0,0.0,0.0,0.0,-1.5707964,0.0
1970-01-01 00:00:00.118305608,0.118305608,0.0,206.1603,0.0,0.0,0.0,0.0,0.0,0.0,-1.5707964,0.0
1970-01-01 00:00:00.118434775,0.118434775,0.0,0.0,0.0,0.0,0.0,301.72162,0.0,0.0,-1.5707964,0.0
1970-01-01 00:00:00.118654844,0.118654844,0.0,0.0,0.0,0.0,0.0,137.53444,0.0,0.0,-1.5707964,0.0
1970-01-01 00:00:00.118695499,0.118695499,0.0,276.72168,0.0,0.0,0.0,0.0,0.0,0.0,-1.5707964,0.0
1970-01-01 00:00:00.118695712,0.118695712,0.0,0.0,135.61108,0.0,0.0,0.0,0.0,0.0,-1.5707964,0.0
1970-01-01 00:00:00.118706073,0.118706073,0.0,0.0,80.42851,0.0,0.0,0.0,0.0,0.0,-1.5707964,0.0
1970-01-01 00:00:00.118923015,0.118923015,0.0,0.0,0.0,0.0,0.0,114.170685,0.0,0.0,-1.5707964,0.0
1970-01-01 00:00:00.119079351,0.119079351,0.0,0.0,0.0,0.0,0.0,134.61223,0.0,0.0,-1.5707964,0.0
1970-01-01 00:00:00.119079406,0.119079406,0.0,0.0,789.489,0.0,0.0,0.0,0.0,0.0,-1.5707964,0.0
1970-01-01 00:00:00.119088552,0.119088552,0.0,0.0,0.0,0.0,0.0,81.90577,0.0,0.0,-1.5707964,0.0
1970-01-01 00:00:00.119156857,0.119156857,0.0,0.0,0.0,279.39685,0.0,0.0,0.0,0.0,-1.5707964,0.0
1970-01-01 00:00:00.119234472,0.119234472,0.0,0.0,182.204,0.0,0.0,0.0,0.0,0.0,-1.5707964,0.0
1970-01-01 00:00:00.119550082,0.119550082,0.0,0.0,0.0,0.0,501.33685,0.0,0.0,0.0,-1.5707964,0.0
1970-01-01 00:00:00.119629604,0.119629604,0.0,0.0,0.0,782.5413,0.0,0.0,0.0,0.0,-1.5707964,0.0
1970-01-01 00:00:00.119656931,0.119656931,0.0,0.0,1826.7007,0.0,0.0,0.0,0.0,0.0,-1.5707964,0.0
1970-01-01 00:00:00.119656931,0.119656931,0.0,0.0,0.0,0.0,0.0,512.6457,0.0,0.0,-1.5707964,0.0
1970-01-01 00:00:00.120053554,0.120053554,0.0,0.0,0.0,0.0,0.0,454.71204,0.0,0.0,-1.5707964,0.0
1970-01-01 00:00:00.120138619,0.120138619,0.0,0.0,0.0,0.0,203.83725,0.0,0.0,0.0,-1.5707964,0.0
1970-01-01 00:00:00.120271867,0.120271867,0.0,0.0,0.0,0.0,0.0,87.17747,0.0,0.0,-1.5707964,0.0
1970-01-01 00:00:00.120277113,0.120277113,0.0,0.0,0.0,1507.9323,0.0,0.0,0.0,0.0,-1.5707964,0.0
1970-01-01 00:00:00.120322628,0.120322628,0.0,0.0,0.0,0.0,0.0,177.31844,0.0,0.0,-1.5707964,0.0
1970-01-01 00:00:00.120624811,0.120624811,0.0,0.0,0.0,0.0,474.68832,0.0,0.0,0.0,-1.5707964,0.0
1970-01-01 00:00:00.120850788,0.120850788,0.0,0.0,0.0,1068.2192,0.0,0.0,0.0,0.0,-1.5707964,0.0
1970-01-01 00:00:00.120927486,0.120927486,606.1929,0.0,0.0,0.0,0.0,0.0,0.0,0.0,-1.5707964,0.0
1970-01-01 00:00:00.120962050,0.12096205,0.0,0.0,0.0,0.0,0.0,97.11035,0.0,0.0,-1.5707964,0.0
1970-01-01 00:00:00.120962050,0.12096205,0.0,0.0,0.0,0.0,0.0,298.65088,0.0,0.0,-1.5707964,0.0
1970-01-01 00:00:00.121084741,0.121084741,0.0,0.0,0.0,0.0,0.0,633.1531,0.0,0.0,-1.5707964,0.0
1970-01-01 00:00:00.121087560,0.12108756,0.0,129.71503,0.0,0.0,0.0,0.0,0.0,0.0,-1.5707964,0.0
1970-01-01 00:00:00.121134303,0.121134303,0.0,0.0,0.0,0.0,893.0791,0.0,0.0,0.0,-1.5707964,0.0
1970-01-01 00:00:00.121173663,0.121173663,0.0,0.0,0.0,0.0,0.0,390.44168,0.0,0.0,-1.5707964,0.0
1970-01-01 00:00:00.121181305,0.121181305,0.0,83.06187,0.0,0.0,0.0,0.0,0.0,0.0,-1.5707964,0.0
1970-01-01 00:00:00.121195357,0.121195357,0.0,0.0,0.0,0.0,0.0,1213.67,0.0,0.0,-1.5707964,0.0
1970-01-01 00:00:00.121374133,0.121374133,122.49521,0.0,0.0,0.0,0.0,0.0,0.0,0.0,-1.5707964,0.0
1970-01-01 00:00:00.121401283,0.121401283,0.0,0.0,0.0,450.713,0.0,0.0,0.0,0.0,-1.5707964,0.0
1970-01-01 00:00:00.121411729,0.121411729,0.0,0.0,0.0,0.0,1204.0803,0.0,0.0,0.0,-1.5707964,0.0
1970-01-01 00:00:00.121460465,0.121460465,0.0,0.0,0.0,387.69394,0.0,0.0,0.0,0.0,-1.5707964,0.0
1970-01-01 00:00:00.121603350,0.12160335,0.0,0.0,0.0,0.0,0.0,217.72581,0.0,0.0,-1.5707964,0.0
1970-01-01 00:00:00.121661588,0.121661588,424.87656,0.0,0.0,0.0,0.0,0.0,0.0,0.0,-1.5707964,0.0
1970-01-01 00:00:00.121737358,0.121737358,0.0,0.0,0.0,0.0,0.0,1180.0901,0.0,0.0,-1.5707964,0.0
1970-01-01 00:00:00.121760381,0.121760381,0.0,156.38646,0.0,0.0,0.0,0.0,0.0,0.0,-1.5707964,0.0
1970-01-01 00:00:00.121763554,0.121763554,0.0,0.0,0.0,0.0,782.1838,0.0,0.0,0.0,-1.5707964,0.0
1970-01-01 00:00:00.121788416,0.121788416,0.0,0.0,0.0,449.0178,0.0,0.0,0.0,0.0,-1.5707964,0.0
1970-01-01 00:00:00.122000302,0.122000302,0.0,0.0,0.0,0.0,0.0,212.33626,0.0,0.0,-1.5707964,0.0
1970-01-01 00:00:00.122025818,0.122025818,0.0,0.0,0.0,437.28537,0.0,0.0,0.0,0.0,-1.5707964,0.0
1970-01-01 00:00:00.122028518,0.122028518,0.0,0.0,0.0,0.0,0.0,615.2677,0.0,0.0,-1.5707964,0.0
1970-01-01 00:00:00.122118903,0.122118903,0.0,0.0,173.8618,0.0,0.0,0.0,0.0,0.0,-1.5707964,0.0
1970-01-01 00:00:00.122118903,0.122118903,0.0,0.0,0.0,0.0,0.0,585.1033,0.0,0.0,-1.5707964,0.0
1970-01-01 00:00:00.122195351,0.122195351,0.0,0.0,0.0,0.0,0.0,156.72617,0.0,0.0,-1.5707964,0.0
1970-01-01 00:00:00.122198673,0.122198673,0.0,0.0,0.0,2296.1558,0.0,0.0,0.0,0.0,-1.5707964,0.0
1970-01-01 00:00:00.122272760,0.12227276,0.0,0.0,326.30414,0.0,0.0,0.0,0.0,0.0,-1.5707964,0.0
1970-01-01 00:00:00.122287151,0.122287151,0.0,0.0,0.0,0.0,295.07343,0.0,0.0,0.0,-1.5707964,0.0
1970-01-01 00:00:00.122324951,0.122324951,0.0,0.0,0.0,221.51062,0.0,0.0,0.0,0.0,-1.5707964,0.0
1970-01-01 00:00:00.122415679,0.122415679,0.0,0.0,0.0,0.0,0.0,247.60046,0.0,0.0,-1.5707964,0.0
1970-01-01 00:00:00.122506151,0.122506151,0.0,0.0,0.0,0.0,0.0,101.028946,0.0,0.0,-1.5707964,0.0
1970-01-01 00:00:00.122518787,0.122518787,0.0,0.0,0.0,1466.3411,0.0,0.0,0.0,0.0,-1.5707964,0.0
1970-01-01 00:00:00.122595177,0.122595177,0.0,0.0,0.0,0.0,812.4526,0.0,0.0,0.0,-1.5707964,0.0
1970-01-01 00:00:00.122624863,0.122624863,0.0,0.0,0.0,101.45203,0.0,0.0,0.0,0.0,-1.5707964,0.0
1970-01-01 00:00:00.123055268,0.123055268,0.0,0.0,0.0,0.0,121.63091,0.0,0.0,0.0,-1.5707964,0.0
1970-01-01 00:00:00.123067472,0.123067472,0.0,0.0,0.0,1288.9965,0.0,0.0,0.0,0.0,-1.5707964,0.0
1970-01-01 00:00:00.123089540,0.12308954,0.0,0.0,0.0,0.0,0.0,698.90796,0.0,0.0,-1.5707964,0.0
1970-01-01 00:00:00.123118782,0.123118782,0.0,0.0,0.0,204.29329,0.0,0.0,0.0,0.0,-1.5707964,0.0
1970-01-01 00:00:00.123148889,0.123148889,0.0,0.0,0.0,0.0,0.0,403.90683,0.0,0.0,-1.5707964,0.0
1970-01-01 00:00:00.123200468,0.123200468,0.0,0.0,0.0,0.0,81.9703,0.0,0.0,0.0,-1.5707964,0.0
1970-01-01 00:00:00.123347087,0.123347087,0.0,0.0,0.0,0.0,0.0,574.2311,0.0,0.0,-1.5707964,0.0
1970-01-01 00:00:00.123379126,0.123379126,0.0,0.0,0.0,0.0,0.0,757.2025,0.0,0.0,-1.5707964,0.0
1970-01-01 00:00:00.123393974,0.123393974,0.0,0.0,0.0,0.0,0.0,148.19322,0.0,0.0,-1.5707964,0.0
1970-01-01 00:00:00.123425036,0.123425036,0.0,0.0,0.0,0.0,116.42913,0.0,0.0,0.0,-1.5707964,0.0
1970-01-01 00:00:00.123442241,0.123442241,0.0,0.0,0.0,0.0,840.9934,0.0,0.0,0.0,-1.5707964,0.0
1970-01-01 00:00:00.123450651,0.123450651,0.0,0.0,0.0,0.0,0.0,1382.1282,0.0,0.0,-1.5707964,0.0
1970-01-01 00:00:00.123632250,0.12363225,0.0,0.0,0.0,887.1948,0.0,0.0,0.0,0.0,-1.5707964,0.0
1970-01-01 00:00:00.124052770,0.12405277,586.327,0.0,0.0,0.0,0.0,0.0,0.0,0.0,-1.5707964,0.0
1970-01-01 00:00:00.124228364,0.124228364,0.0,0.0,0.0,1044.7363,0.0,0.0,0.0,0.0,-1.5707964,0.0
1970-01-01 00:00:00.124231919,0.124231919,0.0,0.0,0.0,0.0,0.0,387.6445,0.0,0.0,-1.5707964,0.0
1970-01-01 00:00:00.124254618,0.124254618,0.0,0.0,0.0,0.0,0.0,129.43388,0.0,0.0,-1.5707964,0.0
1970-01-01 00:00:00.124375758,0.124375758,0.0,0.0,0.0,0.0,310.21167,0.0,0.0,0.0,-1.5707964,0.0
1970-01-01 00:00:00.124393139,0.124393139,0.0,0.0,0.0,0.0,331.21317,0.0,0.0,0.0,-1.5707964,0.0
1970-01-01 00:00:00.124405580,0.12440558,0.0,0.0,0.0,1205.3593,0.0,0.0,0.0,0.0,-1.5707964,0.0
1970-01-01 00:00:00.124416779,0.124416779,0.0,0.0,0.0,504.44016,0.0,0.0,0.0,0.0,-1.5707964,0.0
1970-01-01 00:00:00.124697862,0.124697862,941.56744,0.0,0.0,0.0,0.0,0.0,0.0,0.0,-1.5707964,0.0
1970-01-01 00:00:00.124786908,0.124786908,0.0,0.0,0.0,121.08513,0.0,0.0,0.0,0.0,-1.5707964,0.0
1970-01-01 00:00:00.124858027,0.124858027,0.0,0.0,0.0,0.0,0.0,839.7819,0.0,0.0,-1.5707964,0.0
1970-01-01 00:00:00.124991471,0.124991471,0.0,0.0,834.9992,0.0,0.0,0.0,0.0,0.0,-1.5707964,0.0
1970-01-01 00:00:00.125076138,0.125076138,0.0,0.0,0.0,0.0,880.99927,0.0,0.0,0.0,-1.5707964,0.0
1970-01-01 00:00:00.125199717,0.125199718,0.0,0.0,0.0,213.15146,0.0,0.0,0.0,0.0,-1.5707964,0.0
1970-01-01 00:00:00.125347917,0.125347917,0.0,0.0,0.0,0.0,0.0,183.05255,0.0,0.0,-1.5707964,0.0
1970-01-01 00:00:00.125377000,0.125377001,0.0,0.0,758.8474,0.0,0.0,0.0,0.0,0.0,-1.5707964,0.0
1970-01-01 00:00:00.125554018,0.125554019,0.0,0.0,104.19729,0.0,0.0,0.0,0.0,0.0,-1.5707964,0.0
1970-01-01 00:00:00.125602182,0.125602182,0.0,0.0,0.0,0.0,0.0,168.43678,0.0,0.0,-1.5707964,0.0
1970-01-01 00:00:00.126115292,0.126115293,0.0,0.0,0.0,0.0,0.0,300.93393,0.0,0.0,-1.5707964,0.0
1970-01-01 00:00:00.126351786,0.126351786,0.0,0.0,1016.89856,0.0,0.0,0.0,0.0,0.0,-1.5707964,0.0
1970-01-01 00:00:00.126405582,0.126405583,0.0,0.0,0.0,221.07576,0.0,0.0,0.0,0.0,-1.5707964,0.0
1970-01-01 00:00:00.126703429,0.126703429,0.0,0.0,0.0,0.0,0.0,101.45438,0.0,0.0,-1.5707964,0.0
1970-01-01 00:00:00.127285048,0.127285048,0.0,0.0,0.0,0.0,0.0,368.938,0.0,0.0,-1.5707964,0.0
1970-01-01 00:00:00.127501216,0.127501216,0.0,0.0,0.0,0.0,0.0,454.15564,0.0,0.0,-1.5707964,0.0
1970-01-01 00:00:00.127551627,0.127551627,0.0,0.0,0.0,826.68805,0.0,0.0,0.0,0.0,-1.5707964,0.0
1970-01-01 00:00:00.127898909,0.127898909,0.0,0.0,0.0,0.0,1466.7211,0.0,0.0,0.0,-1.5707964,0.0
1970-01-01 00:00:00.127970841,0.127970841,0.0,0.0,0.0,0.0,0.0,606.8671,0.0,0.0,-1.5707964,0.0
1970-01-01 00:00:00.128079884,0.128079884,0.0,0.0,804.3605,0.0,0.0,0.0,0.0,0.0,-1.5707964,0.0
1970-01-01 00:00:00.128157789,0.128157789,3000.6362,0.0,0.0,0.0,0.0,0.0,0.0,0.0,-1.5707964,0.0
1970-01-01 00:00:00.128157789,0.128157789,0.0,0.0,0.0,0.0,0.0,760.39813,0.0,0.0,-1.5707964,0.0
1970-01-01 00:00:00.128233376,0.128233376,0.0,0.0,0.0,0.0,0.0,855.38837,0.0,0.0,-1.5707964,0.0
1970-01-01 00:00:00.128285869,0.128285869,0.0,0.0,0.0,0.0,0.0,84.868484,0.0,0.0,-1.5707964,0.0
1970-01-01 00:00:00.128307281,0.128307281,0.0,0.0,559.3501,0.0,0.0,0.0,0.0,0.0,-1.5707964,0.0
1970-01-01 00:00:00.128343910,0.12834391,350.54517,0.0,0.0,0.0,0.0,0.0,0.0,0.0,-1.5707964,0.0
1970-01-01 00:00:00.128383379,0.12838338,0.0,0.0,0.0,0.0,0.0,134.29486,0.0,0.0,-1.5707964,0.0
1970-01-01 00:00:00.128506172,0.128506172,0.0,0.0,0.0,0.0,0.0,146.52402,0.0,0.0,-1.5707964,0.0
1970-01-01 00:00:00.128692368,0.128692368,0.0,0.0,0.0,0.0,0.0,206.7876,0.0,0.0,-1.5707964,0.0
1970-01-01 00:00:00.128697462,0.128697462,0.0,0.0,0.0,509.93326,0.0,0.0,0.0,0.0,-1.5707964,0.0
1970-01-01 00:00:00.128833173,0.128833173,120.535675,0.0,0.0,0.0,0.0,0.0,0.0,0.0,-1.5707964,0.0
1970-01-01 00:00:00.128947886,0.128947886,276.1335,0.0,0.0,0.0,0.0,0.0,0.0,0.0,-1.5707964,0.0
1970-01-01 00:00:00.128973356,0.128973356,0.0,0.0,0.0,0.0,0.0,450.839,0.0,0.0,-1.5707964,0.0
1970-01-01 00:00:00.129047309,0.129047309,0.0,0.0,0.0,0.0,451.29944,0.0,0.0,0.0,-1.5707964,0.0
1970-01-01 00:00:00.129077043,0.129077043,0.0,0.0,0.0,0.0,0.0,265.26025,0.0,0.0,-1.5707964,0.0
1970-01-01 00:00:00.129126343,0.129126343,0.0,0.0,0.0,0.0,0.0,443.48703,0.0,0.0,-1.5707964,0.0
1970-01-01 00:00:00.129271112,0.129271112,0.0,0.0,294.87183,0.0,0.0,0.0,0.0,0.0,-1.5707964,0.0
1970-01-01 00:00:00.129273120,0.129273121,0.0,0.0,133.89738,0.0,0.0,0.0,0.0,0.0,-1.5707964,0.0
1970-01-01 00:00:00.129549062,0.129549063,0.0,0.0,0.0,0.0,0.0,86.206764,0.0,0.0,-1.5707964,0.0
1970-01-01 00:00:00.129907945,0.129907945,0.0,0.0,0.0,113.79416,0.0,0.0,0.0,0.0,-1.5707964,0.0
1970-01-01 00:00:00.130090471,0.130090471,0.0,0.0,0.0,216.03987,0.0,0.0,0.0,0.0,-1.5707964,0.0
1970-01-01 00:00:00.130144254,0.130144255,0.0,0.0,0.0,0.0,0.0,402.89026,0.0,0.0,-1.5707964,0.0
1970-01-01 00:00:00.130159497,0.130159497,0.0,0.0,0.0,0.0,0.0,154.76442,0.0,0.0,-1.5707964,0.0
1970-01-01 00:00:00.130179277,0.130179277,0.0,0.0,0.0,0.0,0.0,5290.1387,0.0,0.0,-1.5707964,0.0
1970-01-01 00:00:00.130206750,0.13020675,0.0,0.0,0.0,0.0,0.0,583.1018,0.0,0.0,-1.5707964,0.0
1970-01-01 00:00:00.130248855,0.130248855,0.0,0.0,0.0,0.0,0.0,192.29388,0.0,0.0,-1.5707964,0.0
1970-01-01 00:00:00.130293200,0.1302932,0.0,0.0,0.0,874.96625,0.0,0.0,0.0,0.0,-1.5707964,0.0
1970-01-01 00:00:00.130377464,0.130377464,0.0,0.0,0.0,743.88434,0.0,0.0,0.0,0.0,-1.5707964,0.0
1970-01-01 00:00:00.130426771,0.130426771,0.0,0.0,0.0,239.24751,0.0,0.0,0.0,0.0,-1.5707964,0.0
1970-01-01 00:00:00.130496714,0.130496714,0.0,0.0,0.0,170.28519,0.0,0.0,0.0,0.0,-1.5707964,0.0
1970-01-01 00:00:00.130753509,0.13075351,0.0,0.0,0.0,754.567,0.0,0.0,0.0,0.0,-1.5707964,0.0
1970-01-01 00:00:00.130887526,0.130887526,0.0,0.0,0.0,0.0,0.0,97.97114,0.0,0.0,-1.5707964,0.0
1970-01-01 00:00:00.131089486,0.131089486,0.0,0.0,0.0,0.0,0.0,177.84703,0.0,0.0,-1.5707964,0.0
1970-01-01 00:00:00.131161292,0.131161292,0.0,0.0,0.0,473.46088,0.0,0.0,0.0,0.0,-1.5707964,0.0
1970-01-01 00:00:00.131166623,0.131166623,0.0,0.0,0.0,0.0,0.0,216.00719,0.0,0.0,-1.5707964,0.0
1970-01-01 00:00:00.131237843,0.131237843,0.0,0.0,0.0,0.0,182.12196,0.0,0.0,0.0,-1.5707964,0.0
1970-01-01 00:00:00.131417466,0.131417466,0.0,0.0,0.0,0.0,0.0,121.88405,0.0,0.0,-1.5707964,0.0
1970-01-01 00:00:00.131502929,0.13150293,0.0,0.0,0.0,240.54037,0.0,0.0,0.0,0.0,-1.5707964,0.0
1970-01-01 00:00:00.131585469,0.131585469,0.0,0.0,0.0,119.61982,0.0,0.0,0.0,0.0,-1.5707964,0.0
1970-01-01 00:00:00.131600219,0.13160022,0.0,0.0,0.0,0.0,667.23804,0.0,0.0,0.0,-1.5707964,0.0
1970-01-01 00:00:00.131869984,0.131869984,0.0,0.0,321.43607,0.0,0.0,0.0,0.0,0.0,-1.5707964,0.0
1970-01-01 00:00:00.131925919,0.131925919,0.0,0.0,0.0,156.25732,0.0,0.0,0.0,0.0,-1.5707964,0.0
1970-01-01 00:00:00.132332289,0.13233229,0.0,0.0,0.0,0.0,0.0,249.93642,0.0,0.0,-1.5707964,0.0
1970-01-01 00:00:00.132341853,0.132341853,0.0,0.0,0.0,0.0,0.0,172.04858,0.0,0.0,-1.5707964,0.0
1970-01-01 00:00:00.132640029,0.132640029,0.0,0.0,0.0,1617.7277,0.0,0.0,0.0,0.0,-1.5707964,0.0
1970-01-01 00:00:00.132713419,0.132713419,0.0,0.0,0.0,0.0,0.0,142.51958,0.0,0.0,-1.5707964,0.0
1970-01-01 00:00:00.132799202,0.132799202,1066.205,0.0,0.0,0.0,0.0,0.0,0.0,0.0,-1.5707964,0.0
1970-01-01 00:00:00.133019030,0.13301903,0.0,0.0,0.0,311.07037,0.0,0.0,0.0,0.0,-1.5707964,0.0
1970-01-01 00:00:00.133053012,0.133053012,0.0,0.0,0.0,0.0,0.0,449.85532,0.0,0.0,-1.5707964,0.0
1970-01-01 00:00:00.133088030,0.13308803,0.0,0.0,147.47505,0.0,0.0,0.0,0.0,0.0,-1.5707964,0.0
1970-01-01 00:00:00.133465430,0.13346543,0.0,0.0,0.0,382.87772,0.0,0.0,0.0,0.0,-1.5707964,0.0
1970-01-01 00:00:00.133509095,0.133509095,0.0,0.0,0.0,0.0,263.63284,0.0,0.0,0.0,-1.5707964,0.0
1970-01-01 00:00:00.133646447,0.133646447,114.88359,0.0,0.0,0.0,0.0,0.0,0.0,0.0,-1.5707964,0.0
1970-01-01 00:00:00.133746952,0.133746952,0.0,0.0,0.0,0.0,0.0,324.5737,0.0,0.0,-1.5707964,0.0
1970-01-01 00:00:00.133763486,0.133763487,0.0,0.0,233.91302,0.0,0.0,0.0,0.0,0.0,-1.5707964,0.0
1970-01-01 00:00:00.133769671,0.133769671,0.0,0.0,0.0,354.1487,0.0,0.0,0.0,0.0,-1.5707964,0.0
1970-01-01 00:00:00.133817726,0.133817726,0.0,134.38802,0.0,0.0,0.0,0.0,0.0,0.0,-1.5707964,0.0
1970-01-01 00:00:00.133902104,0.133902104,0.0,0.0,437.11255,0.0,0.0,0.0,0.0,0.0,-1.5707964,0.0
1970-01-01 00:00:00.133947492,0.133947492,0.0,0.0,0.0,167.54367,0.0,0.0,0.0,0.0,-1.5707964,0.0
1970-01-01 00:00:00.133947492,0.133947492,0.0,0.0,0.0,700.9837,0.0,0.0,0.0,0.0,-1.5707964,0.0
1970-01-01 00:00:00.133998133,0.133998134,0.0,495.68787,0.0,0.0,0.0,0.0,0.0,0.0,-1.5707964,0.0
1970-01-01 00:00:00.134174659,0.134174659,0.0,0.0,0.0,0.0,0.0,234.6177,0.0,0.0,-1.5707964,0.0
1970-01-01 00:00:00.134203997,0.134203998,0.0,0.0,0.0,0.0,0.0,122.60847,0.0,0.0,-1.5707964,0.0
1970-01-01 00:00:00.134323995,0.134323995,0.0,0.0,0.0,0.0,0.0,295.70428,0.0,0.0,-1.5707964,0.0
1970-01-01 00:00:00.134371266,0.134371266,0.0,0.0,0.0,0.0,0.0,594.8724,0.0,0.0,-1.5707964,0.0
1970-01-01 00:00:00.134396932,0.134396932,0.0,0.0,0.0,0.0,93.0449,0.0,0.0,0.0,-1.5707964,0.0
1970-01-01 00:00:00.134502206,0.134502206,0.0,0.0,0.0,0.0,0.0,449.78152,0.0,0.0,-1.5707964,0.0
1970-01-01 00:00:00.134944170,0.13494417,195.88312,0.0,0.0,0.0,0.0,0.0,0.0,0.0,-1.5707964,0.0
1970-01-01 00:00:00.135019186,0.135019186,0.0,0.0,0.0,0.0,280.7852,0.0,0.0,0.0,-1.5707964,0.0
1970-01-01 00:00:00.135155785,0.135155785,0.0,0.0,0.0,0.0,0.0,80.28121,0.0,0.0,-1.5707964,0.0
1970-01-01 00:00:00.135315951,0.135315951,0.0,0.0,0.0,0.0,0.0,374.08487,0.0,0.0,-1.5707964,0.0
1970-01-01 00:00:00.135433055,0.135433055,0.0,0.0,961.8874,0.0,0.0,0.0,0.0,0.0,-1.5707964,0.0
1970-01-01 00:00:00.135472652,0.135472652,0.0,0.0,0.0,0.0,0.0,260.58777,0.0,0.0,-1.5707964,0.0
1970-01-01 00:00:00.135494953,0.135494953,0.0,0.0,727.15894,0.0,0.0,0.0,0.0,0.0,-1.5707964,0.0
1970-01-01 00:00:00.135645513,0.135645513,0.0,0.0,0.0,0.0,0.0,475.48978,0.0,0.0,-1.5707964,0.0
1970-01-01 00:00:00.135662692,0.135662692,125.92879,0.0,0.0,0.0,0.0,0.0,0.0,0.0,-1.5707964,0.0
1970-01-01 00:00:00.136003865,0.136003865,0.0,0.0,0.0,0.0,0.0,318.99277,0.0,0.0,-1.5707964,0.0
1970-01-01 00:00:00.136054088,0.136054088,0.0,0.0,0.0,149.66606,0.0,0.0,0.0,0.0,-1.5707964,0.0
1970-01-01 00:00:00.136107898,0.136107898,0.0,0.0,0.0,0.0,644.0919,0.0,0.0,0.0,-1.5707964,0.0
1970-01-01 00:00:00.136177171,0.136177171,0.0,0.0,0.0,0.0,0.0,83.81548,0.0,0.0,-1.5707964,0.0
1970-01-01 00:00:00.136206475,0.136206475,0.0,0.0,0.0,0.0,0.0,130.04202,0.0,0.0,-1.5707964,0.0
1970-01-01 00:00:00.136207760,0.13620776,0.0,0.0,1096.9448,0.0,0.0,0.0,0.0,0.0,-1.5707964,0.0
1970-01-01 00:00:00.136300013,0.136300013,0.0,0.0,0.0,253.59589,0.0,0.0,0.0,0.0,-1.5707964,0.0
1970-01-01 00:00:00.136303861,0.136303861,0.0,0.0,0.0,243.86046,0.0,0.0,0.0,0.0,-1.5707964,0.0
1970-01-01 00:00:00.136417181,0.136417181,0.0,0.0,0.0,2296.5051,0.0,0.0,0.0,0.0,-1.5707964,0.0
1970-01-01 00:00:00.136448566,0.136448566,0.0,0.0,0.0,696.86707,0.0,0.0,0.0,0.0,-1.5707964,0.0
1970-01-01 00:00:00.136582103,0.136582103,0.0,0.0,0.0,0.0,96.05498,0.0,0.0,0.0,-1.5707964,0.0
1970-01-01 00:00:00.136620911,0.136620911,0.0,0.0,0.0,371.9955,0.0,0.0,0.0,0.0,-1.5707964,0.0
1970-01-01 00:00:00.136795184,0.136795184,265.25174,0.0,0.0,0.0,0.0,0.0,0.0,0.0,-1.5707964,0.0
1970-01-01 00:00:00.136800235,0.136800235,0.0,0.0,511.20465,0.0,0.0,0.0,0.0,0.0,-1.5707964,0.0
1970-01-01 00:00:00.136893098,0.136893098,0.0,0.0,0.0,0.0,0.0,436.7235,0.0,0.0,-1.5707964,0.0
1970-01-01 00:00:00.137155372,0.137155372,0.0,0.0,0.0,0.0,0.0,988.9269,0.0,0.0,-1.5707964,0.0
1970-01-01 00:00:00.137161508,0.137161508,0.0,0.0,0.0,0.0,174.82515,0.0,0.0,0.0,-1.5707964,0.0
1970-01-01 00:00:00.137175270,0.13717527,0.0,0.0,0.0,0.0,114.81173,0.0,0.0,0.0,-1.5707964,0.0
1970-01-01 00:00:00.137221077,0.137221077,0.0,0.0,0.0,0.0,835.07855,0.0,0.0,0.0,-1.5707964,0.0
1970-01-01 00:00:00.137241670,0.13724167,0.0,0.0,0.0,0.0,0.0,609.5556,0.0,0.0,-1.5707964,0.0
1970-01-01 00:00:00.137302492,0.137302492,0.0,0.0,0.0,0.0,0.0,591.20264,0.0,0.0,-1.5707964,0.0
1970-01-01 00:00:00.137336503,0.137336503,194.98537,0.0,0.0,0.0,0.0,0.0,0.0,0.0,-1.5707964,0.0
1970-01-01 00:00:00.137342460,0.13734246,0.0,0.0,0.0,0.0,0.0,263.3343,0.0,0.0,-1.5707964,0.0
1970-01-01 00:00:00.137487741,0.137487741,0.0,0.0,0.0,480.79498,0.0,0.0,0.0,0.0,-1.5707964,0.0
1970-01-01 00:00:00.137571621,0.137571621,0.0,0.0,0.0,0.0,269.2467,0.0,0.0,0.0,-1.5707964,0.0
1970-01-01 00:00:00.137595130,0.13759513,0.0,0.0,0.0,0.0,0.0,647.4941,0.0,0.0,-1.5707964,0.0
1970-01-01 00:00:00.137792800,0.1377928,0.0,0.0,0.0,0.0,0.0,985.7919,0.0,0.0,-1.5707964,0.0
1970-01-01 00:00:00.137966169,0.137966169,0.0,0.0,0.0,0.0,0.0,95.64229,0.0,0.0,-1.5707964,0.0
1970-01-01 00:00:00.138133669,0.138133669,0.0,0.0,0.0,0.0,0.0,180.86241,0.0,0.0,-1.5707964,0.0
1970-01-01 00:00:00.138137202,0.138137202,0.0,0.0,0.0,199.63474,0.0,0.0,0.0,0.0,-1.5707964,0.0
1970-01-01 00:00:00.138146782,0.138146782,0.0,0.0,0.0,0.0,0.0,659.36523,0.0,0.0,-1.5707964,0.0
1970-01-01 00:00:00.138258176,0.138258176,0.0,0.0,0.0,0.0,0.0,129.06293,0.0,0.0,-1.5707964,0.0
1970-01-01 00:00:00.138267155,0.138267155,0.0,0.0,601.6774,0.0,0.0,0.0,0.0,0.0,-1.5707964,0.0
1970-01-01 00:00:00.138278221,0.138278221,0.0,0.0,0.0,0.0,0.0,238.02206,0.0,0.0,-1.5707964,0.0
1970-01-01 00:00:00.138532345,0.138532345,0.0,0.0,0.0,175.96643,0.0,0.0,0.0,0.0,-1.5707964,0.0
1970-01-01 00:00:00.138553708,0.138553708,0.0,0.0,0.0,0.0,84.03344,0.0,0.0,0.0,-1.5707964,0.0
1970-01-01 00:00:00.138570499,0.138570499,0.0,0.0,0.0,233.1142,0.0,0.0,0.0,0.0,-1.5707964,0.0
1970-01-01 00:00:00.138888416,0.138888416,0.0,0.0,0.0,0.0,0.0,174.5408,0.0,0.0,-1.5707964,0.0
1970-01-01 00:00:00.138941643,0.138941643,0.0,0.0,0.0,380.1851,0.0,0.0,0.0,0.0,-1.5707964,0.0
1970-01-01 00:00:00.138972829,0.138972829,0.0,0.0,0.0,0.0,166.79448,0.0,0.0,0.0,-1.5707964,0.0
1970-01-01 00:00:00.139104793,0.139104793,0.0,0.0,1583.0609,0.0,0.0,0.0,0.0,0.0,-1.5707964,0.0
1970-01-01 00:00:00.139117662,0.139117662,0.0,0.0,0.0,0.0,0.0,384.2593,0.0,0.0,-1.5707964,0.0
1970-01-01 00:00:00.139137930,0.13913793,0.0,0.0,0.0,0.0,0.0,245.42538,0.0,0.0,-1.5707964,0.0
1970-01-01 00:00:00.139194795,0.139194795,0.0,0.0,0.0,0.0,0.0,620.8833,0.0,0.0,-1.5707964,0.0
1970-01-01 00:00:00.139238570,0.13923857,0.0,0.0,0.0,0.0,0.0,365.90665,0.0,0.0,-1.5707964,0.0
1970-01-01 00:00:00.139384407,0.139384407,0.0,0.0,0.0,0.0,0.0,175.11157,0.0,0.0,-1.5707964,0.0
1970-01-01 00:00:00.139554240,0.13955424,0.0,0.0,0.0,0.0,1175.7732,0.0,0.0,0.0,-1.5707964,0.0
1970-01-01 00:00:00.139613324,0.139613324,0.0,0.0,0.0,375.54193,0.0,0.0,0.0,0.0,-1.5707964,0.0
1970-01-01 00:00:00.139628670,0.13962867,0.0,0.0,0.0,0.0,437.68042,0.0,0.0,0.0,-1.5707964,0.0
1970-01-01 00:00:00.139705750,0.13970575,0.0,0.0,0.0,371.2622,0.0,0.0,0.0,0.0,-1.5707964,0.0
1970-01-01 00:00:00.140088512,0.140088512,0.0,0.0,0.0,0.0,0.0,249.02461,0.0,0.0,-1.5707964,0.0
1970-01-01 00:00:00.140171428,0.140171428,0.0,0.0,757.21,0.0,0.0,0.0,0.0,0.0,-1.5707964,0.0
1970-01-01 00:00:00.140171428,0.140171428,0.0,0.0,0.0,0.0,0.0,170.46806,0.0,0.0,-1.5707964,0.0
1970-01-01 00:00:00.140205249,0.140205249,0.0,0.0,0.0,842.40576,0.0,0.0,0.0,0.0,-1.5707964,0.0
1970-01-01 00:00:00.140375269,0.140375269,0.0,0.0,280.42575,0.0,0.0,0.0,0.0,0.0,-1.5707964,0.0
1970-01-01 00:00:00.140381915,0.140381915,0.0,0.0,0.0,0.0,0.0,563.5001,0.0,0.0,-1.5707964,0.0
1970-01-01 00:00:00.140453086,0.140453086,0.0,0.0,0.0,403.36588,0.0,0.0,0.0,0.0,-1.5707964,0.0
1970-01-01 00:00:00.140472510,0.14047251,225.61337,0.0,0.0,0.0,0.0,0.0,0.0,0.0,-1.5707964,0.0
1970-01-01 00:00:00.140503516,0.140503516,0.0,0.0,0.0,0.0,0.0,1003.2273,0.0,0.0,-1.5707964,0.0
1970-01-01 00:00:00.140850369,0.140850369,0.0,0.0,0.0,0.0,0.0,602.2951,0.0,0.0,-1.5707964,0.0
1970-01-01 00:00:00.140924903,0.140924903,0.0,0.0,0.0,0.0,0.0,251.74165,0.0,0.0,-1.5707964,0.0
1970-01-01 00:00:00.141051336,0.141051336,0.0,0.0,0.0,112.3487,0.0,0.0,0.0,0.0,-1.5707964,0.0
1970-01-01 00:00:00.141107009,0.141107009,0.0,0.0,0.0,130.45479,0.0,0.0,0.0,0.0,-1.5707964,0.0
1970-01-01 00:00:00.141127166,0.141127166,0.0,0.0,0.0,248.37444,0.0,0.0,0.0,0.0,-1.5707964,0.0
1970-01-01 00:00:00.141144891,0.141144891,0.0,0.0,0.0,0.0,1414.7957,0.0,0.0,0.0,-1.5707964,0.0
1970-01-01 00:00:00.141222352,0.141222352,0.0,0.0,160.82904,0.0,0.0,0.0,0.0,0.0,-1.5707964,0.0
1970-01-01 00:00:00.141273028,0.141273028,0.0,0.0,0.0,207.19785,0.0,0.0,0.0,0.0,-1.5707964,0.0
1970-01-01 00:00:00.141655231,0.141655231,0.0,0.0,440.5165,0.0,0.0,0.0,0.0,0.0,-1.5707964,0.0
1970-01-01 00:00:00.141850903,0.141850903,0.0,0.0,0.0,121.45425,0.0,0.0,0.0,0.0,-1.5707964,0.0
1970-01-01 00:00:00.141856108,0.141856108,0.0,0.0,0.0,0.0,0.0,1050.8329,0.0,0.0,-1.5707964,0.0
1970-01-01 00:00:00.141863642,0.141863642,0.0,0.0,0.0,0.0,0.0,148.09468,0.0,0.0,-1.5707964,0.0
1970-01-01 00:00:00.141885290,0.14188529,0.0,0.0,0.0,0.0,0.0,96.51752,0.0,0.0,-1.5707964,0.0
1970-01-01 00:00:00.142191664,0.142191664,0.0,0.0,0.0,1171.9584,0.0,0.0,0.0,0.0,-1.5707964,0.0
1970-01-01 00:00:00.142558334,0.142558334,0.0,0.0,108.592674,0.0,0.0,0.0,0.0,0.0,-1.5707964,0.0
1970-01-01 00:00:00.142729413,0.142729413,0.0,0.0,0.0,0.0,0.0,828.8026,0.0,0.0,-1.5707964,0.0
1970-01-01 00:00:00.143117030,0.14311703,0.0,535.0161,0.0,0.0,0.0,0.0,0.0,0.0,-1.5707964,0.0
1970-01-01 00:00:00.143177064,0.143177064,0.0,0.0,0.0,1549.9602,0.0,0.0,0.0,0.0,-1.5707964,0.0
1970-01-01 00:00:00.143547715,0.143547715,0.0,0.0,401.01196,0.0,0.0,0.0,0.0,0.0,-1.5707964,0.0
1970-01-01 00:00:00.143577818,0.143577818,0.0,0.0,0.0,0.0,0.0,496.03253,0.0,0.0,-1.5707964,0.0
1970-01-01 00:00:00.143840127,0.143840127,0.0,0.0,0.0,0.0,0.0,82.13349,0.0,0.0,-1.5707964,0.0
1970-01-01 00:00:00.144295334,0.144295334,0.0,0.0,0.0,308.92102,0.0,0.0,0.0,0.0,-1.5707964,0.0
1970-01-01 00:00:00.144519324,0.144519324,0.0,116.000114,0.0,0.0,0.0,0.0,0.0,0.0,-1.5707964,0.0
1970-01-01 00:00:00.144665871,0.144665871,0.0,0.0,0.0,0.0,0.0,324.65915,0.0,0.0,-1.5707964,0.0
1970-01-01 00:00:00.144795992,0.144795992,0.0,0.0,262.14673,0.0,0.0,0.0,0.0,0.0,-1.5707964,0.0
1970-01-01 00:00:00.145073961,0.145073961,0.0,0.0,0.0,0.0,95.204926,0.0,0.0,0.0,-1.5707964,0.0
1970-01-01 00:00:00.145076976,0.145076976,0.0,0.0,0.0,0.0,1785.7069,0.0,0.0,0.0,-1.5707964,0.0
1970-01-01 00:00:00.145355496,0.145355496,0.0,138.88216,0.0,0.0,0.0,0.0,0.0,0.0,-1.5707964,0.0
1970-01-01 00:00:00.145498924,0.145498924,0.0,0.0,0.0,0.0,0.0,359.38547,0.0,0.0,-1.5707964,0.0
1970-01-01 00:00:00.145507292,0.145507292,0.0,0.0,0.0,0.0,0.0,330.9608,0.0,0.0,-1.5707964,0.0
1970-01-01 00:00:00.145510672,0.145510672,0.0,0.0,0.0,0.0,179.54109,0.0,0.0,0.0,-1.5707964,0.0
1970-01-01 00:00:00.145643057,0.145643057,0.0,0.0,0.0,0.0,543.30664,0.0,0.0,0.0,-1.5707964,0.0
1970-01-01 00:00:00.145769367,0.145769367,124.02164,0.0,0.0,0.0,0.0,0.0,0.0,0.0,-1.5707964,0.0
1970-01-01 00:00:00.146058782,0.146058782,0.0,0.0,0.0,0.0,0.0,319.8318,0.0,0.0,-1.5707964,0.0
1970-01-01 00:00:00.146058782,0.146058782,0.0,0.0,0.0,0.0,0.0,590.2987,0.0,0.0,-1.5707964,0.0
1970-01-01 00:00:00.146299074,0.146299074,0.0,0.0,0.0,0.0,0.0,134.53386,0.0,0.0,-1.5707964,0.0
1970-01-01 00:00:00.146557795,0.146557795,0.0,0.0,0.0,1646.9304,0.0,0.0,0.0,0.0,-1.5707964,0.0
1970-01-01 00:00:00.146677055,0.146677055,0.0,0.0,1018.5586,0.0,0.0,0.0,0.0,0.0,-1.5707964,0.0
1970-01-01 00:00:00.146702974,0.146702974,0.0,0.0,253.33728,0.0,0.0,0.0,0.0,0.0,-1.5707964,0.0
1970-01-01 00:00:00.147125526,0.147125526,0.0,0.0,0.0,0.0,0.0,810.44305,0.0,0.0,-1.5707964,0.0
1970-01-01 00:00:00.147165949,0.147165949,0.0,0.0,539.89734,0.0,0.0,0.0,0.0,0.0,-1.5707964,0.0
1970-01-01 00:00:00.147258479,0.147258479,0.0,247.26518,0.0,0.0,0.0,0.0,0.0,0.0,-1.5707964,0.0
1970-01-01 00:00:00.147278983,0.147278983,0.0,0.0,0.0,0.0,0.0,157.12883,0.0,0.0,-1.5707964,0.0
1970-01-01 00:00:00.147692749,0.147692749,0.0,0.0,0.0,0.0,0.0,434.21844,0.0,0.0,-1.5707964,0.0
1970-01-01 00:00:00.147884764,0.147884764,0.0,3121.196,0.0,0.0,0.0,0.0,0.0,0.0,-1.5707964,0.0
1970-01-01 00:00:00.147923174,0.147923174,0.0,0.0,0.0,0.0,478.19543,0.0,0.0,0.0,-1.5707964,0.0
1970-01-01 00:00:00.148003778,0.148003778,0.0,845.04913,0.0,0.0,0.0,0.0,0.0,0.0,-1.5707964,0.0
1970-01-01 00:00:00.148090084,0.148090084,0.0,0.0,0.0,0.0,0.0,266.05914,0.0,0.0,-1.5707964,0.0
1970-01-01 00:00:00.148226724,0.148226724,0.0,0.0,0.0,0.0,1450.1893,0.0,0.0,0.0,-1.5707964,0.0
1970-01-01 00:00:00.148238179,0.148238179,0.0,0.0,0.0,0.0,0.0,456.4553,0.0,0.0,-1.5707964,0.0
1970-01-01 00:00:00.148273504,0.148273504,0.0,0.0,580.6447,0.0,0.0,0.0,0.0,0.0,-1.5707964,0.0
1970-01-01 00:00:00.148274984,0.148274984,0.0,0.0,0.0,393.3681,0.0,0.0,0.0,0.0,-1.5707964,0.0
1970-01-01 00:00:00.148327175,0.148327175,0.0,0.0,0.0,0.0,0.0,790.2598,0.0,0.0,-1.5707964,0.0
1970-01-01 00:00:00.148511972,0.148511972,0.0,0.0,0.0,0.0,0.0,1042.8522,0.0,0.0,-1.5707964,0.0
1970-01-01 00:00:00.148636923,0.148636923,0.0,0.0,0.0,0.0,0.0,332.2283,0.0,0.0,-1.5707964,0.0
1970-01-01 00:00:00.148786186,0.148786186,0.0,0.0,0.0,0.0,0.0,239.86018,0.0,0.0,-1.5707964,0.0
1970-01-01 00:00:00.148944440,0.14894444,0.0,0.0,0.0,0.0,0.0,650.80005,0.0,0.0,-1.5707964,0.0
1970-01-01 00:00:00.149086815,0.149086815,0.0,0.0,0.0,142.69159,0.0,0.0,0.0,0.0,-1.5707964,0.0
1970-01-01 00:00:00.149090173,0.149090173,0.0,0.0,645.19116,0.0,0.0,0.0,0.0,0.0,-1.5707964,0.0
1970-01-01 00:00:00.149716256,0.149716256,0.0,0.0,0.0,0.0,0.0,495.58417,0.0,0.0,-1.5707964,0.0
1970-01-01 00:00:00.149738272,0.149738272,0.0,0.0,0.0,0.0,0.0,161.32692,0.0,0.0,-1.5707964,0.0
1970-01-01 00:00:00.149805027,0.149805027,92.348045,0.0,0.0,0.0,0.0,0.0,0.0,0.0,-1.5707964,0.0
1970-01-01 00:00:00.150422848,0.150422848,0.0,0.0,1220.2063,0.0,0.0,0.0,0.0,0.0,-1.5707964,0.0
1970-01-01 00:00:00.150490166,0.150490166,0.0,0.0,0.0,0.0,701.38403,0.0,0.0,0.0,-1.5707964,0.0
1970-01-01 00:00:00.150641143,0.150641143,0.0,0.0,0.0,0.0,0.0,1227.2887,0.0,0.0,-1.5707964,0.0
1970-01-01 00:00:00.151324251,0.151324251,0.0,0.0,0.0,0.0,0.0,131.6788,0.0,0.0,-1.5707964,0.0
1970-01-01 00:00:00.151984360,0.15198436,0.0,0.0,0.0,0.0,1016.47784,0.0,0.0,0.0,-1.5707964,0.0
1970-01-01 00:00:00.152036635,0.152036635,0.0,0.0,0.0,0.0,0.0,128.0717,0.0,0.0,-1.5707964,0.0
1970-01-01 00:00:00.152064733,0.152064733,0.0,0.0,0.0,0.0,140.8304,0.0,0.0,0.0,-1.5707964,0.0
1970-01-01 00:00:00.152064733,0.152064733,0.0,0.0,0.0,0.0,1205.4686,0.0,0.0,0.0,-1.5707964,0.0
1970-01-01 00:00:00.152122797,0.152122797,0.0,0.0,0.0,0.0,0.0,826.1059,0.0,0.0,-1.5707964,0.0
1970-01-01 00:00:00.152491694,0.152491694,0.0,0.0,813.493,0.0,0.0,0.0,0.0,0.0,-1.5707964,0.0
1970-01-01 00:00:00.152491714,0.152491714,86.88324,0.0,0.0,0.0,0.0,0.0,0.0,0.0,-1.5707964,0.0
1970-01-01 00:00:00.152686329,0.152686329,0.0,0.0,0.0,0.0,0.0,219.7172,0.0,0.0,-1.5707964,0.0
1970-01-01 00:00:00.152812105,0.152812105,0.0,0.0,0.0,495.3859,0.0,0.0,0.0,0.0,-1.5707964,0.0
1970-01-01 00:00:00.152894265,0.152894265,0.0,0.0,0.0,0.0,0.0,298.15784,0.0,0.0,-1.5707964,0.0
1970-01-01 00:00:00.152953045,0.152953045,0.0,0.0,0.0,0.0,0.0,204.20964,0.0,0.0,-1.5707964,0.0
1970-01-01 00:00:00.153006196,0.153006196,0.0,0.0,0.0,227.40254,0.0,0.0,0.0,0.0,-1.5707964,0.0
1970-01-01 00:00:00.153020007,0.153020007,0.0,0.0,0.0,0.0,0.0,278.1678,0.0,0.0,-1.5707964,0.0
1970-01-01 00:00:00.153189792,0.153189792,0.0,0.0,0.0,0.0,0.0,316.35825,0.0,0.0,-1.5707964,0.0
1970-01-01 00:00:00.153225257,0.153225257,0.0,0.0,0.0,0.0,0.0,341.8378,0.0,0.0,-1.5707964,0.0
1970-01-01 00:00:00.153463272,0.153463272,541.6266,0.0,0.0,0.0,0.0,0.0,0.0,0.0,-1.5707964,0.0
1970-01-01 00:00:00.153566484,0.153566484,0.0,0.0,0.0,0.0,0.0,516.7477,0.0,0.0,-1.5707964,0.0
1970-01-01 00:00:00.153663802,0.153663802,0.0,0.0,0.0,3789.3599,0.0,0.0,0.0,0.0,-1.5707964,0.0
1970-01-01 00:00:00.153676334,0.153676334,0.0,0.0,0.0,0.0,0.0,495.75043,0.0,0.0,-1.5707964,0.0
1970-01-01 00:00:00.153727970,0.15372797,0.0,0.0,84.26775,0.0,0.0,0.0,0.0,0.0,-1.5707964,0.0
1970-01-01 00:00:00.153900112,0.153900112,0.0,0.0,0.0,97.808556,0.0,0.0,0.0,0.0,-1.5707964,0.0
1970-01-01 00:00:00.154168748,0.154168748,0.0,0.0,0.0,0.0,313.76028,0.0,0.0,0.0,-1.5707964,0.0
1970-01-01 00:00:00.154266923,0.154266923,0.0,0.0,88.09251,0.0,0.0,0.0,0.0,0.0,-1.5707964,0.0
1970-01-01 00:00:00.154327404,0.154327404,0.0,0.0,0.0,0.0,0.0,333.99036,0.0,0.0,-1.5707964,0.0
1970-01-01 00:00:00.154383769,0.154383769,0.0,0.0,108.67139,0.0,0.0,0.0,0.0,0.0,-1.5707964,0.0
1970-01-01 00:00:00.154484248,0.154484248,0.0,0.0,0.0,0.0,0.0,526.11774,0.0,0.0,-1.5707964,0.0
1970-01-01 00:00:00.154495466,0.154495466,0.0,0.0,0.0,0.0,0.0,276.93927,0.0,0.0,-1.5707964,0.0
1970-01-01 00:00:00.154691129,0.154691129,0.0,274.33743,0.0,0.0,0.0,0.0,0.0,0.0,-1.5707964,0.0
1970-01-01 00:00:00.154700594,0.154700594,0.0,0.0,301.74728,0.0,0.0,0.0,0.0,0.0,-1.5707964,0.0
1970-01-01 00:00:00.154704632,0.154704632,0.0,0.0,0.0,0.0,0.0,121.19907,0.0,0.0,-1.5707964,0.0
1970-01-01 00:00:00.154955842,0.154955842,0.0,0.0,0.0,0.0,0.0,168.84596,0.0,0.0,-1.5707964,0.0
1970-01-01 00:00:00.155139738,0.155139738,0.0,0.0,457.94254,0.0,0.0,0.0,0.0,0.0,-1.5707964,0.0
1970-01-01 00:00:00.155140667,0.155140667,0.0,0.0,1678.973,0.0,0.0,0.0,0.0,0.0,-1.5707964,0.0
1970-01-01 00:00:00.155290617,0.155290617,0.0,0.0,0.0,466.55536,0.0,0.0,0.0,0.0,-1.5707964,0.0
1970-01-01 00:00:00.155294930,0.15529493,0.0,0.0,0.0,0.0,0.0,505.73865,0.0,0.0,-1.5707964,0.0
1970-01-01 00:00:00.155444003,0.155444003,0.0,0.0,0.0,0.0,0.0,729.01807,0.0,0.0,-1.5707964,0.0
1970-01-01 00:00:00.155909857,0.155909857,0.0,0.0,0.0,0.0,0.0,1984.4528,0.0,0.0,-1.5707964,0.0
1970-01-01 00:00:00.155951464,0.155951464,0.0,0.0,0.0,0.0,0.0,139.53314,0.0,0.0,-1.5707964,0.0
1970-01-01 00:00:00.155958749,0.155958749,0.0,0.0,0.0,0.0,127.217705,0.0,0.0,0.0,-1.5707964,0.0
1970-01-01 00:00:00.156013628,0.156013628,0.0,0.0,0.0,0.0,0.0,431.91467,0.0,0.0,-1.5707964,0.0
1970-01-01 00:00:00.156255579,0.156255579,0.0,0.0,0.0,0.0,0.0,443.26697,0.0,0.0,-1.5707964,0.0
1970-01-01 00:00:00.156319562,0.156319562,0.0,0.0,0.0,0.0,237.12813,0.0,0.0,0.0,-1.5707964,0.0
1970-01-01 00:00:00.156424542,0.156424542,0.0,0.0,0.0,0.0,0.0,177.2939,0.0,0.0,-1.5707964,0.0
1970-01-01 00:00:00.156428948,0.156428948,0.0,0.0,0.0,136.62799,0.0,0.0,0.0,0.0,-1.5707964,0.0
1970-01-01 00:00:00.156548059,0.156548059,0.0,0.0,117.731346,0.0,0.0,0.0,0.0,0.0,-1.5707964,0.0
1970-01-01 00:00:00.156548677,0.156548677,0.0,0.0,0.0,0.0,0.0,98.16603,0.0,0.0,-1.5707964,0.0
1970-01-01 00:00:00.156750712,0.156750712,0.0,0.0,0.0,287.50473,0.0,0.0,0.0,0.0,-1.5707964,0.0
1970-01-01 00:00:00.156795464,0.156795464,0.0,105.16193,0.0,0.0,0.0,0.0,0.0,0.0,-1.5707964,0.0
1970-01-01 00:00:00.156979211,0.156979211,0.0,0.0,0.0,0.0,0.0,307.2538,0.0,0.0,-1.5707964,0.0
1970-01-01 00:00:00.157076826,0.157076826,0.0,0.0,0.0,0.0,0.0,871.5009,0.0,0.0,-1.5707964,0.0
1970-01-01 00:00:00.157120622,0.157120622,0.0,0.0,348.2917,0.0,0.0,0.0,0.0,0.0,-1.5707964,0.0
1970-01-01 00:00:00.157325997,0.157325997,0.0,0.0,0.0,0.0,158.60661,0.0,0.0,0.0,-1.5707964,0.0
1970-01-01 00:00:00.157338425,0.157338425,0.0,0.0,0.0,0.0,0.0,453.17572,0.0,0.0,-1.5707964,0.0
1970-01-01 00:00:00.157374984,0.157374984,0.0,0.0,0.0,0.0,0.0,1147.8953,0.0,0.0,-1.5707964,0.0
1970-01-01 00:00:00.157562562,0.157562562,0.0,0.0,0.0,0.0,151.88127,0.0,0.0,0.0,-1.5707964,0.0
1970-01-01 00:00:00.157770324,0.157770324,385.8705,0.0,0.0,0.0,0.0,0.0,0.0,0.0,-1.5707964,0.0
1970-01-01 00:00:00.157969690,0.15796969,0.0,0.0,0.0,0.0,116.12029,0.0,0.0,0.0,-1.5707964,0.0
1970-01-01 00:00:00.158060061,0.158060061,2942.9863,0.0,0.0,0.0,0.0,0.0,0.0,0.0,-1.5707964,0.0
1970-01-01 00:00:00.158148443,0.158148443,0.0,0.0,0.0,440.89368,0.0,0.0,0.0,0.0,-1.5707964,0.0
1970-01-01 00:00:00.158177108,0.158177108,0.0,0.0,0.0,179.93723,0.0,0.0,0.0,0.0,-1.5707964,0.0
1970-01-01 00:00:00.158262206,0.158262206,0.0,121.458176,0.0,0.0,0.0,0.0,0.0,0.0,-1.5707964,0.0
1970-01-01 00:00:00.158647493,0.158647493,0.0,0.0,0.0,1054.8677,0.0,0.0,0.0,0.0,-1.5707964,0.0
1970-01-01 00:00:00.158743764,0.158743764,0.0,0.0,0.0,0.0,0.0,177.34967,0.0,0.0,-1.5707964,0.0
1970-01-01 00:00:00.158758653,0.158758653,292.73178,0.0,0.0,0.0,0.0,0.0,0.0,0.0,-1.5707964,0.0
1970-01-01 00:00:00.158805418,0.158805418,0.0,0.0,0.0,0.0,0.0,212.4903,0.0,0.0,-1.5707964,0.0
1970-01-01 00:00:00.158805452,0.158805452,135.37572,0.0,0.0,0.0,0.0,0.0,0.0,0.0,-1.5707964,0.0
1970-01-01 00:00:00.158911345,0.158911345,0.0,0.0,0.0,0.0,251.49101,0.0,0.0,0.0,-1.5707964,0.0
1970-01-01 00:00:00.159204043,0.159204043,0.0,371.08664,0.0,0.0,0.0,0.0,0.0,0.0,-1.5707964,0.0
1970-01-01 00:00:00.159222757,0.159222757,0.0,0.0,0.0,0.0,0.0,344.0953,0.0,0.0,-1.5707964,0.0
1970-01-01 00:00:00.159371229,0.159371229,0.0,0.0,476.2259,0.0,0.0,0.0,0.0,0.0,-1.5707964,0.0
1970-01-01 00:00:00.159754900,0.1597549,0.0,0.0,0.0,627.41296,0.0,0.0,0.0,0.0,-1.5707964,0.0
1970-01-01 00:00:00.159990069,0.159990069,0.0,0.0,0.0,623.38684,0.0,0.0,0.0,0.0,-1.5707964,0.0
1970-01-01 00:00:00.160032035,0.160032035,0.0,0.0,0.0,0.0,195.94151,0.0,0.0,0.0,-1.5707964,0.0
1970-01-01 00:00:00.160281870,0.16028187,0.0,0.0,0.0,0.0,0.0,134.79291,0.0,0.0,-1.5707964,0.0
1970-01-01 00:00:00.160307958,0.160307958,0.0,0.0,0.0,0.0,0.0,200.50504,0.0,0.0,-1.5707964,0.0
1970-01-01 00:00:00.160671432,0.160671432,0.0,0.0,0.0,0.0,0.0,92.742546,0.0,0.0,-1.5707964,0.0
1970-01-01 00:00:00.160682292,0.160682292,0.0,0.0,0.0,1289.5426,0.0,0.0,0.0,0.0,-1.5707964,0.0
1970-01-01 00:00:00.161019696,0.161019696,0.0,0.0,0.0,0.0,0.0,343.5158,0.0,0.0,-1.5707964,0.0
1970-01-01 00:00:00.161340030,0.16134003,0.0,0.0,0.0,0.0,0.0,217.14598,0.0,0.0,-1.5707964,0.0
1970-01-01 00:00:00.161445879,0.161445879,0.0,0.0,0.0,0.0,0.0,294.52603,0.0,0.0,-1.5707964,0.0
1970-01-01 00:00:00.161896733,0.161896733,0.0,0.0,0.0,373.91592,0.0,0.0,0.0,0.0,-1.5707964,0.0
1970-01-01 00:00:00.162315308,0.162315308,0.0,0.0,0.0,204.15253,0.0,0.0,0.0,0.0,-1.5707964,0.0
1970-01-01 00:00:00.162442588,0.162442588,0.0,0.0,0.0,387.9442,0.0,0.0,0.0,0.0,-1.5707964,0.0
1970-01-01 00:00:00.162493480,0.16249348,0.0,254.84692,0.0,0.0,0.0,0.0,0.0,0.0,-1.5707964,0.0
1970-01-01 00:00:00.162537454,0.162537454,0.0,0.0,0.0,0.0,0.0,776.2009,0.0,0.0,-1.5707964,0.0
1970-01-01 00:00:00.162896389,0.162896389,0.0,0.0,0.0,0.0,0.0,822.221,0.0,0.0,-1.5707964,0.0
1970-01-01 00:00:00.163147687,0.163147687,0.0,0.0,0.0,0.0,0.0,486.97046,0.0,0.0,-1.5707964,0.0
1970-01-01 00:00:00.163221266,0.163221266,0.0,0.0,0.0,0.0,0.0,872.10675,0.0,0.0,-1.5707964,0.0
1970-01-01 00:00:00.163248813,0.163248813,0.0,0.0,0.0,0.0,0.0,810.1323,0.0,0.0,-1.5707964,0.0
1970-01-01 00:00:00.163569163,0.163569163,0.0,0.0,0.0,0.0,0.0,1928.963,0.0,0.0,-1.5707964,0.0
1970-01-01 00:00:00.164090302,0.164090302,0.0,0.0,0.0,0.0,85.219696,0.0,0.0,0.0,-1.5707964,0.0
1970-01-01 00:00:00.164287087,0.164287087,0.0,0.0,0.0,0.0,0.0,516.9752,0.0,0.0,-1.5707964,0.0
1970-01-01 00:00:00.164348986,0.164348986,0.0,0.0,0.0,116.230774,0.0,0.0,0.0,0.0,-1.5707964,0.0
1970-01-01 00:00:00.164477210,0.16447721,0.0,0.0,243.4244,0.0,0.0,0.0,0.0,0.0,-1.5707964,0.0
1970-01-01 00:00:00.164917217,0.164917217,0.0,0.0,0.0,0.0,169.15726,0.0,0.0,0.0,-1.5707964,0.0
1970-01-01 00:00:00.164935260,0.16493526,0.0,0.0,0.0,134.41878,0.0,0.0,0.0,0.0,-1.5707964,0.0
1970-01-01 00:00:00.164992594,0.164992594,0.0,293.17896,0.0,0.0,0.0,0.0,0.0,0.0,-1.5707964,0.0
1970-01-01 00:00:00.165011263,0.165011263,0.0,0.0,0.0,1343.3767,0.0,0.0,0.0,0.0,-1.5707964,0.0
1970-01-01 00:00:00.165296165,0.165296165,0.0,0.0,0.0,0.0,0.0,454.4427,0.0,0.0,-1.5707964,0.0
1970-01-01 00:00:00.165365358,0.165365358,0.0,0.0,0.0,0.0,239.75581,0.0,0.0,0.0,-1.5707964,0.0
1970-01-01 00:00:00.165770631,0.165770631,0.0,0.0,0.0,0.0,0.0,468.91214,0.0,0.0,-1.5707964,0.0
1970-01-01 00:00:00.165782970,0.16578297,0.0,0.0,0.0,0.0,0.0,306.49094,0.0,0.0,-1.5707964,0.0
1970-01-01 00:00:00.165878556,0.165878556,0.0,0.0,0.0,0.0,0.0,274.35925,0.0,0.0,-1.5707964,0.0
1970-01-01 00:00:00.166026657,0.166026657,0.0,0.0,0.0,0.0,498.7644,0.0,0.0,0.0,-1.5707964,0.0
1970-01-01 00:00:00.166174068,0.166174068,0.0,0.0,0.0,0.0,0.0,692.77185,0.0,0.0,-1.5707964,0.0
1970-01-01 00:00:00.166634961,0.166634961,0.0,0.0,0.0,205.9661,0.0,0.0,0.0,0.0,-1.5707964,0.0
1970-01-01 00:00:00.166634961,0.166634961,0.0,0.0,0.0,93.59229,0.0,0.0,0.0,0.0,-1.5707964,0.0
1970-01-01 00:00:00.166717214,0.166717214,0.0,0.0,0.0,0.0,0.0,173.99016,0.0,0.0,-1.5707964,0.0
1970-01-01 00:00:00.166857146,0.166857146,0.0,0.0,0.0,331.40396,0.0,0.0,0.0,0.0,-1.5707964,0.0
1970-01-01 00:00:00.166864942,0.166864942,0.0,0.0,0.0,85.53795,0.0,0.0,0.0,0.0,-1.5707964,0.0
1970-01-01 00:00:00.166939748,0.166939748,0.0,0.0,0.0,0.0,0.0,276.63162,0.0,0.0,-1.5707964,0.0
1970-01-01 00:00:00.166947626,0.166947626,0.0,0.0,0.0,0.0,0.0,389.45712,0.0,0.0,-1.5707964,0.0
1970-01-01 00:00:00.167181596,0.167181596,0.0,0.0,1601.1724,0.0,0.0,0.0,0.0,0.0,-1.5707964,0.0
1970-01-01 00:00:00.167276537,0.167276537,0.0,0.0,0.0,0.0,0.0,113.054054,0.0,0.0,-1.5707964,0.0
1970-01-01 00:00:00.167638293,0.167638293,0.0,0.0,0.0,0.0,0.0,525.85144,0.0,0.0,-1.5707964,0.0
1970-01-01 00:00:00.167663352,0.167663352,0.0,1106.8818,0.0,0.0,0.0,0.0,0.0,0.0,-1.5707964,0.0
1970-01-01 00:00:00.167968052,0.167968052,0.0,0.0,674.6083,0.0,0.0,0.0,0.0,0.0,-1.5707964,0.0
1970-01-01 00:00:00.168165834,0.168165834,0.0,0.0,0.0,381.94998,0.0,0.0,0.0,0.0,-1.5707964,0.0
1970-01-01 00:00:00.168240144,0.168240144,0.0,0.0,0.0,0.0,3098.9072,0.0,0.0,0.0,-1.5707964,0.0
1970-01-01 00:00:00.169508923,0.169508923,0.0,0.0,0.0,258.34378,0.0,0.0,0.0,0.0,-1.5707964,0.0
1970-01-01 00:00:00.169758625,0.169758625,0.0,0.0,0.0,0.0,0.0,197.29796,0.0,0.0,-1.5707964,0.0
1970-01-01 00:00:00.169873827,0.169873827,0.0,0.0,0.0,0.0,996.5517,0.0,0.0,0.0,-1.5707964,0.0
1970-01-01 00:00:00.169873827,0.169873827,0.0,0.0,0.0,131.88817,0.0,0.0,0.0,0.0,-1.5707964,0.0
1970-01-01 00:00:00.170157620,0.17015762,0.0,0.0,0.0,0.0,0.0,540.75977,0.0,0.0,-1.5707964,0.0
1970-01-01 00:00:00.170316537,0.170316537,0.0,0.0,0.0,0.0,0.0,264.95734,0.0,0.0,-1.5707964,0.0
1970-01-01 00:00:00.170735709,0.170735709,363.70154,0.0,0.0,0.0,0.0,0.0,0.0,0.0,-1.5707964,0.0
1970-01-01 00:00:00.171013250,0.17101325,0.0,0.0,0.0,0.0,0.0,696.27783,0.0,0.0,-1.5707964,0.0
1970-01-01 00:00:00.171028724,0.171028724,0.0,0.0,0.0,0.0,0.0,193.05312,0.0,0.0,-1.5707964,0.0
1970-01-01 00:00:00.171584142,0.171584142,0.0,1024.6967,0.0,0.0,0.0,0.0,0.0,0.0,-1.5707964,0.0
1970-01-01 00:00:00.171781080,0.17178108,0.0,0.0,0.0,224.91801,0.0,0.0,0.0,0.0,-1.5707964,0.0
1970-01-01 00:00:00.171806799,0.171806799,0.0,0.0,0.0,0.0,149.23277,0.0,0.0,0.0,-1.5707964,0.0
1970-01-01 00:00:00.172495909,0.172495909,0.0,0.0,0.0,259.32385,0.0,0.0,0.0,0.0,-1.5707964,0.0
1970-01-01 00:00:00.172541581,0.172541581,0.0,0.0,0.0,221.12639,0.0,0.0,0.0,0.0,-1.5707964,0.0
1970-01-01 00:00:00.172590584,0.172590584,0.0,0.0,0.0,0.0,0.0,1168.003,0.0,0.0,-1.5707964,0.0
1970-01-01 00:00:00.172797537,0.172797537,180.18643,0.0,0.0,0.0,0.0,0.0,0.0,0.0,-1.5707964,0.0
1970-01-01 00:00:00.172940732,0.172940732,0.0,0.0,195.89362,0.0,0.0,0.0,0.0,0.0,-1.5707964,0.0
1970-01-01 00:00:00.173191838,0.173191838,0.0,0.0,0.0,0.0,0.0,92.81251,0.0,0.0,-1.5707964,0.0
1970-01-01 00:00:00.173443251,0.173443251,0.0,0.0,0.0,1125.8201,0.0,0.0,0.0,0.0,-1.5707964,0.0
1970-01-01 00:00:00.173518501,0.173518501,0.0,0.0,0.0,0.0,0.0,285.55228,0.0,0.0,-1.5707964,0.0
1970-01-01 00:00:00.173646422,0.173646422,127.60355,0.0,0.0,0.0,0.0,0.0,0.0,0.0,-1.5707964,0.0
1970-01-01 00:00:00.173903493,0.173903493,0.0,0.0,0.0,0.0,0.0,470.3023,0.0,0.0,-1.5707964,0.0
1970-01-01 00:00:00.173994786,0.173994786,0.0,0.0,0.0,0.0,0.0,260.0962,0.0,0.0,-1.5707964,0.0
1970-01-01 00:00:00.174232991,0.174232991,0.0,0.0,0.0,555.73773,0.0,0.0,0.0,0.0,-1.5707964,0.0
1970-01-01 00:00:00.174370705,0.174370705,0.0,0.0,0.0,0.0,0.0,1184.7235,0.0,0.0,-1.5707964,0.0
1970-01-01 00:00:00.174449736,0.174449736,0.0,0.0,0.0,0.0,0.0,289.6773,0.0,0.0,-1.5707964,0.0
1970-01-01 00:00:00.174463596,0.174463596,0.0,0.0,0.0,0.0,0.0,314.67343,0.0,0.0,-1.5707964,0.0
1970-01-01 00:00:00.174857024,0.174857024,0.0,0.0,0.0,0.0,0.0,354.41183,0.0,0.0,-1.5707964,0.0
1970-01-01 00:00:00.174900820,0.17490082,0.0,0.0,0.0,423.76056,0.0,0.0,0.0,0.0,-1.5707964,0.0
1970-01-01 00:00:00.175088510,0.17508851,1295.2528,0.0,0.0,0.0,0.0,0.0,0.0,0.0,-1.5707964,0.0
1970-01-01 00:00:00.175088510,0.17508851,0.0,0.0,527.8206,0.0,0.0,0.0,0.0,0.0,-1.5707964,0.0
1970-01-01 00:00:00.175228431,0.175228431,0.0,0.0,0.0,588.752,0.0,0.0,0.0,0.0,-1.5707964,0.0
1970-01-01 00:00:00.175259473,0.175259473,0.0,0.0,0.0,0.0,0.0,467.91675,0.0,0.0,-1.5707964,0.0
1970-01-01 00:00:00.175321686,0.175321686,0.0,0.0,0.0,430.21265,0.0,0.0,0.0,0.0,-1.5707964,0.0
1970-01-01 00:00:00.175752172,0.175752172,0.0,0.0,0.0,372.73245,0.0,0.0,0.0,0.0,-1.5707964,0.0
1970-01-01 00:00:00.176198716,0.176198716,0.0,0.0,91.44525,0.0,0.0,0.0,0.0,0.0,-1.5707964,0.0
1970-01-01 00:00:00.176249508,0.176249508,0.0,0.0,189.20186,0.0,0.0,0.0,0.0,0.0,-1.5707964,0.0
1970-01-01 00:00:00.176324083,0.176324083,0.0,0.0,0.0,0.0,0.0,118.18613,0.0,0.0,-1.5707964,0.0
1970-01-01 00:00:00.176400575,0.176400575,121.74091,0.0,0.0,0.0,0.0,0.0,0.0,0.0,-1.5707964,0.0
1970-01-01 00:00:00.176424344,0.176424344,0.0,0.0,0.0,131.08269,0.0,0.0,0.0,0.0,-1.5707964,0.0
1970-01-01 00:00:00.176434781,0.176434781,0.0,0.0,0.0,0.0,0.0,108.8408,0.0,0.0,-1.5707964,0.0
1970-01-01 00:00:00.176619227,0.176619227,1369.5466,0.0,0.0,0.0,0.0,0.0,0.0,0.0,-1.5707964,0.0
1970-01-01 00:00:00.176864123,0.176864123,1523.03,0.0,0.0,0.0,0.0,0.0,0.0,0.0,-1.5707964,0.0
1970-01-01 00:00:00.177009133,0.177009133,0.0,0.0,0.0,0.0,0.0,3533.4563,0.0,0.0,-1.5707964,0.0
1970-01-01 00:00:00.177282018,0.177282018,0.0,797.9179,0.0,0.0,0.0,0.0,0.0,0.0,-1.5707964,0.0
1970-01-01 00:00:00.177881072,0.177881072,0.0,0.0,0.0,0.0,0.0,445.29227,0.0,0.0,-1.5707964,0.0
1970-01-01 00:00:00.177944345,0.177944345,0.0,0.0,208.11316,0.0,0.0,0.0,0.0,0.0,-1.5707964,0.0
1970-01-01 00:00:00.178085337,0.178085337,0.0,0.0,0.0,388.44516,0.0,0.0,0.0,0.0,-1.5707964,0.0
1970-01-01 00:00:00.178325633,0.178325633,0.0,0.0,0.0,1339.1685,0.0,0.0,0.0,0.0,-1.5707964,0.0
1970-01-01 00:00:00.178325633,0.178325633,0.0,0.0,0.0,224.7185,0.0,0.0,0.0,0.0,-1.5707964,0.0
1970-01-01 00:00:00.178403199,0.178403199,0.0,0.0,0.0,0.0,405.3419,0.0,0.0,0.0,-1.5707964,0.0
1970-01-01 00:00:00.178882188,0.178882188,0.0,0.0,0.0,464.49838,0.0,0.0,0.0,0.0,-1.5707964,0.0
1970-01-01 00:00:00.178925776,0.178925776,0.0,0.0,0.0,356.41037,0.0,0.0,0.0,0.0,-1.5707964,0.0
1970-01-01 00:00:00.178925776,0.178925776,0.0,0.0,0.0,0.0,0.0,284.8653,0.0,0.0,-1.5707964,0.0
1970-01-01 00:00:00.179100447,0.179100447,0.0,0.0,0.0,0.0,0.0,397.9895,0.0,0.0,-1.5707964,0.0
1970-01-01 00:00:00.179152540,0.17915254,0.0,0.0,95.9481,0.0,0.0,0.0,0.0,0.0,-1.5707964,0.0
1970-01-01 00:00:00.179466363,0.179466363,0.0,0.0,0.0,1942.9998,0.0,0.0,0.0,0.0,-1.5707964,0.0
1970-01-01 00:00:00.180404863,0.180404863,0.0,0.0,0.0,0.0,258.58884,0.0,0.0,0.0,-1.5707964,0.0
1970-01-01 00:00:00.180417726,0.180417726,0.0,0.0,0.0,291.0447,0.0,0.0,0.0,0.0,-1.5707964,0.0
1970-01-01 00:00:00.180503410,0.18050341,0.0,0.0,0.0,0.0,0.0,245.22801,0.0,0.0,-1.5707964,0.0
1970-01-01 00:00:00.180758774,0.180758774,201.87321,0.0,0.0,0.0,0.0,0.0,0.0,0.0,-1.5707964,0.0
1970-01-01 00:00:00.180784353,0.180784353,0.0,0.0,0.0,0.0,131.50133,0.0,0.0,0.0,-1.5707964,0.0
1970-01-01 00:00:00.180896612,0.180896612,0.0,0.0,0.0,0.0,3298.2131,0.0,0.0,0.0,-1.5707964,0.0
1970-01-01 00:00:00.181327413,0.181327413,312.08456,0.0,0.0,0.0,0.0,0.0,0.0,0.0,-1.5707964,0.0
1970-01-01 00:00:00.181857661,0.181857661,0.0,0.0,0.0,887.60376,0.0,0.0,0.0,0.0,-1.5707964,0.0
1970-01-01 00:00:00.181877406,0.181877406,0.0,0.0,0.0,0.0,0.0,248.002,0.0,0.0,-1.5707964,0.0
1970-01-01 00:00:00.182286268,0.182286268,0.0,0.0,0.0,425.7372,0.0,0.0,0.0,0.0,-1.5707964,0.0
1970-01-01 00:00:00.182507002,0.182507002,0.0,0.0,0.0,0.0,0.0,683.3414,0.0,0.0,-1.5707964,0.0
1970-01-01 00:00:00.183338981,0.183338981,0.0,0.0,0.0,113.547676,0.0,0.0,0.0,0.0,-1.5707964,0.0
1970-01-01 00:00:00.183908415,0.183908415,158.48865,0.0,0.0,0.0,0.0,0.0,0.0,0.0,-1.5707964,0.0
1970-01-01 00:00:00.184024624,0.184024624,0.0,0.0,0.0,0.0,0.0,140.7525,0.0,0.0,-1.5707964,0.0
1970-01-01 00:00:00.184692524,0.184692524,0.0,0.0,0.0,301.70465,0.0,0.0,0.0,0.0,-1.5707964,0.0
1970-01-01 00:00:00.185167312,0.185167312,0.0,0.0,0.0,426.2676,0.0,0.0,0.0,0.0,-1.5707964,0.0
1970-01-01 00:00:00.185311281,0.185311281,0.0,0.0,159.46164,0.0,0.0,0.0,0.0,0.0,-1.5707964,0.0
1970-01-01 00:00:00.185603745,0.185603745,0.0,0.0,0.0,0.0,106.501274,0.0,0.0,0.0,-1.5707964,0.0
1970-01-01 00:00:00.186667351,0.186667351,0.0,0.0,0.0,329.17715,0.0,0.0,0.0,0.0,-1.5707964,0.0
1970-01-01 00:00:00.186844386,0.186844386,0.0,0.0,991.72375,0.0,0.0,0.0,0.0,0.0,-1.5707964,0.0
1970-01-01 00:00:00.187284585,0.187284585,0.0,0.0,0.0,0.0,319.15002,0.0,0.0,0.0,-1.5707964,0.0
1970-01-01 00:00:00.187820152,0.187820152,0.0,0.0,0.0,0.0,0.0,2435.9685,0.0,0.0,-1.5707964,0.0
1970-01-01 00:00:00.187954181,0.187954181,0.0,0.0,0.0,0.0,0.0,190.30907,0.0,0.0,-1.5707964,0.0
1970-01-01 00:00:00.188077539,0.188077539,0.0,0.0,0.0,0.0,803.0437,0.0,0.0,0.0,-1.5707964,0.0
1970-01-01 00:00:00.188138682,0.188138682,0.0,0.0,0.0,0.0,735.52563,0.0,0.0,0.0,-1.5707964,0.0
1970-01-01 00:00:00.188279860,0.18827986,0.0,1344.1224,0.0,0.0,0.0,0.0,0.0,0.0,-1.5707964,0.0
1970-01-01 00:00:00.188382713,0.188382713,0.0,0.0,0.0,607.7104,0.0,0.0,0.0,0.0,-1.5707964,0.0
1970-01-01 00:00:00.188438672,0.188438672,0.0,0.0,0.0,0.0,202.72153,0.0,0.0,0.0,-1.5707964,0.0
1970-01-01 00:00:00.188813924,0.188813924,0.0,0.0,0.0,0.0,0.0,135.82056,0.0,0.0,-1.5707964,0.0
1970-01-01 00:00:00.188821130,0.18882113,0.0,0.0,0.0,0.0,0.0,459.05154,0.0,0.0,-1.5707964,0.0
1970-01-01 00:00:00.189114138,0.189114138,0.0,168.05127,0.0,0.0,0.0,0.0,0.0,0.0,-1.5707964,0.0
1970-01-01 00:00:00.189913160,0.18991316,0.0,0.0,0.0,0.0,0.0,180.20389,0.0,0.0,-1.5707964,0.0
1970-01-01 00:00:00.189952130,0.18995213,0.0,0.0,0.0,0.0,0.0,651.6602,0.0,0.0,-1.5707964,0.0
1970-01-01 00:00:00.190559268,0.190559268,0.0,0.0,772.0421,0.0,0.0,0.0,0.0,0.0,-1.5707964,0.0
1970-01-01 00:00:00.190559268,0.190559268,0.0,0.0,876.02765,0.0,0.0,0.0,0.0,0.0,-1.5707964,0.0
1970-01-01 00:00:00.190818342,0.190818342,0.0,0.0,0.0,550.87946,0.0,0.0,0.0,0.0,-1.5707964,0.0
1970-01-01 00:00:00.191104628,0.191104628,0.0,82.13055,0.0,0.0,0.0,0.0,0.0,0.0,-1.5707964,0.0
1970-01-01 00:00:00.191519902,0.191519902,0.0,0.0,0.0,0.0,0.0,629.0817,0.0,0.0,-1.5707964,0.0
1970-01-01 00:00:00.191552498,0.191552498,0.0,0.0,0.0,228.95444,0.0,0.0,0.0,0.0,-1.5707964,0.0
1970-01-01 00:00:00.191855363,0.191855363,0.0,0.0,0.0,0.0,0.0,97.007774,0.0,0.0,-1.5707964,0.0
1970-01-01 00:00:00.192186593,0.192186593,0.0,0.0,0.0,378.70395,0.0,0.0,0.0,0.0,-1.5707964,0.0
1970-01-01 00:00:00.192344373,0.192344373,0.0,0.0,0.0,0.0,0.0,473.57434,0.0,0.0,-1.5707964,0.0
1970-01-01 00:00:00.192532323,0.192532323,0.0,0.0,0.0,0.0,0.0,80.01184,0.0,0.0,-1.5707964,0.0
1970-01-01 00:00:00.193206626,0.193206626,0.0,0.0,451.79242,0.0,0.0,0.0,0.0,0.0,-1.5707964,0.0
1970-01-01 00:00:00.193695758,0.193695758,0.0,0.0,845.4015,0.0,0.0,0.0,0.0,0.0,-1.5707964,0.0
1970-01-01 00:00:00.193776872,0.193776872,0.0,0.0,0.0,108.78208,0.0,0.0,0.0,0.0,-1.5707964,0.0
1970-01-01 00:00:00.193993210,0.19399321,0.0,0.0,0.0,0.0,0.0,209.4319,0.0,0.0,-1.5707964,0.0
1970-01-01 00:00:00.194179690,0.19417969,0.0,0.0,0.0,0.0,0.0,737.3888,0.0,0.0,-1.5707964,0.0
1970-01-01 00:00:00.194227759,0.194227759,0.0,0.0,0.0,0.0,0.0,422.19815,0.0,0.0,-1.5707964,0.0
1970-01-01 00:00:00.194348619,0.194348619,251.14702,0.0,0.0,0.0,0.0,0.0,0.0,0.0,-1.5707964,0.0
1970-01-01 00:00:00.194383464,0.194383464,0.0,0.0,0.0,83.31519,0.0,0.0,0.0,0.0,-1.5707964,0.0
1970-01-01 00:00:00.194383464,0.194383464,0.0,0.0,0.0,101.57978,0.0,0.0,0.0,0.0,-1.5707964,0.0
1970-01-01 00:00:00.194770236,0.194770236,0.0,0.0,0.0,1398.2584,0.0,0.0,0.0,0.0,-1.5707964,0.0
1970-01-01 00:00:00.195088141,0.195088141,0.0,0.0,0.0,0.0,0.0,203.77144,0.0,0.0,-1.5707964,0.0
1970-01-01 00:00:00.195344656,0.195344656,0.0,0.0,0.0,0.0,0.0,284.34695,0.0,0.0,-1.5707964,0.0
1970-01-01 00:00:00.195460498,0.195460498,0.0,0.0,0.0,392.00064,0.0,0.0,0.0,0.0,-1.5707964,0.0
1970-01-01 00:00:00.195466767,0.195466767,0.0,0.0,0.0,870.8003,0.0,0.0,0.0,0.0,-1.5707964,0.0
1970-01-01 00:00:00.195646635,0.195646635,116.46228,0.0,0.0,0.0,0.0,0.0,0.0,0.0,-1.5707964,0.0
1970-01-01 00:00:00.195966723,0.195966723,0.0,0.0,0.0,0.0,385.26178,0.0,0.0,0.0,-1.5707964,0.0
1970-01-01 00:00:00.196632673,0.196632673,0.0,0.0,129.77385,0.0,0.0,0.0,0.0,0.0,-1.5707964,0.0
1970-01-01 00:00:00.197062546,0.197062546,0.0,0.0,0.0,0.0,0.0,87.95419,0.0,0.0,-1.5707964,0.0
1970-01-01 00:00:00.197193968,0.197193968,0.0,0.0,0.0,0.0,0.0,286.68472,0.0,0.0,-1.5707964,0.0
1970-01-01 00:00:00.197243845,0.197243845,0.0,0.0,1082.0288,0.0,0.0,0.0,0.0,0.0,-1.5707964,0.0
1970-01-01 00:00:00.197752135,0.197752135,115.6122,0.0,0.0,0.0,0.0,0.0,0.0,0.0,-1.5707964,0.0
1970-01-01 00:00:00.197772974,0.197772974,135.96146,0.0,0.0,0.0,0.0,0.0,0.0,0.0,-1.5707964,0.0
1970-01-01 00:00:00.197976692,0.197976692,0.0,0.0,0.0,0.0,0.0,94.34577,0.0,0.0,-1.5707964,0.0
1970-01-01 00:00:00.197988932,0.197988932,0.0,0.0,224.58788,0.0,0.0,0.0,0.0,0.0,-1.5707964,0.0
1970-01-01 00:00:00.198154550,0.19815455,0.0,0.0,1151.103,0.0,0.0,0.0,0.0,0.0,-1.5707964,0.0
1970-01-01 00:00:00.198364565,0.198364565,0.0,0.0,0.0,0.0,0.0,1054.5686,0.0,0.0,-1.5707964,0.0
1970-01-01 00:00:00.198437993,0.198437993,0.0,0.0,0.0,0.0,122.33865,0.0,0.0,0.0,-1.5707964,0.0
1970-01-01 00:00:00.198473905,0.198473905,0.0,0.0,0.0,0.0,0.0,1134.7129,0.0,0.0,-1.5707964,0.0
1970-01-01 00:00:00.198581962,0.198581962,0.0,0.0,0.0,113.51817,0.0,0.0,0.0,0.0,-1.5707964,0.0
1970-01-01 00:00:00.198607193,0.198607193,0.0,0.0,0.0,251.70526,0.0,0.0,0.0,0.0,-1.5707964,0.0
1970-01-01 00:00:00.198618952,0.198618952,0.0,0.0,0.0,0.0,447.73425,0.0,0.0,0.0,-1.5707964,0.0
1970-01-01 00:00:00.198686354,0.198686354,80.05424,0.0,0.0,0.0,0.0,0.0,0.0,0.0,-1.5707964,0.0
1970-01-01 00:00:00.198828884,0.198828884,0.0,0.0,0.0,208.88129,0.0,0.0,0.0,0.0,-1.5707964,0.0
1970-01-01 00:00:00.199007324,0.199007324,0.0,131.83833,0.0,0.0,0.0,0.0,0.0,0.0,-1.5707964,0.0
1970-01-01 00:00:00.199104496,0.199104496,0.0,0.0,0.0,0.0,956.39417,0.0,0.0,0.0,-1.5707964,0.0
1970-01-01 00:00:00.199206615,0.199206615,0.0,0.0,0.0,0.0,0.0,665.499,0.0,0.0,-1.5707964,0.0
1970-01-01 00:00:00.199329161,0.199329161,0.0,0.0,0.0,0.0,795.97943,0.0,0.0,0.0,-1.5707964,0.0
1970-01-01 00:00:00.200082436,0.200082436,0.0,0.0,119.957,0.0,0.0,0.0,0.0,0.0,-1.5707964,0.0
1970-01-01 00:00:00.200404208,0.200404208,899.73456,0.0,0.0,0.0,0.0,0.0,0.0,0.0,-1.5707964,0.0
1970-01-01 00:00:00.200658250,0.20065825,0.0,1977.1243,0.0,0.0,0.0,0.0,0.0,0.0,-1.5707964,0.0
1970-01-01 00:00:00.200793605,0.200793605,0.0,0.0,0.0,147.66681,0.0,0.0,0.0,0.0,-1.5707964,0.0
1970-01-01 00:00:00.200905992,0.200905992,0.0,0.0,0.0,0.0,0.0,710.3689,0.0,0.0,-1.5707964,0.0
1970-01-01 00:00:00.200905992,0.200905992,0.0,0.0,0.0,0.0,0.0,255.98457,0.0,0.0,-1.5707964,0.0
1970-01-01 00:00:00.200947749,0.200947749,0.0,0.0,0.0,0.0,0.0,350.87073,0.0,0.0,-1.5707964,0.0
1970-01-01 00:00:00.200981931,0.200981931,0.0,0.0,0.0,0.0,0.0,328.01065,0.0,0.0,-1.5707964,0.0
1970-01-01 00:00:00.201147835,0.201147835,279.63702,0.0,0.0,0.0,0.0,0.0,0.0,0.0,-1.5707964,0.0
1970-01-01 00:00:00.201189949,0.201189949,0.0,0.0,0.0,0.0,591.3046,0.0,0.0,0.0,-1.5707964,0.0
1970-01-01 00:00:00.201407602,0.201407602,0.0,0.0,451.10403,0.0,0.0,0.0,0.0,0.0,-1.5707964,0.0
1970-01-01 00:00:00.201572631,0.201572631,81.48013,0.0,0.0,0.0,0.0,0.0,0.0,0.0,-1.5707964,0.0
1970-01-01 00:00:00.201774063,0.201774063,0.0,0.0,0.0,0.0,0.0,837.25397,0.0,0.0,-1.5707964,0.0
1970-01-01 00:00:00.202055773,0.202055773,0.0,0.0,0.0,0.0,0.0,84.52471,0.0,0.0,-1.5707964,0.0
1970-01-01 00:00:00.202121754,0.202121754,0.0,0.0,0.0,0.0,0.0,128.30621,0.0,0.0,-1.5707964,0.0
1970-01-01 00:00:00.202289160,0.20228916,0.0,0.0,0.0,339.92917,0.0,0.0,0.0,0.0,-1.5707964,0.0
1970-01-01 00:00:00.202547440,0.20254744,0.0,0.0,986.2543,0.0,0.0,0.0,0.0,0.0,-1.5707964,0.0
1970-01-01 00:00:00.202955027,0.202955027,0.0,0.0,0.0,0.0,0.0,1092.1572,0.0,0.0,-1.5707964,0.0
1970-01-01 00:00:00.203008934,0.203008934,0.0,0.0,0.0,0.0,0.0,273.1376,0.0,0.0,-1.5707964,0.0
1970-01-01 00:00:00.203019710,0.20301971,0.0,0.0,0.0,0.0,0.0,760.27484,0.0,0.0,-1.5707964,0.0
1970-01-01 00:00:00.203224452,0.203224452,0.0,0.0,0.0,0.0,354.5575,0.0,0.0,0.0,-1.5707964,0.0
1970-01-01 00:00:00.203263851,0.203263851,0.0,0.0,0.0,530.076,0.0,0.0,0.0,0.0,-1.5707964,0.0
1970-01-01 00:00:00.203438437,0.203438437,0.0,0.0,0.0,251.08118,0.0,0.0,0.0,0.0,-1.5707964,0.0
1970-01-01 00:00:00.203510622,0.203510622,0.0,0.0,1204.9559,0.0,0.0,0.0,0.0,0.0,-1.5707964,0.0
1970-01-01 00:00:00.203698035,0.203698035,0.0,0.0,0.0,0.0,563.3738,0.0,0.0,0.0,-1.5707964,0.0
1970-01-01 00:00:00.203819976,0.203819976,0.0,0.0,0.0,0.0,0.0,833.7799,0.0,0.0,-1.5707964,0.0
1970-01-01 00:00:00.203819976,0.203819976,714.4704,0.0,0.0,0.0,0.0,0.0,0.0,0.0,-1.5707964,0.0
1970-01-01 00:00:00.204094464,0.204094464,0.0,0.0,0.0,1085.3508,0.0,0.0,0.0,0.0,-1.5707964,0.0
1970-01-01 00:00:00.204108487,0.204108487,0.0,0.0,0.0,0.0,440.0171,0.0,0.0,0.0,-1.5707964,0.0
1970-01-01 00:00:00.204109011,0.204109011,0.0,0.0,0.0,0.0,0.0,268.1031,0.0,0.0,-1.5707964,0.0
1970-01-01 00:00:00.204198180,0.20419818,0.0,0.0,0.0,0.0,0.0,729.75836,0.0,0.0,-1.5707964,0.0
1970-01-01 00:00:00.204206029,0.204206029,319.7769,0.0,0.0,0.0,0.0,0.0,0.0,0.0,-1.5707964,0.0
1970-01-01 00:00:00.204554830,0.20455483,0.0,533.506,0.0,0.0,0.0,0.0,0.0,0.0,-1.5707964,0.0
1970-01-01 00:00:00.204678845,0.204678845,0.0,0.0,0.0,147.24864,0.0,0.0,0.0,0.0,-1.5707964,0.0
1970-01-01 00:00:00.205703729,0.205703729,0.0,0.0,0.0,133.56885,0.0,0.0,0.0,0.0,-1.5707964,0.0
1970-01-01 00:00:00.205707660,0.20570766,0.0,0.0,459.3669,0.0,0.0,0.0,0.0,0.0,-1.5707964,0.0
1970-01-01 00:00:00.205759098,0.205759098,0.0,0.0,191.1095,0.0,0.0,0.0,0.0,0.0,-1.5707964,0.0
1970-01-01 00:00:00.205845439,0.205845439,0.0,0.0,0.0,0.0,0.0,382.0773,0.0,0.0,-1.5707964,0.0
1970-01-01 00:00:00.206005306,0.206005306,105.56901,0.0,0.0,0.0,0.0,0.0,0.0,0.0,-1.5707964,0.0
1970-01-01 00:00:00.206509609,0.206509609,0.0,0.0,527.7301,0.0,0.0,0.0,0.0,0.0,-1.5707964,0.0
1970-01-01 00:00:00.206557887,0.206557887,0.0,0.0,0.0,468.2847,0.0,0.0,0.0,0.0,-1.5707964,0.0
1970-01-01 00:00:00.206616109,0.206616109,0.0,0.0,0.0,0.0,0.0,209.98602,0.0,0.0,-1.5707964,0.0
1970-01-01 00:00:00.206730872,0.206730872,0.0,0.0,0.0,737.2313,0.0,0.0,0.0,0.0,-1.5707964,0.0
1970-01-01 00:00:00.206810255,0.206810255,0.0,0.0,0.0,0.0,1415.4731,0.0,0.0,0.0,-1.5707964,0.0
1970-01-01 00:00:00.207007650,0.20700765,0.0,0.0,0.0,0.0,0.0,399.364,0.0,0.0,-1.5707964,0.0
1970-01-01 00:00:00.207065887,0.207065887,0.0,0.0,0.0,0.0,800.4981,0.0,0.0,0.0,-1.5707964,0.0
1970-01-01 00:00:00.207189532,0.207189532,106.95224,0.0,0.0,0.0,0.0,0.0,0.0,0.0,-1.5707964,0.0
1970-01-01 00:00:00.207373318,0.207373318,0.0,0.0,0.0,0.0,0.0,379.81546,0.0,0.0,-1.5707964,0.0
1970-01-01 00:00:00.207386081,0.207386081,0.0,0.0,613.7642,0.0,0.0,0.0,0.0,0.0,-1.5707964,0.0
1970-01-01 00:00:00.207390357,0.207390357,186.37291,0.0,0.0,0.0,0.0,0.0,0.0,0.0,-1.5707964,0.0
1970-01-01 00:00:00.207635680,0.20763568,0.0,0.0,0.0,0.0,535.4968,0.0,0.0,0.0,-1.5707964,0.0
1970-01-01 00:00:00.207670433,0.207670433,0.0,0.0,0.0,397.39804,0.0,0.0,0.0,0.0,-1.5707964,0.0
1970-01-01 00:00:00.208313025,0.208313025,0.0,0.0,0.0,0.0,166.09546,0.0,0.0,0.0,-1.5707964,0.0
1970-01-01 00:00:00.208342363,0.208342363,0.0,0.0,0.0,0.0,356.76584,0.0,0.0,0.0,-1.5707964,0.0
1970-01-01 00:00:00.208459202,0.208459202,0.0,0.0,0.0,0.0,0.0,1564.5275,0.0,0.0,-1.5707964,0.0
1970-01-01 00:00:00.208532978,0.208532978,0.0,0.0,0.0,0.0,0.0,594.30347,0.0,0.0,-1.5707964,0.0
1970-01-01 00:00:00.208571709,0.208571709,0.0,0.0,0.0,0.0,0.0,547.5522,0.0,0.0,-1.5707964,0.0
1970-01-01 00:00:00.208602514,0.208602514,0.0,0.0,0.0,0.0,0.0,467.27737,0.0,0.0,-1.5707964,0.0
1970-01-01 00:00:00.208629825,0.208629825,0.0,0.0,0.0,311.1833,0.0,0.0,0.0,0.0,-1.5707964,0.0
1970-01-01 00:00:00.208991007,0.208991007,0.0,0.0,650.20764,0.0,0.0,0.0,0.0,0.0,-1.5707964,0.0
1970-01-01 00:00:00.209037071,0.209037071,0.0,136.03522,0.0,0.0,0.0,0.0,0.0,0.0,-1.5707964,0.0
1970-01-01 00:00:00.209102979,0.209102979,0.0,0.0,0.0,0.0,121.5522,0.0,0.0,0.0,-1.5707964,0.0
1970-01-01 00:00:00.209253209,0.209253209,0.0,0.0,0.0,0.0,0.0,189.97928,0.0,0.0,-1.5707964,0.0
1970-01-01 00:00:00.209354845,0.209354845,0.0,244.27457,0.0,0.0,0.0,0.0,0.0,0.0,-1.5707964,0.0
1970-01-01 00:00:00.209378629,0.209378629,0.0,0.0,0.0,611.1855,0.0,0.0,0.0,0.0,-1.5707964,0.0
1970-01-01 00:00:00.209400193,0.209400193,0.0,0.0,0.0,0.0,0.0,187.92995,0.0,0.0,-1.5707964,0.0
1970-01-01 00:00:00.209471576,0.209471576,0.0,0.0,175.23048,0.0,0.0,0.0,0.0,0.0,-1.5707964,0.0
1970-01-01 00:00:00.209603662,0.209603662,0.0,0.0,0.0,281.8508,0.0,0.0,0.0,0.0,-1.5707964,0.0
1970-01-01 00:00:00.209671134,0.209671134,0.0,0.0,0.0,376.94492,0.0,0.0,0.0,0.0,-1.5707964,0.0
1970-01-01 00:00:00.209769523,0.209769523,0.0,0.0,0.0,0.0,0.0,360.45575,0.0,0.0,-1.5707964,0.0
1970-01-01 00:00:00.210030694,0.210030694,0.0,0.0,0.0,0.0,0.0,748.1465,0.0,0.0,-1.5707964,0.0
1970-01-01 00:00:00.210091830,0.21009183,0.0,0.0,0.0,0.0,0.0,256.2259,0.0,0.0,-1.5707964,0.0
1970-01-01 00:00:00.210228641,0.210228641,0.0,0.0,0.0,0.0,659.7232,0.0,0.0,0.0,-1.5707964,0.0
1970-01-01 00:00:00.210336555,0.210336555,148.56287,0.0,0.0,0.0,0.0,0.0,0.0,0.0,-1.5707964,0.0
1970-01-01 00:00:00.210441449,0.210441449,0.0,0.0,561.5877,0.0,0.0,0.0,0.0,0.0,-1.5707964,0.0
1970-01-01 00:00:00.210519960,0.21051996,0.0,0.0,0.0,0.0,0.0,154.82782,0.0,0.0,-1.5707964,0.0
1970-01-01 00:00:00.210550323,0.210550323,0.0,0.0,0.0,0.0,0.0,489.36874,0.0,0.0,-1.5707964,0.0
1970-01-01 00:00:00.210565461,0.210565461,0.0,0.0,0.0,0.0,0.0,490.26407,0.0,0.0,-1.5707964,0.0
1970-01-01 00:00:00.210934363,0.210934363,0.0,0.0,0.0,0.0,218.89742,0.0,0.0,0.0,-1.5707964,0.0
1970-01-01 00:00:00.210948267,0.210948267,0.0,0.0,0.0,115.58056,0.0,0.0,0.0,0.0,-1.5707964,0.0
1970-01-01 00:00:00.211137727,0.211137727,0.0,0.0,0.0,0.0,0.0,85.52467,0.0,0.0,-1.5707964,0.0
1970-01-01 00:00:00.211361970,0.21136197,0.0,0.0,0.0,0.0,475.9663,0.0,0.0,0.0,-1.5707964,0.0
1970-01-01 00:00:00.211361970,0.21136197,0.0,0.0,0.0,0.0,0.0,136.79395,0.0,0.0,-1.5707964,0.0
1970-01-01 00:00:00.211755689,0.211755689,0.0,0.0,172.18661,0.0,0.0,0.0,0.0,0.0,-1.5707964,0.0
1970-01-01 00:00:00.212316111,0.212316111,0.0,0.0,0.0,1551.3362,0.0,0.0,0.0,0.0,-1.5707964,0.0
1970-01-01 00:00:00.212622466,0.212622466,0.0,0.0,0.0,145.72208,0.0,0.0,0.0,0.0,-1.5707964,0.0
1970-01-01 00:00:00.212633106,0.212633106,0.0,0.0,0.0,0.0,0.0,131.66582,0.0,0.0,-1.5707964,0.0
1970-01-01 00:00:00.212707995,0.212707995,0.0,0.0,0.0,0.0,0.0,231.85017,0.0,0.0,-1.5707964,0.0
1970-01-01 00:00:00.212744398,0.212744398,0.0,0.0,0.0,0.0,0.0,292.2579,0.0,0.0,-1.5707964,0.0
1970-01-01 00:00:00.212884139,0.212884139,0.0,0.0,0.0,623.41315,0.0,0.0,0.0,0.0,-1.5707964,0.0
1970-01-01 00:00:00.213196455,0.213196455,0.0,0.0,0.0,0.0,0.0,158.12375,0.0,0.0,-1.5707964,0.0
1970-01-01 00:00:00.213342282,0.213342282,0.0,0.0,103.41693,0.0,0.0,0.0,0.0,0.0,-1.5707964,0.0
1970-01-01 00:00:00.213564828,0.213564828,0.0,0.0,0.0,0.0,1534.651,0.0,0.0,0.0,-1.5707964,0.0
1970-01-01 00:00:00.214047880,0.21404788,0.0,0.0,0.0,0.0,0.0,359.68524,0.0,0.0,-1.5707964,0.0
1970-01-01 00:00:00.214111385,0.214111385,102.23534,0.0,0.0,0.0,0.0,0.0,0.0,0.0,-1.5707964,0.0
1970-01-01 00:00:00.214117711,0.214117711,0.0,0.0,0.0,0.0,349.9535,0.0,0.0,0.0,-1.5707964,0.0
1970-01-01 00:00:00.214271593,0.214271593,0.0,420.77322,0.0,0.0,0.0,0.0,0.0,0.0,-1.5707964,0.0
1970-01-01 00:00:00.214284012,0.214284012,0.0,0.0,0.0,506.0094,0.0,0.0,0.0,0.0,-1.5707964,0.0
1970-01-01 00:00:00.214284225,0.214284225,0.0,0.0,0.0,0.0,0.0,204.14467,0.0,0.0,-1.5707964,0.0
1970-01-01 00:00:00.214304285,0.214304285,0.0,0.0,0.0,0.0,0.0,110.709305,0.0,0.0,-1.5707964,0.0
1970-01-01 00:00:00.214460446,0.214460446,0.0,0.0,191.83258,0.0,0.0,0.0,0.0,0.0,-1.5707964,0.0
1970-01-01 00:00:00.214856218,0.214856218,0.0,0.0,242.75513,0.0,0.0,0.0,0.0,0.0,-1.5707964,0.0
1970-01-01 00:00:00.215300903,0.215300903,0.0,0.0,98.5538,0.0,0.0,0.0,0.0,0.0,-1.5707964,0.0
1970-01-01 00:00:00.215738400,0.2157384,0.0,0.0,0.0,0.0,0.0,1120.2103,0.0,0.0,-1.5707964,0.0
1970-01-01 00:00:00.216137604,0.216137604,0.0,0.0,0.0,687.95874,0.0,0.0,0.0,0.0,-1.5707964,0.0
1970-01-01 00:00:00.216872413,0.216872413,0.0,0.0,0.0,125.23524,0.0,0.0,0.0,0.0,-1.5707964,0.0
1970-01-01 00:00:00.218313827,0.218313827,0.0,0.0,0.0,0.0,0.0,121.256996,0.0,0.0,-1.5707964,0.0
1970-01-01 00:00:00.218536529,0.218536529,0.0,0.0,0.0,148.51492,0.0,0.0,0.0,0.0,-1.5707964,0.0
1970-01-01 00:00:00.218681943,0.218681943,0.0,0.0,0.0,0.0,880.3799,0.0,0.0,0.0,-1.5707964,0.0
1970-01-01 00:00:00.218782353,0.218782353,321.94247,0.0,0.0,0.0,0.0,0.0,0.0,0.0,-1.5707964,0.0
1970-01-01 00:00:00.218874089,0.218874089,0.0,0.0,0.0,0.0,236.76103,0.0,0.0,0.0,-1.5707964,0.0
1970-01-01 00:00:00.218879602,0.218879602,0.0,231.85046,0.0,0.0,0.0,0.0,0.0,0.0,-1.5707964,0.0
1970-01-01 00:00:00.219008367,0.219008367,0.0,0.0,0.0,0.0,0.0,133.89026,0.0,0.0,-1.5707964,0.0
1970-01-01 00:00:00.219413673,0.219413673,0.0,0.0,0.0,0.0,0.0,831.9393,0.0,0.0,-1.5707964,0.0
1970-01-01 00:00:00.219696614,0.219696614,0.0,0.0,0.0,0.0,0.0,175.56633,0.0,0.0,-1.5707964,0.0
1970-01-01 00:00:00.219706125,0.219706125,0.0,0.0,0.0,0.0,0.0,166.47495,0.0,0.0,-1.5707964,0.0
1970-01-01 00:00:00.219725845,0.219725845,0.0,0.0,0.0,496.80933,0.0,0.0,0.0,0.0,-1.5707964,0.0
1970-01-01 00:00:00.219879341,0.219879341,0.0,0.0,0.0,0.0,0.0,1164.9446,0.0,0.0,-1.5707964,0.0
1970-01-01 00:00:00.219996964,0.219996964,0.0,0.0,0.0,0.0,0.0,1720.1311,0.0,0.0,-1.5707964,0.0
1970-01-01 00:00:00.221516436,0.221516436,0.0,0.0,0.0,0.0,0.0,963.2186,0.0,0.0,-1.5707964,0.0
1970-01-01 00:00:00.222186128,0.222186128,0.0,0.0,0.0,0.0,663.154,0.0,0.0,0.0,-1.5707964,0.0
1970-01-01 00:00:00.222227523,0.222227523,0.0,0.0,546.15204,0.0,0.0,0.0,0.0,0.0,-1.5707964,0.0
1970-01-01 00:00:00.222391078,0.222391078,0.0,0.0,0.0,423.3636,0.0,0.0,0.0,0.0,-1.5707964,0.0
1970-01-01 00:00:00.222670782,0.222670782,0.0,0.0,0.0,425.07806,0.0,0.0,0.0,0.0,-1.5707964,0.0
1970-01-01 00:00:00.222882601,0.222882601,0.0,0.0,0.0,0.0,361.42297,0.0,0.0,0.0,-1.5707964,0.0
1970-01-01 00:00:00.223057910,0.22305791,0.0,0.0,0.0,0.0,252.68741,0.0,0.0,0.0,-1.5707964,0.0
1970-01-01 00:00:00.223086376,0.223086376,0.0,0.0,513.3345,0.0,0.0,0.0,0.0,0.0,-1.5707964,0.0
1970-01-01 00:00:00.223316566,0.223316566,0.0,0.0,0.0,0.0,334.66882,0.0,0.0,0.0,-1.5707964,0.0
1970-01-01 00:00:00.223449177,0.223449177,0.0,0.0,0.0,0.0,0.0,167.51102,0.0,0.0,-1.5707964,0.0
1970-01-01 00:00:00.223559099,0.223559099,0.0,0.0,0.0,90.817764,0.0,0.0,0.0,0.0,-1.5707964,0.0
1970-01-01 00:00:00.223875434,0.223875434,0.0,0.0,248.19029,0.0,0.0,0.0,0.0,0.0,-1.5707964,0.0
1970-01-01 00:00:00.223941117,0.223941117,0.0,0.0,0.0,0.0,0.0,406.38287,0.0,0.0,-1.5707964,0.0
1970-01-01 00:00:00.224021320,0.22402132,0.0,0.0,0.0,0.0,0.0,132.88823,0.0,0.0,-1.5707964,0.0
1970-01-01 00:00:00.224145986,0.224145986,0.0,0.0,0.0,0.0,0.0,2192.706,0.0,0.0,-1.5707964,0.0
1970-01-01 00:00:00.224155316,0.224155316,0.0,0.0,0.0,0.0,0.0,123.38246,0.0,0.0,-1.5707964,0.0
1970-01-01 00:00:00.224350972,0.224350972,0.0,0.0,0.0,0.0,0.0,477.76852,0.0,0.0,-1.5707964,0.0
1970-01-01 00:00:00.224557953,0.224557953,0.0,0.0,0.0,0.0,0.0,254.81738,0.0,0.0,-1.5707964,0.0
1970-01-01 00:00:00.224945666,0.224945666,0.0,0.0,233.06845,0.0,0.0,0.0,0.0,0.0,-1.5707964,0.0
1970-01-01 00:00:00.225213804,0.225213804,0.0,0.0,0.0,0.0,0.0,351.96664,0.0,0.0,-1.5707964,0.0
1970-01-01 00:00:00.225439605,0.225439605,0.0,0.0,0.0,0.0,0.0,216.81978,0.0,0.0,-1.5707964,0.0
1970-01-01 00:00:00.225834066,0.225834066,0.0,0.0,284.25037,0.0,0.0,0.0,0.0,0.0,-1.5707964,0.0
1970-01-01 00:00:00.225834066,0.225834066,0.0,0.0,0.0,0.0,0.0,764.51697,0.0,0.0,-1.5707964,0.0
1970-01-01 00:00:00.225932182,0.225932182,0.0,0.0,349.6496,0.0,0.0,0.0,0.0,0.0,-1.5707964,0.0
1970-01-01 00:00:00.225979591,0.225979591,0.0,0.0,0.0,0.0,0.0,98.02557,0.0,0.0,-1.5707964,0.0
1970-01-01 00:00:00.226342639,0.226342639,0.0,0.0,0.0,672.9417,0.0,0.0,0.0,0.0,-1.5707964,0.0
1970-01-01 00:00:00.226492084,0.226492084,0.0,0.0,0.0,0.0,0.0,505.8436,0.0,0.0,-1.5707964,0.0
1970-01-01 00:00:00.226969608,0.226969608,0.0,0.0,0.0,888.39813,0.0,0.0,0.0,0.0,-1.5707964,0.0
1970-01-01 00:00:00.227217721,0.227217721,0.0,0.0,0.0,776.11523,0.0,0.0,0.0,0.0,-1.5707964,0.0
1970-01-01 00:00:00.227497294,0.227497294,0.0,0.0,0.0,335.628,0.0,0.0,0.0,0.0,-1.5707964,0.0
1970-01-01 00:00:00.227685924,0.227685924,0.0,0.0,0.0,0.0,98.074684,0.0,0.0,0.0,-1.5707964,0.0
1970-01-01 00:00:00.227944712,0.227944712,0.0,0.0,0.0,709.9932,0.0,0.0,0.0,0.0,-1.5707964,0.0
1970-01-01 00:00:00.228037924,0.228037924,0.0,0.0,0.0,0.0,1070.041,0.0,0.0,0.0,-1.5707964,0.0
1970-01-01 00:00:00.228409807,0.228409807,0.0,0.0,0.0,122.548996,0.0,0.0,0.0,0.0,-1.5707964,0.0
1970-01-01 00:00:00.229117325,0.229117325,0.0,0.0,0.0,0.0,231.77966,0.0,0.0,0.0,-1.5707964,0.0
1970-01-01 00:00:00.229565805,0.229565805,450.8817,0.0,0.0,0.0,0.0,0.0,0.0,0.0,-1.5707964,0.0
1970-01-01 00:00:00.229887372,0.229887372,0.0,0.0,0.0,0.0,0.0,192.97673,0.0,0.0,-1.5707964,0.0
1970-01-01 00:00:00.230094074,0.230094074,0.0,0.0,0.0,370.0627,0.0,0.0,0.0,0.0,-1.5707964,0.0
1970-01-01 00:00:00.230199505,0.230199505,768.44855,0.0,0.0,0.0,0.0,0.0,0.0,0.0,-1.5707964,0.0
1970-01-01 00:00:00.230270867,0.230270867,0.0,0.0,197.30722,0.0,0.0,0.0,0.0,0.0,-1.5707964,0.0
1970-01-01 00:00:00.230386716,0.230386716,0.0,0.0,0.0,0.0,317.55865,0.0,0.0,0.0,-1.5707964,0.0
1970-01-01 00:00:00.230932743,0.230932743,0.0,0.0,0.0,962.2992,0.0,0.0,0.0,0.0,-1.5707964,0.0
1970-01-01 00:00:00.231215202,0.231215202,0.0,0.0,0.0,0.0,109.86752,0.0,0.0,0.0,-1.5707964,0.0
1970-01-01 00:00:00.231401840,0.23140184,0.0,0.0,178.78741,0.0,0.0,0.0,0.0,0.0,-1.5707964,0.0
1970-01-01 00:00:00.231437424,0.231437424,0.0,0.0,0.0,1428.863,0.0,0.0,0.0,0.0,-1.5707964,0.0
1970-01-01 00:00:00.231741104,0.231741104,0.0,0.0,0.0,0.0,0.0,210.53572,0.0,0.0,-1.5707964,0.0
1970-01-01 00:00:00.232006172,0.232006172,0.0,0.0,0.0,0.0,195.55254,0.0,0.0,0.0,-1.5707964,0.0
1970-01-01 00:00:00.232268487,0.232268487,0.0,556.4539,0.0,0.0,0.0,0.0,0.0,0.0,-1.5707964,0.0
1970-01-01 00:00:00.232350510,0.23235051,0.0,0.0,0.0,199.24059,0.0,0.0,0.0,0.0,-1.5707964,0.0
1970-01-01 00:00:00.232753833,0.232753833,0.0,0.0,0.0,164.77106,0.0,0.0,0.0,0.0,-1.5707964,0.0
1970-01-01 00:00:00.232838693,0.232838693,0.0,0.0,0.0,0.0,375.2158,0.0,0.0,0.0,-1.5707964,0.0
1970-01-01 00:00:00.232917907,0.232917907,0.0,0.0,0.0,0.0,0.0,284.33887,0.0,0.0,-1.5707964,0.0
1970-01-01 00:00:00.232924081,0.232924081,0.0,0.0,0.0,0.0,391.02948,0.0,0.0,0.0,-1.5707964,0.0
1970-01-01 00:00:00.233333800,0.2333338,0.0,0.0,0.0,0.0,0.0,202.14885,0.0,0.0,-1.5707964,0.0
1970-01-01 00:00:00.234061014,0.234061014,0.0,0.0,0.0,88.42783,0.0,0.0,0.0,0.0,-1.5707964,0.0
1970-01-01 00:00:00.234215518,0.234215518,0.0,0.0,0.0,0.0,0.0,267.71933,0.0,0.0,-1.5707964,0.0
1970-01-01 00:00:00.234260065,0.234260065,0.0,0.0,0.0,0.0,0.0,781.83026,0.0,0.0,-1.5707964,0.0
1970-01-01 00:00:00.234280665,0.234280665,604.01953,0.0,0.0,0.0,0.0,0.0,0.0,0.0,-1.5707964,0.0
1970-01-01 00:00:00.234406078,0.234406078,0.0,0.0,0.0,0.0,0.0,260.68417,0.0,0.0,-1.5707964,0.0
1970-01-01 00:00:00.234745395,0.234745395,0.0,0.0,0.0,0.0,364.88455,0.0,0.0,0.0,-1.5707964,0.0
1970-01-01 00:00:00.234750187,0.234750187,0.0,0.0,793.7746,0.0,0.0,0.0,0.0,0.0,-1.5707964,0.0
1970-01-01 00:00:00.234781927,0.234781927,0.0,0.0,191.36903,0.0,0.0,0.0,0.0,0.0,-1.5707964,0.0
1970-01-01 00:00:00.234803575,0.234803575,0.0,0.0,0.0,0.0,0.0,284.87982,0.0,0.0,-1.5707964,0.0
1970-01-01 00:00:00.234809821,0.234809821,0.0,0.0,0.0,0.0,0.0,142.56389,0.0,0.0,-1.5707964,0.0
1970-01-01 00:00:00.234836667,0.234836667,0.0,0.0,0.0,0.0,0.0,276.5145,0.0,0.0,-1.5707964,0.0
1970-01-01 00:00:00.234998054,0.234998054,0.0,0.0,0.0,201.63367,0.0,0.0,0.0,0.0,-1.5707964,0.0
1970-01-01 00:00:00.235021127,0.235021127,0.0,374.40625,0.0,0.0,0.0,0.0,0.0,0.0,-1.5707964,0.0
1970-01-01 00:00:00.235428394,0.235428394,0.0,0.0,0.0,0.0,0.0,1598.0785,0.0,0.0,-1.5707964,0.0
1970-01-01 00:00:00.235557369,0.235557369,0.0,0.0,265.47876,0.0,0.0,0.0,0.0,0.0,-1.5707964,0.0
1970-01-01 00:00:00.235693132,0.235693132,0.0,0.0,0.0,554.7265,0.0,0.0,0.0,0.0,-1.5707964,0.0
1970-01-01 00:00:00.235777989,0.235777989,0.0,0.0,0.0,0.0,85.09505,0.0,0.0,0.0,-1.5707964,0.0
1970-01-01 00:00:00.235850190,0.23585019,0.0,94.45599,0.0,0.0,0.0,0.0,0.0,0.0,-1.5707964,0.0
1970-01-01 00:00:00.235850190,0.23585019,0.0,0.0,0.0,0.0,134.7445,0.0,0.0,0.0,-1.5707964,0.0
1970-01-01 00:00:00.235891385,0.235891385,0.0,0.0,0.0,0.0,0.0,452.85086,0.0,0.0,-1.5707964,0.0
1970-01-01 00:00:00.235951194,0.235951194,0.0,0.0,0.0,0.0,0.0,879.34186,0.0,0.0,-1.5707964,0.0
1970-01-01 00:00:00.236201563,0.236201563,0.0,0.0,0.0,0.0,0.0,114.02379,0.0,0.0,-1.5707964,0.0
1970-01-01 00:00:00.236354656,0.236354656,0.0,0.0,96.4102,0.0,0.0,0.0,0.0,0.0,-1.5707964,0.0
1970-01-01 00:00:00.236863129,0.236863129,0.0,0.0,0.0,0.0,171.56033,0.0,0.0,0.0,-1.5707964,0.0
1970-01-01 00:00:00.237379859,0.237379859,0.0,0.0,0.0,0.0,0.0,380.8118,0.0,0.0,-1.5707964,0.0
1970-01-01 00:00:00.237502242,0.237502242,0.0,0.0,0.0,0.0,0.0,196.1335,0.0,0.0,-1.5707964,0.0
1970-01-01 00:00:00.237653307,0.237653307,0.0,0.0,0.0,648.01215,0.0,0.0,0.0,0.0,-1.5707964,0.0
1970-01-01 00:00:00.238322015,0.238322015,0.0,0.0,0.0,197.26816,0.0,0.0,0.0,0.0,-1.5707964,0.0
1970-01-01 00:00:00.238446281,0.238446281,0.0,529.8313,0.0,0.0,0.0,0.0,0.0,0.0,-1.5707964,0.0
1970-01-01 00:00:00.238448593,0.238448593,0.0,121.47009,0.0,0.0,0.0,0.0,0.0,0.0,-1.5707964,0.0
1970-01-01 00:00:00.238514172,0.238514172,0.0,0.0,0.0,0.0,0.0,692.078,0.0,0.0,-1.5707964,0.0
1970-01-01 00:00:00.238578284,0.238578284,0.0,0.0,0.0,0.0,122.83043,0.0,0.0,0.0,-1.5707964,0.0
1970-01-01 00:00:00.238763789,0.238763789,0.0,0.0,122.52386,0.0,0.0,0.0,0.0,0.0,-1.5707964,0.0
1970-01-01 00:00:00.238941687,0.238941687,0.0,0.0,0.0,0.0,0.0,111.588715,0.0,0.0,-1.5707964,0.0
1970-01-01 00:00:00.239355593,0.239355593,0.0,0.0,139.50702,0.0,0.0,0.0,0.0,0.0,-1.5707964,0.0
1970-01-01 00:00:00.239357266,0.239357266,95.098595,0.0,0.0,0.0,0.0,0.0,0.0,0.0,-1.5707964,0.0
1970-01-01 00:00:00.239418460,0.23941846,0.0,0.0,0.0,0.0,0.0,692.0394,0.0,0.0,-1.5707964,0.0
1970-01-01 00:00:00.239612907,0.239612907,0.0,0.0,0.0,709.101,0.0,0.0,0.0,0.0,-1.5707964,0.0
1970-01-01 00:00:00.239643995,0.239643995,0.0,0.0,97.093185,0.0,0.0,0.0,0.0,0.0,-1.5707964,0.0
1970-01-01 00:00:00.239734742,0.239734742,0.0,0.0,0.0,1378.2413,0.0,0.0,0.0,0.0,-1.5707964,0.0
1970-01-01 00:00:00.239783166,0.239783166,0.0,0.0,1011.78784,0.0,0.0,0.0,0.0,0.0,-1.5707964,0.0
1970-01-01 00:00:00.239785608,0.239785608,0.0,0.0,0.0,0.0,0.0,179.59552,0.0,0.0,-1.5707964,0.0
1970-01-01 00:00:00.240063766,0.240063766,0.0,0.0,0.0,0.0,0.0,210.9915,0.0,0.0,-1.5707964,0.0
1970-01-01 00:00:00.240155057,0.240155057,1251.4414,0.0,0.0,0.0,0.0,0.0,0.0,0.0,-1.5707964,0.0
1970-01-01 00:00:00.240169431,0.240169431,0.0,0.0,0.0,0.0,0.0,119.46911,0.0,0.0,-1.5707964,0.0
1970-01-01 00:00:00.240262190,0.24026219,0.0,0.0,0.0,0.0,922.6119,0.0,0.0,0.0,-1.5707964,0.0
1970-01-01 00:00:00.240323437,0.240323437,0.0,0.0,0.0,0.0,0.0,943.4519,0.0,0.0,-1.5707964,0.0
1970-01-01 00:00:00.240365671,0.240365671,0.0,0.0,0.0,0.0,0.0,602.44104,0.0,0.0,-1.5707964,0.0
1970-01-01 00:00:00.240641402,0.240641402,0.0,0.0,0.0,0.0,0.0,1667.3806,0.0,0.0,-1.5707964,0.0
1970-01-01 00:00:00.240703749,0.240703749,0.0,0.0,0.0,0.0,0.0,112.79324,0.0,0.0,-1.5707964,0.0
1970-01-01 00:00:00.240721154,0.240721154,0.0,0.0,0.0,0.0,0.0,572.6491,0.0,0.0,-1.5707964,0.0
1970-01-01 00:00:00.240788059,0.240788059,0.0,0.0,0.0,0.0,447.1695,0.0,0.0,0.0,-1.5707964,0.0
1970-01-01 00:00:00.241147819,0.241147819,0.0,0.0,1235.753,0.0,0.0,0.0,0.0,0.0,-1.5707964,0.0
1970-01-01 00:00:00.241147819,0.241147819,0.0,0.0,0.0,0.0,0.0,440.6811,0.0,0.0,-1.5707964,0.0
1970-01-01 00:00:00.241188153,0.241188153,0.0,0.0,0.0,0.0,0.0,124.58363,0.0,0.0,-1.5707964,0.0
1970-01-01 00:00:00.241238257,0.241238257,455.96057,0.0,0.0,0.0,0.0,0.0,0.0,0.0,-1.5707964,0.0
1970-01-01 00:00:00.241649114,0.241649114,0.0,0.0,466.46332,0.0,0.0,0.0,0.0,0.0,-1.5707964,0.0
1970-01-01 00:00:00.241680270,0.24168027,0.0,0.0,0.0,86.70114,0.0,0.0,0.0,0.0,-1.5707964,0.0
1970-01-01 00:00:00.241709724,0.241709724,0.0,0.0,0.0,0.0,0.0,518.0869,0.0,0.0,-1.5707964,0.0
1970-01-01 00:00:00.241716216,0.241716216,0.0,0.0,0.0,0.0,788.1659,0.0,0.0,0.0,-1.5707964,0.0
1970-01-01 00:00:00.241716216,0.241716216,0.0,0.0,0.0,170.40796,0.0,0.0,0.0,0.0,-1.5707964,0.0
1970-01-01 00:00:00.241756098,0.241756098,0.0,0.0,0.0,0.0,0.0,983.1847,0.0,0.0,-1.5707964,0.0
1970-01-01 00:00:00.241758374,0.241758374,0.0,0.0,0.0,339.7872,0.0,0.0,0.0,0.0,-1.5707964,0.0
1970-01-01 00:00:00.241759952,0.241759952,0.0,0.0,0.0,0.0,0.0,316.36133,0.0,0.0,-1.5707964,0.0
1970-01-01 00:00:00.241807054,0.241807054,0.0,0.0,0.0,570.2512,0.0,0.0,0.0,0.0,-1.5707964,0.0
1970-01-01 00:00:00.241922429,0.241922429,0.0,0.0,0.0,0.0,0.0,106.03524,0.0,0.0,-1.5707964,0.0
1970-01-01 00:00:00.242100671,0.242100671,0.0,0.0,164.74962,0.0,0.0,0.0,0.0,0.0,-1.5707964,0.0
1970-01-01 00:00:00.242150375,0.242150375,0.0,0.0,0.0,0.0,280.48203,0.0,0.0,0.0,-1.5707964,0.0
1970-01-01 00:00:00.242173566,0.242173566,0.0,0.0,0.0,349.20273,0.0,0.0,0.0,0.0,-1.5707964,0.0
1970-01-01 00:00:00.242437940,0.24243794,289.4468,0.0,0.0,0.0,0.0,0.0,0.0,0.0,-1.5707964,0.0
1970-01-01 00:00:00.242466500,0.2424665,226.89215,0.0,0.0,0.0,0.0,0.0,0.0,0.0,-1.5707964,0.0
1970-01-01 00:00:00.242466500,0.2424665,0.0,0.0,888.8753,0.0,0.0,0.0,0.0,0.0,-1.5707964,0.0
1970-01-01 00:00:00.242499984,0.242499984,0.0,0.0,0.0,206.93948,0.0,0.0,0.0,0.0,-1.5707964,0.0
1970-01-01 00:00:00.242667581,0.242667581,883.61664,0.0,0.0,0.0,0.0,0.0,0.0,0.0,-1.5707964,0.0
1970-01-01 00:00:00.242750519,0.242750519,0.0,0.0,0.0,248.84631,0.0,0.0,0.0,0.0,-1.5707964,0.0
1970-01-01 00:00:00.242807906,0.242807906,0.0,0.0,0.0,0.0,1283.1171,0.0,0.0,0.0,-1.5707964,0.0
1970-01-01 00:00:00.243154700,0.2431547,0.0,0.0,0.0,0.0,0.0,1865.3527,0.0,0.0,-1.5707964,0.0
1970-01-01 00:00:00.243213638,0.243213638,0.0,0.0,0.0,0.0,0.0,491.26712,0.0,0.0,-1.5707964,0.0
1970-01-01 00:00:00.243562098,0.243562098,0.0,0.0,126.56875,0.0,0.0,0.0,0.0,0.0,-1.5707964,0.0
1970-01-01 00:00:00.243624940,0.24362494,0.0,0.0,1928.0741,0.0,0.0,0.0,0.0,0.0,-1.5707964,0.0
1970-01-01 00:00:00.243625306,0.243625306,0.0,0.0,0.0,0.0,0.0,152.97073,0.0,0.0,-1.5707964,0.0
1970-01-01 00:00:00.243741431,0.243741431,0.0,0.0,0.0,0.0,255.47887,0.0,0.0,0.0,-1.5707964,0.0
1970-01-01 00:00:00.244098372,0.244098372,0.0,0.0,0.0,436.0095,0.0,0.0,0.0,0.0,-1.5707964,0.0
1970-01-01 00:00:00.244117939,0.244117939,567.9224,0.0,0.0,0.0,0.0,0.0,0.0,0.0,-1.5707964,0.0
1970-01-01 00:00:00.244117939,0.244117939,0.0,0.0,0.0,0.0,0.0,202.25545,0.0,0.0,-1.5707964,0.0
1970-01-01 00:00:00.244135654,0.244135654,0.0,0.0,0.0,0.0,340.5775,0.0,0.0,0.0,-1.5707964,0.0
1970-01-01 00:00:00.244189201,0.244189201,0.0,0.0,0.0,0.0,647.4801,0.0,0.0,0.0,-1.5707964,0.0
1970-01-01 00:00:00.244601897,0.244601897,0.0,0.0,0.0,0.0,257.17477,0.0,0.0,0.0,-1.5707964,0.0
1970-01-01 00:00:00.244672246,0.244672246,0.0,0.0,0.0,0.0,0.0,277.42215,0.0,0.0,-1.5707964,0.0
1970-01-01 00:00:00.244918759,0.244918759,0.0,0.0,0.0,0.0,0.0,218.44897,0.0,0.0,-1.5707964,0.0
1970-01-01 00:00:00.245329816,0.245329816,0.0,0.0,0.0,461.31592,0.0,0.0,0.0,0.0,-1.5707964,0.0
1970-01-01 00:00:00.245537945,0.245537945,0.0,0.0,0.0,0.0,0.0,471.67328,0.0,0.0,-1.5707964,0.0
1970-01-01 00:00:00.245572737,0.245572737,0.0,0.0,0.0,0.0,134.19461,0.0,0.0,0.0,-1.5707964,0.0
1970-01-01 00:00:00.245704013,0.245704013,0.0,0.0,0.0,253.37222,0.0,0.0,0.0,0.0,-1.5707964,0.0
1970-01-01 00:00:00.245914754,0.245914754,0.0,0.0,0.0,0.0,0.0,803.81464,0.0,0.0,-1.5707964,0.0
1970-01-01 00:00:00.246122116,0.246122116,0.0,0.0,0.0,0.0,0.0,587.32745,0.0,0.0,-1.5707964,0.0
1970-01-01 00:00:00.246142450,0.24614245,0.0,0.0,0.0,127.78552,0.0,0.0,0.0,0.0,-1.5707964,0.0
1970-01-01 00:00:00.246153416,0.246153416,254.0073,0.0,0.0,0.0,0.0,0.0,0.0,0.0,-1.5707964,0.0
1970-01-01 00:00:00.246266601,0.246266601,0.0,0.0,0.0,646.05914,0.0,0.0,0.0,0.0,-1.5707964,0.0
1970-01-01 00:00:00.246517611,0.246517611,0.0,0.0,0.0,0.0,0.0,83.85934,0.0,0.0,-1.5707964,0.0
1970-01-01 00:00:00.246730681,0.246730681,0.0,0.0,0.0,0.0,0.0,224.72292,0.0,0.0,-1.5707964,0.0
1970-01-01 00:00:00.246797749,0.246797749,0.0,0.0,0.0,0.0,0.0,303.78302,0.0,0.0,-1.5707964,0.0
1970-01-01 00:00:00.247196452,0.247196452,2101.8965,0.0,0.0,0.0,0.0,0.0,0.0,0.0,-1.5707964,0.0
1970-01-01 00:00:00.247276581,0.247276581,0.0,0.0,0.0,0.0,0.0,2300.5706,0.0,0.0,-1.5707964,0.0
1970-01-01 00:00:00.247596500,0.2475965,0.0,91.258705,0.0,0.0,0.0,0.0,0.0,0.0,-1.5707964,0.0
1970-01-01 00:00:00.247999948,0.247999948,0.0,0.0,0.0,0.0,0.0,672.2473,0.0,0.0,-1.5707964,0.0
1970-01-01 00:00:00.248058521,0.248058521,0.0,0.0,0.0,0.0,0.0,338.07565,0.0,0.0,-1.5707964,0.0
1970-01-01 00:00:00.248104933,0.248104933,0.0,0.0,0.0,0.0,0.0,91.58946,0.0,0.0,-1.5707964,0.0
1970-01-01 00:00:00.248358239,0.248358239,0.0,0.0,0.0,0.0,1347.1162,0.0,0.0,0.0,-1.5707964,0.0
1970-01-01 00:00:00.248384635,0.248384635,0.0,0.0,0.0,0.0,474.16064,0.0,0.0,0.0,-1.5707964,0.0
1970-01-01 00:00:00.248496824,0.248496824,90.11523,0.0,0.0,0.0,0.0,0.0,0.0,0.0,-1.5707964,0.0
1970-01-01 00:00:00.248640286,0.248640286,0.0,0.0,0.0,1898.4894,0.0,0.0,0.0,0.0,-1.5707964,0.0
1970-01-01 00:00:00.248709809,0.248709809,0.0,0.0,0.0,471.95038,0.0,0.0,0.0,0.0,-1.5707964,0.0
1970-01-01 00:00:00.249145311,0.249145311,0.0,0.0,0.0,0.0,0.0,541.55133,0.0,0.0,-1.5707964,0.0
1970-01-01 00:00:00.249150422,0.249150422,0.0,0.0,201.41469,0.0,0.0,0.0,0.0,0.0,-1.5707964,0.0
1970-01-01 00:00:00.249317401,0.249317401,0.0,0.0,0.0,346.90582,0.0,0.0,0.0,0.0,-1.5707964,0.0
1970-01-01 00:00:00.249502604,0.249502604,0.0,0.0,0.0,0.0,0.0,281.36862,0.0,0.0,-1.5707964,0.0
1970-01-01 00:00:00.249695354,0.249695354,0.0,0.0,0.0,0.0,263.12463,0.0,0.0,0.0,-1.5707964,0.0
1970-01-01 00:00:00.249957562,0.249957562,0.0,0.0,0.0,842.3264,0.0,0.0,0.0,0.0,-1.5707964,0.0
1970-01-01 00:00:00.249969534,0.249969534,0.0,0.0,0.0,0.0,0.0,515.0926,0.0,0.0,-1.5707964,0.0
1970-01-01 00:00:00.250202056,0.250202056,0.0,0.0,0.0,0.0,0.0,606.68353,0.0,0.0,-1.5707964,0.0
1970-01-01 00:00:00.250571733,0.250571733,0.0,0.0,0.0,1596.7219,0.0,0.0,0.0,0.0,-1.5707964,0.0
1970-01-01 00:00:00.250607687,0.250607687,0.0,0.0,0.0,0.0,0.0,227.56046,0.0,0.0,-1.5707964,0.0
1970-01-01 00:00:00.250626939,0.250626939,0.0,0.0,0.0,0.0,0.0,761.47876,0.0,0.0,-1.5707964,0.0
1970-01-01 00:00:00.250808968,0.250808968,0.0,0.0,0.0,0.0,0.0,213.37617,0.0,0.0,-1.5707964,0.0
1970-01-01 00:00:00.250904350,0.25090435,0.0,0.0,0.0,0.0,0.0,227.41617,0.0,0.0,-1.5707964,0.0
1970-01-01 00:00:00.250980074,0.250980074,0.0,177.76085,0.0,0.0,0.0,0.0,0.0,0.0,-1.5707964,0.0
1970-01-01 00:00:00.251000759,0.251000759,0.0,99.997215,0.0,0.0,0.0,0.0,0.0,0.0,-1.5707964,0.0
1970-01-01 00:00:00.251034097,0.251034097,0.0,0.0,274.6624,0.0,0.0,0.0,0.0,0.0,-1.5707964,0.0
1970-01-01 00:00:00.251355973,0.251355974,0.0,0.0,0.0,571.50745,0.0,0.0,0.0,0.0,-1.5707964,0.0
1970-01-01 00:00:00.251591948,0.251591948,181.34056,0.0,0.0,0.0,0.0,0.0,0.0,0.0,-1.5707964,0.0
1970-01-01 00:00:00.251739928,0.251739929,0.0,0.0,0.0,249.72345,0.0,0.0,0.0,0.0,-1.5707964,0.0
1970-01-01 00:00:00.251741477,0.251741477,0.0,0.0,0.0,645.4083,0.0,0.0,0.0,0.0,-1.5707964,0.0
1970-01-01 00:00:00.251853572,0.251853572,0.0,0.0,532.6288,0.0,0.0,0.0,0.0,0.0,-1.5707964,0.0
1970-01-01 00:00:00.252016063,0.252016063,0.0,0.0,0.0,207.62224,0.0,0.0,0.0,0.0,-1.5707964,0.0
1970-01-01 00:00:00.252254103,0.252254103,0.0,0.0,0.0,0.0,360.2888,0.0,0.0,0.0,-1.5707964,0.0
1970-01-01 00:00:00.252590588,0.252590589,0.0,0.0,0.0,0.0,409.8699,0.0,0.0,0.0,-1.5707964,0.0
1970-01-01 00:00:00.252801536,0.252801536,0.0,0.0,0.0,346.9648,0.0,0.0,0.0,0.0,-1.5707964,0.0
1970-01-01 00:00:00.252815693,0.252815694,0.0,0.0,0.0,0.0,0.0,538.39355,0.0,0.0,-1.5707964,0.0
1970-01-01 00:00:00.252867165,0.252867166,0.0,0.0,0.0,0.0,100.449646,0.0,0.0,0.0,-1.5707964,0.0
1970-01-01 00:00:00.253274137,0.253274137,0.0,0.0,0.0,0.0,0.0,99.88485,0.0,0.0,-1.5707964,0.0
1970-01-01 00:00:00.253297740,0.25329774,0.0,0.0,0.0,93.402504,0.0,0.0,0.0,0.0,-1.5707964,0.0
1970-01-01 00:00:00.253478280,0.25347828,0.0,0.0,0.0,0.0,0.0,876.14044,0.0,0.0,-1.5707964,0.0
1970-01-01 00:00:00.253493853,0.253493853,0.0,0.0,0.0,108.47534,0.0,0.0,0.0,0.0,-1.5707964,0.0
1970-01-01 00:00:00.253494773,0.253494774,0.0,0.0,0.0,0.0,300.4049,0.0,0.0,0.0,-1.5707964,0.0
1970-01-01 00:00:00.253513447,0.253513448,0.0,0.0,142.13303,0.0,0.0,0.0,0.0,0.0,-1.5707964,0.0
1970-01-01 00:00:00.253528474,0.253528474,0.0,0.0,0.0,756.782,0.0,0.0,0.0,0.0,-1.5707964,0.0
1970-01-01 00:00:00.253530674,0.253530675,0.0,0.0,0.0,414.50043,0.0,0.0,0.0,0.0,-1.5707964,0.0
1970-01-01 00:00:00.253606477,0.253606477,0.0,0.0,0.0,0.0,0.0,1499.5604,0.0,0.0,-1.5707964,0.0
1970-01-01 00:00:00.253643710,0.25364371,0.0,0.0,0.0,257.22488,0.0,0.0,0.0,0.0,-1.5707964,0.0
1970-01-01 00:00:00.253661411,0.253661412,0.0,0.0,0.0,312.96893,0.0,0.0,0.0,0.0,-1.5707964,0.0
1970-01-01 00:00:00.253684699,0.253684699,0.0,0.0,0.0,0.0,0.0,880.75183,0.0,0.0,-1.5707964,0.0
1970-01-01 00:00:00.253903211,0.253903211,0.0,0.0,754.1321,0.0,0.0,0.0,0.0,0.0,-1.5707964,0.0
1970-01-01 00:00:00.254003894,0.254003895,0.0,0.0,0.0,0.0,0.0,525.91895,0.0,0.0,-1.5707964,0.0
1970-01-01 00:00:00.254079179,0.254079179,0.0,0.0,0.0,0.0,0.0,544.35364,0.0,0.0,-1.5707964,0.0
1970-01-01 00:00:00.254116880,0.25411688,0.0,0.0,0.0,683.89624,0.0,0.0,0.0,0.0,-1.5707964,0.0
1970-01-01 00:00:00.254465841,0.254465841,0.0,0.0,0.0,530.97345,0.0,0.0,0.0,0.0,-1.5707964,0.0
1970-01-01 00:00:00.254810187,0.254810187,0.0,0.0,0.0,0.0,0.0,90.055244,0.0,0.0,-1.5707964,0.0
1970-01-01 00:00:00.254872602,0.254872602,0.0,0.0,0.0,0.0,145.32318,0.0,0.0,0.0,-1.5707964,0.0
1970-01-01 00:00:00.254931533,0.254931533,0.0,0.0,315.31934,0.0,0.0,0.0,0.0,0.0,-1.5707964,0.0
1970-01-01 00:00:00.254970166,0.254970166,0.0,0.0,0.0,0.0,0.0,1148.3148,0.0,0.0,-1.5707964,0.0
1970-01-01 00:00:00.255050198,0.255050199,466.9899,0.0,0.0,0.0,0.0,0.0,0.0,0.0,-1.5707964,0.0
1970-01-01 00:00:00.255064689,0.25506469,0.0,94.99486,0.0,0.0,0.0,0.0,0.0,0.0,-1.5707964,0.0
1970-01-01 00:00:00.255197669,0.255197669,0.0,0.0,0.0,0.0,0.0,159.16275,0.0,0.0,-1.5707964,0.0
1970-01-01 00:00:00.255198276,0.255198276,0.0,0.0,0.0,838.67926,0.0,0.0,0.0,0.0,-1.5707964,0.0
1970-01-01 00:00:00.255362245,0.255362245,0.0,0.0,0.0,0.0,265.78033,0.0,0.0,0.0,-1.5707964,0.0
1970-01-01 00:00:00.255407319,0.255407319,0.0,0.0,0.0,227.65814,0.0,0.0,0.0,0.0,-1.5707964,0.0
1970-01-01 00:00:00.255549572,0.255549573,0.0,0.0,0.0,0.0,0.0,238.31068,0.0,0.0,-1.5707964,0.0
1970-01-01 00:00:00.255556137,0.255556137,0.0,0.0,0.0,0.0,0.0,1141.7314,0.0,0.0,-1.5707964,0.0
1970-01-01 00:00:00.255599273,0.255599273,0.0,0.0,0.0,0.0,221.76114,0.0,0.0,0.0,-1.5707964,0.0
1970-01-01 00:00:00.255776481,0.255776481,0.0,0.0,0.0,144.62521,0.0,0.0,0.0,0.0,-1.5707964,0.0
1970-01-01 00:00:00.255976240,0.25597624,0.0,0.0,0.0,0.0,0.0,380.35156,0.0,0.0,-1.5707964,0.0
1970-01-01 00:00:00.256011765,0.256011766,0.0,0.0,154.94516,0.0,0.0,0.0,0.0,0.0,-1.5707964,0.0
1970-01-01 00:00:00.256011765,0.256011766,0.0,0.0,0.0,0.0,85.04103,0.0,0.0,0.0,-1.5707964,0.0
1970-01-01 00:00:00.256154939,0.256154939,0.0,0.0,0.0,0.0,0.0,721.80005,0.0,0.0,-1.5707964,0.0
1970-01-01 00:00:00.256369866,0.256369867,0.0,0.0,0.0,0.0,0.0,295.30576,0.0,0.0,-1.5707964,0.0
1970-01-01 00:00:00.256379409,0.25637941,0.0,0.0,0.0,0.0,158.41321,0.0,0.0,0.0,-1.5707964,0.0
1970-01-01 00:00:00.256384163,0.256384163,0.0,0.0,0.0,0.0,0.0,738.42773,0.0,0.0,-1.5707964,0.0
1970-01-01 00:00:00.256474144,0.256474144,0.0,0.0,0.0,0.0,0.0,333.98312,0.0,0.0,-1.5707964,0.0
1970-01-01 00:00:00.256616249,0.256616249,0.0,0.0,0.0,395.78372,0.0,0.0,0.0,0.0,-1.5707964,0.0
1970-01-01 00:00:00.256686849,0.256686849,0.0,0.0,0.0,0.0,384.5759,0.0,0.0,0.0,-1.5707964,0.0
1970-01-01 00:00:00.256720826,0.256720827,0.0,0.0,0.0,109.289055,0.0,0.0,0.0,0.0,-1.5707964,0.0
1970-01-01 00:00:00.256751096,0.256751097,226.14006,0.0,0.0,0.0,0.0,0.0,0.0,0.0,-1.5707964,0.0
1970-01-01 00:00:00.256804919,0.256804919,0.0,0.0,0.0,83.96201,0.0,0.0,0.0,0.0,-1.5707964,0.0
1970-01-01 00:00:00.257106302,0.257106303,0.0,0.0,0.0,0.0,0.0,322.65582,0.0,0.0,-1.5707964,0.0
1970-01-01 00:00:00.257157880,0.257157881,0.0,0.0,0.0,0.0,418.984,0.0,0.0,0.0,-1.5707964,0.0
1970-01-01 00:00:00.257214257,0.257214257,0.0,0.0,2726.416,0.0,0.0,0.0,0.0,0.0,-1.5707964,0.0
1970-01-01 00:00:00.257336071,0.257336071,0.0,0.0,478.79514,0.0,0.0,0.0,0.0,0.0,-1.5707964,0.0
1970-01-01 00:00:00.257377639,0.257377639,0.0,0.0,0.0,0.0,188.12297,0.0,0.0,0.0,-1.5707964,0.0
1970-01-01 00:00:00.257467751,0.257467751,0.0,0.0,0.0,0.0,0.0,130.60089,0.0,0.0,-1.5707964,0.0
1970-01-01 00:00:00.257496280,0.25749628,0.0,0.0,0.0,0.0,0.0,474.51956,0.0,0.0,-1.5707964,0.0
1970-01-01 00:00:00.257566075,0.257566076,0.0,0.0,0.0,0.0,0.0,535.8535,0.0,0.0,-1.5707964,0.0
1970-01-01 00:00:00.257624695,0.257624695,0.0,0.0,0.0,0.0,0.0,209.24506,0.0,0.0,-1.5707964,0.0
1970-01-01 00:00:00.257633963,0.257633963,0.0,0.0,0.0,274.3674,0.0,0.0,0.0,0.0,-1.5707964,0.0
1970-01-01 00:00:00.257636427,0.257636428,0.0,0.0,0.0,0.0,0.0,256.25003,0.0,0.0,-1.5707964,0.0
1970-01-01 00:00:00.257835321,0.257835322,0.0,0.0,0.0,0.0,0.0,1086.5942,0.0,0.0,-1.5707964,0.0
1970-01-01 00:00:00.257873142,0.257873142,0.0,0.0,0.0,0.0,0.0,466.15634,0.0,0.0,-1.5707964,0.0
1970-01-01 00:00:00.257890074,0.257890074,0.0,0.0,0.0,0.0,0.0,120.39521,0.0,0.0,-1.5707964,0.0
1970-01-01 00:00:00.257907310,0.257907311,0.0,358.27966,0.0,0.0,0.0,0.0,0.0,0.0,-1.5707964,0.0
1970-01-01 00:00:00.257945191,0.257945191,0.0,0.0,0.0,0.0,0.0,371.29303,0.0,0.0,-1.5707964,0.0
1970-01-01 00:00:00.257946037,0.257946037,0.0,0.0,0.0,240.67987,0.0,0.0,0.0,0.0,-1.5707964,0.0
1970-01-01 00:00:00.258055050,0.25805505,0.0,0.0,0.0,91.23035,0.0,0.0,0.0,0.0,-1.5707964,0.0
1970-01-01 00:00:00.258295873,0.258295874,0.0,0.0,0.0,0.0,852.0142,0.0,0.0,0.0,-1.5707964,0.0
1970-01-01 00:00:00.258317888,0.258317888,0.0,0.0,0.0,1977.5702,0.0,0.0,0.0,0.0,-1.5707964,0.0
1970-01-01 00:00:00.258334989,0.258334989,0.0,0.0,0.0,0.0,0.0,774.6561,0.0,0.0,-1.5707964,0.0
1970-01-01 00:00:00.258393522,0.258393522,150.74109,0.0,0.0,0.0,0.0,0.0,0.0,0.0,-1.5707964,0.0
1970-01-01 00:00:00.258441635,0.258441635,0.0,0.0,0.0,0.0,257.50473,0.0,0.0,0.0,-1.5707964,0.0
1970-01-01 00:00:00.258452004,0.258452004,0.0,0.0,0.0,0.0,0.0,190.28168,0.0,0.0,-1.5707964,0.0
1970-01-01 00:00:00.258504559,0.258504559,0.0,0.0,457.21902,0.0,0.0,0.0,0.0,0.0,-1.5707964,0.0
1970-01-01 00:00:00.258561462,0.258561462,0.0,0.0,0.0,0.0,0.0,80.358154,0.0,0.0,-1.5707964,0.0
1970-01-01 00:00:00.258723044,0.258723045,0.0,249.68042,0.0,0.0,0.0,0.0,0.0,0.0,-1.5707964,0.0
1970-01-01 00:00:00.258990532,0.258990532,0.0,0.0,0.0,0.0,0.0,155.37526,0.0,0.0,-1.5707964,0.0
1970-01-01 00:00:00.259082211,0.259082211,0.0,0.0,0.0,0.0,0.0,228.20752,0.0,0.0,-1.5707964,0.0
1970-01-01 00:00:00.259255481,0.259255482,0.0,0.0,0.0,209.97382,0.0,0.0,0.0,0.0,-1.5707964,0.0
1970-01-01 00:00:00.259374783,0.259374783,0.0,0.0,0.0,0.0,0.0,82.824486,0.0,0.0,-1.5707964,0.0
1970-01-01 00:00:00.259544955,0.259544955,0.0,0.0,0.0,88.74562,0.0,0.0,0.0,0.0,-1.5707964,0.0
1970-01-01 00:00:00.259609164,0.259609165,0.0,0.0,0.0,620.08435,0.0,0.0,0.0,0.0,-1.5707964,0.0
1970-01-01 00:00:00.259613713,0.259613713,0.0,315.22525,0.0,0.0,0.0,0.0,0.0,0.0,-1.5707964,0.0
1970-01-01 00:00:00.259660365,0.259660365,109.84398,0.0,0.0,0.0,0.0,0.0,0.0,0.0,-1.5707964,0.0
1970-01-01 00:00:00.259682176,0.259682176,0.0,0.0,0.0,227.02574,0.0,0.0,0.0,0.0,-1.5707964,0.0
1970-01-01 00:00:00.259898807,0.259898808,0.0,0.0,0.0,0.0,0.0,94.314926,0.0,0.0,-1.5707964,0.0
1970-01-01 00:00:00.259924513,0.259924513,0.0,0.0,3448.1685,0.0,0.0,0.0,0.0,0.0,-1.5707964,0.0
1970-01-01 00:00:00.260065871,0.260065871,0.0,1192.8319,0.0,0.0,0.0,0.0,0.0,0.0,-1.5707964,0.0
1970-01-01 00:00:00.260221900,0.2602219,0.0,0.0,0.0,0.0,0.0,1062.3212,0.0,0.0,-1.5707964,0.0
1970-01-01 00:00:00.260703067,0.260703067,0.0,0.0,0.0,179.40604,0.0,0.0,0.0,0.0,-1.5707964,0.0
1970-01-01 00:00:00.260776305,0.260776305,0.0,0.0,0.0,0.0,148.07259,0.0,0.0,0.0,-1.5707964,0.0
1970-01-01 00:00:00.261130350,0.26113035,0.0,792.631,0.0,0.0,0.0,0.0,0.0,0.0,-1.5707964,0.0
1970-01-01 00:00:00.261142992,0.261142992,0.0,0.0,0.0,207.40288,0.0,0.0,0.0,0.0,-1.5707964,0.0
1970-01-01 00:00:00.261487116,0.261487116,0.0,0.0,0.0,0.0,0.0,831.739,0.0,0.0,-1.5707964,0.0
1970-01-01 00:00:00.261618061,0.261618061,0.0,0.0,0.0,0.0,0.0,257.68738,0.0,0.0,-1.5707964,0.0
1970-01-01 00:00:00.261649698,0.261649698,0.0,0.0,438.9885,0.0,0.0,0.0,0.0,0.0,-1.5707964,0.0
1970-01-01 00:00:00.261667101,0.261667101,81.855064,0.0,0.0,0.0,0.0,0.0,0.0,0.0,-1.5707964,0.0
1970-01-01 00:00:00.261891622,0.261891622,0.0,0.0,489.2234,0.0,0.0,0.0,0.0,0.0,-1.5707964,0.0
1970-01-01 00:00:00.262051567,0.262051567,0.0,0.0,0.0,0.0,0.0,379.74832,0.0,0.0,-1.5707964,0.0
1970-01-01 00:00:00.262063645,0.262063646,0.0,0.0,0.0,0.0,0.0,265.54102,0.0,0.0,-1.5707964,0.0
1970-01-01 00:00:00.262067567,0.262067567,0.0,0.0,0.0,174.3071,0.0,0.0,0.0,0.0,-1.5707964,0.0
1970-01-01 00:00:00.262098793,0.262098793,0.0,0.0,0.0,0.0,0.0,812.29877,0.0,0.0,-1.5707964,0.0
1970-01-01 00:00:00.262156543,0.262156543,0.0,0.0,0.0,0.0,0.0,364.45163,0.0,0.0,-1.5707964,0.0
1970-01-01 00:00:00.262196231,0.262196231,0.0,0.0,0.0,0.0,81.55263,0.0,0.0,0.0,-1.5707964,0.0
1970-01-01 00:00:00.262280073,0.262280074,0.0,0.0,0.0,0.0,286.98,0.0,0.0,0.0,-1.5707964,0.0
1970-01-01 00:00:00.262287739,0.262287739,0.0,0.0,0.0,0.0,1069.5695,0.0,0.0,0.0,-1.5707964,0.0
1970-01-01 00:00:00.262388061,0.262388062,0.0,0.0,0.0,0.0,0.0,553.28973,0.0,0.0,-1.5707964,0.0
1970-01-01 00:00:00.262426143,0.262426144,0.0,0.0,0.0,0.0,0.0,287.435,0.0,0.0,-1.5707964,0.0
1970-01-01 00:00:00.262446061,0.262446061,0.0,0.0,0.0,211.51308,0.0,0.0,0.0,0.0,-1.5707964,0.0
1970-01-01 00:00:00.262460564,0.262460564,0.0,178.5076,0.0,0.0,0.0,0.0,0.0,0.0,-1.5707964,0.0
1970-01-01 00:00:00.262489256,0.262489257,0.0,0.0,0.0,271.00012,0.0,0.0,0.0,0.0,-1.5707964,0.0
1970-01-01 00:00:00.263007943,0.263007943,0.0,0.0,0.0,0.0,0.0,276.243,0.0,0.0,-1.5707964,0.0
1970-01-01 00:00:00.263194552,0.263194552,0.0,0.0,0.0,0.0,291.55334,0.0,0.0,0.0,-1.5707964,0.0
1970-01-01 00:00:00.263235279,0.263235279,0.0,0.0,0.0,0.0,0.0,126.17538,0.0,0.0,-1.5707964,0.0
1970-01-01 00:00:00.263489385,0.263489385,0.0,0.0,0.0,0.0,0.0,965.29407,0.0,0.0,-1.5707964,0.0
1970-01-01 00:00:00.263505137,0.263505137,0.0,0.0,0.0,0.0,0.0,315.14297,0.0,0.0,-1.5707964,0.0
1970-01-01 00:00:00.263618425,0.263618425,0.0,0.0,0.0,1890.2943,0.0,0.0,0.0,0.0,-1.5707964,0.0
1970-01-01 00:00:00.263751167,0.263751167,0.0,0.0,0.0,0.0,0.0,194.3539,0.0,0.0,-1.5707964,0.0
1970-01-01 00:00:00.263934607,0.263934607,0.0,0.0,0.0,0.0,0.0,297.89157,0.0,0.0,-1.5707964,0.0
1970-01-01 00:00:00.263979835,0.263979835,0.0,0.0,156.37912,0.0,0.0,0.0,0.0,0.0,-1.5707964,0.0
1970-01-01 00:00:00.263979835,0.263979835,0.0,0.0,0.0,0.0,0.0,92.56705,0.0,0.0,-1.5707964,0.0
1970-01-01 00:00:00.263986552,0.263986552,0.0,0.0,386.1022,0.0,0.0,0.0,0.0,0.0,-1.5707964,0.0
1970-01-01 00:00:00.263995236,0.263995236,0.0,0.0,0.0,0.0,95.100716,0.0,0.0,0.0,-1.5707964,0.0
1970-01-01 00:00:00.264035175,0.264035176,0.0,0.0,0.0,0.0,0.0,662.56415,0.0,0.0,-1.5707964,0.0
1970-01-01 00:00:00.264162406,0.264162406,479.7822,0.0,0.0,0.0,0.0,0.0,0.0,0.0,-1.5707964,0.0
1970-01-01 00:00:00.264275921,0.264275921,0.0,0.0,412.67383,0.0,0.0,0.0,0.0,0.0,-1.5707964,0.0
1970-01-01 00:00:00.264367202,0.264367202,0.0,0.0,213.67006,0.0,0.0,0.0,0.0,0.0,-1.5707964,0.0
1970-01-01 00:00:00.264405306,0.264405307,0.0,0.0,0.0,2549.04,0.0,0.0,0.0,0.0,-1.5707964,0.0
1970-01-01 00:00:00.264453402,0.264453402,0.0,0.0,0.0,160.28738,0.0,0.0,0.0,0.0,-1.5707964,0.0
1970-01-01 00:00:00.264483982,0.264483982,0.0,0.0,0.0,352.59143,0.0,0.0,0.0,0.0,-1.5707964,0.0
1970-01-01 00:00:00.264496856,0.264496857,0.0,0.0,99.079025,0.0,0.0,0.0,0.0,0.0,-1.5707964,0.0
1970-01-01 00:00:00.264548175,0.264548175,0.0,0.0,0.0,0.0,0.0,218.3343,0.0,0.0,-1.5707964,0.0
1970-01-01 00:00:00.264563592,0.264563592,0.0,471.1258,0.0,0.0,0.0,0.0,0.0,0.0,-1.5707964,0.0
1970-01-01 00:00:00.264671535,0.264671535,0.0,0.0,0.0,0.0,0.0,549.1824,0.0,0.0,-1.5707964,0.0
1970-01-01 00:00:00.264684937,0.264684938,0.0,0.0,0.0,0.0,0.0,463.14902,0.0,0.0,-1.5707964,0.0
1970-01-01 00:00:00.264787685,0.264787685,0.0,0.0,0.0,0.0,0.0,202.62692,0.0,0.0,-1.5707964,0.0
1970-01-01 00:00:00.264865061,0.264865062,321.2895,0.0,0.0,0.0,0.0,0.0,0.0,0.0,-1.5707964,0.0
1970-01-01 00:00:00.264865061,0.264865062,0.0,0.0,0.0,0.0,0.0,270.6061,0.0,0.0,-1.5707964,0.0
1970-01-01 00:00:00.264948795,0.264948795,0.0,0.0,309.1825,0.0,0.0,0.0,0.0,0.0,-1.5707964,0.0
1970-01-01 00:00:00.265066509,0.265066509,0.0,397.74152,0.0,0.0,0.0,0.0,0.0,0.0,-1.5707964,0.0
1970-01-01 00:00:00.265081035,0.265081035,0.0,0.0,175.84445,0.0,0.0,0.0,0.0,0.0,-1.5707964,0.0
1970-01-01 00:00:00.265090156,0.265090156,0.0,0.0,0.0,0.0,0.0,409.73138,0.0,0.0,-1.5707964,0.0
1970-01-01 00:00:00.265110409,0.265110409,0.0,0.0,0.0,0.0,0.0,661.7268,0.0,0.0,-1.5707964,0.0
1970-01-01 00:00:00.265122637,0.265122637,0.0,0.0,0.0,291.43048,0.0,0.0,0.0,0.0,-1.5707964,0.0
1970-01-01 00:00:00.265140714,0.265140714,0.0,0.0,0.0,0.0,0.0,364.0931,0.0,0.0,-1.5707964,0.0
1970-01-01 00:00:00.265170012,0.265170013,0.0,0.0,0.0,121.55433,0.0,0.0,0.0,0.0,-1.5707964,0.0
1970-01-01 00:00:00.265181181,0.265181181,0.0,0.0,0.0,0.0,0.0,242.0965,0.0,0.0,-1.5707964,0.0
1970-01-01 00:00:00.265238419,0.26523842,0.0,0.0,0.0,0.0,0.0,681.9022,0.0,0.0,-1.5707964,0.0
1970-01-01 00:00:00.265309550,0.265309551,0.0,326.04297,0.0,0.0,0.0,0.0,0.0,0.0,-1.5707964,0.0
1970-01-01 00:00:00.265347861,0.265347861,0.0,0.0,0.0,0.0,1188.418,0.0,0.0,0.0,-1.5707964,0.0
1970-01-01 00:00:00.265621639,0.265621639,0.0,0.0,0.0,80.27312,0.0,0.0,0.0,0.0,-1.5707964,0.0
1970-01-01 00:00:00.265729021,0.265729022,0.0,0.0,0.0,0.0,0.0,449.13666,0.0,0.0,-1.5707964,0.0
1970-01-01 00:00:00.265734307,0.265734308,0.0,0.0,0.0,0.0,821.6023,0.0,0.0,0.0,-1.5707964,0.0
1970-01-01 00:00:00.265836024,0.265836024,159.92357,0.0,0.0,0.0,0.0,0.0,0.0,0.0,-1.5707964,0.0
1970-01-01 00:00:00.265836363,0.265836363,0.0,0.0,0.0,398.21286,0.0,0.0,0.0,0.0,-1.5707964,0.0
1970-01-01 00:00:00.266017035,0.266017036,0.0,0.0,0.0,0.0,0.0,112.95264,0.0,0.0,-1.5707964,0.0
1970-01-01 00:00:00.266058314,0.266058314,0.0,0.0,0.0,229.46048,0.0,0.0,0.0,0.0,-1.5707964,0.0
1970-01-01 00:00:00.266077736,0.266077737,0.0,0.0,0.0,0.0,0.0,385.98453,0.0,0.0,-1.5707964,0.0
1970-01-01 00:00:00.266146828,0.266146829,0.0,0.0,0.0,0.0,767.27185,0.0,0.0,0.0,-1.5707964,0.0
1970-01-01 00:00:00.266253750,0.266253751,118.299644,0.0,0.0,0.0,0.0,0.0,0.0,0.0,-1.5707964,0.0
1970-01-01 00:00:00.266315446,0.266315447,0.0,0.0,0.0,0.0,570.21466,0.0,0.0,0.0,-1.5707964,0.0
1970-01-01 00:00:00.266465138,0.266465138,0.0,0.0,0.0,114.81522,0.0,0.0,0.0,0.0,-1.5707964,0.0
1970-01-01 00:00:00.266564303,0.266564303,0.0,0.0,0.0,96.861755,0.0,0.0,0.0,0.0,-1.5707964,0.0
1970-01-01 00:00:00.266676214,0.266676214,0.0,0.0,0.0,0.0,0.0,406.74445,0.0,0.0,-1.5707964,0.0
1970-01-01 00:00:00.266696299,0.266696299,0.0,0.0,104.41748,0.0,0.0,0.0,0.0,0.0,-1.5707964,0.0
1970-01-01 00:00:00.266697213,0.266697213,0.0,0.0,504.56964,0.0,0.0,0.0,0.0,0.0,-1.5707964,0.0
1970-01-01 00:00:00.266764838,0.266764839,0.0,0.0,0.0,0.0,0.0,2308.2812,0.0,0.0,-1.5707964,0.0
1970-01-01 00:00:00.266781217,0.266781217,0.0,0.0,0.0,0.0,0.0,655.76215,0.0,0.0,-1.5707964,0.0
1970-01-01 00:00:00.266835956,0.266835956,0.0,0.0,0.0,0.0,0.0,198.28981,0.0,0.0,-1.5707964,0.0
1970-01-01 00:00:00.266918066,0.266918066,0.0,0.0,0.0,0.0,0.0,152.1295,0.0,0.0,-1.5707964,0.0
1970-01-01 00:00:00.266946069,0.266946069,0.0,0.0,0.0,1693.6447,0.0,0.0,0.0,0.0,-1.5707964,0.0
1970-01-01 00:00:00.266959539,0.266959539,0.0,0.0,0.0,0.0,0.0,161.88423,0.0,0.0,-1.5707964,0.0
1970-01-01 00:00:00.267270693,0.267270693,0.0,0.0,0.0,348.30002,0.0,0.0,0.0,0.0,-1.5707964,0.0
1970-01-01 00:00:00.267291334,0.267291334,353.0677,0.0,0.0,0.0,0.0,0.0,0.0,0.0,-1.5707964,0.0
1970-01-01 00:00:00.267294639,0.267294639,0.0,0.0,0.0,0.0,0.0,673.221,0.0,0.0,-1.5707964,0.0
1970-01-01 00:00:00.267301110,0.26730111,0.0,0.0,0.0,0.0,0.0,754.4903,0.0,0.0,-1.5707964,0.0
1970-01-01 00:00:00.267358916,0.267358916,0.0,0.0,0.0,97.15967,0.0,0.0,0.0,0.0,-1.5707964,0.0
1970-01-01 00:00:00.267359528,0.267359528,0.0,0.0,0.0,0.0,0.0,139.33678,0.0,0.0,-1.5707964,0.0
1970-01-01 00:00:00.267462486,0.267462486,0.0,0.0,0.0,115.3195,0.0,0.0,0.0,0.0,-1.5707964,0.0
1970-01-01 00:00:00.267482416,0.267482417,0.0,0.0,0.0,0.0,0.0,219.04141,0.0,0.0,-1.5707964,0.0
1970-01-01 00:00:00.267532170,0.26753217,0.0,0.0,283.02045,0.0,0.0,0.0,0.0,0.0,-1.5707964,0.0
1970-01-01 00:00:00.267774585,0.267774586,0.0,0.0,0.0,176.89447,0.0,0.0,0.0,0.0,-1.5707964,0.0
1970-01-01 00:00:00.268035538,0.268035538,0.0,0.0,0.0,1852.3505,0.0,0.0,0.0,0.0,-1.5707964,0.0
1970-01-01 00:00:00.268042189,0.268042189,0.0,0.0,0.0,382.54678,0.0,0.0,0.0,0.0,-1.5707964,0.0
1970-01-01 00:00:00.268170099,0.268170099,0.0,0.0,0.0,0.0,0.0,643.93243,0.0,0.0,-1.5707964,0.0
1970-01-01 00:00:00.268179535,0.268179535,0.0,0.0,0.0,0.0,223.09282,0.0,0.0,0.0,-1.5707964,0.0
1970-01-01 00:00:00.268243952,0.268243953,0.0,0.0,0.0,0.0,0.0,778.9282,0.0,0.0,-1.5707964,0.0
1970-01-01 00:00:00.268285516,0.268285517,0.0,0.0,361.5728,0.0,0.0,0.0,0.0,0.0,-1.5707964,0.0
1970-01-01 00:00:00.268399404,0.268399405,97.53524,0.0,0.0,0.0,0.0,0.0,0.0,0.0,-1.5707964,0.0
1970-01-01 00:00:00.268407844,0.268407844,0.0,0.0,0.0,0.0,250.78836,0.0,0.0,0.0,-1.5707964,0.0
1970-01-01 00:00:00.268499142,0.268499142,0.0,0.0,0.0,0.0,0.0,160.11255,0.0,0.0,-1.5707964,0.0
1970-01-01 00:00:00.268536919,0.268536919,0.0,0.0,101.754456,0.0,0.0,0.0,0.0,0.0,-1.5707964,0.0
1970-01-01 00:00:00.268616189,0.268616189,0.0,0.0,0.0,0.0,0.0,231.80316,0.0,0.0,-1.5707964,0.0
1970-01-01 00:00:00.269028520,0.26902852,0.0,0.0,0.0,0.0,399.2902,0.0,0.0,0.0,-1.5707964,0.0
1970-01-01 00:00:00.269055358,0.269055358,0.0,0.0,0.0,947.22046,0.0,0.0,0.0,0.0,-1.5707964,0.0
1970-01-01 00:00:00.269090662,0.269090662,0.0,0.0,0.0,347.46738,0.0,0.0,0.0,0.0,-1.5707964,0.0
1970-01-01 00:00:00.269131837,0.269131837,0.0,0.0,0.0,136.89908,0.0,0.0,0.0,0.0,-1.5707964,0.0
1970-01-01 00:00:00.269398964,0.269398964,0.0,0.0,0.0,0.0,0.0,91.17436,0.0,0.0,-1.5707964,0.0
1970-01-01 00:00:00.269468761,0.269468761,0.0,0.0,0.0,0.0,0.0,790.2018,0.0,0.0,-1.5707964,0.0
1970-01-01 00:00:00.269660992,0.269660992,0.0,0.0,1088.4165,0.0,0.0,0.0,0.0,0.0,-1.5707964,0.0
1970-01-01 00:00:00.269707568,0.269707568,0.0,0.0,0.0,0.0,0.0,167.45901,0.0,0.0,-1.5707964,0.0
1970-01-01 00:00:00.269965443,0.269965443,0.0,0.0,0.0,0.0,0.0,1397.3833,0.0,0.0,-1.5707964,0.0
1970-01-01 00:00:00.269983957,0.269983957,0.0,0.0,0.0,0.0,0.0,425.84528,0.0,0.0,-1.5707964,0.0
1970-01-01 00:00:00.269991171,0.269991171,0.0,0.0,883.04364,0.0,0.0,0.0,0.0,0.0,-1.5707964,0.0
1970-01-01 00:00:00.270062841,0.270062841,0.0,0.0,0.0,1962.128,0.0,0.0,0.0,0.0,-1.5707964,0.0
1970-01-01 00:00:00.270075967,0.270075967,0.0,0.0,0.0,0.0,1498.3845,0.0,0.0,0.0,-1.5707964,0.0
1970-01-01 00:00:00.270245247,0.270245247,0.0,0.0,0.0,177.48851,0.0,0.0,0.0,0.0,-1.5707964,0.0
1970-01-01 00:00:00.270281584,0.270281584,0.0,0.0,0.0,298.05743,0.0,0.0,0.0,0.0,-1.5707964,0.0
1970-01-01 00:00:00.270293104,0.270293104,0.0,385.5182,0.0,0.0,0.0,0.0,0.0,0.0,-1.5707964,0.0
1970-01-01 00:00:00.270328398,0.270328398,0.0,0.0,0.0,0.0,0.0,144.27013,0.0,0.0,-1.5707964,0.0
1970-01-01 00:00:00.270352428,0.270352428,0.0,0.0,0.0,0.0,0.0,276.87555,0.0,0.0,-1.5707964,0.0
1970-01-01 00:00:00.270622620,0.27062262,0.0,0.0,0.0,284.1052,0.0,0.0,0.0,0.0,-1.5707964,0.0
1970-01-01 00:00:00.270696350,0.27069635,0.0,0.0,0.0,1085.2609,0.0,0.0,0.0,0.0,-1.5707964,0.0
1970-01-01 00:00:00.270705285,0.270705285,0.0,0.0,0.0,107.956764,0.0,0.0,0.0,0.0,-1.5707964,0.0
1970-01-01 00:00:00.270904215,0.270904215,0.0,0.0,0.0,0.0,0.0,813.6024,0.0,0.0,-1.5707964,0.0
1970-01-01 00:00:00.271072203,0.271072203,80.34713,0.0,0.0,0.0,0.0,0.0,0.0,0.0,-1.5707964,0.0
1970-01-01 00:00:00.271190720,0.27119072,0.0,0.0,0.0,1173.5096,0.0,0.0,0.0,0.0,-1.5707964,0.0
1970-01-01 00:00:00.271211696,0.271211696,0.0,0.0,0.0,0.0,0.0,115.54414,0.0,0.0,-1.5707964,0.0
1970-01-01 00:00:00.271213761,0.271213761,0.0,424.2742,0.0,0.0,0.0,0.0,0.0,0.0,-1.5707964,0.0
1970-01-01 00:00:00.271225524,0.271225524,0.0,0.0,0.0,0.0,0.0,766.7311,0.0,0.0,-1.5707964,0.0
1970-01-01 00:00:00.271365506,0.271365506,0.0,0.0,0.0,0.0,195.96591,0.0,0.0,0.0,-1.5707964,0.0
1970-01-01 00:00:00.271409678,0.271409678,0.0,0.0,1342.0223,0.0,0.0,0.0,0.0,0.0,-1.5707964,0.0
1970-01-01 00:00:00.271409678,0.271409678,0.0,0.0,0.0,0.0,0.0,336.96008,0.0,0.0,-1.5707964,0.0
1970-01-01 00:00:00.271458230,0.27145823,0.0,0.0,0.0,0.0,0.0,857.19635,0.0,0.0,-1.5707964,0.0
1970-01-01 00:00:00.271542288,0.271542288,0.0,0.0,0.0,0.0,446.31113,0.0,0.0,0.0,-1.5707964,0.0
1970-01-01 00:00:00.271586902,0.271586902,485.1228,0.0,0.0,0.0,0.0,0.0,0.0,0.0,-1.5707964,0.0
1970-01-01 00:00:00.271590725,0.271590725,0.0,0.0,0.0,186.63127,0.0,0.0,0.0,0.0,-1.5707964,0.0
1970-01-01 00:00:00.271757387,0.271757387,0.0,0.0,0.0,0.0,0.0,141.49887,0.0,0.0,-1.5707964,0.0
1970-01-01 00:00:00.271772523,0.271772523,0.0,0.0,0.0,695.5143,0.0,0.0,0.0,0.0,-1.5707964,0.0
1970-01-01 00:00:00.271798823,0.271798823,0.0,0.0,301.9205,0.0,0.0,0.0,0.0,0.0,-1.5707964,0.0
1970-01-01 00:00:00.271855133,0.271855133,0.0,0.0,0.0,0.0,2151.7646,0.0,0.0,0.0,-1.5707964,0.0
1970-01-01 00:00:00.271920085,0.271920085,0.0,0.0,302.38553,0.0,0.0,0.0,0.0,0.0,-1.5707964,0.0
1970-01-01 00:00:00.272028333,0.272028333,0.0,0.0,99.14349,0.0,0.0,0.0,0.0,0.0,-1.5707964,0.0
1970-01-01 00:00:00.272050040,0.27205004,0.0,0.0,0.0,0.0,0.0,95.20937,0.0,0.0,-1.5707964,0.0
1970-01-01 00:00:00.272122720,0.27212272,0.0,0.0,343.1078,0.0,0.0,0.0,0.0,0.0,-1.5707964,0.0
1970-01-01 00:00:00.272183512,0.272183512,0.0,0.0,0.0,0.0,0.0,227.6845,0.0,0.0,-1.5707964,0.0
1970-01-01 00:00:00.272196713,0.272196713,0.0,0.0,0.0,0.0,0.0,261.36,0.0,0.0,-1.5707964,0.0
1970-01-01 00:00:00.272200906,0.272200906,0.0,0.0,0.0,0.0,461.45978,0.0,0.0,0.0,-1.5707964,0.0
1970-01-01 00:00:00.272200906,0.272200906,0.0,0.0,0.0,0.0,2007.4248,0.0,0.0,0.0,-1.5707964,0.0
1970-01-01 00:00:00.272355740,0.27235574,0.0,0.0,0.0,501.0818,0.0,0.0,0.0,0.0,-1.5707964,0.0
1970-01-01 00:00:00.272431605,0.272431605,0.0,0.0,0.0,741.16486,0.0,0.0,0.0,0.0,-1.5707964,0.0
1970-01-01 00:00:00.272431605,0.272431605,0.0,0.0,0.0,137.60535,0.0,0.0,0.0,0.0,-1.5707964,0.0
1970-01-01 00:00:00.272476954,0.272476954,0.0,0.0,0.0,736.01697,0.0,0.0,0.0,0.0,-1.5707964,0.0
1970-01-01 00:00:00.272479373,0.272479373,0.0,0.0,0.0,0.0,0.0,109.8141,0.0,0.0,-1.5707964,0.0
1970-01-01 00:00:00.272559122,0.272559122,0.0,0.0,0.0,0.0,0.0,572.8624,0.0,0.0,-1.5707964,0.0
1970-01-01 00:00:00.272585554,0.272585554,0.0,0.0,154.57242,0.0,0.0,0.0,0.0,0.0,-1.5707964,0.0
1970-01-01 00:00:00.272585554,0.272585554,0.0,0.0,0.0,0.0,82.7174,0.0,0.0,0.0,-1.5707964,0.0
1970-01-01 00:00:00.272638984,0.272638984,0.0,657.77057,0.0,0.0,0.0,0.0,0.0,0.0,-1.5707964,0.0
1970-01-01 00:00:00.272687207,0.272687207,0.0,0.0,0.0,0.0,995.25494,0.0,0.0,0.0,-1.5707964,0.0
1970-01-01 00:00:00.272746863,0.272746863,0.0,0.0,0.0,632.09033,0.0,0.0,0.0,0.0,-1.5707964,0.0
1970-01-01 00:00:00.272765414,0.272765414,0.0,0.0,0.0,0.0,472.5784,0.0,0.0,0.0,-1.5707964,0.0
1970-01-01 00:00:00.272765414,0.272765414,0.0,0.0,0.0,227.5086,0.0,0.0,0.0,0.0,-1.5707964,0.0
1970-01-01 00:00:00.272806829,0.272806829,0.0,0.0,0.0,0.0,235.71732,0.0,0.0,0.0,-1.5707964,0.0
1970-01-01 00:00:00.272845565,0.272845565,0.0,0.0,0.0,296.1419,0.0,0.0,0.0,0.0,-1.5707964,0.0
1970-01-01 00:00:00.272877181,0.272877181,0.0,0.0,0.0,0.0,0.0,675.15356,0.0,0.0,-1.5707964,0.0
1970-01-01 00:00:00.272886551,0.272886551,0.0,0.0,0.0,0.0,0.0,143.16489,0.0,0.0,-1.5707964,0.0
1970-01-01 00:00:00.272905442,0.272905442,0.0,0.0,0.0,517.31464,0.0,0.0,0.0,0.0,-1.5707964,0.0
1970-01-01 00:00:00.272909555,0.272909555,0.0,0.0,0.0,174.84128,0.0,0.0,0.0,0.0,-1.5707964,0.0
1970-01-01 00:00:00.272953585,0.272953585,0.0,0.0,0.0,0.0,0.0,1830.9503,0.0,0.0,-1.5707964,0.0
1970-01-01 00:00:00.272953585,0.272953585,0.0,0.0,925.6201,0.0,0.0,0.0,0.0,0.0,-1.5707964,0.0
1970-01-01 00:00:00.272991486,0.272991486,0.0,0.0,0.0,703.7574,0.0,0.0,0.0,0.0,-1.5707964,0.0
1970-01-01 00:00:00.273004131,0.273004131,0.0,0.0,0.0,0.0,0.0,331.05927,0.0,0.0,-1.5707964,0.0
1970-01-01 00:00:00.273011079,0.273011079,0.0,1369.3654,0.0,0.0,0.0,0.0,0.0,0.0,-1.5707964,0.0
1970-01-01 00:00:00.273011079,0.273011079,0.0,0.0,0.0,420.2266,0.0,0.0,0.0,0.0,-1.5707964,0.0
1970-01-01 00:00:00.273120404,0.273120404,0.0,0.0,178.16553,0.0,0.0,0.0,0.0,0.0,-1.5707964,0.0
1970-01-01 00:00:00.273139037,0.273139037,0.0,0.0,0.0,1319.7943,0.0,0.0,0.0,0.0,-1.5707964,0.0
1970-01-01 00:00:00.273140300,0.2731403,0.0,605.2292,0.0,0.0,0.0,0.0,0.0,0.0,-1.5707964,0.0
1970-01-01 00:00:00.273211307,0.273211307,0.0,155.4114,0.0,0.0,0.0,0.0,0.0,0.0,-1.5707964,0.0
1970-01-01 00:00:00.273213560,0.27321356,0.0,0.0,0.0,0.0,0.0,266.6986,0.0,0.0,-1.5707964,0.0
1970-01-01 00:00:00.273356681,0.273356681,0.0,0.0,0.0,132.85008,0.0,0.0,0.0,0.0,-1.5707964,0.0
1970-01-01 00:00:00.273376188,0.273376188,0.0,0.0,0.0,2261.3286,0.0,0.0,0.0,0.0,-1.5707964,0.0
1970-01-01 00:00:00.273399410,0.27339941,0.0,0.0,95.683556,0.0,0.0,0.0,0.0,0.0,-1.5707964,0.0
1970-01-01 00:00:00.273402445,0.273402445,0.0,0.0,0.0,0.0,0.0,378.5666,0.0,0.0,-1.5707964,0.0
1970-01-01 00:00:00.273407821,0.273407821,0.0,0.0,0.0,259.51007,0.0,0.0,0.0,0.0,-1.5707964,0.0
1970-01-01 00:00:00.273428338,0.273428338,0.0,0.0,297.73178,0.0,0.0,0.0,0.0,0.0,-1.5707964,0.0
1970-01-01 00:00:00.273524624,0.273524624,0.0,0.0,0.0,735.16547,0.0,0.0,0.0,0.0,-1.5707964,0.0
1970-01-01 00:00:00.273549895,0.273549895,0.0,0.0,0.0,0.0,0.0,133.7192,0.0,0.0,-1.5707964,0.0
1970-01-01 00:00:00.273776199,0.273776199,271.32867,0.0,0.0,0.0,0.0,0.0,0.0,0.0,-1.5707964,0.0
1970-01-01 00:00:00.273812020,0.27381202,0.0,0.0,0.0,0.0,0.0,685.75854,0.0,0.0,-1.5707964,0.0
1970-01-01 00:00:00.273820125,0.273820125,0.0,0.0,0.0,391.54956,0.0,0.0,0.0,0.0,-1.5707964,0.0
1970-01-01 00:00:00.273883604,0.273883604,0.0,0.0,0.0,0.0,0.0,88.96184,0.0,0.0,-1.5707964,0.0
1970-01-01 00:00:00.273903514,0.273903514,0.0,0.0,0.0,912.7413,0.0,0.0,0.0,0.0,-1.5707964,0.0
1970-01-01 00:00:00.273912857,0.273912857,0.0,0.0,0.0,0.0,1178.7762,0.0,0.0,0.0,-1.5707964,0.0
1970-01-01 00:00:00.273935850,0.27393585,0.0,0.0,0.0,0.0,0.0,104.11209,0.0,0.0,-1.5707964,0.0
1970-01-01 00:00:00.273958220,0.27395822,0.0,0.0,0.0,0.0,0.0,382.61676,0.0,0.0,-1.5707964,0.0
1970-01-01 00:00:00.273963892,0.273963892,0.0,0.0,0.0,0.0,0.0,254.21655,0.0,0.0,-1.5707964,0.0
1970-01-01 00:00:00.273976183,0.273976183,103.1383,0.0,0.0,0.0,0.0,0.0,0.0,0.0,-1.5707964,0.0
1970-01-01 00:00:00.273981440,0.27398144,0.0,0.0,0.0,625.05054,0.0,0.0,0.0,0.0,-1.5707964,0.0
1970-01-01 00:00:00.274035352,0.274035352,0.0,0.0,0.0,0.0,552.6468,0.0,0.0,0.0,-1.5707964,0.0
1970-01-01 00:00:00.274222082,0.274222082,0.0,0.0,0.0,0.0,0.0,360.03842,0.0,0.0,-1.5707964,0.0
1970-01-01 00:00:00.274294644,0.274294644,458.1734,0.0,0.0,0.0,0.0,0.0,0.0,0.0,-1.5707964,0.0
1970-01-01 00:00:00.274300316,0.274300316,0.0,971.7494,0.0,0.0,0.0,0.0,0.0,0.0,-1.5707964,0.0
1970-01-01 00:00:00.274322811,0.274322811,0.0,99.81512,0.0,0.0,0.0,0.0,0.0,0.0,-1.5707964,0.0
1970-01-01 00:00:00.274426455,0.274426455,0.0,0.0,2858.4912,0.0,0.0,0.0,0.0,0.0,-1.5707964,0.0
1970-01-01 00:00:00.274426455,0.274426455,0.0,0.0,0.0,0.0,0.0,147.79843,0.0,0.0,-1.5707964,0.0
1970-01-01 00:00:00.274448404,0.274448404,0.0,0.0,0.0,0.0,0.0,150.9024,0.0,0.0,-1.5707964,0.0
1970-01-01 00:00:00.274472749,0.274472749,0.0,0.0,0.0,227.68362,0.0,0.0,0.0,0.0,-1.5707964,0.0
1970-01-01 00:00:00.274472749,0.274472749,0.0,0.0,0.0,0.0,0.0,1452.8464,0.0,0.0,-1.5707964,0.0
1970-01-01 00:00:00.274534245,0.274534245,0.0,0.0,993.69617,0.0,0.0,0.0,0.0,0.0,-1.5707964,0.0
1970-01-01 00:00:00.274563710,0.27456371,0.0,0.0,0.0,0.0,0.0,260.05313,0.0,0.0,-1.5707964,0.0
1970-01-01 00:00:00.274593729,0.274593729,0.0,0.0,0.0,148.83325,0.0,0.0,0.0,0.0,-1.5707964,0.0
1970-01-01 00:00:00.274659357,0.274659357,0.0,0.0,0.0,266.53702,0.0,0.0,0.0,0.0,-1.5707964,0.0
1970-01-01 00:00:00.274685121,0.274685121,0.0,0.0,0.0,0.0,0.0,248.66212,0.0,0.0,-1.5707964,0.0
1970-01-01 00:00:00.274841889,0.274841889,0.0,0.0,0.0,0.0,0.0,171.05319,0.0,0.0,-1.5707964,0.0
1970-01-01 00:00:00.274901853,0.274901853,0.0,0.0,0.0,0.0,0.0,379.1895,0.0,0.0,-1.5707964,0.0
1970-01-01 00:00:00.275022009,0.275022009,0.0,0.0,0.0,1004.9641,0.0,0.0,0.0,0.0,-1.5707964,0.0
1970-01-01 00:00:00.275067158,0.275067158,0.0,640.57104,0.0,0.0,0.0,0.0,0.0,0.0,-1.5707964,0.0
1970-01-01 00:00:00.275126714,0.275126714,0.0,0.0,0.0,0.0,96.67872,0.0,0.0,0.0,-1.5707964,0.0
1970-01-01 00:00:00.275272829,0.275272829,779.2541,0.0,0.0,0.0,0.0,0.0,0.0,0.0,-1.5707964,0.0
1970-01-01 00:00:00.275312491,0.275312491,0.0,0.0,86.85541,0.0,0.0,0.0,0.0,0.0,-1.5707964,0.0
1970-01-01 00:00:00.275478001,0.275478001,0.0,0.0,0.0,0.0,0.0,515.7704,0.0,0.0,-1.5707964,0.0
1970-01-01 00:00:00.275493370,0.27549337,0.0,0.0,0.0,0.0,0.0,122.62799,0.0,0.0,-1.5707964,0.0
1970-01-01 00:00:00.275621195,0.275621195,0.0,0.0,178.33878,0.0,0.0,0.0,0.0,0.0,-1.5707964,0.0
1970-01-01 00:00:00.275643985,0.275643985,0.0,0.0,0.0,252.45885,0.0,0.0,0.0,0.0,-1.5707964,0.0
1970-01-01 00:00:00.275743202,0.275743202,0.0,0.0,0.0,0.0,0.0,786.5895,0.0,0.0,-1.5707964,0.0
1970-01-01 00:00:00.275765938,0.275765938,0.0,0.0,0.0,0.0,254.70569,0.0,0.0,0.0,-1.5707964,0.0
1970-01-01 00:00:00.275865246,0.275865246,110.52152,0.0,0.0,0.0,0.0,0.0,0.0,0.0,-1.5707964,0.0
1970-01-01 00:00:00.275915178,0.275915178,0.0,0.0,0.0,0.0,0.0,580.87683,0.0,0.0,-1.5707964,0.0
1970-01-01 00:00:00.275969272,0.275969272,0.0,0.0,0.0,0.0,0.0,190.84349,0.0,0.0,-1.5707964,0.0
1970-01-01 00:00:00.275985840,0.27598584,410.7446,0.0,0.0,0.0,0.0,0.0,0.0,0.0,-1.5707964,0.0
1970-01-01 00:00:00.276066835,0.276066835,0.0,0.0,1010.63983,0.0,0.0,0.0,0.0,0.0,-1.5707964,0.0
1970-01-01 00:00:00.276204349,0.276204349,0.0,0.0,191.02597,0.0,0.0,0.0,0.0,0.0,-1.5707964,0.0
1970-01-01 00:00:00.276333512,0.276333512,0.0,0.0,0.0,0.0,0.0,745.21954,0.0,0.0,-1.5707964,0.0
1970-01-01 00:00:00.276342134,0.276342134,0.0,0.0,0.0,0.0,112.07585,0.0,0.0,0.0,-1.5707964,0.0
1970-01-01 00:00:00.276410544,0.276410544,0.0,0.0,0.0,690.6301,0.0,0.0,0.0,0.0,-1.5707964,0.0
1970-01-01 00:00:00.276459412,0.276459412,0.0,0.0,940.42316,0.0,0.0,0.0,0.0,0.0,-1.5707964,0.0
1970-01-01 00:00:00.276636449,0.276636449,108.42563,0.0,0.0,0.0,0.0,0.0,0.0,0.0,-1.5707964,0.0
1970-01-01 00:00:00.276693891,0.276693891,88.41363,0.0,0.0,0.0,0.0,0.0,0.0,0.0,-1.5707964,0.0
1970-01-01 00:00:00.276757765,0.276757765,0.0,0.0,0.0,0.0,420.7082,0.0,0.0,0.0,-1.5707964,0.0
1970-01-01 00:00:00.276931669,0.276931669,0.0,0.0,0.0,197.23048,0.0,0.0,0.0,0.0,-1.5707964,0.0
1970-01-01 00:00:00.277032386,0.277032386,0.0,0.0,0.0,582.91846,0.0,0.0,0.0,0.0,-1.5707964,0.0
1970-01-01 00:00:00.277046703,0.277046703,0.0,0.0,0.0,498.09042,0.0,0.0,0.0,0.0,-1.5707964,0.0
1970-01-01 00:00:00.277243198,0.277243198,0.0,0.0,0.0,0.0,669.15564,0.0,0.0,0.0,-1.5707964,0.0
1970-01-01 00:00:00.277243627,0.277243627,0.0,0.0,0.0,0.0,0.0,270.751,0.0,0.0,-1.5707964,0.0
1970-01-01 00:00:00.277260070,0.27726007,1539.9266,0.0,0.0,0.0,0.0,0.0,0.0,0.0,-1.5707964,0.0
1970-01-01 00:00:00.277263269,0.277263269,0.0,0.0,1585.7572,0.0,0.0,0.0,0.0,0.0,-1.5707964,0.0
1970-01-01 00:00:00.277264458,0.277264458,0.0,0.0,0.0,202.5651,0.0,0.0,0.0,0.0,-1.5707964,0.0
1970-01-01 00:00:00.277291528,0.277291528,0.0,0.0,0.0,0.0,0.0,265.1047,0.0,0.0,-1.5707964,0.0
1970-01-01 00:00:00.277340152,0.277340152,0.0,484.73657,0.0,0.0,0.0,0.0,0.0,0.0,-1.5707964,0.0
1970-01-01 00:00:00.277398047,0.277398047,1240.187,0.0,0.0,0.0,0.0,0.0,0.0,0.0,-1.5707964,0.0
1970-01-01 00:00:00.277437426,0.277437426,600.3275,0.0,0.0,0.0,0.0,0.0,0.0,0.0,-1.5707964,0.0
1970-01-01 00:00:00.277437870,0.27743787,0.0,0.0,0.0,0.0,0.0,208.90395,0.0,0.0,-1.5707964,0.0
1970-01-01 00:00:00.277548523,0.277548523,0.0,0.0,0.0,0.0,703.1584,0.0,0.0,0.0,-1.5707964,0.0
1970-01-01 00:00:00.277572967,0.277572967,0.0,0.0,0.0,0.0,0.0,478.26538,0.0,0.0,-1.5707964,0.0
1970-01-01 00:00:00.277643696,0.277643696,0.0,149.59102,0.0,0.0,0.0,0.0,0.0,0.0,-1.5707964,0.0
1970-01-01 00:00:00.277651610,0.27765161,0.0,0.0,0.0,436.8248,0.0,0.0,0.0,0.0,-1.5707964,0.0
1970-01-01 00:00:00.277682171,0.277682171,0.0,0.0,0.0,0.0,215.05148,0.0,0.0,0.0,-1.5707964,0.0
1970-01-01 00:00:00.277698136,0.277698136,0.0,0.0,0.0,0.0,0.0,1175.3716,0.0,0.0,-1.5707964,0.0
1970-01-01 00:00:00.277731442,0.277731442,0.0,0.0,1605.0388,0.0,0.0,0.0,0.0,0.0,-1.5707964,0.0
1970-01-01 00:00:00.277935440,0.27793544,0.0,0.0,0.0,0.0,0.0,455.05872,0.0,0.0,-1.5707964,0.0
1970-01-01 00:00:00.277948967,0.277948967,0.0,0.0,0.0,0.0,0.0,302.42868,0.0,0.0,-1.5707964,0.0
1970-01-01 00:00:00.277970192,0.277970192,91.52385,0.0,0.0,0.0,0.0,0.0,0.0,0.0,-1.5707964,0.0
1970-01-01 00:00:00.277981696,0.277981696,0.0,0.0,1653.3875,0.0,0.0,0.0,0.0,0.0,-1.5707964,0.0
1970-01-01 00:00:00.277989945,0.277989945,0.0,0.0,0.0,0.0,0.0,461.17862,0.0,0.0,-1.5707964,0.0
1970-01-01 00:00:00.278051478,0.278051478,0.0,0.0,0.0,150.07362,0.0,0.0,0.0,0.0,-1.5707964,0.0
1970-01-01 00:00:00.278124659,0.278124659,0.0,0.0,0.0,0.0,0.0,239.67198,0.0,0.0,-1.5707964,0.0
1970-01-01 00:00:00.278224350,0.27822435,0.0,0.0,332.13956,0.0,0.0,0.0,0.0,0.0,-1.5707964,0.0
1970-01-01 00:00:00.278278487,0.278278487,0.0,0.0,0.0,185.25069,0.0,0.0,0.0,0.0,-1.5707964,0.0
1970-01-01 00:00:00.278280728,0.278280728,0.0,0.0,882.4074,0.0,0.0,0.0,0.0,0.0,-1.5707964,0.0
1970-01-01 00:00:00.278331723,0.278331723,0.0,0.0,524.2344,0.0,0.0,0.0,0.0,0.0,-1.5707964,0.0
1970-01-01 00:00:00.278463108,0.278463108,0.0,0.0,0.0,0.0,0.0,193.77864,0.0,0.0,-1.5707964,0.0
1970-01-01 00:00:00.278508132,0.278508132,0.0,0.0,0.0,0.0,494.94778,0.0,0.0,0.0,-1.5707964,0.0
1970-01-01 00:00:00.278645056,0.278645056,0.0,0.0,223.09586,0.0,0.0,0.0,0.0,0.0,-1.5707964,0.0
1970-01-01 00:00:00.278724664,0.278724664,0.0,0.0,0.0,137.68015,0.0,0.0,0.0,0.0,-1.5707964,0.0
1970-01-01 00:00:00.278747018,0.278747018,0.0,0.0,0.0,0.0,0.0,430.28177,0.0,0.0,-1.5707964,0.0
1970-01-01 00:00:00.278862688,0.278862688,0.0,0.0,0.0,258.94638,0.0,0.0,0.0,0.0,-1.5707964,0.0
1970-01-01 00:00:00.278889536,0.278889536,0.0,0.0,687.52606,0.0,0.0,0.0,0.0,0.0,-1.5707964,0.0
1970-01-01 00:00:00.278998828,0.278998828,0.0,0.0,0.0,0.0,398.23148,0.0,0.0,0.0,-1.5707964,0.0
1970-01-01 00:00:00.279091416,0.279091416,0.0,0.0,0.0,0.0,0.0,841.7103,0.0,0.0,-1.5707964,0.0
1970-01-01 00:00:00.279114529,0.279114529,0.0,0.0,0.0,0.0,178.66129,0.0,0.0,0.0,-1.5707964,0.0
1970-01-01 00:00:00.279115806,0.279115806,0.0,0.0,0.0,297.29263,0.0,0.0,0.0,0.0,-1.5707964,0.0
1970-01-01 00:00:00.279141892,0.279141892,0.0,0.0,191.38675,0.0,0.0,0.0,0.0,0.0,-1.5707964,0.0
1970-01-01 00:00:00.279173738,0.279173738,0.0,0.0,0.0,221.37468,0.0,0.0,0.0,0.0,-1.5707964,0.0
1970-01-01 00:00:00.279223267,0.279223267,0.0,0.0,0.0,0.0,193.62247,0.0,0.0,0.0,-1.5707964,0.0
1970-01-01 00:00:00.279294144,0.279294144,0.0,0.0,0.0,0.0,0.0,1066.7697,0.0,0.0,-1.5707964,0.0
1970-01-01 00:00:00.279347730,0.27934773,0.0,0.0,538.2213,0.0,0.0,0.0,0.0,0.0,-1.5707964,0.0
1970-01-01 00:00:00.279352414,0.279352414,0.0,0.0,0.0,0.0,0.0,259.65207,0.0,0.0,-1.5707964,0.0
1970-01-01 00:00:00.279440482,0.279440482,0.0,0.0,0.0,0.0,0.0,701.8592,0.0,0.0,-1.5707964,0.0
1970-01-01 00:00:00.279504176,0.279504176,501.18472,0.0,0.0,0.0,0.0,0.0,0.0,0.0,-1.5707964,0.0
1970-01-01 00:00:00.279504176,0.279504176,0.0,0.0,507.41495,0.0,0.0,0.0,0.0,0.0,-1.5707964,0.0
1970-01-01 00:00:00.279606141,0.279606141,0.0,0.0,0.0,0.0,1404.9502,0.0,0.0,0.0,-1.5707964,0.0
1970-01-01 00:00:00.279606141,0.279606141,0.0,0.0,0.0,974.82367,0.0,0.0,0.0,0.0,-1.5707964,0.0
1970-01-01 00:00:00.279610509,0.279610509,0.0,0.0,0.0,0.0,0.0,474.71674,0.0,0.0,-1.5707964,0.0
1970-01-01 00:00:00.279612448,0.279612448,0.0,0.0,0.0,0.0,1640.2538,0.0,0.0,0.0,-1.5707964,0.0
1970-01-01 00:00:00.279718759,0.279718759,0.0,0.0,0.0,0.0,0.0,653.52936,0.0,0.0,-1.5707964,0.0
1970-01-01 00:00:00.279724861,0.279724861,0.0,0.0,0.0,0.0,0.0,283.84363,0.0,0.0,-1.5707964,0.0
1970-01-01 00:00:00.279724861,0.279724861,0.0,0.0,0.0,0.0,0.0,280.87775,0.0,0.0,-1.5707964,0.0
1970-01-01 00:00:00.279771607,0.279771607,0.0,0.0,0.0,0.0,232.41512,0.0,0.0,0.0,-1.5707964,0.0
1970-01-01 00:00:00.279845115,0.279845115,0.0,0.0,0.0,211.36127,0.0,0.0,0.0,0.0,-1.5707964,0.0
1970-01-01 00:00:00.279955619,0.279955619,0.0,0.0,0.0,0.0,0.0,808.5387,0.0,0.0,-1.5707964,0.0
1970-01-01 00:00:00.279983531,0.279983531,884.928,0.0,0.0,0.0,0.0,0.0,0.0,0.0,-1.5707964,0.0
1970-01-01 00:00:00.279983531,0.279983531,0.0,0.0,0.0,0.0,0.0,208.84636,0.0,0.0,-1.5707964,0.0
1970-01-01 00:00:00.280055339,0.280055339,0.0,0.0,698.57996,0.0,0.0,0.0,0.0,0.0,-1.5707964,0.0
1970-01-01 00:00:00.280119477,0.280119477,0.0,0.0,96.14118,0.0,0.0,0.0,0.0,0.0,-1.5707964,0.0
1970-01-01 00:00:00.280258293,0.280258293,0.0,0.0,0.0,0.0,0.0,240.53963,0.0,0.0,-1.5707964,0.0
1970-01-01 00:00:00.280338973,0.280338973,0.0,0.0,0.0,538.35394,0.0,0.0,0.0,0.0,-1.5707964,0.0
1970-01-01 00:00:00.280399210,0.28039921,1257.7601,0.0,0.0,0.0,0.0,0.0,0.0,0.0,-1.5707964,0.0
1970-01-01 00:00:00.280440206,0.280440206,0.0,0.0,0.0,0.0,889.5493,0.0,0.0,0.0,-1.5707964,0.0
1970-01-01 00:00:00.280447007,0.280447007,0.0,0.0,0.0,393.2448,0.0,0.0,0.0,0.0,-1.5707964,0.0
1970-01-01 00:00:00.280585853,0.280585853,0.0,0.0,0.0,143.66394,0.0,0.0,0.0,0.0,-1.5707964,0.0
1970-01-01 00:00:00.280598784,0.280598784,0.0,0.0,0.0,127.329025,0.0,0.0,0.0,0.0,-1.5707964,0.0
1970-01-01 00:00:00.280599169,0.280599169,0.0,0.0,0.0,0.0,375.33887,0.0,0.0,0.0,-1.5707964,0.0
1970-01-01 00:00:00.280615152,0.280615152,0.0,0.0,0.0,355.16473,0.0,0.0,0.0,0.0,-1.5707964,0.0
1970-01-01 00:00:00.280685561,0.280685561,0.0,0.0,0.0,0.0,0.0,205.86122,0.0,0.0,-1.5707964,0.0
1970-01-01 00:00:00.280685665,0.280685665,0.0,0.0,0.0,0.0,158.37497,0.0,0.0,0.0,-1.5707964,0.0
1970-01-01 00:00:00.280747853,0.280747853,0.0,0.0,0.0,0.0,81.05085,0.0,0.0,0.0,-1.5707964,0.0
1970-01-01 00:00:00.280779543,0.280779543,0.0,0.0,0.0,0.0,974.4367,0.0,0.0,0.0,-1.5707964,0.0
1970-01-01 00:00:00.280779543,0.280779543,0.0,0.0,0.0,0.0,1025.1814,0.0,0.0,0.0,-1.5707964,0.0
1970-01-01 00:00:00.280788183,0.280788183,0.0,0.0,0.0,0.0,0.0,124.523766,0.0,0.0,-1.5707964,0.0
1970-01-01 00:00:00.280831279,0.280831279,0.0,284.5909,0.0,0.0,0.0,0.0,0.0,0.0,-1.5707964,0.0
1970-01-01 00:00:00.280907182,0.280907182,0.0,0.0,0.0,0.0,0.0,426.71292,0.0,0.0,-1.5707964,0.0
1970-01-01 00:00:00.280929966,0.280929966,0.0,0.0,240.28557,0.0,0.0,0.0,0.0,0.0,-1.5707964,0.0
1970-01-01 00:00:00.280948251,0.280948251,0.0,0.0,0.0,203.12517,0.0,0.0,0.0,0.0,-1.5707964,0.0
1970-01-01 00:00:00.281180505,0.281180505,0.0,0.0,3306.3916,0.0,0.0,0.0,0.0,0.0,-1.5707964,0.0
1970-01-01 00:00:00.281190169,0.281190169,0.0,0.0,0.0,279.8024,0.0,0.0,0.0,0.0,-1.5707964,0.0
1970-01-01 00:00:00.281219425,0.281219425,0.0,0.0,0.0,0.0,0.0,177.52731,0.0,0.0,-1.5707964,0.0
1970-01-01 00:00:00.281241998,0.281241998,0.0,0.0,0.0,0.0,0.0,192.42462,0.0,0.0,-1.5707964,0.0
1970-01-01 00:00:00.281469937,0.281469937,0.0,0.0,804.6219,0.0,0.0,0.0,0.0,0.0,-1.5707964,0.0
1970-01-01 00:00:00.281504350,0.28150435,0.0,0.0,0.0,353.4167,0.0,0.0,0.0,0.0,-1.5707964,0.0
1970-01-01 00:00:00.281570534,0.281570534,0.0,0.0,0.0,0.0,720.7489,0.0,0.0,0.0,-1.5707964,0.0
1970-01-01 00:00:00.281582739,0.281582739,0.0,0.0,0.0,0.0,0.0,152.76859,0.0,0.0,-1.5707964,0.0
1970-01-01 00:00:00.281614099,0.281614099,0.0,0.0,0.0,175.00923,0.0,0.0,0.0,0.0,-1.5707964,0.0
1970-01-01 00:00:00.281825259,0.281825259,0.0,0.0,0.0,0.0,2508.505,0.0,0.0,0.0,-1.5707964,0.0
1970-01-01 00:00:00.281983621,0.281983621,0.0,0.0,0.0,0.0,0.0,670.4913,0.0,0.0,-1.5707964,0.0
1970-01-01 00:00:00.282120058,0.282120058,0.0,422.4292,0.0,0.0,0.0,0.0,0.0,0.0,-1.5707964,0.0
1970-01-01 00:00:00.282381091,0.282381091,0.0,0.0,0.0,1071.838,0.0,0.0,0.0,0.0,-1.5707964,0.0
1970-01-01 00:00:00.282388532,0.282388532,0.0,0.0,0.0,0.0,0.0,113.616425,0.0,0.0,-1.5707964,0.0
1970-01-01 00:00:00.282393467,0.282393467,0.0,0.0,0.0,0.0,106.93029,0.0,0.0,0.0,-1.5707964,0.0
1970-01-01 00:00:00.282404911,0.282404911,0.0,0.0,0.0,124.72291,0.0,0.0,0.0,0.0,-1.5707964,0.0
1970-01-01 00:00:00.282407989,0.282407989,123.21099,0.0,0.0,0.0,0.0,0.0,0.0,0.0,-1.5707964,0.0
1970-01-01 00:00:00.282431389,0.282431389,0.0,0.0,0.0,0.0,0.0,464.73657,0.0,0.0,-1.5707964,0.0
1970-01-01 00:00:00.282478955,0.282478955,0.0,0.0,0.0,0.0,0.0,257.13132,0.0,0.0,-1.5707964,0.0
1970-01-01 00:00:00.282485206,0.282485206,0.0,0.0,0.0,374.99252,0.0,0.0,0.0,0.0,-1.5707964,0.0
1970-01-01 00:00:00.282487902,0.282487902,0.0,0.0,0.0,1122.659,0.0,0.0,0.0,0.0,-1.5707964,0.0
1970-01-01 00:00:00.282627526,0.282627526,0.0,154.10239,0.0,0.0,0.0,0.0,0.0,0.0,-1.5707964,0.0
1970-01-01 00:00:00.282628061,0.282628061,0.0,0.0,0.0,0.0,170.14049,0.0,0.0,0.0,-1.5707964,0.0
1970-01-01 00:00:00.282689715,0.282689715,0.0,0.0,0.0,325.08008,0.0,0.0,0.0,0.0,-1.5707964,0.0
1970-01-01 00:00:00.282730669,0.282730669,0.0,0.0,0.0,0.0,0.0,580.0965,0.0,0.0,-1.5707964,0.0
1970-01-01 00:00:00.282817043,0.282817043,0.0,0.0,0.0,0.0,0.0,512.1386,0.0,0.0,-1.5707964,0.0
1970-01-01 00:00:00.282828769,0.282828769,0.0,0.0,139.46275,0.0,0.0,0.0,0.0,0.0,-1.5707964,0.0
1970-01-01 00:00:00.282830373,0.282830373,0.0,0.0,0.0,0.0,2884.565,0.0,0.0,0.0,-1.5707964,0.0
1970-01-01 00:00:00.283106820,0.28310682,0.0,0.0,0.0,0.0,665.318,0.0,0.0,0.0,-1.5707964,0.0
1970-01-01 00:00:00.283173150,0.28317315,0.0,0.0,0.0,0.0,0.0,556.33527,0.0,0.0,-1.5707964,0.0
1970-01-01 00:00:00.283269782,0.283269782,0.0,0.0,0.0,0.0,0.0,402.20184,0.0,0.0,-1.5707964,0.0
1970-01-01 00:00:00.283273840,0.28327384,0.0,0.0,0.0,358.77094,0.0,0.0,0.0,0.0,-1.5707964,0.0
1970-01-01 00:00:00.283276281,0.283276281,0.0,0.0,0.0,0.0,0.0,252.55602,0.0,0.0,-1.5707964,0.0
1970-01-01 00:00:00.283467527,0.283467527,0.0,0.0,0.0,400.86465,0.0,0.0,0.0,0.0,-1.5707964,0.0
1970-01-01 00:00:00.283664103,0.283664103,0.0,0.0,0.0,0.0,945.7382,0.0,0.0,0.0,-1.5707964,0.0
1970-01-01 00:00:00.283667162,0.283667162,0.0,0.0,0.0,402.97595,0.0,0.0,0.0,0.0,-1.5707964,0.0
1970-01-01 00:00:00.283758248,0.283758248,0.0,0.0,0.0,0.0,0.0,276.84222,0.0,0.0,-1.5707964,0.0
1970-01-01 00:00:00.283780831,0.283780831,0.0,0.0,0.0,0.0,0.0,366.78033,0.0,0.0,-1.5707964,0.0
1970-01-01 00:00:00.283962960,0.28396296,0.0,0.0,0.0,1074.5638,0.0,0.0,0.0,0.0,-1.5707964,0.0
1970-01-01 00:00:00.284008363,0.284008363,0.0,0.0,201.57239,0.0,0.0,0.0,0.0,0.0,-1.5707964,0.0
1970-01-01 00:00:00.284044486,0.284044486,0.0,0.0,0.0,0.0,0.0,240.96489,0.0,0.0,-1.5707964,0.0
1970-01-01 00:00:00.284149764,0.284149764,133.08038,0.0,0.0,0.0,0.0,0.0,0.0,0.0,-1.5707964,0.0
1970-01-01 00:00:00.284289337,0.284289337,0.0,0.0,0.0,0.0,0.0,133.75493,0.0,0.0,-1.5707964,0.0
1970-01-01 00:00:00.284338377,0.284338377,0.0,0.0,137.6089,0.0,0.0,0.0,0.0,0.0,-1.5707964,0.0
1970-01-01 00:00:00.284423459,0.284423459,0.0,0.0,84.50635,0.0,0.0,0.0,0.0,0.0,-1.5707964,0.0
1970-01-01 00:00:00.284470523,0.284470523,0.0,0.0,1228.9421,0.0,0.0,0.0,0.0,0.0,-1.5707964,0.0
1970-01-01 00:00:00.284477044,0.284477044,0.0,0.0,557.81226,0.0,0.0,0.0,0.0,0.0,-1.5707964,0.0
1970-01-01 00:00:00.284477044,0.284477044,0.0,0.0,0.0,0.0,0.0,904.1041,0.0,0.0,-1.5707964,0.0
1970-01-01 00:00:00.284560156,0.284560156,0.0,0.0,0.0,0.0,0.0,126.10871,0.0,0.0,-1.5707964,0.0
1970-01-01 00:00:00.284582310,0.28458231,209.07755,0.0,0.0,0.0,0.0,0.0,0.0,0.0,-1.5707964,0.0
1970-01-01 00:00:00.284615011,0.284615011,0.0,0.0,0.0,0.0,0.0,309.6115,0.0,0.0,-1.5707964,0.0
1970-01-01 00:00:00.284618967,0.284618967,0.0,0.0,0.0,0.0,0.0,1118.2711,0.0,0.0,-1.5707964,0.0
1970-01-01 00:00:00.284620144,0.284620144,0.0,0.0,0.0,0.0,164.06525,0.0,0.0,0.0,-1.5707964,0.0
1970-01-01 00:00:00.284716229,0.284716229,0.0,0.0,0.0,0.0,0.0,202.70801,0.0,0.0,-1.5707964,0.0
1970-01-01 00:00:00.284753910,0.28475391,0.0,0.0,0.0,354.5547,0.0,0.0,0.0,0.0,-1.5707964,0.0
1970-01-01 00:00:00.284767689,0.284767689,0.0,119.76702,0.0,0.0,0.0,0.0,0.0,0.0,-1.5707964,0.0
1970-01-01 00:00:00.284899811,0.284899811,0.0,0.0,0.0,0.0,0.0,96.252815,0.0,0.0,-1.5707964,0.0
1970-01-01 00:00:00.284935838,0.284935838,0.0,0.0,613.43036,0.0,0.0,0.0,0.0,0.0,-1.5707964,0.0
1970-01-01 00:00:00.284938145,0.284938145,0.0,0.0,0.0,0.0,173.60794,0.0,0.0,0.0,-1.5707964,0.0
1970-01-01 00:00:00.285056763,0.285056763,0.0,0.0,0.0,0.0,120.83465,0.0,0.0,0.0,-1.5707964,0.0
1970-01-01 00:00:00.285098498,0.285098498,0.0,0.0,0.0,0.0,0.0,305.27484,0.0,0.0,-1.5707964,0.0
1970-01-01 00:00:00.285098607,0.285098607,668.1747,0.0,0.0,0.0,0.0,0.0,0.0,0.0,-1.5707964,0.0
1970-01-01 00:00:00.285098607,0.285098607,0.0,0.0,0.0,0.0,0.0,83.01485,0.0,0.0,-1.5707964,0.0
1970-01-01 00:00:00.285161228,0.285161228,0.0,0.0,0.0,91.13125,0.0,0.0,0.0,0.0,-1.5707964,0.0
1970-01-01 00:00:00.285179092,0.285179092,0.0,0.0,0.0,0.0,0.0,1019.3155,0.0,0.0,-1.5707964,0.0
1970-01-01 00:00:00.285370768,0.285370768,0.0,0.0,0.0,0.0,0.0,85.954704,0.0,0.0,-1.5707964,0.0
1970-01-01 00:00:00.285432036,0.285432036,0.0,0.0,0.0,0.0,0.0,155.9925,0.0,0.0,-1.5707964,0.0
1970-01-01 00:00:00.285520443,0.285520443,0.0,0.0,0.0,0.0,0.0,791.4261,0.0,0.0,-1.5707964,0.0
1970-01-01 00:00:00.285540249,0.285540249,0.0,0.0,0.0,0.0,0.0,857.19806,0.0,0.0,-1.5707964,0.0
1970-01-01 00:00:00.285600519,0.285600519,0.0,0.0,0.0,0.0,0.0,204.30609,0.0,0.0,-1.5707964,0.0
1970-01-01 00:00:00.285605839,0.285605839,0.0,0.0,0.0,127.70405,0.0,0.0,0.0,0.0,-1.5707964,0.0
1970-01-01 00:00:00.285637633,0.285637633,0.0,106.523094,0.0,0.0,0.0,0.0,0.0,0.0,-1.5707964,0.0
1970-01-01 00:00:00.285646545,0.285646545,0.0,0.0,0.0,0.0,0.0,376.0629,0.0,0.0,-1.5707964,0.0
1970-01-01 00:00:00.285657259,0.285657259,0.0,264.56128,0.0,0.0,0.0,0.0,0.0,0.0,-1.5707964,0.0
1970-01-01 00:00:00.285750485,0.285750485,278.36334,0.0,0.0,0.0,0.0,0.0,0.0,0.0,-1.5707964,0.0
1970-01-01 00:00:00.285895742,0.285895742,0.0,0.0,0.0,0.0,0.0,217.8037,0.0,0.0,-1.5707964,0.0
1970-01-01 00:00:00.285901232,0.285901232,0.0,0.0,0.0,0.0,0.0,96.34496,0.0,0.0,-1.5707964,0.0
1970-01-01 00:00:00.285913697,0.285913697,0.0,0.0,0.0,0.0,0.0,236.3046,0.0,0.0,-1.5707964,0.0
1970-01-01 00:00:00.285970599,0.285970599,0.0,0.0,0.0,0.0,127.125885,0.0,0.0,0.0,-1.5707964,0.0
1970-01-01 00:00:00.286002326,0.286002326,0.0,0.0,0.0,607.7782,0.0,0.0,0.0,0.0,-1.5707964,0.0
1970-01-01 00:00:00.286012675,0.286012675,0.0,0.0,0.0,0.0,0.0,397.89282,0.0,0.0,-1.5707964,0.0
1970-01-01 00:00:00.286024361,0.286024361,0.0,0.0,0.0,0.0,0.0,513.36896,0.0,0.0,-1.5707964,0.0
1970-01-01 00:00:00.286289312,0.286289312,499.4539,0.0,0.0,0.0,0.0,0.0,0.0,0.0,-1.5707964,0.0
1970-01-01 00:00:00.286289312,0.286289312,0.0,0.0,0.0,0.0,0.0,86.4418,0.0,0.0,-1.5707964,0.0
1970-01-01 00:00:00.286409312,0.286409312,0.0,0.0,300.20642,0.0,0.0,0.0,0.0,0.0,-1.5707964,0.0
1970-01-01 00:00:00.286440815,0.286440815,0.0,1752.5769,0.0,0.0,0.0,0.0,0.0,0.0,-1.5707964,0.0
1970-01-01 00:00:00.286472829,0.286472829,0.0,0.0,251.07861,0.0,0.0,0.0,0.0,0.0,-1.5707964,0.0
1970-01-01 00:00:00.286505776,0.286505776,0.0,0.0,0.0,0.0,0.0,295.88733,0.0,0.0,-1.5707964,0.0
1970-01-01 00:00:00.286556008,0.286556008,0.0,0.0,0.0,0.0,0.0,784.8817,0.0,0.0,-1.5707964,0.0
1970-01-01 00:00:00.286623361,0.286623361,1415.9528,0.0,0.0,0.0,0.0,0.0,0.0,0.0,-1.5707964,0.0
1970-01-01 00:00:00.286652270,0.28665227,0.0,0.0,100.31123,0.0,0.0,0.0,0.0,0.0,-1.5707964,0.0
1970-01-01 00:00:00.286698438,0.286698438,0.0,0.0,0.0,0.0,477.1281,0.0,0.0,0.0,-1.5707964,0.0
1970-01-01 00:00:00.286715656,0.286715656,0.0,0.0,262.75958,0.0,0.0,0.0,0.0,0.0,-1.5707964,0.0
1970-01-01 00:00:00.286739694,0.286739694,0.0,490.22556,0.0,0.0,0.0,0.0,0.0,0.0,-1.5707964,0.0
1970-01-01 00:00:00.286739694,0.286739694,0.0,0.0,0.0,0.0,0.0,544.4223,0.0,0.0,-1.5707964,0.0
1970-01-01 00:00:00.286828665,0.286828665,0.0,0.0,0.0,1707.9785,0.0,0.0,0.0,0.0,-1.5707964,0.0
1970-01-01 00:00:00.286848501,0.286848501,0.0,0.0,0.0,0.0,116.65329,0.0,0.0,0.0,-1.5707964,0.0
1970-01-01 00:00:00.286880487,0.286880487,0.0,0.0,0.0,0.0,0.0,82.871506,0.0,0.0,-1.5707964,0.0
1970-01-01 00:00:00.286885238,0.286885238,0.0,0.0,0.0,0.0,229.87395,0.0,0.0,0.0,-1.5707964,0.0
1970-01-01 00:00:00.286985931,0.286985931,0.0,0.0,0.0,436.80966,0.0,0.0,0.0,0.0,-1.5707964,0.0
1970-01-01 00:00:00.287069932,0.287069932,0.0,0.0,0.0,0.0,0.0,300.63342,0.0,0.0,-1.5707964,0.0
1970-01-01 00:00:00.287262801,0.287262801,0.0,0.0,0.0,379.176,0.0,0.0,0.0,0.0,-1.5707964,0.0
1970-01-01 00:00:00.287299286,0.287299286,0.0,0.0,116.42103,0.0,0.0,0.0,0.0,0.0,-1.5707964,0.0
1970-01-01 00:00:00.287321499,0.287321499,0.0,0.0,0.0,0.0,0.0,82.75804,0.0,0.0,-1.5707964,0.0
1970-01-01 00:00:00.287351102,0.287351102,0.0,0.0,196.23001,0.0,0.0,0.0,0.0,0.0,-1.5707964,0.0
1970-01-01 00:00:00.287445140,0.28744514,0.0,0.0,0.0,0.0,0.0,258.27872,0.0,0.0,-1.5707964,0.0
1970-01-01 00:00:00.287551937,0.287551937,0.0,0.0,0.0,0.0,0.0,286.99115,0.0,0.0,-1.5707964,0.0
1970-01-01 00:00:00.287585492,0.287585492,0.0,530.98413,0.0,0.0,0.0,0.0,0.0,0.0,-1.5707964,0.0
1970-01-01 00:00:00.287627147,0.287627147,0.0,0.0,0.0,0.0,0.0,257.78256,0.0,0.0,-1.5707964,0.0
1970-01-01 00:00:00.287627147,0.287627147,0.0,0.0,0.0,0.0,0.0,83.10239,0.0,0.0,-1.5707964,0.0
1970-01-01 00:00:00.287639996,0.287639996,0.0,0.0,0.0,0.0,0.0,231.41162,0.0,0.0,-1.5707964,0.0
1970-01-01 00:00:00.287695343,0.287695343,0.0,0.0,0.0,114.03618,0.0,0.0,0.0,0.0,-1.5707964,0.0
1970-01-01 00:00:00.287768478,0.287768478,0.0,0.0,0.0,0.0,159.6389,0.0,0.0,0.0,-1.5707964,0.0
1970-01-01 00:00:00.287826767,0.287826767,0.0,0.0,0.0,0.0,0.0,260.1749,0.0,0.0,-1.5707964,0.0
1970-01-01 00:00:00.287979237,0.287979237,0.0,0.0,0.0,123.485985,0.0,0.0,0.0,0.0,-1.5707964,0.0
1970-01-01 00:00:00.288024499,0.288024499,0.0,0.0,0.0,127.31666,0.0,0.0,0.0,0.0,-1.5707964,0.0
1970-01-01 00:00:00.288124663,0.288124663,0.0,0.0,0.0,0.0,0.0,312.33453,0.0,0.0,-1.5707964,0.0
1970-01-01 00:00:00.288133499,0.288133499,0.0,0.0,751.0775,0.0,0.0,0.0,0.0,0.0,-1.5707964,0.0
1970-01-01 00:00:00.288133499,0.288133499,0.0,0.0,0.0,0.0,0.0,523.0148,0.0,0.0,-1.5707964,0.0
1970-01-01 00:00:00.288134503,0.288134503,0.0,0.0,0.0,0.0,0.0,1506.4396,0.0,0.0,-1.5707964,0.0
1970-01-01 00:00:00.288142631,0.288142631,0.0,0.0,0.0,0.0,302.38565,0.0,0.0,0.0,-1.5707964,0.0
1970-01-01 00:00:00.288254558,0.288254558,0.0,0.0,878.20526,0.0,0.0,0.0,0.0,0.0,-1.5707964,0.0
1970-01-01 00:00:00.288311894,0.288311894,0.0,0.0,0.0,781.2042,0.0,0.0,0.0,0.0,-1.5707964,0.0
1970-01-01 00:00:00.288376013,0.288376013,0.0,154.1429,0.0,0.0,0.0,0.0,0.0,0.0,-1.5707964,0.0
1970-01-01 00:00:00.288540784,0.288540784,311.49368,0.0,0.0,0.0,0.0,0.0,0.0,0.0,-1.5707964,0.0
1970-01-01 00:00:00.288546156,0.288546156,0.0,281.73172,0.0,0.0,0.0,0.0,0.0,0.0,-1.5707964,0.0
1970-01-01 00:00:00.288601483,0.288601483,0.0,0.0,0.0,0.0,202.78052,0.0,0.0,0.0,-1.5707964,0.0
1970-01-01 00:00:00.288622168,0.288622168,0.0,0.0,0.0,0.0,88.22506,0.0,0.0,0.0,-1.5707964,0.0
1970-01-01 00:00:00.288798704,0.288798704,0.0,0.0,0.0,0.0,0.0,536.69507,0.0,0.0,-1.5707964,0.0
1970-01-01 00:00:00.288834145,0.288834145,0.0,0.0,0.0,706.49884,0.0,0.0,0.0,0.0,-1.5707964,0.0
1970-01-01 00:00:00.288841651,0.288841651,0.0,0.0,0.0,0.0,0.0,157.7779,0.0,0.0,-1.5707964,0.0
1970-01-01 00:00:00.289015261,0.289015261,0.0,0.0,0.0,0.0,0.0,123.95422,0.0,0.0,-1.5707964,0.0
1970-01-01 00:00:00.289037691,0.289037691,0.0,0.0,88.18817,0.0,0.0,0.0,0.0,0.0,-1.5707964,0.0
1970-01-01 00:00:00.289132293,0.289132293,0.0,0.0,0.0,0.0,703.8303,0.0,0.0,0.0,-1.5707964,0.0
1970-01-01 00:00:00.289276077,0.289276077,0.0,0.0,0.0,208.20872,0.0,0.0,0.0,0.0,-1.5707964,0.0
1970-01-01 00:00:00.289303232,0.289303232,0.0,0.0,0.0,0.0,165.97775,0.0,0.0,0.0,-1.5707964,0.0
1970-01-01 00:00:00.289344953,0.289344953,0.0,0.0,0.0,82.02096,0.0,0.0,0.0,0.0,-1.5707964,0.0
1970-01-01 00:00:00.289345408,0.289345408,225.63373,0.0,0.0,0.0,0.0,0.0,0.0,0.0,-1.5707964,0.0
1970-01-01 00:00:00.289352752,0.289352752,0.0,0.0,0.0,0.0,0.0,437.12714,0.0,0.0,-1.5707964,0.0
1970-01-01 00:00:00.289472968,0.289472968,0.0,0.0,0.0,0.0,639.4714,0.0,0.0,0.0,-1.5707964,0.0
1970-01-01 00:00:00.289517069,0.289517069,0.0,0.0,0.0,900.5904,0.0,0.0,0.0,0.0,-1.5707964,0.0
1970-01-01 00:00:00.289580982,0.289580982,0.0,0.0,0.0,0.0,0.0,232.12082,0.0,0.0,-1.5707964,0.0
1970-01-01 00:00:00.289620178,0.289620178,0.0,0.0,0.0,0.0,0.0,609.6166,0.0,0.0,-1.5707964,0.0
1970-01-01 00:00:00.289692267,0.289692267,123.66559,0.0,0.0,0.0,0.0,0.0,0.0,0.0,-1.5707964,0.0
1970-01-01 00:00:00.289704220,0.28970422,0.0,0.0,0.0,0.0,0.0,1352.4075,0.0,0.0,-1.5707964,0.0
1970-01-01 00:00:00.289712501,0.289712501,0.0,0.0,0.0,0.0,0.0,214.49886,0.0,0.0,-1.5707964,0.0
1970-01-01 00:00:00.289764073,0.289764073,0.0,0.0,0.0,164.69498,0.0,0.0,0.0,0.0,-1.5707964,0.0
1970-01-01 00:00:00.289796403,0.289796403,0.0,0.0,0.0,1188.2542,0.0,0.0,0.0,0.0,-1.5707964,0.0
1970-01-01 00:00:00.289834502,0.289834502,0.0,0.0,0.0,1281.5154,0.0,0.0,0.0,0.0,-1.5707964,0.0
1970-01-01 00:00:00.289964178,0.289964178,0.0,0.0,0.0,0.0,0.0,403.80032,0.0,0.0,-1.5707964,0.0
1970-01-01 00:00:00.289978162,0.289978162,0.0,0.0,0.0,0.0,0.0,1392.6953,0.0,0.0,-1.5707964,0.0
1970-01-01 00:00:00.290025884,0.290025884,0.0,0.0,0.0,0.0,0.0,945.21375,0.0,0.0,-1.5707964,0.0
1970-01-01 00:00:00.290061119,0.290061119,165.5605,0.0,0.0,0.0,0.0,0.0,0.0,0.0,-1.5707964,0.0
1970-01-01 00:00:00.290198590,0.29019859,0.0,0.0,0.0,0.0,0.0,113.26563,0.0,0.0,-1.5707964,0.0
1970-01-01 00:00:00.290214753,0.290214753,0.0,0.0,0.0,801.92206,0.0,0.0,0.0,0.0,-1.5707964,0.0
1970-01-01 00:00:00.290265521,0.290265521,0.0,182.42296,0.0,0.0,0.0,0.0,0.0,0.0,-1.5707964,0.0
1970-01-01 00:00:00.290423818,0.290423818,0.0,0.0,0.0,0.0,665.99725,0.0,0.0,0.0,-1.5707964,0.0
1970-01-01 00:00:00.290565165,0.290565165,0.0,0.0,0.0,0.0,458.47284,0.0,0.0,0.0,-1.5707964,0.0
1970-01-01 00:00:00.290610607,0.290610607,0.0,0.0,0.0,0.0,229.90063,0.0,0.0,0.0,-1.5707964,0.0
1970-01-01 00:00:00.290680696,0.290680696,0.0,0.0,0.0,0.0,0.0,217.44518,0.0,0.0,-1.5707964,0.0
1970-01-01 00:00:00.290919238,0.290919238,0.0,0.0,0.0,233.4368,0.0,0.0,0.0,0.0,-1.5707964,0.0
1970-01-01 00:00:00.291046235,0.291046235,0.0,0.0,0.0,132.4061,0.0,0.0,0.0,0.0,-1.5707964,0.0
1970-01-01 00:00:00.291341721,0.291341721,0.0,0.0,0.0,0.0,0.0,674.97046,0.0,0.0,-1.5707964,0.0
1970-01-01 00:00:00.291361755,0.291361755,0.0,0.0,0.0,0.0,0.0,593.9559,0.0,0.0,-1.5707964,0.0
1970-01-01 00:00:00.291467083,0.291467083,0.0,0.0,0.0,0.0,163.91934,0.0,0.0,0.0,-1.5707964,0.0
1970-01-01 00:00:00.291538239,0.291538239,0.0,0.0,0.0,197.81723,0.0,0.0,0.0,0.0,-1.5707964,0.0
1970-01-01 00:00:00.291585179,0.291585179,0.0,0.0,120.43549,0.0,0.0,0.0,0.0,0.0,-1.5707964,0.0
1970-01-01 00:00:00.291660406,0.291660406,0.0,0.0,0.0,665.18225,0.0,0.0,0.0,0.0,-1.5707964,0.0
1970-01-01 00:00:00.291679829,0.291679829,0.0,0.0,322.84924,0.0,0.0,0.0,0.0,0.0,-1.5707964,0.0
1970-01-01 00:00:00.291945129,0.291945129,0.0,0.0,0.0,187.79706,0.0,0.0,0.0,0.0,-1.5707964,0.0
1970-01-01 00:00:00.291986918,0.291986918,0.0,442.71863,0.0,0.0,0.0,0.0,0.0,0.0,-1.5707964,0.0
1970-01-01 00:00:00.292145660,0.29214566,0.0,0.0,0.0,172.97256,0.0,0.0,0.0,0.0,-1.5707964,0.0
1970-01-01 00:00:00.292192159,0.292192159,0.0,0.0,0.0,317.80853,0.0,0.0,0.0,0.0,-1.5707964,0.0
1970-01-01 00:00:00.292207470,0.29220747,135.32254,0.0,0.0,0.0,0.0,0.0,0.0,0.0,-1.5707964,0.0
1970-01-01 00:00:00.292296165,0.292296165,0.0,0.0,0.0,193.40388,0.0,0.0,0.0,0.0,-1.5707964,0.0
1970-01-01 00:00:00.292681730,0.29268173,109.43534,0.0,0.0,0.0,0.0,0.0,0.0,0.0,-1.5707964,0.0
1970-01-01 00:00:00.292684035,0.292684035,0.0,0.0,0.0,0.0,0.0,620.9209,0.0,0.0,-1.5707964,0.0
1970-01-01 00:00:00.292686652,0.292686652,0.0,0.0,0.0,0.0,0.0,161.10452,0.0,0.0,-1.5707964,0.0
1970-01-01 00:00:00.292784491,0.292784491,0.0,462.4301,0.0,0.0,0.0,0.0,0.0,0.0,-1.5707964,0.0
1970-01-01 00:00:00.292936479,0.292936479,0.0,314.42938,0.0,0.0,0.0,0.0,0.0,0.0,-1.5707964,0.0
1970-01-01 00:00:00.293216571,0.293216571,0.0,0.0,347.37762,0.0,0.0,0.0,0.0,0.0,-1.5707964,0.0
1970-01-01 00:00:00.293323221,0.293323221,0.0,0.0,0.0,0.0,0.0,510.51508,0.0,0.0,-1.5707964,0.0
1970-01-01 00:00:00.293429529,0.293429529,0.0,0.0,0.0,0.0,560.7668,0.0,0.0,0.0,-1.5707964,0.0
1970-01-01 00:00:00.293577682,0.293577682,0.0,0.0,291.578,0.0,0.0,0.0,0.0,0.0,-1.5707964,0.0
1970-01-01 00:00:00.293577682,0.293577682,0.0,0.0,0.0,984.9814,0.0,0.0,0.0,0.0,-1.5707964,0.0
1970-01-01 00:00:00.293774231,0.293774231,0.0,0.0,0.0,337.29013,0.0,0.0,0.0,0.0,-1.5707964,0.0
1970-01-01 00:00:00.293774231,0.293774231,0.0,0.0,0.0,0.0,0.0,280.7342,0.0,0.0,-1.5707964,0.0
1970-01-01 00:00:00.293793630,0.29379363,0.0,0.0,0.0,387.2452,0.0,0.0,0.0,0.0,-1.5707964,0.0
1970-01-01 00:00:00.293865974,0.293865974,0.0,0.0,0.0,0.0,0.0,257.64948,0.0,0.0,-1.5707964,0.0
1970-01-01 00:00:00.294097929,0.294097929,0.0,0.0,0.0,610.553,0.0,0.0,0.0,0.0,-1.5707964,0.0
1970-01-01 00:00:00.294097929,0.294097929,0.0,0.0,0.0,0.0,0.0,690.1733,0.0,0.0,-1.5707964,0.0
1970-01-01 00:00:00.294151396,0.294151396,0.0,0.0,0.0,0.0,0.0,433.8318,0.0,0.0,-1.5707964,0.0
1970-01-01 00:00:00.294165120,0.29416512,0.0,0.0,0.0,0.0,0.0,134.40811,0.0,0.0,-1.5707964,0.0
1970-01-01 00:00:00.294232655,0.294232655,0.0,0.0,0.0,194.70096,0.0,0.0,0.0,0.0,-1.5707964,0.0
1970-01-01 00:00:00.294261695,0.294261695,0.0,0.0,0.0,0.0,231.83875,0.0,0.0,0.0,-1.5707964,0.0
1970-01-01 00:00:00.294337933,0.294337933,0.0,0.0,0.0,0.0,0.0,507.10773,0.0,0.0,-1.5707964,0.0
1970-01-01 00:00:00.294529365,0.294529365,0.0,0.0,462.4133,0.0,0.0,0.0,0.0,0.0,-1.5707964,0.0
1970-01-01 00:00:00.294529365,0.294529365,0.0,0.0,0.0,584.78284,0.0,0.0,0.0,0.0,-1.5707964,0.0
1970-01-01 00:00:00.294662883,0.294662883,0.0,0.0,0.0,1022.9214,0.0,0.0,0.0,0.0,-1.5707964,0.0
1970-01-01 00:00:00.294667477,0.294667477,0.0,0.0,0.0,0.0,207.85606,0.0,0.0,0.0,-1.5707964,0.0
1970-01-01 00:00:00.294668760,0.29466876,0.0,0.0,0.0,0.0,0.0,218.67847,0.0,0.0,-1.5707964,0.0
1970-01-01 00:00:00.294747196,0.294747196,0.0,0.0,0.0,196.68819,0.0,0.0,0.0,0.0,-1.5707964,0.0
1970-01-01 00:00:00.294754969,0.294754969,0.0,0.0,0.0,0.0,0.0,105.89009,0.0,0.0,-1.5707964,0.0
1970-01-01 00:00:00.294782062,0.294782062,0.0,0.0,0.0,0.0,0.0,224.47688,0.0,0.0,-1.5707964,0.0
1970-01-01 00:00:00.294858035,0.294858035,0.0,0.0,0.0,0.0,0.0,2324.5925,0.0,0.0,-1.5707964,0.0
1970-01-01 00:00:00.294899230,0.29489923,0.0,0.0,0.0,0.0,0.0,107.80228,0.0,0.0,-1.5707964,0.0
1970-01-01 00:00:00.294945700,0.2949457,83.331055,0.0,0.0,0.0,0.0,0.0,0.0,0.0,-1.5707964,0.0
1970-01-01 00:00:00.294967373,0.294967373,0.0,0.0,0.0,0.0,0.0,293.86252,0.0,0.0,-1.5707964,0.0
1970-01-01 00:00:00.294997131,0.294997131,0.0,0.0,0.0,0.0,979.1672,0.0,0.0,0.0,-1.5707964,0.0
1970-01-01 00:00:00.295056202,0.295056202,0.0,0.0,0.0,0.0,241.09442,0.0,0.0,0.0,-1.5707964,0.0
1970-01-01 00:00:00.295287448,0.295287448,0.0,0.0,0.0,0.0,0.0,1088.2716,0.0,0.0,-1.5707964,0.0
1970-01-01 00:00:00.295319031,0.295319031,0.0,0.0,0.0,132.94377,0.0,0.0,0.0,0.0,-1.5707964,0.0
1970-01-01 00:00:00.295478116,0.295478116,0.0,0.0,0.0,1988.353,0.0,0.0,0.0,0.0,-1.5707964,0.0
1970-01-01 00:00:00.295485841,0.295485841,0.0,426.2778,0.0,0.0,0.0,0.0,0.0,0.0,-1.5707964,0.0
1970-01-01 00:00:00.295551600,0.2955516,0.0,0.0,0.0,0.0,0.0,106.13114,0.0,0.0,-1.5707964,0.0
1970-01-01 00:00:00.295558770,0.29555877,0.0,0.0,0.0,0.0,0.0,214.55339,0.0,0.0,-1.5707964,0.0
1970-01-01 00:00:00.295581836,0.295581836,0.0,0.0,0.0,754.9922,0.0,0.0,0.0,0.0,-1.5707964,0.0
1970-01-01 00:00:00.295581884,0.295581884,0.0,0.0,972.18384,0.0,0.0,0.0,0.0,0.0,-1.5707964,0.0
1970-01-01 00:00:00.295615282,0.295615282,0.0,0.0,0.0,0.0,0.0,2087.6316,0.0,0.0,-1.5707964,0.0
1970-01-01 00:00:00.295621135,0.295621135,328.00986,0.0,0.0,0.0,0.0,0.0,0.0,0.0,-1.5707964,0.0
1970-01-01 00:00:00.295624235,0.295624235,0.0,0.0,0.0,262.05325,0.0,0.0,0.0,0.0,-1.5707964,0.0
1970-01-01 00:00:00.295679221,0.295679221,0.0,0.0,703.5873,0.0,0.0,0.0,0.0,0.0,-1.5707964,0.0
1970-01-01 00:00:00.295705473,0.295705473,0.0,0.0,402.27527,0.0,0.0,0.0,0.0,0.0,-1.5707964,0.0
1970-01-01 00:00:00.295790620,0.29579062,0.0,0.0,0.0,0.0,99.11093,0.0,0.0,0.0,-1.5707964,0.0
1970-01-01 00:00:00.295841380,0.29584138,0.0,0.0,0.0,262.3987,0.0,0.0,0.0,0.0,-1.5707964,0.0
1970-01-01 00:00:00.295858349,0.295858349,0.0,0.0,0.0,1719.84,0.0,0.0,0.0,0.0,-1.5707964,0.0
1970-01-01 00:00:00.295938402,0.295938402,0.0,0.0,0.0,0.0,0.0,183.75813,0.0,0.0,-1.5707964,0.0
1970-01-01 00:00:00.295982945,0.295982945,0.0,0.0,0.0,0.0,0.0,171.19579,0.0,0.0,-1.5707964,0.0
1970-01-01 00:00:00.296039395,0.296039395,0.0,0.0,0.0,0.0,408.8501,0.0,0.0,0.0,-1.5707964,0.0
1970-01-01 00:00:00.296069776,0.296069776,0.0,0.0,0.0,0.0,0.0,190.67592,0.0,0.0,-1.5707964,0.0
1970-01-01 00:00:00.296295632,0.296295632,0.0,0.0,0.0,146.7365,0.0,0.0,0.0,0.0,-1.5707964,0.0
1970-01-01 00:00:00.296332973,0.296332973,0.0,0.0,0.0,0.0,0.0,183.00238,0.0,0.0,-1.5707964,0.0
1970-01-01 00:00:00.296354185,0.296354185,0.0,0.0,0.0,0.0,0.0,638.20154,0.0,0.0,-1.5707964,0.0
1970-01-01 00:00:00.296464552,0.296464552,0.0,0.0,0.0,92.52886,0.0,0.0,0.0,0.0,-1.5707964,0.0
1970-01-01 00:00:00.296568638,0.296568638,0.0,0.0,0.0,210.6211,0.0,0.0,0.0,0.0,-1.5707964,0.0
1970-01-01 00:00:00.296580338,0.296580338,0.0,0.0,0.0,888.0125,0.0,0.0,0.0,0.0,-1.5707964,0.0
1970-01-01 00:00:00.296633900,0.2966339,0.0,0.0,0.0,220.80176,0.0,0.0,0.0,0.0,-1.5707964,0.0
1970-01-01 00:00:00.296977010,0.29697701,0.0,0.0,0.0,464.54874,0.0,0.0,0.0,0.0,-1.5707964,0.0
1970-01-01 00:00:00.296993156,0.296993156,0.0,0.0,0.0,0.0,182.77904,0.0,0.0,0.0,-1.5707964,0.0
1970-01-01 00:00:00.297131390,0.29713139,0.0,0.0,189.3929,0.0,0.0,0.0,0.0,0.0,-1.5707964,0.0
1970-01-01 00:00:00.297269285,0.297269285,0.0,0.0,228.18074,0.0,0.0,0.0,0.0,0.0,-1.5707964,0.0
1970-01-01 00:00:00.297296957,0.297296957,0.0,0.0,0.0,1147.3546,0.0,0.0,0.0,0.0,-1.5707964,0.0
1970-01-01 00:00:00.297305176,0.297305176,0.0,0.0,0.0,177.75243,0.0,0.0,0.0,0.0,-1.5707964,0.0
1970-01-01 00:00:00.297638557,0.297638557,0.0,0.0,336.53183,0.0,0.0,0.0,0.0,0.0,-1.5707964,0.0
1970-01-01 00:00:00.297638557,0.297638557,0.0,0.0,0.0,0.0,877.6988,0.0,0.0,0.0,-1.5707964,0.0
1970-01-01 00:00:00.297693875,0.297693875,0.0,0.0,2486.8738,0.0,0.0,0.0,0.0,0.0,-1.5707964,0.0
1970-01-01 00:00:00.297930132,0.297930132,0.0,0.0,0.0,0.0,435.12305,0.0,0.0,0.0,-1.5707964,0.0
1970-01-01 00:00:00.297930132,0.297930132,0.0,0.0,0.0,0.0,0.0,1783.1046,0.0,0.0,-1.5707964,0.0
1970-01-01 00:00:00.297952271,0.297952271,0.0,0.0,2014.4108,0.0,0.0,0.0,0.0,0.0,-1.5707964,0.0
1970-01-01 00:00:00.297962175,0.297962175,0.0,0.0,0.0,339.0287,0.0,0.0,0.0,0.0,-1.5707964,0.0
1970-01-01 00:00:00.297969555,0.297969555,0.0,0.0,0.0,0.0,0.0,1822.6108,0.0,0.0,-1.5707964,0.0
1970-01-01 00:00:00.297988475,0.297988475,0.0,0.0,181.6287,0.0,0.0,0.0,0.0,0.0,-1.5707964,0.0
1970-01-01 00:00:00.297988855,0.297988855,0.0,0.0,0.0,150.11656,0.0,0.0,0.0,0.0,-1.5707964,0.0
1970-01-01 00:00:00.298029751,0.298029751,0.0,1322.5768,0.0,0.0,0.0,0.0,0.0,0.0,-1.5707964,0.0
1970-01-01 00:00:00.298029751,0.298029751,0.0,759.0218,0.0,0.0,0.0,0.0,0.0,0.0,-1.5707964,0.0
1970-01-01 00:00:00.298129359,0.298129359,0.0,0.0,0.0,0.0,976.32477,0.0,0.0,0.0,-1.5707964,0.0
1970-01-01 00:00:00.298164174,0.298164174,0.0,0.0,0.0,0.0,0.0,543.1645,0.0,0.0,-1.5707964,0.0
1970-01-01 00:00:00.298171028,0.298171028,0.0,0.0,0.0,120.48654,0.0,0.0,0.0,0.0,-1.5707964,0.0
1970-01-01 00:00:00.298264348,0.298264348,0.0,0.0,0.0,0.0,0.0,232.04544,0.0,0.0,-1.5707964,0.0
1970-01-01 00:00:00.298266057,0.298266057,0.0,0.0,0.0,108.102066,0.0,0.0,0.0,0.0,-1.5707964,0.0
1970-01-01 00:00:00.298376876,0.298376876,0.0,0.0,0.0,0.0,434.51306,0.0,0.0,0.0,-1.5707964,0.0
1970-01-01 00:00:00.298471766,0.298471766,0.0,0.0,0.0,0.0,0.0,815.6171,0.0,0.0,-1.5707964,0.0
1970-01-01 00:00:00.298610198,0.298610198,0.0,0.0,0.0,0.0,0.0,664.36005,0.0,0.0,-1.5707964,0.0
1970-01-01 00:00:00.298623713,0.298623713,0.0,0.0,0.0,0.0,0.0,1089.3623,0.0,0.0,-1.5707964,0.0
1970-01-01 00:00:00.298680326,0.298680326,0.0,0.0,0.0,0.0,381.21597,0.0,0.0,0.0,-1.5707964,0.0
1970-01-01 00:00:00.298754501,0.298754501,0.0,0.0,420.60977,0.0,0.0,0.0,0.0,0.0,-1.5707964,0.0
1970-01-01 00:00:00.298756559,0.298756559,0.0,0.0,0.0,0.0,0.0,1496.0472,0.0,0.0,-1.5707964,0.0
1970-01-01 00:00:00.298785104,0.298785104,0.0,0.0,0.0,0.0,0.0,187.30513,0.0,0.0,-1.5707964,0.0
1970-01-01 00:00:00.298961989,0.298961989,0.0,0.0,0.0,90.31389,0.0,0.0,0.0,0.0,-1.5707964,0.0
1970-01-01 00:00:00.298962139,0.298962139,0.0,0.0,186.85449,0.0,0.0,0.0,0.0,0.0,-1.5707964,0.0
1970-01-01 00:00:00.298966965,0.298966965,0.0,0.0,0.0,114.92362,0.0,0.0,0.0,0.0,-1.5707964,0.0
1970-01-01 00:00:00.298990415,0.298990415,0.0,0.0,0.0,0.0,0.0,193.09012,0.0,0.0,-1.5707964,0.0
1970-01-01 00:00:00.299003189,0.299003189,0.0,0.0,0.0,0.0,0.0,176.60133,0.0,0.0,-1.5707964,0.0
1970-01-01 00:00:00.299060249,0.299060249,0.0,0.0,0.0,0.0,0.0,555.6807,0.0,0.0,-1.5707964,0.0
1970-01-01 00:00:00.299086443,0.299086443,0.0,0.0,0.0,373.17596,0.0,0.0,0.0,0.0,-1.5707964,0.0
1970-01-01 00:00:00.299410169,0.299410169,0.0,0.0,493.65262,0.0,0.0,0.0,0.0,0.0,-1.5707964,0.0
1970-01-01 00:00:00.299421449,0.299421449,0.0,0.0,0.0,0.0,0.0,1729.0994,0.0,0.0,-1.5707964,0.0
1970-01-01 00:00:00.299529105,0.299529105,0.0,0.0,480.19107,0.0,0.0,0.0,0.0,0.0,-1.5707964,0.0
1970-01-01 00:00:00.299672859,0.299672859,0.0,0.0,0.0,0.0,0.0,582.3884,0.0,0.0,-1.5707964,0.0
1970-01-01 00:00:00.299701177,0.299701177,0.0,0.0,0.0,1997.0143,0.0,0.0,0.0,0.0,-1.5707964,0.0
1970-01-01 00:00:00.299714064,0.299714064,0.0,0.0,0.0,153.00914,0.0,0.0,0.0,0.0,-1.5707964,0.0
1970-01-01 00:00:00.299761579,0.299761579,0.0,0.0,661.4643,0.0,0.0,0.0,0.0,0.0,-1.5707964,0.0
1970-01-01 00:00:00.299761579,0.299761579,0.0,0.0,0.0,0.0,446.57492,0.0,0.0,0.0,-1.5707964,0.0
1970-01-01 00:00:00.299832406,0.299832406,0.0,0.0,0.0,0.0,91.24643,0.0,0.0,0.0,-1.5707964,0.0
1970-01-01 00:00:00.299998005,0.299998005,0.0,0.0,0.0,175.4098,0.0,0.0,0.0,0.0,-1.5707964,0.0
1970-01-01 00:00:00.300048521,0.300048521,0.0,0.0,0.0,818.91486,0.0,0.0,0.0,0.0,-1.5707964,0.0
1970-01-01 00:00:00.300089483,0.300089483,0.0,0.0,0.0,0.0,0.0,299.91687,0.0,0.0,-1.5707964,0.0
1970-01-01 00:00:00.300095223,0.300095223,0.0,0.0,0.0,0.0,169.07666,0.0,0.0,0.0,-1.5707964,0.0
1970-01-01 00:00:00.300113335,0.300113335,0.0,0.0,0.0,0.0,0.0,783.1513,0.0,0.0,-1.5707964,0.0
1970-01-01 00:00:00.300162846,0.300162846,0.0,0.0,0.0,0.0,0.0,485.5099,0.0,0.0,-1.5707964,0.0
1970-01-01 00:00:00.300435168,0.300435168,0.0,519.2339,0.0,0.0,0.0,0.0,0.0,0.0,-1.5707964,0.0
1970-01-01 00:00:00.300459989,0.300459989,0.0,0.0,0.0,0.0,0.0,303.30563,0.0,0.0,-1.5707964,0.0
1970-01-01 00:00:00.300583496,0.300583496,0.0,509.10175,0.0,0.0,0.0,0.0,0.0,0.0,-1.5707964,0.0
1970-01-01 00:00:00.300626290,0.30062629,0.0,0.0,234.36667,0.0,0.0,0.0,0.0,0.0,-1.5707964,0.0
1970-01-01 00:00:00.300653742,0.300653742,0.0,0.0,651.71967,0.0,0.0,0.0,0.0,0.0,-1.5707964,0.0
1970-01-01 00:00:00.300801960,0.30080196,0.0,0.0,0.0,0.0,0.0,2722.1042,0.0,0.0,-1.5707964,0.0
1970-01-01 00:00:00.300867544,0.300867544,0.0,0.0,620.60284,0.0,0.0,0.0,0.0,0.0,-1.5707964,0.0
1970-01-01 00:00:00.301053200,0.3010532,0.0,0.0,0.0,0.0,0.0,494.114,0.0,0.0,-1.5707964,0.0
1970-01-01 00:00:00.301230513,0.301230513,0.0,0.0,0.0,0.0,0.0,104.970116,0.0,0.0,-1.5707964,0.0
1970-01-01 00:00:00.301264300,0.3012643,0.0,0.0,0.0,139.06374,0.0,0.0,0.0,0.0,-1.5707964,0.0
1970-01-01 00:00:00.301306892,0.301306892,0.0,0.0,0.0,0.0,0.0,670.097,0.0,0.0,-1.5707964,0.0
1970-01-01 00:00:00.301363492,0.301363492,0.0,0.0,0.0,0.0,1034.3458,0.0,0.0,0.0,-1.5707964,0.0
1970-01-01 00:00:00.301577712,0.301577712,0.0,0.0,0.0,1339.1027,0.0,0.0,0.0,0.0,-1.5707964,0.0
1970-01-01 00:00:00.301638541,0.301638541,0.0,0.0,0.0,0.0,0.0,457.3322,0.0,0.0,-1.5707964,0.0
1970-01-01 00:00:00.301743251,0.301743251,0.0,0.0,0.0,0.0,0.0,864.54395,0.0,0.0,-1.5707964,0.0
1970-01-01 00:00:00.301761668,0.301761668,0.0,0.0,0.0,0.0,0.0,236.43524,0.0,0.0,-1.5707964,0.0
1970-01-01 00:00:00.301781730,0.30178173,0.0,0.0,0.0,0.0,0.0,200.53795,0.0,0.0,-1.5707964,0.0
1970-01-01 00:00:00.302043419,0.302043419,0.0,0.0,0.0,0.0,0.0,92.50833,0.0,0.0,-1.5707964,0.0
1970-01-01 00:00:00.302176955,0.302176955,0.0,0.0,375.51013,0.0,0.0,0.0,0.0,0.0,-1.5707964,0.0
1970-01-01 00:00:00.302229477,0.302229477,0.0,0.0,0.0,0.0,0.0,82.33787,0.0,0.0,-1.5707964,0.0
1970-01-01 00:00:00.302268773,0.302268773,0.0,0.0,0.0,106.618065,0.0,0.0,0.0,0.0,-1.5707964,0.0
1970-01-01 00:00:00.302378173,0.302378173,0.0,0.0,0.0,500.0265,0.0,0.0,0.0,0.0,-1.5707964,0.0
1970-01-01 00:00:00.302390104,0.302390104,0.0,0.0,0.0,0.0,0.0,2261.4429,0.0,0.0,-1.5707964,0.0
1970-01-01 00:00:00.302390254,0.302390254,0.0,0.0,340.0046,0.0,0.0,0.0,0.0,0.0,-1.5707964,0.0
1970-01-01 00:00:00.302390254,0.302390254,0.0,0.0,0.0,0.0,0.0,191.3814,0.0,0.0,-1.5707964,0.0
1970-01-01 00:00:00.302454945,0.302454945,0.0,0.0,0.0,1141.2605,0.0,0.0,0.0,0.0,-1.5707964,0.0
1970-01-01 00:00:00.302494680,0.30249468,0.0,0.0,0.0,918.2869,0.0,0.0,0.0,0.0,-1.5707964,0.0
1970-01-01 00:00:00.302507475,0.302507475,0.0,0.0,0.0,0.0,0.0,132.95625,0.0,0.0,-1.5707964,0.0
1970-01-01 00:00:00.302523012,0.302523012,0.0,0.0,457.12463,0.0,0.0,0.0,0.0,0.0,-1.5707964,0.0
1970-01-01 00:00:00.302694419,0.302694419,0.0,0.0,0.0,0.0,226.44826,0.0,0.0,0.0,-1.5707964,0.0
1970-01-01 00:00:00.302771368,0.302771368,0.0,331.22144,0.0,0.0,0.0,0.0,0.0,0.0,-1.5707964,0.0
1970-01-01 00:00:00.302782504,0.302782504,0.0,0.0,0.0,0.0,0.0,406.78162,0.0,0.0,-1.5707964,0.0
1970-01-01 00:00:00.302867917,0.302867917,0.0,0.0,0.0,0.0,0.0,225.32846,0.0,0.0,-1.5707964,0.0
1970-01-01 00:00:00.302914910,0.30291491,0.0,0.0,526.1505,0.0,0.0,0.0,0.0,0.0,-1.5707964,0.0
1970-01-01 00:00:00.302979590,0.30297959,0.0,0.0,0.0,0.0,193.2677,0.0,0.0,0.0,-1.5707964,0.0
1970-01-01 00:00:00.303003776,0.303003776,0.0,0.0,0.0,0.0,751.98413,0.0,0.0,0.0,-1.5707964,0.0
1970-01-01 00:00:00.303156559,0.303156559,0.0,0.0,0.0,0.0,287.7442,0.0,0.0,0.0,-1.5707964,0.0
1970-01-01 00:00:00.303223205,0.303223205,0.0,0.0,393.47638,0.0,0.0,0.0,0.0,0.0,-1.5707964,0.0
1970-01-01 00:00:00.303398708,0.303398708,0.0,0.0,696.63617,0.0,0.0,0.0,0.0,0.0,-1.5707964,0.0
1970-01-01 00:00:00.303471912,0.303471912,0.0,0.0,0.0,571.8243,0.0,0.0,0.0,0.0,-1.5707964,0.0
1970-01-01 00:00:00.303603407,0.303603407,0.0,0.0,0.0,0.0,0.0,180.52519,0.0,0.0,-1.5707964,0.0
1970-01-01 00:00:00.303724015,0.303724015,0.0,0.0,0.0,959.4821,0.0,0.0,0.0,0.0,-1.5707964,0.0
1970-01-01 00:00:00.303756764,0.303756764,0.0,0.0,0.0,90.45508,0.0,0.0,0.0,0.0,-1.5707964,0.0
1970-01-01 00:00:00.303785083,0.303785083,0.0,0.0,0.0,0.0,0.0,172.62685,0.0,0.0,-1.5707964,0.0
1970-01-01 00:00:00.303834349,0.303834349,0.0,0.0,0.0,469.3469,0.0,0.0,0.0,0.0,-1.5707964,0.0
1970-01-01 00:00:00.303839267,0.303839267,0.0,0.0,543.20966,0.0,0.0,0.0,0.0,0.0,-1.5707964,0.0
1970-01-01 00:00:00.303918766,0.303918766,0.0,0.0,0.0,0.0,0.0,1081.0167,0.0,0.0,-1.5707964,0.0
1970-01-01 00:00:00.304029515,0.304029515,0.0,0.0,0.0,0.0,196.99199,0.0,0.0,0.0,-1.5707964,0.0
1970-01-01 00:00:00.304192847,0.304192847,356.0304,0.0,0.0,0.0,0.0,0.0,0.0,0.0,-1.5707964,0.0
1970-01-01 00:00:00.304215006,0.304215006,0.0,0.0,0.0,198.41092,0.0,0.0,0.0,0.0,-1.5707964,0.0
1970-01-01 00:00:00.304275790,0.30427579,0.0,0.0,0.0,0.0,0.0,347.55545,0.0,0.0,-1.5707964,0.0
1970-01-01 00:00:00.304312704,0.304312704,0.0,0.0,0.0,225.74564,0.0,0.0,0.0,0.0,-1.5707964,0.0
1970-01-01 00:00:00.304433208,0.304433208,0.0,0.0,2614.183,0.0,0.0,0.0,0.0,0.0,-1.5707964,0.0
1970-01-01 00:00:00.304458357,0.304458357,0.0,0.0,0.0,0.0,0.0,105.58634,0.0,0.0,-1.5707964,0.0
1970-01-01 00:00:00.304516417,0.304516417,0.0,0.0,0.0,276.08487,0.0,0.0,0.0,0.0,-1.5707964,0.0
1970-01-01 00:00:00.304622416,0.304622416,0.0,0.0,0.0,1156.2915,0.0,0.0,0.0,0.0,-1.5707964,0.0
1970-01-01 00:00:00.304724472,0.304724472,0.0,0.0,0.0,0.0,434.41043,0.0,0.0,0.0,-1.5707964,0.0
1970-01-01 00:00:00.304739952,0.304739952,0.0,0.0,0.0,0.0,1338.6259,0.0,0.0,0.0,-1.5707964,0.0
1970-01-01 00:00:00.304770744,0.304770744,0.0,0.0,0.0,241.63422,0.0,0.0,0.0,0.0,-1.5707964,0.0
1970-01-01 00:00:00.304803268,0.304803268,0.0,0.0,486.3344,0.0,0.0,0.0,0.0,0.0,-1.5707964,0.0
1970-01-01 00:00:00.304859114,0.304859114,0.0,2556.8047,0.0,0.0,0.0,0.0,0.0,0.0,-1.5707964,0.0
1970-01-01 00:00:00.304997086,0.304997086,0.0,0.0,0.0,0.0,0.0,675.7835,0.0,0.0,-1.5707964,0.0
1970-01-01 00:00:00.305090549,0.305090549,0.0,0.0,0.0,0.0,0.0,304.03757,0.0,0.0,-1.5707964,0.0
1970-01-01 00:00:00.305223459,0.305223459,0.0,0.0,0.0,0.0,0.0,802.2608,0.0,0.0,-1.5707964,0.0
1970-01-01 00:00:00.305230525,0.305230525,0.0,0.0,0.0,0.0,0.0,578.4236,0.0,0.0,-1.5707964,0.0
1970-01-01 00:00:00.305242825,0.305242825,0.0,0.0,0.0,145.19644,0.0,0.0,0.0,0.0,-1.5707964,0.0
1970-01-01 00:00:00.305283016,0.305283016,0.0,193.5077,0.0,0.0,0.0,0.0,0.0,0.0,-1.5707964,0.0
1970-01-01 00:00:00.305306910,0.30530691,0.0,0.0,351.75558,0.0,0.0,0.0,0.0,0.0,-1.5707964,0.0
1970-01-01 00:00:00.305370179,0.305370179,0.0,0.0,0.0,0.0,252.41234,0.0,0.0,0.0,-1.5707964,0.0
1970-01-01 00:00:00.305382772,0.305382772,0.0,0.0,237.71532,0.0,0.0,0.0,0.0,0.0,-1.5707964,0.0
1970-01-01 00:00:00.305436381,0.305436381,0.0,0.0,0.0,0.0,0.0,402.40726,0.0,0.0,-1.5707964,0.0
1970-01-01 00:00:00.305449222,0.305449222,0.0,0.0,0.0,0.0,286.65356,0.0,0.0,0.0,-1.5707964,0.0
1970-01-01 00:00:00.305487299,0.305487299,0.0,0.0,0.0,91.701996,0.0,0.0,0.0,0.0,-1.5707964,0.0
1970-01-01 00:00:00.305590069,0.305590069,0.0,0.0,0.0,0.0,0.0,423.23328,0.0,0.0,-1.5707964,0.0
1970-01-01 00:00:00.305655471,0.305655471,0.0,0.0,0.0,0.0,0.0,1096.1603,0.0,0.0,-1.5707964,0.0
1970-01-01 00:00:00.305738153,0.305738153,0.0,609.58636,0.0,0.0,0.0,0.0,0.0,0.0,-1.5707964,0.0
1970-01-01 00:00:00.305755312,0.305755312,0.0,0.0,0.0,89.701164,0.0,0.0,0.0,0.0,-1.5707964,0.0
1970-01-01 00:00:00.305763438,0.305763438,0.0,0.0,0.0,0.0,0.0,91.36667,0.0,0.0,-1.5707964,0.0
1970-01-01 00:00:00.305792395,0.305792395,0.0,0.0,0.0,136.42996,0.0,0.0,0.0,0.0,-1.5707964,0.0
1970-01-01 00:00:00.305795824,0.305795824,0.0,0.0,0.0,258.7877,0.0,0.0,0.0,0.0,-1.5707964,0.0
1970-01-01 00:00:00.305868887,0.305868887,0.0,0.0,414.63382,0.0,0.0,0.0,0.0,0.0,-1.5707964,0.0
1970-01-01 00:00:00.305869886,0.305869886,126.81037,0.0,0.0,0.0,0.0,0.0,0.0,0.0,-1.5707964,0.0
1970-01-01 00:00:00.305912994,0.305912994,0.0,0.0,0.0,0.0,0.0,107.983315,0.0,0.0,-1.5707964,0.0
1970-01-01 00:00:00.305970683,0.305970683,0.0,0.0,0.0,0.0,0.0,709.581,0.0,0.0,-1.5707964,0.0
1970-01-01 00:00:00.306046666,0.306046666,0.0,0.0,0.0,0.0,0.0,397.2582,0.0,0.0,-1.5707964,0.0
1970-01-01 00:00:00.306111547,0.306111547,0.0,0.0,0.0,0.0,345.44385,0.0,0.0,0.0,-1.5707964,0.0
1970-01-01 00:00:00.306144997,0.306144997,0.0,0.0,0.0,0.0,0.0,1018.91046,0.0,0.0,-1.5707964,0.0
1970-01-01 00:00:00.306159416,0.306159416,0.0,0.0,0.0,0.0,0.0,277.54147,0.0,0.0,-1.5707964,0.0
1970-01-01 00:00:00.306193551,0.306193551,0.0,0.0,0.0,0.0,0.0,349.2001,0.0,0.0,-1.5707964,0.0
1970-01-01 00:00:00.306270465,0.306270465,0.0,92.21234,0.0,0.0,0.0,0.0,0.0,0.0,-1.5707964,0.0
1970-01-01 00:00:00.306463778,0.306463778,0.0,0.0,0.0,0.0,0.0,690.9861,0.0,0.0,-1.5707964,0.0
1970-01-01 00:00:00.306522249,0.306522249,0.0,0.0,0.0,834.03766,0.0,0.0,0.0,0.0,-1.5707964,0.0
1970-01-01 00:00:00.306563378,0.306563378,0.0,0.0,0.0,0.0,0.0,771.96326,0.0,0.0,-1.5707964,0.0
1970-01-01 00:00:00.306587366,0.306587366,0.0,0.0,0.0,0.0,0.0,248.14328,0.0,0.0,-1.5707964,0.0
1970-01-01 00:00:00.306622999,0.306622999,0.0,0.0,284.5843,0.0,0.0,0.0,0.0,0.0,-1.5707964,0.0
1970-01-01 00:00:00.306661465,0.306661465,0.0,0.0,0.0,146.62502,0.0,0.0,0.0,0.0,-1.5707964,0.0
1970-01-01 00:00:00.306722027,0.306722027,0.0,206.11847,0.0,0.0,0.0,0.0,0.0,0.0,-1.5707964,0.0
1970-01-01 00:00:00.306746179,0.306746179,223.77927,0.0,0.0,0.0,0.0,0.0,0.0,0.0,-1.5707964,0.0
1970-01-01 00:00:00.306757339,0.306757339,0.0,0.0,306.40698,0.0,0.0,0.0,0.0,0.0,-1.5707964,0.0
1970-01-01 00:00:00.306911916,0.306911916,228.80507,0.0,0.0,0.0,0.0,0.0,0.0,0.0,-1.5707964,0.0
1970-01-01 00:00:00.307043136,0.307043136,0.0,0.0,0.0,0.0,0.0,756.7661,0.0,0.0,-1.5707964,0.0
1970-01-01 00:00:00.307139157,0.307139157,0.0,0.0,0.0,258.0473,0.0,0.0,0.0,0.0,-1.5707964,0.0
1970-01-01 00:00:00.307192232,0.307192232,0.0,0.0,0.0,0.0,0.0,472.45367,0.0,0.0,-1.5707964,0.0
1970-01-01 00:00:00.307271342,0.307271342,0.0,0.0,0.0,382.67188,0.0,0.0,0.0,0.0,-1.5707964,0.0
1970-01-01 00:00:00.307361306,0.307361306,0.0,0.0,0.0,0.0,1080.558,0.0,0.0,0.0,-1.5707964,0.0
1970-01-01 00:00:00.307380965,0.307380965,0.0,0.0,0.0,0.0,159.12201,0.0,0.0,0.0,-1.5707964,0.0
1970-01-01 00:00:00.307390925,0.307390925,0.0,0.0,0.0,0.0,0.0,366.34747,0.0,0.0,-1.5707964,0.0
1970-01-01 00:00:00.307402847,0.307402847,0.0,0.0,0.0,0.0,0.0,134.3327,0.0,0.0,-1.5707964,0.0
1970-01-01 00:00:00.307423620,0.30742362,0.0,0.0,264.4966,0.0,0.0,0.0,0.0,0.0,-1.5707964,0.0
1970-01-01 00:00:00.307482031,0.307482031,0.0,286.28177,0.0,0.0,0.0,0.0,0.0,0.0,-1.5707964,0.0
1970-01-01 00:00:00.307482031,0.307482031,0.0,0.0,0.0,580.0372,0.0,0.0,0.0,0.0,-1.5707964,0.0
1970-01-01 00:00:00.307739536,0.307739536,0.0,0.0,0.0,0.0,0.0,287.34708,0.0,0.0,-1.5707964,0.0
1970-01-01 00:00:00.307740786,0.307740786,0.0,0.0,0.0,0.0,0.0,296.40323,0.0,0.0,-1.5707964,0.0
1970-01-01 00:00:00.307741151,0.307741151,0.0,0.0,0.0,0.0,0.0,315.9817,0.0,0.0,-1.5707964,0.0
1970-01-01 00:00:00.307970608,0.307970608,0.0,0.0,0.0,0.0,0.0,1325.5354,0.0,0.0,-1.5707964,0.0
1970-01-01 00:00:00.308005180,0.30800518,0.0,0.0,0.0,0.0,899.02026,0.0,0.0,0.0,-1.5707964,0.0
1970-01-01 00:00:00.308246423,0.308246423,0.0,0.0,787.26227,0.0,0.0,0.0,0.0,0.0,-1.5707964,0.0
1970-01-01 00:00:00.308413114,0.308413114,0.0,0.0,855.0136,0.0,0.0,0.0,0.0,0.0,-1.5707964,0.0
1970-01-01 00:00:00.308443444,0.308443444,0.0,0.0,0.0,0.0,0.0,555.5631,0.0,0.0,-1.5707964,0.0
1970-01-01 00:00:00.308547482,0.308547482,0.0,0.0,0.0,0.0,192.33894,0.0,0.0,0.0,-1.5707964,0.0
1970-01-01 00:00:00.308555795,0.308555795,0.0,0.0,0.0,0.0,138.54292,0.0,0.0,0.0,-1.5707964,0.0
1970-01-01 00:00:00.308622110,0.30862211,0.0,0.0,0.0,0.0,0.0,1025.2128,0.0,0.0,-1.5707964,0.0
1970-01-01 00:00:00.308665957,0.308665957,0.0,0.0,3170.0876,0.0,0.0,0.0,0.0,0.0,-1.5707964,0.0
1970-01-01 00:00:00.308770990,0.30877099,0.0,0.0,0.0,0.0,0.0,965.76294,0.0,0.0,-1.5707964,0.0
1970-01-01 00:00:00.308911731,0.308911731,0.0,0.0,0.0,0.0,0.0,239.50287,0.0,0.0,-1.5707964,0.0
1970-01-01 00:00:00.309047118,0.309047118,0.0,0.0,0.0,0.0,0.0,538.1475,0.0,0.0,-1.5707964,0.0
1970-01-01 00:00:00.309103104,0.309103104,0.0,0.0,0.0,132.75407,0.0,0.0,0.0,0.0,-1.5707964,0.0
1970-01-01 00:00:00.309132661,0.309132661,0.0,0.0,0.0,0.0,0.0,631.22394,0.0,0.0,-1.5707964,0.0
1970-01-01 00:00:00.309171673,0.309171673,0.0,0.0,0.0,0.0,0.0,1103.7874,0.0,0.0,-1.5707964,0.0
1970-01-01 00:00:00.309309993,0.309309993,0.0,0.0,0.0,0.0,0.0,151.62805,0.0,0.0,-1.5707964,0.0
1970-01-01 00:00:00.309312168,0.309312168,0.0,0.0,0.0,0.0,187.2985,0.0,0.0,0.0,-1.5707964,0.0
1970-01-01 00:00:00.309390319,0.309390319,0.0,0.0,0.0,0.0,151.87065,0.0,0.0,0.0,-1.5707964,0.0
1970-01-01 00:00:00.309426745,0.309426745,0.0,0.0,181.11023,0.0,0.0,0.0,0.0,0.0,-1.5707964,0.0
1970-01-01 00:00:00.309557595,0.309557595,381.7945,0.0,0.0,0.0,0.0,0.0,0.0,0.0,-1.5707964,0.0
1970-01-01 00:00:00.309606358,0.309606358,0.0,0.0,323.72232,0.0,0.0,0.0,0.0,0.0,-1.5707964,0.0
1970-01-01 00:00:00.309631613,0.309631613,0.0,0.0,0.0,256.5295,0.0,0.0,0.0,0.0,-1.5707964,0.0
1970-01-01 00:00:00.309644123,0.309644123,0.0,0.0,0.0,245.43301,0.0,0.0,0.0,0.0,-1.5707964,0.0
1970-01-01 00:00:00.309647193,0.309647193,0.0,0.0,0.0,0.0,213.10864,0.0,0.0,0.0,-1.5707964,0.0
1970-01-01 00:00:00.309723850,0.30972385,0.0,0.0,0.0,0.0,0.0,548.4003,0.0,0.0,-1.5707964,0.0
1970-01-01 00:00:00.309728375,0.309728375,0.0,0.0,0.0,0.0,0.0,744.85443,0.0,0.0,-1.5707964,0.0
1970-01-01 00:00:00.309802457,0.309802457,0.0,0.0,0.0,0.0,0.0,1750.6859,0.0,0.0,-1.5707964,0.0
1970-01-01 00:00:00.310159663,0.310159663,0.0,0.0,0.0,0.0,0.0,88.5549,0.0,0.0,-1.5707964,0.0
1970-01-01 00:00:00.310240039,0.310240039,0.0,0.0,0.0,0.0,0.0,134.45378,0.0,0.0,-1.5707964,0.0
1970-01-01 00:00:00.310342823,0.310342823,0.0,0.0,0.0,0.0,0.0,124.78869,0.0,0.0,-1.5707964,0.0
1970-01-01 00:00:00.310387679,0.310387679,0.0,91.365234,0.0,0.0,0.0,0.0,0.0,0.0,-1.5707964,0.0
1970-01-01 00:00:00.310391163,0.310391163,0.0,0.0,0.0,1029.1731,0.0,0.0,0.0,0.0,-1.5707964,0.0
1970-01-01 00:00:00.310573115,0.310573115,0.0,0.0,0.0,0.0,0.0,206.31447,0.0,0.0,-1.5707964,0.0
1970-01-01 00:00:00.310621270,0.31062127,0.0,0.0,0.0,272.4137,0.0,0.0,0.0,0.0,-1.5707964,0.0
1970-01-01 00:00:00.310636567,0.310636567,0.0,0.0,0.0,0.0,0.0,124.58973,0.0,0.0,-1.5707964,0.0
1970-01-01 00:00:00.310687777,0.310687777,0.0,0.0,0.0,451.99493,0.0,0.0,0.0,0.0,-1.5707964,0.0
1970-01-01 00:00:00.310714530,0.31071453,0.0,0.0,0.0,113.61542,0.0,0.0,0.0,0.0,-1.5707964,0.0
1970-01-01 00:00:00.310721173,0.310721173,1590.3256,0.0,0.0,0.0,0.0,0.0,0.0,0.0,-1.5707964,0.0
1970-01-01 00:00:00.310747024,0.310747024,0.0,0.0,0.0,337.39636,0.0,0.0,0.0,0.0,-1.5707964,0.0
1970-01-01 00:00:00.310810501,0.310810501,0.0,0.0,0.0,0.0,0.0,356.01462,0.0,0.0,-1.5707964,0.0
1970-01-01 00:00:00.310814326,0.310814326,0.0,0.0,0.0,0.0,0.0,559.16406,0.0,0.0,-1.5707964,0.0
1970-01-01 00:00:00.310843075,0.310843075,0.0,0.0,0.0,0.0,0.0,387.91135,0.0,0.0,-1.5707964,0.0
1970-01-01 00:00:00.310905171,0.310905171,0.0,0.0,0.0,1098.0537,0.0,0.0,0.0,0.0,-1.5707964,0.0
1970-01-01 00:00:00.310941972,0.310941972,0.0,0.0,0.0,261.0178,0.0,0.0,0.0,0.0,-1.5707964,0.0
1970-01-01 00:00:00.310942620,0.31094262,0.0,0.0,0.0,0.0,0.0,361.52615,0.0,0.0,-1.5707964,0.0
1970-01-01 00:00:00.311147460,0.31114746,0.0,0.0,0.0,192.38951,0.0,0.0,0.0,0.0,-1.5707964,0.0
1970-01-01 00:00:00.311149096,0.311149096,0.0,0.0,0.0,0.0,409.1933,0.0,0.0,0.0,-1.5707964,0.0
1970-01-01 00:00:00.311187850,0.31118785,0.0,0.0,0.0,0.0,0.0,113.8267,0.0,0.0,-1.5707964,0.0
1970-01-01 00:00:00.311319595,0.311319595,0.0,0.0,0.0,0.0,0.0,361.12018,0.0,0.0,-1.5707964,0.0
1970-01-01 00:00:00.311326810,0.31132681,0.0,0.0,0.0,0.0,0.0,327.33765,0.0,0.0,-1.5707964,0.0
1970-01-01 00:00:00.311370905,0.311370905,0.0,0.0,0.0,376.57663,0.0,0.0,0.0,0.0,-1.5707964,0.0
1970-01-01 00:00:00.311393057,0.311393057,0.0,0.0,0.0,0.0,0.0,179.12375,0.0,0.0,-1.5707964,0.0
1970-01-01 00:00:00.311414673,0.311414673,0.0,0.0,0.0,96.61136,0.0,0.0,0.0,0.0,-1.5707964,0.0
1970-01-01 00:00:00.311431006,0.311431006,0.0,0.0,0.0,0.0,0.0,401.32968,0.0,0.0,-1.5707964,0.0
1970-01-01 00:00:00.311499504,0.311499504,723.8246,0.0,0.0,0.0,0.0,0.0,0.0,0.0,-1.5707964,0.0
1970-01-01 00:00:00.311558783,0.311558783,0.0,0.0,0.0,0.0,0.0,501.63788,0.0,0.0,-1.5707964,0.0
1970-01-01 00:00:00.311573809,0.311573809,0.0,0.0,483.1812,0.0,0.0,0.0,0.0,0.0,-1.5707964,0.0
1970-01-01 00:00:00.311646108,0.311646108,0.0,0.0,0.0,0.0,0.0,1393.323,0.0,0.0,-1.5707964,0.0
1970-01-01 00:00:00.311673988,0.311673988,0.0,0.0,174.0115,0.0,0.0,0.0,0.0,0.0,-1.5707964,0.0
1970-01-01 00:00:00.311722509,0.311722509,0.0,0.0,0.0,0.0,3606.3535,0.0,0.0,0.0,-1.5707964,0.0
1970-01-01 00:00:00.311837275,0.311837275,0.0,0.0,0.0,113.087006,0.0,0.0,0.0,0.0,-1.5707964,0.0
1970-01-01 00:00:00.311899737,0.311899737,0.0,0.0,0.0,0.0,218.92262,0.0,0.0,0.0,-1.5707964,0.0
1970-01-01 00:00:00.311951503,0.311951503,0.0,0.0,421.47495,0.0,0.0,0.0,0.0,0.0,-1.5707964,0.0
1970-01-01 00:00:00.312001291,0.312001291,0.0,0.0,0.0,0.0,441.92804,0.0,0.0,0.0,-1.5707964,0.0
1970-01-01 00:00:00.312124632,0.312124632,0.0,0.0,0.0,0.0,0.0,447.31287,0.0,0.0,-1.5707964,0.0
1970-01-01 00:00:00.312181014,0.312181014,0.0,0.0,0.0,146.1693,0.0,0.0,0.0,0.0,-1.5707964,0.0
1970-01-01 00:00:00.312181954,0.312181954,0.0,0.0,0.0,229.60251,0.0,0.0,0.0,0.0,-1.5707964,0.0
1970-01-01 00:00:00.312384373,0.312384373,0.0,0.0,0.0,134.80011,0.0,0.0,0.0,0.0,-1.5707964,0.0
1970-01-01 00:00:00.312427385,0.312427385,0.0,0.0,0.0,0.0,0.0,85.09303,0.0,0.0,-1.5707964,0.0
1970-01-01 00:00:00.312469488,0.312469488,0.0,0.0,0.0,0.0,0.0,590.9762,0.0,0.0,-1.5707964,0.0
1970-01-01 00:00:00.312496514,0.312496514,0.0,341.3499,0.0,0.0,0.0,0.0,0.0,0.0,-1.5707964,0.0
1970-01-01 00:00:00.312608404,0.312608404,0.0,0.0,0.0,0.0,0.0,308.1482,0.0,0.0,-1.5707964,0.0
1970-01-01 00:00:00.312657539,0.312657539,0.0,0.0,0.0,0.0,0.0,150.02753,0.0,0.0,-1.5707964,0.0
1970-01-01 00:00:00.312678904,0.312678904,0.0,0.0,266.6609,0.0,0.0,0.0,0.0,0.0,-1.5707964,0.0
1970-01-01 00:00:00.312693191,0.312693191,0.0,177.98648,0.0,0.0,0.0,0.0,0.0,0.0,-1.5707964,0.0
1970-01-01 00:00:00.312807686,0.312807686,0.0,0.0,0.0,0.0,0.0,472.43805,0.0,0.0,-1.5707964,0.0
1970-01-01 00:00:00.312850660,0.31285066,0.0,0.0,168.76738,0.0,0.0,0.0,0.0,0.0,-1.5707964,0.0
1970-01-01 00:00:00.312939353,0.312939353,0.0,0.0,0.0,0.0,227.41403,0.0,0.0,0.0,-1.5707964,0.0
1970-01-01 00:00:00.312987367,0.312987367,0.0,0.0,0.0,585.81665,0.0,0.0,0.0,0.0,-1.5707964,0.0
1970-01-01 00:00:00.312987367,0.312987367,0.0,0.0,0.0,0.0,0.0,1655.2994,0.0,0.0,-1.5707964,0.0
1970-01-01 00:00:00.313253022,0.313253022,0.0,0.0,0.0,0.0,0.0,133.02052,0.0,0.0,-1.5707964,0.0
1970-01-01 00:00:00.313275489,0.313275489,0.0,0.0,0.0,0.0,224.71945,0.0,0.0,0.0,-1.5707964,0.0
1970-01-01 00:00:00.313388433,0.313388433,0.0,0.0,0.0,0.0,0.0,213.98285,0.0,0.0,-1.5707964,0.0
1970-01-01 00:00:00.313658805,0.313658805,0.0,0.0,0.0,0.0,92.2132,0.0,0.0,0.0,-1.5707964,0.0
1970-01-01 00:00:00.313790528,0.313790528,0.0,0.0,0.0,1481.6923,0.0,0.0,0.0,0.0,-1.5707964,0.0
1970-01-01 00:00:00.313795192,0.313795192,0.0,0.0,0.0,2879.4026,0.0,0.0,0.0,0.0,-1.5707964,0.0
1970-01-01 00:00:00.313871814,0.313871814,0.0,0.0,0.0,226.38007,0.0,0.0,0.0,0.0,-1.5707964,0.0
1970-01-01 00:00:00.313921514,0.313921514,0.0,0.0,744.92145,0.0,0.0,0.0,0.0,0.0,-1.5707964,0.0
1970-01-01 00:00:00.314008146,0.314008146,0.0,0.0,269.04718,0.0,0.0,0.0,0.0,0.0,-1.5707964,0.0
1970-01-01 00:00:00.314096254,0.314096254,0.0,0.0,0.0,0.0,0.0,187.70132,0.0,0.0,-1.5707964,0.0
1970-01-01 00:00:00.314150633,0.314150633,0.0,0.0,0.0,902.2682,0.0,0.0,0.0,0.0,-1.5707964,0.0
1970-01-01 00:00:00.314190296,0.314190296,0.0,0.0,0.0,0.0,0.0,80.315445,0.0,0.0,-1.5707964,0.0
1970-01-01 00:00:00.314253960,0.31425396,0.0,0.0,0.0,319.5886,0.0,0.0,0.0,0.0,-1.5707964,0.0
1970-01-01 00:00:00.314322225,0.314322225,0.0,0.0,0.0,0.0,0.0,568.97394,0.0,0.0,-1.5707964,0.0
1970-01-01 00:00:00.314495758,0.314495758,85.843834,0.0,0.0,0.0,0.0,0.0,0.0,0.0,-1.5707964,0.0
1970-01-01 00:00:00.314495758,0.314495758,85.4854,0.0,0.0,0.0,0.0,0.0,0.0,0.0,-1.5707964,0.0
1970-01-01 00:00:00.314495758,0.314495758,0.0,0.0,0.0,0.0,245.72557,0.0,0.0,0.0,-1.5707964,0.0
1970-01-01 00:00:00.314619964,0.314619964,406.02405,0.0,0.0,0.0,0.0,0.0,0.0,0.0,-1.5707964,0.0
1970-01-01 00:00:00.314622235,0.314622235,0.0,0.0,0.0,0.0,0.0,510.1383,0.0,0.0,-1.5707964,0.0
1970-01-01 00:00:00.314686527,0.314686527,1182.868,0.0,0.0,0.0,0.0,0.0,0.0,0.0,-1.5707964,0.0
1970-01-01 00:00:00.314778846,0.314778846,0.0,0.0,0.0,0.0,0.0,298.003,0.0,0.0,-1.5707964,0.0
1970-01-01 00:00:00.314785632,0.314785632,160.85887,0.0,0.0,0.0,0.0,0.0,0.0,0.0,-1.5707964,0.0
1970-01-01 00:00:00.314788509,0.314788509,165.60556,0.0,0.0,0.0,0.0,0.0,0.0,0.0,-1.5707964,0.0
1970-01-01 00:00:00.314801517,0.314801517,0.0,0.0,102.96351,0.0,0.0,0.0,0.0,0.0,-1.5707964,0.0
1970-01-01 00:00:00.314802454,0.314802454,0.0,0.0,0.0,355.02606,0.0,0.0,0.0,0.0,-1.5707964,0.0
1970-01-01 00:00:00.314804830,0.31480483,0.0,0.0,0.0,0.0,0.0,107.88565,0.0,0.0,-1.5707964,0.0
1970-01-01 00:00:00.314976764,0.314976764,613.9151,0.0,0.0,0.0,0.0,0.0,0.0,0.0,-1.5707964,0.0
1970-01-01 00:00:00.314976764,0.314976764,1570.8207,0.0,0.0,0.0,0.0,0.0,0.0,0.0,-1.5707964,0.0
1970-01-01 00:00:00.315272461,0.315272461,0.0,0.0,0.0,220.4596,0.0,0.0,0.0,0.0,-1.5707964,0.0
1970-01-01 00:00:00.315356088,0.315356088,0.0,0.0,0.0,0.0,0.0,184.41177,0.0,0.0,-1.5707964,0.0
1970-01-01 00:00:00.315482671,0.315482671,0.0,0.0,0.0,0.0,0.0,130.66623,0.0,0.0,-1.5707964,0.0
1970-01-01 00:00:00.315501030,0.31550103,0.0,0.0,438.72275,0.0,0.0,0.0,0.0,0.0,-1.5707964,0.0
1970-01-01 00:00:00.315526650,0.31552665,0.0,0.0,0.0,0.0,0.0,2411.4583,0.0,0.0,-1.5707964,0.0
1970-01-01 00:00:00.315572948,0.315572948,0.0,0.0,0.0,148.36281,0.0,0.0,0.0,0.0,-1.5707964,0.0
1970-01-01 00:00:00.315603998,0.315603998,0.0,0.0,0.0,0.0,0.0,232.7645,0.0,0.0,-1.5707964,0.0
1970-01-01 00:00:00.315814839,0.315814839,0.0,0.0,0.0,686.88477,0.0,0.0,0.0,0.0,-1.5707964,0.0
1970-01-01 00:00:00.315904486,0.315904486,0.0,0.0,0.0,0.0,0.0,499.44836,0.0,0.0,-1.5707964,0.0
1970-01-01 00:00:00.315939176,0.315939176,0.0,0.0,0.0,829.4428,0.0,0.0,0.0,0.0,-1.5707964,0.0
1970-01-01 00:00:00.315940140,0.31594014,0.0,319.1475,0.0,0.0,0.0,0.0,0.0,0.0,-1.5707964,0.0
1970-01-01 00:00:00.316020817,0.316020817,0.0,0.0,0.0,132.19966,0.0,0.0,0.0,0.0,-1.5707964,0.0
1970-01-01 00:00:00.316087700,0.3160877,0.0,0.0,171.33023,0.0,0.0,0.0,0.0,0.0,-1.5707964,0.0
1970-01-01 00:00:00.316097449,0.316097449,0.0,0.0,314.31482,0.0,0.0,0.0,0.0,0.0,-1.5707964,0.0
1970-01-01 00:00:00.316428580,0.31642858,0.0,0.0,0.0,0.0,0.0,1696.3429,0.0,0.0,-1.5707964,0.0
1970-01-01 00:00:00.316441829,0.316441829,0.0,0.0,0.0,0.0,0.0,361.07483,0.0,0.0,-1.5707964,0.0
1970-01-01 00:00:00.316687895,0.316687895,0.0,0.0,0.0,0.0,0.0,583.8809,0.0,0.0,-1.5707964,0.0
1970-01-01 00:00:00.316877659,0.316877659,0.0,0.0,967.5272,0.0,0.0,0.0,0.0,0.0,-1.5707964,0.0
1970-01-01 00:00:00.316975727,0.316975727,0.0,0.0,0.0,86.53207,0.0,0.0,0.0,0.0,-1.5707964,0.0
1970-01-01 00:00:00.317015421,0.317015421,0.0,0.0,0.0,0.0,0.0,912.8648,0.0,0.0,-1.5707964,0.0
1970-01-01 00:00:00.317077308,0.317077308,0.0,0.0,169.85489,0.0,0.0,0.0,0.0,0.0,-1.5707964,0.0
1970-01-01 00:00:00.317143081,0.317143081,0.0,143.50114,0.0,0.0,0.0,0.0,0.0,0.0,-1.5707964,0.0
1970-01-01 00:00:00.317166695,0.317166695,0.0,0.0,1689.5712,0.0,0.0,0.0,0.0,0.0,-1.5707964,0.0
1970-01-01 00:00:00.317235881,0.317235881,0.0,0.0,0.0,0.0,0.0,94.59386,0.0,0.0,-1.5707964,0.0
1970-01-01 00:00:00.317447805,0.317447805,0.0,0.0,0.0,806.7543,0.0,0.0,0.0,0.0,-1.5707964,0.0
1970-01-01 00:00:00.317463675,0.317463675,0.0,0.0,226.27057,0.0,0.0,0.0,0.0,0.0,-1.5707964,0.0
1970-01-01 00:00:00.317486548,0.317486548,0.0,0.0,0.0,254.36963,0.0,0.0,0.0,0.0,-1.5707964,0.0
1970-01-01 00:00:00.317486548,0.317486548,0.0,0.0,0.0,0.0,0.0,882.70013,0.0,0.0,-1.5707964,0.0
1970-01-01 00:00:00.317507669,0.317507669,0.0,0.0,229.15657,0.0,0.0,0.0,0.0,0.0,-1.5707964,0.0
1970-01-01 00:00:00.317518753,0.317518753,0.0,454.75156,0.0,0.0,0.0,0.0,0.0,0.0,-1.5707964,0.0
1970-01-01 00:00:00.317691857,0.317691857,0.0,250.58081,0.0,0.0,0.0,0.0,0.0,0.0,-1.5707964,0.0
1970-01-01 00:00:00.317749516,0.317749516,0.0,0.0,0.0,380.2447,0.0,0.0,0.0,0.0,-1.5707964,0.0
1970-01-01 00:00:00.317772393,0.317772393,0.0,0.0,0.0,0.0,1800.885,0.0,0.0,0.0,-1.5707964,0.0
1970-01-01 00:00:00.317776432,0.317776432,0.0,550.2024,0.0,0.0,0.0,0.0,0.0,0.0,-1.5707964,0.0
1970-01-01 00:00:00.318029734,0.318029734,0.0,0.0,0.0,0.0,0.0,298.80417,0.0,0.0,-1.5707964,0.0
1970-01-01 00:00:00.318055518,0.318055518,0.0,0.0,0.0,489.6857,0.0,0.0,0.0,0.0,-1.5707964,0.0
1970-01-01 00:00:00.318098958,0.318098958,0.0,0.0,0.0,0.0,0.0,682.696,0.0,0.0,-1.5707964,0.0
1970-01-01 00:00:00.318173916,0.318173916,0.0,0.0,0.0,0.0,0.0,92.9811,0.0,0.0,-1.5707964,0.0
1970-01-01 00:00:00.318176613,0.318176613,0.0,0.0,0.0,0.0,197.93001,0.0,0.0,0.0,-1.5707964,0.0
1970-01-01 00:00:00.318193664,0.318193664,0.0,3804.6965,0.0,0.0,0.0,0.0,0.0,0.0,-1.5707964,0.0
1970-01-01 00:00:00.318289271,0.318289271,0.0,0.0,146.03073,0.0,0.0,0.0,0.0,0.0,-1.5707964,0.0
1970-01-01 00:00:00.318335211,0.318335211,103.53103,0.0,0.0,0.0,0.0,0.0,0.0,0.0,-1.5707964,0.0
1970-01-01 00:00:00.318425114,0.318425114,0.0,0.0,0.0,0.0,0.0,594.82416,0.0,0.0,-1.5707964,0.0
1970-01-01 00:00:00.318527711,0.318527711,0.0,0.0,0.0,2127.04,0.0,0.0,0.0,0.0,-1.5707964,0.0
1970-01-01 00:00:00.318578166,0.318578166,0.0,0.0,0.0,0.0,0.0,847.841,0.0,0.0,-1.5707964,0.0
1970-01-01 00:00:00.318705656,0.318705656,0.0,0.0,0.0,0.0,0.0,169.44048,0.0,0.0,-1.5707964,0.0
1970-01-01 00:00:00.318728359,0.318728359,0.0,0.0,0.0,0.0,0.0,754.1186,0.0,0.0,-1.5707964,0.0
1970-01-01 00:00:00.318873725,0.318873725,0.0,0.0,0.0,0.0,0.0,859.9135,0.0,0.0,-1.5707964,0.0
1970-01-01 00:00:00.319040241,0.319040241,0.0,0.0,0.0,1509.3186,0.0,0.0,0.0,0.0,-1.5707964,0.0
1970-01-01 00:00:00.319054464,0.319054464,95.99626,0.0,0.0,0.0,0.0,0.0,0.0,0.0,-1.5707964,0.0
1970-01-01 00:00:00.319076871,0.319076871,0.0,0.0,0.0,0.0,0.0,680.094,0.0,0.0,-1.5707964,0.0
1970-01-01 00:00:00.319129662,0.319129662,473.2647,0.0,0.0,0.0,0.0,0.0,0.0,0.0,-1.5707964,0.0
1970-01-01 00:00:00.319131253,0.319131253,0.0,0.0,0.0,0.0,0.0,124.24087,0.0,0.0,-1.5707964,0.0
1970-01-01 00:00:00.319144326,0.319144326,0.0,0.0,0.0,0.0,0.0,321.88928,0.0,0.0,-1.5707964,0.0
1970-01-01 00:00:00.319150012,0.319150012,0.0,0.0,563.8812,0.0,0.0,0.0,0.0,0.0,-1.5707964,0.0
1970-01-01 00:00:00.319159897,0.319159897,0.0,0.0,0.0,0.0,223.2388,0.0,0.0,0.0,-1.5707964,0.0
1970-01-01 00:00:00.319227887,0.319227887,0.0,0.0,0.0,0.0,0.0,561.95776,0.0,0.0,-1.5707964,0.0
1970-01-01 00:00:00.319229893,0.319229893,109.2529,0.0,0.0,0.0,0.0,0.0,0.0,0.0,-1.5707964,0.0
1970-01-01 00:00:00.319254457,0.319254457,689.32336,0.0,0.0,0.0,0.0,0.0,0.0,0.0,-1.5707964,0.0
1970-01-01 00:00:00.319264259,0.319264259,0.0,0.0,0.0,0.0,0.0,244.51741,0.0,0.0,-1.5707964,0.0
1970-01-01 00:00:00.319492542,0.319492542,0.0,0.0,0.0,98.85793,0.0,0.0,0.0,0.0,-1.5707964,0.0
1970-01-01 00:00:00.319521152,0.319521152,0.0,0.0,0.0,0.0,0.0,388.95325,0.0,0.0,-1.5707964,0.0
1970-01-01 00:00:00.319549873,0.319549873,0.0,0.0,0.0,215.0034,0.0,0.0,0.0,0.0,-1.5707964,0.0
1970-01-01 00:00:00.319648544,0.319648544,0.0,0.0,0.0,0.0,476.94775,0.0,0.0,0.0,-1.5707964,0.0
1970-01-01 00:00:00.319650527,0.319650527,0.0,0.0,0.0,0.0,0.0,152.25519,0.0,0.0,-1.5707964,0.0
1970-01-01 00:00:00.319705655,0.319705655,0.0,0.0,0.0,0.0,88.73025,0.0,0.0,0.0,-1.5707964,0.0
1970-01-01 00:00:00.319842948,0.319842948,158.6981,0.0,0.0,0.0,0.0,0.0,0.0,0.0,-1.5707964,0.0
1970-01-01 00:00:00.319909564,0.319909564,0.0,0.0,0.0,0.0,0.0,89.552025,0.0,0.0,-1.5707964,0.0
1970-01-01 00:00:00.319917797,0.319917797,0.0,0.0,0.0,0.0,0.0,491.839,0.0,0.0,-1.5707964,0.0
1970-01-01 00:00:00.319927058,0.319927058,0.0,0.0,0.0,328.45673,0.0,0.0,0.0,0.0,-1.5707964,0.0
1970-01-01 00:00:00.319933183,0.319933183,0.0,0.0,0.0,0.0,276.32468,0.0,0.0,0.0,-1.5707964,0.0
1970-01-01 00:00:00.320088057,0.320088057,0.0,0.0,162.52727,0.0,0.0,0.0,0.0,0.0,-1.5707964,0.0
1970-01-01 00:00:00.320250836,0.320250836,0.0,81.64537,0.0,0.0,0.0,0.0,0.0,0.0,-1.5707964,0.0
1970-01-01 00:00:00.320305960,0.32030596,0.0,0.0,0.0,0.0,0.0,509.35483,0.0,0.0,-1.5707964,0.0
1970-01-01 00:00:00.320319820,0.32031982,0.0,0.0,0.0,0.0,0.0,268.0646,0.0,0.0,-1.5707964,0.0
1970-01-01 00:00:00.320355846,0.320355846,0.0,0.0,0.0,0.0,0.0,1762.2572,0.0,0.0,-1.5707964,0.0
1970-01-01 00:00:00.320487950,0.32048795,0.0,99.53809,0.0,0.0,0.0,0.0,0.0,0.0,-1.5707964,0.0
1970-01-01 00:00:00.320619973,0.320619973,0.0,0.0,192.14409,0.0,0.0,0.0,0.0,0.0,-1.5707964,0.0
1970-01-01 00:00:00.320620023,0.320620023,0.0,0.0,0.0,0.0,0.0,182.80295,0.0,0.0,-1.5707964,0.0
1970-01-01 00:00:00.320677251,0.320677251,0.0,0.0,0.0,183.21704,0.0,0.0,0.0,0.0,-1.5707964,0.0
1970-01-01 00:00:00.320694708,0.320694708,0.0,0.0,0.0,0.0,0.0,318.3601,0.0,0.0,-1.5707964,0.0
1970-01-01 00:00:00.320790487,0.320790487,0.0,0.0,0.0,0.0,0.0,695.0725,0.0,0.0,-1.5707964,0.0
1970-01-01 00:00:00.320876583,0.320876583,0.0,0.0,0.0,0.0,1005.2419,0.0,0.0,0.0,-1.5707964,0.0
1970-01-01 00:00:00.320905577,0.320905577,189.14879,0.0,0.0,0.0,0.0,0.0,0.0,0.0,-1.5707964,0.0
1970-01-01 00:00:00.320971547,0.320971547,271.68735,0.0,0.0,0.0,0.0,0.0,0.0,0.0,-1.5707964,0.0
1970-01-01 00:00:00.321310833,0.321310833,0.0,0.0,0.0,198.48575,0.0,0.0,0.0,0.0,-1.5707964,0.0
1970-01-01 00:00:00.321330069,0.321330069,0.0,0.0,0.0,0.0,0.0,169.87773,0.0,0.0,-1.5707964,0.0
1970-01-01 00:00:00.321407871,0.321407871,0.0,0.0,0.0,0.0,0.0,334.28458,0.0,0.0,-1.5707964,0.0
1970-01-01 00:00:00.321421142,0.321421142,0.0,0.0,0.0,0.0,0.0,80.26666,0.0,0.0,-1.5707964,0.0
1970-01-01 00:00:00.321449364,0.321449364,0.0,0.0,0.0,0.0,0.0,225.08142,0.0,0.0,-1.5707964,0.0
1970-01-01 00:00:00.321477274,0.321477274,0.0,0.0,0.0,118.50722,0.0,0.0,0.0,0.0,-1.5707964,0.0
1970-01-01 00:00:00.321545243,0.321545243,337.1385,0.0,0.0,0.0,0.0,0.0,0.0,0.0,-1.5707964,0.0
1970-01-01 00:00:00.321757615,0.321757615,0.0,0.0,0.0,497.46085,0.0,0.0,0.0,0.0,-1.5707964,0.0
1970-01-01 00:00:00.321904113,0.321904113,0.0,0.0,0.0,0.0,0.0,1280.1132,0.0,0.0,-1.5707964,0.0
1970-01-01 00:00:00.321968259,0.321968259,0.0,0.0,0.0,0.0,0.0,83.91995,0.0,0.0,-1.5707964,0.0
1970-01-01 00:00:00.322172094,0.322172094,0.0,1612.1594,0.0,0.0,0.0,0.0,0.0,0.0,-1.5707964,0.0
1970-01-01 00:00:00.322179528,0.322179528,0.0,0.0,1863.9728,0.0,0.0,0.0,0.0,0.0,-1.5707964,0.0
1970-01-01 00:00:00.322241498,0.322241498,0.0,0.0,0.0,0.0,120.688324,0.0,0.0,0.0,-1.5707964,0.0
1970-01-01 00:00:00.322247052,0.322247052,0.0,0.0,0.0,151.05096,0.0,0.0,0.0,0.0,-1.5707964,0.0
1970-01-01 00:00:00.322247052,0.322247052,0.0,0.0,0.0,0.0,0.0,188.21713,0.0,0.0,-1.5707964,0.0
1970-01-01 00:00:00.322250844,0.322250844,0.0,0.0,0.0,252.11916,0.0,0.0,0.0,0.0,-1.5707964,0.0
1970-01-01 00:00:00.322318447,0.322318447,0.0,1081.9657,0.0,0.0,0.0,0.0,0.0,0.0,-1.5707964,0.0
1970-01-01 00:00:00.322318447,0.322318447,0.0,0.0,0.0,2455.355,0.0,0.0,0.0,0.0,-1.5707964,0.0
1970-01-01 00:00:00.322352703,0.322352703,0.0,0.0,0.0,0.0,177.40132,0.0,0.0,0.0,-1.5707964,0.0
1970-01-01 00:00:00.322722755,0.322722755,0.0,0.0,0.0,0.0,0.0,92.83527,0.0,0.0,-1.5707964,0.0
1970-01-01 00:00:00.322802669,0.322802669,0.0,0.0,180.25154,0.0,0.0,0.0,0.0,0.0,-1.5707964,0.0
1970-01-01 00:00:00.322863770,0.32286377,559.4055,0.0,0.0,0.0,0.0,0.0,0.0,0.0,-1.5707964,0.0
1970-01-01 00:00:00.322924706,0.322924706,0.0,0.0,0.0,0.0,0.0,809.6518,0.0,0.0,-1.5707964,0.0
1970-01-01 00:00:00.323074160,0.32307416,0.0,0.0,0.0,0.0,0.0,1134.3588,0.0,0.0,-1.5707964,0.0
1970-01-01 00:00:00.323243283,0.323243283,0.0,0.0,0.0,0.0,0.0,113.10707,0.0,0.0,-1.5707964,0.0
1970-01-01 00:00:00.323331872,0.323331872,0.0,0.0,0.0,0.0,0.0,172.05223,0.0,0.0,-1.5707964,0.0
1970-01-01 00:00:00.323468917,0.323468917,0.0,0.0,377.29407,0.0,0.0,0.0,0.0,0.0,-1.5707964,0.0
1970-01-01 00:00:00.323517195,0.323517195,0.0,0.0,127.35671,0.0,0.0,0.0,0.0,0.0,-1.5707964,0.0
1970-01-01 00:00:00.323563548,0.323563548,0.0,0.0,0.0,100.276024,0.0,0.0,0.0,0.0,-1.5707964,0.0
1970-01-01 00:00:00.323564360,0.32356436,0.0,0.0,0.0,365.1846,0.0,0.0,0.0,0.0,-1.5707964,0.0
1970-01-01 00:00:00.323564360,0.32356436,0.0,0.0,0.0,0.0,0.0,2142.5664,0.0,0.0,-1.5707964,0.0
1970-01-01 00:00:00.323588583,0.323588583,0.0,0.0,0.0,106.80701,0.0,0.0,0.0,0.0,-1.5707964,0.0
1970-01-01 00:00:00.323708103,0.323708103,0.0,875.54346,0.0,0.0,0.0,0.0,0.0,0.0,-1.5707964,0.0
1970-01-01 00:00:00.323736832,0.323736832,0.0,0.0,0.0,0.0,0.0,486.53247,0.0,0.0,-1.5707964,0.0
1970-01-01 00:00:00.323824214,0.323824214,0.0,0.0,927.3495,0.0,0.0,0.0,0.0,0.0,-1.5707964,0.0
1970-01-01 00:00:00.323824214,0.323824214,0.0,0.0,0.0,0.0,311.649,0.0,0.0,0.0,-1.5707964,0.0
1970-01-01 00:00:00.323855009,0.323855009,0.0,0.0,0.0,0.0,361.65643,0.0,0.0,0.0,-1.5707964,0.0
1970-01-01 00:00:00.323893681,0.323893681,0.0,0.0,0.0,0.0,0.0,98.738045,0.0,0.0,-1.5707964,0.0
1970-01-01 00:00:00.323915014,0.323915014,1636.8866,0.0,0.0,0.0,0.0,0.0,0.0,0.0,-1.5707964,0.0
1970-01-01 00:00:00.324140842,0.324140842,0.0,0.0,0.0,569.6946,0.0,0.0,0.0,0.0,-1.5707964,0.0
1970-01-01 00:00:00.324364655,0.324364655,0.0,87.564,0.0,0.0,0.0,0.0,0.0,0.0,-1.5707964,0.0
1970-01-01 00:00:00.324364655,0.324364655,0.0,0.0,0.0,0.0,97.92307,0.0,0.0,0.0,-1.5707964,0.0
1970-01-01 00:00:00.324415509,0.324415509,0.0,0.0,0.0,97.17293,0.0,0.0,0.0,0.0,-1.5707964,0.0
1970-01-01 00:00:00.324471412,0.324471412,0.0,0.0,0.0,0.0,433.9339,0.0,0.0,0.0,-1.5707964,0.0
1970-01-01 00:00:00.324473718,0.324473718,0.0,0.0,142.91702,0.0,0.0,0.0,0.0,0.0,-1.5707964,0.0
1970-01-01 00:00:00.324513990,0.32451399,0.0,0.0,0.0,0.0,0.0,372.8709,0.0,0.0,-1.5707964,0.0
1970-01-01 00:00:00.324858080,0.32485808,0.0,0.0,0.0,325.95795,0.0,0.0,0.0,0.0,-1.5707964,0.0
1970-01-01 00:00:00.324901638,0.324901638,0.0,0.0,0.0,403.10815,0.0,0.0,0.0,0.0,-1.5707964,0.0
1970-01-01 00:00:00.325180146,0.325180146,0.0,0.0,507.3202,0.0,0.0,0.0,0.0,0.0,-1.5707964,0.0
1970-01-01 00:00:00.325239685,0.325239685,0.0,0.0,0.0,112.04595,0.0,0.0,0.0,0.0,-1.5707964,0.0
1970-01-01 00:00:00.325308396,0.325308396,0.0,0.0,0.0,209.03307,0.0,0.0,0.0,0.0,-1.5707964,0.0
1970-01-01 00:00:00.325386438,0.325386438,0.0,0.0,0.0,0.0,0.0,573.2997,0.0,0.0,-1.5707964,0.0
1970-01-01 00:00:00.325432439,0.325432439,0.0,0.0,0.0,0.0,0.0,111.10247,0.0,0.0,-1.5707964,0.0
1970-01-01 00:00:00.325492586,0.325492586,0.0,0.0,0.0,104.08651,0.0,0.0,0.0,0.0,-1.5707964,0.0
1970-01-01 00:00:00.325568601,0.325568601,0.0,0.0,619.51117,0.0,0.0,0.0,0.0,0.0,-1.5707964,0.0
1970-01-01 00:00:00.325700866,0.325700866,0.0,0.0,0.0,0.0,0.0,165.36145,0.0,0.0,-1.5707964,0.0
1970-01-01 00:00:00.325745130,0.32574513,0.0,0.0,0.0,0.0,0.0,89.23951,0.0,0.0,-1.5707964,0.0
1970-01-01 00:00:00.325865412,0.325865412,0.0,0.0,0.0,436.25922,0.0,0.0,0.0,0.0,-1.5707964,0.0
1970-01-01 00:00:00.325978111,0.325978111,0.0,0.0,0.0,589.1509,0.0,0.0,0.0,0.0,-1.5707964,0.0
1970-01-01 00:00:00.325978111,0.325978111,0.0,0.0,0.0,0.0,0.0,875.0141,0.0,0.0,-1.5707964,0.0
1970-01-01 00:00:00.326055967,0.326055967,0.0,0.0,0.0,1004.4703,0.0,0.0,0.0,0.0,-1.5707964,0.0
1970-01-01 00:00:00.326183717,0.326183717,0.0,0.0,0.0,0.0,0.0,329.06705,0.0,0.0,-1.5707964,0.0
1970-01-01 00:00:00.326217766,0.326217766,0.0,201.13339,0.0,0.0,0.0,0.0,0.0,0.0,-1.5707964,0.0
1970-01-01 00:00:00.326229128,0.326229128,0.0,0.0,0.0,0.0,0.0,1269.9307,0.0,0.0,-1.5707964,0.0
1970-01-01 00:00:00.326256672,0.326256672,0.0,0.0,0.0,199.29225,0.0,0.0,0.0,0.0,-1.5707964,0.0
1970-01-01 00:00:00.326534239,0.326534239,0.0,0.0,0.0,0.0,1113.0697,0.0,0.0,0.0,-1.5707964,0.0
1970-01-01 00:00:00.326568780,0.32656878,0.0,0.0,0.0,0.0,0.0,171.66881,0.0,0.0,-1.5707964,0.0
1970-01-01 00:00:00.326581172,0.326581172,0.0,0.0,0.0,0.0,0.0,505.2644,0.0,0.0,-1.5707964,0.0
1970-01-01 00:00:00.326693016,0.326693016,0.0,0.0,1328.9309,0.0,0.0,0.0,0.0,0.0,-1.5707964,0.0
1970-01-01 00:00:00.326693016,0.326693016,0.0,0.0,0.0,0.0,0.0,110.47136,0.0,0.0,-1.5707964,0.0
1970-01-01 00:00:00.326788487,0.326788487,0.0,0.0,0.0,82.22583,0.0,0.0,0.0,0.0,-1.5707964,0.0
1970-01-01 00:00:00.326829752,0.326829752,0.0,0.0,0.0,0.0,0.0,243.89415,0.0,0.0,-1.5707964,0.0
1970-01-01 00:00:00.327006416,0.327006416,0.0,0.0,0.0,0.0,0.0,82.49282,0.0,0.0,-1.5707964,0.0
1970-01-01 00:00:00.327036213,0.327036213,0.0,0.0,0.0,0.0,0.0,127.64554,0.0,0.0,-1.5707964,0.0
1970-01-01 00:00:00.327182976,0.327182976,0.0,0.0,0.0,0.0,0.0,245.1081,0.0,0.0,-1.5707964,0.0
1970-01-01 00:00:00.327266763,0.327266763,0.0,0.0,0.0,0.0,0.0,240.75789,0.0,0.0,-1.5707964,0.0
1970-01-01 00:00:00.327274425,0.327274425,0.0,0.0,0.0,0.0,0.0,734.0816,0.0,0.0,-1.5707964,0.0
1970-01-01 00:00:00.327297637,0.327297637,0.0,0.0,0.0,930.33,0.0,0.0,0.0,0.0,-1.5707964,0.0
1970-01-01 00:00:00.327344689,0.327344689,142.86794,0.0,0.0,0.0,0.0,0.0,0.0,0.0,-1.5707964,0.0
1970-01-01 00:00:00.327398196,0.327398196,0.0,0.0,0.0,120.85618,0.0,0.0,0.0,0.0,-1.5707964,0.0
1970-01-01 00:00:00.327589772,0.327589772,0.0,0.0,0.0,141.99205,0.0,0.0,0.0,0.0,-1.5707964,0.0
1970-01-01 00:00:00.327665600,0.3276656,0.0,651.4253,0.0,0.0,0.0,0.0,0.0,0.0,-1.5707964,0.0
1970-01-01 00:00:00.327675242,0.327675242,0.0,0.0,0.0,0.0,0.0,180.35025,0.0,0.0,-1.5707964,0.0
1970-01-01 00:00:00.327851215,0.327851215,0.0,0.0,0.0,0.0,0.0,716.6818,0.0,0.0,-1.5707964,0.0
1970-01-01 00:00:00.327973125,0.327973125,0.0,0.0,0.0,0.0,0.0,130.79276,0.0,0.0,-1.5707964,0.0
1970-01-01 00:00:00.328021203,0.328021203,0.0,0.0,164.04216,0.0,0.0,0.0,0.0,0.0,-1.5707964,0.0
1970-01-01 00:00:00.328253001,0.328253001,0.0,0.0,0.0,0.0,0.0,481.3783,0.0,0.0,-1.5707964,0.0
1970-01-01 00:00:00.328279200,0.3282792,0.0,0.0,0.0,336.30585,0.0,0.0,0.0,0.0,-1.5707964,0.0
1970-01-01 00:00:00.328286568,0.328286568,0.0,0.0,0.0,0.0,0.0,238.90465,0.0,0.0,-1.5707964,0.0
1970-01-01 00:00:00.328541248,0.328541248,389.2846,0.0,0.0,0.0,0.0,0.0,0.0,0.0,-1.5707964,0.0
1970-01-01 00:00:00.328578410,0.32857841,156.32895,0.0,0.0,0.0,0.0,0.0,0.0,0.0,-1.5707964,0.0
1970-01-01 00:00:00.328615821,0.328615821,0.0,0.0,0.0,384.88284,0.0,0.0,0.0,0.0,-1.5707964,0.0
1970-01-01 00:00:00.328630560,0.32863056,0.0,0.0,0.0,171.86703,0.0,0.0,0.0,0.0,-1.5707964,0.0
1970-01-01 00:00:00.328664180,0.32866418,0.0,0.0,0.0,0.0,0.0,332.38022,0.0,0.0,-1.5707964,0.0
1970-01-01 00:00:00.328716946,0.328716946,0.0,0.0,0.0,0.0,0.0,248.99551,0.0,0.0,-1.5707964,0.0
1970-01-01 00:00:00.328878625,0.328878625,0.0,0.0,262.79135,0.0,0.0,0.0,0.0,0.0,-1.5707964,0.0
1970-01-01 00:00:00.328896108,0.328896108,0.0,0.0,0.0,335.36594,0.0,0.0,0.0,0.0,-1.5707964,0.0
1970-01-01 00:00:00.328950711,0.328950711,0.0,0.0,0.0,0.0,0.0,829.99097,0.0,0.0,-1.5707964,0.0
1970-01-01 00:00:00.328955817,0.328955817,0.0,0.0,0.0,0.0,0.0,644.9594,0.0,0.0,-1.5707964,0.0
1970-01-01 00:00:00.329001370,0.32900137,0.0,0.0,0.0,0.0,94.66746,0.0,0.0,0.0,-1.5707964,0.0
1970-01-01 00:00:00.329171019,0.329171019,0.0,0.0,0.0,137.8575,0.0,0.0,0.0,0.0,-1.5707964,0.0
1970-01-01 00:00:00.329191983,0.329191983,0.0,0.0,180.82706,0.0,0.0,0.0,0.0,0.0,-1.5707964,0.0
1970-01-01 00:00:00.329305903,0.329305903,0.0,0.0,2076.033,0.0,0.0,0.0,0.0,0.0,-1.5707964,0.0
1970-01-01 00:00:00.329323265,0.329323265,132.93736,0.0,0.0,0.0,0.0,0.0,0.0,0.0,-1.5707964,0.0
1970-01-01 00:00:00.329417501,0.329417501,0.0,0.0,0.0,0.0,0.0,404.41412,0.0,0.0,-1.5707964,0.0
1970-01-01 00:00:00.329520730,0.32952073,0.0,0.0,0.0,0.0,0.0,281.9038,0.0,0.0,-1.5707964,0.0
1970-01-01 00:00:00.329818323,0.329818323,0.0,0.0,357.30435,0.0,0.0,0.0,0.0,0.0,-1.5707964,0.0
1970-01-01 00:00:00.329819970,0.32981997,0.0,0.0,251.30443,0.0,0.0,0.0,0.0,0.0,-1.5707964,0.0
1970-01-01 00:00:00.329858337,0.329858337,0.0,0.0,93.49063,0.0,0.0,0.0,0.0,0.0,-1.5707964,0.0
1970-01-01 00:00:00.329864896,0.329864896,0.0,0.0,0.0,0.0,290.10596,0.0,0.0,0.0,-1.5707964,0.0
1970-01-01 00:00:00.329896674,0.329896674,0.0,0.0,0.0,0.0,1116.9661,0.0,0.0,0.0,-1.5707964,0.0
1970-01-01 00:00:00.329928833,0.329928833,118.24545,0.0,0.0,0.0,0.0,0.0,0.0,0.0,-1.5707964,0.0
1970-01-01 00:00:00.329999405,0.329999405,0.0,0.0,0.0,159.33287,0.0,0.0,0.0,0.0,-1.5707964,0.0
1970-01-01 00:00:00.330023967,0.330023967,0.0,0.0,0.0,4996.2637,0.0,0.0,0.0,0.0,-1.5707964,0.0
1970-01-01 00:00:00.330035971,0.330035971,0.0,0.0,0.0,281.12213,0.0,0.0,0.0,0.0,-1.5707964,0.0
1970-01-01 00:00:00.330036635,0.330036635,0.0,0.0,0.0,2851.2593,0.0,0.0,0.0,0.0,-1.5707964,0.0
1970-01-01 00:00:00.330116115,0.330116115,0.0,0.0,0.0,0.0,0.0,102.129814,0.0,0.0,-1.5707964,0.0
1970-01-01 00:00:00.330141195,0.330141195,0.0,0.0,0.0,0.0,0.0,368.08566,0.0,0.0,-1.5707964,0.0
1970-01-01 00:00:00.330284332,0.330284332,0.0,0.0,0.0,0.0,424.27902,0.0,0.0,0.0,-1.5707964,0.0
1970-01-01 00:00:00.330302351,0.330302351,0.0,208.99538,0.0,0.0,0.0,0.0,0.0,0.0,-1.5707964,0.0
1970-01-01 00:00:00.330367153,0.330367153,0.0,0.0,0.0,275.74158,0.0,0.0,0.0,0.0,-1.5707964,0.0
1970-01-01 00:00:00.330446177,0.330446177,0.0,163.92613,0.0,0.0,0.0,0.0,0.0,0.0,-1.5707964,0.0
1970-01-01 00:00:00.330675227,0.330675227,0.0,0.0,0.0,0.0,0.0,151.07211,0.0,0.0,-1.5707964,0.0
1970-01-01 00:00:00.330860656,0.330860656,0.0,0.0,0.0,0.0,328.39096,0.0,0.0,0.0,-1.5707964,0.0
1970-01-01 00:00:00.330874027,0.330874027,0.0,0.0,0.0,0.0,0.0,151.78984,0.0,0.0,-1.5707964,0.0
1970-01-01 00:00:00.330896470,0.33089647,0.0,0.0,0.0,0.0,0.0,283.96432,0.0,0.0,-1.5707964,0.0
1970-01-01 00:00:00.330903727,0.330903727,0.0,0.0,0.0,0.0,0.0,130.29312,0.0,0.0,-1.5707964,0.0
1970-01-01 00:00:00.330909549,0.330909549,0.0,0.0,0.0,0.0,0.0,335.29108,0.0,0.0,-1.5707964,0.0
1970-01-01 00:00:00.330939489,0.330939489,0.0,0.0,0.0,0.0,330.55167,0.0,0.0,0.0,-1.5707964,0.0
1970-01-01 00:00:00.330939489,0.330939489,0.0,0.0,0.0,587.60297,0.0,0.0,0.0,0.0,-1.5707964,0.0
1970-01-01 00:00:00.331248953,0.331248953,0.0,123.05409,0.0,0.0,0.0,0.0,0.0,0.0,-1.5707964,0.0
1970-01-01 00:00:00.331351695,0.331351695,0.0,0.0,0.0,96.294365,0.0,0.0,0.0,0.0,-1.5707964,0.0
1970-01-01 00:00:00.331480621,0.331480621,0.0,0.0,0.0,0.0,0.0,608.6041,0.0,0.0,-1.5707964,0.0
1970-01-01 00:00:00.331530680,0.33153068,0.0,0.0,0.0,0.0,1685.672,0.0,0.0,0.0,-1.5707964,0.0
1970-01-01 00:00:00.331545202,0.331545202,0.0,0.0,745.6131,0.0,0.0,0.0,0.0,0.0,-1.5707964,0.0
1970-01-01 00:00:00.331553831,0.331553831,0.0,0.0,113.94177,0.0,0.0,0.0,0.0,0.0,-1.5707964,0.0
1970-01-01 00:00:00.331576342,0.331576342,0.0,0.0,0.0,0.0,0.0,324.10138,0.0,0.0,-1.5707964,0.0
1970-01-01 00:00:00.331624794,0.331624794,0.0,0.0,0.0,196.5317,0.0,0.0,0.0,0.0,-1.5707964,0.0
1970-01-01 00:00:00.331775871,0.331775871,0.0,0.0,0.0,0.0,0.0,576.4507,0.0,0.0,-1.5707964,0.0
1970-01-01 00:00:00.331777715,0.331777715,0.0,0.0,0.0,0.0,0.0,130.26752,0.0,0.0,-1.5707964,0.0
1970-01-01 00:00:00.331801186,0.331801186,0.0,0.0,0.0,173.33647,0.0,0.0,0.0,0.0,-1.5707964,0.0
1970-01-01 00:00:00.331920028,0.331920028,0.0,0.0,0.0,0.0,274.5545,0.0,0.0,0.0,-1.5707964,0.0
1970-01-01 00:00:00.332068110,0.33206811,0.0,0.0,0.0,106.98183,0.0,0.0,0.0,0.0,-1.5707964,0.0
1970-01-01 00:00:00.332144423,0.332144423,351.27466,0.0,0.0,0.0,0.0,0.0,0.0,0.0,-1.5707964,0.0
1970-01-01 00:00:00.332144423,0.332144423,0.0,0.0,0.0,0.0,0.0,81.7582,0.0,0.0,-1.5707964,0.0
1970-01-01 00:00:00.332178978,0.332178978,0.0,0.0,0.0,0.0,0.0,744.78784,0.0,0.0,-1.5707964,0.0
1970-01-01 00:00:00.332226568,0.332226568,267.32205,0.0,0.0,0.0,0.0,0.0,0.0,0.0,-1.5707964,0.0
1970-01-01 00:00:00.332429247,0.332429247,515.34436,0.0,0.0,0.0,0.0,0.0,0.0,0.0,-1.5707964,0.0
1970-01-01 00:00:00.332456987,0.332456987,106.99117,0.0,0.0,0.0,0.0,0.0,0.0,0.0,-1.5707964,0.0
1970-01-01 00:00:00.332501779,0.332501779,0.0,0.0,0.0,0.0,778.9508,0.0,0.0,0.0,-1.5707964,0.0
1970-01-01 00:00:00.332504910,0.33250491,0.0,0.0,0.0,0.0,0.0,332.3584,0.0,0.0,-1.5707964,0.0
1970-01-01 00:00:00.332709759,0.332709759,0.0,0.0,0.0,0.0,168.18874,0.0,0.0,0.0,-1.5707964,0.0
1970-01-01 00:00:00.332765937,0.332765937,0.0,0.0,0.0,0.0,0.0,183.08183,0.0,0.0,-1.5707964,0.0
1970-01-01 00:00:00.332871126,0.332871126,0.0,0.0,0.0,0.0,0.0,293.4453,0.0,0.0,-1.5707964,0.0
1970-01-01 00:00:00.332910994,0.332910994,0.0,0.0,1026.1914,0.0,0.0,0.0,0.0,0.0,-1.5707964,0.0
1970-01-01 00:00:00.332941039,0.332941039,0.0,0.0,0.0,0.0,0.0,269.84143,0.0,0.0,-1.5707964,0.0
1970-01-01 00:00:00.332972595,0.332972595,0.0,0.0,0.0,999.1152,0.0,0.0,0.0,0.0,-1.5707964,0.0
1970-01-01 00:00:00.333008305,0.333008305,0.0,0.0,0.0,0.0,0.0,93.43488,0.0,0.0,-1.5707964,0.0
1970-01-01 00:00:00.333047029,0.333047029,0.0,133.63756,0.0,0.0,0.0,0.0,0.0,0.0,-1.5707964,0.0
1970-01-01 00:00:00.333084951,0.333084951,0.0,0.0,0.0,535.0436,0.0,0.0,0.0,0.0,-1.5707964,0.0
1970-01-01 00:00:00.333089432,0.333089432,0.0,0.0,250.54668,0.0,0.0,0.0,0.0,0.0,-1.5707964,0.0
1970-01-01 00:00:00.333207488,0.333207488,0.0,0.0,0.0,0.0,0.0,86.19721,0.0,0.0,-1.5707964,0.0
1970-01-01 00:00:00.333313331,0.333313331,0.0,0.0,176.68309,0.0,0.0,0.0,0.0,0.0,-1.5707964,0.0
1970-01-01 00:00:00.333342834,0.333342834,0.0,0.0,0.0,0.0,0.0,226.44402,0.0,0.0,-1.5707964,0.0
1970-01-01 00:00:00.333426966,0.333426966,0.0,0.0,0.0,591.30566,0.0,0.0,0.0,0.0,-1.5707964,0.0
1970-01-01 00:00:00.333467244,0.333467244,0.0,0.0,0.0,0.0,198.03355,0.0,0.0,0.0,-1.5707964,0.0
1970-01-01 00:00:00.333526530,0.33352653,0.0,0.0,0.0,0.0,0.0,351.30798,0.0,0.0,-1.5707964,0.0
1970-01-01 00:00:00.333554562,0.333554562,0.0,0.0,0.0,2470.1604,0.0,0.0,0.0,0.0,-1.5707964,0.0
1970-01-01 00:00:00.333612923,0.333612923,0.0,0.0,0.0,0.0,0.0,378.57208,0.0,0.0,-1.5707964,0.0
1970-01-01 00:00:00.333633115,0.333633115,0.0,0.0,529.18427,0.0,0.0,0.0,0.0,0.0,-1.5707964,0.0
1970-01-01 00:00:00.333673293,0.333673293,0.0,0.0,0.0,526.59796,0.0,0.0,0.0,0.0,-1.5707964,0.0
1970-01-01 00:00:00.334145510,0.33414551,0.0,0.0,0.0,0.0,0.0,270.14923,0.0,0.0,-1.5707964,0.0
1970-01-01 00:00:00.334169163,0.334169163,0.0,0.0,173.47525,0.0,0.0,0.0,0.0,0.0,-1.5707964,0.0
1970-01-01 00:00:00.334201024,0.334201024,0.0,0.0,147.40019,0.0,0.0,0.0,0.0,0.0,-1.5707964,0.0
1970-01-01 00:00:00.334321988,0.334321988,0.0,0.0,0.0,0.0,0.0,683.91284,0.0,0.0,-1.5707964,0.0
1970-01-01 00:00:00.334330715,0.334330715,0.0,0.0,0.0,0.0,0.0,697.8544,0.0,0.0,-1.5707964,0.0
1970-01-01 00:00:00.334457476,0.334457476,0.0,0.0,0.0,243.93741,0.0,0.0,0.0,0.0,-1.5707964,0.0
1970-01-01 00:00:00.334543192,0.334543192,0.0,0.0,0.0,0.0,0.0,360.83,0.0,0.0,-1.5707964,0.0
1970-01-01 00:00:00.334579302,0.334579302,0.0,0.0,0.0,0.0,309.16107,0.0,0.0,0.0,-1.5707964,0.0
1970-01-01 00:00:00.334615774,0.334615774,0.0,0.0,1230.5171,0.0,0.0,0.0,0.0,0.0,-1.5707964,0.0
1970-01-01 00:00:00.334648879,0.334648879,0.0,0.0,0.0,243.21516,0.0,0.0,0.0,0.0,-1.5707964,0.0
1970-01-01 00:00:00.334694379,0.334694379,0.0,0.0,0.0,0.0,1183.8895,0.0,0.0,0.0,-1.5707964,0.0
1970-01-01 00:00:00.334806955,0.334806955,0.0,0.0,0.0,0.0,286.36462,0.0,0.0,0.0,-1.5707964,0.0
1970-01-01 00:00:00.334900611,0.334900611,0.0,0.0,0.0,0.0,567.1017,0.0,0.0,0.0,-1.5707964,0.0
1970-01-01 00:00:00.334925771,0.334925771,0.0,0.0,0.0,157.92926,0.0,0.0,0.0,0.0,-1.5707964,0.0
1970-01-01 00:00:00.335000273,0.335000273,0.0,0.0,0.0,0.0,287.98804,0.0,0.0,0.0,-1.5707964,0.0
1970-01-01 00:00:00.335150193,0.335150193,0.0,0.0,0.0,0.0,0.0,180.98666,0.0,0.0,-1.5707964,0.0
1970-01-01 00:00:00.335211030,0.33521103,0.0,0.0,0.0,0.0,0.0,91.5156,0.0,0.0,-1.5707964,0.0
1970-01-01 00:00:00.335367904,0.335367904,0.0,0.0,0.0,322.1487,0.0,0.0,0.0,0.0,-1.5707964,0.0
1970-01-01 00:00:00.335373042,0.335373042,0.0,0.0,0.0,265.08725,0.0,0.0,0.0,0.0,-1.5707964,0.0
1970-01-01 00:00:00.335405135,0.335405135,0.0,0.0,0.0,0.0,2611.8499,0.0,0.0,0.0,-1.5707964,0.0
1970-01-01 00:00:00.335475371,0.335475371,0.0,0.0,0.0,89.82341,0.0,0.0,0.0,0.0,-1.5707964,0.0
1970-01-01 00:00:00.335513219,0.335513219,0.0,0.0,0.0,0.0,210.41144,0.0,0.0,0.0,-1.5707964,0.0
1970-01-01 00:00:00.335518507,0.335518507,0.0,0.0,0.0,157.56424,0.0,0.0,0.0,0.0,-1.5707964,0.0
1970-01-01 00:00:00.335534352,0.335534352,0.0,0.0,310.74158,0.0,0.0,0.0,0.0,0.0,-1.5707964,0.0
1970-01-01 00:00:00.335559958,0.335559958,0.0,411.51468,0.0,0.0,0.0,0.0,0.0,0.0,-1.5707964,0.0
1970-01-01 00:00:00.335666644,0.335666644,0.0,0.0,0.0,0.0,0.0,525.0961,0.0,0.0,-1.5707964,0.0
1970-01-01 00:00:00.335690618,0.335690618,0.0,0.0,0.0,0.0,0.0,325.29688,0.0,0.0,-1.5707964,0.0
1970-01-01 00:00:00.335701210,0.33570121,0.0,0.0,0.0,584.10266,0.0,0.0,0.0,0.0,-1.5707964,0.0
1970-01-01 00:00:00.335723140,0.33572314,0.0,0.0,0.0,0.0,0.0,384.7327,0.0,0.0,-1.5707964,0.0
1970-01-01 00:00:00.335779632,0.335779632,0.0,0.0,0.0,0.0,0.0,105.35142,0.0,0.0,-1.5707964,0.0
1970-01-01 00:00:00.335808332,0.335808332,0.0,0.0,82.594444,0.0,0.0,0.0,0.0,0.0,-1.5707964,0.0
1970-01-01 00:00:00.335808332,0.335808332,0.0,0.0,0.0,0.0,99.10705,0.0,0.0,0.0,-1.5707964,0.0
1970-01-01 00:00:00.335815385,0.335815385,0.0,0.0,0.0,0.0,0.0,260.18076,0.0,0.0,-1.5707964,0.0
1970-01-01 00:00:00.335831293,0.335831293,555.9615,0.0,0.0,0.0,0.0,0.0,0.0,0.0,-1.5707964,0.0
1970-01-01 00:00:00.335834407,0.335834407,0.0,0.0,0.0,99.11143,0.0,0.0,0.0,0.0,-1.5707964,0.0
1970-01-01 00:00:00.335986903,0.335986903,552.016,0.0,0.0,0.0,0.0,0.0,0.0,0.0,-1.5707964,0.0
1970-01-01 00:00:00.336012075,0.336012075,0.0,0.0,0.0,0.0,0.0,252.64587,0.0,0.0,-1.5707964,0.0
1970-01-01 00:00:00.336216214,0.336216214,0.0,0.0,0.0,0.0,0.0,221.16765,0.0,0.0,-1.5707964,0.0
1970-01-01 00:00:00.336267343,0.336267343,0.0,0.0,0.0,466.42932,0.0,0.0,0.0,0.0,-1.5707964,0.0
1970-01-01 00:00:00.336304756,0.336304756,0.0,0.0,0.0,306.42212,0.0,0.0,0.0,0.0,-1.5707964,0.0
1970-01-01 00:00:00.336316078,0.336316078,0.0,0.0,0.0,0.0,420.47717,0.0,0.0,0.0,-1.5707964,0.0
1970-01-01 00:00:00.336445373,0.336445373,0.0,0.0,0.0,0.0,0.0,223.68889,0.0,0.0,-1.5707964,0.0
1970-01-01 00:00:00.336634440,0.33663444,85.41213,0.0,0.0,0.0,0.0,0.0,0.0,0.0,-1.5707964,0.0
1970-01-01 00:00:00.336675015,0.336675015,0.0,0.0,0.0,641.8578,0.0,0.0,0.0,0.0,-1.5707964,0.0
1970-01-01 00:00:00.336703252,0.336703252,0.0,0.0,0.0,0.0,0.0,506.6706,0.0,0.0,-1.5707964,0.0
1970-01-01 00:00:00.336722891,0.336722891,0.0,0.0,0.0,0.0,81.10942,0.0,0.0,0.0,-1.5707964,0.0
1970-01-01 00:00:00.336734854,0.336734854,0.0,0.0,0.0,0.0,0.0,502.94553,0.0,0.0,-1.5707964,0.0
1970-01-01 00:00:00.336778856,0.336778856,0.0,0.0,0.0,0.0,256.29337,0.0,0.0,0.0,-1.5707964,0.0
1970-01-01 00:00:00.336830424,0.336830424,0.0,0.0,0.0,0.0,185.62447,0.0,0.0,0.0,-1.5707964,0.0
1970-01-01 00:00:00.336830424,0.336830424,0.0,0.0,0.0,379.60828,0.0,0.0,0.0,0.0,-1.5707964,0.0
1970-01-01 00:00:00.336830424,0.336830424,0.0,0.0,0.0,0.0,0.0,1336.0841,0.0,0.0,-1.5707964,0.0
1970-01-01 00:00:00.336879815,0.336879815,0.0,0.0,0.0,415.58267,0.0,0.0,0.0,0.0,-1.5707964,0.0
1970-01-01 00:00:00.337031067,0.337031067,0.0,0.0,0.0,453.76083,0.0,0.0,0.0,0.0,-1.5707964,0.0
1970-01-01 00:00:00.337035292,0.337035292,0.0,0.0,0.0,152.00981,0.0,0.0,0.0,0.0,-1.5707964,0.0
1970-01-01 00:00:00.337144136,0.337144136,0.0,0.0,0.0,0.0,0.0,90.18887,0.0,0.0,-1.5707964,0.0
1970-01-01 00:00:00.337153466,0.337153466,0.0,0.0,0.0,0.0,0.0,195.49374,0.0,0.0,-1.5707964,0.0
1970-01-01 00:00:00.337177658,0.337177658,0.0,0.0,0.0,0.0,0.0,397.86563,0.0,0.0,-1.5707964,0.0
1970-01-01 00:00:00.337190534,0.337190534,0.0,0.0,0.0,0.0,0.0,516.06055,0.0,0.0,-1.5707964,0.0
1970-01-01 00:00:00.337265602,0.337265602,0.0,0.0,0.0,0.0,0.0,214.18721,0.0,0.0,-1.5707964,0.0
1970-01-01 00:00:00.337420590,0.33742059,0.0,141.55594,0.0,0.0,0.0,0.0,0.0,0.0,-1.5707964,0.0
1970-01-01 00:00:00.337420639,0.337420639,876.4936,0.0,0.0,0.0,0.0,0.0,0.0,0.0,-1.5707964,0.0
1970-01-01 00:00:00.337420639,0.337420639,0.0,0.0,0.0,503.34396,0.0,0.0,0.0,0.0,-1.5707964,0.0
1970-01-01 00:00:00.337659921,0.337659921,0.0,0.0,0.0,0.0,1199.055,0.0,0.0,0.0,-1.5707964,0.0
1970-01-01 00:00:00.337667556,0.337667556,270.72833,0.0,0.0,0.0,0.0,0.0,0.0,0.0,-1.5707964,0.0
1970-01-01 00:00:00.337717773,0.337717773,0.0,0.0,0.0,0.0,0.0,516.47656,0.0,0.0,-1.5707964,0.0
1970-01-01 00:00:00.337726211,0.337726211,0.0,0.0,0.0,182.24223,0.0,0.0,0.0,0.0,-1.5707964,0.0
1970-01-01 00:00:00.337754438,0.337754438,0.0,0.0,0.0,0.0,92.07537,0.0,0.0,0.0,-1.5707964,0.0
1970-01-01 00:00:00.337800539,0.337800539,0.0,0.0,0.0,0.0,0.0,184.10847,0.0,0.0,-1.5707964,0.0
1970-01-01 00:00:00.337823524,0.337823524,0.0,0.0,0.0,0.0,525.2872,0.0,0.0,0.0,-1.5707964,0.0
1970-01-01 00:00:00.337836443,0.337836443,0.0,0.0,0.0,1011.2517,0.0,0.0,0.0,0.0,-1.5707964,0.0
1970-01-01 00:00:00.337840858,0.337840858,0.0,0.0,0.0,2928.3848,0.0,0.0,0.0,0.0,-1.5707964,0.0
1970-01-01 00:00:00.337988413,0.337988413,0.0,0.0,0.0,0.0,152.97002,0.0,0.0,0.0,-1.5707964,0.0
1970-01-01 00:00:00.338087917,0.338087917,0.0,0.0,0.0,0.0,0.0,623.29944,0.0,0.0,-1.5707964,0.0
1970-01-01 00:00:00.338089070,0.33808907,0.0,143.58202,0.0,0.0,0.0,0.0,0.0,0.0,-1.5707964,0.0
1970-01-01 00:00:00.338104421,0.338104421,0.0,0.0,0.0,1558.9612,0.0,0.0,0.0,0.0,-1.5707964,0.0
1970-01-01 00:00:00.338187221,0.338187221,0.0,0.0,219.56343,0.0,0.0,0.0,0.0,0.0,-1.5707964,0.0
1970-01-01 00:00:00.338220256,0.338220256,0.0,0.0,0.0,0.0,0.0,111.232834,0.0,0.0,-1.5707964,0.0
1970-01-01 00:00:00.338246763,0.338246763,0.0,0.0,0.0,1550.2017,0.0,0.0,0.0,0.0,-1.5707964,0.0
1970-01-01 00:00:00.338293666,0.338293666,0.0,0.0,0.0,0.0,870.6019,0.0,0.0,0.0,-1.5707964,0.0
1970-01-01 00:00:00.338301242,0.338301242,0.0,0.0,399.43875,0.0,0.0,0.0,0.0,0.0,-1.5707964,0.0
1970-01-01 00:00:00.338319716,0.338319716,0.0,0.0,311.4636,0.0,0.0,0.0,0.0,0.0,-1.5707964,0.0
1970-01-01 00:00:00.338335256,0.338335256,0.0,0.0,0.0,0.0,0.0,91.10485,0.0,0.0,-1.5707964,0.0
1970-01-01 00:00:00.338484632,0.338484632,0.0,0.0,0.0,0.0,161.4046,0.0,0.0,0.0,-1.5707964,0.0
1970-01-01 00:00:00.338697190,0.33869719,0.0,0.0,0.0,0.0,0.0,768.0154,0.0,0.0,-1.5707964,0.0
1970-01-01 00:00:00.338711675,0.338711675,0.0,0.0,166.72775,0.0,0.0,0.0,0.0,0.0,-1.5707964,0.0
1970-01-01 00:00:00.338752871,0.338752871,0.0,0.0,0.0,90.28331,0.0,0.0,0.0,0.0,-1.5707964,0.0
1970-01-01 00:00:00.338816156,0.338816156,0.0,0.0,0.0,399.9128,0.0,0.0,0.0,0.0,-1.5707964,0.0
1970-01-01 00:00:00.338820964,0.338820964,0.0,0.0,0.0,0.0,354.52133,0.0,0.0,0.0,-1.5707964,0.0
1970-01-01 00:00:00.338851850,0.33885185,246.29318,0.0,0.0,0.0,0.0,0.0,0.0,0.0,-1.5707964,0.0
1970-01-01 00:00:00.338908803,0.338908803,0.0,0.0,0.0,2055.3633,0.0,0.0,0.0,0.0,-1.5707964,0.0
1970-01-01 00:00:00.338962316,0.338962316,0.0,0.0,0.0,209.59767,0.0,0.0,0.0,0.0,-1.5707964,0.0
1970-01-01 00:00:00.339013915,0.339013915,0.0,0.0,0.0,0.0,0.0,184.74913,0.0,0.0,-1.5707964,0.0
1970-01-01 00:00:00.339029142,0.339029142,110.39428,0.0,0.0,0.0,0.0,0.0,0.0,0.0,-1.5707964,0.0
1970-01-01 00:00:00.339109277,0.339109277,0.0,0.0,0.0,257.62952,0.0,0.0,0.0,0.0,-1.5707964,0.0
1970-01-01 00:00:00.339134058,0.339134058,0.0,0.0,0.0,0.0,0.0,260.9598,0.0,0.0,-1.5707964,0.0
1970-01-01 00:00:00.339166737,0.339166737,0.0,0.0,0.0,0.0,0.0,321.6211,0.0,0.0,-1.5707964,0.0
1970-01-01 00:00:00.339271488,0.339271488,0.0,0.0,402.19846,0.0,0.0,0.0,0.0,0.0,-1.5707964,0.0
1970-01-01 00:00:00.339309297,0.339309297,0.0,0.0,0.0,0.0,0.0,120.15572,0.0,0.0,-1.5707964,0.0
1970-01-01 00:00:00.339309851,0.339309851,0.0,260.45453,0.0,0.0,0.0,0.0,0.0,0.0,-1.5707964,0.0
1970-01-01 00:00:00.339314694,0.339314694,0.0,0.0,0.0,0.0,0.0,479.19766,0.0,0.0,-1.5707964,0.0
1970-01-01 00:00:00.339316130,0.33931613,80.35727,0.0,0.0,0.0,0.0,0.0,0.0,0.0,-1.5707964,0.0
1970-01-01 00:00:00.339359760,0.33935976,400.51364,0.0,0.0,0.0,0.0,0.0,0.0,0.0,-1.5707964,0.0
1970-01-01 00:00:00.339361837,0.339361837,0.0,0.0,0.0,0.0,871.87756,0.0,0.0,0.0,-1.5707964,0.0
1970-01-01 00:00:00.339469016,0.339469016,0.0,0.0,0.0,0.0,0.0,344.8926,0.0,0.0,-1.5707964,0.0
1970-01-01 00:00:00.339646996,0.339646996,0.0,0.0,0.0,0.0,1160.46,0.0,0.0,0.0,-1.5707964,0.0
1970-01-01 00:00:00.339674967,0.339674967,0.0,0.0,0.0,0.0,0.0,395.54324,0.0,0.0,-1.5707964,0.0
1970-01-01 00:00:00.339728030,0.33972803,0.0,0.0,0.0,0.0,0.0,400.44736,0.0,0.0,-1.5707964,0.0
1970-01-01 00:00:00.339785062,0.339785062,0.0,0.0,368.30994,0.0,0.0,0.0,0.0,0.0,-1.5707964,0.0
1970-01-01 00:00:00.339798258,0.339798258,0.0,0.0,0.0,0.0,545.3765,0.0,0.0,0.0,-1.5707964,0.0
1970-01-01 00:00:00.339929073,0.339929073,0.0,0.0,0.0,816.19714,0.0,0.0,0.0,0.0,-1.5707964,0.0
1970-01-01 00:00:00.339932247,0.339932247,0.0,0.0,1243.719,0.0,0.0,0.0,0.0,0.0,-1.5707964,0.0
1970-01-01 00:00:00.339968131,0.339968131,0.0,0.0,1375.2882,0.0,0.0,0.0,0.0,0.0,-1.5707964,0.0
1970-01-01 00:00:00.340019732,0.340019732,0.0,0.0,461.99042,0.0,0.0,0.0,0.0,0.0,-1.5707964,0.0
1970-01-01 00:00:00.340019732,0.340019732,0.0,0.0,0.0,366.00882,0.0,0.0,0.0,0.0,-1.5707964,0.0
1970-01-01 00:00:00.340026792,0.340026792,0.0,0.0,0.0,0.0,0.0,311.9822,0.0,0.0,-1.5707964,0.0
1970-01-01 00:00:00.340035456,0.340035456,0.0,0.0,0.0,702.7914,0.0,0.0,0.0,0.0,-1.5707964,0.0
1970-01-01 00:00:00.340085841,0.340085841,0.0,0.0,0.0,0.0,0.0,212.5338,0.0,0.0,-1.5707964,0.0
1970-01-01 00:00:00.340101213,0.340101213,0.0,883.921,0.0,0.0,0.0,0.0,0.0,0.0,-1.5707964,0.0
1970-01-01 00:00:00.340175313,0.340175313,221.86174,0.0,0.0,0.0,0.0,0.0,0.0,0.0,-1.5707964,0.0
1970-01-01 00:00:00.340312504,0.340312504,0.0,0.0,0.0,0.0,336.90582,0.0,0.0,0.0,-1.5707964,0.0
1970-01-01 00:00:00.340334888,0.340334888,0.0,0.0,0.0,0.0,0.0,118.83051,0.0,0.0,-1.5707964,0.0
1970-01-01 00:00:00.340493335,0.340493335,0.0,0.0,0.0,0.0,0.0,207.15521,0.0,0.0,-1.5707964,0.0
1970-01-01 00:00:00.340602654,0.340602654,0.0,0.0,0.0,0.0,0.0,166.78265,0.0,0.0,-1.5707964,0.0
1970-01-01 00:00:00.340619387,0.340619387,0.0,0.0,0.0,0.0,0.0,927.1154,0.0,0.0,-1.5707964,0.0
1970-01-01 00:00:00.340648539,0.340648539,0.0,0.0,0.0,335.08148,0.0,0.0,0.0,0.0,-1.5707964,0.0
1970-01-01 00:00:00.340673613,0.340673613,0.0,0.0,0.0,0.0,883.96985,0.0,0.0,0.0,-1.5707964,0.0
1970-01-01 00:00:00.340688046,0.340688046,0.0,0.0,0.0,0.0,0.0,649.0652,0.0,0.0,-1.5707964,0.0
1970-01-01 00:00:00.340752514,0.340752514,0.0,0.0,0.0,0.0,300.50574,0.0,0.0,0.0,-1.5707964,0.0
1970-01-01 00:00:00.340876661,0.340876661,0.0,0.0,697.2318,0.0,0.0,0.0,0.0,0.0,-1.5707964,0.0
1970-01-01 00:00:00.341088035,0.341088035,0.0,0.0,0.0,0.0,0.0,88.971695,0.0,0.0,-1.5707964,0.0
1970-01-01 00:00:00.341132046,0.341132046,606.4053,0.0,0.0,0.0,0.0,0.0,0.0,0.0,-1.5707964,0.0
1970-01-01 00:00:00.341179070,0.34117907,103.6445,0.0,0.0,0.0,0.0,0.0,0.0,0.0,-1.5707964,0.0
1970-01-01 00:00:00.341186109,0.341186109,712.4901,0.0,0.0,0.0,0.0,0.0,0.0,0.0,-1.5707964,0.0
1970-01-01 00:00:00.341431781,0.341431781,0.0,0.0,385.07245,0.0,0.0,0.0,0.0,0.0,-1.5707964,0.0
1970-01-01 00:00:00.341505190,0.34150519,0.0,0.0,191.81874,0.0,0.0,0.0,0.0,0.0,-1.5707964,0.0
1970-01-01 00:00:00.341551049,0.341551049,0.0,0.0,0.0,0.0,0.0,536.13025,0.0,0.0,-1.5707964,0.0
1970-01-01 00:00:00.341593107,0.341593107,0.0,0.0,0.0,889.37616,0.0,0.0,0.0,0.0,-1.5707964,0.0
1970-01-01 00:00:00.341603698,0.341603698,0.0,0.0,0.0,0.0,1403.7594,0.0,0.0,0.0,-1.5707964,0.0
1970-01-01 00:00:00.341606317,0.341606317,0.0,0.0,0.0,218.41682,0.0,0.0,0.0,0.0,-1.5707964,0.0
1970-01-01 00:00:00.341656093,0.341656093,0.0,0.0,0.0,0.0,0.0,897.473,0.0,0.0,-1.5707964,0.0
1970-01-01 00:00:00.341663045,0.341663045,0.0,0.0,0.0,0.0,0.0,102.05344,0.0,0.0,-1.5707964,0.0
1970-01-01 00:00:00.341672995,0.341672995,0.0,0.0,0.0,288.2426,0.0,0.0,0.0,0.0,-1.5707964,0.0
1970-01-01 00:00:00.341691608,0.341691608,0.0,0.0,0.0,0.0,0.0,952.25446,0.0,0.0,-1.5707964,0.0
1970-01-01 00:00:00.341717135,0.341717135,0.0,0.0,0.0,0.0,0.0,261.39264,0.0,0.0,-1.5707964,0.0
1970-01-01 00:00:00.341764216,0.341764216,0.0,0.0,0.0,301.51105,0.0,0.0,0.0,0.0,-1.5707964,0.0
1970-01-01 00:00:00.341879692,0.341879692,0.0,0.0,0.0,1501.1027,0.0,0.0,0.0,0.0,-1.5707964,0.0
1970-01-01 00:00:00.341891443,0.341891443,0.0,0.0,0.0,406.07233,0.0,0.0,0.0,0.0,-1.5707964,0.0
1970-01-01 00:00:00.341942040,0.34194204,0.0,0.0,0.0,0.0,345.77002,0.0,0.0,0.0,-1.5707964,0.0
1970-01-01 00:00:00.342012631,0.342012631,0.0,0.0,0.0,0.0,321.53214,0.0,0.0,0.0,-1.5707964,0.0
1970-01-01 00:00:00.342056410,0.34205641,0.0,0.0,0.0,0.0,0.0,235.40468,0.0,0.0,-1.5707964,0.0
1970-01-01 00:00:00.342061270,0.34206127,448.6027,0.0,0.0,0.0,0.0,0.0,0.0,0.0,-1.5707964,0.0
1970-01-01 00:00:00.342123462,0.342123462,0.0,0.0,0.0,0.0,326.05988,0.0,0.0,0.0,-1.5707964,0.0
1970-01-01 00:00:00.342211797,0.342211797,0.0,0.0,0.0,360.56952,0.0,0.0,0.0,0.0,-1.5707964,0.0
1970-01-01 00:00:00.342227376,0.342227376,0.0,0.0,0.0,0.0,0.0,423.92203,0.0,0.0,-1.5707964,0.0
1970-01-01 00:00:00.342250190,0.34225019,0.0,0.0,0.0,0.0,0.0,120.0342,0.0,0.0,-1.5707964,0.0
1970-01-01 00:00:00.342455463,0.342455463,0.0,0.0,0.0,0.0,0.0,1138.992,0.0,0.0,-1.5707964,0.0
1970-01-01 00:00:00.342517687,0.342517687,0.0,0.0,0.0,214.11905,0.0,0.0,0.0,0.0,-1.5707964,0.0
1970-01-01 00:00:00.342621961,0.342621961,0.0,0.0,0.0,357.69955,0.0,0.0,0.0,0.0,-1.5707964,0.0
1970-01-01 00:00:00.342667207,0.342667207,168.52057,0.0,0.0,0.0,0.0,0.0,0.0,0.0,-1.5707964,0.0
1970-01-01 00:00:00.342679503,0.342679503,776.40106,0.0,0.0,0.0,0.0,0.0,0.0,0.0,-1.5707964,0.0
1970-01-01 00:00:00.342758899,0.342758899,0.0,0.0,0.0,174.94319,0.0,0.0,0.0,0.0,-1.5707964,0.0
1970-01-01 00:00:00.342825003,0.342825003,0.0,0.0,0.0,0.0,0.0,520.94476,0.0,0.0,-1.5707964,0.0
1970-01-01 00:00:00.342893842,0.342893842,328.3471,0.0,0.0,0.0,0.0,0.0,0.0,0.0,-1.5707964,0.0
1970-01-01 00:00:00.342934243,0.342934243,0.0,0.0,0.0,0.0,0.0,1553.2788,0.0,0.0,-1.5707964,0.0
1970-01-01 00:00:00.342949426,0.342949426,0.0,0.0,0.0,0.0,0.0,988.2526,0.0,0.0,-1.5707964,0.0
1970-01-01 00:00:00.342949832,0.342949832,0.0,0.0,0.0,335.8084,0.0,0.0,0.0,0.0,-1.5707964,0.0
1970-01-01 00:00:00.342968363,0.342968363,0.0,0.0,0.0,0.0,0.0,85.599846,0.0,0.0,-1.5707964,0.0
1970-01-01 00:00:00.343070868,0.343070868,0.0,0.0,0.0,0.0,0.0,156.9251,0.0,0.0,-1.5707964,0.0
1970-01-01 00:00:00.343242373,0.343242373,0.0,0.0,0.0,0.0,0.0,441.0678,0.0,0.0,-1.5707964,0.0
1970-01-01 00:00:00.343331839,0.343331839,0.0,0.0,0.0,542.3028,0.0,0.0,0.0,0.0,-1.5707964,0.0
1970-01-01 00:00:00.343427633,0.343427633,0.0,0.0,0.0,0.0,0.0,267.20596,0.0,0.0,-1.5707964,0.0
1970-01-01 00:00:00.343570546,0.343570546,0.0,0.0,0.0,0.0,0.0,343.58557,0.0,0.0,-1.5707964,0.0
1970-01-01 00:00:00.343604370,0.34360437,0.0,0.0,0.0,0.0,0.0,240.37503,0.0,0.0,-1.5707964,0.0
1970-01-01 00:00:00.343696134,0.343696134,0.0,231.2644,0.0,0.0,0.0,0.0,0.0,0.0,-1.5707964,0.0
1970-01-01 00:00:00.343768283,0.343768283,0.0,0.0,306.41702,0.0,0.0,0.0,0.0,0.0,-1.5707964,0.0
1970-01-01 00:00:00.343782025,0.343782025,0.0,105.555176,0.0,0.0,0.0,0.0,0.0,0.0,-1.5707964,0.0
1970-01-01 00:00:00.343835065,0.343835065,85.03607,0.0,0.0,0.0,0.0,0.0,0.0,0.0,-1.5707964,0.0
1970-01-01 00:00:00.343844558,0.343844558,0.0,0.0,0.0,0.0,0.0,379.46906,0.0,0.0,-1.5707964,0.0
1970-01-01 00:00:00.343944164,0.343944164,0.0,0.0,0.0,0.0,107.1167,0.0,0.0,0.0,-1.5707964,0.0
1970-01-01 00:00:00.343983379,0.343983379,0.0,0.0,0.0,84.620445,0.0,0.0,0.0,0.0,-1.5707964,0.0
1970-01-01 00:00:00.343983379,0.343983379,0.0,0.0,0.0,0.0,0.0,1107.817,0.0,0.0,-1.5707964,0.0
1970-01-01 00:00:00.343986512,0.343986512,200.82774,0.0,0.0,0.0,0.0,0.0,0.0,0.0,-1.5707964,0.0
1970-01-01 00:00:00.343991939,0.343991939,0.0,0.0,0.0,220.92642,0.0,0.0,0.0,0.0,-1.5707964,0.0
1970-01-01 00:00:00.343992855,0.343992855,0.0,0.0,0.0,154.22594,0.0,0.0,0.0,0.0,-1.5707964,0.0
1970-01-01 00:00:00.343994735,0.343994735,0.0,310.01694,0.0,0.0,0.0,0.0,0.0,0.0,-1.5707964,0.0
1970-01-01 00:00:00.344137665,0.344137665,92.117096,0.0,0.0,0.0,0.0,0.0,0.0,0.0,-1.5707964,0.0
1970-01-01 00:00:00.344141585,0.344141585,0.0,0.0,0.0,0.0,0.0,257.31738,0.0,0.0,-1.5707964,0.0
1970-01-01 00:00:00.344348619,0.344348619,0.0,0.0,0.0,0.0,0.0,591.4639,0.0,0.0,-1.5707964,0.0
1970-01-01 00:00:00.344427575,0.344427575,0.0,0.0,0.0,0.0,80.3658,0.0,0.0,0.0,-1.5707964,0.0
1970-01-01 00:00:00.344430663,0.344430663,0.0,0.0,0.0,217.58707,0.0,0.0,0.0,0.0,-1.5707964,0.0
1970-01-01 00:00:00.344472145,0.344472145,0.0,0.0,112.41377,0.0,0.0,0.0,0.0,0.0,-1.5707964,0.0
1970-01-01 00:00:00.344507236,0.344507236,0.0,0.0,0.0,0.0,0.0,381.64435,0.0,0.0,-1.5707964,0.0
1970-01-01 00:00:00.344557988,0.344557988,0.0,0.0,281.8998,0.0,0.0,0.0,0.0,0.0,-1.5707964,0.0
1970-01-01 00:00:00.344577880,0.34457788,0.0,0.0,660.08875,0.0,0.0,0.0,0.0,0.0,-1.5707964,0.0
1970-01-01 00:00:00.344706700,0.3447067,0.0,0.0,0.0,288.5467,0.0,0.0,0.0,0.0,-1.5707964,0.0
1970-01-01 00:00:00.344762061,0.344762061,0.0,0.0,0.0,265.6149,0.0,0.0,0.0,0.0,-1.5707964,0.0
1970-01-01 00:00:00.344869431,0.344869431,0.0,0.0,0.0,0.0,0.0,178.3165,0.0,0.0,-1.5707964,0.0
1970-01-01 00:00:00.344924373,0.344924373,0.0,0.0,101.09711,0.0,0.0,0.0,0.0,0.0,-1.5707964,0.0
1970-01-01 00:00:00.345212220,0.34521222,0.0,0.0,157.17282,0.0,0.0,0.0,0.0,0.0,-1.5707964,0.0
1970-01-01 00:00:00.345335520,0.34533552,0.0,0.0,0.0,0.0,86.417786,0.0,0.0,0.0,-1.5707964,0.0
1970-01-01 00:00:00.345354326,0.345354326,0.0,0.0,0.0,278.56155,0.0,0.0,0.0,0.0,-1.5707964,0.0
1970-01-01 00:00:00.345455181,0.345455181,0.0,0.0,0.0,403.15494,0.0,0.0,0.0,0.0,-1.5707964,0.0
1970-01-01 00:00:00.345455181,0.345455181,0.0,0.0,0.0,0.0,0.0,325.96558,0.0,0.0,-1.5707964,0.0
1970-01-01 00:00:00.345588653,0.345588653,0.0,0.0,0.0,0.0,0.0,172.33868,0.0,0.0,-1.5707964,0.0
1970-01-01 00:00:00.345696184,0.345696184,0.0,0.0,0.0,1019.2162,0.0,0.0,0.0,0.0,-1.5707964,0.0
1970-01-01 00:00:00.345715336,0.345715336,0.0,0.0,0.0,0.0,0.0,629.86365,0.0,0.0,-1.5707964,0.0
1970-01-01 00:00:00.345733641,0.345733641,0.0,0.0,0.0,0.0,0.0,150.3169,0.0,0.0,-1.5707964,0.0
1970-01-01 00:00:00.345890014,0.345890014,0.0,0.0,0.0,0.0,203.68169,0.0,0.0,0.0,-1.5707964,0.0
1970-01-01 00:00:00.345931973,0.345931973,0.0,0.0,0.0,0.0,711.22485,0.0,0.0,0.0,-1.5707964,0.0
1970-01-01 00:00:00.345980557,0.345980557,0.0,0.0,0.0,107.673164,0.0,0.0,0.0,0.0,-1.5707964,0.0
1970-01-01 00:00:00.345983249,0.345983249,0.0,0.0,0.0,0.0,0.0,439.62735,0.0,0.0,-1.5707964,0.0
1970-01-01 00:00:00.345984961,0.345984961,0.0,584.7392,0.0,0.0,0.0,0.0,0.0,0.0,-1.5707964,0.0
1970-01-01 00:00:00.346053694,0.346053694,0.0,0.0,0.0,0.0,0.0,496.54163,0.0,0.0,-1.5707964,0.0
1970-01-01 00:00:00.346061664,0.346061664,0.0,0.0,532.5125,0.0,0.0,0.0,0.0,0.0,-1.5707964,0.0
1970-01-01 00:00:00.346200797,0.346200797,0.0,0.0,1459.7283,0.0,0.0,0.0,0.0,0.0,-1.5707964,0.0
1970-01-01 00:00:00.346281971,0.346281971,0.0,0.0,0.0,0.0,0.0,240.61287,0.0,0.0,-1.5707964,0.0
1970-01-01 00:00:00.346300644,0.346300644,0.0,0.0,0.0,145.77878,0.0,0.0,0.0,0.0,-1.5707964,0.0
1970-01-01 00:00:00.346351668,0.346351668,0.0,0.0,0.0,170.06854,0.0,0.0,0.0,0.0,-1.5707964,0.0
1970-01-01 00:00:00.346505136,0.346505136,0.0,0.0,0.0,0.0,0.0,172.5556,0.0,0.0,-1.5707964,0.0
1970-01-01 00:00:00.346529102,0.346529102,0.0,0.0,0.0,385.46985,0.0,0.0,0.0,0.0,-1.5707964,0.0
1970-01-01 00:00:00.346538365,0.346538365,0.0,0.0,168.0347,0.0,0.0,0.0,0.0,0.0,-1.5707964,0.0
1970-01-01 00:00:00.346548025,0.346548025,0.0,0.0,0.0,127.91607,0.0,0.0,0.0,0.0,-1.5707964,0.0
1970-01-01 00:00:00.346582952,0.346582952,0.0,0.0,0.0,0.0,0.0,440.4847,0.0,0.0,-1.5707964,0.0
1970-01-01 00:00:00.346609712,0.346609712,0.0,0.0,0.0,0.0,0.0,699.4259,0.0,0.0,-1.5707964,0.0
1970-01-01 00:00:00.346686070,0.34668607,0.0,0.0,0.0,0.0,0.0,159.70224,0.0,0.0,-1.5707964,0.0
1970-01-01 00:00:00.346721418,0.346721418,0.0,0.0,197.58543,0.0,0.0,0.0,0.0,0.0,-1.5707964,0.0
1970-01-01 00:00:00.346846675,0.346846675,0.0,0.0,0.0,0.0,0.0,243.47244,0.0,0.0,-1.5707964,0.0
1970-01-01 00:00:00.346851306,0.346851306,0.0,0.0,0.0,0.0,0.0,164.15515,0.0,0.0,-1.5707964,0.0
1970-01-01 00:00:00.346876048,0.346876048,0.0,0.0,239.73079,0.0,0.0,0.0,0.0,0.0,-1.5707964,0.0
1970-01-01 00:00:00.346967150,0.34696715,0.0,0.0,0.0,1594.619,0.0,0.0,0.0,0.0,-1.5707964,0.0
1970-01-01 00:00:00.347020893,0.347020893,0.0,0.0,0.0,0.0,285.9896,0.0,0.0,0.0,-1.5707964,0.0
1970-01-01 00:00:00.347039303,0.347039303,0.0,0.0,0.0,231.16443,0.0,0.0,0.0,0.0,-1.5707964,0.0
1970-01-01 00:00:00.347122143,0.347122143,0.0,690.8357,0.0,0.0,0.0,0.0,0.0,0.0,-1.5707964,0.0
1970-01-01 00:00:00.347270827,0.347270827,0.0,0.0,0.0,300.62057,0.0,0.0,0.0,0.0,-1.5707964,0.0
1970-01-01 00:00:00.347491843,0.347491843,431.7597,0.0,0.0,0.0,0.0,0.0,0.0,0.0,-1.5707964,0.0
1970-01-01 00:00:00.347510822,0.347510822,0.0,0.0,0.0,0.0,0.0,435.21555,0.0,0.0,-1.5707964,0.0
1970-01-01 00:00:00.347549432,0.347549432,0.0,0.0,268.49106,0.0,0.0,0.0,0.0,0.0,-1.5707964,0.0
1970-01-01 00:00:00.347674993,0.347674993,0.0,0.0,0.0,1018.30945,0.0,0.0,0.0,0.0,-1.5707964,0.0
1970-01-01 00:00:00.347728776,0.347728776,0.0,0.0,0.0,0.0,0.0,349.27222,0.0,0.0,-1.5707964,0.0
1970-01-01 00:00:00.347745983,0.347745983,0.0,0.0,0.0,954.0004,0.0,0.0,0.0,0.0,-1.5707964,0.0
1970-01-01 00:00:00.347745983,0.347745983,0.0,0.0,0.0,0.0,0.0,727.51117,0.0,0.0,-1.5707964,0.0
1970-01-01 00:00:00.347791640,0.34779164,0.0,0.0,0.0,0.0,0.0,296.63406,0.0,0.0,-1.5707964,0.0
1970-01-01 00:00:00.347858059,0.347858059,0.0,0.0,0.0,0.0,0.0,302.14755,0.0,0.0,-1.5707964,0.0
1970-01-01 00:00:00.347991992,0.347991992,0.0,0.0,0.0,150.61192,0.0,0.0,0.0,0.0,-1.5707964,0.0
1970-01-01 00:00:00.348032661,0.348032661,0.0,0.0,0.0,0.0,0.0,90.10812,0.0,0.0,-1.5707964,0.0
1970-01-01 00:00:00.348086114,0.348086114,0.0,0.0,513.8865,0.0,0.0,0.0,0.0,0.0,-1.5707964,0.0
1970-01-01 00:00:00.348086114,0.348086114,0.0,0.0,0.0,0.0,0.0,3808.6907,0.0,0.0,-1.5707964,0.0
1970-01-01 00:00:00.348115950,0.34811595,0.0,0.0,0.0,141.55496,0.0,0.0,0.0,0.0,-1.5707964,0.0
1970-01-01 00:00:00.348138645,0.348138645,0.0,0.0,0.0,1075.8044,0.0,0.0,0.0,0.0,-1.5707964,0.0
1970-01-01 00:00:00.348179488,0.348179488,0.0,0.0,0.0,0.0,703.7648,0.0,0.0,0.0,-1.5707964,0.0
1970-01-01 00:00:00.348231174,0.348231174,0.0,0.0,0.0,0.0,0.0,1138.8845,0.0,0.0,-1.5707964,0.0
1970-01-01 00:00:00.348284967,0.348284967,0.0,0.0,0.0,330.3043,0.0,0.0,0.0,0.0,-1.5707964,0.0
1970-01-01 00:00:00.348321683,0.348321683,185.36324,0.0,0.0,0.0,0.0,0.0,0.0,0.0,-1.5707964,0.0
1970-01-01 00:00:00.348333691,0.348333691,0.0,0.0,0.0,0.0,0.0,336.92194,0.0,0.0,-1.5707964,0.0
1970-01-01 00:00:00.348422979,0.348422979,0.0,0.0,246.47249,0.0,0.0,0.0,0.0,0.0,-1.5707964,0.0
1970-01-01 00:00:00.348439404,0.348439404,0.0,0.0,0.0,0.0,0.0,135.04507,0.0,0.0,-1.5707964,0.0
1970-01-01 00:00:00.348478653,0.348478653,0.0,0.0,0.0,323.17035,0.0,0.0,0.0,0.0,-1.5707964,0.0
1970-01-01 00:00:00.348504576,0.348504576,0.0,0.0,0.0,0.0,0.0,130.0291,0.0,0.0,-1.5707964,0.0
1970-01-01 00:00:00.348545082,0.348545082,746.5178,0.0,0.0,0.0,0.0,0.0,0.0,0.0,-1.5707964,0.0
1970-01-01 00:00:00.348546981,0.348546981,0.0,0.0,0.0,336.3686,0.0,0.0,0.0,0.0,-1.5707964,0.0
1970-01-01 00:00:00.348550314,0.348550314,0.0,0.0,0.0,154.73228,0.0,0.0,0.0,0.0,-1.5707964,0.0
1970-01-01 00:00:00.348581855,0.348581855,0.0,0.0,1462.4484,0.0,0.0,0.0,0.0,0.0,-1.5707964,0.0
1970-01-01 00:00:00.348583366,0.348583366,0.0,0.0,0.0,0.0,0.0,182.46573,0.0,0.0,-1.5707964,0.0
1970-01-01 00:00:00.348622888,0.348622888,0.0,187.36234,0.0,0.0,0.0,0.0,0.0,0.0,-1.5707964,0.0
1970-01-01 00:00:00.348724142,0.348724142,0.0,0.0,0.0,292.7009,0.0,0.0,0.0,0.0,-1.5707964,0.0
1970-01-01 00:00:00.348737538,0.348737538,0.0,480.55536,0.0,0.0,0.0,0.0,0.0,0.0,-1.5707964,0.0
1970-01-01 00:00:00.348887672,0.348887672,0.0,0.0,0.0,0.0,430.23413,0.0,0.0,0.0,-1.5707964,0.0
1970-01-01 00:00:00.348900008,0.348900008,0.0,0.0,108.531296,0.0,0.0,0.0,0.0,0.0,-1.5707964,0.0
1970-01-01 00:00:00.348922466,0.348922466,410.10904,0.0,0.0,0.0,0.0,0.0,0.0,0.0,-1.5707964,0.0
1970-01-01 00:00:00.348942749,0.348942749,0.0,0.0,0.0,198.93628,0.0,0.0,0.0,0.0,-1.5707964,0.0
1970-01-01 00:00:00.348991777,0.348991777,0.0,0.0,144.51007,0.0,0.0,0.0,0.0,0.0,-1.5707964,0.0
1970-01-01 00:00:00.348995386,0.348995386,0.0,0.0,0.0,0.0,0.0,126.15852,0.0,0.0,-1.5707964,0.0
1970-01-01 00:00:00.349097122,0.349097122,0.0,0.0,712.91345,0.0,0.0,0.0,0.0,0.0,-1.5707964,0.0
1970-01-01 00:00:00.349123677,0.349123677,0.0,0.0,523.88464,0.0,0.0,0.0,0.0,0.0,-1.5707964,0.0
1970-01-01 00:00:00.349124067,0.349124067,0.0,0.0,0.0,0.0,926.383,0.0,0.0,0.0,-1.5707964,0.0
1970-01-01 00:00:00.349148719,0.349148719,0.0,0.0,257.5818,0.0,0.0,0.0,0.0,0.0,-1.5707964,0.0
1970-01-01 00:00:00.349166190,0.34916619,0.0,0.0,0.0,0.0,0.0,758.56366,0.0,0.0,-1.5707964,0.0
1970-01-01 00:00:00.349179021,0.349179021,0.0,0.0,0.0,0.0,0.0,190.35025,0.0,0.0,-1.5707964,0.0
1970-01-01 00:00:00.349196581,0.349196581,95.06491,0.0,0.0,0.0,0.0,0.0,0.0,0.0,-1.5707964,0.0
1970-01-01 00:00:00.349211237,0.349211237,92.50707,0.0,0.0,0.0,0.0,0.0,0.0,0.0,-1.5707964,0.0
1970-01-01 00:00:00.349359316,0.349359316,0.0,0.0,104.278206,0.0,0.0,0.0,0.0,0.0,-1.5707964,0.0
1970-01-01 00:00:00.349359316,0.349359316,0.0,0.0,0.0,0.0,221.81293,0.0,0.0,0.0,-1.5707964,0.0
1970-01-01 00:00:00.349419011,0.349419011,0.0,0.0,0.0,0.0,0.0,277.95627,0.0,0.0,-1.5707964,0.0
1970-01-01 00:00:00.349434344,0.349434344,0.0,0.0,0.0,137.00859,0.0,0.0,0.0,0.0,-1.5707964,0.0
1970-01-01 00:00:00.349486367,0.349486367,0.0,0.0,0.0,0.0,0.0,863.2891,0.0,0.0,-1.5707964,0.0
1970-01-01 00:00:00.349529774,0.349529774,0.0,0.0,0.0,0.0,0.0,124.07878,0.0,0.0,-1.5707964,0.0
1970-01-01 00:00:00.349609689,0.349609689,0.0,0.0,0.0,88.97665,0.0,0.0,0.0,0.0,-1.5707964,0.0
1970-01-01 00:00:00.349609689,0.349609689,0.0,0.0,0.0,0.0,0.0,121.74926,0.0,0.0,-1.5707964,0.0
1970-01-01 00:00:00.349700464,0.349700464,0.0,0.0,0.0,0.0,256.9679,0.0,0.0,0.0,-1.5707964,0.0
1970-01-01 00:00:00.349705175,0.349705175,0.0,0.0,0.0,280.3897,0.0,0.0,0.0,0.0,-1.5707964,0.0
1970-01-01 00:00:00.349706640,0.34970664,0.0,0.0,0.0,0.0,0.0,95.553535,0.0,0.0,-1.5707964,0.0
1970-01-01 00:00:00.349719922,0.349719922,0.0,0.0,1358.113,0.0,0.0,0.0,0.0,0.0,-1.5707964,0.0
1970-01-01 00:00:00.349835353,0.349835353,0.0,109.839386,0.0,0.0,0.0,0.0,0.0,0.0,-1.5707964,0.0
1970-01-01 00:00:00.349869395,0.349869395,0.0,0.0,123.587166,0.0,0.0,0.0,0.0,0.0,-1.5707964,0.0
1970-01-01 00:00:00.349940782,0.349940782,0.0,0.0,0.0,0.0,0.0,134.27332,0.0,0.0,-1.5707964,0.0
1970-01-01 00:00:00.349993154,0.349993154,0.0,0.0,0.0,0.0,0.0,230.08252,0.0,0.0,-1.5707964,0.0
1970-01-01 00:00:00.350077423,0.350077423,0.0,172.67297,0.0,0.0,0.0,0.0,0.0,0.0,-1.5707964,0.0
1970-01-01 00:00:00.350079928,0.350079928,0.0,0.0,0.0,0.0,379.6895,0.0,0.0,0.0,-1.5707964,0.0
1970-01-01 00:00:00.350122929,0.350122929,0.0,0.0,0.0,221.96951,0.0,0.0,0.0,0.0,-1.5707964,0.0
1970-01-01 00:00:00.350138555,0.350138555,0.0,0.0,0.0,0.0,0.0,574.3012,0.0,0.0,-1.5707964,0.0
1970-01-01 00:00:00.350138555,0.350138555,0.0,0.0,0.0,0.0,0.0,322.5804,0.0,0.0,-1.5707964,0.0
1970-01-01 00:00:00.350162030,0.35016203,0.0,0.0,0.0,385.26114,0.0,0.0,0.0,0.0,-1.5707964,0.0
1970-01-01 00:00:00.350211976,0.350211976,0.0,0.0,0.0,165.37122,0.0,0.0,0.0,0.0,-1.5707964,0.0
1970-01-01 00:00:00.350227070,0.35022707,0.0,0.0,0.0,0.0,0.0,760.01935,0.0,0.0,-1.5707964,0.0
1970-01-01 00:00:00.350471514,0.350471514,0.0,0.0,0.0,218.36356,0.0,0.0,0.0,0.0,-1.5707964,0.0
1970-01-01 00:00:00.350502274,0.350502274,0.0,0.0,0.0,0.0,0.0,276.66055,0.0,0.0,-1.5707964,0.0
1970-01-01 00:00:00.350596155,0.350596155,132.81145,0.0,0.0,0.0,0.0,0.0,0.0,0.0,-1.5707964,0.0
1970-01-01 00:00:00.350603709,0.350603709,0.0,0.0,0.0,0.0,0.0,324.4216,0.0,0.0,-1.5707964,0.0
1970-01-01 00:00:00.350609429,0.350609429,0.0,0.0,0.0,0.0,0.0,745.92694,0.0,0.0,-1.5707964,0.0
1970-01-01 00:00:00.350641665,0.350641665,0.0,0.0,0.0,0.0,0.0,81.865585,0.0,0.0,-1.5707964,0.0
1970-01-01 00:00:00.350684796,0.350684796,0.0,0.0,0.0,0.0,447.59808,0.0,0.0,0.0,-1.5707964,0.0
1970-01-01 00:00:00.350759181,0.350759181,0.0,0.0,0.0,0.0,0.0,635.58246,0.0,0.0,-1.5707964,0.0
1970-01-01 00:00:00.350788594,0.350788594,0.0,0.0,371.7586,0.0,0.0,0.0,0.0,0.0,-1.5707964,0.0
1970-01-01 00:00:00.350857151,0.350857151,0.0,0.0,0.0,0.0,0.0,192.13358,0.0,0.0,-1.5707964,0.0
1970-01-01 00:00:00.350857812,0.350857812,0.0,0.0,0.0,738.6592,0.0,0.0,0.0,0.0,-1.5707964,0.0
1970-01-01 00:00:00.350898194,0.350898194,0.0,0.0,558.9633,0.0,0.0,0.0,0.0,0.0,-1.5707964,0.0
1970-01-01 00:00:00.350942867,0.350942867,0.0,0.0,0.0,0.0,413.9993,0.0,0.0,0.0,-1.5707964,0.0
1970-01-01 00:00:00.351006584,0.351006584,0.0,93.77447,0.0,0.0,0.0,0.0,0.0,0.0,-1.5707964,0.0
1970-01-01 00:00:00.351009600,0.3510096,0.0,0.0,0.0,0.0,520.5974,0.0,0.0,0.0,-1.5707964,0.0
1970-01-01 00:00:00.351027725,0.351027725,0.0,0.0,0.0,0.0,0.0,171.95856,0.0,0.0,-1.5707964,0.0
1970-01-01 00:00:00.351095775,0.351095775,0.0,0.0,0.0,0.0,279.95053,0.0,0.0,0.0,-1.5707964,0.0
1970-01-01 00:00:00.351099819,0.351099819,444.0223,0.0,0.0,0.0,0.0,0.0,0.0,0.0,-1.5707964,0.0
1970-01-01 00:00:00.351205218,0.351205218,0.0,209.29985,0.0,0.0,0.0,0.0,0.0,0.0,-1.5707964,0.0
1970-01-01 00:00:00.351240354,0.351240354,0.0,0.0,0.0,0.0,0.0,413.5493,0.0,0.0,-1.5707964,0.0
1970-01-01 00:00:00.351248834,0.351248834,0.0,0.0,0.0,992.7905,0.0,0.0,0.0,0.0,-1.5707964,0.0
1970-01-01 00:00:00.351268034,0.351268034,0.0,0.0,0.0,337.32623,0.0,0.0,0.0,0.0,-1.5707964,0.0
1970-01-01 00:00:00.351279932,0.351279932,0.0,0.0,0.0,286.24332,0.0,0.0,0.0,0.0,-1.5707964,0.0
1970-01-01 00:00:00.351419527,0.351419527,162.54022,0.0,0.0,0.0,0.0,0.0,0.0,0.0,-1.5707964,0.0
1970-01-01 00:00:00.351562258,0.351562258,0.0,0.0,0.0,816.46204,0.0,0.0,0.0,0.0,-1.5707964,0.0
1970-01-01 00:00:00.351644346,0.351644346,0.0,0.0,0.0,0.0,0.0,165.81683,0.0,0.0,-1.5707964,0.0
1970-01-01 00:00:00.351691827,0.351691827,261.1501,0.0,0.0,0.0,0.0,0.0,0.0,0.0,-1.5707964,0.0
1970-01-01 00:00:00.351717619,0.351717619,0.0,0.0,0.0,0.0,601.51794,0.0,0.0,0.0,-1.5707964,0.0
1970-01-01 00:00:00.351729889,0.351729889,0.0,0.0,0.0,1049.2039,0.0,0.0,0.0,0.0,-1.5707964,0.0
1970-01-01 00:00:00.351845884,0.351845884,0.0,0.0,0.0,0.0,0.0,269.65512,0.0,0.0,-1.5707964,0.0
1970-01-01 00:00:00.352066050,0.35206605,0.0,0.0,0.0,0.0,0.0,123.95567,0.0,0.0,-1.5707964,0.0
1970-01-01 00:00:00.352184284,0.352184284,0.0,0.0,0.0,0.0,331.02545,0.0,0.0,0.0,-1.5707964,0.0
1970-01-01 00:00:00.352195587,0.352195587,0.0,0.0,0.0,0.0,0.0,468.7494,0.0,0.0,-1.5707964,0.0
1970-01-01 00:00:00.352458462,0.352458462,0.0,0.0,0.0,0.0,0.0,154.95528,0.0,0.0,-1.5707964,0.0
1970-01-01 00:00:00.352480309,0.352480309,0.0,0.0,0.0,0.0,0.0,213.84383,0.0,0.0,-1.5707964,0.0
1970-01-01 00:00:00.352486930,0.35248693,0.0,0.0,0.0,666.0398,0.0,0.0,0.0,0.0,-1.5707964,0.0
1970-01-01 00:00:00.352605576,0.352605576,0.0,0.0,0.0,0.0,0.0,82.36463,0.0,0.0,-1.5707964,0.0
1970-01-01 00:00:00.352646026,0.352646026,0.0,0.0,0.0,176.3024,0.0,0.0,0.0,0.0,-1.5707964,0.0
1970-01-01 00:00:00.352657538,0.352657538,0.0,0.0,0.0,0.0,0.0,498.17557,0.0,0.0,-1.5707964,0.0
1970-01-01 00:00:00.352697152,0.352697152,0.0,0.0,0.0,0.0,243.07935,0.0,0.0,0.0,-1.5707964,0.0
1970-01-01 00:00:00.352723009,0.352723009,0.0,0.0,0.0,0.0,0.0,92.88612,0.0,0.0,-1.5707964,0.0
1970-01-01 00:00:00.352731423,0.352731423,0.0,0.0,1486.7081,0.0,0.0,0.0,0.0,0.0,-1.5707964,0.0
1970-01-01 00:00:00.352901878,0.352901878,0.0,0.0,0.0,0.0,0.0,443.4151,0.0,0.0,-1.5707964,0.0
1970-01-01 00:00:00.352926623,0.352926623,0.0,0.0,0.0,537.1213,0.0,0.0,0.0,0.0,-1.5707964,0.0
1970-01-01 00:00:00.352970748,0.352970748,0.0,245.6865,0.0,0.0,0.0,0.0,0.0,0.0,-1.5707964,0.0
1970-01-01 00:00:00.353052623,0.353052623,0.0,0.0,0.0,0.0,0.0,1049.7913,0.0,0.0,-1.5707964,0.0
1970-01-01 00:00:00.353185851,0.353185851,0.0,0.0,0.0,0.0,0.0,346.91464,0.0,0.0,-1.5707964,0.0
1970-01-01 00:00:00.353247800,0.3532478,0.0,0.0,0.0,1813.7139,0.0,0.0,0.0,0.0,-1.5707964,0.0
1970-01-01 00:00:00.353316437,0.353316437,0.0,0.0,0.0,318.77347,0.0,0.0,0.0,0.0,-1.5707964,0.0
1970-01-01 00:00:00.353369189,0.353369189,0.0,0.0,0.0,0.0,329.90207,0.0,0.0,0.0,-1.5707964,0.0
1970-01-01 00:00:00.353539338,0.353539338,0.0,0.0,241.1413,0.0,0.0,0.0,0.0,0.0,-1.5707964,0.0
1970-01-01 00:00:00.353556215,0.353556215,0.0,0.0,355.4918,0.0,0.0,0.0,0.0,0.0,-1.5707964,0.0
1970-01-01 00:00:00.353584998,0.353584998,0.0,0.0,0.0,0.0,138.39745,0.0,0.0,0.0,-1.5707964,0.0
1970-01-01 00:00:00.353647126,0.353647126,1213.8927,0.0,0.0,0.0,0.0,0.0,0.0,0.0,-1.5707964,0.0
1970-01-01 00:00:00.353653726,0.353653726,416.2463,0.0,0.0,0.0,0.0,0.0,0.0,0.0,-1.5707964,0.0
1970-01-01 00:00:00.353713745,0.353713745,0.0,0.0,87.17247,0.0,0.0,0.0,0.0,0.0,-1.5707964,0.0
1970-01-01 00:00:00.353741033,0.353741033,1001.28894,0.0,0.0,0.0,0.0,0.0,0.0,0.0,-1.5707964,0.0
1970-01-01 00:00:00.353750861,0.353750861,0.0,1089.6946,0.0,0.0,0.0,0.0,0.0,0.0,-1.5707964,0.0
1970-01-01 00:00:00.353846405,0.353846405,0.0,0.0,0.0,146.63487,0.0,0.0,0.0,0.0,-1.5707964,0.0
1970-01-01 00:00:00.353934815,0.353934815,0.0,0.0,0.0,657.3837,0.0,0.0,0.0,0.0,-1.5707964,0.0
1970-01-01 00:00:00.353941159,0.353941159,0.0,0.0,0.0,0.0,0.0,186.8583,0.0,0.0,-1.5707964,0.0
1970-01-01 00:00:00.353942262,0.353942262,0.0,0.0,0.0,91.61037,0.0,0.0,0.0,0.0,-1.5707964,0.0
1970-01-01 00:00:00.354046705,0.354046705,0.0,0.0,0.0,0.0,0.0,267.7207,0.0,0.0,-1.5707964,0.0
1970-01-01 00:00:00.354120001,0.354120001,0.0,0.0,0.0,232.05763,0.0,0.0,0.0,0.0,-1.5707964,0.0
1970-01-01 00:00:00.354132530,0.35413253,0.0,0.0,0.0,147.85335,0.0,0.0,0.0,0.0,-1.5707964,0.0
1970-01-01 00:00:00.354177627,0.354177627,0.0,0.0,0.0,467.38806,0.0,0.0,0.0,0.0,-1.5707964,0.0
1970-01-01 00:00:00.354203416,0.354203416,0.0,0.0,0.0,0.0,0.0,143.67581,0.0,0.0,-1.5707964,0.0
1970-01-01 00:00:00.354221578,0.354221578,0.0,0.0,0.0,0.0,0.0,1227.491,0.0,0.0,-1.5707964,0.0
1970-01-01 00:00:00.354450214,0.354450214,0.0,0.0,0.0,0.0,225.95314,0.0,0.0,0.0,-1.5707964,0.0
1970-01-01 00:00:00.354451351,0.354451351,2421.6057,0.0,0.0,0.0,0.0,0.0,0.0,0.0,-1.5707964,0.0
1970-01-01 00:00:00.354451351,0.354451351,0.0,0.0,0.0,0.0,0.0,1839.9028,0.0,0.0,-1.5707964,0.0
1970-01-01 00:00:00.354529749,0.354529749,0.0,0.0,285.12262,0.0,0.0,0.0,0.0,0.0,-1.5707964,0.0
1970-01-01 00:00:00.354530366,0.354530366,0.0,190.01022,0.0,0.0,0.0,0.0,0.0,0.0,-1.5707964,0.0
1970-01-01 00:00:00.354540202,0.354540202,0.0,0.0,0.0,609.68964,0.0,0.0,0.0,0.0,-1.5707964,0.0
1970-01-01 00:00:00.354555701,0.354555701,0.0,0.0,0.0,132.97093,0.0,0.0,0.0,0.0,-1.5707964,0.0
1970-01-01 00:00:00.354562660,0.35456266,346.11197,0.0,0.0,0.0,0.0,0.0,0.0,0.0,-1.5707964,0.0
1970-01-01 00:00:00.354749741,0.354749741,0.0,0.0,0.0,258.7252,0.0,0.0,0.0,0.0,-1.5707964,0.0
1970-01-01 00:00:00.354753150,0.35475315,0.0,0.0,0.0,96.84278,0.0,0.0,0.0,0.0,-1.5707964,0.0
1970-01-01 00:00:00.354805531,0.354805531,0.0,0.0,0.0,0.0,0.0,136.08191,0.0,0.0,-1.5707964,0.0
1970-01-01 00:00:00.354828857,0.354828857,0.0,0.0,0.0,358.7502,0.0,0.0,0.0,0.0,-1.5707964,0.0
1970-01-01 00:00:00.354830524,0.354830524,0.0,0.0,0.0,0.0,292.15872,0.0,0.0,0.0,-1.5707964,0.0
1970-01-01 00:00:00.355058760,0.35505876,0.0,0.0,1154.7214,0.0,0.0,0.0,0.0,0.0,-1.5707964,0.0
1970-01-01 00:00:00.355160384,0.355160384,0.0,0.0,0.0,0.0,0.0,209.31607,0.0,0.0,-1.5707964,0.0
1970-01-01 00:00:00.355192129,0.355192129,0.0,0.0,0.0,171.29987,0.0,0.0,0.0,0.0,-1.5707964,0.0
1970-01-01 00:00:00.355268138,0.355268138,0.0,0.0,0.0,0.0,0.0,682.4913,0.0,0.0,-1.5707964,0.0
1970-01-01 00:00:00.355321644,0.355321644,869.09076,0.0,0.0,0.0,0.0,0.0,0.0,0.0,-1.5707964,0.0
1970-01-01 00:00:00.355342700,0.3553427,0.0,0.0,0.0,304.89005,0.0,0.0,0.0,0.0,-1.5707964,0.0
1970-01-01 00:00:00.355552283,0.355552283,0.0,0.0,2330.2532,0.0,0.0,0.0,0.0,0.0,-1.5707964,0.0
1970-01-01 00:00:00.355597405,0.355597405,0.0,0.0,0.0,0.0,194.12611,0.0,0.0,0.0,-1.5707964,0.0
1970-01-01 00:00:00.355600407,0.355600407,0.0,0.0,0.0,0.0,0.0,350.40924,0.0,0.0,-1.5707964,0.0
1970-01-01 00:00:00.355619039,0.355619039,0.0,0.0,0.0,0.0,398.18967,0.0,0.0,0.0,-1.5707964,0.0
1970-01-01 00:00:00.355728262,0.355728262,0.0,0.0,0.0,0.0,0.0,183.19177,0.0,0.0,-1.5707964,0.0
1970-01-01 00:00:00.355776998,0.355776998,0.0,0.0,0.0,141.16278,0.0,0.0,0.0,0.0,-1.5707964,0.0
1970-01-01 00:00:00.355819458,0.355819458,0.0,84.226166,0.0,0.0,0.0,0.0,0.0,0.0,-1.5707964,0.0
1970-01-01 00:00:00.355914792,0.355914792,793.8174,0.0,0.0,0.0,0.0,0.0,0.0,0.0,-1.5707964,0.0
1970-01-01 00:00:00.355944121,0.355944121,0.0,512.79083,0.0,0.0,0.0,0.0,0.0,0.0,-1.5707964,0.0
1970-01-01 00:00:00.356062591,0.356062591,0.0,0.0,0.0,0.0,560.13654,0.0,0.0,0.0,-1.5707964,0.0
1970-01-01 00:00:00.356064984,0.356064984,0.0,104.82063,0.0,0.0,0.0,0.0,0.0,0.0,-1.5707964,0.0
1970-01-01 00:00:00.356090250,0.35609025,0.0,0.0,0.0,168.0321,0.0,0.0,0.0,0.0,-1.5707964,0.0
1970-01-01 00:00:00.356142240,0.35614224,0.0,0.0,0.0,1605.6278,0.0,0.0,0.0,0.0,-1.5707964,0.0
1970-01-01 00:00:00.356210264,0.356210264,0.0,0.0,0.0,0.0,0.0,297.23462,0.0,0.0,-1.5707964,0.0
1970-01-01 00:00:00.356296845,0.356296845,0.0,774.73206,0.0,0.0,0.0,0.0,0.0,0.0,-1.5707964,0.0
1970-01-01 00:00:00.356463086,0.356463086,0.0,0.0,0.0,0.0,203.18091,0.0,0.0,0.0,-1.5707964,0.0
1970-01-01 00:00:00.356604848,0.356604848,0.0,0.0,0.0,0.0,0.0,272.54684,0.0,0.0,-1.5707964,0.0
1970-01-01 00:00:00.356622598,0.356622598,0.0,0.0,0.0,0.0,0.0,357.3596,0.0,0.0,-1.5707964,0.0
1970-01-01 00:00:00.356710436,0.356710436,0.0,0.0,0.0,0.0,0.0,289.33453,0.0,0.0,-1.5707964,0.0
1970-01-01 00:00:00.356757692,0.356757692,0.0,0.0,0.0,0.0,415.85623,0.0,0.0,0.0,-1.5707964,0.0
1970-01-01 00:00:00.356793165,0.356793165,0.0,0.0,0.0,174.69542,0.0,0.0,0.0,0.0,-1.5707964,0.0
1970-01-01 00:00:00.356862324,0.356862324,0.0,0.0,0.0,0.0,0.0,1134.2821,0.0,0.0,-1.5707964,0.0
1970-01-01 00:00:00.356901495,0.356901495,0.0,0.0,457.48392,0.0,0.0,0.0,0.0,0.0,-1.5707964,0.0
1970-01-01 00:00:00.356924999,0.356924999,0.0,153.78134,0.0,0.0,0.0,0.0,0.0,0.0,-1.5707964,0.0
1970-01-01 00:00:00.356925229,0.356925229,0.0,0.0,275.10886,0.0,0.0,0.0,0.0,0.0,-1.5707964,0.0
1970-01-01 00:00:00.357014929,0.357014929,0.0,0.0,0.0,0.0,0.0,165.44711,0.0,0.0,-1.5707964,0.0
1970-01-01 00:00:00.357054386,0.357054386,0.0,0.0,0.0,0.0,654.3487,0.0,0.0,0.0,-1.5707964,0.0
1970-01-01 00:00:00.357113581,0.357113581,0.0,0.0,0.0,119.96632,0.0,0.0,0.0,0.0,-1.5707964,0.0
1970-01-01 00:00:00.357185483,0.357185483,0.0,0.0,0.0,92.83441,0.0,0.0,0.0,0.0,-1.5707964,0.0
1970-01-01 00:00:00.357235527,0.357235527,0.0,0.0,0.0,0.0,0.0,297.2757,0.0,0.0,-1.5707964,0.0
1970-01-01 00:00:00.357400607,0.357400607,0.0,0.0,0.0,0.0,111.21242,0.0,0.0,0.0,-1.5707964,0.0
1970-01-01 00:00:00.357455984,0.357455984,0.0,0.0,1925.9666,0.0,0.0,0.0,0.0,0.0,-1.5707964,0.0
1970-01-01 00:00:00.357470740,0.35747074,0.0,183.55365,0.0,0.0,0.0,0.0,0.0,0.0,-1.5707964,0.0
1970-01-01 00:00:00.357525098,0.357525098,0.0,364.32303,0.0,0.0,0.0,0.0,0.0,0.0,-1.5707964,0.0
1970-01-01 00:00:00.357541397,0.357541397,0.0,0.0,0.0,0.0,193.92336,0.0,0.0,0.0,-1.5707964,0.0
1970-01-01 00:00:00.357565281,0.357565281,0.0,0.0,362.054,0.0,0.0,0.0,0.0,0.0,-1.5707964,0.0
1970-01-01 00:00:00.357628587,0.357628587,0.0,0.0,0.0,0.0,0.0,241.70494,0.0,0.0,-1.5707964,0.0
1970-01-01 00:00:00.357686866,0.357686866,0.0,0.0,0.0,0.0,192.76541,0.0,0.0,0.0,-1.5707964,0.0
1970-01-01 00:00:00.357687081,0.357687081,0.0,0.0,0.0,0.0,0.0,290.82684,0.0,0.0,-1.5707964,0.0
1970-01-01 00:00:00.357739698,0.357739698,0.0,0.0,0.0,0.0,81.575294,0.0,0.0,0.0,-1.5707964,0.0
1970-01-01 00:00:00.357841751,0.357841751,0.0,0.0,0.0,0.0,0.0,599.9793,0.0,0.0,-1.5707964,0.0
1970-01-01 00:00:00.358050767,0.358050767,0.0,0.0,0.0,115.22166,0.0,0.0,0.0,0.0,-1.5707964,0.0
1970-01-01 00:00:00.358057390,0.35805739,0.0,276.1285,0.0,0.0,0.0,0.0,0.0,0.0,-1.5707964,0.0
1970-01-01 00:00:00.358071538,0.358071538,0.0,0.0,213.61908,0.0,0.0,0.0,0.0,0.0,-1.5707964,0.0
1970-01-01 00:00:00.358322832,0.358322832,0.0,0.0,0.0,0.0,0.0,276.92834,0.0,0.0,-1.5707964,0.0
1970-01-01 00:00:00.358407996,0.358407996,0.0,0.0,756.78064,0.0,0.0,0.0,0.0,0.0,-1.5707964,0.0
1970-01-01 00:00:00.358423605,0.358423605,0.0,0.0,0.0,0.0,370.33636,0.0,0.0,0.0,-1.5707964,0.0
1970-01-01 00:00:00.358427310,0.35842731,0.0,0.0,0.0,0.0,200.08571,0.0,0.0,0.0,-1.5707964,0.0
1970-01-01 00:00:00.358524663,0.358524663,0.0,0.0,0.0,0.0,0.0,322.55664,0.0,0.0,-1.5707964,0.0
1970-01-01 00:00:00.358565665,0.358565665,0.0,0.0,0.0,0.0,0.0,152.72119,0.0,0.0,-1.5707964,0.0
1970-01-01 00:00:00.358591380,0.35859138,0.0,0.0,0.0,0.0,0.0,188.97534,0.0,0.0,-1.5707964,0.0
1970-01-01 00:00:00.358622564,0.358622564,0.0,0.0,0.0,0.0,0.0,229.08627,0.0,0.0,-1.5707964,0.0
1970-01-01 00:00:00.358628904,0.358628904,0.0,515.5532,0.0,0.0,0.0,0.0,0.0,0.0,-1.5707964,0.0
1970-01-01 00:00:00.358657577,0.358657577,0.0,0.0,0.0,0.0,132.84381,0.0,0.0,0.0,-1.5707964,0.0
1970-01-01 00:00:00.358659667,0.358659667,0.0,255.29964,0.0,0.0,0.0,0.0,0.0,0.0,-1.5707964,0.0
1970-01-01 00:00:00.358786819,0.358786819,0.0,0.0,0.0,484.45694,0.0,0.0,0.0,0.0,-1.5707964,0.0
1970-01-01 00:00:00.359036926,0.359036926,0.0,0.0,0.0,87.24996,0.0,0.0,0.0,0.0,-1.5707964,0.0
1970-01-01 00:00:00.359150981,0.359150981,0.0,0.0,0.0,0.0,0.0,125.20179,0.0,0.0,-1.5707964,0.0
1970-01-01 00:00:00.359203750,0.35920375,0.0,0.0,0.0,1942.2815,0.0,0.0,0.0,0.0,-1.5707964,0.0
1970-01-01 00:00:00.359278039,0.359278039,0.0,0.0,0.0,0.0,1739.3535,0.0,0.0,0.0,-1.5707964,0.0
1970-01-01 00:00:00.359282983,0.359282983,0.0,0.0,0.0,425.79477,0.0,0.0,0.0,0.0,-1.5707964,0.0
1970-01-01 00:00:00.359381978,0.359381978,0.0,0.0,0.0,0.0,333.57608,0.0,0.0,0.0,-1.5707964,0.0
1970-01-01 00:00:00.359604940,0.35960494,0.0,0.0,0.0,0.0,457.7334,0.0,0.0,0.0,-1.5707964,0.0
1970-01-01 00:00:00.359614234,0.359614234,0.0,0.0,0.0,0.0,134.43823,0.0,0.0,0.0,-1.5707964,0.0
1970-01-01 00:00:00.359761981,0.359761981,0.0,0.0,0.0,92.60942,0.0,0.0,0.0,0.0,-1.5707964,0.0
1970-01-01 00:00:00.359779364,0.359779364,0.0,0.0,0.0,286.15317,0.0,0.0,0.0,0.0,-1.5707964,0.0
1970-01-01 00:00:00.359817709,0.359817709,0.0,0.0,0.0,0.0,0.0,1106.0402,0.0,0.0,-1.5707964,0.0
1970-01-01 00:00:00.360073630,0.36007363,0.0,0.0,0.0,89.9682,0.0,0.0,0.0,0.0,-1.5707964,0.0
1970-01-01 00:00:00.360079987,0.360079987,0.0,0.0,633.16565,0.0,0.0,0.0,0.0,0.0,-1.5707964,0.0
1970-01-01 00:00:00.360086754,0.360086754,0.0,0.0,831.89624,0.0,0.0,0.0,0.0,0.0,-1.5707964,0.0
1970-01-01 00:00:00.360092280,0.36009228,0.0,0.0,0.0,462.6203,0.0,0.0,0.0,0.0,-1.5707964,0.0
1970-01-01 00:00:00.360109595,0.360109595,0.0,0.0,0.0,0.0,0.0,379.8409,0.0,0.0,-1.5707964,0.0
1970-01-01 00:00:00.360310368,0.360310368,0.0,0.0,0.0,0.0,0.0,1087.2534,0.0,0.0,-1.5707964,0.0
1970-01-01 00:00:00.360329410,0.36032941,0.0,0.0,0.0,1980.1044,0.0,0.0,0.0,0.0,-1.5707964,0.0
1970-01-01 00:00:00.360387757,0.360387757,0.0,0.0,0.0,255.27367,0.0,0.0,0.0,0.0,-1.5707964,0.0
1970-01-01 00:00:00.360490317,0.360490317,0.0,0.0,0.0,0.0,0.0,1246.5265,0.0,0.0,-1.5707964,0.0
1970-01-01 00:00:00.360507968,0.360507968,0.0,0.0,0.0,0.0,426.68604,0.0,0.0,0.0,-1.5707964,0.0
1970-01-01 00:00:00.360634455,0.360634455,0.0,0.0,0.0,0.0,676.3026,0.0,0.0,0.0,-1.5707964,0.0
1970-01-01 00:00:00.360634559,0.360634559,0.0,0.0,0.0,0.0,0.0,275.5956,0.0,0.0,-1.5707964,0.0
1970-01-01 00:00:00.360672198,0.360672198,0.0,0.0,0.0,95.57949,0.0,0.0,0.0,0.0,-1.5707964,0.0
1970-01-01 00:00:00.360787058,0.360787058,0.0,0.0,0.0,0.0,0.0,319.47678,0.0,0.0,-1.5707964,0.0
1970-01-01 00:00:00.360812612,0.360812612,0.0,0.0,0.0,1249.1477,0.0,0.0,0.0,0.0,-1.5707964,0.0
1970-01-01 00:00:00.360828291,0.360828291,0.0,0.0,0.0,0.0,0.0,526.7818,0.0,0.0,-1.5707964,0.0
1970-01-01 00:00:00.360932336,0.360932336,0.0,0.0,0.0,148.52353,0.0,0.0,0.0,0.0,-1.5707964,0.0
1970-01-01 00:00:00.360988588,0.360988588,0.0,0.0,0.0,0.0,0.0,177.9561,0.0,0.0,-1.5707964,0.0
1970-01-01 00:00:00.361025086,0.361025086,0.0,0.0,0.0,0.0,284.88354,0.0,0.0,0.0,-1.5707964,0.0
1970-01-01 00:00:00.361077176,0.361077176,0.0,0.0,0.0,0.0,0.0,269.5526,0.0,0.0,-1.5707964,0.0
1970-01-01 00:00:00.361088545,0.361088545,0.0,0.0,129.52766,0.0,0.0,0.0,0.0,0.0,-1.5707964,0.0
1970-01-01 00:00:00.361094271,0.361094271,0.0,0.0,263.43198,0.0,0.0,0.0,0.0,0.0,-1.5707964,0.0
1970-01-01 00:00:00.361094271,0.361094271,0.0,0.0,0.0,0.0,0.0,135.43117,0.0,0.0,-1.5707964,0.0
1970-01-01 00:00:00.361132321,0.361132321,0.0,0.0,0.0,0.0,475.16052,0.0,0.0,0.0,-1.5707964,0.0
1970-01-01 00:00:00.361183871,0.361183871,0.0,0.0,0.0,0.0,0.0,116.90474,0.0,0.0,-1.5707964,0.0
1970-01-01 00:00:00.361246704,0.361246704,0.0,0.0,0.0,0.0,0.0,300.46808,0.0,0.0,-1.5707964,0.0
1970-01-01 00:00:00.361653216,0.361653216,0.0,0.0,170.2445,0.0,0.0,0.0,0.0,0.0,-1.5707964,0.0
1970-01-01 00:00:00.361712777,0.361712777,0.0,0.0,0.0,1064.3184,0.0,0.0,0.0,0.0,-1.5707964,0.0
1970-01-01 00:00:00.361808455,0.361808455,0.0,0.0,803.43494,0.0,0.0,0.0,0.0,0.0,-1.5707964,0.0
1970-01-01 00:00:00.361889548,0.361889548,0.0,0.0,475.60977,0.0,0.0,0.0,0.0,0.0,-1.5707964,0.0
1970-01-01 00:00:00.361946891,0.361946891,0.0,0.0,0.0,662.4619,0.0,0.0,0.0,0.0,-1.5707964,0.0
1970-01-01 00:00:00.362049206,0.362049206,0.0,0.0,0.0,0.0,0.0,425.69897,0.0,0.0,-1.5707964,0.0
1970-01-01 00:00:00.362119319,0.362119319,0.0,0.0,0.0,518.79614,0.0,0.0,0.0,0.0,-1.5707964,0.0
1970-01-01 00:00:00.362246576,0.362246576,0.0,0.0,0.0,0.0,0.0,366.84344,0.0,0.0,-1.5707964,0.0
1970-01-01 00:00:00.362313151,0.362313151,0.0,0.0,0.0,0.0,0.0,939.4125,0.0,0.0,-1.5707964,0.0
1970-01-01 00:00:00.362343689,0.362343689,0.0,0.0,176.25243,0.0,0.0,0.0,0.0,0.0,-1.5707964,0.0
1970-01-01 00:00:00.362590586,0.362590586,0.0,160.23026,0.0,0.0,0.0,0.0,0.0,0.0,-1.5707964,0.0
1970-01-01 00:00:00.362605955,0.362605955,0.0,0.0,0.0,0.0,0.0,201.6947,0.0,0.0,-1.5707964,0.0
1970-01-01 00:00:00.362845601,0.362845601,0.0,0.0,0.0,300.3412,0.0,0.0,0.0,0.0,-1.5707964,0.0
1970-01-01 00:00:00.362851177,0.362851177,0.0,0.0,0.0,0.0,721.8013,0.0,0.0,0.0,-1.5707964,0.0
1970-01-01 00:00:00.363026209,0.363026209,0.0,0.0,0.0,0.0,0.0,324.41074,0.0,0.0,-1.5707964,0.0
1970-01-01 00:00:00.363045664,0.363045664,0.0,0.0,0.0,0.0,0.0,276.98148,0.0,0.0,-1.5707964,0.0
1970-01-01 00:00:00.363107674,0.363107674,0.0,0.0,315.1551,0.0,0.0,0.0,0.0,0.0,-1.5707964,0.0
1970-01-01 00:00:00.363172723,0.363172723,0.0,0.0,0.0,0.0,0.0,241.48415,0.0,0.0,-1.5707964,0.0
1970-01-01 00:00:00.363221684,0.363221684,0.0,0.0,0.0,0.0,0.0,453.31998,0.0,0.0,-1.5707964,0.0
1970-01-01 00:00:00.363270276,0.363270276,0.0,0.0,0.0,203.95462,0.0,0.0,0.0,0.0,-1.5707964,0.0
1970-01-01 00:00:00.363350420,0.36335042,0.0,0.0,323.70898,0.0,0.0,0.0,0.0,0.0,-1.5707964,0.0
1970-01-01 00:00:00.363452348,0.363452348,0.0,0.0,0.0,0.0,0.0,188.16866,0.0,0.0,-1.5707964,0.0
1970-01-01 00:00:00.363453972,0.363453972,0.0,0.0,0.0,0.0,0.0,102.54474,0.0,0.0,-1.5707964,0.0
1970-01-01 00:00:00.363536998,0.363536998,0.0,0.0,0.0,0.0,0.0,171.41917,0.0,0.0,-1.5707964,0.0
1970-01-01 00:00:00.363702408,0.363702408,0.0,0.0,0.0,0.0,0.0,202.71791,0.0,0.0,-1.5707964,0.0
1970-01-01 00:00:00.363804373,0.363804373,0.0,0.0,0.0,0.0,0.0,460.70798,0.0,0.0,-1.5707964,0.0
1970-01-01 00:00:00.363893470,0.36389347,0.0,0.0,0.0,0.0,550.67487,0.0,0.0,0.0,-1.5707964,0.0
1970-01-01 00:00:00.363911367,0.363911367,0.0,0.0,0.0,0.0,0.0,559.32556,0.0,0.0,-1.5707964,0.0
1970-01-01 00:00:00.363938186,0.363938186,0.0,0.0,0.0,0.0,0.0,352.48337,0.0,0.0,-1.5707964,0.0
1970-01-01 00:00:00.363977268,0.363977268,0.0,0.0,0.0,0.0,0.0,646.7917,0.0,0.0,-1.5707964,0.0
1970-01-01 00:00:00.363991042,0.363991042,222.54143,0.0,0.0,0.0,0.0,0.0,0.0,0.0,-1.5707964,0.0
1970-01-01 00:00:00.364083051,0.364083051,274.137,0.0,0.0,0.0,0.0,0.0,0.0,0.0,-1.5707964,0.0
1970-01-01 00:00:00.364175157,0.364175157,0.0,664.7466,0.0,0.0,0.0,0.0,0.0,0.0,-1.5707964,0.0
1970-01-01 00:00:00.364226842,0.364226842,0.0,0.0,0.0,0.0,0.0,473.417,0.0,0.0,-1.5707964,0.0
1970-01-01 00:00:00.364370091,0.364370091,0.0,0.0,0.0,0.0,223.65056,0.0,0.0,0.0,-1.5707964,0.0
1970-01-01 00:00:00.364419899,0.364419899,0.0,0.0,0.0,0.0,2966.9,0.0,0.0,0.0,-1.5707964,0.0
1970-01-01 00:00:00.364463083,0.364463083,0.0,0.0,0.0,0.0,0.0,259.70477,0.0,0.0,-1.5707964,0.0
1970-01-01 00:00:00.364511277,0.364511277,0.0,0.0,0.0,0.0,0.0,573.8351,0.0,0.0,-1.5707964,0.0
1970-01-01 00:00:00.364548174,0.364548174,355.4662,0.0,0.0,0.0,0.0,0.0,0.0,0.0,-1.5707964,0.0
1970-01-01 00:00:00.364621556,0.364621556,0.0,0.0,0.0,94.74573,0.0,0.0,0.0,0.0,-1.5707964,0.0
1970-01-01 00:00:00.364637397,0.364637397,0.0,0.0,0.0,0.0,0.0,756.5426,0.0,0.0,-1.5707964,0.0
1970-01-01 00:00:00.364755161,0.364755161,0.0,0.0,0.0,270.10278,0.0,0.0,0.0,0.0,-1.5707964,0.0
1970-01-01 00:00:00.364887876,0.364887876,0.0,0.0,0.0,0.0,0.0,484.33624,0.0,0.0,-1.5707964,0.0
1970-01-01 00:00:00.364905183,0.364905183,0.0,0.0,328.1579,0.0,0.0,0.0,0.0,0.0,-1.5707964,0.0
1970-01-01 00:00:00.364936943,0.364936943,0.0,0.0,0.0,264.58636,0.0,0.0,0.0,0.0,-1.5707964,0.0
1970-01-01 00:00:00.364992342,0.364992342,0.0,0.0,0.0,0.0,0.0,120.937225,0.0,0.0,-1.5707964,0.0
1970-01-01 00:00:00.365009252,0.365009252,0.0,0.0,0.0,0.0,0.0,99.892815,0.0,0.0,-1.5707964,0.0
1970-01-01 00:00:00.365021047,0.365021047,0.0,0.0,1278.8467,0.0,0.0,0.0,0.0,0.0,-1.5707964,0.0
1970-01-01 00:00:00.365045852,0.365045852,0.0,0.0,0.0,158.99902,0.0,0.0,0.0,0.0,-1.5707964,0.0
1970-01-01 00:00:00.365069899,0.365069899,0.0,0.0,0.0,219.68367,0.0,0.0,0.0,0.0,-1.5707964,0.0
1970-01-01 00:00:00.365126561,0.365126561,1526.6749,0.0,0.0,0.0,0.0,0.0,0.0,0.0,-1.5707964,0.0
1970-01-01 00:00:00.365186073,0.365186073,0.0,0.0,0.0,0.0,0.0,747.5452,0.0,0.0,-1.5707964,0.0
1970-01-01 00:00:00.365220194,0.365220194,0.0,0.0,0.0,356.25415,0.0,0.0,0.0,0.0,-1.5707964,0.0
1970-01-01 00:00:00.365282723,0.365282723,105.33094,0.0,0.0,0.0,0.0,0.0,0.0,0.0,-1.5707964,0.0
1970-01-01 00:00:00.365347595,0.365347595,0.0,0.0,0.0,0.0,0.0,1283.6976,0.0,0.0,-1.5707964,0.0
1970-01-01 00:00:00.365388579,0.365388579,0.0,273.16418,0.0,0.0,0.0,0.0,0.0,0.0,-1.5707964,0.0
1970-01-01 00:00:00.365469315,0.365469315,0.0,0.0,238.712,0.0,0.0,0.0,0.0,0.0,-1.5707964,0.0
1970-01-01 00:00:00.365573152,0.365573152,0.0,0.0,0.0,0.0,0.0,356.46234,0.0,0.0,-1.5707964,0.0
1970-01-01 00:00:00.365595621,0.365595621,0.0,0.0,98.694664,0.0,0.0,0.0,0.0,0.0,-1.5707964,0.0
1970-01-01 00:00:00.365855779,0.365855779,0.0,0.0,0.0,841.34753,0.0,0.0,0.0,0.0,-1.5707964,0.0
1970-01-01 00:00:00.365946532,0.365946532,0.0,0.0,0.0,223.04707,0.0,0.0,0.0,0.0,-1.5707964,0.0
1970-01-01 00:00:00.365954149,0.365954149,0.0,0.0,0.0,166.4446,0.0,0.0,0.0,0.0,-1.5707964,0.0
1970-01-01 00:00:00.365962508,0.365962508,0.0,0.0,0.0,0.0,0.0,223.35791,0.0,0.0,-1.5707964,0.0
1970-01-01 00:00:00.366156211,0.366156211,0.0,0.0,0.0,0.0,330.78766,0.0,0.0,0.0,-1.5707964,0.0
1970-01-01 00:00:00.366253034,0.366253034,0.0,0.0,2855.156,0.0,0.0,0.0,0.0,0.0,-1.5707964,0.0
1970-01-01 00:00:00.366327087,0.366327087,0.0,0.0,0.0,132.67603,0.0,0.0,0.0,0.0,-1.5707964,0.0
1970-01-01 00:00:00.366383265,0.366383265,0.0,0.0,113.802055,0.0,0.0,0.0,0.0,0.0,-1.5707964,0.0
1970-01-01 00:00:00.366439599,0.366439599,0.0,0.0,0.0,0.0,0.0,193.80112,0.0,0.0,-1.5707964,0.0
1970-01-01 00:00:00.366441063,0.366441063,324.14038,0.0,0.0,0.0,0.0,0.0,0.0,0.0,-1.5707964,0.0
1970-01-01 00:00:00.366444412,0.366444412,0.0,0.0,0.0,0.0,0.0,579.09143,0.0,0.0,-1.5707964,0.0
1970-01-01 00:00:00.366616879,0.366616879,0.0,0.0,0.0,0.0,0.0,225.35576,0.0,0.0,-1.5707964,0.0
1970-01-01 00:00:00.366640245,0.366640245,0.0,0.0,0.0,263.1054,0.0,0.0,0.0,0.0,-1.5707964,0.0
1970-01-01 00:00:00.366680778,0.366680778,0.0,0.0,0.0,0.0,0.0,1081.4181,0.0,0.0,-1.5707964,0.0
1970-01-01 00:00:00.366869389,0.366869389,0.0,0.0,0.0,314.85156,0.0,0.0,0.0,0.0,-1.5707964,0.0
1970-01-01 00:00:00.366899313,0.366899313,0.0,164.18068,0.0,0.0,0.0,0.0,0.0,0.0,-1.5707964,0.0
1970-01-01 00:00:00.366930999,0.366930999,0.0,0.0,0.0,180.57777,0.0,0.0,0.0,0.0,-1.5707964,0.0
1970-01-01 00:00:00.367011282,0.367011282,0.0,0.0,0.0,191.2348,0.0,0.0,0.0,0.0,-1.5707964,0.0
1970-01-01 00:00:00.367082355,0.367082355,0.0,0.0,0.0,0.0,0.0,192.81071,0.0,0.0,-1.5707964,0.0
1970-01-01 00:00:00.367087440,0.36708744,0.0,0.0,0.0,0.0,0.0,2129.1396,0.0,0.0,-1.5707964,0.0
1970-01-01 00:00:00.367089164,0.367089164,0.0,0.0,0.0,0.0,0.0,424.04333,0.0,0.0,-1.5707964,0.0
1970-01-01 00:00:00.367120795,0.367120795,0.0,0.0,0.0,0.0,0.0,214.32301,0.0,0.0,-1.5707964,0.0
1970-01-01 00:00:00.367240072,0.367240072,0.0,0.0,0.0,0.0,0.0,254.92831,0.0,0.0,-1.5707964,0.0
1970-01-01 00:00:00.367306841,0.367306841,0.0,0.0,0.0,0.0,0.0,139.37921,0.0,0.0,-1.5707964,0.0
1970-01-01 00:00:00.367346063,0.367346063,193.63531,0.0,0.0,0.0,0.0,0.0,0.0,0.0,-1.5707964,0.0
1970-01-01 00:00:00.367514732,0.367514732,0.0,0.0,0.0,0.0,613.317,0.0,0.0,0.0,-1.5707964,0.0
1970-01-01 00:00:00.367535363,0.367535363,0.0,0.0,0.0,0.0,0.0,1483.1953,0.0,0.0,-1.5707964,0.0
1970-01-01 00:00:00.367535363,0.367535363,0.0,0.0,0.0,0.0,0.0,861.8139,0.0,0.0,-1.5707964,0.0
1970-01-01 00:00:00.367591964,0.367591964,0.0,0.0,0.0,0.0,0.0,182.5126,0.0,0.0,-1.5707964,0.0
1970-01-01 00:00:00.367681515,0.367681515,0.0,0.0,0.0,0.0,465.39227,0.0,0.0,0.0,-1.5707964,0.0
1970-01-01 00:00:00.367692960,0.36769296,0.0,0.0,0.0,0.0,0.0,84.04977,0.0,0.0,-1.5707964,0.0
1970-01-01 00:00:00.367693762,0.367693762,964.5509,0.0,0.0,0.0,0.0,0.0,0.0,0.0,-1.5707964,0.0
1970-01-01 00:00:00.367830321,0.367830321,0.0,0.0,0.0,0.0,0.0,92.27476,0.0,0.0,-1.5707964,0.0
1970-01-01 00:00:00.367921083,0.367921083,0.0,0.0,265.705,0.0,0.0,0.0,0.0,0.0,-1.5707964,0.0
1970-01-01 00:00:00.367933976,0.367933976,0.0,0.0,0.0,0.0,0.0,489.01517,0.0,0.0,-1.5707964,0.0
1970-01-01 00:00:00.367947186,0.367947186,0.0,0.0,0.0,0.0,0.0,549.60925,0.0,0.0,-1.5707964,0.0
1970-01-01 00:00:00.367971850,0.36797185,0.0,0.0,0.0,0.0,0.0,466.86923,0.0,0.0,-1.5707964,0.0
1970-01-01 00:00:00.368036451,0.368036451,0.0,0.0,0.0,0.0,0.0,1045.1577,0.0,0.0,-1.5707964,0.0
1970-01-01 00:00:00.368068789,0.368068789,0.0,0.0,316.70142,0.0,0.0,0.0,0.0,0.0,-1.5707964,0.0
1970-01-01 00:00:00.368095732,0.368095732,0.0,0.0,0.0,117.96683,0.0,0.0,0.0,0.0,-1.5707964,0.0
1970-01-01 00:00:00.368211660,0.36821166,0.0,0.0,0.0,0.0,0.0,779.8671,0.0,0.0,-1.5707964,0.0
1970-01-01 00:00:00.368279844,0.368279844,0.0,0.0,0.0,0.0,0.0,406.6829,0.0,0.0,-1.5707964,0.0
1970-01-01 00:00:00.368382982,0.368382982,353.53714,0.0,0.0,0.0,0.0,0.0,0.0,0.0,-1.5707964,0.0
1970-01-01 00:00:00.368437227,0.368437227,0.0,0.0,0.0,264.77527,0.0,0.0,0.0,0.0,-1.5707964,0.0
1970-01-01 00:00:00.368501657,0.368501657,0.0,0.0,0.0,0.0,0.0,975.9314,0.0,0.0,-1.5707964,0.0
1970-01-01 00:00:00.368594550,0.36859455,0.0,0.0,0.0,0.0,0.0,107.73885,0.0,0.0,-1.5707964,0.0
1970-01-01 00:00:00.368710290,0.36871029,0.0,0.0,0.0,495.59647,0.0,0.0,0.0,0.0,-1.5707964,0.0
1970-01-01 00:00:00.368920016,0.368920016,0.0,0.0,0.0,0.0,0.0,349.89972,0.0,0.0,-1.5707964,0.0
1970-01-01 00:00:00.368947499,0.368947499,0.0,0.0,0.0,0.0,0.0,189.57893,0.0,0.0,-1.5707964,0.0
1970-01-01 00:00:00.368962366,0.368962366,0.0,0.0,0.0,1871.4851,0.0,0.0,0.0,0.0,-1.5707964,0.0
1970-01-01 00:00:00.368999783,0.368999783,187.99731,0.0,0.0,0.0,0.0,0.0,0.0,0.0,-1.5707964,0.0
1970-01-01 00:00:00.369331690,0.36933169,0.0,0.0,0.0,0.0,0.0,115.910194,0.0,0.0,-1.5707964,0.0
1970-01-01 00:00:00.369343325,0.369343325,0.0,0.0,0.0,227.25185,0.0,0.0,0.0,0.0,-1.5707964,0.0
1970-01-01 00:00:00.369352780,0.36935278,0.0,0.0,467.01562,0.0,0.0,0.0,0.0,0.0,-1.5707964,0.0
1970-01-01 00:00:00.369451326,0.369451326,0.0,0.0,0.0,1454.9232,0.0,0.0,0.0,0.0,-1.5707964,0.0
1970-01-01 00:00:00.369498455,0.369498455,2171.8342,0.0,0.0,0.0,0.0,0.0,0.0,0.0,-1.5707964,0.0
1970-01-01 00:00:00.369705905,0.369705905,0.0,0.0,0.0,0.0,132.54263,0.0,0.0,0.0,-1.5707964,0.0
1970-01-01 00:00:00.369722254,0.369722254,0.0,0.0,0.0,0.0,714.0985,0.0,0.0,0.0,-1.5707964,0.0
1970-01-01 00:00:00.369729688,0.369729688,0.0,0.0,0.0,975.7809,0.0,0.0,0.0,0.0,-1.5707964,0.0
1970-01-01 00:00:00.369825905,0.369825905,0.0,1022.17786,0.0,0.0,0.0,0.0,0.0,0.0,-1.5707964,0.0
1970-01-01 00:00:00.369825905,0.369825905,0.0,0.0,0.0,293.69656,0.0,0.0,0.0,0.0,-1.5707964,0.0
1970-01-01 00:00:00.370011823,0.370011823,0.0,0.0,0.0,708.7014,0.0,0.0,0.0,0.0,-1.5707964,0.0
1970-01-01 00:00:00.370044299,0.370044299,0.0,0.0,0.0,0.0,0.0,129.86623,0.0,0.0,-1.5707964,0.0
1970-01-01 00:00:00.370051956,0.370051956,0.0,0.0,0.0,646.28674,0.0,0.0,0.0,0.0,-1.5707964,0.0
1970-01-01 00:00:00.370102970,0.37010297,0.0,0.0,0.0,324.00592,0.0,0.0,0.0,0.0,-1.5707964,0.0
1970-01-01 00:00:00.370102970,0.37010297,0.0,0.0,0.0,0.0,0.0,361.76562,0.0,0.0,-1.5707964,0.0
1970-01-01 00:00:00.370276433,0.370276433,0.0,0.0,261.76602,0.0,0.0,0.0,0.0,0.0,-1.5707964,0.0
1970-01-01 00:00:00.370292101,0.370292101,349.14572,0.0,0.0,0.0,0.0,0.0,0.0,0.0,-1.5707964,0.0
1970-01-01 00:00:00.370330822,0.370330822,0.0,0.0,0.0,0.0,0.0,81.9981,0.0,0.0,-1.5707964,0.0
1970-01-01 00:00:00.370495044,0.370495044,0.0,0.0,498.46826,0.0,0.0,0.0,0.0,0.0,-1.5707964,0.0
1970-01-01 00:00:00.370573491,0.370573491,0.0,82.085815,0.0,0.0,0.0,0.0,0.0,0.0,-1.5707964,0.0
1970-01-01 00:00:00.370590351,0.370590351,0.0,0.0,0.0,1054.8511,0.0,0.0,0.0,0.0,-1.5707964,0.0
1970-01-01 00:00:00.370645686,0.370645686,0.0,0.0,0.0,1201.0564,0.0,0.0,0.0,0.0,-1.5707964,0.0
1970-01-01 00:00:00.370723444,0.370723444,0.0,0.0,0.0,0.0,0.0,100.54631,0.0,0.0,-1.5707964,0.0
1970-01-01 00:00:00.370833576,0.370833576,0.0,0.0,431.19342,0.0,0.0,0.0,0.0,0.0,-1.5707964,0.0
1970-01-01 00:00:00.370836178,0.370836178,0.0,0.0,0.0,238.82404,0.0,0.0,0.0,0.0,-1.5707964,0.0
1970-01-01 00:00:00.370872322,0.370872322,0.0,0.0,0.0,138.20763,0.0,0.0,0.0,0.0,-1.5707964,0.0
1970-01-01 00:00:00.370988013,0.370988013,0.0,0.0,0.0,2187.405,0.0,0.0,0.0,0.0,-1.5707964,0.0
1970-01-01 00:00:00.371012669,0.371012669,0.0,154.90105,0.0,0.0,0.0,0.0,0.0,0.0,-1.5707964,0.0
1970-01-01 00:00:00.371027190,0.37102719,0.0,0.0,0.0,836.5632,0.0,0.0,0.0,0.0,-1.5707964,0.0
1970-01-01 00:00:00.371077092,0.371077092,0.0,0.0,0.0,0.0,0.0,354.03674,0.0,0.0,-1.5707964,0.0
1970-01-01 00:00:00.371112804,0.371112804,0.0,0.0,0.0,0.0,268.44736,0.0,0.0,0.0,-1.5707964,0.0
1970-01-01 00:00:00.371204822,0.371204822,0.0,412.79163,0.0,0.0,0.0,0.0,0.0,0.0,-1.5707964,0.0
1970-01-01 00:00:00.371228525,0.371228525,0.0,0.0,0.0,93.172356,0.0,0.0,0.0,0.0,-1.5707964,0.0
1970-01-01 00:00:00.371280620,0.37128062,0.0,0.0,1577.1366,0.0,0.0,0.0,0.0,0.0,-1.5707964,0.0
1970-01-01 00:00:00.371289060,0.37128906,0.0,0.0,0.0,0.0,0.0,249.7028,0.0,0.0,-1.5707964,0.0
1970-01-01 00:00:00.371301310,0.37130131,0.0,0.0,0.0,0.0,0.0,137.18973,0.0,0.0,-1.5707964,0.0
1970-01-01 00:00:00.371367464,0.371367464,0.0,0.0,0.0,0.0,443.47595,0.0,0.0,0.0,-1.5707964,0.0
1970-01-01 00:00:00.371370578,0.371370578,0.0,0.0,0.0,228.0288,0.0,0.0,0.0,0.0,-1.5707964,0.0
1970-01-01 00:00:00.371433463,0.371433463,0.0,0.0,0.0,127.79151,0.0,0.0,0.0,0.0,-1.5707964,0.0
1970-01-01 00:00:00.371514461,0.371514461,0.0,0.0,0.0,359.74728,0.0,0.0,0.0,0.0,-1.5707964,0.0
1970-01-01 00:00:00.371518821,0.371518821,0.0,0.0,0.0,0.0,0.0,82.595436,0.0,0.0,-1.5707964,0.0
1970-01-01 00:00:00.371521521,0.371521521,0.0,0.0,0.0,0.0,0.0,477.96082,0.0,0.0,-1.5707964,0.0
1970-01-01 00:00:00.371529855,0.371529855,0.0,0.0,0.0,0.0,0.0,361.27216,0.0,0.0,-1.5707964,0.0
1970-01-01 00:00:00.371564424,0.371564424,0.0,0.0,0.0,0.0,0.0,972.34784,0.0,0.0,-1.5707964,0.0
1970-01-01 00:00:00.371624741,0.371624741,0.0,0.0,0.0,0.0,0.0,996.1166,0.0,0.0,-1.5707964,0.0
1970-01-01 00:00:00.371648142,0.371648142,0.0,0.0,0.0,0.0,0.0,709.6441,0.0,0.0,-1.5707964,0.0
1970-01-01 00:00:00.371701603,0.371701603,0.0,0.0,0.0,0.0,0.0,237.41864,0.0,0.0,-1.5707964,0.0
1970-01-01 00:00:00.371745101,0.371745101,0.0,0.0,0.0,140.03055,0.0,0.0,0.0,0.0,-1.5707964,0.0
1970-01-01 00:00:00.371759630,0.37175963,0.0,0.0,0.0,0.0,0.0,1746.1514,0.0,0.0,-1.5707964,0.0
1970-01-01 00:00:00.371786503,0.371786503,0.0,0.0,0.0,0.0,0.0,1106.8888,0.0,0.0,-1.5707964,0.0
1970-01-01 00:00:00.371793264,0.371793264,0.0,0.0,0.0,0.0,0.0,2365.1477,0.0,0.0,-1.5707964,0.0
1970-01-01 00:00:00.371999330,0.37199933,0.0,0.0,0.0,663.427,0.0,0.0,0.0,0.0,-1.5707964,0.0
1970-01-01 00:00:00.372004638,0.372004638,0.0,0.0,0.0,593.791,0.0,0.0,0.0,0.0,-1.5707964,0.0
1970-01-01 00:00:00.372059023,0.372059023,0.0,0.0,0.0,0.0,0.0,206.40451,0.0,0.0,-1.5707964,0.0
1970-01-01 00:00:00.372117183,0.372117183,0.0,0.0,0.0,0.0,0.0,187.05278,0.0,0.0,-1.5707964,0.0
1970-01-01 00:00:00.372154925,0.372154925,0.0,0.0,500.44235,0.0,0.0,0.0,0.0,0.0,-1.5707964,0.0
1970-01-01 00:00:00.372164755,0.372164755,0.0,0.0,0.0,495.18604,0.0,0.0,0.0,0.0,-1.5707964,0.0
1970-01-01 00:00:00.372213621,0.372213621,0.0,0.0,0.0,0.0,0.0,167.15422,0.0,0.0,-1.5707964,0.0
1970-01-01 00:00:00.372352872,0.372352872,0.0,0.0,0.0,132.17885,0.0,0.0,0.0,0.0,-1.5707964,0.0
1970-01-01 00:00:00.372360732,0.372360732,0.0,0.0,0.0,687.0292,0.0,0.0,0.0,0.0,-1.5707964,0.0
1970-01-01 00:00:00.372443626,0.372443626,0.0,0.0,128.98706,0.0,0.0,0.0,0.0,0.0,-1.5707964,0.0
1970-01-01 00:00:00.372498081,0.372498081,0.0,0.0,272.5743,0.0,0.0,0.0,0.0,0.0,-1.5707964,0.0
1970-01-01 00:00:00.372536768,0.372536768,0.0,0.0,0.0,0.0,0.0,1027.9976,0.0,0.0,-1.5707964,0.0
1970-01-01 00:00:00.372592149,0.372592149,0.0,0.0,0.0,692.43506,0.0,0.0,0.0,0.0,-1.5707964,0.0
1970-01-01 00:00:00.372682105,0.372682105,0.0,0.0,0.0,183.4593,0.0,0.0,0.0,0.0,-1.5707964,0.0
1970-01-01 00:00:00.372859708,0.372859708,0.0,0.0,0.0,0.0,0.0,523.8283,0.0,0.0,-1.5707964,0.0
1970-01-01 00:00:00.373029738,0.373029738,0.0,0.0,0.0,0.0,321.39624,0.0,0.0,0.0,-1.5707964,0.0
1970-01-01 00:00:00.373205386,0.373205386,0.0,0.0,0.0,0.0,0.0,181.54552,0.0,0.0,-1.5707964,0.0
1970-01-01 00:00:00.373212372,0.373212372,0.0,0.0,0.0,0.0,0.0,225.8625,0.0,0.0,-1.5707964,0.0
1970-01-01 00:00:00.373226772,0.373226772,0.0,0.0,1247.9537,0.0,0.0,0.0,0.0,0.0,-1.5707964,0.0
1970-01-01 00:00:00.373451989,0.373451989,0.0,0.0,0.0,0.0,0.0,187.41112,0.0,0.0,-1.5707964,0.0
1970-01-01 00:00:00.373476775,0.373476775,0.0,0.0,0.0,0.0,233.7714,0.0,0.0,0.0,-1.5707964,0.0
1970-01-01 00:00:00.373486411,0.373486411,0.0,0.0,0.0,0.0,533.3204,0.0,0.0,0.0,-1.5707964,0.0
1970-01-01 00:00:00.373522276,0.373522276,0.0,0.0,0.0,0.0,0.0,297.6228,0.0,0.0,-1.5707964,0.0
1970-01-01 00:00:00.373692966,0.373692966,0.0,1870.7866,0.0,0.0,0.0,0.0,0.0,0.0,-1.5707964,0.0
1970-01-01 00:00:00.373791684,0.373791684,548.8816,0.0,0.0,0.0,0.0,0.0,0.0,0.0,-1.5707964,0.0
1970-01-01 00:00:00.373819323,0.373819323,0.0,0.0,0.0,273.37283,0.0,0.0,0.0,0.0,-1.5707964,0.0
1970-01-01 00:00:00.374043446,0.374043446,0.0,0.0,0.0,0.0,0.0,169.87729,0.0,0.0,-1.5707964,0.0
1970-01-01 00:00:00.374091801,0.374091801,0.0,0.0,0.0,0.0,0.0,312.37814,0.0,0.0,-1.5707964,0.0
1970-01-01 00:00:00.374292556,0.374292556,0.0,0.0,0.0,0.0,0.0,703.42914,0.0,0.0,-1.5707964,0.0
1970-01-01 00:00:00.374295946,0.374295946,0.0,0.0,0.0,0.0,369.29092,0.0,0.0,0.0,-1.5707964,0.0
1970-01-01 00:00:00.374338060,0.37433806,0.0,0.0,0.0,262.89615,0.0,0.0,0.0,0.0,-1.5707964,0.0
1970-01-01 00:00:00.374366442,0.374366442,0.0,0.0,0.0,0.0,0.0,171.07642,0.0,0.0,-1.5707964,0.0
1970-01-01 00:00:00.374416950,0.37441695,0.0,0.0,0.0,0.0,0.0,196.25749,0.0,0.0,-1.5707964,0.0
1970-01-01 00:00:00.374468272,0.374468272,0.0,0.0,0.0,404.44843,0.0,0.0,0.0,0.0,-1.5707964,0.0
1970-01-01 00:00:00.374486808,0.374486808,0.0,0.0,0.0,0.0,696.363,0.0,0.0,0.0,-1.5707964,0.0
1970-01-01 00:00:00.374489734,0.374489734,0.0,0.0,0.0,0.0,0.0,484.04492,0.0,0.0,-1.5707964,0.0
1970-01-01 00:00:00.374512270,0.37451227,2332.983,0.0,0.0,0.0,0.0,0.0,0.0,0.0,-1.5707964,0.0
1970-01-01 00:00:00.374536173,0.374536173,0.0,103.49874,0.0,0.0,0.0,0.0,0.0,0.0,-1.5707964,0.0
1970-01-01 00:00:00.374559427,0.374559427,0.0,0.0,0.0,0.0,0.0,350.5212,0.0,0.0,-1.5707964,0.0
1970-01-01 00:00:00.374564073,0.374564073,0.0,0.0,760.3558,0.0,0.0,0.0,0.0,0.0,-1.5707964,0.0
1970-01-01 00:00:00.374588034,0.374588034,0.0,0.0,0.0,0.0,0.0,84.962585,0.0,0.0,-1.5707964,0.0
1970-01-01 00:00:00.374668317,0.374668317,0.0,0.0,0.0,613.4366,0.0,0.0,0.0,0.0,-1.5707964,0.0
1970-01-01 00:00:00.374729607,0.374729607,0.0,0.0,0.0,0.0,0.0,401.15475,0.0,0.0,-1.5707964,0.0
1970-01-01 00:00:00.374760492,0.374760492,0.0,0.0,0.0,626.0213,0.0,0.0,0.0,0.0,-1.5707964,0.0
1970-01-01 00:00:00.374853228,0.374853228,0.0,0.0,0.0,0.0,0.0,515.63293,0.0,0.0,-1.5707964,0.0
1970-01-01 00:00:00.374955266,0.374955266,0.0,0.0,0.0,0.0,0.0,280.80823,0.0,0.0,-1.5707964,0.0
1970-01-01 00:00:00.374963266,0.374963266,0.0,0.0,0.0,165.34604,0.0,0.0,0.0,0.0,-1.5707964,0.0
1970-01-01 00:00:00.374969480,0.37496948,92.914116,0.0,0.0,0.0,0.0,0.0,0.0,0.0,-1.5707964,0.0
1970-01-01 00:00:00.375014567,0.375014567,0.0,0.0,0.0,0.0,0.0,576.7522,0.0,0.0,-1.5707964,0.0
1970-01-01 00:00:00.375015918,0.375015918,0.0,0.0,0.0,0.0,485.6127,0.0,0.0,0.0,-1.5707964,0.0
1970-01-01 00:00:00.375021542,0.375021542,0.0,0.0,0.0,0.0,0.0,408.78384,0.0,0.0,-1.5707964,0.0
1970-01-01 00:00:00.375171825,0.375171825,0.0,0.0,0.0,0.0,0.0,148.3255,0.0,0.0,-1.5707964,0.0
1970-01-01 00:00:00.375231360,0.37523136,0.0,0.0,0.0,0.0,0.0,397.49228,0.0,0.0,-1.5707964,0.0
1970-01-01 00:00:00.375235470,0.37523547,0.0,0.0,0.0,220.84145,0.0,0.0,0.0,0.0,-1.5707964,0.0
1970-01-01 00:00:00.375306699,0.375306699,0.0,0.0,233.29129,0.0,0.0,0.0,0.0,0.0,-1.5707964,0.0
1970-01-01 00:00:00.375449052,0.375449052,0.0,0.0,0.0,0.0,0.0,211.32115,0.0,0.0,-1.5707964,0.0
1970-01-01 00:00:00.375461553,0.375461553,0.0,0.0,0.0,0.0,0.0,131.91904,0.0,0.0,-1.5707964,0.0
1970-01-01 00:00:00.375556707,0.375556707,0.0,0.0,0.0,0.0,0.0,761.3455,0.0,0.0,-1.5707964,0.0
1970-01-01 00:00:00.375560682,0.375560682,0.0,1009.01483,0.0,0.0,0.0,0.0,0.0,0.0,-1.5707964,0.0
1970-01-01 00:00:00.375588253,0.375588253,0.0,0.0,0.0,0.0,0.0,2819.4504,0.0,0.0,-1.5707964,0.0
1970-01-01 00:00:00.375607653,0.375607653,0.0,0.0,0.0,0.0,0.0,530.6372,0.0,0.0,-1.5707964,0.0
1970-01-01 00:00:00.375675252,0.375675252,0.0,0.0,0.0,0.0,0.0,195.3598,0.0,0.0,-1.5707964,0.0
1970-01-01 00:00:00.375811520,0.37581152,0.0,0.0,0.0,0.0,0.0,520.095,0.0,0.0,-1.5707964,0.0
1970-01-01 00:00:00.375950503,0.375950503,0.0,0.0,0.0,0.0,417.51578,0.0,0.0,0.0,-1.5707964,0.0
1970-01-01 00:00:00.375981950,0.37598195,0.0,0.0,0.0,0.0,0.0,278.3537,0.0,0.0,-1.5707964,0.0
1970-01-01 00:00:00.376022234,0.376022234,0.0,0.0,0.0,0.0,0.0,1573.9542,0.0,0.0,-1.5707964,0.0
1970-01-01 00:00:00.376118022,0.376118022,0.0,0.0,0.0,221.53471,0.0,0.0,0.0,0.0,-1.5707964,0.0
1970-01-01 00:00:00.376123878,0.376123878,192.58478,0.0,0.0,0.0,0.0,0.0,0.0,0.0,-1.5707964,0.0
1970-01-01 00:00:00.376123878,0.376123878,0.0,0.0,0.0,0.0,0.0,282.3613,0.0,0.0,-1.5707964,0.0
1970-01-01 00:00:00.376324604,0.376324604,0.0,0.0,0.0,273.31335,0.0,0.0,0.0,0.0,-1.5707964,0.0
1970-01-01 00:00:00.376374175,0.376374175,0.0,0.0,559.1949,0.0,0.0,0.0,0.0,0.0,-1.5707964,0.0
1970-01-01 00:00:00.376460118,0.376460118,0.0,0.0,0.0,0.0,0.0,1630.8782,0.0,0.0,-1.5707964,0.0
1970-01-01 00:00:00.376517365,0.376517365,0.0,0.0,0.0,0.0,171.82184,0.0,0.0,0.0,-1.5707964,0.0
1970-01-01 00:00:00.376522758,0.376522758,1315.7998,0.0,0.0,0.0,0.0,0.0,0.0,0.0,-1.5707964,0.0
1970-01-01 00:00:00.376539915,0.376539915,0.0,0.0,0.0,1099.416,0.0,0.0,0.0,0.0,-1.5707964,0.0
1970-01-01 00:00:00.376581192,0.376581192,0.0,0.0,0.0,0.0,0.0,264.36398,0.0,0.0,-1.5707964,0.0
1970-01-01 00:00:00.376583500,0.3765835,0.0,0.0,0.0,0.0,0.0,304.82385,0.0,0.0,-1.5707964,0.0
1970-01-01 00:00:00.376603008,0.376603008,0.0,0.0,0.0,86.49814,0.0,0.0,0.0,0.0,-1.5707964,0.0
1970-01-01 00:00:00.376629134,0.376629134,0.0,0.0,0.0,0.0,0.0,568.9371,0.0,0.0,-1.5707964,0.0
1970-01-01 00:00:00.376633140,0.37663314,0.0,0.0,0.0,800.1872,0.0,0.0,0.0,0.0,-1.5707964,0.0
1970-01-01 00:00:00.376646029,0.376646029,0.0,0.0,0.0,0.0,0.0,117.250275,0.0,0.0,-1.5707964,0.0
1970-01-01 00:00:00.376691683,0.376691683,0.0,0.0,0.0,0.0,0.0,150.53645,0.0,0.0,-1.5707964,0.0
1970-01-01 00:00:00.376731839,0.376731839,0.0,0.0,0.0,0.0,0.0,407.85052,0.0,0.0,-1.5707964,0.0
1970-01-01 00:00:00.376801118,0.376801118,0.0,0.0,0.0,0.0,0.0,363.8474,0.0,0.0,-1.5707964,0.0
1970-01-01 00:00:00.376833679,0.376833679,0.0,0.0,0.0,0.0,0.0,381.31537,0.0,0.0,-1.5707964,0.0
1970-01-01 00:00:00.376842331,0.376842331,536.2451,0.0,0.0,0.0,0.0,0.0,0.0,0.0,-1.5707964,0.0
1970-01-01 00:00:00.376902433,0.376902433,0.0,0.0,0.0,0.0,666.463,0.0,0.0,0.0,-1.5707964,0.0
1970-01-01 00:00:00.376905320,0.37690532,0.0,0.0,0.0,0.0,0.0,208.07576,0.0,0.0,-1.5707964,0.0
1970-01-01 00:00:00.376944086,0.376944086,0.0,0.0,0.0,0.0,0.0,907.29846,0.0,0.0,-1.5707964,0.0
1970-01-01 00:00:00.377099951,0.377099951,0.0,0.0,1462.2457,0.0,0.0,0.0,0.0,0.0,-1.5707964,0.0
1970-01-01 00:00:00.377130684,0.377130684,400.22018,0.0,0.0,0.0,0.0,0.0,0.0,0.0,-1.5707964,0.0
1970-01-01 00:00:00.377202958,0.377202958,0.0,364.88474,0.0,0.0,0.0,0.0,0.0,0.0,-1.5707964,0.0
1970-01-01 00:00:00.377211362,0.377211362,0.0,0.0,0.0,0.0,0.0,187.592,0.0,0.0,-1.5707964,0.0
1970-01-01 00:00:00.377273705,0.377273705,0.0,0.0,0.0,0.0,0.0,722.9583,0.0,0.0,-1.5707964,0.0
1970-01-01 00:00:00.377298532,0.377298532,0.0,0.0,0.0,0.0,0.0,610.5149,0.0,0.0,-1.5707964,0.0
1970-01-01 00:00:00.377421675,0.377421675,0.0,0.0,419.318,0.0,0.0,0.0,0.0,0.0,-1.5707964,0.0
1970-01-01 00:00:00.377448686,0.377448686,0.0,0.0,457.52917,0.0,0.0,0.0,0.0,0.0,-1.5707964,0.0
1970-01-01 00:00:00.377461237,0.377461237,0.0,0.0,0.0,445.0537,0.0,0.0,0.0,0.0,-1.5707964,0.0
1970-01-01 00:00:00.377578679,0.377578679,1163.3175,0.0,0.0,0.0,0.0,0.0,0.0,0.0,-1.5707964,0.0
1970-01-01 00:00:00.378032013,0.378032013,0.0,0.0,0.0,0.0,353.18167,0.0,0.0,0.0,-1.5707964,0.0
1970-01-01 00:00:00.378083167,0.378083167,0.0,0.0,0.0,239.01003,0.0,0.0,0.0,0.0,-1.5707964,0.0
1970-01-01 00:00:00.378101307,0.378101307,0.0,0.0,0.0,0.0,392.64294,0.0,0.0,0.0,-1.5707964,0.0
1970-01-01 00:00:00.378101307,0.378101307,0.0,0.0,0.0,0.0,455.15228,0.0,0.0,0.0,-1.5707964,0.0
1970-01-01 00:00:00.378111457,0.378111457,0.0,0.0,498.86346,0.0,0.0,0.0,0.0,0.0,-1.5707964,0.0
1970-01-01 00:00:00.378150760,0.37815076,0.0,0.0,0.0,232.10356,0.0,0.0,0.0,0.0,-1.5707964,0.0
1970-01-01 00:00:00.378154317,0.378154317,0.0,0.0,0.0,0.0,0.0,191.45879,0.0,0.0,-1.5707964,0.0
1970-01-01 00:00:00.378167390,0.37816739,0.0,0.0,113.62483,0.0,0.0,0.0,0.0,0.0,-1.5707964,0.0
1970-01-01 00:00:00.378267095,0.378267095,0.0,0.0,750.5974,0.0,0.0,0.0,0.0,0.0,-1.5707964,0.0
1970-01-01 00:00:00.378268661,0.378268661,0.0,0.0,0.0,123.89855,0.0,0.0,0.0,0.0,-1.5707964,0.0
1970-01-01 00:00:00.378298092,0.378298092,0.0,195.05002,0.0,0.0,0.0,0.0,0.0,0.0,-1.5707964,0.0
1970-01-01 00:00:00.378388194,0.378388194,0.0,0.0,0.0,0.0,0.0,173.51141,0.0,0.0,-1.5707964,0.0
1970-01-01 00:00:00.378535816,0.378535816,0.0,0.0,195.76143,0.0,0.0,0.0,0.0,0.0,-1.5707964,0.0
1970-01-01 00:00:00.378590757,0.378590757,0.0,0.0,0.0,712.1664,0.0,0.0,0.0,0.0,-1.5707964,0.0
1970-01-01 00:00:00.378644358,0.378644358,0.0,0.0,0.0,0.0,0.0,319.046,0.0,0.0,-1.5707964,0.0
1970-01-01 00:00:00.378660777,0.378660777,0.0,0.0,0.0,0.0,0.0,149.15106,0.0,0.0,-1.5707964,0.0
1970-01-01 00:00:00.378742710,0.37874271,0.0,0.0,0.0,0.0,0.0,285.47894,0.0,0.0,-1.5707964,0.0
1970-01-01 00:00:00.378801198,0.378801198,0.0,0.0,0.0,403.7368,0.0,0.0,0.0,0.0,-1.5707964,0.0
1970-01-01 00:00:00.378895052,0.378895052,0.0,0.0,0.0,115.48479,0.0,0.0,0.0,0.0,-1.5707964,0.0
1970-01-01 00:00:00.378897180,0.37889718,0.0,0.0,0.0,0.0,0.0,337.21222,0.0,0.0,-1.5707964,0.0
1970-01-01 00:00:00.378916521,0.378916521,0.0,0.0,0.0,0.0,0.0,158.98235,0.0,0.0,-1.5707964,0.0
1970-01-01 00:00:00.379007059,0.379007059,237.70607,0.0,0.0,0.0,0.0,0.0,0.0,0.0,-1.5707964,0.0
1970-01-01 00:00:00.379066116,0.379066116,0.0,0.0,0.0,0.0,0.0,1181.3579,0.0,0.0,-1.5707964,0.0
1970-01-01 00:00:00.379076936,0.379076936,0.0,0.0,0.0,0.0,0.0,456.1807,0.0,0.0,-1.5707964,0.0
1970-01-01 00:00:00.379091986,0.379091986,0.0,0.0,0.0,0.0,0.0,336.09717,0.0,0.0,-1.5707964,0.0
1970-01-01 00:00:00.379104483,0.379104483,0.0,0.0,0.0,0.0,533.6261,0.0,0.0,0.0,-1.5707964,0.0
1970-01-01 00:00:00.379105268,0.379105268,0.0,0.0,0.0,0.0,247.27087,0.0,0.0,0.0,-1.5707964,0.0
1970-01-01 00:00:00.379121928,0.379121928,0.0,0.0,0.0,0.0,0.0,294.7292,0.0,0.0,-1.5707964,0.0
1970-01-01 00:00:00.379138292,0.379138292,0.0,0.0,207.50401,0.0,0.0,0.0,0.0,0.0,-1.5707964,0.0
1970-01-01 00:00:00.379150802,0.379150802,0.0,0.0,0.0,204.05579,0.0,0.0,0.0,0.0,-1.5707964,0.0
1970-01-01 00:00:00.379217134,0.379217134,0.0,0.0,0.0,0.0,0.0,167.97935,0.0,0.0,-1.5707964,0.0
1970-01-01 00:00:00.379251931,0.379251931,0.0,0.0,0.0,699.5785,0.0,0.0,0.0,0.0,-1.5707964,0.0
1970-01-01 00:00:00.379251931,0.379251931,0.0,0.0,0.0,190.4185,0.0,0.0,0.0,0.0,-1.5707964,0.0
1970-01-01 00:00:00.379393005,0.379393005,0.0,0.0,0.0,100.30011,0.0,0.0,0.0,0.0,-1.5707964,0.0
1970-01-01 00:00:00.379437243,0.379437243,0.0,0.0,0.0,0.0,0.0,446.879,0.0,0.0,-1.5707964,0.0
1970-01-01 00:00:00.379474196,0.379474196,0.0,0.0,0.0,226.74469,0.0,0.0,0.0,0.0,-1.5707964,0.0
1970-01-01 00:00:00.379479592,0.379479592,0.0,0.0,0.0,0.0,753.16895,0.0,0.0,0.0,-1.5707964,0.0
1970-01-01 00:00:00.379571962,0.379571962,0.0,0.0,0.0,0.0,234.6253,0.0,0.0,0.0,-1.5707964,0.0
1970-01-01 00:00:00.379571962,0.379571962,0.0,0.0,0.0,0.0,522.63025,0.0,0.0,0.0,-1.5707964,0.0
1970-01-01 00:00:00.379634496,0.379634496,0.0,0.0,0.0,0.0,0.0,1139.6372,0.0,0.0,-1.5707964,0.0
1970-01-01 00:00:00.379663705,0.379663705,0.0,0.0,0.0,0.0,1609.3273,0.0,0.0,0.0,-1.5707964,0.0
1970-01-01 00:00:00.379679747,0.379679747,0.0,432.59348,0.0,0.0,0.0,0.0,0.0,0.0,-1.5707964,0.0
1970-01-01 00:00:00.379748991,0.379748991,0.0,0.0,0.0,158.53636,0.0,0.0,0.0,0.0,-1.5707964,0.0
1970-01-01 00:00:00.379764298,0.379764298,0.0,0.0,0.0,0.0,0.0,351.4821,0.0,0.0,-1.5707964,0.0
1970-01-01 00:00:00.379767295,0.379767295,0.0,0.0,0.0,0.0,0.0,981.9227,0.0,0.0,-1.5707964,0.0
1970-01-01 00:00:00.379824174,0.379824174,0.0,0.0,0.0,0.0,0.0,109.1567,0.0,0.0,-1.5707964,0.0
1970-01-01 00:00:00.379871797,0.379871797,0.0,0.0,0.0,123.439354,0.0,0.0,0.0,0.0,-1.5707964,0.0
1970-01-01 00:00:00.379880005,0.379880005,0.0,0.0,0.0,0.0,0.0,280.9066,0.0,0.0,-1.5707964,0.0
1970-01-01 00:00:00.379900010,0.37990001,0.0,0.0,0.0,0.0,0.0,197.15874,0.0,0.0,-1.5707964,0.0
1970-01-01 00:00:00.379935289,0.379935289,0.0,0.0,0.0,0.0,1186.7705,0.0,0.0,0.0,-1.5707964,0.0
1970-01-01 00:00:00.380032071,0.380032071,0.0,0.0,0.0,0.0,0.0,380.64532,0.0,0.0,-1.5707964,0.0
1970-01-01 00:00:00.380041444,0.380041444,0.0,0.0,0.0,407.84186,0.0,0.0,0.0,0.0,-1.5707964,0.0
1970-01-01 00:00:00.380188433,0.380188433,0.0,0.0,0.0,119.1214,0.0,0.0,0.0,0.0,-1.5707964,0.0
1970-01-01 00:00:00.380197435,0.380197435,0.0,0.0,0.0,0.0,0.0,604.5659,0.0,0.0,-1.5707964,0.0
1970-01-01 00:00:00.380198004,0.380198004,0.0,0.0,0.0,0.0,0.0,123.41936,0.0,0.0,-1.5707964,0.0
1970-01-01 00:00:00.380234188,0.380234188,0.0,0.0,0.0,172.81694,0.0,0.0,0.0,0.0,-1.5707964,0.0
1970-01-01 00:00:00.380359157,0.380359157,0.0,0.0,160.89577,0.0,0.0,0.0,0.0,0.0,-1.5707964,0.0
1970-01-01 00:00:00.380449301,0.380449301,0.0,0.0,0.0,0.0,144.02849,0.0,0.0,0.0,-1.5707964,0.0
1970-01-01 00:00:00.380709720,0.38070972,270.66333,0.0,0.0,0.0,0.0,0.0,0.0,0.0,-1.5707964,0.0
1970-01-01 00:00:00.380716534,0.380716534,0.0,0.0,0.0,0.0,0.0,890.5129,0.0,0.0,-1.5707964,0.0
1970-01-01 00:00:00.380740617,0.380740617,0.0,0.0,0.0,0.0,333.01154,0.0,0.0,0.0,-1.5707964,0.0
1970-01-01 00:00:00.380766445,0.380766445,0.0,0.0,0.0,164.90437,0.0,0.0,0.0,0.0,-1.5707964,0.0
1970-01-01 00:00:00.380807270,0.38080727,0.0,0.0,0.0,0.0,0.0,754.61694,0.0,0.0,-1.5707964,0.0
1970-01-01 00:00:00.380821240,0.38082124,0.0,0.0,0.0,0.0,312.3181,0.0,0.0,0.0,-1.5707964,0.0
1970-01-01 00:00:00.380833738,0.380833738,0.0,0.0,0.0,0.0,0.0,151.02087,0.0,0.0,-1.5707964,0.0
1970-01-01 00:00:00.380879250,0.38087925,302.0939,0.0,0.0,0.0,0.0,0.0,0.0,0.0,-1.5707964,0.0
1970-01-01 00:00:00.380905453,0.380905453,0.0,0.0,725.9218,0.0,0.0,0.0,0.0,0.0,-1.5707964,0.0
1970-01-01 00:00:00.380964450,0.38096445,0.0,0.0,487.0546,0.0,0.0,0.0,0.0,0.0,-1.5707964,0.0
1970-01-01 00:00:00.381016216,0.381016216,0.0,0.0,0.0,0.0,98.141525,0.0,0.0,0.0,-1.5707964,0.0
1970-01-01 00:00:00.381064213,0.381064213,0.0,0.0,0.0,0.0,0.0,1017.8757,0.0,0.0,-1.5707964,0.0
1970-01-01 00:00:00.381155795,0.381155795,0.0,0.0,0.0,0.0,0.0,1346.9707,0.0,0.0,-1.5707964,0.0
1970-01-01 00:00:00.381184199,0.381184199,0.0,0.0,0.0,0.0,0.0,646.3752,0.0,0.0,-1.5707964,0.0
1970-01-01 00:00:00.381381298,0.381381298,0.0,0.0,0.0,0.0,255.95982,0.0,0.0,0.0,-1.5707964,0.0
1970-01-01 00:00:00.381500794,0.381500794,0.0,0.0,0.0,0.0,0.0,331.8578,0.0,0.0,-1.5707964,0.0
1970-01-01 00:00:00.381565341,0.381565341,0.0,135.48282,0.0,0.0,0.0,0.0,0.0,0.0,-1.5707964,0.0
1970-01-01 00:00:00.381581796,0.381581796,0.0,0.0,0.0,0.0,0.0,233.08966,0.0,0.0,-1.5707964,0.0
1970-01-01 00:00:00.381636140,0.38163614,0.0,0.0,0.0,0.0,0.0,170.1073,0.0,0.0,-1.5707964,0.0
1970-01-01 00:00:00.381680287,0.381680287,0.0,0.0,0.0,330.0314,0.0,0.0,0.0,0.0,-1.5707964,0.0
1970-01-01 00:00:00.381690428,0.381690428,0.0,0.0,0.0,0.0,0.0,524.8309,0.0,0.0,-1.5707964,0.0
1970-01-01 00:00:00.381735181,0.381735181,0.0,0.0,299.39926,0.0,0.0,0.0,0.0,0.0,-1.5707964,0.0
1970-01-01 00:00:00.381820177,0.381820177,0.0,0.0,0.0,0.0,0.0,384.16644,0.0,0.0,-1.5707964,0.0
1970-01-01 00:00:00.381878849,0.381878849,0.0,0.0,850.9628,0.0,0.0,0.0,0.0,0.0,-1.5707964,0.0
1970-01-01 00:00:00.381968575,0.381968575,0.0,0.0,0.0,294.4047,0.0,0.0,0.0,0.0,-1.5707964,0.0
1970-01-01 00:00:00.382038335,0.382038335,0.0,0.0,0.0,580.3798,0.0,0.0,0.0,0.0,-1.5707964,0.0
1970-01-01 00:00:00.382056196,0.382056196,0.0,0.0,0.0,0.0,0.0,233.97571,0.0,0.0,-1.5707964,0.0
1970-01-01 00:00:00.382095955,0.382095955,0.0,0.0,0.0,413.883,0.0,0.0,0.0,0.0,-1.5707964,0.0
1970-01-01 00:00:00.382243963,0.382243963,0.0,0.0,0.0,135.98007,0.0,0.0,0.0,0.0,-1.5707964,0.0
1970-01-01 00:00:00.382254980,0.38225498,0.0,0.0,0.0,176.43433,0.0,0.0,0.0,0.0,-1.5707964,0.0
1970-01-01 00:00:00.382355079,0.382355079,0.0,0.0,0.0,86.422646,0.0,0.0,0.0,0.0,-1.5707964,0.0
1970-01-01 00:00:00.382449416,0.382449416,0.0,0.0,0.0,0.0,0.0,549.5362,0.0,0.0,-1.5707964,0.0
1970-01-01 00:00:00.382469820,0.38246982,0.0,1749.3131,0.0,0.0,0.0,0.0,0.0,0.0,-1.5707964,0.0
1970-01-01 00:00:00.382469820,0.38246982,0.0,0.0,0.0,416.51648,0.0,0.0,0.0,0.0,-1.5707964,0.0
1970-01-01 00:00:00.382530154,0.382530154,0.0,0.0,0.0,0.0,0.0,589.6836,0.0,0.0,-1.5707964,0.0
1970-01-01 00:00:00.382566565,0.382566565,583.1055,0.0,0.0,0.0,0.0,0.0,0.0,0.0,-1.5707964,0.0
1970-01-01 00:00:00.382622300,0.3826223,0.0,0.0,0.0,0.0,0.0,118.8855,0.0,0.0,-1.5707964,0.0
1970-01-01 00:00:00.382646871,0.382646871,0.0,0.0,0.0,0.0,358.94135,0.0,0.0,0.0,-1.5707964,0.0
1970-01-01 00:00:00.382788174,0.382788174,0.0,0.0,0.0,0.0,149.33948,0.0,0.0,0.0,-1.5707964,0.0
1970-01-01 00:00:00.382922480,0.38292248,0.0,0.0,0.0,0.0,0.0,732.84814,0.0,0.0,-1.5707964,0.0
1970-01-01 00:00:00.383039558,0.383039558,0.0,0.0,0.0,0.0,489.66843,0.0,0.0,0.0,-1.5707964,0.0
1970-01-01 00:00:00.383065442,0.383065442,0.0,0.0,0.0,0.0,0.0,276.70236,0.0,0.0,-1.5707964,0.0
1970-01-01 00:00:00.383068220,0.38306822,0.0,0.0,0.0,0.0,0.0,255.88579,0.0,0.0,-1.5707964,0.0
1970-01-01 00:00:00.383153743,0.383153743,0.0,0.0,0.0,0.0,0.0,193.22429,0.0,0.0,-1.5707964,0.0
1970-01-01 00:00:00.383272014,0.383272014,0.0,0.0,0.0,0.0,0.0,192.36879,0.0,0.0,-1.5707964,0.0
1970-01-01 00:00:00.383294478,0.383294478,0.0,0.0,0.0,0.0,0.0,133.25769,0.0,0.0,-1.5707964,0.0
1970-01-01 00:00:00.383341952,0.383341952,0.0,0.0,0.0,0.0,0.0,1130.9137,0.0,0.0,-1.5707964,0.0
1970-01-01 00:00:00.383375795,0.383375795,0.0,0.0,0.0,0.0,0.0,371.56738,0.0,0.0,-1.5707964,0.0
1970-01-01 00:00:00.383378446,0.383378446,0.0,0.0,0.0,0.0,0.0,443.06674,0.0,0.0,-1.5707964,0.0
1970-01-01 00:00:00.383521136,0.383521136,0.0,0.0,0.0,0.0,0.0,106.65425,0.0,0.0,-1.5707964,0.0
1970-01-01 00:00:00.383541627,0.383541627,0.0,0.0,0.0,168.43567,0.0,0.0,0.0,0.0,-1.5707964,0.0
1970-01-01 00:00:00.383732519,0.383732519,0.0,0.0,0.0,389.0693,0.0,0.0,0.0,0.0,-1.5707964,0.0
1970-01-01 00:00:00.383738723,0.383738723,0.0,0.0,0.0,0.0,938.92865,0.0,0.0,0.0,-1.5707964,0.0
1970-01-01 00:00:00.383769089,0.383769089,0.0,0.0,0.0,0.0,0.0,177.20084,0.0,0.0,-1.5707964,0.0
1970-01-01 00:00:00.383835204,0.383835204,0.0,0.0,251.96315,0.0,0.0,0.0,0.0,0.0,-1.5707964,0.0
1970-01-01 00:00:00.383853617,0.383853617,0.0,0.0,0.0,0.0,266.78662,0.0,0.0,0.0,-1.5707964,0.0
1970-01-01 00:00:00.383864114,0.383864114,0.0,0.0,0.0,0.0,0.0,136.3265,0.0,0.0,-1.5707964,0.0
1970-01-01 00:00:00.383947179,0.383947179,0.0,0.0,0.0,0.0,0.0,570.66187,0.0,0.0,-1.5707964,0.0
1970-01-01 00:00:00.384025031,0.384025031,0.0,0.0,619.485,0.0,0.0,0.0,0.0,0.0,-1.5707964,0.0
1970-01-01 00:00:00.384076966,0.384076966,0.0,0.0,0.0,0.0,0.0,733.66895,0.0,0.0,-1.5707964,0.0
1970-01-01 00:00:00.384143161,0.384143161,0.0,0.0,0.0,0.0,0.0,245.17332,0.0,0.0,-1.5707964,0.0
1970-01-01 00:00:00.384279263,0.384279263,0.0,0.0,0.0,0.0,150.6947,0.0,0.0,0.0,-1.5707964,0.0
1970-01-01 00:00:00.384398853,0.384398853,0.0,243.59198,0.0,0.0,0.0,0.0,0.0,0.0,-1.5707964,0.0
1970-01-01 00:00:00.384528232,0.384528232,0.0,0.0,0.0,1798.1261,0.0,0.0,0.0,0.0,-1.5707964,0.0
1970-01-01 00:00:00.384535013,0.384535013,0.0,0.0,0.0,0.0,500.14172,0.0,0.0,0.0,-1.5707964,0.0
1970-01-01 00:00:00.384796845,0.384796845,0.0,0.0,0.0,0.0,0.0,248.27475,0.0,0.0,-1.5707964,0.0
1970-01-01 00:00:00.384825898,0.384825898,0.0,0.0,0.0,0.0,0.0,344.90405,0.0,0.0,-1.5707964,0.0
1970-01-01 00:00:00.384881152,0.384881152,0.0,0.0,0.0,0.0,0.0,723.2078,0.0,0.0,-1.5707964,0.0
1970-01-01 00:00:00.385009564,0.385009564,0.0,0.0,0.0,149.6432,0.0,0.0,0.0,0.0,-1.5707964,0.0
1970-01-01 00:00:00.385087792,0.385087792,0.0,0.0,0.0,0.0,349.39255,0.0,0.0,0.0,-1.5707964,0.0
1970-01-01 00:00:00.385124519,0.385124519,0.0,0.0,0.0,0.0,89.54029,0.0,0.0,0.0,-1.5707964,0.0
1970-01-01 00:00:00.385205483,0.385205483,0.0,0.0,0.0,366.72812,0.0,0.0,0.0,0.0,-1.5707964,0.0
1970-01-01 00:00:00.385330345,0.385330345,0.0,0.0,0.0,265.2735,0.0,0.0,0.0,0.0,-1.5707964,0.0
1970-01-01 00:00:00.385569800,0.3855698,0.0,468.5372,0.0,0.0,0.0,0.0,0.0,0.0,-1.5707964,0.0
1970-01-01 00:00:00.385597592,0.385597592,0.0,0.0,136.98982,0.0,0.0,0.0,0.0,0.0,-1.5707964,0.0
1970-01-01 00:00:00.385798299,0.385798299,0.0,0.0,0.0,163.53319,0.0,0.0,0.0,0.0,-1.5707964,0.0
1970-01-01 00:00:00.385841559,0.385841559,0.0,0.0,0.0,0.0,0.0,1889.9906,0.0,0.0,-1.5707964,0.0
1970-01-01 00:00:00.385854577,0.385854577,0.0,0.0,0.0,0.0,0.0,1172.6936,0.0,0.0,-1.5707964,0.0
1970-01-01 00:00:00.385867404,0.385867404,0.0,0.0,105.704895,0.0,0.0,0.0,0.0,0.0,-1.5707964,0.0
1970-01-01 00:00:00.385978310,0.38597831,0.0,0.0,0.0,328.35876,0.0,0.0,0.0,0.0,-1.5707964,0.0
1970-01-01 00:00:00.386319876,0.386319876,0.0,0.0,216.99171,0.0,0.0,0.0,0.0,0.0,-1.5707964,0.0
1970-01-01 00:00:00.386441347,0.386441347,0.0,0.0,217.8579,0.0,0.0,0.0,0.0,0.0,-1.5707964,0.0
1970-01-01 00:00:00.386497747,0.386497747,0.0,0.0,0.0,0.0,1073.4614,0.0,0.0,0.0,-1.5707964,0.0
1970-01-01 00:00:00.386586303,0.386586303,0.0,0.0,0.0,0.0,1101.5719,0.0,0.0,0.0,-1.5707964,0.0
1970-01-01 00:00:00.386661457,0.386661457,0.0,200.10242,0.0,0.0,0.0,0.0,0.0,0.0,-1.5707964,0.0
1970-01-01 00:00:00.386822249,0.386822249,0.0,0.0,0.0,0.0,370.14624,0.0,0.0,0.0,-1.5707964,0.0
1970-01-01 00:00:00.387117615,0.387117615,0.0,0.0,0.0,91.05118,0.0,0.0,0.0,0.0,-1.5707964,0.0
1970-01-01 00:00:00.387374943,0.387374943,0.0,0.0,0.0,0.0,0.0,94.803856,0.0,0.0,-1.5707964,0.0
1970-01-01 00:00:00.387490411,0.387490411,0.0,0.0,0.0,0.0,0.0,116.042534,0.0,0.0,-1.5707964,0.0
1970-01-01 00:00:00.387518773,0.387518773,0.0,0.0,0.0,267.59323,0.0,0.0,0.0,0.0,-1.5707964,0.0
1970-01-01 00:00:00.387553127,0.387553127,0.0,0.0,110.2759,0.0,0.0,0.0,0.0,0.0,-1.5707964,0.0
1970-01-01 00:00:00.387557407,0.387557407,179.88393,0.0,0.0,0.0,0.0,0.0,0.0,0.0,-1.5707964,0.0
1970-01-01 00:00:00.387581498,0.387581498,0.0,0.0,0.0,0.0,0.0,591.6441,0.0,0.0,-1.5707964,0.0
1970-01-01 00:00:00.387610370,0.38761037,0.0,0.0,0.0,0.0,0.0,372.68045,0.0,0.0,-1.5707964,0.0
1970-01-01 00:00:00.387623517,0.387623517,0.0,0.0,0.0,333.38235,0.0,0.0,0.0,0.0,-1.5707964,0.0
1970-01-01 00:00:00.387631429,0.387631429,0.0,0.0,0.0,106.44313,0.0,0.0,0.0,0.0,-1.5707964,0.0
1970-01-01 00:00:00.387646835,0.387646835,0.0,0.0,0.0,0.0,160.13902,0.0,0.0,0.0,-1.5707964,0.0
1970-01-01 00:00:00.387667061,0.387667061,0.0,0.0,0.0,0.0,0.0,421.42966,0.0,0.0,-1.5707964,0.0
1970-01-01 00:00:00.387681709,0.387681709,0.0,0.0,0.0,0.0,0.0,189.43687,0.0,0.0,-1.5707964,0.0
1970-01-01 00:00:00.387717397,0.387717397,0.0,0.0,756.9085,0.0,0.0,0.0,0.0,0.0,-1.5707964,0.0
1970-01-01 00:00:00.387732518,0.387732518,0.0,0.0,0.0,0.0,0.0,329.14212,0.0,0.0,-1.5707964,0.0
1970-01-01 00:00:00.387755539,0.387755539,0.0,0.0,0.0,227.455,0.0,0.0,0.0,0.0,-1.5707964,0.0
1970-01-01 00:00:00.387790110,0.38779011,0.0,0.0,0.0,760.81525,0.0,0.0,0.0,0.0,-1.5707964,0.0
1970-01-01 00:00:00.387897217,0.387897217,0.0,0.0,127.952156,0.0,0.0,0.0,0.0,0.0,-1.5707964,0.0
1970-01-01 00:00:00.387946439,0.387946439,0.0,0.0,0.0,0.0,0.0,166.84071,0.0,0.0,-1.5707964,0.0
1970-01-01 00:00:00.387963987,0.387963987,0.0,228.10207,0.0,0.0,0.0,0.0,0.0,0.0,-1.5707964,0.0
1970-01-01 00:00:00.388011559,0.388011559,0.0,0.0,0.0,0.0,0.0,290.02267,0.0,0.0,-1.5707964,0.0
1970-01-01 00:00:00.388060653,0.388060653,0.0,0.0,170.77487,0.0,0.0,0.0,0.0,0.0,-1.5707964,0.0
1970-01-01 00:00:00.388073654,0.388073654,0.0,0.0,0.0,0.0,0.0,177.95117,0.0,0.0,-1.5707964,0.0
1970-01-01 00:00:00.388191187,0.388191187,0.0,0.0,0.0,0.0,0.0,111.01231,0.0,0.0,-1.5707964,0.0
1970-01-01 00:00:00.388212003,0.388212003,0.0,0.0,0.0,260.8163,0.0,0.0,0.0,0.0,-1.5707964,0.0
1970-01-01 00:00:00.388274542,0.388274542,0.0,0.0,0.0,0.0,88.80216,0.0,0.0,0.0,-1.5707964,0.0
1970-01-01 00:00:00.388329693,0.388329693,0.0,89.11621,0.0,0.0,0.0,0.0,0.0,0.0,-1.5707964,0.0
1970-01-01 00:00:00.388539152,0.388539152,0.0,0.0,0.0,0.0,0.0,988.4275,0.0,0.0,-1.5707964,0.0
1970-01-01 00:00:00.388539599,0.388539599,0.0,0.0,0.0,0.0,0.0,910.0924,0.0,0.0,-1.5707964,0.0
1970-01-01 00:00:00.388576787,0.388576787,0.0,0.0,0.0,0.0,0.0,678.688,0.0,0.0,-1.5707964,0.0
1970-01-01 00:00:00.388639180,0.38863918,0.0,0.0,0.0,516.5449,0.0,0.0,0.0,0.0,-1.5707964,0.0
1970-01-01 00:00:00.388668175,0.388668175,0.0,0.0,0.0,0.0,0.0,2658.3918,0.0,0.0,-1.5707964,0.0
1970-01-01 00:00:00.388690078,0.388690078,0.0,82.952065,0.0,0.0,0.0,0.0,0.0,0.0,-1.5707964,0.0
1970-01-01 00:00:00.388712332,0.388712332,0.0,0.0,627.77814,0.0,0.0,0.0,0.0,0.0,-1.5707964,0.0
1970-01-01 00:00:00.388794547,0.388794547,0.0,0.0,0.0,0.0,0.0,252.98233,0.0,0.0,-1.5707964,0.0
1970-01-01 00:00:00.388998849,0.388998849,0.0,0.0,0.0,0.0,0.0,1413.2694,0.0,0.0,-1.5707964,0.0
1970-01-01 00:00:00.389061602,0.389061602,0.0,0.0,0.0,0.0,0.0,416.0121,0.0,0.0,-1.5707964,0.0
1970-01-01 00:00:00.389118284,0.389118284,93.18442,0.0,0.0,0.0,0.0,0.0,0.0,0.0,-1.5707964,0.0
1970-01-01 00:00:00.389397051,0.389397051,0.0,0.0,0.0,0.0,0.0,1317.0885,0.0,0.0,-1.5707964,0.0
1970-01-01 00:00:00.389473398,0.389473398,0.0,0.0,0.0,0.0,0.0,228.77219,0.0,0.0,-1.5707964,0.0
1970-01-01 00:00:00.389540861,0.389540861,0.0,0.0,0.0,342.1545,0.0,0.0,0.0,0.0,-1.5707964,0.0
1970-01-01 00:00:00.389545520,0.38954552,0.0,0.0,0.0,0.0,0.0,479.5023,0.0,0.0,-1.5707964,0.0
1970-01-01 00:00:00.389605850,0.38960585,0.0,0.0,0.0,0.0,0.0,390.35278,0.0,0.0,-1.5707964,0.0
1970-01-01 00:00:00.389699532,0.389699532,0.0,0.0,0.0,389.6733,0.0,0.0,0.0,0.0,-1.5707964,0.0
1970-01-01 00:00:00.389744848,0.389744848,0.0,0.0,0.0,0.0,0.0,938.6704,0.0,0.0,-1.5707964,0.0
1970-01-01 00:00:00.389892797,0.389892797,0.0,0.0,0.0,0.0,0.0,587.58,0.0,0.0,-1.5707964,0.0
1970-01-01 00:00:00.389923619,0.389923619,0.0,0.0,0.0,0.0,0.0,247.09373,0.0,0.0,-1.5707964,0.0
1970-01-01 00:00:00.390001852,0.390001852,0.0,179.53993,0.0,0.0,0.0,0.0,0.0,0.0,-1.5707964,0.0
1970-01-01 00:00:00.390078980,0.39007898,0.0,0.0,0.0,300.54666,0.0,0.0,0.0,0.0,-1.5707964,0.0
1970-01-01 00:00:00.390163540,0.39016354,0.0,0.0,0.0,0.0,0.0,1769.5085,0.0,0.0,-1.5707964,0.0
1970-01-01 00:00:00.390224661,0.390224661,92.58999,0.0,0.0,0.0,0.0,0.0,0.0,0.0,-1.5707964,0.0
1970-01-01 00:00:00.390326507,0.390326507,349.745,0.0,0.0,0.0,0.0,0.0,0.0,0.0,-1.5707964,0.0
1970-01-01 00:00:00.390328221,0.390328221,0.0,0.0,0.0,0.0,1722.6215,0.0,0.0,0.0,-1.5707964,0.0
1970-01-01 00:00:00.390734432,0.390734432,0.0,0.0,334.52106,0.0,0.0,0.0,0.0,0.0,-1.5707964,0.0
1970-01-01 00:00:00.390761031,0.390761031,0.0,0.0,0.0,152.68434,0.0,0.0,0.0,0.0,-1.5707964,0.0
1970-01-01 00:00:00.390956266,0.390956266,0.0,0.0,0.0,216.30893,0.0,0.0,0.0,0.0,-1.5707964,0.0
1970-01-01 00:00:00.391063290,0.39106329,0.0,0.0,0.0,0.0,0.0,705.0465,0.0,0.0,-1.5707964,0.0
1970-01-01 00:00:00.391102762,0.391102762,0.0,0.0,0.0,0.0,0.0,339.07556,0.0,0.0,-1.5707964,0.0
1970-01-01 00:00:00.391123078,0.391123078,0.0,0.0,0.0,0.0,0.0,989.8146,0.0,0.0,-1.5707964,0.0
1970-01-01 00:00:00.391200441,0.391200441,0.0,0.0,109.70608,0.0,0.0,0.0,0.0,0.0,-1.5707964,0.0
1970-01-01 00:00:00.391247159,0.391247159,0.0,346.255,0.0,0.0,0.0,0.0,0.0,0.0,-1.5707964,0.0
1970-01-01 00:00:00.391331211,0.391331211,0.0,0.0,0.0,0.0,0.0,141.95009,0.0,0.0,-1.5707964,0.0
1970-01-01 00:00:00.391370460,0.39137046,0.0,0.0,0.0,0.0,0.0,174.36603,0.0,0.0,-1.5707964,0.0
1970-01-01 00:00:00.391471442,0.391471442,0.0,0.0,0.0,0.0,0.0,168.73189,0.0,0.0,-1.5707964,0.0
1970-01-01 00:00:00.391656792,0.391656792,0.0,0.0,0.0,0.0,0.0,130.04689,0.0,0.0,-1.5707964,0.0
1970-01-01 00:00:00.391685582,0.391685582,0.0,0.0,0.0,0.0,512.63464,0.0,0.0,0.0,-1.5707964,0.0
1970-01-01 00:00:00.391691500,0.3916915,0.0,0.0,0.0,0.0,0.0,132.76312,0.0,0.0,-1.5707964,0.0
1970-01-01 00:00:00.391774025,0.391774025,0.0,0.0,0.0,104.317276,0.0,0.0,0.0,0.0,-1.5707964,0.0
1970-01-01 00:00:00.391913401,0.391913401,0.0,0.0,0.0,1219.7185,0.0,0.0,0.0,0.0,-1.5707964,0.0
1970-01-01 00:00:00.391983129,0.391983129,0.0,0.0,0.0,0.0,0.0,117.35484,0.0,0.0,-1.5707964,0.0
1970-01-01 00:00:00.392015403,0.392015403,0.0,0.0,0.0,199.4271,0.0,0.0,0.0,0.0,-1.5707964,0.0
1970-01-01 00:00:00.392069907,0.392069907,0.0,0.0,0.0,0.0,0.0,1030.2755,0.0,0.0,-1.5707964,0.0
1970-01-01 00:00:00.392087329,0.392087329,0.0,0.0,0.0,0.0,0.0,885.47156,0.0,0.0,-1.5707964,0.0
1970-01-01 00:00:00.392181454,0.392181454,0.0,0.0,0.0,0.0,273.45435,0.0,0.0,0.0,-1.5707964,0.0
1970-01-01 00:00:00.392183496,0.392183496,0.0,0.0,0.0,307.95816,0.0,0.0,0.0,0.0,-1.5707964,0.0
1970-01-01 00:00:00.392291717,0.392291717,0.0,0.0,0.0,0.0,479.78766,0.0,0.0,0.0,-1.5707964,0.0
1970-01-01 00:00:00.392291717,0.392291717,0.0,0.0,0.0,150.5378,0.0,0.0,0.0,0.0,-1.5707964,0.0
1970-01-01 00:00:00.392325770,0.39232577,4624.4434,0.0,0.0,0.0,0.0,0.0,0.0,0.0,-1.5707964,0.0
1970-01-01 00:00:00.392357096,0.392357096,0.0,0.0,0.0,1113.5531,0.0,0.0,0.0,0.0,-1.5707964,0.0
1970-01-01 00:00:00.392357096,0.392357096,0.0,0.0,0.0,0.0,0.0,315.68866,0.0,0.0,-1.5707964,0.0
1970-01-01 00:00:00.392370126,0.392370126,0.0,0.0,0.0,107.59722,0.0,0.0,0.0,0.0,-1.5707964,0.0
1970-01-01 00:00:00.392505422,0.392505422,0.0,0.0,0.0,0.0,0.0,280.47958,0.0,0.0,-1.5707964,0.0
1970-01-01 00:00:00.392580066,0.392580066,0.0,0.0,0.0,0.0,0.0,360.59256,0.0,0.0,-1.5707964,0.0
1970-01-01 00:00:00.392621445,0.392621445,0.0,0.0,0.0,0.0,0.0,364.2578,0.0,0.0,-1.5707964,0.0
1970-01-01 00:00:00.392840768,0.392840768,0.0,0.0,0.0,0.0,3077.1726,0.0,0.0,0.0,-1.5707964,0.0
1970-01-01 00:00:00.392865787,0.392865787,0.0,0.0,0.0,0.0,0.0,216.06961,0.0,0.0,-1.5707964,0.0
1970-01-01 00:00:00.392886853,0.392886853,0.0,0.0,720.2809,0.0,0.0,0.0,0.0,0.0,-1.5707964,0.0
1970-01-01 00:00:00.392960926,0.392960926,0.0,0.0,556.84937,0.0,0.0,0.0,0.0,0.0,-1.5707964,0.0
1970-01-01 00:00:00.392960926,0.392960926,0.0,0.0,0.0,0.0,0.0,897.8067,0.0,0.0,-1.5707964,0.0
1970-01-01 00:00:00.393002270,0.39300227,0.0,0.0,0.0,0.0,0.0,104.481636,0.0,0.0,-1.5707964,0.0
1970-01-01 00:00:00.393024579,0.393024579,0.0,0.0,0.0,0.0,0.0,88.29144,0.0,0.0,-1.5707964,0.0
1970-01-01 00:00:00.393049995,0.393049995,0.0,0.0,0.0,0.0,0.0,514.6415,0.0,0.0,-1.5707964,0.0
1970-01-01 00:00:00.393117185,0.393117185,0.0,0.0,335.1048,0.0,0.0,0.0,0.0,0.0,-1.5707964,0.0
1970-01-01 00:00:00.393124567,0.393124567,0.0,0.0,0.0,0.0,0.0,212.48727,0.0,0.0,-1.5707964,0.0
1970-01-01 00:00:00.393169153,0.393169153,0.0,0.0,0.0,0.0,0.0,90.09267,0.0,0.0,-1.5707964,0.0
1970-01-01 00:00:00.393196993,0.393196993,0.0,0.0,0.0,126.35564,0.0,0.0,0.0,0.0,-1.5707964,0.0
1970-01-01 00:00:00.393287880,0.39328788,0.0,0.0,0.0,189.77292,0.0,0.0,0.0,0.0,-1.5707964,0.0
1970-01-01 00:00:00.393317484,0.393317484,0.0,0.0,0.0,0.0,118.39111,0.0,0.0,0.0,-1.5707964,0.0
1970-01-01 00:00:00.393329105,0.393329105,0.0,0.0,0.0,0.0,0.0,1024.6228,0.0,0.0,-1.5707964,0.0
1970-01-01 00:00:00.393416863,0.393416863,0.0,0.0,400.4321,0.0,0.0,0.0,0.0,0.0,-1.5707964,0.0
1970-01-01 00:00:00.393449910,0.39344991,0.0,0.0,0.0,0.0,193.11082,0.0,0.0,0.0,-1.5707964,0.0
1970-01-01 00:00:00.393452925,0.393452925,0.0,0.0,600.7488,0.0,0.0,0.0,0.0,0.0,-1.5707964,0.0
1970-01-01 00:00:00.393479331,0.393479331,0.0,0.0,0.0,822.4823,0.0,0.0,0.0,0.0,-1.5707964,0.0
1970-01-01 00:00:00.393486198,0.393486198,0.0,0.0,0.0,0.0,174.08531,0.0,0.0,0.0,-1.5707964,0.0
1970-01-01 00:00:00.393488065,0.393488065,0.0,0.0,0.0,136.54774,0.0,0.0,0.0,0.0,-1.5707964,0.0
1970-01-01 00:00:00.393501919,0.393501919,0.0,0.0,0.0,0.0,0.0,255.85576,0.0,0.0,-1.5707964,0.0
1970-01-01 00:00:00.393551975,0.393551975,0.0,0.0,0.0,0.0,0.0,182.74132,0.0,0.0,-1.5707964,0.0
1970-01-01 00:00:00.393594458,0.393594458,0.0,0.0,0.0,0.0,0.0,242.89633,0.0,0.0,-1.5707964,0.0
1970-01-01 00:00:00.393652332,0.393652332,0.0,0.0,0.0,0.0,0.0,229.28587,0.0,0.0,-1.5707964,0.0
1970-01-01 00:00:00.393710041,0.393710041,0.0,0.0,0.0,0.0,0.0,383.27338,0.0,0.0,-1.5707964,0.0
1970-01-01 00:00:00.393846660,0.39384666,0.0,0.0,0.0,0.0,0.0,243.15875,0.0,0.0,-1.5707964,0.0
1970-01-01 00:00:00.393902534,0.393902534,0.0,0.0,0.0,0.0,0.0,1210.7493,0.0,0.0,-1.5707964,0.0
1970-01-01 00:00:00.393921516,0.393921516,0.0,0.0,0.0,440.53378,0.0,0.0,0.0,0.0,-1.5707964,0.0
1970-01-01 00:00:00.393956098,0.393956098,0.0,0.0,151.00984,0.0,0.0,0.0,0.0,0.0,-1.5707964,0.0
1970-01-01 00:00:00.394014952,0.394014952,0.0,0.0,0.0,0.0,0.0,246.78426,0.0,0.0,-1.5707964,0.0
1970-01-01 00:00:00.394023141,0.394023141,0.0,0.0,165.37375,0.0,0.0,0.0,0.0,0.0,-1.5707964,0.0
1970-01-01 00:00:00.394023732,0.394023732,0.0,0.0,0.0,0.0,0.0,96.97814,0.0,0.0,-1.5707964,0.0
1970-01-01 00:00:00.394053395,0.394053395,0.0,0.0,198.86143,0.0,0.0,0.0,0.0,0.0,-1.5707964,0.0
1970-01-01 00:00:00.394118870,0.39411887,0.0,0.0,0.0,0.0,1478.8159,0.0,0.0,0.0,-1.5707964,0.0
1970-01-01 00:00:00.394123777,0.394123777,0.0,0.0,0.0,213.66336,0.0,0.0,0.0,0.0,-1.5707964,0.0
1970-01-01 00:00:00.394170513,0.394170513,0.0,0.0,565.9662,0.0,0.0,0.0,0.0,0.0,-1.5707964,0.0
1970-01-01 00:00:00.394170513,0.394170513,0.0,0.0,0.0,0.0,0.0,766.30084,0.0,0.0,-1.5707964,0.0
1970-01-01 00:00:00.394375930,0.39437593,0.0,0.0,0.0,0.0,0.0,421.24994,0.0,0.0,-1.5707964,0.0
1970-01-01 00:00:00.394382842,0.394382842,238.86163,0.0,0.0,0.0,0.0,0.0,0.0,0.0,-1.5707964,0.0
1970-01-01 00:00:00.394580092,0.394580092,0.0,0.0,0.0,0.0,0.0,237.4296,0.0,0.0,-1.5707964,0.0
1970-01-01 00:00:00.394676499,0.394676499,0.0,0.0,0.0,0.0,0.0,565.966,0.0,0.0,-1.5707964,0.0
1970-01-01 00:00:00.394984163,0.394984163,0.0,0.0,0.0,219.71155,0.0,0.0,0.0,0.0,-1.5707964,0.0
1970-01-01 00:00:00.394997413,0.394997413,0.0,0.0,0.0,0.0,0.0,190.60109,0.0,0.0,-1.5707964,0.0
1970-01-01 00:00:00.395283042,0.395283042,0.0,0.0,0.0,0.0,124.83197,0.0,0.0,0.0,-1.5707964,0.0
1970-01-01 00:00:00.395306624,0.395306624,0.0,0.0,0.0,0.0,0.0,267.4114,0.0,0.0,-1.5707964,0.0
1970-01-01 00:00:00.395324762,0.395324762,0.0,0.0,0.0,0.0,355.69733,0.0,0.0,0.0,-1.5707964,0.0
1970-01-01 00:00:00.395330772,0.395330772,0.0,0.0,2381.078,0.0,0.0,0.0,0.0,0.0,-1.5707964,0.0
1970-01-01 00:00:00.395458362,0.395458362,0.0,0.0,0.0,0.0,215.04047,0.0,0.0,0.0,-1.5707964,0.0
1970-01-01 00:00:00.395458362,0.395458362,0.0,0.0,0.0,362.15103,0.0,0.0,0.0,0.0,-1.5707964,0.0
1970-01-01 00:00:00.395533499,0.395533499,0.0,0.0,81.27457,0.0,0.0,0.0,0.0,0.0,-1.5707964,0.0
1970-01-01 00:00:00.395769614,0.395769614,0.0,0.0,0.0,0.0,0.0,210.5432,0.0,0.0,-1.5707964,0.0
1970-01-01 00:00:00.395885337,0.395885337,0.0,0.0,0.0,0.0,0.0,514.7784,0.0,0.0,-1.5707964,0.0
1970-01-01 00:00:00.395930195,0.395930195,0.0,0.0,0.0,0.0,0.0,341.9677,0.0,0.0,-1.5707964,0.0
1970-01-01 00:00:00.395949844,0.395949844,0.0,0.0,0.0,0.0,0.0,281.0911,0.0,0.0,-1.5707964,0.0
1970-01-01 00:00:00.396051941,0.396051941,517.5323,0.0,0.0,0.0,0.0,0.0,0.0,0.0,-1.5707964,0.0
1970-01-01 00:00:00.396057078,0.396057078,190.08127,0.0,0.0,0.0,0.0,0.0,0.0,0.0,-1.5707964,0.0
1970-01-01 00:00:00.396148535,0.396148535,0.0,0.0,0.0,0.0,0.0,102.16337,0.0,0.0,-1.5707964,0.0
1970-01-01 00:00:00.396148677,0.396148677,0.0,0.0,0.0,0.0,0.0,730.5211,0.0,0.0,-1.5707964,0.0
1970-01-01 00:00:00.396227241,0.396227241,0.0,0.0,0.0,0.0,147.05725,0.0,0.0,0.0,-1.5707964,0.0
1970-01-01 00:00:00.396240631,0.396240631,0.0,132.42015,0.0,0.0,0.0,0.0,0.0,0.0,-1.5707964,0.0
1970-01-01 00:00:00.396344636,0.396344636,0.0,0.0,112.070854,0.0,0.0,0.0,0.0,0.0,-1.5707964,0.0
1970-01-01 00:00:00.396346275,0.396346275,0.0,0.0,0.0,0.0,0.0,353.31082,0.0,0.0,-1.5707964,0.0
1970-01-01 00:00:00.396348828,0.396348828,0.0,0.0,0.0,313.41034,0.0,0.0,0.0,0.0,-1.5707964,0.0
1970-01-01 00:00:00.396387894,0.396387894,0.0,0.0,0.0,0.0,516.5579,0.0,0.0,0.0,-1.5707964,0.0
1970-01-01 00:00:00.396421419,0.396421419,0.0,0.0,0.0,0.0,0.0,87.90387,0.0,0.0,-1.5707964,0.0
1970-01-01 00:00:00.396505947,0.396505947,288.86465,0.0,0.0,0.0,0.0,0.0,0.0,0.0,-1.5707964,0.0
1970-01-01 00:00:00.396615014,0.396615014,0.0,0.0,0.0,0.0,0.0,139.90376,0.0,0.0,-1.5707964,0.0
1970-01-01 00:00:00.396675725,0.396675725,0.0,0.0,0.0,408.31912,0.0,0.0,0.0,0.0,-1.5707964,0.0
1970-01-01 00:00:00.396696569,0.396696569,0.0,0.0,0.0,0.0,463.54498,0.0,0.0,0.0,-1.5707964,0.0
1970-01-01 00:00:00.396932018,0.396932018,0.0,0.0,0.0,0.0,0.0,381.46652,0.0,0.0,-1.5707964,0.0
1970-01-01 00:00:00.396949080,0.39694908,0.0,0.0,0.0,0.0,0.0,278.46982,0.0,0.0,-1.5707964,0.0
1970-01-01 00:00:00.397387060,0.39738706,0.0,0.0,612.84973,0.0,0.0,0.0,0.0,0.0,-1.5707964,0.0
1970-01-01 00:00:00.397456248,0.397456248,0.0,0.0,0.0,0.0,248.65901,0.0,0.0,0.0,-1.5707964,0.0
1970-01-01 00:00:00.397704608,0.397704608,0.0,0.0,0.0,0.0,0.0,305.68863,0.0,0.0,-1.5707964,0.0
1970-01-01 00:00:00.397801002,0.397801002,0.0,0.0,0.0,301.16916,0.0,0.0,0.0,0.0,-1.5707964,0.0
1970-01-01 00:00:00.398032718,0.398032718,0.0,0.0,696.1907,0.0,0.0,0.0,0.0,0.0,-1.5707964,0.0
1970-01-01 00:00:00.398173062,0.398173062,0.0,0.0,0.0,0.0,0.0,262.24585,0.0,0.0,-1.5707964,0.0
1970-01-01 00:00:00.398233857,0.398233857,0.0,0.0,149.98824,0.0,0.0,0.0,0.0,0.0,-1.5707964,0.0
1970-01-01 00:00:00.398275465,0.398275465,0.0,0.0,201.43532,0.0,0.0,0.0,0.0,0.0,-1.5707964,0.0
1970-01-01 00:00:00.398350531,0.398350531,0.0,0.0,0.0,0.0,0.0,1046.2518,0.0,0.0,-1.5707964,0.0
1970-01-01 00:00:00.398361193,0.398361193,0.0,0.0,0.0,414.7707,0.0,0.0,0.0,0.0,-1.5707964,0.0
1970-01-01 00:00:00.398429887,0.398429887,0.0,0.0,0.0,0.0,0.0,203.78578,0.0,0.0,-1.5707964,0.0
1970-01-01 00:00:00.398434124,0.398434124,0.0,0.0,0.0,394.70038,0.0,0.0,0.0,0.0,-1.5707964,0.0
1970-01-01 00:00:00.398492705,0.398492705,0.0,0.0,0.0,0.0,103.96046,0.0,0.0,0.0,-1.5707964,0.0
1970-01-01 00:00:00.398573773,0.398573773,0.0,0.0,0.0,0.0,0.0,593.02954,0.0,0.0,-1.5707964,0.0
1970-01-01 00:00:00.398641340,0.39864134,0.0,0.0,588.3041,0.0,0.0,0.0,0.0,0.0,-1.5707964,0.0
1970-01-01 00:00:00.398664496,0.398664496,0.0,0.0,0.0,0.0,0.0,1927.826,0.0,0.0,-1.5707964,0.0
1970-01-01 00:00:00.398691727,0.398691727,0.0,0.0,0.0,0.0,0.0,657.30054,0.0,0.0,-1.5707964,0.0
1970-01-01 00:00:00.398811840,0.39881184,0.0,0.0,0.0,1981.6007,0.0,0.0,0.0,0.0,-1.5707964,0.0
1970-01-01 00:00:00.398914020,0.39891402,0.0,0.0,0.0,0.0,0.0,738.1906,0.0,0.0,-1.5707964,0.0
1970-01-01 00:00:00.399050638,0.399050638,0.0,0.0,0.0,0.0,0.0,189.284,0.0,0.0,-1.5707964,0.0
1970-01-01 00:00:00.399068723,0.399068723,0.0,0.0,0.0,181.1414,0.0,0.0,0.0,0.0,-1.5707964,0.0
1970-01-01 00:00:00.399234541,0.399234541,0.0,0.0,0.0,0.0,0.0,375.61063,0.0,0.0,-1.5707964,0.0
1970-01-01 00:00:00.399280834,0.399280834,1076.2616,0.0,0.0,0.0,0.0,0.0,0.0,0.0,-1.5707964,0.0
1970-01-01 00:00:00.399452007,0.399452007,0.0,0.0,0.0,0.0,0.0,634.50275,0.0,0.0,-1.5707964,0.0
1970-01-01 00:00:00.399611948,0.399611948,0.0,0.0,279.2458,0.0,0.0,0.0,0.0,0.0,-1.5707964,0.0
1970-01-01 00:00:00.399760168,0.399760168,0.0,0.0,0.0,1025.0139,0.0,0.0,0.0,0.0,-1.5707964,0.0
1970-01-01 00:00:00.399814473,0.399814473,552.5092,0.0,0.0,0.0,0.0,0.0,0.0,0.0,-1.5707964,0.0
1970-01-01 00:00:00.399903854,0.399903854,0.0,0.0,0.0,0.0,1765.3636,0.0,0.0,0.0,-1.5707964,0.0
1970-01-01 00:00:00.399923914,0.399923914,0.0,0.0,0.0,0.0,86.41524,0.0,0.0,0.0,-1.5707964,0.0
1970-01-01 00:00:00.399927776,0.399927776,258.693,0.0,0.0,0.0,0.0,0.0,0.0,0.0,-1.5707964,0.0
1970-01-01 00:00:00.400033398,0.400033398,0.0,0.0,0.0,0.0,0.0,508.68665,0.0,0.0,-1.5707964,0.0
1970-01-01 00:00:00.400058235,0.400058235,236.09909,0.0,0.0,0.0,0.0,0.0,0.0,0.0,-1.5707964,0.0
1970-01-01 00:00:00.400081226,0.400081226,0.0,0.0,0.0,152.1349,0.0,0.0,0.0,0.0,-1.5707964,0.0
1970-01-01 00:00:00.400140632,0.400140632,0.0,0.0,0.0,0.0,0.0,307.41144,0.0,0.0,-1.5707964,0.0
1970-01-01 00:00:00.400199254,0.400199254,0.0,0.0,0.0,0.0,0.0,121.493355,0.0,0.0,-1.5707964,0.0
1970-01-01 00:00:00.400302737,0.400302737,0.0,0.0,0.0,0.0,0.0,317.1644,0.0,0.0,-1.5707964,0.0
1970-01-01 00:00:00.400383307,0.400383307,0.0,0.0,0.0,346.9173,0.0,0.0,0.0,0.0,-1.5707964,0.0
1970-01-01 00:00:00.400475758,0.400475758,0.0,0.0,743.74945,0.0,0.0,0.0,0.0,0.0,-1.5707964,0.0
1970-01-01 00:00:00.400567699,0.400567699,0.0,0.0,0.0,0.0,0.0,109.493385,0.0,0.0,-1.5707964,0.0
1970-01-01 00:00:00.400735535,0.400735535,0.0,0.0,0.0,0.0,0.0,600.3876,0.0,0.0,-1.5707964,0.0
1970-01-01 00:00:00.400903124,0.400903124,0.0,0.0,1357.2858,0.0,0.0,0.0,0.0,0.0,-1.5707964,0.0
1970-01-01 00:00:00.400945346,0.400945346,0.0,0.0,0.0,0.0,0.0,103.62878,0.0,0.0,-1.5707964,0.0
1970-01-01 00:00:00.401078433,0.401078433,0.0,0.0,0.0,0.0,352.99313,0.0,0.0,0.0,-1.5707964,0.0
1970-01-01 00:00:00.401226078,0.401226078,1056.8344,0.0,0.0,0.0,0.0,0.0,0.0,0.0,-1.5707964,0.0
1970-01-01 00:00:00.401238433,0.401238433,0.0,0.0,0.0,0.0,0.0,131.49983,0.0,0.0,-1.5707964,0.0
1970-01-01 00:00:00.401285792,0.401285792,0.0,0.0,0.0,805.14874,0.0,0.0,0.0,0.0,-1.5707964,0.0
1970-01-01 00:00:00.401359386,0.401359386,0.0,0.0,0.0,0.0,0.0,135.80042,0.0,0.0,-1.5707964,0.0
1970-01-01 00:00:00.401534506,0.401534506,0.0,0.0,0.0,0.0,0.0,113.754456,0.0,0.0,-1.5707964,0.0
1970-01-01 00:00:00.401555877,0.401555877,0.0,0.0,0.0,210.62584,0.0,0.0,0.0,0.0,-1.5707964,0.0
1970-01-01 00:00:00.401665400,0.4016654,0.0,0.0,0.0,0.0,425.55328,0.0,0.0,0.0,-1.5707964,0.0
1970-01-01 00:00:00.401796078,0.401796078,0.0,0.0,0.0,0.0,473.43887,0.0,0.0,0.0,-1.5707964,0.0
1970-01-01 00:00:00.401814698,0.401814698,0.0,0.0,0.0,692.7685,0.0,0.0,0.0,0.0,-1.5707964,0.0
1970-01-01 00:00:00.401935077,0.401935077,0.0,0.0,0.0,0.0,0.0,150.21075,0.0,0.0,-1.5707964,0.0
1970-01-01 00:00:00.402058293,0.402058293,0.0,0.0,0.0,270.50754,0.0,0.0,0.0,0.0,-1.5707964,0.0
1970-01-01 00:00:00.402070726,0.402070726,0.0,409.38687,0.0,0.0,0.0,0.0,0.0,0.0,-1.5707964,0.0
1970-01-01 00:00:00.402112357,0.402112357,0.0,0.0,0.0,113.636444,0.0,0.0,0.0,0.0,-1.5707964,0.0
1970-01-01 00:00:00.402126700,0.4021267,0.0,0.0,0.0,0.0,0.0,956.0916,0.0,0.0,-1.5707964,0.0
1970-01-01 00:00:00.402265848,0.402265848,0.0,0.0,0.0,0.0,0.0,500.56436,0.0,0.0,-1.5707964,0.0
1970-01-01 00:00:00.402322224,0.402322224,0.0,0.0,0.0,0.0,83.368904,0.0,0.0,0.0,-1.5707964,0.0
1970-01-01 00:00:00.402330426,0.402330426,0.0,0.0,0.0,0.0,0.0,159.09605,0.0,0.0,-1.5707964,0.0
1970-01-01 00:00:00.402373120,0.40237312,223.21835,0.0,0.0,0.0,0.0,0.0,0.0,0.0,-1.5707964,0.0
1970-01-01 00:00:00.402476818,0.402476818,0.0,0.0,0.0,0.0,140.33589,0.0,0.0,0.0,-1.5707964,0.0
1970-01-01 00:00:00.402492803,0.402492803,0.0,0.0,0.0,0.0,627.5494,0.0,0.0,0.0,-1.5707964,0.0
1970-01-01 00:00:00.402496693,0.402496693,0.0,0.0,592.0522,0.0,0.0,0.0,0.0,0.0,-1.5707964,0.0
1970-01-01 00:00:00.402521615,0.402521615,0.0,0.0,0.0,0.0,0.0,1040.0934,0.0,0.0,-1.5707964,0.0
1970-01-01 00:00:00.402622165,0.402622165,0.0,0.0,0.0,0.0,111.36609,0.0,0.0,0.0,-1.5707964,0.0
1970-01-01 00:00:00.402698225,0.402698225,0.0,0.0,0.0,0.0,0.0,573.10986,0.0,0.0,-1.5707964,0.0
1970-01-01 00:00:00.402728184,0.402728184,0.0,0.0,0.0,0.0,0.0,213.38057,0.0,0.0,-1.5707964,0.0
1970-01-01 00:00:00.402740211,0.402740211,0.0,0.0,0.0,0.0,0.0,412.8782,0.0,0.0,-1.5707964,0.0
1970-01-01 00:00:00.402816631,0.402816631,0.0,0.0,0.0,272.31332,0.0,0.0,0.0,0.0,-1.5707964,0.0
1970-01-01 00:00:00.402835352,0.402835352,0.0,0.0,347.1349,0.0,0.0,0.0,0.0,0.0,-1.5707964,0.0
1970-01-01 00:00:00.402902088,0.402902088,0.0,0.0,0.0,0.0,117.98009,0.0,0.0,0.0,-1.5707964,0.0
1970-01-01 00:00:00.403077078,0.403077078,0.0,0.0,0.0,84.794464,0.0,0.0,0.0,0.0,-1.5707964,0.0
1970-01-01 00:00:00.403140662,0.403140662,0.0,0.0,0.0,356.8102,0.0,0.0,0.0,0.0,-1.5707964,0.0
1970-01-01 00:00:00.403171387,0.403171387,203.3734,0.0,0.0,0.0,0.0,0.0,0.0,0.0,-1.5707964,0.0
1970-01-01 00:00:00.403171387,0.403171387,740.11536,0.0,0.0,0.0,0.0,0.0,0.0,0.0,-1.5707964,0.0
1970-01-01 00:00:00.403224851,0.403224851,238.6317,0.0,0.0,0.0,0.0,0.0,0.0,0.0,-1.5707964,0.0
1970-01-01 00:00:00.403284213,0.403284213,0.0,0.0,0.0,0.0,0.0,263.9029,0.0,0.0,-1.5707964,0.0
1970-01-01 00:00:00.403301100,0.4033011,0.0,0.0,0.0,408.47714,0.0,0.0,0.0,0.0,-1.5707964,0.0
1970-01-01 00:00:00.403318596,0.403318596,0.0,0.0,0.0,0.0,162.45654,0.0,0.0,0.0,-1.5707964,0.0
1970-01-01 00:00:00.403334148,0.403334148,0.0,0.0,0.0,0.0,0.0,248.78397,0.0,0.0,-1.5707964,0.0
1970-01-01 00:00:00.403366156,0.403366156,0.0,0.0,0.0,950.6331,0.0,0.0,0.0,0.0,-1.5707964,0.0
1970-01-01 00:00:00.403426054,0.403426054,0.0,0.0,0.0,0.0,0.0,86.68004,0.0,0.0,-1.5707964,0.0
1970-01-01 00:00:00.403428776,0.403428776,0.0,0.0,0.0,0.0,0.0,280.84674,0.0,0.0,-1.5707964,0.0
1970-01-01 00:00:00.403461938,0.403461938,0.0,0.0,0.0,347.0868,0.0,0.0,0.0,0.0,-1.5707964,0.0
1970-01-01 00:00:00.403478405,0.403478405,0.0,0.0,0.0,726.10443,0.0,0.0,0.0,0.0,-1.5707964,0.0
1970-01-01 00:00:00.403619664,0.403619664,0.0,0.0,0.0,0.0,0.0,468.03442,0.0,0.0,-1.5707964,0.0
1970-01-01 00:00:00.403621126,0.403621126,229.06326,0.0,0.0,0.0,0.0,0.0,0.0,0.0,-1.5707964,0.0
1970-01-01 00:00:00.403656464,0.403656464,0.0,0.0,110.571014,0.0,0.0,0.0,0.0,0.0,-1.5707964,0.0
1970-01-01 00:00:00.403815594,0.403815594,0.0,0.0,0.0,0.0,0.0,824.52057,0.0,0.0,-1.5707964,0.0
1970-01-01 00:00:00.403945000,0.403945,0.0,0.0,0.0,0.0,0.0,267.43127,0.0,0.0,-1.5707964,0.0
1970-01-01 00:00:00.403951956,0.403951956,0.0,0.0,0.0,0.0,746.4706,0.0,0.0,0.0,-1.5707964,0.0
1970-01-01 00:00:00.403964840,0.40396484,0.0,0.0,0.0,0.0,256.92712,0.0,0.0,0.0,-1.5707964,0.0
1970-01-01 00:00:00.404082470,0.40408247,0.0,0.0,0.0,0.0,0.0,566.43695,0.0,0.0,-1.5707964,0.0
1970-01-01 00:00:00.404160001,0.404160001,0.0,0.0,618.01215,0.0,0.0,0.0,0.0,0.0,-1.5707964,0.0
1970-01-01 00:00:00.404219382,0.404219382,0.0,0.0,0.0,0.0,1641.6891,0.0,0.0,0.0,-1.5707964,0.0
1970-01-01 00:00:00.404219382,0.404219382,0.0,0.0,0.0,114.21264,0.0,0.0,0.0,0.0,-1.5707964,0.0
1970-01-01 00:00:00.404258782,0.404258782,0.0,0.0,0.0,0.0,0.0,305.3109,0.0,0.0,-1.5707964,0.0
1970-01-01 00:00:00.404261432,0.404261432,0.0,0.0,0.0,0.0,0.0,97.464714,0.0,0.0,-1.5707964,0.0
1970-01-01 00:00:00.404386334,0.404386334,0.0,0.0,0.0,0.0,0.0,83.87638,0.0,0.0,-1.5707964,0.0
1970-01-01 00:00:00.404392783,0.404392783,0.0,0.0,0.0,0.0,0.0,324.60077,0.0,0.0,-1.5707964,0.0
1970-01-01 00:00:00.404492100,0.4044921,0.0,0.0,0.0,0.0,0.0,83.1753,0.0,0.0,-1.5707964,0.0
1970-01-01 00:00:00.404585556,0.404585556,0.0,0.0,0.0,0.0,0.0,190.75197,0.0,0.0,-1.5707964,0.0
1970-01-01 00:00:00.404595366,0.404595366,0.0,0.0,0.0,0.0,0.0,378.0101,0.0,0.0,-1.5707964,0.0
1970-01-01 00:00:00.404628850,0.40462885,0.0,0.0,0.0,820.5016,0.0,0.0,0.0,0.0,-1.5707964,0.0
1970-01-01 00:00:00.404673961,0.404673961,0.0,0.0,0.0,0.0,0.0,744.99536,0.0,0.0,-1.5707964,0.0
1970-01-01 00:00:00.404709605,0.404709605,0.0,0.0,0.0,1002.1013,0.0,0.0,0.0,0.0,-1.5707964,0.0
1970-01-01 00:00:00.404797364,0.404797364,0.0,0.0,0.0,0.0,0.0,830.9326,0.0,0.0,-1.5707964,0.0
1970-01-01 00:00:00.404867277,0.404867277,0.0,0.0,0.0,0.0,96.46506,0.0,0.0,0.0,-1.5707964,0.0
1970-01-01 00:00:00.404981906,0.404981906,0.0,0.0,0.0,0.0,0.0,336.7733,0.0,0.0,-1.5707964,0.0
1970-01-01 00:00:00.405003807,0.405003807,0.0,0.0,848.8527,0.0,0.0,0.0,0.0,0.0,-1.5707964,0.0
1970-01-01 00:00:00.405067139,0.405067139,0.0,0.0,0.0,409.94482,0.0,0.0,0.0,0.0,-1.5707964,0.0
1970-01-01 00:00:00.405082580,0.40508258,0.0,0.0,0.0,342.6909,0.0,0.0,0.0,0.0,-1.5707964,0.0
1970-01-01 00:00:00.405151347,0.405151347,0.0,0.0,0.0,0.0,0.0,636.8592,0.0,0.0,-1.5707964,0.0
1970-01-01 00:00:00.405255577,0.405255577,0.0,0.0,0.0,0.0,0.0,445.48636,0.0,0.0,-1.5707964,0.0
1970-01-01 00:00:00.405255788,0.405255788,0.0,203.99399,0.0,0.0,0.0,0.0,0.0,0.0,-1.5707964,0.0
1970-01-01 00:00:00.405320458,0.405320458,0.0,0.0,0.0,0.0,0.0,145.30138,0.0,0.0,-1.5707964,0.0
1970-01-01 00:00:00.405392618,0.405392618,0.0,0.0,0.0,0.0,0.0,421.45007,0.0,0.0,-1.5707964,0.0
1970-01-01 00:00:00.405407800,0.4054078,0.0,0.0,0.0,0.0,0.0,190.23988,0.0,0.0,-1.5707964,0.0
1970-01-01 00:00:00.405417067,0.405417067,0.0,282.2969,0.0,0.0,0.0,0.0,0.0,0.0,-1.5707964,0.0
1970-01-01 00:00:00.405538884,0.405538884,0.0,0.0,0.0,0.0,0.0,180.1381,0.0,0.0,-1.5707964,0.0
1970-01-01 00:00:00.405624728,0.405624728,103.73763,0.0,0.0,0.0,0.0,0.0,0.0,0.0,-1.5707964,0.0
1970-01-01 00:00:00.405676025,0.405676025,137.57854,0.0,0.0,0.0,0.0,0.0,0.0,0.0,-1.5707964,0.0
1970-01-01 00:00:00.405713116,0.405713116,0.0,0.0,0.0,0.0,84.55539,0.0,0.0,0.0,-1.5707964,0.0
1970-01-01 00:00:00.405739469,0.405739469,0.0,0.0,0.0,0.0,546.092,0.0,0.0,0.0,-1.5707964,0.0
1970-01-01 00:00:00.405773389,0.405773389,0.0,0.0,0.0,0.0,409.06668,0.0,0.0,0.0,-1.5707964,0.0
1970-01-01 00:00:00.405928101,0.405928101,262.6408,0.0,0.0,0.0,0.0,0.0,0.0,0.0,-1.5707964,0.0
1970-01-01 00:00:00.405961207,0.405961207,0.0,0.0,0.0,0.0,225.86949,0.0,0.0,0.0,-1.5707964,0.0
1970-01-01 00:00:00.405984101,0.405984101,0.0,0.0,176.30489,0.0,0.0,0.0,0.0,0.0,-1.5707964,0.0
1970-01-01 00:00:00.405985842,0.405985842,0.0,0.0,0.0,0.0,0.0,116.73981,0.0,0.0,-1.5707964,0.0
1970-01-01 00:00:00.406025471,0.406025471,0.0,0.0,0.0,0.0,0.0,708.1869,0.0,0.0,-1.5707964,0.0
1970-01-01 00:00:00.406065608,0.406065608,0.0,174.60976,0.0,0.0,0.0,0.0,0.0,0.0,-1.5707964,0.0
1970-01-01 00:00:00.406127014,0.406127014,0.0,0.0,0.0,141.14859,0.0,0.0,0.0,0.0,-1.5707964,0.0
1970-01-01 00:00:00.406142431,0.406142431,0.0,0.0,0.0,0.0,0.0,277.60828,0.0,0.0,-1.5707964,0.0
1970-01-01 00:00:00.406203677,0.406203677,0.0,0.0,0.0,0.0,101.02439,0.0,0.0,0.0,-1.5707964,0.0
1970-01-01 00:00:00.406302020,0.40630202,0.0,0.0,0.0,0.0,0.0,152.12267,0.0,0.0,-1.5707964,0.0
1970-01-01 00:00:00.406440210,0.40644021,0.0,0.0,0.0,0.0,0.0,309.0159,0.0,0.0,-1.5707964,0.0
1970-01-01 00:00:00.406444267,0.406444267,0.0,0.0,206.96448,0.0,0.0,0.0,0.0,0.0,-1.5707964,0.0
1970-01-01 00:00:00.406497238,0.406497238,0.0,0.0,0.0,0.0,0.0,579.6723,0.0,0.0,-1.5707964,0.0
1970-01-01 00:00:00.406500034,0.406500034,614.35284,0.0,0.0,0.0,0.0,0.0,0.0,0.0,-1.5707964,0.0
1970-01-01 00:00:00.406531923,0.406531923,0.0,0.0,0.0,0.0,0.0,572.21344,0.0,0.0,-1.5707964,0.0
1970-01-01 00:00:00.406542823,0.406542823,0.0,0.0,1324.9049,0.0,0.0,0.0,0.0,0.0,-1.5707964,0.0
1970-01-01 00:00:00.406574351,0.406574351,0.0,0.0,0.0,0.0,0.0,1558.6705,0.0,0.0,-1.5707964,0.0
1970-01-01 00:00:00.406624579,0.406624579,0.0,0.0,0.0,0.0,0.0,538.2851,0.0,0.0,-1.5707964,0.0
1970-01-01 00:00:00.406741055,0.406741055,0.0,0.0,0.0,0.0,92.6986,0.0,0.0,0.0,-1.5707964,0.0
1970-01-01 00:00:00.406747414,0.406747414,0.0,0.0,0.0,0.0,0.0,445.56516,0.0,0.0,-1.5707964,0.0
1970-01-01 00:00:00.406813668,0.406813668,0.0,0.0,0.0,0.0,0.0,448.25708,0.0,0.0,-1.5707964,0.0
1970-01-01 00:00:00.406845452,0.406845452,0.0,0.0,0.0,0.0,462.293,0.0,0.0,0.0,-1.5707964,0.0
1970-01-01 00:00:00.406847433,0.406847433,0.0,0.0,0.0,0.0,0.0,505.1836,0.0,0.0,-1.5707964,0.0
1970-01-01 00:00:00.406942965,0.406942965,0.0,0.0,0.0,0.0,0.0,140.66177,0.0,0.0,-1.5707964,0.0
1970-01-01 00:00:00.406948487,0.406948487,0.0,215.93591,0.0,0.0,0.0,0.0,0.0,0.0,-1.5707964,0.0
1970-01-01 00:00:00.407007146,0.407007146,0.0,0.0,0.0,0.0,0.0,505.10556,0.0,0.0,-1.5707964,0.0
1970-01-01 00:00:00.407080988,0.407080988,0.0,0.0,0.0,0.0,0.0,172.30649,0.0,0.0,-1.5707964,0.0
1970-01-01 00:00:00.407112154,0.407112154,0.0,0.0,0.0,0.0,0.0,789.09106,0.0,0.0,-1.5707964,0.0
1970-01-01 00:00:00.407161968,0.407161968,0.0,0.0,461.39838,0.0,0.0,0.0,0.0,0.0,-1.5707964,0.0
1970-01-01 00:00:00.407164113,0.407164113,0.0,0.0,0.0,0.0,0.0,205.91603,0.0,0.0,-1.5707964,0.0
1970-01-01 00:00:00.407200759,0.407200759,0.0,0.0,0.0,0.0,261.0789,0.0,0.0,0.0,-1.5707964,0.0
1970-01-01 00:00:00.407254981,0.407254981,0.0,0.0,0.0,0.0,0.0,253.37474,0.0,0.0,-1.5707964,0.0
1970-01-01 00:00:00.407304038,0.407304038,0.0,0.0,0.0,0.0,0.0,465.21606,0.0,0.0,-1.5707964,0.0
1970-01-01 00:00:00.407368521,0.407368521,0.0,0.0,0.0,206.76216,0.0,0.0,0.0,0.0,-1.5707964,0.0
1970-01-01 00:00:00.407399736,0.407399736,0.0,0.0,393.1949,0.0,0.0,0.0,0.0,0.0,-1.5707964,0.0
1970-01-01 00:00:00.407460708,0.407460708,0.0,0.0,0.0,225.76425,0.0,0.0,0.0,0.0,-1.5707964,0.0
1970-01-01 00:00:00.407460787,0.407460787,0.0,0.0,0.0,322.69193,0.0,0.0,0.0,0.0,-1.5707964,0.0
1970-01-01 00:00:00.407483434,0.407483434,0.0,0.0,0.0,0.0,218.38402,0.0,0.0,0.0,-1.5707964,0.0
1970-01-01 00:00:00.407500324,0.407500324,0.0,0.0,0.0,0.0,0.0,205.54779,0.0,0.0,-1.5707964,0.0
1970-01-01 00:00:00.407524440,0.40752444,234.10599,0.0,0.0,0.0,0.0,0.0,0.0,0.0,-1.5707964,0.0
1970-01-01 00:00:00.407577126,0.407577126,0.0,0.0,0.0,0.0,100.61104,0.0,0.0,0.0,-1.5707964,0.0
1970-01-01 00:00:00.407620377,0.407620377,0.0,0.0,223.4628,0.0,0.0,0.0,0.0,0.0,-1.5707964,0.0
1970-01-01 00:00:00.407682307,0.407682307,0.0,0.0,0.0,899.1592,0.0,0.0,0.0,0.0,-1.5707964,0.0
1970-01-01 00:00:00.407738645,0.407738645,0.0,0.0,0.0,0.0,516.66766,0.0,0.0,0.0,-1.5707964,0.0
1970-01-01 00:00:00.407744255,0.407744255,0.0,0.0,102.99702,0.0,0.0,0.0,0.0,0.0,-1.5707964,0.0
1970-01-01 00:00:00.407754362,0.407754362,0.0,0.0,0.0,106.85234,0.0,0.0,0.0,0.0,-1.5707964,0.0
1970-01-01 00:00:00.407786632,0.407786632,0.0,0.0,0.0,1424.409,0.0,0.0,0.0,0.0,-1.5707964,0.0
1970-01-01 00:00:00.407819642,0.407819642,0.0,0.0,0.0,0.0,0.0,106.11924,0.0,0.0,-1.5707964,0.0
1970-01-01 00:00:00.407833696,0.407833696,0.0,0.0,0.0,0.0,237.03648,0.0,0.0,0.0,-1.5707964,0.0
1970-01-01 00:00:00.407845385,0.407845385,0.0,0.0,0.0,0.0,0.0,153.0896,0.0,0.0,-1.5707964,0.0
1970-01-01 00:00:00.407884200,0.4078842,0.0,0.0,131.61438,0.0,0.0,0.0,0.0,0.0,-1.5707964,0.0
1970-01-01 00:00:00.407953096,0.407953096,0.0,0.0,0.0,241.96152,0.0,0.0,0.0,0.0,-1.5707964,0.0
1970-01-01 00:00:00.407954160,0.40795416,0.0,0.0,0.0,0.0,0.0,150.02296,0.0,0.0,-1.5707964,0.0
1970-01-01 00:00:00.407997406,0.407997406,0.0,0.0,0.0,0.0,0.0,909.8573,0.0,0.0,-1.5707964,0.0
1970-01-01 00:00:00.408031092,0.408031092,0.0,0.0,0.0,0.0,0.0,1432.4493,0.0,0.0,-1.5707964,0.0
1970-01-01 00:00:00.408031092,0.408031092,0.0,0.0,0.0,155.87123,0.0,0.0,0.0,0.0,-1.5707964,0.0
1970-01-01 00:00:00.408100052,0.408100052,0.0,0.0,0.0,139.4427,0.0,0.0,0.0,0.0,-1.5707964,0.0
1970-01-01 00:00:00.408121425,0.408121425,0.0,0.0,0.0,0.0,424.5204,0.0,0.0,0.0,-1.5707964,0.0
1970-01-01 00:00:00.408122174,0.408122174,0.0,0.0,216.93472,0.0,0.0,0.0,0.0,0.0,-1.5707964,0.0
1970-01-01 00:00:00.408190089,0.408190089,556.28296,0.0,0.0,0.0,0.0,0.0,0.0,0.0,-1.5707964,0.0
1970-01-01 00:00:00.408209235,0.408209235,0.0,0.0,0.0,964.6244,0.0,0.0,0.0,0.0,-1.5707964,0.0
1970-01-01 00:00:00.408273921,0.408273921,0.0,0.0,0.0,0.0,0.0,87.82457,0.0,0.0,-1.5707964,0.0
1970-01-01 00:00:00.408298919,0.408298919,0.0,116.4998,0.0,0.0,0.0,0.0,0.0,0.0,-1.5707964,0.0
1970-01-01 00:00:00.408371877,0.408371877,0.0,0.0,0.0,0.0,0.0,292.00284,0.0,0.0,-1.5707964,0.0
1970-01-01 00:00:00.408381067,0.408381067,0.0,0.0,0.0,154.60669,0.0,0.0,0.0,0.0,-1.5707964,0.0
1970-01-01 00:00:00.408389966,0.408389966,0.0,0.0,0.0,0.0,171.86314,0.0,0.0,0.0,-1.5707964,0.0
1970-01-01 00:00:00.408444534,0.408444534,0.0,889.3258,0.0,0.0,0.0,0.0,0.0,0.0,-1.5707964,0.0
1970-01-01 00:00:00.408509733,0.408509733,0.0,0.0,0.0,0.0,0.0,123.634636,0.0,0.0,-1.5707964,0.0
1970-01-01 00:00:00.408539462,0.408539462,0.0,0.0,0.0,0.0,0.0,204.33232,0.0,0.0,-1.5707964,0.0
1970-01-01 00:00:00.408554659,0.408554659,0.0,0.0,0.0,0.0,0.0,263.5628,0.0,0.0,-1.5707964,0.0
1970-01-01 00:00:00.408557706,0.408557706,0.0,0.0,0.0,0.0,1456.509,0.0,0.0,0.0,-1.5707964,0.0
1970-01-01 00:00:00.408597644,0.408597644,0.0,0.0,0.0,0.0,756.05585,0.0,0.0,0.0,-1.5707964,0.0
1970-01-01 00:00:00.408615488,0.408615488,931.38354,0.0,0.0,0.0,0.0,0.0,0.0,0.0,-1.5707964,0.0
1970-01-01 00:00:00.408938427,0.408938427,0.0,0.0,0.0,0.0,0.0,288.28888,0.0,0.0,-1.5707964,0.0
1970-01-01 00:00:00.408955566,0.408955566,0.0,0.0,0.0,0.0,0.0,371.6247,0.0,0.0,-1.5707964,0.0
1970-01-01 00:00:00.409106451,0.409106451,86.92266,0.0,0.0,0.0,0.0,0.0,0.0,0.0,-1.5707964,0.0
1970-01-01 00:00:00.409257675,0.409257675,0.0,0.0,0.0,359.01254,0.0,0.0,0.0,0.0,-1.5707964,0.0
1970-01-01 00:00:00.409347938,0.409347938,487.0797,0.0,0.0,0.0,0.0,0.0,0.0,0.0,-1.5707964,0.0
1970-01-01 00:00:00.409428864,0.409428864,0.0,0.0,0.0,0.0,336.74768,0.0,0.0,0.0,-1.5707964,0.0
1970-01-01 00:00:00.409444703,0.409444703,0.0,0.0,0.0,0.0,0.0,425.84158,0.0,0.0,-1.5707964,0.0
1970-01-01 00:00:00.409477065,0.409477065,0.0,0.0,0.0,0.0,0.0,219.33763,0.0,0.0,-1.5707964,0.0
1970-01-01 00:00:00.409551595,0.409551595,381.47473,0.0,0.0,0.0,0.0,0.0,0.0,0.0,-1.5707964,0.0
1970-01-01 00:00:00.409624845,0.409624845,0.0,0.0,0.0,0.0,0.0,230.96213,0.0,0.0,-1.5707964,0.0
1970-01-01 00:00:00.409628717,0.409628717,0.0,0.0,0.0,0.0,0.0,428.51285,0.0,0.0,-1.5707964,0.0
1970-01-01 00:00:00.409642032,0.409642032,0.0,0.0,0.0,0.0,0.0,469.98972,0.0,0.0,-1.5707964,0.0
1970-01-01 00:00:00.409653922,0.409653922,0.0,0.0,144.5081,0.0,0.0,0.0,0.0,0.0,-1.5707964,0.0
1970-01-01 00:00:00.409663608,0.409663608,0.0,0.0,0.0,84.70291,0.0,0.0,0.0,0.0,-1.5707964,0.0
1970-01-01 00:00:00.409763458,0.409763458,0.0,0.0,0.0,0.0,0.0,261.51132,0.0,0.0,-1.5707964,0.0
1970-01-01 00:00:00.409827000,0.409827,0.0,0.0,0.0,579.93066,0.0,0.0,0.0,0.0,-1.5707964,0.0
1970-01-01 00:00:00.409827000,0.409827,0.0,0.0,0.0,232.79758,0.0,0.0,0.0,0.0,-1.5707964,0.0
1970-01-01 00:00:00.409932013,0.409932013,0.0,0.0,0.0,1198.9706,0.0,0.0,0.0,0.0,-1.5707964,0.0
1970-01-01 00:00:00.409971018,0.409971018,0.0,0.0,0.0,0.0,0.0,266.15826,0.0,0.0,-1.5707964,0.0
1970-01-01 00:00:00.410051846,0.410051846,0.0,0.0,0.0,728.5963,0.0,0.0,0.0,0.0,-1.5707964,0.0
1970-01-01 00:00:00.410085788,0.410085788,0.0,0.0,0.0,0.0,0.0,640.19727,0.0,0.0,-1.5707964,0.0
1970-01-01 00:00:00.410258502,0.410258502,0.0,0.0,0.0,0.0,0.0,82.478775,0.0,0.0,-1.5707964,0.0
1970-01-01 00:00:00.410471699,0.410471699,0.0,0.0,0.0,0.0,569.042,0.0,0.0,0.0,-1.5707964,0.0
1970-01-01 00:00:00.410690016,0.410690016,0.0,0.0,0.0,0.0,0.0,241.91327,0.0,0.0,-1.5707964,0.0
1970-01-01 00:00:00.410716897,0.410716897,0.0,0.0,0.0,0.0,0.0,208.19121,0.0,0.0,-1.5707964,0.0
1970-01-01 00:00:00.410749266,0.410749266,0.0,0.0,0.0,0.0,0.0,349.9369,0.0,0.0,-1.5707964,0.0
1970-01-01 00:00:00.410804712,0.410804712,0.0,0.0,1253.3533,0.0,0.0,0.0,0.0,0.0,-1.5707964,0.0
1970-01-01 00:00:00.410816173,0.410816173,0.0,0.0,0.0,0.0,336.015,0.0,0.0,0.0,-1.5707964,0.0
1970-01-01 00:00:00.410876174,0.410876174,0.0,0.0,0.0,1037.2854,0.0,0.0,0.0,0.0,-1.5707964,0.0
1970-01-01 00:00:00.410901062,0.410901062,0.0,0.0,0.0,950.3946,0.0,0.0,0.0,0.0,-1.5707964,0.0
1970-01-01 00:00:00.411065061,0.411065061,0.0,0.0,0.0,0.0,0.0,299.7172,0.0,0.0,-1.5707964,0.0
1970-01-01 00:00:00.411086180,0.41108618,0.0,0.0,122.427635,0.0,0.0,0.0,0.0,0.0,-1.5707964,0.0
1970-01-01 00:00:00.411104730,0.41110473,0.0,0.0,0.0,0.0,0.0,658.8211,0.0,0.0,-1.5707964,0.0
1970-01-01 00:00:00.411131198,0.411131198,0.0,0.0,0.0,0.0,745.94336,0.0,0.0,0.0,-1.5707964,0.0
1970-01-01 00:00:00.411197189,0.411197189,0.0,0.0,0.0,144.4701,0.0,0.0,0.0,0.0,-1.5707964,0.0
1970-01-01 00:00:00.411294537,0.411294537,0.0,0.0,0.0,0.0,0.0,340.67807,0.0,0.0,-1.5707964,0.0
1970-01-01 00:00:00.411300720,0.41130072,0.0,0.0,0.0,203.79385,0.0,0.0,0.0,0.0,-1.5707964,0.0
1970-01-01 00:00:00.411326772,0.411326772,0.0,0.0,0.0,0.0,0.0,476.75238,0.0,0.0,-1.5707964,0.0
1970-01-01 00:00:00.411389225,0.411389225,0.0,0.0,1090.0507,0.0,0.0,0.0,0.0,0.0,-1.5707964,0.0
1970-01-01 00:00:00.411431727,0.411431727,0.0,0.0,0.0,0.0,0.0,724.675,0.0,0.0,-1.5707964,0.0
1970-01-01 00:00:00.411447373,0.411447373,0.0,0.0,0.0,0.0,249.90662,0.0,0.0,0.0,-1.5707964,0.0
1970-01-01 00:00:00.411504498,0.411504498,0.0,0.0,0.0,0.0,0.0,167.73293,0.0,0.0,-1.5707964,0.0
1970-01-01 00:00:00.411526128,0.411526128,0.0,0.0,0.0,0.0,101.74138,0.0,0.0,0.0,-1.5707964,0.0
1970-01-01 00:00:00.411531315,0.411531315,0.0,0.0,0.0,182.00325,0.0,0.0,0.0,0.0,-1.5707964,0.0
1970-01-01 00:00:00.411591504,0.411591504,0.0,0.0,0.0,393.15912,0.0,0.0,0.0,0.0,-1.5707964,0.0
1970-01-01 00:00:00.411673235,0.411673235,0.0,0.0,0.0,158.43008,0.0,0.0,0.0,0.0,-1.5707964,0.0
1970-01-01 00:00:00.411791923,0.411791923,0.0,0.0,0.0,0.0,0.0,378.3554,0.0,0.0,-1.5707964,0.0
1970-01-01 00:00:00.411834109,0.411834109,0.0,0.0,0.0,0.0,0.0,1688.3264,0.0,0.0,-1.5707964,0.0
1970-01-01 00:00:00.411926512,0.411926512,0.0,0.0,613.4427,0.0,0.0,0.0,0.0,0.0,-1.5707964,0.0
1970-01-01 00:00:00.411943306,0.411943306,0.0,0.0,0.0,116.33935,0.0,0.0,0.0,0.0,-1.5707964,0.0
1970-01-01 00:00:00.411979869,0.411979869,0.0,0.0,0.0,0.0,302.10233,0.0,0.0,0.0,-1.5707964,0.0
1970-01-01 00:00:00.412023111,0.412023111,0.0,0.0,0.0,0.0,0.0,221.60286,0.0,0.0,-1.5707964,0.0
1970-01-01 00:00:00.412029200,0.4120292,0.0,0.0,87.41568,0.0,0.0,0.0,0.0,0.0,-1.5707964,0.0
1970-01-01 00:00:00.412063186,0.412063186,0.0,0.0,0.0,427.8375,0.0,0.0,0.0,0.0,-1.5707964,0.0
1970-01-01 00:00:00.412165206,0.412165206,0.0,0.0,0.0,0.0,842.94586,0.0,0.0,0.0,-1.5707964,0.0
1970-01-01 00:00:00.412256877,0.412256877,0.0,0.0,0.0,0.0,93.765114,0.0,0.0,0.0,-1.5707964,0.0
1970-01-01 00:00:00.412445365,0.412445365,0.0,0.0,0.0,0.0,0.0,684.90796,0.0,0.0,-1.5707964,0.0
1970-01-01 00:00:00.412487784,0.412487784,0.0,0.0,355.62668,0.0,0.0,0.0,0.0,0.0,-1.5707964,0.0
1970-01-01 00:00:00.412541614,0.412541614,0.0,0.0,0.0,0.0,0.0,612.0096,0.0,0.0,-1.5707964,0.0
1970-01-01 00:00:00.412662994,0.412662994,0.0,0.0,308.6524,0.0,0.0,0.0,0.0,0.0,-1.5707964,0.0
1970-01-01 00:00:00.412690526,0.412690526,0.0,0.0,0.0,0.0,0.0,975.55817,0.0,0.0,-1.5707964,0.0
1970-01-01 00:00:00.412722936,0.412722936,0.0,0.0,0.0,183.36163,0.0,0.0,0.0,0.0,-1.5707964,0.0
1970-01-01 00:00:00.412724221,0.412724221,0.0,0.0,0.0,738.6145,0.0,0.0,0.0,0.0,-1.5707964,0.0
1970-01-01 00:00:00.412837102,0.412837102,0.0,0.0,0.0,0.0,0.0,218.34143,0.0,0.0,-1.5707964,0.0
1970-01-01 00:00:00.412860955,0.412860955,0.0,0.0,0.0,0.0,528.7732,0.0,0.0,0.0,-1.5707964,0.0
1970-01-01 00:00:00.413046949,0.413046949,0.0,0.0,0.0,122.03993,0.0,0.0,0.0,0.0,-1.5707964,0.0
1970-01-01 00:00:00.413126556,0.413126556,0.0,0.0,0.0,0.0,115.65928,0.0,0.0,0.0,-1.5707964,0.0
1970-01-01 00:00:00.413147585,0.413147585,0.0,682.94305,0.0,0.0,0.0,0.0,0.0,0.0,-1.5707964,0.0
1970-01-01 00:00:00.413194004,0.413194004,0.0,0.0,0.0,0.0,0.0,397.16034,0.0,0.0,-1.5707964,0.0
1970-01-01 00:00:00.413249706,0.413249706,0.0,0.0,291.05865,0.0,0.0,0.0,0.0,0.0,-1.5707964,0.0
1970-01-01 00:00:00.413302331,0.413302331,0.0,0.0,0.0,155.0599,0.0,0.0,0.0,0.0,-1.5707964,0.0
1970-01-01 00:00:00.413310350,0.41331035,0.0,0.0,664.5428,0.0,0.0,0.0,0.0,0.0,-1.5707964,0.0
1970-01-01 00:00:00.413355430,0.41335543,0.0,0.0,0.0,0.0,544.7245,0.0,0.0,0.0,-1.5707964,0.0
1970-01-01 00:00:00.413355900,0.4133559,0.0,0.0,0.0,482.76242,0.0,0.0,0.0,0.0,-1.5707964,0.0
1970-01-01 00:00:00.413359994,0.413359994,0.0,0.0,0.0,0.0,0.0,234.99312,0.0,0.0,-1.5707964,0.0
1970-01-01 00:00:00.413459403,0.413459403,0.0,0.0,0.0,0.0,0.0,210.13988,0.0,0.0,-1.5707964,0.0
1970-01-01 00:00:00.413498128,0.413498128,0.0,0.0,0.0,0.0,200.77187,0.0,0.0,0.0,-1.5707964,0.0
1970-01-01 00:00:00.413531192,0.413531192,0.0,0.0,142.93413,0.0,0.0,0.0,0.0,0.0,-1.5707964,0.0
1970-01-01 00:00:00.413577577,0.413577577,0.0,0.0,0.0,741.49634,0.0,0.0,0.0,0.0,-1.5707964,0.0
1970-01-01 00:00:00.413577577,0.413577577,0.0,0.0,0.0,0.0,0.0,491.98093,0.0,0.0,-1.5707964,0.0
1970-01-01 00:00:00.413587533,0.413587533,0.0,0.0,0.0,579.3067,0.0,0.0,0.0,0.0,-1.5707964,0.0
1970-01-01 00:00:00.413590776,0.413590776,0.0,0.0,0.0,374.35245,0.0,0.0,0.0,0.0,-1.5707964,0.0
1970-01-01 00:00:00.413630524,0.413630524,0.0,0.0,0.0,487.69434,0.0,0.0,0.0,0.0,-1.5707964,0.0
1970-01-01 00:00:00.413639876,0.413639876,0.0,0.0,0.0,159.30945,0.0,0.0,0.0,0.0,-1.5707964,0.0
1970-01-01 00:00:00.413639876,0.413639876,0.0,0.0,0.0,610.6153,0.0,0.0,0.0,0.0,-1.5707964,0.0
1970-01-01 00:00:00.413662801,0.413662801,0.0,0.0,0.0,95.92183,0.0,0.0,0.0,0.0,-1.5707964,0.0
1970-01-01 00:00:00.413759821,0.413759821,0.0,0.0,0.0,282.24298,0.0,0.0,0.0,0.0,-1.5707964,0.0
1970-01-01 00:00:00.413790243,0.413790243,0.0,0.0,558.07825,0.0,0.0,0.0,0.0,0.0,-1.5707964,0.0
1970-01-01 00:00:00.413865426,0.413865426,0.0,0.0,0.0,0.0,0.0,775.6542,0.0,0.0,-1.5707964,0.0
1970-01-01 00:00:00.413866931,0.413866931,0.0,0.0,0.0,0.0,0.0,1012.86993,0.0,0.0,-1.5707964,0.0
1970-01-01 00:00:00.413888621,0.413888621,0.0,0.0,0.0,103.61746,0.0,0.0,0.0,0.0,-1.5707964,0.0
1970-01-01 00:00:00.413891424,0.413891424,0.0,0.0,0.0,0.0,0.0,298.106,0.0,0.0,-1.5707964,0.0
1970-01-01 00:00:00.413946508,0.413946508,0.0,0.0,0.0,0.0,0.0,319.23276,0.0,0.0,-1.5707964,0.0
1970-01-01 00:00:00.413956734,0.413956734,0.0,0.0,0.0,0.0,0.0,925.0039,0.0,0.0,-1.5707964,0.0
1970-01-01 00:00:00.413968106,0.413968106,0.0,174.58362,0.0,0.0,0.0,0.0,0.0,0.0,-1.5707964,0.0
1970-01-01 00:00:00.414129896,0.414129896,0.0,0.0,0.0,0.0,0.0,144.16263,0.0,0.0,-1.5707964,0.0
1970-01-01 00:00:00.414225917,0.414225917,0.0,0.0,0.0,0.0,0.0,484.00775,0.0,0.0,-1.5707964,0.0
1970-01-01 00:00:00.414256266,0.414256266,0.0,0.0,677.0332,0.0,0.0,0.0,0.0,0.0,-1.5707964,0.0
1970-01-01 00:00:00.414333141,0.414333141,0.0,0.0,0.0,0.0,428.2079,0.0,0.0,0.0,-1.5707964,0.0
1970-01-01 00:00:00.414333141,0.414333141,0.0,0.0,0.0,0.0,291.61163,0.0,0.0,0.0,-1.5707964,0.0
1970-01-01 00:00:00.414503211,0.414503211,0.0,0.0,649.86633,0.0,0.0,0.0,0.0,0.0,-1.5707964,0.0
1970-01-01 00:00:00.414609597,0.414609597,0.0,0.0,0.0,306.23465,0.0,0.0,0.0,0.0,-1.5707964,0.0
1970-01-01 00:00:00.414744510,0.41474451,0.0,0.0,354.8895,0.0,0.0,0.0,0.0,0.0,-1.5707964,0.0
1970-01-01 00:00:00.414802887,0.414802887,0.0,87.14692,0.0,0.0,0.0,0.0,0.0,0.0,-1.5707964,0.0
1970-01-01 00:00:00.414835085,0.414835085,0.0,0.0,0.0,0.0,124.00611,0.0,0.0,0.0,-1.5707964,0.0
1970-01-01 00:00:00.414840284,0.414840284,0.0,0.0,0.0,0.0,0.0,149.30223,0.0,0.0,-1.5707964,0.0
1970-01-01 00:00:00.414843037,0.414843037,0.0,0.0,0.0,0.0,0.0,1084.6602,0.0,0.0,-1.5707964,0.0
1970-01-01 00:00:00.414879590,0.41487959,0.0,0.0,0.0,0.0,0.0,104.41313,0.0,0.0,-1.5707964,0.0
1970-01-01 00:00:00.414919755,0.414919755,0.0,0.0,0.0,0.0,0.0,212.71674,0.0,0.0,-1.5707964,0.0
1970-01-01 00:00:00.414925966,0.414925966,0.0,0.0,0.0,0.0,0.0,182.39058,0.0,0.0,-1.5707964,0.0
1970-01-01 00:00:00.414998131,0.414998131,0.0,0.0,0.0,0.0,0.0,280.58472,0.0,0.0,-1.5707964,0.0
1970-01-01 00:00:00.415004060,0.41500406,0.0,0.0,0.0,0.0,0.0,222.22548,0.0,0.0,-1.5707964,0.0
1970-01-01 00:00:00.415006626,0.415006626,0.0,0.0,0.0,0.0,0.0,1377.708,0.0,0.0,-1.5707964,0.0
1970-01-01 00:00:00.415060456,0.415060456,0.0,0.0,0.0,265.79813,0.0,0.0,0.0,0.0,-1.5707964,0.0
1970-01-01 00:00:00.415141390,0.41514139,0.0,0.0,0.0,0.0,0.0,242.18219,0.0,0.0,-1.5707964,0.0
1970-01-01 00:00:00.415142408,0.415142408,0.0,0.0,0.0,0.0,0.0,833.5608,0.0,0.0,-1.5707964,0.0
1970-01-01 00:00:00.415142614,0.415142614,0.0,210.40314,0.0,0.0,0.0,0.0,0.0,0.0,-1.5707964,0.0
1970-01-01 00:00:00.415151335,0.415151335,0.0,0.0,0.0,0.0,0.0,1531.8103,0.0,0.0,-1.5707964,0.0
1970-01-01 00:00:00.415197968,0.415197968,0.0,0.0,0.0,0.0,0.0,180.56966,0.0,0.0,-1.5707964,0.0
1970-01-01 00:00:00.415210140,0.41521014,0.0,0.0,0.0,163.37875,0.0,0.0,0.0,0.0,-1.5707964,0.0
1970-01-01 00:00:00.415220454,0.415220454,0.0,0.0,0.0,0.0,0.0,115.633675,0.0,0.0,-1.5707964,0.0
1970-01-01 00:00:00.415256311,0.415256311,0.0,0.0,0.0,0.0,0.0,1145.6749,0.0,0.0,-1.5707964,0.0
1970-01-01 00:00:00.415256311,0.415256311,0.0,0.0,0.0,0.0,0.0,866.2561,0.0,0.0,-1.5707964,0.0
1970-01-01 00:00:00.415267756,0.415267756,523.4367,0.0,0.0,0.0,0.0,0.0,0.0,0.0,-1.5707964,0.0
1970-01-01 00:00:00.415382710,0.41538271,0.0,0.0,0.0,0.0,0.0,162.22856,0.0,0.0,-1.5707964,0.0
1970-01-01 00:00:00.415392807,0.415392807,0.0,0.0,0.0,0.0,198.29858,0.0,0.0,0.0,-1.5707964,0.0
1970-01-01 00:00:00.415424321,0.415424321,0.0,0.0,0.0,0.0,0.0,80.06011,0.0,0.0,-1.5707964,0.0
1970-01-01 00:00:00.415466204,0.415466204,0.0,0.0,0.0,0.0,0.0,459.8109,0.0,0.0,-1.5707964,0.0
1970-01-01 00:00:00.415502740,0.41550274,0.0,0.0,0.0,0.0,0.0,230.73701,0.0,0.0,-1.5707964,0.0
1970-01-01 00:00:00.415522386,0.415522386,0.0,0.0,0.0,0.0,0.0,258.13892,0.0,0.0,-1.5707964,0.0
1970-01-01 00:00:00.415527338,0.415527338,0.0,0.0,2091.6582,0.0,0.0,0.0,0.0,0.0,-1.5707964,0.0
1970-01-01 00:00:00.415572475,0.415572475,0.0,0.0,0.0,189.48245,0.0,0.0,0.0,0.0,-1.5707964,0.0
1970-01-01 00:00:00.415592575,0.415592575,0.0,0.0,0.0,0.0,142.73647,0.0,0.0,0.0,-1.5707964,0.0
1970-01-01 00:00:00.415653080,0.41565308,0.0,0.0,0.0,0.0,0.0,310.4981,0.0,0.0,-1.5707964,0.0
1970-01-01 00:00:00.415677938,0.415677938,0.0,0.0,0.0,639.00006,0.0,0.0,0.0,0.0,-1.5707964,0.0
1970-01-01 00:00:00.415780104,0.415780104,0.0,0.0,0.0,0.0,0.0,103.17289,0.0,0.0,-1.5707964,0.0
1970-01-01 00:00:00.415814061,0.415814061,0.0,0.0,327.81976,0.0,0.0,0.0,0.0,0.0,-1.5707964,0.0
1970-01-01 00:00:00.415849451,0.415849451,0.0,0.0,239.74727,0.0,0.0,0.0,0.0,0.0,-1.5707964,0.0
1970-01-01 00:00:00.415868802,0.415868802,0.0,0.0,0.0,0.0,0.0,532.1732,0.0,0.0,-1.5707964,0.0
1970-01-01 00:00:00.415897237,0.415897237,0.0,105.1604,0.0,0.0,0.0,0.0,0.0,0.0,-1.5707964,0.0
1970-01-01 00:00:00.415942301,0.415942301,0.0,0.0,0.0,1096.381,0.0,0.0,0.0,0.0,-1.5707964,0.0
1970-01-01 00:00:00.415983736,0.415983736,0.0,0.0,0.0,935.4349,0.0,0.0,0.0,0.0,-1.5707964,0.0
1970-01-01 00:00:00.416015446,0.416015446,0.0,0.0,0.0,0.0,0.0,438.33252,0.0,0.0,-1.5707964,0.0
1970-01-01 00:00:00.416045986,0.416045986,0.0,0.0,0.0,0.0,0.0,372.608,0.0,0.0,-1.5707964,0.0
1970-01-01 00:00:00.416165238,0.416165238,0.0,0.0,0.0,170.2807,0.0,0.0,0.0,0.0,-1.5707964,0.0
1970-01-01 00:00:00.416181129,0.416181129,0.0,0.0,1256.9495,0.0,0.0,0.0,0.0,0.0,-1.5707964,0.0
1970-01-01 00:00:00.416212308,0.416212308,0.0,0.0,0.0,1096.8441,0.0,0.0,0.0,0.0,-1.5707964,0.0
1970-01-01 00:00:00.416226919,0.416226919,0.0,0.0,0.0,0.0,0.0,92.19658,0.0,0.0,-1.5707964,0.0
1970-01-01 00:00:00.416241359,0.416241359,172.6732,0.0,0.0,0.0,0.0,0.0,0.0,0.0,-1.5707964,0.0
1970-01-01 00:00:00.416303308,0.416303308,0.0,0.0,537.8698,0.0,0.0,0.0,0.0,0.0,-1.5707964,0.0
1970-01-01 00:00:00.416341934,0.416341934,386.17865,0.0,0.0,0.0,0.0,0.0,0.0,0.0,-1.5707964,0.0
1970-01-01 00:00:00.416390347,0.416390347,0.0,0.0,0.0,0.0,0.0,423.12378,0.0,0.0,-1.5707964,0.0
1970-01-01 00:00:00.416407785,0.416407785,0.0,0.0,0.0,0.0,0.0,211.04062,0.0,0.0,-1.5707964,0.0
1970-01-01 00:00:00.416491342,0.416491342,0.0,0.0,0.0,87.497574,0.0,0.0,0.0,0.0,-1.5707964,0.0
1970-01-01 00:00:00.416493588,0.416493588,0.0,0.0,0.0,0.0,0.0,188.22168,0.0,0.0,-1.5707964,0.0
1970-01-01 00:00:00.416553250,0.41655325,0.0,0.0,0.0,0.0,0.0,115.99,0.0,0.0,-1.5707964,0.0
1970-01-01 00:00:00.416587338,0.416587338,0.0,0.0,0.0,104.35151,0.0,0.0,0.0,0.0,-1.5707964,0.0
1970-01-01 00:00:00.416633214,0.416633214,0.0,246.41112,0.0,0.0,0.0,0.0,0.0,0.0,-1.5707964,0.0
1970-01-01 00:00:00.416681265,0.416681265,0.0,0.0,0.0,540.09796,0.0,0.0,0.0,0.0,-1.5707964,0.0
1970-01-01 00:00:00.416769843,0.416769843,0.0,0.0,0.0,0.0,0.0,607.6021,0.0,0.0,-1.5707964,0.0
1970-01-01 00:00:00.416791717,0.416791717,0.0,158.58437,0.0,0.0,0.0,0.0,0.0,0.0,-1.5707964,0.0
1970-01-01 00:00:00.416824474,0.416824474,0.0,0.0,0.0,280.87497,0.0,0.0,0.0,0.0,-1.5707964,0.0
1970-01-01 00:00:00.416834611,0.416834611,0.0,0.0,0.0,0.0,0.0,143.66904,0.0,0.0,-1.5707964,0.0
1970-01-01 00:00:00.417033369,0.417033369,0.0,0.0,0.0,0.0,0.0,466.40207,0.0,0.0,-1.5707964,0.0
1970-01-01 00:00:00.417075438,0.417075438,0.0,0.0,0.0,0.0,0.0,332.62155,0.0,0.0,-1.5707964,0.0
1970-01-01 00:00:00.417094010,0.41709401,0.0,0.0,1037.8556,0.0,0.0,0.0,0.0,0.0,-1.5707964,0.0
1970-01-01 00:00:00.417197166,0.417197166,0.0,0.0,0.0,0.0,199.13469,0.0,0.0,0.0,-1.5707964,0.0
1970-01-01 00:00:00.417255611,0.417255611,0.0,0.0,0.0,0.0,0.0,493.2,0.0,0.0,-1.5707964,0.0
1970-01-01 00:00:00.417310595,0.417310595,0.0,0.0,0.0,0.0,1457.6991,0.0,0.0,0.0,-1.5707964,0.0
1970-01-01 00:00:00.417344119,0.417344119,0.0,0.0,0.0,233.87224,0.0,0.0,0.0,0.0,-1.5707964,0.0
1970-01-01 00:00:00.417357548,0.417357548,0.0,0.0,0.0,0.0,0.0,174.3749,0.0,0.0,-1.5707964,0.0
1970-01-01 00:00:00.417422447,0.417422447,0.0,0.0,0.0,0.0,172.53767,0.0,0.0,0.0,-1.5707964,0.0
1970-01-01 00:00:00.417457204,0.417457204,0.0,0.0,0.0,0.0,0.0,939.6944,0.0,0.0,-1.5707964,0.0
1970-01-01 00:00:00.417482229,0.417482229,0.0,0.0,0.0,0.0,0.0,93.9091,0.0,0.0,-1.5707964,0.0
1970-01-01 00:00:00.417512169,0.417512169,0.0,0.0,0.0,0.0,817.14124,0.0,0.0,0.0,-1.5707964,0.0
1970-01-01 00:00:00.417512169,0.417512169,0.0,0.0,0.0,278.97986,0.0,0.0,0.0,0.0,-1.5707964,0.0
1970-01-01 00:00:00.417592617,0.417592617,0.0,0.0,0.0,0.0,0.0,459.918,0.0,0.0,-1.5707964,0.0
1970-01-01 00:00:00.417669597,0.417669597,253.40567,0.0,0.0,0.0,0.0,0.0,0.0,0.0,-1.5707964,0.0
1970-01-01 00:00:00.417698755,0.417698755,0.0,0.0,0.0,154.3976,0.0,0.0,0.0,0.0,-1.5707964,0.0
1970-01-01 00:00:00.417789293,0.417789293,0.0,0.0,0.0,0.0,0.0,1022.60504,0.0,0.0,-1.5707964,0.0
1970-01-01 00:00:00.417825511,0.417825511,248.70572,0.0,0.0,0.0,0.0,0.0,0.0,0.0,-1.5707964,0.0
1970-01-01 00:00:00.417826750,0.41782675,0.0,0.0,0.0,0.0,0.0,341.71146,0.0,0.0,-1.5707964,0.0
1970-01-01 00:00:00.417854133,0.417854133,0.0,0.0,0.0,0.0,0.0,234.0062,0.0,0.0,-1.5707964,0.0
1970-01-01 00:00:00.417869107,0.417869107,0.0,0.0,0.0,0.0,0.0,1523.2446,0.0,0.0,-1.5707964,0.0
1970-01-01 00:00:00.417893186,0.417893186,0.0,0.0,110.94994,0.0,0.0,0.0,0.0,0.0,-1.5707964,0.0
1970-01-01 00:00:00.418042563,0.418042563,0.0,0.0,0.0,0.0,245.63634,0.0,0.0,0.0,-1.5707964,0.0
1970-01-01 00:00:00.418108438,0.418108438,0.0,0.0,0.0,0.0,647.4821,0.0,0.0,0.0,-1.5707964,0.0
1970-01-01 00:00:00.418131960,0.41813196,0.0,0.0,0.0,736.2628,0.0,0.0,0.0,0.0,-1.5707964,0.0
1970-01-01 00:00:00.418144596,0.418144596,0.0,0.0,0.0,0.0,0.0,2918.007,0.0,0.0,-1.5707964,0.0
1970-01-01 00:00:00.418204534,0.418204534,0.0,0.0,0.0,0.0,0.0,340.5241,0.0,0.0,-1.5707964,0.0
1970-01-01 00:00:00.418213413,0.418213413,0.0,0.0,0.0,468.31204,0.0,0.0,0.0,0.0,-1.5707964,0.0
1970-01-01 00:00:00.418309517,0.418309517,0.0,0.0,0.0,0.0,0.0,1265.9928,0.0,0.0,-1.5707964,0.0
1970-01-01 00:00:00.418378646,0.418378646,0.0,0.0,0.0,0.0,149.76457,0.0,0.0,0.0,-1.5707964,0.0
1970-01-01 00:00:00.418422237,0.418422237,0.0,0.0,0.0,0.0,0.0,80.214554,0.0,0.0,-1.5707964,0.0
1970-01-01 00:00:00.418449294,0.418449294,0.0,0.0,505.33417,0.0,0.0,0.0,0.0,0.0,-1.5707964,0.0
1970-01-01 00:00:00.418511277,0.418511277,0.0,0.0,0.0,0.0,1206.1478,0.0,0.0,0.0,-1.5707964,0.0
1970-01-01 00:00:00.418586584,0.418586584,0.0,0.0,0.0,0.0,0.0,91.24234,0.0,0.0,-1.5707964,0.0
1970-01-01 00:00:00.418613644,0.418613644,0.0,0.0,0.0,336.1839,0.0,0.0,0.0,0.0,-1.5707964,0.0
1970-01-01 00:00:00.418640574,0.418640574,0.0,0.0,0.0,0.0,0.0,244.28212,0.0,0.0,-1.5707964,0.0
1970-01-01 00:00:00.418696042,0.418696042,0.0,0.0,0.0,114.78084,0.0,0.0,0.0,0.0,-1.5707964,0.0
1970-01-01 00:00:00.418696677,0.418696677,0.0,0.0,0.0,0.0,0.0,278.31467,0.0,0.0,-1.5707964,0.0
1970-01-01 00:00:00.418766820,0.41876682,0.0,0.0,0.0,250.26234,0.0,0.0,0.0,0.0,-1.5707964,0.0
1970-01-01 00:00:00.418769860,0.41876986,0.0,0.0,0.0,146.35435,0.0,0.0,0.0,0.0,-1.5707964,0.0
1970-01-01 00:00:00.418896689,0.418896689,0.0,0.0,0.0,0.0,0.0,1670.301,0.0,0.0,-1.5707964,0.0
1970-01-01 00:00:00.418912460,0.41891246,0.0,0.0,0.0,3295.1777,0.0,0.0,0.0,0.0,-1.5707964,0.0
1970-01-01 00:00:00.419028387,0.419028387,0.0,0.0,0.0,0.0,0.0,659.8599,0.0,0.0,-1.5707964,0.0
1970-01-01 00:00:00.419067214,0.419067214,0.0,0.0,0.0,0.0,288.06396,0.0,0.0,0.0,-1.5707964,0.0
1970-01-01 00:00:00.419094353,0.419094353,0.0,0.0,0.0,0.0,0.0,184.96617,0.0,0.0,-1.5707964,0.0
1970-01-01 00:00:00.419130743,0.419130743,0.0,181.05788,0.0,0.0,0.0,0.0,0.0,0.0,-1.5707964,0.0
1970-01-01 00:00:00.419149745,0.419149745,0.0,0.0,0.0,0.0,0.0,392.60294,0.0,0.0,-1.5707964,0.0
1970-01-01 00:00:00.419190152,0.419190152,0.0,576.6392,0.0,0.0,0.0,0.0,0.0,0.0,-1.5707964,0.0
1970-01-01 00:00:00.419190152,0.419190152,0.0,383.9955,0.0,0.0,0.0,0.0,0.0,0.0,-1.5707964,0.0
1970-01-01 00:00:00.419229425,0.419229425,0.0,0.0,0.0,0.0,0.0,120.37608,0.0,0.0,-1.5707964,0.0
1970-01-01 00:00:00.419229433,0.419229433,0.0,0.0,0.0,0.0,0.0,241.68105,0.0,0.0,-1.5707964,0.0
1970-01-01 00:00:00.419231395,0.419231395,0.0,0.0,0.0,127.22399,0.0,0.0,0.0,0.0,-1.5707964,0.0
1970-01-01 00:00:00.419302301,0.419302301,0.0,0.0,0.0,0.0,0.0,357.85623,0.0,0.0,-1.5707964,0.0
1970-01-01 00:00:00.419349349,0.419349349,0.0,0.0,0.0,0.0,0.0,114.38137,0.0,0.0,-1.5707964,0.0
1970-01-01 00:00:00.419351186,0.419351186,0.0,0.0,0.0,0.0,431.47403,0.0,0.0,0.0,-1.5707964,0.0
1970-01-01 00:00:00.419351186,0.419351186,0.0,0.0,0.0,3140.558,0.0,0.0,0.0,0.0,-1.5707964,0.0
1970-01-01 00:00:00.419359508,0.419359508,0.0,0.0,0.0,1007.5045,0.0,0.0,0.0,0.0,-1.5707964,0.0
1970-01-01 00:00:00.419365767,0.419365767,0.0,0.0,0.0,0.0,420.84393,0.0,0.0,0.0,-1.5707964,0.0
1970-01-01 00:00:00.419517400,0.4195174,0.0,0.0,0.0,0.0,0.0,224.34702,0.0,0.0,-1.5707964,0.0
1970-01-01 00:00:00.419566818,0.419566818,0.0,0.0,86.569954,0.0,0.0,0.0,0.0,0.0,-1.5707964,0.0
1970-01-01 00:00:00.419569163,0.419569163,0.0,0.0,0.0,0.0,0.0,405.8629,0.0,0.0,-1.5707964,0.0
1970-01-01 00:00:00.419592287,0.419592287,0.0,0.0,0.0,958.6145,0.0,0.0,0.0,0.0,-1.5707964,0.0
1970-01-01 00:00:00.419627069,0.419627069,0.0,0.0,0.0,0.0,0.0,244.37811,0.0,0.0,-1.5707964,0.0
1970-01-01 00:00:00.419687058,0.419687058,0.0,0.0,0.0,0.0,0.0,160.20662,0.0,0.0,-1.5707964,0.0
1970-01-01 00:00:00.419724967,0.419724967,265.2029,0.0,0.0,0.0,0.0,0.0,0.0,0.0,-1.5707964,0.0
1970-01-01 00:00:00.419771151,0.419771151,0.0,0.0,0.0,0.0,0.0,316.8871,0.0,0.0,-1.5707964,0.0
1970-01-01 00:00:00.419798301,0.419798301,0.0,413.91943,0.0,0.0,0.0,0.0,0.0,0.0,-1.5707964,0.0
1970-01-01 00:00:00.419883419,0.419883419,0.0,0.0,0.0,1030.1278,0.0,0.0,0.0,0.0,-1.5707964,0.0
1970-01-01 00:00:00.419993014,0.419993014,0.0,0.0,0.0,0.0,1082.2903,0.0,0.0,0.0,-1.5707964,0.0
1970-01-01 00:00:00.420020759,0.420020759,335.6631,0.0,0.0,0.0,0.0,0.0,0.0,0.0,-1.5707964,0.0
1970-01-01 00:00:00.420036041,0.420036041,0.0,401.83868,0.0,0.0,0.0,0.0,0.0,0.0,-1.5707964,0.0
1970-01-01 00:00:00.420040165,0.420040165,0.0,0.0,0.0,0.0,0.0,315.65698,0.0,0.0,-1.5707964,0.0
1970-01-01 00:00:00.420183636,0.420183636,143.16365,0.0,0.0,0.0,0.0,0.0,0.0,0.0,-1.5707964,0.0
1970-01-01 00:00:00.420204716,0.420204716,0.0,0.0,0.0,0.0,0.0,307.5897,0.0,0.0,-1.5707964,0.0
1970-01-01 00:00:00.420290348,0.420290348,0.0,0.0,0.0,0.0,0.0,113.37214,0.0,0.0,-1.5707964,0.0
1970-01-01 00:00:00.420331858,0.420331858,0.0,0.0,191.68127,0.0,0.0,0.0,0.0,0.0,-1.5707964,0.0
1970-01-01 00:00:00.420338364,0.420338364,0.0,0.0,0.0,0.0,0.0,1015.8639,0.0,0.0,-1.5707964,0.0
1970-01-01 00:00:00.420389156,0.420389156,0.0,0.0,0.0,0.0,0.0,656.7562,0.0,0.0,-1.5707964,0.0
1970-01-01 00:00:00.420393494,0.420393494,198.3754,0.0,0.0,0.0,0.0,0.0,0.0,0.0,-1.5707964,0.0
1970-01-01 00:00:00.420405883,0.420405883,0.0,0.0,0.0,0.0,0.0,621.6919,0.0,0.0,-1.5707964,0.0
1970-01-01 00:00:00.420405883,0.420405883,0.0,0.0,0.0,0.0,0.0,798.61743,0.0,0.0,-1.5707964,0.0
1970-01-01 00:00:00.420473277,0.420473277,0.0,0.0,0.0,0.0,0.0,441.31766,0.0,0.0,-1.5707964,0.0
1970-01-01 00:00:00.420510902,0.420510902,0.0,0.0,0.0,891.9661,0.0,0.0,0.0,0.0,-1.5707964,0.0
1970-01-01 00:00:00.420526182,0.420526182,0.0,0.0,0.0,0.0,0.0,500.16138,0.0,0.0,-1.5707964,0.0
1970-01-01 00:00:00.420570201,0.420570201,0.0,617.9544,0.0,0.0,0.0,0.0,0.0,0.0,-1.5707964,0.0
1970-01-01 00:00:00.420593986,0.420593986,101.80764,0.0,0.0,0.0,0.0,0.0,0.0,0.0,-1.5707964,0.0
1970-01-01 00:00:00.420626597,0.420626597,0.0,0.0,0.0,0.0,0.0,103.32602,0.0,0.0,-1.5707964,0.0
1970-01-01 00:00:00.420655532,0.420655532,0.0,0.0,135.08092,0.0,0.0,0.0,0.0,0.0,-1.5707964,0.0
1970-01-01 00:00:00.420667359,0.420667359,0.0,0.0,0.0,0.0,0.0,1362.6903,0.0,0.0,-1.5707964,0.0
1970-01-01 00:00:00.420808981,0.420808981,0.0,0.0,0.0,837.25726,0.0,0.0,0.0,0.0,-1.5707964,0.0
1970-01-01 00:00:00.420876980,0.42087698,0.0,0.0,143.95293,0.0,0.0,0.0,0.0,0.0,-1.5707964,0.0
1970-01-01 00:00:00.420980110,0.42098011,0.0,0.0,172.7516,0.0,0.0,0.0,0.0,0.0,-1.5707964,0.0
1970-01-01 00:00:00.421038198,0.421038198,0.0,0.0,0.0,0.0,577.9104,0.0,0.0,0.0,-1.5707964,0.0
1970-01-01 00:00:00.421046740,0.42104674,0.0,0.0,0.0,210.53265,0.0,0.0,0.0,0.0,-1.5707964,0.0
1970-01-01 00:00:00.421061798,0.421061798,0.0,0.0,0.0,0.0,0.0,334.5728,0.0,0.0,-1.5707964,0.0
1970-01-01 00:00:00.421068619,0.421068619,0.0,0.0,0.0,0.0,0.0,162.35867,0.0,0.0,-1.5707964,0.0
1970-01-01 00:00:00.421080384,0.421080384,0.0,0.0,0.0,0.0,0.0,114.89813,0.0,0.0,-1.5707964,0.0
1970-01-01 00:00:00.421110777,0.421110777,0.0,0.0,0.0,0.0,0.0,1181.9912,0.0,0.0,-1.5707964,0.0
1970-01-01 00:00:00.421114641,0.421114641,0.0,0.0,0.0,0.0,0.0,122.17949,0.0,0.0,-1.5707964,0.0
1970-01-01 00:00:00.421171473,0.421171473,85.59205,0.0,0.0,0.0,0.0,0.0,0.0,0.0,-1.5707964,0.0
1970-01-01 00:00:00.421176616,0.421176616,88.79614,0.0,0.0,0.0,0.0,0.0,0.0,0.0,-1.5707964,0.0
1970-01-01 00:00:00.421176616,0.421176616,0.0,0.0,0.0,0.0,0.0,765.8122,0.0,0.0,-1.5707964,0.0
1970-01-01 00:00:00.421221433,0.421221433,0.0,0.0,0.0,0.0,0.0,191.35611,0.0,0.0,-1.5707964,0.0
1970-01-01 00:00:00.421359056,0.421359056,0.0,0.0,0.0,0.0,217.66206,0.0,0.0,0.0,-1.5707964,0.0
1970-01-01 00:00:00.421362008,0.421362008,0.0,0.0,0.0,332.34323,0.0,0.0,0.0,0.0,-1.5707964,0.0
1970-01-01 00:00:00.421378521,0.421378521,0.0,0.0,1470.2452,0.0,0.0,0.0,0.0,0.0,-1.5707964,0.0
1970-01-01 00:00:00.421423446,0.421423446,0.0,0.0,0.0,2544.2207,0.0,0.0,0.0,0.0,-1.5707964,0.0
1970-01-01 00:00:00.421524889,0.421524889,0.0,0.0,0.0,0.0,1020.7563,0.0,0.0,0.0,-1.5707964,0.0
1970-01-01 00:00:00.421589710,0.42158971,0.0,0.0,0.0,0.0,200.39297,0.0,0.0,0.0,-1.5707964,0.0
1970-01-01 00:00:00.421604015,0.421604015,0.0,0.0,0.0,610.59357,0.0,0.0,0.0,0.0,-1.5707964,0.0
1970-01-01 00:00:00.421629056,0.421629056,0.0,0.0,0.0,0.0,0.0,362.56485,0.0,0.0,-1.5707964,0.0
1970-01-01 00:00:00.421796747,0.421796747,0.0,0.0,0.0,0.0,0.0,719.035,0.0,0.0,-1.5707964,0.0
1970-01-01 00:00:00.421813722,0.421813722,0.0,0.0,0.0,0.0,0.0,118.61839,0.0,0.0,-1.5707964,0.0
1970-01-01 00:00:00.421825567,0.421825567,0.0,0.0,0.0,0.0,0.0,385.9,0.0,0.0,-1.5707964,0.0
1970-01-01 00:00:00.421875271,0.421875271,0.0,0.0,0.0,0.0,0.0,380.68976,0.0,0.0,-1.5707964,0.0
1970-01-01 00:00:00.421890147,0.421890147,0.0,0.0,0.0,0.0,156.52985,0.0,0.0,0.0,-1.5707964,0.0
1970-01-01 00:00:00.421981369,0.421981369,0.0,0.0,148.31265,0.0,0.0,0.0,0.0,0.0,-1.5707964,0.0
1970-01-01 00:00:00.422058544,0.422058544,0.0,0.0,0.0,0.0,0.0,192.87503,0.0,0.0,-1.5707964,0.0
1970-01-01 00:00:00.422063179,0.422063179,0.0,0.0,0.0,0.0,0.0,85.74081,0.0,0.0,-1.5707964,0.0
1970-01-01 00:00:00.422066746,0.422066746,0.0,0.0,0.0,0.0,0.0,603.86554,0.0,0.0,-1.5707964,0.0
1970-01-01 00:00:00.422116483,0.422116483,0.0,0.0,0.0,0.0,0.0,268.89917,0.0,0.0,-1.5707964,0.0
1970-01-01 00:00:00.422141270,0.42214127,0.0,0.0,0.0,1869.4583,0.0,0.0,0.0,0.0,-1.5707964,0.0
1970-01-01 00:00:00.422158044,0.422158044,0.0,0.0,0.0,0.0,0.0,747.04095,0.0,0.0,-1.5707964,0.0
1970-01-01 00:00:00.422220838,0.422220838,0.0,0.0,0.0,0.0,621.8623,0.0,0.0,0.0,-1.5707964,0.0
1970-01-01 00:00:00.422220838,0.422220838,0.0,0.0,0.0,1778.4656,0.0,0.0,0.0,0.0,-1.5707964,0.0
1970-01-01 00:00:00.422237107,0.422237107,0.0,0.0,0.0,0.0,110.67651,0.0,0.0,0.0,-1.5707964,0.0
1970-01-01 00:00:00.422269345,0.422269345,0.0,0.0,0.0,0.0,0.0,401.18994,0.0,0.0,-1.5707964,0.0
1970-01-01 00:00:00.422388194,0.422388194,0.0,0.0,0.0,0.0,0.0,81.43687,0.0,0.0,-1.5707964,0.0
1970-01-01 00:00:00.422453849,0.422453849,0.0,0.0,0.0,0.0,0.0,102.4861,0.0,0.0,-1.5707964,0.0
1970-01-01 00:00:00.422455912,0.422455912,0.0,0.0,0.0,0.0,0.0,278.4524,0.0,0.0,-1.5707964,0.0
1970-01-01 00:00:00.422458749,0.422458749,0.0,0.0,1573.666,0.0,0.0,0.0,0.0,0.0,-1.5707964,0.0
1970-01-01 00:00:00.422487665,0.422487665,0.0,0.0,601.26587,0.0,0.0,0.0,0.0,0.0,-1.5707964,0.0
1970-01-01 00:00:00.422487665,0.422487665,0.0,0.0,0.0,0.0,466.56277,0.0,0.0,0.0,-1.5707964,0.0
1970-01-01 00:00:00.422490727,0.422490727,539.44366,0.0,0.0,0.0,0.0,0.0,0.0,0.0,-1.5707964,0.0
1970-01-01 00:00:00.422589307,0.422589307,0.0,0.0,0.0,0.0,0.0,93.4377,0.0,0.0,-1.5707964,0.0
1970-01-01 00:00:00.422856225,0.422856225,0.0,0.0,255.43457,0.0,0.0,0.0,0.0,0.0,-1.5707964,0.0
1970-01-01 00:00:00.422856225,0.422856225,0.0,0.0,0.0,0.0,0.0,386.8431,0.0,0.0,-1.5707964,0.0
1970-01-01 00:00:00.422862905,0.422862905,0.0,0.0,0.0,555.6514,0.0,0.0,0.0,0.0,-1.5707964,0.0
1970-01-01 00:00:00.422898002,0.422898002,0.0,0.0,0.0,152.0908,0.0,0.0,0.0,0.0,-1.5707964,0.0
1970-01-01 00:00:00.422958245,0.422958245,0.0,0.0,0.0,0.0,0.0,417.52722,0.0,0.0,-1.5707964,0.0
1970-01-01 00:00:00.422985580,0.42298558,0.0,0.0,0.0,0.0,0.0,276.47385,0.0,0.0,-1.5707964,0.0
1970-01-01 00:00:00.423019897,0.423019897,0.0,0.0,0.0,0.0,0.0,439.27267,0.0,0.0,-1.5707964,0.0
1970-01-01 00:00:00.423087323,0.423087323,0.0,0.0,0.0,99.48163,0.0,0.0,0.0,0.0,-1.5707964,0.0
1970-01-01 00:00:00.423146693,0.423146693,0.0,229.91164,0.0,0.0,0.0,0.0,0.0,0.0,-1.5707964,0.0
1970-01-01 00:00:00.423290355,0.423290355,0.0,0.0,0.0,0.0,0.0,436.57455,0.0,0.0,-1.5707964,0.0
1970-01-01 00:00:00.423294361,0.423294361,0.0,0.0,0.0,676.6154,0.0,0.0,0.0,0.0,-1.5707964,0.0
1970-01-01 00:00:00.423339031,0.423339031,0.0,0.0,0.0,0.0,0.0,296.77417,0.0,0.0,-1.5707964,0.0
1970-01-01 00:00:00.423374227,0.423374227,2116.4326,0.0,0.0,0.0,0.0,0.0,0.0,0.0,-1.5707964,0.0
1970-01-01 00:00:00.423388902,0.423388902,0.0,0.0,437.17844,0.0,0.0,0.0,0.0,0.0,-1.5707964,0.0
1970-01-01 00:00:00.423390082,0.423390082,166.81467,0.0,0.0,0.0,0.0,0.0,0.0,0.0,-1.5707964,0.0
1970-01-01 00:00:00.423406306,0.423406306,0.0,0.0,0.0,0.0,296.71655,0.0,0.0,0.0,-1.5707964,0.0
1970-01-01 00:00:00.423449117,0.423449117,0.0,257.05508,0.0,0.0,0.0,0.0,0.0,0.0,-1.5707964,0.0
1970-01-01 00:00:00.423449117,0.423449117,0.0,0.0,0.0,0.0,0.0,1588.301,0.0,0.0,-1.5707964,0.0
1970-01-01 00:00:00.423548564,0.423548564,0.0,0.0,0.0,0.0,0.0,98.86483,0.0,0.0,-1.5707964,0.0
1970-01-01 00:00:00.423551980,0.42355198,0.0,0.0,0.0,0.0,0.0,864.4069,0.0,0.0,-1.5707964,0.0
1970-01-01 00:00:00.423595032,0.423595032,0.0,0.0,0.0,0.0,0.0,169.34352,0.0,0.0,-1.5707964,0.0
1970-01-01 00:00:00.423604455,0.423604455,0.0,0.0,0.0,2421.8848,0.0,0.0,0.0,0.0,-1.5707964,0.0
1970-01-01 00:00:00.423681123,0.423681123,0.0,0.0,364.91772,0.0,0.0,0.0,0.0,0.0,-1.5707964,0.0
1970-01-01 00:00:00.423741434,0.423741434,0.0,0.0,0.0,0.0,897.32135,0.0,0.0,0.0,-1.5707964,0.0
1970-01-01 00:00:00.423809614,0.423809614,0.0,0.0,0.0,398.059,0.0,0.0,0.0,0.0,-1.5707964,0.0
1970-01-01 00:00:00.423913591,0.423913591,0.0,0.0,0.0,0.0,0.0,269.4716,0.0,0.0,-1.5707964,0.0
1970-01-01 00:00:00.423963785,0.423963785,0.0,0.0,0.0,0.0,0.0,228.21301,0.0,0.0,-1.5707964,0.0
1970-01-01 00:00:00.424002264,0.424002264,0.0,0.0,0.0,0.0,138.7462,0.0,0.0,0.0,-1.5707964,0.0
1970-01-01 00:00:00.424104659,0.424104659,0.0,0.0,0.0,303.11206,0.0,0.0,0.0,0.0,-1.5707964,0.0
1970-01-01 00:00:00.424152611,0.424152611,0.0,0.0,0.0,0.0,0.0,183.53026,0.0,0.0,-1.5707964,0.0
1970-01-01 00:00:00.424229408,0.424229408,0.0,0.0,0.0,0.0,0.0,542.0358,0.0,0.0,-1.5707964,0.0
1970-01-01 00:00:00.424297003,0.424297003,0.0,0.0,0.0,0.0,0.0,265.28,0.0,0.0,-1.5707964,0.0
1970-01-01 00:00:00.424297003,0.424297003,0.0,0.0,0.0,0.0,0.0,540.9402,0.0,0.0,-1.5707964,0.0
1970-01-01 00:00:00.424301593,0.424301593,0.0,93.83468,0.0,0.0,0.0,0.0,0.0,0.0,-1.5707964,0.0
1970-01-01 00:00:00.424337619,0.424337619,0.0,151.84303,0.0,0.0,0.0,0.0,0.0,0.0,-1.5707964,0.0
1970-01-01 00:00:00.424353085,0.424353085,0.0,0.0,286.13364,0.0,0.0,0.0,0.0,0.0,-1.5707964,0.0
1970-01-01 00:00:00.424474835,0.424474835,0.0,0.0,0.0,0.0,0.0,160.2248,0.0,0.0,-1.5707964,0.0
1970-01-01 00:00:00.424745457,0.424745457,0.0,0.0,0.0,0.0,109.90373,0.0,0.0,0.0,-1.5707964,0.0
1970-01-01 00:00:00.424751568,0.424751568,0.0,0.0,0.0,0.0,0.0,432.75354,0.0,0.0,-1.5707964,0.0
1970-01-01 00:00:00.424785349,0.424785349,0.0,0.0,165.18701,0.0,0.0,0.0,0.0,0.0,-1.5707964,0.0
1970-01-01 00:00:00.424814278,0.424814278,0.0,0.0,0.0,0.0,0.0,727.5354,0.0,0.0,-1.5707964,0.0
1970-01-01 00:00:00.424922484,0.424922484,0.0,0.0,233.55373,0.0,0.0,0.0,0.0,0.0,-1.5707964,0.0
1970-01-01 00:00:00.424979632,0.424979632,0.0,0.0,0.0,0.0,0.0,1256.0989,0.0,0.0,-1.5707964,0.0
1970-01-01 00:00:00.425023570,0.42502357,0.0,1121.0887,0.0,0.0,0.0,0.0,0.0,0.0,-1.5707964,0.0
1970-01-01 00:00:00.425078305,0.425078305,0.0,0.0,0.0,0.0,0.0,555.90607,0.0,0.0,-1.5707964,0.0
1970-01-01 00:00:00.425078305,0.425078305,0.0,0.0,0.0,0.0,0.0,633.24176,0.0,0.0,-1.5707964,0.0
1970-01-01 00:00:00.425092083,0.425092083,0.0,0.0,0.0,0.0,0.0,662.65924,0.0,0.0,-1.5707964,0.0
1970-01-01 00:00:00.425104038,0.425104038,0.0,0.0,0.0,116.5854,0.0,0.0,0.0,0.0,-1.5707964,0.0
1970-01-01 00:00:00.425127460,0.42512746,0.0,0.0,516.38495,0.0,0.0,0.0,0.0,0.0,-1.5707964,0.0
1970-01-01 00:00:00.425127460,0.42512746,0.0,0.0,0.0,0.0,0.0,834.5384,0.0,0.0,-1.5707964,0.0
1970-01-01 00:00:00.425207359,0.425207359,0.0,0.0,0.0,130.79623,0.0,0.0,0.0,0.0,-1.5707964,0.0
1970-01-01 00:00:00.425236418,0.425236418,0.0,0.0,0.0,0.0,0.0,238.06262,0.0,0.0,-1.5707964,0.0
1970-01-01 00:00:00.425254310,0.42525431,0.0,0.0,0.0,0.0,0.0,192.38254,0.0,0.0,-1.5707964,0.0
1970-01-01 00:00:00.425356957,0.425356957,0.0,0.0,0.0,829.71655,0.0,0.0,0.0,0.0,-1.5707964,0.0
1970-01-01 00:00:00.425437134,0.425437134,0.0,0.0,0.0,0.0,776.6399,0.0,0.0,0.0,-1.5707964,0.0
1970-01-01 00:00:00.425495291,0.425495291,0.0,0.0,0.0,1417.544,0.0,0.0,0.0,0.0,-1.5707964,0.0
1970-01-01 00:00:00.425569188,0.425569188,0.0,0.0,0.0,0.0,0.0,775.2676,0.0,0.0,-1.5707964,0.0
1970-01-01 00:00:00.425641383,0.425641383,0.0,646.2008,0.0,0.0,0.0,0.0,0.0,0.0,-1.5707964,0.0
1970-01-01 00:00:00.425645537,0.425645537,0.0,0.0,0.0,0.0,0.0,316.0661,0.0,0.0,-1.5707964,0.0
1970-01-01 00:00:00.425704111,0.425704111,0.0,0.0,0.0,648.9253,0.0,0.0,0.0,0.0,-1.5707964,0.0
1970-01-01 00:00:00.425720351,0.425720351,0.0,0.0,0.0,0.0,0.0,282.67435,0.0,0.0,-1.5707964,0.0
1970-01-01 00:00:00.425738154,0.425738154,0.0,0.0,0.0,0.0,0.0,408.7217,0.0,0.0,-1.5707964,0.0
1970-01-01 00:00:00.425754076,0.425754076,0.0,82.97693,0.0,0.0,0.0,0.0,0.0,0.0,-1.5707964,0.0
1970-01-01 00:00:00.425785975,0.425785975,0.0,0.0,0.0,0.0,0.0,203.0447,0.0,0.0,-1.5707964,0.0
1970-01-01 00:00:00.425931105,0.425931105,0.0,0.0,0.0,0.0,0.0,386.8792,0.0,0.0,-1.5707964,0.0
1970-01-01 00:00:00.425970470,0.42597047,0.0,0.0,0.0,0.0,0.0,278.5109,0.0,0.0,-1.5707964,0.0
1970-01-01 00:00:00.426163991,0.426163991,0.0,0.0,0.0,0.0,0.0,599.1161,0.0,0.0,-1.5707964,0.0
1970-01-01 00:00:00.426179154,0.426179154,0.0,0.0,0.0,0.0,0.0,236.39848,0.0,0.0,-1.5707964,0.0
1970-01-01 00:00:00.426318063,0.426318063,0.0,0.0,676.5379,0.0,0.0,0.0,0.0,0.0,-1.5707964,0.0
1970-01-01 00:00:00.426373899,0.426373899,0.0,0.0,0.0,0.0,0.0,148.86902,0.0,0.0,-1.5707964,0.0
1970-01-01 00:00:00.426612181,0.426612181,0.0,0.0,0.0,0.0,0.0,235.02368,0.0,0.0,-1.5707964,0.0
1970-01-01 00:00:00.426658397,0.426658397,0.0,0.0,0.0,199.59108,0.0,0.0,0.0,0.0,-1.5707964,0.0
1970-01-01 00:00:00.426682127,0.426682127,0.0,0.0,0.0,0.0,1368.1337,0.0,0.0,0.0,-1.5707964,0.0
1970-01-01 00:00:00.426740866,0.426740866,0.0,0.0,0.0,0.0,90.324165,0.0,0.0,0.0,-1.5707964,0.0
1970-01-01 00:00:00.426788598,0.426788598,0.0,0.0,0.0,0.0,0.0,334.11563,0.0,0.0,-1.5707964,0.0
1970-01-01 00:00:00.426811560,0.42681156,0.0,0.0,0.0,297.7088,0.0,0.0,0.0,0.0,-1.5707964,0.0
1970-01-01 00:00:00.426842583,0.426842583,0.0,0.0,0.0,340.16937,0.0,0.0,0.0,0.0,-1.5707964,0.0
1970-01-01 00:00:00.426857153,0.426857153,0.0,0.0,0.0,113.62825,0.0,0.0,0.0,0.0,-1.5707964,0.0
1970-01-01 00:00:00.426884823,0.426884823,0.0,0.0,0.0,0.0,424.65305,0.0,0.0,0.0,-1.5707964,0.0
1970-01-01 00:00:00.426902143,0.426902143,0.0,89.00623,0.0,0.0,0.0,0.0,0.0,0.0,-1.5707964,0.0
1970-01-01 00:00:00.426904296,0.426904296,0.0,0.0,277.5292,0.0,0.0,0.0,0.0,0.0,-1.5707964,0.0
1970-01-01 00:00:00.427026421,0.427026421,0.0,0.0,0.0,0.0,144.25484,0.0,0.0,0.0,-1.5707964,0.0
1970-01-01 00:00:00.427051017,0.427051017,0.0,0.0,0.0,0.0,0.0,214.98846,0.0,0.0,-1.5707964,0.0
1970-01-01 00:00:00.427089449,0.427089449,979.3543,0.0,0.0,0.0,0.0,0.0,0.0,0.0,-1.5707964,0.0
1970-01-01 00:00:00.427189605,0.427189605,0.0,0.0,0.0,576.5947,0.0,0.0,0.0,0.0,-1.5707964,0.0
1970-01-01 00:00:00.427217324,0.427217324,0.0,0.0,0.0,116.76315,0.0,0.0,0.0,0.0,-1.5707964,0.0
1970-01-01 00:00:00.427367419,0.427367419,0.0,0.0,0.0,434.2773,0.0,0.0,0.0,0.0,-1.5707964,0.0
1970-01-01 00:00:00.427369750,0.42736975,0.0,0.0,465.0245,0.0,0.0,0.0,0.0,0.0,-1.5707964,0.0
1970-01-01 00:00:00.427456542,0.427456542,0.0,0.0,0.0,0.0,0.0,145.28304,0.0,0.0,-1.5707964,0.0
1970-01-01 00:00:00.427507680,0.42750768,0.0,0.0,0.0,0.0,0.0,326.78766,0.0,0.0,-1.5707964,0.0
1970-01-01 00:00:00.427511635,0.427511635,0.0,0.0,0.0,218.65526,0.0,0.0,0.0,0.0,-1.5707964,0.0
1970-01-01 00:00:00.427584494,0.427584494,0.0,0.0,0.0,797.91003,0.0,0.0,0.0,0.0,-1.5707964,0.0
1970-01-01 00:00:00.427597523,0.427597523,268.27902,0.0,0.0,0.0,0.0,0.0,0.0,0.0,-1.5707964,0.0
1970-01-01 00:00:00.427712766,0.427712766,0.0,0.0,0.0,0.0,269.8356,0.0,0.0,0.0,-1.5707964,0.0
1970-01-01 00:00:00.427778035,0.427778035,0.0,0.0,0.0,466.02664,0.0,0.0,0.0,0.0,-1.5707964,0.0
1970-01-01 00:00:00.427843014,0.427843014,0.0,0.0,0.0,0.0,0.0,246.92993,0.0,0.0,-1.5707964,0.0
1970-01-01 00:00:00.427909451,0.427909451,0.0,98.361015,0.0,0.0,0.0,0.0,0.0,0.0,-1.5707964,0.0
1970-01-01 00:00:00.427919654,0.427919654,0.0,0.0,0.0,0.0,0.0,509.6364,0.0,0.0,-1.5707964,0.0
1970-01-01 00:00:00.428078671,0.428078671,472.45706,0.0,0.0,0.0,0.0,0.0,0.0,0.0,-1.5707964,0.0
1970-01-01 00:00:00.428103446,0.428103446,0.0,0.0,257.52994,0.0,0.0,0.0,0.0,0.0,-1.5707964,0.0
1970-01-01 00:00:00.428121302,0.428121302,0.0,0.0,0.0,157.75313,0.0,0.0,0.0,0.0,-1.5707964,0.0
1970-01-01 00:00:00.428293469,0.428293469,0.0,0.0,0.0,0.0,169.6114,0.0,0.0,0.0,-1.5707964,0.0
1970-01-01 00:00:00.428301549,0.428301549,0.0,0.0,0.0,0.0,203.58037,0.0,0.0,0.0,-1.5707964,0.0
1970-01-01 00:00:00.428379326,0.428379326,0.0,0.0,0.0,666.9404,0.0,0.0,0.0,0.0,-1.5707964,0.0
1970-01-01 00:00:00.428495197,0.428495197,0.0,0.0,0.0,0.0,335.9862,0.0,0.0,0.0,-1.5707964,0.0
1970-01-01 00:00:00.428586994,0.428586994,0.0,0.0,0.0,0.0,404.73956,0.0,0.0,0.0,-1.5707964,0.0
1970-01-01 00:00:00.428634491,0.428634491,0.0,0.0,0.0,0.0,0.0,741.5792,0.0,0.0,-1.5707964,0.0
1970-01-01 00:00:00.428730589,0.428730589,0.0,0.0,545.9275,0.0,0.0,0.0,0.0,0.0,-1.5707964,0.0
1970-01-01 00:00:00.428837548,0.428837548,0.0,0.0,0.0,0.0,0.0,232.0834,0.0,0.0,-1.5707964,0.0
1970-01-01 00:00:00.428978384,0.428978384,0.0,0.0,614.33014,0.0,0.0,0.0,0.0,0.0,-1.5707964,0.0
1970-01-01 00:00:00.429318913,0.429318913,991.44855,0.0,0.0,0.0,0.0,0.0,0.0,0.0,-1.5707964,0.0
1970-01-01 00:00:00.429528203,0.429528203,0.0,0.0,0.0,0.0,0.0,95.890465,0.0,0.0,-1.5707964,0.0
1970-01-01 00:00:00.429566369,0.429566369,0.0,0.0,0.0,0.0,0.0,97.68065,0.0,0.0,-1.5707964,0.0
1970-01-01 00:00:00.429574065,0.429574065,0.0,0.0,0.0,312.69614,0.0,0.0,0.0,0.0,-1.5707964,0.0
1970-01-01 00:00:00.429583495,0.429583495,0.0,0.0,0.0,0.0,0.0,130.87495,0.0,0.0,-1.5707964,0.0
1970-01-01 00:00:00.429604132,0.429604132,0.0,0.0,0.0,0.0,0.0,467.52753,0.0,0.0,-1.5707964,0.0
1970-01-01 00:00:00.429655119,0.429655119,0.0,0.0,0.0,0.0,0.0,153.01059,0.0,0.0,-1.5707964,0.0
1970-01-01 00:00:00.429767133,0.429767133,0.0,0.0,0.0,0.0,110.701195,0.0,0.0,0.0,-1.5707964,0.0
1970-01-01 00:00:00.429775102,0.429775102,0.0,0.0,0.0,0.0,0.0,417.14713,0.0,0.0,-1.5707964,0.0
1970-01-01 00:00:00.429848351,0.429848351,0.0,0.0,0.0,0.0,0.0,138.76271,0.0,0.0,-1.5707964,0.0
1970-01-01 00:00:00.429885360,0.42988536,0.0,0.0,0.0,87.61793,0.0,0.0,0.0,0.0,-1.5707964,0.0
1970-01-01 00:00:00.430000070,0.43000007,0.0,0.0,0.0,0.0,0.0,159.53592,0.0,0.0,-1.5707964,0.0
1970-01-01 00:00:00.430242326,0.430242326,0.0,0.0,0.0,203.7456,0.0,0.0,0.0,0.0,-1.5707964,0.0
1970-01-01 00:00:00.430372549,0.430372549,0.0,0.0,0.0,1407.4465,0.0,0.0,0.0,0.0,-1.5707964,0.0
1970-01-01 00:00:00.430540996,0.430540996,0.0,0.0,0.0,0.0,0.0,172.22139,0.0,0.0,-1.5707964,0.0
1970-01-01 00:00:00.430562580,0.43056258,136.73773,0.0,0.0,0.0,0.0,0.0,0.0,0.0,-1.5707964,0.0
1970-01-01 00:00:00.430620949,0.430620949,0.0,0.0,0.0,0.0,0.0,460.80316,0.0,0.0,-1.5707964,0.0
1970-01-01 00:00:00.430676569,0.430676569,0.0,0.0,0.0,336.41306,0.0,0.0,0.0,0.0,-1.5707964,0.0
1970-01-01 00:00:00.430789642,0.430789642,0.0,188.0694,0.0,0.0,0.0,0.0,0.0,0.0,-1.5707964,0.0
1970-01-01 00:00:00.430789642,0.430789642,0.0,0.0,0.0,0.0,214.50476,0.0,0.0,0.0,-1.5707964,0.0
1970-01-01 00:00:00.430888546,0.430888546,0.0,0.0,0.0,0.0,0.0,214.12904,0.0,0.0,-1.5707964,0.0
1970-01-01 00:00:00.430910290,0.43091029,0.0,0.0,0.0,0.0,0.0,215.8671,0.0,0.0,-1.5707964,0.0
1970-01-01 00:00:00.430964262,0.430964262,0.0,0.0,0.0,0.0,0.0,519.6108,0.0,0.0,-1.5707964,0.0
1970-01-01 00:00:00.431026588,0.431026588,0.0,0.0,0.0,231.44273,0.0,0.0,0.0,0.0,-1.5707964,0.0
1970-01-01 00:00:00.431213137,0.431213137,0.0,0.0,0.0,0.0,494.8635,0.0,0.0,0.0,-1.5707964,0.0
1970-01-01 00:00:00.431286997,0.431286997,0.0,0.0,0.0,199.98701,0.0,0.0,0.0,0.0,-1.5707964,0.0
1970-01-01 00:00:00.431435864,0.431435864,0.0,0.0,0.0,0.0,0.0,139.5814,0.0,0.0,-1.5707964,0.0
1970-01-01 00:00:00.431540228,0.431540228,0.0,0.0,0.0,0.0,215.94049,0.0,0.0,0.0,-1.5707964,0.0
1970-01-01 00:00:00.431547043,0.431547043,0.0,0.0,0.0,0.0,928.61804,0.0,0.0,0.0,-1.5707964,0.0
1970-01-01 00:00:00.431582935,0.431582935,180.02007,0.0,0.0,0.0,0.0,0.0,0.0,0.0,-1.5707964,0.0
1970-01-01 00:00:00.431610076,0.431610076,0.0,0.0,0.0,0.0,0.0,137.28577,0.0,0.0,-1.5707964,0.0
1970-01-01 00:00:00.431641703,0.431641703,0.0,0.0,0.0,0.0,0.0,121.67696,0.0,0.0,-1.5707964,0.0
1970-01-01 00:00:00.431731316,0.431731316,0.0,0.0,0.0,135.13327,0.0,0.0,0.0,0.0,-1.5707964,0.0
1970-01-01 00:00:00.431786827,0.431786827,0.0,0.0,0.0,0.0,842.3523,0.0,0.0,0.0,-1.5707964,0.0
1970-01-01 00:00:00.432167248,0.432167248,0.0,0.0,0.0,0.0,0.0,227.79552,0.0,0.0,-1.5707964,0.0
1970-01-01 00:00:00.432203327,0.432203327,0.0,446.0815,0.0,0.0,0.0,0.0,0.0,0.0,-1.5707964,0.0
1970-01-01 00:00:00.432210784,0.432210784,0.0,0.0,0.0,0.0,0.0,372.27023,0.0,0.0,-1.5707964,0.0
1970-01-01 00:00:00.432321711,0.432321711,0.0,0.0,0.0,344.9186,0.0,0.0,0.0,0.0,-1.5707964,0.0
1970-01-01 00:00:00.432393691,0.432393691,0.0,0.0,0.0,257.2939,0.0,0.0,0.0,0.0,-1.5707964,0.0
1970-01-01 00:00:00.432435186,0.432435186,145.86818,0.0,0.0,0.0,0.0,0.0,0.0,0.0,-1.5707964,0.0
1970-01-01 00:00:00.432653820,0.43265382,0.0,0.0,0.0,0.0,0.0,262.58255,0.0,0.0,-1.5707964,0.0
1970-01-01 00:00:00.432708916,0.432708916,3104.146,0.0,0.0,0.0,0.0,0.0,0.0,0.0,-1.5707964,0.0
1970-01-01 00:00:00.432769083,0.432769083,0.0,0.0,0.0,0.0,111.47646,0.0,0.0,0.0,-1.5707964,0.0
1970-01-01 00:00:00.432810664,0.432810664,0.0,0.0,0.0,238.92406,0.0,0.0,0.0,0.0,-1.5707964,0.0
1970-01-01 00:00:00.432818347,0.432818347,0.0,0.0,0.0,0.0,0.0,1331.8944,0.0,0.0,-1.5707964,0.0
1970-01-01 00:00:00.433248198,0.433248198,0.0,0.0,0.0,0.0,0.0,325.97733,0.0,0.0,-1.5707964,0.0
1970-01-01 00:00:00.433336222,0.433336222,0.0,0.0,0.0,0.0,0.0,287.26086,0.0,0.0,-1.5707964,0.0
1970-01-01 00:00:00.433462512,0.433462512,1134.0583,0.0,0.0,0.0,0.0,0.0,0.0,0.0,-1.5707964,0.0
1970-01-01 00:00:00.433481834,0.433481834,0.0,0.0,573.00415,0.0,0.0,0.0,0.0,0.0,-1.5707964,0.0
1970-01-01 00:00:00.433857641,0.433857641,0.0,0.0,0.0,0.0,0.0,511.05795,0.0,0.0,-1.5707964,0.0
1970-01-01 00:00:00.433941494,0.433941494,0.0,0.0,0.0,0.0,0.0,239.35155,0.0,0.0,-1.5707964,0.0
1970-01-01 00:00:00.433959900,0.4339599,0.0,0.0,0.0,0.0,0.0,499.99774,0.0,0.0,-1.5707964,0.0
1970-01-01 00:00:00.433990618,0.433990618,0.0,0.0,0.0,0.0,0.0,84.530464,0.0,0.0,-1.5707964,0.0
1970-01-01 00:00:00.434010866,0.434010866,0.0,0.0,0.0,0.0,0.0,129.48758,0.0,0.0,-1.5707964,0.0
1970-01-01 00:00:00.434216429,0.434216429,0.0,0.0,0.0,96.50063,0.0,0.0,0.0,0.0,-1.5707964,0.0
1970-01-01 00:00:00.434326589,0.434326589,0.0,0.0,426.01144,0.0,0.0,0.0,0.0,0.0,-1.5707964,0.0
1970-01-01 00:00:00.434393594,0.434393594,0.0,0.0,0.0,0.0,0.0,130.90704,0.0,0.0,-1.5707964,0.0
1970-01-01 00:00:00.434460204,0.434460204,0.0,150.81963,0.0,0.0,0.0,0.0,0.0,0.0,-1.5707964,0.0
1970-01-01 00:00:00.434519691,0.434519691,0.0,0.0,0.0,0.0,0.0,142.6834,0.0,0.0,-1.5707964,0.0
1970-01-01 00:00:00.434996406,0.434996406,0.0,0.0,0.0,0.0,1151.2794,0.0,0.0,0.0,-1.5707964,0.0
1970-01-01 00:00:00.435042676,0.435042676,0.0,0.0,0.0,0.0,0.0,1293.0234,0.0,0.0,-1.5707964,0.0
1970-01-01 00:00:00.435112057,0.435112057,0.0,0.0,0.0,0.0,0.0,146.85716,0.0,0.0,-1.5707964,0.0
1970-01-01 00:00:00.435133302,0.435133302,0.0,0.0,0.0,0.0,0.0,382.07913,0.0,0.0,-1.5707964,0.0
1970-01-01 00:00:00.435279025,0.435279025,365.1323,0.0,0.0,0.0,0.0,0.0,0.0,0.0,-1.5707964,0.0
1970-01-01 00:00:00.435305819,0.435305819,0.0,0.0,0.0,0.0,0.0,337.54016,0.0,0.0,-1.5707964,0.0
1970-01-01 00:00:00.435331942,0.435331942,0.0,0.0,0.0,250.17361,0.0,0.0,0.0,0.0,-1.5707964,0.0
1970-01-01 00:00:00.435338589,0.435338589,0.0,0.0,0.0,138.21861,0.0,0.0,0.0,0.0,-1.5707964,0.0
1970-01-01 00:00:00.435377383,0.435377383,0.0,663.32654,0.0,0.0,0.0,0.0,0.0,0.0,-1.5707964,0.0
1970-01-01 00:00:00.435377383,0.435377383,0.0,0.0,0.0,1244.4453,0.0,0.0,0.0,0.0,-1.5707964,0.0
1970-01-01 00:00:00.435404046,0.435404046,0.0,0.0,810.78564,0.0,0.0,0.0,0.0,0.0,-1.5707964,0.0
1970-01-01 00:00:00.435505686,0.435505686,0.0,0.0,0.0,0.0,0.0,531.40106,0.0,0.0,-1.5707964,0.0
1970-01-01 00:00:00.435623378,0.435623378,0.0,0.0,0.0,0.0,856.3108,0.0,0.0,0.0,-1.5707964,0.0
1970-01-01 00:00:00.435650795,0.435650795,0.0,0.0,0.0,0.0,0.0,340.41074,0.0,0.0,-1.5707964,0.0
1970-01-01 00:00:00.435671013,0.435671013,0.0,0.0,0.0,0.0,272.94153,0.0,0.0,0.0,-1.5707964,0.0
1970-01-01 00:00:00.435700840,0.43570084,0.0,0.0,0.0,0.0,0.0,318.22372,0.0,0.0,-1.5707964,0.0
1970-01-01 00:00:00.435711558,0.435711558,0.0,0.0,0.0,126.10082,0.0,0.0,0.0,0.0,-1.5707964,0.0
1970-01-01 00:00:00.435728981,0.435728981,0.0,0.0,0.0,0.0,0.0,88.713875,0.0,0.0,-1.5707964,0.0
1970-01-01 00:00:00.435765541,0.435765541,0.0,298.74002,0.0,0.0,0.0,0.0,0.0,0.0,-1.5707964,0.0
1970-01-01 00:00:00.435765541,0.435765541,0.0,0.0,0.0,0.0,557.3786,0.0,0.0,0.0,-1.5707964,0.0
1970-01-01 00:00:00.435861122,0.435861122,0.0,0.0,0.0,0.0,3366.2192,0.0,0.0,0.0,-1.5707964,0.0
1970-01-01 00:00:00.435867821,0.435867821,0.0,0.0,203.01222,0.0,0.0,0.0,0.0,0.0,-1.5707964,0.0
1970-01-01 00:00:00.435918475,0.435918475,0.0,0.0,1743.4987,0.0,0.0,0.0,0.0,0.0,-1.5707964,0.0
1970-01-01 00:00:00.436207227,0.436207227,0.0,0.0,0.0,0.0,0.0,103.26121,0.0,0.0,-1.5707964,0.0
1970-01-01 00:00:00.436209834,0.436209834,0.0,0.0,0.0,0.0,0.0,165.02443,0.0,0.0,-1.5707964,0.0
1970-01-01 00:00:00.436350049,0.436350049,0.0,0.0,0.0,379.83646,0.0,0.0,0.0,0.0,-1.5707964,0.0
1970-01-01 00:00:00.436353760,0.43635376,0.0,160.77652,0.0,0.0,0.0,0.0,0.0,0.0,-1.5707964,0.0
1970-01-01 00:00:00.436606137,0.436606137,0.0,0.0,0.0,95.80949,0.0,0.0,0.0,0.0,-1.5707964,0.0
1970-01-01 00:00:00.436737152,0.436737152,0.0,0.0,0.0,0.0,0.0,594.48065,0.0,0.0,-1.5707964,0.0
1970-01-01 00:00:00.436845715,0.436845715,0.0,0.0,0.0,0.0,0.0,1446.8683,0.0,0.0,-1.5707964,0.0
1970-01-01 00:00:00.437243176,0.437243176,0.0,0.0,0.0,452.77325,0.0,0.0,0.0,0.0,-1.5707964,0.0
1970-01-01 00:00:00.437351811,0.437351811,0.0,0.0,0.0,0.0,0.0,169.2512,0.0,0.0,-1.5707964,0.0
1970-01-01 00:00:00.437450076,0.437450076,0.0,0.0,0.0,0.0,0.0,1713.4244,0.0,0.0,-1.5707964,0.0
1970-01-01 00:00:00.437752143,0.437752143,0.0,0.0,0.0,125.905304,0.0,0.0,0.0,0.0,-1.5707964,0.0
1970-01-01 00:00:00.437882063,0.437882063,0.0,97.96937,0.0,0.0,0.0,0.0,0.0,0.0,-1.5707964,0.0
1970-01-01 00:00:00.437892510,0.43789251,0.0,0.0,0.0,0.0,0.0,192.05629,0.0,0.0,-1.5707964,0.0
1970-01-01 00:00:00.438029477,0.438029477,612.41437,0.0,0.0,0.0,0.0,0.0,0.0,0.0,-1.5707964,0.0
1970-01-01 00:00:00.438061244,0.438061244,0.0,0.0,0.0,0.0,0.0,215.51755,0.0,0.0,-1.5707964,0.0
1970-01-01 00:00:00.438108651,0.438108651,0.0,0.0,0.0,0.0,0.0,439.25787,0.0,0.0,-1.5707964,0.0
1970-01-01 00:00:00.438124027,0.438124027,0.0,0.0,0.0,0.0,0.0,824.29144,0.0,0.0,-1.5707964,0.0
1970-01-01 00:00:00.438154729,0.438154729,0.0,0.0,0.0,0.0,1592.3391,0.0,0.0,0.0,-1.5707964,0.0
1970-01-01 00:00:00.438154952,0.438154952,0.0,0.0,0.0,1264.1768,0.0,0.0,0.0,0.0,-1.5707964,0.0
1970-01-01 00:00:00.438326217,0.438326217,312.1862,0.0,0.0,0.0,0.0,0.0,0.0,0.0,-1.5707964,0.0
1970-01-01 00:00:00.438456674,0.438456674,0.0,0.0,0.0,0.0,117.61527,0.0,0.0,0.0,-1.5707964,0.0
1970-01-01 00:00:00.438508103,0.438508103,0.0,0.0,0.0,0.0,0.0,232.1941,0.0,0.0,-1.5707964,0.0
1970-01-01 00:00:00.438575311,0.438575311,0.0,0.0,0.0,0.0,0.0,570.4601,0.0,0.0,-1.5707964,0.0
1970-01-01 00:00:00.438766076,0.438766076,0.0,0.0,0.0,110.36279,0.0,0.0,0.0,0.0,-1.5707964,0.0
1970-01-01 00:00:00.438770214,0.438770214,0.0,0.0,0.0,423.5001,0.0,0.0,0.0,0.0,-1.5707964,0.0
1970-01-01 00:00:00.438817554,0.438817554,0.0,0.0,0.0,0.0,867.9869,0.0,0.0,0.0,-1.5707964,0.0
1970-01-01 00:00:00.438855763,0.438855763,0.0,0.0,0.0,0.0,0.0,139.7564,0.0,0.0,-1.5707964,0.0
1970-01-01 00:00:00.439089864,0.439089864,0.0,0.0,0.0,0.0,0.0,107.26798,0.0,0.0,-1.5707964,0.0
1970-01-01 00:00:00.439265509,0.439265509,0.0,0.0,0.0,0.0,0.0,338.36423,0.0,0.0,-1.5707964,0.0
1970-01-01 00:00:00.439274619,0.439274619,0.0,0.0,0.0,0.0,545.8676,0.0,0.0,0.0,-1.5707964,0.0
1970-01-01 00:00:00.439303873,0.439303873,0.0,0.0,0.0,656.0998,0.0,0.0,0.0,0.0,-1.5707964,0.0
1970-01-01 00:00:00.439322047,0.439322047,0.0,0.0,0.0,0.0,0.0,252.486,0.0,0.0,-1.5707964,0.0
1970-01-01 00:00:00.439381807,0.439381807,0.0,0.0,0.0,0.0,0.0,136.99704,0.0,0.0,-1.5707964,0.0
1970-01-01 00:00:00.439419905,0.439419905,0.0,0.0,0.0,0.0,0.0,941.4433,0.0,0.0,-1.5707964,0.0
1970-01-01 00:00:00.439462991,0.439462991,0.0,0.0,0.0,621.0192,0.0,0.0,0.0,0.0,-1.5707964,0.0
1970-01-01 00:00:00.439641906,0.439641906,0.0,0.0,0.0,0.0,0.0,817.3868,0.0,0.0,-1.5707964,0.0
1970-01-01 00:00:00.439704307,0.439704307,0.0,0.0,0.0,0.0,0.0,96.99507,0.0,0.0,-1.5707964,0.0
1970-01-01 00:00:00.439713752,0.439713752,0.0,0.0,0.0,538.9678,0.0,0.0,0.0,0.0,-1.5707964,0.0
1970-01-01 00:00:00.439793803,0.439793803,0.0,142.28436,0.0,0.0,0.0,0.0,0.0,0.0,-1.5707964,0.0
1970-01-01 00:00:00.439802054,0.439802054,0.0,0.0,0.0,433.0394,0.0,0.0,0.0,0.0,-1.5707964,0.0
1970-01-01 00:00:00.439858819,0.439858819,0.0,0.0,193.49774,0.0,0.0,0.0,0.0,0.0,-1.5707964,0.0
1970-01-01 00:00:00.439976992,0.439976992,0.0,0.0,0.0,0.0,0.0,172.04883,0.0,0.0,-1.5707964,0.0
1970-01-01 00:00:00.440056809,0.440056809,0.0,0.0,199.50386,0.0,0.0,0.0,0.0,0.0,-1.5707964,0.0
1970-01-01 00:00:00.440218831,0.440218831,0.0,0.0,0.0,0.0,881.09125,0.0,0.0,0.0,-1.5707964,0.0
1970-01-01 00:00:00.440336523,0.440336523,0.0,0.0,0.0,90.93637,0.0,0.0,0.0,0.0,-1.5707964,0.0
1970-01-01 00:00:00.440411692,0.440411692,0.0,0.0,0.0,90.19126,0.0,0.0,0.0,0.0,-1.5707964,0.0
1970-01-01 00:00:00.440439147,0.440439147,0.0,236.00659,0.0,0.0,0.0,0.0,0.0,0.0,-1.5707964,0.0
1970-01-01 00:00:00.440481344,0.440481344,0.0,0.0,620.8403,0.0,0.0,0.0,0.0,0.0,-1.5707964,0.0
1970-01-01 00:00:00.440518010,0.44051801,0.0,0.0,0.0,0.0,0.0,244.36807,0.0,0.0,-1.5707964,0.0
1970-01-01 00:00:00.440560177,0.440560177,0.0,0.0,177.7152,0.0,0.0,0.0,0.0,0.0,-1.5707964,0.0
1970-01-01 00:00:00.440703014,0.440703014,0.0,0.0,0.0,130.3429,0.0,0.0,0.0,0.0,-1.5707964,0.0
1970-01-01 00:00:00.440797989,0.440797989,0.0,0.0,1698.3011,0.0,0.0,0.0,0.0,0.0,-1.5707964,0.0
1970-01-01 00:00:00.440848688,0.440848688,0.0,0.0,0.0,0.0,672.2604,0.0,0.0,0.0,-1.5707964,0.0
1970-01-01 00:00:00.440899848,0.440899848,0.0,0.0,0.0,0.0,0.0,820.90765,0.0,0.0,-1.5707964,0.0
1970-01-01 00:00:00.440911648,0.440911648,0.0,0.0,0.0,0.0,0.0,1118.3877,0.0,0.0,-1.5707964,0.0
1970-01-01 00:00:00.440987411,0.440987411,0.0,0.0,0.0,0.0,0.0,101.063385,0.0,0.0,-1.5707964,0.0
1970-01-01 00:00:00.440990212,0.440990212,0.0,0.0,0.0,0.0,0.0,2654.659,0.0,0.0,-1.5707964,0.0
1970-01-01 00:00:00.441028517,0.441028517,0.0,0.0,0.0,0.0,0.0,164.18619,0.0,0.0,-1.5707964,0.0
1970-01-01 00:00:00.441186393,0.441186393,0.0,0.0,0.0,293.0242,0.0,0.0,0.0,0.0,-1.5707964,0.0
1970-01-01 00:00:00.441238748,0.441238748,0.0,0.0,0.0,846.5831,0.0,0.0,0.0,0.0,-1.5707964,0.0
1970-01-01 00:00:00.441267927,0.441267927,0.0,0.0,414.51117,0.0,0.0,0.0,0.0,0.0,-1.5707964,0.0
1970-01-01 00:00:00.441424636,0.441424636,135.18948,0.0,0.0,0.0,0.0,0.0,0.0,0.0,-1.5707964,0.0
1970-01-01 00:00:00.441424636,0.441424636,0.0,0.0,0.0,0.0,0.0,170.15207,0.0,0.0,-1.5707964,0.0
1970-01-01 00:00:00.441478861,0.441478861,0.0,0.0,0.0,0.0,0.0,376.4691,0.0,0.0,-1.5707964,0.0
1970-01-01 00:00:00.441528115,0.441528115,0.0,0.0,0.0,552.00995,0.0,0.0,0.0,0.0,-1.5707964,0.0
1970-01-01 00:00:00.441642475,0.441642475,0.0,0.0,0.0,364.56393,0.0,0.0,0.0,0.0,-1.5707964,0.0
1970-01-01 00:00:00.441642475,0.441642475,0.0,0.0,0.0,0.0,0.0,423.34775,0.0,0.0,-1.5707964,0.0
1970-01-01 00:00:00.441944625,0.441944625,0.0,0.0,0.0,0.0,280.62177,0.0,0.0,0.0,-1.5707964,0.0
1970-01-01 00:00:00.442102995,0.442102995,0.0,0.0,0.0,167.85176,0.0,0.0,0.0,0.0,-1.5707964,0.0
1970-01-01 00:00:00.442184336,0.442184336,0.0,0.0,0.0,0.0,456.03476,0.0,0.0,0.0,-1.5707964,0.0
1970-01-01 00:00:00.442212426,0.442212426,0.0,0.0,973.84424,0.0,0.0,0.0,0.0,0.0,-1.5707964,0.0
1970-01-01 00:00:00.442212426,0.442212426,0.0,0.0,0.0,0.0,0.0,1190.9873,0.0,0.0,-1.5707964,0.0
1970-01-01 00:00:00.442217141,0.442217141,0.0,0.0,0.0,0.0,0.0,234.14505,0.0,0.0,-1.5707964,0.0
1970-01-01 00:00:00.442233006,0.442233006,94.74493,0.0,0.0,0.0,0.0,0.0,0.0,0.0,-1.5707964,0.0
1970-01-01 00:00:00.442346874,0.442346874,0.0,0.0,0.0,113.738075,0.0,0.0,0.0,0.0,-1.5707964,0.0
1970-01-01 00:00:00.442397309,0.442397309,0.0,114.485596,0.0,0.0,0.0,0.0,0.0,0.0,-1.5707964,0.0
1970-01-01 00:00:00.442466542,0.442466542,0.0,0.0,0.0,0.0,385.62485,0.0,0.0,0.0,-1.5707964,0.0
1970-01-01 00:00:00.442662648,0.442662648,0.0,0.0,0.0,0.0,0.0,124.505585,0.0,0.0,-1.5707964,0.0
1970-01-01 00:00:00.442774125,0.442774125,0.0,0.0,0.0,0.0,0.0,295.29492,0.0,0.0,-1.5707964,0.0
1970-01-01 00:00:00.442896582,0.442896582,0.0,0.0,431.10355,0.0,0.0,0.0,0.0,0.0,-1.5707964,0.0
1970-01-01 00:00:00.442950743,0.442950743,0.0,0.0,0.0,0.0,525.92065,0.0,0.0,0.0,-1.5707964,0.0
1970-01-01 00:00:00.443107277,0.443107277,0.0,0.0,0.0,323.52353,0.0,0.0,0.0,0.0,-1.5707964,0.0
1970-01-01 00:00:00.443176335,0.443176335,0.0,0.0,0.0,0.0,0.0,249.09615,0.0,0.0,-1.5707964,0.0
1970-01-01 00:00:00.443318296,0.443318296,0.0,0.0,0.0,556.0006,0.0,0.0,0.0,0.0,-1.5707964,0.0
1970-01-01 00:00:00.443339172,0.443339172,0.0,0.0,0.0,0.0,0.0,476.06345,0.0,0.0,-1.5707964,0.0
1970-01-01 00:00:00.443534273,0.443534273,0.0,0.0,0.0,0.0,527.4658,0.0,0.0,0.0,-1.5707964,0.0
1970-01-01 00:00:00.443538729,0.443538729,0.0,0.0,922.2378,0.0,0.0,0.0,0.0,0.0,-1.5707964,0.0
1970-01-01 00:00:00.443555965,0.443555965,0.0,0.0,0.0,0.0,0.0,854.7163,0.0,0.0,-1.5707964,0.0
1970-01-01 00:00:00.443558206,0.443558206,0.0,0.0,0.0,218.66502,0.0,0.0,0.0,0.0,-1.5707964,0.0
1970-01-01 00:00:00.443887682,0.443887682,0.0,0.0,0.0,147.74155,0.0,0.0,0.0,0.0,-1.5707964,0.0
1970-01-01 00:00:00.443958361,0.443958361,0.0,0.0,0.0,146.45938,0.0,0.0,0.0,0.0,-1.5707964,0.0
1970-01-01 00:00:00.444203877,0.444203877,0.0,0.0,0.0,0.0,302.71442,0.0,0.0,0.0,-1.5707964,0.0
1970-01-01 00:00:00.444307452,0.444307452,0.0,0.0,0.0,0.0,0.0,116.27095,0.0,0.0,-1.5707964,0.0
1970-01-01 00:00:00.444309942,0.444309942,0.0,0.0,0.0,0.0,0.0,727.6822,0.0,0.0,-1.5707964,0.0
1970-01-01 00:00:00.444398008,0.444398008,0.0,0.0,0.0,649.8326,0.0,0.0,0.0,0.0,-1.5707964,0.0
1970-01-01 00:00:00.444443917,0.444443917,0.0,0.0,0.0,92.7507,0.0,0.0,0.0,0.0,-1.5707964,0.0
1970-01-01 00:00:00.444452058,0.444452058,0.0,0.0,0.0,134.70087,0.0,0.0,0.0,0.0,-1.5707964,0.0
1970-01-01 00:00:00.444481019,0.444481019,0.0,0.0,0.0,0.0,265.20657,0.0,0.0,0.0,-1.5707964,0.0
1970-01-01 00:00:00.444667030,0.44466703,0.0,0.0,0.0,248.31297,0.0,0.0,0.0,0.0,-1.5707964,0.0
1970-01-01 00:00:00.444785744,0.444785744,0.0,0.0,0.0,118.44085,0.0,0.0,0.0,0.0,-1.5707964,0.0
1970-01-01 00:00:00.444866702,0.444866702,0.0,0.0,669.55585,0.0,0.0,0.0,0.0,0.0,-1.5707964,0.0
1970-01-01 00:00:00.444866702,0.444866702,0.0,0.0,1538.6135,0.0,0.0,0.0,0.0,0.0,-1.5707964,0.0
1970-01-01 00:00:00.444902163,0.444902163,0.0,0.0,0.0,160.40024,0.0,0.0,0.0,0.0,-1.5707964,0.0
1970-01-01 00:00:00.444953260,0.44495326,0.0,0.0,0.0,0.0,4471.307,0.0,0.0,0.0,-1.5707964,0.0
1970-01-01 00:00:00.445142921,0.445142921,759.66907,0.0,0.0,0.0,0.0,0.0,0.0,0.0,-1.5707964,0.0
1970-01-01 00:00:00.445142921,0.445142921,1049.819,0.0,0.0,0.0,0.0,0.0,0.0,0.0,-1.5707964,0.0
1970-01-01 00:00:00.445142921,0.445142921,0.0,0.0,689.9971,0.0,0.0,0.0,0.0,0.0,-1.5707964,0.0
1970-01-01 00:00:00.445349374,0.445349374,0.0,0.0,0.0,487.42108,0.0,0.0,0.0,0.0,-1.5707964,0.0
1970-01-01 00:00:00.445554579,0.445554579,0.0,0.0,0.0,204.27922,0.0,0.0,0.0,0.0,-1.5707964,0.0
1970-01-01 00:00:00.445714167,0.445714167,0.0,0.0,0.0,0.0,0.0,225.81894,0.0,0.0,-1.5707964,0.0
1970-01-01 00:00:00.445795119,0.445795119,0.0,0.0,0.0,0.0,0.0,357.34247,0.0,0.0,-1.5707964,0.0
1970-01-01 00:00:00.445971884,0.445971884,0.0,0.0,0.0,369.67377,0.0,0.0,0.0,0.0,-1.5707964,0.0
1970-01-01 00:00:00.446548325,0.446548325,0.0,0.0,0.0,0.0,427.62833,0.0,0.0,0.0,-1.5707964,0.0
1970-01-01 00:00:00.446576361,0.446576361,0.0,0.0,0.0,404.83597,0.0,0.0,0.0,0.0,-1.5707964,0.0
1970-01-01 00:00:00.446578785,0.446578785,0.0,0.0,0.0,0.0,0.0,102.67529,0.0,0.0,-1.5707964,0.0
1970-01-01 00:00:00.446788544,0.446788544,0.0,0.0,401.1172,0.0,0.0,0.0,0.0,0.0,-1.5707964,0.0
1970-01-01 00:00:00.446843180,0.44684318,0.0,0.0,730.21313,0.0,0.0,0.0,0.0,0.0,-1.5707964,0.0
1970-01-01 00:00:00.446843180,0.44684318,0.0,0.0,0.0,0.0,0.0,1740.7028,0.0,0.0,-1.5707964,0.0
1970-01-01 00:00:00.446847680,0.44684768,0.0,374.2165,0.0,0.0,0.0,0.0,0.0,0.0,-1.5707964,0.0
1970-01-01 00:00:00.446873005,0.446873005,295.70044,0.0,0.0,0.0,0.0,0.0,0.0,0.0,-1.5707964,0.0
1970-01-01 00:00:00.447104772,0.447104772,0.0,116.76079,0.0,0.0,0.0,0.0,0.0,0.0,-1.5707964,0.0
1970-01-01 00:00:00.447210677,0.447210677,0.0,0.0,496.9837,0.0,0.0,0.0,0.0,0.0,-1.5707964,0.0
1970-01-01 00:00:00.447291290,0.44729129,0.0,0.0,0.0,0.0,0.0,105.33501,0.0,0.0,-1.5707964,0.0
1970-01-01 00:00:00.448213011,0.448213011,119.19955,0.0,0.0,0.0,0.0,0.0,0.0,0.0,-1.5707964,0.0
1970-01-01 00:00:00.448284184,0.448284184,0.0,0.0,0.0,0.0,0.0,84.15478,0.0,0.0,-1.5707964,0.0
1970-01-01 00:00:00.448577969,0.448577969,188.19194,0.0,0.0,0.0,0.0,0.0,0.0,0.0,-1.5707964,0.0
1970-01-01 00:00:00.449293604,0.449293604,0.0,0.0,0.0,0.0,344.62787,0.0,0.0,0.0,-1.5707964,0.0
1970-01-01 00:00:00.450631156,0.450631156,0.0,247.51271,0.0,0.0,0.0,0.0,0.0,0.0,-1.5707964,0.0
1970-01-01 00:00:00.450706614,0.450706614,0.0,0.0,0.0,0.0,0.0,209.32452,0.0,0.0,-1.5707964,0.0
1970-01-01 00:00:00.450818820,0.45081882,0.0,773.9707,0.0,0.0,0.0,0.0,0.0,0.0,-1.5707964,0.0
1970-01-01 00:00:00.450892674,0.450892674,0.0,0.0,0.0,0.0,0.0,82.2134,0.0,0.0,-1.5707964,0.0
1970-01-01 00:00:00.450929689,0.450929689,0.0,0.0,0.0,319.78693,0.0,0.0,0.0,0.0,-1.5707964,0.0
1970-01-01 00:00:00.451080054,0.451080054,0.0,0.0,0.0,0.0,0.0,693.7687,0.0,0.0,-1.5707964,0.0
1970-01-01 00:00:00.451284916,0.451284916,0.0,0.0,0.0,506.9062,0.0,0.0,0.0,0.0,-1.5707964,0.0
1970-01-01 00:00:00.451671018,0.451671018,0.0,0.0,0.0,158.4159,0.0,0.0,0.0,0.0,-1.5707964,0.0
1970-01-01 00:00:00.452265007,0.452265007,0.0,0.0,0.0,0.0,360.75143,0.0,0.0,0.0,-1.5707964,0.0
1970-01-01 00:00:00.452307714,0.452307714,0.0,0.0,0.0,0.0,0.0,190.31316,0.0,0.0,-1.5707964,0.0
1970-01-01 00:00:00.452601591,0.452601591,0.0,0.0,0.0,0.0,223.63501,0.0,0.0,0.0,-1.5707964,0.0
1970-01-01 00:00:00.452627941,0.452627941,0.0,0.0,321.76205,0.0,0.0,0.0,0.0,0.0,-1.5707964,0.0
1970-01-01 00:00:00.452762206,0.452762206,0.0,0.0,0.0,0.0,0.0,567.8298,0.0,0.0,-1.5707964,0.0
1970-01-01 00:00:00.452791802,0.452791802,0.0,0.0,0.0,198.29707,0.0,0.0,0.0,0.0,-1.5707964,0.0
1970-01-01 00:00:00.452942802,0.452942802,0.0,100.755295,0.0,0.0,0.0,0.0,0.0,0.0,-1.5707964,0.0
1970-01-01 00:00:00.452943738,0.452943738,0.0,0.0,0.0,0.0,388.37888,0.0,0.0,0.0,-1.5707964,0.0
1970-01-01 00:00:00.452976186,0.452976186,651.1004,0.0,0.0,0.0,0.0,0.0,0.0,0.0,-1.5707964,0.0
1970-01-01 00:00:00.453065073,0.453065073,0.0,0.0,0.0,0.0,0.0,491.01935,0.0,0.0,-1.5707964,0.0
1970-01-01 00:00:00.453145333,0.453145333,356.68372,0.0,0.0,0.0,0.0,0.0,0.0,0.0,-1.5707964,0.0
1970-01-01 00:00:00.453389546,0.453389546,0.0,0.0,0.0,0.0,0.0,154.9496,0.0,0.0,-1.5707964,0.0
1970-01-01 00:00:00.453526455,0.453526455,0.0,0.0,0.0,0.0,0.0,157.5529,0.0,0.0,-1.5707964,0.0
1970-01-01 00:00:00.453557918,0.453557918,0.0,0.0,127.05566,0.0,0.0,0.0,0.0,0.0,-1.5707964,0.0
1970-01-01 00:00:00.453787729,0.453787729,323.28314,0.0,0.0,0.0,0.0,0.0,0.0,0.0,-1.5707964,0.0
1970-01-01 00:00:00.453891323,0.453891323,0.0,0.0,0.0,0.0,0.0,298.42328,0.0,0.0,-1.5707964,0.0
1970-01-01 00:00:00.453952382,0.453952382,0.0,0.0,870.2681,0.0,0.0,0.0,0.0,0.0,-1.5707964,0.0
1970-01-01 00:00:00.454038224,0.454038224,0.0,0.0,0.0,0.0,0.0,141.55183,0.0,0.0,-1.5707964,0.0
1970-01-01 00:00:00.454166625,0.454166625,0.0,0.0,0.0,0.0,0.0,256.59915,0.0,0.0,-1.5707964,0.0
1970-01-01 00:00:00.454245221,0.454245221,0.0,364.89774,0.0,0.0,0.0,0.0,0.0,0.0,-1.5707964,0.0
1970-01-01 00:00:00.454261652,0.454261652,0.0,0.0,0.0,277.47144,0.0,0.0,0.0,0.0,-1.5707964,0.0
1970-01-01 00:00:00.454359541,0.454359541,0.0,0.0,723.3349,0.0,0.0,0.0,0.0,0.0,-1.5707964,0.0
1970-01-01 00:00:00.454627408,0.454627408,0.0,0.0,0.0,0.0,0.0,137.9404,0.0,0.0,-1.5707964,0.0
1970-01-01 00:00:00.454813309,0.454813309,0.0,0.0,0.0,0.0,0.0,1710.1547,0.0,0.0,-1.5707964,0.0
1970-01-01 00:00:00.454905225,0.454905225,0.0,0.0,553.6331,0.0,0.0,0.0,0.0,0.0,-1.5707964,0.0
1970-01-01 00:00:00.455059403,0.455059403,0.0,0.0,0.0,0.0,383.31754,0.0,0.0,0.0,-1.5707964,0.0
1970-01-01 00:00:00.455260494,0.455260494,149.62541,0.0,0.0,0.0,0.0,0.0,0.0,0.0,-1.5707964,0.0
1970-01-01 00:00:00.455265744,0.455265744,0.0,0.0,0.0,691.6043,0.0,0.0,0.0,0.0,-1.5707964,0.0
1970-01-01 00:00:00.455319100,0.4553191,0.0,0.0,0.0,149.24467,0.0,0.0,0.0,0.0,-1.5707964,0.0
1970-01-01 00:00:00.455449163,0.455449163,0.0,0.0,0.0,0.0,930.1809,0.0,0.0,0.0,-1.5707964,0.0
1970-01-01 00:00:00.455486340,0.45548634,0.0,0.0,0.0,0.0,0.0,296.20297,0.0,0.0,-1.5707964,0.0
1970-01-01 00:00:00.456112383,0.456112383,0.0,0.0,0.0,0.0,400.79834,0.0,0.0,0.0,-1.5707964,0.0
1970-01-01 00:00:00.456112383,0.456112383,0.0,0.0,0.0,0.0,0.0,198.71835,0.0,0.0,-1.5707964,0.0
1970-01-01 00:00:00.456338121,0.456338121,0.0,0.0,0.0,0.0,0.0,232.95238,0.0,0.0,-1.5707964,0.0
1970-01-01 00:00:00.456790219,0.456790219,0.0,0.0,0.0,128.05875,0.0,0.0,0.0,0.0,-1.5707964,0.0
1970-01-01 00:00:00.456822555,0.456822555,148.85164,0.0,0.0,0.0,0.0,0.0,0.0,0.0,-1.5707964,0.0
1970-01-01 00:00:00.457591311,0.457591311,0.0,0.0,0.0,290.67816,0.0,0.0,0.0,0.0,-1.5707964,0.0
1970-01-01 00:00:00.457829072,0.457829072,0.0,0.0,0.0,305.25772,0.0,0.0,0.0,0.0,-1.5707964,0.0
1970-01-01 00:00:00.457966982,0.457966982,0.0,0.0,0.0,0.0,0.0,560.3244,0.0,0.0,-1.5707964,0.0
1970-01-01 00:00:00.458063689,0.458063689,0.0,0.0,0.0,679.5714,0.0,0.0,0.0,0.0,-1.5707964,0.0
1970-01-01 00:00:00.458408251,0.458408251,0.0,0.0,0.0,0.0,0.0,232.27913,0.0,0.0,-1.5707964,0.0
1970-01-01 00:00:00.458774757,0.458774757,0.0,297.23383,0.0,0.0,0.0,0.0,0.0,0.0,-1.5707964,0.0
1970-01-01 00:00:00.458856842,0.458856842,0.0,0.0,0.0,0.0,0.0,127.09055,0.0,0.0,-1.5707964,0.0
1970-01-01 00:00:00.459299864,0.459299864,161.73824,0.0,0.0,0.0,0.0,0.0,0.0,0.0,-1.5707964,0.0
1970-01-01 00:00:00.459460089,0.459460089,0.0,259.7141,0.0,0.0,0.0,0.0,0.0,0.0,-1.5707964,0.0
1970-01-01 00:00:00.459583929,0.459583929,0.0,0.0,0.0,0.0,0.0,238.28616,0.0,0.0,-1.5707964,0.0
1970-01-01 00:00:00.459703418,0.459703418,0.0,0.0,251.05223,0.0,0.0,0.0,0.0,0.0,-1.5707964,0.0
1970-01-01 00:00:00.460009953,0.460009953,0.0,0.0,0.0,286.7882,0.0,0.0,0.0,0.0,-1.5707964,0.0
1970-01-01 00:00:00.460497011,0.460497011,0.0,0.0,347.3828,0.0,0.0,0.0,0.0,0.0,-1.5707964,0.0
1970-01-01 00:00:00.460538975,0.460538975,0.0,0.0,0.0,123.268936,0.0,0.0,0.0,0.0,-1.5707964,0.0
1970-01-01 00:00:00.460603180,0.46060318,0.0,0.0,0.0,0.0,0.0,760.4425,0.0,0.0,-1.5707964,0.0
1970-01-01 00:00:00.460802735,0.460802735,0.0,0.0,0.0,0.0,0.0,180.41626,0.0,0.0,-1.5707964,0.0
1970-01-01 00:00:00.460955937,0.460955937,0.0,0.0,0.0,0.0,0.0,846.2002,0.0,0.0,-1.5707964,0.0
1970-01-01 00:00:00.461206192,0.461206192,0.0,325.57333,0.0,0.0,0.0,0.0,0.0,0.0,-1.5707964,0.0
1970-01-01 00:00:00.461617961,0.461617961,123.957405,0.0,0.0,0.0,0.0,0.0,0.0,0.0,-1.5707964,0.0
1970-01-01 00:00:00.462224676,0.462224676,0.0,0.0,0.0,0.0,0.0,408.63092,0.0,0.0,-1.5707964,0.0
1970-01-01 00:00:00.462287057,0.462287057,0.0,0.0,348.0873,0.0,0.0,0.0,0.0,0.0,-1.5707964,0.0
1970-01-01 00:00:00.462294344,0.462294344,0.0,0.0,0.0,0.0,0.0,2066.6436,0.0,0.0,-1.5707964,0.0
1970-01-01 00:00:00.462570652,0.462570652,0.0,0.0,0.0,0.0,0.0,84.078674,0.0,0.0,-1.5707964,0.0
1970-01-01 00:00:00.462912295,0.462912295,0.0,0.0,0.0,0.0,366.819,0.0,0.0,0.0,-1.5707964,0.0
1970-01-01 00:00:00.462912295,0.462912295,0.0,0.0,0.0,0.0,87.02522,0.0,0.0,0.0,-1.5707964,0.0
1970-01-01 00:00:00.463011886,0.463011886,0.0,0.0,1800.518,0.0,0.0,0.0,0.0,0.0,-1.5707964,0.0
1970-01-01 00:00:00.463256789,0.463256789,0.0,0.0,0.0,0.0,892.3672,0.0,0.0,0.0,-1.5707964,0.0
1970-01-01 00:00:00.463458626,0.463458626,0.0,0.0,0.0,0.0,0.0,288.10126,0.0,0.0,-1.5707964,0.0
1970-01-01 00:00:00.463993502,0.463993502,0.0,0.0,0.0,0.0,0.0,145.03593,0.0,0.0,-1.5707964,0.0
1970-01-01 00:00:00.464589063,0.464589063,0.0,0.0,0.0,602.8993,0.0,0.0,0.0,0.0,-1.5707964,0.0
1970-01-01 00:00:00.465283939,0.465283939,0.0,0.0,0.0,0.0,0.0,2150.9902,0.0,0.0,-1.5707964,0.0
1970-01-01 00:00:00.465704078,0.465704078,0.0,0.0,0.0,152.83073,0.0,0.0,0.0,0.0,-1.5707964,0.0
1970-01-01 00:00:00.466140581,0.466140581,0.0,0.0,0.0,442.34863,0.0,0.0,0.0,0.0,-1.5707964,0.0
1970-01-01 00:00:00.466803515,0.466803515,0.0,0.0,0.0,0.0,0.0,180.00713,0.0,0.0,-1.5707964,0.0
1970-01-01 00:00:00.466898051,0.466898051,0.0,0.0,0.0,0.0,0.0,232.10966,0.0,0.0,-1.5707964,0.0
1970-01-01 00:00:00.467667649,0.467667649,0.0,0.0,0.0,0.0,262.26117,0.0,0.0,0.0,-1.5707964,0.0
1970-01-01 00:00:00.468109655,0.468109655,0.0,0.0,0.0,0.0,0.0,440.66226,0.0,0.0,-1.5707964,0.0
1970-01-01 00:00:00.468223450,0.46822345,0.0,0.0,453.5988,0.0,0.0,0.0,0.0,0.0,-1.5707964,0.0
1970-01-01 00:00:00.468321294,0.468321294,0.0,0.0,0.0,0.0,0.0,1252.1558,0.0,0.0,-1.5707964,0.0
1970-01-01 00:00:00.468746328,0.468746328,0.0,0.0,0.0,0.0,1253.7838,0.0,0.0,0.0,-1.5707964,0.0
1970-01-01 00:00:00.468949328,0.468949328,0.0,0.0,0.0,0.0,0.0,168.9657,0.0,0.0,-1.5707964,0.0
1970-01-01 00:00:00.468979886,0.468979886,169.57828,0.0,0.0,0.0,0.0,0.0,0.0,0.0,-1.5707964,0.0
1970-01-01 00:00:00.469126792,0.469126792,0.0,0.0,0.0,367.37112,0.0,0.0,0.0,0.0,-1.5707964,0.0
1970-01-01 00:00:00.469523462,0.469523462,0.0,0.0,0.0,202.95406,0.0,0.0,0.0,0.0,-1.5707964,0.0
1970-01-01 00:00:00.469625012,0.469625012,0.0,0.0,665.3387,0.0,0.0,0.0,0.0,0.0,-1.5707964,0.0
1970-01-01 00:00:00.469722406,0.469722406,0.0,0.0,88.38068,0.0,0.0,0.0,0.0,0.0,-1.5707964,0.0
1970-01-01 00:00:00.470229447,0.470229447,0.0,0.0,199.03012,0.0,0.0,0.0,0.0,0.0,-1.5707964,0.0
1970-01-01 00:00:00.470536061,0.470536061,0.0,0.0,0.0,0.0,0.0,378.681,0.0,0.0,-1.5707964,0.0
1970-01-01 00:00:00.471000874,0.471000874,0.0,0.0,0.0,0.0,0.0,539.4471,0.0,0.0,-1.5707964,0.0
1970-01-01 00:00:00.471394144,0.471394144,0.0,0.0,0.0,1930.2178,0.0,0.0,0.0,0.0,-1.5707964,0.0
1970-01-01 00:00:00.471780719,0.471780719,0.0,0.0,0.0,0.0,0.0,91.49345,0.0,0.0,-1.5707964,0.0
1970-01-01 00:00:00.471944473,0.471944473,0.0,0.0,0.0,0.0,565.7666,0.0,0.0,0.0,-1.5707964,0.0
1970-01-01 00:00:00.471955481,0.471955481,0.0,0.0,0.0,0.0,0.0,1858.1906,0.0,0.0,-1.5707964,0.0
1970-01-01 00:00:00.472467031,0.472467031,374.1829,0.0,0.0,0.0,0.0,0.0,0.0,0.0,-1.5707964,0.0
1970-01-01 00:00:00.472541536,0.472541536,0.0,0.0,0.0,0.0,0.0,576.03033,0.0,0.0,-1.5707964,0.0
1970-01-01 00:00:00.473137923,0.473137923,0.0,0.0,0.0,0.0,0.0,541.6293,0.0,0.0,-1.5707964,0.0
1970-01-01 00:00:00.473360314,0.473360314,0.0,0.0,292.9973,0.0,0.0,0.0,0.0,0.0,-1.5707964,0.0
1970-01-01 00:00:00.473431176,0.473431176,0.0,0.0,0.0,1474.744,0.0,0.0,0.0,0.0,-1.5707964,0.0
1970-01-01 00:00:00.473620366,0.473620366,0.0,164.32185,0.0,0.0,0.0,0.0,0.0,0.0,-1.5707964,0.0
1970-01-01 00:00:00.473698054,0.473698054,0.0,0.0,0.0,0.0,0.0,412.82535,0.0,0.0,-1.5707964,0.0
1970-01-01 00:00:00.473846272,0.473846272,0.0,0.0,0.0,0.0,0.0,143.5096,0.0,0.0,-1.5707964,0.0
1970-01-01 00:00:00.474702777,0.474702777,0.0,281.72675,0.0,0.0,0.0,0.0,0.0,0.0,-1.5707964,0.0
1970-01-01 00:00:00.476671941,0.476671941,0.0,0.0,0.0,0.0,0.0,233.16205,0.0,0.0,-1.5707964,0.0
1970-01-01 00:00:00.478690632,0.478690632,0.0,0.0,0.0,1862.2783,0.0,0.0,0.0,0.0,-1.5707964,0.0
1970-01-01 00:00:00.480092132,0.480092132,0.0,0.0,0.0,0.0,0.0,136.57147,0.0,0.0,-1.5707964,0.0
1970-01-01 00:00:00.480541353,0.480541353,0.0,0.0,2495.8767,0.0,0.0,0.0,0.0,0.0,-1.5707964,0.0
1970-01-01 00:00:00.481575203,0.481575203,0.0,0.0,0.0,0.0,167.44298,0.0,0.0,0.0,-1.5707964,0.0
1970-01-01 00:00:00.481770156,0.481770156,0.0,0.0,0.0,960.3556,0.0,0.0,0.0,0.0,-1.5707964,0.0
1970-01-01 00:00:00.481846702,0.481846702,0.0,0.0,0.0,0.0,0.0,506.8183,0.0,0.0,-1.5707964,0.0
1970-01-01 00:00:00.482664801,0.482664801,0.0,0.0,0.0,0.0,0.0,656.48376,0.0,0.0,-1.5707964,0.0
1970-01-01 00:00:00.483797041,0.483797041,0.0,0.0,0.0,547.26825,0.0,0.0,0.0,0.0,-1.5707964,0.0
1970-01-01 00:00:00.485784524,0.485784524,0.0,0.0,0.0,540.91296,0.0,0.0,0.0,0.0,-1.5707964,0.0
1970-01-01 00:00:00.487605944,0.487605944,0.0,0.0,0.0,269.14868,0.0,0.0,0.0,0.0,-1.5707964,0.0
1970-01-01 00:00:00.488170784,0.488170784,0.0,0.0,0.0,0.0,0.0,915.5764,0.0,0.0,-1.5707964,0.0
1970-01-01 00:00:00.488263542,0.488263542,0.0,290.1538,0.0,0.0,0.0,0.0,0.0,0.0,-1.5707964,0.0
1970-01-01 00:00:00.488328476,0.488328476,0.0,0.0,0.0,0.0,173.46873,0.0,0.0,0.0,-1.5707964,0.0
1970-01-01 00:00:00.488829114,0.488829114,0.0,0.0,0.0,0.0,507.16006,0.0,0.0,0.0,-1.5707964,0.0
1970-01-01 00:00:00.488992834,0.488992834,0.0,0.0,0.0,0.0,0.0,222.99893,0.0,0.0,-1.5707964,0.0
1970-01-01 00:00:00.489389832,0.489389832,0.0,0.0,0.0,0.0,0.0,369.71326,0.0,0.0,-1.5707964,0.0
1970-01-01 00:00:00.489491353,0.489491353,0.0,0.0,0.0,0.0,0.0,508.8064,0.0,0.0,-1.5707964,0.0
1970-01-01 00:00:00.489598126,0.489598126,0.0,0.0,0.0,856.7493,0.0,0.0,0.0,0.0,-1.5707964,0.0
1970-01-01 00:00:00.490002299,0.490002299,0.0,0.0,0.0,0.0,0.0,593.2289,0.0,0.0,-1.5707964,0.0
1970-01-01 00:00:00.490356846,0.490356846,0.0,0.0,0.0,0.0,0.0,1346.7887,0.0,0.0,-1.5707964,0.0
1970-01-01 00:00:00.491044192,0.491044192,0.0,0.0,0.0,0.0,0.0,198.2657,0.0,0.0,-1.5707964,0.0
1970-01-01 00:00:00.491159330,0.49115933,0.0,0.0,0.0,0.0,0.0,766.37537,0.0,0.0,-1.5707964,0.0
1970-01-01 00:00:00.491208230,0.49120823,0.0,0.0,0.0,0.0,0.0,128.28354,0.0,0.0,-1.5707964,0.0
1970-01-01 00:00:00.491327658,0.491327658,0.0,0.0,0.0,0.0,0.0,374.0072,0.0,0.0,-1.5707964,0.0
1970-01-01 00:00:00.491494739,0.491494739,0.0,0.0,0.0,0.0,186.58818,0.0,0.0,0.0,-1.5707964,0.0
1970-01-01 00:00:00.491696541,0.491696541,0.0,0.0,0.0,0.0,0.0,334.59836,0.0,0.0,-1.5707964,0.0
1970-01-01 00:00:00.491774148,0.491774148,0.0,0.0,0.0,0.0,0.0,429.33948,0.0,0.0,-1.5707964,0.0
1970-01-01 00:00:00.491799259,0.491799259,0.0,0.0,0.0,159.9741,0.0,0.0,0.0,0.0,-1.5707964,0.0
1970-01-01 00:00:00.492067310,0.49206731,0.0,0.0,0.0,0.0,0.0,208.34412,0.0,0.0,-1.5707964,0.0
1970-01-01 00:00:00.493309311,0.493309311,0.0,0.0,1632.9775,0.0,0.0,0.0,0.0,0.0,-1.5707964,0.0
1970-01-01 00:00:00.493445302,0.493445302,222.47653,0.0,0.0,0.0,0.0,0.0,0.0,0.0,-1.5707964,0.0
1970-01-01 00:00:00.493495364,0.493495364,0.0,0.0,0.0,196.40475,0.0,0.0,0.0,0.0,-1.5707964,0.0
1970-01-01 00:00:00.493608442,0.493608442,0.0,0.0,0.0,254.82999,0.0,0.0,0.0,0.0,-1.5707964,0.0
1970-01-01 00:00:00.494204547,0.494204547,0.0,0.0,0.0,1456.3718,0.0,0.0,0.0,0.0,-1.5707964,0.0
1970-01-01 00:00:00.494508794,0.494508794,0.0,0.0,0.0,0.0,0.0,313.57086,0.0,0.0,-1.5707964,0.0
1970-01-01 00:00:00.494999582,0.494999582,0.0,0.0,0.0,178.87515,0.0,0.0,0.0,0.0,-1.5707964,0.0
1970-01-01 00:00:00.496498915,0.496498915,0.0,0.0,0.0,87.552025,0.0,0.0,0.0,0.0,-1.5707964,0.0
1970-01-01 00:00:00.496688680,0.49668868,0.0,0.0,0.0,0.0,0.0,243.55263,0.0,0.0,-1.5707964,0.0
1970-01-01 00:00:00.497501552,0.497501552,0.0,0.0,117.60408,0.0,0.0,0.0,0.0,0.0,-1.5707964,0.0
1970-01-01 00:00:00.498181800,0.4981818,0.0,0.0,0.0,0.0,0.0,626.3453,0.0,0.0,-1.5707964,0.0
1970-01-01 00:00:00.498281009,0.498281009,0.0,0.0,1204.1914,0.0,0.0,0.0,0.0,0.0,-1.5707964,0.0
1970-01-01 00:00:00.498281009,0.498281009,0.0,0.0,0.0,0.0,0.0,2850.4983,0.0,0.0,-1.5707964,0.0
1970-01-01 00:00:00.498764248,0.498764248,0.0,0.0,0.0,0.0,0.0,282.70502,0.0,0.0,-1.5707964,0.0
1970-01-01 00:00:00.498794325,0.498794325,0.0,0.0,0.0,0.0,0.0,1633.4136,0.0,0.0,-1.5707964,0.0
1970-01-01 00:00:00.498896259,0.498896259,0.0,0.0,0.0,0.0,0.0,261.71613,0.0,0.0,-1.5707964,0.0
1970-01-01 00:00:00.499241482,0.499241482,0.0,0.0,0.0,104.259056,0.0,0.0,0.0,0.0,-1.5707964,0.0
1970-01-01 00:00:00.499261784,0.499261784,0.0,0.0,0.0,0.0,332.12158,0.0,0.0,0.0,-1.5707964,0.0
1970-01-01 00:00:00.499464113,0.499464113,0.0,0.0,0.0,1852.0935,0.0,0.0,0.0,0.0,-1.5707964,0.0
1970-01-01 00:00:00.499607606,0.499607606,0.0,0.0,0.0,0.0,904.0194,0.0,0.0,0.0,-1.5707964,0.0
1970-01-01 00:00:00.500363348,0.500363348,0.0,0.0,128.00801,0.0,0.0,0.0,0.0,0.0,-1.5707964,0.0
1970-01-01 00:00:00.500733051,0.500733051,0.0,0.0,0.0,140.7197,0.0,0.0,0.0,0.0,-1.5707964,0.0
1970-01-01 00:00:00.500776828,0.500776828,595.32935,0.0,0.0,0.0,0.0,0.0,0.0,0.0,-1.5707964,0.0
1970-01-01 00:00:00.501348248,0.501348248,0.0,0.0,0.0,114.32611,0.0,0.0,0.0,0.0,-1.5707964,0.0
1970-01-01 00:00:00.501626366,0.501626366,0.0,0.0,441.81946,0.0,0.0,0.0,0.0,0.0,-1.5707964,0.0
1970-01-01 00:00:00.502242620,0.502242621,0.0,0.0,0.0,0.0,0.0,840.1033,0.0,0.0,-1.5707964,0.0
1970-01-01 00:00:00.502336087,0.502336088,0.0,273.07434,0.0,0.0,0.0,0.0,0.0,0.0,-1.5707964,0.0
1970-01-01 00:00:00.502786983,0.502786983,0.0,0.0,0.0,0.0,193.05928,0.0,0.0,0.0,-1.5707964,0.0
1970-01-01 00:00:00.502819670,0.50281967,235.67767,0.0,0.0,0.0,0.0,0.0,0.0,0.0,-1.5707964,0.0
1970-01-01 00:00:00.502975890,0.50297589,0.0,0.0,0.0,0.0,128.26007,0.0,0.0,0.0,-1.5707964,0.0
1970-01-01 00:00:00.503146589,0.50314659,0.0,0.0,0.0,801.61066,0.0,0.0,0.0,0.0,-1.5707964,0.0
1970-01-01 00:00:00.503905826,0.503905826,0.0,1423.915,0.0,0.0,0.0,0.0,0.0,0.0,-1.5707964,0.0
1970-01-01 00:00:00.504058369,0.504058369,0.0,0.0,0.0,0.0,0.0,161.5859,0.0,0.0,-1.5707964,0.0
1970-01-01 00:00:00.504250808,0.504250809,192.10135,0.0,0.0,0.0,0.0,0.0,0.0,0.0,-1.5707964,0.0
1970-01-01 00:00:00.504266972,0.504266972,0.0,0.0,0.0,0.0,962.66205,0.0,0.0,0.0,-1.5707964,0.0
1970-01-01 00:00:00.504350443,0.504350444,0.0,0.0,0.0,0.0,0.0,130.07593,0.0,0.0,-1.5707964,0.0
1970-01-01 00:00:00.504806642,0.504806642,0.0,0.0,0.0,681.9076,0.0,0.0,0.0,0.0,-1.5707964,0.0
1970-01-01 00:00:00.505209718,0.505209718,0.0,0.0,1300.882,0.0,0.0,0.0,0.0,0.0,-1.5707964,0.0
1970-01-01 00:00:00.505233408,0.505233408,0.0,0.0,0.0,185.79868,0.0,0.0,0.0,0.0,-1.5707964,0.0
1970-01-01 00:00:00.506139220,0.50613922,105.73383,0.0,0.0,0.0,0.0,0.0,0.0,0.0,-1.5707964,0.0
1970-01-01 00:00:00.506533947,0.506533948,0.0,0.0,381.9553,0.0,0.0,0.0,0.0,0.0,-1.5707964,0.0
1970-01-01 00:00:00.506533947,0.506533948,0.0,0.0,0.0,0.0,0.0,555.6029,0.0,0.0,-1.5707964,0.0
1970-01-01 00:00:00.506578683,0.506578684,0.0,0.0,0.0,0.0,0.0,603.98157,0.0,0.0,-1.5707964,0.0
1970-01-01 00:00:00.506880375,0.506880375,258.16452,0.0,0.0,0.0,0.0,0.0,0.0,0.0,-1.5707964,0.0
1970-01-01 00:00:00.507955436,0.507955436,0.0,0.0,0.0,0.0,1210.1064,0.0,0.0,0.0,-1.5707964,0.0
1970-01-01 00:00:00.508578517,0.508578517,0.0,0.0,0.0,0.0,0.0,119.87548,0.0,0.0,-1.5707964,0.0
1970-01-01 00:00:00.508765793,0.508765793,0.0,0.0,0.0,599.3617,0.0,0.0,0.0,0.0,-1.5707964,0.0
