datetime,timestamp[s],bgo_z1[keV],bgo_z0[keV],bgo_x1[keV],bgo_x0[keV],bgo_y1[keV],bgo_y0[keV],latX,lonX,latZ,lonZ
1970-01-01 00:00:00.001564512,0.001564512,0.0,0.0,287.27396,0.0,0.0,0.0,0.0,0.0,-1.5707964,0.0
1970-01-01 00:00:00.005410709,0.005410709,0.0,825.5053,0.0,0.0,0.0,0.0,0.0,0.0,-1.5707964,0.0
1970-01-01 00:00:00.008643837,0.008643837,0.0,236.81895,0.0,0.0,0.0,0.0,0.0,0.0,-1.5707964,0.0
1970-01-01 00:00:00.008643837,0.008643837,440.11786,0.0,0.0,0.0,0.0,0.0,0.0,0.0,-1.5707964,0.0
1970-01-01 00:00:00.008643837,0.008643837,0.0,0.0,0.0,0.0,6542.026,0.0,0.0,0.0,-1.5707964,0.0
1970-01-01 00:00:00.008819338,0.008819338,0.0,0.0,0.0,0.0,563.5032,0.0,0.0,0.0,-1.5707964,0.0
1970-01-01 00:00:00.008933934,0.008933934,0.0,0.0,0.0,532.81287,0.0,0.0,0.0,0.0,-1.5707964,0.0
1970-01-01 00:00:00.011864829,0.011864829,0.0,0.0,0.0,0.0,0.0,130.90479,0.0,0.0,-1.5707964,0.0
1970-01-01 00:00:00.012306036,0.012306036,0.0,0.0,2430.9272,0.0,0.0,0.0,0.0,0.0,-1.5707964,0.0
1970-01-01 00:00:00.012946710,0.01294671,0.0,0.0,158.55783,0.0,0.0,0.0,0.0,0.0,-1.5707964,0.0
1970-01-01 00:00:00.023195055,0.023195055,0.0,0.0,2951.867,0.0,0.0,0.0,0.0,0.0,-1.5707964,0.0
1970-01-01 00:00:00.029017001,0.029017001,0.0,0.0,0.0,0.0,0.0,112.63874,0.0,0.0,-1.5707964,0.0
1970-01-01 00:00:00.030100668,0.030100668,0.0,0.0,0.0,0.0,0.0,281.11407,0.0,0.0,-1.5707964,0.0
1970-01-01 00:00:00.031357669,0.03135767,0.0,0.0,215.82729,0.0,0.0,0.0,0.0,0.0,-1.5707964,0.0
1970-01-01 00:00:00.034332136,0.034332136,0.0,0.0,0.0,0.0,252.25793,0.0,0.0,0.0,-1.5707964,0.0
1970-01-01 00:00:00.051839883,0.051839883,0.0,1236.766,0.0,0.0,0.0,0.0,0.0,0.0,-1.5707964,0.0
1970-01-01 00:00:00.051839883,0.051839883,0.0,0.0,0.0,0.0,3232.9766,0.0,0.0,0.0,-1.5707964,0.0
1970-01-01 00:00:00.051839883,0.051839883,0.0,0.0,0.0,125.50265,0.0,0.0,0.0,0.0,-1.5707964,0.0
1970-01-01 00:00:00.053700958,0.053700958,0.0,0.0,0.0,0.0,728.0413,0.0,0.0,0.0,-1.5707964,0.0
1970-01-01 00:00:00.053760103,0.053760103,0.0,0.0,0.0,0.0,2713.2627,0.0,0.0,0.0,-1.5707964,0.0
1970-01-01 00:00:00.053860663,0.053860663,0.0,0.0,149.32855,0.0,0.0,0.0,0.0,0.0,-1.5707964,0.0
1970-01-01 00:00:00.054504753,0.054504753,0.0,0.0,165.45328,0.0,0.0,0.0,0.0,0.0,-1.5707964,0.0
1970-01-01 00:00:00.054691128,0.054691128,0.0,0.0,0.0,142.93222,0.0,0.0,0.0,0.0,-1.5707964,0.0
1970-01-01 00:00:00.054815536,0.054815536,0.0,0.0,0.0,0.0,182.8567,0.0,0.0,0.0,-1.5707964,0.0
1970-01-01 00:00:00.055112728,0.055112728,0.0,0.0,603.2965,0.0,0.0,0.0,0.0,0.0,-1.5707964,0.0
1970-01-01 00:00:00.055499509,0.055499509,323.01044,0.0,0.0,0.0,0.0,0.0,0.0,0.0,-1.5707964,0.0
1970-01-01 00:00:00.055499509,0.055499509,0.0,0.0,0.0,0.0,0.0,6712.514,0.0,0.0,-1.5707964,0.0
1970-01-01 00:00:00.055677403,0.055677403,0.0,0.0,301.5483,0.0,0.0,0.0,0.0,0.0,-1.5707964,0.0
1970-01-01 00:00:00.056237492,0.056237492,0.0,0.0,0.0,0.0,4820.3286,0.0,0.0,0.0,-1.5707964,0.0
1970-01-01 00:00:00.056237492,0.056237492,0.0,0.0,0.0,0.0,3370.7239,0.0,0.0,0.0,-1.5707964,0.0
1970-01-01 00:00:00.057173691,0.057173691,0.0,1598.6313,0.0,0.0,0.0,0.0,0.0,0.0,-1.5707964,0.0
1970-01-01 00:00:00.057242755,0.057242755,0.0,0.0,0.0,0.0,0.0,96.650055,0.0,0.0,-1.5707964,0.0
1970-01-01 00:00:00.057283808,0.057283808,0.0,0.0,0.0,0.0,0.0,93.326,0.0,0.0,-1.5707964,0.0
1970-01-01 00:00:00.057504978,0.057504978,0.0,0.0,0.0,7751.787,0.0,0.0,0.0,0.0,-1.5707964,0.0
1970-01-01 00:00:00.057721539,0.057721539,0.0,0.0,570.4919,0.0,0.0,0.0,0.0,0.0,-1.5707964,0.0
1970-01-01 00:00:00.057761992,0.057761992,0.0,0.0,0.0,109.9811,0.0,0.0,0.0,0.0,-1.5707964,0.0
1970-01-01 00:00:00.057984638,0.057984638,0.0,0.0,0.0,0.0,2475.7932,0.0,0.0,0.0,-1.5707964,0.0
1970-01-01 00:00:00.058059302,0.058059302,0.0,0.0,0.0,0.0,216.82617,0.0,0.0,0.0,-1.5707964,0.0
1970-01-01 00:00:00.058327861,0.058327861,0.0,0.0,1253.4563,0.0,0.0,0.0,0.0,0.0,-1.5707964,0.0
1970-01-01 00:00:00.058327861,0.058327861,0.0,0.0,0.0,748.1509,0.0,0.0,0.0,0.0,-1.5707964,0.0
1970-01-01 00:00:00.058537600,0.0585376,0.0,0.0,2112.6704,0.0,0.0,0.0,0.0,0.0,-1.5707964,0.0
1970-01-01 00:00:00.058603376,0.058603376,588.5386,0.0,0.0,0.0,0.0,0.0,0.0,0.0,-1.5707964,0.0
1970-01-01 00:00:00.058901002,0.058901002,0.0,0.0,0.0,90.69548,0.0,0.0,0.0,0.0,-1.5707964,0.0
1970-01-01 00:00:00.058949669,0.058949669,0.0,0.0,86.74749,0.0,0.0,0.0,0.0,0.0,-1.5707964,0.0
1970-01-01 00:00:00.059431032,0.059431032,0.0,0.0,0.0,0.0,287.49545,0.0,0.0,0.0,-1.5707964,0.0
1970-01-01 00:00:00.059435049,0.059435049,0.0,0.0,0.0,0.0,0.0,2618.9055,0.0,0.0,-1.5707964,0.0
1970-01-01 00:00:00.059696805,0.059696805,0.0,0.0,0.0,93.75952,0.0,0.0,0.0,0.0,-1.5707964,0.0
1970-01-01 00:00:00.059708536,0.059708536,0.0,0.0,0.0,0.0,0.0,209.75304,0.0,0.0,-1.5707964,0.0
1970-01-01 00:00:00.060143645,0.060143645,0.0,0.0,235.78679,0.0,0.0,0.0,0.0,0.0,-1.5707964,0.0
1970-01-01 00:00:00.060396426,0.060396426,0.0,215.34479,0.0,0.0,0.0,0.0,0.0,0.0,-1.5707964,0.0
1970-01-01 00:00:00.060396426,0.060396426,0.0,690.6305,0.0,0.0,0.0,0.0,0.0,0.0,-1.5707964,0.0
1970-01-01 00:00:00.060396426,0.060396426,0.0,0.0,0.0,0.0,4048.7578,0.0,0.0,0.0,-1.5707964,0.0
1970-01-01 00:00:00.060418109,0.060418109,0.0,0.0,0.0,0.0,1980.1337,0.0,0.0,0.0,-1.5707964,0.0
1970-01-01 00:00:00.060707605,0.060707605,0.0,0.0,0.0,110.80196,0.0,0.0,0.0,0.0,-1.5707964,0.0
1970-01-01 00:00:00.060820233,0.060820233,0.0,0.0,911.2008,0.0,0.0,0.0,0.0,0.0,-1.5707964,0.0
1970-01-01 00:00:00.060891792,0.060891792,0.0,0.0,1091.4893,0.0,0.0,0.0,0.0,0.0,-1.5707964,0.0
1970-01-01 00:00:00.060935899,0.060935899,0.0,0.0,0.0,0.0,95.74449,0.0,0.0,0.0,-1.5707964,0.0
1970-01-01 00:00:00.060945795,0.060945795,0.0,0.0,5843.0366,0.0,0.0,0.0,0.0,0.0,-1.5707964,0.0
1970-01-01 00:00:00.060992132,0.060992132,0.0,0.0,0.0,0.0,345.83063,0.0,0.0,0.0,-1.5707964,0.0
1970-01-01 00:00:00.060993907,0.060993907,0.0,0.0,257.354,0.0,0.0,0.0,0.0,0.0,-1.5707964,0.0
1970-01-01 00:00:00.061042148,0.061042148,0.0,0.0,0.0,406.40988,0.0,0.0,0.0,0.0,-1.5707964,0.0
1970-01-01 00:00:00.061058273,0.061058273,0.0,0.0,0.0,0.0,460.49612,0.0,0.0,0.0,-1.5707964,0.0
1970-01-01 00:00:00.061126655,0.061126655,0.0,0.0,0.0,289.23233,0.0,0.0,0.0,0.0,-1.5707964,0.0
1970-01-01 00:00:00.061142834,0.061142834,0.0,0.0,0.0,0.0,0.0,4049.6775,0.0,0.0,-1.5707964,0.0
1970-01-01 00:00:00.061220215,0.061220215,0.0,0.0,0.0,0.0,718.67725,0.0,0.0,0.0,-1.5707964,0.0
1970-01-01 00:00:00.061284738,0.061284738,0.0,0.0,0.0,525.7994,0.0,0.0,0.0,0.0,-1.5707964,0.0
1970-01-01 00:00:00.061415949,0.061415949,0.0,0.0,351.8962,0.0,0.0,0.0,0.0,0.0,-1.5707964,0.0
1970-01-01 00:00:00.061534673,0.061534673,0.0,0.0,0.0,0.0,205.57098,0.0,0.0,0.0,-1.5707964,0.0
1970-01-01 00:00:00.061564556,0.061564556,0.0,0.0,0.0,0.0,0.0,734.9914,0.0,0.0,-1.5707964,0.0
1970-01-01 00:00:00.061649504,0.061649504,0.0,0.0,0.0,140.3125,0.0,0.0,0.0,0.0,-1.5707964,0.0
1970-01-01 00:00:00.061685780,0.06168578,0.0,0.0,0.0,318.26257,0.0,0.0,0.0,0.0,-1.5707964,0.0
1970-01-01 00:00:00.061785303,0.061785303,0.0,0.0,0.0,0.0,533.86536,0.0,0.0,0.0,-1.5707964,0.0
1970-01-01 00:00:00.062083944,0.062083944,0.0,0.0,0.0,416.17664,0.0,0.0,0.0,0.0,-1.5707964,0.0
1970-01-01 00:00:00.062186716,0.062186716,0.0,0.0,870.1414,0.0,0.0,0.0,0.0,0.0,-1.5707964,0.0
1970-01-01 00:00:00.062226015,0.062226015,0.0,0.0,163.52075,0.0,0.0,0.0,0.0,0.0,-1.5707964,0.0
1970-01-01 00:00:00.062627566,0.062627567,0.0,0.0,1742.3269,0.0,0.0,0.0,0.0,0.0,-1.5707964,0.0
1970-01-01 00:00:00.062629087,0.062629087,0.0,0.0,0.0,1117.9268,0.0,0.0,0.0,0.0,-1.5707964,0.0
1970-01-01 00:00:00.062746603,0.062746603,0.0,0.0,0.0,0.0,0.0,80.20826,0.0,0.0,-1.5707964,0.0
1970-01-01 00:00:00.063391431,0.063391431,0.0,0.0,0.0,0.0,223.3805,0.0,0.0,0.0,-1.5707964,0.0
1970-01-01 00:00:00.063770235,0.063770236,0.0,0.0,8606.988,0.0,0.0,0.0,0.0,0.0,-1.5707964,0.0
1970-01-01 00:00:00.063770235,0.063770236,0.0,0.0,0.0,0.0,0.0,502.3598,0.0,0.0,-1.5707964,0.0
1970-01-01 00:00:00.063866788,0.063866789,0.0,102.62661,0.0,0.0,0.0,0.0,0.0,0.0,-1.5707964,0.0
1970-01-01 00:00:00.064012105,0.064012105,0.0,0.0,0.0,0.0,8051.124,0.0,0.0,0.0,-1.5707964,0.0
1970-01-01 00:00:00.064321024,0.064321024,0.0,0.0,182.44151,0.0,0.0,0.0,0.0,0.0,-1.5707964,0.0
1970-01-01 00:00:00.064772490,0.06477249,0.0,0.0,0.0,0.0,6628.3887,0.0,0.0,0.0,-1.5707964,0.0
1970-01-01 00:00:00.064787631,0.064787631,0.0,0.0,0.0,1382.4037,0.0,0.0,0.0,0.0,-1.5707964,0.0
1970-01-01 00:00:00.064846706,0.064846706,145.25423,0.0,0.0,0.0,0.0,0.0,0.0,0.0,-1.5707964,0.0
1970-01-01 00:00:00.064889468,0.064889468,0.0,0.0,0.0,0.0,146.9406,0.0,0.0,0.0,-1.5707964,0.0
1970-01-01 00:00:00.064911492,0.064911492,0.0,0.0,0.0,198.06067,0.0,0.0,0.0,0.0,-1.5707964,0.0
1970-01-01 00:00:00.064963315,0.064963316,0.0,0.0,794.286,0.0,0.0,0.0,0.0,0.0,-1.5707964,0.0
1970-01-01 00:00:00.064977581,0.064977581,0.0,0.0,0.0,0.0,1640.8276,0.0,0.0,0.0,-1.5707964,0.0
1970-01-01 00:00:00.065073123,0.065073123,0.0,0.0,145.71014,0.0,0.0,0.0,0.0,0.0,-1.5707964,0.0
1970-01-01 00:00:00.065122886,0.065122886,0.0,0.0,0.0,0.0,0.0,186.66447,0.0,0.0,-1.5707964,0.0
1970-01-01 00:00:00.065149422,0.065149422,0.0,0.0,0.0,0.0,345.92126,0.0,0.0,0.0,-1.5707964,0.0
1970-01-01 00:00:00.065149422,0.065149422,0.0,0.0,0.0,393.4629,0.0,0.0,0.0,0.0,-1.5707964,0.0
1970-01-01 00:00:00.065323401,0.065323401,0.0,2717.2366,0.0,0.0,0.0,0.0,0.0,0.0,-1.5707964,0.0
1970-01-01 00:00:00.065403737,0.065403737,0.0,0.0,0.0,0.0,0.0,375.06952,0.0,0.0,-1.5707964,0.0
1970-01-01 00:00:00.065468930,0.065468931,0.0,0.0,0.0,149.53224,0.0,0.0,0.0,0.0,-1.5707964,0.0
1970-01-01 00:00:00.065475562,0.065475562,0.0,0.0,0.0,0.0,812.46387,0.0,0.0,0.0,-1.5707964,0.0
1970-01-01 00:00:00.065500966,0.065500967,0.0,0.0,0.0,0.0,0.0,574.23474,0.0,0.0,-1.5707964,0.0
1970-01-01 00:00:00.065757921,0.065757921,0.0,0.0,0.0,0.0,0.0,1154.1517,0.0,0.0,-1.5707964,0.0
1970-01-01 00:00:00.065875358,0.065875359,0.0,0.0,381.05725,0.0,0.0,0.0,0.0,0.0,-1.5707964,0.0
1970-01-01 00:00:00.065957996,0.065957996,0.0,0.0,199.04619,0.0,0.0,0.0,0.0,0.0,-1.5707964,0.0
1970-01-01 00:00:00.066181488,0.066181488,0.0,0.0,0.0,237.0043,0.0,0.0,0.0,0.0,-1.5707964,0.0
1970-01-01 00:00:00.066730949,0.066730949,0.0,0.0,499.76492,0.0,0.0,0.0,0.0,0.0,-1.5707964,0.0
1970-01-01 00:00:00.066802544,0.066802544,0.0,0.0,0.0,0.0,194.4434,0.0,0.0,0.0,-1.5707964,0.0
1970-01-01 00:00:00.066835176,0.066835177,0.0,0.0,0.0,0.0,0.0,109.08682,0.0,0.0,-1.5707964,0.0
1970-01-01 00:00:00.066937041,0.066937041,0.0,0.0,302.38467,0.0,0.0,0.0,0.0,0.0,-1.5707964,0.0
1970-01-01 00:00:00.067058638,0.067058638,0.0,0.0,93.07202,0.0,0.0,0.0,0.0,0.0,-1.5707964,0.0
1970-01-01 00:00:00.067127755,0.067127755,0.0,202.63664,0.0,0.0,0.0,0.0,0.0,0.0,-1.5707964,0.0
1970-01-01 00:00:00.067514566,0.067514566,0.0,0.0,0.0,0.0,142.47603,0.0,0.0,0.0,-1.5707964,0.0
1970-01-01 00:00:00.067514566,0.067514566,0.0,0.0,0.0,0.0,1470.3961,0.0,0.0,0.0,-1.5707964,0.0
1970-01-01 00:00:00.067924552,0.067924552,92.31956,0.0,0.0,0.0,0.0,0.0,0.0,0.0,-1.5707964,0.0
1970-01-01 00:00:00.067924552,0.067924552,255.2894,0.0,0.0,0.0,0.0,0.0,0.0,0.0,-1.5707964,0.0
1970-01-01 00:00:00.067924552,0.067924552,0.0,0.0,0.0,0.0,3992.1997,0.0,0.0,0.0,-1.5707964,0.0
1970-01-01 00:00:00.068055470,0.06805547,0.0,0.0,219.02158,0.0,0.0,0.0,0.0,0.0,-1.5707964,0.0
1970-01-01 00:00:00.068068857,0.068068857,0.0,0.0,96.00873,0.0,0.0,0.0,0.0,0.0,-1.5707964,0.0
1970-01-01 00:00:00.068181055,0.068181055,0.0,0.0,285.4195,0.0,0.0,0.0,0.0,0.0,-1.5707964,0.0
1970-01-01 00:00:00.068277902,0.068277902,0.0,0.0,0.0,118.37137,0.0,0.0,0.0,0.0,-1.5707964,0.0
1970-01-01 00:00:00.068360354,0.068360354,0.0,0.0,817.0533,0.0,0.0,0.0,0.0,0.0,-1.5707964,0.0
1970-01-01 00:00:00.068722303,0.068722303,0.0,0.0,0.0,387.81372,0.0,0.0,0.0,0.0,-1.5707964,0.0
1970-01-01 00:00:00.068886805,0.068886805,0.0,0.0,0.0,0.0,548.7674,0.0,0.0,0.0,-1.5707964,0.0
1970-01-01 00:00:00.069354264,0.069354264,2042.5844,0.0,0.0,0.0,0.0,0.0,0.0,0.0,-1.5707964,0.0
1970-01-01 00:00:00.069354264,0.069354264,0.0,0.0,1016.7332,0.0,0.0,0.0,0.0,0.0,-1.5707964,0.0
1970-01-01 00:00:00.069458677,0.069458677,0.0,0.0,0.0,0.0,169.59558,0.0,0.0,0.0,-1.5707964,0.0
1970-01-01 00:00:00.069458677,0.069458677,0.0,0.0,221.07002,0.0,0.0,0.0,0.0,0.0,-1.5707964,0.0
1970-01-01 00:00:00.069458677,0.069458677,0.0,0.0,3357.5327,0.0,0.0,0.0,0.0,0.0,-1.5707964,0.0
1970-01-01 00:00:00.069458677,0.069458677,0.0,0.0,0.0,0.0,226.86931,0.0,0.0,0.0,-1.5707964,0.0
1970-01-01 00:00:00.069627191,0.069627191,0.0,0.0,0.0,0.0,291.40686,0.0,0.0,0.0,-1.5707964,0.0
1970-01-01 00:00:00.070202906,0.070202906,0.0,0.0,572.1522,0.0,0.0,0.0,0.0,0.0,-1.5707964,0.0
1970-01-01 00:00:00.070367360,0.07036736,0.0,278.40927,0.0,0.0,0.0,0.0,0.0,0.0,-1.5707964,0.0
1970-01-01 00:00:00.070992461,0.070992461,0.0,0.0,0.0,0.0,315.0842,0.0,0.0,0.0,-1.5707964,0.0
1970-01-01 00:00:00.071003186,0.071003186,0.0,0.0,0.0,0.0,7684.28,0.0,0.0,0.0,-1.5707964,0.0
1970-01-01 00:00:00.071042466,0.071042466,0.0,0.0,118.68759,0.0,0.0,0.0,0.0,0.0,-1.5707964,0.0
1970-01-01 00:00:00.071363558,0.071363558,0.0,0.0,0.0,0.0,0.0,190.14624,0.0,0.0,-1.5707964,0.0
1970-01-01 00:00:00.071489330,0.07148933,0.0,0.0,0.0,0.0,1000.36426,0.0,0.0,0.0,-1.5707964,0.0
1970-01-01 00:00:00.071562102,0.071562102,0.0,0.0,0.0,0.0,0.0,618.6688,0.0,0.0,-1.5707964,0.0
1970-01-01 00:00:00.071570529,0.071570529,0.0,0.0,0.0,0.0,0.0,175.44435,0.0,0.0,-1.5707964,0.0
1970-01-01 00:00:00.071570529,0.071570529,0.0,0.0,143.33221,0.0,0.0,0.0,0.0,0.0,-1.5707964,0.0
1970-01-01 00:00:00.071983490,0.07198349,0.0,0.0,0.0,2526.8948,0.0,0.0,0.0,0.0,-1.5707964,0.0
1970-01-01 00:00:00.072041240,0.07204124,0.0,0.0,688.33453,0.0,0.0,0.0,0.0,0.0,-1.5707964,0.0
1970-01-01 00:00:00.072507208,0.072507208,0.0,0.0,104.47067,0.0,0.0,0.0,0.0,0.0,-1.5707964,0.0
1970-01-01 00:00:00.072586608,0.072586608,0.0,0.0,5465.4175,0.0,0.0,0.0,0.0,0.0,-1.5707964,0.0
1970-01-01 00:00:00.073075034,0.073075034,0.0,0.0,0.0,109.45971,0.0,0.0,0.0,0.0,-1.5707964,0.0
1970-01-01 00:00:00.073144634,0.073144634,0.0,0.0,135.53229,0.0,0.0,0.0,0.0,0.0,-1.5707964,0.0
1970-01-01 00:00:00.073365433,0.073365433,0.0,0.0,119.9656,0.0,0.0,0.0,0.0,0.0,-1.5707964,0.0
1970-01-01 00:00:00.073538714,0.073538714,0.0,0.0,0.0,0.0,154.33232,0.0,0.0,0.0,-1.5707964,0.0
1970-01-01 00:00:00.073948481,0.073948481,0.0,0.0,0.0,0.0,379.1749,0.0,0.0,0.0,-1.5707964,0.0
1970-01-01 00:00:00.074089418,0.074089418,0.0,0.0,0.0,0.0,4650.66,0.0,0.0,0.0,-1.5707964,0.0
1970-01-01 00:00:00.074089418,0.074089418,0.0,0.0,0.0,215.27338,0.0,0.0,0.0,0.0,-1.5707964,0.0
1970-01-01 00:00:00.074194983,0.074194983,0.0,0.0,80.281555,0.0,0.0,0.0,0.0,0.0,-1.5707964,0.0
1970-01-01 00:00:00.074751031,0.074751031,0.0,0.0,274.8135,0.0,0.0,0.0,0.0,0.0,-1.5707964,0.0
1970-01-01 00:00:00.074941620,0.07494162,0.0,0.0,0.0,0.0,0.0,845.7168,0.0,0.0,-1.5707964,0.0
1970-01-01 00:00:00.075083141,0.075083141,0.0,0.0,0.0,0.0,436.75232,0.0,0.0,0.0,-1.5707964,0.0
1970-01-01 00:00:00.075095521,0.075095521,0.0,136.46115,0.0,0.0,0.0,0.0,0.0,0.0,-1.5707964,0.0
1970-01-01 00:00:00.075166748,0.075166748,0.0,0.0,1101.6904,0.0,0.0,0.0,0.0,0.0,-1.5707964,0.0
1970-01-01 00:00:00.075361753,0.075361753,0.0,0.0,3320.258,0.0,0.0,0.0,0.0,0.0,-1.5707964,0.0
1970-01-01 00:00:00.075623207,0.075623207,0.0,0.0,0.0,0.0,190.38641,0.0,0.0,0.0,-1.5707964,0.0
1970-01-01 00:00:00.076030853,0.076030853,0.0,0.0,0.0,0.0,0.0,1359.2688,0.0,0.0,-1.5707964,0.0
1970-01-01 00:00:00.076147978,0.076147978,0.0,0.0,0.0,0.0,202.17474,0.0,0.0,0.0,-1.5707964,0.0
1970-01-01 00:00:00.076153538,0.076153538,0.0,0.0,261.23627,0.0,0.0,0.0,0.0,0.0,-1.5707964,0.0
1970-01-01 00:00:00.076180918,0.076180918,0.0,0.0,0.0,0.0,104.88474,0.0,0.0,0.0,-1.5707964,0.0
1970-01-01 00:00:00.076457157,0.076457157,0.0,0.0,0.0,0.0,0.0,572.60864,0.0,0.0,-1.5707964,0.0
1970-01-01 00:00:00.076555211,0.076555211,0.0,0.0,118.11631,0.0,0.0,0.0,0.0,0.0,-1.5707964,0.0
1970-01-01 00:00:00.076658757,0.076658757,0.0,0.0,181.01855,0.0,0.0,0.0,0.0,0.0,-1.5707964,0.0
1970-01-01 00:00:00.076740019,0.076740019,0.0,0.0,0.0,0.0,0.0,840.91486,0.0,0.0,-1.5707964,0.0
1970-01-01 00:00:00.077679601,0.077679601,0.0,0.0,0.0,456.5428,0.0,0.0,0.0,0.0,-1.5707964,0.0
1970-01-01 00:00:00.077929274,0.077929274,0.0,0.0,426.0371,0.0,0.0,0.0,0.0,0.0,-1.5707964,0.0
1970-01-01 00:00:00.078014685,0.078014685,0.0,0.0,0.0,0.0,86.10084,0.0,0.0,0.0,-1.5707964,0.0
1970-01-01 00:00:00.078343952,0.078343952,358.41266,0.0,0.0,0.0,0.0,0.0,0.0,0.0,-1.5707964,0.0
1970-01-01 00:00:00.078367691,0.078367691,0.0,0.0,0.0,0.0,81.60664,0.0,0.0,0.0,-1.5707964,0.0
1970-01-01 00:00:00.078375803,0.078375803,0.0,0.0,0.0,0.0,1626.8597,0.0,0.0,0.0,-1.5707964,0.0
1970-01-01 00:00:00.078681678,0.078681678,0.0,0.0,214.93933,0.0,0.0,0.0,0.0,0.0,-1.5707964,0.0
1970-01-01 00:00:00.078911206,0.078911206,0.0,0.0,0.0,0.0,205.30981,0.0,0.0,0.0,-1.5707964,0.0
1970-01-01 00:00:00.079066238,0.079066238,0.0,0.0,0.0,0.0,0.0,1589.8953,0.0,0.0,-1.5707964,0.0
1970-01-01 00:00:00.079261355,0.079261355,176.71611,0.0,0.0,0.0,0.0,0.0,0.0,0.0,-1.5707964,0.0
1970-01-01 00:00:00.079577284,0.079577284,0.0,201.7471,0.0,0.0,0.0,0.0,0.0,0.0,-1.5707964,0.0
1970-01-01 00:00:00.079743436,0.079743436,0.0,0.0,0.0,0.0,0.0,160.06755,0.0,0.0,-1.5707964,0.0
1970-01-01 00:00:00.079984572,0.079984572,0.0,0.0,221.79039,0.0,0.0,0.0,0.0,0.0,-1.5707964,0.0
1970-01-01 00:00:00.080546127,0.080546127,0.0,0.0,0.0,1138.3959,0.0,0.0,0.0,0.0,-1.5707964,0.0
1970-01-01 00:00:00.081068319,0.081068319,0.0,0.0,0.0,529.4204,0.0,0.0,0.0,0.0,-1.5707964,0.0
1970-01-01 00:00:00.081454470,0.08145447,0.0,0.0,0.0,0.0,137.74936,0.0,0.0,0.0,-1.5707964,0.0
1970-01-01 00:00:00.081509465,0.081509465,0.0,0.0,0.0,0.0,101.622475,0.0,0.0,0.0,-1.5707964,0.0
1970-01-01 00:00:00.081841829,0.081841829,0.0,0.0,0.0,217.46765,0.0,0.0,0.0,0.0,-1.5707964,0.0
1970-01-01 00:00:00.082566968,0.082566968,0.0,0.0,1055.7866,0.0,0.0,0.0,0.0,0.0,-1.5707964,0.0
1970-01-01 00:00:00.082819260,0.08281926,0.0,0.0,0.0,103.106804,0.0,0.0,0.0,0.0,-1.5707964,0.0
1970-01-01 00:00:00.084174198,0.084174198,0.0,0.0,2827.3552,0.0,0.0,0.0,0.0,0.0,-1.5707964,0.0
1970-01-01 00:00:00.084174198,0.084174198,0.0,0.0,0.0,0.0,0.0,288.09793,0.0,0.0,-1.5707964,0.0
1970-01-01 00:00:00.084667738,0.084667738,0.0,0.0,114.68999,0.0,0.0,0.0,0.0,0.0,-1.5707964,0.0
1970-01-01 00:00:00.084732964,0.084732964,0.0,0.0,85.11639,0.0,0.0,0.0,0.0,0.0,-1.5707964,0.0
1970-01-01 00:00:00.084732964,0.084732964,0.0,0.0,0.0,0.0,110.56008,0.0,0.0,0.0,-1.5707964,0.0
1970-01-01 00:00:00.084850160,0.08485016,0.0,0.0,0.0,0.0,2811.606,0.0,0.0,0.0,-1.5707964,0.0
1970-01-01 00:00:00.086042818,0.086042818,0.0,0.0,88.18544,0.0,0.0,0.0,0.0,0.0,-1.5707964,0.0
1970-01-01 00:00:00.086173536,0.086173536,107.65096,0.0,0.0,0.0,0.0,0.0,0.0,0.0,-1.5707964,0.0
1970-01-01 00:00:00.086386633,0.086386633,0.0,0.0,395.4195,0.0,0.0,0.0,0.0,0.0,-1.5707964,0.0
1970-01-01 00:00:00.086393284,0.086393284,0.0,0.0,0.0,4230.6553,0.0,0.0,0.0,0.0,-1.5707964,0.0
1970-01-01 00:00:00.086690246,0.086690246,0.0,0.0,0.0,0.0,691.4153,0.0,0.0,0.0,-1.5707964,0.0
1970-01-01 00:00:00.089006986,0.089006986,0.0,0.0,0.0,0.0,129.98965,0.0,0.0,0.0,-1.5707964,0.0
1970-01-01 00:00:00.089155572,0.089155572,0.0,0.0,0.0,0.0,200.10939,0.0,0.0,0.0,-1.5707964,0.0
1970-01-01 00:00:00.089359794,0.089359794,0.0,0.0,0.0,0.0,0.0,5223.7593,0.0,0.0,-1.5707964,0.0
1970-01-01 00:00:00.089556414,0.089556414,0.0,0.0,188.1842,0.0,0.0,0.0,0.0,0.0,-1.5707964,0.0
1970-01-01 00:00:00.089618998,0.089618998,0.0,0.0,0.0,0.0,111.05367,0.0,0.0,0.0,-1.5707964,0.0
1970-01-01 00:00:00.089722718,0.089722718,0.0,0.0,0.0,1201.4418,0.0,0.0,0.0,0.0,-1.5707964,0.0
1970-01-01 00:00:00.090280045,0.090280045,0.0,498.5949,0.0,0.0,0.0,0.0,0.0,0.0,-1.5707964,0.0
1970-01-01 00:00:00.090336551,0.090336551,0.0,0.0,0.0,2430.6506,0.0,0.0,0.0,0.0,-1.5707964,0.0
1970-01-01 00:00:00.090402616,0.090402616,0.0,0.0,0.0,0.0,1307.4259,0.0,0.0,0.0,-1.5707964,0.0
1970-01-01 00:00:00.090466000,0.090466,0.0,0.0,0.0,0.0,0.0,413.7851,0.0,0.0,-1.5707964,0.0
1970-01-01 00:00:00.090776089,0.090776089,0.0,0.0,0.0,0.0,1625.5521,0.0,0.0,0.0,-1.5707964,0.0
1970-01-01 00:00:00.090995174,0.090995174,0.0,0.0,1182.9176,0.0,0.0,0.0,0.0,0.0,-1.5707964,0.0
1970-01-01 00:00:00.090995174,0.090995174,0.0,0.0,183.18428,0.0,0.0,0.0,0.0,0.0,-1.5707964,0.0
1970-01-01 00:00:00.091053818,0.091053818,0.0,0.0,0.0,0.0,0.0,186.32533,0.0,0.0,-1.5707964,0.0
1970-01-01 00:00:00.091408164,0.091408164,0.0,0.0,0.0,0.0,1801.2708,0.0,0.0,0.0,-1.5707964,0.0
1970-01-01 00:00:00.091708699,0.091708699,0.0,0.0,134.77512,0.0,0.0,0.0,0.0,0.0,-1.5707964,0.0
1970-01-01 00:00:00.091753728,0.091753728,0.0,0.0,0.0,0.0,115.798004,0.0,0.0,0.0,-1.5707964,0.0
1970-01-01 00:00:00.091785966,0.091785966,0.0,0.0,0.0,0.0,3372.4885,0.0,0.0,0.0,-1.5707964,0.0
1970-01-01 00:00:00.091860964,0.091860964,0.0,0.0,0.0,0.0,1902.1003,0.0,0.0,0.0,-1.5707964,0.0
1970-01-01 00:00:00.092170235,0.092170235,0.0,0.0,630.0653,0.0,0.0,0.0,0.0,0.0,-1.5707964,0.0
1970-01-01 00:00:00.092314050,0.09231405,0.0,0.0,0.0,228.3591,0.0,0.0,0.0,0.0,-1.5707964,0.0
1970-01-01 00:00:00.092379343,0.092379343,0.0,0.0,221.90501,0.0,0.0,0.0,0.0,0.0,-1.5707964,0.0
1970-01-01 00:00:00.093068645,0.093068645,0.0,0.0,0.0,0.0,119.763,0.0,0.0,0.0,-1.5707964,0.0
1970-01-01 00:00:00.093121838,0.093121838,0.0,0.0,264.8821,0.0,0.0,0.0,0.0,0.0,-1.5707964,0.0
1970-01-01 00:00:00.093170659,0.093170659,86.536644,0.0,0.0,0.0,0.0,0.0,0.0,0.0,-1.5707964,0.0
1970-01-01 00:00:00.093298962,0.093298962,0.0,0.0,124.80531,0.0,0.0,0.0,0.0,0.0,-1.5707964,0.0
1970-01-01 00:00:00.093368141,0.093368141,0.0,0.0,0.0,0.0,0.0,583.41364,0.0,0.0,-1.5707964,0.0
1970-01-01 00:00:00.093638875,0.093638875,0.0,0.0,0.0,1314.334,0.0,0.0,0.0,0.0,-1.5707964,0.0
1970-01-01 00:00:00.093652202,0.093652202,0.0,485.1153,0.0,0.0,0.0,0.0,0.0,0.0,-1.5707964,0.0
1970-01-01 00:00:00.093677311,0.093677311,939.3364,0.0,0.0,0.0,0.0,0.0,0.0,0.0,-1.5707964,0.0
1970-01-01 00:00:00.093677311,0.093677311,0.0,0.0,209.91736,0.0,0.0,0.0,0.0,0.0,-1.5707964,0.0
1970-01-01 00:00:00.093993108,0.093993108,0.0,0.0,0.0,266.1429,0.0,0.0,0.0,0.0,-1.5707964,0.0
1970-01-01 00:00:00.094075926,0.094075926,0.0,0.0,0.0,0.0,235.24821,0.0,0.0,0.0,-1.5707964,0.0
1970-01-01 00:00:00.094311501,0.094311501,0.0,0.0,512.3792,0.0,0.0,0.0,0.0,0.0,-1.5707964,0.0
1970-01-01 00:00:00.094718361,0.094718361,0.0,0.0,0.0,0.0,259.7967,0.0,0.0,0.0,-1.5707964,0.0
1970-01-01 00:00:00.094865510,0.09486551,0.0,0.0,0.0,4422.953,0.0,0.0,0.0,0.0,-1.5707964,0.0
1970-01-01 00:00:00.095012690,0.09501269,0.0,0.0,1606.2583,0.0,0.0,0.0,0.0,0.0,-1.5707964,0.0
1970-01-01 00:00:00.095439323,0.095439323,0.0,0.0,0.0,0.0,0.0,354.4786,0.0,0.0,-1.5707964,0.0
1970-01-01 00:00:00.095514677,0.095514677,0.0,0.0,0.0,0.0,0.0,100.799225,0.0,0.0,-1.5707964,0.0
1970-01-01 00:00:00.095632873,0.095632873,0.0,0.0,5637.1333,0.0,0.0,0.0,0.0,0.0,-1.5707964,0.0
1970-01-01 00:00:00.095806513,0.095806513,0.0,458.10736,0.0,0.0,0.0,0.0,0.0,0.0,-1.5707964,0.0
1970-01-01 00:00:00.095874284,0.095874284,0.0,0.0,0.0,0.0,533.213,0.0,0.0,0.0,-1.5707964,0.0
1970-01-01 00:00:00.096195742,0.096195742,0.0,0.0,0.0,1325.6969,0.0,0.0,0.0,0.0,-1.5707964,0.0
1970-01-01 00:00:00.096232059,0.096232059,0.0,0.0,0.0,0.0,357.3144,0.0,0.0,0.0,-1.5707964,0.0
1970-01-01 00:00:00.096356286,0.096356286,0.0,0.0,399.28903,0.0,0.0,0.0,0.0,0.0,-1.5707964,0.0
1970-01-01 00:00:00.096382615,0.096382615,0.0,0.0,179.69604,0.0,0.0,0.0,0.0,0.0,-1.5707964,0.0
1970-01-01 00:00:00.096391255,0.096391255,0.0,0.0,0.0,0.0,184.9676,0.0,0.0,0.0,-1.5707964,0.0
1970-01-01 00:00:00.096496946,0.096496946,0.0,0.0,0.0,117.39582,0.0,0.0,0.0,0.0,-1.5707964,0.0
1970-01-01 00:00:00.096627786,0.096627786,0.0,0.0,0.0,128.32227,0.0,0.0,0.0,0.0,-1.5707964,0.0
1970-01-01 00:00:00.096882396,0.096882396,599.5335,0.0,0.0,0.0,0.0,0.0,0.0,0.0,-1.5707964,0.0
1970-01-01 00:00:00.096912444,0.096912444,0.0,124.67218,0.0,0.0,0.0,0.0,0.0,0.0,-1.5707964,0.0
1970-01-01 00:00:00.097332006,0.097332006,0.0,0.0,0.0,278.8626,0.0,0.0,0.0,0.0,-1.5707964,0.0
1970-01-01 00:00:00.097366334,0.097366334,0.0,0.0,0.0,0.0,227.69383,0.0,0.0,0.0,-1.5707964,0.0
1970-01-01 00:00:00.097465459,0.097465459,0.0,0.0,0.0,0.0,148.3252,0.0,0.0,0.0,-1.5707964,0.0
1970-01-01 00:00:00.097470690,0.09747069,0.0,0.0,0.0,0.0,0.0,8385.772,0.0,0.0,-1.5707964,0.0
1970-01-01 00:00:00.097488462,0.097488462,0.0,0.0,0.0,0.0,378.36557,0.0,0.0,0.0,-1.5707964,0.0
1970-01-01 00:00:00.097876449,0.097876449,230.57742,0.0,0.0,0.0,0.0,0.0,0.0,0.0,-1.5707964,0.0
1970-01-01 00:00:00.097957097,0.097957097,0.0,0.0,1586.3173,0.0,0.0,0.0,0.0,0.0,-1.5707964,0.0
1970-01-01 00:00:00.098123672,0.098123672,205.65427,0.0,0.0,0.0,0.0,0.0,0.0,0.0,-1.5707964,0.0
1970-01-01 00:00:00.098464662,0.098464662,0.0,0.0,0.0,110.25827,0.0,0.0,0.0,0.0,-1.5707964,0.0
1970-01-01 00:00:00.098701312,0.098701312,0.0,0.0,0.0,0.0,108.0354,0.0,0.0,0.0,-1.5707964,0.0
1970-01-01 00:00:00.098924364,0.098924364,0.0,0.0,0.0,0.0,0.0,2694.9045,0.0,0.0,-1.5707964,0.0
1970-01-01 00:00:00.098986314,0.098986314,0.0,119.75185,0.0,0.0,0.0,0.0,0.0,0.0,-1.5707964,0.0
1970-01-01 00:00:00.098999500,0.0989995,0.0,0.0,0.0,0.0,0.0,81.10785,0.0,0.0,-1.5707964,0.0
1970-01-01 00:00:00.099149202,0.099149202,0.0,0.0,373.70483,0.0,0.0,0.0,0.0,0.0,-1.5707964,0.0
1970-01-01 00:00:00.099163072,0.099163072,0.0,0.0,0.0,0.0,246.76953,0.0,0.0,0.0,-1.5707964,0.0
1970-01-01 00:00:00.099365947,0.099365947,0.0,0.0,0.0,0.0,139.1171,0.0,0.0,0.0,-1.5707964,0.0
1970-01-01 00:00:00.099706363,0.099706363,0.0,0.0,155.98946,0.0,0.0,0.0,0.0,0.0,-1.5707964,0.0
1970-01-01 00:00:00.100220420,0.10022042,0.0,0.0,0.0,459.6041,0.0,0.0,0.0,0.0,-1.5707964,0.0
1970-01-01 00:00:00.100240847,0.100240847,0.0,0.0,0.0,0.0,516.0143,0.0,0.0,0.0,-1.5707964,0.0
1970-01-01 00:00:00.100347646,0.100347646,0.0,0.0,467.34113,0.0,0.0,0.0,0.0,0.0,-1.5707964,0.0
1970-01-01 00:00:00.100443049,0.100443049,0.0,0.0,0.0,0.0,516.78796,0.0,0.0,0.0,-1.5707964,0.0
1970-01-01 00:00:00.100569838,0.100569838,0.0,0.0,136.20862,0.0,0.0,0.0,0.0,0.0,-1.5707964,0.0
1970-01-01 00:00:00.100803936,0.100803936,0.0,0.0,0.0,0.0,104.04165,0.0,0.0,0.0,-1.5707964,0.0
1970-01-01 00:00:00.101610016,0.101610016,0.0,0.0,0.0,0.0,0.0,151.3178,0.0,0.0,-1.5707964,0.0
1970-01-01 00:00:00.101711115,0.101711115,0.0,0.0,0.0,154.72969,0.0,0.0,0.0,0.0,-1.5707964,0.0
1970-01-01 00:00:00.101822724,0.101822724,0.0,0.0,218.8264,0.0,0.0,0.0,0.0,0.0,-1.5707964,0.0
1970-01-01 00:00:00.101870339,0.101870339,0.0,0.0,0.0,0.0,0.0,137.60442,0.0,0.0,-1.5707964,0.0
1970-01-01 00:00:00.102090260,0.10209026,0.0,0.0,101.82265,0.0,0.0,0.0,0.0,0.0,-1.5707964,0.0
1970-01-01 00:00:00.102249725,0.102249725,0.0,0.0,130.04697,0.0,0.0,0.0,0.0,0.0,-1.5707964,0.0
1970-01-01 00:00:00.102397939,0.102397939,0.0,0.0,0.0,0.0,0.0,383.93277,0.0,0.0,-1.5707964,0.0
1970-01-01 00:00:00.102497338,0.102497338,0.0,0.0,0.0,0.0,0.0,226.23985,0.0,0.0,-1.5707964,0.0
1970-01-01 00:00:00.102520795,0.102520795,0.0,0.0,0.0,242.29898,0.0,0.0,0.0,0.0,-1.5707964,0.0
1970-01-01 00:00:00.102659588,0.102659588,0.0,0.0,179.74553,0.0,0.0,0.0,0.0,0.0,-1.5707964,0.0
1970-01-01 00:00:00.102808232,0.102808232,0.0,0.0,0.0,512.1351,0.0,0.0,0.0,0.0,-1.5707964,0.0
1970-01-01 00:00:00.102915086,0.102915086,0.0,0.0,0.0,0.0,472.73962,0.0,0.0,0.0,-1.5707964,0.0
1970-01-01 00:00:00.103021789,0.103021789,0.0,0.0,0.0,173.79051,0.0,0.0,0.0,0.0,-1.5707964,0.0
1970-01-01 00:00:00.103170940,0.10317094,0.0,0.0,0.0,0.0,219.03094,0.0,0.0,0.0,-1.5707964,0.0
1970-01-01 00:00:00.103220704,0.103220704,0.0,0.0,1952.045,0.0,0.0,0.0,0.0,0.0,-1.5707964,0.0
1970-01-01 00:00:00.103239399,0.103239399,0.0,0.0,433.17868,0.0,0.0,0.0,0.0,0.0,-1.5707964,0.0
1970-01-01 00:00:00.103314890,0.10331489,0.0,0.0,0.0,86.1103,0.0,0.0,0.0,0.0,-1.5707964,0.0
1970-01-01 00:00:00.103383378,0.103383378,163.05423,0.0,0.0,0.0,0.0,0.0,0.0,0.0,-1.5707964,0.0
1970-01-01 00:00:00.103638010,0.10363801,0.0,0.0,0.0,0.0,298.92944,0.0,0.0,0.0,-1.5707964,0.0
1970-01-01 00:00:00.103643976,0.103643976,0.0,0.0,0.0,0.0,99.887375,0.0,0.0,0.0,-1.5707964,0.0
1970-01-01 00:00:00.103690736,0.103690736,0.0,0.0,0.0,0.0,7894.2603,0.0,0.0,0.0,-1.5707964,0.0
1970-01-01 00:00:00.103691197,0.103691197,0.0,0.0,0.0,0.0,1645.7075,0.0,0.0,0.0,-1.5707964,0.0
1970-01-01 00:00:00.104159111,0.104159111,0.0,0.0,3200.882,0.0,0.0,0.0,0.0,0.0,-1.5707964,0.0
1970-01-01 00:00:00.104295017,0.104295017,0.0,0.0,0.0,0.0,0.0,97.4514,0.0,0.0,-1.5707964,0.0
1970-01-01 00:00:00.104306783,0.104306783,0.0,0.0,403.98752,0.0,0.0,0.0,0.0,0.0,-1.5707964,0.0
1970-01-01 00:00:00.105502939,0.105502939,0.0,0.0,0.0,0.0,107.97408,0.0,0.0,0.0,-1.5707964,0.0
1970-01-01 00:00:00.105524281,0.105524281,0.0,0.0,0.0,0.0,473.58865,0.0,0.0,0.0,-1.5707964,0.0
1970-01-01 00:00:00.105707928,0.105707928,0.0,0.0,461.14435,0.0,0.0,0.0,0.0,0.0,-1.5707964,0.0
1970-01-01 00:00:00.105921413,0.105921413,0.0,0.0,93.888885,0.0,0.0,0.0,0.0,0.0,-1.5707964,0.0
1970-01-01 00:00:00.105938592,0.105938592,0.0,5251.331,0.0,0.0,0.0,0.0,0.0,0.0,-1.5707964,0.0
1970-01-01 00:00:00.106469694,0.106469694,0.0,0.0,667.3759,0.0,0.0,0.0,0.0,0.0,-1.5707964,0.0
1970-01-01 00:00:00.107154653,0.107154653,0.0,1017.99457,0.0,0.0,0.0,0.0,0.0,0.0,-1.5707964,0.0
1970-01-01 00:00:00.107877206,0.107877206,0.0,0.0,158.20543,0.0,0.0,0.0,0.0,0.0,-1.5707964,0.0
1970-01-01 00:00:00.108749635,0.108749635,246.62885,0.0,0.0,0.0,0.0,0.0,0.0,0.0,-1.5707964,0.0
1970-01-01 00:00:00.109391704,0.109391704,0.0,0.0,0.0,0.0,679.27,0.0,0.0,0.0,-1.5707964,0.0
1970-01-01 00:00:00.109431263,0.109431263,0.0,0.0,0.0,0.0,229.90244,0.0,0.0,0.0,-1.5707964,0.0
1970-01-01 00:00:00.109516217,0.109516217,0.0,0.0,556.23553,0.0,0.0,0.0,0.0,0.0,-1.5707964,0.0
1970-01-01 00:00:00.109516217,0.109516217,0.0,0.0,0.0,0.0,708.686,0.0,0.0,0.0,-1.5707964,0.0
1970-01-01 00:00:00.109618832,0.109618832,0.0,0.0,0.0,0.0,0.0,704.4983,0.0,0.0,-1.5707964,0.0
1970-01-01 00:00:00.109618832,0.109618832,0.0,0.0,0.0,0.0,0.0,230.94667,0.0,0.0,-1.5707964,0.0
1970-01-01 00:00:00.109822643,0.109822643,0.0,0.0,8138.9683,0.0,0.0,0.0,0.0,0.0,-1.5707964,0.0
1970-01-01 00:00:00.109846674,0.109846674,0.0,0.0,0.0,235.08557,0.0,0.0,0.0,0.0,-1.5707964,0.0
1970-01-01 00:00:00.109985877,0.109985877,0.0,370.89856,0.0,0.0,0.0,0.0,0.0,0.0,-1.5707964,0.0
1970-01-01 00:00:00.110012790,0.11001279,0.0,0.0,0.0,0.0,191.82076,0.0,0.0,0.0,-1.5707964,0.0
1970-01-01 00:00:00.110077493,0.110077493,497.03986,0.0,0.0,0.0,0.0,0.0,0.0,0.0,-1.5707964,0.0
1970-01-01 00:00:00.110115774,0.110115774,0.0,0.0,167.78966,0.0,0.0,0.0,0.0,0.0,-1.5707964,0.0
1970-01-01 00:00:00.110213126,0.110213126,0.0,0.0,0.0,6310.599,0.0,0.0,0.0,0.0,-1.5707964,0.0
1970-01-01 00:00:00.110449727,0.110449727,402.3279,0.0,0.0,0.0,0.0,0.0,0.0,0.0,-1.5707964,0.0
1970-01-01 00:00:00.110449727,0.110449727,0.0,0.0,0.0,0.0,0.0,276.37915,0.0,0.0,-1.5707964,0.0
1970-01-01 00:00:00.110449727,0.110449727,0.0,0.0,0.0,0.0,0.0,5383.013,0.0,0.0,-1.5707964,0.0
1970-01-01 00:00:00.110453477,0.110453477,0.0,0.0,133.66632,0.0,0.0,0.0,0.0,0.0,-1.5707964,0.0
1970-01-01 00:00:00.110550246,0.110550246,0.0,257.90588,0.0,0.0,0.0,0.0,0.0,0.0,-1.5707964,0.0
1970-01-01 00:00:00.110679085,0.110679085,260.57678,0.0,0.0,0.0,0.0,0.0,0.0,0.0,-1.5707964,0.0
1970-01-01 00:00:00.111027146,0.111027146,0.0,0.0,0.0,0.0,99.23937,0.0,0.0,0.0,-1.5707964,0.0
1970-01-01 00:00:00.111239216,0.111239216,0.0,0.0,484.2652,0.0,0.0,0.0,0.0,0.0,-1.5707964,0.0
1970-01-01 00:00:00.111333412,0.111333412,0.0,0.0,0.0,0.0,146.55145,0.0,0.0,0.0,-1.5707964,0.0
1970-01-01 00:00:00.111412648,0.111412648,0.0,0.0,135.06105,0.0,0.0,0.0,0.0,0.0,-1.5707964,0.0
1970-01-01 00:00:00.111545458,0.111545458,0.0,0.0,0.0,0.0,5633.864,0.0,0.0,0.0,-1.5707964,0.0
1970-01-01 00:00:00.111696253,0.111696253,0.0,0.0,897.53546,0.0,0.0,0.0,0.0,0.0,-1.5707964,0.0
1970-01-01 00:00:00.111903870,0.11190387,0.0,126.20372,0.0,0.0,0.0,0.0,0.0,0.0,-1.5707964,0.0
1970-01-01 00:00:00.111945205,0.111945205,0.0,0.0,0.0,0.0,572.423,0.0,0.0,0.0,-1.5707964,0.0
1970-01-01 00:00:00.111999210,0.11199921,0.0,0.0,0.0,85.53372,0.0,0.0,0.0,0.0,-1.5707964,0.0
1970-01-01 00:00:00.112016717,0.112016717,0.0,0.0,0.0,0.0,157.01915,0.0,0.0,0.0,-1.5707964,0.0
1970-01-01 00:00:00.112143341,0.112143341,0.0,0.0,597.7729,0.0,0.0,0.0,0.0,0.0,-1.5707964,0.0
1970-01-01 00:00:00.112144044,0.112144044,0.0,0.0,0.0,0.0,0.0,2134.5269,0.0,0.0,-1.5707964,0.0
1970-01-01 00:00:00.112148906,0.112148906,0.0,0.0,0.0,0.0,980.4875,0.0,0.0,0.0,-1.5707964,0.0
1970-01-01 00:00:00.112160213,0.112160213,0.0,0.0,0.0,0.0,250.45775,0.0,0.0,0.0,-1.5707964,0.0
1970-01-01 00:00:00.112163654,0.112163654,0.0,0.0,0.0,0.0,473.17303,0.0,0.0,0.0,-1.5707964,0.0
1970-01-01 00:00:00.112190249,0.112190249,0.0,0.0,214.2298,0.0,0.0,0.0,0.0,0.0,-1.5707964,0.0
1970-01-01 00:00:00.112277003,0.112277003,0.0,159.54315,0.0,0.0,0.0,0.0,0.0,0.0,-1.5707964,0.0
1970-01-01 00:00:00.112392683,0.112392683,0.0,0.0,0.0,0.0,142.68185,0.0,0.0,0.0,-1.5707964,0.0
1970-01-01 00:00:00.112398195,0.112398195,0.0,0.0,1919.4313,0.0,0.0,0.0,0.0,0.0,-1.5707964,0.0
1970-01-01 00:00:00.112505884,0.112505884,0.0,0.0,0.0,0.0,213.1848,0.0,0.0,0.0,-1.5707964,0.0
1970-01-01 00:00:00.112853637,0.112853637,0.0,0.0,0.0,0.0,0.0,497.6704,0.0,0.0,-1.5707964,0.0
1970-01-01 00:00:00.112863452,0.112863452,0.0,0.0,0.0,0.0,0.0,134.51997,0.0,0.0,-1.5707964,0.0
1970-01-01 00:00:00.113431155,0.113431155,0.0,0.0,0.0,0.0,0.0,401.75735,0.0,0.0,-1.5707964,0.0
1970-01-01 00:00:00.113456319,0.113456319,0.0,0.0,132.52809,0.0,0.0,0.0,0.0,0.0,-1.5707964,0.0
1970-01-01 00:00:00.113491661,0.113491661,0.0,0.0,0.0,0.0,0.0,671.67114,0.0,0.0,-1.5707964,0.0
1970-01-01 00:00:00.113533757,0.113533757,0.0,0.0,0.0,0.0,88.54897,0.0,0.0,0.0,-1.5707964,0.0
1970-01-01 00:00:00.113697494,0.113697494,0.0,0.0,0.0,0.0,0.0,342.9123,0.0,0.0,-1.5707964,0.0
1970-01-01 00:00:00.113852862,0.113852862,0.0,0.0,0.0,0.0,0.0,619.66754,0.0,0.0,-1.5707964,0.0
1970-01-01 00:00:00.113899269,0.113899269,0.0,0.0,0.0,0.0,96.9905,0.0,0.0,0.0,-1.5707964,0.0
1970-01-01 00:00:00.113947757,0.113947757,0.0,0.0,0.0,0.0,0.0,210.98424,0.0,0.0,-1.5707964,0.0
1970-01-01 00:00:00.114029956,0.114029956,0.0,0.0,2620.7378,0.0,0.0,0.0,0.0,0.0,-1.5707964,0.0
1970-01-01 00:00:00.114559263,0.114559263,264.8673,0.0,0.0,0.0,0.0,0.0,0.0,0.0,-1.5707964,0.0
1970-01-01 00:00:00.114952366,0.114952366,0.0,0.0,0.0,0.0,156.05664,0.0,0.0,0.0,-1.5707964,0.0
1970-01-01 00:00:00.115182298,0.115182298,0.0,0.0,0.0,0.0,82.82917,0.0,0.0,0.0,-1.5707964,0.0
1970-01-01 00:00:00.115321232,0.115321232,0.0,0.0,129.90054,0.0,0.0,0.0,0.0,0.0,-1.5707964,0.0
1970-01-01 00:00:00.115441953,0.115441953,0.0,0.0,277.85562,0.0,0.0,0.0,0.0,0.0,-1.5707964,0.0
1970-01-01 00:00:00.115740546,0.115740546,0.0,0.0,0.0,0.0,439.4742,0.0,0.0,0.0,-1.5707964,0.0
1970-01-01 00:00:00.115779731,0.115779731,0.0,0.0,102.25229,0.0,0.0,0.0,0.0,0.0,-1.5707964,0.0
1970-01-01 00:00:00.115921694,0.115921694,0.0,0.0,0.0,0.0,186.17017,0.0,0.0,0.0,-1.5707964,0.0
1970-01-01 00:00:00.115992425,0.115992425,0.0,0.0,441.48257,0.0,0.0,0.0,0.0,0.0,-1.5707964,0.0
1970-01-01 00:00:00.116028168,0.116028168,0.0,0.0,0.0,371.4691,0.0,0.0,0.0,0.0,-1.5707964,0.0
1970-01-01 00:00:00.116233240,0.11623324,0.0,4099.9004,0.0,0.0,0.0,0.0,0.0,0.0,-1.5707964,0.0
1970-01-01 00:00:00.116233240,0.11623324,0.0,0.0,0.0,0.0,243.07222,0.0,0.0,0.0,-1.5707964,0.0
1970-01-01 00:00:00.116271734,0.116271734,0.0,0.0,0.0,0.0,0.0,2749.5405,0.0,0.0,-1.5707964,0.0
1970-01-01 00:00:00.116333757,0.116333757,179.73857,0.0,0.0,0.0,0.0,0.0,0.0,0.0,-1.5707964,0.0
1970-01-01 00:00:00.116434281,0.116434281,0.0,102.690475,0.0,0.0,0.0,0.0,0.0,0.0,-1.5707964,0.0
1970-01-01 00:00:00.116798845,0.116798845,0.0,0.0,0.0,391.82758,0.0,0.0,0.0,0.0,-1.5707964,0.0
1970-01-01 00:00:00.117048649,0.117048649,0.0,0.0,0.0,0.0,7432.9785,0.0,0.0,0.0,-1.5707964,0.0
1970-01-01 00:00:00.117063084,0.117063084,0.0,0.0,1684.5457,0.0,0.0,0.0,0.0,0.0,-1.5707964,0.0
1970-01-01 00:00:00.117162325,0.117162325,0.0,0.0,0.0,0.0,202.99751,0.0,0.0,0.0,-1.5707964,0.0
1970-01-01 00:00:00.117168075,0.117168075,0.0,0.0,0.0,0.0,0.0,89.66477,0.0,0.0,-1.5707964,0.0
1970-01-01 00:00:00.117219917,0.117219917,127.84,0.0,0.0,0.0,0.0,0.0,0.0,0.0,-1.5707964,0.0
1970-01-01 00:00:00.117545174,0.117545174,0.0,0.0,0.0,776.5068,0.0,0.0,0.0,0.0,-1.5707964,0.0
1970-01-01 00:00:00.118187518,0.118187518,0.0,0.0,198.5416,0.0,0.0,0.0,0.0,0.0,-1.5707964,0.0
1970-01-01 00:00:00.118194499,0.118194499,0.0,0.0,355.19968,0.0,0.0,0.0,0.0,0.0,-1.5707964,0.0
1970-01-01 00:00:00.118233168,0.118233168,0.0,0.0,259.23923,0.0,0.0,0.0,0.0,0.0,-1.5707964,0.0
1970-01-01 00:00:00.118339894,0.118339894,0.0,0.0,212.1356,0.0,0.0,0.0,0.0,0.0,-1.5707964,0.0
1970-01-01 00:00:00.118455746,0.118455746,0.0,0.0,0.0,0.0,0.0,321.3949,0.0,0.0,-1.5707964,0.0
1970-01-01 00:00:00.118747148,0.118747148,0.0,0.0,3417.5488,0.0,0.0,0.0,0.0,0.0,-1.5707964,0.0
1970-01-01 00:00:00.119088100,0.1190881,0.0,0.0,0.0,3762.5854,0.0,0.0,0.0,0.0,-1.5707964,0.0
1970-01-01 00:00:00.119123543,0.119123543,0.0,0.0,211.85626,0.0,0.0,0.0,0.0,0.0,-1.5707964,0.0
1970-01-01 00:00:00.119432425,0.119432425,0.0,0.0,316.57562,0.0,0.0,0.0,0.0,0.0,-1.5707964,0.0
1970-01-01 00:00:00.119709900,0.1197099,0.0,0.0,0.0,0.0,0.0,285.98557,0.0,0.0,-1.5707964,0.0
1970-01-01 00:00:00.119709900,0.1197099,0.0,0.0,0.0,0.0,0.0,236.06403,0.0,0.0,-1.5707964,0.0
1970-01-01 00:00:00.120019411,0.120019411,0.0,0.0,0.0,279.2274,0.0,0.0,0.0,0.0,-1.5707964,0.0
1970-01-01 00:00:00.120019411,0.120019411,0.0,0.0,0.0,0.0,0.0,224.61081,0.0,0.0,-1.5707964,0.0
1970-01-01 00:00:00.120073169,0.120073169,0.0,0.0,104.626335,0.0,0.0,0.0,0.0,0.0,-1.5707964,0.0
1970-01-01 00:00:00.120078805,0.120078805,167.85371,0.0,0.0,0.0,0.0,0.0,0.0,0.0,-1.5707964,0.0
1970-01-01 00:00:00.120078805,0.120078805,0.0,0.0,5764.4536,0.0,0.0,0.0,0.0,0.0,-1.5707964,0.0
1970-01-01 00:00:00.120085953,0.120085953,0.0,0.0,210.02455,0.0,0.0,0.0,0.0,0.0,-1.5707964,0.0
1970-01-01 00:00:00.120181794,0.120181794,0.0,0.0,0.0,0.0,828.09106,0.0,0.0,0.0,-1.5707964,0.0
1970-01-01 00:00:00.120672639,0.120672639,0.0,0.0,89.322784,0.0,0.0,0.0,0.0,0.0,-1.5707964,0.0
1970-01-01 00:00:00.120756697,0.120756697,0.0,0.0,522.6924,0.0,0.0,0.0,0.0,0.0,-1.5707964,0.0
1970-01-01 00:00:00.121201540,0.12120154,0.0,0.0,806.44666,0.0,0.0,0.0,0.0,0.0,-1.5707964,0.0
1970-01-01 00:00:00.121286649,0.121286649,0.0,0.0,0.0,972.3657,0.0,0.0,0.0,0.0,-1.5707964,0.0
1970-01-01 00:00:00.121352082,0.121352082,0.0,0.0,3866.1687,0.0,0.0,0.0,0.0,0.0,-1.5707964,0.0
1970-01-01 00:00:00.121554170,0.12155417,0.0,0.0,0.0,149.41309,0.0,0.0,0.0,0.0,-1.5707964,0.0
1970-01-01 00:00:00.121560202,0.121560202,0.0,0.0,411.1012,0.0,0.0,0.0,0.0,0.0,-1.5707964,0.0
1970-01-01 00:00:00.121624546,0.121624546,0.0,0.0,104.27672,0.0,0.0,0.0,0.0,0.0,-1.5707964,0.0
1970-01-01 00:00:00.121757026,0.121757026,0.0,3554.756,0.0,0.0,0.0,0.0,0.0,0.0,-1.5707964,0.0
1970-01-01 00:00:00.121826168,0.121826168,0.0,0.0,3334.6262,0.0,0.0,0.0,0.0,0.0,-1.5707964,0.0
1970-01-01 00:00:00.122178832,0.122178832,0.0,0.0,0.0,0.0,0.0,106.79442,0.0,0.0,-1.5707964,0.0
1970-01-01 00:00:00.122181349,0.122181349,0.0,0.0,0.0,0.0,0.0,218.60454,0.0,0.0,-1.5707964,0.0
1970-01-01 00:00:00.122283338,0.122283338,0.0,0.0,0.0,0.0,0.0,4141.642,0.0,0.0,-1.5707964,0.0
1970-01-01 00:00:00.122469261,0.122469261,0.0,0.0,0.0,0.0,301.32367,0.0,0.0,0.0,-1.5707964,0.0
1970-01-01 00:00:00.122524648,0.122524648,0.0,0.0,0.0,335.00046,0.0,0.0,0.0,0.0,-1.5707964,0.0
1970-01-01 00:00:00.122524648,0.122524648,0.0,0.0,0.0,255.29988,0.0,0.0,0.0,0.0,-1.5707964,0.0
1970-01-01 00:00:00.122573806,0.122573806,0.0,0.0,0.0,0.0,260.70535,0.0,0.0,0.0,-1.5707964,0.0
1970-01-01 00:00:00.122577806,0.122577806,0.0,0.0,149.06271,0.0,0.0,0.0,0.0,0.0,-1.5707964,0.0
1970-01-01 00:00:00.122648742,0.122648742,92.11842,0.0,0.0,0.0,0.0,0.0,0.0,0.0,-1.5707964,0.0
1970-01-01 00:00:00.122649672,0.122649672,4346.017,0.0,0.0,0.0,0.0,0.0,0.0,0.0,-1.5707964,0.0
1970-01-01 00:00:00.122654524,0.122654524,0.0,0.0,0.0,0.0,0.0,273.9672,0.0,0.0,-1.5707964,0.0
1970-01-01 00:00:00.122702568,0.122702568,0.0,0.0,0.0,0.0,0.0,529.1282,0.0,0.0,-1.5707964,0.0
1970-01-01 00:00:00.122814242,0.122814242,0.0,0.0,0.0,0.0,2770.3733,0.0,0.0,0.0,-1.5707964,0.0
1970-01-01 00:00:00.122814242,0.122814242,0.0,0.0,0.0,2318.2166,0.0,0.0,0.0,0.0,-1.5707964,0.0
1970-01-01 00:00:00.123158456,0.123158456,0.0,0.0,0.0,0.0,616.66986,0.0,0.0,0.0,-1.5707964,0.0
1970-01-01 00:00:00.123275054,0.123275054,0.0,0.0,0.0,0.0,4750.4336,0.0,0.0,0.0,-1.5707964,0.0
1970-01-01 00:00:00.123275054,0.123275054,0.0,0.0,0.0,0.0,0.0,401.41467,0.0,0.0,-1.5707964,0.0
1970-01-01 00:00:00.123598724,0.123598724,0.0,0.0,0.0,0.0,0.0,106.50934,0.0,0.0,-1.5707964,0.0
1970-01-01 00:00:00.123798033,0.123798033,0.0,0.0,0.0,0.0,0.0,987.2558,0.0,0.0,-1.5707964,0.0
1970-01-01 00:00:00.123802205,0.123802205,0.0,444.27927,0.0,0.0,0.0,0.0,0.0,0.0,-1.5707964,0.0
1970-01-01 00:00:00.123958465,0.123958465,0.0,0.0,0.0,558.8257,0.0,0.0,0.0,0.0,-1.5707964,0.0
1970-01-01 00:00:00.123972020,0.12397202,0.0,0.0,168.66444,0.0,0.0,0.0,0.0,0.0,-1.5707964,0.0
1970-01-01 00:00:00.124041428,0.124041428,0.0,0.0,0.0,1021.94073,0.0,0.0,0.0,0.0,-1.5707964,0.0
1970-01-01 00:00:00.124382654,0.124382654,0.0,0.0,0.0,0.0,666.26306,0.0,0.0,0.0,-1.5707964,0.0
1970-01-01 00:00:00.124475799,0.124475799,0.0,0.0,0.0,229.75916,0.0,0.0,0.0,0.0,-1.5707964,0.0
1970-01-01 00:00:00.124504313,0.124504313,0.0,0.0,158.05829,0.0,0.0,0.0,0.0,0.0,-1.5707964,0.0
1970-01-01 00:00:00.124529859,0.124529859,0.0,0.0,0.0,0.0,0.0,98.88228,0.0,0.0,-1.5707964,0.0
1970-01-01 00:00:00.124686358,0.124686358,0.0,0.0,0.0,0.0,258.26154,0.0,0.0,0.0,-1.5707964,0.0
1970-01-01 00:00:00.124781795,0.124781795,0.0,0.0,0.0,3135.3833,0.0,0.0,0.0,0.0,-1.5707964,0.0
1970-01-01 00:00:00.124812632,0.124812632,0.0,0.0,0.0,0.0,0.0,151.50775,0.0,0.0,-1.5707964,0.0
1970-01-01 00:00:00.124882213,0.124882213,0.0,0.0,0.0,0.0,2479.6702,0.0,0.0,0.0,-1.5707964,0.0
1970-01-01 00:00:00.124882213,0.124882213,0.0,0.0,0.0,2855.508,0.0,0.0,0.0,0.0,-1.5707964,0.0
1970-01-01 00:00:00.124935516,0.124935516,0.0,0.0,351.59244,0.0,0.0,0.0,0.0,0.0,-1.5707964,0.0
1970-01-01 00:00:00.125048470,0.12504847,499.20663,0.0,0.0,0.0,0.0,0.0,0.0,0.0,-1.5707964,0.0
1970-01-01 00:00:00.125130452,0.125130452,361.25565,0.0,0.0,0.0,0.0,0.0,0.0,0.0,-1.5707964,0.0
1970-01-01 00:00:00.125468199,0.125468199,112.06202,0.0,0.0,0.0,0.0,0.0,0.0,0.0,-1.5707964,0.0
1970-01-01 00:00:00.126093844,0.126093844,0.0,0.0,0.0,453.17038,0.0,0.0,0.0,0.0,-1.5707964,0.0
1970-01-01 00:00:00.126501607,0.126501608,0.0,0.0,266.5447,0.0,0.0,0.0,0.0,0.0,-1.5707964,0.0
1970-01-01 00:00:00.126576318,0.126576318,0.0,154.70134,0.0,0.0,0.0,0.0,0.0,0.0,-1.5707964,0.0
1970-01-01 00:00:00.126576318,0.126576318,462.58417,0.0,0.0,0.0,0.0,0.0,0.0,0.0,-1.5707964,0.0
1970-01-01 00:00:00.126816566,0.126816567,0.0,0.0,0.0,0.0,99.04419,0.0,0.0,0.0,-1.5707964,0.0
1970-01-01 00:00:00.127034369,0.127034369,0.0,0.0,0.0,695.52985,0.0,0.0,0.0,0.0,-1.5707964,0.0
1970-01-01 00:00:00.127054379,0.127054379,0.0,0.0,0.0,0.0,2884.353,0.0,0.0,0.0,-1.5707964,0.0
1970-01-01 00:00:00.127094462,0.127094463,0.0,0.0,0.0,0.0,0.0,1870.3978,0.0,0.0,-1.5707964,0.0
1970-01-01 00:00:00.127176815,0.127176815,0.0,0.0,650.18945,0.0,0.0,0.0,0.0,0.0,-1.5707964,0.0
1970-01-01 00:00:00.127317935,0.127317935,0.0,0.0,0.0,0.0,5519.4355,0.0,0.0,0.0,-1.5707964,0.0
1970-01-01 00:00:00.127343372,0.127343372,0.0,0.0,121.2303,0.0,0.0,0.0,0.0,0.0,-1.5707964,0.0
1970-01-01 00:00:00.127405396,0.127405396,0.0,0.0,423.46027,0.0,0.0,0.0,0.0,0.0,-1.5707964,0.0
1970-01-01 00:00:00.127426695,0.127426695,0.0,0.0,0.0,0.0,282.6222,0.0,0.0,0.0,-1.5707964,0.0
1970-01-01 00:00:00.127531166,0.127531166,0.0,0.0,0.0,0.0,455.8688,0.0,0.0,0.0,-1.5707964,0.0
1970-01-01 00:00:00.127567187,0.127567187,0.0,0.0,0.0,0.0,81.64106,0.0,0.0,0.0,-1.5707964,0.0
1970-01-01 00:00:00.127567713,0.127567713,0.0,0.0,0.0,136.35674,0.0,0.0,0.0,0.0,-1.5707964,0.0
1970-01-01 00:00:00.127611767,0.127611768,0.0,0.0,396.96643,0.0,0.0,0.0,0.0,0.0,-1.5707964,0.0
1970-01-01 00:00:00.127658862,0.127658862,0.0,0.0,0.0,1326.591,0.0,0.0,0.0,0.0,-1.5707964,0.0
1970-01-01 00:00:00.127680958,0.127680958,0.0,0.0,0.0,0.0,94.231514,0.0,0.0,0.0,-1.5707964,0.0
1970-01-01 00:00:00.127696238,0.127696239,329.88126,0.0,0.0,0.0,0.0,0.0,0.0,0.0,-1.5707964,0.0
1970-01-01 00:00:00.127765893,0.127765894,0.0,5205.314,0.0,0.0,0.0,0.0,0.0,0.0,-1.5707964,0.0
1970-01-01 00:00:00.127765893,0.127765894,0.0,0.0,564.1789,0.0,0.0,0.0,0.0,0.0,-1.5707964,0.0
1970-01-01 00:00:00.127873724,0.127873724,0.0,0.0,0.0,0.0,803.95215,0.0,0.0,0.0,-1.5707964,0.0
1970-01-01 00:00:00.127951750,0.12795175,0.0,409.55844,0.0,0.0,0.0,0.0,0.0,0.0,-1.5707964,0.0
1970-01-01 00:00:00.128237297,0.128237297,0.0,0.0,238.53946,0.0,0.0,0.0,0.0,0.0,-1.5707964,0.0
1970-01-01 00:00:00.128271290,0.12827129,0.0,0.0,600.93335,0.0,0.0,0.0,0.0,0.0,-1.5707964,0.0
1970-01-01 00:00:00.128479532,0.128479532,0.0,0.0,0.0,0.0,284.76178,0.0,0.0,0.0,-1.5707964,0.0
1970-01-01 00:00:00.128741133,0.128741133,102.25818,0.0,0.0,0.0,0.0,0.0,0.0,0.0,-1.5707964,0.0
1970-01-01 00:00:00.128910271,0.128910271,0.0,0.0,702.4528,0.0,0.0,0.0,0.0,0.0,-1.5707964,0.0
1970-01-01 00:00:00.129486075,0.129486075,0.0,0.0,0.0,159.63182,0.0,0.0,0.0,0.0,-1.5707964,0.0
1970-01-01 00:00:00.129606074,0.129606075,0.0,0.0,0.0,0.0,216.186,0.0,0.0,0.0,-1.5707964,0.0
1970-01-01 00:00:00.129836360,0.12983636,0.0,0.0,136.46501,0.0,0.0,0.0,0.0,0.0,-1.5707964,0.0
1970-01-01 00:00:00.130313709,0.130313709,0.0,0.0,427.90564,0.0,0.0,0.0,0.0,0.0,-1.5707964,0.0
1970-01-01 00:00:00.130440311,0.130440311,0.0,0.0,0.0,0.0,5411.6284,0.0,0.0,0.0,-1.5707964,0.0
1970-01-01 00:00:00.130530218,0.130530218,0.0,0.0,0.0,273.03125,0.0,0.0,0.0,0.0,-1.5707964,0.0
1970-01-01 00:00:00.130699922,0.130699922,0.0,1381.5327,0.0,0.0,0.0,0.0,0.0,0.0,-1.5707964,0.0
1970-01-01 00:00:00.130862665,0.130862666,0.0,0.0,0.0,1283.4015,0.0,0.0,0.0,0.0,-1.5707964,0.0
1970-01-01 00:00:00.131448058,0.131448058,528.3357,0.0,0.0,0.0,0.0,0.0,0.0,0.0,-1.5707964,0.0
1970-01-01 00:00:00.131653671,0.131653671,1097.6902,0.0,0.0,0.0,0.0,0.0,0.0,0.0,-1.5707964,0.0
1970-01-01 00:00:00.131742174,0.131742175,0.0,0.0,688.7324,0.0,0.0,0.0,0.0,0.0,-1.5707964,0.0
1970-01-01 00:00:00.131771112,0.131771112,0.0,0.0,0.0,0.0,318.5999,0.0,0.0,0.0,-1.5707964,0.0
1970-01-01 00:00:00.132012290,0.13201229,0.0,0.0,0.0,0.0,91.30185,0.0,0.0,0.0,-1.5707964,0.0
1970-01-01 00:00:00.132139356,0.132139356,0.0,0.0,0.0,0.0,0.0,516.11755,0.0,0.0,-1.5707964,0.0
1970-01-01 00:00:00.132390664,0.132390665,1424.8357,0.0,0.0,0.0,0.0,0.0,0.0,0.0,-1.5707964,0.0
1970-01-01 00:00:00.132390664,0.132390665,0.0,0.0,5256.4536,0.0,0.0,0.0,0.0,0.0,-1.5707964,0.0
1970-01-01 00:00:00.132812936,0.132812937,0.0,0.0,227.13837,0.0,0.0,0.0,0.0,0.0,-1.5707964,0.0
1970-01-01 00:00:00.132837658,0.132837658,0.0,0.0,0.0,514.59796,0.0,0.0,0.0,0.0,-1.5707964,0.0
1970-01-01 00:00:00.132981171,0.132981171,0.0,0.0,0.0,0.0,325.55203,0.0,0.0,0.0,-1.5707964,0.0
1970-01-01 00:00:00.133150691,0.133150692,0.0,0.0,0.0,0.0,406.39032,0.0,0.0,0.0,-1.5707964,0.0
1970-01-01 00:00:00.133475023,0.133475023,0.0,0.0,0.0,0.0,7239.745,0.0,0.0,0.0,-1.5707964,0.0
1970-01-01 00:00:00.133553824,0.133553825,0.0,0.0,95.80709,0.0,0.0,0.0,0.0,0.0,-1.5707964,0.0
1970-01-01 00:00:00.133723705,0.133723705,0.0,0.0,237.76355,0.0,0.0,0.0,0.0,0.0,-1.5707964,0.0
1970-01-01 00:00:00.133742204,0.133742204,0.0,0.0,0.0,0.0,0.0,808.79706,0.0,0.0,-1.5707964,0.0
1970-01-01 00:00:00.133855363,0.133855363,0.0,0.0,0.0,0.0,0.0,122.77781,0.0,0.0,-1.5707964,0.0
1970-01-01 00:00:00.134748438,0.134748438,0.0,612.0339,0.0,0.0,0.0,0.0,0.0,0.0,-1.5707964,0.0
1970-01-01 00:00:00.134769897,0.134769897,0.0,0.0,0.0,0.0,343.72708,0.0,0.0,0.0,-1.5707964,0.0
1970-01-01 00:00:00.134790256,0.134790256,0.0,0.0,0.0,2402.9465,0.0,0.0,0.0,0.0,-1.5707964,0.0
1970-01-01 00:00:00.135359397,0.135359397,0.0,0.0,0.0,0.0,0.0,505.2307,0.0,0.0,-1.5707964,0.0
1970-01-01 00:00:00.135488969,0.135488969,0.0,0.0,0.0,5750.013,0.0,0.0,0.0,0.0,-1.5707964,0.0
1970-01-01 00:00:00.135645557,0.135645557,0.0,0.0,0.0,149.02187,0.0,0.0,0.0,0.0,-1.5707964,0.0
1970-01-01 00:00:00.135904804,0.135904804,0.0,0.0,0.0,1437.4862,0.0,0.0,0.0,0.0,-1.5707964,0.0
1970-01-01 00:00:00.136243768,0.136243768,0.0,0.0,0.0,704.86615,0.0,0.0,0.0,0.0,-1.5707964,0.0
1970-01-01 00:00:00.136345640,0.13634564,301.7515,0.0,0.0,0.0,0.0,0.0,0.0,0.0,-1.5707964,0.0
1970-01-01 00:00:00.136698805,0.136698805,0.0,0.0,0.0,761.6266,0.0,0.0,0.0,0.0,-1.5707964,0.0
1970-01-01 00:00:00.137818136,0.137818136,0.0,0.0,506.96848,0.0,0.0,0.0,0.0,0.0,-1.5707964,0.0
1970-01-01 00:00:00.138006822,0.138006822,0.0,0.0,0.0,0.0,452.3172,0.0,0.0,0.0,-1.5707964,0.0
1970-01-01 00:00:00.138006822,0.138006822,0.0,0.0,735.975,0.0,0.0,0.0,0.0,0.0,-1.5707964,0.0
1970-01-01 00:00:00.138130225,0.138130225,0.0,0.0,0.0,0.0,0.0,1226.5817,0.0,0.0,-1.5707964,0.0
1970-01-01 00:00:00.138219361,0.138219361,0.0,0.0,0.0,0.0,174.70924,0.0,0.0,0.0,-1.5707964,0.0
1970-01-01 00:00:00.138301946,0.138301946,0.0,0.0,0.0,0.0,1294.0978,0.0,0.0,0.0,-1.5707964,0.0
1970-01-01 00:00:00.138384754,0.138384754,0.0,0.0,0.0,0.0,227.8848,0.0,0.0,0.0,-1.5707964,0.0
1970-01-01 00:00:00.138384754,0.138384754,0.0,0.0,0.0,0.0,426.86163,0.0,0.0,0.0,-1.5707964,0.0
1970-01-01 00:00:00.138593611,0.138593611,0.0,0.0,0.0,0.0,4531.956,0.0,0.0,0.0,-1.5707964,0.0
1970-01-01 00:00:00.138639700,0.1386397,0.0,0.0,0.0,0.0,354.395,0.0,0.0,0.0,-1.5707964,0.0
1970-01-01 00:00:00.138639700,0.1386397,0.0,0.0,0.0,0.0,5024.26,0.0,0.0,0.0,-1.5707964,0.0
1970-01-01 00:00:00.139510077,0.139510077,0.0,0.0,0.0,0.0,1260.7903,0.0,0.0,0.0,-1.5707964,0.0
1970-01-01 00:00:00.139678584,0.139678584,0.0,0.0,130.16896,0.0,0.0,0.0,0.0,0.0,-1.5707964,0.0
1970-01-01 00:00:00.139764105,0.139764105,0.0,0.0,0.0,0.0,92.79526,0.0,0.0,0.0,-1.5707964,0.0
1970-01-01 00:00:00.140517047,0.140517047,0.0,0.0,0.0,0.0,88.87103,0.0,0.0,0.0,-1.5707964,0.0
1970-01-01 00:00:00.140572409,0.140572409,0.0,149.60088,0.0,0.0,0.0,0.0,0.0,0.0,-1.5707964,0.0
1970-01-01 00:00:00.140624308,0.140624308,0.0,0.0,0.0,5955.903,0.0,0.0,0.0,0.0,-1.5707964,0.0
1970-01-01 00:00:00.140624308,0.140624308,0.0,0.0,0.0,519.61633,0.0,0.0,0.0,0.0,-1.5707964,0.0
1970-01-01 00:00:00.140856130,0.14085613,0.0,0.0,256.05893,0.0,0.0,0.0,0.0,0.0,-1.5707964,0.0
1970-01-01 00:00:00.141614138,0.141614138,0.0,0.0,0.0,0.0,0.0,164.02058,0.0,0.0,-1.5707964,0.0
1970-01-01 00:00:00.142206536,0.142206536,0.0,0.0,0.0,0.0,0.0,185.62572,0.0,0.0,-1.5707964,0.0
1970-01-01 00:00:00.142206536,0.142206536,0.0,0.0,0.0,0.0,0.0,4164.1665,0.0,0.0,-1.5707964,0.0
1970-01-01 00:00:00.142352983,0.142352983,0.0,0.0,5017.6934,0.0,0.0,0.0,0.0,0.0,-1.5707964,0.0
1970-01-01 00:00:00.142352983,0.142352983,0.0,0.0,0.0,0.0,0.0,454.52863,0.0,0.0,-1.5707964,0.0
1970-01-01 00:00:00.142398172,0.142398172,0.0,0.0,0.0,0.0,264.1769,0.0,0.0,0.0,-1.5707964,0.0
1970-01-01 00:00:00.142446768,0.142446768,0.0,0.0,0.0,0.0,0.0,112.906944,0.0,0.0,-1.5707964,0.0
1970-01-01 00:00:00.143252078,0.143252078,0.0,0.0,3598.0896,0.0,0.0,0.0,0.0,0.0,-1.5707964,0.0
1970-01-01 00:00:00.143314305,0.143314305,0.0,0.0,0.0,0.0,85.0722,0.0,0.0,0.0,-1.5707964,0.0
1970-01-01 00:00:00.143336380,0.14333638,0.0,0.0,585.18896,0.0,0.0,0.0,0.0,0.0,-1.5707964,0.0
1970-01-01 00:00:00.143352325,0.143352325,0.0,0.0,0.0,80.24163,0.0,0.0,0.0,0.0,-1.5707964,0.0
1970-01-01 00:00:00.143426501,0.143426501,0.0,0.0,0.0,0.0,3602.8965,0.0,0.0,0.0,-1.5707964,0.0
1970-01-01 00:00:00.143426501,0.143426501,0.0,0.0,0.0,506.2112,0.0,0.0,0.0,0.0,-1.5707964,0.0
1970-01-01 00:00:00.143844314,0.143844314,0.0,0.0,168.84352,0.0,0.0,0.0,0.0,0.0,-1.5707964,0.0
1970-01-01 00:00:00.143985681,0.143985681,0.0,0.0,0.0,0.0,0.0,518.75934,0.0,0.0,-1.5707964,0.0
1970-01-01 00:00:00.144153436,0.144153436,0.0,0.0,0.0,0.0,0.0,203.9259,0.0,0.0,-1.5707964,0.0
1970-01-01 00:00:00.144215324,0.144215324,0.0,0.0,0.0,514.8442,0.0,0.0,0.0,0.0,-1.5707964,0.0
1970-01-01 00:00:00.144223895,0.144223895,754.3745,0.0,0.0,0.0,0.0,0.0,0.0,0.0,-1.5707964,0.0
1970-01-01 00:00:00.144223895,0.144223895,0.0,0.0,471.2218,0.0,0.0,0.0,0.0,0.0,-1.5707964,0.0
1970-01-01 00:00:00.144494819,0.144494819,0.0,0.0,0.0,0.0,0.0,152.06027,0.0,0.0,-1.5707964,0.0
1970-01-01 00:00:00.144633940,0.14463394,0.0,0.0,1125.3097,0.0,0.0,0.0,0.0,0.0,-1.5707964,0.0
1970-01-01 00:00:00.144796281,0.144796281,0.0,0.0,0.0,0.0,414.78723,0.0,0.0,0.0,-1.5707964,0.0
1970-01-01 00:00:00.144897844,0.144897844,0.0,0.0,0.0,0.0,0.0,563.3464,0.0,0.0,-1.5707964,0.0
1970-01-01 00:00:00.144951261,0.144951261,0.0,0.0,225.76936,0.0,0.0,0.0,0.0,0.0,-1.5707964,0.0
1970-01-01 00:00:00.145373590,0.14537359,0.0,0.0,0.0,0.0,513.8254,0.0,0.0,0.0,-1.5707964,0.0
1970-01-01 00:00:00.145481574,0.145481574,0.0,1230.7783,0.0,0.0,0.0,0.0,0.0,0.0,-1.5707964,0.0
1970-01-01 00:00:00.145481574,0.145481574,0.0,0.0,0.0,0.0,590.31,0.0,0.0,0.0,-1.5707964,0.0
1970-01-01 00:00:00.145697155,0.145697155,0.0,0.0,273.49442,0.0,0.0,0.0,0.0,0.0,-1.5707964,0.0
1970-01-01 00:00:00.145707489,0.145707489,0.0,0.0,0.0,0.0,0.0,238.3417,0.0,0.0,-1.5707964,0.0
1970-01-01 00:00:00.146059898,0.146059898,0.0,0.0,0.0,0.0,0.0,285.46805,0.0,0.0,-1.5707964,0.0
1970-01-01 00:00:00.146435595,0.146435595,0.0,0.0,0.0,135.68884,0.0,0.0,0.0,0.0,-1.5707964,0.0
1970-01-01 00:00:00.146517926,0.146517926,0.0,0.0,107.81328,0.0,0.0,0.0,0.0,0.0,-1.5707964,0.0
1970-01-01 00:00:00.146789278,0.146789278,0.0,0.0,0.0,0.0,0.0,113.894844,0.0,0.0,-1.5707964,0.0
1970-01-01 00:00:00.146811197,0.146811197,0.0,0.0,0.0,0.0,0.0,374.8835,0.0,0.0,-1.5707964,0.0
1970-01-01 00:00:00.147271251,0.147271251,123.17258,0.0,0.0,0.0,0.0,0.0,0.0,0.0,-1.5707964,0.0
1970-01-01 00:00:00.147349228,0.147349228,0.0,0.0,0.0,1993.6921,0.0,0.0,0.0,0.0,-1.5707964,0.0
1970-01-01 00:00:00.147399573,0.147399573,0.0,0.0,989.79364,0.0,0.0,0.0,0.0,0.0,-1.5707964,0.0
1970-01-01 00:00:00.147588685,0.147588685,0.0,0.0,0.0,0.0,256.79495,0.0,0.0,0.0,-1.5707964,0.0
1970-01-01 00:00:00.147588685,0.147588685,0.0,0.0,0.0,663.24347,0.0,0.0,0.0,0.0,-1.5707964,0.0
1970-01-01 00:00:00.147672906,0.147672906,0.0,0.0,3423.2302,0.0,0.0,0.0,0.0,0.0,-1.5707964,0.0
1970-01-01 00:00:00.148683128,0.148683128,0.0,0.0,0.0,239.68347,0.0,0.0,0.0,0.0,-1.5707964,0.0
1970-01-01 00:00:00.148712417,0.148712417,0.0,0.0,0.0,0.0,8112.701,0.0,0.0,0.0,-1.5707964,0.0
1970-01-01 00:00:00.148747473,0.148747473,0.0,0.0,272.05933,0.0,0.0,0.0,0.0,0.0,-1.5707964,0.0
1970-01-01 00:00:00.149202616,0.149202616,0.0,0.0,0.0,152.48589,0.0,0.0,0.0,0.0,-1.5707964,0.0
1970-01-01 00:00:00.149209432,0.149209432,0.0,0.0,0.0,0.0,91.6757,0.0,0.0,0.0,-1.5707964,0.0
1970-01-01 00:00:00.149245092,0.149245092,0.0,319.71783,0.0,0.0,0.0,0.0,0.0,0.0,-1.5707964,0.0
1970-01-01 00:00:00.149245547,0.149245547,0.0,0.0,0.0,0.0,322.2072,0.0,0.0,0.0,-1.5707964,0.0
1970-01-01 00:00:00.149428300,0.1494283,0.0,0.0,0.0,114.964645,0.0,0.0,0.0,0.0,-1.5707964,0.0
1970-01-01 00:00:00.149692719,0.149692719,580.4817,0.0,0.0,0.0,0.0,0.0,0.0,0.0,-1.5707964,0.0
1970-01-01 00:00:00.150677586,0.150677586,0.0,0.0,160.08185,0.0,0.0,0.0,0.0,0.0,-1.5707964,0.0
1970-01-01 00:00:00.150769882,0.150769882,0.0,0.0,0.0,0.0,0.0,130.47726,0.0,0.0,-1.5707964,0.0
1970-01-01 00:00:00.150909210,0.15090921,0.0,0.0,0.0,0.0,0.0,453.57077,0.0,0.0,-1.5707964,0.0
1970-01-01 00:00:00.151060307,0.151060307,0.0,0.0,0.0,0.0,328.0103,0.0,0.0,0.0,-1.5707964,0.0
1970-01-01 00:00:00.151109645,0.151109645,1567.3041,0.0,0.0,0.0,0.0,0.0,0.0,0.0,-1.5707964,0.0
1970-01-01 00:00:00.151784128,0.151784128,0.0,0.0,733.15686,0.0,0.0,0.0,0.0,0.0,-1.5707964,0.0
1970-01-01 00:00:00.151827687,0.151827687,0.0,0.0,0.0,0.0,96.037674,0.0,0.0,0.0,-1.5707964,0.0
1970-01-01 00:00:00.152000382,0.152000382,0.0,0.0,516.3251,0.0,0.0,0.0,0.0,0.0,-1.5707964,0.0
1970-01-01 00:00:00.152109490,0.15210949,317.30444,0.0,0.0,0.0,0.0,0.0,0.0,0.0,-1.5707964,0.0
1970-01-01 00:00:00.152146503,0.152146503,0.0,0.0,0.0,0.0,471.55353,0.0,0.0,0.0,-1.5707964,0.0
1970-01-01 00:00:00.153767357,0.153767357,0.0,0.0,0.0,0.0,0.0,512.95526,0.0,0.0,-1.5707964,0.0
1970-01-01 00:00:00.153771677,0.153771677,0.0,0.0,0.0,0.0,246.51454,0.0,0.0,0.0,-1.5707964,0.0
1970-01-01 00:00:00.154138497,0.154138497,0.0,0.0,2004.9338,0.0,0.0,0.0,0.0,0.0,-1.5707964,0.0
1970-01-01 00:00:00.154868871,0.154868871,0.0,0.0,172.89877,0.0,0.0,0.0,0.0,0.0,-1.5707964,0.0
1970-01-01 00:00:00.154978286,0.154978286,0.0,0.0,402.61722,0.0,0.0,0.0,0.0,0.0,-1.5707964,0.0
1970-01-01 00:00:00.155041923,0.155041923,630.56213,0.0,0.0,0.0,0.0,0.0,0.0,0.0,-1.5707964,0.0
1970-01-01 00:00:00.155403511,0.155403511,0.0,0.0,0.0,0.0,80.50323,0.0,0.0,0.0,-1.5707964,0.0
1970-01-01 00:00:00.155621269,0.155621269,0.0,0.0,0.0,0.0,0.0,205.73932,0.0,0.0,-1.5707964,0.0
1970-01-01 00:00:00.155635357,0.155635357,0.0,0.0,336.9499,0.0,0.0,0.0,0.0,0.0,-1.5707964,0.0
1970-01-01 00:00:00.155720728,0.155720728,0.0,0.0,0.0,0.0,349.97598,0.0,0.0,0.0,-1.5707964,0.0
1970-01-01 00:00:00.156214745,0.156214745,0.0,0.0,0.0,0.0,266.13687,0.0,0.0,0.0,-1.5707964,0.0
1970-01-01 00:00:00.156221801,0.156221801,0.0,0.0,0.0,0.0,1661.572,0.0,0.0,0.0,-1.5707964,0.0
1970-01-01 00:00:00.156558504,0.156558504,0.0,0.0,0.0,0.0,0.0,2359.9949,0.0,0.0,-1.5707964,0.0
1970-01-01 00:00:00.156812240,0.15681224,0.0,0.0,0.0,1839.1843,0.0,0.0,0.0,0.0,-1.5707964,0.0
1970-01-01 00:00:00.156843564,0.156843564,0.0,0.0,0.0,0.0,436.76947,0.0,0.0,0.0,-1.5707964,0.0
1970-01-01 00:00:00.157194530,0.15719453,0.0,0.0,0.0,7880.4033,0.0,0.0,0.0,0.0,-1.5707964,0.0
1970-01-01 00:00:00.157239484,0.157239484,0.0,0.0,854.51294,0.0,0.0,0.0,0.0,0.0,-1.5707964,0.0
1970-01-01 00:00:00.157602351,0.157602351,0.0,0.0,0.0,0.0,6751.5957,0.0,0.0,0.0,-1.5707964,0.0
1970-01-01 00:00:00.157873916,0.157873916,0.0,0.0,0.0,0.0,0.0,277.92474,0.0,0.0,-1.5707964,0.0
1970-01-01 00:00:00.158080148,0.158080148,0.0,0.0,0.0,0.0,0.0,4597.4644,0.0,0.0,-1.5707964,0.0
1970-01-01 00:00:00.158222833,0.158222833,0.0,0.0,0.0,0.0,1007.3413,0.0,0.0,0.0,-1.5707964,0.0
1970-01-01 00:00:00.158723943,0.158723943,0.0,0.0,833.15936,0.0,0.0,0.0,0.0,0.0,-1.5707964,0.0
1970-01-01 00:00:00.158751998,0.158751998,0.0,99.25822,0.0,0.0,0.0,0.0,0.0,0.0,-1.5707964,0.0
1970-01-01 00:00:00.158977283,0.158977283,0.0,0.0,85.4243,0.0,0.0,0.0,0.0,0.0,-1.5707964,0.0
1970-01-01 00:00:00.159468520,0.15946852,0.0,0.0,1418.1724,0.0,0.0,0.0,0.0,0.0,-1.5707964,0.0
1970-01-01 00:00:00.159691159,0.159691159,0.0,0.0,0.0,0.0,1182.729,0.0,0.0,0.0,-1.5707964,0.0
1970-01-01 00:00:00.160217445,0.160217445,0.0,0.0,0.0,146.18718,0.0,0.0,0.0,0.0,-1.5707964,0.0
1970-01-01 00:00:00.160217445,0.160217445,0.0,0.0,0.0,417.4626,0.0,0.0,0.0,0.0,-1.5707964,0.0
1970-01-01 00:00:00.160564775,0.160564775,0.0,0.0,329.8794,0.0,0.0,0.0,0.0,0.0,-1.5707964,0.0
1970-01-01 00:00:00.161021570,0.16102157,0.0,0.0,0.0,0.0,0.0,108.04626,0.0,0.0,-1.5707964,0.0
1970-01-01 00:00:00.161185735,0.161185735,0.0,0.0,0.0,0.0,161.19019,0.0,0.0,0.0,-1.5707964,0.0
1970-01-01 00:00:00.161249711,0.161249711,0.0,214.62494,0.0,0.0,0.0,0.0,0.0,0.0,-1.5707964,0.0
1970-01-01 00:00:00.161303284,0.161303284,0.0,544.85016,0.0,0.0,0.0,0.0,0.0,0.0,-1.5707964,0.0
1970-01-01 00:00:00.161308459,0.161308459,0.0,0.0,117.08249,0.0,0.0,0.0,0.0,0.0,-1.5707964,0.0
1970-01-01 00:00:00.161388061,0.161388061,0.0,0.0,0.0,0.0,0.0,336.75208,0.0,0.0,-1.5707964,0.0
1970-01-01 00:00:00.161433976,0.161433976,0.0,0.0,0.0,0.0,0.0,6963.779,0.0,0.0,-1.5707964,0.0
1970-01-01 00:00:00.161476832,0.161476832,0.0,0.0,0.0,0.0,1116.3845,0.0,0.0,0.0,-1.5707964,0.0
1970-01-01 00:00:00.161476832,0.161476832,0.0,0.0,0.0,238.20476,0.0,0.0,0.0,0.0,-1.5707964,0.0
1970-01-01 00:00:00.161790811,0.161790811,0.0,0.0,0.0,0.0,0.0,351.86172,0.0,0.0,-1.5707964,0.0
1970-01-01 00:00:00.161924266,0.161924266,144.54852,0.0,0.0,0.0,0.0,0.0,0.0,0.0,-1.5707964,0.0
1970-01-01 00:00:00.162157156,0.162157156,0.0,0.0,0.0,0.0,1852.3125,0.0,0.0,0.0,-1.5707964,0.0
1970-01-01 00:00:00.162255731,0.162255731,0.0,0.0,0.0,0.0,216.82666,0.0,0.0,0.0,-1.5707964,0.0
1970-01-01 00:00:00.162575916,0.162575916,0.0,0.0,537.6574,0.0,0.0,0.0,0.0,0.0,-1.5707964,0.0
1970-01-01 00:00:00.163289267,0.163289267,0.0,0.0,0.0,0.0,96.60418,0.0,0.0,0.0,-1.5707964,0.0
1970-01-01 00:00:00.163327691,0.163327691,0.0,354.909,0.0,0.0,0.0,0.0,0.0,0.0,-1.5707964,0.0
1970-01-01 00:00:00.163327691,0.163327691,0.0,0.0,0.0,5266.497,0.0,0.0,0.0,0.0,-1.5707964,0.0
1970-01-01 00:00:00.163363709,0.163363709,0.0,0.0,0.0,0.0,0.0,394.38928,0.0,0.0,-1.5707964,0.0
1970-01-01 00:00:00.163424189,0.163424189,0.0,0.0,224.8795,0.0,0.0,0.0,0.0,0.0,-1.5707964,0.0
1970-01-01 00:00:00.163437116,0.163437116,0.0,0.0,362.0746,0.0,0.0,0.0,0.0,0.0,-1.5707964,0.0
1970-01-01 00:00:00.163466534,0.163466534,0.0,0.0,0.0,0.0,130.25377,0.0,0.0,0.0,-1.5707964,0.0
1970-01-01 00:00:00.163484770,0.16348477,0.0,0.0,0.0,244.53877,0.0,0.0,0.0,0.0,-1.5707964,0.0
1970-01-01 00:00:00.163596011,0.163596011,0.0,0.0,0.0,0.0,1037.0522,0.0,0.0,0.0,-1.5707964,0.0
1970-01-01 00:00:00.163687941,0.163687941,0.0,0.0,0.0,0.0,809.10144,0.0,0.0,0.0,-1.5707964,0.0
1970-01-01 00:00:00.163814416,0.163814416,0.0,0.0,0.0,1384.7561,0.0,0.0,0.0,0.0,-1.5707964,0.0
1970-01-01 00:00:00.163867278,0.163867278,0.0,0.0,0.0,0.0,2008.1571,0.0,0.0,0.0,-1.5707964,0.0
1970-01-01 00:00:00.163881823,0.163881823,0.0,0.0,966.8997,0.0,0.0,0.0,0.0,0.0,-1.5707964,0.0
1970-01-01 00:00:00.164002655,0.164002655,0.0,0.0,0.0,0.0,353.97308,0.0,0.0,0.0,-1.5707964,0.0
1970-01-01 00:00:00.164905677,0.164905677,0.0,0.0,0.0,0.0,581.45624,0.0,0.0,0.0,-1.5707964,0.0
1970-01-01 00:00:00.165259521,0.165259521,2600.6406,0.0,0.0,0.0,0.0,0.0,0.0,0.0,-1.5707964,0.0
1970-01-01 00:00:00.165957068,0.165957068,0.0,0.0,836.22925,0.0,0.0,0.0,0.0,0.0,-1.5707964,0.0
1970-01-01 00:00:00.165957068,0.165957068,0.0,0.0,217.50476,0.0,0.0,0.0,0.0,0.0,-1.5707964,0.0
1970-01-01 00:00:00.166364641,0.166364641,0.0,0.0,154.0188,0.0,0.0,0.0,0.0,0.0,-1.5707964,0.0
1970-01-01 00:00:00.166482287,0.166482287,0.0,0.0,0.0,0.0,0.0,102.57319,0.0,0.0,-1.5707964,0.0
1970-01-01 00:00:00.166516968,0.166516968,0.0,0.0,0.0,823.6509,0.0,0.0,0.0,0.0,-1.5707964,0.0
1970-01-01 00:00:00.166696517,0.166696517,0.0,0.0,0.0,248.66913,0.0,0.0,0.0,0.0,-1.5707964,0.0
1970-01-01 00:00:00.166817446,0.166817446,0.0,0.0,611.05896,0.0,0.0,0.0,0.0,0.0,-1.5707964,0.0
1970-01-01 00:00:00.166896383,0.166896383,0.0,0.0,211.17482,0.0,0.0,0.0,0.0,0.0,-1.5707964,0.0
1970-01-01 00:00:00.166974745,0.166974745,0.0,0.0,0.0,0.0,0.0,157.05032,0.0,0.0,-1.5707964,0.0
1970-01-01 00:00:00.167003488,0.167003488,0.0,0.0,0.0,0.0,7707.618,0.0,0.0,0.0,-1.5707964,0.0
1970-01-01 00:00:00.167031034,0.167031034,0.0,0.0,0.0,0.0,322.09366,0.0,0.0,0.0,-1.5707964,0.0
1970-01-01 00:00:00.167054155,0.167054155,0.0,0.0,113.45216,0.0,0.0,0.0,0.0,0.0,-1.5707964,0.0
1970-01-01 00:00:00.167353411,0.167353411,0.0,0.0,149.52687,0.0,0.0,0.0,0.0,0.0,-1.5707964,0.0
1970-01-01 00:00:00.167358194,0.167358194,0.0,0.0,0.0,0.0,99.6879,0.0,0.0,0.0,-1.5707964,0.0
1970-01-01 00:00:00.167386987,0.167386987,0.0,0.0,0.0,0.0,0.0,161.37383,0.0,0.0,-1.5707964,0.0
1970-01-01 00:00:00.168094769,0.168094769,0.0,0.0,305.549,0.0,0.0,0.0,0.0,0.0,-1.5707964,0.0
1970-01-01 00:00:00.168330421,0.168330421,0.0,0.0,214.61636,0.0,0.0,0.0,0.0,0.0,-1.5707964,0.0
1970-01-01 00:00:00.168330421,0.168330421,0.0,0.0,287.1035,0.0,0.0,0.0,0.0,0.0,-1.5707964,0.0
1970-01-01 00:00:00.168731942,0.168731942,0.0,0.0,0.0,0.0,0.0,423.24,0.0,0.0,-1.5707964,0.0
1970-01-01 00:00:00.169762665,0.169762665,0.0,0.0,0.0,0.0,483.81894,0.0,0.0,0.0,-1.5707964,0.0
1970-01-01 00:00:00.169762665,0.169762665,0.0,0.0,0.0,0.0,2949.2317,0.0,0.0,0.0,-1.5707964,0.0
1970-01-01 00:00:00.169866346,0.169866346,0.0,0.0,0.0,0.0,0.0,202.34526,0.0,0.0,-1.5707964,0.0
1970-01-01 00:00:00.169993071,0.169993071,0.0,417.80606,0.0,0.0,0.0,0.0,0.0,0.0,-1.5707964,0.0
1970-01-01 00:00:00.170148782,0.170148782,0.0,0.0,0.0,0.0,0.0,494.15912,0.0,0.0,-1.5707964,0.0
1970-01-01 00:00:00.170242385,0.170242385,0.0,0.0,0.0,0.0,130.21059,0.0,0.0,0.0,-1.5707964,0.0
1970-01-01 00:00:00.170470486,0.170470486,0.0,0.0,0.0,246.59596,0.0,0.0,0.0,0.0,-1.5707964,0.0
1970-01-01 00:00:00.170578939,0.170578939,97.24108,0.0,0.0,0.0,0.0,0.0,0.0,0.0,-1.5707964,0.0
1970-01-01 00:00:00.170637752,0.170637752,0.0,0.0,1089.1356,0.0,0.0,0.0,0.0,0.0,-1.5707964,0.0
1970-01-01 00:00:00.170669678,0.170669678,0.0,0.0,0.0,0.0,164.70644,0.0,0.0,0.0,-1.5707964,0.0
1970-01-01 00:00:00.170766997,0.170766997,0.0,0.0,0.0,0.0,334.95258,0.0,0.0,0.0,-1.5707964,0.0
1970-01-01 00:00:00.170792726,0.170792726,0.0,450.40668,0.0,0.0,0.0,0.0,0.0,0.0,-1.5707964,0.0
1970-01-01 00:00:00.170803118,0.170803118,0.0,0.0,94.00721,0.0,0.0,0.0,0.0,0.0,-1.5707964,0.0
1970-01-01 00:00:00.170821920,0.17082192,0.0,0.0,0.0,0.0,0.0,304.33884,0.0,0.0,-1.5707964,0.0
1970-01-01 00:00:00.171348269,0.171348269,0.0,0.0,0.0,0.0,0.0,235.49873,0.0,0.0,-1.5707964,0.0
1970-01-01 00:00:00.171431305,0.171431305,0.0,0.0,0.0,2748.12,0.0,0.0,0.0,0.0,-1.5707964,0.0
1970-01-01 00:00:00.171618333,0.171618333,0.0,0.0,0.0,326.70026,0.0,0.0,0.0,0.0,-1.5707964,0.0
1970-01-01 00:00:00.171762902,0.171762902,0.0,0.0,127.19802,0.0,0.0,0.0,0.0,0.0,-1.5707964,0.0
1970-01-01 00:00:00.171795995,0.171795995,0.0,0.0,0.0,0.0,757.3258,0.0,0.0,0.0,-1.5707964,0.0
1970-01-01 00:00:00.171933987,0.171933987,0.0,0.0,207.63568,0.0,0.0,0.0,0.0,0.0,-1.5707964,0.0
1970-01-01 00:00:00.171938310,0.17193831,0.0,0.0,0.0,422.61487,0.0,0.0,0.0,0.0,-1.5707964,0.0
1970-01-01 00:00:00.172121189,0.172121189,0.0,0.0,138.06062,0.0,0.0,0.0,0.0,0.0,-1.5707964,0.0
1970-01-01 00:00:00.172334750,0.17233475,0.0,0.0,1211.8751,0.0,0.0,0.0,0.0,0.0,-1.5707964,0.0
1970-01-01 00:00:00.172733616,0.172733616,0.0,0.0,0.0,0.0,620.6436,0.0,0.0,0.0,-1.5707964,0.0
1970-01-01 00:00:00.172777660,0.17277766,0.0,0.0,0.0,0.0,179.96695,0.0,0.0,0.0,-1.5707964,0.0
1970-01-01 00:00:00.172963856,0.172963856,0.0,0.0,0.0,276.7069,0.0,0.0,0.0,0.0,-1.5707964,0.0
1970-01-01 00:00:00.172993660,0.17299366,0.0,0.0,0.0,225.74573,0.0,0.0,0.0,0.0,-1.5707964,0.0
1970-01-01 00:00:00.173115430,0.17311543,4549.7427,0.0,0.0,0.0,0.0,0.0,0.0,0.0,-1.5707964,0.0
1970-01-01 00:00:00.173115430,0.17311543,0.0,0.0,3112.2788,0.0,0.0,0.0,0.0,0.0,-1.5707964,0.0
1970-01-01 00:00:00.173174512,0.173174512,0.0,0.0,0.0,0.0,8054.786,0.0,0.0,0.0,-1.5707964,0.0
1970-01-01 00:00:00.174212775,0.174212775,0.0,0.0,0.0,0.0,0.0,613.96625,0.0,0.0,-1.5707964,0.0
1970-01-01 00:00:00.174739152,0.174739152,0.0,0.0,104.5914,0.0,0.0,0.0,0.0,0.0,-1.5707964,0.0
1970-01-01 00:00:00.174792652,0.174792652,0.0,0.0,0.0,0.0,7714.2725,0.0,0.0,0.0,-1.5707964,0.0
1970-01-01 00:00:00.175196644,0.175196644,0.0,0.0,0.0,322.8929,0.0,0.0,0.0,0.0,-1.5707964,0.0
1970-01-01 00:00:00.175208760,0.17520876,0.0,0.0,0.0,0.0,111.47269,0.0,0.0,0.0,-1.5707964,0.0
1970-01-01 00:00:00.175227796,0.175227796,0.0,0.0,201.2522,0.0,0.0,0.0,0.0,0.0,-1.5707964,0.0
1970-01-01 00:00:00.175306374,0.175306374,0.0,0.0,238.58522,0.0,0.0,0.0,0.0,0.0,-1.5707964,0.0
1970-01-01 00:00:00.175381771,0.175381771,0.0,0.0,0.0,0.0,121.56091,0.0,0.0,0.0,-1.5707964,0.0
1970-01-01 00:00:00.175473557,0.175473557,0.0,0.0,184.40501,0.0,0.0,0.0,0.0,0.0,-1.5707964,0.0
1970-01-01 00:00:00.175773140,0.17577314,0.0,0.0,0.0,0.0,0.0,610.6104,0.0,0.0,-1.5707964,0.0
1970-01-01 00:00:00.175821161,0.175821161,0.0,0.0,0.0,0.0,232.16571,0.0,0.0,0.0,-1.5707964,0.0
1970-01-01 00:00:00.175855424,0.175855424,0.0,0.0,0.0,0.0,239.03412,0.0,0.0,0.0,-1.5707964,0.0
1970-01-01 00:00:00.175902767,0.175902767,0.0,0.0,0.0,0.0,0.0,107.835625,0.0,0.0,-1.5707964,0.0
1970-01-01 00:00:00.175908490,0.17590849,120.16066,0.0,0.0,0.0,0.0,0.0,0.0,0.0,-1.5707964,0.0
1970-01-01 00:00:00.176007282,0.176007282,1372.2429,0.0,0.0,0.0,0.0,0.0,0.0,0.0,-1.5707964,0.0
1970-01-01 00:00:00.176021906,0.176021906,0.0,0.0,0.0,0.0,214.63377,0.0,0.0,0.0,-1.5707964,0.0
1970-01-01 00:00:00.176076481,0.176076481,0.0,0.0,220.91013,0.0,0.0,0.0,0.0,0.0,-1.5707964,0.0
1970-01-01 00:00:00.176076481,0.176076481,0.0,0.0,1551.0906,0.0,0.0,0.0,0.0,0.0,-1.5707964,0.0
1970-01-01 00:00:00.176077173,0.176077173,157.76125,0.0,0.0,0.0,0.0,0.0,0.0,0.0,-1.5707964,0.0
1970-01-01 00:00:00.176077957,0.176077957,0.0,0.0,317.4854,0.0,0.0,0.0,0.0,0.0,-1.5707964,0.0
1970-01-01 00:00:00.176253483,0.176253483,0.0,0.0,0.0,0.0,0.0,2892.7651,0.0,0.0,-1.5707964,0.0
1970-01-01 00:00:00.176299558,0.176299558,0.0,0.0,0.0,0.0,0.0,1942.6053,0.0,0.0,-1.5707964,0.0
1970-01-01 00:00:00.176502637,0.176502637,0.0,0.0,2877.4197,0.0,0.0,0.0,0.0,0.0,-1.5707964,0.0
1970-01-01 00:00:00.176650257,0.176650257,0.0,0.0,0.0,0.0,193.0766,0.0,0.0,0.0,-1.5707964,0.0
1970-01-01 00:00:00.176707742,0.176707742,0.0,0.0,0.0,264.05872,0.0,0.0,0.0,0.0,-1.5707964,0.0
1970-01-01 00:00:00.176767146,0.176767146,0.0,0.0,0.0,0.0,0.0,3178.1443,0.0,0.0,-1.5707964,0.0
1970-01-01 00:00:00.176947724,0.176947724,0.0,0.0,392.59155,0.0,0.0,0.0,0.0,0.0,-1.5707964,0.0
1970-01-01 00:00:00.177216246,0.177216246,1738.558,0.0,0.0,0.0,0.0,0.0,0.0,0.0,-1.5707964,0.0
1970-01-01 00:00:00.177571062,0.177571062,0.0,0.0,1026.1561,0.0,0.0,0.0,0.0,0.0,-1.5707964,0.0
1970-01-01 00:00:00.177718757,0.177718757,0.0,385.29474,0.0,0.0,0.0,0.0,0.0,0.0,-1.5707964,0.0
1970-01-01 00:00:00.178709307,0.178709307,0.0,0.0,0.0,0.0,248.7228,0.0,0.0,0.0,-1.5707964,0.0
1970-01-01 00:00:00.178720021,0.178720021,0.0,0.0,0.0,0.0,762.59937,0.0,0.0,0.0,-1.5707964,0.0
1970-01-01 00:00:00.178818426,0.178818426,0.0,0.0,0.0,0.0,0.0,110.836975,0.0,0.0,-1.5707964,0.0
1970-01-01 00:00:00.179086507,0.179086507,0.0,0.0,0.0,0.0,276.99365,0.0,0.0,0.0,-1.5707964,0.0
1970-01-01 00:00:00.179098652,0.179098652,0.0,0.0,0.0,0.0,521.5617,0.0,0.0,0.0,-1.5707964,0.0
1970-01-01 00:00:00.179287431,0.179287431,0.0,0.0,0.0,0.0,6300.8647,0.0,0.0,0.0,-1.5707964,0.0
1970-01-01 00:00:00.179630892,0.179630892,0.0,0.0,391.48862,0.0,0.0,0.0,0.0,0.0,-1.5707964,0.0
1970-01-01 00:00:00.179630892,0.179630892,0.0,0.0,0.0,0.0,613.35846,0.0,0.0,0.0,-1.5707964,0.0
1970-01-01 00:00:00.179822701,0.179822701,0.0,278.0082,0.0,0.0,0.0,0.0,0.0,0.0,-1.5707964,0.0
1970-01-01 00:00:00.179913929,0.179913929,0.0,0.0,0.0,0.0,1268.3572,0.0,0.0,0.0,-1.5707964,0.0
1970-01-01 00:00:00.180380244,0.180380244,0.0,0.0,0.0,566.8128,0.0,0.0,0.0,0.0,-1.5707964,0.0
1970-01-01 00:00:00.180518362,0.180518362,0.0,0.0,0.0,0.0,746.8859,0.0,0.0,0.0,-1.5707964,0.0
1970-01-01 00:00:00.180562822,0.180562822,0.0,0.0,0.0,0.0,322.1577,0.0,0.0,0.0,-1.5707964,0.0
1970-01-01 00:00:00.180765015,0.180765015,0.0,0.0,0.0,81.62664,0.0,0.0,0.0,0.0,-1.5707964,0.0
1970-01-01 00:00:00.180765469,0.180765469,0.0,0.0,0.0,566.4309,0.0,0.0,0.0,0.0,-1.5707964,0.0
1970-01-01 00:00:00.180774004,0.180774004,0.0,0.0,0.0,270.22586,0.0,0.0,0.0,0.0,-1.5707964,0.0
1970-01-01 00:00:00.180894381,0.180894381,0.0,0.0,0.0,0.0,139.23613,0.0,0.0,0.0,-1.5707964,0.0
1970-01-01 00:00:00.181431483,0.181431483,645.2773,0.0,0.0,0.0,0.0,0.0,0.0,0.0,-1.5707964,0.0
1970-01-01 00:00:00.181475386,0.181475386,0.0,0.0,0.0,0.0,0.0,228.85759,0.0,0.0,-1.5707964,0.0
1970-01-01 00:00:00.182214396,0.182214396,0.0,0.0,473.3728,0.0,0.0,0.0,0.0,0.0,-1.5707964,0.0
1970-01-01 00:00:00.182736968,0.182736968,0.0,0.0,0.0,1113.5898,0.0,0.0,0.0,0.0,-1.5707964,0.0
1970-01-01 00:00:00.183241187,0.183241187,0.0,0.0,469.47708,0.0,0.0,0.0,0.0,0.0,-1.5707964,0.0
1970-01-01 00:00:00.183305495,0.183305495,0.0,0.0,0.0,0.0,204.94466,0.0,0.0,0.0,-1.5707964,0.0
1970-01-01 00:00:00.183498082,0.183498082,0.0,0.0,423.6389,0.0,0.0,0.0,0.0,0.0,-1.5707964,0.0
1970-01-01 00:00:00.183870747,0.183870747,0.0,0.0,81.25439,0.0,0.0,0.0,0.0,0.0,-1.5707964,0.0
1970-01-01 00:00:00.184066598,0.184066598,0.0,0.0,313.0072,0.0,0.0,0.0,0.0,0.0,-1.5707964,0.0
1970-01-01 00:00:00.184066598,0.184066598,0.0,0.0,0.0,0.0,0.0,400.84167,0.0,0.0,-1.5707964,0.0
1970-01-01 00:00:00.184320078,0.184320078,0.0,0.0,0.0,0.0,0.0,441.01163,0.0,0.0,-1.5707964,0.0
1970-01-01 00:00:00.184372865,0.184372865,0.0,316.94168,0.0,0.0,0.0,0.0,0.0,0.0,-1.5707964,0.0
1970-01-01 00:00:00.184566665,0.184566665,0.0,0.0,0.0,0.0,986.4418,0.0,0.0,0.0,-1.5707964,0.0
1970-01-01 00:00:00.184602655,0.184602655,0.0,0.0,0.0,92.342155,0.0,0.0,0.0,0.0,-1.5707964,0.0
1970-01-01 00:00:00.184726623,0.184726623,426.4102,0.0,0.0,0.0,0.0,0.0,0.0,0.0,-1.5707964,0.0
1970-01-01 00:00:00.185219200,0.1852192,0.0,0.0,308.66217,0.0,0.0,0.0,0.0,0.0,-1.5707964,0.0
1970-01-01 00:00:00.185386858,0.185386858,0.0,0.0,0.0,526.6804,0.0,0.0,0.0,0.0,-1.5707964,0.0
1970-01-01 00:00:00.185421772,0.185421772,0.0,0.0,0.0,0.0,698.4619,0.0,0.0,0.0,-1.5707964,0.0
1970-01-01 00:00:00.185579178,0.185579178,0.0,0.0,1041.3448,0.0,0.0,0.0,0.0,0.0,-1.5707964,0.0
1970-01-01 00:00:00.186051048,0.186051048,0.0,0.0,0.0,0.0,202.14883,0.0,0.0,0.0,-1.5707964,0.0
1970-01-01 00:00:00.186184211,0.186184211,0.0,0.0,0.0,0.0,0.0,162.966,0.0,0.0,-1.5707964,0.0
1970-01-01 00:00:00.186275195,0.186275195,0.0,0.0,0.0,0.0,0.0,1161.1924,0.0,0.0,-1.5707964,0.0
1970-01-01 00:00:00.186364067,0.186364067,0.0,0.0,225.08546,0.0,0.0,0.0,0.0,0.0,-1.5707964,0.0
1970-01-01 00:00:00.186460091,0.186460091,0.0,0.0,0.0,0.0,665.2731,0.0,0.0,0.0,-1.5707964,0.0
1970-01-01 00:00:00.186861738,0.186861738,0.0,0.0,1385.3896,0.0,0.0,0.0,0.0,0.0,-1.5707964,0.0
1970-01-01 00:00:00.187236126,0.187236126,0.0,0.0,0.0,81.49834,0.0,0.0,0.0,0.0,-1.5707964,0.0
1970-01-01 00:00:00.187546265,0.187546265,0.0,0.0,0.0,0.0,483.8214,0.0,0.0,0.0,-1.5707964,0.0
1970-01-01 00:00:00.187754253,0.187754253,0.0,0.0,175.90999,0.0,0.0,0.0,0.0,0.0,-1.5707964,0.0
1970-01-01 00:00:00.187841109,0.187841109,0.0,0.0,0.0,83.40255,0.0,0.0,0.0,0.0,-1.5707964,0.0
1970-01-01 00:00:00.187897585,0.187897585,0.0,0.0,0.0,0.0,406.77194,0.0,0.0,0.0,-1.5707964,0.0
1970-01-01 00:00:00.187921499,0.187921499,0.0,0.0,0.0,0.0,372.6759,0.0,0.0,0.0,-1.5707964,0.0
1970-01-01 00:00:00.188049981,0.188049981,0.0,0.0,1291.4346,0.0,0.0,0.0,0.0,0.0,-1.5707964,0.0
1970-01-01 00:00:00.188146188,0.188146188,0.0,0.0,0.0,0.0,0.0,398.3514,0.0,0.0,-1.5707964,0.0
1970-01-01 00:00:00.188361539,0.188361539,0.0,0.0,0.0,1213.253,0.0,0.0,0.0,0.0,-1.5707964,0.0
1970-01-01 00:00:00.188897865,0.188897865,0.0,0.0,0.0,0.0,0.0,80.3802,0.0,0.0,-1.5707964,0.0
1970-01-01 00:00:00.189023307,0.189023307,0.0,0.0,0.0,0.0,0.0,372.74307,0.0,0.0,-1.5707964,0.0
1970-01-01 00:00:00.189329855,0.189329855,0.0,1135.3363,0.0,0.0,0.0,0.0,0.0,0.0,-1.5707964,0.0
1970-01-01 00:00:00.189401928,0.189401928,0.0,0.0,0.0,1599.3888,0.0,0.0,0.0,0.0,-1.5707964,0.0
1970-01-01 00:00:00.189621150,0.18962115,0.0,0.0,1589.2957,0.0,0.0,0.0,0.0,0.0,-1.5707964,0.0
1970-01-01 00:00:00.189747543,0.189747543,0.0,0.0,0.0,133.20468,0.0,0.0,0.0,0.0,-1.5707964,0.0
1970-01-01 00:00:00.189749150,0.18974915,0.0,0.0,0.0,0.0,205.63986,0.0,0.0,0.0,-1.5707964,0.0
1970-01-01 00:00:00.190113032,0.190113032,0.0,0.0,90.914154,0.0,0.0,0.0,0.0,0.0,-1.5707964,0.0
1970-01-01 00:00:00.190139876,0.190139876,0.0,0.0,0.0,327.0221,0.0,0.0,0.0,0.0,-1.5707964,0.0
1970-01-01 00:00:00.190316326,0.190316326,0.0,0.0,372.0688,0.0,0.0,0.0,0.0,0.0,-1.5707964,0.0
1970-01-01 00:00:00.190340428,0.190340428,80.04049,0.0,0.0,0.0,0.0,0.0,0.0,0.0,-1.5707964,0.0
1970-01-01 00:00:00.190497765,0.190497765,0.0,0.0,81.80651,0.0,0.0,0.0,0.0,0.0,-1.5707964,0.0
1970-01-01 00:00:00.190627187,0.190627187,0.0,0.0,0.0,0.0,1185.5527,0.0,0.0,0.0,-1.5707964,0.0
1970-01-01 00:00:00.190735942,0.190735942,0.0,0.0,147.61993,0.0,0.0,0.0,0.0,0.0,-1.5707964,0.0
1970-01-01 00:00:00.191051181,0.191051181,0.0,0.0,0.0,99.613434,0.0,0.0,0.0,0.0,-1.5707964,0.0
1970-01-01 00:00:00.191303983,0.191303983,0.0,0.0,0.0,0.0,165.9302,0.0,0.0,0.0,-1.5707964,0.0
1970-01-01 00:00:00.191319166,0.191319166,0.0,0.0,0.0,0.0,0.0,203.30908,0.0,0.0,-1.5707964,0.0
1970-01-01 00:00:00.191342044,0.191342044,0.0,0.0,0.0,0.0,5007.803,0.0,0.0,0.0,-1.5707964,0.0
1970-01-01 00:00:00.191351519,0.191351519,0.0,0.0,0.0,627.8574,0.0,0.0,0.0,0.0,-1.5707964,0.0
1970-01-01 00:00:00.191378955,0.191378955,0.0,0.0,1689.3923,0.0,0.0,0.0,0.0,0.0,-1.5707964,0.0
1970-01-01 00:00:00.192198704,0.192198704,0.0,0.0,0.0,0.0,0.0,162.08301,0.0,0.0,-1.5707964,0.0
1970-01-01 00:00:00.192237034,0.192237034,0.0,0.0,0.0,1052.1555,0.0,0.0,0.0,0.0,-1.5707964,0.0
1970-01-01 00:00:00.192837221,0.192837221,0.0,0.0,176.44598,0.0,0.0,0.0,0.0,0.0,-1.5707964,0.0
1970-01-01 00:00:00.193084275,0.193084275,0.0,0.0,99.472374,0.0,0.0,0.0,0.0,0.0,-1.5707964,0.0
1970-01-01 00:00:00.193128484,0.193128484,0.0,0.0,0.0,125.975235,0.0,0.0,0.0,0.0,-1.5707964,0.0
1970-01-01 00:00:00.193130722,0.193130722,0.0,224.16191,0.0,0.0,0.0,0.0,0.0,0.0,-1.5707964,0.0
1970-01-01 00:00:00.193160620,0.19316062,0.0,0.0,132.26306,0.0,0.0,0.0,0.0,0.0,-1.5707964,0.0
1970-01-01 00:00:00.193187445,0.193187445,0.0,0.0,4245.5527,0.0,0.0,0.0,0.0,0.0,-1.5707964,0.0
1970-01-01 00:00:00.193235719,0.193235719,0.0,0.0,0.0,106.938126,0.0,0.0,0.0,0.0,-1.5707964,0.0
1970-01-01 00:00:00.193342235,0.193342235,0.0,0.0,0.0,0.0,89.884,0.0,0.0,0.0,-1.5707964,0.0
1970-01-01 00:00:00.193355629,0.193355629,0.0,0.0,0.0,0.0,282.8864,0.0,0.0,0.0,-1.5707964,0.0
1970-01-01 00:00:00.193440132,0.193440132,0.0,0.0,0.0,0.0,689.2968,0.0,0.0,0.0,-1.5707964,0.0
1970-01-01 00:00:00.193482776,0.193482776,0.0,0.0,0.0,0.0,451.44647,0.0,0.0,0.0,-1.5707964,0.0
1970-01-01 00:00:00.193497576,0.193497576,0.0,0.0,0.0,0.0,0.0,1069.1371,0.0,0.0,-1.5707964,0.0
1970-01-01 00:00:00.193515549,0.193515549,0.0,0.0,0.0,0.0,545.3351,0.0,0.0,0.0,-1.5707964,0.0
1970-01-01 00:00:00.193740005,0.193740005,0.0,0.0,90.62404,0.0,0.0,0.0,0.0,0.0,-1.5707964,0.0
1970-01-01 00:00:00.193766432,0.193766432,0.0,0.0,0.0,561.9706,0.0,0.0,0.0,0.0,-1.5707964,0.0
1970-01-01 00:00:00.193867897,0.193867897,995.85016,0.0,0.0,0.0,0.0,0.0,0.0,0.0,-1.5707964,0.0
1970-01-01 00:00:00.193874856,0.193874856,0.0,0.0,339.9289,0.0,0.0,0.0,0.0,0.0,-1.5707964,0.0
1970-01-01 00:00:00.194102705,0.194102705,0.0,0.0,0.0,0.0,235.28659,0.0,0.0,0.0,-1.5707964,0.0
1970-01-01 00:00:00.194159924,0.194159924,0.0,0.0,88.93653,0.0,0.0,0.0,0.0,0.0,-1.5707964,0.0
1970-01-01 00:00:00.194208075,0.194208075,0.0,0.0,0.0,0.0,0.0,266.6927,0.0,0.0,-1.5707964,0.0
1970-01-01 00:00:00.194294045,0.194294045,708.3725,0.0,0.0,0.0,0.0,0.0,0.0,0.0,-1.5707964,0.0
1970-01-01 00:00:00.194341718,0.194341718,0.0,0.0,86.32082,0.0,0.0,0.0,0.0,0.0,-1.5707964,0.0
1970-01-01 00:00:00.194408310,0.19440831,0.0,0.0,0.0,0.0,0.0,997.8173,0.0,0.0,-1.5707964,0.0
1970-01-01 00:00:00.194456717,0.194456717,0.0,0.0,0.0,568.2557,0.0,0.0,0.0,0.0,-1.5707964,0.0
1970-01-01 00:00:00.194748168,0.194748168,0.0,0.0,0.0,0.0,149.72583,0.0,0.0,0.0,-1.5707964,0.0
1970-01-01 00:00:00.194783047,0.194783047,0.0,0.0,0.0,401.1874,0.0,0.0,0.0,0.0,-1.5707964,0.0
1970-01-01 00:00:00.194783484,0.194783484,0.0,0.0,0.0,0.0,0.0,511.84924,0.0,0.0,-1.5707964,0.0
1970-01-01 00:00:00.194837645,0.194837645,124.088036,0.0,0.0,0.0,0.0,0.0,0.0,0.0,-1.5707964,0.0
1970-01-01 00:00:00.194853270,0.19485327,0.0,0.0,0.0,0.0,406.47617,0.0,0.0,0.0,-1.5707964,0.0
1970-01-01 00:00:00.194853270,0.19485327,0.0,0.0,0.0,0.0,232.8961,0.0,0.0,0.0,-1.5707964,0.0
1970-01-01 00:00:00.195001007,0.195001007,0.0,0.0,0.0,0.0,0.0,218.39027,0.0,0.0,-1.5707964,0.0
1970-01-01 00:00:00.195259146,0.195259146,0.0,0.0,0.0,0.0,195.47087,0.0,0.0,0.0,-1.5707964,0.0
1970-01-01 00:00:00.195320778,0.195320778,0.0,0.0,0.0,0.0,0.0,8555.284,0.0,0.0,-1.5707964,0.0
1970-01-01 00:00:00.195682837,0.195682837,0.0,1252.7261,0.0,0.0,0.0,0.0,0.0,0.0,-1.5707964,0.0
1970-01-01 00:00:00.195711837,0.195711837,0.0,0.0,559.5513,0.0,0.0,0.0,0.0,0.0,-1.5707964,0.0
1970-01-01 00:00:00.195730916,0.195730916,0.0,0.0,0.0,0.0,0.0,135.32687,0.0,0.0,-1.5707964,0.0
1970-01-01 00:00:00.195746785,0.195746785,0.0,0.0,0.0,172.03603,0.0,0.0,0.0,0.0,-1.5707964,0.0
1970-01-01 00:00:00.195761579,0.195761579,0.0,0.0,0.0,0.0,0.0,110.75281,0.0,0.0,-1.5707964,0.0
1970-01-01 00:00:00.195832422,0.195832422,0.0,0.0,0.0,0.0,116.21116,0.0,0.0,0.0,-1.5707964,0.0
1970-01-01 00:00:00.196136692,0.196136692,0.0,0.0,0.0,0.0,0.0,91.45051,0.0,0.0,-1.5707964,0.0
1970-01-01 00:00:00.196235681,0.196235681,0.0,143.34879,0.0,0.0,0.0,0.0,0.0,0.0,-1.5707964,0.0
1970-01-01 00:00:00.196249186,0.196249186,0.0,0.0,0.0,0.0,5639.792,0.0,0.0,0.0,-1.5707964,0.0
1970-01-01 00:00:00.196797454,0.196797454,0.0,0.0,0.0,97.865074,0.0,0.0,0.0,0.0,-1.5707964,0.0
1970-01-01 00:00:00.196826076,0.196826076,0.0,0.0,0.0,0.0,2885.335,0.0,0.0,0.0,-1.5707964,0.0
1970-01-01 00:00:00.197415186,0.197415186,0.0,0.0,0.0,8905.758,0.0,0.0,0.0,0.0,-1.5707964,0.0
1970-01-01 00:00:00.197473160,0.19747316,0.0,0.0,0.0,0.0,0.0,4123.922,0.0,0.0,-1.5707964,0.0
1970-01-01 00:00:00.197915708,0.197915708,0.0,0.0,103.29825,0.0,0.0,0.0,0.0,0.0,-1.5707964,0.0
1970-01-01 00:00:00.198513535,0.198513535,0.0,0.0,0.0,0.0,4787.3237,0.0,0.0,0.0,-1.5707964,0.0
1970-01-01 00:00:00.198574587,0.198574587,0.0,0.0,1009.89874,0.0,0.0,0.0,0.0,0.0,-1.5707964,0.0
1970-01-01 00:00:00.198687165,0.198687165,0.0,0.0,106.42889,0.0,0.0,0.0,0.0,0.0,-1.5707964,0.0
1970-01-01 00:00:00.198692977,0.198692977,0.0,0.0,0.0,0.0,0.0,1735.2078,0.0,0.0,-1.5707964,0.0
1970-01-01 00:00:00.198786636,0.198786636,0.0,0.0,593.5473,0.0,0.0,0.0,0.0,0.0,-1.5707964,0.0
1970-01-01 00:00:00.199122455,0.199122455,0.0,0.0,0.0,995.5336,0.0,0.0,0.0,0.0,-1.5707964,0.0
1970-01-01 00:00:00.199585680,0.19958568,0.0,0.0,0.0,0.0,109.65426,0.0,0.0,0.0,-1.5707964,0.0
1970-01-01 00:00:00.199590332,0.199590332,0.0,0.0,690.683,0.0,0.0,0.0,0.0,0.0,-1.5707964,0.0
1970-01-01 00:00:00.199697454,0.199697454,0.0,0.0,527.6038,0.0,0.0,0.0,0.0,0.0,-1.5707964,0.0
1970-01-01 00:00:00.199951731,0.199951731,0.0,0.0,0.0,126.308334,0.0,0.0,0.0,0.0,-1.5707964,0.0
1970-01-01 00:00:00.200205013,0.200205013,0.0,0.0,0.0,0.0,0.0,4768.0703,0.0,0.0,-1.5707964,0.0
1970-01-01 00:00:00.200498989,0.200498989,0.0,0.0,0.0,227.82385,0.0,0.0,0.0,0.0,-1.5707964,0.0
1970-01-01 00:00:00.200653922,0.200653922,0.0,0.0,0.0,101.08575,0.0,0.0,0.0,0.0,-1.5707964,0.0
1970-01-01 00:00:00.200750364,0.200750364,0.0,0.0,443.92554,0.0,0.0,0.0,0.0,0.0,-1.5707964,0.0
1970-01-01 00:00:00.200940842,0.200940842,0.0,0.0,197.07245,0.0,0.0,0.0,0.0,0.0,-1.5707964,0.0
1970-01-01 00:00:00.201164372,0.201164372,0.0,0.0,0.0,190.42946,0.0,0.0,0.0,0.0,-1.5707964,0.0
1970-01-01 00:00:00.201301091,0.201301091,0.0,0.0,209.03914,0.0,0.0,0.0,0.0,0.0,-1.5707964,0.0
1970-01-01 00:00:00.201426273,0.201426273,0.0,0.0,0.0,0.0,0.0,1657.4603,0.0,0.0,-1.5707964,0.0
1970-01-01 00:00:00.201591296,0.201591296,0.0,0.0,648.6804,0.0,0.0,0.0,0.0,0.0,-1.5707964,0.0
1970-01-01 00:00:00.201733712,0.201733712,0.0,0.0,85.35695,0.0,0.0,0.0,0.0,0.0,-1.5707964,0.0
1970-01-01 00:00:00.201972174,0.201972174,0.0,0.0,443.98666,0.0,0.0,0.0,0.0,0.0,-1.5707964,0.0
1970-01-01 00:00:00.202018932,0.202018932,0.0,0.0,0.0,0.0,0.0,296.1804,0.0,0.0,-1.5707964,0.0
1970-01-01 00:00:00.202193640,0.20219364,0.0,0.0,0.0,593.8866,0.0,0.0,0.0,0.0,-1.5707964,0.0
1970-01-01 00:00:00.202270420,0.20227042,0.0,0.0,0.0,0.0,97.1878,0.0,0.0,0.0,-1.5707964,0.0
1970-01-01 00:00:00.202309224,0.202309224,0.0,0.0,0.0,901.2459,0.0,0.0,0.0,0.0,-1.5707964,0.0
1970-01-01 00:00:00.202357062,0.202357062,0.0,0.0,181.00327,0.0,0.0,0.0,0.0,0.0,-1.5707964,0.0
1970-01-01 00:00:00.202529654,0.202529654,0.0,0.0,0.0,0.0,0.0,1207.3165,0.0,0.0,-1.5707964,0.0
1970-01-01 00:00:00.202585281,0.202585281,0.0,0.0,807.08496,0.0,0.0,0.0,0.0,0.0,-1.5707964,0.0
1970-01-01 00:00:00.202621798,0.202621798,0.0,0.0,134.49287,0.0,0.0,0.0,0.0,0.0,-1.5707964,0.0
1970-01-01 00:00:00.202706868,0.202706868,0.0,0.0,0.0,262.6026,0.0,0.0,0.0,0.0,-1.5707964,0.0
1970-01-01 00:00:00.203149175,0.203149175,0.0,0.0,734.3168,0.0,0.0,0.0,0.0,0.0,-1.5707964,0.0
1970-01-01 00:00:00.203349017,0.203349017,0.0,0.0,315.555,0.0,0.0,0.0,0.0,0.0,-1.5707964,0.0
1970-01-01 00:00:00.203449097,0.203449097,0.0,135.90828,0.0,0.0,0.0,0.0,0.0,0.0,-1.5707964,0.0
1970-01-01 00:00:00.203554619,0.203554619,0.0,0.0,2982.6265,0.0,0.0,0.0,0.0,0.0,-1.5707964,0.0
1970-01-01 00:00:00.203560216,0.203560216,0.0,0.0,0.0,0.0,0.0,209.0522,0.0,0.0,-1.5707964,0.0
1970-01-01 00:00:00.203602064,0.203602064,0.0,0.0,0.0,0.0,0.0,3811.079,0.0,0.0,-1.5707964,0.0
1970-01-01 00:00:00.203630858,0.203630858,0.0,0.0,0.0,0.0,143.64452,0.0,0.0,0.0,-1.5707964,0.0
1970-01-01 00:00:00.203709440,0.20370944,0.0,1399.562,0.0,0.0,0.0,0.0,0.0,0.0,-1.5707964,0.0
1970-01-01 00:00:00.203821690,0.20382169,0.0,0.0,0.0,0.0,566.5475,0.0,0.0,0.0,-1.5707964,0.0
1970-01-01 00:00:00.204379806,0.204379806,0.0,0.0,744.4612,0.0,0.0,0.0,0.0,0.0,-1.5707964,0.0
1970-01-01 00:00:00.204814316,0.204814316,192.63435,0.0,0.0,0.0,0.0,0.0,0.0,0.0,-1.5707964,0.0
1970-01-01 00:00:00.204822845,0.204822845,217.36272,0.0,0.0,0.0,0.0,0.0,0.0,0.0,-1.5707964,0.0
1970-01-01 00:00:00.204939962,0.204939962,0.0,0.0,879.47986,0.0,0.0,0.0,0.0,0.0,-1.5707964,0.0
1970-01-01 00:00:00.205020136,0.205020136,0.0,0.0,0.0,139.41199,0.0,0.0,0.0,0.0,-1.5707964,0.0
1970-01-01 00:00:00.205097776,0.205097776,0.0,0.0,116.12435,0.0,0.0,0.0,0.0,0.0,-1.5707964,0.0
1970-01-01 00:00:00.205179664,0.205179664,83.23752,0.0,0.0,0.0,0.0,0.0,0.0,0.0,-1.5707964,0.0
1970-01-01 00:00:00.205214238,0.205214238,0.0,0.0,0.0,0.0,128.1661,0.0,0.0,0.0,-1.5707964,0.0
1970-01-01 00:00:00.205314166,0.205314166,0.0,0.0,0.0,0.0,114.13715,0.0,0.0,0.0,-1.5707964,0.0
1970-01-01 00:00:00.205667056,0.205667056,0.0,0.0,0.0,0.0,135.55096,0.0,0.0,0.0,-1.5707964,0.0
1970-01-01 00:00:00.205920102,0.205920102,0.0,0.0,154.33736,0.0,0.0,0.0,0.0,0.0,-1.5707964,0.0
1970-01-01 00:00:00.206126473,0.206126473,0.0,0.0,0.0,179.19962,0.0,0.0,0.0,0.0,-1.5707964,0.0
1970-01-01 00:00:00.206727291,0.206727291,0.0,0.0,0.0,0.0,6440.331,0.0,0.0,0.0,-1.5707964,0.0
1970-01-01 00:00:00.206980399,0.206980399,0.0,0.0,0.0,7964.76,0.0,0.0,0.0,0.0,-1.5707964,0.0
1970-01-01 00:00:00.206980399,0.206980399,0.0,0.0,0.0,0.0,0.0,199.60391,0.0,0.0,-1.5707964,0.0
1970-01-01 00:00:00.207259922,0.207259922,0.0,2340.6384,0.0,0.0,0.0,0.0,0.0,0.0,-1.5707964,0.0
1970-01-01 00:00:00.207316150,0.20731615,0.0,0.0,0.0,309.02307,0.0,0.0,0.0,0.0,-1.5707964,0.0
1970-01-01 00:00:00.207510030,0.20751003,0.0,0.0,346.7235,0.0,0.0,0.0,0.0,0.0,-1.5707964,0.0
1970-01-01 00:00:00.207682062,0.207682062,199.74495,0.0,0.0,0.0,0.0,0.0,0.0,0.0,-1.5707964,0.0
1970-01-01 00:00:00.207782789,0.207782789,0.0,0.0,0.0,0.0,463.4385,0.0,0.0,0.0,-1.5707964,0.0
1970-01-01 00:00:00.207838329,0.207838329,0.0,0.0,0.0,0.0,530.9185,0.0,0.0,0.0,-1.5707964,0.0
1970-01-01 00:00:00.207903120,0.20790312,0.0,0.0,0.0,0.0,884.45734,0.0,0.0,0.0,-1.5707964,0.0
1970-01-01 00:00:00.207934607,0.207934607,0.0,0.0,0.0,0.0,3968.4639,0.0,0.0,0.0,-1.5707964,0.0
1970-01-01 00:00:00.208004961,0.208004961,707.65704,0.0,0.0,0.0,0.0,0.0,0.0,0.0,-1.5707964,0.0
1970-01-01 00:00:00.208143244,0.208143244,0.0,0.0,0.0,187.6521,0.0,0.0,0.0,0.0,-1.5707964,0.0
1970-01-01 00:00:00.208156888,0.208156888,0.0,0.0,0.0,0.0,0.0,98.60849,0.0,0.0,-1.5707964,0.0
1970-01-01 00:00:00.208258732,0.208258732,471.13977,0.0,0.0,0.0,0.0,0.0,0.0,0.0,-1.5707964,0.0
1970-01-01 00:00:00.208726453,0.208726453,0.0,0.0,0.0,907.08105,0.0,0.0,0.0,0.0,-1.5707964,0.0
1970-01-01 00:00:00.208743322,0.208743322,0.0,0.0,0.0,0.0,358.22787,0.0,0.0,0.0,-1.5707964,0.0
1970-01-01 00:00:00.208792119,0.208792119,0.0,0.0,0.0,0.0,151.05916,0.0,0.0,0.0,-1.5707964,0.0
1970-01-01 00:00:00.208950957,0.208950957,0.0,0.0,0.0,0.0,0.0,367.20947,0.0,0.0,-1.5707964,0.0
1970-01-01 00:00:00.209014741,0.209014741,0.0,0.0,0.0,4942.83,0.0,0.0,0.0,0.0,-1.5707964,0.0
1970-01-01 00:00:00.209368381,0.209368381,0.0,0.0,331.4009,0.0,0.0,0.0,0.0,0.0,-1.5707964,0.0
1970-01-01 00:00:00.209792679,0.209792679,0.0,0.0,0.0,0.0,0.0,195.563,0.0,0.0,-1.5707964,0.0
1970-01-01 00:00:00.209943865,0.209943865,0.0,0.0,0.0,0.0,1698.7578,0.0,0.0,0.0,-1.5707964,0.0
1970-01-01 00:00:00.209988080,0.20998808,0.0,254.0341,0.0,0.0,0.0,0.0,0.0,0.0,-1.5707964,0.0
1970-01-01 00:00:00.210012596,0.210012596,0.0,0.0,0.0,0.0,376.21945,0.0,0.0,0.0,-1.5707964,0.0
1970-01-01 00:00:00.210078883,0.210078883,0.0,0.0,0.0,0.0,245.95604,0.0,0.0,0.0,-1.5707964,0.0
1970-01-01 00:00:00.210117959,0.210117959,0.0,0.0,0.0,1727.2037,0.0,0.0,0.0,0.0,-1.5707964,0.0
1970-01-01 00:00:00.210140256,0.210140256,0.0,0.0,582.0201,0.0,0.0,0.0,0.0,0.0,-1.5707964,0.0
1970-01-01 00:00:00.210149647,0.210149647,0.0,0.0,590.3572,0.0,0.0,0.0,0.0,0.0,-1.5707964,0.0
1970-01-01 00:00:00.210191711,0.210191711,0.0,0.0,0.0,0.0,453.5785,0.0,0.0,0.0,-1.5707964,0.0
1970-01-01 00:00:00.210207062,0.210207062,0.0,0.0,0.0,3989.075,0.0,0.0,0.0,0.0,-1.5707964,0.0
1970-01-01 00:00:00.210270952,0.210270952,235.00917,0.0,0.0,0.0,0.0,0.0,0.0,0.0,-1.5707964,0.0
1970-01-01 00:00:00.210351745,0.210351745,0.0,0.0,0.0,0.0,0.0,935.974,0.0,0.0,-1.5707964,0.0
1970-01-01 00:00:00.210448768,0.210448768,0.0,0.0,0.0,0.0,2080.6438,0.0,0.0,0.0,-1.5707964,0.0
1970-01-01 00:00:00.210582189,0.210582189,0.0,0.0,0.0,658.70294,0.0,0.0,0.0,0.0,-1.5707964,0.0
1970-01-01 00:00:00.210610098,0.210610098,0.0,0.0,157.4218,0.0,0.0,0.0,0.0,0.0,-1.5707964,0.0
1970-01-01 00:00:00.210756494,0.210756494,0.0,0.0,0.0,0.0,129.585,0.0,0.0,0.0,-1.5707964,0.0
1970-01-01 00:00:00.210822992,0.210822992,0.0,0.0,367.6547,0.0,0.0,0.0,0.0,0.0,-1.5707964,0.0
1970-01-01 00:00:00.210914136,0.210914136,0.0,0.0,0.0,0.0,203.66667,0.0,0.0,0.0,-1.5707964,0.0
1970-01-01 00:00:00.211036431,0.211036431,0.0,0.0,274.626,0.0,0.0,0.0,0.0,0.0,-1.5707964,0.0
1970-01-01 00:00:00.211059865,0.211059865,0.0,0.0,766.64154,0.0,0.0,0.0,0.0,0.0,-1.5707964,0.0
1970-01-01 00:00:00.211133377,0.211133377,0.0,490.61905,0.0,0.0,0.0,0.0,0.0,0.0,-1.5707964,0.0
1970-01-01 00:00:00.211154539,0.211154539,2941.1743,0.0,0.0,0.0,0.0,0.0,0.0,0.0,-1.5707964,0.0
1970-01-01 00:00:00.211170497,0.211170497,0.0,0.0,354.9316,0.0,0.0,0.0,0.0,0.0,-1.5707964,0.0
1970-01-01 00:00:00.211331305,0.211331305,0.0,0.0,0.0,0.0,681.3713,0.0,0.0,0.0,-1.5707964,0.0
1970-01-01 00:00:00.211337089,0.211337089,0.0,0.0,428.5401,0.0,0.0,0.0,0.0,0.0,-1.5707964,0.0
1970-01-01 00:00:00.211359473,0.211359473,0.0,0.0,0.0,0.0,0.0,3811.9717,0.0,0.0,-1.5707964,0.0
1970-01-01 00:00:00.211359473,0.211359473,0.0,0.0,0.0,0.0,0.0,279.41458,0.0,0.0,-1.5707964,0.0
1970-01-01 00:00:00.211365007,0.211365007,0.0,0.0,0.0,0.0,0.0,343.67453,0.0,0.0,-1.5707964,0.0
1970-01-01 00:00:00.211397299,0.211397299,0.0,0.0,393.39584,0.0,0.0,0.0,0.0,0.0,-1.5707964,0.0
1970-01-01 00:00:00.211546362,0.211546362,0.0,0.0,0.0,5028.427,0.0,0.0,0.0,0.0,-1.5707964,0.0
1970-01-01 00:00:00.211583045,0.211583045,0.0,0.0,0.0,0.0,0.0,191.42133,0.0,0.0,-1.5707964,0.0
1970-01-01 00:00:00.211609777,0.211609777,0.0,0.0,0.0,534.87354,0.0,0.0,0.0,0.0,-1.5707964,0.0
1970-01-01 00:00:00.211633321,0.211633321,0.0,0.0,0.0,0.0,662.0701,0.0,0.0,0.0,-1.5707964,0.0
1970-01-01 00:00:00.211734897,0.211734897,0.0,140.1452,0.0,0.0,0.0,0.0,0.0,0.0,-1.5707964,0.0
1970-01-01 00:00:00.211742168,0.211742168,0.0,0.0,0.0,0.0,0.0,5960.2827,0.0,0.0,-1.5707964,0.0
1970-01-01 00:00:00.211751452,0.211751452,0.0,0.0,0.0,0.0,1869.5555,0.0,0.0,0.0,-1.5707964,0.0
1970-01-01 00:00:00.211756554,0.211756554,0.0,0.0,0.0,0.0,3678.6997,0.0,0.0,0.0,-1.5707964,0.0
1970-01-01 00:00:00.211870853,0.211870853,365.93335,0.0,0.0,0.0,0.0,0.0,0.0,0.0,-1.5707964,0.0
1970-01-01 00:00:00.211885221,0.211885221,0.0,0.0,0.0,120.1197,0.0,0.0,0.0,0.0,-1.5707964,0.0
1970-01-01 00:00:00.211894475,0.211894475,0.0,0.0,0.0,1789.1807,0.0,0.0,0.0,0.0,-1.5707964,0.0
1970-01-01 00:00:00.212064925,0.212064925,0.0,0.0,0.0,0.0,2917.2808,0.0,0.0,0.0,-1.5707964,0.0
1970-01-01 00:00:00.212088295,0.212088295,0.0,0.0,0.0,413.80954,0.0,0.0,0.0,0.0,-1.5707964,0.0
1970-01-01 00:00:00.212117366,0.212117366,0.0,0.0,0.0,334.22107,0.0,0.0,0.0,0.0,-1.5707964,0.0
1970-01-01 00:00:00.212225492,0.212225492,0.0,0.0,0.0,1181.452,0.0,0.0,0.0,0.0,-1.5707964,0.0
1970-01-01 00:00:00.212361095,0.212361095,0.0,0.0,0.0,6154.5693,0.0,0.0,0.0,0.0,-1.5707964,0.0
1970-01-01 00:00:00.212458804,0.212458804,0.0,0.0,324.61154,0.0,0.0,0.0,0.0,0.0,-1.5707964,0.0
1970-01-01 00:00:00.212474766,0.212474766,0.0,0.0,0.0,0.0,262.91815,0.0,0.0,0.0,-1.5707964,0.0
1970-01-01 00:00:00.212479554,0.212479554,0.0,0.0,0.0,1403.0668,0.0,0.0,0.0,0.0,-1.5707964,0.0
1970-01-01 00:00:00.212647195,0.212647195,0.0,0.0,361.73138,0.0,0.0,0.0,0.0,0.0,-1.5707964,0.0
1970-01-01 00:00:00.212790428,0.212790428,512.2127,0.0,0.0,0.0,0.0,0.0,0.0,0.0,-1.5707964,0.0
1970-01-01 00:00:00.213099886,0.213099886,0.0,0.0,311.0389,0.0,0.0,0.0,0.0,0.0,-1.5707964,0.0
1970-01-01 00:00:00.213293525,0.213293525,0.0,0.0,7576.0933,0.0,0.0,0.0,0.0,0.0,-1.5707964,0.0
1970-01-01 00:00:00.213540686,0.213540686,0.0,0.0,126.458595,0.0,0.0,0.0,0.0,0.0,-1.5707964,0.0
1970-01-01 00:00:00.213541451,0.213541451,0.0,0.0,0.0,0.0,1288.7886,0.0,0.0,0.0,-1.5707964,0.0
1970-01-01 00:00:00.213780298,0.213780298,0.0,0.0,0.0,0.0,621.87274,0.0,0.0,0.0,-1.5707964,0.0
1970-01-01 00:00:00.213809237,0.213809237,0.0,0.0,0.0,2231.9917,0.0,0.0,0.0,0.0,-1.5707964,0.0
1970-01-01 00:00:00.214372659,0.214372659,0.0,0.0,0.0,0.0,5263.164,0.0,0.0,0.0,-1.5707964,0.0
1970-01-01 00:00:00.214410755,0.214410755,0.0,0.0,0.0,0.0,94.552765,0.0,0.0,0.0,-1.5707964,0.0
1970-01-01 00:00:00.214467026,0.214467026,0.0,0.0,122.6003,0.0,0.0,0.0,0.0,0.0,-1.5707964,0.0
1970-01-01 00:00:00.214663244,0.214663244,0.0,0.0,0.0,4580.62,0.0,0.0,0.0,0.0,-1.5707964,0.0
1970-01-01 00:00:00.214663244,0.214663244,0.0,0.0,0.0,134.79364,0.0,0.0,0.0,0.0,-1.5707964,0.0
1970-01-01 00:00:00.214679633,0.214679633,0.0,0.0,0.0,0.0,88.61868,0.0,0.0,0.0,-1.5707964,0.0
1970-01-01 00:00:00.214779490,0.21477949,0.0,0.0,0.0,0.0,162.167,0.0,0.0,0.0,-1.5707964,0.0
1970-01-01 00:00:00.214804431,0.214804431,0.0,0.0,0.0,0.0,101.61027,0.0,0.0,0.0,-1.5707964,0.0
1970-01-01 00:00:00.214808206,0.214808206,301.07867,0.0,0.0,0.0,0.0,0.0,0.0,0.0,-1.5707964,0.0
1970-01-01 00:00:00.214856829,0.214856829,0.0,1744.4098,0.0,0.0,0.0,0.0,0.0,0.0,-1.5707964,0.0
1970-01-01 00:00:00.214856829,0.214856829,0.0,514.84235,0.0,0.0,0.0,0.0,0.0,0.0,-1.5707964,0.0
1970-01-01 00:00:00.214882638,0.214882638,0.0,0.0,0.0,0.0,214.21877,0.0,0.0,0.0,-1.5707964,0.0
1970-01-01 00:00:00.215091089,0.215091089,0.0,0.0,0.0,0.0,1848.1953,0.0,0.0,0.0,-1.5707964,0.0
1970-01-01 00:00:00.215206094,0.215206094,0.0,0.0,0.0,0.0,686.04425,0.0,0.0,0.0,-1.5707964,0.0
1970-01-01 00:00:00.215389607,0.215389607,0.0,0.0,0.0,0.0,0.0,104.77601,0.0,0.0,-1.5707964,0.0
1970-01-01 00:00:00.215772327,0.215772327,0.0,0.0,0.0,0.0,1298.7008,0.0,0.0,0.0,-1.5707964,0.0
1970-01-01 00:00:00.215992665,0.215992665,0.0,0.0,236.65495,0.0,0.0,0.0,0.0,0.0,-1.5707964,0.0
1970-01-01 00:00:00.216041835,0.216041835,0.0,0.0,0.0,0.0,104.29614,0.0,0.0,0.0,-1.5707964,0.0
1970-01-01 00:00:00.216112618,0.216112618,0.0,0.0,0.0,0.0,502.55048,0.0,0.0,0.0,-1.5707964,0.0
1970-01-01 00:00:00.216163193,0.216163193,0.0,0.0,0.0,0.0,96.6909,0.0,0.0,0.0,-1.5707964,0.0
1970-01-01 00:00:00.216163817,0.216163817,0.0,0.0,195.53032,0.0,0.0,0.0,0.0,0.0,-1.5707964,0.0
1970-01-01 00:00:00.216194695,0.216194695,0.0,0.0,0.0,0.0,344.44275,0.0,0.0,0.0,-1.5707964,0.0
1970-01-01 00:00:00.216224087,0.216224087,0.0,0.0,0.0,0.0,0.0,111.517624,0.0,0.0,-1.5707964,0.0
1970-01-01 00:00:00.216458564,0.216458564,0.0,0.0,1845.3667,0.0,0.0,0.0,0.0,0.0,-1.5707964,0.0
1970-01-01 00:00:00.216458564,0.216458564,0.0,0.0,0.0,0.0,94.03509,0.0,0.0,0.0,-1.5707964,0.0
1970-01-01 00:00:00.216546451,0.216546451,0.0,0.0,0.0,0.0,127.11522,0.0,0.0,0.0,-1.5707964,0.0
1970-01-01 00:00:00.216603994,0.216603994,0.0,0.0,0.0,80.77426,0.0,0.0,0.0,0.0,-1.5707964,0.0
1970-01-01 00:00:00.216613401,0.216613401,0.0,0.0,0.0,85.638985,0.0,0.0,0.0,0.0,-1.5707964,0.0
1970-01-01 00:00:00.216682771,0.216682771,0.0,246.24915,0.0,0.0,0.0,0.0,0.0,0.0,-1.5707964,0.0
1970-01-01 00:00:00.216822740,0.21682274,0.0,0.0,0.0,0.0,0.0,82.61859,0.0,0.0,-1.5707964,0.0
1970-01-01 00:00:00.216874994,0.216874994,0.0,0.0,0.0,0.0,0.0,870.1009,0.0,0.0,-1.5707964,0.0
1970-01-01 00:00:00.216907308,0.216907308,0.0,0.0,0.0,0.0,215.18259,0.0,0.0,0.0,-1.5707964,0.0
1970-01-01 00:00:00.217072712,0.217072712,0.0,0.0,0.0,0.0,911.1485,0.0,0.0,0.0,-1.5707964,0.0
1970-01-01 00:00:00.217129260,0.21712926,0.0,0.0,0.0,0.0,1453.3676,0.0,0.0,0.0,-1.5707964,0.0
1970-01-01 00:00:00.217380283,0.217380283,0.0,737.9649,0.0,0.0,0.0,0.0,0.0,0.0,-1.5707964,0.0
1970-01-01 00:00:00.217677300,0.2176773,0.0,314.72293,0.0,0.0,0.0,0.0,0.0,0.0,-1.5707964,0.0
1970-01-01 00:00:00.217865874,0.217865874,0.0,0.0,0.0,0.0,208.17429,0.0,0.0,0.0,-1.5707964,0.0
1970-01-01 00:00:00.217906058,0.217906058,0.0,0.0,0.0,286.5026,0.0,0.0,0.0,0.0,-1.5707964,0.0
1970-01-01 00:00:00.217996170,0.21799617,0.0,0.0,0.0,0.0,305.17978,0.0,0.0,0.0,-1.5707964,0.0
1970-01-01 00:00:00.218072956,0.218072956,0.0,0.0,0.0,6611.225,0.0,0.0,0.0,0.0,-1.5707964,0.0
1970-01-01 00:00:00.218167963,0.218167963,254.36156,0.0,0.0,0.0,0.0,0.0,0.0,0.0,-1.5707964,0.0
1970-01-01 00:00:00.218209345,0.218209345,0.0,0.0,0.0,0.0,148.47112,0.0,0.0,0.0,-1.5707964,0.0
1970-01-01 00:00:00.218296715,0.218296715,0.0,0.0,516.9857,0.0,0.0,0.0,0.0,0.0,-1.5707964,0.0
1970-01-01 00:00:00.218296715,0.218296715,0.0,0.0,0.0,0.0,0.0,2698.8794,0.0,0.0,-1.5707964,0.0
1970-01-01 00:00:00.218296715,0.218296715,0.0,0.0,0.0,0.0,0.0,434.05414,0.0,0.0,-1.5707964,0.0
1970-01-01 00:00:00.218342385,0.218342385,0.0,0.0,105.95668,0.0,0.0,0.0,0.0,0.0,-1.5707964,0.0
1970-01-01 00:00:00.218354983,0.218354983,0.0,0.0,0.0,0.0,111.27663,0.0,0.0,0.0,-1.5707964,0.0
1970-01-01 00:00:00.218638313,0.218638313,7246.4463,0.0,0.0,0.0,0.0,0.0,0.0,0.0,-1.5707964,0.0
1970-01-01 00:00:00.218659789,0.218659789,0.0,0.0,100.07124,0.0,0.0,0.0,0.0,0.0,-1.5707964,0.0
1970-01-01 00:00:00.218697262,0.218697262,0.0,0.0,0.0,7069.393,0.0,0.0,0.0,0.0,-1.5707964,0.0
1970-01-01 00:00:00.218792241,0.218792241,0.0,0.0,532.07446,0.0,0.0,0.0,0.0,0.0,-1.5707964,0.0
1970-01-01 00:00:00.218840842,0.218840842,0.0,0.0,0.0,0.0,80.050766,0.0,0.0,0.0,-1.5707964,0.0
1970-01-01 00:00:00.218921056,0.218921056,0.0,0.0,0.0,0.0,0.0,185.53763,0.0,0.0,-1.5707964,0.0
1970-01-01 00:00:00.218970762,0.218970762,0.0,0.0,0.0,162.78403,0.0,0.0,0.0,0.0,-1.5707964,0.0
1970-01-01 00:00:00.219051505,0.219051505,0.0,570.6419,0.0,0.0,0.0,0.0,0.0,0.0,-1.5707964,0.0
1970-01-01 00:00:00.219051505,0.219051505,0.0,0.0,0.0,271.34766,0.0,0.0,0.0,0.0,-1.5707964,0.0
1970-01-01 00:00:00.219056846,0.219056846,0.0,0.0,0.0,0.0,163.87923,0.0,0.0,0.0,-1.5707964,0.0
1970-01-01 00:00:00.219269508,0.219269508,0.0,0.0,242.51102,0.0,0.0,0.0,0.0,0.0,-1.5707964,0.0
1970-01-01 00:00:00.219619537,0.219619537,0.0,0.0,0.0,0.0,243.97896,0.0,0.0,0.0,-1.5707964,0.0
1970-01-01 00:00:00.219844395,0.219844395,0.0,0.0,727.4874,0.0,0.0,0.0,0.0,0.0,-1.5707964,0.0
1970-01-01 00:00:00.219844395,0.219844395,0.0,0.0,0.0,0.0,181.06168,0.0,0.0,0.0,-1.5707964,0.0
1970-01-01 00:00:00.219958425,0.219958425,0.0,0.0,0.0,0.0,173.41576,0.0,0.0,0.0,-1.5707964,0.0
1970-01-01 00:00:00.220223657,0.220223657,0.0,0.0,0.0,0.0,272.33728,0.0,0.0,0.0,-1.5707964,0.0
1970-01-01 00:00:00.220345196,0.220345196,0.0,0.0,0.0,0.0,5637.6543,0.0,0.0,0.0,-1.5707964,0.0
1970-01-01 00:00:00.220471626,0.220471626,0.0,0.0,0.0,0.0,0.0,534.92413,0.0,0.0,-1.5707964,0.0
1970-01-01 00:00:00.220732397,0.220732397,236.10326,0.0,0.0,0.0,0.0,0.0,0.0,0.0,-1.5707964,0.0
1970-01-01 00:00:00.220767730,0.22076773,0.0,0.0,0.0,0.0,391.93262,0.0,0.0,0.0,-1.5707964,0.0
1970-01-01 00:00:00.220839596,0.220839596,0.0,0.0,0.0,158.89595,0.0,0.0,0.0,0.0,-1.5707964,0.0
1970-01-01 00:00:00.220909396,0.220909396,0.0,0.0,205.31361,0.0,0.0,0.0,0.0,0.0,-1.5707964,0.0
1970-01-01 00:00:00.221155759,0.221155759,0.0,0.0,0.0,344.80832,0.0,0.0,0.0,0.0,-1.5707964,0.0
1970-01-01 00:00:00.221253836,0.221253836,0.0,0.0,0.0,0.0,0.0,745.2432,0.0,0.0,-1.5707964,0.0
1970-01-01 00:00:00.221395455,0.221395455,0.0,0.0,0.0,0.0,294.81287,0.0,0.0,0.0,-1.5707964,0.0
1970-01-01 00:00:00.221582232,0.221582232,0.0,0.0,0.0,0.0,1053.1534,0.0,0.0,0.0,-1.5707964,0.0
1970-01-01 00:00:00.221613840,0.22161384,0.0,0.0,0.0,0.0,0.0,94.42146,0.0,0.0,-1.5707964,0.0
1970-01-01 00:00:00.221696683,0.221696683,0.0,0.0,377.59012,0.0,0.0,0.0,0.0,0.0,-1.5707964,0.0
1970-01-01 00:00:00.221809919,0.221809919,0.0,0.0,0.0,126.195625,0.0,0.0,0.0,0.0,-1.5707964,0.0
1970-01-01 00:00:00.221857135,0.221857135,0.0,0.0,863.4781,0.0,0.0,0.0,0.0,0.0,-1.5707964,0.0
1970-01-01 00:00:00.221983161,0.221983161,0.0,0.0,0.0,2566.4033,0.0,0.0,0.0,0.0,-1.5707964,0.0
1970-01-01 00:00:00.222093570,0.22209357,0.0,0.0,0.0,312.40533,0.0,0.0,0.0,0.0,-1.5707964,0.0
1970-01-01 00:00:00.222139367,0.222139367,187.75809,0.0,0.0,0.0,0.0,0.0,0.0,0.0,-1.5707964,0.0
1970-01-01 00:00:00.222257749,0.222257749,0.0,225.52046,0.0,0.0,0.0,0.0,0.0,0.0,-1.5707964,0.0
1970-01-01 00:00:00.222282024,0.222282024,0.0,0.0,318.75784,0.0,0.0,0.0,0.0,0.0,-1.5707964,0.0
1970-01-01 00:00:00.222328492,0.222328492,0.0,0.0,0.0,4490.968,0.0,0.0,0.0,0.0,-1.5707964,0.0
1970-01-01 00:00:00.222409857,0.222409857,0.0,0.0,0.0,0.0,0.0,85.06024,0.0,0.0,-1.5707964,0.0
1970-01-01 00:00:00.222420263,0.222420263,0.0,0.0,0.0,0.0,0.0,105.02388,0.0,0.0,-1.5707964,0.0
1970-01-01 00:00:00.222623449,0.222623449,0.0,0.0,0.0,157.70177,0.0,0.0,0.0,0.0,-1.5707964,0.0
1970-01-01 00:00:00.222630035,0.222630035,0.0,0.0,0.0,0.0,0.0,377.9552,0.0,0.0,-1.5707964,0.0
1970-01-01 00:00:00.222704441,0.222704441,0.0,0.0,0.0,118.52453,0.0,0.0,0.0,0.0,-1.5707964,0.0
1970-01-01 00:00:00.222895321,0.222895321,0.0,0.0,0.0,0.0,1008.7587,0.0,0.0,0.0,-1.5707964,0.0
1970-01-01 00:00:00.223050800,0.2230508,0.0,0.0,0.0,285.8057,0.0,0.0,0.0,0.0,-1.5707964,0.0
1970-01-01 00:00:00.223200232,0.223200232,0.0,0.0,0.0,0.0,0.0,143.64928,0.0,0.0,-1.5707964,0.0
1970-01-01 00:00:00.223347055,0.223347055,0.0,0.0,0.0,0.0,0.0,117.09136,0.0,0.0,-1.5707964,0.0
1970-01-01 00:00:00.223397838,0.223397838,0.0,0.0,0.0,0.0,913.53204,0.0,0.0,0.0,-1.5707964,0.0
1970-01-01 00:00:00.223438926,0.223438926,0.0,3601.683,0.0,0.0,0.0,0.0,0.0,0.0,-1.5707964,0.0
1970-01-01 00:00:00.223455614,0.223455614,0.0,0.0,0.0,0.0,0.0,601.83777,0.0,0.0,-1.5707964,0.0
1970-01-01 00:00:00.223527945,0.223527945,0.0,0.0,0.0,0.0,182.38065,0.0,0.0,0.0,-1.5707964,0.0
1970-01-01 00:00:00.223545960,0.22354596,0.0,0.0,0.0,0.0,6367.9795,0.0,0.0,0.0,-1.5707964,0.0
1970-01-01 00:00:00.223705046,0.223705046,0.0,0.0,2987.6062,0.0,0.0,0.0,0.0,0.0,-1.5707964,0.0
1970-01-01 00:00:00.223752787,0.223752787,0.0,0.0,85.131386,0.0,0.0,0.0,0.0,0.0,-1.5707964,0.0
1970-01-01 00:00:00.223995550,0.22399555,0.0,0.0,138.0321,0.0,0.0,0.0,0.0,0.0,-1.5707964,0.0
1970-01-01 00:00:00.224049533,0.224049533,0.0,0.0,0.0,0.0,0.0,184.13849,0.0,0.0,-1.5707964,0.0
1970-01-01 00:00:00.224087152,0.224087152,0.0,0.0,0.0,0.0,0.0,2818.263,0.0,0.0,-1.5707964,0.0
1970-01-01 00:00:00.224087152,0.224087152,0.0,0.0,0.0,0.0,0.0,531.07,0.0,0.0,-1.5707964,0.0
1970-01-01 00:00:00.224091261,0.224091261,0.0,0.0,0.0,0.0,428.58664,0.0,0.0,0.0,-1.5707964,0.0
1970-01-01 00:00:00.224091261,0.224091261,0.0,0.0,0.0,0.0,7829.433,0.0,0.0,0.0,-1.5707964,0.0
1970-01-01 00:00:00.224220938,0.224220938,0.0,0.0,0.0,497.34177,0.0,0.0,0.0,0.0,-1.5707964,0.0
1970-01-01 00:00:00.224248239,0.224248239,0.0,0.0,0.0,433.47784,0.0,0.0,0.0,0.0,-1.5707964,0.0
1970-01-01 00:00:00.224268441,0.224268441,0.0,0.0,0.0,0.0,0.0,362.83585,0.0,0.0,-1.5707964,0.0
1970-01-01 00:00:00.224448240,0.22444824,0.0,0.0,457.655,0.0,0.0,0.0,0.0,0.0,-1.5707964,0.0
1970-01-01 00:00:00.224711484,0.224711484,0.0,0.0,0.0,92.52717,0.0,0.0,0.0,0.0,-1.5707964,0.0
1970-01-01 00:00:00.224729262,0.224729262,0.0,0.0,0.0,338.50916,0.0,0.0,0.0,0.0,-1.5707964,0.0
1970-01-01 00:00:00.225091542,0.225091542,297.609,0.0,0.0,0.0,0.0,0.0,0.0,0.0,-1.5707964,0.0
1970-01-01 00:00:00.225091542,0.225091542,0.0,0.0,0.0,0.0,0.0,431.99988,0.0,0.0,-1.5707964,0.0
1970-01-01 00:00:00.225192028,0.225192028,0.0,593.5341,0.0,0.0,0.0,0.0,0.0,0.0,-1.5707964,0.0
1970-01-01 00:00:00.225303776,0.225303776,0.0,0.0,123.51114,0.0,0.0,0.0,0.0,0.0,-1.5707964,0.0
1970-01-01 00:00:00.225351563,0.225351563,0.0,0.0,0.0,753.2662,0.0,0.0,0.0,0.0,-1.5707964,0.0
1970-01-01 00:00:00.225436032,0.225436032,0.0,0.0,128.23259,0.0,0.0,0.0,0.0,0.0,-1.5707964,0.0
1970-01-01 00:00:00.225633060,0.22563306,0.0,215.222,0.0,0.0,0.0,0.0,0.0,0.0,-1.5707964,0.0
1970-01-01 00:00:00.225769824,0.225769824,0.0,0.0,0.0,0.0,605.5127,0.0,0.0,0.0,-1.5707964,0.0
1970-01-01 00:00:00.226182485,0.226182485,0.0,0.0,0.0,0.0,419.6555,0.0,0.0,0.0,-1.5707964,0.0
1970-01-01 00:00:00.226266496,0.226266496,0.0,0.0,0.0,0.0,0.0,663.5533,0.0,0.0,-1.5707964,0.0
1970-01-01 00:00:00.226334804,0.226334804,0.0,0.0,0.0,181.35439,0.0,0.0,0.0,0.0,-1.5707964,0.0
1970-01-01 00:00:00.226634188,0.226634188,0.0,0.0,0.0,0.0,713.1037,0.0,0.0,0.0,-1.5707964,0.0
1970-01-01 00:00:00.227446832,0.227446832,0.0,0.0,0.0,0.0,0.0,192.66353,0.0,0.0,-1.5707964,0.0
1970-01-01 00:00:00.227720735,0.227720735,784.38916,0.0,0.0,0.0,0.0,0.0,0.0,0.0,-1.5707964,0.0
1970-01-01 00:00:00.227720735,0.227720735,0.0,0.0,163.20943,0.0,0.0,0.0,0.0,0.0,-1.5707964,0.0
1970-01-01 00:00:00.228075884,0.228075884,692.7493,0.0,0.0,0.0,0.0,0.0,0.0,0.0,-1.5707964,0.0
1970-01-01 00:00:00.228383615,0.228383615,0.0,0.0,406.51242,0.0,0.0,0.0,0.0,0.0,-1.5707964,0.0
1970-01-01 00:00:00.228887020,0.22888702,0.0,0.0,0.0,1857.4667,0.0,0.0,0.0,0.0,-1.5707964,0.0
1970-01-01 00:00:00.228894849,0.228894849,175.65878,0.0,0.0,0.0,0.0,0.0,0.0,0.0,-1.5707964,0.0
1970-01-01 00:00:00.229026727,0.229026727,0.0,0.0,357.55338,0.0,0.0,0.0,0.0,0.0,-1.5707964,0.0
1970-01-01 00:00:00.229051739,0.229051739,0.0,0.0,0.0,338.0734,0.0,0.0,0.0,0.0,-1.5707964,0.0
1970-01-01 00:00:00.229265185,0.229265185,0.0,0.0,0.0,0.0,137.96718,0.0,0.0,0.0,-1.5707964,0.0
1970-01-01 00:00:00.229310905,0.229310905,0.0,0.0,0.0,0.0,86.15216,0.0,0.0,0.0,-1.5707964,0.0
1970-01-01 00:00:00.229753913,0.229753913,0.0,0.0,0.0,0.0,0.0,4482.3945,0.0,0.0,-1.5707964,0.0
1970-01-01 00:00:00.230248747,0.230248747,0.0,0.0,0.0,0.0,0.0,1613.7778,0.0,0.0,-1.5707964,0.0
1970-01-01 00:00:00.230314795,0.230314795,0.0,0.0,214.45137,0.0,0.0,0.0,0.0,0.0,-1.5707964,0.0
1970-01-01 00:00:00.231358026,0.231358026,0.0,0.0,0.0,0.0,197.44124,0.0,0.0,0.0,-1.5707964,0.0
1970-01-01 00:00:00.231573310,0.23157331,0.0,0.0,0.0,0.0,227.20247,0.0,0.0,0.0,-1.5707964,0.0
1970-01-01 00:00:00.231879743,0.231879743,0.0,0.0,0.0,870.2286,0.0,0.0,0.0,0.0,-1.5707964,0.0
1970-01-01 00:00:00.232363872,0.232363872,1697.215,0.0,0.0,0.0,0.0,0.0,0.0,0.0,-1.5707964,0.0
1970-01-01 00:00:00.232363872,0.232363872,0.0,0.0,0.0,0.0,0.0,6592.39,0.0,0.0,-1.5707964,0.0
1970-01-01 00:00:00.232377777,0.232377777,0.0,0.0,323.6156,0.0,0.0,0.0,0.0,0.0,-1.5707964,0.0
1970-01-01 00:00:00.232906548,0.232906548,0.0,0.0,111.724495,0.0,0.0,0.0,0.0,0.0,-1.5707964,0.0
1970-01-01 00:00:00.232920702,0.232920702,0.0,0.0,0.0,0.0,84.05357,0.0,0.0,0.0,-1.5707964,0.0
1970-01-01 00:00:00.233224771,0.233224771,0.0,0.0,129.14091,0.0,0.0,0.0,0.0,0.0,-1.5707964,0.0
1970-01-01 00:00:00.233993368,0.233993368,0.0,0.0,0.0,0.0,0.0,251.33638,0.0,0.0,-1.5707964,0.0
1970-01-01 00:00:00.234392267,0.234392267,0.0,0.0,0.0,173.44402,0.0,0.0,0.0,0.0,-1.5707964,0.0
1970-01-01 00:00:00.235183904,0.235183904,0.0,0.0,0.0,208.17325,0.0,0.0,0.0,0.0,-1.5707964,0.0
1970-01-01 00:00:00.235205801,0.235205801,520.4604,0.0,0.0,0.0,0.0,0.0,0.0,0.0,-1.5707964,0.0
1970-01-01 00:00:00.236073292,0.236073292,0.0,0.0,0.0,1206.4443,0.0,0.0,0.0,0.0,-1.5707964,0.0
1970-01-01 00:00:00.236485950,0.23648595,0.0,0.0,0.0,0.0,372.41287,0.0,0.0,0.0,-1.5707964,0.0
1970-01-01 00:00:00.236988483,0.236988483,0.0,0.0,0.0,0.0,588.58105,0.0,0.0,0.0,-1.5707964,0.0
1970-01-01 00:00:00.237386500,0.2373865,0.0,0.0,97.91216,0.0,0.0,0.0,0.0,0.0,-1.5707964,0.0
1970-01-01 00:00:00.237424102,0.237424102,0.0,0.0,0.0,0.0,145.30426,0.0,0.0,0.0,-1.5707964,0.0
1970-01-01 00:00:00.237996715,0.237996715,0.0,0.0,0.0,0.0,1084.3445,0.0,0.0,0.0,-1.5707964,0.0
1970-01-01 00:00:00.238190107,0.238190107,0.0,0.0,0.0,286.49817,0.0,0.0,0.0,0.0,-1.5707964,0.0
1970-01-01 00:00:00.239158326,0.239158326,0.0,0.0,0.0,0.0,654.2314,0.0,0.0,0.0,-1.5707964,0.0
1970-01-01 00:00:00.239180399,0.239180399,0.0,0.0,133.49734,0.0,0.0,0.0,0.0,0.0,-1.5707964,0.0
1970-01-01 00:00:00.239281250,0.23928125,0.0,0.0,127.172745,0.0,0.0,0.0,0.0,0.0,-1.5707964,0.0
1970-01-01 00:00:00.239693818,0.239693818,0.0,0.0,85.89913,0.0,0.0,0.0,0.0,0.0,-1.5707964,0.0
1970-01-01 00:00:00.240389863,0.240389863,0.0,0.0,158.52737,0.0,0.0,0.0,0.0,0.0,-1.5707964,0.0
1970-01-01 00:00:00.241105487,0.241105487,0.0,0.0,930.42413,0.0,0.0,0.0,0.0,0.0,-1.5707964,0.0
1970-01-01 00:00:00.241276191,0.241276191,0.0,0.0,0.0,0.0,0.0,108.689514,0.0,0.0,-1.5707964,0.0
1970-01-01 00:00:00.241364388,0.241364388,0.0,0.0,517.88214,0.0,0.0,0.0,0.0,0.0,-1.5707964,0.0
1970-01-01 00:00:00.242106915,0.242106915,0.0,0.0,112.34232,0.0,0.0,0.0,0.0,0.0,-1.5707964,0.0
1970-01-01 00:00:00.242126698,0.242126698,0.0,0.0,0.0,0.0,80.78352,0.0,0.0,0.0,-1.5707964,0.0
1970-01-01 00:00:00.242421503,0.242421503,0.0,0.0,0.0,4336.6416,0.0,0.0,0.0,0.0,-1.5707964,0.0
1970-01-01 00:00:00.242616247,0.242616247,90.2344,0.0,0.0,0.0,0.0,0.0,0.0,0.0,-1.5707964,0.0
1970-01-01 00:00:00.242973646,0.242973646,0.0,0.0,0.0,143.5307,0.0,0.0,0.0,0.0,-1.5707964,0.0
1970-01-01 00:00:00.243119315,0.243119315,0.0,0.0,0.0,0.0,0.0,692.6107,0.0,0.0,-1.5707964,0.0
1970-01-01 00:00:00.243200196,0.243200196,0.0,0.0,0.0,0.0,455.47662,0.0,0.0,0.0,-1.5707964,0.0
1970-01-01 00:00:00.245388540,0.24538854,0.0,0.0,275.52228,0.0,0.0,0.0,0.0,0.0,-1.5707964,0.0
1970-01-01 00:00:00.245920700,0.2459207,0.0,0.0,311.9521,0.0,0.0,0.0,0.0,0.0,-1.5707964,0.0
1970-01-01 00:00:00.246681674,0.246681674,0.0,0.0,156.3117,0.0,0.0,0.0,0.0,0.0,-1.5707964,0.0
1970-01-01 00:00:00.247191855,0.247191855,0.0,0.0,248.67215,0.0,0.0,0.0,0.0,0.0,-1.5707964,0.0
1970-01-01 00:00:00.249127896,0.249127896,0.0,0.0,0.0,0.0,0.0,148.42656,0.0,0.0,-1.5707964,0.0
1970-01-01 00:00:00.249270537,0.249270537,0.0,0.0,0.0,0.0,0.0,965.04675,0.0,0.0,-1.5707964,0.0
1970-01-01 00:00:00.249812190,0.24981219,0.0,0.0,6157.7046,0.0,0.0,0.0,0.0,0.0,-1.5707964,0.0
1970-01-01 00:00:00.249812190,0.24981219,0.0,0.0,0.0,89.159836,0.0,0.0,0.0,0.0,-1.5707964,0.0
1970-01-01 00:00:00.250817475,0.250817476,245.97185,0.0,0.0,0.0,0.0,0.0,0.0,0.0,-1.5707964,0.0
1970-01-01 00:00:00.251961013,0.251961014,0.0,0.0,127.291084,0.0,0.0,0.0,0.0,0.0,-1.5707964,0.0
1970-01-01 00:00:00.252533098,0.252533099,1017.8734,0.0,0.0,0.0,0.0,0.0,0.0,0.0,-1.5707964,0.0
1970-01-01 00:00:00.252680402,0.252680402,0.0,0.0,0.0,395.67645,0.0,0.0,0.0,0.0,-1.5707964,0.0
1970-01-01 00:00:00.252927120,0.252927121,0.0,728.49536,0.0,0.0,0.0,0.0,0.0,0.0,-1.5707964,0.0
1970-01-01 00:00:00.252927120,0.252927121,0.0,0.0,0.0,0.0,115.14486,0.0,0.0,0.0,-1.5707964,0.0
1970-01-01 00:00:00.252962872,0.252962872,0.0,0.0,0.0,0.0,171.02237,0.0,0.0,0.0,-1.5707964,0.0
1970-01-01 00:00:00.253394613,0.253394613,0.0,0.0,636.4163,0.0,0.0,0.0,0.0,0.0,-1.5707964,0.0
1970-01-01 00:00:00.253951449,0.253951449,0.0,87.274765,0.0,0.0,0.0,0.0,0.0,0.0,-1.5707964,0.0
1970-01-01 00:00:00.254212981,0.254212982,0.0,0.0,0.0,0.0,854.4868,0.0,0.0,0.0,-1.5707964,0.0
1970-01-01 00:00:00.254379776,0.254379776,0.0,0.0,0.0,96.02679,0.0,0.0,0.0,0.0,-1.5707964,0.0
1970-01-01 00:00:00.254613345,0.254613345,0.0,0.0,0.0,0.0,4984.087,0.0,0.0,0.0,-1.5707964,0.0
1970-01-01 00:00:00.254613345,0.254613345,0.0,0.0,0.0,2509.0461,0.0,0.0,0.0,0.0,-1.5707964,0.0
1970-01-01 00:00:00.256211270,0.25621127,0.0,0.0,106.32124,0.0,0.0,0.0,0.0,0.0,-1.5707964,0.0
1970-01-01 00:00:00.257310855,0.257310856,87.343796,0.0,0.0,0.0,0.0,0.0,0.0,0.0,-1.5707964,0.0
1970-01-01 00:00:00.257330934,0.257330934,0.0,0.0,120.30814,0.0,0.0,0.0,0.0,0.0,-1.5707964,0.0
1970-01-01 00:00:00.257474190,0.25747419,0.0,0.0,0.0,0.0,0.0,791.6329,0.0,0.0,-1.5707964,0.0
1970-01-01 00:00:00.257520583,0.257520583,0.0,0.0,0.0,214.02844,0.0,0.0,0.0,0.0,-1.5707964,0.0
1970-01-01 00:00:00.258098544,0.258098544,0.0,0.0,0.0,897.7367,0.0,0.0,0.0,0.0,-1.5707964,0.0
1970-01-01 00:00:00.258737545,0.258737545,0.0,0.0,0.0,0.0,181.57944,0.0,0.0,0.0,-1.5707964,0.0
1970-01-01 00:00:00.258841755,0.258841756,0.0,0.0,902.8333,0.0,0.0,0.0,0.0,0.0,-1.5707964,0.0
1970-01-01 00:00:00.258841755,0.258841756,0.0,0.0,3269.7568,0.0,0.0,0.0,0.0,0.0,-1.5707964,0.0
1970-01-01 00:00:00.259844539,0.259844539,0.0,0.0,0.0,0.0,159.38292,0.0,0.0,0.0,-1.5707964,0.0
1970-01-01 00:00:00.259905312,0.259905312,0.0,0.0,0.0,147.43391,0.0,0.0,0.0,0.0,-1.5707964,0.0
1970-01-01 00:00:00.264822206,0.264822206,0.0,0.0,0.0,1028.4431,0.0,0.0,0.0,0.0,-1.5707964,0.0
1970-01-01 00:00:00.265090220,0.26509022,0.0,0.0,97.73521,0.0,0.0,0.0,0.0,0.0,-1.5707964,0.0
1970-01-01 00:00:00.265990620,0.265990621,0.0,0.0,1538.9158,0.0,0.0,0.0,0.0,0.0,-1.5707964,0.0
1970-01-01 00:00:00.268080812,0.268080813,0.0,0.0,1151.0638,0.0,0.0,0.0,0.0,0.0,-1.5707964,0.0
1970-01-01 00:00:00.268705398,0.268705398,0.0,0.0,0.0,0.0,608.75726,0.0,0.0,0.0,-1.5707964,0.0
1970-01-01 00:00:00.269003557,0.269003557,0.0,0.0,101.50426,0.0,0.0,0.0,0.0,0.0,-1.5707964,0.0
1970-01-01 00:00:00.269523296,0.269523296,0.0,0.0,0.0,152.99516,0.0,0.0,0.0,0.0,-1.5707964,0.0
1970-01-01 00:00:00.270345877,0.270345877,0.0,0.0,1382.3425,0.0,0.0,0.0,0.0,0.0,-1.5707964,0.0
1970-01-01 00:00:00.279376408,0.279376408,0.0,0.0,0.0,0.0,1966.3865,0.0,0.0,0.0,-1.5707964,0.0
1970-01-01 00:00:00.296669290,0.29666929,0.0,0.0,0.0,366.83023,0.0,0.0,0.0,0.0,-1.5707964,0.0
1970-01-01 00:00:00.297907525,0.297907525,0.0,0.0,391.12488,0.0,0.0,0.0,0.0,0.0,-1.5707964,0.0
1970-01-01 00:00:00.302563034,0.302563034,0.0,0.0,0.0,0.0,1865.2703,0.0,0.0,0.0,-1.5707964,0.0
1970-01-01 00:00:00.303657423,0.303657423,0.0,0.0,342.7648,0.0,0.0,0.0,0.0,0.0,-1.5707964,0.0
1970-01-01 00:00:00.305555695,0.305555695,0.0,0.0,0.0,0.0,129.8058,0.0,0.0,0.0,-1.5707964,0.0
1970-01-01 00:00:00.306011071,0.306011071,0.0,0.0,0.0,0.0,247.52177,0.0,0.0,0.0,-1.5707964,0.0
1970-01-01 00:00:00.306168343,0.306168343,0.0,0.0,0.0,570.2986,0.0,0.0,0.0,0.0,-1.5707964,0.0
1970-01-01 00:00:00.306325845,0.306325845,0.0,0.0,0.0,0.0,1489.6826,0.0,0.0,0.0,-1.5707964,0.0
1970-01-01 00:00:00.306456026,0.306456026,2527.582,0.0,0.0,0.0,0.0,0.0,0.0,0.0,-1.5707964,0.0
1970-01-01 00:00:00.306510442,0.306510442,0.0,0.0,0.0,0.0,112.676994,0.0,0.0,0.0,-1.5707964,0.0
1970-01-01 00:00:00.306830155,0.306830155,0.0,0.0,0.0,0.0,0.0,119.69077,0.0,0.0,-1.5707964,0.0
1970-01-01 00:00:00.306841438,0.306841438,0.0,0.0,1072.9176,0.0,0.0,0.0,0.0,0.0,-1.5707964,0.0
1970-01-01 00:00:00.319035225,0.319035225,0.0,0.0,0.0,401.0247,0.0,0.0,0.0,0.0,-1.5707964,0.0
