datetime,timestamp[s],bgo_z1[keV],bgo_z0[keV],bgo_x1[keV],bgo_x0[keV],bgo_y1[keV],bgo_y0[keV],latX,lonX,latZ,lonZ
1970-01-01 00:00:00.007718119,0.007718119,0.0,139.29863,0.0,0.0,0.0,0.0,0.0,0.0,-1.5707964,0.0
1970-01-01 00:00:00.008685618,0.008685618,2509.485,0.0,0.0,0.0,0.0,0.0,0.0,0.0,-1.5707964,0.0
1970-01-01 00:00:00.009931030,0.00993103,0.0,250.30145,0.0,0.0,0.0,0.0,0.0,0.0,-1.5707964,0.0
1970-01-01 00:00:00.010401068,0.010401068,0.0,0.0,0.0,106.390785,0.0,0.0,0.0,0.0,-1.5707964,0.0
1970-01-01 00:00:00.012322323,0.012322323,0.0,0.0,0.0,0.0,263.71515,0.0,0.0,0.0,-1.5707964,0.0
1970-01-01 00:00:00.012856932,0.012856932,0.0,0.0,360.06592,0.0,0.0,0.0,0.0,0.0,-1.5707964,0.0
1970-01-01 00:00:00.018299417,0.018299417,0.0,0.0,0.0,203.81279,0.0,0.0,0.0,0.0,-1.5707964,0.0
1970-01-01 00:00:00.018597474,0.018597474,0.0,0.0,0.0,236.18895,0.0,0.0,0.0,0.0,-1.5707964,0.0
1970-01-01 00:00:00.021049709,0.021049709,0.0,0.0,201.49124,0.0,0.0,0.0,0.0,0.0,-1.5707964,0.0
1970-01-01 00:00:00.021520309,0.021520309,0.0,0.0,359.37396,0.0,0.0,0.0,0.0,0.0,-1.5707964,0.0
1970-01-01 00:00:00.029737384,0.029737384,0.0,506.57373,0.0,0.0,0.0,0.0,0.0,0.0,-1.5707964,0.0
1970-01-01 00:00:00.030532828,0.030532828,0.0,0.0,0.0,0.0,0.0,300.56815,0.0,0.0,-1.5707964,0.0
1970-01-01 00:00:00.030992109,0.030992109,180.42154,0.0,0.0,0.0,0.0,0.0,0.0,0.0,-1.5707964,0.0
1970-01-01 00:00:00.031053078,0.031053078,0.0,0.0,610.1821,0.0,0.0,0.0,0.0,0.0,-1.5707964,0.0
1970-01-01 00:00:00.031233135,0.031233135,0.0,0.0,0.0,156.52959,0.0,0.0,0.0,0.0,-1.5707964,0.0
1970-01-01 00:00:00.031587071,0.031587071,0.0,0.0,0.0,0.0,0.0,656.1911,0.0,0.0,-1.5707964,0.0
1970-01-01 00:00:00.032053554,0.032053555,0.0,0.0,2060.058,0.0,0.0,0.0,0.0,0.0,-1.5707964,0.0
1970-01-01 00:00:00.032456528,0.032456528,0.0,0.0,0.0,358.71555,0.0,0.0,0.0,0.0,-1.5707964,0.0
1970-01-01 00:00:00.032916646,0.032916646,0.0,0.0,0.0,511.74368,0.0,0.0,0.0,0.0,-1.5707964,0.0
1970-01-01 00:00:00.033088703,0.033088704,0.0,0.0,115.78055,0.0,0.0,0.0,0.0,0.0,-1.5707964,0.0
1970-01-01 00:00:00.033660670,0.03366067,0.0,0.0,0.0,119.856606,0.0,0.0,0.0,0.0,-1.5707964,0.0
1970-01-01 00:00:00.033966772,0.033966772,0.0,0.0,0.0,232.64023,0.0,0.0,0.0,0.0,-1.5707964,0.0
1970-01-01 00:00:00.034083619,0.034083619,0.0,0.0,0.0,189.59485,0.0,0.0,0.0,0.0,-1.5707964,0.0
1970-01-01 00:00:00.034167577,0.034167577,0.0,0.0,0.0,2716.2368,0.0,0.0,0.0,0.0,-1.5707964,0.0
1970-01-01 00:00:00.034538065,0.034538065,0.0,0.0,1258.3008,0.0,0.0,0.0,0.0,0.0,-1.5707964,0.0
1970-01-01 00:00:00.034861371,0.034861371,0.0,886.3275,0.0,0.0,0.0,0.0,0.0,0.0,-1.5707964,0.0
1970-01-01 00:00:00.034861371,0.034861371,0.0,0.0,0.0,206.69531,0.0,0.0,0.0,0.0,-1.5707964,0.0
1970-01-01 00:00:00.034961966,0.034961966,0.0,0.0,266.2373,0.0,0.0,0.0,0.0,0.0,-1.5707964,0.0
1970-01-01 00:00:00.035187263,0.035187263,0.0,0.0,0.0,302.89838,0.0,0.0,0.0,0.0,-1.5707964,0.0
1970-01-01 00:00:00.035202399,0.035202399,0.0,233.8135,0.0,0.0,0.0,0.0,0.0,0.0,-1.5707964,0.0
1970-01-01 00:00:00.035426772,0.035426772,0.0,0.0,266.79468,0.0,0.0,0.0,0.0,0.0,-1.5707964,0.0
1970-01-01 00:00:00.037783035,0.037783035,0.0,0.0,0.0,153.74248,0.0,0.0,0.0,0.0,-1.5707964,0.0
1970-01-01 00:00:00.038460862,0.038460862,0.0,0.0,0.0,0.0,180.39313,0.0,0.0,0.0,-1.5707964,0.0
1970-01-01 00:00:00.039613703,0.039613703,0.0,0.0,0.0,221.04932,0.0,0.0,0.0,0.0,-1.5707964,0.0
1970-01-01 00:00:00.040181297,0.040181297,0.0,0.0,0.0,204.1263,0.0,0.0,0.0,0.0,-1.5707964,0.0
1970-01-01 00:00:00.040322036,0.040322036,0.0,0.0,0.0,0.0,0.0,116.38998,0.0,0.0,-1.5707964,0.0
1970-01-01 00:00:00.041831979,0.041831979,0.0,0.0,0.0,493.8954,0.0,0.0,0.0,0.0,-1.5707964,0.0
1970-01-01 00:00:00.042392237,0.042392237,0.0,0.0,0.0,0.0,0.0,1115.413,0.0,0.0,-1.5707964,0.0
1970-01-01 00:00:00.043064823,0.043064823,0.0,0.0,0.0,345.6629,0.0,0.0,0.0,0.0,-1.5707964,0.0
1970-01-01 00:00:00.043216646,0.043216646,0.0,0.0,0.0,686.2503,0.0,0.0,0.0,0.0,-1.5707964,0.0
1970-01-01 00:00:00.045082741,0.045082741,0.0,0.0,0.0,0.0,0.0,1713.214,0.0,0.0,-1.5707964,0.0
1970-01-01 00:00:00.045826830,0.04582683,0.0,0.0,0.0,0.0,261.36755,0.0,0.0,0.0,-1.5707964,0.0
1970-01-01 00:00:00.047892404,0.047892404,0.0,0.0,0.0,246.9525,0.0,0.0,0.0,0.0,-1.5707964,0.0
1970-01-01 00:00:00.049144627,0.049144627,0.0,1090.6113,0.0,0.0,0.0,0.0,0.0,0.0,-1.5707964,0.0
1970-01-01 00:00:00.050031652,0.050031652,0.0,0.0,0.0,0.0,0.0,792.38513,0.0,0.0,-1.5707964,0.0
1970-01-01 00:00:00.050424631,0.050424631,0.0,253.49661,0.0,0.0,0.0,0.0,0.0,0.0,-1.5707964,0.0
1970-01-01 00:00:00.050790716,0.050790716,0.0,5892.688,0.0,0.0,0.0,0.0,0.0,0.0,-1.5707964,0.0
1970-01-01 00:00:00.051142069,0.051142069,0.0,564.36884,0.0,0.0,0.0,0.0,0.0,0.0,-1.5707964,0.0
1970-01-01 00:00:00.051577936,0.051577936,0.0,0.0,1086.577,0.0,0.0,0.0,0.0,0.0,-1.5707964,0.0
1970-01-01 00:00:00.052334703,0.052334703,0.0,0.0,0.0,212.14116,0.0,0.0,0.0,0.0,-1.5707964,0.0
1970-01-01 00:00:00.053100833,0.053100833,0.0,0.0,0.0,0.0,638.8047,0.0,0.0,0.0,-1.5707964,0.0
1970-01-01 00:00:00.054460659,0.054460659,0.0,0.0,0.0,181.7951,0.0,0.0,0.0,0.0,-1.5707964,0.0
1970-01-01 00:00:00.054613888,0.054613888,0.0,0.0,0.0,0.0,146.15503,0.0,0.0,0.0,-1.5707964,0.0
1970-01-01 00:00:00.054831736,0.054831736,0.0,635.96875,0.0,0.0,0.0,0.0,0.0,0.0,-1.5707964,0.0
1970-01-01 00:00:00.054869897,0.054869897,0.0,0.0,0.0,192.19267,0.0,0.0,0.0,0.0,-1.5707964,0.0
1970-01-01 00:00:00.055129982,0.055129982,0.0,0.0,0.0,251.78885,0.0,0.0,0.0,0.0,-1.5707964,0.0
1970-01-01 00:00:00.055201144,0.055201144,0.0,0.0,245.17769,0.0,0.0,0.0,0.0,0.0,-1.5707964,0.0
1970-01-01 00:00:00.055419243,0.055419243,0.0,0.0,0.0,479.58975,0.0,0.0,0.0,0.0,-1.5707964,0.0
1970-01-01 00:00:00.055958061,0.055958061,0.0,0.0,604.81464,0.0,0.0,0.0,0.0,0.0,-1.5707964,0.0
1970-01-01 00:00:00.056045423,0.056045423,0.0,0.0,0.0,1127.6112,0.0,0.0,0.0,0.0,-1.5707964,0.0
1970-01-01 00:00:00.056399996,0.056399996,0.0,0.0,0.0,1244.8162,0.0,0.0,0.0,0.0,-1.5707964,0.0
1970-01-01 00:00:00.056418325,0.056418325,0.0,0.0,273.789,0.0,0.0,0.0,0.0,0.0,-1.5707964,0.0
1970-01-01 00:00:00.056458192,0.056458192,0.0,0.0,0.0,204.52927,0.0,0.0,0.0,0.0,-1.5707964,0.0
1970-01-01 00:00:00.056478758,0.056478758,0.0,0.0,555.89655,0.0,0.0,0.0,0.0,0.0,-1.5707964,0.0
1970-01-01 00:00:00.056528823,0.056528823,0.0,0.0,0.0,428.87036,0.0,0.0,0.0,0.0,-1.5707964,0.0
1970-01-01 00:00:00.056687645,0.056687645,0.0,0.0,616.0984,0.0,0.0,0.0,0.0,0.0,-1.5707964,0.0
1970-01-01 00:00:00.056785061,0.056785061,0.0,0.0,0.0,0.0,0.0,233.51251,0.0,0.0,-1.5707964,0.0
1970-01-01 00:00:00.056826246,0.056826246,0.0,0.0,0.0,205.00525,0.0,0.0,0.0,0.0,-1.5707964,0.0
1970-01-01 00:00:00.056938228,0.056938228,0.0,0.0,0.0,338.8325,0.0,0.0,0.0,0.0,-1.5707964,0.0
1970-01-01 00:00:00.056976995,0.056976995,0.0,0.0,0.0,471.44913,0.0,0.0,0.0,0.0,-1.5707964,0.0
1970-01-01 00:00:00.057073906,0.057073906,0.0,0.0,0.0,0.0,0.0,251.81886,0.0,0.0,-1.5707964,0.0
1970-01-01 00:00:00.057227539,0.057227539,0.0,0.0,0.0,0.0,805.26556,0.0,0.0,0.0,-1.5707964,0.0
1970-01-01 00:00:00.057227539,0.057227539,0.0,0.0,0.0,1175.3507,0.0,0.0,0.0,0.0,-1.5707964,0.0
1970-01-01 00:00:00.057461243,0.057461243,0.0,0.0,0.0,85.75751,0.0,0.0,0.0,0.0,-1.5707964,0.0
1970-01-01 00:00:00.057577745,0.057577745,0.0,0.0,0.0,100.43047,0.0,0.0,0.0,0.0,-1.5707964,0.0
1970-01-01 00:00:00.057894171,0.057894171,0.0,0.0,399.85764,0.0,0.0,0.0,0.0,0.0,-1.5707964,0.0
1970-01-01 00:00:00.057924726,0.057924726,0.0,369.95886,0.0,0.0,0.0,0.0,0.0,0.0,-1.5707964,0.0
1970-01-01 00:00:00.058243619,0.058243619,0.0,0.0,0.0,0.0,111.4053,0.0,0.0,0.0,-1.5707964,0.0
1970-01-01 00:00:00.058444254,0.058444254,0.0,0.0,0.0,0.0,0.0,1896.7875,0.0,0.0,-1.5707964,0.0
1970-01-01 00:00:00.058553058,0.058553058,0.0,0.0,0.0,0.0,94.71385,0.0,0.0,0.0,-1.5707964,0.0
1970-01-01 00:00:00.058641587,0.058641587,0.0,0.0,0.0,404.24387,0.0,0.0,0.0,0.0,-1.5707964,0.0
1970-01-01 00:00:00.059096681,0.059096681,0.0,0.0,0.0,0.0,588.2529,0.0,0.0,0.0,-1.5707964,0.0
1970-01-01 00:00:00.059310053,0.059310053,0.0,0.0,0.0,1729.2152,0.0,0.0,0.0,0.0,-1.5707964,0.0
1970-01-01 00:00:00.059735954,0.059735954,0.0,0.0,0.0,715.37195,0.0,0.0,0.0,0.0,-1.5707964,0.0
1970-01-01 00:00:00.059870908,0.059870908,0.0,561.3186,0.0,0.0,0.0,0.0,0.0,0.0,-1.5707964,0.0
1970-01-01 00:00:00.059870908,0.059870908,0.0,0.0,0.0,0.0,0.0,768.1792,0.0,0.0,-1.5707964,0.0
1970-01-01 00:00:00.059870908,0.059870908,0.0,0.0,0.0,96.466736,0.0,0.0,0.0,0.0,-1.5707964,0.0
1970-01-01 00:00:00.060051963,0.060051963,0.0,0.0,1652.3519,0.0,0.0,0.0,0.0,0.0,-1.5707964,0.0
1970-01-01 00:00:00.060237314,0.060237314,0.0,0.0,0.0,191.3098,0.0,0.0,0.0,0.0,-1.5707964,0.0
1970-01-01 00:00:00.060270742,0.060270742,0.0,0.0,0.0,0.0,201.16634,0.0,0.0,0.0,-1.5707964,0.0
1970-01-01 00:00:00.060305886,0.060305886,0.0,0.0,0.0,5104.63,0.0,0.0,0.0,0.0,-1.5707964,0.0
1970-01-01 00:00:00.060562301,0.060562301,0.0,0.0,0.0,480.71164,0.0,0.0,0.0,0.0,-1.5707964,0.0
1970-01-01 00:00:00.060765669,0.060765669,0.0,0.0,0.0,0.0,415.4999,0.0,0.0,0.0,-1.5707964,0.0
1970-01-01 00:00:00.060939294,0.060939294,0.0,0.0,189.17535,0.0,0.0,0.0,0.0,0.0,-1.5707964,0.0
1970-01-01 00:00:00.060955693,0.060955693,0.0,0.0,639.81586,0.0,0.0,0.0,0.0,0.0,-1.5707964,0.0
1970-01-01 00:00:00.061659649,0.061659649,0.0,0.0,0.0,0.0,190.28609,0.0,0.0,0.0,-1.5707964,0.0
1970-01-01 00:00:00.061731689,0.061731689,0.0,0.0,0.0,0.0,0.0,203.77379,0.0,0.0,-1.5707964,0.0
1970-01-01 00:00:00.061958843,0.061958843,0.0,0.0,1506.1876,0.0,0.0,0.0,0.0,0.0,-1.5707964,0.0
1970-01-01 00:00:00.062189316,0.062189316,0.0,0.0,250.18521,0.0,0.0,0.0,0.0,0.0,-1.5707964,0.0
1970-01-01 00:00:00.062400225,0.062400225,0.0,0.0,0.0,0.0,0.0,839.88525,0.0,0.0,-1.5707964,0.0
1970-01-01 00:00:00.062984609,0.062984609,0.0,0.0,0.0,83.91621,0.0,0.0,0.0,0.0,-1.5707964,0.0
1970-01-01 00:00:00.063038806,0.063038806,0.0,0.0,0.0,0.0,630.4162,0.0,0.0,0.0,-1.5707964,0.0
1970-01-01 00:00:00.063067263,0.063067263,0.0,0.0,0.0,838.5875,0.0,0.0,0.0,0.0,-1.5707964,0.0
1970-01-01 00:00:00.063067263,0.063067263,0.0,0.0,0.0,393.13046,0.0,0.0,0.0,0.0,-1.5707964,0.0
1970-01-01 00:00:00.063269439,0.06326944,0.0,0.0,336.17035,0.0,0.0,0.0,0.0,0.0,-1.5707964,0.0
1970-01-01 00:00:00.063583085,0.063583085,0.0,0.0,0.0,0.0,102.416504,0.0,0.0,0.0,-1.5707964,0.0
1970-01-01 00:00:00.063729777,0.063729777,0.0,613.6709,0.0,0.0,0.0,0.0,0.0,0.0,-1.5707964,0.0
1970-01-01 00:00:00.063747593,0.063747593,0.0,0.0,376.95834,0.0,0.0,0.0,0.0,0.0,-1.5707964,0.0
1970-01-01 00:00:00.063861313,0.063861313,0.0,0.0,0.0,0.0,0.0,200.23305,0.0,0.0,-1.5707964,0.0
1970-01-01 00:00:00.064073729,0.06407373,0.0,0.0,0.0,183.59718,0.0,0.0,0.0,0.0,-1.5707964,0.0
1970-01-01 00:00:00.064105594,0.064105594,0.0,0.0,0.0,126.24146,0.0,0.0,0.0,0.0,-1.5707964,0.0
1970-01-01 00:00:00.064553562,0.064553563,0.0,0.0,0.0,0.0,0.0,111.198105,0.0,0.0,-1.5707964,0.0
1970-01-01 00:00:00.064636869,0.064636869,0.0,228.67981,0.0,0.0,0.0,0.0,0.0,0.0,-1.5707964,0.0
1970-01-01 00:00:00.064832327,0.064832328,0.0,0.0,0.0,0.0,303.79492,0.0,0.0,0.0,-1.5707964,0.0
1970-01-01 00:00:00.064863331,0.064863332,0.0,0.0,0.0,428.31088,0.0,0.0,0.0,0.0,-1.5707964,0.0
1970-01-01 00:00:00.065257589,0.065257589,0.0,0.0,0.0,0.0,206.5774,0.0,0.0,0.0,-1.5707964,0.0
1970-01-01 00:00:00.065479276,0.065479276,0.0,0.0,0.0,0.0,0.0,429.50568,0.0,0.0,-1.5707964,0.0
1970-01-01 00:00:00.065902528,0.065902528,0.0,0.0,0.0,0.0,0.0,1009.0034,0.0,0.0,-1.5707964,0.0
1970-01-01 00:00:00.065917033,0.065917033,0.0,273.79068,0.0,0.0,0.0,0.0,0.0,0.0,-1.5707964,0.0
1970-01-01 00:00:00.065966555,0.065966556,0.0,0.0,0.0,0.0,0.0,255.54985,0.0,0.0,-1.5707964,0.0
1970-01-01 00:00:00.066594438,0.066594438,0.0,0.0,0.0,146.06921,0.0,0.0,0.0,0.0,-1.5707964,0.0
1970-01-01 00:00:00.066676571,0.066676571,0.0,0.0,105.610245,0.0,0.0,0.0,0.0,0.0,-1.5707964,0.0
1970-01-01 00:00:00.066692740,0.06669274,0.0,0.0,0.0,0.0,0.0,159.16298,0.0,0.0,-1.5707964,0.0
1970-01-01 00:00:00.067177943,0.067177943,0.0,0.0,0.0,564.1189,0.0,0.0,0.0,0.0,-1.5707964,0.0
1970-01-01 00:00:00.067382020,0.06738202,0.0,0.0,120.633865,0.0,0.0,0.0,0.0,0.0,-1.5707964,0.0
1970-01-01 00:00:00.067475058,0.067475058,0.0,0.0,385.8413,0.0,0.0,0.0,0.0,0.0,-1.5707964,0.0
1970-01-01 00:00:00.067726527,0.067726527,0.0,0.0,0.0,143.49265,0.0,0.0,0.0,0.0,-1.5707964,0.0
1970-01-01 00:00:00.068060332,0.068060332,0.0,285.36942,0.0,0.0,0.0,0.0,0.0,0.0,-1.5707964,0.0
1970-01-01 00:00:00.068154881,0.068154881,0.0,0.0,0.0,97.89203,0.0,0.0,0.0,0.0,-1.5707964,0.0
1970-01-01 00:00:00.068160952,0.068160952,0.0,0.0,0.0,80.098724,0.0,0.0,0.0,0.0,-1.5707964,0.0
1970-01-01 00:00:00.068168923,0.068168923,0.0,0.0,389.09467,0.0,0.0,0.0,0.0,0.0,-1.5707964,0.0
1970-01-01 00:00:00.068263684,0.068263684,0.0,0.0,0.0,328.43994,0.0,0.0,0.0,0.0,-1.5707964,0.0
1970-01-01 00:00:00.068341439,0.068341439,0.0,0.0,469.0454,0.0,0.0,0.0,0.0,0.0,-1.5707964,0.0
1970-01-01 00:00:00.068350795,0.068350795,0.0,0.0,0.0,1099.3403,0.0,0.0,0.0,0.0,-1.5707964,0.0
1970-01-01 00:00:00.069073657,0.069073657,0.0,0.0,0.0,245.90059,0.0,0.0,0.0,0.0,-1.5707964,0.0
1970-01-01 00:00:00.069164040,0.06916404,0.0,0.0,429.56995,0.0,0.0,0.0,0.0,0.0,-1.5707964,0.0
1970-01-01 00:00:00.069202751,0.069202751,0.0,0.0,0.0,0.0,0.0,520.4328,0.0,0.0,-1.5707964,0.0
1970-01-01 00:00:00.069277964,0.069277964,0.0,0.0,0.0,0.0,147.67577,0.0,0.0,0.0,-1.5707964,0.0
1970-01-01 00:00:00.069368009,0.069368009,0.0,0.0,0.0,0.0,0.0,894.0513,0.0,0.0,-1.5707964,0.0
1970-01-01 00:00:00.069415794,0.069415794,0.0,0.0,0.0,0.0,0.0,259.4606,0.0,0.0,-1.5707964,0.0
1970-01-01 00:00:00.070182162,0.070182162,0.0,0.0,0.0,0.0,0.0,3053.318,0.0,0.0,-1.5707964,0.0
1970-01-01 00:00:00.070222388,0.070222388,0.0,0.0,0.0,97.574486,0.0,0.0,0.0,0.0,-1.5707964,0.0
1970-01-01 00:00:00.070384418,0.070384418,0.0,0.0,0.0,971.9707,0.0,0.0,0.0,0.0,-1.5707964,0.0
1970-01-01 00:00:00.070449645,0.070449645,0.0,0.0,0.0,363.16165,0.0,0.0,0.0,0.0,-1.5707964,0.0
1970-01-01 00:00:00.070472462,0.070472462,0.0,0.0,0.0,0.0,0.0,855.8948,0.0,0.0,-1.5707964,0.0
1970-01-01 00:00:00.070481399,0.070481399,0.0,0.0,1590.7083,0.0,0.0,0.0,0.0,0.0,-1.5707964,0.0
1970-01-01 00:00:00.071110184,0.071110184,0.0,0.0,0.0,0.0,0.0,247.7638,0.0,0.0,-1.5707964,0.0
1970-01-01 00:00:00.071578468,0.071578468,0.0,0.0,0.0,208.82436,0.0,0.0,0.0,0.0,-1.5707964,0.0
1970-01-01 00:00:00.071636187,0.071636187,0.0,0.0,0.0,0.0,115.02286,0.0,0.0,0.0,-1.5707964,0.0
1970-01-01 00:00:00.071810449,0.071810449,0.0,0.0,0.0,780.448,0.0,0.0,0.0,0.0,-1.5707964,0.0
1970-01-01 00:00:00.072000219,0.072000219,280.53885,0.0,0.0,0.0,0.0,0.0,0.0,0.0,-1.5707964,0.0
1970-01-01 00:00:00.072000219,0.072000219,0.0,0.0,853.3983,0.0,0.0,0.0,0.0,0.0,-1.5707964,0.0
1970-01-01 00:00:00.072288238,0.072288238,0.0,222.43779,0.0,0.0,0.0,0.0,0.0,0.0,-1.5707964,0.0
1970-01-01 00:00:00.073101990,0.07310199,0.0,0.0,1578.7477,0.0,0.0,0.0,0.0,0.0,-1.5707964,0.0
1970-01-01 00:00:00.073175616,0.073175616,0.0,0.0,0.0,1452.7888,0.0,0.0,0.0,0.0,-1.5707964,0.0
1970-01-01 00:00:00.073293573,0.073293573,0.0,113.06732,0.0,0.0,0.0,0.0,0.0,0.0,-1.5707964,0.0
1970-01-01 00:00:00.073331009,0.073331009,0.0,0.0,0.0,0.0,0.0,461.3217,0.0,0.0,-1.5707964,0.0
1970-01-01 00:00:00.073345925,0.073345925,0.0,293.78598,0.0,0.0,0.0,0.0,0.0,0.0,-1.5707964,0.0
1970-01-01 00:00:00.073345925,0.073345925,0.0,0.0,0.0,271.7498,0.0,0.0,0.0,0.0,-1.5707964,0.0
1970-01-01 00:00:00.073551333,0.073551333,0.0,103.29306,0.0,0.0,0.0,0.0,0.0,0.0,-1.5707964,0.0
1970-01-01 00:00:00.073608310,0.07360831,0.0,0.0,0.0,589.9401,0.0,0.0,0.0,0.0,-1.5707964,0.0
1970-01-01 00:00:00.073830460,0.07383046,0.0,0.0,288.8168,0.0,0.0,0.0,0.0,0.0,-1.5707964,0.0
1970-01-01 00:00:00.074225825,0.074225825,0.0,0.0,0.0,0.0,0.0,345.76135,0.0,0.0,-1.5707964,0.0
1970-01-01 00:00:00.074528664,0.074528664,0.0,0.0,677.2856,0.0,0.0,0.0,0.0,0.0,-1.5707964,0.0
1970-01-01 00:00:00.074570361,0.074570361,0.0,0.0,1114.3668,0.0,0.0,0.0,0.0,0.0,-1.5707964,0.0
1970-01-01 00:00:00.074729363,0.074729363,0.0,0.0,0.0,530.36487,0.0,0.0,0.0,0.0,-1.5707964,0.0
1970-01-01 00:00:00.075165758,0.075165758,0.0,0.0,0.0,622.26825,0.0,0.0,0.0,0.0,-1.5707964,0.0
1970-01-01 00:00:00.075212321,0.075212321,0.0,0.0,0.0,563.222,0.0,0.0,0.0,0.0,-1.5707964,0.0
1970-01-01 00:00:00.075212321,0.075212321,0.0,0.0,0.0,0.0,0.0,597.68774,0.0,0.0,-1.5707964,0.0
1970-01-01 00:00:00.075444832,0.075444832,0.0,0.0,0.0,0.0,0.0,95.01913,0.0,0.0,-1.5707964,0.0
1970-01-01 00:00:00.075620581,0.075620581,0.0,0.0,0.0,249.95265,0.0,0.0,0.0,0.0,-1.5707964,0.0
1970-01-01 00:00:00.075645438,0.075645438,0.0,366.4599,0.0,0.0,0.0,0.0,0.0,0.0,-1.5707964,0.0
1970-01-01 00:00:00.075695909,0.075695909,0.0,114.64346,0.0,0.0,0.0,0.0,0.0,0.0,-1.5707964,0.0
1970-01-01 00:00:00.075695909,0.075695909,0.0,0.0,0.0,250.57034,0.0,0.0,0.0,0.0,-1.5707964,0.0
1970-01-01 00:00:00.075770500,0.0757705,0.0,0.0,252.53607,0.0,0.0,0.0,0.0,0.0,-1.5707964,0.0
1970-01-01 00:00:00.075815316,0.075815316,0.0,0.0,0.0,0.0,834.1426,0.0,0.0,0.0,-1.5707964,0.0
1970-01-01 00:00:00.076172500,0.0761725,0.0,0.0,0.0,171.13135,0.0,0.0,0.0,0.0,-1.5707964,0.0
1970-01-01 00:00:00.077062119,0.077062119,0.0,0.0,0.0,0.0,851.94684,0.0,0.0,0.0,-1.5707964,0.0
1970-01-01 00:00:00.077302711,0.077302711,0.0,0.0,0.0,398.14658,0.0,0.0,0.0,0.0,-1.5707964,0.0
1970-01-01 00:00:00.077378917,0.077378917,0.0,0.0,0.0,0.0,0.0,363.69464,0.0,0.0,-1.5707964,0.0
1970-01-01 00:00:00.077499532,0.077499532,0.0,0.0,0.0,0.0,193.61407,0.0,0.0,0.0,-1.5707964,0.0
1970-01-01 00:00:00.077637104,0.077637104,0.0,0.0,0.0,0.0,176.472,0.0,0.0,0.0,-1.5707964,0.0
1970-01-01 00:00:00.077712686,0.077712686,0.0,0.0,351.44724,0.0,0.0,0.0,0.0,0.0,-1.5707964,0.0
1970-01-01 00:00:00.077728952,0.077728952,0.0,0.0,0.0,409.4558,0.0,0.0,0.0,0.0,-1.5707964,0.0
1970-01-01 00:00:00.077729466,0.077729466,0.0,0.0,0.0,124.3233,0.0,0.0,0.0,0.0,-1.5707964,0.0
1970-01-01 00:00:00.077951051,0.077951051,0.0,0.0,0.0,0.0,270.0662,0.0,0.0,0.0,-1.5707964,0.0
1970-01-01 00:00:00.078052783,0.078052783,0.0,0.0,0.0,0.0,142.50085,0.0,0.0,0.0,-1.5707964,0.0
1970-01-01 00:00:00.078073248,0.078073248,0.0,0.0,1089.7976,0.0,0.0,0.0,0.0,0.0,-1.5707964,0.0
1970-01-01 00:00:00.078137170,0.07813717,0.0,557.2088,0.0,0.0,0.0,0.0,0.0,0.0,-1.5707964,0.0
1970-01-01 00:00:00.078200176,0.078200176,0.0,0.0,0.0,0.0,229.27441,0.0,0.0,0.0,-1.5707964,0.0
1970-01-01 00:00:00.078287720,0.07828772,0.0,227.99596,0.0,0.0,0.0,0.0,0.0,0.0,-1.5707964,0.0
1970-01-01 00:00:00.078503020,0.07850302,0.0,238.88713,0.0,0.0,0.0,0.0,0.0,0.0,-1.5707964,0.0
1970-01-01 00:00:00.078672326,0.078672326,0.0,0.0,360.6094,0.0,0.0,0.0,0.0,0.0,-1.5707964,0.0
1970-01-01 00:00:00.078946841,0.078946841,0.0,0.0,0.0,0.0,125.64071,0.0,0.0,0.0,-1.5707964,0.0
1970-01-01 00:00:00.079242237,0.079242237,0.0,247.79529,0.0,0.0,0.0,0.0,0.0,0.0,-1.5707964,0.0
1970-01-01 00:00:00.079273281,0.079273281,0.0,0.0,0.0,0.0,0.0,334.581,0.0,0.0,-1.5707964,0.0
1970-01-01 00:00:00.079552971,0.079552971,0.0,0.0,678.1968,0.0,0.0,0.0,0.0,0.0,-1.5707964,0.0
1970-01-01 00:00:00.079556677,0.079556677,0.0,0.0,0.0,0.0,166.8194,0.0,0.0,0.0,-1.5707964,0.0
1970-01-01 00:00:00.079590537,0.079590537,236.2908,0.0,0.0,0.0,0.0,0.0,0.0,0.0,-1.5707964,0.0
1970-01-01 00:00:00.079605585,0.079605585,0.0,1121.4388,0.0,0.0,0.0,0.0,0.0,0.0,-1.5707964,0.0
1970-01-01 00:00:00.079631882,0.079631882,0.0,0.0,0.0,105.42065,0.0,0.0,0.0,0.0,-1.5707964,0.0
1970-01-01 00:00:00.079729485,0.079729485,0.0,0.0,0.0,145.36531,0.0,0.0,0.0,0.0,-1.5707964,0.0
1970-01-01 00:00:00.079766971,0.079766971,0.0,0.0,169.26315,0.0,0.0,0.0,0.0,0.0,-1.5707964,0.0
1970-01-01 00:00:00.079971431,0.079971431,0.0,0.0,0.0,722.76825,0.0,0.0,0.0,0.0,-1.5707964,0.0
1970-01-01 00:00:00.079994627,0.079994627,0.0,0.0,0.0,107.272736,0.0,0.0,0.0,0.0,-1.5707964,0.0
1970-01-01 00:00:00.080167200,0.0801672,0.0,0.0,0.0,207.22925,0.0,0.0,0.0,0.0,-1.5707964,0.0
1970-01-01 00:00:00.080321928,0.080321928,0.0,0.0,0.0,0.0,0.0,238.5129,0.0,0.0,-1.5707964,0.0
1970-01-01 00:00:00.080355886,0.080355886,0.0,0.0,207.08856,0.0,0.0,0.0,0.0,0.0,-1.5707964,0.0
1970-01-01 00:00:00.080362647,0.080362647,0.0,0.0,0.0,0.0,0.0,134.80151,0.0,0.0,-1.5707964,0.0
1970-01-01 00:00:00.080492086,0.080492086,0.0,0.0,0.0,661.2344,0.0,0.0,0.0,0.0,-1.5707964,0.0
1970-01-01 00:00:00.080895044,0.080895044,0.0,0.0,0.0,184.10138,0.0,0.0,0.0,0.0,-1.5707964,0.0
1970-01-01 00:00:00.081025663,0.081025663,0.0,0.0,0.0,380.21606,0.0,0.0,0.0,0.0,-1.5707964,0.0
1970-01-01 00:00:00.081042557,0.081042557,0.0,153.4568,0.0,0.0,0.0,0.0,0.0,0.0,-1.5707964,0.0
1970-01-01 00:00:00.081106224,0.081106224,0.0,0.0,0.0,0.0,0.0,192.48978,0.0,0.0,-1.5707964,0.0
1970-01-01 00:00:00.081208507,0.081208507,0.0,0.0,261.44675,0.0,0.0,0.0,0.0,0.0,-1.5707964,0.0
1970-01-01 00:00:00.081217805,0.081217805,0.0,0.0,0.0,0.0,0.0,483.10648,0.0,0.0,-1.5707964,0.0
1970-01-01 00:00:00.081360232,0.081360232,0.0,0.0,0.0,85.112465,0.0,0.0,0.0,0.0,-1.5707964,0.0
1970-01-01 00:00:00.081472150,0.08147215,0.0,0.0,0.0,3013.757,0.0,0.0,0.0,0.0,-1.5707964,0.0
1970-01-01 00:00:00.081544361,0.081544361,0.0,0.0,566.1973,0.0,0.0,0.0,0.0,0.0,-1.5707964,0.0
1970-01-01 00:00:00.081551492,0.081551492,0.0,0.0,0.0,167.38698,0.0,0.0,0.0,0.0,-1.5707964,0.0
1970-01-01 00:00:00.081577860,0.08157786,0.0,0.0,0.0,0.0,646.9059,0.0,0.0,0.0,-1.5707964,0.0
1970-01-01 00:00:00.081695582,0.081695582,0.0,0.0,161.69221,0.0,0.0,0.0,0.0,0.0,-1.5707964,0.0
1970-01-01 00:00:00.081812475,0.081812475,0.0,0.0,83.479706,0.0,0.0,0.0,0.0,0.0,-1.5707964,0.0
1970-01-01 00:00:00.081812475,0.081812475,0.0,0.0,0.0,0.0,0.0,86.61817,0.0,0.0,-1.5707964,0.0
1970-01-01 00:00:00.082015155,0.082015155,0.0,0.0,363.64096,0.0,0.0,0.0,0.0,0.0,-1.5707964,0.0
1970-01-01 00:00:00.082176375,0.082176375,0.0,0.0,0.0,2130.0176,0.0,0.0,0.0,0.0,-1.5707964,0.0
1970-01-01 00:00:00.082286621,0.082286621,0.0,0.0,0.0,141.55127,0.0,0.0,0.0,0.0,-1.5707964,0.0
1970-01-01 00:00:00.082778059,0.082778059,0.0,296.4274,0.0,0.0,0.0,0.0,0.0,0.0,-1.5707964,0.0
1970-01-01 00:00:00.082823849,0.082823849,332.96762,0.0,0.0,0.0,0.0,0.0,0.0,0.0,-1.5707964,0.0
1970-01-01 00:00:00.082887156,0.082887156,0.0,0.0,0.0,2847.4358,0.0,0.0,0.0,0.0,-1.5707964,0.0
1970-01-01 00:00:00.082892133,0.082892133,0.0,0.0,0.0,0.0,338.87842,0.0,0.0,0.0,-1.5707964,0.0
1970-01-01 00:00:00.082899482,0.082899482,0.0,0.0,0.0,0.0,170.39767,0.0,0.0,0.0,-1.5707964,0.0
1970-01-01 00:00:00.083230402,0.083230402,0.0,0.0,0.0,88.81045,0.0,0.0,0.0,0.0,-1.5707964,0.0
1970-01-01 00:00:00.083436247,0.083436247,0.0,0.0,0.0,0.0,0.0,192.58089,0.0,0.0,-1.5707964,0.0
1970-01-01 00:00:00.083468252,0.083468252,0.0,0.0,2638.8088,0.0,0.0,0.0,0.0,0.0,-1.5707964,0.0
1970-01-01 00:00:00.084021825,0.084021825,0.0,0.0,0.0,558.8903,0.0,0.0,0.0,0.0,-1.5707964,0.0
1970-01-01 00:00:00.084115663,0.084115663,0.0,700.6698,0.0,0.0,0.0,0.0,0.0,0.0,-1.5707964,0.0
1970-01-01 00:00:00.084130536,0.084130536,0.0,0.0,128.4682,0.0,0.0,0.0,0.0,0.0,-1.5707964,0.0
1970-01-01 00:00:00.084338292,0.084338292,0.0,0.0,739.252,0.0,0.0,0.0,0.0,0.0,-1.5707964,0.0
1970-01-01 00:00:00.084505547,0.084505547,0.0,87.20232,0.0,0.0,0.0,0.0,0.0,0.0,-1.5707964,0.0
1970-01-01 00:00:00.084570137,0.084570137,0.0,0.0,0.0,2269.3923,0.0,0.0,0.0,0.0,-1.5707964,0.0
1970-01-01 00:00:00.084622494,0.084622494,0.0,0.0,0.0,0.0,233.5729,0.0,0.0,0.0,-1.5707964,0.0
1970-01-01 00:00:00.084639542,0.084639542,1010.0861,0.0,0.0,0.0,0.0,0.0,0.0,0.0,-1.5707964,0.0
1970-01-01 00:00:00.084677814,0.084677814,0.0,0.0,0.0,0.0,443.13425,0.0,0.0,0.0,-1.5707964,0.0
1970-01-01 00:00:00.084966187,0.084966187,0.0,0.0,0.0,0.0,0.0,426.9507,0.0,0.0,-1.5707964,0.0
1970-01-01 00:00:00.085223284,0.085223284,0.0,0.0,0.0,0.0,1024.4968,0.0,0.0,0.0,-1.5707964,0.0
1970-01-01 00:00:00.085673777,0.085673777,0.0,0.0,849.48267,0.0,0.0,0.0,0.0,0.0,-1.5707964,0.0
1970-01-01 00:00:00.085753206,0.085753206,0.0,0.0,141.3662,0.0,0.0,0.0,0.0,0.0,-1.5707964,0.0
1970-01-01 00:00:00.086186694,0.086186694,0.0,0.0,0.0,3903.4712,0.0,0.0,0.0,0.0,-1.5707964,0.0
1970-01-01 00:00:00.086350652,0.086350652,0.0,0.0,0.0,0.0,5485.754,0.0,0.0,0.0,-1.5707964,0.0
1970-01-01 00:00:00.086355415,0.086355415,0.0,0.0,0.0,154.36855,0.0,0.0,0.0,0.0,-1.5707964,0.0
1970-01-01 00:00:00.086420639,0.086420639,0.0,0.0,0.0,553.1935,0.0,0.0,0.0,0.0,-1.5707964,0.0
1970-01-01 00:00:00.086482168,0.086482168,0.0,0.0,114.60916,0.0,0.0,0.0,0.0,0.0,-1.5707964,0.0
1970-01-01 00:00:00.086528366,0.086528366,0.0,0.0,0.0,0.0,520.41504,0.0,0.0,0.0,-1.5707964,0.0
1970-01-01 00:00:00.086528366,0.086528366,0.0,0.0,0.0,0.0,519.1654,0.0,0.0,0.0,-1.5707964,0.0
1970-01-01 00:00:00.086608929,0.086608929,0.0,0.0,2085.4075,0.0,0.0,0.0,0.0,0.0,-1.5707964,0.0
1970-01-01 00:00:00.086622758,0.086622758,0.0,0.0,121.48919,0.0,0.0,0.0,0.0,0.0,-1.5707964,0.0
1970-01-01 00:00:00.086705522,0.086705522,1382.7811,0.0,0.0,0.0,0.0,0.0,0.0,0.0,-1.5707964,0.0
1970-01-01 00:00:00.086780906,0.086780906,0.0,0.0,1814.0464,0.0,0.0,0.0,0.0,0.0,-1.5707964,0.0
1970-01-01 00:00:00.087031738,0.087031738,0.0,0.0,0.0,0.0,2545.1155,0.0,0.0,0.0,-1.5707964,0.0
1970-01-01 00:00:00.087065705,0.087065705,0.0,0.0,0.0,111.06737,0.0,0.0,0.0,0.0,-1.5707964,0.0
1970-01-01 00:00:00.087196964,0.087196964,0.0,0.0,0.0,0.0,97.710976,0.0,0.0,0.0,-1.5707964,0.0
1970-01-01 00:00:00.087220832,0.087220832,0.0,0.0,0.0,359.39185,0.0,0.0,0.0,0.0,-1.5707964,0.0
1970-01-01 00:00:00.087489312,0.087489312,0.0,0.0,1339.2185,0.0,0.0,0.0,0.0,0.0,-1.5707964,0.0
1970-01-01 00:00:00.087536757,0.087536757,0.0,0.0,0.0,0.0,0.0,284.2269,0.0,0.0,-1.5707964,0.0
1970-01-01 00:00:00.087641460,0.08764146,0.0,0.0,588.39014,0.0,0.0,0.0,0.0,0.0,-1.5707964,0.0
1970-01-01 00:00:00.087767760,0.08776776,545.3506,0.0,0.0,0.0,0.0,0.0,0.0,0.0,-1.5707964,0.0
1970-01-01 00:00:00.087802644,0.087802644,0.0,0.0,0.0,594.95,0.0,0.0,0.0,0.0,-1.5707964,0.0
1970-01-01 00:00:00.088056175,0.088056175,0.0,0.0,270.71585,0.0,0.0,0.0,0.0,0.0,-1.5707964,0.0
1970-01-01 00:00:00.088358456,0.088358456,0.0,0.0,0.0,513.7293,0.0,0.0,0.0,0.0,-1.5707964,0.0
1970-01-01 00:00:00.088368989,0.088368989,0.0,682.4076,0.0,0.0,0.0,0.0,0.0,0.0,-1.5707964,0.0
1970-01-01 00:00:00.088465118,0.088465118,0.0,0.0,0.0,162.62816,0.0,0.0,0.0,0.0,-1.5707964,0.0
1970-01-01 00:00:00.088578456,0.088578456,0.0,0.0,0.0,287.32217,0.0,0.0,0.0,0.0,-1.5707964,0.0
1970-01-01 00:00:00.088666799,0.088666799,0.0,0.0,0.0,205.65324,0.0,0.0,0.0,0.0,-1.5707964,0.0
1970-01-01 00:00:00.088792771,0.088792771,0.0,0.0,0.0,1229.8953,0.0,0.0,0.0,0.0,-1.5707964,0.0
1970-01-01 00:00:00.088849269,0.088849269,0.0,0.0,816.3292,0.0,0.0,0.0,0.0,0.0,-1.5707964,0.0
1970-01-01 00:00:00.088856389,0.088856389,0.0,0.0,396.48047,0.0,0.0,0.0,0.0,0.0,-1.5707964,0.0
1970-01-01 00:00:00.088936828,0.088936828,0.0,0.0,226.51617,0.0,0.0,0.0,0.0,0.0,-1.5707964,0.0
1970-01-01 00:00:00.089098278,0.089098278,0.0,0.0,180.94551,0.0,0.0,0.0,0.0,0.0,-1.5707964,0.0
1970-01-01 00:00:00.089172785,0.089172785,0.0,0.0,0.0,262.53018,0.0,0.0,0.0,0.0,-1.5707964,0.0
1970-01-01 00:00:00.089279167,0.089279167,0.0,0.0,561.01105,0.0,0.0,0.0,0.0,0.0,-1.5707964,0.0
1970-01-01 00:00:00.089306817,0.089306817,0.0,0.0,331.0343,0.0,0.0,0.0,0.0,0.0,-1.5707964,0.0
1970-01-01 00:00:00.089360147,0.089360147,0.0,0.0,0.0,0.0,382.59424,0.0,0.0,0.0,-1.5707964,0.0
1970-01-01 00:00:00.089687922,0.089687922,0.0,0.0,210.43225,0.0,0.0,0.0,0.0,0.0,-1.5707964,0.0
1970-01-01 00:00:00.089925542,0.089925542,0.0,0.0,0.0,170.39206,0.0,0.0,0.0,0.0,-1.5707964,0.0
1970-01-01 00:00:00.089947417,0.089947417,0.0,0.0,0.0,0.0,0.0,90.05835,0.0,0.0,-1.5707964,0.0
1970-01-01 00:00:00.089948537,0.089948537,0.0,0.0,2027.5704,0.0,0.0,0.0,0.0,0.0,-1.5707964,0.0
1970-01-01 00:00:00.090029972,0.090029972,0.0,0.0,0.0,0.0,0.0,346.44427,0.0,0.0,-1.5707964,0.0
1970-01-01 00:00:00.090032688,0.090032688,0.0,0.0,0.0,0.0,0.0,343.30933,0.0,0.0,-1.5707964,0.0
1970-01-01 00:00:00.090160873,0.090160873,0.0,0.0,0.0,535.02576,0.0,0.0,0.0,0.0,-1.5707964,0.0
1970-01-01 00:00:00.090160873,0.090160873,0.0,0.0,0.0,191.98366,0.0,0.0,0.0,0.0,-1.5707964,0.0
1970-01-01 00:00:00.090282330,0.09028233,0.0,358.42404,0.0,0.0,0.0,0.0,0.0,0.0,-1.5707964,0.0
1970-01-01 00:00:00.090352518,0.090352518,0.0,0.0,0.0,0.0,0.0,186.14323,0.0,0.0,-1.5707964,0.0
1970-01-01 00:00:00.090562311,0.090562311,0.0,0.0,0.0,148.7985,0.0,0.0,0.0,0.0,-1.5707964,0.0
1970-01-01 00:00:00.090686467,0.090686467,0.0,0.0,0.0,95.10314,0.0,0.0,0.0,0.0,-1.5707964,0.0
1970-01-01 00:00:00.090729531,0.090729531,0.0,0.0,0.0,0.0,116.45135,0.0,0.0,0.0,-1.5707964,0.0
1970-01-01 00:00:00.090781784,0.090781784,0.0,0.0,876.7462,0.0,0.0,0.0,0.0,0.0,-1.5707964,0.0
1970-01-01 00:00:00.090824236,0.090824236,0.0,544.984,0.0,0.0,0.0,0.0,0.0,0.0,-1.5707964,0.0
1970-01-01 00:00:00.090882227,0.090882227,0.0,0.0,0.0,0.0,0.0,205.66945,0.0,0.0,-1.5707964,0.0
1970-01-01 00:00:00.091050247,0.091050247,0.0,0.0,230.10748,0.0,0.0,0.0,0.0,0.0,-1.5707964,0.0
1970-01-01 00:00:00.091050247,0.091050247,0.0,0.0,278.28595,0.0,0.0,0.0,0.0,0.0,-1.5707964,0.0
1970-01-01 00:00:00.091076088,0.091076088,0.0,0.0,0.0,1230.22,0.0,0.0,0.0,0.0,-1.5707964,0.0
1970-01-01 00:00:00.091123302,0.091123302,0.0,0.0,0.0,1651.451,0.0,0.0,0.0,0.0,-1.5707964,0.0
1970-01-01 00:00:00.091240708,0.091240708,0.0,0.0,151.28436,0.0,0.0,0.0,0.0,0.0,-1.5707964,0.0
1970-01-01 00:00:00.091711957,0.091711957,0.0,0.0,519.97943,0.0,0.0,0.0,0.0,0.0,-1.5707964,0.0
1970-01-01 00:00:00.091740351,0.091740351,0.0,0.0,0.0,0.0,342.82275,0.0,0.0,0.0,-1.5707964,0.0
1970-01-01 00:00:00.091888442,0.091888442,0.0,0.0,0.0,0.0,0.0,141.41016,0.0,0.0,-1.5707964,0.0
1970-01-01 00:00:00.092024359,0.092024359,0.0,0.0,186.87161,0.0,0.0,0.0,0.0,0.0,-1.5707964,0.0
1970-01-01 00:00:00.092052317,0.092052317,0.0,0.0,0.0,0.0,0.0,639.5329,0.0,0.0,-1.5707964,0.0
1970-01-01 00:00:00.092175915,0.092175915,0.0,371.33566,0.0,0.0,0.0,0.0,0.0,0.0,-1.5707964,0.0
1970-01-01 00:00:00.092231552,0.092231552,0.0,0.0,0.0,356.5868,0.0,0.0,0.0,0.0,-1.5707964,0.0
1970-01-01 00:00:00.092231552,0.092231552,0.0,0.0,0.0,1091.3546,0.0,0.0,0.0,0.0,-1.5707964,0.0
1970-01-01 00:00:00.092251603,0.092251603,0.0,0.0,0.0,149.28465,0.0,0.0,0.0,0.0,-1.5707964,0.0
1970-01-01 00:00:00.092326958,0.092326958,0.0,0.0,1072.923,0.0,0.0,0.0,0.0,0.0,-1.5707964,0.0
1970-01-01 00:00:00.092765988,0.092765988,0.0,0.0,0.0,842.60736,0.0,0.0,0.0,0.0,-1.5707964,0.0
1970-01-01 00:00:00.092951143,0.092951143,0.0,0.0,472.4025,0.0,0.0,0.0,0.0,0.0,-1.5707964,0.0
1970-01-01 00:00:00.093039758,0.093039758,0.0,0.0,0.0,0.0,1308.6213,0.0,0.0,0.0,-1.5707964,0.0
1970-01-01 00:00:00.093202535,0.093202535,0.0,0.0,0.0,0.0,0.0,104.14928,0.0,0.0,-1.5707964,0.0
1970-01-01 00:00:00.093324505,0.093324505,0.0,0.0,0.0,1273.0889,0.0,0.0,0.0,0.0,-1.5707964,0.0
1970-01-01 00:00:00.093359585,0.093359585,0.0,0.0,0.0,131.6672,0.0,0.0,0.0,0.0,-1.5707964,0.0
1970-01-01 00:00:00.093500801,0.093500801,0.0,0.0,768.4307,0.0,0.0,0.0,0.0,0.0,-1.5707964,0.0
1970-01-01 00:00:00.093527393,0.093527393,0.0,0.0,577.07385,0.0,0.0,0.0,0.0,0.0,-1.5707964,0.0
1970-01-01 00:00:00.093706170,0.09370617,0.0,0.0,0.0,0.0,0.0,144.1254,0.0,0.0,-1.5707964,0.0
1970-01-01 00:00:00.093721428,0.093721428,0.0,0.0,0.0,0.0,0.0,96.44156,0.0,0.0,-1.5707964,0.0
1970-01-01 00:00:00.093770921,0.093770921,0.0,0.0,0.0,521.6999,0.0,0.0,0.0,0.0,-1.5707964,0.0
1970-01-01 00:00:00.093805516,0.093805516,0.0,0.0,647.1017,0.0,0.0,0.0,0.0,0.0,-1.5707964,0.0
1970-01-01 00:00:00.093805538,0.093805538,0.0,0.0,210.5621,0.0,0.0,0.0,0.0,0.0,-1.5707964,0.0
1970-01-01 00:00:00.093840286,0.093840286,0.0,381.74884,0.0,0.0,0.0,0.0,0.0,0.0,-1.5707964,0.0
1970-01-01 00:00:00.093914976,0.093914976,0.0,1014.38776,0.0,0.0,0.0,0.0,0.0,0.0,-1.5707964,0.0
1970-01-01 00:00:00.093935304,0.093935304,0.0,0.0,0.0,0.0,240.6983,0.0,0.0,0.0,-1.5707964,0.0
1970-01-01 00:00:00.094042593,0.094042593,0.0,0.0,0.0,256.4143,0.0,0.0,0.0,0.0,-1.5707964,0.0
1970-01-01 00:00:00.094053349,0.094053349,0.0,0.0,1292.913,0.0,0.0,0.0,0.0,0.0,-1.5707964,0.0
1970-01-01 00:00:00.094148931,0.094148931,0.0,0.0,0.0,0.0,120.520355,0.0,0.0,0.0,-1.5707964,0.0
1970-01-01 00:00:00.094210241,0.094210241,0.0,0.0,0.0,0.0,0.0,214.98184,0.0,0.0,-1.5707964,0.0
1970-01-01 00:00:00.094250975,0.094250975,0.0,0.0,94.34486,0.0,0.0,0.0,0.0,0.0,-1.5707964,0.0
1970-01-01 00:00:00.094294126,0.094294126,0.0,0.0,0.0,113.31948,0.0,0.0,0.0,0.0,-1.5707964,0.0
1970-01-01 00:00:00.094327966,0.094327966,0.0,0.0,131.32773,0.0,0.0,0.0,0.0,0.0,-1.5707964,0.0
1970-01-01 00:00:00.094357664,0.094357664,0.0,0.0,0.0,184.69475,0.0,0.0,0.0,0.0,-1.5707964,0.0
1970-01-01 00:00:00.094553475,0.094553475,0.0,0.0,0.0,0.0,1724.1011,0.0,0.0,0.0,-1.5707964,0.0
1970-01-01 00:00:00.094578250,0.09457825,0.0,0.0,0.0,362.11566,0.0,0.0,0.0,0.0,-1.5707964,0.0
1970-01-01 00:00:00.094647531,0.094647531,0.0,0.0,0.0,0.0,385.646,0.0,0.0,0.0,-1.5707964,0.0
1970-01-01 00:00:00.094717856,0.094717856,0.0,0.0,0.0,0.0,0.0,198.10095,0.0,0.0,-1.5707964,0.0
1970-01-01 00:00:00.094768187,0.094768187,0.0,378.33054,0.0,0.0,0.0,0.0,0.0,0.0,-1.5707964,0.0
1970-01-01 00:00:00.094957377,0.094957377,0.0,0.0,172.74118,0.0,0.0,0.0,0.0,0.0,-1.5707964,0.0
1970-01-01 00:00:00.095050436,0.095050436,0.0,0.0,0.0,0.0,0.0,107.0646,0.0,0.0,-1.5707964,0.0
1970-01-01 00:00:00.095093669,0.095093669,0.0,0.0,0.0,2470.2183,0.0,0.0,0.0,0.0,-1.5707964,0.0
1970-01-01 00:00:00.095111369,0.095111369,0.0,0.0,0.0,0.0,971.28625,0.0,0.0,0.0,-1.5707964,0.0
1970-01-01 00:00:00.095182858,0.095182858,0.0,0.0,0.0,0.0,2817.1147,0.0,0.0,0.0,-1.5707964,0.0
1970-01-01 00:00:00.095273821,0.095273821,0.0,652.6869,0.0,0.0,0.0,0.0,0.0,0.0,-1.5707964,0.0
1970-01-01 00:00:00.095335450,0.09533545,0.0,0.0,215.22672,0.0,0.0,0.0,0.0,0.0,-1.5707964,0.0
1970-01-01 00:00:00.095350631,0.095350631,370.73083,0.0,0.0,0.0,0.0,0.0,0.0,0.0,-1.5707964,0.0
1970-01-01 00:00:00.095413834,0.095413834,0.0,0.0,0.0,0.0,0.0,1002.54736,0.0,0.0,-1.5707964,0.0
1970-01-01 00:00:00.095422498,0.095422498,0.0,0.0,0.0,140.79549,0.0,0.0,0.0,0.0,-1.5707964,0.0
1970-01-01 00:00:00.095528832,0.095528832,0.0,0.0,0.0,340.49268,0.0,0.0,0.0,0.0,-1.5707964,0.0
1970-01-01 00:00:00.095724179,0.095724179,0.0,0.0,0.0,1999.0686,0.0,0.0,0.0,0.0,-1.5707964,0.0
1970-01-01 00:00:00.095830206,0.095830206,0.0,171.95985,0.0,0.0,0.0,0.0,0.0,0.0,-1.5707964,0.0
1970-01-01 00:00:00.095980959,0.095980959,0.0,0.0,0.0,127.704926,0.0,0.0,0.0,0.0,-1.5707964,0.0
1970-01-01 00:00:00.096065300,0.0960653,0.0,0.0,623.8133,0.0,0.0,0.0,0.0,0.0,-1.5707964,0.0
1970-01-01 00:00:00.096260804,0.096260804,0.0,0.0,0.0,147.4371,0.0,0.0,0.0,0.0,-1.5707964,0.0
1970-01-01 00:00:00.096268737,0.096268737,0.0,0.0,0.0,0.0,0.0,352.47427,0.0,0.0,-1.5707964,0.0
1970-01-01 00:00:00.096338653,0.096338653,0.0,0.0,667.1792,0.0,0.0,0.0,0.0,0.0,-1.5707964,0.0
1970-01-01 00:00:00.096356699,0.096356699,0.0,0.0,0.0,0.0,0.0,588.3742,0.0,0.0,-1.5707964,0.0
1970-01-01 00:00:00.096894902,0.096894902,0.0,1179.7465,0.0,0.0,0.0,0.0,0.0,0.0,-1.5707964,0.0
1970-01-01 00:00:00.097232888,0.097232888,0.0,0.0,0.0,0.0,0.0,234.90858,0.0,0.0,-1.5707964,0.0
1970-01-01 00:00:00.097375437,0.097375437,0.0,0.0,0.0,0.0,189.98508,0.0,0.0,0.0,-1.5707964,0.0
1970-01-01 00:00:00.097413096,0.097413096,0.0,0.0,0.0,0.0,0.0,180.1239,0.0,0.0,-1.5707964,0.0
1970-01-01 00:00:00.097647701,0.097647701,0.0,0.0,0.0,0.0,0.0,511.45325,0.0,0.0,-1.5707964,0.0
1970-01-01 00:00:00.097651079,0.097651079,0.0,0.0,0.0,555.58984,0.0,0.0,0.0,0.0,-1.5707964,0.0
1970-01-01 00:00:00.097673169,0.097673169,0.0,0.0,0.0,470.7813,0.0,0.0,0.0,0.0,-1.5707964,0.0
1970-01-01 00:00:00.097782965,0.097782965,0.0,0.0,228.50963,0.0,0.0,0.0,0.0,0.0,-1.5707964,0.0
1970-01-01 00:00:00.097998002,0.097998002,0.0,168.57553,0.0,0.0,0.0,0.0,0.0,0.0,-1.5707964,0.0
1970-01-01 00:00:00.098021710,0.09802171,0.0,0.0,0.0,137.88547,0.0,0.0,0.0,0.0,-1.5707964,0.0
1970-01-01 00:00:00.098047844,0.098047844,0.0,0.0,372.32935,0.0,0.0,0.0,0.0,0.0,-1.5707964,0.0
1970-01-01 00:00:00.098148539,0.098148539,0.0,315.41306,0.0,0.0,0.0,0.0,0.0,0.0,-1.5707964,0.0
1970-01-01 00:00:00.098178473,0.098178473,0.0,0.0,0.0,130.85431,0.0,0.0,0.0,0.0,-1.5707964,0.0
1970-01-01 00:00:00.098264778,0.098264778,0.0,0.0,0.0,409.41605,0.0,0.0,0.0,0.0,-1.5707964,0.0
1970-01-01 00:00:00.098290878,0.098290878,0.0,0.0,0.0,0.0,128.32109,0.0,0.0,0.0,-1.5707964,0.0
1970-01-01 00:00:00.098404406,0.098404406,0.0,0.0,0.0,314.38574,0.0,0.0,0.0,0.0,-1.5707964,0.0
1970-01-01 00:00:00.098458901,0.098458901,0.0,0.0,0.0,0.0,0.0,176.58447,0.0,0.0,-1.5707964,0.0
1970-01-01 00:00:00.098504872,0.098504872,0.0,0.0,0.0,361.8023,0.0,0.0,0.0,0.0,-1.5707964,0.0
1970-01-01 00:00:00.098506908,0.098506908,0.0,0.0,0.0,86.75914,0.0,0.0,0.0,0.0,-1.5707964,0.0
1970-01-01 00:00:00.098543590,0.09854359,0.0,0.0,0.0,0.0,208.9843,0.0,0.0,0.0,-1.5707964,0.0
1970-01-01 00:00:00.098556763,0.098556763,0.0,127.7711,0.0,0.0,0.0,0.0,0.0,0.0,-1.5707964,0.0
1970-01-01 00:00:00.098581137,0.098581137,0.0,0.0,0.0,0.0,0.0,3412.8538,0.0,0.0,-1.5707964,0.0
1970-01-01 00:00:00.098634972,0.098634972,0.0,0.0,201.51183,0.0,0.0,0.0,0.0,0.0,-1.5707964,0.0
1970-01-01 00:00:00.098709919,0.098709919,0.0,0.0,0.0,165.81462,0.0,0.0,0.0,0.0,-1.5707964,0.0
1970-01-01 00:00:00.098716385,0.098716385,0.0,0.0,0.0,472.15942,0.0,0.0,0.0,0.0,-1.5707964,0.0
1970-01-01 00:00:00.098773884,0.098773884,0.0,0.0,0.0,0.0,0.0,181.21771,0.0,0.0,-1.5707964,0.0
1970-01-01 00:00:00.098794284,0.098794284,0.0,0.0,0.0,101.43137,0.0,0.0,0.0,0.0,-1.5707964,0.0
1970-01-01 00:00:00.099224239,0.099224239,0.0,0.0,0.0,0.0,289.10666,0.0,0.0,0.0,-1.5707964,0.0
1970-01-01 00:00:00.099310943,0.099310943,0.0,0.0,0.0,252.78076,0.0,0.0,0.0,0.0,-1.5707964,0.0
1970-01-01 00:00:00.099320951,0.099320951,0.0,0.0,0.0,86.76196,0.0,0.0,0.0,0.0,-1.5707964,0.0
1970-01-01 00:00:00.099454922,0.099454922,0.0,244.05954,0.0,0.0,0.0,0.0,0.0,0.0,-1.5707964,0.0
1970-01-01 00:00:00.099463768,0.099463768,0.0,0.0,142.91096,0.0,0.0,0.0,0.0,0.0,-1.5707964,0.0
1970-01-01 00:00:00.099548120,0.09954812,0.0,0.0,1186.9099,0.0,0.0,0.0,0.0,0.0,-1.5707964,0.0
1970-01-01 00:00:00.099557339,0.099557339,0.0,0.0,0.0,0.0,414.42932,0.0,0.0,0.0,-1.5707964,0.0
1970-01-01 00:00:00.099690843,0.099690843,0.0,0.0,1016.3328,0.0,0.0,0.0,0.0,0.0,-1.5707964,0.0
1970-01-01 00:00:00.099735047,0.099735047,0.0,0.0,0.0,203.73715,0.0,0.0,0.0,0.0,-1.5707964,0.0
1970-01-01 00:00:00.099811757,0.099811757,0.0,0.0,0.0,297.66522,0.0,0.0,0.0,0.0,-1.5707964,0.0
1970-01-01 00:00:00.100037736,0.100037736,0.0,0.0,0.0,173.88818,0.0,0.0,0.0,0.0,-1.5707964,0.0
1970-01-01 00:00:00.100079531,0.100079531,0.0,175.17307,0.0,0.0,0.0,0.0,0.0,0.0,-1.5707964,0.0
1970-01-01 00:00:00.100162470,0.10016247,0.0,0.0,0.0,762.5615,0.0,0.0,0.0,0.0,-1.5707964,0.0
1970-01-01 00:00:00.100168388,0.100168388,0.0,425.99527,0.0,0.0,0.0,0.0,0.0,0.0,-1.5707964,0.0
1970-01-01 00:00:00.100213937,0.100213937,0.0,0.0,0.0,0.0,0.0,500.71658,0.0,0.0,-1.5707964,0.0
1970-01-01 00:00:00.100541317,0.100541317,0.0,0.0,0.0,686.83093,0.0,0.0,0.0,0.0,-1.5707964,0.0
1970-01-01 00:00:00.100615710,0.10061571,0.0,0.0,0.0,0.0,87.965385,0.0,0.0,0.0,-1.5707964,0.0
1970-01-01 00:00:00.100696257,0.100696257,0.0,0.0,0.0,0.0,0.0,85.735886,0.0,0.0,-1.5707964,0.0
1970-01-01 00:00:00.100696257,0.100696257,0.0,0.0,0.0,382.04092,0.0,0.0,0.0,0.0,-1.5707964,0.0
1970-01-01 00:00:00.100869636,0.100869636,0.0,0.0,0.0,0.0,0.0,278.76083,0.0,0.0,-1.5707964,0.0
1970-01-01 00:00:00.100869636,0.100869636,0.0,0.0,0.0,0.0,0.0,174.11336,0.0,0.0,-1.5707964,0.0
1970-01-01 00:00:00.100886300,0.1008863,0.0,0.0,0.0,390.25464,0.0,0.0,0.0,0.0,-1.5707964,0.0
1970-01-01 00:00:00.100961862,0.100961862,0.0,0.0,0.0,0.0,93.16058,0.0,0.0,0.0,-1.5707964,0.0
1970-01-01 00:00:00.101038443,0.101038443,0.0,0.0,0.0,137.2554,0.0,0.0,0.0,0.0,-1.5707964,0.0
1970-01-01 00:00:00.101172719,0.101172719,0.0,0.0,3359.5513,0.0,0.0,0.0,0.0,0.0,-1.5707964,0.0
1970-01-01 00:00:00.101173807,0.101173807,0.0,0.0,456.80637,0.0,0.0,0.0,0.0,0.0,-1.5707964,0.0
1970-01-01 00:00:00.101197564,0.101197564,0.0,0.0,1447.6938,0.0,0.0,0.0,0.0,0.0,-1.5707964,0.0
1970-01-01 00:00:00.101401595,0.101401595,0.0,0.0,145.19774,0.0,0.0,0.0,0.0,0.0,-1.5707964,0.0
1970-01-01 00:00:00.101608025,0.101608025,0.0,0.0,811.16156,0.0,0.0,0.0,0.0,0.0,-1.5707964,0.0
1970-01-01 00:00:00.101614754,0.101614754,0.0,0.0,340.5879,0.0,0.0,0.0,0.0,0.0,-1.5707964,0.0
1970-01-01 00:00:00.101671375,0.101671375,0.0,0.0,331.02582,0.0,0.0,0.0,0.0,0.0,-1.5707964,0.0
1970-01-01 00:00:00.101795241,0.101795241,0.0,0.0,191.46866,0.0,0.0,0.0,0.0,0.0,-1.5707964,0.0
1970-01-01 00:00:00.101848345,0.101848345,0.0,381.8049,0.0,0.0,0.0,0.0,0.0,0.0,-1.5707964,0.0
1970-01-01 00:00:00.101865717,0.101865717,0.0,0.0,0.0,0.0,0.0,296.24985,0.0,0.0,-1.5707964,0.0
1970-01-01 00:00:00.101872327,0.101872327,0.0,0.0,0.0,318.32196,0.0,0.0,0.0,0.0,-1.5707964,0.0
1970-01-01 00:00:00.102122253,0.102122253,0.0,0.0,0.0,0.0,397.5528,0.0,0.0,0.0,-1.5707964,0.0
1970-01-01 00:00:00.102133284,0.102133284,0.0,0.0,310.91727,0.0,0.0,0.0,0.0,0.0,-1.5707964,0.0
1970-01-01 00:00:00.102322572,0.102322572,0.0,1311.5027,0.0,0.0,0.0,0.0,0.0,0.0,-1.5707964,0.0
1970-01-01 00:00:00.102322572,0.102322572,0.0,0.0,0.0,87.46292,0.0,0.0,0.0,0.0,-1.5707964,0.0
1970-01-01 00:00:00.102342871,0.102342871,0.0,0.0,0.0,268.28473,0.0,0.0,0.0,0.0,-1.5707964,0.0
1970-01-01 00:00:00.102569041,0.102569041,0.0,0.0,253.81998,0.0,0.0,0.0,0.0,0.0,-1.5707964,0.0
1970-01-01 00:00:00.102644269,0.102644269,0.0,0.0,2389.3867,0.0,0.0,0.0,0.0,0.0,-1.5707964,0.0
1970-01-01 00:00:00.102681106,0.102681106,0.0,0.0,0.0,0.0,0.0,353.45874,0.0,0.0,-1.5707964,0.0
1970-01-01 00:00:00.102807125,0.102807125,0.0,0.0,332.30002,0.0,0.0,0.0,0.0,0.0,-1.5707964,0.0
1970-01-01 00:00:00.102878556,0.102878556,0.0,0.0,0.0,354.05774,0.0,0.0,0.0,0.0,-1.5707964,0.0
1970-01-01 00:00:00.103135530,0.10313553,290.40448,0.0,0.0,0.0,0.0,0.0,0.0,0.0,-1.5707964,0.0
1970-01-01 00:00:00.103135530,0.10313553,0.0,0.0,94.369514,0.0,0.0,0.0,0.0,0.0,-1.5707964,0.0
1970-01-01 00:00:00.103210516,0.103210516,0.0,0.0,0.0,398.3565,0.0,0.0,0.0,0.0,-1.5707964,0.0
1970-01-01 00:00:00.103221845,0.103221845,0.0,182.05284,0.0,0.0,0.0,0.0,0.0,0.0,-1.5707964,0.0
1970-01-01 00:00:00.103240271,0.103240271,0.0,0.0,0.0,0.0,0.0,142.65512,0.0,0.0,-1.5707964,0.0
1970-01-01 00:00:00.103558089,0.103558089,0.0,814.6623,0.0,0.0,0.0,0.0,0.0,0.0,-1.5707964,0.0
1970-01-01 00:00:00.103601148,0.103601148,0.0,0.0,0.0,803.8114,0.0,0.0,0.0,0.0,-1.5707964,0.0
1970-01-01 00:00:00.103807000,0.103807,0.0,0.0,0.0,0.0,368.74872,0.0,0.0,0.0,-1.5707964,0.0
1970-01-01 00:00:00.103828873,0.103828873,0.0,0.0,0.0,490.42993,0.0,0.0,0.0,0.0,-1.5707964,0.0
1970-01-01 00:00:00.103856498,0.103856498,0.0,0.0,0.0,0.0,0.0,1228.1472,0.0,0.0,-1.5707964,0.0
1970-01-01 00:00:00.103913875,0.103913875,0.0,0.0,0.0,0.0,1552.8291,0.0,0.0,0.0,-1.5707964,0.0
1970-01-01 00:00:00.103958806,0.103958806,0.0,0.0,0.0,0.0,5609.4893,0.0,0.0,0.0,-1.5707964,0.0
1970-01-01 00:00:00.103973961,0.103973961,0.0,0.0,165.8385,0.0,0.0,0.0,0.0,0.0,-1.5707964,0.0
1970-01-01 00:00:00.104034676,0.104034676,0.0,0.0,0.0,156.03769,0.0,0.0,0.0,0.0,-1.5707964,0.0
1970-01-01 00:00:00.104042380,0.10404238,0.0,0.0,0.0,88.61305,0.0,0.0,0.0,0.0,-1.5707964,0.0
1970-01-01 00:00:00.104302006,0.104302006,0.0,0.0,0.0,0.0,0.0,1099.0754,0.0,0.0,-1.5707964,0.0
1970-01-01 00:00:00.104439972,0.104439972,0.0,1603.326,0.0,0.0,0.0,0.0,0.0,0.0,-1.5707964,0.0
1970-01-01 00:00:00.104498130,0.10449813,0.0,0.0,0.0,166.25108,0.0,0.0,0.0,0.0,-1.5707964,0.0
1970-01-01 00:00:00.104607882,0.104607882,0.0,0.0,772.4671,0.0,0.0,0.0,0.0,0.0,-1.5707964,0.0
1970-01-01 00:00:00.104655375,0.104655375,329.3337,0.0,0.0,0.0,0.0,0.0,0.0,0.0,-1.5707964,0.0
1970-01-01 00:00:00.104791637,0.104791637,0.0,0.0,264.27975,0.0,0.0,0.0,0.0,0.0,-1.5707964,0.0
1970-01-01 00:00:00.104804758,0.104804758,0.0,0.0,0.0,705.557,0.0,0.0,0.0,0.0,-1.5707964,0.0
1970-01-01 00:00:00.104821596,0.104821596,0.0,153.30025,0.0,0.0,0.0,0.0,0.0,0.0,-1.5707964,0.0
1970-01-01 00:00:00.104879785,0.104879785,0.0,0.0,0.0,113.857414,0.0,0.0,0.0,0.0,-1.5707964,0.0
1970-01-01 00:00:00.105011697,0.105011697,0.0,0.0,215.30737,0.0,0.0,0.0,0.0,0.0,-1.5707964,0.0
1970-01-01 00:00:00.105158878,0.105158878,0.0,0.0,0.0,86.98282,0.0,0.0,0.0,0.0,-1.5707964,0.0
1970-01-01 00:00:00.105194473,0.105194473,0.0,0.0,0.0,0.0,0.0,637.7708,0.0,0.0,-1.5707964,0.0
1970-01-01 00:00:00.105249003,0.105249003,0.0,0.0,239.24927,0.0,0.0,0.0,0.0,0.0,-1.5707964,0.0
1970-01-01 00:00:00.105311491,0.105311491,0.0,0.0,0.0,0.0,0.0,226.00801,0.0,0.0,-1.5707964,0.0
1970-01-01 00:00:00.105421366,0.105421366,0.0,0.0,0.0,130.44887,0.0,0.0,0.0,0.0,-1.5707964,0.0
1970-01-01 00:00:00.105426164,0.105426164,0.0,171.44994,0.0,0.0,0.0,0.0,0.0,0.0,-1.5707964,0.0
1970-01-01 00:00:00.105543096,0.105543096,0.0,0.0,0.0,0.0,0.0,604.4473,0.0,0.0,-1.5707964,0.0
1970-01-01 00:00:00.105664336,0.105664336,0.0,213.32352,0.0,0.0,0.0,0.0,0.0,0.0,-1.5707964,0.0
1970-01-01 00:00:00.105688332,0.105688332,0.0,0.0,0.0,133.37596,0.0,0.0,0.0,0.0,-1.5707964,0.0
1970-01-01 00:00:00.105765970,0.10576597,0.0,0.0,2161.8223,0.0,0.0,0.0,0.0,0.0,-1.5707964,0.0
1970-01-01 00:00:00.105771991,0.105771991,0.0,0.0,829.4961,0.0,0.0,0.0,0.0,0.0,-1.5707964,0.0
1970-01-01 00:00:00.105774640,0.10577464,0.0,0.0,0.0,0.0,177.20105,0.0,0.0,0.0,-1.5707964,0.0
1970-01-01 00:00:00.106207131,0.106207131,0.0,0.0,97.01798,0.0,0.0,0.0,0.0,0.0,-1.5707964,0.0
1970-01-01 00:00:00.106236864,0.106236864,0.0,0.0,0.0,0.0,1667.002,0.0,0.0,0.0,-1.5707964,0.0
1970-01-01 00:00:00.106273583,0.106273583,0.0,0.0,126.84262,0.0,0.0,0.0,0.0,0.0,-1.5707964,0.0
1970-01-01 00:00:00.106280838,0.106280838,0.0,0.0,327.91486,0.0,0.0,0.0,0.0,0.0,-1.5707964,0.0
1970-01-01 00:00:00.106302524,0.106302524,0.0,0.0,0.0,0.0,140.19688,0.0,0.0,0.0,-1.5707964,0.0
1970-01-01 00:00:00.106320149,0.106320149,0.0,1026.8508,0.0,0.0,0.0,0.0,0.0,0.0,-1.5707964,0.0
1970-01-01 00:00:00.106390874,0.106390874,923.18866,0.0,0.0,0.0,0.0,0.0,0.0,0.0,-1.5707964,0.0
1970-01-01 00:00:00.106441989,0.106441989,0.0,0.0,0.0,107.815994,0.0,0.0,0.0,0.0,-1.5707964,0.0
1970-01-01 00:00:00.106627170,0.10662717,0.0,1090.7615,0.0,0.0,0.0,0.0,0.0,0.0,-1.5707964,0.0
1970-01-01 00:00:00.106808788,0.106808788,0.0,0.0,0.0,511.46014,0.0,0.0,0.0,0.0,-1.5707964,0.0
1970-01-01 00:00:00.106876182,0.106876182,0.0,149.9049,0.0,0.0,0.0,0.0,0.0,0.0,-1.5707964,0.0
1970-01-01 00:00:00.106911818,0.106911818,0.0,0.0,455.36218,0.0,0.0,0.0,0.0,0.0,-1.5707964,0.0
1970-01-01 00:00:00.106940166,0.106940166,0.0,0.0,0.0,0.0,0.0,356.53445,0.0,0.0,-1.5707964,0.0
1970-01-01 00:00:00.107011605,0.107011605,0.0,0.0,0.0,2792.5952,0.0,0.0,0.0,0.0,-1.5707964,0.0
1970-01-01 00:00:00.107013581,0.107013581,0.0,0.0,0.0,0.0,295.9487,0.0,0.0,0.0,-1.5707964,0.0
1970-01-01 00:00:00.107033884,0.107033884,0.0,0.0,0.0,0.0,718.5699,0.0,0.0,0.0,-1.5707964,0.0
1970-01-01 00:00:00.107036540,0.10703654,0.0,0.0,617.94824,0.0,0.0,0.0,0.0,0.0,-1.5707964,0.0
1970-01-01 00:00:00.107061988,0.107061988,0.0,0.0,0.0,372.3741,0.0,0.0,0.0,0.0,-1.5707964,0.0
1970-01-01 00:00:00.107337246,0.107337246,0.0,0.0,0.0,487.95096,0.0,0.0,0.0,0.0,-1.5707964,0.0
1970-01-01 00:00:00.107358909,0.107358909,0.0,0.0,0.0,928.54517,0.0,0.0,0.0,0.0,-1.5707964,0.0
1970-01-01 00:00:00.107411865,0.107411865,0.0,0.0,0.0,0.0,0.0,197.90965,0.0,0.0,-1.5707964,0.0
1970-01-01 00:00:00.107425089,0.107425089,0.0,0.0,0.0,0.0,0.0,199.88467,0.0,0.0,-1.5707964,0.0
1970-01-01 00:00:00.107445137,0.107445137,0.0,0.0,0.0,0.0,1753.4675,0.0,0.0,0.0,-1.5707964,0.0
1970-01-01 00:00:00.107493021,0.107493021,0.0,0.0,0.0,236.88768,0.0,0.0,0.0,0.0,-1.5707964,0.0
1970-01-01 00:00:00.107526758,0.107526758,0.0,0.0,87.02106,0.0,0.0,0.0,0.0,0.0,-1.5707964,0.0
1970-01-01 00:00:00.107617925,0.107617925,0.0,0.0,0.0,1964.4613,0.0,0.0,0.0,0.0,-1.5707964,0.0
1970-01-01 00:00:00.107636718,0.107636718,0.0,0.0,0.0,0.0,0.0,1782.1508,0.0,0.0,-1.5707964,0.0
1970-01-01 00:00:00.107796875,0.107796875,0.0,425.54645,0.0,0.0,0.0,0.0,0.0,0.0,-1.5707964,0.0
1970-01-01 00:00:00.107867253,0.107867253,0.0,0.0,0.0,192.51654,0.0,0.0,0.0,0.0,-1.5707964,0.0
1970-01-01 00:00:00.107932567,0.107932567,0.0,0.0,0.0,843.6931,0.0,0.0,0.0,0.0,-1.5707964,0.0
1970-01-01 00:00:00.107980646,0.107980646,0.0,128.90752,0.0,0.0,0.0,0.0,0.0,0.0,-1.5707964,0.0
1970-01-01 00:00:00.108025406,0.108025406,0.0,0.0,2545.3228,0.0,0.0,0.0,0.0,0.0,-1.5707964,0.0
1970-01-01 00:00:00.108140454,0.108140454,0.0,0.0,1022.30194,0.0,0.0,0.0,0.0,0.0,-1.5707964,0.0
1970-01-01 00:00:00.108225373,0.108225373,0.0,295.14563,0.0,0.0,0.0,0.0,0.0,0.0,-1.5707964,0.0
1970-01-01 00:00:00.108244026,0.108244026,0.0,0.0,0.0,299.72394,0.0,0.0,0.0,0.0,-1.5707964,0.0
1970-01-01 00:00:00.108307869,0.108307869,0.0,0.0,181.21451,0.0,0.0,0.0,0.0,0.0,-1.5707964,0.0
1970-01-01 00:00:00.108334770,0.10833477,0.0,0.0,99.868164,0.0,0.0,0.0,0.0,0.0,-1.5707964,0.0
1970-01-01 00:00:00.108477103,0.108477103,0.0,0.0,0.0,0.0,0.0,339.97067,0.0,0.0,-1.5707964,0.0
1970-01-01 00:00:00.108506164,0.108506164,0.0,0.0,163.15706,0.0,0.0,0.0,0.0,0.0,-1.5707964,0.0
1970-01-01 00:00:00.108533652,0.108533652,0.0,0.0,0.0,167.20647,0.0,0.0,0.0,0.0,-1.5707964,0.0
1970-01-01 00:00:00.108541965,0.108541965,0.0,0.0,152.22626,0.0,0.0,0.0,0.0,0.0,-1.5707964,0.0
1970-01-01 00:00:00.108559258,0.108559258,0.0,0.0,0.0,935.13464,0.0,0.0,0.0,0.0,-1.5707964,0.0
1970-01-01 00:00:00.108616776,0.108616776,0.0,0.0,0.0,0.0,0.0,348.70242,0.0,0.0,-1.5707964,0.0
1970-01-01 00:00:00.108632384,0.108632384,0.0,0.0,0.0,399.04694,0.0,0.0,0.0,0.0,-1.5707964,0.0
1970-01-01 00:00:00.108637226,0.108637226,0.0,0.0,0.0,114.847084,0.0,0.0,0.0,0.0,-1.5707964,0.0
1970-01-01 00:00:00.108661737,0.108661737,0.0,0.0,176.7362,0.0,0.0,0.0,0.0,0.0,-1.5707964,0.0
1970-01-01 00:00:00.108798720,0.10879872,0.0,132.6754,0.0,0.0,0.0,0.0,0.0,0.0,-1.5707964,0.0
1970-01-01 00:00:00.108900191,0.108900191,0.0,0.0,0.0,0.0,229.11702,0.0,0.0,0.0,-1.5707964,0.0
1970-01-01 00:00:00.108937667,0.108937667,0.0,0.0,0.0,2038.9545,0.0,0.0,0.0,0.0,-1.5707964,0.0
1970-01-01 00:00:00.108967876,0.108967876,0.0,0.0,0.0,0.0,0.0,172.47302,0.0,0.0,-1.5707964,0.0
1970-01-01 00:00:00.109030741,0.109030741,0.0,0.0,0.0,0.0,0.0,142.25995,0.0,0.0,-1.5707964,0.0
1970-01-01 00:00:00.109101404,0.109101404,0.0,0.0,0.0,0.0,0.0,87.16338,0.0,0.0,-1.5707964,0.0
1970-01-01 00:00:00.109115799,0.109115799,0.0,0.0,0.0,0.0,296.505,0.0,0.0,0.0,-1.5707964,0.0
1970-01-01 00:00:00.109170367,0.109170367,0.0,372.21515,0.0,0.0,0.0,0.0,0.0,0.0,-1.5707964,0.0
1970-01-01 00:00:00.109343654,0.109343654,0.0,0.0,0.0,0.0,183.55742,0.0,0.0,0.0,-1.5707964,0.0
1970-01-01 00:00:00.109501115,0.109501115,0.0,0.0,0.0,131.60008,0.0,0.0,0.0,0.0,-1.5707964,0.0
1970-01-01 00:00:00.109501196,0.109501196,0.0,0.0,0.0,877.8672,0.0,0.0,0.0,0.0,-1.5707964,0.0
1970-01-01 00:00:00.109571747,0.109571747,0.0,0.0,0.0,2620.0618,0.0,0.0,0.0,0.0,-1.5707964,0.0
1970-01-01 00:00:00.109578348,0.109578348,0.0,0.0,384.46738,0.0,0.0,0.0,0.0,0.0,-1.5707964,0.0
1970-01-01 00:00:00.109625637,0.109625637,1618.3367,0.0,0.0,0.0,0.0,0.0,0.0,0.0,-1.5707964,0.0
1970-01-01 00:00:00.109817133,0.109817133,0.0,0.0,0.0,0.0,0.0,606.86414,0.0,0.0,-1.5707964,0.0
1970-01-01 00:00:00.109836749,0.109836749,0.0,0.0,0.0,0.0,0.0,312.22903,0.0,0.0,-1.5707964,0.0
1970-01-01 00:00:00.109843751,0.109843751,0.0,0.0,324.39084,0.0,0.0,0.0,0.0,0.0,-1.5707964,0.0
1970-01-01 00:00:00.109851081,0.109851081,0.0,0.0,656.611,0.0,0.0,0.0,0.0,0.0,-1.5707964,0.0
1970-01-01 00:00:00.109858690,0.10985869,0.0,8108.146,0.0,0.0,0.0,0.0,0.0,0.0,-1.5707964,0.0
1970-01-01 00:00:00.109880932,0.109880932,0.0,0.0,0.0,150.91386,0.0,0.0,0.0,0.0,-1.5707964,0.0
1970-01-01 00:00:00.109949055,0.109949055,481.72415,0.0,0.0,0.0,0.0,0.0,0.0,0.0,-1.5707964,0.0
1970-01-01 00:00:00.109949055,0.109949055,0.0,0.0,0.0,0.0,0.0,344.998,0.0,0.0,-1.5707964,0.0
1970-01-01 00:00:00.110026490,0.11002649,0.0,0.0,155.69156,0.0,0.0,0.0,0.0,0.0,-1.5707964,0.0
1970-01-01 00:00:00.110107303,0.110107303,0.0,0.0,170.2661,0.0,0.0,0.0,0.0,0.0,-1.5707964,0.0
1970-01-01 00:00:00.110134456,0.110134456,0.0,0.0,0.0,0.0,652.5617,0.0,0.0,0.0,-1.5707964,0.0
1970-01-01 00:00:00.110329261,0.110329261,0.0,0.0,184.25499,0.0,0.0,0.0,0.0,0.0,-1.5707964,0.0
1970-01-01 00:00:00.110446542,0.110446542,0.0,0.0,579.5036,0.0,0.0,0.0,0.0,0.0,-1.5707964,0.0
1970-01-01 00:00:00.110517495,0.110517495,0.0,0.0,0.0,0.0,197.74982,0.0,0.0,0.0,-1.5707964,0.0
1970-01-01 00:00:00.110527043,0.110527043,0.0,0.0,145.0691,0.0,0.0,0.0,0.0,0.0,-1.5707964,0.0
1970-01-01 00:00:00.110578813,0.110578813,0.0,0.0,1039.0808,0.0,0.0,0.0,0.0,0.0,-1.5707964,0.0
1970-01-01 00:00:00.110687214,0.110687214,0.0,0.0,128.7596,0.0,0.0,0.0,0.0,0.0,-1.5707964,0.0
1970-01-01 00:00:00.110767599,0.110767599,0.0,0.0,0.0,0.0,1509.7858,0.0,0.0,0.0,-1.5707964,0.0
1970-01-01 00:00:00.110839546,0.110839546,0.0,0.0,0.0,0.0,0.0,593.49066,0.0,0.0,-1.5707964,0.0
1970-01-01 00:00:00.110937747,0.110937747,0.0,0.0,0.0,0.0,468.9731,0.0,0.0,0.0,-1.5707964,0.0
1970-01-01 00:00:00.111030708,0.111030708,0.0,0.0,0.0,106.99151,0.0,0.0,0.0,0.0,-1.5707964,0.0
1970-01-01 00:00:00.111052912,0.111052912,0.0,0.0,0.0,590.7922,0.0,0.0,0.0,0.0,-1.5707964,0.0
1970-01-01 00:00:00.111134311,0.111134311,0.0,0.0,256.46713,0.0,0.0,0.0,0.0,0.0,-1.5707964,0.0
1970-01-01 00:00:00.111147192,0.111147192,0.0,0.0,143.11949,0.0,0.0,0.0,0.0,0.0,-1.5707964,0.0
1970-01-01 00:00:00.111226958,0.111226958,0.0,0.0,0.0,0.0,125.74684,0.0,0.0,0.0,-1.5707964,0.0
1970-01-01 00:00:00.111228543,0.111228543,0.0,0.0,417.71802,0.0,0.0,0.0,0.0,0.0,-1.5707964,0.0
1970-01-01 00:00:00.111262826,0.111262826,0.0,159.97093,0.0,0.0,0.0,0.0,0.0,0.0,-1.5707964,0.0
1970-01-01 00:00:00.111373473,0.111373473,0.0,0.0,0.0,0.0,0.0,269.17026,0.0,0.0,-1.5707964,0.0
1970-01-01 00:00:00.111519376,0.111519376,0.0,0.0,0.0,466.17657,0.0,0.0,0.0,0.0,-1.5707964,0.0
1970-01-01 00:00:00.111730265,0.111730265,0.0,0.0,0.0,270.359,0.0,0.0,0.0,0.0,-1.5707964,0.0
1970-01-01 00:00:00.111767075,0.111767075,0.0,0.0,576.7895,0.0,0.0,0.0,0.0,0.0,-1.5707964,0.0
1970-01-01 00:00:00.111791614,0.111791614,0.0,0.0,0.0,260.36984,0.0,0.0,0.0,0.0,-1.5707964,0.0
1970-01-01 00:00:00.111840970,0.11184097,0.0,0.0,1986.3743,0.0,0.0,0.0,0.0,0.0,-1.5707964,0.0
1970-01-01 00:00:00.111869588,0.111869588,0.0,0.0,122.2798,0.0,0.0,0.0,0.0,0.0,-1.5707964,0.0
1970-01-01 00:00:00.111889530,0.11188953,0.0,0.0,0.0,442.38074,0.0,0.0,0.0,0.0,-1.5707964,0.0
1970-01-01 00:00:00.111889530,0.11188953,0.0,0.0,0.0,0.0,0.0,2047.932,0.0,0.0,-1.5707964,0.0
1970-01-01 00:00:00.112019160,0.11201916,0.0,0.0,0.0,103.553345,0.0,0.0,0.0,0.0,-1.5707964,0.0
1970-01-01 00:00:00.112024954,0.112024954,0.0,0.0,0.0,0.0,0.0,963.8895,0.0,0.0,-1.5707964,0.0
1970-01-01 00:00:00.112070873,0.112070873,0.0,186.79541,0.0,0.0,0.0,0.0,0.0,0.0,-1.5707964,0.0
1970-01-01 00:00:00.112074841,0.112074841,0.0,0.0,0.0,0.0,0.0,197.15993,0.0,0.0,-1.5707964,0.0
1970-01-01 00:00:00.112133171,0.112133171,0.0,0.0,0.0,0.0,0.0,233.33415,0.0,0.0,-1.5707964,0.0
1970-01-01 00:00:00.112164685,0.112164685,0.0,0.0,0.0,0.0,409.38474,0.0,0.0,0.0,-1.5707964,0.0
1970-01-01 00:00:00.112207834,0.112207834,0.0,0.0,0.0,0.0,88.59407,0.0,0.0,0.0,-1.5707964,0.0
1970-01-01 00:00:00.112353300,0.1123533,0.0,0.0,233.00952,0.0,0.0,0.0,0.0,0.0,-1.5707964,0.0
1970-01-01 00:00:00.112359224,0.112359224,0.0,0.0,0.0,1042.1461,0.0,0.0,0.0,0.0,-1.5707964,0.0
1970-01-01 00:00:00.112545267,0.112545267,0.0,0.0,0.0,842.3429,0.0,0.0,0.0,0.0,-1.5707964,0.0
1970-01-01 00:00:00.112686831,0.112686831,0.0,0.0,972.5302,0.0,0.0,0.0,0.0,0.0,-1.5707964,0.0
1970-01-01 00:00:00.112722231,0.112722231,0.0,886.8501,0.0,0.0,0.0,0.0,0.0,0.0,-1.5707964,0.0
1970-01-01 00:00:00.112724321,0.112724321,0.0,0.0,273.91547,0.0,0.0,0.0,0.0,0.0,-1.5707964,0.0
1970-01-01 00:00:00.112769030,0.11276903,0.0,923.0826,0.0,0.0,0.0,0.0,0.0,0.0,-1.5707964,0.0
1970-01-01 00:00:00.112809952,0.112809952,0.0,0.0,495.73734,0.0,0.0,0.0,0.0,0.0,-1.5707964,0.0
1970-01-01 00:00:00.112925818,0.112925818,0.0,0.0,189.05739,0.0,0.0,0.0,0.0,0.0,-1.5707964,0.0
1970-01-01 00:00:00.112925818,0.112925818,0.0,0.0,0.0,0.0,0.0,185.42178,0.0,0.0,-1.5707964,0.0
1970-01-01 00:00:00.112941664,0.112941664,0.0,0.0,322.9171,0.0,0.0,0.0,0.0,0.0,-1.5707964,0.0
1970-01-01 00:00:00.112964463,0.112964463,0.0,0.0,0.0,238.53171,0.0,0.0,0.0,0.0,-1.5707964,0.0
1970-01-01 00:00:00.113098107,0.113098107,0.0,0.0,485.9655,0.0,0.0,0.0,0.0,0.0,-1.5707964,0.0
1970-01-01 00:00:00.113260792,0.113260792,0.0,0.0,0.0,925.4581,0.0,0.0,0.0,0.0,-1.5707964,0.0
1970-01-01 00:00:00.113266524,0.113266524,0.0,0.0,0.0,0.0,0.0,374.55533,0.0,0.0,-1.5707964,0.0
1970-01-01 00:00:00.113896987,0.113896987,0.0,0.0,0.0,91.66462,0.0,0.0,0.0,0.0,-1.5707964,0.0
1970-01-01 00:00:00.113930728,0.113930728,0.0,111.04475,0.0,0.0,0.0,0.0,0.0,0.0,-1.5707964,0.0
1970-01-01 00:00:00.113972526,0.113972526,0.0,309.98697,0.0,0.0,0.0,0.0,0.0,0.0,-1.5707964,0.0
1970-01-01 00:00:00.114016276,0.114016276,0.0,0.0,0.0,106.73241,0.0,0.0,0.0,0.0,-1.5707964,0.0
1970-01-01 00:00:00.114075657,0.114075657,0.0,272.47223,0.0,0.0,0.0,0.0,0.0,0.0,-1.5707964,0.0
1970-01-01 00:00:00.114358364,0.114358364,104.515,0.0,0.0,0.0,0.0,0.0,0.0,0.0,-1.5707964,0.0
1970-01-01 00:00:00.114372930,0.11437293,0.0,0.0,0.0,0.0,179.90033,0.0,0.0,0.0,-1.5707964,0.0
1970-01-01 00:00:00.114465640,0.11446564,0.0,902.6904,0.0,0.0,0.0,0.0,0.0,0.0,-1.5707964,0.0
1970-01-01 00:00:00.114487201,0.114487201,0.0,0.0,0.0,0.0,500.49118,0.0,0.0,0.0,-1.5707964,0.0
1970-01-01 00:00:00.114487201,0.114487201,0.0,0.0,0.0,1036.6616,0.0,0.0,0.0,0.0,-1.5707964,0.0
1970-01-01 00:00:00.114492367,0.114492367,194.25993,0.0,0.0,0.0,0.0,0.0,0.0,0.0,-1.5707964,0.0
1970-01-01 00:00:00.114515553,0.114515553,0.0,0.0,0.0,275.5317,0.0,0.0,0.0,0.0,-1.5707964,0.0
1970-01-01 00:00:00.114529083,0.114529083,0.0,0.0,281.1553,0.0,0.0,0.0,0.0,0.0,-1.5707964,0.0
1970-01-01 00:00:00.114666841,0.114666841,0.0,0.0,0.0,0.0,267.65253,0.0,0.0,0.0,-1.5707964,0.0
1970-01-01 00:00:00.114706380,0.11470638,0.0,0.0,0.0,0.0,0.0,244.482,0.0,0.0,-1.5707964,0.0
1970-01-01 00:00:00.114777365,0.114777365,0.0,0.0,208.80489,0.0,0.0,0.0,0.0,0.0,-1.5707964,0.0
1970-01-01 00:00:00.114924667,0.114924667,0.0,0.0,0.0,113.748955,0.0,0.0,0.0,0.0,-1.5707964,0.0
1970-01-01 00:00:00.114962199,0.114962199,0.0,414.056,0.0,0.0,0.0,0.0,0.0,0.0,-1.5707964,0.0
1970-01-01 00:00:00.114979222,0.114979222,0.0,0.0,313.20108,0.0,0.0,0.0,0.0,0.0,-1.5707964,0.0
1970-01-01 00:00:00.115026581,0.115026581,0.0,0.0,0.0,126.99416,0.0,0.0,0.0,0.0,-1.5707964,0.0
1970-01-01 00:00:00.115110303,0.115110303,0.0,87.521255,0.0,0.0,0.0,0.0,0.0,0.0,-1.5707964,0.0
1970-01-01 00:00:00.115145936,0.115145936,0.0,0.0,150.15756,0.0,0.0,0.0,0.0,0.0,-1.5707964,0.0
1970-01-01 00:00:00.115201612,0.115201612,0.0,0.0,433.2086,0.0,0.0,0.0,0.0,0.0,-1.5707964,0.0
1970-01-01 00:00:00.115240513,0.115240513,9204.812,0.0,0.0,0.0,0.0,0.0,0.0,0.0,-1.5707964,0.0
1970-01-01 00:00:00.115279100,0.1152791,0.0,0.0,0.0,500.6946,0.0,0.0,0.0,0.0,-1.5707964,0.0
1970-01-01 00:00:00.115433958,0.115433958,0.0,0.0,0.0,0.0,0.0,480.45203,0.0,0.0,-1.5707964,0.0
1970-01-01 00:00:00.115442999,0.115442999,0.0,0.0,322.28467,0.0,0.0,0.0,0.0,0.0,-1.5707964,0.0
1970-01-01 00:00:00.115571687,0.115571687,0.0,0.0,430.66702,0.0,0.0,0.0,0.0,0.0,-1.5707964,0.0
1970-01-01 00:00:00.115585111,0.115585111,0.0,218.99234,0.0,0.0,0.0,0.0,0.0,0.0,-1.5707964,0.0
1970-01-01 00:00:00.115589205,0.115589205,0.0,0.0,0.0,0.0,0.0,1278.6284,0.0,0.0,-1.5707964,0.0
1970-01-01 00:00:00.115608953,0.115608953,0.0,0.0,330.92642,0.0,0.0,0.0,0.0,0.0,-1.5707964,0.0
1970-01-01 00:00:00.115609715,0.115609715,0.0,0.0,0.0,215.22914,0.0,0.0,0.0,0.0,-1.5707964,0.0
1970-01-01 00:00:00.115610640,0.11561064,0.0,0.0,843.9433,0.0,0.0,0.0,0.0,0.0,-1.5707964,0.0
1970-01-01 00:00:00.115637385,0.115637385,0.0,0.0,0.0,0.0,897.02167,0.0,0.0,0.0,-1.5707964,0.0
1970-01-01 00:00:00.115686135,0.115686135,0.0,0.0,0.0,399.39737,0.0,0.0,0.0,0.0,-1.5707964,0.0
1970-01-01 00:00:00.115697196,0.115697196,431.60458,0.0,0.0,0.0,0.0,0.0,0.0,0.0,-1.5707964,0.0
1970-01-01 00:00:00.115702595,0.115702595,0.0,0.0,0.0,257.95554,0.0,0.0,0.0,0.0,-1.5707964,0.0
1970-01-01 00:00:00.115709907,0.115709907,0.0,0.0,0.0,1257.9486,0.0,0.0,0.0,0.0,-1.5707964,0.0
1970-01-01 00:00:00.115731401,0.115731401,0.0,0.0,358.41556,0.0,0.0,0.0,0.0,0.0,-1.5707964,0.0
1970-01-01 00:00:00.115731401,0.115731401,0.0,0.0,405.2241,0.0,0.0,0.0,0.0,0.0,-1.5707964,0.0
1970-01-01 00:00:00.115751858,0.115751858,0.0,0.0,533.9744,0.0,0.0,0.0,0.0,0.0,-1.5707964,0.0
1970-01-01 00:00:00.115751858,0.115751858,0.0,0.0,0.0,0.0,162.61678,0.0,0.0,0.0,-1.5707964,0.0
1970-01-01 00:00:00.115780941,0.115780941,0.0,0.0,0.0,648.2808,0.0,0.0,0.0,0.0,-1.5707964,0.0
1970-01-01 00:00:00.115784649,0.115784649,0.0,0.0,0.0,0.0,0.0,201.35628,0.0,0.0,-1.5707964,0.0
1970-01-01 00:00:00.115814264,0.115814264,577.7805,0.0,0.0,0.0,0.0,0.0,0.0,0.0,-1.5707964,0.0
1970-01-01 00:00:00.115836541,0.115836541,551.3715,0.0,0.0,0.0,0.0,0.0,0.0,0.0,-1.5707964,0.0
1970-01-01 00:00:00.115925884,0.115925884,0.0,0.0,606.8306,0.0,0.0,0.0,0.0,0.0,-1.5707964,0.0
1970-01-01 00:00:00.115972358,0.115972358,178.69302,0.0,0.0,0.0,0.0,0.0,0.0,0.0,-1.5707964,0.0
1970-01-01 00:00:00.116051549,0.116051549,0.0,0.0,0.0,569.498,0.0,0.0,0.0,0.0,-1.5707964,0.0
1970-01-01 00:00:00.116073554,0.116073554,0.0,0.0,0.0,256.21194,0.0,0.0,0.0,0.0,-1.5707964,0.0
1970-01-01 00:00:00.116088721,0.116088721,0.0,0.0,0.0,169.55899,0.0,0.0,0.0,0.0,-1.5707964,0.0
1970-01-01 00:00:00.116119508,0.116119508,0.0,0.0,0.0,385.7262,0.0,0.0,0.0,0.0,-1.5707964,0.0
1970-01-01 00:00:00.116158607,0.116158607,0.0,0.0,238.43002,0.0,0.0,0.0,0.0,0.0,-1.5707964,0.0
1970-01-01 00:00:00.116266175,0.116266175,0.0,0.0,0.0,160.47903,0.0,0.0,0.0,0.0,-1.5707964,0.0
1970-01-01 00:00:00.116437133,0.116437133,2417.7397,0.0,0.0,0.0,0.0,0.0,0.0,0.0,-1.5707964,0.0
1970-01-01 00:00:00.116464275,0.116464275,0.0,0.0,0.0,420.02362,0.0,0.0,0.0,0.0,-1.5707964,0.0
1970-01-01 00:00:00.116464275,0.116464275,0.0,0.0,0.0,667.7122,0.0,0.0,0.0,0.0,-1.5707964,0.0
1970-01-01 00:00:00.116545841,0.116545841,0.0,0.0,0.0,233.21361,0.0,0.0,0.0,0.0,-1.5707964,0.0
1970-01-01 00:00:00.116655619,0.116655619,0.0,0.0,490.09198,0.0,0.0,0.0,0.0,0.0,-1.5707964,0.0
1970-01-01 00:00:00.116668605,0.116668605,0.0,0.0,464.32053,0.0,0.0,0.0,0.0,0.0,-1.5707964,0.0
1970-01-01 00:00:00.116679161,0.116679161,0.0,0.0,0.0,0.0,0.0,417.68054,0.0,0.0,-1.5707964,0.0
1970-01-01 00:00:00.116692919,0.116692919,0.0,0.0,0.0,0.0,165.8111,0.0,0.0,0.0,-1.5707964,0.0
1970-01-01 00:00:00.116737029,0.116737029,0.0,0.0,0.0,0.0,0.0,2699.4,0.0,0.0,-1.5707964,0.0
1970-01-01 00:00:00.116738223,0.116738223,0.0,0.0,2698.3616,0.0,0.0,0.0,0.0,0.0,-1.5707964,0.0
1970-01-01 00:00:00.116758001,0.116758001,0.0,575.79205,0.0,0.0,0.0,0.0,0.0,0.0,-1.5707964,0.0
1970-01-01 00:00:00.116798822,0.116798822,0.0,0.0,0.0,106.53907,0.0,0.0,0.0,0.0,-1.5707964,0.0
1970-01-01 00:00:00.116825160,0.11682516,0.0,2298.678,0.0,0.0,0.0,0.0,0.0,0.0,-1.5707964,0.0
1970-01-01 00:00:00.116861748,0.116861748,0.0,0.0,0.0,0.0,0.0,120.85294,0.0,0.0,-1.5707964,0.0
1970-01-01 00:00:00.116994023,0.116994023,0.0,0.0,603.66864,0.0,0.0,0.0,0.0,0.0,-1.5707964,0.0
1970-01-01 00:00:00.117087455,0.117087455,0.0,0.0,0.0,604.9312,0.0,0.0,0.0,0.0,-1.5707964,0.0
1970-01-01 00:00:00.117321472,0.117321472,0.0,0.0,322.7,0.0,0.0,0.0,0.0,0.0,-1.5707964,0.0
1970-01-01 00:00:00.117375338,0.117375338,0.0,0.0,0.0,0.0,162.0508,0.0,0.0,0.0,-1.5707964,0.0
1970-01-01 00:00:00.117457658,0.117457658,0.0,0.0,0.0,113.81179,0.0,0.0,0.0,0.0,-1.5707964,0.0
1970-01-01 00:00:00.117522424,0.117522424,0.0,0.0,144.09322,0.0,0.0,0.0,0.0,0.0,-1.5707964,0.0
1970-01-01 00:00:00.117543567,0.117543567,0.0,0.0,0.0,452.42313,0.0,0.0,0.0,0.0,-1.5707964,0.0
1970-01-01 00:00:00.117579640,0.11757964,0.0,0.0,125.96811,0.0,0.0,0.0,0.0,0.0,-1.5707964,0.0
1970-01-01 00:00:00.117696106,0.117696106,0.0,0.0,0.0,0.0,188.18042,0.0,0.0,0.0,-1.5707964,0.0
1970-01-01 00:00:00.117763661,0.117763661,0.0,0.0,225.42186,0.0,0.0,0.0,0.0,0.0,-1.5707964,0.0
1970-01-01 00:00:00.117871603,0.117871603,0.0,0.0,0.0,315.00543,0.0,0.0,0.0,0.0,-1.5707964,0.0
1970-01-01 00:00:00.117913797,0.117913797,0.0,0.0,165.27232,0.0,0.0,0.0,0.0,0.0,-1.5707964,0.0
1970-01-01 00:00:00.117932189,0.117932189,0.0,0.0,0.0,302.31555,0.0,0.0,0.0,0.0,-1.5707964,0.0
1970-01-01 00:00:00.117980778,0.117980778,0.0,0.0,0.0,279.09204,0.0,0.0,0.0,0.0,-1.5707964,0.0
1970-01-01 00:00:00.118003693,0.118003693,0.0,0.0,0.0,0.0,176.02238,0.0,0.0,0.0,-1.5707964,0.0
1970-01-01 00:00:00.118037597,0.118037597,0.0,0.0,97.67276,0.0,0.0,0.0,0.0,0.0,-1.5707964,0.0
1970-01-01 00:00:00.118051453,0.118051453,0.0,0.0,0.0,509.07022,0.0,0.0,0.0,0.0,-1.5707964,0.0
1970-01-01 00:00:00.118104092,0.118104092,0.0,0.0,200.26935,0.0,0.0,0.0,0.0,0.0,-1.5707964,0.0
1970-01-01 00:00:00.118139141,0.118139141,0.0,317.00452,0.0,0.0,0.0,0.0,0.0,0.0,-1.5707964,0.0
1970-01-01 00:00:00.118139141,0.118139141,0.0,0.0,0.0,1439.0267,0.0,0.0,0.0,0.0,-1.5707964,0.0
1970-01-01 00:00:00.118165809,0.118165809,0.0,0.0,0.0,150.09341,0.0,0.0,0.0,0.0,-1.5707964,0.0
1970-01-01 00:00:00.118219470,0.11821947,0.0,0.0,0.0,0.0,175.53447,0.0,0.0,0.0,-1.5707964,0.0
1970-01-01 00:00:00.118305631,0.118305631,0.0,0.0,0.0,349.0602,0.0,0.0,0.0,0.0,-1.5707964,0.0
1970-01-01 00:00:00.118382392,0.118382392,163.8506,0.0,0.0,0.0,0.0,0.0,0.0,0.0,-1.5707964,0.0
1970-01-01 00:00:00.118432415,0.118432415,0.0,0.0,194.12782,0.0,0.0,0.0,0.0,0.0,-1.5707964,0.0
1970-01-01 00:00:00.118465498,0.118465498,0.0,0.0,918.21045,0.0,0.0,0.0,0.0,0.0,-1.5707964,0.0
1970-01-01 00:00:00.118465510,0.11846551,0.0,0.0,0.0,1326.9565,0.0,0.0,0.0,0.0,-1.5707964,0.0
1970-01-01 00:00:00.118531536,0.118531536,0.0,0.0,482.83334,0.0,0.0,0.0,0.0,0.0,-1.5707964,0.0
1970-01-01 00:00:00.118594223,0.118594223,0.0,0.0,0.0,0.0,0.0,453.0452,0.0,0.0,-1.5707964,0.0
1970-01-01 00:00:00.118758290,0.11875829,0.0,0.0,0.0,899.8476,0.0,0.0,0.0,0.0,-1.5707964,0.0
1970-01-01 00:00:00.118830934,0.118830934,0.0,0.0,147.52019,0.0,0.0,0.0,0.0,0.0,-1.5707964,0.0
1970-01-01 00:00:00.118922169,0.118922169,0.0,176.9922,0.0,0.0,0.0,0.0,0.0,0.0,-1.5707964,0.0
1970-01-01 00:00:00.119072776,0.119072776,0.0,0.0,0.0,0.0,1036.2015,0.0,0.0,0.0,-1.5707964,0.0
1970-01-01 00:00:00.119138888,0.119138888,0.0,380.84854,0.0,0.0,0.0,0.0,0.0,0.0,-1.5707964,0.0
1970-01-01 00:00:00.119167168,0.119167168,0.0,0.0,0.0,272.903,0.0,0.0,0.0,0.0,-1.5707964,0.0
1970-01-01 00:00:00.119265279,0.119265279,0.0,0.0,0.0,1082.6604,0.0,0.0,0.0,0.0,-1.5707964,0.0
1970-01-01 00:00:00.119281374,0.119281374,0.0,0.0,0.0,170.94356,0.0,0.0,0.0,0.0,-1.5707964,0.0
1970-01-01 00:00:00.119294704,0.119294704,0.0,0.0,0.0,0.0,0.0,131.81459,0.0,0.0,-1.5707964,0.0
1970-01-01 00:00:00.119323639,0.119323639,0.0,0.0,0.0,0.0,0.0,120.30458,0.0,0.0,-1.5707964,0.0
1970-01-01 00:00:00.119510953,0.119510953,0.0,0.0,0.0,118.01574,0.0,0.0,0.0,0.0,-1.5707964,0.0
1970-01-01 00:00:00.119574428,0.119574428,0.0,0.0,761.4836,0.0,0.0,0.0,0.0,0.0,-1.5707964,0.0
1970-01-01 00:00:00.119710383,0.119710383,0.0,0.0,0.0,0.0,0.0,199.84444,0.0,0.0,-1.5707964,0.0
1970-01-01 00:00:00.119822914,0.119822914,0.0,0.0,0.0,904.87103,0.0,0.0,0.0,0.0,-1.5707964,0.0
1970-01-01 00:00:00.119853319,0.119853319,0.0,0.0,105.7413,0.0,0.0,0.0,0.0,0.0,-1.5707964,0.0
1970-01-01 00:00:00.119874001,0.119874001,0.0,0.0,421.23822,0.0,0.0,0.0,0.0,0.0,-1.5707964,0.0
1970-01-01 00:00:00.119972493,0.119972493,0.0,0.0,488.0189,0.0,0.0,0.0,0.0,0.0,-1.5707964,0.0
1970-01-01 00:00:00.120036722,0.120036722,0.0,0.0,0.0,1216.7716,0.0,0.0,0.0,0.0,-1.5707964,0.0
1970-01-01 00:00:00.120195917,0.120195917,361.67294,0.0,0.0,0.0,0.0,0.0,0.0,0.0,-1.5707964,0.0
1970-01-01 00:00:00.120266515,0.120266515,0.0,0.0,0.0,0.0,1031.2244,0.0,0.0,0.0,-1.5707964,0.0
1970-01-01 00:00:00.120293073,0.120293073,0.0,0.0,0.0,0.0,638.666,0.0,0.0,0.0,-1.5707964,0.0
1970-01-01 00:00:00.120331603,0.120331603,0.0,0.0,0.0,0.0,0.0,87.5973,0.0,0.0,-1.5707964,0.0
1970-01-01 00:00:00.120345049,0.120345049,0.0,0.0,0.0,0.0,297.94888,0.0,0.0,0.0,-1.5707964,0.0
1970-01-01 00:00:00.120354059,0.120354059,0.0,0.0,90.84832,0.0,0.0,0.0,0.0,0.0,-1.5707964,0.0
1970-01-01 00:00:00.120498026,0.120498026,0.0,0.0,0.0,0.0,1175.7915,0.0,0.0,0.0,-1.5707964,0.0
1970-01-01 00:00:00.120504671,0.120504671,0.0,0.0,0.0,0.0,0.0,1563.8699,0.0,0.0,-1.5707964,0.0
1970-01-01 00:00:00.120543284,0.120543284,0.0,0.0,0.0,403.653,0.0,0.0,0.0,0.0,-1.5707964,0.0
1970-01-01 00:00:00.120689973,0.120689973,0.0,0.0,0.0,0.0,144.6837,0.0,0.0,0.0,-1.5707964,0.0
1970-01-01 00:00:00.120718474,0.120718474,0.0,0.0,0.0,0.0,0.0,297.4724,0.0,0.0,-1.5707964,0.0
1970-01-01 00:00:00.120783087,0.120783087,0.0,0.0,918.2345,0.0,0.0,0.0,0.0,0.0,-1.5707964,0.0
1970-01-01 00:00:00.120806940,0.12080694,0.0,0.0,2278.9531,0.0,0.0,0.0,0.0,0.0,-1.5707964,0.0
1970-01-01 00:00:00.120814538,0.120814538,0.0,122.807,0.0,0.0,0.0,0.0,0.0,0.0,-1.5707964,0.0
1970-01-01 00:00:00.120843820,0.12084382,0.0,0.0,0.0,1996.4238,0.0,0.0,0.0,0.0,-1.5707964,0.0
1970-01-01 00:00:00.120849790,0.12084979,0.0,0.0,0.0,153.47545,0.0,0.0,0.0,0.0,-1.5707964,0.0
1970-01-01 00:00:00.120860197,0.120860197,0.0,0.0,0.0,0.0,158.81535,0.0,0.0,0.0,-1.5707964,0.0
1970-01-01 00:00:00.120914994,0.120914994,0.0,0.0,0.0,120.01232,0.0,0.0,0.0,0.0,-1.5707964,0.0
1970-01-01 00:00:00.120986365,0.120986365,0.0,0.0,0.0,0.0,275.07556,0.0,0.0,0.0,-1.5707964,0.0
1970-01-01 00:00:00.121066854,0.121066854,0.0,0.0,0.0,0.0,252.75867,0.0,0.0,0.0,-1.5707964,0.0
1970-01-01 00:00:00.121148503,0.121148503,0.0,0.0,0.0,0.0,383.21426,0.0,0.0,0.0,-1.5707964,0.0
1970-01-01 00:00:00.121285500,0.1212855,0.0,0.0,672.3659,0.0,0.0,0.0,0.0,0.0,-1.5707964,0.0
1970-01-01 00:00:00.121315077,0.121315077,0.0,0.0,0.0,408.48917,0.0,0.0,0.0,0.0,-1.5707964,0.0
1970-01-01 00:00:00.121319673,0.121319673,0.0,0.0,0.0,1395.0985,0.0,0.0,0.0,0.0,-1.5707964,0.0
1970-01-01 00:00:00.121319673,0.121319673,0.0,0.0,0.0,0.0,0.0,668.0137,0.0,0.0,-1.5707964,0.0
1970-01-01 00:00:00.121344106,0.121344106,0.0,87.7045,0.0,0.0,0.0,0.0,0.0,0.0,-1.5707964,0.0
1970-01-01 00:00:00.121350784,0.121350784,114.0764,0.0,0.0,0.0,0.0,0.0,0.0,0.0,-1.5707964,0.0
1970-01-01 00:00:00.121357353,0.121357353,0.0,0.0,0.0,269.4738,0.0,0.0,0.0,0.0,-1.5707964,0.0
1970-01-01 00:00:00.121364348,0.121364348,0.0,0.0,0.0,213.6436,0.0,0.0,0.0,0.0,-1.5707964,0.0
1970-01-01 00:00:00.121457489,0.121457489,0.0,0.0,0.0,264.1859,0.0,0.0,0.0,0.0,-1.5707964,0.0
1970-01-01 00:00:00.121457489,0.121457489,0.0,0.0,0.0,0.0,0.0,1706.073,0.0,0.0,-1.5707964,0.0
1970-01-01 00:00:00.121502961,0.121502961,0.0,0.0,0.0,1148.9534,0.0,0.0,0.0,0.0,-1.5707964,0.0
1970-01-01 00:00:00.121527771,0.121527771,0.0,0.0,345.75482,0.0,0.0,0.0,0.0,0.0,-1.5707964,0.0
1970-01-01 00:00:00.121619264,0.121619264,0.0,0.0,0.0,2396.848,0.0,0.0,0.0,0.0,-1.5707964,0.0
1970-01-01 00:00:00.121714685,0.121714685,0.0,0.0,0.0,0.0,0.0,166.21445,0.0,0.0,-1.5707964,0.0
1970-01-01 00:00:00.121722431,0.121722431,0.0,0.0,0.0,0.0,453.40353,0.0,0.0,0.0,-1.5707964,0.0
1970-01-01 00:00:00.121731252,0.121731252,0.0,0.0,0.0,388.85114,0.0,0.0,0.0,0.0,-1.5707964,0.0
1970-01-01 00:00:00.121759223,0.121759223,0.0,0.0,0.0,477.35837,0.0,0.0,0.0,0.0,-1.5707964,0.0
1970-01-01 00:00:00.121811030,0.12181103,0.0,0.0,0.0,304.66815,0.0,0.0,0.0,0.0,-1.5707964,0.0
1970-01-01 00:00:00.121860745,0.121860745,0.0,139.1593,0.0,0.0,0.0,0.0,0.0,0.0,-1.5707964,0.0
1970-01-01 00:00:00.121952263,0.121952263,0.0,0.0,244.8554,0.0,0.0,0.0,0.0,0.0,-1.5707964,0.0
1970-01-01 00:00:00.122017639,0.122017639,0.0,0.0,0.0,817.1211,0.0,0.0,0.0,0.0,-1.5707964,0.0
1970-01-01 00:00:00.122044594,0.122044594,0.0,0.0,0.0,179.63086,0.0,0.0,0.0,0.0,-1.5707964,0.0
1970-01-01 00:00:00.122058622,0.122058622,0.0,0.0,0.0,0.0,304.6507,0.0,0.0,0.0,-1.5707964,0.0
1970-01-01 00:00:00.122138730,0.12213873,0.0,0.0,0.0,0.0,0.0,108.603645,0.0,0.0,-1.5707964,0.0
1970-01-01 00:00:00.122340456,0.122340456,0.0,0.0,0.0,0.0,168.71909,0.0,0.0,0.0,-1.5707964,0.0
1970-01-01 00:00:00.122393621,0.122393621,0.0,440.65222,0.0,0.0,0.0,0.0,0.0,0.0,-1.5707964,0.0
1970-01-01 00:00:00.122447728,0.122447728,0.0,0.0,0.0,89.907295,0.0,0.0,0.0,0.0,-1.5707964,0.0
1970-01-01 00:00:00.122486020,0.12248602,0.0,0.0,740.184,0.0,0.0,0.0,0.0,0.0,-1.5707964,0.0
1970-01-01 00:00:00.122594127,0.122594127,0.0,0.0,296.97543,0.0,0.0,0.0,0.0,0.0,-1.5707964,0.0
1970-01-01 00:00:00.122597021,0.122597021,0.0,0.0,0.0,259.7319,0.0,0.0,0.0,0.0,-1.5707964,0.0
1970-01-01 00:00:00.122708016,0.122708016,0.0,0.0,0.0,1350.6531,0.0,0.0,0.0,0.0,-1.5707964,0.0
1970-01-01 00:00:00.122826641,0.122826641,0.0,0.0,0.0,118.07393,0.0,0.0,0.0,0.0,-1.5707964,0.0
1970-01-01 00:00:00.122897288,0.122897288,0.0,0.0,0.0,296.56726,0.0,0.0,0.0,0.0,-1.5707964,0.0
1970-01-01 00:00:00.122971108,0.122971108,0.0,0.0,1832.9833,0.0,0.0,0.0,0.0,0.0,-1.5707964,0.0
1970-01-01 00:00:00.123068255,0.123068255,0.0,0.0,0.0,421.57767,0.0,0.0,0.0,0.0,-1.5707964,0.0
1970-01-01 00:00:00.123091983,0.123091983,2012.3372,0.0,0.0,0.0,0.0,0.0,0.0,0.0,-1.5707964,0.0
1970-01-01 00:00:00.123095374,0.123095374,0.0,0.0,0.0,146.55934,0.0,0.0,0.0,0.0,-1.5707964,0.0
1970-01-01 00:00:00.123103820,0.12310382,0.0,113.56337,0.0,0.0,0.0,0.0,0.0,0.0,-1.5707964,0.0
1970-01-01 00:00:00.123133511,0.123133511,0.0,0.0,0.0,291.04135,0.0,0.0,0.0,0.0,-1.5707964,0.0
1970-01-01 00:00:00.123205323,0.123205323,0.0,123.637344,0.0,0.0,0.0,0.0,0.0,0.0,-1.5707964,0.0
1970-01-01 00:00:00.123310700,0.1233107,0.0,0.0,1066.405,0.0,0.0,0.0,0.0,0.0,-1.5707964,0.0
1970-01-01 00:00:00.123311747,0.123311747,0.0,0.0,870.1708,0.0,0.0,0.0,0.0,0.0,-1.5707964,0.0
1970-01-01 00:00:00.123346794,0.123346794,0.0,347.4673,0.0,0.0,0.0,0.0,0.0,0.0,-1.5707964,0.0
1970-01-01 00:00:00.123400043,0.123400043,0.0,0.0,0.0,96.80667,0.0,0.0,0.0,0.0,-1.5707964,0.0
1970-01-01 00:00:00.123403993,0.123403993,0.0,0.0,664.4015,0.0,0.0,0.0,0.0,0.0,-1.5707964,0.0
1970-01-01 00:00:00.123484666,0.123484666,0.0,0.0,0.0,0.0,344.22852,0.0,0.0,0.0,-1.5707964,0.0
1970-01-01 00:00:00.123548551,0.123548551,0.0,0.0,470.87045,0.0,0.0,0.0,0.0,0.0,-1.5707964,0.0
1970-01-01 00:00:00.123633367,0.123633367,0.0,0.0,420.9766,0.0,0.0,0.0,0.0,0.0,-1.5707964,0.0
1970-01-01 00:00:00.123678009,0.123678009,0.0,0.0,390.15466,0.0,0.0,0.0,0.0,0.0,-1.5707964,0.0
1970-01-01 00:00:00.123679469,0.123679469,0.0,0.0,0.0,107.41655,0.0,0.0,0.0,0.0,-1.5707964,0.0
1970-01-01 00:00:00.123862598,0.123862598,0.0,0.0,0.0,236.58331,0.0,0.0,0.0,0.0,-1.5707964,0.0
1970-01-01 00:00:00.123937703,0.123937703,0.0,574.7201,0.0,0.0,0.0,0.0,0.0,0.0,-1.5707964,0.0
1970-01-01 00:00:00.124084430,0.12408443,0.0,0.0,0.0,186.8333,0.0,0.0,0.0,0.0,-1.5707964,0.0
1970-01-01 00:00:00.124139486,0.124139486,0.0,340.51566,0.0,0.0,0.0,0.0,0.0,0.0,-1.5707964,0.0
1970-01-01 00:00:00.124185794,0.124185794,0.0,0.0,179.38882,0.0,0.0,0.0,0.0,0.0,-1.5707964,0.0
1970-01-01 00:00:00.124228461,0.124228461,274.6925,0.0,0.0,0.0,0.0,0.0,0.0,0.0,-1.5707964,0.0
1970-01-01 00:00:00.124228461,0.124228461,0.0,0.0,500.92557,0.0,0.0,0.0,0.0,0.0,-1.5707964,0.0
1970-01-01 00:00:00.124249070,0.12424907,0.0,0.0,0.0,140.07593,0.0,0.0,0.0,0.0,-1.5707964,0.0
1970-01-01 00:00:00.124349820,0.12434982,0.0,0.0,0.0,0.0,574.716,0.0,0.0,0.0,-1.5707964,0.0
1970-01-01 00:00:00.124390913,0.124390913,0.0,0.0,0.0,151.09564,0.0,0.0,0.0,0.0,-1.5707964,0.0
1970-01-01 00:00:00.124579899,0.124579899,0.0,0.0,0.0,0.0,1645.6276,0.0,0.0,0.0,-1.5707964,0.0
1970-01-01 00:00:00.124626559,0.124626559,0.0,0.0,0.0,0.0,328.8074,0.0,0.0,0.0,-1.5707964,0.0
1970-01-01 00:00:00.124657843,0.124657843,0.0,0.0,0.0,211.43669,0.0,0.0,0.0,0.0,-1.5707964,0.0
1970-01-01 00:00:00.124743664,0.124743664,0.0,0.0,0.0,94.90026,0.0,0.0,0.0,0.0,-1.5707964,0.0
1970-01-01 00:00:00.124766993,0.124766993,0.0,0.0,0.0,520.8628,0.0,0.0,0.0,0.0,-1.5707964,0.0
1970-01-01 00:00:00.124772609,0.124772609,0.0,0.0,207.89432,0.0,0.0,0.0,0.0,0.0,-1.5707964,0.0
1970-01-01 00:00:00.124817929,0.124817929,0.0,0.0,0.0,205.06157,0.0,0.0,0.0,0.0,-1.5707964,0.0
1970-01-01 00:00:00.124865232,0.124865232,0.0,0.0,0.0,453.80853,0.0,0.0,0.0,0.0,-1.5707964,0.0
1970-01-01 00:00:00.124953679,0.124953679,0.0,0.0,0.0,134.42383,0.0,0.0,0.0,0.0,-1.5707964,0.0
1970-01-01 00:00:00.125126114,0.125126114,0.0,0.0,0.0,88.55093,0.0,0.0,0.0,0.0,-1.5707964,0.0
1970-01-01 00:00:00.125143532,0.125143532,0.0,0.0,0.0,455.42572,0.0,0.0,0.0,0.0,-1.5707964,0.0
1970-01-01 00:00:00.125214296,0.125214296,0.0,0.0,0.0,461.38815,0.0,0.0,0.0,0.0,-1.5707964,0.0
1970-01-01 00:00:00.125229761,0.125229761,0.0,0.0,0.0,0.0,0.0,483.1448,0.0,0.0,-1.5707964,0.0
1970-01-01 00:00:00.125301474,0.125301474,0.0,0.0,1233.6683,0.0,0.0,0.0,0.0,0.0,-1.5707964,0.0
1970-01-01 00:00:00.125316968,0.125316968,0.0,0.0,0.0,1279.1912,0.0,0.0,0.0,0.0,-1.5707964,0.0
1970-01-01 00:00:00.125387299,0.125387299,0.0,0.0,0.0,286.89865,0.0,0.0,0.0,0.0,-1.5707964,0.0
1970-01-01 00:00:00.125423089,0.12542309,0.0,0.0,317.774,0.0,0.0,0.0,0.0,0.0,-1.5707964,0.0
1970-01-01 00:00:00.125588816,0.125588817,0.0,0.0,0.0,611.86426,0.0,0.0,0.0,0.0,-1.5707964,0.0
1970-01-01 00:00:00.125619347,0.125619348,0.0,283.38995,0.0,0.0,0.0,0.0,0.0,0.0,-1.5707964,0.0
1970-01-01 00:00:00.125633474,0.125633474,0.0,0.0,0.0,0.0,270.52408,0.0,0.0,0.0,-1.5707964,0.0
1970-01-01 00:00:00.125798255,0.125798255,0.0,0.0,348.29352,0.0,0.0,0.0,0.0,0.0,-1.5707964,0.0
1970-01-01 00:00:00.125960529,0.12596053,0.0,519.3434,0.0,0.0,0.0,0.0,0.0,0.0,-1.5707964,0.0
1970-01-01 00:00:00.126038499,0.126038499,0.0,0.0,0.0,0.0,204.31308,0.0,0.0,0.0,-1.5707964,0.0
1970-01-01 00:00:00.126046114,0.126046115,0.0,0.0,260.66318,0.0,0.0,0.0,0.0,0.0,-1.5707964,0.0
1970-01-01 00:00:00.126084309,0.126084309,0.0,0.0,0.0,0.0,0.0,1562.8267,0.0,0.0,-1.5707964,0.0
1970-01-01 00:00:00.126173454,0.126173455,0.0,0.0,0.0,97.24009,0.0,0.0,0.0,0.0,-1.5707964,0.0
1970-01-01 00:00:00.126184872,0.126184872,0.0,0.0,0.0,0.0,1306.4979,0.0,0.0,0.0,-1.5707964,0.0
1970-01-01 00:00:00.126247875,0.126247875,87.71057,0.0,0.0,0.0,0.0,0.0,0.0,0.0,-1.5707964,0.0
1970-01-01 00:00:00.126247875,0.126247875,0.0,0.0,0.0,0.0,0.0,318.80176,0.0,0.0,-1.5707964,0.0
1970-01-01 00:00:00.126382686,0.126382686,0.0,0.0,0.0,183.37778,0.0,0.0,0.0,0.0,-1.5707964,0.0
1970-01-01 00:00:00.126391570,0.12639157,0.0,0.0,0.0,136.87611,0.0,0.0,0.0,0.0,-1.5707964,0.0
1970-01-01 00:00:00.126513476,0.126513476,0.0,0.0,0.0,397.29684,0.0,0.0,0.0,0.0,-1.5707964,0.0
1970-01-01 00:00:00.126627086,0.126627086,2365.1033,0.0,0.0,0.0,0.0,0.0,0.0,0.0,-1.5707964,0.0
1970-01-01 00:00:00.126682976,0.126682976,0.0,0.0,1885.6573,0.0,0.0,0.0,0.0,0.0,-1.5707964,0.0
1970-01-01 00:00:00.126771142,0.126771142,0.0,0.0,0.0,173.49866,0.0,0.0,0.0,0.0,-1.5707964,0.0
1970-01-01 00:00:00.126813652,0.126813652,0.0,0.0,0.0,0.0,0.0,274.23068,0.0,0.0,-1.5707964,0.0
1970-01-01 00:00:00.126900078,0.126900078,0.0,0.0,400.01212,0.0,0.0,0.0,0.0,0.0,-1.5707964,0.0
1970-01-01 00:00:00.126963771,0.126963771,0.0,0.0,0.0,0.0,0.0,243.32947,0.0,0.0,-1.5707964,0.0
1970-01-01 00:00:00.127004167,0.127004167,0.0,0.0,0.0,0.0,0.0,562.08246,0.0,0.0,-1.5707964,0.0
1970-01-01 00:00:00.127074840,0.12707484,0.0,0.0,225.49771,0.0,0.0,0.0,0.0,0.0,-1.5707964,0.0
1970-01-01 00:00:00.127118400,0.127118401,0.0,0.0,1444.9974,0.0,0.0,0.0,0.0,0.0,-1.5707964,0.0
1970-01-01 00:00:00.127125657,0.127125657,0.0,0.0,0.0,498.58743,0.0,0.0,0.0,0.0,-1.5707964,0.0
1970-01-01 00:00:00.127151537,0.127151537,0.0,84.98433,0.0,0.0,0.0,0.0,0.0,0.0,-1.5707964,0.0
1970-01-01 00:00:00.127270012,0.127270013,0.0,0.0,0.0,1064.8402,0.0,0.0,0.0,0.0,-1.5707964,0.0
1970-01-01 00:00:00.127294151,0.127294151,0.0,88.641785,0.0,0.0,0.0,0.0,0.0,0.0,-1.5707964,0.0
1970-01-01 00:00:00.127320867,0.127320867,227.85161,0.0,0.0,0.0,0.0,0.0,0.0,0.0,-1.5707964,0.0
1970-01-01 00:00:00.127348090,0.12734809,0.0,0.0,0.0,0.0,85.234604,0.0,0.0,0.0,-1.5707964,0.0
1970-01-01 00:00:00.127476954,0.127476954,0.0,0.0,0.0,145.09349,0.0,0.0,0.0,0.0,-1.5707964,0.0
1970-01-01 00:00:00.127505426,0.127505426,0.0,0.0,826.0841,0.0,0.0,0.0,0.0,0.0,-1.5707964,0.0
1970-01-01 00:00:00.127523530,0.12752353,0.0,0.0,0.0,394.21027,0.0,0.0,0.0,0.0,-1.5707964,0.0
1970-01-01 00:00:00.127586625,0.127586625,0.0,0.0,134.51674,0.0,0.0,0.0,0.0,0.0,-1.5707964,0.0
1970-01-01 00:00:00.127720318,0.127720318,0.0,0.0,218.08932,0.0,0.0,0.0,0.0,0.0,-1.5707964,0.0
1970-01-01 00:00:00.127733976,0.127733976,0.0,0.0,0.0,129.4726,0.0,0.0,0.0,0.0,-1.5707964,0.0
1970-01-01 00:00:00.127803852,0.127803852,0.0,0.0,0.0,0.0,0.0,784.772,0.0,0.0,-1.5707964,0.0
1970-01-01 00:00:00.127895195,0.127895196,0.0,0.0,122.18167,0.0,0.0,0.0,0.0,0.0,-1.5707964,0.0
1970-01-01 00:00:00.127977072,0.127977072,0.0,0.0,0.0,129.44188,0.0,0.0,0.0,0.0,-1.5707964,0.0
1970-01-01 00:00:00.128074836,0.128074836,0.0,0.0,0.0,0.0,0.0,172.87238,0.0,0.0,-1.5707964,0.0
1970-01-01 00:00:00.128204249,0.12820425,0.0,0.0,1100.3429,0.0,0.0,0.0,0.0,0.0,-1.5707964,0.0
1970-01-01 00:00:00.128209269,0.12820927,0.0,0.0,0.0,277.3899,0.0,0.0,0.0,0.0,-1.5707964,0.0
1970-01-01 00:00:00.128279402,0.128279403,0.0,0.0,194.73863,0.0,0.0,0.0,0.0,0.0,-1.5707964,0.0
1970-01-01 00:00:00.128283552,0.128283552,0.0,0.0,0.0,441.63403,0.0,0.0,0.0,0.0,-1.5707964,0.0
1970-01-01 00:00:00.128361481,0.128361481,0.0,0.0,0.0,654.6052,0.0,0.0,0.0,0.0,-1.5707964,0.0
1970-01-01 00:00:00.128364896,0.128364896,0.0,0.0,0.0,937.7676,0.0,0.0,0.0,0.0,-1.5707964,0.0
1970-01-01 00:00:00.128520062,0.128520063,0.0,0.0,0.0,0.0,154.47801,0.0,0.0,0.0,-1.5707964,0.0
1970-01-01 00:00:00.128541331,0.128541331,0.0,0.0,1162.996,0.0,0.0,0.0,0.0,0.0,-1.5707964,0.0
1970-01-01 00:00:00.128569580,0.128569581,0.0,0.0,0.0,268.95224,0.0,0.0,0.0,0.0,-1.5707964,0.0
1970-01-01 00:00:00.128618236,0.128618236,0.0,0.0,0.0,0.0,0.0,235.02448,0.0,0.0,-1.5707964,0.0
1970-01-01 00:00:00.128618274,0.128618274,0.0,292.61887,0.0,0.0,0.0,0.0,0.0,0.0,-1.5707964,0.0
1970-01-01 00:00:00.128633546,0.128633547,0.0,0.0,0.0,242.03075,0.0,0.0,0.0,0.0,-1.5707964,0.0
1970-01-01 00:00:00.128659601,0.128659601,0.0,0.0,0.0,0.0,1628.8575,0.0,0.0,0.0,-1.5707964,0.0
1970-01-01 00:00:00.128738469,0.128738469,0.0,0.0,0.0,195.71704,0.0,0.0,0.0,0.0,-1.5707964,0.0
1970-01-01 00:00:00.128783847,0.128783847,0.0,0.0,0.0,0.0,838.6225,0.0,0.0,0.0,-1.5707964,0.0
1970-01-01 00:00:00.128807473,0.128807473,0.0,0.0,0.0,789.8696,0.0,0.0,0.0,0.0,-1.5707964,0.0
1970-01-01 00:00:00.128812280,0.12881228,0.0,0.0,362.63968,0.0,0.0,0.0,0.0,0.0,-1.5707964,0.0
1970-01-01 00:00:00.128835885,0.128835885,0.0,0.0,0.0,332.90927,0.0,0.0,0.0,0.0,-1.5707964,0.0
1970-01-01 00:00:00.128901840,0.128901841,0.0,0.0,0.0,107.17065,0.0,0.0,0.0,0.0,-1.5707964,0.0
1970-01-01 00:00:00.128907815,0.128907815,0.0,156.33203,0.0,0.0,0.0,0.0,0.0,0.0,-1.5707964,0.0
1970-01-01 00:00:00.128907815,0.128907815,0.0,0.0,0.0,156.15547,0.0,0.0,0.0,0.0,-1.5707964,0.0
1970-01-01 00:00:00.128963316,0.128963316,0.0,0.0,0.0,117.47669,0.0,0.0,0.0,0.0,-1.5707964,0.0
1970-01-01 00:00:00.128978728,0.128978729,0.0,0.0,0.0,0.0,308.99878,0.0,0.0,0.0,-1.5707964,0.0
1970-01-01 00:00:00.128978728,0.128978729,0.0,0.0,0.0,275.02167,0.0,0.0,0.0,0.0,-1.5707964,0.0
1970-01-01 00:00:00.129149473,0.129149474,0.0,229.96365,0.0,0.0,0.0,0.0,0.0,0.0,-1.5707964,0.0
1970-01-01 00:00:00.129189400,0.1291894,0.0,1755.4209,0.0,0.0,0.0,0.0,0.0,0.0,-1.5707964,0.0
1970-01-01 00:00:00.129208056,0.129208057,0.0,0.0,0.0,238.53949,0.0,0.0,0.0,0.0,-1.5707964,0.0
1970-01-01 00:00:00.129418865,0.129418865,0.0,0.0,2598.2063,0.0,0.0,0.0,0.0,0.0,-1.5707964,0.0
1970-01-01 00:00:00.129432370,0.129432371,0.0,0.0,0.0,0.0,0.0,371.864,0.0,0.0,-1.5707964,0.0
1970-01-01 00:00:00.129461757,0.129461757,0.0,722.0865,0.0,0.0,0.0,0.0,0.0,0.0,-1.5707964,0.0
1970-01-01 00:00:00.129534611,0.129534611,0.0,251.75981,0.0,0.0,0.0,0.0,0.0,0.0,-1.5707964,0.0
1970-01-01 00:00:00.129545059,0.12954506,0.0,0.0,0.0,512.52014,0.0,0.0,0.0,0.0,-1.5707964,0.0
1970-01-01 00:00:00.129674848,0.129674848,0.0,0.0,0.0,0.0,0.0,347.40298,0.0,0.0,-1.5707964,0.0
1970-01-01 00:00:00.129700856,0.129700856,0.0,0.0,0.0,602.15405,0.0,0.0,0.0,0.0,-1.5707964,0.0
1970-01-01 00:00:00.129700856,0.129700856,0.0,0.0,0.0,0.0,0.0,642.01495,0.0,0.0,-1.5707964,0.0
1970-01-01 00:00:00.129725925,0.129725926,0.0,0.0,0.0,179.3852,0.0,0.0,0.0,0.0,-1.5707964,0.0
1970-01-01 00:00:00.129781171,0.129781171,0.0,0.0,0.0,0.0,0.0,111.25279,0.0,0.0,-1.5707964,0.0
1970-01-01 00:00:00.129784836,0.129784837,0.0,0.0,0.0,3415.604,0.0,0.0,0.0,0.0,-1.5707964,0.0
1970-01-01 00:00:00.129959116,0.129959116,0.0,0.0,0.0,139.49208,0.0,0.0,0.0,0.0,-1.5707964,0.0
1970-01-01 00:00:00.130034564,0.130034565,0.0,0.0,204.07004,0.0,0.0,0.0,0.0,0.0,-1.5707964,0.0
1970-01-01 00:00:00.130139858,0.130139858,0.0,0.0,344.65643,0.0,0.0,0.0,0.0,0.0,-1.5707964,0.0
1970-01-01 00:00:00.130142854,0.130142854,0.0,163.00928,0.0,0.0,0.0,0.0,0.0,0.0,-1.5707964,0.0
1970-01-01 00:00:00.130308840,0.13030884,0.0,0.0,0.0,679.74225,0.0,0.0,0.0,0.0,-1.5707964,0.0
1970-01-01 00:00:00.130375427,0.130375428,0.0,0.0,231.2078,0.0,0.0,0.0,0.0,0.0,-1.5707964,0.0
1970-01-01 00:00:00.130463920,0.13046392,0.0,0.0,264.27768,0.0,0.0,0.0,0.0,0.0,-1.5707964,0.0
1970-01-01 00:00:00.130634349,0.130634349,0.0,0.0,218.73482,0.0,0.0,0.0,0.0,0.0,-1.5707964,0.0
1970-01-01 00:00:00.130774019,0.13077402,0.0,0.0,0.0,0.0,0.0,82.44235,0.0,0.0,-1.5707964,0.0
1970-01-01 00:00:00.130808873,0.130808874,0.0,0.0,421.61093,0.0,0.0,0.0,0.0,0.0,-1.5707964,0.0
1970-01-01 00:00:00.130826738,0.130826738,0.0,0.0,0.0,715.98584,0.0,0.0,0.0,0.0,-1.5707964,0.0
1970-01-01 00:00:00.130833919,0.13083392,0.0,85.29955,0.0,0.0,0.0,0.0,0.0,0.0,-1.5707964,0.0
1970-01-01 00:00:00.130834846,0.130834846,0.0,0.0,101.1919,0.0,0.0,0.0,0.0,0.0,-1.5707964,0.0
1970-01-01 00:00:00.130876598,0.130876598,0.0,0.0,0.0,0.0,0.0,635.07025,0.0,0.0,-1.5707964,0.0
1970-01-01 00:00:00.130886907,0.130886907,0.0,0.0,0.0,138.25893,0.0,0.0,0.0,0.0,-1.5707964,0.0
1970-01-01 00:00:00.130890675,0.130890675,0.0,0.0,0.0,0.0,142.30539,0.0,0.0,0.0,-1.5707964,0.0
1970-01-01 00:00:00.131020504,0.131020504,0.0,0.0,0.0,706.15717,0.0,0.0,0.0,0.0,-1.5707964,0.0
1970-01-01 00:00:00.131032957,0.131032957,0.0,109.95457,0.0,0.0,0.0,0.0,0.0,0.0,-1.5707964,0.0
1970-01-01 00:00:00.131263116,0.131263116,0.0,0.0,0.0,0.0,219.40175,0.0,0.0,0.0,-1.5707964,0.0
1970-01-01 00:00:00.131284391,0.131284391,0.0,0.0,112.6877,0.0,0.0,0.0,0.0,0.0,-1.5707964,0.0
1970-01-01 00:00:00.131534465,0.131534466,0.0,0.0,0.0,590.23883,0.0,0.0,0.0,0.0,-1.5707964,0.0
1970-01-01 00:00:00.131692357,0.131692357,0.0,0.0,0.0,891.22156,0.0,0.0,0.0,0.0,-1.5707964,0.0
1970-01-01 00:00:00.131719757,0.131719757,0.0,0.0,0.0,0.0,0.0,380.95435,0.0,0.0,-1.5707964,0.0
1970-01-01 00:00:00.131734268,0.131734269,0.0,111.70347,0.0,0.0,0.0,0.0,0.0,0.0,-1.5707964,0.0
1970-01-01 00:00:00.131801559,0.131801559,0.0,0.0,194.89964,0.0,0.0,0.0,0.0,0.0,-1.5707964,0.0
1970-01-01 00:00:00.131801559,0.131801559,0.0,0.0,560.00446,0.0,0.0,0.0,0.0,0.0,-1.5707964,0.0
1970-01-01 00:00:00.131818870,0.13181887,0.0,221.46994,0.0,0.0,0.0,0.0,0.0,0.0,-1.5707964,0.0
1970-01-01 00:00:00.131825640,0.13182564,0.0,0.0,0.0,584.1457,0.0,0.0,0.0,0.0,-1.5707964,0.0
1970-01-01 00:00:00.131832393,0.131832394,0.0,0.0,0.0,159.05962,0.0,0.0,0.0,0.0,-1.5707964,0.0
1970-01-01 00:00:00.131867112,0.131867112,0.0,1318.0092,0.0,0.0,0.0,0.0,0.0,0.0,-1.5707964,0.0
1970-01-01 00:00:00.131969789,0.131969789,0.0,0.0,248.44092,0.0,0.0,0.0,0.0,0.0,-1.5707964,0.0
1970-01-01 00:00:00.131983499,0.131983499,0.0,0.0,0.0,0.0,1582.3597,0.0,0.0,0.0,-1.5707964,0.0
1970-01-01 00:00:00.132059309,0.132059309,0.0,589.1674,0.0,0.0,0.0,0.0,0.0,0.0,-1.5707964,0.0
1970-01-01 00:00:00.132167906,0.132167906,0.0,0.0,258.7182,0.0,0.0,0.0,0.0,0.0,-1.5707964,0.0
1970-01-01 00:00:00.132194584,0.132194584,0.0,0.0,0.0,87.38178,0.0,0.0,0.0,0.0,-1.5707964,0.0
1970-01-01 00:00:00.132289822,0.132289822,0.0,0.0,0.0,0.0,0.0,967.7188,0.0,0.0,-1.5707964,0.0
1970-01-01 00:00:00.132319941,0.132319941,0.0,0.0,0.0,0.0,91.81158,0.0,0.0,0.0,-1.5707964,0.0
1970-01-01 00:00:00.132338224,0.132338224,984.40375,0.0,0.0,0.0,0.0,0.0,0.0,0.0,-1.5707964,0.0
1970-01-01 00:00:00.132367884,0.132367885,0.0,0.0,522.46906,0.0,0.0,0.0,0.0,0.0,-1.5707964,0.0
1970-01-01 00:00:00.132415956,0.132415956,0.0,0.0,464.9322,0.0,0.0,0.0,0.0,0.0,-1.5707964,0.0
1970-01-01 00:00:00.132416671,0.132416671,0.0,563.8328,0.0,0.0,0.0,0.0,0.0,0.0,-1.5707964,0.0
1970-01-01 00:00:00.132477335,0.132477335,0.0,0.0,0.0,143.0653,0.0,0.0,0.0,0.0,-1.5707964,0.0
1970-01-01 00:00:00.132485755,0.132485755,0.0,0.0,0.0,0.0,0.0,1035.3279,0.0,0.0,-1.5707964,0.0
1970-01-01 00:00:00.132653098,0.132653098,0.0,0.0,0.0,0.0,119.4199,0.0,0.0,0.0,-1.5707964,0.0
1970-01-01 00:00:00.132907765,0.132907765,0.0,0.0,1267.7056,0.0,0.0,0.0,0.0,0.0,-1.5707964,0.0
1970-01-01 00:00:00.132939945,0.132939945,0.0,0.0,0.0,338.20102,0.0,0.0,0.0,0.0,-1.5707964,0.0
1970-01-01 00:00:00.132949488,0.132949488,0.0,0.0,0.0,440.2282,0.0,0.0,0.0,0.0,-1.5707964,0.0
1970-01-01 00:00:00.133114875,0.133114875,0.0,0.0,0.0,121.06426,0.0,0.0,0.0,0.0,-1.5707964,0.0
1970-01-01 00:00:00.133125110,0.133125111,0.0,0.0,137.8388,0.0,0.0,0.0,0.0,0.0,-1.5707964,0.0
1970-01-01 00:00:00.133201293,0.133201293,0.0,0.0,0.0,2001.8527,0.0,0.0,0.0,0.0,-1.5707964,0.0
1970-01-01 00:00:00.133311701,0.133311701,0.0,0.0,615.5801,0.0,0.0,0.0,0.0,0.0,-1.5707964,0.0
1970-01-01 00:00:00.133320952,0.133320952,0.0,0.0,241.6304,0.0,0.0,0.0,0.0,0.0,-1.5707964,0.0
1970-01-01 00:00:00.133321998,0.133321998,0.0,0.0,0.0,0.0,362.42502,0.0,0.0,0.0,-1.5707964,0.0
1970-01-01 00:00:00.133329756,0.133329756,0.0,179.86159,0.0,0.0,0.0,0.0,0.0,0.0,-1.5707964,0.0
1970-01-01 00:00:00.133451986,0.133451986,0.0,0.0,589.5089,0.0,0.0,0.0,0.0,0.0,-1.5707964,0.0
1970-01-01 00:00:00.133491654,0.133491655,0.0,0.0,786.69244,0.0,0.0,0.0,0.0,0.0,-1.5707964,0.0
1970-01-01 00:00:00.133491654,0.133491655,0.0,0.0,0.0,0.0,0.0,246.60246,0.0,0.0,-1.5707964,0.0
1970-01-01 00:00:00.133605020,0.133605021,0.0,0.0,0.0,0.0,0.0,449.79782,0.0,0.0,-1.5707964,0.0
1970-01-01 00:00:00.133650749,0.133650749,0.0,0.0,0.0,939.51874,0.0,0.0,0.0,0.0,-1.5707964,0.0
1970-01-01 00:00:00.133654071,0.133654071,82.33815,0.0,0.0,0.0,0.0,0.0,0.0,0.0,-1.5707964,0.0
1970-01-01 00:00:00.133838869,0.133838869,194.89006,0.0,0.0,0.0,0.0,0.0,0.0,0.0,-1.5707964,0.0
1970-01-01 00:00:00.133886236,0.133886237,0.0,0.0,0.0,1082.4991,0.0,0.0,0.0,0.0,-1.5707964,0.0
1970-01-01 00:00:00.133903997,0.133903997,0.0,0.0,0.0,519.39716,0.0,0.0,0.0,0.0,-1.5707964,0.0
1970-01-01 00:00:00.133925470,0.133925471,0.0,0.0,0.0,0.0,0.0,139.59537,0.0,0.0,-1.5707964,0.0
1970-01-01 00:00:00.133940838,0.133940838,0.0,0.0,0.0,473.0653,0.0,0.0,0.0,0.0,-1.5707964,0.0
1970-01-01 00:00:00.133954914,0.133954914,239.93935,0.0,0.0,0.0,0.0,0.0,0.0,0.0,-1.5707964,0.0
1970-01-01 00:00:00.134062120,0.13406212,0.0,0.0,0.0,0.0,456.89197,0.0,0.0,0.0,-1.5707964,0.0
1970-01-01 00:00:00.134101396,0.134101396,0.0,771.3776,0.0,0.0,0.0,0.0,0.0,0.0,-1.5707964,0.0
1970-01-01 00:00:00.134117371,0.134117371,0.0,0.0,0.0,0.0,1044.6359,0.0,0.0,0.0,-1.5707964,0.0
1970-01-01 00:00:00.134311811,0.134311811,0.0,780.4123,0.0,0.0,0.0,0.0,0.0,0.0,-1.5707964,0.0
1970-01-01 00:00:00.134407674,0.134407674,0.0,0.0,0.0,173.50435,0.0,0.0,0.0,0.0,-1.5707964,0.0
1970-01-01 00:00:00.134488932,0.134488932,0.0,0.0,0.0,104.73044,0.0,0.0,0.0,0.0,-1.5707964,0.0
1970-01-01 00:00:00.134562066,0.134562066,0.0,0.0,0.0,131.55025,0.0,0.0,0.0,0.0,-1.5707964,0.0
1970-01-01 00:00:00.134614526,0.134614526,0.0,0.0,190.82246,0.0,0.0,0.0,0.0,0.0,-1.5707964,0.0
1970-01-01 00:00:00.134692556,0.134692556,0.0,0.0,100.272964,0.0,0.0,0.0,0.0,0.0,-1.5707964,0.0
1970-01-01 00:00:00.134792491,0.134792491,0.0,0.0,0.0,426.09784,0.0,0.0,0.0,0.0,-1.5707964,0.0
1970-01-01 00:00:00.134825195,0.134825195,0.0,0.0,0.0,189.4632,0.0,0.0,0.0,0.0,-1.5707964,0.0
1970-01-01 00:00:00.134855942,0.134855942,0.0,0.0,0.0,0.0,0.0,347.8651,0.0,0.0,-1.5707964,0.0
1970-01-01 00:00:00.134891842,0.134891842,0.0,0.0,0.0,0.0,0.0,202.24734,0.0,0.0,-1.5707964,0.0
1970-01-01 00:00:00.134963088,0.134963088,0.0,0.0,495.13586,0.0,0.0,0.0,0.0,0.0,-1.5707964,0.0
1970-01-01 00:00:00.134968575,0.134968575,0.0,0.0,104.273,0.0,0.0,0.0,0.0,0.0,-1.5707964,0.0
1970-01-01 00:00:00.134989980,0.13498998,0.0,0.0,0.0,0.0,626.402,0.0,0.0,0.0,-1.5707964,0.0
1970-01-01 00:00:00.135080034,0.135080034,0.0,89.618675,0.0,0.0,0.0,0.0,0.0,0.0,-1.5707964,0.0
1970-01-01 00:00:00.135089983,0.135089983,0.0,0.0,0.0,0.0,769.451,0.0,0.0,0.0,-1.5707964,0.0
1970-01-01 00:00:00.135089983,0.135089983,0.0,0.0,0.0,780.1904,0.0,0.0,0.0,0.0,-1.5707964,0.0
1970-01-01 00:00:00.135129428,0.135129428,0.0,0.0,0.0,434.56738,0.0,0.0,0.0,0.0,-1.5707964,0.0
1970-01-01 00:00:00.135197976,0.135197976,0.0,0.0,0.0,0.0,616.2692,0.0,0.0,0.0,-1.5707964,0.0
1970-01-01 00:00:00.135229921,0.135229921,0.0,486.17395,0.0,0.0,0.0,0.0,0.0,0.0,-1.5707964,0.0
1970-01-01 00:00:00.135295772,0.135295772,0.0,0.0,0.0,383.3992,0.0,0.0,0.0,0.0,-1.5707964,0.0
1970-01-01 00:00:00.135494475,0.135494475,0.0,125.92212,0.0,0.0,0.0,0.0,0.0,0.0,-1.5707964,0.0
1970-01-01 00:00:00.135517190,0.13551719,0.0,0.0,0.0,0.0,0.0,386.05612,0.0,0.0,-1.5707964,0.0
1970-01-01 00:00:00.135575271,0.135575271,0.0,152.29416,0.0,0.0,0.0,0.0,0.0,0.0,-1.5707964,0.0
1970-01-01 00:00:00.135597971,0.135597971,0.0,0.0,0.0,0.0,119.42882,0.0,0.0,0.0,-1.5707964,0.0
1970-01-01 00:00:00.135728288,0.135728288,0.0,0.0,316.98755,0.0,0.0,0.0,0.0,0.0,-1.5707964,0.0
1970-01-01 00:00:00.136102682,0.136102682,0.0,609.05164,0.0,0.0,0.0,0.0,0.0,0.0,-1.5707964,0.0
1970-01-01 00:00:00.136112876,0.136112876,0.0,0.0,0.0,122.798485,0.0,0.0,0.0,0.0,-1.5707964,0.0
1970-01-01 00:00:00.136123938,0.136123938,0.0,0.0,0.0,0.0,0.0,1881.1642,0.0,0.0,-1.5707964,0.0
1970-01-01 00:00:00.136161655,0.136161655,0.0,957.496,0.0,0.0,0.0,0.0,0.0,0.0,-1.5707964,0.0
1970-01-01 00:00:00.136181609,0.136181609,0.0,1060.1943,0.0,0.0,0.0,0.0,0.0,0.0,-1.5707964,0.0
1970-01-01 00:00:00.136217352,0.136217352,0.0,0.0,0.0,477.83008,0.0,0.0,0.0,0.0,-1.5707964,0.0
1970-01-01 00:00:00.136238004,0.136238004,0.0,0.0,0.0,0.0,0.0,178.25414,0.0,0.0,-1.5707964,0.0
1970-01-01 00:00:00.136298733,0.136298733,0.0,0.0,92.208885,0.0,0.0,0.0,0.0,0.0,-1.5707964,0.0
1970-01-01 00:00:00.136344679,0.136344679,0.0,386.54626,0.0,0.0,0.0,0.0,0.0,0.0,-1.5707964,0.0
1970-01-01 00:00:00.136458942,0.136458942,0.0,0.0,234.7255,0.0,0.0,0.0,0.0,0.0,-1.5707964,0.0
1970-01-01 00:00:00.136545242,0.136545242,0.0,0.0,271.2566,0.0,0.0,0.0,0.0,0.0,-1.5707964,0.0
1970-01-01 00:00:00.136711901,0.136711901,0.0,0.0,0.0,403.2135,0.0,0.0,0.0,0.0,-1.5707964,0.0
1970-01-01 00:00:00.136750933,0.136750933,0.0,0.0,87.04078,0.0,0.0,0.0,0.0,0.0,-1.5707964,0.0
1970-01-01 00:00:00.136751741,0.136751741,0.0,0.0,0.0,988.0573,0.0,0.0,0.0,0.0,-1.5707964,0.0
1970-01-01 00:00:00.136875174,0.136875174,0.0,0.0,0.0,0.0,0.0,295.44812,0.0,0.0,-1.5707964,0.0
1970-01-01 00:00:00.136909977,0.136909977,0.0,0.0,248.65385,0.0,0.0,0.0,0.0,0.0,-1.5707964,0.0
1970-01-01 00:00:00.136914266,0.136914266,0.0,0.0,175.89438,0.0,0.0,0.0,0.0,0.0,-1.5707964,0.0
1970-01-01 00:00:00.136932243,0.136932243,0.0,0.0,0.0,191.14561,0.0,0.0,0.0,0.0,-1.5707964,0.0
1970-01-01 00:00:00.136945070,0.13694507,0.0,0.0,234.8192,0.0,0.0,0.0,0.0,0.0,-1.5707964,0.0
1970-01-01 00:00:00.136960941,0.136960941,0.0,0.0,549.32776,0.0,0.0,0.0,0.0,0.0,-1.5707964,0.0
1970-01-01 00:00:00.137210903,0.137210903,203.44475,0.0,0.0,0.0,0.0,0.0,0.0,0.0,-1.5707964,0.0
1970-01-01 00:00:00.137231195,0.137231195,0.0,0.0,0.0,0.0,336.29276,0.0,0.0,0.0,-1.5707964,0.0
1970-01-01 00:00:00.137276234,0.137276234,0.0,0.0,306.7686,0.0,0.0,0.0,0.0,0.0,-1.5707964,0.0
1970-01-01 00:00:00.137278839,0.137278839,0.0,0.0,0.0,0.0,143.3273,0.0,0.0,0.0,-1.5707964,0.0
1970-01-01 00:00:00.137295623,0.137295623,0.0,0.0,0.0,534.79425,0.0,0.0,0.0,0.0,-1.5707964,0.0
1970-01-01 00:00:00.137304793,0.137304793,0.0,0.0,0.0,216.88943,0.0,0.0,0.0,0.0,-1.5707964,0.0
1970-01-01 00:00:00.137356637,0.137356637,0.0,0.0,0.0,0.0,0.0,868.42737,0.0,0.0,-1.5707964,0.0
1970-01-01 00:00:00.137480170,0.13748017,0.0,590.35144,0.0,0.0,0.0,0.0,0.0,0.0,-1.5707964,0.0
1970-01-01 00:00:00.137565101,0.137565101,0.0,0.0,0.0,0.0,99.43067,0.0,0.0,0.0,-1.5707964,0.0
1970-01-01 00:00:00.137597494,0.137597494,0.0,0.0,0.0,0.0,1023.872,0.0,0.0,0.0,-1.5707964,0.0
1970-01-01 00:00:00.137644303,0.137644303,0.0,0.0,0.0,371.24875,0.0,0.0,0.0,0.0,-1.5707964,0.0
1970-01-01 00:00:00.137710525,0.137710525,0.0,130.28448,0.0,0.0,0.0,0.0,0.0,0.0,-1.5707964,0.0
1970-01-01 00:00:00.137897688,0.137897688,0.0,851.7615,0.0,0.0,0.0,0.0,0.0,0.0,-1.5707964,0.0
1970-01-01 00:00:00.137897688,0.137897688,0.0,0.0,0.0,0.0,587.51215,0.0,0.0,0.0,-1.5707964,0.0
1970-01-01 00:00:00.138049465,0.138049465,0.0,0.0,0.0,0.0,0.0,216.86082,0.0,0.0,-1.5707964,0.0
1970-01-01 00:00:00.138147674,0.138147674,0.0,0.0,983.79065,0.0,0.0,0.0,0.0,0.0,-1.5707964,0.0
1970-01-01 00:00:00.138275077,0.138275077,0.0,0.0,135.31694,0.0,0.0,0.0,0.0,0.0,-1.5707964,0.0
1970-01-01 00:00:00.138381369,0.138381369,0.0,0.0,0.0,1980.5479,0.0,0.0,0.0,0.0,-1.5707964,0.0
1970-01-01 00:00:00.138423756,0.138423756,0.0,0.0,0.0,0.0,0.0,400.84677,0.0,0.0,-1.5707964,0.0
1970-01-01 00:00:00.138493974,0.138493974,0.0,0.0,0.0,0.0,1017.77545,0.0,0.0,0.0,-1.5707964,0.0
1970-01-01 00:00:00.138636781,0.138636781,0.0,0.0,0.0,441.41318,0.0,0.0,0.0,0.0,-1.5707964,0.0
1970-01-01 00:00:00.138722754,0.138722754,0.0,0.0,0.0,723.1022,0.0,0.0,0.0,0.0,-1.5707964,0.0
1970-01-01 00:00:00.138740335,0.138740335,0.0,0.0,568.2227,0.0,0.0,0.0,0.0,0.0,-1.5707964,0.0
1970-01-01 00:00:00.138745977,0.138745977,0.0,0.0,0.0,0.0,0.0,686.7566,0.0,0.0,-1.5707964,0.0
1970-01-01 00:00:00.138794183,0.138794183,0.0,0.0,0.0,0.0,107.19315,0.0,0.0,0.0,-1.5707964,0.0
1970-01-01 00:00:00.138826283,0.138826283,0.0,278.37976,0.0,0.0,0.0,0.0,0.0,0.0,-1.5707964,0.0
1970-01-01 00:00:00.139001926,0.139001926,0.0,0.0,282.57025,0.0,0.0,0.0,0.0,0.0,-1.5707964,0.0
1970-01-01 00:00:00.139062321,0.139062321,0.0,0.0,371.709,0.0,0.0,0.0,0.0,0.0,-1.5707964,0.0
1970-01-01 00:00:00.139098628,0.139098628,0.0,0.0,0.0,195.5485,0.0,0.0,0.0,0.0,-1.5707964,0.0
1970-01-01 00:00:00.139151203,0.139151203,0.0,0.0,0.0,229.15613,0.0,0.0,0.0,0.0,-1.5707964,0.0
1970-01-01 00:00:00.139241654,0.139241654,0.0,0.0,0.0,132.57632,0.0,0.0,0.0,0.0,-1.5707964,0.0
1970-01-01 00:00:00.139244886,0.139244886,0.0,0.0,454.82803,0.0,0.0,0.0,0.0,0.0,-1.5707964,0.0
1970-01-01 00:00:00.139257771,0.139257771,0.0,0.0,0.0,617.55164,0.0,0.0,0.0,0.0,-1.5707964,0.0
1970-01-01 00:00:00.139273352,0.139273352,0.0,0.0,0.0,888.75006,0.0,0.0,0.0,0.0,-1.5707964,0.0
1970-01-01 00:00:00.139367722,0.139367722,0.0,0.0,0.0,0.0,95.5148,0.0,0.0,0.0,-1.5707964,0.0
1970-01-01 00:00:00.139400415,0.139400415,0.0,0.0,0.0,0.0,251.48402,0.0,0.0,0.0,-1.5707964,0.0
1970-01-01 00:00:00.139511151,0.139511151,0.0,0.0,0.0,0.0,2417.8352,0.0,0.0,0.0,-1.5707964,0.0
1970-01-01 00:00:00.139512379,0.139512379,0.0,0.0,341.19913,0.0,0.0,0.0,0.0,0.0,-1.5707964,0.0
1970-01-01 00:00:00.139540900,0.1395409,0.0,0.0,0.0,730.648,0.0,0.0,0.0,0.0,-1.5707964,0.0
1970-01-01 00:00:00.139629016,0.139629016,0.0,504.59457,0.0,0.0,0.0,0.0,0.0,0.0,-1.5707964,0.0
1970-01-01 00:00:00.139672675,0.139672675,0.0,0.0,708.0675,0.0,0.0,0.0,0.0,0.0,-1.5707964,0.0
1970-01-01 00:00:00.139770684,0.139770684,0.0,0.0,0.0,0.0,0.0,157.9507,0.0,0.0,-1.5707964,0.0
1970-01-01 00:00:00.139794842,0.139794842,0.0,0.0,94.13316,0.0,0.0,0.0,0.0,0.0,-1.5707964,0.0
1970-01-01 00:00:00.139815429,0.139815429,0.0,0.0,131.02162,0.0,0.0,0.0,0.0,0.0,-1.5707964,0.0
1970-01-01 00:00:00.139980199,0.139980199,0.0,0.0,0.0,195.31538,0.0,0.0,0.0,0.0,-1.5707964,0.0
1970-01-01 00:00:00.139993927,0.139993927,0.0,0.0,0.0,0.0,0.0,125.36772,0.0,0.0,-1.5707964,0.0
1970-01-01 00:00:00.140006650,0.14000665,0.0,0.0,0.0,0.0,551.7827,0.0,0.0,0.0,-1.5707964,0.0
1970-01-01 00:00:00.140022499,0.140022499,0.0,0.0,0.0,103.91056,0.0,0.0,0.0,0.0,-1.5707964,0.0
1970-01-01 00:00:00.140048277,0.140048277,0.0,0.0,242.30157,0.0,0.0,0.0,0.0,0.0,-1.5707964,0.0
1970-01-01 00:00:00.140148543,0.140148543,0.0,0.0,475.7986,0.0,0.0,0.0,0.0,0.0,-1.5707964,0.0
1970-01-01 00:00:00.140169831,0.140169831,0.0,0.0,0.0,0.0,0.0,375.13522,0.0,0.0,-1.5707964,0.0
1970-01-01 00:00:00.140191928,0.140191928,0.0,0.0,0.0,159.71606,0.0,0.0,0.0,0.0,-1.5707964,0.0
1970-01-01 00:00:00.140245501,0.140245501,0.0,0.0,0.0,626.1992,0.0,0.0,0.0,0.0,-1.5707964,0.0
1970-01-01 00:00:00.140301214,0.140301214,0.0,0.0,0.0,263.56293,0.0,0.0,0.0,0.0,-1.5707964,0.0
1970-01-01 00:00:00.140340862,0.140340862,0.0,0.0,0.0,2194.2717,0.0,0.0,0.0,0.0,-1.5707964,0.0
1970-01-01 00:00:00.140436734,0.140436734,0.0,0.0,188.4993,0.0,0.0,0.0,0.0,0.0,-1.5707964,0.0
1970-01-01 00:00:00.140452358,0.140452358,0.0,0.0,549.69366,0.0,0.0,0.0,0.0,0.0,-1.5707964,0.0
1970-01-01 00:00:00.140516023,0.140516023,0.0,0.0,307.79865,0.0,0.0,0.0,0.0,0.0,-1.5707964,0.0
1970-01-01 00:00:00.140520289,0.140520289,0.0,0.0,348.70966,0.0,0.0,0.0,0.0,0.0,-1.5707964,0.0
1970-01-01 00:00:00.140663603,0.140663603,0.0,0.0,708.8011,0.0,0.0,0.0,0.0,0.0,-1.5707964,0.0
1970-01-01 00:00:00.140669531,0.140669531,0.0,839.2297,0.0,0.0,0.0,0.0,0.0,0.0,-1.5707964,0.0
1970-01-01 00:00:00.140685464,0.140685464,0.0,0.0,0.0,404.6158,0.0,0.0,0.0,0.0,-1.5707964,0.0
1970-01-01 00:00:00.140696798,0.140696798,0.0,0.0,0.0,135.46654,0.0,0.0,0.0,0.0,-1.5707964,0.0
1970-01-01 00:00:00.140773650,0.14077365,0.0,0.0,0.0,0.0,143.7283,0.0,0.0,0.0,-1.5707964,0.0
1970-01-01 00:00:00.140828702,0.140828702,0.0,0.0,0.0,0.0,243.9342,0.0,0.0,0.0,-1.5707964,0.0
1970-01-01 00:00:00.140845796,0.140845796,0.0,0.0,677.6927,0.0,0.0,0.0,0.0,0.0,-1.5707964,0.0
1970-01-01 00:00:00.140852142,0.140852142,0.0,0.0,198.31729,0.0,0.0,0.0,0.0,0.0,-1.5707964,0.0
1970-01-01 00:00:00.140946909,0.140946909,0.0,0.0,0.0,0.0,275.05038,0.0,0.0,0.0,-1.5707964,0.0
1970-01-01 00:00:00.141046351,0.141046351,0.0,0.0,557.0075,0.0,0.0,0.0,0.0,0.0,-1.5707964,0.0
1970-01-01 00:00:00.141139312,0.141139312,0.0,0.0,0.0,189.68571,0.0,0.0,0.0,0.0,-1.5707964,0.0
1970-01-01 00:00:00.141229665,0.141229665,0.0,0.0,1303.4742,0.0,0.0,0.0,0.0,0.0,-1.5707964,0.0
1970-01-01 00:00:00.141251302,0.141251302,0.0,0.0,0.0,570.51996,0.0,0.0,0.0,0.0,-1.5707964,0.0
1970-01-01 00:00:00.141297136,0.141297136,0.0,0.0,0.0,777.66077,0.0,0.0,0.0,0.0,-1.5707964,0.0
1970-01-01 00:00:00.141373857,0.141373857,0.0,0.0,0.0,0.0,190.97314,0.0,0.0,0.0,-1.5707964,0.0
1970-01-01 00:00:00.141410155,0.141410155,0.0,0.0,0.0,0.0,0.0,167.28047,0.0,0.0,-1.5707964,0.0
1970-01-01 00:00:00.141452026,0.141452026,0.0,1440.8591,0.0,0.0,0.0,0.0,0.0,0.0,-1.5707964,0.0
1970-01-01 00:00:00.141453301,0.141453301,0.0,0.0,0.0,171.48413,0.0,0.0,0.0,0.0,-1.5707964,0.0
1970-01-01 00:00:00.141539240,0.14153924,0.0,0.0,332.882,0.0,0.0,0.0,0.0,0.0,-1.5707964,0.0
1970-01-01 00:00:00.141595869,0.141595869,0.0,0.0,0.0,506.30948,0.0,0.0,0.0,0.0,-1.5707964,0.0
1970-01-01 00:00:00.141600872,0.141600872,0.0,0.0,0.0,3284.7546,0.0,0.0,0.0,0.0,-1.5707964,0.0
1970-01-01 00:00:00.141636899,0.141636899,0.0,0.0,0.0,0.0,513.2681,0.0,0.0,0.0,-1.5707964,0.0
1970-01-01 00:00:00.141636899,0.141636899,0.0,0.0,0.0,2697.043,0.0,0.0,0.0,0.0,-1.5707964,0.0
1970-01-01 00:00:00.141671468,0.141671468,0.0,0.0,0.0,230.06761,0.0,0.0,0.0,0.0,-1.5707964,0.0
1970-01-01 00:00:00.141821545,0.141821545,146.01007,0.0,0.0,0.0,0.0,0.0,0.0,0.0,-1.5707964,0.0
1970-01-01 00:00:00.141828154,0.141828154,0.0,139.86365,0.0,0.0,0.0,0.0,0.0,0.0,-1.5707964,0.0
1970-01-01 00:00:00.142052585,0.142052585,0.0,0.0,0.0,0.0,611.9738,0.0,0.0,0.0,-1.5707964,0.0
1970-01-01 00:00:00.142129767,0.142129767,0.0,0.0,0.0,0.0,0.0,217.0709,0.0,0.0,-1.5707964,0.0
1970-01-01 00:00:00.142179054,0.142179054,0.0,0.0,0.0,0.0,0.0,291.06482,0.0,0.0,-1.5707964,0.0
1970-01-01 00:00:00.142195166,0.142195166,0.0,0.0,0.0,0.0,0.0,143.70302,0.0,0.0,-1.5707964,0.0
1970-01-01 00:00:00.142207139,0.142207139,0.0,0.0,123.76522,0.0,0.0,0.0,0.0,0.0,-1.5707964,0.0
1970-01-01 00:00:00.142473808,0.142473808,0.0,0.0,0.0,0.0,152.6491,0.0,0.0,0.0,-1.5707964,0.0
1970-01-01 00:00:00.142486849,0.142486849,0.0,0.0,0.0,0.0,1500.6426,0.0,0.0,0.0,-1.5707964,0.0
1970-01-01 00:00:00.142613984,0.142613984,0.0,0.0,220.71666,0.0,0.0,0.0,0.0,0.0,-1.5707964,0.0
1970-01-01 00:00:00.142671370,0.14267137,0.0,0.0,0.0,120.50563,0.0,0.0,0.0,0.0,-1.5707964,0.0
1970-01-01 00:00:00.143148484,0.143148484,0.0,0.0,0.0,312.4738,0.0,0.0,0.0,0.0,-1.5707964,0.0
1970-01-01 00:00:00.143149238,0.143149238,0.0,0.0,0.0,251.33998,0.0,0.0,0.0,0.0,-1.5707964,0.0
1970-01-01 00:00:00.143197919,0.143197919,0.0,0.0,186.64558,0.0,0.0,0.0,0.0,0.0,-1.5707964,0.0
1970-01-01 00:00:00.143248765,0.143248765,0.0,0.0,514.56573,0.0,0.0,0.0,0.0,0.0,-1.5707964,0.0
1970-01-01 00:00:00.143311345,0.143311345,0.0,0.0,0.0,456.21555,0.0,0.0,0.0,0.0,-1.5707964,0.0
1970-01-01 00:00:00.143542161,0.143542161,0.0,129.49115,0.0,0.0,0.0,0.0,0.0,0.0,-1.5707964,0.0
1970-01-01 00:00:00.143598618,0.143598618,0.0,0.0,0.0,0.0,0.0,577.9223,0.0,0.0,-1.5707964,0.0
1970-01-01 00:00:00.143637020,0.14363702,0.0,0.0,0.0,212.2302,0.0,0.0,0.0,0.0,-1.5707964,0.0
1970-01-01 00:00:00.143659054,0.143659054,0.0,0.0,0.0,0.0,182.05222,0.0,0.0,0.0,-1.5707964,0.0
1970-01-01 00:00:00.143659389,0.143659389,0.0,84.970245,0.0,0.0,0.0,0.0,0.0,0.0,-1.5707964,0.0
1970-01-01 00:00:00.143697800,0.1436978,0.0,0.0,0.0,0.0,819.7504,0.0,0.0,0.0,-1.5707964,0.0
1970-01-01 00:00:00.143697809,0.143697809,0.0,0.0,1477.8829,0.0,0.0,0.0,0.0,0.0,-1.5707964,0.0
1970-01-01 00:00:00.143767055,0.143767055,0.0,0.0,631.9735,0.0,0.0,0.0,0.0,0.0,-1.5707964,0.0
1970-01-01 00:00:00.143767055,0.143767055,0.0,0.0,0.0,158.65631,0.0,0.0,0.0,0.0,-1.5707964,0.0
1970-01-01 00:00:00.143804944,0.143804944,0.0,0.0,0.0,1066.4633,0.0,0.0,0.0,0.0,-1.5707964,0.0
1970-01-01 00:00:00.143832685,0.143832685,0.0,1480.7201,0.0,0.0,0.0,0.0,0.0,0.0,-1.5707964,0.0
1970-01-01 00:00:00.143832685,0.143832685,0.0,0.0,0.0,281.4227,0.0,0.0,0.0,0.0,-1.5707964,0.0
1970-01-01 00:00:00.143850784,0.143850784,0.0,0.0,0.0,2530.8293,0.0,0.0,0.0,0.0,-1.5707964,0.0
1970-01-01 00:00:00.143925397,0.143925397,0.0,0.0,0.0,0.0,0.0,3059.3745,0.0,0.0,-1.5707964,0.0
1970-01-01 00:00:00.144036938,0.144036938,0.0,0.0,0.0,0.0,0.0,400.3251,0.0,0.0,-1.5707964,0.0
1970-01-01 00:00:00.144092891,0.144092891,0.0,0.0,440.74677,0.0,0.0,0.0,0.0,0.0,-1.5707964,0.0
1970-01-01 00:00:00.144145907,0.144145907,0.0,0.0,0.0,580.47015,0.0,0.0,0.0,0.0,-1.5707964,0.0
1970-01-01 00:00:00.144225597,0.144225597,0.0,0.0,96.85171,0.0,0.0,0.0,0.0,0.0,-1.5707964,0.0
1970-01-01 00:00:00.144282196,0.144282196,0.0,0.0,0.0,0.0,182.0254,0.0,0.0,0.0,-1.5707964,0.0
1970-01-01 00:00:00.144293822,0.144293822,136.99254,0.0,0.0,0.0,0.0,0.0,0.0,0.0,-1.5707964,0.0
1970-01-01 00:00:00.144294491,0.144294491,0.0,0.0,0.0,99.570946,0.0,0.0,0.0,0.0,-1.5707964,0.0
1970-01-01 00:00:00.144320949,0.144320949,0.0,0.0,2872.2007,0.0,0.0,0.0,0.0,0.0,-1.5707964,0.0
1970-01-01 00:00:00.144326834,0.144326834,0.0,0.0,0.0,223.35678,0.0,0.0,0.0,0.0,-1.5707964,0.0
1970-01-01 00:00:00.144376769,0.144376769,209.0791,0.0,0.0,0.0,0.0,0.0,0.0,0.0,-1.5707964,0.0
1970-01-01 00:00:00.144398317,0.144398317,0.0,0.0,571.9414,0.0,0.0,0.0,0.0,0.0,-1.5707964,0.0
1970-01-01 00:00:00.144443661,0.144443661,0.0,0.0,2464.5247,0.0,0.0,0.0,0.0,0.0,-1.5707964,0.0
1970-01-01 00:00:00.144476442,0.144476442,0.0,0.0,0.0,496.4814,0.0,0.0,0.0,0.0,-1.5707964,0.0
1970-01-01 00:00:00.144540822,0.144540822,0.0,0.0,0.0,460.8272,0.0,0.0,0.0,0.0,-1.5707964,0.0
1970-01-01 00:00:00.144682531,0.144682531,0.0,0.0,0.0,107.37717,0.0,0.0,0.0,0.0,-1.5707964,0.0
1970-01-01 00:00:00.144682580,0.14468258,0.0,0.0,0.0,1264.8307,0.0,0.0,0.0,0.0,-1.5707964,0.0
1970-01-01 00:00:00.144705231,0.144705231,0.0,0.0,0.0,0.0,0.0,1370.8938,0.0,0.0,-1.5707964,0.0
1970-01-01 00:00:00.144808161,0.144808161,0.0,0.0,0.0,0.0,135.4042,0.0,0.0,0.0,-1.5707964,0.0
1970-01-01 00:00:00.145011326,0.145011326,0.0,750.5764,0.0,0.0,0.0,0.0,0.0,0.0,-1.5707964,0.0
1970-01-01 00:00:00.145034877,0.145034877,0.0,0.0,0.0,958.19916,0.0,0.0,0.0,0.0,-1.5707964,0.0
1970-01-01 00:00:00.145041917,0.145041917,0.0,185.35258,0.0,0.0,0.0,0.0,0.0,0.0,-1.5707964,0.0
1970-01-01 00:00:00.145041917,0.145041917,0.0,2219.4478,0.0,0.0,0.0,0.0,0.0,0.0,-1.5707964,0.0
1970-01-01 00:00:00.145140874,0.145140874,0.0,0.0,82.4904,0.0,0.0,0.0,0.0,0.0,-1.5707964,0.0
1970-01-01 00:00:00.145149889,0.145149889,0.0,0.0,594.8535,0.0,0.0,0.0,0.0,0.0,-1.5707964,0.0
1970-01-01 00:00:00.145164152,0.145164152,0.0,0.0,0.0,107.639206,0.0,0.0,0.0,0.0,-1.5707964,0.0
1970-01-01 00:00:00.145217667,0.145217667,321.11496,0.0,0.0,0.0,0.0,0.0,0.0,0.0,-1.5707964,0.0
1970-01-01 00:00:00.145295721,0.145295721,0.0,0.0,0.0,112.29122,0.0,0.0,0.0,0.0,-1.5707964,0.0
1970-01-01 00:00:00.145345953,0.145345953,0.0,0.0,0.0,0.0,0.0,309.2415,0.0,0.0,-1.5707964,0.0
1970-01-01 00:00:00.145345953,0.145345953,0.0,0.0,0.0,0.0,0.0,1731.5281,0.0,0.0,-1.5707964,0.0
1970-01-01 00:00:00.145403603,0.145403603,0.0,0.0,615.5422,0.0,0.0,0.0,0.0,0.0,-1.5707964,0.0
1970-01-01 00:00:00.145420723,0.145420723,0.0,0.0,444.19507,0.0,0.0,0.0,0.0,0.0,-1.5707964,0.0
1970-01-01 00:00:00.145457319,0.145457319,0.0,241.56866,0.0,0.0,0.0,0.0,0.0,0.0,-1.5707964,0.0
1970-01-01 00:00:00.145553215,0.145553215,0.0,186.71365,0.0,0.0,0.0,0.0,0.0,0.0,-1.5707964,0.0
1970-01-01 00:00:00.145698611,0.145698611,0.0,0.0,0.0,0.0,159.91829,0.0,0.0,0.0,-1.5707964,0.0
1970-01-01 00:00:00.145775236,0.145775236,0.0,0.0,476.49994,0.0,0.0,0.0,0.0,0.0,-1.5707964,0.0
1970-01-01 00:00:00.145791655,0.145791655,0.0,0.0,677.9309,0.0,0.0,0.0,0.0,0.0,-1.5707964,0.0
1970-01-01 00:00:00.145816248,0.145816248,0.0,165.43327,0.0,0.0,0.0,0.0,0.0,0.0,-1.5707964,0.0
1970-01-01 00:00:00.145832149,0.145832149,0.0,0.0,0.0,147.07379,0.0,0.0,0.0,0.0,-1.5707964,0.0
1970-01-01 00:00:00.145879725,0.145879725,0.0,0.0,0.0,1887.1357,0.0,0.0,0.0,0.0,-1.5707964,0.0
1970-01-01 00:00:00.145894628,0.145894628,0.0,1291.6002,0.0,0.0,0.0,0.0,0.0,0.0,-1.5707964,0.0
1970-01-01 00:00:00.145953562,0.145953562,0.0,0.0,0.0,0.0,2308.869,0.0,0.0,0.0,-1.5707964,0.0
1970-01-01 00:00:00.145962588,0.145962588,0.0,0.0,0.0,131.39487,0.0,0.0,0.0,0.0,-1.5707964,0.0
1970-01-01 00:00:00.145978049,0.145978049,0.0,379.9757,0.0,0.0,0.0,0.0,0.0,0.0,-1.5707964,0.0
1970-01-01 00:00:00.145978049,0.145978049,0.0,0.0,0.0,0.0,276.98105,0.0,0.0,0.0,-1.5707964,0.0
1970-01-01 00:00:00.145978049,0.145978049,0.0,0.0,0.0,260.40866,0.0,0.0,0.0,0.0,-1.5707964,0.0
1970-01-01 00:00:00.146013910,0.14601391,0.0,0.0,405.52002,0.0,0.0,0.0,0.0,0.0,-1.5707964,0.0
1970-01-01 00:00:00.146020438,0.146020438,0.0,0.0,0.0,143.45016,0.0,0.0,0.0,0.0,-1.5707964,0.0
1970-01-01 00:00:00.146061174,0.146061174,0.0,0.0,0.0,0.0,0.0,1668.671,0.0,0.0,-1.5707964,0.0
1970-01-01 00:00:00.146061174,0.146061174,0.0,0.0,0.0,186.3614,0.0,0.0,0.0,0.0,-1.5707964,0.0
1970-01-01 00:00:00.146075401,0.146075401,146.38353,0.0,0.0,0.0,0.0,0.0,0.0,0.0,-1.5707964,0.0
1970-01-01 00:00:00.146121548,0.146121548,0.0,0.0,0.0,0.0,0.0,164.74146,0.0,0.0,-1.5707964,0.0
1970-01-01 00:00:00.146221193,0.146221193,0.0,0.0,390.41992,0.0,0.0,0.0,0.0,0.0,-1.5707964,0.0
1970-01-01 00:00:00.146286289,0.146286289,0.0,0.0,0.0,0.0,0.0,205.02199,0.0,0.0,-1.5707964,0.0
1970-01-01 00:00:00.146344242,0.146344242,0.0,203.23793,0.0,0.0,0.0,0.0,0.0,0.0,-1.5707964,0.0
1970-01-01 00:00:00.146443258,0.146443258,0.0,0.0,712.37555,0.0,0.0,0.0,0.0,0.0,-1.5707964,0.0
1970-01-01 00:00:00.146501458,0.146501458,0.0,0.0,0.0,226.0184,0.0,0.0,0.0,0.0,-1.5707964,0.0
1970-01-01 00:00:00.146545337,0.146545337,0.0,0.0,1278.1534,0.0,0.0,0.0,0.0,0.0,-1.5707964,0.0
1970-01-01 00:00:00.146564120,0.14656412,0.0,0.0,0.0,323.2464,0.0,0.0,0.0,0.0,-1.5707964,0.0
1970-01-01 00:00:00.146618962,0.146618962,0.0,294.14966,0.0,0.0,0.0,0.0,0.0,0.0,-1.5707964,0.0
1970-01-01 00:00:00.146645984,0.146645984,0.0,0.0,0.0,0.0,0.0,264.54218,0.0,0.0,-1.5707964,0.0
1970-01-01 00:00:00.146789800,0.1467898,0.0,0.0,0.0,0.0,0.0,204.04866,0.0,0.0,-1.5707964,0.0
1970-01-01 00:00:00.146816197,0.146816197,0.0,0.0,0.0,2580.4675,0.0,0.0,0.0,0.0,-1.5707964,0.0
1970-01-01 00:00:00.146820702,0.146820702,0.0,274.73102,0.0,0.0,0.0,0.0,0.0,0.0,-1.5707964,0.0
1970-01-01 00:00:00.146979345,0.146979345,0.0,0.0,0.0,515.7884,0.0,0.0,0.0,0.0,-1.5707964,0.0
1970-01-01 00:00:00.147010152,0.147010152,138.43196,0.0,0.0,0.0,0.0,0.0,0.0,0.0,-1.5707964,0.0
1970-01-01 00:00:00.147357524,0.147357524,0.0,790.22485,0.0,0.0,0.0,0.0,0.0,0.0,-1.5707964,0.0
1970-01-01 00:00:00.147359678,0.147359678,0.0,0.0,348.3074,0.0,0.0,0.0,0.0,0.0,-1.5707964,0.0
1970-01-01 00:00:00.147385485,0.147385485,0.0,0.0,0.0,0.0,241.87259,0.0,0.0,0.0,-1.5707964,0.0
1970-01-01 00:00:00.147390187,0.147390187,0.0,0.0,0.0,104.59677,0.0,0.0,0.0,0.0,-1.5707964,0.0
1970-01-01 00:00:00.147397998,0.147397998,0.0,0.0,226.68858,0.0,0.0,0.0,0.0,0.0,-1.5707964,0.0
1970-01-01 00:00:00.147526411,0.147526411,0.0,0.0,0.0,0.0,0.0,253.6575,0.0,0.0,-1.5707964,0.0
1970-01-01 00:00:00.147529640,0.14752964,0.0,0.0,395.92645,0.0,0.0,0.0,0.0,0.0,-1.5707964,0.0
1970-01-01 00:00:00.147570085,0.147570085,0.0,0.0,148.63498,0.0,0.0,0.0,0.0,0.0,-1.5707964,0.0
1970-01-01 00:00:00.147607445,0.147607445,0.0,0.0,394.58795,0.0,0.0,0.0,0.0,0.0,-1.5707964,0.0
1970-01-01 00:00:00.147671188,0.147671188,0.0,0.0,0.0,0.0,270.4874,0.0,0.0,0.0,-1.5707964,0.0
1970-01-01 00:00:00.147764903,0.147764903,459.10007,0.0,0.0,0.0,0.0,0.0,0.0,0.0,-1.5707964,0.0
1970-01-01 00:00:00.147816200,0.1478162,0.0,0.0,0.0,0.0,0.0,468.37112,0.0,0.0,-1.5707964,0.0
1970-01-01 00:00:00.147835680,0.14783568,0.0,0.0,0.0,275.35538,0.0,0.0,0.0,0.0,-1.5707964,0.0
1970-01-01 00:00:00.148055819,0.148055819,0.0,0.0,0.0,82.60884,0.0,0.0,0.0,0.0,-1.5707964,0.0
1970-01-01 00:00:00.148057429,0.148057429,0.0,0.0,0.0,640.98444,0.0,0.0,0.0,0.0,-1.5707964,0.0
1970-01-01 00:00:00.148067733,0.148067733,0.0,0.0,0.0,0.0,0.0,601.29675,0.0,0.0,-1.5707964,0.0
1970-01-01 00:00:00.148114179,0.148114179,0.0,0.0,0.0,163.10808,0.0,0.0,0.0,0.0,-1.5707964,0.0
1970-01-01 00:00:00.148314880,0.14831488,0.0,0.0,0.0,0.0,128.82956,0.0,0.0,0.0,-1.5707964,0.0
1970-01-01 00:00:00.148470197,0.148470197,0.0,0.0,2089.4363,0.0,0.0,0.0,0.0,0.0,-1.5707964,0.0
1970-01-01 00:00:00.148486245,0.148486245,0.0,0.0,0.0,86.99629,0.0,0.0,0.0,0.0,-1.5707964,0.0
1970-01-01 00:00:00.148603545,0.148603545,0.0,0.0,0.0,423.10858,0.0,0.0,0.0,0.0,-1.5707964,0.0
1970-01-01 00:00:00.148629165,0.148629165,0.0,0.0,399.0394,0.0,0.0,0.0,0.0,0.0,-1.5707964,0.0
1970-01-01 00:00:00.148649194,0.148649194,0.0,0.0,0.0,83.17105,0.0,0.0,0.0,0.0,-1.5707964,0.0
1970-01-01 00:00:00.148662934,0.148662934,0.0,0.0,0.0,183.23228,0.0,0.0,0.0,0.0,-1.5707964,0.0
1970-01-01 00:00:00.148678574,0.148678574,0.0,0.0,0.0,192.70047,0.0,0.0,0.0,0.0,-1.5707964,0.0
1970-01-01 00:00:00.148725261,0.148725261,0.0,0.0,0.0,546.4895,0.0,0.0,0.0,0.0,-1.5707964,0.0
1970-01-01 00:00:00.148746592,0.148746592,0.0,0.0,0.0,268.41418,0.0,0.0,0.0,0.0,-1.5707964,0.0
1970-01-01 00:00:00.148777216,0.148777216,0.0,91.26023,0.0,0.0,0.0,0.0,0.0,0.0,-1.5707964,0.0
1970-01-01 00:00:00.148789736,0.148789736,0.0,0.0,153.94304,0.0,0.0,0.0,0.0,0.0,-1.5707964,0.0
1970-01-01 00:00:00.148827377,0.148827377,0.0,0.0,0.0,324.5442,0.0,0.0,0.0,0.0,-1.5707964,0.0
1970-01-01 00:00:00.148859748,0.148859748,0.0,0.0,0.0,519.30725,0.0,0.0,0.0,0.0,-1.5707964,0.0
1970-01-01 00:00:00.148874697,0.148874697,0.0,0.0,0.0,0.0,0.0,347.5898,0.0,0.0,-1.5707964,0.0
1970-01-01 00:00:00.149005476,0.149005476,0.0,0.0,2017.0593,0.0,0.0,0.0,0.0,0.0,-1.5707964,0.0
1970-01-01 00:00:00.149011649,0.149011649,0.0,0.0,0.0,1924.07,0.0,0.0,0.0,0.0,-1.5707964,0.0
1970-01-01 00:00:00.149089993,0.149089993,0.0,0.0,0.0,579.16504,0.0,0.0,0.0,0.0,-1.5707964,0.0
1970-01-01 00:00:00.149132360,0.14913236,0.0,462.617,0.0,0.0,0.0,0.0,0.0,0.0,-1.5707964,0.0
1970-01-01 00:00:00.149475657,0.149475657,0.0,0.0,0.0,0.0,0.0,475.3775,0.0,0.0,-1.5707964,0.0
1970-01-01 00:00:00.149603419,0.149603419,0.0,0.0,181.71222,0.0,0.0,0.0,0.0,0.0,-1.5707964,0.0
1970-01-01 00:00:00.149616511,0.149616511,0.0,0.0,0.0,0.0,176.63226,0.0,0.0,0.0,-1.5707964,0.0
1970-01-01 00:00:00.149652035,0.149652035,0.0,0.0,0.0,0.0,96.339264,0.0,0.0,0.0,-1.5707964,0.0
1970-01-01 00:00:00.149698162,0.149698162,0.0,0.0,0.0,2613.097,0.0,0.0,0.0,0.0,-1.5707964,0.0
1970-01-01 00:00:00.149720351,0.149720351,0.0,0.0,433.21756,0.0,0.0,0.0,0.0,0.0,-1.5707964,0.0
1970-01-01 00:00:00.149845081,0.149845081,0.0,0.0,0.0,2673.092,0.0,0.0,0.0,0.0,-1.5707964,0.0
1970-01-01 00:00:00.149994796,0.149994796,0.0,0.0,539.9474,0.0,0.0,0.0,0.0,0.0,-1.5707964,0.0
1970-01-01 00:00:00.150025116,0.150025116,0.0,0.0,900.1882,0.0,0.0,0.0,0.0,0.0,-1.5707964,0.0
1970-01-01 00:00:00.150133428,0.150133428,0.0,0.0,5113.305,0.0,0.0,0.0,0.0,0.0,-1.5707964,0.0
1970-01-01 00:00:00.150291224,0.150291224,0.0,0.0,405.22485,0.0,0.0,0.0,0.0,0.0,-1.5707964,0.0
1970-01-01 00:00:00.150328180,0.15032818,0.0,0.0,0.0,609.39154,0.0,0.0,0.0,0.0,-1.5707964,0.0
1970-01-01 00:00:00.150330626,0.150330626,0.0,0.0,0.0,0.0,0.0,642.09454,0.0,0.0,-1.5707964,0.0
1970-01-01 00:00:00.150469244,0.150469244,0.0,0.0,0.0,583.3088,0.0,0.0,0.0,0.0,-1.5707964,0.0
1970-01-01 00:00:00.150536278,0.150536278,0.0,0.0,0.0,0.0,0.0,102.907234,0.0,0.0,-1.5707964,0.0
1970-01-01 00:00:00.150576489,0.150576489,0.0,0.0,0.0,358.25467,0.0,0.0,0.0,0.0,-1.5707964,0.0
1970-01-01 00:00:00.150586650,0.15058665,0.0,0.0,0.0,109.785835,0.0,0.0,0.0,0.0,-1.5707964,0.0
1970-01-01 00:00:00.150770922,0.150770922,0.0,0.0,877.17035,0.0,0.0,0.0,0.0,0.0,-1.5707964,0.0
1970-01-01 00:00:00.150792763,0.150792763,0.0,0.0,0.0,429.6512,0.0,0.0,0.0,0.0,-1.5707964,0.0
1970-01-01 00:00:00.150873463,0.150873463,0.0,0.0,771.8067,0.0,0.0,0.0,0.0,0.0,-1.5707964,0.0
1970-01-01 00:00:00.150923256,0.150923256,0.0,0.0,561.41144,0.0,0.0,0.0,0.0,0.0,-1.5707964,0.0
1970-01-01 00:00:00.150924036,0.150924036,0.0,0.0,0.0,0.0,374.1029,0.0,0.0,0.0,-1.5707964,0.0
1970-01-01 00:00:00.151010788,0.151010788,0.0,0.0,198.23143,0.0,0.0,0.0,0.0,0.0,-1.5707964,0.0
1970-01-01 00:00:00.151022782,0.151022782,0.0,0.0,0.0,0.0,0.0,91.31362,0.0,0.0,-1.5707964,0.0
1970-01-01 00:00:00.151033213,0.151033213,0.0,184.74489,0.0,0.0,0.0,0.0,0.0,0.0,-1.5707964,0.0
1970-01-01 00:00:00.151084956,0.151084956,0.0,0.0,0.0,186.06294,0.0,0.0,0.0,0.0,-1.5707964,0.0
1970-01-01 00:00:00.151104591,0.151104591,0.0,0.0,1168.1184,0.0,0.0,0.0,0.0,0.0,-1.5707964,0.0
1970-01-01 00:00:00.151180142,0.151180142,0.0,99.81456,0.0,0.0,0.0,0.0,0.0,0.0,-1.5707964,0.0
1970-01-01 00:00:00.151180142,0.151180142,0.0,279.06366,0.0,0.0,0.0,0.0,0.0,0.0,-1.5707964,0.0
1970-01-01 00:00:00.151232688,0.151232688,0.0,0.0,0.0,1619.7048,0.0,0.0,0.0,0.0,-1.5707964,0.0
1970-01-01 00:00:00.151299700,0.1512997,0.0,0.0,0.0,0.0,391.36282,0.0,0.0,0.0,-1.5707964,0.0
1970-01-01 00:00:00.151299700,0.1512997,0.0,0.0,0.0,206.03624,0.0,0.0,0.0,0.0,-1.5707964,0.0
1970-01-01 00:00:00.151387444,0.151387444,0.0,431.4409,0.0,0.0,0.0,0.0,0.0,0.0,-1.5707964,0.0
1970-01-01 00:00:00.151388421,0.151388421,0.0,1631.2683,0.0,0.0,0.0,0.0,0.0,0.0,-1.5707964,0.0
1970-01-01 00:00:00.151567762,0.151567762,0.0,0.0,0.0,550.0953,0.0,0.0,0.0,0.0,-1.5707964,0.0
1970-01-01 00:00:00.151674109,0.151674109,0.0,0.0,0.0,627.6706,0.0,0.0,0.0,0.0,-1.5707964,0.0
1970-01-01 00:00:00.151685775,0.151685775,0.0,0.0,1902.3016,0.0,0.0,0.0,0.0,0.0,-1.5707964,0.0
1970-01-01 00:00:00.151710255,0.151710255,0.0,0.0,0.0,0.0,0.0,207.43675,0.0,0.0,-1.5707964,0.0
1970-01-01 00:00:00.151912942,0.151912942,0.0,0.0,0.0,0.0,0.0,223.64569,0.0,0.0,-1.5707964,0.0
1970-01-01 00:00:00.152128281,0.152128281,0.0,0.0,0.0,373.7659,0.0,0.0,0.0,0.0,-1.5707964,0.0
1970-01-01 00:00:00.152129778,0.152129778,0.0,0.0,0.0,111.704575,0.0,0.0,0.0,0.0,-1.5707964,0.0
1970-01-01 00:00:00.152172584,0.152172584,0.0,0.0,0.0,195.48302,0.0,0.0,0.0,0.0,-1.5707964,0.0
1970-01-01 00:00:00.152178705,0.152178705,0.0,0.0,637.9028,0.0,0.0,0.0,0.0,0.0,-1.5707964,0.0
1970-01-01 00:00:00.152322121,0.152322121,0.0,0.0,0.0,101.72433,0.0,0.0,0.0,0.0,-1.5707964,0.0
1970-01-01 00:00:00.152326659,0.152326659,0.0,0.0,0.0,0.0,117.60681,0.0,0.0,0.0,-1.5707964,0.0
1970-01-01 00:00:00.152338133,0.152338133,0.0,0.0,0.0,194.11246,0.0,0.0,0.0,0.0,-1.5707964,0.0
1970-01-01 00:00:00.152351972,0.152351972,0.0,0.0,0.0,500.34515,0.0,0.0,0.0,0.0,-1.5707964,0.0
1970-01-01 00:00:00.152448213,0.152448213,0.0,0.0,0.0,0.0,1634.6083,0.0,0.0,0.0,-1.5707964,0.0
1970-01-01 00:00:00.152478214,0.152478214,0.0,0.0,0.0,0.0,95.722466,0.0,0.0,0.0,-1.5707964,0.0
1970-01-01 00:00:00.152648607,0.152648607,0.0,0.0,0.0,341.15292,0.0,0.0,0.0,0.0,-1.5707964,0.0
1970-01-01 00:00:00.152708434,0.152708434,0.0,0.0,0.0,880.21234,0.0,0.0,0.0,0.0,-1.5707964,0.0
1970-01-01 00:00:00.152765999,0.152765999,0.0,0.0,0.0,0.0,152.33159,0.0,0.0,0.0,-1.5707964,0.0
1970-01-01 00:00:00.152775551,0.152775551,0.0,0.0,0.0,0.0,0.0,180.41078,0.0,0.0,-1.5707964,0.0
1970-01-01 00:00:00.152827244,0.152827244,0.0,0.0,0.0,569.125,0.0,0.0,0.0,0.0,-1.5707964,0.0
1970-01-01 00:00:00.152843212,0.152843212,0.0,0.0,0.0,101.426315,0.0,0.0,0.0,0.0,-1.5707964,0.0
1970-01-01 00:00:00.152879676,0.152879676,0.0,0.0,0.0,3579.454,0.0,0.0,0.0,0.0,-1.5707964,0.0
1970-01-01 00:00:00.152884799,0.152884799,0.0,0.0,0.0,0.0,0.0,454.74033,0.0,0.0,-1.5707964,0.0
1970-01-01 00:00:00.152942382,0.152942382,0.0,0.0,0.0,0.0,372.7772,0.0,0.0,0.0,-1.5707964,0.0
1970-01-01 00:00:00.152944657,0.152944657,0.0,0.0,0.0,691.4299,0.0,0.0,0.0,0.0,-1.5707964,0.0
1970-01-01 00:00:00.152950094,0.152950094,0.0,0.0,0.0,606.76495,0.0,0.0,0.0,0.0,-1.5707964,0.0
1970-01-01 00:00:00.153033310,0.15303331,0.0,0.0,0.0,464.7183,0.0,0.0,0.0,0.0,-1.5707964,0.0
1970-01-01 00:00:00.153097248,0.153097248,0.0,0.0,0.0,236.44365,0.0,0.0,0.0,0.0,-1.5707964,0.0
1970-01-01 00:00:00.153195962,0.153195962,0.0,0.0,0.0,529.12634,0.0,0.0,0.0,0.0,-1.5707964,0.0
1970-01-01 00:00:00.153311233,0.153311233,0.0,0.0,0.0,0.0,0.0,135.22699,0.0,0.0,-1.5707964,0.0
1970-01-01 00:00:00.153804033,0.153804033,0.0,0.0,1029.6268,0.0,0.0,0.0,0.0,0.0,-1.5707964,0.0
1970-01-01 00:00:00.153869593,0.153869593,0.0,0.0,0.0,144.95953,0.0,0.0,0.0,0.0,-1.5707964,0.0
1970-01-01 00:00:00.153954995,0.153954995,0.0,0.0,0.0,200.88083,0.0,0.0,0.0,0.0,-1.5707964,0.0
1970-01-01 00:00:00.154024467,0.154024467,0.0,0.0,868.9324,0.0,0.0,0.0,0.0,0.0,-1.5707964,0.0
1970-01-01 00:00:00.154038271,0.154038271,252.79291,0.0,0.0,0.0,0.0,0.0,0.0,0.0,-1.5707964,0.0
1970-01-01 00:00:00.154065676,0.154065676,0.0,0.0,0.0,0.0,241.73503,0.0,0.0,0.0,-1.5707964,0.0
1970-01-01 00:00:00.154068464,0.154068464,0.0,0.0,0.0,809.77374,0.0,0.0,0.0,0.0,-1.5707964,0.0
1970-01-01 00:00:00.154111258,0.154111258,0.0,0.0,0.0,0.0,0.0,606.8251,0.0,0.0,-1.5707964,0.0
1970-01-01 00:00:00.154200275,0.154200275,0.0,0.0,0.0,168.79527,0.0,0.0,0.0,0.0,-1.5707964,0.0
1970-01-01 00:00:00.154241667,0.154241667,0.0,0.0,1694.7856,0.0,0.0,0.0,0.0,0.0,-1.5707964,0.0
1970-01-01 00:00:00.154262270,0.15426227,0.0,0.0,0.0,495.38245,0.0,0.0,0.0,0.0,-1.5707964,0.0
1970-01-01 00:00:00.154273385,0.154273385,0.0,0.0,0.0,168.6266,0.0,0.0,0.0,0.0,-1.5707964,0.0
1970-01-01 00:00:00.154307549,0.154307549,0.0,0.0,0.0,0.0,0.0,176.72473,0.0,0.0,-1.5707964,0.0
1970-01-01 00:00:00.154366495,0.154366495,0.0,0.0,0.0,97.11465,0.0,0.0,0.0,0.0,-1.5707964,0.0
1970-01-01 00:00:00.154400337,0.154400337,0.0,0.0,0.0,100.69325,0.0,0.0,0.0,0.0,-1.5707964,0.0
1970-01-01 00:00:00.154428780,0.15442878,0.0,0.0,0.0,307.74686,0.0,0.0,0.0,0.0,-1.5707964,0.0
1970-01-01 00:00:00.154478452,0.154478452,0.0,0.0,476.0056,0.0,0.0,0.0,0.0,0.0,-1.5707964,0.0
1970-01-01 00:00:00.154497714,0.154497714,0.0,0.0,0.0,0.0,167.3696,0.0,0.0,0.0,-1.5707964,0.0
1970-01-01 00:00:00.154544691,0.154544691,0.0,0.0,217.40956,0.0,0.0,0.0,0.0,0.0,-1.5707964,0.0
1970-01-01 00:00:00.154614581,0.154614581,0.0,0.0,0.0,0.0,358.05063,0.0,0.0,0.0,-1.5707964,0.0
1970-01-01 00:00:00.154683946,0.154683946,0.0,0.0,0.0,0.0,0.0,259.0357,0.0,0.0,-1.5707964,0.0
1970-01-01 00:00:00.154689646,0.154689646,0.0,0.0,714.894,0.0,0.0,0.0,0.0,0.0,-1.5707964,0.0
1970-01-01 00:00:00.154778783,0.154778783,0.0,203.2728,0.0,0.0,0.0,0.0,0.0,0.0,-1.5707964,0.0
1970-01-01 00:00:00.154792309,0.154792309,0.0,404.85034,0.0,0.0,0.0,0.0,0.0,0.0,-1.5707964,0.0
1970-01-01 00:00:00.154837237,0.154837237,0.0,0.0,0.0,360.2284,0.0,0.0,0.0,0.0,-1.5707964,0.0
1970-01-01 00:00:00.154904528,0.154904528,0.0,0.0,0.0,164.4402,0.0,0.0,0.0,0.0,-1.5707964,0.0
1970-01-01 00:00:00.155161260,0.15516126,0.0,648.1215,0.0,0.0,0.0,0.0,0.0,0.0,-1.5707964,0.0
1970-01-01 00:00:00.155166478,0.155166478,0.0,0.0,0.0,192.45471,0.0,0.0,0.0,0.0,-1.5707964,0.0
1970-01-01 00:00:00.155190029,0.155190029,0.0,173.33765,0.0,0.0,0.0,0.0,0.0,0.0,-1.5707964,0.0
1970-01-01 00:00:00.155353960,0.15535396,0.0,0.0,0.0,313.07397,0.0,0.0,0.0,0.0,-1.5707964,0.0
1970-01-01 00:00:00.155540995,0.155540995,0.0,0.0,495.26956,0.0,0.0,0.0,0.0,0.0,-1.5707964,0.0
1970-01-01 00:00:00.155617612,0.155617612,0.0,353.1989,0.0,0.0,0.0,0.0,0.0,0.0,-1.5707964,0.0
1970-01-01 00:00:00.155623773,0.155623773,0.0,0.0,0.0,135.88835,0.0,0.0,0.0,0.0,-1.5707964,0.0
1970-01-01 00:00:00.155699027,0.155699027,0.0,0.0,0.0,1750.4948,0.0,0.0,0.0,0.0,-1.5707964,0.0
1970-01-01 00:00:00.155808072,0.155808072,0.0,0.0,0.0,660.09546,0.0,0.0,0.0,0.0,-1.5707964,0.0
1970-01-01 00:00:00.155897884,0.155897884,0.0,0.0,0.0,0.0,130.7363,0.0,0.0,0.0,-1.5707964,0.0
1970-01-01 00:00:00.155984173,0.155984173,0.0,0.0,169.54752,0.0,0.0,0.0,0.0,0.0,-1.5707964,0.0
1970-01-01 00:00:00.156014118,0.156014118,0.0,0.0,0.0,982.79565,0.0,0.0,0.0,0.0,-1.5707964,0.0
1970-01-01 00:00:00.156052037,0.156052037,0.0,0.0,0.0,355.9659,0.0,0.0,0.0,0.0,-1.5707964,0.0
1970-01-01 00:00:00.156234834,0.156234834,0.0,0.0,1531.1578,0.0,0.0,0.0,0.0,0.0,-1.5707964,0.0
1970-01-01 00:00:00.156261574,0.156261574,0.0,0.0,0.0,0.0,0.0,266.8976,0.0,0.0,-1.5707964,0.0
1970-01-01 00:00:00.156276328,0.156276328,0.0,0.0,105.19549,0.0,0.0,0.0,0.0,0.0,-1.5707964,0.0
1970-01-01 00:00:00.156314365,0.156314365,0.0,0.0,0.0,237.2383,0.0,0.0,0.0,0.0,-1.5707964,0.0
1970-01-01 00:00:00.156451668,0.156451668,0.0,0.0,110.747574,0.0,0.0,0.0,0.0,0.0,-1.5707964,0.0
1970-01-01 00:00:00.156513381,0.156513381,0.0,0.0,0.0,198.31209,0.0,0.0,0.0,0.0,-1.5707964,0.0
1970-01-01 00:00:00.156528347,0.156528347,0.0,0.0,315.78424,0.0,0.0,0.0,0.0,0.0,-1.5707964,0.0
1970-01-01 00:00:00.156654345,0.156654345,0.0,0.0,0.0,88.60025,0.0,0.0,0.0,0.0,-1.5707964,0.0
1970-01-01 00:00:00.156773991,0.156773991,0.0,0.0,529.7469,0.0,0.0,0.0,0.0,0.0,-1.5707964,0.0
1970-01-01 00:00:00.157004622,0.157004622,0.0,0.0,0.0,0.0,2769.3696,0.0,0.0,0.0,-1.5707964,0.0
1970-01-01 00:00:00.157064630,0.15706463,0.0,0.0,0.0,0.0,0.0,1378.3674,0.0,0.0,-1.5707964,0.0
1970-01-01 00:00:00.157105136,0.157105136,0.0,0.0,360.19324,0.0,0.0,0.0,0.0,0.0,-1.5707964,0.0
1970-01-01 00:00:00.157107626,0.157107626,0.0,0.0,306.47446,0.0,0.0,0.0,0.0,0.0,-1.5707964,0.0
1970-01-01 00:00:00.157140527,0.157140527,0.0,0.0,298.57895,0.0,0.0,0.0,0.0,0.0,-1.5707964,0.0
1970-01-01 00:00:00.157187374,0.157187374,0.0,0.0,0.0,472.46466,0.0,0.0,0.0,0.0,-1.5707964,0.0
1970-01-01 00:00:00.157266287,0.157266287,0.0,0.0,0.0,118.33031,0.0,0.0,0.0,0.0,-1.5707964,0.0
1970-01-01 00:00:00.157272552,0.157272552,0.0,166.20944,0.0,0.0,0.0,0.0,0.0,0.0,-1.5707964,0.0
1970-01-01 00:00:00.157327862,0.157327862,0.0,0.0,0.0,169.59308,0.0,0.0,0.0,0.0,-1.5707964,0.0
1970-01-01 00:00:00.157346781,0.157346781,0.0,0.0,337.3108,0.0,0.0,0.0,0.0,0.0,-1.5707964,0.0
1970-01-01 00:00:00.157464185,0.157464185,0.0,0.0,0.0,114.12214,0.0,0.0,0.0,0.0,-1.5707964,0.0
1970-01-01 00:00:00.157543019,0.157543019,0.0,0.0,633.3755,0.0,0.0,0.0,0.0,0.0,-1.5707964,0.0
1970-01-01 00:00:00.157633120,0.15763312,0.0,0.0,0.0,0.0,392.58127,0.0,0.0,0.0,-1.5707964,0.0
1970-01-01 00:00:00.157682060,0.15768206,0.0,0.0,0.0,0.0,0.0,790.273,0.0,0.0,-1.5707964,0.0
1970-01-01 00:00:00.157714321,0.157714321,0.0,0.0,0.0,0.0,403.81277,0.0,0.0,0.0,-1.5707964,0.0
1970-01-01 00:00:00.157809265,0.157809265,0.0,0.0,0.0,183.2787,0.0,0.0,0.0,0.0,-1.5707964,0.0
1970-01-01 00:00:00.157827670,0.15782767,0.0,0.0,0.0,121.77725,0.0,0.0,0.0,0.0,-1.5707964,0.0
1970-01-01 00:00:00.157888181,0.157888181,0.0,0.0,1429.0806,0.0,0.0,0.0,0.0,0.0,-1.5707964,0.0
1970-01-01 00:00:00.157895981,0.157895981,0.0,0.0,0.0,0.0,304.7228,0.0,0.0,0.0,-1.5707964,0.0
1970-01-01 00:00:00.157906448,0.157906448,0.0,0.0,0.0,280.9481,0.0,0.0,0.0,0.0,-1.5707964,0.0
1970-01-01 00:00:00.157959162,0.157959162,0.0,0.0,0.0,0.0,0.0,181.81805,0.0,0.0,-1.5707964,0.0
1970-01-01 00:00:00.157986501,0.157986501,0.0,0.0,0.0,978.77856,0.0,0.0,0.0,0.0,-1.5707964,0.0
1970-01-01 00:00:00.158020972,0.158020972,0.0,0.0,0.0,365.54395,0.0,0.0,0.0,0.0,-1.5707964,0.0
1970-01-01 00:00:00.158162999,0.158162999,0.0,0.0,0.0,0.0,111.79605,0.0,0.0,0.0,-1.5707964,0.0
1970-01-01 00:00:00.158165977,0.158165977,0.0,0.0,0.0,213.92853,0.0,0.0,0.0,0.0,-1.5707964,0.0
1970-01-01 00:00:00.158194884,0.158194884,0.0,0.0,0.0,1451.3859,0.0,0.0,0.0,0.0,-1.5707964,0.0
1970-01-01 00:00:00.158242292,0.158242292,0.0,0.0,250.90729,0.0,0.0,0.0,0.0,0.0,-1.5707964,0.0
1970-01-01 00:00:00.158355906,0.158355906,129.51714,0.0,0.0,0.0,0.0,0.0,0.0,0.0,-1.5707964,0.0
1970-01-01 00:00:00.158469657,0.158469657,123.12387,0.0,0.0,0.0,0.0,0.0,0.0,0.0,-1.5707964,0.0
1970-01-01 00:00:00.158475811,0.158475811,0.0,0.0,0.0,107.18297,0.0,0.0,0.0,0.0,-1.5707964,0.0
1970-01-01 00:00:00.158589305,0.158589305,0.0,0.0,0.0,0.0,0.0,603.09735,0.0,0.0,-1.5707964,0.0
1970-01-01 00:00:00.158872023,0.158872023,0.0,0.0,0.0,176.12675,0.0,0.0,0.0,0.0,-1.5707964,0.0
1970-01-01 00:00:00.158884778,0.158884778,0.0,0.0,0.0,0.0,0.0,1218.4462,0.0,0.0,-1.5707964,0.0
1970-01-01 00:00:00.158929397,0.158929397,0.0,0.0,0.0,86.17503,0.0,0.0,0.0,0.0,-1.5707964,0.0
1970-01-01 00:00:00.158929397,0.158929397,0.0,0.0,0.0,0.0,0.0,1882.7678,0.0,0.0,-1.5707964,0.0
1970-01-01 00:00:00.158971395,0.158971395,0.0,272.28656,0.0,0.0,0.0,0.0,0.0,0.0,-1.5707964,0.0
1970-01-01 00:00:00.159000521,0.159000521,0.0,0.0,465.47275,0.0,0.0,0.0,0.0,0.0,-1.5707964,0.0
1970-01-01 00:00:00.159152422,0.159152422,0.0,311.51068,0.0,0.0,0.0,0.0,0.0,0.0,-1.5707964,0.0
1970-01-01 00:00:00.159212773,0.159212773,0.0,0.0,0.0,0.0,250.3019,0.0,0.0,0.0,-1.5707964,0.0
1970-01-01 00:00:00.159219708,0.159219708,0.0,0.0,0.0,350.23196,0.0,0.0,0.0,0.0,-1.5707964,0.0
1970-01-01 00:00:00.159240732,0.159240732,0.0,0.0,0.0,1828.6462,0.0,0.0,0.0,0.0,-1.5707964,0.0
1970-01-01 00:00:00.159329489,0.159329489,0.0,0.0,403.7102,0.0,0.0,0.0,0.0,0.0,-1.5707964,0.0
1970-01-01 00:00:00.159399841,0.159399841,0.0,0.0,0.0,226.02785,0.0,0.0,0.0,0.0,-1.5707964,0.0
1970-01-01 00:00:00.159440345,0.159440345,0.0,0.0,639.17194,0.0,0.0,0.0,0.0,0.0,-1.5707964,0.0
1970-01-01 00:00:00.159561469,0.159561469,0.0,0.0,399.32278,0.0,0.0,0.0,0.0,0.0,-1.5707964,0.0
1970-01-01 00:00:00.159584760,0.15958476,0.0,0.0,0.0,701.83905,0.0,0.0,0.0,0.0,-1.5707964,0.0
1970-01-01 00:00:00.159609728,0.159609728,0.0,0.0,0.0,142.49402,0.0,0.0,0.0,0.0,-1.5707964,0.0
1970-01-01 00:00:00.159654461,0.159654461,0.0,0.0,139.80505,0.0,0.0,0.0,0.0,0.0,-1.5707964,0.0
1970-01-01 00:00:00.160002493,0.160002493,0.0,0.0,0.0,117.82208,0.0,0.0,0.0,0.0,-1.5707964,0.0
1970-01-01 00:00:00.160006583,0.160006583,0.0,0.0,918.0733,0.0,0.0,0.0,0.0,0.0,-1.5707964,0.0
1970-01-01 00:00:00.160364437,0.160364437,0.0,0.0,0.0,299.47806,0.0,0.0,0.0,0.0,-1.5707964,0.0
1970-01-01 00:00:00.160393388,0.160393388,0.0,0.0,358.97266,0.0,0.0,0.0,0.0,0.0,-1.5707964,0.0
1970-01-01 00:00:00.160558026,0.160558026,0.0,0.0,257.46576,0.0,0.0,0.0,0.0,0.0,-1.5707964,0.0
1970-01-01 00:00:00.160631069,0.160631069,0.0,0.0,0.0,0.0,516.18896,0.0,0.0,0.0,-1.5707964,0.0
1970-01-01 00:00:00.160632640,0.16063264,0.0,0.0,0.0,0.0,0.0,93.78978,0.0,0.0,-1.5707964,0.0
1970-01-01 00:00:00.160669769,0.160669769,0.0,0.0,0.0,280.4372,0.0,0.0,0.0,0.0,-1.5707964,0.0
1970-01-01 00:00:00.160679557,0.160679557,0.0,0.0,0.0,1120.0298,0.0,0.0,0.0,0.0,-1.5707964,0.0
1970-01-01 00:00:00.160743023,0.160743023,0.0,0.0,0.0,918.6803,0.0,0.0,0.0,0.0,-1.5707964,0.0
1970-01-01 00:00:00.160757258,0.160757258,0.0,1409.7141,0.0,0.0,0.0,0.0,0.0,0.0,-1.5707964,0.0
1970-01-01 00:00:00.160759376,0.160759376,0.0,0.0,0.0,318.18768,0.0,0.0,0.0,0.0,-1.5707964,0.0
1970-01-01 00:00:00.160913644,0.160913644,122.17737,0.0,0.0,0.0,0.0,0.0,0.0,0.0,-1.5707964,0.0
1970-01-01 00:00:00.160974007,0.160974007,0.0,0.0,0.0,681.4921,0.0,0.0,0.0,0.0,-1.5707964,0.0
1970-01-01 00:00:00.161021292,0.161021292,0.0,727.8682,0.0,0.0,0.0,0.0,0.0,0.0,-1.5707964,0.0
1970-01-01 00:00:00.161024673,0.161024673,179.96298,0.0,0.0,0.0,0.0,0.0,0.0,0.0,-1.5707964,0.0
1970-01-01 00:00:00.161095987,0.161095987,0.0,0.0,224.23315,0.0,0.0,0.0,0.0,0.0,-1.5707964,0.0
1970-01-01 00:00:00.161171003,0.161171003,0.0,287.87515,0.0,0.0,0.0,0.0,0.0,0.0,-1.5707964,0.0
1970-01-01 00:00:00.161357379,0.161357379,0.0,0.0,727.06274,0.0,0.0,0.0,0.0,0.0,-1.5707964,0.0
1970-01-01 00:00:00.161433140,0.16143314,0.0,0.0,0.0,367.32367,0.0,0.0,0.0,0.0,-1.5707964,0.0
1970-01-01 00:00:00.161444116,0.161444116,0.0,0.0,0.0,499.86148,0.0,0.0,0.0,0.0,-1.5707964,0.0
1970-01-01 00:00:00.161461123,0.161461123,0.0,0.0,0.0,0.0,1332.7206,0.0,0.0,0.0,-1.5707964,0.0
1970-01-01 00:00:00.161490048,0.161490048,0.0,0.0,0.0,0.0,0.0,659.60065,0.0,0.0,-1.5707964,0.0
1970-01-01 00:00:00.161626729,0.161626729,0.0,0.0,0.0,1339.876,0.0,0.0,0.0,0.0,-1.5707964,0.0
1970-01-01 00:00:00.161872186,0.161872186,0.0,289.10617,0.0,0.0,0.0,0.0,0.0,0.0,-1.5707964,0.0
1970-01-01 00:00:00.161991005,0.161991005,0.0,0.0,1046.7179,0.0,0.0,0.0,0.0,0.0,-1.5707964,0.0
1970-01-01 00:00:00.162067691,0.162067691,0.0,0.0,0.0,0.0,149.99953,0.0,0.0,0.0,-1.5707964,0.0
1970-01-01 00:00:00.162099120,0.16209912,0.0,0.0,0.0,208.09027,0.0,0.0,0.0,0.0,-1.5707964,0.0
1970-01-01 00:00:00.162101669,0.162101669,0.0,0.0,0.0,733.5184,0.0,0.0,0.0,0.0,-1.5707964,0.0
1970-01-01 00:00:00.162121011,0.162121011,0.0,0.0,0.0,240.05763,0.0,0.0,0.0,0.0,-1.5707964,0.0
1970-01-01 00:00:00.162123308,0.162123308,0.0,170.0693,0.0,0.0,0.0,0.0,0.0,0.0,-1.5707964,0.0
1970-01-01 00:00:00.162128411,0.162128411,0.0,0.0,212.05974,0.0,0.0,0.0,0.0,0.0,-1.5707964,0.0
1970-01-01 00:00:00.162318581,0.162318581,0.0,0.0,104.837845,0.0,0.0,0.0,0.0,0.0,-1.5707964,0.0
1970-01-01 00:00:00.162380569,0.162380569,0.0,0.0,0.0,294.66986,0.0,0.0,0.0,0.0,-1.5707964,0.0
1970-01-01 00:00:00.162439461,0.162439461,0.0,0.0,0.0,0.0,1132.0839,0.0,0.0,0.0,-1.5707964,0.0
1970-01-01 00:00:00.162611706,0.162611706,0.0,0.0,457.11044,0.0,0.0,0.0,0.0,0.0,-1.5707964,0.0
1970-01-01 00:00:00.162705606,0.162705606,0.0,0.0,0.0,0.0,0.0,377.77228,0.0,0.0,-1.5707964,0.0
1970-01-01 00:00:00.162723525,0.162723525,0.0,0.0,0.0,273.65686,0.0,0.0,0.0,0.0,-1.5707964,0.0
1970-01-01 00:00:00.162757383,0.162757383,0.0,0.0,0.0,625.69415,0.0,0.0,0.0,0.0,-1.5707964,0.0
1970-01-01 00:00:00.162872202,0.162872202,0.0,93.623856,0.0,0.0,0.0,0.0,0.0,0.0,-1.5707964,0.0
1970-01-01 00:00:00.162925065,0.162925065,0.0,0.0,0.0,720.42596,0.0,0.0,0.0,0.0,-1.5707964,0.0
1970-01-01 00:00:00.163153520,0.16315352,0.0,0.0,266.3336,0.0,0.0,0.0,0.0,0.0,-1.5707964,0.0
1970-01-01 00:00:00.163262571,0.163262571,0.0,1157.8639,0.0,0.0,0.0,0.0,0.0,0.0,-1.5707964,0.0
1970-01-01 00:00:00.163284202,0.163284202,0.0,0.0,0.0,148.28616,0.0,0.0,0.0,0.0,-1.5707964,0.0
1970-01-01 00:00:00.163349577,0.163349577,0.0,0.0,85.20906,0.0,0.0,0.0,0.0,0.0,-1.5707964,0.0
1970-01-01 00:00:00.163354780,0.16335478,0.0,0.0,147.50746,0.0,0.0,0.0,0.0,0.0,-1.5707964,0.0
1970-01-01 00:00:00.163354780,0.16335478,0.0,0.0,0.0,0.0,0.0,1023.802,0.0,0.0,-1.5707964,0.0
1970-01-01 00:00:00.163377738,0.163377738,0.0,0.0,0.0,0.0,123.738106,0.0,0.0,0.0,-1.5707964,0.0
1970-01-01 00:00:00.163377991,0.163377991,0.0,85.38916,0.0,0.0,0.0,0.0,0.0,0.0,-1.5707964,0.0
1970-01-01 00:00:00.163381801,0.163381801,0.0,0.0,0.0,0.0,314.48145,0.0,0.0,0.0,-1.5707964,0.0
1970-01-01 00:00:00.163381801,0.163381801,0.0,0.0,0.0,130.59753,0.0,0.0,0.0,0.0,-1.5707964,0.0
1970-01-01 00:00:00.163591809,0.163591809,0.0,0.0,0.0,0.0,135.06372,0.0,0.0,0.0,-1.5707964,0.0
1970-01-01 00:00:00.163593347,0.163593347,0.0,0.0,0.0,0.0,764.8175,0.0,0.0,0.0,-1.5707964,0.0
1970-01-01 00:00:00.163667506,0.163667506,0.0,0.0,0.0,244.05435,0.0,0.0,0.0,0.0,-1.5707964,0.0
1970-01-01 00:00:00.163686856,0.163686856,0.0,0.0,352.03137,0.0,0.0,0.0,0.0,0.0,-1.5707964,0.0
1970-01-01 00:00:00.163805497,0.163805497,0.0,0.0,0.0,137.46144,0.0,0.0,0.0,0.0,-1.5707964,0.0
1970-01-01 00:00:00.163964895,0.163964895,168.95316,0.0,0.0,0.0,0.0,0.0,0.0,0.0,-1.5707964,0.0
1970-01-01 00:00:00.163997080,0.16399708,0.0,0.0,1427.2803,0.0,0.0,0.0,0.0,0.0,-1.5707964,0.0
1970-01-01 00:00:00.164006549,0.164006549,0.0,755.268,0.0,0.0,0.0,0.0,0.0,0.0,-1.5707964,0.0
1970-01-01 00:00:00.164129750,0.16412975,0.0,1378.2346,0.0,0.0,0.0,0.0,0.0,0.0,-1.5707964,0.0
1970-01-01 00:00:00.164140564,0.164140564,0.0,0.0,0.0,236.44435,0.0,0.0,0.0,0.0,-1.5707964,0.0
1970-01-01 00:00:00.164288142,0.164288142,0.0,0.0,0.0,0.0,1753.0392,0.0,0.0,0.0,-1.5707964,0.0
1970-01-01 00:00:00.164400298,0.164400298,0.0,0.0,98.867676,0.0,0.0,0.0,0.0,0.0,-1.5707964,0.0
1970-01-01 00:00:00.164411160,0.16441116,0.0,0.0,0.0,136.60805,0.0,0.0,0.0,0.0,-1.5707964,0.0
1970-01-01 00:00:00.164560863,0.164560863,0.0,0.0,1121.2457,0.0,0.0,0.0,0.0,0.0,-1.5707964,0.0
1970-01-01 00:00:00.164580310,0.16458031,0.0,0.0,0.0,190.6003,0.0,0.0,0.0,0.0,-1.5707964,0.0
1970-01-01 00:00:00.164589804,0.164589804,0.0,0.0,735.4679,0.0,0.0,0.0,0.0,0.0,-1.5707964,0.0
1970-01-01 00:00:00.164614884,0.164614884,0.0,0.0,0.0,129.00812,0.0,0.0,0.0,0.0,-1.5707964,0.0
1970-01-01 00:00:00.164700495,0.164700495,0.0,0.0,350.22314,0.0,0.0,0.0,0.0,0.0,-1.5707964,0.0
1970-01-01 00:00:00.164835596,0.164835596,0.0,0.0,0.0,372.86008,0.0,0.0,0.0,0.0,-1.5707964,0.0
1970-01-01 00:00:00.164846851,0.164846851,0.0,772.3757,0.0,0.0,0.0,0.0,0.0,0.0,-1.5707964,0.0
1970-01-01 00:00:00.164884834,0.164884834,0.0,0.0,0.0,0.0,263.50146,0.0,0.0,0.0,-1.5707964,0.0
1970-01-01 00:00:00.164948734,0.164948734,0.0,0.0,0.0,640.4114,0.0,0.0,0.0,0.0,-1.5707964,0.0
1970-01-01 00:00:00.164985532,0.164985532,216.09218,0.0,0.0,0.0,0.0,0.0,0.0,0.0,-1.5707964,0.0
1970-01-01 00:00:00.165125426,0.165125426,0.0,0.0,723.986,0.0,0.0,0.0,0.0,0.0,-1.5707964,0.0
1970-01-01 00:00:00.165239815,0.165239815,0.0,0.0,0.0,129.35214,0.0,0.0,0.0,0.0,-1.5707964,0.0
1970-01-01 00:00:00.165309327,0.165309327,0.0,0.0,0.0,282.0181,0.0,0.0,0.0,0.0,-1.5707964,0.0
1970-01-01 00:00:00.165343591,0.165343591,0.0,0.0,694.8322,0.0,0.0,0.0,0.0,0.0,-1.5707964,0.0
1970-01-01 00:00:00.165400537,0.165400537,0.0,0.0,0.0,182.86624,0.0,0.0,0.0,0.0,-1.5707964,0.0
1970-01-01 00:00:00.165514092,0.165514092,0.0,0.0,0.0,446.3548,0.0,0.0,0.0,0.0,-1.5707964,0.0
1970-01-01 00:00:00.165522922,0.165522922,0.0,0.0,227.84285,0.0,0.0,0.0,0.0,0.0,-1.5707964,0.0
1970-01-01 00:00:00.165548404,0.165548404,0.0,263.4229,0.0,0.0,0.0,0.0,0.0,0.0,-1.5707964,0.0
1970-01-01 00:00:00.165585129,0.165585129,0.0,0.0,169.19026,0.0,0.0,0.0,0.0,0.0,-1.5707964,0.0
1970-01-01 00:00:00.165911481,0.165911481,0.0,0.0,0.0,103.267715,0.0,0.0,0.0,0.0,-1.5707964,0.0
1970-01-01 00:00:00.165949636,0.165949636,0.0,0.0,0.0,0.0,0.0,633.4819,0.0,0.0,-1.5707964,0.0
1970-01-01 00:00:00.165987600,0.1659876,0.0,0.0,0.0,0.0,0.0,252.88612,0.0,0.0,-1.5707964,0.0
1970-01-01 00:00:00.166062478,0.166062478,0.0,0.0,0.0,95.028114,0.0,0.0,0.0,0.0,-1.5707964,0.0
1970-01-01 00:00:00.166070354,0.166070354,0.0,0.0,0.0,0.0,120.06864,0.0,0.0,0.0,-1.5707964,0.0
1970-01-01 00:00:00.166214030,0.16621403,0.0,0.0,215.91277,0.0,0.0,0.0,0.0,0.0,-1.5707964,0.0
1970-01-01 00:00:00.166280421,0.166280421,0.0,0.0,0.0,0.0,0.0,184.70256,0.0,0.0,-1.5707964,0.0
1970-01-01 00:00:00.166284275,0.166284275,0.0,0.0,346.9419,0.0,0.0,0.0,0.0,0.0,-1.5707964,0.0
1970-01-01 00:00:00.166334356,0.166334356,0.0,0.0,0.0,0.0,0.0,136.04137,0.0,0.0,-1.5707964,0.0
1970-01-01 00:00:00.166408817,0.166408817,0.0,0.0,0.0,873.1918,0.0,0.0,0.0,0.0,-1.5707964,0.0
1970-01-01 00:00:00.166449818,0.166449818,0.0,0.0,0.0,241.00916,0.0,0.0,0.0,0.0,-1.5707964,0.0
1970-01-01 00:00:00.166494728,0.166494728,0.0,0.0,1053.7999,0.0,0.0,0.0,0.0,0.0,-1.5707964,0.0
1970-01-01 00:00:00.166494728,0.166494728,0.0,0.0,0.0,0.0,277.18823,0.0,0.0,0.0,-1.5707964,0.0
1970-01-01 00:00:00.166501838,0.166501838,0.0,672.8645,0.0,0.0,0.0,0.0,0.0,0.0,-1.5707964,0.0
1970-01-01 00:00:00.166533863,0.166533863,0.0,0.0,92.891655,0.0,0.0,0.0,0.0,0.0,-1.5707964,0.0
1970-01-01 00:00:00.166820758,0.166820758,0.0,161.08844,0.0,0.0,0.0,0.0,0.0,0.0,-1.5707964,0.0
1970-01-01 00:00:00.166899064,0.166899064,0.0,253.78604,0.0,0.0,0.0,0.0,0.0,0.0,-1.5707964,0.0
1970-01-01 00:00:00.166961674,0.166961674,484.53104,0.0,0.0,0.0,0.0,0.0,0.0,0.0,-1.5707964,0.0
1970-01-01 00:00:00.167218082,0.167218082,0.0,0.0,638.0424,0.0,0.0,0.0,0.0,0.0,-1.5707964,0.0
1970-01-01 00:00:00.167221911,0.167221911,0.0,0.0,0.0,0.0,0.0,702.6059,0.0,0.0,-1.5707964,0.0
1970-01-01 00:00:00.167247102,0.167247102,0.0,0.0,230.002,0.0,0.0,0.0,0.0,0.0,-1.5707964,0.0
1970-01-01 00:00:00.167258981,0.167258981,0.0,0.0,0.0,0.0,0.0,96.21982,0.0,0.0,-1.5707964,0.0
1970-01-01 00:00:00.167295288,0.167295288,0.0,0.0,0.0,0.0,175.38664,0.0,0.0,0.0,-1.5707964,0.0
1970-01-01 00:00:00.167337583,0.167337583,0.0,0.0,0.0,2956.293,0.0,0.0,0.0,0.0,-1.5707964,0.0
1970-01-01 00:00:00.167544904,0.167544904,0.0,0.0,864.4863,0.0,0.0,0.0,0.0,0.0,-1.5707964,0.0
1970-01-01 00:00:00.167573062,0.167573062,0.0,0.0,0.0,0.0,899.8517,0.0,0.0,0.0,-1.5707964,0.0
1970-01-01 00:00:00.167669247,0.167669247,0.0,0.0,0.0,82.03015,0.0,0.0,0.0,0.0,-1.5707964,0.0
1970-01-01 00:00:00.167803474,0.167803474,0.0,0.0,0.0,220.90797,0.0,0.0,0.0,0.0,-1.5707964,0.0
1970-01-01 00:00:00.167820723,0.167820723,0.0,0.0,2738.401,0.0,0.0,0.0,0.0,0.0,-1.5707964,0.0
1970-01-01 00:00:00.167913128,0.167913128,0.0,152.42863,0.0,0.0,0.0,0.0,0.0,0.0,-1.5707964,0.0
1970-01-01 00:00:00.167997266,0.167997266,0.0,0.0,423.88205,0.0,0.0,0.0,0.0,0.0,-1.5707964,0.0
1970-01-01 00:00:00.168040952,0.168040952,0.0,0.0,0.0,375.31372,0.0,0.0,0.0,0.0,-1.5707964,0.0
1970-01-01 00:00:00.168110590,0.16811059,0.0,0.0,0.0,438.6087,0.0,0.0,0.0,0.0,-1.5707964,0.0
1970-01-01 00:00:00.168198615,0.168198615,0.0,0.0,0.0,205.89209,0.0,0.0,0.0,0.0,-1.5707964,0.0
1970-01-01 00:00:00.168226688,0.168226688,0.0,0.0,0.0,380.10498,0.0,0.0,0.0,0.0,-1.5707964,0.0
1970-01-01 00:00:00.168342499,0.168342499,0.0,0.0,263.62753,0.0,0.0,0.0,0.0,0.0,-1.5707964,0.0
1970-01-01 00:00:00.168346906,0.168346906,0.0,0.0,0.0,298.32907,0.0,0.0,0.0,0.0,-1.5707964,0.0
1970-01-01 00:00:00.168439934,0.168439934,0.0,0.0,0.0,831.19244,0.0,0.0,0.0,0.0,-1.5707964,0.0
1970-01-01 00:00:00.168441061,0.168441061,0.0,0.0,0.0,1041.9491,0.0,0.0,0.0,0.0,-1.5707964,0.0
1970-01-01 00:00:00.168458925,0.168458925,0.0,0.0,238.73811,0.0,0.0,0.0,0.0,0.0,-1.5707964,0.0
1970-01-01 00:00:00.168488905,0.168488905,0.0,0.0,0.0,346.69366,0.0,0.0,0.0,0.0,-1.5707964,0.0
1970-01-01 00:00:00.168503339,0.168503339,0.0,0.0,0.0,0.0,90.503395,0.0,0.0,0.0,-1.5707964,0.0
1970-01-01 00:00:00.168542720,0.16854272,0.0,0.0,214.80118,0.0,0.0,0.0,0.0,0.0,-1.5707964,0.0
1970-01-01 00:00:00.168606781,0.168606781,0.0,0.0,0.0,113.2737,0.0,0.0,0.0,0.0,-1.5707964,0.0
1970-01-01 00:00:00.168623123,0.168623123,0.0,0.0,134.0217,0.0,0.0,0.0,0.0,0.0,-1.5707964,0.0
1970-01-01 00:00:00.168691425,0.168691425,0.0,0.0,260.65903,0.0,0.0,0.0,0.0,0.0,-1.5707964,0.0
1970-01-01 00:00:00.168762676,0.168762676,0.0,0.0,554.15924,0.0,0.0,0.0,0.0,0.0,-1.5707964,0.0
1970-01-01 00:00:00.168789026,0.168789026,0.0,0.0,0.0,536.9633,0.0,0.0,0.0,0.0,-1.5707964,0.0
1970-01-01 00:00:00.168820637,0.168820637,0.0,520.06244,0.0,0.0,0.0,0.0,0.0,0.0,-1.5707964,0.0
1970-01-01 00:00:00.168963277,0.168963277,0.0,0.0,0.0,0.0,0.0,95.307396,0.0,0.0,-1.5707964,0.0
1970-01-01 00:00:00.168992977,0.168992977,0.0,381.2339,0.0,0.0,0.0,0.0,0.0,0.0,-1.5707964,0.0
1970-01-01 00:00:00.168992977,0.168992977,0.0,0.0,0.0,211.6831,0.0,0.0,0.0,0.0,-1.5707964,0.0
1970-01-01 00:00:00.169023123,0.169023123,0.0,0.0,325.208,0.0,0.0,0.0,0.0,0.0,-1.5707964,0.0
1970-01-01 00:00:00.169137776,0.169137776,0.0,139.3741,0.0,0.0,0.0,0.0,0.0,0.0,-1.5707964,0.0
1970-01-01 00:00:00.169298785,0.169298785,0.0,101.472305,0.0,0.0,0.0,0.0,0.0,0.0,-1.5707964,0.0
1970-01-01 00:00:00.169394600,0.1693946,0.0,928.11456,0.0,0.0,0.0,0.0,0.0,0.0,-1.5707964,0.0
1970-01-01 00:00:00.169458819,0.169458819,0.0,0.0,0.0,160.72278,0.0,0.0,0.0,0.0,-1.5707964,0.0
1970-01-01 00:00:00.169598646,0.169598646,0.0,0.0,366.83392,0.0,0.0,0.0,0.0,0.0,-1.5707964,0.0
1970-01-01 00:00:00.169647934,0.169647934,0.0,0.0,0.0,1070.2281,0.0,0.0,0.0,0.0,-1.5707964,0.0
1970-01-01 00:00:00.169731239,0.169731239,0.0,0.0,0.0,95.89446,0.0,0.0,0.0,0.0,-1.5707964,0.0
1970-01-01 00:00:00.169750297,0.169750297,0.0,0.0,136.24289,0.0,0.0,0.0,0.0,0.0,-1.5707964,0.0
1970-01-01 00:00:00.170013897,0.170013897,0.0,0.0,0.0,0.0,608.03314,0.0,0.0,0.0,-1.5707964,0.0
1970-01-01 00:00:00.170085346,0.170085346,0.0,0.0,0.0,0.0,99.85129,0.0,0.0,0.0,-1.5707964,0.0
1970-01-01 00:00:00.170128723,0.170128723,0.0,0.0,0.0,0.0,348.62497,0.0,0.0,0.0,-1.5707964,0.0
1970-01-01 00:00:00.170128723,0.170128723,0.0,0.0,0.0,0.0,0.0,1280.999,0.0,0.0,-1.5707964,0.0
1970-01-01 00:00:00.170138829,0.170138829,0.0,0.0,0.0,100.73024,0.0,0.0,0.0,0.0,-1.5707964,0.0
1970-01-01 00:00:00.170214803,0.170214803,187.48721,0.0,0.0,0.0,0.0,0.0,0.0,0.0,-1.5707964,0.0
1970-01-01 00:00:00.170270795,0.170270795,0.0,0.0,0.0,0.0,0.0,135.3963,0.0,0.0,-1.5707964,0.0
1970-01-01 00:00:00.170321940,0.17032194,0.0,0.0,0.0,0.0,0.0,174.31685,0.0,0.0,-1.5707964,0.0
1970-01-01 00:00:00.170351483,0.170351483,0.0,0.0,148.03316,0.0,0.0,0.0,0.0,0.0,-1.5707964,0.0
1970-01-01 00:00:00.170570945,0.170570945,0.0,0.0,177.49907,0.0,0.0,0.0,0.0,0.0,-1.5707964,0.0
1970-01-01 00:00:00.170584980,0.17058498,0.0,0.0,0.0,490.23157,0.0,0.0,0.0,0.0,-1.5707964,0.0
1970-01-01 00:00:00.170589681,0.170589681,0.0,0.0,0.0,81.57598,0.0,0.0,0.0,0.0,-1.5707964,0.0
1970-01-01 00:00:00.170617965,0.170617965,0.0,0.0,0.0,178.59883,0.0,0.0,0.0,0.0,-1.5707964,0.0
1970-01-01 00:00:00.170650078,0.170650078,0.0,0.0,307.32837,0.0,0.0,0.0,0.0,0.0,-1.5707964,0.0
1970-01-01 00:00:00.170676344,0.170676344,0.0,0.0,0.0,0.0,0.0,699.7454,0.0,0.0,-1.5707964,0.0
1970-01-01 00:00:00.170909662,0.170909662,0.0,0.0,876.347,0.0,0.0,0.0,0.0,0.0,-1.5707964,0.0
1970-01-01 00:00:00.170994003,0.170994003,0.0,0.0,0.0,101.328766,0.0,0.0,0.0,0.0,-1.5707964,0.0
1970-01-01 00:00:00.171025348,0.171025348,0.0,0.0,0.0,0.0,516.2512,0.0,0.0,0.0,-1.5707964,0.0
1970-01-01 00:00:00.171090274,0.171090274,0.0,91.77584,0.0,0.0,0.0,0.0,0.0,0.0,-1.5707964,0.0
1970-01-01 00:00:00.171211333,0.171211333,0.0,0.0,268.7343,0.0,0.0,0.0,0.0,0.0,-1.5707964,0.0
1970-01-01 00:00:00.171303372,0.171303372,0.0,0.0,292.12006,0.0,0.0,0.0,0.0,0.0,-1.5707964,0.0
1970-01-01 00:00:00.171332043,0.171332043,0.0,181.6401,0.0,0.0,0.0,0.0,0.0,0.0,-1.5707964,0.0
1970-01-01 00:00:00.171369391,0.171369391,0.0,273.40628,0.0,0.0,0.0,0.0,0.0,0.0,-1.5707964,0.0
1970-01-01 00:00:00.171454563,0.171454563,0.0,0.0,0.0,484.78226,0.0,0.0,0.0,0.0,-1.5707964,0.0
1970-01-01 00:00:00.171495819,0.171495819,0.0,0.0,241.82,0.0,0.0,0.0,0.0,0.0,-1.5707964,0.0
1970-01-01 00:00:00.171530757,0.171530757,0.0,0.0,0.0,0.0,152.92163,0.0,0.0,0.0,-1.5707964,0.0
1970-01-01 00:00:00.171565889,0.171565889,0.0,0.0,0.0,0.0,0.0,191.78532,0.0,0.0,-1.5707964,0.0
1970-01-01 00:00:00.171643327,0.171643327,0.0,0.0,0.0,0.0,0.0,302.26093,0.0,0.0,-1.5707964,0.0
1970-01-01 00:00:00.171717786,0.171717786,0.0,0.0,364.17117,0.0,0.0,0.0,0.0,0.0,-1.5707964,0.0
1970-01-01 00:00:00.171784518,0.171784518,0.0,0.0,145.75935,0.0,0.0,0.0,0.0,0.0,-1.5707964,0.0
1970-01-01 00:00:00.171891825,0.171891825,0.0,0.0,0.0,241.9771,0.0,0.0,0.0,0.0,-1.5707964,0.0
1970-01-01 00:00:00.172118853,0.172118853,0.0,0.0,0.0,0.0,0.0,620.9238,0.0,0.0,-1.5707964,0.0
1970-01-01 00:00:00.172142957,0.172142957,0.0,0.0,771.7255,0.0,0.0,0.0,0.0,0.0,-1.5707964,0.0
1970-01-01 00:00:00.172146574,0.172146574,0.0,0.0,0.0,0.0,2910.0723,0.0,0.0,0.0,-1.5707964,0.0
1970-01-01 00:00:00.172450003,0.172450003,0.0,0.0,627.03827,0.0,0.0,0.0,0.0,0.0,-1.5707964,0.0
1970-01-01 00:00:00.172526192,0.172526192,0.0,0.0,0.0,0.0,1845.6339,0.0,0.0,0.0,-1.5707964,0.0
1970-01-01 00:00:00.172642251,0.172642251,0.0,0.0,0.0,0.0,0.0,87.280754,0.0,0.0,-1.5707964,0.0
1970-01-01 00:00:00.172646926,0.172646926,0.0,284.45493,0.0,0.0,0.0,0.0,0.0,0.0,-1.5707964,0.0
1970-01-01 00:00:00.172830826,0.172830826,0.0,0.0,671.69525,0.0,0.0,0.0,0.0,0.0,-1.5707964,0.0
1970-01-01 00:00:00.173081689,0.173081689,0.0,0.0,0.0,748.26355,0.0,0.0,0.0,0.0,-1.5707964,0.0
1970-01-01 00:00:00.173084276,0.173084276,0.0,0.0,0.0,288.2705,0.0,0.0,0.0,0.0,-1.5707964,0.0
1970-01-01 00:00:00.173119635,0.173119635,0.0,0.0,3381.7078,0.0,0.0,0.0,0.0,0.0,-1.5707964,0.0
1970-01-01 00:00:00.173223893,0.173223893,0.0,0.0,0.0,473.36642,0.0,0.0,0.0,0.0,-1.5707964,0.0
1970-01-01 00:00:00.173250134,0.173250134,0.0,147.54085,0.0,0.0,0.0,0.0,0.0,0.0,-1.5707964,0.0
1970-01-01 00:00:00.173293974,0.173293974,0.0,0.0,0.0,97.88332,0.0,0.0,0.0,0.0,-1.5707964,0.0
1970-01-01 00:00:00.173343486,0.173343486,0.0,0.0,732.15234,0.0,0.0,0.0,0.0,0.0,-1.5707964,0.0
1970-01-01 00:00:00.173464416,0.173464416,0.0,0.0,0.0,93.44859,0.0,0.0,0.0,0.0,-1.5707964,0.0
1970-01-01 00:00:00.173592831,0.173592831,0.0,0.0,0.0,0.0,0.0,338.7115,0.0,0.0,-1.5707964,0.0
1970-01-01 00:00:00.173626041,0.173626041,0.0,0.0,0.0,0.0,1428.3999,0.0,0.0,0.0,-1.5707964,0.0
1970-01-01 00:00:00.173634688,0.173634688,0.0,1885.9279,0.0,0.0,0.0,0.0,0.0,0.0,-1.5707964,0.0
1970-01-01 00:00:00.173701230,0.17370123,0.0,508.55093,0.0,0.0,0.0,0.0,0.0,0.0,-1.5707964,0.0
1970-01-01 00:00:00.173834899,0.173834899,0.0,0.0,0.0,166.40872,0.0,0.0,0.0,0.0,-1.5707964,0.0
1970-01-01 00:00:00.173892953,0.173892953,0.0,0.0,0.0,1213.376,0.0,0.0,0.0,0.0,-1.5707964,0.0
1970-01-01 00:00:00.173896851,0.173896851,0.0,0.0,0.0,0.0,0.0,197.28558,0.0,0.0,-1.5707964,0.0
1970-01-01 00:00:00.173962404,0.173962404,0.0,0.0,0.0,627.1834,0.0,0.0,0.0,0.0,-1.5707964,0.0
1970-01-01 00:00:00.173997164,0.173997164,460.80853,0.0,0.0,0.0,0.0,0.0,0.0,0.0,-1.5707964,0.0
1970-01-01 00:00:00.173997164,0.173997164,0.0,0.0,2142.188,0.0,0.0,0.0,0.0,0.0,-1.5707964,0.0
1970-01-01 00:00:00.174152110,0.17415211,0.0,241.71829,0.0,0.0,0.0,0.0,0.0,0.0,-1.5707964,0.0
1970-01-01 00:00:00.174199505,0.174199505,0.0,0.0,0.0,0.0,91.855095,0.0,0.0,0.0,-1.5707964,0.0
1970-01-01 00:00:00.174213273,0.174213273,0.0,0.0,0.0,0.0,403.66107,0.0,0.0,0.0,-1.5707964,0.0
1970-01-01 00:00:00.174334203,0.174334203,0.0,0.0,1498.7798,0.0,0.0,0.0,0.0,0.0,-1.5707964,0.0
1970-01-01 00:00:00.174483483,0.174483483,0.0,0.0,0.0,555.39856,0.0,0.0,0.0,0.0,-1.5707964,0.0
1970-01-01 00:00:00.174625368,0.174625368,0.0,0.0,2476.0837,0.0,0.0,0.0,0.0,0.0,-1.5707964,0.0
1970-01-01 00:00:00.174694672,0.174694672,0.0,0.0,0.0,88.351524,0.0,0.0,0.0,0.0,-1.5707964,0.0
1970-01-01 00:00:00.174953277,0.174953277,0.0,0.0,0.0,0.0,0.0,315.5201,0.0,0.0,-1.5707964,0.0
1970-01-01 00:00:00.175060833,0.175060833,0.0,286.98013,0.0,0.0,0.0,0.0,0.0,0.0,-1.5707964,0.0
1970-01-01 00:00:00.175338480,0.17533848,0.0,0.0,548.1598,0.0,0.0,0.0,0.0,0.0,-1.5707964,0.0
1970-01-01 00:00:00.175354872,0.175354872,0.0,0.0,0.0,881.249,0.0,0.0,0.0,0.0,-1.5707964,0.0
1970-01-01 00:00:00.175366871,0.175366871,0.0,0.0,0.0,0.0,0.0,669.0771,0.0,0.0,-1.5707964,0.0
1970-01-01 00:00:00.175418810,0.17541881,0.0,0.0,440.15994,0.0,0.0,0.0,0.0,0.0,-1.5707964,0.0
1970-01-01 00:00:00.175431641,0.175431641,0.0,0.0,0.0,443.9865,0.0,0.0,0.0,0.0,-1.5707964,0.0
1970-01-01 00:00:00.175448879,0.175448879,0.0,0.0,0.0,185.41081,0.0,0.0,0.0,0.0,-1.5707964,0.0
1970-01-01 00:00:00.175486713,0.175486713,0.0,0.0,0.0,0.0,0.0,114.16028,0.0,0.0,-1.5707964,0.0
1970-01-01 00:00:00.175514732,0.175514732,0.0,771.02924,0.0,0.0,0.0,0.0,0.0,0.0,-1.5707964,0.0
1970-01-01 00:00:00.175633908,0.175633908,0.0,0.0,0.0,954.6452,0.0,0.0,0.0,0.0,-1.5707964,0.0
1970-01-01 00:00:00.175640195,0.175640195,80.814964,0.0,0.0,0.0,0.0,0.0,0.0,0.0,-1.5707964,0.0
1970-01-01 00:00:00.175684060,0.17568406,0.0,0.0,0.0,0.0,0.0,116.588554,0.0,0.0,-1.5707964,0.0
1970-01-01 00:00:00.175719554,0.175719554,0.0,0.0,0.0,197.2677,0.0,0.0,0.0,0.0,-1.5707964,0.0
1970-01-01 00:00:00.175851854,0.175851854,0.0,0.0,0.0,0.0,284.7818,0.0,0.0,0.0,-1.5707964,0.0
1970-01-01 00:00:00.175851918,0.175851918,0.0,0.0,0.0,0.0,0.0,222.3736,0.0,0.0,-1.5707964,0.0
1970-01-01 00:00:00.175973056,0.175973056,0.0,0.0,0.0,169.84706,0.0,0.0,0.0,0.0,-1.5707964,0.0
1970-01-01 00:00:00.176197786,0.176197786,0.0,0.0,734.0796,0.0,0.0,0.0,0.0,0.0,-1.5707964,0.0
1970-01-01 00:00:00.176200267,0.176200267,0.0,0.0,0.0,81.0624,0.0,0.0,0.0,0.0,-1.5707964,0.0
1970-01-01 00:00:00.176249410,0.17624941,0.0,880.6757,0.0,0.0,0.0,0.0,0.0,0.0,-1.5707964,0.0
1970-01-01 00:00:00.176252378,0.176252378,0.0,0.0,384.6372,0.0,0.0,0.0,0.0,0.0,-1.5707964,0.0
1970-01-01 00:00:00.176264116,0.176264116,0.0,0.0,0.0,0.0,105.18246,0.0,0.0,0.0,-1.5707964,0.0
1970-01-01 00:00:00.176264116,0.176264116,0.0,0.0,0.0,0.0,337.01086,0.0,0.0,0.0,-1.5707964,0.0
1970-01-01 00:00:00.176279186,0.176279186,0.0,0.0,0.0,521.1628,0.0,0.0,0.0,0.0,-1.5707964,0.0
1970-01-01 00:00:00.176325245,0.176325245,0.0,0.0,0.0,977.5457,0.0,0.0,0.0,0.0,-1.5707964,0.0
1970-01-01 00:00:00.176356584,0.176356584,0.0,0.0,0.0,127.329025,0.0,0.0,0.0,0.0,-1.5707964,0.0
1970-01-01 00:00:00.176549674,0.176549674,0.0,0.0,87.15309,0.0,0.0,0.0,0.0,0.0,-1.5707964,0.0
1970-01-01 00:00:00.176822774,0.176822774,0.0,0.0,0.0,1807.9381,0.0,0.0,0.0,0.0,-1.5707964,0.0
1970-01-01 00:00:00.176895092,0.176895092,0.0,0.0,0.0,522.0039,0.0,0.0,0.0,0.0,-1.5707964,0.0
1970-01-01 00:00:00.176965872,0.176965872,0.0,0.0,0.0,0.0,0.0,363.27493,0.0,0.0,-1.5707964,0.0
1970-01-01 00:00:00.176999991,0.176999991,0.0,0.0,0.0,0.0,0.0,218.04057,0.0,0.0,-1.5707964,0.0
1970-01-01 00:00:00.177014019,0.177014019,0.0,0.0,0.0,0.0,0.0,186.97116,0.0,0.0,-1.5707964,0.0
1970-01-01 00:00:00.177209363,0.177209363,0.0,0.0,89.24522,0.0,0.0,0.0,0.0,0.0,-1.5707964,0.0
1970-01-01 00:00:00.177256151,0.177256151,0.0,0.0,0.0,0.0,0.0,80.10236,0.0,0.0,-1.5707964,0.0
1970-01-01 00:00:00.177304962,0.177304962,0.0,0.0,337.38345,0.0,0.0,0.0,0.0,0.0,-1.5707964,0.0
1970-01-01 00:00:00.177320122,0.177320122,0.0,0.0,0.0,183.30646,0.0,0.0,0.0,0.0,-1.5707964,0.0
1970-01-01 00:00:00.177372749,0.177372749,0.0,0.0,0.0,0.0,0.0,1885.7263,0.0,0.0,-1.5707964,0.0
1970-01-01 00:00:00.177372749,0.177372749,365.9313,0.0,0.0,0.0,0.0,0.0,0.0,0.0,-1.5707964,0.0
1970-01-01 00:00:00.177374562,0.177374562,0.0,0.0,0.0,602.23694,0.0,0.0,0.0,0.0,-1.5707964,0.0
1970-01-01 00:00:00.177494526,0.177494526,0.0,0.0,0.0,2755.9033,0.0,0.0,0.0,0.0,-1.5707964,0.0
1970-01-01 00:00:00.177765450,0.17776545,0.0,0.0,0.0,0.0,0.0,192.60959,0.0,0.0,-1.5707964,0.0
1970-01-01 00:00:00.177772810,0.17777281,0.0,0.0,0.0,578.1572,0.0,0.0,0.0,0.0,-1.5707964,0.0
1970-01-01 00:00:00.177835470,0.17783547,0.0,0.0,0.0,0.0,273.36337,0.0,0.0,0.0,-1.5707964,0.0
1970-01-01 00:00:00.178067242,0.178067242,0.0,0.0,0.0,0.0,620.37585,0.0,0.0,0.0,-1.5707964,0.0
1970-01-01 00:00:00.178072624,0.178072624,0.0,0.0,0.0,0.0,0.0,266.61523,0.0,0.0,-1.5707964,0.0
1970-01-01 00:00:00.178164090,0.17816409,0.0,1069.6553,0.0,0.0,0.0,0.0,0.0,0.0,-1.5707964,0.0
1970-01-01 00:00:00.178180404,0.178180404,0.0,0.0,0.0,155.7585,0.0,0.0,0.0,0.0,-1.5707964,0.0
1970-01-01 00:00:00.178317718,0.178317718,0.0,0.0,0.0,98.86954,0.0,0.0,0.0,0.0,-1.5707964,0.0
1970-01-01 00:00:00.178985108,0.178985108,0.0,0.0,0.0,190.75543,0.0,0.0,0.0,0.0,-1.5707964,0.0
1970-01-01 00:00:00.179051891,0.179051891,0.0,0.0,0.0,253.1537,0.0,0.0,0.0,0.0,-1.5707964,0.0
1970-01-01 00:00:00.179084383,0.179084383,0.0,0.0,0.0,159.79965,0.0,0.0,0.0,0.0,-1.5707964,0.0
1970-01-01 00:00:00.179269935,0.179269935,0.0,0.0,0.0,1055.6034,0.0,0.0,0.0,0.0,-1.5707964,0.0
1970-01-01 00:00:00.179284923,0.179284923,0.0,0.0,0.0,1776.3896,0.0,0.0,0.0,0.0,-1.5707964,0.0
1970-01-01 00:00:00.179323544,0.179323544,0.0,0.0,616.4722,0.0,0.0,0.0,0.0,0.0,-1.5707964,0.0
1970-01-01 00:00:00.179410513,0.179410513,0.0,0.0,0.0,456.58026,0.0,0.0,0.0,0.0,-1.5707964,0.0
1970-01-01 00:00:00.179502962,0.179502962,0.0,0.0,0.0,286.56738,0.0,0.0,0.0,0.0,-1.5707964,0.0
1970-01-01 00:00:00.179581125,0.179581125,0.0,0.0,144.55109,0.0,0.0,0.0,0.0,0.0,-1.5707964,0.0
1970-01-01 00:00:00.179904283,0.179904283,0.0,0.0,0.0,369.8099,0.0,0.0,0.0,0.0,-1.5707964,0.0
1970-01-01 00:00:00.179943706,0.179943706,0.0,0.0,0.0,0.0,0.0,103.86771,0.0,0.0,-1.5707964,0.0
1970-01-01 00:00:00.180161119,0.180161119,0.0,0.0,0.0,172.90833,0.0,0.0,0.0,0.0,-1.5707964,0.0
1970-01-01 00:00:00.180189365,0.180189365,0.0,0.0,0.0,0.0,277.97867,0.0,0.0,0.0,-1.5707964,0.0
1970-01-01 00:00:00.180365924,0.180365924,0.0,0.0,0.0,95.08723,0.0,0.0,0.0,0.0,-1.5707964,0.0
1970-01-01 00:00:00.180423230,0.18042323,0.0,0.0,0.0,123.5774,0.0,0.0,0.0,0.0,-1.5707964,0.0
1970-01-01 00:00:00.180603977,0.180603977,0.0,0.0,0.0,195.20915,0.0,0.0,0.0,0.0,-1.5707964,0.0
1970-01-01 00:00:00.180649349,0.180649349,505.18506,0.0,0.0,0.0,0.0,0.0,0.0,0.0,-1.5707964,0.0
1970-01-01 00:00:00.180723576,0.180723576,0.0,2345.326,0.0,0.0,0.0,0.0,0.0,0.0,-1.5707964,0.0
1970-01-01 00:00:00.180838213,0.180838213,0.0,0.0,105.311745,0.0,0.0,0.0,0.0,0.0,-1.5707964,0.0
1970-01-01 00:00:00.180930434,0.180930434,0.0,0.0,0.0,214.6566,0.0,0.0,0.0,0.0,-1.5707964,0.0
1970-01-01 00:00:00.180972706,0.180972706,0.0,0.0,374.64398,0.0,0.0,0.0,0.0,0.0,-1.5707964,0.0
1970-01-01 00:00:00.181085770,0.18108577,0.0,0.0,0.0,153.84305,0.0,0.0,0.0,0.0,-1.5707964,0.0
1970-01-01 00:00:00.181318146,0.181318146,0.0,0.0,0.0,0.0,0.0,515.35126,0.0,0.0,-1.5707964,0.0
1970-01-01 00:00:00.181343931,0.181343931,0.0,0.0,0.0,207.9632,0.0,0.0,0.0,0.0,-1.5707964,0.0
1970-01-01 00:00:00.181353601,0.181353601,0.0,0.0,0.0,1077.3201,0.0,0.0,0.0,0.0,-1.5707964,0.0
1970-01-01 00:00:00.181608585,0.181608585,0.0,0.0,0.0,521.47754,0.0,0.0,0.0,0.0,-1.5707964,0.0
1970-01-01 00:00:00.181660499,0.181660499,0.0,0.0,0.0,210.4637,0.0,0.0,0.0,0.0,-1.5707964,0.0
1970-01-01 00:00:00.181714406,0.181714406,0.0,0.0,0.0,0.0,0.0,107.91999,0.0,0.0,-1.5707964,0.0
1970-01-01 00:00:00.181775628,0.181775628,0.0,0.0,0.0,320.11447,0.0,0.0,0.0,0.0,-1.5707964,0.0
1970-01-01 00:00:00.181808105,0.181808105,0.0,0.0,2154.283,0.0,0.0,0.0,0.0,0.0,-1.5707964,0.0
1970-01-01 00:00:00.181911705,0.181911705,0.0,0.0,1180.1681,0.0,0.0,0.0,0.0,0.0,-1.5707964,0.0
1970-01-01 00:00:00.182054683,0.182054683,0.0,81.1046,0.0,0.0,0.0,0.0,0.0,0.0,-1.5707964,0.0
1970-01-01 00:00:00.182256219,0.182256219,0.0,0.0,0.0,736.855,0.0,0.0,0.0,0.0,-1.5707964,0.0
1970-01-01 00:00:00.182320327,0.182320327,0.0,0.0,0.0,1733.8317,0.0,0.0,0.0,0.0,-1.5707964,0.0
1970-01-01 00:00:00.182522158,0.182522158,0.0,0.0,0.0,0.0,1428.9415,0.0,0.0,0.0,-1.5707964,0.0
1970-01-01 00:00:00.182640168,0.182640168,0.0,0.0,349.2593,0.0,0.0,0.0,0.0,0.0,-1.5707964,0.0
1970-01-01 00:00:00.182768602,0.182768602,0.0,0.0,134.78336,0.0,0.0,0.0,0.0,0.0,-1.5707964,0.0
1970-01-01 00:00:00.182768602,0.182768602,0.0,0.0,0.0,0.0,131.21512,0.0,0.0,0.0,-1.5707964,0.0
1970-01-01 00:00:00.182802252,0.182802252,0.0,0.0,0.0,155.52028,0.0,0.0,0.0,0.0,-1.5707964,0.0
1970-01-01 00:00:00.182946059,0.182946059,0.0,0.0,0.0,0.0,130.3939,0.0,0.0,0.0,-1.5707964,0.0
1970-01-01 00:00:00.182987016,0.182987016,0.0,0.0,0.0,185.45694,0.0,0.0,0.0,0.0,-1.5707964,0.0
1970-01-01 00:00:00.182990750,0.18299075,269.5467,0.0,0.0,0.0,0.0,0.0,0.0,0.0,-1.5707964,0.0
1970-01-01 00:00:00.183114804,0.183114804,0.0,0.0,389.01672,0.0,0.0,0.0,0.0,0.0,-1.5707964,0.0
1970-01-01 00:00:00.183433862,0.183433862,0.0,0.0,0.0,1052.2178,0.0,0.0,0.0,0.0,-1.5707964,0.0
1970-01-01 00:00:00.183444402,0.183444402,0.0,0.0,0.0,151.10867,0.0,0.0,0.0,0.0,-1.5707964,0.0
1970-01-01 00:00:00.183528943,0.183528943,0.0,0.0,0.0,81.99168,0.0,0.0,0.0,0.0,-1.5707964,0.0
1970-01-01 00:00:00.183620938,0.183620938,0.0,280.4685,0.0,0.0,0.0,0.0,0.0,0.0,-1.5707964,0.0
1970-01-01 00:00:00.183620938,0.183620938,0.0,0.0,0.0,227.35875,0.0,0.0,0.0,0.0,-1.5707964,0.0
1970-01-01 00:00:00.183758658,0.183758658,0.0,0.0,0.0,660.278,0.0,0.0,0.0,0.0,-1.5707964,0.0
1970-01-01 00:00:00.183852453,0.183852453,0.0,82.330605,0.0,0.0,0.0,0.0,0.0,0.0,-1.5707964,0.0
1970-01-01 00:00:00.183854247,0.183854247,0.0,0.0,0.0,469.33694,0.0,0.0,0.0,0.0,-1.5707964,0.0
1970-01-01 00:00:00.183967753,0.183967753,0.0,192.36674,0.0,0.0,0.0,0.0,0.0,0.0,-1.5707964,0.0
1970-01-01 00:00:00.184206356,0.184206356,0.0,0.0,904.91534,0.0,0.0,0.0,0.0,0.0,-1.5707964,0.0
1970-01-01 00:00:00.184241990,0.18424199,0.0,0.0,0.0,0.0,290.76102,0.0,0.0,0.0,-1.5707964,0.0
1970-01-01 00:00:00.184287357,0.184287357,0.0,0.0,498.34406,0.0,0.0,0.0,0.0,0.0,-1.5707964,0.0
1970-01-01 00:00:00.184373121,0.184373121,0.0,0.0,191.33957,0.0,0.0,0.0,0.0,0.0,-1.5707964,0.0
1970-01-01 00:00:00.184462453,0.184462453,0.0,0.0,0.0,117.25867,0.0,0.0,0.0,0.0,-1.5707964,0.0
1970-01-01 00:00:00.184476010,0.18447601,0.0,0.0,554.8141,0.0,0.0,0.0,0.0,0.0,-1.5707964,0.0
1970-01-01 00:00:00.184665735,0.184665735,0.0,0.0,0.0,214.60628,0.0,0.0,0.0,0.0,-1.5707964,0.0
1970-01-01 00:00:00.184749258,0.184749258,0.0,0.0,0.0,326.08508,0.0,0.0,0.0,0.0,-1.5707964,0.0
1970-01-01 00:00:00.184858546,0.184858546,0.0,0.0,0.0,0.0,0.0,563.60565,0.0,0.0,-1.5707964,0.0
1970-01-01 00:00:00.184901868,0.184901868,0.0,0.0,0.0,0.0,286.16922,0.0,0.0,0.0,-1.5707964,0.0
1970-01-01 00:00:00.184908294,0.184908294,0.0,0.0,0.0,92.01742,0.0,0.0,0.0,0.0,-1.5707964,0.0
1970-01-01 00:00:00.184988655,0.184988655,0.0,0.0,0.0,1084.7695,0.0,0.0,0.0,0.0,-1.5707964,0.0
1970-01-01 00:00:00.185043416,0.185043416,0.0,0.0,0.0,440.02496,0.0,0.0,0.0,0.0,-1.5707964,0.0
1970-01-01 00:00:00.185044139,0.185044139,525.59186,0.0,0.0,0.0,0.0,0.0,0.0,0.0,-1.5707964,0.0
1970-01-01 00:00:00.185317245,0.185317245,0.0,0.0,0.0,0.0,148.70903,0.0,0.0,0.0,-1.5707964,0.0
1970-01-01 00:00:00.185393512,0.185393512,0.0,0.0,535.40656,0.0,0.0,0.0,0.0,0.0,-1.5707964,0.0
1970-01-01 00:00:00.185435569,0.185435569,0.0,0.0,0.0,215.567,0.0,0.0,0.0,0.0,-1.5707964,0.0
1970-01-01 00:00:00.185463102,0.185463102,0.0,0.0,0.0,0.0,348.03806,0.0,0.0,0.0,-1.5707964,0.0
1970-01-01 00:00:00.185480946,0.185480946,0.0,112.614716,0.0,0.0,0.0,0.0,0.0,0.0,-1.5707964,0.0
1970-01-01 00:00:00.185508785,0.185508785,0.0,0.0,870.538,0.0,0.0,0.0,0.0,0.0,-1.5707964,0.0
1970-01-01 00:00:00.185678971,0.185678971,0.0,88.97404,0.0,0.0,0.0,0.0,0.0,0.0,-1.5707964,0.0
1970-01-01 00:00:00.185730998,0.185730998,0.0,0.0,0.0,0.0,174.91527,0.0,0.0,0.0,-1.5707964,0.0
1970-01-01 00:00:00.185785287,0.185785287,0.0,0.0,0.0,0.0,148.4725,0.0,0.0,0.0,-1.5707964,0.0
1970-01-01 00:00:00.185928041,0.185928041,0.0,0.0,359.8599,0.0,0.0,0.0,0.0,0.0,-1.5707964,0.0
1970-01-01 00:00:00.185928041,0.185928041,0.0,0.0,0.0,0.0,4356.047,0.0,0.0,0.0,-1.5707964,0.0
1970-01-01 00:00:00.185955942,0.185955942,0.0,0.0,0.0,0.0,0.0,661.81415,0.0,0.0,-1.5707964,0.0
1970-01-01 00:00:00.186077053,0.186077053,0.0,0.0,849.3034,0.0,0.0,0.0,0.0,0.0,-1.5707964,0.0
1970-01-01 00:00:00.186194553,0.186194553,0.0,0.0,0.0,647.85205,0.0,0.0,0.0,0.0,-1.5707964,0.0
1970-01-01 00:00:00.186238131,0.186238131,0.0,375.7084,0.0,0.0,0.0,0.0,0.0,0.0,-1.5707964,0.0
1970-01-01 00:00:00.186270551,0.186270551,0.0,0.0,0.0,307.77338,0.0,0.0,0.0,0.0,-1.5707964,0.0
1970-01-01 00:00:00.186467682,0.186467682,0.0,0.0,0.0,455.13263,0.0,0.0,0.0,0.0,-1.5707964,0.0
1970-01-01 00:00:00.186486232,0.186486232,0.0,0.0,328.4277,0.0,0.0,0.0,0.0,0.0,-1.5707964,0.0
1970-01-01 00:00:00.186545126,0.186545126,0.0,0.0,0.0,0.0,145.12738,0.0,0.0,0.0,-1.5707964,0.0
1970-01-01 00:00:00.186721508,0.186721508,0.0,0.0,238.77715,0.0,0.0,0.0,0.0,0.0,-1.5707964,0.0
1970-01-01 00:00:00.186727149,0.186727149,0.0,0.0,0.0,0.0,208.05458,0.0,0.0,0.0,-1.5707964,0.0
1970-01-01 00:00:00.186899127,0.186899127,0.0,0.0,0.0,254.64505,0.0,0.0,0.0,0.0,-1.5707964,0.0
1970-01-01 00:00:00.186936982,0.186936982,0.0,0.0,0.0,333.8744,0.0,0.0,0.0,0.0,-1.5707964,0.0
1970-01-01 00:00:00.186957340,0.18695734,0.0,0.0,0.0,0.0,0.0,180.2351,0.0,0.0,-1.5707964,0.0
1970-01-01 00:00:00.186983598,0.186983598,0.0,0.0,0.0,0.0,239.38243,0.0,0.0,0.0,-1.5707964,0.0
1970-01-01 00:00:00.187096753,0.187096753,0.0,0.0,0.0,0.0,123.121124,0.0,0.0,0.0,-1.5707964,0.0
1970-01-01 00:00:00.187179322,0.187179322,0.0,0.0,0.0,750.9432,0.0,0.0,0.0,0.0,-1.5707964,0.0
1970-01-01 00:00:00.187198264,0.187198264,0.0,0.0,0.0,152.30682,0.0,0.0,0.0,0.0,-1.5707964,0.0
1970-01-01 00:00:00.187304475,0.187304475,0.0,0.0,0.0,152.51056,0.0,0.0,0.0,0.0,-1.5707964,0.0
1970-01-01 00:00:00.187313865,0.187313865,0.0,472.99197,0.0,0.0,0.0,0.0,0.0,0.0,-1.5707964,0.0
1970-01-01 00:00:00.187313865,0.187313865,0.0,0.0,0.0,901.21216,0.0,0.0,0.0,0.0,-1.5707964,0.0
1970-01-01 00:00:00.187323754,0.187323754,0.0,0.0,0.0,105.456375,0.0,0.0,0.0,0.0,-1.5707964,0.0
1970-01-01 00:00:00.187491316,0.187491316,0.0,0.0,627.64606,0.0,0.0,0.0,0.0,0.0,-1.5707964,0.0
1970-01-01 00:00:00.187541578,0.187541578,521.79785,0.0,0.0,0.0,0.0,0.0,0.0,0.0,-1.5707964,0.0
1970-01-01 00:00:00.187786367,0.187786367,0.0,0.0,0.0,85.407814,0.0,0.0,0.0,0.0,-1.5707964,0.0
1970-01-01 00:00:00.187881806,0.187881806,0.0,0.0,0.0,242.94083,0.0,0.0,0.0,0.0,-1.5707964,0.0
1970-01-01 00:00:00.188088989,0.188088989,0.0,0.0,673.1566,0.0,0.0,0.0,0.0,0.0,-1.5707964,0.0
1970-01-01 00:00:00.188305830,0.18830583,0.0,0.0,3022.8005,0.0,0.0,0.0,0.0,0.0,-1.5707964,0.0
1970-01-01 00:00:00.188345224,0.188345224,0.0,0.0,0.0,760.01904,0.0,0.0,0.0,0.0,-1.5707964,0.0
1970-01-01 00:00:00.188404770,0.18840477,0.0,0.0,0.0,535.1881,0.0,0.0,0.0,0.0,-1.5707964,0.0
1970-01-01 00:00:00.188445636,0.188445636,0.0,552.8683,0.0,0.0,0.0,0.0,0.0,0.0,-1.5707964,0.0
1970-01-01 00:00:00.188602024,0.188602024,0.0,0.0,963.8545,0.0,0.0,0.0,0.0,0.0,-1.5707964,0.0
1970-01-01 00:00:00.188662144,0.188662144,0.0,0.0,488.6823,0.0,0.0,0.0,0.0,0.0,-1.5707964,0.0
1970-01-01 00:00:00.188702460,0.18870246,0.0,0.0,0.0,0.0,0.0,669.4329,0.0,0.0,-1.5707964,0.0
1970-01-01 00:00:00.188801520,0.18880152,0.0,1230.4517,0.0,0.0,0.0,0.0,0.0,0.0,-1.5707964,0.0
1970-01-01 00:00:00.188844614,0.188844614,0.0,0.0,0.0,0.0,0.0,280.94168,0.0,0.0,-1.5707964,0.0
1970-01-01 00:00:00.188872751,0.188872751,0.0,0.0,0.0,0.0,742.846,0.0,0.0,0.0,-1.5707964,0.0
1970-01-01 00:00:00.188914073,0.188914073,0.0,0.0,217.94267,0.0,0.0,0.0,0.0,0.0,-1.5707964,0.0
1970-01-01 00:00:00.189018148,0.189018148,0.0,0.0,360.91595,0.0,0.0,0.0,0.0,0.0,-1.5707964,0.0
1970-01-01 00:00:00.189493631,0.189493631,0.0,584.45123,0.0,0.0,0.0,0.0,0.0,0.0,-1.5707964,0.0
1970-01-01 00:00:00.189494054,0.189494054,0.0,0.0,0.0,819.2759,0.0,0.0,0.0,0.0,-1.5707964,0.0
1970-01-01 00:00:00.189685043,0.189685043,0.0,0.0,334.05518,0.0,0.0,0.0,0.0,0.0,-1.5707964,0.0
1970-01-01 00:00:00.189691230,0.18969123,0.0,0.0,0.0,0.0,228.42676,0.0,0.0,0.0,-1.5707964,0.0
1970-01-01 00:00:00.189691230,0.18969123,0.0,0.0,782.2019,0.0,0.0,0.0,0.0,0.0,-1.5707964,0.0
1970-01-01 00:00:00.189702298,0.189702298,0.0,0.0,0.0,0.0,0.0,118.34553,0.0,0.0,-1.5707964,0.0
1970-01-01 00:00:00.189787175,0.189787175,0.0,0.0,653.60675,0.0,0.0,0.0,0.0,0.0,-1.5707964,0.0
1970-01-01 00:00:00.190060580,0.19006058,0.0,0.0,0.0,161.9997,0.0,0.0,0.0,0.0,-1.5707964,0.0
1970-01-01 00:00:00.190103286,0.190103286,0.0,0.0,0.0,115.29121,0.0,0.0,0.0,0.0,-1.5707964,0.0
1970-01-01 00:00:00.190105930,0.19010593,0.0,0.0,0.0,173.07185,0.0,0.0,0.0,0.0,-1.5707964,0.0
1970-01-01 00:00:00.190283185,0.190283185,0.0,0.0,0.0,0.0,0.0,1915.6934,0.0,0.0,-1.5707964,0.0
1970-01-01 00:00:00.190316486,0.190316486,0.0,0.0,0.0,1618.322,0.0,0.0,0.0,0.0,-1.5707964,0.0
1970-01-01 00:00:00.190362195,0.190362195,0.0,0.0,556.1502,0.0,0.0,0.0,0.0,0.0,-1.5707964,0.0
1970-01-01 00:00:00.190390150,0.19039015,0.0,0.0,0.0,0.0,0.0,98.08912,0.0,0.0,-1.5707964,0.0
1970-01-01 00:00:00.190394286,0.190394286,240.52013,0.0,0.0,0.0,0.0,0.0,0.0,0.0,-1.5707964,0.0
1970-01-01 00:00:00.190540649,0.190540649,111.456894,0.0,0.0,0.0,0.0,0.0,0.0,0.0,-1.5707964,0.0
1970-01-01 00:00:00.190540649,0.190540649,0.0,0.0,639.44794,0.0,0.0,0.0,0.0,0.0,-1.5707964,0.0
1970-01-01 00:00:00.190555001,0.190555001,0.0,0.0,0.0,0.0,126.28677,0.0,0.0,0.0,-1.5707964,0.0
1970-01-01 00:00:00.190620776,0.190620776,0.0,0.0,2210.6108,0.0,0.0,0.0,0.0,0.0,-1.5707964,0.0
1970-01-01 00:00:00.190625137,0.190625137,0.0,0.0,798.1459,0.0,0.0,0.0,0.0,0.0,-1.5707964,0.0
1970-01-01 00:00:00.190644015,0.190644015,0.0,0.0,0.0,1021.9672,0.0,0.0,0.0,0.0,-1.5707964,0.0
1970-01-01 00:00:00.190671076,0.190671076,0.0,0.0,671.8213,0.0,0.0,0.0,0.0,0.0,-1.5707964,0.0
1970-01-01 00:00:00.190730437,0.190730437,0.0,0.0,0.0,0.0,0.0,1367.0333,0.0,0.0,-1.5707964,0.0
1970-01-01 00:00:00.190765348,0.190765348,0.0,0.0,0.0,1125.1094,0.0,0.0,0.0,0.0,-1.5707964,0.0
1970-01-01 00:00:00.190765385,0.190765385,0.0,285.4241,0.0,0.0,0.0,0.0,0.0,0.0,-1.5707964,0.0
1970-01-01 00:00:00.190789909,0.190789909,0.0,0.0,533.8251,0.0,0.0,0.0,0.0,0.0,-1.5707964,0.0
1970-01-01 00:00:00.190789909,0.190789909,0.0,0.0,1118.7952,0.0,0.0,0.0,0.0,0.0,-1.5707964,0.0
1970-01-01 00:00:00.190851426,0.190851426,0.0,0.0,0.0,0.0,0.0,200.4946,0.0,0.0,-1.5707964,0.0
1970-01-01 00:00:00.190932671,0.190932671,0.0,0.0,0.0,0.0,963.4418,0.0,0.0,0.0,-1.5707964,0.0
1970-01-01 00:00:00.190984581,0.190984581,0.0,0.0,281.79327,0.0,0.0,0.0,0.0,0.0,-1.5707964,0.0
1970-01-01 00:00:00.191028696,0.191028696,0.0,0.0,0.0,235.26544,0.0,0.0,0.0,0.0,-1.5707964,0.0
1970-01-01 00:00:00.191215329,0.191215329,0.0,0.0,0.0,0.0,655.4312,0.0,0.0,0.0,-1.5707964,0.0
1970-01-01 00:00:00.191294156,0.191294156,0.0,0.0,0.0,177.53935,0.0,0.0,0.0,0.0,-1.5707964,0.0
1970-01-01 00:00:00.191422572,0.191422572,0.0,0.0,951.0842,0.0,0.0,0.0,0.0,0.0,-1.5707964,0.0
1970-01-01 00:00:00.191442731,0.191442731,0.0,0.0,264.37482,0.0,0.0,0.0,0.0,0.0,-1.5707964,0.0
1970-01-01 00:00:00.191575480,0.19157548,0.0,0.0,0.0,0.0,0.0,1256.0387,0.0,0.0,-1.5707964,0.0
1970-01-01 00:00:00.191667560,0.19166756,0.0,0.0,3361.6736,0.0,0.0,0.0,0.0,0.0,-1.5707964,0.0
1970-01-01 00:00:00.191761737,0.191761737,0.0,0.0,0.0,0.0,0.0,289.08102,0.0,0.0,-1.5707964,0.0
1970-01-01 00:00:00.191801183,0.191801183,0.0,0.0,0.0,735.6726,0.0,0.0,0.0,0.0,-1.5707964,0.0
1970-01-01 00:00:00.191830687,0.191830687,0.0,112.031494,0.0,0.0,0.0,0.0,0.0,0.0,-1.5707964,0.0
1970-01-01 00:00:00.191885659,0.191885659,0.0,0.0,0.0,253.28201,0.0,0.0,0.0,0.0,-1.5707964,0.0
1970-01-01 00:00:00.191988010,0.19198801,0.0,0.0,221.94907,0.0,0.0,0.0,0.0,0.0,-1.5707964,0.0
1970-01-01 00:00:00.192102523,0.192102523,0.0,0.0,0.0,339.88177,0.0,0.0,0.0,0.0,-1.5707964,0.0
1970-01-01 00:00:00.192170523,0.192170523,0.0,0.0,250.90253,0.0,0.0,0.0,0.0,0.0,-1.5707964,0.0
1970-01-01 00:00:00.192433760,0.19243376,0.0,0.0,0.0,0.0,810.15497,0.0,0.0,0.0,-1.5707964,0.0
1970-01-01 00:00:00.192565615,0.192565615,0.0,0.0,0.0,110.61348,0.0,0.0,0.0,0.0,-1.5707964,0.0
1970-01-01 00:00:00.192899029,0.192899029,0.0,0.0,0.0,475.75192,0.0,0.0,0.0,0.0,-1.5707964,0.0
1970-01-01 00:00:00.192916709,0.192916709,0.0,0.0,0.0,277.20572,0.0,0.0,0.0,0.0,-1.5707964,0.0
1970-01-01 00:00:00.192947933,0.192947933,0.0,0.0,0.0,0.0,0.0,87.52658,0.0,0.0,-1.5707964,0.0
1970-01-01 00:00:00.192984479,0.192984479,0.0,0.0,0.0,190.75856,0.0,0.0,0.0,0.0,-1.5707964,0.0
1970-01-01 00:00:00.193115335,0.193115335,0.0,0.0,0.0,0.0,0.0,113.75537,0.0,0.0,-1.5707964,0.0
1970-01-01 00:00:00.193119490,0.19311949,0.0,106.86876,0.0,0.0,0.0,0.0,0.0,0.0,-1.5707964,0.0
1970-01-01 00:00:00.193210494,0.193210494,0.0,1255.6478,0.0,0.0,0.0,0.0,0.0,0.0,-1.5707964,0.0
1970-01-01 00:00:00.193221289,0.193221289,0.0,0.0,195.48135,0.0,0.0,0.0,0.0,0.0,-1.5707964,0.0
1970-01-01 00:00:00.193335655,0.193335655,0.0,0.0,420.81793,0.0,0.0,0.0,0.0,0.0,-1.5707964,0.0
1970-01-01 00:00:00.193992894,0.193992894,0.0,0.0,0.0,0.0,0.0,570.89233,0.0,0.0,-1.5707964,0.0
1970-01-01 00:00:00.194013190,0.19401319,0.0,464.35007,0.0,0.0,0.0,0.0,0.0,0.0,-1.5707964,0.0
1970-01-01 00:00:00.194370890,0.19437089,0.0,0.0,0.0,1419.3407,0.0,0.0,0.0,0.0,-1.5707964,0.0
1970-01-01 00:00:00.194377430,0.19437743,0.0,0.0,1055.3802,0.0,0.0,0.0,0.0,0.0,-1.5707964,0.0
1970-01-01 00:00:00.194574027,0.194574027,0.0,155.16704,0.0,0.0,0.0,0.0,0.0,0.0,-1.5707964,0.0
1970-01-01 00:00:00.194714982,0.194714982,0.0,0.0,298.30048,0.0,0.0,0.0,0.0,0.0,-1.5707964,0.0
1970-01-01 00:00:00.194748843,0.194748843,0.0,0.0,0.0,0.0,347.4365,0.0,0.0,0.0,-1.5707964,0.0
1970-01-01 00:00:00.194780639,0.194780639,0.0,0.0,0.0,530.59625,0.0,0.0,0.0,0.0,-1.5707964,0.0
1970-01-01 00:00:00.194797171,0.194797171,0.0,0.0,0.0,0.0,0.0,112.58275,0.0,0.0,-1.5707964,0.0
1970-01-01 00:00:00.194828048,0.194828048,0.0,0.0,0.0,155.55382,0.0,0.0,0.0,0.0,-1.5707964,0.0
1970-01-01 00:00:00.194968089,0.194968089,0.0,0.0,570.01025,0.0,0.0,0.0,0.0,0.0,-1.5707964,0.0
1970-01-01 00:00:00.195110631,0.195110631,0.0,0.0,0.0,0.0,419.9869,0.0,0.0,0.0,-1.5707964,0.0
1970-01-01 00:00:00.195274993,0.195274993,0.0,0.0,0.0,0.0,0.0,152.42854,0.0,0.0,-1.5707964,0.0
1970-01-01 00:00:00.195361141,0.195361141,0.0,0.0,298.29895,0.0,0.0,0.0,0.0,0.0,-1.5707964,0.0
1970-01-01 00:00:00.195392849,0.195392849,0.0,0.0,3018.9734,0.0,0.0,0.0,0.0,0.0,-1.5707964,0.0
1970-01-01 00:00:00.195394049,0.195394049,0.0,295.08453,0.0,0.0,0.0,0.0,0.0,0.0,-1.5707964,0.0
1970-01-01 00:00:00.195406499,0.195406499,0.0,0.0,304.47327,0.0,0.0,0.0,0.0,0.0,-1.5707964,0.0
1970-01-01 00:00:00.195465158,0.195465158,0.0,0.0,0.0,0.0,608.40906,0.0,0.0,0.0,-1.5707964,0.0
1970-01-01 00:00:00.195465158,0.195465158,238.63715,0.0,0.0,0.0,0.0,0.0,0.0,0.0,-1.5707964,0.0
1970-01-01 00:00:00.195473627,0.195473627,0.0,0.0,885.77295,0.0,0.0,0.0,0.0,0.0,-1.5707964,0.0
1970-01-01 00:00:00.195474369,0.195474369,0.0,0.0,0.0,0.0,124.817,0.0,0.0,0.0,-1.5707964,0.0
1970-01-01 00:00:00.195482889,0.195482889,0.0,0.0,0.0,0.0,576.47833,0.0,0.0,0.0,-1.5707964,0.0
1970-01-01 00:00:00.195635143,0.195635143,516.5041,0.0,0.0,0.0,0.0,0.0,0.0,0.0,-1.5707964,0.0
1970-01-01 00:00:00.195932871,0.195932871,0.0,0.0,0.0,0.0,0.0,333.34897,0.0,0.0,-1.5707964,0.0
1970-01-01 00:00:00.195957168,0.195957168,0.0,0.0,331.0642,0.0,0.0,0.0,0.0,0.0,-1.5707964,0.0
1970-01-01 00:00:00.196110634,0.196110634,0.0,0.0,292.09683,0.0,0.0,0.0,0.0,0.0,-1.5707964,0.0
1970-01-01 00:00:00.196115420,0.19611542,0.0,0.0,0.0,381.14548,0.0,0.0,0.0,0.0,-1.5707964,0.0
1970-01-01 00:00:00.196156697,0.196156697,0.0,0.0,0.0,89.88539,0.0,0.0,0.0,0.0,-1.5707964,0.0
1970-01-01 00:00:00.196196018,0.196196018,0.0,0.0,0.0,0.0,174.66641,0.0,0.0,0.0,-1.5707964,0.0
1970-01-01 00:00:00.196246379,0.196246379,0.0,946.6327,0.0,0.0,0.0,0.0,0.0,0.0,-1.5707964,0.0
1970-01-01 00:00:00.196283724,0.196283724,0.0,0.0,0.0,130.99153,0.0,0.0,0.0,0.0,-1.5707964,0.0
1970-01-01 00:00:00.196290088,0.196290088,0.0,0.0,0.0,161.26782,0.0,0.0,0.0,0.0,-1.5707964,0.0
1970-01-01 00:00:00.196323373,0.196323373,0.0,0.0,0.0,0.0,0.0,115.89305,0.0,0.0,-1.5707964,0.0
1970-01-01 00:00:00.196381111,0.196381111,0.0,650.6445,0.0,0.0,0.0,0.0,0.0,0.0,-1.5707964,0.0
1970-01-01 00:00:00.196462959,0.196462959,0.0,0.0,0.0,288.8959,0.0,0.0,0.0,0.0,-1.5707964,0.0
1970-01-01 00:00:00.196849917,0.196849917,0.0,0.0,147.28601,0.0,0.0,0.0,0.0,0.0,-1.5707964,0.0
1970-01-01 00:00:00.196861468,0.196861468,0.0,0.0,0.0,272.39764,0.0,0.0,0.0,0.0,-1.5707964,0.0
1970-01-01 00:00:00.196904641,0.196904641,0.0,0.0,0.0,1042.4525,0.0,0.0,0.0,0.0,-1.5707964,0.0
1970-01-01 00:00:00.196959690,0.19695969,0.0,0.0,92.52801,0.0,0.0,0.0,0.0,0.0,-1.5707964,0.0
1970-01-01 00:00:00.197070279,0.197070279,0.0,0.0,0.0,0.0,98.57911,0.0,0.0,0.0,-1.5707964,0.0
1970-01-01 00:00:00.197086487,0.197086487,0.0,0.0,0.0,0.0,1069.5619,0.0,0.0,0.0,-1.5707964,0.0
1970-01-01 00:00:00.197207699,0.197207699,0.0,0.0,96.94919,0.0,0.0,0.0,0.0,0.0,-1.5707964,0.0
1970-01-01 00:00:00.197470920,0.19747092,0.0,0.0,0.0,668.78345,0.0,0.0,0.0,0.0,-1.5707964,0.0
1970-01-01 00:00:00.197572122,0.197572122,0.0,0.0,0.0,688.9264,0.0,0.0,0.0,0.0,-1.5707964,0.0
1970-01-01 00:00:00.197669852,0.197669852,0.0,188.54297,0.0,0.0,0.0,0.0,0.0,0.0,-1.5707964,0.0
1970-01-01 00:00:00.197721548,0.197721548,0.0,396.77966,0.0,0.0,0.0,0.0,0.0,0.0,-1.5707964,0.0
1970-01-01 00:00:00.197737007,0.197737007,0.0,0.0,0.0,118.65791,0.0,0.0,0.0,0.0,-1.5707964,0.0
1970-01-01 00:00:00.197750904,0.197750904,0.0,99.203316,0.0,0.0,0.0,0.0,0.0,0.0,-1.5707964,0.0
1970-01-01 00:00:00.197813155,0.197813155,0.0,0.0,227.75595,0.0,0.0,0.0,0.0,0.0,-1.5707964,0.0
1970-01-01 00:00:00.197905294,0.197905294,0.0,0.0,0.0,118.01304,0.0,0.0,0.0,0.0,-1.5707964,0.0
1970-01-01 00:00:00.198017225,0.198017225,0.0,0.0,0.0,267.68103,0.0,0.0,0.0,0.0,-1.5707964,0.0
1970-01-01 00:00:00.198059310,0.19805931,0.0,0.0,662.63605,0.0,0.0,0.0,0.0,0.0,-1.5707964,0.0
1970-01-01 00:00:00.198436975,0.198436975,0.0,0.0,0.0,0.0,0.0,1196.1504,0.0,0.0,-1.5707964,0.0
1970-01-01 00:00:00.198444858,0.198444858,0.0,0.0,0.0,0.0,0.0,307.1524,0.0,0.0,-1.5707964,0.0
1970-01-01 00:00:00.198553127,0.198553127,0.0,0.0,1243.578,0.0,0.0,0.0,0.0,0.0,-1.5707964,0.0
1970-01-01 00:00:00.198574414,0.198574414,0.0,0.0,0.0,166.00275,0.0,0.0,0.0,0.0,-1.5707964,0.0
1970-01-01 00:00:00.198648512,0.198648512,0.0,0.0,0.0,320.34613,0.0,0.0,0.0,0.0,-1.5707964,0.0
1970-01-01 00:00:00.198687006,0.198687006,0.0,0.0,0.0,149.17891,0.0,0.0,0.0,0.0,-1.5707964,0.0
1970-01-01 00:00:00.198694491,0.198694491,0.0,216.02246,0.0,0.0,0.0,0.0,0.0,0.0,-1.5707964,0.0
1970-01-01 00:00:00.198694491,0.198694491,0.0,852.7681,0.0,0.0,0.0,0.0,0.0,0.0,-1.5707964,0.0
1970-01-01 00:00:00.198737254,0.198737254,90.52514,0.0,0.0,0.0,0.0,0.0,0.0,0.0,-1.5707964,0.0
1970-01-01 00:00:00.199004750,0.19900475,0.0,0.0,0.0,109.13553,0.0,0.0,0.0,0.0,-1.5707964,0.0
1970-01-01 00:00:00.199053557,0.199053557,0.0,0.0,0.0,0.0,219.4888,0.0,0.0,0.0,-1.5707964,0.0
1970-01-01 00:00:00.199312100,0.1993121,0.0,0.0,0.0,154.38258,0.0,0.0,0.0,0.0,-1.5707964,0.0
1970-01-01 00:00:00.199434650,0.19943465,0.0,0.0,0.0,0.0,0.0,116.22235,0.0,0.0,-1.5707964,0.0
1970-01-01 00:00:00.199636900,0.1996369,0.0,0.0,0.0,341.7553,0.0,0.0,0.0,0.0,-1.5707964,0.0
1970-01-01 00:00:00.199674640,0.19967464,0.0,0.0,0.0,1182.1221,0.0,0.0,0.0,0.0,-1.5707964,0.0
1970-01-01 00:00:00.199747380,0.19974738,0.0,0.0,0.0,689.6289,0.0,0.0,0.0,0.0,-1.5707964,0.0
1970-01-01 00:00:00.199796388,0.199796388,0.0,132.88994,0.0,0.0,0.0,0.0,0.0,0.0,-1.5707964,0.0
1970-01-01 00:00:00.199821585,0.199821585,0.0,0.0,0.0,0.0,277.0736,0.0,0.0,0.0,-1.5707964,0.0
1970-01-01 00:00:00.199869203,0.199869203,0.0,179.16531,0.0,0.0,0.0,0.0,0.0,0.0,-1.5707964,0.0
1970-01-01 00:00:00.199996741,0.199996741,0.0,0.0,0.0,136.34879,0.0,0.0,0.0,0.0,-1.5707964,0.0
1970-01-01 00:00:00.200061387,0.200061387,0.0,0.0,0.0,0.0,0.0,175.33951,0.0,0.0,-1.5707964,0.0
1970-01-01 00:00:00.200121951,0.200121951,0.0,0.0,258.789,0.0,0.0,0.0,0.0,0.0,-1.5707964,0.0
1970-01-01 00:00:00.200196432,0.200196432,0.0,0.0,157.47964,0.0,0.0,0.0,0.0,0.0,-1.5707964,0.0
1970-01-01 00:00:00.200360169,0.200360169,0.0,0.0,0.0,1054.1641,0.0,0.0,0.0,0.0,-1.5707964,0.0
1970-01-01 00:00:00.200401958,0.200401958,0.0,0.0,0.0,0.0,0.0,162.3207,0.0,0.0,-1.5707964,0.0
1970-01-01 00:00:00.200575042,0.200575042,0.0,0.0,0.0,0.0,417.11545,0.0,0.0,0.0,-1.5707964,0.0
1970-01-01 00:00:00.200613044,0.200613044,0.0,0.0,0.0,0.0,1107.472,0.0,0.0,0.0,-1.5707964,0.0
1970-01-01 00:00:00.200613428,0.200613428,0.0,98.020386,0.0,0.0,0.0,0.0,0.0,0.0,-1.5707964,0.0
1970-01-01 00:00:00.200856280,0.20085628,0.0,0.0,409.22775,0.0,0.0,0.0,0.0,0.0,-1.5707964,0.0
1970-01-01 00:00:00.200860793,0.200860793,0.0,0.0,0.0,719.61975,0.0,0.0,0.0,0.0,-1.5707964,0.0
1970-01-01 00:00:00.200889666,0.200889666,0.0,0.0,0.0,534.5767,0.0,0.0,0.0,0.0,-1.5707964,0.0
1970-01-01 00:00:00.200906624,0.200906624,0.0,0.0,262.62286,0.0,0.0,0.0,0.0,0.0,-1.5707964,0.0
1970-01-01 00:00:00.200938560,0.20093856,0.0,0.0,0.0,532.77997,0.0,0.0,0.0,0.0,-1.5707964,0.0
1970-01-01 00:00:00.201564207,0.201564207,0.0,0.0,2636.6365,0.0,0.0,0.0,0.0,0.0,-1.5707964,0.0
1970-01-01 00:00:00.201637699,0.201637699,0.0,0.0,0.0,0.0,1628.2388,0.0,0.0,0.0,-1.5707964,0.0
1970-01-01 00:00:00.201729495,0.201729495,0.0,0.0,0.0,380.3587,0.0,0.0,0.0,0.0,-1.5707964,0.0
1970-01-01 00:00:00.201882142,0.201882142,0.0,0.0,0.0,0.0,0.0,96.239456,0.0,0.0,-1.5707964,0.0
1970-01-01 00:00:00.201902979,0.201902979,0.0,110.111275,0.0,0.0,0.0,0.0,0.0,0.0,-1.5707964,0.0
1970-01-01 00:00:00.201956446,0.201956446,0.0,1705.5756,0.0,0.0,0.0,0.0,0.0,0.0,-1.5707964,0.0
1970-01-01 00:00:00.202035366,0.202035366,0.0,0.0,0.0,81.4573,0.0,0.0,0.0,0.0,-1.5707964,0.0
1970-01-01 00:00:00.202114808,0.202114808,0.0,0.0,0.0,1275.292,0.0,0.0,0.0,0.0,-1.5707964,0.0
1970-01-01 00:00:00.202118470,0.20211847,0.0,0.0,0.0,89.88429,0.0,0.0,0.0,0.0,-1.5707964,0.0
1970-01-01 00:00:00.202123290,0.20212329,0.0,0.0,0.0,0.0,687.3369,0.0,0.0,0.0,-1.5707964,0.0
1970-01-01 00:00:00.202396395,0.202396395,0.0,0.0,0.0,0.0,0.0,403.6239,0.0,0.0,-1.5707964,0.0
1970-01-01 00:00:00.202524148,0.202524148,0.0,0.0,231.32956,0.0,0.0,0.0,0.0,0.0,-1.5707964,0.0
1970-01-01 00:00:00.202809304,0.202809304,0.0,0.0,290.62302,0.0,0.0,0.0,0.0,0.0,-1.5707964,0.0
1970-01-01 00:00:00.202868982,0.202868982,0.0,0.0,0.0,0.0,0.0,239.3618,0.0,0.0,-1.5707964,0.0
1970-01-01 00:00:00.202941820,0.20294182,0.0,0.0,594.2471,0.0,0.0,0.0,0.0,0.0,-1.5707964,0.0
1970-01-01 00:00:00.202953335,0.202953335,0.0,0.0,0.0,132.92482,0.0,0.0,0.0,0.0,-1.5707964,0.0
1970-01-01 00:00:00.202955259,0.202955259,0.0,0.0,598.9388,0.0,0.0,0.0,0.0,0.0,-1.5707964,0.0
1970-01-01 00:00:00.202960988,0.202960988,0.0,374.9483,0.0,0.0,0.0,0.0,0.0,0.0,-1.5707964,0.0
1970-01-01 00:00:00.203023792,0.203023792,0.0,0.0,0.0,0.0,1114.3617,0.0,0.0,0.0,-1.5707964,0.0
1970-01-01 00:00:00.203204112,0.203204112,0.0,356.55478,0.0,0.0,0.0,0.0,0.0,0.0,-1.5707964,0.0
1970-01-01 00:00:00.203399307,0.203399307,201.87093,0.0,0.0,0.0,0.0,0.0,0.0,0.0,-1.5707964,0.0
1970-01-01 00:00:00.203490679,0.203490679,0.0,0.0,0.0,0.0,0.0,93.60761,0.0,0.0,-1.5707964,0.0
1970-01-01 00:00:00.203490679,0.203490679,0.0,0.0,0.0,0.0,0.0,104.85441,0.0,0.0,-1.5707964,0.0
1970-01-01 00:00:00.203548801,0.203548801,0.0,0.0,0.0,590.80084,0.0,0.0,0.0,0.0,-1.5707964,0.0
1970-01-01 00:00:00.203569161,0.203569161,0.0,3436.442,0.0,0.0,0.0,0.0,0.0,0.0,-1.5707964,0.0
1970-01-01 00:00:00.203580041,0.203580041,0.0,0.0,0.0,0.0,0.0,231.57503,0.0,0.0,-1.5707964,0.0
1970-01-01 00:00:00.203742472,0.203742472,0.0,0.0,0.0,122.56026,0.0,0.0,0.0,0.0,-1.5707964,0.0
1970-01-01 00:00:00.203823949,0.203823949,0.0,0.0,86.66899,0.0,0.0,0.0,0.0,0.0,-1.5707964,0.0
1970-01-01 00:00:00.203894068,0.203894068,0.0,0.0,0.0,283.1855,0.0,0.0,0.0,0.0,-1.5707964,0.0
1970-01-01 00:00:00.204021563,0.204021563,0.0,0.0,0.0,0.0,1388.0552,0.0,0.0,0.0,-1.5707964,0.0
1970-01-01 00:00:00.204073280,0.20407328,0.0,0.0,0.0,113.07617,0.0,0.0,0.0,0.0,-1.5707964,0.0
1970-01-01 00:00:00.204203249,0.204203249,0.0,0.0,0.0,245.16768,0.0,0.0,0.0,0.0,-1.5707964,0.0
1970-01-01 00:00:00.204224208,0.204224208,0.0,0.0,0.0,102.61306,0.0,0.0,0.0,0.0,-1.5707964,0.0
1970-01-01 00:00:00.204766545,0.204766545,0.0,0.0,0.0,0.0,433.20154,0.0,0.0,0.0,-1.5707964,0.0
1970-01-01 00:00:00.204790997,0.204790997,0.0,0.0,0.0,466.67673,0.0,0.0,0.0,0.0,-1.5707964,0.0
1970-01-01 00:00:00.204811684,0.204811684,0.0,0.0,0.0,1211.518,0.0,0.0,0.0,0.0,-1.5707964,0.0
1970-01-01 00:00:00.204830010,0.20483001,0.0,520.7877,0.0,0.0,0.0,0.0,0.0,0.0,-1.5707964,0.0
1970-01-01 00:00:00.204830010,0.20483001,0.0,0.0,0.0,0.0,0.0,597.25885,0.0,0.0,-1.5707964,0.0
1970-01-01 00:00:00.204842898,0.204842898,0.0,0.0,0.0,0.0,0.0,424.0314,0.0,0.0,-1.5707964,0.0
1970-01-01 00:00:00.204875390,0.20487539,0.0,0.0,0.0,0.0,350.47745,0.0,0.0,0.0,-1.5707964,0.0
1970-01-01 00:00:00.204875390,0.20487539,0.0,0.0,0.0,274.97467,0.0,0.0,0.0,0.0,-1.5707964,0.0
1970-01-01 00:00:00.205096747,0.205096747,0.0,0.0,161.2414,0.0,0.0,0.0,0.0,0.0,-1.5707964,0.0
1970-01-01 00:00:00.205325363,0.205325363,0.0,0.0,0.0,523.87885,0.0,0.0,0.0,0.0,-1.5707964,0.0
1970-01-01 00:00:00.205402057,0.205402057,0.0,0.0,0.0,0.0,916.8946,0.0,0.0,0.0,-1.5707964,0.0
1970-01-01 00:00:00.205435544,0.205435544,0.0,0.0,0.0,0.0,219.71991,0.0,0.0,0.0,-1.5707964,0.0
1970-01-01 00:00:00.205489468,0.205489468,0.0,0.0,355.41406,0.0,0.0,0.0,0.0,0.0,-1.5707964,0.0
1970-01-01 00:00:00.205500091,0.205500091,0.0,0.0,0.0,0.0,0.0,400.42975,0.0,0.0,-1.5707964,0.0
1970-01-01 00:00:00.205561670,0.20556167,0.0,0.0,444.45853,0.0,0.0,0.0,0.0,0.0,-1.5707964,0.0
1970-01-01 00:00:00.205671829,0.205671829,0.0,0.0,0.0,90.67086,0.0,0.0,0.0,0.0,-1.5707964,0.0
1970-01-01 00:00:00.205705758,0.205705758,0.0,0.0,738.5155,0.0,0.0,0.0,0.0,0.0,-1.5707964,0.0
1970-01-01 00:00:00.205842961,0.205842961,0.0,0.0,0.0,0.0,181.95247,0.0,0.0,0.0,-1.5707964,0.0
1970-01-01 00:00:00.206091892,0.206091892,0.0,0.0,530.939,0.0,0.0,0.0,0.0,0.0,-1.5707964,0.0
1970-01-01 00:00:00.206241828,0.206241828,0.0,0.0,0.0,81.77949,0.0,0.0,0.0,0.0,-1.5707964,0.0
1970-01-01 00:00:00.206260605,0.206260605,0.0,0.0,0.0,288.37073,0.0,0.0,0.0,0.0,-1.5707964,0.0
1970-01-01 00:00:00.206347338,0.206347338,210.6933,0.0,0.0,0.0,0.0,0.0,0.0,0.0,-1.5707964,0.0
1970-01-01 00:00:00.206401847,0.206401847,0.0,0.0,0.0,0.0,0.0,966.22455,0.0,0.0,-1.5707964,0.0
1970-01-01 00:00:00.206405349,0.206405349,0.0,0.0,404.63382,0.0,0.0,0.0,0.0,0.0,-1.5707964,0.0
1970-01-01 00:00:00.206469247,0.206469247,0.0,0.0,0.0,0.0,0.0,243.61598,0.0,0.0,-1.5707964,0.0
1970-01-01 00:00:00.206472019,0.206472019,0.0,0.0,0.0,162.25114,0.0,0.0,0.0,0.0,-1.5707964,0.0
1970-01-01 00:00:00.206473833,0.206473833,0.0,0.0,0.0,0.0,363.1006,0.0,0.0,0.0,-1.5707964,0.0
1970-01-01 00:00:00.206475108,0.206475108,0.0,0.0,124.7014,0.0,0.0,0.0,0.0,0.0,-1.5707964,0.0
1970-01-01 00:00:00.206607490,0.20660749,0.0,0.0,0.0,326.96176,0.0,0.0,0.0,0.0,-1.5707964,0.0
1970-01-01 00:00:00.206627761,0.206627761,0.0,0.0,0.0,0.0,0.0,178.45927,0.0,0.0,-1.5707964,0.0
1970-01-01 00:00:00.206713593,0.206713593,0.0,0.0,0.0,0.0,0.0,1384.0929,0.0,0.0,-1.5707964,0.0
1970-01-01 00:00:00.206748487,0.206748487,90.3491,0.0,0.0,0.0,0.0,0.0,0.0,0.0,-1.5707964,0.0
1970-01-01 00:00:00.206794712,0.206794712,0.0,0.0,99.16849,0.0,0.0,0.0,0.0,0.0,-1.5707964,0.0
1970-01-01 00:00:00.206796676,0.206796676,0.0,0.0,0.0,1326.0809,0.0,0.0,0.0,0.0,-1.5707964,0.0
1970-01-01 00:00:00.206825428,0.206825428,0.0,0.0,0.0,0.0,136.91318,0.0,0.0,0.0,-1.5707964,0.0
1970-01-01 00:00:00.206851383,0.206851383,0.0,0.0,0.0,176.95563,0.0,0.0,0.0,0.0,-1.5707964,0.0
1970-01-01 00:00:00.206950865,0.206950865,235.08015,0.0,0.0,0.0,0.0,0.0,0.0,0.0,-1.5707964,0.0
1970-01-01 00:00:00.207196881,0.207196881,0.0,0.0,0.0,540.7941,0.0,0.0,0.0,0.0,-1.5707964,0.0
1970-01-01 00:00:00.207209834,0.207209834,0.0,0.0,0.0,312.53183,0.0,0.0,0.0,0.0,-1.5707964,0.0
1970-01-01 00:00:00.207286326,0.207286326,0.0,0.0,0.0,119.71902,0.0,0.0,0.0,0.0,-1.5707964,0.0
1970-01-01 00:00:00.207348026,0.207348026,0.0,0.0,0.0,0.0,959.51324,0.0,0.0,0.0,-1.5707964,0.0
1970-01-01 00:00:00.207359753,0.207359753,0.0,0.0,0.0,321.4263,0.0,0.0,0.0,0.0,-1.5707964,0.0
1970-01-01 00:00:00.207522777,0.207522777,0.0,0.0,0.0,0.0,104.46716,0.0,0.0,0.0,-1.5707964,0.0
1970-01-01 00:00:00.207568841,0.207568841,0.0,0.0,0.0,0.0,388.70425,0.0,0.0,0.0,-1.5707964,0.0
1970-01-01 00:00:00.207689436,0.207689436,0.0,0.0,0.0,929.7441,0.0,0.0,0.0,0.0,-1.5707964,0.0
1970-01-01 00:00:00.207700582,0.207700582,0.0,0.0,0.0,0.0,0.0,93.47567,0.0,0.0,-1.5707964,0.0
1970-01-01 00:00:00.207850605,0.207850605,0.0,0.0,0.0,343.4314,0.0,0.0,0.0,0.0,-1.5707964,0.0
1970-01-01 00:00:00.207962603,0.207962603,0.0,0.0,0.0,0.0,203.39595,0.0,0.0,0.0,-1.5707964,0.0
1970-01-01 00:00:00.208000570,0.20800057,0.0,0.0,377.45908,0.0,0.0,0.0,0.0,0.0,-1.5707964,0.0
1970-01-01 00:00:00.208034968,0.208034968,0.0,0.0,0.0,299.86826,0.0,0.0,0.0,0.0,-1.5707964,0.0
1970-01-01 00:00:00.208149493,0.208149493,0.0,0.0,0.0,0.0,0.0,102.42798,0.0,0.0,-1.5707964,0.0
1970-01-01 00:00:00.208224984,0.208224984,0.0,0.0,0.0,207.74689,0.0,0.0,0.0,0.0,-1.5707964,0.0
1970-01-01 00:00:00.208360679,0.208360679,0.0,112.13482,0.0,0.0,0.0,0.0,0.0,0.0,-1.5707964,0.0
1970-01-01 00:00:00.208368864,0.208368864,0.0,0.0,0.0,87.36392,0.0,0.0,0.0,0.0,-1.5707964,0.0
1970-01-01 00:00:00.208474437,0.208474437,0.0,0.0,0.0,658.6074,0.0,0.0,0.0,0.0,-1.5707964,0.0
1970-01-01 00:00:00.208476554,0.208476554,0.0,0.0,1546.4061,0.0,0.0,0.0,0.0,0.0,-1.5707964,0.0
1970-01-01 00:00:00.208548550,0.20854855,0.0,0.0,0.0,310.15625,0.0,0.0,0.0,0.0,-1.5707964,0.0
1970-01-01 00:00:00.208603949,0.208603949,0.0,0.0,0.0,128.40302,0.0,0.0,0.0,0.0,-1.5707964,0.0
1970-01-01 00:00:00.208794409,0.208794409,0.0,0.0,0.0,480.80856,0.0,0.0,0.0,0.0,-1.5707964,0.0
1970-01-01 00:00:00.208929250,0.20892925,0.0,0.0,0.0,358.01477,0.0,0.0,0.0,0.0,-1.5707964,0.0
1970-01-01 00:00:00.208959779,0.208959779,0.0,0.0,0.0,888.28186,0.0,0.0,0.0,0.0,-1.5707964,0.0
1970-01-01 00:00:00.208989707,0.208989707,0.0,0.0,0.0,174.92351,0.0,0.0,0.0,0.0,-1.5707964,0.0
1970-01-01 00:00:00.209236056,0.209236056,0.0,0.0,0.0,165.50917,0.0,0.0,0.0,0.0,-1.5707964,0.0
1970-01-01 00:00:00.209509318,0.209509318,0.0,0.0,218.75177,0.0,0.0,0.0,0.0,0.0,-1.5707964,0.0
1970-01-01 00:00:00.209531753,0.209531753,0.0,0.0,0.0,0.0,340.556,0.0,0.0,0.0,-1.5707964,0.0
1970-01-01 00:00:00.209591541,0.209591541,0.0,0.0,0.0,0.0,2598.996,0.0,0.0,0.0,-1.5707964,0.0
1970-01-01 00:00:00.209598715,0.209598715,0.0,0.0,315.75827,0.0,0.0,0.0,0.0,0.0,-1.5707964,0.0
1970-01-01 00:00:00.209598715,0.209598715,0.0,0.0,1239.8284,0.0,0.0,0.0,0.0,0.0,-1.5707964,0.0
1970-01-01 00:00:00.209686117,0.209686117,0.0,0.0,0.0,4633.9473,0.0,0.0,0.0,0.0,-1.5707964,0.0
1970-01-01 00:00:00.209720265,0.209720265,126.4859,0.0,0.0,0.0,0.0,0.0,0.0,0.0,-1.5707964,0.0
1970-01-01 00:00:00.209733365,0.209733365,0.0,806.72,0.0,0.0,0.0,0.0,0.0,0.0,-1.5707964,0.0
1970-01-01 00:00:00.209786447,0.209786447,0.0,0.0,0.0,0.0,862.1674,0.0,0.0,0.0,-1.5707964,0.0
1970-01-01 00:00:00.209896316,0.209896316,0.0,700.0105,0.0,0.0,0.0,0.0,0.0,0.0,-1.5707964,0.0
1970-01-01 00:00:00.209926555,0.209926555,0.0,955.4367,0.0,0.0,0.0,0.0,0.0,0.0,-1.5707964,0.0
1970-01-01 00:00:00.209938639,0.209938639,0.0,0.0,189.86171,0.0,0.0,0.0,0.0,0.0,-1.5707964,0.0
1970-01-01 00:00:00.209966656,0.209966656,0.0,0.0,0.0,1087.5724,0.0,0.0,0.0,0.0,-1.5707964,0.0
1970-01-01 00:00:00.209982957,0.209982957,0.0,0.0,0.0,1060.6294,0.0,0.0,0.0,0.0,-1.5707964,0.0
1970-01-01 00:00:00.210042021,0.210042021,0.0,0.0,696.46814,0.0,0.0,0.0,0.0,0.0,-1.5707964,0.0
1970-01-01 00:00:00.210071931,0.210071931,0.0,0.0,0.0,0.0,0.0,135.56886,0.0,0.0,-1.5707964,0.0
1970-01-01 00:00:00.210138433,0.210138433,0.0,0.0,0.0,566.4199,0.0,0.0,0.0,0.0,-1.5707964,0.0
1970-01-01 00:00:00.210177235,0.210177235,0.0,0.0,185.11623,0.0,0.0,0.0,0.0,0.0,-1.5707964,0.0
1970-01-01 00:00:00.210236933,0.210236933,0.0,0.0,0.0,94.48087,0.0,0.0,0.0,0.0,-1.5707964,0.0
1970-01-01 00:00:00.210403189,0.210403189,0.0,0.0,0.0,0.0,0.0,319.60913,0.0,0.0,-1.5707964,0.0
1970-01-01 00:00:00.210518171,0.210518171,0.0,0.0,0.0,0.0,387.43396,0.0,0.0,0.0,-1.5707964,0.0
1970-01-01 00:00:00.210621687,0.210621687,0.0,0.0,180.31924,0.0,0.0,0.0,0.0,0.0,-1.5707964,0.0
1970-01-01 00:00:00.210641857,0.210641857,0.0,0.0,165.39362,0.0,0.0,0.0,0.0,0.0,-1.5707964,0.0
1970-01-01 00:00:00.210725376,0.210725376,0.0,490.18338,0.0,0.0,0.0,0.0,0.0,0.0,-1.5707964,0.0
1970-01-01 00:00:00.210773745,0.210773745,0.0,0.0,0.0,0.0,0.0,1183.4384,0.0,0.0,-1.5707964,0.0
1970-01-01 00:00:00.210954362,0.210954362,0.0,0.0,0.0,1220.8362,0.0,0.0,0.0,0.0,-1.5707964,0.0
1970-01-01 00:00:00.211100191,0.211100191,0.0,0.0,0.0,0.0,119.39793,0.0,0.0,0.0,-1.5707964,0.0
1970-01-01 00:00:00.211113454,0.211113454,0.0,0.0,0.0,0.0,0.0,164.84993,0.0,0.0,-1.5707964,0.0
1970-01-01 00:00:00.211191923,0.211191923,0.0,0.0,0.0,1136.2561,0.0,0.0,0.0,0.0,-1.5707964,0.0
1970-01-01 00:00:00.211346731,0.211346731,0.0,0.0,0.0,0.0,1813.4604,0.0,0.0,0.0,-1.5707964,0.0
1970-01-01 00:00:00.211405091,0.211405091,0.0,363.49997,0.0,0.0,0.0,0.0,0.0,0.0,-1.5707964,0.0
1970-01-01 00:00:00.211446644,0.211446644,0.0,0.0,0.0,120.93371,0.0,0.0,0.0,0.0,-1.5707964,0.0
1970-01-01 00:00:00.211496486,0.211496486,0.0,238.16258,0.0,0.0,0.0,0.0,0.0,0.0,-1.5707964,0.0
1970-01-01 00:00:00.211496486,0.211496486,0.0,1784.4917,0.0,0.0,0.0,0.0,0.0,0.0,-1.5707964,0.0
1970-01-01 00:00:00.211632663,0.211632663,0.0,0.0,0.0,90.14228,0.0,0.0,0.0,0.0,-1.5707964,0.0
1970-01-01 00:00:00.211666422,0.211666422,0.0,0.0,0.0,0.0,298.14285,0.0,0.0,0.0,-1.5707964,0.0
1970-01-01 00:00:00.211671872,0.211671872,0.0,0.0,0.0,973.02484,0.0,0.0,0.0,0.0,-1.5707964,0.0
1970-01-01 00:00:00.211694577,0.211694577,0.0,0.0,0.0,219.08363,0.0,0.0,0.0,0.0,-1.5707964,0.0
1970-01-01 00:00:00.211721300,0.2117213,0.0,0.0,0.0,0.0,0.0,138.96617,0.0,0.0,-1.5707964,0.0
1970-01-01 00:00:00.211766549,0.211766549,0.0,0.0,228.9153,0.0,0.0,0.0,0.0,0.0,-1.5707964,0.0
1970-01-01 00:00:00.211766549,0.211766549,0.0,0.0,0.0,206.449,0.0,0.0,0.0,0.0,-1.5707964,0.0
1970-01-01 00:00:00.211854150,0.21185415,0.0,0.0,0.0,0.0,463.04034,0.0,0.0,0.0,-1.5707964,0.0
1970-01-01 00:00:00.212134786,0.212134786,0.0,0.0,0.0,254.96455,0.0,0.0,0.0,0.0,-1.5707964,0.0
1970-01-01 00:00:00.212218358,0.212218358,0.0,0.0,0.0,849.34485,0.0,0.0,0.0,0.0,-1.5707964,0.0
1970-01-01 00:00:00.212294536,0.212294536,0.0,0.0,561.59875,0.0,0.0,0.0,0.0,0.0,-1.5707964,0.0
1970-01-01 00:00:00.212377600,0.2123776,0.0,321.97336,0.0,0.0,0.0,0.0,0.0,0.0,-1.5707964,0.0
1970-01-01 00:00:00.212408859,0.212408859,0.0,0.0,0.0,0.0,724.9944,0.0,0.0,0.0,-1.5707964,0.0
1970-01-01 00:00:00.212418650,0.21241865,0.0,0.0,0.0,337.35248,0.0,0.0,0.0,0.0,-1.5707964,0.0
1970-01-01 00:00:00.212418650,0.21241865,0.0,0.0,0.0,0.0,0.0,1992.1068,0.0,0.0,-1.5707964,0.0
1970-01-01 00:00:00.212482647,0.212482647,0.0,284.276,0.0,0.0,0.0,0.0,0.0,0.0,-1.5707964,0.0
1970-01-01 00:00:00.212545496,0.212545496,0.0,0.0,0.0,1016.0419,0.0,0.0,0.0,0.0,-1.5707964,0.0
1970-01-01 00:00:00.212592038,0.212592038,0.0,0.0,0.0,125.13961,0.0,0.0,0.0,0.0,-1.5707964,0.0
1970-01-01 00:00:00.212808984,0.212808984,0.0,0.0,0.0,0.0,444.74612,0.0,0.0,0.0,-1.5707964,0.0
1970-01-01 00:00:00.213006604,0.213006604,0.0,0.0,0.0,0.0,98.416374,0.0,0.0,0.0,-1.5707964,0.0
1970-01-01 00:00:00.213022771,0.213022771,0.0,0.0,0.0,130.14291,0.0,0.0,0.0,0.0,-1.5707964,0.0
1970-01-01 00:00:00.213101650,0.21310165,0.0,0.0,291.58762,0.0,0.0,0.0,0.0,0.0,-1.5707964,0.0
1970-01-01 00:00:00.213199689,0.213199689,0.0,0.0,0.0,0.0,214.28235,0.0,0.0,0.0,-1.5707964,0.0
1970-01-01 00:00:00.213280436,0.213280436,0.0,0.0,263.53787,0.0,0.0,0.0,0.0,0.0,-1.5707964,0.0
1970-01-01 00:00:00.213336285,0.213336285,0.0,0.0,0.0,288.15927,0.0,0.0,0.0,0.0,-1.5707964,0.0
1970-01-01 00:00:00.213465973,0.213465973,0.0,0.0,317.74408,0.0,0.0,0.0,0.0,0.0,-1.5707964,0.0
1970-01-01 00:00:00.213489504,0.213489504,0.0,0.0,0.0,170.2652,0.0,0.0,0.0,0.0,-1.5707964,0.0
1970-01-01 00:00:00.213518364,0.213518364,0.0,0.0,0.0,960.37006,0.0,0.0,0.0,0.0,-1.5707964,0.0
1970-01-01 00:00:00.213646981,0.213646981,0.0,0.0,0.0,138.19653,0.0,0.0,0.0,0.0,-1.5707964,0.0
1970-01-01 00:00:00.213772280,0.21377228,0.0,0.0,0.0,0.0,0.0,690.6059,0.0,0.0,-1.5707964,0.0
1970-01-01 00:00:00.213773829,0.213773829,0.0,0.0,0.0,219.66986,0.0,0.0,0.0,0.0,-1.5707964,0.0
1970-01-01 00:00:00.213881135,0.213881135,0.0,0.0,0.0,238.91638,0.0,0.0,0.0,0.0,-1.5707964,0.0
1970-01-01 00:00:00.213906344,0.213906344,0.0,0.0,108.31147,0.0,0.0,0.0,0.0,0.0,-1.5707964,0.0
1970-01-01 00:00:00.213911604,0.213911604,0.0,0.0,0.0,181.06682,0.0,0.0,0.0,0.0,-1.5707964,0.0
1970-01-01 00:00:00.214070524,0.214070524,0.0,0.0,0.0,672.0998,0.0,0.0,0.0,0.0,-1.5707964,0.0
1970-01-01 00:00:00.214114508,0.214114508,0.0,0.0,0.0,0.0,101.681274,0.0,0.0,0.0,-1.5707964,0.0
1970-01-01 00:00:00.214216076,0.214216076,0.0,0.0,0.0,1769.3208,0.0,0.0,0.0,0.0,-1.5707964,0.0
1970-01-01 00:00:00.214374363,0.214374363,0.0,0.0,0.0,0.0,909.8591,0.0,0.0,0.0,-1.5707964,0.0
1970-01-01 00:00:00.214471274,0.214471274,390.0342,0.0,0.0,0.0,0.0,0.0,0.0,0.0,-1.5707964,0.0
1970-01-01 00:00:00.214779587,0.214779587,0.0,0.0,0.0,115.470535,0.0,0.0,0.0,0.0,-1.5707964,0.0
1970-01-01 00:00:00.214831090,0.21483109,0.0,0.0,0.0,671.5205,0.0,0.0,0.0,0.0,-1.5707964,0.0
1970-01-01 00:00:00.214884095,0.214884095,0.0,0.0,0.0,725.9793,0.0,0.0,0.0,0.0,-1.5707964,0.0
1970-01-01 00:00:00.214896213,0.214896213,0.0,0.0,253.80455,0.0,0.0,0.0,0.0,0.0,-1.5707964,0.0
1970-01-01 00:00:00.215114908,0.215114908,0.0,0.0,0.0,0.0,0.0,132.02618,0.0,0.0,-1.5707964,0.0
1970-01-01 00:00:00.215364418,0.215364418,0.0,0.0,189.27776,0.0,0.0,0.0,0.0,0.0,-1.5707964,0.0
1970-01-01 00:00:00.215430121,0.215430121,0.0,254.34218,0.0,0.0,0.0,0.0,0.0,0.0,-1.5707964,0.0
1970-01-01 00:00:00.215524535,0.215524535,0.0,0.0,0.0,490.03116,0.0,0.0,0.0,0.0,-1.5707964,0.0
1970-01-01 00:00:00.215540109,0.215540109,0.0,0.0,0.0,931.0058,0.0,0.0,0.0,0.0,-1.5707964,0.0
1970-01-01 00:00:00.215711936,0.215711936,0.0,0.0,0.0,628.5063,0.0,0.0,0.0,0.0,-1.5707964,0.0
1970-01-01 00:00:00.215955155,0.215955155,0.0,0.0,341.85397,0.0,0.0,0.0,0.0,0.0,-1.5707964,0.0
1970-01-01 00:00:00.216022096,0.216022096,0.0,0.0,0.0,1735.5917,0.0,0.0,0.0,0.0,-1.5707964,0.0
1970-01-01 00:00:00.216167110,0.21616711,0.0,0.0,151.4971,0.0,0.0,0.0,0.0,0.0,-1.5707964,0.0
1970-01-01 00:00:00.216173515,0.216173515,0.0,0.0,351.73993,0.0,0.0,0.0,0.0,0.0,-1.5707964,0.0
1970-01-01 00:00:00.216284267,0.216284267,0.0,0.0,0.0,0.0,0.0,206.30754,0.0,0.0,-1.5707964,0.0
1970-01-01 00:00:00.216640341,0.216640341,0.0,0.0,0.0,1810.4001,0.0,0.0,0.0,0.0,-1.5707964,0.0
1970-01-01 00:00:00.216654951,0.216654951,0.0,0.0,0.0,0.0,0.0,590.82104,0.0,0.0,-1.5707964,0.0
1970-01-01 00:00:00.216676978,0.216676978,0.0,0.0,85.654205,0.0,0.0,0.0,0.0,0.0,-1.5707964,0.0
1970-01-01 00:00:00.216725081,0.216725081,0.0,0.0,265.6043,0.0,0.0,0.0,0.0,0.0,-1.5707964,0.0
1970-01-01 00:00:00.216766826,0.216766826,0.0,0.0,0.0,0.0,0.0,92.80428,0.0,0.0,-1.5707964,0.0
1970-01-01 00:00:00.216801265,0.216801265,0.0,0.0,0.0,0.0,1125.0017,0.0,0.0,0.0,-1.5707964,0.0
1970-01-01 00:00:00.216942532,0.216942532,0.0,0.0,0.0,0.0,0.0,287.22745,0.0,0.0,-1.5707964,0.0
1970-01-01 00:00:00.217075498,0.217075498,0.0,0.0,0.0,110.94386,0.0,0.0,0.0,0.0,-1.5707964,0.0
1970-01-01 00:00:00.217185307,0.217185307,0.0,0.0,0.0,0.0,438.1742,0.0,0.0,0.0,-1.5707964,0.0
1970-01-01 00:00:00.217199822,0.217199822,0.0,0.0,274.39093,0.0,0.0,0.0,0.0,0.0,-1.5707964,0.0
1970-01-01 00:00:00.217409896,0.217409896,0.0,0.0,0.0,138.04762,0.0,0.0,0.0,0.0,-1.5707964,0.0
1970-01-01 00:00:00.217412346,0.217412346,0.0,0.0,0.0,0.0,809.1513,0.0,0.0,0.0,-1.5707964,0.0
1970-01-01 00:00:00.217412346,0.217412346,0.0,0.0,0.0,122.298294,0.0,0.0,0.0,0.0,-1.5707964,0.0
1970-01-01 00:00:00.217582161,0.217582161,0.0,0.0,0.0,391.05948,0.0,0.0,0.0,0.0,-1.5707964,0.0
1970-01-01 00:00:00.217666528,0.217666528,0.0,0.0,440.74667,0.0,0.0,0.0,0.0,0.0,-1.5707964,0.0
1970-01-01 00:00:00.217742432,0.217742432,0.0,0.0,0.0,0.0,136.57492,0.0,0.0,0.0,-1.5707964,0.0
1970-01-01 00:00:00.217744950,0.21774495,0.0,0.0,0.0,150.24261,0.0,0.0,0.0,0.0,-1.5707964,0.0
1970-01-01 00:00:00.217797661,0.217797661,0.0,0.0,399.92398,0.0,0.0,0.0,0.0,0.0,-1.5707964,0.0
1970-01-01 00:00:00.217914484,0.217914484,0.0,0.0,413.37723,0.0,0.0,0.0,0.0,0.0,-1.5707964,0.0
1970-01-01 00:00:00.218032542,0.218032542,0.0,0.0,0.0,0.0,0.0,1373.9362,0.0,0.0,-1.5707964,0.0
1970-01-01 00:00:00.218104177,0.218104177,0.0,0.0,0.0,223.27623,0.0,0.0,0.0,0.0,-1.5707964,0.0
1970-01-01 00:00:00.218169894,0.218169894,0.0,0.0,0.0,318.06024,0.0,0.0,0.0,0.0,-1.5707964,0.0
1970-01-01 00:00:00.218174046,0.218174046,0.0,0.0,0.0,0.0,1788.259,0.0,0.0,0.0,-1.5707964,0.0
1970-01-01 00:00:00.218222759,0.218222759,0.0,0.0,0.0,0.0,434.38687,0.0,0.0,0.0,-1.5707964,0.0
1970-01-01 00:00:00.218499535,0.218499535,0.0,0.0,0.0,1746.6073,0.0,0.0,0.0,0.0,-1.5707964,0.0
1970-01-01 00:00:00.218657306,0.218657306,0.0,0.0,0.0,240.98753,0.0,0.0,0.0,0.0,-1.5707964,0.0
1970-01-01 00:00:00.218751743,0.218751743,0.0,0.0,0.0,0.0,892.631,0.0,0.0,0.0,-1.5707964,0.0
1970-01-01 00:00:00.218774815,0.218774815,0.0,0.0,0.0,707.9345,0.0,0.0,0.0,0.0,-1.5707964,0.0
1970-01-01 00:00:00.218969516,0.218969516,0.0,0.0,762.7599,0.0,0.0,0.0,0.0,0.0,-1.5707964,0.0
1970-01-01 00:00:00.219066613,0.219066613,0.0,0.0,0.0,398.70007,0.0,0.0,0.0,0.0,-1.5707964,0.0
1970-01-01 00:00:00.219139649,0.219139649,0.0,135.63104,0.0,0.0,0.0,0.0,0.0,0.0,-1.5707964,0.0
1970-01-01 00:00:00.219139649,0.219139649,0.0,0.0,0.0,4278.3457,0.0,0.0,0.0,0.0,-1.5707964,0.0
1970-01-01 00:00:00.219179425,0.219179425,0.0,268.374,0.0,0.0,0.0,0.0,0.0,0.0,-1.5707964,0.0
1970-01-01 00:00:00.219179425,0.219179425,0.0,0.0,0.0,0.0,589.1422,0.0,0.0,0.0,-1.5707964,0.0
1970-01-01 00:00:00.219179425,0.219179425,0.0,0.0,0.0,271.634,0.0,0.0,0.0,0.0,-1.5707964,0.0
1970-01-01 00:00:00.219289264,0.219289264,0.0,0.0,0.0,97.4268,0.0,0.0,0.0,0.0,-1.5707964,0.0
1970-01-01 00:00:00.219679741,0.219679741,0.0,0.0,0.0,0.0,88.346085,0.0,0.0,0.0,-1.5707964,0.0
1970-01-01 00:00:00.219832234,0.219832234,0.0,0.0,0.0,0.0,0.0,119.276306,0.0,0.0,-1.5707964,0.0
1970-01-01 00:00:00.219841547,0.219841547,0.0,0.0,248.21722,0.0,0.0,0.0,0.0,0.0,-1.5707964,0.0
1970-01-01 00:00:00.219862680,0.21986268,0.0,0.0,144.21916,0.0,0.0,0.0,0.0,0.0,-1.5707964,0.0
1970-01-01 00:00:00.220000404,0.220000404,0.0,0.0,0.0,0.0,0.0,251.94821,0.0,0.0,-1.5707964,0.0
1970-01-01 00:00:00.220207447,0.220207447,0.0,0.0,0.0,0.0,1792.5491,0.0,0.0,0.0,-1.5707964,0.0
1970-01-01 00:00:00.220235145,0.220235145,0.0,0.0,0.0,270.65027,0.0,0.0,0.0,0.0,-1.5707964,0.0
1970-01-01 00:00:00.220602079,0.220602079,0.0,338.28827,0.0,0.0,0.0,0.0,0.0,0.0,-1.5707964,0.0
1970-01-01 00:00:00.220630450,0.22063045,0.0,0.0,753.21344,0.0,0.0,0.0,0.0,0.0,-1.5707964,0.0
1970-01-01 00:00:00.220700049,0.220700049,0.0,1197.3898,0.0,0.0,0.0,0.0,0.0,0.0,-1.5707964,0.0
1970-01-01 00:00:00.220793102,0.220793102,0.0,0.0,0.0,1004.5641,0.0,0.0,0.0,0.0,-1.5707964,0.0
1970-01-01 00:00:00.220852818,0.220852818,0.0,0.0,490.1302,0.0,0.0,0.0,0.0,0.0,-1.5707964,0.0
1970-01-01 00:00:00.220925712,0.220925712,0.0,0.0,904.0263,0.0,0.0,0.0,0.0,0.0,-1.5707964,0.0
1970-01-01 00:00:00.221063572,0.221063572,145.98062,0.0,0.0,0.0,0.0,0.0,0.0,0.0,-1.5707964,0.0
1970-01-01 00:00:00.221122757,0.221122757,0.0,0.0,0.0,0.0,0.0,124.662674,0.0,0.0,-1.5707964,0.0
1970-01-01 00:00:00.221149090,0.22114909,0.0,0.0,0.0,0.0,417.44186,0.0,0.0,0.0,-1.5707964,0.0
1970-01-01 00:00:00.221188374,0.221188374,0.0,1259.785,0.0,0.0,0.0,0.0,0.0,0.0,-1.5707964,0.0
1970-01-01 00:00:00.221240382,0.221240382,0.0,0.0,0.0,0.0,315.50708,0.0,0.0,0.0,-1.5707964,0.0
1970-01-01 00:00:00.221540457,0.221540457,0.0,0.0,212.41425,0.0,0.0,0.0,0.0,0.0,-1.5707964,0.0
1970-01-01 00:00:00.221580566,0.221580566,241.31998,0.0,0.0,0.0,0.0,0.0,0.0,0.0,-1.5707964,0.0
1970-01-01 00:00:00.221656632,0.221656632,0.0,372.33014,0.0,0.0,0.0,0.0,0.0,0.0,-1.5707964,0.0
1970-01-01 00:00:00.221724775,0.221724775,0.0,0.0,0.0,896.9635,0.0,0.0,0.0,0.0,-1.5707964,0.0
1970-01-01 00:00:00.221973406,0.221973406,0.0,0.0,313.71884,0.0,0.0,0.0,0.0,0.0,-1.5707964,0.0
1970-01-01 00:00:00.221999923,0.221999923,0.0,0.0,0.0,0.0,0.0,294.17047,0.0,0.0,-1.5707964,0.0
1970-01-01 00:00:00.222071864,0.222071864,0.0,0.0,0.0,527.2702,0.0,0.0,0.0,0.0,-1.5707964,0.0
1970-01-01 00:00:00.222071864,0.222071864,0.0,0.0,0.0,0.0,0.0,369.92673,0.0,0.0,-1.5707964,0.0
1970-01-01 00:00:00.222210164,0.222210164,0.0,0.0,0.0,0.0,494.94656,0.0,0.0,0.0,-1.5707964,0.0
1970-01-01 00:00:00.222226589,0.222226589,0.0,0.0,0.0,0.0,1351.4857,0.0,0.0,0.0,-1.5707964,0.0
1970-01-01 00:00:00.222226589,0.222226589,0.0,0.0,0.0,0.0,303.74512,0.0,0.0,0.0,-1.5707964,0.0
1970-01-01 00:00:00.222447340,0.22244734,0.0,0.0,0.0,377.6179,0.0,0.0,0.0,0.0,-1.5707964,0.0
1970-01-01 00:00:00.222481963,0.222481963,0.0,253.49197,0.0,0.0,0.0,0.0,0.0,0.0,-1.5707964,0.0
1970-01-01 00:00:00.222763604,0.222763604,0.0,1141.5858,0.0,0.0,0.0,0.0,0.0,0.0,-1.5707964,0.0
1970-01-01 00:00:00.222874579,0.222874579,0.0,0.0,0.0,0.0,371.71005,0.0,0.0,0.0,-1.5707964,0.0
1970-01-01 00:00:00.223162156,0.223162156,300.79062,0.0,0.0,0.0,0.0,0.0,0.0,0.0,-1.5707964,0.0
1970-01-01 00:00:00.223162156,0.223162156,114.84128,0.0,0.0,0.0,0.0,0.0,0.0,0.0,-1.5707964,0.0
1970-01-01 00:00:00.223222116,0.223222116,0.0,0.0,0.0,663.9969,0.0,0.0,0.0,0.0,-1.5707964,0.0
1970-01-01 00:00:00.223282651,0.223282651,0.0,0.0,0.0,386.7505,0.0,0.0,0.0,0.0,-1.5707964,0.0
1970-01-01 00:00:00.223352681,0.223352681,0.0,0.0,0.0,310.9397,0.0,0.0,0.0,0.0,-1.5707964,0.0
1970-01-01 00:00:00.223568011,0.223568011,0.0,0.0,0.0,1496.0497,0.0,0.0,0.0,0.0,-1.5707964,0.0
1970-01-01 00:00:00.223608258,0.223608258,0.0,2168.375,0.0,0.0,0.0,0.0,0.0,0.0,-1.5707964,0.0
1970-01-01 00:00:00.223688216,0.223688216,0.0,0.0,1661.3784,0.0,0.0,0.0,0.0,0.0,-1.5707964,0.0
1970-01-01 00:00:00.223708241,0.223708241,0.0,88.10552,0.0,0.0,0.0,0.0,0.0,0.0,-1.5707964,0.0
1970-01-01 00:00:00.223718615,0.223718615,0.0,0.0,980.5919,0.0,0.0,0.0,0.0,0.0,-1.5707964,0.0
1970-01-01 00:00:00.223724436,0.223724436,0.0,0.0,0.0,0.0,168.06412,0.0,0.0,0.0,-1.5707964,0.0
1970-01-01 00:00:00.223755237,0.223755237,0.0,0.0,0.0,1568.3551,0.0,0.0,0.0,0.0,-1.5707964,0.0
1970-01-01 00:00:00.223808253,0.223808253,0.0,0.0,637.71436,0.0,0.0,0.0,0.0,0.0,-1.5707964,0.0
1970-01-01 00:00:00.223873114,0.223873114,0.0,0.0,0.0,212.91844,0.0,0.0,0.0,0.0,-1.5707964,0.0
1970-01-01 00:00:00.223933095,0.223933095,0.0,0.0,0.0,108.355804,0.0,0.0,0.0,0.0,-1.5707964,0.0
1970-01-01 00:00:00.223979978,0.223979978,0.0,0.0,0.0,0.0,0.0,364.32346,0.0,0.0,-1.5707964,0.0
1970-01-01 00:00:00.224026770,0.22402677,0.0,0.0,0.0,747.7553,0.0,0.0,0.0,0.0,-1.5707964,0.0
1970-01-01 00:00:00.224075248,0.224075248,0.0,1419.5776,0.0,0.0,0.0,0.0,0.0,0.0,-1.5707964,0.0
1970-01-01 00:00:00.224111049,0.224111049,0.0,0.0,0.0,0.0,288.7064,0.0,0.0,0.0,-1.5707964,0.0
1970-01-01 00:00:00.224419927,0.224419927,0.0,0.0,119.09549,0.0,0.0,0.0,0.0,0.0,-1.5707964,0.0
1970-01-01 00:00:00.224507308,0.224507308,0.0,197.22768,0.0,0.0,0.0,0.0,0.0,0.0,-1.5707964,0.0
1970-01-01 00:00:00.224528156,0.224528156,1206.8093,0.0,0.0,0.0,0.0,0.0,0.0,0.0,-1.5707964,0.0
1970-01-01 00:00:00.224597530,0.22459753,0.0,0.0,702.88196,0.0,0.0,0.0,0.0,0.0,-1.5707964,0.0
1970-01-01 00:00:00.224673703,0.224673703,0.0,0.0,0.0,876.93286,0.0,0.0,0.0,0.0,-1.5707964,0.0
1970-01-01 00:00:00.224720627,0.224720627,0.0,0.0,211.31985,0.0,0.0,0.0,0.0,0.0,-1.5707964,0.0
1970-01-01 00:00:00.224749094,0.224749094,0.0,0.0,192.74762,0.0,0.0,0.0,0.0,0.0,-1.5707964,0.0
1970-01-01 00:00:00.224789570,0.22478957,0.0,0.0,94.208824,0.0,0.0,0.0,0.0,0.0,-1.5707964,0.0
1970-01-01 00:00:00.224971800,0.2249718,0.0,234.21037,0.0,0.0,0.0,0.0,0.0,0.0,-1.5707964,0.0
1970-01-01 00:00:00.224971800,0.2249718,0.0,0.0,0.0,482.09164,0.0,0.0,0.0,0.0,-1.5707964,0.0
1970-01-01 00:00:00.224971800,0.2249718,0.0,0.0,0.0,1250.5594,0.0,0.0,0.0,0.0,-1.5707964,0.0
1970-01-01 00:00:00.224994018,0.224994018,0.0,0.0,0.0,0.0,0.0,86.682144,0.0,0.0,-1.5707964,0.0
1970-01-01 00:00:00.225281472,0.225281472,0.0,0.0,2129.7993,0.0,0.0,0.0,0.0,0.0,-1.5707964,0.0
1970-01-01 00:00:00.225316046,0.225316046,0.0,0.0,0.0,1068.282,0.0,0.0,0.0,0.0,-1.5707964,0.0
1970-01-01 00:00:00.225442185,0.225442185,0.0,287.9184,0.0,0.0,0.0,0.0,0.0,0.0,-1.5707964,0.0
1970-01-01 00:00:00.225620223,0.225620223,0.0,0.0,0.0,0.0,221.59631,0.0,0.0,0.0,-1.5707964,0.0
1970-01-01 00:00:00.225620223,0.225620223,0.0,0.0,0.0,950.9061,0.0,0.0,0.0,0.0,-1.5707964,0.0
1970-01-01 00:00:00.225668056,0.225668056,0.0,0.0,201.62297,0.0,0.0,0.0,0.0,0.0,-1.5707964,0.0
1970-01-01 00:00:00.225806923,0.225806923,0.0,0.0,0.0,802.21936,0.0,0.0,0.0,0.0,-1.5707964,0.0
1970-01-01 00:00:00.225857002,0.225857002,0.0,0.0,0.0,144.75229,0.0,0.0,0.0,0.0,-1.5707964,0.0
1970-01-01 00:00:00.226162629,0.226162629,0.0,0.0,0.0,170.26953,0.0,0.0,0.0,0.0,-1.5707964,0.0
1970-01-01 00:00:00.226200121,0.226200121,0.0,0.0,0.0,0.0,1463.805,0.0,0.0,0.0,-1.5707964,0.0
1970-01-01 00:00:00.226200121,0.226200121,0.0,0.0,0.0,0.0,184.44836,0.0,0.0,0.0,-1.5707964,0.0
1970-01-01 00:00:00.226254904,0.226254904,170.86098,0.0,0.0,0.0,0.0,0.0,0.0,0.0,-1.5707964,0.0
1970-01-01 00:00:00.226350995,0.226350995,0.0,0.0,0.0,501.07733,0.0,0.0,0.0,0.0,-1.5707964,0.0
1970-01-01 00:00:00.226353729,0.226353729,0.0,0.0,0.0,0.0,0.0,704.66345,0.0,0.0,-1.5707964,0.0
1970-01-01 00:00:00.226461443,0.226461443,0.0,0.0,330.66025,0.0,0.0,0.0,0.0,0.0,-1.5707964,0.0
1970-01-01 00:00:00.226512272,0.226512272,0.0,0.0,0.0,0.0,108.72503,0.0,0.0,0.0,-1.5707964,0.0
1970-01-01 00:00:00.226515517,0.226515517,0.0,0.0,1099.2704,0.0,0.0,0.0,0.0,0.0,-1.5707964,0.0
1970-01-01 00:00:00.226560150,0.22656015,0.0,0.0,1233.4204,0.0,0.0,0.0,0.0,0.0,-1.5707964,0.0
1970-01-01 00:00:00.226575507,0.226575507,0.0,0.0,0.0,123.8753,0.0,0.0,0.0,0.0,-1.5707964,0.0
1970-01-01 00:00:00.226670401,0.226670401,0.0,0.0,0.0,1947.6316,0.0,0.0,0.0,0.0,-1.5707964,0.0
1970-01-01 00:00:00.226703153,0.226703153,0.0,0.0,0.0,81.280136,0.0,0.0,0.0,0.0,-1.5707964,0.0
1970-01-01 00:00:00.226816947,0.226816947,0.0,0.0,0.0,0.0,1858.8517,0.0,0.0,0.0,-1.5707964,0.0
1970-01-01 00:00:00.226816947,0.226816947,0.0,0.0,0.0,562.3042,0.0,0.0,0.0,0.0,-1.5707964,0.0
1970-01-01 00:00:00.227014746,0.227014746,0.0,0.0,0.0,561.0069,0.0,0.0,0.0,0.0,-1.5707964,0.0
1970-01-01 00:00:00.227226744,0.227226744,0.0,0.0,0.0,1418.3761,0.0,0.0,0.0,0.0,-1.5707964,0.0
1970-01-01 00:00:00.227364804,0.227364804,0.0,0.0,4878.59,0.0,0.0,0.0,0.0,0.0,-1.5707964,0.0
1970-01-01 00:00:00.227468860,0.22746886,0.0,0.0,0.0,0.0,162.48808,0.0,0.0,0.0,-1.5707964,0.0
1970-01-01 00:00:00.227483648,0.227483648,0.0,0.0,237.60687,0.0,0.0,0.0,0.0,0.0,-1.5707964,0.0
1970-01-01 00:00:00.227550501,0.227550501,0.0,0.0,0.0,0.0,0.0,227.79091,0.0,0.0,-1.5707964,0.0
1970-01-01 00:00:00.227592058,0.227592058,0.0,0.0,0.0,411.10013,0.0,0.0,0.0,0.0,-1.5707964,0.0
1970-01-01 00:00:00.227625832,0.227625832,0.0,0.0,0.0,313.38522,0.0,0.0,0.0,0.0,-1.5707964,0.0
1970-01-01 00:00:00.227652720,0.22765272,0.0,0.0,0.0,0.0,0.0,286.28522,0.0,0.0,-1.5707964,0.0
1970-01-01 00:00:00.227751696,0.227751696,0.0,0.0,0.0,457.11496,0.0,0.0,0.0,0.0,-1.5707964,0.0
1970-01-01 00:00:00.227793961,0.227793961,0.0,1660.9053,0.0,0.0,0.0,0.0,0.0,0.0,-1.5707964,0.0
1970-01-01 00:00:00.227793961,0.227793961,0.0,0.0,0.0,529.2603,0.0,0.0,0.0,0.0,-1.5707964,0.0
1970-01-01 00:00:00.228098666,0.228098666,0.0,0.0,0.0,270.57178,0.0,0.0,0.0,0.0,-1.5707964,0.0
1970-01-01 00:00:00.228165307,0.228165307,0.0,3783.4138,0.0,0.0,0.0,0.0,0.0,0.0,-1.5707964,0.0
1970-01-01 00:00:00.228343009,0.228343009,0.0,0.0,0.0,0.0,375.79895,0.0,0.0,0.0,-1.5707964,0.0
1970-01-01 00:00:00.228379460,0.22837946,0.0,0.0,576.94574,0.0,0.0,0.0,0.0,0.0,-1.5707964,0.0
1970-01-01 00:00:00.228404263,0.228404263,0.0,0.0,0.0,144.75992,0.0,0.0,0.0,0.0,-1.5707964,0.0
1970-01-01 00:00:00.228876055,0.228876055,0.0,0.0,0.0,0.0,730.1297,0.0,0.0,0.0,-1.5707964,0.0
1970-01-01 00:00:00.228930989,0.228930989,0.0,0.0,0.0,0.0,0.0,319.6524,0.0,0.0,-1.5707964,0.0
1970-01-01 00:00:00.229004650,0.22900465,0.0,0.0,0.0,2857.74,0.0,0.0,0.0,0.0,-1.5707964,0.0
1970-01-01 00:00:00.229187874,0.229187874,0.0,0.0,1540.4991,0.0,0.0,0.0,0.0,0.0,-1.5707964,0.0
1970-01-01 00:00:00.229303347,0.229303347,0.0,0.0,0.0,190.36725,0.0,0.0,0.0,0.0,-1.5707964,0.0
1970-01-01 00:00:00.229423132,0.229423132,0.0,0.0,633.3053,0.0,0.0,0.0,0.0,0.0,-1.5707964,0.0
1970-01-01 00:00:00.229453078,0.229453078,0.0,0.0,175.49487,0.0,0.0,0.0,0.0,0.0,-1.5707964,0.0
1970-01-01 00:00:00.229494798,0.229494798,0.0,0.0,186.56026,0.0,0.0,0.0,0.0,0.0,-1.5707964,0.0
1970-01-01 00:00:00.229502570,0.22950257,0.0,0.0,0.0,0.0,144.25624,0.0,0.0,0.0,-1.5707964,0.0
1970-01-01 00:00:00.229559397,0.229559397,0.0,1153.2031,0.0,0.0,0.0,0.0,0.0,0.0,-1.5707964,0.0
1970-01-01 00:00:00.229741832,0.229741832,2378.227,0.0,0.0,0.0,0.0,0.0,0.0,0.0,-1.5707964,0.0
1970-01-01 00:00:00.229848486,0.229848486,0.0,0.0,149.21165,0.0,0.0,0.0,0.0,0.0,-1.5707964,0.0
1970-01-01 00:00:00.229920416,0.229920416,0.0,0.0,148.84258,0.0,0.0,0.0,0.0,0.0,-1.5707964,0.0
1970-01-01 00:00:00.230021222,0.230021222,0.0,0.0,0.0,0.0,0.0,155.15564,0.0,0.0,-1.5707964,0.0
1970-01-01 00:00:00.230043578,0.230043578,0.0,0.0,890.69824,0.0,0.0,0.0,0.0,0.0,-1.5707964,0.0
1970-01-01 00:00:00.230133383,0.230133383,0.0,0.0,0.0,422.78094,0.0,0.0,0.0,0.0,-1.5707964,0.0
1970-01-01 00:00:00.230149317,0.230149317,0.0,0.0,230.59267,0.0,0.0,0.0,0.0,0.0,-1.5707964,0.0
1970-01-01 00:00:00.230163314,0.230163314,0.0,0.0,0.0,518.5691,0.0,0.0,0.0,0.0,-1.5707964,0.0
1970-01-01 00:00:00.230207225,0.230207225,0.0,0.0,0.0,267.22025,0.0,0.0,0.0,0.0,-1.5707964,0.0
1970-01-01 00:00:00.230290947,0.230290947,0.0,0.0,0.0,1677.3253,0.0,0.0,0.0,0.0,-1.5707964,0.0
1970-01-01 00:00:00.230316223,0.230316223,0.0,0.0,0.0,267.57095,0.0,0.0,0.0,0.0,-1.5707964,0.0
1970-01-01 00:00:00.230329348,0.230329348,0.0,0.0,293.42383,0.0,0.0,0.0,0.0,0.0,-1.5707964,0.0
1970-01-01 00:00:00.230358687,0.230358687,0.0,1852.1951,0.0,0.0,0.0,0.0,0.0,0.0,-1.5707964,0.0
1970-01-01 00:00:00.230500423,0.230500423,0.0,0.0,0.0,447.14175,0.0,0.0,0.0,0.0,-1.5707964,0.0
1970-01-01 00:00:00.230519701,0.230519701,0.0,0.0,0.0,750.646,0.0,0.0,0.0,0.0,-1.5707964,0.0
1970-01-01 00:00:00.230598976,0.230598976,0.0,0.0,0.0,507.4523,0.0,0.0,0.0,0.0,-1.5707964,0.0
1970-01-01 00:00:00.230609786,0.230609786,0.0,252.07787,0.0,0.0,0.0,0.0,0.0,0.0,-1.5707964,0.0
1970-01-01 00:00:00.230757358,0.230757358,0.0,0.0,0.0,0.0,0.0,749.0857,0.0,0.0,-1.5707964,0.0
1970-01-01 00:00:00.230800567,0.230800567,0.0,0.0,0.0,152.35774,0.0,0.0,0.0,0.0,-1.5707964,0.0
1970-01-01 00:00:00.230927669,0.230927669,0.0,0.0,0.0,387.4288,0.0,0.0,0.0,0.0,-1.5707964,0.0
1970-01-01 00:00:00.231055588,0.231055588,0.0,0.0,0.0,199.48727,0.0,0.0,0.0,0.0,-1.5707964,0.0
1970-01-01 00:00:00.231194472,0.231194472,0.0,0.0,0.0,0.0,0.0,102.980385,0.0,0.0,-1.5707964,0.0
1970-01-01 00:00:00.231264655,0.231264655,0.0,0.0,483.57584,0.0,0.0,0.0,0.0,0.0,-1.5707964,0.0
1970-01-01 00:00:00.231312092,0.231312092,0.0,0.0,0.0,226.75076,0.0,0.0,0.0,0.0,-1.5707964,0.0
1970-01-01 00:00:00.231319273,0.231319273,0.0,0.0,0.0,386.27304,0.0,0.0,0.0,0.0,-1.5707964,0.0
1970-01-01 00:00:00.231394526,0.231394526,0.0,0.0,0.0,0.0,0.0,278.99664,0.0,0.0,-1.5707964,0.0
1970-01-01 00:00:00.231429739,0.231429739,0.0,0.0,0.0,0.0,331.59778,0.0,0.0,0.0,-1.5707964,0.0
1970-01-01 00:00:00.231580658,0.231580658,0.0,0.0,0.0,82.02091,0.0,0.0,0.0,0.0,-1.5707964,0.0
1970-01-01 00:00:00.231795207,0.231795207,0.0,0.0,0.0,0.0,0.0,646.0498,0.0,0.0,-1.5707964,0.0
1970-01-01 00:00:00.231795207,0.231795207,0.0,0.0,0.0,0.0,0.0,382.47916,0.0,0.0,-1.5707964,0.0
1970-01-01 00:00:00.232025224,0.232025224,0.0,0.0,0.0,122.65632,0.0,0.0,0.0,0.0,-1.5707964,0.0
1970-01-01 00:00:00.232051631,0.232051631,0.0,0.0,0.0,154.87343,0.0,0.0,0.0,0.0,-1.5707964,0.0
1970-01-01 00:00:00.232083276,0.232083276,0.0,0.0,0.0,455.2733,0.0,0.0,0.0,0.0,-1.5707964,0.0
1970-01-01 00:00:00.232433870,0.23243387,0.0,0.0,0.0,134.55466,0.0,0.0,0.0,0.0,-1.5707964,0.0
1970-01-01 00:00:00.232445425,0.232445425,0.0,0.0,0.0,209.15443,0.0,0.0,0.0,0.0,-1.5707964,0.0
1970-01-01 00:00:00.232468275,0.232468275,0.0,0.0,0.0,0.0,397.81046,0.0,0.0,0.0,-1.5707964,0.0
1970-01-01 00:00:00.232519669,0.232519669,0.0,0.0,420.70667,0.0,0.0,0.0,0.0,0.0,-1.5707964,0.0
1970-01-01 00:00:00.232607367,0.232607367,0.0,1409.3602,0.0,0.0,0.0,0.0,0.0,0.0,-1.5707964,0.0
1970-01-01 00:00:00.232709534,0.232709534,0.0,0.0,0.0,0.0,0.0,254.43436,0.0,0.0,-1.5707964,0.0
1970-01-01 00:00:00.232762378,0.232762378,0.0,0.0,511.6841,0.0,0.0,0.0,0.0,0.0,-1.5707964,0.0
1970-01-01 00:00:00.232802029,0.232802029,0.0,0.0,651.6249,0.0,0.0,0.0,0.0,0.0,-1.5707964,0.0
1970-01-01 00:00:00.232918875,0.232918875,0.0,0.0,0.0,0.0,362.8798,0.0,0.0,0.0,-1.5707964,0.0
1970-01-01 00:00:00.232982331,0.232982331,890.6383,0.0,0.0,0.0,0.0,0.0,0.0,0.0,-1.5707964,0.0
1970-01-01 00:00:00.233064510,0.23306451,0.0,0.0,0.0,0.0,0.0,108.856674,0.0,0.0,-1.5707964,0.0
1970-01-01 00:00:00.233306774,0.233306774,0.0,953.2988,0.0,0.0,0.0,0.0,0.0,0.0,-1.5707964,0.0
1970-01-01 00:00:00.233442895,0.233442895,0.0,0.0,0.0,0.0,0.0,535.25336,0.0,0.0,-1.5707964,0.0
1970-01-01 00:00:00.233527832,0.233527832,0.0,0.0,0.0,104.34011,0.0,0.0,0.0,0.0,-1.5707964,0.0
1970-01-01 00:00:00.233582241,0.233582241,0.0,0.0,0.0,286.21356,0.0,0.0,0.0,0.0,-1.5707964,0.0
1970-01-01 00:00:00.233590701,0.233590701,0.0,806.68774,0.0,0.0,0.0,0.0,0.0,0.0,-1.5707964,0.0
1970-01-01 00:00:00.233651467,0.233651467,0.0,0.0,0.0,0.0,991.61694,0.0,0.0,0.0,-1.5707964,0.0
1970-01-01 00:00:00.233668968,0.233668968,0.0,0.0,0.0,486.07367,0.0,0.0,0.0,0.0,-1.5707964,0.0
1970-01-01 00:00:00.233708082,0.233708082,0.0,0.0,0.0,329.16626,0.0,0.0,0.0,0.0,-1.5707964,0.0
1970-01-01 00:00:00.233915907,0.233915907,0.0,0.0,141.48413,0.0,0.0,0.0,0.0,0.0,-1.5707964,0.0
1970-01-01 00:00:00.233997097,0.233997097,0.0,0.0,205.48744,0.0,0.0,0.0,0.0,0.0,-1.5707964,0.0
1970-01-01 00:00:00.234199567,0.234199567,0.0,1219.6293,0.0,0.0,0.0,0.0,0.0,0.0,-1.5707964,0.0
1970-01-01 00:00:00.234306355,0.234306355,0.0,0.0,0.0,365.4563,0.0,0.0,0.0,0.0,-1.5707964,0.0
1970-01-01 00:00:00.234314414,0.234314414,0.0,0.0,0.0,831.9032,0.0,0.0,0.0,0.0,-1.5707964,0.0
1970-01-01 00:00:00.234338996,0.234338996,0.0,477.42288,0.0,0.0,0.0,0.0,0.0,0.0,-1.5707964,0.0
1970-01-01 00:00:00.234395296,0.234395296,0.0,0.0,298.5784,0.0,0.0,0.0,0.0,0.0,-1.5707964,0.0
1970-01-01 00:00:00.234631125,0.234631125,0.0,0.0,793.9787,0.0,0.0,0.0,0.0,0.0,-1.5707964,0.0
1970-01-01 00:00:00.234728102,0.234728102,0.0,138.90863,0.0,0.0,0.0,0.0,0.0,0.0,-1.5707964,0.0
1970-01-01 00:00:00.234847174,0.234847174,0.0,0.0,92.92239,0.0,0.0,0.0,0.0,0.0,-1.5707964,0.0
1970-01-01 00:00:00.234866083,0.234866083,0.0,0.0,303.6808,0.0,0.0,0.0,0.0,0.0,-1.5707964,0.0
1970-01-01 00:00:00.234889722,0.234889722,0.0,0.0,0.0,252.19044,0.0,0.0,0.0,0.0,-1.5707964,0.0
1970-01-01 00:00:00.234978202,0.234978202,0.0,0.0,0.0,0.0,0.0,936.7279,0.0,0.0,-1.5707964,0.0
1970-01-01 00:00:00.235064353,0.235064353,0.0,0.0,0.0,140.42894,0.0,0.0,0.0,0.0,-1.5707964,0.0
1970-01-01 00:00:00.235218830,0.23521883,0.0,0.0,0.0,0.0,0.0,820.92755,0.0,0.0,-1.5707964,0.0
1970-01-01 00:00:00.235333008,0.235333008,0.0,1368.4537,0.0,0.0,0.0,0.0,0.0,0.0,-1.5707964,0.0
1970-01-01 00:00:00.235450815,0.235450815,0.0,0.0,0.0,0.0,168.13988,0.0,0.0,0.0,-1.5707964,0.0
1970-01-01 00:00:00.235516392,0.235516392,0.0,0.0,0.0,223.90105,0.0,0.0,0.0,0.0,-1.5707964,0.0
1970-01-01 00:00:00.235677692,0.235677692,0.0,0.0,0.0,404.41028,0.0,0.0,0.0,0.0,-1.5707964,0.0
1970-01-01 00:00:00.235801388,0.235801388,0.0,0.0,0.0,966.12946,0.0,0.0,0.0,0.0,-1.5707964,0.0
1970-01-01 00:00:00.235887081,0.235887081,0.0,0.0,787.1268,0.0,0.0,0.0,0.0,0.0,-1.5707964,0.0
1970-01-01 00:00:00.235991180,0.23599118,0.0,0.0,1052.8813,0.0,0.0,0.0,0.0,0.0,-1.5707964,0.0
1970-01-01 00:00:00.236014540,0.23601454,0.0,0.0,0.0,0.0,332.36203,0.0,0.0,0.0,-1.5707964,0.0
1970-01-01 00:00:00.236100158,0.236100158,0.0,0.0,0.0,159.34438,0.0,0.0,0.0,0.0,-1.5707964,0.0
1970-01-01 00:00:00.236144446,0.236144446,0.0,434.06537,0.0,0.0,0.0,0.0,0.0,0.0,-1.5707964,0.0
1970-01-01 00:00:00.236243095,0.236243095,0.0,1059.86,0.0,0.0,0.0,0.0,0.0,0.0,-1.5707964,0.0
1970-01-01 00:00:00.236311035,0.236311035,0.0,0.0,0.0,120.33435,0.0,0.0,0.0,0.0,-1.5707964,0.0
1970-01-01 00:00:00.236461832,0.236461832,0.0,0.0,0.0,0.0,205.71312,0.0,0.0,0.0,-1.5707964,0.0
1970-01-01 00:00:00.236694624,0.236694624,0.0,0.0,0.0,0.0,470.8243,0.0,0.0,0.0,-1.5707964,0.0
1970-01-01 00:00:00.236761801,0.236761801,0.0,0.0,0.0,304.7253,0.0,0.0,0.0,0.0,-1.5707964,0.0
1970-01-01 00:00:00.236793477,0.236793477,0.0,118.867485,0.0,0.0,0.0,0.0,0.0,0.0,-1.5707964,0.0
1970-01-01 00:00:00.236866390,0.23686639,0.0,677.416,0.0,0.0,0.0,0.0,0.0,0.0,-1.5707964,0.0
1970-01-01 00:00:00.236871505,0.236871505,0.0,254.30217,0.0,0.0,0.0,0.0,0.0,0.0,-1.5707964,0.0
1970-01-01 00:00:00.237284492,0.237284492,0.0,0.0,0.0,422.82907,0.0,0.0,0.0,0.0,-1.5707964,0.0
1970-01-01 00:00:00.237293965,0.237293965,0.0,328.11212,0.0,0.0,0.0,0.0,0.0,0.0,-1.5707964,0.0
1970-01-01 00:00:00.237303764,0.237303764,0.0,0.0,225.61263,0.0,0.0,0.0,0.0,0.0,-1.5707964,0.0
1970-01-01 00:00:00.237551041,0.237551041,0.0,0.0,0.0,99.43576,0.0,0.0,0.0,0.0,-1.5707964,0.0
1970-01-01 00:00:00.237746003,0.237746003,0.0,0.0,0.0,162.60483,0.0,0.0,0.0,0.0,-1.5707964,0.0
1970-01-01 00:00:00.237961952,0.237961952,0.0,0.0,0.0,0.0,1348.7327,0.0,0.0,0.0,-1.5707964,0.0
1970-01-01 00:00:00.238308476,0.238308476,0.0,0.0,0.0,0.0,0.0,843.2037,0.0,0.0,-1.5707964,0.0
1970-01-01 00:00:00.238308476,0.238308476,0.0,0.0,0.0,0.0,0.0,350.5144,0.0,0.0,-1.5707964,0.0
1970-01-01 00:00:00.238414607,0.238414607,0.0,0.0,0.0,359.21655,0.0,0.0,0.0,0.0,-1.5707964,0.0
1970-01-01 00:00:00.238513965,0.238513965,0.0,0.0,0.0,86.04436,0.0,0.0,0.0,0.0,-1.5707964,0.0
1970-01-01 00:00:00.238536068,0.238536068,0.0,0.0,0.0,0.0,411.1133,0.0,0.0,0.0,-1.5707964,0.0
1970-01-01 00:00:00.238747866,0.238747866,0.0,0.0,2099.6597,0.0,0.0,0.0,0.0,0.0,-1.5707964,0.0
1970-01-01 00:00:00.238767699,0.238767699,0.0,0.0,0.0,90.47957,0.0,0.0,0.0,0.0,-1.5707964,0.0
1970-01-01 00:00:00.238788581,0.238788581,0.0,0.0,0.0,0.0,202.85945,0.0,0.0,0.0,-1.5707964,0.0
1970-01-01 00:00:00.238924483,0.238924483,0.0,0.0,635.0552,0.0,0.0,0.0,0.0,0.0,-1.5707964,0.0
1970-01-01 00:00:00.239113945,0.239113945,0.0,0.0,0.0,0.0,0.0,135.20924,0.0,0.0,-1.5707964,0.0
1970-01-01 00:00:00.239216079,0.239216079,0.0,0.0,369.80408,0.0,0.0,0.0,0.0,0.0,-1.5707964,0.0
1970-01-01 00:00:00.239462503,0.239462503,0.0,0.0,219.99173,0.0,0.0,0.0,0.0,0.0,-1.5707964,0.0
1970-01-01 00:00:00.239858356,0.239858356,0.0,0.0,0.0,112.91952,0.0,0.0,0.0,0.0,-1.5707964,0.0
1970-01-01 00:00:00.239940296,0.239940296,0.0,0.0,0.0,453.87595,0.0,0.0,0.0,0.0,-1.5707964,0.0
1970-01-01 00:00:00.239940296,0.239940296,0.0,0.0,0.0,0.0,0.0,129.04358,0.0,0.0,-1.5707964,0.0
1970-01-01 00:00:00.240221125,0.240221125,0.0,0.0,310.72635,0.0,0.0,0.0,0.0,0.0,-1.5707964,0.0
1970-01-01 00:00:00.240252536,0.240252536,0.0,0.0,0.0,0.0,0.0,145.73541,0.0,0.0,-1.5707964,0.0
1970-01-01 00:00:00.240310971,0.240310971,643.70526,0.0,0.0,0.0,0.0,0.0,0.0,0.0,-1.5707964,0.0
1970-01-01 00:00:00.240345827,0.240345827,0.0,0.0,0.0,111.94197,0.0,0.0,0.0,0.0,-1.5707964,0.0
1970-01-01 00:00:00.240390031,0.240390031,0.0,0.0,0.0,113.85907,0.0,0.0,0.0,0.0,-1.5707964,0.0
1970-01-01 00:00:00.240401457,0.240401457,0.0,0.0,0.0,95.70356,0.0,0.0,0.0,0.0,-1.5707964,0.0
1970-01-01 00:00:00.240436525,0.240436525,0.0,0.0,264.4113,0.0,0.0,0.0,0.0,0.0,-1.5707964,0.0
1970-01-01 00:00:00.240477747,0.240477747,0.0,0.0,0.0,791.9111,0.0,0.0,0.0,0.0,-1.5707964,0.0
1970-01-01 00:00:00.240571465,0.240571465,0.0,0.0,0.0,171.67354,0.0,0.0,0.0,0.0,-1.5707964,0.0
1970-01-01 00:00:00.240607833,0.240607833,0.0,0.0,0.0,1453.0747,0.0,0.0,0.0,0.0,-1.5707964,0.0
1970-01-01 00:00:00.240746981,0.240746981,0.0,0.0,0.0,0.0,0.0,81.95364,0.0,0.0,-1.5707964,0.0
1970-01-01 00:00:00.241084507,0.241084507,214.16501,0.0,0.0,0.0,0.0,0.0,0.0,0.0,-1.5707964,0.0
1970-01-01 00:00:00.241123860,0.24112386,0.0,0.0,0.0,0.0,535.09576,0.0,0.0,0.0,-1.5707964,0.0
1970-01-01 00:00:00.241154998,0.241154998,0.0,186.89973,0.0,0.0,0.0,0.0,0.0,0.0,-1.5707964,0.0
1970-01-01 00:00:00.241289954,0.241289954,0.0,0.0,0.0,0.0,0.0,420.2995,0.0,0.0,-1.5707964,0.0
1970-01-01 00:00:00.241321813,0.241321813,0.0,0.0,882.2336,0.0,0.0,0.0,0.0,0.0,-1.5707964,0.0
1970-01-01 00:00:00.241438942,0.241438942,0.0,0.0,0.0,0.0,0.0,117.330124,0.0,0.0,-1.5707964,0.0
1970-01-01 00:00:00.241502934,0.241502934,0.0,0.0,190.24538,0.0,0.0,0.0,0.0,0.0,-1.5707964,0.0
1970-01-01 00:00:00.242156096,0.242156096,0.0,0.0,0.0,0.0,0.0,393.22552,0.0,0.0,-1.5707964,0.0
1970-01-01 00:00:00.242179110,0.24217911,0.0,0.0,0.0,418.7771,0.0,0.0,0.0,0.0,-1.5707964,0.0
1970-01-01 00:00:00.242202717,0.242202717,0.0,0.0,0.0,245.3859,0.0,0.0,0.0,0.0,-1.5707964,0.0
1970-01-01 00:00:00.242207272,0.242207272,0.0,0.0,0.0,149.52805,0.0,0.0,0.0,0.0,-1.5707964,0.0
1970-01-01 00:00:00.242404706,0.242404706,0.0,0.0,0.0,93.562454,0.0,0.0,0.0,0.0,-1.5707964,0.0
1970-01-01 00:00:00.242445631,0.242445631,0.0,0.0,0.0,110.65128,0.0,0.0,0.0,0.0,-1.5707964,0.0
1970-01-01 00:00:00.242551326,0.242551326,0.0,110.02478,0.0,0.0,0.0,0.0,0.0,0.0,-1.5707964,0.0
1970-01-01 00:00:00.242610117,0.242610117,0.0,0.0,310.06625,0.0,0.0,0.0,0.0,0.0,-1.5707964,0.0
1970-01-01 00:00:00.242719535,0.242719535,0.0,0.0,0.0,0.0,0.0,1773.7817,0.0,0.0,-1.5707964,0.0
1970-01-01 00:00:00.242754239,0.242754239,0.0,0.0,0.0,100.981926,0.0,0.0,0.0,0.0,-1.5707964,0.0
1970-01-01 00:00:00.242806774,0.242806774,0.0,0.0,343.36285,0.0,0.0,0.0,0.0,0.0,-1.5707964,0.0
1970-01-01 00:00:00.242820445,0.242820445,0.0,191.40576,0.0,0.0,0.0,0.0,0.0,0.0,-1.5707964,0.0
1970-01-01 00:00:00.242858241,0.242858241,0.0,0.0,0.0,299.50165,0.0,0.0,0.0,0.0,-1.5707964,0.0
1970-01-01 00:00:00.243222086,0.243222086,0.0,0.0,0.0,110.21411,0.0,0.0,0.0,0.0,-1.5707964,0.0
1970-01-01 00:00:00.243235752,0.243235752,0.0,0.0,0.0,3962.4143,0.0,0.0,0.0,0.0,-1.5707964,0.0
1970-01-01 00:00:00.243247158,0.243247158,0.0,0.0,0.0,0.0,0.0,1372.4664,0.0,0.0,-1.5707964,0.0
1970-01-01 00:00:00.243321569,0.243321569,0.0,0.0,0.0,90.204475,0.0,0.0,0.0,0.0,-1.5707964,0.0
1970-01-01 00:00:00.243388740,0.24338874,0.0,0.0,383.39026,0.0,0.0,0.0,0.0,0.0,-1.5707964,0.0
1970-01-01 00:00:00.243398481,0.243398481,0.0,0.0,0.0,0.0,683.06226,0.0,0.0,0.0,-1.5707964,0.0
1970-01-01 00:00:00.243503282,0.243503282,0.0,0.0,0.0,794.0994,0.0,0.0,0.0,0.0,-1.5707964,0.0
1970-01-01 00:00:00.243546673,0.243546673,0.0,0.0,270.9097,0.0,0.0,0.0,0.0,0.0,-1.5707964,0.0
1970-01-01 00:00:00.243942223,0.243942223,0.0,0.0,0.0,723.76074,0.0,0.0,0.0,0.0,-1.5707964,0.0
1970-01-01 00:00:00.244007318,0.244007318,0.0,0.0,0.0,1178.6215,0.0,0.0,0.0,0.0,-1.5707964,0.0
1970-01-01 00:00:00.244040294,0.244040294,0.0,0.0,0.0,296.86807,0.0,0.0,0.0,0.0,-1.5707964,0.0
1970-01-01 00:00:00.244111087,0.244111087,0.0,0.0,0.0,252.19727,0.0,0.0,0.0,0.0,-1.5707964,0.0
1970-01-01 00:00:00.244393852,0.244393852,0.0,0.0,124.828125,0.0,0.0,0.0,0.0,0.0,-1.5707964,0.0
1970-01-01 00:00:00.244394879,0.244394879,0.0,0.0,1532.8649,0.0,0.0,0.0,0.0,0.0,-1.5707964,0.0
1970-01-01 00:00:00.244861288,0.244861288,0.0,0.0,0.0,224.17268,0.0,0.0,0.0,0.0,-1.5707964,0.0
1970-01-01 00:00:00.244881648,0.244881648,0.0,0.0,2653.1228,0.0,0.0,0.0,0.0,0.0,-1.5707964,0.0
1970-01-01 00:00:00.245257292,0.245257292,0.0,0.0,492.8629,0.0,0.0,0.0,0.0,0.0,-1.5707964,0.0
1970-01-01 00:00:00.245394275,0.245394275,0.0,0.0,0.0,0.0,0.0,1199.6068,0.0,0.0,-1.5707964,0.0
1970-01-01 00:00:00.245527860,0.24552786,0.0,0.0,544.0373,0.0,0.0,0.0,0.0,0.0,-1.5707964,0.0
1970-01-01 00:00:00.245565436,0.245565436,0.0,0.0,0.0,101.66991,0.0,0.0,0.0,0.0,-1.5707964,0.0
1970-01-01 00:00:00.245596934,0.245596934,0.0,0.0,117.940895,0.0,0.0,0.0,0.0,0.0,-1.5707964,0.0
1970-01-01 00:00:00.245648444,0.245648444,0.0,0.0,0.0,128.31999,0.0,0.0,0.0,0.0,-1.5707964,0.0
1970-01-01 00:00:00.245686834,0.245686834,0.0,128.36871,0.0,0.0,0.0,0.0,0.0,0.0,-1.5707964,0.0
1970-01-01 00:00:00.245688552,0.245688552,0.0,0.0,409.36044,0.0,0.0,0.0,0.0,0.0,-1.5707964,0.0
1970-01-01 00:00:00.246229296,0.246229296,0.0,0.0,222.40408,0.0,0.0,0.0,0.0,0.0,-1.5707964,0.0
1970-01-01 00:00:00.246375249,0.246375249,0.0,0.0,0.0,105.35139,0.0,0.0,0.0,0.0,-1.5707964,0.0
1970-01-01 00:00:00.246423071,0.246423071,0.0,0.0,0.0,0.0,88.77453,0.0,0.0,0.0,-1.5707964,0.0
1970-01-01 00:00:00.246468392,0.246468392,0.0,0.0,0.0,1376.4542,0.0,0.0,0.0,0.0,-1.5707964,0.0
1970-01-01 00:00:00.246714567,0.246714567,0.0,0.0,0.0,132.80533,0.0,0.0,0.0,0.0,-1.5707964,0.0
1970-01-01 00:00:00.246744287,0.246744287,0.0,0.0,0.0,210.93172,0.0,0.0,0.0,0.0,-1.5707964,0.0
1970-01-01 00:00:00.246772126,0.246772126,0.0,0.0,0.0,193.7189,0.0,0.0,0.0,0.0,-1.5707964,0.0
1970-01-01 00:00:00.246884369,0.246884369,0.0,0.0,0.0,503.25714,0.0,0.0,0.0,0.0,-1.5707964,0.0
1970-01-01 00:00:00.246888779,0.246888779,0.0,0.0,848.75824,0.0,0.0,0.0,0.0,0.0,-1.5707964,0.0
1970-01-01 00:00:00.247017467,0.247017467,0.0,0.0,0.0,93.54135,0.0,0.0,0.0,0.0,-1.5707964,0.0
1970-01-01 00:00:00.247033220,0.24703322,0.0,0.0,0.0,0.0,0.0,850.32434,0.0,0.0,-1.5707964,0.0
1970-01-01 00:00:00.247168574,0.247168574,104.32732,0.0,0.0,0.0,0.0,0.0,0.0,0.0,-1.5707964,0.0
1970-01-01 00:00:00.247285712,0.247285712,0.0,0.0,0.0,113.649666,0.0,0.0,0.0,0.0,-1.5707964,0.0
1970-01-01 00:00:00.247633738,0.247633738,0.0,346.30734,0.0,0.0,0.0,0.0,0.0,0.0,-1.5707964,0.0
1970-01-01 00:00:00.247633738,0.247633738,0.0,0.0,0.0,147.55653,0.0,0.0,0.0,0.0,-1.5707964,0.0
1970-01-01 00:00:00.248261014,0.248261014,0.0,0.0,577.7559,0.0,0.0,0.0,0.0,0.0,-1.5707964,0.0
1970-01-01 00:00:00.248467872,0.248467872,0.0,0.0,441.09445,0.0,0.0,0.0,0.0,0.0,-1.5707964,0.0
1970-01-01 00:00:00.248586983,0.248586983,0.0,0.0,0.0,276.14417,0.0,0.0,0.0,0.0,-1.5707964,0.0
1970-01-01 00:00:00.248637230,0.24863723,0.0,0.0,0.0,2426.867,0.0,0.0,0.0,0.0,-1.5707964,0.0
1970-01-01 00:00:00.248725408,0.248725408,0.0,0.0,116.717255,0.0,0.0,0.0,0.0,0.0,-1.5707964,0.0
1970-01-01 00:00:00.248753118,0.248753118,0.0,1139.8123,0.0,0.0,0.0,0.0,0.0,0.0,-1.5707964,0.0
1970-01-01 00:00:00.248960916,0.248960916,0.0,0.0,469.40118,0.0,0.0,0.0,0.0,0.0,-1.5707964,0.0
1970-01-01 00:00:00.249043550,0.24904355,0.0,284.61914,0.0,0.0,0.0,0.0,0.0,0.0,-1.5707964,0.0
1970-01-01 00:00:00.249238514,0.249238514,0.0,148.85013,0.0,0.0,0.0,0.0,0.0,0.0,-1.5707964,0.0
1970-01-01 00:00:00.249434684,0.249434684,0.0,0.0,168.65105,0.0,0.0,0.0,0.0,0.0,-1.5707964,0.0
1970-01-01 00:00:00.249500864,0.249500864,0.0,168.62636,0.0,0.0,0.0,0.0,0.0,0.0,-1.5707964,0.0
1970-01-01 00:00:00.249695502,0.249695502,0.0,0.0,0.0,680.37695,0.0,0.0,0.0,0.0,-1.5707964,0.0
1970-01-01 00:00:00.249737065,0.249737065,0.0,0.0,0.0,0.0,0.0,168.84697,0.0,0.0,-1.5707964,0.0
1970-01-01 00:00:00.250029718,0.250029719,0.0,0.0,0.0,2003.478,0.0,0.0,0.0,0.0,-1.5707964,0.0
1970-01-01 00:00:00.250323035,0.250323035,0.0,584.43823,0.0,0.0,0.0,0.0,0.0,0.0,-1.5707964,0.0
1970-01-01 00:00:00.250323035,0.250323035,0.0,0.0,0.0,1033.4159,0.0,0.0,0.0,0.0,-1.5707964,0.0
1970-01-01 00:00:00.250490831,0.250490831,0.0,0.0,0.0,0.0,144.74493,0.0,0.0,0.0,-1.5707964,0.0
1970-01-01 00:00:00.251322396,0.251322397,0.0,0.0,0.0,215.64523,0.0,0.0,0.0,0.0,-1.5707964,0.0
1970-01-01 00:00:00.251434557,0.251434558,0.0,0.0,0.0,0.0,0.0,1318.5911,0.0,0.0,-1.5707964,0.0
1970-01-01 00:00:00.251496973,0.251496973,0.0,106.46302,0.0,0.0,0.0,0.0,0.0,0.0,-1.5707964,0.0
1970-01-01 00:00:00.251718543,0.251718543,0.0,0.0,0.0,95.4437,0.0,0.0,0.0,0.0,-1.5707964,0.0
1970-01-01 00:00:00.251836795,0.251836795,0.0,0.0,0.0,1088.6141,0.0,0.0,0.0,0.0,-1.5707964,0.0
1970-01-01 00:00:00.251918739,0.25191874,0.0,0.0,0.0,172.07095,0.0,0.0,0.0,0.0,-1.5707964,0.0
1970-01-01 00:00:00.252208219,0.252208219,0.0,0.0,0.0,0.0,219.28127,0.0,0.0,0.0,-1.5707964,0.0
1970-01-01 00:00:00.252354972,0.252354973,0.0,0.0,0.0,362.1156,0.0,0.0,0.0,0.0,-1.5707964,0.0
1970-01-01 00:00:00.252370093,0.252370093,0.0,0.0,0.0,428.126,0.0,0.0,0.0,0.0,-1.5707964,0.0
1970-01-01 00:00:00.252424331,0.252424332,0.0,0.0,0.0,0.0,0.0,212.96896,0.0,0.0,-1.5707964,0.0
1970-01-01 00:00:00.252678027,0.252678027,0.0,0.0,0.0,0.0,263.0606,0.0,0.0,0.0,-1.5707964,0.0
1970-01-01 00:00:00.252823246,0.252823247,0.0,0.0,0.0,0.0,0.0,453.42505,0.0,0.0,-1.5707964,0.0
1970-01-01 00:00:00.253006901,0.253006902,0.0,0.0,0.0,354.62576,0.0,0.0,0.0,0.0,-1.5707964,0.0
1970-01-01 00:00:00.253265171,0.253265172,0.0,0.0,0.0,136.69554,0.0,0.0,0.0,0.0,-1.5707964,0.0
1970-01-01 00:00:00.253343496,0.253343496,0.0,0.0,0.0,0.0,0.0,808.6842,0.0,0.0,-1.5707964,0.0
1970-01-01 00:00:00.253343541,0.253343542,0.0,0.0,0.0,0.0,92.19387,0.0,0.0,0.0,-1.5707964,0.0
1970-01-01 00:00:00.253446691,0.253446692,0.0,0.0,248.62393,0.0,0.0,0.0,0.0,0.0,-1.5707964,0.0
1970-01-01 00:00:00.253625963,0.253625963,0.0,0.0,3467.5464,0.0,0.0,0.0,0.0,0.0,-1.5707964,0.0
1970-01-01 00:00:00.253684279,0.25368428,0.0,0.0,0.0,105.21825,0.0,0.0,0.0,0.0,-1.5707964,0.0
1970-01-01 00:00:00.253742183,0.253742184,0.0,0.0,0.0,0.0,0.0,556.68494,0.0,0.0,-1.5707964,0.0
1970-01-01 00:00:00.253826864,0.253826864,0.0,0.0,112.90805,0.0,0.0,0.0,0.0,0.0,-1.5707964,0.0
1970-01-01 00:00:00.254025047,0.254025047,0.0,0.0,0.0,235.66353,0.0,0.0,0.0,0.0,-1.5707964,0.0
1970-01-01 00:00:00.254170636,0.254170636,0.0,0.0,0.0,0.0,346.1308,0.0,0.0,0.0,-1.5707964,0.0
1970-01-01 00:00:00.254200686,0.254200687,0.0,0.0,364.76273,0.0,0.0,0.0,0.0,0.0,-1.5707964,0.0
1970-01-01 00:00:00.254380724,0.254380724,0.0,0.0,0.0,0.0,2464.9812,0.0,0.0,0.0,-1.5707964,0.0
1970-01-01 00:00:00.254518157,0.254518157,0.0,0.0,0.0,0.0,1258.4303,0.0,0.0,0.0,-1.5707964,0.0
1970-01-01 00:00:00.254708117,0.254708117,0.0,0.0,0.0,0.0,2701.349,0.0,0.0,0.0,-1.5707964,0.0
1970-01-01 00:00:00.254712067,0.254712067,0.0,0.0,0.0,212.15654,0.0,0.0,0.0,0.0,-1.5707964,0.0
1970-01-01 00:00:00.254935150,0.25493515,0.0,0.0,0.0,0.0,1037.5446,0.0,0.0,0.0,-1.5707964,0.0
1970-01-01 00:00:00.254987847,0.254987847,0.0,0.0,0.0,2234.47,0.0,0.0,0.0,0.0,-1.5707964,0.0
1970-01-01 00:00:00.255222931,0.255222931,0.0,0.0,0.0,1484.6517,0.0,0.0,0.0,0.0,-1.5707964,0.0
1970-01-01 00:00:00.255332129,0.255332129,0.0,0.0,85.14641,0.0,0.0,0.0,0.0,0.0,-1.5707964,0.0
1970-01-01 00:00:00.255408487,0.255408487,0.0,0.0,0.0,325.99152,0.0,0.0,0.0,0.0,-1.5707964,0.0
1970-01-01 00:00:00.255681681,0.255681681,0.0,0.0,236.83807,0.0,0.0,0.0,0.0,0.0,-1.5707964,0.0
1970-01-01 00:00:00.255725015,0.255725015,0.0,0.0,0.0,1118.5776,0.0,0.0,0.0,0.0,-1.5707964,0.0
1970-01-01 00:00:00.256052510,0.25605251,0.0,0.0,0.0,654.0005,0.0,0.0,0.0,0.0,-1.5707964,0.0
1970-01-01 00:00:00.256097448,0.256097449,0.0,0.0,0.0,1356.1625,0.0,0.0,0.0,0.0,-1.5707964,0.0
1970-01-01 00:00:00.256119396,0.256119396,0.0,0.0,0.0,0.0,3292.58,0.0,0.0,0.0,-1.5707964,0.0
1970-01-01 00:00:00.256330748,0.256330748,0.0,1473.7921,0.0,0.0,0.0,0.0,0.0,0.0,-1.5707964,0.0
1970-01-01 00:00:00.256330748,0.256330748,0.0,0.0,0.0,232.52292,0.0,0.0,0.0,0.0,-1.5707964,0.0
1970-01-01 00:00:00.256676864,0.256676865,0.0,0.0,445.88986,0.0,0.0,0.0,0.0,0.0,-1.5707964,0.0
1970-01-01 00:00:00.256676864,0.256676865,0.0,0.0,0.0,0.0,0.0,479.18124,0.0,0.0,-1.5707964,0.0
1970-01-01 00:00:00.256715289,0.256715289,0.0,0.0,0.0,2247.2815,0.0,0.0,0.0,0.0,-1.5707964,0.0
1970-01-01 00:00:00.256759826,0.256759826,0.0,0.0,0.0,368.43036,0.0,0.0,0.0,0.0,-1.5707964,0.0
1970-01-01 00:00:00.256864649,0.256864649,0.0,0.0,0.0,0.0,0.0,265.75092,0.0,0.0,-1.5707964,0.0
1970-01-01 00:00:00.256913911,0.256913911,0.0,0.0,210.88356,0.0,0.0,0.0,0.0,0.0,-1.5707964,0.0
1970-01-01 00:00:00.256915402,0.256915402,0.0,728.8518,0.0,0.0,0.0,0.0,0.0,0.0,-1.5707964,0.0
1970-01-01 00:00:00.256964179,0.256964179,0.0,0.0,0.0,0.0,729.5359,0.0,0.0,0.0,-1.5707964,0.0
1970-01-01 00:00:00.257054716,0.257054716,0.0,0.0,0.0,367.2004,0.0,0.0,0.0,0.0,-1.5707964,0.0
1970-01-01 00:00:00.257090984,0.257090984,0.0,169.11465,0.0,0.0,0.0,0.0,0.0,0.0,-1.5707964,0.0
1970-01-01 00:00:00.257351058,0.257351058,0.0,0.0,0.0,731.4114,0.0,0.0,0.0,0.0,-1.5707964,0.0
1970-01-01 00:00:00.257390981,0.257390981,0.0,0.0,2477.3054,0.0,0.0,0.0,0.0,0.0,-1.5707964,0.0
1970-01-01 00:00:00.258167309,0.258167309,0.0,0.0,0.0,212.01712,0.0,0.0,0.0,0.0,-1.5707964,0.0
1970-01-01 00:00:00.258572878,0.258572879,0.0,0.0,0.0,419.4099,0.0,0.0,0.0,0.0,-1.5707964,0.0
1970-01-01 00:00:00.258628607,0.258628608,0.0,0.0,223.88826,0.0,0.0,0.0,0.0,0.0,-1.5707964,0.0
1970-01-01 00:00:00.258634645,0.258634645,0.0,0.0,742.2427,0.0,0.0,0.0,0.0,0.0,-1.5707964,0.0
1970-01-01 00:00:00.258659525,0.258659526,0.0,870.8613,0.0,0.0,0.0,0.0,0.0,0.0,-1.5707964,0.0
1970-01-01 00:00:00.258970297,0.258970297,0.0,0.0,0.0,215.32417,0.0,0.0,0.0,0.0,-1.5707964,0.0
1970-01-01 00:00:00.259010093,0.259010093,0.0,288.85016,0.0,0.0,0.0,0.0,0.0,0.0,-1.5707964,0.0
1970-01-01 00:00:00.259031618,0.259031618,0.0,0.0,0.0,217.35985,0.0,0.0,0.0,0.0,-1.5707964,0.0
1970-01-01 00:00:00.259092023,0.259092023,0.0,0.0,560.1962,0.0,0.0,0.0,0.0,0.0,-1.5707964,0.0
1970-01-01 00:00:00.259200102,0.259200102,0.0,0.0,0.0,0.0,205.98804,0.0,0.0,0.0,-1.5707964,0.0
1970-01-01 00:00:00.259957645,0.259957645,0.0,0.0,1373.9529,0.0,0.0,0.0,0.0,0.0,-1.5707964,0.0
1970-01-01 00:00:00.260039795,0.260039795,0.0,0.0,0.0,0.0,138.14246,0.0,0.0,0.0,-1.5707964,0.0
1970-01-01 00:00:00.260186180,0.26018618,0.0,0.0,0.0,231.41676,0.0,0.0,0.0,0.0,-1.5707964,0.0
1970-01-01 00:00:00.260496589,0.26049659,0.0,0.0,0.0,792.9392,0.0,0.0,0.0,0.0,-1.5707964,0.0
1970-01-01 00:00:00.260571689,0.260571689,0.0,0.0,0.0,0.0,0.0,126.351105,0.0,0.0,-1.5707964,0.0
1970-01-01 00:00:00.260644543,0.260644544,0.0,0.0,0.0,275.2982,0.0,0.0,0.0,0.0,-1.5707964,0.0
1970-01-01 00:00:00.260868518,0.260868518,0.0,0.0,0.0,867.88513,0.0,0.0,0.0,0.0,-1.5707964,0.0
1970-01-01 00:00:00.260906436,0.260906436,0.0,0.0,2185.4941,0.0,0.0,0.0,0.0,0.0,-1.5707964,0.0
1970-01-01 00:00:00.261107050,0.26110705,0.0,0.0,0.0,507.35797,0.0,0.0,0.0,0.0,-1.5707964,0.0
1970-01-01 00:00:00.261119119,0.26111912,0.0,0.0,0.0,193.88881,0.0,0.0,0.0,0.0,-1.5707964,0.0
1970-01-01 00:00:00.261131018,0.261131018,0.0,0.0,0.0,592.9586,0.0,0.0,0.0,0.0,-1.5707964,0.0
1970-01-01 00:00:00.261131018,0.261131018,0.0,0.0,0.0,0.0,0.0,2419.8281,0.0,0.0,-1.5707964,0.0
1970-01-01 00:00:00.261325440,0.26132544,0.0,0.0,160.79265,0.0,0.0,0.0,0.0,0.0,-1.5707964,0.0
1970-01-01 00:00:00.261472258,0.261472259,454.47894,0.0,0.0,0.0,0.0,0.0,0.0,0.0,-1.5707964,0.0
1970-01-01 00:00:00.261472258,0.261472259,0.0,0.0,252.45859,0.0,0.0,0.0,0.0,0.0,-1.5707964,0.0
1970-01-01 00:00:00.261612167,0.261612168,0.0,107.25313,0.0,0.0,0.0,0.0,0.0,0.0,-1.5707964,0.0
1970-01-01 00:00:00.261753366,0.261753366,0.0,0.0,0.0,0.0,0.0,308.44574,0.0,0.0,-1.5707964,0.0
1970-01-01 00:00:00.261866270,0.26186627,0.0,0.0,0.0,1797.085,0.0,0.0,0.0,0.0,-1.5707964,0.0
1970-01-01 00:00:00.261932832,0.261932833,0.0,0.0,982.0868,0.0,0.0,0.0,0.0,0.0,-1.5707964,0.0
1970-01-01 00:00:00.262047341,0.262047341,0.0,154.84953,0.0,0.0,0.0,0.0,0.0,0.0,-1.5707964,0.0
1970-01-01 00:00:00.262514937,0.262514938,0.0,0.0,0.0,491.15295,0.0,0.0,0.0,0.0,-1.5707964,0.0
1970-01-01 00:00:00.262579617,0.262579617,0.0,0.0,0.0,0.0,0.0,613.07715,0.0,0.0,-1.5707964,0.0
1970-01-01 00:00:00.262724948,0.262724948,0.0,0.0,0.0,181.36136,0.0,0.0,0.0,0.0,-1.5707964,0.0
1970-01-01 00:00:00.262774989,0.262774989,0.0,0.0,0.0,310.97604,0.0,0.0,0.0,0.0,-1.5707964,0.0
1970-01-01 00:00:00.262868993,0.262868993,0.0,168.75537,0.0,0.0,0.0,0.0,0.0,0.0,-1.5707964,0.0
1970-01-01 00:00:00.262999989,0.262999989,0.0,0.0,0.0,0.0,0.0,129.4234,0.0,0.0,-1.5707964,0.0
1970-01-01 00:00:00.263303422,0.263303423,0.0,0.0,0.0,0.0,333.8831,0.0,0.0,0.0,-1.5707964,0.0
1970-01-01 00:00:00.263374052,0.263374052,0.0,0.0,0.0,0.0,238.21646,0.0,0.0,0.0,-1.5707964,0.0
1970-01-01 00:00:00.263381213,0.263381213,0.0,0.0,0.0,0.0,142.9039,0.0,0.0,0.0,-1.5707964,0.0
1970-01-01 00:00:00.263412873,0.263412873,0.0,0.0,565.62885,0.0,0.0,0.0,0.0,0.0,-1.5707964,0.0
1970-01-01 00:00:00.263443823,0.263443823,0.0,0.0,0.0,0.0,772.23224,0.0,0.0,0.0,-1.5707964,0.0
1970-01-01 00:00:00.263491397,0.263491397,0.0,0.0,264.1794,0.0,0.0,0.0,0.0,0.0,-1.5707964,0.0
1970-01-01 00:00:00.263506160,0.26350616,0.0,0.0,0.0,0.0,0.0,163.29085,0.0,0.0,-1.5707964,0.0
1970-01-01 00:00:00.263824060,0.26382406,0.0,0.0,0.0,0.0,577.624,0.0,0.0,0.0,-1.5707964,0.0
1970-01-01 00:00:00.263854166,0.263854166,0.0,0.0,0.0,124.87004,0.0,0.0,0.0,0.0,-1.5707964,0.0
1970-01-01 00:00:00.264001755,0.264001755,0.0,0.0,0.0,0.0,644.50336,0.0,0.0,0.0,-1.5707964,0.0
1970-01-01 00:00:00.264128452,0.264128452,0.0,0.0,0.0,301.70627,0.0,0.0,0.0,0.0,-1.5707964,0.0
1970-01-01 00:00:00.264293983,0.264293983,0.0,0.0,0.0,260.25592,0.0,0.0,0.0,0.0,-1.5707964,0.0
1970-01-01 00:00:00.264370261,0.264370261,0.0,0.0,0.0,6489.2866,0.0,0.0,0.0,0.0,-1.5707964,0.0
1970-01-01 00:00:00.264464910,0.26446491,0.0,0.0,0.0,571.4773,0.0,0.0,0.0,0.0,-1.5707964,0.0
1970-01-01 00:00:00.264639663,0.264639663,0.0,0.0,0.0,120.012146,0.0,0.0,0.0,0.0,-1.5707964,0.0
1970-01-01 00:00:00.264669779,0.264669779,0.0,0.0,0.0,327.2005,0.0,0.0,0.0,0.0,-1.5707964,0.0
1970-01-01 00:00:00.264708928,0.264708928,0.0,0.0,0.0,451.08905,0.0,0.0,0.0,0.0,-1.5707964,0.0
1970-01-01 00:00:00.265262167,0.265262167,0.0,0.0,0.0,1204.4714,0.0,0.0,0.0,0.0,-1.5707964,0.0
1970-01-01 00:00:00.265318810,0.26531881,0.0,195.47296,0.0,0.0,0.0,0.0,0.0,0.0,-1.5707964,0.0
1970-01-01 00:00:00.265404248,0.265404248,0.0,0.0,0.0,315.49026,0.0,0.0,0.0,0.0,-1.5707964,0.0
1970-01-01 00:00:00.265650734,0.265650734,0.0,0.0,0.0,0.0,0.0,501.22058,0.0,0.0,-1.5707964,0.0
1970-01-01 00:00:00.265678272,0.265678272,0.0,0.0,0.0,1448.6766,0.0,0.0,0.0,0.0,-1.5707964,0.0
1970-01-01 00:00:00.265898224,0.265898224,0.0,0.0,203.75406,0.0,0.0,0.0,0.0,0.0,-1.5707964,0.0
1970-01-01 00:00:00.265965401,0.265965401,0.0,155.84744,0.0,0.0,0.0,0.0,0.0,0.0,-1.5707964,0.0
1970-01-01 00:00:00.266084089,0.266084089,0.0,0.0,0.0,563.2147,0.0,0.0,0.0,0.0,-1.5707964,0.0
1970-01-01 00:00:00.266167282,0.266167282,0.0,0.0,0.0,0.0,0.0,251.07071,0.0,0.0,-1.5707964,0.0
1970-01-01 00:00:00.266312782,0.266312782,0.0,0.0,0.0,82.43082,0.0,0.0,0.0,0.0,-1.5707964,0.0
1970-01-01 00:00:00.266403308,0.266403309,0.0,0.0,0.0,227.48877,0.0,0.0,0.0,0.0,-1.5707964,0.0
1970-01-01 00:00:00.266798668,0.266798668,0.0,176.5293,0.0,0.0,0.0,0.0,0.0,0.0,-1.5707964,0.0
1970-01-01 00:00:00.267145295,0.267145295,0.0,0.0,0.0,0.0,0.0,115.16029,0.0,0.0,-1.5707964,0.0
1970-01-01 00:00:00.267173645,0.267173645,0.0,0.0,0.0,597.58325,0.0,0.0,0.0,0.0,-1.5707964,0.0
1970-01-01 00:00:00.267242552,0.267242552,0.0,0.0,298.9034,0.0,0.0,0.0,0.0,0.0,-1.5707964,0.0
1970-01-01 00:00:00.267303043,0.267303043,0.0,0.0,99.53048,0.0,0.0,0.0,0.0,0.0,-1.5707964,0.0
1970-01-01 00:00:00.267397290,0.267397291,0.0,0.0,557.9279,0.0,0.0,0.0,0.0,0.0,-1.5707964,0.0
1970-01-01 00:00:00.267483177,0.267483177,0.0,413.02853,0.0,0.0,0.0,0.0,0.0,0.0,-1.5707964,0.0
1970-01-01 00:00:00.267485733,0.267485733,0.0,1889.153,0.0,0.0,0.0,0.0,0.0,0.0,-1.5707964,0.0
1970-01-01 00:00:00.267628941,0.267628942,0.0,0.0,102.724045,0.0,0.0,0.0,0.0,0.0,-1.5707964,0.0
1970-01-01 00:00:00.268122984,0.268122984,0.0,0.0,0.0,126.30232,0.0,0.0,0.0,0.0,-1.5707964,0.0
1970-01-01 00:00:00.268331394,0.268331394,0.0,0.0,170.38249,0.0,0.0,0.0,0.0,0.0,-1.5707964,0.0
1970-01-01 00:00:00.268357803,0.268357804,0.0,0.0,0.0,0.0,686.81323,0.0,0.0,0.0,-1.5707964,0.0
1970-01-01 00:00:00.268357803,0.268357804,0.0,0.0,0.0,0.0,194.25638,0.0,0.0,0.0,-1.5707964,0.0
1970-01-01 00:00:00.268389267,0.268389267,0.0,0.0,0.0,203.4152,0.0,0.0,0.0,0.0,-1.5707964,0.0
1970-01-01 00:00:00.268394664,0.268394665,0.0,0.0,0.0,243.7789,0.0,0.0,0.0,0.0,-1.5707964,0.0
1970-01-01 00:00:00.268600395,0.268600395,0.0,0.0,243.04999,0.0,0.0,0.0,0.0,0.0,-1.5707964,0.0
1970-01-01 00:00:00.268630202,0.268630202,0.0,0.0,0.0,215.08028,0.0,0.0,0.0,0.0,-1.5707964,0.0
1970-01-01 00:00:00.268675249,0.268675249,0.0,0.0,1582.118,0.0,0.0,0.0,0.0,0.0,-1.5707964,0.0
1970-01-01 00:00:00.268805748,0.268805748,0.0,0.0,0.0,0.0,0.0,351.7539,0.0,0.0,-1.5707964,0.0
1970-01-01 00:00:00.268821227,0.268821227,0.0,0.0,0.0,159.09557,0.0,0.0,0.0,0.0,-1.5707964,0.0
1970-01-01 00:00:00.268907823,0.268907823,0.0,0.0,0.0,203.2464,0.0,0.0,0.0,0.0,-1.5707964,0.0
1970-01-01 00:00:00.268929685,0.268929685,0.0,0.0,0.0,81.71231,0.0,0.0,0.0,0.0,-1.5707964,0.0
1970-01-01 00:00:00.269179803,0.269179803,0.0,0.0,0.0,0.0,0.0,155.12764,0.0,0.0,-1.5707964,0.0
1970-01-01 00:00:00.269336064,0.269336064,0.0,0.0,0.0,0.0,0.0,246.13963,0.0,0.0,-1.5707964,0.0
1970-01-01 00:00:00.269366849,0.269366849,0.0,0.0,0.0,731.17206,0.0,0.0,0.0,0.0,-1.5707964,0.0
1970-01-01 00:00:00.269437355,0.269437355,0.0,83.26514,0.0,0.0,0.0,0.0,0.0,0.0,-1.5707964,0.0
1970-01-01 00:00:00.269965124,0.269965124,0.0,0.0,758.687,0.0,0.0,0.0,0.0,0.0,-1.5707964,0.0
1970-01-01 00:00:00.270068148,0.270068148,0.0,0.0,0.0,0.0,0.0,169.31891,0.0,0.0,-1.5707964,0.0
1970-01-01 00:00:00.270258243,0.270258243,0.0,0.0,0.0,713.75446,0.0,0.0,0.0,0.0,-1.5707964,0.0
1970-01-01 00:00:00.270261692,0.270261692,0.0,0.0,658.5158,0.0,0.0,0.0,0.0,0.0,-1.5707964,0.0
1970-01-01 00:00:00.270283437,0.270283437,0.0,0.0,1077.8441,0.0,0.0,0.0,0.0,0.0,-1.5707964,0.0
1970-01-01 00:00:00.270486423,0.270486423,0.0,0.0,0.0,0.0,507.6743,0.0,0.0,0.0,-1.5707964,0.0
1970-01-01 00:00:00.270486423,0.270486423,0.0,0.0,0.0,0.0,0.0,510.89984,0.0,0.0,-1.5707964,0.0
1970-01-01 00:00:00.270663978,0.270663978,0.0,0.0,0.0,143.46794,0.0,0.0,0.0,0.0,-1.5707964,0.0
1970-01-01 00:00:00.270705665,0.270705665,0.0,0.0,0.0,138.75761,0.0,0.0,0.0,0.0,-1.5707964,0.0
1970-01-01 00:00:00.270840422,0.270840422,0.0,0.0,0.0,0.0,0.0,539.31635,0.0,0.0,-1.5707964,0.0
1970-01-01 00:00:00.271286689,0.271286689,0.0,0.0,0.0,736.29834,0.0,0.0,0.0,0.0,-1.5707964,0.0
1970-01-01 00:00:00.271716753,0.271716753,0.0,283.5389,0.0,0.0,0.0,0.0,0.0,0.0,-1.5707964,0.0
1970-01-01 00:00:00.271777117,0.271777117,0.0,0.0,0.0,0.0,188.9532,0.0,0.0,0.0,-1.5707964,0.0
1970-01-01 00:00:00.272049267,0.272049267,0.0,0.0,0.0,0.0,0.0,581.43384,0.0,0.0,-1.5707964,0.0
1970-01-01 00:00:00.272107729,0.272107729,0.0,0.0,306.58167,0.0,0.0,0.0,0.0,0.0,-1.5707964,0.0
1970-01-01 00:00:00.272237032,0.272237032,0.0,0.0,182.37079,0.0,0.0,0.0,0.0,0.0,-1.5707964,0.0
1970-01-01 00:00:00.272252759,0.272252759,0.0,0.0,0.0,93.31308,0.0,0.0,0.0,0.0,-1.5707964,0.0
1970-01-01 00:00:00.272824514,0.272824514,0.0,0.0,0.0,1019.3438,0.0,0.0,0.0,0.0,-1.5707964,0.0
1970-01-01 00:00:00.272894280,0.27289428,0.0,0.0,396.77765,0.0,0.0,0.0,0.0,0.0,-1.5707964,0.0
1970-01-01 00:00:00.272894280,0.27289428,0.0,0.0,0.0,0.0,0.0,1125.5544,0.0,0.0,-1.5707964,0.0
1970-01-01 00:00:00.272975351,0.272975351,0.0,0.0,0.0,394.22183,0.0,0.0,0.0,0.0,-1.5707964,0.0
1970-01-01 00:00:00.273148638,0.273148638,0.0,0.0,0.0,185.19627,0.0,0.0,0.0,0.0,-1.5707964,0.0
1970-01-01 00:00:00.273539424,0.273539424,0.0,0.0,0.0,383.52985,0.0,0.0,0.0,0.0,-1.5707964,0.0
1970-01-01 00:00:00.273578939,0.273578939,0.0,0.0,0.0,0.0,0.0,363.56024,0.0,0.0,-1.5707964,0.0
1970-01-01 00:00:00.273812416,0.273812416,0.0,0.0,1066.2468,0.0,0.0,0.0,0.0,0.0,-1.5707964,0.0
1970-01-01 00:00:00.273822008,0.273822008,0.0,0.0,0.0,237.43274,0.0,0.0,0.0,0.0,-1.5707964,0.0
1970-01-01 00:00:00.273875718,0.273875718,0.0,0.0,0.0,0.0,225.59254,0.0,0.0,0.0,-1.5707964,0.0
1970-01-01 00:00:00.273966480,0.27396648,0.0,0.0,121.899475,0.0,0.0,0.0,0.0,0.0,-1.5707964,0.0
1970-01-01 00:00:00.274050872,0.274050872,0.0,330.0487,0.0,0.0,0.0,0.0,0.0,0.0,-1.5707964,0.0
1970-01-01 00:00:00.274050872,0.274050872,0.0,0.0,0.0,0.0,950.7587,0.0,0.0,0.0,-1.5707964,0.0
1970-01-01 00:00:00.274170641,0.274170641,0.0,0.0,0.0,148.58508,0.0,0.0,0.0,0.0,-1.5707964,0.0
1970-01-01 00:00:00.274406477,0.274406477,0.0,0.0,0.0,544.1244,0.0,0.0,0.0,0.0,-1.5707964,0.0
1970-01-01 00:00:00.274608443,0.274608443,0.0,0.0,146.46368,0.0,0.0,0.0,0.0,0.0,-1.5707964,0.0
1970-01-01 00:00:00.274702927,0.274702927,0.0,0.0,705.4479,0.0,0.0,0.0,0.0,0.0,-1.5707964,0.0
1970-01-01 00:00:00.274789730,0.27478973,0.0,0.0,274.3997,0.0,0.0,0.0,0.0,0.0,-1.5707964,0.0
1970-01-01 00:00:00.275047201,0.275047201,0.0,0.0,0.0,2017.22,0.0,0.0,0.0,0.0,-1.5707964,0.0
1970-01-01 00:00:00.275055297,0.275055297,0.0,0.0,0.0,808.0844,0.0,0.0,0.0,0.0,-1.5707964,0.0
1970-01-01 00:00:00.275198649,0.275198649,0.0,0.0,1816.5005,0.0,0.0,0.0,0.0,0.0,-1.5707964,0.0
1970-01-01 00:00:00.276173635,0.276173635,0.0,0.0,97.96012,0.0,0.0,0.0,0.0,0.0,-1.5707964,0.0
1970-01-01 00:00:00.276336866,0.276336866,0.0,0.0,0.0,529.2565,0.0,0.0,0.0,0.0,-1.5707964,0.0
1970-01-01 00:00:00.276498909,0.276498909,0.0,0.0,0.0,0.0,80.058426,0.0,0.0,0.0,-1.5707964,0.0
1970-01-01 00:00:00.277036409,0.277036409,102.888275,0.0,0.0,0.0,0.0,0.0,0.0,0.0,-1.5707964,0.0
1970-01-01 00:00:00.277405184,0.277405184,0.0,0.0,586.81635,0.0,0.0,0.0,0.0,0.0,-1.5707964,0.0
1970-01-01 00:00:00.277435459,0.277435459,0.0,0.0,0.0,406.43414,0.0,0.0,0.0,0.0,-1.5707964,0.0
1970-01-01 00:00:00.277504362,0.277504362,0.0,0.0,0.0,120.552605,0.0,0.0,0.0,0.0,-1.5707964,0.0
1970-01-01 00:00:00.277578822,0.277578822,0.0,0.0,2365.616,0.0,0.0,0.0,0.0,0.0,-1.5707964,0.0
1970-01-01 00:00:00.277765442,0.277765442,0.0,0.0,469.45755,0.0,0.0,0.0,0.0,0.0,-1.5707964,0.0
1970-01-01 00:00:00.277838471,0.277838471,0.0,0.0,271.682,0.0,0.0,0.0,0.0,0.0,-1.5707964,0.0
1970-01-01 00:00:00.277904721,0.277904721,0.0,366.8421,0.0,0.0,0.0,0.0,0.0,0.0,-1.5707964,0.0
1970-01-01 00:00:00.277910252,0.277910252,0.0,0.0,0.0,0.0,0.0,1013.03217,0.0,0.0,-1.5707964,0.0
1970-01-01 00:00:00.277930536,0.277930536,0.0,0.0,0.0,0.0,88.08093,0.0,0.0,0.0,-1.5707964,0.0
1970-01-01 00:00:00.277950368,0.277950368,0.0,0.0,0.0,357.3849,0.0,0.0,0.0,0.0,-1.5707964,0.0
1970-01-01 00:00:00.278129277,0.278129277,0.0,0.0,262.86874,0.0,0.0,0.0,0.0,0.0,-1.5707964,0.0
1970-01-01 00:00:00.278141503,0.278141503,0.0,0.0,0.0,0.0,0.0,274.66763,0.0,0.0,-1.5707964,0.0
1970-01-01 00:00:00.279138384,0.279138384,0.0,0.0,0.0,0.0,0.0,865.93036,0.0,0.0,-1.5707964,0.0
1970-01-01 00:00:00.279378100,0.2793781,0.0,0.0,0.0,0.0,0.0,295.48276,0.0,0.0,-1.5707964,0.0
1970-01-01 00:00:00.279383758,0.279383758,0.0,0.0,527.9889,0.0,0.0,0.0,0.0,0.0,-1.5707964,0.0
1970-01-01 00:00:00.279511831,0.279511831,0.0,0.0,0.0,0.0,0.0,124.86633,0.0,0.0,-1.5707964,0.0
1970-01-01 00:00:00.279522577,0.279522577,0.0,0.0,306.85135,0.0,0.0,0.0,0.0,0.0,-1.5707964,0.0
1970-01-01 00:00:00.279600327,0.279600327,0.0,0.0,0.0,0.0,0.0,305.25803,0.0,0.0,-1.5707964,0.0
1970-01-01 00:00:00.279730178,0.279730178,0.0,0.0,0.0,0.0,0.0,94.61331,0.0,0.0,-1.5707964,0.0
1970-01-01 00:00:00.279771594,0.279771594,0.0,0.0,221.67761,0.0,0.0,0.0,0.0,0.0,-1.5707964,0.0
1970-01-01 00:00:00.279772194,0.279772194,0.0,0.0,0.0,279.52933,0.0,0.0,0.0,0.0,-1.5707964,0.0
1970-01-01 00:00:00.279772194,0.279772194,0.0,0.0,0.0,0.0,0.0,400.17725,0.0,0.0,-1.5707964,0.0
1970-01-01 00:00:00.279853834,0.279853834,0.0,0.0,0.0,486.03342,0.0,0.0,0.0,0.0,-1.5707964,0.0
1970-01-01 00:00:00.279878212,0.279878212,0.0,0.0,0.0,670.7253,0.0,0.0,0.0,0.0,-1.5707964,0.0
1970-01-01 00:00:00.279941350,0.27994135,0.0,0.0,0.0,0.0,434.4118,0.0,0.0,0.0,-1.5707964,0.0
1970-01-01 00:00:00.280036662,0.280036662,0.0,0.0,686.55316,0.0,0.0,0.0,0.0,0.0,-1.5707964,0.0
1970-01-01 00:00:00.280084728,0.280084728,0.0,0.0,0.0,0.0,0.0,100.30512,0.0,0.0,-1.5707964,0.0
1970-01-01 00:00:00.280109255,0.280109255,0.0,0.0,0.0,234.28201,0.0,0.0,0.0,0.0,-1.5707964,0.0
1970-01-01 00:00:00.280122020,0.28012202,0.0,0.0,158.83125,0.0,0.0,0.0,0.0,0.0,-1.5707964,0.0
1970-01-01 00:00:00.280307026,0.280307026,0.0,2181.9639,0.0,0.0,0.0,0.0,0.0,0.0,-1.5707964,0.0
1970-01-01 00:00:00.280598395,0.280598395,0.0,0.0,761.246,0.0,0.0,0.0,0.0,0.0,-1.5707964,0.0
1970-01-01 00:00:00.280854554,0.280854554,0.0,0.0,0.0,157.8861,0.0,0.0,0.0,0.0,-1.5707964,0.0
1970-01-01 00:00:00.280871777,0.280871777,0.0,0.0,0.0,0.0,148.13457,0.0,0.0,0.0,-1.5707964,0.0
1970-01-01 00:00:00.280937970,0.28093797,0.0,0.0,673.3216,0.0,0.0,0.0,0.0,0.0,-1.5707964,0.0
1970-01-01 00:00:00.281137186,0.281137186,0.0,206.27907,0.0,0.0,0.0,0.0,0.0,0.0,-1.5707964,0.0
1970-01-01 00:00:00.281308008,0.281308008,0.0,0.0,0.0,154.37804,0.0,0.0,0.0,0.0,-1.5707964,0.0
1970-01-01 00:00:00.281386086,0.281386086,0.0,0.0,0.0,109.33879,0.0,0.0,0.0,0.0,-1.5707964,0.0
1970-01-01 00:00:00.281589449,0.281589449,0.0,0.0,0.0,0.0,305.41168,0.0,0.0,0.0,-1.5707964,0.0
1970-01-01 00:00:00.281661018,0.281661018,0.0,0.0,0.0,0.0,100.71478,0.0,0.0,0.0,-1.5707964,0.0
1970-01-01 00:00:00.281744577,0.281744577,0.0,0.0,0.0,585.89606,0.0,0.0,0.0,0.0,-1.5707964,0.0
1970-01-01 00:00:00.281766875,0.281766875,0.0,0.0,0.0,0.0,0.0,886.9189,0.0,0.0,-1.5707964,0.0
1970-01-01 00:00:00.281909177,0.281909177,0.0,0.0,0.0,0.0,0.0,471.08234,0.0,0.0,-1.5707964,0.0
1970-01-01 00:00:00.282463035,0.282463035,0.0,0.0,0.0,0.0,157.08176,0.0,0.0,0.0,-1.5707964,0.0
1970-01-01 00:00:00.282588551,0.282588551,0.0,0.0,0.0,0.0,0.0,1534.3647,0.0,0.0,-1.5707964,0.0
1970-01-01 00:00:00.283030923,0.283030923,0.0,0.0,241.49242,0.0,0.0,0.0,0.0,0.0,-1.5707964,0.0
1970-01-01 00:00:00.283290612,0.283290612,0.0,0.0,0.0,640.7601,0.0,0.0,0.0,0.0,-1.5707964,0.0
1970-01-01 00:00:00.283342781,0.283342781,0.0,0.0,395.0473,0.0,0.0,0.0,0.0,0.0,-1.5707964,0.0
1970-01-01 00:00:00.283454712,0.283454712,0.0,0.0,0.0,520.5706,0.0,0.0,0.0,0.0,-1.5707964,0.0
1970-01-01 00:00:00.283454712,0.283454712,0.0,0.0,0.0,915.7457,0.0,0.0,0.0,0.0,-1.5707964,0.0
1970-01-01 00:00:00.283522020,0.28352202,0.0,0.0,0.0,381.18213,0.0,0.0,0.0,0.0,-1.5707964,0.0
1970-01-01 00:00:00.283560582,0.283560582,0.0,0.0,100.6981,0.0,0.0,0.0,0.0,0.0,-1.5707964,0.0
1970-01-01 00:00:00.283859160,0.28385916,0.0,0.0,0.0,0.0,197.55116,0.0,0.0,0.0,-1.5707964,0.0
1970-01-01 00:00:00.283859160,0.28385916,0.0,0.0,0.0,0.0,153.4758,0.0,0.0,0.0,-1.5707964,0.0
1970-01-01 00:00:00.283863636,0.283863636,332.79547,0.0,0.0,0.0,0.0,0.0,0.0,0.0,-1.5707964,0.0
1970-01-01 00:00:00.283912383,0.283912383,0.0,0.0,0.0,825.96185,0.0,0.0,0.0,0.0,-1.5707964,0.0
1970-01-01 00:00:00.284028262,0.284028262,0.0,0.0,0.0,351.0731,0.0,0.0,0.0,0.0,-1.5707964,0.0
1970-01-01 00:00:00.284451302,0.284451302,0.0,184.2453,0.0,0.0,0.0,0.0,0.0,0.0,-1.5707964,0.0
1970-01-01 00:00:00.284478259,0.284478259,0.0,0.0,0.0,357.82053,0.0,0.0,0.0,0.0,-1.5707964,0.0
1970-01-01 00:00:00.284840513,0.284840513,515.1664,0.0,0.0,0.0,0.0,0.0,0.0,0.0,-1.5707964,0.0
1970-01-01 00:00:00.284978814,0.284978814,357.98425,0.0,0.0,0.0,0.0,0.0,0.0,0.0,-1.5707964,0.0
1970-01-01 00:00:00.285028017,0.285028017,0.0,0.0,0.0,0.0,0.0,1596.6672,0.0,0.0,-1.5707964,0.0
1970-01-01 00:00:00.285069786,0.285069786,0.0,0.0,0.0,0.0,0.0,610.64984,0.0,0.0,-1.5707964,0.0
1970-01-01 00:00:00.285075717,0.285075717,0.0,134.28323,0.0,0.0,0.0,0.0,0.0,0.0,-1.5707964,0.0
1970-01-01 00:00:00.285141498,0.285141498,0.0,0.0,0.0,188.18317,0.0,0.0,0.0,0.0,-1.5707964,0.0
1970-01-01 00:00:00.285185517,0.285185517,0.0,0.0,0.0,234.50392,0.0,0.0,0.0,0.0,-1.5707964,0.0
1970-01-01 00:00:00.285376879,0.285376879,0.0,0.0,0.0,224.41985,0.0,0.0,0.0,0.0,-1.5707964,0.0
1970-01-01 00:00:00.285506217,0.285506217,0.0,0.0,600.1354,0.0,0.0,0.0,0.0,0.0,-1.5707964,0.0
1970-01-01 00:00:00.285624317,0.285624317,0.0,0.0,0.0,231.18123,0.0,0.0,0.0,0.0,-1.5707964,0.0
1970-01-01 00:00:00.285624317,0.285624317,0.0,0.0,0.0,0.0,0.0,3814.9163,0.0,0.0,-1.5707964,0.0
1970-01-01 00:00:00.285667929,0.285667929,0.0,0.0,0.0,0.0,1500.6422,0.0,0.0,0.0,-1.5707964,0.0
1970-01-01 00:00:00.285824649,0.285824649,0.0,0.0,614.75806,0.0,0.0,0.0,0.0,0.0,-1.5707964,0.0
1970-01-01 00:00:00.286258902,0.286258902,0.0,251.30336,0.0,0.0,0.0,0.0,0.0,0.0,-1.5707964,0.0
1970-01-01 00:00:00.286315169,0.286315169,0.0,0.0,0.0,135.1285,0.0,0.0,0.0,0.0,-1.5707964,0.0
1970-01-01 00:00:00.286611786,0.286611786,0.0,0.0,0.0,268.57254,0.0,0.0,0.0,0.0,-1.5707964,0.0
1970-01-01 00:00:00.286932844,0.286932844,0.0,0.0,0.0,364.0054,0.0,0.0,0.0,0.0,-1.5707964,0.0
1970-01-01 00:00:00.287029077,0.287029077,0.0,0.0,0.0,125.031906,0.0,0.0,0.0,0.0,-1.5707964,0.0
1970-01-01 00:00:00.287032952,0.287032952,0.0,0.0,0.0,330.65442,0.0,0.0,0.0,0.0,-1.5707964,0.0
1970-01-01 00:00:00.287415021,0.287415021,0.0,0.0,0.0,117.72212,0.0,0.0,0.0,0.0,-1.5707964,0.0
1970-01-01 00:00:00.287428505,0.287428505,0.0,0.0,0.0,0.0,1929.2751,0.0,0.0,0.0,-1.5707964,0.0
1970-01-01 00:00:00.287483015,0.287483015,0.0,0.0,0.0,170.08891,0.0,0.0,0.0,0.0,-1.5707964,0.0
1970-01-01 00:00:00.287583783,0.287583783,0.0,0.0,0.0,83.69168,0.0,0.0,0.0,0.0,-1.5707964,0.0
1970-01-01 00:00:00.287598007,0.287598007,0.0,0.0,0.0,0.0,268.37292,0.0,0.0,0.0,-1.5707964,0.0
1970-01-01 00:00:00.287610659,0.287610659,0.0,0.0,0.0,0.0,0.0,101.795586,0.0,0.0,-1.5707964,0.0
1970-01-01 00:00:00.287611262,0.287611262,0.0,0.0,0.0,432.9173,0.0,0.0,0.0,0.0,-1.5707964,0.0
1970-01-01 00:00:00.287622184,0.287622184,0.0,0.0,0.0,0.0,0.0,793.05597,0.0,0.0,-1.5707964,0.0
1970-01-01 00:00:00.287650954,0.287650954,0.0,0.0,0.0,2023.3208,0.0,0.0,0.0,0.0,-1.5707964,0.0
1970-01-01 00:00:00.287695812,0.287695812,0.0,0.0,321.5576,0.0,0.0,0.0,0.0,0.0,-1.5707964,0.0
1970-01-01 00:00:00.287774481,0.287774481,0.0,0.0,0.0,303.67062,0.0,0.0,0.0,0.0,-1.5707964,0.0
1970-01-01 00:00:00.287845921,0.287845921,0.0,0.0,386.38858,0.0,0.0,0.0,0.0,0.0,-1.5707964,0.0
1970-01-01 00:00:00.287925354,0.287925354,0.0,832.6818,0.0,0.0,0.0,0.0,0.0,0.0,-1.5707964,0.0
1970-01-01 00:00:00.287925354,0.287925354,0.0,0.0,0.0,0.0,0.0,251.12791,0.0,0.0,-1.5707964,0.0
1970-01-01 00:00:00.288080965,0.288080965,0.0,0.0,776.5666,0.0,0.0,0.0,0.0,0.0,-1.5707964,0.0
1970-01-01 00:00:00.288246963,0.288246963,0.0,0.0,0.0,0.0,291.0028,0.0,0.0,0.0,-1.5707964,0.0
1970-01-01 00:00:00.288345698,0.288345698,0.0,0.0,82.21827,0.0,0.0,0.0,0.0,0.0,-1.5707964,0.0
1970-01-01 00:00:00.288373107,0.288373107,0.0,0.0,0.0,0.0,566.5468,0.0,0.0,0.0,-1.5707964,0.0
1970-01-01 00:00:00.288444763,0.288444763,0.0,0.0,2011.6686,0.0,0.0,0.0,0.0,0.0,-1.5707964,0.0
1970-01-01 00:00:00.288616886,0.288616886,0.0,0.0,239.42284,0.0,0.0,0.0,0.0,0.0,-1.5707964,0.0
1970-01-01 00:00:00.288829617,0.288829617,0.0,0.0,306.6553,0.0,0.0,0.0,0.0,0.0,-1.5707964,0.0
1970-01-01 00:00:00.288829617,0.288829617,0.0,0.0,0.0,0.0,0.0,196.54869,0.0,0.0,-1.5707964,0.0
1970-01-01 00:00:00.289165123,0.289165123,0.0,139.88693,0.0,0.0,0.0,0.0,0.0,0.0,-1.5707964,0.0
1970-01-01 00:00:00.289282649,0.289282649,0.0,142.28447,0.0,0.0,0.0,0.0,0.0,0.0,-1.5707964,0.0
1970-01-01 00:00:00.289340136,0.289340136,0.0,0.0,408.34186,0.0,0.0,0.0,0.0,0.0,-1.5707964,0.0
1970-01-01 00:00:00.289457411,0.289457411,0.0,0.0,0.0,0.0,0.0,1312.8569,0.0,0.0,-1.5707964,0.0
1970-01-01 00:00:00.289495516,0.289495516,323.6623,0.0,0.0,0.0,0.0,0.0,0.0,0.0,-1.5707964,0.0
1970-01-01 00:00:00.289540448,0.289540448,0.0,458.39987,0.0,0.0,0.0,0.0,0.0,0.0,-1.5707964,0.0
1970-01-01 00:00:00.289606889,0.289606889,0.0,0.0,0.0,633.98114,0.0,0.0,0.0,0.0,-1.5707964,0.0
1970-01-01 00:00:00.289996539,0.289996539,0.0,0.0,657.645,0.0,0.0,0.0,0.0,0.0,-1.5707964,0.0
1970-01-01 00:00:00.290341811,0.290341811,0.0,0.0,0.0,0.0,306.74658,0.0,0.0,0.0,-1.5707964,0.0
1970-01-01 00:00:00.290522610,0.29052261,0.0,0.0,0.0,902.507,0.0,0.0,0.0,0.0,-1.5707964,0.0
1970-01-01 00:00:00.290944763,0.290944763,0.0,0.0,0.0,854.2898,0.0,0.0,0.0,0.0,-1.5707964,0.0
1970-01-01 00:00:00.290999790,0.29099979,0.0,0.0,0.0,0.0,0.0,752.0022,0.0,0.0,-1.5707964,0.0
1970-01-01 00:00:00.291013671,0.291013671,0.0,0.0,0.0,0.0,0.0,192.41621,0.0,0.0,-1.5707964,0.0
1970-01-01 00:00:00.291184557,0.291184557,0.0,0.0,0.0,0.0,138.78476,0.0,0.0,0.0,-1.5707964,0.0
1970-01-01 00:00:00.291214776,0.291214776,0.0,802.0704,0.0,0.0,0.0,0.0,0.0,0.0,-1.5707964,0.0
1970-01-01 00:00:00.291251485,0.291251485,0.0,0.0,0.0,715.3265,0.0,0.0,0.0,0.0,-1.5707964,0.0
1970-01-01 00:00:00.291404253,0.291404253,0.0,0.0,0.0,656.8303,0.0,0.0,0.0,0.0,-1.5707964,0.0
1970-01-01 00:00:00.291599956,0.291599956,0.0,132.33829,0.0,0.0,0.0,0.0,0.0,0.0,-1.5707964,0.0
1970-01-01 00:00:00.291641945,0.291641945,0.0,0.0,0.0,0.0,169.01306,0.0,0.0,0.0,-1.5707964,0.0
1970-01-01 00:00:00.291664401,0.291664401,0.0,0.0,0.0,0.0,904.8863,0.0,0.0,0.0,-1.5707964,0.0
1970-01-01 00:00:00.291681763,0.291681763,0.0,0.0,301.7731,0.0,0.0,0.0,0.0,0.0,-1.5707964,0.0
1970-01-01 00:00:00.292053394,0.292053394,302.95688,0.0,0.0,0.0,0.0,0.0,0.0,0.0,-1.5707964,0.0
1970-01-01 00:00:00.292063014,0.292063014,0.0,0.0,158.1107,0.0,0.0,0.0,0.0,0.0,-1.5707964,0.0
1970-01-01 00:00:00.292074163,0.292074163,0.0,0.0,0.0,0.0,152.9311,0.0,0.0,0.0,-1.5707964,0.0
1970-01-01 00:00:00.292074163,0.292074163,0.0,0.0,0.0,91.21133,0.0,0.0,0.0,0.0,-1.5707964,0.0
1970-01-01 00:00:00.292384414,0.292384414,0.0,0.0,0.0,209.83476,0.0,0.0,0.0,0.0,-1.5707964,0.0
1970-01-01 00:00:00.292661252,0.292661252,0.0,0.0,0.0,323.04605,0.0,0.0,0.0,0.0,-1.5707964,0.0
1970-01-01 00:00:00.292744336,0.292744336,0.0,0.0,0.0,0.0,534.08716,0.0,0.0,0.0,-1.5707964,0.0
1970-01-01 00:00:00.293166470,0.29316647,0.0,504.30618,0.0,0.0,0.0,0.0,0.0,0.0,-1.5707964,0.0
1970-01-01 00:00:00.293378641,0.293378641,0.0,0.0,0.0,0.0,0.0,87.58611,0.0,0.0,-1.5707964,0.0
1970-01-01 00:00:00.293691820,0.29369182,0.0,0.0,0.0,435.49173,0.0,0.0,0.0,0.0,-1.5707964,0.0
1970-01-01 00:00:00.293759098,0.293759098,0.0,0.0,0.0,0.0,196.57616,0.0,0.0,0.0,-1.5707964,0.0
1970-01-01 00:00:00.293944847,0.293944847,0.0,0.0,0.0,1380.7214,0.0,0.0,0.0,0.0,-1.5707964,0.0
1970-01-01 00:00:00.293948676,0.293948676,0.0,0.0,0.0,0.0,0.0,177.22548,0.0,0.0,-1.5707964,0.0
1970-01-01 00:00:00.294240476,0.294240476,0.0,0.0,165.99481,0.0,0.0,0.0,0.0,0.0,-1.5707964,0.0
1970-01-01 00:00:00.294293548,0.294293548,0.0,0.0,0.0,0.0,0.0,294.7047,0.0,0.0,-1.5707964,0.0
1970-01-01 00:00:00.294342837,0.294342837,0.0,0.0,0.0,0.0,0.0,218.13985,0.0,0.0,-1.5707964,0.0
1970-01-01 00:00:00.294431369,0.294431369,0.0,0.0,399.89886,0.0,0.0,0.0,0.0,0.0,-1.5707964,0.0
1970-01-01 00:00:00.294565020,0.29456502,0.0,0.0,0.0,0.0,0.0,288.45975,0.0,0.0,-1.5707964,0.0
1970-01-01 00:00:00.294704905,0.294704905,0.0,0.0,0.0,0.0,196.22618,0.0,0.0,0.0,-1.5707964,0.0
1970-01-01 00:00:00.294708599,0.294708599,0.0,0.0,0.0,862.3549,0.0,0.0,0.0,0.0,-1.5707964,0.0
1970-01-01 00:00:00.294861884,0.294861884,0.0,0.0,0.0,433.6596,0.0,0.0,0.0,0.0,-1.5707964,0.0
1970-01-01 00:00:00.294870098,0.294870098,0.0,0.0,0.0,85.86447,0.0,0.0,0.0,0.0,-1.5707964,0.0
1970-01-01 00:00:00.295171997,0.295171997,0.0,1067.5459,0.0,0.0,0.0,0.0,0.0,0.0,-1.5707964,0.0
1970-01-01 00:00:00.295171997,0.295171997,0.0,0.0,0.0,470.1714,0.0,0.0,0.0,0.0,-1.5707964,0.0
1970-01-01 00:00:00.295244004,0.295244004,0.0,0.0,0.0,1419.9279,0.0,0.0,0.0,0.0,-1.5707964,0.0
1970-01-01 00:00:00.295299147,0.295299147,0.0,0.0,516.9399,0.0,0.0,0.0,0.0,0.0,-1.5707964,0.0
1970-01-01 00:00:00.295447041,0.295447041,0.0,0.0,0.0,0.0,0.0,117.24691,0.0,0.0,-1.5707964,0.0
1970-01-01 00:00:00.295513203,0.295513203,0.0,291.81772,0.0,0.0,0.0,0.0,0.0,0.0,-1.5707964,0.0
1970-01-01 00:00:00.295836278,0.295836278,0.0,0.0,0.0,0.0,0.0,101.832664,0.0,0.0,-1.5707964,0.0
1970-01-01 00:00:00.295862470,0.29586247,0.0,0.0,1065.1857,0.0,0.0,0.0,0.0,0.0,-1.5707964,0.0
1970-01-01 00:00:00.295891129,0.295891129,0.0,0.0,136.25221,0.0,0.0,0.0,0.0,0.0,-1.5707964,0.0
1970-01-01 00:00:00.296137844,0.296137844,0.0,0.0,0.0,0.0,840.91486,0.0,0.0,0.0,-1.5707964,0.0
1970-01-01 00:00:00.296137844,0.296137844,0.0,0.0,0.0,668.719,0.0,0.0,0.0,0.0,-1.5707964,0.0
1970-01-01 00:00:00.296278267,0.296278267,0.0,0.0,0.0,111.23948,0.0,0.0,0.0,0.0,-1.5707964,0.0
1970-01-01 00:00:00.296308531,0.296308531,0.0,0.0,98.90834,0.0,0.0,0.0,0.0,0.0,-1.5707964,0.0
1970-01-01 00:00:00.296543098,0.296543098,0.0,265.0571,0.0,0.0,0.0,0.0,0.0,0.0,-1.5707964,0.0
1970-01-01 00:00:00.296636589,0.296636589,0.0,0.0,0.0,0.0,0.0,623.65686,0.0,0.0,-1.5707964,0.0
1970-01-01 00:00:00.296711500,0.2967115,0.0,0.0,0.0,352.80515,0.0,0.0,0.0,0.0,-1.5707964,0.0
1970-01-01 00:00:00.296778161,0.296778161,240.38953,0.0,0.0,0.0,0.0,0.0,0.0,0.0,-1.5707964,0.0
1970-01-01 00:00:00.296824222,0.296824222,0.0,0.0,470.82306,0.0,0.0,0.0,0.0,0.0,-1.5707964,0.0
1970-01-01 00:00:00.296824222,0.296824222,0.0,0.0,0.0,0.0,0.0,515.07434,0.0,0.0,-1.5707964,0.0
1970-01-01 00:00:00.296998986,0.296998986,0.0,0.0,0.0,89.98666,0.0,0.0,0.0,0.0,-1.5707964,0.0
1970-01-01 00:00:00.297116436,0.297116436,0.0,0.0,298.4038,0.0,0.0,0.0,0.0,0.0,-1.5707964,0.0
1970-01-01 00:00:00.297135132,0.297135132,0.0,1590.901,0.0,0.0,0.0,0.0,0.0,0.0,-1.5707964,0.0
1970-01-01 00:00:00.297274786,0.297274786,0.0,0.0,2165.9937,0.0,0.0,0.0,0.0,0.0,-1.5707964,0.0
1970-01-01 00:00:00.297313433,0.297313433,0.0,484.5876,0.0,0.0,0.0,0.0,0.0,0.0,-1.5707964,0.0
1970-01-01 00:00:00.297339331,0.297339331,0.0,0.0,0.0,1085.772,0.0,0.0,0.0,0.0,-1.5707964,0.0
1970-01-01 00:00:00.297359102,0.297359102,0.0,0.0,0.0,467.26355,0.0,0.0,0.0,0.0,-1.5707964,0.0
1970-01-01 00:00:00.297420000,0.29742,0.0,0.0,1351.5403,0.0,0.0,0.0,0.0,0.0,-1.5707964,0.0
1970-01-01 00:00:00.297478655,0.297478655,0.0,0.0,231.56053,0.0,0.0,0.0,0.0,0.0,-1.5707964,0.0
1970-01-01 00:00:00.297599023,0.297599023,0.0,0.0,0.0,0.0,91.803734,0.0,0.0,0.0,-1.5707964,0.0
1970-01-01 00:00:00.297749716,0.297749716,0.0,0.0,405.32465,0.0,0.0,0.0,0.0,0.0,-1.5707964,0.0
1970-01-01 00:00:00.297757460,0.29775746,0.0,0.0,0.0,95.996414,0.0,0.0,0.0,0.0,-1.5707964,0.0
1970-01-01 00:00:00.297904689,0.297904689,0.0,0.0,0.0,340.51553,0.0,0.0,0.0,0.0,-1.5707964,0.0
1970-01-01 00:00:00.297950426,0.297950426,0.0,0.0,0.0,0.0,876.475,0.0,0.0,0.0,-1.5707964,0.0
1970-01-01 00:00:00.298164735,0.298164735,0.0,0.0,2569.4402,0.0,0.0,0.0,0.0,0.0,-1.5707964,0.0
1970-01-01 00:00:00.298173234,0.298173234,0.0,377.2004,0.0,0.0,0.0,0.0,0.0,0.0,-1.5707964,0.0
1970-01-01 00:00:00.298296081,0.298296081,0.0,0.0,581.36707,0.0,0.0,0.0,0.0,0.0,-1.5707964,0.0
1970-01-01 00:00:00.298356873,0.298356873,0.0,0.0,0.0,249.78645,0.0,0.0,0.0,0.0,-1.5707964,0.0
1970-01-01 00:00:00.298560500,0.2985605,0.0,0.0,330.01608,0.0,0.0,0.0,0.0,0.0,-1.5707964,0.0
1970-01-01 00:00:00.298671219,0.298671219,0.0,0.0,0.0,0.0,0.0,84.37183,0.0,0.0,-1.5707964,0.0
1970-01-01 00:00:00.298825690,0.29882569,0.0,0.0,0.0,487.1709,0.0,0.0,0.0,0.0,-1.5707964,0.0
1970-01-01 00:00:00.298985286,0.298985286,0.0,0.0,0.0,0.0,1637.7516,0.0,0.0,0.0,-1.5707964,0.0
1970-01-01 00:00:00.299068505,0.299068505,0.0,0.0,291.37598,0.0,0.0,0.0,0.0,0.0,-1.5707964,0.0
1970-01-01 00:00:00.299103437,0.299103437,0.0,0.0,0.0,162.96889,0.0,0.0,0.0,0.0,-1.5707964,0.0
1970-01-01 00:00:00.299209984,0.299209984,0.0,0.0,0.0,493.34808,0.0,0.0,0.0,0.0,-1.5707964,0.0
1970-01-01 00:00:00.299350665,0.299350665,0.0,0.0,744.62,0.0,0.0,0.0,0.0,0.0,-1.5707964,0.0
1970-01-01 00:00:00.299377422,0.299377422,0.0,0.0,0.0,578.0511,0.0,0.0,0.0,0.0,-1.5707964,0.0
1970-01-01 00:00:00.299599038,0.299599038,0.0,0.0,137.59077,0.0,0.0,0.0,0.0,0.0,-1.5707964,0.0
1970-01-01 00:00:00.299698375,0.299698375,0.0,0.0,0.0,300.25992,0.0,0.0,0.0,0.0,-1.5707964,0.0
1970-01-01 00:00:00.299751108,0.299751108,0.0,0.0,0.0,137.95969,0.0,0.0,0.0,0.0,-1.5707964,0.0
1970-01-01 00:00:00.300252459,0.300252459,0.0,0.0,246.83658,0.0,0.0,0.0,0.0,0.0,-1.5707964,0.0
1970-01-01 00:00:00.300279572,0.300279572,0.0,0.0,117.709595,0.0,0.0,0.0,0.0,0.0,-1.5707964,0.0
1970-01-01 00:00:00.300365309,0.300365309,0.0,0.0,0.0,235.70752,0.0,0.0,0.0,0.0,-1.5707964,0.0
1970-01-01 00:00:00.300375473,0.300375473,0.0,95.85871,0.0,0.0,0.0,0.0,0.0,0.0,-1.5707964,0.0
1970-01-01 00:00:00.300458955,0.300458955,0.0,0.0,0.0,0.0,0.0,451.8699,0.0,0.0,-1.5707964,0.0
1970-01-01 00:00:00.300643280,0.30064328,0.0,0.0,399.5907,0.0,0.0,0.0,0.0,0.0,-1.5707964,0.0
1970-01-01 00:00:00.300974304,0.300974304,0.0,0.0,1777.9928,0.0,0.0,0.0,0.0,0.0,-1.5707964,0.0
1970-01-01 00:00:00.301200634,0.301200634,0.0,0.0,0.0,96.4943,0.0,0.0,0.0,0.0,-1.5707964,0.0
1970-01-01 00:00:00.301270644,0.301270644,0.0,0.0,388.4185,0.0,0.0,0.0,0.0,0.0,-1.5707964,0.0
1970-01-01 00:00:00.301445975,0.301445975,0.0,0.0,0.0,362.04703,0.0,0.0,0.0,0.0,-1.5707964,0.0
1970-01-01 00:00:00.301530126,0.301530126,0.0,0.0,0.0,0.0,0.0,244.78229,0.0,0.0,-1.5707964,0.0
1970-01-01 00:00:00.301672595,0.301672595,0.0,0.0,334.17416,0.0,0.0,0.0,0.0,0.0,-1.5707964,0.0
1970-01-01 00:00:00.302097644,0.302097644,0.0,0.0,0.0,465.2716,0.0,0.0,0.0,0.0,-1.5707964,0.0
1970-01-01 00:00:00.302117157,0.302117157,0.0,0.0,0.0,807.98535,0.0,0.0,0.0,0.0,-1.5707964,0.0
1970-01-01 00:00:00.302180651,0.302180651,0.0,0.0,0.0,0.0,3465.073,0.0,0.0,0.0,-1.5707964,0.0
1970-01-01 00:00:00.302192761,0.302192761,0.0,0.0,0.0,541.3901,0.0,0.0,0.0,0.0,-1.5707964,0.0
1970-01-01 00:00:00.302220018,0.302220018,0.0,219.85327,0.0,0.0,0.0,0.0,0.0,0.0,-1.5707964,0.0
1970-01-01 00:00:00.302296715,0.302296715,0.0,0.0,0.0,196.0369,0.0,0.0,0.0,0.0,-1.5707964,0.0
1970-01-01 00:00:00.302381658,0.302381658,0.0,0.0,0.0,0.0,0.0,218.7778,0.0,0.0,-1.5707964,0.0
1970-01-01 00:00:00.302605750,0.30260575,0.0,0.0,0.0,2755.6592,0.0,0.0,0.0,0.0,-1.5707964,0.0
1970-01-01 00:00:00.302661650,0.30266165,0.0,0.0,0.0,161.73325,0.0,0.0,0.0,0.0,-1.5707964,0.0
1970-01-01 00:00:00.302681157,0.302681157,0.0,0.0,0.0,0.0,161.70346,0.0,0.0,0.0,-1.5707964,0.0
1970-01-01 00:00:00.302822903,0.302822903,0.0,0.0,0.0,148.38678,0.0,0.0,0.0,0.0,-1.5707964,0.0
1970-01-01 00:00:00.303116362,0.303116362,0.0,0.0,0.0,0.0,0.0,159.06197,0.0,0.0,-1.5707964,0.0
1970-01-01 00:00:00.303327997,0.303327997,0.0,0.0,0.0,0.0,254.91702,0.0,0.0,0.0,-1.5707964,0.0
1970-01-01 00:00:00.303383752,0.303383752,0.0,0.0,0.0,232.52171,0.0,0.0,0.0,0.0,-1.5707964,0.0
1970-01-01 00:00:00.303458739,0.303458739,0.0,0.0,0.0,234.80829,0.0,0.0,0.0,0.0,-1.5707964,0.0
1970-01-01 00:00:00.303591341,0.303591341,0.0,0.0,0.0,361.41312,0.0,0.0,0.0,0.0,-1.5707964,0.0
1970-01-01 00:00:00.303661126,0.303661126,369.1794,0.0,0.0,0.0,0.0,0.0,0.0,0.0,-1.5707964,0.0
1970-01-01 00:00:00.303787895,0.303787895,0.0,437.5374,0.0,0.0,0.0,0.0,0.0,0.0,-1.5707964,0.0
1970-01-01 00:00:00.303787895,0.303787895,0.0,0.0,0.0,1042.848,0.0,0.0,0.0,0.0,-1.5707964,0.0
1970-01-01 00:00:00.303944460,0.30394446,0.0,0.0,563.2864,0.0,0.0,0.0,0.0,0.0,-1.5707964,0.0
1970-01-01 00:00:00.303971467,0.303971467,0.0,0.0,277.0762,0.0,0.0,0.0,0.0,0.0,-1.5707964,0.0
1970-01-01 00:00:00.303995001,0.303995001,0.0,0.0,1561.7346,0.0,0.0,0.0,0.0,0.0,-1.5707964,0.0
1970-01-01 00:00:00.304225498,0.304225498,0.0,0.0,0.0,0.0,0.0,115.94434,0.0,0.0,-1.5707964,0.0
1970-01-01 00:00:00.304330912,0.304330912,0.0,0.0,299.3174,0.0,0.0,0.0,0.0,0.0,-1.5707964,0.0
1970-01-01 00:00:00.304516952,0.304516952,471.53055,0.0,0.0,0.0,0.0,0.0,0.0,0.0,-1.5707964,0.0
1970-01-01 00:00:00.304516952,0.304516952,0.0,0.0,0.0,0.0,0.0,3441.6619,0.0,0.0,-1.5707964,0.0
1970-01-01 00:00:00.304541865,0.304541865,0.0,313.1542,0.0,0.0,0.0,0.0,0.0,0.0,-1.5707964,0.0
1970-01-01 00:00:00.304610647,0.304610647,0.0,0.0,0.0,366.14685,0.0,0.0,0.0,0.0,-1.5707964,0.0
1970-01-01 00:00:00.304913049,0.304913049,0.0,0.0,0.0,0.0,0.0,107.57542,0.0,0.0,-1.5707964,0.0
1970-01-01 00:00:00.305044480,0.30504448,0.0,0.0,2289.752,0.0,0.0,0.0,0.0,0.0,-1.5707964,0.0
1970-01-01 00:00:00.305460665,0.305460665,197.37666,0.0,0.0,0.0,0.0,0.0,0.0,0.0,-1.5707964,0.0
1970-01-01 00:00:00.305561480,0.30556148,0.0,0.0,0.0,230.63156,0.0,0.0,0.0,0.0,-1.5707964,0.0
1970-01-01 00:00:00.305592228,0.305592228,0.0,125.47764,0.0,0.0,0.0,0.0,0.0,0.0,-1.5707964,0.0
1970-01-01 00:00:00.305836622,0.305836622,0.0,0.0,0.0,0.0,172.42415,0.0,0.0,0.0,-1.5707964,0.0
1970-01-01 00:00:00.305878552,0.305878552,0.0,0.0,1115.4772,0.0,0.0,0.0,0.0,0.0,-1.5707964,0.0
1970-01-01 00:00:00.305922939,0.305922939,0.0,0.0,0.0,0.0,0.0,117.96304,0.0,0.0,-1.5707964,0.0
1970-01-01 00:00:00.306178505,0.306178505,176.2168,0.0,0.0,0.0,0.0,0.0,0.0,0.0,-1.5707964,0.0
1970-01-01 00:00:00.306483448,0.306483448,0.0,0.0,0.0,0.0,0.0,1031.1621,0.0,0.0,-1.5707964,0.0
1970-01-01 00:00:00.306887495,0.306887495,0.0,0.0,0.0,354.14996,0.0,0.0,0.0,0.0,-1.5707964,0.0
1970-01-01 00:00:00.306977356,0.306977356,0.0,87.76,0.0,0.0,0.0,0.0,0.0,0.0,-1.5707964,0.0
1970-01-01 00:00:00.306990884,0.306990884,0.0,0.0,0.0,530.027,0.0,0.0,0.0,0.0,-1.5707964,0.0
1970-01-01 00:00:00.307191679,0.307191679,0.0,0.0,0.0,372.9143,0.0,0.0,0.0,0.0,-1.5707964,0.0
1970-01-01 00:00:00.307432734,0.307432734,0.0,0.0,0.0,0.0,0.0,103.80992,0.0,0.0,-1.5707964,0.0
1970-01-01 00:00:00.307575896,0.307575896,284.0107,0.0,0.0,0.0,0.0,0.0,0.0,0.0,-1.5707964,0.0
1970-01-01 00:00:00.307745579,0.307745579,0.0,0.0,241.91347,0.0,0.0,0.0,0.0,0.0,-1.5707964,0.0
1970-01-01 00:00:00.307831905,0.307831905,0.0,0.0,709.9397,0.0,0.0,0.0,0.0,0.0,-1.5707964,0.0
1970-01-01 00:00:00.307880952,0.307880952,0.0,0.0,0.0,0.0,438.93567,0.0,0.0,0.0,-1.5707964,0.0
1970-01-01 00:00:00.307965650,0.30796565,0.0,0.0,650.894,0.0,0.0,0.0,0.0,0.0,-1.5707964,0.0
1970-01-01 00:00:00.308119991,0.308119991,0.0,0.0,0.0,281.4949,0.0,0.0,0.0,0.0,-1.5707964,0.0
1970-01-01 00:00:00.308139629,0.308139629,0.0,201.03484,0.0,0.0,0.0,0.0,0.0,0.0,-1.5707964,0.0
1970-01-01 00:00:00.308219540,0.30821954,0.0,0.0,0.0,0.0,0.0,80.15483,0.0,0.0,-1.5707964,0.0
1970-01-01 00:00:00.308392748,0.308392748,0.0,0.0,908.1675,0.0,0.0,0.0,0.0,0.0,-1.5707964,0.0
1970-01-01 00:00:00.308488888,0.308488888,0.0,0.0,0.0,209.47275,0.0,0.0,0.0,0.0,-1.5707964,0.0
1970-01-01 00:00:00.308498291,0.308498291,0.0,0.0,186.63449,0.0,0.0,0.0,0.0,0.0,-1.5707964,0.0
1970-01-01 00:00:00.308501185,0.308501185,0.0,0.0,756.4523,0.0,0.0,0.0,0.0,0.0,-1.5707964,0.0
1970-01-01 00:00:00.308582365,0.308582365,0.0,0.0,0.0,113.40129,0.0,0.0,0.0,0.0,-1.5707964,0.0
1970-01-01 00:00:00.308728588,0.308728588,0.0,93.184296,0.0,0.0,0.0,0.0,0.0,0.0,-1.5707964,0.0
1970-01-01 00:00:00.308754402,0.308754402,0.0,0.0,0.0,851.1234,0.0,0.0,0.0,0.0,-1.5707964,0.0
1970-01-01 00:00:00.308875492,0.308875492,0.0,0.0,0.0,90.45046,0.0,0.0,0.0,0.0,-1.5707964,0.0
1970-01-01 00:00:00.308900537,0.308900537,0.0,0.0,99.14261,0.0,0.0,0.0,0.0,0.0,-1.5707964,0.0
1970-01-01 00:00:00.308902885,0.308902885,0.0,0.0,0.0,0.0,182.15639,0.0,0.0,0.0,-1.5707964,0.0
1970-01-01 00:00:00.308977864,0.308977864,0.0,0.0,0.0,0.0,201.23987,0.0,0.0,0.0,-1.5707964,0.0
1970-01-01 00:00:00.308994699,0.308994699,0.0,374.40912,0.0,0.0,0.0,0.0,0.0,0.0,-1.5707964,0.0
1970-01-01 00:00:00.309098752,0.309098752,0.0,0.0,3977.2258,0.0,0.0,0.0,0.0,0.0,-1.5707964,0.0
1970-01-01 00:00:00.309098752,0.309098752,0.0,0.0,0.0,0.0,0.0,507.31116,0.0,0.0,-1.5707964,0.0
1970-01-01 00:00:00.309235783,0.309235783,0.0,0.0,0.0,236.10587,0.0,0.0,0.0,0.0,-1.5707964,0.0
1970-01-01 00:00:00.309771996,0.309771996,0.0,0.0,116.22279,0.0,0.0,0.0,0.0,0.0,-1.5707964,0.0
1970-01-01 00:00:00.309782563,0.309782563,0.0,0.0,0.0,140.262,0.0,0.0,0.0,0.0,-1.5707964,0.0
1970-01-01 00:00:00.309905603,0.309905603,0.0,0.0,0.0,0.0,0.0,1011.20105,0.0,0.0,-1.5707964,0.0
1970-01-01 00:00:00.310042134,0.310042134,0.0,385.0032,0.0,0.0,0.0,0.0,0.0,0.0,-1.5707964,0.0
1970-01-01 00:00:00.310196722,0.310196722,232.65993,0.0,0.0,0.0,0.0,0.0,0.0,0.0,-1.5707964,0.0
1970-01-01 00:00:00.310269532,0.310269532,0.0,0.0,0.0,0.0,125.538376,0.0,0.0,0.0,-1.5707964,0.0
1970-01-01 00:00:00.310422442,0.310422442,2300.6814,0.0,0.0,0.0,0.0,0.0,0.0,0.0,-1.5707964,0.0
1970-01-01 00:00:00.310483563,0.310483563,0.0,0.0,0.0,375.248,0.0,0.0,0.0,0.0,-1.5707964,0.0
1970-01-01 00:00:00.310545178,0.310545178,0.0,0.0,0.0,0.0,1548.3737,0.0,0.0,0.0,-1.5707964,0.0
1970-01-01 00:00:00.310670228,0.310670228,0.0,0.0,0.0,0.0,0.0,280.4564,0.0,0.0,-1.5707964,0.0
1970-01-01 00:00:00.310786239,0.310786239,0.0,0.0,0.0,696.4593,0.0,0.0,0.0,0.0,-1.5707964,0.0
1970-01-01 00:00:00.311329280,0.31132928,0.0,0.0,0.0,0.0,0.0,1435.3246,0.0,0.0,-1.5707964,0.0
1970-01-01 00:00:00.311445982,0.311445982,0.0,126.482216,0.0,0.0,0.0,0.0,0.0,0.0,-1.5707964,0.0
1970-01-01 00:00:00.311703086,0.311703086,0.0,0.0,0.0,0.0,744.29034,0.0,0.0,0.0,-1.5707964,0.0
1970-01-01 00:00:00.311802333,0.311802333,0.0,0.0,0.0,0.0,370.5583,0.0,0.0,0.0,-1.5707964,0.0
1970-01-01 00:00:00.311816384,0.311816384,259.34235,0.0,0.0,0.0,0.0,0.0,0.0,0.0,-1.5707964,0.0
1970-01-01 00:00:00.311816384,0.311816384,0.0,0.0,1327.3123,0.0,0.0,0.0,0.0,0.0,-1.5707964,0.0
1970-01-01 00:00:00.311907069,0.311907069,0.0,0.0,1156.457,0.0,0.0,0.0,0.0,0.0,-1.5707964,0.0
1970-01-01 00:00:00.311917580,0.31191758,0.0,0.0,0.0,397.8005,0.0,0.0,0.0,0.0,-1.5707964,0.0
1970-01-01 00:00:00.312212446,0.312212446,0.0,0.0,0.0,824.9554,0.0,0.0,0.0,0.0,-1.5707964,0.0
1970-01-01 00:00:00.312314586,0.312314586,0.0,0.0,0.0,193.33534,0.0,0.0,0.0,0.0,-1.5707964,0.0
1970-01-01 00:00:00.312418577,0.312418577,206.41924,0.0,0.0,0.0,0.0,0.0,0.0,0.0,-1.5707964,0.0
1970-01-01 00:00:00.312511217,0.312511217,0.0,0.0,0.0,0.0,0.0,127.43646,0.0,0.0,-1.5707964,0.0
1970-01-01 00:00:00.312657984,0.312657984,0.0,0.0,0.0,588.09766,0.0,0.0,0.0,0.0,-1.5707964,0.0
1970-01-01 00:00:00.312722995,0.312722995,0.0,210.24953,0.0,0.0,0.0,0.0,0.0,0.0,-1.5707964,0.0
1970-01-01 00:00:00.312813214,0.312813214,0.0,0.0,131.60535,0.0,0.0,0.0,0.0,0.0,-1.5707964,0.0
1970-01-01 00:00:00.313002940,0.31300294,0.0,0.0,0.0,0.0,0.0,112.4924,0.0,0.0,-1.5707964,0.0
1970-01-01 00:00:00.313054680,0.31305468,0.0,0.0,0.0,325.56805,0.0,0.0,0.0,0.0,-1.5707964,0.0
1970-01-01 00:00:00.313062267,0.313062267,0.0,0.0,0.0,0.0,0.0,240.8494,0.0,0.0,-1.5707964,0.0
1970-01-01 00:00:00.313088865,0.313088865,0.0,0.0,388.23544,0.0,0.0,0.0,0.0,0.0,-1.5707964,0.0
1970-01-01 00:00:00.313113912,0.313113912,0.0,1220.6426,0.0,0.0,0.0,0.0,0.0,0.0,-1.5707964,0.0
1970-01-01 00:00:00.313113912,0.313113912,0.0,0.0,0.0,170.93567,0.0,0.0,0.0,0.0,-1.5707964,0.0
1970-01-01 00:00:00.313372356,0.313372356,0.0,0.0,105.25995,0.0,0.0,0.0,0.0,0.0,-1.5707964,0.0
1970-01-01 00:00:00.313393744,0.313393744,0.0,374.22116,0.0,0.0,0.0,0.0,0.0,0.0,-1.5707964,0.0
1970-01-01 00:00:00.313890168,0.313890168,0.0,0.0,0.0,167.66216,0.0,0.0,0.0,0.0,-1.5707964,0.0
1970-01-01 00:00:00.314179810,0.31417981,0.0,0.0,0.0,0.0,140.89427,0.0,0.0,0.0,-1.5707964,0.0
1970-01-01 00:00:00.314378780,0.31437878,0.0,0.0,0.0,516.85205,0.0,0.0,0.0,0.0,-1.5707964,0.0
1970-01-01 00:00:00.315875849,0.315875849,0.0,0.0,0.0,404.10406,0.0,0.0,0.0,0.0,-1.5707964,0.0
1970-01-01 00:00:00.316033056,0.316033056,0.0,0.0,0.0,540.4072,0.0,0.0,0.0,0.0,-1.5707964,0.0
1970-01-01 00:00:00.316521531,0.316521531,0.0,0.0,0.0,0.0,188.94772,0.0,0.0,0.0,-1.5707964,0.0
1970-01-01 00:00:00.316532706,0.316532706,0.0,0.0,0.0,195.04013,0.0,0.0,0.0,0.0,-1.5707964,0.0
1970-01-01 00:00:00.316564204,0.316564204,0.0,0.0,0.0,0.0,521.9823,0.0,0.0,0.0,-1.5707964,0.0
1970-01-01 00:00:00.316715221,0.316715221,0.0,0.0,154.96686,0.0,0.0,0.0,0.0,0.0,-1.5707964,0.0
1970-01-01 00:00:00.316862678,0.316862678,0.0,0.0,0.0,0.0,723.50165,0.0,0.0,0.0,-1.5707964,0.0
1970-01-01 00:00:00.316880425,0.316880425,0.0,0.0,0.0,1191.9498,0.0,0.0,0.0,0.0,-1.5707964,0.0
1970-01-01 00:00:00.316899298,0.316899298,0.0,0.0,0.0,0.0,337.9077,0.0,0.0,0.0,-1.5707964,0.0
1970-01-01 00:00:00.317043764,0.317043764,0.0,0.0,185.65904,0.0,0.0,0.0,0.0,0.0,-1.5707964,0.0
1970-01-01 00:00:00.317364308,0.317364308,0.0,0.0,0.0,409.25586,0.0,0.0,0.0,0.0,-1.5707964,0.0
1970-01-01 00:00:00.317370586,0.317370586,0.0,0.0,208.25275,0.0,0.0,0.0,0.0,0.0,-1.5707964,0.0
1970-01-01 00:00:00.317837723,0.317837723,0.0,0.0,0.0,591.1644,0.0,0.0,0.0,0.0,-1.5707964,0.0
1970-01-01 00:00:00.318081413,0.318081413,0.0,0.0,0.0,0.0,438.26367,0.0,0.0,0.0,-1.5707964,0.0
1970-01-01 00:00:00.318263896,0.318263896,459.5239,0.0,0.0,0.0,0.0,0.0,0.0,0.0,-1.5707964,0.0
1970-01-01 00:00:00.318465969,0.318465969,0.0,0.0,0.0,351.15198,0.0,0.0,0.0,0.0,-1.5707964,0.0
1970-01-01 00:00:00.318591620,0.31859162,0.0,0.0,0.0,0.0,0.0,1139.0239,0.0,0.0,-1.5707964,0.0
1970-01-01 00:00:00.318820306,0.318820306,118.954666,0.0,0.0,0.0,0.0,0.0,0.0,0.0,-1.5707964,0.0
1970-01-01 00:00:00.318925939,0.318925939,0.0,0.0,323.30402,0.0,0.0,0.0,0.0,0.0,-1.5707964,0.0
1970-01-01 00:00:00.318925939,0.318925939,0.0,0.0,0.0,0.0,309.7121,0.0,0.0,0.0,-1.5707964,0.0
1970-01-01 00:00:00.319282747,0.319282747,0.0,0.0,0.0,283.46436,0.0,0.0,0.0,0.0,-1.5707964,0.0
1970-01-01 00:00:00.319362594,0.319362594,0.0,686.9158,0.0,0.0,0.0,0.0,0.0,0.0,-1.5707964,0.0
1970-01-01 00:00:00.319421204,0.319421204,0.0,0.0,0.0,1243.0574,0.0,0.0,0.0,0.0,-1.5707964,0.0
1970-01-01 00:00:00.319522217,0.319522217,0.0,0.0,0.0,0.0,0.0,784.5092,0.0,0.0,-1.5707964,0.0
1970-01-01 00:00:00.320097880,0.32009788,0.0,0.0,0.0,0.0,216.66524,0.0,0.0,0.0,-1.5707964,0.0
1970-01-01 00:00:00.320606468,0.320606468,0.0,0.0,0.0,687.651,0.0,0.0,0.0,0.0,-1.5707964,0.0
1970-01-01 00:00:00.320946752,0.320946752,0.0,0.0,0.0,100.9335,0.0,0.0,0.0,0.0,-1.5707964,0.0
1970-01-01 00:00:00.321084369,0.321084369,0.0,0.0,546.4893,0.0,0.0,0.0,0.0,0.0,-1.5707964,0.0
1970-01-01 00:00:00.321154555,0.321154555,0.0,0.0,0.0,326.34705,0.0,0.0,0.0,0.0,-1.5707964,0.0
1970-01-01 00:00:00.321519986,0.321519986,0.0,403.71918,0.0,0.0,0.0,0.0,0.0,0.0,-1.5707964,0.0
1970-01-01 00:00:00.321571656,0.321571656,0.0,0.0,433.1712,0.0,0.0,0.0,0.0,0.0,-1.5707964,0.0
1970-01-01 00:00:00.321673194,0.321673194,0.0,0.0,1346.6378,0.0,0.0,0.0,0.0,0.0,-1.5707964,0.0
1970-01-01 00:00:00.321688329,0.321688329,0.0,0.0,0.0,0.0,0.0,158.84988,0.0,0.0,-1.5707964,0.0
1970-01-01 00:00:00.321690254,0.321690254,0.0,0.0,0.0,0.0,0.0,871.8887,0.0,0.0,-1.5707964,0.0
1970-01-01 00:00:00.321764552,0.321764552,0.0,0.0,0.0,374.0268,0.0,0.0,0.0,0.0,-1.5707964,0.0
1970-01-01 00:00:00.321997482,0.321997482,0.0,0.0,1116.5302,0.0,0.0,0.0,0.0,0.0,-1.5707964,0.0
1970-01-01 00:00:00.322302928,0.322302928,0.0,0.0,0.0,0.0,147.68594,0.0,0.0,0.0,-1.5707964,0.0
1970-01-01 00:00:00.322302928,0.322302928,0.0,0.0,0.0,0.0,162.35751,0.0,0.0,0.0,-1.5707964,0.0
1970-01-01 00:00:00.322682723,0.322682723,0.0,184.03525,0.0,0.0,0.0,0.0,0.0,0.0,-1.5707964,0.0
1970-01-01 00:00:00.322693914,0.322693914,0.0,0.0,0.0,469.12238,0.0,0.0,0.0,0.0,-1.5707964,0.0
1970-01-01 00:00:00.323036369,0.323036369,0.0,0.0,0.0,0.0,0.0,94.5975,0.0,0.0,-1.5707964,0.0
1970-01-01 00:00:00.323134791,0.323134791,0.0,0.0,0.0,0.0,325.92035,0.0,0.0,0.0,-1.5707964,0.0
1970-01-01 00:00:00.323507458,0.323507458,0.0,0.0,0.0,0.0,130.01996,0.0,0.0,0.0,-1.5707964,0.0
1970-01-01 00:00:00.323526120,0.32352612,0.0,0.0,907.85876,0.0,0.0,0.0,0.0,0.0,-1.5707964,0.0
1970-01-01 00:00:00.324135467,0.324135467,0.0,0.0,0.0,2723.98,0.0,0.0,0.0,0.0,-1.5707964,0.0
1970-01-01 00:00:00.324140985,0.324140985,0.0,0.0,0.0,297.5561,0.0,0.0,0.0,0.0,-1.5707964,0.0
1970-01-01 00:00:00.324208585,0.324208585,0.0,0.0,0.0,0.0,0.0,162.37854,0.0,0.0,-1.5707964,0.0
1970-01-01 00:00:00.324233069,0.324233069,0.0,0.0,0.0,1505.5244,0.0,0.0,0.0,0.0,-1.5707964,0.0
1970-01-01 00:00:00.324345640,0.32434564,0.0,0.0,350.5837,0.0,0.0,0.0,0.0,0.0,-1.5707964,0.0
1970-01-01 00:00:00.324632336,0.324632336,0.0,0.0,0.0,0.0,0.0,283.62726,0.0,0.0,-1.5707964,0.0
1970-01-01 00:00:00.324715663,0.324715663,0.0,715.87286,0.0,0.0,0.0,0.0,0.0,0.0,-1.5707964,0.0
1970-01-01 00:00:00.324856850,0.32485685,0.0,0.0,0.0,176.60832,0.0,0.0,0.0,0.0,-1.5707964,0.0
1970-01-01 00:00:00.324955911,0.324955911,0.0,0.0,0.0,90.7874,0.0,0.0,0.0,0.0,-1.5707964,0.0
1970-01-01 00:00:00.325027393,0.325027393,0.0,0.0,0.0,159.75401,0.0,0.0,0.0,0.0,-1.5707964,0.0
1970-01-01 00:00:00.325096446,0.325096446,0.0,0.0,0.0,2979.0994,0.0,0.0,0.0,0.0,-1.5707964,0.0
1970-01-01 00:00:00.325121884,0.325121884,0.0,0.0,0.0,0.0,90.99838,0.0,0.0,0.0,-1.5707964,0.0
1970-01-01 00:00:00.325145755,0.325145755,0.0,0.0,116.82109,0.0,0.0,0.0,0.0,0.0,-1.5707964,0.0
1970-01-01 00:00:00.325175734,0.325175734,0.0,0.0,216.55942,0.0,0.0,0.0,0.0,0.0,-1.5707964,0.0
1970-01-01 00:00:00.325230273,0.325230273,0.0,0.0,0.0,828.035,0.0,0.0,0.0,0.0,-1.5707964,0.0
1970-01-01 00:00:00.325356741,0.325356741,0.0,0.0,0.0,0.0,916.10583,0.0,0.0,0.0,-1.5707964,0.0
1970-01-01 00:00:00.325455835,0.325455835,227.93922,0.0,0.0,0.0,0.0,0.0,0.0,0.0,-1.5707964,0.0
1970-01-01 00:00:00.325479184,0.325479184,0.0,0.0,0.0,0.0,215.73662,0.0,0.0,0.0,-1.5707964,0.0
1970-01-01 00:00:00.325505915,0.325505915,0.0,0.0,0.0,381.65652,0.0,0.0,0.0,0.0,-1.5707964,0.0
1970-01-01 00:00:00.325827204,0.325827204,0.0,0.0,1600.2953,0.0,0.0,0.0,0.0,0.0,-1.5707964,0.0
1970-01-01 00:00:00.326068042,0.326068042,102.86372,0.0,0.0,0.0,0.0,0.0,0.0,0.0,-1.5707964,0.0
1970-01-01 00:00:00.326170901,0.326170901,0.0,0.0,0.0,0.0,127.20084,0.0,0.0,0.0,-1.5707964,0.0
1970-01-01 00:00:00.326171927,0.326171927,0.0,0.0,201.45377,0.0,0.0,0.0,0.0,0.0,-1.5707964,0.0
1970-01-01 00:00:00.326295805,0.326295805,718.9529,0.0,0.0,0.0,0.0,0.0,0.0,0.0,-1.5707964,0.0
1970-01-01 00:00:00.326325342,0.326325342,0.0,0.0,0.0,586.9535,0.0,0.0,0.0,0.0,-1.5707964,0.0
1970-01-01 00:00:00.326327513,0.326327513,0.0,0.0,0.0,186.52513,0.0,0.0,0.0,0.0,-1.5707964,0.0
1970-01-01 00:00:00.326473071,0.326473071,0.0,0.0,0.0,0.0,0.0,152.21689,0.0,0.0,-1.5707964,0.0
1970-01-01 00:00:00.326586636,0.326586636,0.0,0.0,0.0,0.0,98.99354,0.0,0.0,0.0,-1.5707964,0.0
1970-01-01 00:00:00.326598589,0.326598589,0.0,0.0,2372.6826,0.0,0.0,0.0,0.0,0.0,-1.5707964,0.0
1970-01-01 00:00:00.326707635,0.326707635,0.0,0.0,0.0,337.239,0.0,0.0,0.0,0.0,-1.5707964,0.0
1970-01-01 00:00:00.326739341,0.326739341,0.0,0.0,673.7701,0.0,0.0,0.0,0.0,0.0,-1.5707964,0.0
1970-01-01 00:00:00.326815899,0.326815899,0.0,0.0,877.6846,0.0,0.0,0.0,0.0,0.0,-1.5707964,0.0
1970-01-01 00:00:00.326989569,0.326989569,0.0,0.0,0.0,0.0,0.0,303.91354,0.0,0.0,-1.5707964,0.0
1970-01-01 00:00:00.327035267,0.327035267,0.0,0.0,0.0,80.54302,0.0,0.0,0.0,0.0,-1.5707964,0.0
1970-01-01 00:00:00.327072668,0.327072668,0.0,0.0,0.0,426.65686,0.0,0.0,0.0,0.0,-1.5707964,0.0
1970-01-01 00:00:00.327114680,0.32711468,0.0,0.0,0.0,1115.0032,0.0,0.0,0.0,0.0,-1.5707964,0.0
1970-01-01 00:00:00.327297475,0.327297475,0.0,0.0,0.0,0.0,122.92681,0.0,0.0,0.0,-1.5707964,0.0
1970-01-01 00:00:00.327396558,0.327396558,0.0,0.0,0.0,895.9381,0.0,0.0,0.0,0.0,-1.5707964,0.0
1970-01-01 00:00:00.327444847,0.327444847,0.0,0.0,0.0,253.52481,0.0,0.0,0.0,0.0,-1.5707964,0.0
1970-01-01 00:00:00.327691242,0.327691242,0.0,0.0,0.0,0.0,155.23822,0.0,0.0,0.0,-1.5707964,0.0
1970-01-01 00:00:00.327839017,0.327839017,0.0,0.0,0.0,121.82291,0.0,0.0,0.0,0.0,-1.5707964,0.0
1970-01-01 00:00:00.328035169,0.328035169,0.0,0.0,135.13766,0.0,0.0,0.0,0.0,0.0,-1.5707964,0.0
1970-01-01 00:00:00.328306099,0.328306099,0.0,0.0,0.0,0.0,0.0,412.87903,0.0,0.0,-1.5707964,0.0
1970-01-01 00:00:00.328387586,0.328387586,0.0,0.0,262.56506,0.0,0.0,0.0,0.0,0.0,-1.5707964,0.0
1970-01-01 00:00:00.328655302,0.328655302,0.0,116.95782,0.0,0.0,0.0,0.0,0.0,0.0,-1.5707964,0.0
1970-01-01 00:00:00.328696756,0.328696756,0.0,0.0,0.0,99.45282,0.0,0.0,0.0,0.0,-1.5707964,0.0
1970-01-01 00:00:00.329015919,0.329015919,0.0,0.0,123.31247,0.0,0.0,0.0,0.0,0.0,-1.5707964,0.0
1970-01-01 00:00:00.329286919,0.329286919,0.0,0.0,0.0,2024.1243,0.0,0.0,0.0,0.0,-1.5707964,0.0
1970-01-01 00:00:00.329318884,0.329318884,0.0,0.0,0.0,198.67633,0.0,0.0,0.0,0.0,-1.5707964,0.0
1970-01-01 00:00:00.329355776,0.329355776,0.0,0.0,575.10004,0.0,0.0,0.0,0.0,0.0,-1.5707964,0.0
1970-01-01 00:00:00.329539102,0.329539102,0.0,0.0,0.0,0.0,0.0,142.2371,0.0,0.0,-1.5707964,0.0
1970-01-01 00:00:00.329820355,0.329820355,0.0,0.0,662.7081,0.0,0.0,0.0,0.0,0.0,-1.5707964,0.0
1970-01-01 00:00:00.329940445,0.329940445,0.0,0.0,0.0,4105.304,0.0,0.0,0.0,0.0,-1.5707964,0.0
1970-01-01 00:00:00.330123466,0.330123466,0.0,0.0,0.0,0.0,0.0,311.89062,0.0,0.0,-1.5707964,0.0
1970-01-01 00:00:00.330254368,0.330254368,0.0,0.0,241.28654,0.0,0.0,0.0,0.0,0.0,-1.5707964,0.0
1970-01-01 00:00:00.330653904,0.330653904,0.0,0.0,0.0,351.29968,0.0,0.0,0.0,0.0,-1.5707964,0.0
1970-01-01 00:00:00.330999301,0.330999301,0.0,0.0,0.0,416.47202,0.0,0.0,0.0,0.0,-1.5707964,0.0
1970-01-01 00:00:00.331026662,0.331026662,0.0,0.0,0.0,0.0,225.13904,0.0,0.0,0.0,-1.5707964,0.0
1970-01-01 00:00:00.331207470,0.33120747,0.0,416.38245,0.0,0.0,0.0,0.0,0.0,0.0,-1.5707964,0.0
1970-01-01 00:00:00.331318913,0.331318913,0.0,0.0,0.0,364.692,0.0,0.0,0.0,0.0,-1.5707964,0.0
1970-01-01 00:00:00.331421765,0.331421765,0.0,0.0,0.0,408.14706,0.0,0.0,0.0,0.0,-1.5707964,0.0
1970-01-01 00:00:00.331471704,0.331471704,0.0,0.0,0.0,133.90797,0.0,0.0,0.0,0.0,-1.5707964,0.0
1970-01-01 00:00:00.331512072,0.331512072,0.0,956.1076,0.0,0.0,0.0,0.0,0.0,0.0,-1.5707964,0.0
1970-01-01 00:00:00.331530571,0.331530571,0.0,518.0821,0.0,0.0,0.0,0.0,0.0,0.0,-1.5707964,0.0
1970-01-01 00:00:00.331543315,0.331543315,0.0,0.0,0.0,0.0,0.0,114.27496,0.0,0.0,-1.5707964,0.0
1970-01-01 00:00:00.331891631,0.331891631,0.0,0.0,0.0,0.0,665.8552,0.0,0.0,0.0,-1.5707964,0.0
1970-01-01 00:00:00.332136444,0.332136444,0.0,0.0,0.0,456.98212,0.0,0.0,0.0,0.0,-1.5707964,0.0
1970-01-01 00:00:00.332386759,0.332386759,0.0,0.0,664.67114,0.0,0.0,0.0,0.0,0.0,-1.5707964,0.0
1970-01-01 00:00:00.332726075,0.332726075,0.0,0.0,104.131775,0.0,0.0,0.0,0.0,0.0,-1.5707964,0.0
1970-01-01 00:00:00.332850056,0.332850056,0.0,0.0,0.0,141.33037,0.0,0.0,0.0,0.0,-1.5707964,0.0
1970-01-01 00:00:00.332975764,0.332975764,0.0,0.0,0.0,502.90646,0.0,0.0,0.0,0.0,-1.5707964,0.0
1970-01-01 00:00:00.333089511,0.333089511,0.0,0.0,1210.768,0.0,0.0,0.0,0.0,0.0,-1.5707964,0.0
1970-01-01 00:00:00.333233271,0.333233271,0.0,0.0,0.0,179.91585,0.0,0.0,0.0,0.0,-1.5707964,0.0
1970-01-01 00:00:00.333287280,0.33328728,0.0,0.0,0.0,391.61588,0.0,0.0,0.0,0.0,-1.5707964,0.0
1970-01-01 00:00:00.333372950,0.33337295,0.0,0.0,0.0,94.685875,0.0,0.0,0.0,0.0,-1.5707964,0.0
1970-01-01 00:00:00.333398185,0.333398185,0.0,0.0,646.6012,0.0,0.0,0.0,0.0,0.0,-1.5707964,0.0
1970-01-01 00:00:00.333420841,0.333420841,0.0,0.0,0.0,469.74417,0.0,0.0,0.0,0.0,-1.5707964,0.0
1970-01-01 00:00:00.333669671,0.333669671,0.0,0.0,142.76619,0.0,0.0,0.0,0.0,0.0,-1.5707964,0.0
1970-01-01 00:00:00.333682635,0.333682635,0.0,0.0,0.0,0.0,0.0,1804.2965,0.0,0.0,-1.5707964,0.0
1970-01-01 00:00:00.334229558,0.334229558,0.0,0.0,0.0,1129.6589,0.0,0.0,0.0,0.0,-1.5707964,0.0
1970-01-01 00:00:00.334453488,0.334453488,0.0,0.0,248.8437,0.0,0.0,0.0,0.0,0.0,-1.5707964,0.0
1970-01-01 00:00:00.334944358,0.334944358,0.0,0.0,1057.7404,0.0,0.0,0.0,0.0,0.0,-1.5707964,0.0
1970-01-01 00:00:00.334959852,0.334959852,0.0,0.0,0.0,247.368,0.0,0.0,0.0,0.0,-1.5707964,0.0
1970-01-01 00:00:00.335064607,0.335064607,0.0,0.0,0.0,0.0,0.0,663.6707,0.0,0.0,-1.5707964,0.0
1970-01-01 00:00:00.335224328,0.335224328,0.0,0.0,600.50195,0.0,0.0,0.0,0.0,0.0,-1.5707964,0.0
1970-01-01 00:00:00.335286159,0.335286159,0.0,0.0,0.0,808.76135,0.0,0.0,0.0,0.0,-1.5707964,0.0
1970-01-01 00:00:00.335541989,0.335541989,0.0,122.331085,0.0,0.0,0.0,0.0,0.0,0.0,-1.5707964,0.0
1970-01-01 00:00:00.336259236,0.336259236,0.0,0.0,221.30911,0.0,0.0,0.0,0.0,0.0,-1.5707964,0.0
1970-01-01 00:00:00.336687720,0.33668772,0.0,0.0,0.0,0.0,313.0006,0.0,0.0,0.0,-1.5707964,0.0
1970-01-01 00:00:00.336743842,0.336743842,0.0,0.0,711.949,0.0,0.0,0.0,0.0,0.0,-1.5707964,0.0
1970-01-01 00:00:00.336832217,0.336832217,0.0,0.0,0.0,370.57382,0.0,0.0,0.0,0.0,-1.5707964,0.0
1970-01-01 00:00:00.336832217,0.336832217,0.0,0.0,0.0,0.0,0.0,197.28186,0.0,0.0,-1.5707964,0.0
1970-01-01 00:00:00.337004190,0.33700419,0.0,0.0,0.0,257.29764,0.0,0.0,0.0,0.0,-1.5707964,0.0
1970-01-01 00:00:00.337061851,0.337061851,0.0,0.0,560.0859,0.0,0.0,0.0,0.0,0.0,-1.5707964,0.0
1970-01-01 00:00:00.337161626,0.337161626,0.0,264.3233,0.0,0.0,0.0,0.0,0.0,0.0,-1.5707964,0.0
1970-01-01 00:00:00.337278496,0.337278496,0.0,0.0,405.1499,0.0,0.0,0.0,0.0,0.0,-1.5707964,0.0
1970-01-01 00:00:00.337365603,0.337365603,371.55197,0.0,0.0,0.0,0.0,0.0,0.0,0.0,-1.5707964,0.0
1970-01-01 00:00:00.337395708,0.337395708,0.0,0.0,0.0,897.37024,0.0,0.0,0.0,0.0,-1.5707964,0.0
1970-01-01 00:00:00.337396263,0.337396263,0.0,0.0,0.0,367.97577,0.0,0.0,0.0,0.0,-1.5707964,0.0
1970-01-01 00:00:00.337491686,0.337491686,0.0,0.0,0.0,0.0,108.95258,0.0,0.0,0.0,-1.5707964,0.0
1970-01-01 00:00:00.338277666,0.338277666,0.0,0.0,206.87141,0.0,0.0,0.0,0.0,0.0,-1.5707964,0.0
1970-01-01 00:00:00.338451041,0.338451041,0.0,0.0,0.0,839.8268,0.0,0.0,0.0,0.0,-1.5707964,0.0
1970-01-01 00:00:00.338485041,0.338485041,0.0,0.0,0.0,893.6884,0.0,0.0,0.0,0.0,-1.5707964,0.0
1970-01-01 00:00:00.338827239,0.338827239,0.0,0.0,0.0,94.0682,0.0,0.0,0.0,0.0,-1.5707964,0.0
1970-01-01 00:00:00.338937168,0.338937168,0.0,0.0,0.0,155.83914,0.0,0.0,0.0,0.0,-1.5707964,0.0
1970-01-01 00:00:00.339015934,0.339015934,0.0,0.0,0.0,0.0,0.0,180.91893,0.0,0.0,-1.5707964,0.0
1970-01-01 00:00:00.339316473,0.339316473,0.0,0.0,0.0,487.66562,0.0,0.0,0.0,0.0,-1.5707964,0.0
1970-01-01 00:00:00.339745210,0.33974521,0.0,0.0,0.0,192.52039,0.0,0.0,0.0,0.0,-1.5707964,0.0
1970-01-01 00:00:00.339889525,0.339889525,0.0,0.0,0.0,485.4743,0.0,0.0,0.0,0.0,-1.5707964,0.0
1970-01-01 00:00:00.340162861,0.340162861,0.0,0.0,0.0,3373.487,0.0,0.0,0.0,0.0,-1.5707964,0.0
1970-01-01 00:00:00.340360066,0.340360066,268.9039,0.0,0.0,0.0,0.0,0.0,0.0,0.0,-1.5707964,0.0
1970-01-01 00:00:00.340360066,0.340360066,0.0,0.0,0.0,98.84011,0.0,0.0,0.0,0.0,-1.5707964,0.0
1970-01-01 00:00:00.340539288,0.340539288,0.0,0.0,0.0,0.0,2268.4822,0.0,0.0,0.0,-1.5707964,0.0
1970-01-01 00:00:00.340678767,0.340678767,0.0,0.0,181.09477,0.0,0.0,0.0,0.0,0.0,-1.5707964,0.0
1970-01-01 00:00:00.340799079,0.340799079,0.0,0.0,0.0,0.0,197.8328,0.0,0.0,0.0,-1.5707964,0.0
1970-01-01 00:00:00.340978667,0.340978667,0.0,0.0,0.0,0.0,435.44815,0.0,0.0,0.0,-1.5707964,0.0
1970-01-01 00:00:00.341365033,0.341365033,378.86572,0.0,0.0,0.0,0.0,0.0,0.0,0.0,-1.5707964,0.0
1970-01-01 00:00:00.341771123,0.341771123,450.7636,0.0,0.0,0.0,0.0,0.0,0.0,0.0,-1.5707964,0.0
1970-01-01 00:00:00.341819853,0.341819853,0.0,0.0,0.0,460.65338,0.0,0.0,0.0,0.0,-1.5707964,0.0
1970-01-01 00:00:00.342111603,0.342111603,0.0,662.8515,0.0,0.0,0.0,0.0,0.0,0.0,-1.5707964,0.0
1970-01-01 00:00:00.342254072,0.342254072,0.0,0.0,0.0,118.198166,0.0,0.0,0.0,0.0,-1.5707964,0.0
1970-01-01 00:00:00.342291762,0.342291762,0.0,0.0,0.0,0.0,0.0,184.66507,0.0,0.0,-1.5707964,0.0
1970-01-01 00:00:00.342503624,0.342503624,0.0,0.0,0.0,570.07916,0.0,0.0,0.0,0.0,-1.5707964,0.0
1970-01-01 00:00:00.342633639,0.342633639,0.0,0.0,0.0,176.59813,0.0,0.0,0.0,0.0,-1.5707964,0.0
1970-01-01 00:00:00.342809242,0.342809242,0.0,0.0,0.0,151.20074,0.0,0.0,0.0,0.0,-1.5707964,0.0
1970-01-01 00:00:00.342845052,0.342845052,0.0,0.0,99.12432,0.0,0.0,0.0,0.0,0.0,-1.5707964,0.0
1970-01-01 00:00:00.343189999,0.343189999,0.0,0.0,181.2964,0.0,0.0,0.0,0.0,0.0,-1.5707964,0.0
1970-01-01 00:00:00.343248007,0.343248007,0.0,0.0,0.0,134.38722,0.0,0.0,0.0,0.0,-1.5707964,0.0
1970-01-01 00:00:00.343268885,0.343268885,0.0,0.0,0.0,0.0,0.0,136.52321,0.0,0.0,-1.5707964,0.0
1970-01-01 00:00:00.343561844,0.343561844,0.0,0.0,0.0,0.0,561.3021,0.0,0.0,0.0,-1.5707964,0.0
1970-01-01 00:00:00.343620656,0.343620656,0.0,0.0,0.0,749.544,0.0,0.0,0.0,0.0,-1.5707964,0.0
1970-01-01 00:00:00.343653591,0.343653591,0.0,0.0,0.0,0.0,0.0,353.25113,0.0,0.0,-1.5707964,0.0
1970-01-01 00:00:00.344654474,0.344654474,0.0,0.0,0.0,158.62056,0.0,0.0,0.0,0.0,-1.5707964,0.0
1970-01-01 00:00:00.344702516,0.344702516,0.0,0.0,0.0,413.59583,0.0,0.0,0.0,0.0,-1.5707964,0.0
1970-01-01 00:00:00.344714248,0.344714248,0.0,0.0,0.0,315.33197,0.0,0.0,0.0,0.0,-1.5707964,0.0
1970-01-01 00:00:00.344774370,0.34477437,0.0,0.0,0.0,796.77893,0.0,0.0,0.0,0.0,-1.5707964,0.0
1970-01-01 00:00:00.344974266,0.344974266,0.0,0.0,0.0,86.04132,0.0,0.0,0.0,0.0,-1.5707964,0.0
1970-01-01 00:00:00.345014877,0.345014877,0.0,0.0,99.23167,0.0,0.0,0.0,0.0,0.0,-1.5707964,0.0
1970-01-01 00:00:00.345124087,0.345124087,0.0,0.0,855.032,0.0,0.0,0.0,0.0,0.0,-1.5707964,0.0
1970-01-01 00:00:00.345311191,0.345311191,0.0,0.0,0.0,0.0,0.0,457.53665,0.0,0.0,-1.5707964,0.0
1970-01-01 00:00:00.345347690,0.34534769,0.0,0.0,0.0,175.04997,0.0,0.0,0.0,0.0,-1.5707964,0.0
1970-01-01 00:00:00.345667669,0.345667669,0.0,0.0,0.0,99.087135,0.0,0.0,0.0,0.0,-1.5707964,0.0
1970-01-01 00:00:00.345906307,0.345906307,0.0,0.0,0.0,0.0,0.0,117.309616,0.0,0.0,-1.5707964,0.0
1970-01-01 00:00:00.346073199,0.346073199,0.0,0.0,0.0,0.0,439.8571,0.0,0.0,0.0,-1.5707964,0.0
1970-01-01 00:00:00.346126332,0.346126332,0.0,0.0,0.0,338.19223,0.0,0.0,0.0,0.0,-1.5707964,0.0
1970-01-01 00:00:00.346364877,0.346364877,0.0,0.0,226.1959,0.0,0.0,0.0,0.0,0.0,-1.5707964,0.0
1970-01-01 00:00:00.346419389,0.346419389,0.0,0.0,197.68117,0.0,0.0,0.0,0.0,0.0,-1.5707964,0.0
1970-01-01 00:00:00.347390393,0.347390393,246.88046,0.0,0.0,0.0,0.0,0.0,0.0,0.0,-1.5707964,0.0
1970-01-01 00:00:00.347390393,0.347390393,0.0,0.0,0.0,0.0,0.0,523.61816,0.0,0.0,-1.5707964,0.0
1970-01-01 00:00:00.347717758,0.347717758,0.0,0.0,352.97922,0.0,0.0,0.0,0.0,0.0,-1.5707964,0.0
1970-01-01 00:00:00.347865769,0.347865769,0.0,0.0,0.0,156.5068,0.0,0.0,0.0,0.0,-1.5707964,0.0
1970-01-01 00:00:00.348242416,0.348242416,0.0,0.0,135.47794,0.0,0.0,0.0,0.0,0.0,-1.5707964,0.0
1970-01-01 00:00:00.348659050,0.34865905,0.0,0.0,0.0,83.68552,0.0,0.0,0.0,0.0,-1.5707964,0.0
1970-01-01 00:00:00.348721338,0.348721338,0.0,0.0,0.0,229.43793,0.0,0.0,0.0,0.0,-1.5707964,0.0
1970-01-01 00:00:00.348812486,0.348812486,0.0,0.0,0.0,0.0,0.0,217.7321,0.0,0.0,-1.5707964,0.0
1970-01-01 00:00:00.348930080,0.34893008,0.0,0.0,0.0,152.12444,0.0,0.0,0.0,0.0,-1.5707964,0.0
1970-01-01 00:00:00.349146808,0.349146808,0.0,0.0,102.996704,0.0,0.0,0.0,0.0,0.0,-1.5707964,0.0
1970-01-01 00:00:00.349279403,0.349279403,0.0,0.0,0.0,0.0,0.0,197.3985,0.0,0.0,-1.5707964,0.0
1970-01-01 00:00:00.350414803,0.350414803,0.0,0.0,0.0,212.0752,0.0,0.0,0.0,0.0,-1.5707964,0.0
1970-01-01 00:00:00.350836945,0.350836945,0.0,0.0,0.0,0.0,0.0,179.50552,0.0,0.0,-1.5707964,0.0
1970-01-01 00:00:00.351000219,0.351000219,0.0,0.0,0.0,0.0,266.102,0.0,0.0,0.0,-1.5707964,0.0
1970-01-01 00:00:00.351032061,0.351032061,0.0,0.0,578.8106,0.0,0.0,0.0,0.0,0.0,-1.5707964,0.0
1970-01-01 00:00:00.351032061,0.351032061,0.0,0.0,0.0,0.0,565.92224,0.0,0.0,0.0,-1.5707964,0.0
1970-01-01 00:00:00.351050387,0.351050387,0.0,0.0,0.0,133.19328,0.0,0.0,0.0,0.0,-1.5707964,0.0
1970-01-01 00:00:00.351070201,0.351070201,0.0,0.0,0.0,299.15643,0.0,0.0,0.0,0.0,-1.5707964,0.0
1970-01-01 00:00:00.351084947,0.351084947,0.0,872.2114,0.0,0.0,0.0,0.0,0.0,0.0,-1.5707964,0.0
1970-01-01 00:00:00.351218917,0.351218917,0.0,0.0,0.0,0.0,741.5616,0.0,0.0,0.0,-1.5707964,0.0
1970-01-01 00:00:00.351645508,0.351645508,0.0,0.0,0.0,285.99033,0.0,0.0,0.0,0.0,-1.5707964,0.0
1970-01-01 00:00:00.351842650,0.35184265,0.0,0.0,556.92926,0.0,0.0,0.0,0.0,0.0,-1.5707964,0.0
1970-01-01 00:00:00.351887455,0.351887455,0.0,0.0,0.0,0.0,0.0,138.32765,0.0,0.0,-1.5707964,0.0
1970-01-01 00:00:00.352114132,0.352114132,0.0,0.0,0.0,523.352,0.0,0.0,0.0,0.0,-1.5707964,0.0
1970-01-01 00:00:00.352210399,0.352210399,0.0,0.0,0.0,268.95203,0.0,0.0,0.0,0.0,-1.5707964,0.0
1970-01-01 00:00:00.352231383,0.352231383,0.0,0.0,0.0,0.0,263.5967,0.0,0.0,0.0,-1.5707964,0.0
1970-01-01 00:00:00.352598118,0.352598118,0.0,0.0,437.94348,0.0,0.0,0.0,0.0,0.0,-1.5707964,0.0
1970-01-01 00:00:00.352821366,0.352821366,0.0,0.0,0.0,1325.3008,0.0,0.0,0.0,0.0,-1.5707964,0.0
1970-01-01 00:00:00.352824751,0.352824751,0.0,279.4787,0.0,0.0,0.0,0.0,0.0,0.0,-1.5707964,0.0
1970-01-01 00:00:00.353006413,0.353006413,0.0,0.0,0.0,0.0,127.15497,0.0,0.0,0.0,-1.5707964,0.0
1970-01-01 00:00:00.353123873,0.353123873,0.0,0.0,0.0,0.0,226.7526,0.0,0.0,0.0,-1.5707964,0.0
1970-01-01 00:00:00.353164278,0.353164278,0.0,0.0,0.0,234.39024,0.0,0.0,0.0,0.0,-1.5707964,0.0
1970-01-01 00:00:00.353797051,0.353797051,0.0,0.0,0.0,0.0,0.0,354.82816,0.0,0.0,-1.5707964,0.0
1970-01-01 00:00:00.354052957,0.354052957,0.0,0.0,0.0,736.29425,0.0,0.0,0.0,0.0,-1.5707964,0.0
1970-01-01 00:00:00.354187372,0.354187372,1108.2156,0.0,0.0,0.0,0.0,0.0,0.0,0.0,-1.5707964,0.0
1970-01-01 00:00:00.354337319,0.354337319,0.0,0.0,1480.7133,0.0,0.0,0.0,0.0,0.0,-1.5707964,0.0
1970-01-01 00:00:00.354354849,0.354354849,0.0,0.0,0.0,86.14726,0.0,0.0,0.0,0.0,-1.5707964,0.0
1970-01-01 00:00:00.354941662,0.354941662,0.0,0.0,123.41587,0.0,0.0,0.0,0.0,0.0,-1.5707964,0.0
1970-01-01 00:00:00.355031656,0.355031656,0.0,0.0,0.0,0.0,0.0,1811.782,0.0,0.0,-1.5707964,0.0
1970-01-01 00:00:00.355282773,0.355282773,0.0,0.0,0.0,0.0,0.0,85.995346,0.0,0.0,-1.5707964,0.0
1970-01-01 00:00:00.355562331,0.355562331,0.0,0.0,870.2818,0.0,0.0,0.0,0.0,0.0,-1.5707964,0.0
1970-01-01 00:00:00.355597554,0.355597554,0.0,101.36999,0.0,0.0,0.0,0.0,0.0,0.0,-1.5707964,0.0
1970-01-01 00:00:00.356051594,0.356051594,0.0,0.0,287.8367,0.0,0.0,0.0,0.0,0.0,-1.5707964,0.0
1970-01-01 00:00:00.356111801,0.356111801,0.0,0.0,0.0,332.24103,0.0,0.0,0.0,0.0,-1.5707964,0.0
1970-01-01 00:00:00.356138297,0.356138297,0.0,405.7618,0.0,0.0,0.0,0.0,0.0,0.0,-1.5707964,0.0
1970-01-01 00:00:00.356295145,0.356295145,0.0,0.0,0.0,0.0,996.3198,0.0,0.0,0.0,-1.5707964,0.0
1970-01-01 00:00:00.356418192,0.356418192,0.0,0.0,684.33344,0.0,0.0,0.0,0.0,0.0,-1.5707964,0.0
1970-01-01 00:00:00.357025084,0.357025084,0.0,0.0,0.0,0.0,83.78298,0.0,0.0,0.0,-1.5707964,0.0
1970-01-01 00:00:00.357035969,0.357035969,2149.357,0.0,0.0,0.0,0.0,0.0,0.0,0.0,-1.5707964,0.0
1970-01-01 00:00:00.357188784,0.357188784,0.0,0.0,365.12296,0.0,0.0,0.0,0.0,0.0,-1.5707964,0.0
1970-01-01 00:00:00.357361680,0.35736168,0.0,0.0,2329.6409,0.0,0.0,0.0,0.0,0.0,-1.5707964,0.0
1970-01-01 00:00:00.357605585,0.357605585,0.0,80.83527,0.0,0.0,0.0,0.0,0.0,0.0,-1.5707964,0.0
1970-01-01 00:00:00.357893984,0.357893984,136.95032,0.0,0.0,0.0,0.0,0.0,0.0,0.0,-1.5707964,0.0
1970-01-01 00:00:00.358046384,0.358046384,0.0,0.0,0.0,1794.6693,0.0,0.0,0.0,0.0,-1.5707964,0.0
1970-01-01 00:00:00.359047544,0.359047544,0.0,0.0,0.0,0.0,304.52765,0.0,0.0,0.0,-1.5707964,0.0
1970-01-01 00:00:00.359249679,0.359249679,0.0,0.0,0.0,93.83095,0.0,0.0,0.0,0.0,-1.5707964,0.0
1970-01-01 00:00:00.359314968,0.359314968,0.0,0.0,0.0,0.0,369.5744,0.0,0.0,0.0,-1.5707964,0.0
1970-01-01 00:00:00.359488225,0.359488225,0.0,0.0,3442.7136,0.0,0.0,0.0,0.0,0.0,-1.5707964,0.0
1970-01-01 00:00:00.359615376,0.359615376,0.0,0.0,0.0,153.26797,0.0,0.0,0.0,0.0,-1.5707964,0.0
1970-01-01 00:00:00.359901425,0.359901425,0.0,0.0,0.0,0.0,101.60212,0.0,0.0,0.0,-1.5707964,0.0
1970-01-01 00:00:00.360544774,0.360544774,0.0,98.74294,0.0,0.0,0.0,0.0,0.0,0.0,-1.5707964,0.0
1970-01-01 00:00:00.360616451,0.360616451,0.0,0.0,0.0,308.6242,0.0,0.0,0.0,0.0,-1.5707964,0.0
1970-01-01 00:00:00.360693181,0.360693181,0.0,0.0,581.9409,0.0,0.0,0.0,0.0,0.0,-1.5707964,0.0
1970-01-01 00:00:00.361022051,0.361022051,0.0,0.0,0.0,130.21967,0.0,0.0,0.0,0.0,-1.5707964,0.0
1970-01-01 00:00:00.361071123,0.361071123,0.0,0.0,0.0,0.0,0.0,443.78802,0.0,0.0,-1.5707964,0.0
1970-01-01 00:00:00.361093914,0.361093914,0.0,0.0,232.35689,0.0,0.0,0.0,0.0,0.0,-1.5707964,0.0
1970-01-01 00:00:00.361113965,0.361113965,0.0,0.0,0.0,0.0,176.89268,0.0,0.0,0.0,-1.5707964,0.0
1970-01-01 00:00:00.361290625,0.361290625,0.0,0.0,0.0,902.023,0.0,0.0,0.0,0.0,-1.5707964,0.0
1970-01-01 00:00:00.361469214,0.361469214,0.0,0.0,0.0,0.0,1578.4253,0.0,0.0,0.0,-1.5707964,0.0
1970-01-01 00:00:00.361588077,0.361588077,0.0,0.0,378.75873,0.0,0.0,0.0,0.0,0.0,-1.5707964,0.0
1970-01-01 00:00:00.361659792,0.361659792,0.0,0.0,570.31915,0.0,0.0,0.0,0.0,0.0,-1.5707964,0.0
1970-01-01 00:00:00.361915851,0.361915851,0.0,152.06277,0.0,0.0,0.0,0.0,0.0,0.0,-1.5707964,0.0
1970-01-01 00:00:00.362579468,0.362579468,0.0,0.0,623.1961,0.0,0.0,0.0,0.0,0.0,-1.5707964,0.0
1970-01-01 00:00:00.362579468,0.362579468,0.0,0.0,169.73587,0.0,0.0,0.0,0.0,0.0,-1.5707964,0.0
1970-01-01 00:00:00.362708101,0.362708101,0.0,0.0,0.0,245.64366,0.0,0.0,0.0,0.0,-1.5707964,0.0
1970-01-01 00:00:00.362838814,0.362838814,765.0553,0.0,0.0,0.0,0.0,0.0,0.0,0.0,-1.5707964,0.0
1970-01-01 00:00:00.362838814,0.362838814,0.0,0.0,1689.2094,0.0,0.0,0.0,0.0,0.0,-1.5707964,0.0
1970-01-01 00:00:00.363122293,0.363122293,0.0,0.0,211.16884,0.0,0.0,0.0,0.0,0.0,-1.5707964,0.0
1970-01-01 00:00:00.363471617,0.363471617,0.0,0.0,0.0,89.06368,0.0,0.0,0.0,0.0,-1.5707964,0.0
1970-01-01 00:00:00.363686466,0.363686466,0.0,0.0,414.44968,0.0,0.0,0.0,0.0,0.0,-1.5707964,0.0
1970-01-01 00:00:00.364349424,0.364349424,0.0,0.0,0.0,578.5978,0.0,0.0,0.0,0.0,-1.5707964,0.0
1970-01-01 00:00:00.364471920,0.36447192,0.0,0.0,0.0,165.3697,0.0,0.0,0.0,0.0,-1.5707964,0.0
1970-01-01 00:00:00.364747623,0.364747623,0.0,0.0,0.0,301.94717,0.0,0.0,0.0,0.0,-1.5707964,0.0
1970-01-01 00:00:00.365736979,0.365736979,0.0,0.0,0.0,543.0658,0.0,0.0,0.0,0.0,-1.5707964,0.0
1970-01-01 00:00:00.366602892,0.366602892,0.0,0.0,0.0,0.0,122.36843,0.0,0.0,0.0,-1.5707964,0.0
1970-01-01 00:00:00.367395068,0.367395068,0.0,0.0,0.0,115.91695,0.0,0.0,0.0,0.0,-1.5707964,0.0
1970-01-01 00:00:00.367887635,0.367887635,0.0,0.0,0.0,437.16904,0.0,0.0,0.0,0.0,-1.5707964,0.0
1970-01-01 00:00:00.367940132,0.367940132,0.0,0.0,0.0,0.0,115.20819,0.0,0.0,0.0,-1.5707964,0.0
1970-01-01 00:00:00.367940132,0.367940132,0.0,0.0,0.0,901.49164,0.0,0.0,0.0,0.0,-1.5707964,0.0
1970-01-01 00:00:00.368178362,0.368178362,0.0,0.0,0.0,332.94772,0.0,0.0,0.0,0.0,-1.5707964,0.0
1970-01-01 00:00:00.368953387,0.368953387,0.0,0.0,0.0,0.0,313.49988,0.0,0.0,0.0,-1.5707964,0.0
1970-01-01 00:00:00.369500733,0.369500733,0.0,0.0,0.0,221.73976,0.0,0.0,0.0,0.0,-1.5707964,0.0
1970-01-01 00:00:00.370792779,0.370792779,0.0,0.0,0.0,89.88395,0.0,0.0,0.0,0.0,-1.5707964,0.0
1970-01-01 00:00:00.370834953,0.370834953,0.0,0.0,0.0,0.0,0.0,179.20364,0.0,0.0,-1.5707964,0.0
1970-01-01 00:00:00.370951312,0.370951312,0.0,394.71072,0.0,0.0,0.0,0.0,0.0,0.0,-1.5707964,0.0
1970-01-01 00:00:00.371319719,0.371319719,0.0,0.0,0.0,105.154106,0.0,0.0,0.0,0.0,-1.5707964,0.0
1970-01-01 00:00:00.371331524,0.371331524,0.0,0.0,211.19965,0.0,0.0,0.0,0.0,0.0,-1.5707964,0.0
1970-01-01 00:00:00.371422724,0.371422724,0.0,126.50519,0.0,0.0,0.0,0.0,0.0,0.0,-1.5707964,0.0
1970-01-01 00:00:00.372021375,0.372021375,0.0,0.0,2246.9739,0.0,0.0,0.0,0.0,0.0,-1.5707964,0.0
1970-01-01 00:00:00.372868527,0.372868527,0.0,0.0,0.0,0.0,0.0,343.68958,0.0,0.0,-1.5707964,0.0
1970-01-01 00:00:00.373764057,0.373764057,0.0,0.0,0.0,541.3499,0.0,0.0,0.0,0.0,-1.5707964,0.0
1970-01-01 00:00:00.374329440,0.37432944,0.0,0.0,0.0,83.47261,0.0,0.0,0.0,0.0,-1.5707964,0.0
1970-01-01 00:00:00.374568247,0.374568247,0.0,0.0,387.71005,0.0,0.0,0.0,0.0,0.0,-1.5707964,0.0
1970-01-01 00:00:00.374768961,0.374768961,0.0,0.0,0.0,249.35828,0.0,0.0,0.0,0.0,-1.5707964,0.0
1970-01-01 00:00:00.376349450,0.37634945,0.0,0.0,0.0,157.96638,0.0,0.0,0.0,0.0,-1.5707964,0.0
1970-01-01 00:00:00.377154975,0.377154975,0.0,0.0,0.0,1019.77606,0.0,0.0,0.0,0.0,-1.5707964,0.0
1970-01-01 00:00:00.378333757,0.378333757,0.0,0.0,0.0,0.0,0.0,867.031,0.0,0.0,-1.5707964,0.0
1970-01-01 00:00:00.378599848,0.378599848,0.0,0.0,0.0,244.59413,0.0,0.0,0.0,0.0,-1.5707964,0.0
1970-01-01 00:00:00.379178247,0.379178247,0.0,0.0,0.0,0.0,271.3287,0.0,0.0,0.0,-1.5707964,0.0
1970-01-01 00:00:00.379942186,0.379942186,0.0,197.55455,0.0,0.0,0.0,0.0,0.0,0.0,-1.5707964,0.0
1970-01-01 00:00:00.380072741,0.380072741,0.0,0.0,0.0,0.0,194.09828,0.0,0.0,0.0,-1.5707964,0.0
1970-01-01 00:00:00.380072741,0.380072741,0.0,0.0,700.3611,0.0,0.0,0.0,0.0,0.0,-1.5707964,0.0
1970-01-01 00:00:00.380072741,0.380072741,0.0,0.0,5809.8486,0.0,0.0,0.0,0.0,0.0,-1.5707964,0.0
1970-01-01 00:00:00.380241497,0.380241497,0.0,203.55827,0.0,0.0,0.0,0.0,0.0,0.0,-1.5707964,0.0
1970-01-01 00:00:00.380295871,0.380295871,0.0,0.0,0.0,0.0,0.0,193.65393,0.0,0.0,-1.5707964,0.0
1970-01-01 00:00:00.381065934,0.381065934,0.0,0.0,0.0,183.72195,0.0,0.0,0.0,0.0,-1.5707964,0.0
1970-01-01 00:00:00.381468357,0.381468357,0.0,0.0,0.0,0.0,407.59167,0.0,0.0,0.0,-1.5707964,0.0
1970-01-01 00:00:00.381629852,0.381629852,0.0,0.0,318.20178,0.0,0.0,0.0,0.0,0.0,-1.5707964,0.0
1970-01-01 00:00:00.381981756,0.381981756,0.0,107.34505,0.0,0.0,0.0,0.0,0.0,0.0,-1.5707964,0.0
1970-01-01 00:00:00.382013544,0.382013544,0.0,0.0,81.87827,0.0,0.0,0.0,0.0,0.0,-1.5707964,0.0
1970-01-01 00:00:00.382289685,0.382289685,0.0,99.005775,0.0,0.0,0.0,0.0,0.0,0.0,-1.5707964,0.0
1970-01-01 00:00:00.382423847,0.382423847,0.0,0.0,0.0,0.0,259.43823,0.0,0.0,0.0,-1.5707964,0.0
1970-01-01 00:00:00.382525332,0.382525332,0.0,136.84395,0.0,0.0,0.0,0.0,0.0,0.0,-1.5707964,0.0
1970-01-01 00:00:00.383233306,0.383233306,0.0,0.0,0.0,217.71957,0.0,0.0,0.0,0.0,-1.5707964,0.0
1970-01-01 00:00:00.383345789,0.383345789,0.0,0.0,0.0,0.0,0.0,452.85953,0.0,0.0,-1.5707964,0.0
1970-01-01 00:00:00.384522993,0.384522993,0.0,0.0,0.0,0.0,0.0,177.92097,0.0,0.0,-1.5707964,0.0
1970-01-01 00:00:00.385509901,0.385509901,0.0,0.0,726.11523,0.0,0.0,0.0,0.0,0.0,-1.5707964,0.0
1970-01-01 00:00:00.386189015,0.386189015,0.0,0.0,0.0,725.90735,0.0,0.0,0.0,0.0,-1.5707964,0.0
1970-01-01 00:00:00.387363491,0.387363491,0.0,0.0,0.0,250.99268,0.0,0.0,0.0,0.0,-1.5707964,0.0
1970-01-01 00:00:00.387880991,0.387880991,0.0,509.57422,0.0,0.0,0.0,0.0,0.0,0.0,-1.5707964,0.0
1970-01-01 00:00:00.388244769,0.388244769,0.0,0.0,0.0,703.9642,0.0,0.0,0.0,0.0,-1.5707964,0.0
1970-01-01 00:00:00.388464242,0.388464242,0.0,0.0,552.60315,0.0,0.0,0.0,0.0,0.0,-1.5707964,0.0
1970-01-01 00:00:00.388588055,0.388588055,0.0,0.0,0.0,225.42195,0.0,0.0,0.0,0.0,-1.5707964,0.0
1970-01-01 00:00:00.389395264,0.389395264,0.0,0.0,0.0,144.76257,0.0,0.0,0.0,0.0,-1.5707964,0.0
1970-01-01 00:00:00.390494498,0.390494498,0.0,0.0,0.0,110.86455,0.0,0.0,0.0,0.0,-1.5707964,0.0
1970-01-01 00:00:00.391343454,0.391343454,0.0,121.86496,0.0,0.0,0.0,0.0,0.0,0.0,-1.5707964,0.0
1970-01-01 00:00:00.391344571,0.391344571,0.0,0.0,367.88327,0.0,0.0,0.0,0.0,0.0,-1.5707964,0.0
1970-01-01 00:00:00.392463136,0.392463136,97.40327,0.0,0.0,0.0,0.0,0.0,0.0,0.0,-1.5707964,0.0
1970-01-01 00:00:00.393067065,0.393067065,0.0,0.0,0.0,0.0,115.0656,0.0,0.0,0.0,-1.5707964,0.0
1970-01-01 00:00:00.393112088,0.393112088,0.0,0.0,0.0,806.66205,0.0,0.0,0.0,0.0,-1.5707964,0.0
1970-01-01 00:00:00.394756257,0.394756257,0.0,0.0,0.0,88.76425,0.0,0.0,0.0,0.0,-1.5707964,0.0
1970-01-01 00:00:00.395056910,0.39505691,0.0,0.0,0.0,156.89105,0.0,0.0,0.0,0.0,-1.5707964,0.0
1970-01-01 00:00:00.395366657,0.395366657,0.0,138.45912,0.0,0.0,0.0,0.0,0.0,0.0,-1.5707964,0.0
1970-01-01 00:00:00.398112137,0.398112137,0.0,0.0,0.0,2283.994,0.0,0.0,0.0,0.0,-1.5707964,0.0
1970-01-01 00:00:00.398458826,0.398458826,0.0,0.0,0.0,156.8835,0.0,0.0,0.0,0.0,-1.5707964,0.0
1970-01-01 00:00:00.399582247,0.399582247,0.0,0.0,147.65489,0.0,0.0,0.0,0.0,0.0,-1.5707964,0.0
1970-01-01 00:00:00.399712235,0.399712235,0.0,607.42487,0.0,0.0,0.0,0.0,0.0,0.0,-1.5707964,0.0
1970-01-01 00:00:00.400216473,0.400216473,0.0,300.5432,0.0,0.0,0.0,0.0,0.0,0.0,-1.5707964,0.0
1970-01-01 00:00:00.400246322,0.400246322,0.0,0.0,451.1307,0.0,0.0,0.0,0.0,0.0,-1.5707964,0.0
1970-01-01 00:00:00.402632965,0.402632965,0.0,0.0,526.81177,0.0,0.0,0.0,0.0,0.0,-1.5707964,0.0
1970-01-01 00:00:00.402932098,0.402932098,0.0,0.0,413.86893,0.0,0.0,0.0,0.0,0.0,-1.5707964,0.0
1970-01-01 00:00:00.402938662,0.402938662,0.0,0.0,165.99777,0.0,0.0,0.0,0.0,0.0,-1.5707964,0.0
1970-01-01 00:00:00.403017871,0.403017871,0.0,0.0,0.0,0.0,104.7924,0.0,0.0,0.0,-1.5707964,0.0
1970-01-01 00:00:00.403253499,0.403253499,0.0,0.0,0.0,261.36127,0.0,0.0,0.0,0.0,-1.5707964,0.0
1970-01-01 00:00:00.403296927,0.403296927,974.99414,0.0,0.0,0.0,0.0,0.0,0.0,0.0,-1.5707964,0.0
1970-01-01 00:00:00.403336139,0.403336139,0.0,0.0,1539.1923,0.0,0.0,0.0,0.0,0.0,-1.5707964,0.0
1970-01-01 00:00:00.404489359,0.404489359,0.0,0.0,0.0,0.0,0.0,200.32211,0.0,0.0,-1.5707964,0.0
1970-01-01 00:00:00.405678847,0.405678847,0.0,606.7223,0.0,0.0,0.0,0.0,0.0,0.0,-1.5707964,0.0
1970-01-01 00:00:00.405705657,0.405705657,0.0,0.0,99.70699,0.0,0.0,0.0,0.0,0.0,-1.5707964,0.0
1970-01-01 00:00:00.406651258,0.406651258,0.0,0.0,276.7088,0.0,0.0,0.0,0.0,0.0,-1.5707964,0.0
1970-01-01 00:00:00.407170984,0.407170984,0.0,666.2921,0.0,0.0,0.0,0.0,0.0,0.0,-1.5707964,0.0
1970-01-01 00:00:00.407521560,0.40752156,0.0,0.0,0.0,239.58069,0.0,0.0,0.0,0.0,-1.5707964,0.0
1970-01-01 00:00:00.407657463,0.407657463,199.0656,0.0,0.0,0.0,0.0,0.0,0.0,0.0,-1.5707964,0.0
1970-01-01 00:00:00.408295222,0.408295222,0.0,0.0,0.0,0.0,1086.0566,0.0,0.0,0.0,-1.5707964,0.0
1970-01-01 00:00:00.408769644,0.408769644,0.0,0.0,0.0,0.0,173.08252,0.0,0.0,0.0,-1.5707964,0.0
1970-01-01 00:00:00.409342319,0.409342319,0.0,561.3873,0.0,0.0,0.0,0.0,0.0,0.0,-1.5707964,0.0
1970-01-01 00:00:00.410204545,0.410204545,0.0,0.0,0.0,732.7293,0.0,0.0,0.0,0.0,-1.5707964,0.0
1970-01-01 00:00:00.412009563,0.412009563,0.0,0.0,0.0,318.42484,0.0,0.0,0.0,0.0,-1.5707964,0.0
1970-01-01 00:00:00.412010796,0.412010796,344.47784,0.0,0.0,0.0,0.0,0.0,0.0,0.0,-1.5707964,0.0
1970-01-01 00:00:00.412917866,0.412917866,0.0,0.0,0.0,887.1087,0.0,0.0,0.0,0.0,-1.5707964,0.0
1970-01-01 00:00:00.413836034,0.413836034,0.0,0.0,0.0,144.45282,0.0,0.0,0.0,0.0,-1.5707964,0.0
1970-01-01 00:00:00.415086997,0.415086997,0.0,0.0,0.0,0.0,0.0,261.52142,0.0,0.0,-1.5707964,0.0
1970-01-01 00:00:00.415332644,0.415332644,0.0,0.0,0.0,940.1675,0.0,0.0,0.0,0.0,-1.5707964,0.0
1970-01-01 00:00:00.415426211,0.415426211,0.0,0.0,0.0,680.7835,0.0,0.0,0.0,0.0,-1.5707964,0.0
1970-01-01 00:00:00.415581164,0.415581164,0.0,0.0,0.0,595.3446,0.0,0.0,0.0,0.0,-1.5707964,0.0
1970-01-01 00:00:00.415854115,0.415854115,0.0,0.0,688.8874,0.0,0.0,0.0,0.0,0.0,-1.5707964,0.0
1970-01-01 00:00:00.416336479,0.416336479,0.0,0.0,0.0,0.0,0.0,207.27142,0.0,0.0,-1.5707964,0.0
1970-01-01 00:00:00.417226470,0.41722647,0.0,0.0,215.51175,0.0,0.0,0.0,0.0,0.0,-1.5707964,0.0
1970-01-01 00:00:00.417432522,0.417432522,0.0,0.0,0.0,555.5769,0.0,0.0,0.0,0.0,-1.5707964,0.0
1970-01-01 00:00:00.418547232,0.418547232,0.0,0.0,0.0,1259.5593,0.0,0.0,0.0,0.0,-1.5707964,0.0
1970-01-01 00:00:00.418843735,0.418843735,0.0,0.0,0.0,0.0,96.66557,0.0,0.0,0.0,-1.5707964,0.0
1970-01-01 00:00:00.419882236,0.419882236,0.0,0.0,0.0,0.0,0.0,183.38516,0.0,0.0,-1.5707964,0.0
1970-01-01 00:00:00.421021500,0.4210215,0.0,0.0,155.78053,0.0,0.0,0.0,0.0,0.0,-1.5707964,0.0
1970-01-01 00:00:00.421070659,0.421070659,0.0,0.0,306.13593,0.0,0.0,0.0,0.0,0.0,-1.5707964,0.0
1970-01-01 00:00:00.421616291,0.421616291,0.0,0.0,0.0,0.0,0.0,2005.9562,0.0,0.0,-1.5707964,0.0
1970-01-01 00:00:00.421705082,0.421705082,0.0,0.0,0.0,1079.7454,0.0,0.0,0.0,0.0,-1.5707964,0.0
1970-01-01 00:00:00.424169316,0.424169316,0.0,0.0,161.72514,0.0,0.0,0.0,0.0,0.0,-1.5707964,0.0
1970-01-01 00:00:00.427445969,0.427445969,0.0,0.0,0.0,254.50383,0.0,0.0,0.0,0.0,-1.5707964,0.0
1970-01-01 00:00:00.427741865,0.427741865,0.0,0.0,89.44985,0.0,0.0,0.0,0.0,0.0,-1.5707964,0.0
1970-01-01 00:00:00.430339941,0.430339941,0.0,0.0,0.0,0.0,0.0,213.98741,0.0,0.0,-1.5707964,0.0
1970-01-01 00:00:00.430809485,0.430809485,0.0,0.0,0.0,235.12941,0.0,0.0,0.0,0.0,-1.5707964,0.0
1970-01-01 00:00:00.435438364,0.435438364,0.0,0.0,0.0,1432.2577,0.0,0.0,0.0,0.0,-1.5707964,0.0
1970-01-01 00:00:00.435602344,0.435602344,0.0,1142.5635,0.0,0.0,0.0,0.0,0.0,0.0,-1.5707964,0.0
1970-01-01 00:00:00.435643682,0.435643682,0.0,584.1597,0.0,0.0,0.0,0.0,0.0,0.0,-1.5707964,0.0
1970-01-01 00:00:00.436581648,0.436581648,0.0,0.0,0.0,973.2265,0.0,0.0,0.0,0.0,-1.5707964,0.0
1970-01-01 00:00:00.436887321,0.436887321,0.0,0.0,1821.2454,0.0,0.0,0.0,0.0,0.0,-1.5707964,0.0
1970-01-01 00:00:00.437443841,0.437443841,0.0,0.0,0.0,190.30597,0.0,0.0,0.0,0.0,-1.5707964,0.0
1970-01-01 00:00:00.437841668,0.437841668,0.0,130.5715,0.0,0.0,0.0,0.0,0.0,0.0,-1.5707964,0.0
1970-01-01 00:00:00.439209156,0.439209156,0.0,0.0,134.01758,0.0,0.0,0.0,0.0,0.0,-1.5707964,0.0
1970-01-01 00:00:00.441158859,0.441158859,0.0,0.0,0.0,0.0,112.081985,0.0,0.0,0.0,-1.5707964,0.0
1970-01-01 00:00:00.441484121,0.441484121,0.0,1274.9132,0.0,0.0,0.0,0.0,0.0,0.0,-1.5707964,0.0
1970-01-01 00:00:00.441978588,0.441978588,0.0,0.0,563.92426,0.0,0.0,0.0,0.0,0.0,-1.5707964,0.0
1970-01-01 00:00:00.442170439,0.442170439,0.0,0.0,0.0,0.0,0.0,231.23912,0.0,0.0,-1.5707964,0.0
1970-01-01 00:00:00.445520185,0.445520185,0.0,0.0,103.187614,0.0,0.0,0.0,0.0,0.0,-1.5707964,0.0
1970-01-01 00:00:00.456740130,0.45674013,0.0,0.0,0.0,0.0,0.0,2356.742,0.0,0.0,-1.5707964,0.0
1970-01-01 00:00:00.459224723,0.459224723,0.0,0.0,0.0,0.0,261.02573,0.0,0.0,0.0,-1.5707964,0.0
1970-01-01 00:00:00.461113937,0.461113937,0.0,0.0,337.31006,0.0,0.0,0.0,0.0,0.0,-1.5707964,0.0
1970-01-01 00:00:00.462370101,0.462370101,0.0,0.0,0.0,167.38701,0.0,0.0,0.0,0.0,-1.5707964,0.0
1970-01-01 00:00:00.463137136,0.463137136,0.0,0.0,0.0,123.571266,0.0,0.0,0.0,0.0,-1.5707964,0.0
1970-01-01 00:00:00.463516953,0.463516953,0.0,0.0,602.3306,0.0,0.0,0.0,0.0,0.0,-1.5707964,0.0
1970-01-01 00:00:00.463841978,0.463841978,0.0,0.0,0.0,517.55304,0.0,0.0,0.0,0.0,-1.5707964,0.0
1970-01-01 00:00:00.464044433,0.464044433,0.0,0.0,0.0,0.0,328.41647,0.0,0.0,0.0,-1.5707964,0.0
1970-01-01 00:00:00.464648885,0.464648885,0.0,0.0,381.80273,0.0,0.0,0.0,0.0,0.0,-1.5707964,0.0
1970-01-01 00:00:00.465255538,0.465255538,0.0,0.0,0.0,2063.4504,0.0,0.0,0.0,0.0,-1.5707964,0.0
1970-01-01 00:00:00.466389033,0.466389033,0.0,0.0,0.0,118.651665,0.0,0.0,0.0,0.0,-1.5707964,0.0
1970-01-01 00:00:00.466688976,0.466688976,0.0,85.06828,0.0,0.0,0.0,0.0,0.0,0.0,-1.5707964,0.0
1970-01-01 00:00:00.466888721,0.466888721,0.0,0.0,0.0,255.5957,0.0,0.0,0.0,0.0,-1.5707964,0.0
1970-01-01 00:00:00.468904410,0.46890441,0.0,0.0,0.0,201.87837,0.0,0.0,0.0,0.0,-1.5707964,0.0
1970-01-01 00:00:00.470041653,0.470041653,0.0,0.0,402.24973,0.0,0.0,0.0,0.0,0.0,-1.5707964,0.0
1970-01-01 00:00:00.471422824,0.471422824,0.0,0.0,0.0,1031.2526,0.0,0.0,0.0,0.0,-1.5707964,0.0
1970-01-01 00:00:00.473124862,0.473124862,0.0,0.0,141.94691,0.0,0.0,0.0,0.0,0.0,-1.5707964,0.0
1970-01-01 00:00:00.474332093,0.474332093,0.0,0.0,0.0,0.0,0.0,142.47423,0.0,0.0,-1.5707964,0.0
1970-01-01 00:00:00.474703448,0.474703448,0.0,0.0,1263.5258,0.0,0.0,0.0,0.0,0.0,-1.5707964,0.0
1970-01-01 00:00:00.474946628,0.474946628,0.0,0.0,0.0,312.08847,0.0,0.0,0.0,0.0,-1.5707964,0.0
1970-01-01 00:00:00.475816466,0.475816466,0.0,100.958,0.0,0.0,0.0,0.0,0.0,0.0,-1.5707964,0.0
1970-01-01 00:00:00.475872977,0.475872977,0.0,0.0,0.0,295.0222,0.0,0.0,0.0,0.0,-1.5707964,0.0
1970-01-01 00:00:00.476711809,0.476711809,0.0,0.0,342.16516,0.0,0.0,0.0,0.0,0.0,-1.5707964,0.0
1970-01-01 00:00:00.476841751,0.476841751,0.0,0.0,0.0,83.75974,0.0,0.0,0.0,0.0,-1.5707964,0.0
1970-01-01 00:00:00.477564244,0.477564244,0.0,0.0,0.0,0.0,0.0,268.76123,0.0,0.0,-1.5707964,0.0
1970-01-01 00:00:00.477989897,0.477989897,0.0,0.0,0.0,0.0,255.81227,0.0,0.0,0.0,-1.5707964,0.0
1970-01-01 00:00:00.478069161,0.478069161,0.0,0.0,0.0,0.0,338.08908,0.0,0.0,0.0,-1.5707964,0.0
1970-01-01 00:00:00.479927605,0.479927605,0.0,0.0,0.0,0.0,176.71487,0.0,0.0,0.0,-1.5707964,0.0
1970-01-01 00:00:00.481096991,0.481096991,0.0,0.0,0.0,650.9324,0.0,0.0,0.0,0.0,-1.5707964,0.0
1970-01-01 00:00:00.482538500,0.4825385,0.0,0.0,0.0,131.42833,0.0,0.0,0.0,0.0,-1.5707964,0.0
1970-01-01 00:00:00.482772418,0.482772418,0.0,0.0,934.07654,0.0,0.0,0.0,0.0,0.0,-1.5707964,0.0
1970-01-01 00:00:00.484073840,0.48407384,0.0,0.0,0.0,183.15463,0.0,0.0,0.0,0.0,-1.5707964,0.0
1970-01-01 00:00:00.488988532,0.488988532,0.0,0.0,0.0,0.0,0.0,310.44736,0.0,0.0,-1.5707964,0.0
1970-01-01 00:00:00.489473808,0.489473808,0.0,0.0,0.0,727.99097,0.0,0.0,0.0,0.0,-1.5707964,0.0
1970-01-01 00:00:00.489812919,0.489812919,0.0,0.0,0.0,383.07352,0.0,0.0,0.0,0.0,-1.5707964,0.0
1970-01-01 00:00:00.490693958,0.490693958,0.0,0.0,0.0,290.57474,0.0,0.0,0.0,0.0,-1.5707964,0.0
1970-01-01 00:00:00.491460350,0.49146035,0.0,0.0,99.47159,0.0,0.0,0.0,0.0,0.0,-1.5707964,0.0
1970-01-01 00:00:00.491561859,0.491561859,0.0,0.0,315.6643,0.0,0.0,0.0,0.0,0.0,-1.5707964,0.0
1970-01-01 00:00:00.491884759,0.491884759,0.0,0.0,0.0,0.0,95.22691,0.0,0.0,0.0,-1.5707964,0.0
1970-01-01 00:00:00.492019701,0.492019701,0.0,0.0,217.96358,0.0,0.0,0.0,0.0,0.0,-1.5707964,0.0
1970-01-01 00:00:00.492551100,0.4925511,0.0,0.0,813.3632,0.0,0.0,0.0,0.0,0.0,-1.5707964,0.0
1970-01-01 00:00:00.492857325,0.492857325,0.0,0.0,0.0,0.0,0.0,160.40195,0.0,0.0,-1.5707964,0.0
1970-01-01 00:00:00.493319306,0.493319306,0.0,0.0,0.0,0.0,0.0,286.09647,0.0,0.0,-1.5707964,0.0
1970-01-01 00:00:00.495565635,0.495565635,0.0,0.0,0.0,292.68033,0.0,0.0,0.0,0.0,-1.5707964,0.0
1970-01-01 00:00:00.495735123,0.495735123,0.0,0.0,0.0,131.34451,0.0,0.0,0.0,0.0,-1.5707964,0.0
1970-01-01 00:00:00.496138259,0.496138259,0.0,0.0,162.77267,0.0,0.0,0.0,0.0,0.0,-1.5707964,0.0
1970-01-01 00:00:00.496215908,0.496215908,0.0,0.0,249.96767,0.0,0.0,0.0,0.0,0.0,-1.5707964,0.0
1970-01-01 00:00:00.496963151,0.496963151,0.0,0.0,0.0,366.71115,0.0,0.0,0.0,0.0,-1.5707964,0.0
1970-01-01 00:00:00.497472158,0.497472158,0.0,0.0,220.76054,0.0,0.0,0.0,0.0,0.0,-1.5707964,0.0
1970-01-01 00:00:00.498471342,0.498471342,0.0,0.0,0.0,225.47386,0.0,0.0,0.0,0.0,-1.5707964,0.0
1970-01-01 00:00:00.499202797,0.499202797,0.0,0.0,0.0,485.89172,0.0,0.0,0.0,0.0,-1.5707964,0.0
1970-01-01 00:00:00.505880626,0.505880626,0.0,0.0,0.0,258.27792,0.0,0.0,0.0,0.0,-1.5707964,0.0
1970-01-01 00:00:00.506423527,0.506423527,0.0,0.0,0.0,162.7879,0.0,0.0,0.0,0.0,-1.5707964,0.0
1970-01-01 00:00:00.507278272,0.507278272,0.0,0.0,0.0,0.0,111.86624,0.0,0.0,0.0,-1.5707964,0.0
1970-01-01 00:00:00.507507151,0.507507152,0.0,0.0,0.0,200.87529,0.0,0.0,0.0,0.0,-1.5707964,0.0
1970-01-01 00:00:00.507896317,0.507896317,0.0,0.0,1675.8632,0.0,0.0,0.0,0.0,0.0,-1.5707964,0.0
1970-01-01 00:00:00.508178645,0.508178646,0.0,0.0,0.0,0.0,3823.3928,0.0,0.0,0.0,-1.5707964,0.0
1970-01-01 00:00:00.508301267,0.508301267,0.0,0.0,0.0,96.04414,0.0,0.0,0.0,0.0,-1.5707964,0.0
1970-01-01 00:00:00.508501020,0.50850102,0.0,0.0,0.0,0.0,0.0,429.97064,0.0,0.0,-1.5707964,0.0
1970-01-01 00:00:00.509447279,0.50944728,0.0,0.0,0.0,0.0,1262.5056,0.0,0.0,0.0,-1.5707964,0.0
1970-01-01 00:00:00.509981339,0.50998134,0.0,116.369644,0.0,0.0,0.0,0.0,0.0,0.0,-1.5707964,0.0
1970-01-01 00:00:00.509981339,0.50998134,0.0,0.0,0.0,569.58594,0.0,0.0,0.0,0.0,-1.5707964,0.0
1970-01-01 00:00:00.511858545,0.511858545,0.0,0.0,0.0,0.0,151.701,0.0,0.0,0.0,-1.5707964,0.0
1970-01-01 00:00:00.515915370,0.51591537,0.0,0.0,0.0,0.0,112.80658,0.0,0.0,0.0,-1.5707964,0.0
1970-01-01 00:00:00.516033990,0.51603399,0.0,0.0,202.23648,0.0,0.0,0.0,0.0,0.0,-1.5707964,0.0
1970-01-01 00:00:00.517491995,0.517491996,0.0,0.0,0.0,0.0,113.6488,0.0,0.0,0.0,-1.5707964,0.0
1970-01-01 00:00:00.518067373,0.518067373,0.0,0.0,0.0,139.12502,0.0,0.0,0.0,0.0,-1.5707964,0.0
1970-01-01 00:00:00.519837682,0.519837682,0.0,0.0,106.15059,0.0,0.0,0.0,0.0,0.0,-1.5707964,0.0
1970-01-01 00:00:00.521253764,0.521253764,0.0,0.0,0.0,179.48491,0.0,0.0,0.0,0.0,-1.5707964,0.0
1970-01-01 00:00:00.521771933,0.521771933,236.43253,0.0,0.0,0.0,0.0,0.0,0.0,0.0,-1.5707964,0.0
1970-01-01 00:00:00.521830451,0.521830451,0.0,89.8266,0.0,0.0,0.0,0.0,0.0,0.0,-1.5707964,0.0
1970-01-01 00:00:00.522209551,0.522209552,0.0,0.0,0.0,0.0,328.45944,0.0,0.0,0.0,-1.5707964,0.0
1970-01-01 00:00:00.522272755,0.522272755,0.0,0.0,307.0824,0.0,0.0,0.0,0.0,0.0,-1.5707964,0.0
1970-01-01 00:00:00.522475147,0.522475148,0.0,0.0,734.2912,0.0,0.0,0.0,0.0,0.0,-1.5707964,0.0
1970-01-01 00:00:00.523041843,0.523041843,0.0,0.0,0.0,148.62547,0.0,0.0,0.0,0.0,-1.5707964,0.0
1970-01-01 00:00:00.523139428,0.523139428,0.0,0.0,0.0,0.0,367.8207,0.0,0.0,0.0,-1.5707964,0.0
1970-01-01 00:00:00.523785594,0.523785594,0.0,0.0,434.02582,0.0,0.0,0.0,0.0,0.0,-1.5707964,0.0
1970-01-01 00:00:00.524545901,0.524545902,0.0,0.0,0.0,185.74332,0.0,0.0,0.0,0.0,-1.5707964,0.0
1970-01-01 00:00:00.524667905,0.524667905,0.0,231.01863,0.0,0.0,0.0,0.0,0.0,0.0,-1.5707964,0.0
1970-01-01 00:00:00.524996149,0.524996149,0.0,0.0,0.0,115.53027,0.0,0.0,0.0,0.0,-1.5707964,0.0
1970-01-01 00:00:00.525184230,0.52518423,0.0,0.0,0.0,1436.5182,0.0,0.0,0.0,0.0,-1.5707964,0.0
1970-01-01 00:00:00.526446052,0.526446052,0.0,0.0,0.0,146.05234,0.0,0.0,0.0,0.0,-1.5707964,0.0
1970-01-01 00:00:00.526540335,0.526540335,0.0,0.0,0.0,248.23506,0.0,0.0,0.0,0.0,-1.5707964,0.0
1970-01-01 00:00:00.527620369,0.52762037,0.0,105.185455,0.0,0.0,0.0,0.0,0.0,0.0,-1.5707964,0.0
1970-01-01 00:00:00.528946789,0.528946789,0.0,0.0,0.0,97.519295,0.0,0.0,0.0,0.0,-1.5707964,0.0
1970-01-01 00:00:00.529688140,0.529688141,0.0,442.08527,0.0,0.0,0.0,0.0,0.0,0.0,-1.5707964,0.0
1970-01-01 00:00:00.530256658,0.530256659,0.0,0.0,358.9174,0.0,0.0,0.0,0.0,0.0,-1.5707964,0.0
1970-01-01 00:00:00.536363861,0.536363861,0.0,0.0,0.0,159.00406,0.0,0.0,0.0,0.0,-1.5707964,0.0
1970-01-01 00:00:00.538358066,0.538358066,0.0,0.0,0.0,0.0,192.84418,0.0,0.0,0.0,-1.5707964,0.0
1970-01-01 00:00:00.546077803,0.546077803,0.0,0.0,0.0,1298.7037,0.0,0.0,0.0,0.0,-1.5707964,0.0
1970-01-01 00:00:00.546693303,0.546693303,0.0,0.0,0.0,228.98804,0.0,0.0,0.0,0.0,-1.5707964,0.0
1970-01-01 00:00:00.546907596,0.546907596,0.0,0.0,0.0,0.0,316.71143,0.0,0.0,0.0,-1.5707964,0.0
1970-01-01 00:00:00.548662346,0.548662346,0.0,0.0,136.2824,0.0,0.0,0.0,0.0,0.0,-1.5707964,0.0
1970-01-01 00:00:00.549711269,0.549711269,0.0,0.0,0.0,276.7071,0.0,0.0,0.0,0.0,-1.5707964,0.0
1970-01-01 00:00:00.550311236,0.550311236,0.0,0.0,0.0,81.011925,0.0,0.0,0.0,0.0,-1.5707964,0.0
1970-01-01 00:00:00.551589265,0.551589265,0.0,0.0,0.0,258.16104,0.0,0.0,0.0,0.0,-1.5707964,0.0
1970-01-01 00:00:00.551878596,0.551878596,0.0,0.0,0.0,0.0,262.80823,0.0,0.0,0.0,-1.5707964,0.0
1970-01-01 00:00:00.558980292,0.558980292,0.0,0.0,0.0,0.0,105.60177,0.0,0.0,0.0,-1.5707964,0.0
1970-01-01 00:00:00.560063876,0.560063876,0.0,0.0,0.0,0.0,94.48879,0.0,0.0,0.0,-1.5707964,0.0
1970-01-01 00:00:00.562619756,0.562619756,0.0,0.0,0.0,0.0,398.8524,0.0,0.0,0.0,-1.5707964,0.0
1970-01-01 00:00:00.563651597,0.563651597,0.0,0.0,0.0,289.68057,0.0,0.0,0.0,0.0,-1.5707964,0.0
1970-01-01 00:00:00.563829967,0.563829967,0.0,0.0,0.0,0.0,0.0,239.7016,0.0,0.0,-1.5707964,0.0
1970-01-01 00:00:00.565106596,0.565106596,0.0,0.0,0.0,848.5534,0.0,0.0,0.0,0.0,-1.5707964,0.0
1970-01-01 00:00:00.566000858,0.566000858,0.0,0.0,0.0,1155.9241,0.0,0.0,0.0,0.0,-1.5707964,0.0
1970-01-01 00:00:00.566645640,0.56664564,0.0,0.0,0.0,242.38664,0.0,0.0,0.0,0.0,-1.5707964,0.0
1970-01-01 00:00:00.567425776,0.567425776,0.0,0.0,199.29724,0.0,0.0,0.0,0.0,0.0,-1.5707964,0.0
1970-01-01 00:00:00.567443068,0.567443068,0.0,0.0,0.0,135.35287,0.0,0.0,0.0,0.0,-1.5707964,0.0
1970-01-01 00:00:00.567805229,0.567805229,0.0,0.0,0.0,0.0,0.0,233.40816,0.0,0.0,-1.5707964,0.0
1970-01-01 00:00:00.567915759,0.567915759,0.0,0.0,360.79373,0.0,0.0,0.0,0.0,0.0,-1.5707964,0.0
1970-01-01 00:00:00.571591108,0.571591108,0.0,0.0,0.0,1140.2639,0.0,0.0,0.0,0.0,-1.5707964,0.0
1970-01-01 00:00:00.573160267,0.573160267,0.0,0.0,0.0,0.0,0.0,893.684,0.0,0.0,-1.5707964,0.0
1970-01-01 00:00:00.573456105,0.573456105,0.0,0.0,0.0,1702.7736,0.0,0.0,0.0,0.0,-1.5707964,0.0
1970-01-01 00:00:00.574022925,0.574022925,1950.7319,0.0,0.0,0.0,0.0,0.0,0.0,0.0,-1.5707964,0.0
1970-01-01 00:00:00.575083213,0.575083213,0.0,106.54447,0.0,0.0,0.0,0.0,0.0,0.0,-1.5707964,0.0
1970-01-01 00:00:00.575481781,0.575481781,0.0,0.0,927.683,0.0,0.0,0.0,0.0,0.0,-1.5707964,0.0
1970-01-01 00:00:00.576547028,0.576547028,0.0,0.0,0.0,0.0,104.95405,0.0,0.0,0.0,-1.5707964,0.0
1970-01-01 00:00:00.578772363,0.578772363,0.0,0.0,0.0,109.391716,0.0,0.0,0.0,0.0,-1.5707964,0.0
1970-01-01 00:00:00.579207231,0.579207231,0.0,0.0,0.0,587.7918,0.0,0.0,0.0,0.0,-1.5707964,0.0
1970-01-01 00:00:00.579257828,0.579257828,0.0,838.2321,0.0,0.0,0.0,0.0,0.0,0.0,-1.5707964,0.0
1970-01-01 00:00:00.579364973,0.579364973,0.0,0.0,0.0,0.0,0.0,574.00195,0.0,0.0,-1.5707964,0.0
1970-01-01 00:00:00.579682961,0.579682961,0.0,0.0,0.0,543.0959,0.0,0.0,0.0,0.0,-1.5707964,0.0
1970-01-01 00:00:00.579826660,0.57982666,0.0,0.0,246.59393,0.0,0.0,0.0,0.0,0.0,-1.5707964,0.0
1970-01-01 00:00:00.579965452,0.579965452,0.0,0.0,0.0,0.0,469.04218,0.0,0.0,0.0,-1.5707964,0.0
1970-01-01 00:00:00.580213270,0.58021327,0.0,0.0,0.0,320.39713,0.0,0.0,0.0,0.0,-1.5707964,0.0
1970-01-01 00:00:00.580213270,0.58021327,0.0,0.0,0.0,535.98615,0.0,0.0,0.0,0.0,-1.5707964,0.0
1970-01-01 00:00:00.582076106,0.582076106,0.0,0.0,0.0,0.0,900.0092,0.0,0.0,0.0,-1.5707964,0.0
1970-01-01 00:00:00.582277227,0.582277227,0.0,274.98938,0.0,0.0,0.0,0.0,0.0,0.0,-1.5707964,0.0
1970-01-01 00:00:00.583212462,0.583212462,0.0,0.0,0.0,538.7011,0.0,0.0,0.0,0.0,-1.5707964,0.0
1970-01-01 00:00:00.583684945,0.583684945,0.0,0.0,0.0,135.94182,0.0,0.0,0.0,0.0,-1.5707964,0.0
1970-01-01 00:00:00.583892828,0.583892828,0.0,0.0,604.19366,0.0,0.0,0.0,0.0,0.0,-1.5707964,0.0
1970-01-01 00:00:00.584337516,0.584337516,0.0,0.0,0.0,0.0,2739.0017,0.0,0.0,0.0,-1.5707964,0.0
1970-01-01 00:00:00.585045349,0.585045349,0.0,0.0,0.0,0.0,248.3995,0.0,0.0,0.0,-1.5707964,0.0
1970-01-01 00:00:00.586433995,0.586433995,0.0,0.0,0.0,0.0,0.0,298.92972,0.0,0.0,-1.5707964,0.0
1970-01-01 00:00:00.586800376,0.586800376,0.0,0.0,0.0,3141.2449,0.0,0.0,0.0,0.0,-1.5707964,0.0
1970-01-01 00:00:00.588667318,0.588667318,658.97797,0.0,0.0,0.0,0.0,0.0,0.0,0.0,-1.5707964,0.0
1970-01-01 00:00:00.588667318,0.588667318,0.0,0.0,0.0,173.45871,0.0,0.0,0.0,0.0,-1.5707964,0.0
1970-01-01 00:00:00.589917303,0.589917303,0.0,0.0,0.0,0.0,0.0,537.0553,0.0,0.0,-1.5707964,0.0
1970-01-01 00:00:00.591067807,0.591067807,0.0,0.0,0.0,456.2147,0.0,0.0,0.0,0.0,-1.5707964,0.0
1970-01-01 00:00:00.592205459,0.592205459,0.0,0.0,0.0,0.0,0.0,327.19818,0.0,0.0,-1.5707964,0.0
1970-01-01 00:00:00.592334676,0.592334676,0.0,0.0,0.0,788.72363,0.0,0.0,0.0,0.0,-1.5707964,0.0
1970-01-01 00:00:00.594792360,0.59479236,0.0,0.0,0.0,302.86725,0.0,0.0,0.0,0.0,-1.5707964,0.0
1970-01-01 00:00:00.595147469,0.595147469,0.0,0.0,1296.651,0.0,0.0,0.0,0.0,0.0,-1.5707964,0.0
1970-01-01 00:00:00.596618589,0.596618589,0.0,0.0,207.70851,0.0,0.0,0.0,0.0,0.0,-1.5707964,0.0
1970-01-01 00:00:00.597240690,0.59724069,0.0,0.0,407.29166,0.0,0.0,0.0,0.0,0.0,-1.5707964,0.0
1970-01-01 00:00:00.598342645,0.598342645,0.0,0.0,0.0,0.0,313.57864,0.0,0.0,0.0,-1.5707964,0.0
1970-01-01 00:00:00.599283618,0.599283618,0.0,0.0,1413.0583,0.0,0.0,0.0,0.0,0.0,-1.5707964,0.0
1970-01-01 00:00:00.599434166,0.599434166,0.0,0.0,0.0,364.9564,0.0,0.0,0.0,0.0,-1.5707964,0.0
1970-01-01 00:00:00.599607174,0.599607174,0.0,0.0,325.10678,0.0,0.0,0.0,0.0,0.0,-1.5707964,0.0
1970-01-01 00:00:00.600238667,0.600238667,0.0,0.0,0.0,373.9929,0.0,0.0,0.0,0.0,-1.5707964,0.0
1970-01-01 00:00:00.600621757,0.600621757,0.0,0.0,0.0,956.9766,0.0,0.0,0.0,0.0,-1.5707964,0.0
1970-01-01 00:00:00.601624892,0.601624892,0.0,0.0,0.0,509.09927,0.0,0.0,0.0,0.0,-1.5707964,0.0
1970-01-01 00:00:00.601824233,0.601824233,0.0,0.0,0.0,0.0,628.11707,0.0,0.0,0.0,-1.5707964,0.0
1970-01-01 00:00:00.601824233,0.601824233,0.0,0.0,0.0,1788.3964,0.0,0.0,0.0,0.0,-1.5707964,0.0
1970-01-01 00:00:00.602221027,0.602221027,0.0,0.0,83.40026,0.0,0.0,0.0,0.0,0.0,-1.5707964,0.0
1970-01-01 00:00:00.602511863,0.602511863,0.0,0.0,0.0,0.0,0.0,253.45265,0.0,0.0,-1.5707964,0.0
1970-01-01 00:00:00.603176487,0.603176487,0.0,0.0,0.0,88.4437,0.0,0.0,0.0,0.0,-1.5707964,0.0
1970-01-01 00:00:00.603409175,0.603409175,0.0,380.84427,0.0,0.0,0.0,0.0,0.0,0.0,-1.5707964,0.0
1970-01-01 00:00:00.603535388,0.603535388,0.0,0.0,0.0,0.0,1205.246,0.0,0.0,0.0,-1.5707964,0.0
1970-01-01 00:00:00.604392835,0.604392835,0.0,0.0,0.0,0.0,0.0,334.13763,0.0,0.0,-1.5707964,0.0
1970-01-01 00:00:00.607605397,0.607605397,0.0,0.0,0.0,717.0027,0.0,0.0,0.0,0.0,-1.5707964,0.0
1970-01-01 00:00:00.607675566,0.607675566,0.0,0.0,0.0,359.81247,0.0,0.0,0.0,0.0,-1.5707964,0.0
1970-01-01 00:00:00.607988810,0.60798881,0.0,0.0,0.0,135.19377,0.0,0.0,0.0,0.0,-1.5707964,0.0
1970-01-01 00:00:00.609741068,0.609741068,0.0,0.0,138.77347,0.0,0.0,0.0,0.0,0.0,-1.5707964,0.0
1970-01-01 00:00:00.610204239,0.610204239,0.0,539.45435,0.0,0.0,0.0,0.0,0.0,0.0,-1.5707964,0.0
1970-01-01 00:00:00.612117733,0.612117733,0.0,0.0,202.13466,0.0,0.0,0.0,0.0,0.0,-1.5707964,0.0
1970-01-01 00:00:00.613917565,0.613917565,0.0,0.0,0.0,0.0,1209.8605,0.0,0.0,0.0,-1.5707964,0.0
1970-01-01 00:00:00.616156335,0.616156335,0.0,0.0,0.0,148.09686,0.0,0.0,0.0,0.0,-1.5707964,0.0
1970-01-01 00:00:00.618495559,0.618495559,0.0,0.0,0.0,0.0,0.0,543.837,0.0,0.0,-1.5707964,0.0
1970-01-01 00:00:00.619023415,0.619023415,0.0,0.0,0.0,149.07109,0.0,0.0,0.0,0.0,-1.5707964,0.0
1970-01-01 00:00:00.619279259,0.619279259,0.0,0.0,0.0,0.0,174.46422,0.0,0.0,0.0,-1.5707964,0.0
1970-01-01 00:00:00.619973433,0.619973433,0.0,0.0,0.0,570.0544,0.0,0.0,0.0,0.0,-1.5707964,0.0
1970-01-01 00:00:00.620709859,0.620709859,0.0,1646.2399,0.0,0.0,0.0,0.0,0.0,0.0,-1.5707964,0.0
1970-01-01 00:00:00.623048537,0.623048537,0.0,0.0,0.0,82.89807,0.0,0.0,0.0,0.0,-1.5707964,0.0
1970-01-01 00:00:00.635689364,0.635689364,140.24448,0.0,0.0,0.0,0.0,0.0,0.0,0.0,-1.5707964,0.0
1970-01-01 00:00:00.636144006,0.636144006,0.0,0.0,0.0,0.0,165.46213,0.0,0.0,0.0,-1.5707964,0.0
1970-01-01 00:00:00.636982784,0.636982784,0.0,0.0,0.0,208.38335,0.0,0.0,0.0,0.0,-1.5707964,0.0
1970-01-01 00:00:00.638279073,0.638279073,0.0,0.0,2176.824,0.0,0.0,0.0,0.0,0.0,-1.5707964,0.0
1970-01-01 00:00:00.638973304,0.638973304,0.0,352.5361,0.0,0.0,0.0,0.0,0.0,0.0,-1.5707964,0.0
1970-01-01 00:00:00.639938426,0.639938426,0.0,0.0,1193.6499,0.0,0.0,0.0,0.0,0.0,-1.5707964,0.0
1970-01-01 00:00:00.640050460,0.64005046,0.0,0.0,0.0,0.0,0.0,413.3937,0.0,0.0,-1.5707964,0.0
1970-01-01 00:00:00.640050460,0.64005046,0.0,0.0,0.0,0.0,0.0,1296.4924,0.0,0.0,-1.5707964,0.0
1970-01-01 00:00:00.641476287,0.641476287,161.86972,0.0,0.0,0.0,0.0,0.0,0.0,0.0,-1.5707964,0.0
1970-01-01 00:00:00.642565402,0.642565402,0.0,0.0,708.307,0.0,0.0,0.0,0.0,0.0,-1.5707964,0.0
1970-01-01 00:00:00.643222556,0.643222556,0.0,0.0,0.0,0.0,0.0,213.23888,0.0,0.0,-1.5707964,0.0
1970-01-01 00:00:00.643308532,0.643308532,0.0,0.0,882.6851,0.0,0.0,0.0,0.0,0.0,-1.5707964,0.0
1970-01-01 00:00:00.645280616,0.645280616,0.0,0.0,0.0,0.0,124.86422,0.0,0.0,0.0,-1.5707964,0.0
1970-01-01 00:00:00.651420152,0.651420152,0.0,0.0,199.60744,0.0,0.0,0.0,0.0,0.0,-1.5707964,0.0
1970-01-01 00:00:00.652329086,0.652329086,0.0,0.0,0.0,0.0,0.0,103.875755,0.0,0.0,-1.5707964,0.0
1970-01-01 00:00:00.652521103,0.652521103,0.0,0.0,316.54504,0.0,0.0,0.0,0.0,0.0,-1.5707964,0.0
1970-01-01 00:00:00.653794641,0.653794641,0.0,0.0,0.0,260.74356,0.0,0.0,0.0,0.0,-1.5707964,0.0
1970-01-01 00:00:00.653821046,0.653821046,0.0,0.0,0.0,727.78784,0.0,0.0,0.0,0.0,-1.5707964,0.0
1970-01-01 00:00:00.669065653,0.669065653,0.0,0.0,0.0,0.0,171.0657,0.0,0.0,0.0,-1.5707964,0.0
1970-01-01 00:00:00.669447760,0.66944776,0.0,0.0,0.0,288.9807,0.0,0.0,0.0,0.0,-1.5707964,0.0
1970-01-01 00:00:00.669724369,0.669724369,0.0,0.0,0.0,98.159195,0.0,0.0,0.0,0.0,-1.5707964,0.0
1970-01-01 00:00:00.670614117,0.670614117,0.0,0.0,0.0,139.93022,0.0,0.0,0.0,0.0,-1.5707964,0.0
1970-01-01 00:00:00.671404922,0.671404922,0.0,0.0,0.0,0.0,247.91208,0.0,0.0,0.0,-1.5707964,0.0
1970-01-01 00:00:00.672277297,0.672277297,0.0,0.0,0.0,117.95981,0.0,0.0,0.0,0.0,-1.5707964,0.0
1970-01-01 00:00:00.672707188,0.672707188,0.0,0.0,572.4944,0.0,0.0,0.0,0.0,0.0,-1.5707964,0.0
1970-01-01 00:00:00.672951356,0.672951356,0.0,0.0,0.0,288.84048,0.0,0.0,0.0,0.0,-1.5707964,0.0
1970-01-01 00:00:00.673292621,0.673292621,1408.176,0.0,0.0,0.0,0.0,0.0,0.0,0.0,-1.5707964,0.0
1970-01-01 00:00:00.673904915,0.673904915,0.0,0.0,258.33923,0.0,0.0,0.0,0.0,0.0,-1.5707964,0.0
1970-01-01 00:00:00.674668886,0.674668886,0.0,0.0,0.0,0.0,0.0,234.6774,0.0,0.0,-1.5707964,0.0
1970-01-01 00:00:00.675104692,0.675104692,0.0,0.0,0.0,176.60262,0.0,0.0,0.0,0.0,-1.5707964,0.0
1970-01-01 00:00:00.675644351,0.675644351,0.0,150.42279,0.0,0.0,0.0,0.0,0.0,0.0,-1.5707964,0.0
1970-01-01 00:00:00.676313319,0.676313319,0.0,0.0,1294.1099,0.0,0.0,0.0,0.0,0.0,-1.5707964,0.0
1970-01-01 00:00:00.677894768,0.677894768,0.0,0.0,488.8501,0.0,0.0,0.0,0.0,0.0,-1.5707964,0.0
1970-01-01 00:00:00.679207348,0.679207348,0.0,0.0,0.0,0.0,0.0,106.451965,0.0,0.0,-1.5707964,0.0
1970-01-01 00:00:00.680064410,0.68006441,0.0,0.0,0.0,0.0,196.24763,0.0,0.0,0.0,-1.5707964,0.0
1970-01-01 00:00:00.680332080,0.68033208,0.0,0.0,0.0,0.0,285.1775,0.0,0.0,0.0,-1.5707964,0.0
1970-01-01 00:00:00.682202799,0.682202799,0.0,0.0,0.0,246.27402,0.0,0.0,0.0,0.0,-1.5707964,0.0
1970-01-01 00:00:00.682285507,0.682285507,0.0,0.0,0.0,616.4772,0.0,0.0,0.0,0.0,-1.5707964,0.0
1970-01-01 00:00:00.686288075,0.686288075,0.0,0.0,216.55032,0.0,0.0,0.0,0.0,0.0,-1.5707964,0.0
1970-01-01 00:00:00.687870648,0.687870648,0.0,0.0,0.0,0.0,0.0,505.1944,0.0,0.0,-1.5707964,0.0
1970-01-01 00:00:00.689479242,0.689479242,0.0,0.0,0.0,0.0,102.97819,0.0,0.0,0.0,-1.5707964,0.0
1970-01-01 00:00:00.690070875,0.690070875,0.0,0.0,0.0,0.0,135.70116,0.0,0.0,0.0,-1.5707964,0.0
1970-01-01 00:00:00.690272178,0.690272178,0.0,0.0,0.0,875.0456,0.0,0.0,0.0,0.0,-1.5707964,0.0
1970-01-01 00:00:00.690809320,0.69080932,0.0,1366.8942,0.0,0.0,0.0,0.0,0.0,0.0,-1.5707964,0.0
1970-01-01 00:00:00.691267325,0.691267325,0.0,0.0,0.0,107.335686,0.0,0.0,0.0,0.0,-1.5707964,0.0
1970-01-01 00:00:00.693086789,0.693086789,0.0,0.0,0.0,191.79816,0.0,0.0,0.0,0.0,-1.5707964,0.0
1970-01-01 00:00:00.693201542,0.693201542,0.0,0.0,262.0198,0.0,0.0,0.0,0.0,0.0,-1.5707964,0.0
1970-01-01 00:00:00.693478645,0.693478645,0.0,353.71573,0.0,0.0,0.0,0.0,0.0,0.0,-1.5707964,0.0
1970-01-01 00:00:00.695016306,0.695016306,0.0,0.0,0.0,1089.3318,0.0,0.0,0.0,0.0,-1.5707964,0.0
1970-01-01 00:00:00.695539318,0.695539318,0.0,0.0,346.0471,0.0,0.0,0.0,0.0,0.0,-1.5707964,0.0
1970-01-01 00:00:00.696363832,0.696363832,0.0,0.0,549.6533,0.0,0.0,0.0,0.0,0.0,-1.5707964,0.0
1970-01-01 00:00:00.698921642,0.698921642,0.0,111.723404,0.0,0.0,0.0,0.0,0.0,0.0,-1.5707964,0.0
1970-01-01 00:00:00.699264631,0.699264631,0.0,0.0,0.0,1184.698,0.0,0.0,0.0,0.0,-1.5707964,0.0
1970-01-01 00:00:00.708108183,0.708108183,0.0,0.0,0.0,132.43864,0.0,0.0,0.0,0.0,-1.5707964,0.0
1970-01-01 00:00:00.711314212,0.711314212,0.0,0.0,0.0,0.0,557.2921,0.0,0.0,0.0,-1.5707964,0.0
1970-01-01 00:00:00.712136082,0.712136082,0.0,0.0,0.0,538.8233,0.0,0.0,0.0,0.0,-1.5707964,0.0
1970-01-01 00:00:00.712482290,0.71248229,0.0,0.0,0.0,0.0,0.0,606.1397,0.0,0.0,-1.5707964,0.0
1970-01-01 00:00:00.713462034,0.713462034,0.0,0.0,0.0,0.0,98.75406,0.0,0.0,0.0,-1.5707964,0.0
1970-01-01 00:00:00.719241887,0.719241887,0.0,0.0,0.0,0.0,711.3001,0.0,0.0,0.0,-1.5707964,0.0
1970-01-01 00:00:00.720201081,0.720201081,0.0,0.0,0.0,0.0,0.0,310.97458,0.0,0.0,-1.5707964,0.0
1970-01-01 00:00:00.728740644,0.728740644,0.0,0.0,1364.4237,0.0,0.0,0.0,0.0,0.0,-1.5707964,0.0
1970-01-01 00:00:00.739109697,0.739109697,0.0,0.0,255.39027,0.0,0.0,0.0,0.0,0.0,-1.5707964,0.0
1970-01-01 00:00:00.740461745,0.740461745,0.0,0.0,0.0,0.0,0.0,411.687,0.0,0.0,-1.5707964,0.0
1970-01-01 00:00:00.740743787,0.740743787,0.0,0.0,885.7334,0.0,0.0,0.0,0.0,0.0,-1.5707964,0.0
1970-01-01 00:00:00.741166026,0.741166026,0.0,0.0,496.7858,0.0,0.0,0.0,0.0,0.0,-1.5707964,0.0
1970-01-01 00:00:00.741166026,0.741166026,0.0,0.0,0.0,0.0,0.0,277.02713,0.0,0.0,-1.5707964,0.0
1970-01-01 00:00:00.742022836,0.742022836,0.0,0.0,0.0,0.0,0.0,307.6446,0.0,0.0,-1.5707964,0.0
1970-01-01 00:00:00.742803767,0.742803767,0.0,0.0,0.0,146.49396,0.0,0.0,0.0,0.0,-1.5707964,0.0
1970-01-01 00:00:00.743074451,0.743074451,0.0,552.2168,0.0,0.0,0.0,0.0,0.0,0.0,-1.5707964,0.0
1970-01-01 00:00:00.743802316,0.743802316,0.0,0.0,0.0,513.8728,0.0,0.0,0.0,0.0,-1.5707964,0.0
1970-01-01 00:00:00.744190200,0.7441902,0.0,0.0,0.0,0.0,754.4644,0.0,0.0,0.0,-1.5707964,0.0
1970-01-01 00:00:00.744240630,0.74424063,0.0,0.0,275.15457,0.0,0.0,0.0,0.0,0.0,-1.5707964,0.0
1970-01-01 00:00:00.745938580,0.74593858,0.0,0.0,0.0,0.0,0.0,102.78151,0.0,0.0,-1.5707964,0.0
1970-01-01 00:00:00.746310595,0.746310595,0.0,0.0,0.0,329.61447,0.0,0.0,0.0,0.0,-1.5707964,0.0
1970-01-01 00:00:00.748126770,0.74812677,361.2437,0.0,0.0,0.0,0.0,0.0,0.0,0.0,-1.5707964,0.0
1970-01-01 00:00:00.749655402,0.749655402,0.0,0.0,0.0,0.0,0.0,304.68243,0.0,0.0,-1.5707964,0.0
1970-01-01 00:00:00.749912863,0.749912863,0.0,114.67777,0.0,0.0,0.0,0.0,0.0,0.0,-1.5707964,0.0
1970-01-01 00:00:00.751005763,0.751005763,0.0,185.04408,0.0,0.0,0.0,0.0,0.0,0.0,-1.5707964,0.0
1970-01-01 00:00:00.751685155,0.751685155,462.60947,0.0,0.0,0.0,0.0,0.0,0.0,0.0,-1.5707964,0.0
1970-01-01 00:00:00.755619512,0.755619512,0.0,0.0,0.0,92.602615,0.0,0.0,0.0,0.0,-1.5707964,0.0
1970-01-01 00:00:00.759664830,0.75966483,0.0,0.0,0.0,2202.6917,0.0,0.0,0.0,0.0,-1.5707964,0.0
1970-01-01 00:00:00.760082807,0.760082807,0.0,90.47792,0.0,0.0,0.0,0.0,0.0,0.0,-1.5707964,0.0
1970-01-01 00:00:00.760330534,0.760330534,0.0,0.0,0.0,825.23035,0.0,0.0,0.0,0.0,-1.5707964,0.0
1970-01-01 00:00:00.761997475,0.761997475,0.0,0.0,0.0,200.91783,0.0,0.0,0.0,0.0,-1.5707964,0.0
1970-01-01 00:00:00.762033146,0.762033146,0.0,0.0,0.0,0.0,245.72377,0.0,0.0,0.0,-1.5707964,0.0
1970-01-01 00:00:00.762807539,0.762807539,0.0,0.0,0.0,0.0,165.9033,0.0,0.0,0.0,-1.5707964,0.0
1970-01-01 00:00:00.764230422,0.764230422,0.0,0.0,0.0,1573.9828,0.0,0.0,0.0,0.0,-1.5707964,0.0
1970-01-01 00:00:00.765261048,0.765261048,0.0,0.0,0.0,0.0,440.78357,0.0,0.0,0.0,-1.5707964,0.0
1970-01-01 00:00:00.766252805,0.766252805,0.0,0.0,0.0,738.4637,0.0,0.0,0.0,0.0,-1.5707964,0.0
1970-01-01 00:00:00.766314401,0.766314401,0.0,0.0,0.0,286.6554,0.0,0.0,0.0,0.0,-1.5707964,0.0
1970-01-01 00:00:00.766478148,0.766478148,0.0,0.0,1086.3381,0.0,0.0,0.0,0.0,0.0,-1.5707964,0.0
1970-01-01 00:00:00.767114755,0.767114755,0.0,0.0,0.0,130.68442,0.0,0.0,0.0,0.0,-1.5707964,0.0
1970-01-01 00:00:00.767361004,0.767361004,0.0,0.0,0.0,0.0,0.0,617.2672,0.0,0.0,-1.5707964,0.0
1970-01-01 00:00:00.767701055,0.767701055,0.0,0.0,0.0,0.0,0.0,680.49396,0.0,0.0,-1.5707964,0.0
1970-01-01 00:00:00.768405408,0.768405408,0.0,0.0,0.0,346.80142,0.0,0.0,0.0,0.0,-1.5707964,0.0
1970-01-01 00:00:00.768968848,0.768968848,0.0,0.0,0.0,0.0,0.0,288.04587,0.0,0.0,-1.5707964,0.0
1970-01-01 00:00:00.769596450,0.76959645,0.0,0.0,0.0,1186.5681,0.0,0.0,0.0,0.0,-1.5707964,0.0
1970-01-01 00:00:00.770925686,0.770925686,0.0,0.0,0.0,742.59827,0.0,0.0,0.0,0.0,-1.5707964,0.0
1970-01-01 00:00:00.770953434,0.770953434,0.0,0.0,0.0,1731.8793,0.0,0.0,0.0,0.0,-1.5707964,0.0
1970-01-01 00:00:00.771563607,0.771563607,0.0,0.0,0.0,0.0,98.15342,0.0,0.0,0.0,-1.5707964,0.0
1970-01-01 00:00:00.771814301,0.771814301,0.0,0.0,0.0,0.0,125.028694,0.0,0.0,0.0,-1.5707964,0.0
1970-01-01 00:00:00.772436339,0.772436339,0.0,0.0,0.0,147.23927,0.0,0.0,0.0,0.0,-1.5707964,0.0
1970-01-01 00:00:00.772569383,0.772569383,0.0,123.55914,0.0,0.0,0.0,0.0,0.0,0.0,-1.5707964,0.0
1970-01-01 00:00:00.773057473,0.773057473,0.0,0.0,0.0,0.0,352.8539,0.0,0.0,0.0,-1.5707964,0.0
1970-01-01 00:00:00.774614964,0.774614964,0.0,0.0,0.0,212.94316,0.0,0.0,0.0,0.0,-1.5707964,0.0
1970-01-01 00:00:00.774817086,0.774817086,0.0,0.0,0.0,202.2595,0.0,0.0,0.0,0.0,-1.5707964,0.0
1970-01-01 00:00:00.775027823,0.775027823,0.0,0.0,0.0,101.5865,0.0,0.0,0.0,0.0,-1.5707964,0.0
1970-01-01 00:00:00.775027823,0.775027823,0.0,0.0,0.0,0.0,0.0,171.7585,0.0,0.0,-1.5707964,0.0
1970-01-01 00:00:00.775703725,0.775703725,0.0,0.0,184.8372,0.0,0.0,0.0,0.0,0.0,-1.5707964,0.0
1970-01-01 00:00:00.776169050,0.77616905,0.0,0.0,0.0,0.0,214.15341,0.0,0.0,0.0,-1.5707964,0.0
1970-01-01 00:00:00.776276368,0.776276368,2295.122,0.0,0.0,0.0,0.0,0.0,0.0,0.0,-1.5707964,0.0
1970-01-01 00:00:00.776276368,0.776276368,0.0,0.0,99.40333,0.0,0.0,0.0,0.0,0.0,-1.5707964,0.0
1970-01-01 00:00:00.776752627,0.776752627,0.0,0.0,0.0,93.73953,0.0,0.0,0.0,0.0,-1.5707964,0.0
1970-01-01 00:00:00.777276656,0.777276656,0.0,0.0,170.4958,0.0,0.0,0.0,0.0,0.0,-1.5707964,0.0
1970-01-01 00:00:00.777841904,0.777841904,0.0,1665.8649,0.0,0.0,0.0,0.0,0.0,0.0,-1.5707964,0.0
1970-01-01 00:00:00.778151068,0.778151068,0.0,0.0,123.68918,0.0,0.0,0.0,0.0,0.0,-1.5707964,0.0
1970-01-01 00:00:00.778391155,0.778391155,0.0,0.0,0.0,236.80035,0.0,0.0,0.0,0.0,-1.5707964,0.0
1970-01-01 00:00:00.778815523,0.778815523,0.0,0.0,0.0,309.2985,0.0,0.0,0.0,0.0,-1.5707964,0.0
1970-01-01 00:00:00.780252897,0.780252897,0.0,0.0,0.0,338.72537,0.0,0.0,0.0,0.0,-1.5707964,0.0
1970-01-01 00:00:00.780674605,0.780674605,0.0,0.0,0.0,0.0,106.64417,0.0,0.0,0.0,-1.5707964,0.0
1970-01-01 00:00:00.780944967,0.780944967,0.0,0.0,0.0,2199.7969,0.0,0.0,0.0,0.0,-1.5707964,0.0
1970-01-01 00:00:00.781691434,0.781691434,0.0,0.0,831.97314,0.0,0.0,0.0,0.0,0.0,-1.5707964,0.0
1970-01-01 00:00:00.782138819,0.782138819,0.0,0.0,0.0,298.4924,0.0,0.0,0.0,0.0,-1.5707964,0.0
1970-01-01 00:00:00.782224005,0.782224005,0.0,0.0,0.0,273.07755,0.0,0.0,0.0,0.0,-1.5707964,0.0
1970-01-01 00:00:00.783670420,0.78367042,0.0,0.0,0.0,1039.1688,0.0,0.0,0.0,0.0,-1.5707964,0.0
1970-01-01 00:00:00.783785455,0.783785455,0.0,0.0,0.0,0.0,0.0,221.33926,0.0,0.0,-1.5707964,0.0
1970-01-01 00:00:00.785200899,0.785200899,0.0,0.0,0.0,527.4228,0.0,0.0,0.0,0.0,-1.5707964,0.0
1970-01-01 00:00:00.786447946,0.786447946,0.0,0.0,163.43335,0.0,0.0,0.0,0.0,0.0,-1.5707964,0.0
1970-01-01 00:00:00.786447946,0.786447946,0.0,0.0,158.04047,0.0,0.0,0.0,0.0,0.0,-1.5707964,0.0
1970-01-01 00:00:00.786528000,0.786528,0.0,0.0,0.0,390.4,0.0,0.0,0.0,0.0,-1.5707964,0.0
1970-01-01 00:00:00.787367545,0.787367545,0.0,0.0,198.58423,0.0,0.0,0.0,0.0,0.0,-1.5707964,0.0
1970-01-01 00:00:00.787438211,0.787438211,0.0,0.0,0.0,199.55281,0.0,0.0,0.0,0.0,-1.5707964,0.0
1970-01-01 00:00:00.788254963,0.788254963,0.0,0.0,455.66632,0.0,0.0,0.0,0.0,0.0,-1.5707964,0.0
1970-01-01 00:00:00.788392236,0.788392236,0.0,0.0,142.69891,0.0,0.0,0.0,0.0,0.0,-1.5707964,0.0
1970-01-01 00:00:00.788479558,0.788479558,126.961525,0.0,0.0,0.0,0.0,0.0,0.0,0.0,-1.5707964,0.0
1970-01-01 00:00:00.789103502,0.789103502,0.0,0.0,0.0,0.0,0.0,2112.971,0.0,0.0,-1.5707964,0.0
1970-01-01 00:00:00.790836012,0.790836012,0.0,0.0,0.0,391.92334,0.0,0.0,0.0,0.0,-1.5707964,0.0
1970-01-01 00:00:00.790909710,0.79090971,0.0,0.0,0.0,399.05527,0.0,0.0,0.0,0.0,-1.5707964,0.0
1970-01-01 00:00:00.792279787,0.792279787,0.0,0.0,0.0,388.9113,0.0,0.0,0.0,0.0,-1.5707964,0.0
1970-01-01 00:00:00.792867068,0.792867068,0.0,963.245,0.0,0.0,0.0,0.0,0.0,0.0,-1.5707964,0.0
1970-01-01 00:00:00.793196158,0.793196158,0.0,0.0,0.0,0.0,0.0,423.47867,0.0,0.0,-1.5707964,0.0
1970-01-01 00:00:00.794017978,0.794017978,0.0,0.0,0.0,0.0,0.0,628.5568,0.0,0.0,-1.5707964,0.0
1970-01-01 00:00:00.794034161,0.794034161,0.0,0.0,0.0,0.0,0.0,751.9437,0.0,0.0,-1.5707964,0.0
1970-01-01 00:00:00.794341564,0.794341564,0.0,0.0,0.0,2664.3567,0.0,0.0,0.0,0.0,-1.5707964,0.0
1970-01-01 00:00:00.794872244,0.794872244,0.0,1329.4464,0.0,0.0,0.0,0.0,0.0,0.0,-1.5707964,0.0
1970-01-01 00:00:00.796188031,0.796188031,0.0,0.0,192.8475,0.0,0.0,0.0,0.0,0.0,-1.5707964,0.0
1970-01-01 00:00:00.796885922,0.796885922,0.0,0.0,0.0,0.0,197.39001,0.0,0.0,0.0,-1.5707964,0.0
1970-01-01 00:00:00.797610774,0.797610774,0.0,84.70149,0.0,0.0,0.0,0.0,0.0,0.0,-1.5707964,0.0
1970-01-01 00:00:00.813403993,0.813403993,0.0,0.0,0.0,382.03152,0.0,0.0,0.0,0.0,-1.5707964,0.0
1970-01-01 00:00:00.814319483,0.814319483,0.0,0.0,201.58192,0.0,0.0,0.0,0.0,0.0,-1.5707964,0.0
1970-01-01 00:00:00.815390550,0.81539055,0.0,0.0,0.0,193.26564,0.0,0.0,0.0,0.0,-1.5707964,0.0
1970-01-01 00:00:00.822712392,0.822712392,0.0,0.0,0.0,0.0,0.0,1521.5746,0.0,0.0,-1.5707964,0.0
1970-01-01 00:00:00.822917052,0.822917052,0.0,0.0,0.0,185.51263,0.0,0.0,0.0,0.0,-1.5707964,0.0
1970-01-01 00:00:00.829766895,0.829766895,206.28537,0.0,0.0,0.0,0.0,0.0,0.0,0.0,-1.5707964,0.0
1970-01-01 00:00:00.830216400,0.8302164,0.0,208.3228,0.0,0.0,0.0,0.0,0.0,0.0,-1.5707964,0.0
1970-01-01 00:00:00.831241696,0.831241696,150.20212,0.0,0.0,0.0,0.0,0.0,0.0,0.0,-1.5707964,0.0
1970-01-01 00:00:00.831889460,0.83188946,0.0,443.57956,0.0,0.0,0.0,0.0,0.0,0.0,-1.5707964,0.0
1970-01-01 00:00:00.834238366,0.834238366,0.0,0.0,0.0,0.0,0.0,346.17307,0.0,0.0,-1.5707964,0.0
1970-01-01 00:00:00.835424294,0.835424294,0.0,0.0,0.0,0.0,0.0,631.03864,0.0,0.0,-1.5707964,0.0
1970-01-01 00:00:00.836659619,0.836659619,0.0,0.0,0.0,0.0,300.14536,0.0,0.0,0.0,-1.5707964,0.0
1970-01-01 00:00:00.838419532,0.838419532,0.0,0.0,0.0,83.57074,0.0,0.0,0.0,0.0,-1.5707964,0.0
1970-01-01 00:00:00.839188673,0.839188673,0.0,0.0,0.0,0.0,0.0,356.33105,0.0,0.0,-1.5707964,0.0
1970-01-01 00:00:00.839275923,0.839275923,0.0,0.0,0.0,0.0,132.34889,0.0,0.0,0.0,-1.5707964,0.0
1970-01-01 00:00:00.840147674,0.840147674,0.0,0.0,112.47523,0.0,0.0,0.0,0.0,0.0,-1.5707964,0.0
1970-01-01 00:00:00.841925663,0.841925663,0.0,0.0,0.0,0.0,0.0,202.48167,0.0,0.0,-1.5707964,0.0
1970-01-01 00:00:00.841953707,0.841953707,0.0,0.0,297.99826,0.0,0.0,0.0,0.0,0.0,-1.5707964,0.0
1970-01-01 00:00:00.842259092,0.842259092,0.0,0.0,0.0,362.83035,0.0,0.0,0.0,0.0,-1.5707964,0.0
1970-01-01 00:00:00.843658383,0.843658383,0.0,0.0,0.0,116.86861,0.0,0.0,0.0,0.0,-1.5707964,0.0
1970-01-01 00:00:00.843862486,0.843862486,0.0,0.0,0.0,0.0,472.46475,0.0,0.0,0.0,-1.5707964,0.0
1970-01-01 00:00:00.844634893,0.844634893,0.0,0.0,166.00502,0.0,0.0,0.0,0.0,0.0,-1.5707964,0.0
1970-01-01 00:00:00.846281963,0.846281963,0.0,0.0,0.0,0.0,546.0832,0.0,0.0,0.0,-1.5707964,0.0
1970-01-01 00:00:00.846515334,0.846515334,0.0,0.0,0.0,0.0,83.63193,0.0,0.0,0.0,-1.5707964,0.0
1970-01-01 00:00:00.846949882,0.846949882,0.0,449.22775,0.0,0.0,0.0,0.0,0.0,0.0,-1.5707964,0.0
1970-01-01 00:00:00.847523372,0.847523372,0.0,0.0,0.0,0.0,0.0,222.82327,0.0,0.0,-1.5707964,0.0
1970-01-01 00:00:00.847528956,0.847528956,439.14725,0.0,0.0,0.0,0.0,0.0,0.0,0.0,-1.5707964,0.0
1970-01-01 00:00:00.848463063,0.848463063,0.0,0.0,0.0,0.0,82.79739,0.0,0.0,0.0,-1.5707964,0.0
1970-01-01 00:00:00.849874481,0.849874481,0.0,86.76266,0.0,0.0,0.0,0.0,0.0,0.0,-1.5707964,0.0
1970-01-01 00:00:00.849971787,0.849971787,0.0,0.0,0.0,0.0,1102.9335,0.0,0.0,0.0,-1.5707964,0.0
1970-01-01 00:00:00.852079710,0.85207971,0.0,0.0,0.0,146.54288,0.0,0.0,0.0,0.0,-1.5707964,0.0
1970-01-01 00:00:00.852401672,0.852401672,0.0,2434.573,0.0,0.0,0.0,0.0,0.0,0.0,-1.5707964,0.0
1970-01-01 00:00:00.853756342,0.853756342,0.0,0.0,0.0,666.9115,0.0,0.0,0.0,0.0,-1.5707964,0.0
1970-01-01 00:00:00.855549135,0.855549135,0.0,0.0,0.0,0.0,0.0,554.8259,0.0,0.0,-1.5707964,0.0
1970-01-01 00:00:00.861355188,0.861355188,0.0,0.0,0.0,0.0,0.0,1598.5684,0.0,0.0,-1.5707964,0.0
1970-01-01 00:00:00.865301153,0.865301153,0.0,304.57303,0.0,0.0,0.0,0.0,0.0,0.0,-1.5707964,0.0
1970-01-01 00:00:00.869552705,0.869552705,0.0,549.0219,0.0,0.0,0.0,0.0,0.0,0.0,-1.5707964,0.0
1970-01-01 00:00:00.869552705,0.869552705,0.0,495.69012,0.0,0.0,0.0,0.0,0.0,0.0,-1.5707964,0.0
1970-01-01 00:00:00.870130777,0.870130777,0.0,0.0,276.20673,0.0,0.0,0.0,0.0,0.0,-1.5707964,0.0
1970-01-01 00:00:00.870705377,0.870705377,0.0,0.0,240.03471,0.0,0.0,0.0,0.0,0.0,-1.5707964,0.0
1970-01-01 00:00:00.871969745,0.871969745,0.0,0.0,159.30559,0.0,0.0,0.0,0.0,0.0,-1.5707964,0.0
1970-01-01 00:00:00.872567070,0.87256707,0.0,0.0,910.2009,0.0,0.0,0.0,0.0,0.0,-1.5707964,0.0
1970-01-01 00:00:00.872721739,0.872721739,0.0,0.0,172.96548,0.0,0.0,0.0,0.0,0.0,-1.5707964,0.0
1970-01-01 00:00:00.873691622,0.873691622,0.0,0.0,0.0,270.46042,0.0,0.0,0.0,0.0,-1.5707964,0.0
1970-01-01 00:00:00.874976082,0.874976082,0.0,0.0,1991.4613,0.0,0.0,0.0,0.0,0.0,-1.5707964,0.0
1970-01-01 00:00:00.876048800,0.8760488,0.0,0.0,397.3321,0.0,0.0,0.0,0.0,0.0,-1.5707964,0.0
1970-01-01 00:00:00.876139694,0.876139694,0.0,0.0,0.0,729.4042,0.0,0.0,0.0,0.0,-1.5707964,0.0
1970-01-01 00:00:00.877648136,0.877648136,0.0,0.0,323.80734,0.0,0.0,0.0,0.0,0.0,-1.5707964,0.0
1970-01-01 00:00:00.877802091,0.877802091,0.0,0.0,299.59283,0.0,0.0,0.0,0.0,0.0,-1.5707964,0.0
1970-01-01 00:00:00.878587218,0.878587218,0.0,0.0,147.89626,0.0,0.0,0.0,0.0,0.0,-1.5707964,0.0
1970-01-01 00:00:00.883626241,0.883626241,0.0,165.63297,0.0,0.0,0.0,0.0,0.0,0.0,-1.5707964,0.0
1970-01-01 00:00:00.883971904,0.883971904,0.0,0.0,0.0,0.0,276.51733,0.0,0.0,0.0,-1.5707964,0.0
1970-01-01 00:00:00.884424914,0.884424914,0.0,0.0,0.0,0.0,0.0,164.86835,0.0,0.0,-1.5707964,0.0
1970-01-01 00:00:00.885292826,0.885292826,0.0,493.311,0.0,0.0,0.0,0.0,0.0,0.0,-1.5707964,0.0
