datetime,timestamp[s],bgo_z1[keV],bgo_z0[keV],bgo_x1[keV],bgo_x0[keV],bgo_y1[keV],bgo_y0[keV],latX,lonX,latZ,lonZ
1970-01-01 00:00:00.000634480,0.00063448,0.0,0.0,176.86908,0.0,0.0,0.0,0.0,0.0,-1.5707964,0.0
1970-01-01 00:00:00.002168042,0.002168042,0.0,80.875206,0.0,0.0,0.0,0.0,0.0,0.0,-1.5707964,0.0
1970-01-01 00:00:00.005494734,0.005494734,0.0,0.0,0.0,119.852356,0.0,0.0,0.0,0.0,-1.5707964,0.0
1970-01-01 00:00:00.014011062,0.014011062,88.70057,0.0,0.0,0.0,0.0,0.0,0.0,0.0,-1.5707964,0.0
1970-01-01 00:00:00.016289411,0.016289411,0.0,0.0,0.0,95.792564,0.0,0.0,0.0,0.0,-1.5707964,0.0
1970-01-01 00:00:00.018708263,0.018708263,0.0,213.68062,0.0,0.0,0.0,0.0,0.0,0.0,-1.5707964,0.0
1970-01-01 00:00:00.018905050,0.01890505,0.0,0.0,0.0,0.0,0.0,157.68367,0.0,0.0,-1.5707964,0.0
1970-01-01 00:00:00.018936613,0.018936613,144.65277,0.0,0.0,0.0,0.0,0.0,0.0,0.0,-1.5707964,0.0
1970-01-01 00:00:00.019929602,0.019929602,0.0,0.0,0.0,0.0,163.92896,0.0,0.0,0.0,-1.5707964,0.0
1970-01-01 00:00:00.024300013,0.024300013,0.0,91.18081,0.0,0.0,0.0,0.0,0.0,0.0,-1.5707964,0.0
1970-01-01 00:00:00.028078343,0.028078343,0.0,0.0,0.0,0.0,105.415924,0.0,0.0,0.0,-1.5707964,0.0
1970-01-01 00:00:00.034242617,0.034242617,0.0,0.0,0.0,126.86346,0.0,0.0,0.0,0.0,-1.5707964,0.0
1970-01-01 00:00:00.034989954,0.034989954,0.0,123.26697,0.0,0.0,0.0,0.0,0.0,0.0,-1.5707964,0.0
1970-01-01 00:00:00.036156767,0.036156767,0.0,0.0,0.0,0.0,90.521194,0.0,0.0,0.0,-1.5707964,0.0
1970-01-01 00:00:00.036752086,0.036752086,0.0,90.87977,0.0,0.0,0.0,0.0,0.0,0.0,-1.5707964,0.0
1970-01-01 00:00:00.037305938,0.037305938,0.0,90.77314,0.0,0.0,0.0,0.0,0.0,0.0,-1.5707964,0.0
1970-01-01 00:00:00.041069421,0.041069421,0.0,0.0,0.0,0.0,146.60591,0.0,0.0,0.0,-1.5707964,0.0
1970-01-01 00:00:00.042430753,0.042430753,0.0,597.3096,0.0,0.0,0.0,0.0,0.0,0.0,-1.5707964,0.0
1970-01-01 00:00:00.042859610,0.04285961,215.35886,0.0,0.0,0.0,0.0,0.0,0.0,0.0,-1.5707964,0.0
1970-01-01 00:00:00.044018707,0.044018707,0.0,95.831535,0.0,0.0,0.0,0.0,0.0,0.0,-1.5707964,0.0
1970-01-01 00:00:00.044503355,0.044503355,0.0,0.0,0.0,134.6933,0.0,0.0,0.0,0.0,-1.5707964,0.0
1970-01-01 00:00:00.044759704,0.044759704,0.0,0.0,94.66349,0.0,0.0,0.0,0.0,0.0,-1.5707964,0.0
1970-01-01 00:00:00.045055413,0.045055413,0.0,0.0,0.0,189.98091,0.0,0.0,0.0,0.0,-1.5707964,0.0
1970-01-01 00:00:00.045462323,0.045462323,0.0,93.48136,0.0,0.0,0.0,0.0,0.0,0.0,-1.5707964,0.0
1970-01-01 00:00:00.045556116,0.045556116,0.0,205.42145,0.0,0.0,0.0,0.0,0.0,0.0,-1.5707964,0.0
1970-01-01 00:00:00.046112454,0.046112454,144.50923,0.0,0.0,0.0,0.0,0.0,0.0,0.0,-1.5707964,0.0
1970-01-01 00:00:00.046313224,0.046313224,0.0,118.5834,0.0,0.0,0.0,0.0,0.0,0.0,-1.5707964,0.0
1970-01-01 00:00:00.048020562,0.048020562,0.0,0.0,0.0,0.0,147.26459,0.0,0.0,0.0,-1.5707964,0.0
1970-01-01 00:00:00.048585100,0.0485851,0.0,0.0,0.0,92.38578,0.0,0.0,0.0,0.0,-1.5707964,0.0
1970-01-01 00:00:00.051246328,0.051246328,0.0,0.0,0.0,101.03332,0.0,0.0,0.0,0.0,-1.5707964,0.0
1970-01-01 00:00:00.052892254,0.052892254,295.87323,0.0,0.0,0.0,0.0,0.0,0.0,0.0,-1.5707964,0.0
1970-01-01 00:00:00.053135450,0.05313545,0.0,0.0,0.0,0.0,144.0055,0.0,0.0,0.0,-1.5707964,0.0
1970-01-01 00:00:00.057798634,0.057798634,0.0,0.0,0.0,0.0,0.0,197.70197,0.0,0.0,-1.5707964,0.0
1970-01-01 00:00:00.058471451,0.058471451,0.0,347.26788,0.0,0.0,0.0,0.0,0.0,0.0,-1.5707964,0.0
1970-01-01 00:00:00.064369857,0.064369857,216.47879,0.0,0.0,0.0,0.0,0.0,0.0,0.0,-1.5707964,0.0
1970-01-01 00:00:00.066230785,0.066230785,0.0,204.36278,0.0,0.0,0.0,0.0,0.0,0.0,-1.5707964,0.0
1970-01-01 00:00:00.068413449,0.068413449,0.0,0.0,96.40108,0.0,0.0,0.0,0.0,0.0,-1.5707964,0.0
1970-01-01 00:00:00.068444360,0.06844436,154.06345,0.0,0.0,0.0,0.0,0.0,0.0,0.0,-1.5707964,0.0
1970-01-01 00:00:00.071877218,0.071877218,0.0,396.40173,0.0,0.0,0.0,0.0,0.0,0.0,-1.5707964,0.0
1970-01-01 00:00:00.074603633,0.074603633,276.2383,0.0,0.0,0.0,0.0,0.0,0.0,0.0,-1.5707964,0.0
1970-01-01 00:00:00.074959053,0.074959053,0.0,0.0,0.0,104.62749,0.0,0.0,0.0,0.0,-1.5707964,0.0
1970-01-01 00:00:00.075236734,0.075236734,0.0,0.0,0.0,124.92601,0.0,0.0,0.0,0.0,-1.5707964,0.0
1970-01-01 00:00:00.076688521,0.076688521,0.0,0.0,0.0,0.0,147.37457,0.0,0.0,0.0,-1.5707964,0.0
1970-01-01 00:00:00.076792800,0.0767928,0.0,0.0,0.0,275.78616,0.0,0.0,0.0,0.0,-1.5707964,0.0
1970-01-01 00:00:00.078737176,0.078737176,0.0,133.92433,0.0,0.0,0.0,0.0,0.0,0.0,-1.5707964,0.0
1970-01-01 00:00:00.079311060,0.07931106,0.0,0.0,0.0,116.883965,0.0,0.0,0.0,0.0,-1.5707964,0.0
1970-01-01 00:00:00.079444610,0.07944461,0.0,0.0,0.0,0.0,220.20534,0.0,0.0,0.0,-1.5707964,0.0
1970-01-01 00:00:00.079699149,0.079699149,86.61131,0.0,0.0,0.0,0.0,0.0,0.0,0.0,-1.5707964,0.0
1970-01-01 00:00:00.081080340,0.08108034,0.0,0.0,0.0,285.10413,0.0,0.0,0.0,0.0,-1.5707964,0.0
1970-01-01 00:00:00.081320334,0.081320334,0.0,0.0,0.0,142.21071,0.0,0.0,0.0,0.0,-1.5707964,0.0
1970-01-01 00:00:00.082111202,0.082111202,0.0,0.0,0.0,91.450485,0.0,0.0,0.0,0.0,-1.5707964,0.0
1970-01-01 00:00:00.082784854,0.082784854,0.0,123.86321,0.0,0.0,0.0,0.0,0.0,0.0,-1.5707964,0.0
1970-01-01 00:00:00.083183410,0.08318341,0.0,181.4793,0.0,0.0,0.0,0.0,0.0,0.0,-1.5707964,0.0
1970-01-01 00:00:00.087181631,0.087181631,82.08793,0.0,0.0,0.0,0.0,0.0,0.0,0.0,-1.5707964,0.0
1970-01-01 00:00:00.087684874,0.087684874,0.0,125.3478,0.0,0.0,0.0,0.0,0.0,0.0,-1.5707964,0.0
1970-01-01 00:00:00.088012119,0.088012119,92.63478,0.0,0.0,0.0,0.0,0.0,0.0,0.0,-1.5707964,0.0
1970-01-01 00:00:00.088896228,0.088896228,0.0,87.8981,0.0,0.0,0.0,0.0,0.0,0.0,-1.5707964,0.0
1970-01-01 00:00:00.090351441,0.090351441,0.0,0.0,0.0,0.0,303.25003,0.0,0.0,0.0,-1.5707964,0.0
1970-01-01 00:00:00.090863841,0.090863841,145.88986,0.0,0.0,0.0,0.0,0.0,0.0,0.0,-1.5707964,0.0
1970-01-01 00:00:00.091459319,0.091459319,0.0,0.0,0.0,0.0,102.1415,0.0,0.0,0.0,-1.5707964,0.0
1970-01-01 00:00:00.091862050,0.09186205,0.0,179.63869,0.0,0.0,0.0,0.0,0.0,0.0,-1.5707964,0.0
1970-01-01 00:00:00.092785686,0.092785686,0.0,213.75005,0.0,0.0,0.0,0.0,0.0,0.0,-1.5707964,0.0
1970-01-01 00:00:00.094170328,0.094170328,0.0,0.0,0.0,0.0,0.0,211.91516,0.0,0.0,-1.5707964,0.0
1970-01-01 00:00:00.094480237,0.094480237,90.06465,0.0,0.0,0.0,0.0,0.0,0.0,0.0,-1.5707964,0.0
1970-01-01 00:00:00.095191346,0.095191346,92.58236,0.0,0.0,0.0,0.0,0.0,0.0,0.0,-1.5707964,0.0
1970-01-01 00:00:00.095403216,0.095403216,0.0,0.0,0.0,0.0,160.19447,0.0,0.0,0.0,-1.5707964,0.0
1970-01-01 00:00:00.096340398,0.096340398,251.68497,0.0,0.0,0.0,0.0,0.0,0.0,0.0,-1.5707964,0.0
1970-01-01 00:00:00.096898936,0.096898936,0.0,145.74435,0.0,0.0,0.0,0.0,0.0,0.0,-1.5707964,0.0
1970-01-01 00:00:00.096955824,0.096955824,0.0,0.0,0.0,0.0,95.35849,0.0,0.0,0.0,-1.5707964,0.0
1970-01-01 00:00:00.097403211,0.097403211,0.0,188.02669,0.0,0.0,0.0,0.0,0.0,0.0,-1.5707964,0.0
1970-01-01 00:00:00.097472456,0.097472456,0.0,89.82283,0.0,0.0,0.0,0.0,0.0,0.0,-1.5707964,0.0
1970-01-01 00:00:00.097788961,0.097788961,0.0,198.03633,0.0,0.0,0.0,0.0,0.0,0.0,-1.5707964,0.0
1970-01-01 00:00:00.098123558,0.098123558,0.0,140.6934,0.0,0.0,0.0,0.0,0.0,0.0,-1.5707964,0.0
1970-01-01 00:00:00.098179165,0.098179165,0.0,193.94075,0.0,0.0,0.0,0.0,0.0,0.0,-1.5707964,0.0
1970-01-01 00:00:00.098358429,0.098358429,84.220314,0.0,0.0,0.0,0.0,0.0,0.0,0.0,-1.5707964,0.0
1970-01-01 00:00:00.098831377,0.098831377,0.0,0.0,0.0,167.51474,0.0,0.0,0.0,0.0,-1.5707964,0.0
1970-01-01 00:00:00.099705354,0.099705354,0.0,300.17343,0.0,0.0,0.0,0.0,0.0,0.0,-1.5707964,0.0
1970-01-01 00:00:00.099889045,0.099889045,0.0,0.0,0.0,0.0,84.5434,0.0,0.0,0.0,-1.5707964,0.0
1970-01-01 00:00:00.100037169,0.100037169,0.0,0.0,0.0,114.18146,0.0,0.0,0.0,0.0,-1.5707964,0.0
1970-01-01 00:00:00.100323804,0.100323804,0.0,0.0,0.0,0.0,507.38962,0.0,0.0,0.0,-1.5707964,0.0
1970-01-01 00:00:00.100914541,0.100914541,0.0,134.02448,0.0,0.0,0.0,0.0,0.0,0.0,-1.5707964,0.0
1970-01-01 00:00:00.101154253,0.101154253,0.0,0.0,0.0,0.0,199.7051,0.0,0.0,0.0,-1.5707964,0.0
1970-01-01 00:00:00.101657454,0.101657454,0.0,0.0,0.0,148.21623,0.0,0.0,0.0,0.0,-1.5707964,0.0
1970-01-01 00:00:00.101675444,0.101675444,0.0,88.04355,0.0,0.0,0.0,0.0,0.0,0.0,-1.5707964,0.0
1970-01-01 00:00:00.102184174,0.102184174,144.3471,0.0,0.0,0.0,0.0,0.0,0.0,0.0,-1.5707964,0.0
1970-01-01 00:00:00.102773319,0.102773319,0.0,215.4914,0.0,0.0,0.0,0.0,0.0,0.0,-1.5707964,0.0
1970-01-01 00:00:00.105416937,0.105416937,0.0,176.11475,0.0,0.0,0.0,0.0,0.0,0.0,-1.5707964,0.0
1970-01-01 00:00:00.105603965,0.105603965,0.0,0.0,0.0,90.47109,0.0,0.0,0.0,0.0,-1.5707964,0.0
1970-01-01 00:00:00.107259978,0.107259978,160.35258,0.0,0.0,0.0,0.0,0.0,0.0,0.0,-1.5707964,0.0
1970-01-01 00:00:00.107620433,0.107620433,0.0,0.0,0.0,0.0,117.65995,0.0,0.0,0.0,-1.5707964,0.0
1970-01-01 00:00:00.109142775,0.109142775,0.0,0.0,0.0,338.3719,0.0,0.0,0.0,0.0,-1.5707964,0.0
1970-01-01 00:00:00.109639265,0.109639265,0.0,0.0,0.0,140.34467,0.0,0.0,0.0,0.0,-1.5707964,0.0
1970-01-01 00:00:00.110297396,0.110297396,0.0,0.0,0.0,0.0,84.10034,0.0,0.0,0.0,-1.5707964,0.0
1970-01-01 00:00:00.110362207,0.110362207,0.0,98.08371,0.0,0.0,0.0,0.0,0.0,0.0,-1.5707964,0.0
1970-01-01 00:00:00.110395274,0.110395274,90.44048,0.0,0.0,0.0,0.0,0.0,0.0,0.0,-1.5707964,0.0
1970-01-01 00:00:00.111187959,0.111187959,0.0,0.0,0.0,0.0,277.21942,0.0,0.0,0.0,-1.5707964,0.0
1970-01-01 00:00:00.111673970,0.11167397,0.0,247.05927,0.0,0.0,0.0,0.0,0.0,0.0,-1.5707964,0.0
1970-01-01 00:00:00.111909691,0.111909691,0.0,80.09204,0.0,0.0,0.0,0.0,0.0,0.0,-1.5707964,0.0
1970-01-01 00:00:00.112652948,0.112652948,0.0,0.0,0.0,0.0,400.69937,0.0,0.0,0.0,-1.5707964,0.0
1970-01-01 00:00:00.113344759,0.113344759,0.0,142.60054,0.0,0.0,0.0,0.0,0.0,0.0,-1.5707964,0.0
1970-01-01 00:00:00.114351474,0.114351474,80.033424,0.0,0.0,0.0,0.0,0.0,0.0,0.0,-1.5707964,0.0
1970-01-01 00:00:00.115214630,0.11521463,0.0,132.9421,0.0,0.0,0.0,0.0,0.0,0.0,-1.5707964,0.0
1970-01-01 00:00:00.116226525,0.116226525,0.0,211.69373,0.0,0.0,0.0,0.0,0.0,0.0,-1.5707964,0.0
1970-01-01 00:00:00.116628423,0.116628423,285.41483,0.0,0.0,0.0,0.0,0.0,0.0,0.0,-1.5707964,0.0
1970-01-01 00:00:00.116799863,0.116799863,0.0,0.0,0.0,0.0,371.29483,0.0,0.0,0.0,-1.5707964,0.0
1970-01-01 00:00:00.120617139,0.120617139,0.0,108.648384,0.0,0.0,0.0,0.0,0.0,0.0,-1.5707964,0.0
1970-01-01 00:00:00.120862315,0.120862315,0.0,0.0,0.0,0.0,162.35774,0.0,0.0,0.0,-1.5707964,0.0
1970-01-01 00:00:00.121472663,0.121472663,0.0,0.0,0.0,0.0,106.63445,0.0,0.0,0.0,-1.5707964,0.0
1970-01-01 00:00:00.121490754,0.121490754,156.39252,0.0,0.0,0.0,0.0,0.0,0.0,0.0,-1.5707964,0.0
1970-01-01 00:00:00.123113726,0.123113726,0.0,0.0,0.0,159.57147,0.0,0.0,0.0,0.0,-1.5707964,0.0
1970-01-01 00:00:00.123313606,0.123313606,0.0,115.10165,0.0,0.0,0.0,0.0,0.0,0.0,-1.5707964,0.0
1970-01-01 00:00:00.123893333,0.123893333,0.0,0.0,0.0,91.14371,0.0,0.0,0.0,0.0,-1.5707964,0.0
1970-01-01 00:00:00.124115681,0.124115681,0.0,0.0,0.0,0.0,274.95596,0.0,0.0,0.0,-1.5707964,0.0
1970-01-01 00:00:00.124417326,0.124417326,0.0,258.0978,0.0,0.0,0.0,0.0,0.0,0.0,-1.5707964,0.0
1970-01-01 00:00:00.124939155,0.124939155,0.0,0.0,0.0,0.0,313.738,0.0,0.0,0.0,-1.5707964,0.0
1970-01-01 00:00:00.125316519,0.12531652,88.75519,0.0,0.0,0.0,0.0,0.0,0.0,0.0,-1.5707964,0.0
1970-01-01 00:00:00.125383493,0.125383493,0.0,0.0,0.0,0.0,201.09514,0.0,0.0,0.0,-1.5707964,0.0
1970-01-01 00:00:00.125455684,0.125455684,0.0,0.0,0.0,166.20709,0.0,0.0,0.0,0.0,-1.5707964,0.0
1970-01-01 00:00:00.126721091,0.126721091,0.0,0.0,0.0,0.0,119.85977,0.0,0.0,0.0,-1.5707964,0.0
1970-01-01 00:00:00.127210118,0.127210118,125.53474,0.0,0.0,0.0,0.0,0.0,0.0,0.0,-1.5707964,0.0
1970-01-01 00:00:00.127928122,0.127928122,0.0,151.44423,0.0,0.0,0.0,0.0,0.0,0.0,-1.5707964,0.0
1970-01-01 00:00:00.127971712,0.127971713,0.0,268.56412,0.0,0.0,0.0,0.0,0.0,0.0,-1.5707964,0.0
1970-01-01 00:00:00.128490477,0.128490478,0.0,82.63939,0.0,0.0,0.0,0.0,0.0,0.0,-1.5707964,0.0
1970-01-01 00:00:00.130166175,0.130166175,0.0,182.94351,0.0,0.0,0.0,0.0,0.0,0.0,-1.5707964,0.0
1970-01-01 00:00:00.130358299,0.130358299,0.0,89.85122,0.0,0.0,0.0,0.0,0.0,0.0,-1.5707964,0.0
1970-01-01 00:00:00.130463880,0.13046388,97.04413,0.0,0.0,0.0,0.0,0.0,0.0,0.0,-1.5707964,0.0
1970-01-01 00:00:00.132401111,0.132401112,0.0,104.403275,0.0,0.0,0.0,0.0,0.0,0.0,-1.5707964,0.0
1970-01-01 00:00:00.133365717,0.133365717,233.00896,0.0,0.0,0.0,0.0,0.0,0.0,0.0,-1.5707964,0.0
1970-01-01 00:00:00.133778956,0.133778956,144.6493,0.0,0.0,0.0,0.0,0.0,0.0,0.0,-1.5707964,0.0
1970-01-01 00:00:00.134867453,0.134867453,156.98624,0.0,0.0,0.0,0.0,0.0,0.0,0.0,-1.5707964,0.0
1970-01-01 00:00:00.134993613,0.134993613,92.14189,0.0,0.0,0.0,0.0,0.0,0.0,0.0,-1.5707964,0.0
1970-01-01 00:00:00.135021412,0.135021412,0.0,167.91579,0.0,0.0,0.0,0.0,0.0,0.0,-1.5707964,0.0
1970-01-01 00:00:00.135511487,0.135511487,0.0,0.0,0.0,174.63814,0.0,0.0,0.0,0.0,-1.5707964,0.0
1970-01-01 00:00:00.135810388,0.135810388,245.56807,0.0,0.0,0.0,0.0,0.0,0.0,0.0,-1.5707964,0.0
1970-01-01 00:00:00.135898250,0.13589825,0.0,90.09579,0.0,0.0,0.0,0.0,0.0,0.0,-1.5707964,0.0
1970-01-01 00:00:00.136310204,0.136310204,0.0,0.0,0.0,94.33956,0.0,0.0,0.0,0.0,-1.5707964,0.0
1970-01-01 00:00:00.139048244,0.139048244,0.0,85.13096,0.0,0.0,0.0,0.0,0.0,0.0,-1.5707964,0.0
1970-01-01 00:00:00.139517736,0.139517736,0.0,80.20497,0.0,0.0,0.0,0.0,0.0,0.0,-1.5707964,0.0
1970-01-01 00:00:00.139949742,0.139949742,161.57242,0.0,0.0,0.0,0.0,0.0,0.0,0.0,-1.5707964,0.0
1970-01-01 00:00:00.140142853,0.140142853,0.0,91.453896,0.0,0.0,0.0,0.0,0.0,0.0,-1.5707964,0.0
1970-01-01 00:00:00.141549804,0.141549804,0.0,139.42424,0.0,0.0,0.0,0.0,0.0,0.0,-1.5707964,0.0
1970-01-01 00:00:00.141639736,0.141639736,164.58125,0.0,0.0,0.0,0.0,0.0,0.0,0.0,-1.5707964,0.0
1970-01-01 00:00:00.142230829,0.142230829,0.0,0.0,0.0,0.0,88.80174,0.0,0.0,0.0,-1.5707964,0.0
1970-01-01 00:00:00.143035435,0.143035435,0.0,191.19885,0.0,0.0,0.0,0.0,0.0,0.0,-1.5707964,0.0
1970-01-01 00:00:00.143771068,0.143771068,0.0,287.95352,0.0,0.0,0.0,0.0,0.0,0.0,-1.5707964,0.0
1970-01-01 00:00:00.144878463,0.144878463,0.0,0.0,0.0,0.0,90.19652,0.0,0.0,0.0,-1.5707964,0.0
1970-01-01 00:00:00.145143730,0.14514373,0.0,0.0,0.0,0.0,83.94456,0.0,0.0,0.0,-1.5707964,0.0
1970-01-01 00:00:00.145800475,0.145800475,0.0,223.82858,0.0,0.0,0.0,0.0,0.0,0.0,-1.5707964,0.0
1970-01-01 00:00:00.146058189,0.146058189,0.0,115.10224,0.0,0.0,0.0,0.0,0.0,0.0,-1.5707964,0.0
1970-01-01 00:00:00.147434712,0.147434712,0.0,0.0,0.0,95.40086,0.0,0.0,0.0,0.0,-1.5707964,0.0
1970-01-01 00:00:00.148023049,0.148023049,0.0,84.42263,0.0,0.0,0.0,0.0,0.0,0.0,-1.5707964,0.0
1970-01-01 00:00:00.151832084,0.151832084,0.0,0.0,0.0,89.63331,0.0,0.0,0.0,0.0,-1.5707964,0.0
1970-01-01 00:00:00.152293946,0.152293946,0.0,0.0,0.0,0.0,0.0,86.79653,0.0,0.0,-1.5707964,0.0
1970-01-01 00:00:00.153039606,0.153039606,88.6538,0.0,0.0,0.0,0.0,0.0,0.0,0.0,-1.5707964,0.0
1970-01-01 00:00:00.153505528,0.153505528,0.0,127.11583,0.0,0.0,0.0,0.0,0.0,0.0,-1.5707964,0.0
1970-01-01 00:00:00.154235392,0.154235392,0.0,243.41902,0.0,0.0,0.0,0.0,0.0,0.0,-1.5707964,0.0
1970-01-01 00:00:00.154617627,0.154617627,0.0,0.0,0.0,111.38809,0.0,0.0,0.0,0.0,-1.5707964,0.0
1970-01-01 00:00:00.154633536,0.154633536,0.0,0.0,0.0,0.0,118.100525,0.0,0.0,0.0,-1.5707964,0.0
1970-01-01 00:00:00.154707805,0.154707805,176.0148,0.0,0.0,0.0,0.0,0.0,0.0,0.0,-1.5707964,0.0
1970-01-01 00:00:00.155478270,0.15547827,0.0,0.0,0.0,0.0,108.76389,0.0,0.0,0.0,-1.5707964,0.0
1970-01-01 00:00:00.155768409,0.155768409,467.72546,0.0,0.0,0.0,0.0,0.0,0.0,0.0,-1.5707964,0.0
1970-01-01 00:00:00.156279158,0.156279158,0.0,0.0,0.0,0.0,100.26639,0.0,0.0,0.0,-1.5707964,0.0
1970-01-01 00:00:00.156574891,0.156574891,108.136955,0.0,0.0,0.0,0.0,0.0,0.0,0.0,-1.5707964,0.0
1970-01-01 00:00:00.156807796,0.156807796,0.0,0.0,0.0,0.0,129.1469,0.0,0.0,0.0,-1.5707964,0.0
1970-01-01 00:00:00.156885764,0.156885764,0.0,97.26146,0.0,0.0,0.0,0.0,0.0,0.0,-1.5707964,0.0
1970-01-01 00:00:00.157022986,0.157022986,0.0,161.89645,0.0,0.0,0.0,0.0,0.0,0.0,-1.5707964,0.0
1970-01-01 00:00:00.157069521,0.157069521,80.19005,0.0,0.0,0.0,0.0,0.0,0.0,0.0,-1.5707964,0.0
1970-01-01 00:00:00.157969306,0.157969306,0.0,126.34147,0.0,0.0,0.0,0.0,0.0,0.0,-1.5707964,0.0
1970-01-01 00:00:00.158419909,0.158419909,104.99892,0.0,0.0,0.0,0.0,0.0,0.0,0.0,-1.5707964,0.0
1970-01-01 00:00:00.159845525,0.159845525,0.0,0.0,0.0,0.0,0.0,211.73015,0.0,0.0,-1.5707964,0.0
1970-01-01 00:00:00.161456649,0.161456649,0.0,158.90753,0.0,0.0,0.0,0.0,0.0,0.0,-1.5707964,0.0
1970-01-01 00:00:00.161463466,0.161463466,0.0,151.76978,0.0,0.0,0.0,0.0,0.0,0.0,-1.5707964,0.0
1970-01-01 00:00:00.161743806,0.161743806,0.0,0.0,0.0,0.0,288.43597,0.0,0.0,0.0,-1.5707964,0.0
1970-01-01 00:00:00.162142944,0.162142944,0.0,130.66031,0.0,0.0,0.0,0.0,0.0,0.0,-1.5707964,0.0
1970-01-01 00:00:00.162186881,0.162186881,84.420204,0.0,0.0,0.0,0.0,0.0,0.0,0.0,-1.5707964,0.0
1970-01-01 00:00:00.162524710,0.16252471,0.0,251.94052,0.0,0.0,0.0,0.0,0.0,0.0,-1.5707964,0.0
1970-01-01 00:00:00.162954610,0.16295461,0.0,0.0,0.0,80.23375,0.0,0.0,0.0,0.0,-1.5707964,0.0
1970-01-01 00:00:00.163547744,0.163547744,0.0,138.5014,0.0,0.0,0.0,0.0,0.0,0.0,-1.5707964,0.0
1970-01-01 00:00:00.164469526,0.164469526,0.0,0.0,0.0,0.0,0.0,124.26415,0.0,0.0,-1.5707964,0.0
1970-01-01 00:00:00.164821509,0.164821509,0.0,0.0,0.0,0.0,242.4421,0.0,0.0,0.0,-1.5707964,0.0
1970-01-01 00:00:00.164826403,0.164826403,0.0,136.28998,0.0,0.0,0.0,0.0,0.0,0.0,-1.5707964,0.0
1970-01-01 00:00:00.167124163,0.167124163,0.0,118.16484,0.0,0.0,0.0,0.0,0.0,0.0,-1.5707964,0.0
1970-01-01 00:00:00.167295739,0.167295739,0.0,105.865974,0.0,0.0,0.0,0.0,0.0,0.0,-1.5707964,0.0
1970-01-01 00:00:00.167691753,0.167691753,0.0,154.99509,0.0,0.0,0.0,0.0,0.0,0.0,-1.5707964,0.0
1970-01-01 00:00:00.168275040,0.16827504,0.0,0.0,0.0,0.0,147.9348,0.0,0.0,0.0,-1.5707964,0.0
1970-01-01 00:00:00.169107893,0.169107893,0.0,157.3975,0.0,0.0,0.0,0.0,0.0,0.0,-1.5707964,0.0
1970-01-01 00:00:00.169511697,0.169511697,0.0,0.0,0.0,0.0,0.0,138.87495,0.0,0.0,-1.5707964,0.0
1970-01-01 00:00:00.170012399,0.170012399,0.0,0.0,0.0,0.0,96.05389,0.0,0.0,0.0,-1.5707964,0.0
1970-01-01 00:00:00.170173139,0.170173139,0.0,0.0,0.0,0.0,142.2164,0.0,0.0,0.0,-1.5707964,0.0
1970-01-01 00:00:00.170660380,0.17066038,0.0,199.67082,0.0,0.0,0.0,0.0,0.0,0.0,-1.5707964,0.0
1970-01-01 00:00:00.170916015,0.170916015,0.0,81.78416,0.0,0.0,0.0,0.0,0.0,0.0,-1.5707964,0.0
1970-01-01 00:00:00.172074901,0.172074901,0.0,0.0,100.47978,0.0,0.0,0.0,0.0,0.0,-1.5707964,0.0
1970-01-01 00:00:00.172182119,0.172182119,0.0,84.177765,0.0,0.0,0.0,0.0,0.0,0.0,-1.5707964,0.0
1970-01-01 00:00:00.172805952,0.172805952,0.0,184.13911,0.0,0.0,0.0,0.0,0.0,0.0,-1.5707964,0.0
1970-01-01 00:00:00.174631261,0.174631261,0.0,373.9529,0.0,0.0,0.0,0.0,0.0,0.0,-1.5707964,0.0
1970-01-01 00:00:00.174664102,0.174664102,0.0,91.48892,0.0,0.0,0.0,0.0,0.0,0.0,-1.5707964,0.0
1970-01-01 00:00:00.174923486,0.174923486,0.0,0.0,0.0,0.0,116.833824,0.0,0.0,0.0,-1.5707964,0.0
1970-01-01 00:00:00.176208700,0.1762087,0.0,0.0,0.0,0.0,252.69867,0.0,0.0,0.0,-1.5707964,0.0
1970-01-01 00:00:00.176339126,0.176339126,0.0,106.45678,0.0,0.0,0.0,0.0,0.0,0.0,-1.5707964,0.0
1970-01-01 00:00:00.176449298,0.176449298,0.0,91.02642,0.0,0.0,0.0,0.0,0.0,0.0,-1.5707964,0.0
1970-01-01 00:00:00.177312378,0.177312378,0.0,0.0,0.0,188.13467,0.0,0.0,0.0,0.0,-1.5707964,0.0
1970-01-01 00:00:00.177342679,0.177342679,0.0,0.0,0.0,0.0,0.0,127.79061,0.0,0.0,-1.5707964,0.0
1970-01-01 00:00:00.177882279,0.177882279,0.0,0.0,98.643005,0.0,0.0,0.0,0.0,0.0,-1.5707964,0.0
1970-01-01 00:00:00.178680962,0.178680962,0.0,0.0,0.0,0.0,0.0,162.98816,0.0,0.0,-1.5707964,0.0
1970-01-01 00:00:00.178802283,0.178802283,0.0,0.0,0.0,0.0,165.0345,0.0,0.0,0.0,-1.5707964,0.0
1970-01-01 00:00:00.179559960,0.17955996,0.0,0.0,0.0,0.0,97.35548,0.0,0.0,0.0,-1.5707964,0.0
1970-01-01 00:00:00.179880849,0.179880849,0.0,0.0,0.0,0.0,138.82721,0.0,0.0,0.0,-1.5707964,0.0
1970-01-01 00:00:00.180729908,0.180729908,0.0,136.29874,0.0,0.0,0.0,0.0,0.0,0.0,-1.5707964,0.0
1970-01-01 00:00:00.181352213,0.181352213,0.0,84.50864,0.0,0.0,0.0,0.0,0.0,0.0,-1.5707964,0.0
1970-01-01 00:00:00.181591981,0.181591981,0.0,0.0,0.0,0.0,0.0,139.81604,0.0,0.0,-1.5707964,0.0
1970-01-01 00:00:00.182137138,0.182137138,0.0,0.0,0.0,0.0,205.28145,0.0,0.0,0.0,-1.5707964,0.0
1970-01-01 00:00:00.182720229,0.182720229,0.0,0.0,0.0,0.0,222.3239,0.0,0.0,0.0,-1.5707964,0.0
1970-01-01 00:00:00.182863682,0.182863682,0.0,0.0,0.0,0.0,0.0,195.13272,0.0,0.0,-1.5707964,0.0
1970-01-01 00:00:00.183811988,0.183811988,0.0,0.0,0.0,0.0,0.0,125.18677,0.0,0.0,-1.5707964,0.0
1970-01-01 00:00:00.183878094,0.183878094,0.0,0.0,0.0,0.0,0.0,154.97325,0.0,0.0,-1.5707964,0.0
1970-01-01 00:00:00.184522668,0.184522668,0.0,0.0,0.0,0.0,92.38118,0.0,0.0,0.0,-1.5707964,0.0
1970-01-01 00:00:00.184753844,0.184753844,0.0,106.23189,0.0,0.0,0.0,0.0,0.0,0.0,-1.5707964,0.0
1970-01-01 00:00:00.185710306,0.185710306,0.0,195.33138,0.0,0.0,0.0,0.0,0.0,0.0,-1.5707964,0.0
1970-01-01 00:00:00.185721432,0.185721432,0.0,84.86324,0.0,0.0,0.0,0.0,0.0,0.0,-1.5707964,0.0
1970-01-01 00:00:00.186329775,0.186329775,0.0,207.40393,0.0,0.0,0.0,0.0,0.0,0.0,-1.5707964,0.0
1970-01-01 00:00:00.186637712,0.186637712,0.0,0.0,0.0,0.0,81.28636,0.0,0.0,0.0,-1.5707964,0.0
1970-01-01 00:00:00.186863601,0.186863601,185.06923,0.0,0.0,0.0,0.0,0.0,0.0,0.0,-1.5707964,0.0
1970-01-01 00:00:00.187355385,0.187355385,0.0,157.01929,0.0,0.0,0.0,0.0,0.0,0.0,-1.5707964,0.0
1970-01-01 00:00:00.187648626,0.187648626,0.0,177.62263,0.0,0.0,0.0,0.0,0.0,0.0,-1.5707964,0.0
1970-01-01 00:00:00.187675544,0.187675544,0.0,0.0,0.0,0.0,82.61134,0.0,0.0,0.0,-1.5707964,0.0
1970-01-01 00:00:00.187942235,0.187942235,0.0,0.0,0.0,0.0,93.79517,0.0,0.0,0.0,-1.5707964,0.0
1970-01-01 00:00:00.188533312,0.188533312,127.08423,0.0,0.0,0.0,0.0,0.0,0.0,0.0,-1.5707964,0.0
1970-01-01 00:00:00.189662700,0.1896627,0.0,0.0,0.0,0.0,80.004585,0.0,0.0,0.0,-1.5707964,0.0
1970-01-01 00:00:00.189850096,0.189850096,0.0,0.0,0.0,0.0,86.565,0.0,0.0,0.0,-1.5707964,0.0
1970-01-01 00:00:00.191054487,0.191054487,0.0,0.0,0.0,0.0,80.79126,0.0,0.0,0.0,-1.5707964,0.0
1970-01-01 00:00:00.191237501,0.191237501,121.11925,0.0,0.0,0.0,0.0,0.0,0.0,0.0,-1.5707964,0.0
1970-01-01 00:00:00.191787494,0.191787494,204.1239,0.0,0.0,0.0,0.0,0.0,0.0,0.0,-1.5707964,0.0
1970-01-01 00:00:00.191852125,0.191852125,0.0,0.0,0.0,101.47216,0.0,0.0,0.0,0.0,-1.5707964,0.0
1970-01-01 00:00:00.191949047,0.191949047,0.0,138.8666,0.0,0.0,0.0,0.0,0.0,0.0,-1.5707964,0.0
1970-01-01 00:00:00.192766003,0.192766003,122.26293,0.0,0.0,0.0,0.0,0.0,0.0,0.0,-1.5707964,0.0
1970-01-01 00:00:00.194060679,0.194060679,0.0,0.0,0.0,80.468254,0.0,0.0,0.0,0.0,-1.5707964,0.0
1970-01-01 00:00:00.194419829,0.194419829,0.0,313.8763,0.0,0.0,0.0,0.0,0.0,0.0,-1.5707964,0.0
1970-01-01 00:00:00.194513554,0.194513554,0.0,0.0,0.0,0.0,99.95932,0.0,0.0,0.0,-1.5707964,0.0
1970-01-01 00:00:00.194719561,0.194719561,176.16327,0.0,0.0,0.0,0.0,0.0,0.0,0.0,-1.5707964,0.0
1970-01-01 00:00:00.195138835,0.195138835,0.0,0.0,0.0,246.18561,0.0,0.0,0.0,0.0,-1.5707964,0.0
1970-01-01 00:00:00.195533851,0.195533851,100.01227,0.0,0.0,0.0,0.0,0.0,0.0,0.0,-1.5707964,0.0
1970-01-01 00:00:00.195795456,0.195795456,111.31022,0.0,0.0,0.0,0.0,0.0,0.0,0.0,-1.5707964,0.0
1970-01-01 00:00:00.195819739,0.195819739,0.0,159.21613,0.0,0.0,0.0,0.0,0.0,0.0,-1.5707964,0.0
1970-01-01 00:00:00.196091349,0.196091349,143.40652,0.0,0.0,0.0,0.0,0.0,0.0,0.0,-1.5707964,0.0
1970-01-01 00:00:00.196489546,0.196489546,0.0,0.0,0.0,353.05255,0.0,0.0,0.0,0.0,-1.5707964,0.0
1970-01-01 00:00:00.196873670,0.19687367,0.0,0.0,104.8149,0.0,0.0,0.0,0.0,0.0,-1.5707964,0.0
1970-01-01 00:00:00.196925576,0.196925576,0.0,0.0,0.0,0.0,0.0,136.16321,0.0,0.0,-1.5707964,0.0
1970-01-01 00:00:00.197544580,0.19754458,0.0,0.0,0.0,89.308304,0.0,0.0,0.0,0.0,-1.5707964,0.0
1970-01-01 00:00:00.197731648,0.197731648,160.26468,0.0,0.0,0.0,0.0,0.0,0.0,0.0,-1.5707964,0.0
1970-01-01 00:00:00.197756101,0.197756101,0.0,90.20752,0.0,0.0,0.0,0.0,0.0,0.0,-1.5707964,0.0
1970-01-01 00:00:00.198371402,0.198371402,0.0,0.0,0.0,0.0,262.3352,0.0,0.0,0.0,-1.5707964,0.0
1970-01-01 00:00:00.198790686,0.198790686,0.0,169.5101,0.0,0.0,0.0,0.0,0.0,0.0,-1.5707964,0.0
1970-01-01 00:00:00.199917805,0.199917805,0.0,241.97728,0.0,0.0,0.0,0.0,0.0,0.0,-1.5707964,0.0
1970-01-01 00:00:00.200160196,0.200160196,120.06238,0.0,0.0,0.0,0.0,0.0,0.0,0.0,-1.5707964,0.0
1970-01-01 00:00:00.200679695,0.200679695,0.0,112.03567,0.0,0.0,0.0,0.0,0.0,0.0,-1.5707964,0.0
1970-01-01 00:00:00.201080774,0.201080774,0.0,0.0,211.59077,0.0,0.0,0.0,0.0,0.0,-1.5707964,0.0
1970-01-01 00:00:00.202819248,0.202819248,0.0,94.87058,0.0,0.0,0.0,0.0,0.0,0.0,-1.5707964,0.0
1970-01-01 00:00:00.203043211,0.203043211,0.0,0.0,0.0,0.0,263.93094,0.0,0.0,0.0,-1.5707964,0.0
1970-01-01 00:00:00.203378706,0.203378706,0.0,161.08733,0.0,0.0,0.0,0.0,0.0,0.0,-1.5707964,0.0
1970-01-01 00:00:00.203549267,0.203549267,0.0,88.30302,0.0,0.0,0.0,0.0,0.0,0.0,-1.5707964,0.0
1970-01-01 00:00:00.203781460,0.20378146,0.0,0.0,0.0,0.0,0.0,134.24023,0.0,0.0,-1.5707964,0.0
1970-01-01 00:00:00.204340712,0.204340712,98.245155,0.0,0.0,0.0,0.0,0.0,0.0,0.0,-1.5707964,0.0
1970-01-01 00:00:00.204488294,0.204488294,0.0,0.0,0.0,0.0,101.923294,0.0,0.0,0.0,-1.5707964,0.0
1970-01-01 00:00:00.204866960,0.20486696,0.0,323.11087,0.0,0.0,0.0,0.0,0.0,0.0,-1.5707964,0.0
1970-01-01 00:00:00.205077840,0.20507784,0.0,117.67195,0.0,0.0,0.0,0.0,0.0,0.0,-1.5707964,0.0
1970-01-01 00:00:00.205698483,0.205698483,0.0,92.37643,0.0,0.0,0.0,0.0,0.0,0.0,-1.5707964,0.0
1970-01-01 00:00:00.206090019,0.206090019,0.0,116.48424,0.0,0.0,0.0,0.0,0.0,0.0,-1.5707964,0.0
1970-01-01 00:00:00.206868912,0.206868912,0.0,0.0,0.0,0.0,86.869514,0.0,0.0,0.0,-1.5707964,0.0
1970-01-01 00:00:00.206877735,0.206877735,0.0,0.0,148.19421,0.0,0.0,0.0,0.0,0.0,-1.5707964,0.0
1970-01-01 00:00:00.206930984,0.206930984,0.0,104.5443,0.0,0.0,0.0,0.0,0.0,0.0,-1.5707964,0.0
1970-01-01 00:00:00.207203682,0.207203682,0.0,0.0,0.0,152.27565,0.0,0.0,0.0,0.0,-1.5707964,0.0
1970-01-01 00:00:00.207816214,0.207816214,260.42215,0.0,0.0,0.0,0.0,0.0,0.0,0.0,-1.5707964,0.0
1970-01-01 00:00:00.207840267,0.207840267,0.0,0.0,0.0,347.21307,0.0,0.0,0.0,0.0,-1.5707964,0.0
1970-01-01 00:00:00.208013403,0.208013403,102.837845,0.0,0.0,0.0,0.0,0.0,0.0,0.0,-1.5707964,0.0
1970-01-01 00:00:00.208705472,0.208705472,0.0,84.214516,0.0,0.0,0.0,0.0,0.0,0.0,-1.5707964,0.0
1970-01-01 00:00:00.210049624,0.210049624,196.79776,0.0,0.0,0.0,0.0,0.0,0.0,0.0,-1.5707964,0.0
1970-01-01 00:00:00.210462915,0.210462915,0.0,105.68522,0.0,0.0,0.0,0.0,0.0,0.0,-1.5707964,0.0
1970-01-01 00:00:00.211687688,0.211687688,0.0,93.63955,0.0,0.0,0.0,0.0,0.0,0.0,-1.5707964,0.0
1970-01-01 00:00:00.212181963,0.212181963,0.0,135.08086,0.0,0.0,0.0,0.0,0.0,0.0,-1.5707964,0.0
1970-01-01 00:00:00.212624119,0.212624119,0.0,276.7372,0.0,0.0,0.0,0.0,0.0,0.0,-1.5707964,0.0
1970-01-01 00:00:00.213208392,0.213208392,0.0,0.0,0.0,0.0,133.61452,0.0,0.0,0.0,-1.5707964,0.0
1970-01-01 00:00:00.213736186,0.213736186,100.07089,0.0,0.0,0.0,0.0,0.0,0.0,0.0,-1.5707964,0.0
1970-01-01 00:00:00.214053406,0.214053406,0.0,89.62567,0.0,0.0,0.0,0.0,0.0,0.0,-1.5707964,0.0
1970-01-01 00:00:00.214139831,0.214139831,0.0,0.0,0.0,0.0,268.56674,0.0,0.0,0.0,-1.5707964,0.0
1970-01-01 00:00:00.214955103,0.214955103,0.0,154.42473,0.0,0.0,0.0,0.0,0.0,0.0,-1.5707964,0.0
1970-01-01 00:00:00.215744142,0.215744142,123.573135,0.0,0.0,0.0,0.0,0.0,0.0,0.0,-1.5707964,0.0
1970-01-01 00:00:00.215822302,0.215822302,0.0,0.0,0.0,204.0424,0.0,0.0,0.0,0.0,-1.5707964,0.0
1970-01-01 00:00:00.216649024,0.216649024,0.0,0.0,0.0,128.16112,0.0,0.0,0.0,0.0,-1.5707964,0.0
1970-01-01 00:00:00.216888391,0.216888391,0.0,92.660034,0.0,0.0,0.0,0.0,0.0,0.0,-1.5707964,0.0
1970-01-01 00:00:00.216978373,0.216978373,0.0,109.83697,0.0,0.0,0.0,0.0,0.0,0.0,-1.5707964,0.0
1970-01-01 00:00:00.217088136,0.217088136,0.0,0.0,0.0,0.0,83.66518,0.0,0.0,0.0,-1.5707964,0.0
1970-01-01 00:00:00.217445664,0.217445664,0.0,139.29684,0.0,0.0,0.0,0.0,0.0,0.0,-1.5707964,0.0
1970-01-01 00:00:00.217561565,0.217561565,178.91806,0.0,0.0,0.0,0.0,0.0,0.0,0.0,-1.5707964,0.0
1970-01-01 00:00:00.217846784,0.217846784,0.0,0.0,0.0,96.49763,0.0,0.0,0.0,0.0,-1.5707964,0.0
1970-01-01 00:00:00.218956338,0.218956338,0.0,137.76431,0.0,0.0,0.0,0.0,0.0,0.0,-1.5707964,0.0
1970-01-01 00:00:00.219231516,0.219231516,0.0,120.69633,0.0,0.0,0.0,0.0,0.0,0.0,-1.5707964,0.0
1970-01-01 00:00:00.220708737,0.220708737,0.0,0.0,0.0,99.29299,0.0,0.0,0.0,0.0,-1.5707964,0.0
1970-01-01 00:00:00.220709384,0.220709384,0.0,0.0,0.0,0.0,0.0,127.81192,0.0,0.0,-1.5707964,0.0
1970-01-01 00:00:00.220908043,0.220908043,0.0,0.0,0.0,0.0,203.08736,0.0,0.0,0.0,-1.5707964,0.0
1970-01-01 00:00:00.220943145,0.220943145,0.0,0.0,0.0,0.0,104.29643,0.0,0.0,0.0,-1.5707964,0.0
1970-01-01 00:00:00.221031756,0.221031756,0.0,0.0,0.0,0.0,0.0,138.31589,0.0,0.0,-1.5707964,0.0
1970-01-01 00:00:00.221820928,0.221820928,81.72148,0.0,0.0,0.0,0.0,0.0,0.0,0.0,-1.5707964,0.0
1970-01-01 00:00:00.222350678,0.222350678,0.0,156.69647,0.0,0.0,0.0,0.0,0.0,0.0,-1.5707964,0.0
1970-01-01 00:00:00.222494762,0.222494762,114.89373,0.0,0.0,0.0,0.0,0.0,0.0,0.0,-1.5707964,0.0
1970-01-01 00:00:00.222672774,0.222672774,0.0,0.0,0.0,214.00804,0.0,0.0,0.0,0.0,-1.5707964,0.0
1970-01-01 00:00:00.222724072,0.222724072,0.0,157.07042,0.0,0.0,0.0,0.0,0.0,0.0,-1.5707964,0.0
1970-01-01 00:00:00.223574357,0.223574357,0.0,188.49107,0.0,0.0,0.0,0.0,0.0,0.0,-1.5707964,0.0
1970-01-01 00:00:00.223673742,0.223673742,0.0,169.65361,0.0,0.0,0.0,0.0,0.0,0.0,-1.5707964,0.0
1970-01-01 00:00:00.223677863,0.223677863,0.0,119.52929,0.0,0.0,0.0,0.0,0.0,0.0,-1.5707964,0.0
1970-01-01 00:00:00.223699054,0.223699054,85.69827,0.0,0.0,0.0,0.0,0.0,0.0,0.0,-1.5707964,0.0
1970-01-01 00:00:00.224036591,0.224036591,0.0,0.0,0.0,123.9545,0.0,0.0,0.0,0.0,-1.5707964,0.0
1970-01-01 00:00:00.224090512,0.224090512,159.54071,0.0,0.0,0.0,0.0,0.0,0.0,0.0,-1.5707964,0.0
1970-01-01 00:00:00.224116686,0.224116686,0.0,0.0,0.0,0.0,103.14258,0.0,0.0,0.0,-1.5707964,0.0
1970-01-01 00:00:00.224206618,0.224206618,113.5863,0.0,0.0,0.0,0.0,0.0,0.0,0.0,-1.5707964,0.0
1970-01-01 00:00:00.224946033,0.224946033,0.0,0.0,0.0,0.0,101.974785,0.0,0.0,0.0,-1.5707964,0.0
1970-01-01 00:00:00.224963207,0.224963207,277.46725,0.0,0.0,0.0,0.0,0.0,0.0,0.0,-1.5707964,0.0
1970-01-01 00:00:00.225386704,0.225386704,0.0,0.0,0.0,0.0,125.15996,0.0,0.0,0.0,-1.5707964,0.0
1970-01-01 00:00:00.226400488,0.226400488,0.0,0.0,0.0,108.36099,0.0,0.0,0.0,0.0,-1.5707964,0.0
1970-01-01 00:00:00.226538120,0.22653812,0.0,213.84622,0.0,0.0,0.0,0.0,0.0,0.0,-1.5707964,0.0
1970-01-01 00:00:00.227126828,0.227126828,0.0,0.0,0.0,91.36801,0.0,0.0,0.0,0.0,-1.5707964,0.0
1970-01-01 00:00:00.227581659,0.227581659,0.0,0.0,0.0,0.0,0.0,165.87067,0.0,0.0,-1.5707964,0.0
1970-01-01 00:00:00.227744053,0.227744053,0.0,0.0,0.0,90.07527,0.0,0.0,0.0,0.0,-1.5707964,0.0
1970-01-01 00:00:00.228085332,0.228085332,0.0,0.0,0.0,128.07573,0.0,0.0,0.0,0.0,-1.5707964,0.0
1970-01-01 00:00:00.229000425,0.229000425,0.0,153.57483,0.0,0.0,0.0,0.0,0.0,0.0,-1.5707964,0.0
1970-01-01 00:00:00.229015431,0.229015431,0.0,0.0,0.0,471.7976,0.0,0.0,0.0,0.0,-1.5707964,0.0
1970-01-01 00:00:00.229043365,0.229043365,0.0,0.0,0.0,123.47968,0.0,0.0,0.0,0.0,-1.5707964,0.0
1970-01-01 00:00:00.229187605,0.229187605,0.0,0.0,0.0,0.0,126.41083,0.0,0.0,0.0,-1.5707964,0.0
1970-01-01 00:00:00.229200158,0.229200158,0.0,140.7867,0.0,0.0,0.0,0.0,0.0,0.0,-1.5707964,0.0
1970-01-01 00:00:00.229351319,0.229351319,0.0,234.35269,0.0,0.0,0.0,0.0,0.0,0.0,-1.5707964,0.0
1970-01-01 00:00:00.229765790,0.22976579,0.0,212.4456,0.0,0.0,0.0,0.0,0.0,0.0,-1.5707964,0.0
1970-01-01 00:00:00.229773651,0.229773651,0.0,0.0,0.0,0.0,128.49608,0.0,0.0,0.0,-1.5707964,0.0
1970-01-01 00:00:00.230237675,0.230237675,0.0,0.0,0.0,83.32464,0.0,0.0,0.0,0.0,-1.5707964,0.0
1970-01-01 00:00:00.230262040,0.23026204,186.04108,0.0,0.0,0.0,0.0,0.0,0.0,0.0,-1.5707964,0.0
1970-01-01 00:00:00.230281636,0.230281636,319.97595,0.0,0.0,0.0,0.0,0.0,0.0,0.0,-1.5707964,0.0
1970-01-01 00:00:00.230984697,0.230984697,0.0,180.70302,0.0,0.0,0.0,0.0,0.0,0.0,-1.5707964,0.0
1970-01-01 00:00:00.231112218,0.231112218,0.0,0.0,0.0,0.0,100.5047,0.0,0.0,0.0,-1.5707964,0.0
1970-01-01 00:00:00.231222529,0.231222529,0.0,0.0,0.0,0.0,153.11494,0.0,0.0,0.0,-1.5707964,0.0
1970-01-01 00:00:00.231303852,0.231303852,0.0,109.609314,0.0,0.0,0.0,0.0,0.0,0.0,-1.5707964,0.0
1970-01-01 00:00:00.231742014,0.231742014,0.0,154.2483,0.0,0.0,0.0,0.0,0.0,0.0,-1.5707964,0.0
1970-01-01 00:00:00.231895109,0.231895109,0.0,0.0,0.0,86.70461,0.0,0.0,0.0,0.0,-1.5707964,0.0
1970-01-01 00:00:00.231994739,0.231994739,0.0,0.0,0.0,0.0,117.691124,0.0,0.0,0.0,-1.5707964,0.0
1970-01-01 00:00:00.232269478,0.232269478,0.0,0.0,0.0,0.0,0.0,102.99605,0.0,0.0,-1.5707964,0.0
1970-01-01 00:00:00.232644094,0.232644094,0.0,0.0,0.0,81.54946,0.0,0.0,0.0,0.0,-1.5707964,0.0
1970-01-01 00:00:00.232659920,0.23265992,0.0,0.0,0.0,0.0,109.38418,0.0,0.0,0.0,-1.5707964,0.0
1970-01-01 00:00:00.233138849,0.233138849,0.0,0.0,0.0,83.08636,0.0,0.0,0.0,0.0,-1.5707964,0.0
1970-01-01 00:00:00.233196478,0.233196478,0.0,142.88446,0.0,0.0,0.0,0.0,0.0,0.0,-1.5707964,0.0
1970-01-01 00:00:00.233303356,0.233303356,0.0,0.0,0.0,0.0,89.08225,0.0,0.0,0.0,-1.5707964,0.0
1970-01-01 00:00:00.233748783,0.233748783,0.0,432.24985,0.0,0.0,0.0,0.0,0.0,0.0,-1.5707964,0.0
1970-01-01 00:00:00.234032251,0.234032251,194.05708,0.0,0.0,0.0,0.0,0.0,0.0,0.0,-1.5707964,0.0
1970-01-01 00:00:00.234420758,0.234420758,0.0,0.0,0.0,216.52338,0.0,0.0,0.0,0.0,-1.5707964,0.0
1970-01-01 00:00:00.234475382,0.234475382,0.0,131.1026,0.0,0.0,0.0,0.0,0.0,0.0,-1.5707964,0.0
1970-01-01 00:00:00.234704574,0.234704574,0.0,0.0,0.0,84.71586,0.0,0.0,0.0,0.0,-1.5707964,0.0
1970-01-01 00:00:00.234712037,0.234712037,0.0,150.63454,0.0,0.0,0.0,0.0,0.0,0.0,-1.5707964,0.0
1970-01-01 00:00:00.235045371,0.235045371,0.0,0.0,0.0,260.17438,0.0,0.0,0.0,0.0,-1.5707964,0.0
1970-01-01 00:00:00.235606664,0.235606664,0.0,95.306435,0.0,0.0,0.0,0.0,0.0,0.0,-1.5707964,0.0
1970-01-01 00:00:00.235626551,0.235626551,0.0,0.0,0.0,0.0,0.0,85.260666,0.0,0.0,-1.5707964,0.0
1970-01-01 00:00:00.236538933,0.236538933,0.0,539.252,0.0,0.0,0.0,0.0,0.0,0.0,-1.5707964,0.0
1970-01-01 00:00:00.236738802,0.236738802,0.0,243.78142,0.0,0.0,0.0,0.0,0.0,0.0,-1.5707964,0.0
1970-01-01 00:00:00.237721927,0.237721927,0.0,0.0,0.0,191.95578,0.0,0.0,0.0,0.0,-1.5707964,0.0
1970-01-01 00:00:00.237804929,0.237804929,0.0,0.0,0.0,0.0,0.0,120.23878,0.0,0.0,-1.5707964,0.0
1970-01-01 00:00:00.238003308,0.238003308,0.0,0.0,0.0,135.8323,0.0,0.0,0.0,0.0,-1.5707964,0.0
1970-01-01 00:00:00.238089848,0.238089848,0.0,85.84305,0.0,0.0,0.0,0.0,0.0,0.0,-1.5707964,0.0
1970-01-01 00:00:00.238099574,0.238099574,140.51006,0.0,0.0,0.0,0.0,0.0,0.0,0.0,-1.5707964,0.0
1970-01-01 00:00:00.238333411,0.238333411,0.0,84.011734,0.0,0.0,0.0,0.0,0.0,0.0,-1.5707964,0.0
1970-01-01 00:00:00.239195758,0.239195758,0.0,0.0,0.0,130.63785,0.0,0.0,0.0,0.0,-1.5707964,0.0
1970-01-01 00:00:00.239518443,0.239518443,0.0,0.0,0.0,80.927444,0.0,0.0,0.0,0.0,-1.5707964,0.0
1970-01-01 00:00:00.239575453,0.239575453,0.0,0.0,0.0,0.0,85.315186,0.0,0.0,0.0,-1.5707964,0.0
1970-01-01 00:00:00.239632345,0.239632345,0.0,0.0,0.0,90.201294,0.0,0.0,0.0,0.0,-1.5707964,0.0
1970-01-01 00:00:00.239639905,0.239639905,0.0,0.0,0.0,0.0,0.0,105.374916,0.0,0.0,-1.5707964,0.0
1970-01-01 00:00:00.239707686,0.239707686,0.0,0.0,0.0,108.88669,0.0,0.0,0.0,0.0,-1.5707964,0.0
1970-01-01 00:00:00.239763993,0.239763993,0.0,89.98952,0.0,0.0,0.0,0.0,0.0,0.0,-1.5707964,0.0
1970-01-01 00:00:00.240279753,0.240279753,0.0,224.67305,0.0,0.0,0.0,0.0,0.0,0.0,-1.5707964,0.0
1970-01-01 00:00:00.240308679,0.240308679,0.0,84.60345,0.0,0.0,0.0,0.0,0.0,0.0,-1.5707964,0.0
1970-01-01 00:00:00.240603567,0.240603567,121.747856,0.0,0.0,0.0,0.0,0.0,0.0,0.0,-1.5707964,0.0
1970-01-01 00:00:00.240761834,0.240761834,0.0,0.0,0.0,0.0,153.01521,0.0,0.0,0.0,-1.5707964,0.0
1970-01-01 00:00:00.240794881,0.240794881,0.0,101.13814,0.0,0.0,0.0,0.0,0.0,0.0,-1.5707964,0.0
1970-01-01 00:00:00.240836734,0.240836734,117.0351,0.0,0.0,0.0,0.0,0.0,0.0,0.0,-1.5707964,0.0
1970-01-01 00:00:00.241039664,0.241039664,0.0,0.0,0.0,0.0,132.66872,0.0,0.0,0.0,-1.5707964,0.0
1970-01-01 00:00:00.241138151,0.241138151,0.0,0.0,0.0,0.0,234.51408,0.0,0.0,0.0,-1.5707964,0.0
1970-01-01 00:00:00.241455930,0.24145593,0.0,0.0,0.0,0.0,121.467155,0.0,0.0,0.0,-1.5707964,0.0
1970-01-01 00:00:00.241741833,0.241741833,0.0,0.0,0.0,0.0,104.227554,0.0,0.0,0.0,-1.5707964,0.0
1970-01-01 00:00:00.242189079,0.242189079,0.0,0.0,0.0,108.23939,0.0,0.0,0.0,0.0,-1.5707964,0.0
1970-01-01 00:00:00.242570736,0.242570736,0.0,0.0,0.0,0.0,96.9579,0.0,0.0,0.0,-1.5707964,0.0
1970-01-01 00:00:00.242842764,0.242842764,0.0,0.0,0.0,148.96063,0.0,0.0,0.0,0.0,-1.5707964,0.0
1970-01-01 00:00:00.242906718,0.242906718,313.79324,0.0,0.0,0.0,0.0,0.0,0.0,0.0,-1.5707964,0.0
1970-01-01 00:00:00.243379971,0.243379971,122.05978,0.0,0.0,0.0,0.0,0.0,0.0,0.0,-1.5707964,0.0
1970-01-01 00:00:00.243658501,0.243658501,0.0,210.79546,0.0,0.0,0.0,0.0,0.0,0.0,-1.5707964,0.0
1970-01-01 00:00:00.243732483,0.243732483,0.0,0.0,0.0,0.0,125.41292,0.0,0.0,0.0,-1.5707964,0.0
1970-01-01 00:00:00.244069255,0.244069255,0.0,0.0,0.0,0.0,0.0,374.92484,0.0,0.0,-1.5707964,0.0
1970-01-01 00:00:00.244120668,0.244120668,170.93965,0.0,0.0,0.0,0.0,0.0,0.0,0.0,-1.5707964,0.0
1970-01-01 00:00:00.244227499,0.244227499,88.54344,0.0,0.0,0.0,0.0,0.0,0.0,0.0,-1.5707964,0.0
1970-01-01 00:00:00.244307705,0.244307705,97.52284,0.0,0.0,0.0,0.0,0.0,0.0,0.0,-1.5707964,0.0
1970-01-01 00:00:00.244537865,0.244537865,127.80808,0.0,0.0,0.0,0.0,0.0,0.0,0.0,-1.5707964,0.0
1970-01-01 00:00:00.244778928,0.244778928,0.0,0.0,0.0,0.0,285.9227,0.0,0.0,0.0,-1.5707964,0.0
1970-01-01 00:00:00.244831672,0.244831672,0.0,0.0,0.0,0.0,100.6416,0.0,0.0,0.0,-1.5707964,0.0
1970-01-01 00:00:00.245142266,0.245142266,0.0,0.0,0.0,0.0,241.64876,0.0,0.0,0.0,-1.5707964,0.0
1970-01-01 00:00:00.245178460,0.24517846,0.0,0.0,0.0,0.0,91.76439,0.0,0.0,0.0,-1.5707964,0.0
1970-01-01 00:00:00.245840287,0.245840287,0.0,133.63293,0.0,0.0,0.0,0.0,0.0,0.0,-1.5707964,0.0
1970-01-01 00:00:00.246111269,0.246111269,0.0,221.48148,0.0,0.0,0.0,0.0,0.0,0.0,-1.5707964,0.0
1970-01-01 00:00:00.246354972,0.246354972,0.0,236.84343,0.0,0.0,0.0,0.0,0.0,0.0,-1.5707964,0.0
1970-01-01 00:00:00.246447031,0.246447031,0.0,0.0,0.0,0.0,310.67227,0.0,0.0,0.0,-1.5707964,0.0
1970-01-01 00:00:00.246677217,0.246677217,83.41814,0.0,0.0,0.0,0.0,0.0,0.0,0.0,-1.5707964,0.0
1970-01-01 00:00:00.246895469,0.246895469,269.91428,0.0,0.0,0.0,0.0,0.0,0.0,0.0,-1.5707964,0.0
1970-01-01 00:00:00.246964990,0.24696499,0.0,130.13171,0.0,0.0,0.0,0.0,0.0,0.0,-1.5707964,0.0
1970-01-01 00:00:00.247032008,0.247032008,0.0,0.0,0.0,0.0,179.50679,0.0,0.0,0.0,-1.5707964,0.0
1970-01-01 00:00:00.247162558,0.247162558,0.0,120.50552,0.0,0.0,0.0,0.0,0.0,0.0,-1.5707964,0.0
1970-01-01 00:00:00.247224251,0.247224251,0.0,0.0,0.0,219.16391,0.0,0.0,0.0,0.0,-1.5707964,0.0
1970-01-01 00:00:00.247468963,0.247468963,0.0,161.9061,0.0,0.0,0.0,0.0,0.0,0.0,-1.5707964,0.0
1970-01-01 00:00:00.247726317,0.247726317,0.0,102.372826,0.0,0.0,0.0,0.0,0.0,0.0,-1.5707964,0.0
1970-01-01 00:00:00.247959351,0.247959351,0.0,0.0,0.0,0.0,83.6791,0.0,0.0,0.0,-1.5707964,0.0
1970-01-01 00:00:00.248380489,0.248380489,0.0,0.0,0.0,0.0,0.0,125.094025,0.0,0.0,-1.5707964,0.0
1970-01-01 00:00:00.249277551,0.249277551,183.24518,0.0,0.0,0.0,0.0,0.0,0.0,0.0,-1.5707964,0.0
1970-01-01 00:00:00.249423911,0.249423911,0.0,107.27544,0.0,0.0,0.0,0.0,0.0,0.0,-1.5707964,0.0
1970-01-01 00:00:00.249919962,0.249919962,0.0,0.0,0.0,165.55501,0.0,0.0,0.0,0.0,-1.5707964,0.0
1970-01-01 00:00:00.250267085,0.250267085,0.0,105.25279,0.0,0.0,0.0,0.0,0.0,0.0,-1.5707964,0.0
1970-01-01 00:00:00.250670363,0.250670363,214.34535,0.0,0.0,0.0,0.0,0.0,0.0,0.0,-1.5707964,0.0
1970-01-01 00:00:00.250914174,0.250914174,161.6026,0.0,0.0,0.0,0.0,0.0,0.0,0.0,-1.5707964,0.0
1970-01-01 00:00:00.251317157,0.251317157,0.0,0.0,0.0,0.0,102.79702,0.0,0.0,0.0,-1.5707964,0.0
1970-01-01 00:00:00.251586034,0.251586034,0.0,0.0,0.0,154.9121,0.0,0.0,0.0,0.0,-1.5707964,0.0
1970-01-01 00:00:00.251996995,0.251996996,0.0,104.77078,0.0,0.0,0.0,0.0,0.0,0.0,-1.5707964,0.0
1970-01-01 00:00:00.252003489,0.252003489,0.0,106.84956,0.0,0.0,0.0,0.0,0.0,0.0,-1.5707964,0.0
1970-01-01 00:00:00.252195799,0.252195799,0.0,95.70511,0.0,0.0,0.0,0.0,0.0,0.0,-1.5707964,0.0
1970-01-01 00:00:00.252216667,0.252216667,0.0,0.0,0.0,0.0,147.58223,0.0,0.0,0.0,-1.5707964,0.0
1970-01-01 00:00:00.252675338,0.252675338,0.0,0.0,0.0,0.0,155.2279,0.0,0.0,0.0,-1.5707964,0.0
1970-01-01 00:00:00.252725843,0.252725844,0.0,80.36662,0.0,0.0,0.0,0.0,0.0,0.0,-1.5707964,0.0
1970-01-01 00:00:00.252883956,0.252883956,0.0,0.0,0.0,84.65186,0.0,0.0,0.0,0.0,-1.5707964,0.0
1970-01-01 00:00:00.253257890,0.25325789,0.0,0.0,0.0,120.73142,0.0,0.0,0.0,0.0,-1.5707964,0.0
1970-01-01 00:00:00.253616247,0.253616247,0.0,97.72905,0.0,0.0,0.0,0.0,0.0,0.0,-1.5707964,0.0
1970-01-01 00:00:00.253707558,0.253707558,0.0,0.0,0.0,0.0,143.47977,0.0,0.0,0.0,-1.5707964,0.0
1970-01-01 00:00:00.254077636,0.254077636,0.0,0.0,0.0,84.57936,0.0,0.0,0.0,0.0,-1.5707964,0.0
1970-01-01 00:00:00.254368571,0.254368571,0.0,0.0,0.0,81.985214,0.0,0.0,0.0,0.0,-1.5707964,0.0
1970-01-01 00:00:00.254457728,0.254457728,133.01718,0.0,0.0,0.0,0.0,0.0,0.0,0.0,-1.5707964,0.0
1970-01-01 00:00:00.254876261,0.254876261,256.89255,0.0,0.0,0.0,0.0,0.0,0.0,0.0,-1.5707964,0.0
1970-01-01 00:00:00.254984472,0.254984472,0.0,0.0,0.0,0.0,117.44994,0.0,0.0,0.0,-1.5707964,0.0
1970-01-01 00:00:00.255200145,0.255200145,0.0,105.58988,0.0,0.0,0.0,0.0,0.0,0.0,-1.5707964,0.0
1970-01-01 00:00:00.255269083,0.255269083,0.0,308.65665,0.0,0.0,0.0,0.0,0.0,0.0,-1.5707964,0.0
1970-01-01 00:00:00.255547674,0.255547675,0.0,181.1829,0.0,0.0,0.0,0.0,0.0,0.0,-1.5707964,0.0
1970-01-01 00:00:00.256566836,0.256566836,0.0,109.63087,0.0,0.0,0.0,0.0,0.0,0.0,-1.5707964,0.0
1970-01-01 00:00:00.257000978,0.257000978,0.0,0.0,0.0,136.62709,0.0,0.0,0.0,0.0,-1.5707964,0.0
1970-01-01 00:00:00.257022431,0.257022431,119.529816,0.0,0.0,0.0,0.0,0.0,0.0,0.0,-1.5707964,0.0
1970-01-01 00:00:00.257760241,0.257760242,214.05067,0.0,0.0,0.0,0.0,0.0,0.0,0.0,-1.5707964,0.0
1970-01-01 00:00:00.257984961,0.257984962,0.0,132.55931,0.0,0.0,0.0,0.0,0.0,0.0,-1.5707964,0.0
1970-01-01 00:00:00.258068507,0.258068508,0.0,82.702354,0.0,0.0,0.0,0.0,0.0,0.0,-1.5707964,0.0
1970-01-01 00:00:00.258489670,0.25848967,0.0,0.0,0.0,114.57852,0.0,0.0,0.0,0.0,-1.5707964,0.0
1970-01-01 00:00:00.258559136,0.258559136,0.0,231.05684,0.0,0.0,0.0,0.0,0.0,0.0,-1.5707964,0.0
1970-01-01 00:00:00.258627812,0.258627812,0.0,128.25356,0.0,0.0,0.0,0.0,0.0,0.0,-1.5707964,0.0
1970-01-01 00:00:00.258839488,0.258839489,0.0,0.0,0.0,84.79738,0.0,0.0,0.0,0.0,-1.5707964,0.0
1970-01-01 00:00:00.259719407,0.259719408,0.0,0.0,0.0,116.26656,0.0,0.0,0.0,0.0,-1.5707964,0.0
1970-01-01 00:00:00.259893460,0.25989346,0.0,0.0,0.0,0.0,0.0,94.20114,0.0,0.0,-1.5707964,0.0
1970-01-01 00:00:00.260183663,0.260183663,0.0,0.0,0.0,95.61723,0.0,0.0,0.0,0.0,-1.5707964,0.0
1970-01-01 00:00:00.260401832,0.260401832,0.0,97.74814,0.0,0.0,0.0,0.0,0.0,0.0,-1.5707964,0.0
1970-01-01 00:00:00.260672317,0.260672317,0.0,125.26725,0.0,0.0,0.0,0.0,0.0,0.0,-1.5707964,0.0
1970-01-01 00:00:00.260967452,0.260967452,0.0,0.0,0.0,119.01498,0.0,0.0,0.0,0.0,-1.5707964,0.0
1970-01-01 00:00:00.261344972,0.261344972,0.0,0.0,0.0,165.42873,0.0,0.0,0.0,0.0,-1.5707964,0.0
1970-01-01 00:00:00.261473483,0.261473483,0.0,89.94158,0.0,0.0,0.0,0.0,0.0,0.0,-1.5707964,0.0
1970-01-01 00:00:00.261571465,0.261571465,0.0,0.0,0.0,83.81025,0.0,0.0,0.0,0.0,-1.5707964,0.0
1970-01-01 00:00:00.261716206,0.261716207,0.0,193.154,0.0,0.0,0.0,0.0,0.0,0.0,-1.5707964,0.0
1970-01-01 00:00:00.262003085,0.262003085,0.0,0.0,0.0,0.0,114.269745,0.0,0.0,0.0,-1.5707964,0.0
1970-01-01 00:00:00.262751452,0.262751452,0.0,0.0,0.0,0.0,218.129,0.0,0.0,0.0,-1.5707964,0.0
1970-01-01 00:00:00.263274432,0.263274433,121.46168,0.0,0.0,0.0,0.0,0.0,0.0,0.0,-1.5707964,0.0
1970-01-01 00:00:00.263810853,0.263810853,0.0,0.0,0.0,0.0,86.94481,0.0,0.0,0.0,-1.5707964,0.0
1970-01-01 00:00:00.263889223,0.263889224,184.96962,0.0,0.0,0.0,0.0,0.0,0.0,0.0,-1.5707964,0.0
1970-01-01 00:00:00.264068387,0.264068387,0.0,0.0,0.0,0.0,0.0,202.72028,0.0,0.0,-1.5707964,0.0
1970-01-01 00:00:00.264097104,0.264097104,153.18535,0.0,0.0,0.0,0.0,0.0,0.0,0.0,-1.5707964,0.0
1970-01-01 00:00:00.264305599,0.264305599,0.0,93.93456,0.0,0.0,0.0,0.0,0.0,0.0,-1.5707964,0.0
1970-01-01 00:00:00.264361479,0.264361479,0.0,0.0,0.0,178.56393,0.0,0.0,0.0,0.0,-1.5707964,0.0
1970-01-01 00:00:00.264385372,0.264385373,0.0,0.0,0.0,162.04778,0.0,0.0,0.0,0.0,-1.5707964,0.0
1970-01-01 00:00:00.264588188,0.264588189,0.0,0.0,0.0,195.41122,0.0,0.0,0.0,0.0,-1.5707964,0.0
1970-01-01 00:00:00.264612570,0.26461257,96.3138,0.0,0.0,0.0,0.0,0.0,0.0,0.0,-1.5707964,0.0
1970-01-01 00:00:00.265090439,0.265090439,0.0,80.20902,0.0,0.0,0.0,0.0,0.0,0.0,-1.5707964,0.0
1970-01-01 00:00:00.265228158,0.265228158,0.0,0.0,0.0,0.0,83.73369,0.0,0.0,0.0,-1.5707964,0.0
1970-01-01 00:00:00.265282801,0.265282801,0.0,113.17946,0.0,0.0,0.0,0.0,0.0,0.0,-1.5707964,0.0
1970-01-01 00:00:00.265557027,0.265557027,0.0,0.0,0.0,0.0,291.91315,0.0,0.0,0.0,-1.5707964,0.0
1970-01-01 00:00:00.265752314,0.265752314,121.58234,0.0,0.0,0.0,0.0,0.0,0.0,0.0,-1.5707964,0.0
1970-01-01 00:00:00.265950811,0.265950812,0.0,0.0,0.0,0.0,0.0,216.9398,0.0,0.0,-1.5707964,0.0
1970-01-01 00:00:00.266115622,0.266115622,196.51443,0.0,0.0,0.0,0.0,0.0,0.0,0.0,-1.5707964,0.0
1970-01-01 00:00:00.266675383,0.266675383,0.0,112.945244,0.0,0.0,0.0,0.0,0.0,0.0,-1.5707964,0.0
1970-01-01 00:00:00.266675451,0.266675452,0.0,191.86304,0.0,0.0,0.0,0.0,0.0,0.0,-1.5707964,0.0
1970-01-01 00:00:00.266969462,0.266969462,0.0,0.0,0.0,0.0,150.94534,0.0,0.0,0.0,-1.5707964,0.0
1970-01-01 00:00:00.267527666,0.267527666,0.0,0.0,0.0,0.0,0.0,440.39172,0.0,0.0,-1.5707964,0.0
1970-01-01 00:00:00.267785000,0.267785,0.0,223.57364,0.0,0.0,0.0,0.0,0.0,0.0,-1.5707964,0.0
1970-01-01 00:00:00.268038321,0.268038321,133.17737,0.0,0.0,0.0,0.0,0.0,0.0,0.0,-1.5707964,0.0
1970-01-01 00:00:00.268610435,0.268610435,0.0,111.73616,0.0,0.0,0.0,0.0,0.0,0.0,-1.5707964,0.0
1970-01-01 00:00:00.268783299,0.268783299,0.0,307.76514,0.0,0.0,0.0,0.0,0.0,0.0,-1.5707964,0.0
1970-01-01 00:00:00.268858432,0.268858432,142.11873,0.0,0.0,0.0,0.0,0.0,0.0,0.0,-1.5707964,0.0
1970-01-01 00:00:00.268987004,0.268987004,0.0,134.8262,0.0,0.0,0.0,0.0,0.0,0.0,-1.5707964,0.0
1970-01-01 00:00:00.269118396,0.269118396,0.0,104.539345,0.0,0.0,0.0,0.0,0.0,0.0,-1.5707964,0.0
1970-01-01 00:00:00.269375049,0.269375049,0.0,0.0,0.0,283.09918,0.0,0.0,0.0,0.0,-1.5707964,0.0
1970-01-01 00:00:00.269489810,0.26948981,0.0,0.0,0.0,0.0,110.802055,0.0,0.0,0.0,-1.5707964,0.0
1970-01-01 00:00:00.270019867,0.270019867,0.0,0.0,0.0,88.75642,0.0,0.0,0.0,0.0,-1.5707964,0.0
1970-01-01 00:00:00.270053710,0.27005371,0.0,0.0,0.0,87.34532,0.0,0.0,0.0,0.0,-1.5707964,0.0
1970-01-01 00:00:00.270198939,0.270198939,0.0,133.69984,0.0,0.0,0.0,0.0,0.0,0.0,-1.5707964,0.0
1970-01-01 00:00:00.270595131,0.270595131,0.0,0.0,0.0,189.27779,0.0,0.0,0.0,0.0,-1.5707964,0.0
1970-01-01 00:00:00.270597598,0.270597598,343.68185,0.0,0.0,0.0,0.0,0.0,0.0,0.0,-1.5707964,0.0
1970-01-01 00:00:00.270830319,0.270830319,0.0,517.9155,0.0,0.0,0.0,0.0,0.0,0.0,-1.5707964,0.0
1970-01-01 00:00:00.271002774,0.271002774,0.0,145.28888,0.0,0.0,0.0,0.0,0.0,0.0,-1.5707964,0.0
1970-01-01 00:00:00.271500449,0.271500449,0.0,0.0,0.0,0.0,0.0,136.04817,0.0,0.0,-1.5707964,0.0
1970-01-01 00:00:00.271543558,0.271543558,0.0,0.0,0.0,177.36316,0.0,0.0,0.0,0.0,-1.5707964,0.0
1970-01-01 00:00:00.271561873,0.271561873,252.40154,0.0,0.0,0.0,0.0,0.0,0.0,0.0,-1.5707964,0.0
1970-01-01 00:00:00.271589289,0.271589289,0.0,195.68468,0.0,0.0,0.0,0.0,0.0,0.0,-1.5707964,0.0
1970-01-01 00:00:00.271716107,0.271716107,0.0,0.0,0.0,0.0,91.55362,0.0,0.0,0.0,-1.5707964,0.0
1970-01-01 00:00:00.271924275,0.271924275,0.0,0.0,0.0,531.397,0.0,0.0,0.0,0.0,-1.5707964,0.0
1970-01-01 00:00:00.272920042,0.272920042,0.0,206.82199,0.0,0.0,0.0,0.0,0.0,0.0,-1.5707964,0.0
1970-01-01 00:00:00.273088714,0.273088714,0.0,103.71858,0.0,0.0,0.0,0.0,0.0,0.0,-1.5707964,0.0
1970-01-01 00:00:00.273227399,0.273227399,0.0,0.0,0.0,0.0,137.77452,0.0,0.0,0.0,-1.5707964,0.0
1970-01-01 00:00:00.273334925,0.273334925,0.0,134.56944,0.0,0.0,0.0,0.0,0.0,0.0,-1.5707964,0.0
1970-01-01 00:00:00.273369265,0.273369265,110.72876,0.0,0.0,0.0,0.0,0.0,0.0,0.0,-1.5707964,0.0
1970-01-01 00:00:00.273452469,0.273452469,0.0,118.73429,0.0,0.0,0.0,0.0,0.0,0.0,-1.5707964,0.0
1970-01-01 00:00:00.273858441,0.273858441,0.0,127.685745,0.0,0.0,0.0,0.0,0.0,0.0,-1.5707964,0.0
1970-01-01 00:00:00.274013901,0.274013901,0.0,0.0,0.0,0.0,81.07804,0.0,0.0,0.0,-1.5707964,0.0
1970-01-01 00:00:00.274041686,0.274041686,0.0,106.08917,0.0,0.0,0.0,0.0,0.0,0.0,-1.5707964,0.0
1970-01-01 00:00:00.274084184,0.274084184,0.0,182.67578,0.0,0.0,0.0,0.0,0.0,0.0,-1.5707964,0.0
1970-01-01 00:00:00.274301468,0.274301468,0.0,84.75583,0.0,0.0,0.0,0.0,0.0,0.0,-1.5707964,0.0
1970-01-01 00:00:00.274332899,0.274332899,0.0,0.0,0.0,0.0,149.67303,0.0,0.0,0.0,-1.5707964,0.0
1970-01-01 00:00:00.274629551,0.274629551,0.0,164.33044,0.0,0.0,0.0,0.0,0.0,0.0,-1.5707964,0.0
1970-01-01 00:00:00.274824779,0.274824779,107.8316,0.0,0.0,0.0,0.0,0.0,0.0,0.0,-1.5707964,0.0
1970-01-01 00:00:00.274924373,0.274924373,0.0,149.52301,0.0,0.0,0.0,0.0,0.0,0.0,-1.5707964,0.0
1970-01-01 00:00:00.275342671,0.275342671,0.0,0.0,0.0,0.0,195.04002,0.0,0.0,0.0,-1.5707964,0.0
1970-01-01 00:00:00.275385731,0.275385731,0.0,0.0,0.0,0.0,96.91054,0.0,0.0,0.0,-1.5707964,0.0
1970-01-01 00:00:00.275407770,0.27540777,0.0,82.2663,0.0,0.0,0.0,0.0,0.0,0.0,-1.5707964,0.0
1970-01-01 00:00:00.275557954,0.275557954,0.0,0.0,0.0,0.0,147.72798,0.0,0.0,0.0,-1.5707964,0.0
1970-01-01 00:00:00.275592105,0.275592105,0.0,124.54434,0.0,0.0,0.0,0.0,0.0,0.0,-1.5707964,0.0
1970-01-01 00:00:00.275659714,0.275659714,0.0,127.836815,0.0,0.0,0.0,0.0,0.0,0.0,-1.5707964,0.0
1970-01-01 00:00:00.275940777,0.275940777,0.0,141.20078,0.0,0.0,0.0,0.0,0.0,0.0,-1.5707964,0.0
1970-01-01 00:00:00.275950478,0.275950478,0.0,0.0,0.0,0.0,0.0,103.23589,0.0,0.0,-1.5707964,0.0
1970-01-01 00:00:00.276275041,0.276275041,0.0,0.0,0.0,93.00544,0.0,0.0,0.0,0.0,-1.5707964,0.0
1970-01-01 00:00:00.276413393,0.276413393,0.0,0.0,0.0,0.0,142.84216,0.0,0.0,0.0,-1.5707964,0.0
1970-01-01 00:00:00.276628006,0.276628006,240.02234,0.0,0.0,0.0,0.0,0.0,0.0,0.0,-1.5707964,0.0
1970-01-01 00:00:00.276755577,0.276755577,0.0,0.0,0.0,0.0,240.0003,0.0,0.0,0.0,-1.5707964,0.0
1970-01-01 00:00:00.276997382,0.276997382,0.0,0.0,136.56909,0.0,0.0,0.0,0.0,0.0,-1.5707964,0.0
1970-01-01 00:00:00.277148428,0.277148428,89.6101,0.0,0.0,0.0,0.0,0.0,0.0,0.0,-1.5707964,0.0
1970-01-01 00:00:00.277461620,0.27746162,0.0,97.424904,0.0,0.0,0.0,0.0,0.0,0.0,-1.5707964,0.0
1970-01-01 00:00:00.277671907,0.277671907,0.0,0.0,0.0,0.0,188.55186,0.0,0.0,0.0,-1.5707964,0.0
1970-01-01 00:00:00.277775507,0.277775507,0.0,0.0,0.0,0.0,298.14618,0.0,0.0,0.0,-1.5707964,0.0
1970-01-01 00:00:00.278010964,0.278010964,0.0,0.0,100.781395,0.0,0.0,0.0,0.0,0.0,-1.5707964,0.0
1970-01-01 00:00:00.278111980,0.27811198,0.0,0.0,0.0,0.0,198.95702,0.0,0.0,0.0,-1.5707964,0.0
1970-01-01 00:00:00.278173692,0.278173692,0.0,0.0,0.0,0.0,127.04851,0.0,0.0,0.0,-1.5707964,0.0
1970-01-01 00:00:00.278184924,0.278184924,0.0,109.82657,0.0,0.0,0.0,0.0,0.0,0.0,-1.5707964,0.0
1970-01-01 00:00:00.278315214,0.278315214,128.69415,0.0,0.0,0.0,0.0,0.0,0.0,0.0,-1.5707964,0.0
1970-01-01 00:00:00.278412719,0.278412719,0.0,122.70799,0.0,0.0,0.0,0.0,0.0,0.0,-1.5707964,0.0
1970-01-01 00:00:00.278447312,0.278447312,0.0,0.0,0.0,0.0,152.46284,0.0,0.0,0.0,-1.5707964,0.0
1970-01-01 00:00:00.278607239,0.278607239,0.0,0.0,0.0,162.33673,0.0,0.0,0.0,0.0,-1.5707964,0.0
1970-01-01 00:00:00.278654602,0.278654602,81.98169,0.0,0.0,0.0,0.0,0.0,0.0,0.0,-1.5707964,0.0
1970-01-01 00:00:00.278729889,0.278729889,0.0,417.6041,0.0,0.0,0.0,0.0,0.0,0.0,-1.5707964,0.0
1970-01-01 00:00:00.278777542,0.278777542,0.0,0.0,0.0,109.45847,0.0,0.0,0.0,0.0,-1.5707964,0.0
1970-01-01 00:00:00.279217048,0.279217048,0.0,0.0,0.0,128.59784,0.0,0.0,0.0,0.0,-1.5707964,0.0
1970-01-01 00:00:00.279502911,0.279502911,0.0,0.0,0.0,0.0,167.21771,0.0,0.0,0.0,-1.5707964,0.0
1970-01-01 00:00:00.279520472,0.279520472,0.0,0.0,92.93665,0.0,0.0,0.0,0.0,0.0,-1.5707964,0.0
1970-01-01 00:00:00.279642806,0.279642806,0.0,0.0,134.6655,0.0,0.0,0.0,0.0,0.0,-1.5707964,0.0
1970-01-01 00:00:00.280099480,0.28009948,86.05291,0.0,0.0,0.0,0.0,0.0,0.0,0.0,-1.5707964,0.0
1970-01-01 00:00:00.280155515,0.280155515,0.0,0.0,0.0,96.306114,0.0,0.0,0.0,0.0,-1.5707964,0.0
1970-01-01 00:00:00.280192601,0.280192601,0.0,99.93711,0.0,0.0,0.0,0.0,0.0,0.0,-1.5707964,0.0
1970-01-01 00:00:00.280261862,0.280261862,0.0,153.60725,0.0,0.0,0.0,0.0,0.0,0.0,-1.5707964,0.0
1970-01-01 00:00:00.280524634,0.280524634,0.0,0.0,0.0,0.0,176.92143,0.0,0.0,0.0,-1.5707964,0.0
1970-01-01 00:00:00.280722113,0.280722113,139.6347,0.0,0.0,0.0,0.0,0.0,0.0,0.0,-1.5707964,0.0
1970-01-01 00:00:00.280957689,0.280957689,0.0,0.0,0.0,95.30752,0.0,0.0,0.0,0.0,-1.5707964,0.0
1970-01-01 00:00:00.280998175,0.280998175,0.0,0.0,0.0,272.9934,0.0,0.0,0.0,0.0,-1.5707964,0.0
1970-01-01 00:00:00.281132392,0.281132392,0.0,90.917534,0.0,0.0,0.0,0.0,0.0,0.0,-1.5707964,0.0
1970-01-01 00:00:00.281156593,0.281156593,0.0,114.57945,0.0,0.0,0.0,0.0,0.0,0.0,-1.5707964,0.0
1970-01-01 00:00:00.281281405,0.281281405,0.0,0.0,0.0,0.0,85.185326,0.0,0.0,0.0,-1.5707964,0.0
1970-01-01 00:00:00.281292099,0.281292099,0.0,0.0,0.0,0.0,174.64896,0.0,0.0,0.0,-1.5707964,0.0
1970-01-01 00:00:00.281330826,0.281330826,0.0,182.08237,0.0,0.0,0.0,0.0,0.0,0.0,-1.5707964,0.0
1970-01-01 00:00:00.281356072,0.281356072,0.0,231.27632,0.0,0.0,0.0,0.0,0.0,0.0,-1.5707964,0.0
1970-01-01 00:00:00.281544923,0.281544923,0.0,91.977066,0.0,0.0,0.0,0.0,0.0,0.0,-1.5707964,0.0
1970-01-01 00:00:00.281628304,0.281628304,0.0,0.0,0.0,0.0,95.132,0.0,0.0,0.0,-1.5707964,0.0
1970-01-01 00:00:00.281643979,0.281643979,0.0,0.0,0.0,0.0,108.69207,0.0,0.0,0.0,-1.5707964,0.0
1970-01-01 00:00:00.281759000,0.281759,0.0,167.4553,0.0,0.0,0.0,0.0,0.0,0.0,-1.5707964,0.0
1970-01-01 00:00:00.281959759,0.281959759,0.0,0.0,0.0,0.0,191.36736,0.0,0.0,0.0,-1.5707964,0.0
1970-01-01 00:00:00.282275725,0.282275725,0.0,0.0,0.0,0.0,178.30653,0.0,0.0,0.0,-1.5707964,0.0
1970-01-01 00:00:00.282416028,0.282416028,217.63469,0.0,0.0,0.0,0.0,0.0,0.0,0.0,-1.5707964,0.0
1970-01-01 00:00:00.282665796,0.282665796,0.0,112.32253,0.0,0.0,0.0,0.0,0.0,0.0,-1.5707964,0.0
1970-01-01 00:00:00.282866240,0.28286624,0.0,83.827644,0.0,0.0,0.0,0.0,0.0,0.0,-1.5707964,0.0
1970-01-01 00:00:00.283188224,0.283188224,0.0,216.73521,0.0,0.0,0.0,0.0,0.0,0.0,-1.5707964,0.0
1970-01-01 00:00:00.283626674,0.283626674,0.0,0.0,0.0,0.0,0.0,117.96621,0.0,0.0,-1.5707964,0.0
1970-01-01 00:00:00.283651914,0.283651914,0.0,0.0,0.0,138.50888,0.0,0.0,0.0,0.0,-1.5707964,0.0
1970-01-01 00:00:00.283670870,0.28367087,0.0,0.0,89.42199,0.0,0.0,0.0,0.0,0.0,-1.5707964,0.0
1970-01-01 00:00:00.283680116,0.283680116,0.0,83.07405,0.0,0.0,0.0,0.0,0.0,0.0,-1.5707964,0.0
1970-01-01 00:00:00.283776320,0.28377632,0.0,0.0,84.785774,0.0,0.0,0.0,0.0,0.0,-1.5707964,0.0
1970-01-01 00:00:00.283791266,0.283791266,0.0,0.0,0.0,95.00525,0.0,0.0,0.0,0.0,-1.5707964,0.0
1970-01-01 00:00:00.284276389,0.284276389,0.0,116.222046,0.0,0.0,0.0,0.0,0.0,0.0,-1.5707964,0.0
1970-01-01 00:00:00.284313955,0.284313955,0.0,0.0,0.0,0.0,0.0,90.57657,0.0,0.0,-1.5707964,0.0
1970-01-01 00:00:00.284394437,0.284394437,0.0,0.0,0.0,160.91594,0.0,0.0,0.0,0.0,-1.5707964,0.0
1970-01-01 00:00:00.284708905,0.284708905,0.0,0.0,0.0,0.0,0.0,129.22195,0.0,0.0,-1.5707964,0.0
1970-01-01 00:00:00.285564613,0.285564613,0.0,0.0,0.0,101.92523,0.0,0.0,0.0,0.0,-1.5707964,0.0
1970-01-01 00:00:00.285716052,0.285716052,0.0,104.80723,0.0,0.0,0.0,0.0,0.0,0.0,-1.5707964,0.0
1970-01-01 00:00:00.286084977,0.286084977,194.42714,0.0,0.0,0.0,0.0,0.0,0.0,0.0,-1.5707964,0.0
1970-01-01 00:00:00.286340635,0.286340635,0.0,0.0,0.0,0.0,166.01524,0.0,0.0,0.0,-1.5707964,0.0
1970-01-01 00:00:00.286446665,0.286446665,113.42022,0.0,0.0,0.0,0.0,0.0,0.0,0.0,-1.5707964,0.0
1970-01-01 00:00:00.286802708,0.286802708,83.038216,0.0,0.0,0.0,0.0,0.0,0.0,0.0,-1.5707964,0.0
1970-01-01 00:00:00.286806178,0.286806178,0.0,0.0,0.0,0.0,99.32289,0.0,0.0,0.0,-1.5707964,0.0
1970-01-01 00:00:00.286835309,0.286835309,0.0,0.0,0.0,151.8867,0.0,0.0,0.0,0.0,-1.5707964,0.0
1970-01-01 00:00:00.286909212,0.286909212,0.0,0.0,0.0,0.0,82.32236,0.0,0.0,0.0,-1.5707964,0.0
1970-01-01 00:00:00.287115674,0.287115674,0.0,0.0,0.0,119.106285,0.0,0.0,0.0,0.0,-1.5707964,0.0
1970-01-01 00:00:00.287116018,0.287116018,0.0,193.84534,0.0,0.0,0.0,0.0,0.0,0.0,-1.5707964,0.0
1970-01-01 00:00:00.287348779,0.287348779,0.0,118.625565,0.0,0.0,0.0,0.0,0.0,0.0,-1.5707964,0.0
1970-01-01 00:00:00.287477118,0.287477118,0.0,0.0,0.0,0.0,224.27121,0.0,0.0,0.0,-1.5707964,0.0
1970-01-01 00:00:00.287571193,0.287571193,0.0,0.0,0.0,235.81934,0.0,0.0,0.0,0.0,-1.5707964,0.0
1970-01-01 00:00:00.287655019,0.287655019,0.0,0.0,0.0,193.82248,0.0,0.0,0.0,0.0,-1.5707964,0.0
1970-01-01 00:00:00.287746083,0.287746083,0.0,170.74718,0.0,0.0,0.0,0.0,0.0,0.0,-1.5707964,0.0
1970-01-01 00:00:00.287947098,0.287947098,0.0,330.87817,0.0,0.0,0.0,0.0,0.0,0.0,-1.5707964,0.0
1970-01-01 00:00:00.288240014,0.288240014,0.0,83.93029,0.0,0.0,0.0,0.0,0.0,0.0,-1.5707964,0.0
1970-01-01 00:00:00.288700844,0.288700844,0.0,0.0,0.0,0.0,99.12703,0.0,0.0,0.0,-1.5707964,0.0
1970-01-01 00:00:00.288709074,0.288709074,0.0,0.0,0.0,0.0,126.1998,0.0,0.0,0.0,-1.5707964,0.0
1970-01-01 00:00:00.288797049,0.288797049,0.0,98.950745,0.0,0.0,0.0,0.0,0.0,0.0,-1.5707964,0.0
1970-01-01 00:00:00.288930747,0.288930747,80.523705,0.0,0.0,0.0,0.0,0.0,0.0,0.0,-1.5707964,0.0
1970-01-01 00:00:00.288977073,0.288977073,0.0,205.34929,0.0,0.0,0.0,0.0,0.0,0.0,-1.5707964,0.0
1970-01-01 00:00:00.289146706,0.289146706,0.0,0.0,0.0,0.0,0.0,306.77435,0.0,0.0,-1.5707964,0.0
1970-01-01 00:00:00.289866359,0.289866359,0.0,0.0,0.0,0.0,95.472244,0.0,0.0,0.0,-1.5707964,0.0
1970-01-01 00:00:00.290014446,0.290014446,0.0,0.0,0.0,209.41531,0.0,0.0,0.0,0.0,-1.5707964,0.0
1970-01-01 00:00:00.290061847,0.290061847,0.0,0.0,0.0,179.87828,0.0,0.0,0.0,0.0,-1.5707964,0.0
1970-01-01 00:00:00.290268037,0.290268037,0.0,0.0,0.0,0.0,216.6305,0.0,0.0,0.0,-1.5707964,0.0
1970-01-01 00:00:00.290269599,0.290269599,0.0,0.0,0.0,0.0,0.0,413.85614,0.0,0.0,-1.5707964,0.0
1970-01-01 00:00:00.290466470,0.29046647,0.0,0.0,0.0,0.0,122.00795,0.0,0.0,0.0,-1.5707964,0.0
1970-01-01 00:00:00.291012273,0.291012273,0.0,0.0,0.0,0.0,0.0,173.87587,0.0,0.0,-1.5707964,0.0
1970-01-01 00:00:00.291105319,0.291105319,0.0,0.0,0.0,0.0,136.14465,0.0,0.0,0.0,-1.5707964,0.0
1970-01-01 00:00:00.291332005,0.291332005,134.11186,0.0,0.0,0.0,0.0,0.0,0.0,0.0,-1.5707964,0.0
1970-01-01 00:00:00.291401102,0.291401102,0.0,0.0,0.0,0.0,129.24207,0.0,0.0,0.0,-1.5707964,0.0
1970-01-01 00:00:00.291627083,0.291627083,0.0,0.0,0.0,81.08331,0.0,0.0,0.0,0.0,-1.5707964,0.0
1970-01-01 00:00:00.291722281,0.291722281,0.0,0.0,0.0,187.42882,0.0,0.0,0.0,0.0,-1.5707964,0.0
1970-01-01 00:00:00.291876719,0.291876719,0.0,83.95519,0.0,0.0,0.0,0.0,0.0,0.0,-1.5707964,0.0
1970-01-01 00:00:00.291947445,0.291947445,0.0,146.38892,0.0,0.0,0.0,0.0,0.0,0.0,-1.5707964,0.0
1970-01-01 00:00:00.291959191,0.291959191,0.0,0.0,0.0,105.19427,0.0,0.0,0.0,0.0,-1.5707964,0.0
1970-01-01 00:00:00.292101881,0.292101881,0.0,190.16348,0.0,0.0,0.0,0.0,0.0,0.0,-1.5707964,0.0
1970-01-01 00:00:00.292359047,0.292359047,0.0,0.0,244.04907,0.0,0.0,0.0,0.0,0.0,-1.5707964,0.0
1970-01-01 00:00:00.292376933,0.292376933,0.0,107.35933,0.0,0.0,0.0,0.0,0.0,0.0,-1.5707964,0.0
1970-01-01 00:00:00.292427397,0.292427397,0.0,0.0,0.0,0.0,264.1652,0.0,0.0,0.0,-1.5707964,0.0
1970-01-01 00:00:00.292519820,0.29251982,0.0,0.0,0.0,0.0,0.0,160.78603,0.0,0.0,-1.5707964,0.0
1970-01-01 00:00:00.292545825,0.292545825,0.0,0.0,241.92302,0.0,0.0,0.0,0.0,0.0,-1.5707964,0.0
1970-01-01 00:00:00.292969210,0.29296921,0.0,223.36044,0.0,0.0,0.0,0.0,0.0,0.0,-1.5707964,0.0
1970-01-01 00:00:00.293015099,0.293015099,0.0,192.29105,0.0,0.0,0.0,0.0,0.0,0.0,-1.5707964,0.0
1970-01-01 00:00:00.293056019,0.293056019,0.0,194.30882,0.0,0.0,0.0,0.0,0.0,0.0,-1.5707964,0.0
1970-01-01 00:00:00.293251112,0.293251112,0.0,121.9576,0.0,0.0,0.0,0.0,0.0,0.0,-1.5707964,0.0
1970-01-01 00:00:00.293397541,0.293397541,268.0683,0.0,0.0,0.0,0.0,0.0,0.0,0.0,-1.5707964,0.0
1970-01-01 00:00:00.293631651,0.293631651,102.77064,0.0,0.0,0.0,0.0,0.0,0.0,0.0,-1.5707964,0.0
1970-01-01 00:00:00.293720143,0.293720143,0.0,228.35019,0.0,0.0,0.0,0.0,0.0,0.0,-1.5707964,0.0
1970-01-01 00:00:00.294025462,0.294025462,0.0,0.0,0.0,0.0,131.22098,0.0,0.0,0.0,-1.5707964,0.0
1970-01-01 00:00:00.294049833,0.294049833,85.837425,0.0,0.0,0.0,0.0,0.0,0.0,0.0,-1.5707964,0.0
1970-01-01 00:00:00.294363636,0.294363636,0.0,90.2807,0.0,0.0,0.0,0.0,0.0,0.0,-1.5707964,0.0
1970-01-01 00:00:00.294534807,0.294534807,0.0,0.0,0.0,455.4967,0.0,0.0,0.0,0.0,-1.5707964,0.0
1970-01-01 00:00:00.294802113,0.294802113,0.0,0.0,0.0,0.0,105.04654,0.0,0.0,0.0,-1.5707964,0.0
1970-01-01 00:00:00.294923778,0.294923778,0.0,365.176,0.0,0.0,0.0,0.0,0.0,0.0,-1.5707964,0.0
1970-01-01 00:00:00.295175779,0.295175779,0.0,163.42178,0.0,0.0,0.0,0.0,0.0,0.0,-1.5707964,0.0
1970-01-01 00:00:00.295374695,0.295374695,0.0,0.0,0.0,0.0,98.901115,0.0,0.0,0.0,-1.5707964,0.0
1970-01-01 00:00:00.295521197,0.295521197,0.0,0.0,0.0,292.06793,0.0,0.0,0.0,0.0,-1.5707964,0.0
1970-01-01 00:00:00.295587964,0.295587964,0.0,0.0,0.0,86.83384,0.0,0.0,0.0,0.0,-1.5707964,0.0
1970-01-01 00:00:00.295723916,0.295723916,0.0,0.0,0.0,0.0,140.48381,0.0,0.0,0.0,-1.5707964,0.0
1970-01-01 00:00:00.295759989,0.295759989,0.0,191.93425,0.0,0.0,0.0,0.0,0.0,0.0,-1.5707964,0.0
1970-01-01 00:00:00.295910348,0.295910348,0.0,0.0,0.0,0.0,196.21918,0.0,0.0,0.0,-1.5707964,0.0
1970-01-01 00:00:00.296005295,0.296005295,0.0,159.10768,0.0,0.0,0.0,0.0,0.0,0.0,-1.5707964,0.0
1970-01-01 00:00:00.296026002,0.296026002,0.0,85.67487,0.0,0.0,0.0,0.0,0.0,0.0,-1.5707964,0.0
1970-01-01 00:00:00.296026002,0.296026002,0.0,0.0,0.0,0.0,83.9571,0.0,0.0,0.0,-1.5707964,0.0
1970-01-01 00:00:00.296254741,0.296254741,0.0,0.0,0.0,0.0,217.263,0.0,0.0,0.0,-1.5707964,0.0
1970-01-01 00:00:00.296644391,0.296644391,0.0,95.76989,0.0,0.0,0.0,0.0,0.0,0.0,-1.5707964,0.0
1970-01-01 00:00:00.296736382,0.296736382,0.0,0.0,0.0,0.0,90.51853,0.0,0.0,0.0,-1.5707964,0.0
1970-01-01 00:00:00.297267601,0.297267601,0.0,0.0,0.0,0.0,124.94782,0.0,0.0,0.0,-1.5707964,0.0
1970-01-01 00:00:00.297347724,0.297347724,0.0,0.0,0.0,109.03566,0.0,0.0,0.0,0.0,-1.5707964,0.0
1970-01-01 00:00:00.297351573,0.297351573,0.0,0.0,0.0,0.0,171.19952,0.0,0.0,0.0,-1.5707964,0.0
1970-01-01 00:00:00.297407256,0.297407256,0.0,84.220055,0.0,0.0,0.0,0.0,0.0,0.0,-1.5707964,0.0
1970-01-01 00:00:00.297641386,0.297641386,0.0,0.0,0.0,0.0,81.13896,0.0,0.0,0.0,-1.5707964,0.0
1970-01-01 00:00:00.297742557,0.297742557,0.0,0.0,0.0,132.73233,0.0,0.0,0.0,0.0,-1.5707964,0.0
1970-01-01 00:00:00.298087930,0.29808793,100.98611,0.0,0.0,0.0,0.0,0.0,0.0,0.0,-1.5707964,0.0
1970-01-01 00:00:00.298088802,0.298088802,0.0,0.0,0.0,0.0,212.1255,0.0,0.0,0.0,-1.5707964,0.0
1970-01-01 00:00:00.298361159,0.298361159,0.0,181.47768,0.0,0.0,0.0,0.0,0.0,0.0,-1.5707964,0.0
1970-01-01 00:00:00.298645155,0.298645155,0.0,108.03339,0.0,0.0,0.0,0.0,0.0,0.0,-1.5707964,0.0
1970-01-01 00:00:00.299047691,0.299047691,130.26308,0.0,0.0,0.0,0.0,0.0,0.0,0.0,-1.5707964,0.0
1970-01-01 00:00:00.299188349,0.299188349,0.0,195.22485,0.0,0.0,0.0,0.0,0.0,0.0,-1.5707964,0.0
1970-01-01 00:00:00.299437150,0.29943715,0.0,0.0,0.0,105.504234,0.0,0.0,0.0,0.0,-1.5707964,0.0
1970-01-01 00:00:00.300042009,0.300042009,0.0,0.0,257.21695,0.0,0.0,0.0,0.0,0.0,-1.5707964,0.0
1970-01-01 00:00:00.300298460,0.30029846,0.0,0.0,0.0,144.39352,0.0,0.0,0.0,0.0,-1.5707964,0.0
1970-01-01 00:00:00.300470756,0.300470756,0.0,119.7946,0.0,0.0,0.0,0.0,0.0,0.0,-1.5707964,0.0
1970-01-01 00:00:00.301027522,0.301027522,110.140205,0.0,0.0,0.0,0.0,0.0,0.0,0.0,-1.5707964,0.0
1970-01-01 00:00:00.301100348,0.301100348,0.0,179.6429,0.0,0.0,0.0,0.0,0.0,0.0,-1.5707964,0.0
1970-01-01 00:00:00.301136678,0.301136678,0.0,0.0,0.0,307.84616,0.0,0.0,0.0,0.0,-1.5707964,0.0
1970-01-01 00:00:00.301259461,0.301259461,0.0,103.03566,0.0,0.0,0.0,0.0,0.0,0.0,-1.5707964,0.0
1970-01-01 00:00:00.301479741,0.301479741,0.0,0.0,0.0,0.0,161.3926,0.0,0.0,0.0,-1.5707964,0.0
1970-01-01 00:00:00.301519382,0.301519382,0.0,0.0,0.0,330.75458,0.0,0.0,0.0,0.0,-1.5707964,0.0
1970-01-01 00:00:00.301778149,0.301778149,0.0,0.0,170.57872,0.0,0.0,0.0,0.0,0.0,-1.5707964,0.0
1970-01-01 00:00:00.301817392,0.301817392,0.0,0.0,0.0,0.0,0.0,80.96676,0.0,0.0,-1.5707964,0.0
1970-01-01 00:00:00.302397864,0.302397864,115.09374,0.0,0.0,0.0,0.0,0.0,0.0,0.0,-1.5707964,0.0
1970-01-01 00:00:00.302539149,0.302539149,303.9845,0.0,0.0,0.0,0.0,0.0,0.0,0.0,-1.5707964,0.0
1970-01-01 00:00:00.302606536,0.302606536,0.0,0.0,0.0,0.0,91.882164,0.0,0.0,0.0,-1.5707964,0.0
1970-01-01 00:00:00.302967663,0.302967663,0.0,131.99313,0.0,0.0,0.0,0.0,0.0,0.0,-1.5707964,0.0
1970-01-01 00:00:00.303056369,0.303056369,0.0,0.0,0.0,0.0,91.18382,0.0,0.0,0.0,-1.5707964,0.0
1970-01-01 00:00:00.303066167,0.303066167,87.717636,0.0,0.0,0.0,0.0,0.0,0.0,0.0,-1.5707964,0.0
1970-01-01 00:00:00.303252068,0.303252068,86.70407,0.0,0.0,0.0,0.0,0.0,0.0,0.0,-1.5707964,0.0
1970-01-01 00:00:00.303386205,0.303386205,0.0,0.0,0.0,0.0,205.73257,0.0,0.0,0.0,-1.5707964,0.0
1970-01-01 00:00:00.303453652,0.303453652,149.65538,0.0,0.0,0.0,0.0,0.0,0.0,0.0,-1.5707964,0.0
1970-01-01 00:00:00.303550864,0.303550864,0.0,0.0,0.0,0.0,0.0,143.32681,0.0,0.0,-1.5707964,0.0
1970-01-01 00:00:00.303696002,0.303696002,0.0,108.35392,0.0,0.0,0.0,0.0,0.0,0.0,-1.5707964,0.0
1970-01-01 00:00:00.303905937,0.303905937,0.0,0.0,0.0,0.0,231.7012,0.0,0.0,0.0,-1.5707964,0.0
1970-01-01 00:00:00.303952628,0.303952628,0.0,282.59616,0.0,0.0,0.0,0.0,0.0,0.0,-1.5707964,0.0
1970-01-01 00:00:00.304073788,0.304073788,0.0,0.0,0.0,124.069336,0.0,0.0,0.0,0.0,-1.5707964,0.0
1970-01-01 00:00:00.304086550,0.30408655,0.0,0.0,0.0,215.01009,0.0,0.0,0.0,0.0,-1.5707964,0.0
1970-01-01 00:00:00.304176020,0.30417602,0.0,0.0,0.0,104.10843,0.0,0.0,0.0,0.0,-1.5707964,0.0
1970-01-01 00:00:00.304254373,0.304254373,620.6867,0.0,0.0,0.0,0.0,0.0,0.0,0.0,-1.5707964,0.0
1970-01-01 00:00:00.304437309,0.304437309,0.0,0.0,0.0,0.0,81.16184,0.0,0.0,0.0,-1.5707964,0.0
1970-01-01 00:00:00.304562511,0.304562511,0.0,0.0,0.0,0.0,0.0,97.03104,0.0,0.0,-1.5707964,0.0
1970-01-01 00:00:00.304630863,0.304630863,0.0,0.0,0.0,181.90833,0.0,0.0,0.0,0.0,-1.5707964,0.0
1970-01-01 00:00:00.304641290,0.30464129,0.0,0.0,0.0,0.0,0.0,120.45506,0.0,0.0,-1.5707964,0.0
1970-01-01 00:00:00.304839024,0.304839024,0.0,0.0,0.0,175.67828,0.0,0.0,0.0,0.0,-1.5707964,0.0
1970-01-01 00:00:00.305343115,0.305343115,0.0,0.0,0.0,90.91244,0.0,0.0,0.0,0.0,-1.5707964,0.0
1970-01-01 00:00:00.305502008,0.305502008,0.0,0.0,0.0,273.6599,0.0,0.0,0.0,0.0,-1.5707964,0.0
1970-01-01 00:00:00.305589072,0.305589072,173.58835,0.0,0.0,0.0,0.0,0.0,0.0,0.0,-1.5707964,0.0
1970-01-01 00:00:00.305625401,0.305625401,0.0,0.0,0.0,0.0,210.97963,0.0,0.0,0.0,-1.5707964,0.0
1970-01-01 00:00:00.305682741,0.305682741,428.52127,0.0,0.0,0.0,0.0,0.0,0.0,0.0,-1.5707964,0.0
1970-01-01 00:00:00.305927269,0.305927269,0.0,365.3271,0.0,0.0,0.0,0.0,0.0,0.0,-1.5707964,0.0
1970-01-01 00:00:00.306123667,0.306123667,0.0,0.0,0.0,135.19856,0.0,0.0,0.0,0.0,-1.5707964,0.0
1970-01-01 00:00:00.306201020,0.30620102,0.0,288.52167,0.0,0.0,0.0,0.0,0.0,0.0,-1.5707964,0.0
1970-01-01 00:00:00.306311378,0.306311378,0.0,0.0,0.0,90.554306,0.0,0.0,0.0,0.0,-1.5707964,0.0
1970-01-01 00:00:00.306629591,0.306629591,0.0,0.0,0.0,0.0,145.40291,0.0,0.0,0.0,-1.5707964,0.0
1970-01-01 00:00:00.306673580,0.30667358,0.0,91.84398,0.0,0.0,0.0,0.0,0.0,0.0,-1.5707964,0.0
1970-01-01 00:00:00.306697189,0.306697189,134.70663,0.0,0.0,0.0,0.0,0.0,0.0,0.0,-1.5707964,0.0
1970-01-01 00:00:00.306727602,0.306727602,0.0,0.0,0.0,0.0,0.0,142.72076,0.0,0.0,-1.5707964,0.0
1970-01-01 00:00:00.306977347,0.306977347,0.0,213.9853,0.0,0.0,0.0,0.0,0.0,0.0,-1.5707964,0.0
1970-01-01 00:00:00.307025959,0.307025959,0.0,188.09058,0.0,0.0,0.0,0.0,0.0,0.0,-1.5707964,0.0
1970-01-01 00:00:00.307215483,0.307215483,0.0,0.0,0.0,351.0131,0.0,0.0,0.0,0.0,-1.5707964,0.0
1970-01-01 00:00:00.307266275,0.307266275,0.0,105.484055,0.0,0.0,0.0,0.0,0.0,0.0,-1.5707964,0.0
1970-01-01 00:00:00.307489564,0.307489564,0.0,84.570694,0.0,0.0,0.0,0.0,0.0,0.0,-1.5707964,0.0
1970-01-01 00:00:00.307588520,0.30758852,105.12079,0.0,0.0,0.0,0.0,0.0,0.0,0.0,-1.5707964,0.0
1970-01-01 00:00:00.307610909,0.307610909,0.0,191.83786,0.0,0.0,0.0,0.0,0.0,0.0,-1.5707964,0.0
1970-01-01 00:00:00.307706633,0.307706633,0.0,228.99146,0.0,0.0,0.0,0.0,0.0,0.0,-1.5707964,0.0
1970-01-01 00:00:00.307827282,0.307827282,0.0,243.14336,0.0,0.0,0.0,0.0,0.0,0.0,-1.5707964,0.0
1970-01-01 00:00:00.307902138,0.307902138,0.0,0.0,0.0,0.0,0.0,202.58525,0.0,0.0,-1.5707964,0.0
1970-01-01 00:00:00.308229994,0.308229994,0.0,0.0,0.0,0.0,84.2615,0.0,0.0,0.0,-1.5707964,0.0
1970-01-01 00:00:00.308292545,0.308292545,0.0,151.25493,0.0,0.0,0.0,0.0,0.0,0.0,-1.5707964,0.0
1970-01-01 00:00:00.308694364,0.308694364,0.0,118.42261,0.0,0.0,0.0,0.0,0.0,0.0,-1.5707964,0.0
1970-01-01 00:00:00.308790660,0.30879066,158.38211,0.0,0.0,0.0,0.0,0.0,0.0,0.0,-1.5707964,0.0
1970-01-01 00:00:00.308926776,0.308926776,126.53639,0.0,0.0,0.0,0.0,0.0,0.0,0.0,-1.5707964,0.0
1970-01-01 00:00:00.309011214,0.309011214,0.0,109.3137,0.0,0.0,0.0,0.0,0.0,0.0,-1.5707964,0.0
1970-01-01 00:00:00.309864929,0.309864929,196.3061,0.0,0.0,0.0,0.0,0.0,0.0,0.0,-1.5707964,0.0
1970-01-01 00:00:00.310209066,0.310209066,196.69606,0.0,0.0,0.0,0.0,0.0,0.0,0.0,-1.5707964,0.0
1970-01-01 00:00:00.310596950,0.31059695,0.0,0.0,0.0,0.0,371.48444,0.0,0.0,0.0,-1.5707964,0.0
1970-01-01 00:00:00.310597379,0.310597379,0.0,0.0,0.0,180.09067,0.0,0.0,0.0,0.0,-1.5707964,0.0
1970-01-01 00:00:00.310717995,0.310717995,125.88636,0.0,0.0,0.0,0.0,0.0,0.0,0.0,-1.5707964,0.0
1970-01-01 00:00:00.311282016,0.311282016,0.0,235.87729,0.0,0.0,0.0,0.0,0.0,0.0,-1.5707964,0.0
1970-01-01 00:00:00.311576371,0.311576371,280.48465,0.0,0.0,0.0,0.0,0.0,0.0,0.0,-1.5707964,0.0
1970-01-01 00:00:00.312473174,0.312473174,0.0,537.10266,0.0,0.0,0.0,0.0,0.0,0.0,-1.5707964,0.0
1970-01-01 00:00:00.312913442,0.312913442,0.0,0.0,0.0,128.21445,0.0,0.0,0.0,0.0,-1.5707964,0.0
1970-01-01 00:00:00.313104162,0.313104162,0.0,0.0,0.0,0.0,135.62129,0.0,0.0,0.0,-1.5707964,0.0
1970-01-01 00:00:00.313252654,0.313252654,316.45355,0.0,0.0,0.0,0.0,0.0,0.0,0.0,-1.5707964,0.0
1970-01-01 00:00:00.313252875,0.313252875,0.0,0.0,0.0,0.0,106.30423,0.0,0.0,0.0,-1.5707964,0.0
1970-01-01 00:00:00.313690598,0.313690598,0.0,0.0,0.0,544.8866,0.0,0.0,0.0,0.0,-1.5707964,0.0
1970-01-01 00:00:00.314150303,0.314150303,0.0,0.0,0.0,0.0,123.930435,0.0,0.0,0.0,-1.5707964,0.0
1970-01-01 00:00:00.314587979,0.314587979,204.05762,0.0,0.0,0.0,0.0,0.0,0.0,0.0,-1.5707964,0.0
1970-01-01 00:00:00.314612415,0.314612415,0.0,0.0,0.0,0.0,83.01157,0.0,0.0,0.0,-1.5707964,0.0
1970-01-01 00:00:00.314987585,0.314987585,238.25713,0.0,0.0,0.0,0.0,0.0,0.0,0.0,-1.5707964,0.0
1970-01-01 00:00:00.315199985,0.315199985,0.0,0.0,247.6367,0.0,0.0,0.0,0.0,0.0,-1.5707964,0.0
1970-01-01 00:00:00.315627673,0.315627673,164.8716,0.0,0.0,0.0,0.0,0.0,0.0,0.0,-1.5707964,0.0
1970-01-01 00:00:00.315633033,0.315633033,0.0,0.0,0.0,120.16314,0.0,0.0,0.0,0.0,-1.5707964,0.0
1970-01-01 00:00:00.315732004,0.315732004,0.0,0.0,0.0,0.0,169.401,0.0,0.0,0.0,-1.5707964,0.0
1970-01-01 00:00:00.315799238,0.315799238,0.0,0.0,0.0,88.37906,0.0,0.0,0.0,0.0,-1.5707964,0.0
1970-01-01 00:00:00.316247878,0.316247878,0.0,89.327866,0.0,0.0,0.0,0.0,0.0,0.0,-1.5707964,0.0
1970-01-01 00:00:00.316363589,0.316363589,0.0,105.24661,0.0,0.0,0.0,0.0,0.0,0.0,-1.5707964,0.0
1970-01-01 00:00:00.316518263,0.316518263,0.0,396.61826,0.0,0.0,0.0,0.0,0.0,0.0,-1.5707964,0.0
1970-01-01 00:00:00.316531508,0.316531508,0.0,118.523705,0.0,0.0,0.0,0.0,0.0,0.0,-1.5707964,0.0
1970-01-01 00:00:00.317136150,0.31713615,0.0,0.0,0.0,148.76201,0.0,0.0,0.0,0.0,-1.5707964,0.0
1970-01-01 00:00:00.317248889,0.317248889,0.0,0.0,0.0,107.65171,0.0,0.0,0.0,0.0,-1.5707964,0.0
1970-01-01 00:00:00.317379644,0.317379644,0.0,0.0,0.0,91.78377,0.0,0.0,0.0,0.0,-1.5707964,0.0
1970-01-01 00:00:00.317785330,0.31778533,0.0,100.10036,0.0,0.0,0.0,0.0,0.0,0.0,-1.5707964,0.0
1970-01-01 00:00:00.318115818,0.318115818,0.0,104.24765,0.0,0.0,0.0,0.0,0.0,0.0,-1.5707964,0.0
1970-01-01 00:00:00.318138302,0.318138302,0.0,0.0,0.0,0.0,91.237946,0.0,0.0,0.0,-1.5707964,0.0
1970-01-01 00:00:00.318575535,0.318575535,120.63475,0.0,0.0,0.0,0.0,0.0,0.0,0.0,-1.5707964,0.0
1970-01-01 00:00:00.318641406,0.318641406,0.0,0.0,0.0,122.150406,0.0,0.0,0.0,0.0,-1.5707964,0.0
1970-01-01 00:00:00.318878743,0.318878743,0.0,123.07169,0.0,0.0,0.0,0.0,0.0,0.0,-1.5707964,0.0
1970-01-01 00:00:00.319058448,0.319058448,0.0,277.4055,0.0,0.0,0.0,0.0,0.0,0.0,-1.5707964,0.0
1970-01-01 00:00:00.319130280,0.31913028,0.0,0.0,0.0,0.0,103.84341,0.0,0.0,0.0,-1.5707964,0.0
1970-01-01 00:00:00.319155196,0.319155196,0.0,101.89641,0.0,0.0,0.0,0.0,0.0,0.0,-1.5707964,0.0
1970-01-01 00:00:00.319174465,0.319174465,0.0,110.12808,0.0,0.0,0.0,0.0,0.0,0.0,-1.5707964,0.0
1970-01-01 00:00:00.319345198,0.319345198,0.0,204.09442,0.0,0.0,0.0,0.0,0.0,0.0,-1.5707964,0.0
1970-01-01 00:00:00.319455840,0.31945584,0.0,299.64627,0.0,0.0,0.0,0.0,0.0,0.0,-1.5707964,0.0
1970-01-01 00:00:00.320042266,0.320042266,0.0,0.0,0.0,230.29431,0.0,0.0,0.0,0.0,-1.5707964,0.0
1970-01-01 00:00:00.320630067,0.320630067,0.0,0.0,0.0,0.0,159.89838,0.0,0.0,0.0,-1.5707964,0.0
1970-01-01 00:00:00.321012322,0.321012322,0.0,0.0,0.0,0.0,149.3988,0.0,0.0,0.0,-1.5707964,0.0
1970-01-01 00:00:00.321156753,0.321156753,0.0,115.12078,0.0,0.0,0.0,0.0,0.0,0.0,-1.5707964,0.0
1970-01-01 00:00:00.321223905,0.321223905,0.0,0.0,0.0,85.650665,0.0,0.0,0.0,0.0,-1.5707964,0.0
1970-01-01 00:00:00.321629902,0.321629902,0.0,0.0,0.0,0.0,125.53878,0.0,0.0,0.0,-1.5707964,0.0
1970-01-01 00:00:00.321857941,0.321857941,197.95407,0.0,0.0,0.0,0.0,0.0,0.0,0.0,-1.5707964,0.0
1970-01-01 00:00:00.322113373,0.322113373,100.92343,0.0,0.0,0.0,0.0,0.0,0.0,0.0,-1.5707964,0.0
1970-01-01 00:00:00.322323894,0.322323894,0.0,0.0,0.0,82.12563,0.0,0.0,0.0,0.0,-1.5707964,0.0
1970-01-01 00:00:00.322575966,0.322575966,0.0,0.0,0.0,130.59322,0.0,0.0,0.0,0.0,-1.5707964,0.0
1970-01-01 00:00:00.323200699,0.323200699,0.0,0.0,0.0,0.0,82.327965,0.0,0.0,0.0,-1.5707964,0.0
1970-01-01 00:00:00.323350010,0.32335001,0.0,0.0,0.0,0.0,95.03683,0.0,0.0,0.0,-1.5707964,0.0
1970-01-01 00:00:00.323447416,0.323447416,0.0,0.0,0.0,230.6744,0.0,0.0,0.0,0.0,-1.5707964,0.0
1970-01-01 00:00:00.323448297,0.323448297,0.0,0.0,0.0,262.67917,0.0,0.0,0.0,0.0,-1.5707964,0.0
1970-01-01 00:00:00.323665371,0.323665371,0.0,0.0,0.0,0.0,103.05502,0.0,0.0,0.0,-1.5707964,0.0
1970-01-01 00:00:00.323739566,0.323739566,0.0,0.0,0.0,0.0,99.89696,0.0,0.0,0.0,-1.5707964,0.0
1970-01-01 00:00:00.323773688,0.323773688,221.69693,0.0,0.0,0.0,0.0,0.0,0.0,0.0,-1.5707964,0.0
1970-01-01 00:00:00.323782921,0.323782921,0.0,0.0,0.0,0.0,0.0,279.55206,0.0,0.0,-1.5707964,0.0
1970-01-01 00:00:00.323784100,0.3237841,0.0,0.0,0.0,246.25227,0.0,0.0,0.0,0.0,-1.5707964,0.0
1970-01-01 00:00:00.323785200,0.3237852,0.0,337.81415,0.0,0.0,0.0,0.0,0.0,0.0,-1.5707964,0.0
1970-01-01 00:00:00.323840246,0.323840246,0.0,201.72964,0.0,0.0,0.0,0.0,0.0,0.0,-1.5707964,0.0
1970-01-01 00:00:00.323878234,0.323878234,0.0,90.947754,0.0,0.0,0.0,0.0,0.0,0.0,-1.5707964,0.0
1970-01-01 00:00:00.324465998,0.324465998,0.0,103.196465,0.0,0.0,0.0,0.0,0.0,0.0,-1.5707964,0.0
1970-01-01 00:00:00.324524300,0.3245243,0.0,0.0,0.0,0.0,115.0555,0.0,0.0,0.0,-1.5707964,0.0
1970-01-01 00:00:00.324600064,0.324600064,81.592094,0.0,0.0,0.0,0.0,0.0,0.0,0.0,-1.5707964,0.0
1970-01-01 00:00:00.324628564,0.324628564,197.75887,0.0,0.0,0.0,0.0,0.0,0.0,0.0,-1.5707964,0.0
1970-01-01 00:00:00.324880801,0.324880801,0.0,0.0,0.0,167.88736,0.0,0.0,0.0,0.0,-1.5707964,0.0
1970-01-01 00:00:00.324883608,0.324883608,0.0,81.43155,0.0,0.0,0.0,0.0,0.0,0.0,-1.5707964,0.0
1970-01-01 00:00:00.325053950,0.32505395,128.03862,0.0,0.0,0.0,0.0,0.0,0.0,0.0,-1.5707964,0.0
1970-01-01 00:00:00.325489810,0.32548981,0.0,0.0,0.0,0.0,277.63733,0.0,0.0,0.0,-1.5707964,0.0
1970-01-01 00:00:00.325565584,0.325565584,0.0,0.0,0.0,208.08266,0.0,0.0,0.0,0.0,-1.5707964,0.0
1970-01-01 00:00:00.325837118,0.325837118,0.0,0.0,0.0,0.0,122.16882,0.0,0.0,0.0,-1.5707964,0.0
1970-01-01 00:00:00.326567862,0.326567862,87.33377,0.0,0.0,0.0,0.0,0.0,0.0,0.0,-1.5707964,0.0
1970-01-01 00:00:00.326784355,0.326784355,0.0,0.0,0.0,0.0,123.42556,0.0,0.0,0.0,-1.5707964,0.0
1970-01-01 00:00:00.327398733,0.327398733,0.0,0.0,0.0,0.0,149.5021,0.0,0.0,0.0,-1.5707964,0.0
1970-01-01 00:00:00.327502014,0.327502014,386.9751,0.0,0.0,0.0,0.0,0.0,0.0,0.0,-1.5707964,0.0
1970-01-01 00:00:00.327578340,0.32757834,0.0,99.4801,0.0,0.0,0.0,0.0,0.0,0.0,-1.5707964,0.0
1970-01-01 00:00:00.327612883,0.327612883,0.0,0.0,0.0,0.0,196.77074,0.0,0.0,0.0,-1.5707964,0.0
1970-01-01 00:00:00.327657060,0.32765706,0.0,188.83151,0.0,0.0,0.0,0.0,0.0,0.0,-1.5707964,0.0
1970-01-01 00:00:00.327657815,0.327657815,92.862686,0.0,0.0,0.0,0.0,0.0,0.0,0.0,-1.5707964,0.0
1970-01-01 00:00:00.327756015,0.327756015,0.0,0.0,0.0,113.75303,0.0,0.0,0.0,0.0,-1.5707964,0.0
1970-01-01 00:00:00.327948041,0.327948041,0.0,0.0,0.0,155.61809,0.0,0.0,0.0,0.0,-1.5707964,0.0
1970-01-01 00:00:00.328448964,0.328448964,0.0,134.1278,0.0,0.0,0.0,0.0,0.0,0.0,-1.5707964,0.0
1970-01-01 00:00:00.328706334,0.328706334,0.0,0.0,0.0,0.0,107.12821,0.0,0.0,0.0,-1.5707964,0.0
1970-01-01 00:00:00.328912326,0.328912326,0.0,0.0,0.0,0.0,0.0,169.066,0.0,0.0,-1.5707964,0.0
1970-01-01 00:00:00.329016791,0.329016791,0.0,147.3409,0.0,0.0,0.0,0.0,0.0,0.0,-1.5707964,0.0
1970-01-01 00:00:00.329398575,0.329398575,251.62407,0.0,0.0,0.0,0.0,0.0,0.0,0.0,-1.5707964,0.0
1970-01-01 00:00:00.329440217,0.329440217,118.30224,0.0,0.0,0.0,0.0,0.0,0.0,0.0,-1.5707964,0.0
1970-01-01 00:00:00.329466433,0.329466433,0.0,196.3356,0.0,0.0,0.0,0.0,0.0,0.0,-1.5707964,0.0
1970-01-01 00:00:00.329631340,0.32963134,187.66159,0.0,0.0,0.0,0.0,0.0,0.0,0.0,-1.5707964,0.0
1970-01-01 00:00:00.330512912,0.330512912,0.0,0.0,0.0,0.0,321.4058,0.0,0.0,0.0,-1.5707964,0.0
1970-01-01 00:00:00.331159262,0.331159262,0.0,0.0,0.0,118.10985,0.0,0.0,0.0,0.0,-1.5707964,0.0
1970-01-01 00:00:00.331236473,0.331236473,0.0,269.13385,0.0,0.0,0.0,0.0,0.0,0.0,-1.5707964,0.0
1970-01-01 00:00:00.331309235,0.331309235,0.0,0.0,0.0,145.23204,0.0,0.0,0.0,0.0,-1.5707964,0.0
1970-01-01 00:00:00.331437022,0.331437022,0.0,0.0,0.0,0.0,200.95287,0.0,0.0,0.0,-1.5707964,0.0
1970-01-01 00:00:00.331517515,0.331517515,0.0,0.0,0.0,0.0,87.95067,0.0,0.0,0.0,-1.5707964,0.0
1970-01-01 00:00:00.331737279,0.331737279,0.0,196.20616,0.0,0.0,0.0,0.0,0.0,0.0,-1.5707964,0.0
1970-01-01 00:00:00.331936769,0.331936769,0.0,0.0,0.0,0.0,158.08351,0.0,0.0,0.0,-1.5707964,0.0
1970-01-01 00:00:00.332313182,0.332313182,0.0,84.5147,0.0,0.0,0.0,0.0,0.0,0.0,-1.5707964,0.0
1970-01-01 00:00:00.332317198,0.332317198,0.0,0.0,0.0,0.0,104.050896,0.0,0.0,0.0,-1.5707964,0.0
1970-01-01 00:00:00.332719251,0.332719251,0.0,0.0,0.0,167.5063,0.0,0.0,0.0,0.0,-1.5707964,0.0
1970-01-01 00:00:00.332757554,0.332757554,0.0,0.0,0.0,0.0,0.0,118.05326,0.0,0.0,-1.5707964,0.0
1970-01-01 00:00:00.332890627,0.332890627,0.0,0.0,0.0,0.0,88.6387,0.0,0.0,0.0,-1.5707964,0.0
1970-01-01 00:00:00.332895616,0.332895616,0.0,0.0,0.0,0.0,138.47336,0.0,0.0,0.0,-1.5707964,0.0
1970-01-01 00:00:00.332922339,0.332922339,0.0,145.92996,0.0,0.0,0.0,0.0,0.0,0.0,-1.5707964,0.0
1970-01-01 00:00:00.333257175,0.333257175,0.0,86.94347,0.0,0.0,0.0,0.0,0.0,0.0,-1.5707964,0.0
1970-01-01 00:00:00.333457538,0.333457538,0.0,243.07744,0.0,0.0,0.0,0.0,0.0,0.0,-1.5707964,0.0
1970-01-01 00:00:00.333499658,0.333499658,0.0,0.0,0.0,0.0,146.75801,0.0,0.0,0.0,-1.5707964,0.0
1970-01-01 00:00:00.333811396,0.333811396,0.0,91.000916,0.0,0.0,0.0,0.0,0.0,0.0,-1.5707964,0.0
1970-01-01 00:00:00.333815977,0.333815977,0.0,269.96332,0.0,0.0,0.0,0.0,0.0,0.0,-1.5707964,0.0
1970-01-01 00:00:00.334038446,0.334038446,0.0,0.0,0.0,0.0,0.0,200.1891,0.0,0.0,-1.5707964,0.0
1970-01-01 00:00:00.334290925,0.334290925,0.0,0.0,0.0,108.83323,0.0,0.0,0.0,0.0,-1.5707964,0.0
1970-01-01 00:00:00.334345249,0.334345249,87.181206,0.0,0.0,0.0,0.0,0.0,0.0,0.0,-1.5707964,0.0
1970-01-01 00:00:00.334396612,0.334396612,0.0,0.0,0.0,229.86395,0.0,0.0,0.0,0.0,-1.5707964,0.0
1970-01-01 00:00:00.334697235,0.334697235,0.0,124.244606,0.0,0.0,0.0,0.0,0.0,0.0,-1.5707964,0.0
1970-01-01 00:00:00.335054419,0.335054419,0.0,0.0,0.0,0.0,219.35262,0.0,0.0,0.0,-1.5707964,0.0
1970-01-01 00:00:00.335339447,0.335339447,0.0,0.0,0.0,116.42243,0.0,0.0,0.0,0.0,-1.5707964,0.0
1970-01-01 00:00:00.335347387,0.335347387,0.0,99.083305,0.0,0.0,0.0,0.0,0.0,0.0,-1.5707964,0.0
1970-01-01 00:00:00.335371816,0.335371816,0.0,0.0,0.0,0.0,92.88303,0.0,0.0,0.0,-1.5707964,0.0
1970-01-01 00:00:00.335414173,0.335414173,433.69403,0.0,0.0,0.0,0.0,0.0,0.0,0.0,-1.5707964,0.0
1970-01-01 00:00:00.335719408,0.335719408,0.0,0.0,0.0,0.0,80.96584,0.0,0.0,0.0,-1.5707964,0.0
1970-01-01 00:00:00.335737618,0.335737618,0.0,114.34172,0.0,0.0,0.0,0.0,0.0,0.0,-1.5707964,0.0
1970-01-01 00:00:00.335751008,0.335751008,0.0,108.68837,0.0,0.0,0.0,0.0,0.0,0.0,-1.5707964,0.0
1970-01-01 00:00:00.335865128,0.335865128,0.0,219.94896,0.0,0.0,0.0,0.0,0.0,0.0,-1.5707964,0.0
1970-01-01 00:00:00.335993481,0.335993481,0.0,211.23581,0.0,0.0,0.0,0.0,0.0,0.0,-1.5707964,0.0
1970-01-01 00:00:00.336108357,0.336108357,0.0,322.7443,0.0,0.0,0.0,0.0,0.0,0.0,-1.5707964,0.0
1970-01-01 00:00:00.336116314,0.336116314,126.89167,0.0,0.0,0.0,0.0,0.0,0.0,0.0,-1.5707964,0.0
1970-01-01 00:00:00.336128659,0.336128659,0.0,0.0,0.0,134.08203,0.0,0.0,0.0,0.0,-1.5707964,0.0
1970-01-01 00:00:00.336167901,0.336167901,0.0,158.8346,0.0,0.0,0.0,0.0,0.0,0.0,-1.5707964,0.0
1970-01-01 00:00:00.336327170,0.33632717,0.0,95.70288,0.0,0.0,0.0,0.0,0.0,0.0,-1.5707964,0.0
1970-01-01 00:00:00.336480702,0.336480702,0.0,311.3864,0.0,0.0,0.0,0.0,0.0,0.0,-1.5707964,0.0
1970-01-01 00:00:00.336626629,0.336626629,307.14203,0.0,0.0,0.0,0.0,0.0,0.0,0.0,-1.5707964,0.0
1970-01-01 00:00:00.336771217,0.336771217,0.0,0.0,97.71367,0.0,0.0,0.0,0.0,0.0,-1.5707964,0.0
1970-01-01 00:00:00.336800919,0.336800919,0.0,112.47804,0.0,0.0,0.0,0.0,0.0,0.0,-1.5707964,0.0
1970-01-01 00:00:00.337071057,0.337071057,0.0,0.0,0.0,0.0,197.26782,0.0,0.0,0.0,-1.5707964,0.0
1970-01-01 00:00:00.337092210,0.33709221,0.0,0.0,0.0,117.70734,0.0,0.0,0.0,0.0,-1.5707964,0.0
1970-01-01 00:00:00.337182441,0.337182441,118.70675,0.0,0.0,0.0,0.0,0.0,0.0,0.0,-1.5707964,0.0
1970-01-01 00:00:00.337209185,0.337209185,0.0,0.0,0.0,273.1754,0.0,0.0,0.0,0.0,-1.5707964,0.0
1970-01-01 00:00:00.337253410,0.33725341,0.0,0.0,0.0,0.0,0.0,207.81418,0.0,0.0,-1.5707964,0.0
1970-01-01 00:00:00.337375237,0.337375237,150.10228,0.0,0.0,0.0,0.0,0.0,0.0,0.0,-1.5707964,0.0
1970-01-01 00:00:00.337400109,0.337400109,0.0,0.0,0.0,194.81041,0.0,0.0,0.0,0.0,-1.5707964,0.0
1970-01-01 00:00:00.337555638,0.337555638,0.0,110.74109,0.0,0.0,0.0,0.0,0.0,0.0,-1.5707964,0.0
1970-01-01 00:00:00.337747963,0.337747963,86.83349,0.0,0.0,0.0,0.0,0.0,0.0,0.0,-1.5707964,0.0
1970-01-01 00:00:00.337866319,0.337866319,0.0,0.0,101.244225,0.0,0.0,0.0,0.0,0.0,-1.5707964,0.0
1970-01-01 00:00:00.337940663,0.337940663,135.79785,0.0,0.0,0.0,0.0,0.0,0.0,0.0,-1.5707964,0.0
1970-01-01 00:00:00.338073859,0.338073859,0.0,144.44897,0.0,0.0,0.0,0.0,0.0,0.0,-1.5707964,0.0
1970-01-01 00:00:00.338336950,0.33833695,0.0,0.0,0.0,0.0,128.1622,0.0,0.0,0.0,-1.5707964,0.0
1970-01-01 00:00:00.338408388,0.338408388,215.1668,0.0,0.0,0.0,0.0,0.0,0.0,0.0,-1.5707964,0.0
1970-01-01 00:00:00.338449799,0.338449799,0.0,187.56064,0.0,0.0,0.0,0.0,0.0,0.0,-1.5707964,0.0
1970-01-01 00:00:00.338481174,0.338481174,0.0,0.0,0.0,0.0,208.22772,0.0,0.0,0.0,-1.5707964,0.0
1970-01-01 00:00:00.338568628,0.338568628,0.0,0.0,0.0,0.0,100.059715,0.0,0.0,0.0,-1.5707964,0.0
1970-01-01 00:00:00.338807785,0.338807785,0.0,244.82768,0.0,0.0,0.0,0.0,0.0,0.0,-1.5707964,0.0
1970-01-01 00:00:00.338988026,0.338988026,0.0,123.07306,0.0,0.0,0.0,0.0,0.0,0.0,-1.5707964,0.0
1970-01-01 00:00:00.339219045,0.339219045,0.0,147.28163,0.0,0.0,0.0,0.0,0.0,0.0,-1.5707964,0.0
1970-01-01 00:00:00.339460485,0.339460485,0.0,0.0,0.0,0.0,185.32077,0.0,0.0,0.0,-1.5707964,0.0
1970-01-01 00:00:00.339565900,0.3395659,0.0,88.07986,0.0,0.0,0.0,0.0,0.0,0.0,-1.5707964,0.0
1970-01-01 00:00:00.339869825,0.339869825,0.0,100.60002,0.0,0.0,0.0,0.0,0.0,0.0,-1.5707964,0.0
1970-01-01 00:00:00.339915441,0.339915441,173.77979,0.0,0.0,0.0,0.0,0.0,0.0,0.0,-1.5707964,0.0
1970-01-01 00:00:00.340108917,0.340108917,0.0,0.0,0.0,0.0,0.0,241.82744,0.0,0.0,-1.5707964,0.0
1970-01-01 00:00:00.340234891,0.340234891,333.81894,0.0,0.0,0.0,0.0,0.0,0.0,0.0,-1.5707964,0.0
1970-01-01 00:00:00.340243021,0.340243021,864.7558,0.0,0.0,0.0,0.0,0.0,0.0,0.0,-1.5707964,0.0
1970-01-01 00:00:00.340244231,0.340244231,0.0,0.0,0.0,0.0,155.26802,0.0,0.0,0.0,-1.5707964,0.0
1970-01-01 00:00:00.340387000,0.340387,105.4458,0.0,0.0,0.0,0.0,0.0,0.0,0.0,-1.5707964,0.0
1970-01-01 00:00:00.340443745,0.340443745,0.0,0.0,0.0,0.0,0.0,173.90446,0.0,0.0,-1.5707964,0.0
1970-01-01 00:00:00.340550907,0.340550907,0.0,94.17915,0.0,0.0,0.0,0.0,0.0,0.0,-1.5707964,0.0
1970-01-01 00:00:00.340563672,0.340563672,141.52968,0.0,0.0,0.0,0.0,0.0,0.0,0.0,-1.5707964,0.0
1970-01-01 00:00:00.340714376,0.340714376,0.0,0.0,0.0,0.0,0.0,143.38124,0.0,0.0,-1.5707964,0.0
1970-01-01 00:00:00.341112721,0.341112721,133.84482,0.0,0.0,0.0,0.0,0.0,0.0,0.0,-1.5707964,0.0
1970-01-01 00:00:00.341153075,0.341153075,0.0,101.71413,0.0,0.0,0.0,0.0,0.0,0.0,-1.5707964,0.0
1970-01-01 00:00:00.341481358,0.341481358,0.0,0.0,0.0,0.0,0.0,222.02733,0.0,0.0,-1.5707964,0.0
1970-01-01 00:00:00.341520364,0.341520364,0.0,156.85657,0.0,0.0,0.0,0.0,0.0,0.0,-1.5707964,0.0
1970-01-01 00:00:00.341711816,0.341711816,0.0,248.98593,0.0,0.0,0.0,0.0,0.0,0.0,-1.5707964,0.0
1970-01-01 00:00:00.341769287,0.341769287,0.0,0.0,0.0,90.324844,0.0,0.0,0.0,0.0,-1.5707964,0.0
1970-01-01 00:00:00.341858180,0.34185818,0.0,132.81602,0.0,0.0,0.0,0.0,0.0,0.0,-1.5707964,0.0
1970-01-01 00:00:00.341862530,0.34186253,669.2819,0.0,0.0,0.0,0.0,0.0,0.0,0.0,-1.5707964,0.0
1970-01-01 00:00:00.342149415,0.342149415,0.0,0.0,0.0,0.0,137.08253,0.0,0.0,0.0,-1.5707964,0.0
1970-01-01 00:00:00.342566188,0.342566188,0.0,130.28836,0.0,0.0,0.0,0.0,0.0,0.0,-1.5707964,0.0
1970-01-01 00:00:00.342690594,0.342690594,129.0861,0.0,0.0,0.0,0.0,0.0,0.0,0.0,-1.5707964,0.0
1970-01-01 00:00:00.342955894,0.342955894,0.0,0.0,0.0,0.0,0.0,109.51095,0.0,0.0,-1.5707964,0.0
1970-01-01 00:00:00.343141228,0.343141228,87.59283,0.0,0.0,0.0,0.0,0.0,0.0,0.0,-1.5707964,0.0
1970-01-01 00:00:00.343480224,0.343480224,0.0,175.74962,0.0,0.0,0.0,0.0,0.0,0.0,-1.5707964,0.0
1970-01-01 00:00:00.343676537,0.343676537,0.0,81.15157,0.0,0.0,0.0,0.0,0.0,0.0,-1.5707964,0.0
1970-01-01 00:00:00.344024049,0.344024049,0.0,100.52993,0.0,0.0,0.0,0.0,0.0,0.0,-1.5707964,0.0
1970-01-01 00:00:00.344163638,0.344163638,0.0,0.0,0.0,94.4806,0.0,0.0,0.0,0.0,-1.5707964,0.0
1970-01-01 00:00:00.344173034,0.344173034,0.0,0.0,0.0,257.42908,0.0,0.0,0.0,0.0,-1.5707964,0.0
1970-01-01 00:00:00.344226135,0.344226135,0.0,243.30309,0.0,0.0,0.0,0.0,0.0,0.0,-1.5707964,0.0
1970-01-01 00:00:00.344466331,0.344466331,0.0,0.0,0.0,0.0,302.04364,0.0,0.0,0.0,-1.5707964,0.0
1970-01-01 00:00:00.344555446,0.344555446,0.0,0.0,0.0,96.901726,0.0,0.0,0.0,0.0,-1.5707964,0.0
1970-01-01 00:00:00.344664790,0.34466479,0.0,165.38379,0.0,0.0,0.0,0.0,0.0,0.0,-1.5707964,0.0
1970-01-01 00:00:00.344714403,0.344714403,0.0,106.6411,0.0,0.0,0.0,0.0,0.0,0.0,-1.5707964,0.0
1970-01-01 00:00:00.344790933,0.344790933,213.91344,0.0,0.0,0.0,0.0,0.0,0.0,0.0,-1.5707964,0.0
1970-01-01 00:00:00.344832305,0.344832305,0.0,0.0,0.0,137.94441,0.0,0.0,0.0,0.0,-1.5707964,0.0
1970-01-01 00:00:00.345268007,0.345268007,0.0,124.16748,0.0,0.0,0.0,0.0,0.0,0.0,-1.5707964,0.0
1970-01-01 00:00:00.345750747,0.345750747,0.0,144.96857,0.0,0.0,0.0,0.0,0.0,0.0,-1.5707964,0.0
1970-01-01 00:00:00.346439120,0.34643912,0.0,116.071686,0.0,0.0,0.0,0.0,0.0,0.0,-1.5707964,0.0
1970-01-01 00:00:00.346482671,0.346482671,0.0,0.0,0.0,0.0,153.07011,0.0,0.0,0.0,-1.5707964,0.0
1970-01-01 00:00:00.346489731,0.346489731,0.0,154.42651,0.0,0.0,0.0,0.0,0.0,0.0,-1.5707964,0.0
1970-01-01 00:00:00.346499428,0.346499428,0.0,0.0,0.0,454.88663,0.0,0.0,0.0,0.0,-1.5707964,0.0
1970-01-01 00:00:00.346515550,0.34651555,0.0,0.0,0.0,0.0,108.71126,0.0,0.0,0.0,-1.5707964,0.0
1970-01-01 00:00:00.346533270,0.34653327,110.77245,0.0,0.0,0.0,0.0,0.0,0.0,0.0,-1.5707964,0.0
1970-01-01 00:00:00.346801678,0.346801678,0.0,248.62086,0.0,0.0,0.0,0.0,0.0,0.0,-1.5707964,0.0
1970-01-01 00:00:00.346901678,0.346901678,113.422554,0.0,0.0,0.0,0.0,0.0,0.0,0.0,-1.5707964,0.0
1970-01-01 00:00:00.347010966,0.347010966,0.0,0.0,0.0,0.0,131.11296,0.0,0.0,0.0,-1.5707964,0.0
1970-01-01 00:00:00.347106861,0.347106861,0.0,0.0,346.45605,0.0,0.0,0.0,0.0,0.0,-1.5707964,0.0
1970-01-01 00:00:00.347112891,0.347112891,0.0,0.0,0.0,0.0,236.9768,0.0,0.0,0.0,-1.5707964,0.0
1970-01-01 00:00:00.347198673,0.347198673,0.0,0.0,0.0,0.0,82.25533,0.0,0.0,0.0,-1.5707964,0.0
1970-01-01 00:00:00.347406588,0.347406588,0.0,0.0,0.0,0.0,94.18999,0.0,0.0,0.0,-1.5707964,0.0
1970-01-01 00:00:00.347425496,0.347425496,0.0,0.0,0.0,0.0,118.040405,0.0,0.0,0.0,-1.5707964,0.0
1970-01-01 00:00:00.347547332,0.347547332,0.0,0.0,0.0,0.0,223.9905,0.0,0.0,0.0,-1.5707964,0.0
1970-01-01 00:00:00.347892697,0.347892697,0.0,187.00043,0.0,0.0,0.0,0.0,0.0,0.0,-1.5707964,0.0
1970-01-01 00:00:00.348038901,0.348038901,93.65932,0.0,0.0,0.0,0.0,0.0,0.0,0.0,-1.5707964,0.0
1970-01-01 00:00:00.348169931,0.348169931,0.0,0.0,0.0,0.0,106.35225,0.0,0.0,0.0,-1.5707964,0.0
1970-01-01 00:00:00.348510066,0.348510066,0.0,0.0,0.0,0.0,159.20131,0.0,0.0,0.0,-1.5707964,0.0
1970-01-01 00:00:00.348593668,0.348593668,0.0,0.0,0.0,0.0,0.0,98.975685,0.0,0.0,-1.5707964,0.0
1970-01-01 00:00:00.348895953,0.348895953,0.0,120.689255,0.0,0.0,0.0,0.0,0.0,0.0,-1.5707964,0.0
1970-01-01 00:00:00.348984169,0.348984169,0.0,0.0,0.0,0.0,102.71907,0.0,0.0,0.0,-1.5707964,0.0
1970-01-01 00:00:00.349093522,0.349093522,0.0,0.0,0.0,488.85123,0.0,0.0,0.0,0.0,-1.5707964,0.0
1970-01-01 00:00:00.349344053,0.349344053,0.0,0.0,0.0,0.0,0.0,149.93602,0.0,0.0,-1.5707964,0.0
1970-01-01 00:00:00.349389293,0.349389293,0.0,129.58417,0.0,0.0,0.0,0.0,0.0,0.0,-1.5707964,0.0
1970-01-01 00:00:00.349407616,0.349407616,131.10455,0.0,0.0,0.0,0.0,0.0,0.0,0.0,-1.5707964,0.0
1970-01-01 00:00:00.349487330,0.34948733,0.0,0.0,0.0,275.02893,0.0,0.0,0.0,0.0,-1.5707964,0.0
1970-01-01 00:00:00.349705814,0.349705814,0.0,166.1308,0.0,0.0,0.0,0.0,0.0,0.0,-1.5707964,0.0
1970-01-01 00:00:00.349707525,0.349707525,0.0,0.0,0.0,0.0,80.405846,0.0,0.0,0.0,-1.5707964,0.0
1970-01-01 00:00:00.349821980,0.34982198,0.0,140.2359,0.0,0.0,0.0,0.0,0.0,0.0,-1.5707964,0.0
1970-01-01 00:00:00.349840376,0.349840376,0.0,89.7189,0.0,0.0,0.0,0.0,0.0,0.0,-1.5707964,0.0
1970-01-01 00:00:00.349860297,0.349860297,187.56241,0.0,0.0,0.0,0.0,0.0,0.0,0.0,-1.5707964,0.0
1970-01-01 00:00:00.349959445,0.349959445,0.0,0.0,0.0,0.0,100.6789,0.0,0.0,0.0,-1.5707964,0.0
1970-01-01 00:00:00.350226007,0.350226007,0.0,165.6603,0.0,0.0,0.0,0.0,0.0,0.0,-1.5707964,0.0
1970-01-01 00:00:00.350257863,0.350257863,0.0,0.0,0.0,0.0,145.02675,0.0,0.0,0.0,-1.5707964,0.0
1970-01-01 00:00:00.350388117,0.350388117,0.0,0.0,0.0,345.165,0.0,0.0,0.0,0.0,-1.5707964,0.0
1970-01-01 00:00:00.350534818,0.350534818,0.0,235.74315,0.0,0.0,0.0,0.0,0.0,0.0,-1.5707964,0.0
1970-01-01 00:00:00.350663001,0.350663001,0.0,0.0,0.0,0.0,107.58318,0.0,0.0,0.0,-1.5707964,0.0
1970-01-01 00:00:00.350827150,0.35082715,0.0,0.0,0.0,0.0,259.08786,0.0,0.0,0.0,-1.5707964,0.0
1970-01-01 00:00:00.350878433,0.350878433,143.71712,0.0,0.0,0.0,0.0,0.0,0.0,0.0,-1.5707964,0.0
1970-01-01 00:00:00.350997379,0.350997379,0.0,0.0,0.0,159.35985,0.0,0.0,0.0,0.0,-1.5707964,0.0
1970-01-01 00:00:00.351032589,0.351032589,114.32625,0.0,0.0,0.0,0.0,0.0,0.0,0.0,-1.5707964,0.0
1970-01-01 00:00:00.351102246,0.351102246,0.0,186.02548,0.0,0.0,0.0,0.0,0.0,0.0,-1.5707964,0.0
1970-01-01 00:00:00.351456654,0.351456654,0.0,106.2229,0.0,0.0,0.0,0.0,0.0,0.0,-1.5707964,0.0
1970-01-01 00:00:00.351673845,0.351673845,0.0,0.0,0.0,0.0,0.0,115.81605,0.0,0.0,-1.5707964,0.0
1970-01-01 00:00:00.351756126,0.351756126,0.0,0.0,0.0,0.0,103.069214,0.0,0.0,0.0,-1.5707964,0.0
1970-01-01 00:00:00.351816751,0.351816751,0.0,0.0,0.0,0.0,189.03929,0.0,0.0,0.0,-1.5707964,0.0
1970-01-01 00:00:00.351838042,0.351838042,0.0,131.15942,0.0,0.0,0.0,0.0,0.0,0.0,-1.5707964,0.0
1970-01-01 00:00:00.351943036,0.351943036,0.0,0.0,0.0,0.0,182.78412,0.0,0.0,0.0,-1.5707964,0.0
1970-01-01 00:00:00.352023868,0.352023868,0.0,0.0,0.0,0.0,122.5515,0.0,0.0,0.0,-1.5707964,0.0
1970-01-01 00:00:00.352224262,0.352224262,0.0,100.40729,0.0,0.0,0.0,0.0,0.0,0.0,-1.5707964,0.0
1970-01-01 00:00:00.352347875,0.352347875,81.046234,0.0,0.0,0.0,0.0,0.0,0.0,0.0,-1.5707964,0.0
1970-01-01 00:00:00.352381315,0.352381315,0.0,92.39149,0.0,0.0,0.0,0.0,0.0,0.0,-1.5707964,0.0
1970-01-01 00:00:00.352386890,0.35238689,0.0,209.5557,0.0,0.0,0.0,0.0,0.0,0.0,-1.5707964,0.0
1970-01-01 00:00:00.352660475,0.352660475,132.64243,0.0,0.0,0.0,0.0,0.0,0.0,0.0,-1.5707964,0.0
1970-01-01 00:00:00.352956928,0.352956928,0.0,0.0,0.0,0.0,175.16762,0.0,0.0,0.0,-1.5707964,0.0
1970-01-01 00:00:00.353646459,0.353646459,0.0,231.97574,0.0,0.0,0.0,0.0,0.0,0.0,-1.5707964,0.0
1970-01-01 00:00:00.353685234,0.353685234,0.0,0.0,0.0,0.0,97.63439,0.0,0.0,0.0,-1.5707964,0.0
1970-01-01 00:00:00.353819086,0.353819086,0.0,0.0,0.0,0.0,104.07983,0.0,0.0,0.0,-1.5707964,0.0
1970-01-01 00:00:00.353988655,0.353988655,0.0,258.783,0.0,0.0,0.0,0.0,0.0,0.0,-1.5707964,0.0
1970-01-01 00:00:00.354026104,0.354026104,0.0,0.0,0.0,0.0,0.0,109.99095,0.0,0.0,-1.5707964,0.0
1970-01-01 00:00:00.354094833,0.354094833,0.0,0.0,0.0,0.0,135.42694,0.0,0.0,0.0,-1.5707964,0.0
1970-01-01 00:00:00.354239448,0.354239448,0.0,122.37081,0.0,0.0,0.0,0.0,0.0,0.0,-1.5707964,0.0
1970-01-01 00:00:00.354371015,0.354371015,181.2472,0.0,0.0,0.0,0.0,0.0,0.0,0.0,-1.5707964,0.0
1970-01-01 00:00:00.354529054,0.354529054,0.0,0.0,0.0,0.0,209.22585,0.0,0.0,0.0,-1.5707964,0.0
1970-01-01 00:00:00.354544782,0.354544782,0.0,161.64133,0.0,0.0,0.0,0.0,0.0,0.0,-1.5707964,0.0
1970-01-01 00:00:00.354808391,0.354808391,0.0,0.0,0.0,88.24059,0.0,0.0,0.0,0.0,-1.5707964,0.0
1970-01-01 00:00:00.354948944,0.354948944,470.38977,0.0,0.0,0.0,0.0,0.0,0.0,0.0,-1.5707964,0.0
1970-01-01 00:00:00.355129580,0.35512958,0.0,0.0,0.0,0.0,143.38036,0.0,0.0,0.0,-1.5707964,0.0
1970-01-01 00:00:00.355283667,0.355283667,138.85062,0.0,0.0,0.0,0.0,0.0,0.0,0.0,-1.5707964,0.0
1970-01-01 00:00:00.355609064,0.355609064,0.0,0.0,0.0,0.0,199.96638,0.0,0.0,0.0,-1.5707964,0.0
1970-01-01 00:00:00.355731372,0.355731372,0.0,0.0,0.0,0.0,122.41452,0.0,0.0,0.0,-1.5707964,0.0
1970-01-01 00:00:00.355995299,0.355995299,0.0,0.0,0.0,0.0,314.05344,0.0,0.0,0.0,-1.5707964,0.0
1970-01-01 00:00:00.357026944,0.357026944,0.0,83.52847,0.0,0.0,0.0,0.0,0.0,0.0,-1.5707964,0.0
1970-01-01 00:00:00.357043849,0.357043849,286.62665,0.0,0.0,0.0,0.0,0.0,0.0,0.0,-1.5707964,0.0
1970-01-01 00:00:00.357173879,0.357173879,147.42618,0.0,0.0,0.0,0.0,0.0,0.0,0.0,-1.5707964,0.0
1970-01-01 00:00:00.357396015,0.357396015,0.0,0.0,0.0,0.0,113.77126,0.0,0.0,0.0,-1.5707964,0.0
1970-01-01 00:00:00.357526473,0.357526473,0.0,0.0,0.0,167.84988,0.0,0.0,0.0,0.0,-1.5707964,0.0
1970-01-01 00:00:00.357703626,0.357703626,124.62428,0.0,0.0,0.0,0.0,0.0,0.0,0.0,-1.5707964,0.0
1970-01-01 00:00:00.357704013,0.357704013,0.0,117.07106,0.0,0.0,0.0,0.0,0.0,0.0,-1.5707964,0.0
1970-01-01 00:00:00.357719989,0.357719989,190.98961,0.0,0.0,0.0,0.0,0.0,0.0,0.0,-1.5707964,0.0
1970-01-01 00:00:00.358460165,0.358460165,0.0,0.0,0.0,0.0,0.0,129.05838,0.0,0.0,-1.5707964,0.0
1970-01-01 00:00:00.358500347,0.358500347,0.0,0.0,0.0,0.0,108.87915,0.0,0.0,0.0,-1.5707964,0.0
1970-01-01 00:00:00.358684946,0.358684946,0.0,0.0,0.0,99.0162,0.0,0.0,0.0,0.0,-1.5707964,0.0
1970-01-01 00:00:00.358873914,0.358873914,0.0,0.0,0.0,0.0,264.7252,0.0,0.0,0.0,-1.5707964,0.0
1970-01-01 00:00:00.359067945,0.359067945,0.0,0.0,0.0,0.0,130.21465,0.0,0.0,0.0,-1.5707964,0.0
1970-01-01 00:00:00.359494139,0.359494139,0.0,94.78769,0.0,0.0,0.0,0.0,0.0,0.0,-1.5707964,0.0
1970-01-01 00:00:00.359698978,0.359698978,0.0,0.0,183.52724,0.0,0.0,0.0,0.0,0.0,-1.5707964,0.0
1970-01-01 00:00:00.359740472,0.359740472,0.0,120.94691,0.0,0.0,0.0,0.0,0.0,0.0,-1.5707964,0.0
1970-01-01 00:00:00.359826567,0.359826567,100.12318,0.0,0.0,0.0,0.0,0.0,0.0,0.0,-1.5707964,0.0
1970-01-01 00:00:00.359841939,0.359841939,223.9759,0.0,0.0,0.0,0.0,0.0,0.0,0.0,-1.5707964,0.0
1970-01-01 00:00:00.359900972,0.359900972,0.0,0.0,0.0,0.0,118.84627,0.0,0.0,0.0,-1.5707964,0.0
1970-01-01 00:00:00.359915872,0.359915872,80.77114,0.0,0.0,0.0,0.0,0.0,0.0,0.0,-1.5707964,0.0
1970-01-01 00:00:00.360571826,0.360571826,0.0,0.0,0.0,126.77372,0.0,0.0,0.0,0.0,-1.5707964,0.0
1970-01-01 00:00:00.360672422,0.360672422,0.0,0.0,0.0,0.0,170.22469,0.0,0.0,0.0,-1.5707964,0.0
1970-01-01 00:00:00.360674173,0.360674173,0.0,269.76266,0.0,0.0,0.0,0.0,0.0,0.0,-1.5707964,0.0
1970-01-01 00:00:00.360886034,0.360886034,0.0,93.03553,0.0,0.0,0.0,0.0,0.0,0.0,-1.5707964,0.0
1970-01-01 00:00:00.360982092,0.360982092,0.0,127.824936,0.0,0.0,0.0,0.0,0.0,0.0,-1.5707964,0.0
1970-01-01 00:00:00.361222407,0.361222407,0.0,0.0,0.0,80.22669,0.0,0.0,0.0,0.0,-1.5707964,0.0
1970-01-01 00:00:00.361357133,0.361357133,0.0,0.0,0.0,0.0,228.02573,0.0,0.0,0.0,-1.5707964,0.0
1970-01-01 00:00:00.361459498,0.361459498,0.0,0.0,0.0,87.60474,0.0,0.0,0.0,0.0,-1.5707964,0.0
1970-01-01 00:00:00.361685105,0.361685105,0.0,0.0,0.0,0.0,194.95193,0.0,0.0,0.0,-1.5707964,0.0
1970-01-01 00:00:00.361880403,0.361880403,131.41692,0.0,0.0,0.0,0.0,0.0,0.0,0.0,-1.5707964,0.0
1970-01-01 00:00:00.362111783,0.362111783,0.0,0.0,0.0,375.3762,0.0,0.0,0.0,0.0,-1.5707964,0.0
1970-01-01 00:00:00.362360216,0.362360216,0.0,197.12663,0.0,0.0,0.0,0.0,0.0,0.0,-1.5707964,0.0
1970-01-01 00:00:00.362789129,0.362789129,0.0,0.0,0.0,0.0,288.91687,0.0,0.0,0.0,-1.5707964,0.0
1970-01-01 00:00:00.362902745,0.362902745,0.0,92.89012,0.0,0.0,0.0,0.0,0.0,0.0,-1.5707964,0.0
1970-01-01 00:00:00.363151865,0.363151865,0.0,0.0,0.0,182.45793,0.0,0.0,0.0,0.0,-1.5707964,0.0
1970-01-01 00:00:00.363878783,0.363878783,0.0,351.96558,0.0,0.0,0.0,0.0,0.0,0.0,-1.5707964,0.0
1970-01-01 00:00:00.363901788,0.363901788,0.0,234.74042,0.0,0.0,0.0,0.0,0.0,0.0,-1.5707964,0.0
1970-01-01 00:00:00.364244877,0.364244877,0.0,0.0,0.0,0.0,117.234726,0.0,0.0,0.0,-1.5707964,0.0
1970-01-01 00:00:00.364778375,0.364778375,0.0,0.0,0.0,98.96101,0.0,0.0,0.0,0.0,-1.5707964,0.0
1970-01-01 00:00:00.365085374,0.365085374,0.0,83.7023,0.0,0.0,0.0,0.0,0.0,0.0,-1.5707964,0.0
1970-01-01 00:00:00.365276871,0.365276871,0.0,0.0,0.0,0.0,119.925575,0.0,0.0,0.0,-1.5707964,0.0
1970-01-01 00:00:00.365627927,0.365627927,0.0,210.48862,0.0,0.0,0.0,0.0,0.0,0.0,-1.5707964,0.0
1970-01-01 00:00:00.365654340,0.36565434,0.0,174.56242,0.0,0.0,0.0,0.0,0.0,0.0,-1.5707964,0.0
1970-01-01 00:00:00.365971295,0.365971295,271.35873,0.0,0.0,0.0,0.0,0.0,0.0,0.0,-1.5707964,0.0
1970-01-01 00:00:00.366021833,0.366021833,0.0,123.087654,0.0,0.0,0.0,0.0,0.0,0.0,-1.5707964,0.0
1970-01-01 00:00:00.366340949,0.366340949,0.0,201.91438,0.0,0.0,0.0,0.0,0.0,0.0,-1.5707964,0.0
1970-01-01 00:00:00.366620114,0.366620114,127.71647,0.0,0.0,0.0,0.0,0.0,0.0,0.0,-1.5707964,0.0
1970-01-01 00:00:00.366901664,0.366901664,0.0,172.8529,0.0,0.0,0.0,0.0,0.0,0.0,-1.5707964,0.0
1970-01-01 00:00:00.367033969,0.367033969,0.0,162.0977,0.0,0.0,0.0,0.0,0.0,0.0,-1.5707964,0.0
1970-01-01 00:00:00.367177828,0.367177828,0.0,0.0,0.0,0.0,188.09683,0.0,0.0,0.0,-1.5707964,0.0
1970-01-01 00:00:00.367509571,0.367509571,0.0,0.0,0.0,88.16761,0.0,0.0,0.0,0.0,-1.5707964,0.0
1970-01-01 00:00:00.367699388,0.367699388,0.0,193.88269,0.0,0.0,0.0,0.0,0.0,0.0,-1.5707964,0.0
1970-01-01 00:00:00.367913878,0.367913878,0.0,89.99073,0.0,0.0,0.0,0.0,0.0,0.0,-1.5707964,0.0
1970-01-01 00:00:00.368163640,0.36816364,0.0,109.28024,0.0,0.0,0.0,0.0,0.0,0.0,-1.5707964,0.0
1970-01-01 00:00:00.368405534,0.368405534,0.0,0.0,0.0,385.98938,0.0,0.0,0.0,0.0,-1.5707964,0.0
1970-01-01 00:00:00.368455465,0.368455465,0.0,0.0,0.0,144.1722,0.0,0.0,0.0,0.0,-1.5707964,0.0
1970-01-01 00:00:00.368602688,0.368602688,0.0,0.0,0.0,252.73865,0.0,0.0,0.0,0.0,-1.5707964,0.0
1970-01-01 00:00:00.368614548,0.368614548,0.0,0.0,0.0,96.24003,0.0,0.0,0.0,0.0,-1.5707964,0.0
1970-01-01 00:00:00.368737724,0.368737724,0.0,168.57533,0.0,0.0,0.0,0.0,0.0,0.0,-1.5707964,0.0
1970-01-01 00:00:00.368791943,0.368791943,0.0,0.0,0.0,91.39552,0.0,0.0,0.0,0.0,-1.5707964,0.0
1970-01-01 00:00:00.369127488,0.369127488,0.0,0.0,0.0,0.0,135.45912,0.0,0.0,0.0,-1.5707964,0.0
1970-01-01 00:00:00.369256567,0.369256567,0.0,0.0,0.0,179.80579,0.0,0.0,0.0,0.0,-1.5707964,0.0
1970-01-01 00:00:00.369310972,0.369310972,0.0,135.70401,0.0,0.0,0.0,0.0,0.0,0.0,-1.5707964,0.0
1970-01-01 00:00:00.369327965,0.369327965,0.0,0.0,0.0,110.70628,0.0,0.0,0.0,0.0,-1.5707964,0.0
1970-01-01 00:00:00.369370730,0.36937073,89.56295,0.0,0.0,0.0,0.0,0.0,0.0,0.0,-1.5707964,0.0
1970-01-01 00:00:00.369453594,0.369453594,0.0,84.91585,0.0,0.0,0.0,0.0,0.0,0.0,-1.5707964,0.0
1970-01-01 00:00:00.369619898,0.369619898,0.0,0.0,0.0,0.0,126.0926,0.0,0.0,0.0,-1.5707964,0.0
1970-01-01 00:00:00.370122834,0.370122834,92.652596,0.0,0.0,0.0,0.0,0.0,0.0,0.0,-1.5707964,0.0
1970-01-01 00:00:00.370531765,0.370531765,0.0,105.108444,0.0,0.0,0.0,0.0,0.0,0.0,-1.5707964,0.0
1970-01-01 00:00:00.370742023,0.370742023,0.0,0.0,0.0,389.1634,0.0,0.0,0.0,0.0,-1.5707964,0.0
1970-01-01 00:00:00.370783837,0.370783837,0.0,0.0,0.0,0.0,138.29312,0.0,0.0,0.0,-1.5707964,0.0
1970-01-01 00:00:00.371213263,0.371213263,260.49307,0.0,0.0,0.0,0.0,0.0,0.0,0.0,-1.5707964,0.0
1970-01-01 00:00:00.371352833,0.371352833,0.0,0.0,0.0,239.14694,0.0,0.0,0.0,0.0,-1.5707964,0.0
1970-01-01 00:00:00.371364334,0.371364334,0.0,163.64445,0.0,0.0,0.0,0.0,0.0,0.0,-1.5707964,0.0
1970-01-01 00:00:00.371473947,0.371473947,0.0,93.888824,0.0,0.0,0.0,0.0,0.0,0.0,-1.5707964,0.0
1970-01-01 00:00:00.371517878,0.371517878,219.75815,0.0,0.0,0.0,0.0,0.0,0.0,0.0,-1.5707964,0.0
1970-01-01 00:00:00.371609843,0.371609843,0.0,384.22998,0.0,0.0,0.0,0.0,0.0,0.0,-1.5707964,0.0
1970-01-01 00:00:00.372171647,0.372171647,98.846664,0.0,0.0,0.0,0.0,0.0,0.0,0.0,-1.5707964,0.0
1970-01-01 00:00:00.372410891,0.372410891,0.0,0.0,0.0,0.0,80.15689,0.0,0.0,0.0,-1.5707964,0.0
1970-01-01 00:00:00.372693752,0.372693752,137.62521,0.0,0.0,0.0,0.0,0.0,0.0,0.0,-1.5707964,0.0
1970-01-01 00:00:00.372694195,0.372694195,0.0,205.29405,0.0,0.0,0.0,0.0,0.0,0.0,-1.5707964,0.0
1970-01-01 00:00:00.372827947,0.372827947,0.0,138.69182,0.0,0.0,0.0,0.0,0.0,0.0,-1.5707964,0.0
1970-01-01 00:00:00.372989438,0.372989438,0.0,126.46312,0.0,0.0,0.0,0.0,0.0,0.0,-1.5707964,0.0
1970-01-01 00:00:00.373057397,0.373057397,0.0,0.0,0.0,0.0,114.056915,0.0,0.0,0.0,-1.5707964,0.0
1970-01-01 00:00:00.373145958,0.373145958,0.0,117.56972,0.0,0.0,0.0,0.0,0.0,0.0,-1.5707964,0.0
1970-01-01 00:00:00.373159395,0.373159395,0.0,157.55826,0.0,0.0,0.0,0.0,0.0,0.0,-1.5707964,0.0
1970-01-01 00:00:00.373352709,0.373352709,143.10066,0.0,0.0,0.0,0.0,0.0,0.0,0.0,-1.5707964,0.0
1970-01-01 00:00:00.373873823,0.373873823,0.0,454.04715,0.0,0.0,0.0,0.0,0.0,0.0,-1.5707964,0.0
1970-01-01 00:00:00.373877856,0.373877856,0.0,155.71463,0.0,0.0,0.0,0.0,0.0,0.0,-1.5707964,0.0
1970-01-01 00:00:00.374085950,0.37408595,0.0,279.9267,0.0,0.0,0.0,0.0,0.0,0.0,-1.5707964,0.0
1970-01-01 00:00:00.374361425,0.374361425,0.0,232.01279,0.0,0.0,0.0,0.0,0.0,0.0,-1.5707964,0.0
1970-01-01 00:00:00.374458055,0.374458055,0.0,0.0,0.0,126.031006,0.0,0.0,0.0,0.0,-1.5707964,0.0
1970-01-01 00:00:00.374955617,0.374955617,0.0,0.0,0.0,0.0,105.8722,0.0,0.0,0.0,-1.5707964,0.0
1970-01-01 00:00:00.375057605,0.375057605,0.0,101.59259,0.0,0.0,0.0,0.0,0.0,0.0,-1.5707964,0.0
1970-01-01 00:00:00.375087327,0.375087327,0.0,133.89355,0.0,0.0,0.0,0.0,0.0,0.0,-1.5707964,0.0
1970-01-01 00:00:00.375263357,0.375263357,0.0,0.0,220.91957,0.0,0.0,0.0,0.0,0.0,-1.5707964,0.0
1970-01-01 00:00:00.375373518,0.375373518,0.0,0.0,0.0,0.0,102.54423,0.0,0.0,0.0,-1.5707964,0.0
1970-01-01 00:00:00.375510450,0.37551045,445.03082,0.0,0.0,0.0,0.0,0.0,0.0,0.0,-1.5707964,0.0
1970-01-01 00:00:00.375836721,0.375836721,0.0,103.65923,0.0,0.0,0.0,0.0,0.0,0.0,-1.5707964,0.0
1970-01-01 00:00:00.375957841,0.375957841,0.0,306.88644,0.0,0.0,0.0,0.0,0.0,0.0,-1.5707964,0.0
1970-01-01 00:00:00.376109152,0.376109152,145.30733,0.0,0.0,0.0,0.0,0.0,0.0,0.0,-1.5707964,0.0
1970-01-01 00:00:00.376276730,0.37627673,108.963615,0.0,0.0,0.0,0.0,0.0,0.0,0.0,-1.5707964,0.0
1970-01-01 00:00:00.376281048,0.376281048,0.0,157.70145,0.0,0.0,0.0,0.0,0.0,0.0,-1.5707964,0.0
1970-01-01 00:00:00.376466552,0.376466552,0.0,0.0,0.0,0.0,205.48401,0.0,0.0,0.0,-1.5707964,0.0
1970-01-01 00:00:00.376819725,0.376819725,193.61165,0.0,0.0,0.0,0.0,0.0,0.0,0.0,-1.5707964,0.0
1970-01-01 00:00:00.377393230,0.37739323,0.0,82.79256,0.0,0.0,0.0,0.0,0.0,0.0,-1.5707964,0.0
1970-01-01 00:00:00.377428613,0.377428613,0.0,102.3596,0.0,0.0,0.0,0.0,0.0,0.0,-1.5707964,0.0
1970-01-01 00:00:00.377436735,0.377436735,117.336044,0.0,0.0,0.0,0.0,0.0,0.0,0.0,-1.5707964,0.0
1970-01-01 00:00:00.377611731,0.377611731,160.71028,0.0,0.0,0.0,0.0,0.0,0.0,0.0,-1.5707964,0.0
1970-01-01 00:00:00.377729668,0.377729668,0.0,127.12292,0.0,0.0,0.0,0.0,0.0,0.0,-1.5707964,0.0
1970-01-01 00:00:00.377798509,0.377798509,0.0,0.0,0.0,0.0,84.66572,0.0,0.0,0.0,-1.5707964,0.0
1970-01-01 00:00:00.377965488,0.377965488,0.0,0.0,0.0,217.59407,0.0,0.0,0.0,0.0,-1.5707964,0.0
1970-01-01 00:00:00.378057938,0.378057938,0.0,117.28399,0.0,0.0,0.0,0.0,0.0,0.0,-1.5707964,0.0
1970-01-01 00:00:00.378167385,0.378167385,0.0,0.0,0.0,0.0,104.813866,0.0,0.0,0.0,-1.5707964,0.0
1970-01-01 00:00:00.378374429,0.378374429,128.74951,0.0,0.0,0.0,0.0,0.0,0.0,0.0,-1.5707964,0.0
1970-01-01 00:00:00.378478883,0.378478883,0.0,0.0,0.0,0.0,0.0,241.22594,0.0,0.0,-1.5707964,0.0
1970-01-01 00:00:00.378584341,0.378584341,0.0,0.0,0.0,0.0,0.0,81.989494,0.0,0.0,-1.5707964,0.0
1970-01-01 00:00:00.378809573,0.378809573,0.0,82.38089,0.0,0.0,0.0,0.0,0.0,0.0,-1.5707964,0.0
1970-01-01 00:00:00.379424895,0.379424895,0.0,0.0,0.0,0.0,133.81187,0.0,0.0,0.0,-1.5707964,0.0
1970-01-01 00:00:00.379650505,0.379650505,227.45593,0.0,0.0,0.0,0.0,0.0,0.0,0.0,-1.5707964,0.0
1970-01-01 00:00:00.379850224,0.379850224,144.99695,0.0,0.0,0.0,0.0,0.0,0.0,0.0,-1.5707964,0.0
1970-01-01 00:00:00.380089972,0.380089972,109.35499,0.0,0.0,0.0,0.0,0.0,0.0,0.0,-1.5707964,0.0
1970-01-01 00:00:00.380592658,0.380592658,0.0,120.792404,0.0,0.0,0.0,0.0,0.0,0.0,-1.5707964,0.0
1970-01-01 00:00:00.380613816,0.380613816,91.42136,0.0,0.0,0.0,0.0,0.0,0.0,0.0,-1.5707964,0.0
1970-01-01 00:00:00.380683168,0.380683168,83.93019,0.0,0.0,0.0,0.0,0.0,0.0,0.0,-1.5707964,0.0
1970-01-01 00:00:00.380738534,0.380738534,0.0,0.0,0.0,248.3259,0.0,0.0,0.0,0.0,-1.5707964,0.0
1970-01-01 00:00:00.380758822,0.380758822,0.0,0.0,0.0,194.33159,0.0,0.0,0.0,0.0,-1.5707964,0.0
1970-01-01 00:00:00.380803084,0.380803084,0.0,0.0,0.0,94.33596,0.0,0.0,0.0,0.0,-1.5707964,0.0
1970-01-01 00:00:00.381054280,0.38105428,0.0,0.0,0.0,164.44272,0.0,0.0,0.0,0.0,-1.5707964,0.0
1970-01-01 00:00:00.381126460,0.38112646,0.0,0.0,0.0,197.36154,0.0,0.0,0.0,0.0,-1.5707964,0.0
1970-01-01 00:00:00.381140966,0.381140966,0.0,0.0,0.0,0.0,155.93182,0.0,0.0,0.0,-1.5707964,0.0
1970-01-01 00:00:00.381505479,0.381505479,201.97408,0.0,0.0,0.0,0.0,0.0,0.0,0.0,-1.5707964,0.0
1970-01-01 00:00:00.381542238,0.381542238,0.0,0.0,0.0,91.34109,0.0,0.0,0.0,0.0,-1.5707964,0.0
1970-01-01 00:00:00.381697829,0.381697829,0.0,0.0,0.0,123.02766,0.0,0.0,0.0,0.0,-1.5707964,0.0
1970-01-01 00:00:00.381893346,0.381893346,0.0,0.0,0.0,0.0,95.44657,0.0,0.0,0.0,-1.5707964,0.0
1970-01-01 00:00:00.381893488,0.381893488,128.16252,0.0,0.0,0.0,0.0,0.0,0.0,0.0,-1.5707964,0.0
1970-01-01 00:00:00.382317797,0.382317797,0.0,0.0,0.0,238.51782,0.0,0.0,0.0,0.0,-1.5707964,0.0
1970-01-01 00:00:00.382782848,0.382782848,143.26718,0.0,0.0,0.0,0.0,0.0,0.0,0.0,-1.5707964,0.0
1970-01-01 00:00:00.382895763,0.382895763,88.101204,0.0,0.0,0.0,0.0,0.0,0.0,0.0,-1.5707964,0.0
1970-01-01 00:00:00.383172043,0.383172043,0.0,186.5766,0.0,0.0,0.0,0.0,0.0,0.0,-1.5707964,0.0
1970-01-01 00:00:00.383268608,0.383268608,0.0,95.48964,0.0,0.0,0.0,0.0,0.0,0.0,-1.5707964,0.0
1970-01-01 00:00:00.383315026,0.383315026,0.0,0.0,0.0,249.40399,0.0,0.0,0.0,0.0,-1.5707964,0.0
1970-01-01 00:00:00.383503234,0.383503234,0.0,0.0,0.0,95.2335,0.0,0.0,0.0,0.0,-1.5707964,0.0
1970-01-01 00:00:00.383506290,0.38350629,0.0,96.896286,0.0,0.0,0.0,0.0,0.0,0.0,-1.5707964,0.0
1970-01-01 00:00:00.383983562,0.383983562,168.84967,0.0,0.0,0.0,0.0,0.0,0.0,0.0,-1.5707964,0.0
1970-01-01 00:00:00.384161343,0.384161343,0.0,0.0,0.0,0.0,187.91922,0.0,0.0,0.0,-1.5707964,0.0
1970-01-01 00:00:00.384169556,0.384169556,0.0,238.8686,0.0,0.0,0.0,0.0,0.0,0.0,-1.5707964,0.0
1970-01-01 00:00:00.384183508,0.384183508,0.0,0.0,0.0,0.0,169.87645,0.0,0.0,0.0,-1.5707964,0.0
1970-01-01 00:00:00.384266239,0.384266239,0.0,0.0,0.0,0.0,141.05763,0.0,0.0,0.0,-1.5707964,0.0
1970-01-01 00:00:00.384430536,0.384430536,0.0,0.0,0.0,194.51756,0.0,0.0,0.0,0.0,-1.5707964,0.0
1970-01-01 00:00:00.384961807,0.384961807,0.0,0.0,0.0,113.80964,0.0,0.0,0.0,0.0,-1.5707964,0.0
1970-01-01 00:00:00.385238828,0.385238828,0.0,0.0,0.0,142.448,0.0,0.0,0.0,0.0,-1.5707964,0.0
1970-01-01 00:00:00.385318539,0.385318539,0.0,0.0,0.0,0.0,133.98393,0.0,0.0,0.0,-1.5707964,0.0
1970-01-01 00:00:00.385357380,0.38535738,0.0,150.53276,0.0,0.0,0.0,0.0,0.0,0.0,-1.5707964,0.0
1970-01-01 00:00:00.385546908,0.385546908,0.0,0.0,0.0,0.0,169.95674,0.0,0.0,0.0,-1.5707964,0.0
1970-01-01 00:00:00.385747887,0.385747887,115.84023,0.0,0.0,0.0,0.0,0.0,0.0,0.0,-1.5707964,0.0
1970-01-01 00:00:00.385969293,0.385969293,0.0,0.0,0.0,0.0,119.40224,0.0,0.0,0.0,-1.5707964,0.0
1970-01-01 00:00:00.386288407,0.386288407,0.0,175.81274,0.0,0.0,0.0,0.0,0.0,0.0,-1.5707964,0.0
1970-01-01 00:00:00.386399086,0.386399086,0.0,0.0,0.0,107.90568,0.0,0.0,0.0,0.0,-1.5707964,0.0
1970-01-01 00:00:00.386508817,0.386508817,0.0,0.0,0.0,231.00996,0.0,0.0,0.0,0.0,-1.5707964,0.0
1970-01-01 00:00:00.386774349,0.386774349,0.0,152.61763,0.0,0.0,0.0,0.0,0.0,0.0,-1.5707964,0.0
1970-01-01 00:00:00.386866518,0.386866518,334.6591,0.0,0.0,0.0,0.0,0.0,0.0,0.0,-1.5707964,0.0
1970-01-01 00:00:00.386922322,0.386922322,0.0,97.88939,0.0,0.0,0.0,0.0,0.0,0.0,-1.5707964,0.0
1970-01-01 00:00:00.387531194,0.387531194,87.17163,0.0,0.0,0.0,0.0,0.0,0.0,0.0,-1.5707964,0.0
1970-01-01 00:00:00.387738413,0.387738413,0.0,145.94527,0.0,0.0,0.0,0.0,0.0,0.0,-1.5707964,0.0
1970-01-01 00:00:00.387909473,0.387909473,0.0,86.83624,0.0,0.0,0.0,0.0,0.0,0.0,-1.5707964,0.0
1970-01-01 00:00:00.388232750,0.38823275,0.0,112.00529,0.0,0.0,0.0,0.0,0.0,0.0,-1.5707964,0.0
1970-01-01 00:00:00.388657787,0.388657787,270.1614,0.0,0.0,0.0,0.0,0.0,0.0,0.0,-1.5707964,0.0
1970-01-01 00:00:00.388789909,0.388789909,0.0,562.9104,0.0,0.0,0.0,0.0,0.0,0.0,-1.5707964,0.0
1970-01-01 00:00:00.389110327,0.389110327,0.0,122.034645,0.0,0.0,0.0,0.0,0.0,0.0,-1.5707964,0.0
1970-01-01 00:00:00.389435945,0.389435945,0.0,0.0,0.0,0.0,83.485664,0.0,0.0,0.0,-1.5707964,0.0
1970-01-01 00:00:00.389886667,0.389886667,0.0,0.0,0.0,0.0,98.543236,0.0,0.0,0.0,-1.5707964,0.0
1970-01-01 00:00:00.390124377,0.390124377,0.0,118.30883,0.0,0.0,0.0,0.0,0.0,0.0,-1.5707964,0.0
1970-01-01 00:00:00.390215646,0.390215646,0.0,102.01509,0.0,0.0,0.0,0.0,0.0,0.0,-1.5707964,0.0
1970-01-01 00:00:00.390229088,0.390229088,0.0,0.0,0.0,169.1289,0.0,0.0,0.0,0.0,-1.5707964,0.0
1970-01-01 00:00:00.390543805,0.390543805,0.0,0.0,0.0,137.23425,0.0,0.0,0.0,0.0,-1.5707964,0.0
1970-01-01 00:00:00.390911217,0.390911217,0.0,0.0,0.0,0.0,263.73807,0.0,0.0,0.0,-1.5707964,0.0
1970-01-01 00:00:00.390987437,0.390987437,0.0,0.0,0.0,0.0,190.28014,0.0,0.0,0.0,-1.5707964,0.0
1970-01-01 00:00:00.391518625,0.391518625,0.0,282.6052,0.0,0.0,0.0,0.0,0.0,0.0,-1.5707964,0.0
1970-01-01 00:00:00.391910615,0.391910615,0.0,0.0,0.0,147.47467,0.0,0.0,0.0,0.0,-1.5707964,0.0
1970-01-01 00:00:00.392032582,0.392032582,0.0,0.0,402.6774,0.0,0.0,0.0,0.0,0.0,-1.5707964,0.0
1970-01-01 00:00:00.392246399,0.392246399,0.0,141.26868,0.0,0.0,0.0,0.0,0.0,0.0,-1.5707964,0.0
1970-01-01 00:00:00.392257673,0.392257673,96.894196,0.0,0.0,0.0,0.0,0.0,0.0,0.0,-1.5707964,0.0
1970-01-01 00:00:00.392448289,0.392448289,0.0,191.97417,0.0,0.0,0.0,0.0,0.0,0.0,-1.5707964,0.0
1970-01-01 00:00:00.392477483,0.392477483,0.0,0.0,0.0,85.4423,0.0,0.0,0.0,0.0,-1.5707964,0.0
1970-01-01 00:00:00.392581457,0.392581457,0.0,0.0,0.0,0.0,0.0,99.85217,0.0,0.0,-1.5707964,0.0
1970-01-01 00:00:00.392715853,0.392715853,0.0,283.04416,0.0,0.0,0.0,0.0,0.0,0.0,-1.5707964,0.0
1970-01-01 00:00:00.393027460,0.39302746,0.0,257.69388,0.0,0.0,0.0,0.0,0.0,0.0,-1.5707964,0.0
1970-01-01 00:00:00.393272114,0.393272114,0.0,82.366615,0.0,0.0,0.0,0.0,0.0,0.0,-1.5707964,0.0
1970-01-01 00:00:00.393634984,0.393634984,0.0,0.0,0.0,113.06013,0.0,0.0,0.0,0.0,-1.5707964,0.0
1970-01-01 00:00:00.393994682,0.393994682,0.0,109.39717,0.0,0.0,0.0,0.0,0.0,0.0,-1.5707964,0.0
1970-01-01 00:00:00.394383269,0.394383269,0.0,0.0,0.0,0.0,245.39386,0.0,0.0,0.0,-1.5707964,0.0
1970-01-01 00:00:00.394465767,0.394465767,0.0,111.60158,0.0,0.0,0.0,0.0,0.0,0.0,-1.5707964,0.0
1970-01-01 00:00:00.394702575,0.394702575,0.0,123.068146,0.0,0.0,0.0,0.0,0.0,0.0,-1.5707964,0.0
1970-01-01 00:00:00.394865352,0.394865352,0.0,0.0,0.0,88.3274,0.0,0.0,0.0,0.0,-1.5707964,0.0
1970-01-01 00:00:00.395103444,0.395103444,225.06967,0.0,0.0,0.0,0.0,0.0,0.0,0.0,-1.5707964,0.0
1970-01-01 00:00:00.395254175,0.395254175,138.63269,0.0,0.0,0.0,0.0,0.0,0.0,0.0,-1.5707964,0.0
1970-01-01 00:00:00.395295088,0.395295088,0.0,105.32157,0.0,0.0,0.0,0.0,0.0,0.0,-1.5707964,0.0
1970-01-01 00:00:00.395476004,0.395476004,98.331665,0.0,0.0,0.0,0.0,0.0,0.0,0.0,-1.5707964,0.0
1970-01-01 00:00:00.395754069,0.395754069,0.0,129.7822,0.0,0.0,0.0,0.0,0.0,0.0,-1.5707964,0.0
1970-01-01 00:00:00.395934526,0.395934526,0.0,0.0,0.0,0.0,83.32835,0.0,0.0,0.0,-1.5707964,0.0
1970-01-01 00:00:00.395937264,0.395937264,0.0,0.0,0.0,213.52103,0.0,0.0,0.0,0.0,-1.5707964,0.0
1970-01-01 00:00:00.396060530,0.39606053,0.0,0.0,0.0,85.09891,0.0,0.0,0.0,0.0,-1.5707964,0.0
1970-01-01 00:00:00.396130809,0.396130809,0.0,0.0,0.0,0.0,96.20201,0.0,0.0,0.0,-1.5707964,0.0
1970-01-01 00:00:00.396215682,0.396215682,0.0,0.0,0.0,0.0,106.745766,0.0,0.0,0.0,-1.5707964,0.0
1970-01-01 00:00:00.396297200,0.3962972,0.0,105.879326,0.0,0.0,0.0,0.0,0.0,0.0,-1.5707964,0.0
1970-01-01 00:00:00.396336566,0.396336566,0.0,121.506874,0.0,0.0,0.0,0.0,0.0,0.0,-1.5707964,0.0
1970-01-01 00:00:00.396657188,0.396657188,149.42961,0.0,0.0,0.0,0.0,0.0,0.0,0.0,-1.5707964,0.0
1970-01-01 00:00:00.397303007,0.397303007,0.0,0.0,0.0,343.86948,0.0,0.0,0.0,0.0,-1.5707964,0.0
1970-01-01 00:00:00.397961621,0.397961621,119.73991,0.0,0.0,0.0,0.0,0.0,0.0,0.0,-1.5707964,0.0
1970-01-01 00:00:00.397977944,0.397977944,0.0,0.0,0.0,0.0,84.5445,0.0,0.0,0.0,-1.5707964,0.0
1970-01-01 00:00:00.398119753,0.398119753,0.0,530.27716,0.0,0.0,0.0,0.0,0.0,0.0,-1.5707964,0.0
1970-01-01 00:00:00.398175050,0.39817505,120.35001,0.0,0.0,0.0,0.0,0.0,0.0,0.0,-1.5707964,0.0
1970-01-01 00:00:00.398276536,0.398276536,0.0,0.0,0.0,0.0,0.0,82.70367,0.0,0.0,-1.5707964,0.0
1970-01-01 00:00:00.398594730,0.39859473,0.0,0.0,0.0,133.55922,0.0,0.0,0.0,0.0,-1.5707964,0.0
1970-01-01 00:00:00.398716949,0.398716949,0.0,92.53513,0.0,0.0,0.0,0.0,0.0,0.0,-1.5707964,0.0
1970-01-01 00:00:00.398764012,0.398764012,88.23662,0.0,0.0,0.0,0.0,0.0,0.0,0.0,-1.5707964,0.0
1970-01-01 00:00:00.398920046,0.398920046,0.0,160.5766,0.0,0.0,0.0,0.0,0.0,0.0,-1.5707964,0.0
1970-01-01 00:00:00.398997460,0.39899746,0.0,211.2952,0.0,0.0,0.0,0.0,0.0,0.0,-1.5707964,0.0
1970-01-01 00:00:00.399004342,0.399004342,0.0,90.10382,0.0,0.0,0.0,0.0,0.0,0.0,-1.5707964,0.0
1970-01-01 00:00:00.399146185,0.399146185,209.74524,0.0,0.0,0.0,0.0,0.0,0.0,0.0,-1.5707964,0.0
1970-01-01 00:00:00.399325246,0.399325246,0.0,103.8623,0.0,0.0,0.0,0.0,0.0,0.0,-1.5707964,0.0
1970-01-01 00:00:00.399658550,0.39965855,0.0,197.70233,0.0,0.0,0.0,0.0,0.0,0.0,-1.5707964,0.0
1970-01-01 00:00:00.399791179,0.399791179,0.0,0.0,0.0,0.0,123.59828,0.0,0.0,0.0,-1.5707964,0.0
1970-01-01 00:00:00.399795559,0.399795559,0.0,0.0,0.0,154.87718,0.0,0.0,0.0,0.0,-1.5707964,0.0
1970-01-01 00:00:00.400605467,0.400605467,0.0,176.77126,0.0,0.0,0.0,0.0,0.0,0.0,-1.5707964,0.0
1970-01-01 00:00:00.400652418,0.400652418,0.0,182.8445,0.0,0.0,0.0,0.0,0.0,0.0,-1.5707964,0.0
1970-01-01 00:00:00.400767691,0.400767691,0.0,0.0,0.0,0.0,107.038864,0.0,0.0,0.0,-1.5707964,0.0
1970-01-01 00:00:00.400901777,0.400901777,0.0,0.0,0.0,0.0,110.90879,0.0,0.0,0.0,-1.5707964,0.0
1970-01-01 00:00:00.401181294,0.401181294,0.0,0.0,0.0,0.0,0.0,169.7732,0.0,0.0,-1.5707964,0.0
1970-01-01 00:00:00.401462512,0.401462512,0.0,0.0,0.0,197.75693,0.0,0.0,0.0,0.0,-1.5707964,0.0
1970-01-01 00:00:00.402132080,0.40213208,0.0,0.0,0.0,0.0,172.42313,0.0,0.0,0.0,-1.5707964,0.0
1970-01-01 00:00:00.402336776,0.402336776,0.0,92.16692,0.0,0.0,0.0,0.0,0.0,0.0,-1.5707964,0.0
1970-01-01 00:00:00.402355417,0.402355417,0.0,299.08295,0.0,0.0,0.0,0.0,0.0,0.0,-1.5707964,0.0
1970-01-01 00:00:00.402374213,0.402374213,0.0,0.0,0.0,225.38422,0.0,0.0,0.0,0.0,-1.5707964,0.0
1970-01-01 00:00:00.402502277,0.402502277,0.0,87.57623,0.0,0.0,0.0,0.0,0.0,0.0,-1.5707964,0.0
1970-01-01 00:00:00.402937848,0.402937848,164.77275,0.0,0.0,0.0,0.0,0.0,0.0,0.0,-1.5707964,0.0
1970-01-01 00:00:00.403223856,0.403223856,0.0,0.0,0.0,0.0,80.360306,0.0,0.0,0.0,-1.5707964,0.0
1970-01-01 00:00:00.403562387,0.403562387,0.0,0.0,0.0,0.0,151.25612,0.0,0.0,0.0,-1.5707964,0.0
1970-01-01 00:00:00.403643222,0.403643222,0.0,0.0,0.0,0.0,225.67444,0.0,0.0,0.0,-1.5707964,0.0
1970-01-01 00:00:00.403739370,0.40373937,181.94286,0.0,0.0,0.0,0.0,0.0,0.0,0.0,-1.5707964,0.0
1970-01-01 00:00:00.403766493,0.403766493,0.0,147.47778,0.0,0.0,0.0,0.0,0.0,0.0,-1.5707964,0.0
1970-01-01 00:00:00.403856582,0.403856582,0.0,91.52891,0.0,0.0,0.0,0.0,0.0,0.0,-1.5707964,0.0
1970-01-01 00:00:00.404016009,0.404016009,165.38275,0.0,0.0,0.0,0.0,0.0,0.0,0.0,-1.5707964,0.0
1970-01-01 00:00:00.404064430,0.40406443,178.76378,0.0,0.0,0.0,0.0,0.0,0.0,0.0,-1.5707964,0.0
1970-01-01 00:00:00.404129247,0.404129247,0.0,107.37691,0.0,0.0,0.0,0.0,0.0,0.0,-1.5707964,0.0
1970-01-01 00:00:00.404184129,0.404184129,93.888115,0.0,0.0,0.0,0.0,0.0,0.0,0.0,-1.5707964,0.0
1970-01-01 00:00:00.404245534,0.404245534,0.0,0.0,0.0,0.0,135.6889,0.0,0.0,0.0,-1.5707964,0.0
1970-01-01 00:00:00.404349267,0.404349267,0.0,0.0,0.0,0.0,116.76664,0.0,0.0,0.0,-1.5707964,0.0
1970-01-01 00:00:00.404696128,0.404696128,0.0,0.0,0.0,0.0,0.0,160.71008,0.0,0.0,-1.5707964,0.0
1970-01-01 00:00:00.404702128,0.404702128,0.0,96.11396,0.0,0.0,0.0,0.0,0.0,0.0,-1.5707964,0.0
1970-01-01 00:00:00.404801204,0.404801204,0.0,154.62881,0.0,0.0,0.0,0.0,0.0,0.0,-1.5707964,0.0
1970-01-01 00:00:00.404867211,0.404867211,0.0,0.0,0.0,0.0,89.82702,0.0,0.0,0.0,-1.5707964,0.0
1970-01-01 00:00:00.405069488,0.405069488,0.0,0.0,0.0,326.61945,0.0,0.0,0.0,0.0,-1.5707964,0.0
1970-01-01 00:00:00.405258561,0.405258561,0.0,0.0,0.0,0.0,0.0,96.06143,0.0,0.0,-1.5707964,0.0
1970-01-01 00:00:00.405491301,0.405491301,0.0,0.0,0.0,137.73445,0.0,0.0,0.0,0.0,-1.5707964,0.0
1970-01-01 00:00:00.405603828,0.405603828,0.0,0.0,0.0,218.09488,0.0,0.0,0.0,0.0,-1.5707964,0.0
1970-01-01 00:00:00.405637409,0.405637409,0.0,127.442726,0.0,0.0,0.0,0.0,0.0,0.0,-1.5707964,0.0
1970-01-01 00:00:00.405811514,0.405811514,0.0,0.0,0.0,92.04115,0.0,0.0,0.0,0.0,-1.5707964,0.0
1970-01-01 00:00:00.405870368,0.405870368,0.0,99.95759,0.0,0.0,0.0,0.0,0.0,0.0,-1.5707964,0.0
1970-01-01 00:00:00.405933418,0.405933418,0.0,0.0,0.0,82.062454,0.0,0.0,0.0,0.0,-1.5707964,0.0
1970-01-01 00:00:00.406076285,0.406076285,0.0,0.0,0.0,90.234406,0.0,0.0,0.0,0.0,-1.5707964,0.0
1970-01-01 00:00:00.406315069,0.406315069,0.0,0.0,0.0,0.0,94.07118,0.0,0.0,0.0,-1.5707964,0.0
1970-01-01 00:00:00.406888758,0.406888758,196.98523,0.0,0.0,0.0,0.0,0.0,0.0,0.0,-1.5707964,0.0
1970-01-01 00:00:00.407240480,0.40724048,0.0,0.0,0.0,0.0,148.17087,0.0,0.0,0.0,-1.5707964,0.0
1970-01-01 00:00:00.407438726,0.407438726,0.0,0.0,0.0,134.39537,0.0,0.0,0.0,0.0,-1.5707964,0.0
1970-01-01 00:00:00.407642069,0.407642069,0.0,0.0,0.0,0.0,0.0,124.29188,0.0,0.0,-1.5707964,0.0
1970-01-01 00:00:00.407659693,0.407659693,0.0,144.58179,0.0,0.0,0.0,0.0,0.0,0.0,-1.5707964,0.0
1970-01-01 00:00:00.407669810,0.40766981,0.0,0.0,0.0,0.0,0.0,154.29648,0.0,0.0,-1.5707964,0.0
1970-01-01 00:00:00.407684536,0.407684536,96.75059,0.0,0.0,0.0,0.0,0.0,0.0,0.0,-1.5707964,0.0
1970-01-01 00:00:00.408041750,0.40804175,0.0,0.0,0.0,0.0,0.0,174.63832,0.0,0.0,-1.5707964,0.0
1970-01-01 00:00:00.408075729,0.408075729,0.0,0.0,0.0,0.0,133.0118,0.0,0.0,0.0,-1.5707964,0.0
1970-01-01 00:00:00.408273837,0.408273837,0.0,0.0,0.0,0.0,148.9634,0.0,0.0,0.0,-1.5707964,0.0
1970-01-01 00:00:00.408508235,0.408508235,236.1477,0.0,0.0,0.0,0.0,0.0,0.0,0.0,-1.5707964,0.0
1970-01-01 00:00:00.408725490,0.40872549,0.0,81.908844,0.0,0.0,0.0,0.0,0.0,0.0,-1.5707964,0.0
1970-01-01 00:00:00.408730347,0.408730347,0.0,0.0,0.0,0.0,219.70674,0.0,0.0,0.0,-1.5707964,0.0
1970-01-01 00:00:00.408747030,0.40874703,0.0,100.39605,0.0,0.0,0.0,0.0,0.0,0.0,-1.5707964,0.0
1970-01-01 00:00:00.408779398,0.408779398,0.0,201.80159,0.0,0.0,0.0,0.0,0.0,0.0,-1.5707964,0.0
1970-01-01 00:00:00.408959121,0.408959121,0.0,152.72168,0.0,0.0,0.0,0.0,0.0,0.0,-1.5707964,0.0
1970-01-01 00:00:00.409015961,0.409015961,0.0,0.0,0.0,0.0,99.99963,0.0,0.0,0.0,-1.5707964,0.0
1970-01-01 00:00:00.409022281,0.409022281,0.0,117.47902,0.0,0.0,0.0,0.0,0.0,0.0,-1.5707964,0.0
1970-01-01 00:00:00.409156370,0.40915637,0.0,190.67426,0.0,0.0,0.0,0.0,0.0,0.0,-1.5707964,0.0
1970-01-01 00:00:00.409437514,0.409437514,0.0,93.505585,0.0,0.0,0.0,0.0,0.0,0.0,-1.5707964,0.0
1970-01-01 00:00:00.409590435,0.409590435,129.38956,0.0,0.0,0.0,0.0,0.0,0.0,0.0,-1.5707964,0.0
1970-01-01 00:00:00.409763631,0.409763631,0.0,225.42276,0.0,0.0,0.0,0.0,0.0,0.0,-1.5707964,0.0
1970-01-01 00:00:00.410520351,0.410520351,0.0,0.0,0.0,0.0,102.56493,0.0,0.0,0.0,-1.5707964,0.0
1970-01-01 00:00:00.410603794,0.410603794,0.0,0.0,0.0,152.26369,0.0,0.0,0.0,0.0,-1.5707964,0.0
1970-01-01 00:00:00.410882453,0.410882453,0.0,0.0,0.0,0.0,153.73698,0.0,0.0,0.0,-1.5707964,0.0
1970-01-01 00:00:00.411113076,0.411113076,98.1117,0.0,0.0,0.0,0.0,0.0,0.0,0.0,-1.5707964,0.0
1970-01-01 00:00:00.411225503,0.411225503,0.0,83.08654,0.0,0.0,0.0,0.0,0.0,0.0,-1.5707964,0.0
1970-01-01 00:00:00.411258422,0.411258422,0.0,0.0,0.0,141.209,0.0,0.0,0.0,0.0,-1.5707964,0.0
1970-01-01 00:00:00.411516737,0.411516737,0.0,0.0,0.0,95.945175,0.0,0.0,0.0,0.0,-1.5707964,0.0
1970-01-01 00:00:00.411838513,0.411838513,0.0,0.0,0.0,86.261894,0.0,0.0,0.0,0.0,-1.5707964,0.0
1970-01-01 00:00:00.411886884,0.411886884,0.0,0.0,0.0,0.0,0.0,187.48701,0.0,0.0,-1.5707964,0.0
1970-01-01 00:00:00.411937030,0.41193703,0.0,0.0,0.0,0.0,105.42315,0.0,0.0,0.0,-1.5707964,0.0
1970-01-01 00:00:00.412298625,0.412298625,138.62822,0.0,0.0,0.0,0.0,0.0,0.0,0.0,-1.5707964,0.0
1970-01-01 00:00:00.412592588,0.412592588,291.52405,0.0,0.0,0.0,0.0,0.0,0.0,0.0,-1.5707964,0.0
1970-01-01 00:00:00.412605144,0.412605144,0.0,135.6025,0.0,0.0,0.0,0.0,0.0,0.0,-1.5707964,0.0
1970-01-01 00:00:00.412677885,0.412677885,0.0,279.20047,0.0,0.0,0.0,0.0,0.0,0.0,-1.5707964,0.0
1970-01-01 00:00:00.412747984,0.412747984,0.0,108.94363,0.0,0.0,0.0,0.0,0.0,0.0,-1.5707964,0.0
1970-01-01 00:00:00.413163581,0.413163581,0.0,0.0,0.0,0.0,116.74831,0.0,0.0,0.0,-1.5707964,0.0
1970-01-01 00:00:00.413624382,0.413624382,0.0,0.0,0.0,366.63617,0.0,0.0,0.0,0.0,-1.5707964,0.0
1970-01-01 00:00:00.413693885,0.413693885,0.0,0.0,0.0,0.0,132.96753,0.0,0.0,0.0,-1.5707964,0.0
1970-01-01 00:00:00.413931671,0.413931671,0.0,0.0,0.0,0.0,179.22104,0.0,0.0,0.0,-1.5707964,0.0
1970-01-01 00:00:00.414724318,0.414724318,0.0,185.78102,0.0,0.0,0.0,0.0,0.0,0.0,-1.5707964,0.0
1970-01-01 00:00:00.414820234,0.414820234,0.0,107.4864,0.0,0.0,0.0,0.0,0.0,0.0,-1.5707964,0.0
1970-01-01 00:00:00.414894291,0.414894291,327.79996,0.0,0.0,0.0,0.0,0.0,0.0,0.0,-1.5707964,0.0
1970-01-01 00:00:00.414912416,0.414912416,0.0,0.0,0.0,181.11531,0.0,0.0,0.0,0.0,-1.5707964,0.0
1970-01-01 00:00:00.415052708,0.415052708,0.0,0.0,0.0,154.97557,0.0,0.0,0.0,0.0,-1.5707964,0.0
1970-01-01 00:00:00.415145621,0.415145621,0.0,0.0,357.7732,0.0,0.0,0.0,0.0,0.0,-1.5707964,0.0
1970-01-01 00:00:00.415615610,0.41561561,103.19085,0.0,0.0,0.0,0.0,0.0,0.0,0.0,-1.5707964,0.0
1970-01-01 00:00:00.415720246,0.415720246,0.0,0.0,0.0,0.0,114.1354,0.0,0.0,0.0,-1.5707964,0.0
1970-01-01 00:00:00.416121709,0.416121709,0.0,296.44342,0.0,0.0,0.0,0.0,0.0,0.0,-1.5707964,0.0
1970-01-01 00:00:00.416333399,0.416333399,0.0,91.48258,0.0,0.0,0.0,0.0,0.0,0.0,-1.5707964,0.0
1970-01-01 00:00:00.416700798,0.416700798,83.79319,0.0,0.0,0.0,0.0,0.0,0.0,0.0,-1.5707964,0.0
1970-01-01 00:00:00.416713401,0.416713401,109.64786,0.0,0.0,0.0,0.0,0.0,0.0,0.0,-1.5707964,0.0
1970-01-01 00:00:00.416884680,0.41688468,203.47008,0.0,0.0,0.0,0.0,0.0,0.0,0.0,-1.5707964,0.0
1970-01-01 00:00:00.416980042,0.416980042,0.0,132.07079,0.0,0.0,0.0,0.0,0.0,0.0,-1.5707964,0.0
1970-01-01 00:00:00.417083674,0.417083674,0.0,93.61261,0.0,0.0,0.0,0.0,0.0,0.0,-1.5707964,0.0
1970-01-01 00:00:00.417246630,0.41724663,0.0,90.84062,0.0,0.0,0.0,0.0,0.0,0.0,-1.5707964,0.0
1970-01-01 00:00:00.417264058,0.417264058,0.0,0.0,0.0,85.87577,0.0,0.0,0.0,0.0,-1.5707964,0.0
1970-01-01 00:00:00.417446942,0.417446942,0.0,0.0,0.0,0.0,108.23462,0.0,0.0,0.0,-1.5707964,0.0
1970-01-01 00:00:00.417670978,0.417670978,0.0,100.96649,0.0,0.0,0.0,0.0,0.0,0.0,-1.5707964,0.0
1970-01-01 00:00:00.418258216,0.418258216,0.0,0.0,0.0,81.54297,0.0,0.0,0.0,0.0,-1.5707964,0.0
1970-01-01 00:00:00.418394815,0.418394815,134.9575,0.0,0.0,0.0,0.0,0.0,0.0,0.0,-1.5707964,0.0
1970-01-01 00:00:00.419116960,0.41911696,0.0,0.0,0.0,145.1159,0.0,0.0,0.0,0.0,-1.5707964,0.0
1970-01-01 00:00:00.419227641,0.419227641,0.0,0.0,0.0,0.0,197.59302,0.0,0.0,0.0,-1.5707964,0.0
1970-01-01 00:00:00.419293426,0.419293426,0.0,0.0,0.0,92.361725,0.0,0.0,0.0,0.0,-1.5707964,0.0
1970-01-01 00:00:00.419397459,0.419397459,0.0,0.0,0.0,0.0,156.72096,0.0,0.0,0.0,-1.5707964,0.0
1970-01-01 00:00:00.419704237,0.419704237,152.95428,0.0,0.0,0.0,0.0,0.0,0.0,0.0,-1.5707964,0.0
1970-01-01 00:00:00.419832428,0.419832428,0.0,0.0,0.0,91.183,0.0,0.0,0.0,0.0,-1.5707964,0.0
1970-01-01 00:00:00.419870172,0.419870172,189.22404,0.0,0.0,0.0,0.0,0.0,0.0,0.0,-1.5707964,0.0
1970-01-01 00:00:00.420099418,0.420099418,0.0,0.0,0.0,104.15638,0.0,0.0,0.0,0.0,-1.5707964,0.0
1970-01-01 00:00:00.420353133,0.420353133,0.0,0.0,0.0,0.0,0.0,144.34904,0.0,0.0,-1.5707964,0.0
1970-01-01 00:00:00.420450873,0.420450873,0.0,208.48509,0.0,0.0,0.0,0.0,0.0,0.0,-1.5707964,0.0
1970-01-01 00:00:00.420983452,0.420983452,0.0,0.0,0.0,0.0,85.4259,0.0,0.0,0.0,-1.5707964,0.0
1970-01-01 00:00:00.421046865,0.421046865,0.0,0.0,0.0,0.0,0.0,114.36701,0.0,0.0,-1.5707964,0.0
1970-01-01 00:00:00.421145876,0.421145876,243.36234,0.0,0.0,0.0,0.0,0.0,0.0,0.0,-1.5707964,0.0
1970-01-01 00:00:00.421608716,0.421608716,0.0,115.864456,0.0,0.0,0.0,0.0,0.0,0.0,-1.5707964,0.0
1970-01-01 00:00:00.421695696,0.421695696,0.0,0.0,0.0,120.05154,0.0,0.0,0.0,0.0,-1.5707964,0.0
1970-01-01 00:00:00.422140631,0.422140631,0.0,0.0,0.0,0.0,0.0,122.66186,0.0,0.0,-1.5707964,0.0
1970-01-01 00:00:00.422141955,0.422141955,0.0,95.15213,0.0,0.0,0.0,0.0,0.0,0.0,-1.5707964,0.0
1970-01-01 00:00:00.422314837,0.422314837,0.0,273.12897,0.0,0.0,0.0,0.0,0.0,0.0,-1.5707964,0.0
1970-01-01 00:00:00.422884220,0.42288422,0.0,177.05618,0.0,0.0,0.0,0.0,0.0,0.0,-1.5707964,0.0
1970-01-01 00:00:00.423123382,0.423123382,0.0,0.0,0.0,245.92198,0.0,0.0,0.0,0.0,-1.5707964,0.0
1970-01-01 00:00:00.423220539,0.423220539,0.0,229.27548,0.0,0.0,0.0,0.0,0.0,0.0,-1.5707964,0.0
1970-01-01 00:00:00.423292680,0.42329268,0.0,180.56657,0.0,0.0,0.0,0.0,0.0,0.0,-1.5707964,0.0
1970-01-01 00:00:00.423457516,0.423457516,0.0,0.0,0.0,0.0,130.24133,0.0,0.0,0.0,-1.5707964,0.0
1970-01-01 00:00:00.423910552,0.423910552,0.0,167.4957,0.0,0.0,0.0,0.0,0.0,0.0,-1.5707964,0.0
1970-01-01 00:00:00.423960124,0.423960124,0.0,80.59911,0.0,0.0,0.0,0.0,0.0,0.0,-1.5707964,0.0
1970-01-01 00:00:00.424428186,0.424428186,0.0,93.00012,0.0,0.0,0.0,0.0,0.0,0.0,-1.5707964,0.0
1970-01-01 00:00:00.424655107,0.424655107,0.0,0.0,0.0,0.0,139.25714,0.0,0.0,0.0,-1.5707964,0.0
1970-01-01 00:00:00.424778123,0.424778123,0.0,214.92705,0.0,0.0,0.0,0.0,0.0,0.0,-1.5707964,0.0
1970-01-01 00:00:00.425092011,0.425092011,0.0,0.0,0.0,0.0,160.76755,0.0,0.0,0.0,-1.5707964,0.0
1970-01-01 00:00:00.425166483,0.425166483,286.7305,0.0,0.0,0.0,0.0,0.0,0.0,0.0,-1.5707964,0.0
1970-01-01 00:00:00.425174059,0.425174059,0.0,1005.29724,0.0,0.0,0.0,0.0,0.0,0.0,-1.5707964,0.0
1970-01-01 00:00:00.425378284,0.425378284,0.0,0.0,0.0,0.0,0.0,94.79211,0.0,0.0,-1.5707964,0.0
1970-01-01 00:00:00.425577688,0.425577688,0.0,149.26578,0.0,0.0,0.0,0.0,0.0,0.0,-1.5707964,0.0
1970-01-01 00:00:00.425951970,0.42595197,0.0,117.7453,0.0,0.0,0.0,0.0,0.0,0.0,-1.5707964,0.0
1970-01-01 00:00:00.426644977,0.426644977,0.0,0.0,0.0,131.06161,0.0,0.0,0.0,0.0,-1.5707964,0.0
1970-01-01 00:00:00.426874862,0.426874862,81.55478,0.0,0.0,0.0,0.0,0.0,0.0,0.0,-1.5707964,0.0
1970-01-01 00:00:00.427103168,0.427103168,0.0,223.99153,0.0,0.0,0.0,0.0,0.0,0.0,-1.5707964,0.0
1970-01-01 00:00:00.427191548,0.427191548,90.11153,0.0,0.0,0.0,0.0,0.0,0.0,0.0,-1.5707964,0.0
1970-01-01 00:00:00.428029812,0.428029812,0.0,230.04039,0.0,0.0,0.0,0.0,0.0,0.0,-1.5707964,0.0
1970-01-01 00:00:00.428111355,0.428111355,307.34143,0.0,0.0,0.0,0.0,0.0,0.0,0.0,-1.5707964,0.0
1970-01-01 00:00:00.428115250,0.42811525,0.0,0.0,102.99222,0.0,0.0,0.0,0.0,0.0,-1.5707964,0.0
1970-01-01 00:00:00.428212370,0.42821237,128.5779,0.0,0.0,0.0,0.0,0.0,0.0,0.0,-1.5707964,0.0
1970-01-01 00:00:00.428396255,0.428396255,0.0,119.08502,0.0,0.0,0.0,0.0,0.0,0.0,-1.5707964,0.0
1970-01-01 00:00:00.428698062,0.428698062,0.0,166.98781,0.0,0.0,0.0,0.0,0.0,0.0,-1.5707964,0.0
1970-01-01 00:00:00.428952823,0.428952823,0.0,315.48633,0.0,0.0,0.0,0.0,0.0,0.0,-1.5707964,0.0
1970-01-01 00:00:00.429223424,0.429223424,0.0,110.99117,0.0,0.0,0.0,0.0,0.0,0.0,-1.5707964,0.0
1970-01-01 00:00:00.429599249,0.429599249,0.0,0.0,0.0,0.0,96.39288,0.0,0.0,0.0,-1.5707964,0.0
1970-01-01 00:00:00.429896537,0.429896537,0.0,203.83257,0.0,0.0,0.0,0.0,0.0,0.0,-1.5707964,0.0
1970-01-01 00:00:00.430102027,0.430102027,0.0,0.0,0.0,0.0,241.3947,0.0,0.0,0.0,-1.5707964,0.0
1970-01-01 00:00:00.430140257,0.430140257,0.0,0.0,0.0,0.0,106.14977,0.0,0.0,0.0,-1.5707964,0.0
1970-01-01 00:00:00.430720260,0.43072026,135.16469,0.0,0.0,0.0,0.0,0.0,0.0,0.0,-1.5707964,0.0
1970-01-01 00:00:00.431094178,0.431094178,0.0,84.78701,0.0,0.0,0.0,0.0,0.0,0.0,-1.5707964,0.0
1970-01-01 00:00:00.431128321,0.431128321,0.0,0.0,0.0,0.0,86.71784,0.0,0.0,0.0,-1.5707964,0.0
1970-01-01 00:00:00.431251079,0.431251079,109.48622,0.0,0.0,0.0,0.0,0.0,0.0,0.0,-1.5707964,0.0
1970-01-01 00:00:00.431629330,0.43162933,0.0,101.592804,0.0,0.0,0.0,0.0,0.0,0.0,-1.5707964,0.0
1970-01-01 00:00:00.431648003,0.431648003,0.0,282.91473,0.0,0.0,0.0,0.0,0.0,0.0,-1.5707964,0.0
1970-01-01 00:00:00.431985198,0.431985198,0.0,268.34183,0.0,0.0,0.0,0.0,0.0,0.0,-1.5707964,0.0
1970-01-01 00:00:00.432086211,0.432086211,0.0,140.4708,0.0,0.0,0.0,0.0,0.0,0.0,-1.5707964,0.0
1970-01-01 00:00:00.432739383,0.432739383,0.0,150.9548,0.0,0.0,0.0,0.0,0.0,0.0,-1.5707964,0.0
1970-01-01 00:00:00.433381797,0.433381797,0.0,0.0,0.0,98.05023,0.0,0.0,0.0,0.0,-1.5707964,0.0
1970-01-01 00:00:00.433505740,0.43350574,300.16965,0.0,0.0,0.0,0.0,0.0,0.0,0.0,-1.5707964,0.0
1970-01-01 00:00:00.434155102,0.434155102,0.0,0.0,0.0,0.0,126.63115,0.0,0.0,0.0,-1.5707964,0.0
1970-01-01 00:00:00.434415078,0.434415078,0.0,0.0,0.0,100.39674,0.0,0.0,0.0,0.0,-1.5707964,0.0
1970-01-01 00:00:00.434612275,0.434612275,0.0,0.0,0.0,0.0,98.21824,0.0,0.0,0.0,-1.5707964,0.0
1970-01-01 00:00:00.434842561,0.434842561,0.0,174.06236,0.0,0.0,0.0,0.0,0.0,0.0,-1.5707964,0.0
1970-01-01 00:00:00.434891466,0.434891466,0.0,0.0,0.0,0.0,160.2759,0.0,0.0,0.0,-1.5707964,0.0
1970-01-01 00:00:00.434894665,0.434894665,0.0,139.72514,0.0,0.0,0.0,0.0,0.0,0.0,-1.5707964,0.0
1970-01-01 00:00:00.434955959,0.434955959,0.0,0.0,0.0,107.02207,0.0,0.0,0.0,0.0,-1.5707964,0.0
1970-01-01 00:00:00.434990196,0.434990196,0.0,164.25565,0.0,0.0,0.0,0.0,0.0,0.0,-1.5707964,0.0
1970-01-01 00:00:00.435116421,0.435116421,175.42651,0.0,0.0,0.0,0.0,0.0,0.0,0.0,-1.5707964,0.0
1970-01-01 00:00:00.435193065,0.435193065,0.0,0.0,0.0,0.0,103.381485,0.0,0.0,0.0,-1.5707964,0.0
1970-01-01 00:00:00.435468104,0.435468104,138.13821,0.0,0.0,0.0,0.0,0.0,0.0,0.0,-1.5707964,0.0
1970-01-01 00:00:00.435612893,0.435612893,0.0,136.01253,0.0,0.0,0.0,0.0,0.0,0.0,-1.5707964,0.0
1970-01-01 00:00:00.435691260,0.43569126,0.0,182.41142,0.0,0.0,0.0,0.0,0.0,0.0,-1.5707964,0.0
1970-01-01 00:00:00.435733319,0.435733319,0.0,0.0,0.0,86.670204,0.0,0.0,0.0,0.0,-1.5707964,0.0
1970-01-01 00:00:00.436075215,0.436075215,0.0,262.87766,0.0,0.0,0.0,0.0,0.0,0.0,-1.5707964,0.0
1970-01-01 00:00:00.436128464,0.436128464,0.0,0.0,0.0,0.0,80.66704,0.0,0.0,0.0,-1.5707964,0.0
1970-01-01 00:00:00.436131073,0.436131073,0.0,129.59894,0.0,0.0,0.0,0.0,0.0,0.0,-1.5707964,0.0
1970-01-01 00:00:00.436329303,0.436329303,0.0,133.11412,0.0,0.0,0.0,0.0,0.0,0.0,-1.5707964,0.0
1970-01-01 00:00:00.436340506,0.436340506,0.0,272.68503,0.0,0.0,0.0,0.0,0.0,0.0,-1.5707964,0.0
1970-01-01 00:00:00.436528892,0.436528892,0.0,242.27806,0.0,0.0,0.0,0.0,0.0,0.0,-1.5707964,0.0
1970-01-01 00:00:00.436547510,0.43654751,105.97057,0.0,0.0,0.0,0.0,0.0,0.0,0.0,-1.5707964,0.0
1970-01-01 00:00:00.436622351,0.436622351,0.0,87.94164,0.0,0.0,0.0,0.0,0.0,0.0,-1.5707964,0.0
1970-01-01 00:00:00.437044267,0.437044267,0.0,0.0,0.0,0.0,102.07261,0.0,0.0,0.0,-1.5707964,0.0
1970-01-01 00:00:00.437072013,0.437072013,0.0,0.0,0.0,143.28342,0.0,0.0,0.0,0.0,-1.5707964,0.0
1970-01-01 00:00:00.437112746,0.437112746,0.0,0.0,0.0,0.0,242.31914,0.0,0.0,0.0,-1.5707964,0.0
1970-01-01 00:00:00.437128380,0.43712838,0.0,119.84323,0.0,0.0,0.0,0.0,0.0,0.0,-1.5707964,0.0
1970-01-01 00:00:00.437251997,0.437251997,0.0,101.77329,0.0,0.0,0.0,0.0,0.0,0.0,-1.5707964,0.0
1970-01-01 00:00:00.437261579,0.437261579,0.0,146.62148,0.0,0.0,0.0,0.0,0.0,0.0,-1.5707964,0.0
1970-01-01 00:00:00.438217072,0.438217072,0.0,0.0,0.0,118.12564,0.0,0.0,0.0,0.0,-1.5707964,0.0
1970-01-01 00:00:00.438507033,0.438507033,0.0,136.75467,0.0,0.0,0.0,0.0,0.0,0.0,-1.5707964,0.0
1970-01-01 00:00:00.438645209,0.438645209,204.13925,0.0,0.0,0.0,0.0,0.0,0.0,0.0,-1.5707964,0.0
1970-01-01 00:00:00.438831822,0.438831822,0.0,0.0,0.0,0.0,89.00877,0.0,0.0,0.0,-1.5707964,0.0
1970-01-01 00:00:00.439518774,0.439518774,0.0,130.50015,0.0,0.0,0.0,0.0,0.0,0.0,-1.5707964,0.0
1970-01-01 00:00:00.439596893,0.439596893,0.0,0.0,0.0,0.0,0.0,86.47194,0.0,0.0,-1.5707964,0.0
1970-01-01 00:00:00.439989164,0.439989164,96.40444,0.0,0.0,0.0,0.0,0.0,0.0,0.0,-1.5707964,0.0
1970-01-01 00:00:00.440089683,0.440089683,0.0,0.0,0.0,0.0,208.88736,0.0,0.0,0.0,-1.5707964,0.0
1970-01-01 00:00:00.440119935,0.440119935,208.9477,0.0,0.0,0.0,0.0,0.0,0.0,0.0,-1.5707964,0.0
1970-01-01 00:00:00.440169270,0.44016927,0.0,0.0,0.0,177.65694,0.0,0.0,0.0,0.0,-1.5707964,0.0
1970-01-01 00:00:00.440578179,0.440578179,0.0,147.30333,0.0,0.0,0.0,0.0,0.0,0.0,-1.5707964,0.0
1970-01-01 00:00:00.440802026,0.440802026,0.0,0.0,0.0,0.0,0.0,149.4349,0.0,0.0,-1.5707964,0.0
1970-01-01 00:00:00.441124679,0.441124679,0.0,208.00227,0.0,0.0,0.0,0.0,0.0,0.0,-1.5707964,0.0
1970-01-01 00:00:00.441197081,0.441197081,0.0,82.28514,0.0,0.0,0.0,0.0,0.0,0.0,-1.5707964,0.0
1970-01-01 00:00:00.441220744,0.441220744,0.0,342.08914,0.0,0.0,0.0,0.0,0.0,0.0,-1.5707964,0.0
1970-01-01 00:00:00.441446669,0.441446669,0.0,92.96689,0.0,0.0,0.0,0.0,0.0,0.0,-1.5707964,0.0
1970-01-01 00:00:00.441765275,0.441765275,0.0,0.0,0.0,0.0,88.591484,0.0,0.0,0.0,-1.5707964,0.0
1970-01-01 00:00:00.441774636,0.441774636,0.0,336.9698,0.0,0.0,0.0,0.0,0.0,0.0,-1.5707964,0.0
1970-01-01 00:00:00.441958596,0.441958596,0.0,83.51586,0.0,0.0,0.0,0.0,0.0,0.0,-1.5707964,0.0
1970-01-01 00:00:00.442095623,0.442095623,0.0,0.0,0.0,85.90603,0.0,0.0,0.0,0.0,-1.5707964,0.0
1970-01-01 00:00:00.442224079,0.442224079,222.15881,0.0,0.0,0.0,0.0,0.0,0.0,0.0,-1.5707964,0.0
1970-01-01 00:00:00.442333831,0.442333831,0.0,0.0,0.0,156.81958,0.0,0.0,0.0,0.0,-1.5707964,0.0
1970-01-01 00:00:00.442569476,0.442569476,160.42102,0.0,0.0,0.0,0.0,0.0,0.0,0.0,-1.5707964,0.0
1970-01-01 00:00:00.442623517,0.442623517,0.0,0.0,0.0,98.39961,0.0,0.0,0.0,0.0,-1.5707964,0.0
1970-01-01 00:00:00.442803682,0.442803682,194.364,0.0,0.0,0.0,0.0,0.0,0.0,0.0,-1.5707964,0.0
1970-01-01 00:00:00.442886706,0.442886706,0.0,258.53726,0.0,0.0,0.0,0.0,0.0,0.0,-1.5707964,0.0
1970-01-01 00:00:00.443113397,0.443113397,0.0,84.043396,0.0,0.0,0.0,0.0,0.0,0.0,-1.5707964,0.0
1970-01-01 00:00:00.443143046,0.443143046,0.0,203.58742,0.0,0.0,0.0,0.0,0.0,0.0,-1.5707964,0.0
1970-01-01 00:00:00.443188180,0.44318818,0.0,0.0,0.0,0.0,266.72772,0.0,0.0,0.0,-1.5707964,0.0
1970-01-01 00:00:00.443439131,0.443439131,0.0,184.27089,0.0,0.0,0.0,0.0,0.0,0.0,-1.5707964,0.0
1970-01-01 00:00:00.443512436,0.443512436,0.0,121.89989,0.0,0.0,0.0,0.0,0.0,0.0,-1.5707964,0.0
1970-01-01 00:00:00.444700933,0.444700933,0.0,146.66316,0.0,0.0,0.0,0.0,0.0,0.0,-1.5707964,0.0
1970-01-01 00:00:00.444935691,0.444935691,110.59391,0.0,0.0,0.0,0.0,0.0,0.0,0.0,-1.5707964,0.0
1970-01-01 00:00:00.445086646,0.445086646,0.0,0.0,0.0,150.88483,0.0,0.0,0.0,0.0,-1.5707964,0.0
1970-01-01 00:00:00.445153467,0.445153467,0.0,0.0,0.0,0.0,96.86014,0.0,0.0,0.0,-1.5707964,0.0
1970-01-01 00:00:00.445639837,0.445639837,0.0,0.0,0.0,159.38362,0.0,0.0,0.0,0.0,-1.5707964,0.0
1970-01-01 00:00:00.445730093,0.445730093,164.33578,0.0,0.0,0.0,0.0,0.0,0.0,0.0,-1.5707964,0.0
1970-01-01 00:00:00.445732253,0.445732253,0.0,83.360954,0.0,0.0,0.0,0.0,0.0,0.0,-1.5707964,0.0
1970-01-01 00:00:00.446320703,0.446320703,0.0,0.0,0.0,0.0,97.4855,0.0,0.0,0.0,-1.5707964,0.0
1970-01-01 00:00:00.446398005,0.446398005,211.80365,0.0,0.0,0.0,0.0,0.0,0.0,0.0,-1.5707964,0.0
1970-01-01 00:00:00.446493101,0.446493101,0.0,0.0,0.0,0.0,91.38425,0.0,0.0,0.0,-1.5707964,0.0
1970-01-01 00:00:00.446637557,0.446637557,0.0,132.15785,0.0,0.0,0.0,0.0,0.0,0.0,-1.5707964,0.0
1970-01-01 00:00:00.446842821,0.446842821,0.0,0.0,0.0,0.0,114.53065,0.0,0.0,0.0,-1.5707964,0.0
1970-01-01 00:00:00.447135540,0.44713554,0.0,118.03041,0.0,0.0,0.0,0.0,0.0,0.0,-1.5707964,0.0
1970-01-01 00:00:00.447641598,0.447641598,223.95145,0.0,0.0,0.0,0.0,0.0,0.0,0.0,-1.5707964,0.0
1970-01-01 00:00:00.448003654,0.448003654,130.3905,0.0,0.0,0.0,0.0,0.0,0.0,0.0,-1.5707964,0.0
1970-01-01 00:00:00.448244590,0.44824459,0.0,0.0,0.0,0.0,117.26712,0.0,0.0,0.0,-1.5707964,0.0
1970-01-01 00:00:00.448615530,0.44861553,0.0,0.0,0.0,0.0,525.55615,0.0,0.0,0.0,-1.5707964,0.0
1970-01-01 00:00:00.448655643,0.448655643,0.0,0.0,0.0,0.0,0.0,104.07964,0.0,0.0,-1.5707964,0.0
1970-01-01 00:00:00.448657616,0.448657616,0.0,0.0,0.0,0.0,159.48317,0.0,0.0,0.0,-1.5707964,0.0
1970-01-01 00:00:00.449043228,0.449043228,0.0,0.0,0.0,105.24876,0.0,0.0,0.0,0.0,-1.5707964,0.0
1970-01-01 00:00:00.449403699,0.449403699,0.0,0.0,0.0,0.0,408.8006,0.0,0.0,0.0,-1.5707964,0.0
1970-01-01 00:00:00.449415906,0.449415906,0.0,0.0,0.0,200.40384,0.0,0.0,0.0,0.0,-1.5707964,0.0
1970-01-01 00:00:00.449524111,0.449524111,220.91049,0.0,0.0,0.0,0.0,0.0,0.0,0.0,-1.5707964,0.0
1970-01-01 00:00:00.449732598,0.449732598,0.0,0.0,0.0,201.95193,0.0,0.0,0.0,0.0,-1.5707964,0.0
1970-01-01 00:00:00.450279354,0.450279354,0.0,107.16729,0.0,0.0,0.0,0.0,0.0,0.0,-1.5707964,0.0
1970-01-01 00:00:00.450379766,0.450379766,316.76318,0.0,0.0,0.0,0.0,0.0,0.0,0.0,-1.5707964,0.0
1970-01-01 00:00:00.450670754,0.450670754,0.0,172.12172,0.0,0.0,0.0,0.0,0.0,0.0,-1.5707964,0.0
1970-01-01 00:00:00.451010821,0.451010821,254.19307,0.0,0.0,0.0,0.0,0.0,0.0,0.0,-1.5707964,0.0
1970-01-01 00:00:00.451122356,0.451122356,0.0,109.159515,0.0,0.0,0.0,0.0,0.0,0.0,-1.5707964,0.0
1970-01-01 00:00:00.451347941,0.451347941,0.0,0.0,0.0,0.0,81.456604,0.0,0.0,0.0,-1.5707964,0.0
1970-01-01 00:00:00.451708358,0.451708358,0.0,0.0,0.0,0.0,0.0,153.0535,0.0,0.0,-1.5707964,0.0
1970-01-01 00:00:00.451762049,0.451762049,0.0,0.0,0.0,0.0,114.83232,0.0,0.0,0.0,-1.5707964,0.0
1970-01-01 00:00:00.451806399,0.451806399,127.70063,0.0,0.0,0.0,0.0,0.0,0.0,0.0,-1.5707964,0.0
1970-01-01 00:00:00.452229910,0.45222991,0.0,99.01069,0.0,0.0,0.0,0.0,0.0,0.0,-1.5707964,0.0
1970-01-01 00:00:00.452286274,0.452286274,0.0,116.89236,0.0,0.0,0.0,0.0,0.0,0.0,-1.5707964,0.0
1970-01-01 00:00:00.452649818,0.452649818,0.0,0.0,150.53148,0.0,0.0,0.0,0.0,0.0,-1.5707964,0.0
1970-01-01 00:00:00.452709287,0.452709287,0.0,190.78778,0.0,0.0,0.0,0.0,0.0,0.0,-1.5707964,0.0
1970-01-01 00:00:00.452800565,0.452800565,0.0,118.82499,0.0,0.0,0.0,0.0,0.0,0.0,-1.5707964,0.0
1970-01-01 00:00:00.452862380,0.45286238,91.6027,0.0,0.0,0.0,0.0,0.0,0.0,0.0,-1.5707964,0.0
1970-01-01 00:00:00.452871581,0.452871581,0.0,0.0,0.0,0.0,197.36722,0.0,0.0,0.0,-1.5707964,0.0
1970-01-01 00:00:00.453692397,0.453692397,95.04063,0.0,0.0,0.0,0.0,0.0,0.0,0.0,-1.5707964,0.0
1970-01-01 00:00:00.453901434,0.453901434,0.0,0.0,0.0,229.88155,0.0,0.0,0.0,0.0,-1.5707964,0.0
1970-01-01 00:00:00.454213793,0.454213793,0.0,383.6662,0.0,0.0,0.0,0.0,0.0,0.0,-1.5707964,0.0
1970-01-01 00:00:00.454466957,0.454466957,0.0,0.0,0.0,508.72388,0.0,0.0,0.0,0.0,-1.5707964,0.0
1970-01-01 00:00:00.454704802,0.454704802,0.0,154.41647,0.0,0.0,0.0,0.0,0.0,0.0,-1.5707964,0.0
1970-01-01 00:00:00.454779476,0.454779476,81.523384,0.0,0.0,0.0,0.0,0.0,0.0,0.0,-1.5707964,0.0
1970-01-01 00:00:00.455009203,0.455009203,89.953705,0.0,0.0,0.0,0.0,0.0,0.0,0.0,-1.5707964,0.0
1970-01-01 00:00:00.455347960,0.45534796,0.0,0.0,0.0,179.41432,0.0,0.0,0.0,0.0,-1.5707964,0.0
1970-01-01 00:00:00.455438306,0.455438306,223.25742,0.0,0.0,0.0,0.0,0.0,0.0,0.0,-1.5707964,0.0
1970-01-01 00:00:00.455467437,0.455467437,92.46574,0.0,0.0,0.0,0.0,0.0,0.0,0.0,-1.5707964,0.0
1970-01-01 00:00:00.455669425,0.455669425,0.0,0.0,0.0,111.06838,0.0,0.0,0.0,0.0,-1.5707964,0.0
1970-01-01 00:00:00.455932873,0.455932873,110.415054,0.0,0.0,0.0,0.0,0.0,0.0,0.0,-1.5707964,0.0
1970-01-01 00:00:00.456101990,0.45610199,0.0,0.0,0.0,0.0,273.45435,0.0,0.0,0.0,-1.5707964,0.0
1970-01-01 00:00:00.456165215,0.456165215,0.0,0.0,0.0,0.0,211.66855,0.0,0.0,0.0,-1.5707964,0.0
1970-01-01 00:00:00.456587812,0.456587812,0.0,0.0,0.0,0.0,91.20672,0.0,0.0,0.0,-1.5707964,0.0
1970-01-01 00:00:00.456974674,0.456974674,0.0,0.0,0.0,119.39384,0.0,0.0,0.0,0.0,-1.5707964,0.0
1970-01-01 00:00:00.457206031,0.457206031,0.0,0.0,0.0,240.3505,0.0,0.0,0.0,0.0,-1.5707964,0.0
1970-01-01 00:00:00.457293237,0.457293237,105.61249,0.0,0.0,0.0,0.0,0.0,0.0,0.0,-1.5707964,0.0
1970-01-01 00:00:00.457295559,0.457295559,0.0,132.2837,0.0,0.0,0.0,0.0,0.0,0.0,-1.5707964,0.0
1970-01-01 00:00:00.457455209,0.457455209,202.02109,0.0,0.0,0.0,0.0,0.0,0.0,0.0,-1.5707964,0.0
1970-01-01 00:00:00.457814387,0.457814387,0.0,0.0,0.0,129.3393,0.0,0.0,0.0,0.0,-1.5707964,0.0
1970-01-01 00:00:00.458917909,0.458917909,0.0,0.0,89.868484,0.0,0.0,0.0,0.0,0.0,-1.5707964,0.0
1970-01-01 00:00:00.459136846,0.459136846,0.0,0.0,0.0,0.0,153.76924,0.0,0.0,0.0,-1.5707964,0.0
1970-01-01 00:00:00.460504769,0.460504769,0.0,0.0,0.0,0.0,139.06497,0.0,0.0,0.0,-1.5707964,0.0
1970-01-01 00:00:00.460774066,0.460774066,0.0,0.0,0.0,0.0,224.67389,0.0,0.0,0.0,-1.5707964,0.0
1970-01-01 00:00:00.460942606,0.460942606,0.0,0.0,0.0,0.0,207.60135,0.0,0.0,0.0,-1.5707964,0.0
1970-01-01 00:00:00.461120252,0.461120252,0.0,0.0,0.0,0.0,260.86078,0.0,0.0,0.0,-1.5707964,0.0
1970-01-01 00:00:00.461265174,0.461265174,0.0,0.0,0.0,0.0,117.94507,0.0,0.0,0.0,-1.5707964,0.0
1970-01-01 00:00:00.461638942,0.461638942,0.0,0.0,0.0,0.0,85.65204,0.0,0.0,0.0,-1.5707964,0.0
1970-01-01 00:00:00.461716831,0.461716831,0.0,0.0,0.0,0.0,308.68024,0.0,0.0,0.0,-1.5707964,0.0
1970-01-01 00:00:00.462608263,0.462608263,0.0,0.0,0.0,0.0,175.37209,0.0,0.0,0.0,-1.5707964,0.0
1970-01-01 00:00:00.462630963,0.462630963,0.0,0.0,0.0,82.8832,0.0,0.0,0.0,0.0,-1.5707964,0.0
1970-01-01 00:00:00.463551473,0.463551473,0.0,0.0,0.0,0.0,141.31522,0.0,0.0,0.0,-1.5707964,0.0
1970-01-01 00:00:00.463630934,0.463630934,0.0,0.0,0.0,0.0,144.49255,0.0,0.0,0.0,-1.5707964,0.0
1970-01-01 00:00:00.463663684,0.463663684,0.0,0.0,0.0,0.0,165.84413,0.0,0.0,0.0,-1.5707964,0.0
1970-01-01 00:00:00.463708968,0.463708968,0.0,216.73225,0.0,0.0,0.0,0.0,0.0,0.0,-1.5707964,0.0
1970-01-01 00:00:00.464107191,0.464107191,101.26717,0.0,0.0,0.0,0.0,0.0,0.0,0.0,-1.5707964,0.0
1970-01-01 00:00:00.464218564,0.464218564,0.0,90.25653,0.0,0.0,0.0,0.0,0.0,0.0,-1.5707964,0.0
1970-01-01 00:00:00.464364725,0.464364725,0.0,0.0,0.0,111.30038,0.0,0.0,0.0,0.0,-1.5707964,0.0
1970-01-01 00:00:00.464434765,0.464434765,0.0,0.0,0.0,0.0,135.56853,0.0,0.0,0.0,-1.5707964,0.0
1970-01-01 00:00:00.464506925,0.464506925,0.0,138.90349,0.0,0.0,0.0,0.0,0.0,0.0,-1.5707964,0.0
1970-01-01 00:00:00.464756389,0.464756389,0.0,172.87901,0.0,0.0,0.0,0.0,0.0,0.0,-1.5707964,0.0
1970-01-01 00:00:00.464765389,0.464765389,0.0,0.0,0.0,0.0,145.76875,0.0,0.0,0.0,-1.5707964,0.0
1970-01-01 00:00:00.465383854,0.465383854,201.95406,0.0,0.0,0.0,0.0,0.0,0.0,0.0,-1.5707964,0.0
1970-01-01 00:00:00.465688276,0.465688276,0.0,0.0,0.0,88.22223,0.0,0.0,0.0,0.0,-1.5707964,0.0
1970-01-01 00:00:00.465996750,0.46599675,0.0,162.04805,0.0,0.0,0.0,0.0,0.0,0.0,-1.5707964,0.0
1970-01-01 00:00:00.466099042,0.466099042,0.0,165.60641,0.0,0.0,0.0,0.0,0.0,0.0,-1.5707964,0.0
1970-01-01 00:00:00.466237555,0.466237555,258.13425,0.0,0.0,0.0,0.0,0.0,0.0,0.0,-1.5707964,0.0
1970-01-01 00:00:00.466822052,0.466822052,0.0,0.0,0.0,0.0,82.86307,0.0,0.0,0.0,-1.5707964,0.0
1970-01-01 00:00:00.467454414,0.467454414,0.0,149.09158,0.0,0.0,0.0,0.0,0.0,0.0,-1.5707964,0.0
1970-01-01 00:00:00.467619196,0.467619196,0.0,0.0,0.0,0.0,0.0,106.39541,0.0,0.0,-1.5707964,0.0
1970-01-01 00:00:00.467962836,0.467962836,0.0,0.0,0.0,0.0,93.22808,0.0,0.0,0.0,-1.5707964,0.0
1970-01-01 00:00:00.468786980,0.46878698,0.0,125.00243,0.0,0.0,0.0,0.0,0.0,0.0,-1.5707964,0.0
1970-01-01 00:00:00.468910500,0.4689105,0.0,0.0,0.0,0.0,254.18616,0.0,0.0,0.0,-1.5707964,0.0
1970-01-01 00:00:00.468946979,0.468946979,128.65962,0.0,0.0,0.0,0.0,0.0,0.0,0.0,-1.5707964,0.0
1970-01-01 00:00:00.469320034,0.469320034,0.0,157.67426,0.0,0.0,0.0,0.0,0.0,0.0,-1.5707964,0.0
1970-01-01 00:00:00.469480273,0.469480273,0.0,0.0,0.0,87.05731,0.0,0.0,0.0,0.0,-1.5707964,0.0
1970-01-01 00:00:00.470139903,0.470139903,0.0,0.0,0.0,0.0,115.076675,0.0,0.0,0.0,-1.5707964,0.0
1970-01-01 00:00:00.470172004,0.470172004,0.0,0.0,105.69524,0.0,0.0,0.0,0.0,0.0,-1.5707964,0.0
1970-01-01 00:00:00.471173048,0.471173048,0.0,169.76164,0.0,0.0,0.0,0.0,0.0,0.0,-1.5707964,0.0
1970-01-01 00:00:00.471440693,0.471440693,0.0,100.899704,0.0,0.0,0.0,0.0,0.0,0.0,-1.5707964,0.0
1970-01-01 00:00:00.471498021,0.471498021,0.0,124.480286,0.0,0.0,0.0,0.0,0.0,0.0,-1.5707964,0.0
1970-01-01 00:00:00.471648240,0.47164824,0.0,98.98948,0.0,0.0,0.0,0.0,0.0,0.0,-1.5707964,0.0
1970-01-01 00:00:00.471774854,0.471774854,0.0,116.950485,0.0,0.0,0.0,0.0,0.0,0.0,-1.5707964,0.0
1970-01-01 00:00:00.471865066,0.471865066,0.0,0.0,0.0,0.0,133.76134,0.0,0.0,0.0,-1.5707964,0.0
1970-01-01 00:00:00.471926251,0.471926251,0.0,243.26324,0.0,0.0,0.0,0.0,0.0,0.0,-1.5707964,0.0
1970-01-01 00:00:00.472067983,0.472067983,0.0,182.45517,0.0,0.0,0.0,0.0,0.0,0.0,-1.5707964,0.0
1970-01-01 00:00:00.472160527,0.472160527,0.0,160.24107,0.0,0.0,0.0,0.0,0.0,0.0,-1.5707964,0.0
1970-01-01 00:00:00.472172525,0.472172525,0.0,0.0,0.0,0.0,137.63608,0.0,0.0,0.0,-1.5707964,0.0
1970-01-01 00:00:00.472525179,0.472525179,279.333,0.0,0.0,0.0,0.0,0.0,0.0,0.0,-1.5707964,0.0
1970-01-01 00:00:00.472880132,0.472880132,0.0,115.83395,0.0,0.0,0.0,0.0,0.0,0.0,-1.5707964,0.0
1970-01-01 00:00:00.473943013,0.473943013,0.0,0.0,0.0,0.0,86.66822,0.0,0.0,0.0,-1.5707964,0.0
1970-01-01 00:00:00.474051478,0.474051478,0.0,0.0,0.0,0.0,0.0,96.42115,0.0,0.0,-1.5707964,0.0
1970-01-01 00:00:00.474385700,0.4743857,227.72177,0.0,0.0,0.0,0.0,0.0,0.0,0.0,-1.5707964,0.0
1970-01-01 00:00:00.474929925,0.474929925,0.0,101.82139,0.0,0.0,0.0,0.0,0.0,0.0,-1.5707964,0.0
1970-01-01 00:00:00.475028785,0.475028785,0.0,123.32535,0.0,0.0,0.0,0.0,0.0,0.0,-1.5707964,0.0
1970-01-01 00:00:00.475171578,0.475171578,0.0,0.0,0.0,0.0,358.72736,0.0,0.0,0.0,-1.5707964,0.0
1970-01-01 00:00:00.476349842,0.476349842,0.0,0.0,154.06581,0.0,0.0,0.0,0.0,0.0,-1.5707964,0.0
1970-01-01 00:00:00.476356133,0.476356133,0.0,119.816956,0.0,0.0,0.0,0.0,0.0,0.0,-1.5707964,0.0
1970-01-01 00:00:00.476489557,0.476489557,0.0,127.16285,0.0,0.0,0.0,0.0,0.0,0.0,-1.5707964,0.0
1970-01-01 00:00:00.476597002,0.476597002,0.0,0.0,0.0,0.0,244.21947,0.0,0.0,0.0,-1.5707964,0.0
1970-01-01 00:00:00.476646079,0.476646079,0.0,0.0,0.0,135.06604,0.0,0.0,0.0,0.0,-1.5707964,0.0
1970-01-01 00:00:00.476813789,0.476813789,0.0,0.0,0.0,0.0,92.29723,0.0,0.0,0.0,-1.5707964,0.0
1970-01-01 00:00:00.477026976,0.477026976,0.0,136.57141,0.0,0.0,0.0,0.0,0.0,0.0,-1.5707964,0.0
1970-01-01 00:00:00.477516194,0.477516194,0.0,97.200195,0.0,0.0,0.0,0.0,0.0,0.0,-1.5707964,0.0
1970-01-01 00:00:00.477685296,0.477685296,0.0,114.69373,0.0,0.0,0.0,0.0,0.0,0.0,-1.5707964,0.0
1970-01-01 00:00:00.477764557,0.477764557,147.21358,0.0,0.0,0.0,0.0,0.0,0.0,0.0,-1.5707964,0.0
1970-01-01 00:00:00.478069254,0.478069254,113.1495,0.0,0.0,0.0,0.0,0.0,0.0,0.0,-1.5707964,0.0
1970-01-01 00:00:00.478344528,0.478344528,0.0,85.24074,0.0,0.0,0.0,0.0,0.0,0.0,-1.5707964,0.0
1970-01-01 00:00:00.478524393,0.478524393,0.0,0.0,0.0,143.2359,0.0,0.0,0.0,0.0,-1.5707964,0.0
1970-01-01 00:00:00.480450702,0.480450702,0.0,0.0,0.0,121.73459,0.0,0.0,0.0,0.0,-1.5707964,0.0
1970-01-01 00:00:00.480523852,0.480523852,116.14871,0.0,0.0,0.0,0.0,0.0,0.0,0.0,-1.5707964,0.0
1970-01-01 00:00:00.480634765,0.480634765,0.0,0.0,0.0,0.0,97.40454,0.0,0.0,0.0,-1.5707964,0.0
1970-01-01 00:00:00.480712663,0.480712663,0.0,174.09233,0.0,0.0,0.0,0.0,0.0,0.0,-1.5707964,0.0
1970-01-01 00:00:00.481003024,0.481003024,0.0,0.0,0.0,0.0,85.617584,0.0,0.0,0.0,-1.5707964,0.0
1970-01-01 00:00:00.481480884,0.481480884,351.11157,0.0,0.0,0.0,0.0,0.0,0.0,0.0,-1.5707964,0.0
1970-01-01 00:00:00.481732513,0.481732513,0.0,508.71014,0.0,0.0,0.0,0.0,0.0,0.0,-1.5707964,0.0
1970-01-01 00:00:00.481801766,0.481801766,0.0,127.295654,0.0,0.0,0.0,0.0,0.0,0.0,-1.5707964,0.0
1970-01-01 00:00:00.482148186,0.482148186,0.0,104.73096,0.0,0.0,0.0,0.0,0.0,0.0,-1.5707964,0.0
1970-01-01 00:00:00.482273017,0.482273017,0.0,0.0,0.0,0.0,0.0,110.91367,0.0,0.0,-1.5707964,0.0
1970-01-01 00:00:00.482456387,0.482456387,0.0,95.550255,0.0,0.0,0.0,0.0,0.0,0.0,-1.5707964,0.0
1970-01-01 00:00:00.482501902,0.482501902,0.0,0.0,0.0,116.41917,0.0,0.0,0.0,0.0,-1.5707964,0.0
1970-01-01 00:00:00.482698622,0.482698622,0.0,0.0,0.0,0.0,108.56997,0.0,0.0,0.0,-1.5707964,0.0
1970-01-01 00:00:00.483015792,0.483015792,0.0,0.0,0.0,0.0,141.48456,0.0,0.0,0.0,-1.5707964,0.0
1970-01-01 00:00:00.483060553,0.483060553,0.0,0.0,0.0,0.0,89.06981,0.0,0.0,0.0,-1.5707964,0.0
1970-01-01 00:00:00.483101800,0.4831018,0.0,0.0,0.0,301.4734,0.0,0.0,0.0,0.0,-1.5707964,0.0
1970-01-01 00:00:00.483562428,0.483562428,90.87198,0.0,0.0,0.0,0.0,0.0,0.0,0.0,-1.5707964,0.0
1970-01-01 00:00:00.483672945,0.483672945,0.0,113.24089,0.0,0.0,0.0,0.0,0.0,0.0,-1.5707964,0.0
1970-01-01 00:00:00.484066522,0.484066522,0.0,0.0,0.0,579.9715,0.0,0.0,0.0,0.0,-1.5707964,0.0
1970-01-01 00:00:00.484179209,0.484179209,0.0,0.0,0.0,0.0,95.16499,0.0,0.0,0.0,-1.5707964,0.0
1970-01-01 00:00:00.484299473,0.484299473,0.0,0.0,198.71649,0.0,0.0,0.0,0.0,0.0,-1.5707964,0.0
1970-01-01 00:00:00.484379625,0.484379625,0.0,0.0,0.0,96.92238,0.0,0.0,0.0,0.0,-1.5707964,0.0
1970-01-01 00:00:00.484779064,0.484779064,0.0,0.0,0.0,0.0,85.68418,0.0,0.0,0.0,-1.5707964,0.0
1970-01-01 00:00:00.484963497,0.484963497,189.32574,0.0,0.0,0.0,0.0,0.0,0.0,0.0,-1.5707964,0.0
1970-01-01 00:00:00.485542872,0.485542872,0.0,300.0581,0.0,0.0,0.0,0.0,0.0,0.0,-1.5707964,0.0
1970-01-01 00:00:00.485567892,0.485567892,0.0,0.0,0.0,111.668015,0.0,0.0,0.0,0.0,-1.5707964,0.0
1970-01-01 00:00:00.485668899,0.485668899,0.0,263.42026,0.0,0.0,0.0,0.0,0.0,0.0,-1.5707964,0.0
1970-01-01 00:00:00.485810893,0.485810893,171.17809,0.0,0.0,0.0,0.0,0.0,0.0,0.0,-1.5707964,0.0
1970-01-01 00:00:00.485882484,0.485882484,0.0,0.0,0.0,0.0,167.29144,0.0,0.0,0.0,-1.5707964,0.0
1970-01-01 00:00:00.485891733,0.485891733,0.0,309.5961,0.0,0.0,0.0,0.0,0.0,0.0,-1.5707964,0.0
1970-01-01 00:00:00.486136592,0.486136592,0.0,0.0,0.0,0.0,140.04062,0.0,0.0,0.0,-1.5707964,0.0
1970-01-01 00:00:00.486635696,0.486635696,0.0,181.48918,0.0,0.0,0.0,0.0,0.0,0.0,-1.5707964,0.0
1970-01-01 00:00:00.486881362,0.486881362,0.0,80.562195,0.0,0.0,0.0,0.0,0.0,0.0,-1.5707964,0.0
1970-01-01 00:00:00.487615630,0.48761563,0.0,0.0,0.0,0.0,115.12427,0.0,0.0,0.0,-1.5707964,0.0
1970-01-01 00:00:00.487634845,0.487634845,213.74185,0.0,0.0,0.0,0.0,0.0,0.0,0.0,-1.5707964,0.0
1970-01-01 00:00:00.488029838,0.488029838,0.0,0.0,0.0,0.0,189.5587,0.0,0.0,0.0,-1.5707964,0.0
1970-01-01 00:00:00.488210593,0.488210593,0.0,0.0,0.0,0.0,0.0,182.01927,0.0,0.0,-1.5707964,0.0
1970-01-01 00:00:00.488265906,0.488265906,0.0,0.0,0.0,83.853806,0.0,0.0,0.0,0.0,-1.5707964,0.0
1970-01-01 00:00:00.488342733,0.488342733,0.0,82.682655,0.0,0.0,0.0,0.0,0.0,0.0,-1.5707964,0.0
1970-01-01 00:00:00.488960125,0.488960125,0.0,0.0,0.0,146.76376,0.0,0.0,0.0,0.0,-1.5707964,0.0
1970-01-01 00:00:00.489043610,0.48904361,0.0,0.0,0.0,0.0,212.56941,0.0,0.0,0.0,-1.5707964,0.0
1970-01-01 00:00:00.489231478,0.489231478,85.58307,0.0,0.0,0.0,0.0,0.0,0.0,0.0,-1.5707964,0.0
1970-01-01 00:00:00.489261744,0.489261744,0.0,96.38196,0.0,0.0,0.0,0.0,0.0,0.0,-1.5707964,0.0
1970-01-01 00:00:00.489824463,0.489824463,0.0,0.0,0.0,147.8272,0.0,0.0,0.0,0.0,-1.5707964,0.0
1970-01-01 00:00:00.489900096,0.489900096,0.0,0.0,0.0,0.0,149.17728,0.0,0.0,0.0,-1.5707964,0.0
1970-01-01 00:00:00.490518979,0.490518979,0.0,156.49713,0.0,0.0,0.0,0.0,0.0,0.0,-1.5707964,0.0
1970-01-01 00:00:00.490653768,0.490653768,0.0,0.0,0.0,88.043655,0.0,0.0,0.0,0.0,-1.5707964,0.0
1970-01-01 00:00:00.490742553,0.490742553,0.0,0.0,0.0,0.0,98.063805,0.0,0.0,0.0,-1.5707964,0.0
1970-01-01 00:00:00.491084730,0.49108473,0.0,0.0,0.0,0.0,0.0,137.33998,0.0,0.0,-1.5707964,0.0
1970-01-01 00:00:00.491198914,0.491198914,85.4887,0.0,0.0,0.0,0.0,0.0,0.0,0.0,-1.5707964,0.0
1970-01-01 00:00:00.491739344,0.491739344,0.0,0.0,0.0,101.492645,0.0,0.0,0.0,0.0,-1.5707964,0.0
1970-01-01 00:00:00.491894144,0.491894144,0.0,119.4186,0.0,0.0,0.0,0.0,0.0,0.0,-1.5707964,0.0
1970-01-01 00:00:00.492037890,0.49203789,290.59167,0.0,0.0,0.0,0.0,0.0,0.0,0.0,-1.5707964,0.0
1970-01-01 00:00:00.492098700,0.4920987,0.0,0.0,0.0,0.0,0.0,97.520035,0.0,0.0,-1.5707964,0.0
1970-01-01 00:00:00.492174765,0.492174765,0.0,0.0,0.0,93.5554,0.0,0.0,0.0,0.0,-1.5707964,0.0
1970-01-01 00:00:00.492645185,0.492645185,0.0,189.54985,0.0,0.0,0.0,0.0,0.0,0.0,-1.5707964,0.0
1970-01-01 00:00:00.492733977,0.492733977,220.9328,0.0,0.0,0.0,0.0,0.0,0.0,0.0,-1.5707964,0.0
1970-01-01 00:00:00.493315427,0.493315427,0.0,0.0,0.0,98.88271,0.0,0.0,0.0,0.0,-1.5707964,0.0
1970-01-01 00:00:00.493614257,0.493614257,0.0,118.97106,0.0,0.0,0.0,0.0,0.0,0.0,-1.5707964,0.0
1970-01-01 00:00:00.494983172,0.494983172,0.0,80.09393,0.0,0.0,0.0,0.0,0.0,0.0,-1.5707964,0.0
1970-01-01 00:00:00.495147741,0.495147741,0.0,0.0,0.0,0.0,147.43857,0.0,0.0,0.0,-1.5707964,0.0
1970-01-01 00:00:00.495672428,0.495672428,94.372116,0.0,0.0,0.0,0.0,0.0,0.0,0.0,-1.5707964,0.0
1970-01-01 00:00:00.496086366,0.496086366,0.0,0.0,0.0,0.0,110.59248,0.0,0.0,0.0,-1.5707964,0.0
1970-01-01 00:00:00.496530803,0.496530803,0.0,0.0,0.0,0.0,83.09528,0.0,0.0,0.0,-1.5707964,0.0
1970-01-01 00:00:00.496934800,0.4969348,0.0,0.0,0.0,0.0,120.760605,0.0,0.0,0.0,-1.5707964,0.0
1970-01-01 00:00:00.497339896,0.497339896,0.0,0.0,0.0,132.0069,0.0,0.0,0.0,0.0,-1.5707964,0.0
1970-01-01 00:00:00.497350528,0.497350528,174.09718,0.0,0.0,0.0,0.0,0.0,0.0,0.0,-1.5707964,0.0
1970-01-01 00:00:00.497809534,0.497809534,0.0,195.87918,0.0,0.0,0.0,0.0,0.0,0.0,-1.5707964,0.0
1970-01-01 00:00:00.498150138,0.498150138,0.0,0.0,0.0,137.6564,0.0,0.0,0.0,0.0,-1.5707964,0.0
1970-01-01 00:00:00.498172745,0.498172745,222.29088,0.0,0.0,0.0,0.0,0.0,0.0,0.0,-1.5707964,0.0
1970-01-01 00:00:00.498196331,0.498196331,103.80526,0.0,0.0,0.0,0.0,0.0,0.0,0.0,-1.5707964,0.0
1970-01-01 00:00:00.498884261,0.498884261,0.0,0.0,0.0,0.0,119.73626,0.0,0.0,0.0,-1.5707964,0.0
1970-01-01 00:00:00.499231469,0.499231469,299.07758,0.0,0.0,0.0,0.0,0.0,0.0,0.0,-1.5707964,0.0
1970-01-01 00:00:00.499281703,0.499281703,0.0,0.0,0.0,0.0,94.6974,0.0,0.0,0.0,-1.5707964,0.0
1970-01-01 00:00:00.499937590,0.49993759,0.0,0.0,0.0,0.0,259.59137,0.0,0.0,0.0,-1.5707964,0.0
1970-01-01 00:00:00.499990426,0.499990426,0.0,0.0,81.40965,0.0,0.0,0.0,0.0,0.0,-1.5707964,0.0
1970-01-01 00:00:00.500109369,0.500109369,0.0,125.52124,0.0,0.0,0.0,0.0,0.0,0.0,-1.5707964,0.0
1970-01-01 00:00:00.500473449,0.500473449,0.0,0.0,0.0,0.0,80.08625,0.0,0.0,0.0,-1.5707964,0.0
1970-01-01 00:00:00.500557578,0.500557578,0.0,103.318695,0.0,0.0,0.0,0.0,0.0,0.0,-1.5707964,0.0
1970-01-01 00:00:00.500871845,0.500871845,0.0,0.0,99.58918,0.0,0.0,0.0,0.0,0.0,-1.5707964,0.0
1970-01-01 00:00:00.501511959,0.501511959,0.0,161.63501,0.0,0.0,0.0,0.0,0.0,0.0,-1.5707964,0.0
1970-01-01 00:00:00.501771249,0.501771249,0.0,0.0,0.0,0.0,0.0,182.16396,0.0,0.0,-1.5707964,0.0
1970-01-01 00:00:00.501913289,0.50191329,0.0,119.18072,0.0,0.0,0.0,0.0,0.0,0.0,-1.5707964,0.0
1970-01-01 00:00:00.502010757,0.502010758,0.0,0.0,0.0,0.0,0.0,194.52734,0.0,0.0,-1.5707964,0.0
1970-01-01 00:00:00.502497626,0.502497626,0.0,0.0,0.0,0.0,135.5215,0.0,0.0,0.0,-1.5707964,0.0
1970-01-01 00:00:00.502855696,0.502855696,102.57762,0.0,0.0,0.0,0.0,0.0,0.0,0.0,-1.5707964,0.0
1970-01-01 00:00:00.503789603,0.503789603,0.0,0.0,0.0,162.40855,0.0,0.0,0.0,0.0,-1.5707964,0.0
1970-01-01 00:00:00.503976500,0.5039765,0.0,0.0,0.0,0.0,103.176216,0.0,0.0,0.0,-1.5707964,0.0
1970-01-01 00:00:00.504656074,0.504656074,0.0,127.104774,0.0,0.0,0.0,0.0,0.0,0.0,-1.5707964,0.0
1970-01-01 00:00:00.504684138,0.504684138,0.0,0.0,0.0,0.0,84.25514,0.0,0.0,0.0,-1.5707964,0.0
1970-01-01 00:00:00.504822805,0.504822806,0.0,214.79105,0.0,0.0,0.0,0.0,0.0,0.0,-1.5707964,0.0
1970-01-01 00:00:00.504927161,0.504927161,0.0,0.0,0.0,0.0,267.2221,0.0,0.0,0.0,-1.5707964,0.0
1970-01-01 00:00:00.505032782,0.505032782,0.0,0.0,0.0,88.9077,0.0,0.0,0.0,0.0,-1.5707964,0.0
1970-01-01 00:00:00.505226142,0.505226142,0.0,0.0,0.0,0.0,0.0,308.57388,0.0,0.0,-1.5707964,0.0
1970-01-01 00:00:00.505297180,0.50529718,0.0,206.4473,0.0,0.0,0.0,0.0,0.0,0.0,-1.5707964,0.0
1970-01-01 00:00:00.505810655,0.505810656,0.0,277.6364,0.0,0.0,0.0,0.0,0.0,0.0,-1.5707964,0.0
1970-01-01 00:00:00.505960207,0.505960208,109.6456,0.0,0.0,0.0,0.0,0.0,0.0,0.0,-1.5707964,0.0
1970-01-01 00:00:00.506302322,0.506302322,0.0,92.332245,0.0,0.0,0.0,0.0,0.0,0.0,-1.5707964,0.0
1970-01-01 00:00:00.506510107,0.506510107,0.0,0.0,0.0,0.0,136.21211,0.0,0.0,0.0,-1.5707964,0.0
1970-01-01 00:00:00.506558723,0.506558723,0.0,119.4084,0.0,0.0,0.0,0.0,0.0,0.0,-1.5707964,0.0
1970-01-01 00:00:00.506606506,0.506606506,0.0,0.0,0.0,0.0,220.42152,0.0,0.0,0.0,-1.5707964,0.0
1970-01-01 00:00:00.506807260,0.50680726,0.0,0.0,0.0,0.0,149.71082,0.0,0.0,0.0,-1.5707964,0.0
1970-01-01 00:00:00.506986882,0.506986882,0.0,0.0,0.0,290.1344,0.0,0.0,0.0,0.0,-1.5707964,0.0
1970-01-01 00:00:00.507012698,0.507012698,0.0,0.0,0.0,156.70471,0.0,0.0,0.0,0.0,-1.5707964,0.0
1970-01-01 00:00:00.507286695,0.507286695,154.94647,0.0,0.0,0.0,0.0,0.0,0.0,0.0,-1.5707964,0.0
1970-01-01 00:00:00.507462080,0.50746208,0.0,0.0,0.0,0.0,110.66469,0.0,0.0,0.0,-1.5707964,0.0
1970-01-01 00:00:00.508124695,0.508124695,376.62695,0.0,0.0,0.0,0.0,0.0,0.0,0.0,-1.5707964,0.0
1970-01-01 00:00:00.508597446,0.508597446,0.0,0.0,147.89146,0.0,0.0,0.0,0.0,0.0,-1.5707964,0.0
1970-01-01 00:00:00.508956349,0.50895635,0.0,83.30793,0.0,0.0,0.0,0.0,0.0,0.0,-1.5707964,0.0
1970-01-01 00:00:00.509330419,0.509330419,0.0,99.6043,0.0,0.0,0.0,0.0,0.0,0.0,-1.5707964,0.0
1970-01-01 00:00:00.509746477,0.509746477,0.0,0.0,0.0,81.24686,0.0,0.0,0.0,0.0,-1.5707964,0.0
1970-01-01 00:00:00.510991223,0.510991223,0.0,0.0,0.0,0.0,139.1919,0.0,0.0,0.0,-1.5707964,0.0
1970-01-01 00:00:00.511607185,0.511607185,294.64966,0.0,0.0,0.0,0.0,0.0,0.0,0.0,-1.5707964,0.0
1970-01-01 00:00:00.511724512,0.511724512,0.0,80.29244,0.0,0.0,0.0,0.0,0.0,0.0,-1.5707964,0.0
1970-01-01 00:00:00.511852722,0.511852723,0.0,0.0,0.0,0.0,126.04653,0.0,0.0,0.0,-1.5707964,0.0
1970-01-01 00:00:00.512387328,0.512387328,0.0,0.0,0.0,85.10505,0.0,0.0,0.0,0.0,-1.5707964,0.0
1970-01-01 00:00:00.512442551,0.512442551,0.0,0.0,0.0,0.0,0.0,136.304,0.0,0.0,-1.5707964,0.0
1970-01-01 00:00:00.512671175,0.512671175,0.0,0.0,0.0,0.0,166.25812,0.0,0.0,0.0,-1.5707964,0.0
1970-01-01 00:00:00.512820462,0.512820462,0.0,87.5332,0.0,0.0,0.0,0.0,0.0,0.0,-1.5707964,0.0
1970-01-01 00:00:00.513138261,0.513138261,0.0,0.0,0.0,0.0,145.55502,0.0,0.0,0.0,-1.5707964,0.0
1970-01-01 00:00:00.513260834,0.513260834,0.0,164.70659,0.0,0.0,0.0,0.0,0.0,0.0,-1.5707964,0.0
1970-01-01 00:00:00.513451847,0.513451847,0.0,0.0,120.47785,0.0,0.0,0.0,0.0,0.0,-1.5707964,0.0
1970-01-01 00:00:00.513478683,0.513478683,342.54608,0.0,0.0,0.0,0.0,0.0,0.0,0.0,-1.5707964,0.0
1970-01-01 00:00:00.514000251,0.514000251,0.0,0.0,0.0,241.44014,0.0,0.0,0.0,0.0,-1.5707964,0.0
1970-01-01 00:00:00.514133250,0.514133251,0.0,83.47517,0.0,0.0,0.0,0.0,0.0,0.0,-1.5707964,0.0
1970-01-01 00:00:00.514205551,0.514205552,0.0,84.3568,0.0,0.0,0.0,0.0,0.0,0.0,-1.5707964,0.0
1970-01-01 00:00:00.515099463,0.515099463,0.0,146.30606,0.0,0.0,0.0,0.0,0.0,0.0,-1.5707964,0.0
1970-01-01 00:00:00.515591598,0.515591599,0.0,350.32172,0.0,0.0,0.0,0.0,0.0,0.0,-1.5707964,0.0
1970-01-01 00:00:00.515607987,0.515607987,0.0,0.0,0.0,312.46063,0.0,0.0,0.0,0.0,-1.5707964,0.0
1970-01-01 00:00:00.516181419,0.516181419,0.0,106.135635,0.0,0.0,0.0,0.0,0.0,0.0,-1.5707964,0.0
1970-01-01 00:00:00.516844806,0.516844806,0.0,0.0,0.0,145.80699,0.0,0.0,0.0,0.0,-1.5707964,0.0
1970-01-01 00:00:00.517055853,0.517055853,0.0,0.0,0.0,0.0,127.97721,0.0,0.0,0.0,-1.5707964,0.0
1970-01-01 00:00:00.517238375,0.517238375,0.0,0.0,0.0,0.0,203.18579,0.0,0.0,0.0,-1.5707964,0.0
1970-01-01 00:00:00.517472708,0.517472708,0.0,175.9889,0.0,0.0,0.0,0.0,0.0,0.0,-1.5707964,0.0
1970-01-01 00:00:00.517620058,0.517620059,0.0,0.0,0.0,95.477196,0.0,0.0,0.0,0.0,-1.5707964,0.0
1970-01-01 00:00:00.517978218,0.517978219,0.0,0.0,0.0,83.089165,0.0,0.0,0.0,0.0,-1.5707964,0.0
1970-01-01 00:00:00.518055077,0.518055078,0.0,140.11418,0.0,0.0,0.0,0.0,0.0,0.0,-1.5707964,0.0
1970-01-01 00:00:00.518128343,0.518128343,0.0,0.0,0.0,333.24173,0.0,0.0,0.0,0.0,-1.5707964,0.0
1970-01-01 00:00:00.518481129,0.518481129,0.0,0.0,0.0,0.0,223.05031,0.0,0.0,0.0,-1.5707964,0.0
1970-01-01 00:00:00.519625016,0.519625017,0.0,0.0,0.0,109.211845,0.0,0.0,0.0,0.0,-1.5707964,0.0
1970-01-01 00:00:00.520284718,0.520284719,0.0,226.06474,0.0,0.0,0.0,0.0,0.0,0.0,-1.5707964,0.0
1970-01-01 00:00:00.520691445,0.520691446,0.0,88.00813,0.0,0.0,0.0,0.0,0.0,0.0,-1.5707964,0.0
1970-01-01 00:00:00.521024705,0.521024705,0.0,87.63748,0.0,0.0,0.0,0.0,0.0,0.0,-1.5707964,0.0
1970-01-01 00:00:00.521068701,0.521068701,0.0,84.13986,0.0,0.0,0.0,0.0,0.0,0.0,-1.5707964,0.0
1970-01-01 00:00:00.521091304,0.521091304,0.0,0.0,0.0,0.0,105.06645,0.0,0.0,0.0,-1.5707964,0.0
1970-01-01 00:00:00.521785355,0.521785355,0.0,0.0,222.99336,0.0,0.0,0.0,0.0,0.0,-1.5707964,0.0
1970-01-01 00:00:00.522050048,0.522050048,0.0,169.05537,0.0,0.0,0.0,0.0,0.0,0.0,-1.5707964,0.0
1970-01-01 00:00:00.522062141,0.522062141,0.0,0.0,0.0,89.77489,0.0,0.0,0.0,0.0,-1.5707964,0.0
1970-01-01 00:00:00.522062141,0.522062141,0.0,0.0,0.0,0.0,0.0,98.294044,0.0,0.0,-1.5707964,0.0
1970-01-01 00:00:00.522163515,0.522163515,0.0,140.80875,0.0,0.0,0.0,0.0,0.0,0.0,-1.5707964,0.0
1970-01-01 00:00:00.522219385,0.522219386,0.0,0.0,0.0,0.0,149.6049,0.0,0.0,0.0,-1.5707964,0.0
1970-01-01 00:00:00.522864733,0.522864733,141.98311,0.0,0.0,0.0,0.0,0.0,0.0,0.0,-1.5707964,0.0
1970-01-01 00:00:00.523260803,0.523260803,154.13745,0.0,0.0,0.0,0.0,0.0,0.0,0.0,-1.5707964,0.0
1970-01-01 00:00:00.523697140,0.52369714,0.0,80.40689,0.0,0.0,0.0,0.0,0.0,0.0,-1.5707964,0.0
1970-01-01 00:00:00.523753977,0.523753977,0.0,0.0,0.0,0.0,108.212265,0.0,0.0,0.0,-1.5707964,0.0
1970-01-01 00:00:00.523848192,0.523848192,286.9926,0.0,0.0,0.0,0.0,0.0,0.0,0.0,-1.5707964,0.0
1970-01-01 00:00:00.523860341,0.523860341,0.0,0.0,0.0,0.0,355.19656,0.0,0.0,0.0,-1.5707964,0.0
1970-01-01 00:00:00.524020271,0.524020271,0.0,0.0,0.0,0.0,97.62256,0.0,0.0,0.0,-1.5707964,0.0
1970-01-01 00:00:00.524081985,0.524081985,0.0,252.31717,0.0,0.0,0.0,0.0,0.0,0.0,-1.5707964,0.0
1970-01-01 00:00:00.524187337,0.524187338,0.0,0.0,0.0,0.0,0.0,322.01562,0.0,0.0,-1.5707964,0.0
1970-01-01 00:00:00.524291799,0.524291799,0.0,80.94873,0.0,0.0,0.0,0.0,0.0,0.0,-1.5707964,0.0
1970-01-01 00:00:00.524561576,0.524561576,0.0,0.0,0.0,120.090996,0.0,0.0,0.0,0.0,-1.5707964,0.0
1970-01-01 00:00:00.524625660,0.524625661,233.83403,0.0,0.0,0.0,0.0,0.0,0.0,0.0,-1.5707964,0.0
1970-01-01 00:00:00.525223420,0.525223421,108.14152,0.0,0.0,0.0,0.0,0.0,0.0,0.0,-1.5707964,0.0
1970-01-01 00:00:00.525313895,0.525313895,0.0,0.0,0.0,0.0,224.25093,0.0,0.0,0.0,-1.5707964,0.0
1970-01-01 00:00:00.525703177,0.525703177,0.0,0.0,0.0,0.0,0.0,84.265114,0.0,0.0,-1.5707964,0.0
1970-01-01 00:00:00.526384684,0.526384684,0.0,0.0,0.0,88.26532,0.0,0.0,0.0,0.0,-1.5707964,0.0
1970-01-01 00:00:00.526817381,0.526817382,0.0,0.0,0.0,0.0,164.83563,0.0,0.0,0.0,-1.5707964,0.0
1970-01-01 00:00:00.526886917,0.526886917,0.0,106.21247,0.0,0.0,0.0,0.0,0.0,0.0,-1.5707964,0.0
1970-01-01 00:00:00.526942739,0.526942739,161.5897,0.0,0.0,0.0,0.0,0.0,0.0,0.0,-1.5707964,0.0
1970-01-01 00:00:00.527337175,0.527337175,0.0,0.0,0.0,0.0,93.928696,0.0,0.0,0.0,-1.5707964,0.0
1970-01-01 00:00:00.527752435,0.527752435,0.0,0.0,0.0,0.0,179.61078,0.0,0.0,0.0,-1.5707964,0.0
1970-01-01 00:00:00.528210060,0.52821006,0.0,0.0,0.0,0.0,122.63195,0.0,0.0,0.0,-1.5707964,0.0
1970-01-01 00:00:00.528617836,0.528617836,0.0,139.35492,0.0,0.0,0.0,0.0,0.0,0.0,-1.5707964,0.0
1970-01-01 00:00:00.529429923,0.529429923,0.0,115.84223,0.0,0.0,0.0,0.0,0.0,0.0,-1.5707964,0.0
1970-01-01 00:00:00.530344336,0.530344336,0.0,138.41124,0.0,0.0,0.0,0.0,0.0,0.0,-1.5707964,0.0
1970-01-01 00:00:00.530471649,0.53047165,0.0,122.074615,0.0,0.0,0.0,0.0,0.0,0.0,-1.5707964,0.0
1970-01-01 00:00:00.531706633,0.531706633,0.0,241.9831,0.0,0.0,0.0,0.0,0.0,0.0,-1.5707964,0.0
1970-01-01 00:00:00.531993328,0.531993328,0.0,0.0,0.0,166.55605,0.0,0.0,0.0,0.0,-1.5707964,0.0
1970-01-01 00:00:00.532000997,0.532000997,0.0,172.47289,0.0,0.0,0.0,0.0,0.0,0.0,-1.5707964,0.0
1970-01-01 00:00:00.532099305,0.532099305,0.0,0.0,0.0,0.0,113.13534,0.0,0.0,0.0,-1.5707964,0.0
1970-01-01 00:00:00.532586000,0.532586,0.0,0.0,0.0,0.0,198.3102,0.0,0.0,0.0,-1.5707964,0.0
1970-01-01 00:00:00.532646225,0.532646225,0.0,0.0,0.0,0.0,308.2734,0.0,0.0,0.0,-1.5707964,0.0
1970-01-01 00:00:00.533077161,0.533077161,120.173195,0.0,0.0,0.0,0.0,0.0,0.0,0.0,-1.5707964,0.0
1970-01-01 00:00:00.533306297,0.533306297,0.0,0.0,0.0,0.0,204.3108,0.0,0.0,0.0,-1.5707964,0.0
1970-01-01 00:00:00.533501141,0.533501141,0.0,0.0,85.41538,0.0,0.0,0.0,0.0,0.0,-1.5707964,0.0
1970-01-01 00:00:00.533825566,0.533825567,0.0,105.64462,0.0,0.0,0.0,0.0,0.0,0.0,-1.5707964,0.0
1970-01-01 00:00:00.535962269,0.535962269,0.0,0.0,0.0,0.0,0.0,142.25966,0.0,0.0,-1.5707964,0.0
1970-01-01 00:00:00.536118196,0.536118197,0.0,388.68823,0.0,0.0,0.0,0.0,0.0,0.0,-1.5707964,0.0
1970-01-01 00:00:00.536774910,0.53677491,92.68139,0.0,0.0,0.0,0.0,0.0,0.0,0.0,-1.5707964,0.0
1970-01-01 00:00:00.537168218,0.537168218,244.04414,0.0,0.0,0.0,0.0,0.0,0.0,0.0,-1.5707964,0.0
1970-01-01 00:00:00.538503787,0.538503787,0.0,0.0,0.0,112.65827,0.0,0.0,0.0,0.0,-1.5707964,0.0
1970-01-01 00:00:00.538527696,0.538527696,0.0,0.0,92.689674,0.0,0.0,0.0,0.0,0.0,-1.5707964,0.0
1970-01-01 00:00:00.538838189,0.538838189,0.0,118.44759,0.0,0.0,0.0,0.0,0.0,0.0,-1.5707964,0.0
1970-01-01 00:00:00.539135045,0.539135045,94.50337,0.0,0.0,0.0,0.0,0.0,0.0,0.0,-1.5707964,0.0
1970-01-01 00:00:00.540315388,0.540315388,0.0,143.09985,0.0,0.0,0.0,0.0,0.0,0.0,-1.5707964,0.0
1970-01-01 00:00:00.540681890,0.54068189,85.51063,0.0,0.0,0.0,0.0,0.0,0.0,0.0,-1.5707964,0.0
1970-01-01 00:00:00.541221327,0.541221327,259.91113,0.0,0.0,0.0,0.0,0.0,0.0,0.0,-1.5707964,0.0
1970-01-01 00:00:00.542021371,0.542021371,0.0,120.63029,0.0,0.0,0.0,0.0,0.0,0.0,-1.5707964,0.0
1970-01-01 00:00:00.542633967,0.542633967,0.0,123.48668,0.0,0.0,0.0,0.0,0.0,0.0,-1.5707964,0.0
1970-01-01 00:00:00.543316060,0.54331606,0.0,0.0,0.0,100.42645,0.0,0.0,0.0,0.0,-1.5707964,0.0
1970-01-01 00:00:00.543568228,0.543568228,0.0,110.306946,0.0,0.0,0.0,0.0,0.0,0.0,-1.5707964,0.0
1970-01-01 00:00:00.543572712,0.543572712,0.0,0.0,0.0,0.0,80.000336,0.0,0.0,0.0,-1.5707964,0.0
1970-01-01 00:00:00.544376501,0.544376501,0.0,142.58667,0.0,0.0,0.0,0.0,0.0,0.0,-1.5707964,0.0
1970-01-01 00:00:00.544842459,0.544842459,0.0,101.7007,0.0,0.0,0.0,0.0,0.0,0.0,-1.5707964,0.0
1970-01-01 00:00:00.546496540,0.54649654,0.0,0.0,0.0,0.0,152.64442,0.0,0.0,0.0,-1.5707964,0.0
1970-01-01 00:00:00.547058590,0.54705859,0.0,0.0,0.0,0.0,95.20219,0.0,0.0,0.0,-1.5707964,0.0
1970-01-01 00:00:00.547383806,0.547383806,0.0,0.0,0.0,0.0,103.70933,0.0,0.0,0.0,-1.5707964,0.0
1970-01-01 00:00:00.548177248,0.548177248,106.72187,0.0,0.0,0.0,0.0,0.0,0.0,0.0,-1.5707964,0.0
1970-01-01 00:00:00.548300119,0.548300119,355.71896,0.0,0.0,0.0,0.0,0.0,0.0,0.0,-1.5707964,0.0
1970-01-01 00:00:00.549120913,0.549120913,220.52478,0.0,0.0,0.0,0.0,0.0,0.0,0.0,-1.5707964,0.0
1970-01-01 00:00:00.549183387,0.549183387,0.0,128.03394,0.0,0.0,0.0,0.0,0.0,0.0,-1.5707964,0.0
1970-01-01 00:00:00.550190777,0.550190777,108.76726,0.0,0.0,0.0,0.0,0.0,0.0,0.0,-1.5707964,0.0
1970-01-01 00:00:00.550565268,0.550565268,0.0,0.0,0.0,175.06894,0.0,0.0,0.0,0.0,-1.5707964,0.0
1970-01-01 00:00:00.550623276,0.550623276,0.0,0.0,0.0,0.0,160.66011,0.0,0.0,0.0,-1.5707964,0.0
1970-01-01 00:00:00.550813563,0.550813563,0.0,114.38377,0.0,0.0,0.0,0.0,0.0,0.0,-1.5707964,0.0
1970-01-01 00:00:00.551322860,0.55132286,0.0,0.0,0.0,0.0,131.12483,0.0,0.0,0.0,-1.5707964,0.0
1970-01-01 00:00:00.551378579,0.551378579,0.0,0.0,0.0,0.0,171.5947,0.0,0.0,0.0,-1.5707964,0.0
1970-01-01 00:00:00.551693693,0.551693693,0.0,82.76397,0.0,0.0,0.0,0.0,0.0,0.0,-1.5707964,0.0
1970-01-01 00:00:00.552325968,0.552325968,0.0,0.0,0.0,0.0,218.76628,0.0,0.0,0.0,-1.5707964,0.0
1970-01-01 00:00:00.552353464,0.552353464,0.0,0.0,0.0,0.0,0.0,151.17424,0.0,0.0,-1.5707964,0.0
1970-01-01 00:00:00.552419825,0.552419825,0.0,0.0,0.0,157.54544,0.0,0.0,0.0,0.0,-1.5707964,0.0
1970-01-01 00:00:00.552425939,0.552425939,0.0,0.0,0.0,0.0,116.974434,0.0,0.0,0.0,-1.5707964,0.0
1970-01-01 00:00:00.553165343,0.553165343,0.0,0.0,0.0,0.0,120.26933,0.0,0.0,0.0,-1.5707964,0.0
1970-01-01 00:00:00.553258946,0.553258946,0.0,0.0,0.0,0.0,119.253174,0.0,0.0,0.0,-1.5707964,0.0
1970-01-01 00:00:00.553365698,0.553365698,0.0,0.0,0.0,0.0,132.84177,0.0,0.0,0.0,-1.5707964,0.0
1970-01-01 00:00:00.553432621,0.553432621,103.357574,0.0,0.0,0.0,0.0,0.0,0.0,0.0,-1.5707964,0.0
1970-01-01 00:00:00.553882948,0.553882948,0.0,0.0,0.0,0.0,0.0,121.510666,0.0,0.0,-1.5707964,0.0
1970-01-01 00:00:00.554314808,0.554314808,0.0,139.73512,0.0,0.0,0.0,0.0,0.0,0.0,-1.5707964,0.0
1970-01-01 00:00:00.554644926,0.554644926,0.0,0.0,0.0,0.0,189.2017,0.0,0.0,0.0,-1.5707964,0.0
1970-01-01 00:00:00.555320686,0.555320686,0.0,86.157455,0.0,0.0,0.0,0.0,0.0,0.0,-1.5707964,0.0
1970-01-01 00:00:00.556053727,0.556053727,0.0,0.0,0.0,234.58813,0.0,0.0,0.0,0.0,-1.5707964,0.0
1970-01-01 00:00:00.556399818,0.556399818,0.0,0.0,0.0,0.0,475.69995,0.0,0.0,0.0,-1.5707964,0.0
1970-01-01 00:00:00.556459248,0.556459248,0.0,0.0,0.0,0.0,129.78355,0.0,0.0,0.0,-1.5707964,0.0
1970-01-01 00:00:00.556824957,0.556824957,0.0,127.957085,0.0,0.0,0.0,0.0,0.0,0.0,-1.5707964,0.0
1970-01-01 00:00:00.556989365,0.556989365,0.0,113.31794,0.0,0.0,0.0,0.0,0.0,0.0,-1.5707964,0.0
1970-01-01 00:00:00.558017493,0.558017493,0.0,206.3515,0.0,0.0,0.0,0.0,0.0,0.0,-1.5707964,0.0
1970-01-01 00:00:00.559025552,0.559025552,0.0,245.87292,0.0,0.0,0.0,0.0,0.0,0.0,-1.5707964,0.0
1970-01-01 00:00:00.559495754,0.559495754,0.0,0.0,0.0,149.48663,0.0,0.0,0.0,0.0,-1.5707964,0.0
1970-01-01 00:00:00.559954637,0.559954637,0.0,0.0,0.0,0.0,87.69507,0.0,0.0,0.0,-1.5707964,0.0
1970-01-01 00:00:00.561152998,0.561152998,0.0,0.0,0.0,0.0,106.646774,0.0,0.0,0.0,-1.5707964,0.0
1970-01-01 00:00:00.562227238,0.562227238,0.0,0.0,0.0,0.0,91.54247,0.0,0.0,0.0,-1.5707964,0.0
1970-01-01 00:00:00.562946513,0.562946513,0.0,101.17638,0.0,0.0,0.0,0.0,0.0,0.0,-1.5707964,0.0
1970-01-01 00:00:00.563032335,0.563032335,0.0,88.25079,0.0,0.0,0.0,0.0,0.0,0.0,-1.5707964,0.0
1970-01-01 00:00:00.563073565,0.563073565,0.0,91.02993,0.0,0.0,0.0,0.0,0.0,0.0,-1.5707964,0.0
1970-01-01 00:00:00.566279991,0.566279991,0.0,124.309204,0.0,0.0,0.0,0.0,0.0,0.0,-1.5707964,0.0
1970-01-01 00:00:00.566772696,0.566772696,0.0,0.0,0.0,173.9366,0.0,0.0,0.0,0.0,-1.5707964,0.0
1970-01-01 00:00:00.567374431,0.567374431,562.4369,0.0,0.0,0.0,0.0,0.0,0.0,0.0,-1.5707964,0.0
1970-01-01 00:00:00.568152427,0.568152427,0.0,144.99005,0.0,0.0,0.0,0.0,0.0,0.0,-1.5707964,0.0
1970-01-01 00:00:00.568795980,0.56879598,0.0,140.59804,0.0,0.0,0.0,0.0,0.0,0.0,-1.5707964,0.0
1970-01-01 00:00:00.569198662,0.569198662,164.57736,0.0,0.0,0.0,0.0,0.0,0.0,0.0,-1.5707964,0.0
1970-01-01 00:00:00.569557749,0.569557749,225.28757,0.0,0.0,0.0,0.0,0.0,0.0,0.0,-1.5707964,0.0
1970-01-01 00:00:00.570580063,0.570580063,0.0,0.0,0.0,0.0,227.4109,0.0,0.0,0.0,-1.5707964,0.0
1970-01-01 00:00:00.571979931,0.571979931,132.23723,0.0,0.0,0.0,0.0,0.0,0.0,0.0,-1.5707964,0.0
1970-01-01 00:00:00.572822853,0.572822853,0.0,0.0,107.502,0.0,0.0,0.0,0.0,0.0,-1.5707964,0.0
1970-01-01 00:00:00.573973019,0.573973019,0.0,0.0,0.0,0.0,285.76602,0.0,0.0,0.0,-1.5707964,0.0
1970-01-01 00:00:00.574336616,0.574336616,0.0,0.0,0.0,153.02904,0.0,0.0,0.0,0.0,-1.5707964,0.0
1970-01-01 00:00:00.574473790,0.57447379,0.0,0.0,0.0,0.0,118.33293,0.0,0.0,0.0,-1.5707964,0.0
1970-01-01 00:00:00.575264317,0.575264317,0.0,127.49737,0.0,0.0,0.0,0.0,0.0,0.0,-1.5707964,0.0
1970-01-01 00:00:00.575677514,0.575677514,0.0,0.0,0.0,0.0,122.01906,0.0,0.0,0.0,-1.5707964,0.0
1970-01-01 00:00:00.576243285,0.576243285,101.855515,0.0,0.0,0.0,0.0,0.0,0.0,0.0,-1.5707964,0.0
1970-01-01 00:00:00.576358294,0.576358294,0.0,124.55825,0.0,0.0,0.0,0.0,0.0,0.0,-1.5707964,0.0
1970-01-01 00:00:00.576607574,0.576607574,0.0,161.30461,0.0,0.0,0.0,0.0,0.0,0.0,-1.5707964,0.0
1970-01-01 00:00:00.576676479,0.576676479,0.0,196.99544,0.0,0.0,0.0,0.0,0.0,0.0,-1.5707964,0.0
1970-01-01 00:00:00.577064856,0.577064856,0.0,0.0,0.0,0.0,437.1572,0.0,0.0,0.0,-1.5707964,0.0
1970-01-01 00:00:00.577534053,0.577534053,96.523605,0.0,0.0,0.0,0.0,0.0,0.0,0.0,-1.5707964,0.0
1970-01-01 00:00:00.578577501,0.578577501,0.0,150.04227,0.0,0.0,0.0,0.0,0.0,0.0,-1.5707964,0.0
1970-01-01 00:00:00.579527640,0.57952764,0.0,82.76996,0.0,0.0,0.0,0.0,0.0,0.0,-1.5707964,0.0
1970-01-01 00:00:00.580037986,0.580037986,0.0,225.09338,0.0,0.0,0.0,0.0,0.0,0.0,-1.5707964,0.0
1970-01-01 00:00:00.580275782,0.580275782,0.0,0.0,0.0,0.0,0.0,190.03082,0.0,0.0,-1.5707964,0.0
1970-01-01 00:00:00.580504272,0.580504272,0.0,0.0,0.0,0.0,112.73633,0.0,0.0,0.0,-1.5707964,0.0
1970-01-01 00:00:00.580518377,0.580518377,0.0,0.0,0.0,172.56598,0.0,0.0,0.0,0.0,-1.5707964,0.0
1970-01-01 00:00:00.581628363,0.581628363,0.0,167.48935,0.0,0.0,0.0,0.0,0.0,0.0,-1.5707964,0.0
1970-01-01 00:00:00.581670298,0.581670298,0.0,0.0,0.0,168.82748,0.0,0.0,0.0,0.0,-1.5707964,0.0
1970-01-01 00:00:00.582302492,0.582302492,0.0,0.0,0.0,0.0,127.50748,0.0,0.0,0.0,-1.5707964,0.0
1970-01-01 00:00:00.582307402,0.582307402,0.0,0.0,0.0,0.0,102.3366,0.0,0.0,0.0,-1.5707964,0.0
1970-01-01 00:00:00.582993843,0.582993843,0.0,0.0,0.0,0.0,198.61105,0.0,0.0,0.0,-1.5707964,0.0
1970-01-01 00:00:00.583667775,0.583667775,0.0,104.98805,0.0,0.0,0.0,0.0,0.0,0.0,-1.5707964,0.0
1970-01-01 00:00:00.583701485,0.583701485,0.0,0.0,0.0,140.69472,0.0,0.0,0.0,0.0,-1.5707964,0.0
1970-01-01 00:00:00.584281334,0.584281334,0.0,0.0,0.0,0.0,88.63491,0.0,0.0,0.0,-1.5707964,0.0
1970-01-01 00:00:00.584663876,0.584663876,0.0,0.0,0.0,0.0,0.0,188.09937,0.0,0.0,-1.5707964,0.0
1970-01-01 00:00:00.585389552,0.585389552,0.0,0.0,0.0,89.8087,0.0,0.0,0.0,0.0,-1.5707964,0.0
1970-01-01 00:00:00.586189189,0.586189189,0.0,150.61516,0.0,0.0,0.0,0.0,0.0,0.0,-1.5707964,0.0
1970-01-01 00:00:00.586968960,0.58696896,0.0,0.0,0.0,0.0,0.0,86.086914,0.0,0.0,-1.5707964,0.0
1970-01-01 00:00:00.587954969,0.587954969,0.0,0.0,0.0,0.0,264.0904,0.0,0.0,0.0,-1.5707964,0.0
1970-01-01 00:00:00.588348819,0.588348819,0.0,0.0,0.0,0.0,292.41898,0.0,0.0,0.0,-1.5707964,0.0
1970-01-01 00:00:00.588505532,0.588505532,237.88153,0.0,0.0,0.0,0.0,0.0,0.0,0.0,-1.5707964,0.0
1970-01-01 00:00:00.589073145,0.589073145,0.0,0.0,0.0,0.0,81.703476,0.0,0.0,0.0,-1.5707964,0.0
1970-01-01 00:00:00.589151769,0.589151769,0.0,152.35062,0.0,0.0,0.0,0.0,0.0,0.0,-1.5707964,0.0
1970-01-01 00:00:00.589405638,0.589405638,0.0,93.50686,0.0,0.0,0.0,0.0,0.0,0.0,-1.5707964,0.0
1970-01-01 00:00:00.589578152,0.589578152,253.06905,0.0,0.0,0.0,0.0,0.0,0.0,0.0,-1.5707964,0.0
1970-01-01 00:00:00.589748578,0.589748578,0.0,0.0,0.0,0.0,254.48056,0.0,0.0,0.0,-1.5707964,0.0
1970-01-01 00:00:00.589793427,0.589793427,0.0,0.0,0.0,0.0,149.69322,0.0,0.0,0.0,-1.5707964,0.0
1970-01-01 00:00:00.589831549,0.589831549,0.0,189.25766,0.0,0.0,0.0,0.0,0.0,0.0,-1.5707964,0.0
1970-01-01 00:00:00.591458104,0.591458104,0.0,0.0,0.0,137.20049,0.0,0.0,0.0,0.0,-1.5707964,0.0
1970-01-01 00:00:00.591787993,0.591787993,0.0,0.0,0.0,0.0,136.76973,0.0,0.0,0.0,-1.5707964,0.0
1970-01-01 00:00:00.591876866,0.591876866,86.15702,0.0,0.0,0.0,0.0,0.0,0.0,0.0,-1.5707964,0.0
1970-01-01 00:00:00.592776614,0.592776614,0.0,0.0,0.0,84.046234,0.0,0.0,0.0,0.0,-1.5707964,0.0
1970-01-01 00:00:00.593801584,0.593801584,0.0,0.0,0.0,0.0,121.21059,0.0,0.0,0.0,-1.5707964,0.0
1970-01-01 00:00:00.594066938,0.594066938,0.0,0.0,0.0,159.24298,0.0,0.0,0.0,0.0,-1.5707964,0.0
1970-01-01 00:00:00.594261161,0.594261161,256.79166,0.0,0.0,0.0,0.0,0.0,0.0,0.0,-1.5707964,0.0
1970-01-01 00:00:00.594784606,0.594784606,0.0,161.68024,0.0,0.0,0.0,0.0,0.0,0.0,-1.5707964,0.0
1970-01-01 00:00:00.596506138,0.596506138,0.0,0.0,0.0,0.0,99.805374,0.0,0.0,0.0,-1.5707964,0.0
1970-01-01 00:00:00.596517282,0.596517282,84.63945,0.0,0.0,0.0,0.0,0.0,0.0,0.0,-1.5707964,0.0
1970-01-01 00:00:00.597966957,0.597966957,0.0,0.0,0.0,0.0,218.75424,0.0,0.0,0.0,-1.5707964,0.0
1970-01-01 00:00:00.598169940,0.59816994,96.42101,0.0,0.0,0.0,0.0,0.0,0.0,0.0,-1.5707964,0.0
1970-01-01 00:00:00.598356489,0.598356489,0.0,0.0,0.0,120.35298,0.0,0.0,0.0,0.0,-1.5707964,0.0
1970-01-01 00:00:00.599349395,0.599349395,0.0,0.0,0.0,121.70587,0.0,0.0,0.0,0.0,-1.5707964,0.0
1970-01-01 00:00:00.599637545,0.599637545,90.00718,0.0,0.0,0.0,0.0,0.0,0.0,0.0,-1.5707964,0.0
1970-01-01 00:00:00.599794502,0.599794502,131.05978,0.0,0.0,0.0,0.0,0.0,0.0,0.0,-1.5707964,0.0
1970-01-01 00:00:00.599897211,0.599897211,0.0,102.58762,0.0,0.0,0.0,0.0,0.0,0.0,-1.5707964,0.0
1970-01-01 00:00:00.600862174,0.600862174,0.0,315.36432,0.0,0.0,0.0,0.0,0.0,0.0,-1.5707964,0.0
1970-01-01 00:00:00.601386786,0.601386786,224.9358,0.0,0.0,0.0,0.0,0.0,0.0,0.0,-1.5707964,0.0
1970-01-01 00:00:00.602117634,0.602117634,0.0,224.64616,0.0,0.0,0.0,0.0,0.0,0.0,-1.5707964,0.0
1970-01-01 00:00:00.603459149,0.603459149,0.0,0.0,0.0,127.77124,0.0,0.0,0.0,0.0,-1.5707964,0.0
1970-01-01 00:00:00.603710794,0.603710794,0.0,0.0,0.0,0.0,165.208,0.0,0.0,0.0,-1.5707964,0.0
1970-01-01 00:00:00.604334056,0.604334056,113.54648,0.0,0.0,0.0,0.0,0.0,0.0,0.0,-1.5707964,0.0
1970-01-01 00:00:00.604522627,0.604522627,0.0,109.95861,0.0,0.0,0.0,0.0,0.0,0.0,-1.5707964,0.0
1970-01-01 00:00:00.605552258,0.605552258,0.0,0.0,0.0,0.0,96.638084,0.0,0.0,0.0,-1.5707964,0.0
1970-01-01 00:00:00.606365644,0.606365644,99.49694,0.0,0.0,0.0,0.0,0.0,0.0,0.0,-1.5707964,0.0
1970-01-01 00:00:00.606612356,0.606612356,0.0,167.46938,0.0,0.0,0.0,0.0,0.0,0.0,-1.5707964,0.0
1970-01-01 00:00:00.606657913,0.606657913,0.0,220.73227,0.0,0.0,0.0,0.0,0.0,0.0,-1.5707964,0.0
1970-01-01 00:00:00.610362167,0.610362167,0.0,138.41476,0.0,0.0,0.0,0.0,0.0,0.0,-1.5707964,0.0
1970-01-01 00:00:00.611229636,0.611229636,0.0,88.29292,0.0,0.0,0.0,0.0,0.0,0.0,-1.5707964,0.0
1970-01-01 00:00:00.611558172,0.611558172,0.0,83.719154,0.0,0.0,0.0,0.0,0.0,0.0,-1.5707964,0.0
1970-01-01 00:00:00.612661970,0.61266197,0.0,135.75092,0.0,0.0,0.0,0.0,0.0,0.0,-1.5707964,0.0
1970-01-01 00:00:00.615302311,0.615302311,354.54956,0.0,0.0,0.0,0.0,0.0,0.0,0.0,-1.5707964,0.0
1970-01-01 00:00:00.615423478,0.615423478,0.0,0.0,0.0,319.21222,0.0,0.0,0.0,0.0,-1.5707964,0.0
1970-01-01 00:00:00.615496322,0.615496322,0.0,107.1778,0.0,0.0,0.0,0.0,0.0,0.0,-1.5707964,0.0
1970-01-01 00:00:00.615962306,0.615962306,187.81381,0.0,0.0,0.0,0.0,0.0,0.0,0.0,-1.5707964,0.0
1970-01-01 00:00:00.616272419,0.616272419,0.0,88.98854,0.0,0.0,0.0,0.0,0.0,0.0,-1.5707964,0.0
1970-01-01 00:00:00.617678241,0.617678241,0.0,175.85634,0.0,0.0,0.0,0.0,0.0,0.0,-1.5707964,0.0
1970-01-01 00:00:00.618080830,0.61808083,90.07274,0.0,0.0,0.0,0.0,0.0,0.0,0.0,-1.5707964,0.0
1970-01-01 00:00:00.618366076,0.618366076,0.0,0.0,0.0,0.0,124.872116,0.0,0.0,0.0,-1.5707964,0.0
1970-01-01 00:00:00.618821855,0.618821855,0.0,95.07096,0.0,0.0,0.0,0.0,0.0,0.0,-1.5707964,0.0
1970-01-01 00:00:00.619350720,0.61935072,91.32757,0.0,0.0,0.0,0.0,0.0,0.0,0.0,-1.5707964,0.0
1970-01-01 00:00:00.619617836,0.619617836,0.0,0.0,0.0,0.0,102.934586,0.0,0.0,0.0,-1.5707964,0.0
1970-01-01 00:00:00.620064325,0.620064325,0.0,0.0,0.0,110.576454,0.0,0.0,0.0,0.0,-1.5707964,0.0
1970-01-01 00:00:00.620826849,0.620826849,0.0,98.177956,0.0,0.0,0.0,0.0,0.0,0.0,-1.5707964,0.0
1970-01-01 00:00:00.620953740,0.62095374,0.0,0.0,0.0,81.18693,0.0,0.0,0.0,0.0,-1.5707964,0.0
1970-01-01 00:00:00.622333038,0.622333038,0.0,0.0,0.0,0.0,86.77018,0.0,0.0,0.0,-1.5707964,0.0
1970-01-01 00:00:00.622517784,0.622517784,0.0,0.0,0.0,277.89066,0.0,0.0,0.0,0.0,-1.5707964,0.0
1970-01-01 00:00:00.623048918,0.623048918,0.0,169.51984,0.0,0.0,0.0,0.0,0.0,0.0,-1.5707964,0.0
1970-01-01 00:00:00.623362508,0.623362508,0.0,96.1798,0.0,0.0,0.0,0.0,0.0,0.0,-1.5707964,0.0
1970-01-01 00:00:00.624041301,0.624041301,0.0,166.27278,0.0,0.0,0.0,0.0,0.0,0.0,-1.5707964,0.0
1970-01-01 00:00:00.624538748,0.624538748,0.0,163.2147,0.0,0.0,0.0,0.0,0.0,0.0,-1.5707964,0.0
1970-01-01 00:00:00.624646302,0.624646302,419.8748,0.0,0.0,0.0,0.0,0.0,0.0,0.0,-1.5707964,0.0
1970-01-01 00:00:00.625033144,0.625033144,0.0,0.0,0.0,0.0,102.44461,0.0,0.0,0.0,-1.5707964,0.0
1970-01-01 00:00:00.625543541,0.625543541,0.0,161.92128,0.0,0.0,0.0,0.0,0.0,0.0,-1.5707964,0.0
1970-01-01 00:00:00.625779939,0.625779939,0.0,0.0,0.0,0.0,0.0,111.19495,0.0,0.0,-1.5707964,0.0
1970-01-01 00:00:00.626403135,0.626403135,171.74829,0.0,0.0,0.0,0.0,0.0,0.0,0.0,-1.5707964,0.0
1970-01-01 00:00:00.626475133,0.626475133,0.0,0.0,0.0,0.0,135.43431,0.0,0.0,0.0,-1.5707964,0.0
1970-01-01 00:00:00.627490424,0.627490424,160.27298,0.0,0.0,0.0,0.0,0.0,0.0,0.0,-1.5707964,0.0
1970-01-01 00:00:00.627500113,0.627500113,0.0,251.30301,0.0,0.0,0.0,0.0,0.0,0.0,-1.5707964,0.0
1970-01-01 00:00:00.628969191,0.628969191,0.0,0.0,0.0,0.0,87.36128,0.0,0.0,0.0,-1.5707964,0.0
1970-01-01 00:00:00.628969191,0.628969191,0.0,0.0,0.0,0.0,88.423965,0.0,0.0,0.0,-1.5707964,0.0
1970-01-01 00:00:00.629029612,0.629029612,0.0,0.0,0.0,134.25935,0.0,0.0,0.0,0.0,-1.5707964,0.0
1970-01-01 00:00:00.629276768,0.629276768,0.0,0.0,0.0,0.0,96.5447,0.0,0.0,0.0,-1.5707964,0.0
1970-01-01 00:00:00.629924616,0.629924616,0.0,0.0,0.0,0.0,131.54385,0.0,0.0,0.0,-1.5707964,0.0
1970-01-01 00:00:00.630201392,0.630201392,0.0,113.74511,0.0,0.0,0.0,0.0,0.0,0.0,-1.5707964,0.0
1970-01-01 00:00:00.630621679,0.630621679,0.0,0.0,0.0,132.37936,0.0,0.0,0.0,0.0,-1.5707964,0.0
1970-01-01 00:00:00.630652229,0.630652229,141.01137,0.0,0.0,0.0,0.0,0.0,0.0,0.0,-1.5707964,0.0
1970-01-01 00:00:00.630750508,0.630750508,0.0,0.0,0.0,0.0,353.0601,0.0,0.0,0.0,-1.5707964,0.0
1970-01-01 00:00:00.631041101,0.631041101,156.94733,0.0,0.0,0.0,0.0,0.0,0.0,0.0,-1.5707964,0.0
1970-01-01 00:00:00.631318680,0.63131868,0.0,0.0,0.0,484.0171,0.0,0.0,0.0,0.0,-1.5707964,0.0
1970-01-01 00:00:00.631465367,0.631465367,0.0,0.0,0.0,0.0,102.54351,0.0,0.0,0.0,-1.5707964,0.0
1970-01-01 00:00:00.631930709,0.631930709,0.0,102.977196,0.0,0.0,0.0,0.0,0.0,0.0,-1.5707964,0.0
1970-01-01 00:00:00.632674134,0.632674134,0.0,0.0,0.0,0.0,98.69371,0.0,0.0,0.0,-1.5707964,0.0
1970-01-01 00:00:00.633509391,0.633509391,0.0,146.64253,0.0,0.0,0.0,0.0,0.0,0.0,-1.5707964,0.0
1970-01-01 00:00:00.633780860,0.63378086,0.0,0.0,0.0,0.0,251.29762,0.0,0.0,0.0,-1.5707964,0.0
1970-01-01 00:00:00.634340849,0.634340849,0.0,0.0,0.0,0.0,91.77125,0.0,0.0,0.0,-1.5707964,0.0
1970-01-01 00:00:00.634354424,0.634354424,0.0,0.0,0.0,0.0,119.047676,0.0,0.0,0.0,-1.5707964,0.0
1970-01-01 00:00:00.634540638,0.634540638,0.0,0.0,0.0,0.0,132.76247,0.0,0.0,0.0,-1.5707964,0.0
1970-01-01 00:00:00.635103959,0.635103959,0.0,134.61424,0.0,0.0,0.0,0.0,0.0,0.0,-1.5707964,0.0
1970-01-01 00:00:00.635656553,0.635656553,0.0,0.0,0.0,126.005974,0.0,0.0,0.0,0.0,-1.5707964,0.0
1970-01-01 00:00:00.636670566,0.636670566,0.0,0.0,0.0,123.51184,0.0,0.0,0.0,0.0,-1.5707964,0.0
1970-01-01 00:00:00.636812262,0.636812262,0.0,188.73885,0.0,0.0,0.0,0.0,0.0,0.0,-1.5707964,0.0
1970-01-01 00:00:00.637391938,0.637391938,0.0,80.21288,0.0,0.0,0.0,0.0,0.0,0.0,-1.5707964,0.0
1970-01-01 00:00:00.637563125,0.637563125,0.0,0.0,0.0,0.0,88.977615,0.0,0.0,0.0,-1.5707964,0.0
1970-01-01 00:00:00.637686441,0.637686441,0.0,0.0,0.0,0.0,0.0,176.72076,0.0,0.0,-1.5707964,0.0
1970-01-01 00:00:00.637712865,0.637712865,100.56956,0.0,0.0,0.0,0.0,0.0,0.0,0.0,-1.5707964,0.0
1970-01-01 00:00:00.637911702,0.637911702,0.0,171.07741,0.0,0.0,0.0,0.0,0.0,0.0,-1.5707964,0.0
1970-01-01 00:00:00.638365080,0.63836508,0.0,98.97328,0.0,0.0,0.0,0.0,0.0,0.0,-1.5707964,0.0
1970-01-01 00:00:00.639257852,0.639257852,0.0,113.53782,0.0,0.0,0.0,0.0,0.0,0.0,-1.5707964,0.0
1970-01-01 00:00:00.639832573,0.639832573,0.0,257.10632,0.0,0.0,0.0,0.0,0.0,0.0,-1.5707964,0.0
1970-01-01 00:00:00.640309141,0.640309141,0.0,153.23871,0.0,0.0,0.0,0.0,0.0,0.0,-1.5707964,0.0
1970-01-01 00:00:00.640678152,0.640678152,0.0,217.11505,0.0,0.0,0.0,0.0,0.0,0.0,-1.5707964,0.0
1970-01-01 00:00:00.641583365,0.641583365,0.0,250.5985,0.0,0.0,0.0,0.0,0.0,0.0,-1.5707964,0.0
1970-01-01 00:00:00.641600264,0.641600264,0.0,135.12909,0.0,0.0,0.0,0.0,0.0,0.0,-1.5707964,0.0
1970-01-01 00:00:00.641669213,0.641669213,0.0,0.0,0.0,0.0,127.672264,0.0,0.0,0.0,-1.5707964,0.0
1970-01-01 00:00:00.642175662,0.642175662,0.0,0.0,0.0,0.0,0.0,130.72087,0.0,0.0,-1.5707964,0.0
1970-01-01 00:00:00.646031916,0.646031916,0.0,142.79572,0.0,0.0,0.0,0.0,0.0,0.0,-1.5707964,0.0
1970-01-01 00:00:00.646448057,0.646448057,0.0,532.21497,0.0,0.0,0.0,0.0,0.0,0.0,-1.5707964,0.0
1970-01-01 00:00:00.646759352,0.646759352,0.0,109.29838,0.0,0.0,0.0,0.0,0.0,0.0,-1.5707964,0.0
1970-01-01 00:00:00.646915509,0.646915509,0.0,253.31558,0.0,0.0,0.0,0.0,0.0,0.0,-1.5707964,0.0
1970-01-01 00:00:00.646953361,0.646953361,129.41153,0.0,0.0,0.0,0.0,0.0,0.0,0.0,-1.5707964,0.0
1970-01-01 00:00:00.647510202,0.647510202,270.7165,0.0,0.0,0.0,0.0,0.0,0.0,0.0,-1.5707964,0.0
1970-01-01 00:00:00.648173602,0.648173602,0.0,0.0,0.0,189.18628,0.0,0.0,0.0,0.0,-1.5707964,0.0
1970-01-01 00:00:00.650318419,0.650318419,0.0,80.843475,0.0,0.0,0.0,0.0,0.0,0.0,-1.5707964,0.0
1970-01-01 00:00:00.652724782,0.652724782,0.0,0.0,0.0,319.88245,0.0,0.0,0.0,0.0,-1.5707964,0.0
1970-01-01 00:00:00.652882218,0.652882218,0.0,0.0,0.0,0.0,117.69308,0.0,0.0,0.0,-1.5707964,0.0
1970-01-01 00:00:00.654042682,0.654042682,0.0,0.0,0.0,0.0,115.13624,0.0,0.0,0.0,-1.5707964,0.0
1970-01-01 00:00:00.656643195,0.656643195,0.0,0.0,0.0,557.94836,0.0,0.0,0.0,0.0,-1.5707964,0.0
1970-01-01 00:00:00.658252188,0.658252188,0.0,0.0,0.0,87.5336,0.0,0.0,0.0,0.0,-1.5707964,0.0
1970-01-01 00:00:00.658546023,0.658546023,0.0,0.0,0.0,0.0,205.09256,0.0,0.0,0.0,-1.5707964,0.0
1970-01-01 00:00:00.659248467,0.659248467,0.0,175.82777,0.0,0.0,0.0,0.0,0.0,0.0,-1.5707964,0.0
1970-01-01 00:00:00.659275464,0.659275464,0.0,131.16748,0.0,0.0,0.0,0.0,0.0,0.0,-1.5707964,0.0
1970-01-01 00:00:00.660637345,0.660637345,0.0,151.3745,0.0,0.0,0.0,0.0,0.0,0.0,-1.5707964,0.0
1970-01-01 00:00:00.661345552,0.661345552,0.0,0.0,0.0,137.77348,0.0,0.0,0.0,0.0,-1.5707964,0.0
1970-01-01 00:00:00.661483270,0.66148327,110.29643,0.0,0.0,0.0,0.0,0.0,0.0,0.0,-1.5707964,0.0
1970-01-01 00:00:00.663628364,0.663628364,97.99789,0.0,0.0,0.0,0.0,0.0,0.0,0.0,-1.5707964,0.0
1970-01-01 00:00:00.664144044,0.664144044,0.0,139.51645,0.0,0.0,0.0,0.0,0.0,0.0,-1.5707964,0.0
1970-01-01 00:00:00.664542246,0.664542246,0.0,92.91797,0.0,0.0,0.0,0.0,0.0,0.0,-1.5707964,0.0
1970-01-01 00:00:00.666692591,0.666692591,0.0,0.0,0.0,150.13661,0.0,0.0,0.0,0.0,-1.5707964,0.0
1970-01-01 00:00:00.666920727,0.666920727,0.0,182.56186,0.0,0.0,0.0,0.0,0.0,0.0,-1.5707964,0.0
1970-01-01 00:00:00.667795751,0.667795751,0.0,0.0,0.0,219.0947,0.0,0.0,0.0,0.0,-1.5707964,0.0
1970-01-01 00:00:00.668459427,0.668459427,0.0,203.62842,0.0,0.0,0.0,0.0,0.0,0.0,-1.5707964,0.0
1970-01-01 00:00:00.669037134,0.669037134,0.0,0.0,0.0,0.0,210.45245,0.0,0.0,0.0,-1.5707964,0.0
1970-01-01 00:00:00.671303339,0.671303339,0.0,0.0,0.0,0.0,0.0,315.97565,0.0,0.0,-1.5707964,0.0
1970-01-01 00:00:00.672331153,0.672331153,0.0,0.0,0.0,288.4527,0.0,0.0,0.0,0.0,-1.5707964,0.0
1970-01-01 00:00:00.672817398,0.672817398,0.0,110.35428,0.0,0.0,0.0,0.0,0.0,0.0,-1.5707964,0.0
1970-01-01 00:00:00.673188336,0.673188336,0.0,0.0,81.77871,0.0,0.0,0.0,0.0,0.0,-1.5707964,0.0
1970-01-01 00:00:00.675369964,0.675369964,0.0,264.47882,0.0,0.0,0.0,0.0,0.0,0.0,-1.5707964,0.0
1970-01-01 00:00:00.675790938,0.675790938,0.0,0.0,95.36358,0.0,0.0,0.0,0.0,0.0,-1.5707964,0.0
1970-01-01 00:00:00.675803347,0.675803347,0.0,222.97482,0.0,0.0,0.0,0.0,0.0,0.0,-1.5707964,0.0
1970-01-01 00:00:00.676165734,0.676165734,0.0,90.11458,0.0,0.0,0.0,0.0,0.0,0.0,-1.5707964,0.0
1970-01-01 00:00:00.676430671,0.676430671,0.0,88.557014,0.0,0.0,0.0,0.0,0.0,0.0,-1.5707964,0.0
1970-01-01 00:00:00.676677373,0.676677373,0.0,0.0,0.0,0.0,174.38931,0.0,0.0,0.0,-1.5707964,0.0
1970-01-01 00:00:00.676765574,0.676765574,217.56606,0.0,0.0,0.0,0.0,0.0,0.0,0.0,-1.5707964,0.0
1970-01-01 00:00:00.676996977,0.676996977,0.0,238.7566,0.0,0.0,0.0,0.0,0.0,0.0,-1.5707964,0.0
1970-01-01 00:00:00.677073462,0.677073462,0.0,0.0,0.0,0.0,120.89175,0.0,0.0,0.0,-1.5707964,0.0
1970-01-01 00:00:00.678436468,0.678436468,85.49068,0.0,0.0,0.0,0.0,0.0,0.0,0.0,-1.5707964,0.0
1970-01-01 00:00:00.678560975,0.678560975,128.43018,0.0,0.0,0.0,0.0,0.0,0.0,0.0,-1.5707964,0.0
1970-01-01 00:00:00.680464352,0.680464352,0.0,203.32361,0.0,0.0,0.0,0.0,0.0,0.0,-1.5707964,0.0
1970-01-01 00:00:00.681448148,0.681448148,0.0,0.0,0.0,117.349884,0.0,0.0,0.0,0.0,-1.5707964,0.0
1970-01-01 00:00:00.681554364,0.681554364,153.8034,0.0,0.0,0.0,0.0,0.0,0.0,0.0,-1.5707964,0.0
1970-01-01 00:00:00.681567884,0.681567884,0.0,0.0,0.0,90.630005,0.0,0.0,0.0,0.0,-1.5707964,0.0
1970-01-01 00:00:00.682452586,0.682452586,0.0,0.0,0.0,149.05301,0.0,0.0,0.0,0.0,-1.5707964,0.0
1970-01-01 00:00:00.682675920,0.68267592,0.0,0.0,0.0,0.0,81.699425,0.0,0.0,0.0,-1.5707964,0.0
1970-01-01 00:00:00.682782786,0.682782786,0.0,88.04679,0.0,0.0,0.0,0.0,0.0,0.0,-1.5707964,0.0
1970-01-01 00:00:00.683499704,0.683499704,0.0,86.66681,0.0,0.0,0.0,0.0,0.0,0.0,-1.5707964,0.0
1970-01-01 00:00:00.684936948,0.684936948,0.0,0.0,0.0,0.0,249.67572,0.0,0.0,0.0,-1.5707964,0.0
1970-01-01 00:00:00.685854124,0.685854124,0.0,83.436775,0.0,0.0,0.0,0.0,0.0,0.0,-1.5707964,0.0
1970-01-01 00:00:00.685940199,0.685940199,0.0,88.23701,0.0,0.0,0.0,0.0,0.0,0.0,-1.5707964,0.0
1970-01-01 00:00:00.686084984,0.686084984,0.0,0.0,0.0,0.0,137.78491,0.0,0.0,0.0,-1.5707964,0.0
1970-01-01 00:00:00.687831189,0.687831189,0.0,0.0,0.0,0.0,160.70885,0.0,0.0,0.0,-1.5707964,0.0
1970-01-01 00:00:00.688287269,0.688287269,0.0,0.0,0.0,265.52203,0.0,0.0,0.0,0.0,-1.5707964,0.0
1970-01-01 00:00:00.689188128,0.689188128,144.6593,0.0,0.0,0.0,0.0,0.0,0.0,0.0,-1.5707964,0.0
1970-01-01 00:00:00.689700417,0.689700417,293.6238,0.0,0.0,0.0,0.0,0.0,0.0,0.0,-1.5707964,0.0
1970-01-01 00:00:00.689708513,0.689708513,187.96454,0.0,0.0,0.0,0.0,0.0,0.0,0.0,-1.5707964,0.0
1970-01-01 00:00:00.690314199,0.690314199,0.0,93.920525,0.0,0.0,0.0,0.0,0.0,0.0,-1.5707964,0.0
1970-01-01 00:00:00.692145898,0.692145898,0.0,0.0,0.0,141.26813,0.0,0.0,0.0,0.0,-1.5707964,0.0
1970-01-01 00:00:00.694347558,0.694347558,107.893654,0.0,0.0,0.0,0.0,0.0,0.0,0.0,-1.5707964,0.0
1970-01-01 00:00:00.694936252,0.694936252,0.0,0.0,0.0,374.66003,0.0,0.0,0.0,0.0,-1.5707964,0.0
1970-01-01 00:00:00.695150816,0.695150816,189.51329,0.0,0.0,0.0,0.0,0.0,0.0,0.0,-1.5707964,0.0
1970-01-01 00:00:00.695464176,0.695464176,0.0,208.87572,0.0,0.0,0.0,0.0,0.0,0.0,-1.5707964,0.0
1970-01-01 00:00:00.695782054,0.695782054,0.0,409.46768,0.0,0.0,0.0,0.0,0.0,0.0,-1.5707964,0.0
1970-01-01 00:00:00.696953793,0.696953793,0.0,116.54067,0.0,0.0,0.0,0.0,0.0,0.0,-1.5707964,0.0
1970-01-01 00:00:00.698949675,0.698949675,0.0,0.0,0.0,0.0,132.30777,0.0,0.0,0.0,-1.5707964,0.0
1970-01-01 00:00:00.702632198,0.702632198,0.0,0.0,0.0,253.8786,0.0,0.0,0.0,0.0,-1.5707964,0.0
1970-01-01 00:00:00.706489450,0.70648945,0.0,0.0,0.0,83.71471,0.0,0.0,0.0,0.0,-1.5707964,0.0
1970-01-01 00:00:00.708871657,0.708871657,0.0,116.47419,0.0,0.0,0.0,0.0,0.0,0.0,-1.5707964,0.0
1970-01-01 00:00:00.713392718,0.713392718,0.0,0.0,0.0,128.79771,0.0,0.0,0.0,0.0,-1.5707964,0.0
1970-01-01 00:00:00.713604101,0.713604101,0.0,0.0,0.0,0.0,95.779144,0.0,0.0,0.0,-1.5707964,0.0
1970-01-01 00:00:00.714086268,0.714086268,82.89281,0.0,0.0,0.0,0.0,0.0,0.0,0.0,-1.5707964,0.0
1970-01-01 00:00:00.714178465,0.714178465,0.0,0.0,0.0,0.0,222.93991,0.0,0.0,0.0,-1.5707964,0.0
1970-01-01 00:00:00.715355642,0.715355642,0.0,94.23453,0.0,0.0,0.0,0.0,0.0,0.0,-1.5707964,0.0
1970-01-01 00:00:00.715854262,0.715854262,0.0,99.98951,0.0,0.0,0.0,0.0,0.0,0.0,-1.5707964,0.0
1970-01-01 00:00:00.716526223,0.716526223,0.0,94.302704,0.0,0.0,0.0,0.0,0.0,0.0,-1.5707964,0.0
1970-01-01 00:00:00.717657710,0.71765771,192.3106,0.0,0.0,0.0,0.0,0.0,0.0,0.0,-1.5707964,0.0
1970-01-01 00:00:00.718243276,0.718243276,0.0,0.0,0.0,0.0,212.19376,0.0,0.0,0.0,-1.5707964,0.0
1970-01-01 00:00:00.719361575,0.719361575,0.0,96.63803,0.0,0.0,0.0,0.0,0.0,0.0,-1.5707964,0.0
1970-01-01 00:00:00.720194021,0.720194021,0.0,0.0,0.0,279.2503,0.0,0.0,0.0,0.0,-1.5707964,0.0
1970-01-01 00:00:00.721000053,0.721000053,0.0,0.0,0.0,84.481834,0.0,0.0,0.0,0.0,-1.5707964,0.0
1970-01-01 00:00:00.721237548,0.721237548,0.0,83.29161,0.0,0.0,0.0,0.0,0.0,0.0,-1.5707964,0.0
1970-01-01 00:00:00.722017846,0.722017846,0.0,0.0,0.0,0.0,0.0,396.05164,0.0,0.0,-1.5707964,0.0
1970-01-01 00:00:00.723268177,0.723268177,97.884026,0.0,0.0,0.0,0.0,0.0,0.0,0.0,-1.5707964,0.0
1970-01-01 00:00:00.724810150,0.72481015,0.0,113.25948,0.0,0.0,0.0,0.0,0.0,0.0,-1.5707964,0.0
1970-01-01 00:00:00.725503652,0.725503652,0.0,102.636955,0.0,0.0,0.0,0.0,0.0,0.0,-1.5707964,0.0
1970-01-01 00:00:00.728206376,0.728206376,0.0,0.0,0.0,0.0,104.57657,0.0,0.0,0.0,-1.5707964,0.0
1970-01-01 00:00:00.729985499,0.729985499,0.0,0.0,0.0,0.0,128.65051,0.0,0.0,0.0,-1.5707964,0.0
1970-01-01 00:00:00.730935409,0.730935409,0.0,0.0,302.042,0.0,0.0,0.0,0.0,0.0,-1.5707964,0.0
1970-01-01 00:00:00.732549942,0.732549942,0.0,0.0,0.0,138.6927,0.0,0.0,0.0,0.0,-1.5707964,0.0
1970-01-01 00:00:00.732951540,0.73295154,0.0,0.0,0.0,0.0,0.0,207.68417,0.0,0.0,-1.5707964,0.0
1970-01-01 00:00:00.733821088,0.733821088,0.0,0.0,0.0,122.31021,0.0,0.0,0.0,0.0,-1.5707964,0.0
1970-01-01 00:00:00.735820288,0.735820288,0.0,0.0,0.0,80.11904,0.0,0.0,0.0,0.0,-1.5707964,0.0
1970-01-01 00:00:00.735915424,0.735915424,207.02908,0.0,0.0,0.0,0.0,0.0,0.0,0.0,-1.5707964,0.0
1970-01-01 00:00:00.736333324,0.736333324,0.0,0.0,0.0,158.82104,0.0,0.0,0.0,0.0,-1.5707964,0.0
1970-01-01 00:00:00.737543569,0.737543569,0.0,0.0,0.0,145.10512,0.0,0.0,0.0,0.0,-1.5707964,0.0
1970-01-01 00:00:00.738529330,0.73852933,0.0,0.0,0.0,169.93973,0.0,0.0,0.0,0.0,-1.5707964,0.0
1970-01-01 00:00:00.740425756,0.740425756,0.0,0.0,0.0,0.0,172.3788,0.0,0.0,0.0,-1.5707964,0.0
1970-01-01 00:00:00.743914613,0.743914613,0.0,0.0,0.0,0.0,169.86098,0.0,0.0,0.0,-1.5707964,0.0
1970-01-01 00:00:00.744561527,0.744561527,0.0,87.96616,0.0,0.0,0.0,0.0,0.0,0.0,-1.5707964,0.0
1970-01-01 00:00:00.746689215,0.746689215,0.0,211.72208,0.0,0.0,0.0,0.0,0.0,0.0,-1.5707964,0.0
1970-01-01 00:00:00.750112390,0.75011239,0.0,83.70931,0.0,0.0,0.0,0.0,0.0,0.0,-1.5707964,0.0
1970-01-01 00:00:00.752397506,0.752397506,0.0,270.0806,0.0,0.0,0.0,0.0,0.0,0.0,-1.5707964,0.0
1970-01-01 00:00:00.753444456,0.753444456,0.0,94.03507,0.0,0.0,0.0,0.0,0.0,0.0,-1.5707964,0.0
1970-01-01 00:00:00.753976524,0.753976524,0.0,0.0,162.7799,0.0,0.0,0.0,0.0,0.0,-1.5707964,0.0
1970-01-01 00:00:00.755155596,0.755155596,0.0,0.0,0.0,0.0,315.75433,0.0,0.0,0.0,-1.5707964,0.0
1970-01-01 00:00:00.755157060,0.75515706,0.0,378.33716,0.0,0.0,0.0,0.0,0.0,0.0,-1.5707964,0.0
1970-01-01 00:00:00.757683717,0.757683717,0.0,0.0,0.0,0.0,0.0,122.237434,0.0,0.0,-1.5707964,0.0
1970-01-01 00:00:00.758082300,0.7580823,164.22339,0.0,0.0,0.0,0.0,0.0,0.0,0.0,-1.5707964,0.0
1970-01-01 00:00:00.761009417,0.761009417,0.0,111.77315,0.0,0.0,0.0,0.0,0.0,0.0,-1.5707964,0.0
1970-01-01 00:00:00.761406116,0.761406116,0.0,0.0,0.0,0.0,80.57176,0.0,0.0,0.0,-1.5707964,0.0
1970-01-01 00:00:00.762819250,0.76281925,0.0,403.28308,0.0,0.0,0.0,0.0,0.0,0.0,-1.5707964,0.0
1970-01-01 00:00:00.763190811,0.763190811,0.0,112.05106,0.0,0.0,0.0,0.0,0.0,0.0,-1.5707964,0.0
1970-01-01 00:00:00.764925166,0.764925166,0.0,245.99031,0.0,0.0,0.0,0.0,0.0,0.0,-1.5707964,0.0
1970-01-01 00:00:00.765033586,0.765033586,0.0,0.0,0.0,0.0,83.93705,0.0,0.0,0.0,-1.5707964,0.0
1970-01-01 00:00:00.768584340,0.76858434,0.0,0.0,0.0,0.0,96.07358,0.0,0.0,0.0,-1.5707964,0.0
1970-01-01 00:00:00.768615735,0.768615735,260.99088,0.0,0.0,0.0,0.0,0.0,0.0,0.0,-1.5707964,0.0
1970-01-01 00:00:00.768724893,0.768724893,0.0,115.14147,0.0,0.0,0.0,0.0,0.0,0.0,-1.5707964,0.0
1970-01-01 00:00:00.768951892,0.768951892,463.04883,0.0,0.0,0.0,0.0,0.0,0.0,0.0,-1.5707964,0.0
1970-01-01 00:00:00.769690002,0.769690002,0.0,0.0,0.0,157.97777,0.0,0.0,0.0,0.0,-1.5707964,0.0
1970-01-01 00:00:00.775570157,0.775570157,0.0,0.0,0.0,0.0,82.80335,0.0,0.0,0.0,-1.5707964,0.0
1970-01-01 00:00:00.776836719,0.776836719,128.55255,0.0,0.0,0.0,0.0,0.0,0.0,0.0,-1.5707964,0.0
1970-01-01 00:00:00.780209880,0.78020988,0.0,0.0,93.680244,0.0,0.0,0.0,0.0,0.0,-1.5707964,0.0
1970-01-01 00:00:00.782734367,0.782734367,0.0,91.56379,0.0,0.0,0.0,0.0,0.0,0.0,-1.5707964,0.0
1970-01-01 00:00:00.784922979,0.784922979,0.0,0.0,0.0,0.0,0.0,301.33392,0.0,0.0,-1.5707964,0.0
1970-01-01 00:00:00.786669531,0.786669531,0.0,0.0,0.0,0.0,120.10609,0.0,0.0,0.0,-1.5707964,0.0
1970-01-01 00:00:00.786911429,0.786911429,0.0,95.019295,0.0,0.0,0.0,0.0,0.0,0.0,-1.5707964,0.0
1970-01-01 00:00:00.791981390,0.79198139,187.28305,0.0,0.0,0.0,0.0,0.0,0.0,0.0,-1.5707964,0.0
1970-01-01 00:00:00.794975264,0.794975264,0.0,0.0,0.0,0.0,103.7201,0.0,0.0,0.0,-1.5707964,0.0
1970-01-01 00:00:00.795898676,0.795898676,0.0,0.0,0.0,0.0,120.40652,0.0,0.0,0.0,-1.5707964,0.0
1970-01-01 00:00:00.796449827,0.796449827,0.0,0.0,0.0,0.0,185.41959,0.0,0.0,0.0,-1.5707964,0.0
1970-01-01 00:00:00.797724064,0.797724064,0.0,0.0,0.0,0.0,319.26144,0.0,0.0,0.0,-1.5707964,0.0
1970-01-01 00:00:00.799173125,0.799173125,0.0,0.0,0.0,0.0,0.0,151.77226,0.0,0.0,-1.5707964,0.0
1970-01-01 00:00:00.800617353,0.800617353,0.0,0.0,0.0,97.08343,0.0,0.0,0.0,0.0,-1.5707964,0.0
1970-01-01 00:00:00.801628590,0.80162859,0.0,0.0,0.0,0.0,123.32512,0.0,0.0,0.0,-1.5707964,0.0
1970-01-01 00:00:00.801808539,0.801808539,317.30283,0.0,0.0,0.0,0.0,0.0,0.0,0.0,-1.5707964,0.0
1970-01-01 00:00:00.801887767,0.801887767,0.0,0.0,0.0,0.0,124.859375,0.0,0.0,0.0,-1.5707964,0.0
1970-01-01 00:00:00.802286030,0.80228603,0.0,106.23394,0.0,0.0,0.0,0.0,0.0,0.0,-1.5707964,0.0
1970-01-01 00:00:00.803315632,0.803315632,0.0,0.0,339.9301,0.0,0.0,0.0,0.0,0.0,-1.5707964,0.0
1970-01-01 00:00:00.804450210,0.80445021,85.142296,0.0,0.0,0.0,0.0,0.0,0.0,0.0,-1.5707964,0.0
1970-01-01 00:00:00.811195849,0.811195849,142.7442,0.0,0.0,0.0,0.0,0.0,0.0,0.0,-1.5707964,0.0
1970-01-01 00:00:00.816398888,0.816398888,0.0,172.86823,0.0,0.0,0.0,0.0,0.0,0.0,-1.5707964,0.0
1970-01-01 00:00:00.818038283,0.818038283,0.0,0.0,0.0,0.0,92.372574,0.0,0.0,0.0,-1.5707964,0.0
1970-01-01 00:00:00.821055543,0.821055543,0.0,102.778,0.0,0.0,0.0,0.0,0.0,0.0,-1.5707964,0.0
1970-01-01 00:00:00.821523490,0.82152349,0.0,152.13066,0.0,0.0,0.0,0.0,0.0,0.0,-1.5707964,0.0
1970-01-01 00:00:00.823912472,0.823912472,0.0,0.0,0.0,0.0,106.63211,0.0,0.0,0.0,-1.5707964,0.0
1970-01-01 00:00:00.826374374,0.826374374,147.83548,0.0,0.0,0.0,0.0,0.0,0.0,0.0,-1.5707964,0.0
1970-01-01 00:00:00.826374374,0.826374374,0.0,0.0,0.0,0.0,0.0,393.66672,0.0,0.0,-1.5707964,0.0
1970-01-01 00:00:00.827479678,0.827479678,0.0,0.0,0.0,0.0,83.00017,0.0,0.0,0.0,-1.5707964,0.0
1970-01-01 00:00:00.827944210,0.82794421,0.0,119.66425,0.0,0.0,0.0,0.0,0.0,0.0,-1.5707964,0.0
1970-01-01 00:00:00.829927265,0.829927265,0.0,193.98541,0.0,0.0,0.0,0.0,0.0,0.0,-1.5707964,0.0
1970-01-01 00:00:00.832907822,0.832907822,0.0,143.64012,0.0,0.0,0.0,0.0,0.0,0.0,-1.5707964,0.0
1970-01-01 00:00:00.836274339,0.836274339,256.7128,0.0,0.0,0.0,0.0,0.0,0.0,0.0,-1.5707964,0.0
1970-01-01 00:00:00.838300583,0.838300583,0.0,0.0,0.0,0.0,251.3635,0.0,0.0,0.0,-1.5707964,0.0
1970-01-01 00:00:00.840914387,0.840914387,0.0,202.14268,0.0,0.0,0.0,0.0,0.0,0.0,-1.5707964,0.0
1970-01-01 00:00:00.843766308,0.843766308,0.0,99.56556,0.0,0.0,0.0,0.0,0.0,0.0,-1.5707964,0.0
1970-01-01 00:00:00.844014935,0.844014935,381.07608,0.0,0.0,0.0,0.0,0.0,0.0,0.0,-1.5707964,0.0
1970-01-01 00:00:00.846090165,0.846090165,0.0,93.03254,0.0,0.0,0.0,0.0,0.0,0.0,-1.5707964,0.0
1970-01-01 00:00:00.846769467,0.846769467,0.0,0.0,0.0,0.0,117.595436,0.0,0.0,0.0,-1.5707964,0.0
1970-01-01 00:00:00.847488205,0.847488205,0.0,0.0,110.334496,0.0,0.0,0.0,0.0,0.0,-1.5707964,0.0
1970-01-01 00:00:00.848287723,0.848287723,0.0,225.31386,0.0,0.0,0.0,0.0,0.0,0.0,-1.5707964,0.0
1970-01-01 00:00:00.849988663,0.849988663,0.0,202.02351,0.0,0.0,0.0,0.0,0.0,0.0,-1.5707964,0.0
1970-01-01 00:00:00.850753485,0.850753485,0.0,0.0,0.0,0.0,137.62611,0.0,0.0,0.0,-1.5707964,0.0
1970-01-01 00:00:00.850986022,0.850986022,0.0,0.0,0.0,128.9365,0.0,0.0,0.0,0.0,-1.5707964,0.0
1970-01-01 00:00:00.852512065,0.852512065,0.0,0.0,0.0,0.0,127.42193,0.0,0.0,0.0,-1.5707964,0.0
1970-01-01 00:00:00.852773789,0.852773789,0.0,191.61107,0.0,0.0,0.0,0.0,0.0,0.0,-1.5707964,0.0
1970-01-01 00:00:00.854416661,0.854416661,0.0,159.75519,0.0,0.0,0.0,0.0,0.0,0.0,-1.5707964,0.0
1970-01-01 00:00:00.855073928,0.855073928,0.0,0.0,0.0,0.0,244.39319,0.0,0.0,0.0,-1.5707964,0.0
1970-01-01 00:00:00.856198718,0.856198718,175.12737,0.0,0.0,0.0,0.0,0.0,0.0,0.0,-1.5707964,0.0
1970-01-01 00:00:00.856975922,0.856975922,0.0,544.17596,0.0,0.0,0.0,0.0,0.0,0.0,-1.5707964,0.0
1970-01-01 00:00:00.857686690,0.85768669,0.0,0.0,0.0,0.0,106.03728,0.0,0.0,0.0,-1.5707964,0.0
1970-01-01 00:00:00.859628977,0.859628977,81.505424,0.0,0.0,0.0,0.0,0.0,0.0,0.0,-1.5707964,0.0
1970-01-01 00:00:00.860746613,0.860746613,0.0,0.0,0.0,0.0,123.73497,0.0,0.0,0.0,-1.5707964,0.0
1970-01-01 00:00:00.862809271,0.862809271,0.0,95.854355,0.0,0.0,0.0,0.0,0.0,0.0,-1.5707964,0.0
1970-01-01 00:00:00.862957202,0.862957202,166.66708,0.0,0.0,0.0,0.0,0.0,0.0,0.0,-1.5707964,0.0
1970-01-01 00:00:00.863903038,0.863903038,220.81827,0.0,0.0,0.0,0.0,0.0,0.0,0.0,-1.5707964,0.0
1970-01-01 00:00:00.864920492,0.864920492,85.90185,0.0,0.0,0.0,0.0,0.0,0.0,0.0,-1.5707964,0.0
1970-01-01 00:00:00.865438675,0.865438675,0.0,0.0,0.0,0.0,0.0,219.15361,0.0,0.0,-1.5707964,0.0
1970-01-01 00:00:00.865722103,0.865722103,90.66196,0.0,0.0,0.0,0.0,0.0,0.0,0.0,-1.5707964,0.0
1970-01-01 00:00:00.866107372,0.866107372,0.0,262.09903,0.0,0.0,0.0,0.0,0.0,0.0,-1.5707964,0.0
1970-01-01 00:00:00.866511350,0.86651135,0.0,218.91284,0.0,0.0,0.0,0.0,0.0,0.0,-1.5707964,0.0
1970-01-01 00:00:00.866610561,0.866610561,223.0535,0.0,0.0,0.0,0.0,0.0,0.0,0.0,-1.5707964,0.0
1970-01-01 00:00:00.867153615,0.867153615,0.0,0.0,0.0,0.0,130.51042,0.0,0.0,0.0,-1.5707964,0.0
1970-01-01 00:00:00.867645015,0.867645015,0.0,82.75793,0.0,0.0,0.0,0.0,0.0,0.0,-1.5707964,0.0
1970-01-01 00:00:00.868378037,0.868378037,0.0,0.0,0.0,0.0,136.98538,0.0,0.0,0.0,-1.5707964,0.0
1970-01-01 00:00:00.870313975,0.870313975,0.0,160.74126,0.0,0.0,0.0,0.0,0.0,0.0,-1.5707964,0.0
1970-01-01 00:00:00.871731865,0.871731865,0.0,0.0,0.0,253.87592,0.0,0.0,0.0,0.0,-1.5707964,0.0
1970-01-01 00:00:00.872615063,0.872615063,0.0,0.0,0.0,238.57185,0.0,0.0,0.0,0.0,-1.5707964,0.0
1970-01-01 00:00:00.872915288,0.872915288,0.0,0.0,0.0,98.711716,0.0,0.0,0.0,0.0,-1.5707964,0.0
1970-01-01 00:00:00.872981042,0.872981042,0.0,0.0,0.0,0.0,0.0,174.39876,0.0,0.0,-1.5707964,0.0
1970-01-01 00:00:00.875990907,0.875990907,0.0,179.38959,0.0,0.0,0.0,0.0,0.0,0.0,-1.5707964,0.0
1970-01-01 00:00:00.876311431,0.876311431,0.0,0.0,0.0,187.86209,0.0,0.0,0.0,0.0,-1.5707964,0.0
1970-01-01 00:00:00.876757634,0.876757634,0.0,109.62052,0.0,0.0,0.0,0.0,0.0,0.0,-1.5707964,0.0
1970-01-01 00:00:00.876944621,0.876944621,0.0,110.61621,0.0,0.0,0.0,0.0,0.0,0.0,-1.5707964,0.0
1970-01-01 00:00:00.877263354,0.877263354,0.0,0.0,0.0,127.971634,0.0,0.0,0.0,0.0,-1.5707964,0.0
1970-01-01 00:00:00.878698782,0.878698782,0.0,92.42717,0.0,0.0,0.0,0.0,0.0,0.0,-1.5707964,0.0
1970-01-01 00:00:00.879143317,0.879143317,177.1876,0.0,0.0,0.0,0.0,0.0,0.0,0.0,-1.5707964,0.0
1970-01-01 00:00:00.879157405,0.879157405,0.0,0.0,0.0,0.0,0.0,92.52577,0.0,0.0,-1.5707964,0.0
1970-01-01 00:00:00.879203904,0.879203904,0.0,0.0,0.0,0.0,134.63203,0.0,0.0,0.0,-1.5707964,0.0
1970-01-01 00:00:00.879246747,0.879246747,0.0,0.0,0.0,0.0,105.20502,0.0,0.0,0.0,-1.5707964,0.0
1970-01-01 00:00:00.879360034,0.879360034,0.0,0.0,0.0,155.4581,0.0,0.0,0.0,0.0,-1.5707964,0.0
1970-01-01 00:00:00.880051830,0.88005183,0.0,147.35529,0.0,0.0,0.0,0.0,0.0,0.0,-1.5707964,0.0
1970-01-01 00:00:00.883063929,0.883063929,329.3691,0.0,0.0,0.0,0.0,0.0,0.0,0.0,-1.5707964,0.0
1970-01-01 00:00:00.883091131,0.883091131,0.0,0.0,0.0,0.0,285.13138,0.0,0.0,0.0,-1.5707964,0.0
1970-01-01 00:00:00.883981189,0.883981189,0.0,0.0,0.0,0.0,0.0,83.12376,0.0,0.0,-1.5707964,0.0
1970-01-01 00:00:00.884539758,0.884539758,0.0,99.132614,0.0,0.0,0.0,0.0,0.0,0.0,-1.5707964,0.0
1970-01-01 00:00:00.889480071,0.889480071,0.0,0.0,0.0,239.626,0.0,0.0,0.0,0.0,-1.5707964,0.0
1970-01-01 00:00:00.889856499,0.889856499,0.0,118.88246,0.0,0.0,0.0,0.0,0.0,0.0,-1.5707964,0.0
1970-01-01 00:00:00.890195975,0.890195975,91.43111,0.0,0.0,0.0,0.0,0.0,0.0,0.0,-1.5707964,0.0
1970-01-01 00:00:00.890736089,0.890736089,198.55014,0.0,0.0,0.0,0.0,0.0,0.0,0.0,-1.5707964,0.0
1970-01-01 00:00:00.890835763,0.890835763,0.0,0.0,0.0,170.5219,0.0,0.0,0.0,0.0,-1.5707964,0.0
1970-01-01 00:00:00.890901421,0.890901421,181.93399,0.0,0.0,0.0,0.0,0.0,0.0,0.0,-1.5707964,0.0
1970-01-01 00:00:00.890907422,0.890907422,0.0,0.0,0.0,87.02755,0.0,0.0,0.0,0.0,-1.5707964,0.0
1970-01-01 00:00:00.891224546,0.891224546,0.0,92.92836,0.0,0.0,0.0,0.0,0.0,0.0,-1.5707964,0.0
1970-01-01 00:00:00.891417344,0.891417344,119.83502,0.0,0.0,0.0,0.0,0.0,0.0,0.0,-1.5707964,0.0
1970-01-01 00:00:00.892290597,0.892290597,0.0,95.32672,0.0,0.0,0.0,0.0,0.0,0.0,-1.5707964,0.0
1970-01-01 00:00:00.893000037,0.893000037,0.0,106.77213,0.0,0.0,0.0,0.0,0.0,0.0,-1.5707964,0.0
1970-01-01 00:00:00.896060810,0.89606081,0.0,0.0,0.0,0.0,0.0,261.33234,0.0,0.0,-1.5707964,0.0
1970-01-01 00:00:00.897988340,0.89798834,0.0,0.0,0.0,0.0,160.11975,0.0,0.0,0.0,-1.5707964,0.0
1970-01-01 00:00:00.900161726,0.900161726,0.0,0.0,0.0,0.0,156.32947,0.0,0.0,0.0,-1.5707964,0.0
1970-01-01 00:00:00.900182878,0.900182878,0.0,103.46281,0.0,0.0,0.0,0.0,0.0,0.0,-1.5707964,0.0
1970-01-01 00:00:00.901128853,0.901128853,85.25371,0.0,0.0,0.0,0.0,0.0,0.0,0.0,-1.5707964,0.0
1970-01-01 00:00:00.901483814,0.901483814,0.0,0.0,0.0,213.82161,0.0,0.0,0.0,0.0,-1.5707964,0.0
1970-01-01 00:00:00.901580635,0.901580635,0.0,0.0,0.0,0.0,135.01418,0.0,0.0,0.0,-1.5707964,0.0
1970-01-01 00:00:00.903574305,0.903574305,343.76175,0.0,0.0,0.0,0.0,0.0,0.0,0.0,-1.5707964,0.0
1970-01-01 00:00:00.903786281,0.903786281,0.0,0.0,0.0,0.0,161.55348,0.0,0.0,0.0,-1.5707964,0.0
1970-01-01 00:00:00.905214798,0.905214798,0.0,0.0,0.0,0.0,95.16662,0.0,0.0,0.0,-1.5707964,0.0
1970-01-01 00:00:00.906340192,0.906340192,0.0,0.0,0.0,0.0,155.17007,0.0,0.0,0.0,-1.5707964,0.0
1970-01-01 00:00:00.906495288,0.906495288,0.0,0.0,0.0,0.0,84.65744,0.0,0.0,0.0,-1.5707964,0.0
1970-01-01 00:00:00.907034490,0.90703449,0.0,0.0,0.0,0.0,352.51486,0.0,0.0,0.0,-1.5707964,0.0
1970-01-01 00:00:00.908735843,0.908735843,80.95994,0.0,0.0,0.0,0.0,0.0,0.0,0.0,-1.5707964,0.0
1970-01-01 00:00:00.909072198,0.909072198,0.0,186.65462,0.0,0.0,0.0,0.0,0.0,0.0,-1.5707964,0.0
1970-01-01 00:00:00.909467220,0.90946722,0.0,110.794586,0.0,0.0,0.0,0.0,0.0,0.0,-1.5707964,0.0
1970-01-01 00:00:00.910462630,0.91046263,0.0,91.497086,0.0,0.0,0.0,0.0,0.0,0.0,-1.5707964,0.0
1970-01-01 00:00:00.913304400,0.9133044,137.76913,0.0,0.0,0.0,0.0,0.0,0.0,0.0,-1.5707964,0.0
1970-01-01 00:00:00.913812638,0.913812638,0.0,101.323524,0.0,0.0,0.0,0.0,0.0,0.0,-1.5707964,0.0
1970-01-01 00:00:00.914287823,0.914287823,0.0,116.62893,0.0,0.0,0.0,0.0,0.0,0.0,-1.5707964,0.0
1970-01-01 00:00:00.915152845,0.915152845,0.0,0.0,0.0,0.0,84.63454,0.0,0.0,0.0,-1.5707964,0.0
1970-01-01 00:00:00.915386280,0.91538628,0.0,0.0,0.0,149.50908,0.0,0.0,0.0,0.0,-1.5707964,0.0
1970-01-01 00:00:00.915572649,0.915572649,0.0,0.0,0.0,0.0,0.0,254.6503,0.0,0.0,-1.5707964,0.0
1970-01-01 00:00:00.915936747,0.915936747,0.0,0.0,0.0,0.0,108.32369,0.0,0.0,0.0,-1.5707964,0.0
1970-01-01 00:00:00.916139372,0.916139372,0.0,0.0,0.0,130.34041,0.0,0.0,0.0,0.0,-1.5707964,0.0
1970-01-01 00:00:00.916682191,0.916682191,0.0,209.49136,0.0,0.0,0.0,0.0,0.0,0.0,-1.5707964,0.0
1970-01-01 00:00:00.918055805,0.918055805,0.0,0.0,0.0,0.0,132.06969,0.0,0.0,0.0,-1.5707964,0.0
1970-01-01 00:00:00.918291621,0.918291621,96.054855,0.0,0.0,0.0,0.0,0.0,0.0,0.0,-1.5707964,0.0
1970-01-01 00:00:00.919107914,0.919107914,0.0,142.59084,0.0,0.0,0.0,0.0,0.0,0.0,-1.5707964,0.0
1970-01-01 00:00:00.919877118,0.919877118,103.86394,0.0,0.0,0.0,0.0,0.0,0.0,0.0,-1.5707964,0.0
1970-01-01 00:00:00.920473022,0.920473022,0.0,0.0,0.0,0.0,201.54335,0.0,0.0,0.0,-1.5707964,0.0
1970-01-01 00:00:00.920512020,0.92051202,0.0,0.0,0.0,132.91644,0.0,0.0,0.0,0.0,-1.5707964,0.0
1970-01-01 00:00:00.920853183,0.920853183,0.0,107.1249,0.0,0.0,0.0,0.0,0.0,0.0,-1.5707964,0.0
1970-01-01 00:00:00.922528351,0.922528351,0.0,0.0,0.0,135.48357,0.0,0.0,0.0,0.0,-1.5707964,0.0
1970-01-01 00:00:00.924098629,0.924098629,0.0,0.0,0.0,0.0,469.49228,0.0,0.0,0.0,-1.5707964,0.0
1970-01-01 00:00:00.924353322,0.924353322,0.0,0.0,0.0,89.48006,0.0,0.0,0.0,0.0,-1.5707964,0.0
1970-01-01 00:00:00.925877960,0.92587796,123.24163,0.0,0.0,0.0,0.0,0.0,0.0,0.0,-1.5707964,0.0
1970-01-01 00:00:00.926181129,0.926181129,127.009384,0.0,0.0,0.0,0.0,0.0,0.0,0.0,-1.5707964,0.0
1970-01-01 00:00:00.926423270,0.92642327,0.0,224.95464,0.0,0.0,0.0,0.0,0.0,0.0,-1.5707964,0.0
1970-01-01 00:00:00.927431313,0.927431313,0.0,82.28594,0.0,0.0,0.0,0.0,0.0,0.0,-1.5707964,0.0
1970-01-01 00:00:00.929428258,0.929428258,97.64012,0.0,0.0,0.0,0.0,0.0,0.0,0.0,-1.5707964,0.0
1970-01-01 00:00:00.930250273,0.930250273,0.0,82.25129,0.0,0.0,0.0,0.0,0.0,0.0,-1.5707964,0.0
1970-01-01 00:00:00.931545540,0.93154554,521.8236,0.0,0.0,0.0,0.0,0.0,0.0,0.0,-1.5707964,0.0
1970-01-01 00:00:00.931605559,0.931605559,110.05174,0.0,0.0,0.0,0.0,0.0,0.0,0.0,-1.5707964,0.0
1970-01-01 00:00:00.932381776,0.932381776,204.13147,0.0,0.0,0.0,0.0,0.0,0.0,0.0,-1.5707964,0.0
1970-01-01 00:00:00.933058994,0.933058994,0.0,158.05121,0.0,0.0,0.0,0.0,0.0,0.0,-1.5707964,0.0
1970-01-01 00:00:00.933909146,0.933909146,0.0,294.0512,0.0,0.0,0.0,0.0,0.0,0.0,-1.5707964,0.0
1970-01-01 00:00:00.934119107,0.934119107,347.89005,0.0,0.0,0.0,0.0,0.0,0.0,0.0,-1.5707964,0.0
1970-01-01 00:00:00.934439525,0.934439525,0.0,163.72765,0.0,0.0,0.0,0.0,0.0,0.0,-1.5707964,0.0
1970-01-01 00:00:00.934537633,0.934537633,0.0,95.08306,0.0,0.0,0.0,0.0,0.0,0.0,-1.5707964,0.0
1970-01-01 00:00:00.935235363,0.935235363,0.0,0.0,0.0,103.126396,0.0,0.0,0.0,0.0,-1.5707964,0.0
1970-01-01 00:00:00.935821121,0.935821121,0.0,0.0,0.0,0.0,80.43753,0.0,0.0,0.0,-1.5707964,0.0
1970-01-01 00:00:00.935972314,0.935972314,0.0,0.0,0.0,162.28094,0.0,0.0,0.0,0.0,-1.5707964,0.0
1970-01-01 00:00:00.937716908,0.937716908,0.0,0.0,0.0,102.7338,0.0,0.0,0.0,0.0,-1.5707964,0.0
1970-01-01 00:00:00.937761802,0.937761802,0.0,0.0,0.0,0.0,109.86487,0.0,0.0,0.0,-1.5707964,0.0
1970-01-01 00:00:00.937774256,0.937774256,0.0,0.0,0.0,0.0,109.49321,0.0,0.0,0.0,-1.5707964,0.0
1970-01-01 00:00:00.938123440,0.93812344,200.79654,0.0,0.0,0.0,0.0,0.0,0.0,0.0,-1.5707964,0.0
1970-01-01 00:00:00.938358568,0.938358568,0.0,0.0,0.0,139.6514,0.0,0.0,0.0,0.0,-1.5707964,0.0
1970-01-01 00:00:00.939360707,0.939360707,0.0,0.0,0.0,123.412415,0.0,0.0,0.0,0.0,-1.5707964,0.0
1970-01-01 00:00:00.939833946,0.939833946,0.0,102.24996,0.0,0.0,0.0,0.0,0.0,0.0,-1.5707964,0.0
1970-01-01 00:00:00.941302643,0.941302643,0.0,106.36121,0.0,0.0,0.0,0.0,0.0,0.0,-1.5707964,0.0
1970-01-01 00:00:00.941816350,0.94181635,0.0,152.01682,0.0,0.0,0.0,0.0,0.0,0.0,-1.5707964,0.0
1970-01-01 00:00:00.942704514,0.942704514,145.47438,0.0,0.0,0.0,0.0,0.0,0.0,0.0,-1.5707964,0.0
1970-01-01 00:00:00.942805188,0.942805188,0.0,0.0,0.0,0.0,101.01335,0.0,0.0,0.0,-1.5707964,0.0
1970-01-01 00:00:00.943984207,0.943984207,122.285126,0.0,0.0,0.0,0.0,0.0,0.0,0.0,-1.5707964,0.0
1970-01-01 00:00:00.945357377,0.945357377,0.0,0.0,0.0,0.0,182.06355,0.0,0.0,0.0,-1.5707964,0.0
1970-01-01 00:00:00.945569280,0.94556928,0.0,96.62845,0.0,0.0,0.0,0.0,0.0,0.0,-1.5707964,0.0
1970-01-01 00:00:00.947258929,0.947258929,0.0,262.51508,0.0,0.0,0.0,0.0,0.0,0.0,-1.5707964,0.0
1970-01-01 00:00:00.947938472,0.947938472,0.0,291.45615,0.0,0.0,0.0,0.0,0.0,0.0,-1.5707964,0.0
1970-01-01 00:00:00.948540224,0.948540224,0.0,0.0,0.0,182.12978,0.0,0.0,0.0,0.0,-1.5707964,0.0
1970-01-01 00:00:00.948583889,0.948583889,0.0,0.0,0.0,0.0,151.09398,0.0,0.0,0.0,-1.5707964,0.0
1970-01-01 00:00:00.948904962,0.948904962,0.0,0.0,0.0,191.55188,0.0,0.0,0.0,0.0,-1.5707964,0.0
1970-01-01 00:00:00.950662045,0.950662045,174.90858,0.0,0.0,0.0,0.0,0.0,0.0,0.0,-1.5707964,0.0
1970-01-01 00:00:00.951474772,0.951474772,113.4941,0.0,0.0,0.0,0.0,0.0,0.0,0.0,-1.5707964,0.0
1970-01-01 00:00:00.952746348,0.952746348,173.9258,0.0,0.0,0.0,0.0,0.0,0.0,0.0,-1.5707964,0.0
1970-01-01 00:00:00.954902898,0.954902898,0.0,0.0,0.0,0.0,213.85867,0.0,0.0,0.0,-1.5707964,0.0
1970-01-01 00:00:00.955490465,0.955490465,0.0,355.23645,0.0,0.0,0.0,0.0,0.0,0.0,-1.5707964,0.0
1970-01-01 00:00:00.956608142,0.956608142,115.03015,0.0,0.0,0.0,0.0,0.0,0.0,0.0,-1.5707964,0.0
1970-01-01 00:00:00.956681251,0.956681251,0.0,0.0,0.0,126.24303,0.0,0.0,0.0,0.0,-1.5707964,0.0
1970-01-01 00:00:00.957080236,0.957080236,0.0,0.0,0.0,275.7817,0.0,0.0,0.0,0.0,-1.5707964,0.0
1970-01-01 00:00:00.957750142,0.957750142,0.0,0.0,0.0,266.95697,0.0,0.0,0.0,0.0,-1.5707964,0.0
1970-01-01 00:00:00.958240868,0.958240868,0.0,87.92919,0.0,0.0,0.0,0.0,0.0,0.0,-1.5707964,0.0
1970-01-01 00:00:00.958856799,0.958856799,0.0,0.0,0.0,0.0,119.75105,0.0,0.0,0.0,-1.5707964,0.0
1970-01-01 00:00:00.959337527,0.959337527,224.12817,0.0,0.0,0.0,0.0,0.0,0.0,0.0,-1.5707964,0.0
1970-01-01 00:00:00.959716901,0.959716901,113.10043,0.0,0.0,0.0,0.0,0.0,0.0,0.0,-1.5707964,0.0
1970-01-01 00:00:00.960841111,0.960841111,96.67742,0.0,0.0,0.0,0.0,0.0,0.0,0.0,-1.5707964,0.0
1970-01-01 00:00:00.961374390,0.96137439,0.0,0.0,0.0,0.0,376.30804,0.0,0.0,0.0,-1.5707964,0.0
1970-01-01 00:00:00.961734562,0.961734562,0.0,161.72891,0.0,0.0,0.0,0.0,0.0,0.0,-1.5707964,0.0
1970-01-01 00:00:00.963326599,0.963326599,309.78006,0.0,0.0,0.0,0.0,0.0,0.0,0.0,-1.5707964,0.0
1970-01-01 00:00:00.963573464,0.963573464,160.35738,0.0,0.0,0.0,0.0,0.0,0.0,0.0,-1.5707964,0.0
1970-01-01 00:00:00.963985357,0.963985357,0.0,0.0,0.0,0.0,310.58554,0.0,0.0,0.0,-1.5707964,0.0
1970-01-01 00:00:00.964677095,0.964677095,0.0,0.0,0.0,0.0,0.0,197.74307,0.0,0.0,-1.5707964,0.0
1970-01-01 00:00:00.965162593,0.965162593,0.0,0.0,0.0,88.80891,0.0,0.0,0.0,0.0,-1.5707964,0.0
1970-01-01 00:00:00.965323408,0.965323408,0.0,0.0,0.0,145.02957,0.0,0.0,0.0,0.0,-1.5707964,0.0
1970-01-01 00:00:00.966018936,0.966018936,0.0,0.0,0.0,178.16295,0.0,0.0,0.0,0.0,-1.5707964,0.0
1970-01-01 00:00:00.967492183,0.967492183,94.465546,0.0,0.0,0.0,0.0,0.0,0.0,0.0,-1.5707964,0.0
1970-01-01 00:00:00.967997288,0.967997288,0.0,0.0,0.0,0.0,85.37659,0.0,0.0,0.0,-1.5707964,0.0
1970-01-01 00:00:00.968638452,0.968638452,291.22742,0.0,0.0,0.0,0.0,0.0,0.0,0.0,-1.5707964,0.0
1970-01-01 00:00:00.968682568,0.968682568,0.0,0.0,0.0,0.0,0.0,187.54861,0.0,0.0,-1.5707964,0.0
1970-01-01 00:00:00.968970339,0.968970339,0.0,206.6976,0.0,0.0,0.0,0.0,0.0,0.0,-1.5707964,0.0
1970-01-01 00:00:00.969503288,0.969503288,0.0,0.0,0.0,0.0,164.95522,0.0,0.0,0.0,-1.5707964,0.0
1970-01-01 00:00:00.972963746,0.972963746,0.0,0.0,0.0,0.0,245.21259,0.0,0.0,0.0,-1.5707964,0.0
1970-01-01 00:00:00.972972651,0.972972651,0.0,0.0,0.0,0.0,120.98187,0.0,0.0,0.0,-1.5707964,0.0
1970-01-01 00:00:00.972983352,0.972983352,0.0,117.42838,0.0,0.0,0.0,0.0,0.0,0.0,-1.5707964,0.0
1970-01-01 00:00:00.973003368,0.973003368,0.0,0.0,0.0,0.0,92.41947,0.0,0.0,0.0,-1.5707964,0.0
1970-01-01 00:00:00.973047412,0.973047412,150.61406,0.0,0.0,0.0,0.0,0.0,0.0,0.0,-1.5707964,0.0
1970-01-01 00:00:00.973270219,0.973270219,158.03123,0.0,0.0,0.0,0.0,0.0,0.0,0.0,-1.5707964,0.0
1970-01-01 00:00:00.973436924,0.973436924,0.0,0.0,0.0,0.0,114.94872,0.0,0.0,0.0,-1.5707964,0.0
1970-01-01 00:00:00.974451317,0.974451317,114.23221,0.0,0.0,0.0,0.0,0.0,0.0,0.0,-1.5707964,0.0
1970-01-01 00:00:00.975133739,0.975133739,0.0,0.0,0.0,118.50065,0.0,0.0,0.0,0.0,-1.5707964,0.0
1970-01-01 00:00:00.975408499,0.975408499,0.0,128.95793,0.0,0.0,0.0,0.0,0.0,0.0,-1.5707964,0.0
1970-01-01 00:00:00.980565830,0.98056583,0.0,204.82721,0.0,0.0,0.0,0.0,0.0,0.0,-1.5707964,0.0
1970-01-01 00:00:00.980677102,0.980677102,0.0,94.79334,0.0,0.0,0.0,0.0,0.0,0.0,-1.5707964,0.0
1970-01-01 00:00:00.980881039,0.980881039,0.0,0.0,0.0,0.0,91.974556,0.0,0.0,0.0,-1.5707964,0.0
1970-01-01 00:00:00.981240490,0.98124049,183.81625,0.0,0.0,0.0,0.0,0.0,0.0,0.0,-1.5707964,0.0
1970-01-01 00:00:00.981429682,0.981429682,0.0,201.53687,0.0,0.0,0.0,0.0,0.0,0.0,-1.5707964,0.0
1970-01-01 00:00:00.981878583,0.981878583,0.0,146.42612,0.0,0.0,0.0,0.0,0.0,0.0,-1.5707964,0.0
1970-01-01 00:00:00.982342053,0.982342053,0.0,140.67674,0.0,0.0,0.0,0.0,0.0,0.0,-1.5707964,0.0
1970-01-01 00:00:00.984310832,0.984310832,133.65108,0.0,0.0,0.0,0.0,0.0,0.0,0.0,-1.5707964,0.0
1970-01-01 00:00:00.984776389,0.984776389,0.0,0.0,0.0,0.0,250.74979,0.0,0.0,0.0,-1.5707964,0.0
1970-01-01 00:00:00.984894003,0.984894003,0.0,0.0,245.70642,0.0,0.0,0.0,0.0,0.0,-1.5707964,0.0
1970-01-01 00:00:00.985234849,0.985234849,472.67102,0.0,0.0,0.0,0.0,0.0,0.0,0.0,-1.5707964,0.0
1970-01-01 00:00:00.985380642,0.985380642,195.0752,0.0,0.0,0.0,0.0,0.0,0.0,0.0,-1.5707964,0.0
1970-01-01 00:00:00.985982998,0.985982998,0.0,0.0,0.0,0.0,107.96564,0.0,0.0,0.0,-1.5707964,0.0
1970-01-01 00:00:00.986890156,0.986890156,0.0,253.6048,0.0,0.0,0.0,0.0,0.0,0.0,-1.5707964,0.0
1970-01-01 00:00:00.988064446,0.988064446,154.59007,0.0,0.0,0.0,0.0,0.0,0.0,0.0,-1.5707964,0.0
1970-01-01 00:00:00.989270662,0.989270662,0.0,0.0,485.8136,0.0,0.0,0.0,0.0,0.0,-1.5707964,0.0
1970-01-01 00:00:00.990737144,0.990737144,256.9318,0.0,0.0,0.0,0.0,0.0,0.0,0.0,-1.5707964,0.0
1970-01-01 00:00:00.991537913,0.991537913,0.0,134.89822,0.0,0.0,0.0,0.0,0.0,0.0,-1.5707964,0.0
1970-01-01 00:00:00.991999114,0.991999114,0.0,0.0,0.0,110.27253,0.0,0.0,0.0,0.0,-1.5707964,0.0
1970-01-01 00:00:00.992335185,0.992335185,0.0,86.04315,0.0,0.0,0.0,0.0,0.0,0.0,-1.5707964,0.0
1970-01-01 00:00:00.992386927,0.992386927,0.0,92.61181,0.0,0.0,0.0,0.0,0.0,0.0,-1.5707964,0.0
1970-01-01 00:00:00.994306510,0.99430651,0.0,0.0,0.0,149.78723,0.0,0.0,0.0,0.0,-1.5707964,0.0
1970-01-01 00:00:00.994767089,0.994767089,148.2321,0.0,0.0,0.0,0.0,0.0,0.0,0.0,-1.5707964,0.0
1970-01-01 00:00:00.994793744,0.994793744,131.57402,0.0,0.0,0.0,0.0,0.0,0.0,0.0,-1.5707964,0.0
1970-01-01 00:00:00.995171330,0.99517133,0.0,148.8458,0.0,0.0,0.0,0.0,0.0,0.0,-1.5707964,0.0
1970-01-01 00:00:00.995398433,0.995398433,0.0,209.19287,0.0,0.0,0.0,0.0,0.0,0.0,-1.5707964,0.0
1970-01-01 00:00:00.995725768,0.995725768,182.15695,0.0,0.0,0.0,0.0,0.0,0.0,0.0,-1.5707964,0.0
1970-01-01 00:00:00.996082110,0.99608211,0.0,117.91792,0.0,0.0,0.0,0.0,0.0,0.0,-1.5707964,0.0
1970-01-01 00:00:00.997075945,0.997075945,0.0,0.0,0.0,0.0,408.2293,0.0,0.0,0.0,-1.5707964,0.0
1970-01-01 00:00:00.997640966,0.997640966,0.0,90.777855,0.0,0.0,0.0,0.0,0.0,0.0,-1.5707964,0.0
1970-01-01 00:00:00.997699884,0.997699884,0.0,127.79082,0.0,0.0,0.0,0.0,0.0,0.0,-1.5707964,0.0
1970-01-01 00:00:00.999138593,0.999138593,293.96222,0.0,0.0,0.0,0.0,0.0,0.0,0.0,-1.5707964,0.0
1970-01-01 00:00:00.999537286,0.999537286,0.0,88.09969,0.0,0.0,0.0,0.0,0.0,0.0,-1.5707964,0.0
1970-01-01 00:00:00.999550547,0.999550547,0.0,257.24933,0.0,0.0,0.0,0.0,0.0,0.0,-1.5707964,0.0
1970-01-01 00:00:00.999831483,0.999831483,0.0,0.0,0.0,0.0,195.62413,0.0,0.0,0.0,-1.5707964,0.0
1970-01-01 00:00:00.999979672,0.999979672,0.0,201.14832,0.0,0.0,0.0,0.0,0.0,0.0,-1.5707964,0.0
1970-01-01 00:00:01.000322371,1.000322371,0.0,0.0,0.0,97.472145,0.0,0.0,0.0,0.0,-1.5707964,0.0
1970-01-01 00:00:01.001085124,1.001085124,0.0,0.0,0.0,143.51122,0.0,0.0,0.0,0.0,-1.5707964,0.0
1970-01-01 00:00:01.001278493,1.001278493,92.10858,0.0,0.0,0.0,0.0,0.0,0.0,0.0,-1.5707964,0.0
1970-01-01 00:00:01.002251272,1.002251272,0.0,100.747025,0.0,0.0,0.0,0.0,0.0,0.0,-1.5707964,0.0
1970-01-01 00:00:01.002460781,1.002460781,0.0,104.06638,0.0,0.0,0.0,0.0,0.0,0.0,-1.5707964,0.0
1970-01-01 00:00:01.002710917,1.002710917,0.0,93.40425,0.0,0.0,0.0,0.0,0.0,0.0,-1.5707964,0.0
1970-01-01 00:00:01.003124870,1.00312487,123.40159,0.0,0.0,0.0,0.0,0.0,0.0,0.0,-1.5707964,0.0
1970-01-01 00:00:01.004799880,1.00479988,0.0,117.42522,0.0,0.0,0.0,0.0,0.0,0.0,-1.5707964,0.0
1970-01-01 00:00:01.005250638,1.005250638,0.0,0.0,0.0,0.0,415.5359,0.0,0.0,0.0,-1.5707964,0.0
1970-01-01 00:00:01.005300795,1.005300795,0.0,88.97463,0.0,0.0,0.0,0.0,0.0,0.0,-1.5707964,0.0
1970-01-01 00:00:01.005735614,1.005735614,80.55815,0.0,0.0,0.0,0.0,0.0,0.0,0.0,-1.5707964,0.0
1970-01-01 00:00:01.005957640,1.00595764,0.0,103.08117,0.0,0.0,0.0,0.0,0.0,0.0,-1.5707964,0.0
1970-01-01 00:00:01.007149495,1.007149495,0.0,0.0,0.0,312.59775,0.0,0.0,0.0,0.0,-1.5707964,0.0
1970-01-01 00:00:01.007453738,1.007453738,0.0,151.03687,0.0,0.0,0.0,0.0,0.0,0.0,-1.5707964,0.0
1970-01-01 00:00:01.007509001,1.007509001,0.0,89.03307,0.0,0.0,0.0,0.0,0.0,0.0,-1.5707964,0.0
1970-01-01 00:00:01.008052736,1.008052736,0.0,102.95173,0.0,0.0,0.0,0.0,0.0,0.0,-1.5707964,0.0
1970-01-01 00:00:01.008702520,1.00870252,0.0,0.0,0.0,204.37064,0.0,0.0,0.0,0.0,-1.5707964,0.0
1970-01-01 00:00:01.008801921,1.008801921,0.0,151.77162,0.0,0.0,0.0,0.0,0.0,0.0,-1.5707964,0.0
1970-01-01 00:00:01.009250207,1.009250207,0.0,0.0,0.0,0.0,159.39185,0.0,0.0,0.0,-1.5707964,0.0
1970-01-01 00:00:01.009435842,1.009435842,0.0,153.90587,0.0,0.0,0.0,0.0,0.0,0.0,-1.5707964,0.0
1970-01-01 00:00:01.009564444,1.009564444,0.0,0.0,0.0,225.76668,0.0,0.0,0.0,0.0,-1.5707964,0.0
1970-01-01 00:00:01.010065136,1.010065136,0.0,86.2462,0.0,0.0,0.0,0.0,0.0,0.0,-1.5707964,0.0
1970-01-01 00:00:01.010406610,1.01040661,175.003,0.0,0.0,0.0,0.0,0.0,0.0,0.0,-1.5707964,0.0
1970-01-01 00:00:01.010416772,1.010416772,0.0,121.90572,0.0,0.0,0.0,0.0,0.0,0.0,-1.5707964,0.0
1970-01-01 00:00:01.010580631,1.010580631,0.0,89.53066,0.0,0.0,0.0,0.0,0.0,0.0,-1.5707964,0.0
1970-01-01 00:00:01.010799397,1.010799397,150.42674,0.0,0.0,0.0,0.0,0.0,0.0,0.0,-1.5707964,0.0
1970-01-01 00:00:01.011130906,1.011130906,0.0,142.97746,0.0,0.0,0.0,0.0,0.0,0.0,-1.5707964,0.0
1970-01-01 00:00:01.011999670,1.01199967,0.0,0.0,0.0,0.0,0.0,96.89524,0.0,0.0,-1.5707964,0.0
1970-01-01 00:00:01.012390439,1.012390439,0.0,0.0,0.0,0.0,0.0,167.67703,0.0,0.0,-1.5707964,0.0
1970-01-01 00:00:01.012514394,1.012514394,181.11505,0.0,0.0,0.0,0.0,0.0,0.0,0.0,-1.5707964,0.0
1970-01-01 00:00:01.013458084,1.013458084,0.0,119.45833,0.0,0.0,0.0,0.0,0.0,0.0,-1.5707964,0.0
1970-01-01 00:00:01.014122110,1.01412211,0.0,246.75903,0.0,0.0,0.0,0.0,0.0,0.0,-1.5707964,0.0
1970-01-01 00:00:01.015011296,1.015011296,0.0,175.93982,0.0,0.0,0.0,0.0,0.0,0.0,-1.5707964,0.0
1970-01-01 00:00:01.015024663,1.015024663,0.0,158.22493,0.0,0.0,0.0,0.0,0.0,0.0,-1.5707964,0.0
1970-01-01 00:00:01.015124811,1.015124811,0.0,0.0,0.0,180.99075,0.0,0.0,0.0,0.0,-1.5707964,0.0
1970-01-01 00:00:01.015156215,1.015156215,132.46681,0.0,0.0,0.0,0.0,0.0,0.0,0.0,-1.5707964,0.0
1970-01-01 00:00:01.015260786,1.015260786,0.0,181.68114,0.0,0.0,0.0,0.0,0.0,0.0,-1.5707964,0.0
1970-01-01 00:00:01.015344944,1.015344944,90.058365,0.0,0.0,0.0,0.0,0.0,0.0,0.0,-1.5707964,0.0
1970-01-01 00:00:01.015986449,1.015986449,0.0,95.768486,0.0,0.0,0.0,0.0,0.0,0.0,-1.5707964,0.0
1970-01-01 00:00:01.017154946,1.017154946,0.0,0.0,163.40659,0.0,0.0,0.0,0.0,0.0,-1.5707964,0.0
1970-01-01 00:00:01.017394511,1.017394511,0.0,80.057304,0.0,0.0,0.0,0.0,0.0,0.0,-1.5707964,0.0
1970-01-01 00:00:01.017715810,1.0177158099999999,0.0,175.46297,0.0,0.0,0.0,0.0,0.0,0.0,-1.5707964,0.0
1970-01-01 00:00:01.017738907,1.017738907,0.0,92.682724,0.0,0.0,0.0,0.0,0.0,0.0,-1.5707964,0.0
1970-01-01 00:00:01.019206515,1.019206515,0.0,0.0,0.0,0.0,308.07138,0.0,0.0,0.0,-1.5707964,0.0
1970-01-01 00:00:01.019355048,1.019355048,0.0,0.0,0.0,0.0,120.10406,0.0,0.0,0.0,-1.5707964,0.0
1970-01-01 00:00:01.019658058,1.019658058,0.0,0.0,0.0,0.0,154.66039,0.0,0.0,0.0,-1.5707964,0.0
1970-01-01 00:00:01.020544946,1.020544946,0.0,0.0,0.0,0.0,153.45741,0.0,0.0,0.0,-1.5707964,0.0
1970-01-01 00:00:01.020545174,1.020545174,0.0,83.38978,0.0,0.0,0.0,0.0,0.0,0.0,-1.5707964,0.0
1970-01-01 00:00:01.021335253,1.021335253,0.0,0.0,0.0,0.0,89.97948,0.0,0.0,0.0,-1.5707964,0.0
1970-01-01 00:00:01.021684430,1.02168443,0.0,0.0,0.0,0.0,98.68205,0.0,0.0,0.0,-1.5707964,0.0
1970-01-01 00:00:01.021824461,1.021824461,0.0,0.0,0.0,209.82253,0.0,0.0,0.0,0.0,-1.5707964,0.0
1970-01-01 00:00:01.021865619,1.021865619,85.11884,0.0,0.0,0.0,0.0,0.0,0.0,0.0,-1.5707964,0.0
1970-01-01 00:00:01.022127786,1.022127786,0.0,0.0,0.0,0.0,91.324646,0.0,0.0,0.0,-1.5707964,0.0
1970-01-01 00:00:01.022554950,1.02255495,0.0,212.927,0.0,0.0,0.0,0.0,0.0,0.0,-1.5707964,0.0
1970-01-01 00:00:01.023074697,1.023074697,0.0,0.0,0.0,0.0,102.77258,0.0,0.0,0.0,-1.5707964,0.0
1970-01-01 00:00:01.023861623,1.023861623,113.00622,0.0,0.0,0.0,0.0,0.0,0.0,0.0,-1.5707964,0.0
1970-01-01 00:00:01.024571066,1.024571066,0.0,94.01153,0.0,0.0,0.0,0.0,0.0,0.0,-1.5707964,0.0
1970-01-01 00:00:01.025141875,1.025141875,0.0,0.0,0.0,94.80734,0.0,0.0,0.0,0.0,-1.5707964,0.0
1970-01-01 00:00:01.025394948,1.025394948,0.0,0.0,0.0,0.0,0.0,164.50755,0.0,0.0,-1.5707964,0.0
1970-01-01 00:00:01.025645458,1.025645458,0.0,0.0,0.0,144.60727,0.0,0.0,0.0,0.0,-1.5707964,0.0
1970-01-01 00:00:01.025715463,1.025715463,0.0,111.20301,0.0,0.0,0.0,0.0,0.0,0.0,-1.5707964,0.0
1970-01-01 00:00:01.025800270,1.02580027,100.13739,0.0,0.0,0.0,0.0,0.0,0.0,0.0,-1.5707964,0.0
1970-01-01 00:00:01.026384245,1.026384245,0.0,275.1336,0.0,0.0,0.0,0.0,0.0,0.0,-1.5707964,0.0
1970-01-01 00:00:01.027746521,1.027746521,0.0,0.0,0.0,0.0,141.98473,0.0,0.0,0.0,-1.5707964,0.0
1970-01-01 00:00:01.027786261,1.027786261,0.0,0.0,0.0,0.0,110.68756,0.0,0.0,0.0,-1.5707964,0.0
1970-01-01 00:00:01.028302464,1.028302464,90.951515,0.0,0.0,0.0,0.0,0.0,0.0,0.0,-1.5707964,0.0
1970-01-01 00:00:01.028437369,1.028437369,0.0,0.0,0.0,0.0,0.0,144.92284,0.0,0.0,-1.5707964,0.0
1970-01-01 00:00:01.028627719,1.028627719,0.0,0.0,0.0,92.050766,0.0,0.0,0.0,0.0,-1.5707964,0.0
1970-01-01 00:00:01.028747147,1.028747147,0.0,0.0,0.0,0.0,307.271,0.0,0.0,0.0,-1.5707964,0.0
1970-01-01 00:00:01.028790510,1.02879051,0.0,88.765236,0.0,0.0,0.0,0.0,0.0,0.0,-1.5707964,0.0
1970-01-01 00:00:01.028906121,1.028906121,0.0,0.0,0.0,0.0,88.89403,0.0,0.0,0.0,-1.5707964,0.0
1970-01-01 00:00:01.029301020,1.02930102,0.0,136.89214,0.0,0.0,0.0,0.0,0.0,0.0,-1.5707964,0.0
1970-01-01 00:00:01.029343237,1.029343237,0.0,156.42963,0.0,0.0,0.0,0.0,0.0,0.0,-1.5707964,0.0
1970-01-01 00:00:01.029564618,1.029564618,95.400475,0.0,0.0,0.0,0.0,0.0,0.0,0.0,-1.5707964,0.0
1970-01-01 00:00:01.029692432,1.029692432,0.0,0.0,0.0,243.5214,0.0,0.0,0.0,0.0,-1.5707964,0.0
1970-01-01 00:00:01.029836827,1.029836827,0.0,162.34502,0.0,0.0,0.0,0.0,0.0,0.0,-1.5707964,0.0
1970-01-01 00:00:01.029878035,1.029878035,0.0,120.28739,0.0,0.0,0.0,0.0,0.0,0.0,-1.5707964,0.0
1970-01-01 00:00:01.030715035,1.030715035,0.0,0.0,0.0,172.46053,0.0,0.0,0.0,0.0,-1.5707964,0.0
1970-01-01 00:00:01.030837177,1.030837177,0.0,0.0,0.0,93.36729,0.0,0.0,0.0,0.0,-1.5707964,0.0
1970-01-01 00:00:01.031375256,1.031375257,111.35347,0.0,0.0,0.0,0.0,0.0,0.0,0.0,-1.5707964,0.0
1970-01-01 00:00:01.031516886,1.031516886,0.0,121.05447,0.0,0.0,0.0,0.0,0.0,0.0,-1.5707964,0.0
1970-01-01 00:00:01.031656432,1.031656433,0.0,0.0,0.0,0.0,150.99706,0.0,0.0,0.0,-1.5707964,0.0
1970-01-01 00:00:01.031665058,1.031665058,0.0,218.006,0.0,0.0,0.0,0.0,0.0,0.0,-1.5707964,0.0
1970-01-01 00:00:01.031816962,1.031816963,0.0,0.0,0.0,0.0,317.8583,0.0,0.0,0.0,-1.5707964,0.0
1970-01-01 00:00:01.032325133,1.032325133,0.0,202.61186,0.0,0.0,0.0,0.0,0.0,0.0,-1.5707964,0.0
1970-01-01 00:00:01.032646924,1.032646924,0.0,0.0,0.0,0.0,246.6528,0.0,0.0,0.0,-1.5707964,0.0
1970-01-01 00:00:01.033800255,1.033800255,0.0,0.0,0.0,0.0,0.0,105.3706,0.0,0.0,-1.5707964,0.0
1970-01-01 00:00:01.034225998,1.034225998,0.0,97.57931,0.0,0.0,0.0,0.0,0.0,0.0,-1.5707964,0.0
1970-01-01 00:00:01.034243178,1.034243178,0.0,209.89944,0.0,0.0,0.0,0.0,0.0,0.0,-1.5707964,0.0
1970-01-01 00:00:01.034257649,1.034257649,97.72408,0.0,0.0,0.0,0.0,0.0,0.0,0.0,-1.5707964,0.0
1970-01-01 00:00:01.034418690,1.03441869,0.0,0.0,0.0,0.0,0.0,110.0152,0.0,0.0,-1.5707964,0.0
1970-01-01 00:00:01.034497439,1.034497439,306.80066,0.0,0.0,0.0,0.0,0.0,0.0,0.0,-1.5707964,0.0
1970-01-01 00:00:01.034838340,1.03483834,0.0,125.77206,0.0,0.0,0.0,0.0,0.0,0.0,-1.5707964,0.0
1970-01-01 00:00:01.035798811,1.035798811,0.0,0.0,0.0,228.82286,0.0,0.0,0.0,0.0,-1.5707964,0.0
1970-01-01 00:00:01.036208962,1.036208962,0.0,0.0,0.0,133.2345,0.0,0.0,0.0,0.0,-1.5707964,0.0
1970-01-01 00:00:01.036378511,1.0363785110000001,0.0,0.0,0.0,261.46332,0.0,0.0,0.0,0.0,-1.5707964,0.0
1970-01-01 00:00:01.036474153,1.036474153,0.0,95.50091,0.0,0.0,0.0,0.0,0.0,0.0,-1.5707964,0.0
1970-01-01 00:00:01.036729464,1.036729464,0.0,118.013954,0.0,0.0,0.0,0.0,0.0,0.0,-1.5707964,0.0
1970-01-01 00:00:01.036939281,1.036939281,205.41849,0.0,0.0,0.0,0.0,0.0,0.0,0.0,-1.5707964,0.0
1970-01-01 00:00:01.036947168,1.036947168,194.27104,0.0,0.0,0.0,0.0,0.0,0.0,0.0,-1.5707964,0.0
1970-01-01 00:00:01.037027743,1.037027743,0.0,88.50744,0.0,0.0,0.0,0.0,0.0,0.0,-1.5707964,0.0
1970-01-01 00:00:01.037380024,1.037380024,0.0,122.014565,0.0,0.0,0.0,0.0,0.0,0.0,-1.5707964,0.0
1970-01-01 00:00:01.037448975,1.037448975,0.0,0.0,0.0,0.0,139.48782,0.0,0.0,0.0,-1.5707964,0.0
1970-01-01 00:00:01.038007831,1.038007831,139.14429,0.0,0.0,0.0,0.0,0.0,0.0,0.0,-1.5707964,0.0
1970-01-01 00:00:01.038581181,1.038581181,0.0,102.0164,0.0,0.0,0.0,0.0,0.0,0.0,-1.5707964,0.0
1970-01-01 00:00:01.038666013,1.038666013,0.0,151.32294,0.0,0.0,0.0,0.0,0.0,0.0,-1.5707964,0.0
1970-01-01 00:00:01.038994459,1.038994459,107.24314,0.0,0.0,0.0,0.0,0.0,0.0,0.0,-1.5707964,0.0
1970-01-01 00:00:01.040741825,1.040741825,0.0,0.0,0.0,0.0,0.0,144.35823,0.0,0.0,-1.5707964,0.0
1970-01-01 00:00:01.041280642,1.041280642,0.0,117.81179,0.0,0.0,0.0,0.0,0.0,0.0,-1.5707964,0.0
1970-01-01 00:00:01.041720273,1.041720273,0.0,122.0409,0.0,0.0,0.0,0.0,0.0,0.0,-1.5707964,0.0
1970-01-01 00:00:01.042030309,1.042030309,0.0,112.12776,0.0,0.0,0.0,0.0,0.0,0.0,-1.5707964,0.0
1970-01-01 00:00:01.042228801,1.042228801,0.0,0.0,0.0,336.90298,0.0,0.0,0.0,0.0,-1.5707964,0.0
1970-01-01 00:00:01.042836629,1.042836629,0.0,0.0,0.0,0.0,132.21295,0.0,0.0,0.0,-1.5707964,0.0
1970-01-01 00:00:01.043729318,1.043729318,0.0,128.87407,0.0,0.0,0.0,0.0,0.0,0.0,-1.5707964,0.0
1970-01-01 00:00:01.043763078,1.043763078,0.0,195.55199,0.0,0.0,0.0,0.0,0.0,0.0,-1.5707964,0.0
1970-01-01 00:00:01.044612241,1.044612241,0.0,178.17989,0.0,0.0,0.0,0.0,0.0,0.0,-1.5707964,0.0
1970-01-01 00:00:01.045176459,1.045176459,0.0,0.0,0.0,0.0,97.89569,0.0,0.0,0.0,-1.5707964,0.0
1970-01-01 00:00:01.045687624,1.045687624,0.0,0.0,0.0,0.0,100.35793,0.0,0.0,0.0,-1.5707964,0.0
1970-01-01 00:00:01.046230573,1.0462305729999999,0.0,0.0,0.0,83.67815,0.0,0.0,0.0,0.0,-1.5707964,0.0
1970-01-01 00:00:01.046327453,1.046327453,0.0,91.99328,0.0,0.0,0.0,0.0,0.0,0.0,-1.5707964,0.0
1970-01-01 00:00:01.046448677,1.046448677,0.0,0.0,0.0,0.0,86.09322,0.0,0.0,0.0,-1.5707964,0.0
1970-01-01 00:00:01.047228978,1.047228978,0.0,170.45802,0.0,0.0,0.0,0.0,0.0,0.0,-1.5707964,0.0
1970-01-01 00:00:01.048572521,1.048572521,0.0,0.0,0.0,0.0,186.23398,0.0,0.0,0.0,-1.5707964,0.0
1970-01-01 00:00:01.048584609,1.048584609,0.0,0.0,0.0,0.0,154.81126,0.0,0.0,0.0,-1.5707964,0.0
1970-01-01 00:00:01.048767660,1.04876766,0.0,0.0,0.0,0.0,185.84143,0.0,0.0,0.0,-1.5707964,0.0
1970-01-01 00:00:01.049913021,1.049913021,310.87552,0.0,0.0,0.0,0.0,0.0,0.0,0.0,-1.5707964,0.0
1970-01-01 00:00:01.050175599,1.050175599,0.0,87.13594,0.0,0.0,0.0,0.0,0.0,0.0,-1.5707964,0.0
1970-01-01 00:00:01.050626463,1.050626463,0.0,0.0,0.0,0.0,0.0,86.55453,0.0,0.0,-1.5707964,0.0
1970-01-01 00:00:01.050664717,1.050664717,0.0,169.39783,0.0,0.0,0.0,0.0,0.0,0.0,-1.5707964,0.0
1970-01-01 00:00:01.050788761,1.050788761,0.0,0.0,0.0,0.0,134.01741,0.0,0.0,0.0,-1.5707964,0.0
1970-01-01 00:00:01.051443993,1.051443993,0.0,0.0,0.0,0.0,124.33226,0.0,0.0,0.0,-1.5707964,0.0
1970-01-01 00:00:01.052466566,1.052466566,0.0,0.0,0.0,100.165535,0.0,0.0,0.0,0.0,-1.5707964,0.0
1970-01-01 00:00:01.052568661,1.052568661,0.0,93.39758,0.0,0.0,0.0,0.0,0.0,0.0,-1.5707964,0.0
1970-01-01 00:00:01.052830972,1.052830972,0.0,0.0,0.0,307.5939,0.0,0.0,0.0,0.0,-1.5707964,0.0
1970-01-01 00:00:01.052912911,1.052912911,0.0,103.66256,0.0,0.0,0.0,0.0,0.0,0.0,-1.5707964,0.0
1970-01-01 00:00:01.053152251,1.053152251,0.0,276.05933,0.0,0.0,0.0,0.0,0.0,0.0,-1.5707964,0.0
1970-01-01 00:00:01.053416208,1.053416208,0.0,0.0,0.0,0.0,0.0,111.181305,0.0,0.0,-1.5707964,0.0
1970-01-01 00:00:01.053640752,1.053640752,0.0,0.0,0.0,125.09042,0.0,0.0,0.0,0.0,-1.5707964,0.0
1970-01-01 00:00:01.053809411,1.053809411,0.0,0.0,0.0,1067.552,0.0,0.0,0.0,0.0,-1.5707964,0.0
1970-01-01 00:00:01.054520531,1.054520531,170.40854,0.0,0.0,0.0,0.0,0.0,0.0,0.0,-1.5707964,0.0
1970-01-01 00:00:01.054778238,1.054778238,0.0,0.0,0.0,0.0,165.20967,0.0,0.0,0.0,-1.5707964,0.0
1970-01-01 00:00:01.055139261,1.055139261,94.9488,0.0,0.0,0.0,0.0,0.0,0.0,0.0,-1.5707964,0.0
1970-01-01 00:00:01.055140150,1.05514015,0.0,0.0,0.0,0.0,208.71432,0.0,0.0,0.0,-1.5707964,0.0
1970-01-01 00:00:01.055718266,1.055718266,0.0,274.84174,0.0,0.0,0.0,0.0,0.0,0.0,-1.5707964,0.0
1970-01-01 00:00:01.055952663,1.055952663,0.0,0.0,0.0,0.0,185.26065,0.0,0.0,0.0,-1.5707964,0.0
1970-01-01 00:00:01.056294190,1.05629419,0.0,140.8147,0.0,0.0,0.0,0.0,0.0,0.0,-1.5707964,0.0
1970-01-01 00:00:01.056586189,1.056586189,0.0,211.76599,0.0,0.0,0.0,0.0,0.0,0.0,-1.5707964,0.0
1970-01-01 00:00:01.056688473,1.056688473,0.0,0.0,0.0,0.0,100.10502,0.0,0.0,0.0,-1.5707964,0.0
1970-01-01 00:00:01.056753798,1.056753798,0.0,0.0,0.0,0.0,97.24003,0.0,0.0,0.0,-1.5707964,0.0
1970-01-01 00:00:01.056775461,1.056775461,0.0,96.557655,0.0,0.0,0.0,0.0,0.0,0.0,-1.5707964,0.0
1970-01-01 00:00:01.056918794,1.056918794,0.0,110.32284,0.0,0.0,0.0,0.0,0.0,0.0,-1.5707964,0.0
1970-01-01 00:00:01.057096590,1.05709659,0.0,0.0,0.0,83.29697,0.0,0.0,0.0,0.0,-1.5707964,0.0
1970-01-01 00:00:01.057264523,1.057264523,0.0,0.0,0.0,119.5479,0.0,0.0,0.0,0.0,-1.5707964,0.0
1970-01-01 00:00:01.057402773,1.057402773,0.0,0.0,0.0,0.0,163.90987,0.0,0.0,0.0,-1.5707964,0.0
1970-01-01 00:00:01.057441442,1.057441442,0.0,97.57008,0.0,0.0,0.0,0.0,0.0,0.0,-1.5707964,0.0
1970-01-01 00:00:01.057603345,1.057603345,0.0,0.0,0.0,0.0,211.71292,0.0,0.0,0.0,-1.5707964,0.0
1970-01-01 00:00:01.057713215,1.057713215,0.0,95.68746,0.0,0.0,0.0,0.0,0.0,0.0,-1.5707964,0.0
1970-01-01 00:00:01.057822351,1.057822351,0.0,176.93867,0.0,0.0,0.0,0.0,0.0,0.0,-1.5707964,0.0
1970-01-01 00:00:01.057921951,1.057921951,0.0,90.86061,0.0,0.0,0.0,0.0,0.0,0.0,-1.5707964,0.0
1970-01-01 00:00:01.058391662,1.058391662,195.03847,0.0,0.0,0.0,0.0,0.0,0.0,0.0,-1.5707964,0.0
1970-01-01 00:00:01.058522589,1.058522589,0.0,0.0,0.0,0.0,123.91298,0.0,0.0,0.0,-1.5707964,0.0
1970-01-01 00:00:01.059057444,1.059057444,0.0,0.0,0.0,0.0,157.51794,0.0,0.0,0.0,-1.5707964,0.0
1970-01-01 00:00:01.059075677,1.059075677,0.0,0.0,0.0,105.29292,0.0,0.0,0.0,0.0,-1.5707964,0.0
1970-01-01 00:00:01.059348048,1.059348048,0.0,0.0,0.0,0.0,163.89294,0.0,0.0,0.0,-1.5707964,0.0
1970-01-01 00:00:01.059359901,1.059359901,0.0,131.10938,0.0,0.0,0.0,0.0,0.0,0.0,-1.5707964,0.0
1970-01-01 00:00:01.059463671,1.059463671,318.1312,0.0,0.0,0.0,0.0,0.0,0.0,0.0,-1.5707964,0.0
1970-01-01 00:00:01.059627874,1.059627874,0.0,87.65016,0.0,0.0,0.0,0.0,0.0,0.0,-1.5707964,0.0
1970-01-01 00:00:01.059803155,1.059803155,0.0,280.36115,0.0,0.0,0.0,0.0,0.0,0.0,-1.5707964,0.0
1970-01-01 00:00:01.060544833,1.060544833,0.0,226.10359,0.0,0.0,0.0,0.0,0.0,0.0,-1.5707964,0.0
1970-01-01 00:00:01.061153906,1.061153906,0.0,102.1468,0.0,0.0,0.0,0.0,0.0,0.0,-1.5707964,0.0
1970-01-01 00:00:01.061217495,1.061217495,0.0,205.65707,0.0,0.0,0.0,0.0,0.0,0.0,-1.5707964,0.0
1970-01-01 00:00:01.061786752,1.061786752,0.0,99.59067,0.0,0.0,0.0,0.0,0.0,0.0,-1.5707964,0.0
1970-01-01 00:00:01.061865616,1.061865616,0.0,0.0,0.0,112.45859,0.0,0.0,0.0,0.0,-1.5707964,0.0
1970-01-01 00:00:01.062055977,1.062055977,0.0,0.0,0.0,0.0,217.70714,0.0,0.0,0.0,-1.5707964,0.0
1970-01-01 00:00:01.062179506,1.062179506,0.0,0.0,0.0,0.0,0.0,114.29633,0.0,0.0,-1.5707964,0.0
1970-01-01 00:00:01.062179953,1.062179953,0.0,242.38295,0.0,0.0,0.0,0.0,0.0,0.0,-1.5707964,0.0
1970-01-01 00:00:01.062292945,1.062292945,0.0,125.70381,0.0,0.0,0.0,0.0,0.0,0.0,-1.5707964,0.0
1970-01-01 00:00:01.062899024,1.062899024,0.0,0.0,0.0,0.0,195.32268,0.0,0.0,0.0,-1.5707964,0.0
1970-01-01 00:00:01.063050787,1.0630507869999999,0.0,84.50227,0.0,0.0,0.0,0.0,0.0,0.0,-1.5707964,0.0
1970-01-01 00:00:01.063247025,1.063247025,0.0,0.0,0.0,380.8122,0.0,0.0,0.0,0.0,-1.5707964,0.0
1970-01-01 00:00:01.063712935,1.063712935,0.0,176.65584,0.0,0.0,0.0,0.0,0.0,0.0,-1.5707964,0.0
1970-01-01 00:00:01.063854011,1.063854011,95.940575,0.0,0.0,0.0,0.0,0.0,0.0,0.0,-1.5707964,0.0
1970-01-01 00:00:01.063861308,1.063861308,0.0,165.53549,0.0,0.0,0.0,0.0,0.0,0.0,-1.5707964,0.0
1970-01-01 00:00:01.063946474,1.063946474,0.0,0.0,0.0,241.08202,0.0,0.0,0.0,0.0,-1.5707964,0.0
1970-01-01 00:00:01.064337209,1.064337209,0.0,0.0,0.0,88.85366,0.0,0.0,0.0,0.0,-1.5707964,0.0
1970-01-01 00:00:01.064375176,1.064375176,240.21509,0.0,0.0,0.0,0.0,0.0,0.0,0.0,-1.5707964,0.0
1970-01-01 00:00:01.064500726,1.064500727,0.0,0.0,0.0,0.0,157.22136,0.0,0.0,0.0,-1.5707964,0.0
1970-01-01 00:00:01.064769958,1.064769958,0.0,351.44006,0.0,0.0,0.0,0.0,0.0,0.0,-1.5707964,0.0
1970-01-01 00:00:01.064837698,1.064837698,0.0,0.0,0.0,0.0,84.01417,0.0,0.0,0.0,-1.5707964,0.0
1970-01-01 00:00:01.064972646,1.064972647,0.0,0.0,0.0,0.0,91.20959,0.0,0.0,0.0,-1.5707964,0.0
1970-01-01 00:00:01.065446530,1.06544653,0.0,86.99544,0.0,0.0,0.0,0.0,0.0,0.0,-1.5707964,0.0
1970-01-01 00:00:01.066028194,1.066028194,0.0,0.0,0.0,0.0,112.6738,0.0,0.0,0.0,-1.5707964,0.0
1970-01-01 00:00:01.066245024,1.066245024,0.0,121.71117,0.0,0.0,0.0,0.0,0.0,0.0,-1.5707964,0.0
1970-01-01 00:00:01.066382488,1.066382488,0.0,180.47966,0.0,0.0,0.0,0.0,0.0,0.0,-1.5707964,0.0
1970-01-01 00:00:01.066689111,1.066689112,0.0,149.45665,0.0,0.0,0.0,0.0,0.0,0.0,-1.5707964,0.0
1970-01-01 00:00:01.066872216,1.066872216,0.0,0.0,0.0,0.0,142.98253,0.0,0.0,0.0,-1.5707964,0.0
1970-01-01 00:00:01.066878025,1.066878026,0.0,0.0,0.0,101.42045,0.0,0.0,0.0,0.0,-1.5707964,0.0
1970-01-01 00:00:01.066938567,1.066938567,0.0,210.48886,0.0,0.0,0.0,0.0,0.0,0.0,-1.5707964,0.0
1970-01-01 00:00:01.067353538,1.067353538,0.0,96.171425,0.0,0.0,0.0,0.0,0.0,0.0,-1.5707964,0.0
1970-01-01 00:00:01.067385506,1.067385506,0.0,106.50764,0.0,0.0,0.0,0.0,0.0,0.0,-1.5707964,0.0
1970-01-01 00:00:01.067497567,1.067497567,116.24784,0.0,0.0,0.0,0.0,0.0,0.0,0.0,-1.5707964,0.0
1970-01-01 00:00:01.067597116,1.067597116,0.0,0.0,0.0,0.0,0.0,167.86198,0.0,0.0,-1.5707964,0.0
1970-01-01 00:00:01.068056614,1.068056614,92.92757,0.0,0.0,0.0,0.0,0.0,0.0,0.0,-1.5707964,0.0
1970-01-01 00:00:01.068501768,1.068501768,0.0,0.0,0.0,0.0,143.82076,0.0,0.0,0.0,-1.5707964,0.0
1970-01-01 00:00:01.068512915,1.068512915,0.0,0.0,0.0,122.394035,0.0,0.0,0.0,0.0,-1.5707964,0.0
1970-01-01 00:00:01.068706055,1.068706055,0.0,81.15246,0.0,0.0,0.0,0.0,0.0,0.0,-1.5707964,0.0
1970-01-01 00:00:01.068819100,1.0688191,0.0,0.0,0.0,0.0,188.61789,0.0,0.0,0.0,-1.5707964,0.0
1970-01-01 00:00:01.068950786,1.068950786,0.0,0.0,0.0,0.0,178.9018,0.0,0.0,0.0,-1.5707964,0.0
1970-01-01 00:00:01.068960601,1.068960601,0.0,132.89929,0.0,0.0,0.0,0.0,0.0,0.0,-1.5707964,0.0
1970-01-01 00:00:01.068978250,1.06897825,0.0,0.0,0.0,0.0,155.26878,0.0,0.0,0.0,-1.5707964,0.0
1970-01-01 00:00:01.069099725,1.069099725,0.0,0.0,0.0,0.0,0.0,187.6059,0.0,0.0,-1.5707964,0.0
1970-01-01 00:00:01.070421850,1.07042185,0.0,0.0,0.0,180.40283,0.0,0.0,0.0,0.0,-1.5707964,0.0
1970-01-01 00:00:01.070749564,1.070749564,119.640015,0.0,0.0,0.0,0.0,0.0,0.0,0.0,-1.5707964,0.0
1970-01-01 00:00:01.070755278,1.070755278,199.15413,0.0,0.0,0.0,0.0,0.0,0.0,0.0,-1.5707964,0.0
1970-01-01 00:00:01.071124380,1.07112438,0.0,185.35414,0.0,0.0,0.0,0.0,0.0,0.0,-1.5707964,0.0
1970-01-01 00:00:01.071394478,1.071394478,0.0,179.79549,0.0,0.0,0.0,0.0,0.0,0.0,-1.5707964,0.0
1970-01-01 00:00:01.071476967,1.071476967,248.23991,0.0,0.0,0.0,0.0,0.0,0.0,0.0,-1.5707964,0.0
1970-01-01 00:00:01.071489285,1.071489285,0.0,153.07333,0.0,0.0,0.0,0.0,0.0,0.0,-1.5707964,0.0
1970-01-01 00:00:01.072013310,1.07201331,0.0,0.0,0.0,0.0,126.354355,0.0,0.0,0.0,-1.5707964,0.0
1970-01-01 00:00:01.072097317,1.0720973169999999,0.0,203.80128,0.0,0.0,0.0,0.0,0.0,0.0,-1.5707964,0.0
1970-01-01 00:00:01.072572298,1.072572298,0.0,0.0,0.0,0.0,98.3423,0.0,0.0,0.0,-1.5707964,0.0
1970-01-01 00:00:01.072819389,1.072819389,0.0,0.0,0.0,0.0,92.77394,0.0,0.0,0.0,-1.5707964,0.0
1970-01-01 00:00:01.072984390,1.07298439,0.0,0.0,0.0,0.0,129.43004,0.0,0.0,0.0,-1.5707964,0.0
1970-01-01 00:00:01.073284754,1.073284754,0.0,111.253105,0.0,0.0,0.0,0.0,0.0,0.0,-1.5707964,0.0
1970-01-01 00:00:01.073361522,1.073361522,0.0,0.0,0.0,0.0,188.97447,0.0,0.0,0.0,-1.5707964,0.0
1970-01-01 00:00:01.073516304,1.073516304,116.438805,0.0,0.0,0.0,0.0,0.0,0.0,0.0,-1.5707964,0.0
1970-01-01 00:00:01.073691039,1.073691039,0.0,169.06036,0.0,0.0,0.0,0.0,0.0,0.0,-1.5707964,0.0
1970-01-01 00:00:01.073713806,1.073713806,0.0,0.0,0.0,188.09761,0.0,0.0,0.0,0.0,-1.5707964,0.0
1970-01-01 00:00:01.073728853,1.073728853,125.23835,0.0,0.0,0.0,0.0,0.0,0.0,0.0,-1.5707964,0.0
1970-01-01 00:00:01.073773034,1.073773034,0.0,82.86646,0.0,0.0,0.0,0.0,0.0,0.0,-1.5707964,0.0
1970-01-01 00:00:01.073863360,1.07386336,0.0,122.48422,0.0,0.0,0.0,0.0,0.0,0.0,-1.5707964,0.0
1970-01-01 00:00:01.074619088,1.074619088,170.4487,0.0,0.0,0.0,0.0,0.0,0.0,0.0,-1.5707964,0.0
1970-01-01 00:00:01.074619088,1.074619088,124.87005,0.0,0.0,0.0,0.0,0.0,0.0,0.0,-1.5707964,0.0
1970-01-01 00:00:01.075166778,1.075166778,0.0,0.0,0.0,0.0,82.33493,0.0,0.0,0.0,-1.5707964,0.0
1970-01-01 00:00:01.075393224,1.075393224,0.0,0.0,0.0,208.9778,0.0,0.0,0.0,0.0,-1.5707964,0.0
1970-01-01 00:00:01.075906335,1.075906335,0.0,185.7849,0.0,0.0,0.0,0.0,0.0,0.0,-1.5707964,0.0
1970-01-01 00:00:01.076342979,1.076342979,0.0,0.0,0.0,251.29358,0.0,0.0,0.0,0.0,-1.5707964,0.0
1970-01-01 00:00:01.076351472,1.076351472,0.0,0.0,0.0,152.18956,0.0,0.0,0.0,0.0,-1.5707964,0.0
1970-01-01 00:00:01.076412970,1.07641297,0.0,0.0,0.0,0.0,0.0,382.87424,0.0,0.0,-1.5707964,0.0
1970-01-01 00:00:01.076419764,1.076419764,0.0,0.0,0.0,237.60004,0.0,0.0,0.0,0.0,-1.5707964,0.0
1970-01-01 00:00:01.077893019,1.077893019,0.0,0.0,0.0,0.0,82.473015,0.0,0.0,0.0,-1.5707964,0.0
1970-01-01 00:00:01.077916654,1.077916654,0.0,0.0,0.0,0.0,205.65718,0.0,0.0,0.0,-1.5707964,0.0
1970-01-01 00:00:01.078009366,1.078009366,0.0,192.79955,0.0,0.0,0.0,0.0,0.0,0.0,-1.5707964,0.0
1970-01-01 00:00:01.078738492,1.078738492,139.2271,0.0,0.0,0.0,0.0,0.0,0.0,0.0,-1.5707964,0.0
1970-01-01 00:00:01.078819072,1.078819072,0.0,83.16798,0.0,0.0,0.0,0.0,0.0,0.0,-1.5707964,0.0
1970-01-01 00:00:01.079276806,1.079276806,0.0,0.0,0.0,155.85466,0.0,0.0,0.0,0.0,-1.5707964,0.0
1970-01-01 00:00:01.079550118,1.079550118,0.0,0.0,0.0,278.85764,0.0,0.0,0.0,0.0,-1.5707964,0.0
1970-01-01 00:00:01.079802499,1.079802499,0.0,88.370186,0.0,0.0,0.0,0.0,0.0,0.0,-1.5707964,0.0
1970-01-01 00:00:01.080005338,1.080005338,0.0,0.0,0.0,104.313995,0.0,0.0,0.0,0.0,-1.5707964,0.0
1970-01-01 00:00:01.080625819,1.080625819,0.0,0.0,0.0,0.0,107.75426,0.0,0.0,0.0,-1.5707964,0.0
1970-01-01 00:00:01.080642208,1.080642208,0.0,0.0,0.0,0.0,378.302,0.0,0.0,0.0,-1.5707964,0.0
1970-01-01 00:00:01.081773765,1.0817737649999999,118.41809,0.0,0.0,0.0,0.0,0.0,0.0,0.0,-1.5707964,0.0
1970-01-01 00:00:01.082144462,1.082144462,0.0,0.0,0.0,0.0,249.55624,0.0,0.0,0.0,-1.5707964,0.0
1970-01-01 00:00:01.082192435,1.082192435,0.0,172.85132,0.0,0.0,0.0,0.0,0.0,0.0,-1.5707964,0.0
1970-01-01 00:00:01.082252714,1.082252714,0.0,209.57452,0.0,0.0,0.0,0.0,0.0,0.0,-1.5707964,0.0
1970-01-01 00:00:01.082865553,1.082865553,126.37415,0.0,0.0,0.0,0.0,0.0,0.0,0.0,-1.5707964,0.0
1970-01-01 00:00:01.083489512,1.083489512,0.0,255.58533,0.0,0.0,0.0,0.0,0.0,0.0,-1.5707964,0.0
1970-01-01 00:00:01.083665880,1.08366588,0.0,0.0,0.0,370.24573,0.0,0.0,0.0,0.0,-1.5707964,0.0
1970-01-01 00:00:01.083680950,1.08368095,0.0,83.87701,0.0,0.0,0.0,0.0,0.0,0.0,-1.5707964,0.0
1970-01-01 00:00:01.083969109,1.083969109,0.0,0.0,0.0,0.0,106.18478,0.0,0.0,0.0,-1.5707964,0.0
1970-01-01 00:00:01.084084270,1.08408427,0.0,0.0,0.0,0.0,91.8669,0.0,0.0,0.0,-1.5707964,0.0
1970-01-01 00:00:01.084224860,1.08422486,250.34012,0.0,0.0,0.0,0.0,0.0,0.0,0.0,-1.5707964,0.0
1970-01-01 00:00:01.084487406,1.084487406,0.0,0.0,182.85771,0.0,0.0,0.0,0.0,0.0,-1.5707964,0.0
1970-01-01 00:00:01.084734822,1.084734822,0.0,249.0674,0.0,0.0,0.0,0.0,0.0,0.0,-1.5707964,0.0
1970-01-01 00:00:01.084882594,1.084882594,0.0,0.0,0.0,0.0,298.44528,0.0,0.0,0.0,-1.5707964,0.0
1970-01-01 00:00:01.086047182,1.086047182,189.96072,0.0,0.0,0.0,0.0,0.0,0.0,0.0,-1.5707964,0.0
1970-01-01 00:00:01.086858443,1.086858443,0.0,105.8825,0.0,0.0,0.0,0.0,0.0,0.0,-1.5707964,0.0
1970-01-01 00:00:01.087184057,1.087184057,0.0,81.27551,0.0,0.0,0.0,0.0,0.0,0.0,-1.5707964,0.0
1970-01-01 00:00:01.087481037,1.087481037,0.0,124.068245,0.0,0.0,0.0,0.0,0.0,0.0,-1.5707964,0.0
1970-01-01 00:00:01.087534785,1.087534785,0.0,0.0,0.0,202.70926,0.0,0.0,0.0,0.0,-1.5707964,0.0
1970-01-01 00:00:01.087635583,1.087635583,0.0,81.57895,0.0,0.0,0.0,0.0,0.0,0.0,-1.5707964,0.0
1970-01-01 00:00:01.087699297,1.087699297,0.0,129.3963,0.0,0.0,0.0,0.0,0.0,0.0,-1.5707964,0.0
1970-01-01 00:00:01.087731534,1.087731534,149.02142,0.0,0.0,0.0,0.0,0.0,0.0,0.0,-1.5707964,0.0
1970-01-01 00:00:01.087769176,1.0877691760000001,0.0,0.0,0.0,0.0,89.52029,0.0,0.0,0.0,-1.5707964,0.0
1970-01-01 00:00:01.088503230,1.08850323,0.0,174.3841,0.0,0.0,0.0,0.0,0.0,0.0,-1.5707964,0.0
1970-01-01 00:00:01.089321619,1.089321619,0.0,0.0,0.0,168.3379,0.0,0.0,0.0,0.0,-1.5707964,0.0
1970-01-01 00:00:01.089915513,1.089915513,0.0,0.0,0.0,0.0,94.397194,0.0,0.0,0.0,-1.5707964,0.0
1970-01-01 00:00:01.089915908,1.089915908,0.0,0.0,0.0,0.0,119.31496,0.0,0.0,0.0,-1.5707964,0.0
1970-01-01 00:00:01.090004155,1.090004155,0.0,0.0,0.0,0.0,125.82502,0.0,0.0,0.0,-1.5707964,0.0
1970-01-01 00:00:01.090777289,1.090777289,0.0,98.37867,0.0,0.0,0.0,0.0,0.0,0.0,-1.5707964,0.0
1970-01-01 00:00:01.091626766,1.091626766,0.0,242.90628,0.0,0.0,0.0,0.0,0.0,0.0,-1.5707964,0.0
1970-01-01 00:00:01.092058453,1.092058453,0.0,135.37297,0.0,0.0,0.0,0.0,0.0,0.0,-1.5707964,0.0
1970-01-01 00:00:01.092253602,1.092253602,0.0,0.0,0.0,131.97528,0.0,0.0,0.0,0.0,-1.5707964,0.0
1970-01-01 00:00:01.092267777,1.092267777,0.0,0.0,0.0,179.3435,0.0,0.0,0.0,0.0,-1.5707964,0.0
1970-01-01 00:00:01.092303339,1.092303339,80.9917,0.0,0.0,0.0,0.0,0.0,0.0,0.0,-1.5707964,0.0
1970-01-01 00:00:01.092502398,1.092502398,0.0,0.0,0.0,0.0,303.85785,0.0,0.0,0.0,-1.5707964,0.0
1970-01-01 00:00:01.093021570,1.0930215699999999,0.0,0.0,0.0,0.0,0.0,125.050026,0.0,0.0,-1.5707964,0.0
1970-01-01 00:00:01.093155581,1.093155581,0.0,113.30985,0.0,0.0,0.0,0.0,0.0,0.0,-1.5707964,0.0
1970-01-01 00:00:01.093265716,1.0932657159999999,0.0,0.0,0.0,0.0,130.7053,0.0,0.0,0.0,-1.5707964,0.0
1970-01-01 00:00:01.093288679,1.093288679,0.0,107.63175,0.0,0.0,0.0,0.0,0.0,0.0,-1.5707964,0.0
1970-01-01 00:00:01.093737988,1.093737988,0.0,95.80791,0.0,0.0,0.0,0.0,0.0,0.0,-1.5707964,0.0
1970-01-01 00:00:01.093949989,1.093949989,0.0,0.0,0.0,0.0,119.05849,0.0,0.0,0.0,-1.5707964,0.0
1970-01-01 00:00:01.094183159,1.094183159,0.0,446.44595,0.0,0.0,0.0,0.0,0.0,0.0,-1.5707964,0.0
1970-01-01 00:00:01.094967226,1.094967226,0.0,100.25172,0.0,0.0,0.0,0.0,0.0,0.0,-1.5707964,0.0
1970-01-01 00:00:01.095148761,1.095148761,0.0,0.0,0.0,348.9857,0.0,0.0,0.0,0.0,-1.5707964,0.0
1970-01-01 00:00:01.095294671,1.095294671,91.952225,0.0,0.0,0.0,0.0,0.0,0.0,0.0,-1.5707964,0.0
1970-01-01 00:00:01.095628830,1.0956288299999999,0.0,0.0,0.0,178.36891,0.0,0.0,0.0,0.0,-1.5707964,0.0
1970-01-01 00:00:01.095641547,1.095641547,92.224014,0.0,0.0,0.0,0.0,0.0,0.0,0.0,-1.5707964,0.0
1970-01-01 00:00:01.095677321,1.095677321,0.0,141.83147,0.0,0.0,0.0,0.0,0.0,0.0,-1.5707964,0.0
1970-01-01 00:00:01.095689811,1.095689811,0.0,188.49837,0.0,0.0,0.0,0.0,0.0,0.0,-1.5707964,0.0
1970-01-01 00:00:01.096019481,1.096019481,0.0,123.19343,0.0,0.0,0.0,0.0,0.0,0.0,-1.5707964,0.0
1970-01-01 00:00:01.096436607,1.096436607,0.0,81.40128,0.0,0.0,0.0,0.0,0.0,0.0,-1.5707964,0.0
1970-01-01 00:00:01.096445689,1.096445689,0.0,0.0,0.0,0.0,102.54133,0.0,0.0,0.0,-1.5707964,0.0
1970-01-01 00:00:01.096526203,1.096526203,0.0,102.335266,0.0,0.0,0.0,0.0,0.0,0.0,-1.5707964,0.0
1970-01-01 00:00:01.096571498,1.096571498,0.0,0.0,0.0,122.294846,0.0,0.0,0.0,0.0,-1.5707964,0.0
1970-01-01 00:00:01.096996189,1.096996189,124.818115,0.0,0.0,0.0,0.0,0.0,0.0,0.0,-1.5707964,0.0
1970-01-01 00:00:01.097360630,1.09736063,0.0,106.64674,0.0,0.0,0.0,0.0,0.0,0.0,-1.5707964,0.0
1970-01-01 00:00:01.097933407,1.097933407,271.2415,0.0,0.0,0.0,0.0,0.0,0.0,0.0,-1.5707964,0.0
1970-01-01 00:00:01.098139702,1.098139702,0.0,0.0,0.0,0.0,86.77116,0.0,0.0,0.0,-1.5707964,0.0
1970-01-01 00:00:01.098406224,1.098406224,0.0,0.0,0.0,0.0,0.0,118.78536,0.0,0.0,-1.5707964,0.0
1970-01-01 00:00:01.098913154,1.098913154,0.0,99.33845,0.0,0.0,0.0,0.0,0.0,0.0,-1.5707964,0.0
1970-01-01 00:00:01.099054583,1.099054583,0.0,0.0,0.0,84.45188,0.0,0.0,0.0,0.0,-1.5707964,0.0
1970-01-01 00:00:01.099351186,1.099351186,205.16325,0.0,0.0,0.0,0.0,0.0,0.0,0.0,-1.5707964,0.0
1970-01-01 00:00:01.099451069,1.0994510690000001,123.55688,0.0,0.0,0.0,0.0,0.0,0.0,0.0,-1.5707964,0.0
1970-01-01 00:00:01.099481961,1.099481961,0.0,117.25085,0.0,0.0,0.0,0.0,0.0,0.0,-1.5707964,0.0
1970-01-01 00:00:01.099503549,1.099503549,0.0,181.1934,0.0,0.0,0.0,0.0,0.0,0.0,-1.5707964,0.0
1970-01-01 00:00:01.099533705,1.099533705,0.0,0.0,0.0,0.0,385.75287,0.0,0.0,0.0,-1.5707964,0.0
1970-01-01 00:00:01.100419807,1.100419807,201.7892,0.0,0.0,0.0,0.0,0.0,0.0,0.0,-1.5707964,0.0
1970-01-01 00:00:01.100734394,1.100734394,221.54842,0.0,0.0,0.0,0.0,0.0,0.0,0.0,-1.5707964,0.0
1970-01-01 00:00:01.100785474,1.100785474,0.0,173.55208,0.0,0.0,0.0,0.0,0.0,0.0,-1.5707964,0.0
1970-01-01 00:00:01.100829005,1.100829005,0.0,117.79113,0.0,0.0,0.0,0.0,0.0,0.0,-1.5707964,0.0
1970-01-01 00:00:01.100856886,1.100856886,0.0,0.0,0.0,90.57012,0.0,0.0,0.0,0.0,-1.5707964,0.0
1970-01-01 00:00:01.100909312,1.100909312,0.0,0.0,0.0,0.0,103.511955,0.0,0.0,0.0,-1.5707964,0.0
1970-01-01 00:00:01.100914476,1.100914476,0.0,0.0,0.0,116.34729,0.0,0.0,0.0,0.0,-1.5707964,0.0
1970-01-01 00:00:01.100946389,1.100946389,0.0,191.42307,0.0,0.0,0.0,0.0,0.0,0.0,-1.5707964,0.0
1970-01-01 00:00:01.100995054,1.100995054,0.0,0.0,0.0,0.0,182.27837,0.0,0.0,0.0,-1.5707964,0.0
1970-01-01 00:00:01.101020804,1.101020804,0.0,112.5345,0.0,0.0,0.0,0.0,0.0,0.0,-1.5707964,0.0
1970-01-01 00:00:01.101306519,1.101306519,0.0,0.0,201.96124,0.0,0.0,0.0,0.0,0.0,-1.5707964,0.0
1970-01-01 00:00:01.101307054,1.101307054,0.0,0.0,0.0,0.0,138.6277,0.0,0.0,0.0,-1.5707964,0.0
1970-01-01 00:00:01.101334479,1.101334479,0.0,153.8444,0.0,0.0,0.0,0.0,0.0,0.0,-1.5707964,0.0
1970-01-01 00:00:01.101406451,1.101406451,182.83267,0.0,0.0,0.0,0.0,0.0,0.0,0.0,-1.5707964,0.0
1970-01-01 00:00:01.103027922,1.1030279219999999,0.0,372.21042,0.0,0.0,0.0,0.0,0.0,0.0,-1.5707964,0.0
1970-01-01 00:00:01.103364412,1.103364412,123.94634,0.0,0.0,0.0,0.0,0.0,0.0,0.0,-1.5707964,0.0
1970-01-01 00:00:01.103397583,1.103397583,230.22705,0.0,0.0,0.0,0.0,0.0,0.0,0.0,-1.5707964,0.0
1970-01-01 00:00:01.103417306,1.103417306,0.0,90.03342,0.0,0.0,0.0,0.0,0.0,0.0,-1.5707964,0.0
1970-01-01 00:00:01.103543458,1.103543458,0.0,216.33928,0.0,0.0,0.0,0.0,0.0,0.0,-1.5707964,0.0
1970-01-01 00:00:01.103554712,1.103554712,0.0,635.63824,0.0,0.0,0.0,0.0,0.0,0.0,-1.5707964,0.0
1970-01-01 00:00:01.104033572,1.104033572,0.0,0.0,0.0,138.95865,0.0,0.0,0.0,0.0,-1.5707964,0.0
1970-01-01 00:00:01.104190783,1.104190783,0.0,0.0,0.0,0.0,136.91167,0.0,0.0,0.0,-1.5707964,0.0
1970-01-01 00:00:01.104218673,1.104218673,0.0,91.29515,0.0,0.0,0.0,0.0,0.0,0.0,-1.5707964,0.0
1970-01-01 00:00:01.104453940,1.10445394,0.0,127.1037,0.0,0.0,0.0,0.0,0.0,0.0,-1.5707964,0.0
1970-01-01 00:00:01.104481755,1.104481755,0.0,0.0,0.0,188.79492,0.0,0.0,0.0,0.0,-1.5707964,0.0
1970-01-01 00:00:01.104650574,1.1046505739999999,134.93727,0.0,0.0,0.0,0.0,0.0,0.0,0.0,-1.5707964,0.0
1970-01-01 00:00:01.104879354,1.104879354,0.0,95.37254,0.0,0.0,0.0,0.0,0.0,0.0,-1.5707964,0.0
1970-01-01 00:00:01.105038623,1.105038623,0.0,0.0,0.0,0.0,126.237625,0.0,0.0,0.0,-1.5707964,0.0
1970-01-01 00:00:01.105425952,1.105425952,0.0,106.92752,0.0,0.0,0.0,0.0,0.0,0.0,-1.5707964,0.0
1970-01-01 00:00:01.105470743,1.105470743,0.0,0.0,0.0,166.20787,0.0,0.0,0.0,0.0,-1.5707964,0.0
1970-01-01 00:00:01.105560760,1.10556076,0.0,230.99614,0.0,0.0,0.0,0.0,0.0,0.0,-1.5707964,0.0
1970-01-01 00:00:01.106181923,1.106181923,0.0,244.52109,0.0,0.0,0.0,0.0,0.0,0.0,-1.5707964,0.0
1970-01-01 00:00:01.106275558,1.106275558,0.0,164.39925,0.0,0.0,0.0,0.0,0.0,0.0,-1.5707964,0.0
1970-01-01 00:00:01.106320330,1.10632033,0.0,0.0,0.0,0.0,104.00189,0.0,0.0,0.0,-1.5707964,0.0
1970-01-01 00:00:01.106322497,1.106322497,86.11516,0.0,0.0,0.0,0.0,0.0,0.0,0.0,-1.5707964,0.0
1970-01-01 00:00:01.106333461,1.106333461,0.0,132.28981,0.0,0.0,0.0,0.0,0.0,0.0,-1.5707964,0.0
1970-01-01 00:00:01.106641503,1.106641503,0.0,0.0,0.0,0.0,0.0,89.89835,0.0,0.0,-1.5707964,0.0
1970-01-01 00:00:01.106719209,1.106719209,0.0,0.0,0.0,120.28184,0.0,0.0,0.0,0.0,-1.5707964,0.0
1970-01-01 00:00:01.106856167,1.1068561670000001,0.0,0.0,0.0,0.0,129.20898,0.0,0.0,0.0,-1.5707964,0.0
1970-01-01 00:00:01.106936444,1.106936444,0.0,102.99151,0.0,0.0,0.0,0.0,0.0,0.0,-1.5707964,0.0
1970-01-01 00:00:01.107036210,1.10703621,0.0,0.0,0.0,0.0,106.4287,0.0,0.0,0.0,-1.5707964,0.0
1970-01-01 00:00:01.107317999,1.107317999,110.50661,0.0,0.0,0.0,0.0,0.0,0.0,0.0,-1.5707964,0.0
1970-01-01 00:00:01.107405204,1.107405204,0.0,0.0,0.0,0.0,133.21042,0.0,0.0,0.0,-1.5707964,0.0
1970-01-01 00:00:01.107449926,1.107449926,156.60727,0.0,0.0,0.0,0.0,0.0,0.0,0.0,-1.5707964,0.0
1970-01-01 00:00:01.107481537,1.107481537,0.0,0.0,0.0,0.0,0.0,189.5841,0.0,0.0,-1.5707964,0.0
1970-01-01 00:00:01.107574992,1.107574992,148.65524,0.0,0.0,0.0,0.0,0.0,0.0,0.0,-1.5707964,0.0
1970-01-01 00:00:01.107664682,1.107664682,181.26517,0.0,0.0,0.0,0.0,0.0,0.0,0.0,-1.5707964,0.0
1970-01-01 00:00:01.107771190,1.10777119,0.0,0.0,0.0,108.01163,0.0,0.0,0.0,0.0,-1.5707964,0.0
1970-01-01 00:00:01.107985646,1.107985646,0.0,0.0,0.0,0.0,183.86606,0.0,0.0,0.0,-1.5707964,0.0
1970-01-01 00:00:01.108032532,1.108032532,0.0,0.0,0.0,0.0,113.5455,0.0,0.0,0.0,-1.5707964,0.0
1970-01-01 00:00:01.108093584,1.108093584,0.0,0.0,0.0,171.66075,0.0,0.0,0.0,0.0,-1.5707964,0.0
1970-01-01 00:00:01.108347150,1.10834715,0.0,90.76798,0.0,0.0,0.0,0.0,0.0,0.0,-1.5707964,0.0
1970-01-01 00:00:01.108349332,1.108349332,0.0,0.0,0.0,0.0,149.39081,0.0,0.0,0.0,-1.5707964,0.0
1970-01-01 00:00:01.108968271,1.108968271,0.0,0.0,89.10749,0.0,0.0,0.0,0.0,0.0,-1.5707964,0.0
1970-01-01 00:00:01.109216607,1.109216607,0.0,136.36145,0.0,0.0,0.0,0.0,0.0,0.0,-1.5707964,0.0
1970-01-01 00:00:01.109962865,1.109962865,0.0,84.906044,0.0,0.0,0.0,0.0,0.0,0.0,-1.5707964,0.0
1970-01-01 00:00:01.110022364,1.110022364,0.0,0.0,0.0,0.0,0.0,314.83383,0.0,0.0,-1.5707964,0.0
1970-01-01 00:00:01.110447521,1.110447521,0.0,81.306076,0.0,0.0,0.0,0.0,0.0,0.0,-1.5707964,0.0
1970-01-01 00:00:01.110584473,1.110584473,0.0,0.0,0.0,0.0,107.65789,0.0,0.0,0.0,-1.5707964,0.0
1970-01-01 00:00:01.110739506,1.110739506,0.0,155.51941,0.0,0.0,0.0,0.0,0.0,0.0,-1.5707964,0.0
1970-01-01 00:00:01.110859874,1.110859874,0.0,0.0,0.0,0.0,80.17291,0.0,0.0,0.0,-1.5707964,0.0
1970-01-01 00:00:01.110983881,1.1109838810000001,263.0296,0.0,0.0,0.0,0.0,0.0,0.0,0.0,-1.5707964,0.0
1970-01-01 00:00:01.111183171,1.111183171,0.0,0.0,0.0,117.03995,0.0,0.0,0.0,0.0,-1.5707964,0.0
1970-01-01 00:00:01.111758323,1.111758323,405.63315,0.0,0.0,0.0,0.0,0.0,0.0,0.0,-1.5707964,0.0
1970-01-01 00:00:01.112336626,1.112336626,149.0639,0.0,0.0,0.0,0.0,0.0,0.0,0.0,-1.5707964,0.0
1970-01-01 00:00:01.112401767,1.112401767,0.0,98.992836,0.0,0.0,0.0,0.0,0.0,0.0,-1.5707964,0.0
1970-01-01 00:00:01.112464211,1.112464211,284.97675,0.0,0.0,0.0,0.0,0.0,0.0,0.0,-1.5707964,0.0
1970-01-01 00:00:01.112786095,1.112786095,138.39568,0.0,0.0,0.0,0.0,0.0,0.0,0.0,-1.5707964,0.0
1970-01-01 00:00:01.113127127,1.113127127,0.0,82.73965,0.0,0.0,0.0,0.0,0.0,0.0,-1.5707964,0.0
1970-01-01 00:00:01.113148274,1.113148274,0.0,112.29884,0.0,0.0,0.0,0.0,0.0,0.0,-1.5707964,0.0
1970-01-01 00:00:01.113168982,1.113168982,0.0,0.0,0.0,0.0,0.0,121.529305,0.0,0.0,-1.5707964,0.0
1970-01-01 00:00:01.113396282,1.113396282,0.0,0.0,0.0,296.1233,0.0,0.0,0.0,0.0,-1.5707964,0.0
1970-01-01 00:00:01.113606490,1.11360649,0.0,0.0,0.0,0.0,114.49996,0.0,0.0,0.0,-1.5707964,0.0
1970-01-01 00:00:01.113744785,1.113744785,0.0,128.91231,0.0,0.0,0.0,0.0,0.0,0.0,-1.5707964,0.0
1970-01-01 00:00:01.113876585,1.113876585,0.0,0.0,0.0,0.0,146.54634,0.0,0.0,0.0,-1.5707964,0.0
1970-01-01 00:00:01.114026344,1.114026344,0.0,0.0,0.0,0.0,240.72765,0.0,0.0,0.0,-1.5707964,0.0
1970-01-01 00:00:01.114129216,1.114129216,0.0,0.0,0.0,0.0,100.64917,0.0,0.0,0.0,-1.5707964,0.0
1970-01-01 00:00:01.114137870,1.11413787,0.0,0.0,0.0,0.0,110.34028,0.0,0.0,0.0,-1.5707964,0.0
1970-01-01 00:00:01.114250954,1.114250954,0.0,0.0,0.0,108.0146,0.0,0.0,0.0,0.0,-1.5707964,0.0
1970-01-01 00:00:01.115012154,1.115012154,146.25948,0.0,0.0,0.0,0.0,0.0,0.0,0.0,-1.5707964,0.0
1970-01-01 00:00:01.115244392,1.115244392,109.156746,0.0,0.0,0.0,0.0,0.0,0.0,0.0,-1.5707964,0.0
1970-01-01 00:00:01.115381315,1.115381315,0.0,86.37583,0.0,0.0,0.0,0.0,0.0,0.0,-1.5707964,0.0
1970-01-01 00:00:01.115638026,1.115638026,95.71498,0.0,0.0,0.0,0.0,0.0,0.0,0.0,-1.5707964,0.0
1970-01-01 00:00:01.115808543,1.115808543,0.0,0.0,0.0,0.0,0.0,138.2845,0.0,0.0,-1.5707964,0.0
1970-01-01 00:00:01.115867450,1.11586745,225.36273,0.0,0.0,0.0,0.0,0.0,0.0,0.0,-1.5707964,0.0
1970-01-01 00:00:01.115898191,1.115898191,0.0,0.0,0.0,179.55678,0.0,0.0,0.0,0.0,-1.5707964,0.0
1970-01-01 00:00:01.115925030,1.11592503,0.0,105.12936,0.0,0.0,0.0,0.0,0.0,0.0,-1.5707964,0.0
1970-01-01 00:00:01.116031750,1.11603175,0.0,102.333725,0.0,0.0,0.0,0.0,0.0,0.0,-1.5707964,0.0
1970-01-01 00:00:01.116429897,1.116429897,0.0,190.06279,0.0,0.0,0.0,0.0,0.0,0.0,-1.5707964,0.0
1970-01-01 00:00:01.116623803,1.116623803,92.0328,0.0,0.0,0.0,0.0,0.0,0.0,0.0,-1.5707964,0.0
1970-01-01 00:00:01.116986789,1.116986789,0.0,172.27089,0.0,0.0,0.0,0.0,0.0,0.0,-1.5707964,0.0
1970-01-01 00:00:01.117218880,1.11721888,0.0,316.14703,0.0,0.0,0.0,0.0,0.0,0.0,-1.5707964,0.0
1970-01-01 00:00:01.117356340,1.11735634,0.0,154.0969,0.0,0.0,0.0,0.0,0.0,0.0,-1.5707964,0.0
1970-01-01 00:00:01.117365149,1.117365149,0.0,0.0,0.0,425.13724,0.0,0.0,0.0,0.0,-1.5707964,0.0
1970-01-01 00:00:01.117437848,1.117437848,0.0,103.3174,0.0,0.0,0.0,0.0,0.0,0.0,-1.5707964,0.0
1970-01-01 00:00:01.117574013,1.117574013,0.0,147.70795,0.0,0.0,0.0,0.0,0.0,0.0,-1.5707964,0.0
1970-01-01 00:00:01.117601040,1.11760104,0.0,88.03514,0.0,0.0,0.0,0.0,0.0,0.0,-1.5707964,0.0
1970-01-01 00:00:01.117687752,1.117687752,0.0,89.722885,0.0,0.0,0.0,0.0,0.0,0.0,-1.5707964,0.0
1970-01-01 00:00:01.118087023,1.118087023,196.155,0.0,0.0,0.0,0.0,0.0,0.0,0.0,-1.5707964,0.0
1970-01-01 00:00:01.118650936,1.118650936,505.98074,0.0,0.0,0.0,0.0,0.0,0.0,0.0,-1.5707964,0.0
1970-01-01 00:00:01.118694717,1.118694717,0.0,136.18637,0.0,0.0,0.0,0.0,0.0,0.0,-1.5707964,0.0
1970-01-01 00:00:01.118784959,1.118784959,0.0,196.08836,0.0,0.0,0.0,0.0,0.0,0.0,-1.5707964,0.0
1970-01-01 00:00:01.118882093,1.118882093,0.0,0.0,0.0,143.4676,0.0,0.0,0.0,0.0,-1.5707964,0.0
1970-01-01 00:00:01.118884574,1.118884574,308.6121,0.0,0.0,0.0,0.0,0.0,0.0,0.0,-1.5707964,0.0
1970-01-01 00:00:01.118913713,1.118913713,0.0,0.0,0.0,134.91817,0.0,0.0,0.0,0.0,-1.5707964,0.0
1970-01-01 00:00:01.119081371,1.119081371,0.0,85.746635,0.0,0.0,0.0,0.0,0.0,0.0,-1.5707964,0.0
1970-01-01 00:00:01.119308573,1.119308573,0.0,442.7348,0.0,0.0,0.0,0.0,0.0,0.0,-1.5707964,0.0
1970-01-01 00:00:01.119450352,1.119450352,0.0,0.0,0.0,0.0,0.0,139.99258,0.0,0.0,-1.5707964,0.0
1970-01-01 00:00:01.119570749,1.119570749,0.0,0.0,0.0,0.0,98.41489,0.0,0.0,0.0,-1.5707964,0.0
1970-01-01 00:00:01.119689413,1.119689413,0.0,0.0,0.0,0.0,108.623314,0.0,0.0,0.0,-1.5707964,0.0
1970-01-01 00:00:01.120460919,1.120460919,0.0,207.10376,0.0,0.0,0.0,0.0,0.0,0.0,-1.5707964,0.0
1970-01-01 00:00:01.120660843,1.120660843,0.0,180.19762,0.0,0.0,0.0,0.0,0.0,0.0,-1.5707964,0.0
1970-01-01 00:00:01.120715864,1.1207158640000001,0.0,164.66852,0.0,0.0,0.0,0.0,0.0,0.0,-1.5707964,0.0
1970-01-01 00:00:01.120793016,1.120793016,0.0,224.25238,0.0,0.0,0.0,0.0,0.0,0.0,-1.5707964,0.0
1970-01-01 00:00:01.121098631,1.121098631,0.0,87.91858,0.0,0.0,0.0,0.0,0.0,0.0,-1.5707964,0.0
1970-01-01 00:00:01.121181479,1.121181479,0.0,88.91779,0.0,0.0,0.0,0.0,0.0,0.0,-1.5707964,0.0
1970-01-01 00:00:01.121413860,1.12141386,0.0,193.41011,0.0,0.0,0.0,0.0,0.0,0.0,-1.5707964,0.0
1970-01-01 00:00:01.121481193,1.121481193,0.0,0.0,0.0,199.49832,0.0,0.0,0.0,0.0,-1.5707964,0.0
1970-01-01 00:00:01.121758392,1.121758392,0.0,0.0,0.0,0.0,0.0,80.31915,0.0,0.0,-1.5707964,0.0
1970-01-01 00:00:01.121783274,1.121783274,0.0,0.0,0.0,144.01266,0.0,0.0,0.0,0.0,-1.5707964,0.0
1970-01-01 00:00:01.121795290,1.1217952900000001,113.09804,0.0,0.0,0.0,0.0,0.0,0.0,0.0,-1.5707964,0.0
1970-01-01 00:00:01.122164274,1.122164274,0.0,81.14721,0.0,0.0,0.0,0.0,0.0,0.0,-1.5707964,0.0
1970-01-01 00:00:01.122354483,1.122354483,0.0,0.0,0.0,0.0,106.069626,0.0,0.0,0.0,-1.5707964,0.0
1970-01-01 00:00:01.122492962,1.122492962,0.0,0.0,0.0,0.0,232.68056,0.0,0.0,0.0,-1.5707964,0.0
1970-01-01 00:00:01.123270774,1.123270774,0.0,88.84339,0.0,0.0,0.0,0.0,0.0,0.0,-1.5707964,0.0
1970-01-01 00:00:01.123435070,1.12343507,0.0,0.0,0.0,0.0,152.82162,0.0,0.0,0.0,-1.5707964,0.0
1970-01-01 00:00:01.123564980,1.12356498,113.83849,0.0,0.0,0.0,0.0,0.0,0.0,0.0,-1.5707964,0.0
1970-01-01 00:00:01.123592467,1.123592467,211.37576,0.0,0.0,0.0,0.0,0.0,0.0,0.0,-1.5707964,0.0
1970-01-01 00:00:01.123775552,1.123775552,0.0,0.0,0.0,0.0,114.3098,0.0,0.0,0.0,-1.5707964,0.0
1970-01-01 00:00:01.124090319,1.124090319,0.0,142.40991,0.0,0.0,0.0,0.0,0.0,0.0,-1.5707964,0.0
1970-01-01 00:00:01.124103106,1.124103106,0.0,0.0,0.0,0.0,111.60597,0.0,0.0,0.0,-1.5707964,0.0
1970-01-01 00:00:01.124132180,1.12413218,0.0,0.0,0.0,0.0,0.0,103.23687,0.0,0.0,-1.5707964,0.0
1970-01-01 00:00:01.124142482,1.1241424819999999,104.29282,0.0,0.0,0.0,0.0,0.0,0.0,0.0,-1.5707964,0.0
1970-01-01 00:00:01.124206177,1.124206177,130.80377,0.0,0.0,0.0,0.0,0.0,0.0,0.0,-1.5707964,0.0
1970-01-01 00:00:01.124210592,1.124210592,0.0,171.44841,0.0,0.0,0.0,0.0,0.0,0.0,-1.5707964,0.0
1970-01-01 00:00:01.124366298,1.124366298,0.0,0.0,0.0,0.0,191.74724,0.0,0.0,0.0,-1.5707964,0.0
1970-01-01 00:00:01.124728225,1.124728225,144.66856,0.0,0.0,0.0,0.0,0.0,0.0,0.0,-1.5707964,0.0
1970-01-01 00:00:01.125360879,1.125360879,233.94632,0.0,0.0,0.0,0.0,0.0,0.0,0.0,-1.5707964,0.0
1970-01-01 00:00:01.125696747,1.125696747,0.0,0.0,0.0,0.0,203.6509,0.0,0.0,0.0,-1.5707964,0.0
1970-01-01 00:00:01.125749353,1.125749353,0.0,203.59998,0.0,0.0,0.0,0.0,0.0,0.0,-1.5707964,0.0
1970-01-01 00:00:01.126072215,1.126072216,0.0,0.0,131.406,0.0,0.0,0.0,0.0,0.0,-1.5707964,0.0
1970-01-01 00:00:01.126281635,1.126281635,0.0,166.73015,0.0,0.0,0.0,0.0,0.0,0.0,-1.5707964,0.0
1970-01-01 00:00:01.126671401,1.126671402,80.99572,0.0,0.0,0.0,0.0,0.0,0.0,0.0,-1.5707964,0.0
1970-01-01 00:00:01.126689901,1.126689901,0.0,0.0,0.0,0.0,145.56372,0.0,0.0,0.0,-1.5707964,0.0
1970-01-01 00:00:01.126850562,1.126850562,0.0,0.0,0.0,0.0,106.228424,0.0,0.0,0.0,-1.5707964,0.0
1970-01-01 00:00:01.127278819,1.12727882,0.0,0.0,0.0,0.0,144.51266,0.0,0.0,0.0,-1.5707964,0.0
1970-01-01 00:00:01.127311782,1.127311782,307.56863,0.0,0.0,0.0,0.0,0.0,0.0,0.0,-1.5707964,0.0
1970-01-01 00:00:01.127446039,1.127446039,0.0,153.52995,0.0,0.0,0.0,0.0,0.0,0.0,-1.5707964,0.0
1970-01-01 00:00:01.127686076,1.127686076,0.0,162.97932,0.0,0.0,0.0,0.0,0.0,0.0,-1.5707964,0.0
1970-01-01 00:00:01.127922035,1.127922036,168.51987,0.0,0.0,0.0,0.0,0.0,0.0,0.0,-1.5707964,0.0
1970-01-01 00:00:01.128005202,1.128005202,0.0,190.91312,0.0,0.0,0.0,0.0,0.0,0.0,-1.5707964,0.0
1970-01-01 00:00:01.128048638,1.128048639,0.0,0.0,0.0,0.0,148.13432,0.0,0.0,0.0,-1.5707964,0.0
1970-01-01 00:00:01.128508788,1.128508788,0.0,110.292244,0.0,0.0,0.0,0.0,0.0,0.0,-1.5707964,0.0
1970-01-01 00:00:01.128992690,1.12899269,0.0,0.0,0.0,188.25037,0.0,0.0,0.0,0.0,-1.5707964,0.0
1970-01-01 00:00:01.129110240,1.129110241,0.0,0.0,0.0,0.0,85.22032,0.0,0.0,0.0,-1.5707964,0.0
1970-01-01 00:00:01.129430645,1.129430645,0.0,344.0093,0.0,0.0,0.0,0.0,0.0,0.0,-1.5707964,0.0
1970-01-01 00:00:01.129626007,1.129626008,0.0,81.42841,0.0,0.0,0.0,0.0,0.0,0.0,-1.5707964,0.0
1970-01-01 00:00:01.130092287,1.130092287,0.0,0.0,0.0,0.0,0.0,90.228325,0.0,0.0,-1.5707964,0.0
1970-01-01 00:00:01.130094074,1.130094074,0.0,333.92114,0.0,0.0,0.0,0.0,0.0,0.0,-1.5707964,0.0
1970-01-01 00:00:01.130209671,1.130209671,0.0,125.937904,0.0,0.0,0.0,0.0,0.0,0.0,-1.5707964,0.0
1970-01-01 00:00:01.130312827,1.130312828,0.0,194.2612,0.0,0.0,0.0,0.0,0.0,0.0,-1.5707964,0.0
1970-01-01 00:00:01.130388082,1.130388083,0.0,224.91351,0.0,0.0,0.0,0.0,0.0,0.0,-1.5707964,0.0
1970-01-01 00:00:01.130439468,1.130439468,108.872086,0.0,0.0,0.0,0.0,0.0,0.0,0.0,-1.5707964,0.0
1970-01-01 00:00:01.130463894,1.130463894,0.0,0.0,0.0,0.0,135.12187,0.0,0.0,0.0,-1.5707964,0.0
1970-01-01 00:00:01.130584365,1.130584365,0.0,210.06102,0.0,0.0,0.0,0.0,0.0,0.0,-1.5707964,0.0
1970-01-01 00:00:01.130596675,1.130596675,0.0,122.848495,0.0,0.0,0.0,0.0,0.0,0.0,-1.5707964,0.0
1970-01-01 00:00:01.130605064,1.130605065,0.0,0.0,0.0,140.72722,0.0,0.0,0.0,0.0,-1.5707964,0.0
1970-01-01 00:00:01.130618521,1.130618522,0.0,0.0,0.0,0.0,88.87586,0.0,0.0,0.0,-1.5707964,0.0
1970-01-01 00:00:01.131242277,1.131242278,0.0,0.0,0.0,82.76289,0.0,0.0,0.0,0.0,-1.5707964,0.0
1970-01-01 00:00:01.131342861,1.131342861,0.0,137.67047,0.0,0.0,0.0,0.0,0.0,0.0,-1.5707964,0.0
1970-01-01 00:00:01.132192860,1.13219286,0.0,174.70398,0.0,0.0,0.0,0.0,0.0,0.0,-1.5707964,0.0
1970-01-01 00:00:01.132218935,1.132218935,0.0,0.0,0.0,0.0,0.0,133.40407,0.0,0.0,-1.5707964,0.0
1970-01-01 00:00:01.132324028,1.132324028,195.94897,0.0,0.0,0.0,0.0,0.0,0.0,0.0,-1.5707964,0.0
1970-01-01 00:00:01.132787451,1.132787451,0.0,226.33714,0.0,0.0,0.0,0.0,0.0,0.0,-1.5707964,0.0
1970-01-01 00:00:01.132992946,1.132992946,112.517746,0.0,0.0,0.0,0.0,0.0,0.0,0.0,-1.5707964,0.0
1970-01-01 00:00:01.133026211,1.133026211,0.0,0.0,0.0,450.41583,0.0,0.0,0.0,0.0,-1.5707964,0.0
1970-01-01 00:00:01.133227542,1.133227542,102.45511,0.0,0.0,0.0,0.0,0.0,0.0,0.0,-1.5707964,0.0
1970-01-01 00:00:01.133944432,1.133944432,0.0,100.458206,0.0,0.0,0.0,0.0,0.0,0.0,-1.5707964,0.0
1970-01-01 00:00:01.133985178,1.133985178,0.0,0.0,0.0,0.0,92.14536,0.0,0.0,0.0,-1.5707964,0.0
1970-01-01 00:00:01.134326101,1.134326101,0.0,0.0,0.0,0.0,97.5321,0.0,0.0,0.0,-1.5707964,0.0
1970-01-01 00:00:01.134697496,1.134697496,0.0,0.0,0.0,89.012764,0.0,0.0,0.0,0.0,-1.5707964,0.0
1970-01-01 00:00:01.134799284,1.134799284,0.0,0.0,0.0,105.104454,0.0,0.0,0.0,0.0,-1.5707964,0.0
1970-01-01 00:00:01.135023086,1.135023086,0.0,0.0,0.0,123.30822,0.0,0.0,0.0,0.0,-1.5707964,0.0
1970-01-01 00:00:01.135051212,1.135051212,0.0,87.11794,0.0,0.0,0.0,0.0,0.0,0.0,-1.5707964,0.0
1970-01-01 00:00:01.135078680,1.13507868,0.0,0.0,0.0,0.0,87.79812,0.0,0.0,0.0,-1.5707964,0.0
1970-01-01 00:00:01.135468766,1.135468766,0.0,0.0,0.0,0.0,140.13156,0.0,0.0,0.0,-1.5707964,0.0
1970-01-01 00:00:01.135522040,1.1355220400000001,0.0,0.0,0.0,89.68016,0.0,0.0,0.0,0.0,-1.5707964,0.0
1970-01-01 00:00:01.135718521,1.135718521,0.0,218.92035,0.0,0.0,0.0,0.0,0.0,0.0,-1.5707964,0.0
1970-01-01 00:00:01.135745516,1.135745516,0.0,87.31377,0.0,0.0,0.0,0.0,0.0,0.0,-1.5707964,0.0
1970-01-01 00:00:01.136514671,1.136514671,102.43543,0.0,0.0,0.0,0.0,0.0,0.0,0.0,-1.5707964,0.0
1970-01-01 00:00:01.136524943,1.136524943,111.9716,0.0,0.0,0.0,0.0,0.0,0.0,0.0,-1.5707964,0.0
1970-01-01 00:00:01.136528641,1.136528641,0.0,0.0,0.0,0.0,122.6567,0.0,0.0,0.0,-1.5707964,0.0
1970-01-01 00:00:01.136539937,1.136539937,182.50421,0.0,0.0,0.0,0.0,0.0,0.0,0.0,-1.5707964,0.0
1970-01-01 00:00:01.136996332,1.136996332,0.0,0.0,0.0,122.279854,0.0,0.0,0.0,0.0,-1.5707964,0.0
1970-01-01 00:00:01.137184601,1.137184601,283.03592,0.0,0.0,0.0,0.0,0.0,0.0,0.0,-1.5707964,0.0
1970-01-01 00:00:01.137345008,1.137345008,0.0,0.0,0.0,0.0,93.72541,0.0,0.0,0.0,-1.5707964,0.0
1970-01-01 00:00:01.137442262,1.137442262,0.0,195.08081,0.0,0.0,0.0,0.0,0.0,0.0,-1.5707964,0.0
1970-01-01 00:00:01.137813946,1.137813946,0.0,0.0,0.0,0.0,242.42288,0.0,0.0,0.0,-1.5707964,0.0
1970-01-01 00:00:01.138130176,1.138130176,0.0,0.0,0.0,0.0,0.0,156.28879,0.0,0.0,-1.5707964,0.0
1970-01-01 00:00:01.138642805,1.138642805,0.0,0.0,0.0,0.0,109.29432,0.0,0.0,0.0,-1.5707964,0.0
1970-01-01 00:00:01.139030661,1.139030661,0.0,139.4149,0.0,0.0,0.0,0.0,0.0,0.0,-1.5707964,0.0
1970-01-01 00:00:01.139839576,1.139839576,0.0,101.43331,0.0,0.0,0.0,0.0,0.0,0.0,-1.5707964,0.0
1970-01-01 00:00:01.140075721,1.140075721,0.0,0.0,0.0,0.0,81.18158,0.0,0.0,0.0,-1.5707964,0.0
1970-01-01 00:00:01.140152798,1.140152798,0.0,81.042694,0.0,0.0,0.0,0.0,0.0,0.0,-1.5707964,0.0
1970-01-01 00:00:01.140321799,1.140321799,0.0,0.0,0.0,0.0,0.0,276.59866,0.0,0.0,-1.5707964,0.0
1970-01-01 00:00:01.140329557,1.140329557,0.0,0.0,0.0,209.79495,0.0,0.0,0.0,0.0,-1.5707964,0.0
1970-01-01 00:00:01.140351307,1.140351307,0.0,0.0,0.0,0.0,151.43352,0.0,0.0,0.0,-1.5707964,0.0
1970-01-01 00:00:01.140405239,1.140405239,0.0,0.0,0.0,0.0,243.4556,0.0,0.0,0.0,-1.5707964,0.0
1970-01-01 00:00:01.140543162,1.140543162,102.87107,0.0,0.0,0.0,0.0,0.0,0.0,0.0,-1.5707964,0.0
1970-01-01 00:00:01.140649977,1.140649977,94.5103,0.0,0.0,0.0,0.0,0.0,0.0,0.0,-1.5707964,0.0
1970-01-01 00:00:01.140649977,1.140649977,140.75203,0.0,0.0,0.0,0.0,0.0,0.0,0.0,-1.5707964,0.0
1970-01-01 00:00:01.140795340,1.14079534,0.0,80.764404,0.0,0.0,0.0,0.0,0.0,0.0,-1.5707964,0.0
1970-01-01 00:00:01.141024378,1.141024378,154.91345,0.0,0.0,0.0,0.0,0.0,0.0,0.0,-1.5707964,0.0
1970-01-01 00:00:01.141047762,1.141047762,0.0,0.0,0.0,0.0,0.0,215.64572,0.0,0.0,-1.5707964,0.0
1970-01-01 00:00:01.141105922,1.141105922,98.77161,0.0,0.0,0.0,0.0,0.0,0.0,0.0,-1.5707964,0.0
1970-01-01 00:00:01.141178671,1.141178671,152.85643,0.0,0.0,0.0,0.0,0.0,0.0,0.0,-1.5707964,0.0
1970-01-01 00:00:01.141325447,1.141325447,0.0,260.58844,0.0,0.0,0.0,0.0,0.0,0.0,-1.5707964,0.0
1970-01-01 00:00:01.141849336,1.141849336,0.0,0.0,99.04389,0.0,0.0,0.0,0.0,0.0,-1.5707964,0.0
1970-01-01 00:00:01.141885404,1.141885404,0.0,0.0,0.0,0.0,90.342026,0.0,0.0,0.0,-1.5707964,0.0
1970-01-01 00:00:01.142197191,1.142197191,0.0,120.643036,0.0,0.0,0.0,0.0,0.0,0.0,-1.5707964,0.0
1970-01-01 00:00:01.142273921,1.142273921,0.0,116.194405,0.0,0.0,0.0,0.0,0.0,0.0,-1.5707964,0.0
1970-01-01 00:00:01.142643130,1.14264313,0.0,83.736084,0.0,0.0,0.0,0.0,0.0,0.0,-1.5707964,0.0
1970-01-01 00:00:01.142737081,1.142737081,0.0,118.184296,0.0,0.0,0.0,0.0,0.0,0.0,-1.5707964,0.0
1970-01-01 00:00:01.142988725,1.142988725,0.0,166.89311,0.0,0.0,0.0,0.0,0.0,0.0,-1.5707964,0.0
1970-01-01 00:00:01.143345647,1.143345647,0.0,0.0,0.0,0.0,92.37942,0.0,0.0,0.0,-1.5707964,0.0
1970-01-01 00:00:01.143495303,1.143495303,0.0,92.762856,0.0,0.0,0.0,0.0,0.0,0.0,-1.5707964,0.0
1970-01-01 00:00:01.143583536,1.143583536,0.0,114.03618,0.0,0.0,0.0,0.0,0.0,0.0,-1.5707964,0.0
1970-01-01 00:00:01.143935166,1.143935166,0.0,0.0,0.0,140.9345,0.0,0.0,0.0,0.0,-1.5707964,0.0
1970-01-01 00:00:01.144075244,1.144075244,0.0,0.0,0.0,132.63992,0.0,0.0,0.0,0.0,-1.5707964,0.0
1970-01-01 00:00:01.144182856,1.144182856,0.0,94.2422,0.0,0.0,0.0,0.0,0.0,0.0,-1.5707964,0.0
1970-01-01 00:00:01.144355828,1.144355828,0.0,0.0,0.0,89.98229,0.0,0.0,0.0,0.0,-1.5707964,0.0
1970-01-01 00:00:01.144420749,1.144420749,0.0,102.21405,0.0,0.0,0.0,0.0,0.0,0.0,-1.5707964,0.0
1970-01-01 00:00:01.144519452,1.144519452,0.0,0.0,0.0,0.0,0.0,190.16045,0.0,0.0,-1.5707964,0.0
1970-01-01 00:00:01.144568089,1.144568089,0.0,0.0,0.0,0.0,219.22894,0.0,0.0,0.0,-1.5707964,0.0
1970-01-01 00:00:01.144717141,1.144717141,0.0,117.06388,0.0,0.0,0.0,0.0,0.0,0.0,-1.5707964,0.0
1970-01-01 00:00:01.144910476,1.144910476,421.7193,0.0,0.0,0.0,0.0,0.0,0.0,0.0,-1.5707964,0.0
1970-01-01 00:00:01.144956042,1.144956042,0.0,117.43058,0.0,0.0,0.0,0.0,0.0,0.0,-1.5707964,0.0
1970-01-01 00:00:01.145186526,1.145186526,0.0,102.0706,0.0,0.0,0.0,0.0,0.0,0.0,-1.5707964,0.0
1970-01-01 00:00:01.145224755,1.145224755,0.0,0.0,0.0,0.0,103.55869,0.0,0.0,0.0,-1.5707964,0.0
1970-01-01 00:00:01.145523755,1.145523755,0.0,156.73444,0.0,0.0,0.0,0.0,0.0,0.0,-1.5707964,0.0
1970-01-01 00:00:01.145593968,1.145593968,0.0,0.0,0.0,109.4066,0.0,0.0,0.0,0.0,-1.5707964,0.0
1970-01-01 00:00:01.145838726,1.145838726,0.0,0.0,0.0,0.0,82.73182,0.0,0.0,0.0,-1.5707964,0.0
1970-01-01 00:00:01.145843326,1.145843326,179.28128,0.0,0.0,0.0,0.0,0.0,0.0,0.0,-1.5707964,0.0
1970-01-01 00:00:01.145856639,1.145856639,0.0,82.31656,0.0,0.0,0.0,0.0,0.0,0.0,-1.5707964,0.0
1970-01-01 00:00:01.146079369,1.146079369,0.0,172.05815,0.0,0.0,0.0,0.0,0.0,0.0,-1.5707964,0.0
1970-01-01 00:00:01.146453866,1.1464538659999999,0.0,0.0,0.0,0.0,129.14285,0.0,0.0,0.0,-1.5707964,0.0
1970-01-01 00:00:01.146989391,1.146989391,0.0,0.0,0.0,0.0,117.98059,0.0,0.0,0.0,-1.5707964,0.0
1970-01-01 00:00:01.146994431,1.146994431,0.0,234.1655,0.0,0.0,0.0,0.0,0.0,0.0,-1.5707964,0.0
1970-01-01 00:00:01.147044314,1.147044314,0.0,147.44342,0.0,0.0,0.0,0.0,0.0,0.0,-1.5707964,0.0
1970-01-01 00:00:01.147368488,1.147368488,0.0,0.0,0.0,0.0,80.643974,0.0,0.0,0.0,-1.5707964,0.0
1970-01-01 00:00:01.147499284,1.147499284,0.0,0.0,0.0,0.0,315.4975,0.0,0.0,0.0,-1.5707964,0.0
1970-01-01 00:00:01.147538343,1.147538343,0.0,0.0,0.0,0.0,101.92541,0.0,0.0,0.0,-1.5707964,0.0
1970-01-01 00:00:01.147548848,1.147548848,0.0,0.0,0.0,0.0,106.82954,0.0,0.0,0.0,-1.5707964,0.0
1970-01-01 00:00:01.148307038,1.148307038,0.0,0.0,0.0,0.0,97.80738,0.0,0.0,0.0,-1.5707964,0.0
1970-01-01 00:00:01.148371713,1.148371713,0.0,253.95738,0.0,0.0,0.0,0.0,0.0,0.0,-1.5707964,0.0
1970-01-01 00:00:01.148395012,1.148395012,0.0,137.5879,0.0,0.0,0.0,0.0,0.0,0.0,-1.5707964,0.0
1970-01-01 00:00:01.148640299,1.148640299,0.0,0.0,0.0,0.0,172.22575,0.0,0.0,0.0,-1.5707964,0.0
1970-01-01 00:00:01.148651170,1.14865117,0.0,149.60075,0.0,0.0,0.0,0.0,0.0,0.0,-1.5707964,0.0
1970-01-01 00:00:01.148789993,1.148789993,0.0,0.0,0.0,0.0,479.93582,0.0,0.0,0.0,-1.5707964,0.0
1970-01-01 00:00:01.148806605,1.148806605,273.35895,0.0,0.0,0.0,0.0,0.0,0.0,0.0,-1.5707964,0.0
1970-01-01 00:00:01.148811065,1.148811065,158.23251,0.0,0.0,0.0,0.0,0.0,0.0,0.0,-1.5707964,0.0
1970-01-01 00:00:01.148940242,1.1489402420000001,0.0,0.0,0.0,0.0,81.01964,0.0,0.0,0.0,-1.5707964,0.0
1970-01-01 00:00:01.149002085,1.149002085,0.0,0.0,0.0,283.548,0.0,0.0,0.0,0.0,-1.5707964,0.0
1970-01-01 00:00:01.149666072,1.149666072,128.3032,0.0,0.0,0.0,0.0,0.0,0.0,0.0,-1.5707964,0.0
1970-01-01 00:00:01.149670719,1.149670719,119.352264,0.0,0.0,0.0,0.0,0.0,0.0,0.0,-1.5707964,0.0
1970-01-01 00:00:01.149736837,1.149736837,0.0,0.0,0.0,0.0,198.44113,0.0,0.0,0.0,-1.5707964,0.0
1970-01-01 00:00:01.150209033,1.1502090329999999,0.0,104.15599,0.0,0.0,0.0,0.0,0.0,0.0,-1.5707964,0.0
1970-01-01 00:00:01.150231972,1.150231972,0.0,142.6033,0.0,0.0,0.0,0.0,0.0,0.0,-1.5707964,0.0
1970-01-01 00:00:01.150380751,1.150380751,0.0,0.0,0.0,0.0,95.7622,0.0,0.0,0.0,-1.5707964,0.0
1970-01-01 00:00:01.150516957,1.150516957,0.0,0.0,0.0,175.87395,0.0,0.0,0.0,0.0,-1.5707964,0.0
1970-01-01 00:00:01.150587753,1.150587753,0.0,0.0,0.0,0.0,115.45454,0.0,0.0,0.0,-1.5707964,0.0
1970-01-01 00:00:01.150604586,1.150604586,0.0,0.0,0.0,81.299385,0.0,0.0,0.0,0.0,-1.5707964,0.0
1970-01-01 00:00:01.150649959,1.1506499589999999,0.0,0.0,0.0,0.0,0.0,190.18454,0.0,0.0,-1.5707964,0.0
1970-01-01 00:00:01.150721326,1.150721326,104.87476,0.0,0.0,0.0,0.0,0.0,0.0,0.0,-1.5707964,0.0
1970-01-01 00:00:01.150797563,1.150797563,114.51274,0.0,0.0,0.0,0.0,0.0,0.0,0.0,-1.5707964,0.0
1970-01-01 00:00:01.150804766,1.150804766,0.0,0.0,0.0,0.0,112.55116,0.0,0.0,0.0,-1.5707964,0.0
1970-01-01 00:00:01.150914645,1.150914645,99.13135,0.0,0.0,0.0,0.0,0.0,0.0,0.0,-1.5707964,0.0
1970-01-01 00:00:01.150927619,1.150927619,0.0,128.95992,0.0,0.0,0.0,0.0,0.0,0.0,-1.5707964,0.0
1970-01-01 00:00:01.151157814,1.151157814,165.63585,0.0,0.0,0.0,0.0,0.0,0.0,0.0,-1.5707964,0.0
1970-01-01 00:00:01.151228472,1.1512284720000001,0.0,89.51014,0.0,0.0,0.0,0.0,0.0,0.0,-1.5707964,0.0
1970-01-01 00:00:01.151553848,1.151553848,0.0,84.59347,0.0,0.0,0.0,0.0,0.0,0.0,-1.5707964,0.0
1970-01-01 00:00:01.151642096,1.151642096,0.0,124.245,0.0,0.0,0.0,0.0,0.0,0.0,-1.5707964,0.0
1970-01-01 00:00:01.151900427,1.151900427,0.0,103.82366,0.0,0.0,0.0,0.0,0.0,0.0,-1.5707964,0.0
1970-01-01 00:00:01.152104429,1.152104429,0.0,0.0,0.0,0.0,97.36122,0.0,0.0,0.0,-1.5707964,0.0
1970-01-01 00:00:01.152158804,1.152158804,0.0,138.04108,0.0,0.0,0.0,0.0,0.0,0.0,-1.5707964,0.0
1970-01-01 00:00:01.152259924,1.152259924,0.0,112.68781,0.0,0.0,0.0,0.0,0.0,0.0,-1.5707964,0.0
1970-01-01 00:00:01.152259924,1.152259924,0.0,0.0,0.0,0.0,0.0,201.39215,0.0,0.0,-1.5707964,0.0
1970-01-01 00:00:01.152406293,1.152406293,120.019966,0.0,0.0,0.0,0.0,0.0,0.0,0.0,-1.5707964,0.0
1970-01-01 00:00:01.152686761,1.152686761,0.0,104.83571,0.0,0.0,0.0,0.0,0.0,0.0,-1.5707964,0.0
1970-01-01 00:00:01.152724339,1.152724339,0.0,248.68446,0.0,0.0,0.0,0.0,0.0,0.0,-1.5707964,0.0
1970-01-01 00:00:01.152859514,1.152859514,0.0,0.0,0.0,0.0,94.32028,0.0,0.0,0.0,-1.5707964,0.0
1970-01-01 00:00:01.153019256,1.1530192559999999,207.19496,0.0,0.0,0.0,0.0,0.0,0.0,0.0,-1.5707964,0.0
1970-01-01 00:00:01.153534660,1.15353466,0.0,0.0,0.0,0.0,81.103874,0.0,0.0,0.0,-1.5707964,0.0
1970-01-01 00:00:01.153618422,1.153618422,111.28176,0.0,0.0,0.0,0.0,0.0,0.0,0.0,-1.5707964,0.0
1970-01-01 00:00:01.154111302,1.154111302,0.0,0.0,0.0,84.977745,0.0,0.0,0.0,0.0,-1.5707964,0.0
1970-01-01 00:00:01.154217387,1.154217387,0.0,462.3594,0.0,0.0,0.0,0.0,0.0,0.0,-1.5707964,0.0
1970-01-01 00:00:01.154493978,1.154493978,0.0,0.0,0.0,104.674515,0.0,0.0,0.0,0.0,-1.5707964,0.0
1970-01-01 00:00:01.154976342,1.1549763419999999,0.0,0.0,0.0,139.83464,0.0,0.0,0.0,0.0,-1.5707964,0.0
1970-01-01 00:00:01.155034699,1.155034699,0.0,0.0,249.37999,0.0,0.0,0.0,0.0,0.0,-1.5707964,0.0
1970-01-01 00:00:01.155045799,1.155045799,0.0,0.0,0.0,0.0,0.0,104.95728,0.0,0.0,-1.5707964,0.0
1970-01-01 00:00:01.155151917,1.155151917,0.0,0.0,0.0,0.0,209.76819,0.0,0.0,0.0,-1.5707964,0.0
1970-01-01 00:00:01.155297257,1.155297257,0.0,0.0,0.0,0.0,148.76985,0.0,0.0,0.0,-1.5707964,0.0
1970-01-01 00:00:01.155303336,1.155303336,0.0,286.1436,0.0,0.0,0.0,0.0,0.0,0.0,-1.5707964,0.0
1970-01-01 00:00:01.155359426,1.155359426,0.0,107.781456,0.0,0.0,0.0,0.0,0.0,0.0,-1.5707964,0.0
1970-01-01 00:00:01.155874213,1.155874213,0.0,201.08304,0.0,0.0,0.0,0.0,0.0,0.0,-1.5707964,0.0
1970-01-01 00:00:01.155902042,1.155902042,0.0,0.0,0.0,0.0,115.373,0.0,0.0,0.0,-1.5707964,0.0
1970-01-01 00:00:01.156193658,1.156193658,143.322,0.0,0.0,0.0,0.0,0.0,0.0,0.0,-1.5707964,0.0
1970-01-01 00:00:01.156698381,1.156698381,92.75992,0.0,0.0,0.0,0.0,0.0,0.0,0.0,-1.5707964,0.0
1970-01-01 00:00:01.156743872,1.156743872,0.0,0.0,0.0,160.8329,0.0,0.0,0.0,0.0,-1.5707964,0.0
1970-01-01 00:00:01.157946458,1.157946458,0.0,0.0,0.0,0.0,107.3071,0.0,0.0,0.0,-1.5707964,0.0
1970-01-01 00:00:01.158161941,1.158161941,0.0,0.0,0.0,0.0,240.43106,0.0,0.0,0.0,-1.5707964,0.0
1970-01-01 00:00:01.158328636,1.158328636,111.847275,0.0,0.0,0.0,0.0,0.0,0.0,0.0,-1.5707964,0.0
1970-01-01 00:00:01.158358645,1.158358645,0.0,0.0,0.0,256.9965,0.0,0.0,0.0,0.0,-1.5707964,0.0
1970-01-01 00:00:01.158615207,1.158615207,0.0,0.0,0.0,234.23788,0.0,0.0,0.0,0.0,-1.5707964,0.0
1970-01-01 00:00:01.158647426,1.158647426,0.0,0.0,0.0,377.16895,0.0,0.0,0.0,0.0,-1.5707964,0.0
1970-01-01 00:00:01.158740706,1.1587407060000001,251.78705,0.0,0.0,0.0,0.0,0.0,0.0,0.0,-1.5707964,0.0
1970-01-01 00:00:01.158756800,1.1587568,0.0,0.0,0.0,164.85722,0.0,0.0,0.0,0.0,-1.5707964,0.0
1970-01-01 00:00:01.158877095,1.158877095,0.0,0.0,0.0,114.2064,0.0,0.0,0.0,0.0,-1.5707964,0.0
1970-01-01 00:00:01.158994914,1.158994914,0.0,0.0,0.0,0.0,235.70543,0.0,0.0,0.0,-1.5707964,0.0
1970-01-01 00:00:01.159047272,1.159047272,0.0,0.0,0.0,0.0,0.0,176.96434,0.0,0.0,-1.5707964,0.0
1970-01-01 00:00:01.159115960,1.15911596,0.0,0.0,0.0,0.0,230.53314,0.0,0.0,0.0,-1.5707964,0.0
1970-01-01 00:00:01.159299001,1.159299001,0.0,90.11901,0.0,0.0,0.0,0.0,0.0,0.0,-1.5707964,0.0
1970-01-01 00:00:01.159310233,1.159310233,0.0,269.51254,0.0,0.0,0.0,0.0,0.0,0.0,-1.5707964,0.0
1970-01-01 00:00:01.159465004,1.159465004,0.0,0.0,0.0,219.51134,0.0,0.0,0.0,0.0,-1.5707964,0.0
1970-01-01 00:00:01.159528344,1.159528344,0.0,0.0,0.0,0.0,0.0,260.1022,0.0,0.0,-1.5707964,0.0
1970-01-01 00:00:01.159873843,1.159873843,0.0,0.0,0.0,0.0,102.082756,0.0,0.0,0.0,-1.5707964,0.0
1970-01-01 00:00:01.160040075,1.160040075,0.0,146.12097,0.0,0.0,0.0,0.0,0.0,0.0,-1.5707964,0.0
1970-01-01 00:00:01.160413558,1.1604135580000001,0.0,0.0,0.0,160.44922,0.0,0.0,0.0,0.0,-1.5707964,0.0
1970-01-01 00:00:01.160714784,1.160714784,0.0,435.7612,0.0,0.0,0.0,0.0,0.0,0.0,-1.5707964,0.0
1970-01-01 00:00:01.160769375,1.160769375,111.39899,0.0,0.0,0.0,0.0,0.0,0.0,0.0,-1.5707964,0.0
1970-01-01 00:00:01.160820599,1.160820599,127.53005,0.0,0.0,0.0,0.0,0.0,0.0,0.0,-1.5707964,0.0
1970-01-01 00:00:01.160915274,1.160915274,0.0,132.16243,0.0,0.0,0.0,0.0,0.0,0.0,-1.5707964,0.0
1970-01-01 00:00:01.161639818,1.161639818,165.29428,0.0,0.0,0.0,0.0,0.0,0.0,0.0,-1.5707964,0.0
1970-01-01 00:00:01.161906327,1.161906327,196.24358,0.0,0.0,0.0,0.0,0.0,0.0,0.0,-1.5707964,0.0
1970-01-01 00:00:01.161943100,1.1619431,163.36606,0.0,0.0,0.0,0.0,0.0,0.0,0.0,-1.5707964,0.0
1970-01-01 00:00:01.162401246,1.162401246,0.0,0.0,0.0,0.0,80.09747,0.0,0.0,0.0,-1.5707964,0.0
1970-01-01 00:00:01.162648352,1.162648352,0.0,0.0,0.0,95.320984,0.0,0.0,0.0,0.0,-1.5707964,0.0
1970-01-01 00:00:01.163252904,1.163252904,147.65657,0.0,0.0,0.0,0.0,0.0,0.0,0.0,-1.5707964,0.0
1970-01-01 00:00:01.163265553,1.163265553,108.09022,0.0,0.0,0.0,0.0,0.0,0.0,0.0,-1.5707964,0.0
1970-01-01 00:00:01.163315254,1.163315254,0.0,89.664986,0.0,0.0,0.0,0.0,0.0,0.0,-1.5707964,0.0
1970-01-01 00:00:01.164025561,1.1640255609999999,0.0,0.0,0.0,274.74615,0.0,0.0,0.0,0.0,-1.5707964,0.0
1970-01-01 00:00:01.164300512,1.164300512,250.99083,0.0,0.0,0.0,0.0,0.0,0.0,0.0,-1.5707964,0.0
1970-01-01 00:00:01.164809141,1.164809141,0.0,123.45937,0.0,0.0,0.0,0.0,0.0,0.0,-1.5707964,0.0
1970-01-01 00:00:01.165112691,1.165112691,190.2604,0.0,0.0,0.0,0.0,0.0,0.0,0.0,-1.5707964,0.0
1970-01-01 00:00:01.165172174,1.165172174,0.0,212.40852,0.0,0.0,0.0,0.0,0.0,0.0,-1.5707964,0.0
1970-01-01 00:00:01.165183791,1.165183791,0.0,88.16219,0.0,0.0,0.0,0.0,0.0,0.0,-1.5707964,0.0
1970-01-01 00:00:01.165220282,1.165220282,0.0,119.68092,0.0,0.0,0.0,0.0,0.0,0.0,-1.5707964,0.0
1970-01-01 00:00:01.165362268,1.165362268,0.0,0.0,0.0,0.0,155.71391,0.0,0.0,0.0,-1.5707964,0.0
1970-01-01 00:00:01.165845373,1.165845373,0.0,0.0,0.0,84.83083,0.0,0.0,0.0,0.0,-1.5707964,0.0
1970-01-01 00:00:01.165994613,1.165994613,80.73472,0.0,0.0,0.0,0.0,0.0,0.0,0.0,-1.5707964,0.0
1970-01-01 00:00:01.166171517,1.166171517,0.0,119.16433,0.0,0.0,0.0,0.0,0.0,0.0,-1.5707964,0.0
1970-01-01 00:00:01.166214419,1.1662144190000001,0.0,0.0,0.0,185.05016,0.0,0.0,0.0,0.0,-1.5707964,0.0
1970-01-01 00:00:01.166455470,1.16645547,0.0,0.0,0.0,177.20662,0.0,0.0,0.0,0.0,-1.5707964,0.0
1970-01-01 00:00:01.166824949,1.166824949,0.0,0.0,0.0,134.66426,0.0,0.0,0.0,0.0,-1.5707964,0.0
1970-01-01 00:00:01.166986635,1.166986635,0.0,0.0,0.0,0.0,182.29784,0.0,0.0,0.0,-1.5707964,0.0
1970-01-01 00:00:01.167009709,1.167009709,0.0,0.0,0.0,235.7819,0.0,0.0,0.0,0.0,-1.5707964,0.0
1970-01-01 00:00:01.167077541,1.167077541,0.0,0.0,0.0,128.05812,0.0,0.0,0.0,0.0,-1.5707964,0.0
1970-01-01 00:00:01.167162893,1.167162893,0.0,0.0,0.0,94.6717,0.0,0.0,0.0,0.0,-1.5707964,0.0
1970-01-01 00:00:01.167184873,1.167184873,111.88055,0.0,0.0,0.0,0.0,0.0,0.0,0.0,-1.5707964,0.0
1970-01-01 00:00:01.167262506,1.167262506,0.0,0.0,0.0,0.0,121.70198,0.0,0.0,0.0,-1.5707964,0.0
1970-01-01 00:00:01.167282757,1.167282757,0.0,217.82599,0.0,0.0,0.0,0.0,0.0,0.0,-1.5707964,0.0
1970-01-01 00:00:01.167452521,1.167452521,0.0,0.0,0.0,0.0,168.22409,0.0,0.0,0.0,-1.5707964,0.0
1970-01-01 00:00:01.167637067,1.167637067,0.0,0.0,0.0,123.46496,0.0,0.0,0.0,0.0,-1.5707964,0.0
1970-01-01 00:00:01.167680710,1.16768071,0.0,0.0,0.0,0.0,117.88624,0.0,0.0,0.0,-1.5707964,0.0
1970-01-01 00:00:01.167922544,1.167922544,0.0,0.0,95.280106,0.0,0.0,0.0,0.0,0.0,-1.5707964,0.0
1970-01-01 00:00:01.168063991,1.168063991,0.0,0.0,0.0,130.38228,0.0,0.0,0.0,0.0,-1.5707964,0.0
1970-01-01 00:00:01.168068362,1.168068362,0.0,0.0,0.0,349.80145,0.0,0.0,0.0,0.0,-1.5707964,0.0
1970-01-01 00:00:01.168129421,1.168129421,0.0,0.0,0.0,167.10542,0.0,0.0,0.0,0.0,-1.5707964,0.0
1970-01-01 00:00:01.168172537,1.168172537,0.0,145.78055,0.0,0.0,0.0,0.0,0.0,0.0,-1.5707964,0.0
1970-01-01 00:00:01.168292701,1.168292701,0.0,0.0,0.0,90.82214,0.0,0.0,0.0,0.0,-1.5707964,0.0
1970-01-01 00:00:01.168334399,1.168334399,187.23685,0.0,0.0,0.0,0.0,0.0,0.0,0.0,-1.5707964,0.0
1970-01-01 00:00:01.168408050,1.16840805,0.0,221.86931,0.0,0.0,0.0,0.0,0.0,0.0,-1.5707964,0.0
1970-01-01 00:00:01.168497944,1.168497944,0.0,0.0,0.0,0.0,130.28644,0.0,0.0,0.0,-1.5707964,0.0
1970-01-01 00:00:01.168558281,1.168558281,0.0,0.0,0.0,0.0,118.95673,0.0,0.0,0.0,-1.5707964,0.0
1970-01-01 00:00:01.168562979,1.168562979,0.0,151.87453,0.0,0.0,0.0,0.0,0.0,0.0,-1.5707964,0.0
1970-01-01 00:00:01.168800364,1.168800364,0.0,0.0,0.0,88.497086,0.0,0.0,0.0,0.0,-1.5707964,0.0
1970-01-01 00:00:01.169085368,1.169085368,0.0,0.0,0.0,0.0,138.8946,0.0,0.0,0.0,-1.5707964,0.0
1970-01-01 00:00:01.169305811,1.169305811,189.18692,0.0,0.0,0.0,0.0,0.0,0.0,0.0,-1.5707964,0.0
1970-01-01 00:00:01.169670079,1.169670079,0.0,206.90178,0.0,0.0,0.0,0.0,0.0,0.0,-1.5707964,0.0
1970-01-01 00:00:01.169700119,1.169700119,0.0,0.0,0.0,0.0,0.0,105.02933,0.0,0.0,-1.5707964,0.0
1970-01-01 00:00:01.169783898,1.169783898,0.0,0.0,0.0,107.64599,0.0,0.0,0.0,0.0,-1.5707964,0.0
1970-01-01 00:00:01.170053869,1.170053869,0.0,85.75226,0.0,0.0,0.0,0.0,0.0,0.0,-1.5707964,0.0
1970-01-01 00:00:01.170148586,1.170148586,0.0,0.0,0.0,80.338196,0.0,0.0,0.0,0.0,-1.5707964,0.0
1970-01-01 00:00:01.170619508,1.170619508,0.0,100.79201,0.0,0.0,0.0,0.0,0.0,0.0,-1.5707964,0.0
1970-01-01 00:00:01.170685587,1.170685587,0.0,98.06049,0.0,0.0,0.0,0.0,0.0,0.0,-1.5707964,0.0
1970-01-01 00:00:01.170873355,1.170873355,0.0,171.43184,0.0,0.0,0.0,0.0,0.0,0.0,-1.5707964,0.0
1970-01-01 00:00:01.170897507,1.170897507,0.0,0.0,0.0,0.0,110.974174,0.0,0.0,0.0,-1.5707964,0.0
1970-01-01 00:00:01.170945178,1.170945178,0.0,285.7263,0.0,0.0,0.0,0.0,0.0,0.0,-1.5707964,0.0
1970-01-01 00:00:01.171092043,1.171092043,0.0,108.66994,0.0,0.0,0.0,0.0,0.0,0.0,-1.5707964,0.0
1970-01-01 00:00:01.171349509,1.1713495090000001,0.0,143.5419,0.0,0.0,0.0,0.0,0.0,0.0,-1.5707964,0.0
1970-01-01 00:00:01.171745343,1.171745343,0.0,125.49538,0.0,0.0,0.0,0.0,0.0,0.0,-1.5707964,0.0
1970-01-01 00:00:01.172113474,1.172113474,0.0,0.0,0.0,0.0,0.0,194.08229,0.0,0.0,-1.5707964,0.0
1970-01-01 00:00:01.172288889,1.172288889,0.0,157.75821,0.0,0.0,0.0,0.0,0.0,0.0,-1.5707964,0.0
1970-01-01 00:00:01.172619929,1.1726199290000001,0.0,153.39711,0.0,0.0,0.0,0.0,0.0,0.0,-1.5707964,0.0
1970-01-01 00:00:01.172825123,1.172825123,0.0,148.05226,0.0,0.0,0.0,0.0,0.0,0.0,-1.5707964,0.0
1970-01-01 00:00:01.173050140,1.17305014,172.6611,0.0,0.0,0.0,0.0,0.0,0.0,0.0,-1.5707964,0.0
1970-01-01 00:00:01.173384355,1.173384355,100.89754,0.0,0.0,0.0,0.0,0.0,0.0,0.0,-1.5707964,0.0
1970-01-01 00:00:01.173385969,1.173385969,0.0,99.519226,0.0,0.0,0.0,0.0,0.0,0.0,-1.5707964,0.0
1970-01-01 00:00:01.173888866,1.173888866,0.0,0.0,0.0,84.25892,0.0,0.0,0.0,0.0,-1.5707964,0.0
1970-01-01 00:00:01.174050845,1.174050845,0.0,384.61157,0.0,0.0,0.0,0.0,0.0,0.0,-1.5707964,0.0
1970-01-01 00:00:01.174102244,1.174102244,88.3195,0.0,0.0,0.0,0.0,0.0,0.0,0.0,-1.5707964,0.0
1970-01-01 00:00:01.174266971,1.174266971,323.30215,0.0,0.0,0.0,0.0,0.0,0.0,0.0,-1.5707964,0.0
1970-01-01 00:00:01.174321897,1.174321897,0.0,134.20348,0.0,0.0,0.0,0.0,0.0,0.0,-1.5707964,0.0
1970-01-01 00:00:01.174400280,1.17440028,0.0,244.96124,0.0,0.0,0.0,0.0,0.0,0.0,-1.5707964,0.0
1970-01-01 00:00:01.174449089,1.174449089,0.0,0.0,0.0,0.0,180.94353,0.0,0.0,0.0,-1.5707964,0.0
1970-01-01 00:00:01.174453434,1.174453434,0.0,0.0,0.0,0.0,268.6527,0.0,0.0,0.0,-1.5707964,0.0
1970-01-01 00:00:01.174590931,1.174590931,0.0,0.0,0.0,0.0,521.45667,0.0,0.0,0.0,-1.5707964,0.0
1970-01-01 00:00:01.174690464,1.174690464,0.0,81.20002,0.0,0.0,0.0,0.0,0.0,0.0,-1.5707964,0.0
1970-01-01 00:00:01.174741532,1.174741532,0.0,0.0,0.0,0.0,113.72735,0.0,0.0,0.0,-1.5707964,0.0
1970-01-01 00:00:01.174842547,1.174842547,95.307106,0.0,0.0,0.0,0.0,0.0,0.0,0.0,-1.5707964,0.0
1970-01-01 00:00:01.174951528,1.174951528,0.0,193.14488,0.0,0.0,0.0,0.0,0.0,0.0,-1.5707964,0.0
1970-01-01 00:00:01.175225423,1.175225423,0.0,0.0,0.0,0.0,91.34981,0.0,0.0,0.0,-1.5707964,0.0
1970-01-01 00:00:01.175418089,1.1754180889999999,0.0,0.0,0.0,0.0,103.024254,0.0,0.0,0.0,-1.5707964,0.0
1970-01-01 00:00:01.175428121,1.175428121,118.22719,0.0,0.0,0.0,0.0,0.0,0.0,0.0,-1.5707964,0.0
1970-01-01 00:00:01.175557974,1.175557974,0.0,0.0,0.0,0.0,86.60677,0.0,0.0,0.0,-1.5707964,0.0
1970-01-01 00:00:01.175939713,1.175939713,0.0,0.0,0.0,0.0,105.3852,0.0,0.0,0.0,-1.5707964,0.0
1970-01-01 00:00:01.176309709,1.176309709,0.0,124.16591,0.0,0.0,0.0,0.0,0.0,0.0,-1.5707964,0.0
1970-01-01 00:00:01.176616484,1.176616484,0.0,0.0,0.0,0.0,97.15167,0.0,0.0,0.0,-1.5707964,0.0
1970-01-01 00:00:01.176682409,1.176682409,0.0,0.0,108.88554,0.0,0.0,0.0,0.0,0.0,-1.5707964,0.0
1970-01-01 00:00:01.176953171,1.176953171,141.67787,0.0,0.0,0.0,0.0,0.0,0.0,0.0,-1.5707964,0.0
1970-01-01 00:00:01.177008878,1.177008878,0.0,122.159164,0.0,0.0,0.0,0.0,0.0,0.0,-1.5707964,0.0
1970-01-01 00:00:01.177021428,1.177021428,0.0,180.0442,0.0,0.0,0.0,0.0,0.0,0.0,-1.5707964,0.0
1970-01-01 00:00:01.177455842,1.177455842,0.0,383.31088,0.0,0.0,0.0,0.0,0.0,0.0,-1.5707964,0.0
1970-01-01 00:00:01.177645105,1.177645105,0.0,0.0,0.0,0.0,100.12276,0.0,0.0,0.0,-1.5707964,0.0
1970-01-01 00:00:01.177658565,1.177658565,0.0,0.0,0.0,212.45146,0.0,0.0,0.0,0.0,-1.5707964,0.0
1970-01-01 00:00:01.177726341,1.177726341,0.0,0.0,0.0,0.0,116.99065,0.0,0.0,0.0,-1.5707964,0.0
1970-01-01 00:00:01.177791346,1.177791346,0.0,304.2144,0.0,0.0,0.0,0.0,0.0,0.0,-1.5707964,0.0
1970-01-01 00:00:01.178064856,1.178064856,0.0,0.0,0.0,142.69037,0.0,0.0,0.0,0.0,-1.5707964,0.0
1970-01-01 00:00:01.178151584,1.178151584,0.0,212.49663,0.0,0.0,0.0,0.0,0.0,0.0,-1.5707964,0.0
1970-01-01 00:00:01.178213246,1.1782132459999999,104.876175,0.0,0.0,0.0,0.0,0.0,0.0,0.0,-1.5707964,0.0
1970-01-01 00:00:01.178355455,1.178355455,0.0,0.0,0.0,0.0,129.7714,0.0,0.0,0.0,-1.5707964,0.0
1970-01-01 00:00:01.178420439,1.178420439,185.58463,0.0,0.0,0.0,0.0,0.0,0.0,0.0,-1.5707964,0.0
1970-01-01 00:00:01.178639659,1.178639659,91.778244,0.0,0.0,0.0,0.0,0.0,0.0,0.0,-1.5707964,0.0
1970-01-01 00:00:01.178757145,1.178757145,0.0,0.0,0.0,0.0,0.0,82.89162,0.0,0.0,-1.5707964,0.0
1970-01-01 00:00:01.178825021,1.178825021,0.0,0.0,0.0,0.0,0.0,142.38495,0.0,0.0,-1.5707964,0.0
1970-01-01 00:00:01.178925428,1.1789254279999999,0.0,0.0,0.0,280.39377,0.0,0.0,0.0,0.0,-1.5707964,0.0
1970-01-01 00:00:01.179176991,1.179176991,0.0,110.66788,0.0,0.0,0.0,0.0,0.0,0.0,-1.5707964,0.0
1970-01-01 00:00:01.179293457,1.179293457,0.0,127.31194,0.0,0.0,0.0,0.0,0.0,0.0,-1.5707964,0.0
1970-01-01 00:00:01.179444902,1.179444902,153.83357,0.0,0.0,0.0,0.0,0.0,0.0,0.0,-1.5707964,0.0
1970-01-01 00:00:01.179573287,1.179573287,0.0,89.17241,0.0,0.0,0.0,0.0,0.0,0.0,-1.5707964,0.0
1970-01-01 00:00:01.179929355,1.179929355,0.0,0.0,0.0,174.79192,0.0,0.0,0.0,0.0,-1.5707964,0.0
1970-01-01 00:00:01.180001918,1.180001918,0.0,0.0,0.0,0.0,101.23637,0.0,0.0,0.0,-1.5707964,0.0
1970-01-01 00:00:01.180091375,1.180091375,0.0,0.0,0.0,0.0,204.33655,0.0,0.0,0.0,-1.5707964,0.0
1970-01-01 00:00:01.180156720,1.18015672,92.88237,0.0,0.0,0.0,0.0,0.0,0.0,0.0,-1.5707964,0.0
1970-01-01 00:00:01.180260909,1.180260909,0.0,0.0,0.0,0.0,152.76888,0.0,0.0,0.0,-1.5707964,0.0
1970-01-01 00:00:01.180267944,1.1802679440000001,0.0,0.0,0.0,130.70813,0.0,0.0,0.0,0.0,-1.5707964,0.0
1970-01-01 00:00:01.180583998,1.180583998,0.0,319.96857,0.0,0.0,0.0,0.0,0.0,0.0,-1.5707964,0.0
1970-01-01 00:00:01.180647534,1.180647534,0.0,0.0,0.0,151.02475,0.0,0.0,0.0,0.0,-1.5707964,0.0
1970-01-01 00:00:01.180673607,1.1806736070000001,0.0,0.0,0.0,0.0,0.0,116.47413,0.0,0.0,-1.5707964,0.0
1970-01-01 00:00:01.180831665,1.180831665,96.914314,0.0,0.0,0.0,0.0,0.0,0.0,0.0,-1.5707964,0.0
1970-01-01 00:00:01.181037925,1.181037925,0.0,117.588776,0.0,0.0,0.0,0.0,0.0,0.0,-1.5707964,0.0
1970-01-01 00:00:01.181126755,1.181126755,0.0,0.0,0.0,186.0163,0.0,0.0,0.0,0.0,-1.5707964,0.0
1970-01-01 00:00:01.181245683,1.181245683,0.0,102.944145,0.0,0.0,0.0,0.0,0.0,0.0,-1.5707964,0.0
1970-01-01 00:00:01.181401165,1.181401165,0.0,0.0,0.0,0.0,152.47714,0.0,0.0,0.0,-1.5707964,0.0
1970-01-01 00:00:01.181438562,1.181438562,91.72609,0.0,0.0,0.0,0.0,0.0,0.0,0.0,-1.5707964,0.0
1970-01-01 00:00:01.181447530,1.18144753,0.0,130.06313,0.0,0.0,0.0,0.0,0.0,0.0,-1.5707964,0.0
1970-01-01 00:00:01.181584263,1.181584263,0.0,158.80238,0.0,0.0,0.0,0.0,0.0,0.0,-1.5707964,0.0
1970-01-01 00:00:01.181894098,1.181894098,105.846504,0.0,0.0,0.0,0.0,0.0,0.0,0.0,-1.5707964,0.0
1970-01-01 00:00:01.182466380,1.18246638,128.283,0.0,0.0,0.0,0.0,0.0,0.0,0.0,-1.5707964,0.0
1970-01-01 00:00:01.182535856,1.1825358559999999,0.0,0.0,0.0,0.0,285.38812,0.0,0.0,0.0,-1.5707964,0.0
1970-01-01 00:00:01.182542146,1.182542146,0.0,0.0,0.0,0.0,152.78519,0.0,0.0,0.0,-1.5707964,0.0
1970-01-01 00:00:01.182619409,1.182619409,0.0,98.56577,0.0,0.0,0.0,0.0,0.0,0.0,-1.5707964,0.0
1970-01-01 00:00:01.182837256,1.182837256,0.0,0.0,0.0,96.158295,0.0,0.0,0.0,0.0,-1.5707964,0.0
1970-01-01 00:00:01.183006121,1.183006121,0.0,96.6828,0.0,0.0,0.0,0.0,0.0,0.0,-1.5707964,0.0
1970-01-01 00:00:01.183089018,1.183089018,0.0,0.0,0.0,0.0,134.7227,0.0,0.0,0.0,-1.5707964,0.0
1970-01-01 00:00:01.183189970,1.18318997,0.0,149.87766,0.0,0.0,0.0,0.0,0.0,0.0,-1.5707964,0.0
1970-01-01 00:00:01.183298887,1.183298887,163.04366,0.0,0.0,0.0,0.0,0.0,0.0,0.0,-1.5707964,0.0
1970-01-01 00:00:01.183418791,1.183418791,0.0,159.73793,0.0,0.0,0.0,0.0,0.0,0.0,-1.5707964,0.0
1970-01-01 00:00:01.183479842,1.1834798420000001,0.0,213.32843,0.0,0.0,0.0,0.0,0.0,0.0,-1.5707964,0.0
1970-01-01 00:00:01.183484555,1.183484555,0.0,187.63666,0.0,0.0,0.0,0.0,0.0,0.0,-1.5707964,0.0
1970-01-01 00:00:01.183741632,1.183741632,0.0,109.28099,0.0,0.0,0.0,0.0,0.0,0.0,-1.5707964,0.0
1970-01-01 00:00:01.183824575,1.183824575,0.0,239.1245,0.0,0.0,0.0,0.0,0.0,0.0,-1.5707964,0.0
1970-01-01 00:00:01.183862043,1.183862043,0.0,0.0,0.0,247.06755,0.0,0.0,0.0,0.0,-1.5707964,0.0
1970-01-01 00:00:01.184001376,1.1840013759999999,96.13315,0.0,0.0,0.0,0.0,0.0,0.0,0.0,-1.5707964,0.0
1970-01-01 00:00:01.184024343,1.184024343,0.0,213.29927,0.0,0.0,0.0,0.0,0.0,0.0,-1.5707964,0.0
1970-01-01 00:00:01.184119589,1.184119589,0.0,0.0,0.0,96.50467,0.0,0.0,0.0,0.0,-1.5707964,0.0
1970-01-01 00:00:01.184240034,1.184240034,0.0,0.0,0.0,83.82921,0.0,0.0,0.0,0.0,-1.5707964,0.0
1970-01-01 00:00:01.184538704,1.184538704,0.0,0.0,0.0,135.00485,0.0,0.0,0.0,0.0,-1.5707964,0.0
1970-01-01 00:00:01.184624023,1.184624023,0.0,182.97884,0.0,0.0,0.0,0.0,0.0,0.0,-1.5707964,0.0
1970-01-01 00:00:01.184710515,1.184710515,0.0,0.0,0.0,0.0,184.04254,0.0,0.0,0.0,-1.5707964,0.0
1970-01-01 00:00:01.184803922,1.184803922,0.0,0.0,0.0,0.0,0.0,91.29014,0.0,0.0,-1.5707964,0.0
1970-01-01 00:00:01.185150874,1.185150874,0.0,0.0,0.0,121.243004,0.0,0.0,0.0,0.0,-1.5707964,0.0
1970-01-01 00:00:01.185188388,1.185188388,0.0,245.875,0.0,0.0,0.0,0.0,0.0,0.0,-1.5707964,0.0
1970-01-01 00:00:01.185370202,1.185370202,0.0,0.0,0.0,0.0,114.51245,0.0,0.0,0.0,-1.5707964,0.0
1970-01-01 00:00:01.185470493,1.185470493,0.0,0.0,0.0,0.0,0.0,157.4239,0.0,0.0,-1.5707964,0.0
1970-01-01 00:00:01.185536195,1.185536195,0.0,0.0,0.0,0.0,100.37484,0.0,0.0,0.0,-1.5707964,0.0
1970-01-01 00:00:01.186002260,1.18600226,0.0,0.0,96.75083,0.0,0.0,0.0,0.0,0.0,-1.5707964,0.0
1970-01-01 00:00:01.186180685,1.186180685,0.0,0.0,0.0,0.0,173.76004,0.0,0.0,0.0,-1.5707964,0.0
1970-01-01 00:00:01.186262532,1.186262532,0.0,0.0,0.0,0.0,338.69574,0.0,0.0,0.0,-1.5707964,0.0
1970-01-01 00:00:01.186300463,1.186300463,0.0,0.0,0.0,0.0,158.59961,0.0,0.0,0.0,-1.5707964,0.0
1970-01-01 00:00:01.186356360,1.18635636,0.0,0.0,0.0,0.0,91.76638,0.0,0.0,0.0,-1.5707964,0.0
1970-01-01 00:00:01.186386108,1.186386108,0.0,109.16987,0.0,0.0,0.0,0.0,0.0,0.0,-1.5707964,0.0
1970-01-01 00:00:01.186691220,1.18669122,0.0,167.52353,0.0,0.0,0.0,0.0,0.0,0.0,-1.5707964,0.0
1970-01-01 00:00:01.186745470,1.18674547,0.0,173.8576,0.0,0.0,0.0,0.0,0.0,0.0,-1.5707964,0.0
1970-01-01 00:00:01.186787689,1.186787689,0.0,97.30138,0.0,0.0,0.0,0.0,0.0,0.0,-1.5707964,0.0
1970-01-01 00:00:01.186987528,1.186987528,0.0,0.0,0.0,128.12878,0.0,0.0,0.0,0.0,-1.5707964,0.0
1970-01-01 00:00:01.187002077,1.187002077,0.0,85.47541,0.0,0.0,0.0,0.0,0.0,0.0,-1.5707964,0.0
1970-01-01 00:00:01.187072006,1.187072006,0.0,0.0,0.0,343.49374,0.0,0.0,0.0,0.0,-1.5707964,0.0
1970-01-01 00:00:01.187146586,1.187146586,0.0,397.30826,0.0,0.0,0.0,0.0,0.0,0.0,-1.5707964,0.0
1970-01-01 00:00:01.187212818,1.187212818,0.0,0.0,0.0,0.0,184.36507,0.0,0.0,0.0,-1.5707964,0.0
1970-01-01 00:00:01.187318216,1.187318216,0.0,0.0,0.0,0.0,93.06607,0.0,0.0,0.0,-1.5707964,0.0
1970-01-01 00:00:01.187321408,1.187321408,109.33406,0.0,0.0,0.0,0.0,0.0,0.0,0.0,-1.5707964,0.0
1970-01-01 00:00:01.187365854,1.187365854,0.0,90.85736,0.0,0.0,0.0,0.0,0.0,0.0,-1.5707964,0.0
1970-01-01 00:00:01.187483127,1.187483127,0.0,0.0,0.0,86.67065,0.0,0.0,0.0,0.0,-1.5707964,0.0
1970-01-01 00:00:01.187555599,1.187555599,0.0,177.20264,0.0,0.0,0.0,0.0,0.0,0.0,-1.5707964,0.0
1970-01-01 00:00:01.187738982,1.187738982,0.0,291.26056,0.0,0.0,0.0,0.0,0.0,0.0,-1.5707964,0.0
1970-01-01 00:00:01.187782829,1.187782829,0.0,166.71248,0.0,0.0,0.0,0.0,0.0,0.0,-1.5707964,0.0
1970-01-01 00:00:01.187799596,1.187799596,0.0,82.764336,0.0,0.0,0.0,0.0,0.0,0.0,-1.5707964,0.0
1970-01-01 00:00:01.188027889,1.188027889,111.41596,0.0,0.0,0.0,0.0,0.0,0.0,0.0,-1.5707964,0.0
1970-01-01 00:00:01.188083393,1.1880833929999999,0.0,0.0,0.0,97.71625,0.0,0.0,0.0,0.0,-1.5707964,0.0
1970-01-01 00:00:01.188201160,1.18820116,0.0,0.0,0.0,0.0,163.67188,0.0,0.0,0.0,-1.5707964,0.0
1970-01-01 00:00:01.188230062,1.188230062,314.9233,0.0,0.0,0.0,0.0,0.0,0.0,0.0,-1.5707964,0.0
1970-01-01 00:00:01.188495989,1.188495989,0.0,0.0,0.0,0.0,97.676346,0.0,0.0,0.0,-1.5707964,0.0
1970-01-01 00:00:01.188514037,1.188514037,0.0,391.27155,0.0,0.0,0.0,0.0,0.0,0.0,-1.5707964,0.0
1970-01-01 00:00:01.188593738,1.188593738,0.0,144.92163,0.0,0.0,0.0,0.0,0.0,0.0,-1.5707964,0.0
1970-01-01 00:00:01.189148895,1.189148895,0.0,103.57486,0.0,0.0,0.0,0.0,0.0,0.0,-1.5707964,0.0
1970-01-01 00:00:01.189454379,1.189454379,133.7564,0.0,0.0,0.0,0.0,0.0,0.0,0.0,-1.5707964,0.0
1970-01-01 00:00:01.189837866,1.189837866,80.27957,0.0,0.0,0.0,0.0,0.0,0.0,0.0,-1.5707964,0.0
1970-01-01 00:00:01.189906835,1.189906835,0.0,0.0,0.0,0.0,345.304,0.0,0.0,0.0,-1.5707964,0.0
1970-01-01 00:00:01.190218446,1.190218446,0.0,173.98476,0.0,0.0,0.0,0.0,0.0,0.0,-1.5707964,0.0
1970-01-01 00:00:01.190431086,1.190431086,0.0,0.0,0.0,0.0,86.8322,0.0,0.0,0.0,-1.5707964,0.0
1970-01-01 00:00:01.190451323,1.190451323,0.0,0.0,0.0,0.0,414.356,0.0,0.0,0.0,-1.5707964,0.0
1970-01-01 00:00:01.190478939,1.1904789390000001,89.10246,0.0,0.0,0.0,0.0,0.0,0.0,0.0,-1.5707964,0.0
1970-01-01 00:00:01.190712768,1.190712768,0.0,0.0,0.0,0.0,111.16735,0.0,0.0,0.0,-1.5707964,0.0
1970-01-01 00:00:01.190949485,1.190949485,0.0,0.0,0.0,0.0,138.73117,0.0,0.0,0.0,-1.5707964,0.0
1970-01-01 00:00:01.191253964,1.191253964,0.0,0.0,0.0,0.0,111.70647,0.0,0.0,0.0,-1.5707964,0.0
1970-01-01 00:00:01.191285883,1.191285883,0.0,112.24096,0.0,0.0,0.0,0.0,0.0,0.0,-1.5707964,0.0
1970-01-01 00:00:01.191385644,1.191385644,0.0,81.335724,0.0,0.0,0.0,0.0,0.0,0.0,-1.5707964,0.0
1970-01-01 00:00:01.191448797,1.191448797,0.0,0.0,0.0,0.0,105.380684,0.0,0.0,0.0,-1.5707964,0.0
1970-01-01 00:00:01.191514826,1.191514826,0.0,0.0,0.0,0.0,142.24564,0.0,0.0,0.0,-1.5707964,0.0
1970-01-01 00:00:01.191676841,1.191676841,0.0,145.95557,0.0,0.0,0.0,0.0,0.0,0.0,-1.5707964,0.0
1970-01-01 00:00:01.192071182,1.192071182,0.0,0.0,0.0,0.0,186.2333,0.0,0.0,0.0,-1.5707964,0.0
1970-01-01 00:00:01.192076369,1.192076369,0.0,217.15419,0.0,0.0,0.0,0.0,0.0,0.0,-1.5707964,0.0
1970-01-01 00:00:01.192305940,1.19230594,0.0,0.0,0.0,216.89534,0.0,0.0,0.0,0.0,-1.5707964,0.0
1970-01-01 00:00:01.192623563,1.192623563,0.0,264.85016,0.0,0.0,0.0,0.0,0.0,0.0,-1.5707964,0.0
1970-01-01 00:00:01.192788304,1.192788304,0.0,179.12093,0.0,0.0,0.0,0.0,0.0,0.0,-1.5707964,0.0
1970-01-01 00:00:01.192900890,1.19290089,0.0,0.0,0.0,95.14146,0.0,0.0,0.0,0.0,-1.5707964,0.0
1970-01-01 00:00:01.192932368,1.192932368,83.35169,0.0,0.0,0.0,0.0,0.0,0.0,0.0,-1.5707964,0.0
1970-01-01 00:00:01.192973141,1.192973141,0.0,166.68828,0.0,0.0,0.0,0.0,0.0,0.0,-1.5707964,0.0
1970-01-01 00:00:01.193023258,1.193023258,0.0,111.85016,0.0,0.0,0.0,0.0,0.0,0.0,-1.5707964,0.0
1970-01-01 00:00:01.193078778,1.193078778,96.27976,0.0,0.0,0.0,0.0,0.0,0.0,0.0,-1.5707964,0.0
1970-01-01 00:00:01.193083668,1.193083668,0.0,0.0,0.0,0.0,138.9798,0.0,0.0,0.0,-1.5707964,0.0
1970-01-01 00:00:01.193121262,1.193121262,0.0,180.75789,0.0,0.0,0.0,0.0,0.0,0.0,-1.5707964,0.0
1970-01-01 00:00:01.193138339,1.1931383389999999,0.0,0.0,0.0,0.0,0.0,278.28714,0.0,0.0,-1.5707964,0.0
1970-01-01 00:00:01.193184548,1.193184548,107.98269,0.0,0.0,0.0,0.0,0.0,0.0,0.0,-1.5707964,0.0
1970-01-01 00:00:01.193221260,1.19322126,0.0,0.0,0.0,247.4897,0.0,0.0,0.0,0.0,-1.5707964,0.0
1970-01-01 00:00:01.193341506,1.1933415059999999,0.0,0.0,0.0,0.0,110.384865,0.0,0.0,0.0,-1.5707964,0.0
1970-01-01 00:00:01.193395454,1.193395454,0.0,0.0,0.0,0.0,248.58943,0.0,0.0,0.0,-1.5707964,0.0
1970-01-01 00:00:01.193435963,1.193435963,0.0,0.0,159.50365,0.0,0.0,0.0,0.0,0.0,-1.5707964,0.0
1970-01-01 00:00:01.193505744,1.193505744,0.0,0.0,0.0,392.45395,0.0,0.0,0.0,0.0,-1.5707964,0.0
1970-01-01 00:00:01.193700065,1.193700065,0.0,0.0,0.0,0.0,0.0,107.77746,0.0,0.0,-1.5707964,0.0
1970-01-01 00:00:01.193913272,1.193913272,0.0,254.78954,0.0,0.0,0.0,0.0,0.0,0.0,-1.5707964,0.0
1970-01-01 00:00:01.194051215,1.194051215,0.0,0.0,0.0,0.0,112.73245,0.0,0.0,0.0,-1.5707964,0.0
1970-01-01 00:00:01.194065400,1.1940654,0.0,81.55444,0.0,0.0,0.0,0.0,0.0,0.0,-1.5707964,0.0
1970-01-01 00:00:01.194101503,1.194101503,0.0,126.70407,0.0,0.0,0.0,0.0,0.0,0.0,-1.5707964,0.0
1970-01-01 00:00:01.194172195,1.194172195,0.0,0.0,0.0,115.6573,0.0,0.0,0.0,0.0,-1.5707964,0.0
1970-01-01 00:00:01.194196169,1.194196169,147.38171,0.0,0.0,0.0,0.0,0.0,0.0,0.0,-1.5707964,0.0
1970-01-01 00:00:01.194196774,1.194196774,0.0,0.0,0.0,0.0,94.346535,0.0,0.0,0.0,-1.5707964,0.0
1970-01-01 00:00:01.194441684,1.194441684,335.44827,0.0,0.0,0.0,0.0,0.0,0.0,0.0,-1.5707964,0.0
1970-01-01 00:00:01.194567451,1.194567451,156.67065,0.0,0.0,0.0,0.0,0.0,0.0,0.0,-1.5707964,0.0
1970-01-01 00:00:01.194680154,1.194680154,0.0,0.0,0.0,0.0,116.418785,0.0,0.0,0.0,-1.5707964,0.0
1970-01-01 00:00:01.194688906,1.194688906,0.0,83.66021,0.0,0.0,0.0,0.0,0.0,0.0,-1.5707964,0.0
1970-01-01 00:00:01.194874393,1.194874393,0.0,173.06668,0.0,0.0,0.0,0.0,0.0,0.0,-1.5707964,0.0
1970-01-01 00:00:01.194963052,1.194963052,0.0,0.0,0.0,0.0,128.85428,0.0,0.0,0.0,-1.5707964,0.0
1970-01-01 00:00:01.195047647,1.195047647,0.0,188.79178,0.0,0.0,0.0,0.0,0.0,0.0,-1.5707964,0.0
1970-01-01 00:00:01.195049269,1.195049269,0.0,185.59778,0.0,0.0,0.0,0.0,0.0,0.0,-1.5707964,0.0
1970-01-01 00:00:01.195058300,1.1950583,81.401276,0.0,0.0,0.0,0.0,0.0,0.0,0.0,-1.5707964,0.0
1970-01-01 00:00:01.195064491,1.1950644910000001,0.0,0.0,0.0,288.70273,0.0,0.0,0.0,0.0,-1.5707964,0.0
1970-01-01 00:00:01.195134831,1.195134831,0.0,0.0,0.0,228.04651,0.0,0.0,0.0,0.0,-1.5707964,0.0
1970-01-01 00:00:01.195357693,1.195357693,0.0,95.84403,0.0,0.0,0.0,0.0,0.0,0.0,-1.5707964,0.0
1970-01-01 00:00:01.195501884,1.195501884,0.0,93.521996,0.0,0.0,0.0,0.0,0.0,0.0,-1.5707964,0.0
1970-01-01 00:00:01.195708277,1.195708277,0.0,0.0,0.0,0.0,0.0,92.13422,0.0,0.0,-1.5707964,0.0
1970-01-01 00:00:01.195799830,1.19579983,0.0,0.0,0.0,0.0,86.4865,0.0,0.0,0.0,-1.5707964,0.0
1970-01-01 00:00:01.196002275,1.1960022750000001,92.42278,0.0,0.0,0.0,0.0,0.0,0.0,0.0,-1.5707964,0.0
1970-01-01 00:00:01.196011975,1.196011975,0.0,0.0,0.0,0.0,84.56231,0.0,0.0,0.0,-1.5707964,0.0
1970-01-01 00:00:01.196068896,1.1960688959999999,0.0,0.0,0.0,0.0,159.01805,0.0,0.0,0.0,-1.5707964,0.0
1970-01-01 00:00:01.196322648,1.196322648,0.0,191.80182,0.0,0.0,0.0,0.0,0.0,0.0,-1.5707964,0.0
1970-01-01 00:00:01.196342615,1.196342615,0.0,255.64088,0.0,0.0,0.0,0.0,0.0,0.0,-1.5707964,0.0
1970-01-01 00:00:01.196546206,1.196546206,0.0,0.0,0.0,186.12651,0.0,0.0,0.0,0.0,-1.5707964,0.0
1970-01-01 00:00:01.196659470,1.19665947,0.0,0.0,0.0,0.0,163.68684,0.0,0.0,0.0,-1.5707964,0.0
1970-01-01 00:00:01.196673279,1.196673279,0.0,0.0,0.0,310.9519,0.0,0.0,0.0,0.0,-1.5707964,0.0
1970-01-01 00:00:01.196701091,1.196701091,0.0,114.094185,0.0,0.0,0.0,0.0,0.0,0.0,-1.5707964,0.0
1970-01-01 00:00:01.196707291,1.196707291,0.0,216.83923,0.0,0.0,0.0,0.0,0.0,0.0,-1.5707964,0.0
1970-01-01 00:00:01.196746229,1.196746229,0.0,0.0,0.0,136.66266,0.0,0.0,0.0,0.0,-1.5707964,0.0
1970-01-01 00:00:01.197030229,1.1970302290000001,0.0,0.0,0.0,0.0,122.00661,0.0,0.0,0.0,-1.5707964,0.0
1970-01-01 00:00:01.197045266,1.197045266,0.0,0.0,0.0,0.0,95.57751,0.0,0.0,0.0,-1.5707964,0.0
1970-01-01 00:00:01.197056884,1.197056884,0.0,0.0,0.0,231.17593,0.0,0.0,0.0,0.0,-1.5707964,0.0
1970-01-01 00:00:01.197130348,1.197130348,0.0,0.0,0.0,108.492355,0.0,0.0,0.0,0.0,-1.5707964,0.0
1970-01-01 00:00:01.197216129,1.197216129,0.0,101.31161,0.0,0.0,0.0,0.0,0.0,0.0,-1.5707964,0.0
1970-01-01 00:00:01.197278854,1.197278854,0.0,0.0,0.0,0.0,85.768776,0.0,0.0,0.0,-1.5707964,0.0
1970-01-01 00:00:01.197447662,1.197447662,0.0,0.0,0.0,491.59845,0.0,0.0,0.0,0.0,-1.5707964,0.0
1970-01-01 00:00:01.197466891,1.197466891,0.0,182.24664,0.0,0.0,0.0,0.0,0.0,0.0,-1.5707964,0.0
1970-01-01 00:00:01.197482799,1.1974827989999999,103.73184,0.0,0.0,0.0,0.0,0.0,0.0,0.0,-1.5707964,0.0
1970-01-01 00:00:01.197497714,1.197497714,0.0,0.0,0.0,0.0,143.0301,0.0,0.0,0.0,-1.5707964,0.0
1970-01-01 00:00:01.197553033,1.197553033,221.13148,0.0,0.0,0.0,0.0,0.0,0.0,0.0,-1.5707964,0.0
1970-01-01 00:00:01.197572179,1.197572179,0.0,0.0,0.0,124.8479,0.0,0.0,0.0,0.0,-1.5707964,0.0
1970-01-01 00:00:01.198226675,1.198226675,0.0,0.0,0.0,0.0,201.39368,0.0,0.0,0.0,-1.5707964,0.0
1970-01-01 00:00:01.198413597,1.198413597,0.0,131.36104,0.0,0.0,0.0,0.0,0.0,0.0,-1.5707964,0.0
1970-01-01 00:00:01.198444881,1.198444881,0.0,0.0,0.0,266.2878,0.0,0.0,0.0,0.0,-1.5707964,0.0
1970-01-01 00:00:01.198659576,1.198659576,0.0,0.0,0.0,0.0,199.92374,0.0,0.0,0.0,-1.5707964,0.0
1970-01-01 00:00:01.198765950,1.19876595,0.0,176.00746,0.0,0.0,0.0,0.0,0.0,0.0,-1.5707964,0.0
1970-01-01 00:00:01.198802958,1.198802958,0.0,0.0,0.0,0.0,159.63078,0.0,0.0,0.0,-1.5707964,0.0
1970-01-01 00:00:01.199014055,1.199014055,0.0,0.0,0.0,0.0,218.88373,0.0,0.0,0.0,-1.5707964,0.0
1970-01-01 00:00:01.199031474,1.199031474,0.0,134.02873,0.0,0.0,0.0,0.0,0.0,0.0,-1.5707964,0.0
1970-01-01 00:00:01.199141464,1.199141464,0.0,0.0,0.0,0.0,172.77524,0.0,0.0,0.0,-1.5707964,0.0
1970-01-01 00:00:01.199283551,1.199283551,0.0,0.0,0.0,0.0,0.0,81.04207,0.0,0.0,-1.5707964,0.0
1970-01-01 00:00:01.199424417,1.199424417,0.0,112.36496,0.0,0.0,0.0,0.0,0.0,0.0,-1.5707964,0.0
1970-01-01 00:00:01.199454322,1.199454322,0.0,89.34718,0.0,0.0,0.0,0.0,0.0,0.0,-1.5707964,0.0
1970-01-01 00:00:01.200060379,1.200060379,0.0,131.02306,0.0,0.0,0.0,0.0,0.0,0.0,-1.5707964,0.0
1970-01-01 00:00:01.200450848,1.200450848,0.0,0.0,0.0,0.0,109.27188,0.0,0.0,0.0,-1.5707964,0.0
1970-01-01 00:00:01.200522485,1.200522485,0.0,0.0,0.0,84.06868,0.0,0.0,0.0,0.0,-1.5707964,0.0
1970-01-01 00:00:01.200598215,1.200598215,0.0,0.0,0.0,0.0,280.34116,0.0,0.0,0.0,-1.5707964,0.0
1970-01-01 00:00:01.200643264,1.200643264,0.0,237.56157,0.0,0.0,0.0,0.0,0.0,0.0,-1.5707964,0.0
1970-01-01 00:00:01.200994689,1.200994689,0.0,0.0,0.0,80.145905,0.0,0.0,0.0,0.0,-1.5707964,0.0
1970-01-01 00:00:01.201258038,1.201258038,0.0,0.0,0.0,0.0,207.88144,0.0,0.0,0.0,-1.5707964,0.0
1970-01-01 00:00:01.201298823,1.201298823,0.0,147.60895,0.0,0.0,0.0,0.0,0.0,0.0,-1.5707964,0.0
1970-01-01 00:00:01.201447746,1.201447746,0.0,0.0,0.0,115.38602,0.0,0.0,0.0,0.0,-1.5707964,0.0
1970-01-01 00:00:01.201521543,1.201521543,0.0,0.0,0.0,0.0,99.10948,0.0,0.0,0.0,-1.5707964,0.0
1970-01-01 00:00:01.201574062,1.201574062,117.64689,0.0,0.0,0.0,0.0,0.0,0.0,0.0,-1.5707964,0.0
1970-01-01 00:00:01.202485787,1.202485787,0.0,0.0,0.0,0.0,84.20185,0.0,0.0,0.0,-1.5707964,0.0
1970-01-01 00:00:01.202501107,1.202501107,0.0,0.0,0.0,0.0,461.8015,0.0,0.0,0.0,-1.5707964,0.0
1970-01-01 00:00:01.202580079,1.202580079,108.08276,0.0,0.0,0.0,0.0,0.0,0.0,0.0,-1.5707964,0.0
1970-01-01 00:00:01.203102030,1.20310203,0.0,0.0,0.0,0.0,0.0,220.50917,0.0,0.0,-1.5707964,0.0
1970-01-01 00:00:01.203170490,1.20317049,0.0,0.0,0.0,0.0,0.0,105.42901,0.0,0.0,-1.5707964,0.0
1970-01-01 00:00:01.203197465,1.203197465,0.0,0.0,0.0,0.0,376.35672,0.0,0.0,0.0,-1.5707964,0.0
1970-01-01 00:00:01.203326706,1.203326706,0.0,0.0,0.0,115.51097,0.0,0.0,0.0,0.0,-1.5707964,0.0
1970-01-01 00:00:01.203379866,1.203379866,0.0,0.0,0.0,84.943184,0.0,0.0,0.0,0.0,-1.5707964,0.0
1970-01-01 00:00:01.203436823,1.203436823,0.0,0.0,0.0,0.0,234.69646,0.0,0.0,0.0,-1.5707964,0.0
1970-01-01 00:00:01.203597367,1.203597367,0.0,0.0,0.0,0.0,138.78256,0.0,0.0,0.0,-1.5707964,0.0
1970-01-01 00:00:01.203634567,1.203634567,0.0,95.27409,0.0,0.0,0.0,0.0,0.0,0.0,-1.5707964,0.0
1970-01-01 00:00:01.203760265,1.203760265,213.54387,0.0,0.0,0.0,0.0,0.0,0.0,0.0,-1.5707964,0.0
1970-01-01 00:00:01.203810019,1.203810019,82.010056,0.0,0.0,0.0,0.0,0.0,0.0,0.0,-1.5707964,0.0
1970-01-01 00:00:01.203847257,1.203847257,0.0,0.0,0.0,121.605156,0.0,0.0,0.0,0.0,-1.5707964,0.0
1970-01-01 00:00:01.203865122,1.203865122,0.0,0.0,0.0,149.299,0.0,0.0,0.0,0.0,-1.5707964,0.0
1970-01-01 00:00:01.203950658,1.2039506580000001,0.0,0.0,0.0,0.0,95.662796,0.0,0.0,0.0,-1.5707964,0.0
1970-01-01 00:00:01.204191182,1.204191182,0.0,368.90265,0.0,0.0,0.0,0.0,0.0,0.0,-1.5707964,0.0
1970-01-01 00:00:01.204192527,1.204192527,0.0,0.0,0.0,0.0,0.0,247.66104,0.0,0.0,-1.5707964,0.0
1970-01-01 00:00:01.204195770,1.20419577,0.0,189.95946,0.0,0.0,0.0,0.0,0.0,0.0,-1.5707964,0.0
1970-01-01 00:00:01.204576408,1.2045764079999999,0.0,82.35339,0.0,0.0,0.0,0.0,0.0,0.0,-1.5707964,0.0
1970-01-01 00:00:01.204814828,1.204814828,0.0,308.0009,0.0,0.0,0.0,0.0,0.0,0.0,-1.5707964,0.0
1970-01-01 00:00:01.204991236,1.204991236,179.3334,0.0,0.0,0.0,0.0,0.0,0.0,0.0,-1.5707964,0.0
1970-01-01 00:00:01.205164540,1.20516454,0.0,156.17368,0.0,0.0,0.0,0.0,0.0,0.0,-1.5707964,0.0
1970-01-01 00:00:01.205567277,1.205567277,0.0,102.191864,0.0,0.0,0.0,0.0,0.0,0.0,-1.5707964,0.0
1970-01-01 00:00:01.205866349,1.205866349,0.0,0.0,0.0,82.18477,0.0,0.0,0.0,0.0,-1.5707964,0.0
1970-01-01 00:00:01.205886043,1.205886043,0.0,0.0,0.0,220.43365,0.0,0.0,0.0,0.0,-1.5707964,0.0
1970-01-01 00:00:01.206145968,1.206145968,0.0,0.0,0.0,0.0,119.599335,0.0,0.0,0.0,-1.5707964,0.0
1970-01-01 00:00:01.206187554,1.206187554,0.0,0.0,0.0,0.0,107.03937,0.0,0.0,0.0,-1.5707964,0.0
1970-01-01 00:00:01.206400478,1.206400478,0.0,0.0,0.0,0.0,142.63667,0.0,0.0,0.0,-1.5707964,0.0
1970-01-01 00:00:01.206505293,1.206505293,108.72138,0.0,0.0,0.0,0.0,0.0,0.0,0.0,-1.5707964,0.0
1970-01-01 00:00:01.206601232,1.206601232,0.0,0.0,0.0,370.39053,0.0,0.0,0.0,0.0,-1.5707964,0.0
1970-01-01 00:00:01.206649158,1.206649158,247.0303,0.0,0.0,0.0,0.0,0.0,0.0,0.0,-1.5707964,0.0
1970-01-01 00:00:01.206686227,1.206686227,0.0,122.80393,0.0,0.0,0.0,0.0,0.0,0.0,-1.5707964,0.0
1970-01-01 00:00:01.206686298,1.206686298,0.0,0.0,0.0,0.0,86.2976,0.0,0.0,0.0,-1.5707964,0.0
1970-01-01 00:00:01.206760866,1.206760866,0.0,0.0,0.0,116.000275,0.0,0.0,0.0,0.0,-1.5707964,0.0
1970-01-01 00:00:01.206781408,1.2067814079999999,0.0,0.0,0.0,145.40485,0.0,0.0,0.0,0.0,-1.5707964,0.0
1970-01-01 00:00:01.206811356,1.206811356,161.44644,0.0,0.0,0.0,0.0,0.0,0.0,0.0,-1.5707964,0.0
1970-01-01 00:00:01.206912593,1.206912593,0.0,107.42431,0.0,0.0,0.0,0.0,0.0,0.0,-1.5707964,0.0
1970-01-01 00:00:01.207061111,1.207061111,0.0,0.0,0.0,0.0,0.0,126.99608,0.0,0.0,-1.5707964,0.0
1970-01-01 00:00:01.207142726,1.207142726,0.0,84.21372,0.0,0.0,0.0,0.0,0.0,0.0,-1.5707964,0.0
1970-01-01 00:00:01.207339577,1.207339577,0.0,0.0,0.0,0.0,120.78314,0.0,0.0,0.0,-1.5707964,0.0
1970-01-01 00:00:01.207453024,1.207453024,0.0,322.83823,0.0,0.0,0.0,0.0,0.0,0.0,-1.5707964,0.0
1970-01-01 00:00:01.207601613,1.207601613,114.00979,0.0,0.0,0.0,0.0,0.0,0.0,0.0,-1.5707964,0.0
1970-01-01 00:00:01.207731571,1.207731571,0.0,0.0,0.0,0.0,119.664185,0.0,0.0,0.0,-1.5707964,0.0
1970-01-01 00:00:01.207732783,1.207732783,195.08423,0.0,0.0,0.0,0.0,0.0,0.0,0.0,-1.5707964,0.0
1970-01-01 00:00:01.207803640,1.20780364,0.0,0.0,0.0,0.0,121.36279,0.0,0.0,0.0,-1.5707964,0.0
1970-01-01 00:00:01.207855531,1.207855531,0.0,0.0,0.0,101.440704,0.0,0.0,0.0,0.0,-1.5707964,0.0
1970-01-01 00:00:01.207872177,1.207872177,0.0,0.0,0.0,0.0,209.28163,0.0,0.0,0.0,-1.5707964,0.0
1970-01-01 00:00:01.207958456,1.207958456,114.06268,0.0,0.0,0.0,0.0,0.0,0.0,0.0,-1.5707964,0.0
1970-01-01 00:00:01.208033428,1.208033428,0.0,104.93245,0.0,0.0,0.0,0.0,0.0,0.0,-1.5707964,0.0
1970-01-01 00:00:01.208079411,1.208079411,197.13055,0.0,0.0,0.0,0.0,0.0,0.0,0.0,-1.5707964,0.0
1970-01-01 00:00:01.208139714,1.208139714,0.0,0.0,0.0,0.0,117.92885,0.0,0.0,0.0,-1.5707964,0.0
1970-01-01 00:00:01.208175731,1.208175731,0.0,0.0,0.0,0.0,144.84981,0.0,0.0,0.0,-1.5707964,0.0
1970-01-01 00:00:01.208209855,1.208209855,0.0,0.0,0.0,0.0,149.21584,0.0,0.0,0.0,-1.5707964,0.0
1970-01-01 00:00:01.208415772,1.208415772,0.0,0.0,0.0,0.0,280.73062,0.0,0.0,0.0,-1.5707964,0.0
1970-01-01 00:00:01.208560724,1.208560724,173.25095,0.0,0.0,0.0,0.0,0.0,0.0,0.0,-1.5707964,0.0
1970-01-01 00:00:01.208577586,1.208577586,0.0,91.482216,0.0,0.0,0.0,0.0,0.0,0.0,-1.5707964,0.0
1970-01-01 00:00:01.208904756,1.208904756,0.0,294.62854,0.0,0.0,0.0,0.0,0.0,0.0,-1.5707964,0.0
1970-01-01 00:00:01.209040471,1.209040471,0.0,0.0,0.0,0.0,128.70555,0.0,0.0,0.0,-1.5707964,0.0
1970-01-01 00:00:01.209345194,1.209345194,0.0,0.0,0.0,0.0,295.9467,0.0,0.0,0.0,-1.5707964,0.0
1970-01-01 00:00:01.209539426,1.209539426,0.0,0.0,0.0,0.0,84.72813,0.0,0.0,0.0,-1.5707964,0.0
1970-01-01 00:00:01.210021987,1.210021987,0.0,0.0,0.0,119.20946,0.0,0.0,0.0,0.0,-1.5707964,0.0
1970-01-01 00:00:01.210084007,1.210084007,0.0,0.0,0.0,0.0,290.38983,0.0,0.0,0.0,-1.5707964,0.0
1970-01-01 00:00:01.210235406,1.210235406,0.0,98.22216,0.0,0.0,0.0,0.0,0.0,0.0,-1.5707964,0.0
1970-01-01 00:00:01.210686652,1.210686652,295.1772,0.0,0.0,0.0,0.0,0.0,0.0,0.0,-1.5707964,0.0
1970-01-01 00:00:01.210942744,1.210942744,0.0,203.2851,0.0,0.0,0.0,0.0,0.0,0.0,-1.5707964,0.0
1970-01-01 00:00:01.211097142,1.211097142,0.0,276.3722,0.0,0.0,0.0,0.0,0.0,0.0,-1.5707964,0.0
1970-01-01 00:00:01.211116112,1.211116112,0.0,0.0,0.0,0.0,94.396095,0.0,0.0,0.0,-1.5707964,0.0
1970-01-01 00:00:01.211210546,1.211210546,0.0,188.19124,0.0,0.0,0.0,0.0,0.0,0.0,-1.5707964,0.0
1970-01-01 00:00:01.211240089,1.211240089,0.0,90.28744,0.0,0.0,0.0,0.0,0.0,0.0,-1.5707964,0.0
1970-01-01 00:00:01.211242579,1.211242579,0.0,0.0,0.0,0.0,0.0,326.33246,0.0,0.0,-1.5707964,0.0
1970-01-01 00:00:01.211303554,1.2113035540000001,88.77899,0.0,0.0,0.0,0.0,0.0,0.0,0.0,-1.5707964,0.0
1970-01-01 00:00:01.211323698,1.211323698,80.71142,0.0,0.0,0.0,0.0,0.0,0.0,0.0,-1.5707964,0.0
1970-01-01 00:00:01.211427029,1.211427029,0.0,353.85043,0.0,0.0,0.0,0.0,0.0,0.0,-1.5707964,0.0
1970-01-01 00:00:01.211442483,1.211442483,0.0,0.0,0.0,83.297554,0.0,0.0,0.0,0.0,-1.5707964,0.0
1970-01-01 00:00:01.211463669,1.211463669,0.0,0.0,0.0,0.0,115.64057,0.0,0.0,0.0,-1.5707964,0.0
1970-01-01 00:00:01.212228873,1.212228873,149.28049,0.0,0.0,0.0,0.0,0.0,0.0,0.0,-1.5707964,0.0
1970-01-01 00:00:01.212281045,1.2122810450000001,0.0,131.94827,0.0,0.0,0.0,0.0,0.0,0.0,-1.5707964,0.0
1970-01-01 00:00:01.212503805,1.2125038049999999,0.0,140.13611,0.0,0.0,0.0,0.0,0.0,0.0,-1.5707964,0.0
1970-01-01 00:00:01.212625800,1.2126258,0.0,0.0,0.0,0.0,127.13881,0.0,0.0,0.0,-1.5707964,0.0
1970-01-01 00:00:01.212658692,1.212658692,119.01347,0.0,0.0,0.0,0.0,0.0,0.0,0.0,-1.5707964,0.0
1970-01-01 00:00:01.212681429,1.212681429,0.0,0.0,0.0,0.0,403.3782,0.0,0.0,0.0,-1.5707964,0.0
1970-01-01 00:00:01.213030080,1.21303008,0.0,95.02611,0.0,0.0,0.0,0.0,0.0,0.0,-1.5707964,0.0
1970-01-01 00:00:01.213198481,1.213198481,144.40985,0.0,0.0,0.0,0.0,0.0,0.0,0.0,-1.5707964,0.0
1970-01-01 00:00:01.213341505,1.213341505,0.0,0.0,0.0,0.0,0.0,280.11816,0.0,0.0,-1.5707964,0.0
1970-01-01 00:00:01.213347389,1.213347389,0.0,0.0,0.0,87.24754,0.0,0.0,0.0,0.0,-1.5707964,0.0
1970-01-01 00:00:01.213398410,1.21339841,266.46713,0.0,0.0,0.0,0.0,0.0,0.0,0.0,-1.5707964,0.0
1970-01-01 00:00:01.213612255,1.213612255,90.2239,0.0,0.0,0.0,0.0,0.0,0.0,0.0,-1.5707964,0.0
1970-01-01 00:00:01.213752941,1.213752941,0.0,0.0,0.0,0.0,341.45312,0.0,0.0,0.0,-1.5707964,0.0
1970-01-01 00:00:01.213816991,1.213816991,0.0,195.65675,0.0,0.0,0.0,0.0,0.0,0.0,-1.5707964,0.0
1970-01-01 00:00:01.213878098,1.213878098,0.0,0.0,0.0,117.78176,0.0,0.0,0.0,0.0,-1.5707964,0.0
1970-01-01 00:00:01.213928069,1.213928069,94.460846,0.0,0.0,0.0,0.0,0.0,0.0,0.0,-1.5707964,0.0
1970-01-01 00:00:01.213975374,1.2139753739999999,0.0,106.56798,0.0,0.0,0.0,0.0,0.0,0.0,-1.5707964,0.0
1970-01-01 00:00:01.213995761,1.213995761,0.0,0.0,0.0,0.0,275.95502,0.0,0.0,0.0,-1.5707964,0.0
1970-01-01 00:00:01.214253574,1.214253574,0.0,143.3101,0.0,0.0,0.0,0.0,0.0,0.0,-1.5707964,0.0
1970-01-01 00:00:01.214384986,1.214384986,0.0,0.0,0.0,465.30746,0.0,0.0,0.0,0.0,-1.5707964,0.0
1970-01-01 00:00:01.214451127,1.214451127,0.0,271.37268,0.0,0.0,0.0,0.0,0.0,0.0,-1.5707964,0.0
1970-01-01 00:00:01.214641144,1.214641144,154.97156,0.0,0.0,0.0,0.0,0.0,0.0,0.0,-1.5707964,0.0
1970-01-01 00:00:01.214697553,1.214697553,0.0,0.0,0.0,0.0,0.0,119.67382,0.0,0.0,-1.5707964,0.0
1970-01-01 00:00:01.214732600,1.2147326,0.0,0.0,0.0,0.0,154.10402,0.0,0.0,0.0,-1.5707964,0.0
1970-01-01 00:00:01.214738272,1.214738272,178.37714,0.0,0.0,0.0,0.0,0.0,0.0,0.0,-1.5707964,0.0
1970-01-01 00:00:01.214935448,1.214935448,0.0,120.52108,0.0,0.0,0.0,0.0,0.0,0.0,-1.5707964,0.0
1970-01-01 00:00:01.215371372,1.215371372,0.0,0.0,0.0,0.0,140.7968,0.0,0.0,0.0,-1.5707964,0.0
1970-01-01 00:00:01.215483385,1.215483385,0.0,0.0,167.75931,0.0,0.0,0.0,0.0,0.0,-1.5707964,0.0
1970-01-01 00:00:01.215537695,1.215537695,83.22925,0.0,0.0,0.0,0.0,0.0,0.0,0.0,-1.5707964,0.0
1970-01-01 00:00:01.215984117,1.215984117,0.0,91.2392,0.0,0.0,0.0,0.0,0.0,0.0,-1.5707964,0.0
1970-01-01 00:00:01.216006050,1.21600605,0.0,0.0,0.0,0.0,85.34953,0.0,0.0,0.0,-1.5707964,0.0
1970-01-01 00:00:01.216100314,1.216100314,0.0,263.8651,0.0,0.0,0.0,0.0,0.0,0.0,-1.5707964,0.0
1970-01-01 00:00:01.216101803,1.216101803,0.0,515.78937,0.0,0.0,0.0,0.0,0.0,0.0,-1.5707964,0.0
1970-01-01 00:00:01.216132324,1.216132324,0.0,87.20879,0.0,0.0,0.0,0.0,0.0,0.0,-1.5707964,0.0
1970-01-01 00:00:01.216365516,1.216365516,0.0,112.27212,0.0,0.0,0.0,0.0,0.0,0.0,-1.5707964,0.0
1970-01-01 00:00:01.216424657,1.216424657,0.0,0.0,0.0,190.46648,0.0,0.0,0.0,0.0,-1.5707964,0.0
1970-01-01 00:00:01.216713029,1.2167130290000001,0.0,0.0,0.0,90.72237,0.0,0.0,0.0,0.0,-1.5707964,0.0
1970-01-01 00:00:01.216820785,1.216820785,0.0,0.0,0.0,308.36194,0.0,0.0,0.0,0.0,-1.5707964,0.0
1970-01-01 00:00:01.217084179,1.217084179,0.0,0.0,0.0,86.25,0.0,0.0,0.0,0.0,-1.5707964,0.0
1970-01-01 00:00:01.217500376,1.217500376,0.0,0.0,0.0,0.0,91.031715,0.0,0.0,0.0,-1.5707964,0.0
1970-01-01 00:00:01.217598860,1.21759886,0.0,0.0,0.0,0.0,239.98927,0.0,0.0,0.0,-1.5707964,0.0
1970-01-01 00:00:01.217863787,1.217863787,0.0,0.0,0.0,0.0,228.90251,0.0,0.0,0.0,-1.5707964,0.0
1970-01-01 00:00:01.218000070,1.21800007,0.0,0.0,0.0,82.6194,0.0,0.0,0.0,0.0,-1.5707964,0.0
1970-01-01 00:00:01.218030052,1.218030052,278.43762,0.0,0.0,0.0,0.0,0.0,0.0,0.0,-1.5707964,0.0
1970-01-01 00:00:01.218141902,1.218141902,0.0,0.0,0.0,0.0,96.393394,0.0,0.0,0.0,-1.5707964,0.0
1970-01-01 00:00:01.218321934,1.218321934,0.0,0.0,0.0,0.0,244.72765,0.0,0.0,0.0,-1.5707964,0.0
1970-01-01 00:00:01.218360784,1.218360784,0.0,0.0,0.0,0.0,98.36352,0.0,0.0,0.0,-1.5707964,0.0
1970-01-01 00:00:01.218361573,1.218361573,0.0,238.635,0.0,0.0,0.0,0.0,0.0,0.0,-1.5707964,0.0
1970-01-01 00:00:01.218521984,1.2185219840000001,0.0,127.26913,0.0,0.0,0.0,0.0,0.0,0.0,-1.5707964,0.0
1970-01-01 00:00:01.218522379,1.218522379,97.41472,0.0,0.0,0.0,0.0,0.0,0.0,0.0,-1.5707964,0.0
1970-01-01 00:00:01.218864381,1.218864381,0.0,0.0,0.0,0.0,0.0,99.88808,0.0,0.0,-1.5707964,0.0
1970-01-01 00:00:01.218928398,1.218928398,0.0,0.0,0.0,138.87337,0.0,0.0,0.0,0.0,-1.5707964,0.0
1970-01-01 00:00:01.218929312,1.218929312,0.0,0.0,0.0,0.0,0.0,412.5086,0.0,0.0,-1.5707964,0.0
1970-01-01 00:00:01.219209707,1.219209707,0.0,169.43465,0.0,0.0,0.0,0.0,0.0,0.0,-1.5707964,0.0
1970-01-01 00:00:01.219277942,1.219277942,0.0,0.0,0.0,0.0,105.77542,0.0,0.0,0.0,-1.5707964,0.0
1970-01-01 00:00:01.219305120,1.21930512,0.0,0.0,0.0,0.0,0.0,203.17398,0.0,0.0,-1.5707964,0.0
1970-01-01 00:00:01.219385244,1.219385244,0.0,215.58777,0.0,0.0,0.0,0.0,0.0,0.0,-1.5707964,0.0
1970-01-01 00:00:01.219448086,1.2194480859999999,0.0,0.0,0.0,0.0,129.53206,0.0,0.0,0.0,-1.5707964,0.0
1970-01-01 00:00:01.219486567,1.219486567,0.0,133.64076,0.0,0.0,0.0,0.0,0.0,0.0,-1.5707964,0.0
1970-01-01 00:00:01.219712985,1.219712985,0.0,0.0,0.0,0.0,0.0,89.58638,0.0,0.0,-1.5707964,0.0
1970-01-01 00:00:01.219759348,1.219759348,0.0,0.0,0.0,0.0,100.716896,0.0,0.0,0.0,-1.5707964,0.0
1970-01-01 00:00:01.219761356,1.219761356,0.0,117.301994,0.0,0.0,0.0,0.0,0.0,0.0,-1.5707964,0.0
1970-01-01 00:00:01.219835274,1.219835274,0.0,0.0,0.0,0.0,177.53178,0.0,0.0,0.0,-1.5707964,0.0
1970-01-01 00:00:01.219899362,1.219899362,0.0,0.0,0.0,0.0,399.33713,0.0,0.0,0.0,-1.5707964,0.0
1970-01-01 00:00:01.219900539,1.219900539,0.0,0.0,0.0,88.72228,0.0,0.0,0.0,0.0,-1.5707964,0.0
1970-01-01 00:00:01.219945914,1.219945914,0.0,0.0,0.0,0.0,105.58131,0.0,0.0,0.0,-1.5707964,0.0
1970-01-01 00:00:01.219952069,1.219952069,0.0,0.0,0.0,0.0,327.40192,0.0,0.0,0.0,-1.5707964,0.0
1970-01-01 00:00:01.219957489,1.219957489,0.0,0.0,0.0,0.0,185.22784,0.0,0.0,0.0,-1.5707964,0.0
1970-01-01 00:00:01.219969121,1.219969121,0.0,0.0,0.0,0.0,235.58748,0.0,0.0,0.0,-1.5707964,0.0
1970-01-01 00:00:01.220034089,1.2200340889999999,0.0,135.68571,0.0,0.0,0.0,0.0,0.0,0.0,-1.5707964,0.0
1970-01-01 00:00:01.220082261,1.220082261,0.0,0.0,167.06125,0.0,0.0,0.0,0.0,0.0,-1.5707964,0.0
1970-01-01 00:00:01.220117981,1.220117981,0.0,81.410065,0.0,0.0,0.0,0.0,0.0,0.0,-1.5707964,0.0
1970-01-01 00:00:01.220135352,1.220135352,115.00292,0.0,0.0,0.0,0.0,0.0,0.0,0.0,-1.5707964,0.0
1970-01-01 00:00:01.220266759,1.220266759,0.0,0.0,0.0,0.0,98.61465,0.0,0.0,0.0,-1.5707964,0.0
1970-01-01 00:00:01.220626620,1.22062662,0.0,80.93049,0.0,0.0,0.0,0.0,0.0,0.0,-1.5707964,0.0
1970-01-01 00:00:01.220781944,1.220781944,0.0,0.0,0.0,91.696304,0.0,0.0,0.0,0.0,-1.5707964,0.0
1970-01-01 00:00:01.220888550,1.22088855,0.0,152.03522,0.0,0.0,0.0,0.0,0.0,0.0,-1.5707964,0.0
1970-01-01 00:00:01.221096397,1.221096397,0.0,0.0,0.0,0.0,166.2301,0.0,0.0,0.0,-1.5707964,0.0
1970-01-01 00:00:01.221166177,1.221166177,0.0,0.0,0.0,0.0,255.47113,0.0,0.0,0.0,-1.5707964,0.0
1970-01-01 00:00:01.221209972,1.221209972,0.0,0.0,0.0,0.0,86.875595,0.0,0.0,0.0,-1.5707964,0.0
1970-01-01 00:00:01.221238813,1.221238813,121.56144,0.0,0.0,0.0,0.0,0.0,0.0,0.0,-1.5707964,0.0
1970-01-01 00:00:01.221272639,1.221272639,0.0,0.0,0.0,0.0,178.0548,0.0,0.0,0.0,-1.5707964,0.0
1970-01-01 00:00:01.221279671,1.221279671,0.0,0.0,0.0,0.0,84.276184,0.0,0.0,0.0,-1.5707964,0.0
1970-01-01 00:00:01.221355636,1.221355636,0.0,118.350334,0.0,0.0,0.0,0.0,0.0,0.0,-1.5707964,0.0
1970-01-01 00:00:01.221390416,1.221390416,144.84746,0.0,0.0,0.0,0.0,0.0,0.0,0.0,-1.5707964,0.0
1970-01-01 00:00:01.221440830,1.22144083,115.84255,0.0,0.0,0.0,0.0,0.0,0.0,0.0,-1.5707964,0.0
1970-01-01 00:00:01.221599913,1.221599913,0.0,81.2085,0.0,0.0,0.0,0.0,0.0,0.0,-1.5707964,0.0
1970-01-01 00:00:01.221610339,1.221610339,0.0,0.0,0.0,120.51832,0.0,0.0,0.0,0.0,-1.5707964,0.0
1970-01-01 00:00:01.221737707,1.221737707,0.0,196.70702,0.0,0.0,0.0,0.0,0.0,0.0,-1.5707964,0.0
1970-01-01 00:00:01.221805631,1.221805631,0.0,90.45421,0.0,0.0,0.0,0.0,0.0,0.0,-1.5707964,0.0
1970-01-01 00:00:01.221883982,1.221883982,0.0,0.0,0.0,0.0,93.38389,0.0,0.0,0.0,-1.5707964,0.0
1970-01-01 00:00:01.221959451,1.221959451,0.0,88.32676,0.0,0.0,0.0,0.0,0.0,0.0,-1.5707964,0.0
1970-01-01 00:00:01.221964233,1.221964233,104.58255,0.0,0.0,0.0,0.0,0.0,0.0,0.0,-1.5707964,0.0
1970-01-01 00:00:01.222142525,1.222142525,0.0,0.0,0.0,0.0,223.13016,0.0,0.0,0.0,-1.5707964,0.0
1970-01-01 00:00:01.222333771,1.222333771,0.0,90.01437,0.0,0.0,0.0,0.0,0.0,0.0,-1.5707964,0.0
1970-01-01 00:00:01.222441266,1.222441266,0.0,117.110115,0.0,0.0,0.0,0.0,0.0,0.0,-1.5707964,0.0
1970-01-01 00:00:01.222671540,1.22267154,0.0,148.63496,0.0,0.0,0.0,0.0,0.0,0.0,-1.5707964,0.0
1970-01-01 00:00:01.222709097,1.222709097,0.0,134.84695,0.0,0.0,0.0,0.0,0.0,0.0,-1.5707964,0.0
1970-01-01 00:00:01.222752561,1.222752561,0.0,85.53448,0.0,0.0,0.0,0.0,0.0,0.0,-1.5707964,0.0
1970-01-01 00:00:01.222834540,1.22283454,94.28536,0.0,0.0,0.0,0.0,0.0,0.0,0.0,-1.5707964,0.0
1970-01-01 00:00:01.222837542,1.222837542,196.9578,0.0,0.0,0.0,0.0,0.0,0.0,0.0,-1.5707964,0.0
1970-01-01 00:00:01.222846106,1.222846106,88.67511,0.0,0.0,0.0,0.0,0.0,0.0,0.0,-1.5707964,0.0
1970-01-01 00:00:01.222861104,1.222861104,0.0,0.0,0.0,0.0,0.0,136.94783,0.0,0.0,-1.5707964,0.0
1970-01-01 00:00:01.222889558,1.2228895579999999,0.0,0.0,0.0,0.0,328.81622,0.0,0.0,0.0,-1.5707964,0.0
1970-01-01 00:00:01.222920235,1.222920235,0.0,93.64701,0.0,0.0,0.0,0.0,0.0,0.0,-1.5707964,0.0
1970-01-01 00:00:01.222941524,1.222941524,205.21419,0.0,0.0,0.0,0.0,0.0,0.0,0.0,-1.5707964,0.0
1970-01-01 00:00:01.222957210,1.22295721,0.0,0.0,0.0,0.0,0.0,200.96123,0.0,0.0,-1.5707964,0.0
1970-01-01 00:00:01.223025811,1.223025811,96.5206,0.0,0.0,0.0,0.0,0.0,0.0,0.0,-1.5707964,0.0
1970-01-01 00:00:01.223120392,1.223120392,0.0,0.0,0.0,0.0,258.68423,0.0,0.0,0.0,-1.5707964,0.0
1970-01-01 00:00:01.223327293,1.223327293,0.0,363.89563,0.0,0.0,0.0,0.0,0.0,0.0,-1.5707964,0.0
1970-01-01 00:00:01.223433760,1.22343376,118.46819,0.0,0.0,0.0,0.0,0.0,0.0,0.0,-1.5707964,0.0
1970-01-01 00:00:01.223717197,1.223717197,258.5321,0.0,0.0,0.0,0.0,0.0,0.0,0.0,-1.5707964,0.0
1970-01-01 00:00:01.223739812,1.223739812,0.0,93.97303,0.0,0.0,0.0,0.0,0.0,0.0,-1.5707964,0.0
1970-01-01 00:00:01.223819435,1.223819435,0.0,118.44412,0.0,0.0,0.0,0.0,0.0,0.0,-1.5707964,0.0
1970-01-01 00:00:01.223912486,1.223912486,0.0,0.0,0.0,0.0,81.04112,0.0,0.0,0.0,-1.5707964,0.0
1970-01-01 00:00:01.224513227,1.224513227,0.0,0.0,0.0,0.0,107.6654,0.0,0.0,0.0,-1.5707964,0.0
1970-01-01 00:00:01.224627552,1.224627552,0.0,0.0,0.0,119.63337,0.0,0.0,0.0,0.0,-1.5707964,0.0
1970-01-01 00:00:01.224702988,1.224702988,0.0,0.0,0.0,0.0,157.60051,0.0,0.0,0.0,-1.5707964,0.0
1970-01-01 00:00:01.224842060,1.22484206,0.0,129.14989,0.0,0.0,0.0,0.0,0.0,0.0,-1.5707964,0.0
1970-01-01 00:00:01.224991685,1.224991685,81.64569,0.0,0.0,0.0,0.0,0.0,0.0,0.0,-1.5707964,0.0
1970-01-01 00:00:01.225036158,1.225036158,108.71492,0.0,0.0,0.0,0.0,0.0,0.0,0.0,-1.5707964,0.0
1970-01-01 00:00:01.225063145,1.225063145,0.0,0.0,0.0,0.0,109.51264,0.0,0.0,0.0,-1.5707964,0.0
1970-01-01 00:00:01.225083094,1.225083094,0.0,0.0,0.0,146.53937,0.0,0.0,0.0,0.0,-1.5707964,0.0
1970-01-01 00:00:01.225177339,1.225177339,0.0,110.220314,0.0,0.0,0.0,0.0,0.0,0.0,-1.5707964,0.0
1970-01-01 00:00:01.225191572,1.225191572,0.0,136.99835,0.0,0.0,0.0,0.0,0.0,0.0,-1.5707964,0.0
1970-01-01 00:00:01.225310238,1.225310238,129.40543,0.0,0.0,0.0,0.0,0.0,0.0,0.0,-1.5707964,0.0
1970-01-01 00:00:01.225458129,1.225458129,0.0,0.0,0.0,188.29309,0.0,0.0,0.0,0.0,-1.5707964,0.0
1970-01-01 00:00:01.225686977,1.225686977,0.0,93.27705,0.0,0.0,0.0,0.0,0.0,0.0,-1.5707964,0.0
1970-01-01 00:00:01.225734930,1.22573493,0.0,0.0,0.0,0.0,141.41666,0.0,0.0,0.0,-1.5707964,0.0
1970-01-01 00:00:01.226330381,1.226330381,0.0,0.0,0.0,0.0,200.96057,0.0,0.0,0.0,-1.5707964,0.0
1970-01-01 00:00:01.226415710,1.22641571,0.0,0.0,0.0,0.0,235.71245,0.0,0.0,0.0,-1.5707964,0.0
1970-01-01 00:00:01.226616038,1.226616038,0.0,0.0,0.0,0.0,95.0124,0.0,0.0,0.0,-1.5707964,0.0
1970-01-01 00:00:01.226688601,1.226688601,0.0,0.0,0.0,0.0,99.00204,0.0,0.0,0.0,-1.5707964,0.0
1970-01-01 00:00:01.226772043,1.226772043,0.0,0.0,0.0,0.0,365.2247,0.0,0.0,0.0,-1.5707964,0.0
1970-01-01 00:00:01.227063650,1.22706365,0.0,0.0,0.0,141.52148,0.0,0.0,0.0,0.0,-1.5707964,0.0
1970-01-01 00:00:01.227203338,1.227203338,0.0,84.22752,0.0,0.0,0.0,0.0,0.0,0.0,-1.5707964,0.0
1970-01-01 00:00:01.227559572,1.227559572,0.0,0.0,0.0,0.0,130.50136,0.0,0.0,0.0,-1.5707964,0.0
1970-01-01 00:00:01.227676895,1.227676895,0.0,87.43449,0.0,0.0,0.0,0.0,0.0,0.0,-1.5707964,0.0
1970-01-01 00:00:01.227903183,1.227903183,0.0,0.0,0.0,107.31842,0.0,0.0,0.0,0.0,-1.5707964,0.0
1970-01-01 00:00:01.228477354,1.228477354,0.0,0.0,0.0,0.0,92.24586,0.0,0.0,0.0,-1.5707964,0.0
1970-01-01 00:00:01.228634648,1.2286346479999999,0.0,0.0,105.357544,0.0,0.0,0.0,0.0,0.0,-1.5707964,0.0
1970-01-01 00:00:01.229089093,1.229089093,0.0,0.0,0.0,0.0,171.85272,0.0,0.0,0.0,-1.5707964,0.0
1970-01-01 00:00:01.229364738,1.2293647380000001,0.0,0.0,0.0,0.0,254.87141,0.0,0.0,0.0,-1.5707964,0.0
1970-01-01 00:00:01.229438536,1.229438536,0.0,107.99047,0.0,0.0,0.0,0.0,0.0,0.0,-1.5707964,0.0
1970-01-01 00:00:01.229471535,1.229471535,0.0,175.71861,0.0,0.0,0.0,0.0,0.0,0.0,-1.5707964,0.0
1970-01-01 00:00:01.229571767,1.229571767,254.50627,0.0,0.0,0.0,0.0,0.0,0.0,0.0,-1.5707964,0.0
1970-01-01 00:00:01.229597475,1.229597475,0.0,377.7776,0.0,0.0,0.0,0.0,0.0,0.0,-1.5707964,0.0
1970-01-01 00:00:01.229611687,1.229611687,0.0,242.44739,0.0,0.0,0.0,0.0,0.0,0.0,-1.5707964,0.0
1970-01-01 00:00:01.229828003,1.229828003,0.0,0.0,0.0,0.0,165.63336,0.0,0.0,0.0,-1.5707964,0.0
1970-01-01 00:00:01.229937609,1.229937609,0.0,0.0,0.0,0.0,0.0,279.08856,0.0,0.0,-1.5707964,0.0
1970-01-01 00:00:01.230288362,1.230288362,0.0,0.0,0.0,0.0,153.77994,0.0,0.0,0.0,-1.5707964,0.0
1970-01-01 00:00:01.230548431,1.2305484309999999,0.0,0.0,0.0,0.0,133.97632,0.0,0.0,0.0,-1.5707964,0.0
1970-01-01 00:00:01.230588656,1.2305886560000001,0.0,150.50012,0.0,0.0,0.0,0.0,0.0,0.0,-1.5707964,0.0
1970-01-01 00:00:01.230653886,1.230653886,0.0,0.0,0.0,0.0,86.31278,0.0,0.0,0.0,-1.5707964,0.0
1970-01-01 00:00:01.230754566,1.2307545659999999,240.58786,0.0,0.0,0.0,0.0,0.0,0.0,0.0,-1.5707964,0.0
1970-01-01 00:00:01.230879624,1.230879624,0.0,0.0,0.0,90.056725,0.0,0.0,0.0,0.0,-1.5707964,0.0
1970-01-01 00:00:01.231004422,1.231004422,0.0,99.645966,0.0,0.0,0.0,0.0,0.0,0.0,-1.5707964,0.0
1970-01-01 00:00:01.231081140,1.23108114,0.0,0.0,0.0,0.0,359.0573,0.0,0.0,0.0,-1.5707964,0.0
1970-01-01 00:00:01.231140756,1.231140756,256.7666,0.0,0.0,0.0,0.0,0.0,0.0,0.0,-1.5707964,0.0
1970-01-01 00:00:01.231159958,1.231159958,445.50705,0.0,0.0,0.0,0.0,0.0,0.0,0.0,-1.5707964,0.0
1970-01-01 00:00:01.231302281,1.231302281,0.0,0.0,0.0,231.39394,0.0,0.0,0.0,0.0,-1.5707964,0.0
1970-01-01 00:00:01.231372567,1.231372567,0.0,82.43129,0.0,0.0,0.0,0.0,0.0,0.0,-1.5707964,0.0
1970-01-01 00:00:01.231669134,1.231669134,0.0,0.0,0.0,0.0,119.262405,0.0,0.0,0.0,-1.5707964,0.0
1970-01-01 00:00:01.231836252,1.231836252,0.0,0.0,0.0,0.0,319.4854,0.0,0.0,0.0,-1.5707964,0.0
1970-01-01 00:00:01.231847934,1.231847934,125.75695,0.0,0.0,0.0,0.0,0.0,0.0,0.0,-1.5707964,0.0
1970-01-01 00:00:01.232010959,1.232010959,159.54048,0.0,0.0,0.0,0.0,0.0,0.0,0.0,-1.5707964,0.0
1970-01-01 00:00:01.232043349,1.232043349,0.0,122.15298,0.0,0.0,0.0,0.0,0.0,0.0,-1.5707964,0.0
1970-01-01 00:00:01.232528674,1.232528674,106.434074,0.0,0.0,0.0,0.0,0.0,0.0,0.0,-1.5707964,0.0
1970-01-01 00:00:01.232676337,1.232676337,0.0,136.80118,0.0,0.0,0.0,0.0,0.0,0.0,-1.5707964,0.0
1970-01-01 00:00:01.232699026,1.232699026,0.0,94.05762,0.0,0.0,0.0,0.0,0.0,0.0,-1.5707964,0.0
1970-01-01 00:00:01.232836898,1.232836898,390.68832,0.0,0.0,0.0,0.0,0.0,0.0,0.0,-1.5707964,0.0
1970-01-01 00:00:01.232935883,1.2329358830000001,0.0,0.0,0.0,0.0,165.20914,0.0,0.0,0.0,-1.5707964,0.0
1970-01-01 00:00:01.233058996,1.233058996,0.0,0.0,0.0,0.0,304.87772,0.0,0.0,0.0,-1.5707964,0.0
1970-01-01 00:00:01.233164086,1.233164086,0.0,0.0,0.0,0.0,0.0,190.79924,0.0,0.0,-1.5707964,0.0
1970-01-01 00:00:01.233231424,1.233231424,0.0,0.0,0.0,337.21222,0.0,0.0,0.0,0.0,-1.5707964,0.0
1970-01-01 00:00:01.233286367,1.233286367,0.0,161.03137,0.0,0.0,0.0,0.0,0.0,0.0,-1.5707964,0.0
1970-01-01 00:00:01.233380444,1.233380444,0.0,117.813705,0.0,0.0,0.0,0.0,0.0,0.0,-1.5707964,0.0
1970-01-01 00:00:01.233474662,1.2334746619999999,383.28662,0.0,0.0,0.0,0.0,0.0,0.0,0.0,-1.5707964,0.0
1970-01-01 00:00:01.233528562,1.233528562,0.0,0.0,0.0,0.0,82.158806,0.0,0.0,0.0,-1.5707964,0.0
1970-01-01 00:00:01.233612215,1.233612215,0.0,0.0,0.0,0.0,147.32405,0.0,0.0,0.0,-1.5707964,0.0
1970-01-01 00:00:01.233641045,1.233641045,0.0,0.0,0.0,0.0,174.91891,0.0,0.0,0.0,-1.5707964,0.0
1970-01-01 00:00:01.233722230,1.23372223,0.0,0.0,0.0,0.0,120.79758,0.0,0.0,0.0,-1.5707964,0.0
1970-01-01 00:00:01.233778220,1.23377822,230.43655,0.0,0.0,0.0,0.0,0.0,0.0,0.0,-1.5707964,0.0
1970-01-01 00:00:01.233778228,1.233778228,0.0,98.71528,0.0,0.0,0.0,0.0,0.0,0.0,-1.5707964,0.0
1970-01-01 00:00:01.234026078,1.234026078,0.0,128.87556,0.0,0.0,0.0,0.0,0.0,0.0,-1.5707964,0.0
1970-01-01 00:00:01.234120316,1.234120316,0.0,107.64317,0.0,0.0,0.0,0.0,0.0,0.0,-1.5707964,0.0
1970-01-01 00:00:01.234540742,1.234540742,0.0,172.29663,0.0,0.0,0.0,0.0,0.0,0.0,-1.5707964,0.0
1970-01-01 00:00:01.234584529,1.234584529,0.0,0.0,0.0,106.74627,0.0,0.0,0.0,0.0,-1.5707964,0.0
1970-01-01 00:00:01.234643893,1.2346438929999999,0.0,0.0,0.0,0.0,0.0,347.10876,0.0,0.0,-1.5707964,0.0
1970-01-01 00:00:01.234653544,1.234653544,0.0,0.0,0.0,0.0,176.18298,0.0,0.0,0.0,-1.5707964,0.0
1970-01-01 00:00:01.234712570,1.2347125700000001,199.65286,0.0,0.0,0.0,0.0,0.0,0.0,0.0,-1.5707964,0.0
1970-01-01 00:00:01.234877660,1.23487766,0.0,0.0,0.0,80.60671,0.0,0.0,0.0,0.0,-1.5707964,0.0
1970-01-01 00:00:01.234995911,1.234995911,0.0,100.16621,0.0,0.0,0.0,0.0,0.0,0.0,-1.5707964,0.0
1970-01-01 00:00:01.235047593,1.235047593,0.0,0.0,0.0,0.0,112.95616,0.0,0.0,0.0,-1.5707964,0.0
1970-01-01 00:00:01.235178210,1.23517821,0.0,0.0,0.0,0.0,161.78104,0.0,0.0,0.0,-1.5707964,0.0
1970-01-01 00:00:01.235357117,1.235357117,152.26591,0.0,0.0,0.0,0.0,0.0,0.0,0.0,-1.5707964,0.0
1970-01-01 00:00:01.235422450,1.23542245,0.0,278.41476,0.0,0.0,0.0,0.0,0.0,0.0,-1.5707964,0.0
1970-01-01 00:00:01.235591234,1.235591234,0.0,176.42633,0.0,0.0,0.0,0.0,0.0,0.0,-1.5707964,0.0
1970-01-01 00:00:01.235682479,1.235682479,0.0,0.0,0.0,141.1382,0.0,0.0,0.0,0.0,-1.5707964,0.0
1970-01-01 00:00:01.235778628,1.235778628,0.0,0.0,130.51157,0.0,0.0,0.0,0.0,0.0,-1.5707964,0.0
1970-01-01 00:00:01.235826419,1.235826419,168.15341,0.0,0.0,0.0,0.0,0.0,0.0,0.0,-1.5707964,0.0
1970-01-01 00:00:01.235896403,1.235896403,0.0,0.0,169.70964,0.0,0.0,0.0,0.0,0.0,-1.5707964,0.0
1970-01-01 00:00:01.236048749,1.236048749,0.0,87.033226,0.0,0.0,0.0,0.0,0.0,0.0,-1.5707964,0.0
1970-01-01 00:00:01.236213891,1.236213891,0.0,327.42813,0.0,0.0,0.0,0.0,0.0,0.0,-1.5707964,0.0
1970-01-01 00:00:01.236222785,1.236222785,0.0,175.69319,0.0,0.0,0.0,0.0,0.0,0.0,-1.5707964,0.0
1970-01-01 00:00:01.236398463,1.236398463,0.0,0.0,0.0,0.0,0.0,205.99397,0.0,0.0,-1.5707964,0.0
1970-01-01 00:00:01.236529994,1.236529994,0.0,94.15168,0.0,0.0,0.0,0.0,0.0,0.0,-1.5707964,0.0
1970-01-01 00:00:01.236545070,1.23654507,101.53157,0.0,0.0,0.0,0.0,0.0,0.0,0.0,-1.5707964,0.0
1970-01-01 00:00:01.236686785,1.236686785,0.0,197.16246,0.0,0.0,0.0,0.0,0.0,0.0,-1.5707964,0.0
1970-01-01 00:00:01.236692314,1.236692314,99.042984,0.0,0.0,0.0,0.0,0.0,0.0,0.0,-1.5707964,0.0
1970-01-01 00:00:01.237188770,1.23718877,0.0,188.72543,0.0,0.0,0.0,0.0,0.0,0.0,-1.5707964,0.0
1970-01-01 00:00:01.237217136,1.237217136,0.0,0.0,0.0,0.0,302.02805,0.0,0.0,0.0,-1.5707964,0.0
1970-01-01 00:00:01.237997307,1.237997307,0.0,88.90772,0.0,0.0,0.0,0.0,0.0,0.0,-1.5707964,0.0
1970-01-01 00:00:01.237999893,1.237999893,0.0,271.53937,0.0,0.0,0.0,0.0,0.0,0.0,-1.5707964,0.0
1970-01-01 00:00:01.238157778,1.238157778,0.0,0.0,0.0,177.3071,0.0,0.0,0.0,0.0,-1.5707964,0.0
1970-01-01 00:00:01.238406181,1.238406181,0.0,0.0,0.0,0.0,94.265,0.0,0.0,0.0,-1.5707964,0.0
1970-01-01 00:00:01.238780082,1.238780082,0.0,222.13106,0.0,0.0,0.0,0.0,0.0,0.0,-1.5707964,0.0
1970-01-01 00:00:01.238912973,1.238912973,0.0,0.0,0.0,0.0,106.20097,0.0,0.0,0.0,-1.5707964,0.0
1970-01-01 00:00:01.239185245,1.239185245,129.06102,0.0,0.0,0.0,0.0,0.0,0.0,0.0,-1.5707964,0.0
1970-01-01 00:00:01.239202421,1.2392024209999999,0.0,0.0,0.0,161.55653,0.0,0.0,0.0,0.0,-1.5707964,0.0
1970-01-01 00:00:01.239238469,1.239238469,0.0,0.0,0.0,0.0,209.63927,0.0,0.0,0.0,-1.5707964,0.0
1970-01-01 00:00:01.239307672,1.239307672,0.0,0.0,0.0,0.0,93.4476,0.0,0.0,0.0,-1.5707964,0.0
1970-01-01 00:00:01.239534867,1.239534867,0.0,0.0,0.0,0.0,115.192696,0.0,0.0,0.0,-1.5707964,0.0
1970-01-01 00:00:01.239929961,1.239929961,174.9866,0.0,0.0,0.0,0.0,0.0,0.0,0.0,-1.5707964,0.0
1970-01-01 00:00:01.240083139,1.240083139,0.0,0.0,0.0,164.36905,0.0,0.0,0.0,0.0,-1.5707964,0.0
1970-01-01 00:00:01.240361727,1.240361727,0.0,0.0,200.42111,0.0,0.0,0.0,0.0,0.0,-1.5707964,0.0
1970-01-01 00:00:01.240544516,1.240544516,0.0,0.0,0.0,172.70209,0.0,0.0,0.0,0.0,-1.5707964,0.0
1970-01-01 00:00:01.240643707,1.240643707,0.0,0.0,0.0,0.0,170.70961,0.0,0.0,0.0,-1.5707964,0.0
1970-01-01 00:00:01.240742532,1.240742532,0.0,109.65146,0.0,0.0,0.0,0.0,0.0,0.0,-1.5707964,0.0
1970-01-01 00:00:01.240847565,1.240847565,0.0,154.1553,0.0,0.0,0.0,0.0,0.0,0.0,-1.5707964,0.0
1970-01-01 00:00:01.240892962,1.240892962,133.73161,0.0,0.0,0.0,0.0,0.0,0.0,0.0,-1.5707964,0.0
1970-01-01 00:00:01.241297307,1.241297307,0.0,80.634926,0.0,0.0,0.0,0.0,0.0,0.0,-1.5707964,0.0
1970-01-01 00:00:01.241474515,1.241474515,194.48941,0.0,0.0,0.0,0.0,0.0,0.0,0.0,-1.5707964,0.0
1970-01-01 00:00:01.241515328,1.241515328,122.87599,0.0,0.0,0.0,0.0,0.0,0.0,0.0,-1.5707964,0.0
1970-01-01 00:00:01.241725642,1.241725642,0.0,98.47157,0.0,0.0,0.0,0.0,0.0,0.0,-1.5707964,0.0
1970-01-01 00:00:01.241731139,1.241731139,0.0,0.0,0.0,88.142235,0.0,0.0,0.0,0.0,-1.5707964,0.0
1970-01-01 00:00:01.241786473,1.241786473,0.0,85.95272,0.0,0.0,0.0,0.0,0.0,0.0,-1.5707964,0.0
1970-01-01 00:00:01.242125086,1.242125086,133.28822,0.0,0.0,0.0,0.0,0.0,0.0,0.0,-1.5707964,0.0
1970-01-01 00:00:01.242148155,1.242148155,0.0,0.0,0.0,0.0,138.92096,0.0,0.0,0.0,-1.5707964,0.0
1970-01-01 00:00:01.242316441,1.242316441,0.0,0.0,0.0,0.0,136.64835,0.0,0.0,0.0,-1.5707964,0.0
1970-01-01 00:00:01.242357791,1.2423577909999999,0.0,111.51805,0.0,0.0,0.0,0.0,0.0,0.0,-1.5707964,0.0
1970-01-01 00:00:01.242518216,1.2425182160000001,0.0,83.13061,0.0,0.0,0.0,0.0,0.0,0.0,-1.5707964,0.0
1970-01-01 00:00:01.242595329,1.242595329,0.0,0.0,0.0,229.22336,0.0,0.0,0.0,0.0,-1.5707964,0.0
1970-01-01 00:00:01.242634234,1.242634234,0.0,205.68852,0.0,0.0,0.0,0.0,0.0,0.0,-1.5707964,0.0
1970-01-01 00:00:01.242916995,1.242916995,0.0,290.04123,0.0,0.0,0.0,0.0,0.0,0.0,-1.5707964,0.0
1970-01-01 00:00:01.243066957,1.243066957,0.0,0.0,0.0,0.0,111.625984,0.0,0.0,0.0,-1.5707964,0.0
1970-01-01 00:00:01.243143007,1.243143007,185.6765,0.0,0.0,0.0,0.0,0.0,0.0,0.0,-1.5707964,0.0
1970-01-01 00:00:01.243469962,1.243469962,0.0,97.756775,0.0,0.0,0.0,0.0,0.0,0.0,-1.5707964,0.0
1970-01-01 00:00:01.243953180,1.24395318,0.0,97.67782,0.0,0.0,0.0,0.0,0.0,0.0,-1.5707964,0.0
1970-01-01 00:00:01.244237411,1.244237411,0.0,111.427864,0.0,0.0,0.0,0.0,0.0,0.0,-1.5707964,0.0
1970-01-01 00:00:01.244385750,1.24438575,0.0,0.0,0.0,0.0,0.0,114.61913,0.0,0.0,-1.5707964,0.0
1970-01-01 00:00:01.244614374,1.244614374,0.0,0.0,0.0,307.06976,0.0,0.0,0.0,0.0,-1.5707964,0.0
1970-01-01 00:00:01.245154272,1.245154272,0.0,0.0,0.0,106.43749,0.0,0.0,0.0,0.0,-1.5707964,0.0
1970-01-01 00:00:01.245213093,1.245213093,172.31451,0.0,0.0,0.0,0.0,0.0,0.0,0.0,-1.5707964,0.0
1970-01-01 00:00:01.245220947,1.245220947,86.82235,0.0,0.0,0.0,0.0,0.0,0.0,0.0,-1.5707964,0.0
1970-01-01 00:00:01.245287867,1.245287867,0.0,208.56308,0.0,0.0,0.0,0.0,0.0,0.0,-1.5707964,0.0
1970-01-01 00:00:01.245316792,1.2453167920000001,0.0,0.0,0.0,0.0,87.01393,0.0,0.0,0.0,-1.5707964,0.0
1970-01-01 00:00:01.245430472,1.245430472,0.0,0.0,0.0,0.0,97.32534,0.0,0.0,0.0,-1.5707964,0.0
1970-01-01 00:00:01.245510139,1.245510139,0.0,0.0,0.0,110.60251,0.0,0.0,0.0,0.0,-1.5707964,0.0
1970-01-01 00:00:01.245542166,1.245542166,0.0,162.58806,0.0,0.0,0.0,0.0,0.0,0.0,-1.5707964,0.0
1970-01-01 00:00:01.245664012,1.245664012,247.79344,0.0,0.0,0.0,0.0,0.0,0.0,0.0,-1.5707964,0.0
1970-01-01 00:00:01.245729534,1.245729534,105.01167,0.0,0.0,0.0,0.0,0.0,0.0,0.0,-1.5707964,0.0
1970-01-01 00:00:01.245811891,1.245811891,0.0,0.0,0.0,143.13557,0.0,0.0,0.0,0.0,-1.5707964,0.0
1970-01-01 00:00:01.245854503,1.245854503,241.38676,0.0,0.0,0.0,0.0,0.0,0.0,0.0,-1.5707964,0.0
1970-01-01 00:00:01.246009582,1.2460095820000001,0.0,105.88902,0.0,0.0,0.0,0.0,0.0,0.0,-1.5707964,0.0
1970-01-01 00:00:01.246011841,1.246011841,0.0,0.0,0.0,0.0,81.939674,0.0,0.0,0.0,-1.5707964,0.0
1970-01-01 00:00:01.246060373,1.246060373,171.47964,0.0,0.0,0.0,0.0,0.0,0.0,0.0,-1.5707964,0.0
1970-01-01 00:00:01.246259323,1.246259323,0.0,0.0,0.0,0.0,310.25995,0.0,0.0,0.0,-1.5707964,0.0
1970-01-01 00:00:01.246266981,1.246266981,0.0,0.0,0.0,0.0,110.57475,0.0,0.0,0.0,-1.5707964,0.0
1970-01-01 00:00:01.246471363,1.246471363,0.0,0.0,0.0,268.8789,0.0,0.0,0.0,0.0,-1.5707964,0.0
1970-01-01 00:00:01.246665307,1.246665307,0.0,0.0,0.0,0.0,144.28139,0.0,0.0,0.0,-1.5707964,0.0
1970-01-01 00:00:01.246783662,1.246783662,0.0,102.14147,0.0,0.0,0.0,0.0,0.0,0.0,-1.5707964,0.0
1970-01-01 00:00:01.246833403,1.2468334030000001,0.0,0.0,0.0,0.0,93.37441,0.0,0.0,0.0,-1.5707964,0.0
1970-01-01 00:00:01.246857227,1.246857227,0.0,145.79253,0.0,0.0,0.0,0.0,0.0,0.0,-1.5707964,0.0
1970-01-01 00:00:01.246953242,1.246953242,0.0,0.0,0.0,0.0,123.92465,0.0,0.0,0.0,-1.5707964,0.0
1970-01-01 00:00:01.246957013,1.246957013,0.0,422.1288,0.0,0.0,0.0,0.0,0.0,0.0,-1.5707964,0.0
1970-01-01 00:00:01.246996221,1.246996221,0.0,0.0,0.0,0.0,239.42616,0.0,0.0,0.0,-1.5707964,0.0
1970-01-01 00:00:01.247187554,1.247187554,0.0,160.12248,0.0,0.0,0.0,0.0,0.0,0.0,-1.5707964,0.0
1970-01-01 00:00:01.247355669,1.247355669,0.0,0.0,0.0,145.02046,0.0,0.0,0.0,0.0,-1.5707964,0.0
1970-01-01 00:00:01.247728256,1.247728256,0.0,0.0,124.63502,0.0,0.0,0.0,0.0,0.0,-1.5707964,0.0
1970-01-01 00:00:01.247817397,1.247817397,82.46814,0.0,0.0,0.0,0.0,0.0,0.0,0.0,-1.5707964,0.0
1970-01-01 00:00:01.247854700,1.2478547,0.0,0.0,0.0,93.89281,0.0,0.0,0.0,0.0,-1.5707964,0.0
1970-01-01 00:00:01.247914496,1.247914496,98.16906,0.0,0.0,0.0,0.0,0.0,0.0,0.0,-1.5707964,0.0
1970-01-01 00:00:01.248034268,1.248034268,0.0,0.0,0.0,122.321785,0.0,0.0,0.0,0.0,-1.5707964,0.0
1970-01-01 00:00:01.248390149,1.248390149,0.0,142.63116,0.0,0.0,0.0,0.0,0.0,0.0,-1.5707964,0.0
1970-01-01 00:00:01.248427681,1.248427681,0.0,0.0,0.0,0.0,152.54414,0.0,0.0,0.0,-1.5707964,0.0
1970-01-01 00:00:01.248511054,1.248511054,0.0,0.0,0.0,0.0,92.282166,0.0,0.0,0.0,-1.5707964,0.0
1970-01-01 00:00:01.248815671,1.248815671,0.0,0.0,0.0,0.0,90.211044,0.0,0.0,0.0,-1.5707964,0.0
1970-01-01 00:00:01.248861858,1.248861858,257.2049,0.0,0.0,0.0,0.0,0.0,0.0,0.0,-1.5707964,0.0
1970-01-01 00:00:01.248942424,1.248942424,0.0,146.54877,0.0,0.0,0.0,0.0,0.0,0.0,-1.5707964,0.0
1970-01-01 00:00:01.249157399,1.249157399,242.10983,0.0,0.0,0.0,0.0,0.0,0.0,0.0,-1.5707964,0.0
1970-01-01 00:00:01.249198718,1.249198718,0.0,141.14851,0.0,0.0,0.0,0.0,0.0,0.0,-1.5707964,0.0
1970-01-01 00:00:01.249307423,1.249307423,0.0,100.549576,0.0,0.0,0.0,0.0,0.0,0.0,-1.5707964,0.0
1970-01-01 00:00:01.249388933,1.249388933,0.0,168.53627,0.0,0.0,0.0,0.0,0.0,0.0,-1.5707964,0.0
1970-01-01 00:00:01.249722066,1.249722066,131.70918,0.0,0.0,0.0,0.0,0.0,0.0,0.0,-1.5707964,0.0
1970-01-01 00:00:01.249977862,1.249977862,98.5271,0.0,0.0,0.0,0.0,0.0,0.0,0.0,-1.5707964,0.0
1970-01-01 00:00:01.249987358,1.249987358,0.0,0.0,0.0,0.0,0.0,248.56548,0.0,0.0,-1.5707964,0.0
1970-01-01 00:00:01.250248839,1.25024884,95.0164,0.0,0.0,0.0,0.0,0.0,0.0,0.0,-1.5707964,0.0
1970-01-01 00:00:01.250545346,1.250545346,0.0,375.09952,0.0,0.0,0.0,0.0,0.0,0.0,-1.5707964,0.0
1970-01-01 00:00:01.250565918,1.250565918,0.0,0.0,0.0,0.0,0.0,142.34578,0.0,0.0,-1.5707964,0.0
1970-01-01 00:00:01.250710254,1.250710254,0.0,102.83267,0.0,0.0,0.0,0.0,0.0,0.0,-1.5707964,0.0
1970-01-01 00:00:01.250757269,1.25075727,0.0,109.38407,0.0,0.0,0.0,0.0,0.0,0.0,-1.5707964,0.0
1970-01-01 00:00:01.250838908,1.250838908,0.0,158.24226,0.0,0.0,0.0,0.0,0.0,0.0,-1.5707964,0.0
1970-01-01 00:00:01.251220275,1.251220275,0.0,0.0,0.0,119.42443,0.0,0.0,0.0,0.0,-1.5707964,0.0
1970-01-01 00:00:01.251289266,1.2512892660000001,0.0,171.24057,0.0,0.0,0.0,0.0,0.0,0.0,-1.5707964,0.0
1970-01-01 00:00:01.251373453,1.251373453,335.51407,0.0,0.0,0.0,0.0,0.0,0.0,0.0,-1.5707964,0.0
1970-01-01 00:00:01.251431718,1.251431718,0.0,0.0,0.0,0.0,108.05883,0.0,0.0,0.0,-1.5707964,0.0
1970-01-01 00:00:01.251450068,1.251450068,0.0,0.0,0.0,135.30516,0.0,0.0,0.0,0.0,-1.5707964,0.0
1970-01-01 00:00:01.251467033,1.251467033,0.0,0.0,0.0,0.0,85.018936,0.0,0.0,0.0,-1.5707964,0.0
1970-01-01 00:00:01.251502214,1.251502215,0.0,89.809166,0.0,0.0,0.0,0.0,0.0,0.0,-1.5707964,0.0
1970-01-01 00:00:01.251716591,1.251716591,0.0,130.1038,0.0,0.0,0.0,0.0,0.0,0.0,-1.5707964,0.0
1970-01-01 00:00:01.251823599,1.251823599,0.0,128.0322,0.0,0.0,0.0,0.0,0.0,0.0,-1.5707964,0.0
1970-01-01 00:00:01.252018279,1.25201828,0.0,325.23773,0.0,0.0,0.0,0.0,0.0,0.0,-1.5707964,0.0
1970-01-01 00:00:01.252115228,1.252115228,526.5792,0.0,0.0,0.0,0.0,0.0,0.0,0.0,-1.5707964,0.0
1970-01-01 00:00:01.252140998,1.252140998,0.0,279.1191,0.0,0.0,0.0,0.0,0.0,0.0,-1.5707964,0.0
1970-01-01 00:00:01.252358176,1.252358176,0.0,110.73815,0.0,0.0,0.0,0.0,0.0,0.0,-1.5707964,0.0
1970-01-01 00:00:01.252374054,1.2523740540000001,0.0,81.653,0.0,0.0,0.0,0.0,0.0,0.0,-1.5707964,0.0
1970-01-01 00:00:01.252406042,1.252406042,0.0,115.62763,0.0,0.0,0.0,0.0,0.0,0.0,-1.5707964,0.0
1970-01-01 00:00:01.252463897,1.252463897,0.0,0.0,0.0,0.0,0.0,103.52925,0.0,0.0,-1.5707964,0.0
1970-01-01 00:00:01.252811617,1.2528116169999999,0.0,0.0,0.0,0.0,120.622185,0.0,0.0,0.0,-1.5707964,0.0
1970-01-01 00:00:01.252924811,1.252924811,0.0,109.33357,0.0,0.0,0.0,0.0,0.0,0.0,-1.5707964,0.0
1970-01-01 00:00:01.252960613,1.252960614,0.0,0.0,0.0,0.0,96.59283,0.0,0.0,0.0,-1.5707964,0.0
1970-01-01 00:00:01.253020696,1.253020696,0.0,98.039085,0.0,0.0,0.0,0.0,0.0,0.0,-1.5707964,0.0
1970-01-01 00:00:01.253051507,1.253051507,0.0,102.328545,0.0,0.0,0.0,0.0,0.0,0.0,-1.5707964,0.0
1970-01-01 00:00:01.253372148,1.253372148,0.0,0.0,0.0,0.0,0.0,168.84758,0.0,0.0,-1.5707964,0.0
1970-01-01 00:00:01.253647607,1.253647607,0.0,0.0,0.0,0.0,88.52287,0.0,0.0,0.0,-1.5707964,0.0
1970-01-01 00:00:01.253864368,1.253864369,0.0,0.0,0.0,101.979935,0.0,0.0,0.0,0.0,-1.5707964,0.0
1970-01-01 00:00:01.253948012,1.253948012,0.0,188.53928,0.0,0.0,0.0,0.0,0.0,0.0,-1.5707964,0.0
1970-01-01 00:00:01.254275468,1.254275469,144.63875,0.0,0.0,0.0,0.0,0.0,0.0,0.0,-1.5707964,0.0
1970-01-01 00:00:01.254418582,1.254418582,0.0,0.0,0.0,0.0,83.04002,0.0,0.0,0.0,-1.5707964,0.0
1970-01-01 00:00:01.254761923,1.254761923,204.11795,0.0,0.0,0.0,0.0,0.0,0.0,0.0,-1.5707964,0.0
1970-01-01 00:00:01.254889497,1.254889497,0.0,0.0,0.0,0.0,0.0,164.95242,0.0,0.0,-1.5707964,0.0
1970-01-01 00:00:01.255387409,1.25538741,0.0,541.22736,0.0,0.0,0.0,0.0,0.0,0.0,-1.5707964,0.0
1970-01-01 00:00:01.255667994,1.255667995,0.0,148.04036,0.0,0.0,0.0,0.0,0.0,0.0,-1.5707964,0.0
1970-01-01 00:00:01.255922543,1.255922543,0.0,0.0,0.0,0.0,96.32014,0.0,0.0,0.0,-1.5707964,0.0
1970-01-01 00:00:01.256386658,1.256386658,0.0,0.0,0.0,0.0,140.33618,0.0,0.0,0.0,-1.5707964,0.0
1970-01-01 00:00:01.256471921,1.256471921,0.0,91.28739,0.0,0.0,0.0,0.0,0.0,0.0,-1.5707964,0.0
1970-01-01 00:00:01.256497489,1.256497489,0.0,0.0,0.0,0.0,0.0,251.845,0.0,0.0,-1.5707964,0.0
1970-01-01 00:00:01.256563408,1.2565634079999999,0.0,0.0,0.0,118.38646,0.0,0.0,0.0,0.0,-1.5707964,0.0
1970-01-01 00:00:01.256641428,1.256641428,0.0,102.21532,0.0,0.0,0.0,0.0,0.0,0.0,-1.5707964,0.0
1970-01-01 00:00:01.256752403,1.2567524030000001,0.0,172.89706,0.0,0.0,0.0,0.0,0.0,0.0,-1.5707964,0.0
1970-01-01 00:00:01.256830069,1.256830069,0.0,0.0,0.0,102.140236,0.0,0.0,0.0,0.0,-1.5707964,0.0
1970-01-01 00:00:01.256852166,1.256852166,0.0,89.80794,0.0,0.0,0.0,0.0,0.0,0.0,-1.5707964,0.0
1970-01-01 00:00:01.257299385,1.257299385,0.0,0.0,0.0,0.0,122.271996,0.0,0.0,0.0,-1.5707964,0.0
1970-01-01 00:00:01.257328692,1.257328692,0.0,104.03408,0.0,0.0,0.0,0.0,0.0,0.0,-1.5707964,0.0
1970-01-01 00:00:01.257868050,1.25786805,0.0,0.0,0.0,0.0,156.5314,0.0,0.0,0.0,-1.5707964,0.0
1970-01-01 00:00:01.258397496,1.258397497,0.0,171.7968,0.0,0.0,0.0,0.0,0.0,0.0,-1.5707964,0.0
1970-01-01 00:00:01.258605523,1.258605523,0.0,113.557014,0.0,0.0,0.0,0.0,0.0,0.0,-1.5707964,0.0
1970-01-01 00:00:01.258856872,1.258856872,0.0,0.0,0.0,0.0,253.13734,0.0,0.0,0.0,-1.5707964,0.0
1970-01-01 00:00:01.258965131,1.258965131,0.0,0.0,0.0,0.0,0.0,99.66349,0.0,0.0,-1.5707964,0.0
1970-01-01 00:00:01.259053996,1.259053997,0.0,125.40326,0.0,0.0,0.0,0.0,0.0,0.0,-1.5707964,0.0
1970-01-01 00:00:01.259110948,1.259110949,0.0,82.09507,0.0,0.0,0.0,0.0,0.0,0.0,-1.5707964,0.0
1970-01-01 00:00:01.259132639,1.259132639,0.0,119.61231,0.0,0.0,0.0,0.0,0.0,0.0,-1.5707964,0.0
1970-01-01 00:00:01.259479766,1.259479767,84.70111,0.0,0.0,0.0,0.0,0.0,0.0,0.0,-1.5707964,0.0
1970-01-01 00:00:01.259831994,1.2598319949999999,135.97299,0.0,0.0,0.0,0.0,0.0,0.0,0.0,-1.5707964,0.0
1970-01-01 00:00:01.259935998,1.259935998,0.0,98.8792,0.0,0.0,0.0,0.0,0.0,0.0,-1.5707964,0.0
1970-01-01 00:00:01.260026770,1.26002677,0.0,0.0,0.0,0.0,150.39589,0.0,0.0,0.0,-1.5707964,0.0
1970-01-01 00:00:01.260040950,1.26004095,0.0,0.0,0.0,132.90465,0.0,0.0,0.0,0.0,-1.5707964,0.0
1970-01-01 00:00:01.260145672,1.260145672,0.0,0.0,0.0,0.0,302.00717,0.0,0.0,0.0,-1.5707964,0.0
1970-01-01 00:00:01.260530418,1.260530418,0.0,0.0,0.0,85.5471,0.0,0.0,0.0,0.0,-1.5707964,0.0
1970-01-01 00:00:01.260550707,1.260550707,0.0,0.0,0.0,175.01965,0.0,0.0,0.0,0.0,-1.5707964,0.0
1970-01-01 00:00:01.260614544,1.260614544,0.0,119.404625,0.0,0.0,0.0,0.0,0.0,0.0,-1.5707964,0.0
1970-01-01 00:00:01.260639286,1.260639286,0.0,0.0,0.0,0.0,116.41628,0.0,0.0,0.0,-1.5707964,0.0
1970-01-01 00:00:01.260913946,1.260913946,0.0,0.0,0.0,0.0,113.07198,0.0,0.0,0.0,-1.5707964,0.0
1970-01-01 00:00:01.260999233,1.260999233,0.0,146.9383,0.0,0.0,0.0,0.0,0.0,0.0,-1.5707964,0.0
1970-01-01 00:00:01.261128519,1.26112852,0.0,138.46886,0.0,0.0,0.0,0.0,0.0,0.0,-1.5707964,0.0
1970-01-01 00:00:01.261139671,1.261139671,0.0,0.0,0.0,121.61812,0.0,0.0,0.0,0.0,-1.5707964,0.0
1970-01-01 00:00:01.261597681,1.261597681,0.0,121.987434,0.0,0.0,0.0,0.0,0.0,0.0,-1.5707964,0.0
1970-01-01 00:00:01.261612709,1.261612709,0.0,185.78265,0.0,0.0,0.0,0.0,0.0,0.0,-1.5707964,0.0
1970-01-01 00:00:01.261777890,1.261777891,0.0,0.0,0.0,0.0,109.36935,0.0,0.0,0.0,-1.5707964,0.0
1970-01-01 00:00:01.261996450,1.26199645,103.087,0.0,0.0,0.0,0.0,0.0,0.0,0.0,-1.5707964,0.0
1970-01-01 00:00:01.262152618,1.262152619,0.0,0.0,0.0,93.818085,0.0,0.0,0.0,0.0,-1.5707964,0.0
1970-01-01 00:00:01.262203385,1.262203386,0.0,0.0,0.0,0.0,0.0,226.42694,0.0,0.0,-1.5707964,0.0
1970-01-01 00:00:01.262718513,1.262718513,0.0,0.0,0.0,149.04599,0.0,0.0,0.0,0.0,-1.5707964,0.0
1970-01-01 00:00:01.263043034,1.263043034,195.10995,0.0,0.0,0.0,0.0,0.0,0.0,0.0,-1.5707964,0.0
1970-01-01 00:00:01.263085497,1.263085497,0.0,129.82152,0.0,0.0,0.0,0.0,0.0,0.0,-1.5707964,0.0
1970-01-01 00:00:01.263119626,1.263119626,0.0,0.0,85.111916,0.0,0.0,0.0,0.0,0.0,-1.5707964,0.0
1970-01-01 00:00:01.263130226,1.263130226,0.0,196.03111,0.0,0.0,0.0,0.0,0.0,0.0,-1.5707964,0.0
1970-01-01 00:00:01.263209858,1.263209858,0.0,0.0,0.0,165.15602,0.0,0.0,0.0,0.0,-1.5707964,0.0
1970-01-01 00:00:01.263265949,1.263265949,0.0,144.10692,0.0,0.0,0.0,0.0,0.0,0.0,-1.5707964,0.0
1970-01-01 00:00:01.263519840,1.26351984,0.0,0.0,0.0,209.53607,0.0,0.0,0.0,0.0,-1.5707964,0.0
1970-01-01 00:00:01.263577895,1.263577896,119.68445,0.0,0.0,0.0,0.0,0.0,0.0,0.0,-1.5707964,0.0
1970-01-01 00:00:01.263664918,1.263664918,0.0,0.0,0.0,121.07869,0.0,0.0,0.0,0.0,-1.5707964,0.0
1970-01-01 00:00:01.263679773,1.2636797739999999,83.19137,0.0,0.0,0.0,0.0,0.0,0.0,0.0,-1.5707964,0.0
1970-01-01 00:00:01.263787863,1.2637878630000001,171.07422,0.0,0.0,0.0,0.0,0.0,0.0,0.0,-1.5707964,0.0
1970-01-01 00:00:01.264041912,1.264041912,0.0,0.0,0.0,99.5803,0.0,0.0,0.0,0.0,-1.5707964,0.0
1970-01-01 00:00:01.264093387,1.264093387,0.0,182.90733,0.0,0.0,0.0,0.0,0.0,0.0,-1.5707964,0.0
1970-01-01 00:00:01.264319309,1.264319309,119.005585,0.0,0.0,0.0,0.0,0.0,0.0,0.0,-1.5707964,0.0
1970-01-01 00:00:01.264403834,1.264403834,0.0,0.0,0.0,135.95149,0.0,0.0,0.0,0.0,-1.5707964,0.0
1970-01-01 00:00:01.264635259,1.26463526,0.0,0.0,0.0,301.25165,0.0,0.0,0.0,0.0,-1.5707964,0.0
1970-01-01 00:00:01.264722251,1.264722251,0.0,122.399734,0.0,0.0,0.0,0.0,0.0,0.0,-1.5707964,0.0
1970-01-01 00:00:01.265152145,1.265152146,156.59065,0.0,0.0,0.0,0.0,0.0,0.0,0.0,-1.5707964,0.0
1970-01-01 00:00:01.265181461,1.265181461,0.0,0.0,0.0,159.80824,0.0,0.0,0.0,0.0,-1.5707964,0.0
1970-01-01 00:00:01.265285097,1.265285097,0.0,349.66516,0.0,0.0,0.0,0.0,0.0,0.0,-1.5707964,0.0
1970-01-01 00:00:01.265339097,1.265339097,0.0,87.36893,0.0,0.0,0.0,0.0,0.0,0.0,-1.5707964,0.0
1970-01-01 00:00:01.265654800,1.2656548,0.0,274.5375,0.0,0.0,0.0,0.0,0.0,0.0,-1.5707964,0.0
1970-01-01 00:00:01.265690814,1.265690814,244.98822,0.0,0.0,0.0,0.0,0.0,0.0,0.0,-1.5707964,0.0
1970-01-01 00:00:01.265788199,1.265788199,0.0,195.34433,0.0,0.0,0.0,0.0,0.0,0.0,-1.5707964,0.0
1970-01-01 00:00:01.265826298,1.265826298,0.0,0.0,99.91982,0.0,0.0,0.0,0.0,0.0,-1.5707964,0.0
1970-01-01 00:00:01.265888222,1.265888223,0.0,84.07395,0.0,0.0,0.0,0.0,0.0,0.0,-1.5707964,0.0
1970-01-01 00:00:01.265984893,1.265984893,0.0,0.0,0.0,0.0,0.0,108.742645,0.0,0.0,-1.5707964,0.0
1970-01-01 00:00:01.266026186,1.266026186,0.0,227.72594,0.0,0.0,0.0,0.0,0.0,0.0,-1.5707964,0.0
1970-01-01 00:00:01.266080592,1.266080592,94.34828,0.0,0.0,0.0,0.0,0.0,0.0,0.0,-1.5707964,0.0
1970-01-01 00:00:01.266438628,1.266438629,0.0,161.5891,0.0,0.0,0.0,0.0,0.0,0.0,-1.5707964,0.0
1970-01-01 00:00:01.266464951,1.266464952,0.0,0.0,0.0,0.0,81.31232,0.0,0.0,0.0,-1.5707964,0.0
1970-01-01 00:00:01.266518466,1.266518467,0.0,114.216774,0.0,0.0,0.0,0.0,0.0,0.0,-1.5707964,0.0
1970-01-01 00:00:01.266677854,1.266677854,0.0,0.0,0.0,164.8312,0.0,0.0,0.0,0.0,-1.5707964,0.0
1970-01-01 00:00:01.266771242,1.266771242,0.0,0.0,0.0,0.0,81.51357,0.0,0.0,0.0,-1.5707964,0.0
1970-01-01 00:00:01.266827152,1.266827152,0.0,0.0,0.0,0.0,135.0094,0.0,0.0,0.0,-1.5707964,0.0
1970-01-01 00:00:01.266958156,1.266958157,181.99547,0.0,0.0,0.0,0.0,0.0,0.0,0.0,-1.5707964,0.0
1970-01-01 00:00:01.267076101,1.2670761019999999,0.0,91.40241,0.0,0.0,0.0,0.0,0.0,0.0,-1.5707964,0.0
1970-01-01 00:00:01.267289126,1.267289126,0.0,0.0,0.0,96.394356,0.0,0.0,0.0,0.0,-1.5707964,0.0
1970-01-01 00:00:01.267409701,1.267409701,0.0,0.0,0.0,0.0,104.18598,0.0,0.0,0.0,-1.5707964,0.0
1970-01-01 00:00:01.267533940,1.26753394,0.0,90.90021,0.0,0.0,0.0,0.0,0.0,0.0,-1.5707964,0.0
1970-01-01 00:00:01.267673906,1.267673906,0.0,0.0,0.0,0.0,154.17488,0.0,0.0,0.0,-1.5707964,0.0
1970-01-01 00:00:01.267971656,1.267971656,0.0,0.0,0.0,355.85577,0.0,0.0,0.0,0.0,-1.5707964,0.0
1970-01-01 00:00:01.268292346,1.268292346,127.274506,0.0,0.0,0.0,0.0,0.0,0.0,0.0,-1.5707964,0.0
1970-01-01 00:00:01.269311898,1.269311898,170.11794,0.0,0.0,0.0,0.0,0.0,0.0,0.0,-1.5707964,0.0
1970-01-01 00:00:01.269348158,1.2693481580000001,0.0,0.0,0.0,0.0,364.86493,0.0,0.0,0.0,-1.5707964,0.0
1970-01-01 00:00:01.269382076,1.269382076,0.0,114.40797,0.0,0.0,0.0,0.0,0.0,0.0,-1.5707964,0.0
1970-01-01 00:00:01.269435037,1.269435037,0.0,636.4124,0.0,0.0,0.0,0.0,0.0,0.0,-1.5707964,0.0
1970-01-01 00:00:01.269672626,1.269672626,0.0,0.0,0.0,114.25681,0.0,0.0,0.0,0.0,-1.5707964,0.0
1970-01-01 00:00:01.269822118,1.269822118,0.0,363.69965,0.0,0.0,0.0,0.0,0.0,0.0,-1.5707964,0.0
1970-01-01 00:00:01.269860551,1.269860551,0.0,0.0,0.0,86.97559,0.0,0.0,0.0,0.0,-1.5707964,0.0
1970-01-01 00:00:01.270155216,1.270155216,0.0,245.1739,0.0,0.0,0.0,0.0,0.0,0.0,-1.5707964,0.0
1970-01-01 00:00:01.270246640,1.2702466399999999,90.34028,0.0,0.0,0.0,0.0,0.0,0.0,0.0,-1.5707964,0.0
1970-01-01 00:00:01.270333060,1.27033306,249.38573,0.0,0.0,0.0,0.0,0.0,0.0,0.0,-1.5707964,0.0
1970-01-01 00:00:01.270369055,1.270369055,0.0,753.46027,0.0,0.0,0.0,0.0,0.0,0.0,-1.5707964,0.0
1970-01-01 00:00:01.270459198,1.270459198,0.0,102.97223,0.0,0.0,0.0,0.0,0.0,0.0,-1.5707964,0.0
1970-01-01 00:00:01.270504832,1.2705048319999999,0.0,0.0,0.0,0.0,0.0,176.67651,0.0,0.0,-1.5707964,0.0
1970-01-01 00:00:01.270761791,1.270761791,0.0,0.0,0.0,0.0,0.0,122.65918,0.0,0.0,-1.5707964,0.0
1970-01-01 00:00:01.270772461,1.270772461,0.0,160.8299,0.0,0.0,0.0,0.0,0.0,0.0,-1.5707964,0.0
1970-01-01 00:00:01.270858741,1.270858741,0.0,144.55515,0.0,0.0,0.0,0.0,0.0,0.0,-1.5707964,0.0
1970-01-01 00:00:01.270914626,1.270914626,0.0,141.0165,0.0,0.0,0.0,0.0,0.0,0.0,-1.5707964,0.0
1970-01-01 00:00:01.271175985,1.271175985,0.0,0.0,106.364586,0.0,0.0,0.0,0.0,0.0,-1.5707964,0.0
1970-01-01 00:00:01.271225128,1.271225128,0.0,83.46802,0.0,0.0,0.0,0.0,0.0,0.0,-1.5707964,0.0
1970-01-01 00:00:01.271320431,1.271320431,0.0,249.72719,0.0,0.0,0.0,0.0,0.0,0.0,-1.5707964,0.0
1970-01-01 00:00:01.271473131,1.271473131,192.99861,0.0,0.0,0.0,0.0,0.0,0.0,0.0,-1.5707964,0.0
1970-01-01 00:00:01.271581331,1.271581331,0.0,0.0,0.0,0.0,153.45341,0.0,0.0,0.0,-1.5707964,0.0
1970-01-01 00:00:01.271649069,1.271649069,114.80689,0.0,0.0,0.0,0.0,0.0,0.0,0.0,-1.5707964,0.0
1970-01-01 00:00:01.271908189,1.271908189,0.0,113.04155,0.0,0.0,0.0,0.0,0.0,0.0,-1.5707964,0.0
1970-01-01 00:00:01.272062051,1.272062051,0.0,0.0,0.0,0.0,156.40034,0.0,0.0,0.0,-1.5707964,0.0
1970-01-01 00:00:01.272281902,1.272281902,0.0,106.44658,0.0,0.0,0.0,0.0,0.0,0.0,-1.5707964,0.0
1970-01-01 00:00:01.272497591,1.272497591,0.0,0.0,0.0,0.0,179.49345,0.0,0.0,0.0,-1.5707964,0.0
1970-01-01 00:00:01.272500779,1.272500779,0.0,167.23436,0.0,0.0,0.0,0.0,0.0,0.0,-1.5707964,0.0
1970-01-01 00:00:01.272829245,1.272829245,0.0,297.0816,0.0,0.0,0.0,0.0,0.0,0.0,-1.5707964,0.0
1970-01-01 00:00:01.272893670,1.27289367,0.0,0.0,0.0,128.35957,0.0,0.0,0.0,0.0,-1.5707964,0.0
1970-01-01 00:00:01.273062298,1.273062298,123.2663,0.0,0.0,0.0,0.0,0.0,0.0,0.0,-1.5707964,0.0
1970-01-01 00:00:01.273120456,1.273120456,0.0,133.89047,0.0,0.0,0.0,0.0,0.0,0.0,-1.5707964,0.0
1970-01-01 00:00:01.273499054,1.273499054,0.0,368.36417,0.0,0.0,0.0,0.0,0.0,0.0,-1.5707964,0.0
1970-01-01 00:00:01.273509379,1.273509379,0.0,0.0,0.0,0.0,193.21259,0.0,0.0,0.0,-1.5707964,0.0
1970-01-01 00:00:01.273530797,1.273530797,0.0,0.0,0.0,0.0,120.05672,0.0,0.0,0.0,-1.5707964,0.0
1970-01-01 00:00:01.273553182,1.2735531820000001,0.0,0.0,0.0,0.0,88.4098,0.0,0.0,0.0,-1.5707964,0.0
1970-01-01 00:00:01.273795877,1.273795877,0.0,0.0,0.0,0.0,80.640114,0.0,0.0,0.0,-1.5707964,0.0
1970-01-01 00:00:01.273819145,1.273819145,0.0,112.58778,0.0,0.0,0.0,0.0,0.0,0.0,-1.5707964,0.0
1970-01-01 00:00:01.273854839,1.273854839,0.0,0.0,0.0,111.53425,0.0,0.0,0.0,0.0,-1.5707964,0.0
1970-01-01 00:00:01.273937756,1.273937756,177.62216,0.0,0.0,0.0,0.0,0.0,0.0,0.0,-1.5707964,0.0
1970-01-01 00:00:01.273971140,1.27397114,0.0,175.77686,0.0,0.0,0.0,0.0,0.0,0.0,-1.5707964,0.0
1970-01-01 00:00:01.274175747,1.2741757470000001,0.0,0.0,0.0,0.0,131.77042,0.0,0.0,0.0,-1.5707964,0.0
1970-01-01 00:00:01.274236549,1.274236549,0.0,91.55952,0.0,0.0,0.0,0.0,0.0,0.0,-1.5707964,0.0
1970-01-01 00:00:01.274362469,1.274362469,162.22818,0.0,0.0,0.0,0.0,0.0,0.0,0.0,-1.5707964,0.0
1970-01-01 00:00:01.274407266,1.2744072659999999,0.0,0.0,0.0,86.71756,0.0,0.0,0.0,0.0,-1.5707964,0.0
1970-01-01 00:00:01.274407530,1.27440753,122.37881,0.0,0.0,0.0,0.0,0.0,0.0,0.0,-1.5707964,0.0
1970-01-01 00:00:01.274531615,1.274531615,0.0,0.0,110.567276,0.0,0.0,0.0,0.0,0.0,-1.5707964,0.0
1970-01-01 00:00:01.274612561,1.274612561,0.0,0.0,0.0,0.0,0.0,205.00305,0.0,0.0,-1.5707964,0.0
1970-01-01 00:00:01.274849413,1.274849413,131.70355,0.0,0.0,0.0,0.0,0.0,0.0,0.0,-1.5707964,0.0
1970-01-01 00:00:01.274890455,1.274890455,87.45458,0.0,0.0,0.0,0.0,0.0,0.0,0.0,-1.5707964,0.0
1970-01-01 00:00:01.275187220,1.27518722,0.0,0.0,0.0,136.46852,0.0,0.0,0.0,0.0,-1.5707964,0.0
1970-01-01 00:00:01.275247307,1.2752473069999999,314.47488,0.0,0.0,0.0,0.0,0.0,0.0,0.0,-1.5707964,0.0
1970-01-01 00:00:01.275437249,1.2754372489999999,367.83383,0.0,0.0,0.0,0.0,0.0,0.0,0.0,-1.5707964,0.0
1970-01-01 00:00:01.275467548,1.275467548,0.0,0.0,0.0,119.26574,0.0,0.0,0.0,0.0,-1.5707964,0.0
1970-01-01 00:00:01.275530688,1.275530688,0.0,0.0,0.0,0.0,0.0,352.46768,0.0,0.0,-1.5707964,0.0
1970-01-01 00:00:01.275591240,1.27559124,185.20189,0.0,0.0,0.0,0.0,0.0,0.0,0.0,-1.5707964,0.0
1970-01-01 00:00:01.276004353,1.276004353,0.0,0.0,0.0,86.769844,0.0,0.0,0.0,0.0,-1.5707964,0.0
1970-01-01 00:00:01.276030960,1.27603096,0.0,251.69362,0.0,0.0,0.0,0.0,0.0,0.0,-1.5707964,0.0
1970-01-01 00:00:01.276044103,1.276044103,0.0,194.21025,0.0,0.0,0.0,0.0,0.0,0.0,-1.5707964,0.0
1970-01-01 00:00:01.276106390,1.27610639,0.0,170.53162,0.0,0.0,0.0,0.0,0.0,0.0,-1.5707964,0.0
1970-01-01 00:00:01.276275268,1.276275268,0.0,111.66338,0.0,0.0,0.0,0.0,0.0,0.0,-1.5707964,0.0
1970-01-01 00:00:01.276835086,1.276835086,0.0,0.0,0.0,97.72488,0.0,0.0,0.0,0.0,-1.5707964,0.0
1970-01-01 00:00:01.276881657,1.2768816570000001,0.0,236.69974,0.0,0.0,0.0,0.0,0.0,0.0,-1.5707964,0.0
1970-01-01 00:00:01.276979023,1.276979023,124.2222,0.0,0.0,0.0,0.0,0.0,0.0,0.0,-1.5707964,0.0
1970-01-01 00:00:01.277075683,1.277075683,0.0,0.0,0.0,0.0,0.0,220.60289,0.0,0.0,-1.5707964,0.0
1970-01-01 00:00:01.277145766,1.277145766,0.0,0.0,0.0,0.0,176.55765,0.0,0.0,0.0,-1.5707964,0.0
1970-01-01 00:00:01.277233060,1.27723306,0.0,0.0,0.0,0.0,98.298904,0.0,0.0,0.0,-1.5707964,0.0
1970-01-01 00:00:01.277520720,1.27752072,0.0,0.0,81.34429,0.0,0.0,0.0,0.0,0.0,-1.5707964,0.0
1970-01-01 00:00:01.277799439,1.277799439,0.0,0.0,0.0,0.0,182.78557,0.0,0.0,0.0,-1.5707964,0.0
1970-01-01 00:00:01.278045806,1.278045806,0.0,93.25351,0.0,0.0,0.0,0.0,0.0,0.0,-1.5707964,0.0
1970-01-01 00:00:01.278071460,1.27807146,85.56453,0.0,0.0,0.0,0.0,0.0,0.0,0.0,-1.5707964,0.0
1970-01-01 00:00:01.278089924,1.278089924,0.0,185.72601,0.0,0.0,0.0,0.0,0.0,0.0,-1.5707964,0.0
1970-01-01 00:00:01.278424166,1.278424166,0.0,0.0,0.0,0.0,84.60577,0.0,0.0,0.0,-1.5707964,0.0
1970-01-01 00:00:01.278622382,1.278622382,0.0,0.0,0.0,0.0,110.935234,0.0,0.0,0.0,-1.5707964,0.0
1970-01-01 00:00:01.278656565,1.278656565,0.0,151.6304,0.0,0.0,0.0,0.0,0.0,0.0,-1.5707964,0.0
1970-01-01 00:00:01.278863129,1.2788631289999999,0.0,0.0,0.0,0.0,130.32402,0.0,0.0,0.0,-1.5707964,0.0
1970-01-01 00:00:01.278955641,1.278955641,0.0,0.0,0.0,235.48459,0.0,0.0,0.0,0.0,-1.5707964,0.0
1970-01-01 00:00:01.278974949,1.278974949,0.0,284.32285,0.0,0.0,0.0,0.0,0.0,0.0,-1.5707964,0.0
1970-01-01 00:00:01.278980619,1.278980619,0.0,100.847824,0.0,0.0,0.0,0.0,0.0,0.0,-1.5707964,0.0
1970-01-01 00:00:01.279073845,1.279073845,175.08112,0.0,0.0,0.0,0.0,0.0,0.0,0.0,-1.5707964,0.0
1970-01-01 00:00:01.279291551,1.279291551,0.0,116.47767,0.0,0.0,0.0,0.0,0.0,0.0,-1.5707964,0.0
1970-01-01 00:00:01.279373324,1.279373324,0.0,0.0,0.0,226.26628,0.0,0.0,0.0,0.0,-1.5707964,0.0
1970-01-01 00:00:01.279414249,1.279414249,100.0468,0.0,0.0,0.0,0.0,0.0,0.0,0.0,-1.5707964,0.0
1970-01-01 00:00:01.279418785,1.279418785,0.0,89.46748,0.0,0.0,0.0,0.0,0.0,0.0,-1.5707964,0.0
1970-01-01 00:00:01.279433680,1.27943368,0.0,0.0,0.0,0.0,152.0841,0.0,0.0,0.0,-1.5707964,0.0
1970-01-01 00:00:01.279476964,1.279476964,0.0,169.62364,0.0,0.0,0.0,0.0,0.0,0.0,-1.5707964,0.0
1970-01-01 00:00:01.279614759,1.279614759,0.0,0.0,0.0,0.0,189.75261,0.0,0.0,0.0,-1.5707964,0.0
1970-01-01 00:00:01.279682419,1.279682419,0.0,103.60128,0.0,0.0,0.0,0.0,0.0,0.0,-1.5707964,0.0
1970-01-01 00:00:01.279827572,1.279827572,0.0,0.0,0.0,0.0,156.58467,0.0,0.0,0.0,-1.5707964,0.0
1970-01-01 00:00:01.280249061,1.2802490610000001,0.0,0.0,0.0,147.6389,0.0,0.0,0.0,0.0,-1.5707964,0.0
1970-01-01 00:00:01.280309131,1.280309131,0.0,88.62985,0.0,0.0,0.0,0.0,0.0,0.0,-1.5707964,0.0
1970-01-01 00:00:01.280363311,1.280363311,0.0,0.0,0.0,0.0,97.37243,0.0,0.0,0.0,-1.5707964,0.0
1970-01-01 00:00:01.280398533,1.280398533,97.12602,0.0,0.0,0.0,0.0,0.0,0.0,0.0,-1.5707964,0.0
1970-01-01 00:00:01.280557200,1.2805572,0.0,139.18471,0.0,0.0,0.0,0.0,0.0,0.0,-1.5707964,0.0
1970-01-01 00:00:01.280585257,1.280585257,0.0,0.0,0.0,0.0,241.97018,0.0,0.0,0.0,-1.5707964,0.0
1970-01-01 00:00:01.281077728,1.281077728,0.0,0.0,0.0,0.0,239.14209,0.0,0.0,0.0,-1.5707964,0.0
1970-01-01 00:00:01.281116413,1.281116413,0.0,0.0,0.0,0.0,0.0,166.94772,0.0,0.0,-1.5707964,0.0
1970-01-01 00:00:01.281162616,1.281162616,0.0,0.0,0.0,0.0,0.0,86.728485,0.0,0.0,-1.5707964,0.0
1970-01-01 00:00:01.281167643,1.281167643,0.0,182.14969,0.0,0.0,0.0,0.0,0.0,0.0,-1.5707964,0.0
1970-01-01 00:00:01.281431891,1.281431891,0.0,0.0,0.0,230.23227,0.0,0.0,0.0,0.0,-1.5707964,0.0
1970-01-01 00:00:01.281457013,1.281457013,0.0,131.91997,0.0,0.0,0.0,0.0,0.0,0.0,-1.5707964,0.0
1970-01-01 00:00:01.281609468,1.281609468,90.37424,0.0,0.0,0.0,0.0,0.0,0.0,0.0,-1.5707964,0.0
1970-01-01 00:00:01.281806931,1.281806931,0.0,0.0,0.0,0.0,220.29904,0.0,0.0,0.0,-1.5707964,0.0
1970-01-01 00:00:01.282047551,1.282047551,0.0,103.45541,0.0,0.0,0.0,0.0,0.0,0.0,-1.5707964,0.0
1970-01-01 00:00:01.282069043,1.282069043,0.0,0.0,0.0,0.0,84.10286,0.0,0.0,0.0,-1.5707964,0.0
1970-01-01 00:00:01.282100852,1.2821008520000001,231.14899,0.0,0.0,0.0,0.0,0.0,0.0,0.0,-1.5707964,0.0
1970-01-01 00:00:01.282495483,1.282495483,144.2873,0.0,0.0,0.0,0.0,0.0,0.0,0.0,-1.5707964,0.0
1970-01-01 00:00:01.282562915,1.282562915,0.0,0.0,0.0,121.77977,0.0,0.0,0.0,0.0,-1.5707964,0.0
1970-01-01 00:00:01.282640207,1.282640207,167.37077,0.0,0.0,0.0,0.0,0.0,0.0,0.0,-1.5707964,0.0
1970-01-01 00:00:01.282705137,1.282705137,0.0,81.40236,0.0,0.0,0.0,0.0,0.0,0.0,-1.5707964,0.0
1970-01-01 00:00:01.282940826,1.282940826,85.189415,0.0,0.0,0.0,0.0,0.0,0.0,0.0,-1.5707964,0.0
1970-01-01 00:00:01.282964759,1.282964759,0.0,265.91702,0.0,0.0,0.0,0.0,0.0,0.0,-1.5707964,0.0
1970-01-01 00:00:01.283036071,1.283036071,0.0,102.58332,0.0,0.0,0.0,0.0,0.0,0.0,-1.5707964,0.0
1970-01-01 00:00:01.283077607,1.283077607,0.0,91.510124,0.0,0.0,0.0,0.0,0.0,0.0,-1.5707964,0.0
1970-01-01 00:00:01.283143848,1.283143848,139.48283,0.0,0.0,0.0,0.0,0.0,0.0,0.0,-1.5707964,0.0
1970-01-01 00:00:01.283320898,1.283320898,0.0,221.10861,0.0,0.0,0.0,0.0,0.0,0.0,-1.5707964,0.0
1970-01-01 00:00:01.283495753,1.283495753,0.0,0.0,0.0,0.0,255.15663,0.0,0.0,0.0,-1.5707964,0.0
1970-01-01 00:00:01.283528339,1.283528339,0.0,112.701546,0.0,0.0,0.0,0.0,0.0,0.0,-1.5707964,0.0
1970-01-01 00:00:01.283672889,1.283672889,0.0,147.33205,0.0,0.0,0.0,0.0,0.0,0.0,-1.5707964,0.0
1970-01-01 00:00:01.283767049,1.283767049,0.0,0.0,0.0,0.0,86.344345,0.0,0.0,0.0,-1.5707964,0.0
1970-01-01 00:00:01.283937693,1.283937693,0.0,0.0,0.0,0.0,142.4851,0.0,0.0,0.0,-1.5707964,0.0
1970-01-01 00:00:01.283967652,1.283967652,402.33472,0.0,0.0,0.0,0.0,0.0,0.0,0.0,-1.5707964,0.0
1970-01-01 00:00:01.283995753,1.2839957530000001,0.0,0.0,0.0,125.09576,0.0,0.0,0.0,0.0,-1.5707964,0.0
1970-01-01 00:00:01.284195905,1.284195905,0.0,158.89389,0.0,0.0,0.0,0.0,0.0,0.0,-1.5707964,0.0
1970-01-01 00:00:01.284196738,1.284196738,0.0,115.474815,0.0,0.0,0.0,0.0,0.0,0.0,-1.5707964,0.0
1970-01-01 00:00:01.284399216,1.284399216,0.0,0.0,0.0,82.347855,0.0,0.0,0.0,0.0,-1.5707964,0.0
1970-01-01 00:00:01.284458782,1.284458782,0.0,0.0,0.0,0.0,0.0,153.74756,0.0,0.0,-1.5707964,0.0
1970-01-01 00:00:01.284806467,1.2848064670000001,0.0,0.0,0.0,137.40039,0.0,0.0,0.0,0.0,-1.5707964,0.0
1970-01-01 00:00:01.284896272,1.2848962720000001,0.0,0.0,0.0,0.0,134.32872,0.0,0.0,0.0,-1.5707964,0.0
1970-01-01 00:00:01.284938155,1.284938155,0.0,0.0,0.0,0.0,128.29146,0.0,0.0,0.0,-1.5707964,0.0
1970-01-01 00:00:01.284948043,1.284948043,0.0,236.54193,0.0,0.0,0.0,0.0,0.0,0.0,-1.5707964,0.0
1970-01-01 00:00:01.285105548,1.285105548,0.0,0.0,0.0,0.0,168.05313,0.0,0.0,0.0,-1.5707964,0.0
1970-01-01 00:00:01.285227422,1.285227422,206.50546,0.0,0.0,0.0,0.0,0.0,0.0,0.0,-1.5707964,0.0
1970-01-01 00:00:01.285288544,1.285288544,0.0,0.0,0.0,0.0,182.51794,0.0,0.0,0.0,-1.5707964,0.0
1970-01-01 00:00:01.285298184,1.285298184,0.0,122.20678,0.0,0.0,0.0,0.0,0.0,0.0,-1.5707964,0.0
1970-01-01 00:00:01.285310497,1.285310497,0.0,169.06413,0.0,0.0,0.0,0.0,0.0,0.0,-1.5707964,0.0
1970-01-01 00:00:01.285346133,1.285346133,0.0,0.0,0.0,140.51767,0.0,0.0,0.0,0.0,-1.5707964,0.0
1970-01-01 00:00:01.285423823,1.285423823,0.0,0.0,0.0,153.93945,0.0,0.0,0.0,0.0,-1.5707964,0.0
1970-01-01 00:00:01.285445929,1.285445929,0.0,0.0,0.0,87.52128,0.0,0.0,0.0,0.0,-1.5707964,0.0
1970-01-01 00:00:01.285786630,1.28578663,0.0,99.25171,0.0,0.0,0.0,0.0,0.0,0.0,-1.5707964,0.0
1970-01-01 00:00:01.285814164,1.285814164,0.0,176.99837,0.0,0.0,0.0,0.0,0.0,0.0,-1.5707964,0.0
1970-01-01 00:00:01.285838932,1.2858389319999999,134.97765,0.0,0.0,0.0,0.0,0.0,0.0,0.0,-1.5707964,0.0
1970-01-01 00:00:01.286112345,1.286112345,0.0,0.0,0.0,0.0,85.598785,0.0,0.0,0.0,-1.5707964,0.0
1970-01-01 00:00:01.286284039,1.2862840389999999,0.0,0.0,0.0,0.0,90.35878,0.0,0.0,0.0,-1.5707964,0.0
1970-01-01 00:00:01.286361903,1.286361903,0.0,187.8178,0.0,0.0,0.0,0.0,0.0,0.0,-1.5707964,0.0
1970-01-01 00:00:01.286509835,1.286509835,95.59577,0.0,0.0,0.0,0.0,0.0,0.0,0.0,-1.5707964,0.0
1970-01-01 00:00:01.286515876,1.286515876,0.0,0.0,0.0,0.0,93.60292,0.0,0.0,0.0,-1.5707964,0.0
1970-01-01 00:00:01.286657693,1.286657693,411.54132,0.0,0.0,0.0,0.0,0.0,0.0,0.0,-1.5707964,0.0
1970-01-01 00:00:01.286672234,1.286672234,188.55795,0.0,0.0,0.0,0.0,0.0,0.0,0.0,-1.5707964,0.0
1970-01-01 00:00:01.286940676,1.286940676,0.0,294.14877,0.0,0.0,0.0,0.0,0.0,0.0,-1.5707964,0.0
1970-01-01 00:00:01.287011491,1.287011491,0.0,0.0,0.0,0.0,113.36698,0.0,0.0,0.0,-1.5707964,0.0
1970-01-01 00:00:01.287113961,1.287113961,0.0,0.0,0.0,0.0,0.0,87.91333,0.0,0.0,-1.5707964,0.0
1970-01-01 00:00:01.287209403,1.2872094029999999,0.0,118.880585,0.0,0.0,0.0,0.0,0.0,0.0,-1.5707964,0.0
1970-01-01 00:00:01.287292873,1.287292873,0.0,0.0,0.0,0.0,0.0,100.2271,0.0,0.0,-1.5707964,0.0
1970-01-01 00:00:01.287341701,1.287341701,0.0,138.1792,0.0,0.0,0.0,0.0,0.0,0.0,-1.5707964,0.0
1970-01-01 00:00:01.287359611,1.287359611,0.0,0.0,0.0,0.0,165.90599,0.0,0.0,0.0,-1.5707964,0.0
1970-01-01 00:00:01.287590834,1.287590834,0.0,0.0,0.0,0.0,118.57989,0.0,0.0,0.0,-1.5707964,0.0
1970-01-01 00:00:01.287594634,1.287594634,0.0,0.0,0.0,91.44044,0.0,0.0,0.0,0.0,-1.5707964,0.0
1970-01-01 00:00:01.287609016,1.287609016,0.0,0.0,0.0,135.47534,0.0,0.0,0.0,0.0,-1.5707964,0.0
1970-01-01 00:00:01.287635605,1.287635605,0.0,156.95685,0.0,0.0,0.0,0.0,0.0,0.0,-1.5707964,0.0
1970-01-01 00:00:01.287673010,1.28767301,0.0,0.0,142.33499,0.0,0.0,0.0,0.0,0.0,-1.5707964,0.0
1970-01-01 00:00:01.287874332,1.287874332,252.17326,0.0,0.0,0.0,0.0,0.0,0.0,0.0,-1.5707964,0.0
1970-01-01 00:00:01.287929781,1.2879297809999999,0.0,101.37602,0.0,0.0,0.0,0.0,0.0,0.0,-1.5707964,0.0
1970-01-01 00:00:01.287990930,1.2879909299999999,0.0,120.50827,0.0,0.0,0.0,0.0,0.0,0.0,-1.5707964,0.0
1970-01-01 00:00:01.288059254,1.288059254,0.0,81.0728,0.0,0.0,0.0,0.0,0.0,0.0,-1.5707964,0.0
1970-01-01 00:00:01.288155826,1.2881558260000001,0.0,0.0,0.0,130.51372,0.0,0.0,0.0,0.0,-1.5707964,0.0
1970-01-01 00:00:01.288198680,1.28819868,0.0,85.41397,0.0,0.0,0.0,0.0,0.0,0.0,-1.5707964,0.0
1970-01-01 00:00:01.288272589,1.288272589,291.2283,0.0,0.0,0.0,0.0,0.0,0.0,0.0,-1.5707964,0.0
1970-01-01 00:00:01.288275233,1.288275233,0.0,0.0,200.48773,0.0,0.0,0.0,0.0,0.0,-1.5707964,0.0
1970-01-01 00:00:01.288664291,1.288664291,106.10186,0.0,0.0,0.0,0.0,0.0,0.0,0.0,-1.5707964,0.0
1970-01-01 00:00:01.288664969,1.288664969,252.91995,0.0,0.0,0.0,0.0,0.0,0.0,0.0,-1.5707964,0.0
1970-01-01 00:00:01.288707740,1.28870774,0.0,0.0,0.0,107.48941,0.0,0.0,0.0,0.0,-1.5707964,0.0
1970-01-01 00:00:01.288782404,1.288782404,0.0,0.0,0.0,131.98251,0.0,0.0,0.0,0.0,-1.5707964,0.0
1970-01-01 00:00:01.288921916,1.288921916,177.46707,0.0,0.0,0.0,0.0,0.0,0.0,0.0,-1.5707964,0.0
1970-01-01 00:00:01.288952271,1.2889522709999999,0.0,166.69365,0.0,0.0,0.0,0.0,0.0,0.0,-1.5707964,0.0
1970-01-01 00:00:01.289114337,1.289114337,0.0,326.1452,0.0,0.0,0.0,0.0,0.0,0.0,-1.5707964,0.0
1970-01-01 00:00:01.289125186,1.289125186,188.27873,0.0,0.0,0.0,0.0,0.0,0.0,0.0,-1.5707964,0.0
1970-01-01 00:00:01.289202799,1.289202799,0.0,85.35783,0.0,0.0,0.0,0.0,0.0,0.0,-1.5707964,0.0
1970-01-01 00:00:01.289241994,1.289241994,0.0,0.0,0.0,0.0,172.64589,0.0,0.0,0.0,-1.5707964,0.0
1970-01-01 00:00:01.289373716,1.289373716,0.0,0.0,0.0,0.0,0.0,84.02869,0.0,0.0,-1.5707964,0.0
1970-01-01 00:00:01.289383892,1.289383892,0.0,83.16867,0.0,0.0,0.0,0.0,0.0,0.0,-1.5707964,0.0
1970-01-01 00:00:01.289448565,1.289448565,0.0,275.49118,0.0,0.0,0.0,0.0,0.0,0.0,-1.5707964,0.0
1970-01-01 00:00:01.289470356,1.289470356,0.0,0.0,0.0,0.0,136.0793,0.0,0.0,0.0,-1.5707964,0.0
1970-01-01 00:00:01.289576352,1.289576352,0.0,0.0,147.67525,0.0,0.0,0.0,0.0,0.0,-1.5707964,0.0
1970-01-01 00:00:01.289672745,1.289672745,0.0,0.0,0.0,0.0,103.9718,0.0,0.0,0.0,-1.5707964,0.0
1970-01-01 00:00:01.289776538,1.289776538,0.0,0.0,0.0,84.38047,0.0,0.0,0.0,0.0,-1.5707964,0.0
1970-01-01 00:00:01.289889655,1.289889655,88.77175,0.0,0.0,0.0,0.0,0.0,0.0,0.0,-1.5707964,0.0
1970-01-01 00:00:01.289952325,1.289952325,0.0,0.0,0.0,0.0,297.2738,0.0,0.0,0.0,-1.5707964,0.0
1970-01-01 00:00:01.290075128,1.290075128,0.0,0.0,0.0,0.0,108.52343,0.0,0.0,0.0,-1.5707964,0.0
1970-01-01 00:00:01.290081760,1.29008176,0.0,134.16441,0.0,0.0,0.0,0.0,0.0,0.0,-1.5707964,0.0
1970-01-01 00:00:01.290282628,1.290282628,0.0,0.0,0.0,104.2103,0.0,0.0,0.0,0.0,-1.5707964,0.0
1970-01-01 00:00:01.290415135,1.290415135,163.9717,0.0,0.0,0.0,0.0,0.0,0.0,0.0,-1.5707964,0.0
1970-01-01 00:00:01.290584991,1.290584991,0.0,206.63295,0.0,0.0,0.0,0.0,0.0,0.0,-1.5707964,0.0
1970-01-01 00:00:01.290760660,1.2907606600000001,0.0,0.0,0.0,117.77412,0.0,0.0,0.0,0.0,-1.5707964,0.0
1970-01-01 00:00:01.290778895,1.2907788949999999,80.16002,0.0,0.0,0.0,0.0,0.0,0.0,0.0,-1.5707964,0.0
1970-01-01 00:00:01.290968599,1.290968599,0.0,0.0,0.0,0.0,263.66727,0.0,0.0,0.0,-1.5707964,0.0
1970-01-01 00:00:01.291050866,1.291050866,0.0,159.44867,0.0,0.0,0.0,0.0,0.0,0.0,-1.5707964,0.0
1970-01-01 00:00:01.291096113,1.291096113,0.0,279.5455,0.0,0.0,0.0,0.0,0.0,0.0,-1.5707964,0.0
1970-01-01 00:00:01.291325290,1.29132529,0.0,0.0,0.0,0.0,119.18406,0.0,0.0,0.0,-1.5707964,0.0
1970-01-01 00:00:01.291445648,1.291445648,0.0,0.0,0.0,147.63477,0.0,0.0,0.0,0.0,-1.5707964,0.0
1970-01-01 00:00:01.291630282,1.291630282,0.0,0.0,0.0,0.0,0.0,164.47359,0.0,0.0,-1.5707964,0.0
1970-01-01 00:00:01.291813581,1.291813581,159.62383,0.0,0.0,0.0,0.0,0.0,0.0,0.0,-1.5707964,0.0
1970-01-01 00:00:01.292280180,1.2922801800000001,0.0,220.51154,0.0,0.0,0.0,0.0,0.0,0.0,-1.5707964,0.0
1970-01-01 00:00:01.292322688,1.292322688,0.0,94.98521,0.0,0.0,0.0,0.0,0.0,0.0,-1.5707964,0.0
1970-01-01 00:00:01.292423640,1.29242364,0.0,107.67806,0.0,0.0,0.0,0.0,0.0,0.0,-1.5707964,0.0
1970-01-01 00:00:01.292603510,1.29260351,0.0,0.0,0.0,0.0,121.86709,0.0,0.0,0.0,-1.5707964,0.0
1970-01-01 00:00:01.292655904,1.292655904,131.56047,0.0,0.0,0.0,0.0,0.0,0.0,0.0,-1.5707964,0.0
1970-01-01 00:00:01.292670744,1.292670744,0.0,274.8616,0.0,0.0,0.0,0.0,0.0,0.0,-1.5707964,0.0
1970-01-01 00:00:01.292739611,1.292739611,229.756,0.0,0.0,0.0,0.0,0.0,0.0,0.0,-1.5707964,0.0
1970-01-01 00:00:01.292741825,1.292741825,0.0,0.0,0.0,0.0,174.09471,0.0,0.0,0.0,-1.5707964,0.0
1970-01-01 00:00:01.292812261,1.292812261,0.0,0.0,0.0,365.49265,0.0,0.0,0.0,0.0,-1.5707964,0.0
1970-01-01 00:00:01.292985554,1.292985554,0.0,0.0,0.0,0.0,279.98587,0.0,0.0,0.0,-1.5707964,0.0
1970-01-01 00:00:01.293116400,1.2931164,0.0,128.75183,0.0,0.0,0.0,0.0,0.0,0.0,-1.5707964,0.0
1970-01-01 00:00:01.293143580,1.29314358,0.0,240.33418,0.0,0.0,0.0,0.0,0.0,0.0,-1.5707964,0.0
1970-01-01 00:00:01.293209501,1.293209501,181.86499,0.0,0.0,0.0,0.0,0.0,0.0,0.0,-1.5707964,0.0
1970-01-01 00:00:01.293290608,1.293290608,0.0,164.2386,0.0,0.0,0.0,0.0,0.0,0.0,-1.5707964,0.0
1970-01-01 00:00:01.293787129,1.293787129,0.0,306.67587,0.0,0.0,0.0,0.0,0.0,0.0,-1.5707964,0.0
1970-01-01 00:00:01.294165811,1.294165811,157.63655,0.0,0.0,0.0,0.0,0.0,0.0,0.0,-1.5707964,0.0
1970-01-01 00:00:01.294205900,1.2942059000000001,0.0,0.0,0.0,0.0,0.0,127.746925,0.0,0.0,-1.5707964,0.0
1970-01-01 00:00:01.294289744,1.294289744,0.0,125.06229,0.0,0.0,0.0,0.0,0.0,0.0,-1.5707964,0.0
1970-01-01 00:00:01.294414774,1.294414774,0.0,185.00787,0.0,0.0,0.0,0.0,0.0,0.0,-1.5707964,0.0
1970-01-01 00:00:01.294431570,1.29443157,0.0,141.92784,0.0,0.0,0.0,0.0,0.0,0.0,-1.5707964,0.0
1970-01-01 00:00:01.294472955,1.294472955,0.0,134.1584,0.0,0.0,0.0,0.0,0.0,0.0,-1.5707964,0.0
1970-01-01 00:00:01.294648983,1.294648983,0.0,0.0,0.0,0.0,173.91922,0.0,0.0,0.0,-1.5707964,0.0
1970-01-01 00:00:01.294774114,1.294774114,0.0,0.0,0.0,140.90921,0.0,0.0,0.0,0.0,-1.5707964,0.0
1970-01-01 00:00:01.294804719,1.294804719,0.0,0.0,0.0,350.2268,0.0,0.0,0.0,0.0,-1.5707964,0.0
1970-01-01 00:00:01.295059873,1.295059873,0.0,0.0,0.0,98.00117,0.0,0.0,0.0,0.0,-1.5707964,0.0
1970-01-01 00:00:01.295072928,1.295072928,0.0,122.48884,0.0,0.0,0.0,0.0,0.0,0.0,-1.5707964,0.0
1970-01-01 00:00:01.295292203,1.295292203,0.0,0.0,0.0,0.0,98.14919,0.0,0.0,0.0,-1.5707964,0.0
1970-01-01 00:00:01.295425783,1.295425783,0.0,135.41118,0.0,0.0,0.0,0.0,0.0,0.0,-1.5707964,0.0
1970-01-01 00:00:01.295444042,1.295444042,0.0,0.0,80.20863,0.0,0.0,0.0,0.0,0.0,-1.5707964,0.0
1970-01-01 00:00:01.295716586,1.295716586,0.0,81.669495,0.0,0.0,0.0,0.0,0.0,0.0,-1.5707964,0.0
1970-01-01 00:00:01.296356332,1.296356332,0.0,0.0,0.0,80.299194,0.0,0.0,0.0,0.0,-1.5707964,0.0
1970-01-01 00:00:01.296418804,1.296418804,0.0,0.0,0.0,0.0,106.53727,0.0,0.0,0.0,-1.5707964,0.0
1970-01-01 00:00:01.296455662,1.296455662,0.0,0.0,0.0,0.0,119.50936,0.0,0.0,0.0,-1.5707964,0.0
1970-01-01 00:00:01.296668544,1.296668544,0.0,102.310005,0.0,0.0,0.0,0.0,0.0,0.0,-1.5707964,0.0
1970-01-01 00:00:01.296683222,1.296683222,0.0,0.0,0.0,94.7867,0.0,0.0,0.0,0.0,-1.5707964,0.0
1970-01-01 00:00:01.296728928,1.296728928,0.0,200.71445,0.0,0.0,0.0,0.0,0.0,0.0,-1.5707964,0.0
1970-01-01 00:00:01.296764006,1.296764006,117.39033,0.0,0.0,0.0,0.0,0.0,0.0,0.0,-1.5707964,0.0
1970-01-01 00:00:01.296826961,1.296826961,0.0,108.98751,0.0,0.0,0.0,0.0,0.0,0.0,-1.5707964,0.0
1970-01-01 00:00:01.296908259,1.296908259,0.0,111.31695,0.0,0.0,0.0,0.0,0.0,0.0,-1.5707964,0.0
1970-01-01 00:00:01.296931411,1.296931411,0.0,193.19252,0.0,0.0,0.0,0.0,0.0,0.0,-1.5707964,0.0
1970-01-01 00:00:01.296962611,1.296962611,0.0,0.0,0.0,0.0,146.42386,0.0,0.0,0.0,-1.5707964,0.0
1970-01-01 00:00:01.297109929,1.2971099289999999,0.0,171.60962,0.0,0.0,0.0,0.0,0.0,0.0,-1.5707964,0.0
1970-01-01 00:00:01.297154551,1.297154551,0.0,99.75919,0.0,0.0,0.0,0.0,0.0,0.0,-1.5707964,0.0
1970-01-01 00:00:01.297225709,1.2972257090000001,0.0,373.59543,0.0,0.0,0.0,0.0,0.0,0.0,-1.5707964,0.0
1970-01-01 00:00:01.297267454,1.297267454,0.0,0.0,0.0,117.66578,0.0,0.0,0.0,0.0,-1.5707964,0.0
1970-01-01 00:00:01.297485324,1.297485324,0.0,386.24203,0.0,0.0,0.0,0.0,0.0,0.0,-1.5707964,0.0
1970-01-01 00:00:01.297536470,1.29753647,0.0,102.742386,0.0,0.0,0.0,0.0,0.0,0.0,-1.5707964,0.0
1970-01-01 00:00:01.297538950,1.29753895,0.0,0.0,0.0,360.57996,0.0,0.0,0.0,0.0,-1.5707964,0.0
1970-01-01 00:00:01.297630246,1.297630246,0.0,214.51385,0.0,0.0,0.0,0.0,0.0,0.0,-1.5707964,0.0
1970-01-01 00:00:01.298082163,1.2980821630000001,0.0,0.0,0.0,0.0,0.0,171.26038,0.0,0.0,-1.5707964,0.0
1970-01-01 00:00:01.298177783,1.2981777829999999,0.0,167.30971,0.0,0.0,0.0,0.0,0.0,0.0,-1.5707964,0.0
1970-01-01 00:00:01.298433885,1.2984338850000001,0.0,129.24146,0.0,0.0,0.0,0.0,0.0,0.0,-1.5707964,0.0
1970-01-01 00:00:01.298449919,1.298449919,0.0,0.0,0.0,0.0,82.24855,0.0,0.0,0.0,-1.5707964,0.0
1970-01-01 00:00:01.298662448,1.298662448,0.0,89.488,0.0,0.0,0.0,0.0,0.0,0.0,-1.5707964,0.0
1970-01-01 00:00:01.298702077,1.298702077,0.0,114.2387,0.0,0.0,0.0,0.0,0.0,0.0,-1.5707964,0.0
1970-01-01 00:00:01.298790462,1.298790462,0.0,0.0,0.0,95.30449,0.0,0.0,0.0,0.0,-1.5707964,0.0
1970-01-01 00:00:01.298986781,1.298986781,0.0,91.84359,0.0,0.0,0.0,0.0,0.0,0.0,-1.5707964,0.0
1970-01-01 00:00:01.299419858,1.299419858,0.0,0.0,0.0,0.0,460.4472,0.0,0.0,0.0,-1.5707964,0.0
1970-01-01 00:00:01.299491980,1.29949198,0.0,170.40765,0.0,0.0,0.0,0.0,0.0,0.0,-1.5707964,0.0
1970-01-01 00:00:01.299492765,1.299492765,0.0,130.40314,0.0,0.0,0.0,0.0,0.0,0.0,-1.5707964,0.0
1970-01-01 00:00:01.299760892,1.2997608920000001,0.0,0.0,0.0,95.809265,0.0,0.0,0.0,0.0,-1.5707964,0.0
1970-01-01 00:00:01.300032213,1.300032213,0.0,186.61368,0.0,0.0,0.0,0.0,0.0,0.0,-1.5707964,0.0
1970-01-01 00:00:01.300193343,1.3001933430000001,0.0,0.0,0.0,0.0,100.639,0.0,0.0,0.0,-1.5707964,0.0
1970-01-01 00:00:01.300197657,1.300197657,0.0,120.83262,0.0,0.0,0.0,0.0,0.0,0.0,-1.5707964,0.0
1970-01-01 00:00:01.300386575,1.300386575,0.0,0.0,0.0,150.94931,0.0,0.0,0.0,0.0,-1.5707964,0.0
1970-01-01 00:00:01.300488278,1.300488278,180.80402,0.0,0.0,0.0,0.0,0.0,0.0,0.0,-1.5707964,0.0
1970-01-01 00:00:01.300538787,1.300538787,0.0,0.0,0.0,0.0,371.45657,0.0,0.0,0.0,-1.5707964,0.0
1970-01-01 00:00:01.300707934,1.300707934,0.0,0.0,0.0,0.0,245.41936,0.0,0.0,0.0,-1.5707964,0.0
1970-01-01 00:00:01.300982542,1.300982542,181.44475,0.0,0.0,0.0,0.0,0.0,0.0,0.0,-1.5707964,0.0
1970-01-01 00:00:01.300993855,1.300993855,0.0,0.0,0.0,0.0,142.3008,0.0,0.0,0.0,-1.5707964,0.0
1970-01-01 00:00:01.301032057,1.301032057,0.0,0.0,0.0,0.0,82.755585,0.0,0.0,0.0,-1.5707964,0.0
1970-01-01 00:00:01.301143067,1.301143067,0.0,141.80927,0.0,0.0,0.0,0.0,0.0,0.0,-1.5707964,0.0
1970-01-01 00:00:01.301193970,1.30119397,273.8709,0.0,0.0,0.0,0.0,0.0,0.0,0.0,-1.5707964,0.0
1970-01-01 00:00:01.301253496,1.301253496,0.0,0.0,0.0,0.0,0.0,149.54437,0.0,0.0,-1.5707964,0.0
1970-01-01 00:00:01.301547634,1.301547634,0.0,0.0,0.0,0.0,120.279205,0.0,0.0,0.0,-1.5707964,0.0
1970-01-01 00:00:01.301609698,1.301609698,0.0,150.52982,0.0,0.0,0.0,0.0,0.0,0.0,-1.5707964,0.0
1970-01-01 00:00:01.301749953,1.301749953,0.0,108.77222,0.0,0.0,0.0,0.0,0.0,0.0,-1.5707964,0.0
1970-01-01 00:00:01.302067679,1.3020676789999999,0.0,206.84764,0.0,0.0,0.0,0.0,0.0,0.0,-1.5707964,0.0
1970-01-01 00:00:01.302111210,1.30211121,86.968056,0.0,0.0,0.0,0.0,0.0,0.0,0.0,-1.5707964,0.0
1970-01-01 00:00:01.302244247,1.302244247,0.0,180.59259,0.0,0.0,0.0,0.0,0.0,0.0,-1.5707964,0.0
1970-01-01 00:00:01.302299204,1.302299204,116.570015,0.0,0.0,0.0,0.0,0.0,0.0,0.0,-1.5707964,0.0
1970-01-01 00:00:01.302507859,1.3025078589999999,0.0,0.0,0.0,0.0,83.85736,0.0,0.0,0.0,-1.5707964,0.0
1970-01-01 00:00:01.302600668,1.302600668,0.0,143.18283,0.0,0.0,0.0,0.0,0.0,0.0,-1.5707964,0.0
1970-01-01 00:00:01.302826035,1.302826035,0.0,158.87863,0.0,0.0,0.0,0.0,0.0,0.0,-1.5707964,0.0
1970-01-01 00:00:01.302861210,1.30286121,118.09757,0.0,0.0,0.0,0.0,0.0,0.0,0.0,-1.5707964,0.0
1970-01-01 00:00:01.302916889,1.302916889,0.0,0.0,0.0,131.27856,0.0,0.0,0.0,0.0,-1.5707964,0.0
1970-01-01 00:00:01.302984834,1.302984834,0.0,220.12704,0.0,0.0,0.0,0.0,0.0,0.0,-1.5707964,0.0
1970-01-01 00:00:01.303010828,1.3030108280000001,98.553345,0.0,0.0,0.0,0.0,0.0,0.0,0.0,-1.5707964,0.0
1970-01-01 00:00:01.303182251,1.303182251,237.1959,0.0,0.0,0.0,0.0,0.0,0.0,0.0,-1.5707964,0.0
1970-01-01 00:00:01.303326665,1.303326665,0.0,0.0,0.0,87.07337,0.0,0.0,0.0,0.0,-1.5707964,0.0
1970-01-01 00:00:01.303651718,1.303651718,0.0,0.0,0.0,89.56329,0.0,0.0,0.0,0.0,-1.5707964,0.0
1970-01-01 00:00:01.303655855,1.303655855,0.0,0.0,0.0,135.69151,0.0,0.0,0.0,0.0,-1.5707964,0.0
1970-01-01 00:00:01.303791602,1.303791602,0.0,210.89877,0.0,0.0,0.0,0.0,0.0,0.0,-1.5707964,0.0
1970-01-01 00:00:01.303881296,1.3038812960000001,0.0,0.0,0.0,0.0,121.90816,0.0,0.0,0.0,-1.5707964,0.0
1970-01-01 00:00:01.303907230,1.30390723,0.0,204.77086,0.0,0.0,0.0,0.0,0.0,0.0,-1.5707964,0.0
1970-01-01 00:00:01.303945289,1.303945289,0.0,0.0,0.0,0.0,147.64238,0.0,0.0,0.0,-1.5707964,0.0
1970-01-01 00:00:01.303996044,1.303996044,0.0,0.0,0.0,716.0661,0.0,0.0,0.0,0.0,-1.5707964,0.0
1970-01-01 00:00:01.304207285,1.304207285,0.0,91.10343,0.0,0.0,0.0,0.0,0.0,0.0,-1.5707964,0.0
1970-01-01 00:00:01.304429984,1.304429984,0.0,406.1105,0.0,0.0,0.0,0.0,0.0,0.0,-1.5707964,0.0
1970-01-01 00:00:01.304608559,1.304608559,0.0,0.0,0.0,0.0,125.18803,0.0,0.0,0.0,-1.5707964,0.0
1970-01-01 00:00:01.304678745,1.304678745,138.39499,0.0,0.0,0.0,0.0,0.0,0.0,0.0,-1.5707964,0.0
1970-01-01 00:00:01.304884590,1.30488459,0.0,0.0,0.0,82.355835,0.0,0.0,0.0,0.0,-1.5707964,0.0
1970-01-01 00:00:01.304944943,1.304944943,0.0,0.0,0.0,92.979805,0.0,0.0,0.0,0.0,-1.5707964,0.0
1970-01-01 00:00:01.305039810,1.30503981,0.0,0.0,0.0,0.0,160.74414,0.0,0.0,0.0,-1.5707964,0.0
1970-01-01 00:00:01.305058563,1.305058563,0.0,85.96375,0.0,0.0,0.0,0.0,0.0,0.0,-1.5707964,0.0
1970-01-01 00:00:01.305131434,1.305131434,0.0,0.0,0.0,0.0,172.27724,0.0,0.0,0.0,-1.5707964,0.0
1970-01-01 00:00:01.305272698,1.305272698,0.0,0.0,0.0,0.0,367.60828,0.0,0.0,0.0,-1.5707964,0.0
1970-01-01 00:00:01.305288377,1.305288377,207.47617,0.0,0.0,0.0,0.0,0.0,0.0,0.0,-1.5707964,0.0
1970-01-01 00:00:01.305329272,1.305329272,0.0,0.0,0.0,0.0,192.0626,0.0,0.0,0.0,-1.5707964,0.0
1970-01-01 00:00:01.305416088,1.3054160879999999,0.0,218.4701,0.0,0.0,0.0,0.0,0.0,0.0,-1.5707964,0.0
1970-01-01 00:00:01.305423968,1.305423968,107.65175,0.0,0.0,0.0,0.0,0.0,0.0,0.0,-1.5707964,0.0
1970-01-01 00:00:01.305438305,1.305438305,0.0,0.0,0.0,0.0,85.910416,0.0,0.0,0.0,-1.5707964,0.0
1970-01-01 00:00:01.305484078,1.305484078,0.0,144.54054,0.0,0.0,0.0,0.0,0.0,0.0,-1.5707964,0.0
1970-01-01 00:00:01.305658742,1.3056587419999999,0.0,0.0,0.0,0.0,258.1241,0.0,0.0,0.0,-1.5707964,0.0
1970-01-01 00:00:01.305808725,1.305808725,0.0,0.0,0.0,0.0,0.0,238.32083,0.0,0.0,-1.5707964,0.0
1970-01-01 00:00:01.305885030,1.30588503,190.67911,0.0,0.0,0.0,0.0,0.0,0.0,0.0,-1.5707964,0.0
1970-01-01 00:00:01.306007969,1.306007969,0.0,0.0,0.0,121.83867,0.0,0.0,0.0,0.0,-1.5707964,0.0
1970-01-01 00:00:01.306294730,1.30629473,0.0,155.13155,0.0,0.0,0.0,0.0,0.0,0.0,-1.5707964,0.0
1970-01-01 00:00:01.306392324,1.306392324,0.0,0.0,0.0,0.0,89.1329,0.0,0.0,0.0,-1.5707964,0.0
1970-01-01 00:00:01.306502896,1.306502896,107.763306,0.0,0.0,0.0,0.0,0.0,0.0,0.0,-1.5707964,0.0
1970-01-01 00:00:01.306608675,1.306608675,0.0,0.0,0.0,0.0,129.94308,0.0,0.0,0.0,-1.5707964,0.0
1970-01-01 00:00:01.306827542,1.306827542,0.0,80.17427,0.0,0.0,0.0,0.0,0.0,0.0,-1.5707964,0.0
1970-01-01 00:00:01.307023173,1.307023173,0.0,0.0,0.0,0.0,205.85855,0.0,0.0,0.0,-1.5707964,0.0
1970-01-01 00:00:01.307089525,1.3070895249999999,0.0,239.04242,0.0,0.0,0.0,0.0,0.0,0.0,-1.5707964,0.0
1970-01-01 00:00:01.307132134,1.307132134,0.0,0.0,0.0,224.0233,0.0,0.0,0.0,0.0,-1.5707964,0.0
1970-01-01 00:00:01.307320917,1.307320917,0.0,0.0,0.0,152.58171,0.0,0.0,0.0,0.0,-1.5707964,0.0
1970-01-01 00:00:01.307397178,1.307397178,0.0,0.0,0.0,0.0,99.012924,0.0,0.0,0.0,-1.5707964,0.0
1970-01-01 00:00:01.307483181,1.307483181,0.0,88.81156,0.0,0.0,0.0,0.0,0.0,0.0,-1.5707964,0.0
1970-01-01 00:00:01.307600242,1.307600242,0.0,0.0,0.0,0.0,139.21976,0.0,0.0,0.0,-1.5707964,0.0
1970-01-01 00:00:01.307623041,1.307623041,0.0,149.1545,0.0,0.0,0.0,0.0,0.0,0.0,-1.5707964,0.0
1970-01-01 00:00:01.307653448,1.307653448,217.51945,0.0,0.0,0.0,0.0,0.0,0.0,0.0,-1.5707964,0.0
1970-01-01 00:00:01.307673812,1.307673812,0.0,253.79942,0.0,0.0,0.0,0.0,0.0,0.0,-1.5707964,0.0
1970-01-01 00:00:01.307785989,1.307785989,0.0,185.64018,0.0,0.0,0.0,0.0,0.0,0.0,-1.5707964,0.0
1970-01-01 00:00:01.307793142,1.307793142,186.83809,0.0,0.0,0.0,0.0,0.0,0.0,0.0,-1.5707964,0.0
1970-01-01 00:00:01.307887960,1.30788796,0.0,0.0,0.0,164.81065,0.0,0.0,0.0,0.0,-1.5707964,0.0
1970-01-01 00:00:01.308035972,1.3080359719999999,0.0,0.0,0.0,0.0,129.32616,0.0,0.0,0.0,-1.5707964,0.0
1970-01-01 00:00:01.308150096,1.3081500959999999,0.0,0.0,0.0,0.0,0.0,197.82027,0.0,0.0,-1.5707964,0.0
1970-01-01 00:00:01.308422041,1.308422041,0.0,0.0,0.0,0.0,95.70679,0.0,0.0,0.0,-1.5707964,0.0
1970-01-01 00:00:01.308584937,1.308584937,0.0,0.0,0.0,0.0,111.000656,0.0,0.0,0.0,-1.5707964,0.0
1970-01-01 00:00:01.308698875,1.308698875,0.0,0.0,0.0,0.0,141.65413,0.0,0.0,0.0,-1.5707964,0.0
1970-01-01 00:00:01.308872114,1.308872114,0.0,87.13797,0.0,0.0,0.0,0.0,0.0,0.0,-1.5707964,0.0
1970-01-01 00:00:01.309102686,1.3091026860000001,0.0,0.0,0.0,111.82305,0.0,0.0,0.0,0.0,-1.5707964,0.0
1970-01-01 00:00:01.309185238,1.309185238,0.0,0.0,0.0,0.0,130.69551,0.0,0.0,0.0,-1.5707964,0.0
1970-01-01 00:00:01.309408152,1.309408152,0.0,0.0,0.0,330.7944,0.0,0.0,0.0,0.0,-1.5707964,0.0
1970-01-01 00:00:01.309464739,1.309464739,174.24644,0.0,0.0,0.0,0.0,0.0,0.0,0.0,-1.5707964,0.0
1970-01-01 00:00:01.309665804,1.309665804,139.18253,0.0,0.0,0.0,0.0,0.0,0.0,0.0,-1.5707964,0.0
1970-01-01 00:00:01.309828808,1.309828808,0.0,0.0,0.0,0.0,0.0,267.9009,0.0,0.0,-1.5707964,0.0
1970-01-01 00:00:01.310244310,1.31024431,0.0,0.0,0.0,0.0,175.29298,0.0,0.0,0.0,-1.5707964,0.0
1970-01-01 00:00:01.310524841,1.3105248409999999,0.0,0.0,0.0,0.0,139.32935,0.0,0.0,0.0,-1.5707964,0.0
1970-01-01 00:00:01.310778730,1.31077873,0.0,254.3452,0.0,0.0,0.0,0.0,0.0,0.0,-1.5707964,0.0
1970-01-01 00:00:01.310799820,1.31079982,243.33754,0.0,0.0,0.0,0.0,0.0,0.0,0.0,-1.5707964,0.0
1970-01-01 00:00:01.311022329,1.311022329,0.0,0.0,0.0,0.0,104.072876,0.0,0.0,0.0,-1.5707964,0.0
1970-01-01 00:00:01.311071913,1.311071913,0.0,0.0,0.0,0.0,148.54378,0.0,0.0,0.0,-1.5707964,0.0
1970-01-01 00:00:01.311102998,1.311102998,0.0,0.0,0.0,0.0,150.61942,0.0,0.0,0.0,-1.5707964,0.0
1970-01-01 00:00:01.311174470,1.31117447,0.0,83.2789,0.0,0.0,0.0,0.0,0.0,0.0,-1.5707964,0.0
1970-01-01 00:00:01.311207330,1.31120733,0.0,0.0,0.0,120.93477,0.0,0.0,0.0,0.0,-1.5707964,0.0
1970-01-01 00:00:01.311271701,1.311271701,94.75818,0.0,0.0,0.0,0.0,0.0,0.0,0.0,-1.5707964,0.0
1970-01-01 00:00:01.311292025,1.311292025,365.6325,0.0,0.0,0.0,0.0,0.0,0.0,0.0,-1.5707964,0.0
1970-01-01 00:00:01.311506513,1.3115065129999999,0.0,0.0,0.0,0.0,94.24101,0.0,0.0,0.0,-1.5707964,0.0
1970-01-01 00:00:01.311519464,1.311519464,0.0,87.930305,0.0,0.0,0.0,0.0,0.0,0.0,-1.5707964,0.0
1970-01-01 00:00:01.311647567,1.311647567,231.84538,0.0,0.0,0.0,0.0,0.0,0.0,0.0,-1.5707964,0.0
1970-01-01 00:00:01.311751788,1.311751788,0.0,110.2811,0.0,0.0,0.0,0.0,0.0,0.0,-1.5707964,0.0
1970-01-01 00:00:01.311795913,1.311795913,99.419586,0.0,0.0,0.0,0.0,0.0,0.0,0.0,-1.5707964,0.0
1970-01-01 00:00:01.311895152,1.311895152,0.0,0.0,0.0,142.95161,0.0,0.0,0.0,0.0,-1.5707964,0.0
1970-01-01 00:00:01.312038107,1.312038107,0.0,86.03107,0.0,0.0,0.0,0.0,0.0,0.0,-1.5707964,0.0
1970-01-01 00:00:01.312120442,1.3121204419999999,0.0,0.0,0.0,0.0,85.122604,0.0,0.0,0.0,-1.5707964,0.0
1970-01-01 00:00:01.312614122,1.312614122,210.12375,0.0,0.0,0.0,0.0,0.0,0.0,0.0,-1.5707964,0.0
1970-01-01 00:00:01.312660904,1.312660904,98.0953,0.0,0.0,0.0,0.0,0.0,0.0,0.0,-1.5707964,0.0
1970-01-01 00:00:01.312725698,1.312725698,0.0,0.0,0.0,0.0,0.0,517.67224,0.0,0.0,-1.5707964,0.0
1970-01-01 00:00:01.312854244,1.312854244,0.0,0.0,0.0,0.0,180.87779,0.0,0.0,0.0,-1.5707964,0.0
1970-01-01 00:00:01.312943110,1.31294311,0.0,233.03471,0.0,0.0,0.0,0.0,0.0,0.0,-1.5707964,0.0
1970-01-01 00:00:01.313059186,1.313059186,0.0,0.0,0.0,0.0,102.99991,0.0,0.0,0.0,-1.5707964,0.0
1970-01-01 00:00:01.313082450,1.31308245,0.0,0.0,0.0,117.50232,0.0,0.0,0.0,0.0,-1.5707964,0.0
1970-01-01 00:00:01.313089103,1.313089103,0.0,130.24686,0.0,0.0,0.0,0.0,0.0,0.0,-1.5707964,0.0
1970-01-01 00:00:01.313111995,1.3131119949999999,0.0,0.0,0.0,273.0746,0.0,0.0,0.0,0.0,-1.5707964,0.0
1970-01-01 00:00:01.313140090,1.31314009,0.0,0.0,0.0,82.96814,0.0,0.0,0.0,0.0,-1.5707964,0.0
1970-01-01 00:00:01.313203325,1.313203325,0.0,0.0,0.0,111.47529,0.0,0.0,0.0,0.0,-1.5707964,0.0
1970-01-01 00:00:01.313221318,1.313221318,0.0,95.92151,0.0,0.0,0.0,0.0,0.0,0.0,-1.5707964,0.0
1970-01-01 00:00:01.313501080,1.31350108,139.70932,0.0,0.0,0.0,0.0,0.0,0.0,0.0,-1.5707964,0.0
1970-01-01 00:00:01.313878316,1.313878316,0.0,0.0,0.0,0.0,82.92635,0.0,0.0,0.0,-1.5707964,0.0
1970-01-01 00:00:01.313899511,1.313899511,0.0,0.0,0.0,0.0,114.79518,0.0,0.0,0.0,-1.5707964,0.0
1970-01-01 00:00:01.314022613,1.3140226130000001,0.0,0.0,0.0,0.0,270.13354,0.0,0.0,0.0,-1.5707964,0.0
1970-01-01 00:00:01.314030989,1.314030989,0.0,284.1692,0.0,0.0,0.0,0.0,0.0,0.0,-1.5707964,0.0
1970-01-01 00:00:01.314250241,1.3142502409999999,264.6635,0.0,0.0,0.0,0.0,0.0,0.0,0.0,-1.5707964,0.0
1970-01-01 00:00:01.314252978,1.314252978,0.0,92.86744,0.0,0.0,0.0,0.0,0.0,0.0,-1.5707964,0.0
1970-01-01 00:00:01.314312100,1.3143121,0.0,0.0,0.0,169.65663,0.0,0.0,0.0,0.0,-1.5707964,0.0
1970-01-01 00:00:01.314327845,1.314327845,151.14893,0.0,0.0,0.0,0.0,0.0,0.0,0.0,-1.5707964,0.0
1970-01-01 00:00:01.314713563,1.314713563,132.24081,0.0,0.0,0.0,0.0,0.0,0.0,0.0,-1.5707964,0.0
1970-01-01 00:00:01.314796726,1.314796726,0.0,111.68531,0.0,0.0,0.0,0.0,0.0,0.0,-1.5707964,0.0
1970-01-01 00:00:01.314876997,1.314876997,0.0,0.0,0.0,0.0,106.679245,0.0,0.0,0.0,-1.5707964,0.0
1970-01-01 00:00:01.314911609,1.314911609,0.0,313.59076,0.0,0.0,0.0,0.0,0.0,0.0,-1.5707964,0.0
1970-01-01 00:00:01.314985472,1.314985472,0.0,0.0,0.0,0.0,148.07625,0.0,0.0,0.0,-1.5707964,0.0
1970-01-01 00:00:01.314997652,1.314997652,0.0,0.0,0.0,336.37482,0.0,0.0,0.0,0.0,-1.5707964,0.0
1970-01-01 00:00:01.315165473,1.315165473,0.0,0.0,0.0,0.0,269.87424,0.0,0.0,0.0,-1.5707964,0.0
1970-01-01 00:00:01.315391709,1.315391709,0.0,80.088165,0.0,0.0,0.0,0.0,0.0,0.0,-1.5707964,0.0
1970-01-01 00:00:01.315513279,1.315513279,0.0,0.0,0.0,0.0,107.35049,0.0,0.0,0.0,-1.5707964,0.0
1970-01-01 00:00:01.315569148,1.315569148,0.0,152.90355,0.0,0.0,0.0,0.0,0.0,0.0,-1.5707964,0.0
1970-01-01 00:00:01.315774921,1.315774921,0.0,0.0,0.0,0.0,0.0,119.84835,0.0,0.0,-1.5707964,0.0
1970-01-01 00:00:01.315806278,1.315806278,0.0,123.31084,0.0,0.0,0.0,0.0,0.0,0.0,-1.5707964,0.0
1970-01-01 00:00:01.315818361,1.315818361,0.0,0.0,0.0,193.35283,0.0,0.0,0.0,0.0,-1.5707964,0.0
1970-01-01 00:00:01.315844774,1.3158447739999999,0.0,0.0,0.0,0.0,156.57288,0.0,0.0,0.0,-1.5707964,0.0
1970-01-01 00:00:01.316015141,1.316015141,0.0,0.0,158.9039,0.0,0.0,0.0,0.0,0.0,-1.5707964,0.0
1970-01-01 00:00:01.316142484,1.316142484,0.0,160.98987,0.0,0.0,0.0,0.0,0.0,0.0,-1.5707964,0.0
1970-01-01 00:00:01.316176299,1.3161762989999999,569.0771,0.0,0.0,0.0,0.0,0.0,0.0,0.0,-1.5707964,0.0
1970-01-01 00:00:01.316188266,1.316188266,0.0,0.0,0.0,0.0,96.97488,0.0,0.0,0.0,-1.5707964,0.0
1970-01-01 00:00:01.316254914,1.316254914,0.0,0.0,0.0,207.52359,0.0,0.0,0.0,0.0,-1.5707964,0.0
1970-01-01 00:00:01.316367153,1.316367153,178.23233,0.0,0.0,0.0,0.0,0.0,0.0,0.0,-1.5707964,0.0
1970-01-01 00:00:01.316381093,1.316381093,0.0,0.0,0.0,0.0,0.0,89.84612,0.0,0.0,-1.5707964,0.0
1970-01-01 00:00:01.316471722,1.316471722,199.91864,0.0,0.0,0.0,0.0,0.0,0.0,0.0,-1.5707964,0.0
1970-01-01 00:00:01.316474345,1.316474345,0.0,0.0,0.0,103.01575,0.0,0.0,0.0,0.0,-1.5707964,0.0
1970-01-01 00:00:01.316505315,1.3165053150000001,85.19551,0.0,0.0,0.0,0.0,0.0,0.0,0.0,-1.5707964,0.0
1970-01-01 00:00:01.316576572,1.316576572,154.11548,0.0,0.0,0.0,0.0,0.0,0.0,0.0,-1.5707964,0.0
1970-01-01 00:00:01.317008436,1.317008436,0.0,118.722046,0.0,0.0,0.0,0.0,0.0,0.0,-1.5707964,0.0
1970-01-01 00:00:01.317116884,1.317116884,0.0,0.0,0.0,98.748856,0.0,0.0,0.0,0.0,-1.5707964,0.0
1970-01-01 00:00:01.317188073,1.317188073,0.0,88.60332,0.0,0.0,0.0,0.0,0.0,0.0,-1.5707964,0.0
1970-01-01 00:00:01.317271473,1.317271473,0.0,0.0,0.0,160.0508,0.0,0.0,0.0,0.0,-1.5707964,0.0
1970-01-01 00:00:01.317346052,1.317346052,0.0,0.0,0.0,0.0,149.74013,0.0,0.0,0.0,-1.5707964,0.0
1970-01-01 00:00:01.317465323,1.317465323,0.0,0.0,138.298,0.0,0.0,0.0,0.0,0.0,-1.5707964,0.0
1970-01-01 00:00:01.317648381,1.317648381,0.0,123.04759,0.0,0.0,0.0,0.0,0.0,0.0,-1.5707964,0.0
1970-01-01 00:00:01.317709567,1.317709567,0.0,0.0,0.0,124.42657,0.0,0.0,0.0,0.0,-1.5707964,0.0
1970-01-01 00:00:01.317923339,1.317923339,0.0,83.92179,0.0,0.0,0.0,0.0,0.0,0.0,-1.5707964,0.0
1970-01-01 00:00:01.317946324,1.317946324,0.0,107.78494,0.0,0.0,0.0,0.0,0.0,0.0,-1.5707964,0.0
1970-01-01 00:00:01.317981853,1.317981853,0.0,148.98306,0.0,0.0,0.0,0.0,0.0,0.0,-1.5707964,0.0
1970-01-01 00:00:01.318089909,1.318089909,0.0,0.0,0.0,198.0341,0.0,0.0,0.0,0.0,-1.5707964,0.0
1970-01-01 00:00:01.318268659,1.3182686590000001,0.0,81.943504,0.0,0.0,0.0,0.0,0.0,0.0,-1.5707964,0.0
1970-01-01 00:00:01.318438948,1.318438948,0.0,0.0,0.0,0.0,128.23003,0.0,0.0,0.0,-1.5707964,0.0
1970-01-01 00:00:01.318509653,1.318509653,0.0,0.0,0.0,0.0,172.23064,0.0,0.0,0.0,-1.5707964,0.0
1970-01-01 00:00:01.318527832,1.318527832,0.0,254.29292,0.0,0.0,0.0,0.0,0.0,0.0,-1.5707964,0.0
1970-01-01 00:00:01.318594770,1.31859477,0.0,167.11028,0.0,0.0,0.0,0.0,0.0,0.0,-1.5707964,0.0
1970-01-01 00:00:01.318632587,1.318632587,0.0,139.21185,0.0,0.0,0.0,0.0,0.0,0.0,-1.5707964,0.0
1970-01-01 00:00:01.318834234,1.318834234,0.0,0.0,0.0,0.0,90.153076,0.0,0.0,0.0,-1.5707964,0.0
1970-01-01 00:00:01.318898720,1.31889872,0.0,145.25262,0.0,0.0,0.0,0.0,0.0,0.0,-1.5707964,0.0
1970-01-01 00:00:01.319147294,1.319147294,0.0,82.274635,0.0,0.0,0.0,0.0,0.0,0.0,-1.5707964,0.0
1970-01-01 00:00:01.319157764,1.319157764,97.99803,0.0,0.0,0.0,0.0,0.0,0.0,0.0,-1.5707964,0.0
1970-01-01 00:00:01.319381430,1.31938143,0.0,0.0,0.0,0.0,170.76476,0.0,0.0,0.0,-1.5707964,0.0
1970-01-01 00:00:01.319384083,1.319384083,151.78737,0.0,0.0,0.0,0.0,0.0,0.0,0.0,-1.5707964,0.0
1970-01-01 00:00:01.319384101,1.319384101,0.0,0.0,0.0,0.0,86.92392,0.0,0.0,0.0,-1.5707964,0.0
1970-01-01 00:00:01.319401316,1.319401316,165.65349,0.0,0.0,0.0,0.0,0.0,0.0,0.0,-1.5707964,0.0
1970-01-01 00:00:01.319413824,1.319413824,0.0,138.6867,0.0,0.0,0.0,0.0,0.0,0.0,-1.5707964,0.0
1970-01-01 00:00:01.319501010,1.31950101,359.86176,0.0,0.0,0.0,0.0,0.0,0.0,0.0,-1.5707964,0.0
1970-01-01 00:00:01.319564879,1.319564879,0.0,181.34442,0.0,0.0,0.0,0.0,0.0,0.0,-1.5707964,0.0
1970-01-01 00:00:01.319719699,1.319719699,0.0,0.0,0.0,0.0,98.688065,0.0,0.0,0.0,-1.5707964,0.0
1970-01-01 00:00:01.319801576,1.319801576,0.0,0.0,0.0,125.95242,0.0,0.0,0.0,0.0,-1.5707964,0.0
1970-01-01 00:00:01.319906165,1.319906165,0.0,0.0,0.0,0.0,103.13862,0.0,0.0,0.0,-1.5707964,0.0
1970-01-01 00:00:01.319990537,1.319990537,0.0,83.528824,0.0,0.0,0.0,0.0,0.0,0.0,-1.5707964,0.0
1970-01-01 00:00:01.320005028,1.320005028,0.0,95.122154,0.0,0.0,0.0,0.0,0.0,0.0,-1.5707964,0.0
1970-01-01 00:00:01.320123588,1.320123588,0.0,0.0,0.0,0.0,100.17531,0.0,0.0,0.0,-1.5707964,0.0
1970-01-01 00:00:01.320281366,1.3202813660000001,143.72157,0.0,0.0,0.0,0.0,0.0,0.0,0.0,-1.5707964,0.0
1970-01-01 00:00:01.320384289,1.320384289,0.0,102.265114,0.0,0.0,0.0,0.0,0.0,0.0,-1.5707964,0.0
1970-01-01 00:00:01.320494057,1.3204940569999999,0.0,155.0632,0.0,0.0,0.0,0.0,0.0,0.0,-1.5707964,0.0
1970-01-01 00:00:01.320562369,1.3205623690000001,0.0,202.10043,0.0,0.0,0.0,0.0,0.0,0.0,-1.5707964,0.0
1970-01-01 00:00:01.320583013,1.320583013,0.0,0.0,0.0,0.0,124.56806,0.0,0.0,0.0,-1.5707964,0.0
1970-01-01 00:00:01.320762408,1.320762408,0.0,0.0,0.0,186.36742,0.0,0.0,0.0,0.0,-1.5707964,0.0
1970-01-01 00:00:01.320821563,1.320821563,266.94073,0.0,0.0,0.0,0.0,0.0,0.0,0.0,-1.5707964,0.0
1970-01-01 00:00:01.320827518,1.320827518,0.0,0.0,0.0,0.0,104.86672,0.0,0.0,0.0,-1.5707964,0.0
1970-01-01 00:00:01.320869165,1.320869165,0.0,0.0,0.0,0.0,120.447266,0.0,0.0,0.0,-1.5707964,0.0
1970-01-01 00:00:01.321008800,1.3210088,0.0,179.40163,0.0,0.0,0.0,0.0,0.0,0.0,-1.5707964,0.0
1970-01-01 00:00:01.321045774,1.321045774,103.27587,0.0,0.0,0.0,0.0,0.0,0.0,0.0,-1.5707964,0.0
1970-01-01 00:00:01.321077636,1.321077636,0.0,118.007805,0.0,0.0,0.0,0.0,0.0,0.0,-1.5707964,0.0
1970-01-01 00:00:01.321188261,1.321188261,0.0,0.0,0.0,0.0,85.14098,0.0,0.0,0.0,-1.5707964,0.0
1970-01-01 00:00:01.321260099,1.321260099,201.37148,0.0,0.0,0.0,0.0,0.0,0.0,0.0,-1.5707964,0.0
1970-01-01 00:00:01.321365907,1.3213659070000001,0.0,0.0,0.0,0.0,100.573166,0.0,0.0,0.0,-1.5707964,0.0
1970-01-01 00:00:01.321497207,1.321497207,0.0,0.0,0.0,0.0,167.27802,0.0,0.0,0.0,-1.5707964,0.0
1970-01-01 00:00:01.321524039,1.321524039,0.0,110.580795,0.0,0.0,0.0,0.0,0.0,0.0,-1.5707964,0.0
1970-01-01 00:00:01.321729958,1.321729958,0.0,162.85739,0.0,0.0,0.0,0.0,0.0,0.0,-1.5707964,0.0
1970-01-01 00:00:01.321768377,1.321768377,0.0,251.37123,0.0,0.0,0.0,0.0,0.0,0.0,-1.5707964,0.0
1970-01-01 00:00:01.321818071,1.321818071,203.2591,0.0,0.0,0.0,0.0,0.0,0.0,0.0,-1.5707964,0.0
1970-01-01 00:00:01.321868871,1.321868871,0.0,0.0,0.0,145.44704,0.0,0.0,0.0,0.0,-1.5707964,0.0
1970-01-01 00:00:01.322007863,1.322007863,179.04681,0.0,0.0,0.0,0.0,0.0,0.0,0.0,-1.5707964,0.0
1970-01-01 00:00:01.322089073,1.322089073,0.0,0.0,0.0,157.30902,0.0,0.0,0.0,0.0,-1.5707964,0.0
1970-01-01 00:00:01.322154627,1.322154627,0.0,83.492905,0.0,0.0,0.0,0.0,0.0,0.0,-1.5707964,0.0
1970-01-01 00:00:01.322238389,1.322238389,0.0,87.11761,0.0,0.0,0.0,0.0,0.0,0.0,-1.5707964,0.0
1970-01-01 00:00:01.322352660,1.32235266,0.0,0.0,0.0,0.0,95.95291,0.0,0.0,0.0,-1.5707964,0.0
1970-01-01 00:00:01.322396269,1.322396269,0.0,0.0,0.0,0.0,182.57503,0.0,0.0,0.0,-1.5707964,0.0
1970-01-01 00:00:01.322511740,1.32251174,0.0,81.703964,0.0,0.0,0.0,0.0,0.0,0.0,-1.5707964,0.0
1970-01-01 00:00:01.322557382,1.322557382,0.0,0.0,0.0,115.79188,0.0,0.0,0.0,0.0,-1.5707964,0.0
1970-01-01 00:00:01.322583075,1.322583075,0.0,0.0,0.0,0.0,181.98611,0.0,0.0,0.0,-1.5707964,0.0
1970-01-01 00:00:01.322638954,1.3226389539999999,0.0,0.0,0.0,0.0,378.07794,0.0,0.0,0.0,-1.5707964,0.0
1970-01-01 00:00:01.322809225,1.3228092249999999,0.0,0.0,0.0,0.0,0.0,320.4372,0.0,0.0,-1.5707964,0.0
1970-01-01 00:00:01.322978899,1.322978899,0.0,104.42702,0.0,0.0,0.0,0.0,0.0,0.0,-1.5707964,0.0
1970-01-01 00:00:01.323040833,1.323040833,0.0,245.5801,0.0,0.0,0.0,0.0,0.0,0.0,-1.5707964,0.0
1970-01-01 00:00:01.323064181,1.323064181,0.0,90.41787,0.0,0.0,0.0,0.0,0.0,0.0,-1.5707964,0.0
1970-01-01 00:00:01.323065489,1.323065489,87.7857,0.0,0.0,0.0,0.0,0.0,0.0,0.0,-1.5707964,0.0
1970-01-01 00:00:01.323077303,1.323077303,109.7729,0.0,0.0,0.0,0.0,0.0,0.0,0.0,-1.5707964,0.0
1970-01-01 00:00:01.323108983,1.323108983,0.0,0.0,0.0,101.228035,0.0,0.0,0.0,0.0,-1.5707964,0.0
1970-01-01 00:00:01.323175039,1.323175039,0.0,236.93532,0.0,0.0,0.0,0.0,0.0,0.0,-1.5707964,0.0
1970-01-01 00:00:01.323233020,1.32323302,0.0,106.1392,0.0,0.0,0.0,0.0,0.0,0.0,-1.5707964,0.0
1970-01-01 00:00:01.323259467,1.323259467,0.0,0.0,0.0,129.04875,0.0,0.0,0.0,0.0,-1.5707964,0.0
1970-01-01 00:00:01.323379488,1.323379488,106.44174,0.0,0.0,0.0,0.0,0.0,0.0,0.0,-1.5707964,0.0
1970-01-01 00:00:01.323531392,1.323531392,0.0,0.0,0.0,0.0,322.00638,0.0,0.0,0.0,-1.5707964,0.0
1970-01-01 00:00:01.323557818,1.323557818,130.30653,0.0,0.0,0.0,0.0,0.0,0.0,0.0,-1.5707964,0.0
1970-01-01 00:00:01.323601497,1.323601497,86.25151,0.0,0.0,0.0,0.0,0.0,0.0,0.0,-1.5707964,0.0
1970-01-01 00:00:01.323611835,1.323611835,0.0,0.0,0.0,229.78879,0.0,0.0,0.0,0.0,-1.5707964,0.0
1970-01-01 00:00:01.323701793,1.3237017930000001,0.0,0.0,0.0,0.0,0.0,221.72743,0.0,0.0,-1.5707964,0.0
1970-01-01 00:00:01.323712280,1.32371228,0.0,0.0,0.0,0.0,230.61201,0.0,0.0,0.0,-1.5707964,0.0
1970-01-01 00:00:01.323877107,1.323877107,93.23943,0.0,0.0,0.0,0.0,0.0,0.0,0.0,-1.5707964,0.0
1970-01-01 00:00:01.324014975,1.3240149749999999,0.0,0.0,0.0,0.0,0.0,90.025215,0.0,0.0,-1.5707964,0.0
1970-01-01 00:00:01.324215497,1.324215497,210.49348,0.0,0.0,0.0,0.0,0.0,0.0,0.0,-1.5707964,0.0
1970-01-01 00:00:01.324317113,1.324317113,0.0,258.19803,0.0,0.0,0.0,0.0,0.0,0.0,-1.5707964,0.0
1970-01-01 00:00:01.324406926,1.324406926,285.32462,0.0,0.0,0.0,0.0,0.0,0.0,0.0,-1.5707964,0.0
1970-01-01 00:00:01.324510256,1.324510256,0.0,0.0,0.0,0.0,145.93611,0.0,0.0,0.0,-1.5707964,0.0
1970-01-01 00:00:01.324615719,1.324615719,0.0,297.27267,0.0,0.0,0.0,0.0,0.0,0.0,-1.5707964,0.0
1970-01-01 00:00:01.324721030,1.32472103,0.0,93.053955,0.0,0.0,0.0,0.0,0.0,0.0,-1.5707964,0.0
1970-01-01 00:00:01.324772487,1.324772487,0.0,221.3842,0.0,0.0,0.0,0.0,0.0,0.0,-1.5707964,0.0
1970-01-01 00:00:01.324778906,1.324778906,0.0,80.6976,0.0,0.0,0.0,0.0,0.0,0.0,-1.5707964,0.0
1970-01-01 00:00:01.324949146,1.324949146,0.0,0.0,0.0,0.0,154.10301,0.0,0.0,0.0,-1.5707964,0.0
1970-01-01 00:00:01.324966544,1.324966544,0.0,87.94935,0.0,0.0,0.0,0.0,0.0,0.0,-1.5707964,0.0
1970-01-01 00:00:01.324990121,1.324990121,0.0,284.53796,0.0,0.0,0.0,0.0,0.0,0.0,-1.5707964,0.0
1970-01-01 00:00:01.325117640,1.32511764,0.0,81.600075,0.0,0.0,0.0,0.0,0.0,0.0,-1.5707964,0.0
1970-01-01 00:00:01.325184786,1.325184786,0.0,106.32122,0.0,0.0,0.0,0.0,0.0,0.0,-1.5707964,0.0
1970-01-01 00:00:01.325246026,1.325246026,192.19284,0.0,0.0,0.0,0.0,0.0,0.0,0.0,-1.5707964,0.0
1970-01-01 00:00:01.325329691,1.3253296909999999,0.0,0.0,0.0,0.0,142.08696,0.0,0.0,0.0,-1.5707964,0.0
1970-01-01 00:00:01.325389828,1.325389828,102.58262,0.0,0.0,0.0,0.0,0.0,0.0,0.0,-1.5707964,0.0
1970-01-01 00:00:01.325423587,1.325423587,0.0,85.71312,0.0,0.0,0.0,0.0,0.0,0.0,-1.5707964,0.0
1970-01-01 00:00:01.325698911,1.325698911,0.0,120.975716,0.0,0.0,0.0,0.0,0.0,0.0,-1.5707964,0.0
1970-01-01 00:00:01.325972913,1.325972913,0.0,190.94832,0.0,0.0,0.0,0.0,0.0,0.0,-1.5707964,0.0
1970-01-01 00:00:01.326034295,1.326034295,0.0,0.0,0.0,0.0,0.0,296.885,0.0,0.0,-1.5707964,0.0
1970-01-01 00:00:01.326049156,1.326049156,0.0,89.55442,0.0,0.0,0.0,0.0,0.0,0.0,-1.5707964,0.0
1970-01-01 00:00:01.326117202,1.326117202,0.0,0.0,0.0,171.25853,0.0,0.0,0.0,0.0,-1.5707964,0.0
1970-01-01 00:00:01.326206289,1.326206289,0.0,0.0,0.0,0.0,89.6359,0.0,0.0,0.0,-1.5707964,0.0
1970-01-01 00:00:01.326232661,1.326232661,0.0,182.26076,0.0,0.0,0.0,0.0,0.0,0.0,-1.5707964,0.0
1970-01-01 00:00:01.326429400,1.3264293999999999,0.0,156.10738,0.0,0.0,0.0,0.0,0.0,0.0,-1.5707964,0.0
1970-01-01 00:00:01.326459308,1.326459308,0.0,0.0,0.0,0.0,0.0,171.77148,0.0,0.0,-1.5707964,0.0
1970-01-01 00:00:01.326650712,1.326650712,0.0,161.57239,0.0,0.0,0.0,0.0,0.0,0.0,-1.5707964,0.0
1970-01-01 00:00:01.326670953,1.326670953,0.0,101.11548,0.0,0.0,0.0,0.0,0.0,0.0,-1.5707964,0.0
1970-01-01 00:00:01.326717088,1.326717088,0.0,0.0,0.0,0.0,132.3108,0.0,0.0,0.0,-1.5707964,0.0
1970-01-01 00:00:01.326795876,1.326795876,0.0,166.17757,0.0,0.0,0.0,0.0,0.0,0.0,-1.5707964,0.0
1970-01-01 00:00:01.326817418,1.326817418,240.10881,0.0,0.0,0.0,0.0,0.0,0.0,0.0,-1.5707964,0.0
1970-01-01 00:00:01.326832503,1.3268325029999999,0.0,0.0,0.0,196.5698,0.0,0.0,0.0,0.0,-1.5707964,0.0
1970-01-01 00:00:01.326944462,1.326944462,181.89592,0.0,0.0,0.0,0.0,0.0,0.0,0.0,-1.5707964,0.0
1970-01-01 00:00:01.327120273,1.327120273,0.0,91.35243,0.0,0.0,0.0,0.0,0.0,0.0,-1.5707964,0.0
1970-01-01 00:00:01.327168067,1.3271680670000001,0.0,0.0,0.0,0.0,156.39107,0.0,0.0,0.0,-1.5707964,0.0
1970-01-01 00:00:01.327258507,1.327258507,0.0,228.84943,0.0,0.0,0.0,0.0,0.0,0.0,-1.5707964,0.0
1970-01-01 00:00:01.327331589,1.327331589,0.0,143.4883,0.0,0.0,0.0,0.0,0.0,0.0,-1.5707964,0.0
1970-01-01 00:00:01.327668031,1.327668031,0.0,0.0,0.0,0.0,0.0,85.160614,0.0,0.0,-1.5707964,0.0
1970-01-01 00:00:01.327799450,1.32779945,0.0,0.0,0.0,0.0,131.43152,0.0,0.0,0.0,-1.5707964,0.0
1970-01-01 00:00:01.327892593,1.327892593,0.0,119.53124,0.0,0.0,0.0,0.0,0.0,0.0,-1.5707964,0.0
1970-01-01 00:00:01.328008435,1.328008435,0.0,0.0,0.0,0.0,125.181404,0.0,0.0,0.0,-1.5707964,0.0
1970-01-01 00:00:01.328057560,1.32805756,0.0,154.66264,0.0,0.0,0.0,0.0,0.0,0.0,-1.5707964,0.0
1970-01-01 00:00:01.328130499,1.328130499,123.47349,0.0,0.0,0.0,0.0,0.0,0.0,0.0,-1.5707964,0.0
1970-01-01 00:00:01.328380670,1.32838067,0.0,0.0,0.0,112.05532,0.0,0.0,0.0,0.0,-1.5707964,0.0
1970-01-01 00:00:01.328391235,1.328391235,0.0,0.0,0.0,0.0,91.706474,0.0,0.0,0.0,-1.5707964,0.0
1970-01-01 00:00:01.328395231,1.328395231,0.0,0.0,0.0,0.0,142.89697,0.0,0.0,0.0,-1.5707964,0.0
1970-01-01 00:00:01.328599362,1.328599362,0.0,0.0,0.0,168.64555,0.0,0.0,0.0,0.0,-1.5707964,0.0
1970-01-01 00:00:01.328739175,1.328739175,0.0,0.0,0.0,0.0,170.40541,0.0,0.0,0.0,-1.5707964,0.0
1970-01-01 00:00:01.328827568,1.328827568,0.0,0.0,0.0,82.962975,0.0,0.0,0.0,0.0,-1.5707964,0.0
1970-01-01 00:00:01.328834188,1.328834188,0.0,0.0,0.0,132.5804,0.0,0.0,0.0,0.0,-1.5707964,0.0
1970-01-01 00:00:01.328902400,1.3289024,93.448944,0.0,0.0,0.0,0.0,0.0,0.0,0.0,-1.5707964,0.0
1970-01-01 00:00:01.328961761,1.328961761,0.0,185.95074,0.0,0.0,0.0,0.0,0.0,0.0,-1.5707964,0.0
1970-01-01 00:00:01.329087931,1.3290879310000001,0.0,0.0,0.0,0.0,109.35944,0.0,0.0,0.0,-1.5707964,0.0
1970-01-01 00:00:01.329245618,1.329245618,140.2166,0.0,0.0,0.0,0.0,0.0,0.0,0.0,-1.5707964,0.0
1970-01-01 00:00:01.329380346,1.329380346,0.0,0.0,0.0,0.0,80.79789,0.0,0.0,0.0,-1.5707964,0.0
1970-01-01 00:00:01.329431732,1.329431732,0.0,421.17932,0.0,0.0,0.0,0.0,0.0,0.0,-1.5707964,0.0
1970-01-01 00:00:01.329460785,1.329460785,0.0,0.0,0.0,127.38113,0.0,0.0,0.0,0.0,-1.5707964,0.0
1970-01-01 00:00:01.329527094,1.329527094,144.1125,0.0,0.0,0.0,0.0,0.0,0.0,0.0,-1.5707964,0.0
1970-01-01 00:00:01.329544054,1.3295440539999999,0.0,111.68688,0.0,0.0,0.0,0.0,0.0,0.0,-1.5707964,0.0
1970-01-01 00:00:01.329545067,1.329545067,0.0,184.89902,0.0,0.0,0.0,0.0,0.0,0.0,-1.5707964,0.0
1970-01-01 00:00:01.329551388,1.329551388,0.0,0.0,0.0,0.0,265.45938,0.0,0.0,0.0,-1.5707964,0.0
1970-01-01 00:00:01.329713670,1.32971367,0.0,218.72083,0.0,0.0,0.0,0.0,0.0,0.0,-1.5707964,0.0
1970-01-01 00:00:01.329758413,1.329758413,0.0,197.79361,0.0,0.0,0.0,0.0,0.0,0.0,-1.5707964,0.0
1970-01-01 00:00:01.329785415,1.329785415,0.0,0.0,0.0,0.0,170.03046,0.0,0.0,0.0,-1.5707964,0.0
1970-01-01 00:00:01.329840609,1.3298406090000001,0.0,0.0,0.0,0.0,260.196,0.0,0.0,0.0,-1.5707964,0.0
1970-01-01 00:00:01.329910697,1.3299106969999999,0.0,168.35976,0.0,0.0,0.0,0.0,0.0,0.0,-1.5707964,0.0
1970-01-01 00:00:01.329946466,1.329946466,136.36879,0.0,0.0,0.0,0.0,0.0,0.0,0.0,-1.5707964,0.0
1970-01-01 00:00:01.330121780,1.33012178,0.0,100.74745,0.0,0.0,0.0,0.0,0.0,0.0,-1.5707964,0.0
1970-01-01 00:00:01.330469334,1.330469334,176.77385,0.0,0.0,0.0,0.0,0.0,0.0,0.0,-1.5707964,0.0
1970-01-01 00:00:01.330488441,1.330488441,0.0,88.071304,0.0,0.0,0.0,0.0,0.0,0.0,-1.5707964,0.0
1970-01-01 00:00:01.330540527,1.330540527,0.0,0.0,0.0,0.0,89.76426,0.0,0.0,0.0,-1.5707964,0.0
1970-01-01 00:00:01.330592226,1.330592226,0.0,83.46846,0.0,0.0,0.0,0.0,0.0,0.0,-1.5707964,0.0
1970-01-01 00:00:01.330593617,1.330593617,0.0,0.0,0.0,289.91437,0.0,0.0,0.0,0.0,-1.5707964,0.0
1970-01-01 00:00:01.330662320,1.33066232,107.06552,0.0,0.0,0.0,0.0,0.0,0.0,0.0,-1.5707964,0.0
1970-01-01 00:00:01.330804179,1.330804179,0.0,127.55133,0.0,0.0,0.0,0.0,0.0,0.0,-1.5707964,0.0
1970-01-01 00:00:01.330974117,1.330974117,0.0,120.942604,0.0,0.0,0.0,0.0,0.0,0.0,-1.5707964,0.0
1970-01-01 00:00:01.331040612,1.331040612,0.0,91.62702,0.0,0.0,0.0,0.0,0.0,0.0,-1.5707964,0.0
1970-01-01 00:00:01.331089731,1.331089731,0.0,117.09336,0.0,0.0,0.0,0.0,0.0,0.0,-1.5707964,0.0
1970-01-01 00:00:01.331144585,1.331144585,0.0,117.10733,0.0,0.0,0.0,0.0,0.0,0.0,-1.5707964,0.0
1970-01-01 00:00:01.331230613,1.331230613,0.0,0.0,0.0,0.0,120.14154,0.0,0.0,0.0,-1.5707964,0.0
1970-01-01 00:00:01.331576570,1.33157657,0.0,107.205536,0.0,0.0,0.0,0.0,0.0,0.0,-1.5707964,0.0
1970-01-01 00:00:01.331682544,1.331682544,0.0,0.0,0.0,122.213455,0.0,0.0,0.0,0.0,-1.5707964,0.0
1970-01-01 00:00:01.331866154,1.331866154,0.0,0.0,0.0,0.0,147.5972,0.0,0.0,0.0,-1.5707964,0.0
1970-01-01 00:00:01.332243439,1.332243439,181.18161,0.0,0.0,0.0,0.0,0.0,0.0,0.0,-1.5707964,0.0
1970-01-01 00:00:01.332302467,1.3323024669999999,0.0,268.88452,0.0,0.0,0.0,0.0,0.0,0.0,-1.5707964,0.0
1970-01-01 00:00:01.332342768,1.332342768,178.15126,0.0,0.0,0.0,0.0,0.0,0.0,0.0,-1.5707964,0.0
1970-01-01 00:00:01.332390575,1.332390575,0.0,81.533775,0.0,0.0,0.0,0.0,0.0,0.0,-1.5707964,0.0
1970-01-01 00:00:01.332510044,1.332510044,128.23277,0.0,0.0,0.0,0.0,0.0,0.0,0.0,-1.5707964,0.0
1970-01-01 00:00:01.332612040,1.3326120399999999,170.34094,0.0,0.0,0.0,0.0,0.0,0.0,0.0,-1.5707964,0.0
1970-01-01 00:00:01.332630810,1.33263081,0.0,0.0,0.0,0.0,0.0,315.03564,0.0,0.0,-1.5707964,0.0
1970-01-01 00:00:01.332846857,1.332846857,0.0,0.0,0.0,0.0,90.8765,0.0,0.0,0.0,-1.5707964,0.0
1970-01-01 00:00:01.332987419,1.332987419,172.88098,0.0,0.0,0.0,0.0,0.0,0.0,0.0,-1.5707964,0.0
1970-01-01 00:00:01.332990570,1.33299057,0.0,248.85161,0.0,0.0,0.0,0.0,0.0,0.0,-1.5707964,0.0
1970-01-01 00:00:01.333008804,1.3330088039999999,0.0,0.0,0.0,435.68695,0.0,0.0,0.0,0.0,-1.5707964,0.0
1970-01-01 00:00:01.333042071,1.333042071,0.0,0.0,0.0,0.0,86.22531,0.0,0.0,0.0,-1.5707964,0.0
1970-01-01 00:00:01.333048073,1.333048073,0.0,312.80002,0.0,0.0,0.0,0.0,0.0,0.0,-1.5707964,0.0
1970-01-01 00:00:01.333053134,1.333053134,0.0,0.0,0.0,86.64771,0.0,0.0,0.0,0.0,-1.5707964,0.0
1970-01-01 00:00:01.333216641,1.333216641,0.0,205.57584,0.0,0.0,0.0,0.0,0.0,0.0,-1.5707964,0.0
1970-01-01 00:00:01.333558293,1.333558293,0.0,110.56396,0.0,0.0,0.0,0.0,0.0,0.0,-1.5707964,0.0
1970-01-01 00:00:01.333867239,1.333867239,121.0663,0.0,0.0,0.0,0.0,0.0,0.0,0.0,-1.5707964,0.0
1970-01-01 00:00:01.333942954,1.333942954,0.0,0.0,0.0,0.0,117.52699,0.0,0.0,0.0,-1.5707964,0.0
1970-01-01 00:00:01.333967434,1.333967434,0.0,0.0,0.0,189.92009,0.0,0.0,0.0,0.0,-1.5707964,0.0
1970-01-01 00:00:01.333972069,1.333972069,0.0,0.0,0.0,0.0,0.0,165.27975,0.0,0.0,-1.5707964,0.0
1970-01-01 00:00:01.334015298,1.334015298,0.0,0.0,0.0,96.38999,0.0,0.0,0.0,0.0,-1.5707964,0.0
1970-01-01 00:00:01.334041857,1.3340418569999999,0.0,203.27583,0.0,0.0,0.0,0.0,0.0,0.0,-1.5707964,0.0
1970-01-01 00:00:01.334087236,1.334087236,0.0,0.0,0.0,0.0,82.27804,0.0,0.0,0.0,-1.5707964,0.0
1970-01-01 00:00:01.334210077,1.334210077,0.0,239.39848,0.0,0.0,0.0,0.0,0.0,0.0,-1.5707964,0.0
1970-01-01 00:00:01.334292735,1.334292735,0.0,184.23906,0.0,0.0,0.0,0.0,0.0,0.0,-1.5707964,0.0
1970-01-01 00:00:01.334306743,1.334306743,0.0,363.3101,0.0,0.0,0.0,0.0,0.0,0.0,-1.5707964,0.0
1970-01-01 00:00:01.334323372,1.334323372,0.0,473.6374,0.0,0.0,0.0,0.0,0.0,0.0,-1.5707964,0.0
1970-01-01 00:00:01.334325581,1.3343255809999999,0.0,0.0,0.0,164.94621,0.0,0.0,0.0,0.0,-1.5707964,0.0
1970-01-01 00:00:01.334368986,1.3343689859999999,288.3902,0.0,0.0,0.0,0.0,0.0,0.0,0.0,-1.5707964,0.0
1970-01-01 00:00:01.334437816,1.3344378159999999,0.0,0.0,0.0,138.66298,0.0,0.0,0.0,0.0,-1.5707964,0.0
1970-01-01 00:00:01.334482402,1.334482402,0.0,85.406395,0.0,0.0,0.0,0.0,0.0,0.0,-1.5707964,0.0
1970-01-01 00:00:01.334629549,1.334629549,0.0,0.0,0.0,0.0,101.99347,0.0,0.0,0.0,-1.5707964,0.0
1970-01-01 00:00:01.334633457,1.334633457,0.0,0.0,0.0,0.0,0.0,97.157455,0.0,0.0,-1.5707964,0.0
1970-01-01 00:00:01.334636395,1.334636395,0.0,126.54166,0.0,0.0,0.0,0.0,0.0,0.0,-1.5707964,0.0
1970-01-01 00:00:01.334671990,1.33467199,89.5532,0.0,0.0,0.0,0.0,0.0,0.0,0.0,-1.5707964,0.0
1970-01-01 00:00:01.334826173,1.334826173,0.0,366.94208,0.0,0.0,0.0,0.0,0.0,0.0,-1.5707964,0.0
1970-01-01 00:00:01.334972567,1.3349725669999999,0.0,0.0,0.0,0.0,80.71979,0.0,0.0,0.0,-1.5707964,0.0
1970-01-01 00:00:01.335095978,1.335095978,0.0,0.0,0.0,0.0,174.91182,0.0,0.0,0.0,-1.5707964,0.0
1970-01-01 00:00:01.335128434,1.335128434,0.0,169.01648,0.0,0.0,0.0,0.0,0.0,0.0,-1.5707964,0.0
1970-01-01 00:00:01.335137305,1.335137305,0.0,138.60738,0.0,0.0,0.0,0.0,0.0,0.0,-1.5707964,0.0
1970-01-01 00:00:01.335452938,1.335452938,87.491844,0.0,0.0,0.0,0.0,0.0,0.0,0.0,-1.5707964,0.0
1970-01-01 00:00:01.335497337,1.335497337,0.0,390.36115,0.0,0.0,0.0,0.0,0.0,0.0,-1.5707964,0.0
1970-01-01 00:00:01.335634623,1.335634623,0.0,381.23734,0.0,0.0,0.0,0.0,0.0,0.0,-1.5707964,0.0
1970-01-01 00:00:01.335706117,1.335706117,0.0,0.0,0.0,269.84235,0.0,0.0,0.0,0.0,-1.5707964,0.0
1970-01-01 00:00:01.335810861,1.3358108610000001,0.0,94.496605,0.0,0.0,0.0,0.0,0.0,0.0,-1.5707964,0.0
1970-01-01 00:00:01.335824295,1.335824295,191.98367,0.0,0.0,0.0,0.0,0.0,0.0,0.0,-1.5707964,0.0
1970-01-01 00:00:01.336001536,1.336001536,0.0,94.317444,0.0,0.0,0.0,0.0,0.0,0.0,-1.5707964,0.0
1970-01-01 00:00:01.336086858,1.336086858,83.60218,0.0,0.0,0.0,0.0,0.0,0.0,0.0,-1.5707964,0.0
1970-01-01 00:00:01.336164927,1.336164927,220.47755,0.0,0.0,0.0,0.0,0.0,0.0,0.0,-1.5707964,0.0
1970-01-01 00:00:01.336168748,1.336168748,0.0,0.0,0.0,0.0,112.16561,0.0,0.0,0.0,-1.5707964,0.0
1970-01-01 00:00:01.336255580,1.33625558,0.0,0.0,0.0,0.0,89.436646,0.0,0.0,0.0,-1.5707964,0.0
1970-01-01 00:00:01.336295472,1.336295472,0.0,161.04689,0.0,0.0,0.0,0.0,0.0,0.0,-1.5707964,0.0
1970-01-01 00:00:01.336433448,1.336433448,0.0,0.0,0.0,0.0,0.0,98.22014,0.0,0.0,-1.5707964,0.0
1970-01-01 00:00:01.336538606,1.336538606,162.39342,0.0,0.0,0.0,0.0,0.0,0.0,0.0,-1.5707964,0.0
1970-01-01 00:00:01.336586837,1.336586837,0.0,0.0,0.0,222.38104,0.0,0.0,0.0,0.0,-1.5707964,0.0
1970-01-01 00:00:01.336642120,1.33664212,0.0,255.69919,0.0,0.0,0.0,0.0,0.0,0.0,-1.5707964,0.0
1970-01-01 00:00:01.336687111,1.336687111,0.0,359.1226,0.0,0.0,0.0,0.0,0.0,0.0,-1.5707964,0.0
1970-01-01 00:00:01.336699519,1.336699519,0.0,0.0,0.0,93.75242,0.0,0.0,0.0,0.0,-1.5707964,0.0
1970-01-01 00:00:01.336832701,1.336832701,0.0,0.0,0.0,87.76444,0.0,0.0,0.0,0.0,-1.5707964,0.0
1970-01-01 00:00:01.336853295,1.336853295,0.0,0.0,0.0,0.0,164.70761,0.0,0.0,0.0,-1.5707964,0.0
1970-01-01 00:00:01.336855455,1.336855455,0.0,80.07927,0.0,0.0,0.0,0.0,0.0,0.0,-1.5707964,0.0
1970-01-01 00:00:01.337079651,1.337079651,0.0,139.73286,0.0,0.0,0.0,0.0,0.0,0.0,-1.5707964,0.0
1970-01-01 00:00:01.337121160,1.33712116,119.51247,0.0,0.0,0.0,0.0,0.0,0.0,0.0,-1.5707964,0.0
1970-01-01 00:00:01.337140860,1.3371408599999999,0.0,143.86761,0.0,0.0,0.0,0.0,0.0,0.0,-1.5707964,0.0
1970-01-01 00:00:01.337207056,1.337207056,0.0,84.13719,0.0,0.0,0.0,0.0,0.0,0.0,-1.5707964,0.0
1970-01-01 00:00:01.337308971,1.3373089710000001,0.0,0.0,0.0,0.0,148.14807,0.0,0.0,0.0,-1.5707964,0.0
1970-01-01 00:00:01.337322990,1.33732299,0.0,0.0,0.0,174.81815,0.0,0.0,0.0,0.0,-1.5707964,0.0
1970-01-01 00:00:01.337436300,1.3374363,0.0,0.0,0.0,0.0,0.0,142.40726,0.0,0.0,-1.5707964,0.0
1970-01-01 00:00:01.337472866,1.337472866,292.1196,0.0,0.0,0.0,0.0,0.0,0.0,0.0,-1.5707964,0.0
1970-01-01 00:00:01.337620325,1.337620325,0.0,82.54911,0.0,0.0,0.0,0.0,0.0,0.0,-1.5707964,0.0
1970-01-01 00:00:01.337623693,1.337623693,0.0,224.14815,0.0,0.0,0.0,0.0,0.0,0.0,-1.5707964,0.0
1970-01-01 00:00:01.337654700,1.3376546999999999,0.0,109.039154,0.0,0.0,0.0,0.0,0.0,0.0,-1.5707964,0.0
1970-01-01 00:00:01.337751922,1.337751922,0.0,227.31564,0.0,0.0,0.0,0.0,0.0,0.0,-1.5707964,0.0
1970-01-01 00:00:01.337867060,1.33786706,89.68519,0.0,0.0,0.0,0.0,0.0,0.0,0.0,-1.5707964,0.0
1970-01-01 00:00:01.337871459,1.337871459,0.0,0.0,0.0,239.021,0.0,0.0,0.0,0.0,-1.5707964,0.0
1970-01-01 00:00:01.337891884,1.337891884,0.0,412.0352,0.0,0.0,0.0,0.0,0.0,0.0,-1.5707964,0.0
1970-01-01 00:00:01.338002350,1.33800235,0.0,83.40256,0.0,0.0,0.0,0.0,0.0,0.0,-1.5707964,0.0
1970-01-01 00:00:01.338146489,1.338146489,0.0,0.0,0.0,0.0,87.22523,0.0,0.0,0.0,-1.5707964,0.0
1970-01-01 00:00:01.338196589,1.338196589,0.0,0.0,0.0,0.0,93.922676,0.0,0.0,0.0,-1.5707964,0.0
1970-01-01 00:00:01.338235859,1.338235859,0.0,0.0,0.0,0.0,93.10132,0.0,0.0,0.0,-1.5707964,0.0
1970-01-01 00:00:01.338305495,1.338305495,0.0,111.615974,0.0,0.0,0.0,0.0,0.0,0.0,-1.5707964,0.0
1970-01-01 00:00:01.338336686,1.3383366859999999,0.0,0.0,0.0,106.09539,0.0,0.0,0.0,0.0,-1.5707964,0.0
1970-01-01 00:00:01.338360968,1.338360968,0.0,0.0,0.0,0.0,85.6759,0.0,0.0,0.0,-1.5707964,0.0
1970-01-01 00:00:01.338383075,1.3383830749999999,243.52893,0.0,0.0,0.0,0.0,0.0,0.0,0.0,-1.5707964,0.0
1970-01-01 00:00:01.338564032,1.338564032,0.0,134.2287,0.0,0.0,0.0,0.0,0.0,0.0,-1.5707964,0.0
1970-01-01 00:00:01.338597703,1.338597703,0.0,162.5251,0.0,0.0,0.0,0.0,0.0,0.0,-1.5707964,0.0
1970-01-01 00:00:01.338617177,1.338617177,0.0,0.0,0.0,0.0,92.78481,0.0,0.0,0.0,-1.5707964,0.0
1970-01-01 00:00:01.338905127,1.3389051269999999,0.0,0.0,0.0,192.92088,0.0,0.0,0.0,0.0,-1.5707964,0.0
1970-01-01 00:00:01.338969315,1.338969315,0.0,0.0,0.0,190.13705,0.0,0.0,0.0,0.0,-1.5707964,0.0
1970-01-01 00:00:01.339081800,1.3390818,0.0,99.22496,0.0,0.0,0.0,0.0,0.0,0.0,-1.5707964,0.0
1970-01-01 00:00:01.339228005,1.339228005,0.0,141.60515,0.0,0.0,0.0,0.0,0.0,0.0,-1.5707964,0.0
1970-01-01 00:00:01.339237883,1.339237883,0.0,98.265274,0.0,0.0,0.0,0.0,0.0,0.0,-1.5707964,0.0
1970-01-01 00:00:01.339336198,1.339336198,0.0,0.0,0.0,397.7835,0.0,0.0,0.0,0.0,-1.5707964,0.0
1970-01-01 00:00:01.339341329,1.339341329,0.0,0.0,0.0,143.32831,0.0,0.0,0.0,0.0,-1.5707964,0.0
1970-01-01 00:00:01.339376870,1.33937687,196.41928,0.0,0.0,0.0,0.0,0.0,0.0,0.0,-1.5707964,0.0
1970-01-01 00:00:01.339396143,1.339396143,0.0,0.0,0.0,0.0,232.77293,0.0,0.0,0.0,-1.5707964,0.0
1970-01-01 00:00:01.339515246,1.339515246,238.67155,0.0,0.0,0.0,0.0,0.0,0.0,0.0,-1.5707964,0.0
1970-01-01 00:00:01.339985050,1.3399850500000001,0.0,0.0,0.0,249.80399,0.0,0.0,0.0,0.0,-1.5707964,0.0
1970-01-01 00:00:01.340062126,1.340062126,0.0,239.6485,0.0,0.0,0.0,0.0,0.0,0.0,-1.5707964,0.0
1970-01-01 00:00:01.340425883,1.340425883,0.0,0.0,0.0,0.0,119.48023,0.0,0.0,0.0,-1.5707964,0.0
1970-01-01 00:00:01.340508304,1.340508304,168.018,0.0,0.0,0.0,0.0,0.0,0.0,0.0,-1.5707964,0.0
1970-01-01 00:00:01.340604310,1.34060431,0.0,97.50364,0.0,0.0,0.0,0.0,0.0,0.0,-1.5707964,0.0
1970-01-01 00:00:01.340608014,1.340608014,0.0,193.83911,0.0,0.0,0.0,0.0,0.0,0.0,-1.5707964,0.0
1970-01-01 00:00:01.340667391,1.340667391,101.0366,0.0,0.0,0.0,0.0,0.0,0.0,0.0,-1.5707964,0.0
1970-01-01 00:00:01.340692613,1.3406926129999999,0.0,94.383865,0.0,0.0,0.0,0.0,0.0,0.0,-1.5707964,0.0
1970-01-01 00:00:01.340854728,1.340854728,0.0,96.8603,0.0,0.0,0.0,0.0,0.0,0.0,-1.5707964,0.0
1970-01-01 00:00:01.340856537,1.340856537,0.0,0.0,0.0,0.0,145.67802,0.0,0.0,0.0,-1.5707964,0.0
1970-01-01 00:00:01.340968820,1.34096882,178.24342,0.0,0.0,0.0,0.0,0.0,0.0,0.0,-1.5707964,0.0
1970-01-01 00:00:01.341144925,1.341144925,0.0,0.0,0.0,0.0,108.60555,0.0,0.0,0.0,-1.5707964,0.0
1970-01-01 00:00:01.341187772,1.341187772,0.0,0.0,0.0,0.0,176.7178,0.0,0.0,0.0,-1.5707964,0.0
1970-01-01 00:00:01.341193345,1.341193345,0.0,155.87688,0.0,0.0,0.0,0.0,0.0,0.0,-1.5707964,0.0
1970-01-01 00:00:01.341251196,1.341251196,0.0,0.0,0.0,165.11658,0.0,0.0,0.0,0.0,-1.5707964,0.0
1970-01-01 00:00:01.341275139,1.341275139,0.0,96.50872,0.0,0.0,0.0,0.0,0.0,0.0,-1.5707964,0.0
1970-01-01 00:00:01.341372535,1.341372535,0.0,0.0,0.0,0.0,203.68292,0.0,0.0,0.0,-1.5707964,0.0
1970-01-01 00:00:01.341438921,1.341438921,0.0,0.0,81.74386,0.0,0.0,0.0,0.0,0.0,-1.5707964,0.0
1970-01-01 00:00:01.341473871,1.341473871,0.0,0.0,0.0,0.0,91.09192,0.0,0.0,0.0,-1.5707964,0.0
1970-01-01 00:00:01.341473871,1.341473871,81.960754,0.0,0.0,0.0,0.0,0.0,0.0,0.0,-1.5707964,0.0
1970-01-01 00:00:01.341574146,1.3415741460000001,0.0,0.0,0.0,92.59068,0.0,0.0,0.0,0.0,-1.5707964,0.0
1970-01-01 00:00:01.341590110,1.34159011,148.32993,0.0,0.0,0.0,0.0,0.0,0.0,0.0,-1.5707964,0.0
1970-01-01 00:00:01.341593767,1.341593767,0.0,0.0,351.1635,0.0,0.0,0.0,0.0,0.0,-1.5707964,0.0
1970-01-01 00:00:01.341642440,1.34164244,0.0,0.0,0.0,132.0123,0.0,0.0,0.0,0.0,-1.5707964,0.0
1970-01-01 00:00:01.341668591,1.341668591,0.0,0.0,0.0,0.0,266.98398,0.0,0.0,0.0,-1.5707964,0.0
1970-01-01 00:00:01.341694571,1.3416945710000001,0.0,0.0,0.0,264.81216,0.0,0.0,0.0,0.0,-1.5707964,0.0
1970-01-01 00:00:01.341732594,1.341732594,0.0,81.2156,0.0,0.0,0.0,0.0,0.0,0.0,-1.5707964,0.0
1970-01-01 00:00:01.341739857,1.3417398569999999,137.54903,0.0,0.0,0.0,0.0,0.0,0.0,0.0,-1.5707964,0.0
1970-01-01 00:00:01.341779214,1.341779214,0.0,155.86276,0.0,0.0,0.0,0.0,0.0,0.0,-1.5707964,0.0
1970-01-01 00:00:01.341788539,1.341788539,0.0,0.0,0.0,123.15681,0.0,0.0,0.0,0.0,-1.5707964,0.0
1970-01-01 00:00:01.341952430,1.34195243,0.0,100.80459,0.0,0.0,0.0,0.0,0.0,0.0,-1.5707964,0.0
1970-01-01 00:00:01.341970631,1.3419706310000001,0.0,177.65137,0.0,0.0,0.0,0.0,0.0,0.0,-1.5707964,0.0
1970-01-01 00:00:01.341989406,1.341989406,0.0,0.0,0.0,0.0,266.1848,0.0,0.0,0.0,-1.5707964,0.0
1970-01-01 00:00:01.342016154,1.342016154,0.0,0.0,0.0,83.79197,0.0,0.0,0.0,0.0,-1.5707964,0.0
1970-01-01 00:00:01.342085052,1.342085052,0.0,0.0,0.0,0.0,88.58844,0.0,0.0,0.0,-1.5707964,0.0
1970-01-01 00:00:01.342086864,1.342086864,0.0,0.0,0.0,0.0,0.0,112.77418,0.0,0.0,-1.5707964,0.0
1970-01-01 00:00:01.342173766,1.342173766,0.0,277.79257,0.0,0.0,0.0,0.0,0.0,0.0,-1.5707964,0.0
1970-01-01 00:00:01.342234144,1.342234144,0.0,0.0,0.0,0.0,113.50551,0.0,0.0,0.0,-1.5707964,0.0
1970-01-01 00:00:01.342263507,1.342263507,0.0,0.0,0.0,0.0,139.39973,0.0,0.0,0.0,-1.5707964,0.0
1970-01-01 00:00:01.342343844,1.342343844,0.0,88.69948,0.0,0.0,0.0,0.0,0.0,0.0,-1.5707964,0.0
1970-01-01 00:00:01.342520313,1.342520313,0.0,134.17413,0.0,0.0,0.0,0.0,0.0,0.0,-1.5707964,0.0
1970-01-01 00:00:01.342533586,1.342533586,0.0,98.69169,0.0,0.0,0.0,0.0,0.0,0.0,-1.5707964,0.0
1970-01-01 00:00:01.342679940,1.34267994,0.0,0.0,0.0,0.0,143.38162,0.0,0.0,0.0,-1.5707964,0.0
1970-01-01 00:00:01.343135164,1.343135164,0.0,548.85675,0.0,0.0,0.0,0.0,0.0,0.0,-1.5707964,0.0
1970-01-01 00:00:01.343275427,1.343275427,0.0,0.0,0.0,0.0,0.0,172.6407,0.0,0.0,-1.5707964,0.0
1970-01-01 00:00:01.343433958,1.3434339579999999,0.0,138.45802,0.0,0.0,0.0,0.0,0.0,0.0,-1.5707964,0.0
1970-01-01 00:00:01.343514480,1.34351448,0.0,0.0,0.0,0.0,247.382,0.0,0.0,0.0,-1.5707964,0.0
1970-01-01 00:00:01.343634211,1.343634211,0.0,238.53723,0.0,0.0,0.0,0.0,0.0,0.0,-1.5707964,0.0
1970-01-01 00:00:01.343728496,1.343728496,0.0,0.0,0.0,0.0,0.0,91.426895,0.0,0.0,-1.5707964,0.0
1970-01-01 00:00:01.343859232,1.343859232,0.0,0.0,0.0,0.0,234.4385,0.0,0.0,0.0,-1.5707964,0.0
1970-01-01 00:00:01.343862676,1.343862676,0.0,0.0,0.0,0.0,171.37975,0.0,0.0,0.0,-1.5707964,0.0
1970-01-01 00:00:01.343973178,1.343973178,0.0,628.0553,0.0,0.0,0.0,0.0,0.0,0.0,-1.5707964,0.0
1970-01-01 00:00:01.344059579,1.344059579,115.66745,0.0,0.0,0.0,0.0,0.0,0.0,0.0,-1.5707964,0.0
1970-01-01 00:00:01.344253483,1.3442534830000001,0.0,86.0064,0.0,0.0,0.0,0.0,0.0,0.0,-1.5707964,0.0
1970-01-01 00:00:01.344500413,1.344500413,0.0,104.90823,0.0,0.0,0.0,0.0,0.0,0.0,-1.5707964,0.0
1970-01-01 00:00:01.344528300,1.3445283,0.0,0.0,0.0,0.0,195.57227,0.0,0.0,0.0,-1.5707964,0.0
1970-01-01 00:00:01.344598321,1.3445983209999999,91.94216,0.0,0.0,0.0,0.0,0.0,0.0,0.0,-1.5707964,0.0
1970-01-01 00:00:01.344608003,1.344608003,0.0,246.45943,0.0,0.0,0.0,0.0,0.0,0.0,-1.5707964,0.0
1970-01-01 00:00:01.344823907,1.3448239069999999,0.0,0.0,0.0,0.0,86.9394,0.0,0.0,0.0,-1.5707964,0.0
1970-01-01 00:00:01.344952058,1.344952058,90.076256,0.0,0.0,0.0,0.0,0.0,0.0,0.0,-1.5707964,0.0
1970-01-01 00:00:01.344982636,1.3449826360000001,153.68446,0.0,0.0,0.0,0.0,0.0,0.0,0.0,-1.5707964,0.0
1970-01-01 00:00:01.345033430,1.34503343,0.0,182.36145,0.0,0.0,0.0,0.0,0.0,0.0,-1.5707964,0.0
1970-01-01 00:00:01.345271182,1.345271182,0.0,335.69025,0.0,0.0,0.0,0.0,0.0,0.0,-1.5707964,0.0
1970-01-01 00:00:01.345287319,1.345287319,0.0,86.74518,0.0,0.0,0.0,0.0,0.0,0.0,-1.5707964,0.0
1970-01-01 00:00:01.345308986,1.345308986,0.0,115.374435,0.0,0.0,0.0,0.0,0.0,0.0,-1.5707964,0.0
1970-01-01 00:00:01.345327530,1.34532753,0.0,102.70081,0.0,0.0,0.0,0.0,0.0,0.0,-1.5707964,0.0
1970-01-01 00:00:01.345340701,1.345340701,0.0,256.05408,0.0,0.0,0.0,0.0,0.0,0.0,-1.5707964,0.0
1970-01-01 00:00:01.345420315,1.345420315,0.0,0.0,0.0,0.0,0.0,95.66305,0.0,0.0,-1.5707964,0.0
1970-01-01 00:00:01.345598737,1.345598737,0.0,105.453064,0.0,0.0,0.0,0.0,0.0,0.0,-1.5707964,0.0
1970-01-01 00:00:01.345629675,1.345629675,0.0,0.0,0.0,0.0,234.08841,0.0,0.0,0.0,-1.5707964,0.0
1970-01-01 00:00:01.345750282,1.345750282,0.0,104.65371,0.0,0.0,0.0,0.0,0.0,0.0,-1.5707964,0.0
1970-01-01 00:00:01.345764777,1.345764777,110.54067,0.0,0.0,0.0,0.0,0.0,0.0,0.0,-1.5707964,0.0
1970-01-01 00:00:01.345995218,1.345995218,85.393875,0.0,0.0,0.0,0.0,0.0,0.0,0.0,-1.5707964,0.0
1970-01-01 00:00:01.346074491,1.346074491,0.0,0.0,0.0,149.72252,0.0,0.0,0.0,0.0,-1.5707964,0.0
1970-01-01 00:00:01.346309893,1.346309893,104.98951,0.0,0.0,0.0,0.0,0.0,0.0,0.0,-1.5707964,0.0
1970-01-01 00:00:01.346530852,1.346530852,0.0,92.43347,0.0,0.0,0.0,0.0,0.0,0.0,-1.5707964,0.0
1970-01-01 00:00:01.346706979,1.346706979,0.0,0.0,0.0,0.0,406.62976,0.0,0.0,0.0,-1.5707964,0.0
1970-01-01 00:00:01.346938506,1.3469385059999999,93.36073,0.0,0.0,0.0,0.0,0.0,0.0,0.0,-1.5707964,0.0
1970-01-01 00:00:01.346942026,1.346942026,110.770164,0.0,0.0,0.0,0.0,0.0,0.0,0.0,-1.5707964,0.0
1970-01-01 00:00:01.346999410,1.34699941,0.0,0.0,0.0,126.31645,0.0,0.0,0.0,0.0,-1.5707964,0.0
1970-01-01 00:00:01.347035821,1.347035821,0.0,0.0,0.0,0.0,0.0,133.54755,0.0,0.0,-1.5707964,0.0
1970-01-01 00:00:01.347099039,1.347099039,0.0,0.0,0.0,148.69588,0.0,0.0,0.0,0.0,-1.5707964,0.0
1970-01-01 00:00:01.347131806,1.347131806,0.0,0.0,0.0,0.0,104.2087,0.0,0.0,0.0,-1.5707964,0.0
1970-01-01 00:00:01.347159062,1.347159062,0.0,116.537056,0.0,0.0,0.0,0.0,0.0,0.0,-1.5707964,0.0
1970-01-01 00:00:01.347256371,1.347256371,0.0,0.0,0.0,0.0,107.338036,0.0,0.0,0.0,-1.5707964,0.0
1970-01-01 00:00:01.347506925,1.347506925,0.0,0.0,0.0,0.0,112.5815,0.0,0.0,0.0,-1.5707964,0.0
1970-01-01 00:00:01.347773510,1.3477735100000001,0.0,0.0,0.0,0.0,87.712975,0.0,0.0,0.0,-1.5707964,0.0
1970-01-01 00:00:01.347814762,1.347814762,0.0,94.609055,0.0,0.0,0.0,0.0,0.0,0.0,-1.5707964,0.0
1970-01-01 00:00:01.347869425,1.347869425,0.0,180.90445,0.0,0.0,0.0,0.0,0.0,0.0,-1.5707964,0.0
1970-01-01 00:00:01.348090291,1.348090291,0.0,0.0,0.0,191.45877,0.0,0.0,0.0,0.0,-1.5707964,0.0
1970-01-01 00:00:01.348148679,1.348148679,0.0,228.5594,0.0,0.0,0.0,0.0,0.0,0.0,-1.5707964,0.0
1970-01-01 00:00:01.348194090,1.34819409,0.0,121.651566,0.0,0.0,0.0,0.0,0.0,0.0,-1.5707964,0.0
1970-01-01 00:00:01.348486266,1.348486266,0.0,260.945,0.0,0.0,0.0,0.0,0.0,0.0,-1.5707964,0.0
1970-01-01 00:00:01.348493009,1.348493009,0.0,0.0,0.0,172.18478,0.0,0.0,0.0,0.0,-1.5707964,0.0
1970-01-01 00:00:01.348575459,1.348575459,0.0,0.0,0.0,0.0,89.07829,0.0,0.0,0.0,-1.5707964,0.0
1970-01-01 00:00:01.348631375,1.348631375,0.0,0.0,0.0,101.1921,0.0,0.0,0.0,0.0,-1.5707964,0.0
1970-01-01 00:00:01.348649649,1.348649649,0.0,0.0,0.0,0.0,174.02486,0.0,0.0,0.0,-1.5707964,0.0
1970-01-01 00:00:01.348659005,1.348659005,0.0,0.0,0.0,0.0,96.41758,0.0,0.0,0.0,-1.5707964,0.0
1970-01-01 00:00:01.348672417,1.348672417,0.0,0.0,0.0,0.0,166.61198,0.0,0.0,0.0,-1.5707964,0.0
1970-01-01 00:00:01.348907386,1.348907386,0.0,0.0,0.0,0.0,240.49524,0.0,0.0,0.0,-1.5707964,0.0
1970-01-01 00:00:01.348965880,1.34896588,0.0,112.81216,0.0,0.0,0.0,0.0,0.0,0.0,-1.5707964,0.0
1970-01-01 00:00:01.349070616,1.3490706160000001,0.0,84.389946,0.0,0.0,0.0,0.0,0.0,0.0,-1.5707964,0.0
1970-01-01 00:00:01.349103902,1.349103902,0.0,0.0,0.0,257.9711,0.0,0.0,0.0,0.0,-1.5707964,0.0
1970-01-01 00:00:01.349258607,1.3492586069999999,118.803764,0.0,0.0,0.0,0.0,0.0,0.0,0.0,-1.5707964,0.0
1970-01-01 00:00:01.349377064,1.349377064,0.0,214.6387,0.0,0.0,0.0,0.0,0.0,0.0,-1.5707964,0.0
1970-01-01 00:00:01.349379325,1.3493793250000001,193.96472,0.0,0.0,0.0,0.0,0.0,0.0,0.0,-1.5707964,0.0
1970-01-01 00:00:01.349392026,1.349392026,0.0,182.67737,0.0,0.0,0.0,0.0,0.0,0.0,-1.5707964,0.0
1970-01-01 00:00:01.349593688,1.3495936880000001,0.0,323.8365,0.0,0.0,0.0,0.0,0.0,0.0,-1.5707964,0.0
1970-01-01 00:00:01.349893482,1.349893482,135.30963,0.0,0.0,0.0,0.0,0.0,0.0,0.0,-1.5707964,0.0
1970-01-01 00:00:01.349894065,1.349894065,142.29088,0.0,0.0,0.0,0.0,0.0,0.0,0.0,-1.5707964,0.0
1970-01-01 00:00:01.349941244,1.349941244,124.49844,0.0,0.0,0.0,0.0,0.0,0.0,0.0,-1.5707964,0.0
1970-01-01 00:00:01.349962217,1.349962217,0.0,0.0,0.0,0.0,294.30722,0.0,0.0,0.0,-1.5707964,0.0
1970-01-01 00:00:01.349963633,1.349963633,0.0,0.0,0.0,0.0,182.79875,0.0,0.0,0.0,-1.5707964,0.0
1970-01-01 00:00:01.350028531,1.350028531,0.0,102.06426,0.0,0.0,0.0,0.0,0.0,0.0,-1.5707964,0.0
1970-01-01 00:00:01.350176994,1.350176994,0.0,0.0,0.0,84.73129,0.0,0.0,0.0,0.0,-1.5707964,0.0
1970-01-01 00:00:01.350222862,1.350222862,0.0,99.272415,0.0,0.0,0.0,0.0,0.0,0.0,-1.5707964,0.0
1970-01-01 00:00:01.350253112,1.3502531119999999,0.0,88.305214,0.0,0.0,0.0,0.0,0.0,0.0,-1.5707964,0.0
1970-01-01 00:00:01.350305089,1.350305089,0.0,0.0,99.46327,0.0,0.0,0.0,0.0,0.0,-1.5707964,0.0
1970-01-01 00:00:01.350374390,1.35037439,0.0,99.16963,0.0,0.0,0.0,0.0,0.0,0.0,-1.5707964,0.0
1970-01-01 00:00:01.350616667,1.350616667,0.0,0.0,0.0,0.0,121.94281,0.0,0.0,0.0,-1.5707964,0.0
1970-01-01 00:00:01.350657977,1.350657977,190.15494,0.0,0.0,0.0,0.0,0.0,0.0,0.0,-1.5707964,0.0
1970-01-01 00:00:01.350718668,1.350718668,0.0,0.0,0.0,0.0,174.05238,0.0,0.0,0.0,-1.5707964,0.0
1970-01-01 00:00:01.350810806,1.350810806,0.0,93.4392,0.0,0.0,0.0,0.0,0.0,0.0,-1.5707964,0.0
1970-01-01 00:00:01.350936239,1.350936239,0.0,0.0,0.0,0.0,206.17868,0.0,0.0,0.0,-1.5707964,0.0
1970-01-01 00:00:01.351166008,1.3511660079999999,0.0,95.361305,0.0,0.0,0.0,0.0,0.0,0.0,-1.5707964,0.0
1970-01-01 00:00:01.351204317,1.351204317,0.0,256.37872,0.0,0.0,0.0,0.0,0.0,0.0,-1.5707964,0.0
1970-01-01 00:00:01.351501821,1.351501821,0.0,0.0,0.0,173.35966,0.0,0.0,0.0,0.0,-1.5707964,0.0
1970-01-01 00:00:01.351684360,1.35168436,0.0,0.0,0.0,0.0,0.0,139.4239,0.0,0.0,-1.5707964,0.0
1970-01-01 00:00:01.351709653,1.351709653,0.0,113.83509,0.0,0.0,0.0,0.0,0.0,0.0,-1.5707964,0.0
1970-01-01 00:00:01.351730533,1.351730533,0.0,0.0,0.0,0.0,94.578995,0.0,0.0,0.0,-1.5707964,0.0
1970-01-01 00:00:01.352080814,1.352080814,0.0,0.0,0.0,410.57703,0.0,0.0,0.0,0.0,-1.5707964,0.0
1970-01-01 00:00:01.352183227,1.352183227,0.0,0.0,0.0,0.0,184.66322,0.0,0.0,0.0,-1.5707964,0.0
1970-01-01 00:00:01.352330348,1.352330348,109.15105,0.0,0.0,0.0,0.0,0.0,0.0,0.0,-1.5707964,0.0
1970-01-01 00:00:01.352423392,1.352423392,0.0,0.0,0.0,88.493164,0.0,0.0,0.0,0.0,-1.5707964,0.0
1970-01-01 00:00:01.352471496,1.352471496,0.0,197.62117,0.0,0.0,0.0,0.0,0.0,0.0,-1.5707964,0.0
1970-01-01 00:00:01.352581219,1.352581219,0.0,95.885475,0.0,0.0,0.0,0.0,0.0,0.0,-1.5707964,0.0
1970-01-01 00:00:01.352609386,1.3526093860000001,0.0,0.0,0.0,195.18347,0.0,0.0,0.0,0.0,-1.5707964,0.0
1970-01-01 00:00:01.352658343,1.3526583429999999,0.0,142.38765,0.0,0.0,0.0,0.0,0.0,0.0,-1.5707964,0.0
1970-01-01 00:00:01.352707428,1.352707428,0.0,104.18402,0.0,0.0,0.0,0.0,0.0,0.0,-1.5707964,0.0
1970-01-01 00:00:01.352749434,1.352749434,0.0,133.50623,0.0,0.0,0.0,0.0,0.0,0.0,-1.5707964,0.0
1970-01-01 00:00:01.352866731,1.352866731,95.061005,0.0,0.0,0.0,0.0,0.0,0.0,0.0,-1.5707964,0.0
1970-01-01 00:00:01.352966249,1.352966249,0.0,0.0,0.0,0.0,116.745056,0.0,0.0,0.0,-1.5707964,0.0
1970-01-01 00:00:01.352976699,1.352976699,0.0,0.0,0.0,244.69617,0.0,0.0,0.0,0.0,-1.5707964,0.0
1970-01-01 00:00:01.353030633,1.353030633,0.0,148.70956,0.0,0.0,0.0,0.0,0.0,0.0,-1.5707964,0.0
1970-01-01 00:00:01.353099051,1.353099051,0.0,98.74502,0.0,0.0,0.0,0.0,0.0,0.0,-1.5707964,0.0
1970-01-01 00:00:01.353176053,1.3531760529999999,0.0,0.0,0.0,0.0,510.36008,0.0,0.0,0.0,-1.5707964,0.0
1970-01-01 00:00:01.353205843,1.353205843,0.0,0.0,0.0,133.0934,0.0,0.0,0.0,0.0,-1.5707964,0.0
1970-01-01 00:00:01.353324219,1.353324219,0.0,0.0,0.0,0.0,88.24665,0.0,0.0,0.0,-1.5707964,0.0
1970-01-01 00:00:01.353518073,1.353518073,0.0,0.0,92.51265,0.0,0.0,0.0,0.0,0.0,-1.5707964,0.0
1970-01-01 00:00:01.353595842,1.353595842,0.0,91.72703,0.0,0.0,0.0,0.0,0.0,0.0,-1.5707964,0.0
1970-01-01 00:00:01.353754791,1.353754791,0.0,0.0,0.0,238.1023,0.0,0.0,0.0,0.0,-1.5707964,0.0
1970-01-01 00:00:01.353850262,1.353850262,0.0,0.0,0.0,0.0,231.25139,0.0,0.0,0.0,-1.5707964,0.0
1970-01-01 00:00:01.353897393,1.353897393,0.0,0.0,0.0,0.0,172.14424,0.0,0.0,0.0,-1.5707964,0.0
1970-01-01 00:00:01.353900764,1.353900764,0.0,121.76524,0.0,0.0,0.0,0.0,0.0,0.0,-1.5707964,0.0
1970-01-01 00:00:01.353904307,1.353904307,162.11009,0.0,0.0,0.0,0.0,0.0,0.0,0.0,-1.5707964,0.0
1970-01-01 00:00:01.353935580,1.35393558,0.0,0.0,0.0,0.0,155.68646,0.0,0.0,0.0,-1.5707964,0.0
1970-01-01 00:00:01.353952657,1.353952657,0.0,225.73492,0.0,0.0,0.0,0.0,0.0,0.0,-1.5707964,0.0
1970-01-01 00:00:01.354151370,1.35415137,0.0,0.0,0.0,0.0,114.07608,0.0,0.0,0.0,-1.5707964,0.0
1970-01-01 00:00:01.354169450,1.35416945,0.0,0.0,0.0,0.0,85.6788,0.0,0.0,0.0,-1.5707964,0.0
1970-01-01 00:00:01.354216464,1.354216464,0.0,0.0,0.0,148.8159,0.0,0.0,0.0,0.0,-1.5707964,0.0
1970-01-01 00:00:01.354219783,1.354219783,0.0,209.56583,0.0,0.0,0.0,0.0,0.0,0.0,-1.5707964,0.0
1970-01-01 00:00:01.354337850,1.35433785,0.0,0.0,0.0,0.0,113.72901,0.0,0.0,0.0,-1.5707964,0.0
1970-01-01 00:00:01.354396149,1.354396149,0.0,83.44141,0.0,0.0,0.0,0.0,0.0,0.0,-1.5707964,0.0
1970-01-01 00:00:01.354459240,1.35445924,108.49674,0.0,0.0,0.0,0.0,0.0,0.0,0.0,-1.5707964,0.0
1970-01-01 00:00:01.354529711,1.354529711,0.0,0.0,110.915855,0.0,0.0,0.0,0.0,0.0,-1.5707964,0.0
1970-01-01 00:00:01.354621266,1.354621266,0.0,148.43294,0.0,0.0,0.0,0.0,0.0,0.0,-1.5707964,0.0
1970-01-01 00:00:01.354712223,1.354712223,0.0,0.0,0.0,106.682526,0.0,0.0,0.0,0.0,-1.5707964,0.0
1970-01-01 00:00:01.354737290,1.35473729,0.0,0.0,0.0,119.2928,0.0,0.0,0.0,0.0,-1.5707964,0.0
1970-01-01 00:00:01.354861299,1.354861299,0.0,0.0,0.0,0.0,114.89468,0.0,0.0,0.0,-1.5707964,0.0
1970-01-01 00:00:01.354944212,1.354944212,0.0,0.0,0.0,0.0,98.86372,0.0,0.0,0.0,-1.5707964,0.0
1970-01-01 00:00:01.355084020,1.35508402,0.0,210.92876,0.0,0.0,0.0,0.0,0.0,0.0,-1.5707964,0.0
1970-01-01 00:00:01.355185629,1.355185629,0.0,83.41641,0.0,0.0,0.0,0.0,0.0,0.0,-1.5707964,0.0
1970-01-01 00:00:01.355201328,1.355201328,129.35854,0.0,0.0,0.0,0.0,0.0,0.0,0.0,-1.5707964,0.0
1970-01-01 00:00:01.355480607,1.355480607,0.0,0.0,0.0,0.0,81.915474,0.0,0.0,0.0,-1.5707964,0.0
1970-01-01 00:00:01.355487726,1.355487726,0.0,172.16498,0.0,0.0,0.0,0.0,0.0,0.0,-1.5707964,0.0
1970-01-01 00:00:01.355530276,1.355530276,172.22345,0.0,0.0,0.0,0.0,0.0,0.0,0.0,-1.5707964,0.0
1970-01-01 00:00:01.355545152,1.355545152,0.0,115.95878,0.0,0.0,0.0,0.0,0.0,0.0,-1.5707964,0.0
1970-01-01 00:00:01.355614814,1.355614814,0.0,0.0,0.0,0.0,348.28696,0.0,0.0,0.0,-1.5707964,0.0
1970-01-01 00:00:01.355633582,1.355633582,84.93015,0.0,0.0,0.0,0.0,0.0,0.0,0.0,-1.5707964,0.0
1970-01-01 00:00:01.355664674,1.355664674,0.0,0.0,0.0,163.39612,0.0,0.0,0.0,0.0,-1.5707964,0.0
1970-01-01 00:00:01.355719930,1.35571993,131.9645,0.0,0.0,0.0,0.0,0.0,0.0,0.0,-1.5707964,0.0
1970-01-01 00:00:01.355869980,1.35586998,80.42913,0.0,0.0,0.0,0.0,0.0,0.0,0.0,-1.5707964,0.0
1970-01-01 00:00:01.355973960,1.35597396,0.0,0.0,0.0,0.0,0.0,316.48114,0.0,0.0,-1.5707964,0.0
1970-01-01 00:00:01.356033431,1.356033431,0.0,0.0,0.0,0.0,124.05219,0.0,0.0,0.0,-1.5707964,0.0
1970-01-01 00:00:01.356103476,1.356103476,0.0,0.0,0.0,0.0,88.76739,0.0,0.0,0.0,-1.5707964,0.0
1970-01-01 00:00:01.356235433,1.356235433,0.0,0.0,0.0,0.0,180.02605,0.0,0.0,0.0,-1.5707964,0.0
1970-01-01 00:00:01.356364238,1.356364238,0.0,130.1592,0.0,0.0,0.0,0.0,0.0,0.0,-1.5707964,0.0
1970-01-01 00:00:01.356457357,1.356457357,0.0,200.09413,0.0,0.0,0.0,0.0,0.0,0.0,-1.5707964,0.0
1970-01-01 00:00:01.356518036,1.356518036,240.1474,0.0,0.0,0.0,0.0,0.0,0.0,0.0,-1.5707964,0.0
1970-01-01 00:00:01.356526857,1.356526857,0.0,0.0,0.0,0.0,168.18892,0.0,0.0,0.0,-1.5707964,0.0
1970-01-01 00:00:01.356537470,1.3565374700000001,0.0,0.0,0.0,0.0,134.60428,0.0,0.0,0.0,-1.5707964,0.0
1970-01-01 00:00:01.356667012,1.356667012,0.0,0.0,0.0,0.0,178.10321,0.0,0.0,0.0,-1.5707964,0.0
1970-01-01 00:00:01.356684111,1.356684111,0.0,0.0,0.0,0.0,0.0,86.73467,0.0,0.0,-1.5707964,0.0
1970-01-01 00:00:01.356721871,1.356721871,0.0,0.0,0.0,133.53154,0.0,0.0,0.0,0.0,-1.5707964,0.0
1970-01-01 00:00:01.356768448,1.356768448,193.3874,0.0,0.0,0.0,0.0,0.0,0.0,0.0,-1.5707964,0.0
1970-01-01 00:00:01.356784832,1.356784832,0.0,0.0,0.0,0.0,87.92098,0.0,0.0,0.0,-1.5707964,0.0
1970-01-01 00:00:01.356882100,1.3568821,0.0,115.203865,0.0,0.0,0.0,0.0,0.0,0.0,-1.5707964,0.0
1970-01-01 00:00:01.357126083,1.357126083,0.0,0.0,0.0,94.87819,0.0,0.0,0.0,0.0,-1.5707964,0.0
1970-01-01 00:00:01.357126605,1.357126605,0.0,0.0,0.0,80.37016,0.0,0.0,0.0,0.0,-1.5707964,0.0
1970-01-01 00:00:01.357193916,1.357193916,0.0,0.0,0.0,0.0,214.29181,0.0,0.0,0.0,-1.5707964,0.0
1970-01-01 00:00:01.357208813,1.357208813,0.0,91.01079,0.0,0.0,0.0,0.0,0.0,0.0,-1.5707964,0.0
1970-01-01 00:00:01.357222099,1.357222099,0.0,0.0,0.0,0.0,89.83561,0.0,0.0,0.0,-1.5707964,0.0
1970-01-01 00:00:01.357249330,1.35724933,188.57713,0.0,0.0,0.0,0.0,0.0,0.0,0.0,-1.5707964,0.0
1970-01-01 00:00:01.357329612,1.357329612,0.0,0.0,0.0,202.02013,0.0,0.0,0.0,0.0,-1.5707964,0.0
1970-01-01 00:00:01.357439845,1.357439845,0.0,0.0,0.0,0.0,88.80201,0.0,0.0,0.0,-1.5707964,0.0
1970-01-01 00:00:01.357472889,1.357472889,145.13591,0.0,0.0,0.0,0.0,0.0,0.0,0.0,-1.5707964,0.0
1970-01-01 00:00:01.357535161,1.357535161,128.1187,0.0,0.0,0.0,0.0,0.0,0.0,0.0,-1.5707964,0.0
1970-01-01 00:00:01.357544715,1.357544715,0.0,153.7264,0.0,0.0,0.0,0.0,0.0,0.0,-1.5707964,0.0
1970-01-01 00:00:01.357584700,1.3575846999999999,0.0,260.0624,0.0,0.0,0.0,0.0,0.0,0.0,-1.5707964,0.0
1970-01-01 00:00:01.357803475,1.3578034749999999,0.0,0.0,0.0,143.2682,0.0,0.0,0.0,0.0,-1.5707964,0.0
1970-01-01 00:00:01.357831539,1.357831539,0.0,0.0,0.0,0.0,212.48059,0.0,0.0,0.0,-1.5707964,0.0
1970-01-01 00:00:01.357832193,1.3578321930000001,0.0,189.574,0.0,0.0,0.0,0.0,0.0,0.0,-1.5707964,0.0
1970-01-01 00:00:01.357942570,1.35794257,240.71304,0.0,0.0,0.0,0.0,0.0,0.0,0.0,-1.5707964,0.0
1970-01-01 00:00:01.358036457,1.3580364569999999,0.0,108.858376,0.0,0.0,0.0,0.0,0.0,0.0,-1.5707964,0.0
1970-01-01 00:00:01.358079693,1.358079693,0.0,0.0,0.0,232.50423,0.0,0.0,0.0,0.0,-1.5707964,0.0
1970-01-01 00:00:01.358124646,1.358124646,0.0,0.0,0.0,0.0,124.37235,0.0,0.0,0.0,-1.5707964,0.0
1970-01-01 00:00:01.358181527,1.358181527,0.0,94.74667,0.0,0.0,0.0,0.0,0.0,0.0,-1.5707964,0.0
1970-01-01 00:00:01.358360402,1.358360402,0.0,0.0,0.0,0.0,182.80746,0.0,0.0,0.0,-1.5707964,0.0
1970-01-01 00:00:01.358489619,1.358489619,0.0,0.0,84.31055,0.0,0.0,0.0,0.0,0.0,-1.5707964,0.0
1970-01-01 00:00:01.358505094,1.358505094,0.0,0.0,101.52221,0.0,0.0,0.0,0.0,0.0,-1.5707964,0.0
1970-01-01 00:00:01.358616593,1.358616593,0.0,265.1113,0.0,0.0,0.0,0.0,0.0,0.0,-1.5707964,0.0
1970-01-01 00:00:01.358623124,1.358623124,0.0,0.0,0.0,161.46556,0.0,0.0,0.0,0.0,-1.5707964,0.0
1970-01-01 00:00:01.358642698,1.358642698,0.0,0.0,0.0,107.16722,0.0,0.0,0.0,0.0,-1.5707964,0.0
1970-01-01 00:00:01.358706084,1.358706084,0.0,219.61142,0.0,0.0,0.0,0.0,0.0,0.0,-1.5707964,0.0
1970-01-01 00:00:01.358720941,1.358720941,0.0,0.0,0.0,0.0,183.48425,0.0,0.0,0.0,-1.5707964,0.0
1970-01-01 00:00:01.358725613,1.358725613,80.50299,0.0,0.0,0.0,0.0,0.0,0.0,0.0,-1.5707964,0.0
1970-01-01 00:00:01.358730950,1.35873095,206.21596,0.0,0.0,0.0,0.0,0.0,0.0,0.0,-1.5707964,0.0
1970-01-01 00:00:01.358750733,1.358750733,0.0,147.71689,0.0,0.0,0.0,0.0,0.0,0.0,-1.5707964,0.0
1970-01-01 00:00:01.358899232,1.358899232,0.0,189.02827,0.0,0.0,0.0,0.0,0.0,0.0,-1.5707964,0.0
1970-01-01 00:00:01.358912098,1.358912098,0.0,104.38134,0.0,0.0,0.0,0.0,0.0,0.0,-1.5707964,0.0
1970-01-01 00:00:01.359064404,1.359064404,86.061676,0.0,0.0,0.0,0.0,0.0,0.0,0.0,-1.5707964,0.0
1970-01-01 00:00:01.359089883,1.359089883,0.0,0.0,0.0,0.0,325.8549,0.0,0.0,0.0,-1.5707964,0.0
1970-01-01 00:00:01.359185818,1.359185818,0.0,113.4339,0.0,0.0,0.0,0.0,0.0,0.0,-1.5707964,0.0
1970-01-01 00:00:01.359203542,1.359203542,0.0,0.0,0.0,0.0,253.09846,0.0,0.0,0.0,-1.5707964,0.0
1970-01-01 00:00:01.359267989,1.3592679890000001,0.0,134.60625,0.0,0.0,0.0,0.0,0.0,0.0,-1.5707964,0.0
1970-01-01 00:00:01.359290171,1.359290171,0.0,0.0,0.0,0.0,139.34015,0.0,0.0,0.0,-1.5707964,0.0
1970-01-01 00:00:01.359292326,1.359292326,0.0,84.496056,0.0,0.0,0.0,0.0,0.0,0.0,-1.5707964,0.0
1970-01-01 00:00:01.359300065,1.359300065,395.4141,0.0,0.0,0.0,0.0,0.0,0.0,0.0,-1.5707964,0.0
1970-01-01 00:00:01.359435355,1.359435355,0.0,0.0,0.0,0.0,120.50136,0.0,0.0,0.0,-1.5707964,0.0
1970-01-01 00:00:01.359488098,1.359488098,0.0,0.0,0.0,0.0,93.17621,0.0,0.0,0.0,-1.5707964,0.0
1970-01-01 00:00:01.359525332,1.359525332,0.0,193.84206,0.0,0.0,0.0,0.0,0.0,0.0,-1.5707964,0.0
1970-01-01 00:00:01.359572967,1.359572967,0.0,0.0,0.0,0.0,101.97923,0.0,0.0,0.0,-1.5707964,0.0
1970-01-01 00:00:01.359669995,1.359669995,0.0,105.14387,0.0,0.0,0.0,0.0,0.0,0.0,-1.5707964,0.0
1970-01-01 00:00:01.359939133,1.3599391330000001,0.0,80.85839,0.0,0.0,0.0,0.0,0.0,0.0,-1.5707964,0.0
1970-01-01 00:00:01.359943859,1.359943859,0.0,149.69412,0.0,0.0,0.0,0.0,0.0,0.0,-1.5707964,0.0
1970-01-01 00:00:01.359962305,1.359962305,0.0,261.8751,0.0,0.0,0.0,0.0,0.0,0.0,-1.5707964,0.0
1970-01-01 00:00:01.359965888,1.359965888,0.0,0.0,0.0,0.0,121.73495,0.0,0.0,0.0,-1.5707964,0.0
1970-01-01 00:00:01.360006870,1.3600068699999999,0.0,0.0,196.26106,0.0,0.0,0.0,0.0,0.0,-1.5707964,0.0
1970-01-01 00:00:01.360173754,1.360173754,0.0,103.59215,0.0,0.0,0.0,0.0,0.0,0.0,-1.5707964,0.0
1970-01-01 00:00:01.360412305,1.360412305,174.51189,0.0,0.0,0.0,0.0,0.0,0.0,0.0,-1.5707964,0.0
1970-01-01 00:00:01.360573634,1.360573634,92.49965,0.0,0.0,0.0,0.0,0.0,0.0,0.0,-1.5707964,0.0
1970-01-01 00:00:01.360704194,1.360704194,0.0,0.0,0.0,0.0,0.0,155.97215,0.0,0.0,-1.5707964,0.0
1970-01-01 00:00:01.360763740,1.3607637399999999,0.0,125.50332,0.0,0.0,0.0,0.0,0.0,0.0,-1.5707964,0.0
1970-01-01 00:00:01.360830845,1.360830845,0.0,115.34037,0.0,0.0,0.0,0.0,0.0,0.0,-1.5707964,0.0
1970-01-01 00:00:01.360908153,1.360908153,0.0,0.0,0.0,80.50281,0.0,0.0,0.0,0.0,-1.5707964,0.0
1970-01-01 00:00:01.360964417,1.360964417,139.026,0.0,0.0,0.0,0.0,0.0,0.0,0.0,-1.5707964,0.0
1970-01-01 00:00:01.361054160,1.3610541600000001,0.0,211.82388,0.0,0.0,0.0,0.0,0.0,0.0,-1.5707964,0.0
1970-01-01 00:00:01.361177684,1.361177684,0.0,0.0,0.0,0.0,100.57541,0.0,0.0,0.0,-1.5707964,0.0
1970-01-01 00:00:01.361344990,1.36134499,0.0,201.01047,0.0,0.0,0.0,0.0,0.0,0.0,-1.5707964,0.0
1970-01-01 00:00:01.361391888,1.361391888,0.0,0.0,0.0,186.62363,0.0,0.0,0.0,0.0,-1.5707964,0.0
1970-01-01 00:00:01.361785276,1.361785276,0.0,162.65184,0.0,0.0,0.0,0.0,0.0,0.0,-1.5707964,0.0
1970-01-01 00:00:01.361789850,1.36178985,207.72597,0.0,0.0,0.0,0.0,0.0,0.0,0.0,-1.5707964,0.0
1970-01-01 00:00:01.361917088,1.361917088,243.1381,0.0,0.0,0.0,0.0,0.0,0.0,0.0,-1.5707964,0.0
1970-01-01 00:00:01.361939048,1.361939048,92.57941,0.0,0.0,0.0,0.0,0.0,0.0,0.0,-1.5707964,0.0
1970-01-01 00:00:01.362034073,1.362034073,0.0,0.0,0.0,0.0,90.63931,0.0,0.0,0.0,-1.5707964,0.0
1970-01-01 00:00:01.362070228,1.3620702279999999,0.0,0.0,0.0,0.0,182.64648,0.0,0.0,0.0,-1.5707964,0.0
1970-01-01 00:00:01.362078138,1.362078138,408.45282,0.0,0.0,0.0,0.0,0.0,0.0,0.0,-1.5707964,0.0
1970-01-01 00:00:01.362099887,1.362099887,0.0,442.02548,0.0,0.0,0.0,0.0,0.0,0.0,-1.5707964,0.0
1970-01-01 00:00:01.362135779,1.362135779,0.0,90.870995,0.0,0.0,0.0,0.0,0.0,0.0,-1.5707964,0.0
1970-01-01 00:00:01.362258622,1.362258622,0.0,0.0,0.0,136.15182,0.0,0.0,0.0,0.0,-1.5707964,0.0
1970-01-01 00:00:01.362433123,1.362433123,0.0,171.64955,0.0,0.0,0.0,0.0,0.0,0.0,-1.5707964,0.0
1970-01-01 00:00:01.362525244,1.362525244,0.0,155.0229,0.0,0.0,0.0,0.0,0.0,0.0,-1.5707964,0.0
1970-01-01 00:00:01.362529768,1.362529768,0.0,0.0,0.0,248.79782,0.0,0.0,0.0,0.0,-1.5707964,0.0
1970-01-01 00:00:01.362543258,1.362543258,207.1216,0.0,0.0,0.0,0.0,0.0,0.0,0.0,-1.5707964,0.0
1970-01-01 00:00:01.362595138,1.362595138,0.0,0.0,0.0,0.0,135.67093,0.0,0.0,0.0,-1.5707964,0.0
1970-01-01 00:00:01.362607003,1.362607003,0.0,0.0,0.0,250.58113,0.0,0.0,0.0,0.0,-1.5707964,0.0
1970-01-01 00:00:01.362615856,1.3626158560000001,0.0,113.33866,0.0,0.0,0.0,0.0,0.0,0.0,-1.5707964,0.0
1970-01-01 00:00:01.362718946,1.362718946,0.0,0.0,0.0,0.0,0.0,182.7967,0.0,0.0,-1.5707964,0.0
1970-01-01 00:00:01.362761672,1.362761672,0.0,163.17781,0.0,0.0,0.0,0.0,0.0,0.0,-1.5707964,0.0
1970-01-01 00:00:01.362764507,1.362764507,0.0,0.0,0.0,0.0,167.38869,0.0,0.0,0.0,-1.5707964,0.0
1970-01-01 00:00:01.362808586,1.3628085859999999,0.0,0.0,0.0,0.0,87.60355,0.0,0.0,0.0,-1.5707964,0.0
1970-01-01 00:00:01.362818573,1.362818573,93.44663,0.0,0.0,0.0,0.0,0.0,0.0,0.0,-1.5707964,0.0
1970-01-01 00:00:01.362878463,1.362878463,0.0,0.0,0.0,0.0,270.06696,0.0,0.0,0.0,-1.5707964,0.0
1970-01-01 00:00:01.362947290,1.36294729,0.0,346.94095,0.0,0.0,0.0,0.0,0.0,0.0,-1.5707964,0.0
1970-01-01 00:00:01.363046406,1.363046406,149.18988,0.0,0.0,0.0,0.0,0.0,0.0,0.0,-1.5707964,0.0
1970-01-01 00:00:01.363052308,1.3630523079999999,0.0,103.33983,0.0,0.0,0.0,0.0,0.0,0.0,-1.5707964,0.0
1970-01-01 00:00:01.363052308,1.3630523079999999,0.0,0.0,0.0,0.0,85.57007,0.0,0.0,0.0,-1.5707964,0.0
1970-01-01 00:00:01.363153063,1.363153063,0.0,0.0,0.0,90.2772,0.0,0.0,0.0,0.0,-1.5707964,0.0
1970-01-01 00:00:01.363243371,1.363243371,0.0,0.0,0.0,0.0,94.37935,0.0,0.0,0.0,-1.5707964,0.0
1970-01-01 00:00:01.363430492,1.363430492,0.0,0.0,0.0,0.0,141.60419,0.0,0.0,0.0,-1.5707964,0.0
1970-01-01 00:00:01.363597980,1.36359798,0.0,113.09562,0.0,0.0,0.0,0.0,0.0,0.0,-1.5707964,0.0
1970-01-01 00:00:01.363714216,1.363714216,0.0,0.0,0.0,0.0,134.81757,0.0,0.0,0.0,-1.5707964,0.0
1970-01-01 00:00:01.363856748,1.363856748,0.0,0.0,0.0,0.0,544.7849,0.0,0.0,0.0,-1.5707964,0.0
1970-01-01 00:00:01.363972154,1.363972154,97.29141,0.0,0.0,0.0,0.0,0.0,0.0,0.0,-1.5707964,0.0
1970-01-01 00:00:01.364043572,1.364043572,0.0,168.21107,0.0,0.0,0.0,0.0,0.0,0.0,-1.5707964,0.0
1970-01-01 00:00:01.364048962,1.364048962,247.20528,0.0,0.0,0.0,0.0,0.0,0.0,0.0,-1.5707964,0.0
1970-01-01 00:00:01.364054098,1.364054098,0.0,0.0,0.0,0.0,118.37896,0.0,0.0,0.0,-1.5707964,0.0
1970-01-01 00:00:01.364069971,1.364069971,0.0,125.39701,0.0,0.0,0.0,0.0,0.0,0.0,-1.5707964,0.0
1970-01-01 00:00:01.364112244,1.364112244,0.0,0.0,0.0,0.0,92.90139,0.0,0.0,0.0,-1.5707964,0.0
1970-01-01 00:00:01.364225413,1.364225413,0.0,0.0,0.0,0.0,220.365,0.0,0.0,0.0,-1.5707964,0.0
1970-01-01 00:00:01.364259391,1.364259391,0.0,0.0,0.0,90.81946,0.0,0.0,0.0,0.0,-1.5707964,0.0
1970-01-01 00:00:01.364310517,1.364310517,0.0,0.0,0.0,0.0,236.06914,0.0,0.0,0.0,-1.5707964,0.0
1970-01-01 00:00:01.364322296,1.364322296,0.0,0.0,0.0,120.17795,0.0,0.0,0.0,0.0,-1.5707964,0.0
1970-01-01 00:00:01.364704394,1.3647043939999999,0.0,88.06903,0.0,0.0,0.0,0.0,0.0,0.0,-1.5707964,0.0
1970-01-01 00:00:01.364763853,1.364763853,0.0,0.0,0.0,304.50424,0.0,0.0,0.0,0.0,-1.5707964,0.0
1970-01-01 00:00:01.364786003,1.364786003,0.0,0.0,0.0,145.35634,0.0,0.0,0.0,0.0,-1.5707964,0.0
1970-01-01 00:00:01.364947857,1.364947857,0.0,0.0,0.0,120.91165,0.0,0.0,0.0,0.0,-1.5707964,0.0
1970-01-01 00:00:01.365003610,1.36500361,0.0,116.91921,0.0,0.0,0.0,0.0,0.0,0.0,-1.5707964,0.0
1970-01-01 00:00:01.365049671,1.365049671,172.96198,0.0,0.0,0.0,0.0,0.0,0.0,0.0,-1.5707964,0.0
1970-01-01 00:00:01.365081504,1.365081504,122.92401,0.0,0.0,0.0,0.0,0.0,0.0,0.0,-1.5707964,0.0
1970-01-01 00:00:01.365091603,1.365091603,0.0,258.57047,0.0,0.0,0.0,0.0,0.0,0.0,-1.5707964,0.0
1970-01-01 00:00:01.365379690,1.36537969,0.0,0.0,0.0,0.0,105.49515,0.0,0.0,0.0,-1.5707964,0.0
1970-01-01 00:00:01.365516284,1.365516284,0.0,185.04865,0.0,0.0,0.0,0.0,0.0,0.0,-1.5707964,0.0
1970-01-01 00:00:01.365531265,1.365531265,0.0,0.0,0.0,113.46831,0.0,0.0,0.0,0.0,-1.5707964,0.0
1970-01-01 00:00:01.365623560,1.36562356,98.86615,0.0,0.0,0.0,0.0,0.0,0.0,0.0,-1.5707964,0.0
1970-01-01 00:00:01.365763122,1.365763122,0.0,0.0,0.0,0.0,112.10987,0.0,0.0,0.0,-1.5707964,0.0
1970-01-01 00:00:01.365867302,1.365867302,87.22702,0.0,0.0,0.0,0.0,0.0,0.0,0.0,-1.5707964,0.0
1970-01-01 00:00:01.365870231,1.365870231,98.98138,0.0,0.0,0.0,0.0,0.0,0.0,0.0,-1.5707964,0.0
1970-01-01 00:00:01.365898614,1.365898614,113.35201,0.0,0.0,0.0,0.0,0.0,0.0,0.0,-1.5707964,0.0
1970-01-01 00:00:01.365923702,1.365923702,0.0,0.0,0.0,0.0,83.666466,0.0,0.0,0.0,-1.5707964,0.0
1970-01-01 00:00:01.366014263,1.366014263,0.0,0.0,0.0,188.2015,0.0,0.0,0.0,0.0,-1.5707964,0.0
1970-01-01 00:00:01.366046096,1.366046096,0.0,0.0,0.0,0.0,0.0,373.1074,0.0,0.0,-1.5707964,0.0
1970-01-01 00:00:01.366128240,1.36612824,160.25253,0.0,0.0,0.0,0.0,0.0,0.0,0.0,-1.5707964,0.0
1970-01-01 00:00:01.366226378,1.366226378,0.0,0.0,0.0,0.0,126.712814,0.0,0.0,0.0,-1.5707964,0.0
1970-01-01 00:00:01.366252162,1.3662521619999999,0.0,0.0,0.0,0.0,111.54711,0.0,0.0,0.0,-1.5707964,0.0
1970-01-01 00:00:01.366252626,1.366252626,0.0,207.53381,0.0,0.0,0.0,0.0,0.0,0.0,-1.5707964,0.0
1970-01-01 00:00:01.366257207,1.3662572069999999,0.0,184.4661,0.0,0.0,0.0,0.0,0.0,0.0,-1.5707964,0.0
1970-01-01 00:00:01.366413219,1.366413219,0.0,189.0919,0.0,0.0,0.0,0.0,0.0,0.0,-1.5707964,0.0
1970-01-01 00:00:01.366450728,1.366450728,0.0,0.0,0.0,0.0,136.01834,0.0,0.0,0.0,-1.5707964,0.0
1970-01-01 00:00:01.366668136,1.366668136,0.0,0.0,0.0,0.0,0.0,931.3945,0.0,0.0,-1.5707964,0.0
1970-01-01 00:00:01.366699360,1.36669936,0.0,321.05933,0.0,0.0,0.0,0.0,0.0,0.0,-1.5707964,0.0
1970-01-01 00:00:01.366792121,1.366792121,0.0,181.44287,0.0,0.0,0.0,0.0,0.0,0.0,-1.5707964,0.0
1970-01-01 00:00:01.366801616,1.366801616,0.0,0.0,0.0,0.0,133.27068,0.0,0.0,0.0,-1.5707964,0.0
1970-01-01 00:00:01.366827135,1.366827135,144.28557,0.0,0.0,0.0,0.0,0.0,0.0,0.0,-1.5707964,0.0
1970-01-01 00:00:01.366878151,1.3668781509999999,0.0,0.0,0.0,218.62968,0.0,0.0,0.0,0.0,-1.5707964,0.0
1970-01-01 00:00:01.366882968,1.366882968,0.0,0.0,0.0,0.0,124.91382,0.0,0.0,0.0,-1.5707964,0.0
1970-01-01 00:00:01.366931705,1.366931705,0.0,0.0,0.0,532.2016,0.0,0.0,0.0,0.0,-1.5707964,0.0
1970-01-01 00:00:01.366980163,1.366980163,0.0,0.0,0.0,310.9716,0.0,0.0,0.0,0.0,-1.5707964,0.0
1970-01-01 00:00:01.367002497,1.367002497,0.0,0.0,0.0,129.6472,0.0,0.0,0.0,0.0,-1.5707964,0.0
1970-01-01 00:00:01.367070960,1.36707096,83.66754,0.0,0.0,0.0,0.0,0.0,0.0,0.0,-1.5707964,0.0
1970-01-01 00:00:01.367098504,1.3670985039999999,256.74066,0.0,0.0,0.0,0.0,0.0,0.0,0.0,-1.5707964,0.0
1970-01-01 00:00:01.367101371,1.367101371,0.0,0.0,0.0,0.0,190.13292,0.0,0.0,0.0,-1.5707964,0.0
1970-01-01 00:00:01.367261053,1.367261053,0.0,0.0,0.0,0.0,84.66386,0.0,0.0,0.0,-1.5707964,0.0
1970-01-01 00:00:01.367342879,1.367342879,0.0,0.0,0.0,86.36115,0.0,0.0,0.0,0.0,-1.5707964,0.0
1970-01-01 00:00:01.367466118,1.367466118,0.0,0.0,0.0,0.0,216.69522,0.0,0.0,0.0,-1.5707964,0.0
1970-01-01 00:00:01.367755168,1.367755168,0.0,0.0,0.0,0.0,0.0,151.66743,0.0,0.0,-1.5707964,0.0
1970-01-01 00:00:01.367783659,1.367783659,0.0,124.11464,0.0,0.0,0.0,0.0,0.0,0.0,-1.5707964,0.0
1970-01-01 00:00:01.367865652,1.3678656519999999,0.0,0.0,0.0,0.0,116.35009,0.0,0.0,0.0,-1.5707964,0.0
1970-01-01 00:00:01.367922861,1.367922861,0.0,169.19412,0.0,0.0,0.0,0.0,0.0,0.0,-1.5707964,0.0
1970-01-01 00:00:01.368103389,1.368103389,0.0,0.0,0.0,0.0,299.1489,0.0,0.0,0.0,-1.5707964,0.0
1970-01-01 00:00:01.368110430,1.36811043,0.0,103.36435,0.0,0.0,0.0,0.0,0.0,0.0,-1.5707964,0.0
1970-01-01 00:00:01.368120814,1.368120814,0.0,0.0,0.0,0.0,92.63329,0.0,0.0,0.0,-1.5707964,0.0
1970-01-01 00:00:01.368128539,1.368128539,149.20615,0.0,0.0,0.0,0.0,0.0,0.0,0.0,-1.5707964,0.0
1970-01-01 00:00:01.368156151,1.368156151,460.53946,0.0,0.0,0.0,0.0,0.0,0.0,0.0,-1.5707964,0.0
1970-01-01 00:00:01.368356453,1.368356453,0.0,87.39258,0.0,0.0,0.0,0.0,0.0,0.0,-1.5707964,0.0
1970-01-01 00:00:01.368582591,1.368582591,146.59692,0.0,0.0,0.0,0.0,0.0,0.0,0.0,-1.5707964,0.0
1970-01-01 00:00:01.368605494,1.368605494,0.0,138.37561,0.0,0.0,0.0,0.0,0.0,0.0,-1.5707964,0.0
1970-01-01 00:00:01.368661433,1.368661433,0.0,139.76303,0.0,0.0,0.0,0.0,0.0,0.0,-1.5707964,0.0
1970-01-01 00:00:01.368817470,1.36881747,0.0,0.0,0.0,0.0,220.90004,0.0,0.0,0.0,-1.5707964,0.0
1970-01-01 00:00:01.368825975,1.368825975,183.04912,0.0,0.0,0.0,0.0,0.0,0.0,0.0,-1.5707964,0.0
1970-01-01 00:00:01.368841112,1.3688411120000001,0.0,0.0,0.0,0.0,95.46657,0.0,0.0,0.0,-1.5707964,0.0
1970-01-01 00:00:01.368884354,1.368884354,0.0,101.105736,0.0,0.0,0.0,0.0,0.0,0.0,-1.5707964,0.0
1970-01-01 00:00:01.369124430,1.36912443,89.25653,0.0,0.0,0.0,0.0,0.0,0.0,0.0,-1.5707964,0.0
1970-01-01 00:00:01.369127883,1.369127883,0.0,147.22026,0.0,0.0,0.0,0.0,0.0,0.0,-1.5707964,0.0
1970-01-01 00:00:01.369172777,1.369172777,0.0,0.0,0.0,0.0,0.0,120.95511,0.0,0.0,-1.5707964,0.0
1970-01-01 00:00:01.369184528,1.369184528,0.0,0.0,0.0,92.160934,0.0,0.0,0.0,0.0,-1.5707964,0.0
1970-01-01 00:00:01.369285668,1.369285668,0.0,0.0,0.0,0.0,125.774994,0.0,0.0,0.0,-1.5707964,0.0
1970-01-01 00:00:01.369400384,1.369400384,0.0,0.0,0.0,0.0,0.0,82.11458,0.0,0.0,-1.5707964,0.0
1970-01-01 00:00:01.369414249,1.369414249,0.0,0.0,0.0,0.0,137.89635,0.0,0.0,0.0,-1.5707964,0.0
1970-01-01 00:00:01.369631529,1.369631529,0.0,0.0,0.0,106.20707,0.0,0.0,0.0,0.0,-1.5707964,0.0
1970-01-01 00:00:01.369731216,1.369731216,0.0,0.0,0.0,108.72763,0.0,0.0,0.0,0.0,-1.5707964,0.0
1970-01-01 00:00:01.369881381,1.369881381,141.37502,0.0,0.0,0.0,0.0,0.0,0.0,0.0,-1.5707964,0.0
1970-01-01 00:00:01.369937757,1.369937757,182.80225,0.0,0.0,0.0,0.0,0.0,0.0,0.0,-1.5707964,0.0
1970-01-01 00:00:01.369965378,1.369965378,0.0,0.0,0.0,94.07307,0.0,0.0,0.0,0.0,-1.5707964,0.0
1970-01-01 00:00:01.370187076,1.3701870760000001,0.0,0.0,0.0,278.96298,0.0,0.0,0.0,0.0,-1.5707964,0.0
1970-01-01 00:00:01.370187256,1.370187256,0.0,0.0,0.0,0.0,112.771774,0.0,0.0,0.0,-1.5707964,0.0
1970-01-01 00:00:01.370216929,1.370216929,0.0,0.0,0.0,140.54225,0.0,0.0,0.0,0.0,-1.5707964,0.0
1970-01-01 00:00:01.370322932,1.370322932,0.0,0.0,0.0,0.0,0.0,87.34793,0.0,0.0,-1.5707964,0.0
1970-01-01 00:00:01.370336274,1.370336274,0.0,158.99545,0.0,0.0,0.0,0.0,0.0,0.0,-1.5707964,0.0
1970-01-01 00:00:01.370359100,1.3703591,0.0,106.92863,0.0,0.0,0.0,0.0,0.0,0.0,-1.5707964,0.0
1970-01-01 00:00:01.370557103,1.3705571029999999,0.0,90.404236,0.0,0.0,0.0,0.0,0.0,0.0,-1.5707964,0.0
1970-01-01 00:00:01.370772368,1.370772368,0.0,120.57342,0.0,0.0,0.0,0.0,0.0,0.0,-1.5707964,0.0
1970-01-01 00:00:01.370789522,1.370789522,0.0,106.13233,0.0,0.0,0.0,0.0,0.0,0.0,-1.5707964,0.0
1970-01-01 00:00:01.370850136,1.370850136,0.0,372.79996,0.0,0.0,0.0,0.0,0.0,0.0,-1.5707964,0.0
1970-01-01 00:00:01.370878634,1.3708786339999999,0.0,0.0,0.0,264.3264,0.0,0.0,0.0,0.0,-1.5707964,0.0
1970-01-01 00:00:01.371153781,1.371153781,0.0,118.21669,0.0,0.0,0.0,0.0,0.0,0.0,-1.5707964,0.0
1970-01-01 00:00:01.371511339,1.371511339,94.616646,0.0,0.0,0.0,0.0,0.0,0.0,0.0,-1.5707964,0.0
1970-01-01 00:00:01.371602043,1.371602043,0.0,196.59148,0.0,0.0,0.0,0.0,0.0,0.0,-1.5707964,0.0
1970-01-01 00:00:01.371610007,1.3716100070000001,0.0,0.0,0.0,0.0,115.723755,0.0,0.0,0.0,-1.5707964,0.0
1970-01-01 00:00:01.371622685,1.371622685,0.0,0.0,0.0,165.84879,0.0,0.0,0.0,0.0,-1.5707964,0.0
1970-01-01 00:00:01.371654124,1.371654124,99.20503,0.0,0.0,0.0,0.0,0.0,0.0,0.0,-1.5707964,0.0
1970-01-01 00:00:01.371682461,1.371682461,0.0,0.0,0.0,341.0899,0.0,0.0,0.0,0.0,-1.5707964,0.0
1970-01-01 00:00:01.371846012,1.371846012,113.922035,0.0,0.0,0.0,0.0,0.0,0.0,0.0,-1.5707964,0.0
1970-01-01 00:00:01.371849944,1.371849944,0.0,0.0,0.0,0.0,0.0,115.35739,0.0,0.0,-1.5707964,0.0
1970-01-01 00:00:01.371910387,1.371910387,0.0,149.06184,0.0,0.0,0.0,0.0,0.0,0.0,-1.5707964,0.0
1970-01-01 00:00:01.371930859,1.371930859,0.0,96.00326,0.0,0.0,0.0,0.0,0.0,0.0,-1.5707964,0.0
1970-01-01 00:00:01.372031495,1.3720314949999999,0.0,0.0,0.0,129.81427,0.0,0.0,0.0,0.0,-1.5707964,0.0
1970-01-01 00:00:01.372044361,1.372044361,0.0,236.24078,0.0,0.0,0.0,0.0,0.0,0.0,-1.5707964,0.0
1970-01-01 00:00:01.372086034,1.372086034,0.0,0.0,114.50264,0.0,0.0,0.0,0.0,0.0,-1.5707964,0.0
1970-01-01 00:00:01.372095509,1.372095509,0.0,0.0,0.0,0.0,160.83437,0.0,0.0,0.0,-1.5707964,0.0
1970-01-01 00:00:01.372135216,1.372135216,109.95968,0.0,0.0,0.0,0.0,0.0,0.0,0.0,-1.5707964,0.0
1970-01-01 00:00:01.372259508,1.372259508,0.0,100.78581,0.0,0.0,0.0,0.0,0.0,0.0,-1.5707964,0.0
1970-01-01 00:00:01.372323201,1.372323201,181.54875,0.0,0.0,0.0,0.0,0.0,0.0,0.0,-1.5707964,0.0
1970-01-01 00:00:01.372394492,1.372394492,0.0,95.499794,0.0,0.0,0.0,0.0,0.0,0.0,-1.5707964,0.0
1970-01-01 00:00:01.372487781,1.372487781,156.56387,0.0,0.0,0.0,0.0,0.0,0.0,0.0,-1.5707964,0.0
1970-01-01 00:00:01.372770110,1.37277011,0.0,0.0,0.0,0.0,0.0,180.89763,0.0,0.0,-1.5707964,0.0
1970-01-01 00:00:01.372873186,1.372873186,0.0,0.0,0.0,353.91696,0.0,0.0,0.0,0.0,-1.5707964,0.0
1970-01-01 00:00:01.372904531,1.372904531,0.0,138.09557,0.0,0.0,0.0,0.0,0.0,0.0,-1.5707964,0.0
1970-01-01 00:00:01.372904543,1.372904543,0.0,0.0,0.0,108.89328,0.0,0.0,0.0,0.0,-1.5707964,0.0
1970-01-01 00:00:01.372959420,1.37295942,0.0,0.0,0.0,0.0,99.45493,0.0,0.0,0.0,-1.5707964,0.0
1970-01-01 00:00:01.372994436,1.372994436,0.0,0.0,0.0,0.0,235.52989,0.0,0.0,0.0,-1.5707964,0.0
1970-01-01 00:00:01.373046921,1.373046921,0.0,0.0,0.0,103.169044,0.0,0.0,0.0,0.0,-1.5707964,0.0
1970-01-01 00:00:01.373127189,1.373127189,0.0,123.339485,0.0,0.0,0.0,0.0,0.0,0.0,-1.5707964,0.0
1970-01-01 00:00:01.373253272,1.373253272,0.0,0.0,0.0,0.0,0.0,162.02606,0.0,0.0,-1.5707964,0.0
1970-01-01 00:00:01.373322173,1.373322173,0.0,0.0,0.0,0.0,91.38845,0.0,0.0,0.0,-1.5707964,0.0
1970-01-01 00:00:01.373419286,1.373419286,0.0,281.35025,0.0,0.0,0.0,0.0,0.0,0.0,-1.5707964,0.0
1970-01-01 00:00:01.373600915,1.373600915,219.94559,0.0,0.0,0.0,0.0,0.0,0.0,0.0,-1.5707964,0.0
1970-01-01 00:00:01.373776075,1.3737760749999999,0.0,0.0,0.0,144.20332,0.0,0.0,0.0,0.0,-1.5707964,0.0
1970-01-01 00:00:01.373885975,1.3738859749999999,0.0,127.58681,0.0,0.0,0.0,0.0,0.0,0.0,-1.5707964,0.0
1970-01-01 00:00:01.373916488,1.3739164879999999,0.0,0.0,0.0,0.0,232.37807,0.0,0.0,0.0,-1.5707964,0.0
1970-01-01 00:00:01.373957762,1.373957762,0.0,0.0,0.0,0.0,178.63745,0.0,0.0,0.0,-1.5707964,0.0
1970-01-01 00:00:01.374165818,1.374165818,0.0,0.0,0.0,0.0,108.035355,0.0,0.0,0.0,-1.5707964,0.0
1970-01-01 00:00:01.374251832,1.3742518320000001,0.0,0.0,0.0,0.0,153.1605,0.0,0.0,0.0,-1.5707964,0.0
1970-01-01 00:00:01.374431870,1.37443187,0.0,0.0,0.0,0.0,120.60703,0.0,0.0,0.0,-1.5707964,0.0
1970-01-01 00:00:01.374437063,1.374437063,0.0,100.88754,0.0,0.0,0.0,0.0,0.0,0.0,-1.5707964,0.0
1970-01-01 00:00:01.374500331,1.3745003310000001,0.0,0.0,0.0,0.0,185.07953,0.0,0.0,0.0,-1.5707964,0.0
1970-01-01 00:00:01.374654184,1.374654184,104.44778,0.0,0.0,0.0,0.0,0.0,0.0,0.0,-1.5707964,0.0
1970-01-01 00:00:01.374655552,1.3746555520000001,0.0,206.83472,0.0,0.0,0.0,0.0,0.0,0.0,-1.5707964,0.0
1970-01-01 00:00:01.374935426,1.374935426,0.0,83.77857,0.0,0.0,0.0,0.0,0.0,0.0,-1.5707964,0.0
1970-01-01 00:00:01.374946923,1.374946923,145.0404,0.0,0.0,0.0,0.0,0.0,0.0,0.0,-1.5707964,0.0
1970-01-01 00:00:01.374991473,1.3749914730000001,0.0,190.14734,0.0,0.0,0.0,0.0,0.0,0.0,-1.5707964,0.0
1970-01-01 00:00:01.374992255,1.374992255,0.0,215.48149,0.0,0.0,0.0,0.0,0.0,0.0,-1.5707964,0.0
1970-01-01 00:00:01.375046554,1.3750465539999999,0.0,0.0,0.0,0.0,101.15387,0.0,0.0,0.0,-1.5707964,0.0
1970-01-01 00:00:01.375063262,1.375063262,0.0,105.8201,0.0,0.0,0.0,0.0,0.0,0.0,-1.5707964,0.0
1970-01-01 00:00:01.375157587,1.375157587,0.0,237.03943,0.0,0.0,0.0,0.0,0.0,0.0,-1.5707964,0.0
1970-01-01 00:00:01.375301790,1.37530179,0.0,140.04271,0.0,0.0,0.0,0.0,0.0,0.0,-1.5707964,0.0
1970-01-01 00:00:01.375391113,1.375391113,0.0,0.0,0.0,0.0,123.32374,0.0,0.0,0.0,-1.5707964,0.0
1970-01-01 00:00:01.375449296,1.375449296,0.0,145.30219,0.0,0.0,0.0,0.0,0.0,0.0,-1.5707964,0.0
1970-01-01 00:00:01.375465321,1.375465321,0.0,0.0,0.0,0.0,0.0,219.15959,0.0,0.0,-1.5707964,0.0
1970-01-01 00:00:01.375484944,1.375484944,133.08795,0.0,0.0,0.0,0.0,0.0,0.0,0.0,-1.5707964,0.0
1970-01-01 00:00:01.375668255,1.375668255,0.0,297.0386,0.0,0.0,0.0,0.0,0.0,0.0,-1.5707964,0.0
1970-01-01 00:00:01.375715816,1.375715816,0.0,0.0,0.0,0.0,109.977936,0.0,0.0,0.0,-1.5707964,0.0
1970-01-01 00:00:01.375721810,1.37572181,0.0,0.0,0.0,0.0,194.96411,0.0,0.0,0.0,-1.5707964,0.0
1970-01-01 00:00:01.375728442,1.375728442,0.0,301.666,0.0,0.0,0.0,0.0,0.0,0.0,-1.5707964,0.0
1970-01-01 00:00:01.375862307,1.375862307,0.0,83.20983,0.0,0.0,0.0,0.0,0.0,0.0,-1.5707964,0.0
1970-01-01 00:00:01.375998259,1.375998259,0.0,0.0,0.0,105.84571,0.0,0.0,0.0,0.0,-1.5707964,0.0
1970-01-01 00:00:01.376038203,1.376038203,0.0,0.0,0.0,0.0,136.36932,0.0,0.0,0.0,-1.5707964,0.0
1970-01-01 00:00:01.376231787,1.376231787,0.0,92.90121,0.0,0.0,0.0,0.0,0.0,0.0,-1.5707964,0.0
1970-01-01 00:00:01.376235068,1.376235068,0.0,85.80113,0.0,0.0,0.0,0.0,0.0,0.0,-1.5707964,0.0
1970-01-01 00:00:01.376245244,1.376245244,0.0,130.97289,0.0,0.0,0.0,0.0,0.0,0.0,-1.5707964,0.0
1970-01-01 00:00:01.376271509,1.376271509,0.0,168.99103,0.0,0.0,0.0,0.0,0.0,0.0,-1.5707964,0.0
1970-01-01 00:00:01.376299260,1.3762992600000001,0.0,0.0,0.0,0.0,171.0967,0.0,0.0,0.0,-1.5707964,0.0
1970-01-01 00:00:01.376299549,1.376299549,0.0,0.0,0.0,166.80557,0.0,0.0,0.0,0.0,-1.5707964,0.0
1970-01-01 00:00:01.376406437,1.376406437,0.0,332.0809,0.0,0.0,0.0,0.0,0.0,0.0,-1.5707964,0.0
1970-01-01 00:00:01.376454518,1.376454518,167.25142,0.0,0.0,0.0,0.0,0.0,0.0,0.0,-1.5707964,0.0
1970-01-01 00:00:01.376474226,1.376474226,0.0,0.0,0.0,0.0,97.866936,0.0,0.0,0.0,-1.5707964,0.0
1970-01-01 00:00:01.376613233,1.376613233,0.0,82.66329,0.0,0.0,0.0,0.0,0.0,0.0,-1.5707964,0.0
1970-01-01 00:00:01.376681021,1.376681021,0.0,139.94563,0.0,0.0,0.0,0.0,0.0,0.0,-1.5707964,0.0
1970-01-01 00:00:01.376760380,1.37676038,0.0,105.02732,0.0,0.0,0.0,0.0,0.0,0.0,-1.5707964,0.0
1970-01-01 00:00:01.376789886,1.376789886,0.0,0.0,0.0,112.98985,0.0,0.0,0.0,0.0,-1.5707964,0.0
1970-01-01 00:00:01.376806026,1.3768060260000001,82.5127,0.0,0.0,0.0,0.0,0.0,0.0,0.0,-1.5707964,0.0
1970-01-01 00:00:01.376838744,1.376838744,0.0,0.0,0.0,182.90898,0.0,0.0,0.0,0.0,-1.5707964,0.0
1970-01-01 00:00:01.377018178,1.377018178,150.16304,0.0,0.0,0.0,0.0,0.0,0.0,0.0,-1.5707964,0.0
1970-01-01 00:00:01.377043511,1.377043511,0.0,80.78091,0.0,0.0,0.0,0.0,0.0,0.0,-1.5707964,0.0
1970-01-01 00:00:01.377141183,1.377141183,0.0,0.0,0.0,0.0,195.38632,0.0,0.0,0.0,-1.5707964,0.0
1970-01-01 00:00:01.377158636,1.3771586359999999,0.0,168.3397,0.0,0.0,0.0,0.0,0.0,0.0,-1.5707964,0.0
1970-01-01 00:00:01.377233355,1.377233355,0.0,0.0,0.0,189.32138,0.0,0.0,0.0,0.0,-1.5707964,0.0
1970-01-01 00:00:01.377242958,1.377242958,114.193794,0.0,0.0,0.0,0.0,0.0,0.0,0.0,-1.5707964,0.0
1970-01-01 00:00:01.377251297,1.377251297,0.0,0.0,0.0,150.61806,0.0,0.0,0.0,0.0,-1.5707964,0.0
1970-01-01 00:00:01.377253183,1.377253183,0.0,0.0,0.0,86.646416,0.0,0.0,0.0,0.0,-1.5707964,0.0
1970-01-01 00:00:01.377264564,1.377264564,0.0,139.59474,0.0,0.0,0.0,0.0,0.0,0.0,-1.5707964,0.0
1970-01-01 00:00:01.377329298,1.377329298,0.0,0.0,0.0,0.0,0.0,175.11493,0.0,0.0,-1.5707964,0.0
1970-01-01 00:00:01.377384214,1.377384214,0.0,0.0,0.0,356.11014,0.0,0.0,0.0,0.0,-1.5707964,0.0
1970-01-01 00:00:01.377638058,1.377638058,90.839294,0.0,0.0,0.0,0.0,0.0,0.0,0.0,-1.5707964,0.0
1970-01-01 00:00:01.377644478,1.3776444780000001,0.0,97.92744,0.0,0.0,0.0,0.0,0.0,0.0,-1.5707964,0.0
1970-01-01 00:00:01.377732227,1.377732227,0.0,0.0,0.0,0.0,90.24376,0.0,0.0,0.0,-1.5707964,0.0
1970-01-01 00:00:01.377741201,1.377741201,0.0,263.3311,0.0,0.0,0.0,0.0,0.0,0.0,-1.5707964,0.0
1970-01-01 00:00:01.377795543,1.377795543,0.0,0.0,0.0,0.0,0.0,178.25937,0.0,0.0,-1.5707964,0.0
1970-01-01 00:00:01.377812858,1.377812858,0.0,0.0,0.0,152.36946,0.0,0.0,0.0,0.0,-1.5707964,0.0
1970-01-01 00:00:01.377874598,1.377874598,0.0,0.0,0.0,130.55508,0.0,0.0,0.0,0.0,-1.5707964,0.0
1970-01-01 00:00:01.377875097,1.377875097,0.0,0.0,0.0,0.0,92.04902,0.0,0.0,0.0,-1.5707964,0.0
1970-01-01 00:00:01.377939755,1.3779397549999999,0.0,0.0,0.0,0.0,103.89411,0.0,0.0,0.0,-1.5707964,0.0
1970-01-01 00:00:01.377972593,1.377972593,0.0,0.0,0.0,0.0,231.87175,0.0,0.0,0.0,-1.5707964,0.0
1970-01-01 00:00:01.378156346,1.378156346,0.0,0.0,0.0,0.0,177.78319,0.0,0.0,0.0,-1.5707964,0.0
1970-01-01 00:00:01.378190145,1.378190145,0.0,0.0,0.0,184.54431,0.0,0.0,0.0,0.0,-1.5707964,0.0
1970-01-01 00:00:01.378543829,1.378543829,0.0,0.0,0.0,103.349304,0.0,0.0,0.0,0.0,-1.5707964,0.0
1970-01-01 00:00:01.378615093,1.378615093,0.0,91.38748,0.0,0.0,0.0,0.0,0.0,0.0,-1.5707964,0.0
1970-01-01 00:00:01.378646123,1.378646123,0.0,82.37004,0.0,0.0,0.0,0.0,0.0,0.0,-1.5707964,0.0
1970-01-01 00:00:01.378706386,1.378706386,0.0,91.680534,0.0,0.0,0.0,0.0,0.0,0.0,-1.5707964,0.0
1970-01-01 00:00:01.378822380,1.37882238,0.0,165.21584,0.0,0.0,0.0,0.0,0.0,0.0,-1.5707964,0.0
1970-01-01 00:00:01.378935720,1.3789357199999999,112.35642,0.0,0.0,0.0,0.0,0.0,0.0,0.0,-1.5707964,0.0
1970-01-01 00:00:01.378936106,1.378936106,0.0,0.0,0.0,0.0,149.16818,0.0,0.0,0.0,-1.5707964,0.0
1970-01-01 00:00:01.379135748,1.379135748,0.0,116.32299,0.0,0.0,0.0,0.0,0.0,0.0,-1.5707964,0.0
1970-01-01 00:00:01.379236775,1.379236775,0.0,0.0,0.0,0.0,89.2394,0.0,0.0,0.0,-1.5707964,0.0
1970-01-01 00:00:01.379409476,1.379409476,0.0,0.0,0.0,107.49257,0.0,0.0,0.0,0.0,-1.5707964,0.0
1970-01-01 00:00:01.379417534,1.379417534,182.02087,0.0,0.0,0.0,0.0,0.0,0.0,0.0,-1.5707964,0.0
1970-01-01 00:00:01.379417534,1.379417534,158.19266,0.0,0.0,0.0,0.0,0.0,0.0,0.0,-1.5707964,0.0
1970-01-01 00:00:01.379492092,1.379492092,0.0,88.712555,0.0,0.0,0.0,0.0,0.0,0.0,-1.5707964,0.0
1970-01-01 00:00:01.379528060,1.37952806,0.0,81.54959,0.0,0.0,0.0,0.0,0.0,0.0,-1.5707964,0.0
1970-01-01 00:00:01.379598854,1.379598854,0.0,400.2878,0.0,0.0,0.0,0.0,0.0,0.0,-1.5707964,0.0
1970-01-01 00:00:01.379768843,1.379768843,0.0,0.0,0.0,158.6679,0.0,0.0,0.0,0.0,-1.5707964,0.0
1970-01-01 00:00:01.379780318,1.379780318,0.0,0.0,0.0,0.0,139.19385,0.0,0.0,0.0,-1.5707964,0.0
1970-01-01 00:00:01.379833283,1.379833283,0.0,0.0,400.28787,0.0,0.0,0.0,0.0,0.0,-1.5707964,0.0
1970-01-01 00:00:01.379844113,1.3798441129999999,0.0,0.0,0.0,96.18174,0.0,0.0,0.0,0.0,-1.5707964,0.0
1970-01-01 00:00:01.379885307,1.379885307,0.0,124.27625,0.0,0.0,0.0,0.0,0.0,0.0,-1.5707964,0.0
1970-01-01 00:00:01.379930823,1.379930823,87.42658,0.0,0.0,0.0,0.0,0.0,0.0,0.0,-1.5707964,0.0
1970-01-01 00:00:01.380083490,1.38008349,0.0,0.0,0.0,0.0,0.0,365.0713,0.0,0.0,-1.5707964,0.0
1970-01-01 00:00:01.380097456,1.3800974560000001,0.0,0.0,0.0,135.23589,0.0,0.0,0.0,0.0,-1.5707964,0.0
1970-01-01 00:00:01.380161492,1.380161492,200.60396,0.0,0.0,0.0,0.0,0.0,0.0,0.0,-1.5707964,0.0
1970-01-01 00:00:01.380375093,1.380375093,0.0,90.28177,0.0,0.0,0.0,0.0,0.0,0.0,-1.5707964,0.0
1970-01-01 00:00:01.380479488,1.380479488,0.0,0.0,0.0,178.4378,0.0,0.0,0.0,0.0,-1.5707964,0.0
1970-01-01 00:00:01.380505761,1.380505761,0.0,154.14319,0.0,0.0,0.0,0.0,0.0,0.0,-1.5707964,0.0
1970-01-01 00:00:01.380616011,1.3806160109999999,0.0,0.0,0.0,0.0,0.0,147.60712,0.0,0.0,-1.5707964,0.0
1970-01-01 00:00:01.380670454,1.380670454,0.0,0.0,0.0,0.0,393.5855,0.0,0.0,0.0,-1.5707964,0.0
1970-01-01 00:00:01.380680099,1.380680099,0.0,0.0,0.0,0.0,92.01952,0.0,0.0,0.0,-1.5707964,0.0
1970-01-01 00:00:01.380701548,1.380701548,108.576096,0.0,0.0,0.0,0.0,0.0,0.0,0.0,-1.5707964,0.0
1970-01-01 00:00:01.380714773,1.380714773,0.0,88.7105,0.0,0.0,0.0,0.0,0.0,0.0,-1.5707964,0.0
1970-01-01 00:00:01.380931068,1.380931068,462.2084,0.0,0.0,0.0,0.0,0.0,0.0,0.0,-1.5707964,0.0
1970-01-01 00:00:01.381045595,1.381045595,0.0,0.0,0.0,0.0,241.30002,0.0,0.0,0.0,-1.5707964,0.0
1970-01-01 00:00:01.381140476,1.3811404760000001,0.0,0.0,0.0,0.0,157.46252,0.0,0.0,0.0,-1.5707964,0.0
1970-01-01 00:00:01.381162540,1.38116254,0.0,0.0,0.0,0.0,0.0,131.68382,0.0,0.0,-1.5707964,0.0
1970-01-01 00:00:01.381188046,1.3811880460000001,0.0,0.0,0.0,0.0,0.0,141.88649,0.0,0.0,-1.5707964,0.0
1970-01-01 00:00:01.381308088,1.381308088,0.0,122.701004,0.0,0.0,0.0,0.0,0.0,0.0,-1.5707964,0.0
1970-01-01 00:00:01.381314162,1.381314162,0.0,0.0,0.0,150.32068,0.0,0.0,0.0,0.0,-1.5707964,0.0
1970-01-01 00:00:01.381378173,1.3813781729999999,0.0,151.61308,0.0,0.0,0.0,0.0,0.0,0.0,-1.5707964,0.0
1970-01-01 00:00:01.381605005,1.381605005,96.21706,0.0,0.0,0.0,0.0,0.0,0.0,0.0,-1.5707964,0.0
1970-01-01 00:00:01.381769378,1.381769378,0.0,161.20532,0.0,0.0,0.0,0.0,0.0,0.0,-1.5707964,0.0
1970-01-01 00:00:01.381893364,1.381893364,0.0,102.51492,0.0,0.0,0.0,0.0,0.0,0.0,-1.5707964,0.0
1970-01-01 00:00:01.381998229,1.3819982290000001,0.0,0.0,0.0,163.62553,0.0,0.0,0.0,0.0,-1.5707964,0.0
1970-01-01 00:00:01.382044575,1.382044575,142.4888,0.0,0.0,0.0,0.0,0.0,0.0,0.0,-1.5707964,0.0
1970-01-01 00:00:01.382086628,1.382086628,0.0,129.39189,0.0,0.0,0.0,0.0,0.0,0.0,-1.5707964,0.0
1970-01-01 00:00:01.382124111,1.382124111,94.43711,0.0,0.0,0.0,0.0,0.0,0.0,0.0,-1.5707964,0.0
1970-01-01 00:00:01.382179908,1.382179908,0.0,0.0,0.0,155.51358,0.0,0.0,0.0,0.0,-1.5707964,0.0
1970-01-01 00:00:01.382187671,1.382187671,86.344444,0.0,0.0,0.0,0.0,0.0,0.0,0.0,-1.5707964,0.0
1970-01-01 00:00:01.382206541,1.382206541,0.0,0.0,0.0,0.0,0.0,140.85124,0.0,0.0,-1.5707964,0.0
1970-01-01 00:00:01.382269195,1.3822691950000001,0.0,188.39748,0.0,0.0,0.0,0.0,0.0,0.0,-1.5707964,0.0
1970-01-01 00:00:01.382304907,1.382304907,0.0,0.0,0.0,0.0,96.90755,0.0,0.0,0.0,-1.5707964,0.0
1970-01-01 00:00:01.382338841,1.382338841,0.0,0.0,0.0,0.0,146.5379,0.0,0.0,0.0,-1.5707964,0.0
1970-01-01 00:00:01.382396584,1.3823965839999999,0.0,0.0,0.0,102.82358,0.0,0.0,0.0,0.0,-1.5707964,0.0
1970-01-01 00:00:01.382435690,1.3824356899999999,0.0,176.48451,0.0,0.0,0.0,0.0,0.0,0.0,-1.5707964,0.0
1970-01-01 00:00:01.382503582,1.382503582,0.0,0.0,0.0,0.0,107.31584,0.0,0.0,0.0,-1.5707964,0.0
1970-01-01 00:00:01.382513506,1.382513506,0.0,111.67548,0.0,0.0,0.0,0.0,0.0,0.0,-1.5707964,0.0
1970-01-01 00:00:01.382564164,1.382564164,0.0,230.00383,0.0,0.0,0.0,0.0,0.0,0.0,-1.5707964,0.0
1970-01-01 00:00:01.382645177,1.3826451770000001,0.0,0.0,0.0,0.0,88.91436,0.0,0.0,0.0,-1.5707964,0.0
1970-01-01 00:00:01.382806739,1.382806739,0.0,0.0,0.0,0.0,126.17106,0.0,0.0,0.0,-1.5707964,0.0
1970-01-01 00:00:01.382859726,1.382859726,0.0,0.0,0.0,0.0,312.15762,0.0,0.0,0.0,-1.5707964,0.0
1970-01-01 00:00:01.382862843,1.382862843,220.67435,0.0,0.0,0.0,0.0,0.0,0.0,0.0,-1.5707964,0.0
1970-01-01 00:00:01.382912051,1.382912051,0.0,383.18097,0.0,0.0,0.0,0.0,0.0,0.0,-1.5707964,0.0
1970-01-01 00:00:01.382960438,1.382960438,0.0,137.52707,0.0,0.0,0.0,0.0,0.0,0.0,-1.5707964,0.0
1970-01-01 00:00:01.383076617,1.383076617,0.0,0.0,0.0,213.07884,0.0,0.0,0.0,0.0,-1.5707964,0.0
1970-01-01 00:00:01.383099802,1.383099802,0.0,82.24496,0.0,0.0,0.0,0.0,0.0,0.0,-1.5707964,0.0
1970-01-01 00:00:01.383248372,1.383248372,0.0,92.7373,0.0,0.0,0.0,0.0,0.0,0.0,-1.5707964,0.0
1970-01-01 00:00:01.383257131,1.383257131,0.0,0.0,0.0,109.83051,0.0,0.0,0.0,0.0,-1.5707964,0.0
1970-01-01 00:00:01.383287445,1.3832874450000001,0.0,0.0,0.0,196.1307,0.0,0.0,0.0,0.0,-1.5707964,0.0
1970-01-01 00:00:01.383327009,1.383327009,0.0,0.0,0.0,0.0,277.7737,0.0,0.0,0.0,-1.5707964,0.0
1970-01-01 00:00:01.383492414,1.383492414,0.0,159.90785,0.0,0.0,0.0,0.0,0.0,0.0,-1.5707964,0.0
1970-01-01 00:00:01.383520863,1.383520863,0.0,0.0,0.0,0.0,167.9487,0.0,0.0,0.0,-1.5707964,0.0
1970-01-01 00:00:01.383571226,1.383571226,0.0,0.0,0.0,259.5038,0.0,0.0,0.0,0.0,-1.5707964,0.0
1970-01-01 00:00:01.383626632,1.383626632,0.0,0.0,0.0,0.0,89.02897,0.0,0.0,0.0,-1.5707964,0.0
1970-01-01 00:00:01.383795794,1.383795794,0.0,0.0,0.0,0.0,199.03046,0.0,0.0,0.0,-1.5707964,0.0
1970-01-01 00:00:01.383821821,1.383821821,0.0,206.4622,0.0,0.0,0.0,0.0,0.0,0.0,-1.5707964,0.0
1970-01-01 00:00:01.384221355,1.384221355,0.0,193.90196,0.0,0.0,0.0,0.0,0.0,0.0,-1.5707964,0.0
1970-01-01 00:00:01.384223159,1.384223159,109.87388,0.0,0.0,0.0,0.0,0.0,0.0,0.0,-1.5707964,0.0
1970-01-01 00:00:01.384319357,1.3843193569999999,0.0,0.0,0.0,0.0,0.0,184.79802,0.0,0.0,-1.5707964,0.0
1970-01-01 00:00:01.384332814,1.384332814,374.7426,0.0,0.0,0.0,0.0,0.0,0.0,0.0,-1.5707964,0.0
1970-01-01 00:00:01.384440646,1.384440646,0.0,0.0,0.0,0.0,259.12787,0.0,0.0,0.0,-1.5707964,0.0
1970-01-01 00:00:01.384468223,1.384468223,0.0,121.93446,0.0,0.0,0.0,0.0,0.0,0.0,-1.5707964,0.0
1970-01-01 00:00:01.384536195,1.384536195,0.0,0.0,0.0,0.0,123.6108,0.0,0.0,0.0,-1.5707964,0.0
1970-01-01 00:00:01.384573997,1.384573997,108.59447,0.0,0.0,0.0,0.0,0.0,0.0,0.0,-1.5707964,0.0
1970-01-01 00:00:01.384586095,1.384586095,0.0,265.09387,0.0,0.0,0.0,0.0,0.0,0.0,-1.5707964,0.0
1970-01-01 00:00:01.384653461,1.384653461,0.0,195.57959,0.0,0.0,0.0,0.0,0.0,0.0,-1.5707964,0.0
1970-01-01 00:00:01.384656558,1.384656558,0.0,112.11311,0.0,0.0,0.0,0.0,0.0,0.0,-1.5707964,0.0
1970-01-01 00:00:01.384709130,1.38470913,0.0,0.0,0.0,0.0,81.41063,0.0,0.0,0.0,-1.5707964,0.0
1970-01-01 00:00:01.384747512,1.3847475120000001,0.0,94.73794,0.0,0.0,0.0,0.0,0.0,0.0,-1.5707964,0.0
1970-01-01 00:00:01.384808018,1.384808018,0.0,138.9216,0.0,0.0,0.0,0.0,0.0,0.0,-1.5707964,0.0
1970-01-01 00:00:01.384850186,1.384850186,86.80941,0.0,0.0,0.0,0.0,0.0,0.0,0.0,-1.5707964,0.0
1970-01-01 00:00:01.384853849,1.384853849,0.0,102.499695,0.0,0.0,0.0,0.0,0.0,0.0,-1.5707964,0.0
1970-01-01 00:00:01.385016753,1.385016753,0.0,0.0,0.0,249.57097,0.0,0.0,0.0,0.0,-1.5707964,0.0
1970-01-01 00:00:01.385074471,1.385074471,0.0,0.0,0.0,0.0,0.0,95.82589,0.0,0.0,-1.5707964,0.0
1970-01-01 00:00:01.385076192,1.385076192,0.0,0.0,0.0,0.0,111.74822,0.0,0.0,0.0,-1.5707964,0.0
1970-01-01 00:00:01.385143034,1.385143034,0.0,101.42005,0.0,0.0,0.0,0.0,0.0,0.0,-1.5707964,0.0
1970-01-01 00:00:01.385197445,1.385197445,0.0,0.0,0.0,0.0,0.0,326.54062,0.0,0.0,-1.5707964,0.0
1970-01-01 00:00:01.385254931,1.385254931,0.0,95.36408,0.0,0.0,0.0,0.0,0.0,0.0,-1.5707964,0.0
1970-01-01 00:00:01.385342244,1.385342244,0.0,229.71935,0.0,0.0,0.0,0.0,0.0,0.0,-1.5707964,0.0
1970-01-01 00:00:01.385364930,1.38536493,0.0,0.0,0.0,0.0,137.49396,0.0,0.0,0.0,-1.5707964,0.0
1970-01-01 00:00:01.385417348,1.385417348,0.0,0.0,0.0,0.0,121.90477,0.0,0.0,0.0,-1.5707964,0.0
1970-01-01 00:00:01.385483488,1.385483488,0.0,0.0,0.0,0.0,153.32513,0.0,0.0,0.0,-1.5707964,0.0
1970-01-01 00:00:01.385485689,1.385485689,0.0,191.90785,0.0,0.0,0.0,0.0,0.0,0.0,-1.5707964,0.0
1970-01-01 00:00:01.385500168,1.385500168,0.0,0.0,0.0,113.28548,0.0,0.0,0.0,0.0,-1.5707964,0.0
1970-01-01 00:00:01.385500746,1.385500746,0.0,128.63913,0.0,0.0,0.0,0.0,0.0,0.0,-1.5707964,0.0
1970-01-01 00:00:01.385731648,1.385731648,0.0,0.0,0.0,163.65182,0.0,0.0,0.0,0.0,-1.5707964,0.0
1970-01-01 00:00:01.385738307,1.385738307,0.0,0.0,0.0,96.511536,0.0,0.0,0.0,0.0,-1.5707964,0.0
1970-01-01 00:00:01.385838504,1.385838504,0.0,0.0,0.0,0.0,97.50606,0.0,0.0,0.0,-1.5707964,0.0
1970-01-01 00:00:01.385864226,1.385864226,135.71054,0.0,0.0,0.0,0.0,0.0,0.0,0.0,-1.5707964,0.0
1970-01-01 00:00:01.385932390,1.38593239,0.0,0.0,0.0,0.0,107.670975,0.0,0.0,0.0,-1.5707964,0.0
1970-01-01 00:00:01.385974887,1.385974887,0.0,0.0,0.0,0.0,114.439964,0.0,0.0,0.0,-1.5707964,0.0
1970-01-01 00:00:01.386126792,1.386126792,308.00986,0.0,0.0,0.0,0.0,0.0,0.0,0.0,-1.5707964,0.0
1970-01-01 00:00:01.386472456,1.386472456,0.0,171.80687,0.0,0.0,0.0,0.0,0.0,0.0,-1.5707964,0.0
1970-01-01 00:00:01.386561237,1.386561237,0.0,168.96982,0.0,0.0,0.0,0.0,0.0,0.0,-1.5707964,0.0
1970-01-01 00:00:01.386640186,1.386640186,0.0,0.0,0.0,172.85286,0.0,0.0,0.0,0.0,-1.5707964,0.0
1970-01-01 00:00:01.386790939,1.386790939,0.0,0.0,0.0,0.0,144.04637,0.0,0.0,0.0,-1.5707964,0.0
1970-01-01 00:00:01.386856394,1.386856394,0.0,83.499596,0.0,0.0,0.0,0.0,0.0,0.0,-1.5707964,0.0
1970-01-01 00:00:01.386919034,1.386919034,0.0,82.63277,0.0,0.0,0.0,0.0,0.0,0.0,-1.5707964,0.0
1970-01-01 00:00:01.386932215,1.386932215,0.0,0.0,0.0,105.89774,0.0,0.0,0.0,0.0,-1.5707964,0.0
1970-01-01 00:00:01.386951243,1.386951243,0.0,106.82838,0.0,0.0,0.0,0.0,0.0,0.0,-1.5707964,0.0
1970-01-01 00:00:01.387199551,1.387199551,0.0,0.0,0.0,220.5173,0.0,0.0,0.0,0.0,-1.5707964,0.0
1970-01-01 00:00:01.387241538,1.387241538,0.0,137.42143,0.0,0.0,0.0,0.0,0.0,0.0,-1.5707964,0.0
1970-01-01 00:00:01.387331609,1.387331609,0.0,88.49134,0.0,0.0,0.0,0.0,0.0,0.0,-1.5707964,0.0
1970-01-01 00:00:01.387472102,1.387472102,0.0,0.0,0.0,136.83922,0.0,0.0,0.0,0.0,-1.5707964,0.0
1970-01-01 00:00:01.387537654,1.387537654,84.01326,0.0,0.0,0.0,0.0,0.0,0.0,0.0,-1.5707964,0.0
1970-01-01 00:00:01.387597114,1.387597114,0.0,104.987526,0.0,0.0,0.0,0.0,0.0,0.0,-1.5707964,0.0
1970-01-01 00:00:01.387751545,1.387751545,0.0,147.7005,0.0,0.0,0.0,0.0,0.0,0.0,-1.5707964,0.0
1970-01-01 00:00:01.387858028,1.3878580280000001,0.0,0.0,0.0,0.0,259.28046,0.0,0.0,0.0,-1.5707964,0.0
1970-01-01 00:00:01.387953636,1.387953636,0.0,0.0,0.0,0.0,112.70959,0.0,0.0,0.0,-1.5707964,0.0
1970-01-01 00:00:01.388009478,1.388009478,0.0,227.27429,0.0,0.0,0.0,0.0,0.0,0.0,-1.5707964,0.0
1970-01-01 00:00:01.388059713,1.388059713,0.0,0.0,0.0,0.0,102.2451,0.0,0.0,0.0,-1.5707964,0.0
1970-01-01 00:00:01.388189085,1.388189085,0.0,128.51361,0.0,0.0,0.0,0.0,0.0,0.0,-1.5707964,0.0
1970-01-01 00:00:01.388297809,1.388297809,0.0,0.0,0.0,249.62228,0.0,0.0,0.0,0.0,-1.5707964,0.0
1970-01-01 00:00:01.388688657,1.3886886569999999,0.0,90.89421,0.0,0.0,0.0,0.0,0.0,0.0,-1.5707964,0.0
1970-01-01 00:00:01.388808994,1.3888089940000001,0.0,0.0,0.0,0.0,171.09557,0.0,0.0,0.0,-1.5707964,0.0
1970-01-01 00:00:01.388831906,1.388831906,0.0,105.97515,0.0,0.0,0.0,0.0,0.0,0.0,-1.5707964,0.0
1970-01-01 00:00:01.388949238,1.388949238,146.5929,0.0,0.0,0.0,0.0,0.0,0.0,0.0,-1.5707964,0.0
1970-01-01 00:00:01.388984217,1.388984217,340.34906,0.0,0.0,0.0,0.0,0.0,0.0,0.0,-1.5707964,0.0
1970-01-01 00:00:01.389114251,1.389114251,0.0,0.0,0.0,0.0,114.88062,0.0,0.0,0.0,-1.5707964,0.0
1970-01-01 00:00:01.389162393,1.3891623929999999,0.0,171.64249,0.0,0.0,0.0,0.0,0.0,0.0,-1.5707964,0.0
1970-01-01 00:00:01.389173005,1.389173005,114.394684,0.0,0.0,0.0,0.0,0.0,0.0,0.0,-1.5707964,0.0
1970-01-01 00:00:01.389207381,1.389207381,0.0,0.0,0.0,0.0,112.64239,0.0,0.0,0.0,-1.5707964,0.0
1970-01-01 00:00:01.389210399,1.389210399,0.0,0.0,0.0,150.45018,0.0,0.0,0.0,0.0,-1.5707964,0.0
1970-01-01 00:00:01.389248533,1.389248533,0.0,0.0,0.0,0.0,192.95139,0.0,0.0,0.0,-1.5707964,0.0
1970-01-01 00:00:01.389323178,1.389323178,0.0,197.29507,0.0,0.0,0.0,0.0,0.0,0.0,-1.5707964,0.0
1970-01-01 00:00:01.389375138,1.3893751380000001,0.0,0.0,0.0,87.03454,0.0,0.0,0.0,0.0,-1.5707964,0.0
1970-01-01 00:00:01.389521633,1.389521633,0.0,294.98935,0.0,0.0,0.0,0.0,0.0,0.0,-1.5707964,0.0
1970-01-01 00:00:01.389541921,1.389541921,0.0,108.0162,0.0,0.0,0.0,0.0,0.0,0.0,-1.5707964,0.0
1970-01-01 00:00:01.389557439,1.389557439,0.0,121.26115,0.0,0.0,0.0,0.0,0.0,0.0,-1.5707964,0.0
1970-01-01 00:00:01.389567544,1.389567544,0.0,0.0,0.0,106.26264,0.0,0.0,0.0,0.0,-1.5707964,0.0
1970-01-01 00:00:01.389682936,1.389682936,0.0,0.0,0.0,0.0,0.0,114.35652,0.0,0.0,-1.5707964,0.0
1970-01-01 00:00:01.389770095,1.389770095,0.0,0.0,0.0,0.0,141.39227,0.0,0.0,0.0,-1.5707964,0.0
1970-01-01 00:00:01.389845643,1.3898456430000001,103.873924,0.0,0.0,0.0,0.0,0.0,0.0,0.0,-1.5707964,0.0
1970-01-01 00:00:01.389891216,1.389891216,0.0,84.82453,0.0,0.0,0.0,0.0,0.0,0.0,-1.5707964,0.0
1970-01-01 00:00:01.389949356,1.389949356,0.0,0.0,0.0,0.0,189.52026,0.0,0.0,0.0,-1.5707964,0.0
1970-01-01 00:00:01.390047402,1.390047402,0.0,0.0,0.0,0.0,90.76006,0.0,0.0,0.0,-1.5707964,0.0
1970-01-01 00:00:01.390063271,1.390063271,0.0,0.0,0.0,0.0,184.61589,0.0,0.0,0.0,-1.5707964,0.0
1970-01-01 00:00:01.390152037,1.390152037,0.0,258.268,0.0,0.0,0.0,0.0,0.0,0.0,-1.5707964,0.0
1970-01-01 00:00:01.390248818,1.3902488179999999,0.0,0.0,0.0,0.0,128.43918,0.0,0.0,0.0,-1.5707964,0.0
1970-01-01 00:00:01.390574532,1.390574532,0.0,87.02775,0.0,0.0,0.0,0.0,0.0,0.0,-1.5707964,0.0
1970-01-01 00:00:01.390661011,1.390661011,133.64876,0.0,0.0,0.0,0.0,0.0,0.0,0.0,-1.5707964,0.0
1970-01-01 00:00:01.390667292,1.390667292,0.0,0.0,0.0,246.13882,0.0,0.0,0.0,0.0,-1.5707964,0.0
1970-01-01 00:00:01.390673057,1.3906730569999999,0.0,85.61517,0.0,0.0,0.0,0.0,0.0,0.0,-1.5707964,0.0
1970-01-01 00:00:01.390733478,1.390733478,0.0,94.35823,0.0,0.0,0.0,0.0,0.0,0.0,-1.5707964,0.0
1970-01-01 00:00:01.390749121,1.390749121,0.0,0.0,0.0,0.0,131.78493,0.0,0.0,0.0,-1.5707964,0.0
1970-01-01 00:00:01.390858045,1.3908580449999999,144.0718,0.0,0.0,0.0,0.0,0.0,0.0,0.0,-1.5707964,0.0
1970-01-01 00:00:01.390917441,1.390917441,160.15111,0.0,0.0,0.0,0.0,0.0,0.0,0.0,-1.5707964,0.0
1970-01-01 00:00:01.391013452,1.391013452,0.0,0.0,0.0,0.0,143.51004,0.0,0.0,0.0,-1.5707964,0.0
1970-01-01 00:00:01.391154008,1.391154008,0.0,204.60298,0.0,0.0,0.0,0.0,0.0,0.0,-1.5707964,0.0
1970-01-01 00:00:01.391214715,1.391214715,127.27052,0.0,0.0,0.0,0.0,0.0,0.0,0.0,-1.5707964,0.0
1970-01-01 00:00:01.391264237,1.3912642370000001,0.0,0.0,0.0,0.0,341.42255,0.0,0.0,0.0,-1.5707964,0.0
1970-01-01 00:00:01.391333587,1.391333587,407.3722,0.0,0.0,0.0,0.0,0.0,0.0,0.0,-1.5707964,0.0
1970-01-01 00:00:01.391378465,1.391378465,0.0,0.0,0.0,0.0,149.37616,0.0,0.0,0.0,-1.5707964,0.0
1970-01-01 00:00:01.391397365,1.391397365,154.78148,0.0,0.0,0.0,0.0,0.0,0.0,0.0,-1.5707964,0.0
1970-01-01 00:00:01.391671627,1.391671627,0.0,150.18874,0.0,0.0,0.0,0.0,0.0,0.0,-1.5707964,0.0
1970-01-01 00:00:01.391718569,1.391718569,0.0,327.91718,0.0,0.0,0.0,0.0,0.0,0.0,-1.5707964,0.0
1970-01-01 00:00:01.391731066,1.391731066,0.0,0.0,0.0,0.0,85.31559,0.0,0.0,0.0,-1.5707964,0.0
1970-01-01 00:00:01.391761352,1.391761352,0.0,163.78046,0.0,0.0,0.0,0.0,0.0,0.0,-1.5707964,0.0
1970-01-01 00:00:01.391854210,1.39185421,0.0,414.16858,0.0,0.0,0.0,0.0,0.0,0.0,-1.5707964,0.0
1970-01-01 00:00:01.392243357,1.392243357,0.0,0.0,0.0,0.0,142.69084,0.0,0.0,0.0,-1.5707964,0.0
1970-01-01 00:00:01.392343089,1.392343089,0.0,85.18404,0.0,0.0,0.0,0.0,0.0,0.0,-1.5707964,0.0
1970-01-01 00:00:01.392499079,1.392499079,307.8441,0.0,0.0,0.0,0.0,0.0,0.0,0.0,-1.5707964,0.0
1970-01-01 00:00:01.392551940,1.39255194,0.0,0.0,0.0,0.0,0.0,150.46526,0.0,0.0,-1.5707964,0.0
1970-01-01 00:00:01.392670446,1.392670446,0.0,0.0,0.0,0.0,267.4476,0.0,0.0,0.0,-1.5707964,0.0
1970-01-01 00:00:01.392706235,1.392706235,0.0,0.0,0.0,179.47583,0.0,0.0,0.0,0.0,-1.5707964,0.0
1970-01-01 00:00:01.392738370,1.39273837,0.0,182.4389,0.0,0.0,0.0,0.0,0.0,0.0,-1.5707964,0.0
1970-01-01 00:00:01.392762684,1.392762684,152.27922,0.0,0.0,0.0,0.0,0.0,0.0,0.0,-1.5707964,0.0
1970-01-01 00:00:01.392787819,1.392787819,0.0,241.59377,0.0,0.0,0.0,0.0,0.0,0.0,-1.5707964,0.0
1970-01-01 00:00:01.392826138,1.392826138,0.0,110.42193,0.0,0.0,0.0,0.0,0.0,0.0,-1.5707964,0.0
1970-01-01 00:00:01.392836375,1.392836375,0.0,0.0,0.0,278.0416,0.0,0.0,0.0,0.0,-1.5707964,0.0
1970-01-01 00:00:01.392838942,1.392838942,170.52383,0.0,0.0,0.0,0.0,0.0,0.0,0.0,-1.5707964,0.0
1970-01-01 00:00:01.392885263,1.392885263,0.0,0.0,0.0,142.94478,0.0,0.0,0.0,0.0,-1.5707964,0.0
1970-01-01 00:00:01.392995762,1.392995762,0.0,0.0,0.0,156.82545,0.0,0.0,0.0,0.0,-1.5707964,0.0
1970-01-01 00:00:01.393027977,1.393027977,0.0,98.31543,0.0,0.0,0.0,0.0,0.0,0.0,-1.5707964,0.0
1970-01-01 00:00:01.393082018,1.3930820179999999,0.0,0.0,0.0,0.0,405.02255,0.0,0.0,0.0,-1.5707964,0.0
1970-01-01 00:00:01.393090795,1.393090795,0.0,0.0,0.0,0.0,217.4568,0.0,0.0,0.0,-1.5707964,0.0
1970-01-01 00:00:01.393192764,1.393192764,0.0,0.0,0.0,208.48164,0.0,0.0,0.0,0.0,-1.5707964,0.0
1970-01-01 00:00:01.393233134,1.393233134,0.0,113.700165,0.0,0.0,0.0,0.0,0.0,0.0,-1.5707964,0.0
1970-01-01 00:00:01.393238852,1.393238852,0.0,230.09206,0.0,0.0,0.0,0.0,0.0,0.0,-1.5707964,0.0
1970-01-01 00:00:01.393266984,1.393266984,0.0,0.0,0.0,0.0,152.9127,0.0,0.0,0.0,-1.5707964,0.0
1970-01-01 00:00:01.393288770,1.39328877,320.33252,0.0,0.0,0.0,0.0,0.0,0.0,0.0,-1.5707964,0.0
1970-01-01 00:00:01.393429590,1.39342959,0.0,124.37227,0.0,0.0,0.0,0.0,0.0,0.0,-1.5707964,0.0
1970-01-01 00:00:01.393532331,1.393532331,0.0,119.40461,0.0,0.0,0.0,0.0,0.0,0.0,-1.5707964,0.0
1970-01-01 00:00:01.393581311,1.393581311,0.0,160.42197,0.0,0.0,0.0,0.0,0.0,0.0,-1.5707964,0.0
1970-01-01 00:00:01.393588342,1.393588342,0.0,0.0,0.0,0.0,189.384,0.0,0.0,0.0,-1.5707964,0.0
1970-01-01 00:00:01.393590535,1.393590535,399.47562,0.0,0.0,0.0,0.0,0.0,0.0,0.0,-1.5707964,0.0
1970-01-01 00:00:01.393715353,1.393715353,0.0,0.0,0.0,0.0,212.7222,0.0,0.0,0.0,-1.5707964,0.0
1970-01-01 00:00:01.393734595,1.393734595,0.0,0.0,0.0,171.56096,0.0,0.0,0.0,0.0,-1.5707964,0.0
1970-01-01 00:00:01.393782179,1.393782179,0.0,0.0,0.0,170.54839,0.0,0.0,0.0,0.0,-1.5707964,0.0
1970-01-01 00:00:01.393786976,1.393786976,135.55429,0.0,0.0,0.0,0.0,0.0,0.0,0.0,-1.5707964,0.0
1970-01-01 00:00:01.393853378,1.393853378,87.79426,0.0,0.0,0.0,0.0,0.0,0.0,0.0,-1.5707964,0.0
1970-01-01 00:00:01.393918606,1.393918606,0.0,0.0,0.0,0.0,0.0,357.25638,0.0,0.0,-1.5707964,0.0
1970-01-01 00:00:01.394148419,1.394148419,0.0,0.0,0.0,85.36061,0.0,0.0,0.0,0.0,-1.5707964,0.0
1970-01-01 00:00:01.394185195,1.394185195,0.0,0.0,0.0,94.90466,0.0,0.0,0.0,0.0,-1.5707964,0.0
1970-01-01 00:00:01.394218570,1.39421857,0.0,207.43391,0.0,0.0,0.0,0.0,0.0,0.0,-1.5707964,0.0
1970-01-01 00:00:01.394301849,1.394301849,0.0,0.0,0.0,0.0,414.44785,0.0,0.0,0.0,-1.5707964,0.0
1970-01-01 00:00:01.394322504,1.394322504,126.424644,0.0,0.0,0.0,0.0,0.0,0.0,0.0,-1.5707964,0.0
1970-01-01 00:00:01.394483640,1.39448364,0.0,0.0,0.0,0.0,93.82282,0.0,0.0,0.0,-1.5707964,0.0
1970-01-01 00:00:01.394507428,1.394507428,0.0,0.0,0.0,0.0,111.247826,0.0,0.0,0.0,-1.5707964,0.0
1970-01-01 00:00:01.394617833,1.3946178329999999,149.55406,0.0,0.0,0.0,0.0,0.0,0.0,0.0,-1.5707964,0.0
1970-01-01 00:00:01.394680187,1.394680187,0.0,145.2811,0.0,0.0,0.0,0.0,0.0,0.0,-1.5707964,0.0
1970-01-01 00:00:01.394702751,1.394702751,497.2909,0.0,0.0,0.0,0.0,0.0,0.0,0.0,-1.5707964,0.0
1970-01-01 00:00:01.394731650,1.39473165,0.0,0.0,0.0,0.0,97.64197,0.0,0.0,0.0,-1.5707964,0.0
1970-01-01 00:00:01.394788361,1.394788361,0.0,121.34238,0.0,0.0,0.0,0.0,0.0,0.0,-1.5707964,0.0
1970-01-01 00:00:01.394819271,1.394819271,0.0,0.0,0.0,133.39395,0.0,0.0,0.0,0.0,-1.5707964,0.0
1970-01-01 00:00:01.394851431,1.394851431,0.0,90.31268,0.0,0.0,0.0,0.0,0.0,0.0,-1.5707964,0.0
1970-01-01 00:00:01.395180901,1.395180901,0.0,180.66618,0.0,0.0,0.0,0.0,0.0,0.0,-1.5707964,0.0
1970-01-01 00:00:01.395181807,1.395181807,0.0,114.54742,0.0,0.0,0.0,0.0,0.0,0.0,-1.5707964,0.0
1970-01-01 00:00:01.395228360,1.39522836,0.0,166.92578,0.0,0.0,0.0,0.0,0.0,0.0,-1.5707964,0.0
1970-01-01 00:00:01.395329821,1.395329821,0.0,0.0,0.0,0.0,107.52056,0.0,0.0,0.0,-1.5707964,0.0
1970-01-01 00:00:01.395401285,1.395401285,0.0,0.0,0.0,0.0,195.7073,0.0,0.0,0.0,-1.5707964,0.0
1970-01-01 00:00:01.395431211,1.395431211,0.0,0.0,0.0,105.06719,0.0,0.0,0.0,0.0,-1.5707964,0.0
1970-01-01 00:00:01.395503124,1.395503124,0.0,0.0,0.0,0.0,108.64617,0.0,0.0,0.0,-1.5707964,0.0
1970-01-01 00:00:01.395616291,1.395616291,0.0,102.91868,0.0,0.0,0.0,0.0,0.0,0.0,-1.5707964,0.0
1970-01-01 00:00:01.395627452,1.395627452,0.0,0.0,0.0,0.0,487.8863,0.0,0.0,0.0,-1.5707964,0.0
1970-01-01 00:00:01.396046411,1.396046411,0.0,0.0,0.0,84.66605,0.0,0.0,0.0,0.0,-1.5707964,0.0
1970-01-01 00:00:01.396090584,1.396090584,151.14125,0.0,0.0,0.0,0.0,0.0,0.0,0.0,-1.5707964,0.0
1970-01-01 00:00:01.396203760,1.3962037600000001,0.0,0.0,0.0,0.0,0.0,218.28284,0.0,0.0,-1.5707964,0.0
1970-01-01 00:00:01.396343362,1.396343362,89.60579,0.0,0.0,0.0,0.0,0.0,0.0,0.0,-1.5707964,0.0
1970-01-01 00:00:01.396346111,1.396346111,0.0,0.0,0.0,244.82605,0.0,0.0,0.0,0.0,-1.5707964,0.0
1970-01-01 00:00:01.396475377,1.396475377,0.0,331.7467,0.0,0.0,0.0,0.0,0.0,0.0,-1.5707964,0.0
1970-01-01 00:00:01.396490024,1.396490024,0.0,0.0,0.0,0.0,340.03284,0.0,0.0,0.0,-1.5707964,0.0
1970-01-01 00:00:01.396665299,1.396665299,0.0,109.67162,0.0,0.0,0.0,0.0,0.0,0.0,-1.5707964,0.0
1970-01-01 00:00:01.396702772,1.396702772,0.0,102.4211,0.0,0.0,0.0,0.0,0.0,0.0,-1.5707964,0.0
1970-01-01 00:00:01.396767025,1.396767025,0.0,0.0,0.0,164.80502,0.0,0.0,0.0,0.0,-1.5707964,0.0
1970-01-01 00:00:01.396794739,1.396794739,0.0,0.0,0.0,140.14236,0.0,0.0,0.0,0.0,-1.5707964,0.0
1970-01-01 00:00:01.396983915,1.396983915,0.0,0.0,0.0,0.0,175.17125,0.0,0.0,0.0,-1.5707964,0.0
1970-01-01 00:00:01.397013105,1.397013105,116.58278,0.0,0.0,0.0,0.0,0.0,0.0,0.0,-1.5707964,0.0
1970-01-01 00:00:01.397026598,1.397026598,111.79124,0.0,0.0,0.0,0.0,0.0,0.0,0.0,-1.5707964,0.0
1970-01-01 00:00:01.397030763,1.397030763,0.0,0.0,0.0,0.0,0.0,113.57434,0.0,0.0,-1.5707964,0.0
1970-01-01 00:00:01.397114829,1.397114829,0.0,0.0,0.0,0.0,159.46707,0.0,0.0,0.0,-1.5707964,0.0
1970-01-01 00:00:01.397116784,1.397116784,0.0,157.98293,0.0,0.0,0.0,0.0,0.0,0.0,-1.5707964,0.0
1970-01-01 00:00:01.397200979,1.397200979,0.0,0.0,0.0,336.34167,0.0,0.0,0.0,0.0,-1.5707964,0.0
1970-01-01 00:00:01.397218006,1.3972180060000001,0.0,0.0,0.0,263.8289,0.0,0.0,0.0,0.0,-1.5707964,0.0
1970-01-01 00:00:01.397289244,1.397289244,0.0,147.22485,0.0,0.0,0.0,0.0,0.0,0.0,-1.5707964,0.0
1970-01-01 00:00:01.397349732,1.397349732,213.60895,0.0,0.0,0.0,0.0,0.0,0.0,0.0,-1.5707964,0.0
1970-01-01 00:00:01.397550721,1.397550721,0.0,0.0,0.0,0.0,95.20741,0.0,0.0,0.0,-1.5707964,0.0
1970-01-01 00:00:01.397564433,1.3975644329999999,312.50906,0.0,0.0,0.0,0.0,0.0,0.0,0.0,-1.5707964,0.0
1970-01-01 00:00:01.397791503,1.397791503,0.0,108.322014,0.0,0.0,0.0,0.0,0.0,0.0,-1.5707964,0.0
1970-01-01 00:00:01.397855381,1.397855381,0.0,0.0,0.0,228.40146,0.0,0.0,0.0,0.0,-1.5707964,0.0
1970-01-01 00:00:01.398122605,1.398122605,0.0,131.11891,0.0,0.0,0.0,0.0,0.0,0.0,-1.5707964,0.0
1970-01-01 00:00:01.398271522,1.398271522,0.0,0.0,0.0,0.0,307.991,0.0,0.0,0.0,-1.5707964,0.0
1970-01-01 00:00:01.398271813,1.398271813,242.92805,0.0,0.0,0.0,0.0,0.0,0.0,0.0,-1.5707964,0.0
1970-01-01 00:00:01.398340849,1.398340849,0.0,99.17518,0.0,0.0,0.0,0.0,0.0,0.0,-1.5707964,0.0
1970-01-01 00:00:01.398457129,1.398457129,0.0,0.0,0.0,172.20847,0.0,0.0,0.0,0.0,-1.5707964,0.0
1970-01-01 00:00:01.398458052,1.398458052,0.0,0.0,0.0,0.0,167.11188,0.0,0.0,0.0,-1.5707964,0.0
1970-01-01 00:00:01.398500184,1.398500184,114.450195,0.0,0.0,0.0,0.0,0.0,0.0,0.0,-1.5707964,0.0
1970-01-01 00:00:01.398648377,1.398648377,0.0,0.0,0.0,0.0,150.23729,0.0,0.0,0.0,-1.5707964,0.0
1970-01-01 00:00:01.398660863,1.398660863,0.0,0.0,0.0,0.0,155.95305,0.0,0.0,0.0,-1.5707964,0.0
1970-01-01 00:00:01.398799135,1.398799135,0.0,0.0,0.0,0.0,119.73955,0.0,0.0,0.0,-1.5707964,0.0
1970-01-01 00:00:01.398842570,1.39884257,0.0,0.0,0.0,0.0,94.565155,0.0,0.0,0.0,-1.5707964,0.0
1970-01-01 00:00:01.398901820,1.39890182,110.98817,0.0,0.0,0.0,0.0,0.0,0.0,0.0,-1.5707964,0.0
1970-01-01 00:00:01.399111262,1.399111262,0.0,117.380554,0.0,0.0,0.0,0.0,0.0,0.0,-1.5707964,0.0
1970-01-01 00:00:01.399127283,1.3991272829999999,0.0,0.0,0.0,125.7776,0.0,0.0,0.0,0.0,-1.5707964,0.0
1970-01-01 00:00:01.399142279,1.3991422789999999,85.16685,0.0,0.0,0.0,0.0,0.0,0.0,0.0,-1.5707964,0.0
1970-01-01 00:00:01.399188903,1.399188903,92.427986,0.0,0.0,0.0,0.0,0.0,0.0,0.0,-1.5707964,0.0
1970-01-01 00:00:01.399295276,1.399295276,0.0,157.43611,0.0,0.0,0.0,0.0,0.0,0.0,-1.5707964,0.0
1970-01-01 00:00:01.399313836,1.399313836,119.65206,0.0,0.0,0.0,0.0,0.0,0.0,0.0,-1.5707964,0.0
1970-01-01 00:00:01.399380532,1.399380532,0.0,120.94791,0.0,0.0,0.0,0.0,0.0,0.0,-1.5707964,0.0
1970-01-01 00:00:01.399634433,1.3996344330000001,166.38196,0.0,0.0,0.0,0.0,0.0,0.0,0.0,-1.5707964,0.0
1970-01-01 00:00:01.399727601,1.399727601,0.0,96.33644,0.0,0.0,0.0,0.0,0.0,0.0,-1.5707964,0.0
1970-01-01 00:00:01.399748603,1.399748603,0.0,0.0,0.0,205.74501,0.0,0.0,0.0,0.0,-1.5707964,0.0
1970-01-01 00:00:01.399815048,1.399815048,0.0,170.25299,0.0,0.0,0.0,0.0,0.0,0.0,-1.5707964,0.0
1970-01-01 00:00:01.399823771,1.3998237709999999,0.0,95.575005,0.0,0.0,0.0,0.0,0.0,0.0,-1.5707964,0.0
1970-01-01 00:00:01.399840167,1.399840167,88.2074,0.0,0.0,0.0,0.0,0.0,0.0,0.0,-1.5707964,0.0
1970-01-01 00:00:01.399899515,1.399899515,0.0,85.68112,0.0,0.0,0.0,0.0,0.0,0.0,-1.5707964,0.0
1970-01-01 00:00:01.400009423,1.400009423,0.0,105.11974,0.0,0.0,0.0,0.0,0.0,0.0,-1.5707964,0.0
1970-01-01 00:00:01.400101915,1.400101915,0.0,0.0,0.0,112.42928,0.0,0.0,0.0,0.0,-1.5707964,0.0
1970-01-01 00:00:01.400183798,1.400183798,0.0,0.0,0.0,0.0,138.33728,0.0,0.0,0.0,-1.5707964,0.0
1970-01-01 00:00:01.400409258,1.400409258,0.0,0.0,0.0,0.0,182.64386,0.0,0.0,0.0,-1.5707964,0.0
1970-01-01 00:00:01.400463876,1.4004638759999999,0.0,240.73122,0.0,0.0,0.0,0.0,0.0,0.0,-1.5707964,0.0
1970-01-01 00:00:01.400492289,1.400492289,166.1132,0.0,0.0,0.0,0.0,0.0,0.0,0.0,-1.5707964,0.0
1970-01-01 00:00:01.400539055,1.4005390549999999,393.0326,0.0,0.0,0.0,0.0,0.0,0.0,0.0,-1.5707964,0.0
1970-01-01 00:00:01.400695838,1.400695838,0.0,0.0,0.0,128.75804,0.0,0.0,0.0,0.0,-1.5707964,0.0
1970-01-01 00:00:01.400714647,1.400714647,0.0,115.589226,0.0,0.0,0.0,0.0,0.0,0.0,-1.5707964,0.0
1970-01-01 00:00:01.400758268,1.400758268,0.0,109.54391,0.0,0.0,0.0,0.0,0.0,0.0,-1.5707964,0.0
1970-01-01 00:00:01.400787200,1.4007872,0.0,0.0,0.0,0.0,136.02878,0.0,0.0,0.0,-1.5707964,0.0
1970-01-01 00:00:01.400822596,1.400822596,0.0,257.52237,0.0,0.0,0.0,0.0,0.0,0.0,-1.5707964,0.0
1970-01-01 00:00:01.400823442,1.400823442,103.61226,0.0,0.0,0.0,0.0,0.0,0.0,0.0,-1.5707964,0.0
1970-01-01 00:00:01.400849217,1.400849217,0.0,0.0,0.0,0.0,88.63029,0.0,0.0,0.0,-1.5707964,0.0
1970-01-01 00:00:01.400901557,1.400901557,0.0,84.10293,0.0,0.0,0.0,0.0,0.0,0.0,-1.5707964,0.0
1970-01-01 00:00:01.400917496,1.400917496,0.0,85.506,0.0,0.0,0.0,0.0,0.0,0.0,-1.5707964,0.0
1970-01-01 00:00:01.400986894,1.4009868939999999,0.0,120.60384,0.0,0.0,0.0,0.0,0.0,0.0,-1.5707964,0.0
1970-01-01 00:00:01.400992532,1.400992532,0.0,0.0,0.0,0.0,120.557526,0.0,0.0,0.0,-1.5707964,0.0
1970-01-01 00:00:01.401000607,1.401000607,130.10616,0.0,0.0,0.0,0.0,0.0,0.0,0.0,-1.5707964,0.0
1970-01-01 00:00:01.401048268,1.401048268,0.0,114.45474,0.0,0.0,0.0,0.0,0.0,0.0,-1.5707964,0.0
1970-01-01 00:00:01.401072024,1.401072024,85.03013,0.0,0.0,0.0,0.0,0.0,0.0,0.0,-1.5707964,0.0
1970-01-01 00:00:01.401117398,1.401117398,0.0,0.0,0.0,0.0,168.1071,0.0,0.0,0.0,-1.5707964,0.0
1970-01-01 00:00:01.401118901,1.401118901,0.0,0.0,0.0,280.788,0.0,0.0,0.0,0.0,-1.5707964,0.0
1970-01-01 00:00:01.401221559,1.4012215590000001,0.0,0.0,0.0,0.0,119.57492,0.0,0.0,0.0,-1.5707964,0.0
1970-01-01 00:00:01.401255449,1.401255449,0.0,180.1332,0.0,0.0,0.0,0.0,0.0,0.0,-1.5707964,0.0
1970-01-01 00:00:01.401301723,1.401301723,0.0,0.0,0.0,167.06683,0.0,0.0,0.0,0.0,-1.5707964,0.0
1970-01-01 00:00:01.401367900,1.4013678999999999,0.0,94.30701,0.0,0.0,0.0,0.0,0.0,0.0,-1.5707964,0.0
1970-01-01 00:00:01.401377601,1.401377601,0.0,198.17651,0.0,0.0,0.0,0.0,0.0,0.0,-1.5707964,0.0
1970-01-01 00:00:01.401449030,1.40144903,0.0,95.116295,0.0,0.0,0.0,0.0,0.0,0.0,-1.5707964,0.0
1970-01-01 00:00:01.401548738,1.401548738,0.0,234.75967,0.0,0.0,0.0,0.0,0.0,0.0,-1.5707964,0.0
1970-01-01 00:00:01.401674413,1.401674413,0.0,0.0,0.0,91.86776,0.0,0.0,0.0,0.0,-1.5707964,0.0
1970-01-01 00:00:01.401707244,1.401707244,0.0,526.287,0.0,0.0,0.0,0.0,0.0,0.0,-1.5707964,0.0
1970-01-01 00:00:01.401877477,1.401877477,120.83602,0.0,0.0,0.0,0.0,0.0,0.0,0.0,-1.5707964,0.0
1970-01-01 00:00:01.401882208,1.401882208,0.0,0.0,0.0,0.0,206.70778,0.0,0.0,0.0,-1.5707964,0.0
1970-01-01 00:00:01.401914484,1.401914484,0.0,0.0,0.0,0.0,399.76282,0.0,0.0,0.0,-1.5707964,0.0
1970-01-01 00:00:01.401939488,1.401939488,152.35286,0.0,0.0,0.0,0.0,0.0,0.0,0.0,-1.5707964,0.0
1970-01-01 00:00:01.401954214,1.4019542139999999,0.0,0.0,0.0,0.0,156.59752,0.0,0.0,0.0,-1.5707964,0.0
1970-01-01 00:00:01.401968277,1.401968277,0.0,0.0,0.0,116.57647,0.0,0.0,0.0,0.0,-1.5707964,0.0
1970-01-01 00:00:01.401972242,1.401972242,0.0,0.0,0.0,0.0,0.0,213.47601,0.0,0.0,-1.5707964,0.0
1970-01-01 00:00:01.401986993,1.401986993,200.36804,0.0,0.0,0.0,0.0,0.0,0.0,0.0,-1.5707964,0.0
1970-01-01 00:00:01.401989449,1.401989449,0.0,83.650955,0.0,0.0,0.0,0.0,0.0,0.0,-1.5707964,0.0
1970-01-01 00:00:01.402117889,1.402117889,201.21606,0.0,0.0,0.0,0.0,0.0,0.0,0.0,-1.5707964,0.0
1970-01-01 00:00:01.402143015,1.402143015,0.0,119.68835,0.0,0.0,0.0,0.0,0.0,0.0,-1.5707964,0.0
1970-01-01 00:00:01.402207949,1.4022079490000001,0.0,0.0,0.0,92.12549,0.0,0.0,0.0,0.0,-1.5707964,0.0
1970-01-01 00:00:01.402235558,1.402235558,0.0,0.0,0.0,155.58801,0.0,0.0,0.0,0.0,-1.5707964,0.0
1970-01-01 00:00:01.402254496,1.402254496,117.136826,0.0,0.0,0.0,0.0,0.0,0.0,0.0,-1.5707964,0.0
1970-01-01 00:00:01.402254889,1.402254889,0.0,0.0,0.0,0.0,109.22188,0.0,0.0,0.0,-1.5707964,0.0
1970-01-01 00:00:01.402280332,1.4022803320000001,0.0,143.86433,0.0,0.0,0.0,0.0,0.0,0.0,-1.5707964,0.0
1970-01-01 00:00:01.402308303,1.4023083029999999,0.0,0.0,0.0,101.404755,0.0,0.0,0.0,0.0,-1.5707964,0.0
1970-01-01 00:00:01.402390251,1.402390251,273.15955,0.0,0.0,0.0,0.0,0.0,0.0,0.0,-1.5707964,0.0
1970-01-01 00:00:01.402552545,1.402552545,0.0,111.79763,0.0,0.0,0.0,0.0,0.0,0.0,-1.5707964,0.0
1970-01-01 00:00:01.402654459,1.402654459,0.0,86.350716,0.0,0.0,0.0,0.0,0.0,0.0,-1.5707964,0.0
1970-01-01 00:00:01.402663974,1.402663974,0.0,811.6612,0.0,0.0,0.0,0.0,0.0,0.0,-1.5707964,0.0
1970-01-01 00:00:01.402827305,1.402827305,0.0,0.0,0.0,0.0,173.61,0.0,0.0,0.0,-1.5707964,0.0
1970-01-01 00:00:01.402952583,1.402952583,0.0,0.0,0.0,87.37722,0.0,0.0,0.0,0.0,-1.5707964,0.0
1970-01-01 00:00:01.402954504,1.402954504,0.0,337.34134,0.0,0.0,0.0,0.0,0.0,0.0,-1.5707964,0.0
1970-01-01 00:00:01.403012852,1.403012852,0.0,210.63724,0.0,0.0,0.0,0.0,0.0,0.0,-1.5707964,0.0
1970-01-01 00:00:01.403066438,1.403066438,136.35687,0.0,0.0,0.0,0.0,0.0,0.0,0.0,-1.5707964,0.0
1970-01-01 00:00:01.403134694,1.403134694,155.60385,0.0,0.0,0.0,0.0,0.0,0.0,0.0,-1.5707964,0.0
1970-01-01 00:00:01.403161744,1.403161744,240.39021,0.0,0.0,0.0,0.0,0.0,0.0,0.0,-1.5707964,0.0
1970-01-01 00:00:01.403342131,1.403342131,0.0,0.0,0.0,99.28201,0.0,0.0,0.0,0.0,-1.5707964,0.0
1970-01-01 00:00:01.403399068,1.4033990680000001,272.73068,0.0,0.0,0.0,0.0,0.0,0.0,0.0,-1.5707964,0.0
1970-01-01 00:00:01.403540824,1.403540824,0.0,113.42411,0.0,0.0,0.0,0.0,0.0,0.0,-1.5707964,0.0
1970-01-01 00:00:01.403787257,1.403787257,129.47319,0.0,0.0,0.0,0.0,0.0,0.0,0.0,-1.5707964,0.0
1970-01-01 00:00:01.403835059,1.403835059,0.0,0.0,0.0,183.88773,0.0,0.0,0.0,0.0,-1.5707964,0.0
1970-01-01 00:00:01.403884401,1.403884401,167.07114,0.0,0.0,0.0,0.0,0.0,0.0,0.0,-1.5707964,0.0
1970-01-01 00:00:01.403996301,1.403996301,90.08699,0.0,0.0,0.0,0.0,0.0,0.0,0.0,-1.5707964,0.0
1970-01-01 00:00:01.404149684,1.404149684,166.45001,0.0,0.0,0.0,0.0,0.0,0.0,0.0,-1.5707964,0.0
1970-01-01 00:00:01.404371043,1.404371043,0.0,182.3836,0.0,0.0,0.0,0.0,0.0,0.0,-1.5707964,0.0
1970-01-01 00:00:01.404377339,1.404377339,0.0,130.05025,0.0,0.0,0.0,0.0,0.0,0.0,-1.5707964,0.0
1970-01-01 00:00:01.404434276,1.404434276,222.702,0.0,0.0,0.0,0.0,0.0,0.0,0.0,-1.5707964,0.0
1970-01-01 00:00:01.404443216,1.404443216,0.0,0.0,0.0,107.23345,0.0,0.0,0.0,0.0,-1.5707964,0.0
1970-01-01 00:00:01.404528338,1.404528338,0.0,0.0,0.0,105.35003,0.0,0.0,0.0,0.0,-1.5707964,0.0
1970-01-01 00:00:01.404579271,1.404579271,0.0,144.69627,0.0,0.0,0.0,0.0,0.0,0.0,-1.5707964,0.0
1970-01-01 00:00:01.404601312,1.404601312,0.0,0.0,0.0,115.2576,0.0,0.0,0.0,0.0,-1.5707964,0.0
1970-01-01 00:00:01.404668504,1.404668504,0.0,0.0,0.0,94.119995,0.0,0.0,0.0,0.0,-1.5707964,0.0
1970-01-01 00:00:01.404699391,1.404699391,0.0,89.062935,0.0,0.0,0.0,0.0,0.0,0.0,-1.5707964,0.0
1970-01-01 00:00:01.404806990,1.40480699,525.7753,0.0,0.0,0.0,0.0,0.0,0.0,0.0,-1.5707964,0.0
1970-01-01 00:00:01.404836558,1.404836558,0.0,105.525986,0.0,0.0,0.0,0.0,0.0,0.0,-1.5707964,0.0
1970-01-01 00:00:01.404892676,1.404892676,0.0,108.996635,0.0,0.0,0.0,0.0,0.0,0.0,-1.5707964,0.0
1970-01-01 00:00:01.404954070,1.40495407,0.0,97.40728,0.0,0.0,0.0,0.0,0.0,0.0,-1.5707964,0.0
1970-01-01 00:00:01.405069355,1.405069355,87.96682,0.0,0.0,0.0,0.0,0.0,0.0,0.0,-1.5707964,0.0
1970-01-01 00:00:01.405084148,1.405084148,80.82129,0.0,0.0,0.0,0.0,0.0,0.0,0.0,-1.5707964,0.0
1970-01-01 00:00:01.405091758,1.405091758,212.17224,0.0,0.0,0.0,0.0,0.0,0.0,0.0,-1.5707964,0.0
1970-01-01 00:00:01.405114336,1.405114336,0.0,105.85764,0.0,0.0,0.0,0.0,0.0,0.0,-1.5707964,0.0
1970-01-01 00:00:01.405462297,1.4054622970000001,0.0,0.0,0.0,0.0,135.94164,0.0,0.0,0.0,-1.5707964,0.0
1970-01-01 00:00:01.405497057,1.405497057,0.0,163.2306,0.0,0.0,0.0,0.0,0.0,0.0,-1.5707964,0.0
1970-01-01 00:00:01.405544822,1.405544822,0.0,0.0,0.0,111.58736,0.0,0.0,0.0,0.0,-1.5707964,0.0
1970-01-01 00:00:01.405604024,1.405604024,0.0,0.0,0.0,0.0,0.0,89.22278,0.0,0.0,-1.5707964,0.0
1970-01-01 00:00:01.405639990,1.40563999,0.0,164.66862,0.0,0.0,0.0,0.0,0.0,0.0,-1.5707964,0.0
1970-01-01 00:00:01.405904628,1.405904628,0.0,224.81001,0.0,0.0,0.0,0.0,0.0,0.0,-1.5707964,0.0
1970-01-01 00:00:01.405912142,1.405912142,0.0,0.0,0.0,0.0,110.20378,0.0,0.0,0.0,-1.5707964,0.0
1970-01-01 00:00:01.405983430,1.40598343,0.0,0.0,0.0,0.0,294.63318,0.0,0.0,0.0,-1.5707964,0.0
1970-01-01 00:00:01.406052320,1.4060523200000001,0.0,138.29466,0.0,0.0,0.0,0.0,0.0,0.0,-1.5707964,0.0
1970-01-01 00:00:01.406116325,1.406116325,0.0,0.0,0.0,0.0,152.56894,0.0,0.0,0.0,-1.5707964,0.0
1970-01-01 00:00:01.406193665,1.406193665,112.289215,0.0,0.0,0.0,0.0,0.0,0.0,0.0,-1.5707964,0.0
1970-01-01 00:00:01.406218046,1.406218046,264.41556,0.0,0.0,0.0,0.0,0.0,0.0,0.0,-1.5707964,0.0
1970-01-01 00:00:01.406242387,1.406242387,369.57812,0.0,0.0,0.0,0.0,0.0,0.0,0.0,-1.5707964,0.0
1970-01-01 00:00:01.406296352,1.406296352,0.0,0.0,0.0,0.0,100.397865,0.0,0.0,0.0,-1.5707964,0.0
1970-01-01 00:00:01.406360897,1.4063608969999999,0.0,277.86682,0.0,0.0,0.0,0.0,0.0,0.0,-1.5707964,0.0
1970-01-01 00:00:01.406635650,1.4066356500000001,0.0,163.84401,0.0,0.0,0.0,0.0,0.0,0.0,-1.5707964,0.0
1970-01-01 00:00:01.406640434,1.406640434,0.0,86.745224,0.0,0.0,0.0,0.0,0.0,0.0,-1.5707964,0.0
1970-01-01 00:00:01.406670192,1.406670192,0.0,0.0,0.0,0.0,114.13138,0.0,0.0,0.0,-1.5707964,0.0
1970-01-01 00:00:01.406830512,1.406830512,0.0,0.0,0.0,0.0,96.46571,0.0,0.0,0.0,-1.5707964,0.0
1970-01-01 00:00:01.406858622,1.4068586220000001,0.0,0.0,0.0,0.0,154.98653,0.0,0.0,0.0,-1.5707964,0.0
1970-01-01 00:00:01.406942186,1.406942186,0.0,0.0,0.0,0.0,193.88097,0.0,0.0,0.0,-1.5707964,0.0
1970-01-01 00:00:01.406996155,1.406996155,0.0,0.0,0.0,0.0,0.0,483.38998,0.0,0.0,-1.5707964,0.0
1970-01-01 00:00:01.407048529,1.4070485289999999,0.0,174.58856,0.0,0.0,0.0,0.0,0.0,0.0,-1.5707964,0.0
1970-01-01 00:00:01.407054440,1.40705444,123.65367,0.0,0.0,0.0,0.0,0.0,0.0,0.0,-1.5707964,0.0
1970-01-01 00:00:01.407120154,1.407120154,0.0,0.0,0.0,103.54926,0.0,0.0,0.0,0.0,-1.5707964,0.0
1970-01-01 00:00:01.407182555,1.407182555,0.0,477.70352,0.0,0.0,0.0,0.0,0.0,0.0,-1.5707964,0.0
1970-01-01 00:00:01.407204377,1.407204377,0.0,113.68217,0.0,0.0,0.0,0.0,0.0,0.0,-1.5707964,0.0
1970-01-01 00:00:01.407206575,1.407206575,0.0,0.0,0.0,0.0,194.93416,0.0,0.0,0.0,-1.5707964,0.0
1970-01-01 00:00:01.407232378,1.407232378,172.97386,0.0,0.0,0.0,0.0,0.0,0.0,0.0,-1.5707964,0.0
1970-01-01 00:00:01.407283976,1.407283976,0.0,0.0,0.0,0.0,136.11304,0.0,0.0,0.0,-1.5707964,0.0
1970-01-01 00:00:01.407330065,1.407330065,0.0,93.848206,0.0,0.0,0.0,0.0,0.0,0.0,-1.5707964,0.0
1970-01-01 00:00:01.407360484,1.407360484,0.0,0.0,0.0,0.0,158.78642,0.0,0.0,0.0,-1.5707964,0.0
1970-01-01 00:00:01.407578398,1.407578398,0.0,0.0,0.0,0.0,276.3776,0.0,0.0,0.0,-1.5707964,0.0
1970-01-01 00:00:01.407605611,1.407605611,0.0,0.0,0.0,0.0,87.85206,0.0,0.0,0.0,-1.5707964,0.0
1970-01-01 00:00:01.407764188,1.407764188,0.0,237.13599,0.0,0.0,0.0,0.0,0.0,0.0,-1.5707964,0.0
1970-01-01 00:00:01.407813107,1.407813107,0.0,142.39584,0.0,0.0,0.0,0.0,0.0,0.0,-1.5707964,0.0
1970-01-01 00:00:01.407914011,1.407914011,0.0,0.0,0.0,0.0,140.04865,0.0,0.0,0.0,-1.5707964,0.0
1970-01-01 00:00:01.407953228,1.407953228,0.0,0.0,0.0,217.11867,0.0,0.0,0.0,0.0,-1.5707964,0.0
1970-01-01 00:00:01.407970382,1.407970382,0.0,0.0,0.0,0.0,169.581,0.0,0.0,0.0,-1.5707964,0.0
1970-01-01 00:00:01.408046168,1.408046168,0.0,0.0,0.0,0.0,301.7892,0.0,0.0,0.0,-1.5707964,0.0
1970-01-01 00:00:01.408046932,1.408046932,0.0,138.18835,0.0,0.0,0.0,0.0,0.0,0.0,-1.5707964,0.0
1970-01-01 00:00:01.408258824,1.408258824,0.0,89.9112,0.0,0.0,0.0,0.0,0.0,0.0,-1.5707964,0.0
1970-01-01 00:00:01.408306749,1.408306749,0.0,130.29105,0.0,0.0,0.0,0.0,0.0,0.0,-1.5707964,0.0
1970-01-01 00:00:01.408322207,1.4083222069999999,0.0,0.0,0.0,0.0,139.80083,0.0,0.0,0.0,-1.5707964,0.0
1970-01-01 00:00:01.408423709,1.408423709,0.0,139.40936,0.0,0.0,0.0,0.0,0.0,0.0,-1.5707964,0.0
1970-01-01 00:00:01.408475233,1.4084752329999999,0.0,0.0,0.0,83.82008,0.0,0.0,0.0,0.0,-1.5707964,0.0
1970-01-01 00:00:01.408612249,1.408612249,0.0,105.47213,0.0,0.0,0.0,0.0,0.0,0.0,-1.5707964,0.0
1970-01-01 00:00:01.408624852,1.408624852,0.0,0.0,0.0,0.0,0.0,309.1061,0.0,0.0,-1.5707964,0.0
1970-01-01 00:00:01.408762740,1.40876274,0.0,0.0,0.0,82.78534,0.0,0.0,0.0,0.0,-1.5707964,0.0
1970-01-01 00:00:01.408796238,1.4087962379999999,0.0,0.0,0.0,0.0,164.65057,0.0,0.0,0.0,-1.5707964,0.0
1970-01-01 00:00:01.408868826,1.408868826,0.0,0.0,0.0,0.0,96.49198,0.0,0.0,0.0,-1.5707964,0.0
1970-01-01 00:00:01.408964426,1.408964426,0.0,0.0,0.0,0.0,89.68931,0.0,0.0,0.0,-1.5707964,0.0
1970-01-01 00:00:01.409076811,1.409076811,100.49708,0.0,0.0,0.0,0.0,0.0,0.0,0.0,-1.5707964,0.0
1970-01-01 00:00:01.409121065,1.409121065,0.0,0.0,0.0,107.476746,0.0,0.0,0.0,0.0,-1.5707964,0.0
1970-01-01 00:00:01.409236313,1.409236313,0.0,0.0,0.0,313.52545,0.0,0.0,0.0,0.0,-1.5707964,0.0
1970-01-01 00:00:01.409328980,1.40932898,0.0,166.76935,0.0,0.0,0.0,0.0,0.0,0.0,-1.5707964,0.0
1970-01-01 00:00:01.409414281,1.409414281,0.0,0.0,0.0,0.0,0.0,199.72719,0.0,0.0,-1.5707964,0.0
1970-01-01 00:00:01.409486128,1.409486128,0.0,94.18241,0.0,0.0,0.0,0.0,0.0,0.0,-1.5707964,0.0
1970-01-01 00:00:01.409506990,1.4095069900000001,0.0,0.0,0.0,0.0,212.9686,0.0,0.0,0.0,-1.5707964,0.0
1970-01-01 00:00:01.409528258,1.409528258,0.0,105.31196,0.0,0.0,0.0,0.0,0.0,0.0,-1.5707964,0.0
1970-01-01 00:00:01.409538269,1.409538269,99.2455,0.0,0.0,0.0,0.0,0.0,0.0,0.0,-1.5707964,0.0
1970-01-01 00:00:01.409613871,1.409613871,0.0,0.0,86.16704,0.0,0.0,0.0,0.0,0.0,-1.5707964,0.0
1970-01-01 00:00:01.409666262,1.409666262,0.0,0.0,0.0,0.0,99.04277,0.0,0.0,0.0,-1.5707964,0.0
1970-01-01 00:00:01.409690516,1.409690516,0.0,0.0,0.0,139.10536,0.0,0.0,0.0,0.0,-1.5707964,0.0
1970-01-01 00:00:01.409796490,1.40979649,0.0,128.27081,0.0,0.0,0.0,0.0,0.0,0.0,-1.5707964,0.0
1970-01-01 00:00:01.409799105,1.409799105,0.0,92.36967,0.0,0.0,0.0,0.0,0.0,0.0,-1.5707964,0.0
1970-01-01 00:00:01.409823786,1.409823786,185.10223,0.0,0.0,0.0,0.0,0.0,0.0,0.0,-1.5707964,0.0
1970-01-01 00:00:01.409844717,1.409844717,0.0,0.0,0.0,0.0,108.667534,0.0,0.0,0.0,-1.5707964,0.0
1970-01-01 00:00:01.410005357,1.410005357,0.0,100.300125,0.0,0.0,0.0,0.0,0.0,0.0,-1.5707964,0.0
1970-01-01 00:00:01.410047288,1.410047288,300.57718,0.0,0.0,0.0,0.0,0.0,0.0,0.0,-1.5707964,0.0
1970-01-01 00:00:01.410074911,1.410074911,0.0,145.13269,0.0,0.0,0.0,0.0,0.0,0.0,-1.5707964,0.0
1970-01-01 00:00:01.410129150,1.41012915,0.0,89.632965,0.0,0.0,0.0,0.0,0.0,0.0,-1.5707964,0.0
1970-01-01 00:00:01.410137213,1.410137213,180.9815,0.0,0.0,0.0,0.0,0.0,0.0,0.0,-1.5707964,0.0
1970-01-01 00:00:01.410226854,1.410226854,0.0,0.0,0.0,249.00453,0.0,0.0,0.0,0.0,-1.5707964,0.0
1970-01-01 00:00:01.410314589,1.410314589,0.0,476.14206,0.0,0.0,0.0,0.0,0.0,0.0,-1.5707964,0.0
1970-01-01 00:00:01.410324253,1.410324253,0.0,138.28043,0.0,0.0,0.0,0.0,0.0,0.0,-1.5707964,0.0
1970-01-01 00:00:01.410345142,1.410345142,0.0,132.06503,0.0,0.0,0.0,0.0,0.0,0.0,-1.5707964,0.0
1970-01-01 00:00:01.410402617,1.410402617,171.98158,0.0,0.0,0.0,0.0,0.0,0.0,0.0,-1.5707964,0.0
1970-01-01 00:00:01.410680195,1.410680195,0.0,0.0,0.0,0.0,0.0,160.32236,0.0,0.0,-1.5707964,0.0
1970-01-01 00:00:01.410728316,1.410728316,0.0,0.0,0.0,0.0,160.77437,0.0,0.0,0.0,-1.5707964,0.0
1970-01-01 00:00:01.410739874,1.410739874,0.0,0.0,0.0,0.0,139.80142,0.0,0.0,0.0,-1.5707964,0.0
1970-01-01 00:00:01.410843781,1.410843781,0.0,84.41054,0.0,0.0,0.0,0.0,0.0,0.0,-1.5707964,0.0
1970-01-01 00:00:01.410850843,1.410850843,173.87949,0.0,0.0,0.0,0.0,0.0,0.0,0.0,-1.5707964,0.0
1970-01-01 00:00:01.410963935,1.410963935,0.0,112.292984,0.0,0.0,0.0,0.0,0.0,0.0,-1.5707964,0.0
1970-01-01 00:00:01.410995869,1.410995869,111.11645,0.0,0.0,0.0,0.0,0.0,0.0,0.0,-1.5707964,0.0
1970-01-01 00:00:01.410997689,1.410997689,0.0,0.0,0.0,0.0,91.11714,0.0,0.0,0.0,-1.5707964,0.0
1970-01-01 00:00:01.411027319,1.411027319,0.0,0.0,0.0,101.30256,0.0,0.0,0.0,0.0,-1.5707964,0.0
1970-01-01 00:00:01.411044876,1.411044876,0.0,169.94356,0.0,0.0,0.0,0.0,0.0,0.0,-1.5707964,0.0
1970-01-01 00:00:01.411079949,1.411079949,0.0,358.4106,0.0,0.0,0.0,0.0,0.0,0.0,-1.5707964,0.0
1970-01-01 00:00:01.411097675,1.411097675,0.0,193.03862,0.0,0.0,0.0,0.0,0.0,0.0,-1.5707964,0.0
1970-01-01 00:00:01.411115737,1.411115737,0.0,81.318924,0.0,0.0,0.0,0.0,0.0,0.0,-1.5707964,0.0
1970-01-01 00:00:01.411121605,1.411121605,211.23111,0.0,0.0,0.0,0.0,0.0,0.0,0.0,-1.5707964,0.0
1970-01-01 00:00:01.411126475,1.411126475,0.0,153.8549,0.0,0.0,0.0,0.0,0.0,0.0,-1.5707964,0.0
1970-01-01 00:00:01.411162913,1.411162913,0.0,215.3367,0.0,0.0,0.0,0.0,0.0,0.0,-1.5707964,0.0
1970-01-01 00:00:01.411186904,1.411186904,0.0,96.58396,0.0,0.0,0.0,0.0,0.0,0.0,-1.5707964,0.0
1970-01-01 00:00:01.411225436,1.411225436,0.0,0.0,0.0,0.0,0.0,116.749954,0.0,0.0,-1.5707964,0.0
1970-01-01 00:00:01.411331288,1.411331288,106.010704,0.0,0.0,0.0,0.0,0.0,0.0,0.0,-1.5707964,0.0
1970-01-01 00:00:01.411375190,1.41137519,0.0,0.0,0.0,0.0,146.28532,0.0,0.0,0.0,-1.5707964,0.0
1970-01-01 00:00:01.411564481,1.411564481,0.0,129.83934,0.0,0.0,0.0,0.0,0.0,0.0,-1.5707964,0.0
1970-01-01 00:00:01.411651755,1.411651755,0.0,0.0,109.36693,0.0,0.0,0.0,0.0,0.0,-1.5707964,0.0
1970-01-01 00:00:01.411691846,1.411691846,0.0,0.0,0.0,0.0,84.72065,0.0,0.0,0.0,-1.5707964,0.0
1970-01-01 00:00:01.411781110,1.41178111,0.0,148.13493,0.0,0.0,0.0,0.0,0.0,0.0,-1.5707964,0.0
1970-01-01 00:00:01.411799492,1.411799492,0.0,229.53659,0.0,0.0,0.0,0.0,0.0,0.0,-1.5707964,0.0
1970-01-01 00:00:01.411806886,1.411806886,0.0,0.0,0.0,109.03106,0.0,0.0,0.0,0.0,-1.5707964,0.0
1970-01-01 00:00:01.412090016,1.412090016,0.0,0.0,0.0,0.0,111.85302,0.0,0.0,0.0,-1.5707964,0.0
1970-01-01 00:00:01.412187200,1.4121872,0.0,0.0,0.0,0.0,214.63194,0.0,0.0,0.0,-1.5707964,0.0
1970-01-01 00:00:01.412236502,1.412236502,0.0,0.0,0.0,324.6623,0.0,0.0,0.0,0.0,-1.5707964,0.0
1970-01-01 00:00:01.412306752,1.412306752,0.0,0.0,0.0,84.107506,0.0,0.0,0.0,0.0,-1.5707964,0.0
1970-01-01 00:00:01.412349856,1.412349856,0.0,0.0,0.0,0.0,0.0,92.88567,0.0,0.0,-1.5707964,0.0
1970-01-01 00:00:01.412514615,1.412514615,0.0,0.0,0.0,374.7072,0.0,0.0,0.0,0.0,-1.5707964,0.0
1970-01-01 00:00:01.412567570,1.41256757,0.0,301.36847,0.0,0.0,0.0,0.0,0.0,0.0,-1.5707964,0.0
1970-01-01 00:00:01.412739337,1.412739337,183.43736,0.0,0.0,0.0,0.0,0.0,0.0,0.0,-1.5707964,0.0
1970-01-01 00:00:01.412777305,1.412777305,0.0,124.86618,0.0,0.0,0.0,0.0,0.0,0.0,-1.5707964,0.0
1970-01-01 00:00:01.412778616,1.412778616,256.75793,0.0,0.0,0.0,0.0,0.0,0.0,0.0,-1.5707964,0.0
1970-01-01 00:00:01.412821016,1.412821016,0.0,0.0,0.0,0.0,231.77731,0.0,0.0,0.0,-1.5707964,0.0
1970-01-01 00:00:01.412852271,1.412852271,0.0,0.0,0.0,0.0,109.54234,0.0,0.0,0.0,-1.5707964,0.0
1970-01-01 00:00:01.412898296,1.412898296,0.0,170.61444,0.0,0.0,0.0,0.0,0.0,0.0,-1.5707964,0.0
1970-01-01 00:00:01.413061066,1.413061066,0.0,0.0,0.0,81.089005,0.0,0.0,0.0,0.0,-1.5707964,0.0
1970-01-01 00:00:01.413072040,1.4130720399999999,0.0,0.0,0.0,0.0,92.072174,0.0,0.0,0.0,-1.5707964,0.0
1970-01-01 00:00:01.413105181,1.413105181,0.0,0.0,0.0,178.8877,0.0,0.0,0.0,0.0,-1.5707964,0.0
1970-01-01 00:00:01.413306430,1.41330643,0.0,223.36427,0.0,0.0,0.0,0.0,0.0,0.0,-1.5707964,0.0
1970-01-01 00:00:01.413319573,1.4133195729999999,0.0,100.43053,0.0,0.0,0.0,0.0,0.0,0.0,-1.5707964,0.0
1970-01-01 00:00:01.413328542,1.413328542,0.0,0.0,0.0,0.0,0.0,100.2004,0.0,0.0,-1.5707964,0.0
1970-01-01 00:00:01.413407083,1.413407083,0.0,142.3303,0.0,0.0,0.0,0.0,0.0,0.0,-1.5707964,0.0
1970-01-01 00:00:01.413538902,1.413538902,0.0,0.0,0.0,0.0,142.27882,0.0,0.0,0.0,-1.5707964,0.0
1970-01-01 00:00:01.413666133,1.413666133,0.0,0.0,0.0,0.0,106.76673,0.0,0.0,0.0,-1.5707964,0.0
1970-01-01 00:00:01.413712253,1.413712253,0.0,115.53422,0.0,0.0,0.0,0.0,0.0,0.0,-1.5707964,0.0
1970-01-01 00:00:01.413940541,1.413940541,0.0,0.0,0.0,143.75652,0.0,0.0,0.0,0.0,-1.5707964,0.0
1970-01-01 00:00:01.413967101,1.413967101,0.0,195.49246,0.0,0.0,0.0,0.0,0.0,0.0,-1.5707964,0.0
1970-01-01 00:00:01.414071472,1.414071472,0.0,0.0,0.0,107.65988,0.0,0.0,0.0,0.0,-1.5707964,0.0
1970-01-01 00:00:01.414103963,1.414103963,0.0,0.0,0.0,219.19759,0.0,0.0,0.0,0.0,-1.5707964,0.0
1970-01-01 00:00:01.414123140,1.41412314,0.0,0.0,0.0,0.0,163.54642,0.0,0.0,0.0,-1.5707964,0.0
1970-01-01 00:00:01.414285895,1.414285895,0.0,404.38293,0.0,0.0,0.0,0.0,0.0,0.0,-1.5707964,0.0
1970-01-01 00:00:01.414410317,1.414410317,0.0,0.0,0.0,257.94318,0.0,0.0,0.0,0.0,-1.5707964,0.0
1970-01-01 00:00:01.414448242,1.414448242,0.0,0.0,0.0,102.14614,0.0,0.0,0.0,0.0,-1.5707964,0.0
1970-01-01 00:00:01.414455442,1.414455442,0.0,90.79341,0.0,0.0,0.0,0.0,0.0,0.0,-1.5707964,0.0
1970-01-01 00:00:01.414564017,1.414564017,0.0,0.0,0.0,170.18434,0.0,0.0,0.0,0.0,-1.5707964,0.0
1970-01-01 00:00:01.414577454,1.414577454,0.0,115.32574,0.0,0.0,0.0,0.0,0.0,0.0,-1.5707964,0.0
1970-01-01 00:00:01.414640906,1.414640906,0.0,146.18631,0.0,0.0,0.0,0.0,0.0,0.0,-1.5707964,0.0
1970-01-01 00:00:01.414718803,1.414718803,0.0,0.0,0.0,104.0919,0.0,0.0,0.0,0.0,-1.5707964,0.0
1970-01-01 00:00:01.414831330,1.41483133,0.0,0.0,0.0,0.0,0.0,106.24262,0.0,0.0,-1.5707964,0.0
1970-01-01 00:00:01.414902066,1.414902066,0.0,0.0,0.0,0.0,267.6735,0.0,0.0,0.0,-1.5707964,0.0
1970-01-01 00:00:01.414928681,1.4149286810000001,166.4942,0.0,0.0,0.0,0.0,0.0,0.0,0.0,-1.5707964,0.0
1970-01-01 00:00:01.415045742,1.415045742,0.0,0.0,0.0,124.72005,0.0,0.0,0.0,0.0,-1.5707964,0.0
1970-01-01 00:00:01.415054630,1.41505463,181.45963,0.0,0.0,0.0,0.0,0.0,0.0,0.0,-1.5707964,0.0
1970-01-01 00:00:01.415070465,1.4150704649999999,0.0,0.0,0.0,114.98916,0.0,0.0,0.0,0.0,-1.5707964,0.0
1970-01-01 00:00:01.415216928,1.415216928,0.0,283.18,0.0,0.0,0.0,0.0,0.0,0.0,-1.5707964,0.0
1970-01-01 00:00:01.415347010,1.41534701,0.0,88.80813,0.0,0.0,0.0,0.0,0.0,0.0,-1.5707964,0.0
1970-01-01 00:00:01.415353202,1.415353202,0.0,0.0,0.0,0.0,0.0,142.45146,0.0,0.0,-1.5707964,0.0
1970-01-01 00:00:01.415372093,1.415372093,0.0,0.0,254.70343,0.0,0.0,0.0,0.0,0.0,-1.5707964,0.0
1970-01-01 00:00:01.415396884,1.415396884,0.0,0.0,0.0,0.0,176.59442,0.0,0.0,0.0,-1.5707964,0.0
1970-01-01 00:00:01.415544354,1.4155443540000001,160.06978,0.0,0.0,0.0,0.0,0.0,0.0,0.0,-1.5707964,0.0
1970-01-01 00:00:01.415600855,1.415600855,178.23943,0.0,0.0,0.0,0.0,0.0,0.0,0.0,-1.5707964,0.0
1970-01-01 00:00:01.415739942,1.415739942,0.0,0.0,0.0,0.0,213.59291,0.0,0.0,0.0,-1.5707964,0.0
1970-01-01 00:00:01.415749550,1.4157495500000001,0.0,0.0,0.0,0.0,174.84843,0.0,0.0,0.0,-1.5707964,0.0
1970-01-01 00:00:01.415798610,1.41579861,0.0,187.14334,0.0,0.0,0.0,0.0,0.0,0.0,-1.5707964,0.0
1970-01-01 00:00:01.415862281,1.415862281,0.0,212.70602,0.0,0.0,0.0,0.0,0.0,0.0,-1.5707964,0.0
1970-01-01 00:00:01.415892464,1.4158924640000001,0.0,147.28209,0.0,0.0,0.0,0.0,0.0,0.0,-1.5707964,0.0
1970-01-01 00:00:01.416127907,1.416127907,0.0,267.2716,0.0,0.0,0.0,0.0,0.0,0.0,-1.5707964,0.0
1970-01-01 00:00:01.416148149,1.416148149,0.0,124.24302,0.0,0.0,0.0,0.0,0.0,0.0,-1.5707964,0.0
1970-01-01 00:00:01.416238813,1.416238813,0.0,147.57265,0.0,0.0,0.0,0.0,0.0,0.0,-1.5707964,0.0
1970-01-01 00:00:01.416252835,1.4162528349999999,0.0,101.260605,0.0,0.0,0.0,0.0,0.0,0.0,-1.5707964,0.0
1970-01-01 00:00:01.416320975,1.416320975,0.0,0.0,0.0,83.45122,0.0,0.0,0.0,0.0,-1.5707964,0.0
1970-01-01 00:00:01.416384051,1.416384051,0.0,144.85918,0.0,0.0,0.0,0.0,0.0,0.0,-1.5707964,0.0
1970-01-01 00:00:01.416410271,1.416410271,0.0,0.0,0.0,0.0,100.4641,0.0,0.0,0.0,-1.5707964,0.0
1970-01-01 00:00:01.416442579,1.416442579,0.0,0.0,0.0,0.0,104.473495,0.0,0.0,0.0,-1.5707964,0.0
1970-01-01 00:00:01.416640484,1.416640484,0.0,157.228,0.0,0.0,0.0,0.0,0.0,0.0,-1.5707964,0.0
1970-01-01 00:00:01.416643750,1.41664375,0.0,0.0,0.0,0.0,180.20572,0.0,0.0,0.0,-1.5707964,0.0
1970-01-01 00:00:01.416760902,1.416760902,0.0,0.0,0.0,0.0,99.20842,0.0,0.0,0.0,-1.5707964,0.0
1970-01-01 00:00:01.416774268,1.416774268,108.10905,0.0,0.0,0.0,0.0,0.0,0.0,0.0,-1.5707964,0.0
1970-01-01 00:00:01.416832094,1.416832094,0.0,87.623184,0.0,0.0,0.0,0.0,0.0,0.0,-1.5707964,0.0
1970-01-01 00:00:01.416931494,1.416931494,0.0,0.0,0.0,0.0,211.47105,0.0,0.0,0.0,-1.5707964,0.0
1970-01-01 00:00:01.417084519,1.4170845189999999,0.0,92.87437,0.0,0.0,0.0,0.0,0.0,0.0,-1.5707964,0.0
1970-01-01 00:00:01.417098430,1.41709843,0.0,0.0,0.0,102.12298,0.0,0.0,0.0,0.0,-1.5707964,0.0
1970-01-01 00:00:01.417123076,1.417123076,0.0,145.0036,0.0,0.0,0.0,0.0,0.0,0.0,-1.5707964,0.0
1970-01-01 00:00:01.417173705,1.417173705,0.0,102.677315,0.0,0.0,0.0,0.0,0.0,0.0,-1.5707964,0.0
1970-01-01 00:00:01.417264285,1.417264285,0.0,87.273186,0.0,0.0,0.0,0.0,0.0,0.0,-1.5707964,0.0
1970-01-01 00:00:01.417446218,1.417446218,152.48724,0.0,0.0,0.0,0.0,0.0,0.0,0.0,-1.5707964,0.0
1970-01-01 00:00:01.417488992,1.417488992,173.13472,0.0,0.0,0.0,0.0,0.0,0.0,0.0,-1.5707964,0.0
1970-01-01 00:00:01.417555209,1.417555209,0.0,125.0781,0.0,0.0,0.0,0.0,0.0,0.0,-1.5707964,0.0
1970-01-01 00:00:01.417645212,1.417645212,259.95065,0.0,0.0,0.0,0.0,0.0,0.0,0.0,-1.5707964,0.0
1970-01-01 00:00:01.417704826,1.417704826,0.0,0.0,0.0,0.0,183.35756,0.0,0.0,0.0,-1.5707964,0.0
1970-01-01 00:00:01.417736205,1.417736205,0.0,148.59929,0.0,0.0,0.0,0.0,0.0,0.0,-1.5707964,0.0
1970-01-01 00:00:01.417742957,1.417742957,0.0,0.0,0.0,0.0,100.828026,0.0,0.0,0.0,-1.5707964,0.0
1970-01-01 00:00:01.417763210,1.41776321,0.0,0.0,0.0,0.0,185.47957,0.0,0.0,0.0,-1.5707964,0.0
1970-01-01 00:00:01.417768617,1.4177686170000001,0.0,0.0,0.0,0.0,0.0,270.14825,0.0,0.0,-1.5707964,0.0
1970-01-01 00:00:01.417852005,1.417852005,0.0,81.38894,0.0,0.0,0.0,0.0,0.0,0.0,-1.5707964,0.0
1970-01-01 00:00:01.417928384,1.417928384,0.0,0.0,0.0,213.14156,0.0,0.0,0.0,0.0,-1.5707964,0.0
1970-01-01 00:00:01.417937157,1.417937157,0.0,112.40933,0.0,0.0,0.0,0.0,0.0,0.0,-1.5707964,0.0
1970-01-01 00:00:01.417954766,1.417954766,0.0,0.0,0.0,0.0,115.435814,0.0,0.0,0.0,-1.5707964,0.0
1970-01-01 00:00:01.418054552,1.418054552,0.0,238.16539,0.0,0.0,0.0,0.0,0.0,0.0,-1.5707964,0.0
1970-01-01 00:00:01.418134900,1.4181349,0.0,0.0,0.0,0.0,0.0,192.0092,0.0,0.0,-1.5707964,0.0
1970-01-01 00:00:01.418186439,1.418186439,208.93585,0.0,0.0,0.0,0.0,0.0,0.0,0.0,-1.5707964,0.0
1970-01-01 00:00:01.418227302,1.418227302,0.0,0.0,0.0,0.0,149.92834,0.0,0.0,0.0,-1.5707964,0.0
1970-01-01 00:00:01.418409457,1.418409457,103.53607,0.0,0.0,0.0,0.0,0.0,0.0,0.0,-1.5707964,0.0
1970-01-01 00:00:01.418681713,1.418681713,92.49288,0.0,0.0,0.0,0.0,0.0,0.0,0.0,-1.5707964,0.0
1970-01-01 00:00:01.418715815,1.418715815,0.0,303.69147,0.0,0.0,0.0,0.0,0.0,0.0,-1.5707964,0.0
1970-01-01 00:00:01.418722258,1.418722258,0.0,118.048,0.0,0.0,0.0,0.0,0.0,0.0,-1.5707964,0.0
1970-01-01 00:00:01.418805713,1.418805713,217.8486,0.0,0.0,0.0,0.0,0.0,0.0,0.0,-1.5707964,0.0
1970-01-01 00:00:01.418939404,1.418939404,0.0,0.0,0.0,133.18456,0.0,0.0,0.0,0.0,-1.5707964,0.0
1970-01-01 00:00:01.419096468,1.419096468,0.0,0.0,0.0,125.39459,0.0,0.0,0.0,0.0,-1.5707964,0.0
1970-01-01 00:00:01.419155125,1.419155125,0.0,142.79253,0.0,0.0,0.0,0.0,0.0,0.0,-1.5707964,0.0
1970-01-01 00:00:01.419177223,1.419177223,239.60486,0.0,0.0,0.0,0.0,0.0,0.0,0.0,-1.5707964,0.0
1970-01-01 00:00:01.419240371,1.419240371,0.0,0.0,0.0,0.0,147.19583,0.0,0.0,0.0,-1.5707964,0.0
1970-01-01 00:00:01.419249102,1.419249102,0.0,0.0,0.0,0.0,0.0,166.88599,0.0,0.0,-1.5707964,0.0
1970-01-01 00:00:01.419259017,1.419259017,0.0,0.0,168.02292,0.0,0.0,0.0,0.0,0.0,-1.5707964,0.0
1970-01-01 00:00:01.419514925,1.419514925,0.0,122.15369,0.0,0.0,0.0,0.0,0.0,0.0,-1.5707964,0.0
1970-01-01 00:00:01.419558053,1.419558053,0.0,0.0,0.0,0.0,120.070366,0.0,0.0,0.0,-1.5707964,0.0
1970-01-01 00:00:01.419782161,1.419782161,0.0,0.0,0.0,0.0,92.20025,0.0,0.0,0.0,-1.5707964,0.0
1970-01-01 00:00:01.419964040,1.41996404,0.0,96.03352,0.0,0.0,0.0,0.0,0.0,0.0,-1.5707964,0.0
1970-01-01 00:00:01.420020510,1.42002051,0.0,0.0,0.0,150.59703,0.0,0.0,0.0,0.0,-1.5707964,0.0
1970-01-01 00:00:01.420077899,1.420077899,0.0,0.0,0.0,0.0,96.10959,0.0,0.0,0.0,-1.5707964,0.0
1970-01-01 00:00:01.420269542,1.420269542,0.0,161.77344,0.0,0.0,0.0,0.0,0.0,0.0,-1.5707964,0.0
1970-01-01 00:00:01.420320607,1.420320607,0.0,0.0,0.0,0.0,140.82991,0.0,0.0,0.0,-1.5707964,0.0
1970-01-01 00:00:01.420346382,1.420346382,300.756,0.0,0.0,0.0,0.0,0.0,0.0,0.0,-1.5707964,0.0
1970-01-01 00:00:01.420404793,1.4204047929999999,162.60861,0.0,0.0,0.0,0.0,0.0,0.0,0.0,-1.5707964,0.0
1970-01-01 00:00:01.420456993,1.420456993,0.0,0.0,0.0,0.0,187.03548,0.0,0.0,0.0,-1.5707964,0.0
1970-01-01 00:00:01.420553175,1.420553175,320.13412,0.0,0.0,0.0,0.0,0.0,0.0,0.0,-1.5707964,0.0
1970-01-01 00:00:01.420582974,1.420582974,124.635056,0.0,0.0,0.0,0.0,0.0,0.0,0.0,-1.5707964,0.0
1970-01-01 00:00:01.420602673,1.4206026729999999,0.0,0.0,0.0,0.0,90.39167,0.0,0.0,0.0,-1.5707964,0.0
1970-01-01 00:00:01.420708462,1.420708462,0.0,0.0,0.0,317.0708,0.0,0.0,0.0,0.0,-1.5707964,0.0
1970-01-01 00:00:01.420750084,1.420750084,80.20344,0.0,0.0,0.0,0.0,0.0,0.0,0.0,-1.5707964,0.0
1970-01-01 00:00:01.420953208,1.420953208,0.0,169.60272,0.0,0.0,0.0,0.0,0.0,0.0,-1.5707964,0.0
1970-01-01 00:00:01.420994202,1.420994202,214.41435,0.0,0.0,0.0,0.0,0.0,0.0,0.0,-1.5707964,0.0
1970-01-01 00:00:01.420996344,1.420996344,0.0,160.60342,0.0,0.0,0.0,0.0,0.0,0.0,-1.5707964,0.0
1970-01-01 00:00:01.421010997,1.421010997,0.0,0.0,0.0,0.0,87.20496,0.0,0.0,0.0,-1.5707964,0.0
1970-01-01 00:00:01.421021552,1.421021552,0.0,132.32918,0.0,0.0,0.0,0.0,0.0,0.0,-1.5707964,0.0
1970-01-01 00:00:01.421030546,1.421030546,0.0,85.13254,0.0,0.0,0.0,0.0,0.0,0.0,-1.5707964,0.0
1970-01-01 00:00:01.421075104,1.421075104,0.0,0.0,0.0,196.35452,0.0,0.0,0.0,0.0,-1.5707964,0.0
1970-01-01 00:00:01.421183474,1.421183474,0.0,426.8472,0.0,0.0,0.0,0.0,0.0,0.0,-1.5707964,0.0
1970-01-01 00:00:01.421357670,1.42135767,0.0,101.7423,0.0,0.0,0.0,0.0,0.0,0.0,-1.5707964,0.0
1970-01-01 00:00:01.421486101,1.421486101,0.0,0.0,0.0,0.0,145.40154,0.0,0.0,0.0,-1.5707964,0.0
1970-01-01 00:00:01.421508948,1.421508948,0.0,0.0,0.0,0.0,91.19761,0.0,0.0,0.0,-1.5707964,0.0
1970-01-01 00:00:01.421537460,1.42153746,0.0,0.0,0.0,0.0,174.36305,0.0,0.0,0.0,-1.5707964,0.0
1970-01-01 00:00:01.421640334,1.4216403340000001,0.0,0.0,0.0,0.0,95.287895,0.0,0.0,0.0,-1.5707964,0.0
1970-01-01 00:00:01.421771717,1.421771717,0.0,0.0,0.0,0.0,0.0,201.34703,0.0,0.0,-1.5707964,0.0
1970-01-01 00:00:01.421796472,1.421796472,0.0,88.30534,0.0,0.0,0.0,0.0,0.0,0.0,-1.5707964,0.0
1970-01-01 00:00:01.421856291,1.421856291,0.0,0.0,0.0,0.0,288.53076,0.0,0.0,0.0,-1.5707964,0.0
1970-01-01 00:00:01.422191058,1.4221910580000001,0.0,0.0,0.0,0.0,256.3928,0.0,0.0,0.0,-1.5707964,0.0
1970-01-01 00:00:01.422226457,1.422226457,158.72989,0.0,0.0,0.0,0.0,0.0,0.0,0.0,-1.5707964,0.0
1970-01-01 00:00:01.422341685,1.4223416850000001,231.05724,0.0,0.0,0.0,0.0,0.0,0.0,0.0,-1.5707964,0.0
1970-01-01 00:00:01.422451954,1.422451954,240.56633,0.0,0.0,0.0,0.0,0.0,0.0,0.0,-1.5707964,0.0
1970-01-01 00:00:01.422652117,1.422652117,185.74188,0.0,0.0,0.0,0.0,0.0,0.0,0.0,-1.5707964,0.0
1970-01-01 00:00:01.422807556,1.422807556,169.91408,0.0,0.0,0.0,0.0,0.0,0.0,0.0,-1.5707964,0.0
1970-01-01 00:00:01.422865099,1.422865099,0.0,0.0,0.0,0.0,123.19306,0.0,0.0,0.0,-1.5707964,0.0
1970-01-01 00:00:01.422865346,1.422865346,0.0,0.0,0.0,0.0,0.0,152.19316,0.0,0.0,-1.5707964,0.0
1970-01-01 00:00:01.423218258,1.423218258,131.92738,0.0,0.0,0.0,0.0,0.0,0.0,0.0,-1.5707964,0.0
1970-01-01 00:00:01.423286923,1.423286923,169.7658,0.0,0.0,0.0,0.0,0.0,0.0,0.0,-1.5707964,0.0
1970-01-01 00:00:01.423297684,1.423297684,0.0,197.02603,0.0,0.0,0.0,0.0,0.0,0.0,-1.5707964,0.0
1970-01-01 00:00:01.423350979,1.423350979,0.0,0.0,0.0,0.0,256.14206,0.0,0.0,0.0,-1.5707964,0.0
1970-01-01 00:00:01.423357772,1.4233577720000001,88.997635,0.0,0.0,0.0,0.0,0.0,0.0,0.0,-1.5707964,0.0
1970-01-01 00:00:01.423375319,1.423375319,0.0,0.0,0.0,0.0,94.989365,0.0,0.0,0.0,-1.5707964,0.0
1970-01-01 00:00:01.423562714,1.423562714,91.82471,0.0,0.0,0.0,0.0,0.0,0.0,0.0,-1.5707964,0.0
1970-01-01 00:00:01.423661592,1.423661592,0.0,189.72617,0.0,0.0,0.0,0.0,0.0,0.0,-1.5707964,0.0
1970-01-01 00:00:01.423680033,1.4236800330000001,0.0,0.0,0.0,0.0,145.40198,0.0,0.0,0.0,-1.5707964,0.0
1970-01-01 00:00:01.423802387,1.423802387,0.0,0.0,0.0,0.0,92.51765,0.0,0.0,0.0,-1.5707964,0.0
1970-01-01 00:00:01.424019295,1.424019295,236.01929,0.0,0.0,0.0,0.0,0.0,0.0,0.0,-1.5707964,0.0
1970-01-01 00:00:01.424045853,1.424045853,91.912315,0.0,0.0,0.0,0.0,0.0,0.0,0.0,-1.5707964,0.0
1970-01-01 00:00:01.424105761,1.424105761,0.0,106.19757,0.0,0.0,0.0,0.0,0.0,0.0,-1.5707964,0.0
1970-01-01 00:00:01.424213841,1.424213841,0.0,0.0,0.0,0.0,0.0,110.24413,0.0,0.0,-1.5707964,0.0
1970-01-01 00:00:01.424224089,1.424224089,0.0,0.0,120.356316,0.0,0.0,0.0,0.0,0.0,-1.5707964,0.0
1970-01-01 00:00:01.424406687,1.424406687,0.0,0.0,0.0,0.0,144.23224,0.0,0.0,0.0,-1.5707964,0.0
1970-01-01 00:00:01.424411931,1.424411931,0.0,0.0,0.0,107.67073,0.0,0.0,0.0,0.0,-1.5707964,0.0
1970-01-01 00:00:01.424433240,1.42443324,0.0,0.0,0.0,0.0,258.01535,0.0,0.0,0.0,-1.5707964,0.0
1970-01-01 00:00:01.424497368,1.424497368,0.0,232.74648,0.0,0.0,0.0,0.0,0.0,0.0,-1.5707964,0.0
1970-01-01 00:00:01.424841155,1.424841155,0.0,146.36375,0.0,0.0,0.0,0.0,0.0,0.0,-1.5707964,0.0
1970-01-01 00:00:01.424938042,1.424938042,0.0,96.3177,0.0,0.0,0.0,0.0,0.0,0.0,-1.5707964,0.0
1970-01-01 00:00:01.425027368,1.425027368,0.0,0.0,0.0,0.0,115.37959,0.0,0.0,0.0,-1.5707964,0.0
1970-01-01 00:00:01.425232664,1.425232664,0.0,272.03793,0.0,0.0,0.0,0.0,0.0,0.0,-1.5707964,0.0
1970-01-01 00:00:01.425244314,1.425244314,0.0,0.0,0.0,0.0,88.46949,0.0,0.0,0.0,-1.5707964,0.0
1970-01-01 00:00:01.425247926,1.425247926,0.0,80.68029,0.0,0.0,0.0,0.0,0.0,0.0,-1.5707964,0.0
1970-01-01 00:00:01.425414513,1.425414513,0.0,0.0,0.0,0.0,80.384285,0.0,0.0,0.0,-1.5707964,0.0
1970-01-01 00:00:01.425478380,1.42547838,0.0,0.0,0.0,101.56758,0.0,0.0,0.0,0.0,-1.5707964,0.0
1970-01-01 00:00:01.425508052,1.425508052,0.0,0.0,0.0,0.0,132.0941,0.0,0.0,0.0,-1.5707964,0.0
1970-01-01 00:00:01.425512161,1.4255121609999999,0.0,0.0,0.0,101.56101,0.0,0.0,0.0,0.0,-1.5707964,0.0
1970-01-01 00:00:01.425550797,1.425550797,0.0,0.0,0.0,0.0,85.24158,0.0,0.0,0.0,-1.5707964,0.0
1970-01-01 00:00:01.425565357,1.425565357,103.97768,0.0,0.0,0.0,0.0,0.0,0.0,0.0,-1.5707964,0.0
1970-01-01 00:00:01.425808114,1.425808114,0.0,123.9963,0.0,0.0,0.0,0.0,0.0,0.0,-1.5707964,0.0
1970-01-01 00:00:01.425900884,1.425900884,0.0,80.35856,0.0,0.0,0.0,0.0,0.0,0.0,-1.5707964,0.0
1970-01-01 00:00:01.425925263,1.4259252629999999,0.0,0.0,0.0,0.0,185.67053,0.0,0.0,0.0,-1.5707964,0.0
1970-01-01 00:00:01.426020412,1.426020412,0.0,0.0,0.0,217.62672,0.0,0.0,0.0,0.0,-1.5707964,0.0
1970-01-01 00:00:01.426090952,1.426090952,0.0,264.4946,0.0,0.0,0.0,0.0,0.0,0.0,-1.5707964,0.0
1970-01-01 00:00:01.426112591,1.4261125909999999,0.0,0.0,0.0,95.120026,0.0,0.0,0.0,0.0,-1.5707964,0.0
1970-01-01 00:00:01.426184197,1.426184197,0.0,0.0,0.0,172.91148,0.0,0.0,0.0,0.0,-1.5707964,0.0
1970-01-01 00:00:01.426236000,1.426236,116.78379,0.0,0.0,0.0,0.0,0.0,0.0,0.0,-1.5707964,0.0
1970-01-01 00:00:01.426246648,1.426246648,0.0,195.93246,0.0,0.0,0.0,0.0,0.0,0.0,-1.5707964,0.0
1970-01-01 00:00:01.426434120,1.4264341200000001,0.0,0.0,89.84848,0.0,0.0,0.0,0.0,0.0,-1.5707964,0.0
1970-01-01 00:00:01.426571120,1.42657112,0.0,146.18372,0.0,0.0,0.0,0.0,0.0,0.0,-1.5707964,0.0
1970-01-01 00:00:01.426588226,1.426588226,276.6049,0.0,0.0,0.0,0.0,0.0,0.0,0.0,-1.5707964,0.0
1970-01-01 00:00:01.426676267,1.426676267,0.0,0.0,0.0,0.0,106.122505,0.0,0.0,0.0,-1.5707964,0.0
1970-01-01 00:00:01.426720056,1.426720056,0.0,0.0,0.0,0.0,160.24823,0.0,0.0,0.0,-1.5707964,0.0
1970-01-01 00:00:01.426745232,1.426745232,0.0,0.0,0.0,0.0,0.0,230.53217,0.0,0.0,-1.5707964,0.0
1970-01-01 00:00:01.426778424,1.426778424,0.0,0.0,0.0,372.46295,0.0,0.0,0.0,0.0,-1.5707964,0.0
1970-01-01 00:00:01.426889558,1.426889558,0.0,102.41995,0.0,0.0,0.0,0.0,0.0,0.0,-1.5707964,0.0
1970-01-01 00:00:01.426918735,1.426918735,152.7717,0.0,0.0,0.0,0.0,0.0,0.0,0.0,-1.5707964,0.0
1970-01-01 00:00:01.427107194,1.427107194,0.0,0.0,0.0,0.0,83.07738,0.0,0.0,0.0,-1.5707964,0.0
1970-01-01 00:00:01.427226024,1.4272260239999999,0.0,85.54125,0.0,0.0,0.0,0.0,0.0,0.0,-1.5707964,0.0
1970-01-01 00:00:01.427389398,1.4273893979999999,0.0,148.02261,0.0,0.0,0.0,0.0,0.0,0.0,-1.5707964,0.0
1970-01-01 00:00:01.427576877,1.427576877,0.0,112.30452,0.0,0.0,0.0,0.0,0.0,0.0,-1.5707964,0.0
1970-01-01 00:00:01.427585245,1.427585245,0.0,257.52985,0.0,0.0,0.0,0.0,0.0,0.0,-1.5707964,0.0
1970-01-01 00:00:01.427841209,1.427841209,0.0,142.72444,0.0,0.0,0.0,0.0,0.0,0.0,-1.5707964,0.0
1970-01-01 00:00:01.427884907,1.427884907,162.2311,0.0,0.0,0.0,0.0,0.0,0.0,0.0,-1.5707964,0.0
1970-01-01 00:00:01.428041063,1.428041063,0.0,99.41379,0.0,0.0,0.0,0.0,0.0,0.0,-1.5707964,0.0
1970-01-01 00:00:01.428187742,1.428187742,0.0,83.268555,0.0,0.0,0.0,0.0,0.0,0.0,-1.5707964,0.0
1970-01-01 00:00:01.428219290,1.42821929,0.0,0.0,0.0,205.71172,0.0,0.0,0.0,0.0,-1.5707964,0.0
1970-01-01 00:00:01.428386885,1.428386885,0.0,0.0,0.0,292.15848,0.0,0.0,0.0,0.0,-1.5707964,0.0
1970-01-01 00:00:01.428399524,1.428399524,0.0,219.81906,0.0,0.0,0.0,0.0,0.0,0.0,-1.5707964,0.0
1970-01-01 00:00:01.428540104,1.428540104,0.0,100.487045,0.0,0.0,0.0,0.0,0.0,0.0,-1.5707964,0.0
1970-01-01 00:00:01.428574260,1.42857426,0.0,0.0,0.0,0.0,90.854034,0.0,0.0,0.0,-1.5707964,0.0
1970-01-01 00:00:01.428732489,1.428732489,0.0,117.55517,0.0,0.0,0.0,0.0,0.0,0.0,-1.5707964,0.0
1970-01-01 00:00:01.428777520,1.4287775200000001,0.0,0.0,0.0,151.72878,0.0,0.0,0.0,0.0,-1.5707964,0.0
1970-01-01 00:00:01.429045877,1.429045877,0.0,91.10303,0.0,0.0,0.0,0.0,0.0,0.0,-1.5707964,0.0
1970-01-01 00:00:01.429154330,1.42915433,0.0,87.68581,0.0,0.0,0.0,0.0,0.0,0.0,-1.5707964,0.0
1970-01-01 00:00:01.429177595,1.429177595,80.190605,0.0,0.0,0.0,0.0,0.0,0.0,0.0,-1.5707964,0.0
1970-01-01 00:00:01.429371832,1.429371832,0.0,156.03929,0.0,0.0,0.0,0.0,0.0,0.0,-1.5707964,0.0
1970-01-01 00:00:01.429376140,1.42937614,0.0,0.0,0.0,120.69725,0.0,0.0,0.0,0.0,-1.5707964,0.0
1970-01-01 00:00:01.429387452,1.429387452,0.0,0.0,0.0,187.06352,0.0,0.0,0.0,0.0,-1.5707964,0.0
1970-01-01 00:00:01.429400598,1.429400598,140.63676,0.0,0.0,0.0,0.0,0.0,0.0,0.0,-1.5707964,0.0
1970-01-01 00:00:01.429516622,1.429516622,0.0,0.0,0.0,81.1358,0.0,0.0,0.0,0.0,-1.5707964,0.0
1970-01-01 00:00:01.429758571,1.429758571,83.13888,0.0,0.0,0.0,0.0,0.0,0.0,0.0,-1.5707964,0.0
1970-01-01 00:00:01.429985872,1.429985872,0.0,0.0,0.0,80.71484,0.0,0.0,0.0,0.0,-1.5707964,0.0
1970-01-01 00:00:01.430023456,1.430023456,0.0,145.59698,0.0,0.0,0.0,0.0,0.0,0.0,-1.5707964,0.0
1970-01-01 00:00:01.430038495,1.430038495,0.0,0.0,0.0,0.0,134.94107,0.0,0.0,0.0,-1.5707964,0.0
1970-01-01 00:00:01.430097802,1.430097802,0.0,0.0,0.0,139.43365,0.0,0.0,0.0,0.0,-1.5707964,0.0
1970-01-01 00:00:01.430192131,1.430192131,0.0,0.0,0.0,0.0,100.51443,0.0,0.0,0.0,-1.5707964,0.0
1970-01-01 00:00:01.430232308,1.430232308,0.0,119.30961,0.0,0.0,0.0,0.0,0.0,0.0,-1.5707964,0.0
1970-01-01 00:00:01.430461404,1.4304614039999999,0.0,231.83879,0.0,0.0,0.0,0.0,0.0,0.0,-1.5707964,0.0
1970-01-01 00:00:01.430559805,1.4305598050000001,0.0,0.0,0.0,0.0,0.0,165.30704,0.0,0.0,-1.5707964,0.0
1970-01-01 00:00:01.430812135,1.430812135,0.0,81.97253,0.0,0.0,0.0,0.0,0.0,0.0,-1.5707964,0.0
1970-01-01 00:00:01.430822069,1.430822069,254.14203,0.0,0.0,0.0,0.0,0.0,0.0,0.0,-1.5707964,0.0
1970-01-01 00:00:01.431024908,1.431024908,149.85217,0.0,0.0,0.0,0.0,0.0,0.0,0.0,-1.5707964,0.0
1970-01-01 00:00:01.431063105,1.431063105,0.0,0.0,0.0,167.01407,0.0,0.0,0.0,0.0,-1.5707964,0.0
1970-01-01 00:00:01.431075159,1.431075159,0.0,175.29956,0.0,0.0,0.0,0.0,0.0,0.0,-1.5707964,0.0
1970-01-01 00:00:01.431147244,1.431147244,0.0,0.0,0.0,0.0,0.0,151.685,0.0,0.0,-1.5707964,0.0
1970-01-01 00:00:01.431396215,1.431396215,0.0,0.0,0.0,0.0,147.36638,0.0,0.0,0.0,-1.5707964,0.0
1970-01-01 00:00:01.431430404,1.4314304039999999,0.0,0.0,0.0,0.0,152.84558,0.0,0.0,0.0,-1.5707964,0.0
1970-01-01 00:00:01.432071460,1.43207146,0.0,0.0,0.0,0.0,118.18816,0.0,0.0,0.0,-1.5707964,0.0
1970-01-01 00:00:01.432113040,1.43211304,0.0,0.0,0.0,0.0,112.66704,0.0,0.0,0.0,-1.5707964,0.0
1970-01-01 00:00:01.432135749,1.432135749,0.0,0.0,0.0,0.0,247.40274,0.0,0.0,0.0,-1.5707964,0.0
1970-01-01 00:00:01.432143750,1.43214375,0.0,88.2547,0.0,0.0,0.0,0.0,0.0,0.0,-1.5707964,0.0
1970-01-01 00:00:01.432180335,1.432180335,0.0,0.0,0.0,0.0,89.30693,0.0,0.0,0.0,-1.5707964,0.0
1970-01-01 00:00:01.432318127,1.432318127,0.0,0.0,0.0,0.0,88.26442,0.0,0.0,0.0,-1.5707964,0.0
1970-01-01 00:00:01.432336457,1.432336457,0.0,0.0,0.0,0.0,93.78501,0.0,0.0,0.0,-1.5707964,0.0
1970-01-01 00:00:01.432425923,1.432425923,0.0,0.0,0.0,106.9902,0.0,0.0,0.0,0.0,-1.5707964,0.0
1970-01-01 00:00:01.432446691,1.432446691,0.0,0.0,0.0,85.9767,0.0,0.0,0.0,0.0,-1.5707964,0.0
1970-01-01 00:00:01.432466702,1.432466702,107.74272,0.0,0.0,0.0,0.0,0.0,0.0,0.0,-1.5707964,0.0
1970-01-01 00:00:01.432605773,1.4326057730000001,172.87149,0.0,0.0,0.0,0.0,0.0,0.0,0.0,-1.5707964,0.0
1970-01-01 00:00:01.432612985,1.432612985,0.0,156.43167,0.0,0.0,0.0,0.0,0.0,0.0,-1.5707964,0.0
1970-01-01 00:00:01.432671444,1.432671444,106.10142,0.0,0.0,0.0,0.0,0.0,0.0,0.0,-1.5707964,0.0
1970-01-01 00:00:01.432765898,1.432765898,0.0,0.0,0.0,0.0,84.28789,0.0,0.0,0.0,-1.5707964,0.0
1970-01-01 00:00:01.432875660,1.43287566,0.0,0.0,0.0,129.68504,0.0,0.0,0.0,0.0,-1.5707964,0.0
1970-01-01 00:00:01.432940126,1.432940126,0.0,101.56428,0.0,0.0,0.0,0.0,0.0,0.0,-1.5707964,0.0
1970-01-01 00:00:01.432960802,1.432960802,90.18918,0.0,0.0,0.0,0.0,0.0,0.0,0.0,-1.5707964,0.0
1970-01-01 00:00:01.432992741,1.432992741,0.0,0.0,0.0,0.0,0.0,80.554886,0.0,0.0,-1.5707964,0.0
1970-01-01 00:00:01.432996861,1.432996861,0.0,0.0,0.0,0.0,136.36446,0.0,0.0,0.0,-1.5707964,0.0
1970-01-01 00:00:01.433005276,1.433005276,0.0,97.68439,0.0,0.0,0.0,0.0,0.0,0.0,-1.5707964,0.0
1970-01-01 00:00:01.433217097,1.433217097,0.0,0.0,0.0,0.0,0.0,93.2052,0.0,0.0,-1.5707964,0.0
1970-01-01 00:00:01.433268854,1.433268854,0.0,0.0,0.0,0.0,172.73999,0.0,0.0,0.0,-1.5707964,0.0
1970-01-01 00:00:01.433297664,1.433297664,0.0,123.17862,0.0,0.0,0.0,0.0,0.0,0.0,-1.5707964,0.0
1970-01-01 00:00:01.433310134,1.433310134,0.0,188.63774,0.0,0.0,0.0,0.0,0.0,0.0,-1.5707964,0.0
1970-01-01 00:00:01.433351915,1.433351915,116.425285,0.0,0.0,0.0,0.0,0.0,0.0,0.0,-1.5707964,0.0
1970-01-01 00:00:01.433416096,1.433416096,0.0,225.34764,0.0,0.0,0.0,0.0,0.0,0.0,-1.5707964,0.0
1970-01-01 00:00:01.433419059,1.433419059,0.0,86.71083,0.0,0.0,0.0,0.0,0.0,0.0,-1.5707964,0.0
1970-01-01 00:00:01.433426969,1.433426969,0.0,0.0,0.0,108.941376,0.0,0.0,0.0,0.0,-1.5707964,0.0
1970-01-01 00:00:01.433445577,1.433445577,0.0,0.0,0.0,0.0,105.38759,0.0,0.0,0.0,-1.5707964,0.0
1970-01-01 00:00:01.433486953,1.433486953,0.0,267.76315,0.0,0.0,0.0,0.0,0.0,0.0,-1.5707964,0.0
1970-01-01 00:00:01.433508279,1.433508279,0.0,257.62805,0.0,0.0,0.0,0.0,0.0,0.0,-1.5707964,0.0
1970-01-01 00:00:01.433581070,1.43358107,0.0,0.0,0.0,443.70966,0.0,0.0,0.0,0.0,-1.5707964,0.0
1970-01-01 00:00:01.433582210,1.43358221,0.0,0.0,0.0,0.0,0.0,87.48965,0.0,0.0,-1.5707964,0.0
1970-01-01 00:00:01.433670098,1.433670098,0.0,235.403,0.0,0.0,0.0,0.0,0.0,0.0,-1.5707964,0.0
1970-01-01 00:00:01.433731978,1.433731978,137.12112,0.0,0.0,0.0,0.0,0.0,0.0,0.0,-1.5707964,0.0
1970-01-01 00:00:01.433745627,1.433745627,206.83177,0.0,0.0,0.0,0.0,0.0,0.0,0.0,-1.5707964,0.0
1970-01-01 00:00:01.433777379,1.433777379,0.0,188.74553,0.0,0.0,0.0,0.0,0.0,0.0,-1.5707964,0.0
1970-01-01 00:00:01.433884543,1.433884543,0.0,0.0,0.0,0.0,143.67738,0.0,0.0,0.0,-1.5707964,0.0
1970-01-01 00:00:01.433908771,1.433908771,0.0,0.0,0.0,0.0,177.96324,0.0,0.0,0.0,-1.5707964,0.0
1970-01-01 00:00:01.433944335,1.433944335,0.0,353.61728,0.0,0.0,0.0,0.0,0.0,0.0,-1.5707964,0.0
1970-01-01 00:00:01.434031619,1.434031619,0.0,88.985344,0.0,0.0,0.0,0.0,0.0,0.0,-1.5707964,0.0
1970-01-01 00:00:01.434125274,1.434125274,0.0,165.71541,0.0,0.0,0.0,0.0,0.0,0.0,-1.5707964,0.0
1970-01-01 00:00:01.434296895,1.4342968950000001,150.57323,0.0,0.0,0.0,0.0,0.0,0.0,0.0,-1.5707964,0.0
1970-01-01 00:00:01.434577595,1.434577595,0.0,0.0,0.0,0.0,210.0868,0.0,0.0,0.0,-1.5707964,0.0
1970-01-01 00:00:01.434707744,1.434707744,0.0,0.0,0.0,0.0,99.72587,0.0,0.0,0.0,-1.5707964,0.0
1970-01-01 00:00:01.434743138,1.434743138,0.0,0.0,0.0,201.3667,0.0,0.0,0.0,0.0,-1.5707964,0.0
1970-01-01 00:00:01.434810946,1.434810946,0.0,84.8352,0.0,0.0,0.0,0.0,0.0,0.0,-1.5707964,0.0
1970-01-01 00:00:01.434831745,1.4348317449999999,0.0,0.0,0.0,99.35793,0.0,0.0,0.0,0.0,-1.5707964,0.0
1970-01-01 00:00:01.434912679,1.434912679,0.0,177.69363,0.0,0.0,0.0,0.0,0.0,0.0,-1.5707964,0.0
1970-01-01 00:00:01.434920524,1.434920524,0.0,0.0,0.0,270.7313,0.0,0.0,0.0,0.0,-1.5707964,0.0
1970-01-01 00:00:01.435160696,1.435160696,0.0,0.0,0.0,0.0,279.57965,0.0,0.0,0.0,-1.5707964,0.0
1970-01-01 00:00:01.435216710,1.43521671,0.0,87.61604,0.0,0.0,0.0,0.0,0.0,0.0,-1.5707964,0.0
1970-01-01 00:00:01.435317134,1.435317134,0.0,0.0,0.0,0.0,0.0,154.21956,0.0,0.0,-1.5707964,0.0
1970-01-01 00:00:01.435368638,1.435368638,0.0,83.87845,0.0,0.0,0.0,0.0,0.0,0.0,-1.5707964,0.0
1970-01-01 00:00:01.435378837,1.435378837,206.14412,0.0,0.0,0.0,0.0,0.0,0.0,0.0,-1.5707964,0.0
1970-01-01 00:00:01.435417393,1.435417393,0.0,0.0,0.0,0.0,217.58012,0.0,0.0,0.0,-1.5707964,0.0
1970-01-01 00:00:01.435673584,1.435673584,0.0,105.49792,0.0,0.0,0.0,0.0,0.0,0.0,-1.5707964,0.0
1970-01-01 00:00:01.435682464,1.435682464,0.0,303.54385,0.0,0.0,0.0,0.0,0.0,0.0,-1.5707964,0.0
1970-01-01 00:00:01.435763580,1.43576358,0.0,0.0,0.0,0.0,103.77908,0.0,0.0,0.0,-1.5707964,0.0
1970-01-01 00:00:01.435854647,1.435854647,0.0,0.0,0.0,84.9387,0.0,0.0,0.0,0.0,-1.5707964,0.0
1970-01-01 00:00:01.435951285,1.435951285,0.0,353.7902,0.0,0.0,0.0,0.0,0.0,0.0,-1.5707964,0.0
1970-01-01 00:00:01.436073960,1.4360739599999999,0.0,0.0,0.0,316.02118,0.0,0.0,0.0,0.0,-1.5707964,0.0
1970-01-01 00:00:01.436222787,1.436222787,0.0,143.63368,0.0,0.0,0.0,0.0,0.0,0.0,-1.5707964,0.0
1970-01-01 00:00:01.436488186,1.436488186,0.0,329.99316,0.0,0.0,0.0,0.0,0.0,0.0,-1.5707964,0.0
1970-01-01 00:00:01.436498675,1.436498675,0.0,102.159294,0.0,0.0,0.0,0.0,0.0,0.0,-1.5707964,0.0
1970-01-01 00:00:01.436656968,1.4366569679999999,0.0,0.0,0.0,0.0,86.000374,0.0,0.0,0.0,-1.5707964,0.0
1970-01-01 00:00:01.436695991,1.4366959910000001,0.0,0.0,0.0,0.0,195.71677,0.0,0.0,0.0,-1.5707964,0.0
1970-01-01 00:00:01.436716113,1.4367161130000001,0.0,0.0,0.0,430.9158,0.0,0.0,0.0,0.0,-1.5707964,0.0
1970-01-01 00:00:01.436880321,1.436880321,0.0,0.0,0.0,269.15292,0.0,0.0,0.0,0.0,-1.5707964,0.0
1970-01-01 00:00:01.437156680,1.43715668,96.56929,0.0,0.0,0.0,0.0,0.0,0.0,0.0,-1.5707964,0.0
1970-01-01 00:00:01.437186570,1.43718657,0.0,0.0,0.0,0.0,90.07392,0.0,0.0,0.0,-1.5707964,0.0
1970-01-01 00:00:01.437210972,1.437210972,0.0,0.0,0.0,154.73442,0.0,0.0,0.0,0.0,-1.5707964,0.0
1970-01-01 00:00:01.437243378,1.437243378,0.0,0.0,0.0,82.20739,0.0,0.0,0.0,0.0,-1.5707964,0.0
1970-01-01 00:00:01.437266919,1.437266919,0.0,387.6145,0.0,0.0,0.0,0.0,0.0,0.0,-1.5707964,0.0
1970-01-01 00:00:01.437305549,1.437305549,98.28517,0.0,0.0,0.0,0.0,0.0,0.0,0.0,-1.5707964,0.0
1970-01-01 00:00:01.437334855,1.437334855,0.0,0.0,0.0,0.0,0.0,149.87717,0.0,0.0,-1.5707964,0.0
1970-01-01 00:00:01.437433872,1.437433872,117.33485,0.0,0.0,0.0,0.0,0.0,0.0,0.0,-1.5707964,0.0
1970-01-01 00:00:01.437625492,1.437625492,0.0,0.0,0.0,0.0,222.95744,0.0,0.0,0.0,-1.5707964,0.0
1970-01-01 00:00:01.437787188,1.437787188,0.0,0.0,0.0,90.06745,0.0,0.0,0.0,0.0,-1.5707964,0.0
1970-01-01 00:00:01.437838621,1.437838621,0.0,0.0,0.0,0.0,88.19207,0.0,0.0,0.0,-1.5707964,0.0
1970-01-01 00:00:01.437879438,1.437879438,0.0,0.0,0.0,0.0,137.28242,0.0,0.0,0.0,-1.5707964,0.0
1970-01-01 00:00:01.437884350,1.43788435,0.0,333.2877,0.0,0.0,0.0,0.0,0.0,0.0,-1.5707964,0.0
1970-01-01 00:00:01.438095445,1.438095445,92.9417,0.0,0.0,0.0,0.0,0.0,0.0,0.0,-1.5707964,0.0
1970-01-01 00:00:01.438096266,1.438096266,0.0,170.52069,0.0,0.0,0.0,0.0,0.0,0.0,-1.5707964,0.0
1970-01-01 00:00:01.438136504,1.438136504,0.0,200.6446,0.0,0.0,0.0,0.0,0.0,0.0,-1.5707964,0.0
1970-01-01 00:00:01.438207310,1.4382073100000001,0.0,0.0,0.0,0.0,116.506386,0.0,0.0,0.0,-1.5707964,0.0
1970-01-01 00:00:01.438286525,1.438286525,0.0,0.0,0.0,0.0,114.1254,0.0,0.0,0.0,-1.5707964,0.0
1970-01-01 00:00:01.438357445,1.438357445,0.0,0.0,0.0,0.0,107.23189,0.0,0.0,0.0,-1.5707964,0.0
1970-01-01 00:00:01.438379617,1.438379617,0.0,294.0384,0.0,0.0,0.0,0.0,0.0,0.0,-1.5707964,0.0
1970-01-01 00:00:01.438432001,1.438432001,0.0,101.3434,0.0,0.0,0.0,0.0,0.0,0.0,-1.5707964,0.0
1970-01-01 00:00:01.438463685,1.4384636849999999,0.0,104.33337,0.0,0.0,0.0,0.0,0.0,0.0,-1.5707964,0.0
1970-01-01 00:00:01.438520785,1.4385207850000001,0.0,0.0,0.0,0.0,0.0,80.31911,0.0,0.0,-1.5707964,0.0
1970-01-01 00:00:01.438525353,1.438525353,0.0,126.866234,0.0,0.0,0.0,0.0,0.0,0.0,-1.5707964,0.0
1970-01-01 00:00:01.438625259,1.438625259,0.0,0.0,0.0,0.0,131.76398,0.0,0.0,0.0,-1.5707964,0.0
1970-01-01 00:00:01.438695643,1.438695643,0.0,0.0,101.30212,0.0,0.0,0.0,0.0,0.0,-1.5707964,0.0
1970-01-01 00:00:01.438775434,1.438775434,0.0,0.0,0.0,0.0,90.7056,0.0,0.0,0.0,-1.5707964,0.0
1970-01-01 00:00:01.438909308,1.438909308,114.65544,0.0,0.0,0.0,0.0,0.0,0.0,0.0,-1.5707964,0.0
1970-01-01 00:00:01.439110549,1.439110549,0.0,0.0,0.0,199.92223,0.0,0.0,0.0,0.0,-1.5707964,0.0
1970-01-01 00:00:01.439135996,1.439135996,262.499,0.0,0.0,0.0,0.0,0.0,0.0,0.0,-1.5707964,0.0
1970-01-01 00:00:01.439317843,1.439317843,0.0,0.0,0.0,125.513336,0.0,0.0,0.0,0.0,-1.5707964,0.0
1970-01-01 00:00:01.439385991,1.439385991,0.0,0.0,0.0,0.0,0.0,151.92009,0.0,0.0,-1.5707964,0.0
1970-01-01 00:00:01.439402981,1.439402981,0.0,260.82596,0.0,0.0,0.0,0.0,0.0,0.0,-1.5707964,0.0
1970-01-01 00:00:01.439406178,1.439406178,0.0,0.0,0.0,0.0,94.901855,0.0,0.0,0.0,-1.5707964,0.0
1970-01-01 00:00:01.439485498,1.439485498,0.0,0.0,0.0,118.943344,0.0,0.0,0.0,0.0,-1.5707964,0.0
1970-01-01 00:00:01.439779493,1.439779493,0.0,0.0,0.0,0.0,92.980644,0.0,0.0,0.0,-1.5707964,0.0
1970-01-01 00:00:01.439867131,1.439867131,0.0,0.0,0.0,0.0,131.35849,0.0,0.0,0.0,-1.5707964,0.0
1970-01-01 00:00:01.439936199,1.439936199,0.0,81.50792,0.0,0.0,0.0,0.0,0.0,0.0,-1.5707964,0.0
1970-01-01 00:00:01.439998840,1.43999884,0.0,0.0,0.0,0.0,113.063065,0.0,0.0,0.0,-1.5707964,0.0
1970-01-01 00:00:01.440004712,1.440004712,0.0,0.0,0.0,81.85273,0.0,0.0,0.0,0.0,-1.5707964,0.0
1970-01-01 00:00:01.440037628,1.440037628,153.46744,0.0,0.0,0.0,0.0,0.0,0.0,0.0,-1.5707964,0.0
1970-01-01 00:00:01.440084590,1.44008459,0.0,0.0,0.0,0.0,327.9219,0.0,0.0,0.0,-1.5707964,0.0
1970-01-01 00:00:01.440211044,1.440211044,0.0,0.0,82.839195,0.0,0.0,0.0,0.0,0.0,-1.5707964,0.0
1970-01-01 00:00:01.440342087,1.4403420869999999,0.0,245.68916,0.0,0.0,0.0,0.0,0.0,0.0,-1.5707964,0.0
1970-01-01 00:00:01.440364301,1.440364301,0.0,0.0,0.0,0.0,0.0,220.87791,0.0,0.0,-1.5707964,0.0
1970-01-01 00:00:01.440473415,1.440473415,0.0,0.0,0.0,99.24608,0.0,0.0,0.0,0.0,-1.5707964,0.0
1970-01-01 00:00:01.440528583,1.4405285829999999,211.10141,0.0,0.0,0.0,0.0,0.0,0.0,0.0,-1.5707964,0.0
1970-01-01 00:00:01.440631350,1.4406313499999999,0.0,259.00455,0.0,0.0,0.0,0.0,0.0,0.0,-1.5707964,0.0
1970-01-01 00:00:01.440645501,1.440645501,104.142715,0.0,0.0,0.0,0.0,0.0,0.0,0.0,-1.5707964,0.0
1970-01-01 00:00:01.440772798,1.440772798,98.52605,0.0,0.0,0.0,0.0,0.0,0.0,0.0,-1.5707964,0.0
1970-01-01 00:00:01.441007254,1.441007254,128.28087,0.0,0.0,0.0,0.0,0.0,0.0,0.0,-1.5707964,0.0
1970-01-01 00:00:01.441076185,1.441076185,146.80678,0.0,0.0,0.0,0.0,0.0,0.0,0.0,-1.5707964,0.0
1970-01-01 00:00:01.441145856,1.441145856,0.0,0.0,0.0,0.0,90.67451,0.0,0.0,0.0,-1.5707964,0.0
1970-01-01 00:00:01.441238624,1.441238624,0.0,0.0,0.0,0.0,0.0,268.8178,0.0,0.0,-1.5707964,0.0
1970-01-01 00:00:01.441275280,1.44127528,0.0,0.0,0.0,0.0,0.0,163.5756,0.0,0.0,-1.5707964,0.0
1970-01-01 00:00:01.441349886,1.441349886,0.0,122.595406,0.0,0.0,0.0,0.0,0.0,0.0,-1.5707964,0.0
1970-01-01 00:00:01.441475070,1.44147507,0.0,0.0,0.0,87.47494,0.0,0.0,0.0,0.0,-1.5707964,0.0
1970-01-01 00:00:01.441879637,1.441879637,0.0,0.0,142.49364,0.0,0.0,0.0,0.0,0.0,-1.5707964,0.0
1970-01-01 00:00:01.442095171,1.442095171,98.77662,0.0,0.0,0.0,0.0,0.0,0.0,0.0,-1.5707964,0.0
1970-01-01 00:00:01.442159610,1.44215961,0.0,146.78888,0.0,0.0,0.0,0.0,0.0,0.0,-1.5707964,0.0
1970-01-01 00:00:01.442171548,1.4421715480000001,0.0,0.0,0.0,0.0,109.3508,0.0,0.0,0.0,-1.5707964,0.0
1970-01-01 00:00:01.442188297,1.442188297,0.0,86.68152,0.0,0.0,0.0,0.0,0.0,0.0,-1.5707964,0.0
1970-01-01 00:00:01.442221794,1.442221794,0.0,0.0,0.0,131.57619,0.0,0.0,0.0,0.0,-1.5707964,0.0
1970-01-01 00:00:01.442296594,1.442296594,0.0,0.0,0.0,0.0,92.82236,0.0,0.0,0.0,-1.5707964,0.0
1970-01-01 00:00:01.442297093,1.442297093,0.0,0.0,0.0,0.0,197.13142,0.0,0.0,0.0,-1.5707964,0.0
1970-01-01 00:00:01.442324452,1.442324452,0.0,0.0,0.0,0.0,684.767,0.0,0.0,0.0,-1.5707964,0.0
1970-01-01 00:00:01.442520985,1.442520985,0.0,106.698364,0.0,0.0,0.0,0.0,0.0,0.0,-1.5707964,0.0
1970-01-01 00:00:01.442602630,1.44260263,0.0,0.0,0.0,138.18263,0.0,0.0,0.0,0.0,-1.5707964,0.0
1970-01-01 00:00:01.442710563,1.442710563,0.0,136.06873,0.0,0.0,0.0,0.0,0.0,0.0,-1.5707964,0.0
1970-01-01 00:00:01.442938167,1.4429381669999999,0.0,0.0,0.0,0.0,85.29424,0.0,0.0,0.0,-1.5707964,0.0
1970-01-01 00:00:01.443185369,1.443185369,0.0,0.0,0.0,101.75484,0.0,0.0,0.0,0.0,-1.5707964,0.0
1970-01-01 00:00:01.443356574,1.443356574,0.0,121.94066,0.0,0.0,0.0,0.0,0.0,0.0,-1.5707964,0.0
1970-01-01 00:00:01.443527819,1.443527819,0.0,0.0,0.0,85.52159,0.0,0.0,0.0,0.0,-1.5707964,0.0
1970-01-01 00:00:01.443787751,1.443787751,0.0,0.0,0.0,0.0,148.85886,0.0,0.0,0.0,-1.5707964,0.0
1970-01-01 00:00:01.443843754,1.443843754,0.0,113.28145,0.0,0.0,0.0,0.0,0.0,0.0,-1.5707964,0.0
1970-01-01 00:00:01.443888487,1.443888487,0.0,100.256676,0.0,0.0,0.0,0.0,0.0,0.0,-1.5707964,0.0
1970-01-01 00:00:01.443944908,1.443944908,0.0,0.0,0.0,0.0,87.04814,0.0,0.0,0.0,-1.5707964,0.0
1970-01-01 00:00:01.444203984,1.444203984,0.0,91.52216,0.0,0.0,0.0,0.0,0.0,0.0,-1.5707964,0.0
1970-01-01 00:00:01.444255044,1.444255044,0.0,0.0,198.5439,0.0,0.0,0.0,0.0,0.0,-1.5707964,0.0
1970-01-01 00:00:01.444901239,1.444901239,0.0,119.74189,0.0,0.0,0.0,0.0,0.0,0.0,-1.5707964,0.0
1970-01-01 00:00:01.444957200,1.4449572,0.0,85.272125,0.0,0.0,0.0,0.0,0.0,0.0,-1.5707964,0.0
1970-01-01 00:00:01.445102865,1.445102865,0.0,97.187706,0.0,0.0,0.0,0.0,0.0,0.0,-1.5707964,0.0
1970-01-01 00:00:01.445230441,1.445230441,0.0,115.23796,0.0,0.0,0.0,0.0,0.0,0.0,-1.5707964,0.0
1970-01-01 00:00:01.445360374,1.445360374,0.0,0.0,0.0,243.09431,0.0,0.0,0.0,0.0,-1.5707964,0.0
1970-01-01 00:00:01.445372422,1.445372422,0.0,0.0,0.0,0.0,285.05618,0.0,0.0,0.0,-1.5707964,0.0
1970-01-01 00:00:01.445513351,1.445513351,0.0,0.0,0.0,176.38803,0.0,0.0,0.0,0.0,-1.5707964,0.0
1970-01-01 00:00:01.445608554,1.445608554,0.0,81.18898,0.0,0.0,0.0,0.0,0.0,0.0,-1.5707964,0.0
1970-01-01 00:00:01.445768097,1.445768097,0.0,198.81055,0.0,0.0,0.0,0.0,0.0,0.0,-1.5707964,0.0
1970-01-01 00:00:01.445808785,1.445808785,0.0,128.97668,0.0,0.0,0.0,0.0,0.0,0.0,-1.5707964,0.0
1970-01-01 00:00:01.445935080,1.44593508,0.0,0.0,0.0,80.33443,0.0,0.0,0.0,0.0,-1.5707964,0.0
1970-01-01 00:00:01.445966354,1.445966354,130.75772,0.0,0.0,0.0,0.0,0.0,0.0,0.0,-1.5707964,0.0
1970-01-01 00:00:01.445991392,1.445991392,0.0,84.31996,0.0,0.0,0.0,0.0,0.0,0.0,-1.5707964,0.0
1970-01-01 00:00:01.446158159,1.4461581589999999,0.0,80.381165,0.0,0.0,0.0,0.0,0.0,0.0,-1.5707964,0.0
1970-01-01 00:00:01.446344027,1.4463440269999999,0.0,119.17475,0.0,0.0,0.0,0.0,0.0,0.0,-1.5707964,0.0
1970-01-01 00:00:01.446351956,1.446351956,0.0,219.28601,0.0,0.0,0.0,0.0,0.0,0.0,-1.5707964,0.0
1970-01-01 00:00:01.446388294,1.4463882940000001,0.0,94.52518,0.0,0.0,0.0,0.0,0.0,0.0,-1.5707964,0.0
1970-01-01 00:00:01.446416519,1.446416519,0.0,82.331184,0.0,0.0,0.0,0.0,0.0,0.0,-1.5707964,0.0
1970-01-01 00:00:01.446457910,1.44645791,92.67915,0.0,0.0,0.0,0.0,0.0,0.0,0.0,-1.5707964,0.0
1970-01-01 00:00:01.446550768,1.446550768,84.32762,0.0,0.0,0.0,0.0,0.0,0.0,0.0,-1.5707964,0.0
1970-01-01 00:00:01.446769815,1.4467698150000001,0.0,103.00733,0.0,0.0,0.0,0.0,0.0,0.0,-1.5707964,0.0
1970-01-01 00:00:01.446802457,1.446802457,0.0,0.0,0.0,0.0,177.70157,0.0,0.0,0.0,-1.5707964,0.0
1970-01-01 00:00:01.446979493,1.446979493,0.0,0.0,0.0,0.0,399.4864,0.0,0.0,0.0,-1.5707964,0.0
1970-01-01 00:00:01.447011006,1.4470110059999999,0.0,0.0,0.0,0.0,364.92,0.0,0.0,0.0,-1.5707964,0.0
1970-01-01 00:00:01.447022249,1.447022249,88.05437,0.0,0.0,0.0,0.0,0.0,0.0,0.0,-1.5707964,0.0
1970-01-01 00:00:01.447163425,1.447163425,0.0,0.0,0.0,0.0,210.98772,0.0,0.0,0.0,-1.5707964,0.0
1970-01-01 00:00:01.447375116,1.447375116,112.778946,0.0,0.0,0.0,0.0,0.0,0.0,0.0,-1.5707964,0.0
1970-01-01 00:00:01.447514342,1.447514342,0.0,0.0,0.0,0.0,0.0,134.88841,0.0,0.0,-1.5707964,0.0
1970-01-01 00:00:01.447528761,1.447528761,0.0,147.72025,0.0,0.0,0.0,0.0,0.0,0.0,-1.5707964,0.0
1970-01-01 00:00:01.447580858,1.447580858,140.35391,0.0,0.0,0.0,0.0,0.0,0.0,0.0,-1.5707964,0.0
1970-01-01 00:00:01.447672397,1.447672397,0.0,122.58472,0.0,0.0,0.0,0.0,0.0,0.0,-1.5707964,0.0
1970-01-01 00:00:01.447684792,1.447684792,0.0,173.21902,0.0,0.0,0.0,0.0,0.0,0.0,-1.5707964,0.0
1970-01-01 00:00:01.447766711,1.4477667109999999,101.61527,0.0,0.0,0.0,0.0,0.0,0.0,0.0,-1.5707964,0.0
1970-01-01 00:00:01.447910028,1.447910028,0.0,0.0,0.0,0.0,123.46105,0.0,0.0,0.0,-1.5707964,0.0
1970-01-01 00:00:01.448098972,1.448098972,0.0,0.0,0.0,0.0,112.36181,0.0,0.0,0.0,-1.5707964,0.0
1970-01-01 00:00:01.448181389,1.448181389,0.0,137.24124,0.0,0.0,0.0,0.0,0.0,0.0,-1.5707964,0.0
1970-01-01 00:00:01.448281985,1.448281985,196.86604,0.0,0.0,0.0,0.0,0.0,0.0,0.0,-1.5707964,0.0
1970-01-01 00:00:01.448293962,1.448293962,0.0,278.58176,0.0,0.0,0.0,0.0,0.0,0.0,-1.5707964,0.0
1970-01-01 00:00:01.448301983,1.448301983,0.0,92.663864,0.0,0.0,0.0,0.0,0.0,0.0,-1.5707964,0.0
1970-01-01 00:00:01.448303004,1.448303004,0.0,0.0,0.0,149.82146,0.0,0.0,0.0,0.0,-1.5707964,0.0
1970-01-01 00:00:01.448358421,1.448358421,0.0,0.0,0.0,0.0,373.44656,0.0,0.0,0.0,-1.5707964,0.0
1970-01-01 00:00:01.448385800,1.4483858,0.0,347.1135,0.0,0.0,0.0,0.0,0.0,0.0,-1.5707964,0.0
1970-01-01 00:00:01.448400437,1.448400437,0.0,90.41905,0.0,0.0,0.0,0.0,0.0,0.0,-1.5707964,0.0
1970-01-01 00:00:01.448759274,1.448759274,0.0,0.0,0.0,0.0,0.0,180.62111,0.0,0.0,-1.5707964,0.0
1970-01-01 00:00:01.448807416,1.448807416,85.08957,0.0,0.0,0.0,0.0,0.0,0.0,0.0,-1.5707964,0.0
1970-01-01 00:00:01.448816294,1.448816294,0.0,0.0,0.0,0.0,0.0,309.9003,0.0,0.0,-1.5707964,0.0
1970-01-01 00:00:01.449192136,1.449192136,0.0,156.01932,0.0,0.0,0.0,0.0,0.0,0.0,-1.5707964,0.0
1970-01-01 00:00:01.449263849,1.449263849,0.0,0.0,0.0,0.0,0.0,87.966965,0.0,0.0,-1.5707964,0.0
1970-01-01 00:00:01.449446228,1.449446228,0.0,91.33072,0.0,0.0,0.0,0.0,0.0,0.0,-1.5707964,0.0
1970-01-01 00:00:01.449498991,1.449498991,0.0,0.0,0.0,0.0,101.24639,0.0,0.0,0.0,-1.5707964,0.0
1970-01-01 00:00:01.449799645,1.4497996450000001,0.0,346.07913,0.0,0.0,0.0,0.0,0.0,0.0,-1.5707964,0.0
1970-01-01 00:00:01.449818759,1.449818759,160.82164,0.0,0.0,0.0,0.0,0.0,0.0,0.0,-1.5707964,0.0
1970-01-01 00:00:01.449834368,1.4498343679999999,0.0,0.0,0.0,210.91983,0.0,0.0,0.0,0.0,-1.5707964,0.0
1970-01-01 00:00:01.450013708,1.450013708,0.0,0.0,0.0,114.665115,0.0,0.0,0.0,0.0,-1.5707964,0.0
1970-01-01 00:00:01.450158438,1.4501584379999999,0.0,276.06573,0.0,0.0,0.0,0.0,0.0,0.0,-1.5707964,0.0
1970-01-01 00:00:01.450227457,1.450227457,0.0,147.24974,0.0,0.0,0.0,0.0,0.0,0.0,-1.5707964,0.0
1970-01-01 00:00:01.450241583,1.450241583,0.0,0.0,0.0,100.27346,0.0,0.0,0.0,0.0,-1.5707964,0.0
1970-01-01 00:00:01.450257863,1.450257863,0.0,0.0,0.0,0.0,108.1714,0.0,0.0,0.0,-1.5707964,0.0
1970-01-01 00:00:01.450309772,1.450309772,0.0,192.09491,0.0,0.0,0.0,0.0,0.0,0.0,-1.5707964,0.0
1970-01-01 00:00:01.450321841,1.450321841,0.0,170.14146,0.0,0.0,0.0,0.0,0.0,0.0,-1.5707964,0.0
1970-01-01 00:00:01.450334676,1.450334676,0.0,206.75075,0.0,0.0,0.0,0.0,0.0,0.0,-1.5707964,0.0
1970-01-01 00:00:01.450508173,1.450508173,0.0,336.4652,0.0,0.0,0.0,0.0,0.0,0.0,-1.5707964,0.0
1970-01-01 00:00:01.450628432,1.450628432,0.0,0.0,0.0,0.0,88.567154,0.0,0.0,0.0,-1.5707964,0.0
1970-01-01 00:00:01.450892412,1.450892412,0.0,308.08487,0.0,0.0,0.0,0.0,0.0,0.0,-1.5707964,0.0
1970-01-01 00:00:01.450933967,1.450933967,0.0,0.0,0.0,0.0,112.825096,0.0,0.0,0.0,-1.5707964,0.0
1970-01-01 00:00:01.450986197,1.450986197,0.0,0.0,0.0,0.0,101.3207,0.0,0.0,0.0,-1.5707964,0.0
1970-01-01 00:00:01.450998563,1.450998563,0.0,152.35104,0.0,0.0,0.0,0.0,0.0,0.0,-1.5707964,0.0
1970-01-01 00:00:01.451128210,1.45112821,0.0,124.23599,0.0,0.0,0.0,0.0,0.0,0.0,-1.5707964,0.0
1970-01-01 00:00:01.451171145,1.451171145,0.0,151.64456,0.0,0.0,0.0,0.0,0.0,0.0,-1.5707964,0.0
1970-01-01 00:00:01.451193453,1.4511934530000001,0.0,306.8072,0.0,0.0,0.0,0.0,0.0,0.0,-1.5707964,0.0
1970-01-01 00:00:01.451226136,1.451226136,133.83214,0.0,0.0,0.0,0.0,0.0,0.0,0.0,-1.5707964,0.0
1970-01-01 00:00:01.451343950,1.45134395,0.0,0.0,0.0,0.0,0.0,238.43098,0.0,0.0,-1.5707964,0.0
1970-01-01 00:00:01.451689953,1.451689953,0.0,0.0,0.0,256.63406,0.0,0.0,0.0,0.0,-1.5707964,0.0
1970-01-01 00:00:01.451701494,1.451701494,0.0,374.88806,0.0,0.0,0.0,0.0,0.0,0.0,-1.5707964,0.0
1970-01-01 00:00:01.451741371,1.451741371,0.0,233.17218,0.0,0.0,0.0,0.0,0.0,0.0,-1.5707964,0.0
1970-01-01 00:00:01.451822994,1.451822994,0.0,247.1768,0.0,0.0,0.0,0.0,0.0,0.0,-1.5707964,0.0
1970-01-01 00:00:01.451918402,1.451918402,0.0,103.78834,0.0,0.0,0.0,0.0,0.0,0.0,-1.5707964,0.0
1970-01-01 00:00:01.451970907,1.451970907,0.0,0.0,0.0,0.0,0.0,238.94498,0.0,0.0,-1.5707964,0.0
1970-01-01 00:00:01.451982518,1.4519825179999999,0.0,0.0,0.0,0.0,132.4854,0.0,0.0,0.0,-1.5707964,0.0
1970-01-01 00:00:01.452149759,1.452149759,0.0,0.0,0.0,0.0,0.0,121.95816,0.0,0.0,-1.5707964,0.0
1970-01-01 00:00:01.452237462,1.452237462,0.0,178.91122,0.0,0.0,0.0,0.0,0.0,0.0,-1.5707964,0.0
1970-01-01 00:00:01.452243884,1.452243884,291.60892,0.0,0.0,0.0,0.0,0.0,0.0,0.0,-1.5707964,0.0
1970-01-01 00:00:01.452386635,1.4523866349999999,0.0,0.0,0.0,0.0,0.0,164.88013,0.0,0.0,-1.5707964,0.0
1970-01-01 00:00:01.452402299,1.452402299,0.0,0.0,0.0,170.89964,0.0,0.0,0.0,0.0,-1.5707964,0.0
1970-01-01 00:00:01.452434333,1.452434333,0.0,83.75238,0.0,0.0,0.0,0.0,0.0,0.0,-1.5707964,0.0
1970-01-01 00:00:01.452762006,1.452762006,0.0,0.0,0.0,157.05804,0.0,0.0,0.0,0.0,-1.5707964,0.0
1970-01-01 00:00:01.453051136,1.453051136,87.04025,0.0,0.0,0.0,0.0,0.0,0.0,0.0,-1.5707964,0.0
1970-01-01 00:00:01.453077322,1.453077322,0.0,137.33965,0.0,0.0,0.0,0.0,0.0,0.0,-1.5707964,0.0
1970-01-01 00:00:01.453178522,1.453178522,0.0,0.0,0.0,0.0,114.18614,0.0,0.0,0.0,-1.5707964,0.0
1970-01-01 00:00:01.453245518,1.4532455180000001,122.81591,0.0,0.0,0.0,0.0,0.0,0.0,0.0,-1.5707964,0.0
1970-01-01 00:00:01.453249268,1.453249268,0.0,0.0,0.0,191.18956,0.0,0.0,0.0,0.0,-1.5707964,0.0
1970-01-01 00:00:01.453264861,1.453264861,0.0,289.2467,0.0,0.0,0.0,0.0,0.0,0.0,-1.5707964,0.0
1970-01-01 00:00:01.453303692,1.453303692,131.60164,0.0,0.0,0.0,0.0,0.0,0.0,0.0,-1.5707964,0.0
1970-01-01 00:00:01.453611296,1.453611296,0.0,134.51605,0.0,0.0,0.0,0.0,0.0,0.0,-1.5707964,0.0
1970-01-01 00:00:01.453659811,1.453659811,210.19896,0.0,0.0,0.0,0.0,0.0,0.0,0.0,-1.5707964,0.0
1970-01-01 00:00:01.453816592,1.453816592,0.0,0.0,0.0,81.54472,0.0,0.0,0.0,0.0,-1.5707964,0.0
1970-01-01 00:00:01.453830478,1.453830478,186.82303,0.0,0.0,0.0,0.0,0.0,0.0,0.0,-1.5707964,0.0
1970-01-01 00:00:01.453875059,1.453875059,0.0,0.0,0.0,250.70538,0.0,0.0,0.0,0.0,-1.5707964,0.0
1970-01-01 00:00:01.453880961,1.453880961,316.1402,0.0,0.0,0.0,0.0,0.0,0.0,0.0,-1.5707964,0.0
1970-01-01 00:00:01.453882035,1.453882035,0.0,0.0,0.0,149.66208,0.0,0.0,0.0,0.0,-1.5707964,0.0
1970-01-01 00:00:01.453999943,1.453999943,97.44649,0.0,0.0,0.0,0.0,0.0,0.0,0.0,-1.5707964,0.0
1970-01-01 00:00:01.454130220,1.45413022,0.0,0.0,0.0,0.0,83.481,0.0,0.0,0.0,-1.5707964,0.0
1970-01-01 00:00:01.454153622,1.454153622,0.0,0.0,0.0,0.0,82.43011,0.0,0.0,0.0,-1.5707964,0.0
1970-01-01 00:00:01.454183309,1.454183309,0.0,125.39089,0.0,0.0,0.0,0.0,0.0,0.0,-1.5707964,0.0
1970-01-01 00:00:01.454193318,1.454193318,245.5014,0.0,0.0,0.0,0.0,0.0,0.0,0.0,-1.5707964,0.0
1970-01-01 00:00:01.454230895,1.454230895,0.0,0.0,0.0,0.0,91.78665,0.0,0.0,0.0,-1.5707964,0.0
1970-01-01 00:00:01.454304372,1.454304372,0.0,87.54676,0.0,0.0,0.0,0.0,0.0,0.0,-1.5707964,0.0
1970-01-01 00:00:01.454331051,1.454331051,0.0,0.0,0.0,146.3825,0.0,0.0,0.0,0.0,-1.5707964,0.0
1970-01-01 00:00:01.454445502,1.454445502,0.0,0.0,0.0,0.0,109.888214,0.0,0.0,0.0,-1.5707964,0.0
1970-01-01 00:00:01.454541091,1.454541091,0.0,84.231544,0.0,0.0,0.0,0.0,0.0,0.0,-1.5707964,0.0
1970-01-01 00:00:01.454779176,1.454779176,276.26962,0.0,0.0,0.0,0.0,0.0,0.0,0.0,-1.5707964,0.0
1970-01-01 00:00:01.454845877,1.454845877,0.0,186.75636,0.0,0.0,0.0,0.0,0.0,0.0,-1.5707964,0.0
1970-01-01 00:00:01.454848664,1.454848664,0.0,0.0,0.0,0.0,81.23101,0.0,0.0,0.0,-1.5707964,0.0
1970-01-01 00:00:01.454906819,1.454906819,0.0,146.45541,0.0,0.0,0.0,0.0,0.0,0.0,-1.5707964,0.0
1970-01-01 00:00:01.454971916,1.4549719159999999,0.0,0.0,136.90222,0.0,0.0,0.0,0.0,0.0,-1.5707964,0.0
1970-01-01 00:00:01.455035255,1.455035255,98.99665,0.0,0.0,0.0,0.0,0.0,0.0,0.0,-1.5707964,0.0
1970-01-01 00:00:01.455247617,1.455247617,225.87099,0.0,0.0,0.0,0.0,0.0,0.0,0.0,-1.5707964,0.0
1970-01-01 00:00:01.455350687,1.455350687,0.0,101.80083,0.0,0.0,0.0,0.0,0.0,0.0,-1.5707964,0.0
1970-01-01 00:00:01.455396456,1.455396456,0.0,0.0,0.0,0.0,96.882095,0.0,0.0,0.0,-1.5707964,0.0
1970-01-01 00:00:01.455502385,1.455502385,0.0,0.0,0.0,0.0,164.54189,0.0,0.0,0.0,-1.5707964,0.0
1970-01-01 00:00:01.455592963,1.455592963,0.0,0.0,0.0,0.0,102.79299,0.0,0.0,0.0,-1.5707964,0.0
1970-01-01 00:00:01.455660987,1.455660987,0.0,87.223114,0.0,0.0,0.0,0.0,0.0,0.0,-1.5707964,0.0
1970-01-01 00:00:01.455907774,1.455907774,118.3724,0.0,0.0,0.0,0.0,0.0,0.0,0.0,-1.5707964,0.0
1970-01-01 00:00:01.455955950,1.4559559499999999,0.0,0.0,0.0,0.0,110.21007,0.0,0.0,0.0,-1.5707964,0.0
1970-01-01 00:00:01.456074369,1.456074369,0.0,0.0,0.0,0.0,0.0,135.37083,0.0,0.0,-1.5707964,0.0
1970-01-01 00:00:01.456628078,1.456628078,137.4443,0.0,0.0,0.0,0.0,0.0,0.0,0.0,-1.5707964,0.0
1970-01-01 00:00:01.456865482,1.456865482,0.0,0.0,0.0,0.0,0.0,85.726326,0.0,0.0,-1.5707964,0.0
1970-01-01 00:00:01.457179498,1.457179498,0.0,133.0638,0.0,0.0,0.0,0.0,0.0,0.0,-1.5707964,0.0
1970-01-01 00:00:01.457570855,1.457570855,0.0,179.82657,0.0,0.0,0.0,0.0,0.0,0.0,-1.5707964,0.0
1970-01-01 00:00:01.457611546,1.4576115459999999,205.13336,0.0,0.0,0.0,0.0,0.0,0.0,0.0,-1.5707964,0.0
1970-01-01 00:00:01.457638363,1.457638363,0.0,0.0,0.0,0.0,0.0,83.049164,0.0,0.0,-1.5707964,0.0
1970-01-01 00:00:01.457704299,1.457704299,0.0,0.0,0.0,257.31467,0.0,0.0,0.0,0.0,-1.5707964,0.0
1970-01-01 00:00:01.457733336,1.457733336,0.0,0.0,0.0,0.0,286.78708,0.0,0.0,0.0,-1.5707964,0.0
1970-01-01 00:00:01.457802666,1.457802666,0.0,160.65211,0.0,0.0,0.0,0.0,0.0,0.0,-1.5707964,0.0
1970-01-01 00:00:01.457818087,1.457818087,0.0,0.0,0.0,0.0,0.0,184.9434,0.0,0.0,-1.5707964,0.0
1970-01-01 00:00:01.457909638,1.457909638,0.0,0.0,0.0,0.0,182.2174,0.0,0.0,0.0,-1.5707964,0.0
1970-01-01 00:00:01.457968547,1.4579685470000001,0.0,0.0,0.0,154.82362,0.0,0.0,0.0,0.0,-1.5707964,0.0
1970-01-01 00:00:01.458021754,1.458021754,0.0,125.23208,0.0,0.0,0.0,0.0,0.0,0.0,-1.5707964,0.0
1970-01-01 00:00:01.458032247,1.458032247,0.0,0.0,0.0,0.0,158.40292,0.0,0.0,0.0,-1.5707964,0.0
1970-01-01 00:00:01.458098155,1.458098155,0.0,0.0,0.0,0.0,167.92769,0.0,0.0,0.0,-1.5707964,0.0
1970-01-01 00:00:01.458133756,1.458133756,0.0,0.0,0.0,0.0,104.90376,0.0,0.0,0.0,-1.5707964,0.0
1970-01-01 00:00:01.458168250,1.45816825,0.0,0.0,0.0,0.0,204.07983,0.0,0.0,0.0,-1.5707964,0.0
1970-01-01 00:00:01.458194871,1.458194871,0.0,309.7694,0.0,0.0,0.0,0.0,0.0,0.0,-1.5707964,0.0
1970-01-01 00:00:01.458334135,1.4583341349999999,0.0,0.0,0.0,102.416435,0.0,0.0,0.0,0.0,-1.5707964,0.0
1970-01-01 00:00:01.458344105,1.4583441050000001,431.46143,0.0,0.0,0.0,0.0,0.0,0.0,0.0,-1.5707964,0.0
1970-01-01 00:00:01.458692439,1.458692439,0.0,0.0,0.0,230.43306,0.0,0.0,0.0,0.0,-1.5707964,0.0
1970-01-01 00:00:01.458782407,1.458782407,0.0,0.0,0.0,0.0,267.87518,0.0,0.0,0.0,-1.5707964,0.0
1970-01-01 00:00:01.458981045,1.458981045,0.0,0.0,0.0,239.8136,0.0,0.0,0.0,0.0,-1.5707964,0.0
1970-01-01 00:00:01.459233606,1.459233606,0.0,204.00099,0.0,0.0,0.0,0.0,0.0,0.0,-1.5707964,0.0
1970-01-01 00:00:01.459235925,1.459235925,131.05443,0.0,0.0,0.0,0.0,0.0,0.0,0.0,-1.5707964,0.0
1970-01-01 00:00:01.459282170,1.45928217,0.0,0.0,97.74479,0.0,0.0,0.0,0.0,0.0,-1.5707964,0.0
1970-01-01 00:00:01.459313836,1.459313836,0.0,96.16343,0.0,0.0,0.0,0.0,0.0,0.0,-1.5707964,0.0
1970-01-01 00:00:01.459453273,1.459453273,130.6931,0.0,0.0,0.0,0.0,0.0,0.0,0.0,-1.5707964,0.0
1970-01-01 00:00:01.459681790,1.4596817899999999,0.0,0.0,0.0,148.38278,0.0,0.0,0.0,0.0,-1.5707964,0.0
1970-01-01 00:00:01.459702870,1.45970287,0.0,0.0,0.0,437.4349,0.0,0.0,0.0,0.0,-1.5707964,0.0
1970-01-01 00:00:01.459727722,1.459727722,0.0,126.45559,0.0,0.0,0.0,0.0,0.0,0.0,-1.5707964,0.0
1970-01-01 00:00:01.459861539,1.459861539,0.0,0.0,0.0,103.11454,0.0,0.0,0.0,0.0,-1.5707964,0.0
1970-01-01 00:00:01.459963229,1.459963229,0.0,82.15918,0.0,0.0,0.0,0.0,0.0,0.0,-1.5707964,0.0
1970-01-01 00:00:01.459992501,1.4599925009999999,0.0,0.0,0.0,99.125946,0.0,0.0,0.0,0.0,-1.5707964,0.0
1970-01-01 00:00:01.460001942,1.4600019419999999,111.12472,0.0,0.0,0.0,0.0,0.0,0.0,0.0,-1.5707964,0.0
1970-01-01 00:00:01.460021783,1.460021783,0.0,0.0,0.0,0.0,210.5433,0.0,0.0,0.0,-1.5707964,0.0
1970-01-01 00:00:01.460052808,1.460052808,0.0,95.695244,0.0,0.0,0.0,0.0,0.0,0.0,-1.5707964,0.0
1970-01-01 00:00:01.460262466,1.460262466,0.0,0.0,0.0,0.0,147.57278,0.0,0.0,0.0,-1.5707964,0.0
1970-01-01 00:00:01.460305692,1.460305692,196.2051,0.0,0.0,0.0,0.0,0.0,0.0,0.0,-1.5707964,0.0
1970-01-01 00:00:01.460503762,1.460503762,0.0,0.0,0.0,0.0,90.76119,0.0,0.0,0.0,-1.5707964,0.0
1970-01-01 00:00:01.460585897,1.460585897,0.0,0.0,0.0,0.0,100.765144,0.0,0.0,0.0,-1.5707964,0.0
1970-01-01 00:00:01.460790523,1.460790523,233.97343,0.0,0.0,0.0,0.0,0.0,0.0,0.0,-1.5707964,0.0
1970-01-01 00:00:01.460826181,1.460826181,0.0,0.0,0.0,242.85347,0.0,0.0,0.0,0.0,-1.5707964,0.0
1970-01-01 00:00:01.461438597,1.461438597,0.0,0.0,0.0,135.22429,0.0,0.0,0.0,0.0,-1.5707964,0.0
1970-01-01 00:00:01.461583485,1.461583485,0.0,108.55545,0.0,0.0,0.0,0.0,0.0,0.0,-1.5707964,0.0
1970-01-01 00:00:01.461657281,1.461657281,0.0,169.26991,0.0,0.0,0.0,0.0,0.0,0.0,-1.5707964,0.0
1970-01-01 00:00:01.461703584,1.461703584,0.0,116.936066,0.0,0.0,0.0,0.0,0.0,0.0,-1.5707964,0.0
1970-01-01 00:00:01.461758318,1.461758318,0.0,0.0,0.0,0.0,142.34296,0.0,0.0,0.0,-1.5707964,0.0
1970-01-01 00:00:01.461768325,1.461768325,212.46542,0.0,0.0,0.0,0.0,0.0,0.0,0.0,-1.5707964,0.0
1970-01-01 00:00:01.461802935,1.4618029350000001,0.0,80.882645,0.0,0.0,0.0,0.0,0.0,0.0,-1.5707964,0.0
1970-01-01 00:00:01.461812134,1.461812134,0.0,118.85997,0.0,0.0,0.0,0.0,0.0,0.0,-1.5707964,0.0
1970-01-01 00:00:01.461812385,1.461812385,170.29497,0.0,0.0,0.0,0.0,0.0,0.0,0.0,-1.5707964,0.0
1970-01-01 00:00:01.462016493,1.462016493,0.0,0.0,0.0,247.9482,0.0,0.0,0.0,0.0,-1.5707964,0.0
1970-01-01 00:00:01.462169661,1.462169661,0.0,0.0,0.0,146.44943,0.0,0.0,0.0,0.0,-1.5707964,0.0
1970-01-01 00:00:01.462279695,1.4622796949999999,139.42763,0.0,0.0,0.0,0.0,0.0,0.0,0.0,-1.5707964,0.0
1970-01-01 00:00:01.462434458,1.462434458,0.0,115.82583,0.0,0.0,0.0,0.0,0.0,0.0,-1.5707964,0.0
1970-01-01 00:00:01.462455478,1.4624554779999999,0.0,0.0,0.0,0.0,0.0,199.69283,0.0,0.0,-1.5707964,0.0
1970-01-01 00:00:01.462466205,1.4624662050000001,0.0,114.161385,0.0,0.0,0.0,0.0,0.0,0.0,-1.5707964,0.0
1970-01-01 00:00:01.462495251,1.462495251,0.0,86.78747,0.0,0.0,0.0,0.0,0.0,0.0,-1.5707964,0.0
1970-01-01 00:00:01.462961003,1.462961003,0.0,251.65768,0.0,0.0,0.0,0.0,0.0,0.0,-1.5707964,0.0
1970-01-01 00:00:01.463225026,1.463225026,0.0,0.0,0.0,0.0,158.49109,0.0,0.0,0.0,-1.5707964,0.0
1970-01-01 00:00:01.463270196,1.463270196,0.0,0.0,0.0,0.0,85.20476,0.0,0.0,0.0,-1.5707964,0.0
1970-01-01 00:00:01.463357545,1.463357545,478.45193,0.0,0.0,0.0,0.0,0.0,0.0,0.0,-1.5707964,0.0
1970-01-01 00:00:01.463503487,1.463503487,0.0,0.0,0.0,0.0,144.79686,0.0,0.0,0.0,-1.5707964,0.0
1970-01-01 00:00:01.463505148,1.4635051479999999,0.0,0.0,0.0,0.0,209.98694,0.0,0.0,0.0,-1.5707964,0.0
1970-01-01 00:00:01.463536246,1.4635362459999999,0.0,116.217224,0.0,0.0,0.0,0.0,0.0,0.0,-1.5707964,0.0
1970-01-01 00:00:01.463625537,1.463625537,0.0,133.9029,0.0,0.0,0.0,0.0,0.0,0.0,-1.5707964,0.0
1970-01-01 00:00:01.463633405,1.463633405,0.0,0.0,0.0,128.49332,0.0,0.0,0.0,0.0,-1.5707964,0.0
1970-01-01 00:00:01.463769906,1.463769906,0.0,86.41858,0.0,0.0,0.0,0.0,0.0,0.0,-1.5707964,0.0
1970-01-01 00:00:01.463888055,1.463888055,0.0,0.0,221.70004,0.0,0.0,0.0,0.0,0.0,-1.5707964,0.0
1970-01-01 00:00:01.463987285,1.463987285,0.0,122.33968,0.0,0.0,0.0,0.0,0.0,0.0,-1.5707964,0.0
1970-01-01 00:00:01.464000462,1.464000462,0.0,0.0,0.0,0.0,124.10799,0.0,0.0,0.0,-1.5707964,0.0
1970-01-01 00:00:01.464096219,1.464096219,0.0,0.0,103.99582,0.0,0.0,0.0,0.0,0.0,-1.5707964,0.0
1970-01-01 00:00:01.464127923,1.464127923,0.0,0.0,0.0,0.0,94.30525,0.0,0.0,0.0,-1.5707964,0.0
1970-01-01 00:00:01.464152788,1.464152788,309.90463,0.0,0.0,0.0,0.0,0.0,0.0,0.0,-1.5707964,0.0
1970-01-01 00:00:01.464210925,1.464210925,0.0,85.67932,0.0,0.0,0.0,0.0,0.0,0.0,-1.5707964,0.0
1970-01-01 00:00:01.464387944,1.464387944,0.0,0.0,0.0,0.0,0.0,244.2746,0.0,0.0,-1.5707964,0.0
1970-01-01 00:00:01.464420390,1.46442039,176.19292,0.0,0.0,0.0,0.0,0.0,0.0,0.0,-1.5707964,0.0
1970-01-01 00:00:01.464685268,1.464685268,114.689476,0.0,0.0,0.0,0.0,0.0,0.0,0.0,-1.5707964,0.0
1970-01-01 00:00:01.464958628,1.464958628,0.0,118.86139,0.0,0.0,0.0,0.0,0.0,0.0,-1.5707964,0.0
1970-01-01 00:00:01.465007451,1.465007451,0.0,92.052635,0.0,0.0,0.0,0.0,0.0,0.0,-1.5707964,0.0
1970-01-01 00:00:01.465074939,1.465074939,0.0,176.35822,0.0,0.0,0.0,0.0,0.0,0.0,-1.5707964,0.0
1970-01-01 00:00:01.465082827,1.465082827,0.0,0.0,0.0,0.0,119.228004,0.0,0.0,0.0,-1.5707964,0.0
1970-01-01 00:00:01.465085812,1.4650858119999999,0.0,0.0,0.0,97.3248,0.0,0.0,0.0,0.0,-1.5707964,0.0
1970-01-01 00:00:01.465268645,1.465268645,0.0,0.0,0.0,0.0,232.53546,0.0,0.0,0.0,-1.5707964,0.0
1970-01-01 00:00:01.465327428,1.465327428,0.0,107.04287,0.0,0.0,0.0,0.0,0.0,0.0,-1.5707964,0.0
1970-01-01 00:00:01.465330020,1.4653300200000001,0.0,0.0,0.0,97.109406,0.0,0.0,0.0,0.0,-1.5707964,0.0
1970-01-01 00:00:01.465416339,1.465416339,342.59714,0.0,0.0,0.0,0.0,0.0,0.0,0.0,-1.5707964,0.0
1970-01-01 00:00:01.465426889,1.465426889,0.0,84.57007,0.0,0.0,0.0,0.0,0.0,0.0,-1.5707964,0.0
1970-01-01 00:00:01.465761581,1.465761581,0.0,173.11815,0.0,0.0,0.0,0.0,0.0,0.0,-1.5707964,0.0
1970-01-01 00:00:01.465837293,1.4658372929999999,178.29369,0.0,0.0,0.0,0.0,0.0,0.0,0.0,-1.5707964,0.0
1970-01-01 00:00:01.465938916,1.465938916,0.0,96.16617,0.0,0.0,0.0,0.0,0.0,0.0,-1.5707964,0.0
1970-01-01 00:00:01.466116193,1.466116193,0.0,0.0,0.0,0.0,175.1053,0.0,0.0,0.0,-1.5707964,0.0
1970-01-01 00:00:01.466281791,1.4662817910000001,0.0,0.0,0.0,0.0,117.27562,0.0,0.0,0.0,-1.5707964,0.0
1970-01-01 00:00:01.466435207,1.466435207,0.0,86.63266,0.0,0.0,0.0,0.0,0.0,0.0,-1.5707964,0.0
1970-01-01 00:00:01.466579705,1.466579705,0.0,0.0,0.0,0.0,99.48334,0.0,0.0,0.0,-1.5707964,0.0
1970-01-01 00:00:01.466656620,1.46665662,0.0,0.0,0.0,0.0,131.75986,0.0,0.0,0.0,-1.5707964,0.0
1970-01-01 00:00:01.466907929,1.466907929,0.0,0.0,0.0,0.0,0.0,208.7081,0.0,0.0,-1.5707964,0.0
1970-01-01 00:00:01.467051575,1.467051575,0.0,0.0,0.0,0.0,124.2807,0.0,0.0,0.0,-1.5707964,0.0
1970-01-01 00:00:01.467185404,1.467185404,109.49192,0.0,0.0,0.0,0.0,0.0,0.0,0.0,-1.5707964,0.0
1970-01-01 00:00:01.467261184,1.467261184,0.0,0.0,0.0,100.41642,0.0,0.0,0.0,0.0,-1.5707964,0.0
1970-01-01 00:00:01.467332620,1.46733262,181.99895,0.0,0.0,0.0,0.0,0.0,0.0,0.0,-1.5707964,0.0
1970-01-01 00:00:01.467394540,1.46739454,177.37009,0.0,0.0,0.0,0.0,0.0,0.0,0.0,-1.5707964,0.0
1970-01-01 00:00:01.467503344,1.467503344,0.0,87.70766,0.0,0.0,0.0,0.0,0.0,0.0,-1.5707964,0.0
1970-01-01 00:00:01.467553616,1.467553616,0.0,160.44868,0.0,0.0,0.0,0.0,0.0,0.0,-1.5707964,0.0
1970-01-01 00:00:01.468085219,1.468085219,0.0,0.0,0.0,0.0,116.236244,0.0,0.0,0.0,-1.5707964,0.0
1970-01-01 00:00:01.468099293,1.468099293,0.0,0.0,0.0,0.0,163.12383,0.0,0.0,0.0,-1.5707964,0.0
1970-01-01 00:00:01.468260467,1.468260467,0.0,0.0,0.0,85.433655,0.0,0.0,0.0,0.0,-1.5707964,0.0
1970-01-01 00:00:01.468365781,1.468365781,0.0,133.45618,0.0,0.0,0.0,0.0,0.0,0.0,-1.5707964,0.0
1970-01-01 00:00:01.468461927,1.468461927,0.0,0.0,0.0,157.22083,0.0,0.0,0.0,0.0,-1.5707964,0.0
1970-01-01 00:00:01.468494486,1.468494486,0.0,198.60457,0.0,0.0,0.0,0.0,0.0,0.0,-1.5707964,0.0
1970-01-01 00:00:01.468669587,1.468669587,177.67957,0.0,0.0,0.0,0.0,0.0,0.0,0.0,-1.5707964,0.0
1970-01-01 00:00:01.468707375,1.468707375,97.02362,0.0,0.0,0.0,0.0,0.0,0.0,0.0,-1.5707964,0.0
1970-01-01 00:00:01.468729479,1.468729479,0.0,0.0,232.55869,0.0,0.0,0.0,0.0,0.0,-1.5707964,0.0
1970-01-01 00:00:01.468981455,1.468981455,0.0,0.0,0.0,0.0,94.81001,0.0,0.0,0.0,-1.5707964,0.0
1970-01-01 00:00:01.469162872,1.469162872,0.0,0.0,0.0,0.0,119.78478,0.0,0.0,0.0,-1.5707964,0.0
1970-01-01 00:00:01.469253231,1.469253231,0.0,127.92476,0.0,0.0,0.0,0.0,0.0,0.0,-1.5707964,0.0
1970-01-01 00:00:01.469280784,1.469280784,0.0,0.0,0.0,0.0,499.87128,0.0,0.0,0.0,-1.5707964,0.0
1970-01-01 00:00:01.469407794,1.4694077939999999,194.52689,0.0,0.0,0.0,0.0,0.0,0.0,0.0,-1.5707964,0.0
1970-01-01 00:00:01.469522818,1.469522818,0.0,0.0,0.0,0.0,318.22656,0.0,0.0,0.0,-1.5707964,0.0
1970-01-01 00:00:01.469777179,1.469777179,0.0,82.61764,0.0,0.0,0.0,0.0,0.0,0.0,-1.5707964,0.0
1970-01-01 00:00:01.469900620,1.46990062,0.0,0.0,0.0,203.98627,0.0,0.0,0.0,0.0,-1.5707964,0.0
1970-01-01 00:00:01.469964300,1.4699643,92.93365,0.0,0.0,0.0,0.0,0.0,0.0,0.0,-1.5707964,0.0
1970-01-01 00:00:01.470147467,1.4701474669999999,0.0,0.0,0.0,0.0,82.624,0.0,0.0,0.0,-1.5707964,0.0
1970-01-01 00:00:01.470147467,1.4701474669999999,115.03604,0.0,0.0,0.0,0.0,0.0,0.0,0.0,-1.5707964,0.0
1970-01-01 00:00:01.470352261,1.470352261,0.0,0.0,0.0,0.0,149.28925,0.0,0.0,0.0,-1.5707964,0.0
1970-01-01 00:00:01.470459566,1.470459566,0.0,127.94076,0.0,0.0,0.0,0.0,0.0,0.0,-1.5707964,0.0
1970-01-01 00:00:01.470663506,1.470663506,0.0,186.31017,0.0,0.0,0.0,0.0,0.0,0.0,-1.5707964,0.0
1970-01-01 00:00:01.470678522,1.470678522,0.0,392.2383,0.0,0.0,0.0,0.0,0.0,0.0,-1.5707964,0.0
1970-01-01 00:00:01.471137258,1.471137258,0.0,0.0,0.0,0.0,103.5944,0.0,0.0,0.0,-1.5707964,0.0
1970-01-01 00:00:01.471166657,1.471166657,0.0,0.0,0.0,92.04461,0.0,0.0,0.0,0.0,-1.5707964,0.0
1970-01-01 00:00:01.471227488,1.471227488,0.0,0.0,0.0,0.0,92.78331,0.0,0.0,0.0,-1.5707964,0.0
1970-01-01 00:00:01.471252774,1.4712527739999999,0.0,0.0,0.0,0.0,0.0,123.48469,0.0,0.0,-1.5707964,0.0
1970-01-01 00:00:01.471327788,1.471327788,0.0,86.31668,0.0,0.0,0.0,0.0,0.0,0.0,-1.5707964,0.0
1970-01-01 00:00:01.471756125,1.471756125,0.0,0.0,0.0,0.0,216.24304,0.0,0.0,0.0,-1.5707964,0.0
1970-01-01 00:00:01.471807125,1.471807125,320.76694,0.0,0.0,0.0,0.0,0.0,0.0,0.0,-1.5707964,0.0
1970-01-01 00:00:01.471861813,1.471861813,0.0,0.0,0.0,98.6868,0.0,0.0,0.0,0.0,-1.5707964,0.0
1970-01-01 00:00:01.472022695,1.472022695,0.0,0.0,0.0,0.0,0.0,147.87784,0.0,0.0,-1.5707964,0.0
1970-01-01 00:00:01.472071550,1.47207155,0.0,0.0,0.0,149.76591,0.0,0.0,0.0,0.0,-1.5707964,0.0
1970-01-01 00:00:01.472106945,1.472106945,0.0,101.441124,0.0,0.0,0.0,0.0,0.0,0.0,-1.5707964,0.0
1970-01-01 00:00:01.472134744,1.4721347439999999,0.0,0.0,0.0,0.0,190.64935,0.0,0.0,0.0,-1.5707964,0.0
1970-01-01 00:00:01.472135067,1.472135067,0.0,0.0,0.0,0.0,0.0,149.11774,0.0,0.0,-1.5707964,0.0
1970-01-01 00:00:01.472155664,1.472155664,0.0,97.25636,0.0,0.0,0.0,0.0,0.0,0.0,-1.5707964,0.0
1970-01-01 00:00:01.472166844,1.472166844,0.0,120.410576,0.0,0.0,0.0,0.0,0.0,0.0,-1.5707964,0.0
1970-01-01 00:00:01.472246679,1.472246679,0.0,132.89906,0.0,0.0,0.0,0.0,0.0,0.0,-1.5707964,0.0
1970-01-01 00:00:01.472267125,1.4722671250000001,0.0,0.0,0.0,105.53415,0.0,0.0,0.0,0.0,-1.5707964,0.0
1970-01-01 00:00:01.472299241,1.472299241,0.0,231.79245,0.0,0.0,0.0,0.0,0.0,0.0,-1.5707964,0.0
1970-01-01 00:00:01.472319329,1.472319329,0.0,327.96362,0.0,0.0,0.0,0.0,0.0,0.0,-1.5707964,0.0
1970-01-01 00:00:01.472333482,1.472333482,0.0,81.044044,0.0,0.0,0.0,0.0,0.0,0.0,-1.5707964,0.0
1970-01-01 00:00:01.472351136,1.472351136,0.0,267.3269,0.0,0.0,0.0,0.0,0.0,0.0,-1.5707964,0.0
1970-01-01 00:00:01.472366773,1.472366773,0.0,0.0,0.0,0.0,86.32942,0.0,0.0,0.0,-1.5707964,0.0
1970-01-01 00:00:01.472440037,1.472440037,0.0,0.0,0.0,101.846344,0.0,0.0,0.0,0.0,-1.5707964,0.0
1970-01-01 00:00:01.472554269,1.472554269,0.0,335.46915,0.0,0.0,0.0,0.0,0.0,0.0,-1.5707964,0.0
1970-01-01 00:00:01.472783635,1.4727836349999999,82.40758,0.0,0.0,0.0,0.0,0.0,0.0,0.0,-1.5707964,0.0
1970-01-01 00:00:01.472973522,1.472973522,117.727585,0.0,0.0,0.0,0.0,0.0,0.0,0.0,-1.5707964,0.0
1970-01-01 00:00:01.473030830,1.47303083,0.0,116.52919,0.0,0.0,0.0,0.0,0.0,0.0,-1.5707964,0.0
1970-01-01 00:00:01.473112655,1.473112655,291.8184,0.0,0.0,0.0,0.0,0.0,0.0,0.0,-1.5707964,0.0
1970-01-01 00:00:01.473184760,1.47318476,0.0,0.0,0.0,0.0,211.84904,0.0,0.0,0.0,-1.5707964,0.0
1970-01-01 00:00:01.473263138,1.473263138,0.0,0.0,0.0,0.0,152.14638,0.0,0.0,0.0,-1.5707964,0.0
1970-01-01 00:00:01.473278118,1.473278118,0.0,0.0,0.0,0.0,131.7887,0.0,0.0,0.0,-1.5707964,0.0
1970-01-01 00:00:01.473292987,1.473292987,0.0,237.39882,0.0,0.0,0.0,0.0,0.0,0.0,-1.5707964,0.0
1970-01-01 00:00:01.473371111,1.473371111,220.61559,0.0,0.0,0.0,0.0,0.0,0.0,0.0,-1.5707964,0.0
1970-01-01 00:00:01.473445072,1.473445072,0.0,180.31425,0.0,0.0,0.0,0.0,0.0,0.0,-1.5707964,0.0
1970-01-01 00:00:01.473578009,1.4735780090000001,0.0,0.0,0.0,106.55812,0.0,0.0,0.0,0.0,-1.5707964,0.0
1970-01-01 00:00:01.473582976,1.4735829759999999,0.0,221.54343,0.0,0.0,0.0,0.0,0.0,0.0,-1.5707964,0.0
1970-01-01 00:00:01.473820024,1.4738200240000001,0.0,157.31403,0.0,0.0,0.0,0.0,0.0,0.0,-1.5707964,0.0
1970-01-01 00:00:01.473894519,1.473894519,0.0,0.0,0.0,238.19063,0.0,0.0,0.0,0.0,-1.5707964,0.0
1970-01-01 00:00:01.473905732,1.473905732,0.0,130.2521,0.0,0.0,0.0,0.0,0.0,0.0,-1.5707964,0.0
1970-01-01 00:00:01.474447150,1.47444715,0.0,116.315125,0.0,0.0,0.0,0.0,0.0,0.0,-1.5707964,0.0
1970-01-01 00:00:01.474471919,1.474471919,0.0,101.02623,0.0,0.0,0.0,0.0,0.0,0.0,-1.5707964,0.0
1970-01-01 00:00:01.474476699,1.474476699,0.0,107.38032,0.0,0.0,0.0,0.0,0.0,0.0,-1.5707964,0.0
1970-01-01 00:00:01.474834533,1.4748345330000001,0.0,0.0,0.0,86.105896,0.0,0.0,0.0,0.0,-1.5707964,0.0
1970-01-01 00:00:01.474952272,1.474952272,0.0,103.79307,0.0,0.0,0.0,0.0,0.0,0.0,-1.5707964,0.0
1970-01-01 00:00:01.475037233,1.4750372330000001,0.0,0.0,0.0,0.0,281.44882,0.0,0.0,0.0,-1.5707964,0.0
1970-01-01 00:00:01.475195047,1.475195047,119.64473,0.0,0.0,0.0,0.0,0.0,0.0,0.0,-1.5707964,0.0
1970-01-01 00:00:01.475253727,1.4752537270000001,0.0,158.97032,0.0,0.0,0.0,0.0,0.0,0.0,-1.5707964,0.0
1970-01-01 00:00:01.475391320,1.47539132,0.0,0.0,0.0,0.0,131.0232,0.0,0.0,0.0,-1.5707964,0.0
1970-01-01 00:00:01.475485345,1.475485345,0.0,0.0,0.0,141.91692,0.0,0.0,0.0,0.0,-1.5707964,0.0
1970-01-01 00:00:01.475574802,1.4755748020000001,137.55408,0.0,0.0,0.0,0.0,0.0,0.0,0.0,-1.5707964,0.0
1970-01-01 00:00:01.475656780,1.47565678,0.0,0.0,0.0,0.0,175.52634,0.0,0.0,0.0,-1.5707964,0.0
1970-01-01 00:00:01.475840591,1.4758405909999999,0.0,147.16135,0.0,0.0,0.0,0.0,0.0,0.0,-1.5707964,0.0
1970-01-01 00:00:01.475906872,1.475906872,0.0,0.0,0.0,0.0,174.7397,0.0,0.0,0.0,-1.5707964,0.0
1970-01-01 00:00:01.475951435,1.475951435,0.0,257.1277,0.0,0.0,0.0,0.0,0.0,0.0,-1.5707964,0.0
1970-01-01 00:00:01.475985297,1.475985297,0.0,89.037476,0.0,0.0,0.0,0.0,0.0,0.0,-1.5707964,0.0
1970-01-01 00:00:01.476005139,1.476005139,0.0,365.68393,0.0,0.0,0.0,0.0,0.0,0.0,-1.5707964,0.0
1970-01-01 00:00:01.476244687,1.4762446869999999,0.0,0.0,0.0,0.0,0.0,432.56067,0.0,0.0,-1.5707964,0.0
1970-01-01 00:00:01.476465663,1.476465663,0.0,248.62392,0.0,0.0,0.0,0.0,0.0,0.0,-1.5707964,0.0
1970-01-01 00:00:01.476545617,1.476545617,0.0,0.0,0.0,0.0,112.89096,0.0,0.0,0.0,-1.5707964,0.0
1970-01-01 00:00:01.476881846,1.476881846,0.0,137.24733,0.0,0.0,0.0,0.0,0.0,0.0,-1.5707964,0.0
1970-01-01 00:00:01.477095428,1.477095428,0.0,0.0,0.0,0.0,99.85083,0.0,0.0,0.0,-1.5707964,0.0
1970-01-01 00:00:01.477152267,1.4771522670000001,0.0,194.75581,0.0,0.0,0.0,0.0,0.0,0.0,-1.5707964,0.0
1970-01-01 00:00:01.477216023,1.477216023,0.0,0.0,0.0,0.0,239.26933,0.0,0.0,0.0,-1.5707964,0.0
1970-01-01 00:00:01.477221477,1.477221477,254.1793,0.0,0.0,0.0,0.0,0.0,0.0,0.0,-1.5707964,0.0
1970-01-01 00:00:01.477225675,1.4772256750000001,0.0,0.0,0.0,0.0,106.54846,0.0,0.0,0.0,-1.5707964,0.0
1970-01-01 00:00:01.477227985,1.477227985,0.0,174.41069,0.0,0.0,0.0,0.0,0.0,0.0,-1.5707964,0.0
1970-01-01 00:00:01.477267991,1.477267991,0.0,112.661125,0.0,0.0,0.0,0.0,0.0,0.0,-1.5707964,0.0
1970-01-01 00:00:01.477301895,1.477301895,0.0,0.0,0.0,108.13349,0.0,0.0,0.0,0.0,-1.5707964,0.0
1970-01-01 00:00:01.477662483,1.477662483,0.0,0.0,0.0,185.9541,0.0,0.0,0.0,0.0,-1.5707964,0.0
1970-01-01 00:00:01.477743757,1.477743757,0.0,0.0,88.88437,0.0,0.0,0.0,0.0,0.0,-1.5707964,0.0
1970-01-01 00:00:01.477840784,1.477840784,160.33356,0.0,0.0,0.0,0.0,0.0,0.0,0.0,-1.5707964,0.0
1970-01-01 00:00:01.477921819,1.477921819,0.0,0.0,0.0,151.82898,0.0,0.0,0.0,0.0,-1.5707964,0.0
1970-01-01 00:00:01.477963228,1.4779632280000001,0.0,0.0,0.0,89.82767,0.0,0.0,0.0,0.0,-1.5707964,0.0
1970-01-01 00:00:01.478095330,1.47809533,0.0,0.0,0.0,81.11319,0.0,0.0,0.0,0.0,-1.5707964,0.0
1970-01-01 00:00:01.478122077,1.478122077,0.0,138.60457,0.0,0.0,0.0,0.0,0.0,0.0,-1.5707964,0.0
1970-01-01 00:00:01.478197149,1.478197149,0.0,164.59837,0.0,0.0,0.0,0.0,0.0,0.0,-1.5707964,0.0
1970-01-01 00:00:01.478229177,1.478229177,151.39859,0.0,0.0,0.0,0.0,0.0,0.0,0.0,-1.5707964,0.0
1970-01-01 00:00:01.478282711,1.478282711,0.0,183.8999,0.0,0.0,0.0,0.0,0.0,0.0,-1.5707964,0.0
1970-01-01 00:00:01.478335413,1.478335413,0.0,0.0,0.0,0.0,0.0,149.73369,0.0,0.0,-1.5707964,0.0
1970-01-01 00:00:01.478479466,1.478479466,100.477844,0.0,0.0,0.0,0.0,0.0,0.0,0.0,-1.5707964,0.0
1970-01-01 00:00:01.478504128,1.478504128,0.0,0.0,0.0,0.0,0.0,138.46338,0.0,0.0,-1.5707964,0.0
1970-01-01 00:00:01.478510936,1.478510936,0.0,0.0,0.0,0.0,186.7896,0.0,0.0,0.0,-1.5707964,0.0
1970-01-01 00:00:01.478568479,1.478568479,0.0,214.95744,0.0,0.0,0.0,0.0,0.0,0.0,-1.5707964,0.0
1970-01-01 00:00:01.478602164,1.478602164,133.38861,0.0,0.0,0.0,0.0,0.0,0.0,0.0,-1.5707964,0.0
1970-01-01 00:00:01.478686445,1.4786864450000001,0.0,0.0,0.0,0.0,134.1392,0.0,0.0,0.0,-1.5707964,0.0
1970-01-01 00:00:01.478728671,1.478728671,0.0,0.0,0.0,121.69764,0.0,0.0,0.0,0.0,-1.5707964,0.0
1970-01-01 00:00:01.478752823,1.478752823,289.54034,0.0,0.0,0.0,0.0,0.0,0.0,0.0,-1.5707964,0.0
1970-01-01 00:00:01.479067660,1.4790676600000001,0.0,86.08304,0.0,0.0,0.0,0.0,0.0,0.0,-1.5707964,0.0
1970-01-01 00:00:01.479148243,1.479148243,0.0,188.44582,0.0,0.0,0.0,0.0,0.0,0.0,-1.5707964,0.0
1970-01-01 00:00:01.479230677,1.4792306769999999,0.0,113.20931,0.0,0.0,0.0,0.0,0.0,0.0,-1.5707964,0.0
1970-01-01 00:00:01.479259444,1.479259444,0.0,0.0,0.0,88.76113,0.0,0.0,0.0,0.0,-1.5707964,0.0
1970-01-01 00:00:01.479404163,1.4794041629999999,0.0,0.0,0.0,103.160164,0.0,0.0,0.0,0.0,-1.5707964,0.0
1970-01-01 00:00:01.479587257,1.479587257,0.0,0.0,0.0,80.85236,0.0,0.0,0.0,0.0,-1.5707964,0.0
1970-01-01 00:00:01.479610267,1.479610267,271.90665,0.0,0.0,0.0,0.0,0.0,0.0,0.0,-1.5707964,0.0
1970-01-01 00:00:01.479725642,1.479725642,0.0,169.42561,0.0,0.0,0.0,0.0,0.0,0.0,-1.5707964,0.0
1970-01-01 00:00:01.479742116,1.479742116,0.0,0.0,0.0,91.00338,0.0,0.0,0.0,0.0,-1.5707964,0.0
1970-01-01 00:00:01.479817331,1.479817331,0.0,0.0,0.0,0.0,0.0,118.05398,0.0,0.0,-1.5707964,0.0
1970-01-01 00:00:01.479959569,1.479959569,0.0,134.49995,0.0,0.0,0.0,0.0,0.0,0.0,-1.5707964,0.0
1970-01-01 00:00:01.480005564,1.480005564,0.0,80.86498,0.0,0.0,0.0,0.0,0.0,0.0,-1.5707964,0.0
1970-01-01 00:00:01.480021717,1.480021717,0.0,796.26984,0.0,0.0,0.0,0.0,0.0,0.0,-1.5707964,0.0
1970-01-01 00:00:01.480027299,1.480027299,0.0,0.0,0.0,0.0,267.54965,0.0,0.0,0.0,-1.5707964,0.0
1970-01-01 00:00:01.480114461,1.4801144609999999,0.0,183.82103,0.0,0.0,0.0,0.0,0.0,0.0,-1.5707964,0.0
1970-01-01 00:00:01.480137344,1.480137344,179.40904,0.0,0.0,0.0,0.0,0.0,0.0,0.0,-1.5707964,0.0
1970-01-01 00:00:01.480363212,1.4803632119999999,0.0,0.0,0.0,0.0,197.9644,0.0,0.0,0.0,-1.5707964,0.0
1970-01-01 00:00:01.480559789,1.480559789,0.0,94.60159,0.0,0.0,0.0,0.0,0.0,0.0,-1.5707964,0.0
1970-01-01 00:00:01.480703606,1.480703606,86.218475,0.0,0.0,0.0,0.0,0.0,0.0,0.0,-1.5707964,0.0
1970-01-01 00:00:01.480892888,1.480892888,0.0,0.0,0.0,0.0,100.94315,0.0,0.0,0.0,-1.5707964,0.0
1970-01-01 00:00:01.480991947,1.480991947,0.0,193.49689,0.0,0.0,0.0,0.0,0.0,0.0,-1.5707964,0.0
1970-01-01 00:00:01.481045586,1.481045586,0.0,0.0,0.0,0.0,104.03722,0.0,0.0,0.0,-1.5707964,0.0
1970-01-01 00:00:01.481137482,1.481137482,0.0,0.0,0.0,0.0,102.422714,0.0,0.0,0.0,-1.5707964,0.0
1970-01-01 00:00:01.481141099,1.481141099,0.0,125.41296,0.0,0.0,0.0,0.0,0.0,0.0,-1.5707964,0.0
1970-01-01 00:00:01.481193286,1.4811932859999999,0.0,0.0,0.0,0.0,266.14407,0.0,0.0,0.0,-1.5707964,0.0
1970-01-01 00:00:01.481193629,1.481193629,0.0,318.99545,0.0,0.0,0.0,0.0,0.0,0.0,-1.5707964,0.0
1970-01-01 00:00:01.481197696,1.481197696,0.0,110.397255,0.0,0.0,0.0,0.0,0.0,0.0,-1.5707964,0.0
1970-01-01 00:00:01.481242274,1.481242274,0.0,80.82381,0.0,0.0,0.0,0.0,0.0,0.0,-1.5707964,0.0
1970-01-01 00:00:01.481360496,1.481360496,0.0,0.0,0.0,0.0,172.58351,0.0,0.0,0.0,-1.5707964,0.0
1970-01-01 00:00:01.481414168,1.481414168,0.0,0.0,0.0,96.87525,0.0,0.0,0.0,0.0,-1.5707964,0.0
1970-01-01 00:00:01.481577860,1.48157786,0.0,100.042076,0.0,0.0,0.0,0.0,0.0,0.0,-1.5707964,0.0
1970-01-01 00:00:01.481597245,1.4815972450000001,0.0,80.5971,0.0,0.0,0.0,0.0,0.0,0.0,-1.5707964,0.0
1970-01-01 00:00:01.481619751,1.481619751,0.0,110.68939,0.0,0.0,0.0,0.0,0.0,0.0,-1.5707964,0.0
1970-01-01 00:00:01.481758863,1.481758863,0.0,264.99332,0.0,0.0,0.0,0.0,0.0,0.0,-1.5707964,0.0
1970-01-01 00:00:01.481775474,1.481775474,0.0,0.0,0.0,0.0,0.0,109.31086,0.0,0.0,-1.5707964,0.0
1970-01-01 00:00:01.481929849,1.4819298490000001,0.0,83.70473,0.0,0.0,0.0,0.0,0.0,0.0,-1.5707964,0.0
1970-01-01 00:00:01.482106995,1.482106995,0.0,108.01197,0.0,0.0,0.0,0.0,0.0,0.0,-1.5707964,0.0
1970-01-01 00:00:01.482197962,1.4821979619999999,0.0,0.0,0.0,268.72366,0.0,0.0,0.0,0.0,-1.5707964,0.0
1970-01-01 00:00:01.482204196,1.482204196,131.39691,0.0,0.0,0.0,0.0,0.0,0.0,0.0,-1.5707964,0.0
1970-01-01 00:00:01.482387803,1.482387803,0.0,171.48088,0.0,0.0,0.0,0.0,0.0,0.0,-1.5707964,0.0
1970-01-01 00:00:01.482461301,1.482461301,0.0,0.0,0.0,150.40552,0.0,0.0,0.0,0.0,-1.5707964,0.0
1970-01-01 00:00:01.482472317,1.482472317,0.0,138.54797,0.0,0.0,0.0,0.0,0.0,0.0,-1.5707964,0.0
1970-01-01 00:00:01.482535181,1.482535181,251.89845,0.0,0.0,0.0,0.0,0.0,0.0,0.0,-1.5707964,0.0
1970-01-01 00:00:01.482816861,1.4828168609999999,0.0,120.36654,0.0,0.0,0.0,0.0,0.0,0.0,-1.5707964,0.0
1970-01-01 00:00:01.482923550,1.48292355,0.0,0.0,0.0,0.0,131.28171,0.0,0.0,0.0,-1.5707964,0.0
1970-01-01 00:00:01.483080891,1.483080891,0.0,217.99051,0.0,0.0,0.0,0.0,0.0,0.0,-1.5707964,0.0
1970-01-01 00:00:01.483396413,1.483396413,0.0,0.0,0.0,0.0,177.41013,0.0,0.0,0.0,-1.5707964,0.0
1970-01-01 00:00:01.483464830,1.48346483,98.03635,0.0,0.0,0.0,0.0,0.0,0.0,0.0,-1.5707964,0.0
1970-01-01 00:00:01.483497431,1.483497431,0.0,0.0,0.0,0.0,184.0982,0.0,0.0,0.0,-1.5707964,0.0
1970-01-01 00:00:01.483527953,1.483527953,0.0,0.0,0.0,0.0,193.02188,0.0,0.0,0.0,-1.5707964,0.0
1970-01-01 00:00:01.483638964,1.483638964,0.0,0.0,0.0,0.0,98.65435,0.0,0.0,0.0,-1.5707964,0.0
1970-01-01 00:00:01.483774782,1.483774782,0.0,0.0,0.0,0.0,151.53806,0.0,0.0,0.0,-1.5707964,0.0
1970-01-01 00:00:01.483800192,1.483800192,0.0,0.0,0.0,0.0,86.4624,0.0,0.0,0.0,-1.5707964,0.0
1970-01-01 00:00:01.483857531,1.483857531,127.03984,0.0,0.0,0.0,0.0,0.0,0.0,0.0,-1.5707964,0.0
1970-01-01 00:00:01.484033444,1.484033444,0.0,148.11061,0.0,0.0,0.0,0.0,0.0,0.0,-1.5707964,0.0
1970-01-01 00:00:01.484147821,1.484147821,0.0,107.8872,0.0,0.0,0.0,0.0,0.0,0.0,-1.5707964,0.0
1970-01-01 00:00:01.484176273,1.484176273,0.0,0.0,0.0,117.057846,0.0,0.0,0.0,0.0,-1.5707964,0.0
1970-01-01 00:00:01.484179513,1.484179513,0.0,208.41031,0.0,0.0,0.0,0.0,0.0,0.0,-1.5707964,0.0
1970-01-01 00:00:01.484219834,1.4842198340000001,137.62912,0.0,0.0,0.0,0.0,0.0,0.0,0.0,-1.5707964,0.0
1970-01-01 00:00:01.484369022,1.484369022,0.0,101.53853,0.0,0.0,0.0,0.0,0.0,0.0,-1.5707964,0.0
1970-01-01 00:00:01.484428079,1.484428079,0.0,0.0,0.0,177.33772,0.0,0.0,0.0,0.0,-1.5707964,0.0
1970-01-01 00:00:01.484446173,1.484446173,0.0,120.23604,0.0,0.0,0.0,0.0,0.0,0.0,-1.5707964,0.0
1970-01-01 00:00:01.484513242,1.484513242,0.0,0.0,0.0,0.0,164.87506,0.0,0.0,0.0,-1.5707964,0.0
1970-01-01 00:00:01.484562774,1.484562774,98.10715,0.0,0.0,0.0,0.0,0.0,0.0,0.0,-1.5707964,0.0
1970-01-01 00:00:01.484573509,1.484573509,0.0,146.29881,0.0,0.0,0.0,0.0,0.0,0.0,-1.5707964,0.0
1970-01-01 00:00:01.484630229,1.484630229,0.0,0.0,0.0,111.55651,0.0,0.0,0.0,0.0,-1.5707964,0.0
1970-01-01 00:00:01.484644939,1.484644939,0.0,373.19275,0.0,0.0,0.0,0.0,0.0,0.0,-1.5707964,0.0
1970-01-01 00:00:01.484678129,1.484678129,0.0,0.0,0.0,0.0,97.04271,0.0,0.0,0.0,-1.5707964,0.0
1970-01-01 00:00:01.484834147,1.484834147,0.0,0.0,0.0,0.0,144.42099,0.0,0.0,0.0,-1.5707964,0.0
1970-01-01 00:00:01.485120614,1.485120614,0.0,155.91617,0.0,0.0,0.0,0.0,0.0,0.0,-1.5707964,0.0
1970-01-01 00:00:01.485179760,1.48517976,303.85162,0.0,0.0,0.0,0.0,0.0,0.0,0.0,-1.5707964,0.0
1970-01-01 00:00:01.485253732,1.4852537319999999,0.0,0.0,0.0,0.0,82.850426,0.0,0.0,0.0,-1.5707964,0.0
1970-01-01 00:00:01.485281693,1.4852816930000001,0.0,0.0,207.66942,0.0,0.0,0.0,0.0,0.0,-1.5707964,0.0
1970-01-01 00:00:01.485303785,1.485303785,0.0,0.0,0.0,222.36182,0.0,0.0,0.0,0.0,-1.5707964,0.0
1970-01-01 00:00:01.485304414,1.485304414,211.31879,0.0,0.0,0.0,0.0,0.0,0.0,0.0,-1.5707964,0.0
1970-01-01 00:00:01.485369951,1.485369951,0.0,0.0,0.0,119.28104,0.0,0.0,0.0,0.0,-1.5707964,0.0
1970-01-01 00:00:01.485442788,1.485442788,0.0,0.0,0.0,0.0,80.56562,0.0,0.0,0.0,-1.5707964,0.0
1970-01-01 00:00:01.485522436,1.4855224360000001,138.09576,0.0,0.0,0.0,0.0,0.0,0.0,0.0,-1.5707964,0.0
1970-01-01 00:00:01.485559760,1.4855597600000001,0.0,84.74963,0.0,0.0,0.0,0.0,0.0,0.0,-1.5707964,0.0
1970-01-01 00:00:01.485590083,1.485590083,143.39526,0.0,0.0,0.0,0.0,0.0,0.0,0.0,-1.5707964,0.0
1970-01-01 00:00:01.485690307,1.485690307,146.01172,0.0,0.0,0.0,0.0,0.0,0.0,0.0,-1.5707964,0.0
1970-01-01 00:00:01.485704008,1.485704008,133.73447,0.0,0.0,0.0,0.0,0.0,0.0,0.0,-1.5707964,0.0
1970-01-01 00:00:01.485711248,1.4857112479999999,0.0,357.54147,0.0,0.0,0.0,0.0,0.0,0.0,-1.5707964,0.0
1970-01-01 00:00:01.485750052,1.485750052,0.0,90.49729,0.0,0.0,0.0,0.0,0.0,0.0,-1.5707964,0.0
1970-01-01 00:00:01.485875197,1.485875197,0.0,0.0,0.0,80.57482,0.0,0.0,0.0,0.0,-1.5707964,0.0
1970-01-01 00:00:01.485898016,1.485898016,0.0,0.0,0.0,0.0,92.94505,0.0,0.0,0.0,-1.5707964,0.0
1970-01-01 00:00:01.486024620,1.48602462,0.0,167.77798,0.0,0.0,0.0,0.0,0.0,0.0,-1.5707964,0.0
1970-01-01 00:00:01.486309295,1.4863092949999999,0.0,165.20128,0.0,0.0,0.0,0.0,0.0,0.0,-1.5707964,0.0
1970-01-01 00:00:01.486391605,1.4863916050000001,0.0,0.0,0.0,0.0,215.88109,0.0,0.0,0.0,-1.5707964,0.0
1970-01-01 00:00:01.486522327,1.4865223269999999,0.0,93.28991,0.0,0.0,0.0,0.0,0.0,0.0,-1.5707964,0.0
1970-01-01 00:00:01.486714351,1.486714351,168.84282,0.0,0.0,0.0,0.0,0.0,0.0,0.0,-1.5707964,0.0
1970-01-01 00:00:01.486817481,1.486817481,216.20839,0.0,0.0,0.0,0.0,0.0,0.0,0.0,-1.5707964,0.0
1970-01-01 00:00:01.486888646,1.486888646,0.0,0.0,0.0,89.13015,0.0,0.0,0.0,0.0,-1.5707964,0.0
1970-01-01 00:00:01.487025356,1.487025356,0.0,0.0,0.0,0.0,221.19633,0.0,0.0,0.0,-1.5707964,0.0
1970-01-01 00:00:01.487112713,1.487112713,0.0,0.0,0.0,0.0,144.80473,0.0,0.0,0.0,-1.5707964,0.0
1970-01-01 00:00:01.487343517,1.487343517,93.6769,0.0,0.0,0.0,0.0,0.0,0.0,0.0,-1.5707964,0.0
1970-01-01 00:00:01.487423386,1.4874233860000001,162.9183,0.0,0.0,0.0,0.0,0.0,0.0,0.0,-1.5707964,0.0
1970-01-01 00:00:01.487451458,1.487451458,0.0,0.0,0.0,0.0,134.2846,0.0,0.0,0.0,-1.5707964,0.0
1970-01-01 00:00:01.487472743,1.487472743,0.0,163.00522,0.0,0.0,0.0,0.0,0.0,0.0,-1.5707964,0.0
1970-01-01 00:00:01.487594287,1.487594287,99.53989,0.0,0.0,0.0,0.0,0.0,0.0,0.0,-1.5707964,0.0
1970-01-01 00:00:01.487653196,1.4876531960000001,0.0,87.46665,0.0,0.0,0.0,0.0,0.0,0.0,-1.5707964,0.0
1970-01-01 00:00:01.487681031,1.487681031,0.0,191.68134,0.0,0.0,0.0,0.0,0.0,0.0,-1.5707964,0.0
1970-01-01 00:00:01.487688727,1.487688727,103.41884,0.0,0.0,0.0,0.0,0.0,0.0,0.0,-1.5707964,0.0
1970-01-01 00:00:01.487791575,1.487791575,0.0,0.0,0.0,0.0,344.74136,0.0,0.0,0.0,-1.5707964,0.0
1970-01-01 00:00:01.487815482,1.487815482,0.0,0.0,0.0,88.82542,0.0,0.0,0.0,0.0,-1.5707964,0.0
1970-01-01 00:00:01.487859402,1.487859402,0.0,0.0,206.40569,0.0,0.0,0.0,0.0,0.0,-1.5707964,0.0
1970-01-01 00:00:01.488012500,1.4880125,0.0,120.5217,0.0,0.0,0.0,0.0,0.0,0.0,-1.5707964,0.0
1970-01-01 00:00:01.488101910,1.4881019100000001,0.0,0.0,0.0,0.0,0.0,357.00513,0.0,0.0,-1.5707964,0.0
1970-01-01 00:00:01.488188471,1.488188471,0.0,102.6505,0.0,0.0,0.0,0.0,0.0,0.0,-1.5707964,0.0
1970-01-01 00:00:01.488272648,1.488272648,0.0,0.0,0.0,0.0,148.87337,0.0,0.0,0.0,-1.5707964,0.0
1970-01-01 00:00:01.488276775,1.488276775,0.0,0.0,0.0,80.56779,0.0,0.0,0.0,0.0,-1.5707964,0.0
1970-01-01 00:00:01.488315618,1.4883156180000001,0.0,0.0,84.696785,0.0,0.0,0.0,0.0,0.0,-1.5707964,0.0
1970-01-01 00:00:01.488358279,1.488358279,110.497665,0.0,0.0,0.0,0.0,0.0,0.0,0.0,-1.5707964,0.0
1970-01-01 00:00:01.488565084,1.488565084,0.0,340.8861,0.0,0.0,0.0,0.0,0.0,0.0,-1.5707964,0.0
1970-01-01 00:00:01.488609646,1.488609646,0.0,0.0,0.0,103.82884,0.0,0.0,0.0,0.0,-1.5707964,0.0
1970-01-01 00:00:01.488663797,1.488663797,131.23735,0.0,0.0,0.0,0.0,0.0,0.0,0.0,-1.5707964,0.0
1970-01-01 00:00:01.488720822,1.4887208219999999,0.0,80.93511,0.0,0.0,0.0,0.0,0.0,0.0,-1.5707964,0.0
1970-01-01 00:00:01.488823288,1.488823288,0.0,97.08088,0.0,0.0,0.0,0.0,0.0,0.0,-1.5707964,0.0
1970-01-01 00:00:01.489006311,1.489006311,0.0,0.0,0.0,110.48776,0.0,0.0,0.0,0.0,-1.5707964,0.0
1970-01-01 00:00:01.489063297,1.489063297,0.0,246.59892,0.0,0.0,0.0,0.0,0.0,0.0,-1.5707964,0.0
1970-01-01 00:00:01.489199625,1.489199625,0.0,208.88225,0.0,0.0,0.0,0.0,0.0,0.0,-1.5707964,0.0
1970-01-01 00:00:01.489298667,1.489298667,0.0,0.0,0.0,258.81863,0.0,0.0,0.0,0.0,-1.5707964,0.0
1970-01-01 00:00:01.489309445,1.489309445,0.0,0.0,0.0,120.09106,0.0,0.0,0.0,0.0,-1.5707964,0.0
1970-01-01 00:00:01.489312326,1.489312326,0.0,0.0,0.0,0.0,111.64205,0.0,0.0,0.0,-1.5707964,0.0
1970-01-01 00:00:01.489640122,1.489640122,0.0,173.29807,0.0,0.0,0.0,0.0,0.0,0.0,-1.5707964,0.0
1970-01-01 00:00:01.489674839,1.489674839,0.0,0.0,0.0,0.0,100.28241,0.0,0.0,0.0,-1.5707964,0.0
1970-01-01 00:00:01.489784352,1.489784352,0.0,0.0,0.0,0.0,111.89782,0.0,0.0,0.0,-1.5707964,0.0
1970-01-01 00:00:01.489814088,1.489814088,0.0,0.0,0.0,0.0,178.57903,0.0,0.0,0.0,-1.5707964,0.0
1970-01-01 00:00:01.489978922,1.489978922,128.53477,0.0,0.0,0.0,0.0,0.0,0.0,0.0,-1.5707964,0.0
1970-01-01 00:00:01.490057309,1.490057309,0.0,0.0,0.0,0.0,92.554855,0.0,0.0,0.0,-1.5707964,0.0
1970-01-01 00:00:01.490096239,1.490096239,93.324684,0.0,0.0,0.0,0.0,0.0,0.0,0.0,-1.5707964,0.0
1970-01-01 00:00:01.490198470,1.49019847,0.0,98.40306,0.0,0.0,0.0,0.0,0.0,0.0,-1.5707964,0.0
1970-01-01 00:00:01.490316524,1.490316524,0.0,220.76758,0.0,0.0,0.0,0.0,0.0,0.0,-1.5707964,0.0
1970-01-01 00:00:01.490408395,1.490408395,0.0,93.75229,0.0,0.0,0.0,0.0,0.0,0.0,-1.5707964,0.0
1970-01-01 00:00:01.490427256,1.490427256,0.0,122.82879,0.0,0.0,0.0,0.0,0.0,0.0,-1.5707964,0.0
1970-01-01 00:00:01.490497883,1.490497883,0.0,0.0,0.0,0.0,212.29407,0.0,0.0,0.0,-1.5707964,0.0
1970-01-01 00:00:01.490521547,1.490521547,0.0,0.0,0.0,0.0,107.00254,0.0,0.0,0.0,-1.5707964,0.0
1970-01-01 00:00:01.490524201,1.490524201,0.0,200.05394,0.0,0.0,0.0,0.0,0.0,0.0,-1.5707964,0.0
1970-01-01 00:00:01.490901148,1.490901148,0.0,0.0,0.0,0.0,91.627914,0.0,0.0,0.0,-1.5707964,0.0
1970-01-01 00:00:01.490937812,1.4909378119999999,0.0,385.86942,0.0,0.0,0.0,0.0,0.0,0.0,-1.5707964,0.0
1970-01-01 00:00:01.490973646,1.490973646,0.0,0.0,0.0,358.6105,0.0,0.0,0.0,0.0,-1.5707964,0.0
1970-01-01 00:00:01.491037734,1.491037734,0.0,0.0,0.0,99.488014,0.0,0.0,0.0,0.0,-1.5707964,0.0
1970-01-01 00:00:01.491121561,1.491121561,0.0,0.0,0.0,0.0,236.53546,0.0,0.0,0.0,-1.5707964,0.0
1970-01-01 00:00:01.491172711,1.491172711,0.0,0.0,0.0,0.0,0.0,130.79143,0.0,0.0,-1.5707964,0.0
1970-01-01 00:00:01.491226522,1.491226522,0.0,114.51679,0.0,0.0,0.0,0.0,0.0,0.0,-1.5707964,0.0
1970-01-01 00:00:01.491330145,1.491330145,0.0,0.0,0.0,129.70174,0.0,0.0,0.0,0.0,-1.5707964,0.0
1970-01-01 00:00:01.491600509,1.491600509,0.0,0.0,0.0,122.4253,0.0,0.0,0.0,0.0,-1.5707964,0.0
1970-01-01 00:00:01.491675986,1.491675986,0.0,194.57213,0.0,0.0,0.0,0.0,0.0,0.0,-1.5707964,0.0
1970-01-01 00:00:01.491696872,1.491696872,0.0,0.0,0.0,0.0,157.38892,0.0,0.0,0.0,-1.5707964,0.0
1970-01-01 00:00:01.491702584,1.491702584,221.34715,0.0,0.0,0.0,0.0,0.0,0.0,0.0,-1.5707964,0.0
1970-01-01 00:00:01.491913415,1.491913415,0.0,309.48062,0.0,0.0,0.0,0.0,0.0,0.0,-1.5707964,0.0
1970-01-01 00:00:01.491966394,1.4919663939999999,0.0,0.0,0.0,0.0,165.21986,0.0,0.0,0.0,-1.5707964,0.0
1970-01-01 00:00:01.491992483,1.491992483,0.0,0.0,0.0,0.0,183.354,0.0,0.0,0.0,-1.5707964,0.0
1970-01-01 00:00:01.492285881,1.492285881,152.95099,0.0,0.0,0.0,0.0,0.0,0.0,0.0,-1.5707964,0.0
1970-01-01 00:00:01.492471128,1.492471128,0.0,221.08018,0.0,0.0,0.0,0.0,0.0,0.0,-1.5707964,0.0
1970-01-01 00:00:01.492486604,1.492486604,0.0,253.25331,0.0,0.0,0.0,0.0,0.0,0.0,-1.5707964,0.0
1970-01-01 00:00:01.492526163,1.492526163,0.0,0.0,0.0,0.0,0.0,139.46762,0.0,0.0,-1.5707964,0.0
1970-01-01 00:00:01.492574051,1.492574051,0.0,81.87444,0.0,0.0,0.0,0.0,0.0,0.0,-1.5707964,0.0
1970-01-01 00:00:01.492586121,1.492586121,0.0,0.0,0.0,141.38658,0.0,0.0,0.0,0.0,-1.5707964,0.0
1970-01-01 00:00:01.492658508,1.4926585079999999,0.0,160.9996,0.0,0.0,0.0,0.0,0.0,0.0,-1.5707964,0.0
1970-01-01 00:00:01.492670211,1.492670211,0.0,129.96362,0.0,0.0,0.0,0.0,0.0,0.0,-1.5707964,0.0
1970-01-01 00:00:01.492696122,1.492696122,0.0,103.13806,0.0,0.0,0.0,0.0,0.0,0.0,-1.5707964,0.0
1970-01-01 00:00:01.492787598,1.492787598,0.0,246.56644,0.0,0.0,0.0,0.0,0.0,0.0,-1.5707964,0.0
1970-01-01 00:00:01.492897844,1.492897844,0.0,0.0,0.0,0.0,122.60986,0.0,0.0,0.0,-1.5707964,0.0
1970-01-01 00:00:01.492914282,1.492914282,0.0,95.70481,0.0,0.0,0.0,0.0,0.0,0.0,-1.5707964,0.0
1970-01-01 00:00:01.492960418,1.492960418,0.0,0.0,0.0,0.0,102.03988,0.0,0.0,0.0,-1.5707964,0.0
1970-01-01 00:00:01.493102032,1.493102032,0.0,160.32774,0.0,0.0,0.0,0.0,0.0,0.0,-1.5707964,0.0
1970-01-01 00:00:01.493365767,1.493365767,83.19016,0.0,0.0,0.0,0.0,0.0,0.0,0.0,-1.5707964,0.0
1970-01-01 00:00:01.493393525,1.493393525,0.0,142.55086,0.0,0.0,0.0,0.0,0.0,0.0,-1.5707964,0.0
1970-01-01 00:00:01.493406446,1.493406446,0.0,158.06721,0.0,0.0,0.0,0.0,0.0,0.0,-1.5707964,0.0
1970-01-01 00:00:01.493503335,1.493503335,0.0,94.951965,0.0,0.0,0.0,0.0,0.0,0.0,-1.5707964,0.0
1970-01-01 00:00:01.493511518,1.493511518,107.53159,0.0,0.0,0.0,0.0,0.0,0.0,0.0,-1.5707964,0.0
1970-01-01 00:00:01.493655623,1.493655623,0.0,0.0,0.0,379.6547,0.0,0.0,0.0,0.0,-1.5707964,0.0
1970-01-01 00:00:01.493786809,1.493786809,0.0,89.40169,0.0,0.0,0.0,0.0,0.0,0.0,-1.5707964,0.0
1970-01-01 00:00:01.493815504,1.493815504,0.0,0.0,0.0,0.0,124.08631,0.0,0.0,0.0,-1.5707964,0.0
1970-01-01 00:00:01.493889397,1.493889397,0.0,125.96484,0.0,0.0,0.0,0.0,0.0,0.0,-1.5707964,0.0
1970-01-01 00:00:01.493926983,1.493926983,0.0,184.53537,0.0,0.0,0.0,0.0,0.0,0.0,-1.5707964,0.0
1970-01-01 00:00:01.494143799,1.494143799,0.0,114.163284,0.0,0.0,0.0,0.0,0.0,0.0,-1.5707964,0.0
1970-01-01 00:00:01.494183593,1.494183593,0.0,0.0,0.0,0.0,86.01134,0.0,0.0,0.0,-1.5707964,0.0
1970-01-01 00:00:01.494267926,1.494267926,0.0,123.434715,0.0,0.0,0.0,0.0,0.0,0.0,-1.5707964,0.0
1970-01-01 00:00:01.494334589,1.494334589,0.0,0.0,0.0,0.0,119.07882,0.0,0.0,0.0,-1.5707964,0.0
1970-01-01 00:00:01.494346287,1.494346287,0.0,0.0,0.0,82.338684,0.0,0.0,0.0,0.0,-1.5707964,0.0
1970-01-01 00:00:01.494440129,1.494440129,0.0,259.00354,0.0,0.0,0.0,0.0,0.0,0.0,-1.5707964,0.0
1970-01-01 00:00:01.494463657,1.494463657,205.11531,0.0,0.0,0.0,0.0,0.0,0.0,0.0,-1.5707964,0.0
1970-01-01 00:00:01.494575218,1.494575218,0.0,183.45651,0.0,0.0,0.0,0.0,0.0,0.0,-1.5707964,0.0
1970-01-01 00:00:01.494576455,1.494576455,0.0,0.0,0.0,93.46432,0.0,0.0,0.0,0.0,-1.5707964,0.0
1970-01-01 00:00:01.494628298,1.494628298,0.0,145.7917,0.0,0.0,0.0,0.0,0.0,0.0,-1.5707964,0.0
1970-01-01 00:00:01.494877780,1.49487778,0.0,0.0,0.0,0.0,94.84087,0.0,0.0,0.0,-1.5707964,0.0
1970-01-01 00:00:01.494932139,1.4949321389999999,89.94603,0.0,0.0,0.0,0.0,0.0,0.0,0.0,-1.5707964,0.0
1970-01-01 00:00:01.494960970,1.49496097,0.0,0.0,0.0,0.0,111.35713,0.0,0.0,0.0,-1.5707964,0.0
1970-01-01 00:00:01.495091264,1.495091264,0.0,112.02585,0.0,0.0,0.0,0.0,0.0,0.0,-1.5707964,0.0
1970-01-01 00:00:01.495091958,1.495091958,0.0,93.783615,0.0,0.0,0.0,0.0,0.0,0.0,-1.5707964,0.0
1970-01-01 00:00:01.495150575,1.495150575,146.06679,0.0,0.0,0.0,0.0,0.0,0.0,0.0,-1.5707964,0.0
1970-01-01 00:00:01.495263879,1.495263879,0.0,0.0,0.0,119.79497,0.0,0.0,0.0,0.0,-1.5707964,0.0
1970-01-01 00:00:01.495266271,1.495266271,0.0,0.0,0.0,0.0,166.39304,0.0,0.0,0.0,-1.5707964,0.0
1970-01-01 00:00:01.495712689,1.4957126889999999,0.0,0.0,0.0,0.0,115.61192,0.0,0.0,0.0,-1.5707964,0.0
1970-01-01 00:00:01.495827301,1.495827301,0.0,0.0,0.0,0.0,155.15057,0.0,0.0,0.0,-1.5707964,0.0
1970-01-01 00:00:01.495901496,1.495901496,263.05936,0.0,0.0,0.0,0.0,0.0,0.0,0.0,-1.5707964,0.0
1970-01-01 00:00:01.496025431,1.496025431,0.0,0.0,0.0,0.0,202.50722,0.0,0.0,0.0,-1.5707964,0.0
1970-01-01 00:00:01.496126718,1.496126718,0.0,0.0,0.0,0.0,107.21537,0.0,0.0,0.0,-1.5707964,0.0
1970-01-01 00:00:01.496163475,1.496163475,0.0,119.304344,0.0,0.0,0.0,0.0,0.0,0.0,-1.5707964,0.0
1970-01-01 00:00:01.496192139,1.496192139,0.0,0.0,0.0,0.0,103.74403,0.0,0.0,0.0,-1.5707964,0.0
1970-01-01 00:00:01.496253083,1.496253083,0.0,0.0,0.0,0.0,0.0,456.51276,0.0,0.0,-1.5707964,0.0
1970-01-01 00:00:01.496266246,1.496266246,203.00258,0.0,0.0,0.0,0.0,0.0,0.0,0.0,-1.5707964,0.0
1970-01-01 00:00:01.496286890,1.49628689,0.0,0.0,0.0,333.85837,0.0,0.0,0.0,0.0,-1.5707964,0.0
1970-01-01 00:00:01.496336638,1.496336638,0.0,0.0,0.0,111.35547,0.0,0.0,0.0,0.0,-1.5707964,0.0
1970-01-01 00:00:01.496542709,1.496542709,83.42527,0.0,0.0,0.0,0.0,0.0,0.0,0.0,-1.5707964,0.0
1970-01-01 00:00:01.496650976,1.496650976,0.0,222.4391,0.0,0.0,0.0,0.0,0.0,0.0,-1.5707964,0.0
1970-01-01 00:00:01.496673199,1.496673199,0.0,122.82463,0.0,0.0,0.0,0.0,0.0,0.0,-1.5707964,0.0
1970-01-01 00:00:01.496682074,1.496682074,0.0,121.77634,0.0,0.0,0.0,0.0,0.0,0.0,-1.5707964,0.0
1970-01-01 00:00:01.496693434,1.496693434,0.0,0.0,0.0,141.47556,0.0,0.0,0.0,0.0,-1.5707964,0.0
1970-01-01 00:00:01.496730378,1.496730378,0.0,83.96236,0.0,0.0,0.0,0.0,0.0,0.0,-1.5707964,0.0
1970-01-01 00:00:01.496761973,1.496761973,0.0,90.9927,0.0,0.0,0.0,0.0,0.0,0.0,-1.5707964,0.0
1970-01-01 00:00:01.496771049,1.496771049,0.0,0.0,0.0,0.0,115.170555,0.0,0.0,0.0,-1.5707964,0.0
1970-01-01 00:00:01.496791626,1.496791626,0.0,0.0,0.0,0.0,106.646,0.0,0.0,0.0,-1.5707964,0.0
1970-01-01 00:00:01.496834959,1.496834959,0.0,0.0,0.0,0.0,82.312096,0.0,0.0,0.0,-1.5707964,0.0
1970-01-01 00:00:01.496948079,1.496948079,211.41905,0.0,0.0,0.0,0.0,0.0,0.0,0.0,-1.5707964,0.0
1970-01-01 00:00:01.496987211,1.496987211,0.0,0.0,0.0,141.86554,0.0,0.0,0.0,0.0,-1.5707964,0.0
1970-01-01 00:00:01.497173131,1.497173131,0.0,0.0,0.0,0.0,243.63872,0.0,0.0,0.0,-1.5707964,0.0
1970-01-01 00:00:01.497219508,1.497219508,151.04037,0.0,0.0,0.0,0.0,0.0,0.0,0.0,-1.5707964,0.0
1970-01-01 00:00:01.497260232,1.497260232,0.0,0.0,0.0,0.0,94.07198,0.0,0.0,0.0,-1.5707964,0.0
1970-01-01 00:00:01.497281319,1.497281319,0.0,85.28655,0.0,0.0,0.0,0.0,0.0,0.0,-1.5707964,0.0
1970-01-01 00:00:01.497321128,1.497321128,0.0,255.92714,0.0,0.0,0.0,0.0,0.0,0.0,-1.5707964,0.0
1970-01-01 00:00:01.497324623,1.497324623,0.0,0.0,0.0,0.0,125.03752,0.0,0.0,0.0,-1.5707964,0.0
1970-01-01 00:00:01.497426555,1.497426555,0.0,144.6817,0.0,0.0,0.0,0.0,0.0,0.0,-1.5707964,0.0
1970-01-01 00:00:01.497539888,1.497539888,203.60266,0.0,0.0,0.0,0.0,0.0,0.0,0.0,-1.5707964,0.0
1970-01-01 00:00:01.497635525,1.497635525,0.0,166.4892,0.0,0.0,0.0,0.0,0.0,0.0,-1.5707964,0.0
1970-01-01 00:00:01.497705630,1.49770563,0.0,0.0,0.0,149.25676,0.0,0.0,0.0,0.0,-1.5707964,0.0
1970-01-01 00:00:01.497760936,1.497760936,0.0,282.14703,0.0,0.0,0.0,0.0,0.0,0.0,-1.5707964,0.0
1970-01-01 00:00:01.498293933,1.498293933,0.0,220.27736,0.0,0.0,0.0,0.0,0.0,0.0,-1.5707964,0.0
1970-01-01 00:00:01.498308212,1.498308212,0.0,0.0,0.0,0.0,98.99565,0.0,0.0,0.0,-1.5707964,0.0
1970-01-01 00:00:01.498390455,1.498390455,222.70198,0.0,0.0,0.0,0.0,0.0,0.0,0.0,-1.5707964,0.0
1970-01-01 00:00:01.498506193,1.4985061929999999,0.0,0.0,0.0,0.0,130.31998,0.0,0.0,0.0,-1.5707964,0.0
1970-01-01 00:00:01.498584614,1.4985846139999999,107.49569,0.0,0.0,0.0,0.0,0.0,0.0,0.0,-1.5707964,0.0
1970-01-01 00:00:01.498633533,1.498633533,0.0,0.0,0.0,178.47821,0.0,0.0,0.0,0.0,-1.5707964,0.0
1970-01-01 00:00:01.498728489,1.4987284889999999,154.60944,0.0,0.0,0.0,0.0,0.0,0.0,0.0,-1.5707964,0.0
1970-01-01 00:00:01.498782333,1.498782333,0.0,113.26282,0.0,0.0,0.0,0.0,0.0,0.0,-1.5707964,0.0
1970-01-01 00:00:01.498860251,1.498860251,0.0,0.0,0.0,214.50165,0.0,0.0,0.0,0.0,-1.5707964,0.0
1970-01-01 00:00:01.499014213,1.499014213,0.0,84.46768,0.0,0.0,0.0,0.0,0.0,0.0,-1.5707964,0.0
1970-01-01 00:00:01.499169297,1.499169297,149.13069,0.0,0.0,0.0,0.0,0.0,0.0,0.0,-1.5707964,0.0
1970-01-01 00:00:01.499343702,1.499343702,0.0,123.49469,0.0,0.0,0.0,0.0,0.0,0.0,-1.5707964,0.0
1970-01-01 00:00:01.499530155,1.499530155,0.0,135.78528,0.0,0.0,0.0,0.0,0.0,0.0,-1.5707964,0.0
1970-01-01 00:00:01.499565819,1.499565819,84.579796,0.0,0.0,0.0,0.0,0.0,0.0,0.0,-1.5707964,0.0
1970-01-01 00:00:01.499608447,1.499608447,186.40466,0.0,0.0,0.0,0.0,0.0,0.0,0.0,-1.5707964,0.0
1970-01-01 00:00:01.499734626,1.499734626,0.0,174.12279,0.0,0.0,0.0,0.0,0.0,0.0,-1.5707964,0.0
1970-01-01 00:00:01.499976993,1.499976993,0.0,0.0,0.0,0.0,125.82626,0.0,0.0,0.0,-1.5707964,0.0
1970-01-01 00:00:01.500591539,1.500591539,0.0,330.1309,0.0,0.0,0.0,0.0,0.0,0.0,-1.5707964,0.0
1970-01-01 00:00:01.500801323,1.5008013230000001,0.0,0.0,0.0,119.45671,0.0,0.0,0.0,0.0,-1.5707964,0.0
1970-01-01 00:00:01.500870924,1.500870925,359.5454,0.0,0.0,0.0,0.0,0.0,0.0,0.0,-1.5707964,0.0
1970-01-01 00:00:01.500925923,1.500925923,0.0,0.0,0.0,0.0,80.58387,0.0,0.0,0.0,-1.5707964,0.0
1970-01-01 00:00:01.500930438,1.5009304380000001,0.0,86.717896,0.0,0.0,0.0,0.0,0.0,0.0,-1.5707964,0.0
1970-01-01 00:00:01.501194689,1.501194689,0.0,87.4078,0.0,0.0,0.0,0.0,0.0,0.0,-1.5707964,0.0
1970-01-01 00:00:01.501246355,1.5012463550000001,0.0,187.74994,0.0,0.0,0.0,0.0,0.0,0.0,-1.5707964,0.0
1970-01-01 00:00:01.501327685,1.5013276850000001,90.472466,0.0,0.0,0.0,0.0,0.0,0.0,0.0,-1.5707964,0.0
1970-01-01 00:00:01.501408943,1.501408943,0.0,0.0,98.44111,0.0,0.0,0.0,0.0,0.0,-1.5707964,0.0
1970-01-01 00:00:01.501426630,1.501426631,0.0,0.0,0.0,234.08157,0.0,0.0,0.0,0.0,-1.5707964,0.0
1970-01-01 00:00:01.501496228,1.5014962280000002,230.3193,0.0,0.0,0.0,0.0,0.0,0.0,0.0,-1.5707964,0.0
1970-01-01 00:00:01.501932018,1.5019320189999998,0.0,0.0,0.0,0.0,236.98538,0.0,0.0,0.0,-1.5707964,0.0
1970-01-01 00:00:01.501989551,1.501989552,0.0,0.0,0.0,98.13606,0.0,0.0,0.0,0.0,-1.5707964,0.0
1970-01-01 00:00:01.502119135,1.502119135,174.1905,0.0,0.0,0.0,0.0,0.0,0.0,0.0,-1.5707964,0.0
1970-01-01 00:00:01.502264159,1.50226416,103.97784,0.0,0.0,0.0,0.0,0.0,0.0,0.0,-1.5707964,0.0
1970-01-01 00:00:01.502473250,1.502473251,0.0,0.0,0.0,0.0,0.0,276.38876,0.0,0.0,-1.5707964,0.0
1970-01-01 00:00:01.502550485,1.502550486,0.0,0.0,0.0,115.92498,0.0,0.0,0.0,0.0,-1.5707964,0.0
1970-01-01 00:00:01.502722307,1.502722308,0.0,0.0,0.0,94.68033,0.0,0.0,0.0,0.0,-1.5707964,0.0
1970-01-01 00:00:01.502879411,1.5028794109999999,89.53366,0.0,0.0,0.0,0.0,0.0,0.0,0.0,-1.5707964,0.0
1970-01-01 00:00:01.502930333,1.5029303330000001,132.5494,0.0,0.0,0.0,0.0,0.0,0.0,0.0,-1.5707964,0.0
1970-01-01 00:00:01.503247509,1.503247509,0.0,0.0,0.0,0.0,115.52001,0.0,0.0,0.0,-1.5707964,0.0
1970-01-01 00:00:01.503266804,1.503266804,0.0,0.0,0.0,91.293045,0.0,0.0,0.0,0.0,-1.5707964,0.0
1970-01-01 00:00:01.503285403,1.503285403,107.31036,0.0,0.0,0.0,0.0,0.0,0.0,0.0,-1.5707964,0.0
1970-01-01 00:00:01.503398978,1.503398979,0.0,115.818405,0.0,0.0,0.0,0.0,0.0,0.0,-1.5707964,0.0
1970-01-01 00:00:01.503523691,1.503523691,0.0,83.357475,0.0,0.0,0.0,0.0,0.0,0.0,-1.5707964,0.0
1970-01-01 00:00:01.503594538,1.5035945389999998,0.0,81.71739,0.0,0.0,0.0,0.0,0.0,0.0,-1.5707964,0.0
1970-01-01 00:00:01.503681590,1.50368159,0.0,0.0,0.0,307.62775,0.0,0.0,0.0,0.0,-1.5707964,0.0
1970-01-01 00:00:01.503935472,1.5039354729999999,0.0,0.0,0.0,163.34753,0.0,0.0,0.0,0.0,-1.5707964,0.0
1970-01-01 00:00:01.503973483,1.503973483,0.0,99.43157,0.0,0.0,0.0,0.0,0.0,0.0,-1.5707964,0.0
1970-01-01 00:00:01.504042830,1.50404283,0.0,0.0,0.0,0.0,111.33608,0.0,0.0,0.0,-1.5707964,0.0
1970-01-01 00:00:01.504043027,1.504043027,0.0,0.0,0.0,0.0,166.59941,0.0,0.0,0.0,-1.5707964,0.0
1970-01-01 00:00:01.504271475,1.504271475,0.0,190.38075,0.0,0.0,0.0,0.0,0.0,0.0,-1.5707964,0.0
1970-01-01 00:00:01.504328609,1.5043286089999999,0.0,0.0,0.0,101.283966,0.0,0.0,0.0,0.0,-1.5707964,0.0
1970-01-01 00:00:01.504433439,1.504433439,0.0,0.0,0.0,0.0,0.0,135.18706,0.0,0.0,-1.5707964,0.0
1970-01-01 00:00:01.504482906,1.504482906,0.0,128.11322,0.0,0.0,0.0,0.0,0.0,0.0,-1.5707964,0.0
1970-01-01 00:00:01.504626534,1.504626534,0.0,0.0,0.0,167.20538,0.0,0.0,0.0,0.0,-1.5707964,0.0
1970-01-01 00:00:01.504812394,1.504812395,125.304474,0.0,0.0,0.0,0.0,0.0,0.0,0.0,-1.5707964,0.0
1970-01-01 00:00:01.504851467,1.504851467,0.0,173.43765,0.0,0.0,0.0,0.0,0.0,0.0,-1.5707964,0.0
1970-01-01 00:00:01.504953266,1.504953266,131.36891,0.0,0.0,0.0,0.0,0.0,0.0,0.0,-1.5707964,0.0
1970-01-01 00:00:01.505148477,1.505148478,0.0,0.0,0.0,155.68956,0.0,0.0,0.0,0.0,-1.5707964,0.0
1970-01-01 00:00:01.505548042,1.505548042,0.0,0.0,181.70293,0.0,0.0,0.0,0.0,0.0,-1.5707964,0.0
1970-01-01 00:00:01.505678435,1.505678435,0.0,0.0,0.0,0.0,161.31418,0.0,0.0,0.0,-1.5707964,0.0
1970-01-01 00:00:01.505883370,1.50588337,0.0,206.11464,0.0,0.0,0.0,0.0,0.0,0.0,-1.5707964,0.0
1970-01-01 00:00:01.505919050,1.5059190500000001,0.0,126.89525,0.0,0.0,0.0,0.0,0.0,0.0,-1.5707964,0.0
1970-01-01 00:00:01.506082123,1.506082123,90.70648,0.0,0.0,0.0,0.0,0.0,0.0,0.0,-1.5707964,0.0
1970-01-01 00:00:01.506097455,1.506097455,86.466965,0.0,0.0,0.0,0.0,0.0,0.0,0.0,-1.5707964,0.0
1970-01-01 00:00:01.506215533,1.5062155339999999,0.0,0.0,0.0,0.0,186.86739,0.0,0.0,0.0,-1.5707964,0.0
1970-01-01 00:00:01.506217502,1.5062175020000002,0.0,0.0,0.0,0.0,355.50763,0.0,0.0,0.0,-1.5707964,0.0
1970-01-01 00:00:01.506462366,1.506462366,0.0,0.0,0.0,0.0,116.83827,0.0,0.0,0.0,-1.5707964,0.0
1970-01-01 00:00:01.506562952,1.506562952,0.0,256.2847,0.0,0.0,0.0,0.0,0.0,0.0,-1.5707964,0.0
1970-01-01 00:00:01.506569649,1.506569649,0.0,0.0,0.0,0.0,145.57741,0.0,0.0,0.0,-1.5707964,0.0
1970-01-01 00:00:01.506648514,1.506648515,83.53597,0.0,0.0,0.0,0.0,0.0,0.0,0.0,-1.5707964,0.0
1970-01-01 00:00:01.506707123,1.506707124,0.0,0.0,0.0,115.52563,0.0,0.0,0.0,0.0,-1.5707964,0.0
1970-01-01 00:00:01.506774525,1.506774525,85.91731,0.0,0.0,0.0,0.0,0.0,0.0,0.0,-1.5707964,0.0
1970-01-01 00:00:01.506787726,1.506787726,0.0,0.0,0.0,96.06987,0.0,0.0,0.0,0.0,-1.5707964,0.0
1970-01-01 00:00:01.506806651,1.5068066519999999,0.0,0.0,0.0,83.73089,0.0,0.0,0.0,0.0,-1.5707964,0.0
1970-01-01 00:00:01.506909699,1.506909699,0.0,99.67452,0.0,0.0,0.0,0.0,0.0,0.0,-1.5707964,0.0
1970-01-01 00:00:01.507485150,1.50748515,288.93835,0.0,0.0,0.0,0.0,0.0,0.0,0.0,-1.5707964,0.0
1970-01-01 00:00:01.507585702,1.507585702,0.0,0.0,0.0,0.0,120.91794,0.0,0.0,0.0,-1.5707964,0.0
1970-01-01 00:00:01.507618908,1.507618908,0.0,0.0,0.0,0.0,0.0,199.14557,0.0,0.0,-1.5707964,0.0
1970-01-01 00:00:01.507645307,1.507645307,0.0,0.0,0.0,91.16096,0.0,0.0,0.0,0.0,-1.5707964,0.0
1970-01-01 00:00:01.507776911,1.507776911,135.6094,0.0,0.0,0.0,0.0,0.0,0.0,0.0,-1.5707964,0.0
1970-01-01 00:00:01.507778339,1.5077783390000001,0.0,0.0,0.0,0.0,130.86708,0.0,0.0,0.0,-1.5707964,0.0
1970-01-01 00:00:01.507788714,1.5077887140000001,0.0,104.85902,0.0,0.0,0.0,0.0,0.0,0.0,-1.5707964,0.0
1970-01-01 00:00:01.507842113,1.5078421130000002,0.0,396.5956,0.0,0.0,0.0,0.0,0.0,0.0,-1.5707964,0.0
1970-01-01 00:00:01.507860153,1.5078601539999998,0.0,81.9974,0.0,0.0,0.0,0.0,0.0,0.0,-1.5707964,0.0
1970-01-01 00:00:01.507942523,1.507942524,95.73443,0.0,0.0,0.0,0.0,0.0,0.0,0.0,-1.5707964,0.0
1970-01-01 00:00:01.508014987,1.5080149870000001,0.0,90.76131,0.0,0.0,0.0,0.0,0.0,0.0,-1.5707964,0.0
1970-01-01 00:00:01.508069408,1.508069408,0.0,0.0,0.0,0.0,96.56014,0.0,0.0,0.0,-1.5707964,0.0
1970-01-01 00:00:01.508255793,1.508255793,0.0,104.05146,0.0,0.0,0.0,0.0,0.0,0.0,-1.5707964,0.0
1970-01-01 00:00:01.508258353,1.508258354,0.0,0.0,0.0,0.0,149.43001,0.0,0.0,0.0,-1.5707964,0.0
1970-01-01 00:00:01.508346678,1.508346678,0.0,0.0,0.0,130.64552,0.0,0.0,0.0,0.0,-1.5707964,0.0
1970-01-01 00:00:01.508511777,1.508511777,124.5819,0.0,0.0,0.0,0.0,0.0,0.0,0.0,-1.5707964,0.0
1970-01-01 00:00:01.508770521,1.5087705219999998,0.0,172.15262,0.0,0.0,0.0,0.0,0.0,0.0,-1.5707964,0.0
1970-01-01 00:00:01.508988788,1.508988788,0.0,0.0,0.0,123.958885,0.0,0.0,0.0,0.0,-1.5707964,0.0
1970-01-01 00:00:01.509017642,1.5090176419999999,0.0,0.0,0.0,0.0,0.0,321.20966,0.0,0.0,-1.5707964,0.0
1970-01-01 00:00:01.509130683,1.509130684,0.0,94.4452,0.0,0.0,0.0,0.0,0.0,0.0,-1.5707964,0.0
1970-01-01 00:00:01.509140545,1.5091405450000002,0.0,148.84514,0.0,0.0,0.0,0.0,0.0,0.0,-1.5707964,0.0
1970-01-01 00:00:01.509178305,1.509178305,0.0,89.35173,0.0,0.0,0.0,0.0,0.0,0.0,-1.5707964,0.0
1970-01-01 00:00:01.509243580,1.5092435800000001,0.0,117.074005,0.0,0.0,0.0,0.0,0.0,0.0,-1.5707964,0.0
1970-01-01 00:00:01.509272513,1.509272513,0.0,0.0,0.0,0.0,246.6494,0.0,0.0,0.0,-1.5707964,0.0
1970-01-01 00:00:01.509313757,1.5093137570000001,0.0,0.0,0.0,0.0,100.094215,0.0,0.0,0.0,-1.5707964,0.0
1970-01-01 00:00:01.509339836,1.509339836,0.0,0.0,0.0,0.0,290.71832,0.0,0.0,0.0,-1.5707964,0.0
1970-01-01 00:00:01.509444170,1.50944417,0.0,0.0,0.0,0.0,162.65106,0.0,0.0,0.0,-1.5707964,0.0
1970-01-01 00:00:01.509719622,1.509719623,0.0,0.0,0.0,0.0,185.94316,0.0,0.0,0.0,-1.5707964,0.0
1970-01-01 00:00:01.509942518,1.509942518,146.55917,0.0,0.0,0.0,0.0,0.0,0.0,0.0,-1.5707964,0.0
1970-01-01 00:00:01.509962518,1.509962518,177.02698,0.0,0.0,0.0,0.0,0.0,0.0,0.0,-1.5707964,0.0
1970-01-01 00:00:01.510073048,1.5100730489999998,0.0,84.75189,0.0,0.0,0.0,0.0,0.0,0.0,-1.5707964,0.0
1970-01-01 00:00:01.510091176,1.510091176,174.59792,0.0,0.0,0.0,0.0,0.0,0.0,0.0,-1.5707964,0.0
1970-01-01 00:00:01.510250783,1.510250783,0.0,0.0,0.0,0.0,84.10706,0.0,0.0,0.0,-1.5707964,0.0
1970-01-01 00:00:01.510252562,1.510252562,0.0,287.5115,0.0,0.0,0.0,0.0,0.0,0.0,-1.5707964,0.0
1970-01-01 00:00:01.510265205,1.510265205,0.0,82.59532,0.0,0.0,0.0,0.0,0.0,0.0,-1.5707964,0.0
1970-01-01 00:00:01.510269874,1.510269874,0.0,0.0,0.0,103.32487,0.0,0.0,0.0,0.0,-1.5707964,0.0
1970-01-01 00:00:01.510270169,1.51027017,0.0,0.0,0.0,0.0,88.35649,0.0,0.0,0.0,-1.5707964,0.0
1970-01-01 00:00:01.510364559,1.51036456,0.0,0.0,0.0,117.52238,0.0,0.0,0.0,0.0,-1.5707964,0.0
1970-01-01 00:00:01.510442961,1.5104429609999999,0.0,213.94882,0.0,0.0,0.0,0.0,0.0,0.0,-1.5707964,0.0
1970-01-01 00:00:01.510540560,1.51054056,0.0,82.31079,0.0,0.0,0.0,0.0,0.0,0.0,-1.5707964,0.0
1970-01-01 00:00:01.510544706,1.5105447060000001,384.39502,0.0,0.0,0.0,0.0,0.0,0.0,0.0,-1.5707964,0.0
1970-01-01 00:00:01.510597034,1.510597034,0.0,0.0,0.0,174.14558,0.0,0.0,0.0,0.0,-1.5707964,0.0
1970-01-01 00:00:01.510612371,1.5106123710000001,0.0,233.34126,0.0,0.0,0.0,0.0,0.0,0.0,-1.5707964,0.0
1970-01-01 00:00:01.510691988,1.510691988,0.0,105.90275,0.0,0.0,0.0,0.0,0.0,0.0,-1.5707964,0.0
1970-01-01 00:00:01.510772000,1.510772,0.0,0.0,0.0,0.0,165.08438,0.0,0.0,0.0,-1.5707964,0.0
1970-01-01 00:00:01.510787639,1.5107876390000001,0.0,0.0,0.0,0.0,110.499146,0.0,0.0,0.0,-1.5707964,0.0
1970-01-01 00:00:01.511133014,1.5111330139999999,0.0,0.0,0.0,0.0,0.0,215.06203,0.0,0.0,-1.5707964,0.0
1970-01-01 00:00:01.511133142,1.511133142,0.0,199.07074,0.0,0.0,0.0,0.0,0.0,0.0,-1.5707964,0.0
1970-01-01 00:00:01.511301676,1.511301676,0.0,93.60232,0.0,0.0,0.0,0.0,0.0,0.0,-1.5707964,0.0
1970-01-01 00:00:01.511542699,1.511542699,0.0,0.0,0.0,0.0,97.53499,0.0,0.0,0.0,-1.5707964,0.0
1970-01-01 00:00:01.511551622,1.511551622,0.0,0.0,0.0,84.180336,0.0,0.0,0.0,0.0,-1.5707964,0.0
1970-01-01 00:00:01.511615699,1.511615699,0.0,156.51407,0.0,0.0,0.0,0.0,0.0,0.0,-1.5707964,0.0
1970-01-01 00:00:01.511789102,1.511789102,0.0,95.263695,0.0,0.0,0.0,0.0,0.0,0.0,-1.5707964,0.0
1970-01-01 00:00:01.511816077,1.511816077,0.0,197.28568,0.0,0.0,0.0,0.0,0.0,0.0,-1.5707964,0.0
1970-01-01 00:00:01.511987395,1.511987395,0.0,108.3313,0.0,0.0,0.0,0.0,0.0,0.0,-1.5707964,0.0
1970-01-01 00:00:01.512021831,1.5120218319999998,0.0,0.0,0.0,86.827225,0.0,0.0,0.0,0.0,-1.5707964,0.0
1970-01-01 00:00:01.512199944,1.512199944,0.0,0.0,0.0,156.13033,0.0,0.0,0.0,0.0,-1.5707964,0.0
1970-01-01 00:00:01.512216353,1.512216353,166.02916,0.0,0.0,0.0,0.0,0.0,0.0,0.0,-1.5707964,0.0
1970-01-01 00:00:01.512242276,1.512242276,0.0,0.0,0.0,105.68644,0.0,0.0,0.0,0.0,-1.5707964,0.0
1970-01-01 00:00:01.512425645,1.512425646,0.0,0.0,0.0,140.80357,0.0,0.0,0.0,0.0,-1.5707964,0.0
1970-01-01 00:00:01.512525028,1.5125250289999999,0.0,128.81068,0.0,0.0,0.0,0.0,0.0,0.0,-1.5707964,0.0
1970-01-01 00:00:01.512533939,1.51253394,0.0,222.39165,0.0,0.0,0.0,0.0,0.0,0.0,-1.5707964,0.0
1970-01-01 00:00:01.512670026,1.512670026,85.01129,0.0,0.0,0.0,0.0,0.0,0.0,0.0,-1.5707964,0.0
1970-01-01 00:00:01.512698483,1.512698484,0.0,87.611336,0.0,0.0,0.0,0.0,0.0,0.0,-1.5707964,0.0
1970-01-01 00:00:01.512699648,1.512699648,0.0,0.0,0.0,0.0,272.92435,0.0,0.0,0.0,-1.5707964,0.0
1970-01-01 00:00:01.512743916,1.512743916,0.0,81.298485,0.0,0.0,0.0,0.0,0.0,0.0,-1.5707964,0.0
1970-01-01 00:00:01.512784161,1.512784161,0.0,95.55897,0.0,0.0,0.0,0.0,0.0,0.0,-1.5707964,0.0
1970-01-01 00:00:01.512882362,1.512882362,83.43733,0.0,0.0,0.0,0.0,0.0,0.0,0.0,-1.5707964,0.0
1970-01-01 00:00:01.512893775,1.512893775,0.0,86.53073,0.0,0.0,0.0,0.0,0.0,0.0,-1.5707964,0.0
1970-01-01 00:00:01.513006427,1.513006428,0.0,0.0,0.0,0.0,110.52336,0.0,0.0,0.0,-1.5707964,0.0
1970-01-01 00:00:01.513248524,1.5132485249999998,186.38239,0.0,0.0,0.0,0.0,0.0,0.0,0.0,-1.5707964,0.0
1970-01-01 00:00:01.513284694,1.5132846949999998,142.15204,0.0,0.0,0.0,0.0,0.0,0.0,0.0,-1.5707964,0.0
1970-01-01 00:00:01.513326929,1.5133269299999998,0.0,0.0,0.0,0.0,176.78021,0.0,0.0,0.0,-1.5707964,0.0
1970-01-01 00:00:01.513522286,1.5135222860000002,0.0,0.0,0.0,217.21886,0.0,0.0,0.0,0.0,-1.5707964,0.0
1970-01-01 00:00:01.513638235,1.5136382350000002,0.0,0.0,0.0,0.0,104.22515,0.0,0.0,0.0,-1.5707964,0.0
1970-01-01 00:00:01.513683733,1.5136837330000001,0.0,0.0,0.0,0.0,178.63364,0.0,0.0,0.0,-1.5707964,0.0
1970-01-01 00:00:01.513839940,1.513839941,0.0,0.0,0.0,214.84627,0.0,0.0,0.0,0.0,-1.5707964,0.0
1970-01-01 00:00:01.513979156,1.513979157,0.0,0.0,0.0,0.0,107.7699,0.0,0.0,0.0,-1.5707964,0.0
1970-01-01 00:00:01.514119609,1.514119609,0.0,99.86549,0.0,0.0,0.0,0.0,0.0,0.0,-1.5707964,0.0
1970-01-01 00:00:01.514276443,1.514276443,119.53156,0.0,0.0,0.0,0.0,0.0,0.0,0.0,-1.5707964,0.0
1970-01-01 00:00:01.514289762,1.514289762,0.0,0.0,81.10037,0.0,0.0,0.0,0.0,0.0,-1.5707964,0.0
1970-01-01 00:00:01.514462984,1.5144629840000001,0.0,120.0397,0.0,0.0,0.0,0.0,0.0,0.0,-1.5707964,0.0
1970-01-01 00:00:01.514467676,1.5144676769999998,0.0,0.0,0.0,0.0,183.79227,0.0,0.0,0.0,-1.5707964,0.0
1970-01-01 00:00:01.514482693,1.5144826930000002,277.3268,0.0,0.0,0.0,0.0,0.0,0.0,0.0,-1.5707964,0.0
1970-01-01 00:00:01.514558108,1.5145581080000001,86.60961,0.0,0.0,0.0,0.0,0.0,0.0,0.0,-1.5707964,0.0
1970-01-01 00:00:01.514654277,1.514654277,0.0,85.56497,0.0,0.0,0.0,0.0,0.0,0.0,-1.5707964,0.0
1970-01-01 00:00:01.514892085,1.514892085,0.0,224.62631,0.0,0.0,0.0,0.0,0.0,0.0,-1.5707964,0.0
1970-01-01 00:00:01.514946339,1.514946339,120.01131,0.0,0.0,0.0,0.0,0.0,0.0,0.0,-1.5707964,0.0
1970-01-01 00:00:01.515597674,1.515597674,107.01182,0.0,0.0,0.0,0.0,0.0,0.0,0.0,-1.5707964,0.0
1970-01-01 00:00:01.515612800,1.5156128,233.05591,0.0,0.0,0.0,0.0,0.0,0.0,0.0,-1.5707964,0.0
1970-01-01 00:00:01.515638204,1.515638204,0.0,97.89329,0.0,0.0,0.0,0.0,0.0,0.0,-1.5707964,0.0
1970-01-01 00:00:01.515735313,1.515735313,0.0,0.0,0.0,374.42383,0.0,0.0,0.0,0.0,-1.5707964,0.0
1970-01-01 00:00:01.515872090,1.51587209,0.0,146.5921,0.0,0.0,0.0,0.0,0.0,0.0,-1.5707964,0.0
1970-01-01 00:00:01.515886417,1.515886417,0.0,0.0,0.0,0.0,154.19078,0.0,0.0,0.0,-1.5707964,0.0
1970-01-01 00:00:01.515896673,1.5158966729999999,0.0,0.0,0.0,112.93205,0.0,0.0,0.0,0.0,-1.5707964,0.0
1970-01-01 00:00:01.515911115,1.5159111159999998,0.0,0.0,0.0,144.98581,0.0,0.0,0.0,0.0,-1.5707964,0.0
1970-01-01 00:00:01.515956594,1.515956594,0.0,0.0,0.0,88.066284,0.0,0.0,0.0,0.0,-1.5707964,0.0
1970-01-01 00:00:01.515973008,1.515973008,0.0,0.0,0.0,0.0,88.16926,0.0,0.0,0.0,-1.5707964,0.0
1970-01-01 00:00:01.516015621,1.516015621,0.0,0.0,0.0,0.0,291.61115,0.0,0.0,0.0,-1.5707964,0.0
1970-01-01 00:00:01.516038676,1.516038676,0.0,0.0,0.0,0.0,80.81103,0.0,0.0,0.0,-1.5707964,0.0
1970-01-01 00:00:01.516050750,1.51605075,97.8773,0.0,0.0,0.0,0.0,0.0,0.0,0.0,-1.5707964,0.0
1970-01-01 00:00:01.516104837,1.5161048369999999,0.0,0.0,0.0,0.0,99.424034,0.0,0.0,0.0,-1.5707964,0.0
1970-01-01 00:00:01.516135845,1.516135845,0.0,108.19059,0.0,0.0,0.0,0.0,0.0,0.0,-1.5707964,0.0
1970-01-01 00:00:01.516225846,1.516225846,108.86445,0.0,0.0,0.0,0.0,0.0,0.0,0.0,-1.5707964,0.0
1970-01-01 00:00:01.516354469,1.516354469,0.0,90.79239,0.0,0.0,0.0,0.0,0.0,0.0,-1.5707964,0.0
1970-01-01 00:00:01.516394782,1.516394783,0.0,280.3738,0.0,0.0,0.0,0.0,0.0,0.0,-1.5707964,0.0
1970-01-01 00:00:01.516419541,1.5164195409999999,272.23856,0.0,0.0,0.0,0.0,0.0,0.0,0.0,-1.5707964,0.0
1970-01-01 00:00:01.516442129,1.516442129,0.0,163.56378,0.0,0.0,0.0,0.0,0.0,0.0,-1.5707964,0.0
1970-01-01 00:00:01.516457464,1.5164574640000001,0.0,0.0,0.0,0.0,108.79659,0.0,0.0,0.0,-1.5707964,0.0
1970-01-01 00:00:01.516484183,1.5164841839999998,0.0,0.0,0.0,0.0,0.0,298.2903,0.0,0.0,-1.5707964,0.0
1970-01-01 00:00:01.516555964,1.5165559640000001,0.0,0.0,0.0,145.73804,0.0,0.0,0.0,0.0,-1.5707964,0.0
1970-01-01 00:00:01.516984289,1.516984289,0.0,126.96708,0.0,0.0,0.0,0.0,0.0,0.0,-1.5707964,0.0
1970-01-01 00:00:01.516986539,1.516986539,0.0,0.0,0.0,134.83247,0.0,0.0,0.0,0.0,-1.5707964,0.0
1970-01-01 00:00:01.516988158,1.516988158,0.0,209.90327,0.0,0.0,0.0,0.0,0.0,0.0,-1.5707964,0.0
1970-01-01 00:00:01.517277291,1.517277291,0.0,0.0,0.0,251.09177,0.0,0.0,0.0,0.0,-1.5707964,0.0
1970-01-01 00:00:01.517608835,1.5176088349999999,0.0,184.70337,0.0,0.0,0.0,0.0,0.0,0.0,-1.5707964,0.0
1970-01-01 00:00:01.517756460,1.51775646,0.0,137.96585,0.0,0.0,0.0,0.0,0.0,0.0,-1.5707964,0.0
1970-01-01 00:00:01.517820366,1.517820366,172.08441,0.0,0.0,0.0,0.0,0.0,0.0,0.0,-1.5707964,0.0
1970-01-01 00:00:01.517847680,1.51784768,0.0,249.28296,0.0,0.0,0.0,0.0,0.0,0.0,-1.5707964,0.0
1970-01-01 00:00:01.517890345,1.517890346,221.50331,0.0,0.0,0.0,0.0,0.0,0.0,0.0,-1.5707964,0.0
1970-01-01 00:00:01.517941020,1.5179410199999999,0.0,0.0,0.0,0.0,0.0,99.12801,0.0,0.0,-1.5707964,0.0
1970-01-01 00:00:01.518002910,1.518002911,0.0,0.0,0.0,0.0,190.58691,0.0,0.0,0.0,-1.5707964,0.0
1970-01-01 00:00:01.518382904,1.518382905,97.36009,0.0,0.0,0.0,0.0,0.0,0.0,0.0,-1.5707964,0.0
1970-01-01 00:00:01.518535803,1.518535803,423.66638,0.0,0.0,0.0,0.0,0.0,0.0,0.0,-1.5707964,0.0
1970-01-01 00:00:01.518561067,1.518561067,0.0,184.09381,0.0,0.0,0.0,0.0,0.0,0.0,-1.5707964,0.0
1970-01-01 00:00:01.518797158,1.518797158,0.0,262.72577,0.0,0.0,0.0,0.0,0.0,0.0,-1.5707964,0.0
1970-01-01 00:00:01.518946044,1.518946044,0.0,0.0,0.0,0.0,148.51334,0.0,0.0,0.0,-1.5707964,0.0
1970-01-01 00:00:01.518959154,1.518959154,0.0,233.21014,0.0,0.0,0.0,0.0,0.0,0.0,-1.5707964,0.0
1970-01-01 00:00:01.518984145,1.5189841450000001,0.0,90.921646,0.0,0.0,0.0,0.0,0.0,0.0,-1.5707964,0.0
1970-01-01 00:00:01.519104476,1.519104477,164.8265,0.0,0.0,0.0,0.0,0.0,0.0,0.0,-1.5707964,0.0
1970-01-01 00:00:01.519264273,1.519264274,0.0,0.0,0.0,178.69621,0.0,0.0,0.0,0.0,-1.5707964,0.0
1970-01-01 00:00:01.519277693,1.519277693,0.0,0.0,0.0,82.93981,0.0,0.0,0.0,0.0,-1.5707964,0.0
1970-01-01 00:00:01.519307117,1.5193071169999999,0.0,230.83508,0.0,0.0,0.0,0.0,0.0,0.0,-1.5707964,0.0
1970-01-01 00:00:01.519341159,1.519341159,0.0,0.0,0.0,0.0,0.0,225.31207,0.0,0.0,-1.5707964,0.0
1970-01-01 00:00:01.519418731,1.519418731,0.0,142.96808,0.0,0.0,0.0,0.0,0.0,0.0,-1.5707964,0.0
1970-01-01 00:00:01.519459350,1.519459351,0.0,96.40116,0.0,0.0,0.0,0.0,0.0,0.0,-1.5707964,0.0
1970-01-01 00:00:01.519492707,1.519492707,161.19287,0.0,0.0,0.0,0.0,0.0,0.0,0.0,-1.5707964,0.0
1970-01-01 00:00:01.519520332,1.519520332,247.65228,0.0,0.0,0.0,0.0,0.0,0.0,0.0,-1.5707964,0.0
1970-01-01 00:00:01.519589952,1.519589952,0.0,110.56252,0.0,0.0,0.0,0.0,0.0,0.0,-1.5707964,0.0
1970-01-01 00:00:01.519618971,1.5196189709999999,83.4093,0.0,0.0,0.0,0.0,0.0,0.0,0.0,-1.5707964,0.0
1970-01-01 00:00:01.519705492,1.519705492,0.0,0.0,0.0,0.0,374.59143,0.0,0.0,0.0,-1.5707964,0.0
1970-01-01 00:00:01.519835302,1.5198353020000002,0.0,0.0,0.0,0.0,113.297424,0.0,0.0,0.0,-1.5707964,0.0
1970-01-01 00:00:01.519988911,1.519988911,0.0,126.12325,0.0,0.0,0.0,0.0,0.0,0.0,-1.5707964,0.0
1970-01-01 00:00:01.520222366,1.520222366,0.0,0.0,0.0,0.0,199.76974,0.0,0.0,0.0,-1.5707964,0.0
1970-01-01 00:00:01.520331800,1.5203318000000001,0.0,0.0,0.0,88.53795,0.0,0.0,0.0,0.0,-1.5707964,0.0
1970-01-01 00:00:01.520528385,1.520528386,0.0,0.0,0.0,0.0,133.13554,0.0,0.0,0.0,-1.5707964,0.0
1970-01-01 00:00:01.520580387,1.520580388,0.0,0.0,0.0,0.0,0.0,90.67628,0.0,0.0,-1.5707964,0.0
1970-01-01 00:00:01.520592046,1.520592047,226.06679,0.0,0.0,0.0,0.0,0.0,0.0,0.0,-1.5707964,0.0
1970-01-01 00:00:01.520688416,1.520688416,0.0,126.213394,0.0,0.0,0.0,0.0,0.0,0.0,-1.5707964,0.0
1970-01-01 00:00:01.520713851,1.520713851,0.0,0.0,0.0,83.826,0.0,0.0,0.0,0.0,-1.5707964,0.0
1970-01-01 00:00:01.520801221,1.5208012210000001,0.0,0.0,0.0,0.0,198.59384,0.0,0.0,0.0,-1.5707964,0.0
1970-01-01 00:00:01.521250359,1.5212503590000002,233.54274,0.0,0.0,0.0,0.0,0.0,0.0,0.0,-1.5707964,0.0
1970-01-01 00:00:01.521414645,1.5214146450000001,0.0,0.0,0.0,91.27526,0.0,0.0,0.0,0.0,-1.5707964,0.0
1970-01-01 00:00:01.521424573,1.521424573,0.0,160.3489,0.0,0.0,0.0,0.0,0.0,0.0,-1.5707964,0.0
1970-01-01 00:00:01.521592143,1.521592143,0.0,0.0,0.0,0.0,182.68794,0.0,0.0,0.0,-1.5707964,0.0
1970-01-01 00:00:01.521593153,1.521593153,87.95594,0.0,0.0,0.0,0.0,0.0,0.0,0.0,-1.5707964,0.0
1970-01-01 00:00:01.521740078,1.521740079,0.0,106.72582,0.0,0.0,0.0,0.0,0.0,0.0,-1.5707964,0.0
1970-01-01 00:00:01.521791134,1.5217911339999999,0.0,0.0,0.0,370.66208,0.0,0.0,0.0,0.0,-1.5707964,0.0
1970-01-01 00:00:01.521801384,1.521801384,0.0,266.93198,0.0,0.0,0.0,0.0,0.0,0.0,-1.5707964,0.0
1970-01-01 00:00:01.521801686,1.5218016859999999,141.17274,0.0,0.0,0.0,0.0,0.0,0.0,0.0,-1.5707964,0.0
1970-01-01 00:00:01.521839033,1.521839033,0.0,98.38076,0.0,0.0,0.0,0.0,0.0,0.0,-1.5707964,0.0
1970-01-01 00:00:01.521880582,1.521880582,0.0,93.12173,0.0,0.0,0.0,0.0,0.0,0.0,-1.5707964,0.0
1970-01-01 00:00:01.521996125,1.521996125,0.0,148.90314,0.0,0.0,0.0,0.0,0.0,0.0,-1.5707964,0.0
1970-01-01 00:00:01.522265027,1.522265027,0.0,150.6693,0.0,0.0,0.0,0.0,0.0,0.0,-1.5707964,0.0
1970-01-01 00:00:01.522524609,1.52252461,233.12465,0.0,0.0,0.0,0.0,0.0,0.0,0.0,-1.5707964,0.0
1970-01-01 00:00:01.522530868,1.522530868,0.0,89.36017,0.0,0.0,0.0,0.0,0.0,0.0,-1.5707964,0.0
1970-01-01 00:00:01.522616914,1.5226169139999999,0.0,0.0,0.0,0.0,219.11282,0.0,0.0,0.0,-1.5707964,0.0
1970-01-01 00:00:01.522904571,1.5229045719999998,0.0,145.11554,0.0,0.0,0.0,0.0,0.0,0.0,-1.5707964,0.0
1970-01-01 00:00:01.522953722,1.522953722,192.11731,0.0,0.0,0.0,0.0,0.0,0.0,0.0,-1.5707964,0.0
1970-01-01 00:00:01.523096283,1.523096284,141.22208,0.0,0.0,0.0,0.0,0.0,0.0,0.0,-1.5707964,0.0
1970-01-01 00:00:01.523123941,1.5231239410000001,86.170586,0.0,0.0,0.0,0.0,0.0,0.0,0.0,-1.5707964,0.0
1970-01-01 00:00:01.523317975,1.523317976,0.0,0.0,221.67198,0.0,0.0,0.0,0.0,0.0,-1.5707964,0.0
1970-01-01 00:00:01.523380225,1.523380225,0.0,139.28943,0.0,0.0,0.0,0.0,0.0,0.0,-1.5707964,0.0
1970-01-01 00:00:01.523748235,1.523748235,0.0,386.68008,0.0,0.0,0.0,0.0,0.0,0.0,-1.5707964,0.0
1970-01-01 00:00:01.523855740,1.5238557400000001,0.0,0.0,0.0,0.0,159.62079,0.0,0.0,0.0,-1.5707964,0.0
1970-01-01 00:00:01.523904146,1.523904146,0.0,88.302124,0.0,0.0,0.0,0.0,0.0,0.0,-1.5707964,0.0
1970-01-01 00:00:01.524166978,1.524166978,87.39892,0.0,0.0,0.0,0.0,0.0,0.0,0.0,-1.5707964,0.0
1970-01-01 00:00:01.524243270,1.52424327,0.0,179.4929,0.0,0.0,0.0,0.0,0.0,0.0,-1.5707964,0.0
1970-01-01 00:00:01.524512351,1.524512351,0.0,0.0,0.0,206.52641,0.0,0.0,0.0,0.0,-1.5707964,0.0
1970-01-01 00:00:01.524534607,1.524534607,0.0,0.0,0.0,144.13358,0.0,0.0,0.0,0.0,-1.5707964,0.0
1970-01-01 00:00:01.524574289,1.524574289,278.4204,0.0,0.0,0.0,0.0,0.0,0.0,0.0,-1.5707964,0.0
1970-01-01 00:00:01.524574424,1.5245744239999999,0.0,201.65154,0.0,0.0,0.0,0.0,0.0,0.0,-1.5707964,0.0
1970-01-01 00:00:01.524614306,1.5246143060000001,0.0,135.45088,0.0,0.0,0.0,0.0,0.0,0.0,-1.5707964,0.0
1970-01-01 00:00:01.524730315,1.524730315,0.0,153.41528,0.0,0.0,0.0,0.0,0.0,0.0,-1.5707964,0.0
1970-01-01 00:00:01.524969421,1.524969421,0.0,0.0,0.0,0.0,117.82844,0.0,0.0,0.0,-1.5707964,0.0
1970-01-01 00:00:01.525006263,1.525006264,0.0,0.0,0.0,0.0,90.05921,0.0,0.0,0.0,-1.5707964,0.0
1970-01-01 00:00:01.525035233,1.525035234,0.0,0.0,0.0,83.48113,0.0,0.0,0.0,0.0,-1.5707964,0.0
1970-01-01 00:00:01.525075794,1.5250757940000002,0.0,0.0,0.0,0.0,0.0,109.31062,0.0,0.0,-1.5707964,0.0
1970-01-01 00:00:01.525090272,1.525090272,0.0,198.42918,0.0,0.0,0.0,0.0,0.0,0.0,-1.5707964,0.0
1970-01-01 00:00:01.525140724,1.525140724,0.0,0.0,0.0,530.78827,0.0,0.0,0.0,0.0,-1.5707964,0.0
1970-01-01 00:00:01.525289145,1.525289145,0.0,0.0,0.0,0.0,153.02676,0.0,0.0,0.0,-1.5707964,0.0
1970-01-01 00:00:01.525332884,1.525332884,241.8226,0.0,0.0,0.0,0.0,0.0,0.0,0.0,-1.5707964,0.0
1970-01-01 00:00:01.525336719,1.525336719,0.0,96.349815,0.0,0.0,0.0,0.0,0.0,0.0,-1.5707964,0.0
1970-01-01 00:00:01.525509476,1.525509477,97.95526,0.0,0.0,0.0,0.0,0.0,0.0,0.0,-1.5707964,0.0
1970-01-01 00:00:01.525707012,1.525707012,0.0,103.95352,0.0,0.0,0.0,0.0,0.0,0.0,-1.5707964,0.0
1970-01-01 00:00:01.525897379,1.5258973789999999,0.0,0.0,0.0,0.0,132.58731,0.0,0.0,0.0,-1.5707964,0.0
1970-01-01 00:00:01.525898437,1.525898437,0.0,0.0,0.0,0.0,0.0,196.91284,0.0,0.0,-1.5707964,0.0
1970-01-01 00:00:01.526057130,1.5260571299999999,0.0,86.52199,0.0,0.0,0.0,0.0,0.0,0.0,-1.5707964,0.0
1970-01-01 00:00:01.526201359,1.52620136,107.58123,0.0,0.0,0.0,0.0,0.0,0.0,0.0,-1.5707964,0.0
1970-01-01 00:00:01.526558882,1.526558882,194.7115,0.0,0.0,0.0,0.0,0.0,0.0,0.0,-1.5707964,0.0
1970-01-01 00:00:01.526593436,1.526593436,0.0,0.0,0.0,82.28632,0.0,0.0,0.0,0.0,-1.5707964,0.0
1970-01-01 00:00:01.526651216,1.5266512159999999,252.37038,0.0,0.0,0.0,0.0,0.0,0.0,0.0,-1.5707964,0.0
1970-01-01 00:00:01.526727740,1.52672774,0.0,0.0,0.0,487.14258,0.0,0.0,0.0,0.0,-1.5707964,0.0
1970-01-01 00:00:01.526799225,1.526799226,0.0,108.43232,0.0,0.0,0.0,0.0,0.0,0.0,-1.5707964,0.0
1970-01-01 00:00:01.526917541,1.526917541,0.0,0.0,0.0,0.0,131.82994,0.0,0.0,0.0,-1.5707964,0.0
1970-01-01 00:00:01.526922993,1.526922993,0.0,0.0,0.0,177.59697,0.0,0.0,0.0,0.0,-1.5707964,0.0
1970-01-01 00:00:01.527051917,1.527051918,0.0,90.6615,0.0,0.0,0.0,0.0,0.0,0.0,-1.5707964,0.0
1970-01-01 00:00:01.527085775,1.527085775,0.0,0.0,0.0,0.0,147.74287,0.0,0.0,0.0,-1.5707964,0.0
1970-01-01 00:00:01.527161989,1.52716199,0.0,0.0,0.0,0.0,90.92633,0.0,0.0,0.0,-1.5707964,0.0
1970-01-01 00:00:01.527392247,1.527392248,0.0,0.0,0.0,0.0,245.60236,0.0,0.0,0.0,-1.5707964,0.0
1970-01-01 00:00:01.527407439,1.527407439,0.0,85.094666,0.0,0.0,0.0,0.0,0.0,0.0,-1.5707964,0.0
1970-01-01 00:00:01.527456875,1.527456875,0.0,136.81866,0.0,0.0,0.0,0.0,0.0,0.0,-1.5707964,0.0
1970-01-01 00:00:01.527469086,1.527469087,0.0,0.0,0.0,95.978745,0.0,0.0,0.0,0.0,-1.5707964,0.0
1970-01-01 00:00:01.527534617,1.5275346170000002,279.91138,0.0,0.0,0.0,0.0,0.0,0.0,0.0,-1.5707964,0.0
1970-01-01 00:00:01.527565109,1.527565109,0.0,0.0,0.0,0.0,305.2978,0.0,0.0,0.0,-1.5707964,0.0
1970-01-01 00:00:01.527579899,1.527579899,0.0,0.0,0.0,174.46196,0.0,0.0,0.0,0.0,-1.5707964,0.0
1970-01-01 00:00:01.527645449,1.52764545,0.0,105.04673,0.0,0.0,0.0,0.0,0.0,0.0,-1.5707964,0.0
1970-01-01 00:00:01.527702268,1.527702268,0.0,117.838936,0.0,0.0,0.0,0.0,0.0,0.0,-1.5707964,0.0
1970-01-01 00:00:01.527892757,1.527892757,0.0,0.0,0.0,0.0,103.21247,0.0,0.0,0.0,-1.5707964,0.0
1970-01-01 00:00:01.527963532,1.527963532,0.0,0.0,0.0,88.62455,0.0,0.0,0.0,0.0,-1.5707964,0.0
1970-01-01 00:00:01.528334202,1.528334202,0.0,232.57742,0.0,0.0,0.0,0.0,0.0,0.0,-1.5707964,0.0
1970-01-01 00:00:01.528409837,1.528409838,0.0,0.0,320.86057,0.0,0.0,0.0,0.0,0.0,-1.5707964,0.0
1970-01-01 00:00:01.528430466,1.528430467,0.0,0.0,0.0,236.13509,0.0,0.0,0.0,0.0,-1.5707964,0.0
1970-01-01 00:00:01.528452732,1.5284527319999999,0.0,0.0,0.0,485.7523,0.0,0.0,0.0,0.0,-1.5707964,0.0
1970-01-01 00:00:01.528721935,1.528721935,0.0,0.0,0.0,0.0,266.206,0.0,0.0,0.0,-1.5707964,0.0
1970-01-01 00:00:01.528725993,1.5287259930000001,0.0,0.0,0.0,0.0,0.0,133.03676,0.0,0.0,-1.5707964,0.0
1970-01-01 00:00:01.528750284,1.528750284,0.0,0.0,0.0,0.0,195.59471,0.0,0.0,0.0,-1.5707964,0.0
1970-01-01 00:00:01.528755545,1.528755546,295.9664,0.0,0.0,0.0,0.0,0.0,0.0,0.0,-1.5707964,0.0
1970-01-01 00:00:01.528836163,1.528836163,0.0,102.323784,0.0,0.0,0.0,0.0,0.0,0.0,-1.5707964,0.0
1970-01-01 00:00:01.528911911,1.528911911,0.0,0.0,0.0,0.0,0.0,375.30768,0.0,0.0,-1.5707964,0.0
1970-01-01 00:00:01.528913853,1.5289138530000002,214.35577,0.0,0.0,0.0,0.0,0.0,0.0,0.0,-1.5707964,0.0
1970-01-01 00:00:01.529107693,1.529107693,0.0,0.0,0.0,0.0,0.0,120.30821,0.0,0.0,-1.5707964,0.0
1970-01-01 00:00:01.529135635,1.529135635,0.0,0.0,0.0,0.0,100.54022,0.0,0.0,0.0,-1.5707964,0.0
1970-01-01 00:00:01.529197221,1.529197222,0.0,214.90779,0.0,0.0,0.0,0.0,0.0,0.0,-1.5707964,0.0
1970-01-01 00:00:01.529310759,1.529310759,146.35371,0.0,0.0,0.0,0.0,0.0,0.0,0.0,-1.5707964,0.0
1970-01-01 00:00:01.529352976,1.5293529769999998,0.0,0.0,0.0,104.56359,0.0,0.0,0.0,0.0,-1.5707964,0.0
1970-01-01 00:00:01.529382716,1.529382716,0.0,0.0,0.0,280.91577,0.0,0.0,0.0,0.0,-1.5707964,0.0
1970-01-01 00:00:01.529438515,1.529438515,0.0,104.82433,0.0,0.0,0.0,0.0,0.0,0.0,-1.5707964,0.0
1970-01-01 00:00:01.529550333,1.529550333,0.0,86.74596,0.0,0.0,0.0,0.0,0.0,0.0,-1.5707964,0.0
1970-01-01 00:00:01.529592807,1.529592807,0.0,0.0,0.0,0.0,99.8226,0.0,0.0,0.0,-1.5707964,0.0
1970-01-01 00:00:01.529627747,1.5296277470000001,0.0,0.0,0.0,138.08893,0.0,0.0,0.0,0.0,-1.5707964,0.0
1970-01-01 00:00:01.529666406,1.529666406,0.0,0.0,0.0,131.30638,0.0,0.0,0.0,0.0,-1.5707964,0.0
1970-01-01 00:00:01.529716262,1.529716262,151.15074,0.0,0.0,0.0,0.0,0.0,0.0,0.0,-1.5707964,0.0
1970-01-01 00:00:01.529731877,1.5297318770000001,0.0,0.0,0.0,204.9299,0.0,0.0,0.0,0.0,-1.5707964,0.0
1970-01-01 00:00:01.529824663,1.529824664,0.0,0.0,362.82382,0.0,0.0,0.0,0.0,0.0,-1.5707964,0.0
1970-01-01 00:00:01.529921274,1.5299212739999999,0.0,0.0,0.0,0.0,0.0,300.28024,0.0,0.0,-1.5707964,0.0
1970-01-01 00:00:01.529955983,1.529955983,0.0,0.0,0.0,0.0,125.12736,0.0,0.0,0.0,-1.5707964,0.0
1970-01-01 00:00:01.530066444,1.530066444,0.0,0.0,0.0,115.00422,0.0,0.0,0.0,0.0,-1.5707964,0.0
1970-01-01 00:00:01.530298214,1.530298215,0.0,87.21572,0.0,0.0,0.0,0.0,0.0,0.0,-1.5707964,0.0
1970-01-01 00:00:01.530419433,1.530419433,0.0,0.0,0.0,406.19144,0.0,0.0,0.0,0.0,-1.5707964,0.0
1970-01-01 00:00:01.530441371,1.5304413719999999,0.0,0.0,0.0,122.05813,0.0,0.0,0.0,0.0,-1.5707964,0.0
1970-01-01 00:00:01.530506052,1.530506052,0.0,0.0,0.0,0.0,160.23283,0.0,0.0,0.0,-1.5707964,0.0
1970-01-01 00:00:01.530671187,1.530671187,107.70945,0.0,0.0,0.0,0.0,0.0,0.0,0.0,-1.5707964,0.0
1970-01-01 00:00:01.530681521,1.530681522,0.0,142.13512,0.0,0.0,0.0,0.0,0.0,0.0,-1.5707964,0.0
1970-01-01 00:00:01.530734590,1.53073459,144.90237,0.0,0.0,0.0,0.0,0.0,0.0,0.0,-1.5707964,0.0
1970-01-01 00:00:01.530770198,1.530770198,0.0,127.06436,0.0,0.0,0.0,0.0,0.0,0.0,-1.5707964,0.0
1970-01-01 00:00:01.530868250,1.5308682500000002,0.0,86.451675,0.0,0.0,0.0,0.0,0.0,0.0,-1.5707964,0.0
1970-01-01 00:00:01.531054003,1.531054003,108.685646,0.0,0.0,0.0,0.0,0.0,0.0,0.0,-1.5707964,0.0
1970-01-01 00:00:01.531100464,1.531100464,0.0,0.0,0.0,197.45035,0.0,0.0,0.0,0.0,-1.5707964,0.0
1970-01-01 00:00:01.531190025,1.531190025,269.86298,0.0,0.0,0.0,0.0,0.0,0.0,0.0,-1.5707964,0.0
1970-01-01 00:00:01.531205012,1.531205012,0.0,0.0,0.0,113.34667,0.0,0.0,0.0,0.0,-1.5707964,0.0
1970-01-01 00:00:01.531356660,1.5313566600000001,0.0,0.0,0.0,147.07135,0.0,0.0,0.0,0.0,-1.5707964,0.0
1970-01-01 00:00:01.531413425,1.531413425,0.0,167.10512,0.0,0.0,0.0,0.0,0.0,0.0,-1.5707964,0.0
1970-01-01 00:00:01.531421373,1.5314213730000001,0.0,105.67465,0.0,0.0,0.0,0.0,0.0,0.0,-1.5707964,0.0
1970-01-01 00:00:01.531576471,1.5315764710000002,0.0,86.47322,0.0,0.0,0.0,0.0,0.0,0.0,-1.5707964,0.0
1970-01-01 00:00:01.531919198,1.5319191989999998,121.57891,0.0,0.0,0.0,0.0,0.0,0.0,0.0,-1.5707964,0.0
1970-01-01 00:00:01.531920240,1.53192024,0.0,0.0,100.8598,0.0,0.0,0.0,0.0,0.0,-1.5707964,0.0
1970-01-01 00:00:01.532109860,1.53210986,0.0,0.0,0.0,94.02744,0.0,0.0,0.0,0.0,-1.5707964,0.0
1970-01-01 00:00:01.532192748,1.532192748,0.0,281.5085,0.0,0.0,0.0,0.0,0.0,0.0,-1.5707964,0.0
1970-01-01 00:00:01.532197502,1.532197502,0.0,0.0,0.0,0.0,196.60954,0.0,0.0,0.0,-1.5707964,0.0
1970-01-01 00:00:01.532366891,1.5323668910000001,0.0,148.40265,0.0,0.0,0.0,0.0,0.0,0.0,-1.5707964,0.0
1970-01-01 00:00:01.532416833,1.532416833,0.0,98.18781,0.0,0.0,0.0,0.0,0.0,0.0,-1.5707964,0.0
1970-01-01 00:00:01.532489354,1.532489354,0.0,115.729195,0.0,0.0,0.0,0.0,0.0,0.0,-1.5707964,0.0
1970-01-01 00:00:01.532525643,1.532525643,0.0,0.0,0.0,0.0,180.57571,0.0,0.0,0.0,-1.5707964,0.0
1970-01-01 00:00:01.532891609,1.53289161,0.0,0.0,0.0,0.0,182.34787,0.0,0.0,0.0,-1.5707964,0.0
1970-01-01 00:00:01.532989897,1.5329898979999999,0.0,119.49619,0.0,0.0,0.0,0.0,0.0,0.0,-1.5707964,0.0
1970-01-01 00:00:01.532995036,1.532995037,0.0,100.00793,0.0,0.0,0.0,0.0,0.0,0.0,-1.5707964,0.0
1970-01-01 00:00:01.533003562,1.5330035629999998,0.0,165.54784,0.0,0.0,0.0,0.0,0.0,0.0,-1.5707964,0.0
1970-01-01 00:00:01.533243154,1.533243155,0.0,0.0,0.0,0.0,125.72545,0.0,0.0,0.0,-1.5707964,0.0
1970-01-01 00:00:01.533951144,1.533951145,0.0,192.79814,0.0,0.0,0.0,0.0,0.0,0.0,-1.5707964,0.0
1970-01-01 00:00:01.534177280,1.5341772809999998,90.8717,0.0,0.0,0.0,0.0,0.0,0.0,0.0,-1.5707964,0.0
1970-01-01 00:00:01.534228767,1.534228767,133.1216,0.0,0.0,0.0,0.0,0.0,0.0,0.0,-1.5707964,0.0
1970-01-01 00:00:01.534260528,1.534260528,0.0,105.21348,0.0,0.0,0.0,0.0,0.0,0.0,-1.5707964,0.0
1970-01-01 00:00:01.534287733,1.534287733,0.0,231.84464,0.0,0.0,0.0,0.0,0.0,0.0,-1.5707964,0.0
1970-01-01 00:00:01.534567708,1.534567708,0.0,0.0,0.0,172.67702,0.0,0.0,0.0,0.0,-1.5707964,0.0
1970-01-01 00:00:01.534594896,1.534594896,0.0,0.0,0.0,0.0,133.80835,0.0,0.0,0.0,-1.5707964,0.0
1970-01-01 00:00:01.534654403,1.534654403,475.6938,0.0,0.0,0.0,0.0,0.0,0.0,0.0,-1.5707964,0.0
1970-01-01 00:00:01.534816969,1.534816969,0.0,0.0,0.0,0.0,100.36184,0.0,0.0,0.0,-1.5707964,0.0
1970-01-01 00:00:01.534824117,1.534824118,0.0,146.83818,0.0,0.0,0.0,0.0,0.0,0.0,-1.5707964,0.0
1970-01-01 00:00:01.534942675,1.534942675,0.0,119.10651,0.0,0.0,0.0,0.0,0.0,0.0,-1.5707964,0.0
1970-01-01 00:00:01.535163280,1.53516328,0.0,135.91878,0.0,0.0,0.0,0.0,0.0,0.0,-1.5707964,0.0
1970-01-01 00:00:01.535282025,1.5352820249999999,0.0,0.0,0.0,0.0,121.69679,0.0,0.0,0.0,-1.5707964,0.0
1970-01-01 00:00:01.535373089,1.5353730890000001,0.0,0.0,0.0,0.0,84.80941,0.0,0.0,0.0,-1.5707964,0.0
1970-01-01 00:00:01.535507444,1.535507444,0.0,114.524124,0.0,0.0,0.0,0.0,0.0,0.0,-1.5707964,0.0
1970-01-01 00:00:01.535733879,1.535733879,0.0,0.0,0.0,0.0,104.344444,0.0,0.0,0.0,-1.5707964,0.0
1970-01-01 00:00:01.535866160,1.535866161,94.20646,0.0,0.0,0.0,0.0,0.0,0.0,0.0,-1.5707964,0.0
1970-01-01 00:00:01.535915826,1.535915827,0.0,0.0,0.0,193.3165,0.0,0.0,0.0,0.0,-1.5707964,0.0
1970-01-01 00:00:01.536147432,1.536147432,170.70135,0.0,0.0,0.0,0.0,0.0,0.0,0.0,-1.5707964,0.0
1970-01-01 00:00:01.536161063,1.5361610639999999,0.0,0.0,0.0,0.0,185.3634,0.0,0.0,0.0,-1.5707964,0.0
1970-01-01 00:00:01.536163524,1.536163524,0.0,0.0,0.0,89.13719,0.0,0.0,0.0,0.0,-1.5707964,0.0
1970-01-01 00:00:01.536182514,1.536182514,228.62221,0.0,0.0,0.0,0.0,0.0,0.0,0.0,-1.5707964,0.0
1970-01-01 00:00:01.536312506,1.536312506,0.0,151.471,0.0,0.0,0.0,0.0,0.0,0.0,-1.5707964,0.0
1970-01-01 00:00:01.536368469,1.5363684690000001,0.0,0.0,0.0,0.0,92.363144,0.0,0.0,0.0,-1.5707964,0.0
1970-01-01 00:00:01.536506045,1.5365060449999999,0.0,120.64846,0.0,0.0,0.0,0.0,0.0,0.0,-1.5707964,0.0
1970-01-01 00:00:01.536557635,1.5365576349999999,0.0,190.85472,0.0,0.0,0.0,0.0,0.0,0.0,-1.5707964,0.0
1970-01-01 00:00:01.536646144,1.536646145,0.0,0.0,0.0,0.0,170.33423,0.0,0.0,0.0,-1.5707964,0.0
1970-01-01 00:00:01.536669278,1.536669278,0.0,105.28395,0.0,0.0,0.0,0.0,0.0,0.0,-1.5707964,0.0
1970-01-01 00:00:01.536917732,1.536917732,0.0,87.06698,0.0,0.0,0.0,0.0,0.0,0.0,-1.5707964,0.0
1970-01-01 00:00:01.536922757,1.5369227570000001,0.0,0.0,0.0,0.0,0.0,112.34548,0.0,0.0,-1.5707964,0.0
1970-01-01 00:00:01.537093655,1.537093655,0.0,0.0,0.0,0.0,101.799095,0.0,0.0,0.0,-1.5707964,0.0
1970-01-01 00:00:01.537163786,1.537163786,0.0,0.0,0.0,0.0,257.4539,0.0,0.0,0.0,-1.5707964,0.0
1970-01-01 00:00:01.537181007,1.537181007,145.39539,0.0,0.0,0.0,0.0,0.0,0.0,0.0,-1.5707964,0.0
1970-01-01 00:00:01.537224075,1.5372240750000001,0.0,0.0,0.0,127.30913,0.0,0.0,0.0,0.0,-1.5707964,0.0
1970-01-01 00:00:01.537254855,1.537254855,0.0,0.0,0.0,215.83073,0.0,0.0,0.0,0.0,-1.5707964,0.0
1970-01-01 00:00:01.537284824,1.5372848239999999,0.0,92.14734,0.0,0.0,0.0,0.0,0.0,0.0,-1.5707964,0.0
1970-01-01 00:00:01.537331424,1.537331424,0.0,129.09702,0.0,0.0,0.0,0.0,0.0,0.0,-1.5707964,0.0
1970-01-01 00:00:01.537389331,1.537389331,446.11255,0.0,0.0,0.0,0.0,0.0,0.0,0.0,-1.5707964,0.0
1970-01-01 00:00:01.537402743,1.537402743,0.0,105.67005,0.0,0.0,0.0,0.0,0.0,0.0,-1.5707964,0.0
1970-01-01 00:00:01.537582348,1.537582348,89.07427,0.0,0.0,0.0,0.0,0.0,0.0,0.0,-1.5707964,0.0
1970-01-01 00:00:01.537843992,1.537843992,0.0,121.900345,0.0,0.0,0.0,0.0,0.0,0.0,-1.5707964,0.0
1970-01-01 00:00:01.538046482,1.538046482,229.23387,0.0,0.0,0.0,0.0,0.0,0.0,0.0,-1.5707964,0.0
1970-01-01 00:00:01.538056681,1.538056681,173.73495,0.0,0.0,0.0,0.0,0.0,0.0,0.0,-1.5707964,0.0
1970-01-01 00:00:01.538233885,1.538233885,0.0,0.0,0.0,0.0,97.34818,0.0,0.0,0.0,-1.5707964,0.0
1970-01-01 00:00:01.538394492,1.5383944920000001,0.0,0.0,0.0,0.0,135.96332,0.0,0.0,0.0,-1.5707964,0.0
1970-01-01 00:00:01.538400279,1.538400279,0.0,0.0,0.0,0.0,0.0,144.84558,0.0,0.0,-1.5707964,0.0
1970-01-01 00:00:01.538404078,1.5384040780000001,0.0,0.0,0.0,0.0,185.91806,0.0,0.0,0.0,-1.5707964,0.0
1970-01-01 00:00:01.538547940,1.53854794,0.0,122.78114,0.0,0.0,0.0,0.0,0.0,0.0,-1.5707964,0.0
1970-01-01 00:00:01.538596508,1.538596508,0.0,156.22806,0.0,0.0,0.0,0.0,0.0,0.0,-1.5707964,0.0
1970-01-01 00:00:01.538781342,1.538781342,0.0,0.0,0.0,82.33308,0.0,0.0,0.0,0.0,-1.5707964,0.0
1970-01-01 00:00:01.538879157,1.538879157,0.0,0.0,0.0,0.0,326.89297,0.0,0.0,0.0,-1.5707964,0.0
1970-01-01 00:00:01.538931601,1.538931601,163.96887,0.0,0.0,0.0,0.0,0.0,0.0,0.0,-1.5707964,0.0
1970-01-01 00:00:01.538979472,1.5389794719999998,0.0,0.0,0.0,118.52659,0.0,0.0,0.0,0.0,-1.5707964,0.0
1970-01-01 00:00:01.538988251,1.5389882510000001,0.0,0.0,0.0,0.0,131.42169,0.0,0.0,0.0,-1.5707964,0.0
1970-01-01 00:00:01.539328014,1.539328014,0.0,142.81696,0.0,0.0,0.0,0.0,0.0,0.0,-1.5707964,0.0
1970-01-01 00:00:01.539374234,1.5393742339999998,0.0,0.0,0.0,0.0,88.10486,0.0,0.0,0.0,-1.5707964,0.0
1970-01-01 00:00:01.539376027,1.5393760269999999,0.0,100.39603,0.0,0.0,0.0,0.0,0.0,0.0,-1.5707964,0.0
1970-01-01 00:00:01.539441009,1.539441009,0.0,0.0,0.0,0.0,103.69355,0.0,0.0,0.0,-1.5707964,0.0
1970-01-01 00:00:01.539583851,1.539583851,0.0,0.0,0.0,96.2578,0.0,0.0,0.0,0.0,-1.5707964,0.0
1970-01-01 00:00:01.539792033,1.539792033,113.9442,0.0,0.0,0.0,0.0,0.0,0.0,0.0,-1.5707964,0.0
1970-01-01 00:00:01.539828161,1.539828161,0.0,0.0,0.0,0.0,138.86414,0.0,0.0,0.0,-1.5707964,0.0
1970-01-01 00:00:01.539834927,1.539834927,0.0,239.40004,0.0,0.0,0.0,0.0,0.0,0.0,-1.5707964,0.0
1970-01-01 00:00:01.539954382,1.539954382,0.0,0.0,0.0,0.0,0.0,374.34882,0.0,0.0,-1.5707964,0.0
1970-01-01 00:00:01.539977862,1.539977862,0.0,195.42133,0.0,0.0,0.0,0.0,0.0,0.0,-1.5707964,0.0
1970-01-01 00:00:01.540026453,1.5400264529999999,0.0,82.54591,0.0,0.0,0.0,0.0,0.0,0.0,-1.5707964,0.0
1970-01-01 00:00:01.540154774,1.540154774,0.0,0.0,0.0,0.0,0.0,275.30392,0.0,0.0,-1.5707964,0.0
1970-01-01 00:00:01.540236456,1.5402364560000001,0.0,125.82904,0.0,0.0,0.0,0.0,0.0,0.0,-1.5707964,0.0
1970-01-01 00:00:01.540316880,1.54031688,0.0,156.0404,0.0,0.0,0.0,0.0,0.0,0.0,-1.5707964,0.0
1970-01-01 00:00:01.540441829,1.5404418290000002,0.0,0.0,0.0,0.0,167.64116,0.0,0.0,0.0,-1.5707964,0.0
1970-01-01 00:00:01.540512582,1.5405125819999999,0.0,0.0,0.0,86.000885,0.0,0.0,0.0,0.0,-1.5707964,0.0
1970-01-01 00:00:01.540548592,1.540548592,0.0,0.0,0.0,109.80109,0.0,0.0,0.0,0.0,-1.5707964,0.0
1970-01-01 00:00:01.540971670,1.54097167,0.0,0.0,0.0,0.0,102.028755,0.0,0.0,0.0,-1.5707964,0.0
1970-01-01 00:00:01.541114801,1.541114801,0.0,117.67239,0.0,0.0,0.0,0.0,0.0,0.0,-1.5707964,0.0
1970-01-01 00:00:01.541138739,1.541138739,0.0,0.0,0.0,177.99106,0.0,0.0,0.0,0.0,-1.5707964,0.0
1970-01-01 00:00:01.541427631,1.541427631,0.0,0.0,0.0,0.0,92.9367,0.0,0.0,0.0,-1.5707964,0.0
1970-01-01 00:00:01.541547012,1.541547012,0.0,0.0,0.0,0.0,83.77508,0.0,0.0,0.0,-1.5707964,0.0
1970-01-01 00:00:01.541549131,1.541549131,0.0,0.0,0.0,223.7712,0.0,0.0,0.0,0.0,-1.5707964,0.0
1970-01-01 00:00:01.541582132,1.541582132,133.66751,0.0,0.0,0.0,0.0,0.0,0.0,0.0,-1.5707964,0.0
1970-01-01 00:00:01.541607426,1.5416074260000001,0.0,0.0,0.0,152.49327,0.0,0.0,0.0,0.0,-1.5707964,0.0
1970-01-01 00:00:01.541674370,1.54167437,0.0,0.0,0.0,134.2999,0.0,0.0,0.0,0.0,-1.5707964,0.0
1970-01-01 00:00:01.541690773,1.541690773,0.0,0.0,0.0,0.0,282.62527,0.0,0.0,0.0,-1.5707964,0.0
1970-01-01 00:00:01.541691805,1.5416918050000001,0.0,0.0,0.0,0.0,83.40036,0.0,0.0,0.0,-1.5707964,0.0
1970-01-01 00:00:01.542105110,1.54210511,0.0,92.3208,0.0,0.0,0.0,0.0,0.0,0.0,-1.5707964,0.0
1970-01-01 00:00:01.542220033,1.542220033,136.21315,0.0,0.0,0.0,0.0,0.0,0.0,0.0,-1.5707964,0.0
1970-01-01 00:00:01.542231685,1.542231685,163.11227,0.0,0.0,0.0,0.0,0.0,0.0,0.0,-1.5707964,0.0
1970-01-01 00:00:01.542298978,1.542298978,148.46373,0.0,0.0,0.0,0.0,0.0,0.0,0.0,-1.5707964,0.0
1970-01-01 00:00:01.542493054,1.542493054,0.0,0.0,0.0,0.0,119.046455,0.0,0.0,0.0,-1.5707964,0.0
1970-01-01 00:00:01.542741243,1.542741243,0.0,97.34339,0.0,0.0,0.0,0.0,0.0,0.0,-1.5707964,0.0
1970-01-01 00:00:01.542906732,1.542906732,0.0,241.5218,0.0,0.0,0.0,0.0,0.0,0.0,-1.5707964,0.0
1970-01-01 00:00:01.542908237,1.542908237,0.0,0.0,0.0,92.64999,0.0,0.0,0.0,0.0,-1.5707964,0.0
1970-01-01 00:00:01.543010173,1.5430101729999999,0.0,83.00065,0.0,0.0,0.0,0.0,0.0,0.0,-1.5707964,0.0
1970-01-01 00:00:01.543010261,1.543010261,0.0,0.0,0.0,0.0,102.21984,0.0,0.0,0.0,-1.5707964,0.0
1970-01-01 00:00:01.543157348,1.543157348,0.0,145.86572,0.0,0.0,0.0,0.0,0.0,0.0,-1.5707964,0.0
1970-01-01 00:00:01.543228008,1.543228008,0.0,162.75966,0.0,0.0,0.0,0.0,0.0,0.0,-1.5707964,0.0
1970-01-01 00:00:01.543367589,1.543367589,0.0,0.0,0.0,98.47257,0.0,0.0,0.0,0.0,-1.5707964,0.0
1970-01-01 00:00:01.543623357,1.543623357,0.0,179.90063,0.0,0.0,0.0,0.0,0.0,0.0,-1.5707964,0.0
1970-01-01 00:00:01.543704594,1.543704594,0.0,249.23,0.0,0.0,0.0,0.0,0.0,0.0,-1.5707964,0.0
1970-01-01 00:00:01.543716479,1.543716479,0.0,84.9891,0.0,0.0,0.0,0.0,0.0,0.0,-1.5707964,0.0
1970-01-01 00:00:01.543954523,1.543954523,249.46681,0.0,0.0,0.0,0.0,0.0,0.0,0.0,-1.5707964,0.0
1970-01-01 00:00:01.544076056,1.544076056,0.0,0.0,0.0,100.750244,0.0,0.0,0.0,0.0,-1.5707964,0.0
1970-01-01 00:00:01.544108398,1.544108398,0.0,141.82097,0.0,0.0,0.0,0.0,0.0,0.0,-1.5707964,0.0
1970-01-01 00:00:01.544177534,1.5441775340000001,0.0,87.454605,0.0,0.0,0.0,0.0,0.0,0.0,-1.5707964,0.0
1970-01-01 00:00:01.544241808,1.544241808,225.159,0.0,0.0,0.0,0.0,0.0,0.0,0.0,-1.5707964,0.0
1970-01-01 00:00:01.544318128,1.544318128,97.24612,0.0,0.0,0.0,0.0,0.0,0.0,0.0,-1.5707964,0.0
1970-01-01 00:00:01.544345242,1.544345242,194.07477,0.0,0.0,0.0,0.0,0.0,0.0,0.0,-1.5707964,0.0
1970-01-01 00:00:01.544496159,1.544496159,0.0,0.0,0.0,0.0,268.28146,0.0,0.0,0.0,-1.5707964,0.0
1970-01-01 00:00:01.544708057,1.544708057,163.38474,0.0,0.0,0.0,0.0,0.0,0.0,0.0,-1.5707964,0.0
1970-01-01 00:00:01.544922923,1.5449229230000001,0.0,135.89812,0.0,0.0,0.0,0.0,0.0,0.0,-1.5707964,0.0
1970-01-01 00:00:01.545161095,1.545161095,0.0,114.75025,0.0,0.0,0.0,0.0,0.0,0.0,-1.5707964,0.0
1970-01-01 00:00:01.545275210,1.54527521,0.0,0.0,0.0,0.0,175.90678,0.0,0.0,0.0,-1.5707964,0.0
1970-01-01 00:00:01.545286872,1.5452868720000001,0.0,0.0,0.0,0.0,173.11009,0.0,0.0,0.0,-1.5707964,0.0
1970-01-01 00:00:01.545291253,1.545291253,0.0,116.97673,0.0,0.0,0.0,0.0,0.0,0.0,-1.5707964,0.0
1970-01-01 00:00:01.545397266,1.5453972660000002,0.0,0.0,0.0,0.0,96.605225,0.0,0.0,0.0,-1.5707964,0.0
1970-01-01 00:00:01.545694182,1.545694182,0.0,217.62714,0.0,0.0,0.0,0.0,0.0,0.0,-1.5707964,0.0
1970-01-01 00:00:01.545746038,1.5457460379999999,101.57114,0.0,0.0,0.0,0.0,0.0,0.0,0.0,-1.5707964,0.0
1970-01-01 00:00:01.545781649,1.545781649,0.0,0.0,0.0,80.83379,0.0,0.0,0.0,0.0,-1.5707964,0.0
1970-01-01 00:00:01.545827735,1.545827735,0.0,108.23464,0.0,0.0,0.0,0.0,0.0,0.0,-1.5707964,0.0
1970-01-01 00:00:01.545914373,1.545914373,0.0,111.14105,0.0,0.0,0.0,0.0,0.0,0.0,-1.5707964,0.0
1970-01-01 00:00:01.545964288,1.545964288,0.0,192.52339,0.0,0.0,0.0,0.0,0.0,0.0,-1.5707964,0.0
1970-01-01 00:00:01.545984418,1.545984418,0.0,173.39313,0.0,0.0,0.0,0.0,0.0,0.0,-1.5707964,0.0
1970-01-01 00:00:01.546172472,1.5461724719999999,0.0,0.0,0.0,0.0,118.731255,0.0,0.0,0.0,-1.5707964,0.0
1970-01-01 00:00:01.546193356,1.5461933559999999,0.0,0.0,0.0,0.0,255.68123,0.0,0.0,0.0,-1.5707964,0.0
1970-01-01 00:00:01.546207347,1.546207347,0.0,0.0,0.0,0.0,230.39795,0.0,0.0,0.0,-1.5707964,0.0
1970-01-01 00:00:01.546397480,1.54639748,0.0,0.0,0.0,0.0,129.15114,0.0,0.0,0.0,-1.5707964,0.0
1970-01-01 00:00:01.546426558,1.5464265579999998,0.0,0.0,0.0,0.0,176.71346,0.0,0.0,0.0,-1.5707964,0.0
1970-01-01 00:00:01.546578270,1.54657827,806.2648,0.0,0.0,0.0,0.0,0.0,0.0,0.0,-1.5707964,0.0
1970-01-01 00:00:01.546671383,1.546671383,0.0,0.0,0.0,0.0,96.38474,0.0,0.0,0.0,-1.5707964,0.0
1970-01-01 00:00:01.546672536,1.546672536,0.0,88.77759,0.0,0.0,0.0,0.0,0.0,0.0,-1.5707964,0.0
1970-01-01 00:00:01.546694008,1.546694008,285.06757,0.0,0.0,0.0,0.0,0.0,0.0,0.0,-1.5707964,0.0
1970-01-01 00:00:01.547528287,1.547528287,0.0,125.187515,0.0,0.0,0.0,0.0,0.0,0.0,-1.5707964,0.0
1970-01-01 00:00:01.547661508,1.547661508,0.0,244.45772,0.0,0.0,0.0,0.0,0.0,0.0,-1.5707964,0.0
1970-01-01 00:00:01.547675487,1.547675487,210.41267,0.0,0.0,0.0,0.0,0.0,0.0,0.0,-1.5707964,0.0
1970-01-01 00:00:01.547883708,1.547883708,0.0,0.0,0.0,0.0,83.09554,0.0,0.0,0.0,-1.5707964,0.0
1970-01-01 00:00:01.547906026,1.5479060260000002,0.0,0.0,0.0,0.0,149.48044,0.0,0.0,0.0,-1.5707964,0.0
1970-01-01 00:00:01.547918160,1.54791816,0.0,0.0,0.0,0.0,138.103,0.0,0.0,0.0,-1.5707964,0.0
1970-01-01 00:00:01.547934897,1.547934897,0.0,122.07433,0.0,0.0,0.0,0.0,0.0,0.0,-1.5707964,0.0
1970-01-01 00:00:01.548069676,1.548069676,0.0,0.0,0.0,123.3815,0.0,0.0,0.0,0.0,-1.5707964,0.0
1970-01-01 00:00:01.548213925,1.548213925,0.0,0.0,0.0,431.42105,0.0,0.0,0.0,0.0,-1.5707964,0.0
1970-01-01 00:00:01.548301974,1.5483019740000001,0.0,0.0,0.0,0.0,146.03914,0.0,0.0,0.0,-1.5707964,0.0
1970-01-01 00:00:01.548407972,1.5484079720000001,0.0,91.96132,0.0,0.0,0.0,0.0,0.0,0.0,-1.5707964,0.0
1970-01-01 00:00:01.548490123,1.548490123,0.0,0.0,0.0,115.75142,0.0,0.0,0.0,0.0,-1.5707964,0.0
1970-01-01 00:00:01.548504565,1.548504565,0.0,0.0,0.0,0.0,100.3161,0.0,0.0,0.0,-1.5707964,0.0
1970-01-01 00:00:01.548850520,1.54885052,0.0,144.0467,0.0,0.0,0.0,0.0,0.0,0.0,-1.5707964,0.0
1970-01-01 00:00:01.548952491,1.548952491,87.03865,0.0,0.0,0.0,0.0,0.0,0.0,0.0,-1.5707964,0.0
1970-01-01 00:00:01.549162168,1.549162168,0.0,0.0,0.0,138.34993,0.0,0.0,0.0,0.0,-1.5707964,0.0
1970-01-01 00:00:01.549284393,1.549284393,100.31985,0.0,0.0,0.0,0.0,0.0,0.0,0.0,-1.5707964,0.0
1970-01-01 00:00:01.549288483,1.549288483,0.0,0.0,0.0,156.1339,0.0,0.0,0.0,0.0,-1.5707964,0.0
1970-01-01 00:00:01.549331099,1.549331099,167.54892,0.0,0.0,0.0,0.0,0.0,0.0,0.0,-1.5707964,0.0
1970-01-01 00:00:01.549637998,1.5496379980000001,87.003586,0.0,0.0,0.0,0.0,0.0,0.0,0.0,-1.5707964,0.0
1970-01-01 00:00:01.549895186,1.549895186,187.64647,0.0,0.0,0.0,0.0,0.0,0.0,0.0,-1.5707964,0.0
1970-01-01 00:00:01.549929945,1.5499299450000001,0.0,0.0,172.75438,0.0,0.0,0.0,0.0,0.0,-1.5707964,0.0
1970-01-01 00:00:01.550002756,1.550002756,0.0,139.30565,0.0,0.0,0.0,0.0,0.0,0.0,-1.5707964,0.0
1970-01-01 00:00:01.550024007,1.550024007,0.0,156.85614,0.0,0.0,0.0,0.0,0.0,0.0,-1.5707964,0.0
1970-01-01 00:00:01.550059625,1.550059625,0.0,0.0,0.0,0.0,106.881096,0.0,0.0,0.0,-1.5707964,0.0
1970-01-01 00:00:01.550116676,1.550116676,0.0,0.0,0.0,0.0,186.6696,0.0,0.0,0.0,-1.5707964,0.0
1970-01-01 00:00:01.550122423,1.550122423,0.0,341.84665,0.0,0.0,0.0,0.0,0.0,0.0,-1.5707964,0.0
1970-01-01 00:00:01.550522003,1.550522003,0.0,0.0,0.0,122.24997,0.0,0.0,0.0,0.0,-1.5707964,0.0
1970-01-01 00:00:01.550965951,1.550965951,0.0,0.0,0.0,229.85298,0.0,0.0,0.0,0.0,-1.5707964,0.0
1970-01-01 00:00:01.550976828,1.550976828,0.0,0.0,135.62141,0.0,0.0,0.0,0.0,0.0,-1.5707964,0.0
1970-01-01 00:00:01.551029199,1.551029199,0.0,118.270134,0.0,0.0,0.0,0.0,0.0,0.0,-1.5707964,0.0
1970-01-01 00:00:01.551041959,1.551041959,0.0,0.0,0.0,0.0,87.07066,0.0,0.0,0.0,-1.5707964,0.0
1970-01-01 00:00:01.551326332,1.551326332,0.0,0.0,0.0,0.0,125.992714,0.0,0.0,0.0,-1.5707964,0.0
1970-01-01 00:00:01.551339204,1.551339204,0.0,124.03784,0.0,0.0,0.0,0.0,0.0,0.0,-1.5707964,0.0
1970-01-01 00:00:01.551374993,1.551374993,0.0,0.0,108.603386,0.0,0.0,0.0,0.0,0.0,-1.5707964,0.0
1970-01-01 00:00:01.551587812,1.551587812,0.0,0.0,0.0,0.0,611.9826,0.0,0.0,0.0,-1.5707964,0.0
1970-01-01 00:00:01.551687902,1.5516879019999998,0.0,0.0,0.0,0.0,135.6534,0.0,0.0,0.0,-1.5707964,0.0
1970-01-01 00:00:01.551904116,1.551904116,0.0,148.29527,0.0,0.0,0.0,0.0,0.0,0.0,-1.5707964,0.0
1970-01-01 00:00:01.552069068,1.552069068,0.0,100.80046,0.0,0.0,0.0,0.0,0.0,0.0,-1.5707964,0.0
1970-01-01 00:00:01.552110895,1.552110895,0.0,103.93933,0.0,0.0,0.0,0.0,0.0,0.0,-1.5707964,0.0
1970-01-01 00:00:01.552354924,1.5523549239999999,0.0,0.0,0.0,280.18628,0.0,0.0,0.0,0.0,-1.5707964,0.0
1970-01-01 00:00:01.552382312,1.552382312,0.0,0.0,0.0,179.94064,0.0,0.0,0.0,0.0,-1.5707964,0.0
1970-01-01 00:00:01.552836909,1.552836909,0.0,100.31329,0.0,0.0,0.0,0.0,0.0,0.0,-1.5707964,0.0
1970-01-01 00:00:01.553025210,1.55302521,0.0,0.0,0.0,0.0,105.60803,0.0,0.0,0.0,-1.5707964,0.0
1970-01-01 00:00:01.553207577,1.553207577,0.0,275.34796,0.0,0.0,0.0,0.0,0.0,0.0,-1.5707964,0.0
1970-01-01 00:00:01.553297065,1.553297065,0.0,0.0,0.0,83.7191,0.0,0.0,0.0,0.0,-1.5707964,0.0
1970-01-01 00:00:01.553304295,1.553304295,0.0,0.0,0.0,0.0,133.07782,0.0,0.0,0.0,-1.5707964,0.0
1970-01-01 00:00:01.553641637,1.5536416370000001,108.529526,0.0,0.0,0.0,0.0,0.0,0.0,0.0,-1.5707964,0.0
1970-01-01 00:00:01.554026939,1.5540269389999999,0.0,0.0,0.0,0.0,0.0,106.23044,0.0,0.0,-1.5707964,0.0
1970-01-01 00:00:01.554091734,1.554091734,0.0,92.97296,0.0,0.0,0.0,0.0,0.0,0.0,-1.5707964,0.0
1970-01-01 00:00:01.554186145,1.554186145,0.0,0.0,0.0,0.0,0.0,255.06128,0.0,0.0,-1.5707964,0.0
1970-01-01 00:00:01.554265913,1.554265913,81.90616,0.0,0.0,0.0,0.0,0.0,0.0,0.0,-1.5707964,0.0
1970-01-01 00:00:01.554363247,1.554363247,0.0,127.62444,0.0,0.0,0.0,0.0,0.0,0.0,-1.5707964,0.0
1970-01-01 00:00:01.554573829,1.554573829,0.0,213.06834,0.0,0.0,0.0,0.0,0.0,0.0,-1.5707964,0.0
1970-01-01 00:00:01.554586298,1.554586298,0.0,0.0,0.0,153.80875,0.0,0.0,0.0,0.0,-1.5707964,0.0
1970-01-01 00:00:01.554626445,1.554626445,0.0,0.0,0.0,0.0,243.12267,0.0,0.0,0.0,-1.5707964,0.0
1970-01-01 00:00:01.554652409,1.554652409,0.0,0.0,0.0,0.0,97.061966,0.0,0.0,0.0,-1.5707964,0.0
1970-01-01 00:00:01.554670296,1.5546702959999998,0.0,0.0,0.0,0.0,142.37018,0.0,0.0,0.0,-1.5707964,0.0
1970-01-01 00:00:01.554737133,1.5547371330000002,0.0,0.0,0.0,110.939156,0.0,0.0,0.0,0.0,-1.5707964,0.0
1970-01-01 00:00:01.554813656,1.5548136559999999,0.0,160.56572,0.0,0.0,0.0,0.0,0.0,0.0,-1.5707964,0.0
1970-01-01 00:00:01.554988227,1.554988227,0.0,0.0,0.0,0.0,89.411194,0.0,0.0,0.0,-1.5707964,0.0
1970-01-01 00:00:01.555011800,1.5550118,0.0,0.0,0.0,0.0,175.99554,0.0,0.0,0.0,-1.5707964,0.0
1970-01-01 00:00:01.555162051,1.555162051,0.0,0.0,0.0,226.15648,0.0,0.0,0.0,0.0,-1.5707964,0.0
1970-01-01 00:00:01.555250471,1.555250471,125.05242,0.0,0.0,0.0,0.0,0.0,0.0,0.0,-1.5707964,0.0
1970-01-01 00:00:01.555324491,1.555324491,89.46403,0.0,0.0,0.0,0.0,0.0,0.0,0.0,-1.5707964,0.0
1970-01-01 00:00:01.555585043,1.555585043,0.0,0.0,0.0,0.0,112.36252,0.0,0.0,0.0,-1.5707964,0.0
1970-01-01 00:00:01.555799619,1.555799619,0.0,0.0,0.0,0.0,141.6867,0.0,0.0,0.0,-1.5707964,0.0
1970-01-01 00:00:01.556477936,1.5564779359999998,0.0,0.0,0.0,0.0,146.06398,0.0,0.0,0.0,-1.5707964,0.0
1970-01-01 00:00:01.556477983,1.556477983,0.0,0.0,0.0,283.78958,0.0,0.0,0.0,0.0,-1.5707964,0.0
1970-01-01 00:00:01.556485553,1.556485553,109.28199,0.0,0.0,0.0,0.0,0.0,0.0,0.0,-1.5707964,0.0
1970-01-01 00:00:01.556486933,1.556486933,0.0,93.254906,0.0,0.0,0.0,0.0,0.0,0.0,-1.5707964,0.0
1970-01-01 00:00:01.557093649,1.557093649,0.0,0.0,0.0,183.95027,0.0,0.0,0.0,0.0,-1.5707964,0.0
1970-01-01 00:00:01.557168253,1.557168253,0.0,0.0,0.0,154.18738,0.0,0.0,0.0,0.0,-1.5707964,0.0
1970-01-01 00:00:01.557300268,1.557300268,0.0,0.0,0.0,0.0,133.33057,0.0,0.0,0.0,-1.5707964,0.0
1970-01-01 00:00:01.557361825,1.557361825,0.0,0.0,0.0,0.0,100.16447,0.0,0.0,0.0,-1.5707964,0.0
1970-01-01 00:00:01.557523677,1.557523677,0.0,107.473755,0.0,0.0,0.0,0.0,0.0,0.0,-1.5707964,0.0
1970-01-01 00:00:01.557646123,1.557646123,0.0,0.0,0.0,0.0,85.821785,0.0,0.0,0.0,-1.5707964,0.0
1970-01-01 00:00:01.557855564,1.557855564,0.0,224.8456,0.0,0.0,0.0,0.0,0.0,0.0,-1.5707964,0.0
1970-01-01 00:00:01.557938601,1.557938601,187.68889,0.0,0.0,0.0,0.0,0.0,0.0,0.0,-1.5707964,0.0
1970-01-01 00:00:01.558036098,1.558036098,0.0,0.0,0.0,181.33743,0.0,0.0,0.0,0.0,-1.5707964,0.0
1970-01-01 00:00:01.558108253,1.5581082529999999,0.0,104.79146,0.0,0.0,0.0,0.0,0.0,0.0,-1.5707964,0.0
1970-01-01 00:00:01.558138383,1.558138383,0.0,0.0,0.0,0.0,160.67569,0.0,0.0,0.0,-1.5707964,0.0
1970-01-01 00:00:01.558148485,1.558148485,0.0,0.0,0.0,0.0,177.36012,0.0,0.0,0.0,-1.5707964,0.0
1970-01-01 00:00:01.558211013,1.558211013,0.0,253.01729,0.0,0.0,0.0,0.0,0.0,0.0,-1.5707964,0.0
1970-01-01 00:00:01.558423158,1.558423158,0.0,0.0,0.0,0.0,104.63251,0.0,0.0,0.0,-1.5707964,0.0
1970-01-01 00:00:01.558639556,1.5586395560000001,0.0,107.28617,0.0,0.0,0.0,0.0,0.0,0.0,-1.5707964,0.0
1970-01-01 00:00:01.558724701,1.558724701,0.0,99.7202,0.0,0.0,0.0,0.0,0.0,0.0,-1.5707964,0.0
1970-01-01 00:00:01.558976024,1.5589760240000001,0.0,0.0,0.0,0.0,82.67303,0.0,0.0,0.0,-1.5707964,0.0
1970-01-01 00:00:01.558978399,1.558978399,0.0,0.0,0.0,0.0,175.05167,0.0,0.0,0.0,-1.5707964,0.0
1970-01-01 00:00:01.559019929,1.559019929,114.13819,0.0,0.0,0.0,0.0,0.0,0.0,0.0,-1.5707964,0.0
1970-01-01 00:00:01.559187584,1.559187584,0.0,119.036736,0.0,0.0,0.0,0.0,0.0,0.0,-1.5707964,0.0
1970-01-01 00:00:01.559206643,1.559206643,111.15587,0.0,0.0,0.0,0.0,0.0,0.0,0.0,-1.5707964,0.0
1970-01-01 00:00:01.559256705,1.5592567050000001,0.0,249.91388,0.0,0.0,0.0,0.0,0.0,0.0,-1.5707964,0.0
1970-01-01 00:00:01.559338969,1.5593389690000001,0.0,0.0,0.0,0.0,0.0,188.87297,0.0,0.0,-1.5707964,0.0
1970-01-01 00:00:01.559352162,1.5593521620000002,95.037056,0.0,0.0,0.0,0.0,0.0,0.0,0.0,-1.5707964,0.0
1970-01-01 00:00:01.559540808,1.559540808,0.0,0.0,0.0,0.0,211.90086,0.0,0.0,0.0,-1.5707964,0.0
1970-01-01 00:00:01.559622315,1.559622315,0.0,138.11768,0.0,0.0,0.0,0.0,0.0,0.0,-1.5707964,0.0
1970-01-01 00:00:01.559765729,1.559765729,0.0,0.0,0.0,0.0,80.96542,0.0,0.0,0.0,-1.5707964,0.0
1970-01-01 00:00:01.559925914,1.559925914,105.73589,0.0,0.0,0.0,0.0,0.0,0.0,0.0,-1.5707964,0.0
1970-01-01 00:00:01.559925914,1.559925914,90.1912,0.0,0.0,0.0,0.0,0.0,0.0,0.0,-1.5707964,0.0
1970-01-01 00:00:01.559946472,1.559946472,0.0,93.438965,0.0,0.0,0.0,0.0,0.0,0.0,-1.5707964,0.0
1970-01-01 00:00:01.559956234,1.559956234,0.0,0.0,128.04132,0.0,0.0,0.0,0.0,0.0,-1.5707964,0.0
1970-01-01 00:00:01.560161139,1.5601611389999999,0.0,317.31708,0.0,0.0,0.0,0.0,0.0,0.0,-1.5707964,0.0
1970-01-01 00:00:01.560403755,1.5604037549999998,0.0,189.31612,0.0,0.0,0.0,0.0,0.0,0.0,-1.5707964,0.0
1970-01-01 00:00:01.560489369,1.560489369,0.0,0.0,0.0,0.0,98.364456,0.0,0.0,0.0,-1.5707964,0.0
1970-01-01 00:00:01.560556270,1.56055627,0.0,0.0,0.0,100.96096,0.0,0.0,0.0,0.0,-1.5707964,0.0
1970-01-01 00:00:01.560645361,1.560645361,0.0,178.00565,0.0,0.0,0.0,0.0,0.0,0.0,-1.5707964,0.0
1970-01-01 00:00:01.560765178,1.560765178,0.0,0.0,0.0,0.0,102.45198,0.0,0.0,0.0,-1.5707964,0.0
1970-01-01 00:00:01.560885878,1.5608858780000001,0.0,90.00632,0.0,0.0,0.0,0.0,0.0,0.0,-1.5707964,0.0
1970-01-01 00:00:01.560957494,1.560957494,0.0,218.67838,0.0,0.0,0.0,0.0,0.0,0.0,-1.5707964,0.0
1970-01-01 00:00:01.561073864,1.561073864,99.92571,0.0,0.0,0.0,0.0,0.0,0.0,0.0,-1.5707964,0.0
1970-01-01 00:00:01.561114558,1.5611145579999999,0.0,279.3245,0.0,0.0,0.0,0.0,0.0,0.0,-1.5707964,0.0
1970-01-01 00:00:01.561163041,1.561163041,0.0,0.0,0.0,0.0,0.0,106.19995,0.0,0.0,-1.5707964,0.0
1970-01-01 00:00:01.561355659,1.561355659,0.0,104.22166,0.0,0.0,0.0,0.0,0.0,0.0,-1.5707964,0.0
1970-01-01 00:00:01.561557883,1.5615578829999999,0.0,82.02202,0.0,0.0,0.0,0.0,0.0,0.0,-1.5707964,0.0
1970-01-01 00:00:01.561688249,1.561688249,0.0,146.58995,0.0,0.0,0.0,0.0,0.0,0.0,-1.5707964,0.0
1970-01-01 00:00:01.561688499,1.561688499,0.0,0.0,0.0,90.80602,0.0,0.0,0.0,0.0,-1.5707964,0.0
1970-01-01 00:00:01.561831196,1.561831196,0.0,98.75418,0.0,0.0,0.0,0.0,0.0,0.0,-1.5707964,0.0
1970-01-01 00:00:01.561880588,1.561880588,0.0,103.117386,0.0,0.0,0.0,0.0,0.0,0.0,-1.5707964,0.0
1970-01-01 00:00:01.562427970,1.5624279699999999,0.0,0.0,0.0,0.0,243.13242,0.0,0.0,0.0,-1.5707964,0.0
1970-01-01 00:00:01.562450108,1.562450108,0.0,278.41806,0.0,0.0,0.0,0.0,0.0,0.0,-1.5707964,0.0
1970-01-01 00:00:01.562518217,1.562518217,0.0,0.0,0.0,0.0,0.0,140.54213,0.0,0.0,-1.5707964,0.0
1970-01-01 00:00:01.562610307,1.562610307,0.0,0.0,0.0,124.45269,0.0,0.0,0.0,0.0,-1.5707964,0.0
1970-01-01 00:00:01.562629499,1.562629499,0.0,0.0,0.0,0.0,88.443726,0.0,0.0,0.0,-1.5707964,0.0
1970-01-01 00:00:01.562730986,1.562730986,0.0,0.0,0.0,0.0,283.80072,0.0,0.0,0.0,-1.5707964,0.0
1970-01-01 00:00:01.562889949,1.5628899490000001,0.0,111.92541,0.0,0.0,0.0,0.0,0.0,0.0,-1.5707964,0.0
1970-01-01 00:00:01.562910326,1.562910326,0.0,132.22989,0.0,0.0,0.0,0.0,0.0,0.0,-1.5707964,0.0
1970-01-01 00:00:01.562923872,1.562923872,0.0,172.874,0.0,0.0,0.0,0.0,0.0,0.0,-1.5707964,0.0
1970-01-01 00:00:01.563006440,1.56300644,0.0,168.35715,0.0,0.0,0.0,0.0,0.0,0.0,-1.5707964,0.0
1970-01-01 00:00:01.563104714,1.563104714,0.0,0.0,0.0,365.1608,0.0,0.0,0.0,0.0,-1.5707964,0.0
1970-01-01 00:00:01.563274423,1.563274423,0.0,0.0,0.0,0.0,113.53772,0.0,0.0,0.0,-1.5707964,0.0
1970-01-01 00:00:01.563345864,1.563345864,0.0,88.91351,0.0,0.0,0.0,0.0,0.0,0.0,-1.5707964,0.0
1970-01-01 00:00:01.563403456,1.563403456,0.0,306.81387,0.0,0.0,0.0,0.0,0.0,0.0,-1.5707964,0.0
1970-01-01 00:00:01.563475844,1.563475844,0.0,164.3637,0.0,0.0,0.0,0.0,0.0,0.0,-1.5707964,0.0
1970-01-01 00:00:01.563576409,1.563576409,200.52972,0.0,0.0,0.0,0.0,0.0,0.0,0.0,-1.5707964,0.0
1970-01-01 00:00:01.563675713,1.5636757129999999,0.0,317.06573,0.0,0.0,0.0,0.0,0.0,0.0,-1.5707964,0.0
1970-01-01 00:00:01.563688320,1.56368832,0.0,0.0,0.0,0.0,149.14366,0.0,0.0,0.0,-1.5707964,0.0
1970-01-01 00:00:01.563730323,1.5637303230000001,0.0,103.84615,0.0,0.0,0.0,0.0,0.0,0.0,-1.5707964,0.0
1970-01-01 00:00:01.563814462,1.5638144619999998,0.0,0.0,0.0,0.0,80.895775,0.0,0.0,0.0,-1.5707964,0.0
1970-01-01 00:00:01.563879137,1.563879137,0.0,170.095,0.0,0.0,0.0,0.0,0.0,0.0,-1.5707964,0.0
1970-01-01 00:00:01.564122963,1.564122963,88.941696,0.0,0.0,0.0,0.0,0.0,0.0,0.0,-1.5707964,0.0
1970-01-01 00:00:01.564125360,1.56412536,305.83582,0.0,0.0,0.0,0.0,0.0,0.0,0.0,-1.5707964,0.0
1970-01-01 00:00:01.564183631,1.5641836310000001,0.0,110.97335,0.0,0.0,0.0,0.0,0.0,0.0,-1.5707964,0.0
1970-01-01 00:00:01.564199588,1.5641995880000001,119.34685,0.0,0.0,0.0,0.0,0.0,0.0,0.0,-1.5707964,0.0
1970-01-01 00:00:01.564512712,1.564512712,0.0,0.0,0.0,0.0,255.08171,0.0,0.0,0.0,-1.5707964,0.0
1970-01-01 00:00:01.564526523,1.564526523,0.0,91.14199,0.0,0.0,0.0,0.0,0.0,0.0,-1.5707964,0.0
1970-01-01 00:00:01.564637119,1.564637119,0.0,0.0,0.0,0.0,128.2819,0.0,0.0,0.0,-1.5707964,0.0
1970-01-01 00:00:01.564699665,1.564699665,0.0,98.85851,0.0,0.0,0.0,0.0,0.0,0.0,-1.5707964,0.0
1970-01-01 00:00:01.564712063,1.564712063,0.0,0.0,0.0,0.0,119.529144,0.0,0.0,0.0,-1.5707964,0.0
1970-01-01 00:00:01.564729794,1.564729794,0.0,97.44158,0.0,0.0,0.0,0.0,0.0,0.0,-1.5707964,0.0
1970-01-01 00:00:01.564732367,1.564732367,0.0,108.39742,0.0,0.0,0.0,0.0,0.0,0.0,-1.5707964,0.0
1970-01-01 00:00:01.564864773,1.564864773,0.0,0.0,0.0,101.42502,0.0,0.0,0.0,0.0,-1.5707964,0.0
1970-01-01 00:00:01.564923044,1.564923044,0.0,0.0,0.0,0.0,83.29582,0.0,0.0,0.0,-1.5707964,0.0
1970-01-01 00:00:01.565065943,1.565065943,0.0,0.0,0.0,0.0,94.42571,0.0,0.0,0.0,-1.5707964,0.0
1970-01-01 00:00:01.565173163,1.5651731629999999,207.55417,0.0,0.0,0.0,0.0,0.0,0.0,0.0,-1.5707964,0.0
1970-01-01 00:00:01.565553619,1.5655536190000001,0.0,0.0,0.0,0.0,125.16117,0.0,0.0,0.0,-1.5707964,0.0
1970-01-01 00:00:01.565590553,1.565590553,0.0,0.0,0.0,0.0,111.327805,0.0,0.0,0.0,-1.5707964,0.0
1970-01-01 00:00:01.565762211,1.565762211,0.0,192.58812,0.0,0.0,0.0,0.0,0.0,0.0,-1.5707964,0.0
1970-01-01 00:00:01.565868382,1.5658683820000001,0.0,85.16408,0.0,0.0,0.0,0.0,0.0,0.0,-1.5707964,0.0
1970-01-01 00:00:01.565946512,1.565946512,0.0,0.0,0.0,0.0,218.91357,0.0,0.0,0.0,-1.5707964,0.0
1970-01-01 00:00:01.565980838,1.565980838,0.0,291.45654,0.0,0.0,0.0,0.0,0.0,0.0,-1.5707964,0.0
1970-01-01 00:00:01.566163096,1.566163096,0.0,0.0,0.0,0.0,90.77832,0.0,0.0,0.0,-1.5707964,0.0
1970-01-01 00:00:01.566217457,1.566217457,0.0,305.33884,0.0,0.0,0.0,0.0,0.0,0.0,-1.5707964,0.0
1970-01-01 00:00:01.566381664,1.5663816640000001,0.0,0.0,0.0,0.0,103.87848,0.0,0.0,0.0,-1.5707964,0.0
1970-01-01 00:00:01.566717269,1.566717269,0.0,0.0,0.0,204.1074,0.0,0.0,0.0,0.0,-1.5707964,0.0
1970-01-01 00:00:01.566733621,1.566733621,112.8827,0.0,0.0,0.0,0.0,0.0,0.0,0.0,-1.5707964,0.0
1970-01-01 00:00:01.566771633,1.566771633,0.0,199.27895,0.0,0.0,0.0,0.0,0.0,0.0,-1.5707964,0.0
1970-01-01 00:00:01.566774460,1.56677446,143.32938,0.0,0.0,0.0,0.0,0.0,0.0,0.0,-1.5707964,0.0
1970-01-01 00:00:01.566935661,1.566935661,0.0,178.26143,0.0,0.0,0.0,0.0,0.0,0.0,-1.5707964,0.0
1970-01-01 00:00:01.566958271,1.5669582709999998,0.0,0.0,0.0,453.27444,0.0,0.0,0.0,0.0,-1.5707964,0.0
1970-01-01 00:00:01.567055868,1.567055868,0.0,0.0,0.0,274.69345,0.0,0.0,0.0,0.0,-1.5707964,0.0
1970-01-01 00:00:01.567142743,1.567142743,0.0,0.0,0.0,0.0,320.2944,0.0,0.0,0.0,-1.5707964,0.0
1970-01-01 00:00:01.567175889,1.567175889,0.0,0.0,0.0,180.28412,0.0,0.0,0.0,0.0,-1.5707964,0.0
1970-01-01 00:00:01.567239504,1.567239504,95.97034,0.0,0.0,0.0,0.0,0.0,0.0,0.0,-1.5707964,0.0
1970-01-01 00:00:01.567241511,1.567241511,0.0,0.0,0.0,0.0,85.88044,0.0,0.0,0.0,-1.5707964,0.0
1970-01-01 00:00:01.567273430,1.56727343,0.0,0.0,0.0,145.45384,0.0,0.0,0.0,0.0,-1.5707964,0.0
1970-01-01 00:00:01.567367182,1.567367182,99.78471,0.0,0.0,0.0,0.0,0.0,0.0,0.0,-1.5707964,0.0
1970-01-01 00:00:01.567672908,1.567672908,0.0,0.0,0.0,0.0,106.43417,0.0,0.0,0.0,-1.5707964,0.0
1970-01-01 00:00:01.567703976,1.567703976,0.0,0.0,0.0,0.0,122.07779,0.0,0.0,0.0,-1.5707964,0.0
1970-01-01 00:00:01.567889765,1.5678897649999999,82.38705,0.0,0.0,0.0,0.0,0.0,0.0,0.0,-1.5707964,0.0
1970-01-01 00:00:01.567951973,1.567951973,0.0,0.0,0.0,0.0,0.0,100.9893,0.0,0.0,-1.5707964,0.0
1970-01-01 00:00:01.567959458,1.567959458,0.0,144.88385,0.0,0.0,0.0,0.0,0.0,0.0,-1.5707964,0.0
1970-01-01 00:00:01.568041639,1.568041639,0.0,0.0,0.0,0.0,181.34749,0.0,0.0,0.0,-1.5707964,0.0
1970-01-01 00:00:01.568140321,1.568140321,0.0,105.30863,0.0,0.0,0.0,0.0,0.0,0.0,-1.5707964,0.0
1970-01-01 00:00:01.568376459,1.568376459,0.0,136.64888,0.0,0.0,0.0,0.0,0.0,0.0,-1.5707964,0.0
1970-01-01 00:00:01.568586932,1.568586932,0.0,154.40198,0.0,0.0,0.0,0.0,0.0,0.0,-1.5707964,0.0
1970-01-01 00:00:01.568598594,1.568598594,0.0,0.0,0.0,0.0,123.14123,0.0,0.0,0.0,-1.5707964,0.0
1970-01-01 00:00:01.568633222,1.5686332219999999,0.0,161.4177,0.0,0.0,0.0,0.0,0.0,0.0,-1.5707964,0.0
1970-01-01 00:00:01.568669610,1.5686696100000002,97.19195,0.0,0.0,0.0,0.0,0.0,0.0,0.0,-1.5707964,0.0
1970-01-01 00:00:01.568745417,1.5687454170000001,0.0,119.530136,0.0,0.0,0.0,0.0,0.0,0.0,-1.5707964,0.0
1970-01-01 00:00:01.568842548,1.5688425480000001,0.0,0.0,0.0,0.0,88.38009,0.0,0.0,0.0,-1.5707964,0.0
1970-01-01 00:00:01.568845879,1.568845879,0.0,0.0,0.0,0.0,0.0,178.29228,0.0,0.0,-1.5707964,0.0
1970-01-01 00:00:01.569196433,1.5691964330000001,0.0,0.0,0.0,123.38503,0.0,0.0,0.0,0.0,-1.5707964,0.0
1970-01-01 00:00:01.569237598,1.569237598,0.0,95.7793,0.0,0.0,0.0,0.0,0.0,0.0,-1.5707964,0.0
1970-01-01 00:00:01.569299492,1.5692994919999999,358.7356,0.0,0.0,0.0,0.0,0.0,0.0,0.0,-1.5707964,0.0
1970-01-01 00:00:01.569321712,1.569321712,171.23291,0.0,0.0,0.0,0.0,0.0,0.0,0.0,-1.5707964,0.0
1970-01-01 00:00:01.569416657,1.569416657,0.0,0.0,0.0,0.0,89.30681,0.0,0.0,0.0,-1.5707964,0.0
1970-01-01 00:00:01.569437588,1.569437588,0.0,0.0,0.0,0.0,0.0,160.5819,0.0,0.0,-1.5707964,0.0
1970-01-01 00:00:01.569455326,1.569455326,0.0,337.63214,0.0,0.0,0.0,0.0,0.0,0.0,-1.5707964,0.0
1970-01-01 00:00:01.569677180,1.56967718,0.0,0.0,0.0,0.0,86.91686,0.0,0.0,0.0,-1.5707964,0.0
1970-01-01 00:00:01.569931502,1.569931502,296.90945,0.0,0.0,0.0,0.0,0.0,0.0,0.0,-1.5707964,0.0
1970-01-01 00:00:01.569952059,1.569952059,0.0,201.94447,0.0,0.0,0.0,0.0,0.0,0.0,-1.5707964,0.0
1970-01-01 00:00:01.570007650,1.57000765,0.0,0.0,0.0,306.1619,0.0,0.0,0.0,0.0,-1.5707964,0.0
1970-01-01 00:00:01.570035823,1.570035823,0.0,209.40286,0.0,0.0,0.0,0.0,0.0,0.0,-1.5707964,0.0
1970-01-01 00:00:01.570153654,1.5701536539999998,0.0,0.0,0.0,0.0,137.54845,0.0,0.0,0.0,-1.5707964,0.0
1970-01-01 00:00:01.570173193,1.570173193,0.0,273.10907,0.0,0.0,0.0,0.0,0.0,0.0,-1.5707964,0.0
1970-01-01 00:00:01.570184070,1.57018407,0.0,0.0,0.0,0.0,99.40415,0.0,0.0,0.0,-1.5707964,0.0
1970-01-01 00:00:01.570289038,1.5702890379999999,0.0,0.0,0.0,0.0,86.315575,0.0,0.0,0.0,-1.5707964,0.0
1970-01-01 00:00:01.570305703,1.570305703,0.0,0.0,0.0,0.0,144.76535,0.0,0.0,0.0,-1.5707964,0.0
1970-01-01 00:00:01.570345352,1.570345352,0.0,144.33322,0.0,0.0,0.0,0.0,0.0,0.0,-1.5707964,0.0
1970-01-01 00:00:01.570616976,1.5706169760000002,0.0,0.0,0.0,0.0,100.371544,0.0,0.0,0.0,-1.5707964,0.0
1970-01-01 00:00:01.570796559,1.5707965590000001,97.43553,0.0,0.0,0.0,0.0,0.0,0.0,0.0,-1.5707964,0.0
1970-01-01 00:00:01.570884089,1.570884089,148.81075,0.0,0.0,0.0,0.0,0.0,0.0,0.0,-1.5707964,0.0
1970-01-01 00:00:01.570906228,1.5709062280000001,0.0,0.0,0.0,0.0,90.3212,0.0,0.0,0.0,-1.5707964,0.0
1970-01-01 00:00:01.570942880,1.57094288,0.0,0.0,0.0,88.62351,0.0,0.0,0.0,0.0,-1.5707964,0.0
1970-01-01 00:00:01.570946976,1.570946976,153.2707,0.0,0.0,0.0,0.0,0.0,0.0,0.0,-1.5707964,0.0
1970-01-01 00:00:01.570995702,1.570995702,0.0,0.0,0.0,92.601524,0.0,0.0,0.0,0.0,-1.5707964,0.0
1970-01-01 00:00:01.571007220,1.57100722,0.0,0.0,0.0,194.34508,0.0,0.0,0.0,0.0,-1.5707964,0.0
1970-01-01 00:00:01.571101059,1.571101059,112.217125,0.0,0.0,0.0,0.0,0.0,0.0,0.0,-1.5707964,0.0
1970-01-01 00:00:01.571315208,1.5713152080000001,0.0,148.81912,0.0,0.0,0.0,0.0,0.0,0.0,-1.5707964,0.0
1970-01-01 00:00:01.571543750,1.57154375,326.9611,0.0,0.0,0.0,0.0,0.0,0.0,0.0,-1.5707964,0.0
1970-01-01 00:00:01.571611463,1.571611463,82.38823,0.0,0.0,0.0,0.0,0.0,0.0,0.0,-1.5707964,0.0
1970-01-01 00:00:01.571633354,1.571633354,0.0,0.0,0.0,0.0,142.98488,0.0,0.0,0.0,-1.5707964,0.0
1970-01-01 00:00:01.571925030,1.57192503,0.0,0.0,0.0,0.0,0.0,81.00151,0.0,0.0,-1.5707964,0.0
1970-01-01 00:00:01.572075963,1.572075963,0.0,0.0,0.0,0.0,118.354256,0.0,0.0,0.0,-1.5707964,0.0
1970-01-01 00:00:01.572157563,1.572157563,0.0,318.71112,0.0,0.0,0.0,0.0,0.0,0.0,-1.5707964,0.0
1970-01-01 00:00:01.572260635,1.5722606350000001,92.53681,0.0,0.0,0.0,0.0,0.0,0.0,0.0,-1.5707964,0.0
1970-01-01 00:00:01.572268465,1.572268465,0.0,0.0,0.0,147.1832,0.0,0.0,0.0,0.0,-1.5707964,0.0
1970-01-01 00:00:01.572806721,1.572806721,0.0,94.87196,0.0,0.0,0.0,0.0,0.0,0.0,-1.5707964,0.0
1970-01-01 00:00:01.573070529,1.573070529,0.0,90.48819,0.0,0.0,0.0,0.0,0.0,0.0,-1.5707964,0.0
1970-01-01 00:00:01.573195453,1.5731954529999999,0.0,0.0,0.0,136.71655,0.0,0.0,0.0,0.0,-1.5707964,0.0
1970-01-01 00:00:01.573245810,1.57324581,0.0,82.54646,0.0,0.0,0.0,0.0,0.0,0.0,-1.5707964,0.0
1970-01-01 00:00:01.573247438,1.573247438,0.0,0.0,0.0,0.0,104.1595,0.0,0.0,0.0,-1.5707964,0.0
1970-01-01 00:00:01.573271203,1.573271203,0.0,131.91423,0.0,0.0,0.0,0.0,0.0,0.0,-1.5707964,0.0
1970-01-01 00:00:01.573293607,1.573293607,0.0,131.30106,0.0,0.0,0.0,0.0,0.0,0.0,-1.5707964,0.0
1970-01-01 00:00:01.573378597,1.573378597,0.0,0.0,0.0,0.0,85.41215,0.0,0.0,0.0,-1.5707964,0.0
1970-01-01 00:00:01.573399474,1.573399474,107.43591,0.0,0.0,0.0,0.0,0.0,0.0,0.0,-1.5707964,0.0
1970-01-01 00:00:01.573460190,1.57346019,0.0,173.98856,0.0,0.0,0.0,0.0,0.0,0.0,-1.5707964,0.0
1970-01-01 00:00:01.573697181,1.573697181,0.0,0.0,0.0,0.0,269.07047,0.0,0.0,0.0,-1.5707964,0.0
1970-01-01 00:00:01.573734371,1.573734371,0.0,119.71335,0.0,0.0,0.0,0.0,0.0,0.0,-1.5707964,0.0
1970-01-01 00:00:01.573740773,1.573740773,0.0,0.0,80.08078,0.0,0.0,0.0,0.0,0.0,-1.5707964,0.0
1970-01-01 00:00:01.573763699,1.5737636990000001,0.0,354.33182,0.0,0.0,0.0,0.0,0.0,0.0,-1.5707964,0.0
1970-01-01 00:00:01.573845424,1.573845424,0.0,0.0,0.0,113.75159,0.0,0.0,0.0,0.0,-1.5707964,0.0
1970-01-01 00:00:01.573990894,1.573990894,98.62842,0.0,0.0,0.0,0.0,0.0,0.0,0.0,-1.5707964,0.0
1970-01-01 00:00:01.574073300,1.5740733,0.0,0.0,0.0,270.92026,0.0,0.0,0.0,0.0,-1.5707964,0.0
1970-01-01 00:00:01.574151511,1.574151511,0.0,0.0,0.0,174.30171,0.0,0.0,0.0,0.0,-1.5707964,0.0
1970-01-01 00:00:01.574168731,1.5741687309999999,0.0,149.49873,0.0,0.0,0.0,0.0,0.0,0.0,-1.5707964,0.0
1970-01-01 00:00:01.574432942,1.574432942,204.1994,0.0,0.0,0.0,0.0,0.0,0.0,0.0,-1.5707964,0.0
1970-01-01 00:00:01.574498107,1.5744981070000001,0.0,0.0,0.0,104.58554,0.0,0.0,0.0,0.0,-1.5707964,0.0
1970-01-01 00:00:01.574521864,1.574521864,0.0,0.0,0.0,0.0,83.604546,0.0,0.0,0.0,-1.5707964,0.0
1970-01-01 00:00:01.574637123,1.574637123,0.0,98.70849,0.0,0.0,0.0,0.0,0.0,0.0,-1.5707964,0.0
1970-01-01 00:00:01.574637123,1.574637123,0.0,92.702736,0.0,0.0,0.0,0.0,0.0,0.0,-1.5707964,0.0
1970-01-01 00:00:01.574748479,1.5747484790000001,83.750046,0.0,0.0,0.0,0.0,0.0,0.0,0.0,-1.5707964,0.0
1970-01-01 00:00:01.574772459,1.574772459,0.0,0.0,0.0,0.0,102.98383,0.0,0.0,0.0,-1.5707964,0.0
1970-01-01 00:00:01.574782633,1.5747826329999999,0.0,210.15024,0.0,0.0,0.0,0.0,0.0,0.0,-1.5707964,0.0
1970-01-01 00:00:01.574881745,1.5748817449999999,0.0,147.79285,0.0,0.0,0.0,0.0,0.0,0.0,-1.5707964,0.0
1970-01-01 00:00:01.575052189,1.575052189,0.0,0.0,0.0,0.0,122.124916,0.0,0.0,0.0,-1.5707964,0.0
1970-01-01 00:00:01.575326012,1.575326012,194.61314,0.0,0.0,0.0,0.0,0.0,0.0,0.0,-1.5707964,0.0
1970-01-01 00:00:01.575573622,1.5755736219999998,0.0,409.4178,0.0,0.0,0.0,0.0,0.0,0.0,-1.5707964,0.0
1970-01-01 00:00:01.575679511,1.5756795110000001,0.0,0.0,234.10883,0.0,0.0,0.0,0.0,0.0,-1.5707964,0.0
1970-01-01 00:00:01.575691449,1.575691449,0.0,0.0,0.0,0.0,107.47888,0.0,0.0,0.0,-1.5707964,0.0
1970-01-01 00:00:01.575707417,1.575707417,0.0,110.09674,0.0,0.0,0.0,0.0,0.0,0.0,-1.5707964,0.0
1970-01-01 00:00:01.575913858,1.5759138579999998,0.0,0.0,0.0,268.7301,0.0,0.0,0.0,0.0,-1.5707964,0.0
1970-01-01 00:00:01.575987012,1.5759870120000001,0.0,0.0,0.0,99.77099,0.0,0.0,0.0,0.0,-1.5707964,0.0
1970-01-01 00:00:01.576029235,1.576029235,0.0,0.0,0.0,0.0,196.89017,0.0,0.0,0.0,-1.5707964,0.0
1970-01-01 00:00:01.576042726,1.5760427259999998,0.0,0.0,0.0,0.0,0.0,124.52315,0.0,0.0,-1.5707964,0.0
1970-01-01 00:00:01.576103286,1.576103286,0.0,0.0,0.0,0.0,128.47632,0.0,0.0,0.0,-1.5707964,0.0
1970-01-01 00:00:01.576194165,1.576194165,0.0,82.56918,0.0,0.0,0.0,0.0,0.0,0.0,-1.5707964,0.0
1970-01-01 00:00:01.576297195,1.576297195,0.0,0.0,0.0,0.0,116.33108,0.0,0.0,0.0,-1.5707964,0.0
1970-01-01 00:00:01.576540880,1.57654088,0.0,135.23459,0.0,0.0,0.0,0.0,0.0,0.0,-1.5707964,0.0
1970-01-01 00:00:01.576685881,1.576685881,0.0,0.0,0.0,0.0,111.11197,0.0,0.0,0.0,-1.5707964,0.0
1970-01-01 00:00:01.576692144,1.576692144,0.0,142.08852,0.0,0.0,0.0,0.0,0.0,0.0,-1.5707964,0.0
1970-01-01 00:00:01.576926785,1.576926785,0.0,0.0,0.0,0.0,81.195816,0.0,0.0,0.0,-1.5707964,0.0
1970-01-01 00:00:01.576938764,1.5769387639999999,0.0,0.0,0.0,0.0,96.62224,0.0,0.0,0.0,-1.5707964,0.0
1970-01-01 00:00:01.577043351,1.577043351,0.0,167.92566,0.0,0.0,0.0,0.0,0.0,0.0,-1.5707964,0.0
1970-01-01 00:00:01.577130555,1.577130555,0.0,0.0,0.0,213.18118,0.0,0.0,0.0,0.0,-1.5707964,0.0
1970-01-01 00:00:01.577201222,1.577201222,0.0,0.0,0.0,153.83946,0.0,0.0,0.0,0.0,-1.5707964,0.0
1970-01-01 00:00:01.577261125,1.5772611250000002,0.0,166.49088,0.0,0.0,0.0,0.0,0.0,0.0,-1.5707964,0.0
1970-01-01 00:00:01.577313510,1.57731351,0.0,93.839134,0.0,0.0,0.0,0.0,0.0,0.0,-1.5707964,0.0
1970-01-01 00:00:01.577350618,1.577350618,0.0,193.18906,0.0,0.0,0.0,0.0,0.0,0.0,-1.5707964,0.0
1970-01-01 00:00:01.577370064,1.5773700640000001,0.0,0.0,0.0,104.138405,0.0,0.0,0.0,0.0,-1.5707964,0.0
1970-01-01 00:00:01.577492656,1.577492656,113.226685,0.0,0.0,0.0,0.0,0.0,0.0,0.0,-1.5707964,0.0
1970-01-01 00:00:01.577745704,1.577745704,128.88075,0.0,0.0,0.0,0.0,0.0,0.0,0.0,-1.5707964,0.0
1970-01-01 00:00:01.577770967,1.577770967,0.0,0.0,0.0,0.0,185.40308,0.0,0.0,0.0,-1.5707964,0.0
1970-01-01 00:00:01.577855966,1.577855966,0.0,0.0,0.0,0.0,121.928566,0.0,0.0,0.0,-1.5707964,0.0
1970-01-01 00:00:01.577909441,1.577909441,0.0,0.0,0.0,0.0,81.15085,0.0,0.0,0.0,-1.5707964,0.0
1970-01-01 00:00:01.577972715,1.577972715,0.0,0.0,0.0,0.0,261.568,0.0,0.0,0.0,-1.5707964,0.0
1970-01-01 00:00:01.578111644,1.578111644,0.0,91.29251,0.0,0.0,0.0,0.0,0.0,0.0,-1.5707964,0.0
1970-01-01 00:00:01.578120337,1.578120337,102.67391,0.0,0.0,0.0,0.0,0.0,0.0,0.0,-1.5707964,0.0
1970-01-01 00:00:01.578170517,1.578170517,162.36993,0.0,0.0,0.0,0.0,0.0,0.0,0.0,-1.5707964,0.0
1970-01-01 00:00:01.578439480,1.5784394800000001,0.0,116.31289,0.0,0.0,0.0,0.0,0.0,0.0,-1.5707964,0.0
1970-01-01 00:00:01.578842951,1.578842951,0.0,102.00363,0.0,0.0,0.0,0.0,0.0,0.0,-1.5707964,0.0
1970-01-01 00:00:01.578862348,1.578862348,0.0,0.0,0.0,0.0,92.80452,0.0,0.0,0.0,-1.5707964,0.0
1970-01-01 00:00:01.578976924,1.578976924,0.0,0.0,245.14717,0.0,0.0,0.0,0.0,0.0,-1.5707964,0.0
1970-01-01 00:00:01.579143320,1.57914332,0.0,0.0,0.0,0.0,111.9061,0.0,0.0,0.0,-1.5707964,0.0
1970-01-01 00:00:01.579319515,1.579319515,0.0,0.0,0.0,0.0,0.0,289.25528,0.0,0.0,-1.5707964,0.0
1970-01-01 00:00:01.579374591,1.579374591,87.44687,0.0,0.0,0.0,0.0,0.0,0.0,0.0,-1.5707964,0.0
1970-01-01 00:00:01.579396067,1.579396067,0.0,156.44897,0.0,0.0,0.0,0.0,0.0,0.0,-1.5707964,0.0
1970-01-01 00:00:01.579493628,1.579493628,0.0,252.39995,0.0,0.0,0.0,0.0,0.0,0.0,-1.5707964,0.0
1970-01-01 00:00:01.579534151,1.579534151,0.0,0.0,0.0,0.0,100.485565,0.0,0.0,0.0,-1.5707964,0.0
1970-01-01 00:00:01.579690377,1.579690377,0.0,0.0,0.0,192.86374,0.0,0.0,0.0,0.0,-1.5707964,0.0
1970-01-01 00:00:01.579717916,1.5797179159999999,194.5559,0.0,0.0,0.0,0.0,0.0,0.0,0.0,-1.5707964,0.0
1970-01-01 00:00:01.579934983,1.579934983,0.0,0.0,0.0,122.74805,0.0,0.0,0.0,0.0,-1.5707964,0.0
1970-01-01 00:00:01.579975247,1.5799752470000001,0.0,153.78929,0.0,0.0,0.0,0.0,0.0,0.0,-1.5707964,0.0
1970-01-01 00:00:01.580110541,1.580110541,0.0,0.0,313.51294,0.0,0.0,0.0,0.0,0.0,-1.5707964,0.0
1970-01-01 00:00:01.580134647,1.580134647,0.0,0.0,0.0,0.0,473.08228,0.0,0.0,0.0,-1.5707964,0.0
1970-01-01 00:00:01.580136763,1.580136763,0.0,237.28471,0.0,0.0,0.0,0.0,0.0,0.0,-1.5707964,0.0
1970-01-01 00:00:01.580317672,1.580317672,0.0,156.47888,0.0,0.0,0.0,0.0,0.0,0.0,-1.5707964,0.0
1970-01-01 00:00:01.580392884,1.580392884,0.0,120.645485,0.0,0.0,0.0,0.0,0.0,0.0,-1.5707964,0.0
1970-01-01 00:00:01.580405493,1.580405493,92.70156,0.0,0.0,0.0,0.0,0.0,0.0,0.0,-1.5707964,0.0
1970-01-01 00:00:01.580478693,1.5804786929999999,0.0,0.0,0.0,0.0,119.09925,0.0,0.0,0.0,-1.5707964,0.0
1970-01-01 00:00:01.580968913,1.580968913,0.0,0.0,0.0,0.0,0.0,348.76004,0.0,0.0,-1.5707964,0.0
1970-01-01 00:00:01.581003584,1.5810035839999999,0.0,171.28091,0.0,0.0,0.0,0.0,0.0,0.0,-1.5707964,0.0
1970-01-01 00:00:01.581061923,1.581061923,248.77231,0.0,0.0,0.0,0.0,0.0,0.0,0.0,-1.5707964,0.0
1970-01-01 00:00:01.581122717,1.581122717,0.0,0.0,0.0,0.0,244.47871,0.0,0.0,0.0,-1.5707964,0.0
1970-01-01 00:00:01.581132898,1.581132898,0.0,0.0,125.06446,0.0,0.0,0.0,0.0,0.0,-1.5707964,0.0
1970-01-01 00:00:01.581215188,1.581215188,93.3797,0.0,0.0,0.0,0.0,0.0,0.0,0.0,-1.5707964,0.0
1970-01-01 00:00:01.581273875,1.581273875,0.0,127.83413,0.0,0.0,0.0,0.0,0.0,0.0,-1.5707964,0.0
1970-01-01 00:00:01.581460149,1.581460149,0.0,169.31477,0.0,0.0,0.0,0.0,0.0,0.0,-1.5707964,0.0
1970-01-01 00:00:01.581593168,1.581593168,0.0,0.0,0.0,0.0,86.396805,0.0,0.0,0.0,-1.5707964,0.0
1970-01-01 00:00:01.581868840,1.58186884,0.0,0.0,0.0,0.0,168.75026,0.0,0.0,0.0,-1.5707964,0.0
1970-01-01 00:00:01.581954368,1.5819543679999999,0.0,99.30792,0.0,0.0,0.0,0.0,0.0,0.0,-1.5707964,0.0
1970-01-01 00:00:01.582270161,1.5822701609999998,0.0,0.0,0.0,0.0,0.0,282.3358,0.0,0.0,-1.5707964,0.0
1970-01-01 00:00:01.582354225,1.582354225,0.0,0.0,0.0,0.0,95.593315,0.0,0.0,0.0,-1.5707964,0.0
1970-01-01 00:00:01.582582378,1.5825823780000001,165.11502,0.0,0.0,0.0,0.0,0.0,0.0,0.0,-1.5707964,0.0
1970-01-01 00:00:01.582922725,1.582922725,0.0,0.0,0.0,0.0,164.07323,0.0,0.0,0.0,-1.5707964,0.0
1970-01-01 00:00:01.583037793,1.583037793,0.0,162.81952,0.0,0.0,0.0,0.0,0.0,0.0,-1.5707964,0.0
1970-01-01 00:00:01.583493428,1.5834934280000001,0.0,0.0,0.0,0.0,0.0,179.81233,0.0,0.0,-1.5707964,0.0
1970-01-01 00:00:01.583525286,1.583525286,0.0,233.9222,0.0,0.0,0.0,0.0,0.0,0.0,-1.5707964,0.0
1970-01-01 00:00:01.583535578,1.583535578,0.0,200.14883,0.0,0.0,0.0,0.0,0.0,0.0,-1.5707964,0.0
1970-01-01 00:00:01.583731820,1.5837318200000001,0.0,0.0,0.0,0.0,0.0,144.72783,0.0,0.0,-1.5707964,0.0
1970-01-01 00:00:01.583854090,1.58385409,0.0,0.0,0.0,0.0,162.36348,0.0,0.0,0.0,-1.5707964,0.0
1970-01-01 00:00:01.583858504,1.583858504,0.0,192.7731,0.0,0.0,0.0,0.0,0.0,0.0,-1.5707964,0.0
1970-01-01 00:00:01.584060591,1.584060591,0.0,0.0,0.0,0.0,84.50311,0.0,0.0,0.0,-1.5707964,0.0
1970-01-01 00:00:01.584138622,1.584138622,0.0,119.63304,0.0,0.0,0.0,0.0,0.0,0.0,-1.5707964,0.0
1970-01-01 00:00:01.584192188,1.5841921879999998,165.23116,0.0,0.0,0.0,0.0,0.0,0.0,0.0,-1.5707964,0.0
1970-01-01 00:00:01.584271087,1.5842710869999999,0.0,177.31563,0.0,0.0,0.0,0.0,0.0,0.0,-1.5707964,0.0
1970-01-01 00:00:01.584450523,1.584450523,91.30746,0.0,0.0,0.0,0.0,0.0,0.0,0.0,-1.5707964,0.0
1970-01-01 00:00:01.584536830,1.58453683,0.0,0.0,0.0,114.244026,0.0,0.0,0.0,0.0,-1.5707964,0.0
1970-01-01 00:00:01.584773669,1.584773669,83.85479,0.0,0.0,0.0,0.0,0.0,0.0,0.0,-1.5707964,0.0
1970-01-01 00:00:01.584774752,1.584774752,0.0,99.7113,0.0,0.0,0.0,0.0,0.0,0.0,-1.5707964,0.0
1970-01-01 00:00:01.584859474,1.584859474,171.51447,0.0,0.0,0.0,0.0,0.0,0.0,0.0,-1.5707964,0.0
1970-01-01 00:00:01.585092671,1.585092671,0.0,0.0,0.0,0.0,119.71391,0.0,0.0,0.0,-1.5707964,0.0
1970-01-01 00:00:01.585115409,1.5851154090000001,0.0,0.0,0.0,0.0,93.07822,0.0,0.0,0.0,-1.5707964,0.0
1970-01-01 00:00:01.585176350,1.58517635,0.0,108.747154,0.0,0.0,0.0,0.0,0.0,0.0,-1.5707964,0.0
1970-01-01 00:00:01.585308321,1.5853083209999999,0.0,0.0,0.0,220.74513,0.0,0.0,0.0,0.0,-1.5707964,0.0
1970-01-01 00:00:01.585343841,1.585343841,0.0,83.83048,0.0,0.0,0.0,0.0,0.0,0.0,-1.5707964,0.0
1970-01-01 00:00:01.585377191,1.585377191,0.0,0.0,0.0,124.66681,0.0,0.0,0.0,0.0,-1.5707964,0.0
1970-01-01 00:00:01.585539446,1.5855394459999999,257.83682,0.0,0.0,0.0,0.0,0.0,0.0,0.0,-1.5707964,0.0
1970-01-01 00:00:01.585650034,1.585650034,0.0,0.0,0.0,0.0,82.47832,0.0,0.0,0.0,-1.5707964,0.0
1970-01-01 00:00:01.585756985,1.585756985,0.0,171.5812,0.0,0.0,0.0,0.0,0.0,0.0,-1.5707964,0.0
1970-01-01 00:00:01.585800787,1.5858007870000002,0.0,0.0,0.0,0.0,102.78907,0.0,0.0,0.0,-1.5707964,0.0
1970-01-01 00:00:01.586100285,1.586100285,0.0,111.5935,0.0,0.0,0.0,0.0,0.0,0.0,-1.5707964,0.0
1970-01-01 00:00:01.586122562,1.586122562,0.0,0.0,0.0,118.05574,0.0,0.0,0.0,0.0,-1.5707964,0.0
1970-01-01 00:00:01.586190364,1.5861903640000001,139.9865,0.0,0.0,0.0,0.0,0.0,0.0,0.0,-1.5707964,0.0
1970-01-01 00:00:01.586232322,1.5862323219999999,0.0,163.73631,0.0,0.0,0.0,0.0,0.0,0.0,-1.5707964,0.0
1970-01-01 00:00:01.586256792,1.586256792,0.0,101.53775,0.0,0.0,0.0,0.0,0.0,0.0,-1.5707964,0.0
1970-01-01 00:00:01.586307068,1.586307068,0.0,0.0,0.0,81.90871,0.0,0.0,0.0,0.0,-1.5707964,0.0
1970-01-01 00:00:01.586511392,1.586511392,0.0,0.0,0.0,86.991104,0.0,0.0,0.0,0.0,-1.5707964,0.0
1970-01-01 00:00:01.586620775,1.586620775,0.0,0.0,0.0,0.0,256.2559,0.0,0.0,0.0,-1.5707964,0.0
1970-01-01 00:00:01.586744088,1.586744088,0.0,0.0,0.0,82.63516,0.0,0.0,0.0,0.0,-1.5707964,0.0
1970-01-01 00:00:01.586935028,1.586935028,0.0,0.0,0.0,0.0,81.50642,0.0,0.0,0.0,-1.5707964,0.0
1970-01-01 00:00:01.586995205,1.586995205,0.0,97.79059,0.0,0.0,0.0,0.0,0.0,0.0,-1.5707964,0.0
1970-01-01 00:00:01.587142491,1.587142491,147.69902,0.0,0.0,0.0,0.0,0.0,0.0,0.0,-1.5707964,0.0
1970-01-01 00:00:01.587170425,1.587170425,0.0,113.6589,0.0,0.0,0.0,0.0,0.0,0.0,-1.5707964,0.0
1970-01-01 00:00:01.587181324,1.587181324,0.0,88.81639,0.0,0.0,0.0,0.0,0.0,0.0,-1.5707964,0.0
1970-01-01 00:00:01.587251114,1.5872511139999999,0.0,196.78761,0.0,0.0,0.0,0.0,0.0,0.0,-1.5707964,0.0
1970-01-01 00:00:01.587408854,1.587408854,0.0,0.0,0.0,0.0,101.18886,0.0,0.0,0.0,-1.5707964,0.0
1970-01-01 00:00:01.587446123,1.5874461229999999,0.0,82.14157,0.0,0.0,0.0,0.0,0.0,0.0,-1.5707964,0.0
1970-01-01 00:00:01.587597568,1.587597568,0.0,0.0,0.0,119.43632,0.0,0.0,0.0,0.0,-1.5707964,0.0
1970-01-01 00:00:01.587617084,1.5876170840000001,0.0,136.3975,0.0,0.0,0.0,0.0,0.0,0.0,-1.5707964,0.0
1970-01-01 00:00:01.587737519,1.587737519,0.0,0.0,0.0,0.0,128.66684,0.0,0.0,0.0,-1.5707964,0.0
1970-01-01 00:00:01.587868981,1.587868981,224.8316,0.0,0.0,0.0,0.0,0.0,0.0,0.0,-1.5707964,0.0
1970-01-01 00:00:01.587875564,1.587875564,0.0,126.389114,0.0,0.0,0.0,0.0,0.0,0.0,-1.5707964,0.0
1970-01-01 00:00:01.587996427,1.587996427,114.09741,0.0,0.0,0.0,0.0,0.0,0.0,0.0,-1.5707964,0.0
1970-01-01 00:00:01.588127936,1.588127936,0.0,81.11802,0.0,0.0,0.0,0.0,0.0,0.0,-1.5707964,0.0
1970-01-01 00:00:01.588398782,1.588398782,0.0,0.0,0.0,0.0,148.98618,0.0,0.0,0.0,-1.5707964,0.0
1970-01-01 00:00:01.588405027,1.5884050269999999,0.0,0.0,143.265,0.0,0.0,0.0,0.0,0.0,-1.5707964,0.0
1970-01-01 00:00:01.588420121,1.588420121,0.0,87.20001,0.0,0.0,0.0,0.0,0.0,0.0,-1.5707964,0.0
1970-01-01 00:00:01.588424471,1.588424471,0.0,0.0,248.7685,0.0,0.0,0.0,0.0,0.0,-1.5707964,0.0
1970-01-01 00:00:01.588696619,1.588696619,215.35062,0.0,0.0,0.0,0.0,0.0,0.0,0.0,-1.5707964,0.0
1970-01-01 00:00:01.588773963,1.588773963,109.4316,0.0,0.0,0.0,0.0,0.0,0.0,0.0,-1.5707964,0.0
1970-01-01 00:00:01.588959741,1.588959741,0.0,0.0,0.0,287.89502,0.0,0.0,0.0,0.0,-1.5707964,0.0
1970-01-01 00:00:01.589057424,1.589057424,107.95348,0.0,0.0,0.0,0.0,0.0,0.0,0.0,-1.5707964,0.0
1970-01-01 00:00:01.589181292,1.5891812920000001,0.0,120.76051,0.0,0.0,0.0,0.0,0.0,0.0,-1.5707964,0.0
1970-01-01 00:00:01.589182574,1.589182574,0.0,151.72964,0.0,0.0,0.0,0.0,0.0,0.0,-1.5707964,0.0
1970-01-01 00:00:01.589196585,1.589196585,0.0,0.0,0.0,137.58409,0.0,0.0,0.0,0.0,-1.5707964,0.0
1970-01-01 00:00:01.589300908,1.589300908,182.75554,0.0,0.0,0.0,0.0,0.0,0.0,0.0,-1.5707964,0.0
1970-01-01 00:00:01.589390345,1.589390345,0.0,0.0,0.0,141.73132,0.0,0.0,0.0,0.0,-1.5707964,0.0
1970-01-01 00:00:01.589434138,1.589434138,0.0,348.36566,0.0,0.0,0.0,0.0,0.0,0.0,-1.5707964,0.0
1970-01-01 00:00:01.589621464,1.589621464,0.0,207.05179,0.0,0.0,0.0,0.0,0.0,0.0,-1.5707964,0.0
1970-01-01 00:00:01.589890631,1.589890631,0.0,0.0,86.596405,0.0,0.0,0.0,0.0,0.0,-1.5707964,0.0
1970-01-01 00:00:01.589954678,1.589954678,0.0,138.02235,0.0,0.0,0.0,0.0,0.0,0.0,-1.5707964,0.0
1970-01-01 00:00:01.590132486,1.590132486,0.0,108.151596,0.0,0.0,0.0,0.0,0.0,0.0,-1.5707964,0.0
1970-01-01 00:00:01.590416155,1.590416155,0.0,124.43166,0.0,0.0,0.0,0.0,0.0,0.0,-1.5707964,0.0
1970-01-01 00:00:01.590439396,1.5904393959999998,0.0,98.06559,0.0,0.0,0.0,0.0,0.0,0.0,-1.5707964,0.0
1970-01-01 00:00:01.590517493,1.5905174930000001,153.2925,0.0,0.0,0.0,0.0,0.0,0.0,0.0,-1.5707964,0.0
1970-01-01 00:00:01.590613353,1.590613353,0.0,0.0,0.0,0.0,113.04493,0.0,0.0,0.0,-1.5707964,0.0
1970-01-01 00:00:01.590781582,1.590781582,0.0,0.0,0.0,0.0,0.0,175.89279,0.0,0.0,-1.5707964,0.0
1970-01-01 00:00:01.590911375,1.5909113750000001,0.0,0.0,0.0,0.0,129.53831,0.0,0.0,0.0,-1.5707964,0.0
1970-01-01 00:00:01.590976503,1.590976503,0.0,489.69934,0.0,0.0,0.0,0.0,0.0,0.0,-1.5707964,0.0
1970-01-01 00:00:01.590981079,1.590981079,0.0,0.0,0.0,0.0,217.4739,0.0,0.0,0.0,-1.5707964,0.0
1970-01-01 00:00:01.591487729,1.591487729,0.0,0.0,113.63599,0.0,0.0,0.0,0.0,0.0,-1.5707964,0.0
1970-01-01 00:00:01.591588148,1.591588148,0.0,0.0,0.0,0.0,197.5645,0.0,0.0,0.0,-1.5707964,0.0
1970-01-01 00:00:01.591637769,1.591637769,0.0,0.0,121.91829,0.0,0.0,0.0,0.0,0.0,-1.5707964,0.0
1970-01-01 00:00:01.591669317,1.591669317,0.0,0.0,0.0,0.0,515.1184,0.0,0.0,0.0,-1.5707964,0.0
1970-01-01 00:00:01.591730056,1.5917300559999998,0.0,0.0,0.0,0.0,0.0,243.25644,0.0,0.0,-1.5707964,0.0
1970-01-01 00:00:01.591751816,1.591751816,0.0,435.63458,0.0,0.0,0.0,0.0,0.0,0.0,-1.5707964,0.0
1970-01-01 00:00:01.591784026,1.591784026,194.94649,0.0,0.0,0.0,0.0,0.0,0.0,0.0,-1.5707964,0.0
1970-01-01 00:00:01.591996588,1.591996588,174.43181,0.0,0.0,0.0,0.0,0.0,0.0,0.0,-1.5707964,0.0
1970-01-01 00:00:01.592044862,1.5920448619999998,0.0,0.0,108.364,0.0,0.0,0.0,0.0,0.0,-1.5707964,0.0
1970-01-01 00:00:01.592095031,1.592095031,0.0,0.0,0.0,0.0,0.0,106.748024,0.0,0.0,-1.5707964,0.0
1970-01-01 00:00:01.592300094,1.592300094,0.0,0.0,0.0,104.856705,0.0,0.0,0.0,0.0,-1.5707964,0.0
1970-01-01 00:00:01.592348462,1.592348462,110.581635,0.0,0.0,0.0,0.0,0.0,0.0,0.0,-1.5707964,0.0
1970-01-01 00:00:01.592418274,1.592418274,85.38282,0.0,0.0,0.0,0.0,0.0,0.0,0.0,-1.5707964,0.0
1970-01-01 00:00:01.592604227,1.592604227,0.0,0.0,0.0,0.0,100.46605,0.0,0.0,0.0,-1.5707964,0.0
1970-01-01 00:00:01.592640003,1.592640003,0.0,0.0,0.0,97.463455,0.0,0.0,0.0,0.0,-1.5707964,0.0
1970-01-01 00:00:01.592746669,1.5927466689999998,0.0,0.0,0.0,0.0,133.4047,0.0,0.0,0.0,-1.5707964,0.0
1970-01-01 00:00:01.592764447,1.592764447,0.0,0.0,0.0,94.743996,0.0,0.0,0.0,0.0,-1.5707964,0.0
1970-01-01 00:00:01.592814109,1.5928141089999999,0.0,88.52718,0.0,0.0,0.0,0.0,0.0,0.0,-1.5707964,0.0
1970-01-01 00:00:01.593203412,1.593203412,0.0,0.0,0.0,0.0,0.0,187.53316,0.0,0.0,-1.5707964,0.0
1970-01-01 00:00:01.593469459,1.593469459,0.0,0.0,0.0,0.0,151.05927,0.0,0.0,0.0,-1.5707964,0.0
1970-01-01 00:00:01.593476909,1.593476909,0.0,0.0,0.0,0.0,129.27611,0.0,0.0,0.0,-1.5707964,0.0
1970-01-01 00:00:01.593538833,1.593538833,0.0,86.289856,0.0,0.0,0.0,0.0,0.0,0.0,-1.5707964,0.0
1970-01-01 00:00:01.593685424,1.593685424,0.0,217.99594,0.0,0.0,0.0,0.0,0.0,0.0,-1.5707964,0.0
1970-01-01 00:00:01.593975099,1.5939750990000001,0.0,146.15707,0.0,0.0,0.0,0.0,0.0,0.0,-1.5707964,0.0
1970-01-01 00:00:01.594012634,1.594012634,0.0,136.39362,0.0,0.0,0.0,0.0,0.0,0.0,-1.5707964,0.0
1970-01-01 00:00:01.594215944,1.594215944,0.0,0.0,0.0,117.122604,0.0,0.0,0.0,0.0,-1.5707964,0.0
1970-01-01 00:00:01.594229756,1.594229756,217.7367,0.0,0.0,0.0,0.0,0.0,0.0,0.0,-1.5707964,0.0
1970-01-01 00:00:01.594252405,1.594252405,142.49236,0.0,0.0,0.0,0.0,0.0,0.0,0.0,-1.5707964,0.0
1970-01-01 00:00:01.594418587,1.594418587,0.0,0.0,0.0,0.0,215.9929,0.0,0.0,0.0,-1.5707964,0.0
1970-01-01 00:00:01.594562262,1.594562262,323.7539,0.0,0.0,0.0,0.0,0.0,0.0,0.0,-1.5707964,0.0
1970-01-01 00:00:01.594645420,1.59464542,0.0,0.0,90.46201,0.0,0.0,0.0,0.0,0.0,-1.5707964,0.0
1970-01-01 00:00:01.594858213,1.594858213,0.0,130.63458,0.0,0.0,0.0,0.0,0.0,0.0,-1.5707964,0.0
1970-01-01 00:00:01.595163356,1.595163356,90.07415,0.0,0.0,0.0,0.0,0.0,0.0,0.0,-1.5707964,0.0
1970-01-01 00:00:01.595202435,1.595202435,0.0,107.75172,0.0,0.0,0.0,0.0,0.0,0.0,-1.5707964,0.0
1970-01-01 00:00:01.595255861,1.595255861,0.0,0.0,0.0,225.28654,0.0,0.0,0.0,0.0,-1.5707964,0.0
1970-01-01 00:00:01.595337163,1.595337163,0.0,0.0,0.0,0.0,84.28754,0.0,0.0,0.0,-1.5707964,0.0
1970-01-01 00:00:01.595392469,1.595392469,0.0,86.02718,0.0,0.0,0.0,0.0,0.0,0.0,-1.5707964,0.0
1970-01-01 00:00:01.595485719,1.595485719,0.0,117.3384,0.0,0.0,0.0,0.0,0.0,0.0,-1.5707964,0.0
1970-01-01 00:00:01.595882453,1.595882453,97.39401,0.0,0.0,0.0,0.0,0.0,0.0,0.0,-1.5707964,0.0
1970-01-01 00:00:01.596145732,1.596145732,0.0,0.0,0.0,115.68857,0.0,0.0,0.0,0.0,-1.5707964,0.0
1970-01-01 00:00:01.596317340,1.5963173400000001,139.9821,0.0,0.0,0.0,0.0,0.0,0.0,0.0,-1.5707964,0.0
1970-01-01 00:00:01.596356508,1.596356508,207.43158,0.0,0.0,0.0,0.0,0.0,0.0,0.0,-1.5707964,0.0
1970-01-01 00:00:01.596411913,1.5964119129999998,0.0,0.0,0.0,0.0,161.2783,0.0,0.0,0.0,-1.5707964,0.0
1970-01-01 00:00:01.596415650,1.59641565,0.0,0.0,0.0,181.0531,0.0,0.0,0.0,0.0,-1.5707964,0.0
1970-01-01 00:00:01.596461547,1.596461547,0.0,105.72042,0.0,0.0,0.0,0.0,0.0,0.0,-1.5707964,0.0
1970-01-01 00:00:01.596523794,1.5965237939999999,0.0,94.38517,0.0,0.0,0.0,0.0,0.0,0.0,-1.5707964,0.0
1970-01-01 00:00:01.596590622,1.596590622,0.0,0.0,83.479034,0.0,0.0,0.0,0.0,0.0,-1.5707964,0.0
1970-01-01 00:00:01.596624874,1.596624874,191.30402,0.0,0.0,0.0,0.0,0.0,0.0,0.0,-1.5707964,0.0
1970-01-01 00:00:01.596737795,1.5967377950000001,0.0,0.0,0.0,0.0,250.04251,0.0,0.0,0.0,-1.5707964,0.0
1970-01-01 00:00:01.596745660,1.5967456599999998,0.0,97.99914,0.0,0.0,0.0,0.0,0.0,0.0,-1.5707964,0.0
1970-01-01 00:00:01.596808143,1.596808143,0.0,187.35712,0.0,0.0,0.0,0.0,0.0,0.0,-1.5707964,0.0
1970-01-01 00:00:01.596819106,1.5968191059999999,0.0,196.02733,0.0,0.0,0.0,0.0,0.0,0.0,-1.5707964,0.0
1970-01-01 00:00:01.596873886,1.596873886,0.0,0.0,0.0,0.0,211.76758,0.0,0.0,0.0,-1.5707964,0.0
1970-01-01 00:00:01.596941412,1.596941412,0.0,0.0,0.0,0.0,252.13773,0.0,0.0,0.0,-1.5707964,0.0
1970-01-01 00:00:01.597390279,1.5973902789999999,0.0,106.80753,0.0,0.0,0.0,0.0,0.0,0.0,-1.5707964,0.0
1970-01-01 00:00:01.597482760,1.5974827600000001,0.0,180.86981,0.0,0.0,0.0,0.0,0.0,0.0,-1.5707964,0.0
1970-01-01 00:00:01.597635772,1.5976357719999998,0.0,146.43562,0.0,0.0,0.0,0.0,0.0,0.0,-1.5707964,0.0
1970-01-01 00:00:01.597822296,1.597822296,161.79823,0.0,0.0,0.0,0.0,0.0,0.0,0.0,-1.5707964,0.0
1970-01-01 00:00:01.597825203,1.597825203,0.0,0.0,0.0,242.52391,0.0,0.0,0.0,0.0,-1.5707964,0.0
1970-01-01 00:00:01.597849658,1.597849658,0.0,81.305275,0.0,0.0,0.0,0.0,0.0,0.0,-1.5707964,0.0
1970-01-01 00:00:01.597850312,1.597850312,0.0,93.39339,0.0,0.0,0.0,0.0,0.0,0.0,-1.5707964,0.0
1970-01-01 00:00:01.597917328,1.5979173279999999,0.0,206.66351,0.0,0.0,0.0,0.0,0.0,0.0,-1.5707964,0.0
1970-01-01 00:00:01.598005615,1.598005615,0.0,100.29206,0.0,0.0,0.0,0.0,0.0,0.0,-1.5707964,0.0
1970-01-01 00:00:01.598064289,1.5980642889999999,0.0,95.844765,0.0,0.0,0.0,0.0,0.0,0.0,-1.5707964,0.0
1970-01-01 00:00:01.598189359,1.598189359,174.03816,0.0,0.0,0.0,0.0,0.0,0.0,0.0,-1.5707964,0.0
1970-01-01 00:00:01.598215220,1.5982152200000002,0.0,109.80907,0.0,0.0,0.0,0.0,0.0,0.0,-1.5707964,0.0
1970-01-01 00:00:01.598309460,1.5983094599999998,0.0,0.0,0.0,84.332375,0.0,0.0,0.0,0.0,-1.5707964,0.0
1970-01-01 00:00:01.598557508,1.5985575079999998,117.84086,0.0,0.0,0.0,0.0,0.0,0.0,0.0,-1.5707964,0.0
1970-01-01 00:00:01.598616107,1.598616107,0.0,0.0,0.0,0.0,126.2889,0.0,0.0,0.0,-1.5707964,0.0
1970-01-01 00:00:01.598637027,1.598637027,0.0,0.0,0.0,0.0,0.0,124.51758,0.0,0.0,-1.5707964,0.0
1970-01-01 00:00:01.598691087,1.598691087,213.24388,0.0,0.0,0.0,0.0,0.0,0.0,0.0,-1.5707964,0.0
1970-01-01 00:00:01.598757027,1.598757027,0.0,0.0,0.0,0.0,86.528,0.0,0.0,0.0,-1.5707964,0.0
1970-01-01 00:00:01.598922361,1.598922361,0.0,104.37249,0.0,0.0,0.0,0.0,0.0,0.0,-1.5707964,0.0
1970-01-01 00:00:01.599029126,1.599029126,0.0,0.0,0.0,144.9709,0.0,0.0,0.0,0.0,-1.5707964,0.0
1970-01-01 00:00:01.599109211,1.599109211,0.0,0.0,0.0,0.0,123.097725,0.0,0.0,0.0,-1.5707964,0.0
1970-01-01 00:00:01.599119362,1.5991193620000002,180.89369,0.0,0.0,0.0,0.0,0.0,0.0,0.0,-1.5707964,0.0
1970-01-01 00:00:01.599127734,1.599127734,0.0,82.96067,0.0,0.0,0.0,0.0,0.0,0.0,-1.5707964,0.0
1970-01-01 00:00:01.599153268,1.599153268,132.34065,0.0,0.0,0.0,0.0,0.0,0.0,0.0,-1.5707964,0.0
1970-01-01 00:00:01.599181946,1.5991819459999999,0.0,0.0,0.0,0.0,107.30095,0.0,0.0,0.0,-1.5707964,0.0
1970-01-01 00:00:01.599272476,1.5992724759999999,0.0,0.0,0.0,0.0,203.18346,0.0,0.0,0.0,-1.5707964,0.0
1970-01-01 00:00:01.599334730,1.59933473,0.0,0.0,0.0,0.0,119.35226,0.0,0.0,0.0,-1.5707964,0.0
1970-01-01 00:00:01.599373891,1.599373891,0.0,172.02531,0.0,0.0,0.0,0.0,0.0,0.0,-1.5707964,0.0
1970-01-01 00:00:01.599508168,1.5995081679999998,228.94455,0.0,0.0,0.0,0.0,0.0,0.0,0.0,-1.5707964,0.0
1970-01-01 00:00:01.599555853,1.599555853,272.7808,0.0,0.0,0.0,0.0,0.0,0.0,0.0,-1.5707964,0.0
1970-01-01 00:00:01.599709192,1.599709192,171.36638,0.0,0.0,0.0,0.0,0.0,0.0,0.0,-1.5707964,0.0
1970-01-01 00:00:01.599737477,1.5997374770000001,0.0,0.0,0.0,0.0,135.28621,0.0,0.0,0.0,-1.5707964,0.0
1970-01-01 00:00:01.599737528,1.599737528,87.11909,0.0,0.0,0.0,0.0,0.0,0.0,0.0,-1.5707964,0.0
1970-01-01 00:00:01.599741404,1.599741404,0.0,0.0,0.0,0.0,185.6094,0.0,0.0,0.0,-1.5707964,0.0
1970-01-01 00:00:01.599900219,1.599900219,0.0,0.0,0.0,201.50455,0.0,0.0,0.0,0.0,-1.5707964,0.0
1970-01-01 00:00:01.599983762,1.599983762,0.0,0.0,0.0,0.0,116.18339,0.0,0.0,0.0,-1.5707964,0.0
1970-01-01 00:00:01.600067830,1.60006783,0.0,0.0,0.0,0.0,117.58183,0.0,0.0,0.0,-1.5707964,0.0
1970-01-01 00:00:01.600453839,1.600453839,0.0,156.34303,0.0,0.0,0.0,0.0,0.0,0.0,-1.5707964,0.0
1970-01-01 00:00:01.600512059,1.6005120590000002,251.45323,0.0,0.0,0.0,0.0,0.0,0.0,0.0,-1.5707964,0.0
1970-01-01 00:00:01.600639911,1.600639911,0.0,0.0,0.0,0.0,304.95947,0.0,0.0,0.0,-1.5707964,0.0
1970-01-01 00:00:01.600653089,1.6006530890000001,0.0,138.65952,0.0,0.0,0.0,0.0,0.0,0.0,-1.5707964,0.0
1970-01-01 00:00:01.600674200,1.6006742,0.0,152.34053,0.0,0.0,0.0,0.0,0.0,0.0,-1.5707964,0.0
1970-01-01 00:00:01.600745022,1.600745022,0.0,0.0,0.0,0.0,164.84726,0.0,0.0,0.0,-1.5707964,0.0
1970-01-01 00:00:01.600786260,1.60078626,199.25244,0.0,0.0,0.0,0.0,0.0,0.0,0.0,-1.5707964,0.0
1970-01-01 00:00:01.600918130,1.6009181300000002,168.81442,0.0,0.0,0.0,0.0,0.0,0.0,0.0,-1.5707964,0.0
1970-01-01 00:00:01.600926901,1.600926901,0.0,0.0,0.0,0.0,136.3022,0.0,0.0,0.0,-1.5707964,0.0
1970-01-01 00:00:01.600999146,1.600999146,0.0,0.0,0.0,97.24692,0.0,0.0,0.0,0.0,-1.5707964,0.0
1970-01-01 00:00:01.601003694,1.601003694,0.0,0.0,0.0,239.19197,0.0,0.0,0.0,0.0,-1.5707964,0.0
1970-01-01 00:00:01.601023539,1.601023539,0.0,110.887215,0.0,0.0,0.0,0.0,0.0,0.0,-1.5707964,0.0
1970-01-01 00:00:01.601315668,1.601315668,100.155716,0.0,0.0,0.0,0.0,0.0,0.0,0.0,-1.5707964,0.0
1970-01-01 00:00:01.601497609,1.601497609,0.0,0.0,0.0,0.0,130.92735,0.0,0.0,0.0,-1.5707964,0.0
1970-01-01 00:00:01.601992936,1.601992936,0.0,147.81775,0.0,0.0,0.0,0.0,0.0,0.0,-1.5707964,0.0
1970-01-01 00:00:01.602097487,1.602097487,138.94533,0.0,0.0,0.0,0.0,0.0,0.0,0.0,-1.5707964,0.0
1970-01-01 00:00:01.602102239,1.6021022390000002,149.40016,0.0,0.0,0.0,0.0,0.0,0.0,0.0,-1.5707964,0.0
1970-01-01 00:00:01.602109846,1.6021098459999998,0.0,217.36377,0.0,0.0,0.0,0.0,0.0,0.0,-1.5707964,0.0
1970-01-01 00:00:01.602214379,1.6022143789999999,0.0,0.0,0.0,80.0366,0.0,0.0,0.0,0.0,-1.5707964,0.0
1970-01-01 00:00:01.602218400,1.6022184,132.95827,0.0,0.0,0.0,0.0,0.0,0.0,0.0,-1.5707964,0.0
1970-01-01 00:00:01.602405151,1.6024051510000001,0.0,95.451164,0.0,0.0,0.0,0.0,0.0,0.0,-1.5707964,0.0
1970-01-01 00:00:01.602436649,1.602436649,0.0,0.0,0.0,0.0,0.0,239.01465,0.0,0.0,-1.5707964,0.0
1970-01-01 00:00:01.602730932,1.602730932,0.0,229.93118,0.0,0.0,0.0,0.0,0.0,0.0,-1.5707964,0.0
1970-01-01 00:00:01.602998449,1.602998449,0.0,175.26099,0.0,0.0,0.0,0.0,0.0,0.0,-1.5707964,0.0
1970-01-01 00:00:01.603144526,1.603144526,0.0,0.0,0.0,0.0,127.11192,0.0,0.0,0.0,-1.5707964,0.0
1970-01-01 00:00:01.603150121,1.603150121,148.81848,0.0,0.0,0.0,0.0,0.0,0.0,0.0,-1.5707964,0.0
1970-01-01 00:00:01.603314840,1.60331484,0.0,212.90099,0.0,0.0,0.0,0.0,0.0,0.0,-1.5707964,0.0
1970-01-01 00:00:01.603718148,1.603718148,0.0,127.233055,0.0,0.0,0.0,0.0,0.0,0.0,-1.5707964,0.0
1970-01-01 00:00:01.603780031,1.6037800309999999,121.99314,0.0,0.0,0.0,0.0,0.0,0.0,0.0,-1.5707964,0.0
1970-01-01 00:00:01.603823187,1.6038231870000001,0.0,0.0,0.0,101.03847,0.0,0.0,0.0,0.0,-1.5707964,0.0
1970-01-01 00:00:01.603920935,1.603920935,92.94979,0.0,0.0,0.0,0.0,0.0,0.0,0.0,-1.5707964,0.0
1970-01-01 00:00:01.603924794,1.603924794,0.0,0.0,0.0,102.65467,0.0,0.0,0.0,0.0,-1.5707964,0.0
1970-01-01 00:00:01.604239800,1.6042398,0.0,97.12521,0.0,0.0,0.0,0.0,0.0,0.0,-1.5707964,0.0
1970-01-01 00:00:01.604665136,1.604665136,318.8286,0.0,0.0,0.0,0.0,0.0,0.0,0.0,-1.5707964,0.0
1970-01-01 00:00:01.604790488,1.604790488,0.0,164.7265,0.0,0.0,0.0,0.0,0.0,0.0,-1.5707964,0.0
1970-01-01 00:00:01.605081434,1.6050814340000001,0.0,0.0,0.0,188.43207,0.0,0.0,0.0,0.0,-1.5707964,0.0
1970-01-01 00:00:01.605187660,1.60518766,0.0,0.0,0.0,185.74994,0.0,0.0,0.0,0.0,-1.5707964,0.0
1970-01-01 00:00:01.605221120,1.60522112,199.7564,0.0,0.0,0.0,0.0,0.0,0.0,0.0,-1.5707964,0.0
1970-01-01 00:00:01.605512333,1.605512333,0.0,81.306595,0.0,0.0,0.0,0.0,0.0,0.0,-1.5707964,0.0
1970-01-01 00:00:01.605561066,1.605561066,115.88598,0.0,0.0,0.0,0.0,0.0,0.0,0.0,-1.5707964,0.0
1970-01-01 00:00:01.605971115,1.605971115,0.0,0.0,0.0,0.0,0.0,176.87752,0.0,0.0,-1.5707964,0.0
1970-01-01 00:00:01.606016024,1.606016024,0.0,355.83826,0.0,0.0,0.0,0.0,0.0,0.0,-1.5707964,0.0
1970-01-01 00:00:01.606023219,1.606023219,377.40448,0.0,0.0,0.0,0.0,0.0,0.0,0.0,-1.5707964,0.0
1970-01-01 00:00:01.606108160,1.60610816,0.0,0.0,0.0,0.0,105.58718,0.0,0.0,0.0,-1.5707964,0.0
1970-01-01 00:00:01.606148240,1.60614824,0.0,150.3677,0.0,0.0,0.0,0.0,0.0,0.0,-1.5707964,0.0
1970-01-01 00:00:01.606199729,1.606199729,0.0,126.23586,0.0,0.0,0.0,0.0,0.0,0.0,-1.5707964,0.0
1970-01-01 00:00:01.606216316,1.606216316,306.90103,0.0,0.0,0.0,0.0,0.0,0.0,0.0,-1.5707964,0.0
1970-01-01 00:00:01.606828761,1.606828761,0.0,84.3341,0.0,0.0,0.0,0.0,0.0,0.0,-1.5707964,0.0
1970-01-01 00:00:01.606868047,1.6068680469999999,0.0,319.987,0.0,0.0,0.0,0.0,0.0,0.0,-1.5707964,0.0
1970-01-01 00:00:01.607047768,1.6070477680000002,0.0,84.95204,0.0,0.0,0.0,0.0,0.0,0.0,-1.5707964,0.0
1970-01-01 00:00:01.607156890,1.60715689,0.0,0.0,0.0,100.86753,0.0,0.0,0.0,0.0,-1.5707964,0.0
1970-01-01 00:00:01.607177604,1.6071776039999999,0.0,0.0,0.0,126.85116,0.0,0.0,0.0,0.0,-1.5707964,0.0
1970-01-01 00:00:01.607297500,1.6072975,0.0,0.0,0.0,0.0,228.96835,0.0,0.0,0.0,-1.5707964,0.0
1970-01-01 00:00:01.607335825,1.607335825,0.0,0.0,0.0,125.32665,0.0,0.0,0.0,0.0,-1.5707964,0.0
1970-01-01 00:00:01.607730540,1.60773054,0.0,0.0,0.0,162.32315,0.0,0.0,0.0,0.0,-1.5707964,0.0
1970-01-01 00:00:01.608092343,1.608092343,0.0,0.0,0.0,0.0,0.0,81.20566,0.0,0.0,-1.5707964,0.0
1970-01-01 00:00:01.608142910,1.60814291,0.0,0.0,0.0,0.0,125.556984,0.0,0.0,0.0,-1.5707964,0.0
1970-01-01 00:00:01.608172633,1.6081726330000001,0.0,0.0,0.0,231.38124,0.0,0.0,0.0,0.0,-1.5707964,0.0
1970-01-01 00:00:01.608228952,1.6082289520000002,0.0,0.0,0.0,0.0,0.0,80.18315,0.0,0.0,-1.5707964,0.0
1970-01-01 00:00:01.608577826,1.6085778259999999,0.0,199.3908,0.0,0.0,0.0,0.0,0.0,0.0,-1.5707964,0.0
1970-01-01 00:00:01.608586180,1.60858618,0.0,93.3827,0.0,0.0,0.0,0.0,0.0,0.0,-1.5707964,0.0
1970-01-01 00:00:01.608683501,1.608683501,0.0,0.0,0.0,0.0,0.0,136.21098,0.0,0.0,-1.5707964,0.0
1970-01-01 00:00:01.609048320,1.6090483199999999,0.0,309.0056,0.0,0.0,0.0,0.0,0.0,0.0,-1.5707964,0.0
1970-01-01 00:00:01.609100797,1.609100797,0.0,0.0,0.0,0.0,88.69232,0.0,0.0,0.0,-1.5707964,0.0
1970-01-01 00:00:01.609328604,1.6093286039999999,0.0,122.89596,0.0,0.0,0.0,0.0,0.0,0.0,-1.5707964,0.0
1970-01-01 00:00:01.609402258,1.609402258,0.0,0.0,0.0,0.0,136.61292,0.0,0.0,0.0,-1.5707964,0.0
1970-01-01 00:00:01.609800661,1.609800661,0.0,92.94734,0.0,0.0,0.0,0.0,0.0,0.0,-1.5707964,0.0
1970-01-01 00:00:01.609889821,1.6098898209999999,0.0,0.0,0.0,0.0,80.86132,0.0,0.0,0.0,-1.5707964,0.0
1970-01-01 00:00:01.610052914,1.610052914,0.0,200.07497,0.0,0.0,0.0,0.0,0.0,0.0,-1.5707964,0.0
1970-01-01 00:00:01.610302404,1.610302404,246.50887,0.0,0.0,0.0,0.0,0.0,0.0,0.0,-1.5707964,0.0
1970-01-01 00:00:01.610367649,1.610367649,83.44292,0.0,0.0,0.0,0.0,0.0,0.0,0.0,-1.5707964,0.0
1970-01-01 00:00:01.610370890,1.61037089,80.94312,0.0,0.0,0.0,0.0,0.0,0.0,0.0,-1.5707964,0.0
1970-01-01 00:00:01.610406364,1.6104063640000001,0.0,0.0,0.0,202.15915,0.0,0.0,0.0,0.0,-1.5707964,0.0
1970-01-01 00:00:01.610454046,1.610454046,94.83587,0.0,0.0,0.0,0.0,0.0,0.0,0.0,-1.5707964,0.0
1970-01-01 00:00:01.610515124,1.610515124,0.0,0.0,0.0,134.57027,0.0,0.0,0.0,0.0,-1.5707964,0.0
1970-01-01 00:00:01.610541840,1.61054184,0.0,149.1646,0.0,0.0,0.0,0.0,0.0,0.0,-1.5707964,0.0
1970-01-01 00:00:01.610551651,1.610551651,0.0,358.57706,0.0,0.0,0.0,0.0,0.0,0.0,-1.5707964,0.0
1970-01-01 00:00:01.610750546,1.610750546,80.184875,0.0,0.0,0.0,0.0,0.0,0.0,0.0,-1.5707964,0.0
1970-01-01 00:00:01.610760750,1.6107607499999999,0.0,0.0,0.0,0.0,98.14168,0.0,0.0,0.0,-1.5707964,0.0
1970-01-01 00:00:01.610857934,1.610857934,261.21683,0.0,0.0,0.0,0.0,0.0,0.0,0.0,-1.5707964,0.0
1970-01-01 00:00:01.611389228,1.611389228,0.0,273.38657,0.0,0.0,0.0,0.0,0.0,0.0,-1.5707964,0.0
1970-01-01 00:00:01.611542844,1.6115428440000001,0.0,0.0,0.0,106.08396,0.0,0.0,0.0,0.0,-1.5707964,0.0
1970-01-01 00:00:01.611582516,1.611582516,105.42702,0.0,0.0,0.0,0.0,0.0,0.0,0.0,-1.5707964,0.0
1970-01-01 00:00:01.611638096,1.611638096,0.0,138.91571,0.0,0.0,0.0,0.0,0.0,0.0,-1.5707964,0.0
1970-01-01 00:00:01.611695762,1.611695762,0.0,0.0,0.0,0.0,147.04526,0.0,0.0,0.0,-1.5707964,0.0
1970-01-01 00:00:01.611753843,1.611753843,0.0,88.37586,0.0,0.0,0.0,0.0,0.0,0.0,-1.5707964,0.0
1970-01-01 00:00:01.612158717,1.612158717,0.0,210.96445,0.0,0.0,0.0,0.0,0.0,0.0,-1.5707964,0.0
1970-01-01 00:00:01.612338135,1.612338135,108.57408,0.0,0.0,0.0,0.0,0.0,0.0,0.0,-1.5707964,0.0
1970-01-01 00:00:01.612531176,1.612531176,168.0993,0.0,0.0,0.0,0.0,0.0,0.0,0.0,-1.5707964,0.0
1970-01-01 00:00:01.612633285,1.612633285,169.72124,0.0,0.0,0.0,0.0,0.0,0.0,0.0,-1.5707964,0.0
1970-01-01 00:00:01.612748614,1.612748614,0.0,0.0,0.0,87.6644,0.0,0.0,0.0,0.0,-1.5707964,0.0
1970-01-01 00:00:01.612754467,1.612754467,0.0,0.0,0.0,0.0,119.22462,0.0,0.0,0.0,-1.5707964,0.0
1970-01-01 00:00:01.612764020,1.61276402,0.0,116.546036,0.0,0.0,0.0,0.0,0.0,0.0,-1.5707964,0.0
1970-01-01 00:00:01.612833083,1.612833083,0.0,0.0,0.0,0.0,0.0,150.27042,0.0,0.0,-1.5707964,0.0
1970-01-01 00:00:01.612890867,1.612890867,0.0,134.94635,0.0,0.0,0.0,0.0,0.0,0.0,-1.5707964,0.0
1970-01-01 00:00:01.613315848,1.613315848,0.0,0.0,0.0,144.75473,0.0,0.0,0.0,0.0,-1.5707964,0.0
1970-01-01 00:00:01.613659648,1.613659648,0.0,0.0,0.0,0.0,173.18286,0.0,0.0,0.0,-1.5707964,0.0
1970-01-01 00:00:01.613715905,1.6137159049999998,0.0,0.0,172.29967,0.0,0.0,0.0,0.0,0.0,-1.5707964,0.0
1970-01-01 00:00:01.613743505,1.613743505,0.0,0.0,0.0,0.0,197.65211,0.0,0.0,0.0,-1.5707964,0.0
1970-01-01 00:00:01.613953996,1.613953996,0.0,105.69394,0.0,0.0,0.0,0.0,0.0,0.0,-1.5707964,0.0
1970-01-01 00:00:01.614051871,1.614051871,0.0,0.0,161.9643,0.0,0.0,0.0,0.0,0.0,-1.5707964,0.0
1970-01-01 00:00:01.614153626,1.614153626,0.0,0.0,0.0,225.02705,0.0,0.0,0.0,0.0,-1.5707964,0.0
1970-01-01 00:00:01.614254629,1.614254629,0.0,321.82404,0.0,0.0,0.0,0.0,0.0,0.0,-1.5707964,0.0
1970-01-01 00:00:01.614335328,1.6143353280000001,149.62709,0.0,0.0,0.0,0.0,0.0,0.0,0.0,-1.5707964,0.0
1970-01-01 00:00:01.614384368,1.614384368,0.0,0.0,0.0,0.0,0.0,180.76352,0.0,0.0,-1.5707964,0.0
1970-01-01 00:00:01.614385773,1.614385773,206.59248,0.0,0.0,0.0,0.0,0.0,0.0,0.0,-1.5707964,0.0
1970-01-01 00:00:01.614498961,1.614498961,0.0,110.048225,0.0,0.0,0.0,0.0,0.0,0.0,-1.5707964,0.0
1970-01-01 00:00:01.614627532,1.614627532,0.0,0.0,0.0,156.40163,0.0,0.0,0.0,0.0,-1.5707964,0.0
1970-01-01 00:00:01.614652967,1.614652967,0.0,0.0,0.0,103.73744,0.0,0.0,0.0,0.0,-1.5707964,0.0
1970-01-01 00:00:01.614786758,1.6147867580000002,197.1667,0.0,0.0,0.0,0.0,0.0,0.0,0.0,-1.5707964,0.0
1970-01-01 00:00:01.614887726,1.614887726,208.2856,0.0,0.0,0.0,0.0,0.0,0.0,0.0,-1.5707964,0.0
1970-01-01 00:00:01.614923367,1.614923367,0.0,0.0,0.0,0.0,120.117485,0.0,0.0,0.0,-1.5707964,0.0
1970-01-01 00:00:01.614962236,1.614962236,0.0,0.0,0.0,0.0,83.48015,0.0,0.0,0.0,-1.5707964,0.0
1970-01-01 00:00:01.615023205,1.615023205,0.0,0.0,0.0,183.67885,0.0,0.0,0.0,0.0,-1.5707964,0.0
1970-01-01 00:00:01.615677300,1.6156773,0.0,0.0,0.0,145.79117,0.0,0.0,0.0,0.0,-1.5707964,0.0
1970-01-01 00:00:01.615795684,1.615795684,0.0,0.0,0.0,0.0,107.202515,0.0,0.0,0.0,-1.5707964,0.0
1970-01-01 00:00:01.616041281,1.616041281,0.0,0.0,0.0,129.6512,0.0,0.0,0.0,0.0,-1.5707964,0.0
1970-01-01 00:00:01.616290193,1.616290193,0.0,0.0,0.0,0.0,188.54117,0.0,0.0,0.0,-1.5707964,0.0
1970-01-01 00:00:01.616310950,1.61631095,0.0,0.0,0.0,0.0,166.14534,0.0,0.0,0.0,-1.5707964,0.0
1970-01-01 00:00:01.616473894,1.6164738939999999,159.75688,0.0,0.0,0.0,0.0,0.0,0.0,0.0,-1.5707964,0.0
1970-01-01 00:00:01.617067604,1.617067604,0.0,163.52411,0.0,0.0,0.0,0.0,0.0,0.0,-1.5707964,0.0
1970-01-01 00:00:01.617238391,1.6172383909999999,0.0,192.38113,0.0,0.0,0.0,0.0,0.0,0.0,-1.5707964,0.0
1970-01-01 00:00:01.617253393,1.617253393,0.0,0.0,0.0,0.0,114.594154,0.0,0.0,0.0,-1.5707964,0.0
1970-01-01 00:00:01.617485281,1.617485281,0.0,0.0,0.0,153.56041,0.0,0.0,0.0,0.0,-1.5707964,0.0
1970-01-01 00:00:01.617810098,1.617810098,117.140915,0.0,0.0,0.0,0.0,0.0,0.0,0.0,-1.5707964,0.0
1970-01-01 00:00:01.617813298,1.617813298,0.0,0.0,0.0,136.70287,0.0,0.0,0.0,0.0,-1.5707964,0.0
1970-01-01 00:00:01.617867948,1.617867948,0.0,0.0,0.0,0.0,163.02332,0.0,0.0,0.0,-1.5707964,0.0
1970-01-01 00:00:01.617894336,1.617894336,0.0,124.26169,0.0,0.0,0.0,0.0,0.0,0.0,-1.5707964,0.0
1970-01-01 00:00:01.617981250,1.6179812500000001,0.0,358.7637,0.0,0.0,0.0,0.0,0.0,0.0,-1.5707964,0.0
1970-01-01 00:00:01.618005200,1.6180052,0.0,142.57458,0.0,0.0,0.0,0.0,0.0,0.0,-1.5707964,0.0
1970-01-01 00:00:01.618146702,1.618146702,0.0,0.0,0.0,0.0,80.0396,0.0,0.0,0.0,-1.5707964,0.0
1970-01-01 00:00:01.618250844,1.6182508439999999,0.0,85.61078,0.0,0.0,0.0,0.0,0.0,0.0,-1.5707964,0.0
1970-01-01 00:00:01.618268031,1.618268031,96.181526,0.0,0.0,0.0,0.0,0.0,0.0,0.0,-1.5707964,0.0
1970-01-01 00:00:01.618271732,1.618271732,0.0,0.0,0.0,0.0,162.248,0.0,0.0,0.0,-1.5707964,0.0
1970-01-01 00:00:01.618383254,1.618383254,102.08799,0.0,0.0,0.0,0.0,0.0,0.0,0.0,-1.5707964,0.0
1970-01-01 00:00:01.618524319,1.618524319,0.0,112.6449,0.0,0.0,0.0,0.0,0.0,0.0,-1.5707964,0.0
1970-01-01 00:00:01.618577588,1.618577588,0.0,0.0,0.0,0.0,236.57758,0.0,0.0,0.0,-1.5707964,0.0
1970-01-01 00:00:01.618660861,1.618660861,0.0,167.42357,0.0,0.0,0.0,0.0,0.0,0.0,-1.5707964,0.0
1970-01-01 00:00:01.618711754,1.618711754,0.0,0.0,0.0,86.77913,0.0,0.0,0.0,0.0,-1.5707964,0.0
1970-01-01 00:00:01.618744014,1.618744014,0.0,0.0,0.0,95.02452,0.0,0.0,0.0,0.0,-1.5707964,0.0
1970-01-01 00:00:01.618894054,1.618894054,0.0,161.79987,0.0,0.0,0.0,0.0,0.0,0.0,-1.5707964,0.0
1970-01-01 00:00:01.619252821,1.619252821,216.14148,0.0,0.0,0.0,0.0,0.0,0.0,0.0,-1.5707964,0.0
1970-01-01 00:00:01.619303294,1.6193032939999998,92.852325,0.0,0.0,0.0,0.0,0.0,0.0,0.0,-1.5707964,0.0
1970-01-01 00:00:01.619538226,1.619538226,0.0,0.0,0.0,0.0,233.36154,0.0,0.0,0.0,-1.5707964,0.0
1970-01-01 00:00:01.619539392,1.619539392,0.0,0.0,0.0,0.0,97.29342,0.0,0.0,0.0,-1.5707964,0.0
1970-01-01 00:00:01.619624425,1.619624425,0.0,0.0,0.0,0.0,313.0789,0.0,0.0,0.0,-1.5707964,0.0
1970-01-01 00:00:01.619649668,1.619649668,161.78868,0.0,0.0,0.0,0.0,0.0,0.0,0.0,-1.5707964,0.0
1970-01-01 00:00:01.619733853,1.619733853,0.0,157.40881,0.0,0.0,0.0,0.0,0.0,0.0,-1.5707964,0.0
1970-01-01 00:00:01.619900216,1.619900216,0.0,0.0,0.0,0.0,296.32303,0.0,0.0,0.0,-1.5707964,0.0
1970-01-01 00:00:01.620096252,1.620096252,0.0,0.0,0.0,0.0,196.50491,0.0,0.0,0.0,-1.5707964,0.0
1970-01-01 00:00:01.620182412,1.6201824120000001,0.0,0.0,0.0,0.0,126.113235,0.0,0.0,0.0,-1.5707964,0.0
1970-01-01 00:00:01.620410435,1.6204104350000001,0.0,0.0,0.0,0.0,0.0,91.07788,0.0,0.0,-1.5707964,0.0
1970-01-01 00:00:01.620453531,1.620453531,0.0,174.80994,0.0,0.0,0.0,0.0,0.0,0.0,-1.5707964,0.0
1970-01-01 00:00:01.620688029,1.620688029,0.0,0.0,0.0,0.0,166.1621,0.0,0.0,0.0,-1.5707964,0.0
1970-01-01 00:00:01.620704046,1.620704046,0.0,0.0,0.0,89.341064,0.0,0.0,0.0,0.0,-1.5707964,0.0
1970-01-01 00:00:01.621009507,1.6210095070000001,0.0,145.03441,0.0,0.0,0.0,0.0,0.0,0.0,-1.5707964,0.0
1970-01-01 00:00:01.621032205,1.6210322050000001,84.73802,0.0,0.0,0.0,0.0,0.0,0.0,0.0,-1.5707964,0.0
1970-01-01 00:00:01.621190149,1.621190149,0.0,158.2673,0.0,0.0,0.0,0.0,0.0,0.0,-1.5707964,0.0
1970-01-01 00:00:01.621816666,1.621816666,0.0,104.684525,0.0,0.0,0.0,0.0,0.0,0.0,-1.5707964,0.0
1970-01-01 00:00:01.621853729,1.6218537290000001,0.0,106.61203,0.0,0.0,0.0,0.0,0.0,0.0,-1.5707964,0.0
1970-01-01 00:00:01.621867866,1.621867866,0.0,0.0,0.0,0.0,229.70714,0.0,0.0,0.0,-1.5707964,0.0
1970-01-01 00:00:01.621874320,1.6218743199999999,0.0,0.0,0.0,0.0,131.82751,0.0,0.0,0.0,-1.5707964,0.0
1970-01-01 00:00:01.622039476,1.6220394759999999,142.21678,0.0,0.0,0.0,0.0,0.0,0.0,0.0,-1.5707964,0.0
1970-01-01 00:00:01.622079609,1.622079609,0.0,201.38603,0.0,0.0,0.0,0.0,0.0,0.0,-1.5707964,0.0
1970-01-01 00:00:01.622137052,1.622137052,0.0,0.0,0.0,0.0,146.94212,0.0,0.0,0.0,-1.5707964,0.0
1970-01-01 00:00:01.622214195,1.622214195,0.0,0.0,0.0,0.0,0.0,178.92487,0.0,0.0,-1.5707964,0.0
1970-01-01 00:00:01.622266760,1.62226676,0.0,126.323494,0.0,0.0,0.0,0.0,0.0,0.0,-1.5707964,0.0
1970-01-01 00:00:01.622285364,1.6222853640000001,0.0,272.24985,0.0,0.0,0.0,0.0,0.0,0.0,-1.5707964,0.0
1970-01-01 00:00:01.622745475,1.6227454749999999,0.0,0.0,0.0,0.0,0.0,175.98523,0.0,0.0,-1.5707964,0.0
1970-01-01 00:00:01.623429547,1.623429547,0.0,0.0,0.0,0.0,0.0,302.77295,0.0,0.0,-1.5707964,0.0
1970-01-01 00:00:01.623654678,1.6236546779999999,0.0,0.0,0.0,309.80444,0.0,0.0,0.0,0.0,-1.5707964,0.0
1970-01-01 00:00:01.623680447,1.623680447,0.0,347.56772,0.0,0.0,0.0,0.0,0.0,0.0,-1.5707964,0.0
1970-01-01 00:00:01.623946102,1.6239461020000001,0.0,0.0,0.0,0.0,102.59125,0.0,0.0,0.0,-1.5707964,0.0
1970-01-01 00:00:01.623994411,1.623994411,95.56275,0.0,0.0,0.0,0.0,0.0,0.0,0.0,-1.5707964,0.0
1970-01-01 00:00:01.624036364,1.624036364,0.0,212.94861,0.0,0.0,0.0,0.0,0.0,0.0,-1.5707964,0.0
1970-01-01 00:00:01.624111743,1.624111743,0.0,0.0,0.0,0.0,134.0043,0.0,0.0,0.0,-1.5707964,0.0
1970-01-01 00:00:01.624291674,1.624291674,0.0,0.0,0.0,0.0,109.92646,0.0,0.0,0.0,-1.5707964,0.0
1970-01-01 00:00:01.624567001,1.624567001,0.0,184.30588,0.0,0.0,0.0,0.0,0.0,0.0,-1.5707964,0.0
1970-01-01 00:00:01.624590707,1.6245907069999999,0.0,97.3978,0.0,0.0,0.0,0.0,0.0,0.0,-1.5707964,0.0
1970-01-01 00:00:01.624624407,1.624624407,0.0,157.24876,0.0,0.0,0.0,0.0,0.0,0.0,-1.5707964,0.0
1970-01-01 00:00:01.624757771,1.624757771,0.0,0.0,0.0,0.0,99.32151,0.0,0.0,0.0,-1.5707964,0.0
1970-01-01 00:00:01.624886985,1.6248869849999998,0.0,113.74662,0.0,0.0,0.0,0.0,0.0,0.0,-1.5707964,0.0
1970-01-01 00:00:01.625001883,1.625001883,278.382,0.0,0.0,0.0,0.0,0.0,0.0,0.0,-1.5707964,0.0
1970-01-01 00:00:01.625033912,1.6250339120000001,0.0,157.17017,0.0,0.0,0.0,0.0,0.0,0.0,-1.5707964,0.0
1970-01-01 00:00:01.625223519,1.625223519,133.6267,0.0,0.0,0.0,0.0,0.0,0.0,0.0,-1.5707964,0.0
1970-01-01 00:00:01.625228259,1.625228259,0.0,0.0,0.0,309.9165,0.0,0.0,0.0,0.0,-1.5707964,0.0
1970-01-01 00:00:01.625752806,1.625752806,0.0,0.0,0.0,97.568146,0.0,0.0,0.0,0.0,-1.5707964,0.0
1970-01-01 00:00:01.625871952,1.625871952,0.0,101.301636,0.0,0.0,0.0,0.0,0.0,0.0,-1.5707964,0.0
1970-01-01 00:00:01.625891065,1.625891065,0.0,141.54254,0.0,0.0,0.0,0.0,0.0,0.0,-1.5707964,0.0
1970-01-01 00:00:01.626001536,1.626001536,0.0,325.94785,0.0,0.0,0.0,0.0,0.0,0.0,-1.5707964,0.0
1970-01-01 00:00:01.626007092,1.626007092,0.0,250.11,0.0,0.0,0.0,0.0,0.0,0.0,-1.5707964,0.0
1970-01-01 00:00:01.626131202,1.626131202,0.0,95.48845,0.0,0.0,0.0,0.0,0.0,0.0,-1.5707964,0.0
1970-01-01 00:00:01.626144883,1.626144883,0.0,0.0,0.0,0.0,157.26985,0.0,0.0,0.0,-1.5707964,0.0
1970-01-01 00:00:01.626743852,1.6267438520000002,0.0,159.83968,0.0,0.0,0.0,0.0,0.0,0.0,-1.5707964,0.0
1970-01-01 00:00:01.626939234,1.626939234,0.0,0.0,0.0,0.0,100.03707,0.0,0.0,0.0,-1.5707964,0.0
1970-01-01 00:00:01.626957625,1.626957625,0.0,0.0,0.0,96.30587,0.0,0.0,0.0,0.0,-1.5707964,0.0
1970-01-01 00:00:01.627008758,1.627008758,0.0,0.0,0.0,0.0,117.47541,0.0,0.0,0.0,-1.5707964,0.0
1970-01-01 00:00:01.627135472,1.627135472,0.0,264.6766,0.0,0.0,0.0,0.0,0.0,0.0,-1.5707964,0.0
1970-01-01 00:00:01.627139884,1.627139884,0.0,156.0501,0.0,0.0,0.0,0.0,0.0,0.0,-1.5707964,0.0
1970-01-01 00:00:01.627144238,1.627144238,0.0,0.0,0.0,180.35178,0.0,0.0,0.0,0.0,-1.5707964,0.0
1970-01-01 00:00:01.627244927,1.627244927,0.0,0.0,0.0,0.0,83.28318,0.0,0.0,0.0,-1.5707964,0.0
1970-01-01 00:00:01.627285637,1.627285637,0.0,130.14772,0.0,0.0,0.0,0.0,0.0,0.0,-1.5707964,0.0
1970-01-01 00:00:01.627383281,1.627383281,0.0,0.0,0.0,134.68477,0.0,0.0,0.0,0.0,-1.5707964,0.0
1970-01-01 00:00:01.627688110,1.62768811,0.0,0.0,0.0,0.0,93.22898,0.0,0.0,0.0,-1.5707964,0.0
1970-01-01 00:00:01.627705213,1.627705213,188.23436,0.0,0.0,0.0,0.0,0.0,0.0,0.0,-1.5707964,0.0
1970-01-01 00:00:01.627744802,1.627744802,0.0,0.0,0.0,0.0,129.56645,0.0,0.0,0.0,-1.5707964,0.0
1970-01-01 00:00:01.628024275,1.628024275,201.63283,0.0,0.0,0.0,0.0,0.0,0.0,0.0,-1.5707964,0.0
1970-01-01 00:00:01.628061212,1.628061212,0.0,106.995384,0.0,0.0,0.0,0.0,0.0,0.0,-1.5707964,0.0
1970-01-01 00:00:01.628264797,1.628264797,0.0,0.0,0.0,0.0,0.0,85.092285,0.0,0.0,-1.5707964,0.0
1970-01-01 00:00:01.628293836,1.628293836,0.0,0.0,0.0,0.0,201.41443,0.0,0.0,0.0,-1.5707964,0.0
1970-01-01 00:00:01.628316355,1.628316355,0.0,330.0899,0.0,0.0,0.0,0.0,0.0,0.0,-1.5707964,0.0
1970-01-01 00:00:01.628695551,1.6286955509999999,100.055374,0.0,0.0,0.0,0.0,0.0,0.0,0.0,-1.5707964,0.0
1970-01-01 00:00:01.628735438,1.628735438,0.0,0.0,0.0,0.0,0.0,300.0285,0.0,0.0,-1.5707964,0.0
1970-01-01 00:00:01.628749446,1.628749446,0.0,164.67534,0.0,0.0,0.0,0.0,0.0,0.0,-1.5707964,0.0
1970-01-01 00:00:01.628853179,1.628853179,0.0,371.63235,0.0,0.0,0.0,0.0,0.0,0.0,-1.5707964,0.0
1970-01-01 00:00:01.629088951,1.629088951,0.0,0.0,0.0,257.64465,0.0,0.0,0.0,0.0,-1.5707964,0.0
1970-01-01 00:00:01.629109830,1.62910983,0.0,81.10792,0.0,0.0,0.0,0.0,0.0,0.0,-1.5707964,0.0
1970-01-01 00:00:01.629233819,1.629233819,0.0,113.235634,0.0,0.0,0.0,0.0,0.0,0.0,-1.5707964,0.0
1970-01-01 00:00:01.629552373,1.629552373,0.0,0.0,0.0,0.0,0.0,92.50356,0.0,0.0,-1.5707964,0.0
1970-01-01 00:00:01.629559158,1.629559158,0.0,82.07928,0.0,0.0,0.0,0.0,0.0,0.0,-1.5707964,0.0
1970-01-01 00:00:01.630027111,1.630027111,0.0,157.97362,0.0,0.0,0.0,0.0,0.0,0.0,-1.5707964,0.0
1970-01-01 00:00:01.630061701,1.630061701,177.15547,0.0,0.0,0.0,0.0,0.0,0.0,0.0,-1.5707964,0.0
1970-01-01 00:00:01.630179404,1.6301794040000002,0.0,132.69562,0.0,0.0,0.0,0.0,0.0,0.0,-1.5707964,0.0
1970-01-01 00:00:01.630394888,1.630394888,0.0,158.4766,0.0,0.0,0.0,0.0,0.0,0.0,-1.5707964,0.0
1970-01-01 00:00:01.630440185,1.6304401849999999,0.0,0.0,0.0,0.0,111.28487,0.0,0.0,0.0,-1.5707964,0.0
1970-01-01 00:00:01.630749030,1.63074903,92.43191,0.0,0.0,0.0,0.0,0.0,0.0,0.0,-1.5707964,0.0
1970-01-01 00:00:01.630985625,1.630985625,0.0,0.0,0.0,0.0,93.17385,0.0,0.0,0.0,-1.5707964,0.0
1970-01-01 00:00:01.631235674,1.631235674,120.46387,0.0,0.0,0.0,0.0,0.0,0.0,0.0,-1.5707964,0.0
1970-01-01 00:00:01.631551787,1.631551787,0.0,110.42096,0.0,0.0,0.0,0.0,0.0,0.0,-1.5707964,0.0
1970-01-01 00:00:01.631562492,1.631562492,0.0,268.23483,0.0,0.0,0.0,0.0,0.0,0.0,-1.5707964,0.0
1970-01-01 00:00:01.631611667,1.631611667,0.0,114.53584,0.0,0.0,0.0,0.0,0.0,0.0,-1.5707964,0.0
1970-01-01 00:00:01.631805189,1.631805189,0.0,119.54249,0.0,0.0,0.0,0.0,0.0,0.0,-1.5707964,0.0
1970-01-01 00:00:01.631871358,1.6318713580000002,0.0,156.1836,0.0,0.0,0.0,0.0,0.0,0.0,-1.5707964,0.0
1970-01-01 00:00:01.631901119,1.6319011190000001,0.0,0.0,0.0,0.0,115.498474,0.0,0.0,0.0,-1.5707964,0.0
1970-01-01 00:00:01.631957813,1.631957813,111.882095,0.0,0.0,0.0,0.0,0.0,0.0,0.0,-1.5707964,0.0
1970-01-01 00:00:01.632086643,1.632086643,0.0,0.0,126.59272,0.0,0.0,0.0,0.0,0.0,-1.5707964,0.0
1970-01-01 00:00:01.632116175,1.632116175,0.0,0.0,0.0,0.0,0.0,171.80737,0.0,0.0,-1.5707964,0.0
1970-01-01 00:00:01.632403784,1.632403784,0.0,177.78398,0.0,0.0,0.0,0.0,0.0,0.0,-1.5707964,0.0
1970-01-01 00:00:01.632528587,1.632528587,0.0,0.0,0.0,0.0,155.31824,0.0,0.0,0.0,-1.5707964,0.0
1970-01-01 00:00:01.632894318,1.632894318,0.0,132.0993,0.0,0.0,0.0,0.0,0.0,0.0,-1.5707964,0.0
1970-01-01 00:00:01.632908250,1.6329082499999998,196.08142,0.0,0.0,0.0,0.0,0.0,0.0,0.0,-1.5707964,0.0
1970-01-01 00:00:01.632917079,1.632917079,148.14267,0.0,0.0,0.0,0.0,0.0,0.0,0.0,-1.5707964,0.0
1970-01-01 00:00:01.633163888,1.633163888,117.388115,0.0,0.0,0.0,0.0,0.0,0.0,0.0,-1.5707964,0.0
1970-01-01 00:00:01.633239500,1.6332395,0.0,384.33963,0.0,0.0,0.0,0.0,0.0,0.0,-1.5707964,0.0
1970-01-01 00:00:01.633274477,1.633274477,0.0,277.26138,0.0,0.0,0.0,0.0,0.0,0.0,-1.5707964,0.0
1970-01-01 00:00:01.633476438,1.633476438,0.0,258.04123,0.0,0.0,0.0,0.0,0.0,0.0,-1.5707964,0.0
1970-01-01 00:00:01.633557127,1.633557127,0.0,190.6178,0.0,0.0,0.0,0.0,0.0,0.0,-1.5707964,0.0
1970-01-01 00:00:01.633564175,1.633564175,0.0,0.0,0.0,148.11926,0.0,0.0,0.0,0.0,-1.5707964,0.0
1970-01-01 00:00:01.633608384,1.633608384,0.0,0.0,0.0,95.44669,0.0,0.0,0.0,0.0,-1.5707964,0.0
1970-01-01 00:00:01.633642220,1.63364222,0.0,0.0,86.54962,0.0,0.0,0.0,0.0,0.0,-1.5707964,0.0
1970-01-01 00:00:01.633741992,1.633741992,0.0,190.71043,0.0,0.0,0.0,0.0,0.0,0.0,-1.5707964,0.0
1970-01-01 00:00:01.633922889,1.633922889,0.0,0.0,0.0,217.67058,0.0,0.0,0.0,0.0,-1.5707964,0.0
1970-01-01 00:00:01.633966109,1.6339661090000002,173.24985,0.0,0.0,0.0,0.0,0.0,0.0,0.0,-1.5707964,0.0
1970-01-01 00:00:01.633991768,1.633991768,0.0,0.0,0.0,0.0,160.6012,0.0,0.0,0.0,-1.5707964,0.0
1970-01-01 00:00:01.634032901,1.6340329009999999,0.0,0.0,0.0,0.0,105.65953,0.0,0.0,0.0,-1.5707964,0.0
1970-01-01 00:00:01.634338371,1.6343383710000001,173.52267,0.0,0.0,0.0,0.0,0.0,0.0,0.0,-1.5707964,0.0
1970-01-01 00:00:01.634475273,1.634475273,0.0,0.0,0.0,0.0,223.94072,0.0,0.0,0.0,-1.5707964,0.0
1970-01-01 00:00:01.634574850,1.63457485,0.0,154.6127,0.0,0.0,0.0,0.0,0.0,0.0,-1.5707964,0.0
1970-01-01 00:00:01.634730182,1.634730182,0.0,0.0,0.0,94.958595,0.0,0.0,0.0,0.0,-1.5707964,0.0
1970-01-01 00:00:01.634752076,1.634752076,353.10455,0.0,0.0,0.0,0.0,0.0,0.0,0.0,-1.5707964,0.0
1970-01-01 00:00:01.635257244,1.635257244,0.0,361.79608,0.0,0.0,0.0,0.0,0.0,0.0,-1.5707964,0.0
1970-01-01 00:00:01.635549373,1.635549373,0.0,0.0,0.0,0.0,117.80921,0.0,0.0,0.0,-1.5707964,0.0
1970-01-01 00:00:01.635857930,1.63585793,0.0,148.61926,0.0,0.0,0.0,0.0,0.0,0.0,-1.5707964,0.0
1970-01-01 00:00:01.635888718,1.635888718,0.0,403.54062,0.0,0.0,0.0,0.0,0.0,0.0,-1.5707964,0.0
1970-01-01 00:00:01.635933663,1.6359336629999999,0.0,0.0,0.0,0.0,175.1236,0.0,0.0,0.0,-1.5707964,0.0
1970-01-01 00:00:01.636047184,1.6360471840000002,0.0,96.69056,0.0,0.0,0.0,0.0,0.0,0.0,-1.5707964,0.0
1970-01-01 00:00:01.636096097,1.636096097,267.83856,0.0,0.0,0.0,0.0,0.0,0.0,0.0,-1.5707964,0.0
1970-01-01 00:00:01.636561135,1.636561135,0.0,0.0,0.0,0.0,85.24737,0.0,0.0,0.0,-1.5707964,0.0
1970-01-01 00:00:01.636686293,1.636686293,0.0,107.047615,0.0,0.0,0.0,0.0,0.0,0.0,-1.5707964,0.0
1970-01-01 00:00:01.636810959,1.636810959,0.0,171.55214,0.0,0.0,0.0,0.0,0.0,0.0,-1.5707964,0.0
1970-01-01 00:00:01.636876264,1.636876264,0.0,0.0,0.0,0.0,182.31937,0.0,0.0,0.0,-1.5707964,0.0
1970-01-01 00:00:01.636907615,1.6369076150000001,0.0,0.0,0.0,126.88345,0.0,0.0,0.0,0.0,-1.5707964,0.0
1970-01-01 00:00:01.636925107,1.6369251070000002,0.0,0.0,0.0,0.0,0.0,110.73812,0.0,0.0,-1.5707964,0.0
1970-01-01 00:00:01.637123145,1.637123145,0.0,247.98215,0.0,0.0,0.0,0.0,0.0,0.0,-1.5707964,0.0
1970-01-01 00:00:01.637307948,1.6373079480000001,0.0,81.82162,0.0,0.0,0.0,0.0,0.0,0.0,-1.5707964,0.0
1970-01-01 00:00:01.637531232,1.637531232,160.6518,0.0,0.0,0.0,0.0,0.0,0.0,0.0,-1.5707964,0.0
1970-01-01 00:00:01.637814796,1.637814796,0.0,89.56595,0.0,0.0,0.0,0.0,0.0,0.0,-1.5707964,0.0
1970-01-01 00:00:01.637831754,1.637831754,0.0,0.0,0.0,0.0,183.87846,0.0,0.0,0.0,-1.5707964,0.0
1970-01-01 00:00:01.637903484,1.637903484,0.0,116.218834,0.0,0.0,0.0,0.0,0.0,0.0,-1.5707964,0.0
1970-01-01 00:00:01.637937875,1.637937875,0.0,0.0,0.0,0.0,108.39004,0.0,0.0,0.0,-1.5707964,0.0
1970-01-01 00:00:01.637968980,1.6379689800000001,0.0,0.0,0.0,186.43959,0.0,0.0,0.0,0.0,-1.5707964,0.0
1970-01-01 00:00:01.637992661,1.637992661,0.0,0.0,0.0,209.20865,0.0,0.0,0.0,0.0,-1.5707964,0.0
1970-01-01 00:00:01.638013104,1.638013104,0.0,0.0,0.0,0.0,126.62495,0.0,0.0,0.0,-1.5707964,0.0
1970-01-01 00:00:01.638660849,1.6386608489999999,0.0,0.0,0.0,0.0,0.0,94.49937,0.0,0.0,-1.5707964,0.0
1970-01-01 00:00:01.638868061,1.6388680610000002,0.0,103.54514,0.0,0.0,0.0,0.0,0.0,0.0,-1.5707964,0.0
1970-01-01 00:00:01.638902317,1.6389023169999999,0.0,0.0,0.0,0.0,98.660774,0.0,0.0,0.0,-1.5707964,0.0
1970-01-01 00:00:01.639161060,1.63916106,0.0,0.0,0.0,0.0,174.61894,0.0,0.0,0.0,-1.5707964,0.0
1970-01-01 00:00:01.639269003,1.639269003,0.0,203.89076,0.0,0.0,0.0,0.0,0.0,0.0,-1.5707964,0.0
1970-01-01 00:00:01.639500591,1.639500591,0.0,85.312935,0.0,0.0,0.0,0.0,0.0,0.0,-1.5707964,0.0
1970-01-01 00:00:01.639559815,1.6395598150000001,0.0,176.81004,0.0,0.0,0.0,0.0,0.0,0.0,-1.5707964,0.0
1970-01-01 00:00:01.639587308,1.6395873079999999,0.0,0.0,0.0,234.39697,0.0,0.0,0.0,0.0,-1.5707964,0.0
1970-01-01 00:00:01.639681764,1.639681764,0.0,0.0,0.0,0.0,0.0,152.55698,0.0,0.0,-1.5707964,0.0
1970-01-01 00:00:01.639837168,1.6398371680000001,0.0,0.0,0.0,0.0,122.668526,0.0,0.0,0.0,-1.5707964,0.0
1970-01-01 00:00:01.639871719,1.6398717189999998,200.75565,0.0,0.0,0.0,0.0,0.0,0.0,0.0,-1.5707964,0.0
1970-01-01 00:00:01.639976832,1.6399768319999999,0.0,0.0,0.0,0.0,137.75934,0.0,0.0,0.0,-1.5707964,0.0
1970-01-01 00:00:01.640065228,1.640065228,0.0,0.0,0.0,88.1065,0.0,0.0,0.0,0.0,-1.5707964,0.0
1970-01-01 00:00:01.640072154,1.6400721539999998,0.0,0.0,0.0,91.89242,0.0,0.0,0.0,0.0,-1.5707964,0.0
1970-01-01 00:00:01.640298839,1.640298839,0.0,91.69197,0.0,0.0,0.0,0.0,0.0,0.0,-1.5707964,0.0
1970-01-01 00:00:01.640324766,1.640324766,172.20883,0.0,0.0,0.0,0.0,0.0,0.0,0.0,-1.5707964,0.0
1970-01-01 00:00:01.640353893,1.640353893,0.0,83.397026,0.0,0.0,0.0,0.0,0.0,0.0,-1.5707964,0.0
1970-01-01 00:00:01.640431440,1.64043144,0.0,0.0,0.0,103.80191,0.0,0.0,0.0,0.0,-1.5707964,0.0
1970-01-01 00:00:01.640588855,1.6405888549999998,82.04974,0.0,0.0,0.0,0.0,0.0,0.0,0.0,-1.5707964,0.0
1970-01-01 00:00:01.640768600,1.6407686,0.0,0.0,0.0,0.0,0.0,159.18062,0.0,0.0,-1.5707964,0.0
1970-01-01 00:00:01.640781786,1.640781786,0.0,0.0,0.0,0.0,98.62659,0.0,0.0,0.0,-1.5707964,0.0
1970-01-01 00:00:01.640865095,1.640865095,0.0,84.34439,0.0,0.0,0.0,0.0,0.0,0.0,-1.5707964,0.0
1970-01-01 00:00:01.640972488,1.640972488,0.0,0.0,0.0,148.89597,0.0,0.0,0.0,0.0,-1.5707964,0.0
1970-01-01 00:00:01.641063936,1.6410639360000001,0.0,87.625656,0.0,0.0,0.0,0.0,0.0,0.0,-1.5707964,0.0
1970-01-01 00:00:01.641098619,1.641098619,0.0,0.0,0.0,0.0,0.0,304.9781,0.0,0.0,-1.5707964,0.0
1970-01-01 00:00:01.641111268,1.641111268,0.0,0.0,0.0,117.14604,0.0,0.0,0.0,0.0,-1.5707964,0.0
1970-01-01 00:00:01.641266554,1.641266554,108.67417,0.0,0.0,0.0,0.0,0.0,0.0,0.0,-1.5707964,0.0
1970-01-01 00:00:01.641339934,1.641339934,0.0,0.0,0.0,0.0,238.46767,0.0,0.0,0.0,-1.5707964,0.0
1970-01-01 00:00:01.641362551,1.6413625509999998,0.0,0.0,0.0,0.0,0.0,94.24195,0.0,0.0,-1.5707964,0.0
1970-01-01 00:00:01.641416324,1.6414163240000001,82.04799,0.0,0.0,0.0,0.0,0.0,0.0,0.0,-1.5707964,0.0
1970-01-01 00:00:01.641822141,1.641822141,0.0,0.0,0.0,0.0,0.0,111.30251,0.0,0.0,-1.5707964,0.0
1970-01-01 00:00:01.642039796,1.6420397960000002,106.813515,0.0,0.0,0.0,0.0,0.0,0.0,0.0,-1.5707964,0.0
1970-01-01 00:00:01.642076278,1.642076278,0.0,97.00375,0.0,0.0,0.0,0.0,0.0,0.0,-1.5707964,0.0
1970-01-01 00:00:01.642210472,1.642210472,0.0,118.98677,0.0,0.0,0.0,0.0,0.0,0.0,-1.5707964,0.0
1970-01-01 00:00:01.642590798,1.642590798,187.17183,0.0,0.0,0.0,0.0,0.0,0.0,0.0,-1.5707964,0.0
1970-01-01 00:00:01.642966170,1.64296617,0.0,0.0,0.0,0.0,198.25865,0.0,0.0,0.0,-1.5707964,0.0
1970-01-01 00:00:01.643076701,1.643076701,0.0,0.0,0.0,0.0,107.87333,0.0,0.0,0.0,-1.5707964,0.0
1970-01-01 00:00:01.643083049,1.643083049,0.0,107.20984,0.0,0.0,0.0,0.0,0.0,0.0,-1.5707964,0.0
1970-01-01 00:00:01.643124974,1.643124974,0.0,83.654434,0.0,0.0,0.0,0.0,0.0,0.0,-1.5707964,0.0
1970-01-01 00:00:01.643283531,1.643283531,131.74197,0.0,0.0,0.0,0.0,0.0,0.0,0.0,-1.5707964,0.0
1970-01-01 00:00:01.643402241,1.643402241,0.0,0.0,319.13544,0.0,0.0,0.0,0.0,0.0,-1.5707964,0.0
1970-01-01 00:00:01.643523011,1.643523011,0.0,0.0,0.0,0.0,86.2154,0.0,0.0,0.0,-1.5707964,0.0
1970-01-01 00:00:01.643657420,1.64365742,0.0,0.0,0.0,0.0,80.40692,0.0,0.0,0.0,-1.5707964,0.0
1970-01-01 00:00:01.643702773,1.643702773,0.0,153.25409,0.0,0.0,0.0,0.0,0.0,0.0,-1.5707964,0.0
1970-01-01 00:00:01.643786523,1.6437865230000002,0.0,0.0,229.13478,0.0,0.0,0.0,0.0,0.0,-1.5707964,0.0
1970-01-01 00:00:01.644047040,1.64404704,0.0,0.0,0.0,0.0,83.08161,0.0,0.0,0.0,-1.5707964,0.0
1970-01-01 00:00:01.644053812,1.6440538120000001,403.48093,0.0,0.0,0.0,0.0,0.0,0.0,0.0,-1.5707964,0.0
1970-01-01 00:00:01.644057479,1.644057479,0.0,0.0,0.0,0.0,82.08364,0.0,0.0,0.0,-1.5707964,0.0
1970-01-01 00:00:01.644148695,1.6441486950000002,0.0,0.0,0.0,0.0,114.95486,0.0,0.0,0.0,-1.5707964,0.0
1970-01-01 00:00:01.644198232,1.644198232,0.0,0.0,0.0,0.0,168.1384,0.0,0.0,0.0,-1.5707964,0.0
1970-01-01 00:00:01.644218584,1.6442185839999999,0.0,329.0261,0.0,0.0,0.0,0.0,0.0,0.0,-1.5707964,0.0
1970-01-01 00:00:01.644318424,1.644318424,0.0,127.892006,0.0,0.0,0.0,0.0,0.0,0.0,-1.5707964,0.0
1970-01-01 00:00:01.644488970,1.64448897,88.75448,0.0,0.0,0.0,0.0,0.0,0.0,0.0,-1.5707964,0.0
1970-01-01 00:00:01.644631544,1.6446315440000001,0.0,163.01549,0.0,0.0,0.0,0.0,0.0,0.0,-1.5707964,0.0
1970-01-01 00:00:01.644827287,1.644827287,0.0,108.7869,0.0,0.0,0.0,0.0,0.0,0.0,-1.5707964,0.0
1970-01-01 00:00:01.644851745,1.644851745,233.1439,0.0,0.0,0.0,0.0,0.0,0.0,0.0,-1.5707964,0.0
1970-01-01 00:00:01.644914605,1.6449146049999999,0.0,0.0,0.0,0.0,251.8514,0.0,0.0,0.0,-1.5707964,0.0
1970-01-01 00:00:01.645054794,1.645054794,0.0,0.0,0.0,0.0,90.10436,0.0,0.0,0.0,-1.5707964,0.0
1970-01-01 00:00:01.645082068,1.645082068,0.0,0.0,0.0,216.88184,0.0,0.0,0.0,0.0,-1.5707964,0.0
1970-01-01 00:00:01.645154636,1.645154636,0.0,195.30687,0.0,0.0,0.0,0.0,0.0,0.0,-1.5707964,0.0
1970-01-01 00:00:01.645164369,1.645164369,0.0,83.459114,0.0,0.0,0.0,0.0,0.0,0.0,-1.5707964,0.0
1970-01-01 00:00:01.645250889,1.6452508890000002,0.0,0.0,0.0,186.33896,0.0,0.0,0.0,0.0,-1.5707964,0.0
1970-01-01 00:00:01.645270025,1.6452700249999999,0.0,0.0,0.0,0.0,91.40186,0.0,0.0,0.0,-1.5707964,0.0
1970-01-01 00:00:01.645571986,1.645571986,0.0,0.0,0.0,175.79506,0.0,0.0,0.0,0.0,-1.5707964,0.0
1970-01-01 00:00:01.645929597,1.6459295969999999,220.17015,0.0,0.0,0.0,0.0,0.0,0.0,0.0,-1.5707964,0.0
1970-01-01 00:00:01.646072339,1.646072339,0.0,0.0,0.0,0.0,0.0,177.21082,0.0,0.0,-1.5707964,0.0
1970-01-01 00:00:01.646126257,1.6461262570000001,0.0,0.0,0.0,0.0,117.671295,0.0,0.0,0.0,-1.5707964,0.0
1970-01-01 00:00:01.646177572,1.646177572,0.0,442.9679,0.0,0.0,0.0,0.0,0.0,0.0,-1.5707964,0.0
1970-01-01 00:00:01.646399653,1.646399653,0.0,0.0,0.0,0.0,0.0,130.03207,0.0,0.0,-1.5707964,0.0
1970-01-01 00:00:01.646563808,1.646563808,179.50227,0.0,0.0,0.0,0.0,0.0,0.0,0.0,-1.5707964,0.0
1970-01-01 00:00:01.646704738,1.646704738,0.0,138.78377,0.0,0.0,0.0,0.0,0.0,0.0,-1.5707964,0.0
1970-01-01 00:00:01.646731566,1.6467315660000001,0.0,0.0,0.0,0.0,84.01594,0.0,0.0,0.0,-1.5707964,0.0
1970-01-01 00:00:01.646778532,1.646778532,0.0,0.0,0.0,0.0,94.281685,0.0,0.0,0.0,-1.5707964,0.0
1970-01-01 00:00:01.646842349,1.646842349,0.0,0.0,0.0,0.0,0.0,85.84414,0.0,0.0,-1.5707964,0.0
1970-01-01 00:00:01.647473887,1.6474738869999999,0.0,0.0,0.0,113.64413,0.0,0.0,0.0,0.0,-1.5707964,0.0
1970-01-01 00:00:01.647480296,1.647480296,0.0,0.0,0.0,94.86255,0.0,0.0,0.0,0.0,-1.5707964,0.0
1970-01-01 00:00:01.647792299,1.647792299,106.940254,0.0,0.0,0.0,0.0,0.0,0.0,0.0,-1.5707964,0.0
1970-01-01 00:00:01.647832011,1.647832011,0.0,120.6902,0.0,0.0,0.0,0.0,0.0,0.0,-1.5707964,0.0
1970-01-01 00:00:01.648329249,1.648329249,0.0,0.0,0.0,89.714775,0.0,0.0,0.0,0.0,-1.5707964,0.0
1970-01-01 00:00:01.648618710,1.64861871,201.33067,0.0,0.0,0.0,0.0,0.0,0.0,0.0,-1.5707964,0.0
1970-01-01 00:00:01.648630275,1.648630275,0.0,416.54074,0.0,0.0,0.0,0.0,0.0,0.0,-1.5707964,0.0
1970-01-01 00:00:01.648827946,1.648827946,0.0,0.0,0.0,0.0,0.0,194.76532,0.0,0.0,-1.5707964,0.0
1970-01-01 00:00:01.648846601,1.648846601,0.0,100.477455,0.0,0.0,0.0,0.0,0.0,0.0,-1.5707964,0.0
1970-01-01 00:00:01.648936962,1.648936962,0.0,116.02007,0.0,0.0,0.0,0.0,0.0,0.0,-1.5707964,0.0
1970-01-01 00:00:01.649398535,1.649398535,0.0,0.0,0.0,0.0,126.057945,0.0,0.0,0.0,-1.5707964,0.0
1970-01-01 00:00:01.649438586,1.649438586,0.0,0.0,0.0,0.0,104.58409,0.0,0.0,0.0,-1.5707964,0.0
1970-01-01 00:00:01.649525431,1.649525431,106.87471,0.0,0.0,0.0,0.0,0.0,0.0,0.0,-1.5707964,0.0
1970-01-01 00:00:01.649815972,1.6498159719999999,0.0,0.0,0.0,0.0,80.3552,0.0,0.0,0.0,-1.5707964,0.0
1970-01-01 00:00:01.649833101,1.649833101,0.0,117.10629,0.0,0.0,0.0,0.0,0.0,0.0,-1.5707964,0.0
1970-01-01 00:00:01.649865375,1.649865375,0.0,0.0,0.0,0.0,186.33276,0.0,0.0,0.0,-1.5707964,0.0
1970-01-01 00:00:01.649915254,1.6499152540000002,0.0,158.19318,0.0,0.0,0.0,0.0,0.0,0.0,-1.5707964,0.0
1970-01-01 00:00:01.650033071,1.650033071,0.0,0.0,0.0,0.0,95.11529,0.0,0.0,0.0,-1.5707964,0.0
1970-01-01 00:00:01.650052038,1.650052038,0.0,0.0,0.0,0.0,0.0,173.68661,0.0,0.0,-1.5707964,0.0
1970-01-01 00:00:01.650061387,1.650061387,0.0,0.0,0.0,0.0,234.2122,0.0,0.0,0.0,-1.5707964,0.0
1970-01-01 00:00:01.650162839,1.650162839,0.0,0.0,0.0,0.0,132.68031,0.0,0.0,0.0,-1.5707964,0.0
1970-01-01 00:00:01.650370798,1.650370798,0.0,0.0,0.0,87.92042,0.0,0.0,0.0,0.0,-1.5707964,0.0
1970-01-01 00:00:01.650471438,1.6504714379999998,114.02886,0.0,0.0,0.0,0.0,0.0,0.0,0.0,-1.5707964,0.0
1970-01-01 00:00:01.650496416,1.650496416,0.0,118.77961,0.0,0.0,0.0,0.0,0.0,0.0,-1.5707964,0.0
1970-01-01 00:00:01.650613172,1.650613172,161.26443,0.0,0.0,0.0,0.0,0.0,0.0,0.0,-1.5707964,0.0
1970-01-01 00:00:01.650892853,1.650892853,0.0,0.0,0.0,0.0,277.21027,0.0,0.0,0.0,-1.5707964,0.0
1970-01-01 00:00:01.650962598,1.650962598,0.0,0.0,0.0,0.0,84.718796,0.0,0.0,0.0,-1.5707964,0.0
1970-01-01 00:00:01.651014525,1.651014525,183.19673,0.0,0.0,0.0,0.0,0.0,0.0,0.0,-1.5707964,0.0
1970-01-01 00:00:01.651549540,1.65154954,0.0,327.13528,0.0,0.0,0.0,0.0,0.0,0.0,-1.5707964,0.0
1970-01-01 00:00:01.651823575,1.6518235749999999,0.0,94.486946,0.0,0.0,0.0,0.0,0.0,0.0,-1.5707964,0.0
1970-01-01 00:00:01.651859329,1.651859329,0.0,82.47565,0.0,0.0,0.0,0.0,0.0,0.0,-1.5707964,0.0
1970-01-01 00:00:01.651875890,1.65187589,0.0,0.0,0.0,0.0,113.3739,0.0,0.0,0.0,-1.5707964,0.0
1970-01-01 00:00:01.652165355,1.652165355,0.0,0.0,0.0,189.14545,0.0,0.0,0.0,0.0,-1.5707964,0.0
1970-01-01 00:00:01.652170194,1.652170194,0.0,180.28523,0.0,0.0,0.0,0.0,0.0,0.0,-1.5707964,0.0
1970-01-01 00:00:01.652386101,1.652386101,0.0,112.58584,0.0,0.0,0.0,0.0,0.0,0.0,-1.5707964,0.0
1970-01-01 00:00:01.652437455,1.652437455,0.0,126.65929,0.0,0.0,0.0,0.0,0.0,0.0,-1.5707964,0.0
1970-01-01 00:00:01.652672848,1.652672848,0.0,110.54911,0.0,0.0,0.0,0.0,0.0,0.0,-1.5707964,0.0
1970-01-01 00:00:01.652738158,1.652738158,0.0,0.0,0.0,0.0,96.936516,0.0,0.0,0.0,-1.5707964,0.0
1970-01-01 00:00:01.652790482,1.652790482,0.0,0.0,0.0,0.0,145.0949,0.0,0.0,0.0,-1.5707964,0.0
1970-01-01 00:00:01.652820611,1.652820611,0.0,0.0,0.0,0.0,326.00467,0.0,0.0,0.0,-1.5707964,0.0
1970-01-01 00:00:01.653018372,1.653018372,144.12492,0.0,0.0,0.0,0.0,0.0,0.0,0.0,-1.5707964,0.0
1970-01-01 00:00:01.653090023,1.6530900229999999,0.0,105.009575,0.0,0.0,0.0,0.0,0.0,0.0,-1.5707964,0.0
1970-01-01 00:00:01.653127001,1.653127001,0.0,137.7022,0.0,0.0,0.0,0.0,0.0,0.0,-1.5707964,0.0
1970-01-01 00:00:01.653296551,1.653296551,115.70616,0.0,0.0,0.0,0.0,0.0,0.0,0.0,-1.5707964,0.0
1970-01-01 00:00:01.653742320,1.65374232,0.0,86.098366,0.0,0.0,0.0,0.0,0.0,0.0,-1.5707964,0.0
1970-01-01 00:00:01.653762962,1.653762962,149.5369,0.0,0.0,0.0,0.0,0.0,0.0,0.0,-1.5707964,0.0
1970-01-01 00:00:01.653860983,1.653860983,0.0,0.0,0.0,144.43721,0.0,0.0,0.0,0.0,-1.5707964,0.0
1970-01-01 00:00:01.653926355,1.6539263549999998,0.0,0.0,0.0,0.0,122.58961,0.0,0.0,0.0,-1.5707964,0.0
1970-01-01 00:00:01.654042582,1.654042582,0.0,0.0,447.13828,0.0,0.0,0.0,0.0,0.0,-1.5707964,0.0
1970-01-01 00:00:01.654105979,1.6541059790000001,0.0,172.12662,0.0,0.0,0.0,0.0,0.0,0.0,-1.5707964,0.0
1970-01-01 00:00:01.654289187,1.654289187,0.0,0.0,0.0,0.0,94.02336,0.0,0.0,0.0,-1.5707964,0.0
1970-01-01 00:00:01.654520343,1.654520343,0.0,0.0,0.0,0.0,82.57306,0.0,0.0,0.0,-1.5707964,0.0
1970-01-01 00:00:01.655190931,1.655190931,0.0,0.0,0.0,0.0,0.0,387.2306,0.0,0.0,-1.5707964,0.0
1970-01-01 00:00:01.655251330,1.65525133,0.0,0.0,0.0,0.0,141.45457,0.0,0.0,0.0,-1.5707964,0.0
1970-01-01 00:00:01.655478663,1.655478663,0.0,156.52422,0.0,0.0,0.0,0.0,0.0,0.0,-1.5707964,0.0
1970-01-01 00:00:01.655623174,1.655623174,0.0,407.8233,0.0,0.0,0.0,0.0,0.0,0.0,-1.5707964,0.0
1970-01-01 00:00:01.655626589,1.6556265890000001,0.0,527.16534,0.0,0.0,0.0,0.0,0.0,0.0,-1.5707964,0.0
1970-01-01 00:00:01.655628035,1.6556280349999999,0.0,0.0,121.62186,0.0,0.0,0.0,0.0,0.0,-1.5707964,0.0
1970-01-01 00:00:01.655712333,1.6557123329999999,0.0,139.06923,0.0,0.0,0.0,0.0,0.0,0.0,-1.5707964,0.0
1970-01-01 00:00:01.655807154,1.6558071540000001,182.82224,0.0,0.0,0.0,0.0,0.0,0.0,0.0,-1.5707964,0.0
1970-01-01 00:00:01.655867626,1.655867626,0.0,0.0,0.0,0.0,96.191574,0.0,0.0,0.0,-1.5707964,0.0
1970-01-01 00:00:01.655915631,1.655915631,0.0,145.08504,0.0,0.0,0.0,0.0,0.0,0.0,-1.5707964,0.0
1970-01-01 00:00:01.656007733,1.656007733,0.0,95.92376,0.0,0.0,0.0,0.0,0.0,0.0,-1.5707964,0.0
1970-01-01 00:00:01.656073109,1.656073109,0.0,0.0,0.0,0.0,154.11232,0.0,0.0,0.0,-1.5707964,0.0
1970-01-01 00:00:01.656166996,1.656166996,0.0,170.77307,0.0,0.0,0.0,0.0,0.0,0.0,-1.5707964,0.0
1970-01-01 00:00:01.656337041,1.656337041,0.0,0.0,0.0,101.68998,0.0,0.0,0.0,0.0,-1.5707964,0.0
1970-01-01 00:00:01.656353700,1.6563537,268.72452,0.0,0.0,0.0,0.0,0.0,0.0,0.0,-1.5707964,0.0
1970-01-01 00:00:01.656465287,1.656465287,211.48672,0.0,0.0,0.0,0.0,0.0,0.0,0.0,-1.5707964,0.0
1970-01-01 00:00:01.656702243,1.656702243,82.53861,0.0,0.0,0.0,0.0,0.0,0.0,0.0,-1.5707964,0.0
1970-01-01 00:00:01.656875953,1.6568759530000001,0.0,0.0,0.0,165.38176,0.0,0.0,0.0,0.0,-1.5707964,0.0
1970-01-01 00:00:01.657320589,1.657320589,0.0,0.0,0.0,0.0,96.66893,0.0,0.0,0.0,-1.5707964,0.0
1970-01-01 00:00:01.657584762,1.657584762,0.0,130.97171,0.0,0.0,0.0,0.0,0.0,0.0,-1.5707964,0.0
1970-01-01 00:00:01.658102001,1.658102001,0.0,0.0,0.0,167.62839,0.0,0.0,0.0,0.0,-1.5707964,0.0
1970-01-01 00:00:01.658368386,1.658368386,0.0,261.79358,0.0,0.0,0.0,0.0,0.0,0.0,-1.5707964,0.0
1970-01-01 00:00:01.658553649,1.658553649,182.34323,0.0,0.0,0.0,0.0,0.0,0.0,0.0,-1.5707964,0.0
1970-01-01 00:00:01.658849473,1.658849473,0.0,0.0,0.0,189.2647,0.0,0.0,0.0,0.0,-1.5707964,0.0
1970-01-01 00:00:01.659625423,1.659625423,0.0,0.0,0.0,0.0,167.41216,0.0,0.0,0.0,-1.5707964,0.0
1970-01-01 00:00:01.659681513,1.659681513,0.0,120.161995,0.0,0.0,0.0,0.0,0.0,0.0,-1.5707964,0.0
1970-01-01 00:00:01.659733384,1.659733384,0.0,171.38028,0.0,0.0,0.0,0.0,0.0,0.0,-1.5707964,0.0
1970-01-01 00:00:01.659914864,1.659914864,0.0,0.0,0.0,0.0,187.48183,0.0,0.0,0.0,-1.5707964,0.0
1970-01-01 00:00:01.660939489,1.660939489,185.49998,0.0,0.0,0.0,0.0,0.0,0.0,0.0,-1.5707964,0.0
1970-01-01 00:00:01.660961091,1.660961091,0.0,0.0,0.0,0.0,131.44154,0.0,0.0,0.0,-1.5707964,0.0
1970-01-01 00:00:01.660982894,1.660982894,0.0,147.14609,0.0,0.0,0.0,0.0,0.0,0.0,-1.5707964,0.0
1970-01-01 00:00:01.660985547,1.6609855470000001,0.0,238.14937,0.0,0.0,0.0,0.0,0.0,0.0,-1.5707964,0.0
1970-01-01 00:00:01.661155501,1.661155501,272.42572,0.0,0.0,0.0,0.0,0.0,0.0,0.0,-1.5707964,0.0
1970-01-01 00:00:01.661449654,1.661449654,166.21213,0.0,0.0,0.0,0.0,0.0,0.0,0.0,-1.5707964,0.0
1970-01-01 00:00:01.661759707,1.6617597069999999,0.0,246.47923,0.0,0.0,0.0,0.0,0.0,0.0,-1.5707964,0.0
1970-01-01 00:00:01.661884195,1.6618841949999998,0.0,0.0,0.0,0.0,116.42393,0.0,0.0,0.0,-1.5707964,0.0
1970-01-01 00:00:01.661898869,1.6618988689999998,0.0,302.7824,0.0,0.0,0.0,0.0,0.0,0.0,-1.5707964,0.0
1970-01-01 00:00:01.662193282,1.662193282,0.0,94.82258,0.0,0.0,0.0,0.0,0.0,0.0,-1.5707964,0.0
1970-01-01 00:00:01.662280814,1.662280814,145.76941,0.0,0.0,0.0,0.0,0.0,0.0,0.0,-1.5707964,0.0
1970-01-01 00:00:01.662420728,1.6624207279999998,0.0,0.0,0.0,0.0,100.02437,0.0,0.0,0.0,-1.5707964,0.0
1970-01-01 00:00:01.662553879,1.6625538789999998,0.0,0.0,0.0,0.0,84.66112,0.0,0.0,0.0,-1.5707964,0.0
1970-01-01 00:00:01.663208182,1.663208182,0.0,178.6479,0.0,0.0,0.0,0.0,0.0,0.0,-1.5707964,0.0
1970-01-01 00:00:01.663273511,1.6632735109999999,0.0,85.3606,0.0,0.0,0.0,0.0,0.0,0.0,-1.5707964,0.0
1970-01-01 00:00:01.663304490,1.66330449,0.0,144.14876,0.0,0.0,0.0,0.0,0.0,0.0,-1.5707964,0.0
1970-01-01 00:00:01.663512969,1.6635129690000001,0.0,0.0,0.0,167.26001,0.0,0.0,0.0,0.0,-1.5707964,0.0
1970-01-01 00:00:01.663578161,1.663578161,0.0,0.0,0.0,113.60607,0.0,0.0,0.0,0.0,-1.5707964,0.0
1970-01-01 00:00:01.663636082,1.663636082,0.0,0.0,0.0,0.0,133.92288,0.0,0.0,0.0,-1.5707964,0.0
1970-01-01 00:00:01.663643381,1.663643381,0.0,0.0,0.0,236.1229,0.0,0.0,0.0,0.0,-1.5707964,0.0
1970-01-01 00:00:01.663758939,1.663758939,0.0,120.965836,0.0,0.0,0.0,0.0,0.0,0.0,-1.5707964,0.0
1970-01-01 00:00:01.663759261,1.663759261,112.83614,0.0,0.0,0.0,0.0,0.0,0.0,0.0,-1.5707964,0.0
1970-01-01 00:00:01.663894160,1.66389416,172.4261,0.0,0.0,0.0,0.0,0.0,0.0,0.0,-1.5707964,0.0
1970-01-01 00:00:01.663981373,1.663981373,0.0,0.0,0.0,0.0,97.7464,0.0,0.0,0.0,-1.5707964,0.0
1970-01-01 00:00:01.664045171,1.6640451710000002,0.0,0.0,0.0,0.0,169.77444,0.0,0.0,0.0,-1.5707964,0.0
1970-01-01 00:00:01.664149571,1.664149571,0.0,130.39333,0.0,0.0,0.0,0.0,0.0,0.0,-1.5707964,0.0
1970-01-01 00:00:01.664407670,1.6644076700000001,0.0,0.0,0.0,0.0,0.0,229.59529,0.0,0.0,-1.5707964,0.0
1970-01-01 00:00:01.664430464,1.664430464,0.0,0.0,0.0,110.26647,0.0,0.0,0.0,0.0,-1.5707964,0.0
1970-01-01 00:00:01.664526618,1.664526618,0.0,0.0,0.0,0.0,87.56778,0.0,0.0,0.0,-1.5707964,0.0
1970-01-01 00:00:01.664783770,1.66478377,0.0,103.499146,0.0,0.0,0.0,0.0,0.0,0.0,-1.5707964,0.0
1970-01-01 00:00:01.664800600,1.6648006,0.0,0.0,0.0,126.84068,0.0,0.0,0.0,0.0,-1.5707964,0.0
1970-01-01 00:00:01.664949906,1.664949906,109.73705,0.0,0.0,0.0,0.0,0.0,0.0,0.0,-1.5707964,0.0
1970-01-01 00:00:01.665137989,1.665137989,0.0,0.0,0.0,0.0,101.19458,0.0,0.0,0.0,-1.5707964,0.0
1970-01-01 00:00:01.665302070,1.66530207,0.0,0.0,0.0,0.0,123.64469,0.0,0.0,0.0,-1.5707964,0.0
1970-01-01 00:00:01.665405199,1.6654051989999998,0.0,225.39102,0.0,0.0,0.0,0.0,0.0,0.0,-1.5707964,0.0
1970-01-01 00:00:01.665469668,1.665469668,0.0,96.238884,0.0,0.0,0.0,0.0,0.0,0.0,-1.5707964,0.0
1970-01-01 00:00:01.665564621,1.6655646210000001,0.0,93.81404,0.0,0.0,0.0,0.0,0.0,0.0,-1.5707964,0.0
1970-01-01 00:00:01.665838780,1.66583878,0.0,0.0,0.0,0.0,0.0,196.95256,0.0,0.0,-1.5707964,0.0
1970-01-01 00:00:01.665860539,1.665860539,188.0319,0.0,0.0,0.0,0.0,0.0,0.0,0.0,-1.5707964,0.0
1970-01-01 00:00:01.666274808,1.666274808,0.0,0.0,0.0,0.0,0.0,140.84006,0.0,0.0,-1.5707964,0.0
1970-01-01 00:00:01.666281268,1.666281268,0.0,376.1459,0.0,0.0,0.0,0.0,0.0,0.0,-1.5707964,0.0
1970-01-01 00:00:01.666380294,1.666380294,0.0,251.8784,0.0,0.0,0.0,0.0,0.0,0.0,-1.5707964,0.0
1970-01-01 00:00:01.666433046,1.6664330459999999,0.0,0.0,0.0,0.0,165.84587,0.0,0.0,0.0,-1.5707964,0.0
1970-01-01 00:00:01.666496476,1.6664964759999998,152.75287,0.0,0.0,0.0,0.0,0.0,0.0,0.0,-1.5707964,0.0
1970-01-01 00:00:01.666949109,1.666949109,0.0,86.67045,0.0,0.0,0.0,0.0,0.0,0.0,-1.5707964,0.0
1970-01-01 00:00:01.667179126,1.667179126,0.0,220.91177,0.0,0.0,0.0,0.0,0.0,0.0,-1.5707964,0.0
1970-01-01 00:00:01.667513539,1.667513539,0.0,0.0,0.0,117.735054,0.0,0.0,0.0,0.0,-1.5707964,0.0
1970-01-01 00:00:01.667686036,1.667686036,368.27637,0.0,0.0,0.0,0.0,0.0,0.0,0.0,-1.5707964,0.0
1970-01-01 00:00:01.667738453,1.6677384530000001,0.0,0.0,0.0,0.0,180.99634,0.0,0.0,0.0,-1.5707964,0.0
1970-01-01 00:00:01.667928358,1.6679283580000002,0.0,233.8824,0.0,0.0,0.0,0.0,0.0,0.0,-1.5707964,0.0
1970-01-01 00:00:01.668032329,1.6680323289999999,0.0,0.0,0.0,0.0,148.8411,0.0,0.0,0.0,-1.5707964,0.0
1970-01-01 00:00:01.668104851,1.668104851,0.0,0.0,0.0,0.0,175.46118,0.0,0.0,0.0,-1.5707964,0.0
1970-01-01 00:00:01.668105072,1.668105072,0.0,198.99364,0.0,0.0,0.0,0.0,0.0,0.0,-1.5707964,0.0
1970-01-01 00:00:01.668174276,1.668174276,0.0,0.0,0.0,386.0029,0.0,0.0,0.0,0.0,-1.5707964,0.0
1970-01-01 00:00:01.668553654,1.668553654,0.0,95.446266,0.0,0.0,0.0,0.0,0.0,0.0,-1.5707964,0.0
1970-01-01 00:00:01.668586288,1.668586288,0.0,0.0,0.0,0.0,148.04997,0.0,0.0,0.0,-1.5707964,0.0
1970-01-01 00:00:01.668608251,1.668608251,0.0,0.0,0.0,0.0,541.88116,0.0,0.0,0.0,-1.5707964,0.0
1970-01-01 00:00:01.668858764,1.6688587639999999,0.0,230.44826,0.0,0.0,0.0,0.0,0.0,0.0,-1.5707964,0.0
1970-01-01 00:00:01.668922867,1.668922867,0.0,104.41247,0.0,0.0,0.0,0.0,0.0,0.0,-1.5707964,0.0
1970-01-01 00:00:01.669159947,1.669159947,0.0,0.0,0.0,198.4479,0.0,0.0,0.0,0.0,-1.5707964,0.0
1970-01-01 00:00:01.669355750,1.66935575,0.0,0.0,0.0,0.0,126.850525,0.0,0.0,0.0,-1.5707964,0.0
1970-01-01 00:00:01.669447794,1.6694477939999999,0.0,0.0,0.0,0.0,86.122,0.0,0.0,0.0,-1.5707964,0.0
1970-01-01 00:00:01.669521169,1.669521169,165.99976,0.0,0.0,0.0,0.0,0.0,0.0,0.0,-1.5707964,0.0
1970-01-01 00:00:01.669812576,1.669812576,0.0,0.0,0.0,470.254,0.0,0.0,0.0,0.0,-1.5707964,0.0
1970-01-01 00:00:01.669901141,1.669901141,0.0,0.0,0.0,0.0,225.7709,0.0,0.0,0.0,-1.5707964,0.0
1970-01-01 00:00:01.670689251,1.670689251,0.0,0.0,0.0,115.537056,0.0,0.0,0.0,0.0,-1.5707964,0.0
1970-01-01 00:00:01.670706981,1.670706981,0.0,0.0,0.0,0.0,245.79747,0.0,0.0,0.0,-1.5707964,0.0
1970-01-01 00:00:01.670719308,1.670719308,0.0,0.0,0.0,0.0,99.808235,0.0,0.0,0.0,-1.5707964,0.0
1970-01-01 00:00:01.670739757,1.670739757,0.0,0.0,0.0,0.0,92.58019,0.0,0.0,0.0,-1.5707964,0.0
1970-01-01 00:00:01.670936256,1.670936256,0.0,0.0,0.0,0.0,110.168495,0.0,0.0,0.0,-1.5707964,0.0
1970-01-01 00:00:01.670963086,1.670963086,259.09595,0.0,0.0,0.0,0.0,0.0,0.0,0.0,-1.5707964,0.0
1970-01-01 00:00:01.670978543,1.670978543,0.0,0.0,0.0,166.86465,0.0,0.0,0.0,0.0,-1.5707964,0.0
1970-01-01 00:00:01.671210097,1.671210097,0.0,168.66667,0.0,0.0,0.0,0.0,0.0,0.0,-1.5707964,0.0
1970-01-01 00:00:01.671379215,1.671379215,0.0,0.0,0.0,0.0,122.96707,0.0,0.0,0.0,-1.5707964,0.0
1970-01-01 00:00:01.671535210,1.67153521,0.0,0.0,0.0,0.0,130.05925,0.0,0.0,0.0,-1.5707964,0.0
1970-01-01 00:00:01.671621627,1.671621627,95.980446,0.0,0.0,0.0,0.0,0.0,0.0,0.0,-1.5707964,0.0
1970-01-01 00:00:01.671653949,1.671653949,0.0,161.48555,0.0,0.0,0.0,0.0,0.0,0.0,-1.5707964,0.0
1970-01-01 00:00:01.671729756,1.671729756,0.0,102.229935,0.0,0.0,0.0,0.0,0.0,0.0,-1.5707964,0.0
1970-01-01 00:00:01.671739421,1.6717394209999998,111.90834,0.0,0.0,0.0,0.0,0.0,0.0,0.0,-1.5707964,0.0
1970-01-01 00:00:01.671790709,1.6717907090000002,0.0,0.0,0.0,0.0,87.031006,0.0,0.0,0.0,-1.5707964,0.0
1970-01-01 00:00:01.671875661,1.671875661,0.0,167.1108,0.0,0.0,0.0,0.0,0.0,0.0,-1.5707964,0.0
1970-01-01 00:00:01.671876226,1.671876226,0.0,0.0,0.0,0.0,93.773445,0.0,0.0,0.0,-1.5707964,0.0
1970-01-01 00:00:01.672075498,1.6720754979999999,0.0,0.0,0.0,0.0,107.815125,0.0,0.0,0.0,-1.5707964,0.0
1970-01-01 00:00:01.672270079,1.672270079,0.0,107.053696,0.0,0.0,0.0,0.0,0.0,0.0,-1.5707964,0.0
1970-01-01 00:00:01.672444144,1.672444144,90.24629,0.0,0.0,0.0,0.0,0.0,0.0,0.0,-1.5707964,0.0
1970-01-01 00:00:01.672572570,1.67257257,112.506516,0.0,0.0,0.0,0.0,0.0,0.0,0.0,-1.5707964,0.0
1970-01-01 00:00:01.672789815,1.672789815,0.0,0.0,0.0,0.0,0.0,161.27315,0.0,0.0,-1.5707964,0.0
1970-01-01 00:00:01.672850762,1.672850762,0.0,231.69821,0.0,0.0,0.0,0.0,0.0,0.0,-1.5707964,0.0
1970-01-01 00:00:01.672948244,1.672948244,0.0,193.9727,0.0,0.0,0.0,0.0,0.0,0.0,-1.5707964,0.0
1970-01-01 00:00:01.673536019,1.6735360190000002,0.0,293.06372,0.0,0.0,0.0,0.0,0.0,0.0,-1.5707964,0.0
1970-01-01 00:00:01.673750553,1.673750553,0.0,0.0,0.0,0.0,113.465675,0.0,0.0,0.0,-1.5707964,0.0
1970-01-01 00:00:01.673797132,1.673797132,384.221,0.0,0.0,0.0,0.0,0.0,0.0,0.0,-1.5707964,0.0
1970-01-01 00:00:01.673859334,1.6738593339999999,0.0,151.4012,0.0,0.0,0.0,0.0,0.0,0.0,-1.5707964,0.0
1970-01-01 00:00:01.673904927,1.6739049270000002,0.0,0.0,0.0,0.0,137.28903,0.0,0.0,0.0,-1.5707964,0.0
1970-01-01 00:00:01.674285519,1.674285519,0.0,0.0,0.0,0.0,0.0,200.22989,0.0,0.0,-1.5707964,0.0
1970-01-01 00:00:01.674352264,1.674352264,112.62273,0.0,0.0,0.0,0.0,0.0,0.0,0.0,-1.5707964,0.0
1970-01-01 00:00:01.674663553,1.674663553,0.0,191.39012,0.0,0.0,0.0,0.0,0.0,0.0,-1.5707964,0.0
1970-01-01 00:00:01.674749791,1.674749791,0.0,102.556595,0.0,0.0,0.0,0.0,0.0,0.0,-1.5707964,0.0
1970-01-01 00:00:01.675078710,1.67507871,0.0,97.33714,0.0,0.0,0.0,0.0,0.0,0.0,-1.5707964,0.0
1970-01-01 00:00:01.675356750,1.67535675,0.0,0.0,0.0,94.42182,0.0,0.0,0.0,0.0,-1.5707964,0.0
1970-01-01 00:00:01.675446859,1.675446859,0.0,0.0,0.0,98.32887,0.0,0.0,0.0,0.0,-1.5707964,0.0
1970-01-01 00:00:01.675467032,1.675467032,0.0,205.38008,0.0,0.0,0.0,0.0,0.0,0.0,-1.5707964,0.0
1970-01-01 00:00:01.675671244,1.6756712440000001,224.61241,0.0,0.0,0.0,0.0,0.0,0.0,0.0,-1.5707964,0.0
1970-01-01 00:00:01.675797473,1.675797473,0.0,0.0,0.0,0.0,110.644966,0.0,0.0,0.0,-1.5707964,0.0
1970-01-01 00:00:01.676241575,1.6762415750000002,0.0,119.25616,0.0,0.0,0.0,0.0,0.0,0.0,-1.5707964,0.0
1970-01-01 00:00:01.676261309,1.676261309,0.0,235.95848,0.0,0.0,0.0,0.0,0.0,0.0,-1.5707964,0.0
1970-01-01 00:00:01.676304544,1.676304544,0.0,0.0,0.0,181.6408,0.0,0.0,0.0,0.0,-1.5707964,0.0
1970-01-01 00:00:01.676438248,1.676438248,0.0,273.88107,0.0,0.0,0.0,0.0,0.0,0.0,-1.5707964,0.0
1970-01-01 00:00:01.676648929,1.676648929,245.78831,0.0,0.0,0.0,0.0,0.0,0.0,0.0,-1.5707964,0.0
1970-01-01 00:00:01.676947645,1.676947645,0.0,0.0,0.0,0.0,0.0,108.02206,0.0,0.0,-1.5707964,0.0
1970-01-01 00:00:01.677176759,1.677176759,0.0,0.0,0.0,0.0,238.26286,0.0,0.0,0.0,-1.5707964,0.0
1970-01-01 00:00:01.677256102,1.6772561019999999,0.0,198.06027,0.0,0.0,0.0,0.0,0.0,0.0,-1.5707964,0.0
1970-01-01 00:00:01.677274757,1.677274757,0.0,85.85569,0.0,0.0,0.0,0.0,0.0,0.0,-1.5707964,0.0
1970-01-01 00:00:01.677525838,1.677525838,0.0,0.0,0.0,0.0,199.28635,0.0,0.0,0.0,-1.5707964,0.0
1970-01-01 00:00:01.677751422,1.677751422,0.0,133.84846,0.0,0.0,0.0,0.0,0.0,0.0,-1.5707964,0.0
1970-01-01 00:00:01.677837982,1.677837982,0.0,309.38394,0.0,0.0,0.0,0.0,0.0,0.0,-1.5707964,0.0
1970-01-01 00:00:01.678402610,1.67840261,0.0,142.82393,0.0,0.0,0.0,0.0,0.0,0.0,-1.5707964,0.0
1970-01-01 00:00:01.678409446,1.6784094459999999,0.0,0.0,0.0,0.0,82.239426,0.0,0.0,0.0,-1.5707964,0.0
1970-01-01 00:00:01.678527839,1.678527839,0.0,199.17421,0.0,0.0,0.0,0.0,0.0,0.0,-1.5707964,0.0
1970-01-01 00:00:01.678728604,1.678728604,0.0,86.512665,0.0,0.0,0.0,0.0,0.0,0.0,-1.5707964,0.0
1970-01-01 00:00:01.678819208,1.678819208,0.0,81.24664,0.0,0.0,0.0,0.0,0.0,0.0,-1.5707964,0.0
1970-01-01 00:00:01.678873933,1.678873933,0.0,0.0,98.994095,0.0,0.0,0.0,0.0,0.0,-1.5707964,0.0
1970-01-01 00:00:01.678976486,1.678976486,239.4956,0.0,0.0,0.0,0.0,0.0,0.0,0.0,-1.5707964,0.0
1970-01-01 00:00:01.679284838,1.679284838,0.0,0.0,0.0,0.0,0.0,89.33716,0.0,0.0,-1.5707964,0.0
1970-01-01 00:00:01.679412834,1.6794128339999999,0.0,84.56136,0.0,0.0,0.0,0.0,0.0,0.0,-1.5707964,0.0
1970-01-01 00:00:01.679440854,1.679440854,0.0,0.0,0.0,0.0,86.56455,0.0,0.0,0.0,-1.5707964,0.0
1970-01-01 00:00:01.679457598,1.679457598,0.0,0.0,0.0,0.0,0.0,114.90413,0.0,0.0,-1.5707964,0.0
1970-01-01 00:00:01.679489526,1.679489526,0.0,0.0,0.0,0.0,121.33349,0.0,0.0,0.0,-1.5707964,0.0
1970-01-01 00:00:01.679549356,1.6795493559999999,0.0,166.87679,0.0,0.0,0.0,0.0,0.0,0.0,-1.5707964,0.0
1970-01-01 00:00:01.679620416,1.6796204160000001,0.0,0.0,0.0,0.0,280.0369,0.0,0.0,0.0,-1.5707964,0.0
1970-01-01 00:00:01.679624819,1.679624819,0.0,0.0,0.0,0.0,0.0,154.28476,0.0,0.0,-1.5707964,0.0
1970-01-01 00:00:01.679733730,1.6797337300000001,0.0,173.91695,0.0,0.0,0.0,0.0,0.0,0.0,-1.5707964,0.0
1970-01-01 00:00:01.679782922,1.679782922,0.0,92.59597,0.0,0.0,0.0,0.0,0.0,0.0,-1.5707964,0.0
1970-01-01 00:00:01.679823898,1.679823898,255.49443,0.0,0.0,0.0,0.0,0.0,0.0,0.0,-1.5707964,0.0
1970-01-01 00:00:01.679854969,1.679854969,0.0,0.0,0.0,330.30466,0.0,0.0,0.0,0.0,-1.5707964,0.0
1970-01-01 00:00:01.679869282,1.6798692819999999,0.0,0.0,0.0,129.62624,0.0,0.0,0.0,0.0,-1.5707964,0.0
1970-01-01 00:00:01.680213763,1.680213763,0.0,0.0,134.99901,0.0,0.0,0.0,0.0,0.0,-1.5707964,0.0
1970-01-01 00:00:01.680358554,1.6803585540000001,0.0,0.0,0.0,0.0,194.48341,0.0,0.0,0.0,-1.5707964,0.0
1970-01-01 00:00:01.680398112,1.680398112,0.0,0.0,0.0,0.0,319.95425,0.0,0.0,0.0,-1.5707964,0.0
1970-01-01 00:00:01.680580974,1.680580974,121.220535,0.0,0.0,0.0,0.0,0.0,0.0,0.0,-1.5707964,0.0
1970-01-01 00:00:01.681006146,1.681006146,0.0,0.0,0.0,92.12833,0.0,0.0,0.0,0.0,-1.5707964,0.0
1970-01-01 00:00:01.681032707,1.681032707,0.0,0.0,0.0,138.72246,0.0,0.0,0.0,0.0,-1.5707964,0.0
1970-01-01 00:00:01.681190444,1.6811904439999998,0.0,0.0,0.0,0.0,137.82808,0.0,0.0,0.0,-1.5707964,0.0
1970-01-01 00:00:01.681309910,1.68130991,0.0,81.1279,0.0,0.0,0.0,0.0,0.0,0.0,-1.5707964,0.0
1970-01-01 00:00:01.681710775,1.681710775,0.0,137.29161,0.0,0.0,0.0,0.0,0.0,0.0,-1.5707964,0.0
1970-01-01 00:00:01.681763204,1.6817632040000001,0.0,89.483604,0.0,0.0,0.0,0.0,0.0,0.0,-1.5707964,0.0
1970-01-01 00:00:01.682120245,1.6821202450000001,0.0,135.30655,0.0,0.0,0.0,0.0,0.0,0.0,-1.5707964,0.0
1970-01-01 00:00:01.682171746,1.6821717459999999,0.0,84.05119,0.0,0.0,0.0,0.0,0.0,0.0,-1.5707964,0.0
1970-01-01 00:00:01.682310377,1.6823103769999999,109.57358,0.0,0.0,0.0,0.0,0.0,0.0,0.0,-1.5707964,0.0
1970-01-01 00:00:01.682324473,1.682324473,0.0,0.0,0.0,122.617424,0.0,0.0,0.0,0.0,-1.5707964,0.0
1970-01-01 00:00:01.682445281,1.6824452810000001,0.0,0.0,0.0,0.0,125.00703,0.0,0.0,0.0,-1.5707964,0.0
1970-01-01 00:00:01.682472615,1.682472615,0.0,125.720695,0.0,0.0,0.0,0.0,0.0,0.0,-1.5707964,0.0
1970-01-01 00:00:01.682876152,1.682876152,0.0,134.86615,0.0,0.0,0.0,0.0,0.0,0.0,-1.5707964,0.0
1970-01-01 00:00:01.683135351,1.683135351,0.0,105.67857,0.0,0.0,0.0,0.0,0.0,0.0,-1.5707964,0.0
1970-01-01 00:00:01.683350133,1.683350133,184.16739,0.0,0.0,0.0,0.0,0.0,0.0,0.0,-1.5707964,0.0
1970-01-01 00:00:01.683930768,1.683930768,140.3996,0.0,0.0,0.0,0.0,0.0,0.0,0.0,-1.5707964,0.0
1970-01-01 00:00:01.684018262,1.684018262,0.0,115.32966,0.0,0.0,0.0,0.0,0.0,0.0,-1.5707964,0.0
1970-01-01 00:00:01.684181424,1.6841814240000001,0.0,0.0,0.0,106.874344,0.0,0.0,0.0,0.0,-1.5707964,0.0
1970-01-01 00:00:01.684281881,1.684281881,0.0,97.50297,0.0,0.0,0.0,0.0,0.0,0.0,-1.5707964,0.0
1970-01-01 00:00:01.684448999,1.684448999,108.904015,0.0,0.0,0.0,0.0,0.0,0.0,0.0,-1.5707964,0.0
1970-01-01 00:00:01.684517457,1.684517457,0.0,0.0,0.0,82.69952,0.0,0.0,0.0,0.0,-1.5707964,0.0
1970-01-01 00:00:01.684526384,1.684526384,0.0,0.0,0.0,193.43144,0.0,0.0,0.0,0.0,-1.5707964,0.0
1970-01-01 00:00:01.684806953,1.684806953,0.0,0.0,0.0,0.0,82.39414,0.0,0.0,0.0,-1.5707964,0.0
1970-01-01 00:00:01.684999161,1.684999161,0.0,0.0,0.0,0.0,169.64017,0.0,0.0,0.0,-1.5707964,0.0
1970-01-01 00:00:01.685030811,1.6850308109999999,0.0,135.53929,0.0,0.0,0.0,0.0,0.0,0.0,-1.5707964,0.0
1970-01-01 00:00:01.685144417,1.685144417,0.0,126.31792,0.0,0.0,0.0,0.0,0.0,0.0,-1.5707964,0.0
1970-01-01 00:00:01.685244670,1.68524467,363.8777,0.0,0.0,0.0,0.0,0.0,0.0,0.0,-1.5707964,0.0
1970-01-01 00:00:01.685604594,1.685604594,0.0,0.0,0.0,0.0,206.6705,0.0,0.0,0.0,-1.5707964,0.0
1970-01-01 00:00:01.685798909,1.6857989089999998,0.0,0.0,0.0,0.0,0.0,90.43802,0.0,0.0,-1.5707964,0.0
1970-01-01 00:00:01.685869619,1.685869619,0.0,0.0,0.0,0.0,101.96029,0.0,0.0,0.0,-1.5707964,0.0
1970-01-01 00:00:01.686075835,1.686075835,0.0,0.0,0.0,0.0,83.14049,0.0,0.0,0.0,-1.5707964,0.0
1970-01-01 00:00:01.686196700,1.6861967,0.0,239.04651,0.0,0.0,0.0,0.0,0.0,0.0,-1.5707964,0.0
1970-01-01 00:00:01.686272125,1.686272125,143.09822,0.0,0.0,0.0,0.0,0.0,0.0,0.0,-1.5707964,0.0
1970-01-01 00:00:01.686577999,1.686577999,0.0,0.0,0.0,0.0,319.78412,0.0,0.0,0.0,-1.5707964,0.0
1970-01-01 00:00:01.686793935,1.6867939349999999,0.0,113.40338,0.0,0.0,0.0,0.0,0.0,0.0,-1.5707964,0.0
1970-01-01 00:00:01.687222818,1.687222818,0.0,228.55005,0.0,0.0,0.0,0.0,0.0,0.0,-1.5707964,0.0
1970-01-01 00:00:01.687227988,1.687227988,0.0,0.0,0.0,0.0,177.92273,0.0,0.0,0.0,-1.5707964,0.0
1970-01-01 00:00:01.687312244,1.6873122440000001,0.0,139.41512,0.0,0.0,0.0,0.0,0.0,0.0,-1.5707964,0.0
1970-01-01 00:00:01.687443015,1.687443015,0.0,0.0,0.0,0.0,92.48432,0.0,0.0,0.0,-1.5707964,0.0
1970-01-01 00:00:01.687518091,1.687518091,0.0,0.0,0.0,0.0,107.562416,0.0,0.0,0.0,-1.5707964,0.0
1970-01-01 00:00:01.687577239,1.687577239,0.0,103.96555,0.0,0.0,0.0,0.0,0.0,0.0,-1.5707964,0.0
1970-01-01 00:00:01.687786402,1.687786402,95.75494,0.0,0.0,0.0,0.0,0.0,0.0,0.0,-1.5707964,0.0
1970-01-01 00:00:01.688104889,1.6881048889999999,0.0,92.40677,0.0,0.0,0.0,0.0,0.0,0.0,-1.5707964,0.0
1970-01-01 00:00:01.688258028,1.688258028,0.0,115.869484,0.0,0.0,0.0,0.0,0.0,0.0,-1.5707964,0.0
1970-01-01 00:00:01.688262490,1.68826249,0.0,120.962814,0.0,0.0,0.0,0.0,0.0,0.0,-1.5707964,0.0
1970-01-01 00:00:01.688521389,1.688521389,219.21725,0.0,0.0,0.0,0.0,0.0,0.0,0.0,-1.5707964,0.0
1970-01-01 00:00:01.688575787,1.688575787,0.0,164.11266,0.0,0.0,0.0,0.0,0.0,0.0,-1.5707964,0.0
1970-01-01 00:00:01.688619136,1.688619136,0.0,0.0,0.0,0.0,85.40966,0.0,0.0,0.0,-1.5707964,0.0
1970-01-01 00:00:01.689390259,1.689390259,0.0,0.0,0.0,235.79892,0.0,0.0,0.0,0.0,-1.5707964,0.0
1970-01-01 00:00:01.689394154,1.689394154,0.0,96.03906,0.0,0.0,0.0,0.0,0.0,0.0,-1.5707964,0.0
1970-01-01 00:00:01.689469800,1.6894698,220.39522,0.0,0.0,0.0,0.0,0.0,0.0,0.0,-1.5707964,0.0
1970-01-01 00:00:01.689567739,1.6895677390000001,0.0,91.35785,0.0,0.0,0.0,0.0,0.0,0.0,-1.5707964,0.0
1970-01-01 00:00:01.689630509,1.6896305090000001,0.0,0.0,0.0,0.0,0.0,134.5742,0.0,0.0,-1.5707964,0.0
1970-01-01 00:00:01.690090711,1.6900907109999999,0.0,0.0,0.0,0.0,201.24377,0.0,0.0,0.0,-1.5707964,0.0
1970-01-01 00:00:01.690345649,1.690345649,103.76786,0.0,0.0,0.0,0.0,0.0,0.0,0.0,-1.5707964,0.0
1970-01-01 00:00:01.690854094,1.690854094,238.01012,0.0,0.0,0.0,0.0,0.0,0.0,0.0,-1.5707964,0.0
1970-01-01 00:00:01.690860460,1.6908604600000001,0.0,0.0,0.0,114.67822,0.0,0.0,0.0,0.0,-1.5707964,0.0
1970-01-01 00:00:01.691462577,1.691462577,0.0,0.0,0.0,116.39462,0.0,0.0,0.0,0.0,-1.5707964,0.0
1970-01-01 00:00:01.691527933,1.6915279330000002,0.0,0.0,0.0,0.0,213.21324,0.0,0.0,0.0,-1.5707964,0.0
1970-01-01 00:00:01.691641846,1.691641846,0.0,83.62289,0.0,0.0,0.0,0.0,0.0,0.0,-1.5707964,0.0
1970-01-01 00:00:01.691760310,1.69176031,0.0,172.43341,0.0,0.0,0.0,0.0,0.0,0.0,-1.5707964,0.0
1970-01-01 00:00:01.692154872,1.6921548720000001,0.0,0.0,0.0,0.0,102.57515,0.0,0.0,0.0,-1.5707964,0.0
1970-01-01 00:00:01.692177911,1.692177911,0.0,0.0,0.0,0.0,97.6952,0.0,0.0,0.0,-1.5707964,0.0
1970-01-01 00:00:01.692701531,1.692701531,0.0,81.71933,0.0,0.0,0.0,0.0,0.0,0.0,-1.5707964,0.0
1970-01-01 00:00:01.692884924,1.692884924,0.0,128.7465,0.0,0.0,0.0,0.0,0.0,0.0,-1.5707964,0.0
1970-01-01 00:00:01.693175559,1.6931755590000002,0.0,0.0,0.0,168.13313,0.0,0.0,0.0,0.0,-1.5707964,0.0
1970-01-01 00:00:01.693191704,1.693191704,0.0,135.24934,0.0,0.0,0.0,0.0,0.0,0.0,-1.5707964,0.0
1970-01-01 00:00:01.693223107,1.6932231070000001,0.0,128.77286,0.0,0.0,0.0,0.0,0.0,0.0,-1.5707964,0.0
1970-01-01 00:00:01.693267002,1.693267002,0.0,167.6589,0.0,0.0,0.0,0.0,0.0,0.0,-1.5707964,0.0
1970-01-01 00:00:01.693386041,1.6933860410000001,0.0,0.0,0.0,0.0,122.45938,0.0,0.0,0.0,-1.5707964,0.0
1970-01-01 00:00:01.693433867,1.693433867,0.0,138.469,0.0,0.0,0.0,0.0,0.0,0.0,-1.5707964,0.0
1970-01-01 00:00:01.693723300,1.6937233,0.0,0.0,0.0,0.0,211.91212,0.0,0.0,0.0,-1.5707964,0.0
1970-01-01 00:00:01.693937043,1.693937043,0.0,0.0,0.0,166.8684,0.0,0.0,0.0,0.0,-1.5707964,0.0
1970-01-01 00:00:01.693953968,1.693953968,0.0,373.9393,0.0,0.0,0.0,0.0,0.0,0.0,-1.5707964,0.0
1970-01-01 00:00:01.694028518,1.694028518,0.0,0.0,0.0,219.00868,0.0,0.0,0.0,0.0,-1.5707964,0.0
1970-01-01 00:00:01.694275665,1.6942756650000002,0.0,94.84508,0.0,0.0,0.0,0.0,0.0,0.0,-1.5707964,0.0
1970-01-01 00:00:01.694389709,1.694389709,0.0,164.20598,0.0,0.0,0.0,0.0,0.0,0.0,-1.5707964,0.0
1970-01-01 00:00:01.694390283,1.6943902830000002,0.0,0.0,0.0,0.0,88.76262,0.0,0.0,0.0,-1.5707964,0.0
1970-01-01 00:00:01.694833386,1.694833386,299.4594,0.0,0.0,0.0,0.0,0.0,0.0,0.0,-1.5707964,0.0
1970-01-01 00:00:01.694937565,1.694937565,0.0,0.0,0.0,0.0,86.35411,0.0,0.0,0.0,-1.5707964,0.0
1970-01-01 00:00:01.694976417,1.694976417,0.0,246.43979,0.0,0.0,0.0,0.0,0.0,0.0,-1.5707964,0.0
1970-01-01 00:00:01.695126614,1.6951266139999999,0.0,0.0,0.0,124.64991,0.0,0.0,0.0,0.0,-1.5707964,0.0
1970-01-01 00:00:01.695163446,1.695163446,97.117226,0.0,0.0,0.0,0.0,0.0,0.0,0.0,-1.5707964,0.0
1970-01-01 00:00:01.695201935,1.695201935,108.05052,0.0,0.0,0.0,0.0,0.0,0.0,0.0,-1.5707964,0.0
1970-01-01 00:00:01.695266493,1.695266493,0.0,0.0,0.0,0.0,101.21776,0.0,0.0,0.0,-1.5707964,0.0
1970-01-01 00:00:01.695291077,1.695291077,0.0,0.0,0.0,0.0,101.90954,0.0,0.0,0.0,-1.5707964,0.0
1970-01-01 00:00:01.695644021,1.6956440210000001,0.0,418.5175,0.0,0.0,0.0,0.0,0.0,0.0,-1.5707964,0.0
1970-01-01 00:00:01.695929852,1.695929852,0.0,104.92528,0.0,0.0,0.0,0.0,0.0,0.0,-1.5707964,0.0
1970-01-01 00:00:01.695981336,1.695981336,0.0,0.0,0.0,0.0,119.34038,0.0,0.0,0.0,-1.5707964,0.0
1970-01-01 00:00:01.696330550,1.6963305499999999,0.0,105.22354,0.0,0.0,0.0,0.0,0.0,0.0,-1.5707964,0.0
1970-01-01 00:00:01.696497729,1.6964977289999998,0.0,141.0681,0.0,0.0,0.0,0.0,0.0,0.0,-1.5707964,0.0
1970-01-01 00:00:01.696740857,1.696740857,0.0,0.0,0.0,107.47203,0.0,0.0,0.0,0.0,-1.5707964,0.0
1970-01-01 00:00:01.696886428,1.696886428,0.0,167.49104,0.0,0.0,0.0,0.0,0.0,0.0,-1.5707964,0.0
1970-01-01 00:00:01.697236696,1.697236696,0.0,0.0,0.0,86.22338,0.0,0.0,0.0,0.0,-1.5707964,0.0
1970-01-01 00:00:01.697451059,1.697451059,0.0,0.0,0.0,0.0,188.36894,0.0,0.0,0.0,-1.5707964,0.0
1970-01-01 00:00:01.697665119,1.6976651189999998,0.0,88.46799,0.0,0.0,0.0,0.0,0.0,0.0,-1.5707964,0.0
1970-01-01 00:00:01.697844271,1.6978442710000001,151.3639,0.0,0.0,0.0,0.0,0.0,0.0,0.0,-1.5707964,0.0
1970-01-01 00:00:01.698123857,1.6981238570000001,88.210045,0.0,0.0,0.0,0.0,0.0,0.0,0.0,-1.5707964,0.0
1970-01-01 00:00:01.698315153,1.698315153,0.0,0.0,0.0,0.0,116.71721,0.0,0.0,0.0,-1.5707964,0.0
1970-01-01 00:00:01.698521209,1.698521209,0.0,0.0,0.0,0.0,101.593475,0.0,0.0,0.0,-1.5707964,0.0
1970-01-01 00:00:01.698779136,1.698779136,0.0,130.56514,0.0,0.0,0.0,0.0,0.0,0.0,-1.5707964,0.0
1970-01-01 00:00:01.698917246,1.6989172460000002,0.0,0.0,0.0,216.17581,0.0,0.0,0.0,0.0,-1.5707964,0.0
1970-01-01 00:00:01.699291832,1.6992918320000001,0.0,253.41216,0.0,0.0,0.0,0.0,0.0,0.0,-1.5707964,0.0
1970-01-01 00:00:01.699318676,1.6993186759999999,140.15709,0.0,0.0,0.0,0.0,0.0,0.0,0.0,-1.5707964,0.0
1970-01-01 00:00:01.700487851,1.700487851,0.0,0.0,0.0,0.0,0.0,102.27441,0.0,0.0,-1.5707964,0.0
1970-01-01 00:00:01.701566280,1.70156628,0.0,0.0,0.0,127.83571,0.0,0.0,0.0,0.0,-1.5707964,0.0
1970-01-01 00:00:01.701632802,1.701632802,0.0,94.48971,0.0,0.0,0.0,0.0,0.0,0.0,-1.5707964,0.0
1970-01-01 00:00:01.701698909,1.701698909,0.0,0.0,0.0,0.0,0.0,347.19553,0.0,0.0,-1.5707964,0.0
1970-01-01 00:00:01.701871826,1.701871826,146.7044,0.0,0.0,0.0,0.0,0.0,0.0,0.0,-1.5707964,0.0
1970-01-01 00:00:01.701978477,1.701978477,0.0,0.0,0.0,0.0,122.88714,0.0,0.0,0.0,-1.5707964,0.0
1970-01-01 00:00:01.702171069,1.702171069,0.0,118.933,0.0,0.0,0.0,0.0,0.0,0.0,-1.5707964,0.0
1970-01-01 00:00:01.702753816,1.702753816,0.0,87.64239,0.0,0.0,0.0,0.0,0.0,0.0,-1.5707964,0.0
1970-01-01 00:00:01.703119650,1.70311965,0.0,0.0,0.0,0.0,0.0,98.86293,0.0,0.0,-1.5707964,0.0
1970-01-01 00:00:01.703162783,1.703162783,0.0,93.11076,0.0,0.0,0.0,0.0,0.0,0.0,-1.5707964,0.0
1970-01-01 00:00:01.703242522,1.703242522,148.86595,0.0,0.0,0.0,0.0,0.0,0.0,0.0,-1.5707964,0.0
1970-01-01 00:00:01.703293629,1.703293629,0.0,0.0,0.0,115.161896,0.0,0.0,0.0,0.0,-1.5707964,0.0
1970-01-01 00:00:01.703805708,1.703805708,0.0,0.0,0.0,0.0,0.0,168.60068,0.0,0.0,-1.5707964,0.0
1970-01-01 00:00:01.703900098,1.703900098,0.0,89.9497,0.0,0.0,0.0,0.0,0.0,0.0,-1.5707964,0.0
1970-01-01 00:00:01.704451031,1.704451031,0.0,0.0,0.0,0.0,151.3125,0.0,0.0,0.0,-1.5707964,0.0
1970-01-01 00:00:01.704479240,1.70447924,0.0,133.26016,0.0,0.0,0.0,0.0,0.0,0.0,-1.5707964,0.0
1970-01-01 00:00:01.704950812,1.7049508119999999,0.0,177.79337,0.0,0.0,0.0,0.0,0.0,0.0,-1.5707964,0.0
1970-01-01 00:00:01.705088290,1.70508829,0.0,0.0,0.0,94.344696,0.0,0.0,0.0,0.0,-1.5707964,0.0
1970-01-01 00:00:01.705290566,1.705290566,0.0,0.0,0.0,0.0,159.56497,0.0,0.0,0.0,-1.5707964,0.0
1970-01-01 00:00:01.706043728,1.706043728,0.0,0.0,0.0,0.0,168.22525,0.0,0.0,0.0,-1.5707964,0.0
1970-01-01 00:00:01.706061243,1.706061243,0.0,0.0,0.0,0.0,376.89835,0.0,0.0,0.0,-1.5707964,0.0
1970-01-01 00:00:01.706242026,1.706242026,130.05746,0.0,0.0,0.0,0.0,0.0,0.0,0.0,-1.5707964,0.0
1970-01-01 00:00:01.706374033,1.706374033,0.0,0.0,0.0,0.0,80.67174,0.0,0.0,0.0,-1.5707964,0.0
1970-01-01 00:00:01.706402402,1.7064024020000002,0.0,149.2643,0.0,0.0,0.0,0.0,0.0,0.0,-1.5707964,0.0
1970-01-01 00:00:01.706426891,1.706426891,81.41725,0.0,0.0,0.0,0.0,0.0,0.0,0.0,-1.5707964,0.0
1970-01-01 00:00:01.706902382,1.706902382,0.0,93.8895,0.0,0.0,0.0,0.0,0.0,0.0,-1.5707964,0.0
1970-01-01 00:00:01.706916811,1.7069168110000001,130.02959,0.0,0.0,0.0,0.0,0.0,0.0,0.0,-1.5707964,0.0
1970-01-01 00:00:01.707034600,1.7070346,0.0,213.0622,0.0,0.0,0.0,0.0,0.0,0.0,-1.5707964,0.0
1970-01-01 00:00:01.707099542,1.707099542,0.0,0.0,0.0,205.92998,0.0,0.0,0.0,0.0,-1.5707964,0.0
1970-01-01 00:00:01.707116711,1.7071167109999998,0.0,0.0,0.0,0.0,101.47299,0.0,0.0,0.0,-1.5707964,0.0
1970-01-01 00:00:01.707248683,1.707248683,0.0,0.0,0.0,0.0,0.0,207.63681,0.0,0.0,-1.5707964,0.0
1970-01-01 00:00:01.707919721,1.7079197210000001,0.0,246.27792,0.0,0.0,0.0,0.0,0.0,0.0,-1.5707964,0.0
1970-01-01 00:00:01.707968717,1.707968717,0.0,0.0,0.0,119.48578,0.0,0.0,0.0,0.0,-1.5707964,0.0
1970-01-01 00:00:01.708013021,1.708013021,157.79843,0.0,0.0,0.0,0.0,0.0,0.0,0.0,-1.5707964,0.0
1970-01-01 00:00:01.708460833,1.708460833,107.89048,0.0,0.0,0.0,0.0,0.0,0.0,0.0,-1.5707964,0.0
1970-01-01 00:00:01.708878735,1.7088787349999999,0.0,342.7078,0.0,0.0,0.0,0.0,0.0,0.0,-1.5707964,0.0
1970-01-01 00:00:01.708897235,1.708897235,0.0,125.61367,0.0,0.0,0.0,0.0,0.0,0.0,-1.5707964,0.0
1970-01-01 00:00:01.709040569,1.709040569,0.0,0.0,0.0,0.0,132.80457,0.0,0.0,0.0,-1.5707964,0.0
1970-01-01 00:00:01.709157283,1.7091572830000001,0.0,0.0,0.0,252.17007,0.0,0.0,0.0,0.0,-1.5707964,0.0
1970-01-01 00:00:01.709573411,1.709573411,0.0,129.8966,0.0,0.0,0.0,0.0,0.0,0.0,-1.5707964,0.0
1970-01-01 00:00:01.709579056,1.709579056,0.0,0.0,0.0,0.0,219.46721,0.0,0.0,0.0,-1.5707964,0.0
1970-01-01 00:00:01.709724063,1.709724063,0.0,0.0,0.0,0.0,275.03278,0.0,0.0,0.0,-1.5707964,0.0
1970-01-01 00:00:01.709901978,1.709901978,0.0,81.41248,0.0,0.0,0.0,0.0,0.0,0.0,-1.5707964,0.0
1970-01-01 00:00:01.710174920,1.71017492,0.0,280.5514,0.0,0.0,0.0,0.0,0.0,0.0,-1.5707964,0.0
1970-01-01 00:00:01.710388272,1.7103882719999999,106.708305,0.0,0.0,0.0,0.0,0.0,0.0,0.0,-1.5707964,0.0
1970-01-01 00:00:01.710541171,1.710541171,0.0,0.0,0.0,240.39401,0.0,0.0,0.0,0.0,-1.5707964,0.0
1970-01-01 00:00:01.710792092,1.7107920920000002,0.0,0.0,0.0,0.0,218.42126,0.0,0.0,0.0,-1.5707964,0.0
1970-01-01 00:00:01.710805132,1.710805132,0.0,0.0,0.0,0.0,137.20995,0.0,0.0,0.0,-1.5707964,0.0
1970-01-01 00:00:01.710813189,1.710813189,0.0,0.0,0.0,0.0,108.06279,0.0,0.0,0.0,-1.5707964,0.0
1970-01-01 00:00:01.711047836,1.711047836,0.0,0.0,0.0,0.0,174.71806,0.0,0.0,0.0,-1.5707964,0.0
1970-01-01 00:00:01.711229169,1.711229169,0.0,450.71756,0.0,0.0,0.0,0.0,0.0,0.0,-1.5707964,0.0
1970-01-01 00:00:01.711494967,1.7114949670000001,0.0,182.62558,0.0,0.0,0.0,0.0,0.0,0.0,-1.5707964,0.0
1970-01-01 00:00:01.711674921,1.711674921,0.0,280.41553,0.0,0.0,0.0,0.0,0.0,0.0,-1.5707964,0.0
1970-01-01 00:00:01.711982101,1.711982101,117.616394,0.0,0.0,0.0,0.0,0.0,0.0,0.0,-1.5707964,0.0
1970-01-01 00:00:01.712300408,1.712300408,0.0,92.06206,0.0,0.0,0.0,0.0,0.0,0.0,-1.5707964,0.0
1970-01-01 00:00:01.712327437,1.712327437,0.0,0.0,0.0,153.64357,0.0,0.0,0.0,0.0,-1.5707964,0.0
1970-01-01 00:00:01.712912042,1.7129120420000001,115.989944,0.0,0.0,0.0,0.0,0.0,0.0,0.0,-1.5707964,0.0
1970-01-01 00:00:01.713114280,1.71311428,0.0,145.42006,0.0,0.0,0.0,0.0,0.0,0.0,-1.5707964,0.0
1970-01-01 00:00:01.713310445,1.7133104449999998,186.2397,0.0,0.0,0.0,0.0,0.0,0.0,0.0,-1.5707964,0.0
1970-01-01 00:00:01.713385307,1.713385307,0.0,0.0,0.0,174.76495,0.0,0.0,0.0,0.0,-1.5707964,0.0
1970-01-01 00:00:01.714039337,1.714039337,0.0,0.0,0.0,95.057014,0.0,0.0,0.0,0.0,-1.5707964,0.0
1970-01-01 00:00:01.714042487,1.714042487,0.0,0.0,0.0,0.0,120.24661,0.0,0.0,0.0,-1.5707964,0.0
1970-01-01 00:00:01.714205505,1.714205505,0.0,89.343956,0.0,0.0,0.0,0.0,0.0,0.0,-1.5707964,0.0
1970-01-01 00:00:01.714278405,1.714278405,0.0,0.0,0.0,132.907,0.0,0.0,0.0,0.0,-1.5707964,0.0
1970-01-01 00:00:01.714410452,1.714410452,0.0,0.0,0.0,120.66344,0.0,0.0,0.0,0.0,-1.5707964,0.0
1970-01-01 00:00:01.714525519,1.714525519,0.0,0.0,0.0,0.0,113.47655,0.0,0.0,0.0,-1.5707964,0.0
1970-01-01 00:00:01.714813598,1.714813598,0.0,257.11008,0.0,0.0,0.0,0.0,0.0,0.0,-1.5707964,0.0
1970-01-01 00:00:01.715055527,1.715055527,0.0,190.10341,0.0,0.0,0.0,0.0,0.0,0.0,-1.5707964,0.0
1970-01-01 00:00:01.715467021,1.715467021,0.0,0.0,0.0,0.0,0.0,352.43552,0.0,0.0,-1.5707964,0.0
1970-01-01 00:00:01.715496541,1.715496541,0.0,141.31265,0.0,0.0,0.0,0.0,0.0,0.0,-1.5707964,0.0
1970-01-01 00:00:01.715987279,1.7159872790000001,0.0,87.359436,0.0,0.0,0.0,0.0,0.0,0.0,-1.5707964,0.0
1970-01-01 00:00:01.716325876,1.716325876,568.6185,0.0,0.0,0.0,0.0,0.0,0.0,0.0,-1.5707964,0.0
1970-01-01 00:00:01.716900979,1.716900979,173.793,0.0,0.0,0.0,0.0,0.0,0.0,0.0,-1.5707964,0.0
1970-01-01 00:00:01.716920567,1.7169205669999998,219.02293,0.0,0.0,0.0,0.0,0.0,0.0,0.0,-1.5707964,0.0
1970-01-01 00:00:01.717030902,1.7170309019999999,0.0,0.0,0.0,0.0,193.57571,0.0,0.0,0.0,-1.5707964,0.0
1970-01-01 00:00:01.717112205,1.7171122049999998,312.11075,0.0,0.0,0.0,0.0,0.0,0.0,0.0,-1.5707964,0.0
1970-01-01 00:00:01.717579308,1.717579308,0.0,135.52292,0.0,0.0,0.0,0.0,0.0,0.0,-1.5707964,0.0
1970-01-01 00:00:01.717591302,1.717591302,0.0,89.67695,0.0,0.0,0.0,0.0,0.0,0.0,-1.5707964,0.0
1970-01-01 00:00:01.717790349,1.717790349,0.0,0.0,0.0,0.0,0.0,157.34439,0.0,0.0,-1.5707964,0.0
1970-01-01 00:00:01.717953362,1.717953362,0.0,0.0,0.0,0.0,307.50797,0.0,0.0,0.0,-1.5707964,0.0
1970-01-01 00:00:01.718360376,1.7183603760000001,169.64188,0.0,0.0,0.0,0.0,0.0,0.0,0.0,-1.5707964,0.0
1970-01-01 00:00:01.718598416,1.7185984159999999,0.0,0.0,0.0,0.0,137.38405,0.0,0.0,0.0,-1.5707964,0.0
1970-01-01 00:00:01.718800340,1.71880034,157.2402,0.0,0.0,0.0,0.0,0.0,0.0,0.0,-1.5707964,0.0
1970-01-01 00:00:01.718890686,1.718890686,0.0,89.03288,0.0,0.0,0.0,0.0,0.0,0.0,-1.5707964,0.0
1970-01-01 00:00:01.718975547,1.7189755469999999,0.0,101.69566,0.0,0.0,0.0,0.0,0.0,0.0,-1.5707964,0.0
1970-01-01 00:00:01.719675313,1.719675313,0.0,0.0,0.0,0.0,0.0,124.83422,0.0,0.0,-1.5707964,0.0
1970-01-01 00:00:01.719859938,1.719859938,0.0,165.96219,0.0,0.0,0.0,0.0,0.0,0.0,-1.5707964,0.0
1970-01-01 00:00:01.719868407,1.7198684069999999,91.0876,0.0,0.0,0.0,0.0,0.0,0.0,0.0,-1.5707964,0.0
1970-01-01 00:00:01.720065015,1.7200650149999999,147.67148,0.0,0.0,0.0,0.0,0.0,0.0,0.0,-1.5707964,0.0
1970-01-01 00:00:01.720086605,1.720086605,0.0,110.0877,0.0,0.0,0.0,0.0,0.0,0.0,-1.5707964,0.0
1970-01-01 00:00:01.720302899,1.720302899,185.4508,0.0,0.0,0.0,0.0,0.0,0.0,0.0,-1.5707964,0.0
1970-01-01 00:00:01.720921556,1.720921556,0.0,0.0,0.0,0.0,419.7752,0.0,0.0,0.0,-1.5707964,0.0
1970-01-01 00:00:01.721126261,1.721126261,0.0,0.0,0.0,0.0,211.27055,0.0,0.0,0.0,-1.5707964,0.0
1970-01-01 00:00:01.722125391,1.722125391,0.0,0.0,0.0,0.0,211.48732,0.0,0.0,0.0,-1.5707964,0.0
1970-01-01 00:00:01.722726519,1.722726519,0.0,0.0,0.0,119.0483,0.0,0.0,0.0,0.0,-1.5707964,0.0
1970-01-01 00:00:01.722932635,1.722932635,192.12025,0.0,0.0,0.0,0.0,0.0,0.0,0.0,-1.5707964,0.0
1970-01-01 00:00:01.723456697,1.723456697,0.0,120.459564,0.0,0.0,0.0,0.0,0.0,0.0,-1.5707964,0.0
1970-01-01 00:00:01.724380308,1.724380308,0.0,0.0,0.0,107.84209,0.0,0.0,0.0,0.0,-1.5707964,0.0
1970-01-01 00:00:01.724623303,1.724623303,0.0,0.0,0.0,0.0,0.0,177.99796,0.0,0.0,-1.5707964,0.0
1970-01-01 00:00:01.724717296,1.7247172960000001,0.0,0.0,0.0,0.0,261.15112,0.0,0.0,0.0,-1.5707964,0.0
1970-01-01 00:00:01.724907654,1.724907654,0.0,0.0,0.0,0.0,99.84819,0.0,0.0,0.0,-1.5707964,0.0
1970-01-01 00:00:01.724978633,1.724978633,0.0,105.18091,0.0,0.0,0.0,0.0,0.0,0.0,-1.5707964,0.0
1970-01-01 00:00:01.725072956,1.725072956,0.0,0.0,0.0,0.0,90.03628,0.0,0.0,0.0,-1.5707964,0.0
1970-01-01 00:00:01.725113018,1.725113018,0.0,0.0,0.0,0.0,112.01988,0.0,0.0,0.0,-1.5707964,0.0
1970-01-01 00:00:01.725122987,1.725122987,0.0,0.0,246.36763,0.0,0.0,0.0,0.0,0.0,-1.5707964,0.0
1970-01-01 00:00:01.725496960,1.72549696,0.0,0.0,0.0,0.0,82.91196,0.0,0.0,0.0,-1.5707964,0.0
1970-01-01 00:00:01.725586040,1.72558604,0.0,0.0,0.0,92.26486,0.0,0.0,0.0,0.0,-1.5707964,0.0
1970-01-01 00:00:01.725595274,1.725595274,0.0,258.2254,0.0,0.0,0.0,0.0,0.0,0.0,-1.5707964,0.0
1970-01-01 00:00:01.725790373,1.7257903730000002,0.0,189.58215,0.0,0.0,0.0,0.0,0.0,0.0,-1.5707964,0.0
1970-01-01 00:00:01.725873197,1.7258731969999999,0.0,184.93059,0.0,0.0,0.0,0.0,0.0,0.0,-1.5707964,0.0
1970-01-01 00:00:01.726175136,1.7261751360000002,0.0,0.0,0.0,284.12296,0.0,0.0,0.0,0.0,-1.5707964,0.0
1970-01-01 00:00:01.726409560,1.72640956,0.0,0.0,0.0,0.0,0.0,340.2293,0.0,0.0,-1.5707964,0.0
1970-01-01 00:00:01.726526941,1.726526941,268.8829,0.0,0.0,0.0,0.0,0.0,0.0,0.0,-1.5707964,0.0
1970-01-01 00:00:01.726581824,1.7265818240000002,0.0,0.0,0.0,0.0,135.6296,0.0,0.0,0.0,-1.5707964,0.0
1970-01-01 00:00:01.726978266,1.7269782660000002,0.0,0.0,0.0,0.0,152.29897,0.0,0.0,0.0,-1.5707964,0.0
1970-01-01 00:00:01.727092920,1.72709292,0.0,114.75897,0.0,0.0,0.0,0.0,0.0,0.0,-1.5707964,0.0
1970-01-01 00:00:01.727758572,1.727758572,0.0,0.0,0.0,81.77181,0.0,0.0,0.0,0.0,-1.5707964,0.0
1970-01-01 00:00:01.727802902,1.727802902,0.0,299.05267,0.0,0.0,0.0,0.0,0.0,0.0,-1.5707964,0.0
1970-01-01 00:00:01.728110709,1.728110709,0.0,303.22525,0.0,0.0,0.0,0.0,0.0,0.0,-1.5707964,0.0
1970-01-01 00:00:01.728429302,1.728429302,0.0,0.0,138.90971,0.0,0.0,0.0,0.0,0.0,-1.5707964,0.0
1970-01-01 00:00:01.728674386,1.728674386,0.0,199.54303,0.0,0.0,0.0,0.0,0.0,0.0,-1.5707964,0.0
1970-01-01 00:00:01.728923980,1.72892398,0.0,126.337906,0.0,0.0,0.0,0.0,0.0,0.0,-1.5707964,0.0
1970-01-01 00:00:01.728970542,1.7289705419999999,0.0,0.0,0.0,0.0,144.87224,0.0,0.0,0.0,-1.5707964,0.0
1970-01-01 00:00:01.729273957,1.729273957,0.0,0.0,0.0,0.0,187.61945,0.0,0.0,0.0,-1.5707964,0.0
1970-01-01 00:00:01.729431590,1.72943159,142.53072,0.0,0.0,0.0,0.0,0.0,0.0,0.0,-1.5707964,0.0
1970-01-01 00:00:01.729581521,1.729581521,294.9965,0.0,0.0,0.0,0.0,0.0,0.0,0.0,-1.5707964,0.0
1970-01-01 00:00:01.729794250,1.7297942499999999,0.0,288.45648,0.0,0.0,0.0,0.0,0.0,0.0,-1.5707964,0.0
1970-01-01 00:00:01.729810633,1.729810633,0.0,176.24362,0.0,0.0,0.0,0.0,0.0,0.0,-1.5707964,0.0
1970-01-01 00:00:01.730002043,1.730002043,0.0,583.016,0.0,0.0,0.0,0.0,0.0,0.0,-1.5707964,0.0
1970-01-01 00:00:01.730092116,1.730092116,0.0,0.0,0.0,0.0,235.18748,0.0,0.0,0.0,-1.5707964,0.0
1970-01-01 00:00:01.730462896,1.7304628960000001,0.0,164.02948,0.0,0.0,0.0,0.0,0.0,0.0,-1.5707964,0.0
1970-01-01 00:00:01.730718153,1.730718153,0.0,0.0,359.47266,0.0,0.0,0.0,0.0,0.0,-1.5707964,0.0
1970-01-01 00:00:01.730738849,1.730738849,0.0,0.0,0.0,209.53967,0.0,0.0,0.0,0.0,-1.5707964,0.0
1970-01-01 00:00:01.731202546,1.731202546,0.0,99.8823,0.0,0.0,0.0,0.0,0.0,0.0,-1.5707964,0.0
1970-01-01 00:00:01.731509879,1.7315098789999999,0.0,131.3182,0.0,0.0,0.0,0.0,0.0,0.0,-1.5707964,0.0
1970-01-01 00:00:01.731584180,1.73158418,0.0,99.505356,0.0,0.0,0.0,0.0,0.0,0.0,-1.5707964,0.0
1970-01-01 00:00:01.732141353,1.732141353,0.0,258.48242,0.0,0.0,0.0,0.0,0.0,0.0,-1.5707964,0.0
1970-01-01 00:00:01.732363969,1.7323639690000001,206.41888,0.0,0.0,0.0,0.0,0.0,0.0,0.0,-1.5707964,0.0
1970-01-01 00:00:01.732566967,1.732566967,141.03261,0.0,0.0,0.0,0.0,0.0,0.0,0.0,-1.5707964,0.0
1970-01-01 00:00:01.732838496,1.7328384959999998,0.0,82.7696,0.0,0.0,0.0,0.0,0.0,0.0,-1.5707964,0.0
1970-01-01 00:00:01.733130505,1.733130505,118.80567,0.0,0.0,0.0,0.0,0.0,0.0,0.0,-1.5707964,0.0
1970-01-01 00:00:01.733181853,1.733181853,0.0,0.0,0.0,308.16293,0.0,0.0,0.0,0.0,-1.5707964,0.0
1970-01-01 00:00:01.733207445,1.7332074450000001,0.0,145.73979,0.0,0.0,0.0,0.0,0.0,0.0,-1.5707964,0.0
1970-01-01 00:00:01.733544894,1.733544894,0.0,0.0,0.0,0.0,92.20128,0.0,0.0,0.0,-1.5707964,0.0
1970-01-01 00:00:01.734313145,1.734313145,0.0,0.0,0.0,0.0,86.424736,0.0,0.0,0.0,-1.5707964,0.0
1970-01-01 00:00:01.735101796,1.735101796,0.0,119.30095,0.0,0.0,0.0,0.0,0.0,0.0,-1.5707964,0.0
1970-01-01 00:00:01.736502047,1.736502047,0.0,320.01715,0.0,0.0,0.0,0.0,0.0,0.0,-1.5707964,0.0
1970-01-01 00:00:01.736967791,1.736967791,0.0,228.88744,0.0,0.0,0.0,0.0,0.0,0.0,-1.5707964,0.0
1970-01-01 00:00:01.737286959,1.737286959,0.0,0.0,96.375,0.0,0.0,0.0,0.0,0.0,-1.5707964,0.0
1970-01-01 00:00:01.737423837,1.7374238370000001,0.0,0.0,0.0,176.84741,0.0,0.0,0.0,0.0,-1.5707964,0.0
1970-01-01 00:00:01.738000174,1.738000174,126.03693,0.0,0.0,0.0,0.0,0.0,0.0,0.0,-1.5707964,0.0
1970-01-01 00:00:01.738167310,1.7381673100000001,0.0,0.0,0.0,0.0,81.39279,0.0,0.0,0.0,-1.5707964,0.0
1970-01-01 00:00:01.738307284,1.738307284,0.0,0.0,0.0,0.0,133.49222,0.0,0.0,0.0,-1.5707964,0.0
1970-01-01 00:00:01.738388797,1.738388797,0.0,80.733284,0.0,0.0,0.0,0.0,0.0,0.0,-1.5707964,0.0
1970-01-01 00:00:01.739190490,1.73919049,0.0,183.93834,0.0,0.0,0.0,0.0,0.0,0.0,-1.5707964,0.0
1970-01-01 00:00:01.739627136,1.739627136,0.0,104.4405,0.0,0.0,0.0,0.0,0.0,0.0,-1.5707964,0.0
1970-01-01 00:00:01.739708243,1.739708243,0.0,0.0,0.0,163.5784,0.0,0.0,0.0,0.0,-1.5707964,0.0
1970-01-01 00:00:01.740102868,1.7401028680000001,0.0,81.5675,0.0,0.0,0.0,0.0,0.0,0.0,-1.5707964,0.0
1970-01-01 00:00:01.740340334,1.7403403339999999,230.95169,0.0,0.0,0.0,0.0,0.0,0.0,0.0,-1.5707964,0.0
1970-01-01 00:00:01.740607679,1.740607679,0.0,0.0,0.0,137.29016,0.0,0.0,0.0,0.0,-1.5707964,0.0
1970-01-01 00:00:01.740782701,1.740782701,0.0,0.0,0.0,0.0,0.0,81.010796,0.0,0.0,-1.5707964,0.0
1970-01-01 00:00:01.741072387,1.741072387,0.0,156.22786,0.0,0.0,0.0,0.0,0.0,0.0,-1.5707964,0.0
1970-01-01 00:00:01.741535208,1.741535208,0.0,0.0,0.0,0.0,96.95327,0.0,0.0,0.0,-1.5707964,0.0
1970-01-01 00:00:01.741658902,1.741658902,0.0,0.0,0.0,0.0,93.5775,0.0,0.0,0.0,-1.5707964,0.0
1970-01-01 00:00:01.741716469,1.741716469,0.0,85.83959,0.0,0.0,0.0,0.0,0.0,0.0,-1.5707964,0.0
1970-01-01 00:00:01.741718186,1.741718186,0.0,277.62927,0.0,0.0,0.0,0.0,0.0,0.0,-1.5707964,0.0
1970-01-01 00:00:01.741749899,1.741749899,0.0,188.36925,0.0,0.0,0.0,0.0,0.0,0.0,-1.5707964,0.0
1970-01-01 00:00:01.741798185,1.741798185,0.0,221.2229,0.0,0.0,0.0,0.0,0.0,0.0,-1.5707964,0.0
1970-01-01 00:00:01.743035934,1.743035934,0.0,275.38245,0.0,0.0,0.0,0.0,0.0,0.0,-1.5707964,0.0
1970-01-01 00:00:01.743058082,1.7430580820000001,0.0,0.0,87.90906,0.0,0.0,0.0,0.0,0.0,-1.5707964,0.0
1970-01-01 00:00:01.743197988,1.743197988,0.0,0.0,0.0,137.832,0.0,0.0,0.0,0.0,-1.5707964,0.0
1970-01-01 00:00:01.743428831,1.7434288310000001,0.0,0.0,0.0,0.0,109.54726,0.0,0.0,0.0,-1.5707964,0.0
1970-01-01 00:00:01.743446951,1.7434469510000001,0.0,0.0,0.0,151.52509,0.0,0.0,0.0,0.0,-1.5707964,0.0
1970-01-01 00:00:01.743450431,1.7434504309999999,0.0,0.0,0.0,122.16286,0.0,0.0,0.0,0.0,-1.5707964,0.0
1970-01-01 00:00:01.743670440,1.74367044,0.0,0.0,0.0,83.1652,0.0,0.0,0.0,0.0,-1.5707964,0.0
1970-01-01 00:00:01.743786219,1.743786219,0.0,206.88454,0.0,0.0,0.0,0.0,0.0,0.0,-1.5707964,0.0
1970-01-01 00:00:01.744016795,1.7440167949999998,88.772545,0.0,0.0,0.0,0.0,0.0,0.0,0.0,-1.5707964,0.0
1970-01-01 00:00:01.744375915,1.744375915,0.0,350.28723,0.0,0.0,0.0,0.0,0.0,0.0,-1.5707964,0.0
1970-01-01 00:00:01.744842186,1.744842186,0.0,0.0,0.0,0.0,85.056595,0.0,0.0,0.0,-1.5707964,0.0
1970-01-01 00:00:01.744852190,1.74485219,0.0,80.73052,0.0,0.0,0.0,0.0,0.0,0.0,-1.5707964,0.0
1970-01-01 00:00:01.744953038,1.744953038,0.0,0.0,0.0,84.517136,0.0,0.0,0.0,0.0,-1.5707964,0.0
1970-01-01 00:00:01.745168403,1.745168403,0.0,0.0,0.0,148.31143,0.0,0.0,0.0,0.0,-1.5707964,0.0
1970-01-01 00:00:01.745873461,1.745873461,0.0,0.0,0.0,98.13848,0.0,0.0,0.0,0.0,-1.5707964,0.0
1970-01-01 00:00:01.746079733,1.746079733,0.0,0.0,0.0,0.0,138.66632,0.0,0.0,0.0,-1.5707964,0.0
1970-01-01 00:00:01.746235061,1.7462350610000001,407.48636,0.0,0.0,0.0,0.0,0.0,0.0,0.0,-1.5707964,0.0
1970-01-01 00:00:01.746313572,1.746313572,0.0,130.19241,0.0,0.0,0.0,0.0,0.0,0.0,-1.5707964,0.0
1970-01-01 00:00:01.746553815,1.746553815,0.0,172.15651,0.0,0.0,0.0,0.0,0.0,0.0,-1.5707964,0.0
1970-01-01 00:00:01.746854525,1.746854525,0.0,0.0,0.0,0.0,87.12901,0.0,0.0,0.0,-1.5707964,0.0
1970-01-01 00:00:01.747036635,1.747036635,0.0,0.0,0.0,0.0,0.0,119.53762,0.0,0.0,-1.5707964,0.0
1970-01-01 00:00:01.748439933,1.748439933,0.0,0.0,0.0,155.60744,0.0,0.0,0.0,0.0,-1.5707964,0.0
1970-01-01 00:00:01.749216134,1.749216134,0.0,173.71239,0.0,0.0,0.0,0.0,0.0,0.0,-1.5707964,0.0
1970-01-01 00:00:01.749461732,1.7494617319999999,0.0,0.0,0.0,0.0,112.151535,0.0,0.0,0.0,-1.5707964,0.0
1970-01-01 00:00:01.749913078,1.749913078,0.0,0.0,0.0,0.0,0.0,225.5797,0.0,0.0,-1.5707964,0.0
1970-01-01 00:00:01.750078525,1.7500785250000002,0.0,100.92082,0.0,0.0,0.0,0.0,0.0,0.0,-1.5707964,0.0
1970-01-01 00:00:01.750112669,1.750112669,0.0,0.0,0.0,0.0,130.53378,0.0,0.0,0.0,-1.5707964,0.0
1970-01-01 00:00:01.750406142,1.750406142,0.0,0.0,0.0,0.0,258.89557,0.0,0.0,0.0,-1.5707964,0.0
1970-01-01 00:00:01.750556089,1.750556089,0.0,0.0,0.0,0.0,162.01341,0.0,0.0,0.0,-1.5707964,0.0
1970-01-01 00:00:01.750704729,1.750704729,95.68354,0.0,0.0,0.0,0.0,0.0,0.0,0.0,-1.5707964,0.0
1970-01-01 00:00:01.750886769,1.750886769,0.0,0.0,0.0,83.72346,0.0,0.0,0.0,0.0,-1.5707964,0.0
1970-01-01 00:00:01.751013561,1.7510135610000002,159.52661,0.0,0.0,0.0,0.0,0.0,0.0,0.0,-1.5707964,0.0
1970-01-01 00:00:01.751370129,1.751370129,0.0,159.02592,0.0,0.0,0.0,0.0,0.0,0.0,-1.5707964,0.0
1970-01-01 00:00:01.751659081,1.7516590810000001,0.0,0.0,0.0,0.0,0.0,156.26985,0.0,0.0,-1.5707964,0.0
1970-01-01 00:00:01.752057937,1.752057937,0.0,0.0,0.0,0.0,0.0,99.13187,0.0,0.0,-1.5707964,0.0
1970-01-01 00:00:01.752086309,1.752086309,0.0,83.84112,0.0,0.0,0.0,0.0,0.0,0.0,-1.5707964,0.0
1970-01-01 00:00:01.752253880,1.75225388,0.0,0.0,0.0,0.0,0.0,119.25821,0.0,0.0,-1.5707964,0.0
1970-01-01 00:00:01.752294445,1.752294445,0.0,190.08519,0.0,0.0,0.0,0.0,0.0,0.0,-1.5707964,0.0
1970-01-01 00:00:01.752873543,1.752873543,0.0,0.0,0.0,0.0,399.83887,0.0,0.0,0.0,-1.5707964,0.0
1970-01-01 00:00:01.752898285,1.7528982850000001,0.0,0.0,0.0,0.0,146.90898,0.0,0.0,0.0,-1.5707964,0.0
1970-01-01 00:00:01.752989217,1.752989217,301.47794,0.0,0.0,0.0,0.0,0.0,0.0,0.0,-1.5707964,0.0
1970-01-01 00:00:01.753275665,1.7532756649999999,181.58981,0.0,0.0,0.0,0.0,0.0,0.0,0.0,-1.5707964,0.0
1970-01-01 00:00:01.753431953,1.753431953,0.0,0.0,0.0,0.0,216.13206,0.0,0.0,0.0,-1.5707964,0.0
1970-01-01 00:00:01.753469348,1.7534693479999999,0.0,349.97687,0.0,0.0,0.0,0.0,0.0,0.0,-1.5707964,0.0
1970-01-01 00:00:01.753583344,1.753583344,0.0,222.95586,0.0,0.0,0.0,0.0,0.0,0.0,-1.5707964,0.0
1970-01-01 00:00:01.753695553,1.753695553,0.0,0.0,0.0,0.0,201.48027,0.0,0.0,0.0,-1.5707964,0.0
1970-01-01 00:00:01.754042342,1.754042342,0.0,195.63109,0.0,0.0,0.0,0.0,0.0,0.0,-1.5707964,0.0
1970-01-01 00:00:01.754303869,1.7543038690000001,0.0,0.0,0.0,0.0,80.13873,0.0,0.0,0.0,-1.5707964,0.0
1970-01-01 00:00:01.754511549,1.754511549,0.0,0.0,0.0,151.00696,0.0,0.0,0.0,0.0,-1.5707964,0.0
1970-01-01 00:00:01.754697934,1.754697934,0.0,113.33619,0.0,0.0,0.0,0.0,0.0,0.0,-1.5707964,0.0
1970-01-01 00:00:01.755233691,1.755233691,0.0,0.0,0.0,0.0,103.848335,0.0,0.0,0.0,-1.5707964,0.0
1970-01-01 00:00:01.755523632,1.755523632,96.41962,0.0,0.0,0.0,0.0,0.0,0.0,0.0,-1.5707964,0.0
1970-01-01 00:00:01.755618011,1.7556180110000001,0.0,0.0,0.0,0.0,296.06592,0.0,0.0,0.0,-1.5707964,0.0
1970-01-01 00:00:01.756087349,1.756087349,0.0,0.0,0.0,0.0,160.8843,0.0,0.0,0.0,-1.5707964,0.0
1970-01-01 00:00:01.756331475,1.756331475,0.0,116.63411,0.0,0.0,0.0,0.0,0.0,0.0,-1.5707964,0.0
1970-01-01 00:00:01.756554637,1.756554637,0.0,0.0,0.0,0.0,149.39249,0.0,0.0,0.0,-1.5707964,0.0
1970-01-01 00:00:01.757411739,1.7574117390000001,0.0,214.11285,0.0,0.0,0.0,0.0,0.0,0.0,-1.5707964,0.0
1970-01-01 00:00:01.757442689,1.757442689,0.0,0.0,0.0,168.98409,0.0,0.0,0.0,0.0,-1.5707964,0.0
1970-01-01 00:00:01.758777074,1.7587770740000002,0.0,0.0,0.0,0.0,152.97916,0.0,0.0,0.0,-1.5707964,0.0
1970-01-01 00:00:01.759409819,1.759409819,95.088806,0.0,0.0,0.0,0.0,0.0,0.0,0.0,-1.5707964,0.0
1970-01-01 00:00:01.759549402,1.759549402,158.03198,0.0,0.0,0.0,0.0,0.0,0.0,0.0,-1.5707964,0.0
1970-01-01 00:00:01.759568595,1.759568595,0.0,119.17984,0.0,0.0,0.0,0.0,0.0,0.0,-1.5707964,0.0
1970-01-01 00:00:01.760042888,1.760042888,0.0,112.259315,0.0,0.0,0.0,0.0,0.0,0.0,-1.5707964,0.0
1970-01-01 00:00:01.760272450,1.76027245,0.0,0.0,0.0,0.0,80.26966,0.0,0.0,0.0,-1.5707964,0.0
1970-01-01 00:00:01.760372682,1.7603726819999999,0.0,88.60716,0.0,0.0,0.0,0.0,0.0,0.0,-1.5707964,0.0
1970-01-01 00:00:01.760389701,1.760389701,0.0,81.864815,0.0,0.0,0.0,0.0,0.0,0.0,-1.5707964,0.0
1970-01-01 00:00:01.760647027,1.760647027,0.0,215.66501,0.0,0.0,0.0,0.0,0.0,0.0,-1.5707964,0.0
1970-01-01 00:00:01.760759998,1.7607599980000002,0.0,0.0,118.861496,0.0,0.0,0.0,0.0,0.0,-1.5707964,0.0
1970-01-01 00:00:01.760782653,1.7607826530000001,85.2976,0.0,0.0,0.0,0.0,0.0,0.0,0.0,-1.5707964,0.0
1970-01-01 00:00:01.760795695,1.760795695,0.0,0.0,0.0,0.0,96.70934,0.0,0.0,0.0,-1.5707964,0.0
1970-01-01 00:00:01.760841107,1.760841107,151.6811,0.0,0.0,0.0,0.0,0.0,0.0,0.0,-1.5707964,0.0
1970-01-01 00:00:01.761335637,1.761335637,0.0,0.0,0.0,0.0,81.140656,0.0,0.0,0.0,-1.5707964,0.0
1970-01-01 00:00:01.762356311,1.762356311,0.0,191.85616,0.0,0.0,0.0,0.0,0.0,0.0,-1.5707964,0.0
1970-01-01 00:00:01.762664911,1.762664911,0.0,0.0,0.0,0.0,138.74963,0.0,0.0,0.0,-1.5707964,0.0
1970-01-01 00:00:01.762756671,1.762756671,0.0,0.0,0.0,0.0,0.0,223.33372,0.0,0.0,-1.5707964,0.0
1970-01-01 00:00:01.762998063,1.762998063,0.0,0.0,0.0,188.6764,0.0,0.0,0.0,0.0,-1.5707964,0.0
1970-01-01 00:00:01.763052392,1.763052392,0.0,143.35725,0.0,0.0,0.0,0.0,0.0,0.0,-1.5707964,0.0
1970-01-01 00:00:01.763857226,1.7638572259999998,0.0,0.0,0.0,0.0,353.70468,0.0,0.0,0.0,-1.5707964,0.0
1970-01-01 00:00:01.764057484,1.7640574839999998,0.0,0.0,0.0,0.0,101.10597,0.0,0.0,0.0,-1.5707964,0.0
1970-01-01 00:00:01.764136060,1.76413606,0.0,117.44298,0.0,0.0,0.0,0.0,0.0,0.0,-1.5707964,0.0
1970-01-01 00:00:01.764501819,1.764501819,0.0,0.0,0.0,0.0,111.77654,0.0,0.0,0.0,-1.5707964,0.0
1970-01-01 00:00:01.764615587,1.764615587,0.0,108.279655,0.0,0.0,0.0,0.0,0.0,0.0,-1.5707964,0.0
1970-01-01 00:00:01.764675015,1.764675015,0.0,92.60869,0.0,0.0,0.0,0.0,0.0,0.0,-1.5707964,0.0
1970-01-01 00:00:01.765240474,1.765240474,0.0,0.0,0.0,81.31383,0.0,0.0,0.0,0.0,-1.5707964,0.0
1970-01-01 00:00:01.765251432,1.765251432,0.0,104.45794,0.0,0.0,0.0,0.0,0.0,0.0,-1.5707964,0.0
1970-01-01 00:00:01.765533969,1.765533969,0.0,0.0,0.0,0.0,137.84415,0.0,0.0,0.0,-1.5707964,0.0
1970-01-01 00:00:01.765966197,1.765966197,185.12677,0.0,0.0,0.0,0.0,0.0,0.0,0.0,-1.5707964,0.0
1970-01-01 00:00:01.766002554,1.766002554,91.79688,0.0,0.0,0.0,0.0,0.0,0.0,0.0,-1.5707964,0.0
1970-01-01 00:00:01.766299511,1.7662995110000002,146.1035,0.0,0.0,0.0,0.0,0.0,0.0,0.0,-1.5707964,0.0
1970-01-01 00:00:01.766688331,1.7666883310000001,0.0,0.0,0.0,0.0,156.68044,0.0,0.0,0.0,-1.5707964,0.0
1970-01-01 00:00:01.766823386,1.766823386,0.0,133.84146,0.0,0.0,0.0,0.0,0.0,0.0,-1.5707964,0.0
1970-01-01 00:00:01.766868768,1.7668687680000001,106.14276,0.0,0.0,0.0,0.0,0.0,0.0,0.0,-1.5707964,0.0
1970-01-01 00:00:01.767041583,1.7670415830000001,0.0,180.09077,0.0,0.0,0.0,0.0,0.0,0.0,-1.5707964,0.0
1970-01-01 00:00:01.767284733,1.7672847329999999,244.0651,0.0,0.0,0.0,0.0,0.0,0.0,0.0,-1.5707964,0.0
1970-01-01 00:00:01.767414940,1.76741494,0.0,190.52655,0.0,0.0,0.0,0.0,0.0,0.0,-1.5707964,0.0
1970-01-01 00:00:01.767500394,1.767500394,0.0,132.27208,0.0,0.0,0.0,0.0,0.0,0.0,-1.5707964,0.0
1970-01-01 00:00:01.767648796,1.767648796,281.9349,0.0,0.0,0.0,0.0,0.0,0.0,0.0,-1.5707964,0.0
1970-01-01 00:00:01.767710508,1.767710508,225.08298,0.0,0.0,0.0,0.0,0.0,0.0,0.0,-1.5707964,0.0
1970-01-01 00:00:01.767715168,1.767715168,0.0,0.0,0.0,0.0,0.0,400.6102,0.0,0.0,-1.5707964,0.0
1970-01-01 00:00:01.767852569,1.767852569,0.0,107.11466,0.0,0.0,0.0,0.0,0.0,0.0,-1.5707964,0.0
1970-01-01 00:00:01.767880372,1.767880372,128.28006,0.0,0.0,0.0,0.0,0.0,0.0,0.0,-1.5707964,0.0
1970-01-01 00:00:01.767966442,1.767966442,0.0,150.24303,0.0,0.0,0.0,0.0,0.0,0.0,-1.5707964,0.0
1970-01-01 00:00:01.768005765,1.7680057649999998,0.0,0.0,0.0,0.0,326.6659,0.0,0.0,0.0,-1.5707964,0.0
1970-01-01 00:00:01.768170939,1.768170939,0.0,109.606346,0.0,0.0,0.0,0.0,0.0,0.0,-1.5707964,0.0
1970-01-01 00:00:01.768268952,1.7682689520000001,0.0,0.0,0.0,0.0,161.63242,0.0,0.0,0.0,-1.5707964,0.0
1970-01-01 00:00:01.768829851,1.768829851,116.03384,0.0,0.0,0.0,0.0,0.0,0.0,0.0,-1.5707964,0.0
1970-01-01 00:00:01.769190476,1.769190476,0.0,151.86969,0.0,0.0,0.0,0.0,0.0,0.0,-1.5707964,0.0
1970-01-01 00:00:01.769932703,1.769932703,0.0,153.5158,0.0,0.0,0.0,0.0,0.0,0.0,-1.5707964,0.0
1970-01-01 00:00:01.770016490,1.7700164900000002,0.0,0.0,0.0,0.0,157.1591,0.0,0.0,0.0,-1.5707964,0.0
1970-01-01 00:00:01.770049497,1.770049497,0.0,0.0,0.0,0.0,80.82514,0.0,0.0,0.0,-1.5707964,0.0
1970-01-01 00:00:01.770075518,1.770075518,0.0,0.0,0.0,0.0,221.43402,0.0,0.0,0.0,-1.5707964,0.0
1970-01-01 00:00:01.770100240,1.77010024,0.0,0.0,0.0,88.17777,0.0,0.0,0.0,0.0,-1.5707964,0.0
1970-01-01 00:00:01.770780634,1.7707806339999999,0.0,0.0,0.0,0.0,98.162636,0.0,0.0,0.0,-1.5707964,0.0
1970-01-01 00:00:01.771047204,1.771047204,0.0,102.725464,0.0,0.0,0.0,0.0,0.0,0.0,-1.5707964,0.0
1970-01-01 00:00:01.771141994,1.7711419940000002,0.0,0.0,0.0,109.667114,0.0,0.0,0.0,0.0,-1.5707964,0.0
1970-01-01 00:00:01.771177690,1.77117769,0.0,0.0,0.0,0.0,112.08631,0.0,0.0,0.0,-1.5707964,0.0
1970-01-01 00:00:01.771344560,1.77134456,0.0,0.0,0.0,0.0,116.216545,0.0,0.0,0.0,-1.5707964,0.0
1970-01-01 00:00:01.771491482,1.771491482,0.0,221.21997,0.0,0.0,0.0,0.0,0.0,0.0,-1.5707964,0.0
1970-01-01 00:00:01.771541485,1.771541485,0.0,0.0,0.0,0.0,101.565765,0.0,0.0,0.0,-1.5707964,0.0
1970-01-01 00:00:01.771706149,1.771706149,0.0,240.70007,0.0,0.0,0.0,0.0,0.0,0.0,-1.5707964,0.0
1970-01-01 00:00:01.771713122,1.771713122,0.0,0.0,0.0,0.0,108.79598,0.0,0.0,0.0,-1.5707964,0.0
1970-01-01 00:00:01.772007789,1.7720077889999999,95.02509,0.0,0.0,0.0,0.0,0.0,0.0,0.0,-1.5707964,0.0
1970-01-01 00:00:01.772474137,1.7724741370000001,0.0,0.0,0.0,0.0,186.66208,0.0,0.0,0.0,-1.5707964,0.0
1970-01-01 00:00:01.773246485,1.773246485,0.0,0.0,0.0,98.289276,0.0,0.0,0.0,0.0,-1.5707964,0.0
1970-01-01 00:00:01.773462493,1.773462493,210.79843,0.0,0.0,0.0,0.0,0.0,0.0,0.0,-1.5707964,0.0
1970-01-01 00:00:01.773541221,1.773541221,0.0,0.0,0.0,0.0,127.07029,0.0,0.0,0.0,-1.5707964,0.0
1970-01-01 00:00:01.773548346,1.773548346,117.495346,0.0,0.0,0.0,0.0,0.0,0.0,0.0,-1.5707964,0.0
1970-01-01 00:00:01.773632725,1.7736327250000001,0.0,0.0,0.0,0.0,338.49106,0.0,0.0,0.0,-1.5707964,0.0
1970-01-01 00:00:01.773702194,1.773702194,0.0,0.0,0.0,172.47197,0.0,0.0,0.0,0.0,-1.5707964,0.0
1970-01-01 00:00:01.773994227,1.773994227,0.0,95.55826,0.0,0.0,0.0,0.0,0.0,0.0,-1.5707964,0.0
1970-01-01 00:00:01.774494831,1.7744948310000002,0.0,0.0,0.0,0.0,0.0,263.54236,0.0,0.0,-1.5707964,0.0
1970-01-01 00:00:01.774686851,1.774686851,0.0,136.54199,0.0,0.0,0.0,0.0,0.0,0.0,-1.5707964,0.0
1970-01-01 00:00:01.775018642,1.775018642,0.0,85.5491,0.0,0.0,0.0,0.0,0.0,0.0,-1.5707964,0.0
1970-01-01 00:00:01.775123210,1.7751232099999998,0.0,0.0,0.0,159.459,0.0,0.0,0.0,0.0,-1.5707964,0.0
1970-01-01 00:00:01.775518915,1.7755189150000001,0.0,135.90837,0.0,0.0,0.0,0.0,0.0,0.0,-1.5707964,0.0
1970-01-01 00:00:01.775608967,1.7756089670000001,113.895355,0.0,0.0,0.0,0.0,0.0,0.0,0.0,-1.5707964,0.0
1970-01-01 00:00:01.775671880,1.77567188,0.0,129.73706,0.0,0.0,0.0,0.0,0.0,0.0,-1.5707964,0.0
1970-01-01 00:00:01.776192052,1.7761920519999999,0.0,94.328575,0.0,0.0,0.0,0.0,0.0,0.0,-1.5707964,0.0
1970-01-01 00:00:01.776422116,1.776422116,0.0,354.8604,0.0,0.0,0.0,0.0,0.0,0.0,-1.5707964,0.0
1970-01-01 00:00:01.776667887,1.776667887,0.0,0.0,0.0,0.0,131.0184,0.0,0.0,0.0,-1.5707964,0.0
1970-01-01 00:00:01.776675401,1.7766754009999999,0.0,0.0,0.0,255.59749,0.0,0.0,0.0,0.0,-1.5707964,0.0
1970-01-01 00:00:01.776682708,1.776682708,0.0,0.0,0.0,0.0,178.45189,0.0,0.0,0.0,-1.5707964,0.0
1970-01-01 00:00:01.776767653,1.7767676529999998,0.0,0.0,94.10929,0.0,0.0,0.0,0.0,0.0,-1.5707964,0.0
1970-01-01 00:00:01.777162519,1.777162519,0.0,119.80654,0.0,0.0,0.0,0.0,0.0,0.0,-1.5707964,0.0
1970-01-01 00:00:01.777179886,1.7771798859999999,0.0,0.0,0.0,0.0,92.96141,0.0,0.0,0.0,-1.5707964,0.0
1970-01-01 00:00:01.777614519,1.7776145190000001,0.0,0.0,0.0,0.0,265.81403,0.0,0.0,0.0,-1.5707964,0.0
1970-01-01 00:00:01.777927215,1.777927215,225.77359,0.0,0.0,0.0,0.0,0.0,0.0,0.0,-1.5707964,0.0
1970-01-01 00:00:01.778765911,1.778765911,129.0336,0.0,0.0,0.0,0.0,0.0,0.0,0.0,-1.5707964,0.0
1970-01-01 00:00:01.779186226,1.779186226,0.0,114.297585,0.0,0.0,0.0,0.0,0.0,0.0,-1.5707964,0.0
1970-01-01 00:00:01.779243147,1.7792431469999999,0.0,88.600845,0.0,0.0,0.0,0.0,0.0,0.0,-1.5707964,0.0
1970-01-01 00:00:01.779270138,1.779270138,0.0,121.92365,0.0,0.0,0.0,0.0,0.0,0.0,-1.5707964,0.0
1970-01-01 00:00:01.779320990,1.77932099,0.0,0.0,0.0,247.60054,0.0,0.0,0.0,0.0,-1.5707964,0.0
1970-01-01 00:00:01.779373118,1.779373118,0.0,90.73986,0.0,0.0,0.0,0.0,0.0,0.0,-1.5707964,0.0
1970-01-01 00:00:01.779435756,1.779435756,0.0,158.94049,0.0,0.0,0.0,0.0,0.0,0.0,-1.5707964,0.0
1970-01-01 00:00:01.779793530,1.77979353,233.94893,0.0,0.0,0.0,0.0,0.0,0.0,0.0,-1.5707964,0.0
1970-01-01 00:00:01.779881477,1.779881477,198.45575,0.0,0.0,0.0,0.0,0.0,0.0,0.0,-1.5707964,0.0
1970-01-01 00:00:01.780180782,1.780180782,134.00383,0.0,0.0,0.0,0.0,0.0,0.0,0.0,-1.5707964,0.0
1970-01-01 00:00:01.780516412,1.7805164119999999,0.0,626.6549,0.0,0.0,0.0,0.0,0.0,0.0,-1.5707964,0.0
1970-01-01 00:00:01.781176319,1.781176319,0.0,0.0,0.0,0.0,98.75364,0.0,0.0,0.0,-1.5707964,0.0
1970-01-01 00:00:01.781193549,1.7811935490000002,0.0,0.0,0.0,0.0,162.60081,0.0,0.0,0.0,-1.5707964,0.0
1970-01-01 00:00:01.781231859,1.781231859,0.0,0.0,0.0,85.65912,0.0,0.0,0.0,0.0,-1.5707964,0.0
1970-01-01 00:00:01.781984178,1.781984178,0.0,88.01721,0.0,0.0,0.0,0.0,0.0,0.0,-1.5707964,0.0
1970-01-01 00:00:01.782033290,1.78203329,0.0,131.6071,0.0,0.0,0.0,0.0,0.0,0.0,-1.5707964,0.0
1970-01-01 00:00:01.782644370,1.7826443699999999,0.0,0.0,0.0,211.49849,0.0,0.0,0.0,0.0,-1.5707964,0.0
1970-01-01 00:00:01.783586717,1.783586717,150.8278,0.0,0.0,0.0,0.0,0.0,0.0,0.0,-1.5707964,0.0
1970-01-01 00:00:01.783660589,1.7836605890000001,0.0,90.93196,0.0,0.0,0.0,0.0,0.0,0.0,-1.5707964,0.0
1970-01-01 00:00:01.783685264,1.783685264,0.0,125.83854,0.0,0.0,0.0,0.0,0.0,0.0,-1.5707964,0.0
1970-01-01 00:00:01.783872429,1.783872429,0.0,220.41402,0.0,0.0,0.0,0.0,0.0,0.0,-1.5707964,0.0
1970-01-01 00:00:01.784416786,1.784416786,0.0,0.0,0.0,0.0,137.87077,0.0,0.0,0.0,-1.5707964,0.0
1970-01-01 00:00:01.784973656,1.784973656,0.0,0.0,0.0,99.578186,0.0,0.0,0.0,0.0,-1.5707964,0.0
1970-01-01 00:00:01.786097749,1.786097749,0.0,0.0,0.0,0.0,92.41534,0.0,0.0,0.0,-1.5707964,0.0
1970-01-01 00:00:01.786407731,1.7864077310000002,0.0,0.0,0.0,113.73504,0.0,0.0,0.0,0.0,-1.5707964,0.0
1970-01-01 00:00:01.786491841,1.7864918410000001,139.9434,0.0,0.0,0.0,0.0,0.0,0.0,0.0,-1.5707964,0.0
1970-01-01 00:00:01.786527456,1.786527456,0.0,0.0,120.35153,0.0,0.0,0.0,0.0,0.0,-1.5707964,0.0
1970-01-01 00:00:01.786736126,1.786736126,0.0,82.0145,0.0,0.0,0.0,0.0,0.0,0.0,-1.5707964,0.0
1970-01-01 00:00:01.787447827,1.787447827,0.0,105.06063,0.0,0.0,0.0,0.0,0.0,0.0,-1.5707964,0.0
1970-01-01 00:00:01.787580198,1.7875801980000001,0.0,247.78195,0.0,0.0,0.0,0.0,0.0,0.0,-1.5707964,0.0
1970-01-01 00:00:01.788206556,1.788206556,0.0,0.0,0.0,0.0,80.87831,0.0,0.0,0.0,-1.5707964,0.0
1970-01-01 00:00:01.788579030,1.78857903,0.0,187.29576,0.0,0.0,0.0,0.0,0.0,0.0,-1.5707964,0.0
1970-01-01 00:00:01.788967723,1.7889677229999998,0.0,0.0,0.0,0.0,80.64396,0.0,0.0,0.0,-1.5707964,0.0
1970-01-01 00:00:01.789187202,1.789187202,135.24393,0.0,0.0,0.0,0.0,0.0,0.0,0.0,-1.5707964,0.0
1970-01-01 00:00:01.789525586,1.789525586,0.0,0.0,0.0,0.0,92.87438,0.0,0.0,0.0,-1.5707964,0.0
1970-01-01 00:00:01.789625519,1.7896255189999999,124.36841,0.0,0.0,0.0,0.0,0.0,0.0,0.0,-1.5707964,0.0
1970-01-01 00:00:01.789679223,1.789679223,0.0,0.0,0.0,180.68297,0.0,0.0,0.0,0.0,-1.5707964,0.0
1970-01-01 00:00:01.789849197,1.7898491970000001,82.61137,0.0,0.0,0.0,0.0,0.0,0.0,0.0,-1.5707964,0.0
1970-01-01 00:00:01.789988762,1.7899887620000001,99.55871,0.0,0.0,0.0,0.0,0.0,0.0,0.0,-1.5707964,0.0
1970-01-01 00:00:01.790217757,1.790217757,216.64645,0.0,0.0,0.0,0.0,0.0,0.0,0.0,-1.5707964,0.0
1970-01-01 00:00:01.791250777,1.7912507770000001,143.91095,0.0,0.0,0.0,0.0,0.0,0.0,0.0,-1.5707964,0.0
1970-01-01 00:00:01.791339173,1.791339173,0.0,0.0,0.0,0.0,301.3285,0.0,0.0,0.0,-1.5707964,0.0
1970-01-01 00:00:01.791740469,1.791740469,0.0,82.79094,0.0,0.0,0.0,0.0,0.0,0.0,-1.5707964,0.0
1970-01-01 00:00:01.791742430,1.79174243,99.29579,0.0,0.0,0.0,0.0,0.0,0.0,0.0,-1.5707964,0.0
1970-01-01 00:00:01.792048684,1.792048684,129.00316,0.0,0.0,0.0,0.0,0.0,0.0,0.0,-1.5707964,0.0
1970-01-01 00:00:01.792120532,1.792120532,0.0,119.36323,0.0,0.0,0.0,0.0,0.0,0.0,-1.5707964,0.0
1970-01-01 00:00:01.792246084,1.7922460839999999,0.0,0.0,0.0,0.0,104.577255,0.0,0.0,0.0,-1.5707964,0.0
1970-01-01 00:00:01.792584883,1.792584883,143.5365,0.0,0.0,0.0,0.0,0.0,0.0,0.0,-1.5707964,0.0
1970-01-01 00:00:01.792632626,1.792632626,0.0,184.86566,0.0,0.0,0.0,0.0,0.0,0.0,-1.5707964,0.0
1970-01-01 00:00:01.792898181,1.792898181,0.0,0.0,0.0,117.52899,0.0,0.0,0.0,0.0,-1.5707964,0.0
1970-01-01 00:00:01.793070917,1.793070917,0.0,309.36475,0.0,0.0,0.0,0.0,0.0,0.0,-1.5707964,0.0
1970-01-01 00:00:01.793167681,1.793167681,0.0,129.9357,0.0,0.0,0.0,0.0,0.0,0.0,-1.5707964,0.0
1970-01-01 00:00:01.793314549,1.793314549,0.0,0.0,0.0,0.0,104.22121,0.0,0.0,0.0,-1.5707964,0.0
1970-01-01 00:00:01.793329247,1.793329247,0.0,103.40742,0.0,0.0,0.0,0.0,0.0,0.0,-1.5707964,0.0
1970-01-01 00:00:01.793329247,1.793329247,0.0,0.0,0.0,0.0,0.0,89.87326,0.0,0.0,-1.5707964,0.0
1970-01-01 00:00:01.793484398,1.793484398,0.0,0.0,0.0,103.27088,0.0,0.0,0.0,0.0,-1.5707964,0.0
1970-01-01 00:00:01.794325576,1.7943255759999999,0.0,0.0,0.0,0.0,96.99792,0.0,0.0,0.0,-1.5707964,0.0
1970-01-01 00:00:01.794529993,1.794529993,0.0,214.57506,0.0,0.0,0.0,0.0,0.0,0.0,-1.5707964,0.0
1970-01-01 00:00:01.794874511,1.794874511,0.0,90.215996,0.0,0.0,0.0,0.0,0.0,0.0,-1.5707964,0.0
1970-01-01 00:00:01.794956818,1.794956818,0.0,0.0,0.0,322.72192,0.0,0.0,0.0,0.0,-1.5707964,0.0
1970-01-01 00:00:01.795123431,1.795123431,0.0,0.0,162.1512,0.0,0.0,0.0,0.0,0.0,-1.5707964,0.0
1970-01-01 00:00:01.795123431,1.795123431,0.0,0.0,0.0,0.0,0.0,182.69586,0.0,0.0,-1.5707964,0.0
1970-01-01 00:00:01.795156775,1.7951567750000001,0.0,0.0,0.0,0.0,94.24529,0.0,0.0,0.0,-1.5707964,0.0
1970-01-01 00:00:01.795410685,1.795410685,0.0,0.0,0.0,119.315765,0.0,0.0,0.0,0.0,-1.5707964,0.0
1970-01-01 00:00:01.795455464,1.795455464,0.0,638.94403,0.0,0.0,0.0,0.0,0.0,0.0,-1.5707964,0.0
1970-01-01 00:00:01.796258138,1.796258138,0.0,107.273125,0.0,0.0,0.0,0.0,0.0,0.0,-1.5707964,0.0
1970-01-01 00:00:01.796263462,1.796263462,89.52628,0.0,0.0,0.0,0.0,0.0,0.0,0.0,-1.5707964,0.0
1970-01-01 00:00:01.796386806,1.7963868060000001,0.0,0.0,0.0,80.298676,0.0,0.0,0.0,0.0,-1.5707964,0.0
1970-01-01 00:00:01.797142386,1.797142386,0.0,0.0,0.0,0.0,87.26241,0.0,0.0,0.0,-1.5707964,0.0
1970-01-01 00:00:01.797458864,1.797458864,0.0,171.49681,0.0,0.0,0.0,0.0,0.0,0.0,-1.5707964,0.0
1970-01-01 00:00:01.797500634,1.797500634,0.0,0.0,0.0,374.6397,0.0,0.0,0.0,0.0,-1.5707964,0.0
1970-01-01 00:00:01.797542809,1.7975428089999999,0.0,116.50225,0.0,0.0,0.0,0.0,0.0,0.0,-1.5707964,0.0
1970-01-01 00:00:01.797654756,1.797654756,0.0,155.67647,0.0,0.0,0.0,0.0,0.0,0.0,-1.5707964,0.0
1970-01-01 00:00:01.797688839,1.797688839,0.0,138.49242,0.0,0.0,0.0,0.0,0.0,0.0,-1.5707964,0.0
1970-01-01 00:00:01.798108950,1.79810895,0.0,206.59427,0.0,0.0,0.0,0.0,0.0,0.0,-1.5707964,0.0
1970-01-01 00:00:01.798955835,1.7989558350000001,0.0,0.0,0.0,0.0,256.39374,0.0,0.0,0.0,-1.5707964,0.0
1970-01-01 00:00:01.799018522,1.799018522,0.0,84.62535,0.0,0.0,0.0,0.0,0.0,0.0,-1.5707964,0.0
1970-01-01 00:00:01.799543870,1.79954387,94.59684,0.0,0.0,0.0,0.0,0.0,0.0,0.0,-1.5707964,0.0
1970-01-01 00:00:01.799563722,1.799563722,0.0,113.76508,0.0,0.0,0.0,0.0,0.0,0.0,-1.5707964,0.0
1970-01-01 00:00:01.799771826,1.799771826,0.0,248.38835,0.0,0.0,0.0,0.0,0.0,0.0,-1.5707964,0.0
1970-01-01 00:00:01.799938563,1.799938563,0.0,0.0,0.0,0.0,96.533035,0.0,0.0,0.0,-1.5707964,0.0
1970-01-01 00:00:01.800174906,1.800174906,139.1438,0.0,0.0,0.0,0.0,0.0,0.0,0.0,-1.5707964,0.0
1970-01-01 00:00:01.800468087,1.800468087,0.0,0.0,0.0,0.0,0.0,182.75562,0.0,0.0,-1.5707964,0.0
1970-01-01 00:00:01.800982059,1.8009820589999999,0.0,0.0,0.0,105.35906,0.0,0.0,0.0,0.0,-1.5707964,0.0
1970-01-01 00:00:01.802298900,1.8022989,0.0,124.84518,0.0,0.0,0.0,0.0,0.0,0.0,-1.5707964,0.0
1970-01-01 00:00:01.802364832,1.8023648319999999,137.81943,0.0,0.0,0.0,0.0,0.0,0.0,0.0,-1.5707964,0.0
1970-01-01 00:00:01.802705316,1.802705316,0.0,231.13937,0.0,0.0,0.0,0.0,0.0,0.0,-1.5707964,0.0
1970-01-01 00:00:01.802892754,1.8028927540000002,80.28965,0.0,0.0,0.0,0.0,0.0,0.0,0.0,-1.5707964,0.0
1970-01-01 00:00:01.802969031,1.802969031,0.0,170.08598,0.0,0.0,0.0,0.0,0.0,0.0,-1.5707964,0.0
1970-01-01 00:00:01.803314131,1.803314131,0.0,0.0,0.0,94.474396,0.0,0.0,0.0,0.0,-1.5707964,0.0
1970-01-01 00:00:01.803448425,1.803448425,0.0,0.0,0.0,0.0,84.38508,0.0,0.0,0.0,-1.5707964,0.0
1970-01-01 00:00:01.803461758,1.803461758,0.0,171.6129,0.0,0.0,0.0,0.0,0.0,0.0,-1.5707964,0.0
1970-01-01 00:00:01.803490439,1.803490439,0.0,0.0,0.0,0.0,143.0871,0.0,0.0,0.0,-1.5707964,0.0
1970-01-01 00:00:01.803926754,1.803926754,0.0,80.53843,0.0,0.0,0.0,0.0,0.0,0.0,-1.5707964,0.0
1970-01-01 00:00:01.804521928,1.804521928,0.0,0.0,0.0,0.0,379.40527,0.0,0.0,0.0,-1.5707964,0.0
1970-01-01 00:00:01.804611788,1.8046117879999999,0.0,99.11374,0.0,0.0,0.0,0.0,0.0,0.0,-1.5707964,0.0
1970-01-01 00:00:01.804692435,1.804692435,0.0,93.860664,0.0,0.0,0.0,0.0,0.0,0.0,-1.5707964,0.0
1970-01-01 00:00:01.804694841,1.8046948409999999,0.0,88.20945,0.0,0.0,0.0,0.0,0.0,0.0,-1.5707964,0.0
1970-01-01 00:00:01.805150999,1.8051509989999999,0.0,0.0,0.0,0.0,98.19565,0.0,0.0,0.0,-1.5707964,0.0
1970-01-01 00:00:01.805264923,1.805264923,0.0,89.716415,0.0,0.0,0.0,0.0,0.0,0.0,-1.5707964,0.0
1970-01-01 00:00:01.805406905,1.805406905,106.86208,0.0,0.0,0.0,0.0,0.0,0.0,0.0,-1.5707964,0.0
1970-01-01 00:00:01.805473880,1.80547388,0.0,122.09337,0.0,0.0,0.0,0.0,0.0,0.0,-1.5707964,0.0
1970-01-01 00:00:01.805591295,1.8055912950000002,81.70824,0.0,0.0,0.0,0.0,0.0,0.0,0.0,-1.5707964,0.0
1970-01-01 00:00:01.805857190,1.80585719,0.0,81.16444,0.0,0.0,0.0,0.0,0.0,0.0,-1.5707964,0.0
1970-01-01 00:00:01.806361089,1.8063610890000001,0.0,86.378784,0.0,0.0,0.0,0.0,0.0,0.0,-1.5707964,0.0
1970-01-01 00:00:01.806613645,1.806613645,0.0,0.0,0.0,124.1996,0.0,0.0,0.0,0.0,-1.5707964,0.0
1970-01-01 00:00:01.806651923,1.806651923,0.0,0.0,0.0,0.0,128.17096,0.0,0.0,0.0,-1.5707964,0.0
1970-01-01 00:00:01.807001595,1.807001595,0.0,0.0,0.0,176.63069,0.0,0.0,0.0,0.0,-1.5707964,0.0
1970-01-01 00:00:01.807188488,1.807188488,88.0764,0.0,0.0,0.0,0.0,0.0,0.0,0.0,-1.5707964,0.0
1970-01-01 00:00:01.808038784,1.8080387839999998,236.508,0.0,0.0,0.0,0.0,0.0,0.0,0.0,-1.5707964,0.0
1970-01-01 00:00:01.808386145,1.808386145,0.0,92.55512,0.0,0.0,0.0,0.0,0.0,0.0,-1.5707964,0.0
1970-01-01 00:00:01.808454495,1.8084544949999999,231.77802,0.0,0.0,0.0,0.0,0.0,0.0,0.0,-1.5707964,0.0
1970-01-01 00:00:01.808641417,1.808641417,0.0,0.0,0.0,0.0,85.97617,0.0,0.0,0.0,-1.5707964,0.0
1970-01-01 00:00:01.808654745,1.8086547450000001,0.0,0.0,0.0,0.0,125.19822,0.0,0.0,0.0,-1.5707964,0.0
1970-01-01 00:00:01.808699922,1.808699922,0.0,0.0,0.0,0.0,293.67773,0.0,0.0,0.0,-1.5707964,0.0
1970-01-01 00:00:01.808953149,1.8089531490000001,0.0,163.93108,0.0,0.0,0.0,0.0,0.0,0.0,-1.5707964,0.0
1970-01-01 00:00:01.809235330,1.80923533,117.635216,0.0,0.0,0.0,0.0,0.0,0.0,0.0,-1.5707964,0.0
1970-01-01 00:00:01.809419301,1.8094193010000001,186.51031,0.0,0.0,0.0,0.0,0.0,0.0,0.0,-1.5707964,0.0
1970-01-01 00:00:01.809437255,1.809437255,0.0,0.0,0.0,109.03922,0.0,0.0,0.0,0.0,-1.5707964,0.0
1970-01-01 00:00:01.809493348,1.809493348,0.0,115.68207,0.0,0.0,0.0,0.0,0.0,0.0,-1.5707964,0.0
1970-01-01 00:00:01.809686698,1.8096866980000001,0.0,174.16418,0.0,0.0,0.0,0.0,0.0,0.0,-1.5707964,0.0
1970-01-01 00:00:01.809807480,1.80980748,0.0,255.38588,0.0,0.0,0.0,0.0,0.0,0.0,-1.5707964,0.0
1970-01-01 00:00:01.809982348,1.8099823480000001,0.0,0.0,0.0,91.93292,0.0,0.0,0.0,0.0,-1.5707964,0.0
1970-01-01 00:00:01.809983830,1.80998383,0.0,110.845764,0.0,0.0,0.0,0.0,0.0,0.0,-1.5707964,0.0
1970-01-01 00:00:01.810013554,1.810013554,0.0,0.0,0.0,0.0,0.0,88.19514,0.0,0.0,-1.5707964,0.0
1970-01-01 00:00:01.810090652,1.810090652,0.0,197.52173,0.0,0.0,0.0,0.0,0.0,0.0,-1.5707964,0.0
1970-01-01 00:00:01.810215887,1.810215887,0.0,82.80395,0.0,0.0,0.0,0.0,0.0,0.0,-1.5707964,0.0
1970-01-01 00:00:01.810309787,1.810309787,0.0,90.40946,0.0,0.0,0.0,0.0,0.0,0.0,-1.5707964,0.0
1970-01-01 00:00:01.810879088,1.810879088,0.0,153.6426,0.0,0.0,0.0,0.0,0.0,0.0,-1.5707964,0.0
1970-01-01 00:00:01.811877283,1.8118772829999998,0.0,130.51947,0.0,0.0,0.0,0.0,0.0,0.0,-1.5707964,0.0
1970-01-01 00:00:01.811938056,1.811938056,0.0,104.25942,0.0,0.0,0.0,0.0,0.0,0.0,-1.5707964,0.0
1970-01-01 00:00:01.812113160,1.81211316,0.0,92.99716,0.0,0.0,0.0,0.0,0.0,0.0,-1.5707964,0.0
1970-01-01 00:00:01.812394783,1.812394783,0.0,0.0,0.0,0.0,271.39807,0.0,0.0,0.0,-1.5707964,0.0
1970-01-01 00:00:01.812414027,1.812414027,0.0,0.0,0.0,0.0,265.207,0.0,0.0,0.0,-1.5707964,0.0
1970-01-01 00:00:01.813081334,1.813081334,0.0,0.0,0.0,0.0,99.022545,0.0,0.0,0.0,-1.5707964,0.0
1970-01-01 00:00:01.813974426,1.8139744260000001,121.056725,0.0,0.0,0.0,0.0,0.0,0.0,0.0,-1.5707964,0.0
1970-01-01 00:00:01.814303019,1.814303019,0.0,122.84517,0.0,0.0,0.0,0.0,0.0,0.0,-1.5707964,0.0
1970-01-01 00:00:01.814365043,1.814365043,0.0,0.0,0.0,157.10599,0.0,0.0,0.0,0.0,-1.5707964,0.0
1970-01-01 00:00:01.814491290,1.8144912899999999,0.0,0.0,0.0,163.26653,0.0,0.0,0.0,0.0,-1.5707964,0.0
1970-01-01 00:00:01.814773440,1.81477344,0.0,0.0,0.0,0.0,0.0,85.70811,0.0,0.0,-1.5707964,0.0
1970-01-01 00:00:01.815408229,1.815408229,0.0,0.0,0.0,0.0,0.0,142.8725,0.0,0.0,-1.5707964,0.0
1970-01-01 00:00:01.816140956,1.816140956,0.0,0.0,0.0,248.04106,0.0,0.0,0.0,0.0,-1.5707964,0.0
1970-01-01 00:00:01.816296177,1.816296177,91.21392,0.0,0.0,0.0,0.0,0.0,0.0,0.0,-1.5707964,0.0
1970-01-01 00:00:01.816391273,1.816391273,0.0,0.0,0.0,0.0,82.05243,0.0,0.0,0.0,-1.5707964,0.0
1970-01-01 00:00:01.816671138,1.816671138,0.0,196.3337,0.0,0.0,0.0,0.0,0.0,0.0,-1.5707964,0.0
1970-01-01 00:00:01.816804192,1.816804192,81.98049,0.0,0.0,0.0,0.0,0.0,0.0,0.0,-1.5707964,0.0
1970-01-01 00:00:01.817502927,1.817502927,152.76633,0.0,0.0,0.0,0.0,0.0,0.0,0.0,-1.5707964,0.0
1970-01-01 00:00:01.817841162,1.8178411620000001,0.0,168.16513,0.0,0.0,0.0,0.0,0.0,0.0,-1.5707964,0.0
1970-01-01 00:00:01.817843536,1.817843536,0.0,0.0,0.0,375.4539,0.0,0.0,0.0,0.0,-1.5707964,0.0
1970-01-01 00:00:01.818544671,1.818544671,0.0,0.0,0.0,0.0,130.53372,0.0,0.0,0.0,-1.5707964,0.0
1970-01-01 00:00:01.818660682,1.818660682,0.0,155.31406,0.0,0.0,0.0,0.0,0.0,0.0,-1.5707964,0.0
1970-01-01 00:00:01.819473564,1.819473564,0.0,0.0,0.0,177.53784,0.0,0.0,0.0,0.0,-1.5707964,0.0
1970-01-01 00:00:01.819888069,1.819888069,0.0,0.0,0.0,0.0,95.66542,0.0,0.0,0.0,-1.5707964,0.0
1970-01-01 00:00:01.819916436,1.819916436,0.0,0.0,0.0,141.47217,0.0,0.0,0.0,0.0,-1.5707964,0.0
1970-01-01 00:00:01.820104354,1.8201043540000001,0.0,84.38666,0.0,0.0,0.0,0.0,0.0,0.0,-1.5707964,0.0
1970-01-01 00:00:01.820471753,1.820471753,0.0,0.0,0.0,0.0,231.70047,0.0,0.0,0.0,-1.5707964,0.0
1970-01-01 00:00:01.820996298,1.8209962979999998,0.0,0.0,0.0,0.0,91.36793,0.0,0.0,0.0,-1.5707964,0.0
1970-01-01 00:00:01.822500498,1.8225004980000001,0.0,0.0,0.0,0.0,98.48271,0.0,0.0,0.0,-1.5707964,0.0
1970-01-01 00:00:01.822948828,1.822948828,0.0,325.90814,0.0,0.0,0.0,0.0,0.0,0.0,-1.5707964,0.0
1970-01-01 00:00:01.823130321,1.823130321,0.0,90.73133,0.0,0.0,0.0,0.0,0.0,0.0,-1.5707964,0.0
1970-01-01 00:00:01.823515437,1.823515437,0.0,99.94502,0.0,0.0,0.0,0.0,0.0,0.0,-1.5707964,0.0
1970-01-01 00:00:01.823583618,1.823583618,0.0,0.0,0.0,0.0,218.13145,0.0,0.0,0.0,-1.5707964,0.0
1970-01-01 00:00:01.823640762,1.8236407620000001,0.0,248.78545,0.0,0.0,0.0,0.0,0.0,0.0,-1.5707964,0.0
1970-01-01 00:00:01.824037743,1.8240377429999999,0.0,106.048294,0.0,0.0,0.0,0.0,0.0,0.0,-1.5707964,0.0
1970-01-01 00:00:01.824235258,1.8242352579999999,0.0,106.12612,0.0,0.0,0.0,0.0,0.0,0.0,-1.5707964,0.0
1970-01-01 00:00:01.824292093,1.824292093,120.95207,0.0,0.0,0.0,0.0,0.0,0.0,0.0,-1.5707964,0.0
1970-01-01 00:00:01.825180947,1.825180947,0.0,0.0,0.0,0.0,86.23144,0.0,0.0,0.0,-1.5707964,0.0
1970-01-01 00:00:01.825278512,1.8252785120000001,0.0,0.0,0.0,0.0,120.70049,0.0,0.0,0.0,-1.5707964,0.0
1970-01-01 00:00:01.825457106,1.825457106,0.0,0.0,0.0,141.44096,0.0,0.0,0.0,0.0,-1.5707964,0.0
1970-01-01 00:00:01.825846181,1.825846181,0.0,98.58879,0.0,0.0,0.0,0.0,0.0,0.0,-1.5707964,0.0
1970-01-01 00:00:01.826285499,1.826285499,0.0,0.0,0.0,0.0,138.97046,0.0,0.0,0.0,-1.5707964,0.0
1970-01-01 00:00:01.826637673,1.826637673,0.0,0.0,0.0,0.0,96.69558,0.0,0.0,0.0,-1.5707964,0.0
1970-01-01 00:00:01.826815373,1.826815373,0.0,0.0,0.0,0.0,100.49922,0.0,0.0,0.0,-1.5707964,0.0
1970-01-01 00:00:01.826903663,1.826903663,0.0,92.20438,0.0,0.0,0.0,0.0,0.0,0.0,-1.5707964,0.0
1970-01-01 00:00:01.827487249,1.827487249,0.0,0.0,0.0,128.29356,0.0,0.0,0.0,0.0,-1.5707964,0.0
1970-01-01 00:00:01.827559394,1.8275593940000001,0.0,83.49429,0.0,0.0,0.0,0.0,0.0,0.0,-1.5707964,0.0
1970-01-01 00:00:01.827564366,1.827564366,0.0,0.0,148.00629,0.0,0.0,0.0,0.0,0.0,-1.5707964,0.0
1970-01-01 00:00:01.827761667,1.8277616669999999,180.44467,0.0,0.0,0.0,0.0,0.0,0.0,0.0,-1.5707964,0.0
1970-01-01 00:00:01.828518091,1.8285180909999998,0.0,90.23452,0.0,0.0,0.0,0.0,0.0,0.0,-1.5707964,0.0
1970-01-01 00:00:01.828825144,1.828825144,0.0,0.0,0.0,0.0,0.0,114.534996,0.0,0.0,-1.5707964,0.0
1970-01-01 00:00:01.829354349,1.829354349,0.0,0.0,0.0,184.39365,0.0,0.0,0.0,0.0,-1.5707964,0.0
1970-01-01 00:00:01.829436422,1.8294364220000001,0.0,188.92368,0.0,0.0,0.0,0.0,0.0,0.0,-1.5707964,0.0
1970-01-01 00:00:01.829452861,1.829452861,0.0,0.0,0.0,0.0,121.85221,0.0,0.0,0.0,-1.5707964,0.0
1970-01-01 00:00:01.829645092,1.829645092,0.0,0.0,0.0,0.0,173.35945,0.0,0.0,0.0,-1.5707964,0.0
1970-01-01 00:00:01.829688471,1.8296884709999999,166.41711,0.0,0.0,0.0,0.0,0.0,0.0,0.0,-1.5707964,0.0
1970-01-01 00:00:01.829963769,1.829963769,208.5566,0.0,0.0,0.0,0.0,0.0,0.0,0.0,-1.5707964,0.0
1970-01-01 00:00:01.829963769,1.829963769,0.0,0.0,319.7626,0.0,0.0,0.0,0.0,0.0,-1.5707964,0.0
1970-01-01 00:00:01.829964735,1.829964735,0.0,104.02111,0.0,0.0,0.0,0.0,0.0,0.0,-1.5707964,0.0
1970-01-01 00:00:01.829966708,1.8299667080000002,0.0,0.0,0.0,0.0,111.028786,0.0,0.0,0.0,-1.5707964,0.0
1970-01-01 00:00:01.830075351,1.830075351,0.0,0.0,0.0,110.99206,0.0,0.0,0.0,0.0,-1.5707964,0.0
1970-01-01 00:00:01.830725296,1.830725296,0.0,108.88261,0.0,0.0,0.0,0.0,0.0,0.0,-1.5707964,0.0
1970-01-01 00:00:01.831032670,1.83103267,0.0,0.0,143.2977,0.0,0.0,0.0,0.0,0.0,-1.5707964,0.0
1970-01-01 00:00:01.831126625,1.831126625,0.0,174.8529,0.0,0.0,0.0,0.0,0.0,0.0,-1.5707964,0.0
1970-01-01 00:00:01.831236736,1.8312367360000001,0.0,81.91743,0.0,0.0,0.0,0.0,0.0,0.0,-1.5707964,0.0
1970-01-01 00:00:01.831310772,1.8313107720000001,0.0,117.28988,0.0,0.0,0.0,0.0,0.0,0.0,-1.5707964,0.0
1970-01-01 00:00:01.831415740,1.83141574,0.0,0.0,0.0,103.26145,0.0,0.0,0.0,0.0,-1.5707964,0.0
1970-01-01 00:00:01.831752458,1.831752458,0.0,85.35187,0.0,0.0,0.0,0.0,0.0,0.0,-1.5707964,0.0
1970-01-01 00:00:01.831798638,1.831798638,0.0,92.75814,0.0,0.0,0.0,0.0,0.0,0.0,-1.5707964,0.0
1970-01-01 00:00:01.832036898,1.8320368980000001,0.0,220.0917,0.0,0.0,0.0,0.0,0.0,0.0,-1.5707964,0.0
1970-01-01 00:00:01.832263881,1.832263881,0.0,426.55524,0.0,0.0,0.0,0.0,0.0,0.0,-1.5707964,0.0
1970-01-01 00:00:01.832526056,1.8325260559999998,0.0,260.62393,0.0,0.0,0.0,0.0,0.0,0.0,-1.5707964,0.0
1970-01-01 00:00:01.833048389,1.833048389,0.0,0.0,0.0,0.0,106.98252,0.0,0.0,0.0,-1.5707964,0.0
1970-01-01 00:00:01.833758473,1.833758473,0.0,0.0,0.0,0.0,131.25737,0.0,0.0,0.0,-1.5707964,0.0
1970-01-01 00:00:01.833832611,1.833832611,97.03929,0.0,0.0,0.0,0.0,0.0,0.0,0.0,-1.5707964,0.0
1970-01-01 00:00:01.834393524,1.834393524,0.0,0.0,0.0,0.0,0.0,108.51955,0.0,0.0,-1.5707964,0.0
1970-01-01 00:00:01.834408174,1.834408174,0.0,0.0,0.0,0.0,154.60843,0.0,0.0,0.0,-1.5707964,0.0
1970-01-01 00:00:01.835321630,1.8353216300000001,0.0,91.11023,0.0,0.0,0.0,0.0,0.0,0.0,-1.5707964,0.0
1970-01-01 00:00:01.835507159,1.835507159,0.0,0.0,0.0,0.0,102.496994,0.0,0.0,0.0,-1.5707964,0.0
1970-01-01 00:00:01.836497708,1.836497708,0.0,84.7984,0.0,0.0,0.0,0.0,0.0,0.0,-1.5707964,0.0
1970-01-01 00:00:01.836513312,1.8365133120000001,0.0,0.0,0.0,0.0,264.64676,0.0,0.0,0.0,-1.5707964,0.0
1970-01-01 00:00:01.837648469,1.837648469,0.0,112.282005,0.0,0.0,0.0,0.0,0.0,0.0,-1.5707964,0.0
1970-01-01 00:00:01.837907291,1.837907291,0.0,97.807884,0.0,0.0,0.0,0.0,0.0,0.0,-1.5707964,0.0
1970-01-01 00:00:01.838206334,1.838206334,202.23732,0.0,0.0,0.0,0.0,0.0,0.0,0.0,-1.5707964,0.0
1970-01-01 00:00:01.838255970,1.83825597,0.0,0.0,0.0,0.0,150.43025,0.0,0.0,0.0,-1.5707964,0.0
1970-01-01 00:00:01.838319554,1.838319554,0.0,151.25713,0.0,0.0,0.0,0.0,0.0,0.0,-1.5707964,0.0
1970-01-01 00:00:01.838501517,1.838501517,141.20091,0.0,0.0,0.0,0.0,0.0,0.0,0.0,-1.5707964,0.0
1970-01-01 00:00:01.838766671,1.8387666710000001,0.0,118.52837,0.0,0.0,0.0,0.0,0.0,0.0,-1.5707964,0.0
1970-01-01 00:00:01.839574100,1.8395741,0.0,271.4391,0.0,0.0,0.0,0.0,0.0,0.0,-1.5707964,0.0
1970-01-01 00:00:01.839799184,1.8397991839999999,0.0,0.0,0.0,0.0,136.89034,0.0,0.0,0.0,-1.5707964,0.0
1970-01-01 00:00:01.839843838,1.839843838,0.0,164.44562,0.0,0.0,0.0,0.0,0.0,0.0,-1.5707964,0.0
1970-01-01 00:00:01.840372141,1.840372141,0.0,0.0,105.4764,0.0,0.0,0.0,0.0,0.0,-1.5707964,0.0
1970-01-01 00:00:01.840372329,1.840372329,0.0,114.99311,0.0,0.0,0.0,0.0,0.0,0.0,-1.5707964,0.0
1970-01-01 00:00:01.840493644,1.840493644,136.03221,0.0,0.0,0.0,0.0,0.0,0.0,0.0,-1.5707964,0.0
1970-01-01 00:00:01.840509561,1.840509561,0.0,0.0,0.0,0.0,256.034,0.0,0.0,0.0,-1.5707964,0.0
1970-01-01 00:00:01.840808941,1.8408089410000001,0.0,183.59854,0.0,0.0,0.0,0.0,0.0,0.0,-1.5707964,0.0
1970-01-01 00:00:01.840896024,1.840896024,0.0,103.02089,0.0,0.0,0.0,0.0,0.0,0.0,-1.5707964,0.0
1970-01-01 00:00:01.841112106,1.841112106,0.0,196.31906,0.0,0.0,0.0,0.0,0.0,0.0,-1.5707964,0.0
1970-01-01 00:00:01.841269379,1.8412693789999999,106.52271,0.0,0.0,0.0,0.0,0.0,0.0,0.0,-1.5707964,0.0
1970-01-01 00:00:01.841329957,1.8413299570000001,0.0,0.0,0.0,95.19257,0.0,0.0,0.0,0.0,-1.5707964,0.0
1970-01-01 00:00:01.841627610,1.84162761,0.0,91.604126,0.0,0.0,0.0,0.0,0.0,0.0,-1.5707964,0.0
1970-01-01 00:00:01.841627849,1.841627849,0.0,0.0,0.0,0.0,93.358574,0.0,0.0,0.0,-1.5707964,0.0
1970-01-01 00:00:01.842064931,1.842064931,0.0,0.0,0.0,175.21928,0.0,0.0,0.0,0.0,-1.5707964,0.0
1970-01-01 00:00:01.842637568,1.842637568,0.0,0.0,0.0,0.0,86.4391,0.0,0.0,0.0,-1.5707964,0.0
1970-01-01 00:00:01.842704772,1.842704772,0.0,0.0,0.0,0.0,0.0,170.94582,0.0,0.0,-1.5707964,0.0
1970-01-01 00:00:01.842840038,1.8428400379999998,0.0,86.7462,0.0,0.0,0.0,0.0,0.0,0.0,-1.5707964,0.0
1970-01-01 00:00:01.843192145,1.843192145,134.63205,0.0,0.0,0.0,0.0,0.0,0.0,0.0,-1.5707964,0.0
1970-01-01 00:00:01.843599110,1.84359911,0.0,0.0,0.0,165.30606,0.0,0.0,0.0,0.0,-1.5707964,0.0
1970-01-01 00:00:01.844327814,1.8443278140000001,265.3335,0.0,0.0,0.0,0.0,0.0,0.0,0.0,-1.5707964,0.0
1970-01-01 00:00:01.845326697,1.845326697,0.0,0.0,0.0,0.0,128.52095,0.0,0.0,0.0,-1.5707964,0.0
1970-01-01 00:00:01.845615746,1.845615746,0.0,0.0,0.0,0.0,117.48171,0.0,0.0,0.0,-1.5707964,0.0
1970-01-01 00:00:01.845697426,1.845697426,0.0,0.0,0.0,130.10043,0.0,0.0,0.0,0.0,-1.5707964,0.0
1970-01-01 00:00:01.845958719,1.845958719,0.0,0.0,0.0,85.241,0.0,0.0,0.0,0.0,-1.5707964,0.0
1970-01-01 00:00:01.846268207,1.846268207,0.0,0.0,0.0,0.0,522.21405,0.0,0.0,0.0,-1.5707964,0.0
1970-01-01 00:00:01.846601761,1.846601761,0.0,0.0,0.0,0.0,100.3095,0.0,0.0,0.0,-1.5707964,0.0
1970-01-01 00:00:01.846731981,1.846731981,152.40587,0.0,0.0,0.0,0.0,0.0,0.0,0.0,-1.5707964,0.0
1970-01-01 00:00:01.846980044,1.846980044,84.95682,0.0,0.0,0.0,0.0,0.0,0.0,0.0,-1.5707964,0.0
1970-01-01 00:00:01.847082339,1.847082339,0.0,0.0,0.0,0.0,113.1829,0.0,0.0,0.0,-1.5707964,0.0
1970-01-01 00:00:01.847133181,1.847133181,0.0,0.0,0.0,160.96196,0.0,0.0,0.0,0.0,-1.5707964,0.0
1970-01-01 00:00:01.847327884,1.847327884,0.0,0.0,0.0,154.86717,0.0,0.0,0.0,0.0,-1.5707964,0.0
1970-01-01 00:00:01.847693134,1.847693134,0.0,0.0,0.0,221.14626,0.0,0.0,0.0,0.0,-1.5707964,0.0
1970-01-01 00:00:01.848099153,1.8480991530000002,0.0,0.0,0.0,0.0,93.53568,0.0,0.0,0.0,-1.5707964,0.0
1970-01-01 00:00:01.848328947,1.8483289470000002,0.0,0.0,0.0,0.0,104.909996,0.0,0.0,0.0,-1.5707964,0.0
1970-01-01 00:00:01.848526429,1.848526429,0.0,112.43342,0.0,0.0,0.0,0.0,0.0,0.0,-1.5707964,0.0
1970-01-01 00:00:01.848652538,1.848652538,0.0,200.02177,0.0,0.0,0.0,0.0,0.0,0.0,-1.5707964,0.0
1970-01-01 00:00:01.848746234,1.848746234,105.67576,0.0,0.0,0.0,0.0,0.0,0.0,0.0,-1.5707964,0.0
1970-01-01 00:00:01.848942957,1.848942957,0.0,0.0,0.0,0.0,263.06287,0.0,0.0,0.0,-1.5707964,0.0
1970-01-01 00:00:01.849192826,1.849192826,0.0,0.0,0.0,0.0,121.3035,0.0,0.0,0.0,-1.5707964,0.0
1970-01-01 00:00:01.850083826,1.850083826,0.0,0.0,0.0,88.13645,0.0,0.0,0.0,0.0,-1.5707964,0.0
1970-01-01 00:00:01.850208842,1.850208842,0.0,88.81583,0.0,0.0,0.0,0.0,0.0,0.0,-1.5707964,0.0
1970-01-01 00:00:01.850635365,1.850635365,0.0,0.0,0.0,0.0,99.09047,0.0,0.0,0.0,-1.5707964,0.0
1970-01-01 00:00:01.850673004,1.850673004,0.0,213.94789,0.0,0.0,0.0,0.0,0.0,0.0,-1.5707964,0.0
1970-01-01 00:00:01.850777828,1.850777828,0.0,0.0,0.0,0.0,0.0,235.64798,0.0,0.0,-1.5707964,0.0
1970-01-01 00:00:01.851330027,1.851330027,0.0,114.88203,0.0,0.0,0.0,0.0,0.0,0.0,-1.5707964,0.0
1970-01-01 00:00:01.851781996,1.8517819960000002,0.0,98.761444,0.0,0.0,0.0,0.0,0.0,0.0,-1.5707964,0.0
1970-01-01 00:00:01.851895582,1.851895582,148.85008,0.0,0.0,0.0,0.0,0.0,0.0,0.0,-1.5707964,0.0
1970-01-01 00:00:01.852090833,1.852090833,218.07477,0.0,0.0,0.0,0.0,0.0,0.0,0.0,-1.5707964,0.0
1970-01-01 00:00:01.852177214,1.8521772140000001,0.0,0.0,0.0,0.0,281.30685,0.0,0.0,0.0,-1.5707964,0.0
1970-01-01 00:00:01.852479645,1.8524796449999998,220.7538,0.0,0.0,0.0,0.0,0.0,0.0,0.0,-1.5707964,0.0
1970-01-01 00:00:01.852531066,1.852531066,0.0,140.65149,0.0,0.0,0.0,0.0,0.0,0.0,-1.5707964,0.0
1970-01-01 00:00:01.854183917,1.8541839169999998,0.0,0.0,0.0,0.0,92.35916,0.0,0.0,0.0,-1.5707964,0.0
1970-01-01 00:00:01.854348732,1.854348732,0.0,0.0,0.0,232.49614,0.0,0.0,0.0,0.0,-1.5707964,0.0
1970-01-01 00:00:01.854608633,1.854608633,0.0,91.737366,0.0,0.0,0.0,0.0,0.0,0.0,-1.5707964,0.0
1970-01-01 00:00:01.855262618,1.855262618,80.861565,0.0,0.0,0.0,0.0,0.0,0.0,0.0,-1.5707964,0.0
1970-01-01 00:00:01.855758475,1.855758475,0.0,226.17221,0.0,0.0,0.0,0.0,0.0,0.0,-1.5707964,0.0
1970-01-01 00:00:01.856469500,1.8564695,125.50008,0.0,0.0,0.0,0.0,0.0,0.0,0.0,-1.5707964,0.0
1970-01-01 00:00:01.857005282,1.857005282,0.0,85.70943,0.0,0.0,0.0,0.0,0.0,0.0,-1.5707964,0.0
1970-01-01 00:00:01.857324668,1.857324668,0.0,138.09364,0.0,0.0,0.0,0.0,0.0,0.0,-1.5707964,0.0
1970-01-01 00:00:01.857965088,1.857965088,0.0,0.0,101.58092,0.0,0.0,0.0,0.0,0.0,-1.5707964,0.0
1970-01-01 00:00:01.858387022,1.858387022,0.0,0.0,0.0,0.0,96.81661,0.0,0.0,0.0,-1.5707964,0.0
1970-01-01 00:00:01.858495948,1.8584959479999998,0.0,0.0,0.0,0.0,0.0,108.97129,0.0,0.0,-1.5707964,0.0
1970-01-01 00:00:01.858620343,1.8586203430000001,0.0,189.65076,0.0,0.0,0.0,0.0,0.0,0.0,-1.5707964,0.0
1970-01-01 00:00:01.858813861,1.858813861,0.0,87.3314,0.0,0.0,0.0,0.0,0.0,0.0,-1.5707964,0.0
1970-01-01 00:00:01.858876418,1.858876418,90.24282,0.0,0.0,0.0,0.0,0.0,0.0,0.0,-1.5707964,0.0
1970-01-01 00:00:01.859536682,1.8595366819999999,199.02048,0.0,0.0,0.0,0.0,0.0,0.0,0.0,-1.5707964,0.0
1970-01-01 00:00:01.859560987,1.859560987,302.07504,0.0,0.0,0.0,0.0,0.0,0.0,0.0,-1.5707964,0.0
1970-01-01 00:00:01.860408059,1.860408059,0.0,0.0,0.0,231.06413,0.0,0.0,0.0,0.0,-1.5707964,0.0
1970-01-01 00:00:01.860701850,1.8607018499999999,0.0,90.408485,0.0,0.0,0.0,0.0,0.0,0.0,-1.5707964,0.0
1970-01-01 00:00:01.861259716,1.861259716,0.0,84.332565,0.0,0.0,0.0,0.0,0.0,0.0,-1.5707964,0.0
1970-01-01 00:00:01.862257774,1.8622577740000001,0.0,224.44002,0.0,0.0,0.0,0.0,0.0,0.0,-1.5707964,0.0
1970-01-01 00:00:01.862554538,1.862554538,0.0,92.28585,0.0,0.0,0.0,0.0,0.0,0.0,-1.5707964,0.0
1970-01-01 00:00:01.863137374,1.863137374,0.0,109.16399,0.0,0.0,0.0,0.0,0.0,0.0,-1.5707964,0.0
1970-01-01 00:00:01.863192662,1.8631926619999999,0.0,165.69981,0.0,0.0,0.0,0.0,0.0,0.0,-1.5707964,0.0
1970-01-01 00:00:01.863388337,1.863388337,0.0,103.899086,0.0,0.0,0.0,0.0,0.0,0.0,-1.5707964,0.0
1970-01-01 00:00:01.863957483,1.863957483,0.0,0.0,0.0,0.0,95.5091,0.0,0.0,0.0,-1.5707964,0.0
1970-01-01 00:00:01.864515919,1.864515919,545.4567,0.0,0.0,0.0,0.0,0.0,0.0,0.0,-1.5707964,0.0
1970-01-01 00:00:01.864627820,1.86462782,0.0,0.0,0.0,0.0,119.21776,0.0,0.0,0.0,-1.5707964,0.0
1970-01-01 00:00:01.864911212,1.864911212,0.0,0.0,0.0,121.83048,0.0,0.0,0.0,0.0,-1.5707964,0.0
1970-01-01 00:00:01.865085139,1.865085139,167.18723,0.0,0.0,0.0,0.0,0.0,0.0,0.0,-1.5707964,0.0
1970-01-01 00:00:01.865550890,1.86555089,0.0,0.0,0.0,0.0,289.51532,0.0,0.0,0.0,-1.5707964,0.0
1970-01-01 00:00:01.865908831,1.865908831,0.0,209.76166,0.0,0.0,0.0,0.0,0.0,0.0,-1.5707964,0.0
1970-01-01 00:00:01.865971697,1.865971697,0.0,0.0,0.0,0.0,0.0,81.52945,0.0,0.0,-1.5707964,0.0
1970-01-01 00:00:01.866122603,1.866122603,0.0,86.92358,0.0,0.0,0.0,0.0,0.0,0.0,-1.5707964,0.0
1970-01-01 00:00:01.866744901,1.8667449010000001,0.0,157.28232,0.0,0.0,0.0,0.0,0.0,0.0,-1.5707964,0.0
1970-01-01 00:00:01.868063039,1.868063039,0.0,140.7771,0.0,0.0,0.0,0.0,0.0,0.0,-1.5707964,0.0
1970-01-01 00:00:01.868125235,1.868125235,437.98486,0.0,0.0,0.0,0.0,0.0,0.0,0.0,-1.5707964,0.0
1970-01-01 00:00:01.869351006,1.869351006,0.0,0.0,0.0,149.2661,0.0,0.0,0.0,0.0,-1.5707964,0.0
1970-01-01 00:00:01.869884530,1.86988453,0.0,0.0,0.0,114.335175,0.0,0.0,0.0,0.0,-1.5707964,0.0
1970-01-01 00:00:01.870226395,1.870226395,0.0,0.0,0.0,171.09816,0.0,0.0,0.0,0.0,-1.5707964,0.0
1970-01-01 00:00:01.871296501,1.871296501,0.0,80.75635,0.0,0.0,0.0,0.0,0.0,0.0,-1.5707964,0.0
1970-01-01 00:00:01.871939837,1.871939837,144.21968,0.0,0.0,0.0,0.0,0.0,0.0,0.0,-1.5707964,0.0
1970-01-01 00:00:01.872063979,1.872063979,0.0,252.49947,0.0,0.0,0.0,0.0,0.0,0.0,-1.5707964,0.0
1970-01-01 00:00:01.872624698,1.872624698,104.085396,0.0,0.0,0.0,0.0,0.0,0.0,0.0,-1.5707964,0.0
1970-01-01 00:00:01.873631736,1.873631736,0.0,160.58026,0.0,0.0,0.0,0.0,0.0,0.0,-1.5707964,0.0
1970-01-01 00:00:01.874187248,1.8741872480000001,0.0,0.0,0.0,93.99381,0.0,0.0,0.0,0.0,-1.5707964,0.0
1970-01-01 00:00:01.874199579,1.874199579,99.26532,0.0,0.0,0.0,0.0,0.0,0.0,0.0,-1.5707964,0.0
1970-01-01 00:00:01.874229731,1.874229731,347.16614,0.0,0.0,0.0,0.0,0.0,0.0,0.0,-1.5707964,0.0
1970-01-01 00:00:01.874821866,1.874821866,0.0,0.0,0.0,0.0,150.01839,0.0,0.0,0.0,-1.5707964,0.0
1970-01-01 00:00:01.875092070,1.87509207,0.0,0.0,0.0,0.0,83.65392,0.0,0.0,0.0,-1.5707964,0.0
1970-01-01 00:00:01.875426867,1.875426867,0.0,97.38429,0.0,0.0,0.0,0.0,0.0,0.0,-1.5707964,0.0
1970-01-01 00:00:01.875443420,1.8754434199999999,156.681,0.0,0.0,0.0,0.0,0.0,0.0,0.0,-1.5707964,0.0
1970-01-01 00:00:01.875752573,1.875752573,93.229774,0.0,0.0,0.0,0.0,0.0,0.0,0.0,-1.5707964,0.0
1970-01-01 00:00:01.875918018,1.8759180180000001,0.0,0.0,0.0,0.0,84.26047,0.0,0.0,0.0,-1.5707964,0.0
1970-01-01 00:00:01.876788049,1.876788049,0.0,118.65444,0.0,0.0,0.0,0.0,0.0,0.0,-1.5707964,0.0
1970-01-01 00:00:01.877336666,1.8773366660000002,0.0,0.0,0.0,0.0,106.95664,0.0,0.0,0.0,-1.5707964,0.0
1970-01-01 00:00:01.877497404,1.877497404,0.0,0.0,0.0,0.0,95.43724,0.0,0.0,0.0,-1.5707964,0.0
1970-01-01 00:00:01.877787107,1.877787107,0.0,0.0,0.0,80.656494,0.0,0.0,0.0,0.0,-1.5707964,0.0
1970-01-01 00:00:01.878054278,1.878054278,0.0,0.0,0.0,0.0,91.34389,0.0,0.0,0.0,-1.5707964,0.0
1970-01-01 00:00:01.878244964,1.8782449639999999,0.0,0.0,0.0,0.0,145.85556,0.0,0.0,0.0,-1.5707964,0.0
1970-01-01 00:00:01.878395254,1.878395254,0.0,126.3305,0.0,0.0,0.0,0.0,0.0,0.0,-1.5707964,0.0
1970-01-01 00:00:01.878545898,1.878545898,87.9216,0.0,0.0,0.0,0.0,0.0,0.0,0.0,-1.5707964,0.0
1970-01-01 00:00:01.878880220,1.87888022,0.0,0.0,0.0,89.17308,0.0,0.0,0.0,0.0,-1.5707964,0.0
1970-01-01 00:00:01.879632802,1.8796328020000002,0.0,0.0,0.0,0.0,106.046234,0.0,0.0,0.0,-1.5707964,0.0
1970-01-01 00:00:01.879757058,1.879757058,0.0,102.04485,0.0,0.0,0.0,0.0,0.0,0.0,-1.5707964,0.0
1970-01-01 00:00:01.880539409,1.880539409,0.0,191.2136,0.0,0.0,0.0,0.0,0.0,0.0,-1.5707964,0.0
1970-01-01 00:00:01.880643164,1.8806431639999999,0.0,0.0,0.0,0.0,91.56457,0.0,0.0,0.0,-1.5707964,0.0
1970-01-01 00:00:01.881391458,1.881391458,140.31514,0.0,0.0,0.0,0.0,0.0,0.0,0.0,-1.5707964,0.0
1970-01-01 00:00:01.881458796,1.881458796,176.00064,0.0,0.0,0.0,0.0,0.0,0.0,0.0,-1.5707964,0.0
1970-01-01 00:00:01.882538573,1.8825385730000002,134.0634,0.0,0.0,0.0,0.0,0.0,0.0,0.0,-1.5707964,0.0
1970-01-01 00:00:01.883673089,1.883673089,0.0,112.61001,0.0,0.0,0.0,0.0,0.0,0.0,-1.5707964,0.0
1970-01-01 00:00:01.883969683,1.8839696830000001,0.0,217.77464,0.0,0.0,0.0,0.0,0.0,0.0,-1.5707964,0.0
1970-01-01 00:00:01.884028757,1.884028757,0.0,84.5982,0.0,0.0,0.0,0.0,0.0,0.0,-1.5707964,0.0
1970-01-01 00:00:01.885091198,1.885091198,254.86122,0.0,0.0,0.0,0.0,0.0,0.0,0.0,-1.5707964,0.0
1970-01-01 00:00:01.885332302,1.8853323020000001,0.0,0.0,0.0,0.0,129.029,0.0,0.0,0.0,-1.5707964,0.0
1970-01-01 00:00:01.885486448,1.885486448,0.0,0.0,0.0,0.0,133.28589,0.0,0.0,0.0,-1.5707964,0.0
1970-01-01 00:00:01.885757413,1.8857574129999999,0.0,0.0,0.0,0.0,109.11592,0.0,0.0,0.0,-1.5707964,0.0
1970-01-01 00:00:01.886157628,1.8861576279999999,0.0,91.34205,0.0,0.0,0.0,0.0,0.0,0.0,-1.5707964,0.0
1970-01-01 00:00:01.886544484,1.8865444839999999,0.0,207.36218,0.0,0.0,0.0,0.0,0.0,0.0,-1.5707964,0.0
1970-01-01 00:00:01.887050013,1.887050013,0.0,0.0,0.0,137.88596,0.0,0.0,0.0,0.0,-1.5707964,0.0
1970-01-01 00:00:01.888012632,1.8880126320000001,0.0,191.89453,0.0,0.0,0.0,0.0,0.0,0.0,-1.5707964,0.0
1970-01-01 00:00:01.888832993,1.8888329929999998,178.64163,0.0,0.0,0.0,0.0,0.0,0.0,0.0,-1.5707964,0.0
1970-01-01 00:00:01.889700213,1.889700213,167.30515,0.0,0.0,0.0,0.0,0.0,0.0,0.0,-1.5707964,0.0
1970-01-01 00:00:01.889823090,1.8898230900000001,0.0,0.0,0.0,0.0,172.55502,0.0,0.0,0.0,-1.5707964,0.0
1970-01-01 00:00:01.889910063,1.8899100629999999,0.0,111.46336,0.0,0.0,0.0,0.0,0.0,0.0,-1.5707964,0.0
1970-01-01 00:00:01.890667630,1.89066763,229.51382,0.0,0.0,0.0,0.0,0.0,0.0,0.0,-1.5707964,0.0
1970-01-01 00:00:01.890687013,1.890687013,0.0,199.97208,0.0,0.0,0.0,0.0,0.0,0.0,-1.5707964,0.0
1970-01-01 00:00:01.892038662,1.892038662,0.0,130.28238,0.0,0.0,0.0,0.0,0.0,0.0,-1.5707964,0.0
1970-01-01 00:00:01.892046824,1.892046824,0.0,0.0,0.0,104.76337,0.0,0.0,0.0,0.0,-1.5707964,0.0
1970-01-01 00:00:01.892759549,1.892759549,0.0,145.52483,0.0,0.0,0.0,0.0,0.0,0.0,-1.5707964,0.0
1970-01-01 00:00:01.893632207,1.893632207,0.0,0.0,0.0,0.0,154.86108,0.0,0.0,0.0,-1.5707964,0.0
1970-01-01 00:00:01.895370875,1.895370875,0.0,0.0,0.0,116.513,0.0,0.0,0.0,0.0,-1.5707964,0.0
1970-01-01 00:00:01.895537325,1.895537325,0.0,0.0,0.0,102.21728,0.0,0.0,0.0,0.0,-1.5707964,0.0
1970-01-01 00:00:01.895640318,1.8956403179999999,0.0,110.07036,0.0,0.0,0.0,0.0,0.0,0.0,-1.5707964,0.0
1970-01-01 00:00:01.895666473,1.895666473,104.88005,0.0,0.0,0.0,0.0,0.0,0.0,0.0,-1.5707964,0.0
1970-01-01 00:00:01.895961307,1.8959613069999999,0.0,109.55699,0.0,0.0,0.0,0.0,0.0,0.0,-1.5707964,0.0
1970-01-01 00:00:01.896628941,1.896628941,0.0,0.0,398.72995,0.0,0.0,0.0,0.0,0.0,-1.5707964,0.0
1970-01-01 00:00:01.898203566,1.8982035659999998,0.0,0.0,0.0,146.13086,0.0,0.0,0.0,0.0,-1.5707964,0.0
1970-01-01 00:00:01.898921178,1.8989211780000002,0.0,0.0,0.0,0.0,156.32655,0.0,0.0,0.0,-1.5707964,0.0
1970-01-01 00:00:01.899043665,1.899043665,0.0,0.0,0.0,0.0,90.51649,0.0,0.0,0.0,-1.5707964,0.0
1970-01-01 00:00:01.900287628,1.900287628,136.95197,0.0,0.0,0.0,0.0,0.0,0.0,0.0,-1.5707964,0.0
1970-01-01 00:00:01.900605458,1.900605458,0.0,0.0,0.0,0.0,233.9701,0.0,0.0,0.0,-1.5707964,0.0
1970-01-01 00:00:01.900807818,1.900807818,0.0,94.057495,0.0,0.0,0.0,0.0,0.0,0.0,-1.5707964,0.0
1970-01-01 00:00:01.901227916,1.9012279159999999,0.0,126.59742,0.0,0.0,0.0,0.0,0.0,0.0,-1.5707964,0.0
1970-01-01 00:00:01.901323334,1.901323334,0.0,0.0,0.0,0.0,0.0,188.22003,0.0,0.0,-1.5707964,0.0
1970-01-01 00:00:01.901597932,1.901597932,224.86761,0.0,0.0,0.0,0.0,0.0,0.0,0.0,-1.5707964,0.0
1970-01-01 00:00:01.902096701,1.902096701,0.0,0.0,0.0,0.0,93.35864,0.0,0.0,0.0,-1.5707964,0.0
1970-01-01 00:00:01.902350964,1.902350964,0.0,218.92978,0.0,0.0,0.0,0.0,0.0,0.0,-1.5707964,0.0
1970-01-01 00:00:01.902477248,1.9024772479999998,120.11271,0.0,0.0,0.0,0.0,0.0,0.0,0.0,-1.5707964,0.0
1970-01-01 00:00:01.902511569,1.902511569,0.0,347.08276,0.0,0.0,0.0,0.0,0.0,0.0,-1.5707964,0.0
1970-01-01 00:00:01.902669872,1.9026698720000002,0.0,0.0,0.0,0.0,89.45502,0.0,0.0,0.0,-1.5707964,0.0
1970-01-01 00:00:01.903574397,1.9035743969999999,0.0,0.0,0.0,0.0,117.759834,0.0,0.0,0.0,-1.5707964,0.0
1970-01-01 00:00:01.904639011,1.904639011,93.77341,0.0,0.0,0.0,0.0,0.0,0.0,0.0,-1.5707964,0.0
1970-01-01 00:00:01.904667348,1.904667348,0.0,97.65577,0.0,0.0,0.0,0.0,0.0,0.0,-1.5707964,0.0
1970-01-01 00:00:01.904864457,1.904864457,103.88979,0.0,0.0,0.0,0.0,0.0,0.0,0.0,-1.5707964,0.0
1970-01-01 00:00:01.904936545,1.904936545,174.54385,0.0,0.0,0.0,0.0,0.0,0.0,0.0,-1.5707964,0.0
1970-01-01 00:00:01.904978915,1.904978915,0.0,107.548164,0.0,0.0,0.0,0.0,0.0,0.0,-1.5707964,0.0
1970-01-01 00:00:01.905126996,1.905126996,0.0,237.98044,0.0,0.0,0.0,0.0,0.0,0.0,-1.5707964,0.0
1970-01-01 00:00:01.905223178,1.905223178,0.0,120.358116,0.0,0.0,0.0,0.0,0.0,0.0,-1.5707964,0.0
1970-01-01 00:00:01.905512776,1.9055127760000001,0.0,113.91953,0.0,0.0,0.0,0.0,0.0,0.0,-1.5707964,0.0
1970-01-01 00:00:01.905762499,1.9057624990000002,0.0,0.0,0.0,0.0,160.52509,0.0,0.0,0.0,-1.5707964,0.0
1970-01-01 00:00:01.906536689,1.906536689,0.0,98.13073,0.0,0.0,0.0,0.0,0.0,0.0,-1.5707964,0.0
1970-01-01 00:00:01.906690819,1.906690819,0.0,0.0,0.0,115.13194,0.0,0.0,0.0,0.0,-1.5707964,0.0
1970-01-01 00:00:01.906734928,1.906734928,0.0,0.0,0.0,0.0,93.96228,0.0,0.0,0.0,-1.5707964,0.0
1970-01-01 00:00:01.907706374,1.907706374,0.0,0.0,0.0,0.0,128.90717,0.0,0.0,0.0,-1.5707964,0.0
1970-01-01 00:00:01.908723909,1.9087239089999999,0.0,0.0,0.0,0.0,140.76535,0.0,0.0,0.0,-1.5707964,0.0
1970-01-01 00:00:01.908788951,1.908788951,125.58006,0.0,0.0,0.0,0.0,0.0,0.0,0.0,-1.5707964,0.0
1970-01-01 00:00:01.909054041,1.909054041,0.0,212.17761,0.0,0.0,0.0,0.0,0.0,0.0,-1.5707964,0.0
1970-01-01 00:00:01.909414495,1.909414495,0.0,125.273964,0.0,0.0,0.0,0.0,0.0,0.0,-1.5707964,0.0
1970-01-01 00:00:01.909420878,1.9094208780000002,0.0,0.0,0.0,107.673164,0.0,0.0,0.0,0.0,-1.5707964,0.0
1970-01-01 00:00:01.910201175,1.910201175,0.0,0.0,0.0,0.0,178.97786,0.0,0.0,0.0,-1.5707964,0.0
1970-01-01 00:00:01.911237806,1.911237806,0.0,0.0,0.0,0.0,0.0,326.71335,0.0,0.0,-1.5707964,0.0
1970-01-01 00:00:01.912390690,1.91239069,0.0,121.1052,0.0,0.0,0.0,0.0,0.0,0.0,-1.5707964,0.0
1970-01-01 00:00:01.912614402,1.912614402,0.0,0.0,0.0,0.0,138.9629,0.0,0.0,0.0,-1.5707964,0.0
1970-01-01 00:00:01.912741114,1.9127411140000001,0.0,162.95126,0.0,0.0,0.0,0.0,0.0,0.0,-1.5707964,0.0
1970-01-01 00:00:01.915222860,1.91522286,0.0,0.0,0.0,0.0,107.75248,0.0,0.0,0.0,-1.5707964,0.0
1970-01-01 00:00:01.916712248,1.916712248,0.0,0.0,0.0,0.0,100.53313,0.0,0.0,0.0,-1.5707964,0.0
1970-01-01 00:00:01.916829441,1.916829441,177.25441,0.0,0.0,0.0,0.0,0.0,0.0,0.0,-1.5707964,0.0
1970-01-01 00:00:01.917438896,1.917438896,118.38971,0.0,0.0,0.0,0.0,0.0,0.0,0.0,-1.5707964,0.0
1970-01-01 00:00:01.917525845,1.9175258450000001,0.0,174.4277,0.0,0.0,0.0,0.0,0.0,0.0,-1.5707964,0.0
1970-01-01 00:00:01.917660247,1.9176602470000002,0.0,196.66101,0.0,0.0,0.0,0.0,0.0,0.0,-1.5707964,0.0
1970-01-01 00:00:01.917982526,1.9179825259999999,0.0,0.0,0.0,164.35379,0.0,0.0,0.0,0.0,-1.5707964,0.0
1970-01-01 00:00:01.918180923,1.918180923,0.0,101.66276,0.0,0.0,0.0,0.0,0.0,0.0,-1.5707964,0.0
1970-01-01 00:00:01.918523697,1.918523697,0.0,0.0,0.0,0.0,122.45559,0.0,0.0,0.0,-1.5707964,0.0
1970-01-01 00:00:01.919694871,1.919694871,146.15889,0.0,0.0,0.0,0.0,0.0,0.0,0.0,-1.5707964,0.0
1970-01-01 00:00:01.919762764,1.9197627640000001,0.0,101.93256,0.0,0.0,0.0,0.0,0.0,0.0,-1.5707964,0.0
1970-01-01 00:00:01.921124094,1.921124094,0.0,0.0,0.0,0.0,357.47333,0.0,0.0,0.0,-1.5707964,0.0
1970-01-01 00:00:01.922641846,1.9226418459999999,0.0,0.0,0.0,0.0,116.47946,0.0,0.0,0.0,-1.5707964,0.0
1970-01-01 00:00:01.922979279,1.922979279,0.0,0.0,0.0,0.0,82.5358,0.0,0.0,0.0,-1.5707964,0.0
1970-01-01 00:00:01.923674344,1.9236743440000001,0.0,166.22783,0.0,0.0,0.0,0.0,0.0,0.0,-1.5707964,0.0
1970-01-01 00:00:01.923720921,1.9237209210000001,108.274155,0.0,0.0,0.0,0.0,0.0,0.0,0.0,-1.5707964,0.0
1970-01-01 00:00:01.923827665,1.9238276650000001,0.0,116.4821,0.0,0.0,0.0,0.0,0.0,0.0,-1.5707964,0.0
1970-01-01 00:00:01.923974709,1.923974709,0.0,0.0,0.0,0.0,0.0,84.140144,0.0,0.0,-1.5707964,0.0
1970-01-01 00:00:01.924366146,1.924366146,0.0,100.57943,0.0,0.0,0.0,0.0,0.0,0.0,-1.5707964,0.0
1970-01-01 00:00:01.924766699,1.924766699,0.0,0.0,0.0,139.76112,0.0,0.0,0.0,0.0,-1.5707964,0.0
1970-01-01 00:00:01.925303168,1.9253031680000001,0.0,0.0,0.0,0.0,143.24304,0.0,0.0,0.0,-1.5707964,0.0
1970-01-01 00:00:01.925890692,1.9258906919999998,0.0,0.0,0.0,0.0,209.54823,0.0,0.0,0.0,-1.5707964,0.0
1970-01-01 00:00:01.926307969,1.926307969,0.0,83.59875,0.0,0.0,0.0,0.0,0.0,0.0,-1.5707964,0.0
1970-01-01 00:00:01.926377722,1.926377722,0.0,82.69076,0.0,0.0,0.0,0.0,0.0,0.0,-1.5707964,0.0
1970-01-01 00:00:01.926462435,1.926462435,0.0,0.0,0.0,0.0,144.07552,0.0,0.0,0.0,-1.5707964,0.0
1970-01-01 00:00:01.927117434,1.927117434,98.875984,0.0,0.0,0.0,0.0,0.0,0.0,0.0,-1.5707964,0.0
1970-01-01 00:00:01.927543720,1.92754372,0.0,0.0,0.0,0.0,0.0,104.29931,0.0,0.0,-1.5707964,0.0
1970-01-01 00:00:01.928085582,1.928085582,0.0,80.08818,0.0,0.0,0.0,0.0,0.0,0.0,-1.5707964,0.0
1970-01-01 00:00:01.929239956,1.929239956,0.0,0.0,0.0,115.01953,0.0,0.0,0.0,0.0,-1.5707964,0.0
1970-01-01 00:00:01.929377087,1.929377087,0.0,80.71179,0.0,0.0,0.0,0.0,0.0,0.0,-1.5707964,0.0
1970-01-01 00:00:01.930153205,1.9301532049999999,0.0,0.0,0.0,0.0,83.5068,0.0,0.0,0.0,-1.5707964,0.0
1970-01-01 00:00:01.930246639,1.930246639,0.0,0.0,0.0,0.0,109.502655,0.0,0.0,0.0,-1.5707964,0.0
1970-01-01 00:00:01.930594720,1.93059472,0.0,0.0,0.0,0.0,141.26537,0.0,0.0,0.0,-1.5707964,0.0
1970-01-01 00:00:01.930880342,1.930880342,0.0,0.0,0.0,177.8716,0.0,0.0,0.0,0.0,-1.5707964,0.0
1970-01-01 00:00:01.931021871,1.931021871,0.0,120.133064,0.0,0.0,0.0,0.0,0.0,0.0,-1.5707964,0.0
1970-01-01 00:00:01.932549091,1.932549091,328.89212,0.0,0.0,0.0,0.0,0.0,0.0,0.0,-1.5707964,0.0
1970-01-01 00:00:01.932684062,1.9326840619999999,0.0,0.0,0.0,0.0,188.21704,0.0,0.0,0.0,-1.5707964,0.0
1970-01-01 00:00:01.932728526,1.932728526,156.16264,0.0,0.0,0.0,0.0,0.0,0.0,0.0,-1.5707964,0.0
1970-01-01 00:00:01.933262541,1.933262541,0.0,0.0,0.0,0.0,122.81935,0.0,0.0,0.0,-1.5707964,0.0
1970-01-01 00:00:01.933389330,1.93338933,0.0,228.3334,0.0,0.0,0.0,0.0,0.0,0.0,-1.5707964,0.0
1970-01-01 00:00:01.933581937,1.933581937,0.0,375.99408,0.0,0.0,0.0,0.0,0.0,0.0,-1.5707964,0.0
1970-01-01 00:00:01.933891108,1.933891108,0.0,0.0,0.0,0.0,379.6367,0.0,0.0,0.0,-1.5707964,0.0
1970-01-01 00:00:01.934015173,1.9340151730000001,0.0,206.45248,0.0,0.0,0.0,0.0,0.0,0.0,-1.5707964,0.0
1970-01-01 00:00:01.934244104,1.934244104,0.0,0.0,0.0,0.0,100.69884,0.0,0.0,0.0,-1.5707964,0.0
1970-01-01 00:00:01.935718045,1.935718045,0.0,0.0,0.0,236.99911,0.0,0.0,0.0,0.0,-1.5707964,0.0
1970-01-01 00:00:01.936288821,1.936288821,103.1672,0.0,0.0,0.0,0.0,0.0,0.0,0.0,-1.5707964,0.0
1970-01-01 00:00:01.937953394,1.937953394,0.0,0.0,0.0,0.0,0.0,240.99716,0.0,0.0,-1.5707964,0.0
1970-01-01 00:00:01.938509905,1.938509905,0.0,162.89703,0.0,0.0,0.0,0.0,0.0,0.0,-1.5707964,0.0
1970-01-01 00:00:01.939279889,1.939279889,0.0,0.0,0.0,0.0,204.21834,0.0,0.0,0.0,-1.5707964,0.0
1970-01-01 00:00:01.939600965,1.939600965,0.0,0.0,119.55517,0.0,0.0,0.0,0.0,0.0,-1.5707964,0.0
1970-01-01 00:00:01.940699494,1.940699494,0.0,0.0,0.0,85.80075,0.0,0.0,0.0,0.0,-1.5707964,0.0
1970-01-01 00:00:01.940828285,1.940828285,0.0,0.0,0.0,237.41795,0.0,0.0,0.0,0.0,-1.5707964,0.0
1970-01-01 00:00:01.940929315,1.940929315,95.673256,0.0,0.0,0.0,0.0,0.0,0.0,0.0,-1.5707964,0.0
1970-01-01 00:00:01.940948218,1.940948218,0.0,170.23386,0.0,0.0,0.0,0.0,0.0,0.0,-1.5707964,0.0
1970-01-01 00:00:01.941194421,1.941194421,0.0,0.0,0.0,0.0,108.834465,0.0,0.0,0.0,-1.5707964,0.0
1970-01-01 00:00:01.941986774,1.941986774,0.0,0.0,220.1944,0.0,0.0,0.0,0.0,0.0,-1.5707964,0.0
1970-01-01 00:00:01.942131562,1.9421315620000001,0.0,0.0,0.0,0.0,84.697044,0.0,0.0,0.0,-1.5707964,0.0
1970-01-01 00:00:01.942219083,1.942219083,0.0,93.32376,0.0,0.0,0.0,0.0,0.0,0.0,-1.5707964,0.0
1970-01-01 00:00:01.942505605,1.942505605,0.0,0.0,0.0,169.52301,0.0,0.0,0.0,0.0,-1.5707964,0.0
1970-01-01 00:00:01.943925833,1.943925833,0.0,187.87674,0.0,0.0,0.0,0.0,0.0,0.0,-1.5707964,0.0
1970-01-01 00:00:01.944571141,1.944571141,0.0,86.617485,0.0,0.0,0.0,0.0,0.0,0.0,-1.5707964,0.0
1970-01-01 00:00:01.944692308,1.944692308,0.0,110.251915,0.0,0.0,0.0,0.0,0.0,0.0,-1.5707964,0.0
1970-01-01 00:00:01.945209202,1.945209202,0.0,260.70453,0.0,0.0,0.0,0.0,0.0,0.0,-1.5707964,0.0
1970-01-01 00:00:01.945279036,1.945279036,0.0,0.0,0.0,86.956245,0.0,0.0,0.0,0.0,-1.5707964,0.0
1970-01-01 00:00:01.945357343,1.945357343,0.0,0.0,0.0,0.0,328.238,0.0,0.0,0.0,-1.5707964,0.0
1970-01-01 00:00:01.945766544,1.945766544,107.07294,0.0,0.0,0.0,0.0,0.0,0.0,0.0,-1.5707964,0.0
1970-01-01 00:00:01.945899405,1.945899405,87.98301,0.0,0.0,0.0,0.0,0.0,0.0,0.0,-1.5707964,0.0
1970-01-01 00:00:01.946118856,1.946118856,0.0,0.0,0.0,158.15433,0.0,0.0,0.0,0.0,-1.5707964,0.0
1970-01-01 00:00:01.948183813,1.948183813,0.0,0.0,0.0,0.0,214.62743,0.0,0.0,0.0,-1.5707964,0.0
1970-01-01 00:00:01.948431894,1.948431894,0.0,126.40232,0.0,0.0,0.0,0.0,0.0,0.0,-1.5707964,0.0
1970-01-01 00:00:01.948586978,1.948586978,0.0,88.04399,0.0,0.0,0.0,0.0,0.0,0.0,-1.5707964,0.0
1970-01-01 00:00:01.949268267,1.9492682669999999,0.0,103.271194,0.0,0.0,0.0,0.0,0.0,0.0,-1.5707964,0.0
1970-01-01 00:00:01.949396049,1.949396049,0.0,210.1365,0.0,0.0,0.0,0.0,0.0,0.0,-1.5707964,0.0
1970-01-01 00:00:01.950446633,1.9504466329999999,0.0,147.36322,0.0,0.0,0.0,0.0,0.0,0.0,-1.5707964,0.0
1970-01-01 00:00:01.950831694,1.9508316940000001,0.0,0.0,0.0,84.74218,0.0,0.0,0.0,0.0,-1.5707964,0.0
1970-01-01 00:00:01.951543472,1.951543472,0.0,0.0,0.0,0.0,210.08073,0.0,0.0,0.0,-1.5707964,0.0
1970-01-01 00:00:01.951586454,1.951586454,100.48788,0.0,0.0,0.0,0.0,0.0,0.0,0.0,-1.5707964,0.0
1970-01-01 00:00:01.951761200,1.9517612,0.0,0.0,0.0,0.0,107.821014,0.0,0.0,0.0,-1.5707964,0.0
1970-01-01 00:00:01.953210673,1.953210673,98.28822,0.0,0.0,0.0,0.0,0.0,0.0,0.0,-1.5707964,0.0
1970-01-01 00:00:01.953558747,1.953558747,0.0,90.555305,0.0,0.0,0.0,0.0,0.0,0.0,-1.5707964,0.0
1970-01-01 00:00:01.953608974,1.953608974,0.0,0.0,0.0,0.0,140.80612,0.0,0.0,0.0,-1.5707964,0.0
1970-01-01 00:00:01.953663102,1.9536631020000002,132.27144,0.0,0.0,0.0,0.0,0.0,0.0,0.0,-1.5707964,0.0
1970-01-01 00:00:01.955885146,1.955885146,254.95894,0.0,0.0,0.0,0.0,0.0,0.0,0.0,-1.5707964,0.0
1970-01-01 00:00:01.956004480,1.95600448,130.79326,0.0,0.0,0.0,0.0,0.0,0.0,0.0,-1.5707964,0.0
1970-01-01 00:00:01.956341950,1.95634195,0.0,203.0395,0.0,0.0,0.0,0.0,0.0,0.0,-1.5707964,0.0
1970-01-01 00:00:01.956605802,1.956605802,0.0,107.65145,0.0,0.0,0.0,0.0,0.0,0.0,-1.5707964,0.0
1970-01-01 00:00:01.957405437,1.957405437,0.0,94.37596,0.0,0.0,0.0,0.0,0.0,0.0,-1.5707964,0.0
1970-01-01 00:00:01.958315807,1.958315807,0.0,101.75884,0.0,0.0,0.0,0.0,0.0,0.0,-1.5707964,0.0
1970-01-01 00:00:01.959240011,1.959240011,0.0,0.0,0.0,0.0,80.450745,0.0,0.0,0.0,-1.5707964,0.0
1970-01-01 00:00:01.959799796,1.959799796,0.0,139.73555,0.0,0.0,0.0,0.0,0.0,0.0,-1.5707964,0.0
1970-01-01 00:00:01.960483891,1.960483891,0.0,0.0,0.0,0.0,91.53392,0.0,0.0,0.0,-1.5707964,0.0
1970-01-01 00:00:01.963291994,1.963291994,0.0,87.30359,0.0,0.0,0.0,0.0,0.0,0.0,-1.5707964,0.0
1970-01-01 00:00:01.963851681,1.963851681,0.0,0.0,0.0,0.0,83.777794,0.0,0.0,0.0,-1.5707964,0.0
1970-01-01 00:00:01.963926459,1.963926459,0.0,119.269516,0.0,0.0,0.0,0.0,0.0,0.0,-1.5707964,0.0
1970-01-01 00:00:01.963970994,1.9639709939999999,0.0,0.0,0.0,0.0,248.71771,0.0,0.0,0.0,-1.5707964,0.0
1970-01-01 00:00:01.964568654,1.964568654,0.0,0.0,0.0,129.16083,0.0,0.0,0.0,0.0,-1.5707964,0.0
1970-01-01 00:00:01.965802109,1.965802109,198.24992,0.0,0.0,0.0,0.0,0.0,0.0,0.0,-1.5707964,0.0
1970-01-01 00:00:01.966330447,1.966330447,230.92673,0.0,0.0,0.0,0.0,0.0,0.0,0.0,-1.5707964,0.0
1970-01-01 00:00:01.967073106,1.967073106,0.0,0.0,0.0,0.0,87.469215,0.0,0.0,0.0,-1.5707964,0.0
1970-01-01 00:00:01.967299711,1.967299711,213.71603,0.0,0.0,0.0,0.0,0.0,0.0,0.0,-1.5707964,0.0
1970-01-01 00:00:01.967405645,1.967405645,81.36644,0.0,0.0,0.0,0.0,0.0,0.0,0.0,-1.5707964,0.0
1970-01-01 00:00:01.967662798,1.967662798,88.02865,0.0,0.0,0.0,0.0,0.0,0.0,0.0,-1.5707964,0.0
1970-01-01 00:00:01.968660582,1.968660582,0.0,0.0,0.0,0.0,217.96431,0.0,0.0,0.0,-1.5707964,0.0
1970-01-01 00:00:01.969218109,1.969218109,0.0,201.42102,0.0,0.0,0.0,0.0,0.0,0.0,-1.5707964,0.0
1970-01-01 00:00:01.969722989,1.969722989,0.0,0.0,0.0,133.32639,0.0,0.0,0.0,0.0,-1.5707964,0.0
1970-01-01 00:00:01.969986931,1.969986931,325.7547,0.0,0.0,0.0,0.0,0.0,0.0,0.0,-1.5707964,0.0
1970-01-01 00:00:01.970076762,1.9700767620000001,0.0,0.0,0.0,0.0,142.52496,0.0,0.0,0.0,-1.5707964,0.0
1970-01-01 00:00:01.970126864,1.970126864,0.0,0.0,0.0,84.541016,0.0,0.0,0.0,0.0,-1.5707964,0.0
1970-01-01 00:00:01.970167858,1.970167858,0.0,112.1144,0.0,0.0,0.0,0.0,0.0,0.0,-1.5707964,0.0
1970-01-01 00:00:01.970223580,1.9702235799999999,0.0,82.694016,0.0,0.0,0.0,0.0,0.0,0.0,-1.5707964,0.0
1970-01-01 00:00:01.970810636,1.970810636,0.0,0.0,0.0,0.0,0.0,163.17119,0.0,0.0,-1.5707964,0.0
1970-01-01 00:00:01.971074843,1.971074843,0.0,201.7921,0.0,0.0,0.0,0.0,0.0,0.0,-1.5707964,0.0
1970-01-01 00:00:01.971346123,1.971346123,0.0,182.40579,0.0,0.0,0.0,0.0,0.0,0.0,-1.5707964,0.0
1970-01-01 00:00:01.972037210,1.9720372099999999,114.936874,0.0,0.0,0.0,0.0,0.0,0.0,0.0,-1.5707964,0.0
1970-01-01 00:00:01.972365640,1.97236564,114.843704,0.0,0.0,0.0,0.0,0.0,0.0,0.0,-1.5707964,0.0
1970-01-01 00:00:01.973112244,1.973112244,0.0,243.63152,0.0,0.0,0.0,0.0,0.0,0.0,-1.5707964,0.0
1970-01-01 00:00:01.974970805,1.9749708049999999,219.39583,0.0,0.0,0.0,0.0,0.0,0.0,0.0,-1.5707964,0.0
1970-01-01 00:00:01.975057955,1.975057955,0.0,0.0,0.0,143.07217,0.0,0.0,0.0,0.0,-1.5707964,0.0
1970-01-01 00:00:01.975230671,1.975230671,0.0,124.05093,0.0,0.0,0.0,0.0,0.0,0.0,-1.5707964,0.0
1970-01-01 00:00:01.975652409,1.975652409,0.0,97.99888,0.0,0.0,0.0,0.0,0.0,0.0,-1.5707964,0.0
1970-01-01 00:00:01.975809185,1.9758091850000001,0.0,147.04053,0.0,0.0,0.0,0.0,0.0,0.0,-1.5707964,0.0
1970-01-01 00:00:01.976475470,1.97647547,0.0,0.0,0.0,105.41614,0.0,0.0,0.0,0.0,-1.5707964,0.0
1970-01-01 00:00:01.976663575,1.976663575,0.0,0.0,0.0,0.0,278.31604,0.0,0.0,0.0,-1.5707964,0.0
1970-01-01 00:00:01.979124828,1.979124828,0.0,0.0,0.0,151.42001,0.0,0.0,0.0,0.0,-1.5707964,0.0
1970-01-01 00:00:01.980009997,1.980009997,0.0,0.0,0.0,0.0,173.21506,0.0,0.0,0.0,-1.5707964,0.0
1970-01-01 00:00:01.980083415,1.980083415,0.0,0.0,0.0,0.0,0.0,153.6907,0.0,0.0,-1.5707964,0.0
1970-01-01 00:00:01.980699245,1.980699245,0.0,365.5764,0.0,0.0,0.0,0.0,0.0,0.0,-1.5707964,0.0
1970-01-01 00:00:01.980812738,1.980812738,293.3282,0.0,0.0,0.0,0.0,0.0,0.0,0.0,-1.5707964,0.0
1970-01-01 00:00:01.981112233,1.981112233,0.0,0.0,85.14107,0.0,0.0,0.0,0.0,0.0,-1.5707964,0.0
1970-01-01 00:00:01.982475607,1.982475607,0.0,0.0,0.0,109.05808,0.0,0.0,0.0,0.0,-1.5707964,0.0
1970-01-01 00:00:01.982641011,1.9826410110000001,0.0,162.11168,0.0,0.0,0.0,0.0,0.0,0.0,-1.5707964,0.0
1970-01-01 00:00:01.982931530,1.98293153,0.0,297.48795,0.0,0.0,0.0,0.0,0.0,0.0,-1.5707964,0.0
1970-01-01 00:00:01.983121216,1.983121216,120.01534,0.0,0.0,0.0,0.0,0.0,0.0,0.0,-1.5707964,0.0
1970-01-01 00:00:01.984261072,1.984261072,0.0,0.0,0.0,0.0,126.52227,0.0,0.0,0.0,-1.5707964,0.0
1970-01-01 00:00:01.984545418,1.984545418,0.0,0.0,0.0,0.0,168.14496,0.0,0.0,0.0,-1.5707964,0.0
1970-01-01 00:00:01.984729308,1.984729308,0.0,139.37753,0.0,0.0,0.0,0.0,0.0,0.0,-1.5707964,0.0
1970-01-01 00:00:01.985667411,1.985667411,0.0,174.84033,0.0,0.0,0.0,0.0,0.0,0.0,-1.5707964,0.0
1970-01-01 00:00:01.987953817,1.987953817,0.0,0.0,0.0,0.0,333.95898,0.0,0.0,0.0,-1.5707964,0.0
1970-01-01 00:00:01.990708915,1.990708915,0.0,0.0,0.0,0.0,140.84732,0.0,0.0,0.0,-1.5707964,0.0
1970-01-01 00:00:01.991025272,1.991025272,0.0,164.56937,0.0,0.0,0.0,0.0,0.0,0.0,-1.5707964,0.0
1970-01-01 00:00:01.991842365,1.9918423650000001,0.0,123.22744,0.0,0.0,0.0,0.0,0.0,0.0,-1.5707964,0.0
1970-01-01 00:00:01.991918592,1.991918592,0.0,0.0,0.0,80.53815,0.0,0.0,0.0,0.0,-1.5707964,0.0
1970-01-01 00:00:01.992381728,1.992381728,0.0,0.0,0.0,0.0,99.303505,0.0,0.0,0.0,-1.5707964,0.0
1970-01-01 00:00:01.992621362,1.992621362,0.0,82.64145,0.0,0.0,0.0,0.0,0.0,0.0,-1.5707964,0.0
1970-01-01 00:00:01.995114906,1.995114906,0.0,93.74245,0.0,0.0,0.0,0.0,0.0,0.0,-1.5707964,0.0
1970-01-01 00:00:01.995946031,1.995946031,0.0,155.44626,0.0,0.0,0.0,0.0,0.0,0.0,-1.5707964,0.0
1970-01-01 00:00:01.996692006,1.996692006,0.0,104.84268,0.0,0.0,0.0,0.0,0.0,0.0,-1.5707964,0.0
1970-01-01 00:00:01.997214922,1.997214922,0.0,0.0,0.0,110.88727,0.0,0.0,0.0,0.0,-1.5707964,0.0
1970-01-01 00:00:01.997458024,1.9974580240000002,0.0,0.0,0.0,0.0,408.68884,0.0,0.0,0.0,-1.5707964,0.0
1970-01-01 00:00:01.998302206,1.998302206,0.0,93.97156,0.0,0.0,0.0,0.0,0.0,0.0,-1.5707964,0.0
1970-01-01 00:00:01.998497788,1.9984977879999999,0.0,0.0,0.0,117.23877,0.0,0.0,0.0,0.0,-1.5707964,0.0
1970-01-01 00:00:01.999471677,1.9994716769999998,0.0,150.34148,0.0,0.0,0.0,0.0,0.0,0.0,-1.5707964,0.0
1970-01-01 00:00:02.000576034,2.000576034,0.0,0.0,0.0,85.985306,0.0,0.0,0.0,0.0,-1.5707964,0.0
1970-01-01 00:00:02.002109331,2.002109331,153.21542,0.0,0.0,0.0,0.0,0.0,0.0,0.0,-1.5707964,0.0
1970-01-01 00:00:02.002180307,2.002180307,0.0,0.0,0.0,143.84816,0.0,0.0,0.0,0.0,-1.5707964,0.0
1970-01-01 00:00:02.002362270,2.00236227,0.0,0.0,0.0,0.0,180.04318,0.0,0.0,0.0,-1.5707964,0.0
1970-01-01 00:00:02.003848271,2.003848271,140.19727,0.0,0.0,0.0,0.0,0.0,0.0,0.0,-1.5707964,0.0
1970-01-01 00:00:02.004637924,2.004637924,0.0,0.0,0.0,0.0,214.51605,0.0,0.0,0.0,-1.5707964,0.0
1970-01-01 00:00:02.006470100,2.0064701,0.0,0.0,0.0,0.0,0.0,120.06331,0.0,0.0,-1.5707964,0.0
1970-01-01 00:00:02.006569032,2.006569032,0.0,0.0,0.0,0.0,142.56252,0.0,0.0,0.0,-1.5707964,0.0
1970-01-01 00:00:02.008296576,2.008296576,0.0,100.3016,0.0,0.0,0.0,0.0,0.0,0.0,-1.5707964,0.0
1970-01-01 00:00:02.010001764,2.010001764,0.0,0.0,0.0,148.86685,0.0,0.0,0.0,0.0,-1.5707964,0.0
1970-01-01 00:00:02.010257755,2.010257755,0.0,180.48763,0.0,0.0,0.0,0.0,0.0,0.0,-1.5707964,0.0
1970-01-01 00:00:02.010620069,2.010620069,0.0,254.95438,0.0,0.0,0.0,0.0,0.0,0.0,-1.5707964,0.0
1970-01-01 00:00:02.012446652,2.012446652,0.0,546.6366,0.0,0.0,0.0,0.0,0.0,0.0,-1.5707964,0.0
1970-01-01 00:00:02.013691376,2.013691376,0.0,124.467384,0.0,0.0,0.0,0.0,0.0,0.0,-1.5707964,0.0
1970-01-01 00:00:02.013964781,2.013964781,0.0,0.0,0.0,0.0,321.034,0.0,0.0,0.0,-1.5707964,0.0
1970-01-01 00:00:02.016287729,2.016287729,0.0,0.0,0.0,0.0,142.05931,0.0,0.0,0.0,-1.5707964,0.0
1970-01-01 00:00:02.016306172,2.016306172,290.70316,0.0,0.0,0.0,0.0,0.0,0.0,0.0,-1.5707964,0.0
1970-01-01 00:00:02.016871389,2.016871389,0.0,149.13405,0.0,0.0,0.0,0.0,0.0,0.0,-1.5707964,0.0
1970-01-01 00:00:02.017741804,2.017741804,0.0,0.0,0.0,93.99827,0.0,0.0,0.0,0.0,-1.5707964,0.0
1970-01-01 00:00:02.017932874,2.017932874,0.0,82.96296,0.0,0.0,0.0,0.0,0.0,0.0,-1.5707964,0.0
1970-01-01 00:00:02.019126692,2.019126692,0.0,0.0,0.0,0.0,122.11094,0.0,0.0,0.0,-1.5707964,0.0
1970-01-01 00:00:02.020128734,2.020128734,0.0,87.74805,0.0,0.0,0.0,0.0,0.0,0.0,-1.5707964,0.0
1970-01-01 00:00:02.021453445,2.021453445,0.0,0.0,0.0,124.4211,0.0,0.0,0.0,0.0,-1.5707964,0.0
1970-01-01 00:00:02.023481069,2.023481069,0.0,0.0,0.0,91.61647,0.0,0.0,0.0,0.0,-1.5707964,0.0
1970-01-01 00:00:02.028274307,2.028274307,0.0,0.0,0.0,188.75732,0.0,0.0,0.0,0.0,-1.5707964,0.0
1970-01-01 00:00:02.028837354,2.028837354,0.0,81.613815,0.0,0.0,0.0,0.0,0.0,0.0,-1.5707964,0.0
1970-01-01 00:00:02.029169896,2.029169896,0.0,134.80753,0.0,0.0,0.0,0.0,0.0,0.0,-1.5707964,0.0
1970-01-01 00:00:02.029395357,2.029395357,157.71864,0.0,0.0,0.0,0.0,0.0,0.0,0.0,-1.5707964,0.0
1970-01-01 00:00:02.029885598,2.029885598,0.0,0.0,0.0,80.59854,0.0,0.0,0.0,0.0,-1.5707964,0.0
1970-01-01 00:00:02.030027391,2.030027391,0.0,0.0,0.0,0.0,405.27563,0.0,0.0,0.0,-1.5707964,0.0
1970-01-01 00:00:02.030871819,2.030871819,296.75354,0.0,0.0,0.0,0.0,0.0,0.0,0.0,-1.5707964,0.0
1970-01-01 00:00:02.033026074,2.033026074,0.0,0.0,0.0,121.655174,0.0,0.0,0.0,0.0,-1.5707964,0.0
1970-01-01 00:00:02.033735613,2.033735613,0.0,82.63802,0.0,0.0,0.0,0.0,0.0,0.0,-1.5707964,0.0
1970-01-01 00:00:02.034230664,2.034230664,0.0,0.0,0.0,126.35715,0.0,0.0,0.0,0.0,-1.5707964,0.0
1970-01-01 00:00:02.034599900,2.0345999,0.0,0.0,0.0,101.47612,0.0,0.0,0.0,0.0,-1.5707964,0.0
1970-01-01 00:00:02.034813307,2.034813307,0.0,162.29515,0.0,0.0,0.0,0.0,0.0,0.0,-1.5707964,0.0
1970-01-01 00:00:02.034871689,2.034871689,0.0,0.0,0.0,95.135445,0.0,0.0,0.0,0.0,-1.5707964,0.0
1970-01-01 00:00:02.035904402,2.035904402,0.0,175.26074,0.0,0.0,0.0,0.0,0.0,0.0,-1.5707964,0.0
1970-01-01 00:00:02.036260825,2.036260825,0.0,0.0,0.0,127.66028,0.0,0.0,0.0,0.0,-1.5707964,0.0
1970-01-01 00:00:02.037255512,2.037255512,0.0,115.31883,0.0,0.0,0.0,0.0,0.0,0.0,-1.5707964,0.0
1970-01-01 00:00:02.037426229,2.037426229,0.0,0.0,0.0,120.950806,0.0,0.0,0.0,0.0,-1.5707964,0.0
1970-01-01 00:00:02.037750362,2.037750362,0.0,0.0,0.0,112.925995,0.0,0.0,0.0,0.0,-1.5707964,0.0
1970-01-01 00:00:02.037948289,2.037948289,0.0,171.69612,0.0,0.0,0.0,0.0,0.0,0.0,-1.5707964,0.0
1970-01-01 00:00:02.037960546,2.037960546,0.0,0.0,0.0,0.0,84.43167,0.0,0.0,0.0,-1.5707964,0.0
1970-01-01 00:00:02.038779092,2.038779092,178.88072,0.0,0.0,0.0,0.0,0.0,0.0,0.0,-1.5707964,0.0
1970-01-01 00:00:02.039297788,2.039297788,0.0,171.77007,0.0,0.0,0.0,0.0,0.0,0.0,-1.5707964,0.0
1970-01-01 00:00:02.039644572,2.039644572,0.0,153.99869,0.0,0.0,0.0,0.0,0.0,0.0,-1.5707964,0.0
1970-01-01 00:00:02.041041609,2.041041609,0.0,0.0,0.0,0.0,158.77483,0.0,0.0,0.0,-1.5707964,0.0
1970-01-01 00:00:02.041906100,2.0419061,0.0,0.0,0.0,113.91595,0.0,0.0,0.0,0.0,-1.5707964,0.0
1970-01-01 00:00:02.043086384,2.043086384,0.0,0.0,0.0,0.0,91.76412,0.0,0.0,0.0,-1.5707964,0.0
1970-01-01 00:00:02.044229640,2.04422964,0.0,0.0,0.0,0.0,200.45105,0.0,0.0,0.0,-1.5707964,0.0
1970-01-01 00:00:02.044512498,2.044512498,0.0,81.226425,0.0,0.0,0.0,0.0,0.0,0.0,-1.5707964,0.0
1970-01-01 00:00:02.044948264,2.044948264,0.0,0.0,0.0,0.0,178.7001,0.0,0.0,0.0,-1.5707964,0.0
1970-01-01 00:00:02.047314227,2.047314227,0.0,0.0,0.0,0.0,88.18595,0.0,0.0,0.0,-1.5707964,0.0
1970-01-01 00:00:02.047670885,2.047670885,0.0,0.0,0.0,0.0,0.0,85.72484,0.0,0.0,-1.5707964,0.0
1970-01-01 00:00:02.049013410,2.04901341,0.0,0.0,0.0,168.4484,0.0,0.0,0.0,0.0,-1.5707964,0.0
1970-01-01 00:00:02.049904828,2.049904828,0.0,0.0,0.0,0.0,283.5907,0.0,0.0,0.0,-1.5707964,0.0
1970-01-01 00:00:02.051412244,2.051412244,0.0,171.96997,0.0,0.0,0.0,0.0,0.0,0.0,-1.5707964,0.0
1970-01-01 00:00:02.052172213,2.052172213,0.0,0.0,0.0,0.0,138.96223,0.0,0.0,0.0,-1.5707964,0.0
1970-01-01 00:00:02.052384750,2.05238475,0.0,0.0,0.0,0.0,355.34906,0.0,0.0,0.0,-1.5707964,0.0
1970-01-01 00:00:02.053744358,2.053744358,271.4405,0.0,0.0,0.0,0.0,0.0,0.0,0.0,-1.5707964,0.0
1970-01-01 00:00:02.055305371,2.055305371,180.30591,0.0,0.0,0.0,0.0,0.0,0.0,0.0,-1.5707964,0.0
1970-01-01 00:00:02.056511465,2.056511465,0.0,314.62457,0.0,0.0,0.0,0.0,0.0,0.0,-1.5707964,0.0
1970-01-01 00:00:02.057430914,2.057430914,239.97278,0.0,0.0,0.0,0.0,0.0,0.0,0.0,-1.5707964,0.0
1970-01-01 00:00:02.057517010,2.05751701,90.2938,0.0,0.0,0.0,0.0,0.0,0.0,0.0,-1.5707964,0.0
1970-01-01 00:00:02.057938885,2.057938885,0.0,120.90997,0.0,0.0,0.0,0.0,0.0,0.0,-1.5707964,0.0
1970-01-01 00:00:02.058528404,2.058528404,297.22723,0.0,0.0,0.0,0.0,0.0,0.0,0.0,-1.5707964,0.0
1970-01-01 00:00:02.058896794,2.058896794,0.0,0.0,0.0,0.0,0.0,168.56142,0.0,0.0,-1.5707964,0.0
1970-01-01 00:00:02.059119873,2.059119873,0.0,87.491516,0.0,0.0,0.0,0.0,0.0,0.0,-1.5707964,0.0
1970-01-01 00:00:02.059629099,2.059629099,0.0,92.8611,0.0,0.0,0.0,0.0,0.0,0.0,-1.5707964,0.0
1970-01-01 00:00:02.060033099,2.060033099,0.0,0.0,0.0,0.0,0.0,278.22885,0.0,0.0,-1.5707964,0.0
1970-01-01 00:00:02.061962572,2.061962572,0.0,0.0,0.0,219.15132,0.0,0.0,0.0,0.0,-1.5707964,0.0
1970-01-01 00:00:02.062819499,2.062819499,0.0,0.0,0.0,0.0,82.453865,0.0,0.0,0.0,-1.5707964,0.0
1970-01-01 00:00:02.063102892,2.063102893,0.0,0.0,0.0,0.0,120.011635,0.0,0.0,0.0,-1.5707964,0.0
1970-01-01 00:00:02.063521030,2.06352103,0.0,0.0,0.0,0.0,0.0,277.4852,0.0,0.0,-1.5707964,0.0
1970-01-01 00:00:02.064630025,2.064630026,109.78472,0.0,0.0,0.0,0.0,0.0,0.0,0.0,-1.5707964,0.0
1970-01-01 00:00:02.065289768,2.065289768,0.0,140.06122,0.0,0.0,0.0,0.0,0.0,0.0,-1.5707964,0.0
1970-01-01 00:00:02.065554808,2.065554808,119.97506,0.0,0.0,0.0,0.0,0.0,0.0,0.0,-1.5707964,0.0
1970-01-01 00:00:02.066584704,2.066584705,0.0,84.41582,0.0,0.0,0.0,0.0,0.0,0.0,-1.5707964,0.0
1970-01-01 00:00:02.066820436,2.066820436,0.0,99.34333,0.0,0.0,0.0,0.0,0.0,0.0,-1.5707964,0.0
1970-01-01 00:00:02.067881818,2.067881818,0.0,0.0,0.0,0.0,146.29852,0.0,0.0,0.0,-1.5707964,0.0
1970-01-01 00:00:02.069531992,2.069531992,0.0,0.0,0.0,0.0,136.2963,0.0,0.0,0.0,-1.5707964,0.0
1970-01-01 00:00:02.070461304,2.070461304,455.0676,0.0,0.0,0.0,0.0,0.0,0.0,0.0,-1.5707964,0.0
1970-01-01 00:00:02.071016961,2.071016961,0.0,0.0,0.0,0.0,106.77857,0.0,0.0,0.0,-1.5707964,0.0
1970-01-01 00:00:02.071028591,2.071028591,134.43678,0.0,0.0,0.0,0.0,0.0,0.0,0.0,-1.5707964,0.0
1970-01-01 00:00:02.071566350,2.07156635,0.0,0.0,0.0,155.2305,0.0,0.0,0.0,0.0,-1.5707964,0.0
1970-01-01 00:00:02.072300872,2.072300872,0.0,0.0,0.0,0.0,188.08319,0.0,0.0,0.0,-1.5707964,0.0
1970-01-01 00:00:02.073273399,2.073273399,112.97765,0.0,0.0,0.0,0.0,0.0,0.0,0.0,-1.5707964,0.0
1970-01-01 00:00:02.074024579,2.074024579,148.02927,0.0,0.0,0.0,0.0,0.0,0.0,0.0,-1.5707964,0.0
1970-01-01 00:00:02.074156535,2.074156535,0.0,155.71915,0.0,0.0,0.0,0.0,0.0,0.0,-1.5707964,0.0
1970-01-01 00:00:02.074247237,2.074247237,0.0,0.0,0.0,0.0,116.69821,0.0,0.0,0.0,-1.5707964,0.0
1970-01-01 00:00:02.078804152,2.078804152,481.3556,0.0,0.0,0.0,0.0,0.0,0.0,0.0,-1.5707964,0.0
1970-01-01 00:00:02.079312224,2.079312224,0.0,256.8663,0.0,0.0,0.0,0.0,0.0,0.0,-1.5707964,0.0
1970-01-01 00:00:02.079367167,2.079367167,0.0,0.0,0.0,116.333565,0.0,0.0,0.0,0.0,-1.5707964,0.0
1970-01-01 00:00:02.081526051,2.081526051,0.0,87.234276,0.0,0.0,0.0,0.0,0.0,0.0,-1.5707964,0.0
1970-01-01 00:00:02.081917863,2.081917863,0.0,0.0,0.0,0.0,94.10936,0.0,0.0,0.0,-1.5707964,0.0
1970-01-01 00:00:02.083381504,2.083381504,0.0,132.48193,0.0,0.0,0.0,0.0,0.0,0.0,-1.5707964,0.0
1970-01-01 00:00:02.083910496,2.083910496,87.67629,0.0,0.0,0.0,0.0,0.0,0.0,0.0,-1.5707964,0.0
1970-01-01 00:00:02.087715567,2.087715567,0.0,200.262,0.0,0.0,0.0,0.0,0.0,0.0,-1.5707964,0.0
1970-01-01 00:00:02.089741963,2.089741963,0.0,152.1415,0.0,0.0,0.0,0.0,0.0,0.0,-1.5707964,0.0
1970-01-01 00:00:02.089946573,2.089946573,164.42043,0.0,0.0,0.0,0.0,0.0,0.0,0.0,-1.5707964,0.0
1970-01-01 00:00:02.090084352,2.090084352,0.0,250.78426,0.0,0.0,0.0,0.0,0.0,0.0,-1.5707964,0.0
1970-01-01 00:00:02.091941188,2.091941188,0.0,0.0,0.0,0.0,483.67688,0.0,0.0,0.0,-1.5707964,0.0
1970-01-01 00:00:02.093597616,2.093597616,0.0,0.0,0.0,217.81721,0.0,0.0,0.0,0.0,-1.5707964,0.0
1970-01-01 00:00:02.094247265,2.094247265,0.0,276.80167,0.0,0.0,0.0,0.0,0.0,0.0,-1.5707964,0.0
1970-01-01 00:00:02.095467414,2.095467414,0.0,170.90532,0.0,0.0,0.0,0.0,0.0,0.0,-1.5707964,0.0
1970-01-01 00:00:02.095507317,2.095507317,0.0,0.0,0.0,128.90596,0.0,0.0,0.0,0.0,-1.5707964,0.0
1970-01-01 00:00:02.095611145,2.095611145,0.0,178.08815,0.0,0.0,0.0,0.0,0.0,0.0,-1.5707964,0.0
1970-01-01 00:00:02.096399514,2.096399514,0.0,0.0,0.0,0.0,0.0,143.99622,0.0,0.0,-1.5707964,0.0
1970-01-01 00:00:02.097152458,2.097152458,0.0,115.49415,0.0,0.0,0.0,0.0,0.0,0.0,-1.5707964,0.0
1970-01-01 00:00:02.099792218,2.099792218,0.0,0.0,0.0,130.13132,0.0,0.0,0.0,0.0,-1.5707964,0.0
1970-01-01 00:00:02.099875741,2.099875741,222.03178,0.0,0.0,0.0,0.0,0.0,0.0,0.0,-1.5707964,0.0
1970-01-01 00:00:02.100523595,2.100523595,0.0,0.0,0.0,0.0,139.6352,0.0,0.0,0.0,-1.5707964,0.0
1970-01-01 00:00:02.101978056,2.101978056,0.0,100.85653,0.0,0.0,0.0,0.0,0.0,0.0,-1.5707964,0.0
1970-01-01 00:00:02.102639662,2.102639662,0.0,0.0,0.0,0.0,232.46873,0.0,0.0,0.0,-1.5707964,0.0
1970-01-01 00:00:02.103899873,2.103899873,0.0,0.0,0.0,0.0,111.42371,0.0,0.0,0.0,-1.5707964,0.0
1970-01-01 00:00:02.104268695,2.104268695,0.0,0.0,0.0,0.0,118.122505,0.0,0.0,0.0,-1.5707964,0.0
1970-01-01 00:00:02.104856654,2.1048566539999998,0.0,0.0,0.0,81.48281,0.0,0.0,0.0,0.0,-1.5707964,0.0
1970-01-01 00:00:02.105628129,2.105628129,0.0,0.0,0.0,112.47258,0.0,0.0,0.0,0.0,-1.5707964,0.0
1970-01-01 00:00:02.106038179,2.106038179,111.19073,0.0,0.0,0.0,0.0,0.0,0.0,0.0,-1.5707964,0.0
1970-01-01 00:00:02.107097599,2.107097599,103.02713,0.0,0.0,0.0,0.0,0.0,0.0,0.0,-1.5707964,0.0
1970-01-01 00:00:02.107185860,2.10718586,0.0,134.01076,0.0,0.0,0.0,0.0,0.0,0.0,-1.5707964,0.0
1970-01-01 00:00:02.107808311,2.107808311,0.0,416.22208,0.0,0.0,0.0,0.0,0.0,0.0,-1.5707964,0.0
1970-01-01 00:00:02.107999977,2.107999977,0.0,373.24753,0.0,0.0,0.0,0.0,0.0,0.0,-1.5707964,0.0
1970-01-01 00:00:02.108297429,2.108297429,0.0,0.0,0.0,87.937164,0.0,0.0,0.0,0.0,-1.5707964,0.0
1970-01-01 00:00:02.110509827,2.110509827,0.0,0.0,0.0,0.0,0.0,85.15108,0.0,0.0,-1.5707964,0.0
1970-01-01 00:00:02.110601261,2.1106012610000002,0.0,0.0,0.0,0.0,109.402,0.0,0.0,0.0,-1.5707964,0.0
1970-01-01 00:00:02.111732460,2.11173246,0.0,82.46237,0.0,0.0,0.0,0.0,0.0,0.0,-1.5707964,0.0
1970-01-01 00:00:02.112971047,2.112971047,184.00655,0.0,0.0,0.0,0.0,0.0,0.0,0.0,-1.5707964,0.0
1970-01-01 00:00:02.113179374,2.113179374,80.66257,0.0,0.0,0.0,0.0,0.0,0.0,0.0,-1.5707964,0.0
1970-01-01 00:00:02.114437989,2.114437989,371.93985,0.0,0.0,0.0,0.0,0.0,0.0,0.0,-1.5707964,0.0
1970-01-01 00:00:02.114831448,2.114831448,0.0,0.0,0.0,0.0,0.0,319.34512,0.0,0.0,-1.5707964,0.0
1970-01-01 00:00:02.115035102,2.1150351020000002,0.0,105.96332,0.0,0.0,0.0,0.0,0.0,0.0,-1.5707964,0.0
1970-01-01 00:00:02.115180029,2.115180029,98.39703,0.0,0.0,0.0,0.0,0.0,0.0,0.0,-1.5707964,0.0
1970-01-01 00:00:02.116111110,2.11611111,0.0,90.311615,0.0,0.0,0.0,0.0,0.0,0.0,-1.5707964,0.0
1970-01-01 00:00:02.116429205,2.116429205,0.0,0.0,0.0,0.0,131.03093,0.0,0.0,0.0,-1.5707964,0.0
1970-01-01 00:00:02.117137464,2.117137464,0.0,0.0,0.0,148.25204,0.0,0.0,0.0,0.0,-1.5707964,0.0
1970-01-01 00:00:02.117627123,2.117627123,0.0,197.99306,0.0,0.0,0.0,0.0,0.0,0.0,-1.5707964,0.0
1970-01-01 00:00:02.117638762,2.117638762,136.57645,0.0,0.0,0.0,0.0,0.0,0.0,0.0,-1.5707964,0.0
1970-01-01 00:00:02.118229797,2.118229797,0.0,0.0,0.0,0.0,152.5203,0.0,0.0,0.0,-1.5707964,0.0
1970-01-01 00:00:02.119365891,2.119365891,0.0,0.0,0.0,110.07584,0.0,0.0,0.0,0.0,-1.5707964,0.0
1970-01-01 00:00:02.122895579,2.122895579,0.0,0.0,108.9651,0.0,0.0,0.0,0.0,0.0,-1.5707964,0.0
1970-01-01 00:00:02.122901227,2.122901227,0.0,102.561035,0.0,0.0,0.0,0.0,0.0,0.0,-1.5707964,0.0
1970-01-01 00:00:02.123582042,2.123582042,0.0,86.30978,0.0,0.0,0.0,0.0,0.0,0.0,-1.5707964,0.0
1970-01-01 00:00:02.125775414,2.125775414,0.0,0.0,0.0,0.0,147.67674,0.0,0.0,0.0,-1.5707964,0.0
1970-01-01 00:00:02.126183522,2.126183523,0.0,0.0,0.0,0.0,177.55078,0.0,0.0,0.0,-1.5707964,0.0
1970-01-01 00:00:02.127362105,2.127362105,0.0,282.91733,0.0,0.0,0.0,0.0,0.0,0.0,-1.5707964,0.0
1970-01-01 00:00:02.127404081,2.127404081,0.0,172.28671,0.0,0.0,0.0,0.0,0.0,0.0,-1.5707964,0.0
1970-01-01 00:00:02.128027896,2.128027896,0.0,184.44302,0.0,0.0,0.0,0.0,0.0,0.0,-1.5707964,0.0
1970-01-01 00:00:02.128034987,2.128034988,0.0,0.0,0.0,108.5384,0.0,0.0,0.0,0.0,-1.5707964,0.0
1970-01-01 00:00:02.128316242,2.128316242,0.0,0.0,0.0,170.05936,0.0,0.0,0.0,0.0,-1.5707964,0.0
1970-01-01 00:00:02.129354829,2.129354829,0.0,89.39658,0.0,0.0,0.0,0.0,0.0,0.0,-1.5707964,0.0
1970-01-01 00:00:02.129377134,2.129377134,0.0,107.87265,0.0,0.0,0.0,0.0,0.0,0.0,-1.5707964,0.0
1970-01-01 00:00:02.130199706,2.130199706,0.0,233.37737,0.0,0.0,0.0,0.0,0.0,0.0,-1.5707964,0.0
1970-01-01 00:00:02.130556361,2.130556361,0.0,0.0,0.0,0.0,0.0,249.23955,0.0,0.0,-1.5707964,0.0
1970-01-01 00:00:02.130892134,2.1308921339999998,0.0,124.38147,0.0,0.0,0.0,0.0,0.0,0.0,-1.5707964,0.0
1970-01-01 00:00:02.131995666,2.131995666,0.0,113.03561,0.0,0.0,0.0,0.0,0.0,0.0,-1.5707964,0.0
1970-01-01 00:00:02.132509930,2.13250993,0.0,0.0,0.0,284.7806,0.0,0.0,0.0,0.0,-1.5707964,0.0
1970-01-01 00:00:02.132996934,2.132996934,0.0,202.08414,0.0,0.0,0.0,0.0,0.0,0.0,-1.5707964,0.0
1970-01-01 00:00:02.134535154,2.134535154,0.0,0.0,0.0,103.19554,0.0,0.0,0.0,0.0,-1.5707964,0.0
1970-01-01 00:00:02.137159795,2.137159795,265.92468,0.0,0.0,0.0,0.0,0.0,0.0,0.0,-1.5707964,0.0
1970-01-01 00:00:02.137263806,2.137263806,0.0,304.69543,0.0,0.0,0.0,0.0,0.0,0.0,-1.5707964,0.0
1970-01-01 00:00:02.137675313,2.137675313,0.0,220.78976,0.0,0.0,0.0,0.0,0.0,0.0,-1.5707964,0.0
1970-01-01 00:00:02.137829535,2.137829535,0.0,524.7493,0.0,0.0,0.0,0.0,0.0,0.0,-1.5707964,0.0
1970-01-01 00:00:02.138865649,2.138865649,0.0,0.0,0.0,0.0,99.58276,0.0,0.0,0.0,-1.5707964,0.0
1970-01-01 00:00:02.140592069,2.140592069,0.0,0.0,0.0,251.83296,0.0,0.0,0.0,0.0,-1.5707964,0.0
1970-01-01 00:00:02.142898153,2.142898153,154.88704,0.0,0.0,0.0,0.0,0.0,0.0,0.0,-1.5707964,0.0
1970-01-01 00:00:02.143241703,2.143241703,0.0,0.0,0.0,81.44707,0.0,0.0,0.0,0.0,-1.5707964,0.0
1970-01-01 00:00:02.145842760,2.14584276,0.0,149.83707,0.0,0.0,0.0,0.0,0.0,0.0,-1.5707964,0.0
1970-01-01 00:00:02.148327112,2.148327112,0.0,106.528625,0.0,0.0,0.0,0.0,0.0,0.0,-1.5707964,0.0
1970-01-01 00:00:02.149127703,2.149127703,0.0,169.3997,0.0,0.0,0.0,0.0,0.0,0.0,-1.5707964,0.0
1970-01-01 00:00:02.151247821,2.151247821,0.0,153.82655,0.0,0.0,0.0,0.0,0.0,0.0,-1.5707964,0.0
1970-01-01 00:00:02.151546998,2.151546998,0.0,0.0,0.0,0.0,110.783356,0.0,0.0,0.0,-1.5707964,0.0
1970-01-01 00:00:02.152588562,2.152588562,0.0,0.0,0.0,0.0,91.84432,0.0,0.0,0.0,-1.5707964,0.0
1970-01-01 00:00:02.155248909,2.155248909,101.02376,0.0,0.0,0.0,0.0,0.0,0.0,0.0,-1.5707964,0.0
1970-01-01 00:00:02.157644505,2.157644505,0.0,0.0,0.0,0.0,178.8438,0.0,0.0,0.0,-1.5707964,0.0
1970-01-01 00:00:02.160008350,2.16000835,0.0,0.0,0.0,0.0,191.13916,0.0,0.0,0.0,-1.5707964,0.0
1970-01-01 00:00:02.160734613,2.160734613,0.0,0.0,0.0,0.0,134.06055,0.0,0.0,0.0,-1.5707964,0.0
1970-01-01 00:00:02.164843914,2.164843914,0.0,101.13071,0.0,0.0,0.0,0.0,0.0,0.0,-1.5707964,0.0
1970-01-01 00:00:02.165691346,2.165691346,0.0,0.0,0.0,329.2026,0.0,0.0,0.0,0.0,-1.5707964,0.0
1970-01-01 00:00:02.168317813,2.168317813,0.0,183.3542,0.0,0.0,0.0,0.0,0.0,0.0,-1.5707964,0.0
1970-01-01 00:00:02.168558377,2.168558377,0.0,0.0,0.0,0.0,95.9007,0.0,0.0,0.0,-1.5707964,0.0
1970-01-01 00:00:02.171251764,2.171251764,0.0,90.90041,0.0,0.0,0.0,0.0,0.0,0.0,-1.5707964,0.0
1970-01-01 00:00:02.177297370,2.17729737,0.0,0.0,0.0,0.0,162.21167,0.0,0.0,0.0,-1.5707964,0.0
1970-01-01 00:00:02.185011830,2.18501183,0.0,0.0,0.0,0.0,117.86355,0.0,0.0,0.0,-1.5707964,0.0
1970-01-01 00:00:02.191860236,2.191860236,0.0,0.0,0.0,0.0,94.55029,0.0,0.0,0.0,-1.5707964,0.0
1970-01-01 00:00:02.192367290,2.19236729,0.0,117.221794,0.0,0.0,0.0,0.0,0.0,0.0,-1.5707964,0.0
1970-01-01 00:00:02.195476997,2.195476997,0.0,0.0,0.0,208.6914,0.0,0.0,0.0,0.0,-1.5707964,0.0
1970-01-01 00:00:02.199749498,2.199749498,0.0,0.0,0.0,0.0,0.0,111.49098,0.0,0.0,-1.5707964,0.0
1970-01-01 00:00:02.199781210,2.19978121,0.0,219.25795,0.0,0.0,0.0,0.0,0.0,0.0,-1.5707964,0.0
1970-01-01 00:00:02.200933210,2.20093321,0.0,96.53128,0.0,0.0,0.0,0.0,0.0,0.0,-1.5707964,0.0
1970-01-01 00:00:02.201373601,2.2013736010000002,0.0,0.0,0.0,0.0,0.0,230.57913,0.0,0.0,-1.5707964,0.0
1970-01-01 00:00:02.201639364,2.201639364,0.0,0.0,0.0,245.72507,0.0,0.0,0.0,0.0,-1.5707964,0.0
1970-01-01 00:00:02.201644356,2.201644356,0.0,80.63183,0.0,0.0,0.0,0.0,0.0,0.0,-1.5707964,0.0
1970-01-01 00:00:02.202054533,2.202054533,0.0,0.0,0.0,0.0,246.57126,0.0,0.0,0.0,-1.5707964,0.0
1970-01-01 00:00:02.205093158,2.205093158,0.0,148.67621,0.0,0.0,0.0,0.0,0.0,0.0,-1.5707964,0.0
1970-01-01 00:00:02.209623903,2.209623903,0.0,94.59939,0.0,0.0,0.0,0.0,0.0,0.0,-1.5707964,0.0
1970-01-01 00:00:02.209796637,2.209796637,0.0,0.0,0.0,0.0,140.05005,0.0,0.0,0.0,-1.5707964,0.0
1970-01-01 00:00:02.210837879,2.210837879,0.0,138.15546,0.0,0.0,0.0,0.0,0.0,0.0,-1.5707964,0.0
1970-01-01 00:00:02.211765054,2.211765054,0.0,150.16882,0.0,0.0,0.0,0.0,0.0,0.0,-1.5707964,0.0
1970-01-01 00:00:02.212185741,2.212185741,0.0,0.0,0.0,0.0,157.02182,0.0,0.0,0.0,-1.5707964,0.0
1970-01-01 00:00:02.212702489,2.2127024889999998,0.0,0.0,0.0,107.542786,0.0,0.0,0.0,0.0,-1.5707964,0.0
1970-01-01 00:00:02.212763090,2.21276309,0.0,121.889114,0.0,0.0,0.0,0.0,0.0,0.0,-1.5707964,0.0
1970-01-01 00:00:02.213164573,2.213164573,0.0,0.0,0.0,202.56639,0.0,0.0,0.0,0.0,-1.5707964,0.0
1970-01-01 00:00:02.213982849,2.213982849,0.0,109.30562,0.0,0.0,0.0,0.0,0.0,0.0,-1.5707964,0.0
1970-01-01 00:00:02.214714291,2.214714291,0.0,108.804565,0.0,0.0,0.0,0.0,0.0,0.0,-1.5707964,0.0
1970-01-01 00:00:02.214762778,2.214762778,0.0,0.0,0.0,0.0,313.10052,0.0,0.0,0.0,-1.5707964,0.0
1970-01-01 00:00:02.216315528,2.216315528,0.0,0.0,0.0,0.0,101.700905,0.0,0.0,0.0,-1.5707964,0.0
1970-01-01 00:00:02.216888995,2.216888995,0.0,0.0,0.0,0.0,0.0,94.39512,0.0,0.0,-1.5707964,0.0
1970-01-01 00:00:02.217626907,2.217626907,0.0,0.0,0.0,120.30947,0.0,0.0,0.0,0.0,-1.5707964,0.0
1970-01-01 00:00:02.217825684,2.217825684,0.0,0.0,0.0,224.45311,0.0,0.0,0.0,0.0,-1.5707964,0.0
1970-01-01 00:00:02.218652229,2.218652229,0.0,215.08772,0.0,0.0,0.0,0.0,0.0,0.0,-1.5707964,0.0
1970-01-01 00:00:02.218780721,2.218780721,0.0,111.04068,0.0,0.0,0.0,0.0,0.0,0.0,-1.5707964,0.0
1970-01-01 00:00:02.219002906,2.219002906,0.0,0.0,0.0,86.70149,0.0,0.0,0.0,0.0,-1.5707964,0.0
1970-01-01 00:00:02.219311627,2.219311627,0.0,212.34045,0.0,0.0,0.0,0.0,0.0,0.0,-1.5707964,0.0
1970-01-01 00:00:02.220470065,2.2204700649999998,0.0,204.9231,0.0,0.0,0.0,0.0,0.0,0.0,-1.5707964,0.0
1970-01-01 00:00:02.220560155,2.220560155,0.0,0.0,0.0,0.0,0.0,312.84235,0.0,0.0,-1.5707964,0.0
1970-01-01 00:00:02.221328384,2.221328384,0.0,216.98145,0.0,0.0,0.0,0.0,0.0,0.0,-1.5707964,0.0
1970-01-01 00:00:02.221914880,2.22191488,0.0,0.0,0.0,0.0,102.832634,0.0,0.0,0.0,-1.5707964,0.0
1970-01-01 00:00:02.228045192,2.228045192,0.0,0.0,0.0,0.0,112.34365,0.0,0.0,0.0,-1.5707964,0.0
1970-01-01 00:00:02.228382022,2.228382022,0.0,0.0,123.555046,0.0,0.0,0.0,0.0,0.0,-1.5707964,0.0
1970-01-01 00:00:02.230457369,2.230457369,130.20035,0.0,0.0,0.0,0.0,0.0,0.0,0.0,-1.5707964,0.0
1970-01-01 00:00:02.231203712,2.231203712,207.56837,0.0,0.0,0.0,0.0,0.0,0.0,0.0,-1.5707964,0.0
1970-01-01 00:00:02.231428505,2.2314285050000002,0.0,82.774445,0.0,0.0,0.0,0.0,0.0,0.0,-1.5707964,0.0
1970-01-01 00:00:02.231712218,2.231712218,85.76123,0.0,0.0,0.0,0.0,0.0,0.0,0.0,-1.5707964,0.0
1970-01-01 00:00:02.232515817,2.232515817,86.26515,0.0,0.0,0.0,0.0,0.0,0.0,0.0,-1.5707964,0.0
1970-01-01 00:00:02.232650518,2.232650518,0.0,110.60717,0.0,0.0,0.0,0.0,0.0,0.0,-1.5707964,0.0
1970-01-01 00:00:02.232745031,2.232745031,0.0,184.26251,0.0,0.0,0.0,0.0,0.0,0.0,-1.5707964,0.0
1970-01-01 00:00:02.233377350,2.23337735,181.41228,0.0,0.0,0.0,0.0,0.0,0.0,0.0,-1.5707964,0.0
1970-01-01 00:00:02.234686674,2.234686674,0.0,0.0,0.0,0.0,308.81494,0.0,0.0,0.0,-1.5707964,0.0
1970-01-01 00:00:02.234974040,2.23497404,0.0,0.0,0.0,0.0,127.516174,0.0,0.0,0.0,-1.5707964,0.0
1970-01-01 00:00:02.237751119,2.237751119,0.0,0.0,0.0,321.16183,0.0,0.0,0.0,0.0,-1.5707964,0.0
1970-01-01 00:00:02.237819438,2.237819438,0.0,85.748405,0.0,0.0,0.0,0.0,0.0,0.0,-1.5707964,0.0
1970-01-01 00:00:02.237860479,2.237860479,0.0,0.0,0.0,122.20488,0.0,0.0,0.0,0.0,-1.5707964,0.0
1970-01-01 00:00:02.238261543,2.238261543,0.0,0.0,0.0,0.0,113.27532,0.0,0.0,0.0,-1.5707964,0.0
1970-01-01 00:00:02.239701211,2.239701211,0.0,0.0,0.0,0.0,138.84067,0.0,0.0,0.0,-1.5707964,0.0
1970-01-01 00:00:02.240323304,2.240323304,0.0,0.0,0.0,0.0,137.64076,0.0,0.0,0.0,-1.5707964,0.0
1970-01-01 00:00:02.240535742,2.240535742,0.0,0.0,0.0,0.0,187.87892,0.0,0.0,0.0,-1.5707964,0.0
1970-01-01 00:00:02.243378767,2.243378767,0.0,130.12183,0.0,0.0,0.0,0.0,0.0,0.0,-1.5707964,0.0
1970-01-01 00:00:02.243501600,2.2435016,0.0,83.82909,0.0,0.0,0.0,0.0,0.0,0.0,-1.5707964,0.0
1970-01-01 00:00:02.244037132,2.244037132,0.0,0.0,0.0,95.99174,0.0,0.0,0.0,0.0,-1.5707964,0.0
1970-01-01 00:00:02.244193247,2.244193247,98.66186,0.0,0.0,0.0,0.0,0.0,0.0,0.0,-1.5707964,0.0
1970-01-01 00:00:02.245742563,2.245742563,0.0,126.95026,0.0,0.0,0.0,0.0,0.0,0.0,-1.5707964,0.0
1970-01-01 00:00:02.245756412,2.245756412,0.0,0.0,0.0,112.97647,0.0,0.0,0.0,0.0,-1.5707964,0.0
1970-01-01 00:00:02.245819274,2.245819274,0.0,114.11131,0.0,0.0,0.0,0.0,0.0,0.0,-1.5707964,0.0
1970-01-01 00:00:02.247050680,2.24705068,0.0,0.0,0.0,0.0,84.31834,0.0,0.0,0.0,-1.5707964,0.0
1970-01-01 00:00:02.247418523,2.247418523,0.0,135.38596,0.0,0.0,0.0,0.0,0.0,0.0,-1.5707964,0.0
1970-01-01 00:00:02.247800219,2.247800219,0.0,0.0,0.0,85.71935,0.0,0.0,0.0,0.0,-1.5707964,0.0
1970-01-01 00:00:02.248059573,2.248059573,0.0,80.38124,0.0,0.0,0.0,0.0,0.0,0.0,-1.5707964,0.0
1970-01-01 00:00:02.249056351,2.249056351,0.0,227.84033,0.0,0.0,0.0,0.0,0.0,0.0,-1.5707964,0.0
1970-01-01 00:00:02.249261459,2.249261459,0.0,148.35378,0.0,0.0,0.0,0.0,0.0,0.0,-1.5707964,0.0
1970-01-01 00:00:02.249344180,2.24934418,0.0,0.0,208.89836,0.0,0.0,0.0,0.0,0.0,-1.5707964,0.0
1970-01-01 00:00:02.250101460,2.2501014599999998,0.0,0.0,0.0,0.0,364.47162,0.0,0.0,0.0,-1.5707964,0.0
1970-01-01 00:00:02.252106280,2.25210628,0.0,84.505905,0.0,0.0,0.0,0.0,0.0,0.0,-1.5707964,0.0
1970-01-01 00:00:02.256996773,2.256996773,0.0,192.83498,0.0,0.0,0.0,0.0,0.0,0.0,-1.5707964,0.0
1970-01-01 00:00:02.260398342,2.2603983420000002,0.0,127.75553,0.0,0.0,0.0,0.0,0.0,0.0,-1.5707964,0.0
1970-01-01 00:00:02.261665727,2.261665727,0.0,146.28506,0.0,0.0,0.0,0.0,0.0,0.0,-1.5707964,0.0
1970-01-01 00:00:02.261880946,2.261880946,0.0,96.61994,0.0,0.0,0.0,0.0,0.0,0.0,-1.5707964,0.0
1970-01-01 00:00:02.266338179,2.266338179,0.0,0.0,0.0,0.0,116.033295,0.0,0.0,0.0,-1.5707964,0.0
1970-01-01 00:00:02.272112273,2.272112273,553.6864,0.0,0.0,0.0,0.0,0.0,0.0,0.0,-1.5707964,0.0
1970-01-01 00:00:02.273616646,2.273616646,0.0,0.0,0.0,122.794685,0.0,0.0,0.0,0.0,-1.5707964,0.0
1970-01-01 00:00:02.274676397,2.274676397,0.0,0.0,0.0,0.0,85.38446,0.0,0.0,0.0,-1.5707964,0.0
1970-01-01 00:00:02.278897029,2.278897029,0.0,0.0,0.0,0.0,186.40872,0.0,0.0,0.0,-1.5707964,0.0
1970-01-01 00:00:02.286234420,2.28623442,108.74581,0.0,0.0,0.0,0.0,0.0,0.0,0.0,-1.5707964,0.0
1970-01-01 00:00:02.287876279,2.287876279,0.0,0.0,0.0,93.47598,0.0,0.0,0.0,0.0,-1.5707964,0.0
1970-01-01 00:00:02.291693473,2.291693473,174.91318,0.0,0.0,0.0,0.0,0.0,0.0,0.0,-1.5707964,0.0
1970-01-01 00:00:02.295114378,2.295114378,0.0,0.0,0.0,119.70426,0.0,0.0,0.0,0.0,-1.5707964,0.0
1970-01-01 00:00:02.295772251,2.295772251,0.0,0.0,0.0,0.0,107.53664,0.0,0.0,0.0,-1.5707964,0.0
1970-01-01 00:00:02.298590180,2.29859018,173.8316,0.0,0.0,0.0,0.0,0.0,0.0,0.0,-1.5707964,0.0
1970-01-01 00:00:02.299430009,2.299430009,140.95233,0.0,0.0,0.0,0.0,0.0,0.0,0.0,-1.5707964,0.0
1970-01-01 00:00:02.300752689,2.300752689,0.0,0.0,0.0,0.0,90.00594,0.0,0.0,0.0,-1.5707964,0.0
1970-01-01 00:00:02.301744436,2.301744436,0.0,84.24548,0.0,0.0,0.0,0.0,0.0,0.0,-1.5707964,0.0
1970-01-01 00:00:02.302620581,2.302620581,0.0,101.89584,0.0,0.0,0.0,0.0,0.0,0.0,-1.5707964,0.0
1970-01-01 00:00:02.303584911,2.303584911,0.0,0.0,0.0,0.0,88.20842,0.0,0.0,0.0,-1.5707964,0.0
1970-01-01 00:00:02.304272692,2.304272692,0.0,0.0,0.0,0.0,94.02467,0.0,0.0,0.0,-1.5707964,0.0
1970-01-01 00:00:02.305918221,2.3059182209999998,0.0,0.0,172.5304,0.0,0.0,0.0,0.0,0.0,-1.5707964,0.0
1970-01-01 00:00:02.307837990,2.30783799,0.0,0.0,0.0,0.0,96.57524,0.0,0.0,0.0,-1.5707964,0.0
1970-01-01 00:00:02.310075593,2.310075593,0.0,0.0,0.0,0.0,333.91107,0.0,0.0,0.0,-1.5707964,0.0
1970-01-01 00:00:02.310251321,2.310251321,0.0,229.14478,0.0,0.0,0.0,0.0,0.0,0.0,-1.5707964,0.0
1970-01-01 00:00:02.310777817,2.310777817,0.0,0.0,0.0,0.0,180.29855,0.0,0.0,0.0,-1.5707964,0.0
1970-01-01 00:00:02.311422502,2.311422502,112.92236,0.0,0.0,0.0,0.0,0.0,0.0,0.0,-1.5707964,0.0
1970-01-01 00:00:02.311809838,2.311809838,0.0,0.0,0.0,0.0,103.75222,0.0,0.0,0.0,-1.5707964,0.0
1970-01-01 00:00:02.313050225,2.313050225,0.0,356.94998,0.0,0.0,0.0,0.0,0.0,0.0,-1.5707964,0.0
1970-01-01 00:00:02.316121367,2.316121367,0.0,80.39857,0.0,0.0,0.0,0.0,0.0,0.0,-1.5707964,0.0
1970-01-01 00:00:02.316242905,2.316242905,0.0,294.20438,0.0,0.0,0.0,0.0,0.0,0.0,-1.5707964,0.0
1970-01-01 00:00:02.320646716,2.320646716,0.0,0.0,0.0,80.14162,0.0,0.0,0.0,0.0,-1.5707964,0.0
1970-01-01 00:00:02.322395089,2.322395089,117.9064,0.0,0.0,0.0,0.0,0.0,0.0,0.0,-1.5707964,0.0
1970-01-01 00:00:02.350124071,2.3501240709999998,0.0,0.0,0.0,0.0,0.0,97.2756,0.0,0.0,-1.5707964,0.0
1970-01-01 00:00:02.350247164,2.3502471639999998,0.0,0.0,0.0,0.0,195.09084,0.0,0.0,0.0,-1.5707964,0.0
1970-01-01 00:00:02.355830481,2.355830481,0.0,131.25505,0.0,0.0,0.0,0.0,0.0,0.0,-1.5707964,0.0
1970-01-01 00:00:02.359518843,2.359518843,0.0,0.0,0.0,0.0,238.51865,0.0,0.0,0.0,-1.5707964,0.0
1970-01-01 00:00:02.360496776,2.360496776,0.0,0.0,0.0,0.0,0.0,171.41519,0.0,0.0,-1.5707964,0.0
1970-01-01 00:00:02.361334687,2.361334687,0.0,0.0,0.0,0.0,0.0,94.04132,0.0,0.0,-1.5707964,0.0
1970-01-01 00:00:02.363489221,2.363489221,0.0,165.4325,0.0,0.0,0.0,0.0,0.0,0.0,-1.5707964,0.0
1970-01-01 00:00:02.363797920,2.36379792,0.0,80.958824,0.0,0.0,0.0,0.0,0.0,0.0,-1.5707964,0.0
1970-01-01 00:00:02.364153613,2.364153613,0.0,350.96774,0.0,0.0,0.0,0.0,0.0,0.0,-1.5707964,0.0
1970-01-01 00:00:02.372627150,2.37262715,0.0,0.0,0.0,0.0,182.91986,0.0,0.0,0.0,-1.5707964,0.0
1970-01-01 00:00:02.373227593,2.373227593,0.0,0.0,0.0,155.81116,0.0,0.0,0.0,0.0,-1.5707964,0.0
1970-01-01 00:00:02.376198890,2.37619889,84.130196,0.0,0.0,0.0,0.0,0.0,0.0,0.0,-1.5707964,0.0
1970-01-01 00:00:02.376902999,2.376902999,186.71814,0.0,0.0,0.0,0.0,0.0,0.0,0.0,-1.5707964,0.0
1970-01-01 00:00:02.377877729,2.377877729,0.0,0.0,0.0,0.0,152.69312,0.0,0.0,0.0,-1.5707964,0.0
1970-01-01 00:00:02.379523677,2.379523677,0.0,0.0,0.0,241.00589,0.0,0.0,0.0,0.0,-1.5707964,0.0
1970-01-01 00:00:02.380215150,2.38021515,0.0,90.869385,0.0,0.0,0.0,0.0,0.0,0.0,-1.5707964,0.0
1970-01-01 00:00:02.382990618,2.382990618,0.0,144.58891,0.0,0.0,0.0,0.0,0.0,0.0,-1.5707964,0.0
1970-01-01 00:00:02.383175210,2.38317521,161.5159,0.0,0.0,0.0,0.0,0.0,0.0,0.0,-1.5707964,0.0
1970-01-01 00:00:02.384085530,2.38408553,0.0,122.15588,0.0,0.0,0.0,0.0,0.0,0.0,-1.5707964,0.0
1970-01-01 00:00:02.384869502,2.384869502,0.0,95.5589,0.0,0.0,0.0,0.0,0.0,0.0,-1.5707964,0.0
1970-01-01 00:00:02.384913914,2.384913914,80.219376,0.0,0.0,0.0,0.0,0.0,0.0,0.0,-1.5707964,0.0
1970-01-01 00:00:02.385312422,2.385312422,112.80256,0.0,0.0,0.0,0.0,0.0,0.0,0.0,-1.5707964,0.0
1970-01-01 00:00:02.385457032,2.385457032,0.0,0.0,0.0,0.0,81.60368,0.0,0.0,0.0,-1.5707964,0.0
1970-01-01 00:00:02.386624185,2.386624185,0.0,0.0,0.0,0.0,114.04736,0.0,0.0,0.0,-1.5707964,0.0
1970-01-01 00:00:02.387723335,2.387723335,0.0,0.0,0.0,126.063065,0.0,0.0,0.0,0.0,-1.5707964,0.0
1970-01-01 00:00:02.387762610,2.3877626100000002,0.0,137.42587,0.0,0.0,0.0,0.0,0.0,0.0,-1.5707964,0.0
1970-01-01 00:00:02.387786234,2.387786234,0.0,0.0,0.0,148.18065,0.0,0.0,0.0,0.0,-1.5707964,0.0
1970-01-01 00:00:02.392585411,2.3925854109999998,103.26201,0.0,0.0,0.0,0.0,0.0,0.0,0.0,-1.5707964,0.0
1970-01-01 00:00:02.394976702,2.394976702,0.0,0.0,0.0,0.0,89.96982,0.0,0.0,0.0,-1.5707964,0.0
1970-01-01 00:00:02.398621493,2.398621493,0.0,89.085976,0.0,0.0,0.0,0.0,0.0,0.0,-1.5707964,0.0
1970-01-01 00:00:02.401309492,2.401309492,0.0,130.40712,0.0,0.0,0.0,0.0,0.0,0.0,-1.5707964,0.0
1970-01-01 00:00:02.401698584,2.401698584,0.0,0.0,0.0,0.0,0.0,267.12555,0.0,0.0,-1.5707964,0.0
1970-01-01 00:00:02.401963951,2.401963951,0.0,0.0,0.0,0.0,81.93212,0.0,0.0,0.0,-1.5707964,0.0
1970-01-01 00:00:02.402063973,2.402063973,95.08651,0.0,0.0,0.0,0.0,0.0,0.0,0.0,-1.5707964,0.0
1970-01-01 00:00:02.403765866,2.403765866,0.0,0.0,0.0,0.0,86.44302,0.0,0.0,0.0,-1.5707964,0.0
1970-01-01 00:00:02.404037720,2.40403772,0.0,0.0,0.0,128.28372,0.0,0.0,0.0,0.0,-1.5707964,0.0
1970-01-01 00:00:02.405093761,2.405093761,0.0,92.401344,0.0,0.0,0.0,0.0,0.0,0.0,-1.5707964,0.0
1970-01-01 00:00:02.405224495,2.405224495,0.0,0.0,0.0,0.0,0.0,90.36129,0.0,0.0,-1.5707964,0.0
1970-01-01 00:00:02.406663391,2.406663391,0.0,0.0,0.0,0.0,178.87222,0.0,0.0,0.0,-1.5707964,0.0
1970-01-01 00:00:02.406734609,2.406734609,123.13442,0.0,0.0,0.0,0.0,0.0,0.0,0.0,-1.5707964,0.0
1970-01-01 00:00:02.407847579,2.4078475790000002,0.0,88.59957,0.0,0.0,0.0,0.0,0.0,0.0,-1.5707964,0.0
1970-01-01 00:00:02.408292274,2.408292274,0.0,88.65954,0.0,0.0,0.0,0.0,0.0,0.0,-1.5707964,0.0
1970-01-01 00:00:02.408478129,2.408478129,0.0,0.0,0.0,0.0,0.0,162.6514,0.0,0.0,-1.5707964,0.0
1970-01-01 00:00:02.412618456,2.412618456,0.0,166.76326,0.0,0.0,0.0,0.0,0.0,0.0,-1.5707964,0.0
1970-01-01 00:00:02.413847112,2.413847112,0.0,124.14787,0.0,0.0,0.0,0.0,0.0,0.0,-1.5707964,0.0
1970-01-01 00:00:02.413919840,2.41391984,0.0,189.2171,0.0,0.0,0.0,0.0,0.0,0.0,-1.5707964,0.0
1970-01-01 00:00:02.417817591,2.417817591,0.0,184.00021,0.0,0.0,0.0,0.0,0.0,0.0,-1.5707964,0.0
1970-01-01 00:00:02.420150513,2.420150513,103.31881,0.0,0.0,0.0,0.0,0.0,0.0,0.0,-1.5707964,0.0
1970-01-01 00:00:02.423768725,2.423768725,0.0,188.52509,0.0,0.0,0.0,0.0,0.0,0.0,-1.5707964,0.0
1970-01-01 00:00:02.428259359,2.428259359,0.0,99.27977,0.0,0.0,0.0,0.0,0.0,0.0,-1.5707964,0.0
1970-01-01 00:00:02.429310352,2.429310352,118.0791,0.0,0.0,0.0,0.0,0.0,0.0,0.0,-1.5707964,0.0
1970-01-01 00:00:02.429323782,2.429323782,0.0,125.78333,0.0,0.0,0.0,0.0,0.0,0.0,-1.5707964,0.0
1970-01-01 00:00:02.430028406,2.430028406,0.0,0.0,0.0,0.0,488.51074,0.0,0.0,0.0,-1.5707964,0.0
1970-01-01 00:00:02.434047002,2.434047002,0.0,0.0,0.0,0.0,154.73471,0.0,0.0,0.0,-1.5707964,0.0
1970-01-01 00:00:02.435140187,2.435140187,0.0,0.0,0.0,0.0,0.0,105.68945,0.0,0.0,-1.5707964,0.0
1970-01-01 00:00:02.435601030,2.43560103,97.614975,0.0,0.0,0.0,0.0,0.0,0.0,0.0,-1.5707964,0.0
1970-01-01 00:00:02.435800904,2.435800904,0.0,0.0,0.0,0.0,80.60826,0.0,0.0,0.0,-1.5707964,0.0
1970-01-01 00:00:02.436899418,2.436899418,108.7496,0.0,0.0,0.0,0.0,0.0,0.0,0.0,-1.5707964,0.0
1970-01-01 00:00:02.437484655,2.437484655,0.0,0.0,317.0779,0.0,0.0,0.0,0.0,0.0,-1.5707964,0.0
1970-01-01 00:00:02.438134688,2.438134688,0.0,115.89428,0.0,0.0,0.0,0.0,0.0,0.0,-1.5707964,0.0
1970-01-01 00:00:02.442938289,2.4429382889999998,0.0,95.054146,0.0,0.0,0.0,0.0,0.0,0.0,-1.5707964,0.0
1970-01-01 00:00:02.444557064,2.444557064,0.0,315.39703,0.0,0.0,0.0,0.0,0.0,0.0,-1.5707964,0.0
1970-01-01 00:00:02.452260454,2.452260454,278.5142,0.0,0.0,0.0,0.0,0.0,0.0,0.0,-1.5707964,0.0
1970-01-01 00:00:02.455224565,2.455224565,0.0,199.09877,0.0,0.0,0.0,0.0,0.0,0.0,-1.5707964,0.0
1970-01-01 00:00:02.455533551,2.455533551,0.0,0.0,0.0,126.21403,0.0,0.0,0.0,0.0,-1.5707964,0.0
1970-01-01 00:00:02.457394497,2.457394497,0.0,99.39088,0.0,0.0,0.0,0.0,0.0,0.0,-1.5707964,0.0
1970-01-01 00:00:02.463623880,2.46362388,0.0,120.782585,0.0,0.0,0.0,0.0,0.0,0.0,-1.5707964,0.0
1970-01-01 00:00:02.465571636,2.465571636,0.0,0.0,0.0,0.0,122.68407,0.0,0.0,0.0,-1.5707964,0.0
1970-01-01 00:00:02.465722610,2.46572261,0.0,306.4948,0.0,0.0,0.0,0.0,0.0,0.0,-1.5707964,0.0
1970-01-01 00:00:02.472343935,2.472343935,0.0,0.0,0.0,0.0,218.98402,0.0,0.0,0.0,-1.5707964,0.0
1970-01-01 00:00:02.479200932,2.479200932,309.0404,0.0,0.0,0.0,0.0,0.0,0.0,0.0,-1.5707964,0.0
1970-01-01 00:00:02.480392570,2.4803925700000002,0.0,316.9754,0.0,0.0,0.0,0.0,0.0,0.0,-1.5707964,0.0
1970-01-01 00:00:02.494795222,2.494795222,0.0,0.0,0.0,0.0,179.26042,0.0,0.0,0.0,-1.5707964,0.0
1970-01-01 00:00:02.494833819,2.494833819,0.0,0.0,0.0,0.0,117.6885,0.0,0.0,0.0,-1.5707964,0.0
1970-01-01 00:00:02.498781243,2.498781243,0.0,0.0,0.0,207.24269,0.0,0.0,0.0,0.0,-1.5707964,0.0
1970-01-01 00:00:02.499971364,2.499971364,0.0,0.0,0.0,112.13018,0.0,0.0,0.0,0.0,-1.5707964,0.0
1970-01-01 00:00:02.501310345,2.5013103450000003,0.0,159.39616,0.0,0.0,0.0,0.0,0.0,0.0,-1.5707964,0.0
1970-01-01 00:00:02.504234643,2.504234644,0.0,0.0,0.0,0.0,86.10095,0.0,0.0,0.0,-1.5707964,0.0
1970-01-01 00:00:02.504697696,2.504697696,0.0,0.0,0.0,0.0,180.03172,0.0,0.0,0.0,-1.5707964,0.0
1970-01-01 00:00:02.507671063,2.507671064,0.0,84.63907,0.0,0.0,0.0,0.0,0.0,0.0,-1.5707964,0.0
1970-01-01 00:00:02.514768872,2.514768872,0.0,0.0,0.0,0.0,216.9024,0.0,0.0,0.0,-1.5707964,0.0
1970-01-01 00:00:02.515719078,2.515719078,0.0,316.17862,0.0,0.0,0.0,0.0,0.0,0.0,-1.5707964,0.0
1970-01-01 00:00:02.516735841,2.516735841,0.0,179.07599,0.0,0.0,0.0,0.0,0.0,0.0,-1.5707964,0.0
1970-01-01 00:00:02.517580826,2.5175808269999997,0.0,0.0,0.0,0.0,89.18235,0.0,0.0,0.0,-1.5707964,0.0
1970-01-01 00:00:02.562147761,2.562147761,0.0,0.0,0.0,0.0,0.0,90.08103,0.0,0.0,-1.5707964,0.0
1970-01-01 00:00:02.562693344,2.562693344,0.0,0.0,0.0,0.0,0.0,101.94375,0.0,0.0,-1.5707964,0.0
1970-01-01 00:00:02.563693293,2.563693293,0.0,115.14051,0.0,0.0,0.0,0.0,0.0,0.0,-1.5707964,0.0
1970-01-01 00:00:02.569269129,2.5692691290000003,0.0,90.36423,0.0,0.0,0.0,0.0,0.0,0.0,-1.5707964,0.0
1970-01-01 00:00:02.570260942,2.570260942,0.0,190.07741,0.0,0.0,0.0,0.0,0.0,0.0,-1.5707964,0.0
1970-01-01 00:00:02.572856149,2.572856149,0.0,0.0,0.0,0.0,98.0544,0.0,0.0,0.0,-1.5707964,0.0
1970-01-01 00:00:02.572985944,2.572985944,0.0,0.0,155.628,0.0,0.0,0.0,0.0,0.0,-1.5707964,0.0
1970-01-01 00:00:02.573428257,2.5734282569999998,0.0,0.0,0.0,116.2202,0.0,0.0,0.0,0.0,-1.5707964,0.0
1970-01-01 00:00:02.573505971,2.573505971,0.0,114.53387,0.0,0.0,0.0,0.0,0.0,0.0,-1.5707964,0.0
1970-01-01 00:00:02.575692399,2.5756923990000002,0.0,255.83897,0.0,0.0,0.0,0.0,0.0,0.0,-1.5707964,0.0
1970-01-01 00:00:02.579018166,2.579018166,0.0,258.0213,0.0,0.0,0.0,0.0,0.0,0.0,-1.5707964,0.0
1970-01-01 00:00:02.587141991,2.587141991,0.0,118.79485,0.0,0.0,0.0,0.0,0.0,0.0,-1.5707964,0.0
1970-01-01 00:00:02.591266514,2.591266514,0.0,0.0,100.0549,0.0,0.0,0.0,0.0,0.0,-1.5707964,0.0
1970-01-01 00:00:02.597219753,2.597219753,0.0,138.68616,0.0,0.0,0.0,0.0,0.0,0.0,-1.5707964,0.0
1970-01-01 00:00:02.599363492,2.599363492,0.0,183.97687,0.0,0.0,0.0,0.0,0.0,0.0,-1.5707964,0.0
1970-01-01 00:00:02.600597026,2.600597026,0.0,0.0,0.0,174.30019,0.0,0.0,0.0,0.0,-1.5707964,0.0
1970-01-01 00:00:02.604099800,2.6040998,89.941925,0.0,0.0,0.0,0.0,0.0,0.0,0.0,-1.5707964,0.0
1970-01-01 00:00:02.604168110,2.60416811,0.0,139.3011,0.0,0.0,0.0,0.0,0.0,0.0,-1.5707964,0.0
1970-01-01 00:00:02.605725223,2.605725223,0.0,0.0,0.0,195.77005,0.0,0.0,0.0,0.0,-1.5707964,0.0
1970-01-01 00:00:02.607059139,2.607059139,0.0,0.0,0.0,85.24926,0.0,0.0,0.0,0.0,-1.5707964,0.0
1970-01-01 00:00:02.609224909,2.609224909,135.21088,0.0,0.0,0.0,0.0,0.0,0.0,0.0,-1.5707964,0.0
1970-01-01 00:00:02.610809418,2.610809418,92.31216,0.0,0.0,0.0,0.0,0.0,0.0,0.0,-1.5707964,0.0
1970-01-01 00:00:02.610992321,2.610992321,0.0,0.0,0.0,0.0,112.53471,0.0,0.0,0.0,-1.5707964,0.0
1970-01-01 00:00:02.614744729,2.614744729,0.0,145.64801,0.0,0.0,0.0,0.0,0.0,0.0,-1.5707964,0.0
1970-01-01 00:00:02.616569501,2.616569501,100.69099,0.0,0.0,0.0,0.0,0.0,0.0,0.0,-1.5707964,0.0
1970-01-01 00:00:02.617689836,2.6176898360000003,0.0,0.0,0.0,0.0,169.80763,0.0,0.0,0.0,-1.5707964,0.0
1970-01-01 00:00:02.628400644,2.628400644,0.0,0.0,0.0,0.0,101.76763,0.0,0.0,0.0,-1.5707964,0.0
1970-01-01 00:00:02.669701678,2.669701678,0.0,93.36095,0.0,0.0,0.0,0.0,0.0,0.0,-1.5707964,0.0
1970-01-01 00:00:02.673821468,2.673821468,0.0,0.0,0.0,0.0,116.539925,0.0,0.0,0.0,-1.5707964,0.0
1970-01-01 00:00:02.675541573,2.675541573,0.0,0.0,0.0,0.0,0.0,148.74744,0.0,0.0,-1.5707964,0.0
1970-01-01 00:00:02.676837564,2.676837564,0.0,90.04865,0.0,0.0,0.0,0.0,0.0,0.0,-1.5707964,0.0
1970-01-01 00:00:02.678913534,2.678913534,190.63493,0.0,0.0,0.0,0.0,0.0,0.0,0.0,-1.5707964,0.0
1970-01-01 00:00:02.686130648,2.686130648,0.0,0.0,0.0,0.0,95.50651,0.0,0.0,0.0,-1.5707964,0.0
1970-01-01 00:00:02.687236289,2.687236289,0.0,0.0,0.0,0.0,95.58195,0.0,0.0,0.0,-1.5707964,0.0
1970-01-01 00:00:02.692715109,2.692715109,230.25044,0.0,0.0,0.0,0.0,0.0,0.0,0.0,-1.5707964,0.0
1970-01-01 00:00:02.710080226,2.710080226,102.17692,0.0,0.0,0.0,0.0,0.0,0.0,0.0,-1.5707964,0.0
1970-01-01 00:00:02.717295709,2.717295709,108.90339,0.0,0.0,0.0,0.0,0.0,0.0,0.0,-1.5707964,0.0
1970-01-01 00:00:02.718383786,2.718383786,0.0,150.67215,0.0,0.0,0.0,0.0,0.0,0.0,-1.5707964,0.0
1970-01-01 00:00:02.722212736,2.722212736,0.0,0.0,0.0,0.0,178.38824,0.0,0.0,0.0,-1.5707964,0.0
1970-01-01 00:00:02.724898061,2.724898061,0.0,0.0,0.0,0.0,208.15399,0.0,0.0,0.0,-1.5707964,0.0
1970-01-01 00:00:02.728693344,2.728693344,0.0,259.44724,0.0,0.0,0.0,0.0,0.0,0.0,-1.5707964,0.0
1970-01-01 00:00:02.781497257,2.781497257,0.0,0.0,193.32793,0.0,0.0,0.0,0.0,0.0,-1.5707964,0.0
1970-01-01 00:00:02.791180639,2.7911806390000002,0.0,0.0,0.0,0.0,0.0,171.62556,0.0,0.0,-1.5707964,0.0
1970-01-01 00:00:02.797484513,2.797484513,0.0,0.0,0.0,296.54187,0.0,0.0,0.0,0.0,-1.5707964,0.0
1970-01-01 00:00:02.799939807,2.799939807,0.0,0.0,0.0,366.2395,0.0,0.0,0.0,0.0,-1.5707964,0.0
1970-01-01 00:00:02.799998159,2.7999981590000003,0.0,0.0,0.0,0.0,88.96166,0.0,0.0,0.0,-1.5707964,0.0
1970-01-01 00:00:02.801371480,2.8013714800000002,83.91528,0.0,0.0,0.0,0.0,0.0,0.0,0.0,-1.5707964,0.0
1970-01-01 00:00:02.804105870,2.80410587,0.0,203.4342,0.0,0.0,0.0,0.0,0.0,0.0,-1.5707964,0.0
1970-01-01 00:00:02.804445736,2.804445736,0.0,0.0,0.0,0.0,99.20967,0.0,0.0,0.0,-1.5707964,0.0
1970-01-01 00:00:02.805661147,2.805661147,0.0,285.33322,0.0,0.0,0.0,0.0,0.0,0.0,-1.5707964,0.0
1970-01-01 00:00:02.806136496,2.806136496,0.0,144.2802,0.0,0.0,0.0,0.0,0.0,0.0,-1.5707964,0.0
1970-01-01 00:00:02.807105721,2.807105721,0.0,0.0,0.0,0.0,153.11284,0.0,0.0,0.0,-1.5707964,0.0
1970-01-01 00:00:02.811268389,2.811268389,0.0,109.69727,0.0,0.0,0.0,0.0,0.0,0.0,-1.5707964,0.0
1970-01-01 00:00:02.811566482,2.811566482,0.0,0.0,0.0,0.0,96.35141,0.0,0.0,0.0,-1.5707964,0.0
1970-01-01 00:00:02.813833414,2.813833414,160.03357,0.0,0.0,0.0,0.0,0.0,0.0,0.0,-1.5707964,0.0
1970-01-01 00:00:02.814405672,2.814405672,0.0,134.1957,0.0,0.0,0.0,0.0,0.0,0.0,-1.5707964,0.0
1970-01-01 00:00:02.815554944,2.815554944,0.0,0.0,0.0,0.0,162.55345,0.0,0.0,0.0,-1.5707964,0.0
1970-01-01 00:00:02.817208910,2.8172089099999997,0.0,104.592,0.0,0.0,0.0,0.0,0.0,0.0,-1.5707964,0.0
1970-01-01 00:00:02.822839760,2.82283976,100.77696,0.0,0.0,0.0,0.0,0.0,0.0,0.0,-1.5707964,0.0
1970-01-01 00:00:02.835662874,2.835662874,0.0,0.0,0.0,92.31404,0.0,0.0,0.0,0.0,-1.5707964,0.0
1970-01-01 00:00:02.839159937,2.839159937,203.57892,0.0,0.0,0.0,0.0,0.0,0.0,0.0,-1.5707964,0.0
1970-01-01 00:00:02.869762276,2.869762276,0.0,97.4799,0.0,0.0,0.0,0.0,0.0,0.0,-1.5707964,0.0
1970-01-01 00:00:02.872533875,2.8725338750000002,413.72952,0.0,0.0,0.0,0.0,0.0,0.0,0.0,-1.5707964,0.0
1970-01-01 00:00:02.875850634,2.875850634,0.0,92.32978,0.0,0.0,0.0,0.0,0.0,0.0,-1.5707964,0.0
1970-01-01 00:00:02.875850912,2.8758509119999998,0.0,126.70207,0.0,0.0,0.0,0.0,0.0,0.0,-1.5707964,0.0
1970-01-01 00:00:02.877980082,2.877980082,0.0,82.310814,0.0,0.0,0.0,0.0,0.0,0.0,-1.5707964,0.0
1970-01-01 00:00:02.878124284,2.878124284,0.0,0.0,0.0,0.0,91.23183,0.0,0.0,0.0,-1.5707964,0.0
1970-01-01 00:00:02.881342680,2.88134268,0.0,0.0,0.0,135.77354,0.0,0.0,0.0,0.0,-1.5707964,0.0
1970-01-01 00:00:02.885168024,2.885168024,0.0,0.0,0.0,86.86058,0.0,0.0,0.0,0.0,-1.5707964,0.0
1970-01-01 00:00:02.892352181,2.892352181,0.0,0.0,0.0,275.54312,0.0,0.0,0.0,0.0,-1.5707964,0.0
1970-01-01 00:00:02.898388724,2.898388724,0.0,0.0,0.0,0.0,111.53475,0.0,0.0,0.0,-1.5707964,0.0
1970-01-01 00:00:02.899213917,2.899213917,0.0,0.0,0.0,98.63824,0.0,0.0,0.0,0.0,-1.5707964,0.0
1970-01-01 00:00:02.900003778,2.900003778,0.0,268.3243,0.0,0.0,0.0,0.0,0.0,0.0,-1.5707964,0.0
1970-01-01 00:00:02.916079888,2.916079888,141.07875,0.0,0.0,0.0,0.0,0.0,0.0,0.0,-1.5707964,0.0
1970-01-01 00:00:02.923503404,2.923503404,106.0794,0.0,0.0,0.0,0.0,0.0,0.0,0.0,-1.5707964,0.0
1970-01-01 00:00:02.928076662,2.928076662,0.0,0.0,0.0,0.0,83.906975,0.0,0.0,0.0,-1.5707964,0.0
1970-01-01 00:00:02.930282946,2.930282946,0.0,121.09837,0.0,0.0,0.0,0.0,0.0,0.0,-1.5707964,0.0
1970-01-01 00:00:02.931536401,2.931536401,0.0,0.0,0.0,0.0,0.0,121.84597,0.0,0.0,-1.5707964,0.0
1970-01-01 00:00:02.933176988,2.933176988,0.0,468.7794,0.0,0.0,0.0,0.0,0.0,0.0,-1.5707964,0.0
1970-01-01 00:00:02.935366270,2.9353662700000003,0.0,0.0,0.0,272.1207,0.0,0.0,0.0,0.0,-1.5707964,0.0
1970-01-01 00:00:02.941573683,2.941573683,0.0,85.85732,0.0,0.0,0.0,0.0,0.0,0.0,-1.5707964,0.0
1970-01-01 00:00:02.950768279,2.950768279,0.0,0.0,0.0,193.78725,0.0,0.0,0.0,0.0,-1.5707964,0.0
1970-01-01 00:00:02.960059493,2.960059493,134.9011,0.0,0.0,0.0,0.0,0.0,0.0,0.0,-1.5707964,0.0
1970-01-01 00:00:02.975063891,2.975063891,85.03197,0.0,0.0,0.0,0.0,0.0,0.0,0.0,-1.5707964,0.0
1970-01-01 00:00:02.988475271,2.988475271,0.0,85.84281,0.0,0.0,0.0,0.0,0.0,0.0,-1.5707964,0.0
1970-01-01 00:00:02.991309778,2.9913097779999998,0.0,0.0,0.0,103.20879,0.0,0.0,0.0,0.0,-1.5707964,0.0
1970-01-01 00:00:02.999528853,2.999528853,0.0,82.19499,0.0,0.0,0.0,0.0,0.0,0.0,-1.5707964,0.0
1970-01-01 00:00:03.005389498,3.005389498,0.0,0.0,0.0,179.99622,0.0,0.0,0.0,0.0,-1.5707964,0.0
1970-01-01 00:00:03.009154458,3.009154458,0.0,0.0,0.0,143.9907,0.0,0.0,0.0,0.0,-1.5707964,0.0
1970-01-01 00:00:03.011350539,3.011350539,0.0,198.61069,0.0,0.0,0.0,0.0,0.0,0.0,-1.5707964,0.0
1970-01-01 00:00:03.011354189,3.011354189,222.74107,0.0,0.0,0.0,0.0,0.0,0.0,0.0,-1.5707964,0.0
1970-01-01 00:00:03.012592392,3.012592392,0.0,0.0,0.0,0.0,239.52846,0.0,0.0,0.0,-1.5707964,0.0
1970-01-01 00:00:03.020693686,3.020693686,0.0,0.0,0.0,0.0,187.46144,0.0,0.0,0.0,-1.5707964,0.0
1970-01-01 00:00:03.022126827,3.022126827,0.0,0.0,0.0,0.0,324.32263,0.0,0.0,0.0,-1.5707964,0.0
1970-01-01 00:00:03.054816017,3.054816017,0.0,84.109215,0.0,0.0,0.0,0.0,0.0,0.0,-1.5707964,0.0
1970-01-01 00:00:03.058414994,3.058414994,0.0,0.0,0.0,122.392365,0.0,0.0,0.0,0.0,-1.5707964,0.0
1970-01-01 00:00:03.159772175,3.159772175,97.35037,0.0,0.0,0.0,0.0,0.0,0.0,0.0,-1.5707964,0.0
1970-01-01 00:00:03.163388233,3.163388233,0.0,0.0,0.0,0.0,218.42097,0.0,0.0,0.0,-1.5707964,0.0
1970-01-01 00:00:03.163612232,3.163612232,0.0,0.0,0.0,95.25352,0.0,0.0,0.0,0.0,-1.5707964,0.0
1970-01-01 00:00:03.174726868,3.174726868,0.0,0.0,126.20376,0.0,0.0,0.0,0.0,0.0,-1.5707964,0.0
1970-01-01 00:00:03.182173173,3.182173173,0.0,335.8294,0.0,0.0,0.0,0.0,0.0,0.0,-1.5707964,0.0
1970-01-01 00:00:03.192130378,3.192130378,0.0,84.81743,0.0,0.0,0.0,0.0,0.0,0.0,-1.5707964,0.0
1970-01-01 00:00:03.192437958,3.192437958,0.0,93.75954,0.0,0.0,0.0,0.0,0.0,0.0,-1.5707964,0.0
1970-01-01 00:00:03.201905925,3.201905925,0.0,112.125755,0.0,0.0,0.0,0.0,0.0,0.0,-1.5707964,0.0
1970-01-01 00:00:03.215698152,3.215698152,84.58196,0.0,0.0,0.0,0.0,0.0,0.0,0.0,-1.5707964,0.0
1970-01-01 00:00:03.217268868,3.217268868,0.0,158.08432,0.0,0.0,0.0,0.0,0.0,0.0,-1.5707964,0.0
1970-01-01 00:00:03.220665677,3.220665677,248.02934,0.0,0.0,0.0,0.0,0.0,0.0,0.0,-1.5707964,0.0
1970-01-01 00:00:03.223109296,3.223109296,0.0,85.976166,0.0,0.0,0.0,0.0,0.0,0.0,-1.5707964,0.0
1970-01-01 00:00:03.236897823,3.236897823,0.0,0.0,0.0,237.46909,0.0,0.0,0.0,0.0,-1.5707964,0.0
1970-01-01 00:00:03.237253122,3.237253122,0.0,92.25547,0.0,0.0,0.0,0.0,0.0,0.0,-1.5707964,0.0
1970-01-01 00:00:03.252137300,3.252137301,0.0,156.81897,0.0,0.0,0.0,0.0,0.0,0.0,-1.5707964,0.0
1970-01-01 00:00:03.262867376,3.262867376,0.0,130.03723,0.0,0.0,0.0,0.0,0.0,0.0,-1.5707964,0.0
1970-01-01 00:00:03.266129071,3.266129071,0.0,0.0,0.0,0.0,183.32404,0.0,0.0,0.0,-1.5707964,0.0
1970-01-01 00:00:03.270035245,3.270035245,83.29829,0.0,0.0,0.0,0.0,0.0,0.0,0.0,-1.5707964,0.0
1970-01-01 00:00:03.273615373,3.273615373,0.0,95.85209,0.0,0.0,0.0,0.0,0.0,0.0,-1.5707964,0.0
1970-01-01 00:00:03.300731202,3.300731202,0.0,0.0,0.0,103.50538,0.0,0.0,0.0,0.0,-1.5707964,0.0
1970-01-01 00:00:03.304394302,3.304394302,113.2213,0.0,0.0,0.0,0.0,0.0,0.0,0.0,-1.5707964,0.0
1970-01-01 00:00:03.311321385,3.311321385,0.0,245.56964,0.0,0.0,0.0,0.0,0.0,0.0,-1.5707964,0.0
1970-01-01 00:00:03.355082336,3.355082336,0.0,349.8188,0.0,0.0,0.0,0.0,0.0,0.0,-1.5707964,0.0
1970-01-01 00:00:03.360336379,3.360336379,0.0,207.58702,0.0,0.0,0.0,0.0,0.0,0.0,-1.5707964,0.0
1970-01-01 00:00:03.363584610,3.36358461,0.0,147.9683,0.0,0.0,0.0,0.0,0.0,0.0,-1.5707964,0.0
1970-01-01 00:00:03.363888358,3.363888358,0.0,91.36371,0.0,0.0,0.0,0.0,0.0,0.0,-1.5707964,0.0
1970-01-01 00:00:03.368492748,3.368492748,0.0,102.48606,0.0,0.0,0.0,0.0,0.0,0.0,-1.5707964,0.0
1970-01-01 00:00:03.384973930,3.38497393,0.0,112.03709,0.0,0.0,0.0,0.0,0.0,0.0,-1.5707964,0.0
1970-01-01 00:00:03.403758836,3.403758836,0.0,151.39403,0.0,0.0,0.0,0.0,0.0,0.0,-1.5707964,0.0
1970-01-01 00:00:03.412653014,3.412653014,0.0,107.1366,0.0,0.0,0.0,0.0,0.0,0.0,-1.5707964,0.0
1970-01-01 00:00:03.413849174,3.413849174,0.0,101.782845,0.0,0.0,0.0,0.0,0.0,0.0,-1.5707964,0.0
1970-01-01 00:00:03.417066468,3.417066468,0.0,80.64941,0.0,0.0,0.0,0.0,0.0,0.0,-1.5707964,0.0
1970-01-01 00:00:03.419216212,3.419216212,391.9331,0.0,0.0,0.0,0.0,0.0,0.0,0.0,-1.5707964,0.0
1970-01-01 00:00:03.439779127,3.439779127,0.0,0.0,202.36848,0.0,0.0,0.0,0.0,0.0,-1.5707964,0.0
1970-01-01 00:00:03.493017075,3.493017075,0.0,125.800186,0.0,0.0,0.0,0.0,0.0,0.0,-1.5707964,0.0
1970-01-01 00:00:03.496394946,3.496394946,0.0,81.462944,0.0,0.0,0.0,0.0,0.0,0.0,-1.5707964,0.0
1970-01-01 00:00:03.496603876,3.496603876,0.0,0.0,0.0,0.0,103.152794,0.0,0.0,0.0,-1.5707964,0.0
1970-01-01 00:00:03.504482100,3.5044821,0.0,0.0,0.0,0.0,0.0,85.22823,0.0,0.0,-1.5707964,0.0
1970-01-01 00:00:03.505490279,3.50549028,107.858536,0.0,0.0,0.0,0.0,0.0,0.0,0.0,-1.5707964,0.0
1970-01-01 00:00:03.508165349,3.508165349,0.0,238.70714,0.0,0.0,0.0,0.0,0.0,0.0,-1.5707964,0.0
1970-01-01 00:00:03.509782329,3.509782329,0.0,125.916466,0.0,0.0,0.0,0.0,0.0,0.0,-1.5707964,0.0
1970-01-01 00:00:03.544304039,3.544304039,0.0,0.0,0.0,121.28103,0.0,0.0,0.0,0.0,-1.5707964,0.0
1970-01-01 00:00:03.552653478,3.552653478,0.0,0.0,0.0,0.0,0.0,95.0524,0.0,0.0,-1.5707964,0.0
1970-01-01 00:00:03.557885742,3.557885742,0.0,0.0,0.0,128.08081,0.0,0.0,0.0,0.0,-1.5707964,0.0
1970-01-01 00:00:03.592312088,3.592312088,0.0,0.0,126.32903,0.0,0.0,0.0,0.0,0.0,-1.5707964,0.0
1970-01-01 00:00:03.598778951,3.598778951,0.0,0.0,0.0,149.55914,0.0,0.0,0.0,0.0,-1.5707964,0.0
1970-01-01 00:00:03.601063554,3.601063554,0.0,0.0,0.0,241.64337,0.0,0.0,0.0,0.0,-1.5707964,0.0
1970-01-01 00:00:03.642299713,3.642299713,0.0,0.0,0.0,0.0,198.16458,0.0,0.0,0.0,-1.5707964,0.0
1970-01-01 00:00:03.648560068,3.648560068,0.0,0.0,0.0,0.0,108.53869,0.0,0.0,0.0,-1.5707964,0.0
1970-01-01 00:00:03.690105545,3.6901055449999998,0.0,103.43723,0.0,0.0,0.0,0.0,0.0,0.0,-1.5707964,0.0
1970-01-01 00:00:03.707105297,3.707105297,164.56169,0.0,0.0,0.0,0.0,0.0,0.0,0.0,-1.5707964,0.0
1970-01-01 00:00:03.713969659,3.713969659,0.0,0.0,0.0,0.0,275.46234,0.0,0.0,0.0,-1.5707964,0.0
1970-01-01 00:00:03.714901392,3.714901392,0.0,121.612785,0.0,0.0,0.0,0.0,0.0,0.0,-1.5707964,0.0
1970-01-01 00:00:03.718714902,3.718714902,0.0,0.0,0.0,0.0,0.0,184.9658,0.0,0.0,-1.5707964,0.0
1970-01-01 00:00:03.723328463,3.723328463,0.0,0.0,0.0,171.36102,0.0,0.0,0.0,0.0,-1.5707964,0.0
1970-01-01 00:00:03.725587870,3.72558787,0.0,0.0,0.0,0.0,296.51135,0.0,0.0,0.0,-1.5707964,0.0
1970-01-01 00:00:03.732112265,3.732112265,0.0,0.0,0.0,0.0,222.51936,0.0,0.0,0.0,-1.5707964,0.0
1970-01-01 00:00:03.738916275,3.7389162750000002,0.0,92.50098,0.0,0.0,0.0,0.0,0.0,0.0,-1.5707964,0.0
1970-01-01 00:00:03.741844232,3.741844232,0.0,224.22758,0.0,0.0,0.0,0.0,0.0,0.0,-1.5707964,0.0
1970-01-01 00:00:03.745144254,3.745144254,0.0,88.87771,0.0,0.0,0.0,0.0,0.0,0.0,-1.5707964,0.0
1970-01-01 00:00:03.745326119,3.745326119,131.12167,0.0,0.0,0.0,0.0,0.0,0.0,0.0,-1.5707964,0.0
1970-01-01 00:00:03.747295731,3.747295731,0.0,103.49932,0.0,0.0,0.0,0.0,0.0,0.0,-1.5707964,0.0
1970-01-01 00:00:03.749096712,3.749096712,184.84186,0.0,0.0,0.0,0.0,0.0,0.0,0.0,-1.5707964,0.0
1970-01-01 00:00:03.749382026,3.749382026,0.0,0.0,0.0,0.0,98.1214,0.0,0.0,0.0,-1.5707964,0.0
1970-01-01 00:00:03.754990003,3.754990003,0.0,0.0,0.0,0.0,195.97075,0.0,0.0,0.0,-1.5707964,0.0
1970-01-01 00:00:03.773543765,3.773543765,0.0,121.37777,0.0,0.0,0.0,0.0,0.0,0.0,-1.5707964,0.0
1970-01-01 00:00:03.780446253,3.780446253,0.0,0.0,0.0,192.75702,0.0,0.0,0.0,0.0,-1.5707964,0.0
1970-01-01 00:00:03.826517170,3.82651717,0.0,98.93487,0.0,0.0,0.0,0.0,0.0,0.0,-1.5707964,0.0
1970-01-01 00:00:03.838765907,3.838765907,0.0,84.33844,0.0,0.0,0.0,0.0,0.0,0.0,-1.5707964,0.0
1970-01-01 00:00:03.842846746,3.842846746,0.0,0.0,228.28825,0.0,0.0,0.0,0.0,0.0,-1.5707964,0.0
1970-01-01 00:00:03.848011307,3.848011307,90.33327,0.0,0.0,0.0,0.0,0.0,0.0,0.0,-1.5707964,0.0
1970-01-01 00:00:03.849741147,3.849741147,0.0,113.47473,0.0,0.0,0.0,0.0,0.0,0.0,-1.5707964,0.0
1970-01-01 00:00:03.850697586,3.850697586,0.0,257.85568,0.0,0.0,0.0,0.0,0.0,0.0,-1.5707964,0.0
1970-01-01 00:00:03.853888618,3.853888618,0.0,138.59781,0.0,0.0,0.0,0.0,0.0,0.0,-1.5707964,0.0
1970-01-01 00:00:03.858363873,3.858363873,0.0,121.77411,0.0,0.0,0.0,0.0,0.0,0.0,-1.5707964,0.0
1970-01-01 00:00:03.858821766,3.858821766,88.34433,0.0,0.0,0.0,0.0,0.0,0.0,0.0,-1.5707964,0.0
1970-01-01 00:00:03.860219565,3.860219565,0.0,140.63676,0.0,0.0,0.0,0.0,0.0,0.0,-1.5707964,0.0
1970-01-01 00:00:03.864932252,3.864932252,0.0,83.4771,0.0,0.0,0.0,0.0,0.0,0.0,-1.5707964,0.0
1970-01-01 00:00:03.931810179,3.931810179,0.0,0.0,0.0,0.0,265.01724,0.0,0.0,0.0,-1.5707964,0.0
1970-01-01 00:00:03.933236523,3.933236523,0.0,0.0,0.0,199.21722,0.0,0.0,0.0,0.0,-1.5707964,0.0
1970-01-01 00:00:03.949733570,3.9497335700000002,0.0,0.0,0.0,0.0,108.69801,0.0,0.0,0.0,-1.5707964,0.0
1970-01-01 00:00:03.955469697,3.955469697,0.0,0.0,0.0,119.97142,0.0,0.0,0.0,0.0,-1.5707964,0.0
1970-01-01 00:00:03.968290913,3.968290913,0.0,84.944336,0.0,0.0,0.0,0.0,0.0,0.0,-1.5707964,0.0
1970-01-01 00:00:03.978155487,3.978155487,0.0,171.57495,0.0,0.0,0.0,0.0,0.0,0.0,-1.5707964,0.0
1970-01-01 00:00:03.984553737,3.984553737,0.0,0.0,0.0,0.0,0.0,110.584915,0.0,0.0,-1.5707964,0.0
1970-01-01 00:00:04.005429001,4.005429001,0.0,194.0411,0.0,0.0,0.0,0.0,0.0,0.0,-1.5707964,0.0
1970-01-01 00:00:04.012869796,4.012869796,0.0,0.0,0.0,0.0,141.68484,0.0,0.0,0.0,-1.5707964,0.0
1970-01-01 00:00:04.074711937,4.074711937,96.26508,0.0,0.0,0.0,0.0,0.0,0.0,0.0,-1.5707964,0.0
1970-01-01 00:00:04.075007024,4.075007024,0.0,92.93805,0.0,0.0,0.0,0.0,0.0,0.0,-1.5707964,0.0
1970-01-01 00:00:04.084099100,4.0840991,0.0,0.0,0.0,0.0,143.38924,0.0,0.0,0.0,-1.5707964,0.0
1970-01-01 00:00:04.087650087,4.087650087,162.29944,0.0,0.0,0.0,0.0,0.0,0.0,0.0,-1.5707964,0.0
1970-01-01 00:00:04.094979477,4.094979477,0.0,0.0,0.0,0.0,87.9472,0.0,0.0,0.0,-1.5707964,0.0
1970-01-01 00:00:04.126855040,4.12685504,0.0,0.0,0.0,0.0,149.16142,0.0,0.0,0.0,-1.5707964,0.0
1970-01-01 00:00:04.132200286,4.132200286,0.0,486.67953,0.0,0.0,0.0,0.0,0.0,0.0,-1.5707964,0.0
1970-01-01 00:00:04.136592025,4.136592025,0.0,107.87005,0.0,0.0,0.0,0.0,0.0,0.0,-1.5707964,0.0
1970-01-01 00:00:04.198560410,4.19856041,0.0,195.60594,0.0,0.0,0.0,0.0,0.0,0.0,-1.5707964,0.0
1970-01-01 00:00:04.209256218,4.209256218,0.0,82.708084,0.0,0.0,0.0,0.0,0.0,0.0,-1.5707964,0.0
1970-01-01 00:00:04.213199366,4.213199366,102.270615,0.0,0.0,0.0,0.0,0.0,0.0,0.0,-1.5707964,0.0
1970-01-01 00:00:04.220458742,4.220458742,0.0,0.0,0.0,0.0,371.26324,0.0,0.0,0.0,-1.5707964,0.0
1970-01-01 00:00:04.253621382,4.253621382,0.0,96.61769,0.0,0.0,0.0,0.0,0.0,0.0,-1.5707964,0.0
1970-01-01 00:00:04.255492667,4.255492668,0.0,0.0,0.0,0.0,81.08463,0.0,0.0,0.0,-1.5707964,0.0
1970-01-01 00:00:04.261362278,4.261362279,0.0,163.08475,0.0,0.0,0.0,0.0,0.0,0.0,-1.5707964,0.0
1970-01-01 00:00:04.267758021,4.267758021,0.0,0.0,0.0,82.44351,0.0,0.0,0.0,0.0,-1.5707964,0.0
1970-01-01 00:00:04.268497492,4.268497492,0.0,0.0,0.0,172.1244,0.0,0.0,0.0,0.0,-1.5707964,0.0
1970-01-01 00:00:04.278706607,4.278706607,0.0,0.0,0.0,0.0,228.98318,0.0,0.0,0.0,-1.5707964,0.0
1970-01-01 00:00:04.291926649,4.291926649,0.0,81.115486,0.0,0.0,0.0,0.0,0.0,0.0,-1.5707964,0.0
1970-01-01 00:00:04.303273492,4.303273492,0.0,0.0,0.0,0.0,148.99686,0.0,0.0,0.0,-1.5707964,0.0
1970-01-01 00:00:04.308218489,4.308218489,0.0,0.0,0.0,0.0,168.8013,0.0,0.0,0.0,-1.5707964,0.0
1970-01-01 00:00:04.357142205,4.357142205,0.0,88.67287,0.0,0.0,0.0,0.0,0.0,0.0,-1.5707964,0.0
1970-01-01 00:00:04.357164938,4.357164938,0.0,0.0,0.0,207.42772,0.0,0.0,0.0,0.0,-1.5707964,0.0
1970-01-01 00:00:04.359928153,4.359928153,0.0,296.19522,0.0,0.0,0.0,0.0,0.0,0.0,-1.5707964,0.0
1970-01-01 00:00:04.362374399,4.362374399,0.0,82.660324,0.0,0.0,0.0,0.0,0.0,0.0,-1.5707964,0.0
1970-01-01 00:00:04.364611822,4.364611822,0.0,0.0,0.0,0.0,0.0,120.50986,0.0,0.0,-1.5707964,0.0
1970-01-01 00:00:04.367298804,4.367298804,0.0,88.45286,0.0,0.0,0.0,0.0,0.0,0.0,-1.5707964,0.0
1970-01-01 00:00:04.397572514,4.397572514,208.92734,0.0,0.0,0.0,0.0,0.0,0.0,0.0,-1.5707964,0.0
1970-01-01 00:00:04.405054640,4.40505464,0.0,0.0,0.0,246.95657,0.0,0.0,0.0,0.0,-1.5707964,0.0
1970-01-01 00:00:04.407922619,4.407922619,0.0,0.0,0.0,0.0,107.284195,0.0,0.0,0.0,-1.5707964,0.0
1970-01-01 00:00:04.450344702,4.450344702,0.0,0.0,0.0,0.0,135.9359,0.0,0.0,0.0,-1.5707964,0.0
1970-01-01 00:00:04.452239885,4.452239885,0.0,0.0,0.0,0.0,158.17361,0.0,0.0,0.0,-1.5707964,0.0
1970-01-01 00:00:04.452825759,4.4528257589999996,0.0,0.0,0.0,0.0,0.0,91.85713,0.0,0.0,-1.5707964,0.0
1970-01-01 00:00:04.457207541,4.457207541,0.0,0.0,0.0,0.0,270.0891,0.0,0.0,0.0,-1.5707964,0.0
1970-01-01 00:00:04.463288281,4.463288281,0.0,0.0,0.0,0.0,261.88177,0.0,0.0,0.0,-1.5707964,0.0
1970-01-01 00:00:04.479313359,4.479313359,108.10947,0.0,0.0,0.0,0.0,0.0,0.0,0.0,-1.5707964,0.0
1970-01-01 00:00:04.483532408,4.483532408,0.0,0.0,0.0,116.54217,0.0,0.0,0.0,0.0,-1.5707964,0.0
1970-01-01 00:00:04.515945745,4.515945745,0.0,85.497,0.0,0.0,0.0,0.0,0.0,0.0,-1.5707964,0.0
1970-01-01 00:00:04.526291906,4.526291906,0.0,0.0,0.0,0.0,99.38717,0.0,0.0,0.0,-1.5707964,0.0
1970-01-01 00:00:04.532961535,4.532961535,0.0,208.9008,0.0,0.0,0.0,0.0,0.0,0.0,-1.5707964,0.0
1970-01-01 00:00:04.533524526,4.533524526,0.0,82.8901,0.0,0.0,0.0,0.0,0.0,0.0,-1.5707964,0.0
1970-01-01 00:00:04.535847066,4.535847066,0.0,0.0,0.0,0.0,129.85896,0.0,0.0,0.0,-1.5707964,0.0
1970-01-01 00:00:04.537358677,4.537358677,0.0,0.0,0.0,0.0,84.3967,0.0,0.0,0.0,-1.5707964,0.0
1970-01-01 00:00:04.542124161,4.542124161,235.33528,0.0,0.0,0.0,0.0,0.0,0.0,0.0,-1.5707964,0.0
1970-01-01 00:00:04.561303233,4.561303233,0.0,136.43663,0.0,0.0,0.0,0.0,0.0,0.0,-1.5707964,0.0
1970-01-01 00:00:04.570235427,4.570235427,0.0,106.563835,0.0,0.0,0.0,0.0,0.0,0.0,-1.5707964,0.0
1970-01-01 00:00:04.583078640,4.58307864,119.53992,0.0,0.0,0.0,0.0,0.0,0.0,0.0,-1.5707964,0.0
1970-01-01 00:00:04.583912135,4.583912135,104.8746,0.0,0.0,0.0,0.0,0.0,0.0,0.0,-1.5707964,0.0
1970-01-01 00:00:04.587694573,4.587694573,0.0,0.0,0.0,0.0,0.0,87.895164,0.0,0.0,-1.5707964,0.0
1970-01-01 00:00:04.623088986,4.623088986,0.0,0.0,0.0,0.0,173.11105,0.0,0.0,0.0,-1.5707964,0.0
1970-01-01 00:00:04.626843218,4.626843218,293.47046,0.0,0.0,0.0,0.0,0.0,0.0,0.0,-1.5707964,0.0
1970-01-01 00:00:04.627469932,4.627469932,0.0,97.51643,0.0,0.0,0.0,0.0,0.0,0.0,-1.5707964,0.0
1970-01-01 00:00:04.628508624,4.628508624,0.0,80.12044,0.0,0.0,0.0,0.0,0.0,0.0,-1.5707964,0.0
1970-01-01 00:00:04.631200093,4.631200093,0.0,0.0,0.0,0.0,192.5469,0.0,0.0,0.0,-1.5707964,0.0
1970-01-01 00:00:04.632061993,4.632061993,0.0,0.0,0.0,0.0,129.79666,0.0,0.0,0.0,-1.5707964,0.0
1970-01-01 00:00:04.634868906,4.634868906,0.0,0.0,0.0,124.277855,0.0,0.0,0.0,0.0,-1.5707964,0.0
1970-01-01 00:00:04.635355090,4.63535509,216.83437,0.0,0.0,0.0,0.0,0.0,0.0,0.0,-1.5707964,0.0
1970-01-01 00:00:04.635418840,4.63541884,0.0,0.0,289.90622,0.0,0.0,0.0,0.0,0.0,-1.5707964,0.0
1970-01-01 00:00:04.639715032,4.639715032,84.72223,0.0,0.0,0.0,0.0,0.0,0.0,0.0,-1.5707964,0.0
1970-01-01 00:00:04.640546103,4.640546103,0.0,0.0,0.0,0.0,0.0,96.46236,0.0,0.0,-1.5707964,0.0
1970-01-01 00:00:04.640606430,4.64060643,0.0,113.502426,0.0,0.0,0.0,0.0,0.0,0.0,-1.5707964,0.0
1970-01-01 00:00:04.641158549,4.641158549,0.0,215.44788,0.0,0.0,0.0,0.0,0.0,0.0,-1.5707964,0.0
1970-01-01 00:00:04.641553253,4.641553253,257.89856,0.0,0.0,0.0,0.0,0.0,0.0,0.0,-1.5707964,0.0
1970-01-01 00:00:04.642199948,4.642199948,0.0,0.0,0.0,218.23193,0.0,0.0,0.0,0.0,-1.5707964,0.0
1970-01-01 00:00:04.642715872,4.642715872,0.0,138.69312,0.0,0.0,0.0,0.0,0.0,0.0,-1.5707964,0.0
1970-01-01 00:00:04.643046611,4.643046611,0.0,0.0,0.0,0.0,141.68532,0.0,0.0,0.0,-1.5707964,0.0
1970-01-01 00:00:04.646564643,4.646564643,0.0,172.84134,0.0,0.0,0.0,0.0,0.0,0.0,-1.5707964,0.0
1970-01-01 00:00:04.648461887,4.648461887,128.04008,0.0,0.0,0.0,0.0,0.0,0.0,0.0,-1.5707964,0.0
1970-01-01 00:00:04.649037961,4.649037961,0.0,0.0,0.0,0.0,0.0,137.56313,0.0,0.0,-1.5707964,0.0
1970-01-01 00:00:04.651831899,4.651831899,137.71071,0.0,0.0,0.0,0.0,0.0,0.0,0.0,-1.5707964,0.0
1970-01-01 00:00:04.652667489,4.652667489,0.0,247.64978,0.0,0.0,0.0,0.0,0.0,0.0,-1.5707964,0.0
