datetime,timestamp[s],bgo_z1[keV],bgo_z0[keV],bgo_x1[keV],bgo_x0[keV],bgo_y1[keV],bgo_y0[keV],latX,lonX,latZ,lonZ
1970-01-01 00:00:00.006958573,0.006958573,0.0,0.0,0.0,0.0,0.0,106.929184,0.0,0.0,-1.5707964,0.0
1970-01-01 00:00:00.007168532,0.007168532,0.0,0.0,83.288956,0.0,0.0,0.0,0.0,0.0,-1.5707964,0.0
1970-01-01 00:00:00.008003751,0.008003752,0.0,0.0,1378.6456,0.0,0.0,0.0,0.0,0.0,-1.5707964,0.0
1970-01-01 00:00:00.008686144,0.008686144,0.0,0.0,183.18288,0.0,0.0,0.0,0.0,0.0,-1.5707964,0.0
1970-01-01 00:00:00.009195292,0.009195292,0.0,0.0,263.1737,0.0,0.0,0.0,0.0,0.0,-1.5707964,0.0
1970-01-01 00:00:00.009326300,0.0093263,0.0,0.0,177.63617,0.0,0.0,0.0,0.0,0.0,-1.5707964,0.0
1970-01-01 00:00:00.009326953,0.009326953,757.9493,0.0,0.0,0.0,0.0,0.0,0.0,0.0,-1.5707964,0.0
1970-01-01 00:00:00.013178108,0.013178108,0.0,0.0,0.0,0.0,487.8729,0.0,0.0,0.0,-1.5707964,0.0
1970-01-01 00:00:00.013685032,0.013685032,0.0,108.20541,0.0,0.0,0.0,0.0,0.0,0.0,-1.5707964,0.0
1970-01-01 00:00:00.016197980,0.01619798,0.0,338.38913,0.0,0.0,0.0,0.0,0.0,0.0,-1.5707964,0.0
1970-01-01 00:00:00.016455458,0.016455458,0.0,0.0,222.8631,0.0,0.0,0.0,0.0,0.0,-1.5707964,0.0
1970-01-01 00:00:00.016642042,0.016642042,0.0,0.0,0.0,0.0,0.0,209.32713,0.0,0.0,-1.5707964,0.0
1970-01-01 00:00:00.018034123,0.018034123,0.0,0.0,96.490746,0.0,0.0,0.0,0.0,0.0,-1.5707964,0.0
1970-01-01 00:00:00.020015459,0.020015459,0.0,0.0,0.0,0.0,0.0,165.27312,0.0,0.0,-1.5707964,0.0
1970-01-01 00:00:00.024632862,0.024632862,81.853836,0.0,0.0,0.0,0.0,0.0,0.0,0.0,-1.5707964,0.0
1970-01-01 00:00:00.025490557,0.025490557,0.0,0.0,0.0,0.0,0.0,192.52577,0.0,0.0,-1.5707964,0.0
1970-01-01 00:00:00.026087628,0.026087628,0.0,0.0,84.17291,0.0,0.0,0.0,0.0,0.0,-1.5707964,0.0
1970-01-01 00:00:00.027042166,0.027042166,209.76215,0.0,0.0,0.0,0.0,0.0,0.0,0.0,-1.5707964,0.0
1970-01-01 00:00:00.027160233,0.027160233,0.0,0.0,149.27872,0.0,0.0,0.0,0.0,0.0,-1.5707964,0.0
1970-01-01 00:00:00.027746407,0.027746407,261.07587,0.0,0.0,0.0,0.0,0.0,0.0,0.0,-1.5707964,0.0
1970-01-01 00:00:00.028211710,0.02821171,496.04562,0.0,0.0,0.0,0.0,0.0,0.0,0.0,-1.5707964,0.0
1970-01-01 00:00:00.029120855,0.029120855,0.0,0.0,0.0,0.0,0.0,140.62393,0.0,0.0,-1.5707964,0.0
1970-01-01 00:00:00.029120855,0.029120855,0.0,0.0,0.0,0.0,0.0,551.30145,0.0,0.0,-1.5707964,0.0
1970-01-01 00:00:00.029302510,0.02930251,0.0,0.0,411.99072,0.0,0.0,0.0,0.0,0.0,-1.5707964,0.0
1970-01-01 00:00:00.029687246,0.029687246,673.4061,0.0,0.0,0.0,0.0,0.0,0.0,0.0,-1.5707964,0.0
1970-01-01 00:00:00.030537664,0.030537664,0.0,0.0,0.0,0.0,134.97314,0.0,0.0,0.0,-1.5707964,0.0
1970-01-01 00:00:00.030712380,0.03071238,1103.8756,0.0,0.0,0.0,0.0,0.0,0.0,0.0,-1.5707964,0.0
1970-01-01 00:00:00.030968610,0.03096861,0.0,0.0,86.20789,0.0,0.0,0.0,0.0,0.0,-1.5707964,0.0
1970-01-01 00:00:00.031549287,0.031549287,0.0,89.63828,0.0,0.0,0.0,0.0,0.0,0.0,-1.5707964,0.0
1970-01-01 00:00:00.032206472,0.032206472,0.0,0.0,411.4144,0.0,0.0,0.0,0.0,0.0,-1.5707964,0.0
1970-01-01 00:00:00.032579081,0.032579081,0.0,163.96045,0.0,0.0,0.0,0.0,0.0,0.0,-1.5707964,0.0
1970-01-01 00:00:00.032713147,0.032713148,0.0,0.0,197.35617,0.0,0.0,0.0,0.0,0.0,-1.5707964,0.0
1970-01-01 00:00:00.032899263,0.032899264,0.0,0.0,103.61339,0.0,0.0,0.0,0.0,0.0,-1.5707964,0.0
1970-01-01 00:00:00.033787524,0.033787524,0.0,0.0,0.0,139.37402,0.0,0.0,0.0,0.0,-1.5707964,0.0
1970-01-01 00:00:00.033796894,0.033796894,1061.1578,0.0,0.0,0.0,0.0,0.0,0.0,0.0,-1.5707964,0.0
1970-01-01 00:00:00.033834383,0.033834383,0.0,0.0,133.67558,0.0,0.0,0.0,0.0,0.0,-1.5707964,0.0
1970-01-01 00:00:00.033914173,0.033914173,0.0,0.0,893.6424,0.0,0.0,0.0,0.0,0.0,-1.5707964,0.0
1970-01-01 00:00:00.033996105,0.033996105,0.0,0.0,0.0,0.0,0.0,115.37705,0.0,0.0,-1.5707964,0.0
1970-01-01 00:00:00.034191024,0.034191024,0.0,0.0,0.0,0.0,0.0,197.22911,0.0,0.0,-1.5707964,0.0
1970-01-01 00:00:00.034284361,0.034284361,0.0,0.0,0.0,0.0,215.90657,0.0,0.0,0.0,-1.5707964,0.0
1970-01-01 00:00:00.034448539,0.034448539,0.0,0.0,1013.55164,0.0,0.0,0.0,0.0,0.0,-1.5707964,0.0
1970-01-01 00:00:00.035136105,0.035136105,0.0,0.0,0.0,0.0,0.0,216.24355,0.0,0.0,-1.5707964,0.0
1970-01-01 00:00:00.035273317,0.035273317,0.0,0.0,1181.2323,0.0,0.0,0.0,0.0,0.0,-1.5707964,0.0
1970-01-01 00:00:00.035602418,0.035602418,0.0,0.0,1543.1768,0.0,0.0,0.0,0.0,0.0,-1.5707964,0.0
1970-01-01 00:00:00.035616414,0.035616414,0.0,0.0,0.0,0.0,252.76894,0.0,0.0,0.0,-1.5707964,0.0
1970-01-01 00:00:00.036303758,0.036303758,0.0,0.0,290.0665,0.0,0.0,0.0,0.0,0.0,-1.5707964,0.0
1970-01-01 00:00:00.036461798,0.036461798,0.0,0.0,953.46875,0.0,0.0,0.0,0.0,0.0,-1.5707964,0.0
1970-01-01 00:00:00.036804155,0.036804155,0.0,0.0,0.0,0.0,0.0,802.403,0.0,0.0,-1.5707964,0.0
1970-01-01 00:00:00.037619195,0.037619195,161.52988,0.0,0.0,0.0,0.0,0.0,0.0,0.0,-1.5707964,0.0
1970-01-01 00:00:00.037956688,0.037956688,0.0,0.0,383.4564,0.0,0.0,0.0,0.0,0.0,-1.5707964,0.0
1970-01-01 00:00:00.038146390,0.03814639,0.0,0.0,315.3456,0.0,0.0,0.0,0.0,0.0,-1.5707964,0.0
1970-01-01 00:00:00.038436225,0.038436225,108.16468,0.0,0.0,0.0,0.0,0.0,0.0,0.0,-1.5707964,0.0
1970-01-01 00:00:00.038833096,0.038833096,0.0,0.0,0.0,0.0,508.7691,0.0,0.0,0.0,-1.5707964,0.0
1970-01-01 00:00:00.039392367,0.039392367,0.0,0.0,0.0,0.0,915.5404,0.0,0.0,0.0,-1.5707964,0.0
1970-01-01 00:00:00.039600127,0.039600127,0.0,0.0,213.42769,0.0,0.0,0.0,0.0,0.0,-1.5707964,0.0
1970-01-01 00:00:00.040563550,0.04056355,0.0,0.0,663.7575,0.0,0.0,0.0,0.0,0.0,-1.5707964,0.0
1970-01-01 00:00:00.040563550,0.04056355,0.0,0.0,0.0,0.0,0.0,169.56953,0.0,0.0,-1.5707964,0.0
1970-01-01 00:00:00.040563550,0.04056355,0.0,0.0,0.0,0.0,0.0,776.57825,0.0,0.0,-1.5707964,0.0
1970-01-01 00:00:00.040981218,0.040981218,0.0,0.0,512.6707,0.0,0.0,0.0,0.0,0.0,-1.5707964,0.0
1970-01-01 00:00:00.041813919,0.041813919,0.0,0.0,813.62775,0.0,0.0,0.0,0.0,0.0,-1.5707964,0.0
1970-01-01 00:00:00.042290250,0.04229025,560.18726,0.0,0.0,0.0,0.0,0.0,0.0,0.0,-1.5707964,0.0
1970-01-01 00:00:00.042364127,0.042364127,0.0,0.0,0.0,0.0,0.0,212.95245,0.0,0.0,-1.5707964,0.0
1970-01-01 00:00:00.042634789,0.042634789,0.0,0.0,0.0,0.0,958.6307,0.0,0.0,0.0,-1.5707964,0.0
1970-01-01 00:00:00.042829955,0.042829955,0.0,0.0,0.0,1154.0071,0.0,0.0,0.0,0.0,-1.5707964,0.0
1970-01-01 00:00:00.043001453,0.043001453,0.0,0.0,574.5877,0.0,0.0,0.0,0.0,0.0,-1.5707964,0.0
1970-01-01 00:00:00.044525216,0.044525216,0.0,0.0,165.95975,0.0,0.0,0.0,0.0,0.0,-1.5707964,0.0
1970-01-01 00:00:00.044525216,0.044525216,0.0,0.0,0.0,0.0,195.14737,0.0,0.0,0.0,-1.5707964,0.0
1970-01-01 00:00:00.044613695,0.044613695,0.0,0.0,277.44745,0.0,0.0,0.0,0.0,0.0,-1.5707964,0.0
1970-01-01 00:00:00.045668512,0.045668512,0.0,0.0,206.05699,0.0,0.0,0.0,0.0,0.0,-1.5707964,0.0
1970-01-01 00:00:00.045776873,0.045776873,0.0,0.0,0.0,0.0,0.0,1208.5807,0.0,0.0,-1.5707964,0.0
1970-01-01 00:00:00.046988594,0.046988594,0.0,0.0,1257.3275,0.0,0.0,0.0,0.0,0.0,-1.5707964,0.0
1970-01-01 00:00:00.047810076,0.047810076,0.0,0.0,0.0,0.0,0.0,1213.232,0.0,0.0,-1.5707964,0.0
1970-01-01 00:00:00.048891482,0.048891482,0.0,0.0,369.59824,0.0,0.0,0.0,0.0,0.0,-1.5707964,0.0
1970-01-01 00:00:00.049084531,0.049084531,0.0,0.0,0.0,0.0,481.82758,0.0,0.0,0.0,-1.5707964,0.0
1970-01-01 00:00:00.049266819,0.049266819,0.0,0.0,173.27171,0.0,0.0,0.0,0.0,0.0,-1.5707964,0.0
1970-01-01 00:00:00.049278319,0.049278319,0.0,0.0,0.0,0.0,181.97849,0.0,0.0,0.0,-1.5707964,0.0
1970-01-01 00:00:00.049700024,0.049700024,0.0,0.0,131.0252,0.0,0.0,0.0,0.0,0.0,-1.5707964,0.0
1970-01-01 00:00:00.049767920,0.04976792,362.07645,0.0,0.0,0.0,0.0,0.0,0.0,0.0,-1.5707964,0.0
1970-01-01 00:00:00.049953058,0.049953058,0.0,0.0,331.04025,0.0,0.0,0.0,0.0,0.0,-1.5707964,0.0
1970-01-01 00:00:00.050204624,0.050204624,0.0,0.0,275.55374,0.0,0.0,0.0,0.0,0.0,-1.5707964,0.0
1970-01-01 00:00:00.050247975,0.050247975,0.0,0.0,0.0,0.0,118.07534,0.0,0.0,0.0,-1.5707964,0.0
1970-01-01 00:00:00.050662772,0.050662772,0.0,0.0,0.0,0.0,270.38657,0.0,0.0,0.0,-1.5707964,0.0
1970-01-01 00:00:00.050831759,0.050831759,0.0,0.0,0.0,0.0,84.97998,0.0,0.0,0.0,-1.5707964,0.0
1970-01-01 00:00:00.051034294,0.051034294,0.0,0.0,89.651566,0.0,0.0,0.0,0.0,0.0,-1.5707964,0.0
1970-01-01 00:00:00.051827655,0.051827655,0.0,322.83786,0.0,0.0,0.0,0.0,0.0,0.0,-1.5707964,0.0
1970-01-01 00:00:00.052055011,0.052055011,0.0,0.0,813.1803,0.0,0.0,0.0,0.0,0.0,-1.5707964,0.0
1970-01-01 00:00:00.052211165,0.052211165,0.0,0.0,0.0,0.0,0.0,379.13632,0.0,0.0,-1.5707964,0.0
1970-01-01 00:00:00.052570418,0.052570418,0.0,0.0,87.71042,0.0,0.0,0.0,0.0,0.0,-1.5707964,0.0
1970-01-01 00:00:00.053179376,0.053179376,0.0,0.0,0.0,0.0,0.0,181.00583,0.0,0.0,-1.5707964,0.0
1970-01-01 00:00:00.053518597,0.053518597,0.0,0.0,104.95055,0.0,0.0,0.0,0.0,0.0,-1.5707964,0.0
1970-01-01 00:00:00.053668498,0.053668498,0.0,0.0,0.0,0.0,0.0,131.89836,0.0,0.0,-1.5707964,0.0
1970-01-01 00:00:00.053728768,0.053728768,0.0,0.0,432.3905,0.0,0.0,0.0,0.0,0.0,-1.5707964,0.0
1970-01-01 00:00:00.053747603,0.053747603,0.0,0.0,108.10361,0.0,0.0,0.0,0.0,0.0,-1.5707964,0.0
1970-01-01 00:00:00.053797854,0.053797854,0.0,0.0,408.04642,0.0,0.0,0.0,0.0,0.0,-1.5707964,0.0
1970-01-01 00:00:00.054085639,0.054085639,0.0,0.0,399.78223,0.0,0.0,0.0,0.0,0.0,-1.5707964,0.0
1970-01-01 00:00:00.055072000,0.055072,0.0,0.0,122.51836,0.0,0.0,0.0,0.0,0.0,-1.5707964,0.0
1970-01-01 00:00:00.055084811,0.055084811,0.0,0.0,84.80909,0.0,0.0,0.0,0.0,0.0,-1.5707964,0.0
1970-01-01 00:00:00.055241365,0.055241365,0.0,0.0,0.0,0.0,0.0,183.17474,0.0,0.0,-1.5707964,0.0
1970-01-01 00:00:00.055470807,0.055470807,0.0,0.0,142.18958,0.0,0.0,0.0,0.0,0.0,-1.5707964,0.0
1970-01-01 00:00:00.055510841,0.055510841,0.0,297.56503,0.0,0.0,0.0,0.0,0.0,0.0,-1.5707964,0.0
1970-01-01 00:00:00.055510841,0.055510841,0.0,0.0,144.90608,0.0,0.0,0.0,0.0,0.0,-1.5707964,0.0
1970-01-01 00:00:00.055886551,0.055886551,0.0,0.0,0.0,0.0,109.60531,0.0,0.0,0.0,-1.5707964,0.0
1970-01-01 00:00:00.055943654,0.055943654,0.0,0.0,224.84239,0.0,0.0,0.0,0.0,0.0,-1.5707964,0.0
1970-01-01 00:00:00.056182318,0.056182318,0.0,0.0,377.09338,0.0,0.0,0.0,0.0,0.0,-1.5707964,0.0
1970-01-01 00:00:00.056291038,0.056291038,0.0,0.0,0.0,0.0,0.0,322.1821,0.0,0.0,-1.5707964,0.0
1970-01-01 00:00:00.056494564,0.056494564,0.0,0.0,980.61383,0.0,0.0,0.0,0.0,0.0,-1.5707964,0.0
1970-01-01 00:00:00.056561165,0.056561165,0.0,0.0,353.11432,0.0,0.0,0.0,0.0,0.0,-1.5707964,0.0
1970-01-01 00:00:00.056671872,0.056671872,0.0,0.0,511.77594,0.0,0.0,0.0,0.0,0.0,-1.5707964,0.0
1970-01-01 00:00:00.056728695,0.056728695,0.0,0.0,0.0,0.0,123.99501,0.0,0.0,0.0,-1.5707964,0.0
1970-01-01 00:00:00.056742577,0.056742577,0.0,0.0,942.135,0.0,0.0,0.0,0.0,0.0,-1.5707964,0.0
1970-01-01 00:00:00.056887101,0.056887101,0.0,0.0,519.71814,0.0,0.0,0.0,0.0,0.0,-1.5707964,0.0
1970-01-01 00:00:00.057110273,0.057110273,0.0,0.0,0.0,0.0,0.0,1631.5945,0.0,0.0,-1.5707964,0.0
1970-01-01 00:00:00.057282271,0.057282271,0.0,0.0,0.0,0.0,0.0,788.2505,0.0,0.0,-1.5707964,0.0
1970-01-01 00:00:00.057290318,0.057290318,0.0,0.0,0.0,387.51297,0.0,0.0,0.0,0.0,-1.5707964,0.0
1970-01-01 00:00:00.057306418,0.057306418,0.0,0.0,394.24017,0.0,0.0,0.0,0.0,0.0,-1.5707964,0.0
1970-01-01 00:00:00.057403778,0.057403778,0.0,0.0,608.2675,0.0,0.0,0.0,0.0,0.0,-1.5707964,0.0
1970-01-01 00:00:00.057640323,0.057640323,0.0,0.0,0.0,0.0,0.0,1185.9744,0.0,0.0,-1.5707964,0.0
1970-01-01 00:00:00.058144207,0.058144207,0.0,0.0,0.0,0.0,390.84076,0.0,0.0,0.0,-1.5707964,0.0
1970-01-01 00:00:00.058450343,0.058450343,0.0,0.0,0.0,0.0,163.32678,0.0,0.0,0.0,-1.5707964,0.0
1970-01-01 00:00:00.058832097,0.058832097,0.0,0.0,616.2247,0.0,0.0,0.0,0.0,0.0,-1.5707964,0.0
1970-01-01 00:00:00.058863440,0.05886344,0.0,0.0,221.08919,0.0,0.0,0.0,0.0,0.0,-1.5707964,0.0
1970-01-01 00:00:00.058931115,0.058931115,0.0,0.0,222.96733,0.0,0.0,0.0,0.0,0.0,-1.5707964,0.0
1970-01-01 00:00:00.059078334,0.059078334,0.0,0.0,256.52316,0.0,0.0,0.0,0.0,0.0,-1.5707964,0.0
1970-01-01 00:00:00.059101502,0.059101502,0.0,0.0,0.0,0.0,0.0,707.8343,0.0,0.0,-1.5707964,0.0
1970-01-01 00:00:00.059401747,0.059401747,0.0,0.0,364.96768,0.0,0.0,0.0,0.0,0.0,-1.5707964,0.0
1970-01-01 00:00:00.059565863,0.059565863,0.0,0.0,405.00687,0.0,0.0,0.0,0.0,0.0,-1.5707964,0.0
1970-01-01 00:00:00.059758265,0.059758265,0.0,0.0,0.0,0.0,440.047,0.0,0.0,0.0,-1.5707964,0.0
1970-01-01 00:00:00.059758265,0.059758265,0.0,0.0,0.0,0.0,568.6904,0.0,0.0,0.0,-1.5707964,0.0
1970-01-01 00:00:00.059841413,0.059841413,387.59195,0.0,0.0,0.0,0.0,0.0,0.0,0.0,-1.5707964,0.0
1970-01-01 00:00:00.059841413,0.059841413,0.0,0.0,728.08734,0.0,0.0,0.0,0.0,0.0,-1.5707964,0.0
1970-01-01 00:00:00.059908247,0.059908247,0.0,0.0,222.5481,0.0,0.0,0.0,0.0,0.0,-1.5707964,0.0
1970-01-01 00:00:00.059908247,0.059908247,0.0,0.0,226.36768,0.0,0.0,0.0,0.0,0.0,-1.5707964,0.0
1970-01-01 00:00:00.059935649,0.059935649,0.0,0.0,97.274895,0.0,0.0,0.0,0.0,0.0,-1.5707964,0.0
1970-01-01 00:00:00.059983140,0.05998314,0.0,0.0,0.0,436.3269,0.0,0.0,0.0,0.0,-1.5707964,0.0
1970-01-01 00:00:00.060140622,0.060140622,0.0,0.0,153.1605,0.0,0.0,0.0,0.0,0.0,-1.5707964,0.0
1970-01-01 00:00:00.060377301,0.060377301,0.0,0.0,0.0,461.19922,0.0,0.0,0.0,0.0,-1.5707964,0.0
1970-01-01 00:00:00.060822975,0.060822975,0.0,0.0,366.3855,0.0,0.0,0.0,0.0,0.0,-1.5707964,0.0
1970-01-01 00:00:00.060890432,0.060890432,0.0,0.0,85.552795,0.0,0.0,0.0,0.0,0.0,-1.5707964,0.0
1970-01-01 00:00:00.060937668,0.060937668,0.0,0.0,453.09174,0.0,0.0,0.0,0.0,0.0,-1.5707964,0.0
1970-01-01 00:00:00.061002069,0.061002069,0.0,0.0,108.041306,0.0,0.0,0.0,0.0,0.0,-1.5707964,0.0
1970-01-01 00:00:00.061177657,0.061177657,0.0,0.0,244.94019,0.0,0.0,0.0,0.0,0.0,-1.5707964,0.0
1970-01-01 00:00:00.061213041,0.061213041,0.0,0.0,0.0,0.0,0.0,395.51273,0.0,0.0,-1.5707964,0.0
1970-01-01 00:00:00.061530425,0.061530425,0.0,135.78975,0.0,0.0,0.0,0.0,0.0,0.0,-1.5707964,0.0
1970-01-01 00:00:00.061652076,0.061652076,0.0,0.0,255.15855,0.0,0.0,0.0,0.0,0.0,-1.5707964,0.0
1970-01-01 00:00:00.061946770,0.06194677,0.0,0.0,110.21948,0.0,0.0,0.0,0.0,0.0,-1.5707964,0.0
1970-01-01 00:00:00.062110178,0.062110178,0.0,0.0,309.4053,0.0,0.0,0.0,0.0,0.0,-1.5707964,0.0
1970-01-01 00:00:00.062236344,0.062236344,0.0,0.0,88.900925,0.0,0.0,0.0,0.0,0.0,-1.5707964,0.0
1970-01-01 00:00:00.062350283,0.062350283,0.0,0.0,0.0,0.0,0.0,107.48274,0.0,0.0,-1.5707964,0.0
1970-01-01 00:00:00.062752512,0.062752513,0.0,0.0,656.22363,0.0,0.0,0.0,0.0,0.0,-1.5707964,0.0
1970-01-01 00:00:00.062885539,0.062885539,2549.9568,0.0,0.0,0.0,0.0,0.0,0.0,0.0,-1.5707964,0.0
1970-01-01 00:00:00.063006242,0.063006242,0.0,0.0,0.0,1025.7521,0.0,0.0,0.0,0.0,-1.5707964,0.0
1970-01-01 00:00:00.063106173,0.063106173,0.0,0.0,172.34238,0.0,0.0,0.0,0.0,0.0,-1.5707964,0.0
1970-01-01 00:00:00.063302832,0.063302832,0.0,0.0,151.30696,0.0,0.0,0.0,0.0,0.0,-1.5707964,0.0
1970-01-01 00:00:00.063590199,0.063590199,0.0,0.0,0.0,0.0,676.0041,0.0,0.0,0.0,-1.5707964,0.0
1970-01-01 00:00:00.064011490,0.06401149,0.0,0.0,950.43463,0.0,0.0,0.0,0.0,0.0,-1.5707964,0.0
1970-01-01 00:00:00.064089767,0.064089767,0.0,0.0,126.75074,0.0,0.0,0.0,0.0,0.0,-1.5707964,0.0
1970-01-01 00:00:00.064245062,0.064245062,0.0,0.0,0.0,0.0,0.0,1404.5208,0.0,0.0,-1.5707964,0.0
1970-01-01 00:00:00.064245062,0.064245062,0.0,0.0,310.27716,0.0,0.0,0.0,0.0,0.0,-1.5707964,0.0
1970-01-01 00:00:00.064338187,0.064338187,0.0,0.0,0.0,0.0,149.16908,0.0,0.0,0.0,-1.5707964,0.0
1970-01-01 00:00:00.064416402,0.064416402,0.0,0.0,0.0,80.19985,0.0,0.0,0.0,0.0,-1.5707964,0.0
1970-01-01 00:00:00.064550061,0.064550061,0.0,0.0,332.60376,0.0,0.0,0.0,0.0,0.0,-1.5707964,0.0
1970-01-01 00:00:00.064667473,0.064667473,0.0,0.0,108.38201,0.0,0.0,0.0,0.0,0.0,-1.5707964,0.0
1970-01-01 00:00:00.064770509,0.064770509,83.718636,0.0,0.0,0.0,0.0,0.0,0.0,0.0,-1.5707964,0.0
1970-01-01 00:00:00.064792791,0.064792791,145.80478,0.0,0.0,0.0,0.0,0.0,0.0,0.0,-1.5707964,0.0
1970-01-01 00:00:00.064981591,0.064981591,0.0,0.0,249.79515,0.0,0.0,0.0,0.0,0.0,-1.5707964,0.0
1970-01-01 00:00:00.065055241,0.065055241,108.33897,0.0,0.0,0.0,0.0,0.0,0.0,0.0,-1.5707964,0.0
1970-01-01 00:00:00.065080968,0.065080968,0.0,0.0,477.12814,0.0,0.0,0.0,0.0,0.0,-1.5707964,0.0
1970-01-01 00:00:00.065101195,0.065101195,0.0,0.0,135.56848,0.0,0.0,0.0,0.0,0.0,-1.5707964,0.0
1970-01-01 00:00:00.065166525,0.065166525,0.0,0.0,0.0,0.0,0.0,311.98636,0.0,0.0,-1.5707964,0.0
1970-01-01 00:00:00.065215840,0.06521584,0.0,0.0,727.05066,0.0,0.0,0.0,0.0,0.0,-1.5707964,0.0
1970-01-01 00:00:00.065227296,0.065227296,0.0,0.0,139.14996,0.0,0.0,0.0,0.0,0.0,-1.5707964,0.0
1970-01-01 00:00:00.065485923,0.065485923,0.0,0.0,349.35162,0.0,0.0,0.0,0.0,0.0,-1.5707964,0.0
1970-01-01 00:00:00.065532262,0.065532263,0.0,0.0,137.10365,0.0,0.0,0.0,0.0,0.0,-1.5707964,0.0
1970-01-01 00:00:00.065546713,0.065546713,0.0,0.0,277.62796,0.0,0.0,0.0,0.0,0.0,-1.5707964,0.0
1970-01-01 00:00:00.065702909,0.065702909,0.0,0.0,88.48149,0.0,0.0,0.0,0.0,0.0,-1.5707964,0.0
1970-01-01 00:00:00.065896871,0.065896872,0.0,0.0,0.0,0.0,0.0,433.6426,0.0,0.0,-1.5707964,0.0
1970-01-01 00:00:00.065944170,0.065944171,0.0,0.0,1304.679,0.0,0.0,0.0,0.0,0.0,-1.5707964,0.0
1970-01-01 00:00:00.066062845,0.066062846,0.0,0.0,840.8492,0.0,0.0,0.0,0.0,0.0,-1.5707964,0.0
1970-01-01 00:00:00.066154180,0.06615418,0.0,0.0,396.22903,0.0,0.0,0.0,0.0,0.0,-1.5707964,0.0
1970-01-01 00:00:00.066431165,0.066431165,0.0,0.0,156.26323,0.0,0.0,0.0,0.0,0.0,-1.5707964,0.0
1970-01-01 00:00:00.066461943,0.066461944,0.0,0.0,372.23044,0.0,0.0,0.0,0.0,0.0,-1.5707964,0.0
1970-01-01 00:00:00.066609472,0.066609472,0.0,0.0,108.892334,0.0,0.0,0.0,0.0,0.0,-1.5707964,0.0
1970-01-01 00:00:00.066857041,0.066857041,173.84547,0.0,0.0,0.0,0.0,0.0,0.0,0.0,-1.5707964,0.0
1970-01-01 00:00:00.066997007,0.066997007,0.0,0.0,0.0,0.0,0.0,105.06149,0.0,0.0,-1.5707964,0.0
1970-01-01 00:00:00.067033786,0.067033786,0.0,0.0,192.71208,0.0,0.0,0.0,0.0,0.0,-1.5707964,0.0
1970-01-01 00:00:00.067113396,0.067113396,0.0,0.0,0.0,118.70057,0.0,0.0,0.0,0.0,-1.5707964,0.0
1970-01-01 00:00:00.067236289,0.067236289,0.0,0.0,0.0,0.0,0.0,130.2106,0.0,0.0,-1.5707964,0.0
1970-01-01 00:00:00.067236386,0.067236386,0.0,1144.9951,0.0,0.0,0.0,0.0,0.0,0.0,-1.5707964,0.0
1970-01-01 00:00:00.067334694,0.067334694,0.0,0.0,0.0,0.0,0.0,1066.6995,0.0,0.0,-1.5707964,0.0
1970-01-01 00:00:00.067371493,0.067371493,141.50139,0.0,0.0,0.0,0.0,0.0,0.0,0.0,-1.5707964,0.0
1970-01-01 00:00:00.067432382,0.067432382,0.0,0.0,103.569565,0.0,0.0,0.0,0.0,0.0,-1.5707964,0.0
1970-01-01 00:00:00.067593544,0.067593544,0.0,0.0,91.38976,0.0,0.0,0.0,0.0,0.0,-1.5707964,0.0
1970-01-01 00:00:00.067636142,0.067636142,0.0,0.0,149.05928,0.0,0.0,0.0,0.0,0.0,-1.5707964,0.0
1970-01-01 00:00:00.067857375,0.067857375,0.0,0.0,2100.754,0.0,0.0,0.0,0.0,0.0,-1.5707964,0.0
1970-01-01 00:00:00.067979672,0.067979672,0.0,0.0,291.06433,0.0,0.0,0.0,0.0,0.0,-1.5707964,0.0
1970-01-01 00:00:00.068159312,0.068159312,506.6493,0.0,0.0,0.0,0.0,0.0,0.0,0.0,-1.5707964,0.0
1970-01-01 00:00:00.068195631,0.068195631,0.0,0.0,808.5717,0.0,0.0,0.0,0.0,0.0,-1.5707964,0.0
1970-01-01 00:00:00.068330262,0.068330262,0.0,0.0,130.14626,0.0,0.0,0.0,0.0,0.0,-1.5707964,0.0
1970-01-01 00:00:00.068436501,0.068436501,0.0,0.0,83.63385,0.0,0.0,0.0,0.0,0.0,-1.5707964,0.0
1970-01-01 00:00:00.068491767,0.068491767,0.0,0.0,541.11597,0.0,0.0,0.0,0.0,0.0,-1.5707964,0.0
1970-01-01 00:00:00.068544246,0.068544246,0.0,0.0,553.0215,0.0,0.0,0.0,0.0,0.0,-1.5707964,0.0
1970-01-01 00:00:00.068604210,0.06860421,275.22644,0.0,0.0,0.0,0.0,0.0,0.0,0.0,-1.5707964,0.0
1970-01-01 00:00:00.068826994,0.068826994,0.0,0.0,298.19635,0.0,0.0,0.0,0.0,0.0,-1.5707964,0.0
1970-01-01 00:00:00.068838648,0.068838648,0.0,0.0,0.0,185.05463,0.0,0.0,0.0,0.0,-1.5707964,0.0
1970-01-01 00:00:00.068886414,0.068886414,0.0,0.0,0.0,262.23798,0.0,0.0,0.0,0.0,-1.5707964,0.0
1970-01-01 00:00:00.069038432,0.069038432,0.0,0.0,356.38495,0.0,0.0,0.0,0.0,0.0,-1.5707964,0.0
1970-01-01 00:00:00.069513703,0.069513703,0.0,0.0,156.33539,0.0,0.0,0.0,0.0,0.0,-1.5707964,0.0
1970-01-01 00:00:00.069535427,0.069535427,0.0,0.0,256.2368,0.0,0.0,0.0,0.0,0.0,-1.5707964,0.0
1970-01-01 00:00:00.069580363,0.069580363,0.0,0.0,307.49097,0.0,0.0,0.0,0.0,0.0,-1.5707964,0.0
1970-01-01 00:00:00.069635168,0.069635168,0.0,0.0,0.0,0.0,563.04517,0.0,0.0,0.0,-1.5707964,0.0
1970-01-01 00:00:00.069635168,0.069635168,0.0,0.0,0.0,0.0,513.70825,0.0,0.0,0.0,-1.5707964,0.0
1970-01-01 00:00:00.069754708,0.069754708,0.0,0.0,121.84601,0.0,0.0,0.0,0.0,0.0,-1.5707964,0.0
1970-01-01 00:00:00.069993325,0.069993325,0.0,0.0,86.472984,0.0,0.0,0.0,0.0,0.0,-1.5707964,0.0
1970-01-01 00:00:00.070022550,0.07002255,0.0,0.0,1595.3031,0.0,0.0,0.0,0.0,0.0,-1.5707964,0.0
1970-01-01 00:00:00.070042624,0.070042624,0.0,0.0,0.0,0.0,125.48994,0.0,0.0,0.0,-1.5707964,0.0
1970-01-01 00:00:00.070274259,0.070274259,0.0,0.0,223.13266,0.0,0.0,0.0,0.0,0.0,-1.5707964,0.0
1970-01-01 00:00:00.070288912,0.070288912,0.0,0.0,0.0,0.0,0.0,150.14525,0.0,0.0,-1.5707964,0.0
1970-01-01 00:00:00.070569442,0.070569442,0.0,0.0,98.20073,0.0,0.0,0.0,0.0,0.0,-1.5707964,0.0
1970-01-01 00:00:00.070832698,0.070832698,0.0,0.0,0.0,0.0,0.0,126.68502,0.0,0.0,-1.5707964,0.0
1970-01-01 00:00:00.070957971,0.070957971,0.0,0.0,558.0336,0.0,0.0,0.0,0.0,0.0,-1.5707964,0.0
1970-01-01 00:00:00.070978817,0.070978817,0.0,0.0,692.39874,0.0,0.0,0.0,0.0,0.0,-1.5707964,0.0
1970-01-01 00:00:00.071047456,0.071047456,0.0,0.0,163.08522,0.0,0.0,0.0,0.0,0.0,-1.5707964,0.0
1970-01-01 00:00:00.071067578,0.071067578,0.0,0.0,0.0,148.12337,0.0,0.0,0.0,0.0,-1.5707964,0.0
1970-01-01 00:00:00.071154485,0.071154485,0.0,0.0,461.87677,0.0,0.0,0.0,0.0,0.0,-1.5707964,0.0
1970-01-01 00:00:00.071174642,0.071174642,0.0,0.0,607.88495,0.0,0.0,0.0,0.0,0.0,-1.5707964,0.0
1970-01-01 00:00:00.071174642,0.071174642,0.0,0.0,0.0,0.0,0.0,352.91666,0.0,0.0,-1.5707964,0.0
1970-01-01 00:00:00.071336239,0.071336239,89.19205,0.0,0.0,0.0,0.0,0.0,0.0,0.0,-1.5707964,0.0
1970-01-01 00:00:00.071336239,0.071336239,227.29515,0.0,0.0,0.0,0.0,0.0,0.0,0.0,-1.5707964,0.0
1970-01-01 00:00:00.071338905,0.071338905,0.0,0.0,98.772545,0.0,0.0,0.0,0.0,0.0,-1.5707964,0.0
1970-01-01 00:00:00.071706355,0.071706355,0.0,0.0,134.80432,0.0,0.0,0.0,0.0,0.0,-1.5707964,0.0
1970-01-01 00:00:00.071760581,0.071760581,0.0,0.0,661.88354,0.0,0.0,0.0,0.0,0.0,-1.5707964,0.0
1970-01-01 00:00:00.071872647,0.071872647,0.0,0.0,0.0,290.94058,0.0,0.0,0.0,0.0,-1.5707964,0.0
1970-01-01 00:00:00.071896004,0.071896004,0.0,0.0,0.0,0.0,0.0,282.8181,0.0,0.0,-1.5707964,0.0
1970-01-01 00:00:00.071928863,0.071928863,0.0,0.0,96.1496,0.0,0.0,0.0,0.0,0.0,-1.5707964,0.0
1970-01-01 00:00:00.072058742,0.072058742,0.0,0.0,0.0,86.389275,0.0,0.0,0.0,0.0,-1.5707964,0.0
1970-01-01 00:00:00.072121449,0.072121449,0.0,0.0,109.15277,0.0,0.0,0.0,0.0,0.0,-1.5707964,0.0
1970-01-01 00:00:00.072150039,0.072150039,0.0,0.0,0.0,408.35318,0.0,0.0,0.0,0.0,-1.5707964,0.0
1970-01-01 00:00:00.072157099,0.072157099,0.0,0.0,1530.3828,0.0,0.0,0.0,0.0,0.0,-1.5707964,0.0
1970-01-01 00:00:00.072223706,0.072223706,87.43519,0.0,0.0,0.0,0.0,0.0,0.0,0.0,-1.5707964,0.0
1970-01-01 00:00:00.072243966,0.072243966,0.0,0.0,2021.0795,0.0,0.0,0.0,0.0,0.0,-1.5707964,0.0
1970-01-01 00:00:00.072276130,0.07227613,0.0,0.0,0.0,0.0,1709.1138,0.0,0.0,0.0,-1.5707964,0.0
1970-01-01 00:00:00.072569576,0.072569576,0.0,3301.4563,0.0,0.0,0.0,0.0,0.0,0.0,-1.5707964,0.0
1970-01-01 00:00:00.072876050,0.07287605,0.0,0.0,291.00223,0.0,0.0,0.0,0.0,0.0,-1.5707964,0.0
1970-01-01 00:00:00.073040981,0.073040981,0.0,0.0,0.0,0.0,111.11695,0.0,0.0,0.0,-1.5707964,0.0
1970-01-01 00:00:00.073048807,0.073048807,0.0,0.0,284.05862,0.0,0.0,0.0,0.0,0.0,-1.5707964,0.0
1970-01-01 00:00:00.073329217,0.073329217,0.0,0.0,0.0,0.0,206.7119,0.0,0.0,0.0,-1.5707964,0.0
1970-01-01 00:00:00.073355457,0.073355457,125.1727,0.0,0.0,0.0,0.0,0.0,0.0,0.0,-1.5707964,0.0
1970-01-01 00:00:00.073590232,0.073590232,1050.5557,0.0,0.0,0.0,0.0,0.0,0.0,0.0,-1.5707964,0.0
1970-01-01 00:00:00.073724963,0.073724963,0.0,0.0,214.8634,0.0,0.0,0.0,0.0,0.0,-1.5707964,0.0
1970-01-01 00:00:00.073749352,0.073749352,0.0,0.0,0.0,161.40208,0.0,0.0,0.0,0.0,-1.5707964,0.0
1970-01-01 00:00:00.073965337,0.073965337,249.22299,0.0,0.0,0.0,0.0,0.0,0.0,0.0,-1.5707964,0.0
1970-01-01 00:00:00.073965337,0.073965337,0.0,0.0,192.17035,0.0,0.0,0.0,0.0,0.0,-1.5707964,0.0
1970-01-01 00:00:00.073973464,0.073973464,0.0,0.0,597.7551,0.0,0.0,0.0,0.0,0.0,-1.5707964,0.0
1970-01-01 00:00:00.074004381,0.074004381,0.0,0.0,0.0,0.0,544.81915,0.0,0.0,0.0,-1.5707964,0.0
1970-01-01 00:00:00.074022715,0.074022715,0.0,0.0,229.18622,0.0,0.0,0.0,0.0,0.0,-1.5707964,0.0
1970-01-01 00:00:00.074046835,0.074046835,689.3015,0.0,0.0,0.0,0.0,0.0,0.0,0.0,-1.5707964,0.0
1970-01-01 00:00:00.074248994,0.074248994,0.0,0.0,508.51193,0.0,0.0,0.0,0.0,0.0,-1.5707964,0.0
1970-01-01 00:00:00.074292261,0.074292261,185.99863,0.0,0.0,0.0,0.0,0.0,0.0,0.0,-1.5707964,0.0
1970-01-01 00:00:00.074362539,0.074362539,375.31177,0.0,0.0,0.0,0.0,0.0,0.0,0.0,-1.5707964,0.0
1970-01-01 00:00:00.074375298,0.074375298,0.0,0.0,0.0,0.0,204.77248,0.0,0.0,0.0,-1.5707964,0.0
1970-01-01 00:00:00.074398120,0.07439812,0.0,0.0,0.0,1477.648,0.0,0.0,0.0,0.0,-1.5707964,0.0
1970-01-01 00:00:00.074473412,0.074473412,0.0,0.0,314.92407,0.0,0.0,0.0,0.0,0.0,-1.5707964,0.0
1970-01-01 00:00:00.074516127,0.074516127,0.0,0.0,0.0,0.0,142.84203,0.0,0.0,0.0,-1.5707964,0.0
1970-01-01 00:00:00.074561921,0.074561921,142.78531,0.0,0.0,0.0,0.0,0.0,0.0,0.0,-1.5707964,0.0
1970-01-01 00:00:00.074776318,0.074776318,389.65268,0.0,0.0,0.0,0.0,0.0,0.0,0.0,-1.5707964,0.0
1970-01-01 00:00:00.074807135,0.074807135,1334.4427,0.0,0.0,0.0,0.0,0.0,0.0,0.0,-1.5707964,0.0
1970-01-01 00:00:00.074807135,0.074807135,0.0,0.0,0.0,0.0,0.0,488.70703,0.0,0.0,-1.5707964,0.0
1970-01-01 00:00:00.074835739,0.074835739,316.96088,0.0,0.0,0.0,0.0,0.0,0.0,0.0,-1.5707964,0.0
1970-01-01 00:00:00.074857625,0.074857625,0.0,0.0,520.8118,0.0,0.0,0.0,0.0,0.0,-1.5707964,0.0
1970-01-01 00:00:00.074977812,0.074977812,0.0,0.0,102.685196,0.0,0.0,0.0,0.0,0.0,-1.5707964,0.0
1970-01-01 00:00:00.075024685,0.075024685,0.0,0.0,449.8847,0.0,0.0,0.0,0.0,0.0,-1.5707964,0.0
1970-01-01 00:00:00.075030033,0.075030033,0.0,0.0,0.0,0.0,380.09808,0.0,0.0,0.0,-1.5707964,0.0
1970-01-01 00:00:00.075150447,0.075150447,0.0,0.0,0.0,0.0,244.87532,0.0,0.0,0.0,-1.5707964,0.0
1970-01-01 00:00:00.075245348,0.075245348,0.0,0.0,0.0,0.0,0.0,1790.516,0.0,0.0,-1.5707964,0.0
1970-01-01 00:00:00.075266881,0.075266881,0.0,0.0,111.89049,0.0,0.0,0.0,0.0,0.0,-1.5707964,0.0
1970-01-01 00:00:00.075404687,0.075404687,344.26215,0.0,0.0,0.0,0.0,0.0,0.0,0.0,-1.5707964,0.0
1970-01-01 00:00:00.075404687,0.075404687,134.92673,0.0,0.0,0.0,0.0,0.0,0.0,0.0,-1.5707964,0.0
1970-01-01 00:00:00.075404687,0.075404687,0.0,0.0,2042.115,0.0,0.0,0.0,0.0,0.0,-1.5707964,0.0
1970-01-01 00:00:00.075451311,0.075451311,0.0,0.0,960.82513,0.0,0.0,0.0,0.0,0.0,-1.5707964,0.0
1970-01-01 00:00:00.075469339,0.075469339,0.0,0.0,90.00163,0.0,0.0,0.0,0.0,0.0,-1.5707964,0.0
1970-01-01 00:00:00.075565516,0.075565516,0.0,0.0,152.20662,0.0,0.0,0.0,0.0,0.0,-1.5707964,0.0
1970-01-01 00:00:00.075625068,0.075625068,0.0,0.0,314.9839,0.0,0.0,0.0,0.0,0.0,-1.5707964,0.0
1970-01-01 00:00:00.075646727,0.075646727,0.0,0.0,1419.3711,0.0,0.0,0.0,0.0,0.0,-1.5707964,0.0
1970-01-01 00:00:00.075669826,0.075669826,0.0,0.0,241.46625,0.0,0.0,0.0,0.0,0.0,-1.5707964,0.0
1970-01-01 00:00:00.075853220,0.07585322,514.4783,0.0,0.0,0.0,0.0,0.0,0.0,0.0,-1.5707964,0.0
1970-01-01 00:00:00.075934540,0.07593454,0.0,0.0,0.0,562.89856,0.0,0.0,0.0,0.0,-1.5707964,0.0
1970-01-01 00:00:00.076194435,0.076194435,0.0,0.0,248.61734,0.0,0.0,0.0,0.0,0.0,-1.5707964,0.0
1970-01-01 00:00:00.076259422,0.076259422,0.0,0.0,317.97635,0.0,0.0,0.0,0.0,0.0,-1.5707964,0.0
1970-01-01 00:00:00.076354862,0.076354862,0.0,0.0,119.050545,0.0,0.0,0.0,0.0,0.0,-1.5707964,0.0
1970-01-01 00:00:00.076403134,0.076403134,0.0,0.0,0.0,0.0,0.0,302.01086,0.0,0.0,-1.5707964,0.0
1970-01-01 00:00:00.076451118,0.076451118,0.0,0.0,471.16846,0.0,0.0,0.0,0.0,0.0,-1.5707964,0.0
1970-01-01 00:00:00.076501879,0.076501879,0.0,0.0,552.9857,0.0,0.0,0.0,0.0,0.0,-1.5707964,0.0
1970-01-01 00:00:00.076652147,0.076652147,0.0,0.0,2347.0808,0.0,0.0,0.0,0.0,0.0,-1.5707964,0.0
1970-01-01 00:00:00.076662728,0.076662728,0.0,0.0,0.0,0.0,0.0,695.9141,0.0,0.0,-1.5707964,0.0
1970-01-01 00:00:00.076675734,0.076675734,0.0,0.0,469.20584,0.0,0.0,0.0,0.0,0.0,-1.5707964,0.0
1970-01-01 00:00:00.076722694,0.076722694,0.0,0.0,450.7455,0.0,0.0,0.0,0.0,0.0,-1.5707964,0.0
1970-01-01 00:00:00.076835457,0.076835457,0.0,0.0,874.98474,0.0,0.0,0.0,0.0,0.0,-1.5707964,0.0
1970-01-01 00:00:00.076918917,0.076918917,0.0,0.0,118.16457,0.0,0.0,0.0,0.0,0.0,-1.5707964,0.0
1970-01-01 00:00:00.076928599,0.076928599,0.0,0.0,107.33136,0.0,0.0,0.0,0.0,0.0,-1.5707964,0.0
1970-01-01 00:00:00.076967494,0.076967494,0.0,0.0,0.0,452.61823,0.0,0.0,0.0,0.0,-1.5707964,0.0
1970-01-01 00:00:00.077075303,0.077075303,0.0,0.0,178.46838,0.0,0.0,0.0,0.0,0.0,-1.5707964,0.0
1970-01-01 00:00:00.077082724,0.077082724,0.0,0.0,0.0,246.92525,0.0,0.0,0.0,0.0,-1.5707964,0.0
1970-01-01 00:00:00.077106431,0.077106431,0.0,0.0,507.97562,0.0,0.0,0.0,0.0,0.0,-1.5707964,0.0
1970-01-01 00:00:00.077122020,0.07712202,0.0,1600.9764,0.0,0.0,0.0,0.0,0.0,0.0,-1.5707964,0.0
1970-01-01 00:00:00.077195345,0.077195345,0.0,0.0,0.0,0.0,0.0,503.3062,0.0,0.0,-1.5707964,0.0
1970-01-01 00:00:00.077344936,0.077344936,0.0,0.0,0.0,0.0,726.19,0.0,0.0,0.0,-1.5707964,0.0
1970-01-01 00:00:00.077400692,0.077400692,0.0,0.0,0.0,0.0,0.0,2478.7212,0.0,0.0,-1.5707964,0.0
1970-01-01 00:00:00.077450055,0.077450055,0.0,0.0,753.4224,0.0,0.0,0.0,0.0,0.0,-1.5707964,0.0
1970-01-01 00:00:00.077489329,0.077489329,0.0,0.0,0.0,0.0,0.0,510.51535,0.0,0.0,-1.5707964,0.0
1970-01-01 00:00:00.077555060,0.07755506,0.0,0.0,0.0,0.0,144.85599,0.0,0.0,0.0,-1.5707964,0.0
1970-01-01 00:00:00.077574590,0.07757459,0.0,0.0,121.87479,0.0,0.0,0.0,0.0,0.0,-1.5707964,0.0
1970-01-01 00:00:00.077703887,0.077703887,0.0,0.0,0.0,0.0,0.0,162.0589,0.0,0.0,-1.5707964,0.0
1970-01-01 00:00:00.077804481,0.077804481,0.0,0.0,542.98267,0.0,0.0,0.0,0.0,0.0,-1.5707964,0.0
1970-01-01 00:00:00.077831946,0.077831946,0.0,0.0,700.23724,0.0,0.0,0.0,0.0,0.0,-1.5707964,0.0
1970-01-01 00:00:00.077836541,0.077836541,0.0,0.0,0.0,0.0,0.0,391.14966,0.0,0.0,-1.5707964,0.0
1970-01-01 00:00:00.077910213,0.077910213,0.0,0.0,0.0,0.0,0.0,297.15768,0.0,0.0,-1.5707964,0.0
1970-01-01 00:00:00.077987338,0.077987338,0.0,0.0,0.0,0.0,0.0,110.781845,0.0,0.0,-1.5707964,0.0
1970-01-01 00:00:00.078231854,0.078231854,0.0,0.0,555.4743,0.0,0.0,0.0,0.0,0.0,-1.5707964,0.0
1970-01-01 00:00:00.078252074,0.078252074,0.0,0.0,252.8595,0.0,0.0,0.0,0.0,0.0,-1.5707964,0.0
1970-01-01 00:00:00.078598086,0.078598086,0.0,182.26276,0.0,0.0,0.0,0.0,0.0,0.0,-1.5707964,0.0
1970-01-01 00:00:00.078603238,0.078603238,0.0,0.0,147.43677,0.0,0.0,0.0,0.0,0.0,-1.5707964,0.0
1970-01-01 00:00:00.078631133,0.078631133,0.0,0.0,372.36874,0.0,0.0,0.0,0.0,0.0,-1.5707964,0.0
1970-01-01 00:00:00.078659313,0.078659313,0.0,0.0,414.52957,0.0,0.0,0.0,0.0,0.0,-1.5707964,0.0
1970-01-01 00:00:00.078810238,0.078810238,0.0,0.0,1327.1161,0.0,0.0,0.0,0.0,0.0,-1.5707964,0.0
1970-01-01 00:00:00.078837156,0.078837156,0.0,963.47125,0.0,0.0,0.0,0.0,0.0,0.0,-1.5707964,0.0
1970-01-01 00:00:00.078837156,0.078837156,0.0,0.0,136.02892,0.0,0.0,0.0,0.0,0.0,-1.5707964,0.0
1970-01-01 00:00:00.078926944,0.078926944,0.0,113.31016,0.0,0.0,0.0,0.0,0.0,0.0,-1.5707964,0.0
1970-01-01 00:00:00.079009881,0.079009881,0.0,0.0,244.98668,0.0,0.0,0.0,0.0,0.0,-1.5707964,0.0
1970-01-01 00:00:00.079025092,0.079025092,0.0,0.0,240.6895,0.0,0.0,0.0,0.0,0.0,-1.5707964,0.0
1970-01-01 00:00:00.079137953,0.079137953,0.0,0.0,296.88132,0.0,0.0,0.0,0.0,0.0,-1.5707964,0.0
1970-01-01 00:00:00.079240052,0.079240052,0.0,0.0,525.09955,0.0,0.0,0.0,0.0,0.0,-1.5707964,0.0
1970-01-01 00:00:00.079303058,0.079303058,379.67932,0.0,0.0,0.0,0.0,0.0,0.0,0.0,-1.5707964,0.0
1970-01-01 00:00:00.079326831,0.079326831,178.7306,0.0,0.0,0.0,0.0,0.0,0.0,0.0,-1.5707964,0.0
1970-01-01 00:00:00.079569123,0.079569123,0.0,0.0,1893.3995,0.0,0.0,0.0,0.0,0.0,-1.5707964,0.0
1970-01-01 00:00:00.079587843,0.079587843,0.0,0.0,296.1577,0.0,0.0,0.0,0.0,0.0,-1.5707964,0.0
1970-01-01 00:00:00.079621858,0.079621858,0.0,0.0,0.0,0.0,360.51453,0.0,0.0,0.0,-1.5707964,0.0
1970-01-01 00:00:00.079720923,0.079720923,0.0,0.0,349.80215,0.0,0.0,0.0,0.0,0.0,-1.5707964,0.0
1970-01-01 00:00:00.079780590,0.07978059,0.0,144.7744,0.0,0.0,0.0,0.0,0.0,0.0,-1.5707964,0.0
1970-01-01 00:00:00.079840937,0.079840937,428.71896,0.0,0.0,0.0,0.0,0.0,0.0,0.0,-1.5707964,0.0
1970-01-01 00:00:00.080036400,0.0800364,0.0,0.0,102.75197,0.0,0.0,0.0,0.0,0.0,-1.5707964,0.0
1970-01-01 00:00:00.080117946,0.080117946,0.0,0.0,128.98946,0.0,0.0,0.0,0.0,0.0,-1.5707964,0.0
1970-01-01 00:00:00.080214475,0.080214475,0.0,0.0,752.0495,0.0,0.0,0.0,0.0,0.0,-1.5707964,0.0
1970-01-01 00:00:00.080244893,0.080244893,0.0,0.0,186.27415,0.0,0.0,0.0,0.0,0.0,-1.5707964,0.0
1970-01-01 00:00:00.080312173,0.080312173,0.0,0.0,319.2617,0.0,0.0,0.0,0.0,0.0,-1.5707964,0.0
1970-01-01 00:00:00.080400827,0.080400827,0.0,0.0,209.00838,0.0,0.0,0.0,0.0,0.0,-1.5707964,0.0
1970-01-01 00:00:00.080444200,0.0804442,0.0,0.0,91.59555,0.0,0.0,0.0,0.0,0.0,-1.5707964,0.0
1970-01-01 00:00:00.080448879,0.080448879,1590.0485,0.0,0.0,0.0,0.0,0.0,0.0,0.0,-1.5707964,0.0
1970-01-01 00:00:00.080466496,0.080466496,0.0,0.0,1403.755,0.0,0.0,0.0,0.0,0.0,-1.5707964,0.0
1970-01-01 00:00:00.080493751,0.080493751,0.0,0.0,164.69878,0.0,0.0,0.0,0.0,0.0,-1.5707964,0.0
1970-01-01 00:00:00.080497062,0.080497062,0.0,2061.5325,0.0,0.0,0.0,0.0,0.0,0.0,-1.5707964,0.0
1970-01-01 00:00:00.080533076,0.080533076,0.0,0.0,471.79944,0.0,0.0,0.0,0.0,0.0,-1.5707964,0.0
1970-01-01 00:00:00.080603972,0.080603972,0.0,0.0,1184.5717,0.0,0.0,0.0,0.0,0.0,-1.5707964,0.0
1970-01-01 00:00:00.080610511,0.080610511,0.0,0.0,0.0,0.0,129.25734,0.0,0.0,0.0,-1.5707964,0.0
1970-01-01 00:00:00.080641260,0.08064126,0.0,0.0,276.20566,0.0,0.0,0.0,0.0,0.0,-1.5707964,0.0
1970-01-01 00:00:00.080780576,0.080780576,0.0,0.0,123.27493,0.0,0.0,0.0,0.0,0.0,-1.5707964,0.0
1970-01-01 00:00:00.080966166,0.080966166,0.0,0.0,0.0,0.0,0.0,242.20996,0.0,0.0,-1.5707964,0.0
1970-01-01 00:00:00.080999594,0.080999594,0.0,0.0,0.0,329.19547,0.0,0.0,0.0,0.0,-1.5707964,0.0
1970-01-01 00:00:00.081064798,0.081064798,0.0,0.0,0.0,0.0,0.0,323.54706,0.0,0.0,-1.5707964,0.0
1970-01-01 00:00:00.081122649,0.081122649,0.0,0.0,151.83585,0.0,0.0,0.0,0.0,0.0,-1.5707964,0.0
1970-01-01 00:00:00.081231286,0.081231286,0.0,0.0,0.0,3167.0383,0.0,0.0,0.0,0.0,-1.5707964,0.0
1970-01-01 00:00:00.081301481,0.081301481,0.0,0.0,0.0,0.0,86.95414,0.0,0.0,0.0,-1.5707964,0.0
1970-01-01 00:00:00.081375156,0.081375156,0.0,0.0,272.8906,0.0,0.0,0.0,0.0,0.0,-1.5707964,0.0
1970-01-01 00:00:00.081578465,0.081578465,0.0,0.0,130.0263,0.0,0.0,0.0,0.0,0.0,-1.5707964,0.0
1970-01-01 00:00:00.081719725,0.081719725,0.0,0.0,1890.2988,0.0,0.0,0.0,0.0,0.0,-1.5707964,0.0
1970-01-01 00:00:00.081769529,0.081769529,0.0,0.0,225.07611,0.0,0.0,0.0,0.0,0.0,-1.5707964,0.0
1970-01-01 00:00:00.081775613,0.081775613,261.77676,0.0,0.0,0.0,0.0,0.0,0.0,0.0,-1.5707964,0.0
1970-01-01 00:00:00.081806253,0.081806253,0.0,0.0,510.36404,0.0,0.0,0.0,0.0,0.0,-1.5707964,0.0
1970-01-01 00:00:00.082212065,0.082212065,0.0,0.0,172.18738,0.0,0.0,0.0,0.0,0.0,-1.5707964,0.0
1970-01-01 00:00:00.082260662,0.082260662,0.0,0.0,0.0,0.0,239.20511,0.0,0.0,0.0,-1.5707964,0.0
1970-01-01 00:00:00.082262510,0.08226251,0.0,0.0,204.92384,0.0,0.0,0.0,0.0,0.0,-1.5707964,0.0
1970-01-01 00:00:00.082322673,0.082322673,0.0,0.0,677.6474,0.0,0.0,0.0,0.0,0.0,-1.5707964,0.0
1970-01-01 00:00:00.082445181,0.082445181,0.0,0.0,1214.2958,0.0,0.0,0.0,0.0,0.0,-1.5707964,0.0
1970-01-01 00:00:00.082473508,0.082473508,0.0,0.0,0.0,0.0,0.0,167.59702,0.0,0.0,-1.5707964,0.0
1970-01-01 00:00:00.082521375,0.082521375,0.0,0.0,454.1095,0.0,0.0,0.0,0.0,0.0,-1.5707964,0.0
1970-01-01 00:00:00.082637034,0.082637034,0.0,0.0,0.0,0.0,2495.4233,0.0,0.0,0.0,-1.5707964,0.0
1970-01-01 00:00:00.082654684,0.082654684,277.27316,0.0,0.0,0.0,0.0,0.0,0.0,0.0,-1.5707964,0.0
1970-01-01 00:00:00.082800142,0.082800142,0.0,0.0,110.21051,0.0,0.0,0.0,0.0,0.0,-1.5707964,0.0
1970-01-01 00:00:00.082837405,0.082837405,566.55945,0.0,0.0,0.0,0.0,0.0,0.0,0.0,-1.5707964,0.0
1970-01-01 00:00:00.082938426,0.082938426,0.0,0.0,400.955,0.0,0.0,0.0,0.0,0.0,-1.5707964,0.0
1970-01-01 00:00:00.082958542,0.082958542,0.0,0.0,0.0,228.57712,0.0,0.0,0.0,0.0,-1.5707964,0.0
1970-01-01 00:00:00.083009100,0.0830091,0.0,0.0,331.54642,0.0,0.0,0.0,0.0,0.0,-1.5707964,0.0
1970-01-01 00:00:00.083033775,0.083033775,0.0,0.0,1906.6781,0.0,0.0,0.0,0.0,0.0,-1.5707964,0.0
1970-01-01 00:00:00.083142381,0.083142381,0.0,0.0,0.0,0.0,90.762474,0.0,0.0,0.0,-1.5707964,0.0
1970-01-01 00:00:00.083151872,0.083151872,160.26819,0.0,0.0,0.0,0.0,0.0,0.0,0.0,-1.5707964,0.0
1970-01-01 00:00:00.083199909,0.083199909,0.0,0.0,95.677124,0.0,0.0,0.0,0.0,0.0,-1.5707964,0.0
1970-01-01 00:00:00.083320767,0.083320767,0.0,0.0,874.9089,0.0,0.0,0.0,0.0,0.0,-1.5707964,0.0
1970-01-01 00:00:00.083551263,0.083551263,0.0,0.0,0.0,0.0,0.0,334.1299,0.0,0.0,-1.5707964,0.0
1970-01-01 00:00:00.083666090,0.08366609,0.0,0.0,196.43668,0.0,0.0,0.0,0.0,0.0,-1.5707964,0.0
1970-01-01 00:00:00.083762664,0.083762664,0.0,0.0,0.0,0.0,87.22999,0.0,0.0,0.0,-1.5707964,0.0
1970-01-01 00:00:00.083788302,0.083788302,0.0,0.0,300.92093,0.0,0.0,0.0,0.0,0.0,-1.5707964,0.0
1970-01-01 00:00:00.083866366,0.083866366,0.0,101.58594,0.0,0.0,0.0,0.0,0.0,0.0,-1.5707964,0.0
1970-01-01 00:00:00.083868887,0.083868887,0.0,0.0,852.1407,0.0,0.0,0.0,0.0,0.0,-1.5707964,0.0
1970-01-01 00:00:00.083933324,0.083933324,0.0,0.0,377.86697,0.0,0.0,0.0,0.0,0.0,-1.5707964,0.0
1970-01-01 00:00:00.084052481,0.084052481,0.0,0.0,84.951866,0.0,0.0,0.0,0.0,0.0,-1.5707964,0.0
1970-01-01 00:00:00.084074609,0.084074609,0.0,0.0,323.47617,0.0,0.0,0.0,0.0,0.0,-1.5707964,0.0
1970-01-01 00:00:00.084180990,0.08418099,0.0,0.0,0.0,0.0,0.0,167.63702,0.0,0.0,-1.5707964,0.0
1970-01-01 00:00:00.084289741,0.084289741,0.0,0.0,397.8173,0.0,0.0,0.0,0.0,0.0,-1.5707964,0.0
1970-01-01 00:00:00.084293763,0.084293763,0.0,0.0,229.42743,0.0,0.0,0.0,0.0,0.0,-1.5707964,0.0
1970-01-01 00:00:00.084322098,0.084322098,0.0,85.60573,0.0,0.0,0.0,0.0,0.0,0.0,-1.5707964,0.0
1970-01-01 00:00:00.084502040,0.08450204,0.0,0.0,116.27217,0.0,0.0,0.0,0.0,0.0,-1.5707964,0.0
1970-01-01 00:00:00.084507624,0.084507624,0.0,0.0,105.60887,0.0,0.0,0.0,0.0,0.0,-1.5707964,0.0
1970-01-01 00:00:00.084543505,0.084543505,0.0,0.0,118.01584,0.0,0.0,0.0,0.0,0.0,-1.5707964,0.0
1970-01-01 00:00:00.084595711,0.084595711,0.0,0.0,2849.8286,0.0,0.0,0.0,0.0,0.0,-1.5707964,0.0
1970-01-01 00:00:00.084751767,0.084751767,157.49559,0.0,0.0,0.0,0.0,0.0,0.0,0.0,-1.5707964,0.0
1970-01-01 00:00:00.084801965,0.084801965,0.0,0.0,88.93209,0.0,0.0,0.0,0.0,0.0,-1.5707964,0.0
1970-01-01 00:00:00.084922534,0.084922534,0.0,0.0,222.24509,0.0,0.0,0.0,0.0,0.0,-1.5707964,0.0
1970-01-01 00:00:00.084926751,0.084926751,0.0,0.0,357.0303,0.0,0.0,0.0,0.0,0.0,-1.5707964,0.0
1970-01-01 00:00:00.084949951,0.084949951,0.0,0.0,147.75908,0.0,0.0,0.0,0.0,0.0,-1.5707964,0.0
1970-01-01 00:00:00.085101206,0.085101206,0.0,0.0,0.0,84.860886,0.0,0.0,0.0,0.0,-1.5707964,0.0
1970-01-01 00:00:00.085216212,0.085216212,0.0,0.0,363.79944,0.0,0.0,0.0,0.0,0.0,-1.5707964,0.0
1970-01-01 00:00:00.085218414,0.085218414,0.0,0.0,0.0,0.0,574.7963,0.0,0.0,0.0,-1.5707964,0.0
1970-01-01 00:00:00.085308474,0.085308474,0.0,0.0,693.1303,0.0,0.0,0.0,0.0,0.0,-1.5707964,0.0
1970-01-01 00:00:00.085348882,0.085348882,0.0,0.0,0.0,0.0,145.62646,0.0,0.0,0.0,-1.5707964,0.0
1970-01-01 00:00:00.085468857,0.085468857,0.0,0.0,937.78906,0.0,0.0,0.0,0.0,0.0,-1.5707964,0.0
1970-01-01 00:00:00.085536508,0.085536508,0.0,0.0,1487.592,0.0,0.0,0.0,0.0,0.0,-1.5707964,0.0
1970-01-01 00:00:00.085562502,0.085562502,0.0,0.0,169.22893,0.0,0.0,0.0,0.0,0.0,-1.5707964,0.0
1970-01-01 00:00:00.085642432,0.085642432,188.4423,0.0,0.0,0.0,0.0,0.0,0.0,0.0,-1.5707964,0.0
1970-01-01 00:00:00.085785174,0.085785174,0.0,0.0,0.0,0.0,0.0,447.03323,0.0,0.0,-1.5707964,0.0
1970-01-01 00:00:00.085787608,0.085787608,281.15057,0.0,0.0,0.0,0.0,0.0,0.0,0.0,-1.5707964,0.0
1970-01-01 00:00:00.085874736,0.085874736,0.0,0.0,1082.7786,0.0,0.0,0.0,0.0,0.0,-1.5707964,0.0
1970-01-01 00:00:00.085906559,0.085906559,0.0,0.0,147.06787,0.0,0.0,0.0,0.0,0.0,-1.5707964,0.0
1970-01-01 00:00:00.085927228,0.085927228,0.0,0.0,402.97443,0.0,0.0,0.0,0.0,0.0,-1.5707964,0.0
1970-01-01 00:00:00.085977720,0.08597772,1850.7189,0.0,0.0,0.0,0.0,0.0,0.0,0.0,-1.5707964,0.0
1970-01-01 00:00:00.086058553,0.086058553,843.27155,0.0,0.0,0.0,0.0,0.0,0.0,0.0,-1.5707964,0.0
1970-01-01 00:00:00.086158163,0.086158163,267.70303,0.0,0.0,0.0,0.0,0.0,0.0,0.0,-1.5707964,0.0
1970-01-01 00:00:00.086174290,0.08617429,0.0,0.0,99.11321,0.0,0.0,0.0,0.0,0.0,-1.5707964,0.0
1970-01-01 00:00:00.086198945,0.086198945,0.0,0.0,392.48523,0.0,0.0,0.0,0.0,0.0,-1.5707964,0.0
1970-01-01 00:00:00.086268869,0.086268869,0.0,0.0,298.03293,0.0,0.0,0.0,0.0,0.0,-1.5707964,0.0
1970-01-01 00:00:00.086291688,0.086291688,273.422,0.0,0.0,0.0,0.0,0.0,0.0,0.0,-1.5707964,0.0
1970-01-01 00:00:00.086499386,0.086499386,0.0,0.0,134.86703,0.0,0.0,0.0,0.0,0.0,-1.5707964,0.0
1970-01-01 00:00:00.086536089,0.086536089,105.945366,0.0,0.0,0.0,0.0,0.0,0.0,0.0,-1.5707964,0.0
1970-01-01 00:00:00.086552439,0.086552439,3758.2395,0.0,0.0,0.0,0.0,0.0,0.0,0.0,-1.5707964,0.0
1970-01-01 00:00:00.086567883,0.086567883,0.0,0.0,1217.7417,0.0,0.0,0.0,0.0,0.0,-1.5707964,0.0
1970-01-01 00:00:00.086624022,0.086624022,175.3764,0.0,0.0,0.0,0.0,0.0,0.0,0.0,-1.5707964,0.0
1970-01-01 00:00:00.086804736,0.086804736,0.0,0.0,169.93916,0.0,0.0,0.0,0.0,0.0,-1.5707964,0.0
1970-01-01 00:00:00.086844325,0.086844325,0.0,0.0,0.0,0.0,0.0,281.27075,0.0,0.0,-1.5707964,0.0
1970-01-01 00:00:00.086878040,0.08687804,0.0,0.0,83.50255,0.0,0.0,0.0,0.0,0.0,-1.5707964,0.0
1970-01-01 00:00:00.087007736,0.087007736,0.0,0.0,360.36652,0.0,0.0,0.0,0.0,0.0,-1.5707964,0.0
1970-01-01 00:00:00.087092051,0.087092051,0.0,0.0,143.52307,0.0,0.0,0.0,0.0,0.0,-1.5707964,0.0
1970-01-01 00:00:00.087120415,0.087120415,0.0,0.0,278.55902,0.0,0.0,0.0,0.0,0.0,-1.5707964,0.0
1970-01-01 00:00:00.087301590,0.08730159,0.0,0.0,170.70418,0.0,0.0,0.0,0.0,0.0,-1.5707964,0.0
1970-01-01 00:00:00.087350563,0.087350563,0.0,0.0,158.80139,0.0,0.0,0.0,0.0,0.0,-1.5707964,0.0
1970-01-01 00:00:00.087410631,0.087410631,0.0,0.0,210.03229,0.0,0.0,0.0,0.0,0.0,-1.5707964,0.0
1970-01-01 00:00:00.087452294,0.087452294,0.0,0.0,0.0,0.0,0.0,407.46973,0.0,0.0,-1.5707964,0.0
1970-01-01 00:00:00.087710057,0.087710057,0.0,0.0,116.5563,0.0,0.0,0.0,0.0,0.0,-1.5707964,0.0
1970-01-01 00:00:00.087857627,0.087857627,0.0,0.0,530.8991,0.0,0.0,0.0,0.0,0.0,-1.5707964,0.0
1970-01-01 00:00:00.087929907,0.087929907,299.46863,0.0,0.0,0.0,0.0,0.0,0.0,0.0,-1.5707964,0.0
1970-01-01 00:00:00.087987726,0.087987726,0.0,0.0,182.53111,0.0,0.0,0.0,0.0,0.0,-1.5707964,0.0
1970-01-01 00:00:00.088060143,0.088060143,81.01828,0.0,0.0,0.0,0.0,0.0,0.0,0.0,-1.5707964,0.0
1970-01-01 00:00:00.088119156,0.088119156,0.0,0.0,0.0,0.0,186.95886,0.0,0.0,0.0,-1.5707964,0.0
1970-01-01 00:00:00.088230742,0.088230742,0.0,0.0,111.379555,0.0,0.0,0.0,0.0,0.0,-1.5707964,0.0
1970-01-01 00:00:00.088273642,0.088273642,0.0,0.0,263.72437,0.0,0.0,0.0,0.0,0.0,-1.5707964,0.0
1970-01-01 00:00:00.088296683,0.088296683,0.0,0.0,178.63304,0.0,0.0,0.0,0.0,0.0,-1.5707964,0.0
1970-01-01 00:00:00.088352990,0.08835299,0.0,0.0,168.63072,0.0,0.0,0.0,0.0,0.0,-1.5707964,0.0
1970-01-01 00:00:00.088413148,0.088413148,0.0,0.0,224.86024,0.0,0.0,0.0,0.0,0.0,-1.5707964,0.0
1970-01-01 00:00:00.088475562,0.088475562,0.0,0.0,583.4178,0.0,0.0,0.0,0.0,0.0,-1.5707964,0.0
1970-01-01 00:00:00.088658813,0.088658813,0.0,0.0,137.37598,0.0,0.0,0.0,0.0,0.0,-1.5707964,0.0
1970-01-01 00:00:00.088667894,0.088667894,0.0,0.0,93.00798,0.0,0.0,0.0,0.0,0.0,-1.5707964,0.0
1970-01-01 00:00:00.088702016,0.088702016,0.0,0.0,84.77908,0.0,0.0,0.0,0.0,0.0,-1.5707964,0.0
1970-01-01 00:00:00.088766771,0.088766771,0.0,0.0,95.2017,0.0,0.0,0.0,0.0,0.0,-1.5707964,0.0
1970-01-01 00:00:00.088815614,0.088815614,0.0,0.0,0.0,0.0,0.0,190.32903,0.0,0.0,-1.5707964,0.0
1970-01-01 00:00:00.088850134,0.088850134,0.0,0.0,129.97177,0.0,0.0,0.0,0.0,0.0,-1.5707964,0.0
1970-01-01 00:00:00.088873707,0.088873707,0.0,0.0,0.0,0.0,0.0,321.12598,0.0,0.0,-1.5707964,0.0
1970-01-01 00:00:00.088895612,0.088895612,0.0,0.0,261.8435,0.0,0.0,0.0,0.0,0.0,-1.5707964,0.0
1970-01-01 00:00:00.088913818,0.088913818,0.0,0.0,0.0,0.0,0.0,230.57776,0.0,0.0,-1.5707964,0.0
1970-01-01 00:00:00.089058278,0.089058278,0.0,0.0,0.0,0.0,0.0,316.2528,0.0,0.0,-1.5707964,0.0
1970-01-01 00:00:00.089103959,0.089103959,0.0,0.0,0.0,0.0,257.62708,0.0,0.0,0.0,-1.5707964,0.0
1970-01-01 00:00:00.089261128,0.089261128,0.0,0.0,473.68304,0.0,0.0,0.0,0.0,0.0,-1.5707964,0.0
1970-01-01 00:00:00.089361439,0.089361439,0.0,0.0,0.0,0.0,841.8635,0.0,0.0,0.0,-1.5707964,0.0
1970-01-01 00:00:00.089361439,0.089361439,0.0,0.0,301.8303,0.0,0.0,0.0,0.0,0.0,-1.5707964,0.0
1970-01-01 00:00:00.089361439,0.089361439,0.0,0.0,0.0,0.0,252.44087,0.0,0.0,0.0,-1.5707964,0.0
1970-01-01 00:00:00.089483344,0.089483344,0.0,0.0,500.75842,0.0,0.0,0.0,0.0,0.0,-1.5707964,0.0
1970-01-01 00:00:00.089488579,0.089488579,0.0,0.0,639.6001,0.0,0.0,0.0,0.0,0.0,-1.5707964,0.0
1970-01-01 00:00:00.089732628,0.089732628,2588.5378,0.0,0.0,0.0,0.0,0.0,0.0,0.0,-1.5707964,0.0
1970-01-01 00:00:00.089775992,0.089775992,0.0,0.0,0.0,0.0,0.0,1203.5815,0.0,0.0,-1.5707964,0.0
1970-01-01 00:00:00.090119261,0.090119261,0.0,0.0,436.58694,0.0,0.0,0.0,0.0,0.0,-1.5707964,0.0
1970-01-01 00:00:00.090132120,0.09013212,0.0,0.0,0.0,534.8993,0.0,0.0,0.0,0.0,-1.5707964,0.0
1970-01-01 00:00:00.090187595,0.090187595,0.0,0.0,102.16866,0.0,0.0,0.0,0.0,0.0,-1.5707964,0.0
1970-01-01 00:00:00.090195305,0.090195305,0.0,0.0,1143.9933,0.0,0.0,0.0,0.0,0.0,-1.5707964,0.0
1970-01-01 00:00:00.090381950,0.09038195,0.0,0.0,0.0,319.81308,0.0,0.0,0.0,0.0,-1.5707964,0.0
1970-01-01 00:00:00.090383165,0.090383165,0.0,0.0,0.0,0.0,442.06784,0.0,0.0,0.0,-1.5707964,0.0
1970-01-01 00:00:00.090530322,0.090530322,0.0,0.0,0.0,318.99066,0.0,0.0,0.0,0.0,-1.5707964,0.0
1970-01-01 00:00:00.090750924,0.090750924,0.0,0.0,106.432236,0.0,0.0,0.0,0.0,0.0,-1.5707964,0.0
1970-01-01 00:00:00.090848524,0.090848524,0.0,0.0,199.35938,0.0,0.0,0.0,0.0,0.0,-1.5707964,0.0
1970-01-01 00:00:00.090859874,0.090859874,0.0,0.0,275.6676,0.0,0.0,0.0,0.0,0.0,-1.5707964,0.0
1970-01-01 00:00:00.090895752,0.090895752,0.0,0.0,252.84888,0.0,0.0,0.0,0.0,0.0,-1.5707964,0.0
1970-01-01 00:00:00.090937016,0.090937016,0.0,0.0,595.5124,0.0,0.0,0.0,0.0,0.0,-1.5707964,0.0
1970-01-01 00:00:00.091097383,0.091097383,0.0,0.0,394.9605,0.0,0.0,0.0,0.0,0.0,-1.5707964,0.0
1970-01-01 00:00:00.091098013,0.091098013,617.1599,0.0,0.0,0.0,0.0,0.0,0.0,0.0,-1.5707964,0.0
1970-01-01 00:00:00.091211510,0.09121151,0.0,0.0,196.1775,0.0,0.0,0.0,0.0,0.0,-1.5707964,0.0
1970-01-01 00:00:00.091339582,0.091339582,0.0,0.0,123.293465,0.0,0.0,0.0,0.0,0.0,-1.5707964,0.0
1970-01-01 00:00:00.091353846,0.091353846,0.0,0.0,323.8377,0.0,0.0,0.0,0.0,0.0,-1.5707964,0.0
1970-01-01 00:00:00.091405152,0.091405152,0.0,0.0,0.0,0.0,0.0,119.22994,0.0,0.0,-1.5707964,0.0
1970-01-01 00:00:00.091418426,0.091418426,0.0,0.0,0.0,0.0,0.0,143.67729,0.0,0.0,-1.5707964,0.0
1970-01-01 00:00:00.091471348,0.091471348,0.0,0.0,0.0,0.0,0.0,234.69193,0.0,0.0,-1.5707964,0.0
1970-01-01 00:00:00.091510741,0.091510741,0.0,0.0,85.9037,0.0,0.0,0.0,0.0,0.0,-1.5707964,0.0
1970-01-01 00:00:00.091511597,0.091511597,0.0,0.0,0.0,0.0,328.48477,0.0,0.0,0.0,-1.5707964,0.0
1970-01-01 00:00:00.091578169,0.091578169,96.62196,0.0,0.0,0.0,0.0,0.0,0.0,0.0,-1.5707964,0.0
1970-01-01 00:00:00.091578169,0.091578169,0.0,0.0,304.99954,0.0,0.0,0.0,0.0,0.0,-1.5707964,0.0
1970-01-01 00:00:00.091641394,0.091641394,0.0,0.0,134.44171,0.0,0.0,0.0,0.0,0.0,-1.5707964,0.0
1970-01-01 00:00:00.091655812,0.091655812,0.0,0.0,134.37738,0.0,0.0,0.0,0.0,0.0,-1.5707964,0.0
1970-01-01 00:00:00.091770269,0.091770269,454.62216,0.0,0.0,0.0,0.0,0.0,0.0,0.0,-1.5707964,0.0
1970-01-01 00:00:00.091771447,0.091771447,0.0,209.8837,0.0,0.0,0.0,0.0,0.0,0.0,-1.5707964,0.0
1970-01-01 00:00:00.091790723,0.091790723,0.0,0.0,1952.8959,0.0,0.0,0.0,0.0,0.0,-1.5707964,0.0
1970-01-01 00:00:00.091858590,0.09185859,0.0,0.0,713.45013,0.0,0.0,0.0,0.0,0.0,-1.5707964,0.0
1970-01-01 00:00:00.091897344,0.091897344,0.0,0.0,512.286,0.0,0.0,0.0,0.0,0.0,-1.5707964,0.0
1970-01-01 00:00:00.091926373,0.091926373,0.0,0.0,239.6861,0.0,0.0,0.0,0.0,0.0,-1.5707964,0.0
1970-01-01 00:00:00.091989872,0.091989872,0.0,0.0,186.1588,0.0,0.0,0.0,0.0,0.0,-1.5707964,0.0
1970-01-01 00:00:00.092206999,0.092206999,0.0,0.0,0.0,0.0,185.87349,0.0,0.0,0.0,-1.5707964,0.0
1970-01-01 00:00:00.092325952,0.092325952,0.0,0.0,600.531,0.0,0.0,0.0,0.0,0.0,-1.5707964,0.0
1970-01-01 00:00:00.092356713,0.092356713,0.0,0.0,472.18027,0.0,0.0,0.0,0.0,0.0,-1.5707964,0.0
1970-01-01 00:00:00.092377019,0.092377019,0.0,0.0,437.2454,0.0,0.0,0.0,0.0,0.0,-1.5707964,0.0
1970-01-01 00:00:00.092377019,0.092377019,0.0,0.0,0.0,0.0,629.1023,0.0,0.0,0.0,-1.5707964,0.0
1970-01-01 00:00:00.092395558,0.092395558,0.0,0.0,135.1321,0.0,0.0,0.0,0.0,0.0,-1.5707964,0.0
1970-01-01 00:00:00.092506433,0.092506433,0.0,0.0,95.33278,0.0,0.0,0.0,0.0,0.0,-1.5707964,0.0
1970-01-01 00:00:00.092508263,0.092508263,0.0,0.0,185.80496,0.0,0.0,0.0,0.0,0.0,-1.5707964,0.0
1970-01-01 00:00:00.092587493,0.092587493,0.0,0.0,240.4278,0.0,0.0,0.0,0.0,0.0,-1.5707964,0.0
1970-01-01 00:00:00.092723411,0.092723411,0.0,0.0,449.21088,0.0,0.0,0.0,0.0,0.0,-1.5707964,0.0
1970-01-01 00:00:00.092833481,0.092833481,200.16217,0.0,0.0,0.0,0.0,0.0,0.0,0.0,-1.5707964,0.0
1970-01-01 00:00:00.092883479,0.092883479,0.0,0.0,0.0,0.0,0.0,1183.8113,0.0,0.0,-1.5707964,0.0
1970-01-01 00:00:00.092921114,0.092921114,0.0,0.0,216.92252,0.0,0.0,0.0,0.0,0.0,-1.5707964,0.0
1970-01-01 00:00:00.092921114,0.092921114,0.0,0.0,0.0,0.0,992.69257,0.0,0.0,0.0,-1.5707964,0.0
1970-01-01 00:00:00.092991518,0.092991518,0.0,0.0,0.0,1087.43,0.0,0.0,0.0,0.0,-1.5707964,0.0
1970-01-01 00:00:00.092991518,0.092991518,0.0,0.0,0.0,0.0,0.0,476.88092,0.0,0.0,-1.5707964,0.0
1970-01-01 00:00:00.093060916,0.093060916,0.0,0.0,301.20538,0.0,0.0,0.0,0.0,0.0,-1.5707964,0.0
1970-01-01 00:00:00.093090995,0.093090995,2620.9353,0.0,0.0,0.0,0.0,0.0,0.0,0.0,-1.5707964,0.0
1970-01-01 00:00:00.093125481,0.093125481,0.0,0.0,123.86847,0.0,0.0,0.0,0.0,0.0,-1.5707964,0.0
1970-01-01 00:00:00.093153672,0.093153672,0.0,0.0,0.0,0.0,0.0,1272.8966,0.0,0.0,-1.5707964,0.0
1970-01-01 00:00:00.093178673,0.093178673,0.0,0.0,646.0526,0.0,0.0,0.0,0.0,0.0,-1.5707964,0.0
1970-01-01 00:00:00.093193684,0.093193684,0.0,0.0,536.69165,0.0,0.0,0.0,0.0,0.0,-1.5707964,0.0
1970-01-01 00:00:00.093197953,0.093197953,0.0,0.0,1187.37,0.0,0.0,0.0,0.0,0.0,-1.5707964,0.0
1970-01-01 00:00:00.093207881,0.093207881,535.14124,0.0,0.0,0.0,0.0,0.0,0.0,0.0,-1.5707964,0.0
1970-01-01 00:00:00.093241765,0.093241765,0.0,0.0,363.92093,0.0,0.0,0.0,0.0,0.0,-1.5707964,0.0
1970-01-01 00:00:00.093259344,0.093259344,0.0,0.0,312.27966,0.0,0.0,0.0,0.0,0.0,-1.5707964,0.0
1970-01-01 00:00:00.093323779,0.093323779,0.0,0.0,0.0,3114.5557,0.0,0.0,0.0,0.0,-1.5707964,0.0
1970-01-01 00:00:00.093397148,0.093397148,0.0,0.0,84.991875,0.0,0.0,0.0,0.0,0.0,-1.5707964,0.0
1970-01-01 00:00:00.093410597,0.093410597,0.0,0.0,0.0,0.0,429.80084,0.0,0.0,0.0,-1.5707964,0.0
1970-01-01 00:00:00.093481113,0.093481113,0.0,0.0,259.37662,0.0,0.0,0.0,0.0,0.0,-1.5707964,0.0
1970-01-01 00:00:00.093498846,0.093498846,203.50783,0.0,0.0,0.0,0.0,0.0,0.0,0.0,-1.5707964,0.0
1970-01-01 00:00:00.093521691,0.093521691,0.0,0.0,0.0,0.0,0.0,706.56903,0.0,0.0,-1.5707964,0.0
1970-01-01 00:00:00.093554193,0.093554193,0.0,0.0,183.80656,0.0,0.0,0.0,0.0,0.0,-1.5707964,0.0
1970-01-01 00:00:00.093732701,0.093732701,0.0,0.0,0.0,0.0,0.0,327.34018,0.0,0.0,-1.5707964,0.0
1970-01-01 00:00:00.093781541,0.093781541,0.0,0.0,599.64307,0.0,0.0,0.0,0.0,0.0,-1.5707964,0.0
1970-01-01 00:00:00.093814782,0.093814782,0.0,0.0,0.0,0.0,126.78944,0.0,0.0,0.0,-1.5707964,0.0
1970-01-01 00:00:00.093831109,0.093831109,0.0,0.0,96.437904,0.0,0.0,0.0,0.0,0.0,-1.5707964,0.0
1970-01-01 00:00:00.093992576,0.093992576,0.0,0.0,84.83051,0.0,0.0,0.0,0.0,0.0,-1.5707964,0.0
1970-01-01 00:00:00.093993998,0.093993998,0.0,91.04425,0.0,0.0,0.0,0.0,0.0,0.0,-1.5707964,0.0
1970-01-01 00:00:00.094022604,0.094022604,0.0,0.0,89.46212,0.0,0.0,0.0,0.0,0.0,-1.5707964,0.0
1970-01-01 00:00:00.094204567,0.094204567,273.76456,0.0,0.0,0.0,0.0,0.0,0.0,0.0,-1.5707964,0.0
1970-01-01 00:00:00.094354764,0.094354764,0.0,0.0,367.01215,0.0,0.0,0.0,0.0,0.0,-1.5707964,0.0
1970-01-01 00:00:00.094443747,0.094443747,0.0,0.0,200.30286,0.0,0.0,0.0,0.0,0.0,-1.5707964,0.0
1970-01-01 00:00:00.094461176,0.094461176,0.0,0.0,419.80862,0.0,0.0,0.0,0.0,0.0,-1.5707964,0.0
1970-01-01 00:00:00.094467746,0.094467746,0.0,0.0,334.80176,0.0,0.0,0.0,0.0,0.0,-1.5707964,0.0
1970-01-01 00:00:00.094504266,0.094504266,0.0,0.0,490.40958,0.0,0.0,0.0,0.0,0.0,-1.5707964,0.0
1970-01-01 00:00:00.094540183,0.094540183,0.0,0.0,0.0,184.77106,0.0,0.0,0.0,0.0,-1.5707964,0.0
1970-01-01 00:00:00.094554706,0.094554706,0.0,0.0,357.4769,0.0,0.0,0.0,0.0,0.0,-1.5707964,0.0
1970-01-01 00:00:00.094569810,0.09456981,0.0,0.0,0.0,0.0,507.98032,0.0,0.0,0.0,-1.5707964,0.0
1970-01-01 00:00:00.094659293,0.094659293,0.0,0.0,0.0,0.0,0.0,243.5302,0.0,0.0,-1.5707964,0.0
1970-01-01 00:00:00.094703209,0.094703209,0.0,0.0,329.04147,0.0,0.0,0.0,0.0,0.0,-1.5707964,0.0
1970-01-01 00:00:00.094723149,0.094723149,0.0,0.0,0.0,0.0,0.0,680.2646,0.0,0.0,-1.5707964,0.0
1970-01-01 00:00:00.094791194,0.094791194,0.0,0.0,261.70468,0.0,0.0,0.0,0.0,0.0,-1.5707964,0.0
1970-01-01 00:00:00.094791194,0.094791194,0.0,0.0,0.0,0.0,0.0,225.02596,0.0,0.0,-1.5707964,0.0
1970-01-01 00:00:00.094807373,0.094807373,800.23413,0.0,0.0,0.0,0.0,0.0,0.0,0.0,-1.5707964,0.0
1970-01-01 00:00:00.094807373,0.094807373,0.0,0.0,100.86097,0.0,0.0,0.0,0.0,0.0,-1.5707964,0.0
1970-01-01 00:00:00.094807916,0.094807916,0.0,0.0,340.50424,0.0,0.0,0.0,0.0,0.0,-1.5707964,0.0
1970-01-01 00:00:00.094857351,0.094857351,0.0,0.0,356.24466,0.0,0.0,0.0,0.0,0.0,-1.5707964,0.0
1970-01-01 00:00:00.094982422,0.094982422,0.0,0.0,100.296745,0.0,0.0,0.0,0.0,0.0,-1.5707964,0.0
1970-01-01 00:00:00.095044688,0.095044688,0.0,0.0,1091.7927,0.0,0.0,0.0,0.0,0.0,-1.5707964,0.0
1970-01-01 00:00:00.095046024,0.095046024,0.0,0.0,787.9595,0.0,0.0,0.0,0.0,0.0,-1.5707964,0.0
1970-01-01 00:00:00.095120265,0.095120265,0.0,0.0,0.0,0.0,327.6044,0.0,0.0,0.0,-1.5707964,0.0
1970-01-01 00:00:00.095155535,0.095155535,0.0,0.0,220.55156,0.0,0.0,0.0,0.0,0.0,-1.5707964,0.0
1970-01-01 00:00:00.095250732,0.095250732,0.0,0.0,0.0,0.0,0.0,486.75308,0.0,0.0,-1.5707964,0.0
1970-01-01 00:00:00.095255423,0.095255423,0.0,0.0,235.57019,0.0,0.0,0.0,0.0,0.0,-1.5707964,0.0
1970-01-01 00:00:00.095312412,0.095312412,0.0,0.0,127.56527,0.0,0.0,0.0,0.0,0.0,-1.5707964,0.0
1970-01-01 00:00:00.095330793,0.095330793,0.0,0.0,713.43567,0.0,0.0,0.0,0.0,0.0,-1.5707964,0.0
1970-01-01 00:00:00.095336900,0.0953369,0.0,0.0,209.08852,0.0,0.0,0.0,0.0,0.0,-1.5707964,0.0
1970-01-01 00:00:00.095399376,0.095399376,0.0,0.0,711.0498,0.0,0.0,0.0,0.0,0.0,-1.5707964,0.0
1970-01-01 00:00:00.095434487,0.095434487,0.0,0.0,214.17561,0.0,0.0,0.0,0.0,0.0,-1.5707964,0.0
1970-01-01 00:00:00.095550155,0.095550155,0.0,0.0,120.29525,0.0,0.0,0.0,0.0,0.0,-1.5707964,0.0
1970-01-01 00:00:00.095644668,0.095644668,0.0,0.0,0.0,0.0,265.43005,0.0,0.0,0.0,-1.5707964,0.0
1970-01-01 00:00:00.095659715,0.095659715,0.0,0.0,160.9739,0.0,0.0,0.0,0.0,0.0,-1.5707964,0.0
1970-01-01 00:00:00.095748132,0.095748132,0.0,0.0,427.96655,0.0,0.0,0.0,0.0,0.0,-1.5707964,0.0
1970-01-01 00:00:00.095788799,0.095788799,0.0,0.0,397.23062,0.0,0.0,0.0,0.0,0.0,-1.5707964,0.0
1970-01-01 00:00:00.095944928,0.095944928,0.0,0.0,0.0,0.0,0.0,568.56934,0.0,0.0,-1.5707964,0.0
1970-01-01 00:00:00.095966456,0.095966456,0.0,0.0,233.30116,0.0,0.0,0.0,0.0,0.0,-1.5707964,0.0
1970-01-01 00:00:00.096088184,0.096088184,170.63763,0.0,0.0,0.0,0.0,0.0,0.0,0.0,-1.5707964,0.0
1970-01-01 00:00:00.096195557,0.096195557,0.0,0.0,215.32002,0.0,0.0,0.0,0.0,0.0,-1.5707964,0.0
1970-01-01 00:00:00.096218876,0.096218876,0.0,0.0,0.0,0.0,0.0,262.09875,0.0,0.0,-1.5707964,0.0
1970-01-01 00:00:00.096255804,0.096255804,0.0,0.0,0.0,0.0,584.9424,0.0,0.0,0.0,-1.5707964,0.0
1970-01-01 00:00:00.096255804,0.096255804,0.0,0.0,436.7984,0.0,0.0,0.0,0.0,0.0,-1.5707964,0.0
1970-01-01 00:00:00.096393241,0.096393241,0.0,0.0,0.0,0.0,0.0,884.0258,0.0,0.0,-1.5707964,0.0
1970-01-01 00:00:00.096530916,0.096530916,0.0,0.0,203.0749,0.0,0.0,0.0,0.0,0.0,-1.5707964,0.0
1970-01-01 00:00:00.096537818,0.096537818,1434.3169,0.0,0.0,0.0,0.0,0.0,0.0,0.0,-1.5707964,0.0
1970-01-01 00:00:00.096571566,0.096571566,0.0,0.0,185.21321,0.0,0.0,0.0,0.0,0.0,-1.5707964,0.0
1970-01-01 00:00:00.096700318,0.096700318,0.0,0.0,563.4851,0.0,0.0,0.0,0.0,0.0,-1.5707964,0.0
1970-01-01 00:00:00.096760329,0.096760329,0.0,0.0,674.9392,0.0,0.0,0.0,0.0,0.0,-1.5707964,0.0
1970-01-01 00:00:00.096799914,0.096799914,0.0,0.0,92.19422,0.0,0.0,0.0,0.0,0.0,-1.5707964,0.0
1970-01-01 00:00:00.096989633,0.096989633,0.0,0.0,1368.253,0.0,0.0,0.0,0.0,0.0,-1.5707964,0.0
1970-01-01 00:00:00.097042712,0.097042712,306.25095,0.0,0.0,0.0,0.0,0.0,0.0,0.0,-1.5707964,0.0
1970-01-01 00:00:00.097105348,0.097105348,0.0,0.0,0.0,0.0,0.0,616.5326,0.0,0.0,-1.5707964,0.0
1970-01-01 00:00:00.097118041,0.097118041,412.43604,0.0,0.0,0.0,0.0,0.0,0.0,0.0,-1.5707964,0.0
1970-01-01 00:00:00.097125065,0.097125065,0.0,0.0,549.8623,0.0,0.0,0.0,0.0,0.0,-1.5707964,0.0
1970-01-01 00:00:00.097135423,0.097135423,0.0,0.0,607.8746,0.0,0.0,0.0,0.0,0.0,-1.5707964,0.0
1970-01-01 00:00:00.097155365,0.097155365,0.0,0.0,0.0,0.0,139.40947,0.0,0.0,0.0,-1.5707964,0.0
1970-01-01 00:00:00.097209289,0.097209289,279.66098,0.0,0.0,0.0,0.0,0.0,0.0,0.0,-1.5707964,0.0
1970-01-01 00:00:00.097278695,0.097278695,0.0,0.0,1214.406,0.0,0.0,0.0,0.0,0.0,-1.5707964,0.0
1970-01-01 00:00:00.097301466,0.097301466,0.0,0.0,208.23773,0.0,0.0,0.0,0.0,0.0,-1.5707964,0.0
1970-01-01 00:00:00.097322846,0.097322846,0.0,0.0,338.46457,0.0,0.0,0.0,0.0,0.0,-1.5707964,0.0
1970-01-01 00:00:00.097326893,0.097326893,0.0,0.0,1529.6808,0.0,0.0,0.0,0.0,0.0,-1.5707964,0.0
1970-01-01 00:00:00.097381631,0.097381631,0.0,0.0,302.80652,0.0,0.0,0.0,0.0,0.0,-1.5707964,0.0
1970-01-01 00:00:00.097399140,0.09739914,0.0,0.0,0.0,0.0,0.0,152.33641,0.0,0.0,-1.5707964,0.0
1970-01-01 00:00:00.097425330,0.09742533,0.0,0.0,525.7965,0.0,0.0,0.0,0.0,0.0,-1.5707964,0.0
1970-01-01 00:00:00.097434885,0.097434885,213.49948,0.0,0.0,0.0,0.0,0.0,0.0,0.0,-1.5707964,0.0
1970-01-01 00:00:00.097434885,0.097434885,0.0,0.0,331.0964,0.0,0.0,0.0,0.0,0.0,-1.5707964,0.0
1970-01-01 00:00:00.097443955,0.097443955,0.0,0.0,0.0,235.26553,0.0,0.0,0.0,0.0,-1.5707964,0.0
1970-01-01 00:00:00.097528114,0.097528114,0.0,0.0,0.0,1580.4459,0.0,0.0,0.0,0.0,-1.5707964,0.0
1970-01-01 00:00:00.097553923,0.097553923,0.0,0.0,0.0,0.0,0.0,132.41586,0.0,0.0,-1.5707964,0.0
1970-01-01 00:00:00.097648787,0.097648787,0.0,0.0,443.0867,0.0,0.0,0.0,0.0,0.0,-1.5707964,0.0
1970-01-01 00:00:00.097691586,0.097691586,0.0,907.1656,0.0,0.0,0.0,0.0,0.0,0.0,-1.5707964,0.0
1970-01-01 00:00:00.097702701,0.097702701,0.0,0.0,171.46434,0.0,0.0,0.0,0.0,0.0,-1.5707964,0.0
1970-01-01 00:00:00.097794471,0.097794471,0.0,0.0,0.0,109.638756,0.0,0.0,0.0,0.0,-1.5707964,0.0
1970-01-01 00:00:00.097908641,0.097908641,0.0,0.0,116.764244,0.0,0.0,0.0,0.0,0.0,-1.5707964,0.0
1970-01-01 00:00:00.097977980,0.09797798,0.0,0.0,0.0,572.2026,0.0,0.0,0.0,0.0,-1.5707964,0.0
1970-01-01 00:00:00.098038234,0.098038234,0.0,0.0,83.898705,0.0,0.0,0.0,0.0,0.0,-1.5707964,0.0
1970-01-01 00:00:00.098040915,0.098040915,0.0,0.0,339.20242,0.0,0.0,0.0,0.0,0.0,-1.5707964,0.0
1970-01-01 00:00:00.098040915,0.098040915,0.0,0.0,0.0,0.0,0.0,283.16455,0.0,0.0,-1.5707964,0.0
1970-01-01 00:00:00.098102391,0.098102391,0.0,0.0,103.454994,0.0,0.0,0.0,0.0,0.0,-1.5707964,0.0
1970-01-01 00:00:00.098173479,0.098173479,0.0,0.0,690.4173,0.0,0.0,0.0,0.0,0.0,-1.5707964,0.0
1970-01-01 00:00:00.098289663,0.098289663,0.0,0.0,0.0,197.40305,0.0,0.0,0.0,0.0,-1.5707964,0.0
1970-01-01 00:00:00.098335159,0.098335159,0.0,0.0,0.0,0.0,0.0,152.3395,0.0,0.0,-1.5707964,0.0
1970-01-01 00:00:00.098415441,0.098415441,0.0,0.0,926.7368,0.0,0.0,0.0,0.0,0.0,-1.5707964,0.0
1970-01-01 00:00:00.098426770,0.09842677,0.0,0.0,329.2744,0.0,0.0,0.0,0.0,0.0,-1.5707964,0.0
1970-01-01 00:00:00.098431607,0.098431607,0.0,0.0,0.0,0.0,178.94402,0.0,0.0,0.0,-1.5707964,0.0
1970-01-01 00:00:00.098465692,0.098465692,0.0,0.0,80.20089,0.0,0.0,0.0,0.0,0.0,-1.5707964,0.0
1970-01-01 00:00:00.098492793,0.098492793,0.0,0.0,250.82887,0.0,0.0,0.0,0.0,0.0,-1.5707964,0.0
1970-01-01 00:00:00.098586241,0.098586241,0.0,0.0,0.0,0.0,0.0,86.17616,0.0,0.0,-1.5707964,0.0
1970-01-01 00:00:00.098618749,0.098618749,0.0,0.0,107.452446,0.0,0.0,0.0,0.0,0.0,-1.5707964,0.0
1970-01-01 00:00:00.098712181,0.098712181,0.0,0.0,582.1716,0.0,0.0,0.0,0.0,0.0,-1.5707964,0.0
1970-01-01 00:00:00.098712211,0.098712211,0.0,0.0,299.33136,0.0,0.0,0.0,0.0,0.0,-1.5707964,0.0
1970-01-01 00:00:00.098727373,0.098727373,0.0,0.0,336.49948,0.0,0.0,0.0,0.0,0.0,-1.5707964,0.0
1970-01-01 00:00:00.098992234,0.098992234,0.0,0.0,144.48248,0.0,0.0,0.0,0.0,0.0,-1.5707964,0.0
1970-01-01 00:00:00.099034927,0.099034927,0.0,0.0,83.34396,0.0,0.0,0.0,0.0,0.0,-1.5707964,0.0
1970-01-01 00:00:00.099155588,0.099155588,291.62308,0.0,0.0,0.0,0.0,0.0,0.0,0.0,-1.5707964,0.0
1970-01-01 00:00:00.099169780,0.09916978,0.0,0.0,1149.0654,0.0,0.0,0.0,0.0,0.0,-1.5707964,0.0
1970-01-01 00:00:00.099176912,0.099176912,0.0,0.0,0.0,87.51112,0.0,0.0,0.0,0.0,-1.5707964,0.0
1970-01-01 00:00:00.099283098,0.099283098,0.0,0.0,234.29701,0.0,0.0,0.0,0.0,0.0,-1.5707964,0.0
1970-01-01 00:00:00.099320071,0.099320071,0.0,0.0,451.7653,0.0,0.0,0.0,0.0,0.0,-1.5707964,0.0
1970-01-01 00:00:00.099337007,0.099337007,0.0,0.0,136.00688,0.0,0.0,0.0,0.0,0.0,-1.5707964,0.0
1970-01-01 00:00:00.099357105,0.099357105,0.0,0.0,219.85773,0.0,0.0,0.0,0.0,0.0,-1.5707964,0.0
1970-01-01 00:00:00.099406148,0.099406148,0.0,0.0,0.0,0.0,0.0,287.23184,0.0,0.0,-1.5707964,0.0
1970-01-01 00:00:00.099454149,0.099454149,0.0,0.0,153.53069,0.0,0.0,0.0,0.0,0.0,-1.5707964,0.0
1970-01-01 00:00:00.099506795,0.099506795,0.0,0.0,805.1934,0.0,0.0,0.0,0.0,0.0,-1.5707964,0.0
1970-01-01 00:00:00.099695135,0.099695135,0.0,0.0,132.31274,0.0,0.0,0.0,0.0,0.0,-1.5707964,0.0
1970-01-01 00:00:00.099936876,0.099936876,273.24924,0.0,0.0,0.0,0.0,0.0,0.0,0.0,-1.5707964,0.0
1970-01-01 00:00:00.100097584,0.100097584,0.0,0.0,193.79625,0.0,0.0,0.0,0.0,0.0,-1.5707964,0.0
1970-01-01 00:00:00.100136096,0.100136096,0.0,0.0,392.37808,0.0,0.0,0.0,0.0,0.0,-1.5707964,0.0
1970-01-01 00:00:00.100161132,0.100161132,0.0,0.0,147.70712,0.0,0.0,0.0,0.0,0.0,-1.5707964,0.0
1970-01-01 00:00:00.100169256,0.100169256,0.0,0.0,544.76526,0.0,0.0,0.0,0.0,0.0,-1.5707964,0.0
1970-01-01 00:00:00.100256009,0.100256009,0.0,0.0,595.6899,0.0,0.0,0.0,0.0,0.0,-1.5707964,0.0
1970-01-01 00:00:00.100393388,0.100393388,634.4674,0.0,0.0,0.0,0.0,0.0,0.0,0.0,-1.5707964,0.0
1970-01-01 00:00:00.100440388,0.100440388,712.96545,0.0,0.0,0.0,0.0,0.0,0.0,0.0,-1.5707964,0.0
1970-01-01 00:00:00.100537844,0.100537844,0.0,0.0,301.60345,0.0,0.0,0.0,0.0,0.0,-1.5707964,0.0
1970-01-01 00:00:00.100588501,0.100588501,0.0,0.0,634.1112,0.0,0.0,0.0,0.0,0.0,-1.5707964,0.0
1970-01-01 00:00:00.100608380,0.10060838,0.0,0.0,93.20381,0.0,0.0,0.0,0.0,0.0,-1.5707964,0.0
1970-01-01 00:00:00.101127097,0.101127097,0.0,0.0,137.30455,0.0,0.0,0.0,0.0,0.0,-1.5707964,0.0
1970-01-01 00:00:00.101225337,0.101225337,1723.8176,0.0,0.0,0.0,0.0,0.0,0.0,0.0,-1.5707964,0.0
1970-01-01 00:00:00.101225337,0.101225337,301.5329,0.0,0.0,0.0,0.0,0.0,0.0,0.0,-1.5707964,0.0
1970-01-01 00:00:00.101230378,0.101230378,217.62923,0.0,0.0,0.0,0.0,0.0,0.0,0.0,-1.5707964,0.0
1970-01-01 00:00:00.101264472,0.101264472,0.0,0.0,0.0,0.0,0.0,249.61163,0.0,0.0,-1.5707964,0.0
1970-01-01 00:00:00.101274934,0.101274934,0.0,0.0,0.0,0.0,0.0,108.509895,0.0,0.0,-1.5707964,0.0
1970-01-01 00:00:00.101309223,0.101309223,0.0,276.3076,0.0,0.0,0.0,0.0,0.0,0.0,-1.5707964,0.0
1970-01-01 00:00:00.101310850,0.10131085,0.0,0.0,119.4378,0.0,0.0,0.0,0.0,0.0,-1.5707964,0.0
1970-01-01 00:00:00.101369825,0.101369825,0.0,0.0,345.4237,0.0,0.0,0.0,0.0,0.0,-1.5707964,0.0
1970-01-01 00:00:00.101371588,0.101371588,0.0,0.0,215.27614,0.0,0.0,0.0,0.0,0.0,-1.5707964,0.0
1970-01-01 00:00:00.101435565,0.101435565,0.0,0.0,661.55743,0.0,0.0,0.0,0.0,0.0,-1.5707964,0.0
1970-01-01 00:00:00.101435565,0.101435565,0.0,0.0,0.0,0.0,438.06772,0.0,0.0,0.0,-1.5707964,0.0
1970-01-01 00:00:00.101519718,0.101519718,0.0,0.0,183.87283,0.0,0.0,0.0,0.0,0.0,-1.5707964,0.0
1970-01-01 00:00:00.101694776,0.101694776,0.0,0.0,0.0,654.5538,0.0,0.0,0.0,0.0,-1.5707964,0.0
1970-01-01 00:00:00.101769114,0.101769114,0.0,129.97711,0.0,0.0,0.0,0.0,0.0,0.0,-1.5707964,0.0
1970-01-01 00:00:00.101816802,0.101816802,680.7981,0.0,0.0,0.0,0.0,0.0,0.0,0.0,-1.5707964,0.0
1970-01-01 00:00:00.101828737,0.101828737,0.0,0.0,222.08377,0.0,0.0,0.0,0.0,0.0,-1.5707964,0.0
1970-01-01 00:00:00.101840160,0.10184016,0.0,0.0,754.02637,0.0,0.0,0.0,0.0,0.0,-1.5707964,0.0
1970-01-01 00:00:00.101841709,0.101841709,0.0,0.0,389.10028,0.0,0.0,0.0,0.0,0.0,-1.5707964,0.0
1970-01-01 00:00:00.101973707,0.101973707,0.0,0.0,150.51622,0.0,0.0,0.0,0.0,0.0,-1.5707964,0.0
1970-01-01 00:00:00.101998727,0.101998727,0.0,0.0,794.3315,0.0,0.0,0.0,0.0,0.0,-1.5707964,0.0
1970-01-01 00:00:00.102004979,0.102004979,0.0,0.0,377.59073,0.0,0.0,0.0,0.0,0.0,-1.5707964,0.0
1970-01-01 00:00:00.102042659,0.102042659,177.65312,0.0,0.0,0.0,0.0,0.0,0.0,0.0,-1.5707964,0.0
1970-01-01 00:00:00.102105658,0.102105658,0.0,0.0,153.73396,0.0,0.0,0.0,0.0,0.0,-1.5707964,0.0
1970-01-01 00:00:00.102147844,0.102147844,0.0,0.0,232.53966,0.0,0.0,0.0,0.0,0.0,-1.5707964,0.0
1970-01-01 00:00:00.102188416,0.102188416,0.0,0.0,121.137146,0.0,0.0,0.0,0.0,0.0,-1.5707964,0.0
1970-01-01 00:00:00.102190559,0.102190559,0.0,0.0,96.23477,0.0,0.0,0.0,0.0,0.0,-1.5707964,0.0
1970-01-01 00:00:00.102228087,0.102228087,0.0,0.0,0.0,130.31686,0.0,0.0,0.0,0.0,-1.5707964,0.0
1970-01-01 00:00:00.102230772,0.102230772,0.0,0.0,247.60927,0.0,0.0,0.0,0.0,0.0,-1.5707964,0.0
1970-01-01 00:00:00.102263845,0.102263845,0.0,0.0,146.94868,0.0,0.0,0.0,0.0,0.0,-1.5707964,0.0
1970-01-01 00:00:00.102276568,0.102276568,0.0,0.0,0.0,283.99207,0.0,0.0,0.0,0.0,-1.5707964,0.0
1970-01-01 00:00:00.102295930,0.10229593,255.67612,0.0,0.0,0.0,0.0,0.0,0.0,0.0,-1.5707964,0.0
1970-01-01 00:00:00.102420669,0.102420669,0.0,0.0,863.00946,0.0,0.0,0.0,0.0,0.0,-1.5707964,0.0
1970-01-01 00:00:00.102501250,0.10250125,0.0,0.0,245.06723,0.0,0.0,0.0,0.0,0.0,-1.5707964,0.0
1970-01-01 00:00:00.102566535,0.102566535,0.0,0.0,0.0,0.0,0.0,2163.3928,0.0,0.0,-1.5707964,0.0
1970-01-01 00:00:00.102650883,0.102650883,0.0,0.0,0.0,0.0,0.0,349.62872,0.0,0.0,-1.5707964,0.0
1970-01-01 00:00:00.102654428,0.102654428,0.0,0.0,93.6699,0.0,0.0,0.0,0.0,0.0,-1.5707964,0.0
1970-01-01 00:00:00.102657843,0.102657843,676.8375,0.0,0.0,0.0,0.0,0.0,0.0,0.0,-1.5707964,0.0
1970-01-01 00:00:00.102657843,0.102657843,0.0,0.0,327.5062,0.0,0.0,0.0,0.0,0.0,-1.5707964,0.0
1970-01-01 00:00:00.102715428,0.102715428,0.0,0.0,243.9904,0.0,0.0,0.0,0.0,0.0,-1.5707964,0.0
1970-01-01 00:00:00.102715428,0.102715428,0.0,0.0,0.0,0.0,1547.3154,0.0,0.0,0.0,-1.5707964,0.0
1970-01-01 00:00:00.102752365,0.102752365,0.0,0.0,226.71191,0.0,0.0,0.0,0.0,0.0,-1.5707964,0.0
1970-01-01 00:00:00.102763510,0.10276351,0.0,0.0,427.54526,0.0,0.0,0.0,0.0,0.0,-1.5707964,0.0
1970-01-01 00:00:00.102764411,0.102764411,0.0,0.0,336.87152,0.0,0.0,0.0,0.0,0.0,-1.5707964,0.0
1970-01-01 00:00:00.102774422,0.102774422,0.0,0.0,404.52188,0.0,0.0,0.0,0.0,0.0,-1.5707964,0.0
1970-01-01 00:00:00.102781651,0.102781651,0.0,0.0,0.0,1661.1311,0.0,0.0,0.0,0.0,-1.5707964,0.0
1970-01-01 00:00:00.102803128,0.102803128,0.0,0.0,0.0,0.0,615.1366,0.0,0.0,0.0,-1.5707964,0.0
1970-01-01 00:00:00.102828839,0.102828839,0.0,0.0,147.15472,0.0,0.0,0.0,0.0,0.0,-1.5707964,0.0
1970-01-01 00:00:00.102947406,0.102947406,0.0,0.0,171.65729,0.0,0.0,0.0,0.0,0.0,-1.5707964,0.0
1970-01-01 00:00:00.102978285,0.102978285,0.0,0.0,85.813545,0.0,0.0,0.0,0.0,0.0,-1.5707964,0.0
1970-01-01 00:00:00.103019997,0.103019997,0.0,0.0,0.0,0.0,0.0,500.39474,0.0,0.0,-1.5707964,0.0
1970-01-01 00:00:00.103033615,0.103033615,0.0,0.0,545.61926,0.0,0.0,0.0,0.0,0.0,-1.5707964,0.0
1970-01-01 00:00:00.103069120,0.10306912,0.0,0.0,511.34543,0.0,0.0,0.0,0.0,0.0,-1.5707964,0.0
1970-01-01 00:00:00.103092704,0.103092704,0.0,0.0,233.89912,0.0,0.0,0.0,0.0,0.0,-1.5707964,0.0
1970-01-01 00:00:00.103097269,0.103097269,0.0,0.0,250.7227,0.0,0.0,0.0,0.0,0.0,-1.5707964,0.0
1970-01-01 00:00:00.103100082,0.103100082,0.0,0.0,329.6739,0.0,0.0,0.0,0.0,0.0,-1.5707964,0.0
1970-01-01 00:00:00.103140401,0.103140401,0.0,0.0,174.31857,0.0,0.0,0.0,0.0,0.0,-1.5707964,0.0
1970-01-01 00:00:00.103149909,0.103149909,81.3087,0.0,0.0,0.0,0.0,0.0,0.0,0.0,-1.5707964,0.0
1970-01-01 00:00:00.103201385,0.103201385,0.0,0.0,834.8317,0.0,0.0,0.0,0.0,0.0,-1.5707964,0.0
1970-01-01 00:00:00.103274543,0.103274543,0.0,0.0,332.05072,0.0,0.0,0.0,0.0,0.0,-1.5707964,0.0
1970-01-01 00:00:00.103329301,0.103329301,188.95993,0.0,0.0,0.0,0.0,0.0,0.0,0.0,-1.5707964,0.0
1970-01-01 00:00:00.103398309,0.103398309,0.0,0.0,170.05862,0.0,0.0,0.0,0.0,0.0,-1.5707964,0.0
1970-01-01 00:00:00.103406770,0.10340677,0.0,0.0,112.80738,0.0,0.0,0.0,0.0,0.0,-1.5707964,0.0
1970-01-01 00:00:00.103411602,0.103411602,0.0,0.0,0.0,1347.6405,0.0,0.0,0.0,0.0,-1.5707964,0.0
1970-01-01 00:00:00.103440706,0.103440706,0.0,0.0,2471.1846,0.0,0.0,0.0,0.0,0.0,-1.5707964,0.0
1970-01-01 00:00:00.103468922,0.103468922,0.0,387.35516,0.0,0.0,0.0,0.0,0.0,0.0,-1.5707964,0.0
1970-01-01 00:00:00.103491002,0.103491002,0.0,285.97803,0.0,0.0,0.0,0.0,0.0,0.0,-1.5707964,0.0
1970-01-01 00:00:00.103585037,0.103585037,0.0,0.0,0.0,0.0,982.9498,0.0,0.0,0.0,-1.5707964,0.0
1970-01-01 00:00:00.103638096,0.103638096,0.0,0.0,0.0,0.0,370.50687,0.0,0.0,0.0,-1.5707964,0.0
1970-01-01 00:00:00.103665738,0.103665738,0.0,0.0,0.0,2289.8826,0.0,0.0,0.0,0.0,-1.5707964,0.0
1970-01-01 00:00:00.103704480,0.10370448,0.0,0.0,169.01064,0.0,0.0,0.0,0.0,0.0,-1.5707964,0.0
1970-01-01 00:00:00.103719202,0.103719202,0.0,0.0,96.57749,0.0,0.0,0.0,0.0,0.0,-1.5707964,0.0
1970-01-01 00:00:00.103780048,0.103780048,0.0,0.0,0.0,0.0,762.2574,0.0,0.0,0.0,-1.5707964,0.0
1970-01-01 00:00:00.103922148,0.103922148,0.0,0.0,0.0,390.2099,0.0,0.0,0.0,0.0,-1.5707964,0.0
1970-01-01 00:00:00.103949923,0.103949923,0.0,0.0,83.617065,0.0,0.0,0.0,0.0,0.0,-1.5707964,0.0
1970-01-01 00:00:00.103962639,0.103962639,0.0,86.83802,0.0,0.0,0.0,0.0,0.0,0.0,-1.5707964,0.0
1970-01-01 00:00:00.104050569,0.104050569,198.72368,0.0,0.0,0.0,0.0,0.0,0.0,0.0,-1.5707964,0.0
1970-01-01 00:00:00.104163459,0.104163459,0.0,0.0,0.0,0.0,221.11241,0.0,0.0,0.0,-1.5707964,0.0
1970-01-01 00:00:00.104167668,0.104167668,0.0,0.0,173.99501,0.0,0.0,0.0,0.0,0.0,-1.5707964,0.0
1970-01-01 00:00:00.104170205,0.104170205,81.94368,0.0,0.0,0.0,0.0,0.0,0.0,0.0,-1.5707964,0.0
1970-01-01 00:00:00.104221541,0.104221541,250.00922,0.0,0.0,0.0,0.0,0.0,0.0,0.0,-1.5707964,0.0
1970-01-01 00:00:00.104289143,0.104289143,0.0,0.0,778.17365,0.0,0.0,0.0,0.0,0.0,-1.5707964,0.0
1970-01-01 00:00:00.104323515,0.104323515,0.0,0.0,220.75871,0.0,0.0,0.0,0.0,0.0,-1.5707964,0.0
1970-01-01 00:00:00.104479604,0.104479604,0.0,0.0,197.69513,0.0,0.0,0.0,0.0,0.0,-1.5707964,0.0
1970-01-01 00:00:00.104540125,0.104540125,0.0,0.0,1275.4375,0.0,0.0,0.0,0.0,0.0,-1.5707964,0.0
1970-01-01 00:00:00.104574150,0.10457415,0.0,0.0,172.19522,0.0,0.0,0.0,0.0,0.0,-1.5707964,0.0
1970-01-01 00:00:00.104581567,0.104581567,822.16547,0.0,0.0,0.0,0.0,0.0,0.0,0.0,-1.5707964,0.0
1970-01-01 00:00:00.104587848,0.104587848,0.0,203.56532,0.0,0.0,0.0,0.0,0.0,0.0,-1.5707964,0.0
1970-01-01 00:00:00.104604212,0.104604212,0.0,330.10135,0.0,0.0,0.0,0.0,0.0,0.0,-1.5707964,0.0
1970-01-01 00:00:00.104614902,0.104614902,0.0,0.0,617.5272,0.0,0.0,0.0,0.0,0.0,-1.5707964,0.0
1970-01-01 00:00:00.104618383,0.104618383,0.0,0.0,606.2947,0.0,0.0,0.0,0.0,0.0,-1.5707964,0.0
1970-01-01 00:00:00.104668142,0.104668142,0.0,0.0,0.0,140.50134,0.0,0.0,0.0,0.0,-1.5707964,0.0
1970-01-01 00:00:00.104688630,0.10468863,0.0,0.0,102.6805,0.0,0.0,0.0,0.0,0.0,-1.5707964,0.0
1970-01-01 00:00:00.104725903,0.104725903,0.0,0.0,182.18948,0.0,0.0,0.0,0.0,0.0,-1.5707964,0.0
1970-01-01 00:00:00.104765832,0.104765832,0.0,0.0,0.0,0.0,818.2279,0.0,0.0,0.0,-1.5707964,0.0
1970-01-01 00:00:00.104820141,0.104820141,0.0,0.0,122.71153,0.0,0.0,0.0,0.0,0.0,-1.5707964,0.0
1970-01-01 00:00:00.104923226,0.104923226,0.0,386.10983,0.0,0.0,0.0,0.0,0.0,0.0,-1.5707964,0.0
1970-01-01 00:00:00.105010026,0.105010026,0.0,0.0,448.94537,0.0,0.0,0.0,0.0,0.0,-1.5707964,0.0
1970-01-01 00:00:00.105135082,0.105135082,0.0,0.0,373.1473,0.0,0.0,0.0,0.0,0.0,-1.5707964,0.0
1970-01-01 00:00:00.105222298,0.105222298,0.0,0.0,0.0,0.0,484.65323,0.0,0.0,0.0,-1.5707964,0.0
1970-01-01 00:00:00.105222298,0.105222298,0.0,0.0,0.0,478.61627,0.0,0.0,0.0,0.0,-1.5707964,0.0
1970-01-01 00:00:00.105395061,0.105395061,0.0,0.0,405.2441,0.0,0.0,0.0,0.0,0.0,-1.5707964,0.0
1970-01-01 00:00:00.105395061,0.105395061,0.0,0.0,0.0,1959.5933,0.0,0.0,0.0,0.0,-1.5707964,0.0
1970-01-01 00:00:00.105526460,0.10552646,0.0,0.0,136.80725,0.0,0.0,0.0,0.0,0.0,-1.5707964,0.0
1970-01-01 00:00:00.105557193,0.105557193,0.0,0.0,803.4735,0.0,0.0,0.0,0.0,0.0,-1.5707964,0.0
1970-01-01 00:00:00.105584771,0.105584771,0.0,0.0,1243.9135,0.0,0.0,0.0,0.0,0.0,-1.5707964,0.0
1970-01-01 00:00:00.105591168,0.105591168,0.0,0.0,0.0,0.0,0.0,428.88345,0.0,0.0,-1.5707964,0.0
1970-01-01 00:00:00.105596586,0.105596586,0.0,0.0,0.0,0.0,0.0,190.18611,0.0,0.0,-1.5707964,0.0
1970-01-01 00:00:00.105640309,0.105640309,0.0,0.0,144.05573,0.0,0.0,0.0,0.0,0.0,-1.5707964,0.0
1970-01-01 00:00:00.105716113,0.105716113,0.0,0.0,970.2073,0.0,0.0,0.0,0.0,0.0,-1.5707964,0.0
1970-01-01 00:00:00.105737458,0.105737458,0.0,0.0,142.58284,0.0,0.0,0.0,0.0,0.0,-1.5707964,0.0
1970-01-01 00:00:00.105739062,0.105739062,0.0,0.0,0.0,0.0,0.0,152.67651,0.0,0.0,-1.5707964,0.0
1970-01-01 00:00:00.105742551,0.105742551,0.0,0.0,124.62358,0.0,0.0,0.0,0.0,0.0,-1.5707964,0.0
1970-01-01 00:00:00.105782014,0.105782014,0.0,0.0,0.0,0.0,0.0,239.36142,0.0,0.0,-1.5707964,0.0
1970-01-01 00:00:00.105799202,0.105799202,0.0,0.0,1108.8433,0.0,0.0,0.0,0.0,0.0,-1.5707964,0.0
1970-01-01 00:00:00.105813979,0.105813979,0.0,0.0,274.00073,0.0,0.0,0.0,0.0,0.0,-1.5707964,0.0
1970-01-01 00:00:00.105914009,0.105914009,0.0,0.0,602.6152,0.0,0.0,0.0,0.0,0.0,-1.5707964,0.0
1970-01-01 00:00:00.105928687,0.105928687,0.0,0.0,384.44955,0.0,0.0,0.0,0.0,0.0,-1.5707964,0.0
1970-01-01 00:00:00.106090199,0.106090199,0.0,0.0,268.01855,0.0,0.0,0.0,0.0,0.0,-1.5707964,0.0
1970-01-01 00:00:00.106098427,0.106098427,0.0,0.0,235.48715,0.0,0.0,0.0,0.0,0.0,-1.5707964,0.0
1970-01-01 00:00:00.106112350,0.10611235,0.0,0.0,248.46472,0.0,0.0,0.0,0.0,0.0,-1.5707964,0.0
1970-01-01 00:00:00.106114525,0.106114525,0.0,0.0,0.0,0.0,0.0,236.99924,0.0,0.0,-1.5707964,0.0
1970-01-01 00:00:00.106144250,0.10614425,0.0,0.0,168.4418,0.0,0.0,0.0,0.0,0.0,-1.5707964,0.0
1970-01-01 00:00:00.106154672,0.106154672,0.0,0.0,0.0,0.0,735.53326,0.0,0.0,0.0,-1.5707964,0.0
1970-01-01 00:00:00.106209484,0.106209484,238.11946,0.0,0.0,0.0,0.0,0.0,0.0,0.0,-1.5707964,0.0
1970-01-01 00:00:00.106311710,0.10631171,0.0,0.0,109.583336,0.0,0.0,0.0,0.0,0.0,-1.5707964,0.0
1970-01-01 00:00:00.106323476,0.106323476,0.0,0.0,0.0,163.21829,0.0,0.0,0.0,0.0,-1.5707964,0.0
1970-01-01 00:00:00.106357106,0.106357106,0.0,0.0,178.64243,0.0,0.0,0.0,0.0,0.0,-1.5707964,0.0
1970-01-01 00:00:00.106387377,0.106387377,172.68858,0.0,0.0,0.0,0.0,0.0,0.0,0.0,-1.5707964,0.0
1970-01-01 00:00:00.106389907,0.106389907,0.0,0.0,197.2145,0.0,0.0,0.0,0.0,0.0,-1.5707964,0.0
1970-01-01 00:00:00.106390824,0.106390824,0.0,0.0,195.52016,0.0,0.0,0.0,0.0,0.0,-1.5707964,0.0
1970-01-01 00:00:00.106403920,0.10640392,0.0,0.0,106.202484,0.0,0.0,0.0,0.0,0.0,-1.5707964,0.0
1970-01-01 00:00:00.106427429,0.106427429,0.0,0.0,0.0,0.0,0.0,438.70248,0.0,0.0,-1.5707964,0.0
1970-01-01 00:00:00.106439688,0.106439688,161.4003,0.0,0.0,0.0,0.0,0.0,0.0,0.0,-1.5707964,0.0
1970-01-01 00:00:00.106562508,0.106562508,0.0,0.0,538.26074,0.0,0.0,0.0,0.0,0.0,-1.5707964,0.0
1970-01-01 00:00:00.106565937,0.106565937,0.0,0.0,0.0,0.0,501.9933,0.0,0.0,0.0,-1.5707964,0.0
1970-01-01 00:00:00.106577993,0.106577993,0.0,0.0,0.0,95.5327,0.0,0.0,0.0,0.0,-1.5707964,0.0
1970-01-01 00:00:00.106636790,0.10663679,84.65627,0.0,0.0,0.0,0.0,0.0,0.0,0.0,-1.5707964,0.0
1970-01-01 00:00:00.106645692,0.106645692,0.0,0.0,1122.9685,0.0,0.0,0.0,0.0,0.0,-1.5707964,0.0
1970-01-01 00:00:00.106654286,0.106654286,0.0,0.0,1854.6484,0.0,0.0,0.0,0.0,0.0,-1.5707964,0.0
1970-01-01 00:00:00.106657098,0.106657098,0.0,0.0,303.26266,0.0,0.0,0.0,0.0,0.0,-1.5707964,0.0
1970-01-01 00:00:00.106665968,0.106665968,0.0,0.0,170.77715,0.0,0.0,0.0,0.0,0.0,-1.5707964,0.0
1970-01-01 00:00:00.106706916,0.106706916,0.0,0.0,422.90366,0.0,0.0,0.0,0.0,0.0,-1.5707964,0.0
1970-01-01 00:00:00.106710528,0.106710528,0.0,0.0,0.0,118.19744,0.0,0.0,0.0,0.0,-1.5707964,0.0
1970-01-01 00:00:00.106775297,0.106775297,0.0,0.0,514.59076,0.0,0.0,0.0,0.0,0.0,-1.5707964,0.0
1970-01-01 00:00:00.106777545,0.106777545,0.0,0.0,0.0,0.0,0.0,407.37863,0.0,0.0,-1.5707964,0.0
1970-01-01 00:00:00.106865988,0.106865988,0.0,0.0,81.14327,0.0,0.0,0.0,0.0,0.0,-1.5707964,0.0
1970-01-01 00:00:00.106874047,0.106874047,0.0,0.0,513.8899,0.0,0.0,0.0,0.0,0.0,-1.5707964,0.0
1970-01-01 00:00:00.106874047,0.106874047,0.0,0.0,0.0,0.0,329.74557,0.0,0.0,0.0,-1.5707964,0.0
1970-01-01 00:00:00.106923957,0.106923957,0.0,0.0,0.0,0.0,1691.8988,0.0,0.0,0.0,-1.5707964,0.0
1970-01-01 00:00:00.107100346,0.107100346,114.036316,0.0,0.0,0.0,0.0,0.0,0.0,0.0,-1.5707964,0.0
1970-01-01 00:00:00.107102645,0.107102645,0.0,0.0,520.3961,0.0,0.0,0.0,0.0,0.0,-1.5707964,0.0
1970-01-01 00:00:00.107139417,0.107139417,0.0,0.0,184.54617,0.0,0.0,0.0,0.0,0.0,-1.5707964,0.0
1970-01-01 00:00:00.107153856,0.107153856,0.0,0.0,526.66266,0.0,0.0,0.0,0.0,0.0,-1.5707964,0.0
1970-01-01 00:00:00.107180074,0.107180074,0.0,0.0,0.0,0.0,659.09686,0.0,0.0,0.0,-1.5707964,0.0
1970-01-01 00:00:00.107181651,0.107181651,0.0,0.0,468.10904,0.0,0.0,0.0,0.0,0.0,-1.5707964,0.0
1970-01-01 00:00:00.107227131,0.107227131,0.0,0.0,223.88449,0.0,0.0,0.0,0.0,0.0,-1.5707964,0.0
1970-01-01 00:00:00.107238421,0.107238421,0.0,0.0,186.44891,0.0,0.0,0.0,0.0,0.0,-1.5707964,0.0
1970-01-01 00:00:00.107292043,0.107292043,0.0,149.86041,0.0,0.0,0.0,0.0,0.0,0.0,-1.5707964,0.0
1970-01-01 00:00:00.107299609,0.107299609,0.0,0.0,217.91605,0.0,0.0,0.0,0.0,0.0,-1.5707964,0.0
1970-01-01 00:00:00.107300214,0.107300214,253.25446,0.0,0.0,0.0,0.0,0.0,0.0,0.0,-1.5707964,0.0
1970-01-01 00:00:00.107341697,0.107341697,0.0,0.0,487.96832,0.0,0.0,0.0,0.0,0.0,-1.5707964,0.0
1970-01-01 00:00:00.107349739,0.107349739,0.0,0.0,135.78488,0.0,0.0,0.0,0.0,0.0,-1.5707964,0.0
1970-01-01 00:00:00.107392676,0.107392676,0.0,0.0,372.22177,0.0,0.0,0.0,0.0,0.0,-1.5707964,0.0
1970-01-01 00:00:00.107429286,0.107429286,0.0,0.0,846.8958,0.0,0.0,0.0,0.0,0.0,-1.5707964,0.0
1970-01-01 00:00:00.107474155,0.107474155,353.68704,0.0,0.0,0.0,0.0,0.0,0.0,0.0,-1.5707964,0.0
1970-01-01 00:00:00.107613773,0.107613773,0.0,0.0,439.62592,0.0,0.0,0.0,0.0,0.0,-1.5707964,0.0
1970-01-01 00:00:00.107637648,0.107637648,0.0,0.0,1026.5676,0.0,0.0,0.0,0.0,0.0,-1.5707964,0.0
1970-01-01 00:00:00.107682392,0.107682392,612.4031,0.0,0.0,0.0,0.0,0.0,0.0,0.0,-1.5707964,0.0
1970-01-01 00:00:00.107785887,0.107785887,0.0,0.0,0.0,270.0802,0.0,0.0,0.0,0.0,-1.5707964,0.0
1970-01-01 00:00:00.107787251,0.107787251,0.0,0.0,337.35413,0.0,0.0,0.0,0.0,0.0,-1.5707964,0.0
1970-01-01 00:00:00.107806754,0.107806754,0.0,0.0,95.85037,0.0,0.0,0.0,0.0,0.0,-1.5707964,0.0
1970-01-01 00:00:00.107846475,0.107846475,0.0,0.0,2606.164,0.0,0.0,0.0,0.0,0.0,-1.5707964,0.0
1970-01-01 00:00:00.107955516,0.107955516,0.0,0.0,0.0,0.0,0.0,991.57404,0.0,0.0,-1.5707964,0.0
1970-01-01 00:00:00.107972073,0.107972073,0.0,0.0,473.2344,0.0,0.0,0.0,0.0,0.0,-1.5707964,0.0
1970-01-01 00:00:00.108019630,0.10801963,0.0,0.0,730.3413,0.0,0.0,0.0,0.0,0.0,-1.5707964,0.0
1970-01-01 00:00:00.108021220,0.10802122,0.0,0.0,0.0,0.0,0.0,119.55163,0.0,0.0,-1.5707964,0.0
1970-01-01 00:00:00.108042161,0.108042161,0.0,0.0,270.09302,0.0,0.0,0.0,0.0,0.0,-1.5707964,0.0
1970-01-01 00:00:00.108042161,0.108042161,0.0,0.0,0.0,0.0,0.0,2754.053,0.0,0.0,-1.5707964,0.0
1970-01-01 00:00:00.108109625,0.108109625,0.0,0.0,0.0,0.0,0.0,171.79454,0.0,0.0,-1.5707964,0.0
1970-01-01 00:00:00.108116751,0.108116751,127.08673,0.0,0.0,0.0,0.0,0.0,0.0,0.0,-1.5707964,0.0
1970-01-01 00:00:00.108126223,0.108126223,92.1613,0.0,0.0,0.0,0.0,0.0,0.0,0.0,-1.5707964,0.0
1970-01-01 00:00:00.108129771,0.108129771,0.0,0.0,179.98972,0.0,0.0,0.0,0.0,0.0,-1.5707964,0.0
1970-01-01 00:00:00.108178921,0.108178921,0.0,0.0,173.36964,0.0,0.0,0.0,0.0,0.0,-1.5707964,0.0
1970-01-01 00:00:00.108185105,0.108185105,0.0,0.0,364.60745,0.0,0.0,0.0,0.0,0.0,-1.5707964,0.0
1970-01-01 00:00:00.108271968,0.108271968,0.0,0.0,400.3642,0.0,0.0,0.0,0.0,0.0,-1.5707964,0.0
1970-01-01 00:00:00.108327509,0.108327509,0.0,0.0,1080.4205,0.0,0.0,0.0,0.0,0.0,-1.5707964,0.0
1970-01-01 00:00:00.108394137,0.108394137,0.0,0.0,226.23448,0.0,0.0,0.0,0.0,0.0,-1.5707964,0.0
1970-01-01 00:00:00.108467643,0.108467643,0.0,0.0,0.0,0.0,266.5446,0.0,0.0,0.0,-1.5707964,0.0
1970-01-01 00:00:00.108508620,0.10850862,495.09915,0.0,0.0,0.0,0.0,0.0,0.0,0.0,-1.5707964,0.0
1970-01-01 00:00:00.108508620,0.10850862,0.0,0.0,657.08124,0.0,0.0,0.0,0.0,0.0,-1.5707964,0.0
1970-01-01 00:00:00.108587909,0.108587909,0.0,0.0,0.0,0.0,1315.7322,0.0,0.0,0.0,-1.5707964,0.0
1970-01-01 00:00:00.108656687,0.108656687,0.0,0.0,225.51077,0.0,0.0,0.0,0.0,0.0,-1.5707964,0.0
1970-01-01 00:00:00.108689696,0.108689696,133.5181,0.0,0.0,0.0,0.0,0.0,0.0,0.0,-1.5707964,0.0
1970-01-01 00:00:00.108708741,0.108708741,0.0,0.0,0.0,415.04913,0.0,0.0,0.0,0.0,-1.5707964,0.0
1970-01-01 00:00:00.108738154,0.108738154,0.0,0.0,0.0,0.0,0.0,226.95091,0.0,0.0,-1.5707964,0.0
1970-01-01 00:00:00.108742892,0.108742892,0.0,0.0,519.89417,0.0,0.0,0.0,0.0,0.0,-1.5707964,0.0
1970-01-01 00:00:00.108779822,0.108779822,0.0,0.0,0.0,0.0,0.0,468.1522,0.0,0.0,-1.5707964,0.0
1970-01-01 00:00:00.108806626,0.108806626,0.0,0.0,0.0,343.27484,0.0,0.0,0.0,0.0,-1.5707964,0.0
1970-01-01 00:00:00.108864468,0.108864468,2213.6064,0.0,0.0,0.0,0.0,0.0,0.0,0.0,-1.5707964,0.0
1970-01-01 00:00:00.108880952,0.108880952,0.0,0.0,767.33795,0.0,0.0,0.0,0.0,0.0,-1.5707964,0.0
1970-01-01 00:00:00.108882275,0.108882275,190.36559,0.0,0.0,0.0,0.0,0.0,0.0,0.0,-1.5707964,0.0
1970-01-01 00:00:00.108902394,0.108902394,0.0,0.0,601.9355,0.0,0.0,0.0,0.0,0.0,-1.5707964,0.0
1970-01-01 00:00:00.108977830,0.10897783,0.0,0.0,123.2082,0.0,0.0,0.0,0.0,0.0,-1.5707964,0.0
1970-01-01 00:00:00.109041770,0.10904177,579.5371,0.0,0.0,0.0,0.0,0.0,0.0,0.0,-1.5707964,0.0
1970-01-01 00:00:00.109047573,0.109047573,0.0,0.0,662.6472,0.0,0.0,0.0,0.0,0.0,-1.5707964,0.0
1970-01-01 00:00:00.109101906,0.109101906,0.0,0.0,1138.0714,0.0,0.0,0.0,0.0,0.0,-1.5707964,0.0
1970-01-01 00:00:00.109104642,0.109104642,0.0,0.0,0.0,0.0,577.3527,0.0,0.0,0.0,-1.5707964,0.0
1970-01-01 00:00:00.109116101,0.109116101,495.98328,0.0,0.0,0.0,0.0,0.0,0.0,0.0,-1.5707964,0.0
1970-01-01 00:00:00.109125450,0.10912545,0.0,0.0,1506.2711,0.0,0.0,0.0,0.0,0.0,-1.5707964,0.0
1970-01-01 00:00:00.109214515,0.109214515,0.0,0.0,0.0,571.9141,0.0,0.0,0.0,0.0,-1.5707964,0.0
1970-01-01 00:00:00.109237202,0.109237202,0.0,0.0,85.46655,0.0,0.0,0.0,0.0,0.0,-1.5707964,0.0
1970-01-01 00:00:00.109241698,0.109241698,136.20355,0.0,0.0,0.0,0.0,0.0,0.0,0.0,-1.5707964,0.0
1970-01-01 00:00:00.109256836,0.109256836,0.0,0.0,0.0,282.69138,0.0,0.0,0.0,0.0,-1.5707964,0.0
1970-01-01 00:00:00.109280091,0.109280091,0.0,0.0,277.45532,0.0,0.0,0.0,0.0,0.0,-1.5707964,0.0
1970-01-01 00:00:00.109294662,0.109294662,0.0,0.0,266.45786,0.0,0.0,0.0,0.0,0.0,-1.5707964,0.0
1970-01-01 00:00:00.109294662,0.109294662,0.0,0.0,0.0,0.0,983.6807,0.0,0.0,0.0,-1.5707964,0.0
1970-01-01 00:00:00.109327652,0.109327652,0.0,0.0,313.1179,0.0,0.0,0.0,0.0,0.0,-1.5707964,0.0
1970-01-01 00:00:00.109345241,0.109345241,0.0,0.0,834.46576,0.0,0.0,0.0,0.0,0.0,-1.5707964,0.0
1970-01-01 00:00:00.109375840,0.10937584,0.0,0.0,124.67344,0.0,0.0,0.0,0.0,0.0,-1.5707964,0.0
1970-01-01 00:00:00.109430015,0.109430015,0.0,0.0,232.72044,0.0,0.0,0.0,0.0,0.0,-1.5707964,0.0
1970-01-01 00:00:00.109437902,0.109437902,0.0,0.0,113.17484,0.0,0.0,0.0,0.0,0.0,-1.5707964,0.0
1970-01-01 00:00:00.109446631,0.109446631,0.0,0.0,315.33936,0.0,0.0,0.0,0.0,0.0,-1.5707964,0.0
1970-01-01 00:00:00.109503621,0.109503621,0.0,0.0,0.0,0.0,0.0,338.84122,0.0,0.0,-1.5707964,0.0
1970-01-01 00:00:00.109504627,0.109504627,1349.0938,0.0,0.0,0.0,0.0,0.0,0.0,0.0,-1.5707964,0.0
1970-01-01 00:00:00.109528960,0.10952896,0.0,0.0,411.50305,0.0,0.0,0.0,0.0,0.0,-1.5707964,0.0
1970-01-01 00:00:00.109565783,0.109565783,0.0,0.0,0.0,962.26196,0.0,0.0,0.0,0.0,-1.5707964,0.0
1970-01-01 00:00:00.109571939,0.109571939,0.0,0.0,114.79447,0.0,0.0,0.0,0.0,0.0,-1.5707964,0.0
1970-01-01 00:00:00.109571939,0.109571939,0.0,0.0,0.0,0.0,0.0,433.73282,0.0,0.0,-1.5707964,0.0
1970-01-01 00:00:00.109623990,0.10962399,0.0,0.0,346.6193,0.0,0.0,0.0,0.0,0.0,-1.5707964,0.0
1970-01-01 00:00:00.109686836,0.109686836,0.0,0.0,207.8029,0.0,0.0,0.0,0.0,0.0,-1.5707964,0.0
1970-01-01 00:00:00.109746530,0.10974653,0.0,0.0,824.008,0.0,0.0,0.0,0.0,0.0,-1.5707964,0.0
1970-01-01 00:00:00.109925766,0.109925766,0.0,0.0,240.32733,0.0,0.0,0.0,0.0,0.0,-1.5707964,0.0
1970-01-01 00:00:00.109949913,0.109949913,0.0,0.0,550.61334,0.0,0.0,0.0,0.0,0.0,-1.5707964,0.0
1970-01-01 00:00:00.109965205,0.109965205,0.0,0.0,0.0,0.0,0.0,325.53833,0.0,0.0,-1.5707964,0.0
1970-01-01 00:00:00.110023062,0.110023062,193.87694,0.0,0.0,0.0,0.0,0.0,0.0,0.0,-1.5707964,0.0
1970-01-01 00:00:00.110062768,0.110062768,0.0,0.0,246.74513,0.0,0.0,0.0,0.0,0.0,-1.5707964,0.0
1970-01-01 00:00:00.110065776,0.110065776,0.0,0.0,243.10445,0.0,0.0,0.0,0.0,0.0,-1.5707964,0.0
1970-01-01 00:00:00.110116494,0.110116494,0.0,0.0,194.91599,0.0,0.0,0.0,0.0,0.0,-1.5707964,0.0
1970-01-01 00:00:00.110138975,0.110138975,0.0,0.0,116.0805,0.0,0.0,0.0,0.0,0.0,-1.5707964,0.0
1970-01-01 00:00:00.110148912,0.110148912,0.0,123.14923,0.0,0.0,0.0,0.0,0.0,0.0,-1.5707964,0.0
1970-01-01 00:00:00.110188101,0.110188101,338.91583,0.0,0.0,0.0,0.0,0.0,0.0,0.0,-1.5707964,0.0
1970-01-01 00:00:00.110245566,0.110245566,0.0,0.0,0.0,398.39096,0.0,0.0,0.0,0.0,-1.5707964,0.0
1970-01-01 00:00:00.110372614,0.110372614,0.0,0.0,940.3472,0.0,0.0,0.0,0.0,0.0,-1.5707964,0.0
1970-01-01 00:00:00.110389026,0.110389026,0.0,0.0,526.3825,0.0,0.0,0.0,0.0,0.0,-1.5707964,0.0
1970-01-01 00:00:00.110456070,0.11045607,0.0,0.0,0.0,0.0,0.0,88.49727,0.0,0.0,-1.5707964,0.0
1970-01-01 00:00:00.110475197,0.110475197,0.0,199.77255,0.0,0.0,0.0,0.0,0.0,0.0,-1.5707964,0.0
1970-01-01 00:00:00.110480653,0.110480653,0.0,0.0,102.58362,0.0,0.0,0.0,0.0,0.0,-1.5707964,0.0
1970-01-01 00:00:00.110512640,0.11051264,0.0,0.0,454.04767,0.0,0.0,0.0,0.0,0.0,-1.5707964,0.0
1970-01-01 00:00:00.110526981,0.110526981,0.0,0.0,1176.7996,0.0,0.0,0.0,0.0,0.0,-1.5707964,0.0
1970-01-01 00:00:00.110596321,0.110596321,373.20395,0.0,0.0,0.0,0.0,0.0,0.0,0.0,-1.5707964,0.0
1970-01-01 00:00:00.110648040,0.11064804,0.0,0.0,0.0,0.0,0.0,573.4106,0.0,0.0,-1.5707964,0.0
1970-01-01 00:00:00.110652394,0.110652394,0.0,0.0,388.09607,0.0,0.0,0.0,0.0,0.0,-1.5707964,0.0
1970-01-01 00:00:00.110664788,0.110664788,0.0,0.0,0.0,0.0,0.0,359.39362,0.0,0.0,-1.5707964,0.0
1970-01-01 00:00:00.110766657,0.110766657,0.0,0.0,409.6308,0.0,0.0,0.0,0.0,0.0,-1.5707964,0.0
1970-01-01 00:00:00.110780824,0.110780824,0.0,0.0,706.02466,0.0,0.0,0.0,0.0,0.0,-1.5707964,0.0
1970-01-01 00:00:00.110803019,0.110803019,0.0,0.0,0.0,0.0,1960.0177,0.0,0.0,0.0,-1.5707964,0.0
1970-01-01 00:00:00.110897492,0.110897492,0.0,0.0,247.50581,0.0,0.0,0.0,0.0,0.0,-1.5707964,0.0
1970-01-01 00:00:00.110925835,0.110925835,0.0,0.0,0.0,0.0,860.9367,0.0,0.0,0.0,-1.5707964,0.0
1970-01-01 00:00:00.111024551,0.111024551,0.0,85.42803,0.0,0.0,0.0,0.0,0.0,0.0,-1.5707964,0.0
1970-01-01 00:00:00.111142515,0.111142515,941.3054,0.0,0.0,0.0,0.0,0.0,0.0,0.0,-1.5707964,0.0
1970-01-01 00:00:00.111146793,0.111146793,0.0,0.0,152.58511,0.0,0.0,0.0,0.0,0.0,-1.5707964,0.0
1970-01-01 00:00:00.111171035,0.111171035,0.0,0.0,0.0,0.0,278.40472,0.0,0.0,0.0,-1.5707964,0.0
1970-01-01 00:00:00.111179002,0.111179002,0.0,0.0,0.0,0.0,0.0,1033.489,0.0,0.0,-1.5707964,0.0
1970-01-01 00:00:00.111212464,0.111212464,0.0,0.0,350.36688,0.0,0.0,0.0,0.0,0.0,-1.5707964,0.0
1970-01-01 00:00:00.111287310,0.11128731,220.31381,0.0,0.0,0.0,0.0,0.0,0.0,0.0,-1.5707964,0.0
1970-01-01 00:00:00.111290585,0.111290585,0.0,0.0,195.7303,0.0,0.0,0.0,0.0,0.0,-1.5707964,0.0
1970-01-01 00:00:00.111332029,0.111332029,421.25323,0.0,0.0,0.0,0.0,0.0,0.0,0.0,-1.5707964,0.0
1970-01-01 00:00:00.111386155,0.111386155,0.0,0.0,855.4902,0.0,0.0,0.0,0.0,0.0,-1.5707964,0.0
1970-01-01 00:00:00.111388238,0.111388238,142.95752,0.0,0.0,0.0,0.0,0.0,0.0,0.0,-1.5707964,0.0
1970-01-01 00:00:00.111434428,0.111434428,0.0,0.0,0.0,0.0,0.0,270.79468,0.0,0.0,-1.5707964,0.0
1970-01-01 00:00:00.111498669,0.111498669,87.19684,0.0,0.0,0.0,0.0,0.0,0.0,0.0,-1.5707964,0.0
1970-01-01 00:00:00.111550466,0.111550466,0.0,0.0,1495.3936,0.0,0.0,0.0,0.0,0.0,-1.5707964,0.0
1970-01-01 00:00:00.111598967,0.111598967,0.0,0.0,87.026375,0.0,0.0,0.0,0.0,0.0,-1.5707964,0.0
1970-01-01 00:00:00.111748886,0.111748886,0.0,0.0,355.2751,0.0,0.0,0.0,0.0,0.0,-1.5707964,0.0
1970-01-01 00:00:00.111750002,0.111750002,0.0,0.0,0.0,578.8579,0.0,0.0,0.0,0.0,-1.5707964,0.0
1970-01-01 00:00:00.111765322,0.111765322,0.0,0.0,188.96716,0.0,0.0,0.0,0.0,0.0,-1.5707964,0.0
1970-01-01 00:00:00.111820162,0.111820162,0.0,0.0,0.0,0.0,0.0,83.63793,0.0,0.0,-1.5707964,0.0
1970-01-01 00:00:00.111894985,0.111894985,0.0,0.0,3759.358,0.0,0.0,0.0,0.0,0.0,-1.5707964,0.0
1970-01-01 00:00:00.111896134,0.111896134,0.0,0.0,0.0,0.0,0.0,344.14865,0.0,0.0,-1.5707964,0.0
1970-01-01 00:00:00.111905299,0.111905299,0.0,0.0,227.8482,0.0,0.0,0.0,0.0,0.0,-1.5707964,0.0
1970-01-01 00:00:00.111966674,0.111966674,0.0,0.0,115.395905,0.0,0.0,0.0,0.0,0.0,-1.5707964,0.0
1970-01-01 00:00:00.112010514,0.112010514,0.0,0.0,177.65813,0.0,0.0,0.0,0.0,0.0,-1.5707964,0.0
1970-01-01 00:00:00.112176160,0.11217616,0.0,0.0,0.0,0.0,0.0,376.61813,0.0,0.0,-1.5707964,0.0
1970-01-01 00:00:00.112203859,0.112203859,0.0,0.0,732.79333,0.0,0.0,0.0,0.0,0.0,-1.5707964,0.0
1970-01-01 00:00:00.112263247,0.112263247,0.0,0.0,536.61566,0.0,0.0,0.0,0.0,0.0,-1.5707964,0.0
1970-01-01 00:00:00.112293931,0.112293931,0.0,0.0,697.5991,0.0,0.0,0.0,0.0,0.0,-1.5707964,0.0
1970-01-01 00:00:00.112326432,0.112326432,0.0,0.0,127.86647,0.0,0.0,0.0,0.0,0.0,-1.5707964,0.0
1970-01-01 00:00:00.112342624,0.112342624,0.0,0.0,0.0,0.0,0.0,652.58746,0.0,0.0,-1.5707964,0.0
1970-01-01 00:00:00.112445584,0.112445584,0.0,0.0,1822.5796,0.0,0.0,0.0,0.0,0.0,-1.5707964,0.0
1970-01-01 00:00:00.112478886,0.112478886,0.0,0.0,165.6852,0.0,0.0,0.0,0.0,0.0,-1.5707964,0.0
1970-01-01 00:00:00.112531670,0.11253167,0.0,0.0,314.153,0.0,0.0,0.0,0.0,0.0,-1.5707964,0.0
1970-01-01 00:00:00.112558608,0.112558608,131.67728,0.0,0.0,0.0,0.0,0.0,0.0,0.0,-1.5707964,0.0
1970-01-01 00:00:00.112563940,0.11256394,0.0,0.0,167.84045,0.0,0.0,0.0,0.0,0.0,-1.5707964,0.0
1970-01-01 00:00:00.112590661,0.112590661,0.0,0.0,99.342514,0.0,0.0,0.0,0.0,0.0,-1.5707964,0.0
1970-01-01 00:00:00.112603677,0.112603677,0.0,0.0,379.35016,0.0,0.0,0.0,0.0,0.0,-1.5707964,0.0
1970-01-01 00:00:00.112736793,0.112736793,171.17879,0.0,0.0,0.0,0.0,0.0,0.0,0.0,-1.5707964,0.0
1970-01-01 00:00:00.112892152,0.112892152,0.0,0.0,2073.2107,0.0,0.0,0.0,0.0,0.0,-1.5707964,0.0
1970-01-01 00:00:00.112920256,0.112920256,0.0,0.0,712.2826,0.0,0.0,0.0,0.0,0.0,-1.5707964,0.0
1970-01-01 00:00:00.112945922,0.112945922,0.0,0.0,0.0,0.0,0.0,447.0343,0.0,0.0,-1.5707964,0.0
1970-01-01 00:00:00.112979940,0.11297994,0.0,0.0,0.0,142.53003,0.0,0.0,0.0,0.0,-1.5707964,0.0
1970-01-01 00:00:00.113025541,0.113025541,123.39481,0.0,0.0,0.0,0.0,0.0,0.0,0.0,-1.5707964,0.0
1970-01-01 00:00:00.113026535,0.113026535,0.0,0.0,1199.4014,0.0,0.0,0.0,0.0,0.0,-1.5707964,0.0
1970-01-01 00:00:00.113103098,0.113103098,0.0,0.0,0.0,0.0,0.0,1079.8297,0.0,0.0,-1.5707964,0.0
1970-01-01 00:00:00.113184498,0.113184498,0.0,0.0,771.3949,0.0,0.0,0.0,0.0,0.0,-1.5707964,0.0
1970-01-01 00:00:00.113186928,0.113186928,0.0,0.0,0.0,0.0,0.0,131.91339,0.0,0.0,-1.5707964,0.0
1970-01-01 00:00:00.113196292,0.113196292,222.64572,0.0,0.0,0.0,0.0,0.0,0.0,0.0,-1.5707964,0.0
1970-01-01 00:00:00.113199492,0.113199492,0.0,0.0,417.72,0.0,0.0,0.0,0.0,0.0,-1.5707964,0.0
1970-01-01 00:00:00.113208513,0.113208513,0.0,0.0,80.814285,0.0,0.0,0.0,0.0,0.0,-1.5707964,0.0
1970-01-01 00:00:00.113224551,0.113224551,0.0,0.0,446.3761,0.0,0.0,0.0,0.0,0.0,-1.5707964,0.0
1970-01-01 00:00:00.113294952,0.113294952,0.0,0.0,929.85284,0.0,0.0,0.0,0.0,0.0,-1.5707964,0.0
1970-01-01 00:00:00.113294952,0.113294952,0.0,0.0,0.0,0.0,0.0,251.14365,0.0,0.0,-1.5707964,0.0
1970-01-01 00:00:00.113304079,0.113304079,0.0,0.0,124.94596,0.0,0.0,0.0,0.0,0.0,-1.5707964,0.0
1970-01-01 00:00:00.113323041,0.113323041,0.0,0.0,137.86299,0.0,0.0,0.0,0.0,0.0,-1.5707964,0.0
1970-01-01 00:00:00.113362108,0.113362108,0.0,0.0,130.20166,0.0,0.0,0.0,0.0,0.0,-1.5707964,0.0
1970-01-01 00:00:00.113362108,0.113362108,0.0,0.0,0.0,0.0,0.0,132.3382,0.0,0.0,-1.5707964,0.0
1970-01-01 00:00:00.113441217,0.113441217,0.0,0.0,346.15207,0.0,0.0,0.0,0.0,0.0,-1.5707964,0.0
1970-01-01 00:00:00.113500037,0.113500037,0.0,0.0,237.17561,0.0,0.0,0.0,0.0,0.0,-1.5707964,0.0
1970-01-01 00:00:00.113654691,0.113654691,0.0,0.0,0.0,0.0,0.0,93.456795,0.0,0.0,-1.5707964,0.0
1970-01-01 00:00:00.113699621,0.113699621,0.0,0.0,261.11026,0.0,0.0,0.0,0.0,0.0,-1.5707964,0.0
1970-01-01 00:00:00.113717890,0.11371789,0.0,0.0,160.22821,0.0,0.0,0.0,0.0,0.0,-1.5707964,0.0
1970-01-01 00:00:00.113741400,0.1137414,828.5295,0.0,0.0,0.0,0.0,0.0,0.0,0.0,-1.5707964,0.0
1970-01-01 00:00:00.113778761,0.113778761,145.55806,0.0,0.0,0.0,0.0,0.0,0.0,0.0,-1.5707964,0.0
1970-01-01 00:00:00.113803285,0.113803285,0.0,0.0,0.0,0.0,0.0,3842.8547,0.0,0.0,-1.5707964,0.0
1970-01-01 00:00:00.113835719,0.113835719,0.0,0.0,0.0,0.0,2775.9045,0.0,0.0,0.0,-1.5707964,0.0
1970-01-01 00:00:00.113894626,0.113894626,0.0,215.45718,0.0,0.0,0.0,0.0,0.0,0.0,-1.5707964,0.0
1970-01-01 00:00:00.113900023,0.113900023,0.0,0.0,534.82135,0.0,0.0,0.0,0.0,0.0,-1.5707964,0.0
1970-01-01 00:00:00.113919772,0.113919772,0.0,0.0,0.0,971.9564,0.0,0.0,0.0,0.0,-1.5707964,0.0
1970-01-01 00:00:00.114099168,0.114099168,0.0,0.0,215.6469,0.0,0.0,0.0,0.0,0.0,-1.5707964,0.0
1970-01-01 00:00:00.114099701,0.114099701,0.0,0.0,0.0,0.0,765.5025,0.0,0.0,0.0,-1.5707964,0.0
1970-01-01 00:00:00.114107365,0.114107365,0.0,0.0,233.31172,0.0,0.0,0.0,0.0,0.0,-1.5707964,0.0
1970-01-01 00:00:00.114112403,0.114112403,0.0,0.0,144.13997,0.0,0.0,0.0,0.0,0.0,-1.5707964,0.0
1970-01-01 00:00:00.114164266,0.114164266,0.0,0.0,0.0,0.0,0.0,804.6639,0.0,0.0,-1.5707964,0.0
1970-01-01 00:00:00.114205572,0.114205572,0.0,0.0,412.51923,0.0,0.0,0.0,0.0,0.0,-1.5707964,0.0
1970-01-01 00:00:00.114286180,0.11428618,0.0,0.0,80.81373,0.0,0.0,0.0,0.0,0.0,-1.5707964,0.0
1970-01-01 00:00:00.114359335,0.114359335,0.0,0.0,157.42496,0.0,0.0,0.0,0.0,0.0,-1.5707964,0.0
1970-01-01 00:00:00.114478720,0.11447872,0.0,0.0,154.85419,0.0,0.0,0.0,0.0,0.0,-1.5707964,0.0
1970-01-01 00:00:00.114492333,0.114492333,0.0,0.0,603.3235,0.0,0.0,0.0,0.0,0.0,-1.5707964,0.0
1970-01-01 00:00:00.114540104,0.114540104,132.44276,0.0,0.0,0.0,0.0,0.0,0.0,0.0,-1.5707964,0.0
1970-01-01 00:00:00.114570271,0.114570271,0.0,0.0,295.31717,0.0,0.0,0.0,0.0,0.0,-1.5707964,0.0
1970-01-01 00:00:00.114579844,0.114579844,110.1,0.0,0.0,0.0,0.0,0.0,0.0,0.0,-1.5707964,0.0
1970-01-01 00:00:00.114622607,0.114622607,0.0,0.0,134.39264,0.0,0.0,0.0,0.0,0.0,-1.5707964,0.0
1970-01-01 00:00:00.114674308,0.114674308,0.0,0.0,0.0,0.0,99.2817,0.0,0.0,0.0,-1.5707964,0.0
1970-01-01 00:00:00.114674517,0.114674517,0.0,0.0,332.66284,0.0,0.0,0.0,0.0,0.0,-1.5707964,0.0
1970-01-01 00:00:00.114674635,0.114674635,0.0,0.0,140.82552,0.0,0.0,0.0,0.0,0.0,-1.5707964,0.0
1970-01-01 00:00:00.114693931,0.114693931,0.0,0.0,414.96643,0.0,0.0,0.0,0.0,0.0,-1.5707964,0.0
1970-01-01 00:00:00.114700879,0.114700879,0.0,0.0,0.0,0.0,0.0,205.90791,0.0,0.0,-1.5707964,0.0
1970-01-01 00:00:00.114768876,0.114768876,0.0,0.0,1147.3965,0.0,0.0,0.0,0.0,0.0,-1.5707964,0.0
1970-01-01 00:00:00.114795659,0.114795659,155.003,0.0,0.0,0.0,0.0,0.0,0.0,0.0,-1.5707964,0.0
1970-01-01 00:00:00.114798233,0.114798233,0.0,0.0,183.69434,0.0,0.0,0.0,0.0,0.0,-1.5707964,0.0
1970-01-01 00:00:00.114817699,0.114817699,551.7592,0.0,0.0,0.0,0.0,0.0,0.0,0.0,-1.5707964,0.0
1970-01-01 00:00:00.114845651,0.114845651,0.0,0.0,197.47774,0.0,0.0,0.0,0.0,0.0,-1.5707964,0.0
1970-01-01 00:00:00.114920407,0.114920407,0.0,0.0,0.0,0.0,139.66061,0.0,0.0,0.0,-1.5707964,0.0
1970-01-01 00:00:00.114979893,0.114979893,0.0,0.0,1194.9865,0.0,0.0,0.0,0.0,0.0,-1.5707964,0.0
1970-01-01 00:00:00.115144238,0.115144238,0.0,0.0,1385.6483,0.0,0.0,0.0,0.0,0.0,-1.5707964,0.0
1970-01-01 00:00:00.115165687,0.115165687,0.0,0.0,389.89172,0.0,0.0,0.0,0.0,0.0,-1.5707964,0.0
1970-01-01 00:00:00.115175700,0.1151757,0.0,0.0,478.5993,0.0,0.0,0.0,0.0,0.0,-1.5707964,0.0
1970-01-01 00:00:00.115182503,0.115182503,0.0,0.0,0.0,0.0,151.66759,0.0,0.0,0.0,-1.5707964,0.0
1970-01-01 00:00:00.115193945,0.115193945,0.0,0.0,2233.6482,0.0,0.0,0.0,0.0,0.0,-1.5707964,0.0
1970-01-01 00:00:00.115268350,0.11526835,0.0,0.0,157.90198,0.0,0.0,0.0,0.0,0.0,-1.5707964,0.0
1970-01-01 00:00:00.115447182,0.115447182,0.0,0.0,341.93094,0.0,0.0,0.0,0.0,0.0,-1.5707964,0.0
1970-01-01 00:00:00.115468732,0.115468732,0.0,0.0,0.0,0.0,0.0,83.35784,0.0,0.0,-1.5707964,0.0
1970-01-01 00:00:00.115471671,0.115471671,0.0,0.0,178.10155,0.0,0.0,0.0,0.0,0.0,-1.5707964,0.0
1970-01-01 00:00:00.115477083,0.115477083,0.0,0.0,0.0,0.0,0.0,438.39618,0.0,0.0,-1.5707964,0.0
1970-01-01 00:00:00.115481853,0.115481853,0.0,0.0,0.0,402.53015,0.0,0.0,0.0,0.0,-1.5707964,0.0
1970-01-01 00:00:00.115486263,0.115486263,0.0,0.0,229.41043,0.0,0.0,0.0,0.0,0.0,-1.5707964,0.0
1970-01-01 00:00:00.115533688,0.115533688,0.0,0.0,743.9089,0.0,0.0,0.0,0.0,0.0,-1.5707964,0.0
1970-01-01 00:00:00.115534265,0.115534265,0.0,0.0,0.0,0.0,0.0,1058.2917,0.0,0.0,-1.5707964,0.0
1970-01-01 00:00:00.115535248,0.115535248,0.0,0.0,235.24852,0.0,0.0,0.0,0.0,0.0,-1.5707964,0.0
1970-01-01 00:00:00.115538908,0.115538908,0.0,0.0,0.0,0.0,505.8421,0.0,0.0,0.0,-1.5707964,0.0
1970-01-01 00:00:00.115539320,0.11553932,0.0,0.0,193.69833,0.0,0.0,0.0,0.0,0.0,-1.5707964,0.0
1970-01-01 00:00:00.115610411,0.115610411,0.0,0.0,0.0,0.0,127.25759,0.0,0.0,0.0,-1.5707964,0.0
1970-01-01 00:00:00.115673509,0.115673509,0.0,0.0,0.0,0.0,0.0,703.29645,0.0,0.0,-1.5707964,0.0
1970-01-01 00:00:00.115680711,0.115680711,0.0,0.0,0.0,0.0,0.0,1867.0961,0.0,0.0,-1.5707964,0.0
1970-01-01 00:00:00.115713578,0.115713578,0.0,0.0,489.97687,0.0,0.0,0.0,0.0,0.0,-1.5707964,0.0
1970-01-01 00:00:00.115733340,0.11573334,0.0,0.0,420.36072,0.0,0.0,0.0,0.0,0.0,-1.5707964,0.0
1970-01-01 00:00:00.115750255,0.115750255,0.0,0.0,951.4213,0.0,0.0,0.0,0.0,0.0,-1.5707964,0.0
1970-01-01 00:00:00.115814142,0.115814142,0.0,0.0,0.0,0.0,0.0,951.67725,0.0,0.0,-1.5707964,0.0
1970-01-01 00:00:00.115859699,0.115859699,0.0,0.0,600.96173,0.0,0.0,0.0,0.0,0.0,-1.5707964,0.0
1970-01-01 00:00:00.115944211,0.115944211,0.0,0.0,0.0,0.0,242.90709,0.0,0.0,0.0,-1.5707964,0.0
1970-01-01 00:00:00.115978248,0.115978248,0.0,354.22342,0.0,0.0,0.0,0.0,0.0,0.0,-1.5707964,0.0
1970-01-01 00:00:00.115983707,0.115983707,0.0,0.0,93.08478,0.0,0.0,0.0,0.0,0.0,-1.5707964,0.0
1970-01-01 00:00:00.116032299,0.116032299,0.0,0.0,900.1519,0.0,0.0,0.0,0.0,0.0,-1.5707964,0.0
1970-01-01 00:00:00.116131037,0.116131037,0.0,0.0,423.50888,0.0,0.0,0.0,0.0,0.0,-1.5707964,0.0
1970-01-01 00:00:00.116189493,0.116189493,0.0,0.0,253.32472,0.0,0.0,0.0,0.0,0.0,-1.5707964,0.0
1970-01-01 00:00:00.116205892,0.116205892,0.0,0.0,0.0,431.70355,0.0,0.0,0.0,0.0,-1.5707964,0.0
1970-01-01 00:00:00.116271047,0.116271047,0.0,0.0,0.0,0.0,680.7631,0.0,0.0,0.0,-1.5707964,0.0
1970-01-01 00:00:00.116291625,0.116291625,0.0,0.0,0.0,0.0,0.0,179.20517,0.0,0.0,-1.5707964,0.0
1970-01-01 00:00:00.116324761,0.116324761,0.0,0.0,1040.4349,0.0,0.0,0.0,0.0,0.0,-1.5707964,0.0
1970-01-01 00:00:00.116402254,0.116402254,0.0,0.0,160.80405,0.0,0.0,0.0,0.0,0.0,-1.5707964,0.0
1970-01-01 00:00:00.116422239,0.116422239,0.0,0.0,0.0,194.82724,0.0,0.0,0.0,0.0,-1.5707964,0.0
1970-01-01 00:00:00.116441134,0.116441134,0.0,0.0,351.19852,0.0,0.0,0.0,0.0,0.0,-1.5707964,0.0
1970-01-01 00:00:00.116454446,0.116454446,0.0,0.0,244.02426,0.0,0.0,0.0,0.0,0.0,-1.5707964,0.0
1970-01-01 00:00:00.116472375,0.116472375,0.0,0.0,223.61665,0.0,0.0,0.0,0.0,0.0,-1.5707964,0.0
1970-01-01 00:00:00.116483131,0.116483131,3260.5808,0.0,0.0,0.0,0.0,0.0,0.0,0.0,-1.5707964,0.0
1970-01-01 00:00:00.116490697,0.116490697,0.0,0.0,0.0,0.0,0.0,512.9183,0.0,0.0,-1.5707964,0.0
1970-01-01 00:00:00.116551261,0.116551261,0.0,0.0,321.33917,0.0,0.0,0.0,0.0,0.0,-1.5707964,0.0
1970-01-01 00:00:00.116580099,0.116580099,0.0,0.0,0.0,813.414,0.0,0.0,0.0,0.0,-1.5707964,0.0
1970-01-01 00:00:00.116663622,0.116663622,0.0,0.0,235.08847,0.0,0.0,0.0,0.0,0.0,-1.5707964,0.0
1970-01-01 00:00:00.116690096,0.116690096,0.0,0.0,215.47359,0.0,0.0,0.0,0.0,0.0,-1.5707964,0.0
1970-01-01 00:00:00.116709663,0.116709663,0.0,150.15303,0.0,0.0,0.0,0.0,0.0,0.0,-1.5707964,0.0
1970-01-01 00:00:00.116762837,0.116762837,0.0,0.0,0.0,0.0,916.6394,0.0,0.0,0.0,-1.5707964,0.0
1970-01-01 00:00:00.116782865,0.116782865,0.0,0.0,2127.7776,0.0,0.0,0.0,0.0,0.0,-1.5707964,0.0
1970-01-01 00:00:00.116787010,0.11678701,0.0,0.0,178.81079,0.0,0.0,0.0,0.0,0.0,-1.5707964,0.0
1970-01-01 00:00:00.116796029,0.116796029,0.0,217.63507,0.0,0.0,0.0,0.0,0.0,0.0,-1.5707964,0.0
1970-01-01 00:00:00.116853002,0.116853002,0.0,0.0,0.0,0.0,0.0,349.69894,0.0,0.0,-1.5707964,0.0
1970-01-01 00:00:00.116878297,0.116878297,0.0,0.0,146.48628,0.0,0.0,0.0,0.0,0.0,-1.5707964,0.0
1970-01-01 00:00:00.116967276,0.116967276,0.0,0.0,467.78156,0.0,0.0,0.0,0.0,0.0,-1.5707964,0.0
1970-01-01 00:00:00.117002105,0.117002105,0.0,0.0,309.5753,0.0,0.0,0.0,0.0,0.0,-1.5707964,0.0
1970-01-01 00:00:00.117024727,0.117024727,567.3341,0.0,0.0,0.0,0.0,0.0,0.0,0.0,-1.5707964,0.0
1970-01-01 00:00:00.117026774,0.117026774,155.87611,0.0,0.0,0.0,0.0,0.0,0.0,0.0,-1.5707964,0.0
1970-01-01 00:00:00.117053149,0.117053149,153.05486,0.0,0.0,0.0,0.0,0.0,0.0,0.0,-1.5707964,0.0
1970-01-01 00:00:00.117057222,0.117057222,0.0,0.0,580.7302,0.0,0.0,0.0,0.0,0.0,-1.5707964,0.0
1970-01-01 00:00:00.117064268,0.117064268,0.0,0.0,0.0,0.0,295.27213,0.0,0.0,0.0,-1.5707964,0.0
1970-01-01 00:00:00.117064268,0.117064268,0.0,0.0,0.0,1919.9922,0.0,0.0,0.0,0.0,-1.5707964,0.0
1970-01-01 00:00:00.117098750,0.11709875,0.0,0.0,81.100586,0.0,0.0,0.0,0.0,0.0,-1.5707964,0.0
1970-01-01 00:00:00.117112849,0.117112849,0.0,0.0,461.20963,0.0,0.0,0.0,0.0,0.0,-1.5707964,0.0
1970-01-01 00:00:00.117171413,0.117171413,0.0,0.0,0.0,0.0,1356.719,0.0,0.0,0.0,-1.5707964,0.0
1970-01-01 00:00:00.117179189,0.117179189,0.0,0.0,811.55176,0.0,0.0,0.0,0.0,0.0,-1.5707964,0.0
1970-01-01 00:00:00.117179411,0.117179411,0.0,0.0,153.02608,0.0,0.0,0.0,0.0,0.0,-1.5707964,0.0
1970-01-01 00:00:00.117193902,0.117193902,0.0,0.0,0.0,0.0,145.7796,0.0,0.0,0.0,-1.5707964,0.0
1970-01-01 00:00:00.117205680,0.11720568,0.0,0.0,346.9273,0.0,0.0,0.0,0.0,0.0,-1.5707964,0.0
1970-01-01 00:00:00.117261657,0.117261657,0.0,0.0,192.05849,0.0,0.0,0.0,0.0,0.0,-1.5707964,0.0
1970-01-01 00:00:00.117267520,0.11726752,0.0,112.0623,0.0,0.0,0.0,0.0,0.0,0.0,-1.5707964,0.0
1970-01-01 00:00:00.117267520,0.11726752,0.0,0.0,157.81618,0.0,0.0,0.0,0.0,0.0,-1.5707964,0.0
1970-01-01 00:00:00.117350656,0.117350656,0.0,0.0,321.95822,0.0,0.0,0.0,0.0,0.0,-1.5707964,0.0
1970-01-01 00:00:00.117395134,0.117395134,0.0,0.0,554.5879,0.0,0.0,0.0,0.0,0.0,-1.5707964,0.0
1970-01-01 00:00:00.117457147,0.117457147,0.0,384.59796,0.0,0.0,0.0,0.0,0.0,0.0,-1.5707964,0.0
1970-01-01 00:00:00.117470636,0.117470636,559.33673,0.0,0.0,0.0,0.0,0.0,0.0,0.0,-1.5707964,0.0
1970-01-01 00:00:00.117475919,0.117475919,0.0,0.0,452.47208,0.0,0.0,0.0,0.0,0.0,-1.5707964,0.0
1970-01-01 00:00:00.117495581,0.117495581,0.0,0.0,174.06754,0.0,0.0,0.0,0.0,0.0,-1.5707964,0.0
1970-01-01 00:00:00.117515912,0.117515912,0.0,0.0,341.91525,0.0,0.0,0.0,0.0,0.0,-1.5707964,0.0
1970-01-01 00:00:00.117517126,0.117517126,0.0,245.595,0.0,0.0,0.0,0.0,0.0,0.0,-1.5707964,0.0
1970-01-01 00:00:00.117537617,0.117537617,0.0,0.0,0.0,0.0,0.0,655.8795,0.0,0.0,-1.5707964,0.0
1970-01-01 00:00:00.117539240,0.11753924,0.0,0.0,282.66687,0.0,0.0,0.0,0.0,0.0,-1.5707964,0.0
1970-01-01 00:00:00.117545151,0.117545151,0.0,299.4793,0.0,0.0,0.0,0.0,0.0,0.0,-1.5707964,0.0
1970-01-01 00:00:00.117547356,0.117547356,0.0,0.0,366.1141,0.0,0.0,0.0,0.0,0.0,-1.5707964,0.0
1970-01-01 00:00:00.117555104,0.117555104,0.0,0.0,735.47015,0.0,0.0,0.0,0.0,0.0,-1.5707964,0.0
1970-01-01 00:00:00.117607508,0.117607508,0.0,0.0,288.18167,0.0,0.0,0.0,0.0,0.0,-1.5707964,0.0
1970-01-01 00:00:00.117614656,0.117614656,0.0,0.0,137.30115,0.0,0.0,0.0,0.0,0.0,-1.5707964,0.0
1970-01-01 00:00:00.117798655,0.117798655,0.0,0.0,353.01874,0.0,0.0,0.0,0.0,0.0,-1.5707964,0.0
1970-01-01 00:00:00.117802174,0.117802174,0.0,0.0,799.2664,0.0,0.0,0.0,0.0,0.0,-1.5707964,0.0
1970-01-01 00:00:00.117859686,0.117859686,0.0,0.0,379.35956,0.0,0.0,0.0,0.0,0.0,-1.5707964,0.0
1970-01-01 00:00:00.117888484,0.117888484,0.0,0.0,729.1486,0.0,0.0,0.0,0.0,0.0,-1.5707964,0.0
1970-01-01 00:00:00.117926124,0.117926124,537.8367,0.0,0.0,0.0,0.0,0.0,0.0,0.0,-1.5707964,0.0
1970-01-01 00:00:00.117926124,0.117926124,207.81851,0.0,0.0,0.0,0.0,0.0,0.0,0.0,-1.5707964,0.0
1970-01-01 00:00:00.117950648,0.117950648,0.0,0.0,282.73386,0.0,0.0,0.0,0.0,0.0,-1.5707964,0.0
1970-01-01 00:00:00.117976202,0.117976202,0.0,0.0,112.95023,0.0,0.0,0.0,0.0,0.0,-1.5707964,0.0
1970-01-01 00:00:00.117978727,0.117978727,574.0808,0.0,0.0,0.0,0.0,0.0,0.0,0.0,-1.5707964,0.0
1970-01-01 00:00:00.117984110,0.11798411,0.0,0.0,201.35544,0.0,0.0,0.0,0.0,0.0,-1.5707964,0.0
1970-01-01 00:00:00.118009317,0.118009317,0.0,0.0,408.8996,0.0,0.0,0.0,0.0,0.0,-1.5707964,0.0
1970-01-01 00:00:00.118064740,0.11806474,0.0,0.0,203.50752,0.0,0.0,0.0,0.0,0.0,-1.5707964,0.0
1970-01-01 00:00:00.118134167,0.118134167,0.0,416.2161,0.0,0.0,0.0,0.0,0.0,0.0,-1.5707964,0.0
1970-01-01 00:00:00.118136316,0.118136316,0.0,0.0,148.56859,0.0,0.0,0.0,0.0,0.0,-1.5707964,0.0
1970-01-01 00:00:00.118210436,0.118210436,0.0,0.0,188.6383,0.0,0.0,0.0,0.0,0.0,-1.5707964,0.0
1970-01-01 00:00:00.118276006,0.118276006,146.36397,0.0,0.0,0.0,0.0,0.0,0.0,0.0,-1.5707964,0.0
1970-01-01 00:00:00.118386283,0.118386283,0.0,211.65724,0.0,0.0,0.0,0.0,0.0,0.0,-1.5707964,0.0
1970-01-01 00:00:00.118396137,0.118396137,82.54458,0.0,0.0,0.0,0.0,0.0,0.0,0.0,-1.5707964,0.0
1970-01-01 00:00:00.118436484,0.118436484,0.0,0.0,83.44539,0.0,0.0,0.0,0.0,0.0,-1.5707964,0.0
1970-01-01 00:00:00.118452061,0.118452061,107.26656,0.0,0.0,0.0,0.0,0.0,0.0,0.0,-1.5707964,0.0
1970-01-01 00:00:00.118452813,0.118452813,0.0,185.90477,0.0,0.0,0.0,0.0,0.0,0.0,-1.5707964,0.0
1970-01-01 00:00:00.118475405,0.118475405,0.0,0.0,1598.1016,0.0,0.0,0.0,0.0,0.0,-1.5707964,0.0
1970-01-01 00:00:00.118505490,0.11850549,0.0,0.0,0.0,0.0,162.59842,0.0,0.0,0.0,-1.5707964,0.0
1970-01-01 00:00:00.118525283,0.118525283,0.0,0.0,0.0,88.178314,0.0,0.0,0.0,0.0,-1.5707964,0.0
1970-01-01 00:00:00.118559277,0.118559277,0.0,1362.7831,0.0,0.0,0.0,0.0,0.0,0.0,-1.5707964,0.0
1970-01-01 00:00:00.118686609,0.118686609,228.6188,0.0,0.0,0.0,0.0,0.0,0.0,0.0,-1.5707964,0.0
1970-01-01 00:00:00.118714064,0.118714064,0.0,0.0,304.6034,0.0,0.0,0.0,0.0,0.0,-1.5707964,0.0
1970-01-01 00:00:00.118731566,0.118731566,0.0,0.0,0.0,0.0,133.0373,0.0,0.0,0.0,-1.5707964,0.0
1970-01-01 00:00:00.118756067,0.118756067,0.0,0.0,136.15445,0.0,0.0,0.0,0.0,0.0,-1.5707964,0.0
1970-01-01 00:00:00.118757016,0.118757016,0.0,0.0,460.8204,0.0,0.0,0.0,0.0,0.0,-1.5707964,0.0
1970-01-01 00:00:00.118765912,0.118765912,165.76076,0.0,0.0,0.0,0.0,0.0,0.0,0.0,-1.5707964,0.0
1970-01-01 00:00:00.118768206,0.118768206,0.0,0.0,0.0,0.0,135.17886,0.0,0.0,0.0,-1.5707964,0.0
1970-01-01 00:00:00.118820679,0.118820679,0.0,0.0,183.78116,0.0,0.0,0.0,0.0,0.0,-1.5707964,0.0
1970-01-01 00:00:00.118830784,0.118830784,0.0,0.0,102.89176,0.0,0.0,0.0,0.0,0.0,-1.5707964,0.0
1970-01-01 00:00:00.118911467,0.118911467,634.62836,0.0,0.0,0.0,0.0,0.0,0.0,0.0,-1.5707964,0.0
1970-01-01 00:00:00.118929957,0.118929957,0.0,0.0,256.88235,0.0,0.0,0.0,0.0,0.0,-1.5707964,0.0
1970-01-01 00:00:00.118989149,0.118989149,0.0,0.0,371.00165,0.0,0.0,0.0,0.0,0.0,-1.5707964,0.0
1970-01-01 00:00:00.119027244,0.119027244,0.0,0.0,0.0,538.28656,0.0,0.0,0.0,0.0,-1.5707964,0.0
1970-01-01 00:00:00.119040163,0.119040163,0.0,0.0,192.93147,0.0,0.0,0.0,0.0,0.0,-1.5707964,0.0
1970-01-01 00:00:00.119074750,0.11907475,0.0,0.0,0.0,0.0,118.21575,0.0,0.0,0.0,-1.5707964,0.0
1970-01-01 00:00:00.119207903,0.119207903,0.0,0.0,150.34482,0.0,0.0,0.0,0.0,0.0,-1.5707964,0.0
1970-01-01 00:00:00.119376263,0.119376263,0.0,0.0,564.5749,0.0,0.0,0.0,0.0,0.0,-1.5707964,0.0
1970-01-01 00:00:00.119408478,0.119408478,0.0,0.0,0.0,0.0,0.0,232.563,0.0,0.0,-1.5707964,0.0
1970-01-01 00:00:00.119471919,0.119471919,0.0,0.0,1343.3281,0.0,0.0,0.0,0.0,0.0,-1.5707964,0.0
1970-01-01 00:00:00.119478746,0.119478746,0.0,0.0,562.6756,0.0,0.0,0.0,0.0,0.0,-1.5707964,0.0
1970-01-01 00:00:00.119480432,0.119480432,800.6668,0.0,0.0,0.0,0.0,0.0,0.0,0.0,-1.5707964,0.0
1970-01-01 00:00:00.119546281,0.119546281,0.0,0.0,110.20224,0.0,0.0,0.0,0.0,0.0,-1.5707964,0.0
1970-01-01 00:00:00.119566225,0.119566225,0.0,0.0,0.0,373.9212,0.0,0.0,0.0,0.0,-1.5707964,0.0
1970-01-01 00:00:00.119582359,0.119582359,0.0,0.0,98.62112,0.0,0.0,0.0,0.0,0.0,-1.5707964,0.0
1970-01-01 00:00:00.119592437,0.119592437,321.10583,0.0,0.0,0.0,0.0,0.0,0.0,0.0,-1.5707964,0.0
1970-01-01 00:00:00.119653148,0.119653148,0.0,0.0,135.43802,0.0,0.0,0.0,0.0,0.0,-1.5707964,0.0
1970-01-01 00:00:00.119730229,0.119730229,0.0,0.0,594.6312,0.0,0.0,0.0,0.0,0.0,-1.5707964,0.0
1970-01-01 00:00:00.119731038,0.119731038,0.0,0.0,270.77744,0.0,0.0,0.0,0.0,0.0,-1.5707964,0.0
1970-01-01 00:00:00.119778690,0.11977869,0.0,0.0,0.0,0.0,0.0,890.26355,0.0,0.0,-1.5707964,0.0
1970-01-01 00:00:00.119778690,0.11977869,0.0,0.0,0.0,520.3786,0.0,0.0,0.0,0.0,-1.5707964,0.0
1970-01-01 00:00:00.119794371,0.119794371,0.0,0.0,0.0,0.0,0.0,330.34262,0.0,0.0,-1.5707964,0.0
1970-01-01 00:00:00.119807571,0.119807571,0.0,0.0,107.97686,0.0,0.0,0.0,0.0,0.0,-1.5707964,0.0
1970-01-01 00:00:00.119830816,0.119830816,0.0,0.0,463.07495,0.0,0.0,0.0,0.0,0.0,-1.5707964,0.0
1970-01-01 00:00:00.119833022,0.119833022,0.0,0.0,158.4214,0.0,0.0,0.0,0.0,0.0,-1.5707964,0.0
1970-01-01 00:00:00.119855364,0.119855364,0.0,0.0,0.0,0.0,323.24554,0.0,0.0,0.0,-1.5707964,0.0
1970-01-01 00:00:00.119897261,0.119897261,157.9765,0.0,0.0,0.0,0.0,0.0,0.0,0.0,-1.5707964,0.0
1970-01-01 00:00:00.119898655,0.119898655,0.0,0.0,151.91353,0.0,0.0,0.0,0.0,0.0,-1.5707964,0.0
1970-01-01 00:00:00.119926384,0.119926384,0.0,0.0,554.93256,0.0,0.0,0.0,0.0,0.0,-1.5707964,0.0
1970-01-01 00:00:00.119936144,0.119936144,0.0,432.0307,0.0,0.0,0.0,0.0,0.0,0.0,-1.5707964,0.0
1970-01-01 00:00:00.119983535,0.119983535,0.0,0.0,415.8129,0.0,0.0,0.0,0.0,0.0,-1.5707964,0.0
1970-01-01 00:00:00.119990941,0.119990941,0.0,0.0,108.23295,0.0,0.0,0.0,0.0,0.0,-1.5707964,0.0
1970-01-01 00:00:00.120041603,0.120041603,0.0,0.0,118.00489,0.0,0.0,0.0,0.0,0.0,-1.5707964,0.0
1970-01-01 00:00:00.120076484,0.120076484,0.0,0.0,423.85806,0.0,0.0,0.0,0.0,0.0,-1.5707964,0.0
1970-01-01 00:00:00.120080861,0.120080861,0.0,0.0,117.875885,0.0,0.0,0.0,0.0,0.0,-1.5707964,0.0
1970-01-01 00:00:00.120090231,0.120090231,0.0,0.0,0.0,0.0,0.0,98.34132,0.0,0.0,-1.5707964,0.0
1970-01-01 00:00:00.120122748,0.120122748,0.0,0.0,0.0,0.0,0.0,82.12706,0.0,0.0,-1.5707964,0.0
1970-01-01 00:00:00.120138465,0.120138465,0.0,0.0,0.0,0.0,0.0,247.62357,0.0,0.0,-1.5707964,0.0
1970-01-01 00:00:00.120149265,0.120149265,0.0,0.0,0.0,265.60464,0.0,0.0,0.0,0.0,-1.5707964,0.0
1970-01-01 00:00:00.120167110,0.12016711,0.0,0.0,80.67107,0.0,0.0,0.0,0.0,0.0,-1.5707964,0.0
1970-01-01 00:00:00.120265934,0.120265934,0.0,0.0,0.0,139.71645,0.0,0.0,0.0,0.0,-1.5707964,0.0
1970-01-01 00:00:00.120306044,0.120306044,0.0,0.0,231.55928,0.0,0.0,0.0,0.0,0.0,-1.5707964,0.0
1970-01-01 00:00:00.120378969,0.120378969,0.0,0.0,423.40723,0.0,0.0,0.0,0.0,0.0,-1.5707964,0.0
1970-01-01 00:00:00.120446637,0.120446637,0.0,0.0,945.7618,0.0,0.0,0.0,0.0,0.0,-1.5707964,0.0
1970-01-01 00:00:00.120472444,0.120472444,0.0,0.0,739.63855,0.0,0.0,0.0,0.0,0.0,-1.5707964,0.0
1970-01-01 00:00:00.120498338,0.120498338,0.0,0.0,427.35083,0.0,0.0,0.0,0.0,0.0,-1.5707964,0.0
1970-01-01 00:00:00.120514295,0.120514295,0.0,0.0,352.88138,0.0,0.0,0.0,0.0,0.0,-1.5707964,0.0
1970-01-01 00:00:00.120518383,0.120518383,0.0,0.0,1483.4985,0.0,0.0,0.0,0.0,0.0,-1.5707964,0.0
1970-01-01 00:00:00.120528532,0.120528532,0.0,0.0,116.469536,0.0,0.0,0.0,0.0,0.0,-1.5707964,0.0
1970-01-01 00:00:00.120535233,0.120535233,0.0,0.0,0.0,0.0,181.27711,0.0,0.0,0.0,-1.5707964,0.0
1970-01-01 00:00:00.120611175,0.120611175,1068.8052,0.0,0.0,0.0,0.0,0.0,0.0,0.0,-1.5707964,0.0
1970-01-01 00:00:00.120612149,0.120612149,0.0,0.0,887.4437,0.0,0.0,0.0,0.0,0.0,-1.5707964,0.0
1970-01-01 00:00:00.120624624,0.120624624,0.0,0.0,922.79266,0.0,0.0,0.0,0.0,0.0,-1.5707964,0.0
1970-01-01 00:00:00.120640434,0.120640434,0.0,0.0,349.2843,0.0,0.0,0.0,0.0,0.0,-1.5707964,0.0
1970-01-01 00:00:00.120653789,0.120653789,0.0,0.0,92.28035,0.0,0.0,0.0,0.0,0.0,-1.5707964,0.0
1970-01-01 00:00:00.120666201,0.120666201,0.0,0.0,0.0,0.0,606.3526,0.0,0.0,0.0,-1.5707964,0.0
1970-01-01 00:00:00.120774786,0.120774786,0.0,0.0,0.0,0.0,258.38467,0.0,0.0,0.0,-1.5707964,0.0
1970-01-01 00:00:00.120838306,0.120838306,0.0,0.0,85.39675,0.0,0.0,0.0,0.0,0.0,-1.5707964,0.0
1970-01-01 00:00:00.120868353,0.120868353,0.0,0.0,333.47958,0.0,0.0,0.0,0.0,0.0,-1.5707964,0.0
1970-01-01 00:00:00.120882694,0.120882694,0.0,0.0,145.10677,0.0,0.0,0.0,0.0,0.0,-1.5707964,0.0
1970-01-01 00:00:00.121001255,0.121001255,0.0,0.0,0.0,0.0,0.0,228.77037,0.0,0.0,-1.5707964,0.0
1970-01-01 00:00:00.121024341,0.121024341,0.0,0.0,204.36855,0.0,0.0,0.0,0.0,0.0,-1.5707964,0.0
1970-01-01 00:00:00.121028175,0.121028175,0.0,0.0,0.0,0.0,0.0,185.60175,0.0,0.0,-1.5707964,0.0
1970-01-01 00:00:00.121070059,0.121070059,0.0,0.0,344.36514,0.0,0.0,0.0,0.0,0.0,-1.5707964,0.0
1970-01-01 00:00:00.121092808,0.121092808,0.0,0.0,0.0,0.0,87.270355,0.0,0.0,0.0,-1.5707964,0.0
1970-01-01 00:00:00.121100525,0.121100525,0.0,0.0,252.47388,0.0,0.0,0.0,0.0,0.0,-1.5707964,0.0
1970-01-01 00:00:00.121139025,0.121139025,0.0,0.0,0.0,0.0,202.2406,0.0,0.0,0.0,-1.5707964,0.0
1970-01-01 00:00:00.121161610,0.12116161,0.0,0.0,432.92447,0.0,0.0,0.0,0.0,0.0,-1.5707964,0.0
1970-01-01 00:00:00.121168341,0.121168341,0.0,0.0,619.0542,0.0,0.0,0.0,0.0,0.0,-1.5707964,0.0
1970-01-01 00:00:00.121242624,0.121242624,0.0,0.0,0.0,160.79985,0.0,0.0,0.0,0.0,-1.5707964,0.0
1970-01-01 00:00:00.121246592,0.121246592,0.0,186.831,0.0,0.0,0.0,0.0,0.0,0.0,-1.5707964,0.0
1970-01-01 00:00:00.121298984,0.121298984,0.0,0.0,337.95074,0.0,0.0,0.0,0.0,0.0,-1.5707964,0.0
1970-01-01 00:00:00.121391574,0.121391574,0.0,0.0,125.19135,0.0,0.0,0.0,0.0,0.0,-1.5707964,0.0
1970-01-01 00:00:00.121467839,0.121467839,0.0,0.0,376.43478,0.0,0.0,0.0,0.0,0.0,-1.5707964,0.0
1970-01-01 00:00:00.121555839,0.121555839,0.0,0.0,248.76297,0.0,0.0,0.0,0.0,0.0,-1.5707964,0.0
1970-01-01 00:00:00.121557508,0.121557508,0.0,0.0,556.20087,0.0,0.0,0.0,0.0,0.0,-1.5707964,0.0
1970-01-01 00:00:00.121726566,0.121726566,0.0,0.0,3280.7922,0.0,0.0,0.0,0.0,0.0,-1.5707964,0.0
1970-01-01 00:00:00.121772653,0.121772653,0.0,0.0,237.98003,0.0,0.0,0.0,0.0,0.0,-1.5707964,0.0
1970-01-01 00:00:00.121794253,0.121794253,0.0,0.0,658.12946,0.0,0.0,0.0,0.0,0.0,-1.5707964,0.0
1970-01-01 00:00:00.121845612,0.121845612,0.0,0.0,666.46515,0.0,0.0,0.0,0.0,0.0,-1.5707964,0.0
1970-01-01 00:00:00.121853511,0.121853511,0.0,0.0,605.95087,0.0,0.0,0.0,0.0,0.0,-1.5707964,0.0
1970-01-01 00:00:00.121868465,0.121868465,0.0,0.0,95.046715,0.0,0.0,0.0,0.0,0.0,-1.5707964,0.0
1970-01-01 00:00:00.121873137,0.121873137,0.0,0.0,388.629,0.0,0.0,0.0,0.0,0.0,-1.5707964,0.0
1970-01-01 00:00:00.121922517,0.121922517,231.19485,0.0,0.0,0.0,0.0,0.0,0.0,0.0,-1.5707964,0.0
1970-01-01 00:00:00.121945750,0.12194575,0.0,0.0,119.489494,0.0,0.0,0.0,0.0,0.0,-1.5707964,0.0
1970-01-01 00:00:00.121973042,0.121973042,0.0,0.0,449.86847,0.0,0.0,0.0,0.0,0.0,-1.5707964,0.0
1970-01-01 00:00:00.121988452,0.121988452,0.0,0.0,153.37616,0.0,0.0,0.0,0.0,0.0,-1.5707964,0.0
1970-01-01 00:00:00.122060107,0.122060107,0.0,0.0,314.3782,0.0,0.0,0.0,0.0,0.0,-1.5707964,0.0
1970-01-01 00:00:00.122123939,0.122123939,0.0,0.0,0.0,0.0,217.14307,0.0,0.0,0.0,-1.5707964,0.0
1970-01-01 00:00:00.122142246,0.122142246,926.33386,0.0,0.0,0.0,0.0,0.0,0.0,0.0,-1.5707964,0.0
1970-01-01 00:00:00.122168211,0.122168211,0.0,0.0,132.148,0.0,0.0,0.0,0.0,0.0,-1.5707964,0.0
1970-01-01 00:00:00.122178831,0.122178831,0.0,0.0,0.0,383.7662,0.0,0.0,0.0,0.0,-1.5707964,0.0
1970-01-01 00:00:00.122193160,0.12219316,0.0,0.0,0.0,0.0,387.7724,0.0,0.0,0.0,-1.5707964,0.0
1970-01-01 00:00:00.122196851,0.122196851,0.0,0.0,0.0,0.0,0.0,137.03256,0.0,0.0,-1.5707964,0.0
1970-01-01 00:00:00.122221679,0.122221679,0.0,0.0,334.11,0.0,0.0,0.0,0.0,0.0,-1.5707964,0.0
1970-01-01 00:00:00.122273927,0.122273927,0.0,0.0,0.0,833.9814,0.0,0.0,0.0,0.0,-1.5707964,0.0
1970-01-01 00:00:00.122287617,0.122287617,430.09088,0.0,0.0,0.0,0.0,0.0,0.0,0.0,-1.5707964,0.0
1970-01-01 00:00:00.122347722,0.122347722,0.0,0.0,106.00916,0.0,0.0,0.0,0.0,0.0,-1.5707964,0.0
1970-01-01 00:00:00.122377492,0.122377492,0.0,0.0,411.54,0.0,0.0,0.0,0.0,0.0,-1.5707964,0.0
1970-01-01 00:00:00.122394305,0.122394305,0.0,0.0,523.63837,0.0,0.0,0.0,0.0,0.0,-1.5707964,0.0
1970-01-01 00:00:00.122419556,0.122419556,0.0,0.0,565.1841,0.0,0.0,0.0,0.0,0.0,-1.5707964,0.0
1970-01-01 00:00:00.122458074,0.122458074,0.0,0.0,112.0627,0.0,0.0,0.0,0.0,0.0,-1.5707964,0.0
1970-01-01 00:00:00.122476186,0.122476186,0.0,213.78276,0.0,0.0,0.0,0.0,0.0,0.0,-1.5707964,0.0
1970-01-01 00:00:00.122505188,0.122505188,135.58508,0.0,0.0,0.0,0.0,0.0,0.0,0.0,-1.5707964,0.0
1970-01-01 00:00:00.122627230,0.12262723,0.0,266.63394,0.0,0.0,0.0,0.0,0.0,0.0,-1.5707964,0.0
1970-01-01 00:00:00.122674481,0.122674481,0.0,0.0,1188.6304,0.0,0.0,0.0,0.0,0.0,-1.5707964,0.0
1970-01-01 00:00:00.122761780,0.12276178,0.0,0.0,201.82886,0.0,0.0,0.0,0.0,0.0,-1.5707964,0.0
1970-01-01 00:00:00.122768737,0.122768737,0.0,0.0,0.0,0.0,0.0,695.3608,0.0,0.0,-1.5707964,0.0
1970-01-01 00:00:00.122794653,0.122794653,0.0,0.0,132.92912,0.0,0.0,0.0,0.0,0.0,-1.5707964,0.0
1970-01-01 00:00:00.122802368,0.122802368,0.0,0.0,161.54416,0.0,0.0,0.0,0.0,0.0,-1.5707964,0.0
1970-01-01 00:00:00.122816503,0.122816503,96.6705,0.0,0.0,0.0,0.0,0.0,0.0,0.0,-1.5707964,0.0
1970-01-01 00:00:00.122816503,0.122816503,0.0,0.0,321.58313,0.0,0.0,0.0,0.0,0.0,-1.5707964,0.0
1970-01-01 00:00:00.122873846,0.122873846,0.0,0.0,1123.1354,0.0,0.0,0.0,0.0,0.0,-1.5707964,0.0
1970-01-01 00:00:00.123000197,0.123000197,0.0,0.0,401.7613,0.0,0.0,0.0,0.0,0.0,-1.5707964,0.0
1970-01-01 00:00:00.123000204,0.123000204,0.0,0.0,259.18906,0.0,0.0,0.0,0.0,0.0,-1.5707964,0.0
1970-01-01 00:00:00.123019198,0.123019198,0.0,0.0,161.46489,0.0,0.0,0.0,0.0,0.0,-1.5707964,0.0
1970-01-01 00:00:00.123020322,0.123020322,0.0,0.0,0.0,0.0,0.0,154.66908,0.0,0.0,-1.5707964,0.0
1970-01-01 00:00:00.123089602,0.123089602,0.0,0.0,99.66354,0.0,0.0,0.0,0.0,0.0,-1.5707964,0.0
1970-01-01 00:00:00.123110056,0.123110056,0.0,0.0,279.49854,0.0,0.0,0.0,0.0,0.0,-1.5707964,0.0
1970-01-01 00:00:00.123139485,0.123139485,0.0,0.0,126.31988,0.0,0.0,0.0,0.0,0.0,-1.5707964,0.0
1970-01-01 00:00:00.123140505,0.123140505,0.0,0.0,101.34808,0.0,0.0,0.0,0.0,0.0,-1.5707964,0.0
1970-01-01 00:00:00.123395961,0.123395961,0.0,0.0,357.53137,0.0,0.0,0.0,0.0,0.0,-1.5707964,0.0
1970-01-01 00:00:00.123414544,0.123414544,0.0,0.0,314.98425,0.0,0.0,0.0,0.0,0.0,-1.5707964,0.0
1970-01-01 00:00:00.123430046,0.123430046,0.0,0.0,179.58594,0.0,0.0,0.0,0.0,0.0,-1.5707964,0.0
1970-01-01 00:00:00.123432654,0.123432654,0.0,0.0,0.0,0.0,0.0,237.12791,0.0,0.0,-1.5707964,0.0
1970-01-01 00:00:00.123500813,0.123500813,0.0,0.0,0.0,0.0,2018.6195,0.0,0.0,0.0,-1.5707964,0.0
1970-01-01 00:00:00.123525390,0.12352539,0.0,0.0,0.0,0.0,394.38867,0.0,0.0,0.0,-1.5707964,0.0
1970-01-01 00:00:00.123528433,0.123528433,0.0,104.52054,0.0,0.0,0.0,0.0,0.0,0.0,-1.5707964,0.0
1970-01-01 00:00:00.123572239,0.123572239,286.1763,0.0,0.0,0.0,0.0,0.0,0.0,0.0,-1.5707964,0.0
1970-01-01 00:00:00.123572239,0.123572239,0.0,0.0,86.26551,0.0,0.0,0.0,0.0,0.0,-1.5707964,0.0
1970-01-01 00:00:00.123586674,0.123586674,0.0,0.0,0.0,0.0,429.19748,0.0,0.0,0.0,-1.5707964,0.0
1970-01-01 00:00:00.123598578,0.123598578,0.0,0.0,428.3328,0.0,0.0,0.0,0.0,0.0,-1.5707964,0.0
1970-01-01 00:00:00.123645677,0.123645677,217.7299,0.0,0.0,0.0,0.0,0.0,0.0,0.0,-1.5707964,0.0
1970-01-01 00:00:00.123649544,0.123649544,0.0,0.0,0.0,0.0,0.0,154.39781,0.0,0.0,-1.5707964,0.0
1970-01-01 00:00:00.123650981,0.123650981,0.0,0.0,457.45612,0.0,0.0,0.0,0.0,0.0,-1.5707964,0.0
1970-01-01 00:00:00.123674724,0.123674724,0.0,0.0,0.0,370.16965,0.0,0.0,0.0,0.0,-1.5707964,0.0
1970-01-01 00:00:00.123722025,0.123722025,0.0,0.0,0.0,0.0,265.41086,0.0,0.0,0.0,-1.5707964,0.0
1970-01-01 00:00:00.123751087,0.123751087,0.0,0.0,293.11572,0.0,0.0,0.0,0.0,0.0,-1.5707964,0.0
1970-01-01 00:00:00.123816468,0.123816468,0.0,0.0,0.0,152.67326,0.0,0.0,0.0,0.0,-1.5707964,0.0
1970-01-01 00:00:00.123847263,0.123847263,0.0,0.0,2849.3682,0.0,0.0,0.0,0.0,0.0,-1.5707964,0.0
1970-01-01 00:00:00.123933868,0.123933868,0.0,0.0,555.92035,0.0,0.0,0.0,0.0,0.0,-1.5707964,0.0
1970-01-01 00:00:00.123938067,0.123938067,0.0,0.0,1704.8605,0.0,0.0,0.0,0.0,0.0,-1.5707964,0.0
1970-01-01 00:00:00.124008585,0.124008585,102.147644,0.0,0.0,0.0,0.0,0.0,0.0,0.0,-1.5707964,0.0
1970-01-01 00:00:00.124043487,0.124043487,667.58545,0.0,0.0,0.0,0.0,0.0,0.0,0.0,-1.5707964,0.0
1970-01-01 00:00:00.124057712,0.124057712,0.0,0.0,0.0,100.27595,0.0,0.0,0.0,0.0,-1.5707964,0.0
1970-01-01 00:00:00.124087833,0.124087833,0.0,0.0,94.63701,0.0,0.0,0.0,0.0,0.0,-1.5707964,0.0
1970-01-01 00:00:00.124146162,0.124146162,0.0,0.0,185.74481,0.0,0.0,0.0,0.0,0.0,-1.5707964,0.0
1970-01-01 00:00:00.124286119,0.124286119,0.0,0.0,149.65315,0.0,0.0,0.0,0.0,0.0,-1.5707964,0.0
1970-01-01 00:00:00.124291204,0.124291204,0.0,0.0,713.6737,0.0,0.0,0.0,0.0,0.0,-1.5707964,0.0
1970-01-01 00:00:00.124307840,0.12430784,0.0,0.0,1334.6548,0.0,0.0,0.0,0.0,0.0,-1.5707964,0.0
1970-01-01 00:00:00.124315487,0.124315487,0.0,0.0,269.93143,0.0,0.0,0.0,0.0,0.0,-1.5707964,0.0
1970-01-01 00:00:00.124315487,0.124315487,0.0,0.0,220.89676,0.0,0.0,0.0,0.0,0.0,-1.5707964,0.0
1970-01-01 00:00:00.124367863,0.124367863,0.0,0.0,201.60333,0.0,0.0,0.0,0.0,0.0,-1.5707964,0.0
1970-01-01 00:00:00.124401929,0.124401929,0.0,0.0,0.0,0.0,96.737335,0.0,0.0,0.0,-1.5707964,0.0
1970-01-01 00:00:00.124441522,0.124441522,0.0,0.0,257.54092,0.0,0.0,0.0,0.0,0.0,-1.5707964,0.0
1970-01-01 00:00:00.124446658,0.124446658,0.0,0.0,2177.315,0.0,0.0,0.0,0.0,0.0,-1.5707964,0.0
1970-01-01 00:00:00.124455869,0.124455869,0.0,0.0,0.0,578.9046,0.0,0.0,0.0,0.0,-1.5707964,0.0
1970-01-01 00:00:00.124522145,0.124522145,0.0,0.0,943.5592,0.0,0.0,0.0,0.0,0.0,-1.5707964,0.0
1970-01-01 00:00:00.124537711,0.124537711,287.52652,0.0,0.0,0.0,0.0,0.0,0.0,0.0,-1.5707964,0.0
1970-01-01 00:00:00.124539690,0.12453969,0.0,0.0,1318.2301,0.0,0.0,0.0,0.0,0.0,-1.5707964,0.0
1970-01-01 00:00:00.124596578,0.124596578,0.0,0.0,0.0,0.0,0.0,650.57605,0.0,0.0,-1.5707964,0.0
1970-01-01 00:00:00.124729664,0.124729664,0.0,0.0,429.2092,0.0,0.0,0.0,0.0,0.0,-1.5707964,0.0
1970-01-01 00:00:00.124748592,0.124748592,0.0,0.0,95.77373,0.0,0.0,0.0,0.0,0.0,-1.5707964,0.0
1970-01-01 00:00:00.124802701,0.124802701,0.0,0.0,89.583336,0.0,0.0,0.0,0.0,0.0,-1.5707964,0.0
1970-01-01 00:00:00.124824204,0.124824204,0.0,0.0,0.0,0.0,523.3873,0.0,0.0,0.0,-1.5707964,0.0
1970-01-01 00:00:00.124852917,0.124852917,0.0,0.0,396.72372,0.0,0.0,0.0,0.0,0.0,-1.5707964,0.0
1970-01-01 00:00:00.124974802,0.124974802,0.0,0.0,92.63777,0.0,0.0,0.0,0.0,0.0,-1.5707964,0.0
1970-01-01 00:00:00.125020492,0.125020492,0.0,0.0,236.31749,0.0,0.0,0.0,0.0,0.0,-1.5707964,0.0
1970-01-01 00:00:00.125071482,0.125071482,0.0,0.0,191.38457,0.0,0.0,0.0,0.0,0.0,-1.5707964,0.0
1970-01-01 00:00:00.125082870,0.12508287,0.0,0.0,0.0,0.0,3066.2283,0.0,0.0,0.0,-1.5707964,0.0
1970-01-01 00:00:00.125086126,0.125086127,0.0,0.0,639.4169,0.0,0.0,0.0,0.0,0.0,-1.5707964,0.0
1970-01-01 00:00:00.125087948,0.125087948,0.0,0.0,0.0,0.0,0.0,153.47859,0.0,0.0,-1.5707964,0.0
1970-01-01 00:00:00.125153983,0.125153983,0.0,0.0,120.225174,0.0,0.0,0.0,0.0,0.0,-1.5707964,0.0
1970-01-01 00:00:00.125203815,0.125203815,0.0,0.0,0.0,0.0,81.15605,0.0,0.0,0.0,-1.5707964,0.0
1970-01-01 00:00:00.125263283,0.125263283,0.0,0.0,401.06937,0.0,0.0,0.0,0.0,0.0,-1.5707964,0.0
1970-01-01 00:00:00.125286179,0.125286179,0.0,0.0,2411.4497,0.0,0.0,0.0,0.0,0.0,-1.5707964,0.0
1970-01-01 00:00:00.125320210,0.125320211,0.0,0.0,232.70714,0.0,0.0,0.0,0.0,0.0,-1.5707964,0.0
1970-01-01 00:00:00.125335720,0.12533572,0.0,0.0,150.53476,0.0,0.0,0.0,0.0,0.0,-1.5707964,0.0
1970-01-01 00:00:00.125335720,0.12533572,0.0,0.0,0.0,0.0,620.06146,0.0,0.0,0.0,-1.5707964,0.0
1970-01-01 00:00:00.125355355,0.125355355,0.0,0.0,0.0,0.0,1558.2697,0.0,0.0,0.0,-1.5707964,0.0
1970-01-01 00:00:00.125382706,0.125382706,0.0,0.0,0.0,0.0,89.89531,0.0,0.0,0.0,-1.5707964,0.0
1970-01-01 00:00:00.125382706,0.125382706,0.0,0.0,162.42882,0.0,0.0,0.0,0.0,0.0,-1.5707964,0.0
1970-01-01 00:00:00.125410198,0.125410198,0.0,0.0,0.0,0.0,169.60136,0.0,0.0,0.0,-1.5707964,0.0
1970-01-01 00:00:00.125446297,0.125446297,0.0,0.0,251.07828,0.0,0.0,0.0,0.0,0.0,-1.5707964,0.0
1970-01-01 00:00:00.125462397,0.125462397,0.0,0.0,0.0,0.0,460.07712,0.0,0.0,0.0,-1.5707964,0.0
1970-01-01 00:00:00.125485808,0.125485808,0.0,0.0,101.714424,0.0,0.0,0.0,0.0,0.0,-1.5707964,0.0
1970-01-01 00:00:00.125487056,0.125487056,0.0,0.0,381.7823,0.0,0.0,0.0,0.0,0.0,-1.5707964,0.0
1970-01-01 00:00:00.125605056,0.125605056,0.0,241.76752,0.0,0.0,0.0,0.0,0.0,0.0,-1.5707964,0.0
1970-01-01 00:00:00.125668100,0.1256681,0.0,0.0,126.83758,0.0,0.0,0.0,0.0,0.0,-1.5707964,0.0
1970-01-01 00:00:00.125692537,0.125692538,0.0,0.0,0.0,0.0,622.5533,0.0,0.0,0.0,-1.5707964,0.0
1970-01-01 00:00:00.125850800,0.1258508,0.0,0.0,123.663185,0.0,0.0,0.0,0.0,0.0,-1.5707964,0.0
1970-01-01 00:00:00.125886693,0.125886693,0.0,0.0,380.43692,0.0,0.0,0.0,0.0,0.0,-1.5707964,0.0
1970-01-01 00:00:00.125896723,0.125896724,0.0,0.0,128.27455,0.0,0.0,0.0,0.0,0.0,-1.5707964,0.0
1970-01-01 00:00:00.125907670,0.12590767,0.0,0.0,285.99878,0.0,0.0,0.0,0.0,0.0,-1.5707964,0.0
1970-01-01 00:00:00.125977398,0.125977399,0.0,0.0,0.0,378.92145,0.0,0.0,0.0,0.0,-1.5707964,0.0
1970-01-01 00:00:00.126021607,0.126021607,0.0,0.0,161.98045,0.0,0.0,0.0,0.0,0.0,-1.5707964,0.0
1970-01-01 00:00:00.126024672,0.126024672,0.0,0.0,133.20737,0.0,0.0,0.0,0.0,0.0,-1.5707964,0.0
1970-01-01 00:00:00.126044294,0.126044294,0.0,0.0,659.80316,0.0,0.0,0.0,0.0,0.0,-1.5707964,0.0
1970-01-01 00:00:00.126077515,0.126077515,0.0,0.0,168.96306,0.0,0.0,0.0,0.0,0.0,-1.5707964,0.0
1970-01-01 00:00:00.126186883,0.126186883,0.0,0.0,227.22421,0.0,0.0,0.0,0.0,0.0,-1.5707964,0.0
1970-01-01 00:00:00.126286069,0.126286069,233.50505,0.0,0.0,0.0,0.0,0.0,0.0,0.0,-1.5707964,0.0
1970-01-01 00:00:00.126302940,0.12630294,0.0,0.0,763.6273,0.0,0.0,0.0,0.0,0.0,-1.5707964,0.0
1970-01-01 00:00:00.126397250,0.126397251,0.0,0.0,0.0,0.0,199.67455,0.0,0.0,0.0,-1.5707964,0.0
1970-01-01 00:00:00.126404067,0.126404067,0.0,0.0,0.0,0.0,80.680565,0.0,0.0,0.0,-1.5707964,0.0
1970-01-01 00:00:00.126416443,0.126416444,0.0,0.0,243.0866,0.0,0.0,0.0,0.0,0.0,-1.5707964,0.0
1970-01-01 00:00:00.126416443,0.126416444,0.0,0.0,0.0,0.0,171.77417,0.0,0.0,0.0,-1.5707964,0.0
1970-01-01 00:00:00.126443961,0.126443961,0.0,0.0,894.249,0.0,0.0,0.0,0.0,0.0,-1.5707964,0.0
1970-01-01 00:00:00.126514059,0.126514059,336.2508,0.0,0.0,0.0,0.0,0.0,0.0,0.0,-1.5707964,0.0
1970-01-01 00:00:00.126521601,0.126521601,0.0,0.0,260.95023,0.0,0.0,0.0,0.0,0.0,-1.5707964,0.0
1970-01-01 00:00:00.126525000,0.126525,0.0,0.0,0.0,0.0,146.29315,0.0,0.0,0.0,-1.5707964,0.0
1970-01-01 00:00:00.126569660,0.12656966,0.0,0.0,272.32004,0.0,0.0,0.0,0.0,0.0,-1.5707964,0.0
1970-01-01 00:00:00.126620672,0.126620673,0.0,0.0,115.98002,0.0,0.0,0.0,0.0,0.0,-1.5707964,0.0
1970-01-01 00:00:00.126766574,0.126766575,0.0,0.0,0.0,1565.1913,0.0,0.0,0.0,0.0,-1.5707964,0.0
1970-01-01 00:00:00.126834330,0.12683433,0.0,0.0,0.0,0.0,0.0,468.5025,0.0,0.0,-1.5707964,0.0
1970-01-01 00:00:00.126955298,0.126955298,0.0,0.0,304.20126,0.0,0.0,0.0,0.0,0.0,-1.5707964,0.0
1970-01-01 00:00:00.126994042,0.126994042,0.0,0.0,884.81665,0.0,0.0,0.0,0.0,0.0,-1.5707964,0.0
1970-01-01 00:00:00.127001962,0.127001962,162.27704,0.0,0.0,0.0,0.0,0.0,0.0,0.0,-1.5707964,0.0
1970-01-01 00:00:00.127002893,0.127002893,0.0,0.0,266.20508,0.0,0.0,0.0,0.0,0.0,-1.5707964,0.0
1970-01-01 00:00:00.127034795,0.127034795,0.0,0.0,0.0,0.0,320.02945,0.0,0.0,0.0,-1.5707964,0.0
1970-01-01 00:00:00.127142778,0.127142778,505.1776,0.0,0.0,0.0,0.0,0.0,0.0,0.0,-1.5707964,0.0
1970-01-01 00:00:00.127156526,0.127156527,0.0,0.0,147.20375,0.0,0.0,0.0,0.0,0.0,-1.5707964,0.0
1970-01-01 00:00:00.127171908,0.127171908,0.0,0.0,543.42316,0.0,0.0,0.0,0.0,0.0,-1.5707964,0.0
1970-01-01 00:00:00.127175084,0.127175084,0.0,0.0,240.01424,0.0,0.0,0.0,0.0,0.0,-1.5707964,0.0
1970-01-01 00:00:00.127178071,0.127178071,0.0,0.0,399.11398,0.0,0.0,0.0,0.0,0.0,-1.5707964,0.0
1970-01-01 00:00:00.127201340,0.12720134,0.0,0.0,0.0,0.0,0.0,1375.0406,0.0,0.0,-1.5707964,0.0
1970-01-01 00:00:00.127206461,0.127206462,0.0,0.0,0.0,776.9001,0.0,0.0,0.0,0.0,-1.5707964,0.0
1970-01-01 00:00:00.127258355,0.127258356,0.0,0.0,0.0,210.60442,0.0,0.0,0.0,0.0,-1.5707964,0.0
1970-01-01 00:00:00.127316658,0.127316658,0.0,0.0,305.9153,0.0,0.0,0.0,0.0,0.0,-1.5707964,0.0
1970-01-01 00:00:00.127427508,0.127427508,0.0,0.0,306.4595,0.0,0.0,0.0,0.0,0.0,-1.5707964,0.0
1970-01-01 00:00:00.127513182,0.127513182,0.0,0.0,105.63572,0.0,0.0,0.0,0.0,0.0,-1.5707964,0.0
1970-01-01 00:00:00.127560485,0.127560485,0.0,0.0,406.53296,0.0,0.0,0.0,0.0,0.0,-1.5707964,0.0
1970-01-01 00:00:00.127585899,0.127585899,0.0,0.0,240.19362,0.0,0.0,0.0,0.0,0.0,-1.5707964,0.0
1970-01-01 00:00:00.127670823,0.127670824,0.0,0.0,205.65385,0.0,0.0,0.0,0.0,0.0,-1.5707964,0.0
1970-01-01 00:00:00.127678922,0.127678922,0.0,0.0,0.0,168.02122,0.0,0.0,0.0,0.0,-1.5707964,0.0
1970-01-01 00:00:00.127687971,0.127687971,0.0,0.0,111.340546,0.0,0.0,0.0,0.0,0.0,-1.5707964,0.0
1970-01-01 00:00:00.127744749,0.12774475,0.0,0.0,0.0,602.7206,0.0,0.0,0.0,0.0,-1.5707964,0.0
1970-01-01 00:00:00.127744749,0.12774475,0.0,0.0,0.0,1746.6675,0.0,0.0,0.0,0.0,-1.5707964,0.0
1970-01-01 00:00:00.127857279,0.12785728,0.0,0.0,259.79935,0.0,0.0,0.0,0.0,0.0,-1.5707964,0.0
1970-01-01 00:00:00.127971304,0.127971304,0.0,0.0,0.0,0.0,0.0,94.80931,0.0,0.0,-1.5707964,0.0
1970-01-01 00:00:00.127993884,0.127993884,0.0,0.0,1188.6344,0.0,0.0,0.0,0.0,0.0,-1.5707964,0.0
1970-01-01 00:00:00.128008635,0.128008635,0.0,0.0,0.0,0.0,604.66016,0.0,0.0,0.0,-1.5707964,0.0
1970-01-01 00:00:00.128045083,0.128045083,0.0,0.0,0.0,0.0,246.45218,0.0,0.0,0.0,-1.5707964,0.0
1970-01-01 00:00:00.128046278,0.128046278,0.0,0.0,0.0,0.0,176.94296,0.0,0.0,0.0,-1.5707964,0.0
1970-01-01 00:00:00.128065581,0.128065581,0.0,0.0,103.209854,0.0,0.0,0.0,0.0,0.0,-1.5707964,0.0
1970-01-01 00:00:00.128096174,0.128096174,0.0,0.0,310.8181,0.0,0.0,0.0,0.0,0.0,-1.5707964,0.0
1970-01-01 00:00:00.128114835,0.128114835,0.0,0.0,645.35706,0.0,0.0,0.0,0.0,0.0,-1.5707964,0.0
1970-01-01 00:00:00.128175546,0.128175546,0.0,0.0,369.84473,0.0,0.0,0.0,0.0,0.0,-1.5707964,0.0
1970-01-01 00:00:00.128180750,0.12818075,179.29674,0.0,0.0,0.0,0.0,0.0,0.0,0.0,-1.5707964,0.0
1970-01-01 00:00:00.128314260,0.12831426,0.0,0.0,266.13196,0.0,0.0,0.0,0.0,0.0,-1.5707964,0.0
1970-01-01 00:00:00.128396171,0.128396171,0.0,0.0,682.5841,0.0,0.0,0.0,0.0,0.0,-1.5707964,0.0
1970-01-01 00:00:00.128407383,0.128407383,0.0,0.0,171.50098,0.0,0.0,0.0,0.0,0.0,-1.5707964,0.0
1970-01-01 00:00:00.128415829,0.128415829,0.0,0.0,1050.1274,0.0,0.0,0.0,0.0,0.0,-1.5707964,0.0
1970-01-01 00:00:00.128453853,0.128453853,0.0,0.0,244.80896,0.0,0.0,0.0,0.0,0.0,-1.5707964,0.0
1970-01-01 00:00:00.128456807,0.128456807,0.0,0.0,151.59506,0.0,0.0,0.0,0.0,0.0,-1.5707964,0.0
1970-01-01 00:00:00.128606408,0.128606408,0.0,0.0,174.42558,0.0,0.0,0.0,0.0,0.0,-1.5707964,0.0
1970-01-01 00:00:00.128607165,0.128607165,0.0,0.0,88.9921,0.0,0.0,0.0,0.0,0.0,-1.5707964,0.0
1970-01-01 00:00:00.128611248,0.128611248,0.0,0.0,4582.855,0.0,0.0,0.0,0.0,0.0,-1.5707964,0.0
1970-01-01 00:00:00.128634547,0.128634548,0.0,0.0,0.0,0.0,0.0,309.98987,0.0,0.0,-1.5707964,0.0
1970-01-01 00:00:00.128650056,0.128650056,0.0,0.0,1273.7804,0.0,0.0,0.0,0.0,0.0,-1.5707964,0.0
1970-01-01 00:00:00.128671749,0.128671749,101.33806,0.0,0.0,0.0,0.0,0.0,0.0,0.0,-1.5707964,0.0
1970-01-01 00:00:00.128687696,0.128687697,0.0,0.0,0.0,0.0,0.0,253.2088,0.0,0.0,-1.5707964,0.0
1970-01-01 00:00:00.128727563,0.128727564,0.0,0.0,389.95065,0.0,0.0,0.0,0.0,0.0,-1.5707964,0.0
1970-01-01 00:00:00.128730102,0.128730102,0.0,0.0,0.0,0.0,1854.4037,0.0,0.0,0.0,-1.5707964,0.0
1970-01-01 00:00:00.128730102,0.128730102,466.30887,0.0,0.0,0.0,0.0,0.0,0.0,0.0,-1.5707964,0.0
1970-01-01 00:00:00.128736261,0.128736262,0.0,0.0,347.6516,0.0,0.0,0.0,0.0,0.0,-1.5707964,0.0
1970-01-01 00:00:00.128813883,0.128813884,0.0,0.0,297.17487,0.0,0.0,0.0,0.0,0.0,-1.5707964,0.0
1970-01-01 00:00:00.128870055,0.128870055,0.0,0.0,293.0199,0.0,0.0,0.0,0.0,0.0,-1.5707964,0.0
1970-01-01 00:00:00.128889829,0.128889829,0.0,0.0,0.0,0.0,0.0,214.58875,0.0,0.0,-1.5707964,0.0
1970-01-01 00:00:00.128891603,0.128891603,0.0,0.0,173.50722,0.0,0.0,0.0,0.0,0.0,-1.5707964,0.0
1970-01-01 00:00:00.129008376,0.129008376,0.0,0.0,116.02064,0.0,0.0,0.0,0.0,0.0,-1.5707964,0.0
1970-01-01 00:00:00.129142362,0.129142362,0.0,0.0,558.6468,0.0,0.0,0.0,0.0,0.0,-1.5707964,0.0
1970-01-01 00:00:00.129164533,0.129164533,0.0,0.0,190.74063,0.0,0.0,0.0,0.0,0.0,-1.5707964,0.0
1970-01-01 00:00:00.129165067,0.129165067,0.0,0.0,0.0,681.42706,0.0,0.0,0.0,0.0,-1.5707964,0.0
1970-01-01 00:00:00.129197929,0.12919793,0.0,0.0,120.04075,0.0,0.0,0.0,0.0,0.0,-1.5707964,0.0
1970-01-01 00:00:00.129213451,0.129213451,0.0,0.0,125.66643,0.0,0.0,0.0,0.0,0.0,-1.5707964,0.0
1970-01-01 00:00:00.129238841,0.129238841,0.0,0.0,0.0,0.0,0.0,236.25946,0.0,0.0,-1.5707964,0.0
1970-01-01 00:00:00.129247826,0.129247826,0.0,0.0,626.0801,0.0,0.0,0.0,0.0,0.0,-1.5707964,0.0
1970-01-01 00:00:00.129272744,0.129272744,0.0,0.0,345.08136,0.0,0.0,0.0,0.0,0.0,-1.5707964,0.0
1970-01-01 00:00:00.129362489,0.129362489,0.0,0.0,0.0,0.0,281.57135,0.0,0.0,0.0,-1.5707964,0.0
1970-01-01 00:00:00.129418787,0.129418787,0.0,0.0,0.0,564.5932,0.0,0.0,0.0,0.0,-1.5707964,0.0
1970-01-01 00:00:00.129429939,0.129429939,137.6198,0.0,0.0,0.0,0.0,0.0,0.0,0.0,-1.5707964,0.0
1970-01-01 00:00:00.129461300,0.1294613,0.0,0.0,212.10812,0.0,0.0,0.0,0.0,0.0,-1.5707964,0.0
1970-01-01 00:00:00.129487567,0.129487567,0.0,0.0,198.54419,0.0,0.0,0.0,0.0,0.0,-1.5707964,0.0
1970-01-01 00:00:00.129488028,0.129488028,0.0,0.0,0.0,0.0,1127.4154,0.0,0.0,0.0,-1.5707964,0.0
1970-01-01 00:00:00.129497179,0.12949718,0.0,0.0,0.0,510.21704,0.0,0.0,0.0,0.0,-1.5707964,0.0
1970-01-01 00:00:00.129607250,0.12960725,0.0,0.0,0.0,0.0,295.52936,0.0,0.0,0.0,-1.5707964,0.0
1970-01-01 00:00:00.129698118,0.129698118,0.0,0.0,0.0,0.0,0.0,1251.6776,0.0,0.0,-1.5707964,0.0
1970-01-01 00:00:00.129717951,0.129717951,0.0,0.0,285.1809,0.0,0.0,0.0,0.0,0.0,-1.5707964,0.0
1970-01-01 00:00:00.129758972,0.129758972,0.0,0.0,0.0,0.0,263.75635,0.0,0.0,0.0,-1.5707964,0.0
1970-01-01 00:00:00.129837159,0.129837159,0.0,0.0,105.73,0.0,0.0,0.0,0.0,0.0,-1.5707964,0.0
1970-01-01 00:00:00.129869913,0.129869913,345.54883,0.0,0.0,0.0,0.0,0.0,0.0,0.0,-1.5707964,0.0
1970-01-01 00:00:00.129869913,0.129869913,0.0,0.0,554.94775,0.0,0.0,0.0,0.0,0.0,-1.5707964,0.0
1970-01-01 00:00:00.129894511,0.129894512,0.0,0.0,1103.4944,0.0,0.0,0.0,0.0,0.0,-1.5707964,0.0
1970-01-01 00:00:00.129998630,0.12999863,0.0,0.0,0.0,0.0,99.31814,0.0,0.0,0.0,-1.5707964,0.0
1970-01-01 00:00:00.130001587,0.130001587,0.0,0.0,0.0,0.0,0.0,931.7883,0.0,0.0,-1.5707964,0.0
1970-01-01 00:00:00.130008583,0.130008583,0.0,4587.1875,0.0,0.0,0.0,0.0,0.0,0.0,-1.5707964,0.0
1970-01-01 00:00:00.130019461,0.130019461,0.0,0.0,357.5496,0.0,0.0,0.0,0.0,0.0,-1.5707964,0.0
1970-01-01 00:00:00.130021628,0.130021628,0.0,0.0,0.0,0.0,0.0,1736.1278,0.0,0.0,-1.5707964,0.0
1970-01-01 00:00:00.130037278,0.130037278,0.0,0.0,155.59326,0.0,0.0,0.0,0.0,0.0,-1.5707964,0.0
1970-01-01 00:00:00.130043328,0.130043328,0.0,0.0,4065.5356,0.0,0.0,0.0,0.0,0.0,-1.5707964,0.0
1970-01-01 00:00:00.130220990,0.13022099,0.0,0.0,498.80768,0.0,0.0,0.0,0.0,0.0,-1.5707964,0.0
1970-01-01 00:00:00.130230533,0.130230533,0.0,0.0,729.18964,0.0,0.0,0.0,0.0,0.0,-1.5707964,0.0
1970-01-01 00:00:00.130251813,0.130251813,0.0,0.0,0.0,0.0,90.43006,0.0,0.0,0.0,-1.5707964,0.0
1970-01-01 00:00:00.130380648,0.130380649,0.0,0.0,171.35283,0.0,0.0,0.0,0.0,0.0,-1.5707964,0.0
1970-01-01 00:00:00.130383560,0.13038356,0.0,0.0,0.0,0.0,0.0,251.10098,0.0,0.0,-1.5707964,0.0
1970-01-01 00:00:00.130387487,0.130387487,0.0,0.0,83.13503,0.0,0.0,0.0,0.0,0.0,-1.5707964,0.0
1970-01-01 00:00:00.130393847,0.130393847,0.0,0.0,218.56194,0.0,0.0,0.0,0.0,0.0,-1.5707964,0.0
1970-01-01 00:00:00.130430334,0.130430334,0.0,0.0,99.24333,0.0,0.0,0.0,0.0,0.0,-1.5707964,0.0
1970-01-01 00:00:00.130489990,0.13048999,0.0,0.0,0.0,0.0,1987.1222,0.0,0.0,0.0,-1.5707964,0.0
1970-01-01 00:00:00.130494289,0.130494289,0.0,0.0,0.0,0.0,0.0,451.126,0.0,0.0,-1.5707964,0.0
1970-01-01 00:00:00.130510563,0.130510563,0.0,0.0,134.29636,0.0,0.0,0.0,0.0,0.0,-1.5707964,0.0
1970-01-01 00:00:00.130524341,0.130524342,0.0,0.0,410.5625,0.0,0.0,0.0,0.0,0.0,-1.5707964,0.0
1970-01-01 00:00:00.130529025,0.130529026,0.0,0.0,0.0,458.41397,0.0,0.0,0.0,0.0,-1.5707964,0.0
1970-01-01 00:00:00.130570529,0.13057053,0.0,0.0,117.40926,0.0,0.0,0.0,0.0,0.0,-1.5707964,0.0
1970-01-01 00:00:00.130570529,0.13057053,0.0,0.0,0.0,0.0,0.0,665.9875,0.0,0.0,-1.5707964,0.0
1970-01-01 00:00:00.130605806,0.130605807,0.0,0.0,281.10995,0.0,0.0,0.0,0.0,0.0,-1.5707964,0.0
1970-01-01 00:00:00.130649110,0.13064911,0.0,0.0,0.0,165.67108,0.0,0.0,0.0,0.0,-1.5707964,0.0
1970-01-01 00:00:00.130721839,0.130721839,0.0,0.0,128.33356,0.0,0.0,0.0,0.0,0.0,-1.5707964,0.0
1970-01-01 00:00:00.130723034,0.130723035,126.3899,0.0,0.0,0.0,0.0,0.0,0.0,0.0,-1.5707964,0.0
1970-01-01 00:00:00.130876047,0.130876047,0.0,0.0,368.75433,0.0,0.0,0.0,0.0,0.0,-1.5707964,0.0
1970-01-01 00:00:00.130923953,0.130923953,0.0,0.0,361.22928,0.0,0.0,0.0,0.0,0.0,-1.5707964,0.0
1970-01-01 00:00:00.130952747,0.130952747,152.83113,0.0,0.0,0.0,0.0,0.0,0.0,0.0,-1.5707964,0.0
1970-01-01 00:00:00.130983744,0.130983744,0.0,0.0,283.49915,0.0,0.0,0.0,0.0,0.0,-1.5707964,0.0
1970-01-01 00:00:00.131001182,0.131001182,0.0,0.0,157.9259,0.0,0.0,0.0,0.0,0.0,-1.5707964,0.0
1970-01-01 00:00:00.131012822,0.131012822,107.51346,0.0,0.0,0.0,0.0,0.0,0.0,0.0,-1.5707964,0.0
1970-01-01 00:00:00.131071046,0.131071046,0.0,0.0,332.59543,0.0,0.0,0.0,0.0,0.0,-1.5707964,0.0
1970-01-01 00:00:00.131074873,0.131074873,0.0,0.0,210.24739,0.0,0.0,0.0,0.0,0.0,-1.5707964,0.0
1970-01-01 00:00:00.131075834,0.131075834,0.0,0.0,0.0,0.0,0.0,3487.524,0.0,0.0,-1.5707964,0.0
1970-01-01 00:00:00.131079638,0.131079638,0.0,0.0,187.12941,0.0,0.0,0.0,0.0,0.0,-1.5707964,0.0
1970-01-01 00:00:00.131081882,0.131081882,0.0,0.0,342.05273,0.0,0.0,0.0,0.0,0.0,-1.5707964,0.0
1970-01-01 00:00:00.131163932,0.131163932,0.0,0.0,0.0,0.0,0.0,348.57904,0.0,0.0,-1.5707964,0.0
1970-01-01 00:00:00.131283543,0.131283543,0.0,0.0,487.67368,0.0,0.0,0.0,0.0,0.0,-1.5707964,0.0
1970-01-01 00:00:00.131296347,0.131296347,0.0,0.0,0.0,0.0,0.0,151.12877,0.0,0.0,-1.5707964,0.0
1970-01-01 00:00:00.131335752,0.131335752,0.0,0.0,101.37441,0.0,0.0,0.0,0.0,0.0,-1.5707964,0.0
1970-01-01 00:00:00.131338454,0.131338454,0.0,0.0,0.0,0.0,221.94844,0.0,0.0,0.0,-1.5707964,0.0
1970-01-01 00:00:00.131389336,0.131389336,0.0,0.0,0.0,0.0,294.03766,0.0,0.0,0.0,-1.5707964,0.0
1970-01-01 00:00:00.131409168,0.131409169,229.40213,0.0,0.0,0.0,0.0,0.0,0.0,0.0,-1.5707964,0.0
1970-01-01 00:00:00.131506249,0.13150625,0.0,0.0,0.0,0.0,268.94052,0.0,0.0,0.0,-1.5707964,0.0
1970-01-01 00:00:00.131576094,0.131576094,0.0,0.0,96.440315,0.0,0.0,0.0,0.0,0.0,-1.5707964,0.0
1970-01-01 00:00:00.131607977,0.131607978,0.0,0.0,0.0,0.0,0.0,1337.9004,0.0,0.0,-1.5707964,0.0
1970-01-01 00:00:00.131663726,0.131663726,0.0,0.0,554.3332,0.0,0.0,0.0,0.0,0.0,-1.5707964,0.0
1970-01-01 00:00:00.131765377,0.131765378,0.0,0.0,2187.165,0.0,0.0,0.0,0.0,0.0,-1.5707964,0.0
1970-01-01 00:00:00.131812857,0.131812857,0.0,0.0,0.0,177.7956,0.0,0.0,0.0,0.0,-1.5707964,0.0
1970-01-01 00:00:00.131814590,0.13181459,0.0,0.0,1525.8705,0.0,0.0,0.0,0.0,0.0,-1.5707964,0.0
1970-01-01 00:00:00.131831902,0.131831902,0.0,0.0,533.13745,0.0,0.0,0.0,0.0,0.0,-1.5707964,0.0
1970-01-01 00:00:00.131842250,0.13184225,0.0,0.0,0.0,2605.776,0.0,0.0,0.0,0.0,-1.5707964,0.0
1970-01-01 00:00:00.131856998,0.131856998,0.0,0.0,0.0,0.0,0.0,562.9269,0.0,0.0,-1.5707964,0.0
1970-01-01 00:00:00.131858743,0.131858743,0.0,0.0,355.5664,0.0,0.0,0.0,0.0,0.0,-1.5707964,0.0
1970-01-01 00:00:00.131908782,0.131908782,0.0,0.0,190.11714,0.0,0.0,0.0,0.0,0.0,-1.5707964,0.0
1970-01-01 00:00:00.132015271,0.132015272,0.0,0.0,221.40994,0.0,0.0,0.0,0.0,0.0,-1.5707964,0.0
1970-01-01 00:00:00.132323168,0.132323169,0.0,0.0,392.96463,0.0,0.0,0.0,0.0,0.0,-1.5707964,0.0
1970-01-01 00:00:00.132334029,0.13233403,0.0,0.0,279.5713,0.0,0.0,0.0,0.0,0.0,-1.5707964,0.0
1970-01-01 00:00:00.132421545,0.132421545,0.0,0.0,0.0,0.0,0.0,82.032936,0.0,0.0,-1.5707964,0.0
1970-01-01 00:00:00.132442904,0.132442904,0.0,0.0,540.68176,0.0,0.0,0.0,0.0,0.0,-1.5707964,0.0
1970-01-01 00:00:00.132443432,0.132443432,0.0,0.0,102.711914,0.0,0.0,0.0,0.0,0.0,-1.5707964,0.0
1970-01-01 00:00:00.132496785,0.132496785,0.0,0.0,0.0,164.56697,0.0,0.0,0.0,0.0,-1.5707964,0.0
1970-01-01 00:00:00.132582993,0.132582993,0.0,0.0,383.6288,0.0,0.0,0.0,0.0,0.0,-1.5707964,0.0
1970-01-01 00:00:00.132584007,0.132584007,0.0,0.0,0.0,0.0,0.0,463.99063,0.0,0.0,-1.5707964,0.0
1970-01-01 00:00:00.132616043,0.132616044,0.0,0.0,170.34448,0.0,0.0,0.0,0.0,0.0,-1.5707964,0.0
1970-01-01 00:00:00.132637904,0.132637904,0.0,0.0,439.8003,0.0,0.0,0.0,0.0,0.0,-1.5707964,0.0
1970-01-01 00:00:00.132792074,0.132792074,792.49725,0.0,0.0,0.0,0.0,0.0,0.0,0.0,-1.5707964,0.0
1970-01-01 00:00:00.132833444,0.132833444,0.0,0.0,105.11489,0.0,0.0,0.0,0.0,0.0,-1.5707964,0.0
1970-01-01 00:00:00.132841357,0.132841357,99.84199,0.0,0.0,0.0,0.0,0.0,0.0,0.0,-1.5707964,0.0
1970-01-01 00:00:00.132862598,0.132862598,0.0,94.21604,0.0,0.0,0.0,0.0,0.0,0.0,-1.5707964,0.0
1970-01-01 00:00:00.132870835,0.132870835,0.0,0.0,0.0,242.11673,0.0,0.0,0.0,0.0,-1.5707964,0.0
1970-01-01 00:00:00.132882690,0.13288269,0.0,0.0,605.77734,0.0,0.0,0.0,0.0,0.0,-1.5707964,0.0
1970-01-01 00:00:00.132890016,0.132890016,0.0,0.0,440.68884,0.0,0.0,0.0,0.0,0.0,-1.5707964,0.0
1970-01-01 00:00:00.132944719,0.13294472,0.0,0.0,283.54745,0.0,0.0,0.0,0.0,0.0,-1.5707964,0.0
1970-01-01 00:00:00.132948895,0.132948895,0.0,0.0,169.18814,0.0,0.0,0.0,0.0,0.0,-1.5707964,0.0
1970-01-01 00:00:00.133074906,0.133074906,0.0,0.0,482.98477,0.0,0.0,0.0,0.0,0.0,-1.5707964,0.0
1970-01-01 00:00:00.133085322,0.133085322,0.0,0.0,0.0,0.0,0.0,102.76824,0.0,0.0,-1.5707964,0.0
1970-01-01 00:00:00.133137957,0.133137957,0.0,0.0,138.18489,0.0,0.0,0.0,0.0,0.0,-1.5707964,0.0
1970-01-01 00:00:00.133146813,0.133146813,0.0,0.0,490.7981,0.0,0.0,0.0,0.0,0.0,-1.5707964,0.0
1970-01-01 00:00:00.133253619,0.13325362,0.0,0.0,0.0,0.0,457.83224,0.0,0.0,0.0,-1.5707964,0.0
1970-01-01 00:00:00.133324256,0.133324256,0.0,0.0,0.0,0.0,0.0,190.38052,0.0,0.0,-1.5707964,0.0
1970-01-01 00:00:00.133346717,0.133346717,0.0,0.0,242.63385,0.0,0.0,0.0,0.0,0.0,-1.5707964,0.0
1970-01-01 00:00:00.133489618,0.133489618,0.0,0.0,236.16077,0.0,0.0,0.0,0.0,0.0,-1.5707964,0.0
1970-01-01 00:00:00.133579935,0.133579935,0.0,0.0,376.0257,0.0,0.0,0.0,0.0,0.0,-1.5707964,0.0
1970-01-01 00:00:00.133581269,0.133581269,0.0,0.0,0.0,0.0,0.0,693.6541,0.0,0.0,-1.5707964,0.0
1970-01-01 00:00:00.133621209,0.13362121,0.0,0.0,537.67755,0.0,0.0,0.0,0.0,0.0,-1.5707964,0.0
1970-01-01 00:00:00.133675825,0.133675825,0.0,0.0,0.0,0.0,0.0,222.5782,0.0,0.0,-1.5707964,0.0
1970-01-01 00:00:00.133686615,0.133686615,0.0,0.0,243.83838,0.0,0.0,0.0,0.0,0.0,-1.5707964,0.0
1970-01-01 00:00:00.133722686,0.133722686,0.0,0.0,0.0,148.735,0.0,0.0,0.0,0.0,-1.5707964,0.0
1970-01-01 00:00:00.133772057,0.133772057,0.0,0.0,0.0,0.0,208.52304,0.0,0.0,0.0,-1.5707964,0.0
1970-01-01 00:00:00.133805830,0.133805831,103.11278,0.0,0.0,0.0,0.0,0.0,0.0,0.0,-1.5707964,0.0
1970-01-01 00:00:00.133815043,0.133815043,0.0,0.0,1182.3368,0.0,0.0,0.0,0.0,0.0,-1.5707964,0.0
1970-01-01 00:00:00.133840147,0.133840147,0.0,0.0,0.0,0.0,135.87262,0.0,0.0,0.0,-1.5707964,0.0
1970-01-01 00:00:00.133854840,0.13385484,0.0,0.0,158.3167,0.0,0.0,0.0,0.0,0.0,-1.5707964,0.0
1970-01-01 00:00:00.133903326,0.133903327,0.0,0.0,253.1993,0.0,0.0,0.0,0.0,0.0,-1.5707964,0.0
1970-01-01 00:00:00.133960790,0.13396079,0.0,0.0,388.0004,0.0,0.0,0.0,0.0,0.0,-1.5707964,0.0
1970-01-01 00:00:00.133969418,0.133969418,0.0,0.0,239.079,0.0,0.0,0.0,0.0,0.0,-1.5707964,0.0
1970-01-01 00:00:00.134093356,0.134093356,0.0,0.0,742.6261,0.0,0.0,0.0,0.0,0.0,-1.5707964,0.0
1970-01-01 00:00:00.134122670,0.13412267,0.0,0.0,382.45224,0.0,0.0,0.0,0.0,0.0,-1.5707964,0.0
1970-01-01 00:00:00.134207050,0.13420705,0.0,0.0,597.17914,0.0,0.0,0.0,0.0,0.0,-1.5707964,0.0
1970-01-01 00:00:00.134491507,0.134491507,0.0,0.0,0.0,568.5658,0.0,0.0,0.0,0.0,-1.5707964,0.0
1970-01-01 00:00:00.134507918,0.134507918,718.9819,0.0,0.0,0.0,0.0,0.0,0.0,0.0,-1.5707964,0.0
1970-01-01 00:00:00.134507918,0.134507918,0.0,0.0,0.0,0.0,0.0,154.70323,0.0,0.0,-1.5707964,0.0
1970-01-01 00:00:00.134534476,0.134534476,0.0,0.0,91.546646,0.0,0.0,0.0,0.0,0.0,-1.5707964,0.0
1970-01-01 00:00:00.134562608,0.134562608,0.0,0.0,469.36105,0.0,0.0,0.0,0.0,0.0,-1.5707964,0.0
1970-01-01 00:00:00.134625140,0.13462514,0.0,0.0,0.0,306.1968,0.0,0.0,0.0,0.0,-1.5707964,0.0
1970-01-01 00:00:00.134649929,0.134649929,589.323,0.0,0.0,0.0,0.0,0.0,0.0,0.0,-1.5707964,0.0
1970-01-01 00:00:00.134660079,0.134660079,0.0,0.0,247.84096,0.0,0.0,0.0,0.0,0.0,-1.5707964,0.0
1970-01-01 00:00:00.134689678,0.134689678,0.0,0.0,672.166,0.0,0.0,0.0,0.0,0.0,-1.5707964,0.0
1970-01-01 00:00:00.134883589,0.134883589,0.0,0.0,0.0,0.0,0.0,128.42435,0.0,0.0,-1.5707964,0.0
1970-01-01 00:00:00.134907231,0.134907231,144.36226,0.0,0.0,0.0,0.0,0.0,0.0,0.0,-1.5707964,0.0
1970-01-01 00:00:00.134916109,0.134916109,0.0,0.0,1471.9102,0.0,0.0,0.0,0.0,0.0,-1.5707964,0.0
1970-01-01 00:00:00.134958908,0.134958908,0.0,121.804474,0.0,0.0,0.0,0.0,0.0,0.0,-1.5707964,0.0
1970-01-01 00:00:00.134987991,0.134987991,0.0,0.0,0.0,0.0,2170.6643,0.0,0.0,0.0,-1.5707964,0.0
1970-01-01 00:00:00.135036518,0.135036518,921.7344,0.0,0.0,0.0,0.0,0.0,0.0,0.0,-1.5707964,0.0
1970-01-01 00:00:00.135036695,0.135036695,0.0,0.0,672.8583,0.0,0.0,0.0,0.0,0.0,-1.5707964,0.0
1970-01-01 00:00:00.135050437,0.135050437,0.0,0.0,600.4084,0.0,0.0,0.0,0.0,0.0,-1.5707964,0.0
1970-01-01 00:00:00.135142977,0.135142977,0.0,0.0,112.877625,0.0,0.0,0.0,0.0,0.0,-1.5707964,0.0
1970-01-01 00:00:00.135147425,0.135147425,0.0,0.0,235.74016,0.0,0.0,0.0,0.0,0.0,-1.5707964,0.0
1970-01-01 00:00:00.135202479,0.135202479,0.0,0.0,0.0,341.24753,0.0,0.0,0.0,0.0,-1.5707964,0.0
1970-01-01 00:00:00.135230769,0.135230769,1062.5773,0.0,0.0,0.0,0.0,0.0,0.0,0.0,-1.5707964,0.0
1970-01-01 00:00:00.135258956,0.135258956,80.116585,0.0,0.0,0.0,0.0,0.0,0.0,0.0,-1.5707964,0.0
1970-01-01 00:00:00.135290080,0.13529008,0.0,0.0,268.3481,0.0,0.0,0.0,0.0,0.0,-1.5707964,0.0
1970-01-01 00:00:00.135291374,0.135291374,0.0,0.0,297.42828,0.0,0.0,0.0,0.0,0.0,-1.5707964,0.0
1970-01-01 00:00:00.135437331,0.135437331,0.0,0.0,353.7334,0.0,0.0,0.0,0.0,0.0,-1.5707964,0.0
1970-01-01 00:00:00.135551628,0.135551628,0.0,0.0,313.4872,0.0,0.0,0.0,0.0,0.0,-1.5707964,0.0
1970-01-01 00:00:00.135564344,0.135564344,0.0,0.0,1663.3258,0.0,0.0,0.0,0.0,0.0,-1.5707964,0.0
1970-01-01 00:00:00.135566831,0.135566831,0.0,0.0,0.0,0.0,508.34485,0.0,0.0,0.0,-1.5707964,0.0
1970-01-01 00:00:00.135566831,0.135566831,0.0,0.0,0.0,0.0,0.0,497.92096,0.0,0.0,-1.5707964,0.0
1970-01-01 00:00:00.135579871,0.135579871,0.0,0.0,0.0,0.0,182.03938,0.0,0.0,0.0,-1.5707964,0.0
1970-01-01 00:00:00.135586763,0.135586763,237.50581,0.0,0.0,0.0,0.0,0.0,0.0,0.0,-1.5707964,0.0
1970-01-01 00:00:00.135605552,0.135605552,0.0,0.0,95.49747,0.0,0.0,0.0,0.0,0.0,-1.5707964,0.0
1970-01-01 00:00:00.135646737,0.135646737,0.0,0.0,131.59972,0.0,0.0,0.0,0.0,0.0,-1.5707964,0.0
1970-01-01 00:00:00.135675455,0.135675455,0.0,0.0,307.56738,0.0,0.0,0.0,0.0,0.0,-1.5707964,0.0
1970-01-01 00:00:00.135705457,0.135705457,0.0,0.0,0.0,0.0,103.992966,0.0,0.0,0.0,-1.5707964,0.0
1970-01-01 00:00:00.135752078,0.135752078,0.0,0.0,0.0,0.0,460.01956,0.0,0.0,0.0,-1.5707964,0.0
1970-01-01 00:00:00.135762423,0.135762423,97.12487,0.0,0.0,0.0,0.0,0.0,0.0,0.0,-1.5707964,0.0
1970-01-01 00:00:00.135774228,0.135774228,0.0,287.1805,0.0,0.0,0.0,0.0,0.0,0.0,-1.5707964,0.0
1970-01-01 00:00:00.135857809,0.135857809,0.0,0.0,88.42144,0.0,0.0,0.0,0.0,0.0,-1.5707964,0.0
1970-01-01 00:00:00.135944238,0.135944238,0.0,0.0,300.29233,0.0,0.0,0.0,0.0,0.0,-1.5707964,0.0
1970-01-01 00:00:00.135970840,0.13597084,0.0,0.0,470.7384,0.0,0.0,0.0,0.0,0.0,-1.5707964,0.0
1970-01-01 00:00:00.136042481,0.136042481,0.0,0.0,1278.79,0.0,0.0,0.0,0.0,0.0,-1.5707964,0.0
1970-01-01 00:00:00.136102422,0.136102422,0.0,0.0,256.89844,0.0,0.0,0.0,0.0,0.0,-1.5707964,0.0
1970-01-01 00:00:00.136141839,0.136141839,0.0,0.0,241.67201,0.0,0.0,0.0,0.0,0.0,-1.5707964,0.0
1970-01-01 00:00:00.136159494,0.136159494,890.93024,0.0,0.0,0.0,0.0,0.0,0.0,0.0,-1.5707964,0.0
1970-01-01 00:00:00.136202978,0.136202978,0.0,0.0,0.0,262.6002,0.0,0.0,0.0,0.0,-1.5707964,0.0
1970-01-01 00:00:00.136376802,0.136376802,0.0,0.0,1063.2549,0.0,0.0,0.0,0.0,0.0,-1.5707964,0.0
1970-01-01 00:00:00.136459224,0.136459224,0.0,0.0,0.0,0.0,165.0409,0.0,0.0,0.0,-1.5707964,0.0
1970-01-01 00:00:00.136478340,0.13647834,0.0,0.0,207.88026,0.0,0.0,0.0,0.0,0.0,-1.5707964,0.0
1970-01-01 00:00:00.136508430,0.13650843,0.0,0.0,618.07605,0.0,0.0,0.0,0.0,0.0,-1.5707964,0.0
1970-01-01 00:00:00.136549356,0.136549356,0.0,0.0,364.48843,0.0,0.0,0.0,0.0,0.0,-1.5707964,0.0
1970-01-01 00:00:00.136559055,0.136559055,86.017586,0.0,0.0,0.0,0.0,0.0,0.0,0.0,-1.5707964,0.0
1970-01-01 00:00:00.136635015,0.136635015,0.0,0.0,0.0,549.81726,0.0,0.0,0.0,0.0,-1.5707964,0.0
1970-01-01 00:00:00.136635903,0.136635903,0.0,0.0,91.75312,0.0,0.0,0.0,0.0,0.0,-1.5707964,0.0
1970-01-01 00:00:00.136645210,0.13664521,0.0,0.0,0.0,0.0,0.0,186.68106,0.0,0.0,-1.5707964,0.0
1970-01-01 00:00:00.136681683,0.136681683,0.0,0.0,0.0,0.0,315.94272,0.0,0.0,0.0,-1.5707964,0.0
1970-01-01 00:00:00.136696908,0.136696908,0.0,0.0,122.15431,0.0,0.0,0.0,0.0,0.0,-1.5707964,0.0
1970-01-01 00:00:00.136708965,0.136708965,0.0,0.0,0.0,0.0,0.0,149.6027,0.0,0.0,-1.5707964,0.0
1970-01-01 00:00:00.136720410,0.13672041,0.0,0.0,0.0,0.0,579.32166,0.0,0.0,0.0,-1.5707964,0.0
1970-01-01 00:00:00.136746276,0.136746276,0.0,0.0,0.0,277.08957,0.0,0.0,0.0,0.0,-1.5707964,0.0
1970-01-01 00:00:00.136796621,0.136796621,0.0,0.0,545.48413,0.0,0.0,0.0,0.0,0.0,-1.5707964,0.0
1970-01-01 00:00:00.136810796,0.136810796,0.0,0.0,103.47829,0.0,0.0,0.0,0.0,0.0,-1.5707964,0.0
1970-01-01 00:00:00.136884784,0.136884784,0.0,0.0,104.29172,0.0,0.0,0.0,0.0,0.0,-1.5707964,0.0
1970-01-01 00:00:00.136895194,0.136895194,0.0,0.0,0.0,0.0,0.0,115.37761,0.0,0.0,-1.5707964,0.0
1970-01-01 00:00:00.136897773,0.136897773,0.0,0.0,0.0,0.0,181.78152,0.0,0.0,0.0,-1.5707964,0.0
1970-01-01 00:00:00.136936601,0.136936601,561.2406,0.0,0.0,0.0,0.0,0.0,0.0,0.0,-1.5707964,0.0
1970-01-01 00:00:00.136960887,0.136960887,0.0,0.0,0.0,0.0,460.39865,0.0,0.0,0.0,-1.5707964,0.0
1970-01-01 00:00:00.137015158,0.137015158,405.87717,0.0,0.0,0.0,0.0,0.0,0.0,0.0,-1.5707964,0.0
1970-01-01 00:00:00.137028806,0.137028806,0.0,0.0,0.0,0.0,169.34367,0.0,0.0,0.0,-1.5707964,0.0
1970-01-01 00:00:00.137130030,0.13713003,0.0,0.0,1219.1106,0.0,0.0,0.0,0.0,0.0,-1.5707964,0.0
1970-01-01 00:00:00.137131972,0.137131972,0.0,0.0,0.0,0.0,0.0,146.46645,0.0,0.0,-1.5707964,0.0
1970-01-01 00:00:00.137160077,0.137160077,0.0,0.0,398.2852,0.0,0.0,0.0,0.0,0.0,-1.5707964,0.0
1970-01-01 00:00:00.137162044,0.137162044,0.0,0.0,180.62775,0.0,0.0,0.0,0.0,0.0,-1.5707964,0.0
1970-01-01 00:00:00.137179071,0.137179071,0.0,0.0,355.37485,0.0,0.0,0.0,0.0,0.0,-1.5707964,0.0
1970-01-01 00:00:00.137221980,0.13722198,0.0,0.0,352.50485,0.0,0.0,0.0,0.0,0.0,-1.5707964,0.0
1970-01-01 00:00:00.137261120,0.13726112,0.0,143.6103,0.0,0.0,0.0,0.0,0.0,0.0,-1.5707964,0.0
1970-01-01 00:00:00.137269674,0.137269674,0.0,0.0,464.15625,0.0,0.0,0.0,0.0,0.0,-1.5707964,0.0
1970-01-01 00:00:00.137294385,0.137294385,0.0,0.0,397.96686,0.0,0.0,0.0,0.0,0.0,-1.5707964,0.0
1970-01-01 00:00:00.137317406,0.137317406,0.0,0.0,374.44092,0.0,0.0,0.0,0.0,0.0,-1.5707964,0.0
1970-01-01 00:00:00.137382950,0.13738295,0.0,0.0,142.55821,0.0,0.0,0.0,0.0,0.0,-1.5707964,0.0
1970-01-01 00:00:00.137390631,0.137390631,0.0,0.0,506.0514,0.0,0.0,0.0,0.0,0.0,-1.5707964,0.0
1970-01-01 00:00:00.137402614,0.137402614,1005.0824,0.0,0.0,0.0,0.0,0.0,0.0,0.0,-1.5707964,0.0
1970-01-01 00:00:00.137562884,0.137562884,0.0,0.0,392.01273,0.0,0.0,0.0,0.0,0.0,-1.5707964,0.0
1970-01-01 00:00:00.137568342,0.137568342,0.0,0.0,278.28363,0.0,0.0,0.0,0.0,0.0,-1.5707964,0.0
1970-01-01 00:00:00.137580968,0.137580968,334.77863,0.0,0.0,0.0,0.0,0.0,0.0,0.0,-1.5707964,0.0
1970-01-01 00:00:00.137611760,0.13761176,0.0,0.0,2753.161,0.0,0.0,0.0,0.0,0.0,-1.5707964,0.0
1970-01-01 00:00:00.137625044,0.137625044,0.0,0.0,162.75983,0.0,0.0,0.0,0.0,0.0,-1.5707964,0.0
1970-01-01 00:00:00.137636386,0.137636386,0.0,0.0,0.0,0.0,0.0,926.89246,0.0,0.0,-1.5707964,0.0
1970-01-01 00:00:00.137639902,0.137639902,0.0,0.0,898.052,0.0,0.0,0.0,0.0,0.0,-1.5707964,0.0
1970-01-01 00:00:00.137685369,0.137685369,305.65494,0.0,0.0,0.0,0.0,0.0,0.0,0.0,-1.5707964,0.0
1970-01-01 00:00:00.137688784,0.137688784,0.0,0.0,131.9214,0.0,0.0,0.0,0.0,0.0,-1.5707964,0.0
1970-01-01 00:00:00.137702204,0.137702204,0.0,0.0,0.0,0.0,0.0,812.3118,0.0,0.0,-1.5707964,0.0
1970-01-01 00:00:00.137702204,0.137702204,0.0,0.0,0.0,0.0,0.0,173.78348,0.0,0.0,-1.5707964,0.0
1970-01-01 00:00:00.137723751,0.137723751,0.0,0.0,558.36975,0.0,0.0,0.0,0.0,0.0,-1.5707964,0.0
1970-01-01 00:00:00.137746974,0.137746974,0.0,0.0,502.33527,0.0,0.0,0.0,0.0,0.0,-1.5707964,0.0
1970-01-01 00:00:00.137751942,0.137751942,0.0,0.0,0.0,0.0,0.0,167.14792,0.0,0.0,-1.5707964,0.0
1970-01-01 00:00:00.137753335,0.137753335,0.0,0.0,269.13696,0.0,0.0,0.0,0.0,0.0,-1.5707964,0.0
1970-01-01 00:00:00.137763329,0.137763329,0.0,0.0,648.1332,0.0,0.0,0.0,0.0,0.0,-1.5707964,0.0
1970-01-01 00:00:00.137772635,0.137772635,0.0,0.0,0.0,0.0,0.0,527.044,0.0,0.0,-1.5707964,0.0
1970-01-01 00:00:00.137813730,0.13781373,0.0,0.0,0.0,0.0,0.0,95.17586,0.0,0.0,-1.5707964,0.0
1970-01-01 00:00:00.137846045,0.137846045,0.0,0.0,209.06082,0.0,0.0,0.0,0.0,0.0,-1.5707964,0.0
1970-01-01 00:00:00.137883883,0.137883883,0.0,0.0,436.59796,0.0,0.0,0.0,0.0,0.0,-1.5707964,0.0
1970-01-01 00:00:00.137899018,0.137899018,0.0,161.15797,0.0,0.0,0.0,0.0,0.0,0.0,-1.5707964,0.0
1970-01-01 00:00:00.137960343,0.137960343,0.0,0.0,377.09717,0.0,0.0,0.0,0.0,0.0,-1.5707964,0.0
1970-01-01 00:00:00.137960343,0.137960343,0.0,0.0,0.0,0.0,0.0,730.4563,0.0,0.0,-1.5707964,0.0
1970-01-01 00:00:00.138067558,0.138067558,0.0,0.0,82.8209,0.0,0.0,0.0,0.0,0.0,-1.5707964,0.0
1970-01-01 00:00:00.138101377,0.138101377,0.0,0.0,159.38551,0.0,0.0,0.0,0.0,0.0,-1.5707964,0.0
1970-01-01 00:00:00.138115444,0.138115444,0.0,0.0,151.0927,0.0,0.0,0.0,0.0,0.0,-1.5707964,0.0
1970-01-01 00:00:00.138117368,0.138117368,0.0,0.0,0.0,0.0,94.62332,0.0,0.0,0.0,-1.5707964,0.0
1970-01-01 00:00:00.138148057,0.138148057,298.80493,0.0,0.0,0.0,0.0,0.0,0.0,0.0,-1.5707964,0.0
1970-01-01 00:00:00.138217082,0.138217082,0.0,0.0,0.0,0.0,1743.2004,0.0,0.0,0.0,-1.5707964,0.0
1970-01-01 00:00:00.138228039,0.138228039,250.76834,0.0,0.0,0.0,0.0,0.0,0.0,0.0,-1.5707964,0.0
1970-01-01 00:00:00.138266366,0.138266366,281.35574,0.0,0.0,0.0,0.0,0.0,0.0,0.0,-1.5707964,0.0
1970-01-01 00:00:00.138267756,0.138267756,0.0,0.0,582.7254,0.0,0.0,0.0,0.0,0.0,-1.5707964,0.0
1970-01-01 00:00:00.138302588,0.138302588,0.0,0.0,937.83826,0.0,0.0,0.0,0.0,0.0,-1.5707964,0.0
1970-01-01 00:00:00.138322502,0.138322502,0.0,0.0,1083.7253,0.0,0.0,0.0,0.0,0.0,-1.5707964,0.0
1970-01-01 00:00:00.138329926,0.138329926,358.0445,0.0,0.0,0.0,0.0,0.0,0.0,0.0,-1.5707964,0.0
1970-01-01 00:00:00.138414588,0.138414588,0.0,0.0,306.37494,0.0,0.0,0.0,0.0,0.0,-1.5707964,0.0
1970-01-01 00:00:00.138427579,0.138427579,0.0,0.0,440.7999,0.0,0.0,0.0,0.0,0.0,-1.5707964,0.0
1970-01-01 00:00:00.138429287,0.138429287,0.0,0.0,136.58003,0.0,0.0,0.0,0.0,0.0,-1.5707964,0.0
1970-01-01 00:00:00.138431626,0.138431626,0.0,562.32153,0.0,0.0,0.0,0.0,0.0,0.0,-1.5707964,0.0
1970-01-01 00:00:00.138439068,0.138439068,0.0,0.0,335.89655,0.0,0.0,0.0,0.0,0.0,-1.5707964,0.0
1970-01-01 00:00:00.138466172,0.138466172,0.0,0.0,0.0,875.9017,0.0,0.0,0.0,0.0,-1.5707964,0.0
1970-01-01 00:00:00.138467210,0.13846721,0.0,0.0,701.7815,0.0,0.0,0.0,0.0,0.0,-1.5707964,0.0
1970-01-01 00:00:00.138523504,0.138523504,0.0,0.0,941.2072,0.0,0.0,0.0,0.0,0.0,-1.5707964,0.0
1970-01-01 00:00:00.138529458,0.138529458,0.0,0.0,905.6156,0.0,0.0,0.0,0.0,0.0,-1.5707964,0.0
1970-01-01 00:00:00.138594884,0.138594884,0.0,0.0,0.0,0.0,0.0,182.19771,0.0,0.0,-1.5707964,0.0
1970-01-01 00:00:00.138608415,0.138608415,0.0,0.0,0.0,0.0,310.228,0.0,0.0,0.0,-1.5707964,0.0
1970-01-01 00:00:00.138615743,0.138615743,140.04848,0.0,0.0,0.0,0.0,0.0,0.0,0.0,-1.5707964,0.0
1970-01-01 00:00:00.138660486,0.138660486,0.0,0.0,168.25908,0.0,0.0,0.0,0.0,0.0,-1.5707964,0.0
1970-01-01 00:00:00.138666298,0.138666298,0.0,0.0,174.60318,0.0,0.0,0.0,0.0,0.0,-1.5707964,0.0
1970-01-01 00:00:00.138694165,0.138694165,0.0,0.0,0.0,247.14522,0.0,0.0,0.0,0.0,-1.5707964,0.0
1970-01-01 00:00:00.138713829,0.138713829,0.0,0.0,133.5675,0.0,0.0,0.0,0.0,0.0,-1.5707964,0.0
1970-01-01 00:00:00.138718723,0.138718723,0.0,0.0,700.70374,0.0,0.0,0.0,0.0,0.0,-1.5707964,0.0
1970-01-01 00:00:00.138720593,0.138720593,0.0,0.0,257.2761,0.0,0.0,0.0,0.0,0.0,-1.5707964,0.0
1970-01-01 00:00:00.138731356,0.138731356,383.35062,0.0,0.0,0.0,0.0,0.0,0.0,0.0,-1.5707964,0.0
1970-01-01 00:00:00.138779679,0.138779679,0.0,0.0,549.3341,0.0,0.0,0.0,0.0,0.0,-1.5707964,0.0
1970-01-01 00:00:00.138855538,0.138855538,0.0,0.0,0.0,530.4855,0.0,0.0,0.0,0.0,-1.5707964,0.0
1970-01-01 00:00:00.138868747,0.138868747,0.0,0.0,0.0,230.12332,0.0,0.0,0.0,0.0,-1.5707964,0.0
1970-01-01 00:00:00.138912748,0.138912748,0.0,0.0,0.0,0.0,0.0,338.14102,0.0,0.0,-1.5707964,0.0
1970-01-01 00:00:00.138939880,0.13893988,0.0,0.0,715.49994,0.0,0.0,0.0,0.0,0.0,-1.5707964,0.0
1970-01-01 00:00:00.139004979,0.139004979,0.0,0.0,0.0,0.0,421.7323,0.0,0.0,0.0,-1.5707964,0.0
1970-01-01 00:00:00.139046355,0.139046355,0.0,0.0,0.0,0.0,0.0,235.07166,0.0,0.0,-1.5707964,0.0
1970-01-01 00:00:00.139053137,0.139053137,0.0,0.0,2732.385,0.0,0.0,0.0,0.0,0.0,-1.5707964,0.0
1970-01-01 00:00:00.139082912,0.139082912,0.0,0.0,0.0,2476.2551,0.0,0.0,0.0,0.0,-1.5707964,0.0
1970-01-01 00:00:00.139170453,0.139170453,0.0,0.0,861.2811,0.0,0.0,0.0,0.0,0.0,-1.5707964,0.0
1970-01-01 00:00:00.139170453,0.139170453,0.0,0.0,0.0,598.86475,0.0,0.0,0.0,0.0,-1.5707964,0.0
1970-01-01 00:00:00.139195555,0.139195555,0.0,0.0,744.20715,0.0,0.0,0.0,0.0,0.0,-1.5707964,0.0
1970-01-01 00:00:00.139233561,0.139233561,0.0,0.0,175.01662,0.0,0.0,0.0,0.0,0.0,-1.5707964,0.0
1970-01-01 00:00:00.139298344,0.139298344,0.0,0.0,923.82196,0.0,0.0,0.0,0.0,0.0,-1.5707964,0.0
1970-01-01 00:00:00.139336698,0.139336698,0.0,0.0,231.508,0.0,0.0,0.0,0.0,0.0,-1.5707964,0.0
1970-01-01 00:00:00.139492852,0.139492852,0.0,0.0,119.25869,0.0,0.0,0.0,0.0,0.0,-1.5707964,0.0
1970-01-01 00:00:00.139494227,0.139494227,0.0,0.0,566.787,0.0,0.0,0.0,0.0,0.0,-1.5707964,0.0
1970-01-01 00:00:00.139494227,0.139494227,0.0,0.0,0.0,0.0,1736.5322,0.0,0.0,0.0,-1.5707964,0.0
1970-01-01 00:00:00.139495919,0.139495919,0.0,0.0,140.70082,0.0,0.0,0.0,0.0,0.0,-1.5707964,0.0
1970-01-01 00:00:00.139523012,0.139523012,233.45096,0.0,0.0,0.0,0.0,0.0,0.0,0.0,-1.5707964,0.0
1970-01-01 00:00:00.139593491,0.139593491,118.13228,0.0,0.0,0.0,0.0,0.0,0.0,0.0,-1.5707964,0.0
1970-01-01 00:00:00.139596544,0.139596544,0.0,206.62271,0.0,0.0,0.0,0.0,0.0,0.0,-1.5707964,0.0
1970-01-01 00:00:00.139633740,0.13963374,0.0,0.0,385.68863,0.0,0.0,0.0,0.0,0.0,-1.5707964,0.0
1970-01-01 00:00:00.139697728,0.139697728,0.0,0.0,0.0,0.0,206.63377,0.0,0.0,0.0,-1.5707964,0.0
1970-01-01 00:00:00.139699572,0.139699572,0.0,0.0,0.0,668.59265,0.0,0.0,0.0,0.0,-1.5707964,0.0
1970-01-01 00:00:00.139700048,0.139700048,0.0,0.0,2573.5308,0.0,0.0,0.0,0.0,0.0,-1.5707964,0.0
1970-01-01 00:00:00.139726575,0.139726575,0.0,0.0,0.0,0.0,236.63512,0.0,0.0,0.0,-1.5707964,0.0
1970-01-01 00:00:00.139734943,0.139734943,0.0,192.80452,0.0,0.0,0.0,0.0,0.0,0.0,-1.5707964,0.0
1970-01-01 00:00:00.139737654,0.139737654,0.0,0.0,0.0,0.0,0.0,771.27527,0.0,0.0,-1.5707964,0.0
1970-01-01 00:00:00.139766649,0.139766649,0.0,0.0,339.9498,0.0,0.0,0.0,0.0,0.0,-1.5707964,0.0
1970-01-01 00:00:00.139784621,0.139784621,0.0,0.0,0.0,0.0,0.0,498.08148,0.0,0.0,-1.5707964,0.0
1970-01-01 00:00:00.139801496,0.139801496,0.0,0.0,124.8203,0.0,0.0,0.0,0.0,0.0,-1.5707964,0.0
1970-01-01 00:00:00.139808824,0.139808824,0.0,0.0,897.7911,0.0,0.0,0.0,0.0,0.0,-1.5707964,0.0
1970-01-01 00:00:00.139875548,0.139875548,175.01682,0.0,0.0,0.0,0.0,0.0,0.0,0.0,-1.5707964,0.0
1970-01-01 00:00:00.139968460,0.13996846,0.0,0.0,110.42108,0.0,0.0,0.0,0.0,0.0,-1.5707964,0.0
1970-01-01 00:00:00.139997490,0.13999749,0.0,0.0,287.3785,0.0,0.0,0.0,0.0,0.0,-1.5707964,0.0
1970-01-01 00:00:00.140004779,0.140004779,0.0,0.0,0.0,276.31458,0.0,0.0,0.0,0.0,-1.5707964,0.0
1970-01-01 00:00:00.140058242,0.140058242,0.0,0.0,143.6286,0.0,0.0,0.0,0.0,0.0,-1.5707964,0.0
1970-01-01 00:00:00.140065096,0.140065096,0.0,0.0,0.0,0.0,0.0,261.18417,0.0,0.0,-1.5707964,0.0
1970-01-01 00:00:00.140068592,0.140068592,313.76938,0.0,0.0,0.0,0.0,0.0,0.0,0.0,-1.5707964,0.0
1970-01-01 00:00:00.140086582,0.140086582,0.0,0.0,0.0,0.0,0.0,571.7972,0.0,0.0,-1.5707964,0.0
1970-01-01 00:00:00.140117486,0.140117486,0.0,0.0,601.86523,0.0,0.0,0.0,0.0,0.0,-1.5707964,0.0
1970-01-01 00:00:00.140121934,0.140121934,0.0,0.0,399.07166,0.0,0.0,0.0,0.0,0.0,-1.5707964,0.0
1970-01-01 00:00:00.140132480,0.14013248,0.0,0.0,1915.7051,0.0,0.0,0.0,0.0,0.0,-1.5707964,0.0
1970-01-01 00:00:00.140185909,0.140185909,0.0,0.0,888.20856,0.0,0.0,0.0,0.0,0.0,-1.5707964,0.0
1970-01-01 00:00:00.140213357,0.140213357,0.0,204.9176,0.0,0.0,0.0,0.0,0.0,0.0,-1.5707964,0.0
1970-01-01 00:00:00.140304876,0.140304876,0.0,0.0,581.4907,0.0,0.0,0.0,0.0,0.0,-1.5707964,0.0
1970-01-01 00:00:00.140308113,0.140308113,2120.3943,0.0,0.0,0.0,0.0,0.0,0.0,0.0,-1.5707964,0.0
1970-01-01 00:00:00.140324711,0.140324711,0.0,527.27356,0.0,0.0,0.0,0.0,0.0,0.0,-1.5707964,0.0
1970-01-01 00:00:00.140345506,0.140345506,0.0,0.0,130.5236,0.0,0.0,0.0,0.0,0.0,-1.5707964,0.0
1970-01-01 00:00:00.140367617,0.140367617,0.0,0.0,92.7924,0.0,0.0,0.0,0.0,0.0,-1.5707964,0.0
1970-01-01 00:00:00.140464154,0.140464154,0.0,80.807365,0.0,0.0,0.0,0.0,0.0,0.0,-1.5707964,0.0
1970-01-01 00:00:00.140507606,0.140507606,0.0,0.0,0.0,145.15356,0.0,0.0,0.0,0.0,-1.5707964,0.0
1970-01-01 00:00:00.140595764,0.140595764,0.0,0.0,170.70355,0.0,0.0,0.0,0.0,0.0,-1.5707964,0.0
1970-01-01 00:00:00.140612304,0.140612304,0.0,0.0,0.0,152.34612,0.0,0.0,0.0,0.0,-1.5707964,0.0
1970-01-01 00:00:00.140624008,0.140624008,0.0,0.0,163.50636,0.0,0.0,0.0,0.0,0.0,-1.5707964,0.0
1970-01-01 00:00:00.140624071,0.140624071,0.0,0.0,0.0,0.0,0.0,249.0328,0.0,0.0,-1.5707964,0.0
1970-01-01 00:00:00.140661154,0.140661154,0.0,0.0,615.02264,0.0,0.0,0.0,0.0,0.0,-1.5707964,0.0
1970-01-01 00:00:00.140662570,0.14066257,0.0,0.0,424.39688,0.0,0.0,0.0,0.0,0.0,-1.5707964,0.0
1970-01-01 00:00:00.140671662,0.140671662,0.0,0.0,637.8156,0.0,0.0,0.0,0.0,0.0,-1.5707964,0.0
1970-01-01 00:00:00.140681669,0.140681669,0.0,0.0,173.0566,0.0,0.0,0.0,0.0,0.0,-1.5707964,0.0
1970-01-01 00:00:00.140694529,0.140694529,0.0,0.0,351.46152,0.0,0.0,0.0,0.0,0.0,-1.5707964,0.0
1970-01-01 00:00:00.140700178,0.140700178,0.0,0.0,157.9804,0.0,0.0,0.0,0.0,0.0,-1.5707964,0.0
1970-01-01 00:00:00.140701298,0.140701298,0.0,0.0,348.97955,0.0,0.0,0.0,0.0,0.0,-1.5707964,0.0
1970-01-01 00:00:00.140724779,0.140724779,0.0,0.0,0.0,0.0,93.14719,0.0,0.0,0.0,-1.5707964,0.0
1970-01-01 00:00:00.140734473,0.140734473,0.0,0.0,278.05096,0.0,0.0,0.0,0.0,0.0,-1.5707964,0.0
1970-01-01 00:00:00.140744239,0.140744239,256.5223,0.0,0.0,0.0,0.0,0.0,0.0,0.0,-1.5707964,0.0
1970-01-01 00:00:00.140752478,0.140752478,0.0,0.0,1440.0376,0.0,0.0,0.0,0.0,0.0,-1.5707964,0.0
1970-01-01 00:00:00.140759642,0.140759642,0.0,0.0,931.5351,0.0,0.0,0.0,0.0,0.0,-1.5707964,0.0
1970-01-01 00:00:00.140800500,0.1408005,0.0,0.0,181.61055,0.0,0.0,0.0,0.0,0.0,-1.5707964,0.0
1970-01-01 00:00:00.140802604,0.140802604,821.9994,0.0,0.0,0.0,0.0,0.0,0.0,0.0,-1.5707964,0.0
1970-01-01 00:00:00.140849359,0.140849359,0.0,0.0,392.98105,0.0,0.0,0.0,0.0,0.0,-1.5707964,0.0
1970-01-01 00:00:00.140858716,0.140858716,0.0,0.0,0.0,0.0,0.0,1580.9164,0.0,0.0,-1.5707964,0.0
1970-01-01 00:00:00.140869639,0.140869639,150.33421,0.0,0.0,0.0,0.0,0.0,0.0,0.0,-1.5707964,0.0
1970-01-01 00:00:00.140924623,0.140924623,0.0,0.0,148.89536,0.0,0.0,0.0,0.0,0.0,-1.5707964,0.0
1970-01-01 00:00:00.140952555,0.140952555,0.0,0.0,81.41337,0.0,0.0,0.0,0.0,0.0,-1.5707964,0.0
1970-01-01 00:00:00.141081266,0.141081266,0.0,0.0,1248.8213,0.0,0.0,0.0,0.0,0.0,-1.5707964,0.0
1970-01-01 00:00:00.141148287,0.141148287,0.0,0.0,87.179214,0.0,0.0,0.0,0.0,0.0,-1.5707964,0.0
1970-01-01 00:00:00.141191585,0.141191585,0.0,0.0,0.0,1249.2378,0.0,0.0,0.0,0.0,-1.5707964,0.0
1970-01-01 00:00:00.141195212,0.141195212,0.0,0.0,301.70175,0.0,0.0,0.0,0.0,0.0,-1.5707964,0.0
1970-01-01 00:00:00.141267840,0.14126784,0.0,0.0,0.0,280.1345,0.0,0.0,0.0,0.0,-1.5707964,0.0
1970-01-01 00:00:00.141268299,0.141268299,0.0,125.720215,0.0,0.0,0.0,0.0,0.0,0.0,-1.5707964,0.0
1970-01-01 00:00:00.141446261,0.141446261,0.0,0.0,243.79942,0.0,0.0,0.0,0.0,0.0,-1.5707964,0.0
1970-01-01 00:00:00.141470065,0.141470065,0.0,99.40971,0.0,0.0,0.0,0.0,0.0,0.0,-1.5707964,0.0
1970-01-01 00:00:00.141507368,0.141507368,0.0,0.0,413.20236,0.0,0.0,0.0,0.0,0.0,-1.5707964,0.0
1970-01-01 00:00:00.141507694,0.141507694,0.0,0.0,244.82083,0.0,0.0,0.0,0.0,0.0,-1.5707964,0.0
1970-01-01 00:00:00.141533394,0.141533394,0.0,0.0,595.4148,0.0,0.0,0.0,0.0,0.0,-1.5707964,0.0
1970-01-01 00:00:00.141543758,0.141543758,0.0,0.0,247.08392,0.0,0.0,0.0,0.0,0.0,-1.5707964,0.0
1970-01-01 00:00:00.141545916,0.141545916,0.0,0.0,0.0,0.0,0.0,419.63968,0.0,0.0,-1.5707964,0.0
1970-01-01 00:00:00.141645033,0.141645033,0.0,0.0,146.70384,0.0,0.0,0.0,0.0,0.0,-1.5707964,0.0
1970-01-01 00:00:00.141645898,0.141645898,0.0,0.0,512.4977,0.0,0.0,0.0,0.0,0.0,-1.5707964,0.0
1970-01-01 00:00:00.141653014,0.141653014,0.0,0.0,2489.7021,0.0,0.0,0.0,0.0,0.0,-1.5707964,0.0
1970-01-01 00:00:00.141698633,0.141698633,0.0,253.9019,0.0,0.0,0.0,0.0,0.0,0.0,-1.5707964,0.0
1970-01-01 00:00:00.141698827,0.141698827,0.0,0.0,512.8035,0.0,0.0,0.0,0.0,0.0,-1.5707964,0.0
1970-01-01 00:00:00.141703641,0.141703641,0.0,0.0,0.0,0.0,0.0,229.00345,0.0,0.0,-1.5707964,0.0
1970-01-01 00:00:00.141725631,0.141725631,0.0,0.0,465.4323,0.0,0.0,0.0,0.0,0.0,-1.5707964,0.0
1970-01-01 00:00:00.141729516,0.141729516,204.46638,0.0,0.0,0.0,0.0,0.0,0.0,0.0,-1.5707964,0.0
1970-01-01 00:00:00.141781511,0.141781511,0.0,0.0,106.67562,0.0,0.0,0.0,0.0,0.0,-1.5707964,0.0
1970-01-01 00:00:00.141783803,0.141783803,0.0,0.0,94.6348,0.0,0.0,0.0,0.0,0.0,-1.5707964,0.0
1970-01-01 00:00:00.141796112,0.141796112,0.0,0.0,269.47205,0.0,0.0,0.0,0.0,0.0,-1.5707964,0.0
1970-01-01 00:00:00.141818101,0.141818101,309.23898,0.0,0.0,0.0,0.0,0.0,0.0,0.0,-1.5707964,0.0
1970-01-01 00:00:00.141840093,0.141840093,1839.017,0.0,0.0,0.0,0.0,0.0,0.0,0.0,-1.5707964,0.0
1970-01-01 00:00:00.141889764,0.141889764,0.0,0.0,119.32843,0.0,0.0,0.0,0.0,0.0,-1.5707964,0.0
1970-01-01 00:00:00.141903155,0.141903155,0.0,0.0,854.9076,0.0,0.0,0.0,0.0,0.0,-1.5707964,0.0
1970-01-01 00:00:00.141918933,0.141918933,0.0,0.0,465.86795,0.0,0.0,0.0,0.0,0.0,-1.5707964,0.0
1970-01-01 00:00:00.141934558,0.141934558,0.0,0.0,162.80104,0.0,0.0,0.0,0.0,0.0,-1.5707964,0.0
1970-01-01 00:00:00.141936840,0.14193684,0.0,0.0,0.0,0.0,0.0,361.70517,0.0,0.0,-1.5707964,0.0
1970-01-01 00:00:00.141970986,0.141970986,0.0,0.0,1458.3905,0.0,0.0,0.0,0.0,0.0,-1.5707964,0.0
1970-01-01 00:00:00.141970986,0.141970986,0.0,0.0,0.0,0.0,0.0,570.65375,0.0,0.0,-1.5707964,0.0
1970-01-01 00:00:00.141982061,0.141982061,125.01137,0.0,0.0,0.0,0.0,0.0,0.0,0.0,-1.5707964,0.0
1970-01-01 00:00:00.141994720,0.14199472,0.0,0.0,118.244545,0.0,0.0,0.0,0.0,0.0,-1.5707964,0.0
1970-01-01 00:00:00.141998276,0.141998276,0.0,0.0,470.26178,0.0,0.0,0.0,0.0,0.0,-1.5707964,0.0
1970-01-01 00:00:00.142136221,0.142136221,0.0,0.0,346.1612,0.0,0.0,0.0,0.0,0.0,-1.5707964,0.0
1970-01-01 00:00:00.142161545,0.142161545,0.0,0.0,364.0069,0.0,0.0,0.0,0.0,0.0,-1.5707964,0.0
1970-01-01 00:00:00.142188929,0.142188929,0.0,0.0,857.18036,0.0,0.0,0.0,0.0,0.0,-1.5707964,0.0
1970-01-01 00:00:00.142216578,0.142216578,0.0,0.0,99.80984,0.0,0.0,0.0,0.0,0.0,-1.5707964,0.0
1970-01-01 00:00:00.142303909,0.142303909,0.0,0.0,0.0,0.0,212.82767,0.0,0.0,0.0,-1.5707964,0.0
1970-01-01 00:00:00.142303909,0.142303909,2120.4856,0.0,0.0,0.0,0.0,0.0,0.0,0.0,-1.5707964,0.0
1970-01-01 00:00:00.142313230,0.14231323,0.0,1164.0072,0.0,0.0,0.0,0.0,0.0,0.0,-1.5707964,0.0
1970-01-01 00:00:00.142330734,0.142330734,0.0,0.0,188.46323,0.0,0.0,0.0,0.0,0.0,-1.5707964,0.0
1970-01-01 00:00:00.142332006,0.142332006,0.0,0.0,101.63653,0.0,0.0,0.0,0.0,0.0,-1.5707964,0.0
1970-01-01 00:00:00.142336611,0.142336611,0.0,0.0,345.86026,0.0,0.0,0.0,0.0,0.0,-1.5707964,0.0
1970-01-01 00:00:00.142348888,0.142348888,0.0,0.0,92.6532,0.0,0.0,0.0,0.0,0.0,-1.5707964,0.0
1970-01-01 00:00:00.142357531,0.142357531,0.0,0.0,287.63614,0.0,0.0,0.0,0.0,0.0,-1.5707964,0.0
1970-01-01 00:00:00.142367977,0.142367977,0.0,0.0,300.69724,0.0,0.0,0.0,0.0,0.0,-1.5707964,0.0
1970-01-01 00:00:00.142406127,0.142406127,0.0,0.0,0.0,0.0,739.5853,0.0,0.0,0.0,-1.5707964,0.0
1970-01-01 00:00:00.142451895,0.142451895,0.0,0.0,213.36374,0.0,0.0,0.0,0.0,0.0,-1.5707964,0.0
1970-01-01 00:00:00.142466115,0.142466115,0.0,0.0,277.01434,0.0,0.0,0.0,0.0,0.0,-1.5707964,0.0
1970-01-01 00:00:00.142530020,0.14253002,0.0,0.0,324.44263,0.0,0.0,0.0,0.0,0.0,-1.5707964,0.0
1970-01-01 00:00:00.142556048,0.142556048,0.0,0.0,1175.4429,0.0,0.0,0.0,0.0,0.0,-1.5707964,0.0
1970-01-01 00:00:00.142556048,0.142556048,0.0,0.0,0.0,0.0,0.0,252.49332,0.0,0.0,-1.5707964,0.0
1970-01-01 00:00:00.142611278,0.142611278,0.0,0.0,769.8427,0.0,0.0,0.0,0.0,0.0,-1.5707964,0.0
1970-01-01 00:00:00.142622877,0.142622877,0.0,0.0,0.0,0.0,182.0291,0.0,0.0,0.0,-1.5707964,0.0
1970-01-01 00:00:00.142693021,0.142693021,0.0,0.0,452.14243,0.0,0.0,0.0,0.0,0.0,-1.5707964,0.0
1970-01-01 00:00:00.142768157,0.142768157,0.0,0.0,117.80753,0.0,0.0,0.0,0.0,0.0,-1.5707964,0.0
1970-01-01 00:00:00.142919440,0.14291944,0.0,0.0,0.0,0.0,0.0,1486.648,0.0,0.0,-1.5707964,0.0
1970-01-01 00:00:00.142931750,0.14293175,0.0,0.0,512.462,0.0,0.0,0.0,0.0,0.0,-1.5707964,0.0
1970-01-01 00:00:00.143018910,0.14301891,0.0,0.0,141.81754,0.0,0.0,0.0,0.0,0.0,-1.5707964,0.0
1970-01-01 00:00:00.143018937,0.143018937,0.0,0.0,657.20245,0.0,0.0,0.0,0.0,0.0,-1.5707964,0.0
1970-01-01 00:00:00.143025078,0.143025078,0.0,0.0,294.17093,0.0,0.0,0.0,0.0,0.0,-1.5707964,0.0
1970-01-01 00:00:00.143099856,0.143099856,0.0,0.0,86.63089,0.0,0.0,0.0,0.0,0.0,-1.5707964,0.0
1970-01-01 00:00:00.143109522,0.143109522,0.0,0.0,508.61945,0.0,0.0,0.0,0.0,0.0,-1.5707964,0.0
1970-01-01 00:00:00.143225310,0.14322531,0.0,0.0,203.85802,0.0,0.0,0.0,0.0,0.0,-1.5707964,0.0
1970-01-01 00:00:00.143243066,0.143243066,682.59265,0.0,0.0,0.0,0.0,0.0,0.0,0.0,-1.5707964,0.0
1970-01-01 00:00:00.143318764,0.143318764,0.0,0.0,373.98807,0.0,0.0,0.0,0.0,0.0,-1.5707964,0.0
1970-01-01 00:00:00.143321801,0.143321801,0.0,0.0,398.03226,0.0,0.0,0.0,0.0,0.0,-1.5707964,0.0
1970-01-01 00:00:00.143340877,0.143340877,0.0,0.0,0.0,0.0,0.0,581.7173,0.0,0.0,-1.5707964,0.0
1970-01-01 00:00:00.143365303,0.143365303,0.0,0.0,334.29764,0.0,0.0,0.0,0.0,0.0,-1.5707964,0.0
1970-01-01 00:00:00.143366315,0.143366315,0.0,0.0,1126.4208,0.0,0.0,0.0,0.0,0.0,-1.5707964,0.0
1970-01-01 00:00:00.143415922,0.143415922,0.0,0.0,994.7892,0.0,0.0,0.0,0.0,0.0,-1.5707964,0.0
1970-01-01 00:00:00.143427241,0.143427241,0.0,0.0,1121.6515,0.0,0.0,0.0,0.0,0.0,-1.5707964,0.0
1970-01-01 00:00:00.143427241,0.143427241,0.0,0.0,0.0,230.38509,0.0,0.0,0.0,0.0,-1.5707964,0.0
1970-01-01 00:00:00.143492687,0.143492687,0.0,0.0,0.0,0.0,0.0,221.73622,0.0,0.0,-1.5707964,0.0
1970-01-01 00:00:00.143529118,0.143529118,0.0,0.0,0.0,0.0,512.61115,0.0,0.0,0.0,-1.5707964,0.0
1970-01-01 00:00:00.143598657,0.143598657,0.0,0.0,113.1209,0.0,0.0,0.0,0.0,0.0,-1.5707964,0.0
1970-01-01 00:00:00.143637368,0.143637368,0.0,0.0,204.46974,0.0,0.0,0.0,0.0,0.0,-1.5707964,0.0
1970-01-01 00:00:00.143672696,0.143672696,0.0,0.0,633.94586,0.0,0.0,0.0,0.0,0.0,-1.5707964,0.0
1970-01-01 00:00:00.143675278,0.143675278,0.0,0.0,159.49461,0.0,0.0,0.0,0.0,0.0,-1.5707964,0.0
1970-01-01 00:00:00.143742312,0.143742312,0.0,0.0,732.35944,0.0,0.0,0.0,0.0,0.0,-1.5707964,0.0
1970-01-01 00:00:00.143747298,0.143747298,0.0,0.0,0.0,1318.6982,0.0,0.0,0.0,0.0,-1.5707964,0.0
1970-01-01 00:00:00.143777039,0.143777039,970.9316,0.0,0.0,0.0,0.0,0.0,0.0,0.0,-1.5707964,0.0
1970-01-01 00:00:00.143795770,0.14379577,0.0,0.0,0.0,0.0,0.0,691.4601,0.0,0.0,-1.5707964,0.0
1970-01-01 00:00:00.143808451,0.143808451,159.10988,0.0,0.0,0.0,0.0,0.0,0.0,0.0,-1.5707964,0.0
1970-01-01 00:00:00.143846860,0.14384686,0.0,0.0,0.0,857.5174,0.0,0.0,0.0,0.0,-1.5707964,0.0
1970-01-01 00:00:00.143847489,0.143847489,0.0,0.0,450.56607,0.0,0.0,0.0,0.0,0.0,-1.5707964,0.0
1970-01-01 00:00:00.143904383,0.143904383,0.0,0.0,559.5371,0.0,0.0,0.0,0.0,0.0,-1.5707964,0.0
1970-01-01 00:00:00.143918550,0.14391855,0.0,0.0,0.0,0.0,0.0,233.54483,0.0,0.0,-1.5707964,0.0
1970-01-01 00:00:00.143941485,0.143941485,0.0,0.0,809.6515,0.0,0.0,0.0,0.0,0.0,-1.5707964,0.0
1970-01-01 00:00:00.143973570,0.14397357,0.0,0.0,384.40982,0.0,0.0,0.0,0.0,0.0,-1.5707964,0.0
1970-01-01 00:00:00.144018736,0.144018736,0.0,210.6879,0.0,0.0,0.0,0.0,0.0,0.0,-1.5707964,0.0
1970-01-01 00:00:00.144116514,0.144116514,0.0,0.0,1316.1206,0.0,0.0,0.0,0.0,0.0,-1.5707964,0.0
1970-01-01 00:00:00.144123852,0.144123852,0.0,0.0,0.0,0.0,0.0,320.73804,0.0,0.0,-1.5707964,0.0
1970-01-01 00:00:00.144125838,0.144125838,0.0,0.0,217.7919,0.0,0.0,0.0,0.0,0.0,-1.5707964,0.0
1970-01-01 00:00:00.144172570,0.14417257,0.0,0.0,754.2684,0.0,0.0,0.0,0.0,0.0,-1.5707964,0.0
1970-01-01 00:00:00.144245004,0.144245004,0.0,0.0,127.15955,0.0,0.0,0.0,0.0,0.0,-1.5707964,0.0
1970-01-01 00:00:00.144263082,0.144263082,0.0,0.0,266.10785,0.0,0.0,0.0,0.0,0.0,-1.5707964,0.0
1970-01-01 00:00:00.144268800,0.1442688,0.0,0.0,0.0,0.0,1806.7906,0.0,0.0,0.0,-1.5707964,0.0
1970-01-01 00:00:00.144439593,0.144439593,0.0,0.0,0.0,0.0,0.0,595.12537,0.0,0.0,-1.5707964,0.0
1970-01-01 00:00:00.144447904,0.144447904,0.0,0.0,81.395355,0.0,0.0,0.0,0.0,0.0,-1.5707964,0.0
1970-01-01 00:00:00.144530736,0.144530736,212.09763,0.0,0.0,0.0,0.0,0.0,0.0,0.0,-1.5707964,0.0
1970-01-01 00:00:00.144539244,0.144539244,0.0,0.0,0.0,0.0,246.43315,0.0,0.0,0.0,-1.5707964,0.0
1970-01-01 00:00:00.144541331,0.144541331,0.0,0.0,0.0,0.0,334.11954,0.0,0.0,0.0,-1.5707964,0.0
1970-01-01 00:00:00.144611670,0.14461167,0.0,0.0,551.85284,0.0,0.0,0.0,0.0,0.0,-1.5707964,0.0
1970-01-01 00:00:00.144642143,0.144642143,0.0,0.0,1024.282,0.0,0.0,0.0,0.0,0.0,-1.5707964,0.0
1970-01-01 00:00:00.144683160,0.14468316,0.0,0.0,129.90408,0.0,0.0,0.0,0.0,0.0,-1.5707964,0.0
1970-01-01 00:00:00.144796927,0.144796927,0.0,0.0,286.16333,0.0,0.0,0.0,0.0,0.0,-1.5707964,0.0
1970-01-01 00:00:00.144844354,0.144844354,0.0,0.0,174.36868,0.0,0.0,0.0,0.0,0.0,-1.5707964,0.0
1970-01-01 00:00:00.144849730,0.14484973,174.11246,0.0,0.0,0.0,0.0,0.0,0.0,0.0,-1.5707964,0.0
1970-01-01 00:00:00.144861465,0.144861465,0.0,294.3495,0.0,0.0,0.0,0.0,0.0,0.0,-1.5707964,0.0
1970-01-01 00:00:00.144966727,0.144966727,0.0,0.0,471.38174,0.0,0.0,0.0,0.0,0.0,-1.5707964,0.0
1970-01-01 00:00:00.144997963,0.144997963,0.0,0.0,0.0,0.0,1297.082,0.0,0.0,0.0,-1.5707964,0.0
1970-01-01 00:00:00.145065641,0.145065641,0.0,0.0,334.27225,0.0,0.0,0.0,0.0,0.0,-1.5707964,0.0
1970-01-01 00:00:00.145178819,0.145178819,0.0,0.0,95.29722,0.0,0.0,0.0,0.0,0.0,-1.5707964,0.0
1970-01-01 00:00:00.145191085,0.145191085,272.29565,0.0,0.0,0.0,0.0,0.0,0.0,0.0,-1.5707964,0.0
1970-01-01 00:00:00.145219469,0.145219469,0.0,0.0,1825.1309,0.0,0.0,0.0,0.0,0.0,-1.5707964,0.0
1970-01-01 00:00:00.145243652,0.145243652,0.0,0.0,543.0105,0.0,0.0,0.0,0.0,0.0,-1.5707964,0.0
1970-01-01 00:00:00.145264382,0.145264382,0.0,0.0,0.0,0.0,503.15036,0.0,0.0,0.0,-1.5707964,0.0
1970-01-01 00:00:00.145291101,0.145291101,0.0,0.0,710.88367,0.0,0.0,0.0,0.0,0.0,-1.5707964,0.0
1970-01-01 00:00:00.145301699,0.145301699,0.0,0.0,488.03912,0.0,0.0,0.0,0.0,0.0,-1.5707964,0.0
1970-01-01 00:00:00.145344805,0.145344805,0.0,0.0,0.0,0.0,0.0,454.1592,0.0,0.0,-1.5707964,0.0
1970-01-01 00:00:00.145358227,0.145358227,0.0,0.0,1269.8555,0.0,0.0,0.0,0.0,0.0,-1.5707964,0.0
1970-01-01 00:00:00.145387944,0.145387944,0.0,0.0,94.005615,0.0,0.0,0.0,0.0,0.0,-1.5707964,0.0
1970-01-01 00:00:00.145414043,0.145414043,0.0,162.87634,0.0,0.0,0.0,0.0,0.0,0.0,-1.5707964,0.0
1970-01-01 00:00:00.145428890,0.14542889,0.0,0.0,132.70839,0.0,0.0,0.0,0.0,0.0,-1.5707964,0.0
1970-01-01 00:00:00.145549408,0.145549408,0.0,0.0,0.0,0.0,107.4991,0.0,0.0,0.0,-1.5707964,0.0
1970-01-01 00:00:00.145563352,0.145563352,0.0,0.0,0.0,0.0,0.0,81.51186,0.0,0.0,-1.5707964,0.0
1970-01-01 00:00:00.145594653,0.145594653,400.32208,0.0,0.0,0.0,0.0,0.0,0.0,0.0,-1.5707964,0.0
1970-01-01 00:00:00.145684277,0.145684277,0.0,0.0,83.60138,0.0,0.0,0.0,0.0,0.0,-1.5707964,0.0
1970-01-01 00:00:00.145698092,0.145698092,0.0,0.0,3886.7937,0.0,0.0,0.0,0.0,0.0,-1.5707964,0.0
1970-01-01 00:00:00.145716093,0.145716093,0.0,0.0,253.14857,0.0,0.0,0.0,0.0,0.0,-1.5707964,0.0
1970-01-01 00:00:00.145717490,0.14571749,0.0,0.0,150.28215,0.0,0.0,0.0,0.0,0.0,-1.5707964,0.0
1970-01-01 00:00:00.145772122,0.145772122,0.0,0.0,127.294304,0.0,0.0,0.0,0.0,0.0,-1.5707964,0.0
1970-01-01 00:00:00.145772571,0.145772571,0.0,0.0,456.38046,0.0,0.0,0.0,0.0,0.0,-1.5707964,0.0
1970-01-01 00:00:00.145839540,0.14583954,0.0,0.0,1114.0758,0.0,0.0,0.0,0.0,0.0,-1.5707964,0.0
1970-01-01 00:00:00.145840486,0.145840486,0.0,0.0,345.55057,0.0,0.0,0.0,0.0,0.0,-1.5707964,0.0
1970-01-01 00:00:00.145881835,0.145881835,0.0,0.0,350.28793,0.0,0.0,0.0,0.0,0.0,-1.5707964,0.0
1970-01-01 00:00:00.146025556,0.146025556,0.0,0.0,0.0,0.0,762.91266,0.0,0.0,0.0,-1.5707964,0.0
1970-01-01 00:00:00.146103527,0.146103527,0.0,0.0,1202.2496,0.0,0.0,0.0,0.0,0.0,-1.5707964,0.0
1970-01-01 00:00:00.146123287,0.146123287,0.0,0.0,0.0,0.0,1604.1614,0.0,0.0,0.0,-1.5707964,0.0
1970-01-01 00:00:00.146128310,0.14612831,0.0,0.0,184.46446,0.0,0.0,0.0,0.0,0.0,-1.5707964,0.0
1970-01-01 00:00:00.146148308,0.146148308,0.0,0.0,0.0,0.0,0.0,142.90388,0.0,0.0,-1.5707964,0.0
1970-01-01 00:00:00.146158184,0.146158184,0.0,0.0,171.59418,0.0,0.0,0.0,0.0,0.0,-1.5707964,0.0
1970-01-01 00:00:00.146179500,0.1461795,1769.5259,0.0,0.0,0.0,0.0,0.0,0.0,0.0,-1.5707964,0.0
1970-01-01 00:00:00.146240900,0.1462409,0.0,0.0,231.3151,0.0,0.0,0.0,0.0,0.0,-1.5707964,0.0
1970-01-01 00:00:00.146355354,0.146355354,413.78604,0.0,0.0,0.0,0.0,0.0,0.0,0.0,-1.5707964,0.0
1970-01-01 00:00:00.146372641,0.146372641,0.0,0.0,0.0,1229.704,0.0,0.0,0.0,0.0,-1.5707964,0.0
1970-01-01 00:00:00.146399648,0.146399648,0.0,0.0,0.0,150.5575,0.0,0.0,0.0,0.0,-1.5707964,0.0
1970-01-01 00:00:00.146499583,0.146499583,0.0,0.0,141.21288,0.0,0.0,0.0,0.0,0.0,-1.5707964,0.0
1970-01-01 00:00:00.146578378,0.146578378,409.9602,0.0,0.0,0.0,0.0,0.0,0.0,0.0,-1.5707964,0.0
1970-01-01 00:00:00.146580515,0.146580515,0.0,0.0,499.32532,0.0,0.0,0.0,0.0,0.0,-1.5707964,0.0
1970-01-01 00:00:00.146580818,0.146580818,0.0,0.0,0.0,260.13,0.0,0.0,0.0,0.0,-1.5707964,0.0
1970-01-01 00:00:00.146644201,0.146644201,177.14838,0.0,0.0,0.0,0.0,0.0,0.0,0.0,-1.5707964,0.0
1970-01-01 00:00:00.146706648,0.146706648,0.0,0.0,606.40826,0.0,0.0,0.0,0.0,0.0,-1.5707964,0.0
1970-01-01 00:00:00.146815058,0.146815058,0.0,0.0,81.20613,0.0,0.0,0.0,0.0,0.0,-1.5707964,0.0
1970-01-01 00:00:00.146863587,0.146863587,384.12384,0.0,0.0,0.0,0.0,0.0,0.0,0.0,-1.5707964,0.0
1970-01-01 00:00:00.146872676,0.146872676,0.0,0.0,972.96356,0.0,0.0,0.0,0.0,0.0,-1.5707964,0.0
1970-01-01 00:00:00.146944692,0.146944692,0.0,0.0,504.67175,0.0,0.0,0.0,0.0,0.0,-1.5707964,0.0
1970-01-01 00:00:00.146952057,0.146952057,0.0,0.0,239.12753,0.0,0.0,0.0,0.0,0.0,-1.5707964,0.0
1970-01-01 00:00:00.147006449,0.147006449,0.0,0.0,2948.5828,0.0,0.0,0.0,0.0,0.0,-1.5707964,0.0
1970-01-01 00:00:00.147066238,0.147066238,243.10014,0.0,0.0,0.0,0.0,0.0,0.0,0.0,-1.5707964,0.0
1970-01-01 00:00:00.147140519,0.147140519,0.0,0.0,0.0,0.0,132.54141,0.0,0.0,0.0,-1.5707964,0.0
1970-01-01 00:00:00.147165196,0.147165196,0.0,0.0,475.37695,0.0,0.0,0.0,0.0,0.0,-1.5707964,0.0
1970-01-01 00:00:00.147264443,0.147264443,0.0,0.0,249.54887,0.0,0.0,0.0,0.0,0.0,-1.5707964,0.0
1970-01-01 00:00:00.147284880,0.14728488,120.21629,0.0,0.0,0.0,0.0,0.0,0.0,0.0,-1.5707964,0.0
1970-01-01 00:00:00.147313136,0.147313136,0.0,0.0,264.84174,0.0,0.0,0.0,0.0,0.0,-1.5707964,0.0
1970-01-01 00:00:00.147335962,0.147335962,0.0,1451.4908,0.0,0.0,0.0,0.0,0.0,0.0,-1.5707964,0.0
1970-01-01 00:00:00.147389172,0.147389172,96.65472,0.0,0.0,0.0,0.0,0.0,0.0,0.0,-1.5707964,0.0
1970-01-01 00:00:00.147398772,0.147398772,153.7981,0.0,0.0,0.0,0.0,0.0,0.0,0.0,-1.5707964,0.0
1970-01-01 00:00:00.147454807,0.147454807,0.0,331.67242,0.0,0.0,0.0,0.0,0.0,0.0,-1.5707964,0.0
1970-01-01 00:00:00.147462656,0.147462656,0.0,0.0,259.30026,0.0,0.0,0.0,0.0,0.0,-1.5707964,0.0
1970-01-01 00:00:00.147470767,0.147470767,0.0,0.0,261.12283,0.0,0.0,0.0,0.0,0.0,-1.5707964,0.0
1970-01-01 00:00:00.147470767,0.147470767,0.0,0.0,0.0,0.0,0.0,164.38698,0.0,0.0,-1.5707964,0.0
1970-01-01 00:00:00.147490986,0.147490986,0.0,0.0,353.23483,0.0,0.0,0.0,0.0,0.0,-1.5707964,0.0
1970-01-01 00:00:00.147532977,0.147532977,0.0,0.0,566.7314,0.0,0.0,0.0,0.0,0.0,-1.5707964,0.0
1970-01-01 00:00:00.147539597,0.147539597,0.0,0.0,0.0,0.0,475.7055,0.0,0.0,0.0,-1.5707964,0.0
1970-01-01 00:00:00.147749193,0.147749193,0.0,0.0,183.93228,0.0,0.0,0.0,0.0,0.0,-1.5707964,0.0
1970-01-01 00:00:00.147749193,0.147749193,0.0,0.0,0.0,0.0,0.0,213.98125,0.0,0.0,-1.5707964,0.0
1970-01-01 00:00:00.147899073,0.147899073,0.0,0.0,0.0,1267.5546,0.0,0.0,0.0,0.0,-1.5707964,0.0
1970-01-01 00:00:00.147963718,0.147963718,0.0,0.0,150.58595,0.0,0.0,0.0,0.0,0.0,-1.5707964,0.0
1970-01-01 00:00:00.147974072,0.147974072,0.0,0.0,0.0,315.193,0.0,0.0,0.0,0.0,-1.5707964,0.0
1970-01-01 00:00:00.148004472,0.148004472,0.0,0.0,129.81636,0.0,0.0,0.0,0.0,0.0,-1.5707964,0.0
1970-01-01 00:00:00.148083626,0.148083626,0.0,0.0,0.0,522.3484,0.0,0.0,0.0,0.0,-1.5707964,0.0
1970-01-01 00:00:00.148094804,0.148094804,0.0,0.0,0.0,0.0,0.0,402.822,0.0,0.0,-1.5707964,0.0
1970-01-01 00:00:00.148137309,0.148137309,0.0,126.177086,0.0,0.0,0.0,0.0,0.0,0.0,-1.5707964,0.0
1970-01-01 00:00:00.148380949,0.148380949,0.0,0.0,251.09607,0.0,0.0,0.0,0.0,0.0,-1.5707964,0.0
1970-01-01 00:00:00.148380949,0.148380949,0.0,0.0,0.0,0.0,393.1086,0.0,0.0,0.0,-1.5707964,0.0
1970-01-01 00:00:00.148426278,0.148426278,0.0,88.838135,0.0,0.0,0.0,0.0,0.0,0.0,-1.5707964,0.0
1970-01-01 00:00:00.148426712,0.148426712,0.0,0.0,0.0,0.0,0.0,314.8926,0.0,0.0,-1.5707964,0.0
1970-01-01 00:00:00.148457232,0.148457232,0.0,202.7459,0.0,0.0,0.0,0.0,0.0,0.0,-1.5707964,0.0
1970-01-01 00:00:00.148524191,0.148524191,0.0,356.8106,0.0,0.0,0.0,0.0,0.0,0.0,-1.5707964,0.0
1970-01-01 00:00:00.148667957,0.148667957,139.82306,0.0,0.0,0.0,0.0,0.0,0.0,0.0,-1.5707964,0.0
1970-01-01 00:00:00.148688128,0.148688128,0.0,0.0,528.869,0.0,0.0,0.0,0.0,0.0,-1.5707964,0.0
1970-01-01 00:00:00.148718795,0.148718795,0.0,0.0,0.0,0.0,0.0,124.69009,0.0,0.0,-1.5707964,0.0
1970-01-01 00:00:00.148760510,0.14876051,0.0,0.0,0.0,0.0,83.26317,0.0,0.0,0.0,-1.5707964,0.0
1970-01-01 00:00:00.148857729,0.148857729,0.0,0.0,1202.2412,0.0,0.0,0.0,0.0,0.0,-1.5707964,0.0
1970-01-01 00:00:00.148864142,0.148864142,0.0,0.0,85.595245,0.0,0.0,0.0,0.0,0.0,-1.5707964,0.0
1970-01-01 00:00:00.148889725,0.148889725,0.0,0.0,250.965,0.0,0.0,0.0,0.0,0.0,-1.5707964,0.0
1970-01-01 00:00:00.148966873,0.148966873,0.0,0.0,0.0,2180.3604,0.0,0.0,0.0,0.0,-1.5707964,0.0
1970-01-01 00:00:00.148991359,0.148991359,0.0,0.0,0.0,0.0,282.07953,0.0,0.0,0.0,-1.5707964,0.0
1970-01-01 00:00:00.149014738,0.149014738,0.0,0.0,110.77032,0.0,0.0,0.0,0.0,0.0,-1.5707964,0.0
1970-01-01 00:00:00.149069873,0.149069873,0.0,0.0,328.05875,0.0,0.0,0.0,0.0,0.0,-1.5707964,0.0
1970-01-01 00:00:00.149085124,0.149085124,0.0,0.0,102.88025,0.0,0.0,0.0,0.0,0.0,-1.5707964,0.0
1970-01-01 00:00:00.149085575,0.149085575,0.0,0.0,874.2865,0.0,0.0,0.0,0.0,0.0,-1.5707964,0.0
1970-01-01 00:00:00.149156571,0.149156571,0.0,0.0,222.68205,0.0,0.0,0.0,0.0,0.0,-1.5707964,0.0
1970-01-01 00:00:00.149171982,0.149171982,0.0,0.0,0.0,216.87595,0.0,0.0,0.0,0.0,-1.5707964,0.0
1970-01-01 00:00:00.149202286,0.149202286,0.0,0.0,257.2239,0.0,0.0,0.0,0.0,0.0,-1.5707964,0.0
1970-01-01 00:00:00.149205767,0.149205767,0.0,0.0,152.06786,0.0,0.0,0.0,0.0,0.0,-1.5707964,0.0
1970-01-01 00:00:00.149219926,0.149219926,0.0,0.0,426.3694,0.0,0.0,0.0,0.0,0.0,-1.5707964,0.0
1970-01-01 00:00:00.149222398,0.149222398,0.0,0.0,231.09521,0.0,0.0,0.0,0.0,0.0,-1.5707964,0.0
1970-01-01 00:00:00.149286996,0.149286996,0.0,0.0,147.79424,0.0,0.0,0.0,0.0,0.0,-1.5707964,0.0
1970-01-01 00:00:00.149296314,0.149296314,0.0,0.0,90.46001,0.0,0.0,0.0,0.0,0.0,-1.5707964,0.0
1970-01-01 00:00:00.149379736,0.149379736,0.0,0.0,372.0705,0.0,0.0,0.0,0.0,0.0,-1.5707964,0.0
1970-01-01 00:00:00.149475114,0.149475114,0.0,0.0,0.0,0.0,0.0,166.98898,0.0,0.0,-1.5707964,0.0
1970-01-01 00:00:00.149491873,0.149491873,0.0,0.0,0.0,645.7589,0.0,0.0,0.0,0.0,-1.5707964,0.0
1970-01-01 00:00:00.149577243,0.149577243,0.0,0.0,797.4537,0.0,0.0,0.0,0.0,0.0,-1.5707964,0.0
1970-01-01 00:00:00.149587914,0.149587914,0.0,0.0,709.1691,0.0,0.0,0.0,0.0,0.0,-1.5707964,0.0
1970-01-01 00:00:00.149589150,0.14958915,0.0,0.0,294.90085,0.0,0.0,0.0,0.0,0.0,-1.5707964,0.0
1970-01-01 00:00:00.149709272,0.149709272,0.0,0.0,223.46634,0.0,0.0,0.0,0.0,0.0,-1.5707964,0.0
1970-01-01 00:00:00.149713941,0.149713941,0.0,0.0,81.20219,0.0,0.0,0.0,0.0,0.0,-1.5707964,0.0
1970-01-01 00:00:00.149770640,0.14977064,0.0,0.0,398.91855,0.0,0.0,0.0,0.0,0.0,-1.5707964,0.0
1970-01-01 00:00:00.149861970,0.14986197,0.0,0.0,570.8711,0.0,0.0,0.0,0.0,0.0,-1.5707964,0.0
1970-01-01 00:00:00.149861970,0.14986197,0.0,0.0,0.0,0.0,626.9108,0.0,0.0,0.0,-1.5707964,0.0
1970-01-01 00:00:00.149882634,0.149882634,0.0,0.0,1159.7035,0.0,0.0,0.0,0.0,0.0,-1.5707964,0.0
1970-01-01 00:00:00.150013856,0.150013856,0.0,0.0,94.59377,0.0,0.0,0.0,0.0,0.0,-1.5707964,0.0
1970-01-01 00:00:00.150029778,0.150029778,0.0,0.0,158.96423,0.0,0.0,0.0,0.0,0.0,-1.5707964,0.0
1970-01-01 00:00:00.150035001,0.150035001,0.0,0.0,224.55484,0.0,0.0,0.0,0.0,0.0,-1.5707964,0.0
1970-01-01 00:00:00.150049793,0.150049793,0.0,0.0,127.30592,0.0,0.0,0.0,0.0,0.0,-1.5707964,0.0
1970-01-01 00:00:00.150096593,0.150096593,0.0,0.0,243.61063,0.0,0.0,0.0,0.0,0.0,-1.5707964,0.0
1970-01-01 00:00:00.150116615,0.150116615,0.0,0.0,1882.6947,0.0,0.0,0.0,0.0,0.0,-1.5707964,0.0
1970-01-01 00:00:00.150132672,0.150132672,0.0,0.0,309.31067,0.0,0.0,0.0,0.0,0.0,-1.5707964,0.0
1970-01-01 00:00:00.150139886,0.150139886,0.0,0.0,0.0,0.0,588.01373,0.0,0.0,0.0,-1.5707964,0.0
1970-01-01 00:00:00.150151139,0.150151139,0.0,0.0,537.70135,0.0,0.0,0.0,0.0,0.0,-1.5707964,0.0
1970-01-01 00:00:00.150175912,0.150175912,0.0,0.0,0.0,0.0,271.1157,0.0,0.0,0.0,-1.5707964,0.0
1970-01-01 00:00:00.150227788,0.150227788,0.0,0.0,198.9501,0.0,0.0,0.0,0.0,0.0,-1.5707964,0.0
1970-01-01 00:00:00.150249898,0.150249898,0.0,0.0,286.13446,0.0,0.0,0.0,0.0,0.0,-1.5707964,0.0
1970-01-01 00:00:00.150274751,0.150274751,0.0,0.0,164.38222,0.0,0.0,0.0,0.0,0.0,-1.5707964,0.0
1970-01-01 00:00:00.150275590,0.15027559,0.0,0.0,280.66797,0.0,0.0,0.0,0.0,0.0,-1.5707964,0.0
1970-01-01 00:00:00.150277565,0.150277565,0.0,0.0,457.64893,0.0,0.0,0.0,0.0,0.0,-1.5707964,0.0
1970-01-01 00:00:00.150286180,0.15028618,0.0,0.0,262.24463,0.0,0.0,0.0,0.0,0.0,-1.5707964,0.0
1970-01-01 00:00:00.150356278,0.150356278,0.0,0.0,249.76959,0.0,0.0,0.0,0.0,0.0,-1.5707964,0.0
1970-01-01 00:00:00.150370507,0.150370507,0.0,0.0,592.4353,0.0,0.0,0.0,0.0,0.0,-1.5707964,0.0
1970-01-01 00:00:00.150566120,0.15056612,0.0,0.0,0.0,0.0,137.65192,0.0,0.0,0.0,-1.5707964,0.0
1970-01-01 00:00:00.150743094,0.150743094,0.0,0.0,663.1451,0.0,0.0,0.0,0.0,0.0,-1.5707964,0.0
1970-01-01 00:00:00.150788079,0.150788079,0.0,0.0,490.59064,0.0,0.0,0.0,0.0,0.0,-1.5707964,0.0
1970-01-01 00:00:00.150797257,0.150797257,0.0,0.0,143.76811,0.0,0.0,0.0,0.0,0.0,-1.5707964,0.0
1970-01-01 00:00:00.150815529,0.150815529,0.0,764.9598,0.0,0.0,0.0,0.0,0.0,0.0,-1.5707964,0.0
1970-01-01 00:00:00.150862301,0.150862301,0.0,0.0,307.53165,0.0,0.0,0.0,0.0,0.0,-1.5707964,0.0
1970-01-01 00:00:00.150905082,0.150905082,1048.1124,0.0,0.0,0.0,0.0,0.0,0.0,0.0,-1.5707964,0.0
1970-01-01 00:00:00.151012179,0.151012179,0.0,0.0,0.0,675.4352,0.0,0.0,0.0,0.0,-1.5707964,0.0
1970-01-01 00:00:00.151058574,0.151058574,0.0,0.0,303.90652,0.0,0.0,0.0,0.0,0.0,-1.5707964,0.0
1970-01-01 00:00:00.151083836,0.151083836,0.0,0.0,0.0,0.0,85.60181,0.0,0.0,0.0,-1.5707964,0.0
1970-01-01 00:00:00.151092529,0.151092529,0.0,0.0,154.26123,0.0,0.0,0.0,0.0,0.0,-1.5707964,0.0
1970-01-01 00:00:00.151153892,0.151153892,0.0,0.0,118.32289,0.0,0.0,0.0,0.0,0.0,-1.5707964,0.0
1970-01-01 00:00:00.151187532,0.151187532,88.57387,0.0,0.0,0.0,0.0,0.0,0.0,0.0,-1.5707964,0.0
1970-01-01 00:00:00.151195149,0.151195149,0.0,0.0,81.77953,0.0,0.0,0.0,0.0,0.0,-1.5707964,0.0
1970-01-01 00:00:00.151202789,0.151202789,0.0,0.0,0.0,334.07825,0.0,0.0,0.0,0.0,-1.5707964,0.0
1970-01-01 00:00:00.151212249,0.151212249,0.0,0.0,97.66871,0.0,0.0,0.0,0.0,0.0,-1.5707964,0.0
1970-01-01 00:00:00.151219267,0.151219267,0.0,0.0,172.46187,0.0,0.0,0.0,0.0,0.0,-1.5707964,0.0
1970-01-01 00:00:00.151271290,0.15127129,0.0,0.0,0.0,0.0,0.0,338.04788,0.0,0.0,-1.5707964,0.0
1970-01-01 00:00:00.151307690,0.15130769,0.0,0.0,228.89645,0.0,0.0,0.0,0.0,0.0,-1.5707964,0.0
1970-01-01 00:00:00.151329693,0.151329693,0.0,0.0,336.62405,0.0,0.0,0.0,0.0,0.0,-1.5707964,0.0
1970-01-01 00:00:00.151371521,0.151371521,0.0,0.0,1437.0594,0.0,0.0,0.0,0.0,0.0,-1.5707964,0.0
1970-01-01 00:00:00.151399088,0.151399088,0.0,0.0,0.0,0.0,0.0,152.33067,0.0,0.0,-1.5707964,0.0
1970-01-01 00:00:00.151449764,0.151449764,0.0,0.0,1001.8986,0.0,0.0,0.0,0.0,0.0,-1.5707964,0.0
1970-01-01 00:00:00.151459963,0.151459963,0.0,0.0,0.0,0.0,85.000626,0.0,0.0,0.0,-1.5707964,0.0
1970-01-01 00:00:00.151539264,0.151539264,0.0,0.0,118.790695,0.0,0.0,0.0,0.0,0.0,-1.5707964,0.0
1970-01-01 00:00:00.151767838,0.151767838,0.0,0.0,0.0,0.0,0.0,640.4372,0.0,0.0,-1.5707964,0.0
1970-01-01 00:00:00.151853112,0.151853112,0.0,0.0,223.25403,0.0,0.0,0.0,0.0,0.0,-1.5707964,0.0
1970-01-01 00:00:00.151896421,0.151896421,0.0,0.0,0.0,0.0,0.0,350.22278,0.0,0.0,-1.5707964,0.0
1970-01-01 00:00:00.151943919,0.151943919,110.41972,0.0,0.0,0.0,0.0,0.0,0.0,0.0,-1.5707964,0.0
1970-01-01 00:00:00.152035649,0.152035649,447.16132,0.0,0.0,0.0,0.0,0.0,0.0,0.0,-1.5707964,0.0
1970-01-01 00:00:00.152074310,0.15207431,0.0,0.0,420.41592,0.0,0.0,0.0,0.0,0.0,-1.5707964,0.0
1970-01-01 00:00:00.152137905,0.152137905,0.0,0.0,316.60617,0.0,0.0,0.0,0.0,0.0,-1.5707964,0.0
1970-01-01 00:00:00.152155426,0.152155426,0.0,0.0,131.87048,0.0,0.0,0.0,0.0,0.0,-1.5707964,0.0
1970-01-01 00:00:00.152159050,0.15215905,0.0,0.0,272.41208,0.0,0.0,0.0,0.0,0.0,-1.5707964,0.0
1970-01-01 00:00:00.152166456,0.152166456,0.0,0.0,0.0,0.0,110.17489,0.0,0.0,0.0,-1.5707964,0.0
1970-01-01 00:00:00.152204949,0.152204949,0.0,0.0,0.0,0.0,0.0,1204.9401,0.0,0.0,-1.5707964,0.0
1970-01-01 00:00:00.152223337,0.152223337,0.0,0.0,169.80931,0.0,0.0,0.0,0.0,0.0,-1.5707964,0.0
1970-01-01 00:00:00.152227984,0.152227984,0.0,0.0,0.0,0.0,0.0,537.7953,0.0,0.0,-1.5707964,0.0
1970-01-01 00:00:00.152233065,0.152233065,0.0,0.0,84.923676,0.0,0.0,0.0,0.0,0.0,-1.5707964,0.0
1970-01-01 00:00:00.152281761,0.152281761,0.0,0.0,85.30305,0.0,0.0,0.0,0.0,0.0,-1.5707964,0.0
1970-01-01 00:00:00.152357453,0.152357453,0.0,0.0,0.0,0.0,239.5459,0.0,0.0,0.0,-1.5707964,0.0
1970-01-01 00:00:00.152362468,0.152362468,0.0,0.0,91.57472,0.0,0.0,0.0,0.0,0.0,-1.5707964,0.0
1970-01-01 00:00:00.152400603,0.152400603,0.0,0.0,1179.2262,0.0,0.0,0.0,0.0,0.0,-1.5707964,0.0
1970-01-01 00:00:00.152443087,0.152443087,0.0,349.8085,0.0,0.0,0.0,0.0,0.0,0.0,-1.5707964,0.0
1970-01-01 00:00:00.152452811,0.152452811,0.0,0.0,217.9887,0.0,0.0,0.0,0.0,0.0,-1.5707964,0.0
1970-01-01 00:00:00.152502055,0.152502055,0.0,0.0,196.49681,0.0,0.0,0.0,0.0,0.0,-1.5707964,0.0
1970-01-01 00:00:00.152547672,0.152547672,0.0,0.0,360.7786,0.0,0.0,0.0,0.0,0.0,-1.5707964,0.0
1970-01-01 00:00:00.152614650,0.15261465,0.0,0.0,179.53493,0.0,0.0,0.0,0.0,0.0,-1.5707964,0.0
1970-01-01 00:00:00.152643786,0.152643786,0.0,0.0,3327.071,0.0,0.0,0.0,0.0,0.0,-1.5707964,0.0
1970-01-01 00:00:00.152745592,0.152745592,0.0,0.0,271.59695,0.0,0.0,0.0,0.0,0.0,-1.5707964,0.0
1970-01-01 00:00:00.152770958,0.152770958,0.0,0.0,411.29294,0.0,0.0,0.0,0.0,0.0,-1.5707964,0.0
1970-01-01 00:00:00.152841482,0.152841482,0.0,0.0,496.35175,0.0,0.0,0.0,0.0,0.0,-1.5707964,0.0
1970-01-01 00:00:00.152851789,0.152851789,0.0,0.0,0.0,204.44107,0.0,0.0,0.0,0.0,-1.5707964,0.0
1970-01-01 00:00:00.152898415,0.152898415,0.0,0.0,0.0,340.3745,0.0,0.0,0.0,0.0,-1.5707964,0.0
1970-01-01 00:00:00.152916623,0.152916623,0.0,0.0,0.0,0.0,0.0,88.58164,0.0,0.0,-1.5707964,0.0
1970-01-01 00:00:00.153026385,0.153026385,218.86357,0.0,0.0,0.0,0.0,0.0,0.0,0.0,-1.5707964,0.0
1970-01-01 00:00:00.153107923,0.153107923,0.0,0.0,297.68774,0.0,0.0,0.0,0.0,0.0,-1.5707964,0.0
1970-01-01 00:00:00.153177130,0.15317713,0.0,0.0,240.83461,0.0,0.0,0.0,0.0,0.0,-1.5707964,0.0
1970-01-01 00:00:00.153196978,0.153196978,0.0,0.0,0.0,0.0,0.0,634.25037,0.0,0.0,-1.5707964,0.0
1970-01-01 00:00:00.153580240,0.15358024,0.0,0.0,176.64911,0.0,0.0,0.0,0.0,0.0,-1.5707964,0.0
1970-01-01 00:00:00.153580576,0.153580576,0.0,0.0,86.28284,0.0,0.0,0.0,0.0,0.0,-1.5707964,0.0
1970-01-01 00:00:00.153616449,0.153616449,0.0,244.07178,0.0,0.0,0.0,0.0,0.0,0.0,-1.5707964,0.0
1970-01-01 00:00:00.153627770,0.15362777,0.0,0.0,0.0,0.0,0.0,260.2429,0.0,0.0,-1.5707964,0.0
1970-01-01 00:00:00.153769893,0.153769893,0.0,0.0,505.1801,0.0,0.0,0.0,0.0,0.0,-1.5707964,0.0
1970-01-01 00:00:00.153828057,0.153828057,101.22629,0.0,0.0,0.0,0.0,0.0,0.0,0.0,-1.5707964,0.0
1970-01-01 00:00:00.153972576,0.153972576,0.0,0.0,455.99896,0.0,0.0,0.0,0.0,0.0,-1.5707964,0.0
1970-01-01 00:00:00.153980125,0.153980125,171.90892,0.0,0.0,0.0,0.0,0.0,0.0,0.0,-1.5707964,0.0
1970-01-01 00:00:00.153980125,0.153980125,0.0,0.0,0.0,0.0,0.0,1838.6906,0.0,0.0,-1.5707964,0.0
1970-01-01 00:00:00.154014520,0.15401452,0.0,0.0,186.98578,0.0,0.0,0.0,0.0,0.0,-1.5707964,0.0
1970-01-01 00:00:00.154084703,0.154084703,2482.2017,0.0,0.0,0.0,0.0,0.0,0.0,0.0,-1.5707964,0.0
1970-01-01 00:00:00.154135652,0.154135652,0.0,0.0,0.0,0.0,1226.0817,0.0,0.0,0.0,-1.5707964,0.0
1970-01-01 00:00:00.154222973,0.154222973,0.0,0.0,89.869225,0.0,0.0,0.0,0.0,0.0,-1.5707964,0.0
1970-01-01 00:00:00.154264302,0.154264302,0.0,468.2044,0.0,0.0,0.0,0.0,0.0,0.0,-1.5707964,0.0
1970-01-01 00:00:00.154273694,0.154273694,0.0,0.0,208.96628,0.0,0.0,0.0,0.0,0.0,-1.5707964,0.0
1970-01-01 00:00:00.154310864,0.154310864,0.0,0.0,0.0,0.0,124.74146,0.0,0.0,0.0,-1.5707964,0.0
1970-01-01 00:00:00.154333263,0.154333263,0.0,0.0,139.50124,0.0,0.0,0.0,0.0,0.0,-1.5707964,0.0
1970-01-01 00:00:00.154425767,0.154425767,0.0,0.0,191.68039,0.0,0.0,0.0,0.0,0.0,-1.5707964,0.0
1970-01-01 00:00:00.154466424,0.154466424,0.0,0.0,0.0,0.0,375.65024,0.0,0.0,0.0,-1.5707964,0.0
1970-01-01 00:00:00.154473529,0.154473529,0.0,0.0,0.0,0.0,0.0,401.68182,0.0,0.0,-1.5707964,0.0
1970-01-01 00:00:00.154590621,0.154590621,0.0,0.0,0.0,0.0,223.90851,0.0,0.0,0.0,-1.5707964,0.0
1970-01-01 00:00:00.154596643,0.154596643,83.36496,0.0,0.0,0.0,0.0,0.0,0.0,0.0,-1.5707964,0.0
1970-01-01 00:00:00.154693188,0.154693188,0.0,0.0,405.82834,0.0,0.0,0.0,0.0,0.0,-1.5707964,0.0
1970-01-01 00:00:00.154722566,0.154722566,0.0,0.0,0.0,0.0,235.46788,0.0,0.0,0.0,-1.5707964,0.0
1970-01-01 00:00:00.154772246,0.154772246,0.0,207.24992,0.0,0.0,0.0,0.0,0.0,0.0,-1.5707964,0.0
1970-01-01 00:00:00.154815659,0.154815659,0.0,0.0,240.44463,0.0,0.0,0.0,0.0,0.0,-1.5707964,0.0
1970-01-01 00:00:00.154826258,0.154826258,0.0,0.0,2379.3289,0.0,0.0,0.0,0.0,0.0,-1.5707964,0.0
1970-01-01 00:00:00.154828088,0.154828088,0.0,0.0,797.3652,0.0,0.0,0.0,0.0,0.0,-1.5707964,0.0
1970-01-01 00:00:00.154856152,0.154856152,0.0,0.0,0.0,632.38727,0.0,0.0,0.0,0.0,-1.5707964,0.0
1970-01-01 00:00:00.154859502,0.154859502,0.0,0.0,125.83486,0.0,0.0,0.0,0.0,0.0,-1.5707964,0.0
1970-01-01 00:00:00.154886223,0.154886223,0.0,0.0,0.0,391.4462,0.0,0.0,0.0,0.0,-1.5707964,0.0
1970-01-01 00:00:00.154944133,0.154944133,0.0,0.0,704.2678,0.0,0.0,0.0,0.0,0.0,-1.5707964,0.0
1970-01-01 00:00:00.155001532,0.155001532,0.0,0.0,0.0,548.5686,0.0,0.0,0.0,0.0,-1.5707964,0.0
1970-01-01 00:00:00.155023493,0.155023493,0.0,0.0,0.0,0.0,0.0,444.38284,0.0,0.0,-1.5707964,0.0
1970-01-01 00:00:00.155041494,0.155041494,0.0,0.0,396.51648,0.0,0.0,0.0,0.0,0.0,-1.5707964,0.0
1970-01-01 00:00:00.155081761,0.155081761,0.0,0.0,0.0,0.0,277.72876,0.0,0.0,0.0,-1.5707964,0.0
1970-01-01 00:00:00.155197439,0.155197439,0.0,0.0,689.87646,0.0,0.0,0.0,0.0,0.0,-1.5707964,0.0
1970-01-01 00:00:00.155199140,0.15519914,0.0,0.0,0.0,0.0,2990.3447,0.0,0.0,0.0,-1.5707964,0.0
1970-01-01 00:00:00.155199140,0.15519914,0.0,0.0,0.0,688.08496,0.0,0.0,0.0,0.0,-1.5707964,0.0
1970-01-01 00:00:00.155239249,0.155239249,0.0,0.0,82.7956,0.0,0.0,0.0,0.0,0.0,-1.5707964,0.0
1970-01-01 00:00:00.155251688,0.155251688,0.0,0.0,0.0,0.0,847.1424,0.0,0.0,0.0,-1.5707964,0.0
1970-01-01 00:00:00.155290720,0.15529072,0.0,0.0,0.0,0.0,215.6731,0.0,0.0,0.0,-1.5707964,0.0
1970-01-01 00:00:00.155342793,0.155342793,0.0,0.0,557.8663,0.0,0.0,0.0,0.0,0.0,-1.5707964,0.0
1970-01-01 00:00:00.155389657,0.155389657,0.0,0.0,0.0,224.85112,0.0,0.0,0.0,0.0,-1.5707964,0.0
1970-01-01 00:00:00.155397149,0.155397149,0.0,0.0,1444.6655,0.0,0.0,0.0,0.0,0.0,-1.5707964,0.0
1970-01-01 00:00:00.155403038,0.155403038,0.0,0.0,0.0,1162.2101,0.0,0.0,0.0,0.0,-1.5707964,0.0
1970-01-01 00:00:00.155404861,0.155404861,0.0,0.0,0.0,0.0,198.78735,0.0,0.0,0.0,-1.5707964,0.0
1970-01-01 00:00:00.155406432,0.155406432,0.0,0.0,0.0,0.0,1863.0916,0.0,0.0,0.0,-1.5707964,0.0
1970-01-01 00:00:00.155424583,0.155424583,0.0,0.0,387.40854,0.0,0.0,0.0,0.0,0.0,-1.5707964,0.0
1970-01-01 00:00:00.155424583,0.155424583,0.0,0.0,0.0,0.0,228.12358,0.0,0.0,0.0,-1.5707964,0.0
1970-01-01 00:00:00.155438792,0.155438792,0.0,0.0,117.52791,0.0,0.0,0.0,0.0,0.0,-1.5707964,0.0
1970-01-01 00:00:00.155452370,0.15545237,0.0,0.0,119.84023,0.0,0.0,0.0,0.0,0.0,-1.5707964,0.0
1970-01-01 00:00:00.155511236,0.155511236,0.0,0.0,0.0,259.95935,0.0,0.0,0.0,0.0,-1.5707964,0.0
1970-01-01 00:00:00.155577998,0.155577998,0.0,0.0,82.58953,0.0,0.0,0.0,0.0,0.0,-1.5707964,0.0
1970-01-01 00:00:00.155578812,0.155578812,0.0,0.0,272.56836,0.0,0.0,0.0,0.0,0.0,-1.5707964,0.0
1970-01-01 00:00:00.155621865,0.155621865,0.0,0.0,0.0,0.0,171.14218,0.0,0.0,0.0,-1.5707964,0.0
1970-01-01 00:00:00.155783657,0.155783657,0.0,0.0,0.0,0.0,0.0,122.670105,0.0,0.0,-1.5707964,0.0
1970-01-01 00:00:00.155801718,0.155801718,0.0,0.0,108.14017,0.0,0.0,0.0,0.0,0.0,-1.5707964,0.0
1970-01-01 00:00:00.155882041,0.155882041,0.0,0.0,135.78462,0.0,0.0,0.0,0.0,0.0,-1.5707964,0.0
1970-01-01 00:00:00.155992372,0.155992372,0.0,0.0,0.0,0.0,0.0,314.74423,0.0,0.0,-1.5707964,0.0
1970-01-01 00:00:00.156058813,0.156058813,0.0,0.0,192.93903,0.0,0.0,0.0,0.0,0.0,-1.5707964,0.0
1970-01-01 00:00:00.156119118,0.156119118,0.0,0.0,0.0,0.0,368.51498,0.0,0.0,0.0,-1.5707964,0.0
1970-01-01 00:00:00.156138820,0.15613882,0.0,0.0,516.5863,0.0,0.0,0.0,0.0,0.0,-1.5707964,0.0
1970-01-01 00:00:00.156155689,0.156155689,0.0,0.0,154.52205,0.0,0.0,0.0,0.0,0.0,-1.5707964,0.0
1970-01-01 00:00:00.156220899,0.156220899,1163.5823,0.0,0.0,0.0,0.0,0.0,0.0,0.0,-1.5707964,0.0
1970-01-01 00:00:00.156220899,0.156220899,362.56772,0.0,0.0,0.0,0.0,0.0,0.0,0.0,-1.5707964,0.0
1970-01-01 00:00:00.156350719,0.156350719,207.18283,0.0,0.0,0.0,0.0,0.0,0.0,0.0,-1.5707964,0.0
1970-01-01 00:00:00.156350719,0.156350719,0.0,0.0,85.92571,0.0,0.0,0.0,0.0,0.0,-1.5707964,0.0
1970-01-01 00:00:00.156351835,0.156351835,0.0,0.0,106.10481,0.0,0.0,0.0,0.0,0.0,-1.5707964,0.0
1970-01-01 00:00:00.156376662,0.156376662,0.0,0.0,0.0,0.0,171.76668,0.0,0.0,0.0,-1.5707964,0.0
1970-01-01 00:00:00.156377880,0.15637788,0.0,0.0,0.0,0.0,0.0,1723.827,0.0,0.0,-1.5707964,0.0
1970-01-01 00:00:00.156429123,0.156429123,0.0,0.0,0.0,0.0,0.0,515.348,0.0,0.0,-1.5707964,0.0
1970-01-01 00:00:00.156512254,0.156512254,0.0,0.0,0.0,0.0,448.05252,0.0,0.0,0.0,-1.5707964,0.0
1970-01-01 00:00:00.156561507,0.156561507,0.0,0.0,2876.305,0.0,0.0,0.0,0.0,0.0,-1.5707964,0.0
1970-01-01 00:00:00.156627478,0.156627478,0.0,0.0,85.6976,0.0,0.0,0.0,0.0,0.0,-1.5707964,0.0
1970-01-01 00:00:00.156649028,0.156649028,0.0,0.0,0.0,0.0,436.0883,0.0,0.0,0.0,-1.5707964,0.0
1970-01-01 00:00:00.156674150,0.15667415,0.0,0.0,1602.4595,0.0,0.0,0.0,0.0,0.0,-1.5707964,0.0
1970-01-01 00:00:00.156724252,0.156724252,0.0,0.0,0.0,0.0,0.0,1718.5348,0.0,0.0,-1.5707964,0.0
1970-01-01 00:00:00.156779818,0.156779818,0.0,0.0,723.4949,0.0,0.0,0.0,0.0,0.0,-1.5707964,0.0
1970-01-01 00:00:00.156785394,0.156785394,0.0,0.0,422.5089,0.0,0.0,0.0,0.0,0.0,-1.5707964,0.0
1970-01-01 00:00:00.156862574,0.156862574,0.0,0.0,0.0,89.539894,0.0,0.0,0.0,0.0,-1.5707964,0.0
1970-01-01 00:00:00.156996772,0.156996772,185.2901,0.0,0.0,0.0,0.0,0.0,0.0,0.0,-1.5707964,0.0
1970-01-01 00:00:00.157015549,0.157015549,210.82852,0.0,0.0,0.0,0.0,0.0,0.0,0.0,-1.5707964,0.0
1970-01-01 00:00:00.157152930,0.15715293,0.0,0.0,331.7361,0.0,0.0,0.0,0.0,0.0,-1.5707964,0.0
1970-01-01 00:00:00.157203540,0.15720354,0.0,0.0,0.0,0.0,0.0,1228.1536,0.0,0.0,-1.5707964,0.0
1970-01-01 00:00:00.157269991,0.157269991,0.0,0.0,0.0,0.0,0.0,883.92566,0.0,0.0,-1.5707964,0.0
1970-01-01 00:00:00.157327355,0.157327355,384.2157,0.0,0.0,0.0,0.0,0.0,0.0,0.0,-1.5707964,0.0
1970-01-01 00:00:00.157363797,0.157363797,0.0,0.0,0.0,0.0,0.0,808.033,0.0,0.0,-1.5707964,0.0
1970-01-01 00:00:00.157561418,0.157561418,0.0,0.0,6513.749,0.0,0.0,0.0,0.0,0.0,-1.5707964,0.0
1970-01-01 00:00:00.157614033,0.157614033,0.0,0.0,213.5322,0.0,0.0,0.0,0.0,0.0,-1.5707964,0.0
1970-01-01 00:00:00.157652014,0.157652014,0.0,0.0,0.0,0.0,0.0,217.15248,0.0,0.0,-1.5707964,0.0
1970-01-01 00:00:00.157859249,0.157859249,0.0,0.0,115.78069,0.0,0.0,0.0,0.0,0.0,-1.5707964,0.0
1970-01-01 00:00:00.157887093,0.157887093,0.0,0.0,253.35779,0.0,0.0,0.0,0.0,0.0,-1.5707964,0.0
1970-01-01 00:00:00.157957397,0.157957397,0.0,0.0,106.60711,0.0,0.0,0.0,0.0,0.0,-1.5707964,0.0
1970-01-01 00:00:00.157959279,0.157959279,0.0,0.0,299.29886,0.0,0.0,0.0,0.0,0.0,-1.5707964,0.0
1970-01-01 00:00:00.158172862,0.158172862,0.0,0.0,173.14948,0.0,0.0,0.0,0.0,0.0,-1.5707964,0.0
1970-01-01 00:00:00.158444618,0.158444618,0.0,0.0,410.60626,0.0,0.0,0.0,0.0,0.0,-1.5707964,0.0
1970-01-01 00:00:00.158494796,0.158494796,0.0,0.0,0.0,1372.8408,0.0,0.0,0.0,0.0,-1.5707964,0.0
1970-01-01 00:00:00.158507527,0.158507527,0.0,0.0,0.0,0.0,0.0,105.37174,0.0,0.0,-1.5707964,0.0
1970-01-01 00:00:00.158519620,0.15851962,0.0,1256.618,0.0,0.0,0.0,0.0,0.0,0.0,-1.5707964,0.0
1970-01-01 00:00:00.158520425,0.158520425,0.0,0.0,1755.4764,0.0,0.0,0.0,0.0,0.0,-1.5707964,0.0
1970-01-01 00:00:00.158521545,0.158521545,0.0,0.0,343.93182,0.0,0.0,0.0,0.0,0.0,-1.5707964,0.0
1970-01-01 00:00:00.158529387,0.158529387,0.0,0.0,1619.0166,0.0,0.0,0.0,0.0,0.0,-1.5707964,0.0
1970-01-01 00:00:00.158611723,0.158611723,0.0,0.0,160.86337,0.0,0.0,0.0,0.0,0.0,-1.5707964,0.0
1970-01-01 00:00:00.158652066,0.158652066,0.0,0.0,580.71857,0.0,0.0,0.0,0.0,0.0,-1.5707964,0.0
1970-01-01 00:00:00.158657070,0.15865707,705.3562,0.0,0.0,0.0,0.0,0.0,0.0,0.0,-1.5707964,0.0
1970-01-01 00:00:00.158714341,0.158714341,0.0,0.0,111.42855,0.0,0.0,0.0,0.0,0.0,-1.5707964,0.0
1970-01-01 00:00:00.158766591,0.158766591,0.0,0.0,0.0,0.0,0.0,488.29138,0.0,0.0,-1.5707964,0.0
1970-01-01 00:00:00.158907307,0.158907307,0.0,0.0,0.0,0.0,0.0,434.2668,0.0,0.0,-1.5707964,0.0
1970-01-01 00:00:00.158989849,0.158989849,0.0,0.0,285.52432,0.0,0.0,0.0,0.0,0.0,-1.5707964,0.0
1970-01-01 00:00:00.159041134,0.159041134,0.0,0.0,1629.7869,0.0,0.0,0.0,0.0,0.0,-1.5707964,0.0
1970-01-01 00:00:00.159063905,0.159063905,0.0,0.0,213.02023,0.0,0.0,0.0,0.0,0.0,-1.5707964,0.0
1970-01-01 00:00:00.159077098,0.159077098,0.0,0.0,183.01976,0.0,0.0,0.0,0.0,0.0,-1.5707964,0.0
1970-01-01 00:00:00.159127553,0.159127553,581.5061,0.0,0.0,0.0,0.0,0.0,0.0,0.0,-1.5707964,0.0
1970-01-01 00:00:00.159144582,0.159144582,0.0,0.0,470.17087,0.0,0.0,0.0,0.0,0.0,-1.5707964,0.0
1970-01-01 00:00:00.159242613,0.159242613,0.0,0.0,0.0,0.0,604.42017,0.0,0.0,0.0,-1.5707964,0.0
1970-01-01 00:00:00.159294639,0.159294639,0.0,0.0,0.0,0.0,0.0,118.94314,0.0,0.0,-1.5707964,0.0
1970-01-01 00:00:00.159297298,0.159297298,202.35318,0.0,0.0,0.0,0.0,0.0,0.0,0.0,-1.5707964,0.0
1970-01-01 00:00:00.159341169,0.159341169,0.0,0.0,120.89873,0.0,0.0,0.0,0.0,0.0,-1.5707964,0.0
1970-01-01 00:00:00.159346134,0.159346134,0.0,0.0,747.69556,0.0,0.0,0.0,0.0,0.0,-1.5707964,0.0
1970-01-01 00:00:00.159448946,0.159448946,0.0,0.0,0.0,0.0,401.6166,0.0,0.0,0.0,-1.5707964,0.0
1970-01-01 00:00:00.159507040,0.15950704,0.0,0.0,345.14978,0.0,0.0,0.0,0.0,0.0,-1.5707964,0.0
1970-01-01 00:00:00.159534786,0.159534786,0.0,0.0,541.5932,0.0,0.0,0.0,0.0,0.0,-1.5707964,0.0
1970-01-01 00:00:00.159552976,0.159552976,0.0,0.0,0.0,0.0,0.0,283.66068,0.0,0.0,-1.5707964,0.0
1970-01-01 00:00:00.159570192,0.159570192,0.0,0.0,335.2014,0.0,0.0,0.0,0.0,0.0,-1.5707964,0.0
1970-01-01 00:00:00.159620406,0.159620406,0.0,0.0,988.67395,0.0,0.0,0.0,0.0,0.0,-1.5707964,0.0
1970-01-01 00:00:00.159622179,0.159622179,0.0,0.0,485.83585,0.0,0.0,0.0,0.0,0.0,-1.5707964,0.0
1970-01-01 00:00:00.159666532,0.159666532,0.0,327.30365,0.0,0.0,0.0,0.0,0.0,0.0,-1.5707964,0.0
1970-01-01 00:00:00.159755133,0.159755133,0.0,321.05206,0.0,0.0,0.0,0.0,0.0,0.0,-1.5707964,0.0
1970-01-01 00:00:00.159779341,0.159779341,0.0,0.0,140.91708,0.0,0.0,0.0,0.0,0.0,-1.5707964,0.0
1970-01-01 00:00:00.159924894,0.159924894,0.0,0.0,685.3275,0.0,0.0,0.0,0.0,0.0,-1.5707964,0.0
1970-01-01 00:00:00.159930024,0.159930024,0.0,0.0,0.0,0.0,0.0,410.3387,0.0,0.0,-1.5707964,0.0
1970-01-01 00:00:00.159950327,0.159950327,0.0,0.0,240.7696,0.0,0.0,0.0,0.0,0.0,-1.5707964,0.0
1970-01-01 00:00:00.160038138,0.160038138,0.0,0.0,0.0,0.0,0.0,556.74963,0.0,0.0,-1.5707964,0.0
1970-01-01 00:00:00.160045613,0.160045613,1116.0327,0.0,0.0,0.0,0.0,0.0,0.0,0.0,-1.5707964,0.0
1970-01-01 00:00:00.160137180,0.16013718,0.0,0.0,136.76237,0.0,0.0,0.0,0.0,0.0,-1.5707964,0.0
1970-01-01 00:00:00.160277268,0.160277268,0.0,0.0,517.5168,0.0,0.0,0.0,0.0,0.0,-1.5707964,0.0
1970-01-01 00:00:00.160296427,0.160296427,0.0,0.0,255.30585,0.0,0.0,0.0,0.0,0.0,-1.5707964,0.0
1970-01-01 00:00:00.160345806,0.160345806,191.35068,0.0,0.0,0.0,0.0,0.0,0.0,0.0,-1.5707964,0.0
1970-01-01 00:00:00.160602597,0.160602597,0.0,0.0,153.18872,0.0,0.0,0.0,0.0,0.0,-1.5707964,0.0
1970-01-01 00:00:00.160605560,0.16060556,0.0,0.0,181.43225,0.0,0.0,0.0,0.0,0.0,-1.5707964,0.0
1970-01-01 00:00:00.160608475,0.160608475,0.0,0.0,607.3663,0.0,0.0,0.0,0.0,0.0,-1.5707964,0.0
1970-01-01 00:00:00.160624244,0.160624244,0.0,0.0,331.12418,0.0,0.0,0.0,0.0,0.0,-1.5707964,0.0
1970-01-01 00:00:00.160641556,0.160641556,0.0,0.0,365.59308,0.0,0.0,0.0,0.0,0.0,-1.5707964,0.0
1970-01-01 00:00:00.160708765,0.160708765,0.0,0.0,246.13277,0.0,0.0,0.0,0.0,0.0,-1.5707964,0.0
1970-01-01 00:00:00.160736663,0.160736663,0.0,0.0,0.0,0.0,177.17049,0.0,0.0,0.0,-1.5707964,0.0
1970-01-01 00:00:00.160837790,0.16083779,0.0,0.0,0.0,0.0,313.48026,0.0,0.0,0.0,-1.5707964,0.0
1970-01-01 00:00:00.160859149,0.160859149,0.0,0.0,0.0,0.0,0.0,340.92184,0.0,0.0,-1.5707964,0.0
1970-01-01 00:00:00.160872105,0.160872105,0.0,0.0,0.0,0.0,211.03928,0.0,0.0,0.0,-1.5707964,0.0
1970-01-01 00:00:00.160924849,0.160924849,0.0,0.0,0.0,0.0,0.0,114.661995,0.0,0.0,-1.5707964,0.0
1970-01-01 00:00:00.161088822,0.161088822,0.0,0.0,347.58557,0.0,0.0,0.0,0.0,0.0,-1.5707964,0.0
1970-01-01 00:00:00.161167996,0.161167996,0.0,0.0,704.1372,0.0,0.0,0.0,0.0,0.0,-1.5707964,0.0
1970-01-01 00:00:00.161174768,0.161174768,0.0,0.0,132.96637,0.0,0.0,0.0,0.0,0.0,-1.5707964,0.0
1970-01-01 00:00:00.161179254,0.161179254,0.0,0.0,418.07532,0.0,0.0,0.0,0.0,0.0,-1.5707964,0.0
1970-01-01 00:00:00.161240201,0.161240201,0.0,0.0,116.87572,0.0,0.0,0.0,0.0,0.0,-1.5707964,0.0
1970-01-01 00:00:00.161315038,0.161315038,0.0,0.0,831.1158,0.0,0.0,0.0,0.0,0.0,-1.5707964,0.0
1970-01-01 00:00:00.161337524,0.161337524,0.0,0.0,349.27298,0.0,0.0,0.0,0.0,0.0,-1.5707964,0.0
1970-01-01 00:00:00.161504305,0.161504305,0.0,0.0,158.26927,0.0,0.0,0.0,0.0,0.0,-1.5707964,0.0
1970-01-01 00:00:00.161551095,0.161551095,0.0,0.0,942.9604,0.0,0.0,0.0,0.0,0.0,-1.5707964,0.0
1970-01-01 00:00:00.161557155,0.161557155,0.0,0.0,201.02007,0.0,0.0,0.0,0.0,0.0,-1.5707964,0.0
1970-01-01 00:00:00.161609970,0.16160997,0.0,0.0,0.0,0.0,118.199425,0.0,0.0,0.0,-1.5707964,0.0
1970-01-01 00:00:00.161641353,0.161641353,0.0,0.0,1638.2751,0.0,0.0,0.0,0.0,0.0,-1.5707964,0.0
1970-01-01 00:00:00.161652571,0.161652571,0.0,0.0,211.9813,0.0,0.0,0.0,0.0,0.0,-1.5707964,0.0
1970-01-01 00:00:00.161671740,0.16167174,0.0,0.0,146.10832,0.0,0.0,0.0,0.0,0.0,-1.5707964,0.0
1970-01-01 00:00:00.161690524,0.161690524,319.36166,0.0,0.0,0.0,0.0,0.0,0.0,0.0,-1.5707964,0.0
1970-01-01 00:00:00.161789748,0.161789748,0.0,0.0,980.37445,0.0,0.0,0.0,0.0,0.0,-1.5707964,0.0
1970-01-01 00:00:00.161797440,0.16179744,0.0,0.0,0.0,0.0,182.19342,0.0,0.0,0.0,-1.5707964,0.0
1970-01-01 00:00:00.161815567,0.161815567,0.0,0.0,254.86116,0.0,0.0,0.0,0.0,0.0,-1.5707964,0.0
1970-01-01 00:00:00.161835424,0.161835424,0.0,0.0,94.419395,0.0,0.0,0.0,0.0,0.0,-1.5707964,0.0
1970-01-01 00:00:00.161921147,0.161921147,0.0,0.0,111.66248,0.0,0.0,0.0,0.0,0.0,-1.5707964,0.0
1970-01-01 00:00:00.161967404,0.161967404,0.0,0.0,496.8354,0.0,0.0,0.0,0.0,0.0,-1.5707964,0.0
1970-01-01 00:00:00.162058827,0.162058827,0.0,0.0,0.0,0.0,0.0,256.82092,0.0,0.0,-1.5707964,0.0
1970-01-01 00:00:00.162145633,0.162145633,812.9651,0.0,0.0,0.0,0.0,0.0,0.0,0.0,-1.5707964,0.0
1970-01-01 00:00:00.162146184,0.162146184,0.0,0.0,0.0,845.7557,0.0,0.0,0.0,0.0,-1.5707964,0.0
1970-01-01 00:00:00.162260778,0.162260778,0.0,0.0,135.3102,0.0,0.0,0.0,0.0,0.0,-1.5707964,0.0
1970-01-01 00:00:00.162261862,0.162261862,0.0,0.0,246.413,0.0,0.0,0.0,0.0,0.0,-1.5707964,0.0
1970-01-01 00:00:00.162396118,0.162396118,0.0,0.0,0.0,0.0,0.0,348.03973,0.0,0.0,-1.5707964,0.0
1970-01-01 00:00:00.162439484,0.162439484,0.0,0.0,519.5251,0.0,0.0,0.0,0.0,0.0,-1.5707964,0.0
1970-01-01 00:00:00.162496497,0.162496497,0.0,0.0,323.10516,0.0,0.0,0.0,0.0,0.0,-1.5707964,0.0
1970-01-01 00:00:00.162512464,0.162512464,0.0,0.0,778.7179,0.0,0.0,0.0,0.0,0.0,-1.5707964,0.0
1970-01-01 00:00:00.162542342,0.162542342,0.0,0.0,587.0907,0.0,0.0,0.0,0.0,0.0,-1.5707964,0.0
1970-01-01 00:00:00.162551875,0.162551875,0.0,0.0,0.0,0.0,0.0,105.0969,0.0,0.0,-1.5707964,0.0
1970-01-01 00:00:00.162591056,0.162591056,0.0,0.0,0.0,0.0,0.0,129.25143,0.0,0.0,-1.5707964,0.0
1970-01-01 00:00:00.162643094,0.162643094,0.0,0.0,309.7257,0.0,0.0,0.0,0.0,0.0,-1.5707964,0.0
1970-01-01 00:00:00.162802822,0.162802822,0.0,0.0,0.0,233.90541,0.0,0.0,0.0,0.0,-1.5707964,0.0
1970-01-01 00:00:00.162925570,0.16292557,0.0,0.0,387.73947,0.0,0.0,0.0,0.0,0.0,-1.5707964,0.0
1970-01-01 00:00:00.162946608,0.162946608,0.0,0.0,0.0,383.4397,0.0,0.0,0.0,0.0,-1.5707964,0.0
1970-01-01 00:00:00.162951293,0.162951293,0.0,0.0,262.31158,0.0,0.0,0.0,0.0,0.0,-1.5707964,0.0
1970-01-01 00:00:00.163021424,0.163021424,0.0,0.0,0.0,0.0,88.46159,0.0,0.0,0.0,-1.5707964,0.0
1970-01-01 00:00:00.163059970,0.16305997,0.0,0.0,276.3711,0.0,0.0,0.0,0.0,0.0,-1.5707964,0.0
1970-01-01 00:00:00.163129672,0.163129672,0.0,0.0,0.0,0.0,444.71512,0.0,0.0,0.0,-1.5707964,0.0
1970-01-01 00:00:00.163144685,0.163144685,0.0,0.0,211.33195,0.0,0.0,0.0,0.0,0.0,-1.5707964,0.0
1970-01-01 00:00:00.163197584,0.163197584,0.0,0.0,227.96089,0.0,0.0,0.0,0.0,0.0,-1.5707964,0.0
1970-01-01 00:00:00.163233625,0.163233625,0.0,0.0,105.95198,0.0,0.0,0.0,0.0,0.0,-1.5707964,0.0
1970-01-01 00:00:00.163247912,0.163247912,0.0,0.0,588.71594,0.0,0.0,0.0,0.0,0.0,-1.5707964,0.0
1970-01-01 00:00:00.163273566,0.163273566,0.0,0.0,726.7187,0.0,0.0,0.0,0.0,0.0,-1.5707964,0.0
1970-01-01 00:00:00.163301894,0.163301894,0.0,0.0,118.43031,0.0,0.0,0.0,0.0,0.0,-1.5707964,0.0
1970-01-01 00:00:00.163493725,0.163493725,0.0,0.0,0.0,0.0,0.0,787.91394,0.0,0.0,-1.5707964,0.0
1970-01-01 00:00:00.163501815,0.163501815,0.0,0.0,258.9107,0.0,0.0,0.0,0.0,0.0,-1.5707964,0.0
1970-01-01 00:00:00.163570775,0.163570775,0.0,0.0,560.81805,0.0,0.0,0.0,0.0,0.0,-1.5707964,0.0
1970-01-01 00:00:00.163616016,0.163616016,0.0,0.0,0.0,0.0,161.17154,0.0,0.0,0.0,-1.5707964,0.0
1970-01-01 00:00:00.163656400,0.1636564,0.0,0.0,167.10884,0.0,0.0,0.0,0.0,0.0,-1.5707964,0.0
1970-01-01 00:00:00.163656754,0.163656754,0.0,0.0,81.656006,0.0,0.0,0.0,0.0,0.0,-1.5707964,0.0
1970-01-01 00:00:00.163687026,0.163687026,0.0,0.0,0.0,383.1585,0.0,0.0,0.0,0.0,-1.5707964,0.0
1970-01-01 00:00:00.163706329,0.163706329,85.609406,0.0,0.0,0.0,0.0,0.0,0.0,0.0,-1.5707964,0.0
1970-01-01 00:00:00.163719157,0.163719157,0.0,0.0,631.99146,0.0,0.0,0.0,0.0,0.0,-1.5707964,0.0
1970-01-01 00:00:00.163771950,0.16377195,0.0,0.0,146.8511,0.0,0.0,0.0,0.0,0.0,-1.5707964,0.0
1970-01-01 00:00:00.163777512,0.163777512,0.0,0.0,528.64056,0.0,0.0,0.0,0.0,0.0,-1.5707964,0.0
1970-01-01 00:00:00.163778426,0.163778426,0.0,0.0,0.0,0.0,0.0,97.201195,0.0,0.0,-1.5707964,0.0
1970-01-01 00:00:00.163813395,0.163813395,0.0,0.0,462.85025,0.0,0.0,0.0,0.0,0.0,-1.5707964,0.0
1970-01-01 00:00:00.163850245,0.163850245,0.0,642.82336,0.0,0.0,0.0,0.0,0.0,0.0,-1.5707964,0.0
1970-01-01 00:00:00.163891282,0.163891282,0.0,0.0,132.75705,0.0,0.0,0.0,0.0,0.0,-1.5707964,0.0
1970-01-01 00:00:00.163914230,0.16391423,0.0,0.0,257.2166,0.0,0.0,0.0,0.0,0.0,-1.5707964,0.0
1970-01-01 00:00:00.163920657,0.163920657,0.0,0.0,112.218544,0.0,0.0,0.0,0.0,0.0,-1.5707964,0.0
1970-01-01 00:00:00.163920657,0.163920657,0.0,0.0,0.0,0.0,610.25745,0.0,0.0,0.0,-1.5707964,0.0
1970-01-01 00:00:00.163936802,0.163936802,0.0,0.0,0.0,0.0,0.0,231.0953,0.0,0.0,-1.5707964,0.0
1970-01-01 00:00:00.164017593,0.164017593,0.0,0.0,0.0,0.0,82.81073,0.0,0.0,0.0,-1.5707964,0.0
1970-01-01 00:00:00.164033328,0.164033328,0.0,0.0,174.25485,0.0,0.0,0.0,0.0,0.0,-1.5707964,0.0
1970-01-01 00:00:00.164049447,0.164049447,0.0,0.0,345.01526,0.0,0.0,0.0,0.0,0.0,-1.5707964,0.0
1970-01-01 00:00:00.164049447,0.164049447,0.0,0.0,0.0,0.0,0.0,157.56757,0.0,0.0,-1.5707964,0.0
1970-01-01 00:00:00.164174394,0.164174394,0.0,0.0,0.0,0.0,0.0,251.44049,0.0,0.0,-1.5707964,0.0
1970-01-01 00:00:00.164203144,0.164203144,0.0,0.0,320.5063,0.0,0.0,0.0,0.0,0.0,-1.5707964,0.0
1970-01-01 00:00:00.164249807,0.164249807,472.49823,0.0,0.0,0.0,0.0,0.0,0.0,0.0,-1.5707964,0.0
1970-01-01 00:00:00.164283812,0.164283812,0.0,0.0,391.14523,0.0,0.0,0.0,0.0,0.0,-1.5707964,0.0
1970-01-01 00:00:00.164322226,0.164322226,0.0,0.0,264.66525,0.0,0.0,0.0,0.0,0.0,-1.5707964,0.0
1970-01-01 00:00:00.164380705,0.164380705,0.0,0.0,344.56287,0.0,0.0,0.0,0.0,0.0,-1.5707964,0.0
1970-01-01 00:00:00.164390480,0.16439048,0.0,0.0,0.0,0.0,383.51218,0.0,0.0,0.0,-1.5707964,0.0
1970-01-01 00:00:00.164438172,0.164438172,0.0,0.0,391.56827,0.0,0.0,0.0,0.0,0.0,-1.5707964,0.0
1970-01-01 00:00:00.164488884,0.164488884,0.0,0.0,239.38301,0.0,0.0,0.0,0.0,0.0,-1.5707964,0.0
1970-01-01 00:00:00.164543486,0.164543486,0.0,0.0,1581.5446,0.0,0.0,0.0,0.0,0.0,-1.5707964,0.0
1970-01-01 00:00:00.164556072,0.164556072,0.0,0.0,86.37919,0.0,0.0,0.0,0.0,0.0,-1.5707964,0.0
1970-01-01 00:00:00.164597876,0.164597876,0.0,0.0,88.60962,0.0,0.0,0.0,0.0,0.0,-1.5707964,0.0
1970-01-01 00:00:00.164718736,0.164718736,0.0,0.0,334.0287,0.0,0.0,0.0,0.0,0.0,-1.5707964,0.0
1970-01-01 00:00:00.164798762,0.164798762,0.0,0.0,245.81995,0.0,0.0,0.0,0.0,0.0,-1.5707964,0.0
1970-01-01 00:00:00.164802211,0.164802211,0.0,0.0,487.7797,0.0,0.0,0.0,0.0,0.0,-1.5707964,0.0
1970-01-01 00:00:00.164856667,0.164856667,0.0,0.0,0.0,0.0,0.0,122.79661,0.0,0.0,-1.5707964,0.0
1970-01-01 00:00:00.164890920,0.16489092,0.0,0.0,594.3616,0.0,0.0,0.0,0.0,0.0,-1.5707964,0.0
1970-01-01 00:00:00.165036073,0.165036073,0.0,0.0,0.0,0.0,0.0,183.2148,0.0,0.0,-1.5707964,0.0
1970-01-01 00:00:00.165090937,0.165090937,0.0,0.0,495.92847,0.0,0.0,0.0,0.0,0.0,-1.5707964,0.0
1970-01-01 00:00:00.165151166,0.165151166,0.0,0.0,109.75236,0.0,0.0,0.0,0.0,0.0,-1.5707964,0.0
1970-01-01 00:00:00.165190489,0.165190489,0.0,0.0,253.23969,0.0,0.0,0.0,0.0,0.0,-1.5707964,0.0
1970-01-01 00:00:00.165194861,0.165194861,0.0,0.0,0.0,0.0,0.0,86.49719,0.0,0.0,-1.5707964,0.0
1970-01-01 00:00:00.165222267,0.165222267,0.0,0.0,137.92628,0.0,0.0,0.0,0.0,0.0,-1.5707964,0.0
1970-01-01 00:00:00.165222267,0.165222267,0.0,0.0,603.18304,0.0,0.0,0.0,0.0,0.0,-1.5707964,0.0
1970-01-01 00:00:00.165254281,0.165254281,0.0,0.0,0.0,0.0,0.0,215.9474,0.0,0.0,-1.5707964,0.0
1970-01-01 00:00:00.165287591,0.165287591,0.0,0.0,168.26132,0.0,0.0,0.0,0.0,0.0,-1.5707964,0.0
1970-01-01 00:00:00.165298935,0.165298935,0.0,0.0,0.0,0.0,0.0,83.666794,0.0,0.0,-1.5707964,0.0
1970-01-01 00:00:00.165399469,0.165399469,0.0,242.66074,0.0,0.0,0.0,0.0,0.0,0.0,-1.5707964,0.0
1970-01-01 00:00:00.165399469,0.165399469,0.0,227.27013,0.0,0.0,0.0,0.0,0.0,0.0,-1.5707964,0.0
1970-01-01 00:00:00.165400866,0.165400866,0.0,0.0,0.0,749.0886,0.0,0.0,0.0,0.0,-1.5707964,0.0
1970-01-01 00:00:00.165490114,0.165490114,0.0,0.0,0.0,0.0,155.53671,0.0,0.0,0.0,-1.5707964,0.0
1970-01-01 00:00:00.165540717,0.165540717,638.8692,0.0,0.0,0.0,0.0,0.0,0.0,0.0,-1.5707964,0.0
1970-01-01 00:00:00.165661502,0.165661502,0.0,0.0,0.0,704.5627,0.0,0.0,0.0,0.0,-1.5707964,0.0
1970-01-01 00:00:00.165712273,0.165712273,0.0,435.3472,0.0,0.0,0.0,0.0,0.0,0.0,-1.5707964,0.0
1970-01-01 00:00:00.165735894,0.165735894,0.0,0.0,0.0,0.0,458.68817,0.0,0.0,0.0,-1.5707964,0.0
1970-01-01 00:00:00.165748988,0.165748988,0.0,0.0,108.374535,0.0,0.0,0.0,0.0,0.0,-1.5707964,0.0
1970-01-01 00:00:00.165793212,0.165793212,0.0,0.0,387.7376,0.0,0.0,0.0,0.0,0.0,-1.5707964,0.0
1970-01-01 00:00:00.165859853,0.165859853,733.51184,0.0,0.0,0.0,0.0,0.0,0.0,0.0,-1.5707964,0.0
1970-01-01 00:00:00.165880694,0.165880694,0.0,0.0,143.82805,0.0,0.0,0.0,0.0,0.0,-1.5707964,0.0
1970-01-01 00:00:00.165886159,0.165886159,0.0,0.0,626.70123,0.0,0.0,0.0,0.0,0.0,-1.5707964,0.0
1970-01-01 00:00:00.165907395,0.165907395,0.0,0.0,218.29427,0.0,0.0,0.0,0.0,0.0,-1.5707964,0.0
1970-01-01 00:00:00.165925254,0.165925254,0.0,0.0,255.396,0.0,0.0,0.0,0.0,0.0,-1.5707964,0.0
1970-01-01 00:00:00.165933213,0.165933213,0.0,0.0,0.0,0.0,775.2755,0.0,0.0,0.0,-1.5707964,0.0
1970-01-01 00:00:00.165933213,0.165933213,0.0,0.0,0.0,800.7111,0.0,0.0,0.0,0.0,-1.5707964,0.0
1970-01-01 00:00:00.165937169,0.165937169,0.0,0.0,719.52106,0.0,0.0,0.0,0.0,0.0,-1.5707964,0.0
1970-01-01 00:00:00.166024632,0.166024632,0.0,0.0,344.36887,0.0,0.0,0.0,0.0,0.0,-1.5707964,0.0
1970-01-01 00:00:00.166025282,0.166025282,0.0,0.0,0.0,0.0,0.0,774.32544,0.0,0.0,-1.5707964,0.0
1970-01-01 00:00:00.166108104,0.166108104,0.0,0.0,277.7164,0.0,0.0,0.0,0.0,0.0,-1.5707964,0.0
1970-01-01 00:00:00.166114894,0.166114894,0.0,0.0,0.0,521.4413,0.0,0.0,0.0,0.0,-1.5707964,0.0
1970-01-01 00:00:00.166133764,0.166133764,0.0,0.0,1558.0032,0.0,0.0,0.0,0.0,0.0,-1.5707964,0.0
1970-01-01 00:00:00.166142780,0.16614278,0.0,0.0,1486.8893,0.0,0.0,0.0,0.0,0.0,-1.5707964,0.0
1970-01-01 00:00:00.166154464,0.166154464,0.0,0.0,834.94257,0.0,0.0,0.0,0.0,0.0,-1.5707964,0.0
1970-01-01 00:00:00.166224437,0.166224437,0.0,0.0,0.0,0.0,146.65169,0.0,0.0,0.0,-1.5707964,0.0
1970-01-01 00:00:00.166231823,0.166231823,0.0,0.0,151.07277,0.0,0.0,0.0,0.0,0.0,-1.5707964,0.0
1970-01-01 00:00:00.166291854,0.166291854,0.0,0.0,0.0,0.0,0.0,163.12431,0.0,0.0,-1.5707964,0.0
1970-01-01 00:00:00.166394632,0.166394632,0.0,0.0,120.688515,0.0,0.0,0.0,0.0,0.0,-1.5707964,0.0
1970-01-01 00:00:00.166420509,0.166420509,0.0,0.0,247.1546,0.0,0.0,0.0,0.0,0.0,-1.5707964,0.0
1970-01-01 00:00:00.166442602,0.166442602,0.0,0.0,110.99357,0.0,0.0,0.0,0.0,0.0,-1.5707964,0.0
1970-01-01 00:00:00.166447042,0.166447042,0.0,0.0,339.7523,0.0,0.0,0.0,0.0,0.0,-1.5707964,0.0
1970-01-01 00:00:00.166476165,0.166476165,854.87964,0.0,0.0,0.0,0.0,0.0,0.0,0.0,-1.5707964,0.0
1970-01-01 00:00:00.166499859,0.166499859,180.85878,0.0,0.0,0.0,0.0,0.0,0.0,0.0,-1.5707964,0.0
1970-01-01 00:00:00.166501453,0.166501453,0.0,0.0,245.35867,0.0,0.0,0.0,0.0,0.0,-1.5707964,0.0
1970-01-01 00:00:00.166683457,0.166683457,0.0,0.0,225.10065,0.0,0.0,0.0,0.0,0.0,-1.5707964,0.0
1970-01-01 00:00:00.166767574,0.166767574,0.0,0.0,409.09677,0.0,0.0,0.0,0.0,0.0,-1.5707964,0.0
1970-01-01 00:00:00.166899188,0.166899188,0.0,0.0,199.55554,0.0,0.0,0.0,0.0,0.0,-1.5707964,0.0
1970-01-01 00:00:00.166942664,0.166942664,1295.3125,0.0,0.0,0.0,0.0,0.0,0.0,0.0,-1.5707964,0.0
1970-01-01 00:00:00.166973449,0.166973449,0.0,0.0,0.0,305.88065,0.0,0.0,0.0,0.0,-1.5707964,0.0
1970-01-01 00:00:00.167012328,0.167012328,0.0,177.093,0.0,0.0,0.0,0.0,0.0,0.0,-1.5707964,0.0
1970-01-01 00:00:00.167030911,0.167030911,0.0,0.0,501.79095,0.0,0.0,0.0,0.0,0.0,-1.5707964,0.0
1970-01-01 00:00:00.167040954,0.167040954,477.19955,0.0,0.0,0.0,0.0,0.0,0.0,0.0,-1.5707964,0.0
1970-01-01 00:00:00.167156039,0.167156039,0.0,0.0,0.0,408.64374,0.0,0.0,0.0,0.0,-1.5707964,0.0
1970-01-01 00:00:00.167176815,0.167176815,0.0,0.0,243.44164,0.0,0.0,0.0,0.0,0.0,-1.5707964,0.0
1970-01-01 00:00:00.167207728,0.167207728,0.0,0.0,512.37524,0.0,0.0,0.0,0.0,0.0,-1.5707964,0.0
1970-01-01 00:00:00.167316174,0.167316174,0.0,0.0,598.3046,0.0,0.0,0.0,0.0,0.0,-1.5707964,0.0
1970-01-01 00:00:00.167375908,0.167375908,0.0,0.0,0.0,105.04745,0.0,0.0,0.0,0.0,-1.5707964,0.0
1970-01-01 00:00:00.167375908,0.167375908,0.0,0.0,0.0,288.473,0.0,0.0,0.0,0.0,-1.5707964,0.0
1970-01-01 00:00:00.167422179,0.167422179,218.13826,0.0,0.0,0.0,0.0,0.0,0.0,0.0,-1.5707964,0.0
1970-01-01 00:00:00.167426462,0.167426462,0.0,0.0,0.0,0.0,297.30197,0.0,0.0,0.0,-1.5707964,0.0
1970-01-01 00:00:00.167440301,0.167440301,0.0,0.0,629.5229,0.0,0.0,0.0,0.0,0.0,-1.5707964,0.0
1970-01-01 00:00:00.167467619,0.167467619,142.9204,0.0,0.0,0.0,0.0,0.0,0.0,0.0,-1.5707964,0.0
1970-01-01 00:00:00.167480130,0.16748013,0.0,0.0,0.0,679.34985,0.0,0.0,0.0,0.0,-1.5707964,0.0
1970-01-01 00:00:00.167504643,0.167504643,0.0,0.0,0.0,0.0,0.0,141.32332,0.0,0.0,-1.5707964,0.0
1970-01-01 00:00:00.167508030,0.16750803,0.0,0.0,0.0,0.0,0.0,241.44531,0.0,0.0,-1.5707964,0.0
1970-01-01 00:00:00.167628311,0.167628311,0.0,0.0,185.8094,0.0,0.0,0.0,0.0,0.0,-1.5707964,0.0
1970-01-01 00:00:00.167636919,0.167636919,0.0,0.0,0.0,0.0,0.0,261.18112,0.0,0.0,-1.5707964,0.0
1970-01-01 00:00:00.167706627,0.167706627,0.0,0.0,97.278206,0.0,0.0,0.0,0.0,0.0,-1.5707964,0.0
1970-01-01 00:00:00.167845439,0.167845439,0.0,0.0,423.7084,0.0,0.0,0.0,0.0,0.0,-1.5707964,0.0
1970-01-01 00:00:00.167862944,0.167862944,0.0,0.0,0.0,705.9603,0.0,0.0,0.0,0.0,-1.5707964,0.0
1970-01-01 00:00:00.168113373,0.168113373,0.0,0.0,110.86834,0.0,0.0,0.0,0.0,0.0,-1.5707964,0.0
1970-01-01 00:00:00.168142761,0.168142761,0.0,1618.358,0.0,0.0,0.0,0.0,0.0,0.0,-1.5707964,0.0
1970-01-01 00:00:00.168169044,0.168169044,0.0,0.0,0.0,0.0,538.2656,0.0,0.0,0.0,-1.5707964,0.0
1970-01-01 00:00:00.168257261,0.168257261,0.0,0.0,441.07867,0.0,0.0,0.0,0.0,0.0,-1.5707964,0.0
1970-01-01 00:00:00.168360035,0.168360035,0.0,0.0,0.0,0.0,0.0,1193.1187,0.0,0.0,-1.5707964,0.0
1970-01-01 00:00:00.168427004,0.168427004,0.0,0.0,0.0,0.0,0.0,109.818405,0.0,0.0,-1.5707964,0.0
1970-01-01 00:00:00.168451798,0.168451798,0.0,0.0,577.1655,0.0,0.0,0.0,0.0,0.0,-1.5707964,0.0
1970-01-01 00:00:00.168511733,0.168511733,0.0,0.0,0.0,0.0,0.0,1335.2449,0.0,0.0,-1.5707964,0.0
1970-01-01 00:00:00.168563108,0.168563108,0.0,0.0,110.0019,0.0,0.0,0.0,0.0,0.0,-1.5707964,0.0
1970-01-01 00:00:00.168652540,0.16865254,444.0543,0.0,0.0,0.0,0.0,0.0,0.0,0.0,-1.5707964,0.0
1970-01-01 00:00:00.168652540,0.16865254,0.0,0.0,314.3049,0.0,0.0,0.0,0.0,0.0,-1.5707964,0.0
1970-01-01 00:00:00.168687375,0.168687375,0.0,0.0,230.94008,0.0,0.0,0.0,0.0,0.0,-1.5707964,0.0
1970-01-01 00:00:00.168719500,0.1687195,0.0,0.0,94.41711,0.0,0.0,0.0,0.0,0.0,-1.5707964,0.0
1970-01-01 00:00:00.168763905,0.168763905,0.0,0.0,0.0,0.0,149.91504,0.0,0.0,0.0,-1.5707964,0.0
1970-01-01 00:00:00.168857801,0.168857801,321.5008,0.0,0.0,0.0,0.0,0.0,0.0,0.0,-1.5707964,0.0
1970-01-01 00:00:00.168872561,0.168872561,0.0,0.0,264.94058,0.0,0.0,0.0,0.0,0.0,-1.5707964,0.0
1970-01-01 00:00:00.168880001,0.168880001,0.0,0.0,0.0,0.0,0.0,358.67325,0.0,0.0,-1.5707964,0.0
1970-01-01 00:00:00.168907497,0.168907497,0.0,0.0,468.6232,0.0,0.0,0.0,0.0,0.0,-1.5707964,0.0
1970-01-01 00:00:00.168931084,0.168931084,0.0,0.0,786.07416,0.0,0.0,0.0,0.0,0.0,-1.5707964,0.0
1970-01-01 00:00:00.168965378,0.168965378,0.0,0.0,661.0396,0.0,0.0,0.0,0.0,0.0,-1.5707964,0.0
1970-01-01 00:00:00.168984833,0.168984833,0.0,0.0,780.74115,0.0,0.0,0.0,0.0,0.0,-1.5707964,0.0
1970-01-01 00:00:00.169012088,0.169012088,0.0,105.460815,0.0,0.0,0.0,0.0,0.0,0.0,-1.5707964,0.0
1970-01-01 00:00:00.169027078,0.169027078,815.61743,0.0,0.0,0.0,0.0,0.0,0.0,0.0,-1.5707964,0.0
1970-01-01 00:00:00.169128165,0.169128165,0.0,0.0,383.96515,0.0,0.0,0.0,0.0,0.0,-1.5707964,0.0
1970-01-01 00:00:00.169242987,0.169242987,0.0,0.0,0.0,0.0,0.0,529.61365,0.0,0.0,-1.5707964,0.0
1970-01-01 00:00:00.169291049,0.169291049,0.0,0.0,766.806,0.0,0.0,0.0,0.0,0.0,-1.5707964,0.0
1970-01-01 00:00:00.169340143,0.169340143,692.6511,0.0,0.0,0.0,0.0,0.0,0.0,0.0,-1.5707964,0.0
1970-01-01 00:00:00.169402608,0.169402608,0.0,0.0,0.0,0.0,216.02072,0.0,0.0,0.0,-1.5707964,0.0
1970-01-01 00:00:00.169420949,0.169420949,0.0,0.0,0.0,553.2211,0.0,0.0,0.0,0.0,-1.5707964,0.0
1970-01-01 00:00:00.169476472,0.169476472,0.0,0.0,172.35013,0.0,0.0,0.0,0.0,0.0,-1.5707964,0.0
1970-01-01 00:00:00.169591779,0.169591779,310.07495,0.0,0.0,0.0,0.0,0.0,0.0,0.0,-1.5707964,0.0
1970-01-01 00:00:00.169592669,0.169592669,0.0,0.0,1273.3645,0.0,0.0,0.0,0.0,0.0,-1.5707964,0.0
1970-01-01 00:00:00.169789465,0.169789465,0.0,0.0,96.7703,0.0,0.0,0.0,0.0,0.0,-1.5707964,0.0
1970-01-01 00:00:00.169808898,0.169808898,0.0,0.0,0.0,0.0,0.0,288.42642,0.0,0.0,-1.5707964,0.0
1970-01-01 00:00:00.169919539,0.169919539,0.0,0.0,227.98656,0.0,0.0,0.0,0.0,0.0,-1.5707964,0.0
1970-01-01 00:00:00.169971246,0.169971246,0.0,0.0,611.72284,0.0,0.0,0.0,0.0,0.0,-1.5707964,0.0
1970-01-01 00:00:00.170012783,0.170012783,0.0,0.0,407.5371,0.0,0.0,0.0,0.0,0.0,-1.5707964,0.0
1970-01-01 00:00:00.170012783,0.170012783,0.0,0.0,0.0,0.0,557.6654,0.0,0.0,0.0,-1.5707964,0.0
1970-01-01 00:00:00.170038095,0.170038095,0.0,0.0,761.1736,0.0,0.0,0.0,0.0,0.0,-1.5707964,0.0
1970-01-01 00:00:00.170040199,0.170040199,0.0,0.0,85.5909,0.0,0.0,0.0,0.0,0.0,-1.5707964,0.0
1970-01-01 00:00:00.170040546,0.170040546,0.0,0.0,183.84554,0.0,0.0,0.0,0.0,0.0,-1.5707964,0.0
1970-01-01 00:00:00.170053300,0.1700533,0.0,0.0,264.5633,0.0,0.0,0.0,0.0,0.0,-1.5707964,0.0
1970-01-01 00:00:00.170118585,0.170118585,0.0,0.0,158.60724,0.0,0.0,0.0,0.0,0.0,-1.5707964,0.0
1970-01-01 00:00:00.170165238,0.170165238,91.147606,0.0,0.0,0.0,0.0,0.0,0.0,0.0,-1.5707964,0.0
1970-01-01 00:00:00.170225019,0.170225019,0.0,0.0,254.22177,0.0,0.0,0.0,0.0,0.0,-1.5707964,0.0
1970-01-01 00:00:00.170231772,0.170231772,0.0,0.0,294.48218,0.0,0.0,0.0,0.0,0.0,-1.5707964,0.0
1970-01-01 00:00:00.170280017,0.170280017,0.0,0.0,136.01683,0.0,0.0,0.0,0.0,0.0,-1.5707964,0.0
1970-01-01 00:00:00.170301979,0.170301979,0.0,0.0,101.04244,0.0,0.0,0.0,0.0,0.0,-1.5707964,0.0
1970-01-01 00:00:00.170353414,0.170353414,186.91293,0.0,0.0,0.0,0.0,0.0,0.0,0.0,-1.5707964,0.0
1970-01-01 00:00:00.170414624,0.170414624,0.0,0.0,256.58218,0.0,0.0,0.0,0.0,0.0,-1.5707964,0.0
1970-01-01 00:00:00.170423044,0.170423044,0.0,0.0,164.49586,0.0,0.0,0.0,0.0,0.0,-1.5707964,0.0
1970-01-01 00:00:00.170425306,0.170425306,0.0,0.0,0.0,0.0,309.92645,0.0,0.0,0.0,-1.5707964,0.0
1970-01-01 00:00:00.170463441,0.170463441,0.0,0.0,197.18953,0.0,0.0,0.0,0.0,0.0,-1.5707964,0.0
1970-01-01 00:00:00.170565647,0.170565647,0.0,0.0,0.0,0.0,0.0,239.5611,0.0,0.0,-1.5707964,0.0
1970-01-01 00:00:00.170574726,0.170574726,0.0,0.0,0.0,0.0,0.0,425.66418,0.0,0.0,-1.5707964,0.0
1970-01-01 00:00:00.170695097,0.170695097,0.0,0.0,449.09943,0.0,0.0,0.0,0.0,0.0,-1.5707964,0.0
1970-01-01 00:00:00.170750517,0.170750517,0.0,0.0,97.062164,0.0,0.0,0.0,0.0,0.0,-1.5707964,0.0
1970-01-01 00:00:00.170981609,0.170981609,0.0,0.0,103.63385,0.0,0.0,0.0,0.0,0.0,-1.5707964,0.0
1970-01-01 00:00:00.171016359,0.171016359,0.0,0.0,223.07426,0.0,0.0,0.0,0.0,0.0,-1.5707964,0.0
1970-01-01 00:00:00.171054911,0.171054911,0.0,0.0,323.43167,0.0,0.0,0.0,0.0,0.0,-1.5707964,0.0
1970-01-01 00:00:00.171079466,0.171079466,0.0,0.0,247.21611,0.0,0.0,0.0,0.0,0.0,-1.5707964,0.0
1970-01-01 00:00:00.171104741,0.171104741,1388.9541,0.0,0.0,0.0,0.0,0.0,0.0,0.0,-1.5707964,0.0
1970-01-01 00:00:00.171352958,0.171352958,90.60225,0.0,0.0,0.0,0.0,0.0,0.0,0.0,-1.5707964,0.0
1970-01-01 00:00:00.171568299,0.171568299,0.0,0.0,368.08777,0.0,0.0,0.0,0.0,0.0,-1.5707964,0.0
1970-01-01 00:00:00.171584202,0.171584202,0.0,0.0,152.8067,0.0,0.0,0.0,0.0,0.0,-1.5707964,0.0
1970-01-01 00:00:00.171699948,0.171699948,0.0,0.0,0.0,0.0,0.0,1152.693,0.0,0.0,-1.5707964,0.0
1970-01-01 00:00:00.171709125,0.171709125,0.0,0.0,0.0,0.0,1453.7007,0.0,0.0,0.0,-1.5707964,0.0
1970-01-01 00:00:00.171709125,0.171709125,370.55402,0.0,0.0,0.0,0.0,0.0,0.0,0.0,-1.5707964,0.0
1970-01-01 00:00:00.171794846,0.171794846,0.0,0.0,360.31018,0.0,0.0,0.0,0.0,0.0,-1.5707964,0.0
1970-01-01 00:00:00.171827239,0.171827239,0.0,0.0,167.75536,0.0,0.0,0.0,0.0,0.0,-1.5707964,0.0
1970-01-01 00:00:00.171839487,0.171839487,0.0,0.0,0.0,0.0,2385.011,0.0,0.0,0.0,-1.5707964,0.0
1970-01-01 00:00:00.171979213,0.171979213,0.0,0.0,433.43115,0.0,0.0,0.0,0.0,0.0,-1.5707964,0.0
1970-01-01 00:00:00.171984103,0.171984103,0.0,0.0,0.0,0.0,0.0,93.50276,0.0,0.0,-1.5707964,0.0
1970-01-01 00:00:00.172028819,0.172028819,0.0,0.0,723.4438,0.0,0.0,0.0,0.0,0.0,-1.5707964,0.0
1970-01-01 00:00:00.172136600,0.1721366,0.0,0.0,442.946,0.0,0.0,0.0,0.0,0.0,-1.5707964,0.0
1970-01-01 00:00:00.172163017,0.172163017,0.0,0.0,785.73474,0.0,0.0,0.0,0.0,0.0,-1.5707964,0.0
1970-01-01 00:00:00.172192179,0.172192179,559.7023,0.0,0.0,0.0,0.0,0.0,0.0,0.0,-1.5707964,0.0
1970-01-01 00:00:00.172192179,0.172192179,0.0,0.0,240.87575,0.0,0.0,0.0,0.0,0.0,-1.5707964,0.0
1970-01-01 00:00:00.172198543,0.172198543,0.0,0.0,110.067795,0.0,0.0,0.0,0.0,0.0,-1.5707964,0.0
1970-01-01 00:00:00.172225010,0.17222501,0.0,0.0,493.30234,0.0,0.0,0.0,0.0,0.0,-1.5707964,0.0
1970-01-01 00:00:00.172239722,0.172239722,0.0,0.0,369.08994,0.0,0.0,0.0,0.0,0.0,-1.5707964,0.0
1970-01-01 00:00:00.172422009,0.172422009,166.53952,0.0,0.0,0.0,0.0,0.0,0.0,0.0,-1.5707964,0.0
1970-01-01 00:00:00.172618328,0.172618328,0.0,0.0,0.0,0.0,345.7774,0.0,0.0,0.0,-1.5707964,0.0
1970-01-01 00:00:00.172620814,0.172620814,0.0,0.0,524.22034,0.0,0.0,0.0,0.0,0.0,-1.5707964,0.0
1970-01-01 00:00:00.172648020,0.17264802,0.0,0.0,0.0,0.0,1239.5962,0.0,0.0,0.0,-1.5707964,0.0
1970-01-01 00:00:00.172658439,0.172658439,0.0,0.0,89.28722,0.0,0.0,0.0,0.0,0.0,-1.5707964,0.0
1970-01-01 00:00:00.172686786,0.172686786,0.0,0.0,217.44162,0.0,0.0,0.0,0.0,0.0,-1.5707964,0.0
1970-01-01 00:00:00.172712573,0.172712573,0.0,0.0,454.8304,0.0,0.0,0.0,0.0,0.0,-1.5707964,0.0
1970-01-01 00:00:00.172832245,0.172832245,0.0,200.00313,0.0,0.0,0.0,0.0,0.0,0.0,-1.5707964,0.0
1970-01-01 00:00:00.172835674,0.172835674,0.0,0.0,401.3804,0.0,0.0,0.0,0.0,0.0,-1.5707964,0.0
1970-01-01 00:00:00.172862136,0.172862136,0.0,0.0,0.0,0.0,260.60242,0.0,0.0,0.0,-1.5707964,0.0
1970-01-01 00:00:00.172878472,0.172878472,0.0,0.0,82.08664,0.0,0.0,0.0,0.0,0.0,-1.5707964,0.0
1970-01-01 00:00:00.173095401,0.173095401,0.0,0.0,0.0,0.0,0.0,116.07587,0.0,0.0,-1.5707964,0.0
1970-01-01 00:00:00.173108396,0.173108396,0.0,0.0,119.17738,0.0,0.0,0.0,0.0,0.0,-1.5707964,0.0
1970-01-01 00:00:00.173136992,0.173136992,0.0,0.0,491.665,0.0,0.0,0.0,0.0,0.0,-1.5707964,0.0
1970-01-01 00:00:00.173247411,0.173247411,0.0,0.0,200.28133,0.0,0.0,0.0,0.0,0.0,-1.5707964,0.0
1970-01-01 00:00:00.173299763,0.173299763,0.0,0.0,0.0,0.0,98.06277,0.0,0.0,0.0,-1.5707964,0.0
1970-01-01 00:00:00.173308787,0.173308787,0.0,0.0,0.0,0.0,682.02716,0.0,0.0,0.0,-1.5707964,0.0
1970-01-01 00:00:00.173459463,0.173459463,0.0,0.0,335.92178,0.0,0.0,0.0,0.0,0.0,-1.5707964,0.0
1970-01-01 00:00:00.173471442,0.173471442,0.0,0.0,0.0,0.0,809.43634,0.0,0.0,0.0,-1.5707964,0.0
1970-01-01 00:00:00.173504769,0.173504769,0.0,0.0,884.85657,0.0,0.0,0.0,0.0,0.0,-1.5707964,0.0
1970-01-01 00:00:00.173520485,0.173520485,0.0,0.0,147.14072,0.0,0.0,0.0,0.0,0.0,-1.5707964,0.0
1970-01-01 00:00:00.173529858,0.173529858,0.0,0.0,329.41306,0.0,0.0,0.0,0.0,0.0,-1.5707964,0.0
1970-01-01 00:00:00.173598829,0.173598829,0.0,0.0,283.3873,0.0,0.0,0.0,0.0,0.0,-1.5707964,0.0
1970-01-01 00:00:00.173625459,0.173625459,0.0,0.0,0.0,145.79797,0.0,0.0,0.0,0.0,-1.5707964,0.0
1970-01-01 00:00:00.173666054,0.173666054,0.0,0.0,0.0,0.0,0.0,479.66547,0.0,0.0,-1.5707964,0.0
1970-01-01 00:00:00.173695300,0.1736953,0.0,0.0,0.0,0.0,0.0,107.16355,0.0,0.0,-1.5707964,0.0
1970-01-01 00:00:00.173695572,0.173695572,0.0,0.0,180.0288,0.0,0.0,0.0,0.0,0.0,-1.5707964,0.0
1970-01-01 00:00:00.173704870,0.17370487,115.27104,0.0,0.0,0.0,0.0,0.0,0.0,0.0,-1.5707964,0.0
1970-01-01 00:00:00.173724400,0.1737244,0.0,0.0,0.0,0.0,176.36325,0.0,0.0,0.0,-1.5707964,0.0
1970-01-01 00:00:00.173749256,0.173749256,0.0,0.0,148.33667,0.0,0.0,0.0,0.0,0.0,-1.5707964,0.0
1970-01-01 00:00:00.173886151,0.173886151,0.0,0.0,289.78168,0.0,0.0,0.0,0.0,0.0,-1.5707964,0.0
1970-01-01 00:00:00.173912599,0.173912599,0.0,0.0,451.31052,0.0,0.0,0.0,0.0,0.0,-1.5707964,0.0
1970-01-01 00:00:00.173939551,0.173939551,1000.1277,0.0,0.0,0.0,0.0,0.0,0.0,0.0,-1.5707964,0.0
1970-01-01 00:00:00.173979925,0.173979925,0.0,0.0,283.70303,0.0,0.0,0.0,0.0,0.0,-1.5707964,0.0
1970-01-01 00:00:00.174000495,0.174000495,0.0,0.0,0.0,0.0,106.41872,0.0,0.0,0.0,-1.5707964,0.0
1970-01-01 00:00:00.174102504,0.174102504,0.0,0.0,133.7031,0.0,0.0,0.0,0.0,0.0,-1.5707964,0.0
1970-01-01 00:00:00.174162016,0.174162016,0.0,0.0,0.0,288.991,0.0,0.0,0.0,0.0,-1.5707964,0.0
1970-01-01 00:00:00.174259710,0.17425971,0.0,0.0,0.0,0.0,0.0,351.55527,0.0,0.0,-1.5707964,0.0
1970-01-01 00:00:00.174260751,0.174260751,0.0,0.0,0.0,0.0,0.0,158.91034,0.0,0.0,-1.5707964,0.0
1970-01-01 00:00:00.174288900,0.1742889,0.0,0.0,589.19653,0.0,0.0,0.0,0.0,0.0,-1.5707964,0.0
1970-01-01 00:00:00.174386163,0.174386163,0.0,0.0,82.07757,0.0,0.0,0.0,0.0,0.0,-1.5707964,0.0
1970-01-01 00:00:00.174414333,0.174414333,0.0,0.0,1246.808,0.0,0.0,0.0,0.0,0.0,-1.5707964,0.0
1970-01-01 00:00:00.174417647,0.174417647,0.0,0.0,307.38452,0.0,0.0,0.0,0.0,0.0,-1.5707964,0.0
1970-01-01 00:00:00.174473287,0.174473287,0.0,0.0,113.880356,0.0,0.0,0.0,0.0,0.0,-1.5707964,0.0
1970-01-01 00:00:00.174512300,0.1745123,0.0,0.0,82.19668,0.0,0.0,0.0,0.0,0.0,-1.5707964,0.0
1970-01-01 00:00:00.174534025,0.174534025,0.0,0.0,111.90741,0.0,0.0,0.0,0.0,0.0,-1.5707964,0.0
1970-01-01 00:00:00.174581237,0.174581237,0.0,0.0,633.3028,0.0,0.0,0.0,0.0,0.0,-1.5707964,0.0
1970-01-01 00:00:00.174618116,0.174618116,0.0,0.0,184.40182,0.0,0.0,0.0,0.0,0.0,-1.5707964,0.0
1970-01-01 00:00:00.174672805,0.174672805,0.0,0.0,431.53998,0.0,0.0,0.0,0.0,0.0,-1.5707964,0.0
1970-01-01 00:00:00.174749141,0.174749141,0.0,0.0,1085.0338,0.0,0.0,0.0,0.0,0.0,-1.5707964,0.0
1970-01-01 00:00:00.174781820,0.17478182,0.0,0.0,111.15696,0.0,0.0,0.0,0.0,0.0,-1.5707964,0.0
1970-01-01 00:00:00.174808326,0.174808326,0.0,0.0,294.26202,0.0,0.0,0.0,0.0,0.0,-1.5707964,0.0
1970-01-01 00:00:00.174853715,0.174853715,0.0,0.0,1101.2922,0.0,0.0,0.0,0.0,0.0,-1.5707964,0.0
1970-01-01 00:00:00.174873404,0.174873404,0.0,0.0,162.26761,0.0,0.0,0.0,0.0,0.0,-1.5707964,0.0
1970-01-01 00:00:00.174873444,0.174873444,0.0,0.0,176.73076,0.0,0.0,0.0,0.0,0.0,-1.5707964,0.0
1970-01-01 00:00:00.174909647,0.174909647,0.0,0.0,0.0,0.0,322.88763,0.0,0.0,0.0,-1.5707964,0.0
1970-01-01 00:00:00.174963642,0.174963642,0.0,0.0,255.74783,0.0,0.0,0.0,0.0,0.0,-1.5707964,0.0
1970-01-01 00:00:00.175003761,0.175003761,0.0,0.0,235.43353,0.0,0.0,0.0,0.0,0.0,-1.5707964,0.0
1970-01-01 00:00:00.175077376,0.175077376,0.0,0.0,0.0,0.0,0.0,342.81046,0.0,0.0,-1.5707964,0.0
1970-01-01 00:00:00.175163235,0.175163235,0.0,0.0,207.53928,0.0,0.0,0.0,0.0,0.0,-1.5707964,0.0
1970-01-01 00:00:00.175427312,0.175427312,0.0,0.0,281.30966,0.0,0.0,0.0,0.0,0.0,-1.5707964,0.0
1970-01-01 00:00:00.175534106,0.175534106,0.0,0.0,278.21643,0.0,0.0,0.0,0.0,0.0,-1.5707964,0.0
1970-01-01 00:00:00.175538655,0.175538655,0.0,0.0,485.14328,0.0,0.0,0.0,0.0,0.0,-1.5707964,0.0
1970-01-01 00:00:00.175590513,0.175590513,0.0,0.0,184.99475,0.0,0.0,0.0,0.0,0.0,-1.5707964,0.0
1970-01-01 00:00:00.175620815,0.175620815,0.0,0.0,132.51265,0.0,0.0,0.0,0.0,0.0,-1.5707964,0.0
1970-01-01 00:00:00.175683218,0.175683218,0.0,0.0,159.52074,0.0,0.0,0.0,0.0,0.0,-1.5707964,0.0
1970-01-01 00:00:00.175769786,0.175769786,0.0,0.0,246.65929,0.0,0.0,0.0,0.0,0.0,-1.5707964,0.0
1970-01-01 00:00:00.175923495,0.175923495,0.0,0.0,335.22125,0.0,0.0,0.0,0.0,0.0,-1.5707964,0.0
1970-01-01 00:00:00.175924426,0.175924426,0.0,0.0,0.0,3843.05,0.0,0.0,0.0,0.0,-1.5707964,0.0
1970-01-01 00:00:00.175945407,0.175945407,0.0,0.0,0.0,0.0,0.0,200.96523,0.0,0.0,-1.5707964,0.0
1970-01-01 00:00:00.175973607,0.175973607,0.0,0.0,1567.6808,0.0,0.0,0.0,0.0,0.0,-1.5707964,0.0
1970-01-01 00:00:00.175987242,0.175987242,0.0,0.0,131.94872,0.0,0.0,0.0,0.0,0.0,-1.5707964,0.0
1970-01-01 00:00:00.176015599,0.176015599,0.0,0.0,733.1202,0.0,0.0,0.0,0.0,0.0,-1.5707964,0.0
1970-01-01 00:00:00.176062334,0.176062334,0.0,0.0,393.3827,0.0,0.0,0.0,0.0,0.0,-1.5707964,0.0
1970-01-01 00:00:00.176073367,0.176073367,0.0,0.0,89.22468,0.0,0.0,0.0,0.0,0.0,-1.5707964,0.0
1970-01-01 00:00:00.176102348,0.176102348,0.0,0.0,342.97333,0.0,0.0,0.0,0.0,0.0,-1.5707964,0.0
1970-01-01 00:00:00.176103662,0.176103662,0.0,0.0,0.0,0.0,509.62103,0.0,0.0,0.0,-1.5707964,0.0
1970-01-01 00:00:00.176109131,0.176109131,0.0,0.0,0.0,0.0,117.68239,0.0,0.0,0.0,-1.5707964,0.0
1970-01-01 00:00:00.176148675,0.176148675,0.0,0.0,1148.6726,0.0,0.0,0.0,0.0,0.0,-1.5707964,0.0
1970-01-01 00:00:00.176194436,0.176194436,0.0,0.0,0.0,1792.8673,0.0,0.0,0.0,0.0,-1.5707964,0.0
1970-01-01 00:00:00.176228144,0.176228144,247.38902,0.0,0.0,0.0,0.0,0.0,0.0,0.0,-1.5707964,0.0
1970-01-01 00:00:00.176254523,0.176254523,0.0,0.0,138.19888,0.0,0.0,0.0,0.0,0.0,-1.5707964,0.0
1970-01-01 00:00:00.176294941,0.176294941,0.0,0.0,0.0,0.0,199.02011,0.0,0.0,0.0,-1.5707964,0.0
1970-01-01 00:00:00.176307649,0.176307649,0.0,0.0,0.0,0.0,0.0,124.97825,0.0,0.0,-1.5707964,0.0
1970-01-01 00:00:00.176368750,0.17636875,0.0,0.0,0.0,0.0,254.45972,0.0,0.0,0.0,-1.5707964,0.0
1970-01-01 00:00:00.176497735,0.176497735,0.0,0.0,701.3679,0.0,0.0,0.0,0.0,0.0,-1.5707964,0.0
1970-01-01 00:00:00.176497735,0.176497735,0.0,0.0,119.520226,0.0,0.0,0.0,0.0,0.0,-1.5707964,0.0
1970-01-01 00:00:00.176497735,0.176497735,0.0,0.0,0.0,0.0,542.58606,0.0,0.0,0.0,-1.5707964,0.0
1970-01-01 00:00:00.176500279,0.176500279,0.0,0.0,80.01267,0.0,0.0,0.0,0.0,0.0,-1.5707964,0.0
1970-01-01 00:00:00.176505111,0.176505111,0.0,0.0,498.37817,0.0,0.0,0.0,0.0,0.0,-1.5707964,0.0
1970-01-01 00:00:00.176519436,0.176519436,0.0,0.0,202.49951,0.0,0.0,0.0,0.0,0.0,-1.5707964,0.0
1970-01-01 00:00:00.176535965,0.176535965,426.82986,0.0,0.0,0.0,0.0,0.0,0.0,0.0,-1.5707964,0.0
1970-01-01 00:00:00.176674065,0.176674065,0.0,0.0,541.88324,0.0,0.0,0.0,0.0,0.0,-1.5707964,0.0
1970-01-01 00:00:00.176761511,0.176761511,0.0,0.0,0.0,0.0,172.33904,0.0,0.0,0.0,-1.5707964,0.0
1970-01-01 00:00:00.176766908,0.176766908,0.0,0.0,0.0,0.0,0.0,584.2238,0.0,0.0,-1.5707964,0.0
1970-01-01 00:00:00.176809101,0.176809101,0.0,0.0,0.0,703.89105,0.0,0.0,0.0,0.0,-1.5707964,0.0
1970-01-01 00:00:00.176847141,0.176847141,0.0,0.0,343.32175,0.0,0.0,0.0,0.0,0.0,-1.5707964,0.0
1970-01-01 00:00:00.177126301,0.177126301,263.55768,0.0,0.0,0.0,0.0,0.0,0.0,0.0,-1.5707964,0.0
1970-01-01 00:00:00.177217792,0.177217792,0.0,0.0,705.3219,0.0,0.0,0.0,0.0,0.0,-1.5707964,0.0
1970-01-01 00:00:00.177284051,0.177284051,0.0,0.0,368.63202,0.0,0.0,0.0,0.0,0.0,-1.5707964,0.0
1970-01-01 00:00:00.177368062,0.177368062,0.0,387.25607,0.0,0.0,0.0,0.0,0.0,0.0,-1.5707964,0.0
1970-01-01 00:00:00.177368062,0.177368062,0.0,0.0,1317.9579,0.0,0.0,0.0,0.0,0.0,-1.5707964,0.0
1970-01-01 00:00:00.177530685,0.177530685,0.0,0.0,0.0,0.0,189.23001,0.0,0.0,0.0,-1.5707964,0.0
1970-01-01 00:00:00.177644249,0.177644249,0.0,0.0,324.66406,0.0,0.0,0.0,0.0,0.0,-1.5707964,0.0
1970-01-01 00:00:00.177734070,0.17773407,0.0,0.0,411.01636,0.0,0.0,0.0,0.0,0.0,-1.5707964,0.0
1970-01-01 00:00:00.177743820,0.17774382,0.0,0.0,490.48154,0.0,0.0,0.0,0.0,0.0,-1.5707964,0.0
1970-01-01 00:00:00.177903175,0.177903175,164.11046,0.0,0.0,0.0,0.0,0.0,0.0,0.0,-1.5707964,0.0
1970-01-01 00:00:00.177941136,0.177941136,0.0,0.0,84.618904,0.0,0.0,0.0,0.0,0.0,-1.5707964,0.0
1970-01-01 00:00:00.177964076,0.177964076,0.0,0.0,372.44534,0.0,0.0,0.0,0.0,0.0,-1.5707964,0.0
1970-01-01 00:00:00.178040476,0.178040476,0.0,0.0,194.22636,0.0,0.0,0.0,0.0,0.0,-1.5707964,0.0
1970-01-01 00:00:00.178080096,0.178080096,0.0,0.0,229.37671,0.0,0.0,0.0,0.0,0.0,-1.5707964,0.0
1970-01-01 00:00:00.178116905,0.178116905,0.0,0.0,0.0,0.0,86.55458,0.0,0.0,0.0,-1.5707964,0.0
1970-01-01 00:00:00.178149866,0.178149866,0.0,153.40121,0.0,0.0,0.0,0.0,0.0,0.0,-1.5707964,0.0
1970-01-01 00:00:00.178172179,0.178172179,0.0,0.0,0.0,0.0,270.90216,0.0,0.0,0.0,-1.5707964,0.0
1970-01-01 00:00:00.178192003,0.178192003,0.0,0.0,0.0,0.0,0.0,740.3614,0.0,0.0,-1.5707964,0.0
1970-01-01 00:00:00.178215213,0.178215213,0.0,0.0,315.1648,0.0,0.0,0.0,0.0,0.0,-1.5707964,0.0
1970-01-01 00:00:00.178415140,0.17841514,0.0,0.0,195.45688,0.0,0.0,0.0,0.0,0.0,-1.5707964,0.0
1970-01-01 00:00:00.178416669,0.178416669,0.0,0.0,348.73157,0.0,0.0,0.0,0.0,0.0,-1.5707964,0.0
1970-01-01 00:00:00.178416669,0.178416669,0.0,0.0,0.0,0.0,0.0,539.79645,0.0,0.0,-1.5707964,0.0
1970-01-01 00:00:00.178485735,0.178485735,0.0,0.0,0.0,0.0,0.0,372.13495,0.0,0.0,-1.5707964,0.0
1970-01-01 00:00:00.178575374,0.178575374,0.0,0.0,83.4937,0.0,0.0,0.0,0.0,0.0,-1.5707964,0.0
1970-01-01 00:00:00.178669478,0.178669478,0.0,0.0,1518.139,0.0,0.0,0.0,0.0,0.0,-1.5707964,0.0
1970-01-01 00:00:00.178742969,0.178742969,0.0,0.0,1271.81,0.0,0.0,0.0,0.0,0.0,-1.5707964,0.0
1970-01-01 00:00:00.178828045,0.178828045,0.0,0.0,0.0,237.08919,0.0,0.0,0.0,0.0,-1.5707964,0.0
1970-01-01 00:00:00.178849266,0.178849266,0.0,0.0,128.33255,0.0,0.0,0.0,0.0,0.0,-1.5707964,0.0
1970-01-01 00:00:00.178868443,0.178868443,0.0,0.0,117.4282,0.0,0.0,0.0,0.0,0.0,-1.5707964,0.0
1970-01-01 00:00:00.178899199,0.178899199,0.0,0.0,531.9557,0.0,0.0,0.0,0.0,0.0,-1.5707964,0.0
1970-01-01 00:00:00.178909748,0.178909748,0.0,0.0,352.73557,0.0,0.0,0.0,0.0,0.0,-1.5707964,0.0
1970-01-01 00:00:00.178927602,0.178927602,0.0,0.0,0.0,0.0,100.65025,0.0,0.0,0.0,-1.5707964,0.0
1970-01-01 00:00:00.178944830,0.17894483,0.0,0.0,433.1631,0.0,0.0,0.0,0.0,0.0,-1.5707964,0.0
1970-01-01 00:00:00.178944830,0.17894483,0.0,0.0,626.90643,0.0,0.0,0.0,0.0,0.0,-1.5707964,0.0
1970-01-01 00:00:00.179115965,0.179115965,0.0,0.0,0.0,0.0,401.6235,0.0,0.0,0.0,-1.5707964,0.0
1970-01-01 00:00:00.179217344,0.179217344,0.0,157.69322,0.0,0.0,0.0,0.0,0.0,0.0,-1.5707964,0.0
1970-01-01 00:00:00.179219901,0.179219901,0.0,0.0,86.688065,0.0,0.0,0.0,0.0,0.0,-1.5707964,0.0
1970-01-01 00:00:00.179290689,0.179290689,0.0,0.0,0.0,0.0,0.0,122.66229,0.0,0.0,-1.5707964,0.0
1970-01-01 00:00:00.179372947,0.179372947,0.0,0.0,160.78151,0.0,0.0,0.0,0.0,0.0,-1.5707964,0.0
1970-01-01 00:00:00.179445905,0.179445905,0.0,0.0,0.0,0.0,1642.9797,0.0,0.0,0.0,-1.5707964,0.0
1970-01-01 00:00:00.179745614,0.179745614,0.0,0.0,0.0,0.0,0.0,757.4466,0.0,0.0,-1.5707964,0.0
1970-01-01 00:00:00.179775485,0.179775485,0.0,0.0,197.929,0.0,0.0,0.0,0.0,0.0,-1.5707964,0.0
1970-01-01 00:00:00.179838287,0.179838287,0.0,0.0,101.69007,0.0,0.0,0.0,0.0,0.0,-1.5707964,0.0
1970-01-01 00:00:00.179866794,0.179866794,0.0,0.0,1341.9346,0.0,0.0,0.0,0.0,0.0,-1.5707964,0.0
1970-01-01 00:00:00.179921867,0.179921867,0.0,0.0,273.71594,0.0,0.0,0.0,0.0,0.0,-1.5707964,0.0
1970-01-01 00:00:00.180107260,0.18010726,0.0,0.0,139.47896,0.0,0.0,0.0,0.0,0.0,-1.5707964,0.0
1970-01-01 00:00:00.180163540,0.18016354,0.0,0.0,216.19136,0.0,0.0,0.0,0.0,0.0,-1.5707964,0.0
1970-01-01 00:00:00.180224405,0.180224405,0.0,0.0,225.30531,0.0,0.0,0.0,0.0,0.0,-1.5707964,0.0
1970-01-01 00:00:00.180354958,0.180354958,694.36554,0.0,0.0,0.0,0.0,0.0,0.0,0.0,-1.5707964,0.0
1970-01-01 00:00:00.180398979,0.180398979,209.58182,0.0,0.0,0.0,0.0,0.0,0.0,0.0,-1.5707964,0.0
1970-01-01 00:00:00.180451020,0.18045102,0.0,0.0,375.12366,0.0,0.0,0.0,0.0,0.0,-1.5707964,0.0
1970-01-01 00:00:00.180456164,0.180456164,0.0,0.0,0.0,0.0,0.0,329.9165,0.0,0.0,-1.5707964,0.0
1970-01-01 00:00:00.180605095,0.180605095,89.178696,0.0,0.0,0.0,0.0,0.0,0.0,0.0,-1.5707964,0.0
1970-01-01 00:00:00.180620063,0.180620063,0.0,0.0,909.044,0.0,0.0,0.0,0.0,0.0,-1.5707964,0.0
1970-01-01 00:00:00.180626189,0.180626189,0.0,0.0,0.0,0.0,0.0,412.85892,0.0,0.0,-1.5707964,0.0
1970-01-01 00:00:00.180653170,0.18065317,0.0,0.0,120.01364,0.0,0.0,0.0,0.0,0.0,-1.5707964,0.0
1970-01-01 00:00:00.180660058,0.180660058,202.352,0.0,0.0,0.0,0.0,0.0,0.0,0.0,-1.5707964,0.0
1970-01-01 00:00:00.180670968,0.180670968,0.0,122.4502,0.0,0.0,0.0,0.0,0.0,0.0,-1.5707964,0.0
1970-01-01 00:00:00.180721862,0.180721862,0.0,0.0,720.7889,0.0,0.0,0.0,0.0,0.0,-1.5707964,0.0
1970-01-01 00:00:00.180763320,0.18076332,0.0,0.0,151.25699,0.0,0.0,0.0,0.0,0.0,-1.5707964,0.0
1970-01-01 00:00:00.180842153,0.180842153,0.0,0.0,0.0,0.0,302.04214,0.0,0.0,0.0,-1.5707964,0.0
1970-01-01 00:00:00.180845744,0.180845744,0.0,0.0,100.984055,0.0,0.0,0.0,0.0,0.0,-1.5707964,0.0
1970-01-01 00:00:00.180947159,0.180947159,0.0,0.0,579.95685,0.0,0.0,0.0,0.0,0.0,-1.5707964,0.0
1970-01-01 00:00:00.180949861,0.180949861,0.0,0.0,0.0,1037.9122,0.0,0.0,0.0,0.0,-1.5707964,0.0
1970-01-01 00:00:00.181065262,0.181065262,0.0,0.0,0.0,141.14879,0.0,0.0,0.0,0.0,-1.5707964,0.0
1970-01-01 00:00:00.181194235,0.181194235,0.0,0.0,176.91795,0.0,0.0,0.0,0.0,0.0,-1.5707964,0.0
1970-01-01 00:00:00.181219364,0.181219364,0.0,278.22205,0.0,0.0,0.0,0.0,0.0,0.0,-1.5707964,0.0
1970-01-01 00:00:00.181316972,0.181316972,0.0,286.62756,0.0,0.0,0.0,0.0,0.0,0.0,-1.5707964,0.0
1970-01-01 00:00:00.181389941,0.181389941,173.28305,0.0,0.0,0.0,0.0,0.0,0.0,0.0,-1.5707964,0.0
1970-01-01 00:00:00.181499743,0.181499743,0.0,0.0,228.76868,0.0,0.0,0.0,0.0,0.0,-1.5707964,0.0
1970-01-01 00:00:00.181502128,0.181502128,0.0,0.0,3692.3662,0.0,0.0,0.0,0.0,0.0,-1.5707964,0.0
1970-01-01 00:00:00.181561981,0.181561981,0.0,0.0,615.3137,0.0,0.0,0.0,0.0,0.0,-1.5707964,0.0
1970-01-01 00:00:00.181563768,0.181563768,0.0,0.0,1177.8605,0.0,0.0,0.0,0.0,0.0,-1.5707964,0.0
1970-01-01 00:00:00.181592770,0.18159277,0.0,0.0,277.22318,0.0,0.0,0.0,0.0,0.0,-1.5707964,0.0
1970-01-01 00:00:00.181595611,0.181595611,0.0,0.0,0.0,246.68866,0.0,0.0,0.0,0.0,-1.5707964,0.0
1970-01-01 00:00:00.181607419,0.181607419,0.0,0.0,434.92892,0.0,0.0,0.0,0.0,0.0,-1.5707964,0.0
1970-01-01 00:00:00.181845951,0.181845951,0.0,0.0,174.55153,0.0,0.0,0.0,0.0,0.0,-1.5707964,0.0
1970-01-01 00:00:00.181948821,0.181948821,0.0,0.0,137.32426,0.0,0.0,0.0,0.0,0.0,-1.5707964,0.0
1970-01-01 00:00:00.181979600,0.1819796,1443.6105,0.0,0.0,0.0,0.0,0.0,0.0,0.0,-1.5707964,0.0
1970-01-01 00:00:00.182043010,0.18204301,0.0,0.0,0.0,0.0,0.0,165.76207,0.0,0.0,-1.5707964,0.0
1970-01-01 00:00:00.182054018,0.182054018,183.4564,0.0,0.0,0.0,0.0,0.0,0.0,0.0,-1.5707964,0.0
1970-01-01 00:00:00.182109726,0.182109726,0.0,0.0,307.50723,0.0,0.0,0.0,0.0,0.0,-1.5707964,0.0
1970-01-01 00:00:00.182166965,0.182166965,0.0,0.0,158.50978,0.0,0.0,0.0,0.0,0.0,-1.5707964,0.0
1970-01-01 00:00:00.182201486,0.182201486,0.0,0.0,189.72687,0.0,0.0,0.0,0.0,0.0,-1.5707964,0.0
1970-01-01 00:00:00.182217394,0.182217394,0.0,0.0,0.0,0.0,0.0,328.16385,0.0,0.0,-1.5707964,0.0
1970-01-01 00:00:00.182238523,0.182238523,0.0,0.0,1431.7021,0.0,0.0,0.0,0.0,0.0,-1.5707964,0.0
1970-01-01 00:00:00.182280575,0.182280575,0.0,0.0,105.828926,0.0,0.0,0.0,0.0,0.0,-1.5707964,0.0
1970-01-01 00:00:00.182347705,0.182347705,0.0,0.0,508.47314,0.0,0.0,0.0,0.0,0.0,-1.5707964,0.0
1970-01-01 00:00:00.182360784,0.182360784,0.0,0.0,819.52637,0.0,0.0,0.0,0.0,0.0,-1.5707964,0.0
1970-01-01 00:00:00.182465916,0.182465916,0.0,0.0,149.4644,0.0,0.0,0.0,0.0,0.0,-1.5707964,0.0
1970-01-01 00:00:00.182492767,0.182492767,0.0,0.0,222.3591,0.0,0.0,0.0,0.0,0.0,-1.5707964,0.0
1970-01-01 00:00:00.182541828,0.182541828,0.0,0.0,592.25006,0.0,0.0,0.0,0.0,0.0,-1.5707964,0.0
1970-01-01 00:00:00.182644616,0.182644616,0.0,0.0,0.0,0.0,0.0,87.46921,0.0,0.0,-1.5707964,0.0
1970-01-01 00:00:00.182836325,0.182836325,334.3166,0.0,0.0,0.0,0.0,0.0,0.0,0.0,-1.5707964,0.0
1970-01-01 00:00:00.182918238,0.182918238,0.0,0.0,0.0,0.0,0.0,169.80386,0.0,0.0,-1.5707964,0.0
1970-01-01 00:00:00.183022583,0.183022583,0.0,92.24418,0.0,0.0,0.0,0.0,0.0,0.0,-1.5707964,0.0
1970-01-01 00:00:00.183194520,0.18319452,0.0,0.0,169.28581,0.0,0.0,0.0,0.0,0.0,-1.5707964,0.0
1970-01-01 00:00:00.183240109,0.183240109,0.0,0.0,185.96759,0.0,0.0,0.0,0.0,0.0,-1.5707964,0.0
1970-01-01 00:00:00.183247201,0.183247201,0.0,0.0,0.0,0.0,289.61032,0.0,0.0,0.0,-1.5707964,0.0
1970-01-01 00:00:00.183348180,0.18334818,0.0,240.5178,0.0,0.0,0.0,0.0,0.0,0.0,-1.5707964,0.0
1970-01-01 00:00:00.183382281,0.183382281,0.0,0.0,440.08426,0.0,0.0,0.0,0.0,0.0,-1.5707964,0.0
1970-01-01 00:00:00.183391200,0.1833912,0.0,0.0,307.34058,0.0,0.0,0.0,0.0,0.0,-1.5707964,0.0
1970-01-01 00:00:00.183453256,0.183453256,0.0,0.0,0.0,88.85109,0.0,0.0,0.0,0.0,-1.5707964,0.0
1970-01-01 00:00:00.183529653,0.183529653,0.0,0.0,0.0,0.0,0.0,175.88321,0.0,0.0,-1.5707964,0.0
1970-01-01 00:00:00.183547135,0.183547135,0.0,0.0,82.13888,0.0,0.0,0.0,0.0,0.0,-1.5707964,0.0
1970-01-01 00:00:00.183575439,0.183575439,0.0,0.0,246.89676,0.0,0.0,0.0,0.0,0.0,-1.5707964,0.0
1970-01-01 00:00:00.183672933,0.183672933,0.0,0.0,567.92737,0.0,0.0,0.0,0.0,0.0,-1.5707964,0.0
1970-01-01 00:00:00.183682816,0.183682816,0.0,0.0,124.03841,0.0,0.0,0.0,0.0,0.0,-1.5707964,0.0
1970-01-01 00:00:00.183712981,0.183712981,236.29868,0.0,0.0,0.0,0.0,0.0,0.0,0.0,-1.5707964,0.0
1970-01-01 00:00:00.183769394,0.183769394,0.0,0.0,106.9454,0.0,0.0,0.0,0.0,0.0,-1.5707964,0.0
1970-01-01 00:00:00.183841523,0.183841523,0.0,0.0,0.0,0.0,144.82896,0.0,0.0,0.0,-1.5707964,0.0
1970-01-01 00:00:00.183865492,0.183865492,0.0,0.0,373.60107,0.0,0.0,0.0,0.0,0.0,-1.5707964,0.0
1970-01-01 00:00:00.183876321,0.183876321,0.0,0.0,0.0,0.0,152.04312,0.0,0.0,0.0,-1.5707964,0.0
1970-01-01 00:00:00.183903127,0.183903127,0.0,0.0,89.342255,0.0,0.0,0.0,0.0,0.0,-1.5707964,0.0
1970-01-01 00:00:00.183929393,0.183929393,0.0,0.0,198.6117,0.0,0.0,0.0,0.0,0.0,-1.5707964,0.0
1970-01-01 00:00:00.183998180,0.18399818,0.0,0.0,435.77322,0.0,0.0,0.0,0.0,0.0,-1.5707964,0.0
1970-01-01 00:00:00.184053195,0.184053195,0.0,0.0,425.2796,0.0,0.0,0.0,0.0,0.0,-1.5707964,0.0
1970-01-01 00:00:00.184091050,0.18409105,0.0,0.0,0.0,0.0,0.0,813.122,0.0,0.0,-1.5707964,0.0
1970-01-01 00:00:00.184139359,0.184139359,0.0,0.0,344.77817,0.0,0.0,0.0,0.0,0.0,-1.5707964,0.0
1970-01-01 00:00:00.184178555,0.184178555,0.0,0.0,313.2123,0.0,0.0,0.0,0.0,0.0,-1.5707964,0.0
1970-01-01 00:00:00.184188323,0.184188323,0.0,0.0,301.87375,0.0,0.0,0.0,0.0,0.0,-1.5707964,0.0
1970-01-01 00:00:00.184236195,0.184236195,0.0,0.0,100.71798,0.0,0.0,0.0,0.0,0.0,-1.5707964,0.0
1970-01-01 00:00:00.184243958,0.184243958,0.0,0.0,95.06127,0.0,0.0,0.0,0.0,0.0,-1.5707964,0.0
1970-01-01 00:00:00.184423489,0.184423489,0.0,0.0,99.26386,0.0,0.0,0.0,0.0,0.0,-1.5707964,0.0
1970-01-01 00:00:00.184441228,0.184441228,0.0,0.0,191.21222,0.0,0.0,0.0,0.0,0.0,-1.5707964,0.0
1970-01-01 00:00:00.184450841,0.184450841,254.23933,0.0,0.0,0.0,0.0,0.0,0.0,0.0,-1.5707964,0.0
1970-01-01 00:00:00.184453251,0.184453251,0.0,0.0,0.0,0.0,0.0,94.74151,0.0,0.0,-1.5707964,0.0
1970-01-01 00:00:00.184484138,0.184484138,0.0,0.0,471.9951,0.0,0.0,0.0,0.0,0.0,-1.5707964,0.0
1970-01-01 00:00:00.184522226,0.184522226,0.0,0.0,591.3409,0.0,0.0,0.0,0.0,0.0,-1.5707964,0.0
1970-01-01 00:00:00.184565847,0.184565847,91.832436,0.0,0.0,0.0,0.0,0.0,0.0,0.0,-1.5707964,0.0
1970-01-01 00:00:00.184606630,0.18460663,0.0,0.0,311.69333,0.0,0.0,0.0,0.0,0.0,-1.5707964,0.0
1970-01-01 00:00:00.184621366,0.184621366,0.0,0.0,111.29899,0.0,0.0,0.0,0.0,0.0,-1.5707964,0.0
1970-01-01 00:00:00.184665713,0.184665713,0.0,0.0,413.9441,0.0,0.0,0.0,0.0,0.0,-1.5707964,0.0
1970-01-01 00:00:00.184673569,0.184673569,0.0,0.0,0.0,160.27823,0.0,0.0,0.0,0.0,-1.5707964,0.0
1970-01-01 00:00:00.184692167,0.184692167,0.0,0.0,92.94417,0.0,0.0,0.0,0.0,0.0,-1.5707964,0.0
1970-01-01 00:00:00.184756511,0.184756511,0.0,0.0,320.64044,0.0,0.0,0.0,0.0,0.0,-1.5707964,0.0
1970-01-01 00:00:00.184760290,0.18476029,0.0,0.0,1327.6726,0.0,0.0,0.0,0.0,0.0,-1.5707964,0.0
1970-01-01 00:00:00.184876310,0.18487631,0.0,0.0,371.38895,0.0,0.0,0.0,0.0,0.0,-1.5707964,0.0
1970-01-01 00:00:00.184884454,0.184884454,0.0,0.0,273.4259,0.0,0.0,0.0,0.0,0.0,-1.5707964,0.0
1970-01-01 00:00:00.184928155,0.184928155,0.0,0.0,0.0,0.0,0.0,751.8737,0.0,0.0,-1.5707964,0.0
1970-01-01 00:00:00.184951317,0.184951317,0.0,0.0,273.2265,0.0,0.0,0.0,0.0,0.0,-1.5707964,0.0
1970-01-01 00:00:00.185057497,0.185057497,349.04825,0.0,0.0,0.0,0.0,0.0,0.0,0.0,-1.5707964,0.0
1970-01-01 00:00:00.185072074,0.185072074,0.0,0.0,0.0,0.0,188.23878,0.0,0.0,0.0,-1.5707964,0.0
1970-01-01 00:00:00.185128392,0.185128392,0.0,0.0,306.92435,0.0,0.0,0.0,0.0,0.0,-1.5707964,0.0
1970-01-01 00:00:00.185140090,0.18514009,0.0,0.0,712.0397,0.0,0.0,0.0,0.0,0.0,-1.5707964,0.0
1970-01-01 00:00:00.185140346,0.185140346,507.06458,0.0,0.0,0.0,0.0,0.0,0.0,0.0,-1.5707964,0.0
1970-01-01 00:00:00.185201470,0.18520147,0.0,0.0,102.917305,0.0,0.0,0.0,0.0,0.0,-1.5707964,0.0
1970-01-01 00:00:00.185232189,0.185232189,0.0,0.0,331.246,0.0,0.0,0.0,0.0,0.0,-1.5707964,0.0
1970-01-01 00:00:00.185239065,0.185239065,0.0,0.0,351.4393,0.0,0.0,0.0,0.0,0.0,-1.5707964,0.0
1970-01-01 00:00:00.185270703,0.185270703,0.0,0.0,160.7797,0.0,0.0,0.0,0.0,0.0,-1.5707964,0.0
1970-01-01 00:00:00.185320022,0.185320022,0.0,0.0,0.0,0.0,477.15836,0.0,0.0,0.0,-1.5707964,0.0
1970-01-01 00:00:00.185320181,0.185320181,0.0,0.0,526.7148,0.0,0.0,0.0,0.0,0.0,-1.5707964,0.0
1970-01-01 00:00:00.185342135,0.185342135,0.0,0.0,184.09148,0.0,0.0,0.0,0.0,0.0,-1.5707964,0.0
1970-01-01 00:00:00.185408329,0.185408329,0.0,0.0,1019.2776,0.0,0.0,0.0,0.0,0.0,-1.5707964,0.0
1970-01-01 00:00:00.185551672,0.185551672,80.40056,0.0,0.0,0.0,0.0,0.0,0.0,0.0,-1.5707964,0.0
1970-01-01 00:00:00.185559284,0.185559284,0.0,0.0,161.71991,0.0,0.0,0.0,0.0,0.0,-1.5707964,0.0
1970-01-01 00:00:00.185587719,0.185587719,0.0,0.0,0.0,0.0,0.0,95.0647,0.0,0.0,-1.5707964,0.0
1970-01-01 00:00:00.185639884,0.185639884,0.0,0.0,513.18915,0.0,0.0,0.0,0.0,0.0,-1.5707964,0.0
1970-01-01 00:00:00.185691336,0.185691336,0.0,0.0,194.45839,0.0,0.0,0.0,0.0,0.0,-1.5707964,0.0
1970-01-01 00:00:00.185704228,0.185704228,0.0,0.0,362.90945,0.0,0.0,0.0,0.0,0.0,-1.5707964,0.0
1970-01-01 00:00:00.185747085,0.185747085,0.0,0.0,101.82213,0.0,0.0,0.0,0.0,0.0,-1.5707964,0.0
1970-01-01 00:00:00.185749644,0.185749644,0.0,0.0,95.73185,0.0,0.0,0.0,0.0,0.0,-1.5707964,0.0
1970-01-01 00:00:00.185855707,0.185855707,0.0,0.0,1401.1847,0.0,0.0,0.0,0.0,0.0,-1.5707964,0.0
1970-01-01 00:00:00.185861656,0.185861656,169.06978,0.0,0.0,0.0,0.0,0.0,0.0,0.0,-1.5707964,0.0
1970-01-01 00:00:00.185881346,0.185881346,488.1921,0.0,0.0,0.0,0.0,0.0,0.0,0.0,-1.5707964,0.0
1970-01-01 00:00:00.185938292,0.185938292,0.0,0.0,0.0,0.0,98.37076,0.0,0.0,0.0,-1.5707964,0.0
1970-01-01 00:00:00.185938292,0.185938292,0.0,0.0,143.84285,0.0,0.0,0.0,0.0,0.0,-1.5707964,0.0
1970-01-01 00:00:00.186004544,0.186004544,0.0,0.0,0.0,0.0,328.36417,0.0,0.0,0.0,-1.5707964,0.0
1970-01-01 00:00:00.186025990,0.18602599,0.0,0.0,104.77712,0.0,0.0,0.0,0.0,0.0,-1.5707964,0.0
1970-01-01 00:00:00.186140157,0.186140157,0.0,0.0,172.3875,0.0,0.0,0.0,0.0,0.0,-1.5707964,0.0
1970-01-01 00:00:00.186238919,0.186238919,0.0,0.0,0.0,0.0,0.0,1206.1632,0.0,0.0,-1.5707964,0.0
1970-01-01 00:00:00.186257181,0.186257181,0.0,0.0,1482.7207,0.0,0.0,0.0,0.0,0.0,-1.5707964,0.0
1970-01-01 00:00:00.186466339,0.186466339,452.9166,0.0,0.0,0.0,0.0,0.0,0.0,0.0,-1.5707964,0.0
1970-01-01 00:00:00.186498161,0.186498161,0.0,0.0,336.10706,0.0,0.0,0.0,0.0,0.0,-1.5707964,0.0
1970-01-01 00:00:00.186524914,0.186524914,320.48285,0.0,0.0,0.0,0.0,0.0,0.0,0.0,-1.5707964,0.0
1970-01-01 00:00:00.186557173,0.186557173,0.0,0.0,491.1394,0.0,0.0,0.0,0.0,0.0,-1.5707964,0.0
1970-01-01 00:00:00.186566089,0.186566089,0.0,0.0,151.57315,0.0,0.0,0.0,0.0,0.0,-1.5707964,0.0
1970-01-01 00:00:00.186626884,0.186626884,0.0,0.0,828.6379,0.0,0.0,0.0,0.0,0.0,-1.5707964,0.0
1970-01-01 00:00:00.186679501,0.186679501,0.0,0.0,111.56607,0.0,0.0,0.0,0.0,0.0,-1.5707964,0.0
1970-01-01 00:00:00.186681505,0.186681505,0.0,0.0,0.0,0.0,0.0,101.319725,0.0,0.0,-1.5707964,0.0
1970-01-01 00:00:00.186687085,0.186687085,0.0,0.0,966.92206,0.0,0.0,0.0,0.0,0.0,-1.5707964,0.0
1970-01-01 00:00:00.186718078,0.186718078,0.0,0.0,92.233955,0.0,0.0,0.0,0.0,0.0,-1.5707964,0.0
1970-01-01 00:00:00.186829613,0.186829613,0.0,0.0,0.0,0.0,121.37722,0.0,0.0,0.0,-1.5707964,0.0
1970-01-01 00:00:00.186836536,0.186836536,0.0,0.0,0.0,0.0,87.63757,0.0,0.0,0.0,-1.5707964,0.0
1970-01-01 00:00:00.186838242,0.186838242,305.70074,0.0,0.0,0.0,0.0,0.0,0.0,0.0,-1.5707964,0.0
1970-01-01 00:00:00.186898215,0.186898215,0.0,0.0,0.0,0.0,0.0,161.96817,0.0,0.0,-1.5707964,0.0
1970-01-01 00:00:00.186906056,0.186906056,0.0,0.0,134.43883,0.0,0.0,0.0,0.0,0.0,-1.5707964,0.0
1970-01-01 00:00:00.186933910,0.18693391,0.0,0.0,285.73932,0.0,0.0,0.0,0.0,0.0,-1.5707964,0.0
1970-01-01 00:00:00.187069809,0.187069809,0.0,0.0,0.0,0.0,221.31592,0.0,0.0,0.0,-1.5707964,0.0
1970-01-01 00:00:00.187153984,0.187153984,0.0,0.0,593.10736,0.0,0.0,0.0,0.0,0.0,-1.5707964,0.0
1970-01-01 00:00:00.187280897,0.187280897,0.0,0.0,0.0,487.91095,0.0,0.0,0.0,0.0,-1.5707964,0.0
1970-01-01 00:00:00.187418533,0.187418533,0.0,0.0,171.05579,0.0,0.0,0.0,0.0,0.0,-1.5707964,0.0
1970-01-01 00:00:00.187488050,0.18748805,0.0,0.0,318.65536,0.0,0.0,0.0,0.0,0.0,-1.5707964,0.0
1970-01-01 00:00:00.187491971,0.187491971,0.0,0.0,0.0,1958.1022,0.0,0.0,0.0,0.0,-1.5707964,0.0
1970-01-01 00:00:00.187496144,0.187496144,0.0,0.0,945.69824,0.0,0.0,0.0,0.0,0.0,-1.5707964,0.0
1970-01-01 00:00:00.187499704,0.187499704,0.0,0.0,892.0501,0.0,0.0,0.0,0.0,0.0,-1.5707964,0.0
1970-01-01 00:00:00.187522846,0.187522846,0.0,0.0,433.60538,0.0,0.0,0.0,0.0,0.0,-1.5707964,0.0
1970-01-01 00:00:00.187533671,0.187533671,0.0,0.0,937.7034,0.0,0.0,0.0,0.0,0.0,-1.5707964,0.0
1970-01-01 00:00:00.187541150,0.18754115,0.0,0.0,0.0,0.0,0.0,825.8876,0.0,0.0,-1.5707964,0.0
1970-01-01 00:00:00.187558516,0.187558516,0.0,0.0,490.83997,0.0,0.0,0.0,0.0,0.0,-1.5707964,0.0
1970-01-01 00:00:00.187561120,0.18756112,0.0,0.0,85.918976,0.0,0.0,0.0,0.0,0.0,-1.5707964,0.0
1970-01-01 00:00:00.187638233,0.187638233,0.0,0.0,573.8293,0.0,0.0,0.0,0.0,0.0,-1.5707964,0.0
1970-01-01 00:00:00.187666693,0.187666693,82.70437,0.0,0.0,0.0,0.0,0.0,0.0,0.0,-1.5707964,0.0
1970-01-01 00:00:00.187724473,0.187724473,0.0,0.0,520.6909,0.0,0.0,0.0,0.0,0.0,-1.5707964,0.0
1970-01-01 00:00:00.187731355,0.187731355,0.0,0.0,113.629326,0.0,0.0,0.0,0.0,0.0,-1.5707964,0.0
1970-01-01 00:00:00.187739158,0.187739158,0.0,0.0,606.9319,0.0,0.0,0.0,0.0,0.0,-1.5707964,0.0
1970-01-01 00:00:00.187745625,0.187745625,0.0,0.0,0.0,0.0,0.0,175.44241,0.0,0.0,-1.5707964,0.0
1970-01-01 00:00:00.187769936,0.187769936,88.62021,0.0,0.0,0.0,0.0,0.0,0.0,0.0,-1.5707964,0.0
1970-01-01 00:00:00.187787509,0.187787509,0.0,0.0,0.0,1472.5232,0.0,0.0,0.0,0.0,-1.5707964,0.0
1970-01-01 00:00:00.187866065,0.187866065,0.0,0.0,0.0,0.0,290.04306,0.0,0.0,0.0,-1.5707964,0.0
1970-01-01 00:00:00.187886294,0.187886294,0.0,0.0,175.44289,0.0,0.0,0.0,0.0,0.0,-1.5707964,0.0
1970-01-01 00:00:00.187919200,0.1879192,0.0,151.42494,0.0,0.0,0.0,0.0,0.0,0.0,-1.5707964,0.0
1970-01-01 00:00:00.187954363,0.187954363,0.0,0.0,0.0,0.0,0.0,482.58102,0.0,0.0,-1.5707964,0.0
1970-01-01 00:00:00.187956115,0.187956115,0.0,0.0,0.0,0.0,1762.6504,0.0,0.0,0.0,-1.5707964,0.0
1970-01-01 00:00:00.187974069,0.187974069,0.0,0.0,0.0,0.0,898.30725,0.0,0.0,0.0,-1.5707964,0.0
1970-01-01 00:00:00.188130909,0.188130909,0.0,605.64484,0.0,0.0,0.0,0.0,0.0,0.0,-1.5707964,0.0
1970-01-01 00:00:00.188157786,0.188157786,0.0,0.0,200.29572,0.0,0.0,0.0,0.0,0.0,-1.5707964,0.0
1970-01-01 00:00:00.188167042,0.188167042,0.0,0.0,0.0,0.0,84.79662,0.0,0.0,0.0,-1.5707964,0.0
1970-01-01 00:00:00.188228647,0.188228647,0.0,0.0,1616.8191,0.0,0.0,0.0,0.0,0.0,-1.5707964,0.0
1970-01-01 00:00:00.188251267,0.188251267,0.0,0.0,647.1732,0.0,0.0,0.0,0.0,0.0,-1.5707964,0.0
1970-01-01 00:00:00.188253892,0.188253892,0.0,0.0,202.72118,0.0,0.0,0.0,0.0,0.0,-1.5707964,0.0
1970-01-01 00:00:00.188408979,0.188408979,0.0,0.0,287.35706,0.0,0.0,0.0,0.0,0.0,-1.5707964,0.0
1970-01-01 00:00:00.188487480,0.18848748,0.0,0.0,96.73016,0.0,0.0,0.0,0.0,0.0,-1.5707964,0.0
1970-01-01 00:00:00.188491987,0.188491987,0.0,0.0,143.17986,0.0,0.0,0.0,0.0,0.0,-1.5707964,0.0
1970-01-01 00:00:00.188510549,0.188510549,0.0,0.0,139.34694,0.0,0.0,0.0,0.0,0.0,-1.5707964,0.0
1970-01-01 00:00:00.188510549,0.188510549,0.0,0.0,744.74744,0.0,0.0,0.0,0.0,0.0,-1.5707964,0.0
1970-01-01 00:00:00.188603973,0.188603973,0.0,0.0,154.15115,0.0,0.0,0.0,0.0,0.0,-1.5707964,0.0
1970-01-01 00:00:00.188613273,0.188613273,0.0,0.0,0.0,0.0,217.29387,0.0,0.0,0.0,-1.5707964,0.0
1970-01-01 00:00:00.188634748,0.188634748,0.0,0.0,550.4114,0.0,0.0,0.0,0.0,0.0,-1.5707964,0.0
1970-01-01 00:00:00.188949560,0.18894956,0.0,0.0,168.02408,0.0,0.0,0.0,0.0,0.0,-1.5707964,0.0
1970-01-01 00:00:00.188959204,0.188959204,0.0,0.0,0.0,223.78377,0.0,0.0,0.0,0.0,-1.5707964,0.0
1970-01-01 00:00:00.189068958,0.189068958,0.0,0.0,0.0,436.42667,0.0,0.0,0.0,0.0,-1.5707964,0.0
1970-01-01 00:00:00.189072615,0.189072615,0.0,0.0,172.18376,0.0,0.0,0.0,0.0,0.0,-1.5707964,0.0
1970-01-01 00:00:00.189182273,0.189182273,0.0,0.0,127.165596,0.0,0.0,0.0,0.0,0.0,-1.5707964,0.0
1970-01-01 00:00:00.189207530,0.18920753,0.0,0.0,98.36588,0.0,0.0,0.0,0.0,0.0,-1.5707964,0.0
1970-01-01 00:00:00.189316592,0.189316592,0.0,0.0,507.27512,0.0,0.0,0.0,0.0,0.0,-1.5707964,0.0
1970-01-01 00:00:00.189398203,0.189398203,0.0,0.0,981.12964,0.0,0.0,0.0,0.0,0.0,-1.5707964,0.0
1970-01-01 00:00:00.189484257,0.189484257,0.0,0.0,89.46437,0.0,0.0,0.0,0.0,0.0,-1.5707964,0.0
1970-01-01 00:00:00.189487155,0.189487155,0.0,0.0,114.70217,0.0,0.0,0.0,0.0,0.0,-1.5707964,0.0
1970-01-01 00:00:00.189560728,0.189560728,0.0,0.0,294.60535,0.0,0.0,0.0,0.0,0.0,-1.5707964,0.0
1970-01-01 00:00:00.189566215,0.189566215,0.0,0.0,652.53253,0.0,0.0,0.0,0.0,0.0,-1.5707964,0.0
1970-01-01 00:00:00.189618874,0.189618874,0.0,0.0,123.19485,0.0,0.0,0.0,0.0,0.0,-1.5707964,0.0
1970-01-01 00:00:00.189659206,0.189659206,177.00818,0.0,0.0,0.0,0.0,0.0,0.0,0.0,-1.5707964,0.0
1970-01-01 00:00:00.189702838,0.189702838,128.15265,0.0,0.0,0.0,0.0,0.0,0.0,0.0,-1.5707964,0.0
1970-01-01 00:00:00.189749444,0.189749444,0.0,0.0,331.90604,0.0,0.0,0.0,0.0,0.0,-1.5707964,0.0
1970-01-01 00:00:00.189803796,0.189803796,0.0,0.0,539.3041,0.0,0.0,0.0,0.0,0.0,-1.5707964,0.0
1970-01-01 00:00:00.189804471,0.189804471,0.0,0.0,135.39787,0.0,0.0,0.0,0.0,0.0,-1.5707964,0.0
1970-01-01 00:00:00.190056044,0.190056044,1526.058,0.0,0.0,0.0,0.0,0.0,0.0,0.0,-1.5707964,0.0
1970-01-01 00:00:00.190169266,0.190169266,0.0,0.0,0.0,0.0,1503.6178,0.0,0.0,0.0,-1.5707964,0.0
1970-01-01 00:00:00.190170904,0.190170904,123.40034,0.0,0.0,0.0,0.0,0.0,0.0,0.0,-1.5707964,0.0
1970-01-01 00:00:00.190175367,0.190175367,0.0,0.0,0.0,0.0,0.0,250.62666,0.0,0.0,-1.5707964,0.0
1970-01-01 00:00:00.190308847,0.190308847,0.0,0.0,459.19122,0.0,0.0,0.0,0.0,0.0,-1.5707964,0.0
1970-01-01 00:00:00.190369952,0.190369952,0.0,0.0,394.89417,0.0,0.0,0.0,0.0,0.0,-1.5707964,0.0
1970-01-01 00:00:00.190370212,0.190370212,0.0,0.0,0.0,0.0,198.45154,0.0,0.0,0.0,-1.5707964,0.0
1970-01-01 00:00:00.190429031,0.190429031,0.0,0.0,0.0,0.0,0.0,333.30023,0.0,0.0,-1.5707964,0.0
1970-01-01 00:00:00.190484570,0.19048457,0.0,0.0,455.41183,0.0,0.0,0.0,0.0,0.0,-1.5707964,0.0
1970-01-01 00:00:00.190520378,0.190520378,0.0,0.0,733.9637,0.0,0.0,0.0,0.0,0.0,-1.5707964,0.0
1970-01-01 00:00:00.190533429,0.190533429,0.0,0.0,0.0,1597.579,0.0,0.0,0.0,0.0,-1.5707964,0.0
1970-01-01 00:00:00.190568637,0.190568637,0.0,0.0,183.40341,0.0,0.0,0.0,0.0,0.0,-1.5707964,0.0
1970-01-01 00:00:00.190630408,0.190630408,0.0,133.88898,0.0,0.0,0.0,0.0,0.0,0.0,-1.5707964,0.0
1970-01-01 00:00:00.190691829,0.190691829,0.0,0.0,0.0,0.0,0.0,411.89694,0.0,0.0,-1.5707964,0.0
1970-01-01 00:00:00.190745675,0.190745675,0.0,0.0,783.52057,0.0,0.0,0.0,0.0,0.0,-1.5707964,0.0
1970-01-01 00:00:00.190759135,0.190759135,0.0,0.0,0.0,0.0,0.0,478.05066,0.0,0.0,-1.5707964,0.0
1970-01-01 00:00:00.190781822,0.190781822,0.0,378.4549,0.0,0.0,0.0,0.0,0.0,0.0,-1.5707964,0.0
1970-01-01 00:00:00.190856175,0.190856175,0.0,0.0,103.97202,0.0,0.0,0.0,0.0,0.0,-1.5707964,0.0
1970-01-01 00:00:00.190930799,0.190930799,0.0,0.0,550.3742,0.0,0.0,0.0,0.0,0.0,-1.5707964,0.0
1970-01-01 00:00:00.190957495,0.190957495,0.0,0.0,1413.5525,0.0,0.0,0.0,0.0,0.0,-1.5707964,0.0
1970-01-01 00:00:00.191020556,0.191020556,0.0,0.0,516.919,0.0,0.0,0.0,0.0,0.0,-1.5707964,0.0
1970-01-01 00:00:00.191067294,0.191067294,314.1382,0.0,0.0,0.0,0.0,0.0,0.0,0.0,-1.5707964,0.0
1970-01-01 00:00:00.191112698,0.191112698,0.0,0.0,566.3293,0.0,0.0,0.0,0.0,0.0,-1.5707964,0.0
1970-01-01 00:00:00.191185057,0.191185057,0.0,823.66797,0.0,0.0,0.0,0.0,0.0,0.0,-1.5707964,0.0
1970-01-01 00:00:00.191210909,0.191210909,454.09006,0.0,0.0,0.0,0.0,0.0,0.0,0.0,-1.5707964,0.0
1970-01-01 00:00:00.191337039,0.191337039,0.0,0.0,165.57349,0.0,0.0,0.0,0.0,0.0,-1.5707964,0.0
1970-01-01 00:00:00.191346459,0.191346459,0.0,0.0,259.35403,0.0,0.0,0.0,0.0,0.0,-1.5707964,0.0
1970-01-01 00:00:00.191485544,0.191485544,0.0,234.68053,0.0,0.0,0.0,0.0,0.0,0.0,-1.5707964,0.0
1970-01-01 00:00:00.191528015,0.191528015,0.0,0.0,615.7685,0.0,0.0,0.0,0.0,0.0,-1.5707964,0.0
1970-01-01 00:00:00.191642207,0.191642207,0.0,0.0,439.2245,0.0,0.0,0.0,0.0,0.0,-1.5707964,0.0
1970-01-01 00:00:00.191700738,0.191700738,0.0,0.0,374.63336,0.0,0.0,0.0,0.0,0.0,-1.5707964,0.0
1970-01-01 00:00:00.191707988,0.191707988,0.0,0.0,232.1797,0.0,0.0,0.0,0.0,0.0,-1.5707964,0.0
1970-01-01 00:00:00.191745991,0.191745991,0.0,0.0,225.50223,0.0,0.0,0.0,0.0,0.0,-1.5707964,0.0
1970-01-01 00:00:00.191913221,0.191913221,0.0,0.0,659.7781,0.0,0.0,0.0,0.0,0.0,-1.5707964,0.0
1970-01-01 00:00:00.191940171,0.191940171,0.0,331.84073,0.0,0.0,0.0,0.0,0.0,0.0,-1.5707964,0.0
1970-01-01 00:00:00.192000906,0.192000906,0.0,0.0,817.95764,0.0,0.0,0.0,0.0,0.0,-1.5707964,0.0
1970-01-01 00:00:00.192004187,0.192004187,0.0,3853.6833,0.0,0.0,0.0,0.0,0.0,0.0,-1.5707964,0.0
1970-01-01 00:00:00.192004187,0.192004187,0.0,0.0,0.0,0.0,0.0,175.48961,0.0,0.0,-1.5707964,0.0
1970-01-01 00:00:00.192004394,0.192004394,0.0,0.0,0.0,0.0,0.0,288.06433,0.0,0.0,-1.5707964,0.0
1970-01-01 00:00:00.192017665,0.192017665,0.0,0.0,0.0,0.0,0.0,147.94331,0.0,0.0,-1.5707964,0.0
1970-01-01 00:00:00.192021777,0.192021777,0.0,0.0,0.0,114.57925,0.0,0.0,0.0,0.0,-1.5707964,0.0
1970-01-01 00:00:00.192142378,0.192142378,0.0,0.0,233.52023,0.0,0.0,0.0,0.0,0.0,-1.5707964,0.0
1970-01-01 00:00:00.192194979,0.192194979,0.0,0.0,155.61629,0.0,0.0,0.0,0.0,0.0,-1.5707964,0.0
1970-01-01 00:00:00.192223943,0.192223943,0.0,0.0,2181.9463,0.0,0.0,0.0,0.0,0.0,-1.5707964,0.0
1970-01-01 00:00:00.192270400,0.1922704,0.0,0.0,199.89769,0.0,0.0,0.0,0.0,0.0,-1.5707964,0.0
1970-01-01 00:00:00.192427256,0.192427256,0.0,0.0,177.83578,0.0,0.0,0.0,0.0,0.0,-1.5707964,0.0
1970-01-01 00:00:00.192444714,0.192444714,501.7102,0.0,0.0,0.0,0.0,0.0,0.0,0.0,-1.5707964,0.0
1970-01-01 00:00:00.192633673,0.192633673,0.0,0.0,158.57164,0.0,0.0,0.0,0.0,0.0,-1.5707964,0.0
1970-01-01 00:00:00.192664635,0.192664635,0.0,0.0,131.52365,0.0,0.0,0.0,0.0,0.0,-1.5707964,0.0
1970-01-01 00:00:00.192695423,0.192695423,440.29263,0.0,0.0,0.0,0.0,0.0,0.0,0.0,-1.5707964,0.0
1970-01-01 00:00:00.192748916,0.192748916,0.0,0.0,0.0,3090.5593,0.0,0.0,0.0,0.0,-1.5707964,0.0
1970-01-01 00:00:00.192805359,0.192805359,0.0,0.0,864.8972,0.0,0.0,0.0,0.0,0.0,-1.5707964,0.0
1970-01-01 00:00:00.192815761,0.192815761,235.95778,0.0,0.0,0.0,0.0,0.0,0.0,0.0,-1.5707964,0.0
1970-01-01 00:00:00.192833950,0.19283395,0.0,0.0,136.60774,0.0,0.0,0.0,0.0,0.0,-1.5707964,0.0
1970-01-01 00:00:00.192850747,0.192850747,0.0,0.0,0.0,0.0,0.0,540.7796,0.0,0.0,-1.5707964,0.0
1970-01-01 00:00:00.192857308,0.192857308,0.0,0.0,0.0,1076.2998,0.0,0.0,0.0,0.0,-1.5707964,0.0
1970-01-01 00:00:00.192868019,0.192868019,781.7578,0.0,0.0,0.0,0.0,0.0,0.0,0.0,-1.5707964,0.0
1970-01-01 00:00:00.192922986,0.192922986,0.0,0.0,94.04382,0.0,0.0,0.0,0.0,0.0,-1.5707964,0.0
1970-01-01 00:00:00.192986122,0.192986122,0.0,0.0,371.31363,0.0,0.0,0.0,0.0,0.0,-1.5707964,0.0
1970-01-01 00:00:00.192987337,0.192987337,0.0,0.0,0.0,0.0,462.50827,0.0,0.0,0.0,-1.5707964,0.0
1970-01-01 00:00:00.193034565,0.193034565,0.0,0.0,0.0,0.0,505.30057,0.0,0.0,0.0,-1.5707964,0.0
1970-01-01 00:00:00.193303232,0.193303232,1584.7025,0.0,0.0,0.0,0.0,0.0,0.0,0.0,-1.5707964,0.0
1970-01-01 00:00:00.193351708,0.193351708,0.0,0.0,235.2926,0.0,0.0,0.0,0.0,0.0,-1.5707964,0.0
1970-01-01 00:00:00.193353699,0.193353699,0.0,0.0,1089.317,0.0,0.0,0.0,0.0,0.0,-1.5707964,0.0
1970-01-01 00:00:00.193368487,0.193368487,0.0,0.0,566.8655,0.0,0.0,0.0,0.0,0.0,-1.5707964,0.0
1970-01-01 00:00:00.193398578,0.193398578,0.0,0.0,109.65736,0.0,0.0,0.0,0.0,0.0,-1.5707964,0.0
1970-01-01 00:00:00.193405336,0.193405336,0.0,0.0,0.0,0.0,0.0,135.36563,0.0,0.0,-1.5707964,0.0
1970-01-01 00:00:00.193497685,0.193497685,0.0,0.0,0.0,626.4397,0.0,0.0,0.0,0.0,-1.5707964,0.0
1970-01-01 00:00:00.193506320,0.19350632,0.0,0.0,414.9194,0.0,0.0,0.0,0.0,0.0,-1.5707964,0.0
1970-01-01 00:00:00.193573634,0.193573634,0.0,0.0,0.0,0.0,0.0,94.001,0.0,0.0,-1.5707964,0.0
1970-01-01 00:00:00.193615567,0.193615567,0.0,0.0,124.36645,0.0,0.0,0.0,0.0,0.0,-1.5707964,0.0
1970-01-01 00:00:00.193706495,0.193706495,0.0,0.0,123.46025,0.0,0.0,0.0,0.0,0.0,-1.5707964,0.0
1970-01-01 00:00:00.193706495,0.193706495,0.0,0.0,0.0,1171.999,0.0,0.0,0.0,0.0,-1.5707964,0.0
1970-01-01 00:00:00.193720115,0.193720115,0.0,0.0,141.02216,0.0,0.0,0.0,0.0,0.0,-1.5707964,0.0
1970-01-01 00:00:00.193749208,0.193749208,359.10162,0.0,0.0,0.0,0.0,0.0,0.0,0.0,-1.5707964,0.0
1970-01-01 00:00:00.193766873,0.193766873,0.0,0.0,290.44687,0.0,0.0,0.0,0.0,0.0,-1.5707964,0.0
1970-01-01 00:00:00.193793861,0.193793861,0.0,134.42538,0.0,0.0,0.0,0.0,0.0,0.0,-1.5707964,0.0
1970-01-01 00:00:00.193933345,0.193933345,0.0,0.0,95.18668,0.0,0.0,0.0,0.0,0.0,-1.5707964,0.0
1970-01-01 00:00:00.193933345,0.193933345,0.0,0.0,1839.9249,0.0,0.0,0.0,0.0,0.0,-1.5707964,0.0
1970-01-01 00:00:00.193943815,0.193943815,0.0,0.0,143.97635,0.0,0.0,0.0,0.0,0.0,-1.5707964,0.0
1970-01-01 00:00:00.193989778,0.193989778,0.0,0.0,845.39655,0.0,0.0,0.0,0.0,0.0,-1.5707964,0.0
1970-01-01 00:00:00.194047253,0.194047253,0.0,0.0,1133.2977,0.0,0.0,0.0,0.0,0.0,-1.5707964,0.0
1970-01-01 00:00:00.194049501,0.194049501,0.0,0.0,0.0,652.1001,0.0,0.0,0.0,0.0,-1.5707964,0.0
1970-01-01 00:00:00.194142345,0.194142345,0.0,0.0,105.22763,0.0,0.0,0.0,0.0,0.0,-1.5707964,0.0
1970-01-01 00:00:00.194175949,0.194175949,0.0,0.0,476.65063,0.0,0.0,0.0,0.0,0.0,-1.5707964,0.0
1970-01-01 00:00:00.194186007,0.194186007,86.14139,0.0,0.0,0.0,0.0,0.0,0.0,0.0,-1.5707964,0.0
1970-01-01 00:00:00.194246355,0.194246355,0.0,0.0,184.01085,0.0,0.0,0.0,0.0,0.0,-1.5707964,0.0
1970-01-01 00:00:00.194277216,0.194277216,0.0,0.0,0.0,0.0,223.55663,0.0,0.0,0.0,-1.5707964,0.0
1970-01-01 00:00:00.194338468,0.194338468,0.0,0.0,192.64594,0.0,0.0,0.0,0.0,0.0,-1.5707964,0.0
1970-01-01 00:00:00.194388371,0.194388371,0.0,0.0,0.0,215.0988,0.0,0.0,0.0,0.0,-1.5707964,0.0
1970-01-01 00:00:00.194388371,0.194388371,0.0,0.0,0.0,387.61743,0.0,0.0,0.0,0.0,-1.5707964,0.0
1970-01-01 00:00:00.194429335,0.194429335,0.0,0.0,117.63407,0.0,0.0,0.0,0.0,0.0,-1.5707964,0.0
1970-01-01 00:00:00.194596452,0.194596452,0.0,0.0,149.56358,0.0,0.0,0.0,0.0,0.0,-1.5707964,0.0
1970-01-01 00:00:00.194660872,0.194660872,0.0,0.0,0.0,0.0,0.0,180.81607,0.0,0.0,-1.5707964,0.0
1970-01-01 00:00:00.194663582,0.194663582,0.0,0.0,215.92381,0.0,0.0,0.0,0.0,0.0,-1.5707964,0.0
1970-01-01 00:00:00.194685553,0.194685553,383.98007,0.0,0.0,0.0,0.0,0.0,0.0,0.0,-1.5707964,0.0
1970-01-01 00:00:00.194752660,0.19475266,971.42413,0.0,0.0,0.0,0.0,0.0,0.0,0.0,-1.5707964,0.0
1970-01-01 00:00:00.194862360,0.19486236,0.0,0.0,0.0,0.0,0.0,105.135704,0.0,0.0,-1.5707964,0.0
1970-01-01 00:00:00.194888369,0.194888369,0.0,0.0,418.16632,0.0,0.0,0.0,0.0,0.0,-1.5707964,0.0
1970-01-01 00:00:00.194944628,0.194944628,0.0,0.0,994.0102,0.0,0.0,0.0,0.0,0.0,-1.5707964,0.0
1970-01-01 00:00:00.195007829,0.195007829,0.0,0.0,0.0,0.0,0.0,546.89496,0.0,0.0,-1.5707964,0.0
1970-01-01 00:00:00.195007829,0.195007829,0.0,0.0,0.0,0.0,0.0,519.5524,0.0,0.0,-1.5707964,0.0
1970-01-01 00:00:00.195026192,0.195026192,0.0,0.0,0.0,0.0,154.92444,0.0,0.0,0.0,-1.5707964,0.0
1970-01-01 00:00:00.195165360,0.19516536,0.0,0.0,0.0,873.1108,0.0,0.0,0.0,0.0,-1.5707964,0.0
1970-01-01 00:00:00.195250651,0.195250651,197.09035,0.0,0.0,0.0,0.0,0.0,0.0,0.0,-1.5707964,0.0
1970-01-01 00:00:00.195262260,0.19526226,0.0,0.0,1526.1656,0.0,0.0,0.0,0.0,0.0,-1.5707964,0.0
1970-01-01 00:00:00.195482077,0.195482077,0.0,0.0,733.8663,0.0,0.0,0.0,0.0,0.0,-1.5707964,0.0
1970-01-01 00:00:00.195520703,0.195520703,0.0,0.0,1504.7609,0.0,0.0,0.0,0.0,0.0,-1.5707964,0.0
1970-01-01 00:00:00.195654682,0.195654682,183.71237,0.0,0.0,0.0,0.0,0.0,0.0,0.0,-1.5707964,0.0
1970-01-01 00:00:00.195669883,0.195669883,0.0,0.0,180.1344,0.0,0.0,0.0,0.0,0.0,-1.5707964,0.0
1970-01-01 00:00:00.195679217,0.195679217,547.8939,0.0,0.0,0.0,0.0,0.0,0.0,0.0,-1.5707964,0.0
1970-01-01 00:00:00.195775227,0.195775227,0.0,0.0,151.68939,0.0,0.0,0.0,0.0,0.0,-1.5707964,0.0
1970-01-01 00:00:00.195784713,0.195784713,688.3475,0.0,0.0,0.0,0.0,0.0,0.0,0.0,-1.5707964,0.0
1970-01-01 00:00:00.195817614,0.195817614,0.0,0.0,271.5103,0.0,0.0,0.0,0.0,0.0,-1.5707964,0.0
1970-01-01 00:00:00.195843660,0.19584366,0.0,0.0,943.1047,0.0,0.0,0.0,0.0,0.0,-1.5707964,0.0
1970-01-01 00:00:00.195853060,0.19585306,0.0,0.0,299.5308,0.0,0.0,0.0,0.0,0.0,-1.5707964,0.0
1970-01-01 00:00:00.195919184,0.195919184,106.97924,0.0,0.0,0.0,0.0,0.0,0.0,0.0,-1.5707964,0.0
1970-01-01 00:00:00.195955516,0.195955516,543.7236,0.0,0.0,0.0,0.0,0.0,0.0,0.0,-1.5707964,0.0
1970-01-01 00:00:00.195959624,0.195959624,0.0,0.0,0.0,1603.6538,0.0,0.0,0.0,0.0,-1.5707964,0.0
1970-01-01 00:00:00.196003092,0.196003092,0.0,0.0,0.0,0.0,138.97075,0.0,0.0,0.0,-1.5707964,0.0
1970-01-01 00:00:00.196367078,0.196367078,0.0,0.0,122.78832,0.0,0.0,0.0,0.0,0.0,-1.5707964,0.0
1970-01-01 00:00:00.196446684,0.196446684,0.0,0.0,126.61593,0.0,0.0,0.0,0.0,0.0,-1.5707964,0.0
1970-01-01 00:00:00.196489798,0.196489798,0.0,0.0,405.75455,0.0,0.0,0.0,0.0,0.0,-1.5707964,0.0
1970-01-01 00:00:00.196531708,0.196531708,0.0,0.0,302.2138,0.0,0.0,0.0,0.0,0.0,-1.5707964,0.0
1970-01-01 00:00:00.196559228,0.196559228,0.0,0.0,583.9327,0.0,0.0,0.0,0.0,0.0,-1.5707964,0.0
1970-01-01 00:00:00.196587948,0.196587948,0.0,0.0,0.0,567.41583,0.0,0.0,0.0,0.0,-1.5707964,0.0
1970-01-01 00:00:00.196593552,0.196593552,0.0,0.0,0.0,0.0,0.0,585.6607,0.0,0.0,-1.5707964,0.0
1970-01-01 00:00:00.196817755,0.196817755,0.0,0.0,133.78497,0.0,0.0,0.0,0.0,0.0,-1.5707964,0.0
1970-01-01 00:00:00.196939985,0.196939985,0.0,0.0,0.0,0.0,199.30806,0.0,0.0,0.0,-1.5707964,0.0
1970-01-01 00:00:00.197025595,0.197025595,0.0,0.0,0.0,0.0,0.0,363.4597,0.0,0.0,-1.5707964,0.0
1970-01-01 00:00:00.197172782,0.197172782,0.0,0.0,0.0,0.0,0.0,209.85507,0.0,0.0,-1.5707964,0.0
1970-01-01 00:00:00.197264735,0.197264735,0.0,0.0,93.82774,0.0,0.0,0.0,0.0,0.0,-1.5707964,0.0
1970-01-01 00:00:00.197287498,0.197287498,0.0,0.0,479.5539,0.0,0.0,0.0,0.0,0.0,-1.5707964,0.0
1970-01-01 00:00:00.197376745,0.197376745,0.0,0.0,244.91452,0.0,0.0,0.0,0.0,0.0,-1.5707964,0.0
1970-01-01 00:00:00.197393402,0.197393402,0.0,0.0,1567.6522,0.0,0.0,0.0,0.0,0.0,-1.5707964,0.0
1970-01-01 00:00:00.197478780,0.19747878,0.0,0.0,0.0,0.0,674.168,0.0,0.0,0.0,-1.5707964,0.0
1970-01-01 00:00:00.197547949,0.197547949,0.0,0.0,0.0,0.0,0.0,472.78088,0.0,0.0,-1.5707964,0.0
1970-01-01 00:00:00.197576851,0.197576851,0.0,0.0,253.94968,0.0,0.0,0.0,0.0,0.0,-1.5707964,0.0
1970-01-01 00:00:00.197625164,0.197625164,0.0,0.0,0.0,0.0,0.0,310.85645,0.0,0.0,-1.5707964,0.0
1970-01-01 00:00:00.197646524,0.197646524,0.0,0.0,0.0,0.0,1958.8737,0.0,0.0,0.0,-1.5707964,0.0
1970-01-01 00:00:00.197692171,0.197692171,90.67083,0.0,0.0,0.0,0.0,0.0,0.0,0.0,-1.5707964,0.0
1970-01-01 00:00:00.197694654,0.197694654,0.0,0.0,240.75421,0.0,0.0,0.0,0.0,0.0,-1.5707964,0.0
1970-01-01 00:00:00.197777714,0.197777714,0.0,0.0,97.60113,0.0,0.0,0.0,0.0,0.0,-1.5707964,0.0
1970-01-01 00:00:00.197803488,0.197803488,0.0,0.0,255.55267,0.0,0.0,0.0,0.0,0.0,-1.5707964,0.0
1970-01-01 00:00:00.197874164,0.197874164,171.81125,0.0,0.0,0.0,0.0,0.0,0.0,0.0,-1.5707964,0.0
1970-01-01 00:00:00.197893650,0.19789365,0.0,0.0,0.0,0.0,164.57724,0.0,0.0,0.0,-1.5707964,0.0
1970-01-01 00:00:00.197975567,0.197975567,0.0,0.0,625.6903,0.0,0.0,0.0,0.0,0.0,-1.5707964,0.0
1970-01-01 00:00:00.197975567,0.197975567,0.0,0.0,0.0,0.0,889.71014,0.0,0.0,0.0,-1.5707964,0.0
1970-01-01 00:00:00.198030099,0.198030099,0.0,0.0,0.0,0.0,114.151146,0.0,0.0,0.0,-1.5707964,0.0
1970-01-01 00:00:00.198032899,0.198032899,0.0,0.0,0.0,0.0,0.0,380.79922,0.0,0.0,-1.5707964,0.0
1970-01-01 00:00:00.198039870,0.19803987,0.0,0.0,324.22794,0.0,0.0,0.0,0.0,0.0,-1.5707964,0.0
1970-01-01 00:00:00.198039870,0.19803987,0.0,0.0,0.0,0.0,1391.825,0.0,0.0,0.0,-1.5707964,0.0
1970-01-01 00:00:00.198115065,0.198115065,0.0,0.0,148.6957,0.0,0.0,0.0,0.0,0.0,-1.5707964,0.0
1970-01-01 00:00:00.198148298,0.198148298,0.0,0.0,362.53842,0.0,0.0,0.0,0.0,0.0,-1.5707964,0.0
1970-01-01 00:00:00.198177577,0.198177577,0.0,0.0,0.0,0.0,184.72472,0.0,0.0,0.0,-1.5707964,0.0
1970-01-01 00:00:00.198236517,0.198236517,0.0,0.0,108.10573,0.0,0.0,0.0,0.0,0.0,-1.5707964,0.0
1970-01-01 00:00:00.198286372,0.198286372,0.0,0.0,0.0,0.0,177.96608,0.0,0.0,0.0,-1.5707964,0.0
1970-01-01 00:00:00.198429597,0.198429597,0.0,0.0,0.0,0.0,390.19907,0.0,0.0,0.0,-1.5707964,0.0
1970-01-01 00:00:00.198507644,0.198507644,0.0,0.0,156.09521,0.0,0.0,0.0,0.0,0.0,-1.5707964,0.0
1970-01-01 00:00:00.198516805,0.198516805,0.0,0.0,363.77722,0.0,0.0,0.0,0.0,0.0,-1.5707964,0.0
1970-01-01 00:00:00.198686580,0.19868658,0.0,0.0,0.0,678.79694,0.0,0.0,0.0,0.0,-1.5707964,0.0
1970-01-01 00:00:00.198750586,0.198750586,0.0,0.0,130.31676,0.0,0.0,0.0,0.0,0.0,-1.5707964,0.0
1970-01-01 00:00:00.198848827,0.198848827,0.0,0.0,118.19392,0.0,0.0,0.0,0.0,0.0,-1.5707964,0.0
1970-01-01 00:00:00.198850416,0.198850416,0.0,0.0,818.8566,0.0,0.0,0.0,0.0,0.0,-1.5707964,0.0
1970-01-01 00:00:00.198871596,0.198871596,0.0,0.0,559.9685,0.0,0.0,0.0,0.0,0.0,-1.5707964,0.0
1970-01-01 00:00:00.198896169,0.198896169,0.0,0.0,0.0,0.0,206.80247,0.0,0.0,0.0,-1.5707964,0.0
1970-01-01 00:00:00.198925230,0.19892523,0.0,0.0,2286.653,0.0,0.0,0.0,0.0,0.0,-1.5707964,0.0
1970-01-01 00:00:00.198960517,0.198960517,0.0,0.0,186.06422,0.0,0.0,0.0,0.0,0.0,-1.5707964,0.0
1970-01-01 00:00:00.199014290,0.19901429,0.0,0.0,280.66656,0.0,0.0,0.0,0.0,0.0,-1.5707964,0.0
1970-01-01 00:00:00.199021869,0.199021869,2395.6526,0.0,0.0,0.0,0.0,0.0,0.0,0.0,-1.5707964,0.0
1970-01-01 00:00:00.199087779,0.199087779,0.0,0.0,0.0,0.0,186.6201,0.0,0.0,0.0,-1.5707964,0.0
1970-01-01 00:00:00.199100034,0.199100034,0.0,0.0,1808.1991,0.0,0.0,0.0,0.0,0.0,-1.5707964,0.0
1970-01-01 00:00:00.199228060,0.19922806,0.0,0.0,0.0,5352.364,0.0,0.0,0.0,0.0,-1.5707964,0.0
1970-01-01 00:00:00.199240134,0.199240134,0.0,0.0,186.39264,0.0,0.0,0.0,0.0,0.0,-1.5707964,0.0
1970-01-01 00:00:00.199296894,0.199296894,0.0,0.0,830.8213,0.0,0.0,0.0,0.0,0.0,-1.5707964,0.0
1970-01-01 00:00:00.199403304,0.199403304,0.0,0.0,917.47974,0.0,0.0,0.0,0.0,0.0,-1.5707964,0.0
1970-01-01 00:00:00.199475338,0.199475338,0.0,0.0,434.98657,0.0,0.0,0.0,0.0,0.0,-1.5707964,0.0
1970-01-01 00:00:00.199530394,0.199530394,0.0,0.0,0.0,0.0,0.0,1177.6176,0.0,0.0,-1.5707964,0.0
1970-01-01 00:00:00.199672644,0.199672644,0.0,0.0,464.88718,0.0,0.0,0.0,0.0,0.0,-1.5707964,0.0
1970-01-01 00:00:00.199692582,0.199692582,551.5546,0.0,0.0,0.0,0.0,0.0,0.0,0.0,-1.5707964,0.0
1970-01-01 00:00:00.199855661,0.199855661,0.0,0.0,1135.0669,0.0,0.0,0.0,0.0,0.0,-1.5707964,0.0
1970-01-01 00:00:00.199912551,0.199912551,0.0,0.0,97.30822,0.0,0.0,0.0,0.0,0.0,-1.5707964,0.0
1970-01-01 00:00:00.200089536,0.200089536,0.0,0.0,0.0,0.0,495.24088,0.0,0.0,0.0,-1.5707964,0.0
1970-01-01 00:00:00.200162714,0.200162714,0.0,0.0,494.937,0.0,0.0,0.0,0.0,0.0,-1.5707964,0.0
1970-01-01 00:00:00.200327334,0.200327334,0.0,0.0,681.74396,0.0,0.0,0.0,0.0,0.0,-1.5707964,0.0
1970-01-01 00:00:00.200485634,0.200485634,0.0,0.0,186.45131,0.0,0.0,0.0,0.0,0.0,-1.5707964,0.0
1970-01-01 00:00:00.200662977,0.200662977,0.0,0.0,188.29906,0.0,0.0,0.0,0.0,0.0,-1.5707964,0.0
1970-01-01 00:00:00.200689600,0.2006896,0.0,0.0,0.0,119.319534,0.0,0.0,0.0,0.0,-1.5707964,0.0
1970-01-01 00:00:00.200725154,0.200725154,0.0,0.0,216.34523,0.0,0.0,0.0,0.0,0.0,-1.5707964,0.0
1970-01-01 00:00:00.200727308,0.200727308,0.0,0.0,82.65826,0.0,0.0,0.0,0.0,0.0,-1.5707964,0.0
1970-01-01 00:00:00.200742505,0.200742505,0.0,0.0,321.35715,0.0,0.0,0.0,0.0,0.0,-1.5707964,0.0
1970-01-01 00:00:00.200776446,0.200776446,0.0,0.0,118.9081,0.0,0.0,0.0,0.0,0.0,-1.5707964,0.0
1970-01-01 00:00:00.200864582,0.200864582,0.0,0.0,169.80699,0.0,0.0,0.0,0.0,0.0,-1.5707964,0.0
1970-01-01 00:00:00.200936399,0.200936399,0.0,0.0,0.0,0.0,0.0,467.31995,0.0,0.0,-1.5707964,0.0
1970-01-01 00:00:00.200977898,0.200977898,0.0,0.0,250.43797,0.0,0.0,0.0,0.0,0.0,-1.5707964,0.0
1970-01-01 00:00:00.201016736,0.201016736,0.0,0.0,485.29697,0.0,0.0,0.0,0.0,0.0,-1.5707964,0.0
1970-01-01 00:00:00.201063820,0.20106382,0.0,0.0,129.76357,0.0,0.0,0.0,0.0,0.0,-1.5707964,0.0
1970-01-01 00:00:00.201065681,0.201065681,0.0,0.0,2075.3682,0.0,0.0,0.0,0.0,0.0,-1.5707964,0.0
1970-01-01 00:00:00.201131865,0.201131865,0.0,263.6514,0.0,0.0,0.0,0.0,0.0,0.0,-1.5707964,0.0
1970-01-01 00:00:00.201141055,0.201141055,0.0,0.0,921.1761,0.0,0.0,0.0,0.0,0.0,-1.5707964,0.0
1970-01-01 00:00:00.201158872,0.201158872,0.0,0.0,1046.7874,0.0,0.0,0.0,0.0,0.0,-1.5707964,0.0
1970-01-01 00:00:00.201185206,0.201185206,275.37186,0.0,0.0,0.0,0.0,0.0,0.0,0.0,-1.5707964,0.0
1970-01-01 00:00:00.201267631,0.201267631,0.0,0.0,646.93274,0.0,0.0,0.0,0.0,0.0,-1.5707964,0.0
1970-01-01 00:00:00.201267665,0.201267665,0.0,0.0,87.44398,0.0,0.0,0.0,0.0,0.0,-1.5707964,0.0
1970-01-01 00:00:00.201385320,0.20138532,0.0,0.0,237.05592,0.0,0.0,0.0,0.0,0.0,-1.5707964,0.0
1970-01-01 00:00:00.201385320,0.20138532,0.0,0.0,229.64313,0.0,0.0,0.0,0.0,0.0,-1.5707964,0.0
1970-01-01 00:00:00.201430064,0.201430064,0.0,0.0,162.66965,0.0,0.0,0.0,0.0,0.0,-1.5707964,0.0
1970-01-01 00:00:00.201628133,0.201628133,0.0,0.0,126.72484,0.0,0.0,0.0,0.0,0.0,-1.5707964,0.0
1970-01-01 00:00:00.201693826,0.201693826,0.0,0.0,994.64636,0.0,0.0,0.0,0.0,0.0,-1.5707964,0.0
1970-01-01 00:00:00.201696883,0.201696883,0.0,0.0,105.82125,0.0,0.0,0.0,0.0,0.0,-1.5707964,0.0
1970-01-01 00:00:00.201722673,0.201722673,0.0,0.0,321.3854,0.0,0.0,0.0,0.0,0.0,-1.5707964,0.0
1970-01-01 00:00:00.201805878,0.201805878,0.0,0.0,359.7029,0.0,0.0,0.0,0.0,0.0,-1.5707964,0.0
1970-01-01 00:00:00.201888944,0.201888944,0.0,0.0,93.80648,0.0,0.0,0.0,0.0,0.0,-1.5707964,0.0
1970-01-01 00:00:00.201911170,0.20191117,0.0,0.0,0.0,278.67953,0.0,0.0,0.0,0.0,-1.5707964,0.0
1970-01-01 00:00:00.201946924,0.201946924,0.0,0.0,0.0,0.0,89.825,0.0,0.0,0.0,-1.5707964,0.0
1970-01-01 00:00:00.201990286,0.201990286,0.0,0.0,123.48208,0.0,0.0,0.0,0.0,0.0,-1.5707964,0.0
1970-01-01 00:00:00.201990949,0.201990949,0.0,0.0,332.01538,0.0,0.0,0.0,0.0,0.0,-1.5707964,0.0
1970-01-01 00:00:00.202035159,0.202035159,0.0,0.0,137.76224,0.0,0.0,0.0,0.0,0.0,-1.5707964,0.0
1970-01-01 00:00:00.202049734,0.202049734,0.0,0.0,315.91336,0.0,0.0,0.0,0.0,0.0,-1.5707964,0.0
1970-01-01 00:00:00.202049734,0.202049734,0.0,0.0,177.86461,0.0,0.0,0.0,0.0,0.0,-1.5707964,0.0
1970-01-01 00:00:00.202191752,0.202191752,0.0,0.0,548.0556,0.0,0.0,0.0,0.0,0.0,-1.5707964,0.0
1970-01-01 00:00:00.202201442,0.202201442,0.0,175.41699,0.0,0.0,0.0,0.0,0.0,0.0,-1.5707964,0.0
1970-01-01 00:00:00.202277000,0.202277,0.0,0.0,0.0,254.55481,0.0,0.0,0.0,0.0,-1.5707964,0.0
1970-01-01 00:00:00.202290563,0.202290563,0.0,0.0,90.17564,0.0,0.0,0.0,0.0,0.0,-1.5707964,0.0
1970-01-01 00:00:00.202301283,0.202301283,0.0,0.0,0.0,0.0,709.76715,0.0,0.0,0.0,-1.5707964,0.0
1970-01-01 00:00:00.202464342,0.202464342,0.0,0.0,320.87207,0.0,0.0,0.0,0.0,0.0,-1.5707964,0.0
1970-01-01 00:00:00.202701827,0.202701827,978.87775,0.0,0.0,0.0,0.0,0.0,0.0,0.0,-1.5707964,0.0
1970-01-01 00:00:00.202740021,0.202740021,0.0,0.0,1841.2233,0.0,0.0,0.0,0.0,0.0,-1.5707964,0.0
1970-01-01 00:00:00.202829940,0.20282994,0.0,0.0,340.6649,0.0,0.0,0.0,0.0,0.0,-1.5707964,0.0
1970-01-01 00:00:00.202997360,0.20299736,0.0,0.0,797.2169,0.0,0.0,0.0,0.0,0.0,-1.5707964,0.0
1970-01-01 00:00:00.203007891,0.203007891,255.22821,0.0,0.0,0.0,0.0,0.0,0.0,0.0,-1.5707964,0.0
1970-01-01 00:00:00.203009989,0.203009989,0.0,0.0,0.0,0.0,0.0,510.6062,0.0,0.0,-1.5707964,0.0
1970-01-01 00:00:00.203043305,0.203043305,0.0,0.0,0.0,0.0,0.0,413.2432,0.0,0.0,-1.5707964,0.0
1970-01-01 00:00:00.203046068,0.203046068,0.0,0.0,0.0,0.0,541.7067,0.0,0.0,0.0,-1.5707964,0.0
1970-01-01 00:00:00.203203880,0.20320388,0.0,0.0,586.4286,0.0,0.0,0.0,0.0,0.0,-1.5707964,0.0
1970-01-01 00:00:00.203208667,0.203208667,0.0,0.0,925.1441,0.0,0.0,0.0,0.0,0.0,-1.5707964,0.0
1970-01-01 00:00:00.203288656,0.203288656,0.0,0.0,0.0,0.0,209.48578,0.0,0.0,0.0,-1.5707964,0.0
1970-01-01 00:00:00.203317198,0.203317198,0.0,0.0,0.0,0.0,0.0,97.35211,0.0,0.0,-1.5707964,0.0
1970-01-01 00:00:00.203338500,0.2033385,0.0,0.0,132.05223,0.0,0.0,0.0,0.0,0.0,-1.5707964,0.0
1970-01-01 00:00:00.203399309,0.203399309,0.0,0.0,0.0,0.0,92.335144,0.0,0.0,0.0,-1.5707964,0.0
1970-01-01 00:00:00.203428609,0.203428609,0.0,0.0,251.22356,0.0,0.0,0.0,0.0,0.0,-1.5707964,0.0
1970-01-01 00:00:00.203530220,0.20353022,0.0,0.0,0.0,0.0,0.0,1823.8191,0.0,0.0,-1.5707964,0.0
1970-01-01 00:00:00.203550995,0.203550995,0.0,0.0,0.0,0.0,0.0,236.70642,0.0,0.0,-1.5707964,0.0
1970-01-01 00:00:00.203574556,0.203574556,0.0,0.0,110.74784,0.0,0.0,0.0,0.0,0.0,-1.5707964,0.0
1970-01-01 00:00:00.203593356,0.203593356,0.0,0.0,734.6281,0.0,0.0,0.0,0.0,0.0,-1.5707964,0.0
1970-01-01 00:00:00.203703758,0.203703758,0.0,0.0,532.065,0.0,0.0,0.0,0.0,0.0,-1.5707964,0.0
1970-01-01 00:00:00.203771880,0.20377188,0.0,0.0,538.8404,0.0,0.0,0.0,0.0,0.0,-1.5707964,0.0
1970-01-01 00:00:00.203961615,0.203961615,0.0,0.0,0.0,0.0,505.8123,0.0,0.0,0.0,-1.5707964,0.0
1970-01-01 00:00:00.204050527,0.204050527,0.0,0.0,134.6644,0.0,0.0,0.0,0.0,0.0,-1.5707964,0.0
1970-01-01 00:00:00.204093643,0.204093643,0.0,0.0,0.0,0.0,0.0,582.8213,0.0,0.0,-1.5707964,0.0
1970-01-01 00:00:00.204112648,0.204112648,0.0,0.0,223.88507,0.0,0.0,0.0,0.0,0.0,-1.5707964,0.0
1970-01-01 00:00:00.204128087,0.204128087,114.56192,0.0,0.0,0.0,0.0,0.0,0.0,0.0,-1.5707964,0.0
1970-01-01 00:00:00.204142070,0.20414207,0.0,0.0,502.0147,0.0,0.0,0.0,0.0,0.0,-1.5707964,0.0
1970-01-01 00:00:00.204176892,0.204176892,0.0,0.0,108.5062,0.0,0.0,0.0,0.0,0.0,-1.5707964,0.0
1970-01-01 00:00:00.204203634,0.204203634,0.0,0.0,1317.9896,0.0,0.0,0.0,0.0,0.0,-1.5707964,0.0
1970-01-01 00:00:00.204217763,0.204217763,0.0,0.0,0.0,0.0,186.85326,0.0,0.0,0.0,-1.5707964,0.0
1970-01-01 00:00:00.204217763,0.204217763,0.0,0.0,0.0,0.0,774.6131,0.0,0.0,0.0,-1.5707964,0.0
1970-01-01 00:00:00.204257228,0.204257228,0.0,0.0,547.5578,0.0,0.0,0.0,0.0,0.0,-1.5707964,0.0
1970-01-01 00:00:00.204266066,0.204266066,0.0,0.0,85.3232,0.0,0.0,0.0,0.0,0.0,-1.5707964,0.0
1970-01-01 00:00:00.204322513,0.204322513,168.28984,0.0,0.0,0.0,0.0,0.0,0.0,0.0,-1.5707964,0.0
1970-01-01 00:00:00.204340786,0.204340786,0.0,0.0,1028.1451,0.0,0.0,0.0,0.0,0.0,-1.5707964,0.0
1970-01-01 00:00:00.204535976,0.204535976,89.28362,0.0,0.0,0.0,0.0,0.0,0.0,0.0,-1.5707964,0.0
1970-01-01 00:00:00.204610406,0.204610406,0.0,0.0,368.5126,0.0,0.0,0.0,0.0,0.0,-1.5707964,0.0
1970-01-01 00:00:00.204785132,0.204785132,0.0,0.0,163.14403,0.0,0.0,0.0,0.0,0.0,-1.5707964,0.0
1970-01-01 00:00:00.204878395,0.204878395,505.8092,0.0,0.0,0.0,0.0,0.0,0.0,0.0,-1.5707964,0.0
1970-01-01 00:00:00.204892766,0.204892766,0.0,0.0,346.20663,0.0,0.0,0.0,0.0,0.0,-1.5707964,0.0
1970-01-01 00:00:00.204894671,0.204894671,0.0,0.0,85.4385,0.0,0.0,0.0,0.0,0.0,-1.5707964,0.0
1970-01-01 00:00:00.204950249,0.204950249,0.0,0.0,99.10671,0.0,0.0,0.0,0.0,0.0,-1.5707964,0.0
1970-01-01 00:00:00.205020531,0.205020531,0.0,0.0,0.0,2285.9382,0.0,0.0,0.0,0.0,-1.5707964,0.0
1970-01-01 00:00:00.205081167,0.205081167,0.0,0.0,571.16644,0.0,0.0,0.0,0.0,0.0,-1.5707964,0.0
1970-01-01 00:00:00.205089506,0.205089506,0.0,0.0,463.4245,0.0,0.0,0.0,0.0,0.0,-1.5707964,0.0
1970-01-01 00:00:00.205128174,0.205128174,0.0,0.0,122.87864,0.0,0.0,0.0,0.0,0.0,-1.5707964,0.0
1970-01-01 00:00:00.205130501,0.205130501,0.0,0.0,833.4375,0.0,0.0,0.0,0.0,0.0,-1.5707964,0.0
1970-01-01 00:00:00.205198777,0.205198777,2575.87,0.0,0.0,0.0,0.0,0.0,0.0,0.0,-1.5707964,0.0
1970-01-01 00:00:00.205280353,0.205280353,0.0,0.0,0.0,0.0,643.3261,0.0,0.0,0.0,-1.5707964,0.0
1970-01-01 00:00:00.205306148,0.205306148,0.0,0.0,0.0,0.0,383.55136,0.0,0.0,0.0,-1.5707964,0.0
1970-01-01 00:00:00.205327209,0.205327209,0.0,0.0,0.0,0.0,0.0,354.0981,0.0,0.0,-1.5707964,0.0
1970-01-01 00:00:00.205353690,0.20535369,0.0,0.0,101.09251,0.0,0.0,0.0,0.0,0.0,-1.5707964,0.0
1970-01-01 00:00:00.205402546,0.205402546,0.0,0.0,1563.0215,0.0,0.0,0.0,0.0,0.0,-1.5707964,0.0
1970-01-01 00:00:00.205405331,0.205405331,0.0,0.0,88.94273,0.0,0.0,0.0,0.0,0.0,-1.5707964,0.0
1970-01-01 00:00:00.205458286,0.205458286,0.0,0.0,0.0,0.0,0.0,236.78593,0.0,0.0,-1.5707964,0.0
1970-01-01 00:00:00.205508665,0.205508665,0.0,0.0,710.7954,0.0,0.0,0.0,0.0,0.0,-1.5707964,0.0
1970-01-01 00:00:00.205532786,0.205532786,0.0,0.0,169.58702,0.0,0.0,0.0,0.0,0.0,-1.5707964,0.0
1970-01-01 00:00:00.205593198,0.205593198,0.0,0.0,681.4887,0.0,0.0,0.0,0.0,0.0,-1.5707964,0.0
1970-01-01 00:00:00.205716653,0.205716653,0.0,0.0,551.4029,0.0,0.0,0.0,0.0,0.0,-1.5707964,0.0
1970-01-01 00:00:00.205780900,0.2057809,0.0,0.0,614.61127,0.0,0.0,0.0,0.0,0.0,-1.5707964,0.0
1970-01-01 00:00:00.205804575,0.205804575,0.0,0.0,705.4642,0.0,0.0,0.0,0.0,0.0,-1.5707964,0.0
1970-01-01 00:00:00.205829477,0.205829477,0.0,0.0,500.96255,0.0,0.0,0.0,0.0,0.0,-1.5707964,0.0
1970-01-01 00:00:00.205838672,0.205838672,176.53203,0.0,0.0,0.0,0.0,0.0,0.0,0.0,-1.5707964,0.0
1970-01-01 00:00:00.205858080,0.20585808,0.0,0.0,0.0,0.0,0.0,227.10414,0.0,0.0,-1.5707964,0.0
1970-01-01 00:00:00.205875572,0.205875572,176.95421,0.0,0.0,0.0,0.0,0.0,0.0,0.0,-1.5707964,0.0
1970-01-01 00:00:00.205890700,0.2058907,0.0,0.0,108.747795,0.0,0.0,0.0,0.0,0.0,-1.5707964,0.0
1970-01-01 00:00:00.205898118,0.205898118,0.0,0.0,0.0,0.0,0.0,215.73613,0.0,0.0,-1.5707964,0.0
1970-01-01 00:00:00.205937922,0.205937922,181.09528,0.0,0.0,0.0,0.0,0.0,0.0,0.0,-1.5707964,0.0
1970-01-01 00:00:00.205949420,0.20594942,0.0,0.0,107.61441,0.0,0.0,0.0,0.0,0.0,-1.5707964,0.0
1970-01-01 00:00:00.206021686,0.206021686,84.048,0.0,0.0,0.0,0.0,0.0,0.0,0.0,-1.5707964,0.0
1970-01-01 00:00:00.206142045,0.206142045,200.73099,0.0,0.0,0.0,0.0,0.0,0.0,0.0,-1.5707964,0.0
1970-01-01 00:00:00.206151828,0.206151828,0.0,0.0,0.0,112.40621,0.0,0.0,0.0,0.0,-1.5707964,0.0
1970-01-01 00:00:00.206155416,0.206155416,0.0,0.0,163.86954,0.0,0.0,0.0,0.0,0.0,-1.5707964,0.0
1970-01-01 00:00:00.206193713,0.206193713,0.0,0.0,747.1424,0.0,0.0,0.0,0.0,0.0,-1.5707964,0.0
1970-01-01 00:00:00.206198725,0.206198725,0.0,0.0,0.0,382.70145,0.0,0.0,0.0,0.0,-1.5707964,0.0
1970-01-01 00:00:00.206198725,0.206198725,0.0,0.0,0.0,1413.577,0.0,0.0,0.0,0.0,-1.5707964,0.0
1970-01-01 00:00:00.206461221,0.206461221,0.0,0.0,372.82806,0.0,0.0,0.0,0.0,0.0,-1.5707964,0.0
1970-01-01 00:00:00.206483699,0.206483699,684.9293,0.0,0.0,0.0,0.0,0.0,0.0,0.0,-1.5707964,0.0
1970-01-01 00:00:00.206483699,0.206483699,225.6177,0.0,0.0,0.0,0.0,0.0,0.0,0.0,-1.5707964,0.0
1970-01-01 00:00:00.206572936,0.206572936,0.0,0.0,0.0,0.0,0.0,311.43652,0.0,0.0,-1.5707964,0.0
1970-01-01 00:00:00.206633919,0.206633919,0.0,0.0,252.27745,0.0,0.0,0.0,0.0,0.0,-1.5707964,0.0
1970-01-01 00:00:00.206640721,0.206640721,0.0,0.0,408.96536,0.0,0.0,0.0,0.0,0.0,-1.5707964,0.0
1970-01-01 00:00:00.206644295,0.206644295,0.0,0.0,441.81567,0.0,0.0,0.0,0.0,0.0,-1.5707964,0.0
1970-01-01 00:00:00.206652157,0.206652157,0.0,0.0,617.6334,0.0,0.0,0.0,0.0,0.0,-1.5707964,0.0
1970-01-01 00:00:00.206669769,0.206669769,0.0,0.0,380.32428,0.0,0.0,0.0,0.0,0.0,-1.5707964,0.0
1970-01-01 00:00:00.206670280,0.20667028,0.0,0.0,128.12769,0.0,0.0,0.0,0.0,0.0,-1.5707964,0.0
1970-01-01 00:00:00.206693152,0.206693152,173.72054,0.0,0.0,0.0,0.0,0.0,0.0,0.0,-1.5707964,0.0
1970-01-01 00:00:00.206697986,0.206697986,0.0,0.0,278.59744,0.0,0.0,0.0,0.0,0.0,-1.5707964,0.0
1970-01-01 00:00:00.206717432,0.206717432,0.0,0.0,466.60907,0.0,0.0,0.0,0.0,0.0,-1.5707964,0.0
1970-01-01 00:00:00.206736250,0.20673625,0.0,0.0,168.16049,0.0,0.0,0.0,0.0,0.0,-1.5707964,0.0
1970-01-01 00:00:00.206782909,0.206782909,0.0,0.0,577.3749,0.0,0.0,0.0,0.0,0.0,-1.5707964,0.0
1970-01-01 00:00:00.206809699,0.206809699,0.0,0.0,0.0,1470.1312,0.0,0.0,0.0,0.0,-1.5707964,0.0
1970-01-01 00:00:00.206887003,0.206887003,331.0815,0.0,0.0,0.0,0.0,0.0,0.0,0.0,-1.5707964,0.0
1970-01-01 00:00:00.206966220,0.20696622,0.0,0.0,460.20264,0.0,0.0,0.0,0.0,0.0,-1.5707964,0.0
1970-01-01 00:00:00.207058836,0.207058836,0.0,0.0,107.82603,0.0,0.0,0.0,0.0,0.0,-1.5707964,0.0
1970-01-01 00:00:00.207099542,0.207099542,0.0,0.0,124.04943,0.0,0.0,0.0,0.0,0.0,-1.5707964,0.0
1970-01-01 00:00:00.207194519,0.207194519,0.0,0.0,0.0,0.0,0.0,80.9336,0.0,0.0,-1.5707964,0.0
1970-01-01 00:00:00.207318872,0.207318872,292.59778,0.0,0.0,0.0,0.0,0.0,0.0,0.0,-1.5707964,0.0
1970-01-01 00:00:00.207329244,0.207329244,0.0,0.0,214.6358,0.0,0.0,0.0,0.0,0.0,-1.5707964,0.0
1970-01-01 00:00:00.207395337,0.207395337,0.0,0.0,0.0,0.0,154.67726,0.0,0.0,0.0,-1.5707964,0.0
1970-01-01 00:00:00.207435603,0.207435603,0.0,0.0,885.0555,0.0,0.0,0.0,0.0,0.0,-1.5707964,0.0
1970-01-01 00:00:00.207465230,0.20746523,0.0,0.0,477.12778,0.0,0.0,0.0,0.0,0.0,-1.5707964,0.0
1970-01-01 00:00:00.207645661,0.207645661,0.0,0.0,0.0,0.0,1064.2566,0.0,0.0,0.0,-1.5707964,0.0
1970-01-01 00:00:00.207669839,0.207669839,0.0,0.0,202.1747,0.0,0.0,0.0,0.0,0.0,-1.5707964,0.0
1970-01-01 00:00:00.207693151,0.207693151,0.0,0.0,346.01654,0.0,0.0,0.0,0.0,0.0,-1.5707964,0.0
1970-01-01 00:00:00.207788312,0.207788312,0.0,0.0,991.4144,0.0,0.0,0.0,0.0,0.0,-1.5707964,0.0
1970-01-01 00:00:00.207895008,0.207895008,140.44633,0.0,0.0,0.0,0.0,0.0,0.0,0.0,-1.5707964,0.0
1970-01-01 00:00:00.207947351,0.207947351,0.0,0.0,0.0,0.0,0.0,156.03645,0.0,0.0,-1.5707964,0.0
1970-01-01 00:00:00.207958225,0.207958225,0.0,0.0,652.70447,0.0,0.0,0.0,0.0,0.0,-1.5707964,0.0
1970-01-01 00:00:00.207966102,0.207966102,0.0,0.0,0.0,2748.5217,0.0,0.0,0.0,0.0,-1.5707964,0.0
1970-01-01 00:00:00.208064668,0.208064668,0.0,0.0,0.0,0.0,0.0,1396.7072,0.0,0.0,-1.5707964,0.0
1970-01-01 00:00:00.208078845,0.208078845,0.0,356.57364,0.0,0.0,0.0,0.0,0.0,0.0,-1.5707964,0.0
1970-01-01 00:00:00.208260483,0.208260483,0.0,0.0,736.9947,0.0,0.0,0.0,0.0,0.0,-1.5707964,0.0
1970-01-01 00:00:00.208311036,0.208311036,0.0,0.0,153.11316,0.0,0.0,0.0,0.0,0.0,-1.5707964,0.0
1970-01-01 00:00:00.208330328,0.208330328,0.0,0.0,165.64575,0.0,0.0,0.0,0.0,0.0,-1.5707964,0.0
1970-01-01 00:00:00.208331751,0.208331751,0.0,0.0,0.0,0.0,0.0,579.4397,0.0,0.0,-1.5707964,0.0
1970-01-01 00:00:00.208356325,0.208356325,0.0,0.0,0.0,0.0,600.42303,0.0,0.0,0.0,-1.5707964,0.0
1970-01-01 00:00:00.208413258,0.208413258,0.0,176.98839,0.0,0.0,0.0,0.0,0.0,0.0,-1.5707964,0.0
1970-01-01 00:00:00.208471980,0.20847198,0.0,0.0,328.8203,0.0,0.0,0.0,0.0,0.0,-1.5707964,0.0
1970-01-01 00:00:00.208481268,0.208481268,0.0,0.0,1374.2284,0.0,0.0,0.0,0.0,0.0,-1.5707964,0.0
1970-01-01 00:00:00.208516442,0.208516442,0.0,0.0,156.28508,0.0,0.0,0.0,0.0,0.0,-1.5707964,0.0
1970-01-01 00:00:00.208582897,0.208582897,0.0,0.0,843.31714,0.0,0.0,0.0,0.0,0.0,-1.5707964,0.0
1970-01-01 00:00:00.208589740,0.20858974,0.0,0.0,0.0,0.0,0.0,223.04736,0.0,0.0,-1.5707964,0.0
1970-01-01 00:00:00.208667130,0.20866713,1432.5623,0.0,0.0,0.0,0.0,0.0,0.0,0.0,-1.5707964,0.0
1970-01-01 00:00:00.208669642,0.208669642,0.0,0.0,152.75958,0.0,0.0,0.0,0.0,0.0,-1.5707964,0.0
1970-01-01 00:00:00.208851129,0.208851129,0.0,0.0,116.15837,0.0,0.0,0.0,0.0,0.0,-1.5707964,0.0
1970-01-01 00:00:00.208860209,0.208860209,0.0,0.0,0.0,0.0,373.0489,0.0,0.0,0.0,-1.5707964,0.0
1970-01-01 00:00:00.208936862,0.208936862,0.0,0.0,136.60925,0.0,0.0,0.0,0.0,0.0,-1.5707964,0.0
1970-01-01 00:00:00.209047609,0.209047609,0.0,0.0,339.70135,0.0,0.0,0.0,0.0,0.0,-1.5707964,0.0
1970-01-01 00:00:00.209066579,0.209066579,0.0,0.0,86.00604,0.0,0.0,0.0,0.0,0.0,-1.5707964,0.0
1970-01-01 00:00:00.209077215,0.209077215,0.0,0.0,173.72621,0.0,0.0,0.0,0.0,0.0,-1.5707964,0.0
1970-01-01 00:00:00.209215321,0.209215321,0.0,0.0,187.86726,0.0,0.0,0.0,0.0,0.0,-1.5707964,0.0
1970-01-01 00:00:00.209253567,0.209253567,0.0,0.0,945.712,0.0,0.0,0.0,0.0,0.0,-1.5707964,0.0
1970-01-01 00:00:00.209348013,0.209348013,0.0,0.0,0.0,0.0,472.09314,0.0,0.0,0.0,-1.5707964,0.0
1970-01-01 00:00:00.209353307,0.209353307,0.0,0.0,210.92192,0.0,0.0,0.0,0.0,0.0,-1.5707964,0.0
1970-01-01 00:00:00.209431726,0.209431726,0.0,0.0,769.3897,0.0,0.0,0.0,0.0,0.0,-1.5707964,0.0
1970-01-01 00:00:00.209669762,0.209669762,0.0,0.0,799.2135,0.0,0.0,0.0,0.0,0.0,-1.5707964,0.0
1970-01-01 00:00:00.209691993,0.209691993,0.0,0.0,0.0,0.0,0.0,393.8294,0.0,0.0,-1.5707964,0.0
1970-01-01 00:00:00.209694023,0.209694023,0.0,117.17412,0.0,0.0,0.0,0.0,0.0,0.0,-1.5707964,0.0
1970-01-01 00:00:00.209729445,0.209729445,0.0,0.0,262.2135,0.0,0.0,0.0,0.0,0.0,-1.5707964,0.0
1970-01-01 00:00:00.209736133,0.209736133,0.0,276.78833,0.0,0.0,0.0,0.0,0.0,0.0,-1.5707964,0.0
1970-01-01 00:00:00.209753021,0.209753021,0.0,0.0,260.09827,0.0,0.0,0.0,0.0,0.0,-1.5707964,0.0
1970-01-01 00:00:00.209762767,0.209762767,0.0,0.0,636.8832,0.0,0.0,0.0,0.0,0.0,-1.5707964,0.0
1970-01-01 00:00:00.209821150,0.20982115,0.0,0.0,82.53345,0.0,0.0,0.0,0.0,0.0,-1.5707964,0.0
1970-01-01 00:00:00.209845365,0.209845365,0.0,617.5548,0.0,0.0,0.0,0.0,0.0,0.0,-1.5707964,0.0
1970-01-01 00:00:00.209845754,0.209845754,0.0,0.0,0.0,0.0,257.855,0.0,0.0,0.0,-1.5707964,0.0
1970-01-01 00:00:00.209856831,0.209856831,303.81516,0.0,0.0,0.0,0.0,0.0,0.0,0.0,-1.5707964,0.0
1970-01-01 00:00:00.209926249,0.209926249,0.0,0.0,0.0,0.0,0.0,1315.1565,0.0,0.0,-1.5707964,0.0
1970-01-01 00:00:00.209955261,0.209955261,0.0,0.0,0.0,0.0,0.0,222.38416,0.0,0.0,-1.5707964,0.0
1970-01-01 00:00:00.209966855,0.209966855,0.0,0.0,0.0,0.0,748.61224,0.0,0.0,0.0,-1.5707964,0.0
1970-01-01 00:00:00.209995625,0.209995625,0.0,0.0,0.0,512.78827,0.0,0.0,0.0,0.0,-1.5707964,0.0
1970-01-01 00:00:00.210084261,0.210084261,0.0,0.0,253.4688,0.0,0.0,0.0,0.0,0.0,-1.5707964,0.0
1970-01-01 00:00:00.210095130,0.21009513,0.0,0.0,0.0,0.0,141.40129,0.0,0.0,0.0,-1.5707964,0.0
1970-01-01 00:00:00.210245705,0.210245705,289.79196,0.0,0.0,0.0,0.0,0.0,0.0,0.0,-1.5707964,0.0
1970-01-01 00:00:00.210322849,0.210322849,0.0,0.0,195.57637,0.0,0.0,0.0,0.0,0.0,-1.5707964,0.0
1970-01-01 00:00:00.210327314,0.210327314,0.0,0.0,262.69385,0.0,0.0,0.0,0.0,0.0,-1.5707964,0.0
1970-01-01 00:00:00.210444915,0.210444915,0.0,0.0,975.163,0.0,0.0,0.0,0.0,0.0,-1.5707964,0.0
1970-01-01 00:00:00.210507558,0.210507558,0.0,0.0,234.16394,0.0,0.0,0.0,0.0,0.0,-1.5707964,0.0
1970-01-01 00:00:00.210562530,0.21056253,0.0,0.0,0.0,0.0,0.0,211.0787,0.0,0.0,-1.5707964,0.0
1970-01-01 00:00:00.210729384,0.210729384,0.0,0.0,626.3748,0.0,0.0,0.0,0.0,0.0,-1.5707964,0.0
1970-01-01 00:00:00.210783965,0.210783965,0.0,0.0,314.19165,0.0,0.0,0.0,0.0,0.0,-1.5707964,0.0
1970-01-01 00:00:00.210810251,0.210810251,0.0,0.0,286.29178,0.0,0.0,0.0,0.0,0.0,-1.5707964,0.0
1970-01-01 00:00:00.210830215,0.210830215,0.0,0.0,0.0,0.0,0.0,1120.8134,0.0,0.0,-1.5707964,0.0
1970-01-01 00:00:00.210973667,0.210973667,0.0,239.22469,0.0,0.0,0.0,0.0,0.0,0.0,-1.5707964,0.0
1970-01-01 00:00:00.210982901,0.210982901,0.0,0.0,125.37463,0.0,0.0,0.0,0.0,0.0,-1.5707964,0.0
1970-01-01 00:00:00.211037110,0.21103711,0.0,0.0,176.91939,0.0,0.0,0.0,0.0,0.0,-1.5707964,0.0
1970-01-01 00:00:00.211090805,0.211090805,729.73376,0.0,0.0,0.0,0.0,0.0,0.0,0.0,-1.5707964,0.0
1970-01-01 00:00:00.211090805,0.211090805,0.0,0.0,601.1648,0.0,0.0,0.0,0.0,0.0,-1.5707964,0.0
1970-01-01 00:00:00.211101644,0.211101644,0.0,0.0,0.0,327.55048,0.0,0.0,0.0,0.0,-1.5707964,0.0
1970-01-01 00:00:00.211104834,0.211104834,0.0,84.34335,0.0,0.0,0.0,0.0,0.0,0.0,-1.5707964,0.0
1970-01-01 00:00:00.211212249,0.211212249,0.0,0.0,542.9826,0.0,0.0,0.0,0.0,0.0,-1.5707964,0.0
1970-01-01 00:00:00.211292705,0.211292705,0.0,0.0,0.0,0.0,0.0,88.41023,0.0,0.0,-1.5707964,0.0
1970-01-01 00:00:00.211298811,0.211298811,0.0,0.0,0.0,0.0,1327.388,0.0,0.0,0.0,-1.5707964,0.0
1970-01-01 00:00:00.211349413,0.211349413,0.0,0.0,0.0,0.0,0.0,210.02155,0.0,0.0,-1.5707964,0.0
1970-01-01 00:00:00.211373794,0.211373794,0.0,0.0,721.27563,0.0,0.0,0.0,0.0,0.0,-1.5707964,0.0
1970-01-01 00:00:00.211379396,0.211379396,0.0,0.0,489.7521,0.0,0.0,0.0,0.0,0.0,-1.5707964,0.0
1970-01-01 00:00:00.211469173,0.211469173,118.68629,0.0,0.0,0.0,0.0,0.0,0.0,0.0,-1.5707964,0.0
1970-01-01 00:00:00.211582348,0.211582348,0.0,0.0,0.0,512.0149,0.0,0.0,0.0,0.0,-1.5707964,0.0
1970-01-01 00:00:00.211582348,0.211582348,0.0,0.0,0.0,2045.0613,0.0,0.0,0.0,0.0,-1.5707964,0.0
1970-01-01 00:00:00.211589008,0.211589008,0.0,0.0,0.0,0.0,1810.2479,0.0,0.0,0.0,-1.5707964,0.0
1970-01-01 00:00:00.211646050,0.21164605,0.0,0.0,0.0,0.0,0.0,165.33926,0.0,0.0,-1.5707964,0.0
1970-01-01 00:00:00.211652891,0.211652891,0.0,0.0,0.0,0.0,0.0,158.22093,0.0,0.0,-1.5707964,0.0
1970-01-01 00:00:00.211660290,0.21166029,0.0,0.0,292.5032,0.0,0.0,0.0,0.0,0.0,-1.5707964,0.0
1970-01-01 00:00:00.211679759,0.211679759,0.0,176.2371,0.0,0.0,0.0,0.0,0.0,0.0,-1.5707964,0.0
1970-01-01 00:00:00.211732235,0.211732235,0.0,0.0,539.2131,0.0,0.0,0.0,0.0,0.0,-1.5707964,0.0
1970-01-01 00:00:00.211878611,0.211878611,0.0,0.0,250.47379,0.0,0.0,0.0,0.0,0.0,-1.5707964,0.0
1970-01-01 00:00:00.211885259,0.211885259,0.0,0.0,0.0,0.0,191.176,0.0,0.0,0.0,-1.5707964,0.0
1970-01-01 00:00:00.211928516,0.211928516,2028.94,0.0,0.0,0.0,0.0,0.0,0.0,0.0,-1.5707964,0.0
1970-01-01 00:00:00.211938062,0.211938062,0.0,0.0,159.83952,0.0,0.0,0.0,0.0,0.0,-1.5707964,0.0
1970-01-01 00:00:00.212037463,0.212037463,0.0,0.0,137.39671,0.0,0.0,0.0,0.0,0.0,-1.5707964,0.0
1970-01-01 00:00:00.212075921,0.212075921,0.0,0.0,3955.4148,0.0,0.0,0.0,0.0,0.0,-1.5707964,0.0
1970-01-01 00:00:00.212148306,0.212148306,0.0,0.0,0.0,0.0,0.0,139.8687,0.0,0.0,-1.5707964,0.0
1970-01-01 00:00:00.212400405,0.212400405,0.0,0.0,556.72253,0.0,0.0,0.0,0.0,0.0,-1.5707964,0.0
1970-01-01 00:00:00.212407152,0.212407152,0.0,0.0,343.52057,0.0,0.0,0.0,0.0,0.0,-1.5707964,0.0
1970-01-01 00:00:00.212426066,0.212426066,0.0,0.0,756.66455,0.0,0.0,0.0,0.0,0.0,-1.5707964,0.0
1970-01-01 00:00:00.212632996,0.212632996,0.0,0.0,0.0,0.0,109.732315,0.0,0.0,0.0,-1.5707964,0.0
1970-01-01 00:00:00.212645169,0.212645169,0.0,0.0,0.0,174.13322,0.0,0.0,0.0,0.0,-1.5707964,0.0
1970-01-01 00:00:00.212649988,0.212649988,0.0,0.0,167.07695,0.0,0.0,0.0,0.0,0.0,-1.5707964,0.0
1970-01-01 00:00:00.212679561,0.212679561,0.0,0.0,726.2495,0.0,0.0,0.0,0.0,0.0,-1.5707964,0.0
1970-01-01 00:00:00.212689338,0.212689338,0.0,0.0,630.363,0.0,0.0,0.0,0.0,0.0,-1.5707964,0.0
1970-01-01 00:00:00.212705097,0.212705097,97.34547,0.0,0.0,0.0,0.0,0.0,0.0,0.0,-1.5707964,0.0
1970-01-01 00:00:00.212745657,0.212745657,0.0,0.0,1183.8381,0.0,0.0,0.0,0.0,0.0,-1.5707964,0.0
1970-01-01 00:00:00.212773340,0.21277334,178.32831,0.0,0.0,0.0,0.0,0.0,0.0,0.0,-1.5707964,0.0
1970-01-01 00:00:00.212829729,0.212829729,0.0,0.0,0.0,616.1309,0.0,0.0,0.0,0.0,-1.5707964,0.0
1970-01-01 00:00:00.212831757,0.212831757,0.0,0.0,519.63275,0.0,0.0,0.0,0.0,0.0,-1.5707964,0.0
1970-01-01 00:00:00.212831757,0.212831757,0.0,0.0,0.0,0.0,0.0,530.76056,0.0,0.0,-1.5707964,0.0
1970-01-01 00:00:00.212860152,0.212860152,0.0,216.99315,0.0,0.0,0.0,0.0,0.0,0.0,-1.5707964,0.0
1970-01-01 00:00:00.212914675,0.212914675,0.0,0.0,200.63351,0.0,0.0,0.0,0.0,0.0,-1.5707964,0.0
1970-01-01 00:00:00.212971447,0.212971447,0.0,0.0,695.5011,0.0,0.0,0.0,0.0,0.0,-1.5707964,0.0
1970-01-01 00:00:00.213011801,0.213011801,0.0,0.0,271.47784,0.0,0.0,0.0,0.0,0.0,-1.5707964,0.0
1970-01-01 00:00:00.213190607,0.213190607,0.0,0.0,0.0,0.0,0.0,117.114624,0.0,0.0,-1.5707964,0.0
1970-01-01 00:00:00.213396103,0.213396103,0.0,0.0,597.88715,0.0,0.0,0.0,0.0,0.0,-1.5707964,0.0
1970-01-01 00:00:00.213410329,0.213410329,0.0,0.0,256.78442,0.0,0.0,0.0,0.0,0.0,-1.5707964,0.0
1970-01-01 00:00:00.213497487,0.213497487,0.0,0.0,182.25027,0.0,0.0,0.0,0.0,0.0,-1.5707964,0.0
1970-01-01 00:00:00.213603578,0.213603578,0.0,0.0,1181.4197,0.0,0.0,0.0,0.0,0.0,-1.5707964,0.0
1970-01-01 00:00:00.213624400,0.2136244,0.0,0.0,684.2422,0.0,0.0,0.0,0.0,0.0,-1.5707964,0.0
1970-01-01 00:00:00.213664356,0.213664356,0.0,0.0,0.0,0.0,0.0,668.81555,0.0,0.0,-1.5707964,0.0
1970-01-01 00:00:00.213665056,0.213665056,0.0,0.0,374.74414,0.0,0.0,0.0,0.0,0.0,-1.5707964,0.0
1970-01-01 00:00:00.213665056,0.213665056,0.0,0.0,0.0,0.0,0.0,1116.9269,0.0,0.0,-1.5707964,0.0
1970-01-01 00:00:00.213752331,0.213752331,0.0,0.0,476.86868,0.0,0.0,0.0,0.0,0.0,-1.5707964,0.0
1970-01-01 00:00:00.213761179,0.213761179,0.0,0.0,0.0,452.23114,0.0,0.0,0.0,0.0,-1.5707964,0.0
1970-01-01 00:00:00.213765308,0.213765308,0.0,0.0,0.0,203.28163,0.0,0.0,0.0,0.0,-1.5707964,0.0
1970-01-01 00:00:00.213784160,0.21378416,0.0,0.0,140.80643,0.0,0.0,0.0,0.0,0.0,-1.5707964,0.0
1970-01-01 00:00:00.213837567,0.213837567,0.0,118.57181,0.0,0.0,0.0,0.0,0.0,0.0,-1.5707964,0.0
1970-01-01 00:00:00.213949776,0.213949776,0.0,0.0,391.42935,0.0,0.0,0.0,0.0,0.0,-1.5707964,0.0
1970-01-01 00:00:00.213962584,0.213962584,0.0,0.0,185.55568,0.0,0.0,0.0,0.0,0.0,-1.5707964,0.0
1970-01-01 00:00:00.213983250,0.21398325,0.0,0.0,0.0,0.0,0.0,224.4061,0.0,0.0,-1.5707964,0.0
1970-01-01 00:00:00.214070228,0.214070228,0.0,0.0,0.0,0.0,252.88141,0.0,0.0,0.0,-1.5707964,0.0
1970-01-01 00:00:00.214075841,0.214075841,0.0,0.0,0.0,379.11884,0.0,0.0,0.0,0.0,-1.5707964,0.0
1970-01-01 00:00:00.214081427,0.214081427,0.0,0.0,177.33928,0.0,0.0,0.0,0.0,0.0,-1.5707964,0.0
1970-01-01 00:00:00.214199182,0.214199182,0.0,0.0,293.47134,0.0,0.0,0.0,0.0,0.0,-1.5707964,0.0
1970-01-01 00:00:00.214203859,0.214203859,0.0,0.0,380.9964,0.0,0.0,0.0,0.0,0.0,-1.5707964,0.0
1970-01-01 00:00:00.214409672,0.214409672,0.0,0.0,189.71481,0.0,0.0,0.0,0.0,0.0,-1.5707964,0.0
1970-01-01 00:00:00.214439228,0.214439228,0.0,0.0,5951.063,0.0,0.0,0.0,0.0,0.0,-1.5707964,0.0
1970-01-01 00:00:00.214439228,0.214439228,0.0,0.0,0.0,0.0,0.0,318.16437,0.0,0.0,-1.5707964,0.0
1970-01-01 00:00:00.214448193,0.214448193,0.0,0.0,108.38188,0.0,0.0,0.0,0.0,0.0,-1.5707964,0.0
1970-01-01 00:00:00.214469523,0.214469523,0.0,0.0,499.51138,0.0,0.0,0.0,0.0,0.0,-1.5707964,0.0
1970-01-01 00:00:00.214513307,0.214513307,0.0,0.0,0.0,0.0,0.0,1076.3861,0.0,0.0,-1.5707964,0.0
1970-01-01 00:00:00.214547340,0.21454734,0.0,0.0,161.39398,0.0,0.0,0.0,0.0,0.0,-1.5707964,0.0
1970-01-01 00:00:00.214553410,0.21455341,0.0,0.0,0.0,340.20834,0.0,0.0,0.0,0.0,-1.5707964,0.0
1970-01-01 00:00:00.214584349,0.214584349,675.22577,0.0,0.0,0.0,0.0,0.0,0.0,0.0,-1.5707964,0.0
1970-01-01 00:00:00.214625492,0.214625492,0.0,0.0,96.91273,0.0,0.0,0.0,0.0,0.0,-1.5707964,0.0
1970-01-01 00:00:00.214705286,0.214705286,0.0,0.0,261.3012,0.0,0.0,0.0,0.0,0.0,-1.5707964,0.0
1970-01-01 00:00:00.214831048,0.214831048,0.0,0.0,0.0,0.0,0.0,185.57176,0.0,0.0,-1.5707964,0.0
1970-01-01 00:00:00.214842839,0.214842839,0.0,0.0,0.0,0.0,147.45197,0.0,0.0,0.0,-1.5707964,0.0
1970-01-01 00:00:00.214861859,0.214861859,0.0,0.0,246.81686,0.0,0.0,0.0,0.0,0.0,-1.5707964,0.0
1970-01-01 00:00:00.214883486,0.214883486,0.0,0.0,0.0,252.51483,0.0,0.0,0.0,0.0,-1.5707964,0.0
1970-01-01 00:00:00.214921412,0.214921412,0.0,210.4246,0.0,0.0,0.0,0.0,0.0,0.0,-1.5707964,0.0
1970-01-01 00:00:00.214941676,0.214941676,0.0,0.0,469.8446,0.0,0.0,0.0,0.0,0.0,-1.5707964,0.0
1970-01-01 00:00:00.215028417,0.215028417,0.0,125.31776,0.0,0.0,0.0,0.0,0.0,0.0,-1.5707964,0.0
1970-01-01 00:00:00.215093454,0.215093454,0.0,0.0,0.0,0.0,97.13378,0.0,0.0,0.0,-1.5707964,0.0
1970-01-01 00:00:00.215126111,0.215126111,0.0,0.0,0.0,0.0,281.93234,0.0,0.0,0.0,-1.5707964,0.0
1970-01-01 00:00:00.215129943,0.215129943,0.0,0.0,229.05617,0.0,0.0,0.0,0.0,0.0,-1.5707964,0.0
1970-01-01 00:00:00.215189319,0.215189319,108.266464,0.0,0.0,0.0,0.0,0.0,0.0,0.0,-1.5707964,0.0
1970-01-01 00:00:00.215199490,0.21519949,0.0,0.0,94.32221,0.0,0.0,0.0,0.0,0.0,-1.5707964,0.0
1970-01-01 00:00:00.215206535,0.215206535,604.0253,0.0,0.0,0.0,0.0,0.0,0.0,0.0,-1.5707964,0.0
1970-01-01 00:00:00.215220579,0.215220579,0.0,0.0,760.9024,0.0,0.0,0.0,0.0,0.0,-1.5707964,0.0
1970-01-01 00:00:00.215227241,0.215227241,396.54025,0.0,0.0,0.0,0.0,0.0,0.0,0.0,-1.5707964,0.0
1970-01-01 00:00:00.215318548,0.215318548,0.0,0.0,0.0,89.67552,0.0,0.0,0.0,0.0,-1.5707964,0.0
1970-01-01 00:00:00.215329052,0.215329052,0.0,0.0,94.20694,0.0,0.0,0.0,0.0,0.0,-1.5707964,0.0
1970-01-01 00:00:00.215386964,0.215386964,0.0,0.0,152.46725,0.0,0.0,0.0,0.0,0.0,-1.5707964,0.0
1970-01-01 00:00:00.215454075,0.215454075,380.04315,0.0,0.0,0.0,0.0,0.0,0.0,0.0,-1.5707964,0.0
1970-01-01 00:00:00.215518085,0.215518085,0.0,0.0,0.0,0.0,0.0,93.04763,0.0,0.0,-1.5707964,0.0
1970-01-01 00:00:00.215603291,0.215603291,0.0,242.53792,0.0,0.0,0.0,0.0,0.0,0.0,-1.5707964,0.0
1970-01-01 00:00:00.215630908,0.215630908,0.0,0.0,0.0,0.0,0.0,134.46466,0.0,0.0,-1.5707964,0.0
1970-01-01 00:00:00.215678407,0.215678407,0.0,0.0,151.90988,0.0,0.0,0.0,0.0,0.0,-1.5707964,0.0
1970-01-01 00:00:00.215755435,0.215755435,0.0,0.0,0.0,0.0,296.46152,0.0,0.0,0.0,-1.5707964,0.0
1970-01-01 00:00:00.215755435,0.215755435,0.0,0.0,453.43057,0.0,0.0,0.0,0.0,0.0,-1.5707964,0.0
1970-01-01 00:00:00.215814463,0.215814463,0.0,0.0,0.0,2002.7231,0.0,0.0,0.0,0.0,-1.5707964,0.0
1970-01-01 00:00:00.215817785,0.215817785,216.79623,0.0,0.0,0.0,0.0,0.0,0.0,0.0,-1.5707964,0.0
1970-01-01 00:00:00.215824358,0.215824358,0.0,0.0,0.0,0.0,0.0,225.6632,0.0,0.0,-1.5707964,0.0
1970-01-01 00:00:00.215904094,0.215904094,0.0,0.0,114.29428,0.0,0.0,0.0,0.0,0.0,-1.5707964,0.0
1970-01-01 00:00:00.215966945,0.215966945,0.0,0.0,1476.8387,0.0,0.0,0.0,0.0,0.0,-1.5707964,0.0
1970-01-01 00:00:00.216058759,0.216058759,0.0,0.0,0.0,0.0,260.4657,0.0,0.0,0.0,-1.5707964,0.0
1970-01-01 00:00:00.216058759,0.216058759,0.0,0.0,200.24934,0.0,0.0,0.0,0.0,0.0,-1.5707964,0.0
1970-01-01 00:00:00.216203920,0.21620392,0.0,0.0,0.0,0.0,138.1029,0.0,0.0,0.0,-1.5707964,0.0
1970-01-01 00:00:00.216293646,0.216293646,0.0,0.0,1172.4851,0.0,0.0,0.0,0.0,0.0,-1.5707964,0.0
1970-01-01 00:00:00.216314229,0.216314229,0.0,0.0,199.93054,0.0,0.0,0.0,0.0,0.0,-1.5707964,0.0
1970-01-01 00:00:00.216370797,0.216370797,0.0,0.0,604.6925,0.0,0.0,0.0,0.0,0.0,-1.5707964,0.0
1970-01-01 00:00:00.216394422,0.216394422,0.0,0.0,143.65533,0.0,0.0,0.0,0.0,0.0,-1.5707964,0.0
1970-01-01 00:00:00.216467062,0.216467062,0.0,0.0,228.57724,0.0,0.0,0.0,0.0,0.0,-1.5707964,0.0
1970-01-01 00:00:00.216490301,0.216490301,0.0,0.0,609.6495,0.0,0.0,0.0,0.0,0.0,-1.5707964,0.0
1970-01-01 00:00:00.216618328,0.216618328,0.0,0.0,98.544945,0.0,0.0,0.0,0.0,0.0,-1.5707964,0.0
1970-01-01 00:00:00.216711899,0.216711899,0.0,0.0,454.2499,0.0,0.0,0.0,0.0,0.0,-1.5707964,0.0
1970-01-01 00:00:00.216764119,0.216764119,0.0,0.0,507.2926,0.0,0.0,0.0,0.0,0.0,-1.5707964,0.0
1970-01-01 00:00:00.216792015,0.216792015,0.0,0.0,239.62096,0.0,0.0,0.0,0.0,0.0,-1.5707964,0.0
1970-01-01 00:00:00.216906592,0.216906592,0.0,0.0,310.04016,0.0,0.0,0.0,0.0,0.0,-1.5707964,0.0
1970-01-01 00:00:00.216965252,0.216965252,0.0,0.0,200.41087,0.0,0.0,0.0,0.0,0.0,-1.5707964,0.0
1970-01-01 00:00:00.217048753,0.217048753,0.0,0.0,0.0,0.0,0.0,305.06552,0.0,0.0,-1.5707964,0.0
1970-01-01 00:00:00.217182943,0.217182943,0.0,0.0,107.9229,0.0,0.0,0.0,0.0,0.0,-1.5707964,0.0
1970-01-01 00:00:00.217218416,0.217218416,203.30495,0.0,0.0,0.0,0.0,0.0,0.0,0.0,-1.5707964,0.0
1970-01-01 00:00:00.217230240,0.21723024,0.0,0.0,401.8287,0.0,0.0,0.0,0.0,0.0,-1.5707964,0.0
1970-01-01 00:00:00.217235132,0.217235132,303.47534,0.0,0.0,0.0,0.0,0.0,0.0,0.0,-1.5707964,0.0
1970-01-01 00:00:00.217235132,0.217235132,0.0,0.0,663.22424,0.0,0.0,0.0,0.0,0.0,-1.5707964,0.0
1970-01-01 00:00:00.217265317,0.217265317,0.0,0.0,511.09683,0.0,0.0,0.0,0.0,0.0,-1.5707964,0.0
1970-01-01 00:00:00.217400864,0.217400864,0.0,0.0,455.9187,0.0,0.0,0.0,0.0,0.0,-1.5707964,0.0
1970-01-01 00:00:00.217466451,0.217466451,0.0,0.0,746.4034,0.0,0.0,0.0,0.0,0.0,-1.5707964,0.0
1970-01-01 00:00:00.217616393,0.217616393,314.2713,0.0,0.0,0.0,0.0,0.0,0.0,0.0,-1.5707964,0.0
1970-01-01 00:00:00.217802765,0.217802765,0.0,0.0,0.0,0.0,115.46803,0.0,0.0,0.0,-1.5707964,0.0
1970-01-01 00:00:00.217868479,0.217868479,0.0,0.0,0.0,496.9082,0.0,0.0,0.0,0.0,-1.5707964,0.0
1970-01-01 00:00:00.217889736,0.217889736,0.0,0.0,597.05707,0.0,0.0,0.0,0.0,0.0,-1.5707964,0.0
1970-01-01 00:00:00.217905383,0.217905383,0.0,0.0,494.3559,0.0,0.0,0.0,0.0,0.0,-1.5707964,0.0
1970-01-01 00:00:00.217954582,0.217954582,968.85266,0.0,0.0,0.0,0.0,0.0,0.0,0.0,-1.5707964,0.0
1970-01-01 00:00:00.217981124,0.217981124,0.0,0.0,218.51253,0.0,0.0,0.0,0.0,0.0,-1.5707964,0.0
1970-01-01 00:00:00.218140276,0.218140276,0.0,0.0,524.13745,0.0,0.0,0.0,0.0,0.0,-1.5707964,0.0
1970-01-01 00:00:00.218266228,0.218266228,0.0,0.0,321.90048,0.0,0.0,0.0,0.0,0.0,-1.5707964,0.0
1970-01-01 00:00:00.218395050,0.21839505,0.0,0.0,114.969444,0.0,0.0,0.0,0.0,0.0,-1.5707964,0.0
1970-01-01 00:00:00.218482846,0.218482846,0.0,0.0,629.66284,0.0,0.0,0.0,0.0,0.0,-1.5707964,0.0
1970-01-01 00:00:00.218500901,0.218500901,0.0,0.0,608.8209,0.0,0.0,0.0,0.0,0.0,-1.5707964,0.0
1970-01-01 00:00:00.218533550,0.21853355,0.0,0.0,0.0,167.10255,0.0,0.0,0.0,0.0,-1.5707964,0.0
1970-01-01 00:00:00.218538772,0.218538772,0.0,0.0,193.66045,0.0,0.0,0.0,0.0,0.0,-1.5707964,0.0
1970-01-01 00:00:00.218626399,0.218626399,0.0,0.0,332.42538,0.0,0.0,0.0,0.0,0.0,-1.5707964,0.0
1970-01-01 00:00:00.218702620,0.21870262,0.0,132.34265,0.0,0.0,0.0,0.0,0.0,0.0,-1.5707964,0.0
1970-01-01 00:00:00.218934348,0.218934348,0.0,0.0,2574.0427,0.0,0.0,0.0,0.0,0.0,-1.5707964,0.0
1970-01-01 00:00:00.218976065,0.218976065,0.0,208.44707,0.0,0.0,0.0,0.0,0.0,0.0,-1.5707964,0.0
1970-01-01 00:00:00.219033179,0.219033179,0.0,0.0,543.8248,0.0,0.0,0.0,0.0,0.0,-1.5707964,0.0
1970-01-01 00:00:00.219064977,0.219064977,0.0,349.83105,0.0,0.0,0.0,0.0,0.0,0.0,-1.5707964,0.0
1970-01-01 00:00:00.219121907,0.219121907,0.0,0.0,252.63089,0.0,0.0,0.0,0.0,0.0,-1.5707964,0.0
1970-01-01 00:00:00.219133248,0.219133248,0.0,0.0,561.8573,0.0,0.0,0.0,0.0,0.0,-1.5707964,0.0
1970-01-01 00:00:00.219139638,0.219139638,0.0,0.0,1276.6923,0.0,0.0,0.0,0.0,0.0,-1.5707964,0.0
1970-01-01 00:00:00.219172297,0.219172297,0.0,0.0,219.41365,0.0,0.0,0.0,0.0,0.0,-1.5707964,0.0
1970-01-01 00:00:00.219172297,0.219172297,0.0,0.0,0.0,0.0,525.19806,0.0,0.0,0.0,-1.5707964,0.0
1970-01-01 00:00:00.219336963,0.219336963,0.0,0.0,0.0,0.0,0.0,295.7192,0.0,0.0,-1.5707964,0.0
1970-01-01 00:00:00.219342338,0.219342338,0.0,0.0,154.72517,0.0,0.0,0.0,0.0,0.0,-1.5707964,0.0
1970-01-01 00:00:00.219369321,0.219369321,0.0,0.0,1401.0948,0.0,0.0,0.0,0.0,0.0,-1.5707964,0.0
1970-01-01 00:00:00.219493489,0.219493489,0.0,0.0,285.64804,0.0,0.0,0.0,0.0,0.0,-1.5707964,0.0
1970-01-01 00:00:00.219503647,0.219503647,0.0,0.0,187.00587,0.0,0.0,0.0,0.0,0.0,-1.5707964,0.0
1970-01-01 00:00:00.219586684,0.219586684,0.0,0.0,411.43115,0.0,0.0,0.0,0.0,0.0,-1.5707964,0.0
1970-01-01 00:00:00.219673962,0.219673962,0.0,0.0,656.9398,0.0,0.0,0.0,0.0,0.0,-1.5707964,0.0
1970-01-01 00:00:00.219732607,0.219732607,0.0,0.0,668.6243,0.0,0.0,0.0,0.0,0.0,-1.5707964,0.0
1970-01-01 00:00:00.219748179,0.219748179,0.0,0.0,259.86182,0.0,0.0,0.0,0.0,0.0,-1.5707964,0.0
1970-01-01 00:00:00.219815722,0.219815722,0.0,0.0,323.95953,0.0,0.0,0.0,0.0,0.0,-1.5707964,0.0
1970-01-01 00:00:00.219882541,0.219882541,0.0,0.0,95.32032,0.0,0.0,0.0,0.0,0.0,-1.5707964,0.0
1970-01-01 00:00:00.219957817,0.219957817,0.0,0.0,290.486,0.0,0.0,0.0,0.0,0.0,-1.5707964,0.0
1970-01-01 00:00:00.219958176,0.219958176,0.0,0.0,707.57666,0.0,0.0,0.0,0.0,0.0,-1.5707964,0.0
1970-01-01 00:00:00.219986499,0.219986499,0.0,0.0,228.70166,0.0,0.0,0.0,0.0,0.0,-1.5707964,0.0
1970-01-01 00:00:00.220054234,0.220054234,0.0,0.0,448.07715,0.0,0.0,0.0,0.0,0.0,-1.5707964,0.0
1970-01-01 00:00:00.220244342,0.220244342,0.0,0.0,0.0,653.0744,0.0,0.0,0.0,0.0,-1.5707964,0.0
1970-01-01 00:00:00.220245741,0.220245741,0.0,0.0,923.4286,0.0,0.0,0.0,0.0,0.0,-1.5707964,0.0
1970-01-01 00:00:00.220314430,0.22031443,0.0,0.0,183.31622,0.0,0.0,0.0,0.0,0.0,-1.5707964,0.0
1970-01-01 00:00:00.220338681,0.220338681,0.0,0.0,218.21675,0.0,0.0,0.0,0.0,0.0,-1.5707964,0.0
1970-01-01 00:00:00.220340196,0.220340196,0.0,0.0,282.5399,0.0,0.0,0.0,0.0,0.0,-1.5707964,0.0
1970-01-01 00:00:00.220370649,0.220370649,0.0,0.0,189.9634,0.0,0.0,0.0,0.0,0.0,-1.5707964,0.0
1970-01-01 00:00:00.220495694,0.220495694,0.0,0.0,161.28543,0.0,0.0,0.0,0.0,0.0,-1.5707964,0.0
1970-01-01 00:00:00.220577028,0.220577028,0.0,266.51694,0.0,0.0,0.0,0.0,0.0,0.0,-1.5707964,0.0
1970-01-01 00:00:00.220584708,0.220584708,0.0,0.0,80.847725,0.0,0.0,0.0,0.0,0.0,-1.5707964,0.0
1970-01-01 00:00:00.220638906,0.220638906,0.0,0.0,0.0,0.0,134.01324,0.0,0.0,0.0,-1.5707964,0.0
1970-01-01 00:00:00.220793556,0.220793556,0.0,0.0,158.12149,0.0,0.0,0.0,0.0,0.0,-1.5707964,0.0
1970-01-01 00:00:00.220839997,0.220839997,0.0,0.0,328.7239,0.0,0.0,0.0,0.0,0.0,-1.5707964,0.0
1970-01-01 00:00:00.220853010,0.22085301,0.0,0.0,509.27908,0.0,0.0,0.0,0.0,0.0,-1.5707964,0.0
1970-01-01 00:00:00.220954004,0.220954004,0.0,0.0,473.61725,0.0,0.0,0.0,0.0,0.0,-1.5707964,0.0
1970-01-01 00:00:00.221029849,0.221029849,0.0,0.0,1766.3643,0.0,0.0,0.0,0.0,0.0,-1.5707964,0.0
1970-01-01 00:00:00.221033793,0.221033793,0.0,0.0,590.45526,0.0,0.0,0.0,0.0,0.0,-1.5707964,0.0
1970-01-01 00:00:00.221199231,0.221199231,0.0,0.0,0.0,269.81387,0.0,0.0,0.0,0.0,-1.5707964,0.0
1970-01-01 00:00:00.221214443,0.221214443,1420.0333,0.0,0.0,0.0,0.0,0.0,0.0,0.0,-1.5707964,0.0
1970-01-01 00:00:00.221214443,0.221214443,0.0,0.0,657.1075,0.0,0.0,0.0,0.0,0.0,-1.5707964,0.0
1970-01-01 00:00:00.221338741,0.221338741,0.0,0.0,0.0,0.0,130.02573,0.0,0.0,0.0,-1.5707964,0.0
1970-01-01 00:00:00.221625626,0.221625626,0.0,0.0,338.86142,0.0,0.0,0.0,0.0,0.0,-1.5707964,0.0
1970-01-01 00:00:00.221708401,0.221708401,0.0,0.0,1237.2275,0.0,0.0,0.0,0.0,0.0,-1.5707964,0.0
1970-01-01 00:00:00.221763270,0.22176327,285.20685,0.0,0.0,0.0,0.0,0.0,0.0,0.0,-1.5707964,0.0
1970-01-01 00:00:00.221781066,0.221781066,0.0,0.0,118.60835,0.0,0.0,0.0,0.0,0.0,-1.5707964,0.0
1970-01-01 00:00:00.221836851,0.221836851,0.0,0.0,182.85112,0.0,0.0,0.0,0.0,0.0,-1.5707964,0.0
1970-01-01 00:00:00.221867303,0.221867303,0.0,0.0,0.0,0.0,676.1646,0.0,0.0,0.0,-1.5707964,0.0
1970-01-01 00:00:00.221880138,0.221880138,0.0,0.0,560.84076,0.0,0.0,0.0,0.0,0.0,-1.5707964,0.0
1970-01-01 00:00:00.221987395,0.221987395,0.0,0.0,531.4614,0.0,0.0,0.0,0.0,0.0,-1.5707964,0.0
1970-01-01 00:00:00.222016160,0.22201616,0.0,0.0,784.09033,0.0,0.0,0.0,0.0,0.0,-1.5707964,0.0
1970-01-01 00:00:00.222084259,0.222084259,0.0,0.0,494.7335,0.0,0.0,0.0,0.0,0.0,-1.5707964,0.0
1970-01-01 00:00:00.222123594,0.222123594,0.0,0.0,787.8533,0.0,0.0,0.0,0.0,0.0,-1.5707964,0.0
1970-01-01 00:00:00.222220878,0.222220878,0.0,0.0,295.69263,0.0,0.0,0.0,0.0,0.0,-1.5707964,0.0
1970-01-01 00:00:00.222323894,0.222323894,0.0,0.0,0.0,0.0,0.0,258.8015,0.0,0.0,-1.5707964,0.0
1970-01-01 00:00:00.222499350,0.22249935,0.0,0.0,0.0,0.0,222.68663,0.0,0.0,0.0,-1.5707964,0.0
1970-01-01 00:00:00.222659385,0.222659385,0.0,0.0,110.10226,0.0,0.0,0.0,0.0,0.0,-1.5707964,0.0
1970-01-01 00:00:00.222774464,0.222774464,0.0,0.0,0.0,934.0675,0.0,0.0,0.0,0.0,-1.5707964,0.0
1970-01-01 00:00:00.222811981,0.222811981,0.0,0.0,0.0,0.0,139.00792,0.0,0.0,0.0,-1.5707964,0.0
1970-01-01 00:00:00.222827200,0.2228272,0.0,0.0,511.11703,0.0,0.0,0.0,0.0,0.0,-1.5707964,0.0
1970-01-01 00:00:00.222840709,0.222840709,0.0,0.0,791.732,0.0,0.0,0.0,0.0,0.0,-1.5707964,0.0
1970-01-01 00:00:00.222887530,0.22288753,0.0,0.0,87.86763,0.0,0.0,0.0,0.0,0.0,-1.5707964,0.0
1970-01-01 00:00:00.222959036,0.222959036,0.0,0.0,258.06433,0.0,0.0,0.0,0.0,0.0,-1.5707964,0.0
1970-01-01 00:00:00.223031496,0.223031496,0.0,0.0,419.39703,0.0,0.0,0.0,0.0,0.0,-1.5707964,0.0
1970-01-01 00:00:00.223032300,0.2230323,0.0,0.0,133.147,0.0,0.0,0.0,0.0,0.0,-1.5707964,0.0
1970-01-01 00:00:00.223086206,0.223086206,0.0,0.0,0.0,0.0,435.6783,0.0,0.0,0.0,-1.5707964,0.0
1970-01-01 00:00:00.223099835,0.223099835,0.0,0.0,1347.4791,0.0,0.0,0.0,0.0,0.0,-1.5707964,0.0
1970-01-01 00:00:00.223101598,0.223101598,0.0,0.0,329.19357,0.0,0.0,0.0,0.0,0.0,-1.5707964,0.0
1970-01-01 00:00:00.223103503,0.223103503,0.0,0.0,0.0,354.08514,0.0,0.0,0.0,0.0,-1.5707964,0.0
1970-01-01 00:00:00.223201933,0.223201933,0.0,0.0,0.0,0.0,0.0,188.16318,0.0,0.0,-1.5707964,0.0
1970-01-01 00:00:00.223275385,0.223275385,0.0,0.0,129.69168,0.0,0.0,0.0,0.0,0.0,-1.5707964,0.0
1970-01-01 00:00:00.223280949,0.223280949,0.0,0.0,0.0,1094.8666,0.0,0.0,0.0,0.0,-1.5707964,0.0
1970-01-01 00:00:00.223280949,0.223280949,0.0,0.0,0.0,318.07028,0.0,0.0,0.0,0.0,-1.5707964,0.0
1970-01-01 00:00:00.223428227,0.223428227,0.0,175.98312,0.0,0.0,0.0,0.0,0.0,0.0,-1.5707964,0.0
1970-01-01 00:00:00.223472679,0.223472679,317.7263,0.0,0.0,0.0,0.0,0.0,0.0,0.0,-1.5707964,0.0
1970-01-01 00:00:00.223513976,0.223513976,0.0,0.0,856.5672,0.0,0.0,0.0,0.0,0.0,-1.5707964,0.0
1970-01-01 00:00:00.223514708,0.223514708,149.43988,0.0,0.0,0.0,0.0,0.0,0.0,0.0,-1.5707964,0.0
1970-01-01 00:00:00.223590727,0.223590727,0.0,0.0,0.0,0.0,0.0,318.16913,0.0,0.0,-1.5707964,0.0
1970-01-01 00:00:00.223616393,0.223616393,0.0,0.0,0.0,0.0,96.46472,0.0,0.0,0.0,-1.5707964,0.0
1970-01-01 00:00:00.223625524,0.223625524,0.0,0.0,1454.026,0.0,0.0,0.0,0.0,0.0,-1.5707964,0.0
1970-01-01 00:00:00.223625764,0.223625764,0.0,676.7302,0.0,0.0,0.0,0.0,0.0,0.0,-1.5707964,0.0
1970-01-01 00:00:00.223837256,0.223837256,0.0,0.0,248.79906,0.0,0.0,0.0,0.0,0.0,-1.5707964,0.0
1970-01-01 00:00:00.224014324,0.224014324,0.0,0.0,0.0,0.0,0.0,308.39478,0.0,0.0,-1.5707964,0.0
1970-01-01 00:00:00.224024479,0.224024479,0.0,0.0,460.80984,0.0,0.0,0.0,0.0,0.0,-1.5707964,0.0
1970-01-01 00:00:00.224085473,0.224085473,0.0,0.0,1034.3245,0.0,0.0,0.0,0.0,0.0,-1.5707964,0.0
1970-01-01 00:00:00.224120665,0.224120665,246.5327,0.0,0.0,0.0,0.0,0.0,0.0,0.0,-1.5707964,0.0
1970-01-01 00:00:00.224197693,0.224197693,0.0,0.0,358.5401,0.0,0.0,0.0,0.0,0.0,-1.5707964,0.0
1970-01-01 00:00:00.224263446,0.224263446,0.0,0.0,194.96361,0.0,0.0,0.0,0.0,0.0,-1.5707964,0.0
1970-01-01 00:00:00.224315487,0.224315487,0.0,0.0,90.81401,0.0,0.0,0.0,0.0,0.0,-1.5707964,0.0
1970-01-01 00:00:00.224357699,0.224357699,0.0,100.09698,0.0,0.0,0.0,0.0,0.0,0.0,-1.5707964,0.0
1970-01-01 00:00:00.224425774,0.224425774,0.0,0.0,90.60552,0.0,0.0,0.0,0.0,0.0,-1.5707964,0.0
1970-01-01 00:00:00.224431670,0.22443167,0.0,0.0,911.1231,0.0,0.0,0.0,0.0,0.0,-1.5707964,0.0
1970-01-01 00:00:00.224451934,0.224451934,0.0,0.0,286.06064,0.0,0.0,0.0,0.0,0.0,-1.5707964,0.0
1970-01-01 00:00:00.224522544,0.224522544,0.0,0.0,3399.637,0.0,0.0,0.0,0.0,0.0,-1.5707964,0.0
1970-01-01 00:00:00.224539656,0.224539656,0.0,0.0,0.0,0.0,560.0634,0.0,0.0,0.0,-1.5707964,0.0
1970-01-01 00:00:00.224556487,0.224556487,0.0,0.0,657.65857,0.0,0.0,0.0,0.0,0.0,-1.5707964,0.0
1970-01-01 00:00:00.224566076,0.224566076,0.0,169.8876,0.0,0.0,0.0,0.0,0.0,0.0,-1.5707964,0.0
1970-01-01 00:00:00.224580604,0.224580604,0.0,0.0,0.0,0.0,0.0,352.85703,0.0,0.0,-1.5707964,0.0
1970-01-01 00:00:00.224587624,0.224587624,0.0,0.0,134.98259,0.0,0.0,0.0,0.0,0.0,-1.5707964,0.0
1970-01-01 00:00:00.224587624,0.224587624,0.0,0.0,0.0,795.08923,0.0,0.0,0.0,0.0,-1.5707964,0.0
1970-01-01 00:00:00.224880319,0.224880319,0.0,0.0,0.0,0.0,224.0185,0.0,0.0,0.0,-1.5707964,0.0
1970-01-01 00:00:00.224958101,0.224958101,0.0,0.0,0.0,294.00903,0.0,0.0,0.0,0.0,-1.5707964,0.0
1970-01-01 00:00:00.225010689,0.225010689,0.0,0.0,349.21765,0.0,0.0,0.0,0.0,0.0,-1.5707964,0.0
1970-01-01 00:00:00.225080748,0.225080748,0.0,0.0,189.2968,0.0,0.0,0.0,0.0,0.0,-1.5707964,0.0
1970-01-01 00:00:00.225202079,0.225202079,0.0,0.0,1433.5968,0.0,0.0,0.0,0.0,0.0,-1.5707964,0.0
1970-01-01 00:00:00.225202079,0.225202079,0.0,0.0,0.0,0.0,535.4592,0.0,0.0,0.0,-1.5707964,0.0
1970-01-01 00:00:00.225246187,0.225246187,0.0,0.0,331.45435,0.0,0.0,0.0,0.0,0.0,-1.5707964,0.0
1970-01-01 00:00:00.225262165,0.225262165,0.0,0.0,122.61261,0.0,0.0,0.0,0.0,0.0,-1.5707964,0.0
1970-01-01 00:00:00.225262165,0.225262165,0.0,0.0,0.0,164.76367,0.0,0.0,0.0,0.0,-1.5707964,0.0
1970-01-01 00:00:00.225359051,0.225359051,0.0,0.0,130.18294,0.0,0.0,0.0,0.0,0.0,-1.5707964,0.0
1970-01-01 00:00:00.225369117,0.225369117,0.0,0.0,122.46647,0.0,0.0,0.0,0.0,0.0,-1.5707964,0.0
1970-01-01 00:00:00.225391409,0.225391409,0.0,0.0,156.35114,0.0,0.0,0.0,0.0,0.0,-1.5707964,0.0
1970-01-01 00:00:00.225405046,0.225405046,0.0,0.0,554.6068,0.0,0.0,0.0,0.0,0.0,-1.5707964,0.0
1970-01-01 00:00:00.225421440,0.22542144,0.0,0.0,313.57065,0.0,0.0,0.0,0.0,0.0,-1.5707964,0.0
1970-01-01 00:00:00.225553542,0.225553542,0.0,0.0,544.54584,0.0,0.0,0.0,0.0,0.0,-1.5707964,0.0
1970-01-01 00:00:00.225624690,0.22562469,0.0,0.0,0.0,0.0,846.97565,0.0,0.0,0.0,-1.5707964,0.0
1970-01-01 00:00:00.225652017,0.225652017,0.0,0.0,248.43652,0.0,0.0,0.0,0.0,0.0,-1.5707964,0.0
1970-01-01 00:00:00.225663680,0.22566368,0.0,0.0,247.6054,0.0,0.0,0.0,0.0,0.0,-1.5707964,0.0
1970-01-01 00:00:00.225712555,0.225712555,0.0,0.0,0.0,0.0,0.0,405.37527,0.0,0.0,-1.5707964,0.0
1970-01-01 00:00:00.225739513,0.225739513,286.12463,0.0,0.0,0.0,0.0,0.0,0.0,0.0,-1.5707964,0.0
1970-01-01 00:00:00.225759948,0.225759948,0.0,0.0,289.9929,0.0,0.0,0.0,0.0,0.0,-1.5707964,0.0
1970-01-01 00:00:00.225905866,0.225905866,0.0,0.0,97.80538,0.0,0.0,0.0,0.0,0.0,-1.5707964,0.0
1970-01-01 00:00:00.225913404,0.225913404,0.0,0.0,89.97839,0.0,0.0,0.0,0.0,0.0,-1.5707964,0.0
1970-01-01 00:00:00.225943994,0.225943994,0.0,0.0,0.0,0.0,0.0,91.258896,0.0,0.0,-1.5707964,0.0
1970-01-01 00:00:00.225963523,0.225963523,0.0,0.0,728.46735,0.0,0.0,0.0,0.0,0.0,-1.5707964,0.0
1970-01-01 00:00:00.225972434,0.225972434,112.70934,0.0,0.0,0.0,0.0,0.0,0.0,0.0,-1.5707964,0.0
1970-01-01 00:00:00.225972434,0.225972434,2470.1946,0.0,0.0,0.0,0.0,0.0,0.0,0.0,-1.5707964,0.0
1970-01-01 00:00:00.226034827,0.226034827,0.0,0.0,86.67414,0.0,0.0,0.0,0.0,0.0,-1.5707964,0.0
1970-01-01 00:00:00.226043457,0.226043457,0.0,0.0,0.0,0.0,0.0,2862.6423,0.0,0.0,-1.5707964,0.0
1970-01-01 00:00:00.226062473,0.226062473,0.0,0.0,0.0,0.0,0.0,159.50397,0.0,0.0,-1.5707964,0.0
1970-01-01 00:00:00.226100314,0.226100314,205.56116,0.0,0.0,0.0,0.0,0.0,0.0,0.0,-1.5707964,0.0
1970-01-01 00:00:00.226132497,0.226132497,148.02686,0.0,0.0,0.0,0.0,0.0,0.0,0.0,-1.5707964,0.0
1970-01-01 00:00:00.226165149,0.226165149,0.0,0.0,403.69507,0.0,0.0,0.0,0.0,0.0,-1.5707964,0.0
1970-01-01 00:00:00.226221726,0.226221726,0.0,0.0,347.35217,0.0,0.0,0.0,0.0,0.0,-1.5707964,0.0
1970-01-01 00:00:00.226306219,0.226306219,101.95541,0.0,0.0,0.0,0.0,0.0,0.0,0.0,-1.5707964,0.0
1970-01-01 00:00:00.226420184,0.226420184,0.0,0.0,105.47279,0.0,0.0,0.0,0.0,0.0,-1.5707964,0.0
1970-01-01 00:00:00.226511441,0.226511441,0.0,0.0,172.66931,0.0,0.0,0.0,0.0,0.0,-1.5707964,0.0
1970-01-01 00:00:00.226536607,0.226536607,0.0,0.0,287.63586,0.0,0.0,0.0,0.0,0.0,-1.5707964,0.0
1970-01-01 00:00:00.226556173,0.226556173,0.0,453.0496,0.0,0.0,0.0,0.0,0.0,0.0,-1.5707964,0.0
1970-01-01 00:00:00.226628993,0.226628993,0.0,0.0,116.018326,0.0,0.0,0.0,0.0,0.0,-1.5707964,0.0
1970-01-01 00:00:00.226663520,0.22666352,0.0,0.0,262.5917,0.0,0.0,0.0,0.0,0.0,-1.5707964,0.0
1970-01-01 00:00:00.226743632,0.226743632,0.0,0.0,272.21042,0.0,0.0,0.0,0.0,0.0,-1.5707964,0.0
1970-01-01 00:00:00.226755105,0.226755105,0.0,0.0,0.0,0.0,0.0,141.34084,0.0,0.0,-1.5707964,0.0
1970-01-01 00:00:00.226847533,0.226847533,0.0,0.0,87.93993,0.0,0.0,0.0,0.0,0.0,-1.5707964,0.0
1970-01-01 00:00:00.226866561,0.226866561,0.0,0.0,94.23668,0.0,0.0,0.0,0.0,0.0,-1.5707964,0.0
1970-01-01 00:00:00.227115384,0.227115384,0.0,0.0,0.0,0.0,1177.54,0.0,0.0,0.0,-1.5707964,0.0
1970-01-01 00:00:00.227115384,0.227115384,94.510086,0.0,0.0,0.0,0.0,0.0,0.0,0.0,-1.5707964,0.0
1970-01-01 00:00:00.227141356,0.227141356,0.0,0.0,864.53186,0.0,0.0,0.0,0.0,0.0,-1.5707964,0.0
1970-01-01 00:00:00.227194268,0.227194268,0.0,0.0,176.37198,0.0,0.0,0.0,0.0,0.0,-1.5707964,0.0
1970-01-01 00:00:00.227238745,0.227238745,0.0,0.0,140.56975,0.0,0.0,0.0,0.0,0.0,-1.5707964,0.0
1970-01-01 00:00:00.227238745,0.227238745,0.0,0.0,0.0,0.0,313.08344,0.0,0.0,0.0,-1.5707964,0.0
1970-01-01 00:00:00.227247507,0.227247507,0.0,0.0,223.51157,0.0,0.0,0.0,0.0,0.0,-1.5707964,0.0
1970-01-01 00:00:00.227298933,0.227298933,0.0,508.30966,0.0,0.0,0.0,0.0,0.0,0.0,-1.5707964,0.0
1970-01-01 00:00:00.227310293,0.227310293,0.0,0.0,512.94977,0.0,0.0,0.0,0.0,0.0,-1.5707964,0.0
1970-01-01 00:00:00.227355907,0.227355907,0.0,0.0,476.46503,0.0,0.0,0.0,0.0,0.0,-1.5707964,0.0
1970-01-01 00:00:00.227362486,0.227362486,0.0,0.0,101.61072,0.0,0.0,0.0,0.0,0.0,-1.5707964,0.0
1970-01-01 00:00:00.227369882,0.227369882,0.0,0.0,585.9107,0.0,0.0,0.0,0.0,0.0,-1.5707964,0.0
1970-01-01 00:00:00.227376009,0.227376009,0.0,0.0,201.83995,0.0,0.0,0.0,0.0,0.0,-1.5707964,0.0
1970-01-01 00:00:00.227512996,0.227512996,0.0,0.0,0.0,0.0,131.63553,0.0,0.0,0.0,-1.5707964,0.0
1970-01-01 00:00:00.227531124,0.227531124,0.0,0.0,354.89386,0.0,0.0,0.0,0.0,0.0,-1.5707964,0.0
1970-01-01 00:00:00.227876299,0.227876299,0.0,0.0,0.0,421.79434,0.0,0.0,0.0,0.0,-1.5707964,0.0
1970-01-01 00:00:00.227942054,0.227942054,0.0,0.0,0.0,0.0,0.0,221.6298,0.0,0.0,-1.5707964,0.0
1970-01-01 00:00:00.228025040,0.22802504,0.0,0.0,258.31827,0.0,0.0,0.0,0.0,0.0,-1.5707964,0.0
1970-01-01 00:00:00.228078463,0.228078463,0.0,0.0,104.807274,0.0,0.0,0.0,0.0,0.0,-1.5707964,0.0
1970-01-01 00:00:00.228194797,0.228194797,0.0,0.0,549.95386,0.0,0.0,0.0,0.0,0.0,-1.5707964,0.0
1970-01-01 00:00:00.228256582,0.228256582,0.0,0.0,195.46153,0.0,0.0,0.0,0.0,0.0,-1.5707964,0.0
1970-01-01 00:00:00.228273559,0.228273559,0.0,0.0,0.0,0.0,0.0,224.36278,0.0,0.0,-1.5707964,0.0
1970-01-01 00:00:00.228427012,0.228427012,0.0,101.5808,0.0,0.0,0.0,0.0,0.0,0.0,-1.5707964,0.0
1970-01-01 00:00:00.228457932,0.228457932,0.0,0.0,0.0,0.0,0.0,247.68477,0.0,0.0,-1.5707964,0.0
1970-01-01 00:00:00.228657783,0.228657783,0.0,0.0,1046.2307,0.0,0.0,0.0,0.0,0.0,-1.5707964,0.0
1970-01-01 00:00:00.228657783,0.228657783,0.0,0.0,0.0,0.0,530.97736,0.0,0.0,0.0,-1.5707964,0.0
1970-01-01 00:00:00.228669740,0.22866974,0.0,0.0,937.0981,0.0,0.0,0.0,0.0,0.0,-1.5707964,0.0
1970-01-01 00:00:00.228732260,0.22873226,0.0,0.0,201.06451,0.0,0.0,0.0,0.0,0.0,-1.5707964,0.0
1970-01-01 00:00:00.228779548,0.228779548,0.0,0.0,134.70343,0.0,0.0,0.0,0.0,0.0,-1.5707964,0.0
1970-01-01 00:00:00.228806695,0.228806695,0.0,0.0,92.569565,0.0,0.0,0.0,0.0,0.0,-1.5707964,0.0
1970-01-01 00:00:00.228814965,0.228814965,0.0,0.0,290.35675,0.0,0.0,0.0,0.0,0.0,-1.5707964,0.0
1970-01-01 00:00:00.228820780,0.22882078,0.0,0.0,264.38922,0.0,0.0,0.0,0.0,0.0,-1.5707964,0.0
1970-01-01 00:00:00.228957162,0.228957162,0.0,0.0,1248.0006,0.0,0.0,0.0,0.0,0.0,-1.5707964,0.0
1970-01-01 00:00:00.228977741,0.228977741,0.0,0.0,143.48799,0.0,0.0,0.0,0.0,0.0,-1.5707964,0.0
1970-01-01 00:00:00.228981808,0.228981808,0.0,0.0,477.2799,0.0,0.0,0.0,0.0,0.0,-1.5707964,0.0
1970-01-01 00:00:00.229035205,0.229035205,0.0,0.0,0.0,0.0,0.0,206.38658,0.0,0.0,-1.5707964,0.0
1970-01-01 00:00:00.229102239,0.229102239,0.0,0.0,128.6946,0.0,0.0,0.0,0.0,0.0,-1.5707964,0.0
1970-01-01 00:00:00.229111762,0.229111762,0.0,0.0,0.0,307.54565,0.0,0.0,0.0,0.0,-1.5707964,0.0
1970-01-01 00:00:00.229179024,0.229179024,0.0,0.0,368.97256,0.0,0.0,0.0,0.0,0.0,-1.5707964,0.0
1970-01-01 00:00:00.229179764,0.229179764,0.0,0.0,283.47336,0.0,0.0,0.0,0.0,0.0,-1.5707964,0.0
1970-01-01 00:00:00.229236231,0.229236231,0.0,0.0,652.2673,0.0,0.0,0.0,0.0,0.0,-1.5707964,0.0
1970-01-01 00:00:00.229345009,0.229345009,0.0,0.0,0.0,0.0,128.51244,0.0,0.0,0.0,-1.5707964,0.0
1970-01-01 00:00:00.229385656,0.229385656,0.0,0.0,0.0,0.0,232.9233,0.0,0.0,0.0,-1.5707964,0.0
1970-01-01 00:00:00.229412626,0.229412626,0.0,0.0,277.25528,0.0,0.0,0.0,0.0,0.0,-1.5707964,0.0
1970-01-01 00:00:00.229485907,0.229485907,0.0,0.0,204.93158,0.0,0.0,0.0,0.0,0.0,-1.5707964,0.0
1970-01-01 00:00:00.229513130,0.22951313,0.0,0.0,0.0,0.0,0.0,462.18085,0.0,0.0,-1.5707964,0.0
1970-01-01 00:00:00.229574345,0.229574345,0.0,0.0,417.29565,0.0,0.0,0.0,0.0,0.0,-1.5707964,0.0
1970-01-01 00:00:00.229583635,0.229583635,0.0,0.0,0.0,0.0,0.0,671.8233,0.0,0.0,-1.5707964,0.0
1970-01-01 00:00:00.229595676,0.229595676,0.0,0.0,303.82874,0.0,0.0,0.0,0.0,0.0,-1.5707964,0.0
1970-01-01 00:00:00.229601317,0.229601317,0.0,0.0,108.979294,0.0,0.0,0.0,0.0,0.0,-1.5707964,0.0
1970-01-01 00:00:00.229617012,0.229617012,0.0,0.0,1103.1825,0.0,0.0,0.0,0.0,0.0,-1.5707964,0.0
1970-01-01 00:00:00.229634990,0.22963499,0.0,0.0,301.5341,0.0,0.0,0.0,0.0,0.0,-1.5707964,0.0
1970-01-01 00:00:00.229704497,0.229704497,1673.5928,0.0,0.0,0.0,0.0,0.0,0.0,0.0,-1.5707964,0.0
1970-01-01 00:00:00.229793216,0.229793216,0.0,0.0,1245.1915,0.0,0.0,0.0,0.0,0.0,-1.5707964,0.0
1970-01-01 00:00:00.229897911,0.229897911,0.0,112.57562,0.0,0.0,0.0,0.0,0.0,0.0,-1.5707964,0.0
1970-01-01 00:00:00.229964726,0.229964726,0.0,0.0,3535.5898,0.0,0.0,0.0,0.0,0.0,-1.5707964,0.0
1970-01-01 00:00:00.229991906,0.229991906,0.0,0.0,392.1594,0.0,0.0,0.0,0.0,0.0,-1.5707964,0.0
1970-01-01 00:00:00.230002561,0.230002561,0.0,0.0,105.999245,0.0,0.0,0.0,0.0,0.0,-1.5707964,0.0
1970-01-01 00:00:00.230018441,0.230018441,0.0,0.0,350.44,0.0,0.0,0.0,0.0,0.0,-1.5707964,0.0
1970-01-01 00:00:00.230127540,0.23012754,0.0,0.0,0.0,0.0,0.0,709.7501,0.0,0.0,-1.5707964,0.0
1970-01-01 00:00:00.230164118,0.230164118,0.0,0.0,235.28549,0.0,0.0,0.0,0.0,0.0,-1.5707964,0.0
1970-01-01 00:00:00.230176503,0.230176503,0.0,0.0,0.0,0.0,110.57982,0.0,0.0,0.0,-1.5707964,0.0
1970-01-01 00:00:00.230373062,0.230373062,359.9191,0.0,0.0,0.0,0.0,0.0,0.0,0.0,-1.5707964,0.0
1970-01-01 00:00:00.230375163,0.230375163,0.0,0.0,265.68823,0.0,0.0,0.0,0.0,0.0,-1.5707964,0.0
1970-01-01 00:00:00.230387308,0.230387308,0.0,0.0,0.0,0.0,0.0,193.60016,0.0,0.0,-1.5707964,0.0
1970-01-01 00:00:00.230434159,0.230434159,0.0,0.0,0.0,0.0,0.0,123.47896,0.0,0.0,-1.5707964,0.0
1970-01-01 00:00:00.230557559,0.230557559,385.64874,0.0,0.0,0.0,0.0,0.0,0.0,0.0,-1.5707964,0.0
1970-01-01 00:00:00.230580270,0.23058027,0.0,0.0,1422.7656,0.0,0.0,0.0,0.0,0.0,-1.5707964,0.0
1970-01-01 00:00:00.230594284,0.230594284,0.0,0.0,0.0,477.9095,0.0,0.0,0.0,0.0,-1.5707964,0.0
1970-01-01 00:00:00.230639388,0.230639388,0.0,264.2795,0.0,0.0,0.0,0.0,0.0,0.0,-1.5707964,0.0
1970-01-01 00:00:00.230653641,0.230653641,0.0,0.0,0.0,246.19821,0.0,0.0,0.0,0.0,-1.5707964,0.0
1970-01-01 00:00:00.230688549,0.230688549,145.95525,0.0,0.0,0.0,0.0,0.0,0.0,0.0,-1.5707964,0.0
1970-01-01 00:00:00.230688549,0.230688549,0.0,0.0,0.0,0.0,437.42346,0.0,0.0,0.0,-1.5707964,0.0
1970-01-01 00:00:00.230760131,0.230760131,124.91851,0.0,0.0,0.0,0.0,0.0,0.0,0.0,-1.5707964,0.0
1970-01-01 00:00:00.230832567,0.230832567,0.0,117.088394,0.0,0.0,0.0,0.0,0.0,0.0,-1.5707964,0.0
1970-01-01 00:00:00.230930465,0.230930465,0.0,171.83902,0.0,0.0,0.0,0.0,0.0,0.0,-1.5707964,0.0
1970-01-01 00:00:00.231051297,0.231051297,0.0,0.0,0.0,0.0,0.0,549.92194,0.0,0.0,-1.5707964,0.0
1970-01-01 00:00:00.231104805,0.231104805,0.0,0.0,0.0,0.0,242.45471,0.0,0.0,0.0,-1.5707964,0.0
1970-01-01 00:00:00.231215568,0.231215568,0.0,0.0,90.863174,0.0,0.0,0.0,0.0,0.0,-1.5707964,0.0
1970-01-01 00:00:00.231247579,0.231247579,0.0,0.0,162.36388,0.0,0.0,0.0,0.0,0.0,-1.5707964,0.0
1970-01-01 00:00:00.231381640,0.23138164,0.0,0.0,469.59216,0.0,0.0,0.0,0.0,0.0,-1.5707964,0.0
1970-01-01 00:00:00.231437349,0.231437349,0.0,0.0,485.46786,0.0,0.0,0.0,0.0,0.0,-1.5707964,0.0
1970-01-01 00:00:00.231468761,0.231468761,0.0,0.0,662.7001,0.0,0.0,0.0,0.0,0.0,-1.5707964,0.0
1970-01-01 00:00:00.231630291,0.231630291,0.0,0.0,145.74966,0.0,0.0,0.0,0.0,0.0,-1.5707964,0.0
1970-01-01 00:00:00.231874425,0.231874425,0.0,0.0,0.0,0.0,171.37625,0.0,0.0,0.0,-1.5707964,0.0
1970-01-01 00:00:00.231896569,0.231896569,0.0,0.0,140.65521,0.0,0.0,0.0,0.0,0.0,-1.5707964,0.0
1970-01-01 00:00:00.231930585,0.231930585,0.0,0.0,294.60074,0.0,0.0,0.0,0.0,0.0,-1.5707964,0.0
1970-01-01 00:00:00.231947531,0.231947531,0.0,0.0,0.0,0.0,0.0,86.08467,0.0,0.0,-1.5707964,0.0
1970-01-01 00:00:00.231950399,0.231950399,0.0,277.09222,0.0,0.0,0.0,0.0,0.0,0.0,-1.5707964,0.0
1970-01-01 00:00:00.231950399,0.231950399,0.0,319.74203,0.0,0.0,0.0,0.0,0.0,0.0,-1.5707964,0.0
1970-01-01 00:00:00.231956503,0.231956503,84.71163,0.0,0.0,0.0,0.0,0.0,0.0,0.0,-1.5707964,0.0
1970-01-01 00:00:00.231959248,0.231959248,0.0,0.0,1346.398,0.0,0.0,0.0,0.0,0.0,-1.5707964,0.0
1970-01-01 00:00:00.231991042,0.231991042,0.0,0.0,314.63846,0.0,0.0,0.0,0.0,0.0,-1.5707964,0.0
1970-01-01 00:00:00.232036396,0.232036396,0.0,0.0,344.98846,0.0,0.0,0.0,0.0,0.0,-1.5707964,0.0
1970-01-01 00:00:00.232036396,0.232036396,0.0,0.0,0.0,0.0,219.14925,0.0,0.0,0.0,-1.5707964,0.0
1970-01-01 00:00:00.232049184,0.232049184,0.0,0.0,0.0,359.352,0.0,0.0,0.0,0.0,-1.5707964,0.0
1970-01-01 00:00:00.232050791,0.232050791,0.0,129.6739,0.0,0.0,0.0,0.0,0.0,0.0,-1.5707964,0.0
1970-01-01 00:00:00.232376380,0.23237638,0.0,0.0,0.0,0.0,114.860954,0.0,0.0,0.0,-1.5707964,0.0
1970-01-01 00:00:00.232396086,0.232396086,0.0,0.0,0.0,0.0,0.0,264.73328,0.0,0.0,-1.5707964,0.0
1970-01-01 00:00:00.232485707,0.232485707,0.0,0.0,882.00415,0.0,0.0,0.0,0.0,0.0,-1.5707964,0.0
1970-01-01 00:00:00.232490460,0.23249046,215.85405,0.0,0.0,0.0,0.0,0.0,0.0,0.0,-1.5707964,0.0
1970-01-01 00:00:00.232552058,0.232552058,0.0,0.0,0.0,0.0,219.11713,0.0,0.0,0.0,-1.5707964,0.0
1970-01-01 00:00:00.232564843,0.232564843,0.0,0.0,607.266,0.0,0.0,0.0,0.0,0.0,-1.5707964,0.0
1970-01-01 00:00:00.232592116,0.232592116,174.23975,0.0,0.0,0.0,0.0,0.0,0.0,0.0,-1.5707964,0.0
1970-01-01 00:00:00.232663523,0.232663523,0.0,0.0,552.6959,0.0,0.0,0.0,0.0,0.0,-1.5707964,0.0
1970-01-01 00:00:00.232666859,0.232666859,0.0,0.0,117.20604,0.0,0.0,0.0,0.0,0.0,-1.5707964,0.0
1970-01-01 00:00:00.232769974,0.232769974,0.0,0.0,293.5219,0.0,0.0,0.0,0.0,0.0,-1.5707964,0.0
1970-01-01 00:00:00.232769974,0.232769974,0.0,0.0,0.0,0.0,0.0,318.50662,0.0,0.0,-1.5707964,0.0
1970-01-01 00:00:00.232820198,0.232820198,0.0,0.0,516.89136,0.0,0.0,0.0,0.0,0.0,-1.5707964,0.0
1970-01-01 00:00:00.232938543,0.232938543,0.0,0.0,549.85156,0.0,0.0,0.0,0.0,0.0,-1.5707964,0.0
1970-01-01 00:00:00.233045426,0.233045426,0.0,0.0,0.0,0.0,0.0,389.58115,0.0,0.0,-1.5707964,0.0
1970-01-01 00:00:00.233248055,0.233248055,0.0,0.0,2668.9353,0.0,0.0,0.0,0.0,0.0,-1.5707964,0.0
1970-01-01 00:00:00.233316952,0.233316952,0.0,0.0,397.60703,0.0,0.0,0.0,0.0,0.0,-1.5707964,0.0
1970-01-01 00:00:00.233358267,0.233358267,0.0,0.0,0.0,0.0,399.61322,0.0,0.0,0.0,-1.5707964,0.0
1970-01-01 00:00:00.233503316,0.233503316,179.17311,0.0,0.0,0.0,0.0,0.0,0.0,0.0,-1.5707964,0.0
1970-01-01 00:00:00.233506883,0.233506883,0.0,0.0,2538.088,0.0,0.0,0.0,0.0,0.0,-1.5707964,0.0
1970-01-01 00:00:00.233540515,0.233540515,0.0,0.0,141.06856,0.0,0.0,0.0,0.0,0.0,-1.5707964,0.0
1970-01-01 00:00:00.233594720,0.23359472,0.0,0.0,485.60742,0.0,0.0,0.0,0.0,0.0,-1.5707964,0.0
1970-01-01 00:00:00.233677716,0.233677716,0.0,0.0,364.46927,0.0,0.0,0.0,0.0,0.0,-1.5707964,0.0
1970-01-01 00:00:00.233754537,0.233754537,0.0,0.0,158.29861,0.0,0.0,0.0,0.0,0.0,-1.5707964,0.0
1970-01-01 00:00:00.233907238,0.233907238,0.0,0.0,179.10976,0.0,0.0,0.0,0.0,0.0,-1.5707964,0.0
1970-01-01 00:00:00.233970046,0.233970046,0.0,0.0,385.25458,0.0,0.0,0.0,0.0,0.0,-1.5707964,0.0
1970-01-01 00:00:00.233974774,0.233974774,0.0,0.0,108.10985,0.0,0.0,0.0,0.0,0.0,-1.5707964,0.0
1970-01-01 00:00:00.233981136,0.233981136,0.0,0.0,105.97364,0.0,0.0,0.0,0.0,0.0,-1.5707964,0.0
1970-01-01 00:00:00.233995179,0.233995179,0.0,0.0,127.69247,0.0,0.0,0.0,0.0,0.0,-1.5707964,0.0
1970-01-01 00:00:00.234022119,0.234022119,0.0,684.36975,0.0,0.0,0.0,0.0,0.0,0.0,-1.5707964,0.0
1970-01-01 00:00:00.234022119,0.234022119,0.0,0.0,0.0,457.77142,0.0,0.0,0.0,0.0,-1.5707964,0.0
1970-01-01 00:00:00.234046666,0.234046666,0.0,0.0,500.12772,0.0,0.0,0.0,0.0,0.0,-1.5707964,0.0
1970-01-01 00:00:00.234129169,0.234129169,1560.3683,0.0,0.0,0.0,0.0,0.0,0.0,0.0,-1.5707964,0.0
1970-01-01 00:00:00.234155937,0.234155937,0.0,0.0,0.0,0.0,0.0,214.72003,0.0,0.0,-1.5707964,0.0
1970-01-01 00:00:00.234158728,0.234158728,0.0,0.0,118.25922,0.0,0.0,0.0,0.0,0.0,-1.5707964,0.0
1970-01-01 00:00:00.234189632,0.234189632,0.0,0.0,302.39023,0.0,0.0,0.0,0.0,0.0,-1.5707964,0.0
1970-01-01 00:00:00.234193385,0.234193385,0.0,0.0,171.0401,0.0,0.0,0.0,0.0,0.0,-1.5707964,0.0
1970-01-01 00:00:00.234222806,0.234222806,0.0,371.45294,0.0,0.0,0.0,0.0,0.0,0.0,-1.5707964,0.0
1970-01-01 00:00:00.234229678,0.234229678,0.0,0.0,126.402,0.0,0.0,0.0,0.0,0.0,-1.5707964,0.0
1970-01-01 00:00:00.234243744,0.234243744,0.0,0.0,0.0,193.0694,0.0,0.0,0.0,0.0,-1.5707964,0.0
1970-01-01 00:00:00.234263655,0.234263655,0.0,0.0,422.43585,0.0,0.0,0.0,0.0,0.0,-1.5707964,0.0
1970-01-01 00:00:00.234349471,0.234349471,0.0,0.0,134.93604,0.0,0.0,0.0,0.0,0.0,-1.5707964,0.0
1970-01-01 00:00:00.234520698,0.234520698,0.0,275.055,0.0,0.0,0.0,0.0,0.0,0.0,-1.5707964,0.0
1970-01-01 00:00:00.234666794,0.234666794,0.0,0.0,119.657455,0.0,0.0,0.0,0.0,0.0,-1.5707964,0.0
1970-01-01 00:00:00.234706472,0.234706472,0.0,0.0,326.96902,0.0,0.0,0.0,0.0,0.0,-1.5707964,0.0
1970-01-01 00:00:00.234776429,0.234776429,0.0,0.0,111.28011,0.0,0.0,0.0,0.0,0.0,-1.5707964,0.0
1970-01-01 00:00:00.234808069,0.234808069,0.0,0.0,207.23502,0.0,0.0,0.0,0.0,0.0,-1.5707964,0.0
1970-01-01 00:00:00.234886103,0.234886103,0.0,0.0,269.92053,0.0,0.0,0.0,0.0,0.0,-1.5707964,0.0
1970-01-01 00:00:00.234919279,0.234919279,0.0,0.0,0.0,0.0,207.4802,0.0,0.0,0.0,-1.5707964,0.0
1970-01-01 00:00:00.234968768,0.234968768,0.0,0.0,165.74472,0.0,0.0,0.0,0.0,0.0,-1.5707964,0.0
1970-01-01 00:00:00.235027887,0.235027887,0.0,0.0,0.0,1556.2391,0.0,0.0,0.0,0.0,-1.5707964,0.0
1970-01-01 00:00:00.235044322,0.235044322,0.0,0.0,168.65247,0.0,0.0,0.0,0.0,0.0,-1.5707964,0.0
1970-01-01 00:00:00.235091927,0.235091927,0.0,0.0,573.97205,0.0,0.0,0.0,0.0,0.0,-1.5707964,0.0
1970-01-01 00:00:00.235166480,0.23516648,0.0,0.0,113.35872,0.0,0.0,0.0,0.0,0.0,-1.5707964,0.0
1970-01-01 00:00:00.235170612,0.235170612,1138.807,0.0,0.0,0.0,0.0,0.0,0.0,0.0,-1.5707964,0.0
1970-01-01 00:00:00.235200835,0.235200835,0.0,0.0,137.65565,0.0,0.0,0.0,0.0,0.0,-1.5707964,0.0
1970-01-01 00:00:00.235217653,0.235217653,0.0,0.0,0.0,0.0,0.0,422.8975,0.0,0.0,-1.5707964,0.0
1970-01-01 00:00:00.235256299,0.235256299,0.0,0.0,88.890144,0.0,0.0,0.0,0.0,0.0,-1.5707964,0.0
1970-01-01 00:00:00.235368240,0.23536824,0.0,0.0,94.852455,0.0,0.0,0.0,0.0,0.0,-1.5707964,0.0
1970-01-01 00:00:00.235387673,0.235387673,959.9659,0.0,0.0,0.0,0.0,0.0,0.0,0.0,-1.5707964,0.0
1970-01-01 00:00:00.235606742,0.235606742,0.0,0.0,0.0,0.0,0.0,604.2649,0.0,0.0,-1.5707964,0.0
1970-01-01 00:00:00.235733936,0.235733936,0.0,0.0,0.0,250.09235,0.0,0.0,0.0,0.0,-1.5707964,0.0
1970-01-01 00:00:00.235766800,0.2357668,0.0,0.0,0.0,0.0,0.0,181.9757,0.0,0.0,-1.5707964,0.0
1970-01-01 00:00:00.235809790,0.23580979,0.0,0.0,339.62933,0.0,0.0,0.0,0.0,0.0,-1.5707964,0.0
1970-01-01 00:00:00.235812789,0.235812789,0.0,0.0,0.0,0.0,0.0,989.9858,0.0,0.0,-1.5707964,0.0
1970-01-01 00:00:00.235846856,0.235846856,0.0,0.0,0.0,0.0,0.0,143.30997,0.0,0.0,-1.5707964,0.0
1970-01-01 00:00:00.235870354,0.235870354,0.0,0.0,0.0,0.0,0.0,201.0412,0.0,0.0,-1.5707964,0.0
1970-01-01 00:00:00.235935821,0.235935821,0.0,0.0,457.4056,0.0,0.0,0.0,0.0,0.0,-1.5707964,0.0
1970-01-01 00:00:00.235951159,0.235951159,0.0,0.0,129.93109,0.0,0.0,0.0,0.0,0.0,-1.5707964,0.0
1970-01-01 00:00:00.236009809,0.236009809,0.0,0.0,0.0,0.0,0.0,420.24197,0.0,0.0,-1.5707964,0.0
1970-01-01 00:00:00.236142889,0.236142889,147.25081,0.0,0.0,0.0,0.0,0.0,0.0,0.0,-1.5707964,0.0
1970-01-01 00:00:00.236225650,0.23622565,462.27924,0.0,0.0,0.0,0.0,0.0,0.0,0.0,-1.5707964,0.0
1970-01-01 00:00:00.236304120,0.23630412,0.0,0.0,0.0,0.0,0.0,214.20895,0.0,0.0,-1.5707964,0.0
1970-01-01 00:00:00.236318123,0.236318123,0.0,0.0,0.0,0.0,0.0,392.37613,0.0,0.0,-1.5707964,0.0
1970-01-01 00:00:00.236354725,0.236354725,0.0,0.0,0.0,0.0,697.5383,0.0,0.0,0.0,-1.5707964,0.0
1970-01-01 00:00:00.236385651,0.236385651,151.70058,0.0,0.0,0.0,0.0,0.0,0.0,0.0,-1.5707964,0.0
1970-01-01 00:00:00.236508592,0.236508592,0.0,0.0,0.0,0.0,300.3699,0.0,0.0,0.0,-1.5707964,0.0
1970-01-01 00:00:00.236894285,0.236894285,0.0,0.0,81.29172,0.0,0.0,0.0,0.0,0.0,-1.5707964,0.0
1970-01-01 00:00:00.237109169,0.237109169,357.1904,0.0,0.0,0.0,0.0,0.0,0.0,0.0,-1.5707964,0.0
1970-01-01 00:00:00.237109169,0.237109169,0.0,0.0,497.98795,0.0,0.0,0.0,0.0,0.0,-1.5707964,0.0
1970-01-01 00:00:00.237168268,0.237168268,0.0,0.0,0.0,0.0,2968.7896,0.0,0.0,0.0,-1.5707964,0.0
1970-01-01 00:00:00.237168268,0.237168268,0.0,0.0,0.0,0.0,80.6998,0.0,0.0,0.0,-1.5707964,0.0
1970-01-01 00:00:00.237378783,0.237378783,260.4252,0.0,0.0,0.0,0.0,0.0,0.0,0.0,-1.5707964,0.0
1970-01-01 00:00:00.237380575,0.237380575,0.0,0.0,232.68161,0.0,0.0,0.0,0.0,0.0,-1.5707964,0.0
1970-01-01 00:00:00.237414098,0.237414098,0.0,0.0,188.57309,0.0,0.0,0.0,0.0,0.0,-1.5707964,0.0
1970-01-01 00:00:00.237565310,0.23756531,0.0,0.0,919.183,0.0,0.0,0.0,0.0,0.0,-1.5707964,0.0
1970-01-01 00:00:00.237679752,0.237679752,0.0,0.0,0.0,0.0,0.0,185.16716,0.0,0.0,-1.5707964,0.0
1970-01-01 00:00:00.237701008,0.237701008,0.0,0.0,301.1718,0.0,0.0,0.0,0.0,0.0,-1.5707964,0.0
1970-01-01 00:00:00.237704242,0.237704242,0.0,0.0,1087.1292,0.0,0.0,0.0,0.0,0.0,-1.5707964,0.0
1970-01-01 00:00:00.237876932,0.237876932,0.0,0.0,160.05988,0.0,0.0,0.0,0.0,0.0,-1.5707964,0.0
1970-01-01 00:00:00.237942380,0.23794238,0.0,0.0,0.0,0.0,0.0,1208.1808,0.0,0.0,-1.5707964,0.0
1970-01-01 00:00:00.238000354,0.238000354,0.0,0.0,1030.1035,0.0,0.0,0.0,0.0,0.0,-1.5707964,0.0
1970-01-01 00:00:00.238110976,0.238110976,0.0,0.0,87.16017,0.0,0.0,0.0,0.0,0.0,-1.5707964,0.0
1970-01-01 00:00:00.238210399,0.238210399,0.0,0.0,852.92456,0.0,0.0,0.0,0.0,0.0,-1.5707964,0.0
1970-01-01 00:00:00.238340962,0.238340962,0.0,0.0,303.72424,0.0,0.0,0.0,0.0,0.0,-1.5707964,0.0
1970-01-01 00:00:00.238358551,0.238358551,0.0,0.0,181.53043,0.0,0.0,0.0,0.0,0.0,-1.5707964,0.0
1970-01-01 00:00:00.238385020,0.23838502,0.0,0.0,1235.8226,0.0,0.0,0.0,0.0,0.0,-1.5707964,0.0
1970-01-01 00:00:00.238592992,0.238592992,0.0,0.0,0.0,325.37274,0.0,0.0,0.0,0.0,-1.5707964,0.0
1970-01-01 00:00:00.238695784,0.238695784,0.0,0.0,0.0,410.8655,0.0,0.0,0.0,0.0,-1.5707964,0.0
1970-01-01 00:00:00.238861530,0.23886153,0.0,0.0,2502.584,0.0,0.0,0.0,0.0,0.0,-1.5707964,0.0
1970-01-01 00:00:00.238873451,0.238873451,0.0,0.0,258.03867,0.0,0.0,0.0,0.0,0.0,-1.5707964,0.0
1970-01-01 00:00:00.239052978,0.239052978,0.0,0.0,163.95099,0.0,0.0,0.0,0.0,0.0,-1.5707964,0.0
1970-01-01 00:00:00.239103363,0.239103363,0.0,0.0,223.68294,0.0,0.0,0.0,0.0,0.0,-1.5707964,0.0
1970-01-01 00:00:00.239129461,0.239129461,0.0,0.0,321.83627,0.0,0.0,0.0,0.0,0.0,-1.5707964,0.0
1970-01-01 00:00:00.239230596,0.239230596,0.0,0.0,152.35823,0.0,0.0,0.0,0.0,0.0,-1.5707964,0.0
1970-01-01 00:00:00.239334457,0.239334457,0.0,0.0,173.93672,0.0,0.0,0.0,0.0,0.0,-1.5707964,0.0
1970-01-01 00:00:00.239367162,0.239367162,1440.008,0.0,0.0,0.0,0.0,0.0,0.0,0.0,-1.5707964,0.0
1970-01-01 00:00:00.239460779,0.239460779,0.0,0.0,716.1371,0.0,0.0,0.0,0.0,0.0,-1.5707964,0.0
1970-01-01 00:00:00.239629058,0.239629058,193.50429,0.0,0.0,0.0,0.0,0.0,0.0,0.0,-1.5707964,0.0
1970-01-01 00:00:00.239660323,0.239660323,356.13287,0.0,0.0,0.0,0.0,0.0,0.0,0.0,-1.5707964,0.0
1970-01-01 00:00:00.239743243,0.239743243,0.0,0.0,148.54509,0.0,0.0,0.0,0.0,0.0,-1.5707964,0.0
1970-01-01 00:00:00.239801746,0.239801746,0.0,0.0,0.0,1300.5868,0.0,0.0,0.0,0.0,-1.5707964,0.0
1970-01-01 00:00:00.239834009,0.239834009,297.64255,0.0,0.0,0.0,0.0,0.0,0.0,0.0,-1.5707964,0.0
1970-01-01 00:00:00.239834009,0.239834009,0.0,0.0,0.0,0.0,391.95435,0.0,0.0,0.0,-1.5707964,0.0
1970-01-01 00:00:00.239846940,0.23984694,0.0,0.0,334.43958,0.0,0.0,0.0,0.0,0.0,-1.5707964,0.0
1970-01-01 00:00:00.239856348,0.239856348,0.0,0.0,202.57925,0.0,0.0,0.0,0.0,0.0,-1.5707964,0.0
1970-01-01 00:00:00.239955416,0.239955416,0.0,0.0,1008.42816,0.0,0.0,0.0,0.0,0.0,-1.5707964,0.0
1970-01-01 00:00:00.239998988,0.239998988,0.0,0.0,113.6636,0.0,0.0,0.0,0.0,0.0,-1.5707964,0.0
1970-01-01 00:00:00.240047695,0.240047695,0.0,0.0,442.77545,0.0,0.0,0.0,0.0,0.0,-1.5707964,0.0
1970-01-01 00:00:00.240139350,0.24013935,0.0,0.0,81.12595,0.0,0.0,0.0,0.0,0.0,-1.5707964,0.0
1970-01-01 00:00:00.240199821,0.240199821,0.0,0.0,0.0,0.0,123.60808,0.0,0.0,0.0,-1.5707964,0.0
1970-01-01 00:00:00.240232699,0.240232699,0.0,0.0,0.0,0.0,0.0,1057.924,0.0,0.0,-1.5707964,0.0
1970-01-01 00:00:00.240309085,0.240309085,0.0,0.0,545.8027,0.0,0.0,0.0,0.0,0.0,-1.5707964,0.0
1970-01-01 00:00:00.240314233,0.240314233,0.0,0.0,136.03323,0.0,0.0,0.0,0.0,0.0,-1.5707964,0.0
1970-01-01 00:00:00.240363064,0.240363064,0.0,0.0,189.101,0.0,0.0,0.0,0.0,0.0,-1.5707964,0.0
1970-01-01 00:00:00.240404838,0.240404838,0.0,0.0,0.0,0.0,0.0,321.41586,0.0,0.0,-1.5707964,0.0
1970-01-01 00:00:00.240464672,0.240464672,0.0,0.0,1178.1316,0.0,0.0,0.0,0.0,0.0,-1.5707964,0.0
1970-01-01 00:00:00.240471227,0.240471227,0.0,0.0,0.0,0.0,0.0,803.6834,0.0,0.0,-1.5707964,0.0
1970-01-01 00:00:00.240629548,0.240629548,0.0,0.0,187.2759,0.0,0.0,0.0,0.0,0.0,-1.5707964,0.0
1970-01-01 00:00:00.240717229,0.240717229,356.10886,0.0,0.0,0.0,0.0,0.0,0.0,0.0,-1.5707964,0.0
1970-01-01 00:00:00.240785306,0.240785306,0.0,0.0,147.19109,0.0,0.0,0.0,0.0,0.0,-1.5707964,0.0
1970-01-01 00:00:00.240804870,0.24080487,0.0,0.0,83.37623,0.0,0.0,0.0,0.0,0.0,-1.5707964,0.0
1970-01-01 00:00:00.240814245,0.240814245,0.0,0.0,397.97632,0.0,0.0,0.0,0.0,0.0,-1.5707964,0.0
1970-01-01 00:00:00.240891084,0.240891084,0.0,0.0,944.8659,0.0,0.0,0.0,0.0,0.0,-1.5707964,0.0
1970-01-01 00:00:00.240918254,0.240918254,0.0,0.0,0.0,0.0,0.0,578.913,0.0,0.0,-1.5707964,0.0
1970-01-01 00:00:00.240994744,0.240994744,0.0,0.0,1124.9944,0.0,0.0,0.0,0.0,0.0,-1.5707964,0.0
1970-01-01 00:00:00.241109472,0.241109472,0.0,0.0,718.85675,0.0,0.0,0.0,0.0,0.0,-1.5707964,0.0
1970-01-01 00:00:00.241148098,0.241148098,0.0,86.22918,0.0,0.0,0.0,0.0,0.0,0.0,-1.5707964,0.0
1970-01-01 00:00:00.241213420,0.24121342,111.405945,0.0,0.0,0.0,0.0,0.0,0.0,0.0,-1.5707964,0.0
1970-01-01 00:00:00.241217349,0.241217349,0.0,0.0,148.18787,0.0,0.0,0.0,0.0,0.0,-1.5707964,0.0
1970-01-01 00:00:00.241244501,0.241244501,0.0,0.0,292.01108,0.0,0.0,0.0,0.0,0.0,-1.5707964,0.0
1970-01-01 00:00:00.241396505,0.241396505,0.0,0.0,346.1109,0.0,0.0,0.0,0.0,0.0,-1.5707964,0.0
1970-01-01 00:00:00.241396718,0.241396718,0.0,0.0,1096.4973,0.0,0.0,0.0,0.0,0.0,-1.5707964,0.0
1970-01-01 00:00:00.241416942,0.241416942,0.0,0.0,237.18993,0.0,0.0,0.0,0.0,0.0,-1.5707964,0.0
1970-01-01 00:00:00.241416942,0.241416942,0.0,0.0,0.0,0.0,0.0,761.35474,0.0,0.0,-1.5707964,0.0
1970-01-01 00:00:00.241582860,0.24158286,0.0,0.0,0.0,0.0,96.76495,0.0,0.0,0.0,-1.5707964,0.0
1970-01-01 00:00:00.241610616,0.241610616,198.60863,0.0,0.0,0.0,0.0,0.0,0.0,0.0,-1.5707964,0.0
1970-01-01 00:00:00.241613344,0.241613344,0.0,0.0,2545.8396,0.0,0.0,0.0,0.0,0.0,-1.5707964,0.0
1970-01-01 00:00:00.241614772,0.241614772,0.0,0.0,122.10621,0.0,0.0,0.0,0.0,0.0,-1.5707964,0.0
1970-01-01 00:00:00.241719016,0.241719016,0.0,237.12225,0.0,0.0,0.0,0.0,0.0,0.0,-1.5707964,0.0
1970-01-01 00:00:00.241886029,0.241886029,0.0,0.0,776.5743,0.0,0.0,0.0,0.0,0.0,-1.5707964,0.0
1970-01-01 00:00:00.241912834,0.241912834,0.0,0.0,0.0,0.0,238.46642,0.0,0.0,0.0,-1.5707964,0.0
1970-01-01 00:00:00.242125564,0.242125564,0.0,0.0,245.11812,0.0,0.0,0.0,0.0,0.0,-1.5707964,0.0
1970-01-01 00:00:00.242126670,0.24212667,1566.6194,0.0,0.0,0.0,0.0,0.0,0.0,0.0,-1.5707964,0.0
1970-01-01 00:00:00.242128468,0.242128468,0.0,0.0,0.0,0.0,208.8755,0.0,0.0,0.0,-1.5707964,0.0
1970-01-01 00:00:00.242353760,0.24235376,0.0,0.0,438.98816,0.0,0.0,0.0,0.0,0.0,-1.5707964,0.0
1970-01-01 00:00:00.242356655,0.242356655,0.0,0.0,129.97243,0.0,0.0,0.0,0.0,0.0,-1.5707964,0.0
1970-01-01 00:00:00.242393563,0.242393563,0.0,0.0,244.9224,0.0,0.0,0.0,0.0,0.0,-1.5707964,0.0
1970-01-01 00:00:00.242410754,0.242410754,0.0,0.0,0.0,0.0,0.0,216.13362,0.0,0.0,-1.5707964,0.0
1970-01-01 00:00:00.242466393,0.242466393,0.0,0.0,204.68887,0.0,0.0,0.0,0.0,0.0,-1.5707964,0.0
1970-01-01 00:00:00.242505817,0.242505817,0.0,0.0,0.0,0.0,0.0,175.20845,0.0,0.0,-1.5707964,0.0
1970-01-01 00:00:00.242557770,0.24255777,0.0,0.0,0.0,0.0,0.0,442.44922,0.0,0.0,-1.5707964,0.0
1970-01-01 00:00:00.242651990,0.24265199,0.0,0.0,1167.9368,0.0,0.0,0.0,0.0,0.0,-1.5707964,0.0
1970-01-01 00:00:00.242764223,0.242764223,0.0,0.0,2298.6294,0.0,0.0,0.0,0.0,0.0,-1.5707964,0.0
1970-01-01 00:00:00.242794480,0.24279448,0.0,0.0,289.13757,0.0,0.0,0.0,0.0,0.0,-1.5707964,0.0
1970-01-01 00:00:00.242917697,0.242917697,0.0,0.0,258.97617,0.0,0.0,0.0,0.0,0.0,-1.5707964,0.0
1970-01-01 00:00:00.242917697,0.242917697,0.0,0.0,0.0,0.0,0.0,254.57912,0.0,0.0,-1.5707964,0.0
1970-01-01 00:00:00.242941696,0.242941696,0.0,0.0,0.0,1324.6085,0.0,0.0,0.0,0.0,-1.5707964,0.0
1970-01-01 00:00:00.242963697,0.242963697,0.0,0.0,221.69814,0.0,0.0,0.0,0.0,0.0,-1.5707964,0.0
1970-01-01 00:00:00.243014837,0.243014837,0.0,0.0,0.0,0.0,147.34113,0.0,0.0,0.0,-1.5707964,0.0
1970-01-01 00:00:00.243023370,0.24302337,0.0,0.0,3633.6895,0.0,0.0,0.0,0.0,0.0,-1.5707964,0.0
1970-01-01 00:00:00.243320849,0.243320849,0.0,0.0,826.31714,0.0,0.0,0.0,0.0,0.0,-1.5707964,0.0
1970-01-01 00:00:00.243405192,0.243405192,508.10458,0.0,0.0,0.0,0.0,0.0,0.0,0.0,-1.5707964,0.0
1970-01-01 00:00:00.243579313,0.243579313,0.0,0.0,438.3305,0.0,0.0,0.0,0.0,0.0,-1.5707964,0.0
1970-01-01 00:00:00.243581444,0.243581444,190.50404,0.0,0.0,0.0,0.0,0.0,0.0,0.0,-1.5707964,0.0
1970-01-01 00:00:00.243601200,0.2436012,0.0,0.0,0.0,0.0,0.0,352.68457,0.0,0.0,-1.5707964,0.0
1970-01-01 00:00:00.243631895,0.243631895,221.0218,0.0,0.0,0.0,0.0,0.0,0.0,0.0,-1.5707964,0.0
1970-01-01 00:00:00.243877146,0.243877146,0.0,0.0,100.45806,0.0,0.0,0.0,0.0,0.0,-1.5707964,0.0
1970-01-01 00:00:00.243943954,0.243943954,0.0,0.0,2442.9836,0.0,0.0,0.0,0.0,0.0,-1.5707964,0.0
1970-01-01 00:00:00.243979128,0.243979128,0.0,0.0,0.0,0.0,0.0,561.7606,0.0,0.0,-1.5707964,0.0
1970-01-01 00:00:00.244080433,0.244080433,0.0,0.0,313.0971,0.0,0.0,0.0,0.0,0.0,-1.5707964,0.0
1970-01-01 00:00:00.244118669,0.244118669,0.0,0.0,1914.6964,0.0,0.0,0.0,0.0,0.0,-1.5707964,0.0
1970-01-01 00:00:00.244216953,0.244216953,0.0,0.0,0.0,0.0,1315.3549,0.0,0.0,0.0,-1.5707964,0.0
1970-01-01 00:00:00.244237107,0.244237107,0.0,0.0,246.08714,0.0,0.0,0.0,0.0,0.0,-1.5707964,0.0
1970-01-01 00:00:00.244321154,0.244321154,0.0,0.0,159.03247,0.0,0.0,0.0,0.0,0.0,-1.5707964,0.0
1970-01-01 00:00:00.244403856,0.244403856,0.0,0.0,174.85413,0.0,0.0,0.0,0.0,0.0,-1.5707964,0.0
1970-01-01 00:00:00.244414089,0.244414089,0.0,0.0,0.0,354.51694,0.0,0.0,0.0,0.0,-1.5707964,0.0
1970-01-01 00:00:00.244471237,0.244471237,0.0,0.0,147.57616,0.0,0.0,0.0,0.0,0.0,-1.5707964,0.0
1970-01-01 00:00:00.244477909,0.244477909,120.94922,0.0,0.0,0.0,0.0,0.0,0.0,0.0,-1.5707964,0.0
1970-01-01 00:00:00.244544957,0.244544957,0.0,0.0,0.0,0.0,0.0,944.9107,0.0,0.0,-1.5707964,0.0
1970-01-01 00:00:00.244571287,0.244571287,0.0,0.0,108.59616,0.0,0.0,0.0,0.0,0.0,-1.5707964,0.0
1970-01-01 00:00:00.244602121,0.244602121,0.0,0.0,1111.2676,0.0,0.0,0.0,0.0,0.0,-1.5707964,0.0
1970-01-01 00:00:00.244654952,0.244654952,0.0,0.0,133.23866,0.0,0.0,0.0,0.0,0.0,-1.5707964,0.0
1970-01-01 00:00:00.244748068,0.244748068,0.0,0.0,114.61327,0.0,0.0,0.0,0.0,0.0,-1.5707964,0.0
1970-01-01 00:00:00.244783623,0.244783623,0.0,0.0,326.84576,0.0,0.0,0.0,0.0,0.0,-1.5707964,0.0
1970-01-01 00:00:00.245043981,0.245043981,0.0,0.0,115.8895,0.0,0.0,0.0,0.0,0.0,-1.5707964,0.0
1970-01-01 00:00:00.245174785,0.245174785,0.0,0.0,295.53806,0.0,0.0,0.0,0.0,0.0,-1.5707964,0.0
1970-01-01 00:00:00.245219676,0.245219676,0.0,0.0,194.55943,0.0,0.0,0.0,0.0,0.0,-1.5707964,0.0
1970-01-01 00:00:00.245322170,0.24532217,0.0,0.0,83.50887,0.0,0.0,0.0,0.0,0.0,-1.5707964,0.0
1970-01-01 00:00:00.245363690,0.24536369,1020.615,0.0,0.0,0.0,0.0,0.0,0.0,0.0,-1.5707964,0.0
1970-01-01 00:00:00.245406360,0.24540636,0.0,0.0,2833.8984,0.0,0.0,0.0,0.0,0.0,-1.5707964,0.0
1970-01-01 00:00:00.245429621,0.245429621,0.0,0.0,0.0,0.0,115.76976,0.0,0.0,0.0,-1.5707964,0.0
1970-01-01 00:00:00.245537327,0.245537327,0.0,0.0,0.0,0.0,347.97217,0.0,0.0,0.0,-1.5707964,0.0
1970-01-01 00:00:00.245610446,0.245610446,0.0,0.0,120.51641,0.0,0.0,0.0,0.0,0.0,-1.5707964,0.0
1970-01-01 00:00:00.245683670,0.24568367,0.0,940.8307,0.0,0.0,0.0,0.0,0.0,0.0,-1.5707964,0.0
1970-01-01 00:00:00.245683670,0.24568367,0.0,0.0,0.0,1202.6523,0.0,0.0,0.0,0.0,-1.5707964,0.0
1970-01-01 00:00:00.245805024,0.245805024,0.0,0.0,338.3412,0.0,0.0,0.0,0.0,0.0,-1.5707964,0.0
1970-01-01 00:00:00.245820902,0.245820902,0.0,0.0,0.0,1144.491,0.0,0.0,0.0,0.0,-1.5707964,0.0
1970-01-01 00:00:00.245852593,0.245852593,0.0,0.0,370.82007,0.0,0.0,0.0,0.0,0.0,-1.5707964,0.0
1970-01-01 00:00:00.245888704,0.245888704,0.0,0.0,0.0,0.0,918.79254,0.0,0.0,0.0,-1.5707964,0.0
1970-01-01 00:00:00.245902250,0.24590225,0.0,0.0,81.99528,0.0,0.0,0.0,0.0,0.0,-1.5707964,0.0
1970-01-01 00:00:00.245934661,0.245934661,0.0,0.0,131.3575,0.0,0.0,0.0,0.0,0.0,-1.5707964,0.0
1970-01-01 00:00:00.246031566,0.246031566,0.0,0.0,0.0,0.0,0.0,269.13934,0.0,0.0,-1.5707964,0.0
1970-01-01 00:00:00.246051191,0.246051191,0.0,0.0,471.5266,0.0,0.0,0.0,0.0,0.0,-1.5707964,0.0
1970-01-01 00:00:00.246125566,0.246125566,0.0,0.0,448.50308,0.0,0.0,0.0,0.0,0.0,-1.5707964,0.0
1970-01-01 00:00:00.246195149,0.246195149,0.0,0.0,0.0,0.0,362.60425,0.0,0.0,0.0,-1.5707964,0.0
1970-01-01 00:00:00.246300744,0.246300744,0.0,0.0,86.78,0.0,0.0,0.0,0.0,0.0,-1.5707964,0.0
1970-01-01 00:00:00.246347196,0.246347196,0.0,0.0,393.2275,0.0,0.0,0.0,0.0,0.0,-1.5707964,0.0
1970-01-01 00:00:00.246457241,0.246457241,0.0,0.0,0.0,0.0,251.07188,0.0,0.0,0.0,-1.5707964,0.0
1970-01-01 00:00:00.246547003,0.246547003,0.0,0.0,0.0,1125.017,0.0,0.0,0.0,0.0,-1.5707964,0.0
1970-01-01 00:00:00.246550969,0.246550969,0.0,0.0,142.03601,0.0,0.0,0.0,0.0,0.0,-1.5707964,0.0
1970-01-01 00:00:00.246567779,0.246567779,0.0,0.0,0.0,0.0,265.99344,0.0,0.0,0.0,-1.5707964,0.0
1970-01-01 00:00:00.246624121,0.246624121,0.0,0.0,546.3494,0.0,0.0,0.0,0.0,0.0,-1.5707964,0.0
1970-01-01 00:00:00.246636604,0.246636604,1493.103,0.0,0.0,0.0,0.0,0.0,0.0,0.0,-1.5707964,0.0
1970-01-01 00:00:00.246663897,0.246663897,0.0,0.0,1619.1199,0.0,0.0,0.0,0.0,0.0,-1.5707964,0.0
1970-01-01 00:00:00.246702260,0.24670226,0.0,0.0,188.30537,0.0,0.0,0.0,0.0,0.0,-1.5707964,0.0
1970-01-01 00:00:00.246741413,0.246741413,0.0,0.0,198.5017,0.0,0.0,0.0,0.0,0.0,-1.5707964,0.0
1970-01-01 00:00:00.246762054,0.246762054,0.0,0.0,158.43181,0.0,0.0,0.0,0.0,0.0,-1.5707964,0.0
1970-01-01 00:00:00.246769883,0.246769883,0.0,0.0,105.45971,0.0,0.0,0.0,0.0,0.0,-1.5707964,0.0
1970-01-01 00:00:00.246891701,0.246891701,0.0,0.0,0.0,0.0,109.73909,0.0,0.0,0.0,-1.5707964,0.0
1970-01-01 00:00:00.247111074,0.247111074,0.0,126.35787,0.0,0.0,0.0,0.0,0.0,0.0,-1.5707964,0.0
1970-01-01 00:00:00.247336573,0.247336573,0.0,0.0,0.0,0.0,705.27716,0.0,0.0,0.0,-1.5707964,0.0
1970-01-01 00:00:00.247648530,0.24764853,0.0,0.0,0.0,0.0,146.08942,0.0,0.0,0.0,-1.5707964,0.0
1970-01-01 00:00:00.247657456,0.247657456,0.0,0.0,856.33545,0.0,0.0,0.0,0.0,0.0,-1.5707964,0.0
1970-01-01 00:00:00.247981222,0.247981222,0.0,0.0,0.0,0.0,156.45091,0.0,0.0,0.0,-1.5707964,0.0
1970-01-01 00:00:00.247981222,0.247981222,0.0,0.0,0.0,0.0,954.28125,0.0,0.0,0.0,-1.5707964,0.0
1970-01-01 00:00:00.248086678,0.248086678,0.0,0.0,804.1222,0.0,0.0,0.0,0.0,0.0,-1.5707964,0.0
1970-01-01 00:00:00.248159783,0.248159783,0.0,0.0,962.8416,0.0,0.0,0.0,0.0,0.0,-1.5707964,0.0
1970-01-01 00:00:00.248211169,0.248211169,0.0,0.0,323.21442,0.0,0.0,0.0,0.0,0.0,-1.5707964,0.0
1970-01-01 00:00:00.248248272,0.248248272,0.0,0.0,91.86337,0.0,0.0,0.0,0.0,0.0,-1.5707964,0.0
1970-01-01 00:00:00.248252646,0.248252646,0.0,0.0,613.3981,0.0,0.0,0.0,0.0,0.0,-1.5707964,0.0
1970-01-01 00:00:00.248252646,0.248252646,0.0,0.0,0.0,0.0,0.0,497.67374,0.0,0.0,-1.5707964,0.0
1970-01-01 00:00:00.248314822,0.248314822,0.0,0.0,101.07432,0.0,0.0,0.0,0.0,0.0,-1.5707964,0.0
1970-01-01 00:00:00.248319654,0.248319654,0.0,374.74203,0.0,0.0,0.0,0.0,0.0,0.0,-1.5707964,0.0
1970-01-01 00:00:00.248358754,0.248358754,834.1374,0.0,0.0,0.0,0.0,0.0,0.0,0.0,-1.5707964,0.0
1970-01-01 00:00:00.248386098,0.248386098,0.0,0.0,1855.5114,0.0,0.0,0.0,0.0,0.0,-1.5707964,0.0
1970-01-01 00:00:00.248743435,0.248743435,0.0,0.0,265.61996,0.0,0.0,0.0,0.0,0.0,-1.5707964,0.0
1970-01-01 00:00:00.248770502,0.248770502,0.0,0.0,95.71496,0.0,0.0,0.0,0.0,0.0,-1.5707964,0.0
1970-01-01 00:00:00.248926186,0.248926186,1365.6241,0.0,0.0,0.0,0.0,0.0,0.0,0.0,-1.5707964,0.0
1970-01-01 00:00:00.248994213,0.248994213,0.0,0.0,163.16275,0.0,0.0,0.0,0.0,0.0,-1.5707964,0.0
1970-01-01 00:00:00.248998839,0.248998839,0.0,0.0,0.0,0.0,0.0,108.192604,0.0,0.0,-1.5707964,0.0
1970-01-01 00:00:00.249252176,0.249252176,0.0,0.0,0.0,0.0,0.0,416.73544,0.0,0.0,-1.5707964,0.0
1970-01-01 00:00:00.249410802,0.249410802,0.0,0.0,0.0,313.35522,0.0,0.0,0.0,0.0,-1.5707964,0.0
1970-01-01 00:00:00.249425235,0.249425235,0.0,343.433,0.0,0.0,0.0,0.0,0.0,0.0,-1.5707964,0.0
1970-01-01 00:00:00.249448903,0.249448903,0.0,0.0,195.04622,0.0,0.0,0.0,0.0,0.0,-1.5707964,0.0
1970-01-01 00:00:00.249464703,0.249464703,446.12454,0.0,0.0,0.0,0.0,0.0,0.0,0.0,-1.5707964,0.0
1970-01-01 00:00:00.249600699,0.249600699,0.0,0.0,0.0,0.0,605.9515,0.0,0.0,0.0,-1.5707964,0.0
1970-01-01 00:00:00.249733920,0.24973392,0.0,0.0,336.90167,0.0,0.0,0.0,0.0,0.0,-1.5707964,0.0
1970-01-01 00:00:00.249781331,0.249781331,0.0,0.0,110.195984,0.0,0.0,0.0,0.0,0.0,-1.5707964,0.0
1970-01-01 00:00:00.249801035,0.249801035,0.0,0.0,2707.3972,0.0,0.0,0.0,0.0,0.0,-1.5707964,0.0
1970-01-01 00:00:00.249831026,0.249831026,0.0,0.0,103.5139,0.0,0.0,0.0,0.0,0.0,-1.5707964,0.0
1970-01-01 00:00:00.250115386,0.250115386,0.0,0.0,636.0862,0.0,0.0,0.0,0.0,0.0,-1.5707964,0.0
1970-01-01 00:00:00.250122306,0.250122306,0.0,0.0,87.69562,0.0,0.0,0.0,0.0,0.0,-1.5707964,0.0
1970-01-01 00:00:00.250158163,0.250158163,0.0,0.0,263.91037,0.0,0.0,0.0,0.0,0.0,-1.5707964,0.0
1970-01-01 00:00:00.250257560,0.25025756,0.0,0.0,184.69977,0.0,0.0,0.0,0.0,0.0,-1.5707964,0.0
1970-01-01 00:00:00.250460497,0.250460497,0.0,0.0,0.0,0.0,0.0,86.19534,0.0,0.0,-1.5707964,0.0
1970-01-01 00:00:00.250460497,0.250460497,0.0,0.0,0.0,876.6116,0.0,0.0,0.0,0.0,-1.5707964,0.0
1970-01-01 00:00:00.250516055,0.250516055,0.0,0.0,0.0,0.0,0.0,252.50342,0.0,0.0,-1.5707964,0.0
1970-01-01 00:00:00.250576613,0.250576613,0.0,0.0,396.84787,0.0,0.0,0.0,0.0,0.0,-1.5707964,0.0
1970-01-01 00:00:00.250758607,0.250758607,0.0,0.0,1402.5962,0.0,0.0,0.0,0.0,0.0,-1.5707964,0.0
1970-01-01 00:00:00.250763440,0.250763441,0.0,0.0,333.50827,0.0,0.0,0.0,0.0,0.0,-1.5707964,0.0
1970-01-01 00:00:00.250771102,0.250771102,0.0,0.0,114.75604,0.0,0.0,0.0,0.0,0.0,-1.5707964,0.0
1970-01-01 00:00:00.250851973,0.250851974,0.0,0.0,149.5909,0.0,0.0,0.0,0.0,0.0,-1.5707964,0.0
1970-01-01 00:00:00.250911212,0.250911212,0.0,0.0,0.0,0.0,0.0,165.99821,0.0,0.0,-1.5707964,0.0
1970-01-01 00:00:00.250932710,0.250932711,0.0,0.0,213.4576,0.0,0.0,0.0,0.0,0.0,-1.5707964,0.0
1970-01-01 00:00:00.250943521,0.250943521,0.0,0.0,648.44214,0.0,0.0,0.0,0.0,0.0,-1.5707964,0.0
1970-01-01 00:00:00.251054739,0.251054739,101.748146,0.0,0.0,0.0,0.0,0.0,0.0,0.0,-1.5707964,0.0
1970-01-01 00:00:00.251246548,0.251246548,0.0,0.0,453.46292,0.0,0.0,0.0,0.0,0.0,-1.5707964,0.0
1970-01-01 00:00:00.251346400,0.2513464,0.0,0.0,0.0,0.0,0.0,138.99037,0.0,0.0,-1.5707964,0.0
1970-01-01 00:00:00.251397929,0.251397929,0.0,0.0,1346.6976,0.0,0.0,0.0,0.0,0.0,-1.5707964,0.0
1970-01-01 00:00:00.251501305,0.251501305,0.0,0.0,0.0,0.0,0.0,1042.9001,0.0,0.0,-1.5707964,0.0
1970-01-01 00:00:00.251504481,0.251504482,0.0,0.0,359.35886,0.0,0.0,0.0,0.0,0.0,-1.5707964,0.0
1970-01-01 00:00:00.251862706,0.251862706,0.0,0.0,0.0,395.8659,0.0,0.0,0.0,0.0,-1.5707964,0.0
1970-01-01 00:00:00.251962456,0.251962457,0.0,0.0,177.74033,0.0,0.0,0.0,0.0,0.0,-1.5707964,0.0
1970-01-01 00:00:00.252044341,0.252044341,0.0,0.0,0.0,0.0,365.0012,0.0,0.0,0.0,-1.5707964,0.0
1970-01-01 00:00:00.252044341,0.252044341,150.24005,0.0,0.0,0.0,0.0,0.0,0.0,0.0,-1.5707964,0.0
1970-01-01 00:00:00.252130132,0.252130132,0.0,0.0,434.4448,0.0,0.0,0.0,0.0,0.0,-1.5707964,0.0
1970-01-01 00:00:00.252141094,0.252141095,0.0,0.0,266.2561,0.0,0.0,0.0,0.0,0.0,-1.5707964,0.0
1970-01-01 00:00:00.252242639,0.252242639,0.0,0.0,240.32976,0.0,0.0,0.0,0.0,0.0,-1.5707964,0.0
1970-01-01 00:00:00.252242639,0.252242639,0.0,0.0,188.10564,0.0,0.0,0.0,0.0,0.0,-1.5707964,0.0
1970-01-01 00:00:00.252369867,0.252369867,0.0,0.0,650.03296,0.0,0.0,0.0,0.0,0.0,-1.5707964,0.0
1970-01-01 00:00:00.252458636,0.252458636,0.0,0.0,283.65012,0.0,0.0,0.0,0.0,0.0,-1.5707964,0.0
1970-01-01 00:00:00.252484692,0.252484692,0.0,0.0,156.94989,0.0,0.0,0.0,0.0,0.0,-1.5707964,0.0
1970-01-01 00:00:00.252536620,0.25253662,0.0,0.0,0.0,0.0,0.0,320.7911,0.0,0.0,-1.5707964,0.0
1970-01-01 00:00:00.252723917,0.252723917,0.0,0.0,796.8065,0.0,0.0,0.0,0.0,0.0,-1.5707964,0.0
1970-01-01 00:00:00.252852772,0.252852772,0.0,0.0,529.1706,0.0,0.0,0.0,0.0,0.0,-1.5707964,0.0
1970-01-01 00:00:00.252859914,0.252859914,0.0,105.06714,0.0,0.0,0.0,0.0,0.0,0.0,-1.5707964,0.0
1970-01-01 00:00:00.252860664,0.252860664,0.0,0.0,2240.0789,0.0,0.0,0.0,0.0,0.0,-1.5707964,0.0
1970-01-01 00:00:00.252885095,0.252885096,0.0,0.0,0.0,0.0,91.19441,0.0,0.0,0.0,-1.5707964,0.0
1970-01-01 00:00:00.252911200,0.252911201,0.0,0.0,114.70089,0.0,0.0,0.0,0.0,0.0,-1.5707964,0.0
1970-01-01 00:00:00.252960951,0.252960951,0.0,0.0,548.2484,0.0,0.0,0.0,0.0,0.0,-1.5707964,0.0
1970-01-01 00:00:00.253299180,0.253299181,0.0,0.0,607.51605,0.0,0.0,0.0,0.0,0.0,-1.5707964,0.0
1970-01-01 00:00:00.253331919,0.253331919,0.0,0.0,148.98424,0.0,0.0,0.0,0.0,0.0,-1.5707964,0.0
1970-01-01 00:00:00.253367291,0.253367291,0.0,0.0,279.552,0.0,0.0,0.0,0.0,0.0,-1.5707964,0.0
1970-01-01 00:00:00.253383980,0.253383981,0.0,0.0,0.0,0.0,302.2277,0.0,0.0,0.0,-1.5707964,0.0
1970-01-01 00:00:00.253714141,0.253714142,0.0,0.0,3021.385,0.0,0.0,0.0,0.0,0.0,-1.5707964,0.0
1970-01-01 00:00:00.253775606,0.253775606,0.0,0.0,0.0,0.0,0.0,423.4348,0.0,0.0,-1.5707964,0.0
1970-01-01 00:00:00.253799017,0.253799017,0.0,0.0,523.0853,0.0,0.0,0.0,0.0,0.0,-1.5707964,0.0
1970-01-01 00:00:00.253820443,0.253820443,0.0,0.0,0.0,0.0,0.0,965.1904,0.0,0.0,-1.5707964,0.0
1970-01-01 00:00:00.253821257,0.253821257,0.0,0.0,0.0,670.1428,0.0,0.0,0.0,0.0,-1.5707964,0.0
1970-01-01 00:00:00.253825223,0.253825223,0.0,0.0,0.0,0.0,99.600624,0.0,0.0,0.0,-1.5707964,0.0
1970-01-01 00:00:00.253931988,0.253931988,0.0,0.0,116.89903,0.0,0.0,0.0,0.0,0.0,-1.5707964,0.0
1970-01-01 00:00:00.254042640,0.25404264,0.0,430.2194,0.0,0.0,0.0,0.0,0.0,0.0,-1.5707964,0.0
1970-01-01 00:00:00.254052216,0.254052216,0.0,0.0,215.06412,0.0,0.0,0.0,0.0,0.0,-1.5707964,0.0
1970-01-01 00:00:00.254167692,0.254167693,0.0,0.0,1523.9204,0.0,0.0,0.0,0.0,0.0,-1.5707964,0.0
1970-01-01 00:00:00.254167788,0.254167788,0.0,0.0,0.0,0.0,321.7905,0.0,0.0,0.0,-1.5707964,0.0
1970-01-01 00:00:00.254172237,0.254172237,0.0,0.0,0.0,0.0,471.84064,0.0,0.0,0.0,-1.5707964,0.0
1970-01-01 00:00:00.254182314,0.254182314,0.0,0.0,280.95343,0.0,0.0,0.0,0.0,0.0,-1.5707964,0.0
1970-01-01 00:00:00.254293021,0.254293021,0.0,0.0,816.5257,0.0,0.0,0.0,0.0,0.0,-1.5707964,0.0
1970-01-01 00:00:00.254356566,0.254356566,0.0,0.0,121.5988,0.0,0.0,0.0,0.0,0.0,-1.5707964,0.0
1970-01-01 00:00:00.254463647,0.254463647,0.0,0.0,89.206726,0.0,0.0,0.0,0.0,0.0,-1.5707964,0.0
1970-01-01 00:00:00.254601187,0.254601188,1055.1125,0.0,0.0,0.0,0.0,0.0,0.0,0.0,-1.5707964,0.0
1970-01-01 00:00:00.254859518,0.254859518,0.0,0.0,0.0,0.0,88.809906,0.0,0.0,0.0,-1.5707964,0.0
1970-01-01 00:00:00.254889880,0.25488988,0.0,0.0,0.0,0.0,215.12276,0.0,0.0,0.0,-1.5707964,0.0
1970-01-01 00:00:00.255011370,0.25501137,0.0,0.0,823.299,0.0,0.0,0.0,0.0,0.0,-1.5707964,0.0
1970-01-01 00:00:00.255072327,0.255072327,0.0,0.0,0.0,0.0,741.955,0.0,0.0,0.0,-1.5707964,0.0
1970-01-01 00:00:00.255318108,0.255318108,0.0,0.0,1094.4062,0.0,0.0,0.0,0.0,0.0,-1.5707964,0.0
1970-01-01 00:00:00.255644278,0.255644279,0.0,0.0,193.57753,0.0,0.0,0.0,0.0,0.0,-1.5707964,0.0
1970-01-01 00:00:00.255725296,0.255725296,0.0,0.0,819.9835,0.0,0.0,0.0,0.0,0.0,-1.5707964,0.0
1970-01-01 00:00:00.255927210,0.25592721,0.0,0.0,0.0,847.4968,0.0,0.0,0.0,0.0,-1.5707964,0.0
1970-01-01 00:00:00.255967029,0.255967029,382.83636,0.0,0.0,0.0,0.0,0.0,0.0,0.0,-1.5707964,0.0
1970-01-01 00:00:00.255968858,0.255968858,0.0,0.0,135.89828,0.0,0.0,0.0,0.0,0.0,-1.5707964,0.0
1970-01-01 00:00:00.256071647,0.256071648,0.0,0.0,293.39264,0.0,0.0,0.0,0.0,0.0,-1.5707964,0.0
1970-01-01 00:00:00.256075300,0.2560753,0.0,0.0,483.45798,0.0,0.0,0.0,0.0,0.0,-1.5707964,0.0
1970-01-01 00:00:00.256094849,0.256094849,0.0,0.0,0.0,0.0,0.0,1361.8359,0.0,0.0,-1.5707964,0.0
1970-01-01 00:00:00.256094849,0.256094849,0.0,0.0,0.0,0.0,0.0,542.7295,0.0,0.0,-1.5707964,0.0
1970-01-01 00:00:00.256124587,0.256124587,0.0,0.0,0.0,196.64372,0.0,0.0,0.0,0.0,-1.5707964,0.0
1970-01-01 00:00:00.256132464,0.256132465,0.0,0.0,231.84967,0.0,0.0,0.0,0.0,0.0,-1.5707964,0.0
1970-01-01 00:00:00.256256974,0.256256974,0.0,0.0,0.0,0.0,0.0,151.06216,0.0,0.0,-1.5707964,0.0
1970-01-01 00:00:00.256582676,0.256582676,0.0,0.0,207.37154,0.0,0.0,0.0,0.0,0.0,-1.5707964,0.0
1970-01-01 00:00:00.256727410,0.25672741,149.32495,0.0,0.0,0.0,0.0,0.0,0.0,0.0,-1.5707964,0.0
1970-01-01 00:00:00.256727410,0.25672741,84.11153,0.0,0.0,0.0,0.0,0.0,0.0,0.0,-1.5707964,0.0
1970-01-01 00:00:00.256811809,0.256811809,292.96716,0.0,0.0,0.0,0.0,0.0,0.0,0.0,-1.5707964,0.0
1970-01-01 00:00:00.256968395,0.256968395,0.0,0.0,309.06787,0.0,0.0,0.0,0.0,0.0,-1.5707964,0.0
1970-01-01 00:00:00.257044500,0.257044501,0.0,0.0,233.378,0.0,0.0,0.0,0.0,0.0,-1.5707964,0.0
1970-01-01 00:00:00.257070151,0.257070151,0.0,0.0,0.0,0.0,0.0,269.79022,0.0,0.0,-1.5707964,0.0
1970-01-01 00:00:00.257103335,0.257103335,0.0,0.0,0.0,0.0,0.0,110.35521,0.0,0.0,-1.5707964,0.0
1970-01-01 00:00:00.257142029,0.257142029,0.0,0.0,110.767105,0.0,0.0,0.0,0.0,0.0,-1.5707964,0.0
1970-01-01 00:00:00.257161103,0.257161104,0.0,0.0,206.15497,0.0,0.0,0.0,0.0,0.0,-1.5707964,0.0
1970-01-01 00:00:00.257181657,0.257181657,0.0,0.0,244.302,0.0,0.0,0.0,0.0,0.0,-1.5707964,0.0
1970-01-01 00:00:00.257268479,0.257268479,0.0,0.0,152.00195,0.0,0.0,0.0,0.0,0.0,-1.5707964,0.0
1970-01-01 00:00:00.257380539,0.257380539,0.0,0.0,136.18918,0.0,0.0,0.0,0.0,0.0,-1.5707964,0.0
1970-01-01 00:00:00.257396843,0.257396843,0.0,0.0,89.94929,0.0,0.0,0.0,0.0,0.0,-1.5707964,0.0
1970-01-01 00:00:00.257452326,0.257452326,0.0,0.0,706.6511,0.0,0.0,0.0,0.0,0.0,-1.5707964,0.0
1970-01-01 00:00:00.257558883,0.257558883,205.67917,0.0,0.0,0.0,0.0,0.0,0.0,0.0,-1.5707964,0.0
1970-01-01 00:00:00.257558883,0.257558883,0.0,0.0,0.0,0.0,0.0,86.553665,0.0,0.0,-1.5707964,0.0
1970-01-01 00:00:00.257574531,0.257574531,0.0,0.0,0.0,0.0,0.0,84.07611,0.0,0.0,-1.5707964,0.0
1970-01-01 00:00:00.257614944,0.257614944,0.0,0.0,911.3294,0.0,0.0,0.0,0.0,0.0,-1.5707964,0.0
1970-01-01 00:00:00.257950992,0.257950992,0.0,0.0,100.52297,0.0,0.0,0.0,0.0,0.0,-1.5707964,0.0
1970-01-01 00:00:00.258039039,0.258039039,0.0,0.0,584.9694,0.0,0.0,0.0,0.0,0.0,-1.5707964,0.0
1970-01-01 00:00:00.258171209,0.258171209,0.0,0.0,86.98775,0.0,0.0,0.0,0.0,0.0,-1.5707964,0.0
1970-01-01 00:00:00.258202362,0.258202362,0.0,0.0,647.01294,0.0,0.0,0.0,0.0,0.0,-1.5707964,0.0
1970-01-01 00:00:00.258339100,0.2583391,433.01987,0.0,0.0,0.0,0.0,0.0,0.0,0.0,-1.5707964,0.0
1970-01-01 00:00:00.258521180,0.25852118,0.0,0.0,103.13131,0.0,0.0,0.0,0.0,0.0,-1.5707964,0.0
1970-01-01 00:00:00.258641238,0.258641238,0.0,0.0,399.66614,0.0,0.0,0.0,0.0,0.0,-1.5707964,0.0
1970-01-01 00:00:00.258813428,0.258813429,0.0,0.0,525.8762,0.0,0.0,0.0,0.0,0.0,-1.5707964,0.0
1970-01-01 00:00:00.258813587,0.258813588,0.0,0.0,0.0,0.0,1268.7102,0.0,0.0,0.0,-1.5707964,0.0
1970-01-01 00:00:00.258913249,0.25891325,0.0,0.0,86.49908,0.0,0.0,0.0,0.0,0.0,-1.5707964,0.0
1970-01-01 00:00:00.258913249,0.25891325,0.0,0.0,244.92152,0.0,0.0,0.0,0.0,0.0,-1.5707964,0.0
1970-01-01 00:00:00.258953481,0.258953481,0.0,0.0,301.623,0.0,0.0,0.0,0.0,0.0,-1.5707964,0.0
1970-01-01 00:00:00.258960083,0.258960084,0.0,0.0,177.20009,0.0,0.0,0.0,0.0,0.0,-1.5707964,0.0
1970-01-01 00:00:00.259076179,0.259076179,0.0,370.0736,0.0,0.0,0.0,0.0,0.0,0.0,-1.5707964,0.0
1970-01-01 00:00:00.259298796,0.259298796,0.0,0.0,161.02573,0.0,0.0,0.0,0.0,0.0,-1.5707964,0.0
1970-01-01 00:00:00.259300448,0.259300448,0.0,0.0,0.0,0.0,0.0,273.37152,0.0,0.0,-1.5707964,0.0
1970-01-01 00:00:00.259339099,0.259339099,0.0,0.0,635.26874,0.0,0.0,0.0,0.0,0.0,-1.5707964,0.0
1970-01-01 00:00:00.259471618,0.259471618,0.0,0.0,809.17456,0.0,0.0,0.0,0.0,0.0,-1.5707964,0.0
1970-01-01 00:00:00.259506140,0.25950614,0.0,0.0,388.91156,0.0,0.0,0.0,0.0,0.0,-1.5707964,0.0
1970-01-01 00:00:00.259562603,0.259562603,0.0,0.0,5698.086,0.0,0.0,0.0,0.0,0.0,-1.5707964,0.0
1970-01-01 00:00:00.259709524,0.259709524,0.0,0.0,233.00914,0.0,0.0,0.0,0.0,0.0,-1.5707964,0.0
1970-01-01 00:00:00.259876993,0.259876993,0.0,0.0,0.0,0.0,0.0,912.15656,0.0,0.0,-1.5707964,0.0
1970-01-01 00:00:00.260032949,0.260032949,0.0,0.0,638.40936,0.0,0.0,0.0,0.0,0.0,-1.5707964,0.0
1970-01-01 00:00:00.260105580,0.260105581,0.0,0.0,644.5154,0.0,0.0,0.0,0.0,0.0,-1.5707964,0.0
1970-01-01 00:00:00.260279037,0.260279037,0.0,0.0,442.12683,0.0,0.0,0.0,0.0,0.0,-1.5707964,0.0
1970-01-01 00:00:00.260296525,0.260296525,0.0,0.0,97.01048,0.0,0.0,0.0,0.0,0.0,-1.5707964,0.0
1970-01-01 00:00:00.260359832,0.260359833,0.0,0.0,0.0,0.0,0.0,99.8817,0.0,0.0,-1.5707964,0.0
1970-01-01 00:00:00.260515924,0.260515925,0.0,0.0,245.7889,0.0,0.0,0.0,0.0,0.0,-1.5707964,0.0
1970-01-01 00:00:00.260564631,0.260564631,0.0,0.0,277.93973,0.0,0.0,0.0,0.0,0.0,-1.5707964,0.0
1970-01-01 00:00:00.260896187,0.260896188,119.384155,0.0,0.0,0.0,0.0,0.0,0.0,0.0,-1.5707964,0.0
1970-01-01 00:00:00.260993364,0.260993365,0.0,0.0,0.0,0.0,256.79462,0.0,0.0,0.0,-1.5707964,0.0
1970-01-01 00:00:00.261034671,0.261034671,0.0,0.0,125.58115,0.0,0.0,0.0,0.0,0.0,-1.5707964,0.0
1970-01-01 00:00:00.261239763,0.261239763,0.0,0.0,0.0,0.0,91.23036,0.0,0.0,0.0,-1.5707964,0.0
1970-01-01 00:00:00.261291453,0.261291453,0.0,0.0,300.4772,0.0,0.0,0.0,0.0,0.0,-1.5707964,0.0
1970-01-01 00:00:00.261315798,0.261315798,0.0,0.0,233.86356,0.0,0.0,0.0,0.0,0.0,-1.5707964,0.0
1970-01-01 00:00:00.261363504,0.261363504,0.0,0.0,144.59822,0.0,0.0,0.0,0.0,0.0,-1.5707964,0.0
1970-01-01 00:00:00.261363504,0.261363504,0.0,0.0,0.0,0.0,592.55786,0.0,0.0,0.0,-1.5707964,0.0
1970-01-01 00:00:00.261471950,0.26147195,0.0,0.0,127.969574,0.0,0.0,0.0,0.0,0.0,-1.5707964,0.0
1970-01-01 00:00:00.261557827,0.261557827,0.0,0.0,0.0,0.0,0.0,396.86618,0.0,0.0,-1.5707964,0.0
1970-01-01 00:00:00.261722568,0.261722568,0.0,0.0,1275.7267,0.0,0.0,0.0,0.0,0.0,-1.5707964,0.0
1970-01-01 00:00:00.261904666,0.261904667,0.0,0.0,226.68135,0.0,0.0,0.0,0.0,0.0,-1.5707964,0.0
1970-01-01 00:00:00.261918951,0.261918951,0.0,0.0,0.0,153.45848,0.0,0.0,0.0,0.0,-1.5707964,0.0
1970-01-01 00:00:00.262064887,0.262064887,0.0,0.0,583.0225,0.0,0.0,0.0,0.0,0.0,-1.5707964,0.0
1970-01-01 00:00:00.262150689,0.262150689,256.2289,0.0,0.0,0.0,0.0,0.0,0.0,0.0,-1.5707964,0.0
1970-01-01 00:00:00.262241675,0.262241675,0.0,0.0,0.0,0.0,721.3995,0.0,0.0,0.0,-1.5707964,0.0
1970-01-01 00:00:00.262523642,0.262523643,0.0,0.0,0.0,126.178444,0.0,0.0,0.0,0.0,-1.5707964,0.0
1970-01-01 00:00:00.262662301,0.262662301,0.0,416.4512,0.0,0.0,0.0,0.0,0.0,0.0,-1.5707964,0.0
1970-01-01 00:00:00.262695442,0.262695443,181.60327,0.0,0.0,0.0,0.0,0.0,0.0,0.0,-1.5707964,0.0
1970-01-01 00:00:00.262802366,0.262802366,0.0,0.0,0.0,0.0,150.12888,0.0,0.0,0.0,-1.5707964,0.0
1970-01-01 00:00:00.262819980,0.26281998,356.54645,0.0,0.0,0.0,0.0,0.0,0.0,0.0,-1.5707964,0.0
1970-01-01 00:00:00.262899474,0.262899474,0.0,0.0,330.05615,0.0,0.0,0.0,0.0,0.0,-1.5707964,0.0
1970-01-01 00:00:00.262936536,0.262936536,0.0,0.0,124.35594,0.0,0.0,0.0,0.0,0.0,-1.5707964,0.0
1970-01-01 00:00:00.262946732,0.262946732,0.0,0.0,709.42285,0.0,0.0,0.0,0.0,0.0,-1.5707964,0.0
1970-01-01 00:00:00.262954823,0.262954823,406.12738,0.0,0.0,0.0,0.0,0.0,0.0,0.0,-1.5707964,0.0
1970-01-01 00:00:00.262976043,0.262976043,0.0,0.0,1591.87,0.0,0.0,0.0,0.0,0.0,-1.5707964,0.0
1970-01-01 00:00:00.263025664,0.263025664,0.0,0.0,196.53937,0.0,0.0,0.0,0.0,0.0,-1.5707964,0.0
1970-01-01 00:00:00.263027530,0.26302753,0.0,0.0,112.0564,0.0,0.0,0.0,0.0,0.0,-1.5707964,0.0
1970-01-01 00:00:00.263040839,0.263040839,0.0,0.0,187.97522,0.0,0.0,0.0,0.0,0.0,-1.5707964,0.0
1970-01-01 00:00:00.263074040,0.263074041,0.0,1220.4896,0.0,0.0,0.0,0.0,0.0,0.0,-1.5707964,0.0
1970-01-01 00:00:00.263176858,0.263176858,0.0,0.0,234.97383,0.0,0.0,0.0,0.0,0.0,-1.5707964,0.0
1970-01-01 00:00:00.263182340,0.26318234,0.0,0.0,162.14429,0.0,0.0,0.0,0.0,0.0,-1.5707964,0.0
1970-01-01 00:00:00.263328220,0.263328221,0.0,0.0,139.38434,0.0,0.0,0.0,0.0,0.0,-1.5707964,0.0
1970-01-01 00:00:00.263349357,0.263349357,576.292,0.0,0.0,0.0,0.0,0.0,0.0,0.0,-1.5707964,0.0
1970-01-01 00:00:00.263400181,0.263400181,0.0,0.0,0.0,0.0,0.0,404.22958,0.0,0.0,-1.5707964,0.0
1970-01-01 00:00:00.263512528,0.263512528,0.0,0.0,100.18143,0.0,0.0,0.0,0.0,0.0,-1.5707964,0.0
1970-01-01 00:00:00.263570275,0.263570275,0.0,174.27124,0.0,0.0,0.0,0.0,0.0,0.0,-1.5707964,0.0
1970-01-01 00:00:00.263732849,0.263732849,0.0,0.0,180.49037,0.0,0.0,0.0,0.0,0.0,-1.5707964,0.0
1970-01-01 00:00:00.263803299,0.263803299,0.0,0.0,118.46746,0.0,0.0,0.0,0.0,0.0,-1.5707964,0.0
1970-01-01 00:00:00.263825529,0.263825529,0.0,0.0,161.24005,0.0,0.0,0.0,0.0,0.0,-1.5707964,0.0
1970-01-01 00:00:00.263922038,0.263922038,0.0,0.0,250.38824,0.0,0.0,0.0,0.0,0.0,-1.5707964,0.0
1970-01-01 00:00:00.264111431,0.264111432,0.0,0.0,0.0,0.0,589.7122,0.0,0.0,0.0,-1.5707964,0.0
1970-01-01 00:00:00.264183838,0.264183838,0.0,0.0,349.02048,0.0,0.0,0.0,0.0,0.0,-1.5707964,0.0
1970-01-01 00:00:00.264412268,0.264412268,0.0,0.0,111.23242,0.0,0.0,0.0,0.0,0.0,-1.5707964,0.0
1970-01-01 00:00:00.264452990,0.26445299,0.0,0.0,740.95984,0.0,0.0,0.0,0.0,0.0,-1.5707964,0.0
1970-01-01 00:00:00.264490010,0.26449001,0.0,0.0,230.86807,0.0,0.0,0.0,0.0,0.0,-1.5707964,0.0
1970-01-01 00:00:00.264561851,0.264561851,0.0,0.0,207.68315,0.0,0.0,0.0,0.0,0.0,-1.5707964,0.0
1970-01-01 00:00:00.264564397,0.264564397,0.0,0.0,0.0,0.0,0.0,238.39406,0.0,0.0,-1.5707964,0.0
1970-01-01 00:00:00.264587746,0.264587747,0.0,0.0,0.0,0.0,309.08945,0.0,0.0,0.0,-1.5707964,0.0
1970-01-01 00:00:00.264710769,0.264710769,0.0,0.0,96.54337,0.0,0.0,0.0,0.0,0.0,-1.5707964,0.0
1970-01-01 00:00:00.264833109,0.26483311,0.0,0.0,109.79011,0.0,0.0,0.0,0.0,0.0,-1.5707964,0.0
1970-01-01 00:00:00.264840941,0.264840941,0.0,0.0,255.37996,0.0,0.0,0.0,0.0,0.0,-1.5707964,0.0
1970-01-01 00:00:00.264905443,0.264905443,0.0,0.0,151.13873,0.0,0.0,0.0,0.0,0.0,-1.5707964,0.0
1970-01-01 00:00:00.265163507,0.265163507,540.6335,0.0,0.0,0.0,0.0,0.0,0.0,0.0,-1.5707964,0.0
1970-01-01 00:00:00.265180205,0.265180205,0.0,0.0,991.6406,0.0,0.0,0.0,0.0,0.0,-1.5707964,0.0
1970-01-01 00:00:00.265339934,0.265339934,0.0,0.0,1359.5479,0.0,0.0,0.0,0.0,0.0,-1.5707964,0.0
1970-01-01 00:00:00.265403961,0.265403961,0.0,0.0,0.0,0.0,80.05351,0.0,0.0,0.0,-1.5707964,0.0
1970-01-01 00:00:00.265450360,0.26545036,0.0,0.0,0.0,0.0,243.7503,0.0,0.0,0.0,-1.5707964,0.0
1970-01-01 00:00:00.265461127,0.265461127,0.0,0.0,80.397766,0.0,0.0,0.0,0.0,0.0,-1.5707964,0.0
1970-01-01 00:00:00.265505341,0.265505342,142.21774,0.0,0.0,0.0,0.0,0.0,0.0,0.0,-1.5707964,0.0
1970-01-01 00:00:00.265565094,0.265565094,0.0,0.0,0.0,119.05391,0.0,0.0,0.0,0.0,-1.5707964,0.0
1970-01-01 00:00:00.265602320,0.26560232,0.0,0.0,1572.253,0.0,0.0,0.0,0.0,0.0,-1.5707964,0.0
1970-01-01 00:00:00.265777060,0.26577706,0.0,0.0,0.0,0.0,594.9127,0.0,0.0,0.0,-1.5707964,0.0
1970-01-01 00:00:00.265802274,0.265802275,0.0,0.0,0.0,0.0,0.0,804.9908,0.0,0.0,-1.5707964,0.0
1970-01-01 00:00:00.265963179,0.265963179,0.0,0.0,629.9066,0.0,0.0,0.0,0.0,0.0,-1.5707964,0.0
1970-01-01 00:00:00.266066839,0.266066839,0.0,0.0,139.09013,0.0,0.0,0.0,0.0,0.0,-1.5707964,0.0
1970-01-01 00:00:00.266096661,0.266096662,0.0,0.0,138.7621,0.0,0.0,0.0,0.0,0.0,-1.5707964,0.0
1970-01-01 00:00:00.266151433,0.266151433,0.0,0.0,121.99456,0.0,0.0,0.0,0.0,0.0,-1.5707964,0.0
1970-01-01 00:00:00.266171047,0.266171047,0.0,0.0,2109.5933,0.0,0.0,0.0,0.0,0.0,-1.5707964,0.0
1970-01-01 00:00:00.266217119,0.266217119,243.10768,0.0,0.0,0.0,0.0,0.0,0.0,0.0,-1.5707964,0.0
1970-01-01 00:00:00.266237003,0.266237003,310.8315,0.0,0.0,0.0,0.0,0.0,0.0,0.0,-1.5707964,0.0
1970-01-01 00:00:00.266363287,0.266363288,0.0,0.0,743.6102,0.0,0.0,0.0,0.0,0.0,-1.5707964,0.0
1970-01-01 00:00:00.266462494,0.266462494,0.0,0.0,559.9185,0.0,0.0,0.0,0.0,0.0,-1.5707964,0.0
1970-01-01 00:00:00.266480227,0.266480227,0.0,0.0,0.0,1005.25977,0.0,0.0,0.0,0.0,-1.5707964,0.0
1970-01-01 00:00:00.266691520,0.26669152,0.0,94.52073,0.0,0.0,0.0,0.0,0.0,0.0,-1.5707964,0.0
1970-01-01 00:00:00.266745583,0.266745583,0.0,0.0,0.0,0.0,1932.6487,0.0,0.0,0.0,-1.5707964,0.0
1970-01-01 00:00:00.266878165,0.266878165,0.0,0.0,2081.2634,0.0,0.0,0.0,0.0,0.0,-1.5707964,0.0
1970-01-01 00:00:00.266948251,0.266948251,0.0,0.0,162.32883,0.0,0.0,0.0,0.0,0.0,-1.5707964,0.0
1970-01-01 00:00:00.267024787,0.267024787,0.0,0.0,627.5109,0.0,0.0,0.0,0.0,0.0,-1.5707964,0.0
1970-01-01 00:00:00.267041896,0.267041897,0.0,0.0,155.60014,0.0,0.0,0.0,0.0,0.0,-1.5707964,0.0
1970-01-01 00:00:00.267104224,0.267104225,0.0,0.0,113.047874,0.0,0.0,0.0,0.0,0.0,-1.5707964,0.0
1970-01-01 00:00:00.267266371,0.267266372,0.0,0.0,286.76978,0.0,0.0,0.0,0.0,0.0,-1.5707964,0.0
1970-01-01 00:00:00.267317835,0.267317836,0.0,0.0,160.01035,0.0,0.0,0.0,0.0,0.0,-1.5707964,0.0
1970-01-01 00:00:00.267503740,0.26750374,0.0,0.0,0.0,0.0,0.0,189.70576,0.0,0.0,-1.5707964,0.0
1970-01-01 00:00:00.267554438,0.267554439,361.99698,0.0,0.0,0.0,0.0,0.0,0.0,0.0,-1.5707964,0.0
1970-01-01 00:00:00.267652830,0.267652831,0.0,0.0,202.11926,0.0,0.0,0.0,0.0,0.0,-1.5707964,0.0
1970-01-01 00:00:00.267806950,0.26780695,2283.3213,0.0,0.0,0.0,0.0,0.0,0.0,0.0,-1.5707964,0.0
1970-01-01 00:00:00.267848215,0.267848215,0.0,0.0,1283.0253,0.0,0.0,0.0,0.0,0.0,-1.5707964,0.0
1970-01-01 00:00:00.268057867,0.268057868,0.0,0.0,110.05465,0.0,0.0,0.0,0.0,0.0,-1.5707964,0.0
1970-01-01 00:00:00.268113844,0.268113844,0.0,0.0,82.72929,0.0,0.0,0.0,0.0,0.0,-1.5707964,0.0
1970-01-01 00:00:00.268245173,0.268245174,0.0,0.0,388.17496,0.0,0.0,0.0,0.0,0.0,-1.5707964,0.0
1970-01-01 00:00:00.268304245,0.268304245,0.0,0.0,213.61508,0.0,0.0,0.0,0.0,0.0,-1.5707964,0.0
1970-01-01 00:00:00.268518555,0.268518555,0.0,0.0,312.4029,0.0,0.0,0.0,0.0,0.0,-1.5707964,0.0
1970-01-01 00:00:00.268563401,0.268563401,0.0,0.0,326.0498,0.0,0.0,0.0,0.0,0.0,-1.5707964,0.0
1970-01-01 00:00:00.268568415,0.268568415,0.0,0.0,90.52374,0.0,0.0,0.0,0.0,0.0,-1.5707964,0.0
1970-01-01 00:00:00.268642185,0.268642185,0.0,0.0,0.0,0.0,266.92224,0.0,0.0,0.0,-1.5707964,0.0
1970-01-01 00:00:00.268652350,0.26865235,0.0,0.0,0.0,0.0,0.0,300.003,0.0,0.0,-1.5707964,0.0
1970-01-01 00:00:00.268721366,0.268721366,0.0,0.0,0.0,0.0,157.99132,0.0,0.0,0.0,-1.5707964,0.0
1970-01-01 00:00:00.268738829,0.268738829,0.0,0.0,0.0,0.0,399.80435,0.0,0.0,0.0,-1.5707964,0.0
1970-01-01 00:00:00.268782124,0.268782124,0.0,0.0,99.32943,0.0,0.0,0.0,0.0,0.0,-1.5707964,0.0
1970-01-01 00:00:00.268799963,0.268799963,0.0,0.0,83.529076,0.0,0.0,0.0,0.0,0.0,-1.5707964,0.0
1970-01-01 00:00:00.268830724,0.268830724,0.0,0.0,122.98617,0.0,0.0,0.0,0.0,0.0,-1.5707964,0.0
1970-01-01 00:00:00.268837128,0.268837128,0.0,0.0,266.44733,0.0,0.0,0.0,0.0,0.0,-1.5707964,0.0
1970-01-01 00:00:00.268916069,0.268916069,0.0,0.0,390.27707,0.0,0.0,0.0,0.0,0.0,-1.5707964,0.0
1970-01-01 00:00:00.269130309,0.269130309,321.31488,0.0,0.0,0.0,0.0,0.0,0.0,0.0,-1.5707964,0.0
1970-01-01 00:00:00.269257392,0.269257392,275.34375,0.0,0.0,0.0,0.0,0.0,0.0,0.0,-1.5707964,0.0
1970-01-01 00:00:00.269345949,0.269345949,0.0,0.0,933.1873,0.0,0.0,0.0,0.0,0.0,-1.5707964,0.0
1970-01-01 00:00:00.269354247,0.269354247,0.0,0.0,0.0,0.0,659.07153,0.0,0.0,0.0,-1.5707964,0.0
1970-01-01 00:00:00.269357314,0.269357314,0.0,0.0,170.03062,0.0,0.0,0.0,0.0,0.0,-1.5707964,0.0
1970-01-01 00:00:00.269393151,0.269393151,0.0,0.0,147.45692,0.0,0.0,0.0,0.0,0.0,-1.5707964,0.0
1970-01-01 00:00:00.269397555,0.269397555,219.28072,0.0,0.0,0.0,0.0,0.0,0.0,0.0,-1.5707964,0.0
1970-01-01 00:00:00.269444539,0.269444539,0.0,0.0,287.2075,0.0,0.0,0.0,0.0,0.0,-1.5707964,0.0
1970-01-01 00:00:00.269486654,0.269486654,0.0,0.0,0.0,0.0,0.0,107.430756,0.0,0.0,-1.5707964,0.0
1970-01-01 00:00:00.269541777,0.269541777,0.0,0.0,214.2085,0.0,0.0,0.0,0.0,0.0,-1.5707964,0.0
1970-01-01 00:00:00.269577410,0.26957741,0.0,0.0,0.0,0.0,115.90104,0.0,0.0,0.0,-1.5707964,0.0
1970-01-01 00:00:00.269619871,0.269619871,0.0,0.0,96.69599,0.0,0.0,0.0,0.0,0.0,-1.5707964,0.0
1970-01-01 00:00:00.269620857,0.269620857,0.0,0.0,986.1352,0.0,0.0,0.0,0.0,0.0,-1.5707964,0.0
1970-01-01 00:00:00.269665520,0.26966552,0.0,0.0,0.0,0.0,135.95139,0.0,0.0,0.0,-1.5707964,0.0
1970-01-01 00:00:00.269800835,0.269800835,0.0,0.0,385.99924,0.0,0.0,0.0,0.0,0.0,-1.5707964,0.0
1970-01-01 00:00:00.269805666,0.269805666,0.0,0.0,0.0,0.0,256.41833,0.0,0.0,0.0,-1.5707964,0.0
1970-01-01 00:00:00.269832544,0.269832544,0.0,0.0,389.05573,0.0,0.0,0.0,0.0,0.0,-1.5707964,0.0
1970-01-01 00:00:00.269941171,0.269941171,0.0,0.0,2609.7427,0.0,0.0,0.0,0.0,0.0,-1.5707964,0.0
1970-01-01 00:00:00.269941171,0.269941171,0.0,0.0,0.0,0.0,0.0,1182.134,0.0,0.0,-1.5707964,0.0
1970-01-01 00:00:00.269954030,0.26995403,0.0,0.0,111.6641,0.0,0.0,0.0,0.0,0.0,-1.5707964,0.0
1970-01-01 00:00:00.270017042,0.270017042,0.0,0.0,283.46634,0.0,0.0,0.0,0.0,0.0,-1.5707964,0.0
1970-01-01 00:00:00.270084590,0.27008459,0.0,0.0,0.0,0.0,0.0,4650.415,0.0,0.0,-1.5707964,0.0
1970-01-01 00:00:00.270177122,0.270177122,0.0,0.0,495.15225,0.0,0.0,0.0,0.0,0.0,-1.5707964,0.0
1970-01-01 00:00:00.270209944,0.270209944,0.0,0.0,215.98145,0.0,0.0,0.0,0.0,0.0,-1.5707964,0.0
1970-01-01 00:00:00.270329395,0.270329395,0.0,0.0,201.79816,0.0,0.0,0.0,0.0,0.0,-1.5707964,0.0
1970-01-01 00:00:00.270347155,0.270347155,0.0,0.0,377.64813,0.0,0.0,0.0,0.0,0.0,-1.5707964,0.0
1970-01-01 00:00:00.270610190,0.27061019,0.0,0.0,878.3391,0.0,0.0,0.0,0.0,0.0,-1.5707964,0.0
1970-01-01 00:00:00.270793765,0.270793765,0.0,0.0,247.15541,0.0,0.0,0.0,0.0,0.0,-1.5707964,0.0
1970-01-01 00:00:00.270840208,0.270840208,0.0,0.0,428.21307,0.0,0.0,0.0,0.0,0.0,-1.5707964,0.0
1970-01-01 00:00:00.270856387,0.270856387,0.0,0.0,213.31383,0.0,0.0,0.0,0.0,0.0,-1.5707964,0.0
1970-01-01 00:00:00.270962405,0.270962405,0.0,0.0,123.753006,0.0,0.0,0.0,0.0,0.0,-1.5707964,0.0
1970-01-01 00:00:00.271016770,0.27101677,0.0,99.97327,0.0,0.0,0.0,0.0,0.0,0.0,-1.5707964,0.0
1970-01-01 00:00:00.271069878,0.271069878,0.0,0.0,403.66992,0.0,0.0,0.0,0.0,0.0,-1.5707964,0.0
1970-01-01 00:00:00.271091599,0.271091599,0.0,0.0,142.3058,0.0,0.0,0.0,0.0,0.0,-1.5707964,0.0
1970-01-01 00:00:00.271162762,0.271162762,0.0,0.0,0.0,0.0,638.7485,0.0,0.0,0.0,-1.5707964,0.0
1970-01-01 00:00:00.271409600,0.2714096,0.0,0.0,0.0,0.0,0.0,436.21362,0.0,0.0,-1.5707964,0.0
1970-01-01 00:00:00.271425422,0.271425422,0.0,0.0,0.0,0.0,0.0,920.7123,0.0,0.0,-1.5707964,0.0
1970-01-01 00:00:00.271438299,0.271438299,0.0,134.90973,0.0,0.0,0.0,0.0,0.0,0.0,-1.5707964,0.0
1970-01-01 00:00:00.271472144,0.271472144,0.0,0.0,92.21766,0.0,0.0,0.0,0.0,0.0,-1.5707964,0.0
1970-01-01 00:00:00.271521457,0.271521457,0.0,0.0,0.0,0.0,648.08185,0.0,0.0,0.0,-1.5707964,0.0
1970-01-01 00:00:00.271568503,0.271568503,0.0,0.0,0.0,324.07596,0.0,0.0,0.0,0.0,-1.5707964,0.0
1970-01-01 00:00:00.271640237,0.271640237,0.0,0.0,912.05695,0.0,0.0,0.0,0.0,0.0,-1.5707964,0.0
1970-01-01 00:00:00.271777796,0.271777796,0.0,0.0,223.56113,0.0,0.0,0.0,0.0,0.0,-1.5707964,0.0
1970-01-01 00:00:00.271868698,0.271868698,0.0,156.2924,0.0,0.0,0.0,0.0,0.0,0.0,-1.5707964,0.0
1970-01-01 00:00:00.271932762,0.271932762,0.0,0.0,88.644806,0.0,0.0,0.0,0.0,0.0,-1.5707964,0.0
1970-01-01 00:00:00.271995148,0.271995148,892.55225,0.0,0.0,0.0,0.0,0.0,0.0,0.0,-1.5707964,0.0
1970-01-01 00:00:00.272131875,0.272131875,0.0,0.0,364.20465,0.0,0.0,0.0,0.0,0.0,-1.5707964,0.0
1970-01-01 00:00:00.272166532,0.272166532,0.0,0.0,1601.3441,0.0,0.0,0.0,0.0,0.0,-1.5707964,0.0
1970-01-01 00:00:00.272175108,0.272175108,0.0,0.0,251.47818,0.0,0.0,0.0,0.0,0.0,-1.5707964,0.0
1970-01-01 00:00:00.272196731,0.272196731,0.0,0.0,793.56415,0.0,0.0,0.0,0.0,0.0,-1.5707964,0.0
1970-01-01 00:00:00.272247908,0.272247908,0.0,0.0,578.0087,0.0,0.0,0.0,0.0,0.0,-1.5707964,0.0
1970-01-01 00:00:00.272390918,0.272390918,0.0,0.0,2551.491,0.0,0.0,0.0,0.0,0.0,-1.5707964,0.0
1970-01-01 00:00:00.272404586,0.272404586,0.0,0.0,212.67168,0.0,0.0,0.0,0.0,0.0,-1.5707964,0.0
1970-01-01 00:00:00.272548552,0.272548552,0.0,0.0,666.9992,0.0,0.0,0.0,0.0,0.0,-1.5707964,0.0
1970-01-01 00:00:00.272584683,0.272584683,0.0,0.0,1232.9629,0.0,0.0,0.0,0.0,0.0,-1.5707964,0.0
1970-01-01 00:00:00.272616803,0.272616803,0.0,0.0,404.36584,0.0,0.0,0.0,0.0,0.0,-1.5707964,0.0
1970-01-01 00:00:00.272619153,0.272619153,128.7919,0.0,0.0,0.0,0.0,0.0,0.0,0.0,-1.5707964,0.0
1970-01-01 00:00:00.272816161,0.272816161,0.0,0.0,583.83417,0.0,0.0,0.0,0.0,0.0,-1.5707964,0.0
1970-01-01 00:00:00.272824167,0.272824167,0.0,0.0,104.64031,0.0,0.0,0.0,0.0,0.0,-1.5707964,0.0
1970-01-01 00:00:00.272863865,0.272863865,0.0,0.0,0.0,0.0,0.0,313.68484,0.0,0.0,-1.5707964,0.0
1970-01-01 00:00:00.272867874,0.272867874,0.0,0.0,0.0,685.3015,0.0,0.0,0.0,0.0,-1.5707964,0.0
1970-01-01 00:00:00.272867874,0.272867874,0.0,0.0,0.0,0.0,0.0,1639.9844,0.0,0.0,-1.5707964,0.0
1970-01-01 00:00:00.272897623,0.272897623,0.0,0.0,0.0,348.9588,0.0,0.0,0.0,0.0,-1.5707964,0.0
1970-01-01 00:00:00.272967416,0.272967416,0.0,0.0,891.1224,0.0,0.0,0.0,0.0,0.0,-1.5707964,0.0
1970-01-01 00:00:00.273054508,0.273054508,0.0,0.0,302.5719,0.0,0.0,0.0,0.0,0.0,-1.5707964,0.0
1970-01-01 00:00:00.273107713,0.273107713,0.0,116.26855,0.0,0.0,0.0,0.0,0.0,0.0,-1.5707964,0.0
1970-01-01 00:00:00.273139341,0.273139341,0.0,0.0,92.81631,0.0,0.0,0.0,0.0,0.0,-1.5707964,0.0
1970-01-01 00:00:00.273150842,0.273150842,0.0,0.0,0.0,0.0,0.0,394.6838,0.0,0.0,-1.5707964,0.0
1970-01-01 00:00:00.273218938,0.273218938,0.0,0.0,175.11903,0.0,0.0,0.0,0.0,0.0,-1.5707964,0.0
1970-01-01 00:00:00.273248136,0.273248136,0.0,0.0,2407.1094,0.0,0.0,0.0,0.0,0.0,-1.5707964,0.0
1970-01-01 00:00:00.273295907,0.273295907,0.0,0.0,309.98834,0.0,0.0,0.0,0.0,0.0,-1.5707964,0.0
1970-01-01 00:00:00.273377793,0.273377793,115.76975,0.0,0.0,0.0,0.0,0.0,0.0,0.0,-1.5707964,0.0
1970-01-01 00:00:00.273426220,0.27342622,0.0,0.0,0.0,0.0,256.66077,0.0,0.0,0.0,-1.5707964,0.0
1970-01-01 00:00:00.273468745,0.273468745,0.0,0.0,3266.1316,0.0,0.0,0.0,0.0,0.0,-1.5707964,0.0
1970-01-01 00:00:00.273468745,0.273468745,0.0,0.0,513.24396,0.0,0.0,0.0,0.0,0.0,-1.5707964,0.0
1970-01-01 00:00:00.273501172,0.273501172,291.7343,0.0,0.0,0.0,0.0,0.0,0.0,0.0,-1.5707964,0.0
1970-01-01 00:00:00.273558159,0.273558159,0.0,0.0,86.38582,0.0,0.0,0.0,0.0,0.0,-1.5707964,0.0
1970-01-01 00:00:00.273680320,0.27368032,0.0,0.0,114.049034,0.0,0.0,0.0,0.0,0.0,-1.5707964,0.0
1970-01-01 00:00:00.273697002,0.273697002,0.0,0.0,226.12482,0.0,0.0,0.0,0.0,0.0,-1.5707964,0.0
1970-01-01 00:00:00.273780307,0.273780307,0.0,0.0,89.52864,0.0,0.0,0.0,0.0,0.0,-1.5707964,0.0
1970-01-01 00:00:00.273792672,0.273792672,0.0,0.0,0.0,0.0,0.0,91.12216,0.0,0.0,-1.5707964,0.0
1970-01-01 00:00:00.273817792,0.273817792,0.0,0.0,120.61509,0.0,0.0,0.0,0.0,0.0,-1.5707964,0.0
1970-01-01 00:00:00.273856749,0.273856749,0.0,0.0,233.0685,0.0,0.0,0.0,0.0,0.0,-1.5707964,0.0
1970-01-01 00:00:00.273870051,0.273870051,0.0,0.0,0.0,0.0,139.82993,0.0,0.0,0.0,-1.5707964,0.0
1970-01-01 00:00:00.273905469,0.273905469,0.0,0.0,160.00175,0.0,0.0,0.0,0.0,0.0,-1.5707964,0.0
1970-01-01 00:00:00.273972262,0.273972262,0.0,0.0,0.0,0.0,773.40094,0.0,0.0,0.0,-1.5707964,0.0
1970-01-01 00:00:00.274107539,0.274107539,0.0,0.0,80.66207,0.0,0.0,0.0,0.0,0.0,-1.5707964,0.0
1970-01-01 00:00:00.274156034,0.274156034,0.0,0.0,302.24835,0.0,0.0,0.0,0.0,0.0,-1.5707964,0.0
1970-01-01 00:00:00.274305967,0.274305967,0.0,142.51381,0.0,0.0,0.0,0.0,0.0,0.0,-1.5707964,0.0
1970-01-01 00:00:00.274427977,0.274427977,0.0,0.0,2133.7493,0.0,0.0,0.0,0.0,0.0,-1.5707964,0.0
1970-01-01 00:00:00.274486280,0.27448628,0.0,0.0,722.136,0.0,0.0,0.0,0.0,0.0,-1.5707964,0.0
1970-01-01 00:00:00.274541036,0.274541036,0.0,0.0,402.90906,0.0,0.0,0.0,0.0,0.0,-1.5707964,0.0
1970-01-01 00:00:00.274700937,0.274700937,0.0,0.0,132.82191,0.0,0.0,0.0,0.0,0.0,-1.5707964,0.0
1970-01-01 00:00:00.274913984,0.274913984,0.0,0.0,560.0229,0.0,0.0,0.0,0.0,0.0,-1.5707964,0.0
1970-01-01 00:00:00.275005586,0.275005586,0.0,0.0,406.0431,0.0,0.0,0.0,0.0,0.0,-1.5707964,0.0
1970-01-01 00:00:00.275044521,0.275044521,0.0,0.0,156.8467,0.0,0.0,0.0,0.0,0.0,-1.5707964,0.0
1970-01-01 00:00:00.275045642,0.275045642,0.0,0.0,841.8134,0.0,0.0,0.0,0.0,0.0,-1.5707964,0.0
1970-01-01 00:00:00.275178955,0.275178955,0.0,0.0,491.31076,0.0,0.0,0.0,0.0,0.0,-1.5707964,0.0
1970-01-01 00:00:00.275261274,0.275261274,0.0,0.0,0.0,1998.115,0.0,0.0,0.0,0.0,-1.5707964,0.0
1970-01-01 00:00:00.275268970,0.27526897,0.0,0.0,554.90985,0.0,0.0,0.0,0.0,0.0,-1.5707964,0.0
1970-01-01 00:00:00.275423434,0.275423434,0.0,0.0,0.0,412.2859,0.0,0.0,0.0,0.0,-1.5707964,0.0
1970-01-01 00:00:00.275474084,0.275474084,0.0,0.0,0.0,0.0,0.0,286.58945,0.0,0.0,-1.5707964,0.0
1970-01-01 00:00:00.275542846,0.275542846,0.0,0.0,206.30559,0.0,0.0,0.0,0.0,0.0,-1.5707964,0.0
1970-01-01 00:00:00.275608671,0.275608671,0.0,0.0,0.0,0.0,692.5848,0.0,0.0,0.0,-1.5707964,0.0
1970-01-01 00:00:00.275665252,0.275665252,114.3794,0.0,0.0,0.0,0.0,0.0,0.0,0.0,-1.5707964,0.0
1970-01-01 00:00:00.275741918,0.275741918,0.0,0.0,80.83394,0.0,0.0,0.0,0.0,0.0,-1.5707964,0.0
1970-01-01 00:00:00.275928488,0.275928488,0.0,0.0,306.89926,0.0,0.0,0.0,0.0,0.0,-1.5707964,0.0
1970-01-01 00:00:00.275974004,0.275974004,0.0,0.0,0.0,636.32446,0.0,0.0,0.0,0.0,-1.5707964,0.0
1970-01-01 00:00:00.275983664,0.275983664,0.0,0.0,0.0,0.0,0.0,159.023,0.0,0.0,-1.5707964,0.0
1970-01-01 00:00:00.276183142,0.276183142,0.0,195.55612,0.0,0.0,0.0,0.0,0.0,0.0,-1.5707964,0.0
1970-01-01 00:00:00.276365329,0.276365329,0.0,741.0735,0.0,0.0,0.0,0.0,0.0,0.0,-1.5707964,0.0
1970-01-01 00:00:00.276381172,0.276381172,0.0,0.0,630.5039,0.0,0.0,0.0,0.0,0.0,-1.5707964,0.0
1970-01-01 00:00:00.276407437,0.276407437,0.0,0.0,0.0,1425.2029,0.0,0.0,0.0,0.0,-1.5707964,0.0
1970-01-01 00:00:00.276407437,0.276407437,0.0,0.0,0.0,302.44797,0.0,0.0,0.0,0.0,-1.5707964,0.0
1970-01-01 00:00:00.276533315,0.276533315,0.0,0.0,108.4635,0.0,0.0,0.0,0.0,0.0,-1.5707964,0.0
1970-01-01 00:00:00.276734330,0.27673433,0.0,0.0,138.63805,0.0,0.0,0.0,0.0,0.0,-1.5707964,0.0
1970-01-01 00:00:00.276866609,0.276866609,0.0,0.0,0.0,0.0,99.32447,0.0,0.0,0.0,-1.5707964,0.0
1970-01-01 00:00:00.276942604,0.276942604,0.0,93.803856,0.0,0.0,0.0,0.0,0.0,0.0,-1.5707964,0.0
1970-01-01 00:00:00.277203909,0.277203909,0.0,0.0,886.9391,0.0,0.0,0.0,0.0,0.0,-1.5707964,0.0
1970-01-01 00:00:00.277394729,0.277394729,0.0,0.0,386.58493,0.0,0.0,0.0,0.0,0.0,-1.5707964,0.0
1970-01-01 00:00:00.277471706,0.277471706,0.0,0.0,333.15158,0.0,0.0,0.0,0.0,0.0,-1.5707964,0.0
1970-01-01 00:00:00.277583573,0.277583573,0.0,0.0,144.66673,0.0,0.0,0.0,0.0,0.0,-1.5707964,0.0
1970-01-01 00:00:00.277609072,0.277609072,175.63106,0.0,0.0,0.0,0.0,0.0,0.0,0.0,-1.5707964,0.0
1970-01-01 00:00:00.277696465,0.277696465,0.0,0.0,244.869,0.0,0.0,0.0,0.0,0.0,-1.5707964,0.0
1970-01-01 00:00:00.277696508,0.277696508,0.0,0.0,596.29364,0.0,0.0,0.0,0.0,0.0,-1.5707964,0.0
1970-01-01 00:00:00.277824237,0.277824237,0.0,259.0304,0.0,0.0,0.0,0.0,0.0,0.0,-1.5707964,0.0
1970-01-01 00:00:00.277841758,0.277841758,0.0,0.0,505.28418,0.0,0.0,0.0,0.0,0.0,-1.5707964,0.0
1970-01-01 00:00:00.277997485,0.277997485,0.0,0.0,126.93922,0.0,0.0,0.0,0.0,0.0,-1.5707964,0.0
1970-01-01 00:00:00.278011783,0.278011783,0.0,0.0,774.10345,0.0,0.0,0.0,0.0,0.0,-1.5707964,0.0
1970-01-01 00:00:00.278033632,0.278033632,232.06903,0.0,0.0,0.0,0.0,0.0,0.0,0.0,-1.5707964,0.0
1970-01-01 00:00:00.278178169,0.278178169,0.0,0.0,345.67477,0.0,0.0,0.0,0.0,0.0,-1.5707964,0.0
1970-01-01 00:00:00.278413717,0.278413717,0.0,0.0,0.0,0.0,0.0,375.41116,0.0,0.0,-1.5707964,0.0
1970-01-01 00:00:00.278470523,0.278470523,0.0,0.0,0.0,0.0,0.0,189.5371,0.0,0.0,-1.5707964,0.0
1970-01-01 00:00:00.278470523,0.278470523,0.0,0.0,0.0,0.0,0.0,324.7532,0.0,0.0,-1.5707964,0.0
1970-01-01 00:00:00.278505234,0.278505234,0.0,0.0,881.7436,0.0,0.0,0.0,0.0,0.0,-1.5707964,0.0
1970-01-01 00:00:00.278580404,0.278580404,0.0,0.0,772.35486,0.0,0.0,0.0,0.0,0.0,-1.5707964,0.0
1970-01-01 00:00:00.278702191,0.278702191,0.0,0.0,0.0,0.0,226.06696,0.0,0.0,0.0,-1.5707964,0.0
1970-01-01 00:00:00.278809814,0.278809814,0.0,0.0,0.0,468.09598,0.0,0.0,0.0,0.0,-1.5707964,0.0
1970-01-01 00:00:00.278812383,0.278812383,0.0,0.0,164.34349,0.0,0.0,0.0,0.0,0.0,-1.5707964,0.0
1970-01-01 00:00:00.278852809,0.278852809,0.0,0.0,0.0,0.0,0.0,461.8171,0.0,0.0,-1.5707964,0.0
1970-01-01 00:00:00.278853926,0.278853926,0.0,0.0,597.034,0.0,0.0,0.0,0.0,0.0,-1.5707964,0.0
1970-01-01 00:00:00.278876626,0.278876626,0.0,0.0,121.01896,0.0,0.0,0.0,0.0,0.0,-1.5707964,0.0
1970-01-01 00:00:00.278915427,0.278915427,0.0,0.0,93.12507,0.0,0.0,0.0,0.0,0.0,-1.5707964,0.0
1970-01-01 00:00:00.278987062,0.278987062,80.59256,0.0,0.0,0.0,0.0,0.0,0.0,0.0,-1.5707964,0.0
1970-01-01 00:00:00.279072783,0.279072783,0.0,0.0,161.66553,0.0,0.0,0.0,0.0,0.0,-1.5707964,0.0
1970-01-01 00:00:00.279078074,0.279078074,0.0,0.0,0.0,0.0,0.0,391.17615,0.0,0.0,-1.5707964,0.0
1970-01-01 00:00:00.279088500,0.2790885,0.0,0.0,0.0,0.0,142.06274,0.0,0.0,0.0,-1.5707964,0.0
1970-01-01 00:00:00.279447133,0.279447133,0.0,0.0,282.61658,0.0,0.0,0.0,0.0,0.0,-1.5707964,0.0
1970-01-01 00:00:00.279690940,0.27969094,0.0,0.0,146.40025,0.0,0.0,0.0,0.0,0.0,-1.5707964,0.0
1970-01-01 00:00:00.279756227,0.279756227,0.0,0.0,0.0,368.74634,0.0,0.0,0.0,0.0,-1.5707964,0.0
1970-01-01 00:00:00.279900267,0.279900267,0.0,0.0,167.80699,0.0,0.0,0.0,0.0,0.0,-1.5707964,0.0
1970-01-01 00:00:00.279942433,0.279942433,105.02184,0.0,0.0,0.0,0.0,0.0,0.0,0.0,-1.5707964,0.0
1970-01-01 00:00:00.279962125,0.279962125,0.0,0.0,217.2667,0.0,0.0,0.0,0.0,0.0,-1.5707964,0.0
1970-01-01 00:00:00.280056828,0.280056828,0.0,0.0,411.78345,0.0,0.0,0.0,0.0,0.0,-1.5707964,0.0
1970-01-01 00:00:00.280157130,0.28015713,0.0,0.0,317.19757,0.0,0.0,0.0,0.0,0.0,-1.5707964,0.0
1970-01-01 00:00:00.280367118,0.280367118,0.0,0.0,0.0,1324.471,0.0,0.0,0.0,0.0,-1.5707964,0.0
1970-01-01 00:00:00.280570228,0.280570228,0.0,0.0,183.48177,0.0,0.0,0.0,0.0,0.0,-1.5707964,0.0
1970-01-01 00:00:00.280792584,0.280792584,0.0,0.0,235.75012,0.0,0.0,0.0,0.0,0.0,-1.5707964,0.0
1970-01-01 00:00:00.280813652,0.280813652,0.0,0.0,0.0,0.0,0.0,187.46388,0.0,0.0,-1.5707964,0.0
1970-01-01 00:00:00.281041249,0.281041249,0.0,0.0,0.0,0.0,0.0,111.100044,0.0,0.0,-1.5707964,0.0
1970-01-01 00:00:00.281042852,0.281042852,0.0,0.0,0.0,0.0,0.0,261.56564,0.0,0.0,-1.5707964,0.0
1970-01-01 00:00:00.281149652,0.281149652,0.0,0.0,264.59937,0.0,0.0,0.0,0.0,0.0,-1.5707964,0.0
1970-01-01 00:00:00.281255539,0.281255539,0.0,0.0,0.0,0.0,199.21053,0.0,0.0,0.0,-1.5707964,0.0
1970-01-01 00:00:00.281327818,0.281327818,0.0,0.0,137.5714,0.0,0.0,0.0,0.0,0.0,-1.5707964,0.0
1970-01-01 00:00:00.281346571,0.281346571,0.0,0.0,0.0,0.0,826.90344,0.0,0.0,0.0,-1.5707964,0.0
1970-01-01 00:00:00.281346571,0.281346571,0.0,0.0,0.0,108.53834,0.0,0.0,0.0,0.0,-1.5707964,0.0
1970-01-01 00:00:00.281821784,0.281821784,0.0,0.0,214.13954,0.0,0.0,0.0,0.0,0.0,-1.5707964,0.0
1970-01-01 00:00:00.281943195,0.281943195,0.0,0.0,0.0,0.0,83.37937,0.0,0.0,0.0,-1.5707964,0.0
1970-01-01 00:00:00.282019040,0.28201904,0.0,0.0,320.98718,0.0,0.0,0.0,0.0,0.0,-1.5707964,0.0
1970-01-01 00:00:00.282172020,0.28217202,0.0,0.0,0.0,0.0,0.0,443.77527,0.0,0.0,-1.5707964,0.0
1970-01-01 00:00:00.282256963,0.282256963,0.0,0.0,0.0,0.0,0.0,182.31644,0.0,0.0,-1.5707964,0.0
1970-01-01 00:00:00.282388145,0.282388145,0.0,0.0,0.0,157.6511,0.0,0.0,0.0,0.0,-1.5707964,0.0
1970-01-01 00:00:00.282420899,0.282420899,0.0,0.0,622.1111,0.0,0.0,0.0,0.0,0.0,-1.5707964,0.0
1970-01-01 00:00:00.282450560,0.28245056,0.0,0.0,148.16496,0.0,0.0,0.0,0.0,0.0,-1.5707964,0.0
1970-01-01 00:00:00.282477924,0.282477924,0.0,0.0,380.94653,0.0,0.0,0.0,0.0,0.0,-1.5707964,0.0
1970-01-01 00:00:00.282510940,0.28251094,0.0,0.0,412.07352,0.0,0.0,0.0,0.0,0.0,-1.5707964,0.0
1970-01-01 00:00:00.282530722,0.282530722,0.0,0.0,377.57602,0.0,0.0,0.0,0.0,0.0,-1.5707964,0.0
1970-01-01 00:00:00.282723243,0.282723243,0.0,0.0,1255.1075,0.0,0.0,0.0,0.0,0.0,-1.5707964,0.0
1970-01-01 00:00:00.282734623,0.282734623,0.0,0.0,0.0,0.0,0.0,169.07971,0.0,0.0,-1.5707964,0.0
1970-01-01 00:00:00.282747490,0.28274749,135.61731,0.0,0.0,0.0,0.0,0.0,0.0,0.0,-1.5707964,0.0
1970-01-01 00:00:00.282840244,0.282840244,0.0,0.0,362.2889,0.0,0.0,0.0,0.0,0.0,-1.5707964,0.0
1970-01-01 00:00:00.283007227,0.283007227,0.0,0.0,98.72293,0.0,0.0,0.0,0.0,0.0,-1.5707964,0.0
1970-01-01 00:00:00.283167002,0.283167002,0.0,0.0,226.7154,0.0,0.0,0.0,0.0,0.0,-1.5707964,0.0
1970-01-01 00:00:00.283242573,0.283242573,0.0,0.0,0.0,87.61378,0.0,0.0,0.0,0.0,-1.5707964,0.0
1970-01-01 00:00:00.283578665,0.283578665,0.0,0.0,287.21884,0.0,0.0,0.0,0.0,0.0,-1.5707964,0.0
1970-01-01 00:00:00.283923875,0.283923875,0.0,0.0,0.0,0.0,413.50107,0.0,0.0,0.0,-1.5707964,0.0
1970-01-01 00:00:00.283930774,0.283930774,0.0,0.0,491.05444,0.0,0.0,0.0,0.0,0.0,-1.5707964,0.0
1970-01-01 00:00:00.284031825,0.284031825,0.0,0.0,959.24524,0.0,0.0,0.0,0.0,0.0,-1.5707964,0.0
1970-01-01 00:00:00.284044471,0.284044471,1084.3873,0.0,0.0,0.0,0.0,0.0,0.0,0.0,-1.5707964,0.0
1970-01-01 00:00:00.284051720,0.28405172,783.25085,0.0,0.0,0.0,0.0,0.0,0.0,0.0,-1.5707964,0.0
1970-01-01 00:00:00.284094810,0.28409481,0.0,0.0,451.0809,0.0,0.0,0.0,0.0,0.0,-1.5707964,0.0
1970-01-01 00:00:00.284112788,0.284112788,0.0,0.0,162.1608,0.0,0.0,0.0,0.0,0.0,-1.5707964,0.0
1970-01-01 00:00:00.284157903,0.284157903,0.0,0.0,485.28714,0.0,0.0,0.0,0.0,0.0,-1.5707964,0.0
1970-01-01 00:00:00.284166488,0.284166488,0.0,0.0,1363.3071,0.0,0.0,0.0,0.0,0.0,-1.5707964,0.0
1970-01-01 00:00:00.284169276,0.284169276,94.69601,0.0,0.0,0.0,0.0,0.0,0.0,0.0,-1.5707964,0.0
1970-01-01 00:00:00.284305249,0.284305249,0.0,0.0,0.0,0.0,153.41982,0.0,0.0,0.0,-1.5707964,0.0
1970-01-01 00:00:00.284474609,0.284474609,80.87242,0.0,0.0,0.0,0.0,0.0,0.0,0.0,-1.5707964,0.0
1970-01-01 00:00:00.284507461,0.284507461,0.0,0.0,0.0,0.0,0.0,230.49089,0.0,0.0,-1.5707964,0.0
1970-01-01 00:00:00.284566714,0.284566714,0.0,0.0,0.0,0.0,0.0,350.88193,0.0,0.0,-1.5707964,0.0
1970-01-01 00:00:00.284706710,0.28470671,0.0,0.0,0.0,0.0,0.0,99.81653,0.0,0.0,-1.5707964,0.0
1970-01-01 00:00:00.284706876,0.284706876,0.0,0.0,158.37903,0.0,0.0,0.0,0.0,0.0,-1.5707964,0.0
1970-01-01 00:00:00.284815884,0.284815884,0.0,0.0,0.0,1482.5765,0.0,0.0,0.0,0.0,-1.5707964,0.0
1970-01-01 00:00:00.284828057,0.284828057,0.0,0.0,0.0,0.0,0.0,1065.0907,0.0,0.0,-1.5707964,0.0
1970-01-01 00:00:00.284845867,0.284845867,0.0,0.0,0.0,0.0,0.0,919.95605,0.0,0.0,-1.5707964,0.0
1970-01-01 00:00:00.284858759,0.284858759,0.0,0.0,632.73254,0.0,0.0,0.0,0.0,0.0,-1.5707964,0.0
1970-01-01 00:00:00.285041905,0.285041905,0.0,0.0,141.60815,0.0,0.0,0.0,0.0,0.0,-1.5707964,0.0
1970-01-01 00:00:00.285117581,0.285117581,0.0,0.0,1000.68646,0.0,0.0,0.0,0.0,0.0,-1.5707964,0.0
1970-01-01 00:00:00.285141175,0.285141175,0.0,0.0,293.879,0.0,0.0,0.0,0.0,0.0,-1.5707964,0.0
1970-01-01 00:00:00.285368205,0.285368205,0.0,0.0,273.39877,0.0,0.0,0.0,0.0,0.0,-1.5707964,0.0
1970-01-01 00:00:00.285447129,0.285447129,0.0,0.0,0.0,0.0,1015.9569,0.0,0.0,0.0,-1.5707964,0.0
1970-01-01 00:00:00.285479719,0.285479719,0.0,0.0,342.14615,0.0,0.0,0.0,0.0,0.0,-1.5707964,0.0
1970-01-01 00:00:00.285584130,0.28558413,0.0,0.0,714.5896,0.0,0.0,0.0,0.0,0.0,-1.5707964,0.0
1970-01-01 00:00:00.285592155,0.285592155,0.0,0.0,276.43094,0.0,0.0,0.0,0.0,0.0,-1.5707964,0.0
1970-01-01 00:00:00.285614394,0.285614394,703.6784,0.0,0.0,0.0,0.0,0.0,0.0,0.0,-1.5707964,0.0
1970-01-01 00:00:00.285614394,0.285614394,2101.4727,0.0,0.0,0.0,0.0,0.0,0.0,0.0,-1.5707964,0.0
1970-01-01 00:00:00.285633127,0.285633127,309.2853,0.0,0.0,0.0,0.0,0.0,0.0,0.0,-1.5707964,0.0
1970-01-01 00:00:00.285636662,0.285636662,0.0,0.0,393.68808,0.0,0.0,0.0,0.0,0.0,-1.5707964,0.0
1970-01-01 00:00:00.285840082,0.285840082,0.0,150.67538,0.0,0.0,0.0,0.0,0.0,0.0,-1.5707964,0.0
1970-01-01 00:00:00.285930134,0.285930134,0.0,95.13583,0.0,0.0,0.0,0.0,0.0,0.0,-1.5707964,0.0
1970-01-01 00:00:00.286248987,0.286248987,0.0,0.0,116.98159,0.0,0.0,0.0,0.0,0.0,-1.5707964,0.0
1970-01-01 00:00:00.286370870,0.28637087,0.0,0.0,94.14405,0.0,0.0,0.0,0.0,0.0,-1.5707964,0.0
1970-01-01 00:00:00.286471373,0.286471373,0.0,0.0,163.74869,0.0,0.0,0.0,0.0,0.0,-1.5707964,0.0
1970-01-01 00:00:00.286567281,0.286567281,0.0,0.0,711.54913,0.0,0.0,0.0,0.0,0.0,-1.5707964,0.0
1970-01-01 00:00:00.286655310,0.28665531,0.0,0.0,0.0,0.0,0.0,94.748436,0.0,0.0,-1.5707964,0.0
1970-01-01 00:00:00.286696565,0.286696565,0.0,0.0,0.0,0.0,206.6637,0.0,0.0,0.0,-1.5707964,0.0
1970-01-01 00:00:00.286704004,0.286704004,0.0,0.0,135.09703,0.0,0.0,0.0,0.0,0.0,-1.5707964,0.0
1970-01-01 00:00:00.286716899,0.286716899,0.0,0.0,250.30768,0.0,0.0,0.0,0.0,0.0,-1.5707964,0.0
1970-01-01 00:00:00.286780446,0.286780446,0.0,0.0,461.43954,0.0,0.0,0.0,0.0,0.0,-1.5707964,0.0
1970-01-01 00:00:00.286785129,0.286785129,0.0,0.0,149.7835,0.0,0.0,0.0,0.0,0.0,-1.5707964,0.0
1970-01-01 00:00:00.286786303,0.286786303,0.0,0.0,578.3862,0.0,0.0,0.0,0.0,0.0,-1.5707964,0.0
1970-01-01 00:00:00.286810539,0.286810539,0.0,0.0,393.74747,0.0,0.0,0.0,0.0,0.0,-1.5707964,0.0
1970-01-01 00:00:00.286846909,0.286846909,0.0,0.0,107.23544,0.0,0.0,0.0,0.0,0.0,-1.5707964,0.0
1970-01-01 00:00:00.286894364,0.286894364,0.0,0.0,316.57132,0.0,0.0,0.0,0.0,0.0,-1.5707964,0.0
1970-01-01 00:00:00.286900563,0.286900563,0.0,0.0,298.11823,0.0,0.0,0.0,0.0,0.0,-1.5707964,0.0
1970-01-01 00:00:00.286967501,0.286967501,0.0,0.0,572.265,0.0,0.0,0.0,0.0,0.0,-1.5707964,0.0
1970-01-01 00:00:00.287011403,0.287011403,0.0,0.0,140.15445,0.0,0.0,0.0,0.0,0.0,-1.5707964,0.0
1970-01-01 00:00:00.287242263,0.287242263,0.0,0.0,432.9074,0.0,0.0,0.0,0.0,0.0,-1.5707964,0.0
1970-01-01 00:00:00.287247774,0.287247774,0.0,0.0,0.0,0.0,0.0,602.19165,0.0,0.0,-1.5707964,0.0
1970-01-01 00:00:00.287247774,0.287247774,0.0,0.0,0.0,0.0,0.0,559.99084,0.0,0.0,-1.5707964,0.0
1970-01-01 00:00:00.287338548,0.287338548,0.0,0.0,0.0,0.0,98.06409,0.0,0.0,0.0,-1.5707964,0.0
1970-01-01 00:00:00.287369279,0.287369279,0.0,0.0,545.5347,0.0,0.0,0.0,0.0,0.0,-1.5707964,0.0
1970-01-01 00:00:00.287397679,0.287397679,0.0,0.0,85.30132,0.0,0.0,0.0,0.0,0.0,-1.5707964,0.0
1970-01-01 00:00:00.287510003,0.287510003,0.0,0.0,143.5142,0.0,0.0,0.0,0.0,0.0,-1.5707964,0.0
1970-01-01 00:00:00.287523722,0.287523722,847.5002,0.0,0.0,0.0,0.0,0.0,0.0,0.0,-1.5707964,0.0
1970-01-01 00:00:00.287762986,0.287762986,0.0,0.0,122.49653,0.0,0.0,0.0,0.0,0.0,-1.5707964,0.0
1970-01-01 00:00:00.287787529,0.287787529,0.0,0.0,240.21263,0.0,0.0,0.0,0.0,0.0,-1.5707964,0.0
1970-01-01 00:00:00.287895579,0.287895579,0.0,0.0,570.6579,0.0,0.0,0.0,0.0,0.0,-1.5707964,0.0
1970-01-01 00:00:00.287944283,0.287944283,0.0,0.0,0.0,0.0,0.0,94.38766,0.0,0.0,-1.5707964,0.0
1970-01-01 00:00:00.287952694,0.287952694,0.0,0.0,0.0,753.68945,0.0,0.0,0.0,0.0,-1.5707964,0.0
1970-01-01 00:00:00.287983039,0.287983039,0.0,0.0,121.39083,0.0,0.0,0.0,0.0,0.0,-1.5707964,0.0
1970-01-01 00:00:00.288134455,0.288134455,0.0,0.0,173.45042,0.0,0.0,0.0,0.0,0.0,-1.5707964,0.0
1970-01-01 00:00:00.288418420,0.28841842,0.0,0.0,693.8034,0.0,0.0,0.0,0.0,0.0,-1.5707964,0.0
1970-01-01 00:00:00.288427547,0.288427547,0.0,0.0,108.63707,0.0,0.0,0.0,0.0,0.0,-1.5707964,0.0
1970-01-01 00:00:00.288459953,0.288459953,0.0,0.0,583.69244,0.0,0.0,0.0,0.0,0.0,-1.5707964,0.0
1970-01-01 00:00:00.288464468,0.288464468,0.0,0.0,236.47826,0.0,0.0,0.0,0.0,0.0,-1.5707964,0.0
1970-01-01 00:00:00.288527207,0.288527207,119.275955,0.0,0.0,0.0,0.0,0.0,0.0,0.0,-1.5707964,0.0
1970-01-01 00:00:00.288591983,0.288591983,0.0,0.0,753.6821,0.0,0.0,0.0,0.0,0.0,-1.5707964,0.0
1970-01-01 00:00:00.288609432,0.288609432,281.95966,0.0,0.0,0.0,0.0,0.0,0.0,0.0,-1.5707964,0.0
1970-01-01 00:00:00.288735070,0.28873507,0.0,0.0,133.02199,0.0,0.0,0.0,0.0,0.0,-1.5707964,0.0
1970-01-01 00:00:00.288762247,0.288762247,247.39272,0.0,0.0,0.0,0.0,0.0,0.0,0.0,-1.5707964,0.0
1970-01-01 00:00:00.288762247,0.288762247,0.0,0.0,1868.0151,0.0,0.0,0.0,0.0,0.0,-1.5707964,0.0
1970-01-01 00:00:00.288864941,0.288864941,0.0,0.0,230.20056,0.0,0.0,0.0,0.0,0.0,-1.5707964,0.0
1970-01-01 00:00:00.288975409,0.288975409,0.0,0.0,174.75157,0.0,0.0,0.0,0.0,0.0,-1.5707964,0.0
1970-01-01 00:00:00.289093258,0.289093258,0.0,0.0,0.0,641.31226,0.0,0.0,0.0,0.0,-1.5707964,0.0
1970-01-01 00:00:00.289101460,0.28910146,0.0,0.0,2761.7473,0.0,0.0,0.0,0.0,0.0,-1.5707964,0.0
1970-01-01 00:00:00.289120735,0.289120735,0.0,0.0,96.1434,0.0,0.0,0.0,0.0,0.0,-1.5707964,0.0
1970-01-01 00:00:00.289123593,0.289123593,0.0,0.0,911.3911,0.0,0.0,0.0,0.0,0.0,-1.5707964,0.0
1970-01-01 00:00:00.289129070,0.28912907,0.0,0.0,520.8434,0.0,0.0,0.0,0.0,0.0,-1.5707964,0.0
1970-01-01 00:00:00.289135975,0.289135975,0.0,0.0,152.9128,0.0,0.0,0.0,0.0,0.0,-1.5707964,0.0
1970-01-01 00:00:00.289182454,0.289182454,0.0,0.0,0.0,0.0,107.637505,0.0,0.0,0.0,-1.5707964,0.0
1970-01-01 00:00:00.289217223,0.289217223,0.0,176.4031,0.0,0.0,0.0,0.0,0.0,0.0,-1.5707964,0.0
1970-01-01 00:00:00.289256590,0.28925659,0.0,0.0,264.3414,0.0,0.0,0.0,0.0,0.0,-1.5707964,0.0
1970-01-01 00:00:00.289276983,0.289276983,0.0,0.0,530.86255,0.0,0.0,0.0,0.0,0.0,-1.5707964,0.0
1970-01-01 00:00:00.289335490,0.28933549,0.0,0.0,255.21822,0.0,0.0,0.0,0.0,0.0,-1.5707964,0.0
1970-01-01 00:00:00.289342699,0.289342699,0.0,0.0,0.0,0.0,182.96788,0.0,0.0,0.0,-1.5707964,0.0
1970-01-01 00:00:00.289556353,0.289556353,0.0,0.0,935.6386,0.0,0.0,0.0,0.0,0.0,-1.5707964,0.0
1970-01-01 00:00:00.289830881,0.289830881,0.0,0.0,0.0,0.0,184.28192,0.0,0.0,0.0,-1.5707964,0.0
1970-01-01 00:00:00.289850976,0.289850976,0.0,0.0,454.29086,0.0,0.0,0.0,0.0,0.0,-1.5707964,0.0
1970-01-01 00:00:00.289880140,0.28988014,0.0,0.0,1604.7723,0.0,0.0,0.0,0.0,0.0,-1.5707964,0.0
1970-01-01 00:00:00.290057036,0.290057036,839.904,0.0,0.0,0.0,0.0,0.0,0.0,0.0,-1.5707964,0.0
1970-01-01 00:00:00.290057036,0.290057036,0.0,0.0,185.57086,0.0,0.0,0.0,0.0,0.0,-1.5707964,0.0
1970-01-01 00:00:00.290061441,0.290061441,0.0,0.0,117.30411,0.0,0.0,0.0,0.0,0.0,-1.5707964,0.0
1970-01-01 00:00:00.290106348,0.290106348,0.0,0.0,368.9901,0.0,0.0,0.0,0.0,0.0,-1.5707964,0.0
1970-01-01 00:00:00.290147143,0.290147143,0.0,982.61523,0.0,0.0,0.0,0.0,0.0,0.0,-1.5707964,0.0
1970-01-01 00:00:00.290280537,0.290280537,0.0,0.0,132.42697,0.0,0.0,0.0,0.0,0.0,-1.5707964,0.0
1970-01-01 00:00:00.290396315,0.290396315,0.0,0.0,498.81592,0.0,0.0,0.0,0.0,0.0,-1.5707964,0.0
1970-01-01 00:00:00.290451945,0.290451945,0.0,0.0,0.0,0.0,0.0,189.65906,0.0,0.0,-1.5707964,0.0
1970-01-01 00:00:00.290514543,0.290514543,0.0,0.0,155.03374,0.0,0.0,0.0,0.0,0.0,-1.5707964,0.0
1970-01-01 00:00:00.290549228,0.290549228,0.0,0.0,144.58282,0.0,0.0,0.0,0.0,0.0,-1.5707964,0.0
1970-01-01 00:00:00.290552744,0.290552744,0.0,0.0,186.5514,0.0,0.0,0.0,0.0,0.0,-1.5707964,0.0
1970-01-01 00:00:00.290628884,0.290628884,131.65126,0.0,0.0,0.0,0.0,0.0,0.0,0.0,-1.5707964,0.0
1970-01-01 00:00:00.290665089,0.290665089,0.0,0.0,884.4754,0.0,0.0,0.0,0.0,0.0,-1.5707964,0.0
1970-01-01 00:00:00.290709847,0.290709847,0.0,0.0,0.0,0.0,0.0,185.20903,0.0,0.0,-1.5707964,0.0
1970-01-01 00:00:00.290730645,0.290730645,0.0,0.0,304.93625,0.0,0.0,0.0,0.0,0.0,-1.5707964,0.0
1970-01-01 00:00:00.290737649,0.290737649,0.0,0.0,107.363106,0.0,0.0,0.0,0.0,0.0,-1.5707964,0.0
1970-01-01 00:00:00.290780095,0.290780095,0.0,0.0,187.28328,0.0,0.0,0.0,0.0,0.0,-1.5707964,0.0
1970-01-01 00:00:00.290780095,0.290780095,0.0,0.0,0.0,0.0,1024.5801,0.0,0.0,0.0,-1.5707964,0.0
1970-01-01 00:00:00.290977553,0.290977553,0.0,0.0,852.76227,0.0,0.0,0.0,0.0,0.0,-1.5707964,0.0
1970-01-01 00:00:00.291051513,0.291051513,0.0,0.0,0.0,793.77466,0.0,0.0,0.0,0.0,-1.5707964,0.0
1970-01-01 00:00:00.291068627,0.291068627,0.0,0.0,0.0,0.0,342.57938,0.0,0.0,0.0,-1.5707964,0.0
1970-01-01 00:00:00.291136299,0.291136299,0.0,0.0,0.0,0.0,0.0,526.9746,0.0,0.0,-1.5707964,0.0
1970-01-01 00:00:00.291175801,0.291175801,0.0,0.0,197.76839,0.0,0.0,0.0,0.0,0.0,-1.5707964,0.0
1970-01-01 00:00:00.291286836,0.291286836,494.67947,0.0,0.0,0.0,0.0,0.0,0.0,0.0,-1.5707964,0.0
1970-01-01 00:00:00.291294298,0.291294298,0.0,0.0,80.63544,0.0,0.0,0.0,0.0,0.0,-1.5707964,0.0
1970-01-01 00:00:00.291304234,0.291304234,0.0,0.0,0.0,0.0,295.20248,0.0,0.0,0.0,-1.5707964,0.0
1970-01-01 00:00:00.291596653,0.291596653,0.0,0.0,465.00708,0.0,0.0,0.0,0.0,0.0,-1.5707964,0.0
1970-01-01 00:00:00.291707760,0.29170776,0.0,0.0,166.42189,0.0,0.0,0.0,0.0,0.0,-1.5707964,0.0
1970-01-01 00:00:00.291707760,0.29170776,0.0,0.0,0.0,0.0,1039.2867,0.0,0.0,0.0,-1.5707964,0.0
1970-01-01 00:00:00.291806225,0.291806225,0.0,0.0,115.05951,0.0,0.0,0.0,0.0,0.0,-1.5707964,0.0
1970-01-01 00:00:00.291886686,0.291886686,0.0,0.0,0.0,0.0,0.0,273.1448,0.0,0.0,-1.5707964,0.0
1970-01-01 00:00:00.291895283,0.291895283,0.0,0.0,0.0,0.0,0.0,173.38634,0.0,0.0,-1.5707964,0.0
1970-01-01 00:00:00.291906889,0.291906889,0.0,0.0,162.40854,0.0,0.0,0.0,0.0,0.0,-1.5707964,0.0
1970-01-01 00:00:00.291968845,0.291968845,0.0,0.0,523.0618,0.0,0.0,0.0,0.0,0.0,-1.5707964,0.0
1970-01-01 00:00:00.291988620,0.29198862,0.0,0.0,420.68304,0.0,0.0,0.0,0.0,0.0,-1.5707964,0.0
1970-01-01 00:00:00.292005600,0.2920056,0.0,0.0,89.45818,0.0,0.0,0.0,0.0,0.0,-1.5707964,0.0
1970-01-01 00:00:00.292025377,0.292025377,0.0,0.0,0.0,0.0,344.60452,0.0,0.0,0.0,-1.5707964,0.0
1970-01-01 00:00:00.292174352,0.292174352,0.0,0.0,542.81824,0.0,0.0,0.0,0.0,0.0,-1.5707964,0.0
1970-01-01 00:00:00.292231309,0.292231309,0.0,0.0,83.64013,0.0,0.0,0.0,0.0,0.0,-1.5707964,0.0
1970-01-01 00:00:00.292566202,0.292566202,0.0,0.0,395.45963,0.0,0.0,0.0,0.0,0.0,-1.5707964,0.0
1970-01-01 00:00:00.292601250,0.29260125,2026.68,0.0,0.0,0.0,0.0,0.0,0.0,0.0,-1.5707964,0.0
1970-01-01 00:00:00.292606536,0.292606536,0.0,0.0,0.0,0.0,526.79095,0.0,0.0,0.0,-1.5707964,0.0
1970-01-01 00:00:00.292625957,0.292625957,0.0,168.57463,0.0,0.0,0.0,0.0,0.0,0.0,-1.5707964,0.0
1970-01-01 00:00:00.292631442,0.292631442,0.0,0.0,2842.791,0.0,0.0,0.0,0.0,0.0,-1.5707964,0.0
1970-01-01 00:00:00.292685721,0.292685721,0.0,0.0,0.0,191.39037,0.0,0.0,0.0,0.0,-1.5707964,0.0
1970-01-01 00:00:00.292688051,0.292688051,393.47827,0.0,0.0,0.0,0.0,0.0,0.0,0.0,-1.5707964,0.0
1970-01-01 00:00:00.292775421,0.292775421,0.0,0.0,117.1659,0.0,0.0,0.0,0.0,0.0,-1.5707964,0.0
1970-01-01 00:00:00.292905999,0.292905999,0.0,0.0,861.9219,0.0,0.0,0.0,0.0,0.0,-1.5707964,0.0
1970-01-01 00:00:00.292974104,0.292974104,0.0,0.0,0.0,0.0,0.0,159.17401,0.0,0.0,-1.5707964,0.0
1970-01-01 00:00:00.293008951,0.293008951,0.0,0.0,0.0,638.23346,0.0,0.0,0.0,0.0,-1.5707964,0.0
1970-01-01 00:00:00.293089955,0.293089955,0.0,0.0,223.1629,0.0,0.0,0.0,0.0,0.0,-1.5707964,0.0
1970-01-01 00:00:00.293153304,0.293153304,0.0,0.0,172.01204,0.0,0.0,0.0,0.0,0.0,-1.5707964,0.0
1970-01-01 00:00:00.293262953,0.293262953,0.0,0.0,109.07665,0.0,0.0,0.0,0.0,0.0,-1.5707964,0.0
1970-01-01 00:00:00.293265114,0.293265114,0.0,0.0,82.33814,0.0,0.0,0.0,0.0,0.0,-1.5707964,0.0
1970-01-01 00:00:00.293332917,0.293332917,0.0,0.0,705.9587,0.0,0.0,0.0,0.0,0.0,-1.5707964,0.0
1970-01-01 00:00:00.293348451,0.293348451,0.0,0.0,0.0,0.0,358.3091,0.0,0.0,0.0,-1.5707964,0.0
1970-01-01 00:00:00.293487370,0.29348737,0.0,0.0,0.0,0.0,0.0,485.62103,0.0,0.0,-1.5707964,0.0
1970-01-01 00:00:00.293807945,0.293807945,0.0,0.0,196.34602,0.0,0.0,0.0,0.0,0.0,-1.5707964,0.0
1970-01-01 00:00:00.293920243,0.293920243,0.0,0.0,0.0,438.44693,0.0,0.0,0.0,0.0,-1.5707964,0.0
1970-01-01 00:00:00.294013220,0.29401322,0.0,0.0,722.4457,0.0,0.0,0.0,0.0,0.0,-1.5707964,0.0
1970-01-01 00:00:00.294076734,0.294076734,0.0,0.0,0.0,1045.6339,0.0,0.0,0.0,0.0,-1.5707964,0.0
1970-01-01 00:00:00.294089514,0.294089514,0.0,0.0,253.35533,0.0,0.0,0.0,0.0,0.0,-1.5707964,0.0
1970-01-01 00:00:00.294129108,0.294129108,0.0,0.0,0.0,202.03737,0.0,0.0,0.0,0.0,-1.5707964,0.0
1970-01-01 00:00:00.294131699,0.294131699,0.0,0.0,0.0,269.34973,0.0,0.0,0.0,0.0,-1.5707964,0.0
1970-01-01 00:00:00.294133581,0.294133581,0.0,0.0,1793.9114,0.0,0.0,0.0,0.0,0.0,-1.5707964,0.0
1970-01-01 00:00:00.294166707,0.294166707,0.0,298.54285,0.0,0.0,0.0,0.0,0.0,0.0,-1.5707964,0.0
1970-01-01 00:00:00.294222501,0.294222501,0.0,0.0,458.06934,0.0,0.0,0.0,0.0,0.0,-1.5707964,0.0
1970-01-01 00:00:00.294353355,0.294353355,1206.9591,0.0,0.0,0.0,0.0,0.0,0.0,0.0,-1.5707964,0.0
1970-01-01 00:00:00.294492406,0.294492406,0.0,0.0,127.934784,0.0,0.0,0.0,0.0,0.0,-1.5707964,0.0
1970-01-01 00:00:00.294517744,0.294517744,0.0,0.0,508.16675,0.0,0.0,0.0,0.0,0.0,-1.5707964,0.0
1970-01-01 00:00:00.294524276,0.294524276,0.0,0.0,125.35201,0.0,0.0,0.0,0.0,0.0,-1.5707964,0.0
1970-01-01 00:00:00.294546342,0.294546342,0.0,0.0,140.92485,0.0,0.0,0.0,0.0,0.0,-1.5707964,0.0
1970-01-01 00:00:00.294576050,0.29457605,0.0,263.76477,0.0,0.0,0.0,0.0,0.0,0.0,-1.5707964,0.0
1970-01-01 00:00:00.294640353,0.294640353,221.85602,0.0,0.0,0.0,0.0,0.0,0.0,0.0,-1.5707964,0.0
1970-01-01 00:00:00.294772788,0.294772788,0.0,0.0,101.19959,0.0,0.0,0.0,0.0,0.0,-1.5707964,0.0
1970-01-01 00:00:00.294779466,0.294779466,0.0,366.68927,0.0,0.0,0.0,0.0,0.0,0.0,-1.5707964,0.0
1970-01-01 00:00:00.294784663,0.294784663,0.0,0.0,0.0,82.95183,0.0,0.0,0.0,0.0,-1.5707964,0.0
1970-01-01 00:00:00.294821848,0.294821848,0.0,0.0,847.918,0.0,0.0,0.0,0.0,0.0,-1.5707964,0.0
1970-01-01 00:00:00.294831088,0.294831088,0.0,0.0,97.07307,0.0,0.0,0.0,0.0,0.0,-1.5707964,0.0
1970-01-01 00:00:00.294831433,0.294831433,0.0,0.0,0.0,115.71193,0.0,0.0,0.0,0.0,-1.5707964,0.0
1970-01-01 00:00:00.294838923,0.294838923,0.0,263.272,0.0,0.0,0.0,0.0,0.0,0.0,-1.5707964,0.0
1970-01-01 00:00:00.294890792,0.294890792,124.018456,0.0,0.0,0.0,0.0,0.0,0.0,0.0,-1.5707964,0.0
1970-01-01 00:00:00.294959438,0.294959438,0.0,0.0,217.17601,0.0,0.0,0.0,0.0,0.0,-1.5707964,0.0
1970-01-01 00:00:00.295017194,0.295017194,0.0,0.0,110.17735,0.0,0.0,0.0,0.0,0.0,-1.5707964,0.0
1970-01-01 00:00:00.295058339,0.295058339,0.0,115.372795,0.0,0.0,0.0,0.0,0.0,0.0,-1.5707964,0.0
1970-01-01 00:00:00.295290364,0.295290364,0.0,0.0,520.7214,0.0,0.0,0.0,0.0,0.0,-1.5707964,0.0
1970-01-01 00:00:00.295309403,0.295309403,0.0,0.0,172.05873,0.0,0.0,0.0,0.0,0.0,-1.5707964,0.0
1970-01-01 00:00:00.295334448,0.295334448,0.0,0.0,228.7168,0.0,0.0,0.0,0.0,0.0,-1.5707964,0.0
1970-01-01 00:00:00.295419870,0.29541987,0.0,0.0,232.20639,0.0,0.0,0.0,0.0,0.0,-1.5707964,0.0
1970-01-01 00:00:00.295708073,0.295708073,0.0,0.0,899.06287,0.0,0.0,0.0,0.0,0.0,-1.5707964,0.0
1970-01-01 00:00:00.295786110,0.29578611,0.0,0.0,501.88113,0.0,0.0,0.0,0.0,0.0,-1.5707964,0.0
1970-01-01 00:00:00.295837816,0.295837816,337.85318,0.0,0.0,0.0,0.0,0.0,0.0,0.0,-1.5707964,0.0
1970-01-01 00:00:00.296308508,0.296308508,0.0,0.0,146.36525,0.0,0.0,0.0,0.0,0.0,-1.5707964,0.0
1970-01-01 00:00:00.296443273,0.296443273,0.0,0.0,574.4728,0.0,0.0,0.0,0.0,0.0,-1.5707964,0.0
1970-01-01 00:00:00.296463512,0.296463512,0.0,0.0,1143.4879,0.0,0.0,0.0,0.0,0.0,-1.5707964,0.0
1970-01-01 00:00:00.296523525,0.296523525,0.0,0.0,615.3936,0.0,0.0,0.0,0.0,0.0,-1.5707964,0.0
1970-01-01 00:00:00.296554707,0.296554707,0.0,0.0,0.0,0.0,240.40158,0.0,0.0,0.0,-1.5707964,0.0
1970-01-01 00:00:00.296654074,0.296654074,0.0,0.0,166.31714,0.0,0.0,0.0,0.0,0.0,-1.5707964,0.0
1970-01-01 00:00:00.296884366,0.296884366,126.386,0.0,0.0,0.0,0.0,0.0,0.0,0.0,-1.5707964,0.0
1970-01-01 00:00:00.297080310,0.29708031,0.0,0.0,0.0,0.0,842.8661,0.0,0.0,0.0,-1.5707964,0.0
1970-01-01 00:00:00.297161101,0.297161101,0.0,0.0,254.75304,0.0,0.0,0.0,0.0,0.0,-1.5707964,0.0
1970-01-01 00:00:00.297218831,0.297218831,0.0,0.0,84.50566,0.0,0.0,0.0,0.0,0.0,-1.5707964,0.0
1970-01-01 00:00:00.297245193,0.297245193,726.4622,0.0,0.0,0.0,0.0,0.0,0.0,0.0,-1.5707964,0.0
1970-01-01 00:00:00.297252657,0.297252657,0.0,0.0,113.549034,0.0,0.0,0.0,0.0,0.0,-1.5707964,0.0
1970-01-01 00:00:00.297369097,0.297369097,86.57142,0.0,0.0,0.0,0.0,0.0,0.0,0.0,-1.5707964,0.0
1970-01-01 00:00:00.297457331,0.297457331,0.0,0.0,0.0,204.72685,0.0,0.0,0.0,0.0,-1.5707964,0.0
1970-01-01 00:00:00.297553635,0.297553635,0.0,163.5824,0.0,0.0,0.0,0.0,0.0,0.0,-1.5707964,0.0
1970-01-01 00:00:00.297629291,0.297629291,0.0,0.0,1061.1141,0.0,0.0,0.0,0.0,0.0,-1.5707964,0.0
1970-01-01 00:00:00.297751614,0.297751614,0.0,0.0,0.0,0.0,1143.0011,0.0,0.0,0.0,-1.5707964,0.0
1970-01-01 00:00:00.297772420,0.29777242,410.71613,0.0,0.0,0.0,0.0,0.0,0.0,0.0,-1.5707964,0.0
1970-01-01 00:00:00.297811691,0.297811691,0.0,0.0,91.74028,0.0,0.0,0.0,0.0,0.0,-1.5707964,0.0
1970-01-01 00:00:00.297816302,0.297816302,0.0,0.0,0.0,0.0,153.20825,0.0,0.0,0.0,-1.5707964,0.0
1970-01-01 00:00:00.297984780,0.29798478,229.14537,0.0,0.0,0.0,0.0,0.0,0.0,0.0,-1.5707964,0.0
1970-01-01 00:00:00.298003309,0.298003309,0.0,0.0,180.18542,0.0,0.0,0.0,0.0,0.0,-1.5707964,0.0
1970-01-01 00:00:00.298033242,0.298033242,0.0,0.0,0.0,1110.5391,0.0,0.0,0.0,0.0,-1.5707964,0.0
1970-01-01 00:00:00.298046052,0.298046052,0.0,0.0,0.0,0.0,110.357475,0.0,0.0,0.0,-1.5707964,0.0
1970-01-01 00:00:00.298062716,0.298062716,0.0,0.0,620.2737,0.0,0.0,0.0,0.0,0.0,-1.5707964,0.0
1970-01-01 00:00:00.298134414,0.298134414,0.0,0.0,0.0,0.0,0.0,721.45166,0.0,0.0,-1.5707964,0.0
1970-01-01 00:00:00.298231451,0.298231451,0.0,0.0,0.0,646.39526,0.0,0.0,0.0,0.0,-1.5707964,0.0
1970-01-01 00:00:00.298295571,0.298295571,119.90468,0.0,0.0,0.0,0.0,0.0,0.0,0.0,-1.5707964,0.0
1970-01-01 00:00:00.298295571,0.298295571,0.0,0.0,3443.7065,0.0,0.0,0.0,0.0,0.0,-1.5707964,0.0
1970-01-01 00:00:00.298313341,0.298313341,0.0,0.0,470.30966,0.0,0.0,0.0,0.0,0.0,-1.5707964,0.0
1970-01-01 00:00:00.298319742,0.298319742,0.0,0.0,516.02893,0.0,0.0,0.0,0.0,0.0,-1.5707964,0.0
1970-01-01 00:00:00.298412815,0.298412815,0.0,0.0,81.340485,0.0,0.0,0.0,0.0,0.0,-1.5707964,0.0
1970-01-01 00:00:00.298582293,0.298582293,0.0,0.0,0.0,0.0,80.49616,0.0,0.0,0.0,-1.5707964,0.0
1970-01-01 00:00:00.298725139,0.298725139,0.0,321.1175,0.0,0.0,0.0,0.0,0.0,0.0,-1.5707964,0.0
1970-01-01 00:00:00.298730721,0.298730721,0.0,0.0,1487.9248,0.0,0.0,0.0,0.0,0.0,-1.5707964,0.0
1970-01-01 00:00:00.298798238,0.298798238,0.0,0.0,0.0,0.0,0.0,289.5503,0.0,0.0,-1.5707964,0.0
1970-01-01 00:00:00.298837538,0.298837538,186.14653,0.0,0.0,0.0,0.0,0.0,0.0,0.0,-1.5707964,0.0
1970-01-01 00:00:00.298954240,0.29895424,0.0,160.64539,0.0,0.0,0.0,0.0,0.0,0.0,-1.5707964,0.0
1970-01-01 00:00:00.299042738,0.299042738,0.0,0.0,2270.808,0.0,0.0,0.0,0.0,0.0,-1.5707964,0.0
1970-01-01 00:00:00.299172065,0.299172065,0.0,0.0,351.08994,0.0,0.0,0.0,0.0,0.0,-1.5707964,0.0
1970-01-01 00:00:00.299372606,0.299372606,0.0,0.0,0.0,0.0,0.0,133.27638,0.0,0.0,-1.5707964,0.0
1970-01-01 00:00:00.299697351,0.299697351,0.0,0.0,298.48123,0.0,0.0,0.0,0.0,0.0,-1.5707964,0.0
1970-01-01 00:00:00.299753731,0.299753731,0.0,0.0,223.52666,0.0,0.0,0.0,0.0,0.0,-1.5707964,0.0
1970-01-01 00:00:00.299753731,0.299753731,0.0,0.0,0.0,0.0,378.26096,0.0,0.0,0.0,-1.5707964,0.0
1970-01-01 00:00:00.299755141,0.299755141,0.0,0.0,274.08014,0.0,0.0,0.0,0.0,0.0,-1.5707964,0.0
1970-01-01 00:00:00.299763480,0.29976348,0.0,0.0,748.049,0.0,0.0,0.0,0.0,0.0,-1.5707964,0.0
1970-01-01 00:00:00.299867800,0.2998678,0.0,0.0,621.6755,0.0,0.0,0.0,0.0,0.0,-1.5707964,0.0
1970-01-01 00:00:00.299972693,0.299972693,276.32764,0.0,0.0,0.0,0.0,0.0,0.0,0.0,-1.5707964,0.0
1970-01-01 00:00:00.299992386,0.299992386,0.0,0.0,200.55522,0.0,0.0,0.0,0.0,0.0,-1.5707964,0.0
1970-01-01 00:00:00.300017829,0.300017829,0.0,0.0,364.59875,0.0,0.0,0.0,0.0,0.0,-1.5707964,0.0
1970-01-01 00:00:00.300202947,0.300202947,95.15608,0.0,0.0,0.0,0.0,0.0,0.0,0.0,-1.5707964,0.0
1970-01-01 00:00:00.300279355,0.300279355,0.0,0.0,1245.3009,0.0,0.0,0.0,0.0,0.0,-1.5707964,0.0
1970-01-01 00:00:00.300388302,0.300388302,252.59956,0.0,0.0,0.0,0.0,0.0,0.0,0.0,-1.5707964,0.0
1970-01-01 00:00:00.300421155,0.300421155,0.0,0.0,786.52856,0.0,0.0,0.0,0.0,0.0,-1.5707964,0.0
1970-01-01 00:00:00.300443450,0.30044345,0.0,0.0,0.0,0.0,0.0,256.95517,0.0,0.0,-1.5707964,0.0
1970-01-01 00:00:00.300579119,0.300579119,0.0,0.0,157.64424,0.0,0.0,0.0,0.0,0.0,-1.5707964,0.0
1970-01-01 00:00:00.300874215,0.300874215,0.0,0.0,171.88206,0.0,0.0,0.0,0.0,0.0,-1.5707964,0.0
1970-01-01 00:00:00.301131622,0.301131622,0.0,0.0,1300.1282,0.0,0.0,0.0,0.0,0.0,-1.5707964,0.0
1970-01-01 00:00:00.301135021,0.301135021,0.0,0.0,91.10309,0.0,0.0,0.0,0.0,0.0,-1.5707964,0.0
1970-01-01 00:00:00.301239054,0.301239054,0.0,0.0,242.46092,0.0,0.0,0.0,0.0,0.0,-1.5707964,0.0
1970-01-01 00:00:00.301413826,0.301413826,0.0,0.0,92.4575,0.0,0.0,0.0,0.0,0.0,-1.5707964,0.0
1970-01-01 00:00:00.301505915,0.301505915,0.0,0.0,264.33966,0.0,0.0,0.0,0.0,0.0,-1.5707964,0.0
1970-01-01 00:00:00.301559114,0.301559114,0.0,0.0,1281.8169,0.0,0.0,0.0,0.0,0.0,-1.5707964,0.0
1970-01-01 00:00:00.301571864,0.301571864,0.0,0.0,92.28615,0.0,0.0,0.0,0.0,0.0,-1.5707964,0.0
1970-01-01 00:00:00.301706006,0.301706006,0.0,0.0,0.0,203.19597,0.0,0.0,0.0,0.0,-1.5707964,0.0
1970-01-01 00:00:00.301751389,0.301751389,0.0,0.0,0.0,0.0,0.0,124.87446,0.0,0.0,-1.5707964,0.0
1970-01-01 00:00:00.301937612,0.301937612,0.0,0.0,198.33023,0.0,0.0,0.0,0.0,0.0,-1.5707964,0.0
1970-01-01 00:00:00.301986415,0.301986415,482.26147,0.0,0.0,0.0,0.0,0.0,0.0,0.0,-1.5707964,0.0
1970-01-01 00:00:00.301986415,0.301986415,0.0,0.0,117.97075,0.0,0.0,0.0,0.0,0.0,-1.5707964,0.0
1970-01-01 00:00:00.302014214,0.302014214,511.36362,0.0,0.0,0.0,0.0,0.0,0.0,0.0,-1.5707964,0.0
1970-01-01 00:00:00.302093014,0.302093014,0.0,0.0,0.0,0.0,0.0,98.79866,0.0,0.0,-1.5707964,0.0
1970-01-01 00:00:00.302095198,0.302095198,0.0,0.0,0.0,125.33798,0.0,0.0,0.0,0.0,-1.5707964,0.0
1970-01-01 00:00:00.302406474,0.302406474,295.278,0.0,0.0,0.0,0.0,0.0,0.0,0.0,-1.5707964,0.0
1970-01-01 00:00:00.302522069,0.302522069,0.0,0.0,103.51714,0.0,0.0,0.0,0.0,0.0,-1.5707964,0.0
1970-01-01 00:00:00.302611799,0.302611799,0.0,0.0,0.0,0.0,0.0,100.85623,0.0,0.0,-1.5707964,0.0
1970-01-01 00:00:00.302852097,0.302852097,0.0,0.0,329.65726,0.0,0.0,0.0,0.0,0.0,-1.5707964,0.0
1970-01-01 00:00:00.302939252,0.302939252,0.0,0.0,792.57214,0.0,0.0,0.0,0.0,0.0,-1.5707964,0.0
1970-01-01 00:00:00.303026072,0.303026072,0.0,221.53876,0.0,0.0,0.0,0.0,0.0,0.0,-1.5707964,0.0
1970-01-01 00:00:00.303129252,0.303129252,0.0,0.0,0.0,0.0,0.0,81.47411,0.0,0.0,-1.5707964,0.0
1970-01-01 00:00:00.303329303,0.303329303,0.0,0.0,0.0,0.0,143.0254,0.0,0.0,0.0,-1.5707964,0.0
1970-01-01 00:00:00.303616780,0.30361678,0.0,0.0,454.30167,0.0,0.0,0.0,0.0,0.0,-1.5707964,0.0
1970-01-01 00:00:00.303650593,0.303650593,0.0,0.0,717.22076,0.0,0.0,0.0,0.0,0.0,-1.5707964,0.0
1970-01-01 00:00:00.303979382,0.303979382,0.0,0.0,190.89578,0.0,0.0,0.0,0.0,0.0,-1.5707964,0.0
1970-01-01 00:00:00.304062222,0.304062222,0.0,0.0,176.27182,0.0,0.0,0.0,0.0,0.0,-1.5707964,0.0
1970-01-01 00:00:00.304115333,0.304115333,0.0,0.0,0.0,0.0,367.0233,0.0,0.0,0.0,-1.5707964,0.0
1970-01-01 00:00:00.304145316,0.304145316,0.0,0.0,440.82675,0.0,0.0,0.0,0.0,0.0,-1.5707964,0.0
1970-01-01 00:00:00.304168947,0.304168947,0.0,216.90503,0.0,0.0,0.0,0.0,0.0,0.0,-1.5707964,0.0
1970-01-01 00:00:00.304181537,0.304181537,540.3859,0.0,0.0,0.0,0.0,0.0,0.0,0.0,-1.5707964,0.0
1970-01-01 00:00:00.304241015,0.304241015,0.0,0.0,212.39676,0.0,0.0,0.0,0.0,0.0,-1.5707964,0.0
1970-01-01 00:00:00.304260949,0.304260949,0.0,0.0,704.0044,0.0,0.0,0.0,0.0,0.0,-1.5707964,0.0
1970-01-01 00:00:00.304312637,0.304312637,0.0,0.0,0.0,0.0,0.0,2044.076,0.0,0.0,-1.5707964,0.0
1970-01-01 00:00:00.304351673,0.304351673,0.0,0.0,124.363434,0.0,0.0,0.0,0.0,0.0,-1.5707964,0.0
1970-01-01 00:00:00.304469090,0.30446909,0.0,0.0,0.0,0.0,0.0,343.433,0.0,0.0,-1.5707964,0.0
1970-01-01 00:00:00.304478444,0.304478444,0.0,0.0,680.3427,0.0,0.0,0.0,0.0,0.0,-1.5707964,0.0
1970-01-01 00:00:00.304507053,0.304507053,0.0,106.66655,0.0,0.0,0.0,0.0,0.0,0.0,-1.5707964,0.0
1970-01-01 00:00:00.304530318,0.304530318,183.13475,0.0,0.0,0.0,0.0,0.0,0.0,0.0,-1.5707964,0.0
1970-01-01 00:00:00.304557471,0.304557471,0.0,0.0,177.026,0.0,0.0,0.0,0.0,0.0,-1.5707964,0.0
1970-01-01 00:00:00.304653267,0.304653267,0.0,0.0,125.46846,0.0,0.0,0.0,0.0,0.0,-1.5707964,0.0
1970-01-01 00:00:00.304728060,0.30472806,135.59944,0.0,0.0,0.0,0.0,0.0,0.0,0.0,-1.5707964,0.0
1970-01-01 00:00:00.304832628,0.304832628,0.0,0.0,129.77982,0.0,0.0,0.0,0.0,0.0,-1.5707964,0.0
1970-01-01 00:00:00.304919164,0.304919164,0.0,0.0,338.09134,0.0,0.0,0.0,0.0,0.0,-1.5707964,0.0
1970-01-01 00:00:00.304978741,0.304978741,0.0,0.0,0.0,0.0,186.80293,0.0,0.0,0.0,-1.5707964,0.0
1970-01-01 00:00:00.305014206,0.305014206,0.0,0.0,0.0,372.52884,0.0,0.0,0.0,0.0,-1.5707964,0.0
1970-01-01 00:00:00.305092437,0.305092437,0.0,0.0,0.0,0.0,127.92647,0.0,0.0,0.0,-1.5707964,0.0
1970-01-01 00:00:00.305171758,0.305171758,0.0,0.0,658.00305,0.0,0.0,0.0,0.0,0.0,-1.5707964,0.0
1970-01-01 00:00:00.305257627,0.305257627,0.0,0.0,109.95579,0.0,0.0,0.0,0.0,0.0,-1.5707964,0.0
1970-01-01 00:00:00.305398653,0.305398653,0.0,0.0,192.4978,0.0,0.0,0.0,0.0,0.0,-1.5707964,0.0
1970-01-01 00:00:00.305616393,0.305616393,109.52274,0.0,0.0,0.0,0.0,0.0,0.0,0.0,-1.5707964,0.0
1970-01-01 00:00:00.305653884,0.305653884,0.0,0.0,0.0,0.0,0.0,1693.6027,0.0,0.0,-1.5707964,0.0
1970-01-01 00:00:00.305665928,0.305665928,0.0,0.0,100.34604,0.0,0.0,0.0,0.0,0.0,-1.5707964,0.0
1970-01-01 00:00:00.305770294,0.305770294,0.0,0.0,0.0,0.0,243.48169,0.0,0.0,0.0,-1.5707964,0.0
1970-01-01 00:00:00.305866377,0.305866377,0.0,430.83896,0.0,0.0,0.0,0.0,0.0,0.0,-1.5707964,0.0
1970-01-01 00:00:00.306088893,0.306088893,308.50726,0.0,0.0,0.0,0.0,0.0,0.0,0.0,-1.5707964,0.0
1970-01-01 00:00:00.306240574,0.306240574,0.0,0.0,365.09314,0.0,0.0,0.0,0.0,0.0,-1.5707964,0.0
1970-01-01 00:00:00.306301644,0.306301644,0.0,0.0,0.0,0.0,148.74919,0.0,0.0,0.0,-1.5707964,0.0
1970-01-01 00:00:00.306376609,0.306376609,0.0,0.0,81.342705,0.0,0.0,0.0,0.0,0.0,-1.5707964,0.0
1970-01-01 00:00:00.306650202,0.306650202,0.0,0.0,322.03937,0.0,0.0,0.0,0.0,0.0,-1.5707964,0.0
1970-01-01 00:00:00.306660080,0.30666008,343.53275,0.0,0.0,0.0,0.0,0.0,0.0,0.0,-1.5707964,0.0
1970-01-01 00:00:00.306880013,0.306880013,0.0,0.0,167.7565,0.0,0.0,0.0,0.0,0.0,-1.5707964,0.0
1970-01-01 00:00:00.306882993,0.306882993,0.0,0.0,87.39257,0.0,0.0,0.0,0.0,0.0,-1.5707964,0.0
1970-01-01 00:00:00.307037162,0.307037162,0.0,0.0,0.0,0.0,1445.2344,0.0,0.0,0.0,-1.5707964,0.0
1970-01-01 00:00:00.307059586,0.307059586,0.0,0.0,0.0,0.0,1099.8008,0.0,0.0,0.0,-1.5707964,0.0
1970-01-01 00:00:00.307141148,0.307141148,0.0,0.0,335.97287,0.0,0.0,0.0,0.0,0.0,-1.5707964,0.0
1970-01-01 00:00:00.307159329,0.307159329,0.0,0.0,356.40054,0.0,0.0,0.0,0.0,0.0,-1.5707964,0.0
1970-01-01 00:00:00.307161139,0.307161139,0.0,0.0,487.4621,0.0,0.0,0.0,0.0,0.0,-1.5707964,0.0
1970-01-01 00:00:00.307323739,0.307323739,0.0,0.0,448.149,0.0,0.0,0.0,0.0,0.0,-1.5707964,0.0
1970-01-01 00:00:00.307336509,0.307336509,0.0,0.0,0.0,208.30637,0.0,0.0,0.0,0.0,-1.5707964,0.0
1970-01-01 00:00:00.307480095,0.307480095,0.0,0.0,0.0,558.6507,0.0,0.0,0.0,0.0,-1.5707964,0.0
1970-01-01 00:00:00.307660014,0.307660014,0.0,0.0,422.69168,0.0,0.0,0.0,0.0,0.0,-1.5707964,0.0
1970-01-01 00:00:00.307667666,0.307667666,0.0,0.0,636.4411,0.0,0.0,0.0,0.0,0.0,-1.5707964,0.0
1970-01-01 00:00:00.307832069,0.307832069,0.0,0.0,0.0,0.0,0.0,122.48491,0.0,0.0,-1.5707964,0.0
1970-01-01 00:00:00.307892426,0.307892426,0.0,0.0,237.66763,0.0,0.0,0.0,0.0,0.0,-1.5707964,0.0
1970-01-01 00:00:00.308065232,0.308065232,0.0,0.0,123.97469,0.0,0.0,0.0,0.0,0.0,-1.5707964,0.0
1970-01-01 00:00:00.308509199,0.308509199,0.0,0.0,181.85909,0.0,0.0,0.0,0.0,0.0,-1.5707964,0.0
1970-01-01 00:00:00.308666340,0.30866634,0.0,0.0,259.7268,0.0,0.0,0.0,0.0,0.0,-1.5707964,0.0
1970-01-01 00:00:00.308716736,0.308716736,0.0,0.0,0.0,0.0,1517.8096,0.0,0.0,0.0,-1.5707964,0.0
1970-01-01 00:00:00.308856209,0.308856209,0.0,0.0,0.0,921.6066,0.0,0.0,0.0,0.0,-1.5707964,0.0
1970-01-01 00:00:00.308936341,0.308936341,0.0,0.0,0.0,0.0,324.58417,0.0,0.0,0.0,-1.5707964,0.0
1970-01-01 00:00:00.309461861,0.309461861,0.0,0.0,529.87646,0.0,0.0,0.0,0.0,0.0,-1.5707964,0.0
1970-01-01 00:00:00.309491263,0.309491263,0.0,0.0,346.68002,0.0,0.0,0.0,0.0,0.0,-1.5707964,0.0
1970-01-01 00:00:00.309592985,0.309592985,0.0,0.0,281.63513,0.0,0.0,0.0,0.0,0.0,-1.5707964,0.0
1970-01-01 00:00:00.309612343,0.309612343,263.33783,0.0,0.0,0.0,0.0,0.0,0.0,0.0,-1.5707964,0.0
1970-01-01 00:00:00.309762755,0.309762755,0.0,90.53857,0.0,0.0,0.0,0.0,0.0,0.0,-1.5707964,0.0
1970-01-01 00:00:00.309774745,0.309774745,0.0,0.0,356.33868,0.0,0.0,0.0,0.0,0.0,-1.5707964,0.0
1970-01-01 00:00:00.309780228,0.309780228,0.0,0.0,116.416,0.0,0.0,0.0,0.0,0.0,-1.5707964,0.0
1970-01-01 00:00:00.309809378,0.309809378,0.0,0.0,99.8516,0.0,0.0,0.0,0.0,0.0,-1.5707964,0.0
1970-01-01 00:00:00.309835183,0.309835183,0.0,0.0,589.525,0.0,0.0,0.0,0.0,0.0,-1.5707964,0.0
1970-01-01 00:00:00.309930278,0.309930278,0.0,0.0,103.95774,0.0,0.0,0.0,0.0,0.0,-1.5707964,0.0
1970-01-01 00:00:00.309945018,0.309945018,417.20468,0.0,0.0,0.0,0.0,0.0,0.0,0.0,-1.5707964,0.0
1970-01-01 00:00:00.310155367,0.310155367,0.0,0.0,160.92336,0.0,0.0,0.0,0.0,0.0,-1.5707964,0.0
1970-01-01 00:00:00.310447401,0.310447401,0.0,0.0,0.0,0.0,541.5674,0.0,0.0,0.0,-1.5707964,0.0
1970-01-01 00:00:00.310488415,0.310488415,646.7315,0.0,0.0,0.0,0.0,0.0,0.0,0.0,-1.5707964,0.0
1970-01-01 00:00:00.310530740,0.31053074,0.0,0.0,310.95978,0.0,0.0,0.0,0.0,0.0,-1.5707964,0.0
1970-01-01 00:00:00.310539544,0.310539544,0.0,164.61237,0.0,0.0,0.0,0.0,0.0,0.0,-1.5707964,0.0
1970-01-01 00:00:00.310600288,0.310600288,0.0,0.0,418.63843,0.0,0.0,0.0,0.0,0.0,-1.5707964,0.0
1970-01-01 00:00:00.310605180,0.31060518,0.0,0.0,367.38785,0.0,0.0,0.0,0.0,0.0,-1.5707964,0.0
1970-01-01 00:00:00.310612441,0.310612441,0.0,0.0,2257.8179,0.0,0.0,0.0,0.0,0.0,-1.5707964,0.0
1970-01-01 00:00:00.310612441,0.310612441,0.0,0.0,0.0,284.39117,0.0,0.0,0.0,0.0,-1.5707964,0.0
1970-01-01 00:00:00.310698899,0.310698899,0.0,0.0,411.66013,0.0,0.0,0.0,0.0,0.0,-1.5707964,0.0
1970-01-01 00:00:00.310729834,0.310729834,0.0,0.0,345.60132,0.0,0.0,0.0,0.0,0.0,-1.5707964,0.0
1970-01-01 00:00:00.310940007,0.310940007,0.0,0.0,398.7196,0.0,0.0,0.0,0.0,0.0,-1.5707964,0.0
1970-01-01 00:00:00.311128426,0.311128426,0.0,0.0,316.25436,0.0,0.0,0.0,0.0,0.0,-1.5707964,0.0
1970-01-01 00:00:00.311180050,0.31118005,0.0,0.0,194.11409,0.0,0.0,0.0,0.0,0.0,-1.5707964,0.0
1970-01-01 00:00:00.311435712,0.311435712,0.0,0.0,395.2133,0.0,0.0,0.0,0.0,0.0,-1.5707964,0.0
1970-01-01 00:00:00.311449048,0.311449048,0.0,0.0,171.6548,0.0,0.0,0.0,0.0,0.0,-1.5707964,0.0
1970-01-01 00:00:00.311467519,0.311467519,0.0,0.0,442.85657,0.0,0.0,0.0,0.0,0.0,-1.5707964,0.0
1970-01-01 00:00:00.311834699,0.311834699,0.0,0.0,767.40234,0.0,0.0,0.0,0.0,0.0,-1.5707964,0.0
1970-01-01 00:00:00.311934777,0.311934777,0.0,0.0,104.91552,0.0,0.0,0.0,0.0,0.0,-1.5707964,0.0
1970-01-01 00:00:00.312082155,0.312082155,0.0,0.0,93.527794,0.0,0.0,0.0,0.0,0.0,-1.5707964,0.0
1970-01-01 00:00:00.312135733,0.312135733,0.0,0.0,558.5309,0.0,0.0,0.0,0.0,0.0,-1.5707964,0.0
1970-01-01 00:00:00.312233904,0.312233904,0.0,0.0,0.0,0.0,93.510925,0.0,0.0,0.0,-1.5707964,0.0
1970-01-01 00:00:00.312268567,0.312268567,0.0,0.0,0.0,0.0,0.0,503.17957,0.0,0.0,-1.5707964,0.0
1970-01-01 00:00:00.312528846,0.312528846,0.0,0.0,345.4838,0.0,0.0,0.0,0.0,0.0,-1.5707964,0.0
1970-01-01 00:00:00.312713638,0.312713638,0.0,0.0,245.87057,0.0,0.0,0.0,0.0,0.0,-1.5707964,0.0
1970-01-01 00:00:00.312923066,0.312923066,0.0,0.0,94.177444,0.0,0.0,0.0,0.0,0.0,-1.5707964,0.0
1970-01-01 00:00:00.312923066,0.312923066,0.0,0.0,0.0,0.0,251.92462,0.0,0.0,0.0,-1.5707964,0.0
1970-01-01 00:00:00.313039279,0.313039279,0.0,0.0,391.8772,0.0,0.0,0.0,0.0,0.0,-1.5707964,0.0
1970-01-01 00:00:00.313160576,0.313160576,0.0,0.0,1294.791,0.0,0.0,0.0,0.0,0.0,-1.5707964,0.0
1970-01-01 00:00:00.313170570,0.31317057,0.0,0.0,94.220665,0.0,0.0,0.0,0.0,0.0,-1.5707964,0.0
1970-01-01 00:00:00.313207156,0.313207156,733.8398,0.0,0.0,0.0,0.0,0.0,0.0,0.0,-1.5707964,0.0
1970-01-01 00:00:00.313313359,0.313313359,0.0,0.0,0.0,381.8765,0.0,0.0,0.0,0.0,-1.5707964,0.0
1970-01-01 00:00:00.313394969,0.313394969,0.0,0.0,172.33762,0.0,0.0,0.0,0.0,0.0,-1.5707964,0.0
1970-01-01 00:00:00.313473568,0.313473568,0.0,0.0,0.0,0.0,122.08846,0.0,0.0,0.0,-1.5707964,0.0
1970-01-01 00:00:00.313493788,0.313493788,0.0,0.0,0.0,899.28937,0.0,0.0,0.0,0.0,-1.5707964,0.0
1970-01-01 00:00:00.313647931,0.313647931,0.0,0.0,0.0,0.0,0.0,146.4581,0.0,0.0,-1.5707964,0.0
1970-01-01 00:00:00.313757139,0.313757139,0.0,0.0,104.42389,0.0,0.0,0.0,0.0,0.0,-1.5707964,0.0
1970-01-01 00:00:00.313815224,0.313815224,0.0,0.0,1254.5565,0.0,0.0,0.0,0.0,0.0,-1.5707964,0.0
1970-01-01 00:00:00.313903295,0.313903295,0.0,0.0,117.36487,0.0,0.0,0.0,0.0,0.0,-1.5707964,0.0
1970-01-01 00:00:00.314041605,0.314041605,140.30017,0.0,0.0,0.0,0.0,0.0,0.0,0.0,-1.5707964,0.0
1970-01-01 00:00:00.314063151,0.314063151,0.0,0.0,0.0,0.0,0.0,198.84021,0.0,0.0,-1.5707964,0.0
1970-01-01 00:00:00.314609419,0.314609419,0.0,228.50716,0.0,0.0,0.0,0.0,0.0,0.0,-1.5707964,0.0
1970-01-01 00:00:00.314651678,0.314651678,0.0,0.0,491.234,0.0,0.0,0.0,0.0,0.0,-1.5707964,0.0
1970-01-01 00:00:00.314662335,0.314662335,0.0,0.0,696.2403,0.0,0.0,0.0,0.0,0.0,-1.5707964,0.0
1970-01-01 00:00:00.314761746,0.314761746,0.0,0.0,448.0995,0.0,0.0,0.0,0.0,0.0,-1.5707964,0.0
1970-01-01 00:00:00.314786939,0.314786939,0.0,0.0,308.8188,0.0,0.0,0.0,0.0,0.0,-1.5707964,0.0
1970-01-01 00:00:00.314839016,0.314839016,0.0,0.0,271.7474,0.0,0.0,0.0,0.0,0.0,-1.5707964,0.0
1970-01-01 00:00:00.314906893,0.314906893,0.0,0.0,0.0,756.2471,0.0,0.0,0.0,0.0,-1.5707964,0.0
1970-01-01 00:00:00.314913829,0.314913829,0.0,0.0,0.0,0.0,125.384315,0.0,0.0,0.0,-1.5707964,0.0
1970-01-01 00:00:00.315049669,0.315049669,0.0,0.0,0.0,0.0,344.45767,0.0,0.0,0.0,-1.5707964,0.0
1970-01-01 00:00:00.315139240,0.31513924,0.0,0.0,0.0,0.0,0.0,275.4798,0.0,0.0,-1.5707964,0.0
1970-01-01 00:00:00.315198511,0.315198511,0.0,0.0,538.96844,0.0,0.0,0.0,0.0,0.0,-1.5707964,0.0
1970-01-01 00:00:00.315450118,0.315450118,0.0,0.0,483.60196,0.0,0.0,0.0,0.0,0.0,-1.5707964,0.0
1970-01-01 00:00:00.315461311,0.315461311,0.0,0.0,3407.3171,0.0,0.0,0.0,0.0,0.0,-1.5707964,0.0
1970-01-01 00:00:00.315582071,0.315582071,161.40039,0.0,0.0,0.0,0.0,0.0,0.0,0.0,-1.5707964,0.0
1970-01-01 00:00:00.315697545,0.315697545,86.00271,0.0,0.0,0.0,0.0,0.0,0.0,0.0,-1.5707964,0.0
1970-01-01 00:00:00.315910397,0.315910397,0.0,0.0,0.0,0.0,255.9393,0.0,0.0,0.0,-1.5707964,0.0
1970-01-01 00:00:00.315950007,0.315950007,0.0,0.0,329.96808,0.0,0.0,0.0,0.0,0.0,-1.5707964,0.0
1970-01-01 00:00:00.315959766,0.315959766,0.0,0.0,0.0,0.0,292.00995,0.0,0.0,0.0,-1.5707964,0.0
1970-01-01 00:00:00.316432823,0.316432823,0.0,0.0,264.09027,0.0,0.0,0.0,0.0,0.0,-1.5707964,0.0
1970-01-01 00:00:00.316453852,0.316453852,0.0,0.0,0.0,0.0,118.9335,0.0,0.0,0.0,-1.5707964,0.0
1970-01-01 00:00:00.316469927,0.316469927,0.0,0.0,328.2229,0.0,0.0,0.0,0.0,0.0,-1.5707964,0.0
1970-01-01 00:00:00.316612148,0.316612148,0.0,0.0,144.19109,0.0,0.0,0.0,0.0,0.0,-1.5707964,0.0
1970-01-01 00:00:00.316622870,0.31662287,0.0,0.0,0.0,466.8165,0.0,0.0,0.0,0.0,-1.5707964,0.0
1970-01-01 00:00:00.316669292,0.316669292,0.0,0.0,421.94302,0.0,0.0,0.0,0.0,0.0,-1.5707964,0.0
1970-01-01 00:00:00.316723487,0.316723487,0.0,0.0,275.40356,0.0,0.0,0.0,0.0,0.0,-1.5707964,0.0
1970-01-01 00:00:00.316812552,0.316812552,0.0,0.0,0.0,0.0,129.71118,0.0,0.0,0.0,-1.5707964,0.0
1970-01-01 00:00:00.316838748,0.316838748,0.0,0.0,143.76442,0.0,0.0,0.0,0.0,0.0,-1.5707964,0.0
1970-01-01 00:00:00.316969462,0.316969462,0.0,0.0,99.722885,0.0,0.0,0.0,0.0,0.0,-1.5707964,0.0
1970-01-01 00:00:00.317045123,0.317045123,0.0,0.0,0.0,0.0,0.0,368.8527,0.0,0.0,-1.5707964,0.0
1970-01-01 00:00:00.317116829,0.317116829,0.0,0.0,0.0,0.0,282.76447,0.0,0.0,0.0,-1.5707964,0.0
1970-01-01 00:00:00.317116829,0.317116829,0.0,0.0,473.93723,0.0,0.0,0.0,0.0,0.0,-1.5707964,0.0
1970-01-01 00:00:00.317117608,0.317117608,0.0,0.0,1551.3229,0.0,0.0,0.0,0.0,0.0,-1.5707964,0.0
1970-01-01 00:00:00.317242715,0.317242715,0.0,0.0,255.34708,0.0,0.0,0.0,0.0,0.0,-1.5707964,0.0
1970-01-01 00:00:00.317502480,0.31750248,0.0,0.0,85.52698,0.0,0.0,0.0,0.0,0.0,-1.5707964,0.0
1970-01-01 00:00:00.317549671,0.317549671,134.82994,0.0,0.0,0.0,0.0,0.0,0.0,0.0,-1.5707964,0.0
1970-01-01 00:00:00.317649863,0.317649863,0.0,0.0,152.66856,0.0,0.0,0.0,0.0,0.0,-1.5707964,0.0
1970-01-01 00:00:00.317671087,0.317671087,0.0,0.0,0.0,0.0,0.0,882.03564,0.0,0.0,-1.5707964,0.0
1970-01-01 00:00:00.317724830,0.31772483,0.0,0.0,1077.4783,0.0,0.0,0.0,0.0,0.0,-1.5707964,0.0
1970-01-01 00:00:00.318004935,0.318004935,0.0,0.0,0.0,0.0,0.0,188.45103,0.0,0.0,-1.5707964,0.0
1970-01-01 00:00:00.318022431,0.318022431,0.0,0.0,0.0,0.0,208.76851,0.0,0.0,0.0,-1.5707964,0.0
1970-01-01 00:00:00.318045914,0.318045914,260.4687,0.0,0.0,0.0,0.0,0.0,0.0,0.0,-1.5707964,0.0
1970-01-01 00:00:00.318159132,0.318159132,0.0,187.96465,0.0,0.0,0.0,0.0,0.0,0.0,-1.5707964,0.0
1970-01-01 00:00:00.318195071,0.318195071,0.0,0.0,1167.2993,0.0,0.0,0.0,0.0,0.0,-1.5707964,0.0
1970-01-01 00:00:00.318212874,0.318212874,0.0,0.0,182.63065,0.0,0.0,0.0,0.0,0.0,-1.5707964,0.0
1970-01-01 00:00:00.318276868,0.318276868,0.0,0.0,262.66418,0.0,0.0,0.0,0.0,0.0,-1.5707964,0.0
1970-01-01 00:00:00.318345783,0.318345783,0.0,0.0,139.61072,0.0,0.0,0.0,0.0,0.0,-1.5707964,0.0
1970-01-01 00:00:00.318463930,0.31846393,0.0,0.0,0.0,0.0,0.0,851.7846,0.0,0.0,-1.5707964,0.0
1970-01-01 00:00:00.318692796,0.318692796,0.0,0.0,523.99426,0.0,0.0,0.0,0.0,0.0,-1.5707964,0.0
1970-01-01 00:00:00.318701220,0.31870122,0.0,0.0,219.69441,0.0,0.0,0.0,0.0,0.0,-1.5707964,0.0
1970-01-01 00:00:00.318778406,0.318778406,0.0,0.0,1983.1326,0.0,0.0,0.0,0.0,0.0,-1.5707964,0.0
1970-01-01 00:00:00.318854611,0.318854611,0.0,0.0,1193.7509,0.0,0.0,0.0,0.0,0.0,-1.5707964,0.0
1970-01-01 00:00:00.318854611,0.318854611,0.0,0.0,0.0,0.0,305.00403,0.0,0.0,0.0,-1.5707964,0.0
1970-01-01 00:00:00.318907235,0.318907235,0.0,0.0,333.6942,0.0,0.0,0.0,0.0,0.0,-1.5707964,0.0
1970-01-01 00:00:00.318932758,0.318932758,0.0,0.0,0.0,0.0,0.0,579.7828,0.0,0.0,-1.5707964,0.0
1970-01-01 00:00:00.319086186,0.319086186,0.0,0.0,247.62222,0.0,0.0,0.0,0.0,0.0,-1.5707964,0.0
1970-01-01 00:00:00.319501752,0.319501752,0.0,0.0,716.11957,0.0,0.0,0.0,0.0,0.0,-1.5707964,0.0
1970-01-01 00:00:00.319509851,0.319509851,0.0,0.0,0.0,0.0,0.0,621.87396,0.0,0.0,-1.5707964,0.0
1970-01-01 00:00:00.319515950,0.31951595,0.0,95.78291,0.0,0.0,0.0,0.0,0.0,0.0,-1.5707964,0.0
1970-01-01 00:00:00.319808328,0.319808328,0.0,0.0,462.83868,0.0,0.0,0.0,0.0,0.0,-1.5707964,0.0
1970-01-01 00:00:00.319839730,0.31983973,0.0,0.0,0.0,0.0,0.0,408.29855,0.0,0.0,-1.5707964,0.0
1970-01-01 00:00:00.319932473,0.319932473,0.0,0.0,246.42862,0.0,0.0,0.0,0.0,0.0,-1.5707964,0.0
1970-01-01 00:00:00.319940890,0.31994089,0.0,0.0,201.903,0.0,0.0,0.0,0.0,0.0,-1.5707964,0.0
1970-01-01 00:00:00.320018367,0.320018367,0.0,0.0,0.0,0.0,0.0,249.83385,0.0,0.0,-1.5707964,0.0
1970-01-01 00:00:00.320072978,0.320072978,0.0,0.0,93.2535,0.0,0.0,0.0,0.0,0.0,-1.5707964,0.0
1970-01-01 00:00:00.320137430,0.32013743,0.0,0.0,396.26,0.0,0.0,0.0,0.0,0.0,-1.5707964,0.0
1970-01-01 00:00:00.320146419,0.320146419,0.0,0.0,1028.6692,0.0,0.0,0.0,0.0,0.0,-1.5707964,0.0
1970-01-01 00:00:00.320160134,0.320160134,0.0,0.0,108.713554,0.0,0.0,0.0,0.0,0.0,-1.5707964,0.0
1970-01-01 00:00:00.320177439,0.320177439,0.0,0.0,255.43837,0.0,0.0,0.0,0.0,0.0,-1.5707964,0.0
1970-01-01 00:00:00.320289477,0.320289477,0.0,0.0,130.97008,0.0,0.0,0.0,0.0,0.0,-1.5707964,0.0
1970-01-01 00:00:00.320397333,0.320397333,0.0,0.0,317.45627,0.0,0.0,0.0,0.0,0.0,-1.5707964,0.0
1970-01-01 00:00:00.320479957,0.320479957,0.0,0.0,323.18036,0.0,0.0,0.0,0.0,0.0,-1.5707964,0.0
1970-01-01 00:00:00.320493800,0.3204938,0.0,0.0,0.0,329.78763,0.0,0.0,0.0,0.0,-1.5707964,0.0
1970-01-01 00:00:00.320590974,0.320590974,0.0,0.0,89.53569,0.0,0.0,0.0,0.0,0.0,-1.5707964,0.0
1970-01-01 00:00:00.320650312,0.320650312,0.0,0.0,0.0,367.58353,0.0,0.0,0.0,0.0,-1.5707964,0.0
1970-01-01 00:00:00.320666942,0.320666942,0.0,0.0,527.077,0.0,0.0,0.0,0.0,0.0,-1.5707964,0.0
1970-01-01 00:00:00.320807542,0.320807542,0.0,0.0,150.23764,0.0,0.0,0.0,0.0,0.0,-1.5707964,0.0
1970-01-01 00:00:00.320978010,0.32097801,0.0,0.0,0.0,729.6971,0.0,0.0,0.0,0.0,-1.5707964,0.0
1970-01-01 00:00:00.321026120,0.32102612,0.0,0.0,0.0,0.0,0.0,439.0699,0.0,0.0,-1.5707964,0.0
1970-01-01 00:00:00.321039651,0.321039651,0.0,0.0,144.22151,0.0,0.0,0.0,0.0,0.0,-1.5707964,0.0
1970-01-01 00:00:00.321044584,0.321044584,0.0,0.0,0.0,0.0,0.0,587.2012,0.0,0.0,-1.5707964,0.0
1970-01-01 00:00:00.321139947,0.321139947,0.0,0.0,0.0,0.0,0.0,194.61389,0.0,0.0,-1.5707964,0.0
1970-01-01 00:00:00.321164236,0.321164236,0.0,0.0,189.86154,0.0,0.0,0.0,0.0,0.0,-1.5707964,0.0
1970-01-01 00:00:00.321177104,0.321177104,0.0,0.0,373.28064,0.0,0.0,0.0,0.0,0.0,-1.5707964,0.0
1970-01-01 00:00:00.321276810,0.32127681,0.0,0.0,370.24686,0.0,0.0,0.0,0.0,0.0,-1.5707964,0.0
1970-01-01 00:00:00.321295112,0.321295112,153.43549,0.0,0.0,0.0,0.0,0.0,0.0,0.0,-1.5707964,0.0
1970-01-01 00:00:00.321328312,0.321328312,0.0,0.0,170.51111,0.0,0.0,0.0,0.0,0.0,-1.5707964,0.0
1970-01-01 00:00:00.321471311,0.321471311,0.0,0.0,234.83511,0.0,0.0,0.0,0.0,0.0,-1.5707964,0.0
1970-01-01 00:00:00.321548705,0.321548705,0.0,0.0,0.0,0.0,203.21426,0.0,0.0,0.0,-1.5707964,0.0
1970-01-01 00:00:00.321679258,0.321679258,0.0,0.0,244.48523,0.0,0.0,0.0,0.0,0.0,-1.5707964,0.0
1970-01-01 00:00:00.321750297,0.321750297,0.0,125.6425,0.0,0.0,0.0,0.0,0.0,0.0,-1.5707964,0.0
1970-01-01 00:00:00.321753951,0.321753951,0.0,0.0,417.19345,0.0,0.0,0.0,0.0,0.0,-1.5707964,0.0
1970-01-01 00:00:00.321833232,0.321833232,0.0,0.0,662.47314,0.0,0.0,0.0,0.0,0.0,-1.5707964,0.0
1970-01-01 00:00:00.321860077,0.321860077,0.0,0.0,339.2986,0.0,0.0,0.0,0.0,0.0,-1.5707964,0.0
1970-01-01 00:00:00.321896315,0.321896315,0.0,0.0,0.0,0.0,966.72626,0.0,0.0,0.0,-1.5707964,0.0
1970-01-01 00:00:00.322050752,0.322050752,0.0,0.0,107.58415,0.0,0.0,0.0,0.0,0.0,-1.5707964,0.0
1970-01-01 00:00:00.322284923,0.322284923,0.0,0.0,0.0,324.58493,0.0,0.0,0.0,0.0,-1.5707964,0.0
1970-01-01 00:00:00.322330128,0.322330128,0.0,0.0,0.0,0.0,0.0,185.57903,0.0,0.0,-1.5707964,0.0
1970-01-01 00:00:00.322351178,0.322351178,0.0,0.0,0.0,0.0,0.0,315.31848,0.0,0.0,-1.5707964,0.0
1970-01-01 00:00:00.322400170,0.32240017,0.0,82.74772,0.0,0.0,0.0,0.0,0.0,0.0,-1.5707964,0.0
1970-01-01 00:00:00.322415578,0.322415578,0.0,0.0,0.0,203.52058,0.0,0.0,0.0,0.0,-1.5707964,0.0
1970-01-01 00:00:00.322471604,0.322471604,668.4046,0.0,0.0,0.0,0.0,0.0,0.0,0.0,-1.5707964,0.0
1970-01-01 00:00:00.322503292,0.322503292,0.0,0.0,0.0,0.0,0.0,1284.0981,0.0,0.0,-1.5707964,0.0
1970-01-01 00:00:00.322517101,0.322517101,0.0,0.0,1406.0328,0.0,0.0,0.0,0.0,0.0,-1.5707964,0.0
1970-01-01 00:00:00.322518563,0.322518563,0.0,0.0,323.52087,0.0,0.0,0.0,0.0,0.0,-1.5707964,0.0
1970-01-01 00:00:00.322910366,0.322910366,0.0,0.0,851.1148,0.0,0.0,0.0,0.0,0.0,-1.5707964,0.0
1970-01-01 00:00:00.322936005,0.322936005,0.0,0.0,424.5224,0.0,0.0,0.0,0.0,0.0,-1.5707964,0.0
1970-01-01 00:00:00.322986030,0.32298603,0.0,0.0,0.0,2255.0193,0.0,0.0,0.0,0.0,-1.5707964,0.0
1970-01-01 00:00:00.323056441,0.323056441,0.0,0.0,0.0,0.0,0.0,454.44528,0.0,0.0,-1.5707964,0.0
1970-01-01 00:00:00.323153936,0.323153936,0.0,0.0,0.0,0.0,0.0,505.13953,0.0,0.0,-1.5707964,0.0
1970-01-01 00:00:00.323353368,0.323353368,1134.1012,0.0,0.0,0.0,0.0,0.0,0.0,0.0,-1.5707964,0.0
1970-01-01 00:00:00.323389932,0.323389932,0.0,0.0,581.6629,0.0,0.0,0.0,0.0,0.0,-1.5707964,0.0
1970-01-01 00:00:00.323439634,0.323439634,0.0,0.0,0.0,0.0,0.0,157.0556,0.0,0.0,-1.5707964,0.0
1970-01-01 00:00:00.323497166,0.323497166,0.0,1097.8428,0.0,0.0,0.0,0.0,0.0,0.0,-1.5707964,0.0
1970-01-01 00:00:00.323497774,0.323497774,0.0,0.0,0.0,0.0,334.2505,0.0,0.0,0.0,-1.5707964,0.0
1970-01-01 00:00:00.323628995,0.323628995,0.0,0.0,256.12863,0.0,0.0,0.0,0.0,0.0,-1.5707964,0.0
1970-01-01 00:00:00.323661878,0.323661878,0.0,0.0,160.45323,0.0,0.0,0.0,0.0,0.0,-1.5707964,0.0
1970-01-01 00:00:00.323818183,0.323818183,0.0,0.0,0.0,0.0,0.0,205.08109,0.0,0.0,-1.5707964,0.0
1970-01-01 00:00:00.323925121,0.323925121,341.58682,0.0,0.0,0.0,0.0,0.0,0.0,0.0,-1.5707964,0.0
1970-01-01 00:00:00.324020064,0.324020064,0.0,0.0,110.211555,0.0,0.0,0.0,0.0,0.0,-1.5707964,0.0
1970-01-01 00:00:00.324027584,0.324027584,559.7647,0.0,0.0,0.0,0.0,0.0,0.0,0.0,-1.5707964,0.0
1970-01-01 00:00:00.324033016,0.324033016,0.0,0.0,644.45294,0.0,0.0,0.0,0.0,0.0,-1.5707964,0.0
1970-01-01 00:00:00.324119124,0.324119124,0.0,0.0,379.02847,0.0,0.0,0.0,0.0,0.0,-1.5707964,0.0
1970-01-01 00:00:00.324168464,0.324168464,0.0,0.0,276.6913,0.0,0.0,0.0,0.0,0.0,-1.5707964,0.0
1970-01-01 00:00:00.324273688,0.324273688,0.0,0.0,1146.7275,0.0,0.0,0.0,0.0,0.0,-1.5707964,0.0
1970-01-01 00:00:00.324655584,0.324655584,0.0,0.0,140.10881,0.0,0.0,0.0,0.0,0.0,-1.5707964,0.0
1970-01-01 00:00:00.324735708,0.324735708,0.0,0.0,0.0,0.0,325.62207,0.0,0.0,0.0,-1.5707964,0.0
1970-01-01 00:00:00.324807200,0.3248072,0.0,0.0,0.0,0.0,0.0,97.20592,0.0,0.0,-1.5707964,0.0
1970-01-01 00:00:00.324816144,0.324816144,0.0,0.0,259.2739,0.0,0.0,0.0,0.0,0.0,-1.5707964,0.0
1970-01-01 00:00:00.324878115,0.324878115,0.0,0.0,0.0,0.0,0.0,745.53613,0.0,0.0,-1.5707964,0.0
1970-01-01 00:00:00.324958177,0.324958177,0.0,0.0,117.066666,0.0,0.0,0.0,0.0,0.0,-1.5707964,0.0
1970-01-01 00:00:00.325010457,0.325010457,0.0,0.0,402.992,0.0,0.0,0.0,0.0,0.0,-1.5707964,0.0
1970-01-01 00:00:00.325054473,0.325054473,0.0,0.0,921.6588,0.0,0.0,0.0,0.0,0.0,-1.5707964,0.0
1970-01-01 00:00:00.325133683,0.325133683,0.0,0.0,189.97542,0.0,0.0,0.0,0.0,0.0,-1.5707964,0.0
1970-01-01 00:00:00.325228751,0.325228751,0.0,0.0,457.54758,0.0,0.0,0.0,0.0,0.0,-1.5707964,0.0
1970-01-01 00:00:00.325229807,0.325229807,0.0,0.0,0.0,0.0,0.0,563.1454,0.0,0.0,-1.5707964,0.0
1970-01-01 00:00:00.325369158,0.325369158,0.0,0.0,1205.1245,0.0,0.0,0.0,0.0,0.0,-1.5707964,0.0
1970-01-01 00:00:00.325370756,0.325370756,0.0,0.0,0.0,857.212,0.0,0.0,0.0,0.0,-1.5707964,0.0
1970-01-01 00:00:00.325477628,0.325477628,0.0,0.0,211.73685,0.0,0.0,0.0,0.0,0.0,-1.5707964,0.0
1970-01-01 00:00:00.325483575,0.325483575,0.0,0.0,278.1046,0.0,0.0,0.0,0.0,0.0,-1.5707964,0.0
1970-01-01 00:00:00.325489440,0.32548944,0.0,0.0,0.0,174.21104,0.0,0.0,0.0,0.0,-1.5707964,0.0
1970-01-01 00:00:00.325632512,0.325632512,0.0,0.0,861.9087,0.0,0.0,0.0,0.0,0.0,-1.5707964,0.0
1970-01-01 00:00:00.325685788,0.325685788,0.0,0.0,0.0,206.91928,0.0,0.0,0.0,0.0,-1.5707964,0.0
1970-01-01 00:00:00.325712625,0.325712625,0.0,0.0,88.77151,0.0,0.0,0.0,0.0,0.0,-1.5707964,0.0
1970-01-01 00:00:00.325812312,0.325812312,234.4087,0.0,0.0,0.0,0.0,0.0,0.0,0.0,-1.5707964,0.0
1970-01-01 00:00:00.325820537,0.325820537,0.0,0.0,80.169495,0.0,0.0,0.0,0.0,0.0,-1.5707964,0.0
1970-01-01 00:00:00.325853070,0.32585307,0.0,0.0,270.97235,0.0,0.0,0.0,0.0,0.0,-1.5707964,0.0
1970-01-01 00:00:00.325858534,0.325858534,0.0,0.0,146.42708,0.0,0.0,0.0,0.0,0.0,-1.5707964,0.0
1970-01-01 00:00:00.325920925,0.325920925,142.11594,0.0,0.0,0.0,0.0,0.0,0.0,0.0,-1.5707964,0.0
1970-01-01 00:00:00.326056519,0.326056519,0.0,0.0,1624.6842,0.0,0.0,0.0,0.0,0.0,-1.5707964,0.0
1970-01-01 00:00:00.326253222,0.326253222,0.0,0.0,0.0,268.25067,0.0,0.0,0.0,0.0,-1.5707964,0.0
1970-01-01 00:00:00.326472693,0.326472693,0.0,0.0,0.0,0.0,0.0,164.10931,0.0,0.0,-1.5707964,0.0
1970-01-01 00:00:00.326544073,0.326544073,308.598,0.0,0.0,0.0,0.0,0.0,0.0,0.0,-1.5707964,0.0
1970-01-01 00:00:00.326563749,0.326563749,0.0,0.0,732.9671,0.0,0.0,0.0,0.0,0.0,-1.5707964,0.0
1970-01-01 00:00:00.326668028,0.326668028,0.0,0.0,524.68585,0.0,0.0,0.0,0.0,0.0,-1.5707964,0.0
1970-01-01 00:00:00.326740304,0.326740304,0.0,0.0,115.309,0.0,0.0,0.0,0.0,0.0,-1.5707964,0.0
1970-01-01 00:00:00.326785556,0.326785556,0.0,0.0,152.10611,0.0,0.0,0.0,0.0,0.0,-1.5707964,0.0
1970-01-01 00:00:00.326887297,0.326887297,0.0,0.0,198.40114,0.0,0.0,0.0,0.0,0.0,-1.5707964,0.0
1970-01-01 00:00:00.326969308,0.326969308,0.0,0.0,90.30706,0.0,0.0,0.0,0.0,0.0,-1.5707964,0.0
1970-01-01 00:00:00.326992651,0.326992651,0.0,0.0,1168.2976,0.0,0.0,0.0,0.0,0.0,-1.5707964,0.0
1970-01-01 00:00:00.327009538,0.327009538,0.0,0.0,620.59784,0.0,0.0,0.0,0.0,0.0,-1.5707964,0.0
1970-01-01 00:00:00.327033911,0.327033911,0.0,0.0,0.0,0.0,128.3799,0.0,0.0,0.0,-1.5707964,0.0
1970-01-01 00:00:00.327052229,0.327052229,0.0,0.0,221.0943,0.0,0.0,0.0,0.0,0.0,-1.5707964,0.0
1970-01-01 00:00:00.327069388,0.327069388,0.0,0.0,2162.012,0.0,0.0,0.0,0.0,0.0,-1.5707964,0.0
1970-01-01 00:00:00.327105151,0.327105151,0.0,0.0,350.95724,0.0,0.0,0.0,0.0,0.0,-1.5707964,0.0
1970-01-01 00:00:00.327159346,0.327159346,0.0,0.0,0.0,0.0,170.3966,0.0,0.0,0.0,-1.5707964,0.0
1970-01-01 00:00:00.327263141,0.327263141,0.0,0.0,696.79486,0.0,0.0,0.0,0.0,0.0,-1.5707964,0.0
1970-01-01 00:00:00.327296990,0.32729699,0.0,0.0,0.0,825.15027,0.0,0.0,0.0,0.0,-1.5707964,0.0
1970-01-01 00:00:00.327302067,0.327302067,0.0,0.0,268.2594,0.0,0.0,0.0,0.0,0.0,-1.5707964,0.0
1970-01-01 00:00:00.327330023,0.327330023,0.0,0.0,117.11954,0.0,0.0,0.0,0.0,0.0,-1.5707964,0.0
1970-01-01 00:00:00.327370492,0.327370492,0.0,0.0,586.7378,0.0,0.0,0.0,0.0,0.0,-1.5707964,0.0
1970-01-01 00:00:00.327416585,0.327416585,1383.6212,0.0,0.0,0.0,0.0,0.0,0.0,0.0,-1.5707964,0.0
1970-01-01 00:00:00.327574881,0.327574881,0.0,0.0,241.22179,0.0,0.0,0.0,0.0,0.0,-1.5707964,0.0
1970-01-01 00:00:00.327576075,0.327576075,0.0,0.0,91.8674,0.0,0.0,0.0,0.0,0.0,-1.5707964,0.0
1970-01-01 00:00:00.327717968,0.327717968,0.0,0.0,0.0,0.0,0.0,248.0259,0.0,0.0,-1.5707964,0.0
1970-01-01 00:00:00.327748874,0.327748874,0.0,0.0,0.0,0.0,104.50082,0.0,0.0,0.0,-1.5707964,0.0
1970-01-01 00:00:00.327830798,0.327830798,0.0,0.0,127.54759,0.0,0.0,0.0,0.0,0.0,-1.5707964,0.0
1970-01-01 00:00:00.327973309,0.327973309,0.0,0.0,256.519,0.0,0.0,0.0,0.0,0.0,-1.5707964,0.0
1970-01-01 00:00:00.327973309,0.327973309,0.0,0.0,0.0,0.0,0.0,791.3165,0.0,0.0,-1.5707964,0.0
1970-01-01 00:00:00.328094878,0.328094878,0.0,0.0,579.8062,0.0,0.0,0.0,0.0,0.0,-1.5707964,0.0
1970-01-01 00:00:00.328139478,0.328139478,0.0,0.0,0.0,719.1999,0.0,0.0,0.0,0.0,-1.5707964,0.0
1970-01-01 00:00:00.328441938,0.328441938,0.0,0.0,0.0,0.0,0.0,207.62802,0.0,0.0,-1.5707964,0.0
1970-01-01 00:00:00.328463463,0.328463463,0.0,0.0,116.31124,0.0,0.0,0.0,0.0,0.0,-1.5707964,0.0
1970-01-01 00:00:00.328481327,0.328481327,0.0,0.0,845.1294,0.0,0.0,0.0,0.0,0.0,-1.5707964,0.0
1970-01-01 00:00:00.328504867,0.328504867,0.0,0.0,636.3563,0.0,0.0,0.0,0.0,0.0,-1.5707964,0.0
1970-01-01 00:00:00.328517292,0.328517292,0.0,0.0,95.12487,0.0,0.0,0.0,0.0,0.0,-1.5707964,0.0
1970-01-01 00:00:00.328626528,0.328626528,0.0,0.0,265.5572,0.0,0.0,0.0,0.0,0.0,-1.5707964,0.0
1970-01-01 00:00:00.329132584,0.329132584,0.0,0.0,0.0,0.0,412.44742,0.0,0.0,0.0,-1.5707964,0.0
1970-01-01 00:00:00.329132584,0.329132584,0.0,0.0,2692.4924,0.0,0.0,0.0,0.0,0.0,-1.5707964,0.0
1970-01-01 00:00:00.329288537,0.329288537,0.0,0.0,1636.7614,0.0,0.0,0.0,0.0,0.0,-1.5707964,0.0
1970-01-01 00:00:00.329558739,0.329558739,84.6316,0.0,0.0,0.0,0.0,0.0,0.0,0.0,-1.5707964,0.0
1970-01-01 00:00:00.329589224,0.329589224,0.0,0.0,209.53174,0.0,0.0,0.0,0.0,0.0,-1.5707964,0.0
1970-01-01 00:00:00.329702814,0.329702814,0.0,0.0,177.46994,0.0,0.0,0.0,0.0,0.0,-1.5707964,0.0
1970-01-01 00:00:00.329731687,0.329731687,0.0,0.0,184.20044,0.0,0.0,0.0,0.0,0.0,-1.5707964,0.0
1970-01-01 00:00:00.329882875,0.329882875,135.90555,0.0,0.0,0.0,0.0,0.0,0.0,0.0,-1.5707964,0.0
1970-01-01 00:00:00.329888661,0.329888661,99.547585,0.0,0.0,0.0,0.0,0.0,0.0,0.0,-1.5707964,0.0
1970-01-01 00:00:00.330049850,0.33004985,0.0,0.0,137.40627,0.0,0.0,0.0,0.0,0.0,-1.5707964,0.0
1970-01-01 00:00:00.330130294,0.330130294,119.68855,0.0,0.0,0.0,0.0,0.0,0.0,0.0,-1.5707964,0.0
1970-01-01 00:00:00.330155026,0.330155026,0.0,0.0,0.0,589.55914,0.0,0.0,0.0,0.0,-1.5707964,0.0
1970-01-01 00:00:00.330164561,0.330164561,0.0,0.0,704.64087,0.0,0.0,0.0,0.0,0.0,-1.5707964,0.0
1970-01-01 00:00:00.330201408,0.330201408,0.0,0.0,1902.8978,0.0,0.0,0.0,0.0,0.0,-1.5707964,0.0
1970-01-01 00:00:00.330227944,0.330227944,0.0,125.99537,0.0,0.0,0.0,0.0,0.0,0.0,-1.5707964,0.0
1970-01-01 00:00:00.330274608,0.330274608,0.0,0.0,711.8007,0.0,0.0,0.0,0.0,0.0,-1.5707964,0.0
1970-01-01 00:00:00.330359809,0.330359809,0.0,0.0,383.16675,0.0,0.0,0.0,0.0,0.0,-1.5707964,0.0
1970-01-01 00:00:00.330371161,0.330371161,0.0,0.0,439.06055,0.0,0.0,0.0,0.0,0.0,-1.5707964,0.0
1970-01-01 00:00:00.330500599,0.330500599,571.658,0.0,0.0,0.0,0.0,0.0,0.0,0.0,-1.5707964,0.0
1970-01-01 00:00:00.330539359,0.330539359,0.0,0.0,0.0,1237.2346,0.0,0.0,0.0,0.0,-1.5707964,0.0
1970-01-01 00:00:00.330580376,0.330580376,0.0,0.0,201.72546,0.0,0.0,0.0,0.0,0.0,-1.5707964,0.0
1970-01-01 00:00:00.330630595,0.330630595,0.0,0.0,0.0,723.90283,0.0,0.0,0.0,0.0,-1.5707964,0.0
1970-01-01 00:00:00.330718772,0.330718772,0.0,0.0,227.44453,0.0,0.0,0.0,0.0,0.0,-1.5707964,0.0
1970-01-01 00:00:00.330721476,0.330721476,0.0,0.0,284.45126,0.0,0.0,0.0,0.0,0.0,-1.5707964,0.0
1970-01-01 00:00:00.330816832,0.330816832,0.0,0.0,0.0,0.0,0.0,247.11534,0.0,0.0,-1.5707964,0.0
1970-01-01 00:00:00.330817473,0.330817473,0.0,0.0,0.0,0.0,446.63757,0.0,0.0,0.0,-1.5707964,0.0
1970-01-01 00:00:00.330993307,0.330993307,0.0,0.0,213.32549,0.0,0.0,0.0,0.0,0.0,-1.5707964,0.0
1970-01-01 00:00:00.331020716,0.331020716,317.49545,0.0,0.0,0.0,0.0,0.0,0.0,0.0,-1.5707964,0.0
1970-01-01 00:00:00.331306356,0.331306356,702.4636,0.0,0.0,0.0,0.0,0.0,0.0,0.0,-1.5707964,0.0
1970-01-01 00:00:00.331326629,0.331326629,0.0,0.0,0.0,0.0,367.50797,0.0,0.0,0.0,-1.5707964,0.0
1970-01-01 00:00:00.331526827,0.331526827,0.0,0.0,253.64903,0.0,0.0,0.0,0.0,0.0,-1.5707964,0.0
1970-01-01 00:00:00.331645742,0.331645742,0.0,0.0,264.51224,0.0,0.0,0.0,0.0,0.0,-1.5707964,0.0
1970-01-01 00:00:00.331876634,0.331876634,0.0,0.0,156.44112,0.0,0.0,0.0,0.0,0.0,-1.5707964,0.0
1970-01-01 00:00:00.331924139,0.331924139,0.0,0.0,0.0,0.0,0.0,98.41721,0.0,0.0,-1.5707964,0.0
1970-01-01 00:00:00.331995785,0.331995785,0.0,0.0,172.14809,0.0,0.0,0.0,0.0,0.0,-1.5707964,0.0
1970-01-01 00:00:00.332146874,0.332146874,0.0,0.0,391.952,0.0,0.0,0.0,0.0,0.0,-1.5707964,0.0
1970-01-01 00:00:00.332214822,0.332214822,196.65906,0.0,0.0,0.0,0.0,0.0,0.0,0.0,-1.5707964,0.0
1970-01-01 00:00:00.332296430,0.33229643,0.0,0.0,264.7429,0.0,0.0,0.0,0.0,0.0,-1.5707964,0.0
1970-01-01 00:00:00.332357545,0.332357545,0.0,0.0,109.39757,0.0,0.0,0.0,0.0,0.0,-1.5707964,0.0
1970-01-01 00:00:00.332375707,0.332375707,231.97523,0.0,0.0,0.0,0.0,0.0,0.0,0.0,-1.5707964,0.0
1970-01-01 00:00:00.332441170,0.33244117,0.0,0.0,450.93936,0.0,0.0,0.0,0.0,0.0,-1.5707964,0.0
1970-01-01 00:00:00.332479443,0.332479443,0.0,0.0,0.0,81.35194,0.0,0.0,0.0,0.0,-1.5707964,0.0
1970-01-01 00:00:00.332644957,0.332644957,0.0,0.0,127.37097,0.0,0.0,0.0,0.0,0.0,-1.5707964,0.0
1970-01-01 00:00:00.332719104,0.332719104,0.0,0.0,0.0,0.0,152.6131,0.0,0.0,0.0,-1.5707964,0.0
1970-01-01 00:00:00.332805196,0.332805196,0.0,0.0,0.0,849.8776,0.0,0.0,0.0,0.0,-1.5707964,0.0
1970-01-01 00:00:00.332879645,0.332879645,0.0,0.0,0.0,0.0,0.0,288.50476,0.0,0.0,-1.5707964,0.0
1970-01-01 00:00:00.332891030,0.33289103,0.0,0.0,989.9849,0.0,0.0,0.0,0.0,0.0,-1.5707964,0.0
1970-01-01 00:00:00.332915977,0.332915977,0.0,0.0,0.0,1393.7817,0.0,0.0,0.0,0.0,-1.5707964,0.0
1970-01-01 00:00:00.332920452,0.332920452,0.0,0.0,216.06183,0.0,0.0,0.0,0.0,0.0,-1.5707964,0.0
1970-01-01 00:00:00.333069228,0.333069228,0.0,0.0,0.0,550.9807,0.0,0.0,0.0,0.0,-1.5707964,0.0
1970-01-01 00:00:00.333073628,0.333073628,0.0,0.0,878.36334,0.0,0.0,0.0,0.0,0.0,-1.5707964,0.0
1970-01-01 00:00:00.333187904,0.333187904,0.0,0.0,152.55838,0.0,0.0,0.0,0.0,0.0,-1.5707964,0.0
1970-01-01 00:00:00.333307383,0.333307383,0.0,0.0,762.275,0.0,0.0,0.0,0.0,0.0,-1.5707964,0.0
1970-01-01 00:00:00.333313238,0.333313238,0.0,0.0,306.74448,0.0,0.0,0.0,0.0,0.0,-1.5707964,0.0
1970-01-01 00:00:00.333495729,0.333495729,0.0,0.0,0.0,0.0,3238.125,0.0,0.0,0.0,-1.5707964,0.0
1970-01-01 00:00:00.333780638,0.333780638,0.0,0.0,213.3564,0.0,0.0,0.0,0.0,0.0,-1.5707964,0.0
1970-01-01 00:00:00.333792756,0.333792756,0.0,0.0,312.6114,0.0,0.0,0.0,0.0,0.0,-1.5707964,0.0
1970-01-01 00:00:00.333793218,0.333793218,0.0,0.0,1184.5565,0.0,0.0,0.0,0.0,0.0,-1.5707964,0.0
1970-01-01 00:00:00.333944160,0.33394416,0.0,0.0,0.0,433.03354,0.0,0.0,0.0,0.0,-1.5707964,0.0
1970-01-01 00:00:00.334055521,0.334055521,129.99588,0.0,0.0,0.0,0.0,0.0,0.0,0.0,-1.5707964,0.0
1970-01-01 00:00:00.334074527,0.334074527,0.0,0.0,2835.3396,0.0,0.0,0.0,0.0,0.0,-1.5707964,0.0
1970-01-01 00:00:00.334179188,0.334179188,0.0,0.0,440.90842,0.0,0.0,0.0,0.0,0.0,-1.5707964,0.0
1970-01-01 00:00:00.334207853,0.334207853,0.0,139.25604,0.0,0.0,0.0,0.0,0.0,0.0,-1.5707964,0.0
1970-01-01 00:00:00.334615605,0.334615605,1139.6779,0.0,0.0,0.0,0.0,0.0,0.0,0.0,-1.5707964,0.0
1970-01-01 00:00:00.334624013,0.334624013,0.0,0.0,350.67697,0.0,0.0,0.0,0.0,0.0,-1.5707964,0.0
1970-01-01 00:00:00.334685421,0.334685421,0.0,0.0,433.1799,0.0,0.0,0.0,0.0,0.0,-1.5707964,0.0
1970-01-01 00:00:00.334687310,0.33468731,0.0,0.0,344.3225,0.0,0.0,0.0,0.0,0.0,-1.5707964,0.0
1970-01-01 00:00:00.334858996,0.334858996,0.0,0.0,595.864,0.0,0.0,0.0,0.0,0.0,-1.5707964,0.0
1970-01-01 00:00:00.334863902,0.334863902,0.0,0.0,1108.3639,0.0,0.0,0.0,0.0,0.0,-1.5707964,0.0
1970-01-01 00:00:00.334933802,0.334933802,642.5954,0.0,0.0,0.0,0.0,0.0,0.0,0.0,-1.5707964,0.0
1970-01-01 00:00:00.334933802,0.334933802,0.0,0.0,155.27493,0.0,0.0,0.0,0.0,0.0,-1.5707964,0.0
1970-01-01 00:00:00.334949589,0.334949589,0.0,0.0,430.70303,0.0,0.0,0.0,0.0,0.0,-1.5707964,0.0
1970-01-01 00:00:00.335036538,0.335036538,0.0,0.0,0.0,0.0,0.0,181.926,0.0,0.0,-1.5707964,0.0
1970-01-01 00:00:00.335148990,0.33514899,0.0,0.0,430.54977,0.0,0.0,0.0,0.0,0.0,-1.5707964,0.0
1970-01-01 00:00:00.335258218,0.335258218,0.0,0.0,815.9456,0.0,0.0,0.0,0.0,0.0,-1.5707964,0.0
1970-01-01 00:00:00.335266081,0.335266081,0.0,0.0,279.19937,0.0,0.0,0.0,0.0,0.0,-1.5707964,0.0
1970-01-01 00:00:00.335295758,0.335295758,0.0,0.0,817.5252,0.0,0.0,0.0,0.0,0.0,-1.5707964,0.0
1970-01-01 00:00:00.335376518,0.335376518,0.0,0.0,379.82843,0.0,0.0,0.0,0.0,0.0,-1.5707964,0.0
1970-01-01 00:00:00.335387856,0.335387856,0.0,0.0,496.39175,0.0,0.0,0.0,0.0,0.0,-1.5707964,0.0
1970-01-01 00:00:00.335388700,0.3353887,791.58514,0.0,0.0,0.0,0.0,0.0,0.0,0.0,-1.5707964,0.0
1970-01-01 00:00:00.335791761,0.335791761,0.0,0.0,183.83804,0.0,0.0,0.0,0.0,0.0,-1.5707964,0.0
1970-01-01 00:00:00.335802572,0.335802572,0.0,0.0,0.0,0.0,1052.9443,0.0,0.0,0.0,-1.5707964,0.0
1970-01-01 00:00:00.336071781,0.336071781,0.0,0.0,434.7332,0.0,0.0,0.0,0.0,0.0,-1.5707964,0.0
1970-01-01 00:00:00.336071781,0.336071781,0.0,0.0,0.0,0.0,1908.8693,0.0,0.0,0.0,-1.5707964,0.0
1970-01-01 00:00:00.336206231,0.336206231,0.0,190.17575,0.0,0.0,0.0,0.0,0.0,0.0,-1.5707964,0.0
1970-01-01 00:00:00.336286829,0.336286829,347.7653,0.0,0.0,0.0,0.0,0.0,0.0,0.0,-1.5707964,0.0
1970-01-01 00:00:00.336354799,0.336354799,0.0,0.0,595.69574,0.0,0.0,0.0,0.0,0.0,-1.5707964,0.0
1970-01-01 00:00:00.336513977,0.336513977,0.0,0.0,110.93822,0.0,0.0,0.0,0.0,0.0,-1.5707964,0.0
1970-01-01 00:00:00.336656381,0.336656381,0.0,0.0,138.87843,0.0,0.0,0.0,0.0,0.0,-1.5707964,0.0
1970-01-01 00:00:00.336726646,0.336726646,0.0,0.0,244.57335,0.0,0.0,0.0,0.0,0.0,-1.5707964,0.0
1970-01-01 00:00:00.336810215,0.336810215,0.0,0.0,931.6342,0.0,0.0,0.0,0.0,0.0,-1.5707964,0.0
1970-01-01 00:00:00.336907177,0.336907177,0.0,0.0,0.0,450.74957,0.0,0.0,0.0,0.0,-1.5707964,0.0
1970-01-01 00:00:00.336924399,0.336924399,104.33327,0.0,0.0,0.0,0.0,0.0,0.0,0.0,-1.5707964,0.0
1970-01-01 00:00:00.337056558,0.337056558,0.0,0.0,2001.5638,0.0,0.0,0.0,0.0,0.0,-1.5707964,0.0
1970-01-01 00:00:00.337118525,0.337118525,0.0,0.0,1049.0619,0.0,0.0,0.0,0.0,0.0,-1.5707964,0.0
1970-01-01 00:00:00.337171236,0.337171236,0.0,0.0,0.0,0.0,4723.4497,0.0,0.0,0.0,-1.5707964,0.0
1970-01-01 00:00:00.337315359,0.337315359,0.0,0.0,543.8071,0.0,0.0,0.0,0.0,0.0,-1.5707964,0.0
1970-01-01 00:00:00.337487410,0.33748741,0.0,0.0,187.21405,0.0,0.0,0.0,0.0,0.0,-1.5707964,0.0
1970-01-01 00:00:00.337513202,0.337513202,0.0,0.0,0.0,0.0,339.8199,0.0,0.0,0.0,-1.5707964,0.0
1970-01-01 00:00:00.337519190,0.33751919,0.0,0.0,1342.2898,0.0,0.0,0.0,0.0,0.0,-1.5707964,0.0
1970-01-01 00:00:00.337680882,0.337680882,0.0,0.0,0.0,0.0,223.52052,0.0,0.0,0.0,-1.5707964,0.0
1970-01-01 00:00:00.337959356,0.337959356,0.0,0.0,294.86118,0.0,0.0,0.0,0.0,0.0,-1.5707964,0.0
1970-01-01 00:00:00.337981666,0.337981666,0.0,0.0,1233.2177,0.0,0.0,0.0,0.0,0.0,-1.5707964,0.0
1970-01-01 00:00:00.338057824,0.338057824,0.0,0.0,302.31827,0.0,0.0,0.0,0.0,0.0,-1.5707964,0.0
1970-01-01 00:00:00.338159117,0.338159117,0.0,0.0,0.0,0.0,272.84665,0.0,0.0,0.0,-1.5707964,0.0
1970-01-01 00:00:00.338351723,0.338351723,0.0,0.0,0.0,0.0,0.0,434.5612,0.0,0.0,-1.5707964,0.0
1970-01-01 00:00:00.338520801,0.338520801,0.0,0.0,154.25606,0.0,0.0,0.0,0.0,0.0,-1.5707964,0.0
1970-01-01 00:00:00.338804208,0.338804208,0.0,0.0,410.46133,0.0,0.0,0.0,0.0,0.0,-1.5707964,0.0
1970-01-01 00:00:00.339078235,0.339078235,0.0,0.0,141.2549,0.0,0.0,0.0,0.0,0.0,-1.5707964,0.0
1970-01-01 00:00:00.339159342,0.339159342,0.0,0.0,361.43375,0.0,0.0,0.0,0.0,0.0,-1.5707964,0.0
1970-01-01 00:00:00.339408507,0.339408507,0.0,0.0,0.0,678.97046,0.0,0.0,0.0,0.0,-1.5707964,0.0
1970-01-01 00:00:00.339503441,0.339503441,0.0,0.0,194.18066,0.0,0.0,0.0,0.0,0.0,-1.5707964,0.0
1970-01-01 00:00:00.339544192,0.339544192,0.0,0.0,0.0,218.36472,0.0,0.0,0.0,0.0,-1.5707964,0.0
1970-01-01 00:00:00.339702100,0.3397021,0.0,0.0,687.23474,0.0,0.0,0.0,0.0,0.0,-1.5707964,0.0
1970-01-01 00:00:00.339821907,0.339821907,0.0,0.0,0.0,205.01341,0.0,0.0,0.0,0.0,-1.5707964,0.0
1970-01-01 00:00:00.339931830,0.33993183,0.0,0.0,112.29862,0.0,0.0,0.0,0.0,0.0,-1.5707964,0.0
1970-01-01 00:00:00.339980235,0.339980235,0.0,0.0,1181.289,0.0,0.0,0.0,0.0,0.0,-1.5707964,0.0
1970-01-01 00:00:00.340003964,0.340003964,0.0,0.0,123.071304,0.0,0.0,0.0,0.0,0.0,-1.5707964,0.0
1970-01-01 00:00:00.340102196,0.340102196,0.0,0.0,766.78357,0.0,0.0,0.0,0.0,0.0,-1.5707964,0.0
1970-01-01 00:00:00.340108021,0.340108021,0.0,0.0,85.68308,0.0,0.0,0.0,0.0,0.0,-1.5707964,0.0
1970-01-01 00:00:00.340286878,0.340286878,0.0,0.0,318.07944,0.0,0.0,0.0,0.0,0.0,-1.5707964,0.0
1970-01-01 00:00:00.340306406,0.340306406,0.0,0.0,0.0,0.0,270.72736,0.0,0.0,0.0,-1.5707964,0.0
1970-01-01 00:00:00.340893168,0.340893168,0.0,0.0,152.47864,0.0,0.0,0.0,0.0,0.0,-1.5707964,0.0
1970-01-01 00:00:00.340914908,0.340914908,0.0,0.0,86.48033,0.0,0.0,0.0,0.0,0.0,-1.5707964,0.0
1970-01-01 00:00:00.341370575,0.341370575,0.0,0.0,81.35898,0.0,0.0,0.0,0.0,0.0,-1.5707964,0.0
1970-01-01 00:00:00.341560546,0.341560546,2025.997,0.0,0.0,0.0,0.0,0.0,0.0,0.0,-1.5707964,0.0
1970-01-01 00:00:00.341708065,0.341708065,0.0,0.0,1119.3179,0.0,0.0,0.0,0.0,0.0,-1.5707964,0.0
1970-01-01 00:00:00.341881178,0.341881178,0.0,0.0,0.0,0.0,0.0,268.84418,0.0,0.0,-1.5707964,0.0
1970-01-01 00:00:00.342216402,0.342216402,0.0,0.0,563.7123,0.0,0.0,0.0,0.0,0.0,-1.5707964,0.0
1970-01-01 00:00:00.342216402,0.342216402,0.0,0.0,0.0,0.0,745.6736,0.0,0.0,0.0,-1.5707964,0.0
1970-01-01 00:00:00.342480536,0.342480536,0.0,0.0,599.8701,0.0,0.0,0.0,0.0,0.0,-1.5707964,0.0
1970-01-01 00:00:00.342654552,0.342654552,0.0,0.0,594.79376,0.0,0.0,0.0,0.0,0.0,-1.5707964,0.0
1970-01-01 00:00:00.343082499,0.343082499,0.0,0.0,666.3664,0.0,0.0,0.0,0.0,0.0,-1.5707964,0.0
1970-01-01 00:00:00.343113712,0.343113712,0.0,0.0,94.629395,0.0,0.0,0.0,0.0,0.0,-1.5707964,0.0
1970-01-01 00:00:00.343339100,0.3433391,0.0,0.0,0.0,0.0,330.48096,0.0,0.0,0.0,-1.5707964,0.0
1970-01-01 00:00:00.343357976,0.343357976,0.0,0.0,590.9489,0.0,0.0,0.0,0.0,0.0,-1.5707964,0.0
1970-01-01 00:00:00.343442367,0.343442367,0.0,0.0,130.32716,0.0,0.0,0.0,0.0,0.0,-1.5707964,0.0
1970-01-01 00:00:00.343794663,0.343794663,0.0,0.0,118.72484,0.0,0.0,0.0,0.0,0.0,-1.5707964,0.0
1970-01-01 00:00:00.343794663,0.343794663,0.0,0.0,0.0,0.0,0.0,134.08821,0.0,0.0,-1.5707964,0.0
1970-01-01 00:00:00.343842624,0.343842624,0.0,0.0,0.0,0.0,604.7666,0.0,0.0,0.0,-1.5707964,0.0
1970-01-01 00:00:00.343926594,0.343926594,0.0,189.18936,0.0,0.0,0.0,0.0,0.0,0.0,-1.5707964,0.0
1970-01-01 00:00:00.343967429,0.343967429,0.0,0.0,719.0017,0.0,0.0,0.0,0.0,0.0,-1.5707964,0.0
1970-01-01 00:00:00.344090151,0.344090151,0.0,0.0,271.16846,0.0,0.0,0.0,0.0,0.0,-1.5707964,0.0
1970-01-01 00:00:00.344314263,0.344314263,0.0,0.0,346.35577,0.0,0.0,0.0,0.0,0.0,-1.5707964,0.0
1970-01-01 00:00:00.344397422,0.344397422,0.0,0.0,215.6654,0.0,0.0,0.0,0.0,0.0,-1.5707964,0.0
1970-01-01 00:00:00.344624830,0.34462483,0.0,0.0,0.0,0.0,138.55988,0.0,0.0,0.0,-1.5707964,0.0
1970-01-01 00:00:00.344765491,0.344765491,0.0,0.0,1514.826,0.0,0.0,0.0,0.0,0.0,-1.5707964,0.0
1970-01-01 00:00:00.344850560,0.34485056,0.0,0.0,316.24866,0.0,0.0,0.0,0.0,0.0,-1.5707964,0.0
1970-01-01 00:00:00.344920092,0.344920092,0.0,0.0,0.0,0.0,0.0,180.07777,0.0,0.0,-1.5707964,0.0
1970-01-01 00:00:00.345285616,0.345285616,0.0,0.0,285.14468,0.0,0.0,0.0,0.0,0.0,-1.5707964,0.0
1970-01-01 00:00:00.345308202,0.345308202,0.0,0.0,0.0,428.7856,0.0,0.0,0.0,0.0,-1.5707964,0.0
1970-01-01 00:00:00.345337200,0.3453372,0.0,0.0,103.21574,0.0,0.0,0.0,0.0,0.0,-1.5707964,0.0
1970-01-01 00:00:00.345468868,0.345468868,117.29338,0.0,0.0,0.0,0.0,0.0,0.0,0.0,-1.5707964,0.0
1970-01-01 00:00:00.345491485,0.345491485,0.0,0.0,0.0,0.0,456.63086,0.0,0.0,0.0,-1.5707964,0.0
1970-01-01 00:00:00.345756472,0.345756472,0.0,0.0,366.37152,0.0,0.0,0.0,0.0,0.0,-1.5707964,0.0
1970-01-01 00:00:00.345760913,0.345760913,184.38548,0.0,0.0,0.0,0.0,0.0,0.0,0.0,-1.5707964,0.0
1970-01-01 00:00:00.345785897,0.345785897,0.0,0.0,933.32025,0.0,0.0,0.0,0.0,0.0,-1.5707964,0.0
1970-01-01 00:00:00.345795961,0.345795961,0.0,0.0,87.90401,0.0,0.0,0.0,0.0,0.0,-1.5707964,0.0
1970-01-01 00:00:00.346000163,0.346000163,0.0,0.0,0.0,0.0,234.45007,0.0,0.0,0.0,-1.5707964,0.0
1970-01-01 00:00:00.346022331,0.346022331,0.0,0.0,0.0,0.0,157.73424,0.0,0.0,0.0,-1.5707964,0.0
1970-01-01 00:00:00.346049973,0.346049973,0.0,0.0,227.57874,0.0,0.0,0.0,0.0,0.0,-1.5707964,0.0
1970-01-01 00:00:00.346102161,0.346102161,0.0,0.0,478.03253,0.0,0.0,0.0,0.0,0.0,-1.5707964,0.0
1970-01-01 00:00:00.346231617,0.346231617,261.66534,0.0,0.0,0.0,0.0,0.0,0.0,0.0,-1.5707964,0.0
1970-01-01 00:00:00.346377497,0.346377497,0.0,0.0,0.0,0.0,0.0,179.66,0.0,0.0,-1.5707964,0.0
1970-01-01 00:00:00.346838604,0.346838604,0.0,0.0,127.39362,0.0,0.0,0.0,0.0,0.0,-1.5707964,0.0
1970-01-01 00:00:00.346862175,0.346862175,0.0,0.0,208.46983,0.0,0.0,0.0,0.0,0.0,-1.5707964,0.0
1970-01-01 00:00:00.346951202,0.346951202,0.0,0.0,85.26577,0.0,0.0,0.0,0.0,0.0,-1.5707964,0.0
1970-01-01 00:00:00.347363246,0.347363246,0.0,0.0,428.79785,0.0,0.0,0.0,0.0,0.0,-1.5707964,0.0
1970-01-01 00:00:00.347365882,0.347365882,0.0,0.0,462.693,0.0,0.0,0.0,0.0,0.0,-1.5707964,0.0
1970-01-01 00:00:00.347877432,0.347877432,0.0,0.0,156.38664,0.0,0.0,0.0,0.0,0.0,-1.5707964,0.0
1970-01-01 00:00:00.348281226,0.348281226,0.0,0.0,976.97894,0.0,0.0,0.0,0.0,0.0,-1.5707964,0.0
1970-01-01 00:00:00.348315537,0.348315537,0.0,0.0,146.8442,0.0,0.0,0.0,0.0,0.0,-1.5707964,0.0
1970-01-01 00:00:00.348502069,0.348502069,0.0,0.0,97.80507,0.0,0.0,0.0,0.0,0.0,-1.5707964,0.0
1970-01-01 00:00:00.348557716,0.348557716,0.0,0.0,349.53345,0.0,0.0,0.0,0.0,0.0,-1.5707964,0.0
1970-01-01 00:00:00.348732326,0.348732326,0.0,0.0,453.99298,0.0,0.0,0.0,0.0,0.0,-1.5707964,0.0
1970-01-01 00:00:00.348740552,0.348740552,0.0,0.0,269.2684,0.0,0.0,0.0,0.0,0.0,-1.5707964,0.0
1970-01-01 00:00:00.348785261,0.348785261,0.0,0.0,3109.43,0.0,0.0,0.0,0.0,0.0,-1.5707964,0.0
1970-01-01 00:00:00.348806413,0.348806413,0.0,0.0,123.8119,0.0,0.0,0.0,0.0,0.0,-1.5707964,0.0
1970-01-01 00:00:00.349135569,0.349135569,0.0,0.0,199.12238,0.0,0.0,0.0,0.0,0.0,-1.5707964,0.0
1970-01-01 00:00:00.349194072,0.349194072,0.0,0.0,0.0,0.0,0.0,170.0579,0.0,0.0,-1.5707964,0.0
1970-01-01 00:00:00.349479035,0.349479035,0.0,0.0,85.11393,0.0,0.0,0.0,0.0,0.0,-1.5707964,0.0
1970-01-01 00:00:00.349544688,0.349544688,0.0,0.0,201.81326,0.0,0.0,0.0,0.0,0.0,-1.5707964,0.0
1970-01-01 00:00:00.349613577,0.349613577,115.09506,0.0,0.0,0.0,0.0,0.0,0.0,0.0,-1.5707964,0.0
1970-01-01 00:00:00.349617685,0.349617685,0.0,0.0,2041.5035,0.0,0.0,0.0,0.0,0.0,-1.5707964,0.0
1970-01-01 00:00:00.350049566,0.350049566,0.0,0.0,150.14539,0.0,0.0,0.0,0.0,0.0,-1.5707964,0.0
1970-01-01 00:00:00.350062368,0.350062368,0.0,0.0,105.166466,0.0,0.0,0.0,0.0,0.0,-1.5707964,0.0
1970-01-01 00:00:00.350589368,0.350589368,0.0,0.0,257.70154,0.0,0.0,0.0,0.0,0.0,-1.5707964,0.0
1970-01-01 00:00:00.351122330,0.35112233,0.0,0.0,211.25438,0.0,0.0,0.0,0.0,0.0,-1.5707964,0.0
1970-01-01 00:00:00.351277763,0.351277763,0.0,0.0,688.89795,0.0,0.0,0.0,0.0,0.0,-1.5707964,0.0
1970-01-01 00:00:00.351369594,0.351369594,93.46003,0.0,0.0,0.0,0.0,0.0,0.0,0.0,-1.5707964,0.0
1970-01-01 00:00:00.351455604,0.351455604,0.0,0.0,0.0,247.93889,0.0,0.0,0.0,0.0,-1.5707964,0.0
1970-01-01 00:00:00.351740050,0.35174005,0.0,0.0,108.64079,0.0,0.0,0.0,0.0,0.0,-1.5707964,0.0
1970-01-01 00:00:00.351804344,0.351804344,0.0,0.0,0.0,0.0,0.0,110.58901,0.0,0.0,-1.5707964,0.0
1970-01-01 00:00:00.352135861,0.352135861,0.0,0.0,0.0,0.0,160.49332,0.0,0.0,0.0,-1.5707964,0.0
1970-01-01 00:00:00.352519781,0.352519781,0.0,0.0,726.2456,0.0,0.0,0.0,0.0,0.0,-1.5707964,0.0
1970-01-01 00:00:00.352937186,0.352937186,0.0,0.0,377.87463,0.0,0.0,0.0,0.0,0.0,-1.5707964,0.0
1970-01-01 00:00:00.353188120,0.35318812,0.0,0.0,0.0,0.0,0.0,1327.8694,0.0,0.0,-1.5707964,0.0
1970-01-01 00:00:00.353507918,0.353507918,0.0,0.0,144.39803,0.0,0.0,0.0,0.0,0.0,-1.5707964,0.0
1970-01-01 00:00:00.353568904,0.353568904,0.0,0.0,912.303,0.0,0.0,0.0,0.0,0.0,-1.5707964,0.0
1970-01-01 00:00:00.353805624,0.353805624,0.0,0.0,419.48907,0.0,0.0,0.0,0.0,0.0,-1.5707964,0.0
1970-01-01 00:00:00.354021053,0.354021053,0.0,0.0,252.83437,0.0,0.0,0.0,0.0,0.0,-1.5707964,0.0
1970-01-01 00:00:00.354092949,0.354092949,0.0,0.0,153.03557,0.0,0.0,0.0,0.0,0.0,-1.5707964,0.0
1970-01-01 00:00:00.354138328,0.354138328,0.0,0.0,133.50511,0.0,0.0,0.0,0.0,0.0,-1.5707964,0.0
1970-01-01 00:00:00.354241003,0.354241003,146.61455,0.0,0.0,0.0,0.0,0.0,0.0,0.0,-1.5707964,0.0
1970-01-01 00:00:00.354374198,0.354374198,0.0,0.0,121.68351,0.0,0.0,0.0,0.0,0.0,-1.5707964,0.0
1970-01-01 00:00:00.354384104,0.354384104,0.0,0.0,257.20087,0.0,0.0,0.0,0.0,0.0,-1.5707964,0.0
1970-01-01 00:00:00.354559478,0.354559478,0.0,0.0,446.971,0.0,0.0,0.0,0.0,0.0,-1.5707964,0.0
1970-01-01 00:00:00.354632669,0.354632669,372.9109,0.0,0.0,0.0,0.0,0.0,0.0,0.0,-1.5707964,0.0
1970-01-01 00:00:00.354659123,0.354659123,0.0,0.0,243.83072,0.0,0.0,0.0,0.0,0.0,-1.5707964,0.0
1970-01-01 00:00:00.355224341,0.355224341,0.0,0.0,194.7943,0.0,0.0,0.0,0.0,0.0,-1.5707964,0.0
1970-01-01 00:00:00.355351391,0.355351391,0.0,0.0,315.8168,0.0,0.0,0.0,0.0,0.0,-1.5707964,0.0
1970-01-01 00:00:00.355351391,0.355351391,0.0,0.0,0.0,0.0,471.98038,0.0,0.0,0.0,-1.5707964,0.0
1970-01-01 00:00:00.355534428,0.355534428,0.0,0.0,0.0,0.0,185.83345,0.0,0.0,0.0,-1.5707964,0.0
1970-01-01 00:00:00.355578862,0.355578862,0.0,0.0,325.5653,0.0,0.0,0.0,0.0,0.0,-1.5707964,0.0
1970-01-01 00:00:00.355679867,0.355679867,0.0,0.0,354.26657,0.0,0.0,0.0,0.0,0.0,-1.5707964,0.0
1970-01-01 00:00:00.355731471,0.355731471,0.0,0.0,0.0,326.67035,0.0,0.0,0.0,0.0,-1.5707964,0.0
1970-01-01 00:00:00.355824459,0.355824459,0.0,0.0,1202.3307,0.0,0.0,0.0,0.0,0.0,-1.5707964,0.0
1970-01-01 00:00:00.355947174,0.355947174,0.0,0.0,137.85263,0.0,0.0,0.0,0.0,0.0,-1.5707964,0.0
1970-01-01 00:00:00.355968116,0.355968116,0.0,0.0,81.92691,0.0,0.0,0.0,0.0,0.0,-1.5707964,0.0
1970-01-01 00:00:00.356163604,0.356163604,0.0,0.0,124.6487,0.0,0.0,0.0,0.0,0.0,-1.5707964,0.0
1970-01-01 00:00:00.356250476,0.356250476,0.0,0.0,0.0,0.0,779.94,0.0,0.0,0.0,-1.5707964,0.0
1970-01-01 00:00:00.356250476,0.356250476,0.0,0.0,282.1626,0.0,0.0,0.0,0.0,0.0,-1.5707964,0.0
1970-01-01 00:00:00.356273064,0.356273064,0.0,0.0,321.7081,0.0,0.0,0.0,0.0,0.0,-1.5707964,0.0
1970-01-01 00:00:00.356353703,0.356353703,0.0,0.0,522.7034,0.0,0.0,0.0,0.0,0.0,-1.5707964,0.0
1970-01-01 00:00:00.356843029,0.356843029,0.0,0.0,171.19162,0.0,0.0,0.0,0.0,0.0,-1.5707964,0.0
1970-01-01 00:00:00.357040696,0.357040696,0.0,0.0,244.49232,0.0,0.0,0.0,0.0,0.0,-1.5707964,0.0
1970-01-01 00:00:00.357062213,0.357062213,0.0,0.0,2017.3363,0.0,0.0,0.0,0.0,0.0,-1.5707964,0.0
1970-01-01 00:00:00.357096189,0.357096189,454.42416,0.0,0.0,0.0,0.0,0.0,0.0,0.0,-1.5707964,0.0
1970-01-01 00:00:00.357144187,0.357144187,0.0,0.0,634.3114,0.0,0.0,0.0,0.0,0.0,-1.5707964,0.0
1970-01-01 00:00:00.357144187,0.357144187,0.0,0.0,0.0,0.0,1412.298,0.0,0.0,0.0,-1.5707964,0.0
1970-01-01 00:00:00.357409690,0.35740969,163.86205,0.0,0.0,0.0,0.0,0.0,0.0,0.0,-1.5707964,0.0
1970-01-01 00:00:00.357451574,0.357451574,0.0,0.0,362.71616,0.0,0.0,0.0,0.0,0.0,-1.5707964,0.0
1970-01-01 00:00:00.357501549,0.357501549,0.0,0.0,131.91072,0.0,0.0,0.0,0.0,0.0,-1.5707964,0.0
1970-01-01 00:00:00.357671374,0.357671374,0.0,0.0,330.59958,0.0,0.0,0.0,0.0,0.0,-1.5707964,0.0
1970-01-01 00:00:00.357861576,0.357861576,826.4356,0.0,0.0,0.0,0.0,0.0,0.0,0.0,-1.5707964,0.0
1970-01-01 00:00:00.358084757,0.358084757,0.0,0.0,389.07465,0.0,0.0,0.0,0.0,0.0,-1.5707964,0.0
1970-01-01 00:00:00.358224069,0.358224069,0.0,0.0,0.0,0.0,177.94772,0.0,0.0,0.0,-1.5707964,0.0
1970-01-01 00:00:00.358305381,0.358305381,143.16887,0.0,0.0,0.0,0.0,0.0,0.0,0.0,-1.5707964,0.0
1970-01-01 00:00:00.358389847,0.358389847,0.0,0.0,498.16086,0.0,0.0,0.0,0.0,0.0,-1.5707964,0.0
1970-01-01 00:00:00.358393708,0.358393708,0.0,0.0,0.0,0.0,0.0,2098.5222,0.0,0.0,-1.5707964,0.0
1970-01-01 00:00:00.358447802,0.358447802,0.0,0.0,184.49672,0.0,0.0,0.0,0.0,0.0,-1.5707964,0.0
1970-01-01 00:00:00.359137533,0.359137533,185.29121,0.0,0.0,0.0,0.0,0.0,0.0,0.0,-1.5707964,0.0
1970-01-01 00:00:00.359390653,0.359390653,0.0,0.0,86.894295,0.0,0.0,0.0,0.0,0.0,-1.5707964,0.0
1970-01-01 00:00:00.359448537,0.359448537,0.0,0.0,82.23333,0.0,0.0,0.0,0.0,0.0,-1.5707964,0.0
1970-01-01 00:00:00.359583693,0.359583693,0.0,0.0,0.0,0.0,290.62183,0.0,0.0,0.0,-1.5707964,0.0
1970-01-01 00:00:00.359894974,0.359894974,125.77036,0.0,0.0,0.0,0.0,0.0,0.0,0.0,-1.5707964,0.0
1970-01-01 00:00:00.360397591,0.360397591,0.0,0.0,0.0,0.0,0.0,96.487755,0.0,0.0,-1.5707964,0.0
1970-01-01 00:00:00.360558540,0.36055854,0.0,246.93599,0.0,0.0,0.0,0.0,0.0,0.0,-1.5707964,0.0
1970-01-01 00:00:00.360962692,0.360962692,0.0,0.0,0.0,1476.9702,0.0,0.0,0.0,0.0,-1.5707964,0.0
1970-01-01 00:00:00.361033383,0.361033383,0.0,0.0,0.0,0.0,101.187675,0.0,0.0,0.0,-1.5707964,0.0
1970-01-01 00:00:00.361123873,0.361123873,0.0,120.579666,0.0,0.0,0.0,0.0,0.0,0.0,-1.5707964,0.0
1970-01-01 00:00:00.361204635,0.361204635,0.0,0.0,0.0,0.0,0.0,243.12169,0.0,0.0,-1.5707964,0.0
1970-01-01 00:00:00.361429017,0.361429017,0.0,0.0,0.0,125.19491,0.0,0.0,0.0,0.0,-1.5707964,0.0
1970-01-01 00:00:00.361638442,0.361638442,0.0,0.0,0.0,0.0,0.0,140.44095,0.0,0.0,-1.5707964,0.0
1970-01-01 00:00:00.361966634,0.361966634,0.0,0.0,0.0,0.0,0.0,150.78711,0.0,0.0,-1.5707964,0.0
1970-01-01 00:00:00.361992625,0.361992625,0.0,0.0,0.0,0.0,0.0,255.54109,0.0,0.0,-1.5707964,0.0
1970-01-01 00:00:00.362074113,0.362074113,0.0,0.0,605.98315,0.0,0.0,0.0,0.0,0.0,-1.5707964,0.0
1970-01-01 00:00:00.362079700,0.3620797,0.0,0.0,222.42455,0.0,0.0,0.0,0.0,0.0,-1.5707964,0.0
1970-01-01 00:00:00.362472039,0.362472039,0.0,0.0,225.45259,0.0,0.0,0.0,0.0,0.0,-1.5707964,0.0
1970-01-01 00:00:00.362500290,0.36250029,0.0,0.0,0.0,0.0,0.0,197.11957,0.0,0.0,-1.5707964,0.0
1970-01-01 00:00:00.362567344,0.362567344,0.0,0.0,84.49306,0.0,0.0,0.0,0.0,0.0,-1.5707964,0.0
1970-01-01 00:00:00.362818811,0.362818811,0.0,0.0,491.15485,0.0,0.0,0.0,0.0,0.0,-1.5707964,0.0
1970-01-01 00:00:00.362840399,0.362840399,0.0,1053.4961,0.0,0.0,0.0,0.0,0.0,0.0,-1.5707964,0.0
1970-01-01 00:00:00.362988951,0.362988951,1251.5267,0.0,0.0,0.0,0.0,0.0,0.0,0.0,-1.5707964,0.0
1970-01-01 00:00:00.363099992,0.363099992,0.0,0.0,922.67456,0.0,0.0,0.0,0.0,0.0,-1.5707964,0.0
1970-01-01 00:00:00.363125748,0.363125748,0.0,0.0,279.86182,0.0,0.0,0.0,0.0,0.0,-1.5707964,0.0
1970-01-01 00:00:00.363217739,0.363217739,0.0,0.0,0.0,602.5226,0.0,0.0,0.0,0.0,-1.5707964,0.0
1970-01-01 00:00:00.363290801,0.363290801,233.97948,0.0,0.0,0.0,0.0,0.0,0.0,0.0,-1.5707964,0.0
1970-01-01 00:00:00.363757995,0.363757995,0.0,0.0,523.58887,0.0,0.0,0.0,0.0,0.0,-1.5707964,0.0
1970-01-01 00:00:00.363757995,0.363757995,0.0,0.0,0.0,148.0147,0.0,0.0,0.0,0.0,-1.5707964,0.0
1970-01-01 00:00:00.364087695,0.364087695,0.0,0.0,120.43891,0.0,0.0,0.0,0.0,0.0,-1.5707964,0.0
1970-01-01 00:00:00.364689066,0.364689066,0.0,0.0,298.61847,0.0,0.0,0.0,0.0,0.0,-1.5707964,0.0
1970-01-01 00:00:00.364789700,0.3647897,0.0,0.0,342.5304,0.0,0.0,0.0,0.0,0.0,-1.5707964,0.0
1970-01-01 00:00:00.364962091,0.364962091,0.0,0.0,763.4085,0.0,0.0,0.0,0.0,0.0,-1.5707964,0.0
1970-01-01 00:00:00.365101655,0.365101655,0.0,0.0,309.98544,0.0,0.0,0.0,0.0,0.0,-1.5707964,0.0
1970-01-01 00:00:00.365251194,0.365251194,0.0,0.0,343.64124,0.0,0.0,0.0,0.0,0.0,-1.5707964,0.0
1970-01-01 00:00:00.366213727,0.366213727,0.0,0.0,106.53782,0.0,0.0,0.0,0.0,0.0,-1.5707964,0.0
1970-01-01 00:00:00.366281460,0.36628146,0.0,0.0,0.0,0.0,104.62938,0.0,0.0,0.0,-1.5707964,0.0
1970-01-01 00:00:00.366438734,0.366438734,0.0,0.0,192.05994,0.0,0.0,0.0,0.0,0.0,-1.5707964,0.0
1970-01-01 00:00:00.366456934,0.366456934,0.0,0.0,207.92567,0.0,0.0,0.0,0.0,0.0,-1.5707964,0.0
1970-01-01 00:00:00.367486920,0.36748692,0.0,0.0,305.32214,0.0,0.0,0.0,0.0,0.0,-1.5707964,0.0
1970-01-01 00:00:00.367540212,0.367540212,0.0,0.0,0.0,0.0,888.99347,0.0,0.0,0.0,-1.5707964,0.0
1970-01-01 00:00:00.367909081,0.367909081,187.39311,0.0,0.0,0.0,0.0,0.0,0.0,0.0,-1.5707964,0.0
1970-01-01 00:00:00.369249954,0.369249954,0.0,0.0,755.9514,0.0,0.0,0.0,0.0,0.0,-1.5707964,0.0
1970-01-01 00:00:00.369695974,0.369695974,0.0,0.0,406.53574,0.0,0.0,0.0,0.0,0.0,-1.5707964,0.0
1970-01-01 00:00:00.369718672,0.369718672,0.0,0.0,416.15527,0.0,0.0,0.0,0.0,0.0,-1.5707964,0.0
1970-01-01 00:00:00.369837879,0.369837879,0.0,0.0,171.32245,0.0,0.0,0.0,0.0,0.0,-1.5707964,0.0
1970-01-01 00:00:00.370003901,0.370003901,0.0,0.0,510.35123,0.0,0.0,0.0,0.0,0.0,-1.5707964,0.0
1970-01-01 00:00:00.371317024,0.371317024,0.0,0.0,0.0,1400.3737,0.0,0.0,0.0,0.0,-1.5707964,0.0
1970-01-01 00:00:00.371331043,0.371331043,0.0,0.0,645.9859,0.0,0.0,0.0,0.0,0.0,-1.5707964,0.0
1970-01-01 00:00:00.372172480,0.37217248,0.0,0.0,409.90353,0.0,0.0,0.0,0.0,0.0,-1.5707964,0.0
1970-01-01 00:00:00.372286338,0.372286338,0.0,0.0,0.0,0.0,104.146545,0.0,0.0,0.0,-1.5707964,0.0
1970-01-01 00:00:00.372499410,0.37249941,0.0,0.0,385.69373,0.0,0.0,0.0,0.0,0.0,-1.5707964,0.0
1970-01-01 00:00:00.372782526,0.372782526,0.0,0.0,99.654625,0.0,0.0,0.0,0.0,0.0,-1.5707964,0.0
1970-01-01 00:00:00.372795329,0.372795329,0.0,0.0,88.84821,0.0,0.0,0.0,0.0,0.0,-1.5707964,0.0
1970-01-01 00:00:00.372933074,0.372933074,0.0,0.0,0.0,0.0,0.0,335.25797,0.0,0.0,-1.5707964,0.0
1970-01-01 00:00:00.373186991,0.373186991,0.0,0.0,314.06445,0.0,0.0,0.0,0.0,0.0,-1.5707964,0.0
1970-01-01 00:00:00.373241353,0.373241353,349.83148,0.0,0.0,0.0,0.0,0.0,0.0,0.0,-1.5707964,0.0
1970-01-01 00:00:00.373496625,0.373496625,0.0,0.0,462.0142,0.0,0.0,0.0,0.0,0.0,-1.5707964,0.0
1970-01-01 00:00:00.373724028,0.373724028,0.0,0.0,0.0,0.0,0.0,150.99788,0.0,0.0,-1.5707964,0.0
1970-01-01 00:00:00.374295136,0.374295136,0.0,0.0,2074.7927,0.0,0.0,0.0,0.0,0.0,-1.5707964,0.0
1970-01-01 00:00:00.374295136,0.374295136,0.0,0.0,0.0,0.0,0.0,698.72345,0.0,0.0,-1.5707964,0.0
1970-01-01 00:00:00.374574431,0.374574431,0.0,0.0,215.31285,0.0,0.0,0.0,0.0,0.0,-1.5707964,0.0
1970-01-01 00:00:00.374951260,0.37495126,0.0,0.0,163.47542,0.0,0.0,0.0,0.0,0.0,-1.5707964,0.0
1970-01-01 00:00:00.375302710,0.37530271,0.0,0.0,129.98708,0.0,0.0,0.0,0.0,0.0,-1.5707964,0.0
1970-01-01 00:00:00.375730475,0.375730475,0.0,0.0,620.1789,0.0,0.0,0.0,0.0,0.0,-1.5707964,0.0
1970-01-01 00:00:00.375852189,0.375852189,0.0,0.0,188.07405,0.0,0.0,0.0,0.0,0.0,-1.5707964,0.0
1970-01-01 00:00:00.376577796,0.376577796,0.0,329.2168,0.0,0.0,0.0,0.0,0.0,0.0,-1.5707964,0.0
1970-01-01 00:00:00.376893109,0.376893109,0.0,0.0,879.6967,0.0,0.0,0.0,0.0,0.0,-1.5707964,0.0
1970-01-01 00:00:00.377223194,0.377223194,0.0,0.0,541.4063,0.0,0.0,0.0,0.0,0.0,-1.5707964,0.0
1970-01-01 00:00:00.377870582,0.377870582,0.0,0.0,107.47836,0.0,0.0,0.0,0.0,0.0,-1.5707964,0.0
1970-01-01 00:00:00.378435342,0.378435342,0.0,0.0,257.9837,0.0,0.0,0.0,0.0,0.0,-1.5707964,0.0
1970-01-01 00:00:00.378596447,0.378596447,0.0,0.0,347.98972,0.0,0.0,0.0,0.0,0.0,-1.5707964,0.0
1970-01-01 00:00:00.378774759,0.378774759,0.0,0.0,765.84296,0.0,0.0,0.0,0.0,0.0,-1.5707964,0.0
1970-01-01 00:00:00.378849728,0.378849728,0.0,0.0,329.16245,0.0,0.0,0.0,0.0,0.0,-1.5707964,0.0
1970-01-01 00:00:00.378939287,0.378939287,0.0,0.0,0.0,0.0,0.0,737.37756,0.0,0.0,-1.5707964,0.0
1970-01-01 00:00:00.379353693,0.379353693,0.0,0.0,0.0,0.0,0.0,714.3465,0.0,0.0,-1.5707964,0.0
1970-01-01 00:00:00.379594188,0.379594188,218.03506,0.0,0.0,0.0,0.0,0.0,0.0,0.0,-1.5707964,0.0
1970-01-01 00:00:00.379594188,0.379594188,0.0,0.0,1168.5844,0.0,0.0,0.0,0.0,0.0,-1.5707964,0.0
1970-01-01 00:00:00.379723023,0.379723023,0.0,0.0,725.80615,0.0,0.0,0.0,0.0,0.0,-1.5707964,0.0
1970-01-01 00:00:00.379777319,0.379777319,0.0,0.0,0.0,0.0,0.0,137.4686,0.0,0.0,-1.5707964,0.0
1970-01-01 00:00:00.380033619,0.380033619,0.0,0.0,212.51897,0.0,0.0,0.0,0.0,0.0,-1.5707964,0.0
1970-01-01 00:00:00.380128421,0.380128421,189.09138,0.0,0.0,0.0,0.0,0.0,0.0,0.0,-1.5707964,0.0
1970-01-01 00:00:00.380526563,0.380526563,199.66106,0.0,0.0,0.0,0.0,0.0,0.0,0.0,-1.5707964,0.0
1970-01-01 00:00:00.381197644,0.381197644,0.0,0.0,0.0,0.0,194.4944,0.0,0.0,0.0,-1.5707964,0.0
1970-01-01 00:00:00.381266512,0.381266512,0.0,0.0,0.0,297.39267,0.0,0.0,0.0,0.0,-1.5707964,0.0
1970-01-01 00:00:00.381388208,0.381388208,0.0,0.0,152.17741,0.0,0.0,0.0,0.0,0.0,-1.5707964,0.0
1970-01-01 00:00:00.381400940,0.38140094,0.0,0.0,271.53372,0.0,0.0,0.0,0.0,0.0,-1.5707964,0.0
1970-01-01 00:00:00.381620799,0.381620799,0.0,0.0,0.0,0.0,112.35618,0.0,0.0,0.0,-1.5707964,0.0
1970-01-01 00:00:00.381744927,0.381744927,0.0,0.0,0.0,0.0,1494.7432,0.0,0.0,0.0,-1.5707964,0.0
1970-01-01 00:00:00.381752688,0.381752688,0.0,0.0,187.23106,0.0,0.0,0.0,0.0,0.0,-1.5707964,0.0
1970-01-01 00:00:00.382170455,0.382170455,0.0,0.0,662.0746,0.0,0.0,0.0,0.0,0.0,-1.5707964,0.0
1970-01-01 00:00:00.382209346,0.382209346,0.0,0.0,0.0,0.0,0.0,687.7609,0.0,0.0,-1.5707964,0.0
1970-01-01 00:00:00.382231703,0.382231703,0.0,0.0,0.0,2472.715,0.0,0.0,0.0,0.0,-1.5707964,0.0
1970-01-01 00:00:00.382660436,0.382660436,0.0,0.0,500.04602,0.0,0.0,0.0,0.0,0.0,-1.5707964,0.0
1970-01-01 00:00:00.382846277,0.382846277,0.0,0.0,0.0,0.0,335.68076,0.0,0.0,0.0,-1.5707964,0.0
1970-01-01 00:00:00.383440728,0.383440728,0.0,0.0,339.7483,0.0,0.0,0.0,0.0,0.0,-1.5707964,0.0
1970-01-01 00:00:00.383767168,0.383767168,152.44347,0.0,0.0,0.0,0.0,0.0,0.0,0.0,-1.5707964,0.0
1970-01-01 00:00:00.383833813,0.383833813,0.0,0.0,0.0,142.94559,0.0,0.0,0.0,0.0,-1.5707964,0.0
1970-01-01 00:00:00.383976110,0.38397611,0.0,0.0,152.08742,0.0,0.0,0.0,0.0,0.0,-1.5707964,0.0
1970-01-01 00:00:00.384061070,0.38406107,0.0,0.0,355.45392,0.0,0.0,0.0,0.0,0.0,-1.5707964,0.0
1970-01-01 00:00:00.384190445,0.384190445,0.0,0.0,211.29285,0.0,0.0,0.0,0.0,0.0,-1.5707964,0.0
1970-01-01 00:00:00.384421875,0.384421875,0.0,0.0,0.0,0.0,0.0,449.69656,0.0,0.0,-1.5707964,0.0
1970-01-01 00:00:00.384632079,0.384632079,0.0,0.0,967.45233,0.0,0.0,0.0,0.0,0.0,-1.5707964,0.0
1970-01-01 00:00:00.385171434,0.385171434,0.0,0.0,0.0,1391.5681,0.0,0.0,0.0,0.0,-1.5707964,0.0
1970-01-01 00:00:00.385367162,0.385367162,0.0,0.0,123.2112,0.0,0.0,0.0,0.0,0.0,-1.5707964,0.0
1970-01-01 00:00:00.385596068,0.385596068,165.58563,0.0,0.0,0.0,0.0,0.0,0.0,0.0,-1.5707964,0.0
1970-01-01 00:00:00.385596068,0.385596068,378.41553,0.0,0.0,0.0,0.0,0.0,0.0,0.0,-1.5707964,0.0
1970-01-01 00:00:00.386211363,0.386211363,428.39157,0.0,0.0,0.0,0.0,0.0,0.0,0.0,-1.5707964,0.0
1970-01-01 00:00:00.386465009,0.386465009,0.0,0.0,0.0,0.0,0.0,721.5057,0.0,0.0,-1.5707964,0.0
1970-01-01 00:00:00.386475939,0.386475939,0.0,0.0,0.0,283.74725,0.0,0.0,0.0,0.0,-1.5707964,0.0
1970-01-01 00:00:00.387011601,0.387011601,0.0,0.0,937.98706,0.0,0.0,0.0,0.0,0.0,-1.5707964,0.0
1970-01-01 00:00:00.387379173,0.387379173,0.0,0.0,0.0,0.0,481.11844,0.0,0.0,0.0,-1.5707964,0.0
1970-01-01 00:00:00.387921303,0.387921303,0.0,0.0,0.0,0.0,82.07751,0.0,0.0,0.0,-1.5707964,0.0
1970-01-01 00:00:00.388261007,0.388261007,0.0,0.0,0.0,0.0,0.0,125.97939,0.0,0.0,-1.5707964,0.0
1970-01-01 00:00:00.388596782,0.388596782,0.0,0.0,399.10764,0.0,0.0,0.0,0.0,0.0,-1.5707964,0.0
1970-01-01 00:00:00.388693399,0.388693399,0.0,0.0,132.86829,0.0,0.0,0.0,0.0,0.0,-1.5707964,0.0
1970-01-01 00:00:00.389189981,0.389189981,0.0,2964.5674,0.0,0.0,0.0,0.0,0.0,0.0,-1.5707964,0.0
1970-01-01 00:00:00.389311962,0.389311962,0.0,0.0,522.0759,0.0,0.0,0.0,0.0,0.0,-1.5707964,0.0
1970-01-01 00:00:00.389922236,0.389922236,0.0,0.0,99.326294,0.0,0.0,0.0,0.0,0.0,-1.5707964,0.0
1970-01-01 00:00:00.390157179,0.390157179,0.0,0.0,91.44318,0.0,0.0,0.0,0.0,0.0,-1.5707964,0.0
1970-01-01 00:00:00.390581137,0.390581137,0.0,0.0,0.0,0.0,100.7482,0.0,0.0,0.0,-1.5707964,0.0
1970-01-01 00:00:00.390668583,0.390668583,0.0,0.0,285.37604,0.0,0.0,0.0,0.0,0.0,-1.5707964,0.0
1970-01-01 00:00:00.391016839,0.391016839,0.0,0.0,0.0,0.0,132.95717,0.0,0.0,0.0,-1.5707964,0.0
1970-01-01 00:00:00.392035139,0.392035139,0.0,0.0,0.0,0.0,102.45252,0.0,0.0,0.0,-1.5707964,0.0
1970-01-01 00:00:00.394961077,0.394961077,0.0,0.0,406.671,0.0,0.0,0.0,0.0,0.0,-1.5707964,0.0
1970-01-01 00:00:00.395037135,0.395037135,0.0,0.0,0.0,264.58542,0.0,0.0,0.0,0.0,-1.5707964,0.0
1970-01-01 00:00:00.395320030,0.39532003,0.0,0.0,123.3642,0.0,0.0,0.0,0.0,0.0,-1.5707964,0.0
1970-01-01 00:00:00.396042704,0.396042704,0.0,361.6094,0.0,0.0,0.0,0.0,0.0,0.0,-1.5707964,0.0
1970-01-01 00:00:00.396042704,0.396042704,0.0,0.0,254.27635,0.0,0.0,0.0,0.0,0.0,-1.5707964,0.0
1970-01-01 00:00:00.396042704,0.396042704,0.0,0.0,0.0,0.0,0.0,494.80627,0.0,0.0,-1.5707964,0.0
1970-01-01 00:00:00.397051982,0.397051982,0.0,0.0,418.555,0.0,0.0,0.0,0.0,0.0,-1.5707964,0.0
1970-01-01 00:00:00.397466808,0.397466808,0.0,0.0,0.0,0.0,165.02342,0.0,0.0,0.0,-1.5707964,0.0
1970-01-01 00:00:00.398221043,0.398221043,0.0,0.0,154.90709,0.0,0.0,0.0,0.0,0.0,-1.5707964,0.0
1970-01-01 00:00:00.398352765,0.398352765,0.0,0.0,0.0,0.0,289.3701,0.0,0.0,0.0,-1.5707964,0.0
1970-01-01 00:00:00.399171561,0.399171561,0.0,0.0,280.07935,0.0,0.0,0.0,0.0,0.0,-1.5707964,0.0
1970-01-01 00:00:00.399410250,0.39941025,0.0,0.0,0.0,173.04936,0.0,0.0,0.0,0.0,-1.5707964,0.0
1970-01-01 00:00:00.399587795,0.399587795,0.0,0.0,0.0,1026.1526,0.0,0.0,0.0,0.0,-1.5707964,0.0
1970-01-01 00:00:00.401340285,0.401340285,0.0,0.0,0.0,0.0,89.98922,0.0,0.0,0.0,-1.5707964,0.0
1970-01-01 00:00:00.401841270,0.40184127,0.0,0.0,0.0,0.0,443.903,0.0,0.0,0.0,-1.5707964,0.0
1970-01-01 00:00:00.402156525,0.402156525,0.0,0.0,156.69864,0.0,0.0,0.0,0.0,0.0,-1.5707964,0.0
1970-01-01 00:00:00.402417232,0.402417232,337.75302,0.0,0.0,0.0,0.0,0.0,0.0,0.0,-1.5707964,0.0
1970-01-01 00:00:00.402417232,0.402417232,0.0,0.0,453.2635,0.0,0.0,0.0,0.0,0.0,-1.5707964,0.0
1970-01-01 00:00:00.402479556,0.402479556,0.0,0.0,837.0671,0.0,0.0,0.0,0.0,0.0,-1.5707964,0.0
1970-01-01 00:00:00.402846277,0.402846277,0.0,0.0,224.82545,0.0,0.0,0.0,0.0,0.0,-1.5707964,0.0
1970-01-01 00:00:00.403216161,0.403216161,0.0,0.0,823.0625,0.0,0.0,0.0,0.0,0.0,-1.5707964,0.0
1970-01-01 00:00:00.403544050,0.40354405,0.0,0.0,695.1795,0.0,0.0,0.0,0.0,0.0,-1.5707964,0.0
1970-01-01 00:00:00.404077405,0.404077405,0.0,0.0,0.0,0.0,0.0,747.0918,0.0,0.0,-1.5707964,0.0
1970-01-01 00:00:00.404150353,0.404150353,0.0,0.0,117.71178,0.0,0.0,0.0,0.0,0.0,-1.5707964,0.0
1970-01-01 00:00:00.404865093,0.404865093,0.0,0.0,80.88862,0.0,0.0,0.0,0.0,0.0,-1.5707964,0.0
1970-01-01 00:00:00.405189032,0.405189032,0.0,0.0,0.0,0.0,0.0,370.25464,0.0,0.0,-1.5707964,0.0
1970-01-01 00:00:00.405739377,0.405739377,794.2432,0.0,0.0,0.0,0.0,0.0,0.0,0.0,-1.5707964,0.0
1970-01-01 00:00:00.405987162,0.405987162,0.0,0.0,0.0,0.0,0.0,170.33066,0.0,0.0,-1.5707964,0.0
1970-01-01 00:00:00.406299821,0.406299821,0.0,0.0,151.31378,0.0,0.0,0.0,0.0,0.0,-1.5707964,0.0
1970-01-01 00:00:00.406409166,0.406409166,0.0,0.0,270.66537,0.0,0.0,0.0,0.0,0.0,-1.5707964,0.0
1970-01-01 00:00:00.406746503,0.406746503,0.0,0.0,0.0,0.0,0.0,80.60904,0.0,0.0,-1.5707964,0.0
1970-01-01 00:00:00.406846111,0.406846111,0.0,0.0,274.10724,0.0,0.0,0.0,0.0,0.0,-1.5707964,0.0
1970-01-01 00:00:00.406859917,0.406859917,0.0,0.0,0.0,0.0,1181.1077,0.0,0.0,0.0,-1.5707964,0.0
1970-01-01 00:00:00.407010919,0.407010919,0.0,0.0,243.23865,0.0,0.0,0.0,0.0,0.0,-1.5707964,0.0
1970-01-01 00:00:00.407575147,0.407575147,0.0,561.3037,0.0,0.0,0.0,0.0,0.0,0.0,-1.5707964,0.0
1970-01-01 00:00:00.407904456,0.407904456,0.0,0.0,160.09879,0.0,0.0,0.0,0.0,0.0,-1.5707964,0.0
1970-01-01 00:00:00.408000051,0.408000051,0.0,0.0,1123.2675,0.0,0.0,0.0,0.0,0.0,-1.5707964,0.0
1970-01-01 00:00:00.408102660,0.40810266,0.0,0.0,139.39897,0.0,0.0,0.0,0.0,0.0,-1.5707964,0.0
1970-01-01 00:00:00.408346345,0.408346345,0.0,0.0,480.6444,0.0,0.0,0.0,0.0,0.0,-1.5707964,0.0
1970-01-01 00:00:00.408389234,0.408389234,224.36748,0.0,0.0,0.0,0.0,0.0,0.0,0.0,-1.5707964,0.0
1970-01-01 00:00:00.408407486,0.408407486,0.0,0.0,132.32823,0.0,0.0,0.0,0.0,0.0,-1.5707964,0.0
1970-01-01 00:00:00.408407486,0.408407486,0.0,0.0,0.0,0.0,0.0,623.533,0.0,0.0,-1.5707964,0.0
1970-01-01 00:00:00.408588790,0.40858879,0.0,0.0,110.72067,0.0,0.0,0.0,0.0,0.0,-1.5707964,0.0
1970-01-01 00:00:00.408886705,0.408886705,0.0,619.3034,0.0,0.0,0.0,0.0,0.0,0.0,-1.5707964,0.0
1970-01-01 00:00:00.408938625,0.408938625,802.28284,0.0,0.0,0.0,0.0,0.0,0.0,0.0,-1.5707964,0.0
1970-01-01 00:00:00.409000799,0.409000799,0.0,0.0,269.57468,0.0,0.0,0.0,0.0,0.0,-1.5707964,0.0
1970-01-01 00:00:00.410793269,0.410793269,0.0,0.0,191.8943,0.0,0.0,0.0,0.0,0.0,-1.5707964,0.0
1970-01-01 00:00:00.410816203,0.410816203,0.0,0.0,1204.8651,0.0,0.0,0.0,0.0,0.0,-1.5707964,0.0
1970-01-01 00:00:00.411430566,0.411430566,0.0,0.0,214.37582,0.0,0.0,0.0,0.0,0.0,-1.5707964,0.0
1970-01-01 00:00:00.412552174,0.412552174,0.0,0.0,0.0,0.0,652.66095,0.0,0.0,0.0,-1.5707964,0.0
1970-01-01 00:00:00.412579734,0.412579734,0.0,0.0,0.0,0.0,886.2141,0.0,0.0,0.0,-1.5707964,0.0
1970-01-01 00:00:00.413406763,0.413406763,0.0,0.0,733.2907,0.0,0.0,0.0,0.0,0.0,-1.5707964,0.0
1970-01-01 00:00:00.413675797,0.413675797,0.0,0.0,0.0,0.0,0.0,113.952156,0.0,0.0,-1.5707964,0.0
1970-01-01 00:00:00.413848202,0.413848202,0.0,0.0,0.0,0.0,599.5726,0.0,0.0,0.0,-1.5707964,0.0
1970-01-01 00:00:00.414185272,0.414185272,0.0,0.0,324.20187,0.0,0.0,0.0,0.0,0.0,-1.5707964,0.0
1970-01-01 00:00:00.414185272,0.414185272,0.0,0.0,0.0,0.0,583.2767,0.0,0.0,0.0,-1.5707964,0.0
1970-01-01 00:00:00.414261140,0.41426114,0.0,0.0,0.0,278.89963,0.0,0.0,0.0,0.0,-1.5707964,0.0
1970-01-01 00:00:00.414767166,0.414767166,0.0,0.0,166.1468,0.0,0.0,0.0,0.0,0.0,-1.5707964,0.0
1970-01-01 00:00:00.414925249,0.414925249,0.0,0.0,0.0,0.0,1727.1132,0.0,0.0,0.0,-1.5707964,0.0
1970-01-01 00:00:00.415085527,0.415085527,0.0,0.0,148.70645,0.0,0.0,0.0,0.0,0.0,-1.5707964,0.0
1970-01-01 00:00:00.416317705,0.416317705,0.0,0.0,1275.7693,0.0,0.0,0.0,0.0,0.0,-1.5707964,0.0
1970-01-01 00:00:00.416560457,0.416560457,0.0,0.0,260.08136,0.0,0.0,0.0,0.0,0.0,-1.5707964,0.0
1970-01-01 00:00:00.416939555,0.416939555,0.0,0.0,460.1692,0.0,0.0,0.0,0.0,0.0,-1.5707964,0.0
1970-01-01 00:00:00.417433541,0.417433541,0.0,0.0,248.0837,0.0,0.0,0.0,0.0,0.0,-1.5707964,0.0
1970-01-01 00:00:00.417872417,0.417872417,0.0,0.0,1087.3823,0.0,0.0,0.0,0.0,0.0,-1.5707964,0.0
1970-01-01 00:00:00.417990994,0.417990994,0.0,0.0,192.51706,0.0,0.0,0.0,0.0,0.0,-1.5707964,0.0
1970-01-01 00:00:00.418269223,0.418269223,665.3479,0.0,0.0,0.0,0.0,0.0,0.0,0.0,-1.5707964,0.0
1970-01-01 00:00:00.418635830,0.41863583,204.4761,0.0,0.0,0.0,0.0,0.0,0.0,0.0,-1.5707964,0.0
1970-01-01 00:00:00.419048343,0.419048343,0.0,0.0,169.64105,0.0,0.0,0.0,0.0,0.0,-1.5707964,0.0
1970-01-01 00:00:00.419397705,0.419397705,0.0,0.0,367.54755,0.0,0.0,0.0,0.0,0.0,-1.5707964,0.0
1970-01-01 00:00:00.419460330,0.41946033,328.54742,0.0,0.0,0.0,0.0,0.0,0.0,0.0,-1.5707964,0.0
1970-01-01 00:00:00.419630953,0.419630953,148.66064,0.0,0.0,0.0,0.0,0.0,0.0,0.0,-1.5707964,0.0
1970-01-01 00:00:00.420292719,0.420292719,721.3429,0.0,0.0,0.0,0.0,0.0,0.0,0.0,-1.5707964,0.0
1970-01-01 00:00:00.421386004,0.421386004,0.0,0.0,81.69363,0.0,0.0,0.0,0.0,0.0,-1.5707964,0.0
1970-01-01 00:00:00.421727955,0.421727955,0.0,0.0,0.0,0.0,0.0,104.7298,0.0,0.0,-1.5707964,0.0
1970-01-01 00:00:00.422485556,0.422485556,0.0,0.0,412.8339,0.0,0.0,0.0,0.0,0.0,-1.5707964,0.0
1970-01-01 00:00:00.424194586,0.424194586,0.0,0.0,0.0,0.0,0.0,111.61525,0.0,0.0,-1.5707964,0.0
1970-01-01 00:00:00.425561172,0.425561172,0.0,0.0,0.0,173.52365,0.0,0.0,0.0,0.0,-1.5707964,0.0
1970-01-01 00:00:00.426207466,0.426207466,0.0,0.0,378.00467,0.0,0.0,0.0,0.0,0.0,-1.5707964,0.0
1970-01-01 00:00:00.426305795,0.426305795,0.0,0.0,0.0,0.0,106.92718,0.0,0.0,0.0,-1.5707964,0.0
1970-01-01 00:00:00.427629943,0.427629943,0.0,0.0,0.0,328.44174,0.0,0.0,0.0,0.0,-1.5707964,0.0
1970-01-01 00:00:00.429795110,0.42979511,0.0,0.0,102.17122,0.0,0.0,0.0,0.0,0.0,-1.5707964,0.0
1970-01-01 00:00:00.430297899,0.430297899,0.0,0.0,910.9014,0.0,0.0,0.0,0.0,0.0,-1.5707964,0.0
1970-01-01 00:00:00.430437154,0.430437154,0.0,0.0,0.0,0.0,179.84283,0.0,0.0,0.0,-1.5707964,0.0
1970-01-01 00:00:00.430933496,0.430933496,0.0,0.0,149.73491,0.0,0.0,0.0,0.0,0.0,-1.5707964,0.0
1970-01-01 00:00:00.430971037,0.430971037,0.0,0.0,787.2524,0.0,0.0,0.0,0.0,0.0,-1.5707964,0.0
1970-01-01 00:00:00.431698542,0.431698542,0.0,0.0,2543.7454,0.0,0.0,0.0,0.0,0.0,-1.5707964,0.0
1970-01-01 00:00:00.433645960,0.43364596,0.0,197.23952,0.0,0.0,0.0,0.0,0.0,0.0,-1.5707964,0.0
1970-01-01 00:00:00.433825218,0.433825218,0.0,0.0,0.0,0.0,0.0,385.34012,0.0,0.0,-1.5707964,0.0
1970-01-01 00:00:00.434685534,0.434685534,0.0,312.37653,0.0,0.0,0.0,0.0,0.0,0.0,-1.5707964,0.0
1970-01-01 00:00:00.435036472,0.435036472,0.0,0.0,0.0,130.88747,0.0,0.0,0.0,0.0,-1.5707964,0.0
1970-01-01 00:00:00.435624411,0.435624411,0.0,0.0,167.62856,0.0,0.0,0.0,0.0,0.0,-1.5707964,0.0
1970-01-01 00:00:00.436475460,0.43647546,0.0,0.0,0.0,0.0,2394.116,0.0,0.0,0.0,-1.5707964,0.0
1970-01-01 00:00:00.436628386,0.436628386,0.0,0.0,1034.1505,0.0,0.0,0.0,0.0,0.0,-1.5707964,0.0
1970-01-01 00:00:00.437040675,0.437040675,0.0,0.0,0.0,114.61869,0.0,0.0,0.0,0.0,-1.5707964,0.0
1970-01-01 00:00:00.437074101,0.437074101,0.0,0.0,0.0,0.0,408.23032,0.0,0.0,0.0,-1.5707964,0.0
1970-01-01 00:00:00.438274922,0.438274922,0.0,0.0,934.8394,0.0,0.0,0.0,0.0,0.0,-1.5707964,0.0
1970-01-01 00:00:00.439183297,0.439183297,0.0,0.0,0.0,0.0,136.74213,0.0,0.0,0.0,-1.5707964,0.0
1970-01-01 00:00:00.439258683,0.439258683,0.0,0.0,0.0,0.0,129.00473,0.0,0.0,0.0,-1.5707964,0.0
1970-01-01 00:00:00.439882112,0.439882112,0.0,0.0,0.0,0.0,0.0,1347.6443,0.0,0.0,-1.5707964,0.0
1970-01-01 00:00:00.439970858,0.439970858,0.0,0.0,109.691765,0.0,0.0,0.0,0.0,0.0,-1.5707964,0.0
1970-01-01 00:00:00.440221425,0.440221425,0.0,0.0,1344.9902,0.0,0.0,0.0,0.0,0.0,-1.5707964,0.0
1970-01-01 00:00:00.443574123,0.443574123,0.0,330.25967,0.0,0.0,0.0,0.0,0.0,0.0,-1.5707964,0.0
1970-01-01 00:00:00.443645567,0.443645567,0.0,0.0,742.647,0.0,0.0,0.0,0.0,0.0,-1.5707964,0.0
1970-01-01 00:00:00.444962995,0.444962995,0.0,0.0,161.3317,0.0,0.0,0.0,0.0,0.0,-1.5707964,0.0
1970-01-01 00:00:00.446987248,0.446987248,155.25981,0.0,0.0,0.0,0.0,0.0,0.0,0.0,-1.5707964,0.0
1970-01-01 00:00:00.455875958,0.455875958,0.0,0.0,112.98324,0.0,0.0,0.0,0.0,0.0,-1.5707964,0.0
1970-01-01 00:00:00.457523342,0.457523342,0.0,0.0,0.0,0.0,284.2862,0.0,0.0,0.0,-1.5707964,0.0
1970-01-01 00:00:00.457713409,0.457713409,122.74914,0.0,0.0,0.0,0.0,0.0,0.0,0.0,-1.5707964,0.0
1970-01-01 00:00:00.458783491,0.458783491,0.0,0.0,0.0,470.2468,0.0,0.0,0.0,0.0,-1.5707964,0.0
1970-01-01 00:00:00.459564320,0.45956432,0.0,0.0,182.09827,0.0,0.0,0.0,0.0,0.0,-1.5707964,0.0
1970-01-01 00:00:00.459564320,0.45956432,0.0,0.0,0.0,0.0,0.0,298.897,0.0,0.0,-1.5707964,0.0
1970-01-01 00:00:00.460149871,0.460149871,0.0,346.33246,0.0,0.0,0.0,0.0,0.0,0.0,-1.5707964,0.0
1970-01-01 00:00:00.461231562,0.461231562,0.0,0.0,82.93896,0.0,0.0,0.0,0.0,0.0,-1.5707964,0.0
1970-01-01 00:00:00.462750675,0.462750675,0.0,0.0,375.07004,0.0,0.0,0.0,0.0,0.0,-1.5707964,0.0
1970-01-01 00:00:00.462902747,0.462902747,0.0,0.0,0.0,0.0,0.0,273.14148,0.0,0.0,-1.5707964,0.0
1970-01-01 00:00:00.463766215,0.463766215,0.0,0.0,614.2767,0.0,0.0,0.0,0.0,0.0,-1.5707964,0.0
1970-01-01 00:00:00.464051774,0.464051774,0.0,0.0,209.06018,0.0,0.0,0.0,0.0,0.0,-1.5707964,0.0
1970-01-01 00:00:00.464324427,0.464324427,0.0,0.0,0.0,626.34106,0.0,0.0,0.0,0.0,-1.5707964,0.0
1970-01-01 00:00:00.464486505,0.464486505,336.54425,0.0,0.0,0.0,0.0,0.0,0.0,0.0,-1.5707964,0.0
1970-01-01 00:00:00.464874406,0.464874406,0.0,0.0,469.32974,0.0,0.0,0.0,0.0,0.0,-1.5707964,0.0
1970-01-01 00:00:00.465028646,0.465028646,0.0,0.0,0.0,416.0454,0.0,0.0,0.0,0.0,-1.5707964,0.0
1970-01-01 00:00:00.465684245,0.465684245,0.0,0.0,84.303276,0.0,0.0,0.0,0.0,0.0,-1.5707964,0.0
1970-01-01 00:00:00.465763972,0.465763972,0.0,0.0,856.5561,0.0,0.0,0.0,0.0,0.0,-1.5707964,0.0
1970-01-01 00:00:00.466052134,0.466052134,0.0,0.0,380.01105,0.0,0.0,0.0,0.0,0.0,-1.5707964,0.0
1970-01-01 00:00:00.466303327,0.466303327,0.0,0.0,1024.6046,0.0,0.0,0.0,0.0,0.0,-1.5707964,0.0
1970-01-01 00:00:00.466741964,0.466741964,0.0,0.0,517.49396,0.0,0.0,0.0,0.0,0.0,-1.5707964,0.0
1970-01-01 00:00:00.466962733,0.466962733,0.0,0.0,144.99385,0.0,0.0,0.0,0.0,0.0,-1.5707964,0.0
1970-01-01 00:00:00.466996480,0.46699648,0.0,0.0,429.62518,0.0,0.0,0.0,0.0,0.0,-1.5707964,0.0
1970-01-01 00:00:00.467306760,0.46730676,0.0,0.0,0.0,0.0,0.0,116.842415,0.0,0.0,-1.5707964,0.0
1970-01-01 00:00:00.467911671,0.467911671,0.0,0.0,112.6106,0.0,0.0,0.0,0.0,0.0,-1.5707964,0.0
1970-01-01 00:00:00.468190152,0.468190152,0.0,0.0,239.16968,0.0,0.0,0.0,0.0,0.0,-1.5707964,0.0
1970-01-01 00:00:00.468476191,0.468476191,0.0,0.0,272.06372,0.0,0.0,0.0,0.0,0.0,-1.5707964,0.0
1970-01-01 00:00:00.468560377,0.468560377,0.0,0.0,95.21697,0.0,0.0,0.0,0.0,0.0,-1.5707964,0.0
1970-01-01 00:00:00.468644659,0.468644659,0.0,0.0,0.0,0.0,0.0,109.850365,0.0,0.0,-1.5707964,0.0
1970-01-01 00:00:00.469063050,0.46906305,0.0,0.0,104.71797,0.0,0.0,0.0,0.0,0.0,-1.5707964,0.0
1970-01-01 00:00:00.469189493,0.469189493,0.0,0.0,0.0,0.0,0.0,214.4269,0.0,0.0,-1.5707964,0.0
1970-01-01 00:00:00.469333382,0.469333382,0.0,0.0,476.15182,0.0,0.0,0.0,0.0,0.0,-1.5707964,0.0
1970-01-01 00:00:00.469615609,0.469615609,0.0,0.0,0.0,0.0,0.0,100.38296,0.0,0.0,-1.5707964,0.0
1970-01-01 00:00:00.469870837,0.469870837,0.0,0.0,85.95575,0.0,0.0,0.0,0.0,0.0,-1.5707964,0.0
1970-01-01 00:00:00.470737276,0.470737276,0.0,0.0,1387.0099,0.0,0.0,0.0,0.0,0.0,-1.5707964,0.0
1970-01-01 00:00:00.470744072,0.470744072,0.0,0.0,212.38158,0.0,0.0,0.0,0.0,0.0,-1.5707964,0.0
1970-01-01 00:00:00.470884199,0.470884199,0.0,0.0,0.0,735.9098,0.0,0.0,0.0,0.0,-1.5707964,0.0
1970-01-01 00:00:00.471097308,0.471097308,0.0,0.0,261.44025,0.0,0.0,0.0,0.0,0.0,-1.5707964,0.0
1970-01-01 00:00:00.471314502,0.471314502,0.0,0.0,660.2894,0.0,0.0,0.0,0.0,0.0,-1.5707964,0.0
1970-01-01 00:00:00.471762144,0.471762144,0.0,0.0,462.25,0.0,0.0,0.0,0.0,0.0,-1.5707964,0.0
1970-01-01 00:00:00.472024570,0.47202457,0.0,0.0,367.74823,0.0,0.0,0.0,0.0,0.0,-1.5707964,0.0
1970-01-01 00:00:00.472308122,0.472308122,0.0,0.0,98.52476,0.0,0.0,0.0,0.0,0.0,-1.5707964,0.0
1970-01-01 00:00:00.473178137,0.473178137,0.0,0.0,111.80913,0.0,0.0,0.0,0.0,0.0,-1.5707964,0.0
1970-01-01 00:00:00.473328595,0.473328595,0.0,0.0,218.14162,0.0,0.0,0.0,0.0,0.0,-1.5707964,0.0
1970-01-01 00:00:00.473644326,0.473644326,0.0,0.0,117.00649,0.0,0.0,0.0,0.0,0.0,-1.5707964,0.0
1970-01-01 00:00:00.473746869,0.473746869,0.0,0.0,199.67279,0.0,0.0,0.0,0.0,0.0,-1.5707964,0.0
1970-01-01 00:00:00.475105780,0.47510578,191.7317,0.0,0.0,0.0,0.0,0.0,0.0,0.0,-1.5707964,0.0
1970-01-01 00:00:00.475157884,0.475157884,0.0,0.0,594.6489,0.0,0.0,0.0,0.0,0.0,-1.5707964,0.0
1970-01-01 00:00:00.475218131,0.475218131,0.0,0.0,228.39926,0.0,0.0,0.0,0.0,0.0,-1.5707964,0.0
1970-01-01 00:00:00.475332443,0.475332443,0.0,0.0,0.0,0.0,0.0,333.5098,0.0,0.0,-1.5707964,0.0
1970-01-01 00:00:00.475349151,0.475349151,0.0,0.0,413.1382,0.0,0.0,0.0,0.0,0.0,-1.5707964,0.0
1970-01-01 00:00:00.475993596,0.475993596,0.0,0.0,174.65367,0.0,0.0,0.0,0.0,0.0,-1.5707964,0.0
1970-01-01 00:00:00.476236988,0.476236988,0.0,0.0,0.0,0.0,0.0,134.66733,0.0,0.0,-1.5707964,0.0
1970-01-01 00:00:00.476369070,0.47636907,0.0,0.0,478.91306,0.0,0.0,0.0,0.0,0.0,-1.5707964,0.0
1970-01-01 00:00:00.477056928,0.477056928,0.0,0.0,91.31883,0.0,0.0,0.0,0.0,0.0,-1.5707964,0.0
1970-01-01 00:00:00.478027094,0.478027094,0.0,0.0,205.09286,0.0,0.0,0.0,0.0,0.0,-1.5707964,0.0
1970-01-01 00:00:00.478176655,0.478176655,0.0,0.0,209.27554,0.0,0.0,0.0,0.0,0.0,-1.5707964,0.0
1970-01-01 00:00:00.478176655,0.478176655,0.0,0.0,0.0,0.0,368.8497,0.0,0.0,0.0,-1.5707964,0.0
1970-01-01 00:00:00.478470865,0.478470865,1221.5966,0.0,0.0,0.0,0.0,0.0,0.0,0.0,-1.5707964,0.0
1970-01-01 00:00:00.478508281,0.478508281,0.0,0.0,430.9272,0.0,0.0,0.0,0.0,0.0,-1.5707964,0.0
1970-01-01 00:00:00.479032430,0.47903243,0.0,0.0,0.0,0.0,0.0,409.0417,0.0,0.0,-1.5707964,0.0
1970-01-01 00:00:00.481107714,0.481107714,0.0,0.0,109.40494,0.0,0.0,0.0,0.0,0.0,-1.5707964,0.0
1970-01-01 00:00:00.481921246,0.481921246,0.0,273.23083,0.0,0.0,0.0,0.0,0.0,0.0,-1.5707964,0.0
1970-01-01 00:00:00.484962986,0.484962986,0.0,0.0,463.6814,0.0,0.0,0.0,0.0,0.0,-1.5707964,0.0
1970-01-01 00:00:00.484962986,0.484962986,0.0,0.0,0.0,0.0,553.4957,0.0,0.0,0.0,-1.5707964,0.0
1970-01-01 00:00:00.484962986,0.484962986,0.0,0.0,0.0,0.0,824.6027,0.0,0.0,0.0,-1.5707964,0.0
1970-01-01 00:00:00.486153959,0.486153959,0.0,0.0,1650.196,0.0,0.0,0.0,0.0,0.0,-1.5707964,0.0
1970-01-01 00:00:00.486199387,0.486199387,0.0,0.0,527.27765,0.0,0.0,0.0,0.0,0.0,-1.5707964,0.0
1970-01-01 00:00:00.486474547,0.486474547,0.0,0.0,0.0,0.0,407.05023,0.0,0.0,0.0,-1.5707964,0.0
1970-01-01 00:00:00.486474547,0.486474547,0.0,0.0,623.2994,0.0,0.0,0.0,0.0,0.0,-1.5707964,0.0
1970-01-01 00:00:00.487820501,0.487820501,0.0,0.0,284.7689,0.0,0.0,0.0,0.0,0.0,-1.5707964,0.0
1970-01-01 00:00:00.488874488,0.488874488,0.0,0.0,148.88625,0.0,0.0,0.0,0.0,0.0,-1.5707964,0.0
1970-01-01 00:00:00.488980348,0.488980348,0.0,0.0,88.10584,0.0,0.0,0.0,0.0,0.0,-1.5707964,0.0
1970-01-01 00:00:00.489221188,0.489221188,0.0,0.0,142.55592,0.0,0.0,0.0,0.0,0.0,-1.5707964,0.0
1970-01-01 00:00:00.490025809,0.490025809,323.19983,0.0,0.0,0.0,0.0,0.0,0.0,0.0,-1.5707964,0.0
1970-01-01 00:00:00.490036048,0.490036048,0.0,0.0,0.0,273.44528,0.0,0.0,0.0,0.0,-1.5707964,0.0
1970-01-01 00:00:00.490099765,0.490099765,0.0,0.0,0.0,561.71844,0.0,0.0,0.0,0.0,-1.5707964,0.0
1970-01-01 00:00:00.490770645,0.490770645,0.0,0.0,227.8159,0.0,0.0,0.0,0.0,0.0,-1.5707964,0.0
1970-01-01 00:00:00.492012599,0.492012599,0.0,0.0,258.31314,0.0,0.0,0.0,0.0,0.0,-1.5707964,0.0
1970-01-01 00:00:00.492564366,0.492564366,237.80847,0.0,0.0,0.0,0.0,0.0,0.0,0.0,-1.5707964,0.0
1970-01-01 00:00:00.492663425,0.492663425,0.0,0.0,178.29803,0.0,0.0,0.0,0.0,0.0,-1.5707964,0.0
1970-01-01 00:00:00.492842760,0.49284276,388.9794,0.0,0.0,0.0,0.0,0.0,0.0,0.0,-1.5707964,0.0
1970-01-01 00:00:00.492869932,0.492869932,0.0,0.0,125.99035,0.0,0.0,0.0,0.0,0.0,-1.5707964,0.0
1970-01-01 00:00:00.493110107,0.493110107,0.0,0.0,0.0,0.0,0.0,136.79228,0.0,0.0,-1.5707964,0.0
1970-01-01 00:00:00.493144935,0.493144935,0.0,0.0,0.0,1209.4783,0.0,0.0,0.0,0.0,-1.5707964,0.0
1970-01-01 00:00:00.493552226,0.493552226,0.0,0.0,423.3053,0.0,0.0,0.0,0.0,0.0,-1.5707964,0.0
1970-01-01 00:00:00.493608531,0.493608531,0.0,0.0,410.23026,0.0,0.0,0.0,0.0,0.0,-1.5707964,0.0
1970-01-01 00:00:00.494266209,0.494266209,0.0,0.0,210.4786,0.0,0.0,0.0,0.0,0.0,-1.5707964,0.0
1970-01-01 00:00:00.494330200,0.4943302,0.0,0.0,682.5072,0.0,0.0,0.0,0.0,0.0,-1.5707964,0.0
1970-01-01 00:00:00.495205834,0.495205834,0.0,0.0,0.0,0.0,177.10866,0.0,0.0,0.0,-1.5707964,0.0
1970-01-01 00:00:00.496052813,0.496052813,0.0,0.0,0.0,958.66565,0.0,0.0,0.0,0.0,-1.5707964,0.0
1970-01-01 00:00:00.496108337,0.496108337,0.0,0.0,357.40543,0.0,0.0,0.0,0.0,0.0,-1.5707964,0.0
1970-01-01 00:00:00.498683568,0.498683568,107.185005,0.0,0.0,0.0,0.0,0.0,0.0,0.0,-1.5707964,0.0
1970-01-01 00:00:00.501366757,0.501366757,0.0,0.0,268.27408,0.0,0.0,0.0,0.0,0.0,-1.5707964,0.0
1970-01-01 00:00:00.502254089,0.502254089,526.2422,0.0,0.0,0.0,0.0,0.0,0.0,0.0,-1.5707964,0.0
1970-01-01 00:00:00.502254089,0.502254089,0.0,0.0,408.03973,0.0,0.0,0.0,0.0,0.0,-1.5707964,0.0
1970-01-01 00:00:00.502346164,0.502346165,0.0,0.0,642.9368,0.0,0.0,0.0,0.0,0.0,-1.5707964,0.0
1970-01-01 00:00:00.502807586,0.502807587,0.0,0.0,0.0,0.0,414.17224,0.0,0.0,0.0,-1.5707964,0.0
1970-01-01 00:00:00.503076243,0.503076243,0.0,0.0,455.439,0.0,0.0,0.0,0.0,0.0,-1.5707964,0.0
1970-01-01 00:00:00.503347263,0.503347264,0.0,0.0,0.0,0.0,144.23398,0.0,0.0,0.0,-1.5707964,0.0
1970-01-01 00:00:00.504935794,0.504935795,0.0,0.0,305.41785,0.0,0.0,0.0,0.0,0.0,-1.5707964,0.0
1970-01-01 00:00:00.506130594,0.506130594,0.0,0.0,252.9877,0.0,0.0,0.0,0.0,0.0,-1.5707964,0.0
1970-01-01 00:00:00.506493867,0.506493867,0.0,0.0,0.0,0.0,1009.7913,0.0,0.0,0.0,-1.5707964,0.0
1970-01-01 00:00:00.508443204,0.508443204,0.0,0.0,442.30756,0.0,0.0,0.0,0.0,0.0,-1.5707964,0.0
1970-01-01 00:00:00.508686689,0.508686689,0.0,0.0,785.38043,0.0,0.0,0.0,0.0,0.0,-1.5707964,0.0
1970-01-01 00:00:00.509680798,0.509680799,0.0,0.0,114.650116,0.0,0.0,0.0,0.0,0.0,-1.5707964,0.0
1970-01-01 00:00:00.510726841,0.510726841,0.0,0.0,303.97678,0.0,0.0,0.0,0.0,0.0,-1.5707964,0.0
1970-01-01 00:00:00.511067491,0.511067491,0.0,0.0,0.0,0.0,0.0,371.64728,0.0,0.0,-1.5707964,0.0
1970-01-01 00:00:00.511425251,0.511425251,0.0,0.0,1038.7395,0.0,0.0,0.0,0.0,0.0,-1.5707964,0.0
1970-01-01 00:00:00.511506750,0.51150675,0.0,0.0,91.58223,0.0,0.0,0.0,0.0,0.0,-1.5707964,0.0
1970-01-01 00:00:00.512435663,0.512435664,0.0,0.0,125.55385,0.0,0.0,0.0,0.0,0.0,-1.5707964,0.0
1970-01-01 00:00:00.512579103,0.512579104,0.0,0.0,468.77426,0.0,0.0,0.0,0.0,0.0,-1.5707964,0.0
1970-01-01 00:00:00.513371767,0.513371768,0.0,0.0,1190.8177,0.0,0.0,0.0,0.0,0.0,-1.5707964,0.0
1970-01-01 00:00:00.514485995,0.514485995,0.0,0.0,0.0,117.71247,0.0,0.0,0.0,0.0,-1.5707964,0.0
1970-01-01 00:00:00.514780231,0.514780231,0.0,0.0,421.97427,0.0,0.0,0.0,0.0,0.0,-1.5707964,0.0
1970-01-01 00:00:00.515010792,0.515010793,452.5207,0.0,0.0,0.0,0.0,0.0,0.0,0.0,-1.5707964,0.0
1970-01-01 00:00:00.515370652,0.515370653,0.0,0.0,728.6646,0.0,0.0,0.0,0.0,0.0,-1.5707964,0.0
1970-01-01 00:00:00.516062123,0.516062124,0.0,261.04886,0.0,0.0,0.0,0.0,0.0,0.0,-1.5707964,0.0
1970-01-01 00:00:00.516171021,0.516171021,0.0,0.0,926.0171,0.0,0.0,0.0,0.0,0.0,-1.5707964,0.0
1970-01-01 00:00:00.516507055,0.516507055,0.0,0.0,0.0,774.5774,0.0,0.0,0.0,0.0,-1.5707964,0.0
1970-01-01 00:00:00.517560362,0.517560363,0.0,0.0,238.75604,0.0,0.0,0.0,0.0,0.0,-1.5707964,0.0
1970-01-01 00:00:00.518357359,0.518357359,0.0,0.0,0.0,318.82706,0.0,0.0,0.0,0.0,-1.5707964,0.0
1970-01-01 00:00:00.518616509,0.518616509,0.0,0.0,184.14459,0.0,0.0,0.0,0.0,0.0,-1.5707964,0.0
1970-01-01 00:00:00.518846967,0.518846968,0.0,0.0,0.0,335.4198,0.0,0.0,0.0,0.0,-1.5707964,0.0
1970-01-01 00:00:00.518865437,0.518865438,0.0,0.0,135.60562,0.0,0.0,0.0,0.0,0.0,-1.5707964,0.0
1970-01-01 00:00:00.518935706,0.518935706,0.0,0.0,0.0,0.0,160.73204,0.0,0.0,0.0,-1.5707964,0.0
1970-01-01 00:00:00.518935706,0.518935706,0.0,0.0,0.0,0.0,293.3453,0.0,0.0,0.0,-1.5707964,0.0
1970-01-01 00:00:00.519552225,0.519552226,0.0,0.0,301.89566,0.0,0.0,0.0,0.0,0.0,-1.5707964,0.0
1970-01-01 00:00:00.519646135,0.519646135,0.0,0.0,554.2598,0.0,0.0,0.0,0.0,0.0,-1.5707964,0.0
1970-01-01 00:00:00.519733509,0.519733509,0.0,0.0,0.0,0.0,0.0,895.837,0.0,0.0,-1.5707964,0.0
1970-01-01 00:00:00.520128153,0.520128153,174.41939,0.0,0.0,0.0,0.0,0.0,0.0,0.0,-1.5707964,0.0
1970-01-01 00:00:00.520128153,0.520128153,554.7898,0.0,0.0,0.0,0.0,0.0,0.0,0.0,-1.5707964,0.0
1970-01-01 00:00:00.520157738,0.520157739,0.0,0.0,1180.3285,0.0,0.0,0.0,0.0,0.0,-1.5707964,0.0
1970-01-01 00:00:00.520413358,0.520413359,0.0,0.0,0.0,270.29916,0.0,0.0,0.0,0.0,-1.5707964,0.0
1970-01-01 00:00:00.521017941,0.521017942,0.0,0.0,113.3919,0.0,0.0,0.0,0.0,0.0,-1.5707964,0.0
1970-01-01 00:00:00.521402693,0.521402693,0.0,0.0,416.03342,0.0,0.0,0.0,0.0,0.0,-1.5707964,0.0
1970-01-01 00:00:00.521774812,0.521774813,0.0,0.0,762.75745,0.0,0.0,0.0,0.0,0.0,-1.5707964,0.0
1970-01-01 00:00:00.523006462,0.523006462,0.0,0.0,253.5605,0.0,0.0,0.0,0.0,0.0,-1.5707964,0.0
1970-01-01 00:00:00.523134271,0.523134271,0.0,0.0,156.6712,0.0,0.0,0.0,0.0,0.0,-1.5707964,0.0
1970-01-01 00:00:00.523638240,0.52363824,0.0,0.0,87.62926,0.0,0.0,0.0,0.0,0.0,-1.5707964,0.0
1970-01-01 00:00:00.524404404,0.524404405,0.0,0.0,0.0,0.0,0.0,493.8721,0.0,0.0,-1.5707964,0.0
1970-01-01 00:00:00.524669130,0.52466913,0.0,0.0,481.77963,0.0,0.0,0.0,0.0,0.0,-1.5707964,0.0
1970-01-01 00:00:00.524937030,0.52493703,0.0,0.0,590.188,0.0,0.0,0.0,0.0,0.0,-1.5707964,0.0
1970-01-01 00:00:00.524970067,0.524970067,0.0,0.0,174.15976,0.0,0.0,0.0,0.0,0.0,-1.5707964,0.0
1970-01-01 00:00:00.524984231,0.524984231,0.0,0.0,223.7779,0.0,0.0,0.0,0.0,0.0,-1.5707964,0.0
1970-01-01 00:00:00.526007796,0.526007796,0.0,0.0,0.0,248.69675,0.0,0.0,0.0,0.0,-1.5707964,0.0
1970-01-01 00:00:00.526011645,0.526011645,0.0,0.0,447.68338,0.0,0.0,0.0,0.0,0.0,-1.5707964,0.0
1970-01-01 00:00:00.526023824,0.526023824,0.0,0.0,414.30435,0.0,0.0,0.0,0.0,0.0,-1.5707964,0.0
1970-01-01 00:00:00.528458882,0.528458882,0.0,0.0,93.250496,0.0,0.0,0.0,0.0,0.0,-1.5707964,0.0
1970-01-01 00:00:00.529759620,0.52975962,372.73877,0.0,0.0,0.0,0.0,0.0,0.0,0.0,-1.5707964,0.0
1970-01-01 00:00:00.531384098,0.531384098,0.0,0.0,0.0,0.0,118.755684,0.0,0.0,0.0,-1.5707964,0.0
1970-01-01 00:00:00.534366785,0.534366785,0.0,0.0,0.0,207.34569,0.0,0.0,0.0,0.0,-1.5707964,0.0
1970-01-01 00:00:00.541683894,0.541683894,0.0,0.0,0.0,0.0,128.1622,0.0,0.0,0.0,-1.5707964,0.0
1970-01-01 00:00:00.542012738,0.542012738,0.0,0.0,94.88809,0.0,0.0,0.0,0.0,0.0,-1.5707964,0.0
1970-01-01 00:00:00.544088195,0.544088195,0.0,0.0,1312.2302,0.0,0.0,0.0,0.0,0.0,-1.5707964,0.0
1970-01-01 00:00:00.544396051,0.544396051,0.0,0.0,127.62206,0.0,0.0,0.0,0.0,0.0,-1.5707964,0.0
1970-01-01 00:00:00.544719104,0.544719104,0.0,0.0,376.42294,0.0,0.0,0.0,0.0,0.0,-1.5707964,0.0
1970-01-01 00:00:00.545046431,0.545046431,0.0,0.0,0.0,0.0,217.36848,0.0,0.0,0.0,-1.5707964,0.0
1970-01-01 00:00:00.545877078,0.545877078,0.0,0.0,133.43507,0.0,0.0,0.0,0.0,0.0,-1.5707964,0.0
1970-01-01 00:00:00.546315870,0.54631587,0.0,0.0,177.49956,0.0,0.0,0.0,0.0,0.0,-1.5707964,0.0
1970-01-01 00:00:00.547105514,0.547105514,0.0,0.0,94.02006,0.0,0.0,0.0,0.0,0.0,-1.5707964,0.0
1970-01-01 00:00:00.547598645,0.547598645,0.0,0.0,0.0,0.0,0.0,379.11368,0.0,0.0,-1.5707964,0.0
1970-01-01 00:00:00.547836089,0.547836089,0.0,0.0,188.42087,0.0,0.0,0.0,0.0,0.0,-1.5707964,0.0
1970-01-01 00:00:00.547862844,0.547862844,0.0,0.0,870.7558,0.0,0.0,0.0,0.0,0.0,-1.5707964,0.0
1970-01-01 00:00:00.548837466,0.548837466,0.0,0.0,106.08484,0.0,0.0,0.0,0.0,0.0,-1.5707964,0.0
1970-01-01 00:00:00.550560522,0.550560522,0.0,0.0,0.0,0.0,0.0,860.2111,0.0,0.0,-1.5707964,0.0
1970-01-01 00:00:00.551311219,0.551311219,0.0,0.0,675.4315,0.0,0.0,0.0,0.0,0.0,-1.5707964,0.0
1970-01-01 00:00:00.552917502,0.552917502,0.0,0.0,0.0,0.0,0.0,558.159,0.0,0.0,-1.5707964,0.0
1970-01-01 00:00:00.553222812,0.553222812,0.0,0.0,984.49274,0.0,0.0,0.0,0.0,0.0,-1.5707964,0.0
1970-01-01 00:00:00.554006197,0.554006197,0.0,0.0,723.9201,0.0,0.0,0.0,0.0,0.0,-1.5707964,0.0
1970-01-01 00:00:00.554122717,0.554122717,0.0,0.0,88.74349,0.0,0.0,0.0,0.0,0.0,-1.5707964,0.0
1970-01-01 00:00:00.554542654,0.554542654,156.6531,0.0,0.0,0.0,0.0,0.0,0.0,0.0,-1.5707964,0.0
1970-01-01 00:00:00.554905531,0.554905531,0.0,0.0,121.64978,0.0,0.0,0.0,0.0,0.0,-1.5707964,0.0
1970-01-01 00:00:00.558164954,0.558164954,0.0,0.0,693.57104,0.0,0.0,0.0,0.0,0.0,-1.5707964,0.0
1970-01-01 00:00:00.558633826,0.558633826,0.0,0.0,296.39047,0.0,0.0,0.0,0.0,0.0,-1.5707964,0.0
1970-01-01 00:00:00.560579288,0.560579288,0.0,0.0,88.744095,0.0,0.0,0.0,0.0,0.0,-1.5707964,0.0
1970-01-01 00:00:00.560731475,0.560731475,0.0,0.0,216.99112,0.0,0.0,0.0,0.0,0.0,-1.5707964,0.0
1970-01-01 00:00:00.561590344,0.561590344,0.0,0.0,880.4462,0.0,0.0,0.0,0.0,0.0,-1.5707964,0.0
1970-01-01 00:00:00.561686174,0.561686174,0.0,0.0,143.25053,0.0,0.0,0.0,0.0,0.0,-1.5707964,0.0
1970-01-01 00:00:00.561979891,0.561979891,0.0,0.0,0.0,0.0,192.40332,0.0,0.0,0.0,-1.5707964,0.0
1970-01-01 00:00:00.562122391,0.562122391,0.0,0.0,168.07384,0.0,0.0,0.0,0.0,0.0,-1.5707964,0.0
1970-01-01 00:00:00.562973029,0.562973029,0.0,0.0,634.3559,0.0,0.0,0.0,0.0,0.0,-1.5707964,0.0
1970-01-01 00:00:00.563706160,0.56370616,0.0,0.0,104.044304,0.0,0.0,0.0,0.0,0.0,-1.5707964,0.0
1970-01-01 00:00:00.565312897,0.565312897,0.0,0.0,107.449554,0.0,0.0,0.0,0.0,0.0,-1.5707964,0.0
1970-01-01 00:00:00.565325633,0.565325633,0.0,0.0,139.49774,0.0,0.0,0.0,0.0,0.0,-1.5707964,0.0
1970-01-01 00:00:00.566439706,0.566439706,0.0,0.0,132.6947,0.0,0.0,0.0,0.0,0.0,-1.5707964,0.0
1970-01-01 00:00:00.567251378,0.567251378,0.0,160.16364,0.0,0.0,0.0,0.0,0.0,0.0,-1.5707964,0.0
1970-01-01 00:00:00.567521508,0.567521508,0.0,0.0,328.01773,0.0,0.0,0.0,0.0,0.0,-1.5707964,0.0
1970-01-01 00:00:00.567699473,0.567699473,0.0,0.0,221.50835,0.0,0.0,0.0,0.0,0.0,-1.5707964,0.0
1970-01-01 00:00:00.567887506,0.567887506,0.0,0.0,141.43854,0.0,0.0,0.0,0.0,0.0,-1.5707964,0.0
1970-01-01 00:00:00.568196219,0.568196219,0.0,0.0,252.8414,0.0,0.0,0.0,0.0,0.0,-1.5707964,0.0
1970-01-01 00:00:00.568216225,0.568216225,89.19474,0.0,0.0,0.0,0.0,0.0,0.0,0.0,-1.5707964,0.0
1970-01-01 00:00:00.568216225,0.568216225,0.0,0.0,1440.8428,0.0,0.0,0.0,0.0,0.0,-1.5707964,0.0
1970-01-01 00:00:00.568505820,0.56850582,0.0,0.0,216.53563,0.0,0.0,0.0,0.0,0.0,-1.5707964,0.0
1970-01-01 00:00:00.569032286,0.569032286,119.95966,0.0,0.0,0.0,0.0,0.0,0.0,0.0,-1.5707964,0.0
1970-01-01 00:00:00.569037079,0.569037079,0.0,0.0,194.8948,0.0,0.0,0.0,0.0,0.0,-1.5707964,0.0
1970-01-01 00:00:00.569062339,0.569062339,0.0,0.0,93.684875,0.0,0.0,0.0,0.0,0.0,-1.5707964,0.0
1970-01-01 00:00:00.569828604,0.569828604,0.0,0.0,208.2503,0.0,0.0,0.0,0.0,0.0,-1.5707964,0.0
1970-01-01 00:00:00.570600556,0.570600556,0.0,0.0,768.2394,0.0,0.0,0.0,0.0,0.0,-1.5707964,0.0
1970-01-01 00:00:00.570640904,0.570640904,0.0,0.0,373.76898,0.0,0.0,0.0,0.0,0.0,-1.5707964,0.0
1970-01-01 00:00:00.571075336,0.571075336,0.0,0.0,251.2935,0.0,0.0,0.0,0.0,0.0,-1.5707964,0.0
1970-01-01 00:00:00.571075336,0.571075336,0.0,0.0,217.66034,0.0,0.0,0.0,0.0,0.0,-1.5707964,0.0
1970-01-01 00:00:00.571075336,0.571075336,0.0,0.0,0.0,0.0,0.0,563.24713,0.0,0.0,-1.5707964,0.0
1970-01-01 00:00:00.571562454,0.571562454,0.0,0.0,92.24326,0.0,0.0,0.0,0.0,0.0,-1.5707964,0.0
1970-01-01 00:00:00.571743552,0.571743552,0.0,0.0,414.57132,0.0,0.0,0.0,0.0,0.0,-1.5707964,0.0
1970-01-01 00:00:00.572395765,0.572395765,0.0,0.0,461.23032,0.0,0.0,0.0,0.0,0.0,-1.5707964,0.0
1970-01-01 00:00:00.572561090,0.57256109,0.0,0.0,198.45215,0.0,0.0,0.0,0.0,0.0,-1.5707964,0.0
1970-01-01 00:00:00.573989231,0.573989231,0.0,0.0,383.67075,0.0,0.0,0.0,0.0,0.0,-1.5707964,0.0
1970-01-01 00:00:00.574083827,0.574083827,0.0,0.0,512.8851,0.0,0.0,0.0,0.0,0.0,-1.5707964,0.0
1970-01-01 00:00:00.574926825,0.574926825,0.0,0.0,146.44926,0.0,0.0,0.0,0.0,0.0,-1.5707964,0.0
1970-01-01 00:00:00.575525371,0.575525371,0.0,0.0,100.259155,0.0,0.0,0.0,0.0,0.0,-1.5707964,0.0
1970-01-01 00:00:00.575975892,0.575975892,196.5505,0.0,0.0,0.0,0.0,0.0,0.0,0.0,-1.5707964,0.0
1970-01-01 00:00:00.576463672,0.576463672,0.0,0.0,333.86118,0.0,0.0,0.0,0.0,0.0,-1.5707964,0.0
1970-01-01 00:00:00.577182683,0.577182683,0.0,0.0,1696.2137,0.0,0.0,0.0,0.0,0.0,-1.5707964,0.0
1970-01-01 00:00:00.577231918,0.577231918,0.0,0.0,0.0,0.0,0.0,247.59334,0.0,0.0,-1.5707964,0.0
1970-01-01 00:00:00.577331304,0.577331304,0.0,0.0,242.6992,0.0,0.0,0.0,0.0,0.0,-1.5707964,0.0
1970-01-01 00:00:00.578564791,0.578564791,0.0,0.0,0.0,0.0,423.48666,0.0,0.0,0.0,-1.5707964,0.0
1970-01-01 00:00:00.579410694,0.579410694,0.0,0.0,132.73444,0.0,0.0,0.0,0.0,0.0,-1.5707964,0.0
1970-01-01 00:00:00.579571972,0.579571972,0.0,103.4467,0.0,0.0,0.0,0.0,0.0,0.0,-1.5707964,0.0
1970-01-01 00:00:00.580323736,0.580323736,0.0,0.0,1002.5323,0.0,0.0,0.0,0.0,0.0,-1.5707964,0.0
1970-01-01 00:00:00.581570821,0.581570821,0.0,135.23436,0.0,0.0,0.0,0.0,0.0,0.0,-1.5707964,0.0
1970-01-01 00:00:00.582305205,0.582305205,0.0,0.0,293.08362,0.0,0.0,0.0,0.0,0.0,-1.5707964,0.0
1970-01-01 00:00:00.582308871,0.582308871,383.5569,0.0,0.0,0.0,0.0,0.0,0.0,0.0,-1.5707964,0.0
1970-01-01 00:00:00.582637571,0.582637571,0.0,0.0,342.1642,0.0,0.0,0.0,0.0,0.0,-1.5707964,0.0
1970-01-01 00:00:00.583010086,0.583010086,0.0,0.0,0.0,0.0,0.0,184.01102,0.0,0.0,-1.5707964,0.0
1970-01-01 00:00:00.583185572,0.583185572,0.0,0.0,230.12663,0.0,0.0,0.0,0.0,0.0,-1.5707964,0.0
1970-01-01 00:00:00.583524375,0.583524375,0.0,0.0,0.0,0.0,0.0,152.81982,0.0,0.0,-1.5707964,0.0
1970-01-01 00:00:00.583582261,0.583582261,346.25806,0.0,0.0,0.0,0.0,0.0,0.0,0.0,-1.5707964,0.0
1970-01-01 00:00:00.583587448,0.583587448,0.0,0.0,194.28638,0.0,0.0,0.0,0.0,0.0,-1.5707964,0.0
1970-01-01 00:00:00.583785475,0.583785475,0.0,0.0,0.0,0.0,0.0,89.047195,0.0,0.0,-1.5707964,0.0
1970-01-01 00:00:00.584645725,0.584645725,0.0,0.0,123.95941,0.0,0.0,0.0,0.0,0.0,-1.5707964,0.0
1970-01-01 00:00:00.585106194,0.585106194,0.0,0.0,718.42017,0.0,0.0,0.0,0.0,0.0,-1.5707964,0.0
1970-01-01 00:00:00.585682094,0.585682094,0.0,0.0,305.2795,0.0,0.0,0.0,0.0,0.0,-1.5707964,0.0
1970-01-01 00:00:00.585913703,0.585913703,0.0,0.0,112.382355,0.0,0.0,0.0,0.0,0.0,-1.5707964,0.0
1970-01-01 00:00:00.586247154,0.586247154,0.0,0.0,0.0,0.0,581.9033,0.0,0.0,0.0,-1.5707964,0.0
1970-01-01 00:00:00.586784585,0.586784585,0.0,0.0,2087.2083,0.0,0.0,0.0,0.0,0.0,-1.5707964,0.0
1970-01-01 00:00:00.587712108,0.587712108,0.0,0.0,295.74115,0.0,0.0,0.0,0.0,0.0,-1.5707964,0.0
1970-01-01 00:00:00.587716339,0.587716339,103.39724,0.0,0.0,0.0,0.0,0.0,0.0,0.0,-1.5707964,0.0
1970-01-01 00:00:00.587725044,0.587725044,0.0,0.0,0.0,135.7365,0.0,0.0,0.0,0.0,-1.5707964,0.0
1970-01-01 00:00:00.588871072,0.588871072,149.34886,0.0,0.0,0.0,0.0,0.0,0.0,0.0,-1.5707964,0.0
1970-01-01 00:00:00.591701868,0.591701868,0.0,0.0,0.0,0.0,0.0,135.31262,0.0,0.0,-1.5707964,0.0
1970-01-01 00:00:00.592317512,0.592317512,0.0,0.0,0.0,0.0,0.0,394.69952,0.0,0.0,-1.5707964,0.0
1970-01-01 00:00:00.592711084,0.592711084,0.0,0.0,0.0,0.0,960.955,0.0,0.0,0.0,-1.5707964,0.0
1970-01-01 00:00:00.593141781,0.593141781,0.0,0.0,232.953,0.0,0.0,0.0,0.0,0.0,-1.5707964,0.0
1970-01-01 00:00:00.593940028,0.593940028,0.0,0.0,431.59256,0.0,0.0,0.0,0.0,0.0,-1.5707964,0.0
1970-01-01 00:00:00.595236902,0.595236902,0.0,0.0,0.0,0.0,993.07605,0.0,0.0,0.0,-1.5707964,0.0
1970-01-01 00:00:00.595381510,0.59538151,0.0,0.0,0.0,301.3868,0.0,0.0,0.0,0.0,-1.5707964,0.0
1970-01-01 00:00:00.595389319,0.595389319,0.0,0.0,0.0,527.01465,0.0,0.0,0.0,0.0,-1.5707964,0.0
1970-01-01 00:00:00.596191519,0.596191519,0.0,426.94055,0.0,0.0,0.0,0.0,0.0,0.0,-1.5707964,0.0
1970-01-01 00:00:00.596191519,0.596191519,0.0,0.0,1180.1378,0.0,0.0,0.0,0.0,0.0,-1.5707964,0.0
1970-01-01 00:00:00.596218148,0.596218148,0.0,0.0,80.81202,0.0,0.0,0.0,0.0,0.0,-1.5707964,0.0
1970-01-01 00:00:00.596352162,0.596352162,0.0,0.0,318.20013,0.0,0.0,0.0,0.0,0.0,-1.5707964,0.0
1970-01-01 00:00:00.596352162,0.596352162,0.0,0.0,0.0,0.0,984.62634,0.0,0.0,0.0,-1.5707964,0.0
1970-01-01 00:00:00.597186925,0.597186925,0.0,0.0,0.0,0.0,264.7378,0.0,0.0,0.0,-1.5707964,0.0
1970-01-01 00:00:00.599315923,0.599315923,0.0,0.0,125.77871,0.0,0.0,0.0,0.0,0.0,-1.5707964,0.0
1970-01-01 00:00:00.599542905,0.599542905,0.0,0.0,323.79416,0.0,0.0,0.0,0.0,0.0,-1.5707964,0.0
1970-01-01 00:00:00.600111195,0.600111195,0.0,0.0,108.606026,0.0,0.0,0.0,0.0,0.0,-1.5707964,0.0
1970-01-01 00:00:00.600854731,0.600854731,127.89675,0.0,0.0,0.0,0.0,0.0,0.0,0.0,-1.5707964,0.0
1970-01-01 00:00:00.601131328,0.601131328,0.0,0.0,890.51184,0.0,0.0,0.0,0.0,0.0,-1.5707964,0.0
1970-01-01 00:00:00.601525912,0.601525912,0.0,0.0,275.75827,0.0,0.0,0.0,0.0,0.0,-1.5707964,0.0
1970-01-01 00:00:00.601746232,0.601746232,0.0,0.0,0.0,754.4998,0.0,0.0,0.0,0.0,-1.5707964,0.0
1970-01-01 00:00:00.601849292,0.601849292,0.0,0.0,0.0,0.0,337.4483,0.0,0.0,0.0,-1.5707964,0.0
1970-01-01 00:00:00.601954012,0.601954012,0.0,0.0,221.74136,0.0,0.0,0.0,0.0,0.0,-1.5707964,0.0
1970-01-01 00:00:00.601954012,0.601954012,0.0,0.0,262.82596,0.0,0.0,0.0,0.0,0.0,-1.5707964,0.0
1970-01-01 00:00:00.601967400,0.6019674,0.0,0.0,313.14456,0.0,0.0,0.0,0.0,0.0,-1.5707964,0.0
1970-01-01 00:00:00.602055784,0.602055784,0.0,0.0,165.86739,0.0,0.0,0.0,0.0,0.0,-1.5707964,0.0
1970-01-01 00:00:00.602943435,0.602943435,0.0,0.0,0.0,0.0,111.08327,0.0,0.0,0.0,-1.5707964,0.0
1970-01-01 00:00:00.603135879,0.603135879,0.0,0.0,0.0,0.0,412.49954,0.0,0.0,0.0,-1.5707964,0.0
1970-01-01 00:00:00.603414214,0.603414214,0.0,0.0,0.0,0.0,0.0,633.583,0.0,0.0,-1.5707964,0.0
1970-01-01 00:00:00.603594855,0.603594855,0.0,0.0,0.0,0.0,0.0,369.44867,0.0,0.0,-1.5707964,0.0
1970-01-01 00:00:00.603671072,0.603671072,0.0,0.0,0.0,0.0,0.0,411.30273,0.0,0.0,-1.5707964,0.0
1970-01-01 00:00:00.603956102,0.603956102,0.0,0.0,449.29388,0.0,0.0,0.0,0.0,0.0,-1.5707964,0.0
1970-01-01 00:00:00.604153446,0.604153446,0.0,0.0,0.0,0.0,0.0,427.73773,0.0,0.0,-1.5707964,0.0
1970-01-01 00:00:00.604239828,0.604239828,0.0,0.0,194.2948,0.0,0.0,0.0,0.0,0.0,-1.5707964,0.0
1970-01-01 00:00:00.604330618,0.604330618,0.0,0.0,0.0,0.0,184.07181,0.0,0.0,0.0,-1.5707964,0.0
1970-01-01 00:00:00.604360392,0.604360392,0.0,0.0,756.4809,0.0,0.0,0.0,0.0,0.0,-1.5707964,0.0
1970-01-01 00:00:00.604970489,0.604970489,0.0,0.0,105.25679,0.0,0.0,0.0,0.0,0.0,-1.5707964,0.0
1970-01-01 00:00:00.605237214,0.605237214,0.0,0.0,551.1215,0.0,0.0,0.0,0.0,0.0,-1.5707964,0.0
1970-01-01 00:00:00.605237214,0.605237214,0.0,0.0,0.0,0.0,0.0,1040.5796,0.0,0.0,-1.5707964,0.0
1970-01-01 00:00:00.605489709,0.605489709,0.0,0.0,691.46655,0.0,0.0,0.0,0.0,0.0,-1.5707964,0.0
1970-01-01 00:00:00.607071370,0.60707137,0.0,0.0,117.339325,0.0,0.0,0.0,0.0,0.0,-1.5707964,0.0
1970-01-01 00:00:00.607103607,0.607103607,0.0,0.0,0.0,0.0,128.32452,0.0,0.0,0.0,-1.5707964,0.0
1970-01-01 00:00:00.607539851,0.607539851,0.0,0.0,0.0,123.347725,0.0,0.0,0.0,0.0,-1.5707964,0.0
1970-01-01 00:00:00.608145771,0.608145771,0.0,0.0,0.0,0.0,0.0,108.2263,0.0,0.0,-1.5707964,0.0
1970-01-01 00:00:00.608559887,0.608559887,0.0,0.0,178.51314,0.0,0.0,0.0,0.0,0.0,-1.5707964,0.0
1970-01-01 00:00:00.608722716,0.608722716,0.0,0.0,186.67892,0.0,0.0,0.0,0.0,0.0,-1.5707964,0.0
1970-01-01 00:00:00.609270017,0.609270017,102.89651,0.0,0.0,0.0,0.0,0.0,0.0,0.0,-1.5707964,0.0
1970-01-01 00:00:00.610098407,0.610098407,0.0,0.0,0.0,579.09045,0.0,0.0,0.0,0.0,-1.5707964,0.0
1970-01-01 00:00:00.610644989,0.610644989,0.0,0.0,697.0044,0.0,0.0,0.0,0.0,0.0,-1.5707964,0.0
1970-01-01 00:00:00.612376013,0.612376013,0.0,0.0,86.36951,0.0,0.0,0.0,0.0,0.0,-1.5707964,0.0
1970-01-01 00:00:00.617583688,0.617583688,0.0,0.0,0.0,0.0,0.0,108.55205,0.0,0.0,-1.5707964,0.0
1970-01-01 00:00:00.618388292,0.618388292,0.0,0.0,309.5858,0.0,0.0,0.0,0.0,0.0,-1.5707964,0.0
1970-01-01 00:00:00.618453624,0.618453624,0.0,0.0,0.0,154.64552,0.0,0.0,0.0,0.0,-1.5707964,0.0
1970-01-01 00:00:00.620218154,0.620218154,0.0,0.0,727.149,0.0,0.0,0.0,0.0,0.0,-1.5707964,0.0
1970-01-01 00:00:00.620703922,0.620703922,0.0,0.0,114.138435,0.0,0.0,0.0,0.0,0.0,-1.5707964,0.0
1970-01-01 00:00:00.620721680,0.62072168,0.0,0.0,287.006,0.0,0.0,0.0,0.0,0.0,-1.5707964,0.0
1970-01-01 00:00:00.621071424,0.621071424,0.0,0.0,0.0,296.34207,0.0,0.0,0.0,0.0,-1.5707964,0.0
1970-01-01 00:00:00.621183129,0.621183129,0.0,0.0,2786.6497,0.0,0.0,0.0,0.0,0.0,-1.5707964,0.0
1970-01-01 00:00:00.621385408,0.621385408,0.0,309.03052,0.0,0.0,0.0,0.0,0.0,0.0,-1.5707964,0.0
1970-01-01 00:00:00.621488257,0.621488257,0.0,0.0,449.3685,0.0,0.0,0.0,0.0,0.0,-1.5707964,0.0
1970-01-01 00:00:00.621743527,0.621743527,288.32465,0.0,0.0,0.0,0.0,0.0,0.0,0.0,-1.5707964,0.0
1970-01-01 00:00:00.621884278,0.621884278,0.0,0.0,146.74582,0.0,0.0,0.0,0.0,0.0,-1.5707964,0.0
1970-01-01 00:00:00.622304126,0.622304126,0.0,0.0,370.7548,0.0,0.0,0.0,0.0,0.0,-1.5707964,0.0
1970-01-01 00:00:00.625726849,0.625726849,383.3979,0.0,0.0,0.0,0.0,0.0,0.0,0.0,-1.5707964,0.0
1970-01-01 00:00:00.634918420,0.63491842,316.1103,0.0,0.0,0.0,0.0,0.0,0.0,0.0,-1.5707964,0.0
1970-01-01 00:00:00.636546292,0.636546292,0.0,0.0,0.0,0.0,213.40163,0.0,0.0,0.0,-1.5707964,0.0
1970-01-01 00:00:00.636914813,0.636914813,0.0,0.0,274.62372,0.0,0.0,0.0,0.0,0.0,-1.5707964,0.0
1970-01-01 00:00:00.637190258,0.637190258,0.0,260.5727,0.0,0.0,0.0,0.0,0.0,0.0,-1.5707964,0.0
1970-01-01 00:00:00.638235148,0.638235148,0.0,0.0,510.56128,0.0,0.0,0.0,0.0,0.0,-1.5707964,0.0
1970-01-01 00:00:00.638272212,0.638272212,133.80463,0.0,0.0,0.0,0.0,0.0,0.0,0.0,-1.5707964,0.0
1970-01-01 00:00:00.638586775,0.638586775,0.0,0.0,289.85205,0.0,0.0,0.0,0.0,0.0,-1.5707964,0.0
1970-01-01 00:00:00.638839960,0.63883996,0.0,0.0,298.96988,0.0,0.0,0.0,0.0,0.0,-1.5707964,0.0
1970-01-01 00:00:00.639630386,0.639630386,0.0,0.0,818.70245,0.0,0.0,0.0,0.0,0.0,-1.5707964,0.0
1970-01-01 00:00:00.639679813,0.639679813,0.0,0.0,85.61984,0.0,0.0,0.0,0.0,0.0,-1.5707964,0.0
1970-01-01 00:00:00.640367919,0.640367919,0.0,0.0,0.0,94.985634,0.0,0.0,0.0,0.0,-1.5707964,0.0
1970-01-01 00:00:00.640866976,0.640866976,0.0,0.0,0.0,0.0,292.4241,0.0,0.0,0.0,-1.5707964,0.0
1970-01-01 00:00:00.642775833,0.642775833,0.0,0.0,1539.8984,0.0,0.0,0.0,0.0,0.0,-1.5707964,0.0
1970-01-01 00:00:00.643569296,0.643569296,0.0,0.0,0.0,0.0,497.1675,0.0,0.0,0.0,-1.5707964,0.0
1970-01-01 00:00:00.643892462,0.643892462,0.0,0.0,0.0,0.0,247.55669,0.0,0.0,0.0,-1.5707964,0.0
1970-01-01 00:00:00.647193295,0.647193295,0.0,0.0,0.0,0.0,112.261696,0.0,0.0,0.0,-1.5707964,0.0
1970-01-01 00:00:00.647539200,0.6475392,0.0,0.0,189.54848,0.0,0.0,0.0,0.0,0.0,-1.5707964,0.0
1970-01-01 00:00:00.648291931,0.648291931,0.0,0.0,1129.0361,0.0,0.0,0.0,0.0,0.0,-1.5707964,0.0
1970-01-01 00:00:00.649060376,0.649060376,0.0,0.0,166.28796,0.0,0.0,0.0,0.0,0.0,-1.5707964,0.0
1970-01-01 00:00:00.649501777,0.649501777,0.0,0.0,441.83496,0.0,0.0,0.0,0.0,0.0,-1.5707964,0.0
1970-01-01 00:00:00.651240715,0.651240715,0.0,0.0,103.84935,0.0,0.0,0.0,0.0,0.0,-1.5707964,0.0
1970-01-01 00:00:00.651986800,0.6519868,0.0,0.0,122.97459,0.0,0.0,0.0,0.0,0.0,-1.5707964,0.0
1970-01-01 00:00:00.652308224,0.652308224,0.0,0.0,393.5381,0.0,0.0,0.0,0.0,0.0,-1.5707964,0.0
1970-01-01 00:00:00.652413125,0.652413125,290.08362,0.0,0.0,0.0,0.0,0.0,0.0,0.0,-1.5707964,0.0
1970-01-01 00:00:00.652552893,0.652552893,0.0,0.0,0.0,0.0,159.25734,0.0,0.0,0.0,-1.5707964,0.0
1970-01-01 00:00:00.653253011,0.653253011,0.0,0.0,0.0,471.04202,0.0,0.0,0.0,0.0,-1.5707964,0.0
1970-01-01 00:00:00.653994464,0.653994464,0.0,0.0,130.17584,0.0,0.0,0.0,0.0,0.0,-1.5707964,0.0
1970-01-01 00:00:00.667777404,0.667777404,98.619835,0.0,0.0,0.0,0.0,0.0,0.0,0.0,-1.5707964,0.0
1970-01-01 00:00:00.668609258,0.668609258,0.0,0.0,1449.2277,0.0,0.0,0.0,0.0,0.0,-1.5707964,0.0
1970-01-01 00:00:00.669487261,0.669487261,0.0,0.0,172.54672,0.0,0.0,0.0,0.0,0.0,-1.5707964,0.0
1970-01-01 00:00:00.669660445,0.669660445,0.0,0.0,0.0,0.0,0.0,119.61791,0.0,0.0,-1.5707964,0.0
1970-01-01 00:00:00.670270158,0.670270158,329.55914,0.0,0.0,0.0,0.0,0.0,0.0,0.0,-1.5707964,0.0
1970-01-01 00:00:00.671106923,0.671106923,0.0,0.0,0.0,110.9725,0.0,0.0,0.0,0.0,-1.5707964,0.0
1970-01-01 00:00:00.671626659,0.671626659,0.0,0.0,786.575,0.0,0.0,0.0,0.0,0.0,-1.5707964,0.0
1970-01-01 00:00:00.671837852,0.671837852,0.0,0.0,127.421524,0.0,0.0,0.0,0.0,0.0,-1.5707964,0.0
1970-01-01 00:00:00.672920729,0.672920729,0.0,0.0,90.910385,0.0,0.0,0.0,0.0,0.0,-1.5707964,0.0
1970-01-01 00:00:00.673596534,0.673596534,0.0,0.0,368.96045,0.0,0.0,0.0,0.0,0.0,-1.5707964,0.0
1970-01-01 00:00:00.673723223,0.673723223,0.0,0.0,642.7259,0.0,0.0,0.0,0.0,0.0,-1.5707964,0.0
1970-01-01 00:00:00.674044179,0.674044179,0.0,0.0,0.0,0.0,550.7015,0.0,0.0,0.0,-1.5707964,0.0
1970-01-01 00:00:00.674188695,0.674188695,0.0,0.0,165.24803,0.0,0.0,0.0,0.0,0.0,-1.5707964,0.0
1970-01-01 00:00:00.674735828,0.674735828,0.0,0.0,123.475464,0.0,0.0,0.0,0.0,0.0,-1.5707964,0.0
1970-01-01 00:00:00.675761815,0.675761815,0.0,331.55017,0.0,0.0,0.0,0.0,0.0,0.0,-1.5707964,0.0
1970-01-01 00:00:00.676530537,0.676530537,0.0,0.0,148.7243,0.0,0.0,0.0,0.0,0.0,-1.5707964,0.0
1970-01-01 00:00:00.676728199,0.676728199,231.47491,0.0,0.0,0.0,0.0,0.0,0.0,0.0,-1.5707964,0.0
1970-01-01 00:00:00.677004485,0.677004485,0.0,0.0,376.52002,0.0,0.0,0.0,0.0,0.0,-1.5707964,0.0
1970-01-01 00:00:00.678417312,0.678417312,149.06439,0.0,0.0,0.0,0.0,0.0,0.0,0.0,-1.5707964,0.0
1970-01-01 00:00:00.678498338,0.678498338,0.0,0.0,134.40465,0.0,0.0,0.0,0.0,0.0,-1.5707964,0.0
1970-01-01 00:00:00.678857917,0.678857917,194.44049,0.0,0.0,0.0,0.0,0.0,0.0,0.0,-1.5707964,0.0
1970-01-01 00:00:00.678922045,0.678922045,0.0,0.0,103.16815,0.0,0.0,0.0,0.0,0.0,-1.5707964,0.0
1970-01-01 00:00:00.679069117,0.679069117,0.0,0.0,747.28796,0.0,0.0,0.0,0.0,0.0,-1.5707964,0.0
1970-01-01 00:00:00.679187305,0.679187305,0.0,0.0,653.6716,0.0,0.0,0.0,0.0,0.0,-1.5707964,0.0
1970-01-01 00:00:00.680055814,0.680055814,0.0,0.0,447.459,0.0,0.0,0.0,0.0,0.0,-1.5707964,0.0
1970-01-01 00:00:00.680588755,0.680588755,0.0,0.0,178.01987,0.0,0.0,0.0,0.0,0.0,-1.5707964,0.0
1970-01-01 00:00:00.680597942,0.680597942,0.0,0.0,728.2511,0.0,0.0,0.0,0.0,0.0,-1.5707964,0.0
1970-01-01 00:00:00.680784943,0.680784943,0.0,228.98947,0.0,0.0,0.0,0.0,0.0,0.0,-1.5707964,0.0
1970-01-01 00:00:00.680858873,0.680858873,0.0,496.52393,0.0,0.0,0.0,0.0,0.0,0.0,-1.5707964,0.0
1970-01-01 00:00:00.681292872,0.681292872,0.0,0.0,431.36432,0.0,0.0,0.0,0.0,0.0,-1.5707964,0.0
1970-01-01 00:00:00.681491166,0.681491166,0.0,0.0,0.0,0.0,0.0,355.81934,0.0,0.0,-1.5707964,0.0
1970-01-01 00:00:00.681542399,0.681542399,0.0,0.0,0.0,0.0,0.0,1771.3298,0.0,0.0,-1.5707964,0.0
1970-01-01 00:00:00.681572021,0.681572021,0.0,0.0,94.80774,0.0,0.0,0.0,0.0,0.0,-1.5707964,0.0
1970-01-01 00:00:00.682455276,0.682455276,0.0,0.0,407.21317,0.0,0.0,0.0,0.0,0.0,-1.5707964,0.0
1970-01-01 00:00:00.685307894,0.685307894,0.0,0.0,730.21857,0.0,0.0,0.0,0.0,0.0,-1.5707964,0.0
1970-01-01 00:00:00.686209575,0.686209575,0.0,0.0,228.77397,0.0,0.0,0.0,0.0,0.0,-1.5707964,0.0
1970-01-01 00:00:00.686703062,0.686703062,0.0,0.0,0.0,0.0,0.0,127.37433,0.0,0.0,-1.5707964,0.0
1970-01-01 00:00:00.688784497,0.688784497,0.0,0.0,1015.22534,0.0,0.0,0.0,0.0,0.0,-1.5707964,0.0
1970-01-01 00:00:00.689165217,0.689165217,0.0,0.0,881.3169,0.0,0.0,0.0,0.0,0.0,-1.5707964,0.0
1970-01-01 00:00:00.689332527,0.689332527,0.0,0.0,0.0,0.0,126.44586,0.0,0.0,0.0,-1.5707964,0.0
1970-01-01 00:00:00.689924149,0.689924149,0.0,0.0,534.2619,0.0,0.0,0.0,0.0,0.0,-1.5707964,0.0
1970-01-01 00:00:00.691411319,0.691411319,101.93669,0.0,0.0,0.0,0.0,0.0,0.0,0.0,-1.5707964,0.0
1970-01-01 00:00:00.692091074,0.692091074,0.0,0.0,146.73749,0.0,0.0,0.0,0.0,0.0,-1.5707964,0.0
1970-01-01 00:00:00.692174535,0.692174535,0.0,0.0,425.90106,0.0,0.0,0.0,0.0,0.0,-1.5707964,0.0
1970-01-01 00:00:00.692464315,0.692464315,0.0,0.0,223.56464,0.0,0.0,0.0,0.0,0.0,-1.5707964,0.0
1970-01-01 00:00:00.692700937,0.692700937,0.0,0.0,349.18674,0.0,0.0,0.0,0.0,0.0,-1.5707964,0.0
1970-01-01 00:00:00.692806766,0.692806766,0.0,0.0,3175.6216,0.0,0.0,0.0,0.0,0.0,-1.5707964,0.0
1970-01-01 00:00:00.693252149,0.693252149,0.0,0.0,213.86823,0.0,0.0,0.0,0.0,0.0,-1.5707964,0.0
1970-01-01 00:00:00.693939390,0.69393939,0.0,0.0,907.4236,0.0,0.0,0.0,0.0,0.0,-1.5707964,0.0
1970-01-01 00:00:00.693952748,0.693952748,0.0,0.0,286.9784,0.0,0.0,0.0,0.0,0.0,-1.5707964,0.0
1970-01-01 00:00:00.694346585,0.694346585,200.18137,0.0,0.0,0.0,0.0,0.0,0.0,0.0,-1.5707964,0.0
1970-01-01 00:00:00.695585203,0.695585203,0.0,0.0,188.70477,0.0,0.0,0.0,0.0,0.0,-1.5707964,0.0
1970-01-01 00:00:00.696187549,0.696187549,0.0,0.0,281.9603,0.0,0.0,0.0,0.0,0.0,-1.5707964,0.0
1970-01-01 00:00:00.696871000,0.696871,0.0,0.0,331.93512,0.0,0.0,0.0,0.0,0.0,-1.5707964,0.0
1970-01-01 00:00:00.706663948,0.706663948,0.0,0.0,703.8549,0.0,0.0,0.0,0.0,0.0,-1.5707964,0.0
1970-01-01 00:00:00.706699334,0.706699334,0.0,0.0,0.0,97.65991,0.0,0.0,0.0,0.0,-1.5707964,0.0
1970-01-01 00:00:00.706899516,0.706899516,0.0,233.48244,0.0,0.0,0.0,0.0,0.0,0.0,-1.5707964,0.0
1970-01-01 00:00:00.709125738,0.709125738,0.0,0.0,0.0,0.0,183.39684,0.0,0.0,0.0,-1.5707964,0.0
1970-01-01 00:00:00.709167507,0.709167507,0.0,0.0,220.13974,0.0,0.0,0.0,0.0,0.0,-1.5707964,0.0
1970-01-01 00:00:00.710291954,0.710291954,226.98186,0.0,0.0,0.0,0.0,0.0,0.0,0.0,-1.5707964,0.0
1970-01-01 00:00:00.710698887,0.710698887,0.0,0.0,0.0,0.0,0.0,276.89856,0.0,0.0,-1.5707964,0.0
1970-01-01 00:00:00.710960429,0.710960429,0.0,0.0,260.9486,0.0,0.0,0.0,0.0,0.0,-1.5707964,0.0
1970-01-01 00:00:00.711179935,0.711179935,0.0,0.0,1178.3726,0.0,0.0,0.0,0.0,0.0,-1.5707964,0.0
1970-01-01 00:00:00.711216266,0.711216266,0.0,0.0,0.0,0.0,153.16031,0.0,0.0,0.0,-1.5707964,0.0
1970-01-01 00:00:00.711429083,0.711429083,0.0,0.0,145.24155,0.0,0.0,0.0,0.0,0.0,-1.5707964,0.0
1970-01-01 00:00:00.712673046,0.712673046,0.0,0.0,0.0,0.0,0.0,247.29315,0.0,0.0,-1.5707964,0.0
1970-01-01 00:00:00.714455053,0.714455053,0.0,0.0,309.02277,0.0,0.0,0.0,0.0,0.0,-1.5707964,0.0
1970-01-01 00:00:00.717699096,0.717699096,0.0,0.0,97.52249,0.0,0.0,0.0,0.0,0.0,-1.5707964,0.0
1970-01-01 00:00:00.720223526,0.720223526,0.0,0.0,1197.5204,0.0,0.0,0.0,0.0,0.0,-1.5707964,0.0
1970-01-01 00:00:00.729944320,0.72994432,0.0,0.0,0.0,0.0,0.0,682.4925,0.0,0.0,-1.5707964,0.0
1970-01-01 00:00:00.730746470,0.73074647,0.0,0.0,192.69191,0.0,0.0,0.0,0.0,0.0,-1.5707964,0.0
1970-01-01 00:00:00.731302227,0.731302227,0.0,0.0,423.66113,0.0,0.0,0.0,0.0,0.0,-1.5707964,0.0
1970-01-01 00:00:00.736491972,0.736491972,0.0,0.0,0.0,106.93663,0.0,0.0,0.0,0.0,-1.5707964,0.0
1970-01-01 00:00:00.737540804,0.737540804,0.0,0.0,283.79684,0.0,0.0,0.0,0.0,0.0,-1.5707964,0.0
1970-01-01 00:00:00.738881205,0.738881205,267.88492,0.0,0.0,0.0,0.0,0.0,0.0,0.0,-1.5707964,0.0
1970-01-01 00:00:00.739486793,0.739486793,0.0,0.0,0.0,321.21033,0.0,0.0,0.0,0.0,-1.5707964,0.0
1970-01-01 00:00:00.742378861,0.742378861,0.0,0.0,1623.9135,0.0,0.0,0.0,0.0,0.0,-1.5707964,0.0
1970-01-01 00:00:00.742657914,0.742657914,0.0,0.0,509.15753,0.0,0.0,0.0,0.0,0.0,-1.5707964,0.0
1970-01-01 00:00:00.742663680,0.74266368,0.0,0.0,89.3558,0.0,0.0,0.0,0.0,0.0,-1.5707964,0.0
1970-01-01 00:00:00.743521194,0.743521194,0.0,0.0,189.12833,0.0,0.0,0.0,0.0,0.0,-1.5707964,0.0
1970-01-01 00:00:00.743602556,0.743602556,0.0,0.0,152.82732,0.0,0.0,0.0,0.0,0.0,-1.5707964,0.0
1970-01-01 00:00:00.743846608,0.743846608,0.0,0.0,0.0,0.0,0.0,327.187,0.0,0.0,-1.5707964,0.0
1970-01-01 00:00:00.743890765,0.743890765,0.0,0.0,252.99384,0.0,0.0,0.0,0.0,0.0,-1.5707964,0.0
1970-01-01 00:00:00.745155199,0.745155199,0.0,0.0,0.0,0.0,0.0,211.96739,0.0,0.0,-1.5707964,0.0
1970-01-01 00:00:00.746759240,0.74675924,0.0,0.0,0.0,670.49854,0.0,0.0,0.0,0.0,-1.5707964,0.0
1970-01-01 00:00:00.748351661,0.748351661,0.0,249.82336,0.0,0.0,0.0,0.0,0.0,0.0,-1.5707964,0.0
1970-01-01 00:00:00.748843278,0.748843278,0.0,0.0,488.13623,0.0,0.0,0.0,0.0,0.0,-1.5707964,0.0
1970-01-01 00:00:00.749732902,0.749732902,0.0,0.0,1914.408,0.0,0.0,0.0,0.0,0.0,-1.5707964,0.0
1970-01-01 00:00:00.749751874,0.749751874,0.0,0.0,143.72034,0.0,0.0,0.0,0.0,0.0,-1.5707964,0.0
1970-01-01 00:00:00.752541314,0.752541314,0.0,0.0,196.62656,0.0,0.0,0.0,0.0,0.0,-1.5707964,0.0
1970-01-01 00:00:00.753203544,0.753203544,0.0,0.0,168.52226,0.0,0.0,0.0,0.0,0.0,-1.5707964,0.0
1970-01-01 00:00:00.756584359,0.756584359,0.0,0.0,0.0,0.0,1032.0529,0.0,0.0,0.0,-1.5707964,0.0
1970-01-01 00:00:00.756584359,0.756584359,163.1591,0.0,0.0,0.0,0.0,0.0,0.0,0.0,-1.5707964,0.0
1970-01-01 00:00:00.756608060,0.75660806,865.2836,0.0,0.0,0.0,0.0,0.0,0.0,0.0,-1.5707964,0.0
1970-01-01 00:00:00.757787509,0.757787509,0.0,0.0,0.0,0.0,0.0,331.37576,0.0,0.0,-1.5707964,0.0
1970-01-01 00:00:00.758320283,0.758320283,0.0,0.0,0.0,0.0,0.0,275.6393,0.0,0.0,-1.5707964,0.0
1970-01-01 00:00:00.760993734,0.760993734,0.0,0.0,334.28183,0.0,0.0,0.0,0.0,0.0,-1.5707964,0.0
1970-01-01 00:00:00.761050982,0.761050982,2408.3335,0.0,0.0,0.0,0.0,0.0,0.0,0.0,-1.5707964,0.0
1970-01-01 00:00:00.761294689,0.761294689,0.0,0.0,0.0,0.0,560.87054,0.0,0.0,0.0,-1.5707964,0.0
1970-01-01 00:00:00.761651533,0.761651533,0.0,0.0,0.0,103.4343,0.0,0.0,0.0,0.0,-1.5707964,0.0
1970-01-01 00:00:00.762361260,0.76236126,0.0,0.0,0.0,0.0,89.04597,0.0,0.0,0.0,-1.5707964,0.0
1970-01-01 00:00:00.763337131,0.763337131,0.0,0.0,0.0,1239.8822,0.0,0.0,0.0,0.0,-1.5707964,0.0
1970-01-01 00:00:00.763842946,0.763842946,0.0,0.0,387.24203,0.0,0.0,0.0,0.0,0.0,-1.5707964,0.0
1970-01-01 00:00:00.763962199,0.763962199,0.0,0.0,747.37585,0.0,0.0,0.0,0.0,0.0,-1.5707964,0.0
1970-01-01 00:00:00.763998413,0.763998413,0.0,0.0,136.76683,0.0,0.0,0.0,0.0,0.0,-1.5707964,0.0
1970-01-01 00:00:00.764384392,0.764384392,0.0,0.0,187.50296,0.0,0.0,0.0,0.0,0.0,-1.5707964,0.0
1970-01-01 00:00:00.764823820,0.76482382,153.05365,0.0,0.0,0.0,0.0,0.0,0.0,0.0,-1.5707964,0.0
1970-01-01 00:00:00.764963167,0.764963167,0.0,0.0,840.91364,0.0,0.0,0.0,0.0,0.0,-1.5707964,0.0
1970-01-01 00:00:00.765150710,0.76515071,0.0,0.0,121.6232,0.0,0.0,0.0,0.0,0.0,-1.5707964,0.0
1970-01-01 00:00:00.765206351,0.765206351,0.0,0.0,106.67822,0.0,0.0,0.0,0.0,0.0,-1.5707964,0.0
1970-01-01 00:00:00.765747261,0.765747261,0.0,0.0,0.0,0.0,192.10785,0.0,0.0,0.0,-1.5707964,0.0
1970-01-01 00:00:00.766715563,0.766715563,0.0,0.0,0.0,0.0,320.42575,0.0,0.0,0.0,-1.5707964,0.0
1970-01-01 00:00:00.766888742,0.766888742,0.0,0.0,165.28242,0.0,0.0,0.0,0.0,0.0,-1.5707964,0.0
1970-01-01 00:00:00.767057826,0.767057826,0.0,0.0,389.77002,0.0,0.0,0.0,0.0,0.0,-1.5707964,0.0
1970-01-01 00:00:00.767314309,0.767314309,0.0,0.0,850.9377,0.0,0.0,0.0,0.0,0.0,-1.5707964,0.0
1970-01-01 00:00:00.767419949,0.767419949,0.0,0.0,0.0,127.96252,0.0,0.0,0.0,0.0,-1.5707964,0.0
1970-01-01 00:00:00.767453810,0.76745381,0.0,0.0,909.944,0.0,0.0,0.0,0.0,0.0,-1.5707964,0.0
1970-01-01 00:00:00.768137613,0.768137613,0.0,0.0,831.5873,0.0,0.0,0.0,0.0,0.0,-1.5707964,0.0
1970-01-01 00:00:00.768336760,0.76833676,0.0,0.0,228.02441,0.0,0.0,0.0,0.0,0.0,-1.5707964,0.0
1970-01-01 00:00:00.768381827,0.768381827,0.0,0.0,413.53314,0.0,0.0,0.0,0.0,0.0,-1.5707964,0.0
1970-01-01 00:00:00.768621623,0.768621623,0.0,0.0,1482.0697,0.0,0.0,0.0,0.0,0.0,-1.5707964,0.0
1970-01-01 00:00:00.768994312,0.768994312,0.0,0.0,587.57684,0.0,0.0,0.0,0.0,0.0,-1.5707964,0.0
1970-01-01 00:00:00.769839740,0.76983974,0.0,0.0,0.0,0.0,2548.194,0.0,0.0,0.0,-1.5707964,0.0
1970-01-01 00:00:00.770407163,0.770407163,0.0,0.0,236.36687,0.0,0.0,0.0,0.0,0.0,-1.5707964,0.0
1970-01-01 00:00:00.770568541,0.770568541,0.0,0.0,237.23346,0.0,0.0,0.0,0.0,0.0,-1.5707964,0.0
1970-01-01 00:00:00.770714688,0.770714688,0.0,0.0,314.36865,0.0,0.0,0.0,0.0,0.0,-1.5707964,0.0
1970-01-01 00:00:00.770859885,0.770859885,0.0,0.0,288.14478,0.0,0.0,0.0,0.0,0.0,-1.5707964,0.0
1970-01-01 00:00:00.771574395,0.771574395,0.0,0.0,228.4466,0.0,0.0,0.0,0.0,0.0,-1.5707964,0.0
1970-01-01 00:00:00.771906659,0.771906659,469.63068,0.0,0.0,0.0,0.0,0.0,0.0,0.0,-1.5707964,0.0
1970-01-01 00:00:00.772412070,0.77241207,365.8842,0.0,0.0,0.0,0.0,0.0,0.0,0.0,-1.5707964,0.0
1970-01-01 00:00:00.773423479,0.773423479,0.0,0.0,507.74356,0.0,0.0,0.0,0.0,0.0,-1.5707964,0.0
1970-01-01 00:00:00.774094621,0.774094621,0.0,0.0,1635.2189,0.0,0.0,0.0,0.0,0.0,-1.5707964,0.0
1970-01-01 00:00:00.774223630,0.77422363,0.0,0.0,164.63757,0.0,0.0,0.0,0.0,0.0,-1.5707964,0.0
1970-01-01 00:00:00.774255426,0.774255426,0.0,0.0,0.0,0.0,0.0,378.48065,0.0,0.0,-1.5707964,0.0
1970-01-01 00:00:00.774629072,0.774629072,0.0,0.0,492.31158,0.0,0.0,0.0,0.0,0.0,-1.5707964,0.0
1970-01-01 00:00:00.774646586,0.774646586,203.08516,0.0,0.0,0.0,0.0,0.0,0.0,0.0,-1.5707964,0.0
1970-01-01 00:00:00.774835440,0.77483544,0.0,0.0,0.0,0.0,85.471565,0.0,0.0,0.0,-1.5707964,0.0
1970-01-01 00:00:00.775794956,0.775794956,0.0,0.0,1299.1847,0.0,0.0,0.0,0.0,0.0,-1.5707964,0.0
1970-01-01 00:00:00.776529896,0.776529896,0.0,0.0,0.0,0.0,0.0,163.21327,0.0,0.0,-1.5707964,0.0
1970-01-01 00:00:00.776597787,0.776597787,0.0,0.0,135.10419,0.0,0.0,0.0,0.0,0.0,-1.5707964,0.0
1970-01-01 00:00:00.776724540,0.77672454,0.0,0.0,139.89062,0.0,0.0,0.0,0.0,0.0,-1.5707964,0.0
1970-01-01 00:00:00.777356060,0.77735606,0.0,0.0,0.0,0.0,0.0,91.63748,0.0,0.0,-1.5707964,0.0
1970-01-01 00:00:00.777700230,0.77770023,0.0,0.0,117.63338,0.0,0.0,0.0,0.0,0.0,-1.5707964,0.0
1970-01-01 00:00:00.777860471,0.777860471,0.0,0.0,373.12262,0.0,0.0,0.0,0.0,0.0,-1.5707964,0.0
1970-01-01 00:00:00.778545547,0.778545547,0.0,0.0,0.0,0.0,171.37366,0.0,0.0,0.0,-1.5707964,0.0
1970-01-01 00:00:00.779216349,0.779216349,0.0,0.0,359.2956,0.0,0.0,0.0,0.0,0.0,-1.5707964,0.0
1970-01-01 00:00:00.779983715,0.779983715,0.0,0.0,283.69333,0.0,0.0,0.0,0.0,0.0,-1.5707964,0.0
1970-01-01 00:00:00.780304523,0.780304523,0.0,0.0,0.0,0.0,0.0,826.4799,0.0,0.0,-1.5707964,0.0
1970-01-01 00:00:00.780996157,0.780996157,0.0,0.0,0.0,0.0,543.65485,0.0,0.0,0.0,-1.5707964,0.0
1970-01-01 00:00:00.781881642,0.781881642,0.0,0.0,136.13263,0.0,0.0,0.0,0.0,0.0,-1.5707964,0.0
1970-01-01 00:00:00.783798249,0.783798249,722.0664,0.0,0.0,0.0,0.0,0.0,0.0,0.0,-1.5707964,0.0
1970-01-01 00:00:00.784056617,0.784056617,0.0,0.0,0.0,0.0,0.0,91.71347,0.0,0.0,-1.5707964,0.0
1970-01-01 00:00:00.784728706,0.784728706,0.0,0.0,227.75067,0.0,0.0,0.0,0.0,0.0,-1.5707964,0.0
1970-01-01 00:00:00.784938486,0.784938486,119.930145,0.0,0.0,0.0,0.0,0.0,0.0,0.0,-1.5707964,0.0
1970-01-01 00:00:00.785287901,0.785287901,0.0,0.0,135.66656,0.0,0.0,0.0,0.0,0.0,-1.5707964,0.0
1970-01-01 00:00:00.785870937,0.785870937,0.0,85.56727,0.0,0.0,0.0,0.0,0.0,0.0,-1.5707964,0.0
1970-01-01 00:00:00.785883409,0.785883409,0.0,0.0,144.26662,0.0,0.0,0.0,0.0,0.0,-1.5707964,0.0
1970-01-01 00:00:00.786120159,0.786120159,201.69717,0.0,0.0,0.0,0.0,0.0,0.0,0.0,-1.5707964,0.0
1970-01-01 00:00:00.786185626,0.786185626,0.0,0.0,0.0,0.0,232.79657,0.0,0.0,0.0,-1.5707964,0.0
1970-01-01 00:00:00.786319137,0.786319137,0.0,0.0,121.78126,0.0,0.0,0.0,0.0,0.0,-1.5707964,0.0
1970-01-01 00:00:00.786486309,0.786486309,0.0,0.0,0.0,168.7078,0.0,0.0,0.0,0.0,-1.5707964,0.0
1970-01-01 00:00:00.787024531,0.787024531,0.0,0.0,1299.5731,0.0,0.0,0.0,0.0,0.0,-1.5707964,0.0
1970-01-01 00:00:00.787047096,0.787047096,0.0,0.0,0.0,0.0,199.34488,0.0,0.0,0.0,-1.5707964,0.0
1970-01-01 00:00:00.787083655,0.787083655,0.0,0.0,360.71127,0.0,0.0,0.0,0.0,0.0,-1.5707964,0.0
1970-01-01 00:00:00.787897451,0.787897451,0.0,0.0,976.5835,0.0,0.0,0.0,0.0,0.0,-1.5707964,0.0
1970-01-01 00:00:00.788076611,0.788076611,0.0,0.0,370.99136,0.0,0.0,0.0,0.0,0.0,-1.5707964,0.0
1970-01-01 00:00:00.789318457,0.789318457,0.0,0.0,940.0896,0.0,0.0,0.0,0.0,0.0,-1.5707964,0.0
1970-01-01 00:00:00.789420471,0.789420471,0.0,0.0,284.55542,0.0,0.0,0.0,0.0,0.0,-1.5707964,0.0
1970-01-01 00:00:00.789448227,0.789448227,317.40717,0.0,0.0,0.0,0.0,0.0,0.0,0.0,-1.5707964,0.0
1970-01-01 00:00:00.789933671,0.789933671,0.0,0.0,0.0,430.62286,0.0,0.0,0.0,0.0,-1.5707964,0.0
1970-01-01 00:00:00.789955996,0.789955996,0.0,0.0,0.0,0.0,0.0,1448.7325,0.0,0.0,-1.5707964,0.0
1970-01-01 00:00:00.790506986,0.790506986,0.0,0.0,0.0,0.0,0.0,459.49664,0.0,0.0,-1.5707964,0.0
1970-01-01 00:00:00.790837832,0.790837832,113.104004,0.0,0.0,0.0,0.0,0.0,0.0,0.0,-1.5707964,0.0
1970-01-01 00:00:00.790933425,0.790933425,0.0,0.0,0.0,0.0,149.99762,0.0,0.0,0.0,-1.5707964,0.0
1970-01-01 00:00:00.791465173,0.791465173,0.0,0.0,172.63092,0.0,0.0,0.0,0.0,0.0,-1.5707964,0.0
1970-01-01 00:00:00.792769706,0.792769706,0.0,0.0,232.82393,0.0,0.0,0.0,0.0,0.0,-1.5707964,0.0
1970-01-01 00:00:00.792886544,0.792886544,0.0,121.47212,0.0,0.0,0.0,0.0,0.0,0.0,-1.5707964,0.0
1970-01-01 00:00:00.793359287,0.793359287,202.87509,0.0,0.0,0.0,0.0,0.0,0.0,0.0,-1.5707964,0.0
1970-01-01 00:00:00.794840415,0.794840415,0.0,0.0,389.72678,0.0,0.0,0.0,0.0,0.0,-1.5707964,0.0
1970-01-01 00:00:00.797094184,0.797094184,0.0,0.0,0.0,193.7122,0.0,0.0,0.0,0.0,-1.5707964,0.0
1970-01-01 00:00:00.803147134,0.803147134,0.0,0.0,295.97842,0.0,0.0,0.0,0.0,0.0,-1.5707964,0.0
1970-01-01 00:00:00.804842259,0.804842259,0.0,0.0,489.8295,0.0,0.0,0.0,0.0,0.0,-1.5707964,0.0
1970-01-01 00:00:00.805695213,0.805695213,0.0,0.0,261.53958,0.0,0.0,0.0,0.0,0.0,-1.5707964,0.0
1970-01-01 00:00:00.805704387,0.805704387,0.0,0.0,391.43246,0.0,0.0,0.0,0.0,0.0,-1.5707964,0.0
1970-01-01 00:00:00.806116853,0.806116853,0.0,0.0,814.62225,0.0,0.0,0.0,0.0,0.0,-1.5707964,0.0
1970-01-01 00:00:00.807247252,0.807247252,0.0,0.0,0.0,0.0,0.0,125.418724,0.0,0.0,-1.5707964,0.0
1970-01-01 00:00:00.807340458,0.807340458,0.0,0.0,0.0,0.0,183.38441,0.0,0.0,0.0,-1.5707964,0.0
1970-01-01 00:00:00.810852447,0.810852447,0.0,0.0,0.0,0.0,0.0,355.03088,0.0,0.0,-1.5707964,0.0
1970-01-01 00:00:00.811583839,0.811583839,0.0,0.0,0.0,0.0,240.50813,0.0,0.0,0.0,-1.5707964,0.0
1970-01-01 00:00:00.815287728,0.815287728,0.0,0.0,326.68756,0.0,0.0,0.0,0.0,0.0,-1.5707964,0.0
1970-01-01 00:00:00.815903334,0.815903334,0.0,0.0,238.27567,0.0,0.0,0.0,0.0,0.0,-1.5707964,0.0
1970-01-01 00:00:00.822316146,0.822316146,0.0,0.0,148.88853,0.0,0.0,0.0,0.0,0.0,-1.5707964,0.0
1970-01-01 00:00:00.826392391,0.826392391,0.0,0.0,373.1794,0.0,0.0,0.0,0.0,0.0,-1.5707964,0.0
1970-01-01 00:00:00.828056527,0.828056527,0.0,0.0,2340.885,0.0,0.0,0.0,0.0,0.0,-1.5707964,0.0
1970-01-01 00:00:00.828979069,0.828979069,0.0,0.0,132.17789,0.0,0.0,0.0,0.0,0.0,-1.5707964,0.0
1970-01-01 00:00:00.830694667,0.830694667,313.32864,0.0,0.0,0.0,0.0,0.0,0.0,0.0,-1.5707964,0.0
1970-01-01 00:00:00.831250860,0.83125086,0.0,0.0,654.5949,0.0,0.0,0.0,0.0,0.0,-1.5707964,0.0
1970-01-01 00:00:00.831942608,0.831942608,0.0,0.0,207.00754,0.0,0.0,0.0,0.0,0.0,-1.5707964,0.0
1970-01-01 00:00:00.832176141,0.832176141,0.0,0.0,0.0,0.0,0.0,97.2787,0.0,0.0,-1.5707964,0.0
1970-01-01 00:00:00.832558617,0.832558617,0.0,0.0,109.73281,0.0,0.0,0.0,0.0,0.0,-1.5707964,0.0
1970-01-01 00:00:00.833019056,0.833019056,0.0,0.0,482.4556,0.0,0.0,0.0,0.0,0.0,-1.5707964,0.0
1970-01-01 00:00:00.833231912,0.833231912,0.0,0.0,308.10284,0.0,0.0,0.0,0.0,0.0,-1.5707964,0.0
1970-01-01 00:00:00.833449358,0.833449358,0.0,0.0,0.0,0.0,2948.4656,0.0,0.0,0.0,-1.5707964,0.0
1970-01-01 00:00:00.833675989,0.833675989,0.0,0.0,125.68813,0.0,0.0,0.0,0.0,0.0,-1.5707964,0.0
1970-01-01 00:00:00.834601698,0.834601698,0.0,0.0,0.0,0.0,0.0,856.646,0.0,0.0,-1.5707964,0.0
1970-01-01 00:00:00.834641378,0.834641378,0.0,0.0,1444.0891,0.0,0.0,0.0,0.0,0.0,-1.5707964,0.0
1970-01-01 00:00:00.834959250,0.83495925,0.0,0.0,0.0,925.99646,0.0,0.0,0.0,0.0,-1.5707964,0.0
1970-01-01 00:00:00.836081731,0.836081731,0.0,0.0,527.29565,0.0,0.0,0.0,0.0,0.0,-1.5707964,0.0
1970-01-01 00:00:00.837940104,0.837940104,0.0,0.0,95.13187,0.0,0.0,0.0,0.0,0.0,-1.5707964,0.0
1970-01-01 00:00:00.838527381,0.838527381,0.0,0.0,194.92426,0.0,0.0,0.0,0.0,0.0,-1.5707964,0.0
1970-01-01 00:00:00.840746521,0.840746521,0.0,0.0,370.28995,0.0,0.0,0.0,0.0,0.0,-1.5707964,0.0
1970-01-01 00:00:00.841071240,0.84107124,0.0,0.0,330.1167,0.0,0.0,0.0,0.0,0.0,-1.5707964,0.0
1970-01-01 00:00:00.841154683,0.841154683,0.0,0.0,154.41855,0.0,0.0,0.0,0.0,0.0,-1.5707964,0.0
1970-01-01 00:00:00.841425033,0.841425033,0.0,0.0,0.0,0.0,0.0,452.8848,0.0,0.0,-1.5707964,0.0
1970-01-01 00:00:00.841728508,0.841728508,0.0,0.0,0.0,0.0,374.2827,0.0,0.0,0.0,-1.5707964,0.0
1970-01-01 00:00:00.842688188,0.842688188,0.0,0.0,295.91016,0.0,0.0,0.0,0.0,0.0,-1.5707964,0.0
1970-01-01 00:00:00.842874492,0.842874492,275.88373,0.0,0.0,0.0,0.0,0.0,0.0,0.0,-1.5707964,0.0
1970-01-01 00:00:00.843314421,0.843314421,0.0,0.0,465.3881,0.0,0.0,0.0,0.0,0.0,-1.5707964,0.0
1970-01-01 00:00:00.843646982,0.843646982,0.0,0.0,172.98155,0.0,0.0,0.0,0.0,0.0,-1.5707964,0.0
1970-01-01 00:00:00.843922376,0.843922376,607.90765,0.0,0.0,0.0,0.0,0.0,0.0,0.0,-1.5707964,0.0
1970-01-01 00:00:00.844139266,0.844139266,0.0,0.0,2150.3267,0.0,0.0,0.0,0.0,0.0,-1.5707964,0.0
1970-01-01 00:00:00.845477124,0.845477124,0.0,0.0,849.5684,0.0,0.0,0.0,0.0,0.0,-1.5707964,0.0
1970-01-01 00:00:00.846084934,0.846084934,0.0,0.0,858.5011,0.0,0.0,0.0,0.0,0.0,-1.5707964,0.0
1970-01-01 00:00:00.846653682,0.846653682,0.0,0.0,163.26448,0.0,0.0,0.0,0.0,0.0,-1.5707964,0.0
1970-01-01 00:00:00.846813093,0.846813093,0.0,0.0,0.0,756.0537,0.0,0.0,0.0,0.0,-1.5707964,0.0
1970-01-01 00:00:00.847239373,0.847239373,0.0,0.0,640.6694,0.0,0.0,0.0,0.0,0.0,-1.5707964,0.0
1970-01-01 00:00:00.847963524,0.847963524,0.0,0.0,541.76434,0.0,0.0,0.0,0.0,0.0,-1.5707964,0.0
1970-01-01 00:00:00.848314072,0.848314072,0.0,0.0,600.2787,0.0,0.0,0.0,0.0,0.0,-1.5707964,0.0
1970-01-01 00:00:00.848464821,0.848464821,0.0,0.0,349.24805,0.0,0.0,0.0,0.0,0.0,-1.5707964,0.0
1970-01-01 00:00:00.849660038,0.849660038,0.0,0.0,0.0,0.0,0.0,275.25592,0.0,0.0,-1.5707964,0.0
1970-01-01 00:00:00.850263092,0.850263092,0.0,0.0,175.50314,0.0,0.0,0.0,0.0,0.0,-1.5707964,0.0
1970-01-01 00:00:00.850643765,0.850643765,726.7442,0.0,0.0,0.0,0.0,0.0,0.0,0.0,-1.5707964,0.0
1970-01-01 00:00:00.850747481,0.850747481,0.0,0.0,0.0,0.0,0.0,110.44861,0.0,0.0,-1.5707964,0.0
1970-01-01 00:00:00.851996008,0.851996008,309.51178,0.0,0.0,0.0,0.0,0.0,0.0,0.0,-1.5707964,0.0
1970-01-01 00:00:00.852297246,0.852297246,0.0,0.0,199.03357,0.0,0.0,0.0,0.0,0.0,-1.5707964,0.0
1970-01-01 00:00:00.852340279,0.852340279,142.14581,0.0,0.0,0.0,0.0,0.0,0.0,0.0,-1.5707964,0.0
1970-01-01 00:00:00.852513007,0.852513007,478.30865,0.0,0.0,0.0,0.0,0.0,0.0,0.0,-1.5707964,0.0
1970-01-01 00:00:00.852513007,0.852513007,0.0,0.0,325.29605,0.0,0.0,0.0,0.0,0.0,-1.5707964,0.0
1970-01-01 00:00:00.853718322,0.853718322,0.0,0.0,0.0,0.0,0.0,668.1661,0.0,0.0,-1.5707964,0.0
1970-01-01 00:00:00.854890841,0.854890841,0.0,0.0,0.0,0.0,224.79776,0.0,0.0,0.0,-1.5707964,0.0
1970-01-01 00:00:00.855099688,0.855099688,0.0,0.0,1808.5898,0.0,0.0,0.0,0.0,0.0,-1.5707964,0.0
1970-01-01 00:00:00.856215458,0.856215458,0.0,0.0,0.0,0.0,0.0,504.85275,0.0,0.0,-1.5707964,0.0
1970-01-01 00:00:00.856633542,0.856633542,0.0,598.63116,0.0,0.0,0.0,0.0,0.0,0.0,-1.5707964,0.0
1970-01-01 00:00:00.857961236,0.857961236,0.0,0.0,183.29527,0.0,0.0,0.0,0.0,0.0,-1.5707964,0.0
1970-01-01 00:00:00.858069026,0.858069026,0.0,0.0,333.0117,0.0,0.0,0.0,0.0,0.0,-1.5707964,0.0
1970-01-01 00:00:00.860532038,0.860532038,0.0,0.0,0.0,0.0,282.69113,0.0,0.0,0.0,-1.5707964,0.0
1970-01-01 00:00:00.867481964,0.867481964,0.0,0.0,0.0,0.0,0.0,692.95764,0.0,0.0,-1.5707964,0.0
1970-01-01 00:00:00.867950040,0.86795004,0.0,0.0,0.0,0.0,0.0,268.61395,0.0,0.0,-1.5707964,0.0
1970-01-01 00:00:00.869462869,0.869462869,0.0,0.0,233.55022,0.0,0.0,0.0,0.0,0.0,-1.5707964,0.0
1970-01-01 00:00:00.869546960,0.86954696,0.0,163.11081,0.0,0.0,0.0,0.0,0.0,0.0,-1.5707964,0.0
1970-01-01 00:00:00.870845904,0.870845904,94.94342,0.0,0.0,0.0,0.0,0.0,0.0,0.0,-1.5707964,0.0
1970-01-01 00:00:00.871172739,0.871172739,0.0,0.0,262.44427,0.0,0.0,0.0,0.0,0.0,-1.5707964,0.0
1970-01-01 00:00:00.871844180,0.87184418,0.0,0.0,232.90318,0.0,0.0,0.0,0.0,0.0,-1.5707964,0.0
1970-01-01 00:00:00.874919905,0.874919905,0.0,0.0,131.37343,0.0,0.0,0.0,0.0,0.0,-1.5707964,0.0
1970-01-01 00:00:00.875471401,0.875471401,0.0,0.0,160.9019,0.0,0.0,0.0,0.0,0.0,-1.5707964,0.0
1970-01-01 00:00:00.876620036,0.876620036,0.0,0.0,515.26294,0.0,0.0,0.0,0.0,0.0,-1.5707964,0.0
1970-01-01 00:00:00.877084238,0.877084238,0.0,0.0,796.27435,0.0,0.0,0.0,0.0,0.0,-1.5707964,0.0
1970-01-01 00:00:00.878573522,0.878573522,0.0,0.0,0.0,0.0,0.0,782.3173,0.0,0.0,-1.5707964,0.0
1970-01-01 00:00:00.879207786,0.879207786,0.0,0.0,102.76305,0.0,0.0,0.0,0.0,0.0,-1.5707964,0.0
1970-01-01 00:00:00.882149602,0.882149602,496.32483,0.0,0.0,0.0,0.0,0.0,0.0,0.0,-1.5707964,0.0
1970-01-01 00:00:00.885128723,0.885128723,0.0,0.0,124.64386,0.0,0.0,0.0,0.0,0.0,-1.5707964,0.0
1970-01-01 00:00:00.888033869,0.888033869,304.02292,0.0,0.0,0.0,0.0,0.0,0.0,0.0,-1.5707964,0.0
1970-01-01 00:00:00.888237736,0.888237736,0.0,0.0,90.35775,0.0,0.0,0.0,0.0,0.0,-1.5707964,0.0
1970-01-01 00:00:00.888887717,0.888887717,318.95728,0.0,0.0,0.0,0.0,0.0,0.0,0.0,-1.5707964,0.0
