datetime,timestamp[s],bgo_z1[keV],bgo_z0[keV],bgo_x1[keV],bgo_x0[keV],bgo_y1[keV],bgo_y0[keV],latX,lonX,latZ,lonZ
1970-01-01 00:00:00.006714104,0.006714104,0.0,0.0,0.0,0.0,0.0,416.04614,0.0,0.0,-1.5707964,0.0
1970-01-01 00:00:00.007084241,0.007084241,0.0,0.0,0.0,0.0,0.0,467.14038,0.0,0.0,-1.5707964,0.0
1970-01-01 00:00:00.007086161,0.007086161,0.0,0.0,217.55786,0.0,0.0,0.0,0.0,0.0,-1.5707964,0.0
1970-01-01 00:00:00.007637376,0.007637376,0.0,1348.0222,0.0,0.0,0.0,0.0,0.0,0.0,-1.5707964,0.0
1970-01-01 00:00:00.007793255,0.007793255,0.0,229.1824,0.0,0.0,0.0,0.0,0.0,0.0,-1.5707964,0.0
1970-01-01 00:00:00.008795305,0.008795305,702.024,0.0,0.0,0.0,0.0,0.0,0.0,0.0,-1.5707964,0.0
1970-01-01 00:00:00.009297310,0.00929731,0.0,0.0,0.0,0.0,0.0,586.25476,0.0,0.0,-1.5707964,0.0
1970-01-01 00:00:00.009402555,0.009402555,102.05922,0.0,0.0,0.0,0.0,0.0,0.0,0.0,-1.5707964,0.0
1970-01-01 00:00:00.009687712,0.009687712,0.0,0.0,0.0,0.0,0.0,615.3476,0.0,0.0,-1.5707964,0.0
1970-01-01 00:00:00.009931580,0.00993158,0.0,102.20726,0.0,0.0,0.0,0.0,0.0,0.0,-1.5707964,0.0
1970-01-01 00:00:00.009931580,0.00993158,0.0,0.0,0.0,0.0,1185.8278,0.0,0.0,0.0,-1.5707964,0.0
1970-01-01 00:00:00.010550073,0.010550073,0.0,1298.5322,0.0,0.0,0.0,0.0,0.0,0.0,-1.5707964,0.0
1970-01-01 00:00:00.010580848,0.010580848,0.0,156.88152,0.0,0.0,0.0,0.0,0.0,0.0,-1.5707964,0.0
1970-01-01 00:00:00.012021528,0.012021528,310.44406,0.0,0.0,0.0,0.0,0.0,0.0,0.0,-1.5707964,0.0
1970-01-01 00:00:00.017764660,0.01776466,0.0,0.0,0.0,946.29803,0.0,0.0,0.0,0.0,-1.5707964,0.0
1970-01-01 00:00:00.018138686,0.018138686,82.98271,0.0,0.0,0.0,0.0,0.0,0.0,0.0,-1.5707964,0.0
1970-01-01 00:00:00.021419142,0.021419142,0.0,0.0,201.8767,0.0,0.0,0.0,0.0,0.0,-1.5707964,0.0
1970-01-01 00:00:00.022176743,0.022176743,0.0,0.0,0.0,0.0,0.0,102.16759,0.0,0.0,-1.5707964,0.0
1970-01-01 00:00:00.022344681,0.022344681,0.0,206.78662,0.0,0.0,0.0,0.0,0.0,0.0,-1.5707964,0.0
1970-01-01 00:00:00.022420108,0.022420108,0.0,597.9194,0.0,0.0,0.0,0.0,0.0,0.0,-1.5707964,0.0
1970-01-01 00:00:00.022488735,0.022488735,0.0,0.0,0.0,0.0,0.0,787.6581,0.0,0.0,-1.5707964,0.0
1970-01-01 00:00:00.022696666,0.022696666,0.0,0.0,0.0,1004.10974,0.0,0.0,0.0,0.0,-1.5707964,0.0
1970-01-01 00:00:00.022756906,0.022756906,0.0,231.60487,0.0,0.0,0.0,0.0,0.0,0.0,-1.5707964,0.0
1970-01-01 00:00:00.022804715,0.022804715,95.74559,0.0,0.0,0.0,0.0,0.0,0.0,0.0,-1.5707964,0.0
1970-01-01 00:00:00.023030852,0.023030852,0.0,353.68912,0.0,0.0,0.0,0.0,0.0,0.0,-1.5707964,0.0
1970-01-01 00:00:00.023153703,0.023153703,0.0,0.0,0.0,0.0,0.0,105.13268,0.0,0.0,-1.5707964,0.0
1970-01-01 00:00:00.024751095,0.024751095,0.0,0.0,0.0,0.0,0.0,968.3481,0.0,0.0,-1.5707964,0.0
1970-01-01 00:00:00.025211141,0.025211141,173.03448,0.0,0.0,0.0,0.0,0.0,0.0,0.0,-1.5707964,0.0
1970-01-01 00:00:00.025262537,0.025262537,0.0,0.0,0.0,0.0,0.0,873.6696,0.0,0.0,-1.5707964,0.0
1970-01-01 00:00:00.031795257,0.031795257,169.13329,0.0,0.0,0.0,0.0,0.0,0.0,0.0,-1.5707964,0.0
1970-01-01 00:00:00.037501991,0.037501991,0.0,0.0,0.0,0.0,254.69234,0.0,0.0,0.0,-1.5707964,0.0
1970-01-01 00:00:00.037655284,0.037655284,0.0,659.5823,0.0,0.0,0.0,0.0,0.0,0.0,-1.5707964,0.0
1970-01-01 00:00:00.037686548,0.037686548,0.0,0.0,0.0,0.0,0.0,155.0923,0.0,0.0,-1.5707964,0.0
1970-01-01 00:00:00.037706906,0.037706906,0.0,0.0,0.0,0.0,0.0,222.43361,0.0,0.0,-1.5707964,0.0
1970-01-01 00:00:00.038086883,0.038086883,0.0,0.0,0.0,0.0,0.0,96.31105,0.0,0.0,-1.5707964,0.0
1970-01-01 00:00:00.038086883,0.038086883,0.0,0.0,0.0,0.0,0.0,179.42929,0.0,0.0,-1.5707964,0.0
1970-01-01 00:00:00.039566205,0.039566205,0.0,0.0,0.0,0.0,0.0,353.60458,0.0,0.0,-1.5707964,0.0
1970-01-01 00:00:00.039727618,0.039727618,0.0,0.0,0.0,0.0,0.0,145.0575,0.0,0.0,-1.5707964,0.0
1970-01-01 00:00:00.040262573,0.040262573,0.0,0.0,0.0,853.0578,0.0,0.0,0.0,0.0,-1.5707964,0.0
1970-01-01 00:00:00.040513676,0.040513676,0.0,205.75465,0.0,0.0,0.0,0.0,0.0,0.0,-1.5707964,0.0
1970-01-01 00:00:00.040634921,0.040634921,0.0,154.95601,0.0,0.0,0.0,0.0,0.0,0.0,-1.5707964,0.0
1970-01-01 00:00:00.041383242,0.041383242,0.0,0.0,0.0,448.64072,0.0,0.0,0.0,0.0,-1.5707964,0.0
1970-01-01 00:00:00.041950876,0.041950876,0.0,384.5243,0.0,0.0,0.0,0.0,0.0,0.0,-1.5707964,0.0
1970-01-01 00:00:00.042093515,0.042093515,0.0,0.0,0.0,0.0,0.0,235.1231,0.0,0.0,-1.5707964,0.0
1970-01-01 00:00:00.042165886,0.042165886,0.0,0.0,0.0,0.0,677.3514,0.0,0.0,0.0,-1.5707964,0.0
1970-01-01 00:00:00.043192811,0.043192811,524.94305,0.0,0.0,0.0,0.0,0.0,0.0,0.0,-1.5707964,0.0
1970-01-01 00:00:00.043826684,0.043826684,0.0,0.0,0.0,0.0,0.0,159.66345,0.0,0.0,-1.5707964,0.0
1970-01-01 00:00:00.043978658,0.043978658,0.0,0.0,0.0,0.0,0.0,519.16626,0.0,0.0,-1.5707964,0.0
1970-01-01 00:00:00.044085244,0.044085244,0.0,0.0,0.0,0.0,0.0,292.74966,0.0,0.0,-1.5707964,0.0
1970-01-01 00:00:00.044438594,0.044438594,130.98912,0.0,0.0,0.0,0.0,0.0,0.0,0.0,-1.5707964,0.0
1970-01-01 00:00:00.044963749,0.044963749,0.0,420.33005,0.0,0.0,0.0,0.0,0.0,0.0,-1.5707964,0.0
1970-01-01 00:00:00.045173922,0.045173922,0.0,527.20593,0.0,0.0,0.0,0.0,0.0,0.0,-1.5707964,0.0
1970-01-01 00:00:00.045689747,0.045689747,0.0,0.0,0.0,0.0,0.0,250.78995,0.0,0.0,-1.5707964,0.0
1970-01-01 00:00:00.045980828,0.045980828,0.0,0.0,230.04843,0.0,0.0,0.0,0.0,0.0,-1.5707964,0.0
1970-01-01 00:00:00.046047803,0.046047803,287.31033,0.0,0.0,0.0,0.0,0.0,0.0,0.0,-1.5707964,0.0
1970-01-01 00:00:00.046127642,0.046127642,0.0,0.0,0.0,0.0,0.0,386.35062,0.0,0.0,-1.5707964,0.0
1970-01-01 00:00:00.046171622,0.046171622,0.0,782.87897,0.0,0.0,0.0,0.0,0.0,0.0,-1.5707964,0.0
1970-01-01 00:00:00.046274565,0.046274565,0.0,0.0,154.99278,0.0,0.0,0.0,0.0,0.0,-1.5707964,0.0
1970-01-01 00:00:00.046367332,0.046367332,0.0,0.0,95.899864,0.0,0.0,0.0,0.0,0.0,-1.5707964,0.0
1970-01-01 00:00:00.046382681,0.046382681,603.1716,0.0,0.0,0.0,0.0,0.0,0.0,0.0,-1.5707964,0.0
1970-01-01 00:00:00.046427418,0.046427418,0.0,397.44608,0.0,0.0,0.0,0.0,0.0,0.0,-1.5707964,0.0
1970-01-01 00:00:00.046524167,0.046524167,0.0,0.0,0.0,173.83514,0.0,0.0,0.0,0.0,-1.5707964,0.0
1970-01-01 00:00:00.046538499,0.046538499,0.0,0.0,0.0,0.0,322.54407,0.0,0.0,0.0,-1.5707964,0.0
1970-01-01 00:00:00.046611402,0.046611402,0.0,0.0,0.0,0.0,0.0,672.2086,0.0,0.0,-1.5707964,0.0
1970-01-01 00:00:00.046704034,0.046704034,234.4359,0.0,0.0,0.0,0.0,0.0,0.0,0.0,-1.5707964,0.0
1970-01-01 00:00:00.046827645,0.046827645,0.0,0.0,0.0,0.0,0.0,155.61281,0.0,0.0,-1.5707964,0.0
1970-01-01 00:00:00.046867003,0.046867003,0.0,0.0,0.0,0.0,0.0,104.58669,0.0,0.0,-1.5707964,0.0
1970-01-01 00:00:00.046946922,0.046946922,0.0,139.39308,0.0,0.0,0.0,0.0,0.0,0.0,-1.5707964,0.0
1970-01-01 00:00:00.047277499,0.047277499,0.0,0.0,0.0,0.0,0.0,447.50555,0.0,0.0,-1.5707964,0.0
1970-01-01 00:00:00.047516192,0.047516192,0.0,0.0,0.0,0.0,0.0,132.2519,0.0,0.0,-1.5707964,0.0
1970-01-01 00:00:00.048433077,0.048433077,342.0832,0.0,0.0,0.0,0.0,0.0,0.0,0.0,-1.5707964,0.0
1970-01-01 00:00:00.048512646,0.048512646,0.0,0.0,0.0,0.0,2022.7998,0.0,0.0,0.0,-1.5707964,0.0
1970-01-01 00:00:00.048620897,0.048620897,0.0,0.0,179.36719,0.0,0.0,0.0,0.0,0.0,-1.5707964,0.0
1970-01-01 00:00:00.048672080,0.04867208,0.0,0.0,0.0,0.0,0.0,85.10383,0.0,0.0,-1.5707964,0.0
1970-01-01 00:00:00.049009702,0.049009702,445.89676,0.0,0.0,0.0,0.0,0.0,0.0,0.0,-1.5707964,0.0
1970-01-01 00:00:00.049251929,0.049251929,0.0,0.0,0.0,0.0,599.1769,0.0,0.0,0.0,-1.5707964,0.0
1970-01-01 00:00:00.049307311,0.049307311,250.13608,0.0,0.0,0.0,0.0,0.0,0.0,0.0,-1.5707964,0.0
1970-01-01 00:00:00.049324660,0.04932466,0.0,0.0,0.0,0.0,0.0,109.05649,0.0,0.0,-1.5707964,0.0
1970-01-01 00:00:00.049324660,0.04932466,0.0,0.0,0.0,0.0,0.0,235.44722,0.0,0.0,-1.5707964,0.0
1970-01-01 00:00:00.049547805,0.049547805,186.02219,0.0,0.0,0.0,0.0,0.0,0.0,0.0,-1.5707964,0.0
1970-01-01 00:00:00.049649442,0.049649442,165.09099,0.0,0.0,0.0,0.0,0.0,0.0,0.0,-1.5707964,0.0
1970-01-01 00:00:00.049658147,0.049658147,211.54634,0.0,0.0,0.0,0.0,0.0,0.0,0.0,-1.5707964,0.0
1970-01-01 00:00:00.049667241,0.049667241,0.0,0.0,0.0,0.0,0.0,176.96095,0.0,0.0,-1.5707964,0.0
1970-01-01 00:00:00.049668944,0.049668944,0.0,0.0,0.0,0.0,0.0,405.7741,0.0,0.0,-1.5707964,0.0
1970-01-01 00:00:00.049717774,0.049717774,0.0,0.0,0.0,0.0,0.0,594.51447,0.0,0.0,-1.5707964,0.0
1970-01-01 00:00:00.049768489,0.049768489,0.0,0.0,0.0,0.0,0.0,617.66064,0.0,0.0,-1.5707964,0.0
1970-01-01 00:00:00.049837192,0.049837192,0.0,0.0,0.0,0.0,0.0,609.9516,0.0,0.0,-1.5707964,0.0
1970-01-01 00:00:00.049848223,0.049848223,457.17517,0.0,0.0,0.0,0.0,0.0,0.0,0.0,-1.5707964,0.0
1970-01-01 00:00:00.049892765,0.049892765,0.0,0.0,0.0,2122.236,0.0,0.0,0.0,0.0,-1.5707964,0.0
1970-01-01 00:00:00.050025551,0.050025551,102.5253,0.0,0.0,0.0,0.0,0.0,0.0,0.0,-1.5707964,0.0
1970-01-01 00:00:00.050136882,0.050136882,0.0,0.0,0.0,0.0,0.0,494.48926,0.0,0.0,-1.5707964,0.0
1970-01-01 00:00:00.050230055,0.050230055,0.0,140.73322,0.0,0.0,0.0,0.0,0.0,0.0,-1.5707964,0.0
1970-01-01 00:00:00.050295384,0.050295384,0.0,0.0,0.0,0.0,0.0,271.06747,0.0,0.0,-1.5707964,0.0
1970-01-01 00:00:00.050316161,0.050316161,0.0,0.0,0.0,226.13808,0.0,0.0,0.0,0.0,-1.5707964,0.0
1970-01-01 00:00:00.050710787,0.050710787,0.0,0.0,630.00385,0.0,0.0,0.0,0.0,0.0,-1.5707964,0.0
1970-01-01 00:00:00.050779332,0.050779332,0.0,0.0,0.0,0.0,0.0,156.78561,0.0,0.0,-1.5707964,0.0
1970-01-01 00:00:00.051037800,0.0510378,0.0,227.37561,0.0,0.0,0.0,0.0,0.0,0.0,-1.5707964,0.0
1970-01-01 00:00:00.051068548,0.051068548,0.0,0.0,0.0,0.0,0.0,282.6212,0.0,0.0,-1.5707964,0.0
1970-01-01 00:00:00.051187150,0.05118715,0.0,0.0,476.42847,0.0,0.0,0.0,0.0,0.0,-1.5707964,0.0
1970-01-01 00:00:00.051187150,0.05118715,0.0,0.0,0.0,0.0,0.0,487.59595,0.0,0.0,-1.5707964,0.0
1970-01-01 00:00:00.051211103,0.051211103,0.0,208.00879,0.0,0.0,0.0,0.0,0.0,0.0,-1.5707964,0.0
1970-01-01 00:00:00.051510224,0.051510224,0.0,222.09998,0.0,0.0,0.0,0.0,0.0,0.0,-1.5707964,0.0
1970-01-01 00:00:00.051733083,0.051733083,0.0,0.0,0.0,0.0,535.58673,0.0,0.0,0.0,-1.5707964,0.0
1970-01-01 00:00:00.051904410,0.05190441,128.13835,0.0,0.0,0.0,0.0,0.0,0.0,0.0,-1.5707964,0.0
1970-01-01 00:00:00.051954758,0.051954758,354.2768,0.0,0.0,0.0,0.0,0.0,0.0,0.0,-1.5707964,0.0
1970-01-01 00:00:00.051962802,0.051962802,0.0,0.0,0.0,0.0,0.0,528.9795,0.0,0.0,-1.5707964,0.0
1970-01-01 00:00:00.052130934,0.052130934,0.0,0.0,0.0,0.0,0.0,177.8493,0.0,0.0,-1.5707964,0.0
1970-01-01 00:00:00.052494688,0.052494688,154.87051,0.0,0.0,0.0,0.0,0.0,0.0,0.0,-1.5707964,0.0
1970-01-01 00:00:00.052754900,0.0527549,0.0,0.0,183.14455,0.0,0.0,0.0,0.0,0.0,-1.5707964,0.0
1970-01-01 00:00:00.052812374,0.052812374,0.0,246.3953,0.0,0.0,0.0,0.0,0.0,0.0,-1.5707964,0.0
1970-01-01 00:00:00.052898149,0.052898149,0.0,0.0,242.5501,0.0,0.0,0.0,0.0,0.0,-1.5707964,0.0
1970-01-01 00:00:00.052968245,0.052968245,384.54443,0.0,0.0,0.0,0.0,0.0,0.0,0.0,-1.5707964,0.0
1970-01-01 00:00:00.053386855,0.053386855,0.0,700.7873,0.0,0.0,0.0,0.0,0.0,0.0,-1.5707964,0.0
1970-01-01 00:00:00.053396612,0.053396612,0.0,0.0,0.0,0.0,0.0,1373.1423,0.0,0.0,-1.5707964,0.0
1970-01-01 00:00:00.053663933,0.053663933,0.0,147.89139,0.0,0.0,0.0,0.0,0.0,0.0,-1.5707964,0.0
1970-01-01 00:00:00.053744672,0.053744672,162.06662,0.0,0.0,0.0,0.0,0.0,0.0,0.0,-1.5707964,0.0
1970-01-01 00:00:00.053953782,0.053953782,0.0,0.0,0.0,0.0,0.0,635.00476,0.0,0.0,-1.5707964,0.0
1970-01-01 00:00:00.053984676,0.053984676,0.0,134.82872,0.0,0.0,0.0,0.0,0.0,0.0,-1.5707964,0.0
1970-01-01 00:00:00.054718898,0.054718898,0.0,0.0,89.18071,0.0,0.0,0.0,0.0,0.0,-1.5707964,0.0
1970-01-01 00:00:00.054724656,0.054724656,0.0,0.0,0.0,0.0,0.0,97.56185,0.0,0.0,-1.5707964,0.0
1970-01-01 00:00:00.054870467,0.054870467,0.0,325.44864,0.0,0.0,0.0,0.0,0.0,0.0,-1.5707964,0.0
1970-01-01 00:00:00.055097485,0.055097485,0.0,0.0,0.0,0.0,0.0,322.9086,0.0,0.0,-1.5707964,0.0
1970-01-01 00:00:00.055347273,0.055347273,0.0,0.0,0.0,0.0,0.0,139.01785,0.0,0.0,-1.5707964,0.0
1970-01-01 00:00:00.055442283,0.055442283,495.2581,0.0,0.0,0.0,0.0,0.0,0.0,0.0,-1.5707964,0.0
1970-01-01 00:00:00.055984628,0.055984628,0.0,0.0,0.0,0.0,0.0,292.93918,0.0,0.0,-1.5707964,0.0
1970-01-01 00:00:00.056077376,0.056077376,0.0,0.0,0.0,0.0,0.0,703.2898,0.0,0.0,-1.5707964,0.0
1970-01-01 00:00:00.056083729,0.056083729,0.0,0.0,232.70093,0.0,0.0,0.0,0.0,0.0,-1.5707964,0.0
1970-01-01 00:00:00.056315997,0.056315997,1101.9994,0.0,0.0,0.0,0.0,0.0,0.0,0.0,-1.5707964,0.0
1970-01-01 00:00:00.056379629,0.056379629,0.0,147.998,0.0,0.0,0.0,0.0,0.0,0.0,-1.5707964,0.0
1970-01-01 00:00:00.056397097,0.056397097,499.55643,0.0,0.0,0.0,0.0,0.0,0.0,0.0,-1.5707964,0.0
1970-01-01 00:00:00.056549700,0.0565497,131.54248,0.0,0.0,0.0,0.0,0.0,0.0,0.0,-1.5707964,0.0
1970-01-01 00:00:00.056565409,0.056565409,0.0,0.0,0.0,0.0,0.0,210.19743,0.0,0.0,-1.5707964,0.0
1970-01-01 00:00:00.056853107,0.056853107,0.0,0.0,0.0,0.0,0.0,304.58496,0.0,0.0,-1.5707964,0.0
1970-01-01 00:00:00.056893894,0.056893894,0.0,0.0,0.0,0.0,0.0,87.385376,0.0,0.0,-1.5707964,0.0
1970-01-01 00:00:00.056912075,0.056912075,0.0,0.0,0.0,0.0,0.0,150.54135,0.0,0.0,-1.5707964,0.0
1970-01-01 00:00:00.056933588,0.056933588,0.0,0.0,0.0,0.0,0.0,420.059,0.0,0.0,-1.5707964,0.0
1970-01-01 00:00:00.057598176,0.057598176,0.0,83.24163,0.0,0.0,0.0,0.0,0.0,0.0,-1.5707964,0.0
1970-01-01 00:00:00.057700458,0.057700458,0.0,137.05042,0.0,0.0,0.0,0.0,0.0,0.0,-1.5707964,0.0
1970-01-01 00:00:00.057766083,0.057766083,0.0,0.0,0.0,0.0,0.0,228.4225,0.0,0.0,-1.5707964,0.0
1970-01-01 00:00:00.057814392,0.057814392,391.54736,0.0,0.0,0.0,0.0,0.0,0.0,0.0,-1.5707964,0.0
1970-01-01 00:00:00.058046388,0.058046388,0.0,0.0,0.0,155.86298,0.0,0.0,0.0,0.0,-1.5707964,0.0
1970-01-01 00:00:00.058070507,0.058070507,0.0,0.0,0.0,0.0,411.69498,0.0,0.0,0.0,-1.5707964,0.0
1970-01-01 00:00:00.058205810,0.05820581,0.0,427.965,0.0,0.0,0.0,0.0,0.0,0.0,-1.5707964,0.0
1970-01-01 00:00:00.058366818,0.058366818,0.0,0.0,0.0,0.0,356.89957,0.0,0.0,0.0,-1.5707964,0.0
1970-01-01 00:00:00.058532571,0.058532571,0.0,0.0,0.0,0.0,0.0,453.59915,0.0,0.0,-1.5707964,0.0
1970-01-01 00:00:00.058607381,0.058607381,0.0,0.0,0.0,0.0,0.0,264.92337,0.0,0.0,-1.5707964,0.0
1970-01-01 00:00:00.058637565,0.058637565,0.0,0.0,0.0,0.0,0.0,132.47594,0.0,0.0,-1.5707964,0.0
1970-01-01 00:00:00.059016821,0.059016821,0.0,782.651,0.0,0.0,0.0,0.0,0.0,0.0,-1.5707964,0.0
1970-01-01 00:00:00.059271670,0.05927167,0.0,0.0,0.0,0.0,0.0,226.52422,0.0,0.0,-1.5707964,0.0
1970-01-01 00:00:00.059879429,0.059879429,0.0,231.5232,0.0,0.0,0.0,0.0,0.0,0.0,-1.5707964,0.0
1970-01-01 00:00:00.059894630,0.05989463,533.8141,0.0,0.0,0.0,0.0,0.0,0.0,0.0,-1.5707964,0.0
1970-01-01 00:00:00.059991092,0.059991092,367.8833,0.0,0.0,0.0,0.0,0.0,0.0,0.0,-1.5707964,0.0
1970-01-01 00:00:00.060007262,0.060007262,0.0,90.766815,0.0,0.0,0.0,0.0,0.0,0.0,-1.5707964,0.0
1970-01-01 00:00:00.060081915,0.060081915,1484.9191,0.0,0.0,0.0,0.0,0.0,0.0,0.0,-1.5707964,0.0
1970-01-01 00:00:00.060448433,0.060448433,374.50885,0.0,0.0,0.0,0.0,0.0,0.0,0.0,-1.5707964,0.0
1970-01-01 00:00:00.061174384,0.061174384,0.0,1261.3783,0.0,0.0,0.0,0.0,0.0,0.0,-1.5707964,0.0
1970-01-01 00:00:00.061837091,0.061837091,0.0,0.0,164.5875,0.0,0.0,0.0,0.0,0.0,-1.5707964,0.0
1970-01-01 00:00:00.061920230,0.06192023,0.0,0.0,0.0,0.0,0.0,499.14584,0.0,0.0,-1.5707964,0.0
1970-01-01 00:00:00.061982452,0.061982452,1352.1023,0.0,0.0,0.0,0.0,0.0,0.0,0.0,-1.5707964,0.0
1970-01-01 00:00:00.061986880,0.06198688,0.0,0.0,0.0,0.0,0.0,244.84192,0.0,0.0,-1.5707964,0.0
1970-01-01 00:00:00.062080651,0.062080651,0.0,0.0,0.0,0.0,0.0,462.7425,0.0,0.0,-1.5707964,0.0
1970-01-01 00:00:00.062169451,0.062169451,103.35301,0.0,0.0,0.0,0.0,0.0,0.0,0.0,-1.5707964,0.0
1970-01-01 00:00:00.063074068,0.063074068,0.0,0.0,0.0,0.0,0.0,1040.0978,0.0,0.0,-1.5707964,0.0
1970-01-01 00:00:00.063089443,0.063089444,0.0,0.0,0.0,211.79352,0.0,0.0,0.0,0.0,-1.5707964,0.0
1970-01-01 00:00:00.063231668,0.063231668,0.0,0.0,0.0,0.0,0.0,125.61891,0.0,0.0,-1.5707964,0.0
1970-01-01 00:00:00.063346686,0.063346686,0.0,0.0,0.0,0.0,0.0,246.86992,0.0,0.0,-1.5707964,0.0
1970-01-01 00:00:00.063733805,0.063733805,0.0,0.0,0.0,0.0,0.0,375.69952,0.0,0.0,-1.5707964,0.0
1970-01-01 00:00:00.064537901,0.064537902,183.49846,0.0,0.0,0.0,0.0,0.0,0.0,0.0,-1.5707964,0.0
1970-01-01 00:00:00.064592205,0.064592205,0.0,0.0,0.0,0.0,0.0,309.5404,0.0,0.0,-1.5707964,0.0
1970-01-01 00:00:00.064853327,0.064853327,0.0,167.00609,0.0,0.0,0.0,0.0,0.0,0.0,-1.5707964,0.0
1970-01-01 00:00:00.064939054,0.064939055,0.0,0.0,0.0,0.0,0.0,239.77798,0.0,0.0,-1.5707964,0.0
1970-01-01 00:00:00.065003627,0.065003628,316.34647,0.0,0.0,0.0,0.0,0.0,0.0,0.0,-1.5707964,0.0
1970-01-01 00:00:00.065337966,0.065337966,0.0,0.0,0.0,0.0,0.0,249.57755,0.0,0.0,-1.5707964,0.0
1970-01-01 00:00:00.065472621,0.065472622,0.0,0.0,0.0,2125.0615,0.0,0.0,0.0,0.0,-1.5707964,0.0
1970-01-01 00:00:00.065551125,0.065551125,201.85654,0.0,0.0,0.0,0.0,0.0,0.0,0.0,-1.5707964,0.0
1970-01-01 00:00:00.065693265,0.065693265,0.0,0.0,563.5086,0.0,0.0,0.0,0.0,0.0,-1.5707964,0.0
1970-01-01 00:00:00.066499525,0.066499525,0.0,0.0,0.0,0.0,1088.6732,0.0,0.0,0.0,-1.5707964,0.0
1970-01-01 00:00:00.066516982,0.066516982,0.0,237.11964,0.0,0.0,0.0,0.0,0.0,0.0,-1.5707964,0.0
1970-01-01 00:00:00.066565097,0.066565097,0.0,0.0,0.0,0.0,0.0,114.68858,0.0,0.0,-1.5707964,0.0
1970-01-01 00:00:00.066682234,0.066682234,0.0,0.0,0.0,0.0,432.4464,0.0,0.0,0.0,-1.5707964,0.0
1970-01-01 00:00:00.066704814,0.066704814,223.58441,0.0,0.0,0.0,0.0,0.0,0.0,0.0,-1.5707964,0.0
1970-01-01 00:00:00.066769105,0.066769106,0.0,0.0,187.56815,0.0,0.0,0.0,0.0,0.0,-1.5707964,0.0
1970-01-01 00:00:00.066780649,0.066780649,0.0,0.0,0.0,0.0,0.0,1106.7134,0.0,0.0,-1.5707964,0.0
1970-01-01 00:00:00.066880241,0.066880241,0.0,269.0641,0.0,0.0,0.0,0.0,0.0,0.0,-1.5707964,0.0
1970-01-01 00:00:00.066910310,0.06691031,0.0,0.0,731.97876,0.0,0.0,0.0,0.0,0.0,-1.5707964,0.0
1970-01-01 00:00:00.067478678,0.067478678,0.0,0.0,0.0,0.0,0.0,387.2395,0.0,0.0,-1.5707964,0.0
1970-01-01 00:00:00.067786811,0.067786811,0.0,0.0,0.0,0.0,0.0,273.38333,0.0,0.0,-1.5707964,0.0
1970-01-01 00:00:00.067837777,0.067837777,0.0,0.0,0.0,0.0,0.0,487.94568,0.0,0.0,-1.5707964,0.0
1970-01-01 00:00:00.068251671,0.068251671,0.0,417.7038,0.0,0.0,0.0,0.0,0.0,0.0,-1.5707964,0.0
1970-01-01 00:00:00.068316106,0.068316106,281.4494,0.0,0.0,0.0,0.0,0.0,0.0,0.0,-1.5707964,0.0
1970-01-01 00:00:00.068316106,0.068316106,202.37517,0.0,0.0,0.0,0.0,0.0,0.0,0.0,-1.5707964,0.0
1970-01-01 00:00:00.068325601,0.068325601,0.0,0.0,0.0,0.0,269.12872,0.0,0.0,0.0,-1.5707964,0.0
1970-01-01 00:00:00.068548885,0.068548885,0.0,0.0,169.04752,0.0,0.0,0.0,0.0,0.0,-1.5707964,0.0
1970-01-01 00:00:00.068976513,0.068976513,0.0,0.0,0.0,0.0,0.0,80.58198,0.0,0.0,-1.5707964,0.0
1970-01-01 00:00:00.069102959,0.069102959,102.62354,0.0,0.0,0.0,0.0,0.0,0.0,0.0,-1.5707964,0.0
1970-01-01 00:00:00.069225814,0.069225814,0.0,1446.2717,0.0,0.0,0.0,0.0,0.0,0.0,-1.5707964,0.0
1970-01-01 00:00:00.069339149,0.069339149,0.0,0.0,0.0,278.72073,0.0,0.0,0.0,0.0,-1.5707964,0.0
1970-01-01 00:00:00.069474517,0.069474517,0.0,0.0,0.0,0.0,0.0,237.2595,0.0,0.0,-1.5707964,0.0
1970-01-01 00:00:00.069579942,0.069579942,592.8925,0.0,0.0,0.0,0.0,0.0,0.0,0.0,-1.5707964,0.0
1970-01-01 00:00:00.069709865,0.069709865,0.0,0.0,0.0,0.0,0.0,95.20056,0.0,0.0,-1.5707964,0.0
1970-01-01 00:00:00.069720262,0.069720262,0.0,0.0,0.0,0.0,210.85735,0.0,0.0,0.0,-1.5707964,0.0
1970-01-01 00:00:00.069796915,0.069796915,0.0,0.0,0.0,260.88077,0.0,0.0,0.0,0.0,-1.5707964,0.0
1970-01-01 00:00:00.069953627,0.069953627,0.0,0.0,0.0,0.0,0.0,342.63318,0.0,0.0,-1.5707964,0.0
1970-01-01 00:00:00.069970229,0.069970229,279.24692,0.0,0.0,0.0,0.0,0.0,0.0,0.0,-1.5707964,0.0
1970-01-01 00:00:00.070055309,0.070055309,569.07983,0.0,0.0,0.0,0.0,0.0,0.0,0.0,-1.5707964,0.0
1970-01-01 00:00:00.070113590,0.07011359,0.0,0.0,0.0,0.0,0.0,138.84,0.0,0.0,-1.5707964,0.0
1970-01-01 00:00:00.070274018,0.070274018,298.85114,0.0,0.0,0.0,0.0,0.0,0.0,0.0,-1.5707964,0.0
1970-01-01 00:00:00.070304791,0.070304791,101.24326,0.0,0.0,0.0,0.0,0.0,0.0,0.0,-1.5707964,0.0
1970-01-01 00:00:00.070327173,0.070327173,0.0,305.7434,0.0,0.0,0.0,0.0,0.0,0.0,-1.5707964,0.0
1970-01-01 00:00:00.070327173,0.070327173,0.0,0.0,339.29733,0.0,0.0,0.0,0.0,0.0,-1.5707964,0.0
1970-01-01 00:00:00.070339764,0.070339764,349.7239,0.0,0.0,0.0,0.0,0.0,0.0,0.0,-1.5707964,0.0
1970-01-01 00:00:00.070429563,0.070429563,0.0,319.28928,0.0,0.0,0.0,0.0,0.0,0.0,-1.5707964,0.0
1970-01-01 00:00:00.070499578,0.070499578,0.0,0.0,0.0,0.0,0.0,254.4253,0.0,0.0,-1.5707964,0.0
1970-01-01 00:00:00.070644512,0.070644512,0.0,415.66187,0.0,0.0,0.0,0.0,0.0,0.0,-1.5707964,0.0
1970-01-01 00:00:00.070894231,0.070894231,0.0,0.0,0.0,0.0,0.0,482.1453,0.0,0.0,-1.5707964,0.0
1970-01-01 00:00:00.070972599,0.070972599,0.0,0.0,0.0,96.98736,0.0,0.0,0.0,0.0,-1.5707964,0.0
1970-01-01 00:00:00.071006584,0.071006584,0.0,0.0,316.66946,0.0,0.0,0.0,0.0,0.0,-1.5707964,0.0
1970-01-01 00:00:00.071081528,0.071081528,0.0,603.0355,0.0,0.0,0.0,0.0,0.0,0.0,-1.5707964,0.0
1970-01-01 00:00:00.071557402,0.071557402,0.0,0.0,0.0,0.0,110.857475,0.0,0.0,0.0,-1.5707964,0.0
1970-01-01 00:00:00.071914970,0.07191497,0.0,0.0,0.0,0.0,0.0,442.16486,0.0,0.0,-1.5707964,0.0
1970-01-01 00:00:00.071950211,0.071950211,0.0,0.0,0.0,0.0,0.0,1383.1989,0.0,0.0,-1.5707964,0.0
1970-01-01 00:00:00.072055482,0.072055482,0.0,275.85287,0.0,0.0,0.0,0.0,0.0,0.0,-1.5707964,0.0
1970-01-01 00:00:00.072124731,0.072124731,0.0,0.0,0.0,0.0,0.0,947.4859,0.0,0.0,-1.5707964,0.0
1970-01-01 00:00:00.072132513,0.072132513,234.80984,0.0,0.0,0.0,0.0,0.0,0.0,0.0,-1.5707964,0.0
1970-01-01 00:00:00.072466334,0.072466334,0.0,235.93587,0.0,0.0,0.0,0.0,0.0,0.0,-1.5707964,0.0
1970-01-01 00:00:00.073047472,0.073047472,0.0,298.1078,0.0,0.0,0.0,0.0,0.0,0.0,-1.5707964,0.0
1970-01-01 00:00:00.073514859,0.073514859,0.0,0.0,0.0,0.0,0.0,490.28564,0.0,0.0,-1.5707964,0.0
1970-01-01 00:00:00.073555210,0.07355521,0.0,0.0,0.0,0.0,0.0,556.969,0.0,0.0,-1.5707964,0.0
1970-01-01 00:00:00.073771590,0.07377159,343.8787,0.0,0.0,0.0,0.0,0.0,0.0,0.0,-1.5707964,0.0
1970-01-01 00:00:00.073792389,0.073792389,317.4739,0.0,0.0,0.0,0.0,0.0,0.0,0.0,-1.5707964,0.0
1970-01-01 00:00:00.074017505,0.074017505,397.53107,0.0,0.0,0.0,0.0,0.0,0.0,0.0,-1.5707964,0.0
1970-01-01 00:00:00.074073074,0.074073074,0.0,345.95566,0.0,0.0,0.0,0.0,0.0,0.0,-1.5707964,0.0
1970-01-01 00:00:00.074865674,0.074865674,359.03546,0.0,0.0,0.0,0.0,0.0,0.0,0.0,-1.5707964,0.0
1970-01-01 00:00:00.074928888,0.074928888,0.0,0.0,0.0,0.0,0.0,223.48935,0.0,0.0,-1.5707964,0.0
1970-01-01 00:00:00.074974975,0.074974975,0.0,0.0,0.0,0.0,0.0,1666.325,0.0,0.0,-1.5707964,0.0
1970-01-01 00:00:00.074998461,0.074998461,221.42975,0.0,0.0,0.0,0.0,0.0,0.0,0.0,-1.5707964,0.0
1970-01-01 00:00:00.075113502,0.075113502,0.0,248.5086,0.0,0.0,0.0,0.0,0.0,0.0,-1.5707964,0.0
1970-01-01 00:00:00.075331853,0.075331853,0.0,0.0,0.0,0.0,999.3757,0.0,0.0,0.0,-1.5707964,0.0
1970-01-01 00:00:00.075369321,0.075369321,245.09692,0.0,0.0,0.0,0.0,0.0,0.0,0.0,-1.5707964,0.0
1970-01-01 00:00:00.075660791,0.075660791,0.0,0.0,184.51917,0.0,0.0,0.0,0.0,0.0,-1.5707964,0.0
1970-01-01 00:00:00.075660791,0.075660791,0.0,0.0,0.0,0.0,0.0,145.27327,0.0,0.0,-1.5707964,0.0
1970-01-01 00:00:00.075680651,0.075680651,0.0,324.27185,0.0,0.0,0.0,0.0,0.0,0.0,-1.5707964,0.0
1970-01-01 00:00:00.075839320,0.07583932,0.0,270.9437,0.0,0.0,0.0,0.0,0.0,0.0,-1.5707964,0.0
1970-01-01 00:00:00.075895085,0.075895085,0.0,0.0,0.0,0.0,228.98193,0.0,0.0,0.0,-1.5707964,0.0
1970-01-01 00:00:00.076093054,0.076093054,0.0,99.206276,0.0,0.0,0.0,0.0,0.0,0.0,-1.5707964,0.0
1970-01-01 00:00:00.076093054,0.076093054,0.0,0.0,0.0,0.0,0.0,192.26907,0.0,0.0,-1.5707964,0.0
1970-01-01 00:00:00.076094402,0.076094402,0.0,0.0,0.0,0.0,0.0,153.97038,0.0,0.0,-1.5707964,0.0
1970-01-01 00:00:00.076341939,0.076341939,0.0,0.0,0.0,0.0,0.0,121.79411,0.0,0.0,-1.5707964,0.0
1970-01-01 00:00:00.076478579,0.076478579,269.11853,0.0,0.0,0.0,0.0,0.0,0.0,0.0,-1.5707964,0.0
1970-01-01 00:00:00.076551389,0.076551389,0.0,0.0,0.0,0.0,113.36955,0.0,0.0,0.0,-1.5707964,0.0
1970-01-01 00:00:00.076574849,0.076574849,0.0,0.0,0.0,0.0,0.0,95.44699,0.0,0.0,-1.5707964,0.0
1970-01-01 00:00:00.076782780,0.07678278,142.05702,0.0,0.0,0.0,0.0,0.0,0.0,0.0,-1.5707964,0.0
1970-01-01 00:00:00.076795000,0.076795,0.0,509.82907,0.0,0.0,0.0,0.0,0.0,0.0,-1.5707964,0.0
1970-01-01 00:00:00.076927450,0.07692745,0.0,809.45746,0.0,0.0,0.0,0.0,0.0,0.0,-1.5707964,0.0
1970-01-01 00:00:00.076972184,0.076972184,0.0,0.0,0.0,0.0,0.0,337.80347,0.0,0.0,-1.5707964,0.0
1970-01-01 00:00:00.077418677,0.077418677,0.0,327.36343,0.0,0.0,0.0,0.0,0.0,0.0,-1.5707964,0.0
1970-01-01 00:00:00.077443649,0.077443649,83.67462,0.0,0.0,0.0,0.0,0.0,0.0,0.0,-1.5707964,0.0
1970-01-01 00:00:00.077562571,0.077562571,0.0,357.73663,0.0,0.0,0.0,0.0,0.0,0.0,-1.5707964,0.0
1970-01-01 00:00:00.077584686,0.077584686,0.0,0.0,0.0,0.0,0.0,103.53478,0.0,0.0,-1.5707964,0.0
1970-01-01 00:00:00.077825049,0.077825049,317.46085,0.0,0.0,0.0,0.0,0.0,0.0,0.0,-1.5707964,0.0
1970-01-01 00:00:00.077825049,0.077825049,214.53271,0.0,0.0,0.0,0.0,0.0,0.0,0.0,-1.5707964,0.0
1970-01-01 00:00:00.077949697,0.077949697,0.0,0.0,0.0,0.0,0.0,306.1108,0.0,0.0,-1.5707964,0.0
1970-01-01 00:00:00.078014724,0.078014724,0.0,190.04654,0.0,0.0,0.0,0.0,0.0,0.0,-1.5707964,0.0
1970-01-01 00:00:00.078194623,0.078194623,0.0,135.06982,0.0,0.0,0.0,0.0,0.0,0.0,-1.5707964,0.0
1970-01-01 00:00:00.078392974,0.078392974,0.0,0.0,0.0,0.0,623.2281,0.0,0.0,0.0,-1.5707964,0.0
1970-01-01 00:00:00.078448287,0.078448287,0.0,181.90526,0.0,0.0,0.0,0.0,0.0,0.0,-1.5707964,0.0
1970-01-01 00:00:00.078905025,0.078905025,248.4319,0.0,0.0,0.0,0.0,0.0,0.0,0.0,-1.5707964,0.0
1970-01-01 00:00:00.079261359,0.079261359,0.0,0.0,161.7244,0.0,0.0,0.0,0.0,0.0,-1.5707964,0.0
1970-01-01 00:00:00.079464141,0.079464141,0.0,0.0,0.0,0.0,290.59705,0.0,0.0,0.0,-1.5707964,0.0
1970-01-01 00:00:00.080337995,0.080337995,0.0,0.0,0.0,0.0,0.0,84.53577,0.0,0.0,-1.5707964,0.0
1970-01-01 00:00:00.080406769,0.080406769,0.0,0.0,0.0,0.0,0.0,256.6997,0.0,0.0,-1.5707964,0.0
1970-01-01 00:00:00.080493280,0.08049328,0.0,0.0,0.0,0.0,0.0,284.04196,0.0,0.0,-1.5707964,0.0
1970-01-01 00:00:00.080658662,0.080658662,0.0,0.0,0.0,0.0,0.0,792.94714,0.0,0.0,-1.5707964,0.0
1970-01-01 00:00:00.080847133,0.080847133,0.0,0.0,0.0,0.0,190.05942,0.0,0.0,0.0,-1.5707964,0.0
1970-01-01 00:00:00.081216074,0.081216074,0.0,576.9573,0.0,0.0,0.0,0.0,0.0,0.0,-1.5707964,0.0
1970-01-01 00:00:00.081265038,0.081265038,0.0,0.0,0.0,0.0,0.0,1850.5677,0.0,0.0,-1.5707964,0.0
1970-01-01 00:00:00.081269192,0.081269192,0.0,631.357,0.0,0.0,0.0,0.0,0.0,0.0,-1.5707964,0.0
1970-01-01 00:00:00.081503125,0.081503125,0.0,96.40987,0.0,0.0,0.0,0.0,0.0,0.0,-1.5707964,0.0
1970-01-01 00:00:00.081611052,0.081611052,133.05235,0.0,0.0,0.0,0.0,0.0,0.0,0.0,-1.5707964,0.0
1970-01-01 00:00:00.081682744,0.081682744,0.0,107.77077,0.0,0.0,0.0,0.0,0.0,0.0,-1.5707964,0.0
1970-01-01 00:00:00.081806016,0.081806016,697.08417,0.0,0.0,0.0,0.0,0.0,0.0,0.0,-1.5707964,0.0
1970-01-01 00:00:00.081864898,0.081864898,0.0,0.0,113.35331,0.0,0.0,0.0,0.0,0.0,-1.5707964,0.0
1970-01-01 00:00:00.082054100,0.0820541,0.0,0.0,0.0,0.0,184.1024,0.0,0.0,0.0,-1.5707964,0.0
1970-01-01 00:00:00.082847330,0.08284733,0.0,0.0,0.0,0.0,0.0,434.24048,0.0,0.0,-1.5707964,0.0
1970-01-01 00:00:00.082879230,0.08287923,0.0,0.0,0.0,0.0,0.0,129.31754,0.0,0.0,-1.5707964,0.0
1970-01-01 00:00:00.082927744,0.082927744,0.0,286.0832,0.0,0.0,0.0,0.0,0.0,0.0,-1.5707964,0.0
1970-01-01 00:00:00.082970286,0.082970286,0.0,0.0,0.0,0.0,302.7357,0.0,0.0,0.0,-1.5707964,0.0
1970-01-01 00:00:00.083055177,0.083055177,512.9751,0.0,0.0,0.0,0.0,0.0,0.0,0.0,-1.5707964,0.0
1970-01-01 00:00:00.083101111,0.083101111,0.0,0.0,0.0,0.0,0.0,256.73065,0.0,0.0,-1.5707964,0.0
1970-01-01 00:00:00.083152718,0.083152718,0.0,0.0,287.09723,0.0,0.0,0.0,0.0,0.0,-1.5707964,0.0
1970-01-01 00:00:00.083374031,0.083374031,0.0,0.0,0.0,167.78558,0.0,0.0,0.0,0.0,-1.5707964,0.0
1970-01-01 00:00:00.083563083,0.083563083,0.0,0.0,0.0,0.0,0.0,1004.16156,0.0,0.0,-1.5707964,0.0
1970-01-01 00:00:00.083568582,0.083568582,0.0,0.0,0.0,0.0,131.12439,0.0,0.0,0.0,-1.5707964,0.0
1970-01-01 00:00:00.083760304,0.083760304,0.0,0.0,0.0,0.0,0.0,436.508,0.0,0.0,-1.5707964,0.0
1970-01-01 00:00:00.083791117,0.083791117,482.3517,0.0,0.0,0.0,0.0,0.0,0.0,0.0,-1.5707964,0.0
1970-01-01 00:00:00.083796672,0.083796672,0.0,836.64825,0.0,0.0,0.0,0.0,0.0,0.0,-1.5707964,0.0
1970-01-01 00:00:00.083796905,0.083796905,107.490005,0.0,0.0,0.0,0.0,0.0,0.0,0.0,-1.5707964,0.0
1970-01-01 00:00:00.083868039,0.083868039,0.0,0.0,0.0,0.0,0.0,272.01978,0.0,0.0,-1.5707964,0.0
1970-01-01 00:00:00.084167495,0.084167495,0.0,0.0,0.0,0.0,0.0,564.901,0.0,0.0,-1.5707964,0.0
1970-01-01 00:00:00.084260791,0.084260791,0.0,0.0,0.0,0.0,0.0,255.45813,0.0,0.0,-1.5707964,0.0
1970-01-01 00:00:00.084277000,0.084277,385.94135,0.0,0.0,0.0,0.0,0.0,0.0,0.0,-1.5707964,0.0
1970-01-01 00:00:00.084807270,0.08480727,229.92479,0.0,0.0,0.0,0.0,0.0,0.0,0.0,-1.5707964,0.0
1970-01-01 00:00:00.084826686,0.084826686,0.0,0.0,0.0,0.0,0.0,324.3211,0.0,0.0,-1.5707964,0.0
1970-01-01 00:00:00.084887544,0.084887544,176.40973,0.0,0.0,0.0,0.0,0.0,0.0,0.0,-1.5707964,0.0
1970-01-01 00:00:00.084895004,0.084895004,0.0,0.0,0.0,0.0,0.0,291.54053,0.0,0.0,-1.5707964,0.0
1970-01-01 00:00:00.085190288,0.085190288,885.12396,0.0,0.0,0.0,0.0,0.0,0.0,0.0,-1.5707964,0.0
1970-01-01 00:00:00.085271082,0.085271082,432.20746,0.0,0.0,0.0,0.0,0.0,0.0,0.0,-1.5707964,0.0
1970-01-01 00:00:00.085722204,0.085722204,117.24853,0.0,0.0,0.0,0.0,0.0,0.0,0.0,-1.5707964,0.0
1970-01-01 00:00:00.085983816,0.085983816,0.0,0.0,0.0,0.0,0.0,391.4539,0.0,0.0,-1.5707964,0.0
1970-01-01 00:00:00.086082797,0.086082797,0.0,0.0,0.0,0.0,120.34177,0.0,0.0,0.0,-1.5707964,0.0
1970-01-01 00:00:00.086092166,0.086092166,0.0,0.0,0.0,653.81195,0.0,0.0,0.0,0.0,-1.5707964,0.0
1970-01-01 00:00:00.086128315,0.086128315,0.0,0.0,0.0,0.0,0.0,1240.692,0.0,0.0,-1.5707964,0.0
1970-01-01 00:00:00.086144146,0.086144146,0.0,0.0,0.0,0.0,0.0,317.03375,0.0,0.0,-1.5707964,0.0
1970-01-01 00:00:00.086154679,0.086154679,0.0,273.92703,0.0,0.0,0.0,0.0,0.0,0.0,-1.5707964,0.0
1970-01-01 00:00:00.086219775,0.086219775,0.0,0.0,0.0,0.0,260.55417,0.0,0.0,0.0,-1.5707964,0.0
1970-01-01 00:00:00.086236010,0.08623601,0.0,0.0,0.0,179.54126,0.0,0.0,0.0,0.0,-1.5707964,0.0
1970-01-01 00:00:00.086243539,0.086243539,0.0,0.0,0.0,0.0,0.0,341.31427,0.0,0.0,-1.5707964,0.0
1970-01-01 00:00:00.086379169,0.086379169,0.0,0.0,0.0,0.0,0.0,83.440636,0.0,0.0,-1.5707964,0.0
1970-01-01 00:00:00.086447928,0.086447928,0.0,0.0,0.0,0.0,251.47498,0.0,0.0,0.0,-1.5707964,0.0
1970-01-01 00:00:00.086557679,0.086557679,0.0,0.0,0.0,0.0,0.0,223.64653,0.0,0.0,-1.5707964,0.0
1970-01-01 00:00:00.086570422,0.086570422,0.0,525.11584,0.0,0.0,0.0,0.0,0.0,0.0,-1.5707964,0.0
1970-01-01 00:00:00.086584826,0.086584826,0.0,0.0,0.0,0.0,0.0,157.96706,0.0,0.0,-1.5707964,0.0
1970-01-01 00:00:00.086595897,0.086595897,457.2507,0.0,0.0,0.0,0.0,0.0,0.0,0.0,-1.5707964,0.0
1970-01-01 00:00:00.086611107,0.086611107,0.0,0.0,0.0,0.0,688.9817,0.0,0.0,0.0,-1.5707964,0.0
1970-01-01 00:00:00.086655044,0.086655044,225.05984,0.0,0.0,0.0,0.0,0.0,0.0,0.0,-1.5707964,0.0
1970-01-01 00:00:00.086693891,0.086693891,0.0,0.0,0.0,0.0,0.0,135.81853,0.0,0.0,-1.5707964,0.0
1970-01-01 00:00:00.086695868,0.086695868,0.0,0.0,0.0,0.0,663.1836,0.0,0.0,0.0,-1.5707964,0.0
1970-01-01 00:00:00.087132523,0.087132523,0.0,0.0,0.0,0.0,0.0,105.100494,0.0,0.0,-1.5707964,0.0
1970-01-01 00:00:00.087135136,0.087135136,0.0,0.0,0.0,0.0,0.0,745.6371,0.0,0.0,-1.5707964,0.0
1970-01-01 00:00:00.087490418,0.087490418,0.0,300.48294,0.0,0.0,0.0,0.0,0.0,0.0,-1.5707964,0.0
1970-01-01 00:00:00.087493269,0.087493269,0.0,403.65857,0.0,0.0,0.0,0.0,0.0,0.0,-1.5707964,0.0
1970-01-01 00:00:00.087546060,0.08754606,0.0,253.69524,0.0,0.0,0.0,0.0,0.0,0.0,-1.5707964,0.0
1970-01-01 00:00:00.087723719,0.087723719,0.0,115.251,0.0,0.0,0.0,0.0,0.0,0.0,-1.5707964,0.0
1970-01-01 00:00:00.087777470,0.08777747,0.0,165.38335,0.0,0.0,0.0,0.0,0.0,0.0,-1.5707964,0.0
1970-01-01 00:00:00.087797211,0.087797211,0.0,116.72993,0.0,0.0,0.0,0.0,0.0,0.0,-1.5707964,0.0
1970-01-01 00:00:00.087817093,0.087817093,1011.09064,0.0,0.0,0.0,0.0,0.0,0.0,0.0,-1.5707964,0.0
1970-01-01 00:00:00.087907687,0.087907687,0.0,0.0,0.0,0.0,0.0,83.33962,0.0,0.0,-1.5707964,0.0
1970-01-01 00:00:00.088030381,0.088030381,343.98,0.0,0.0,0.0,0.0,0.0,0.0,0.0,-1.5707964,0.0
1970-01-01 00:00:00.088189998,0.088189998,622.16125,0.0,0.0,0.0,0.0,0.0,0.0,0.0,-1.5707964,0.0
1970-01-01 00:00:00.088189998,0.088189998,0.0,0.0,0.0,0.0,0.0,845.17065,0.0,0.0,-1.5707964,0.0
1970-01-01 00:00:00.088307692,0.088307692,0.0,0.0,0.0,0.0,0.0,143.25742,0.0,0.0,-1.5707964,0.0
1970-01-01 00:00:00.088439801,0.088439801,398.6602,0.0,0.0,0.0,0.0,0.0,0.0,0.0,-1.5707964,0.0
1970-01-01 00:00:00.088474254,0.088474254,0.0,0.0,0.0,0.0,0.0,196.90686,0.0,0.0,-1.5707964,0.0
1970-01-01 00:00:00.088536787,0.088536787,157.49518,0.0,0.0,0.0,0.0,0.0,0.0,0.0,-1.5707964,0.0
1970-01-01 00:00:00.088692056,0.088692056,0.0,0.0,0.0,0.0,0.0,90.01997,0.0,0.0,-1.5707964,0.0
1970-01-01 00:00:00.088735606,0.088735606,0.0,0.0,0.0,0.0,0.0,125.711174,0.0,0.0,-1.5707964,0.0
1970-01-01 00:00:00.088740672,0.088740672,0.0,264.5622,0.0,0.0,0.0,0.0,0.0,0.0,-1.5707964,0.0
1970-01-01 00:00:00.088868507,0.088868507,85.96997,0.0,0.0,0.0,0.0,0.0,0.0,0.0,-1.5707964,0.0
1970-01-01 00:00:00.088868507,0.088868507,101.27347,0.0,0.0,0.0,0.0,0.0,0.0,0.0,-1.5707964,0.0
1970-01-01 00:00:00.088875530,0.08887553,0.0,0.0,0.0,0.0,0.0,111.19237,0.0,0.0,-1.5707964,0.0
1970-01-01 00:00:00.089068572,0.089068572,0.0,0.0,0.0,0.0,0.0,410.8493,0.0,0.0,-1.5707964,0.0
1970-01-01 00:00:00.089094087,0.089094087,0.0,819.5939,0.0,0.0,0.0,0.0,0.0,0.0,-1.5707964,0.0
1970-01-01 00:00:00.089613834,0.089613834,377.81152,0.0,0.0,0.0,0.0,0.0,0.0,0.0,-1.5707964,0.0
1970-01-01 00:00:00.089682861,0.089682861,0.0,0.0,0.0,0.0,0.0,282.20947,0.0,0.0,-1.5707964,0.0
1970-01-01 00:00:00.089894036,0.089894036,0.0,0.0,0.0,0.0,0.0,1180.4375,0.0,0.0,-1.5707964,0.0
1970-01-01 00:00:00.090003222,0.090003222,0.0,182.53561,0.0,0.0,0.0,0.0,0.0,0.0,-1.5707964,0.0
1970-01-01 00:00:00.090048445,0.090048445,272.62433,0.0,0.0,0.0,0.0,0.0,0.0,0.0,-1.5707964,0.0
1970-01-01 00:00:00.090070741,0.090070741,0.0,0.0,0.0,0.0,0.0,269.22534,0.0,0.0,-1.5707964,0.0
1970-01-01 00:00:00.090245554,0.090245554,0.0,0.0,0.0,0.0,0.0,96.83063,0.0,0.0,-1.5707964,0.0
1970-01-01 00:00:00.090413645,0.090413645,0.0,0.0,0.0,502.00427,0.0,0.0,0.0,0.0,-1.5707964,0.0
1970-01-01 00:00:00.090448261,0.090448261,0.0,0.0,144.83041,0.0,0.0,0.0,0.0,0.0,-1.5707964,0.0
1970-01-01 00:00:00.090507999,0.090507999,0.0,343.07776,0.0,0.0,0.0,0.0,0.0,0.0,-1.5707964,0.0
1970-01-01 00:00:00.090625385,0.090625385,0.0,0.0,0.0,0.0,0.0,215.63515,0.0,0.0,-1.5707964,0.0
1970-01-01 00:00:00.090658092,0.090658092,0.0,400.03043,0.0,0.0,0.0,0.0,0.0,0.0,-1.5707964,0.0
1970-01-01 00:00:00.090800910,0.09080091,0.0,0.0,0.0,0.0,0.0,264.48047,0.0,0.0,-1.5707964,0.0
1970-01-01 00:00:00.090977118,0.090977118,0.0,0.0,0.0,0.0,0.0,312.7327,0.0,0.0,-1.5707964,0.0
1970-01-01 00:00:00.091227656,0.091227656,0.0,943.33405,0.0,0.0,0.0,0.0,0.0,0.0,-1.5707964,0.0
1970-01-01 00:00:00.091457692,0.091457692,0.0,179.24284,0.0,0.0,0.0,0.0,0.0,0.0,-1.5707964,0.0
1970-01-01 00:00:00.091457692,0.091457692,0.0,0.0,0.0,486.2762,0.0,0.0,0.0,0.0,-1.5707964,0.0
1970-01-01 00:00:00.091682134,0.091682134,0.0,0.0,0.0,0.0,0.0,384.75555,0.0,0.0,-1.5707964,0.0
1970-01-01 00:00:00.091686302,0.091686302,271.78876,0.0,0.0,0.0,0.0,0.0,0.0,0.0,-1.5707964,0.0
1970-01-01 00:00:00.091744115,0.091744115,0.0,304.37653,0.0,0.0,0.0,0.0,0.0,0.0,-1.5707964,0.0
1970-01-01 00:00:00.091802228,0.091802228,133.75876,0.0,0.0,0.0,0.0,0.0,0.0,0.0,-1.5707964,0.0
1970-01-01 00:00:00.091928279,0.091928279,0.0,0.0,0.0,0.0,159.84402,0.0,0.0,0.0,-1.5707964,0.0
1970-01-01 00:00:00.091948267,0.091948267,438.31866,0.0,0.0,0.0,0.0,0.0,0.0,0.0,-1.5707964,0.0
1970-01-01 00:00:00.092286668,0.092286668,0.0,0.0,0.0,0.0,0.0,256.16235,0.0,0.0,-1.5707964,0.0
1970-01-01 00:00:00.092394197,0.092394197,318.32953,0.0,0.0,0.0,0.0,0.0,0.0,0.0,-1.5707964,0.0
1970-01-01 00:00:00.092454369,0.092454369,652.5358,0.0,0.0,0.0,0.0,0.0,0.0,0.0,-1.5707964,0.0
1970-01-01 00:00:00.092811338,0.092811338,0.0,260.5569,0.0,0.0,0.0,0.0,0.0,0.0,-1.5707964,0.0
1970-01-01 00:00:00.093530537,0.093530537,0.0,354.59653,0.0,0.0,0.0,0.0,0.0,0.0,-1.5707964,0.0
1970-01-01 00:00:00.093802739,0.093802739,0.0,0.0,0.0,0.0,0.0,1499.1449,0.0,0.0,-1.5707964,0.0
1970-01-01 00:00:00.094053271,0.094053271,0.0,0.0,184.33565,0.0,0.0,0.0,0.0,0.0,-1.5707964,0.0
1970-01-01 00:00:00.094095149,0.094095149,0.0,111.26046,0.0,0.0,0.0,0.0,0.0,0.0,-1.5707964,0.0
1970-01-01 00:00:00.094179877,0.094179877,285.03894,0.0,0.0,0.0,0.0,0.0,0.0,0.0,-1.5707964,0.0
1970-01-01 00:00:00.094517165,0.094517165,0.0,0.0,0.0,0.0,0.0,852.2031,0.0,0.0,-1.5707964,0.0
1970-01-01 00:00:00.094648711,0.094648711,170.33511,0.0,0.0,0.0,0.0,0.0,0.0,0.0,-1.5707964,0.0
1970-01-01 00:00:00.094650168,0.094650168,0.0,0.0,106.14247,0.0,0.0,0.0,0.0,0.0,-1.5707964,0.0
1970-01-01 00:00:00.094719059,0.094719059,0.0,0.0,0.0,0.0,203.29701,0.0,0.0,0.0,-1.5707964,0.0
1970-01-01 00:00:00.094753585,0.094753585,0.0,0.0,0.0,0.0,0.0,169.67068,0.0,0.0,-1.5707964,0.0
1970-01-01 00:00:00.095039345,0.095039345,0.0,0.0,0.0,0.0,0.0,278.51553,0.0,0.0,-1.5707964,0.0
1970-01-01 00:00:00.095092261,0.095092261,404.89032,0.0,0.0,0.0,0.0,0.0,0.0,0.0,-1.5707964,0.0
1970-01-01 00:00:00.095314273,0.095314273,0.0,431.43195,0.0,0.0,0.0,0.0,0.0,0.0,-1.5707964,0.0
1970-01-01 00:00:00.095551797,0.095551797,390.2675,0.0,0.0,0.0,0.0,0.0,0.0,0.0,-1.5707964,0.0
1970-01-01 00:00:00.095743827,0.095743827,0.0,609.17645,0.0,0.0,0.0,0.0,0.0,0.0,-1.5707964,0.0
1970-01-01 00:00:00.095842578,0.095842578,274.79523,0.0,0.0,0.0,0.0,0.0,0.0,0.0,-1.5707964,0.0
1970-01-01 00:00:00.095951478,0.095951478,0.0,0.0,0.0,0.0,0.0,91.163666,0.0,0.0,-1.5707964,0.0
1970-01-01 00:00:00.096004055,0.096004055,0.0,0.0,116.34508,0.0,0.0,0.0,0.0,0.0,-1.5707964,0.0
1970-01-01 00:00:00.096088115,0.096088115,0.0,0.0,104.43818,0.0,0.0,0.0,0.0,0.0,-1.5707964,0.0
1970-01-01 00:00:00.096856629,0.096856629,0.0,172.46938,0.0,0.0,0.0,0.0,0.0,0.0,-1.5707964,0.0
1970-01-01 00:00:00.096956939,0.096956939,0.0,0.0,0.0,0.0,0.0,94.32951,0.0,0.0,-1.5707964,0.0
1970-01-01 00:00:00.097258610,0.09725861,0.0,235.44594,0.0,0.0,0.0,0.0,0.0,0.0,-1.5707964,0.0
1970-01-01 00:00:00.097569874,0.097569874,0.0,0.0,0.0,897.8464,0.0,0.0,0.0,0.0,-1.5707964,0.0
1970-01-01 00:00:00.097648881,0.097648881,0.0,0.0,0.0,0.0,0.0,219.581,0.0,0.0,-1.5707964,0.0
1970-01-01 00:00:00.097783203,0.097783203,0.0,0.0,0.0,0.0,0.0,1355.6921,0.0,0.0,-1.5707964,0.0
1970-01-01 00:00:00.097841925,0.097841925,0.0,513.8858,0.0,0.0,0.0,0.0,0.0,0.0,-1.5707964,0.0
1970-01-01 00:00:00.097880990,0.09788099,164.55989,0.0,0.0,0.0,0.0,0.0,0.0,0.0,-1.5707964,0.0
1970-01-01 00:00:00.097923539,0.097923539,0.0,159.28745,0.0,0.0,0.0,0.0,0.0,0.0,-1.5707964,0.0
1970-01-01 00:00:00.098120554,0.098120554,0.0,318.31628,0.0,0.0,0.0,0.0,0.0,0.0,-1.5707964,0.0
1970-01-01 00:00:00.098446589,0.098446589,0.0,0.0,0.0,0.0,0.0,253.45271,0.0,0.0,-1.5707964,0.0
1970-01-01 00:00:00.098449501,0.098449501,0.0,0.0,0.0,0.0,0.0,256.81625,0.0,0.0,-1.5707964,0.0
1970-01-01 00:00:00.098830744,0.098830744,0.0,0.0,134.17923,0.0,0.0,0.0,0.0,0.0,-1.5707964,0.0
1970-01-01 00:00:00.098912109,0.098912109,0.0,0.0,0.0,0.0,198.9447,0.0,0.0,0.0,-1.5707964,0.0
1970-01-01 00:00:00.098915510,0.09891551,949.12494,0.0,0.0,0.0,0.0,0.0,0.0,0.0,-1.5707964,0.0
1970-01-01 00:00:00.099365219,0.099365219,0.0,222.96056,0.0,0.0,0.0,0.0,0.0,0.0,-1.5707964,0.0
1970-01-01 00:00:00.099379738,0.099379738,0.0,0.0,0.0,0.0,0.0,201.5104,0.0,0.0,-1.5707964,0.0
1970-01-01 00:00:00.099645141,0.099645141,0.0,0.0,0.0,0.0,0.0,82.87246,0.0,0.0,-1.5707964,0.0
1970-01-01 00:00:00.099711013,0.099711013,0.0,0.0,0.0,0.0,0.0,316.56912,0.0,0.0,-1.5707964,0.0
1970-01-01 00:00:00.099762096,0.099762096,95.72112,0.0,0.0,0.0,0.0,0.0,0.0,0.0,-1.5707964,0.0
1970-01-01 00:00:00.099836282,0.099836282,0.0,0.0,0.0,0.0,0.0,152.70079,0.0,0.0,-1.5707964,0.0
1970-01-01 00:00:00.099896426,0.099896426,0.0,99.69449,0.0,0.0,0.0,0.0,0.0,0.0,-1.5707964,0.0
1970-01-01 00:00:00.099979949,0.099979949,123.05036,0.0,0.0,0.0,0.0,0.0,0.0,0.0,-1.5707964,0.0
1970-01-01 00:00:00.100208996,0.100208996,0.0,110.0318,0.0,0.0,0.0,0.0,0.0,0.0,-1.5707964,0.0
1970-01-01 00:00:00.100464505,0.100464505,0.0,334.03607,0.0,0.0,0.0,0.0,0.0,0.0,-1.5707964,0.0
1970-01-01 00:00:00.100507273,0.100507273,0.0,0.0,0.0,284.45236,0.0,0.0,0.0,0.0,-1.5707964,0.0
1970-01-01 00:00:00.100536077,0.100536077,0.0,220.49248,0.0,0.0,0.0,0.0,0.0,0.0,-1.5707964,0.0
1970-01-01 00:00:00.100664469,0.100664469,0.0,229.82779,0.0,0.0,0.0,0.0,0.0,0.0,-1.5707964,0.0
1970-01-01 00:00:00.100906021,0.100906021,0.0,0.0,0.0,750.7499,0.0,0.0,0.0,0.0,-1.5707964,0.0
1970-01-01 00:00:00.101174249,0.101174249,418.25787,0.0,0.0,0.0,0.0,0.0,0.0,0.0,-1.5707964,0.0
1970-01-01 00:00:00.101229037,0.101229037,0.0,0.0,0.0,243.02042,0.0,0.0,0.0,0.0,-1.5707964,0.0
1970-01-01 00:00:00.101254100,0.1012541,0.0,0.0,0.0,242.28893,0.0,0.0,0.0,0.0,-1.5707964,0.0
1970-01-01 00:00:00.101652156,0.101652156,0.0,0.0,0.0,0.0,0.0,100.79538,0.0,0.0,-1.5707964,0.0
1970-01-01 00:00:00.101745997,0.101745997,0.0,0.0,406.76636,0.0,0.0,0.0,0.0,0.0,-1.5707964,0.0
1970-01-01 00:00:00.101916503,0.101916503,0.0,100.247116,0.0,0.0,0.0,0.0,0.0,0.0,-1.5707964,0.0
1970-01-01 00:00:00.101959789,0.101959789,0.0,0.0,0.0,0.0,0.0,245.84848,0.0,0.0,-1.5707964,0.0
1970-01-01 00:00:00.102706645,0.102706645,0.0,0.0,0.0,0.0,0.0,197.56685,0.0,0.0,-1.5707964,0.0
1970-01-01 00:00:00.102718604,0.102718604,0.0,0.0,0.0,0.0,0.0,151.62407,0.0,0.0,-1.5707964,0.0
1970-01-01 00:00:00.102718725,0.102718725,0.0,0.0,0.0,0.0,615.55743,0.0,0.0,0.0,-1.5707964,0.0
1970-01-01 00:00:00.102722311,0.102722311,84.09567,0.0,0.0,0.0,0.0,0.0,0.0,0.0,-1.5707964,0.0
1970-01-01 00:00:00.102954160,0.10295416,0.0,0.0,0.0,0.0,0.0,238.52983,0.0,0.0,-1.5707964,0.0
1970-01-01 00:00:00.102992236,0.102992236,0.0,0.0,0.0,0.0,0.0,313.1512,0.0,0.0,-1.5707964,0.0
1970-01-01 00:00:00.103015763,0.103015763,0.0,0.0,0.0,0.0,0.0,342.0696,0.0,0.0,-1.5707964,0.0
1970-01-01 00:00:00.103234874,0.103234874,628.92334,0.0,0.0,0.0,0.0,0.0,0.0,0.0,-1.5707964,0.0
1970-01-01 00:00:00.103285074,0.103285074,0.0,402.06543,0.0,0.0,0.0,0.0,0.0,0.0,-1.5707964,0.0
1970-01-01 00:00:00.103738879,0.103738879,321.693,0.0,0.0,0.0,0.0,0.0,0.0,0.0,-1.5707964,0.0
1970-01-01 00:00:00.103754784,0.103754784,0.0,0.0,0.0,0.0,0.0,433.11218,0.0,0.0,-1.5707964,0.0
1970-01-01 00:00:00.104055379,0.104055379,172.98674,0.0,0.0,0.0,0.0,0.0,0.0,0.0,-1.5707964,0.0
1970-01-01 00:00:00.104055379,0.104055379,0.0,0.0,0.0,0.0,0.0,778.2692,0.0,0.0,-1.5707964,0.0
1970-01-01 00:00:00.104065359,0.104065359,248.11292,0.0,0.0,0.0,0.0,0.0,0.0,0.0,-1.5707964,0.0
1970-01-01 00:00:00.104105174,0.104105174,122.66547,0.0,0.0,0.0,0.0,0.0,0.0,0.0,-1.5707964,0.0
1970-01-01 00:00:00.104109130,0.10410913,0.0,0.0,0.0,0.0,168.62593,0.0,0.0,0.0,-1.5707964,0.0
1970-01-01 00:00:00.104183844,0.104183844,0.0,0.0,0.0,0.0,0.0,180.83383,0.0,0.0,-1.5707964,0.0
1970-01-01 00:00:00.104356418,0.104356418,0.0,293.38693,0.0,0.0,0.0,0.0,0.0,0.0,-1.5707964,0.0
1970-01-01 00:00:00.104358008,0.104358008,0.0,0.0,1247.3674,0.0,0.0,0.0,0.0,0.0,-1.5707964,0.0
1970-01-01 00:00:00.104361282,0.104361282,0.0,676.91797,0.0,0.0,0.0,0.0,0.0,0.0,-1.5707964,0.0
1970-01-01 00:00:00.104437820,0.10443782,0.0,291.73248,0.0,0.0,0.0,0.0,0.0,0.0,-1.5707964,0.0
1970-01-01 00:00:00.104505426,0.104505426,0.0,0.0,0.0,0.0,317.32846,0.0,0.0,0.0,-1.5707964,0.0
1970-01-01 00:00:00.105108990,0.10510899,0.0,263.28366,0.0,0.0,0.0,0.0,0.0,0.0,-1.5707964,0.0
1970-01-01 00:00:00.105195684,0.105195684,336.81213,0.0,0.0,0.0,0.0,0.0,0.0,0.0,-1.5707964,0.0
1970-01-01 00:00:00.105255955,0.105255955,0.0,208.29358,0.0,0.0,0.0,0.0,0.0,0.0,-1.5707964,0.0
1970-01-01 00:00:00.105299298,0.105299298,0.0,215.33647,0.0,0.0,0.0,0.0,0.0,0.0,-1.5707964,0.0
1970-01-01 00:00:00.105302842,0.105302842,0.0,0.0,0.0,0.0,0.0,1117.8125,0.0,0.0,-1.5707964,0.0
1970-01-01 00:00:00.105351055,0.105351055,0.0,0.0,0.0,0.0,0.0,530.72943,0.0,0.0,-1.5707964,0.0
1970-01-01 00:00:00.105616936,0.105616936,0.0,0.0,0.0,0.0,0.0,309.34036,0.0,0.0,-1.5707964,0.0
1970-01-01 00:00:00.105824493,0.105824493,0.0,0.0,0.0,0.0,0.0,535.4986,0.0,0.0,-1.5707964,0.0
1970-01-01 00:00:00.106044060,0.10604406,0.0,0.0,0.0,0.0,0.0,469.83383,0.0,0.0,-1.5707964,0.0
1970-01-01 00:00:00.106096391,0.106096391,0.0,100.0725,0.0,0.0,0.0,0.0,0.0,0.0,-1.5707964,0.0
1970-01-01 00:00:00.106211132,0.106211132,0.0,115.77257,0.0,0.0,0.0,0.0,0.0,0.0,-1.5707964,0.0
1970-01-01 00:00:00.106236488,0.106236488,102.97262,0.0,0.0,0.0,0.0,0.0,0.0,0.0,-1.5707964,0.0
1970-01-01 00:00:00.106389984,0.106389984,0.0,352.86832,0.0,0.0,0.0,0.0,0.0,0.0,-1.5707964,0.0
1970-01-01 00:00:00.106407564,0.106407564,119.12033,0.0,0.0,0.0,0.0,0.0,0.0,0.0,-1.5707964,0.0
1970-01-01 00:00:00.106537338,0.106537338,0.0,0.0,0.0,0.0,0.0,417.41855,0.0,0.0,-1.5707964,0.0
1970-01-01 00:00:00.106874139,0.106874139,162.91194,0.0,0.0,0.0,0.0,0.0,0.0,0.0,-1.5707964,0.0
1970-01-01 00:00:00.106950041,0.106950041,0.0,0.0,0.0,0.0,0.0,301.4102,0.0,0.0,-1.5707964,0.0
1970-01-01 00:00:00.107248824,0.107248824,0.0,0.0,0.0,0.0,0.0,808.7264,0.0,0.0,-1.5707964,0.0
1970-01-01 00:00:00.107511514,0.107511514,0.0,0.0,0.0,255.42169,0.0,0.0,0.0,0.0,-1.5707964,0.0
1970-01-01 00:00:00.107665955,0.107665955,0.0,833.07416,0.0,0.0,0.0,0.0,0.0,0.0,-1.5707964,0.0
1970-01-01 00:00:00.107929537,0.107929537,0.0,0.0,0.0,0.0,0.0,147.0695,0.0,0.0,-1.5707964,0.0
1970-01-01 00:00:00.108104138,0.108104138,301.32764,0.0,0.0,0.0,0.0,0.0,0.0,0.0,-1.5707964,0.0
1970-01-01 00:00:00.108252533,0.108252533,123.91545,0.0,0.0,0.0,0.0,0.0,0.0,0.0,-1.5707964,0.0
1970-01-01 00:00:00.108312188,0.108312188,0.0,0.0,0.0,243.67519,0.0,0.0,0.0,0.0,-1.5707964,0.0
1970-01-01 00:00:00.108517021,0.108517021,0.0,0.0,0.0,0.0,0.0,1438.6262,0.0,0.0,-1.5707964,0.0
1970-01-01 00:00:00.108563518,0.108563518,0.0,153.52571,0.0,0.0,0.0,0.0,0.0,0.0,-1.5707964,0.0
1970-01-01 00:00:00.108577342,0.108577342,0.0,0.0,0.0,0.0,0.0,348.7202,0.0,0.0,-1.5707964,0.0
1970-01-01 00:00:00.108969441,0.108969441,648.6025,0.0,0.0,0.0,0.0,0.0,0.0,0.0,-1.5707964,0.0
1970-01-01 00:00:00.108982171,0.108982171,0.0,0.0,0.0,0.0,0.0,973.79535,0.0,0.0,-1.5707964,0.0
1970-01-01 00:00:00.109023743,0.109023743,343.6649,0.0,0.0,0.0,0.0,0.0,0.0,0.0,-1.5707964,0.0
1970-01-01 00:00:00.109052488,0.109052488,135.39076,0.0,0.0,0.0,0.0,0.0,0.0,0.0,-1.5707964,0.0
1970-01-01 00:00:00.109120495,0.109120495,0.0,0.0,0.0,0.0,0.0,133.45648,0.0,0.0,-1.5707964,0.0
1970-01-01 00:00:00.109198516,0.109198516,0.0,0.0,0.0,0.0,0.0,461.6889,0.0,0.0,-1.5707964,0.0
1970-01-01 00:00:00.109385707,0.109385707,0.0,1522.8984,0.0,0.0,0.0,0.0,0.0,0.0,-1.5707964,0.0
1970-01-01 00:00:00.109450633,0.109450633,0.0,0.0,0.0,0.0,0.0,373.19846,0.0,0.0,-1.5707964,0.0
1970-01-01 00:00:00.109500084,0.109500084,0.0,0.0,0.0,0.0,0.0,514.42816,0.0,0.0,-1.5707964,0.0
1970-01-01 00:00:00.109812074,0.109812074,0.0,82.932884,0.0,0.0,0.0,0.0,0.0,0.0,-1.5707964,0.0
1970-01-01 00:00:00.109946436,0.109946436,0.0,0.0,0.0,0.0,0.0,225.78151,0.0,0.0,-1.5707964,0.0
1970-01-01 00:00:00.109958108,0.109958108,222.44345,0.0,0.0,0.0,0.0,0.0,0.0,0.0,-1.5707964,0.0
1970-01-01 00:00:00.110269236,0.110269236,0.0,0.0,0.0,0.0,0.0,135.75774,0.0,0.0,-1.5707964,0.0
1970-01-01 00:00:00.110471902,0.110471902,202.98062,0.0,0.0,0.0,0.0,0.0,0.0,0.0,-1.5707964,0.0
1970-01-01 00:00:00.110617527,0.110617527,0.0,0.0,0.0,0.0,0.0,307.0008,0.0,0.0,-1.5707964,0.0
1970-01-01 00:00:00.110768690,0.11076869,0.0,0.0,0.0,0.0,0.0,180.01637,0.0,0.0,-1.5707964,0.0
1970-01-01 00:00:00.110879204,0.110879204,0.0,0.0,0.0,0.0,0.0,1054.2181,0.0,0.0,-1.5707964,0.0
1970-01-01 00:00:00.110977242,0.110977242,0.0,229.23662,0.0,0.0,0.0,0.0,0.0,0.0,-1.5707964,0.0
1970-01-01 00:00:00.111045095,0.111045095,0.0,0.0,0.0,97.34869,0.0,0.0,0.0,0.0,-1.5707964,0.0
1970-01-01 00:00:00.111100627,0.111100627,0.0,0.0,0.0,0.0,0.0,356.09274,0.0,0.0,-1.5707964,0.0
1970-01-01 00:00:00.111167527,0.111167527,88.587456,0.0,0.0,0.0,0.0,0.0,0.0,0.0,-1.5707964,0.0
1970-01-01 00:00:00.111176696,0.111176696,0.0,80.35677,0.0,0.0,0.0,0.0,0.0,0.0,-1.5707964,0.0
1970-01-01 00:00:00.111288201,0.111288201,0.0,730.96576,0.0,0.0,0.0,0.0,0.0,0.0,-1.5707964,0.0
1970-01-01 00:00:00.111586060,0.11158606,83.15393,0.0,0.0,0.0,0.0,0.0,0.0,0.0,-1.5707964,0.0
1970-01-01 00:00:00.111822907,0.111822907,0.0,965.296,0.0,0.0,0.0,0.0,0.0,0.0,-1.5707964,0.0
1970-01-01 00:00:00.111922881,0.111922881,0.0,0.0,0.0,0.0,0.0,318.48,0.0,0.0,-1.5707964,0.0
1970-01-01 00:00:00.112011958,0.112011958,0.0,0.0,0.0,0.0,0.0,252.67596,0.0,0.0,-1.5707964,0.0
1970-01-01 00:00:00.112011958,0.112011958,0.0,0.0,0.0,0.0,0.0,88.75798,0.0,0.0,-1.5707964,0.0
1970-01-01 00:00:00.112073228,0.112073228,304.46426,0.0,0.0,0.0,0.0,0.0,0.0,0.0,-1.5707964,0.0
1970-01-01 00:00:00.112179526,0.112179526,0.0,0.0,0.0,0.0,0.0,433.13242,0.0,0.0,-1.5707964,0.0
1970-01-01 00:00:00.112335526,0.112335526,0.0,0.0,0.0,0.0,0.0,332.96387,0.0,0.0,-1.5707964,0.0
1970-01-01 00:00:00.112396706,0.112396706,0.0,0.0,0.0,0.0,0.0,105.93085,0.0,0.0,-1.5707964,0.0
1970-01-01 00:00:00.112423101,0.112423101,0.0,81.37641,0.0,0.0,0.0,0.0,0.0,0.0,-1.5707964,0.0
1970-01-01 00:00:00.112641537,0.112641537,0.0,0.0,0.0,155.35008,0.0,0.0,0.0,0.0,-1.5707964,0.0
1970-01-01 00:00:00.112854036,0.112854036,0.0,0.0,0.0,0.0,0.0,110.286514,0.0,0.0,-1.5707964,0.0
1970-01-01 00:00:00.112883085,0.112883085,0.0,0.0,0.0,0.0,0.0,612.37585,0.0,0.0,-1.5707964,0.0
1970-01-01 00:00:00.113099482,0.113099482,0.0,323.0344,0.0,0.0,0.0,0.0,0.0,0.0,-1.5707964,0.0
1970-01-01 00:00:00.113299680,0.11329968,194.76126,0.0,0.0,0.0,0.0,0.0,0.0,0.0,-1.5707964,0.0
1970-01-01 00:00:00.113362013,0.113362013,0.0,0.0,0.0,0.0,0.0,993.3221,0.0,0.0,-1.5707964,0.0
1970-01-01 00:00:00.113408352,0.113408352,0.0,0.0,0.0,0.0,0.0,858.8685,0.0,0.0,-1.5707964,0.0
1970-01-01 00:00:00.113453841,0.113453841,0.0,311.44034,0.0,0.0,0.0,0.0,0.0,0.0,-1.5707964,0.0
1970-01-01 00:00:00.113526657,0.113526657,0.0,613.99365,0.0,0.0,0.0,0.0,0.0,0.0,-1.5707964,0.0
1970-01-01 00:00:00.113586455,0.113586455,0.0,248.83409,0.0,0.0,0.0,0.0,0.0,0.0,-1.5707964,0.0
1970-01-01 00:00:00.113985523,0.113985523,0.0,0.0,0.0,0.0,0.0,199.26707,0.0,0.0,-1.5707964,0.0
1970-01-01 00:00:00.113999347,0.113999347,0.0,0.0,0.0,0.0,0.0,539.1567,0.0,0.0,-1.5707964,0.0
1970-01-01 00:00:00.114063976,0.114063976,0.0,209.67879,0.0,0.0,0.0,0.0,0.0,0.0,-1.5707964,0.0
1970-01-01 00:00:00.114093751,0.114093751,0.0,0.0,0.0,459.38367,0.0,0.0,0.0,0.0,-1.5707964,0.0
1970-01-01 00:00:00.114235721,0.114235721,0.0,258.22964,0.0,0.0,0.0,0.0,0.0,0.0,-1.5707964,0.0
1970-01-01 00:00:00.114773627,0.114773627,113.829765,0.0,0.0,0.0,0.0,0.0,0.0,0.0,-1.5707964,0.0
1970-01-01 00:00:00.114941394,0.114941394,0.0,0.0,0.0,0.0,0.0,548.1407,0.0,0.0,-1.5707964,0.0
1970-01-01 00:00:00.115225934,0.115225934,0.0,474.66788,0.0,0.0,0.0,0.0,0.0,0.0,-1.5707964,0.0
1970-01-01 00:00:00.115482539,0.115482539,0.0,0.0,0.0,0.0,0.0,481.83932,0.0,0.0,-1.5707964,0.0
1970-01-01 00:00:00.115705396,0.115705396,0.0,0.0,95.37744,0.0,0.0,0.0,0.0,0.0,-1.5707964,0.0
1970-01-01 00:00:00.115723569,0.115723569,660.6082,0.0,0.0,0.0,0.0,0.0,0.0,0.0,-1.5707964,0.0
1970-01-01 00:00:00.115985265,0.115985265,149.18936,0.0,0.0,0.0,0.0,0.0,0.0,0.0,-1.5707964,0.0
1970-01-01 00:00:00.116436176,0.116436176,300.51913,0.0,0.0,0.0,0.0,0.0,0.0,0.0,-1.5707964,0.0
1970-01-01 00:00:00.116458600,0.1164586,0.0,1039.2411,0.0,0.0,0.0,0.0,0.0,0.0,-1.5707964,0.0
1970-01-01 00:00:00.116654579,0.116654579,0.0,0.0,0.0,0.0,0.0,558.7945,0.0,0.0,-1.5707964,0.0
1970-01-01 00:00:00.116823153,0.116823153,0.0,0.0,0.0,0.0,0.0,334.78162,0.0,0.0,-1.5707964,0.0
1970-01-01 00:00:00.117405217,0.117405217,0.0,0.0,0.0,0.0,0.0,359.111,0.0,0.0,-1.5707964,0.0
1970-01-01 00:00:00.117482306,0.117482306,201.80708,0.0,0.0,0.0,0.0,0.0,0.0,0.0,-1.5707964,0.0
1970-01-01 00:00:00.117760262,0.117760262,0.0,0.0,0.0,0.0,0.0,427.7284,0.0,0.0,-1.5707964,0.0
1970-01-01 00:00:00.117791382,0.117791382,0.0,0.0,0.0,0.0,0.0,160.47182,0.0,0.0,-1.5707964,0.0
1970-01-01 00:00:00.117968000,0.117968,0.0,251.08217,0.0,0.0,0.0,0.0,0.0,0.0,-1.5707964,0.0
1970-01-01 00:00:00.118289111,0.118289111,0.0,0.0,0.0,119.66824,0.0,0.0,0.0,0.0,-1.5707964,0.0
1970-01-01 00:00:00.118695903,0.118695903,0.0,0.0,0.0,0.0,0.0,247.06642,0.0,0.0,-1.5707964,0.0
1970-01-01 00:00:00.118868172,0.118868172,0.0,0.0,0.0,0.0,0.0,92.58227,0.0,0.0,-1.5707964,0.0
1970-01-01 00:00:00.118895271,0.118895271,0.0,0.0,103.07072,0.0,0.0,0.0,0.0,0.0,-1.5707964,0.0
1970-01-01 00:00:00.118986368,0.118986368,0.0,812.84735,0.0,0.0,0.0,0.0,0.0,0.0,-1.5707964,0.0
1970-01-01 00:00:00.119144069,0.119144069,255.16515,0.0,0.0,0.0,0.0,0.0,0.0,0.0,-1.5707964,0.0
1970-01-01 00:00:00.119144273,0.119144273,0.0,1039.9302,0.0,0.0,0.0,0.0,0.0,0.0,-1.5707964,0.0
1970-01-01 00:00:00.119189212,0.119189212,0.0,0.0,0.0,0.0,0.0,597.97424,0.0,0.0,-1.5707964,0.0
1970-01-01 00:00:00.119273812,0.119273812,0.0,293.12137,0.0,0.0,0.0,0.0,0.0,0.0,-1.5707964,0.0
1970-01-01 00:00:00.119287912,0.119287912,0.0,411.4239,0.0,0.0,0.0,0.0,0.0,0.0,-1.5707964,0.0
1970-01-01 00:00:00.119327596,0.119327596,0.0,0.0,0.0,0.0,0.0,271.9682,0.0,0.0,-1.5707964,0.0
1970-01-01 00:00:00.119410943,0.119410943,324.81418,0.0,0.0,0.0,0.0,0.0,0.0,0.0,-1.5707964,0.0
1970-01-01 00:00:00.119488600,0.1194886,0.0,0.0,0.0,0.0,0.0,285.34924,0.0,0.0,-1.5707964,0.0
1970-01-01 00:00:00.119876662,0.119876662,0.0,0.0,0.0,0.0,0.0,225.29112,0.0,0.0,-1.5707964,0.0
1970-01-01 00:00:00.119946421,0.119946421,0.0,154.85974,0.0,0.0,0.0,0.0,0.0,0.0,-1.5707964,0.0
1970-01-01 00:00:00.120089323,0.120089323,0.0,0.0,0.0,0.0,0.0,574.5217,0.0,0.0,-1.5707964,0.0
1970-01-01 00:00:00.120132774,0.120132774,0.0,0.0,0.0,0.0,83.31047,0.0,0.0,0.0,-1.5707964,0.0
1970-01-01 00:00:00.120157469,0.120157469,0.0,0.0,0.0,0.0,0.0,334.74323,0.0,0.0,-1.5707964,0.0
1970-01-01 00:00:00.120191717,0.120191717,0.0,0.0,108.79693,0.0,0.0,0.0,0.0,0.0,-1.5707964,0.0
1970-01-01 00:00:00.120305839,0.120305839,0.0,0.0,0.0,0.0,790.2029,0.0,0.0,0.0,-1.5707964,0.0
1970-01-01 00:00:00.120312157,0.120312157,0.0,0.0,0.0,0.0,0.0,110.45963,0.0,0.0,-1.5707964,0.0
1970-01-01 00:00:00.120466359,0.120466359,373.5953,0.0,0.0,0.0,0.0,0.0,0.0,0.0,-1.5707964,0.0
1970-01-01 00:00:00.120490885,0.120490885,0.0,274.54684,0.0,0.0,0.0,0.0,0.0,0.0,-1.5707964,0.0
1970-01-01 00:00:00.120633449,0.120633449,0.0,581.82196,0.0,0.0,0.0,0.0,0.0,0.0,-1.5707964,0.0
1970-01-01 00:00:00.120840702,0.120840702,0.0,0.0,0.0,0.0,0.0,429.9646,0.0,0.0,-1.5707964,0.0
1970-01-01 00:00:00.121021764,0.121021764,0.0,0.0,0.0,0.0,0.0,105.55518,0.0,0.0,-1.5707964,0.0
1970-01-01 00:00:00.121570575,0.121570575,0.0,0.0,0.0,0.0,0.0,138.15356,0.0,0.0,-1.5707964,0.0
1970-01-01 00:00:00.121680857,0.121680857,221.36296,0.0,0.0,0.0,0.0,0.0,0.0,0.0,-1.5707964,0.0
1970-01-01 00:00:00.121718608,0.121718608,0.0,0.0,0.0,0.0,0.0,439.1572,0.0,0.0,-1.5707964,0.0
1970-01-01 00:00:00.121756463,0.121756463,0.0,0.0,0.0,0.0,0.0,703.33936,0.0,0.0,-1.5707964,0.0
1970-01-01 00:00:00.122248452,0.122248452,0.0,161.44925,0.0,0.0,0.0,0.0,0.0,0.0,-1.5707964,0.0
1970-01-01 00:00:00.122248452,0.122248452,0.0,0.0,0.0,0.0,0.0,152.06194,0.0,0.0,-1.5707964,0.0
1970-01-01 00:00:00.122397685,0.122397685,0.0,0.0,0.0,0.0,0.0,574.5576,0.0,0.0,-1.5707964,0.0
1970-01-01 00:00:00.122451129,0.122451129,0.0,0.0,0.0,0.0,0.0,389.01617,0.0,0.0,-1.5707964,0.0
1970-01-01 00:00:00.122961049,0.122961049,0.0,0.0,0.0,0.0,0.0,100.96552,0.0,0.0,-1.5707964,0.0
1970-01-01 00:00:00.123021293,0.123021293,0.0,0.0,0.0,0.0,0.0,222.82619,0.0,0.0,-1.5707964,0.0
1970-01-01 00:00:00.123033461,0.123033461,0.0,0.0,344.35788,0.0,0.0,0.0,0.0,0.0,-1.5707964,0.0
1970-01-01 00:00:00.123036582,0.123036582,0.0,0.0,0.0,0.0,0.0,119.02589,0.0,0.0,-1.5707964,0.0
1970-01-01 00:00:00.123042487,0.123042487,598.1022,0.0,0.0,0.0,0.0,0.0,0.0,0.0,-1.5707964,0.0
1970-01-01 00:00:00.123068810,0.12306881,0.0,0.0,0.0,0.0,0.0,207.39862,0.0,0.0,-1.5707964,0.0
1970-01-01 00:00:00.123279349,0.123279349,0.0,208.17802,0.0,0.0,0.0,0.0,0.0,0.0,-1.5707964,0.0
1970-01-01 00:00:00.123316175,0.123316175,0.0,0.0,0.0,0.0,0.0,464.21347,0.0,0.0,-1.5707964,0.0
1970-01-01 00:00:00.123482603,0.123482603,0.0,434.2331,0.0,0.0,0.0,0.0,0.0,0.0,-1.5707964,0.0
1970-01-01 00:00:00.123623663,0.123623663,0.0,555.2579,0.0,0.0,0.0,0.0,0.0,0.0,-1.5707964,0.0
1970-01-01 00:00:00.123667061,0.123667061,0.0,0.0,0.0,0.0,0.0,270.0847,0.0,0.0,-1.5707964,0.0
1970-01-01 00:00:00.124067629,0.124067629,0.0,0.0,0.0,0.0,0.0,87.87419,0.0,0.0,-1.5707964,0.0
1970-01-01 00:00:00.124192069,0.124192069,0.0,361.40482,0.0,0.0,0.0,0.0,0.0,0.0,-1.5707964,0.0
1970-01-01 00:00:00.124493831,0.124493831,0.0,141.29498,0.0,0.0,0.0,0.0,0.0,0.0,-1.5707964,0.0
1970-01-01 00:00:00.124610190,0.12461019,0.0,172.59677,0.0,0.0,0.0,0.0,0.0,0.0,-1.5707964,0.0
1970-01-01 00:00:00.124721735,0.124721735,0.0,0.0,0.0,417.90674,0.0,0.0,0.0,0.0,-1.5707964,0.0
1970-01-01 00:00:00.124743884,0.124743884,317.16092,0.0,0.0,0.0,0.0,0.0,0.0,0.0,-1.5707964,0.0
1970-01-01 00:00:00.124775756,0.124775756,106.19576,0.0,0.0,0.0,0.0,0.0,0.0,0.0,-1.5707964,0.0
1970-01-01 00:00:00.125045636,0.125045637,888.4149,0.0,0.0,0.0,0.0,0.0,0.0,0.0,-1.5707964,0.0
1970-01-01 00:00:00.125228556,0.125228557,0.0,0.0,0.0,0.0,375.63626,0.0,0.0,0.0,-1.5707964,0.0
1970-01-01 00:00:00.125330248,0.125330248,0.0,0.0,0.0,0.0,0.0,169.15985,0.0,0.0,-1.5707964,0.0
1970-01-01 00:00:00.125387079,0.125387079,601.2804,0.0,0.0,0.0,0.0,0.0,0.0,0.0,-1.5707964,0.0
1970-01-01 00:00:00.125697087,0.125697087,0.0,0.0,0.0,0.0,0.0,87.021126,0.0,0.0,-1.5707964,0.0
1970-01-01 00:00:00.125758770,0.125758771,289.72824,0.0,0.0,0.0,0.0,0.0,0.0,0.0,-1.5707964,0.0
1970-01-01 00:00:00.125935919,0.125935919,217.80815,0.0,0.0,0.0,0.0,0.0,0.0,0.0,-1.5707964,0.0
1970-01-01 00:00:00.126119403,0.126119404,194.25967,0.0,0.0,0.0,0.0,0.0,0.0,0.0,-1.5707964,0.0
1970-01-01 00:00:00.126166252,0.126166252,0.0,0.0,0.0,0.0,305.67017,0.0,0.0,0.0,-1.5707964,0.0
1970-01-01 00:00:00.126217024,0.126217024,0.0,0.0,0.0,0.0,411.02625,0.0,0.0,0.0,-1.5707964,0.0
1970-01-01 00:00:00.126229680,0.12622968,0.0,0.0,636.64325,0.0,0.0,0.0,0.0,0.0,-1.5707964,0.0
1970-01-01 00:00:00.126424924,0.126424924,0.0,0.0,0.0,0.0,624.81744,0.0,0.0,0.0,-1.5707964,0.0
1970-01-01 00:00:00.126828365,0.126828365,0.0,0.0,0.0,0.0,330.02863,0.0,0.0,0.0,-1.5707964,0.0
1970-01-01 00:00:00.127445351,0.127445351,790.8128,0.0,0.0,0.0,0.0,0.0,0.0,0.0,-1.5707964,0.0
1970-01-01 00:00:00.127496849,0.127496849,0.0,0.0,0.0,0.0,257.21436,0.0,0.0,0.0,-1.5707964,0.0
1970-01-01 00:00:00.127552068,0.127552069,0.0,495.3482,0.0,0.0,0.0,0.0,0.0,0.0,-1.5707964,0.0
1970-01-01 00:00:00.127635925,0.127635925,0.0,96.423225,0.0,0.0,0.0,0.0,0.0,0.0,-1.5707964,0.0
1970-01-01 00:00:00.127731672,0.127731673,0.0,942.581,0.0,0.0,0.0,0.0,0.0,0.0,-1.5707964,0.0
1970-01-01 00:00:00.127853836,0.127853836,160.31413,0.0,0.0,0.0,0.0,0.0,0.0,0.0,-1.5707964,0.0
1970-01-01 00:00:00.128274818,0.128274818,0.0,0.0,0.0,0.0,0.0,262.21732,0.0,0.0,-1.5707964,0.0
1970-01-01 00:00:00.128563370,0.12856337,0.0,0.0,0.0,148.16948,0.0,0.0,0.0,0.0,-1.5707964,0.0
1970-01-01 00:00:00.128809314,0.128809314,0.0,0.0,0.0,0.0,445.78247,0.0,0.0,0.0,-1.5707964,0.0
1970-01-01 00:00:00.128997336,0.128997337,0.0,337.2365,0.0,0.0,0.0,0.0,0.0,0.0,-1.5707964,0.0
1970-01-01 00:00:00.129128633,0.129128634,150.84904,0.0,0.0,0.0,0.0,0.0,0.0,0.0,-1.5707964,0.0
1970-01-01 00:00:00.129374871,0.129374871,0.0,283.54388,0.0,0.0,0.0,0.0,0.0,0.0,-1.5707964,0.0
1970-01-01 00:00:00.129889714,0.129889715,531.78674,0.0,0.0,0.0,0.0,0.0,0.0,0.0,-1.5707964,0.0
1970-01-01 00:00:00.129953038,0.129953038,0.0,353.47968,0.0,0.0,0.0,0.0,0.0,0.0,-1.5707964,0.0
1970-01-01 00:00:00.129987152,0.129987152,0.0,110.76886,0.0,0.0,0.0,0.0,0.0,0.0,-1.5707964,0.0
1970-01-01 00:00:00.130360700,0.1303607,0.0,0.0,0.0,0.0,201.21674,0.0,0.0,0.0,-1.5707964,0.0
1970-01-01 00:00:00.130464777,0.130464777,0.0,0.0,0.0,0.0,1056.6396,0.0,0.0,0.0,-1.5707964,0.0
1970-01-01 00:00:00.130689266,0.130689266,107.95539,0.0,0.0,0.0,0.0,0.0,0.0,0.0,-1.5707964,0.0
1970-01-01 00:00:00.130701507,0.130701507,0.0,485.94937,0.0,0.0,0.0,0.0,0.0,0.0,-1.5707964,0.0
1970-01-01 00:00:00.130891289,0.130891289,0.0,566.0558,0.0,0.0,0.0,0.0,0.0,0.0,-1.5707964,0.0
1970-01-01 00:00:00.131088612,0.131088612,0.0,0.0,0.0,0.0,0.0,1591.7073,0.0,0.0,-1.5707964,0.0
1970-01-01 00:00:00.131169368,0.131169368,0.0,202.45842,0.0,0.0,0.0,0.0,0.0,0.0,-1.5707964,0.0
1970-01-01 00:00:00.131232992,0.131232992,0.0,0.0,0.0,0.0,0.0,83.122025,0.0,0.0,-1.5707964,0.0
1970-01-01 00:00:00.131514407,0.131514407,0.0,0.0,0.0,322.90222,0.0,0.0,0.0,0.0,-1.5707964,0.0
1970-01-01 00:00:00.131776521,0.131776521,0.0,103.17779,0.0,0.0,0.0,0.0,0.0,0.0,-1.5707964,0.0
1970-01-01 00:00:00.131812328,0.131812328,0.0,0.0,0.0,0.0,0.0,704.78326,0.0,0.0,-1.5707964,0.0
1970-01-01 00:00:00.131950266,0.131950266,0.0,175.12074,0.0,0.0,0.0,0.0,0.0,0.0,-1.5707964,0.0
1970-01-01 00:00:00.132054932,0.132054932,0.0,0.0,0.0,0.0,0.0,121.10644,0.0,0.0,-1.5707964,0.0
1970-01-01 00:00:00.132588880,0.132588881,623.20197,0.0,0.0,0.0,0.0,0.0,0.0,0.0,-1.5707964,0.0
1970-01-01 00:00:00.132736133,0.132736133,0.0,0.0,156.54224,0.0,0.0,0.0,0.0,0.0,-1.5707964,0.0
1970-01-01 00:00:00.133026561,0.133026562,0.0,0.0,237.86938,0.0,0.0,0.0,0.0,0.0,-1.5707964,0.0
1970-01-01 00:00:00.133309809,0.133309809,0.0,249.75804,0.0,0.0,0.0,0.0,0.0,0.0,-1.5707964,0.0
1970-01-01 00:00:00.133332335,0.133332335,0.0,0.0,0.0,0.0,0.0,155.27382,0.0,0.0,-1.5707964,0.0
1970-01-01 00:00:00.133447720,0.133447721,98.05531,0.0,0.0,0.0,0.0,0.0,0.0,0.0,-1.5707964,0.0
1970-01-01 00:00:00.133555709,0.133555709,0.0,1562.7194,0.0,0.0,0.0,0.0,0.0,0.0,-1.5707964,0.0
1970-01-01 00:00:00.134299960,0.13429996,0.0,390.43365,0.0,0.0,0.0,0.0,0.0,0.0,-1.5707964,0.0
1970-01-01 00:00:00.134344795,0.134344795,0.0,306.45395,0.0,0.0,0.0,0.0,0.0,0.0,-1.5707964,0.0
1970-01-01 00:00:00.134775386,0.134775386,0.0,151.06328,0.0,0.0,0.0,0.0,0.0,0.0,-1.5707964,0.0
1970-01-01 00:00:00.134964191,0.134964191,437.2297,0.0,0.0,0.0,0.0,0.0,0.0,0.0,-1.5707964,0.0
1970-01-01 00:00:00.135144731,0.135144731,0.0,0.0,0.0,0.0,0.0,272.51666,0.0,0.0,-1.5707964,0.0
1970-01-01 00:00:00.135266865,0.135266865,0.0,181.58698,0.0,0.0,0.0,0.0,0.0,0.0,-1.5707964,0.0
1970-01-01 00:00:00.135513498,0.135513498,178.90707,0.0,0.0,0.0,0.0,0.0,0.0,0.0,-1.5707964,0.0
1970-01-01 00:00:00.135792043,0.135792043,0.0,0.0,0.0,0.0,0.0,292.996,0.0,0.0,-1.5707964,0.0
1970-01-01 00:00:00.135904919,0.135904919,0.0,0.0,0.0,0.0,181.6374,0.0,0.0,0.0,-1.5707964,0.0
1970-01-01 00:00:00.135922604,0.135922604,0.0,0.0,1354.4406,0.0,0.0,0.0,0.0,0.0,-1.5707964,0.0
1970-01-01 00:00:00.135982183,0.135982183,0.0,151.69566,0.0,0.0,0.0,0.0,0.0,0.0,-1.5707964,0.0
1970-01-01 00:00:00.136021494,0.136021494,0.0,0.0,0.0,0.0,0.0,144.35887,0.0,0.0,-1.5707964,0.0
1970-01-01 00:00:00.136041591,0.136041591,0.0,0.0,187.13731,0.0,0.0,0.0,0.0,0.0,-1.5707964,0.0
1970-01-01 00:00:00.136139009,0.136139009,0.0,0.0,0.0,88.30667,0.0,0.0,0.0,0.0,-1.5707964,0.0
1970-01-01 00:00:00.136148805,0.136148805,0.0,0.0,0.0,374.45355,0.0,0.0,0.0,0.0,-1.5707964,0.0
1970-01-01 00:00:00.136317693,0.136317693,0.0,905.53625,0.0,0.0,0.0,0.0,0.0,0.0,-1.5707964,0.0
1970-01-01 00:00:00.136430366,0.136430366,0.0,0.0,243.9796,0.0,0.0,0.0,0.0,0.0,-1.5707964,0.0
1970-01-01 00:00:00.136464206,0.136464206,0.0,0.0,0.0,238.31789,0.0,0.0,0.0,0.0,-1.5707964,0.0
1970-01-01 00:00:00.136497562,0.136497562,107.555626,0.0,0.0,0.0,0.0,0.0,0.0,0.0,-1.5707964,0.0
1970-01-01 00:00:00.136805301,0.136805301,0.0,950.22,0.0,0.0,0.0,0.0,0.0,0.0,-1.5707964,0.0
1970-01-01 00:00:00.136810159,0.136810159,253.44058,0.0,0.0,0.0,0.0,0.0,0.0,0.0,-1.5707964,0.0
1970-01-01 00:00:00.137041355,0.137041355,0.0,0.0,0.0,0.0,0.0,782.44836,0.0,0.0,-1.5707964,0.0
1970-01-01 00:00:00.137303575,0.137303575,0.0,283.35654,0.0,0.0,0.0,0.0,0.0,0.0,-1.5707964,0.0
1970-01-01 00:00:00.137392959,0.137392959,0.0,0.0,0.0,0.0,0.0,155.93544,0.0,0.0,-1.5707964,0.0
1970-01-01 00:00:00.137394317,0.137394317,468.53528,0.0,0.0,0.0,0.0,0.0,0.0,0.0,-1.5707964,0.0
1970-01-01 00:00:00.137425907,0.137425907,110.11848,0.0,0.0,0.0,0.0,0.0,0.0,0.0,-1.5707964,0.0
1970-01-01 00:00:00.137446820,0.13744682,0.0,0.0,0.0,0.0,145.18352,0.0,0.0,0.0,-1.5707964,0.0
1970-01-01 00:00:00.137679269,0.137679269,0.0,0.0,0.0,589.7585,0.0,0.0,0.0,0.0,-1.5707964,0.0
1970-01-01 00:00:00.137880568,0.137880568,0.0,0.0,0.0,0.0,222.39128,0.0,0.0,0.0,-1.5707964,0.0
1970-01-01 00:00:00.137961970,0.13796197,168.24838,0.0,0.0,0.0,0.0,0.0,0.0,0.0,-1.5707964,0.0
1970-01-01 00:00:00.138284239,0.138284239,0.0,153.4521,0.0,0.0,0.0,0.0,0.0,0.0,-1.5707964,0.0
1970-01-01 00:00:00.138288157,0.138288157,0.0,0.0,0.0,121.12375,0.0,0.0,0.0,0.0,-1.5707964,0.0
1970-01-01 00:00:00.138300383,0.138300383,243.58998,0.0,0.0,0.0,0.0,0.0,0.0,0.0,-1.5707964,0.0
1970-01-01 00:00:00.138421304,0.138421304,0.0,1243.594,0.0,0.0,0.0,0.0,0.0,0.0,-1.5707964,0.0
1970-01-01 00:00:00.138438248,0.138438248,0.0,0.0,299.43463,0.0,0.0,0.0,0.0,0.0,-1.5707964,0.0
1970-01-01 00:00:00.138438248,0.138438248,0.0,0.0,0.0,0.0,0.0,637.26215,0.0,0.0,-1.5707964,0.0
1970-01-01 00:00:00.138479594,0.138479594,349.2448,0.0,0.0,0.0,0.0,0.0,0.0,0.0,-1.5707964,0.0
1970-01-01 00:00:00.138546763,0.138546763,0.0,0.0,0.0,0.0,0.0,172.66263,0.0,0.0,-1.5707964,0.0
1970-01-01 00:00:00.138655576,0.138655576,0.0,0.0,0.0,0.0,0.0,751.5507,0.0,0.0,-1.5707964,0.0
1970-01-01 00:00:00.138781004,0.138781004,0.0,0.0,0.0,0.0,0.0,822.01044,0.0,0.0,-1.5707964,0.0
1970-01-01 00:00:00.139246299,0.139246299,0.0,0.0,0.0,0.0,0.0,341.73022,0.0,0.0,-1.5707964,0.0
1970-01-01 00:00:00.139399809,0.139399809,110.16216,0.0,0.0,0.0,0.0,0.0,0.0,0.0,-1.5707964,0.0
1970-01-01 00:00:00.139698074,0.139698074,0.0,0.0,0.0,0.0,0.0,597.8377,0.0,0.0,-1.5707964,0.0
1970-01-01 00:00:00.139757983,0.139757983,0.0,0.0,0.0,0.0,0.0,95.94333,0.0,0.0,-1.5707964,0.0
1970-01-01 00:00:00.139810031,0.139810031,0.0,493.54517,0.0,0.0,0.0,0.0,0.0,0.0,-1.5707964,0.0
1970-01-01 00:00:00.139825636,0.139825636,849.9595,0.0,0.0,0.0,0.0,0.0,0.0,0.0,-1.5707964,0.0
1970-01-01 00:00:00.139889409,0.139889409,0.0,0.0,0.0,0.0,0.0,273.21793,0.0,0.0,-1.5707964,0.0
1970-01-01 00:00:00.139940189,0.139940189,127.261246,0.0,0.0,0.0,0.0,0.0,0.0,0.0,-1.5707964,0.0
1970-01-01 00:00:00.140486759,0.140486759,0.0,0.0,0.0,0.0,753.6468,0.0,0.0,0.0,-1.5707964,0.0
1970-01-01 00:00:00.140502479,0.140502479,0.0,0.0,0.0,0.0,0.0,228.24696,0.0,0.0,-1.5707964,0.0
1970-01-01 00:00:00.140896821,0.140896821,361.93143,0.0,0.0,0.0,0.0,0.0,0.0,0.0,-1.5707964,0.0
1970-01-01 00:00:00.140981773,0.140981773,0.0,0.0,0.0,0.0,646.58374,0.0,0.0,0.0,-1.5707964,0.0
1970-01-01 00:00:00.141005857,0.141005857,0.0,261.56683,0.0,0.0,0.0,0.0,0.0,0.0,-1.5707964,0.0
1970-01-01 00:00:00.141635120,0.14163512,0.0,0.0,0.0,0.0,0.0,116.04626,0.0,0.0,-1.5707964,0.0
1970-01-01 00:00:00.141649313,0.141649313,0.0,514.26404,0.0,0.0,0.0,0.0,0.0,0.0,-1.5707964,0.0
1970-01-01 00:00:00.141768861,0.141768861,0.0,0.0,0.0,0.0,0.0,565.1583,0.0,0.0,-1.5707964,0.0
1970-01-01 00:00:00.141934000,0.141934,0.0,0.0,0.0,0.0,0.0,94.204056,0.0,0.0,-1.5707964,0.0
1970-01-01 00:00:00.142417052,0.142417052,0.0,0.0,0.0,0.0,0.0,101.59877,0.0,0.0,-1.5707964,0.0
1970-01-01 00:00:00.142417052,0.142417052,0.0,0.0,0.0,0.0,0.0,270.26532,0.0,0.0,-1.5707964,0.0
1970-01-01 00:00:00.142582274,0.142582274,0.0,846.4546,0.0,0.0,0.0,0.0,0.0,0.0,-1.5707964,0.0
1970-01-01 00:00:00.142820567,0.142820567,0.0,0.0,0.0,0.0,819.55383,0.0,0.0,0.0,-1.5707964,0.0
1970-01-01 00:00:00.143165392,0.143165392,269.40726,0.0,0.0,0.0,0.0,0.0,0.0,0.0,-1.5707964,0.0
1970-01-01 00:00:00.143380810,0.14338081,578.4528,0.0,0.0,0.0,0.0,0.0,0.0,0.0,-1.5707964,0.0
1970-01-01 00:00:00.144302755,0.144302755,0.0,0.0,0.0,0.0,0.0,564.677,0.0,0.0,-1.5707964,0.0
1970-01-01 00:00:00.144457086,0.144457086,0.0,161.76729,0.0,0.0,0.0,0.0,0.0,0.0,-1.5707964,0.0
1970-01-01 00:00:00.144869288,0.144869288,0.0,0.0,0.0,202.27252,0.0,0.0,0.0,0.0,-1.5707964,0.0
1970-01-01 00:00:00.144960272,0.144960272,0.0,274.12433,0.0,0.0,0.0,0.0,0.0,0.0,-1.5707964,0.0
1970-01-01 00:00:00.145061409,0.145061409,0.0,188.54335,0.0,0.0,0.0,0.0,0.0,0.0,-1.5707964,0.0
1970-01-01 00:00:00.145633418,0.145633418,0.0,0.0,0.0,0.0,0.0,168.29137,0.0,0.0,-1.5707964,0.0
1970-01-01 00:00:00.145790772,0.145790772,0.0,0.0,0.0,0.0,0.0,242.93933,0.0,0.0,-1.5707964,0.0
1970-01-01 00:00:00.145947356,0.145947356,0.0,0.0,0.0,0.0,0.0,95.240875,0.0,0.0,-1.5707964,0.0
1970-01-01 00:00:00.146123921,0.146123921,0.0,0.0,0.0,0.0,0.0,277.5318,0.0,0.0,-1.5707964,0.0
1970-01-01 00:00:00.146307294,0.146307294,270.4358,0.0,0.0,0.0,0.0,0.0,0.0,0.0,-1.5707964,0.0
1970-01-01 00:00:00.146417607,0.146417607,0.0,0.0,0.0,0.0,0.0,86.97719,0.0,0.0,-1.5707964,0.0
1970-01-01 00:00:00.146489366,0.146489366,0.0,0.0,0.0,0.0,252.33698,0.0,0.0,0.0,-1.5707964,0.0
1970-01-01 00:00:00.146760521,0.146760521,1121.2697,0.0,0.0,0.0,0.0,0.0,0.0,0.0,-1.5707964,0.0
1970-01-01 00:00:00.146984750,0.14698475,292.87207,0.0,0.0,0.0,0.0,0.0,0.0,0.0,-1.5707964,0.0
1970-01-01 00:00:00.147264059,0.147264059,0.0,133.96571,0.0,0.0,0.0,0.0,0.0,0.0,-1.5707964,0.0
1970-01-01 00:00:00.147289628,0.147289628,0.0,0.0,0.0,0.0,0.0,307.4747,0.0,0.0,-1.5707964,0.0
1970-01-01 00:00:00.147361365,0.147361365,0.0,0.0,0.0,0.0,0.0,191.72963,0.0,0.0,-1.5707964,0.0
1970-01-01 00:00:00.147438067,0.147438067,0.0,0.0,0.0,0.0,0.0,294.25897,0.0,0.0,-1.5707964,0.0
1970-01-01 00:00:00.147692178,0.147692178,569.18445,0.0,0.0,0.0,0.0,0.0,0.0,0.0,-1.5707964,0.0
1970-01-01 00:00:00.147748191,0.147748191,0.0,0.0,0.0,0.0,141.30182,0.0,0.0,0.0,-1.5707964,0.0
1970-01-01 00:00:00.147840599,0.147840599,165.4663,0.0,0.0,0.0,0.0,0.0,0.0,0.0,-1.5707964,0.0
1970-01-01 00:00:00.148902976,0.148902976,0.0,0.0,0.0,558.18713,0.0,0.0,0.0,0.0,-1.5707964,0.0
1970-01-01 00:00:00.149015714,0.149015714,0.0,0.0,0.0,0.0,171.42825,0.0,0.0,0.0,-1.5707964,0.0
1970-01-01 00:00:00.149953666,0.149953666,0.0,0.0,0.0,0.0,0.0,345.46262,0.0,0.0,-1.5707964,0.0
1970-01-01 00:00:00.150116506,0.150116506,0.0,0.0,0.0,0.0,0.0,664.7099,0.0,0.0,-1.5707964,0.0
1970-01-01 00:00:00.150134542,0.150134542,0.0,0.0,327.32114,0.0,0.0,0.0,0.0,0.0,-1.5707964,0.0
1970-01-01 00:00:00.150692887,0.150692887,0.0,0.0,0.0,0.0,0.0,117.40441,0.0,0.0,-1.5707964,0.0
1970-01-01 00:00:00.150806620,0.15080662,0.0,0.0,0.0,0.0,666.2254,0.0,0.0,0.0,-1.5707964,0.0
1970-01-01 00:00:00.151561295,0.151561295,0.0,0.0,0.0,0.0,409.16895,0.0,0.0,0.0,-1.5707964,0.0
1970-01-01 00:00:00.151561295,0.151561295,0.0,0.0,0.0,312.67206,0.0,0.0,0.0,0.0,-1.5707964,0.0
1970-01-01 00:00:00.151665615,0.151665615,0.0,0.0,0.0,200.17657,0.0,0.0,0.0,0.0,-1.5707964,0.0
1970-01-01 00:00:00.151783091,0.151783091,308.5247,0.0,0.0,0.0,0.0,0.0,0.0,0.0,-1.5707964,0.0
1970-01-01 00:00:00.151783091,0.151783091,80.40417,0.0,0.0,0.0,0.0,0.0,0.0,0.0,-1.5707964,0.0
1970-01-01 00:00:00.151792673,0.151792673,0.0,0.0,0.0,81.52031,0.0,0.0,0.0,0.0,-1.5707964,0.0
1970-01-01 00:00:00.151817806,0.151817806,0.0,294.31918,0.0,0.0,0.0,0.0,0.0,0.0,-1.5707964,0.0
1970-01-01 00:00:00.151948227,0.151948227,0.0,0.0,0.0,453.2711,0.0,0.0,0.0,0.0,-1.5707964,0.0
1970-01-01 00:00:00.152274698,0.152274698,112.63978,0.0,0.0,0.0,0.0,0.0,0.0,0.0,-1.5707964,0.0
1970-01-01 00:00:00.152576095,0.152576095,0.0,0.0,0.0,0.0,0.0,202.12434,0.0,0.0,-1.5707964,0.0
1970-01-01 00:00:00.152720392,0.152720392,0.0,0.0,0.0,0.0,0.0,318.89554,0.0,0.0,-1.5707964,0.0
1970-01-01 00:00:00.153077182,0.153077182,0.0,0.0,0.0,0.0,0.0,539.2848,0.0,0.0,-1.5707964,0.0
1970-01-01 00:00:00.153129418,0.153129418,0.0,0.0,0.0,0.0,96.45203,0.0,0.0,0.0,-1.5707964,0.0
1970-01-01 00:00:00.153348228,0.153348228,0.0,0.0,0.0,0.0,0.0,254.83894,0.0,0.0,-1.5707964,0.0
1970-01-01 00:00:00.153409660,0.15340966,0.0,0.0,0.0,0.0,0.0,284.4041,0.0,0.0,-1.5707964,0.0
1970-01-01 00:00:00.153432663,0.153432663,0.0,265.81027,0.0,0.0,0.0,0.0,0.0,0.0,-1.5707964,0.0
1970-01-01 00:00:00.153483911,0.153483911,0.0,0.0,0.0,0.0,0.0,190.474,0.0,0.0,-1.5707964,0.0
1970-01-01 00:00:00.153484344,0.153484344,133.67125,0.0,0.0,0.0,0.0,0.0,0.0,0.0,-1.5707964,0.0
1970-01-01 00:00:00.153570532,0.153570532,0.0,0.0,0.0,0.0,0.0,254.85367,0.0,0.0,-1.5707964,0.0
1970-01-01 00:00:00.153745950,0.15374595,0.0,248.0941,0.0,0.0,0.0,0.0,0.0,0.0,-1.5707964,0.0
1970-01-01 00:00:00.154020517,0.154020517,176.29065,0.0,0.0,0.0,0.0,0.0,0.0,0.0,-1.5707964,0.0
1970-01-01 00:00:00.154080097,0.154080097,0.0,0.0,0.0,0.0,0.0,180.32034,0.0,0.0,-1.5707964,0.0
1970-01-01 00:00:00.154215382,0.154215382,0.0,0.0,151.75664,0.0,0.0,0.0,0.0,0.0,-1.5707964,0.0
1970-01-01 00:00:00.154455633,0.154455633,162.4313,0.0,0.0,0.0,0.0,0.0,0.0,0.0,-1.5707964,0.0
1970-01-01 00:00:00.154611329,0.154611329,0.0,104.44358,0.0,0.0,0.0,0.0,0.0,0.0,-1.5707964,0.0
1970-01-01 00:00:00.154672621,0.154672621,703.378,0.0,0.0,0.0,0.0,0.0,0.0,0.0,-1.5707964,0.0
1970-01-01 00:00:00.154674173,0.154674173,0.0,0.0,0.0,152.52151,0.0,0.0,0.0,0.0,-1.5707964,0.0
1970-01-01 00:00:00.154818803,0.154818803,0.0,0.0,0.0,0.0,0.0,1009.2801,0.0,0.0,-1.5707964,0.0
1970-01-01 00:00:00.154855432,0.154855432,0.0,0.0,0.0,0.0,0.0,747.1915,0.0,0.0,-1.5707964,0.0
1970-01-01 00:00:00.155074604,0.155074604,0.0,0.0,0.0,299.0005,0.0,0.0,0.0,0.0,-1.5707964,0.0
1970-01-01 00:00:00.155265365,0.155265365,0.0,0.0,0.0,0.0,0.0,307.45966,0.0,0.0,-1.5707964,0.0
1970-01-01 00:00:00.155318811,0.155318811,0.0,0.0,0.0,0.0,0.0,119.70114,0.0,0.0,-1.5707964,0.0
1970-01-01 00:00:00.155334730,0.15533473,0.0,153.03616,0.0,0.0,0.0,0.0,0.0,0.0,-1.5707964,0.0
1970-01-01 00:00:00.155384306,0.155384306,285.5062,0.0,0.0,0.0,0.0,0.0,0.0,0.0,-1.5707964,0.0
1970-01-01 00:00:00.155539260,0.15553926,0.0,0.0,0.0,0.0,0.0,464.95728,0.0,0.0,-1.5707964,0.0
1970-01-01 00:00:00.155749120,0.15574912,0.0,0.0,0.0,0.0,0.0,319.87527,0.0,0.0,-1.5707964,0.0
1970-01-01 00:00:00.155776547,0.155776547,0.0,137.85928,0.0,0.0,0.0,0.0,0.0,0.0,-1.5707964,0.0
1970-01-01 00:00:00.155837646,0.155837646,0.0,541.49084,0.0,0.0,0.0,0.0,0.0,0.0,-1.5707964,0.0
1970-01-01 00:00:00.156215213,0.156215213,0.0,0.0,0.0,95.81272,0.0,0.0,0.0,0.0,-1.5707964,0.0
1970-01-01 00:00:00.156249304,0.156249304,261.23654,0.0,0.0,0.0,0.0,0.0,0.0,0.0,-1.5707964,0.0
1970-01-01 00:00:00.156333985,0.156333985,0.0,0.0,0.0,0.0,130.5422,0.0,0.0,0.0,-1.5707964,0.0
1970-01-01 00:00:00.156551265,0.156551265,137.85822,0.0,0.0,0.0,0.0,0.0,0.0,0.0,-1.5707964,0.0
1970-01-01 00:00:00.156564370,0.15656437,587.0264,0.0,0.0,0.0,0.0,0.0,0.0,0.0,-1.5707964,0.0
1970-01-01 00:00:00.156727692,0.156727692,0.0,0.0,810.0565,0.0,0.0,0.0,0.0,0.0,-1.5707964,0.0
1970-01-01 00:00:00.156826742,0.156826742,0.0,0.0,0.0,0.0,396.66534,0.0,0.0,0.0,-1.5707964,0.0
1970-01-01 00:00:00.156838989,0.156838989,0.0,0.0,0.0,0.0,469.97028,0.0,0.0,0.0,-1.5707964,0.0
1970-01-01 00:00:00.156840893,0.156840893,0.0,0.0,0.0,0.0,0.0,1843.9856,0.0,0.0,-1.5707964,0.0
1970-01-01 00:00:00.156851879,0.156851879,0.0,0.0,0.0,0.0,0.0,222.3813,0.0,0.0,-1.5707964,0.0
1970-01-01 00:00:00.157009186,0.157009186,0.0,0.0,0.0,0.0,0.0,93.413445,0.0,0.0,-1.5707964,0.0
1970-01-01 00:00:00.157155307,0.157155307,0.0,0.0,0.0,0.0,0.0,796.6102,0.0,0.0,-1.5707964,0.0
1970-01-01 00:00:00.157200309,0.157200309,0.0,196.2427,0.0,0.0,0.0,0.0,0.0,0.0,-1.5707964,0.0
1970-01-01 00:00:00.157302267,0.157302267,0.0,0.0,0.0,157.43512,0.0,0.0,0.0,0.0,-1.5707964,0.0
1970-01-01 00:00:00.157326267,0.157326267,0.0,183.0348,0.0,0.0,0.0,0.0,0.0,0.0,-1.5707964,0.0
1970-01-01 00:00:00.157463951,0.157463951,0.0,0.0,0.0,0.0,0.0,446.80444,0.0,0.0,-1.5707964,0.0
1970-01-01 00:00:00.157486136,0.157486136,0.0,0.0,0.0,0.0,468.17325,0.0,0.0,0.0,-1.5707964,0.0
1970-01-01 00:00:00.157898842,0.157898842,0.0,0.0,0.0,0.0,0.0,817.85095,0.0,0.0,-1.5707964,0.0
1970-01-01 00:00:00.158157379,0.158157379,0.0,0.0,0.0,0.0,0.0,223.82704,0.0,0.0,-1.5707964,0.0
1970-01-01 00:00:00.158367686,0.158367686,0.0,312.16956,0.0,0.0,0.0,0.0,0.0,0.0,-1.5707964,0.0
1970-01-01 00:00:00.158533970,0.15853397,0.0,0.0,0.0,0.0,0.0,131.21272,0.0,0.0,-1.5707964,0.0
1970-01-01 00:00:00.159924554,0.159924554,0.0,538.7746,0.0,0.0,0.0,0.0,0.0,0.0,-1.5707964,0.0
1970-01-01 00:00:00.159942121,0.159942121,0.0,0.0,0.0,0.0,244.34009,0.0,0.0,0.0,-1.5707964,0.0
1970-01-01 00:00:00.160614072,0.160614072,0.0,375.7327,0.0,0.0,0.0,0.0,0.0,0.0,-1.5707964,0.0
1970-01-01 00:00:00.160655418,0.160655418,87.96002,0.0,0.0,0.0,0.0,0.0,0.0,0.0,-1.5707964,0.0
1970-01-01 00:00:00.160655418,0.160655418,0.0,0.0,0.0,0.0,0.0,475.747,0.0,0.0,-1.5707964,0.0
1970-01-01 00:00:00.161270722,0.161270722,0.0,125.77063,0.0,0.0,0.0,0.0,0.0,0.0,-1.5707964,0.0
1970-01-01 00:00:00.161372103,0.161372103,0.0,0.0,0.0,0.0,0.0,95.616425,0.0,0.0,-1.5707964,0.0
1970-01-01 00:00:00.161538579,0.161538579,0.0,0.0,0.0,0.0,0.0,260.8303,0.0,0.0,-1.5707964,0.0
1970-01-01 00:00:00.161559059,0.161559059,0.0,177.09804,0.0,0.0,0.0,0.0,0.0,0.0,-1.5707964,0.0
1970-01-01 00:00:00.161954143,0.161954143,171.21315,0.0,0.0,0.0,0.0,0.0,0.0,0.0,-1.5707964,0.0
1970-01-01 00:00:00.162374518,0.162374518,211.731,0.0,0.0,0.0,0.0,0.0,0.0,0.0,-1.5707964,0.0
1970-01-01 00:00:00.162381942,0.162381942,0.0,279.055,0.0,0.0,0.0,0.0,0.0,0.0,-1.5707964,0.0
1970-01-01 00:00:00.162657596,0.162657596,0.0,0.0,0.0,0.0,0.0,238.4658,0.0,0.0,-1.5707964,0.0
1970-01-01 00:00:00.162807138,0.162807138,0.0,0.0,0.0,0.0,0.0,376.9937,0.0,0.0,-1.5707964,0.0
1970-01-01 00:00:00.163043531,0.163043531,260.07898,0.0,0.0,0.0,0.0,0.0,0.0,0.0,-1.5707964,0.0
1970-01-01 00:00:00.163182198,0.163182198,0.0,0.0,0.0,203.67403,0.0,0.0,0.0,0.0,-1.5707964,0.0
1970-01-01 00:00:00.163396242,0.163396242,0.0,0.0,0.0,0.0,0.0,768.1945,0.0,0.0,-1.5707964,0.0
1970-01-01 00:00:00.163402509,0.163402509,307.5219,0.0,0.0,0.0,0.0,0.0,0.0,0.0,-1.5707964,0.0
1970-01-01 00:00:00.163601830,0.16360183,0.0,0.0,180.37437,0.0,0.0,0.0,0.0,0.0,-1.5707964,0.0
1970-01-01 00:00:00.163907680,0.16390768,0.0,0.0,0.0,0.0,0.0,279.78427,0.0,0.0,-1.5707964,0.0
1970-01-01 00:00:00.164024216,0.164024216,0.0,0.0,0.0,0.0,0.0,485.97232,0.0,0.0,-1.5707964,0.0
1970-01-01 00:00:00.164046903,0.164046903,0.0,0.0,0.0,0.0,0.0,112.00294,0.0,0.0,-1.5707964,0.0
1970-01-01 00:00:00.164587001,0.164587001,108.625496,0.0,0.0,0.0,0.0,0.0,0.0,0.0,-1.5707964,0.0
1970-01-01 00:00:00.164664920,0.16466492,1130.403,0.0,0.0,0.0,0.0,0.0,0.0,0.0,-1.5707964,0.0
1970-01-01 00:00:00.165045556,0.165045556,0.0,182.97559,0.0,0.0,0.0,0.0,0.0,0.0,-1.5707964,0.0
1970-01-01 00:00:00.165516107,0.165516107,0.0,0.0,0.0,0.0,0.0,267.38306,0.0,0.0,-1.5707964,0.0
1970-01-01 00:00:00.165601805,0.165601805,96.11884,0.0,0.0,0.0,0.0,0.0,0.0,0.0,-1.5707964,0.0
1970-01-01 00:00:00.165796787,0.165796787,0.0,0.0,0.0,0.0,0.0,356.11038,0.0,0.0,-1.5707964,0.0
1970-01-01 00:00:00.165871899,0.165871899,123.760414,0.0,0.0,0.0,0.0,0.0,0.0,0.0,-1.5707964,0.0
1970-01-01 00:00:00.165948056,0.165948056,0.0,350.46112,0.0,0.0,0.0,0.0,0.0,0.0,-1.5707964,0.0
1970-01-01 00:00:00.165990840,0.16599084,0.0,171.09245,0.0,0.0,0.0,0.0,0.0,0.0,-1.5707964,0.0
1970-01-01 00:00:00.166306629,0.166306629,449.40308,0.0,0.0,0.0,0.0,0.0,0.0,0.0,-1.5707964,0.0
1970-01-01 00:00:00.166340997,0.166340997,0.0,247.9744,0.0,0.0,0.0,0.0,0.0,0.0,-1.5707964,0.0
1970-01-01 00:00:00.167836337,0.167836337,261.62643,0.0,0.0,0.0,0.0,0.0,0.0,0.0,-1.5707964,0.0
1970-01-01 00:00:00.167904219,0.167904219,0.0,0.0,0.0,448.0794,0.0,0.0,0.0,0.0,-1.5707964,0.0
1970-01-01 00:00:00.167963468,0.167963468,0.0,0.0,0.0,0.0,0.0,130.394,0.0,0.0,-1.5707964,0.0
1970-01-01 00:00:00.168695791,0.168695791,0.0,0.0,0.0,0.0,229.19109,0.0,0.0,0.0,-1.5707964,0.0
1970-01-01 00:00:00.168959055,0.168959055,0.0,0.0,0.0,0.0,0.0,162.26848,0.0,0.0,-1.5707964,0.0
1970-01-01 00:00:00.169256847,0.169256847,0.0,0.0,0.0,0.0,0.0,393.5575,0.0,0.0,-1.5707964,0.0
1970-01-01 00:00:00.169294445,0.169294445,0.0,0.0,0.0,174.2279,0.0,0.0,0.0,0.0,-1.5707964,0.0
1970-01-01 00:00:00.169321206,0.169321206,0.0,0.0,0.0,0.0,0.0,202.38406,0.0,0.0,-1.5707964,0.0
1970-01-01 00:00:00.170059261,0.170059261,0.0,0.0,0.0,0.0,0.0,701.1531,0.0,0.0,-1.5707964,0.0
1970-01-01 00:00:00.171427056,0.171427056,127.91506,0.0,0.0,0.0,0.0,0.0,0.0,0.0,-1.5707964,0.0
1970-01-01 00:00:00.171668281,0.171668281,0.0,1017.7672,0.0,0.0,0.0,0.0,0.0,0.0,-1.5707964,0.0
1970-01-01 00:00:00.172146348,0.172146348,127.05295,0.0,0.0,0.0,0.0,0.0,0.0,0.0,-1.5707964,0.0
1970-01-01 00:00:00.172750000,0.17275,199.0517,0.0,0.0,0.0,0.0,0.0,0.0,0.0,-1.5707964,0.0
1970-01-01 00:00:00.172784451,0.172784451,482.74078,0.0,0.0,0.0,0.0,0.0,0.0,0.0,-1.5707964,0.0
1970-01-01 00:00:00.173846061,0.173846061,0.0,0.0,105.901,0.0,0.0,0.0,0.0,0.0,-1.5707964,0.0
1970-01-01 00:00:00.174290571,0.174290571,0.0,0.0,676.41833,0.0,0.0,0.0,0.0,0.0,-1.5707964,0.0
1970-01-01 00:00:00.174373345,0.174373345,119.390434,0.0,0.0,0.0,0.0,0.0,0.0,0.0,-1.5707964,0.0
1970-01-01 00:00:00.174634195,0.174634195,0.0,0.0,0.0,0.0,0.0,92.92966,0.0,0.0,-1.5707964,0.0
1970-01-01 00:00:00.174803118,0.174803118,485.7839,0.0,0.0,0.0,0.0,0.0,0.0,0.0,-1.5707964,0.0
1970-01-01 00:00:00.175053683,0.175053683,0.0,0.0,0.0,0.0,0.0,122.529915,0.0,0.0,-1.5707964,0.0
1970-01-01 00:00:00.175533079,0.175533079,0.0,0.0,395.58688,0.0,0.0,0.0,0.0,0.0,-1.5707964,0.0
1970-01-01 00:00:00.175640176,0.175640176,0.0,0.0,0.0,340.9108,0.0,0.0,0.0,0.0,-1.5707964,0.0
1970-01-01 00:00:00.175836222,0.175836222,0.0,0.0,0.0,0.0,0.0,389.66544,0.0,0.0,-1.5707964,0.0
1970-01-01 00:00:00.176190317,0.176190317,96.85569,0.0,0.0,0.0,0.0,0.0,0.0,0.0,-1.5707964,0.0
1970-01-01 00:00:00.176215248,0.176215248,0.0,0.0,0.0,0.0,0.0,116.4705,0.0,0.0,-1.5707964,0.0
1970-01-01 00:00:00.176580918,0.176580918,0.0,0.0,137.30115,0.0,0.0,0.0,0.0,0.0,-1.5707964,0.0
1970-01-01 00:00:00.178068971,0.178068971,822.2135,0.0,0.0,0.0,0.0,0.0,0.0,0.0,-1.5707964,0.0
1970-01-01 00:00:00.178110070,0.17811007,0.0,0.0,0.0,0.0,0.0,202.19614,0.0,0.0,-1.5707964,0.0
1970-01-01 00:00:00.178440855,0.178440855,0.0,0.0,304.97073,0.0,0.0,0.0,0.0,0.0,-1.5707964,0.0
1970-01-01 00:00:00.180059450,0.18005945,0.0,439.37564,0.0,0.0,0.0,0.0,0.0,0.0,-1.5707964,0.0
1970-01-01 00:00:00.181893571,0.181893571,0.0,0.0,0.0,0.0,0.0,97.2805,0.0,0.0,-1.5707964,0.0
1970-01-01 00:00:00.182155385,0.182155385,141.2939,0.0,0.0,0.0,0.0,0.0,0.0,0.0,-1.5707964,0.0
1970-01-01 00:00:00.182395716,0.182395716,495.23575,0.0,0.0,0.0,0.0,0.0,0.0,0.0,-1.5707964,0.0
1970-01-01 00:00:00.182964524,0.182964524,891.066,0.0,0.0,0.0,0.0,0.0,0.0,0.0,-1.5707964,0.0
1970-01-01 00:00:00.184504220,0.18450422,0.0,0.0,0.0,0.0,0.0,194.48413,0.0,0.0,-1.5707964,0.0
1970-01-01 00:00:00.184716716,0.184716716,0.0,0.0,0.0,0.0,0.0,123.08719,0.0,0.0,-1.5707964,0.0
1970-01-01 00:00:00.184817987,0.184817987,288.65286,0.0,0.0,0.0,0.0,0.0,0.0,0.0,-1.5707964,0.0
1970-01-01 00:00:00.184986520,0.18498652,0.0,0.0,0.0,0.0,0.0,338.30447,0.0,0.0,-1.5707964,0.0
1970-01-01 00:00:00.185280483,0.185280483,0.0,0.0,0.0,0.0,422.0788,0.0,0.0,0.0,-1.5707964,0.0
1970-01-01 00:00:00.185735018,0.185735018,0.0,0.0,0.0,0.0,0.0,171.49619,0.0,0.0,-1.5707964,0.0
1970-01-01 00:00:00.186519535,0.186519535,0.0,0.0,0.0,0.0,0.0,136.46214,0.0,0.0,-1.5707964,0.0
1970-01-01 00:00:00.187005972,0.187005972,0.0,0.0,0.0,0.0,0.0,278.75504,0.0,0.0,-1.5707964,0.0
1970-01-01 00:00:00.187263136,0.187263136,852.57764,0.0,0.0,0.0,0.0,0.0,0.0,0.0,-1.5707964,0.0
1970-01-01 00:00:00.187337053,0.187337053,0.0,0.0,213.19511,0.0,0.0,0.0,0.0,0.0,-1.5707964,0.0
1970-01-01 00:00:00.187401139,0.187401139,0.0,0.0,287.23813,0.0,0.0,0.0,0.0,0.0,-1.5707964,0.0
1970-01-01 00:00:00.187425416,0.187425416,0.0,0.0,0.0,0.0,0.0,1142.5326,0.0,0.0,-1.5707964,0.0
1970-01-01 00:00:00.187744216,0.187744216,233.06926,0.0,0.0,0.0,0.0,0.0,0.0,0.0,-1.5707964,0.0
1970-01-01 00:00:00.187790144,0.187790144,0.0,0.0,0.0,0.0,0.0,276.89343,0.0,0.0,-1.5707964,0.0
1970-01-01 00:00:00.187920865,0.187920865,0.0,0.0,0.0,0.0,0.0,119.347206,0.0,0.0,-1.5707964,0.0
1970-01-01 00:00:00.188451373,0.188451373,152.19531,0.0,0.0,0.0,0.0,0.0,0.0,0.0,-1.5707964,0.0
1970-01-01 00:00:00.188581539,0.188581539,0.0,592.2562,0.0,0.0,0.0,0.0,0.0,0.0,-1.5707964,0.0
1970-01-01 00:00:00.188755705,0.188755705,0.0,0.0,924.1159,0.0,0.0,0.0,0.0,0.0,-1.5707964,0.0
1970-01-01 00:00:00.188936018,0.188936018,128.83592,0.0,0.0,0.0,0.0,0.0,0.0,0.0,-1.5707964,0.0
1970-01-01 00:00:00.189853370,0.18985337,0.0,0.0,0.0,0.0,0.0,101.9044,0.0,0.0,-1.5707964,0.0
1970-01-01 00:00:00.189963668,0.189963668,0.0,0.0,0.0,85.569786,0.0,0.0,0.0,0.0,-1.5707964,0.0
1970-01-01 00:00:00.190377077,0.190377077,0.0,0.0,0.0,0.0,0.0,258.02814,0.0,0.0,-1.5707964,0.0
1970-01-01 00:00:00.190513845,0.190513845,0.0,0.0,0.0,0.0,0.0,589.41223,0.0,0.0,-1.5707964,0.0
1970-01-01 00:00:00.190706826,0.190706826,0.0,0.0,0.0,0.0,0.0,279.99506,0.0,0.0,-1.5707964,0.0
1970-01-01 00:00:00.190888018,0.190888018,0.0,115.59386,0.0,0.0,0.0,0.0,0.0,0.0,-1.5707964,0.0
1970-01-01 00:00:00.191111877,0.191111877,238.56145,0.0,0.0,0.0,0.0,0.0,0.0,0.0,-1.5707964,0.0
1970-01-01 00:00:00.191238937,0.191238937,0.0,0.0,0.0,0.0,0.0,492.89575,0.0,0.0,-1.5707964,0.0
1970-01-01 00:00:00.191419002,0.191419002,0.0,0.0,0.0,0.0,0.0,112.31672,0.0,0.0,-1.5707964,0.0
1970-01-01 00:00:00.191526753,0.191526753,513.9165,0.0,0.0,0.0,0.0,0.0,0.0,0.0,-1.5707964,0.0
1970-01-01 00:00:00.192045899,0.192045899,0.0,0.0,0.0,0.0,0.0,390.21252,0.0,0.0,-1.5707964,0.0
1970-01-01 00:00:00.192219322,0.192219322,0.0,0.0,0.0,0.0,0.0,176.43112,0.0,0.0,-1.5707964,0.0
1970-01-01 00:00:00.192396152,0.192396152,0.0,185.17195,0.0,0.0,0.0,0.0,0.0,0.0,-1.5707964,0.0
1970-01-01 00:00:00.192509930,0.19250993,0.0,0.0,0.0,0.0,155.05896,0.0,0.0,0.0,-1.5707964,0.0
1970-01-01 00:00:00.192674584,0.192674584,529.46765,0.0,0.0,0.0,0.0,0.0,0.0,0.0,-1.5707964,0.0
1970-01-01 00:00:00.192731901,0.192731901,0.0,0.0,0.0,0.0,0.0,237.08653,0.0,0.0,-1.5707964,0.0
1970-01-01 00:00:00.192737904,0.192737904,0.0,0.0,425.24283,0.0,0.0,0.0,0.0,0.0,-1.5707964,0.0
1970-01-01 00:00:00.192770110,0.19277011,0.0,0.0,0.0,0.0,0.0,124.8212,0.0,0.0,-1.5707964,0.0
1970-01-01 00:00:00.192971544,0.192971544,0.0,0.0,0.0,0.0,0.0,92.027916,0.0,0.0,-1.5707964,0.0
1970-01-01 00:00:00.193845229,0.193845229,0.0,138.67311,0.0,0.0,0.0,0.0,0.0,0.0,-1.5707964,0.0
1970-01-01 00:00:00.194081771,0.194081771,0.0,0.0,0.0,0.0,0.0,670.3625,0.0,0.0,-1.5707964,0.0
1970-01-01 00:00:00.194288978,0.194288978,129.44931,0.0,0.0,0.0,0.0,0.0,0.0,0.0,-1.5707964,0.0
1970-01-01 00:00:00.194449574,0.194449574,0.0,0.0,611.2317,0.0,0.0,0.0,0.0,0.0,-1.5707964,0.0
1970-01-01 00:00:00.194489885,0.194489885,0.0,0.0,456.22986,0.0,0.0,0.0,0.0,0.0,-1.5707964,0.0
1970-01-01 00:00:00.194869338,0.194869338,0.0,268.9602,0.0,0.0,0.0,0.0,0.0,0.0,-1.5707964,0.0
1970-01-01 00:00:00.195047200,0.1950472,0.0,0.0,0.0,0.0,0.0,230.15579,0.0,0.0,-1.5707964,0.0
1970-01-01 00:00:00.195439498,0.195439498,0.0,0.0,0.0,0.0,89.74638,0.0,0.0,0.0,-1.5707964,0.0
1970-01-01 00:00:00.195685416,0.195685416,0.0,0.0,0.0,0.0,0.0,816.8152,0.0,0.0,-1.5707964,0.0
1970-01-01 00:00:00.196102738,0.196102738,0.0,0.0,0.0,0.0,0.0,118.6002,0.0,0.0,-1.5707964,0.0
1970-01-01 00:00:00.196530638,0.196530638,0.0,0.0,384.83435,0.0,0.0,0.0,0.0,0.0,-1.5707964,0.0
1970-01-01 00:00:00.196682450,0.19668245,89.211075,0.0,0.0,0.0,0.0,0.0,0.0,0.0,-1.5707964,0.0
1970-01-01 00:00:00.197250781,0.197250781,0.0,360.67694,0.0,0.0,0.0,0.0,0.0,0.0,-1.5707964,0.0
1970-01-01 00:00:00.198823191,0.198823191,198.21313,0.0,0.0,0.0,0.0,0.0,0.0,0.0,-1.5707964,0.0
1970-01-01 00:00:00.198890937,0.198890937,0.0,403.10275,0.0,0.0,0.0,0.0,0.0,0.0,-1.5707964,0.0
1970-01-01 00:00:00.199009881,0.199009881,0.0,0.0,0.0,0.0,0.0,2468.6619,0.0,0.0,-1.5707964,0.0
1970-01-01 00:00:00.199687962,0.199687962,233.88765,0.0,0.0,0.0,0.0,0.0,0.0,0.0,-1.5707964,0.0
1970-01-01 00:00:00.199762176,0.199762176,1212.6487,0.0,0.0,0.0,0.0,0.0,0.0,0.0,-1.5707964,0.0
1970-01-01 00:00:00.200250905,0.200250905,0.0,0.0,262.64246,0.0,0.0,0.0,0.0,0.0,-1.5707964,0.0
1970-01-01 00:00:00.200867511,0.200867511,735.06714,0.0,0.0,0.0,0.0,0.0,0.0,0.0,-1.5707964,0.0
1970-01-01 00:00:00.200876965,0.200876965,0.0,0.0,0.0,0.0,0.0,251.82597,0.0,0.0,-1.5707964,0.0
1970-01-01 00:00:00.201512100,0.2015121,0.0,0.0,0.0,0.0,0.0,488.19476,0.0,0.0,-1.5707964,0.0
1970-01-01 00:00:00.201795690,0.20179569,854.4839,0.0,0.0,0.0,0.0,0.0,0.0,0.0,-1.5707964,0.0
1970-01-01 00:00:00.202116457,0.202116457,0.0,0.0,0.0,0.0,0.0,652.7337,0.0,0.0,-1.5707964,0.0
1970-01-01 00:00:00.202116568,0.202116568,286.9146,0.0,0.0,0.0,0.0,0.0,0.0,0.0,-1.5707964,0.0
1970-01-01 00:00:00.202485000,0.202485,0.0,160.17174,0.0,0.0,0.0,0.0,0.0,0.0,-1.5707964,0.0
1970-01-01 00:00:00.202503186,0.202503186,0.0,0.0,0.0,0.0,0.0,145.21556,0.0,0.0,-1.5707964,0.0
1970-01-01 00:00:00.203002174,0.203002174,129.08292,0.0,0.0,0.0,0.0,0.0,0.0,0.0,-1.5707964,0.0
1970-01-01 00:00:00.203124700,0.2031247,0.0,0.0,827.90753,0.0,0.0,0.0,0.0,0.0,-1.5707964,0.0
1970-01-01 00:00:00.203188294,0.203188294,0.0,0.0,0.0,0.0,0.0,123.279526,0.0,0.0,-1.5707964,0.0
1970-01-01 00:00:00.203256360,0.20325636,0.0,0.0,0.0,0.0,0.0,722.1224,0.0,0.0,-1.5707964,0.0
1970-01-01 00:00:00.203447167,0.203447167,0.0,0.0,0.0,0.0,213.93059,0.0,0.0,0.0,-1.5707964,0.0
1970-01-01 00:00:00.203964372,0.203964372,0.0,0.0,0.0,0.0,0.0,274.9554,0.0,0.0,-1.5707964,0.0
1970-01-01 00:00:00.204347448,0.204347448,490.85983,0.0,0.0,0.0,0.0,0.0,0.0,0.0,-1.5707964,0.0
1970-01-01 00:00:00.204731572,0.204731572,0.0,0.0,0.0,0.0,0.0,142.34491,0.0,0.0,-1.5707964,0.0
1970-01-01 00:00:00.204895268,0.204895268,0.0,0.0,0.0,0.0,0.0,414.3989,0.0,0.0,-1.5707964,0.0
1970-01-01 00:00:00.204900226,0.204900226,0.0,514.7987,0.0,0.0,0.0,0.0,0.0,0.0,-1.5707964,0.0
1970-01-01 00:00:00.205247151,0.205247151,0.0,0.0,0.0,0.0,176.46883,0.0,0.0,0.0,-1.5707964,0.0
1970-01-01 00:00:00.205405122,0.205405122,0.0,124.63165,0.0,0.0,0.0,0.0,0.0,0.0,-1.5707964,0.0
1970-01-01 00:00:00.205547366,0.205547366,0.0,0.0,0.0,0.0,0.0,197.78746,0.0,0.0,-1.5707964,0.0
1970-01-01 00:00:00.206219669,0.206219669,0.0,224.16003,0.0,0.0,0.0,0.0,0.0,0.0,-1.5707964,0.0
1970-01-01 00:00:00.206225893,0.206225893,0.0,0.0,0.0,0.0,850.0673,0.0,0.0,0.0,-1.5707964,0.0
1970-01-01 00:00:00.206225893,0.206225893,0.0,0.0,0.0,0.0,651.02985,0.0,0.0,0.0,-1.5707964,0.0
1970-01-01 00:00:00.206578588,0.206578588,0.0,365.0571,0.0,0.0,0.0,0.0,0.0,0.0,-1.5707964,0.0
1970-01-01 00:00:00.207800361,0.207800361,0.0,0.0,520.10474,0.0,0.0,0.0,0.0,0.0,-1.5707964,0.0
1970-01-01 00:00:00.208010806,0.208010806,0.0,0.0,246.74498,0.0,0.0,0.0,0.0,0.0,-1.5707964,0.0
1970-01-01 00:00:00.208135810,0.20813581,0.0,0.0,0.0,209.01193,0.0,0.0,0.0,0.0,-1.5707964,0.0
1970-01-01 00:00:00.208368142,0.208368142,0.0,167.93921,0.0,0.0,0.0,0.0,0.0,0.0,-1.5707964,0.0
1970-01-01 00:00:00.208387600,0.2083876,0.0,0.0,0.0,0.0,0.0,469.84546,0.0,0.0,-1.5707964,0.0
1970-01-01 00:00:00.209077425,0.209077425,129.17819,0.0,0.0,0.0,0.0,0.0,0.0,0.0,-1.5707964,0.0
1970-01-01 00:00:00.209554382,0.209554382,0.0,0.0,0.0,0.0,0.0,423.6332,0.0,0.0,-1.5707964,0.0
1970-01-01 00:00:00.209618114,0.209618114,0.0,0.0,0.0,0.0,0.0,439.44424,0.0,0.0,-1.5707964,0.0
1970-01-01 00:00:00.209756070,0.20975607,0.0,0.0,0.0,0.0,0.0,319.5074,0.0,0.0,-1.5707964,0.0
1970-01-01 00:00:00.209862856,0.209862856,0.0,0.0,0.0,0.0,0.0,212.96835,0.0,0.0,-1.5707964,0.0
1970-01-01 00:00:00.210020609,0.210020609,494.6664,0.0,0.0,0.0,0.0,0.0,0.0,0.0,-1.5707964,0.0
1970-01-01 00:00:00.210652417,0.210652417,0.0,0.0,0.0,0.0,0.0,201.25516,0.0,0.0,-1.5707964,0.0
1970-01-01 00:00:00.210845156,0.210845156,119.39354,0.0,0.0,0.0,0.0,0.0,0.0,0.0,-1.5707964,0.0
1970-01-01 00:00:00.210995413,0.210995413,0.0,0.0,0.0,0.0,0.0,121.04444,0.0,0.0,-1.5707964,0.0
1970-01-01 00:00:00.211084991,0.211084991,207.18962,0.0,0.0,0.0,0.0,0.0,0.0,0.0,-1.5707964,0.0
1970-01-01 00:00:00.211335306,0.211335306,0.0,0.0,204.30228,0.0,0.0,0.0,0.0,0.0,-1.5707964,0.0
1970-01-01 00:00:00.211451342,0.211451342,0.0,220.63533,0.0,0.0,0.0,0.0,0.0,0.0,-1.5707964,0.0
1970-01-01 00:00:00.211823322,0.211823322,0.0,0.0,0.0,246.56589,0.0,0.0,0.0,0.0,-1.5707964,0.0
1970-01-01 00:00:00.212159245,0.212159245,0.0,926.87415,0.0,0.0,0.0,0.0,0.0,0.0,-1.5707964,0.0
1970-01-01 00:00:00.212285724,0.212285724,0.0,0.0,0.0,0.0,0.0,133.52518,0.0,0.0,-1.5707964,0.0
1970-01-01 00:00:00.212310734,0.212310734,0.0,0.0,165.10146,0.0,0.0,0.0,0.0,0.0,-1.5707964,0.0
1970-01-01 00:00:00.212576480,0.21257648,0.0,822.66815,0.0,0.0,0.0,0.0,0.0,0.0,-1.5707964,0.0
1970-01-01 00:00:00.212709077,0.212709077,0.0,339.56934,0.0,0.0,0.0,0.0,0.0,0.0,-1.5707964,0.0
1970-01-01 00:00:00.212831126,0.212831126,199.31393,0.0,0.0,0.0,0.0,0.0,0.0,0.0,-1.5707964,0.0
1970-01-01 00:00:00.212874789,0.212874789,0.0,0.0,0.0,0.0,0.0,938.56024,0.0,0.0,-1.5707964,0.0
1970-01-01 00:00:00.213167161,0.213167161,0.0,0.0,0.0,0.0,95.66853,0.0,0.0,0.0,-1.5707964,0.0
1970-01-01 00:00:00.213292508,0.213292508,0.0,333.6598,0.0,0.0,0.0,0.0,0.0,0.0,-1.5707964,0.0
1970-01-01 00:00:00.214834690,0.21483469,347.3798,0.0,0.0,0.0,0.0,0.0,0.0,0.0,-1.5707964,0.0
1970-01-01 00:00:00.215073846,0.215073846,0.0,121.37657,0.0,0.0,0.0,0.0,0.0,0.0,-1.5707964,0.0
1970-01-01 00:00:00.216524301,0.216524301,690.59985,0.0,0.0,0.0,0.0,0.0,0.0,0.0,-1.5707964,0.0
1970-01-01 00:00:00.216757735,0.216757735,0.0,0.0,0.0,0.0,480.97903,0.0,0.0,0.0,-1.5707964,0.0
1970-01-01 00:00:00.218016200,0.2180162,0.0,0.0,0.0,0.0,0.0,91.217865,0.0,0.0,-1.5707964,0.0
1970-01-01 00:00:00.218023750,0.21802375,0.0,0.0,0.0,0.0,0.0,280.40912,0.0,0.0,-1.5707964,0.0
1970-01-01 00:00:00.218658549,0.218658549,0.0,0.0,102.48091,0.0,0.0,0.0,0.0,0.0,-1.5707964,0.0
1970-01-01 00:00:00.218817990,0.21881799,0.0,0.0,0.0,0.0,0.0,321.74503,0.0,0.0,-1.5707964,0.0
1970-01-01 00:00:00.220272241,0.220272241,0.0,228.00636,0.0,0.0,0.0,0.0,0.0,0.0,-1.5707964,0.0
1970-01-01 00:00:00.220518633,0.220518633,0.0,0.0,0.0,0.0,0.0,89.24297,0.0,0.0,-1.5707964,0.0
1970-01-01 00:00:00.220858901,0.220858901,860.65924,0.0,0.0,0.0,0.0,0.0,0.0,0.0,-1.5707964,0.0
1970-01-01 00:00:00.220872031,0.220872031,150.25278,0.0,0.0,0.0,0.0,0.0,0.0,0.0,-1.5707964,0.0
1970-01-01 00:00:00.221764051,0.221764051,108.91147,0.0,0.0,0.0,0.0,0.0,0.0,0.0,-1.5707964,0.0
1970-01-01 00:00:00.222389836,0.222389836,0.0,438.2941,0.0,0.0,0.0,0.0,0.0,0.0,-1.5707964,0.0
1970-01-01 00:00:00.222523052,0.222523052,0.0,0.0,0.0,825.1477,0.0,0.0,0.0,0.0,-1.5707964,0.0
1970-01-01 00:00:00.222747444,0.222747444,0.0,0.0,0.0,0.0,897.5147,0.0,0.0,0.0,-1.5707964,0.0
1970-01-01 00:00:00.222887869,0.222887869,0.0,0.0,108.80971,0.0,0.0,0.0,0.0,0.0,-1.5707964,0.0
1970-01-01 00:00:00.223892819,0.223892819,0.0,0.0,0.0,143.52388,0.0,0.0,0.0,0.0,-1.5707964,0.0
1970-01-01 00:00:00.224551028,0.224551028,143.0671,0.0,0.0,0.0,0.0,0.0,0.0,0.0,-1.5707964,0.0
1970-01-01 00:00:00.225405312,0.225405312,0.0,0.0,207.25645,0.0,0.0,0.0,0.0,0.0,-1.5707964,0.0
1970-01-01 00:00:00.225447043,0.225447043,0.0,360.45505,0.0,0.0,0.0,0.0,0.0,0.0,-1.5707964,0.0
1970-01-01 00:00:00.226365454,0.226365454,0.0,0.0,0.0,0.0,0.0,330.9306,0.0,0.0,-1.5707964,0.0
1970-01-01 00:00:00.227257736,0.227257736,142.55386,0.0,0.0,0.0,0.0,0.0,0.0,0.0,-1.5707964,0.0
1970-01-01 00:00:00.227272248,0.227272248,107.76714,0.0,0.0,0.0,0.0,0.0,0.0,0.0,-1.5707964,0.0
1970-01-01 00:00:00.227700206,0.227700206,0.0,0.0,0.0,0.0,354.15,0.0,0.0,0.0,-1.5707964,0.0
1970-01-01 00:00:00.227847461,0.227847461,0.0,0.0,0.0,0.0,161.36333,0.0,0.0,0.0,-1.5707964,0.0
1970-01-01 00:00:00.228199025,0.228199025,0.0,159.5509,0.0,0.0,0.0,0.0,0.0,0.0,-1.5707964,0.0
1970-01-01 00:00:00.228721572,0.228721572,0.0,0.0,209.68842,0.0,0.0,0.0,0.0,0.0,-1.5707964,0.0
1970-01-01 00:00:00.229083591,0.229083591,0.0,99.71746,0.0,0.0,0.0,0.0,0.0,0.0,-1.5707964,0.0
1970-01-01 00:00:00.229159018,0.229159018,0.0,0.0,0.0,0.0,0.0,348.09003,0.0,0.0,-1.5707964,0.0
1970-01-01 00:00:00.229521148,0.229521148,0.0,0.0,0.0,0.0,0.0,1467.4309,0.0,0.0,-1.5707964,0.0
1970-01-01 00:00:00.229816787,0.229816787,0.0,274.6834,0.0,0.0,0.0,0.0,0.0,0.0,-1.5707964,0.0
1970-01-01 00:00:00.230144451,0.230144451,0.0,0.0,0.0,0.0,0.0,607.6001,0.0,0.0,-1.5707964,0.0
1970-01-01 00:00:00.230366824,0.230366824,0.0,0.0,0.0,0.0,0.0,105.87509,0.0,0.0,-1.5707964,0.0
1970-01-01 00:00:00.230375383,0.230375383,0.0,0.0,98.42605,0.0,0.0,0.0,0.0,0.0,-1.5707964,0.0
1970-01-01 00:00:00.230852601,0.230852601,0.0,0.0,644.8995,0.0,0.0,0.0,0.0,0.0,-1.5707964,0.0
1970-01-01 00:00:00.230883972,0.230883972,236.88338,0.0,0.0,0.0,0.0,0.0,0.0,0.0,-1.5707964,0.0
1970-01-01 00:00:00.231334702,0.231334702,0.0,618.05646,0.0,0.0,0.0,0.0,0.0,0.0,-1.5707964,0.0
1970-01-01 00:00:00.231668546,0.231668546,0.0,0.0,0.0,0.0,0.0,410.37518,0.0,0.0,-1.5707964,0.0
1970-01-01 00:00:00.231668546,0.231668546,0.0,0.0,0.0,0.0,0.0,403.9049,0.0,0.0,-1.5707964,0.0
1970-01-01 00:00:00.231768929,0.231768929,481.15802,0.0,0.0,0.0,0.0,0.0,0.0,0.0,-1.5707964,0.0
1970-01-01 00:00:00.232028803,0.232028803,473.37924,0.0,0.0,0.0,0.0,0.0,0.0,0.0,-1.5707964,0.0
1970-01-01 00:00:00.232149545,0.232149545,0.0,0.0,0.0,108.16641,0.0,0.0,0.0,0.0,-1.5707964,0.0
1970-01-01 00:00:00.232217751,0.232217751,0.0,152.09332,0.0,0.0,0.0,0.0,0.0,0.0,-1.5707964,0.0
1970-01-01 00:00:00.232243742,0.232243742,307.72617,0.0,0.0,0.0,0.0,0.0,0.0,0.0,-1.5707964,0.0
1970-01-01 00:00:00.232250851,0.232250851,0.0,0.0,182.31367,0.0,0.0,0.0,0.0,0.0,-1.5707964,0.0
1970-01-01 00:00:00.232571437,0.232571437,0.0,0.0,0.0,0.0,0.0,103.789566,0.0,0.0,-1.5707964,0.0
1970-01-01 00:00:00.232829471,0.232829471,395.3438,0.0,0.0,0.0,0.0,0.0,0.0,0.0,-1.5707964,0.0
1970-01-01 00:00:00.232870553,0.232870553,0.0,0.0,0.0,0.0,0.0,108.34236,0.0,0.0,-1.5707964,0.0
1970-01-01 00:00:00.233017888,0.233017888,805.0793,0.0,0.0,0.0,0.0,0.0,0.0,0.0,-1.5707964,0.0
1970-01-01 00:00:00.233698041,0.233698041,277.43292,0.0,0.0,0.0,0.0,0.0,0.0,0.0,-1.5707964,0.0
1970-01-01 00:00:00.233763403,0.233763403,0.0,0.0,0.0,0.0,0.0,327.19968,0.0,0.0,-1.5707964,0.0
1970-01-01 00:00:00.233991825,0.233991825,98.59488,0.0,0.0,0.0,0.0,0.0,0.0,0.0,-1.5707964,0.0
1970-01-01 00:00:00.234165805,0.234165805,0.0,0.0,0.0,0.0,0.0,196.20277,0.0,0.0,-1.5707964,0.0
1970-01-01 00:00:00.234243898,0.234243898,0.0,0.0,0.0,0.0,0.0,125.43276,0.0,0.0,-1.5707964,0.0
1970-01-01 00:00:00.234718536,0.234718536,459.2061,0.0,0.0,0.0,0.0,0.0,0.0,0.0,-1.5707964,0.0
1970-01-01 00:00:00.234734168,0.234734168,185.27895,0.0,0.0,0.0,0.0,0.0,0.0,0.0,-1.5707964,0.0
1970-01-01 00:00:00.235120049,0.235120049,884.4098,0.0,0.0,0.0,0.0,0.0,0.0,0.0,-1.5707964,0.0
1970-01-01 00:00:00.236964417,0.236964417,194.40901,0.0,0.0,0.0,0.0,0.0,0.0,0.0,-1.5707964,0.0
1970-01-01 00:00:00.237083160,0.23708316,409.66583,0.0,0.0,0.0,0.0,0.0,0.0,0.0,-1.5707964,0.0
1970-01-01 00:00:00.237096503,0.237096503,0.0,0.0,0.0,0.0,530.0439,0.0,0.0,0.0,-1.5707964,0.0
1970-01-01 00:00:00.237460518,0.237460518,0.0,188.44548,0.0,0.0,0.0,0.0,0.0,0.0,-1.5707964,0.0
1970-01-01 00:00:00.237558414,0.237558414,0.0,0.0,0.0,0.0,0.0,513.5875,0.0,0.0,-1.5707964,0.0
1970-01-01 00:00:00.237660691,0.237660691,0.0,0.0,0.0,0.0,0.0,702.1477,0.0,0.0,-1.5707964,0.0
1970-01-01 00:00:00.238145223,0.238145223,107.886734,0.0,0.0,0.0,0.0,0.0,0.0,0.0,-1.5707964,0.0
1970-01-01 00:00:00.239485387,0.239485387,0.0,0.0,0.0,0.0,0.0,202.03532,0.0,0.0,-1.5707964,0.0
1970-01-01 00:00:00.239651422,0.239651422,0.0,0.0,0.0,0.0,261.35657,0.0,0.0,0.0,-1.5707964,0.0
1970-01-01 00:00:00.240284112,0.240284112,0.0,0.0,0.0,0.0,936.96094,0.0,0.0,0.0,-1.5707964,0.0
1970-01-01 00:00:00.240475115,0.240475115,0.0,90.71373,0.0,0.0,0.0,0.0,0.0,0.0,-1.5707964,0.0
1970-01-01 00:00:00.240609292,0.240609292,0.0,168.38657,0.0,0.0,0.0,0.0,0.0,0.0,-1.5707964,0.0
1970-01-01 00:00:00.240653720,0.24065372,518.21985,0.0,0.0,0.0,0.0,0.0,0.0,0.0,-1.5707964,0.0
1970-01-01 00:00:00.240676033,0.240676033,0.0,0.0,0.0,0.0,0.0,138.263,0.0,0.0,-1.5707964,0.0
1970-01-01 00:00:00.240729482,0.240729482,165.02072,0.0,0.0,0.0,0.0,0.0,0.0,0.0,-1.5707964,0.0
1970-01-01 00:00:00.240873847,0.240873847,293.74725,0.0,0.0,0.0,0.0,0.0,0.0,0.0,-1.5707964,0.0
1970-01-01 00:00:00.240948211,0.240948211,0.0,0.0,0.0,0.0,0.0,107.19419,0.0,0.0,-1.5707964,0.0
1970-01-01 00:00:00.241246394,0.241246394,0.0,0.0,0.0,0.0,0.0,182.58105,0.0,0.0,-1.5707964,0.0
1970-01-01 00:00:00.241257761,0.241257761,571.5301,0.0,0.0,0.0,0.0,0.0,0.0,0.0,-1.5707964,0.0
1970-01-01 00:00:00.241363262,0.241363262,188.48524,0.0,0.0,0.0,0.0,0.0,0.0,0.0,-1.5707964,0.0
1970-01-01 00:00:00.241614778,0.241614778,0.0,0.0,0.0,341.4946,0.0,0.0,0.0,0.0,-1.5707964,0.0
1970-01-01 00:00:00.242175495,0.242175495,0.0,0.0,0.0,0.0,108.175385,0.0,0.0,0.0,-1.5707964,0.0
1970-01-01 00:00:00.242435758,0.242435758,0.0,0.0,0.0,812.8665,0.0,0.0,0.0,0.0,-1.5707964,0.0
1970-01-01 00:00:00.242674544,0.242674544,0.0,0.0,0.0,0.0,298.66745,0.0,0.0,0.0,-1.5707964,0.0
1970-01-01 00:00:00.242772360,0.24277236,289.92862,0.0,0.0,0.0,0.0,0.0,0.0,0.0,-1.5707964,0.0
1970-01-01 00:00:00.242875481,0.242875481,0.0,0.0,0.0,0.0,0.0,140.61261,0.0,0.0,-1.5707964,0.0
1970-01-01 00:00:00.243014645,0.243014645,0.0,0.0,0.0,0.0,0.0,193.99179,0.0,0.0,-1.5707964,0.0
1970-01-01 00:00:00.243396175,0.243396175,203.43033,0.0,0.0,0.0,0.0,0.0,0.0,0.0,-1.5707964,0.0
1970-01-01 00:00:00.243432462,0.243432462,0.0,0.0,805.45306,0.0,0.0,0.0,0.0,0.0,-1.5707964,0.0
1970-01-01 00:00:00.243449273,0.243449273,0.0,0.0,0.0,0.0,0.0,245.23802,0.0,0.0,-1.5707964,0.0
1970-01-01 00:00:00.243526509,0.243526509,0.0,0.0,0.0,0.0,0.0,451.82202,0.0,0.0,-1.5707964,0.0
1970-01-01 00:00:00.244224453,0.244224453,0.0,0.0,330.35507,0.0,0.0,0.0,0.0,0.0,-1.5707964,0.0
1970-01-01 00:00:00.244316925,0.244316925,263.57394,0.0,0.0,0.0,0.0,0.0,0.0,0.0,-1.5707964,0.0
1970-01-01 00:00:00.244724322,0.244724322,0.0,0.0,0.0,0.0,0.0,294.89645,0.0,0.0,-1.5707964,0.0
1970-01-01 00:00:00.245058845,0.245058845,0.0,0.0,0.0,0.0,0.0,540.0981,0.0,0.0,-1.5707964,0.0
1970-01-01 00:00:00.245498362,0.245498362,0.0,0.0,0.0,0.0,0.0,172.01219,0.0,0.0,-1.5707964,0.0
1970-01-01 00:00:00.245791298,0.245791298,0.0,0.0,0.0,0.0,0.0,121.93905,0.0,0.0,-1.5707964,0.0
1970-01-01 00:00:00.246584406,0.246584406,0.0,0.0,0.0,0.0,0.0,536.2782,0.0,0.0,-1.5707964,0.0
1970-01-01 00:00:00.246844027,0.246844027,0.0,0.0,198.73947,0.0,0.0,0.0,0.0,0.0,-1.5707964,0.0
1970-01-01 00:00:00.247031216,0.247031216,756.10986,0.0,0.0,0.0,0.0,0.0,0.0,0.0,-1.5707964,0.0
1970-01-01 00:00:00.247269129,0.247269129,0.0,643.8739,0.0,0.0,0.0,0.0,0.0,0.0,-1.5707964,0.0
1970-01-01 00:00:00.247376150,0.24737615,0.0,754.96466,0.0,0.0,0.0,0.0,0.0,0.0,-1.5707964,0.0
1970-01-01 00:00:00.247450347,0.247450347,0.0,577.99744,0.0,0.0,0.0,0.0,0.0,0.0,-1.5707964,0.0
1970-01-01 00:00:00.247917945,0.247917945,0.0,0.0,0.0,0.0,0.0,262.4555,0.0,0.0,-1.5707964,0.0
1970-01-01 00:00:00.248037543,0.248037543,0.0,0.0,0.0,0.0,0.0,254.85994,0.0,0.0,-1.5707964,0.0
1970-01-01 00:00:00.248772570,0.24877257,0.0,222.33589,0.0,0.0,0.0,0.0,0.0,0.0,-1.5707964,0.0
1970-01-01 00:00:00.250089458,0.250089458,0.0,326.27533,0.0,0.0,0.0,0.0,0.0,0.0,-1.5707964,0.0
1970-01-01 00:00:00.250089458,0.250089458,0.0,293.96857,0.0,0.0,0.0,0.0,0.0,0.0,-1.5707964,0.0
1970-01-01 00:00:00.250194530,0.25019453,0.0,0.0,0.0,0.0,0.0,250.24217,0.0,0.0,-1.5707964,0.0
1970-01-01 00:00:00.250416664,0.250416664,137.7335,0.0,0.0,0.0,0.0,0.0,0.0,0.0,-1.5707964,0.0
1970-01-01 00:00:00.250923986,0.250923986,0.0,0.0,0.0,0.0,0.0,446.75934,0.0,0.0,-1.5707964,0.0
1970-01-01 00:00:00.251262032,0.251262032,0.0,129.72774,0.0,0.0,0.0,0.0,0.0,0.0,-1.5707964,0.0
1970-01-01 00:00:00.251357712,0.251357712,0.0,0.0,0.0,0.0,0.0,447.0767,0.0,0.0,-1.5707964,0.0
1970-01-01 00:00:00.251751689,0.251751689,0.0,0.0,239.06165,0.0,0.0,0.0,0.0,0.0,-1.5707964,0.0
1970-01-01 00:00:00.252118771,0.252118771,0.0,307.97092,0.0,0.0,0.0,0.0,0.0,0.0,-1.5707964,0.0
1970-01-01 00:00:00.252417660,0.25241766,0.0,0.0,0.0,0.0,436.5026,0.0,0.0,0.0,-1.5707964,0.0
1970-01-01 00:00:00.252434573,0.252434573,0.0,87.41132,0.0,0.0,0.0,0.0,0.0,0.0,-1.5707964,0.0
1970-01-01 00:00:00.252556761,0.252556761,0.0,642.53973,0.0,0.0,0.0,0.0,0.0,0.0,-1.5707964,0.0
1970-01-01 00:00:00.253395147,0.253395147,0.0,0.0,0.0,0.0,0.0,883.8628,0.0,0.0,-1.5707964,0.0
1970-01-01 00:00:00.253810387,0.253810387,0.0,0.0,0.0,0.0,0.0,228.4009,0.0,0.0,-1.5707964,0.0
1970-01-01 00:00:00.253866798,0.253866798,0.0,266.3366,0.0,0.0,0.0,0.0,0.0,0.0,-1.5707964,0.0
1970-01-01 00:00:00.254109776,0.254109776,235.39641,0.0,0.0,0.0,0.0,0.0,0.0,0.0,-1.5707964,0.0
1970-01-01 00:00:00.254528120,0.25452812,0.0,0.0,0.0,151.98232,0.0,0.0,0.0,0.0,-1.5707964,0.0
1970-01-01 00:00:00.254602598,0.254602598,145.78094,0.0,0.0,0.0,0.0,0.0,0.0,0.0,-1.5707964,0.0
1970-01-01 00:00:00.255225608,0.255225608,0.0,246.64433,0.0,0.0,0.0,0.0,0.0,0.0,-1.5707964,0.0
1970-01-01 00:00:00.255447981,0.255447981,0.0,0.0,0.0,99.88361,0.0,0.0,0.0,0.0,-1.5707964,0.0
1970-01-01 00:00:00.255694284,0.255694284,159.93866,0.0,0.0,0.0,0.0,0.0,0.0,0.0,-1.5707964,0.0
1970-01-01 00:00:00.255962992,0.255962992,0.0,112.887405,0.0,0.0,0.0,0.0,0.0,0.0,-1.5707964,0.0
1970-01-01 00:00:00.255995203,0.255995204,0.0,0.0,0.0,0.0,0.0,215.15302,0.0,0.0,-1.5707964,0.0
1970-01-01 00:00:00.256034547,0.256034548,1338.685,0.0,0.0,0.0,0.0,0.0,0.0,0.0,-1.5707964,0.0
1970-01-01 00:00:00.256235296,0.256235296,0.0,0.0,0.0,0.0,0.0,131.87308,0.0,0.0,-1.5707964,0.0
1970-01-01 00:00:00.256247488,0.256247488,0.0,0.0,0.0,337.93005,0.0,0.0,0.0,0.0,-1.5707964,0.0
1970-01-01 00:00:00.256332673,0.256332674,328.55002,0.0,0.0,0.0,0.0,0.0,0.0,0.0,-1.5707964,0.0
1970-01-01 00:00:00.256387392,0.256387392,0.0,290.2399,0.0,0.0,0.0,0.0,0.0,0.0,-1.5707964,0.0
1970-01-01 00:00:00.256599846,0.256599846,1596.3474,0.0,0.0,0.0,0.0,0.0,0.0,0.0,-1.5707964,0.0
1970-01-01 00:00:00.256639356,0.256639356,618.1356,0.0,0.0,0.0,0.0,0.0,0.0,0.0,-1.5707964,0.0
1970-01-01 00:00:00.256779726,0.256779726,0.0,0.0,0.0,0.0,0.0,700.59344,0.0,0.0,-1.5707964,0.0
1970-01-01 00:00:00.256836147,0.256836147,0.0,0.0,0.0,0.0,0.0,226.79085,0.0,0.0,-1.5707964,0.0
1970-01-01 00:00:00.256844173,0.256844173,0.0,244.77481,0.0,0.0,0.0,0.0,0.0,0.0,-1.5707964,0.0
1970-01-01 00:00:00.256992669,0.25699267,0.0,0.0,0.0,0.0,0.0,81.53065,0.0,0.0,-1.5707964,0.0
1970-01-01 00:00:00.257194340,0.25719434,0.0,0.0,0.0,114.209366,0.0,0.0,0.0,0.0,-1.5707964,0.0
1970-01-01 00:00:00.257231184,0.257231185,0.0,0.0,0.0,0.0,0.0,181.65651,0.0,0.0,-1.5707964,0.0
1970-01-01 00:00:00.257460888,0.257460888,135.48363,0.0,0.0,0.0,0.0,0.0,0.0,0.0,-1.5707964,0.0
1970-01-01 00:00:00.257559033,0.257559033,0.0,0.0,0.0,0.0,0.0,282.3001,0.0,0.0,-1.5707964,0.0
1970-01-01 00:00:00.257668301,0.257668301,0.0,0.0,0.0,0.0,0.0,940.3424,0.0,0.0,-1.5707964,0.0
1970-01-01 00:00:00.257688234,0.257688234,136.02895,0.0,0.0,0.0,0.0,0.0,0.0,0.0,-1.5707964,0.0
1970-01-01 00:00:00.257700527,0.257700527,115.68034,0.0,0.0,0.0,0.0,0.0,0.0,0.0,-1.5707964,0.0
1970-01-01 00:00:00.257805760,0.25780576,0.0,0.0,0.0,0.0,0.0,500.05334,0.0,0.0,-1.5707964,0.0
1970-01-01 00:00:00.257832878,0.257832878,0.0,0.0,0.0,0.0,0.0,1561.4824,0.0,0.0,-1.5707964,0.0
1970-01-01 00:00:00.257981827,0.257981827,0.0,0.0,0.0,0.0,0.0,155.7252,0.0,0.0,-1.5707964,0.0
1970-01-01 00:00:00.258162665,0.258162665,0.0,0.0,0.0,0.0,252.06732,0.0,0.0,0.0,-1.5707964,0.0
1970-01-01 00:00:00.258299983,0.258299984,129.27554,0.0,0.0,0.0,0.0,0.0,0.0,0.0,-1.5707964,0.0
1970-01-01 00:00:00.258735759,0.25873576,0.0,0.0,412.3229,0.0,0.0,0.0,0.0,0.0,-1.5707964,0.0
1970-01-01 00:00:00.258861930,0.25886193,0.0,0.0,0.0,161.20221,0.0,0.0,0.0,0.0,-1.5707964,0.0
1970-01-01 00:00:00.259070077,0.259070078,0.0,458.03143,0.0,0.0,0.0,0.0,0.0,0.0,-1.5707964,0.0
1970-01-01 00:00:00.259183461,0.259183462,0.0,0.0,0.0,0.0,0.0,222.94267,0.0,0.0,-1.5707964,0.0
1970-01-01 00:00:00.259232564,0.259232564,0.0,814.8639,0.0,0.0,0.0,0.0,0.0,0.0,-1.5707964,0.0
1970-01-01 00:00:00.259568407,0.259568407,0.0,0.0,270.3436,0.0,0.0,0.0,0.0,0.0,-1.5707964,0.0
1970-01-01 00:00:00.259805460,0.25980546,0.0,0.0,0.0,0.0,0.0,205.25235,0.0,0.0,-1.5707964,0.0
1970-01-01 00:00:00.259876950,0.25987695,0.0,0.0,0.0,0.0,0.0,105.36307,0.0,0.0,-1.5707964,0.0
1970-01-01 00:00:00.259981844,0.259981844,0.0,0.0,0.0,0.0,0.0,123.31966,0.0,0.0,-1.5707964,0.0
1970-01-01 00:00:00.260690234,0.260690234,0.0,583.5825,0.0,0.0,0.0,0.0,0.0,0.0,-1.5707964,0.0
1970-01-01 00:00:00.260775081,0.260775081,0.0,0.0,0.0,313.4587,0.0,0.0,0.0,0.0,-1.5707964,0.0
1970-01-01 00:00:00.261227184,0.261227184,0.0,383.15472,0.0,0.0,0.0,0.0,0.0,0.0,-1.5707964,0.0
1970-01-01 00:00:00.262295332,0.262295332,0.0,0.0,0.0,0.0,0.0,503.7177,0.0,0.0,-1.5707964,0.0
1970-01-01 00:00:00.262424899,0.262424899,502.16592,0.0,0.0,0.0,0.0,0.0,0.0,0.0,-1.5707964,0.0
1970-01-01 00:00:00.262515190,0.262515191,96.48211,0.0,0.0,0.0,0.0,0.0,0.0,0.0,-1.5707964,0.0
1970-01-01 00:00:00.262786807,0.262786808,0.0,0.0,0.0,0.0,0.0,690.89746,0.0,0.0,-1.5707964,0.0
1970-01-01 00:00:00.262948801,0.262948801,0.0,0.0,0.0,0.0,581.30316,0.0,0.0,0.0,-1.5707964,0.0
1970-01-01 00:00:00.263047813,0.263047813,0.0,0.0,0.0,0.0,0.0,303.33948,0.0,0.0,-1.5707964,0.0
1970-01-01 00:00:00.263070825,0.263070826,0.0,777.39105,0.0,0.0,0.0,0.0,0.0,0.0,-1.5707964,0.0
1970-01-01 00:00:00.263086321,0.263086321,0.0,553.4219,0.0,0.0,0.0,0.0,0.0,0.0,-1.5707964,0.0
1970-01-01 00:00:00.263236907,0.263236907,0.0,0.0,0.0,0.0,271.7019,0.0,0.0,0.0,-1.5707964,0.0
1970-01-01 00:00:00.263319155,0.263319155,0.0,0.0,0.0,0.0,0.0,187.10004,0.0,0.0,-1.5707964,0.0
1970-01-01 00:00:00.263611936,0.263611936,0.0,0.0,0.0,0.0,0.0,218.98997,0.0,0.0,-1.5707964,0.0
1970-01-01 00:00:00.263941953,0.263941954,0.0,0.0,0.0,0.0,298.12912,0.0,0.0,0.0,-1.5707964,0.0
1970-01-01 00:00:00.264230150,0.26423015,0.0,0.0,0.0,0.0,0.0,575.4396,0.0,0.0,-1.5707964,0.0
1970-01-01 00:00:00.264402590,0.26440259,0.0,0.0,0.0,0.0,0.0,133.20132,0.0,0.0,-1.5707964,0.0
1970-01-01 00:00:00.264441965,0.264441965,0.0,0.0,199.78436,0.0,0.0,0.0,0.0,0.0,-1.5707964,0.0
1970-01-01 00:00:00.264561113,0.264561113,0.0,0.0,0.0,0.0,0.0,349.34436,0.0,0.0,-1.5707964,0.0
1970-01-01 00:00:00.264586437,0.264586438,0.0,217.39735,0.0,0.0,0.0,0.0,0.0,0.0,-1.5707964,0.0
1970-01-01 00:00:00.264697377,0.264697378,127.08977,0.0,0.0,0.0,0.0,0.0,0.0,0.0,-1.5707964,0.0
1970-01-01 00:00:00.264799231,0.264799231,0.0,0.0,0.0,0.0,0.0,125.361595,0.0,0.0,-1.5707964,0.0
1970-01-01 00:00:00.264969041,0.264969041,0.0,126.42387,0.0,0.0,0.0,0.0,0.0,0.0,-1.5707964,0.0
1970-01-01 00:00:00.264973065,0.264973066,0.0,281.20392,0.0,0.0,0.0,0.0,0.0,0.0,-1.5707964,0.0
1970-01-01 00:00:00.264999195,0.264999195,239.79144,0.0,0.0,0.0,0.0,0.0,0.0,0.0,-1.5707964,0.0
1970-01-01 00:00:00.265250842,0.265250842,0.0,0.0,0.0,0.0,0.0,322.77402,0.0,0.0,-1.5707964,0.0
1970-01-01 00:00:00.265256998,0.265256998,0.0,228.06026,0.0,0.0,0.0,0.0,0.0,0.0,-1.5707964,0.0
1970-01-01 00:00:00.265441378,0.265441379,0.0,247.653,0.0,0.0,0.0,0.0,0.0,0.0,-1.5707964,0.0
1970-01-01 00:00:00.265562376,0.265562376,122.4836,0.0,0.0,0.0,0.0,0.0,0.0,0.0,-1.5707964,0.0
1970-01-01 00:00:00.265638066,0.265638066,0.0,0.0,0.0,0.0,0.0,217.33289,0.0,0.0,-1.5707964,0.0
1970-01-01 00:00:00.265778540,0.265778541,839.1722,0.0,0.0,0.0,0.0,0.0,0.0,0.0,-1.5707964,0.0
1970-01-01 00:00:00.265914554,0.265914554,0.0,0.0,0.0,0.0,0.0,343.10617,0.0,0.0,-1.5707964,0.0
1970-01-01 00:00:00.265916643,0.265916643,0.0,236.26675,0.0,0.0,0.0,0.0,0.0,0.0,-1.5707964,0.0
1970-01-01 00:00:00.266133197,0.266133197,0.0,0.0,0.0,0.0,393.12064,0.0,0.0,0.0,-1.5707964,0.0
1970-01-01 00:00:00.266133197,0.266133197,0.0,0.0,0.0,0.0,0.0,263.1337,0.0,0.0,-1.5707964,0.0
1970-01-01 00:00:00.266133424,0.266133425,0.0,474.94138,0.0,0.0,0.0,0.0,0.0,0.0,-1.5707964,0.0
1970-01-01 00:00:00.266189094,0.266189094,553.2782,0.0,0.0,0.0,0.0,0.0,0.0,0.0,-1.5707964,0.0
1970-01-01 00:00:00.266759415,0.266759415,0.0,0.0,0.0,0.0,0.0,251.22392,0.0,0.0,-1.5707964,0.0
1970-01-01 00:00:00.266760659,0.266760659,0.0,0.0,152.37402,0.0,0.0,0.0,0.0,0.0,-1.5707964,0.0
1970-01-01 00:00:00.266911854,0.266911854,0.0,155.22055,0.0,0.0,0.0,0.0,0.0,0.0,-1.5707964,0.0
1970-01-01 00:00:00.267158351,0.267158351,0.0,87.294846,0.0,0.0,0.0,0.0,0.0,0.0,-1.5707964,0.0
1970-01-01 00:00:00.267192512,0.267192512,0.0,0.0,756.80145,0.0,0.0,0.0,0.0,0.0,-1.5707964,0.0
1970-01-01 00:00:00.267327512,0.267327512,0.0,261.57364,0.0,0.0,0.0,0.0,0.0,0.0,-1.5707964,0.0
1970-01-01 00:00:00.267338105,0.267338105,0.0,0.0,0.0,0.0,0.0,154.16365,0.0,0.0,-1.5707964,0.0
1970-01-01 00:00:00.267412936,0.267412936,0.0,0.0,0.0,0.0,0.0,116.00017,0.0,0.0,-1.5707964,0.0
1970-01-01 00:00:00.267476284,0.267476284,0.0,316.09857,0.0,0.0,0.0,0.0,0.0,0.0,-1.5707964,0.0
1970-01-01 00:00:00.267820353,0.267820353,0.0,0.0,0.0,0.0,0.0,383.51785,0.0,0.0,-1.5707964,0.0
1970-01-01 00:00:00.267841873,0.267841874,0.0,0.0,0.0,0.0,0.0,598.2545,0.0,0.0,-1.5707964,0.0
1970-01-01 00:00:00.267896276,0.267896276,304.86374,0.0,0.0,0.0,0.0,0.0,0.0,0.0,-1.5707964,0.0
1970-01-01 00:00:00.268163783,0.268163783,208.93927,0.0,0.0,0.0,0.0,0.0,0.0,0.0,-1.5707964,0.0
1970-01-01 00:00:00.268567610,0.26856761,0.0,0.0,0.0,0.0,0.0,639.63574,0.0,0.0,-1.5707964,0.0
1970-01-01 00:00:00.268591832,0.268591832,0.0,0.0,0.0,0.0,0.0,373.02124,0.0,0.0,-1.5707964,0.0
1970-01-01 00:00:00.268597004,0.268597004,588.7783,0.0,0.0,0.0,0.0,0.0,0.0,0.0,-1.5707964,0.0
1970-01-01 00:00:00.268768943,0.268768943,0.0,99.87673,0.0,0.0,0.0,0.0,0.0,0.0,-1.5707964,0.0
1970-01-01 00:00:00.268921242,0.268921242,0.0,0.0,0.0,0.0,0.0,311.07843,0.0,0.0,-1.5707964,0.0
1970-01-01 00:00:00.269074309,0.269074309,0.0,0.0,0.0,0.0,254.2784,0.0,0.0,0.0,-1.5707964,0.0
1970-01-01 00:00:00.269156999,0.269156999,0.0,0.0,0.0,0.0,0.0,239.12839,0.0,0.0,-1.5707964,0.0
1970-01-01 00:00:00.269198302,0.269198302,0.0,0.0,0.0,0.0,0.0,201.0137,0.0,0.0,-1.5707964,0.0
1970-01-01 00:00:00.269335944,0.269335944,0.0,0.0,0.0,0.0,0.0,307.99213,0.0,0.0,-1.5707964,0.0
1970-01-01 00:00:00.269409287,0.269409287,0.0,0.0,0.0,0.0,0.0,109.30293,0.0,0.0,-1.5707964,0.0
1970-01-01 00:00:00.269684534,0.269684534,0.0,312.45093,0.0,0.0,0.0,0.0,0.0,0.0,-1.5707964,0.0
1970-01-01 00:00:00.269791519,0.269791519,0.0,0.0,0.0,0.0,0.0,144.83849,0.0,0.0,-1.5707964,0.0
1970-01-01 00:00:00.269871682,0.269871682,0.0,0.0,0.0,697.8497,0.0,0.0,0.0,0.0,-1.5707964,0.0
1970-01-01 00:00:00.269963650,0.26996365,0.0,0.0,232.37389,0.0,0.0,0.0,0.0,0.0,-1.5707964,0.0
1970-01-01 00:00:00.269969689,0.269969689,0.0,0.0,0.0,0.0,0.0,88.13943,0.0,0.0,-1.5707964,0.0
1970-01-01 00:00:00.269978432,0.269978432,0.0,150.89548,0.0,0.0,0.0,0.0,0.0,0.0,-1.5707964,0.0
1970-01-01 00:00:00.269978432,0.269978432,219.34651,0.0,0.0,0.0,0.0,0.0,0.0,0.0,-1.5707964,0.0
1970-01-01 00:00:00.270159894,0.270159894,0.0,0.0,0.0,0.0,0.0,547.3014,0.0,0.0,-1.5707964,0.0
1970-01-01 00:00:00.270447067,0.270447067,0.0,0.0,0.0,0.0,0.0,367.5441,0.0,0.0,-1.5707964,0.0
1970-01-01 00:00:00.270465359,0.270465359,978.5601,0.0,0.0,0.0,0.0,0.0,0.0,0.0,-1.5707964,0.0
1970-01-01 00:00:00.270559526,0.270559526,0.0,0.0,0.0,0.0,0.0,131.69269,0.0,0.0,-1.5707964,0.0
1970-01-01 00:00:00.270637545,0.270637545,0.0,0.0,0.0,0.0,0.0,145.9721,0.0,0.0,-1.5707964,0.0
1970-01-01 00:00:00.270639487,0.270639487,0.0,0.0,0.0,0.0,0.0,221.9693,0.0,0.0,-1.5707964,0.0
1970-01-01 00:00:00.270669833,0.270669833,0.0,0.0,0.0,0.0,0.0,365.9451,0.0,0.0,-1.5707964,0.0
1970-01-01 00:00:00.270688001,0.270688001,0.0,210.01741,0.0,0.0,0.0,0.0,0.0,0.0,-1.5707964,0.0
1970-01-01 00:00:00.270737570,0.27073757,0.0,0.0,0.0,0.0,92.62678,0.0,0.0,0.0,-1.5707964,0.0
1970-01-01 00:00:00.271025623,0.271025623,0.0,343.46014,0.0,0.0,0.0,0.0,0.0,0.0,-1.5707964,0.0
1970-01-01 00:00:00.271289450,0.27128945,0.0,0.0,0.0,0.0,0.0,100.85947,0.0,0.0,-1.5707964,0.0
1970-01-01 00:00:00.271364049,0.271364049,0.0,0.0,0.0,0.0,660.05835,0.0,0.0,0.0,-1.5707964,0.0
1970-01-01 00:00:00.271417500,0.2714175,0.0,0.0,0.0,0.0,0.0,126.853325,0.0,0.0,-1.5707964,0.0
1970-01-01 00:00:00.271440187,0.271440187,0.0,0.0,0.0,0.0,0.0,227.62169,0.0,0.0,-1.5707964,0.0
1970-01-01 00:00:00.271447083,0.271447083,0.0,0.0,0.0,0.0,0.0,429.6122,0.0,0.0,-1.5707964,0.0
1970-01-01 00:00:00.271484270,0.27148427,483.0523,0.0,0.0,0.0,0.0,0.0,0.0,0.0,-1.5707964,0.0
1970-01-01 00:00:00.271492794,0.271492794,0.0,600.53613,0.0,0.0,0.0,0.0,0.0,0.0,-1.5707964,0.0
1970-01-01 00:00:00.271642203,0.271642203,0.0,1026.1019,0.0,0.0,0.0,0.0,0.0,0.0,-1.5707964,0.0
1970-01-01 00:00:00.272023148,0.272023148,0.0,0.0,0.0,0.0,0.0,151.79768,0.0,0.0,-1.5707964,0.0
1970-01-01 00:00:00.272229776,0.272229776,258.31097,0.0,0.0,0.0,0.0,0.0,0.0,0.0,-1.5707964,0.0
1970-01-01 00:00:00.272265070,0.27226507,0.0,0.0,0.0,0.0,0.0,552.6556,0.0,0.0,-1.5707964,0.0
1970-01-01 00:00:00.272286283,0.272286283,136.30827,0.0,0.0,0.0,0.0,0.0,0.0,0.0,-1.5707964,0.0
1970-01-01 00:00:00.272289291,0.272289291,451.89963,0.0,0.0,0.0,0.0,0.0,0.0,0.0,-1.5707964,0.0
1970-01-01 00:00:00.272472897,0.272472897,367.67944,0.0,0.0,0.0,0.0,0.0,0.0,0.0,-1.5707964,0.0
1970-01-01 00:00:00.272526047,0.272526047,0.0,0.0,0.0,0.0,0.0,384.0457,0.0,0.0,-1.5707964,0.0
1970-01-01 00:00:00.272808177,0.272808177,0.0,0.0,0.0,0.0,0.0,258.33978,0.0,0.0,-1.5707964,0.0
1970-01-01 00:00:00.272826833,0.272826833,0.0,806.68396,0.0,0.0,0.0,0.0,0.0,0.0,-1.5707964,0.0
1970-01-01 00:00:00.272952648,0.272952648,0.0,0.0,0.0,0.0,0.0,449.31848,0.0,0.0,-1.5707964,0.0
1970-01-01 00:00:00.273014019,0.273014019,0.0,0.0,254.16682,0.0,0.0,0.0,0.0,0.0,-1.5707964,0.0
1970-01-01 00:00:00.273099881,0.273099881,199.30946,0.0,0.0,0.0,0.0,0.0,0.0,0.0,-1.5707964,0.0
1970-01-01 00:00:00.273174980,0.27317498,0.0,111.93317,0.0,0.0,0.0,0.0,0.0,0.0,-1.5707964,0.0
1970-01-01 00:00:00.273213682,0.273213682,0.0,0.0,0.0,0.0,272.7711,0.0,0.0,0.0,-1.5707964,0.0
1970-01-01 00:00:00.273306754,0.273306754,0.0,0.0,0.0,423.17035,0.0,0.0,0.0,0.0,-1.5707964,0.0
1970-01-01 00:00:00.273314882,0.273314882,0.0,0.0,0.0,0.0,0.0,199.61176,0.0,0.0,-1.5707964,0.0
1970-01-01 00:00:00.273366302,0.273366302,0.0,0.0,0.0,0.0,0.0,249.69508,0.0,0.0,-1.5707964,0.0
1970-01-01 00:00:00.273667526,0.273667526,0.0,0.0,0.0,0.0,0.0,95.189156,0.0,0.0,-1.5707964,0.0
1970-01-01 00:00:00.273861234,0.273861234,0.0,0.0,0.0,0.0,0.0,332.16782,0.0,0.0,-1.5707964,0.0
1970-01-01 00:00:00.273966465,0.273966465,0.0,0.0,0.0,0.0,0.0,339.4318,0.0,0.0,-1.5707964,0.0
1970-01-01 00:00:00.274029625,0.274029625,150.26785,0.0,0.0,0.0,0.0,0.0,0.0,0.0,-1.5707964,0.0
1970-01-01 00:00:00.274039553,0.274039553,0.0,0.0,0.0,0.0,0.0,163.0797,0.0,0.0,-1.5707964,0.0
1970-01-01 00:00:00.274234252,0.274234252,0.0,0.0,0.0,0.0,0.0,520.35,0.0,0.0,-1.5707964,0.0
1970-01-01 00:00:00.274237792,0.274237792,0.0,0.0,0.0,0.0,0.0,381.72208,0.0,0.0,-1.5707964,0.0
1970-01-01 00:00:00.274451942,0.274451942,196.9639,0.0,0.0,0.0,0.0,0.0,0.0,0.0,-1.5707964,0.0
1970-01-01 00:00:00.274530437,0.274530437,0.0,0.0,0.0,0.0,0.0,735.6098,0.0,0.0,-1.5707964,0.0
1970-01-01 00:00:00.274618860,0.27461886,0.0,99.830215,0.0,0.0,0.0,0.0,0.0,0.0,-1.5707964,0.0
1970-01-01 00:00:00.274724854,0.274724854,0.0,0.0,0.0,0.0,0.0,1253.2072,0.0,0.0,-1.5707964,0.0
1970-01-01 00:00:00.274984769,0.274984769,0.0,0.0,0.0,0.0,0.0,325.33908,0.0,0.0,-1.5707964,0.0
1970-01-01 00:00:00.275021046,0.275021046,0.0,0.0,0.0,0.0,128.58902,0.0,0.0,0.0,-1.5707964,0.0
1970-01-01 00:00:00.275025716,0.275025716,0.0,0.0,0.0,0.0,0.0,168.80345,0.0,0.0,-1.5707964,0.0
1970-01-01 00:00:00.275092513,0.275092513,0.0,0.0,0.0,0.0,0.0,331.4018,0.0,0.0,-1.5707964,0.0
1970-01-01 00:00:00.275163635,0.275163635,0.0,0.0,0.0,0.0,0.0,548.7614,0.0,0.0,-1.5707964,0.0
1970-01-01 00:00:00.275172129,0.275172129,1058.8123,0.0,0.0,0.0,0.0,0.0,0.0,0.0,-1.5707964,0.0
1970-01-01 00:00:00.275245506,0.275245506,0.0,0.0,0.0,0.0,0.0,293.7756,0.0,0.0,-1.5707964,0.0
1970-01-01 00:00:00.275399363,0.275399363,0.0,0.0,0.0,0.0,190.5396,0.0,0.0,0.0,-1.5707964,0.0
1970-01-01 00:00:00.275582609,0.275582609,0.0,215.76968,0.0,0.0,0.0,0.0,0.0,0.0,-1.5707964,0.0
1970-01-01 00:00:00.275670473,0.275670473,89.73701,0.0,0.0,0.0,0.0,0.0,0.0,0.0,-1.5707964,0.0
1970-01-01 00:00:00.275781513,0.275781513,326.26062,0.0,0.0,0.0,0.0,0.0,0.0,0.0,-1.5707964,0.0
1970-01-01 00:00:00.275859557,0.275859557,0.0,0.0,0.0,526.3005,0.0,0.0,0.0,0.0,-1.5707964,0.0
1970-01-01 00:00:00.275929603,0.275929603,0.0,546.91034,0.0,0.0,0.0,0.0,0.0,0.0,-1.5707964,0.0
1970-01-01 00:00:00.276247839,0.276247839,0.0,817.96265,0.0,0.0,0.0,0.0,0.0,0.0,-1.5707964,0.0
1970-01-01 00:00:00.276275834,0.276275834,0.0,0.0,0.0,0.0,0.0,601.2822,0.0,0.0,-1.5707964,0.0
1970-01-01 00:00:00.276525981,0.276525981,0.0,1055.8567,0.0,0.0,0.0,0.0,0.0,0.0,-1.5707964,0.0
1970-01-01 00:00:00.276691315,0.276691315,0.0,0.0,0.0,365.75458,0.0,0.0,0.0,0.0,-1.5707964,0.0
1970-01-01 00:00:00.276697689,0.276697689,0.0,0.0,0.0,0.0,0.0,166.86548,0.0,0.0,-1.5707964,0.0
1970-01-01 00:00:00.276938726,0.276938726,0.0,0.0,0.0,0.0,392.1879,0.0,0.0,0.0,-1.5707964,0.0
1970-01-01 00:00:00.276947958,0.276947958,0.0,0.0,0.0,0.0,0.0,422.91446,0.0,0.0,-1.5707964,0.0
1970-01-01 00:00:00.277190736,0.277190736,404.06253,0.0,0.0,0.0,0.0,0.0,0.0,0.0,-1.5707964,0.0
1970-01-01 00:00:00.277264748,0.277264748,0.0,617.5257,0.0,0.0,0.0,0.0,0.0,0.0,-1.5707964,0.0
1970-01-01 00:00:00.277290334,0.277290334,0.0,0.0,0.0,0.0,254.34065,0.0,0.0,0.0,-1.5707964,0.0
1970-01-01 00:00:00.277710025,0.277710025,0.0,0.0,0.0,0.0,0.0,1029.1918,0.0,0.0,-1.5707964,0.0
1970-01-01 00:00:00.278064599,0.278064599,0.0,0.0,0.0,0.0,0.0,239.60349,0.0,0.0,-1.5707964,0.0
1970-01-01 00:00:00.278081252,0.278081252,0.0,0.0,0.0,0.0,0.0,119.21336,0.0,0.0,-1.5707964,0.0
1970-01-01 00:00:00.278081252,0.278081252,0.0,0.0,0.0,662.1256,0.0,0.0,0.0,0.0,-1.5707964,0.0
1970-01-01 00:00:00.278141167,0.278141167,0.0,475.85303,0.0,0.0,0.0,0.0,0.0,0.0,-1.5707964,0.0
1970-01-01 00:00:00.278175508,0.278175508,82.27267,0.0,0.0,0.0,0.0,0.0,0.0,0.0,-1.5707964,0.0
1970-01-01 00:00:00.278218269,0.278218269,0.0,658.79065,0.0,0.0,0.0,0.0,0.0,0.0,-1.5707964,0.0
1970-01-01 00:00:00.278381426,0.278381426,0.0,0.0,0.0,0.0,0.0,299.758,0.0,0.0,-1.5707964,0.0
1970-01-01 00:00:00.278462702,0.278462702,0.0,0.0,0.0,0.0,0.0,101.75166,0.0,0.0,-1.5707964,0.0
1970-01-01 00:00:00.278483324,0.278483324,158.8093,0.0,0.0,0.0,0.0,0.0,0.0,0.0,-1.5707964,0.0
1970-01-01 00:00:00.278555083,0.278555083,0.0,0.0,0.0,0.0,0.0,496.60724,0.0,0.0,-1.5707964,0.0
1970-01-01 00:00:00.278975847,0.278975847,0.0,0.0,0.0,0.0,0.0,315.8874,0.0,0.0,-1.5707964,0.0
1970-01-01 00:00:00.278996139,0.278996139,0.0,0.0,0.0,0.0,0.0,1221.6476,0.0,0.0,-1.5707964,0.0
1970-01-01 00:00:00.279044472,0.279044472,0.0,0.0,0.0,0.0,0.0,608.05005,0.0,0.0,-1.5707964,0.0
1970-01-01 00:00:00.279051794,0.279051794,152.25755,0.0,0.0,0.0,0.0,0.0,0.0,0.0,-1.5707964,0.0
1970-01-01 00:00:00.279140332,0.279140332,0.0,0.0,0.0,0.0,0.0,182.86137,0.0,0.0,-1.5707964,0.0
1970-01-01 00:00:00.279225042,0.279225042,0.0,0.0,0.0,0.0,0.0,348.48767,0.0,0.0,-1.5707964,0.0
1970-01-01 00:00:00.279409449,0.279409449,293.97714,0.0,0.0,0.0,0.0,0.0,0.0,0.0,-1.5707964,0.0
1970-01-01 00:00:00.279413840,0.27941384,0.0,0.0,0.0,0.0,104.01188,0.0,0.0,0.0,-1.5707964,0.0
1970-01-01 00:00:00.279459667,0.279459667,0.0,0.0,0.0,0.0,145.56197,0.0,0.0,0.0,-1.5707964,0.0
1970-01-01 00:00:00.279605284,0.279605284,0.0,0.0,0.0,0.0,177.69312,0.0,0.0,0.0,-1.5707964,0.0
1970-01-01 00:00:00.279647239,0.279647239,158.8844,0.0,0.0,0.0,0.0,0.0,0.0,0.0,-1.5707964,0.0
1970-01-01 00:00:00.279655686,0.279655686,0.0,206.37488,0.0,0.0,0.0,0.0,0.0,0.0,-1.5707964,0.0
1970-01-01 00:00:00.279694956,0.279694956,0.0,0.0,0.0,0.0,0.0,255.98447,0.0,0.0,-1.5707964,0.0
1970-01-01 00:00:00.279797828,0.279797828,0.0,0.0,0.0,0.0,99.24993,0.0,0.0,0.0,-1.5707964,0.0
1970-01-01 00:00:00.279797828,0.279797828,0.0,0.0,0.0,0.0,212.39902,0.0,0.0,0.0,-1.5707964,0.0
1970-01-01 00:00:00.279824012,0.279824012,0.0,0.0,0.0,0.0,0.0,211.50145,0.0,0.0,-1.5707964,0.0
1970-01-01 00:00:00.279836815,0.279836815,0.0,0.0,0.0,0.0,0.0,85.40121,0.0,0.0,-1.5707964,0.0
1970-01-01 00:00:00.279898686,0.279898686,856.40814,0.0,0.0,0.0,0.0,0.0,0.0,0.0,-1.5707964,0.0
1970-01-01 00:00:00.279998047,0.279998047,0.0,0.0,0.0,0.0,0.0,202.178,0.0,0.0,-1.5707964,0.0
1970-01-01 00:00:00.280003847,0.280003847,97.90454,0.0,0.0,0.0,0.0,0.0,0.0,0.0,-1.5707964,0.0
1970-01-01 00:00:00.280256246,0.280256246,0.0,361.14438,0.0,0.0,0.0,0.0,0.0,0.0,-1.5707964,0.0
1970-01-01 00:00:00.280344215,0.280344215,442.90176,0.0,0.0,0.0,0.0,0.0,0.0,0.0,-1.5707964,0.0
1970-01-01 00:00:00.280392906,0.280392906,0.0,492.353,0.0,0.0,0.0,0.0,0.0,0.0,-1.5707964,0.0
1970-01-01 00:00:00.280401020,0.28040102,0.0,744.2425,0.0,0.0,0.0,0.0,0.0,0.0,-1.5707964,0.0
1970-01-01 00:00:00.280419381,0.280419381,216.44817,0.0,0.0,0.0,0.0,0.0,0.0,0.0,-1.5707964,0.0
1970-01-01 00:00:00.280668505,0.280668505,0.0,0.0,0.0,0.0,109.60628,0.0,0.0,0.0,-1.5707964,0.0
1970-01-01 00:00:00.280707376,0.280707376,0.0,181.54889,0.0,0.0,0.0,0.0,0.0,0.0,-1.5707964,0.0
1970-01-01 00:00:00.280718585,0.280718585,155.76665,0.0,0.0,0.0,0.0,0.0,0.0,0.0,-1.5707964,0.0
1970-01-01 00:00:00.280746514,0.280746514,0.0,149.03899,0.0,0.0,0.0,0.0,0.0,0.0,-1.5707964,0.0
1970-01-01 00:00:00.280746514,0.280746514,0.0,0.0,0.0,0.0,682.7371,0.0,0.0,0.0,-1.5707964,0.0
1970-01-01 00:00:00.280950919,0.280950919,0.0,0.0,0.0,80.052864,0.0,0.0,0.0,0.0,-1.5707964,0.0
1970-01-01 00:00:00.281093166,0.281093166,271.74213,0.0,0.0,0.0,0.0,0.0,0.0,0.0,-1.5707964,0.0
1970-01-01 00:00:00.281093166,0.281093166,0.0,0.0,0.0,0.0,0.0,220.93729,0.0,0.0,-1.5707964,0.0
1970-01-01 00:00:00.281223495,0.281223495,281.12,0.0,0.0,0.0,0.0,0.0,0.0,0.0,-1.5707964,0.0
1970-01-01 00:00:00.281348350,0.28134835,0.0,277.4952,0.0,0.0,0.0,0.0,0.0,0.0,-1.5707964,0.0
1970-01-01 00:00:00.281444002,0.281444002,239.18384,0.0,0.0,0.0,0.0,0.0,0.0,0.0,-1.5707964,0.0
1970-01-01 00:00:00.281671560,0.28167156,0.0,0.0,0.0,0.0,0.0,85.509285,0.0,0.0,-1.5707964,0.0
1970-01-01 00:00:00.281994797,0.281994797,0.0,0.0,0.0,0.0,0.0,174.32481,0.0,0.0,-1.5707964,0.0
1970-01-01 00:00:00.282009543,0.282009543,1773.9506,0.0,0.0,0.0,0.0,0.0,0.0,0.0,-1.5707964,0.0
1970-01-01 00:00:00.282058647,0.282058647,215.18613,0.0,0.0,0.0,0.0,0.0,0.0,0.0,-1.5707964,0.0
1970-01-01 00:00:00.282079449,0.282079449,0.0,0.0,0.0,0.0,0.0,163.95425,0.0,0.0,-1.5707964,0.0
1970-01-01 00:00:00.282094790,0.28209479,0.0,363.7556,0.0,0.0,0.0,0.0,0.0,0.0,-1.5707964,0.0
1970-01-01 00:00:00.282140611,0.282140611,509.0327,0.0,0.0,0.0,0.0,0.0,0.0,0.0,-1.5707964,0.0
1970-01-01 00:00:00.282251002,0.282251002,0.0,121.110664,0.0,0.0,0.0,0.0,0.0,0.0,-1.5707964,0.0
1970-01-01 00:00:00.282540662,0.282540662,0.0,0.0,0.0,0.0,0.0,124.85152,0.0,0.0,-1.5707964,0.0
1970-01-01 00:00:00.282584373,0.282584373,228.80891,0.0,0.0,0.0,0.0,0.0,0.0,0.0,-1.5707964,0.0
1970-01-01 00:00:00.282584373,0.282584373,0.0,0.0,108.412605,0.0,0.0,0.0,0.0,0.0,-1.5707964,0.0
1970-01-01 00:00:00.282640368,0.282640368,0.0,179.8423,0.0,0.0,0.0,0.0,0.0,0.0,-1.5707964,0.0
1970-01-01 00:00:00.283102681,0.283102681,0.0,149.35602,0.0,0.0,0.0,0.0,0.0,0.0,-1.5707964,0.0
1970-01-01 00:00:00.283117379,0.283117379,0.0,0.0,0.0,0.0,0.0,87.19368,0.0,0.0,-1.5707964,0.0
1970-01-01 00:00:00.283345976,0.283345976,219.01996,0.0,0.0,0.0,0.0,0.0,0.0,0.0,-1.5707964,0.0
1970-01-01 00:00:00.283499962,0.283499962,0.0,0.0,0.0,0.0,422.7033,0.0,0.0,0.0,-1.5707964,0.0
1970-01-01 00:00:00.283516110,0.28351611,338.61353,0.0,0.0,0.0,0.0,0.0,0.0,0.0,-1.5707964,0.0
1970-01-01 00:00:00.283518477,0.283518477,0.0,0.0,0.0,0.0,0.0,497.86295,0.0,0.0,-1.5707964,0.0
1970-01-01 00:00:00.283560292,0.283560292,0.0,816.1769,0.0,0.0,0.0,0.0,0.0,0.0,-1.5707964,0.0
1970-01-01 00:00:00.283807517,0.283807517,0.0,554.344,0.0,0.0,0.0,0.0,0.0,0.0,-1.5707964,0.0
1970-01-01 00:00:00.283864376,0.283864376,0.0,0.0,0.0,0.0,0.0,458.25037,0.0,0.0,-1.5707964,0.0
1970-01-01 00:00:00.283995833,0.283995833,960.38104,0.0,0.0,0.0,0.0,0.0,0.0,0.0,-1.5707964,0.0
1970-01-01 00:00:00.284520099,0.284520099,0.0,0.0,0.0,0.0,0.0,93.526825,0.0,0.0,-1.5707964,0.0
1970-01-01 00:00:00.284575756,0.284575756,0.0,0.0,0.0,0.0,457.90234,0.0,0.0,0.0,-1.5707964,0.0
1970-01-01 00:00:00.284680288,0.284680288,165.43985,0.0,0.0,0.0,0.0,0.0,0.0,0.0,-1.5707964,0.0
1970-01-01 00:00:00.284690701,0.284690701,0.0,85.57488,0.0,0.0,0.0,0.0,0.0,0.0,-1.5707964,0.0
1970-01-01 00:00:00.284876386,0.284876386,94.373085,0.0,0.0,0.0,0.0,0.0,0.0,0.0,-1.5707964,0.0
1970-01-01 00:00:00.285018932,0.285018932,0.0,0.0,0.0,0.0,297.3742,0.0,0.0,0.0,-1.5707964,0.0
1970-01-01 00:00:00.285190248,0.285190248,0.0,0.0,0.0,0.0,0.0,189.63828,0.0,0.0,-1.5707964,0.0
1970-01-01 00:00:00.285190248,0.285190248,0.0,0.0,0.0,0.0,0.0,1653.2579,0.0,0.0,-1.5707964,0.0
1970-01-01 00:00:00.285342489,0.285342489,0.0,190.56287,0.0,0.0,0.0,0.0,0.0,0.0,-1.5707964,0.0
1970-01-01 00:00:00.285354899,0.285354899,0.0,0.0,0.0,0.0,0.0,170.10318,0.0,0.0,-1.5707964,0.0
1970-01-01 00:00:00.285441380,0.28544138,207.89384,0.0,0.0,0.0,0.0,0.0,0.0,0.0,-1.5707964,0.0
1970-01-01 00:00:00.285486465,0.285486465,473.86133,0.0,0.0,0.0,0.0,0.0,0.0,0.0,-1.5707964,0.0
1970-01-01 00:00:00.285513529,0.285513529,0.0,0.0,0.0,0.0,188.98965,0.0,0.0,0.0,-1.5707964,0.0
1970-01-01 00:00:00.285714258,0.285714258,0.0,0.0,0.0,0.0,0.0,554.2768,0.0,0.0,-1.5707964,0.0
1970-01-01 00:00:00.285811146,0.285811146,0.0,791.2851,0.0,0.0,0.0,0.0,0.0,0.0,-1.5707964,0.0
1970-01-01 00:00:00.285993440,0.28599344,0.0,0.0,0.0,0.0,822.1802,0.0,0.0,0.0,-1.5707964,0.0
1970-01-01 00:00:00.286024157,0.286024157,0.0,0.0,0.0,0.0,0.0,107.28876,0.0,0.0,-1.5707964,0.0
1970-01-01 00:00:00.286140056,0.286140056,568.35736,0.0,0.0,0.0,0.0,0.0,0.0,0.0,-1.5707964,0.0
1970-01-01 00:00:00.286283585,0.286283585,119.59381,0.0,0.0,0.0,0.0,0.0,0.0,0.0,-1.5707964,0.0
1970-01-01 00:00:00.286307297,0.286307297,0.0,0.0,0.0,0.0,434.37912,0.0,0.0,0.0,-1.5707964,0.0
1970-01-01 00:00:00.286381082,0.286381082,0.0,505.86398,0.0,0.0,0.0,0.0,0.0,0.0,-1.5707964,0.0
1970-01-01 00:00:00.286440316,0.286440316,0.0,583.6023,0.0,0.0,0.0,0.0,0.0,0.0,-1.5707964,0.0
1970-01-01 00:00:00.286482611,0.286482611,0.0,0.0,0.0,0.0,0.0,286.20026,0.0,0.0,-1.5707964,0.0
1970-01-01 00:00:00.286575341,0.286575341,0.0,0.0,0.0,0.0,0.0,754.50793,0.0,0.0,-1.5707964,0.0
1970-01-01 00:00:00.286669735,0.286669735,0.0,492.84225,0.0,0.0,0.0,0.0,0.0,0.0,-1.5707964,0.0
1970-01-01 00:00:00.286694199,0.286694199,162.36012,0.0,0.0,0.0,0.0,0.0,0.0,0.0,-1.5707964,0.0
1970-01-01 00:00:00.286757118,0.286757118,186.4026,0.0,0.0,0.0,0.0,0.0,0.0,0.0,-1.5707964,0.0
1970-01-01 00:00:00.286876738,0.286876738,0.0,0.0,0.0,0.0,0.0,115.31494,0.0,0.0,-1.5707964,0.0
1970-01-01 00:00:00.287135872,0.287135872,0.0,182.30928,0.0,0.0,0.0,0.0,0.0,0.0,-1.5707964,0.0
1970-01-01 00:00:00.287264237,0.287264237,0.0,0.0,0.0,0.0,107.92132,0.0,0.0,0.0,-1.5707964,0.0
1970-01-01 00:00:00.287334828,0.287334828,137.85764,0.0,0.0,0.0,0.0,0.0,0.0,0.0,-1.5707964,0.0
1970-01-01 00:00:00.287365957,0.287365957,0.0,0.0,204.77531,0.0,0.0,0.0,0.0,0.0,-1.5707964,0.0
1970-01-01 00:00:00.287414716,0.287414716,449.26526,0.0,0.0,0.0,0.0,0.0,0.0,0.0,-1.5707964,0.0
1970-01-01 00:00:00.287417687,0.287417687,0.0,0.0,0.0,0.0,0.0,241.3107,0.0,0.0,-1.5707964,0.0
1970-01-01 00:00:00.287647977,0.287647977,0.0,0.0,0.0,0.0,0.0,184.3462,0.0,0.0,-1.5707964,0.0
1970-01-01 00:00:00.287724531,0.287724531,0.0,0.0,0.0,0.0,241.10384,0.0,0.0,0.0,-1.5707964,0.0
1970-01-01 00:00:00.287883662,0.287883662,0.0,0.0,0.0,0.0,0.0,175.55591,0.0,0.0,-1.5707964,0.0
1970-01-01 00:00:00.287956937,0.287956937,263.47064,0.0,0.0,0.0,0.0,0.0,0.0,0.0,-1.5707964,0.0
1970-01-01 00:00:00.287986998,0.287986998,169.74127,0.0,0.0,0.0,0.0,0.0,0.0,0.0,-1.5707964,0.0
1970-01-01 00:00:00.288288244,0.288288244,283.4214,0.0,0.0,0.0,0.0,0.0,0.0,0.0,-1.5707964,0.0
1970-01-01 00:00:00.288514827,0.288514827,138.50055,0.0,0.0,0.0,0.0,0.0,0.0,0.0,-1.5707964,0.0
1970-01-01 00:00:00.288521311,0.288521311,0.0,0.0,0.0,0.0,524.95544,0.0,0.0,0.0,-1.5707964,0.0
1970-01-01 00:00:00.288628029,0.288628029,0.0,0.0,0.0,250.48656,0.0,0.0,0.0,0.0,-1.5707964,0.0
1970-01-01 00:00:00.288690397,0.288690397,0.0,0.0,0.0,561.346,0.0,0.0,0.0,0.0,-1.5707964,0.0
1970-01-01 00:00:00.288699275,0.288699275,0.0,0.0,0.0,0.0,0.0,306.6762,0.0,0.0,-1.5707964,0.0
1970-01-01 00:00:00.288799078,0.288799078,0.0,0.0,0.0,0.0,0.0,284.9958,0.0,0.0,-1.5707964,0.0
1970-01-01 00:00:00.288813806,0.288813806,0.0,0.0,0.0,0.0,0.0,177.69844,0.0,0.0,-1.5707964,0.0
1970-01-01 00:00:00.288826736,0.288826736,0.0,0.0,0.0,161.77037,0.0,0.0,0.0,0.0,-1.5707964,0.0
1970-01-01 00:00:00.289206715,0.289206715,147.4584,0.0,0.0,0.0,0.0,0.0,0.0,0.0,-1.5707964,0.0
1970-01-01 00:00:00.289244364,0.289244364,0.0,0.0,0.0,0.0,0.0,168.27266,0.0,0.0,-1.5707964,0.0
1970-01-01 00:00:00.289274522,0.289274522,343.24902,0.0,0.0,0.0,0.0,0.0,0.0,0.0,-1.5707964,0.0
1970-01-01 00:00:00.289504300,0.2895043,0.0,0.0,0.0,0.0,0.0,677.3125,0.0,0.0,-1.5707964,0.0
1970-01-01 00:00:00.289558728,0.289558728,0.0,0.0,0.0,0.0,0.0,330.83945,0.0,0.0,-1.5707964,0.0
1970-01-01 00:00:00.289572733,0.289572733,0.0,358.04327,0.0,0.0,0.0,0.0,0.0,0.0,-1.5707964,0.0
1970-01-01 00:00:00.289617664,0.289617664,181.14813,0.0,0.0,0.0,0.0,0.0,0.0,0.0,-1.5707964,0.0
1970-01-01 00:00:00.289699120,0.28969912,2095.6772,0.0,0.0,0.0,0.0,0.0,0.0,0.0,-1.5707964,0.0
1970-01-01 00:00:00.289782163,0.289782163,248.77817,0.0,0.0,0.0,0.0,0.0,0.0,0.0,-1.5707964,0.0
1970-01-01 00:00:00.289902230,0.28990223,100.80566,0.0,0.0,0.0,0.0,0.0,0.0,0.0,-1.5707964,0.0
1970-01-01 00:00:00.290086622,0.290086622,0.0,0.0,0.0,0.0,0.0,344.7616,0.0,0.0,-1.5707964,0.0
1970-01-01 00:00:00.290308147,0.290308147,0.0,0.0,0.0,0.0,0.0,314.0934,0.0,0.0,-1.5707964,0.0
1970-01-01 00:00:00.290381552,0.290381552,0.0,0.0,0.0,0.0,510.76108,0.0,0.0,0.0,-1.5707964,0.0
1970-01-01 00:00:00.290717227,0.290717227,0.0,0.0,0.0,163.79083,0.0,0.0,0.0,0.0,-1.5707964,0.0
1970-01-01 00:00:00.290726290,0.29072629,0.0,0.0,610.0454,0.0,0.0,0.0,0.0,0.0,-1.5707964,0.0
1970-01-01 00:00:00.290890880,0.29089088,0.0,0.0,0.0,0.0,0.0,411.13983,0.0,0.0,-1.5707964,0.0
1970-01-01 00:00:00.291336129,0.291336129,0.0,0.0,0.0,0.0,496.38745,0.0,0.0,0.0,-1.5707964,0.0
1970-01-01 00:00:00.291536197,0.291536197,0.0,0.0,0.0,163.30513,0.0,0.0,0.0,0.0,-1.5707964,0.0
1970-01-01 00:00:00.291768194,0.291768194,0.0,0.0,0.0,0.0,0.0,170.72539,0.0,0.0,-1.5707964,0.0
1970-01-01 00:00:00.291816201,0.291816201,0.0,157.42183,0.0,0.0,0.0,0.0,0.0,0.0,-1.5707964,0.0
1970-01-01 00:00:00.291888225,0.291888225,402.1461,0.0,0.0,0.0,0.0,0.0,0.0,0.0,-1.5707964,0.0
1970-01-01 00:00:00.291912672,0.291912672,488.25674,0.0,0.0,0.0,0.0,0.0,0.0,0.0,-1.5707964,0.0
1970-01-01 00:00:00.291990021,0.291990021,0.0,0.0,0.0,0.0,137.10464,0.0,0.0,0.0,-1.5707964,0.0
1970-01-01 00:00:00.292309943,0.292309943,0.0,495.15036,0.0,0.0,0.0,0.0,0.0,0.0,-1.5707964,0.0
1970-01-01 00:00:00.292397376,0.292397376,0.0,0.0,0.0,0.0,0.0,265.20886,0.0,0.0,-1.5707964,0.0
1970-01-01 00:00:00.292644525,0.292644525,0.0,0.0,0.0,0.0,0.0,248.46371,0.0,0.0,-1.5707964,0.0
1970-01-01 00:00:00.292752844,0.292752844,0.0,314.30017,0.0,0.0,0.0,0.0,0.0,0.0,-1.5707964,0.0
1970-01-01 00:00:00.293079613,0.293079613,0.0,0.0,0.0,0.0,0.0,247.71333,0.0,0.0,-1.5707964,0.0
1970-01-01 00:00:00.293164746,0.293164746,0.0,0.0,0.0,0.0,0.0,149.51889,0.0,0.0,-1.5707964,0.0
1970-01-01 00:00:00.293175425,0.293175425,0.0,334.4581,0.0,0.0,0.0,0.0,0.0,0.0,-1.5707964,0.0
1970-01-01 00:00:00.293795246,0.293795246,0.0,295.7406,0.0,0.0,0.0,0.0,0.0,0.0,-1.5707964,0.0
1970-01-01 00:00:00.294294222,0.294294222,0.0,89.42092,0.0,0.0,0.0,0.0,0.0,0.0,-1.5707964,0.0
1970-01-01 00:00:00.294318724,0.294318724,0.0,0.0,0.0,0.0,1660.1698,0.0,0.0,0.0,-1.5707964,0.0
1970-01-01 00:00:00.294765596,0.294765596,0.0,134.32375,0.0,0.0,0.0,0.0,0.0,0.0,-1.5707964,0.0
1970-01-01 00:00:00.294799821,0.294799821,133.6284,0.0,0.0,0.0,0.0,0.0,0.0,0.0,-1.5707964,0.0
1970-01-01 00:00:00.294856903,0.294856903,0.0,122.661835,0.0,0.0,0.0,0.0,0.0,0.0,-1.5707964,0.0
1970-01-01 00:00:00.294904530,0.29490453,0.0,0.0,0.0,0.0,100.20745,0.0,0.0,0.0,-1.5707964,0.0
1970-01-01 00:00:00.295365477,0.295365477,0.0,0.0,0.0,972.992,0.0,0.0,0.0,0.0,-1.5707964,0.0
1970-01-01 00:00:00.295387811,0.295387811,0.0,0.0,0.0,183.05559,0.0,0.0,0.0,0.0,-1.5707964,0.0
1970-01-01 00:00:00.295498705,0.295498705,80.87891,0.0,0.0,0.0,0.0,0.0,0.0,0.0,-1.5707964,0.0
1970-01-01 00:00:00.295515459,0.295515459,0.0,0.0,0.0,0.0,210.76273,0.0,0.0,0.0,-1.5707964,0.0
1970-01-01 00:00:00.295791880,0.29579188,0.0,125.06017,0.0,0.0,0.0,0.0,0.0,0.0,-1.5707964,0.0
1970-01-01 00:00:00.296119360,0.29611936,0.0,0.0,106.56729,0.0,0.0,0.0,0.0,0.0,-1.5707964,0.0
1970-01-01 00:00:00.296414706,0.296414706,0.0,883.4827,0.0,0.0,0.0,0.0,0.0,0.0,-1.5707964,0.0
1970-01-01 00:00:00.296440212,0.296440212,0.0,0.0,0.0,0.0,554.64984,0.0,0.0,0.0,-1.5707964,0.0
1970-01-01 00:00:00.296552160,0.29655216,0.0,0.0,0.0,0.0,0.0,2277.9133,0.0,0.0,-1.5707964,0.0
1970-01-01 00:00:00.296602688,0.296602688,0.0,0.0,0.0,0.0,0.0,117.01836,0.0,0.0,-1.5707964,0.0
1970-01-01 00:00:00.296660920,0.29666092,0.0,0.0,0.0,0.0,0.0,253.91403,0.0,0.0,-1.5707964,0.0
1970-01-01 00:00:00.296825960,0.29682596,0.0,98.0741,0.0,0.0,0.0,0.0,0.0,0.0,-1.5707964,0.0
1970-01-01 00:00:00.297049645,0.297049645,0.0,0.0,0.0,0.0,0.0,905.9684,0.0,0.0,-1.5707964,0.0
1970-01-01 00:00:00.297126439,0.297126439,0.0,0.0,186.39842,0.0,0.0,0.0,0.0,0.0,-1.5707964,0.0
1970-01-01 00:00:00.297221972,0.297221972,352.88068,0.0,0.0,0.0,0.0,0.0,0.0,0.0,-1.5707964,0.0
1970-01-01 00:00:00.297269511,0.297269511,0.0,189.41649,0.0,0.0,0.0,0.0,0.0,0.0,-1.5707964,0.0
1970-01-01 00:00:00.297284029,0.297284029,0.0,0.0,0.0,0.0,0.0,575.56976,0.0,0.0,-1.5707964,0.0
1970-01-01 00:00:00.297300661,0.297300661,0.0,0.0,201.8993,0.0,0.0,0.0,0.0,0.0,-1.5707964,0.0
1970-01-01 00:00:00.297324356,0.297324356,0.0,0.0,0.0,0.0,0.0,1417.341,0.0,0.0,-1.5707964,0.0
1970-01-01 00:00:00.297492180,0.29749218,263.92313,0.0,0.0,0.0,0.0,0.0,0.0,0.0,-1.5707964,0.0
1970-01-01 00:00:00.297523638,0.297523638,0.0,0.0,0.0,0.0,0.0,384.32016,0.0,0.0,-1.5707964,0.0
1970-01-01 00:00:00.297560362,0.297560362,356.21997,0.0,0.0,0.0,0.0,0.0,0.0,0.0,-1.5707964,0.0
1970-01-01 00:00:00.297561693,0.297561693,0.0,308.32724,0.0,0.0,0.0,0.0,0.0,0.0,-1.5707964,0.0
1970-01-01 00:00:00.297580994,0.297580994,129.8065,0.0,0.0,0.0,0.0,0.0,0.0,0.0,-1.5707964,0.0
1970-01-01 00:00:00.297647828,0.297647828,548.11475,0.0,0.0,0.0,0.0,0.0,0.0,0.0,-1.5707964,0.0
1970-01-01 00:00:00.297719682,0.297719682,0.0,0.0,0.0,0.0,354.6704,0.0,0.0,0.0,-1.5707964,0.0
1970-01-01 00:00:00.297736165,0.297736165,0.0,0.0,0.0,0.0,0.0,1248.5216,0.0,0.0,-1.5707964,0.0
1970-01-01 00:00:00.298347108,0.298347108,0.0,0.0,0.0,197.84232,0.0,0.0,0.0,0.0,-1.5707964,0.0
1970-01-01 00:00:00.298448323,0.298448323,0.0,0.0,0.0,0.0,0.0,153.76761,0.0,0.0,-1.5707964,0.0
1970-01-01 00:00:00.298630698,0.298630698,0.0,0.0,0.0,0.0,0.0,296.3267,0.0,0.0,-1.5707964,0.0
1970-01-01 00:00:00.298635610,0.29863561,2048.669,0.0,0.0,0.0,0.0,0.0,0.0,0.0,-1.5707964,0.0
1970-01-01 00:00:00.298637936,0.298637936,0.0,0.0,331.538,0.0,0.0,0.0,0.0,0.0,-1.5707964,0.0
1970-01-01 00:00:00.298710936,0.298710936,0.0,0.0,0.0,0.0,0.0,243.09238,0.0,0.0,-1.5707964,0.0
1970-01-01 00:00:00.298713082,0.298713082,0.0,0.0,0.0,0.0,0.0,176.53493,0.0,0.0,-1.5707964,0.0
1970-01-01 00:00:00.298750408,0.298750408,233.1713,0.0,0.0,0.0,0.0,0.0,0.0,0.0,-1.5707964,0.0
1970-01-01 00:00:00.298792825,0.298792825,359.45456,0.0,0.0,0.0,0.0,0.0,0.0,0.0,-1.5707964,0.0
1970-01-01 00:00:00.298826608,0.298826608,0.0,0.0,0.0,0.0,0.0,365.63504,0.0,0.0,-1.5707964,0.0
1970-01-01 00:00:00.298989771,0.298989771,417.18854,0.0,0.0,0.0,0.0,0.0,0.0,0.0,-1.5707964,0.0
1970-01-01 00:00:00.299106798,0.299106798,0.0,0.0,0.0,0.0,0.0,601.2756,0.0,0.0,-1.5707964,0.0
1970-01-01 00:00:00.299263834,0.299263834,0.0,0.0,0.0,0.0,0.0,140.7336,0.0,0.0,-1.5707964,0.0
1970-01-01 00:00:00.299325755,0.299325755,0.0,0.0,135.10716,0.0,0.0,0.0,0.0,0.0,-1.5707964,0.0
1970-01-01 00:00:00.299455824,0.299455824,272.42508,0.0,0.0,0.0,0.0,0.0,0.0,0.0,-1.5707964,0.0
1970-01-01 00:00:00.299533384,0.299533384,0.0,0.0,0.0,0.0,0.0,142.13983,0.0,0.0,-1.5707964,0.0
1970-01-01 00:00:00.299807675,0.299807675,408.32788,0.0,0.0,0.0,0.0,0.0,0.0,0.0,-1.5707964,0.0
1970-01-01 00:00:00.299842294,0.299842294,0.0,274.8636,0.0,0.0,0.0,0.0,0.0,0.0,-1.5707964,0.0
1970-01-01 00:00:00.300051885,0.300051885,93.0363,0.0,0.0,0.0,0.0,0.0,0.0,0.0,-1.5707964,0.0
1970-01-01 00:00:00.300086277,0.300086277,311.16913,0.0,0.0,0.0,0.0,0.0,0.0,0.0,-1.5707964,0.0
1970-01-01 00:00:00.300092502,0.300092502,0.0,0.0,0.0,0.0,0.0,214.36089,0.0,0.0,-1.5707964,0.0
1970-01-01 00:00:00.300207838,0.300207838,0.0,0.0,0.0,0.0,0.0,599.7913,0.0,0.0,-1.5707964,0.0
1970-01-01 00:00:00.300406474,0.300406474,0.0,0.0,0.0,493.1658,0.0,0.0,0.0,0.0,-1.5707964,0.0
1970-01-01 00:00:00.300461421,0.300461421,605.18463,0.0,0.0,0.0,0.0,0.0,0.0,0.0,-1.5707964,0.0
1970-01-01 00:00:00.300581967,0.300581967,0.0,0.0,568.0752,0.0,0.0,0.0,0.0,0.0,-1.5707964,0.0
1970-01-01 00:00:00.300835902,0.300835902,0.0,0.0,0.0,0.0,0.0,868.1164,0.0,0.0,-1.5707964,0.0
1970-01-01 00:00:00.300867424,0.300867424,0.0,132.77142,0.0,0.0,0.0,0.0,0.0,0.0,-1.5707964,0.0
1970-01-01 00:00:00.301274004,0.301274004,120.98807,0.0,0.0,0.0,0.0,0.0,0.0,0.0,-1.5707964,0.0
1970-01-01 00:00:00.301286268,0.301286268,0.0,0.0,0.0,0.0,0.0,167.56459,0.0,0.0,-1.5707964,0.0
1970-01-01 00:00:00.301286599,0.301286599,0.0,0.0,0.0,0.0,0.0,337.18115,0.0,0.0,-1.5707964,0.0
1970-01-01 00:00:00.301292668,0.301292668,929.34766,0.0,0.0,0.0,0.0,0.0,0.0,0.0,-1.5707964,0.0
1970-01-01 00:00:00.301363457,0.301363457,0.0,0.0,1119.3546,0.0,0.0,0.0,0.0,0.0,-1.5707964,0.0
1970-01-01 00:00:00.301414639,0.301414639,212.7559,0.0,0.0,0.0,0.0,0.0,0.0,0.0,-1.5707964,0.0
1970-01-01 00:00:00.301414855,0.301414855,285.34885,0.0,0.0,0.0,0.0,0.0,0.0,0.0,-1.5707964,0.0
1970-01-01 00:00:00.301577297,0.301577297,0.0,0.0,0.0,0.0,0.0,230.47089,0.0,0.0,-1.5707964,0.0
1970-01-01 00:00:00.301594510,0.30159451,123.84433,0.0,0.0,0.0,0.0,0.0,0.0,0.0,-1.5707964,0.0
1970-01-01 00:00:00.301613340,0.30161334,0.0,0.0,0.0,0.0,0.0,902.45044,0.0,0.0,-1.5707964,0.0
1970-01-01 00:00:00.301692010,0.30169201,678.6945,0.0,0.0,0.0,0.0,0.0,0.0,0.0,-1.5707964,0.0
1970-01-01 00:00:00.301716420,0.30171642,0.0,0.0,0.0,0.0,0.0,274.70175,0.0,0.0,-1.5707964,0.0
1970-01-01 00:00:00.301962591,0.301962591,0.0,0.0,0.0,0.0,0.0,159.276,0.0,0.0,-1.5707964,0.0
1970-01-01 00:00:00.302043324,0.302043324,0.0,0.0,0.0,0.0,0.0,357.04593,0.0,0.0,-1.5707964,0.0
1970-01-01 00:00:00.302121096,0.302121096,426.6156,0.0,0.0,0.0,0.0,0.0,0.0,0.0,-1.5707964,0.0
1970-01-01 00:00:00.302135704,0.302135704,0.0,0.0,0.0,0.0,0.0,201.93016,0.0,0.0,-1.5707964,0.0
1970-01-01 00:00:00.302140068,0.302140068,0.0,0.0,0.0,0.0,0.0,200.24583,0.0,0.0,-1.5707964,0.0
1970-01-01 00:00:00.302195609,0.302195609,234.31778,0.0,0.0,0.0,0.0,0.0,0.0,0.0,-1.5707964,0.0
1970-01-01 00:00:00.302284361,0.302284361,196.14459,0.0,0.0,0.0,0.0,0.0,0.0,0.0,-1.5707964,0.0
1970-01-01 00:00:00.302328293,0.302328293,0.0,955.51495,0.0,0.0,0.0,0.0,0.0,0.0,-1.5707964,0.0
1970-01-01 00:00:00.302331671,0.302331671,0.0,282.8556,0.0,0.0,0.0,0.0,0.0,0.0,-1.5707964,0.0
1970-01-01 00:00:00.302371235,0.302371235,0.0,0.0,0.0,0.0,0.0,243.10793,0.0,0.0,-1.5707964,0.0
1970-01-01 00:00:00.302653550,0.30265355,0.0,0.0,0.0,0.0,0.0,252.09972,0.0,0.0,-1.5707964,0.0
1970-01-01 00:00:00.302678616,0.302678616,0.0,0.0,0.0,0.0,0.0,865.40454,0.0,0.0,-1.5707964,0.0
1970-01-01 00:00:00.303033144,0.303033144,0.0,0.0,0.0,0.0,0.0,255.5506,0.0,0.0,-1.5707964,0.0
1970-01-01 00:00:00.303040023,0.303040023,0.0,0.0,0.0,0.0,0.0,431.08112,0.0,0.0,-1.5707964,0.0
1970-01-01 00:00:00.303203901,0.303203901,0.0,0.0,0.0,0.0,0.0,131.91835,0.0,0.0,-1.5707964,0.0
1970-01-01 00:00:00.303212037,0.303212037,108.93825,0.0,0.0,0.0,0.0,0.0,0.0,0.0,-1.5707964,0.0
1970-01-01 00:00:00.303356230,0.30335623,130.03506,0.0,0.0,0.0,0.0,0.0,0.0,0.0,-1.5707964,0.0
1970-01-01 00:00:00.303730478,0.303730478,0.0,0.0,0.0,0.0,0.0,118.2098,0.0,0.0,-1.5707964,0.0
1970-01-01 00:00:00.303793042,0.303793042,161.26936,0.0,0.0,0.0,0.0,0.0,0.0,0.0,-1.5707964,0.0
1970-01-01 00:00:00.303820466,0.303820466,325.38666,0.0,0.0,0.0,0.0,0.0,0.0,0.0,-1.5707964,0.0
1970-01-01 00:00:00.303897008,0.303897008,0.0,0.0,469.9734,0.0,0.0,0.0,0.0,0.0,-1.5707964,0.0
1970-01-01 00:00:00.304158200,0.3041582,235.5701,0.0,0.0,0.0,0.0,0.0,0.0,0.0,-1.5707964,0.0
1970-01-01 00:00:00.304214842,0.304214842,0.0,0.0,0.0,0.0,152.38861,0.0,0.0,0.0,-1.5707964,0.0
1970-01-01 00:00:00.304267432,0.304267432,0.0,0.0,0.0,0.0,0.0,256.32535,0.0,0.0,-1.5707964,0.0
1970-01-01 00:00:00.304290727,0.304290727,0.0,0.0,0.0,0.0,0.0,472.23804,0.0,0.0,-1.5707964,0.0
1970-01-01 00:00:00.304412474,0.304412474,0.0,117.70994,0.0,0.0,0.0,0.0,0.0,0.0,-1.5707964,0.0
1970-01-01 00:00:00.304634219,0.304634219,0.0,0.0,0.0,0.0,0.0,565.64087,0.0,0.0,-1.5707964,0.0
1970-01-01 00:00:00.304730064,0.304730064,370.33508,0.0,0.0,0.0,0.0,0.0,0.0,0.0,-1.5707964,0.0
1970-01-01 00:00:00.304777654,0.304777654,0.0,0.0,0.0,0.0,81.20313,0.0,0.0,0.0,-1.5707964,0.0
1970-01-01 00:00:00.304818165,0.304818165,0.0,0.0,0.0,0.0,0.0,179.38058,0.0,0.0,-1.5707964,0.0
1970-01-01 00:00:00.304898865,0.304898865,0.0,0.0,0.0,0.0,0.0,182.9489,0.0,0.0,-1.5707964,0.0
1970-01-01 00:00:00.304953834,0.304953834,0.0,0.0,0.0,201.36537,0.0,0.0,0.0,0.0,-1.5707964,0.0
1970-01-01 00:00:00.305170864,0.305170864,0.0,0.0,0.0,0.0,0.0,331.17398,0.0,0.0,-1.5707964,0.0
1970-01-01 00:00:00.305244173,0.305244173,0.0,0.0,0.0,0.0,0.0,316.95197,0.0,0.0,-1.5707964,0.0
1970-01-01 00:00:00.305270232,0.305270232,0.0,0.0,0.0,0.0,0.0,291.43262,0.0,0.0,-1.5707964,0.0
1970-01-01 00:00:00.305571870,0.30557187,0.0,0.0,0.0,0.0,0.0,472.16376,0.0,0.0,-1.5707964,0.0
1970-01-01 00:00:00.305621165,0.305621165,0.0,0.0,0.0,0.0,0.0,514.63354,0.0,0.0,-1.5707964,0.0
1970-01-01 00:00:00.305717905,0.305717905,0.0,0.0,0.0,174.0042,0.0,0.0,0.0,0.0,-1.5707964,0.0
1970-01-01 00:00:00.305751407,0.305751407,0.0,0.0,0.0,0.0,0.0,169.10605,0.0,0.0,-1.5707964,0.0
1970-01-01 00:00:00.305759491,0.305759491,122.99048,0.0,0.0,0.0,0.0,0.0,0.0,0.0,-1.5707964,0.0
1970-01-01 00:00:00.306251863,0.306251863,0.0,0.0,0.0,0.0,0.0,93.30109,0.0,0.0,-1.5707964,0.0
1970-01-01 00:00:00.306285856,0.306285856,0.0,745.7777,0.0,0.0,0.0,0.0,0.0,0.0,-1.5707964,0.0
1970-01-01 00:00:00.306412358,0.306412358,0.0,0.0,0.0,0.0,0.0,356.2436,0.0,0.0,-1.5707964,0.0
1970-01-01 00:00:00.306542945,0.306542945,97.368256,0.0,0.0,0.0,0.0,0.0,0.0,0.0,-1.5707964,0.0
1970-01-01 00:00:00.306726422,0.306726422,0.0,0.0,0.0,0.0,0.0,560.6413,0.0,0.0,-1.5707964,0.0
1970-01-01 00:00:00.306779953,0.306779953,0.0,304.67886,0.0,0.0,0.0,0.0,0.0,0.0,-1.5707964,0.0
1970-01-01 00:00:00.306814856,0.306814856,0.0,0.0,0.0,0.0,0.0,257.10843,0.0,0.0,-1.5707964,0.0
1970-01-01 00:00:00.306837558,0.306837558,0.0,0.0,0.0,0.0,0.0,540.82886,0.0,0.0,-1.5707964,0.0
1970-01-01 00:00:00.307000519,0.307000519,152.72697,0.0,0.0,0.0,0.0,0.0,0.0,0.0,-1.5707964,0.0
1970-01-01 00:00:00.307166476,0.307166476,344.7395,0.0,0.0,0.0,0.0,0.0,0.0,0.0,-1.5707964,0.0
1970-01-01 00:00:00.307184718,0.307184718,0.0,0.0,0.0,0.0,0.0,207.27443,0.0,0.0,-1.5707964,0.0
1970-01-01 00:00:00.307506001,0.307506001,0.0,462.4492,0.0,0.0,0.0,0.0,0.0,0.0,-1.5707964,0.0
1970-01-01 00:00:00.307712215,0.307712215,0.0,0.0,0.0,0.0,0.0,237.60509,0.0,0.0,-1.5707964,0.0
1970-01-01 00:00:00.307920328,0.307920328,0.0,419.9111,0.0,0.0,0.0,0.0,0.0,0.0,-1.5707964,0.0
1970-01-01 00:00:00.307926883,0.307926883,0.0,0.0,0.0,233.15552,0.0,0.0,0.0,0.0,-1.5707964,0.0
1970-01-01 00:00:00.307974570,0.30797457,0.0,0.0,517.9188,0.0,0.0,0.0,0.0,0.0,-1.5707964,0.0
1970-01-01 00:00:00.308016706,0.308016706,0.0,321.90182,0.0,0.0,0.0,0.0,0.0,0.0,-1.5707964,0.0
1970-01-01 00:00:00.308027836,0.308027836,0.0,348.65833,0.0,0.0,0.0,0.0,0.0,0.0,-1.5707964,0.0
1970-01-01 00:00:00.308383450,0.30838345,0.0,0.0,0.0,0.0,0.0,299.26816,0.0,0.0,-1.5707964,0.0
1970-01-01 00:00:00.308892569,0.308892569,0.0,0.0,0.0,0.0,0.0,353.52118,0.0,0.0,-1.5707964,0.0
1970-01-01 00:00:00.308901903,0.308901903,0.0,231.35088,0.0,0.0,0.0,0.0,0.0,0.0,-1.5707964,0.0
1970-01-01 00:00:00.308905473,0.308905473,347.15887,0.0,0.0,0.0,0.0,0.0,0.0,0.0,-1.5707964,0.0
1970-01-01 00:00:00.309013929,0.309013929,422.4217,0.0,0.0,0.0,0.0,0.0,0.0,0.0,-1.5707964,0.0
1970-01-01 00:00:00.309029560,0.30902956,144.53981,0.0,0.0,0.0,0.0,0.0,0.0,0.0,-1.5707964,0.0
1970-01-01 00:00:00.309044221,0.309044221,0.0,131.94545,0.0,0.0,0.0,0.0,0.0,0.0,-1.5707964,0.0
1970-01-01 00:00:00.309110633,0.309110633,0.0,0.0,0.0,0.0,0.0,192.49838,0.0,0.0,-1.5707964,0.0
1970-01-01 00:00:00.309199062,0.309199062,0.0,0.0,0.0,0.0,0.0,149.6923,0.0,0.0,-1.5707964,0.0
1970-01-01 00:00:00.309361927,0.309361927,0.0,0.0,0.0,0.0,0.0,90.76851,0.0,0.0,-1.5707964,0.0
1970-01-01 00:00:00.309400887,0.309400887,0.0,0.0,0.0,0.0,0.0,305.71164,0.0,0.0,-1.5707964,0.0
1970-01-01 00:00:00.309576577,0.309576577,0.0,0.0,0.0,0.0,0.0,463.60602,0.0,0.0,-1.5707964,0.0
1970-01-01 00:00:00.309816471,0.309816471,392.0811,0.0,0.0,0.0,0.0,0.0,0.0,0.0,-1.5707964,0.0
1970-01-01 00:00:00.309816797,0.309816797,0.0,0.0,0.0,0.0,0.0,644.69604,0.0,0.0,-1.5707964,0.0
1970-01-01 00:00:00.309838503,0.309838503,0.0,0.0,0.0,0.0,0.0,559.5236,0.0,0.0,-1.5707964,0.0
1970-01-01 00:00:00.310206735,0.310206735,327.08884,0.0,0.0,0.0,0.0,0.0,0.0,0.0,-1.5707964,0.0
1970-01-01 00:00:00.310257197,0.310257197,0.0,0.0,0.0,0.0,0.0,555.7163,0.0,0.0,-1.5707964,0.0
1970-01-01 00:00:00.310260863,0.310260863,0.0,0.0,0.0,0.0,0.0,239.98285,0.0,0.0,-1.5707964,0.0
1970-01-01 00:00:00.310638336,0.310638336,0.0,0.0,0.0,0.0,0.0,332.05396,0.0,0.0,-1.5707964,0.0
1970-01-01 00:00:00.311037152,0.311037152,0.0,0.0,0.0,0.0,0.0,145.17688,0.0,0.0,-1.5707964,0.0
1970-01-01 00:00:00.311124462,0.311124462,370.41782,0.0,0.0,0.0,0.0,0.0,0.0,0.0,-1.5707964,0.0
1970-01-01 00:00:00.311163695,0.311163695,0.0,0.0,0.0,0.0,388.1438,0.0,0.0,0.0,-1.5707964,0.0
1970-01-01 00:00:00.311241146,0.311241146,763.69104,0.0,0.0,0.0,0.0,0.0,0.0,0.0,-1.5707964,0.0
1970-01-01 00:00:00.311271700,0.3112717,0.0,0.0,0.0,0.0,82.958595,0.0,0.0,0.0,-1.5707964,0.0
1970-01-01 00:00:00.311281739,0.311281739,0.0,172.0081,0.0,0.0,0.0,0.0,0.0,0.0,-1.5707964,0.0
1970-01-01 00:00:00.311447814,0.311447814,0.0,253.94574,0.0,0.0,0.0,0.0,0.0,0.0,-1.5707964,0.0
1970-01-01 00:00:00.311480270,0.31148027,0.0,0.0,0.0,0.0,0.0,454.50342,0.0,0.0,-1.5707964,0.0
1970-01-01 00:00:00.312385641,0.312385641,0.0,0.0,0.0,0.0,0.0,300.74017,0.0,0.0,-1.5707964,0.0
1970-01-01 00:00:00.312561576,0.312561576,0.0,0.0,0.0,0.0,0.0,598.762,0.0,0.0,-1.5707964,0.0
1970-01-01 00:00:00.312664327,0.312664327,0.0,201.80428,0.0,0.0,0.0,0.0,0.0,0.0,-1.5707964,0.0
1970-01-01 00:00:00.312862725,0.312862725,0.0,0.0,0.0,0.0,0.0,217.28923,0.0,0.0,-1.5707964,0.0
1970-01-01 00:00:00.313460419,0.313460419,0.0,0.0,0.0,0.0,0.0,478.5116,0.0,0.0,-1.5707964,0.0
1970-01-01 00:00:00.313513484,0.313513484,0.0,0.0,0.0,0.0,0.0,103.08395,0.0,0.0,-1.5707964,0.0
1970-01-01 00:00:00.313626395,0.313626395,0.0,264.1362,0.0,0.0,0.0,0.0,0.0,0.0,-1.5707964,0.0
1970-01-01 00:00:00.313761559,0.313761559,0.0,0.0,0.0,0.0,0.0,462.56555,0.0,0.0,-1.5707964,0.0
1970-01-01 00:00:00.313804427,0.313804427,451.51575,0.0,0.0,0.0,0.0,0.0,0.0,0.0,-1.5707964,0.0
1970-01-01 00:00:00.313863344,0.313863344,0.0,0.0,0.0,0.0,0.0,218.52687,0.0,0.0,-1.5707964,0.0
1970-01-01 00:00:00.313892031,0.313892031,0.0,0.0,0.0,0.0,0.0,273.0446,0.0,0.0,-1.5707964,0.0
1970-01-01 00:00:00.313900393,0.313900393,212.06178,0.0,0.0,0.0,0.0,0.0,0.0,0.0,-1.5707964,0.0
1970-01-01 00:00:00.314032075,0.314032075,0.0,0.0,0.0,0.0,0.0,389.4266,0.0,0.0,-1.5707964,0.0
1970-01-01 00:00:00.314496231,0.314496231,0.0,278.74185,0.0,0.0,0.0,0.0,0.0,0.0,-1.5707964,0.0
1970-01-01 00:00:00.314941868,0.314941868,0.0,0.0,0.0,0.0,0.0,136.9049,0.0,0.0,-1.5707964,0.0
1970-01-01 00:00:00.315113312,0.315113312,144.70909,0.0,0.0,0.0,0.0,0.0,0.0,0.0,-1.5707964,0.0
1970-01-01 00:00:00.315158656,0.315158656,0.0,97.81062,0.0,0.0,0.0,0.0,0.0,0.0,-1.5707964,0.0
1970-01-01 00:00:00.315173537,0.315173537,1050.574,0.0,0.0,0.0,0.0,0.0,0.0,0.0,-1.5707964,0.0
1970-01-01 00:00:00.315432492,0.315432492,0.0,0.0,0.0,0.0,0.0,214.3067,0.0,0.0,-1.5707964,0.0
1970-01-01 00:00:00.315539592,0.315539592,302.35968,0.0,0.0,0.0,0.0,0.0,0.0,0.0,-1.5707964,0.0
1970-01-01 00:00:00.315554837,0.315554837,0.0,0.0,0.0,0.0,0.0,319.92517,0.0,0.0,-1.5707964,0.0
1970-01-01 00:00:00.315731382,0.315731382,170.16971,0.0,0.0,0.0,0.0,0.0,0.0,0.0,-1.5707964,0.0
1970-01-01 00:00:00.315844583,0.315844583,0.0,0.0,0.0,0.0,0.0,357.0149,0.0,0.0,-1.5707964,0.0
1970-01-01 00:00:00.316001825,0.316001825,591.55194,0.0,0.0,0.0,0.0,0.0,0.0,0.0,-1.5707964,0.0
1970-01-01 00:00:00.316238098,0.316238098,0.0,0.0,0.0,0.0,0.0,86.45761,0.0,0.0,-1.5707964,0.0
1970-01-01 00:00:00.316272584,0.316272584,0.0,0.0,0.0,0.0,170.64761,0.0,0.0,0.0,-1.5707964,0.0
1970-01-01 00:00:00.316294178,0.316294178,0.0,871.53424,0.0,0.0,0.0,0.0,0.0,0.0,-1.5707964,0.0
1970-01-01 00:00:00.316311589,0.316311589,0.0,296.32822,0.0,0.0,0.0,0.0,0.0,0.0,-1.5707964,0.0
1970-01-01 00:00:00.316545415,0.316545415,0.0,0.0,0.0,0.0,0.0,250.85358,0.0,0.0,-1.5707964,0.0
1970-01-01 00:00:00.316553336,0.316553336,0.0,0.0,0.0,0.0,0.0,185.10005,0.0,0.0,-1.5707964,0.0
1970-01-01 00:00:00.316682172,0.316682172,0.0,0.0,0.0,0.0,0.0,162.86374,0.0,0.0,-1.5707964,0.0
1970-01-01 00:00:00.316878553,0.316878553,0.0,263.1788,0.0,0.0,0.0,0.0,0.0,0.0,-1.5707964,0.0
1970-01-01 00:00:00.316947123,0.316947123,0.0,0.0,0.0,0.0,0.0,349.1067,0.0,0.0,-1.5707964,0.0
1970-01-01 00:00:00.317101171,0.317101171,0.0,204.744,0.0,0.0,0.0,0.0,0.0,0.0,-1.5707964,0.0
1970-01-01 00:00:00.317152513,0.317152513,0.0,0.0,0.0,0.0,0.0,431.5032,0.0,0.0,-1.5707964,0.0
1970-01-01 00:00:00.317179006,0.317179006,0.0,686.4056,0.0,0.0,0.0,0.0,0.0,0.0,-1.5707964,0.0
1970-01-01 00:00:00.317328589,0.317328589,0.0,0.0,0.0,0.0,0.0,420.65747,0.0,0.0,-1.5707964,0.0
1970-01-01 00:00:00.317338363,0.317338363,207.07504,0.0,0.0,0.0,0.0,0.0,0.0,0.0,-1.5707964,0.0
1970-01-01 00:00:00.317362599,0.317362599,166.95699,0.0,0.0,0.0,0.0,0.0,0.0,0.0,-1.5707964,0.0
1970-01-01 00:00:00.317458100,0.3174581,252.89333,0.0,0.0,0.0,0.0,0.0,0.0,0.0,-1.5707964,0.0
1970-01-01 00:00:00.317691870,0.31769187,0.0,313.37125,0.0,0.0,0.0,0.0,0.0,0.0,-1.5707964,0.0
1970-01-01 00:00:00.317864299,0.317864299,0.0,0.0,0.0,0.0,0.0,90.12924,0.0,0.0,-1.5707964,0.0
1970-01-01 00:00:00.317865719,0.317865719,193.0059,0.0,0.0,0.0,0.0,0.0,0.0,0.0,-1.5707964,0.0
1970-01-01 00:00:00.317928740,0.31792874,0.0,0.0,157.69899,0.0,0.0,0.0,0.0,0.0,-1.5707964,0.0
1970-01-01 00:00:00.317957712,0.317957712,0.0,558.90424,0.0,0.0,0.0,0.0,0.0,0.0,-1.5707964,0.0
1970-01-01 00:00:00.317975544,0.317975544,0.0,122.203354,0.0,0.0,0.0,0.0,0.0,0.0,-1.5707964,0.0
1970-01-01 00:00:00.318211503,0.318211503,0.0,0.0,0.0,0.0,0.0,394.13147,0.0,0.0,-1.5707964,0.0
1970-01-01 00:00:00.318216560,0.31821656,0.0,0.0,0.0,0.0,0.0,264.55576,0.0,0.0,-1.5707964,0.0
1970-01-01 00:00:00.318237386,0.318237386,0.0,0.0,0.0,807.1543,0.0,0.0,0.0,0.0,-1.5707964,0.0
1970-01-01 00:00:00.318302420,0.31830242,0.0,201.38045,0.0,0.0,0.0,0.0,0.0,0.0,-1.5707964,0.0
1970-01-01 00:00:00.318312897,0.318312897,0.0,0.0,0.0,0.0,0.0,149.43056,0.0,0.0,-1.5707964,0.0
1970-01-01 00:00:00.318334906,0.318334906,0.0,0.0,0.0,0.0,0.0,498.4769,0.0,0.0,-1.5707964,0.0
1970-01-01 00:00:00.318462579,0.318462579,0.0,0.0,0.0,0.0,0.0,152.93549,0.0,0.0,-1.5707964,0.0
1970-01-01 00:00:00.318850446,0.318850446,0.0,229.30208,0.0,0.0,0.0,0.0,0.0,0.0,-1.5707964,0.0
1970-01-01 00:00:00.318869177,0.318869177,0.0,450.72552,0.0,0.0,0.0,0.0,0.0,0.0,-1.5707964,0.0
1970-01-01 00:00:00.318959670,0.31895967,687.762,0.0,0.0,0.0,0.0,0.0,0.0,0.0,-1.5707964,0.0
1970-01-01 00:00:00.319060388,0.319060388,761.2959,0.0,0.0,0.0,0.0,0.0,0.0,0.0,-1.5707964,0.0
1970-01-01 00:00:00.319269431,0.319269431,627.0214,0.0,0.0,0.0,0.0,0.0,0.0,0.0,-1.5707964,0.0
1970-01-01 00:00:00.319354256,0.319354256,0.0,0.0,0.0,0.0,0.0,644.673,0.0,0.0,-1.5707964,0.0
1970-01-01 00:00:00.319609478,0.319609478,164.76822,0.0,0.0,0.0,0.0,0.0,0.0,0.0,-1.5707964,0.0
1970-01-01 00:00:00.319664237,0.319664237,99.52031,0.0,0.0,0.0,0.0,0.0,0.0,0.0,-1.5707964,0.0
1970-01-01 00:00:00.319664237,0.319664237,0.0,0.0,393.40225,0.0,0.0,0.0,0.0,0.0,-1.5707964,0.0
1970-01-01 00:00:00.319679163,0.319679163,0.0,106.31223,0.0,0.0,0.0,0.0,0.0,0.0,-1.5707964,0.0
1970-01-01 00:00:00.319921370,0.31992137,160.6901,0.0,0.0,0.0,0.0,0.0,0.0,0.0,-1.5707964,0.0
1970-01-01 00:00:00.319931572,0.319931572,128.73878,0.0,0.0,0.0,0.0,0.0,0.0,0.0,-1.5707964,0.0
1970-01-01 00:00:00.319992365,0.319992365,0.0,0.0,0.0,0.0,0.0,146.66399,0.0,0.0,-1.5707964,0.0
1970-01-01 00:00:00.320011020,0.32001102,833.8572,0.0,0.0,0.0,0.0,0.0,0.0,0.0,-1.5707964,0.0
1970-01-01 00:00:00.320041432,0.320041432,0.0,0.0,0.0,0.0,0.0,273.4563,0.0,0.0,-1.5707964,0.0
1970-01-01 00:00:00.320112574,0.320112574,0.0,0.0,0.0,0.0,0.0,839.6664,0.0,0.0,-1.5707964,0.0
1970-01-01 00:00:00.320177412,0.320177412,302.12436,0.0,0.0,0.0,0.0,0.0,0.0,0.0,-1.5707964,0.0
1970-01-01 00:00:00.320352018,0.320352018,0.0,0.0,0.0,0.0,0.0,245.62177,0.0,0.0,-1.5707964,0.0
1970-01-01 00:00:00.320402485,0.320402485,0.0,0.0,0.0,0.0,0.0,103.791374,0.0,0.0,-1.5707964,0.0
1970-01-01 00:00:00.320458437,0.320458437,388.06937,0.0,0.0,0.0,0.0,0.0,0.0,0.0,-1.5707964,0.0
1970-01-01 00:00:00.320564393,0.320564393,0.0,0.0,0.0,0.0,0.0,81.11018,0.0,0.0,-1.5707964,0.0
1970-01-01 00:00:00.320596011,0.320596011,0.0,0.0,0.0,239.74878,0.0,0.0,0.0,0.0,-1.5707964,0.0
1970-01-01 00:00:00.320644670,0.32064467,809.51355,0.0,0.0,0.0,0.0,0.0,0.0,0.0,-1.5707964,0.0
1970-01-01 00:00:00.320841676,0.320841676,0.0,0.0,145.87114,0.0,0.0,0.0,0.0,0.0,-1.5707964,0.0
1970-01-01 00:00:00.320983286,0.320983286,104.83578,0.0,0.0,0.0,0.0,0.0,0.0,0.0,-1.5707964,0.0
1970-01-01 00:00:00.321136511,0.321136511,0.0,0.0,0.0,0.0,0.0,178.88472,0.0,0.0,-1.5707964,0.0
1970-01-01 00:00:00.321274281,0.321274281,0.0,0.0,0.0,0.0,157.94603,0.0,0.0,0.0,-1.5707964,0.0
1970-01-01 00:00:00.321416797,0.321416797,0.0,0.0,0.0,0.0,0.0,1525.1102,0.0,0.0,-1.5707964,0.0
1970-01-01 00:00:00.321566975,0.321566975,0.0,0.0,0.0,0.0,0.0,101.611855,0.0,0.0,-1.5707964,0.0
1970-01-01 00:00:00.321682369,0.321682369,0.0,0.0,0.0,0.0,0.0,479.1325,0.0,0.0,-1.5707964,0.0
1970-01-01 00:00:00.321720055,0.321720055,328.47452,0.0,0.0,0.0,0.0,0.0,0.0,0.0,-1.5707964,0.0
1970-01-01 00:00:00.321833068,0.321833068,0.0,0.0,0.0,0.0,0.0,490.03622,0.0,0.0,-1.5707964,0.0
1970-01-01 00:00:00.321849598,0.321849598,750.7639,0.0,0.0,0.0,0.0,0.0,0.0,0.0,-1.5707964,0.0
1970-01-01 00:00:00.321849598,0.321849598,187.20386,0.0,0.0,0.0,0.0,0.0,0.0,0.0,-1.5707964,0.0
1970-01-01 00:00:00.321946120,0.32194612,0.0,0.0,0.0,0.0,0.0,217.98566,0.0,0.0,-1.5707964,0.0
1970-01-01 00:00:00.322186273,0.322186273,0.0,0.0,0.0,0.0,0.0,160.35143,0.0,0.0,-1.5707964,0.0
1970-01-01 00:00:00.322277671,0.322277671,0.0,0.0,0.0,0.0,142.59421,0.0,0.0,0.0,-1.5707964,0.0
1970-01-01 00:00:00.322382502,0.322382502,0.0,244.03667,0.0,0.0,0.0,0.0,0.0,0.0,-1.5707964,0.0
1970-01-01 00:00:00.322472498,0.322472498,0.0,0.0,0.0,0.0,0.0,287.63293,0.0,0.0,-1.5707964,0.0
1970-01-01 00:00:00.322474466,0.322474466,0.0,573.8468,0.0,0.0,0.0,0.0,0.0,0.0,-1.5707964,0.0
1970-01-01 00:00:00.323394776,0.323394776,128.02953,0.0,0.0,0.0,0.0,0.0,0.0,0.0,-1.5707964,0.0
1970-01-01 00:00:00.323416943,0.323416943,0.0,0.0,0.0,0.0,0.0,740.32654,0.0,0.0,-1.5707964,0.0
1970-01-01 00:00:00.323571699,0.323571699,0.0,188.30844,0.0,0.0,0.0,0.0,0.0,0.0,-1.5707964,0.0
1970-01-01 00:00:00.323677581,0.323677581,0.0,0.0,0.0,0.0,0.0,332.52597,0.0,0.0,-1.5707964,0.0
1970-01-01 00:00:00.323714679,0.323714679,0.0,0.0,0.0,0.0,0.0,163.16847,0.0,0.0,-1.5707964,0.0
1970-01-01 00:00:00.323862223,0.323862223,0.0,0.0,0.0,0.0,0.0,137.501,0.0,0.0,-1.5707964,0.0
1970-01-01 00:00:00.323938276,0.323938276,0.0,0.0,0.0,0.0,0.0,232.95692,0.0,0.0,-1.5707964,0.0
1970-01-01 00:00:00.324050226,0.324050226,0.0,0.0,0.0,0.0,0.0,269.9675,0.0,0.0,-1.5707964,0.0
1970-01-01 00:00:00.324064606,0.324064606,0.0,0.0,0.0,0.0,0.0,87.42555,0.0,0.0,-1.5707964,0.0
1970-01-01 00:00:00.324444157,0.324444157,81.58875,0.0,0.0,0.0,0.0,0.0,0.0,0.0,-1.5707964,0.0
1970-01-01 00:00:00.324655725,0.324655725,326.50626,0.0,0.0,0.0,0.0,0.0,0.0,0.0,-1.5707964,0.0
1970-01-01 00:00:00.324681763,0.324681763,0.0,0.0,0.0,0.0,0.0,1210.4613,0.0,0.0,-1.5707964,0.0
1970-01-01 00:00:00.325003388,0.325003388,2708.7124,0.0,0.0,0.0,0.0,0.0,0.0,0.0,-1.5707964,0.0
1970-01-01 00:00:00.325051743,0.325051743,0.0,0.0,0.0,0.0,0.0,326.62244,0.0,0.0,-1.5707964,0.0
1970-01-01 00:00:00.325139417,0.325139417,0.0,750.3927,0.0,0.0,0.0,0.0,0.0,0.0,-1.5707964,0.0
1970-01-01 00:00:00.325247101,0.325247101,0.0,226.44594,0.0,0.0,0.0,0.0,0.0,0.0,-1.5707964,0.0
1970-01-01 00:00:00.325360464,0.325360464,0.0,739.8027,0.0,0.0,0.0,0.0,0.0,0.0,-1.5707964,0.0
1970-01-01 00:00:00.325365551,0.325365551,0.0,263.05463,0.0,0.0,0.0,0.0,0.0,0.0,-1.5707964,0.0
1970-01-01 00:00:00.325446654,0.325446654,956.53436,0.0,0.0,0.0,0.0,0.0,0.0,0.0,-1.5707964,0.0
1970-01-01 00:00:00.325719769,0.325719769,0.0,313.14005,0.0,0.0,0.0,0.0,0.0,0.0,-1.5707964,0.0
1970-01-01 00:00:00.325747193,0.325747193,0.0,0.0,0.0,0.0,0.0,118.30114,0.0,0.0,-1.5707964,0.0
1970-01-01 00:00:00.325755806,0.325755806,0.0,119.88412,0.0,0.0,0.0,0.0,0.0,0.0,-1.5707964,0.0
1970-01-01 00:00:00.325774673,0.325774673,0.0,162.8558,0.0,0.0,0.0,0.0,0.0,0.0,-1.5707964,0.0
1970-01-01 00:00:00.325945849,0.325945849,0.0,0.0,0.0,0.0,298.80545,0.0,0.0,0.0,-1.5707964,0.0
1970-01-01 00:00:00.326029038,0.326029038,155.86223,0.0,0.0,0.0,0.0,0.0,0.0,0.0,-1.5707964,0.0
1970-01-01 00:00:00.326047064,0.326047064,0.0,0.0,0.0,0.0,0.0,183.42926,0.0,0.0,-1.5707964,0.0
1970-01-01 00:00:00.326047064,0.326047064,0.0,0.0,0.0,0.0,211.78525,0.0,0.0,0.0,-1.5707964,0.0
1970-01-01 00:00:00.326052268,0.326052268,0.0,0.0,138.3886,0.0,0.0,0.0,0.0,0.0,-1.5707964,0.0
1970-01-01 00:00:00.326139751,0.326139751,0.0,865.6552,0.0,0.0,0.0,0.0,0.0,0.0,-1.5707964,0.0
1970-01-01 00:00:00.326540491,0.326540491,0.0,113.103516,0.0,0.0,0.0,0.0,0.0,0.0,-1.5707964,0.0
1970-01-01 00:00:00.326574830,0.32657483,594.10913,0.0,0.0,0.0,0.0,0.0,0.0,0.0,-1.5707964,0.0
1970-01-01 00:00:00.326663798,0.326663798,0.0,0.0,0.0,0.0,0.0,298.0523,0.0,0.0,-1.5707964,0.0
1970-01-01 00:00:00.326759557,0.326759557,0.0,0.0,0.0,0.0,0.0,130.91304,0.0,0.0,-1.5707964,0.0
1970-01-01 00:00:00.326798236,0.326798236,0.0,139.65785,0.0,0.0,0.0,0.0,0.0,0.0,-1.5707964,0.0
1970-01-01 00:00:00.326808460,0.32680846,453.90207,0.0,0.0,0.0,0.0,0.0,0.0,0.0,-1.5707964,0.0
1970-01-01 00:00:00.327180200,0.3271802,91.03409,0.0,0.0,0.0,0.0,0.0,0.0,0.0,-1.5707964,0.0
1970-01-01 00:00:00.327409206,0.327409206,0.0,0.0,0.0,0.0,0.0,142.89061,0.0,0.0,-1.5707964,0.0
1970-01-01 00:00:00.327932691,0.327932691,162.92851,0.0,0.0,0.0,0.0,0.0,0.0,0.0,-1.5707964,0.0
1970-01-01 00:00:00.328244939,0.328244939,242.78084,0.0,0.0,0.0,0.0,0.0,0.0,0.0,-1.5707964,0.0
1970-01-01 00:00:00.328265769,0.328265769,0.0,0.0,0.0,0.0,252.93605,0.0,0.0,0.0,-1.5707964,0.0
1970-01-01 00:00:00.328440729,0.328440729,187.19066,0.0,0.0,0.0,0.0,0.0,0.0,0.0,-1.5707964,0.0
1970-01-01 00:00:00.328473773,0.328473773,0.0,687.53674,0.0,0.0,0.0,0.0,0.0,0.0,-1.5707964,0.0
1970-01-01 00:00:00.328588542,0.328588542,0.0,558.6311,0.0,0.0,0.0,0.0,0.0,0.0,-1.5707964,0.0
1970-01-01 00:00:00.328765705,0.328765705,0.0,311.72427,0.0,0.0,0.0,0.0,0.0,0.0,-1.5707964,0.0
1970-01-01 00:00:00.328978001,0.328978001,0.0,714.3532,0.0,0.0,0.0,0.0,0.0,0.0,-1.5707964,0.0
1970-01-01 00:00:00.329161378,0.329161378,0.0,173.82806,0.0,0.0,0.0,0.0,0.0,0.0,-1.5707964,0.0
1970-01-01 00:00:00.329204731,0.329204731,0.0,235.74754,0.0,0.0,0.0,0.0,0.0,0.0,-1.5707964,0.0
1970-01-01 00:00:00.329280386,0.329280386,0.0,0.0,0.0,0.0,0.0,662.454,0.0,0.0,-1.5707964,0.0
1970-01-01 00:00:00.329383704,0.329383704,0.0,0.0,0.0,0.0,0.0,258.40015,0.0,0.0,-1.5707964,0.0
1970-01-01 00:00:00.329601231,0.329601231,0.0,0.0,0.0,0.0,0.0,313.546,0.0,0.0,-1.5707964,0.0
1970-01-01 00:00:00.329706653,0.329706653,0.0,0.0,0.0,337.5374,0.0,0.0,0.0,0.0,-1.5707964,0.0
1970-01-01 00:00:00.329758113,0.329758113,0.0,0.0,210.51941,0.0,0.0,0.0,0.0,0.0,-1.5707964,0.0
1970-01-01 00:00:00.329943250,0.32994325,0.0,0.0,0.0,207.3571,0.0,0.0,0.0,0.0,-1.5707964,0.0
1970-01-01 00:00:00.330078552,0.330078552,0.0,0.0,0.0,0.0,0.0,127.141365,0.0,0.0,-1.5707964,0.0
1970-01-01 00:00:00.330207674,0.330207674,0.0,0.0,0.0,0.0,0.0,691.5634,0.0,0.0,-1.5707964,0.0
1970-01-01 00:00:00.330252869,0.330252869,872.9337,0.0,0.0,0.0,0.0,0.0,0.0,0.0,-1.5707964,0.0
1970-01-01 00:00:00.330629258,0.330629258,0.0,383.88712,0.0,0.0,0.0,0.0,0.0,0.0,-1.5707964,0.0
1970-01-01 00:00:00.330742145,0.330742145,0.0,106.63988,0.0,0.0,0.0,0.0,0.0,0.0,-1.5707964,0.0
1970-01-01 00:00:00.330742145,0.330742145,0.0,0.0,0.0,0.0,272.34656,0.0,0.0,0.0,-1.5707964,0.0
1970-01-01 00:00:00.330840738,0.330840738,84.62941,0.0,0.0,0.0,0.0,0.0,0.0,0.0,-1.5707964,0.0
1970-01-01 00:00:00.331060302,0.331060302,87.9695,0.0,0.0,0.0,0.0,0.0,0.0,0.0,-1.5707964,0.0
1970-01-01 00:00:00.331220046,0.331220046,0.0,0.0,0.0,0.0,0.0,904.5841,0.0,0.0,-1.5707964,0.0
1970-01-01 00:00:00.331220988,0.331220988,0.0,0.0,133.87029,0.0,0.0,0.0,0.0,0.0,-1.5707964,0.0
1970-01-01 00:00:00.331232724,0.331232724,0.0,0.0,0.0,0.0,0.0,306.83597,0.0,0.0,-1.5707964,0.0
1970-01-01 00:00:00.331249694,0.331249694,0.0,0.0,0.0,0.0,0.0,431.76553,0.0,0.0,-1.5707964,0.0
1970-01-01 00:00:00.331993626,0.331993626,81.72702,0.0,0.0,0.0,0.0,0.0,0.0,0.0,-1.5707964,0.0
1970-01-01 00:00:00.331996865,0.331996865,0.0,459.10666,0.0,0.0,0.0,0.0,0.0,0.0,-1.5707964,0.0
1970-01-01 00:00:00.332077953,0.332077953,0.0,232.89719,0.0,0.0,0.0,0.0,0.0,0.0,-1.5707964,0.0
1970-01-01 00:00:00.332091944,0.332091944,819.7358,0.0,0.0,0.0,0.0,0.0,0.0,0.0,-1.5707964,0.0
1970-01-01 00:00:00.332236948,0.332236948,0.0,384.36865,0.0,0.0,0.0,0.0,0.0,0.0,-1.5707964,0.0
1970-01-01 00:00:00.332256685,0.332256685,0.0,972.62115,0.0,0.0,0.0,0.0,0.0,0.0,-1.5707964,0.0
1970-01-01 00:00:00.332362109,0.332362109,0.0,226.07852,0.0,0.0,0.0,0.0,0.0,0.0,-1.5707964,0.0
1970-01-01 00:00:00.332420213,0.332420213,0.0,259.46393,0.0,0.0,0.0,0.0,0.0,0.0,-1.5707964,0.0
1970-01-01 00:00:00.332444134,0.332444134,258.1967,0.0,0.0,0.0,0.0,0.0,0.0,0.0,-1.5707964,0.0
1970-01-01 00:00:00.332466752,0.332466752,527.4491,0.0,0.0,0.0,0.0,0.0,0.0,0.0,-1.5707964,0.0
1970-01-01 00:00:00.332479857,0.332479857,246.017,0.0,0.0,0.0,0.0,0.0,0.0,0.0,-1.5707964,0.0
1970-01-01 00:00:00.332514223,0.332514223,207.50471,0.0,0.0,0.0,0.0,0.0,0.0,0.0,-1.5707964,0.0
1970-01-01 00:00:00.332844629,0.332844629,0.0,0.0,0.0,0.0,0.0,163.35448,0.0,0.0,-1.5707964,0.0
1970-01-01 00:00:00.332865285,0.332865285,279.747,0.0,0.0,0.0,0.0,0.0,0.0,0.0,-1.5707964,0.0
1970-01-01 00:00:00.332963180,0.33296318,0.0,0.0,0.0,0.0,0.0,867.76807,0.0,0.0,-1.5707964,0.0
1970-01-01 00:00:00.333281258,0.333281258,0.0,0.0,0.0,0.0,0.0,80.15013,0.0,0.0,-1.5707964,0.0
1970-01-01 00:00:00.333430300,0.3334303,0.0,0.0,0.0,0.0,0.0,261.98456,0.0,0.0,-1.5707964,0.0
1970-01-01 00:00:00.333436399,0.333436399,0.0,823.13336,0.0,0.0,0.0,0.0,0.0,0.0,-1.5707964,0.0
1970-01-01 00:00:00.333574451,0.333574451,0.0,185.92334,0.0,0.0,0.0,0.0,0.0,0.0,-1.5707964,0.0
1970-01-01 00:00:00.333822792,0.333822792,0.0,0.0,0.0,0.0,0.0,219.9422,0.0,0.0,-1.5707964,0.0
1970-01-01 00:00:00.333982491,0.333982491,0.0,0.0,0.0,0.0,0.0,884.7474,0.0,0.0,-1.5707964,0.0
1970-01-01 00:00:00.334243304,0.334243304,0.0,207.73248,0.0,0.0,0.0,0.0,0.0,0.0,-1.5707964,0.0
1970-01-01 00:00:00.334246399,0.334246399,0.0,0.0,0.0,0.0,0.0,486.07925,0.0,0.0,-1.5707964,0.0
1970-01-01 00:00:00.334283488,0.334283488,521.3449,0.0,0.0,0.0,0.0,0.0,0.0,0.0,-1.5707964,0.0
1970-01-01 00:00:00.334758168,0.334758168,0.0,1290.4263,0.0,0.0,0.0,0.0,0.0,0.0,-1.5707964,0.0
1970-01-01 00:00:00.334796453,0.334796453,0.0,0.0,0.0,362.62234,0.0,0.0,0.0,0.0,-1.5707964,0.0
1970-01-01 00:00:00.334882979,0.334882979,277.20316,0.0,0.0,0.0,0.0,0.0,0.0,0.0,-1.5707964,0.0
1970-01-01 00:00:00.334953214,0.334953214,0.0,0.0,0.0,806.3034,0.0,0.0,0.0,0.0,-1.5707964,0.0
1970-01-01 00:00:00.335083901,0.335083901,0.0,0.0,0.0,1421.308,0.0,0.0,0.0,0.0,-1.5707964,0.0
1970-01-01 00:00:00.335134171,0.335134171,0.0,234.19455,0.0,0.0,0.0,0.0,0.0,0.0,-1.5707964,0.0
1970-01-01 00:00:00.335231774,0.335231774,108.10221,0.0,0.0,0.0,0.0,0.0,0.0,0.0,-1.5707964,0.0
1970-01-01 00:00:00.335681958,0.335681958,0.0,0.0,0.0,0.0,0.0,186.96355,0.0,0.0,-1.5707964,0.0
1970-01-01 00:00:00.335754819,0.335754819,0.0,0.0,0.0,0.0,0.0,129.56152,0.0,0.0,-1.5707964,0.0
1970-01-01 00:00:00.335811561,0.335811561,0.0,0.0,526.1999,0.0,0.0,0.0,0.0,0.0,-1.5707964,0.0
1970-01-01 00:00:00.335954299,0.335954299,0.0,584.8865,0.0,0.0,0.0,0.0,0.0,0.0,-1.5707964,0.0
1970-01-01 00:00:00.335968026,0.335968026,0.0,0.0,0.0,0.0,0.0,95.694466,0.0,0.0,-1.5707964,0.0
1970-01-01 00:00:00.335975406,0.335975406,0.0,94.18976,0.0,0.0,0.0,0.0,0.0,0.0,-1.5707964,0.0
1970-01-01 00:00:00.336074040,0.33607404,0.0,0.0,337.54825,0.0,0.0,0.0,0.0,0.0,-1.5707964,0.0
1970-01-01 00:00:00.336201967,0.336201967,0.0,0.0,0.0,0.0,185.49005,0.0,0.0,0.0,-1.5707964,0.0
1970-01-01 00:00:00.336431025,0.336431025,633.4946,0.0,0.0,0.0,0.0,0.0,0.0,0.0,-1.5707964,0.0
1970-01-01 00:00:00.336556059,0.336556059,0.0,158.98766,0.0,0.0,0.0,0.0,0.0,0.0,-1.5707964,0.0
1970-01-01 00:00:00.336817306,0.336817306,0.0,0.0,0.0,0.0,0.0,211.57747,0.0,0.0,-1.5707964,0.0
1970-01-01 00:00:00.337065714,0.337065714,0.0,0.0,0.0,573.6583,0.0,0.0,0.0,0.0,-1.5707964,0.0
1970-01-01 00:00:00.337164407,0.337164407,0.0,0.0,0.0,0.0,0.0,357.02298,0.0,0.0,-1.5707964,0.0
1970-01-01 00:00:00.337246645,0.337246645,0.0,0.0,0.0,0.0,0.0,315.0172,0.0,0.0,-1.5707964,0.0
1970-01-01 00:00:00.337281905,0.337281905,0.0,0.0,0.0,0.0,0.0,334.85956,0.0,0.0,-1.5707964,0.0
1970-01-01 00:00:00.337295542,0.337295542,136.8584,0.0,0.0,0.0,0.0,0.0,0.0,0.0,-1.5707964,0.0
1970-01-01 00:00:00.337318699,0.337318699,0.0,94.440674,0.0,0.0,0.0,0.0,0.0,0.0,-1.5707964,0.0
1970-01-01 00:00:00.337419971,0.337419971,0.0,0.0,0.0,0.0,0.0,168.0382,0.0,0.0,-1.5707964,0.0
1970-01-01 00:00:00.337435818,0.337435818,0.0,203.69981,0.0,0.0,0.0,0.0,0.0,0.0,-1.5707964,0.0
1970-01-01 00:00:00.337443975,0.337443975,0.0,0.0,0.0,128.95663,0.0,0.0,0.0,0.0,-1.5707964,0.0
1970-01-01 00:00:00.337646584,0.337646584,0.0,225.62262,0.0,0.0,0.0,0.0,0.0,0.0,-1.5707964,0.0
1970-01-01 00:00:00.337728556,0.337728556,0.0,0.0,0.0,0.0,0.0,233.14133,0.0,0.0,-1.5707964,0.0
1970-01-01 00:00:00.337811472,0.337811472,0.0,286.59283,0.0,0.0,0.0,0.0,0.0,0.0,-1.5707964,0.0
1970-01-01 00:00:00.337889424,0.337889424,0.0,0.0,696.20636,0.0,0.0,0.0,0.0,0.0,-1.5707964,0.0
1970-01-01 00:00:00.337988864,0.337988864,459.535,0.0,0.0,0.0,0.0,0.0,0.0,0.0,-1.5707964,0.0
1970-01-01 00:00:00.338223360,0.33822336,0.0,707.9459,0.0,0.0,0.0,0.0,0.0,0.0,-1.5707964,0.0
1970-01-01 00:00:00.338308844,0.338308844,0.0,0.0,0.0,0.0,0.0,439.23953,0.0,0.0,-1.5707964,0.0
1970-01-01 00:00:00.338492397,0.338492397,0.0,0.0,0.0,0.0,0.0,157.12395,0.0,0.0,-1.5707964,0.0
1970-01-01 00:00:00.338748509,0.338748509,0.0,661.7827,0.0,0.0,0.0,0.0,0.0,0.0,-1.5707964,0.0
1970-01-01 00:00:00.338817503,0.338817503,169.69978,0.0,0.0,0.0,0.0,0.0,0.0,0.0,-1.5707964,0.0
1970-01-01 00:00:00.338826344,0.338826344,0.0,0.0,0.0,0.0,0.0,550.9082,0.0,0.0,-1.5707964,0.0
1970-01-01 00:00:00.338852981,0.338852981,0.0,820.9575,0.0,0.0,0.0,0.0,0.0,0.0,-1.5707964,0.0
1970-01-01 00:00:00.339227132,0.339227132,81.17152,0.0,0.0,0.0,0.0,0.0,0.0,0.0,-1.5707964,0.0
1970-01-01 00:00:00.339229883,0.339229883,0.0,85.59658,0.0,0.0,0.0,0.0,0.0,0.0,-1.5707964,0.0
1970-01-01 00:00:00.339237650,0.33923765,0.0,0.0,0.0,0.0,0.0,205.8066,0.0,0.0,-1.5707964,0.0
1970-01-01 00:00:00.339273922,0.339273922,499.40335,0.0,0.0,0.0,0.0,0.0,0.0,0.0,-1.5707964,0.0
1970-01-01 00:00:00.339329201,0.339329201,770.66925,0.0,0.0,0.0,0.0,0.0,0.0,0.0,-1.5707964,0.0
1970-01-01 00:00:00.339381594,0.339381594,0.0,181.08612,0.0,0.0,0.0,0.0,0.0,0.0,-1.5707964,0.0
1970-01-01 00:00:00.339497738,0.339497738,0.0,0.0,121.08398,0.0,0.0,0.0,0.0,0.0,-1.5707964,0.0
1970-01-01 00:00:00.339514305,0.339514305,0.0,247.24316,0.0,0.0,0.0,0.0,0.0,0.0,-1.5707964,0.0
1970-01-01 00:00:00.339638789,0.339638789,195.20033,0.0,0.0,0.0,0.0,0.0,0.0,0.0,-1.5707964,0.0
1970-01-01 00:00:00.339831301,0.339831301,0.0,0.0,0.0,303.75644,0.0,0.0,0.0,0.0,-1.5707964,0.0
1970-01-01 00:00:00.339863115,0.339863115,152.73987,0.0,0.0,0.0,0.0,0.0,0.0,0.0,-1.5707964,0.0
1970-01-01 00:00:00.339878265,0.339878265,0.0,0.0,0.0,0.0,0.0,1052.2991,0.0,0.0,-1.5707964,0.0
1970-01-01 00:00:00.339904525,0.339904525,183.0824,0.0,0.0,0.0,0.0,0.0,0.0,0.0,-1.5707964,0.0
1970-01-01 00:00:00.339929361,0.339929361,0.0,0.0,0.0,149.91173,0.0,0.0,0.0,0.0,-1.5707964,0.0
1970-01-01 00:00:00.340333791,0.340333791,114.75133,0.0,0.0,0.0,0.0,0.0,0.0,0.0,-1.5707964,0.0
1970-01-01 00:00:00.340382083,0.340382083,0.0,0.0,0.0,0.0,281.5773,0.0,0.0,0.0,-1.5707964,0.0
1970-01-01 00:00:00.340472424,0.340472424,0.0,135.96738,0.0,0.0,0.0,0.0,0.0,0.0,-1.5707964,0.0
1970-01-01 00:00:00.340477251,0.340477251,282.22922,0.0,0.0,0.0,0.0,0.0,0.0,0.0,-1.5707964,0.0
1970-01-01 00:00:00.340480634,0.340480634,0.0,0.0,0.0,0.0,0.0,249.12903,0.0,0.0,-1.5707964,0.0
1970-01-01 00:00:00.340675617,0.340675617,0.0,0.0,0.0,0.0,0.0,150.88637,0.0,0.0,-1.5707964,0.0
1970-01-01 00:00:00.340729853,0.340729853,0.0,333.05652,0.0,0.0,0.0,0.0,0.0,0.0,-1.5707964,0.0
1970-01-01 00:00:00.341004287,0.341004287,0.0,0.0,0.0,0.0,0.0,317.98032,0.0,0.0,-1.5707964,0.0
1970-01-01 00:00:00.341371838,0.341371838,0.0,0.0,0.0,0.0,0.0,158.26631,0.0,0.0,-1.5707964,0.0
1970-01-01 00:00:00.341381296,0.341381296,0.0,169.09396,0.0,0.0,0.0,0.0,0.0,0.0,-1.5707964,0.0
1970-01-01 00:00:00.341494206,0.341494206,0.0,298.86682,0.0,0.0,0.0,0.0,0.0,0.0,-1.5707964,0.0
1970-01-01 00:00:00.341530433,0.341530433,0.0,0.0,0.0,110.18533,0.0,0.0,0.0,0.0,-1.5707964,0.0
1970-01-01 00:00:00.341591316,0.341591316,0.0,0.0,0.0,0.0,157.17374,0.0,0.0,0.0,-1.5707964,0.0
1970-01-01 00:00:00.341647764,0.341647764,95.6932,0.0,0.0,0.0,0.0,0.0,0.0,0.0,-1.5707964,0.0
1970-01-01 00:00:00.341746389,0.341746389,0.0,0.0,0.0,0.0,0.0,689.3198,0.0,0.0,-1.5707964,0.0
1970-01-01 00:00:00.341754469,0.341754469,0.0,0.0,0.0,0.0,137.46431,0.0,0.0,0.0,-1.5707964,0.0
1970-01-01 00:00:00.341770638,0.341770638,0.0,0.0,0.0,0.0,0.0,420.52335,0.0,0.0,-1.5707964,0.0
1970-01-01 00:00:00.341944092,0.341944092,0.0,0.0,0.0,0.0,382.21118,0.0,0.0,0.0,-1.5707964,0.0
1970-01-01 00:00:00.341983174,0.341983174,95.4234,0.0,0.0,0.0,0.0,0.0,0.0,0.0,-1.5707964,0.0
1970-01-01 00:00:00.342001851,0.342001851,0.0,0.0,0.0,0.0,218.33682,0.0,0.0,0.0,-1.5707964,0.0
1970-01-01 00:00:00.342050578,0.342050578,339.78204,0.0,0.0,0.0,0.0,0.0,0.0,0.0,-1.5707964,0.0
1970-01-01 00:00:00.342052893,0.342052893,0.0,856.85406,0.0,0.0,0.0,0.0,0.0,0.0,-1.5707964,0.0
1970-01-01 00:00:00.342080451,0.342080451,206.81714,0.0,0.0,0.0,0.0,0.0,0.0,0.0,-1.5707964,0.0
1970-01-01 00:00:00.342084814,0.342084814,0.0,124.884384,0.0,0.0,0.0,0.0,0.0,0.0,-1.5707964,0.0
1970-01-01 00:00:00.342084814,0.342084814,0.0,0.0,0.0,0.0,659.5989,0.0,0.0,0.0,-1.5707964,0.0
1970-01-01 00:00:00.342109960,0.34210996,0.0,0.0,0.0,0.0,0.0,177.79025,0.0,0.0,-1.5707964,0.0
1970-01-01 00:00:00.342160412,0.342160412,102.575775,0.0,0.0,0.0,0.0,0.0,0.0,0.0,-1.5707964,0.0
1970-01-01 00:00:00.342340811,0.342340811,0.0,0.0,0.0,1172.7506,0.0,0.0,0.0,0.0,-1.5707964,0.0
1970-01-01 00:00:00.342399384,0.342399384,0.0,0.0,0.0,0.0,0.0,1325.7208,0.0,0.0,-1.5707964,0.0
1970-01-01 00:00:00.342452765,0.342452765,0.0,0.0,0.0,0.0,0.0,156.34062,0.0,0.0,-1.5707964,0.0
1970-01-01 00:00:00.342485853,0.342485853,0.0,0.0,274.47897,0.0,0.0,0.0,0.0,0.0,-1.5707964,0.0
1970-01-01 00:00:00.342510518,0.342510518,0.0,0.0,0.0,0.0,0.0,191.72499,0.0,0.0,-1.5707964,0.0
1970-01-01 00:00:00.342644525,0.342644525,0.0,125.70738,0.0,0.0,0.0,0.0,0.0,0.0,-1.5707964,0.0
1970-01-01 00:00:00.342693767,0.342693767,0.0,0.0,0.0,0.0,0.0,927.6092,0.0,0.0,-1.5707964,0.0
1970-01-01 00:00:00.342714280,0.34271428,0.0,225.30031,0.0,0.0,0.0,0.0,0.0,0.0,-1.5707964,0.0
1970-01-01 00:00:00.342724139,0.342724139,0.0,1035.2042,0.0,0.0,0.0,0.0,0.0,0.0,-1.5707964,0.0
1970-01-01 00:00:00.342734855,0.342734855,474.6885,0.0,0.0,0.0,0.0,0.0,0.0,0.0,-1.5707964,0.0
1970-01-01 00:00:00.342747919,0.342747919,0.0,0.0,0.0,0.0,0.0,385.90445,0.0,0.0,-1.5707964,0.0
1970-01-01 00:00:00.342748952,0.342748952,0.0,101.57902,0.0,0.0,0.0,0.0,0.0,0.0,-1.5707964,0.0
1970-01-01 00:00:00.342772318,0.342772318,0.0,0.0,454.22714,0.0,0.0,0.0,0.0,0.0,-1.5707964,0.0
1970-01-01 00:00:00.342817523,0.342817523,0.0,268.88226,0.0,0.0,0.0,0.0,0.0,0.0,-1.5707964,0.0
1970-01-01 00:00:00.343238529,0.343238529,138.84766,0.0,0.0,0.0,0.0,0.0,0.0,0.0,-1.5707964,0.0
1970-01-01 00:00:00.343238973,0.343238973,0.0,0.0,0.0,0.0,0.0,200.83359,0.0,0.0,-1.5707964,0.0
1970-01-01 00:00:00.343258936,0.343258936,0.0,0.0,0.0,0.0,0.0,368.19128,0.0,0.0,-1.5707964,0.0
1970-01-01 00:00:00.343332857,0.343332857,0.0,0.0,227.22386,0.0,0.0,0.0,0.0,0.0,-1.5707964,0.0
1970-01-01 00:00:00.343365585,0.343365585,0.0,0.0,0.0,0.0,0.0,168.83792,0.0,0.0,-1.5707964,0.0
1970-01-01 00:00:00.343379162,0.343379162,0.0,0.0,0.0,537.9357,0.0,0.0,0.0,0.0,-1.5707964,0.0
1970-01-01 00:00:00.343532173,0.343532173,96.504845,0.0,0.0,0.0,0.0,0.0,0.0,0.0,-1.5707964,0.0
1970-01-01 00:00:00.343649474,0.343649474,0.0,82.97959,0.0,0.0,0.0,0.0,0.0,0.0,-1.5707964,0.0
1970-01-01 00:00:00.343691468,0.343691468,0.0,0.0,217.61461,0.0,0.0,0.0,0.0,0.0,-1.5707964,0.0
1970-01-01 00:00:00.343911303,0.343911303,282.86374,0.0,0.0,0.0,0.0,0.0,0.0,0.0,-1.5707964,0.0
1970-01-01 00:00:00.344019741,0.344019741,0.0,107.79032,0.0,0.0,0.0,0.0,0.0,0.0,-1.5707964,0.0
1970-01-01 00:00:00.344041390,0.34404139,594.355,0.0,0.0,0.0,0.0,0.0,0.0,0.0,-1.5707964,0.0
1970-01-01 00:00:00.344131277,0.344131277,0.0,0.0,0.0,0.0,0.0,169.98358,0.0,0.0,-1.5707964,0.0
1970-01-01 00:00:00.344180415,0.344180415,0.0,1215.3585,0.0,0.0,0.0,0.0,0.0,0.0,-1.5707964,0.0
1970-01-01 00:00:00.344325543,0.344325543,699.4304,0.0,0.0,0.0,0.0,0.0,0.0,0.0,-1.5707964,0.0
1970-01-01 00:00:00.344343409,0.344343409,0.0,251.20248,0.0,0.0,0.0,0.0,0.0,0.0,-1.5707964,0.0
1970-01-01 00:00:00.344443063,0.344443063,82.21454,0.0,0.0,0.0,0.0,0.0,0.0,0.0,-1.5707964,0.0
1970-01-01 00:00:00.344448260,0.34444826,0.0,0.0,422.85736,0.0,0.0,0.0,0.0,0.0,-1.5707964,0.0
1970-01-01 00:00:00.344559551,0.344559551,0.0,0.0,0.0,0.0,638.2571,0.0,0.0,0.0,-1.5707964,0.0
1970-01-01 00:00:00.344584971,0.344584971,0.0,0.0,0.0,0.0,0.0,238.35016,0.0,0.0,-1.5707964,0.0
1970-01-01 00:00:00.344608458,0.344608458,0.0,0.0,0.0,0.0,175.45345,0.0,0.0,0.0,-1.5707964,0.0
1970-01-01 00:00:00.344676912,0.344676912,0.0,0.0,0.0,0.0,0.0,590.19653,0.0,0.0,-1.5707964,0.0
1970-01-01 00:00:00.344841343,0.344841343,0.0,0.0,0.0,0.0,0.0,405.6599,0.0,0.0,-1.5707964,0.0
1970-01-01 00:00:00.344919074,0.344919074,0.0,0.0,0.0,0.0,0.0,199.23901,0.0,0.0,-1.5707964,0.0
1970-01-01 00:00:00.345084170,0.34508417,0.0,0.0,0.0,0.0,0.0,116.8544,0.0,0.0,-1.5707964,0.0
1970-01-01 00:00:00.345195322,0.345195322,0.0,457.78085,0.0,0.0,0.0,0.0,0.0,0.0,-1.5707964,0.0
1970-01-01 00:00:00.345216575,0.345216575,0.0,0.0,0.0,0.0,0.0,1019.8732,0.0,0.0,-1.5707964,0.0
1970-01-01 00:00:00.345327751,0.345327751,127.92295,0.0,0.0,0.0,0.0,0.0,0.0,0.0,-1.5707964,0.0
1970-01-01 00:00:00.345433155,0.345433155,343.3387,0.0,0.0,0.0,0.0,0.0,0.0,0.0,-1.5707964,0.0
1970-01-01 00:00:00.345485544,0.345485544,0.0,456.5814,0.0,0.0,0.0,0.0,0.0,0.0,-1.5707964,0.0
1970-01-01 00:00:00.345665033,0.345665033,0.0,0.0,0.0,0.0,0.0,198.57912,0.0,0.0,-1.5707964,0.0
1970-01-01 00:00:00.345723718,0.345723718,0.0,0.0,0.0,0.0,0.0,121.49998,0.0,0.0,-1.5707964,0.0
1970-01-01 00:00:00.345730220,0.34573022,0.0,0.0,0.0,0.0,0.0,102.7033,0.0,0.0,-1.5707964,0.0
1970-01-01 00:00:00.345736903,0.345736903,0.0,126.4949,0.0,0.0,0.0,0.0,0.0,0.0,-1.5707964,0.0
1970-01-01 00:00:00.345750053,0.345750053,115.578835,0.0,0.0,0.0,0.0,0.0,0.0,0.0,-1.5707964,0.0
1970-01-01 00:00:00.345757686,0.345757686,0.0,0.0,0.0,0.0,0.0,470.15488,0.0,0.0,-1.5707964,0.0
1970-01-01 00:00:00.345860949,0.345860949,0.0,90.69648,0.0,0.0,0.0,0.0,0.0,0.0,-1.5707964,0.0
1970-01-01 00:00:00.345966466,0.345966466,0.0,0.0,0.0,0.0,227.74796,0.0,0.0,0.0,-1.5707964,0.0
1970-01-01 00:00:00.345987301,0.345987301,259.5203,0.0,0.0,0.0,0.0,0.0,0.0,0.0,-1.5707964,0.0
1970-01-01 00:00:00.346052131,0.346052131,0.0,96.84677,0.0,0.0,0.0,0.0,0.0,0.0,-1.5707964,0.0
1970-01-01 00:00:00.346085521,0.346085521,0.0,0.0,0.0,0.0,0.0,340.25165,0.0,0.0,-1.5707964,0.0
1970-01-01 00:00:00.346164177,0.346164177,0.0,0.0,0.0,0.0,101.27556,0.0,0.0,0.0,-1.5707964,0.0
1970-01-01 00:00:00.346397995,0.346397995,0.0,88.95979,0.0,0.0,0.0,0.0,0.0,0.0,-1.5707964,0.0
1970-01-01 00:00:00.346453917,0.346453917,0.0,0.0,0.0,0.0,223.5398,0.0,0.0,0.0,-1.5707964,0.0
1970-01-01 00:00:00.346540189,0.346540189,0.0,0.0,0.0,0.0,0.0,300.98813,0.0,0.0,-1.5707964,0.0
1970-01-01 00:00:00.346573175,0.346573175,0.0,0.0,0.0,0.0,228.03714,0.0,0.0,0.0,-1.5707964,0.0
1970-01-01 00:00:00.346573175,0.346573175,0.0,0.0,0.0,0.0,104.96628,0.0,0.0,0.0,-1.5707964,0.0
1970-01-01 00:00:00.346584235,0.346584235,0.0,0.0,0.0,0.0,0.0,231.04622,0.0,0.0,-1.5707964,0.0
1970-01-01 00:00:00.346792794,0.346792794,1176.5751,0.0,0.0,0.0,0.0,0.0,0.0,0.0,-1.5707964,0.0
1970-01-01 00:00:00.346851542,0.346851542,0.0,0.0,0.0,0.0,96.81888,0.0,0.0,0.0,-1.5707964,0.0
1970-01-01 00:00:00.346922128,0.346922128,0.0,0.0,0.0,0.0,230.22049,0.0,0.0,0.0,-1.5707964,0.0
1970-01-01 00:00:00.346935537,0.346935537,0.0,0.0,0.0,0.0,0.0,481.2741,0.0,0.0,-1.5707964,0.0
1970-01-01 00:00:00.347013100,0.3470131,475.34103,0.0,0.0,0.0,0.0,0.0,0.0,0.0,-1.5707964,0.0
1970-01-01 00:00:00.347363519,0.347363519,0.0,0.0,0.0,292.9273,0.0,0.0,0.0,0.0,-1.5707964,0.0
1970-01-01 00:00:00.347405389,0.347405389,0.0,0.0,0.0,0.0,131.06622,0.0,0.0,0.0,-1.5707964,0.0
1970-01-01 00:00:00.347452389,0.347452389,0.0,0.0,0.0,0.0,0.0,162.16603,0.0,0.0,-1.5707964,0.0
1970-01-01 00:00:00.347463935,0.347463935,0.0,103.03519,0.0,0.0,0.0,0.0,0.0,0.0,-1.5707964,0.0
1970-01-01 00:00:00.347516353,0.347516353,0.0,0.0,0.0,0.0,0.0,194.23793,0.0,0.0,-1.5707964,0.0
1970-01-01 00:00:00.347571281,0.347571281,0.0,0.0,0.0,0.0,0.0,537.0949,0.0,0.0,-1.5707964,0.0
1970-01-01 00:00:00.347586975,0.347586975,0.0,0.0,0.0,0.0,245.1963,0.0,0.0,0.0,-1.5707964,0.0
1970-01-01 00:00:00.347590086,0.347590086,0.0,370.7368,0.0,0.0,0.0,0.0,0.0,0.0,-1.5707964,0.0
1970-01-01 00:00:00.347662592,0.347662592,0.0,837.36615,0.0,0.0,0.0,0.0,0.0,0.0,-1.5707964,0.0
1970-01-01 00:00:00.347929395,0.347929395,139.21147,0.0,0.0,0.0,0.0,0.0,0.0,0.0,-1.5707964,0.0
1970-01-01 00:00:00.347933694,0.347933694,0.0,0.0,0.0,0.0,0.0,165.41496,0.0,0.0,-1.5707964,0.0
1970-01-01 00:00:00.348014028,0.348014028,0.0,0.0,0.0,553.4226,0.0,0.0,0.0,0.0,-1.5707964,0.0
1970-01-01 00:00:00.348082778,0.348082778,0.0,0.0,0.0,0.0,0.0,409.2507,0.0,0.0,-1.5707964,0.0
1970-01-01 00:00:00.348159271,0.348159271,0.0,0.0,0.0,0.0,0.0,299.89935,0.0,0.0,-1.5707964,0.0
1970-01-01 00:00:00.348185703,0.348185703,655.44586,0.0,0.0,0.0,0.0,0.0,0.0,0.0,-1.5707964,0.0
1970-01-01 00:00:00.348273795,0.348273795,0.0,176.7689,0.0,0.0,0.0,0.0,0.0,0.0,-1.5707964,0.0
1970-01-01 00:00:00.348299866,0.348299866,0.0,0.0,218.87187,0.0,0.0,0.0,0.0,0.0,-1.5707964,0.0
1970-01-01 00:00:00.348309498,0.348309498,0.0,1111.8058,0.0,0.0,0.0,0.0,0.0,0.0,-1.5707964,0.0
1970-01-01 00:00:00.348420381,0.348420381,283.55774,0.0,0.0,0.0,0.0,0.0,0.0,0.0,-1.5707964,0.0
1970-01-01 00:00:00.348427589,0.348427589,0.0,0.0,0.0,0.0,1039.649,0.0,0.0,0.0,-1.5707964,0.0
1970-01-01 00:00:00.348479028,0.348479028,0.0,0.0,0.0,0.0,0.0,266.5697,0.0,0.0,-1.5707964,0.0
1970-01-01 00:00:00.348590404,0.348590404,0.0,0.0,0.0,0.0,0.0,169.09883,0.0,0.0,-1.5707964,0.0
1970-01-01 00:00:00.348603127,0.348603127,0.0,0.0,0.0,0.0,0.0,412.71716,0.0,0.0,-1.5707964,0.0
1970-01-01 00:00:00.348604165,0.348604165,0.0,0.0,0.0,0.0,338.2888,0.0,0.0,0.0,-1.5707964,0.0
1970-01-01 00:00:00.348762638,0.348762638,0.0,342.63983,0.0,0.0,0.0,0.0,0.0,0.0,-1.5707964,0.0
1970-01-01 00:00:00.348777145,0.348777145,561.9736,0.0,0.0,0.0,0.0,0.0,0.0,0.0,-1.5707964,0.0
1970-01-01 00:00:00.348780895,0.348780895,0.0,0.0,517.82605,0.0,0.0,0.0,0.0,0.0,-1.5707964,0.0
1970-01-01 00:00:00.348852048,0.348852048,0.0,0.0,0.0,0.0,0.0,172.64784,0.0,0.0,-1.5707964,0.0
1970-01-01 00:00:00.348863881,0.348863881,0.0,0.0,0.0,0.0,105.42558,0.0,0.0,0.0,-1.5707964,0.0
1970-01-01 00:00:00.348892108,0.348892108,309.28525,0.0,0.0,0.0,0.0,0.0,0.0,0.0,-1.5707964,0.0
1970-01-01 00:00:00.348894740,0.34889474,0.0,104.00862,0.0,0.0,0.0,0.0,0.0,0.0,-1.5707964,0.0
1970-01-01 00:00:00.348942442,0.348942442,0.0,366.27768,0.0,0.0,0.0,0.0,0.0,0.0,-1.5707964,0.0
1970-01-01 00:00:00.348946837,0.348946837,1366.9247,0.0,0.0,0.0,0.0,0.0,0.0,0.0,-1.5707964,0.0
1970-01-01 00:00:00.348962280,0.34896228,0.0,0.0,0.0,0.0,0.0,552.3934,0.0,0.0,-1.5707964,0.0
1970-01-01 00:00:00.348966517,0.348966517,0.0,0.0,0.0,0.0,0.0,425.2584,0.0,0.0,-1.5707964,0.0
1970-01-01 00:00:00.348977997,0.348977997,0.0,101.425476,0.0,0.0,0.0,0.0,0.0,0.0,-1.5707964,0.0
1970-01-01 00:00:00.349199030,0.34919903,0.0,114.46091,0.0,0.0,0.0,0.0,0.0,0.0,-1.5707964,0.0
1970-01-01 00:00:00.349271445,0.349271445,0.0,325.3958,0.0,0.0,0.0,0.0,0.0,0.0,-1.5707964,0.0
1970-01-01 00:00:00.349320761,0.349320761,0.0,317.90717,0.0,0.0,0.0,0.0,0.0,0.0,-1.5707964,0.0
1970-01-01 00:00:00.349340236,0.349340236,0.0,166.3225,0.0,0.0,0.0,0.0,0.0,0.0,-1.5707964,0.0
1970-01-01 00:00:00.349358768,0.349358768,0.0,0.0,0.0,0.0,0.0,878.6858,0.0,0.0,-1.5707964,0.0
1970-01-01 00:00:00.349366815,0.349366815,0.0,0.0,0.0,0.0,0.0,480.5255,0.0,0.0,-1.5707964,0.0
1970-01-01 00:00:00.349438393,0.349438393,0.0,0.0,0.0,0.0,0.0,89.05674,0.0,0.0,-1.5707964,0.0
1970-01-01 00:00:00.349547491,0.349547491,163.60864,0.0,0.0,0.0,0.0,0.0,0.0,0.0,-1.5707964,0.0
1970-01-01 00:00:00.349633105,0.349633105,0.0,0.0,0.0,0.0,0.0,1099.1433,0.0,0.0,-1.5707964,0.0
1970-01-01 00:00:00.349679962,0.349679962,0.0,0.0,0.0,0.0,0.0,496.93176,0.0,0.0,-1.5707964,0.0
1970-01-01 00:00:00.349815022,0.349815022,0.0,1222.8354,0.0,0.0,0.0,0.0,0.0,0.0,-1.5707964,0.0
1970-01-01 00:00:00.349858816,0.349858816,109.083336,0.0,0.0,0.0,0.0,0.0,0.0,0.0,-1.5707964,0.0
1970-01-01 00:00:00.349920107,0.349920107,0.0,1007.6679,0.0,0.0,0.0,0.0,0.0,0.0,-1.5707964,0.0
1970-01-01 00:00:00.349952644,0.349952644,0.0,578.9589,0.0,0.0,0.0,0.0,0.0,0.0,-1.5707964,0.0
1970-01-01 00:00:00.350008250,0.35000825,460.03278,0.0,0.0,0.0,0.0,0.0,0.0,0.0,-1.5707964,0.0
1970-01-01 00:00:00.350068824,0.350068824,201.28728,0.0,0.0,0.0,0.0,0.0,0.0,0.0,-1.5707964,0.0
1970-01-01 00:00:00.350119292,0.350119292,578.2354,0.0,0.0,0.0,0.0,0.0,0.0,0.0,-1.5707964,0.0
1970-01-01 00:00:00.350143698,0.350143698,436.02634,0.0,0.0,0.0,0.0,0.0,0.0,0.0,-1.5707964,0.0
1970-01-01 00:00:00.350143698,0.350143698,0.0,0.0,80.432335,0.0,0.0,0.0,0.0,0.0,-1.5707964,0.0
1970-01-01 00:00:00.350255235,0.350255235,484.82074,0.0,0.0,0.0,0.0,0.0,0.0,0.0,-1.5707964,0.0
1970-01-01 00:00:00.350285911,0.350285911,0.0,424.9544,0.0,0.0,0.0,0.0,0.0,0.0,-1.5707964,0.0
1970-01-01 00:00:00.350368703,0.350368703,0.0,668.81396,0.0,0.0,0.0,0.0,0.0,0.0,-1.5707964,0.0
1970-01-01 00:00:00.350576361,0.350576361,0.0,0.0,185.67104,0.0,0.0,0.0,0.0,0.0,-1.5707964,0.0
1970-01-01 00:00:00.350616927,0.350616927,0.0,0.0,0.0,0.0,0.0,131.06287,0.0,0.0,-1.5707964,0.0
1970-01-01 00:00:00.351018732,0.351018732,0.0,0.0,0.0,0.0,0.0,184.52232,0.0,0.0,-1.5707964,0.0
1970-01-01 00:00:00.351055146,0.351055146,0.0,0.0,0.0,0.0,256.72537,0.0,0.0,0.0,-1.5707964,0.0
1970-01-01 00:00:00.351105029,0.351105029,0.0,0.0,0.0,0.0,0.0,376.68097,0.0,0.0,-1.5707964,0.0
1970-01-01 00:00:00.351239175,0.351239175,311.6247,0.0,0.0,0.0,0.0,0.0,0.0,0.0,-1.5707964,0.0
1970-01-01 00:00:00.351264518,0.351264518,0.0,0.0,0.0,0.0,0.0,757.82227,0.0,0.0,-1.5707964,0.0
1970-01-01 00:00:00.351336980,0.35133698,0.0,0.0,0.0,0.0,0.0,86.1585,0.0,0.0,-1.5707964,0.0
1970-01-01 00:00:00.351451001,0.351451001,0.0,0.0,0.0,0.0,0.0,389.81192,0.0,0.0,-1.5707964,0.0
1970-01-01 00:00:00.351509889,0.351509889,320.3322,0.0,0.0,0.0,0.0,0.0,0.0,0.0,-1.5707964,0.0
1970-01-01 00:00:00.351741167,0.351741167,571.92316,0.0,0.0,0.0,0.0,0.0,0.0,0.0,-1.5707964,0.0
1970-01-01 00:00:00.351774213,0.351774213,0.0,0.0,0.0,0.0,0.0,261.18976,0.0,0.0,-1.5707964,0.0
1970-01-01 00:00:00.351836676,0.351836676,0.0,0.0,0.0,0.0,0.0,167.84203,0.0,0.0,-1.5707964,0.0
1970-01-01 00:00:00.351943053,0.351943053,0.0,0.0,113.85786,0.0,0.0,0.0,0.0,0.0,-1.5707964,0.0
1970-01-01 00:00:00.351968154,0.351968154,0.0,0.0,0.0,0.0,0.0,398.52444,0.0,0.0,-1.5707964,0.0
1970-01-01 00:00:00.351976226,0.351976226,222.82928,0.0,0.0,0.0,0.0,0.0,0.0,0.0,-1.5707964,0.0
1970-01-01 00:00:00.351982547,0.351982547,0.0,0.0,0.0,0.0,0.0,738.2027,0.0,0.0,-1.5707964,0.0
1970-01-01 00:00:00.352116286,0.352116286,0.0,132.88037,0.0,0.0,0.0,0.0,0.0,0.0,-1.5707964,0.0
1970-01-01 00:00:00.352131453,0.352131453,0.0,0.0,0.0,0.0,0.0,250.04947,0.0,0.0,-1.5707964,0.0
1970-01-01 00:00:00.352290334,0.352290334,0.0,1182.862,0.0,0.0,0.0,0.0,0.0,0.0,-1.5707964,0.0
1970-01-01 00:00:00.352332066,0.352332066,0.0,0.0,0.0,0.0,175.0611,0.0,0.0,0.0,-1.5707964,0.0
1970-01-01 00:00:00.352361760,0.35236176,0.0,86.192856,0.0,0.0,0.0,0.0,0.0,0.0,-1.5707964,0.0
1970-01-01 00:00:00.352371147,0.352371147,0.0,592.2821,0.0,0.0,0.0,0.0,0.0,0.0,-1.5707964,0.0
1970-01-01 00:00:00.352400472,0.352400472,0.0,0.0,0.0,0.0,0.0,635.3184,0.0,0.0,-1.5707964,0.0
1970-01-01 00:00:00.352430675,0.352430675,0.0,0.0,0.0,487.30872,0.0,0.0,0.0,0.0,-1.5707964,0.0
1970-01-01 00:00:00.352501710,0.35250171,0.0,0.0,0.0,0.0,0.0,168.4234,0.0,0.0,-1.5707964,0.0
1970-01-01 00:00:00.352584793,0.352584793,341.50198,0.0,0.0,0.0,0.0,0.0,0.0,0.0,-1.5707964,0.0
1970-01-01 00:00:00.352598989,0.352598989,0.0,213.05937,0.0,0.0,0.0,0.0,0.0,0.0,-1.5707964,0.0
1970-01-01 00:00:00.352602181,0.352602181,170.90079,0.0,0.0,0.0,0.0,0.0,0.0,0.0,-1.5707964,0.0
1970-01-01 00:00:00.352621803,0.352621803,0.0,90.72018,0.0,0.0,0.0,0.0,0.0,0.0,-1.5707964,0.0
1970-01-01 00:00:00.352646009,0.352646009,262.39508,0.0,0.0,0.0,0.0,0.0,0.0,0.0,-1.5707964,0.0
1970-01-01 00:00:00.352812874,0.352812874,0.0,0.0,0.0,0.0,0.0,205.80904,0.0,0.0,-1.5707964,0.0
1970-01-01 00:00:00.352978937,0.352978937,0.0,0.0,0.0,0.0,0.0,260.2491,0.0,0.0,-1.5707964,0.0
1970-01-01 00:00:00.353033166,0.353033166,0.0,0.0,0.0,0.0,0.0,389.22577,0.0,0.0,-1.5707964,0.0
1970-01-01 00:00:00.353133343,0.353133343,0.0,595.4571,0.0,0.0,0.0,0.0,0.0,0.0,-1.5707964,0.0
1970-01-01 00:00:00.353243347,0.353243347,0.0,0.0,0.0,0.0,534.2451,0.0,0.0,0.0,-1.5707964,0.0
1970-01-01 00:00:00.353312521,0.353312521,0.0,0.0,0.0,0.0,0.0,607.58716,0.0,0.0,-1.5707964,0.0
1970-01-01 00:00:00.353317288,0.353317288,0.0,0.0,88.67735,0.0,0.0,0.0,0.0,0.0,-1.5707964,0.0
1970-01-01 00:00:00.353393661,0.353393661,394.56522,0.0,0.0,0.0,0.0,0.0,0.0,0.0,-1.5707964,0.0
1970-01-01 00:00:00.353471331,0.353471331,595.1584,0.0,0.0,0.0,0.0,0.0,0.0,0.0,-1.5707964,0.0
1970-01-01 00:00:00.353483617,0.353483617,0.0,0.0,0.0,0.0,0.0,147.22456,0.0,0.0,-1.5707964,0.0
1970-01-01 00:00:00.353604865,0.353604865,0.0,0.0,1014.27075,0.0,0.0,0.0,0.0,0.0,-1.5707964,0.0
1970-01-01 00:00:00.353738653,0.353738653,0.0,198.48886,0.0,0.0,0.0,0.0,0.0,0.0,-1.5707964,0.0
1970-01-01 00:00:00.353819604,0.353819604,0.0,0.0,0.0,0.0,0.0,82.36285,0.0,0.0,-1.5707964,0.0
1970-01-01 00:00:00.353849845,0.353849845,0.0,0.0,0.0,0.0,301.1785,0.0,0.0,0.0,-1.5707964,0.0
1970-01-01 00:00:00.354055127,0.354055127,0.0,0.0,83.38732,0.0,0.0,0.0,0.0,0.0,-1.5707964,0.0
1970-01-01 00:00:00.354275292,0.354275292,0.0,0.0,0.0,267.65176,0.0,0.0,0.0,0.0,-1.5707964,0.0
1970-01-01 00:00:00.354332417,0.354332417,90.90257,0.0,0.0,0.0,0.0,0.0,0.0,0.0,-1.5707964,0.0
1970-01-01 00:00:00.354459338,0.354459338,86.13297,0.0,0.0,0.0,0.0,0.0,0.0,0.0,-1.5707964,0.0
1970-01-01 00:00:00.354510694,0.354510694,132.7132,0.0,0.0,0.0,0.0,0.0,0.0,0.0,-1.5707964,0.0
1970-01-01 00:00:00.354560937,0.354560937,0.0,0.0,0.0,0.0,0.0,344.40186,0.0,0.0,-1.5707964,0.0
1970-01-01 00:00:00.354560937,0.354560937,0.0,0.0,0.0,0.0,0.0,477.4271,0.0,0.0,-1.5707964,0.0
1970-01-01 00:00:00.354567518,0.354567518,613.6252,0.0,0.0,0.0,0.0,0.0,0.0,0.0,-1.5707964,0.0
1970-01-01 00:00:00.354611406,0.354611406,284.89435,0.0,0.0,0.0,0.0,0.0,0.0,0.0,-1.5707964,0.0
1970-01-01 00:00:00.354810571,0.354810571,579.9048,0.0,0.0,0.0,0.0,0.0,0.0,0.0,-1.5707964,0.0
1970-01-01 00:00:00.354857107,0.354857107,0.0,0.0,169.29164,0.0,0.0,0.0,0.0,0.0,-1.5707964,0.0
1970-01-01 00:00:00.354961625,0.354961625,0.0,0.0,0.0,0.0,0.0,392.08292,0.0,0.0,-1.5707964,0.0
1970-01-01 00:00:00.355130411,0.355130411,0.0,251.42601,0.0,0.0,0.0,0.0,0.0,0.0,-1.5707964,0.0
1970-01-01 00:00:00.355464596,0.355464596,0.0,0.0,0.0,0.0,0.0,547.60754,0.0,0.0,-1.5707964,0.0
1970-01-01 00:00:00.355473902,0.355473902,0.0,0.0,0.0,0.0,0.0,118.339294,0.0,0.0,-1.5707964,0.0
1970-01-01 00:00:00.355612159,0.355612159,0.0,0.0,0.0,0.0,0.0,337.80908,0.0,0.0,-1.5707964,0.0
1970-01-01 00:00:00.355801702,0.355801702,0.0,0.0,0.0,163.80043,0.0,0.0,0.0,0.0,-1.5707964,0.0
1970-01-01 00:00:00.355944431,0.355944431,548.3248,0.0,0.0,0.0,0.0,0.0,0.0,0.0,-1.5707964,0.0
1970-01-01 00:00:00.356026428,0.356026428,243.64922,0.0,0.0,0.0,0.0,0.0,0.0,0.0,-1.5707964,0.0
1970-01-01 00:00:00.356052891,0.356052891,0.0,0.0,0.0,0.0,0.0,130.91124,0.0,0.0,-1.5707964,0.0
1970-01-01 00:00:00.356097426,0.356097426,0.0,0.0,0.0,0.0,0.0,307.26468,0.0,0.0,-1.5707964,0.0
1970-01-01 00:00:00.356211219,0.356211219,0.0,0.0,0.0,0.0,322.12863,0.0,0.0,0.0,-1.5707964,0.0
1970-01-01 00:00:00.356751147,0.356751147,0.0,0.0,0.0,0.0,0.0,136.55708,0.0,0.0,-1.5707964,0.0
1970-01-01 00:00:00.356989043,0.356989043,0.0,0.0,0.0,0.0,0.0,496.18393,0.0,0.0,-1.5707964,0.0
1970-01-01 00:00:00.357000627,0.357000627,0.0,201.35692,0.0,0.0,0.0,0.0,0.0,0.0,-1.5707964,0.0
1970-01-01 00:00:00.357010741,0.357010741,0.0,622.0208,0.0,0.0,0.0,0.0,0.0,0.0,-1.5707964,0.0
1970-01-01 00:00:00.357787457,0.357787457,0.0,0.0,135.94443,0.0,0.0,0.0,0.0,0.0,-1.5707964,0.0
1970-01-01 00:00:00.357810309,0.357810309,0.0,0.0,0.0,0.0,0.0,633.2383,0.0,0.0,-1.5707964,0.0
1970-01-01 00:00:00.357931047,0.357931047,0.0,1228.1305,0.0,0.0,0.0,0.0,0.0,0.0,-1.5707964,0.0
1970-01-01 00:00:00.357986554,0.357986554,0.0,0.0,0.0,0.0,0.0,150.0335,0.0,0.0,-1.5707964,0.0
1970-01-01 00:00:00.358270644,0.358270644,0.0,0.0,0.0,0.0,0.0,327.50455,0.0,0.0,-1.5707964,0.0
1970-01-01 00:00:00.358534503,0.358534503,0.0,0.0,227.3104,0.0,0.0,0.0,0.0,0.0,-1.5707964,0.0
1970-01-01 00:00:00.358640898,0.358640898,269.7071,0.0,0.0,0.0,0.0,0.0,0.0,0.0,-1.5707964,0.0
1970-01-01 00:00:00.358857273,0.358857273,0.0,0.0,0.0,0.0,0.0,423.40576,0.0,0.0,-1.5707964,0.0
1970-01-01 00:00:00.358999977,0.358999977,0.0,0.0,0.0,0.0,0.0,359.25174,0.0,0.0,-1.5707964,0.0
1970-01-01 00:00:00.359139499,0.359139499,619.8394,0.0,0.0,0.0,0.0,0.0,0.0,0.0,-1.5707964,0.0
1970-01-01 00:00:00.359164190,0.35916419,181.9172,0.0,0.0,0.0,0.0,0.0,0.0,0.0,-1.5707964,0.0
1970-01-01 00:00:00.359213255,0.359213255,0.0,262.14304,0.0,0.0,0.0,0.0,0.0,0.0,-1.5707964,0.0
1970-01-01 00:00:00.359261050,0.35926105,0.0,0.0,0.0,0.0,0.0,551.3084,0.0,0.0,-1.5707964,0.0
1970-01-01 00:00:00.359335852,0.359335852,123.81371,0.0,0.0,0.0,0.0,0.0,0.0,0.0,-1.5707964,0.0
1970-01-01 00:00:00.359573569,0.359573569,0.0,0.0,306.66202,0.0,0.0,0.0,0.0,0.0,-1.5707964,0.0
1970-01-01 00:00:00.359602527,0.359602527,603.85706,0.0,0.0,0.0,0.0,0.0,0.0,0.0,-1.5707964,0.0
1970-01-01 00:00:00.359659178,0.359659178,0.0,0.0,0.0,0.0,0.0,186.28221,0.0,0.0,-1.5707964,0.0
1970-01-01 00:00:00.360017632,0.360017632,0.0,0.0,0.0,0.0,0.0,128.92973,0.0,0.0,-1.5707964,0.0
1970-01-01 00:00:00.360035631,0.360035631,0.0,0.0,0.0,0.0,503.5032,0.0,0.0,0.0,-1.5707964,0.0
1970-01-01 00:00:00.360067011,0.360067011,212.81969,0.0,0.0,0.0,0.0,0.0,0.0,0.0,-1.5707964,0.0
1970-01-01 00:00:00.360081487,0.360081487,146.53015,0.0,0.0,0.0,0.0,0.0,0.0,0.0,-1.5707964,0.0
1970-01-01 00:00:00.360163141,0.360163141,0.0,0.0,0.0,367.33542,0.0,0.0,0.0,0.0,-1.5707964,0.0
1970-01-01 00:00:00.360177185,0.360177185,100.29719,0.0,0.0,0.0,0.0,0.0,0.0,0.0,-1.5707964,0.0
1970-01-01 00:00:00.360250505,0.360250505,0.0,187.83965,0.0,0.0,0.0,0.0,0.0,0.0,-1.5707964,0.0
1970-01-01 00:00:00.360332204,0.360332204,0.0,0.0,0.0,0.0,0.0,159.6314,0.0,0.0,-1.5707964,0.0
1970-01-01 00:00:00.360629241,0.360629241,0.0,286.0715,0.0,0.0,0.0,0.0,0.0,0.0,-1.5707964,0.0
1970-01-01 00:00:00.360964283,0.360964283,0.0,0.0,0.0,0.0,0.0,178.88794,0.0,0.0,-1.5707964,0.0
1970-01-01 00:00:00.361038580,0.36103858,0.0,0.0,0.0,0.0,0.0,171.67252,0.0,0.0,-1.5707964,0.0
1970-01-01 00:00:00.361055945,0.361055945,0.0,0.0,0.0,0.0,0.0,200.7269,0.0,0.0,-1.5707964,0.0
1970-01-01 00:00:00.361185249,0.361185249,0.0,0.0,0.0,268.7631,0.0,0.0,0.0,0.0,-1.5707964,0.0
1970-01-01 00:00:00.361295894,0.361295894,0.0,0.0,0.0,0.0,0.0,524.58264,0.0,0.0,-1.5707964,0.0
1970-01-01 00:00:00.361343822,0.361343822,0.0,82.02612,0.0,0.0,0.0,0.0,0.0,0.0,-1.5707964,0.0
1970-01-01 00:00:00.361538776,0.361538776,0.0,0.0,0.0,0.0,0.0,121.48742,0.0,0.0,-1.5707964,0.0
1970-01-01 00:00:00.361718136,0.361718136,236.2574,0.0,0.0,0.0,0.0,0.0,0.0,0.0,-1.5707964,0.0
1970-01-01 00:00:00.361876017,0.361876017,0.0,0.0,0.0,0.0,0.0,816.4209,0.0,0.0,-1.5707964,0.0
1970-01-01 00:00:00.362069493,0.362069493,203.51852,0.0,0.0,0.0,0.0,0.0,0.0,0.0,-1.5707964,0.0
1970-01-01 00:00:00.362076927,0.362076927,0.0,468.12817,0.0,0.0,0.0,0.0,0.0,0.0,-1.5707964,0.0
1970-01-01 00:00:00.362519023,0.362519023,0.0,0.0,0.0,0.0,0.0,755.7572,0.0,0.0,-1.5707964,0.0
1970-01-01 00:00:00.362657070,0.36265707,380.53946,0.0,0.0,0.0,0.0,0.0,0.0,0.0,-1.5707964,0.0
1970-01-01 00:00:00.362703225,0.362703225,104.502014,0.0,0.0,0.0,0.0,0.0,0.0,0.0,-1.5707964,0.0
1970-01-01 00:00:00.362716458,0.362716458,0.0,0.0,0.0,0.0,0.0,914.09375,0.0,0.0,-1.5707964,0.0
1970-01-01 00:00:00.362878110,0.36287811,0.0,0.0,0.0,0.0,0.0,221.33432,0.0,0.0,-1.5707964,0.0
1970-01-01 00:00:00.363002940,0.36300294,0.0,0.0,0.0,0.0,0.0,444.36908,0.0,0.0,-1.5707964,0.0
1970-01-01 00:00:00.363210094,0.363210094,0.0,249.03766,0.0,0.0,0.0,0.0,0.0,0.0,-1.5707964,0.0
1970-01-01 00:00:00.363235804,0.363235804,0.0,176.33589,0.0,0.0,0.0,0.0,0.0,0.0,-1.5707964,0.0
1970-01-01 00:00:00.363356933,0.363356933,0.0,227.01598,0.0,0.0,0.0,0.0,0.0,0.0,-1.5707964,0.0
1970-01-01 00:00:00.363429915,0.363429915,0.0,0.0,0.0,0.0,0.0,91.18336,0.0,0.0,-1.5707964,0.0
1970-01-01 00:00:00.363506670,0.36350667,0.0,106.965256,0.0,0.0,0.0,0.0,0.0,0.0,-1.5707964,0.0
1970-01-01 00:00:00.363913767,0.363913767,0.0,0.0,0.0,0.0,0.0,171.18552,0.0,0.0,-1.5707964,0.0
1970-01-01 00:00:00.364034192,0.364034192,0.0,0.0,0.0,0.0,0.0,572.4078,0.0,0.0,-1.5707964,0.0
1970-01-01 00:00:00.364109207,0.364109207,0.0,0.0,0.0,0.0,0.0,604.69366,0.0,0.0,-1.5707964,0.0
1970-01-01 00:00:00.364174501,0.364174501,0.0,0.0,0.0,0.0,0.0,147.81053,0.0,0.0,-1.5707964,0.0
1970-01-01 00:00:00.364457979,0.364457979,0.0,0.0,0.0,396.916,0.0,0.0,0.0,0.0,-1.5707964,0.0
1970-01-01 00:00:00.364761065,0.364761065,0.0,0.0,0.0,0.0,0.0,138.98297,0.0,0.0,-1.5707964,0.0
1970-01-01 00:00:00.365076271,0.365076271,374.3503,0.0,0.0,0.0,0.0,0.0,0.0,0.0,-1.5707964,0.0
1970-01-01 00:00:00.365094445,0.365094445,0.0,0.0,0.0,0.0,0.0,626.88666,0.0,0.0,-1.5707964,0.0
1970-01-01 00:00:00.365119147,0.365119147,0.0,0.0,0.0,166.81917,0.0,0.0,0.0,0.0,-1.5707964,0.0
1970-01-01 00:00:00.365308025,0.365308025,845.96783,0.0,0.0,0.0,0.0,0.0,0.0,0.0,-1.5707964,0.0
1970-01-01 00:00:00.365313748,0.365313748,0.0,0.0,135.09776,0.0,0.0,0.0,0.0,0.0,-1.5707964,0.0
1970-01-01 00:00:00.365455387,0.365455387,0.0,0.0,770.71216,0.0,0.0,0.0,0.0,0.0,-1.5707964,0.0
1970-01-01 00:00:00.365455387,0.365455387,0.0,0.0,0.0,0.0,0.0,484.23947,0.0,0.0,-1.5707964,0.0
1970-01-01 00:00:00.365493488,0.365493488,0.0,284.1125,0.0,0.0,0.0,0.0,0.0,0.0,-1.5707964,0.0
1970-01-01 00:00:00.365694164,0.365694164,0.0,0.0,0.0,0.0,0.0,196.58752,0.0,0.0,-1.5707964,0.0
1970-01-01 00:00:00.365937168,0.365937168,0.0,0.0,0.0,0.0,0.0,212.7917,0.0,0.0,-1.5707964,0.0
1970-01-01 00:00:00.366537617,0.366537617,0.0,0.0,0.0,0.0,0.0,88.2984,0.0,0.0,-1.5707964,0.0
1970-01-01 00:00:00.366688055,0.366688055,165.91939,0.0,0.0,0.0,0.0,0.0,0.0,0.0,-1.5707964,0.0
1970-01-01 00:00:00.366775755,0.366775755,0.0,0.0,0.0,0.0,0.0,222.89168,0.0,0.0,-1.5707964,0.0
1970-01-01 00:00:00.366861184,0.366861184,0.0,0.0,0.0,147.19588,0.0,0.0,0.0,0.0,-1.5707964,0.0
1970-01-01 00:00:00.366869239,0.366869239,0.0,0.0,0.0,0.0,0.0,318.5326,0.0,0.0,-1.5707964,0.0
1970-01-01 00:00:00.366977567,0.366977567,0.0,0.0,0.0,0.0,0.0,218.32713,0.0,0.0,-1.5707964,0.0
1970-01-01 00:00:00.367049563,0.367049563,0.0,135.98499,0.0,0.0,0.0,0.0,0.0,0.0,-1.5707964,0.0
1970-01-01 00:00:00.367168817,0.367168817,1020.6404,0.0,0.0,0.0,0.0,0.0,0.0,0.0,-1.5707964,0.0
1970-01-01 00:00:00.367265823,0.367265823,0.0,0.0,0.0,0.0,0.0,144.41632,0.0,0.0,-1.5707964,0.0
1970-01-01 00:00:00.367369028,0.367369028,0.0,0.0,0.0,0.0,0.0,418.6371,0.0,0.0,-1.5707964,0.0
1970-01-01 00:00:00.367386050,0.36738605,0.0,0.0,0.0,308.34012,0.0,0.0,0.0,0.0,-1.5707964,0.0
1970-01-01 00:00:00.367479835,0.367479835,0.0,0.0,101.01036,0.0,0.0,0.0,0.0,0.0,-1.5707964,0.0
1970-01-01 00:00:00.367561507,0.367561507,405.88116,0.0,0.0,0.0,0.0,0.0,0.0,0.0,-1.5707964,0.0
1970-01-01 00:00:00.367615362,0.367615362,138.04791,0.0,0.0,0.0,0.0,0.0,0.0,0.0,-1.5707964,0.0
1970-01-01 00:00:00.367754254,0.367754254,1185.8743,0.0,0.0,0.0,0.0,0.0,0.0,0.0,-1.5707964,0.0
1970-01-01 00:00:00.367780664,0.367780664,0.0,0.0,0.0,0.0,0.0,280.2745,0.0,0.0,-1.5707964,0.0
1970-01-01 00:00:00.367839489,0.367839489,244.45773,0.0,0.0,0.0,0.0,0.0,0.0,0.0,-1.5707964,0.0
1970-01-01 00:00:00.367875735,0.367875735,0.0,0.0,0.0,0.0,0.0,152.8218,0.0,0.0,-1.5707964,0.0
1970-01-01 00:00:00.368011005,0.368011005,0.0,0.0,0.0,0.0,1052.1299,0.0,0.0,0.0,-1.5707964,0.0
1970-01-01 00:00:00.368043790,0.36804379,412.95163,0.0,0.0,0.0,0.0,0.0,0.0,0.0,-1.5707964,0.0
1970-01-01 00:00:00.368141940,0.36814194,101.25666,0.0,0.0,0.0,0.0,0.0,0.0,0.0,-1.5707964,0.0
1970-01-01 00:00:00.368204236,0.368204236,0.0,0.0,0.0,0.0,510.7366,0.0,0.0,0.0,-1.5707964,0.0
1970-01-01 00:00:00.368218107,0.368218107,0.0,0.0,0.0,0.0,88.794914,0.0,0.0,0.0,-1.5707964,0.0
1970-01-01 00:00:00.368253322,0.368253322,600.85706,0.0,0.0,0.0,0.0,0.0,0.0,0.0,-1.5707964,0.0
1970-01-01 00:00:00.368286746,0.368286746,0.0,0.0,0.0,0.0,0.0,161.70909,0.0,0.0,-1.5707964,0.0
1970-01-01 00:00:00.368299694,0.368299694,0.0,0.0,0.0,0.0,1232.1796,0.0,0.0,0.0,-1.5707964,0.0
1970-01-01 00:00:00.368352218,0.368352218,0.0,0.0,0.0,0.0,92.599304,0.0,0.0,0.0,-1.5707964,0.0
1970-01-01 00:00:00.368526029,0.368526029,99.43699,0.0,0.0,0.0,0.0,0.0,0.0,0.0,-1.5707964,0.0
1970-01-01 00:00:00.368562489,0.368562489,0.0,0.0,0.0,0.0,0.0,458.71268,0.0,0.0,-1.5707964,0.0
1970-01-01 00:00:00.368698013,0.368698013,0.0,0.0,0.0,0.0,0.0,191.43024,0.0,0.0,-1.5707964,0.0
1970-01-01 00:00:00.368961021,0.368961021,0.0,0.0,0.0,0.0,0.0,685.03046,0.0,0.0,-1.5707964,0.0
1970-01-01 00:00:00.369039614,0.369039614,0.0,0.0,0.0,0.0,0.0,180.06212,0.0,0.0,-1.5707964,0.0
1970-01-01 00:00:00.369206857,0.369206857,549.47974,0.0,0.0,0.0,0.0,0.0,0.0,0.0,-1.5707964,0.0
1970-01-01 00:00:00.369211331,0.369211331,0.0,185.19826,0.0,0.0,0.0,0.0,0.0,0.0,-1.5707964,0.0
1970-01-01 00:00:00.369554251,0.369554251,574.4857,0.0,0.0,0.0,0.0,0.0,0.0,0.0,-1.5707964,0.0
1970-01-01 00:00:00.369612971,0.369612971,0.0,0.0,0.0,0.0,0.0,312.35086,0.0,0.0,-1.5707964,0.0
1970-01-01 00:00:00.369692091,0.369692091,0.0,0.0,0.0,0.0,0.0,296.20895,0.0,0.0,-1.5707964,0.0
1970-01-01 00:00:00.369841187,0.369841187,141.37198,0.0,0.0,0.0,0.0,0.0,0.0,0.0,-1.5707964,0.0
1970-01-01 00:00:00.370211725,0.370211725,0.0,0.0,0.0,0.0,0.0,269.24066,0.0,0.0,-1.5707964,0.0
1970-01-01 00:00:00.370386828,0.370386828,0.0,606.1554,0.0,0.0,0.0,0.0,0.0,0.0,-1.5707964,0.0
1970-01-01 00:00:00.370391120,0.37039112,0.0,0.0,0.0,0.0,0.0,212.73395,0.0,0.0,-1.5707964,0.0
1970-01-01 00:00:00.370478435,0.370478435,0.0,208.72441,0.0,0.0,0.0,0.0,0.0,0.0,-1.5707964,0.0
1970-01-01 00:00:00.370602053,0.370602053,290.0823,0.0,0.0,0.0,0.0,0.0,0.0,0.0,-1.5707964,0.0
1970-01-01 00:00:00.370635210,0.37063521,0.0,337.186,0.0,0.0,0.0,0.0,0.0,0.0,-1.5707964,0.0
1970-01-01 00:00:00.370896683,0.370896683,0.0,0.0,0.0,0.0,0.0,465.54926,0.0,0.0,-1.5707964,0.0
1970-01-01 00:00:00.370903325,0.370903325,376.7131,0.0,0.0,0.0,0.0,0.0,0.0,0.0,-1.5707964,0.0
1970-01-01 00:00:00.370926529,0.370926529,86.06762,0.0,0.0,0.0,0.0,0.0,0.0,0.0,-1.5707964,0.0
1970-01-01 00:00:00.370936325,0.370936325,0.0,318.6675,0.0,0.0,0.0,0.0,0.0,0.0,-1.5707964,0.0
1970-01-01 00:00:00.370942541,0.370942541,0.0,0.0,0.0,0.0,0.0,360.88962,0.0,0.0,-1.5707964,0.0
1970-01-01 00:00:00.371015765,0.371015765,0.0,0.0,0.0,0.0,0.0,584.5706,0.0,0.0,-1.5707964,0.0
1970-01-01 00:00:00.371070086,0.371070086,485.00046,0.0,0.0,0.0,0.0,0.0,0.0,0.0,-1.5707964,0.0
1970-01-01 00:00:00.371084313,0.371084313,344.36877,0.0,0.0,0.0,0.0,0.0,0.0,0.0,-1.5707964,0.0
1970-01-01 00:00:00.371125039,0.371125039,0.0,0.0,0.0,0.0,415.60086,0.0,0.0,0.0,-1.5707964,0.0
1970-01-01 00:00:00.371130203,0.371130203,0.0,0.0,0.0,0.0,0.0,343.55685,0.0,0.0,-1.5707964,0.0
1970-01-01 00:00:00.371173540,0.37117354,0.0,0.0,0.0,0.0,0.0,245.12677,0.0,0.0,-1.5707964,0.0
1970-01-01 00:00:00.371230067,0.371230067,0.0,99.21208,0.0,0.0,0.0,0.0,0.0,0.0,-1.5707964,0.0
1970-01-01 00:00:00.371230067,0.371230067,0.0,123.62788,0.0,0.0,0.0,0.0,0.0,0.0,-1.5707964,0.0
1970-01-01 00:00:00.371283777,0.371283777,94.68772,0.0,0.0,0.0,0.0,0.0,0.0,0.0,-1.5707964,0.0
1970-01-01 00:00:00.371324376,0.371324376,0.0,875.80383,0.0,0.0,0.0,0.0,0.0,0.0,-1.5707964,0.0
1970-01-01 00:00:00.371412704,0.371412704,0.0,202.12175,0.0,0.0,0.0,0.0,0.0,0.0,-1.5707964,0.0
1970-01-01 00:00:00.371441298,0.371441298,0.0,428.81506,0.0,0.0,0.0,0.0,0.0,0.0,-1.5707964,0.0
1970-01-01 00:00:00.371548176,0.371548176,94.4942,0.0,0.0,0.0,0.0,0.0,0.0,0.0,-1.5707964,0.0
1970-01-01 00:00:00.371569239,0.371569239,365.26465,0.0,0.0,0.0,0.0,0.0,0.0,0.0,-1.5707964,0.0
1970-01-01 00:00:00.371571704,0.371571704,0.0,207.54843,0.0,0.0,0.0,0.0,0.0,0.0,-1.5707964,0.0
1970-01-01 00:00:00.371597182,0.371597182,0.0,174.39763,0.0,0.0,0.0,0.0,0.0,0.0,-1.5707964,0.0
1970-01-01 00:00:00.371710423,0.371710423,0.0,0.0,0.0,0.0,0.0,167.20114,0.0,0.0,-1.5707964,0.0
1970-01-01 00:00:00.371718238,0.371718238,0.0,0.0,129.18484,0.0,0.0,0.0,0.0,0.0,-1.5707964,0.0
1970-01-01 00:00:00.371756339,0.371756339,0.0,0.0,0.0,0.0,0.0,92.86592,0.0,0.0,-1.5707964,0.0
1970-01-01 00:00:00.371765872,0.371765872,628.9364,0.0,0.0,0.0,0.0,0.0,0.0,0.0,-1.5707964,0.0
1970-01-01 00:00:00.371767683,0.371767683,0.0,129.89049,0.0,0.0,0.0,0.0,0.0,0.0,-1.5707964,0.0
1970-01-01 00:00:00.371821908,0.371821908,0.0,0.0,0.0,0.0,0.0,749.0768,0.0,0.0,-1.5707964,0.0
1970-01-01 00:00:00.371827472,0.371827472,0.0,318.35242,0.0,0.0,0.0,0.0,0.0,0.0,-1.5707964,0.0
1970-01-01 00:00:00.371848079,0.371848079,0.0,0.0,0.0,0.0,128.40506,0.0,0.0,0.0,-1.5707964,0.0
1970-01-01 00:00:00.371895940,0.37189594,183.08241,0.0,0.0,0.0,0.0,0.0,0.0,0.0,-1.5707964,0.0
1970-01-01 00:00:00.372083827,0.372083827,0.0,0.0,0.0,0.0,0.0,117.27405,0.0,0.0,-1.5707964,0.0
1970-01-01 00:00:00.372094644,0.372094644,0.0,0.0,0.0,285.46054,0.0,0.0,0.0,0.0,-1.5707964,0.0
1970-01-01 00:00:00.372164336,0.372164336,84.41041,0.0,0.0,0.0,0.0,0.0,0.0,0.0,-1.5707964,0.0
1970-01-01 00:00:00.372182703,0.372182703,0.0,0.0,588.94,0.0,0.0,0.0,0.0,0.0,-1.5707964,0.0
1970-01-01 00:00:00.372215344,0.372215344,0.0,251.67116,0.0,0.0,0.0,0.0,0.0,0.0,-1.5707964,0.0
1970-01-01 00:00:00.372290614,0.372290614,0.0,0.0,0.0,0.0,343.98166,0.0,0.0,0.0,-1.5707964,0.0
1970-01-01 00:00:00.372312557,0.372312557,0.0,0.0,0.0,0.0,0.0,145.71822,0.0,0.0,-1.5707964,0.0
1970-01-01 00:00:00.372476696,0.372476696,510.44418,0.0,0.0,0.0,0.0,0.0,0.0,0.0,-1.5707964,0.0
1970-01-01 00:00:00.372514317,0.372514317,0.0,705.0745,0.0,0.0,0.0,0.0,0.0,0.0,-1.5707964,0.0
1970-01-01 00:00:00.372588378,0.372588378,0.0,0.0,0.0,0.0,0.0,109.37137,0.0,0.0,-1.5707964,0.0
1970-01-01 00:00:00.372725789,0.372725789,0.0,0.0,0.0,0.0,0.0,362.07037,0.0,0.0,-1.5707964,0.0
1970-01-01 00:00:00.373109547,0.373109547,0.0,0.0,0.0,0.0,0.0,403.18716,0.0,0.0,-1.5707964,0.0
1970-01-01 00:00:00.373140821,0.373140821,0.0,256.61295,0.0,0.0,0.0,0.0,0.0,0.0,-1.5707964,0.0
1970-01-01 00:00:00.373265436,0.373265436,188.24449,0.0,0.0,0.0,0.0,0.0,0.0,0.0,-1.5707964,0.0
1970-01-01 00:00:00.373285187,0.373285187,0.0,0.0,0.0,308.02844,0.0,0.0,0.0,0.0,-1.5707964,0.0
1970-01-01 00:00:00.373285187,0.373285187,0.0,0.0,0.0,0.0,0.0,1928.9393,0.0,0.0,-1.5707964,0.0
1970-01-01 00:00:00.373331315,0.373331315,0.0,0.0,0.0,0.0,0.0,715.6967,0.0,0.0,-1.5707964,0.0
1970-01-01 00:00:00.373423793,0.373423793,413.1313,0.0,0.0,0.0,0.0,0.0,0.0,0.0,-1.5707964,0.0
1970-01-01 00:00:00.373458423,0.373458423,0.0,0.0,0.0,0.0,0.0,148.5192,0.0,0.0,-1.5707964,0.0
1970-01-01 00:00:00.373517711,0.373517711,0.0,95.913765,0.0,0.0,0.0,0.0,0.0,0.0,-1.5707964,0.0
1970-01-01 00:00:00.373582651,0.373582651,0.0,0.0,0.0,0.0,0.0,555.1473,0.0,0.0,-1.5707964,0.0
1970-01-01 00:00:00.373696556,0.373696556,0.0,218.73753,0.0,0.0,0.0,0.0,0.0,0.0,-1.5707964,0.0
1970-01-01 00:00:00.373778611,0.373778611,0.0,0.0,0.0,0.0,0.0,674.00006,0.0,0.0,-1.5707964,0.0
1970-01-01 00:00:00.373936976,0.373936976,0.0,0.0,0.0,0.0,0.0,296.52213,0.0,0.0,-1.5707964,0.0
1970-01-01 00:00:00.374027461,0.374027461,0.0,0.0,0.0,682.77795,0.0,0.0,0.0,0.0,-1.5707964,0.0
1970-01-01 00:00:00.374097337,0.374097337,893.1295,0.0,0.0,0.0,0.0,0.0,0.0,0.0,-1.5707964,0.0
1970-01-01 00:00:00.374112321,0.374112321,0.0,0.0,0.0,0.0,0.0,420.0401,0.0,0.0,-1.5707964,0.0
1970-01-01 00:00:00.374135139,0.374135139,0.0,0.0,0.0,0.0,0.0,2400.5022,0.0,0.0,-1.5707964,0.0
1970-01-01 00:00:00.374160942,0.374160942,0.0,341.51505,0.0,0.0,0.0,0.0,0.0,0.0,-1.5707964,0.0
1970-01-01 00:00:00.374359726,0.374359726,0.0,145.67586,0.0,0.0,0.0,0.0,0.0,0.0,-1.5707964,0.0
1970-01-01 00:00:00.374362023,0.374362023,0.0,147.03871,0.0,0.0,0.0,0.0,0.0,0.0,-1.5707964,0.0
1970-01-01 00:00:00.374399486,0.374399486,0.0,844.2645,0.0,0.0,0.0,0.0,0.0,0.0,-1.5707964,0.0
1970-01-01 00:00:00.374568155,0.374568155,0.0,0.0,0.0,0.0,0.0,226.10321,0.0,0.0,-1.5707964,0.0
1970-01-01 00:00:00.374647301,0.374647301,0.0,716.0775,0.0,0.0,0.0,0.0,0.0,0.0,-1.5707964,0.0
1970-01-01 00:00:00.374684959,0.374684959,0.0,149.63127,0.0,0.0,0.0,0.0,0.0,0.0,-1.5707964,0.0
1970-01-01 00:00:00.375022436,0.375022436,0.0,0.0,0.0,0.0,0.0,846.4106,0.0,0.0,-1.5707964,0.0
1970-01-01 00:00:00.375191236,0.375191236,0.0,0.0,0.0,0.0,0.0,232.43428,0.0,0.0,-1.5707964,0.0
1970-01-01 00:00:00.375200530,0.37520053,0.0,0.0,0.0,0.0,0.0,367.33383,0.0,0.0,-1.5707964,0.0
1970-01-01 00:00:00.375286038,0.375286038,240.4422,0.0,0.0,0.0,0.0,0.0,0.0,0.0,-1.5707964,0.0
1970-01-01 00:00:00.375375044,0.375375044,441.2796,0.0,0.0,0.0,0.0,0.0,0.0,0.0,-1.5707964,0.0
1970-01-01 00:00:00.375424096,0.375424096,0.0,0.0,0.0,0.0,0.0,292.2015,0.0,0.0,-1.5707964,0.0
1970-01-01 00:00:00.375468203,0.375468203,0.0,0.0,0.0,0.0,0.0,82.34949,0.0,0.0,-1.5707964,0.0
1970-01-01 00:00:00.375517789,0.375517789,99.29803,0.0,0.0,0.0,0.0,0.0,0.0,0.0,-1.5707964,0.0
1970-01-01 00:00:00.375532252,0.375532252,0.0,0.0,0.0,0.0,0.0,750.0132,0.0,0.0,-1.5707964,0.0
1970-01-01 00:00:00.375993334,0.375993334,0.0,137.95491,0.0,0.0,0.0,0.0,0.0,0.0,-1.5707964,0.0
1970-01-01 00:00:00.376003803,0.376003803,0.0,0.0,0.0,0.0,0.0,137.8686,0.0,0.0,-1.5707964,0.0
1970-01-01 00:00:00.376039538,0.376039538,0.0,0.0,302.9029,0.0,0.0,0.0,0.0,0.0,-1.5707964,0.0
1970-01-01 00:00:00.376091848,0.376091848,0.0,263.9386,0.0,0.0,0.0,0.0,0.0,0.0,-1.5707964,0.0
1970-01-01 00:00:00.376093090,0.37609309,177.86842,0.0,0.0,0.0,0.0,0.0,0.0,0.0,-1.5707964,0.0
1970-01-01 00:00:00.376199124,0.376199124,0.0,0.0,0.0,0.0,0.0,142.15257,0.0,0.0,-1.5707964,0.0
1970-01-01 00:00:00.376213161,0.376213161,0.0,0.0,667.1698,0.0,0.0,0.0,0.0,0.0,-1.5707964,0.0
1970-01-01 00:00:00.376215667,0.376215667,0.0,0.0,0.0,0.0,0.0,598.50635,0.0,0.0,-1.5707964,0.0
1970-01-01 00:00:00.376226279,0.376226279,0.0,0.0,0.0,0.0,0.0,171.5155,0.0,0.0,-1.5707964,0.0
1970-01-01 00:00:00.376255047,0.376255047,0.0,0.0,0.0,0.0,0.0,223.64006,0.0,0.0,-1.5707964,0.0
1970-01-01 00:00:00.376433884,0.376433884,0.0,495.00098,0.0,0.0,0.0,0.0,0.0,0.0,-1.5707964,0.0
1970-01-01 00:00:00.376777984,0.376777984,0.0,607.0321,0.0,0.0,0.0,0.0,0.0,0.0,-1.5707964,0.0
1970-01-01 00:00:00.376941590,0.37694159,0.0,0.0,0.0,0.0,0.0,184.14922,0.0,0.0,-1.5707964,0.0
1970-01-01 00:00:00.377014146,0.377014146,0.0,91.55753,0.0,0.0,0.0,0.0,0.0,0.0,-1.5707964,0.0
1970-01-01 00:00:00.377101034,0.377101034,0.0,619.3807,0.0,0.0,0.0,0.0,0.0,0.0,-1.5707964,0.0
1970-01-01 00:00:00.377297851,0.377297851,0.0,0.0,0.0,0.0,0.0,453.3105,0.0,0.0,-1.5707964,0.0
1970-01-01 00:00:00.377401094,0.377401094,0.0,0.0,0.0,0.0,90.49499,0.0,0.0,0.0,-1.5707964,0.0
1970-01-01 00:00:00.377537113,0.377537113,0.0,0.0,0.0,0.0,0.0,133.95888,0.0,0.0,-1.5707964,0.0
1970-01-01 00:00:00.377888938,0.377888938,0.0,0.0,0.0,0.0,0.0,400.49783,0.0,0.0,-1.5707964,0.0
1970-01-01 00:00:00.377900194,0.377900194,0.0,0.0,0.0,0.0,0.0,680.23267,0.0,0.0,-1.5707964,0.0
1970-01-01 00:00:00.377923941,0.377923941,0.0,0.0,0.0,96.04165,0.0,0.0,0.0,0.0,-1.5707964,0.0
1970-01-01 00:00:00.377960402,0.377960402,0.0,0.0,0.0,0.0,0.0,127.09691,0.0,0.0,-1.5707964,0.0
1970-01-01 00:00:00.378045649,0.378045649,0.0,268.79675,0.0,0.0,0.0,0.0,0.0,0.0,-1.5707964,0.0
1970-01-01 00:00:00.378126243,0.378126243,0.0,0.0,0.0,0.0,0.0,693.4583,0.0,0.0,-1.5707964,0.0
1970-01-01 00:00:00.378224759,0.378224759,0.0,265.5183,0.0,0.0,0.0,0.0,0.0,0.0,-1.5707964,0.0
1970-01-01 00:00:00.378244267,0.378244267,287.2604,0.0,0.0,0.0,0.0,0.0,0.0,0.0,-1.5707964,0.0
1970-01-01 00:00:00.378245000,0.378245,0.0,0.0,0.0,0.0,204.13583,0.0,0.0,0.0,-1.5707964,0.0
1970-01-01 00:00:00.378267913,0.378267913,0.0,0.0,0.0,0.0,572.3429,0.0,0.0,0.0,-1.5707964,0.0
1970-01-01 00:00:00.378336671,0.378336671,0.0,0.0,0.0,209.33481,0.0,0.0,0.0,0.0,-1.5707964,0.0
1970-01-01 00:00:00.378372786,0.378372786,0.0,0.0,0.0,0.0,0.0,450.35135,0.0,0.0,-1.5707964,0.0
1970-01-01 00:00:00.378780181,0.378780181,188.07416,0.0,0.0,0.0,0.0,0.0,0.0,0.0,-1.5707964,0.0
1970-01-01 00:00:00.378875725,0.378875725,118.50908,0.0,0.0,0.0,0.0,0.0,0.0,0.0,-1.5707964,0.0
1970-01-01 00:00:00.378892001,0.378892001,191.00998,0.0,0.0,0.0,0.0,0.0,0.0,0.0,-1.5707964,0.0
1970-01-01 00:00:00.378953358,0.378953358,0.0,0.0,0.0,0.0,0.0,232.93416,0.0,0.0,-1.5707964,0.0
1970-01-01 00:00:00.379029262,0.379029262,0.0,125.05909,0.0,0.0,0.0,0.0,0.0,0.0,-1.5707964,0.0
1970-01-01 00:00:00.379082110,0.37908211,0.0,0.0,0.0,0.0,0.0,246.39749,0.0,0.0,-1.5707964,0.0
1970-01-01 00:00:00.379084000,0.379084,0.0,0.0,0.0,0.0,0.0,132.0709,0.0,0.0,-1.5707964,0.0
1970-01-01 00:00:00.379092156,0.379092156,0.0,0.0,175.14041,0.0,0.0,0.0,0.0,0.0,-1.5707964,0.0
1970-01-01 00:00:00.379094372,0.379094372,841.64874,0.0,0.0,0.0,0.0,0.0,0.0,0.0,-1.5707964,0.0
1970-01-01 00:00:00.379094372,0.379094372,85.17836,0.0,0.0,0.0,0.0,0.0,0.0,0.0,-1.5707964,0.0
1970-01-01 00:00:00.379206152,0.379206152,0.0,0.0,0.0,0.0,0.0,119.36905,0.0,0.0,-1.5707964,0.0
1970-01-01 00:00:00.379291092,0.379291092,0.0,348.28622,0.0,0.0,0.0,0.0,0.0,0.0,-1.5707964,0.0
1970-01-01 00:00:00.379360993,0.379360993,333.49496,0.0,0.0,0.0,0.0,0.0,0.0,0.0,-1.5707964,0.0
1970-01-01 00:00:00.379385252,0.379385252,0.0,169.29787,0.0,0.0,0.0,0.0,0.0,0.0,-1.5707964,0.0
1970-01-01 00:00:00.379465004,0.379465004,0.0,0.0,0.0,0.0,531.5368,0.0,0.0,0.0,-1.5707964,0.0
1970-01-01 00:00:00.379480484,0.379480484,0.0,221.05458,0.0,0.0,0.0,0.0,0.0,0.0,-1.5707964,0.0
1970-01-01 00:00:00.379600419,0.379600419,353.2584,0.0,0.0,0.0,0.0,0.0,0.0,0.0,-1.5707964,0.0
1970-01-01 00:00:00.379851773,0.379851773,0.0,0.0,0.0,921.89154,0.0,0.0,0.0,0.0,-1.5707964,0.0
1970-01-01 00:00:00.379876211,0.379876211,229.66525,0.0,0.0,0.0,0.0,0.0,0.0,0.0,-1.5707964,0.0
1970-01-01 00:00:00.380043830,0.38004383,1459.3969,0.0,0.0,0.0,0.0,0.0,0.0,0.0,-1.5707964,0.0
1970-01-01 00:00:00.380043830,0.38004383,462.46887,0.0,0.0,0.0,0.0,0.0,0.0,0.0,-1.5707964,0.0
1970-01-01 00:00:00.380257108,0.380257108,341.33426,0.0,0.0,0.0,0.0,0.0,0.0,0.0,-1.5707964,0.0
1970-01-01 00:00:00.380277894,0.380277894,0.0,304.18045,0.0,0.0,0.0,0.0,0.0,0.0,-1.5707964,0.0
1970-01-01 00:00:00.380567761,0.380567761,0.0,1558.8163,0.0,0.0,0.0,0.0,0.0,0.0,-1.5707964,0.0
1970-01-01 00:00:00.380617491,0.380617491,402.61224,0.0,0.0,0.0,0.0,0.0,0.0,0.0,-1.5707964,0.0
1970-01-01 00:00:00.380739129,0.380739129,0.0,0.0,0.0,0.0,0.0,654.4843,0.0,0.0,-1.5707964,0.0
1970-01-01 00:00:00.381007693,0.381007693,0.0,0.0,0.0,0.0,0.0,257.42953,0.0,0.0,-1.5707964,0.0
1970-01-01 00:00:00.381106401,0.381106401,0.0,0.0,228.25375,0.0,0.0,0.0,0.0,0.0,-1.5707964,0.0
1970-01-01 00:00:00.381138548,0.381138548,0.0,0.0,0.0,0.0,0.0,110.72323,0.0,0.0,-1.5707964,0.0
1970-01-01 00:00:00.381177909,0.381177909,0.0,0.0,0.0,81.487724,0.0,0.0,0.0,0.0,-1.5707964,0.0
1970-01-01 00:00:00.381416358,0.381416358,0.0,0.0,0.0,0.0,0.0,222.76375,0.0,0.0,-1.5707964,0.0
1970-01-01 00:00:00.381483861,0.381483861,714.99896,0.0,0.0,0.0,0.0,0.0,0.0,0.0,-1.5707964,0.0
1970-01-01 00:00:00.381540644,0.381540644,0.0,242.98329,0.0,0.0,0.0,0.0,0.0,0.0,-1.5707964,0.0
1970-01-01 00:00:00.381553878,0.381553878,0.0,87.077156,0.0,0.0,0.0,0.0,0.0,0.0,-1.5707964,0.0
1970-01-01 00:00:00.381564327,0.381564327,0.0,294.75232,0.0,0.0,0.0,0.0,0.0,0.0,-1.5707964,0.0
1970-01-01 00:00:00.381585482,0.381585482,0.0,0.0,0.0,0.0,0.0,507.1519,0.0,0.0,-1.5707964,0.0
1970-01-01 00:00:00.381627296,0.381627296,0.0,0.0,0.0,100.3399,0.0,0.0,0.0,0.0,-1.5707964,0.0
1970-01-01 00:00:00.381779294,0.381779294,0.0,0.0,0.0,192.6247,0.0,0.0,0.0,0.0,-1.5707964,0.0
1970-01-01 00:00:00.381781504,0.381781504,115.309975,0.0,0.0,0.0,0.0,0.0,0.0,0.0,-1.5707964,0.0
1970-01-01 00:00:00.381864723,0.381864723,0.0,250.43773,0.0,0.0,0.0,0.0,0.0,0.0,-1.5707964,0.0
1970-01-01 00:00:00.381909904,0.381909904,0.0,0.0,0.0,0.0,0.0,241.27896,0.0,0.0,-1.5707964,0.0
1970-01-01 00:00:00.381946453,0.381946453,873.79535,0.0,0.0,0.0,0.0,0.0,0.0,0.0,-1.5707964,0.0
1970-01-01 00:00:00.382099521,0.382099521,0.0,0.0,0.0,0.0,339.4119,0.0,0.0,0.0,-1.5707964,0.0
1970-01-01 00:00:00.382301211,0.382301211,0.0,0.0,0.0,636.6751,0.0,0.0,0.0,0.0,-1.5707964,0.0
1970-01-01 00:00:00.382388863,0.382388863,122.882645,0.0,0.0,0.0,0.0,0.0,0.0,0.0,-1.5707964,0.0
1970-01-01 00:00:00.382681448,0.382681448,290.23462,0.0,0.0,0.0,0.0,0.0,0.0,0.0,-1.5707964,0.0
1970-01-01 00:00:00.382839412,0.382839412,0.0,0.0,0.0,0.0,0.0,422.00812,0.0,0.0,-1.5707964,0.0
1970-01-01 00:00:00.382866466,0.382866466,0.0,0.0,0.0,0.0,0.0,231.25638,0.0,0.0,-1.5707964,0.0
1970-01-01 00:00:00.382953732,0.382953732,0.0,168.61543,0.0,0.0,0.0,0.0,0.0,0.0,-1.5707964,0.0
1970-01-01 00:00:00.382953732,0.382953732,0.0,0.0,0.0,0.0,0.0,113.61,0.0,0.0,-1.5707964,0.0
1970-01-01 00:00:00.383161561,0.383161561,226.84593,0.0,0.0,0.0,0.0,0.0,0.0,0.0,-1.5707964,0.0
1970-01-01 00:00:00.383282055,0.383282055,0.0,0.0,0.0,0.0,0.0,140.16083,0.0,0.0,-1.5707964,0.0
1970-01-01 00:00:00.383309228,0.383309228,0.0,282.8733,0.0,0.0,0.0,0.0,0.0,0.0,-1.5707964,0.0
1970-01-01 00:00:00.383583968,0.383583968,0.0,0.0,0.0,0.0,0.0,165.19983,0.0,0.0,-1.5707964,0.0
1970-01-01 00:00:00.383622262,0.383622262,0.0,0.0,0.0,156.41728,0.0,0.0,0.0,0.0,-1.5707964,0.0
1970-01-01 00:00:00.383622262,0.383622262,0.0,0.0,0.0,0.0,0.0,185.74203,0.0,0.0,-1.5707964,0.0
1970-01-01 00:00:00.383647099,0.383647099,482.52155,0.0,0.0,0.0,0.0,0.0,0.0,0.0,-1.5707964,0.0
1970-01-01 00:00:00.383671810,0.38367181,0.0,0.0,0.0,0.0,0.0,145.47148,0.0,0.0,-1.5707964,0.0
1970-01-01 00:00:00.383815630,0.38381563,0.0,0.0,0.0,0.0,231.0022,0.0,0.0,0.0,-1.5707964,0.0
1970-01-01 00:00:00.383817703,0.383817703,0.0,394.11087,0.0,0.0,0.0,0.0,0.0,0.0,-1.5707964,0.0
1970-01-01 00:00:00.383859015,0.383859015,0.0,0.0,0.0,0.0,0.0,560.9872,0.0,0.0,-1.5707964,0.0
1970-01-01 00:00:00.384099163,0.384099163,0.0,0.0,0.0,0.0,0.0,147.95993,0.0,0.0,-1.5707964,0.0
1970-01-01 00:00:00.384116227,0.384116227,204.22672,0.0,0.0,0.0,0.0,0.0,0.0,0.0,-1.5707964,0.0
1970-01-01 00:00:00.384389390,0.38438939,0.0,0.0,0.0,0.0,0.0,205.71901,0.0,0.0,-1.5707964,0.0
1970-01-01 00:00:00.384435030,0.38443503,195.74637,0.0,0.0,0.0,0.0,0.0,0.0,0.0,-1.5707964,0.0
1970-01-01 00:00:00.384513703,0.384513703,0.0,0.0,0.0,0.0,0.0,292.30945,0.0,0.0,-1.5707964,0.0
1970-01-01 00:00:00.385357748,0.385357748,0.0,0.0,0.0,0.0,0.0,216.82881,0.0,0.0,-1.5707964,0.0
1970-01-01 00:00:00.385437825,0.385437825,0.0,0.0,0.0,0.0,770.0049,0.0,0.0,0.0,-1.5707964,0.0
1970-01-01 00:00:00.385462635,0.385462635,344.3175,0.0,0.0,0.0,0.0,0.0,0.0,0.0,-1.5707964,0.0
1970-01-01 00:00:00.385511464,0.385511464,0.0,310.4981,0.0,0.0,0.0,0.0,0.0,0.0,-1.5707964,0.0
1970-01-01 00:00:00.385514208,0.385514208,179.53285,0.0,0.0,0.0,0.0,0.0,0.0,0.0,-1.5707964,0.0
1970-01-01 00:00:00.385600414,0.385600414,156.81313,0.0,0.0,0.0,0.0,0.0,0.0,0.0,-1.5707964,0.0
1970-01-01 00:00:00.385683475,0.385683475,198.64078,0.0,0.0,0.0,0.0,0.0,0.0,0.0,-1.5707964,0.0
1970-01-01 00:00:00.385728193,0.385728193,0.0,0.0,0.0,0.0,0.0,155.09381,0.0,0.0,-1.5707964,0.0
1970-01-01 00:00:00.385804490,0.38580449,0.0,117.960655,0.0,0.0,0.0,0.0,0.0,0.0,-1.5707964,0.0
1970-01-01 00:00:00.386022162,0.386022162,0.0,270.2134,0.0,0.0,0.0,0.0,0.0,0.0,-1.5707964,0.0
1970-01-01 00:00:00.386066692,0.386066692,102.110985,0.0,0.0,0.0,0.0,0.0,0.0,0.0,-1.5707964,0.0
1970-01-01 00:00:00.386244219,0.386244219,0.0,0.0,0.0,0.0,1171.4265,0.0,0.0,0.0,-1.5707964,0.0
1970-01-01 00:00:00.386325704,0.386325704,0.0,476.61002,0.0,0.0,0.0,0.0,0.0,0.0,-1.5707964,0.0
1970-01-01 00:00:00.386359238,0.386359238,415.71646,0.0,0.0,0.0,0.0,0.0,0.0,0.0,-1.5707964,0.0
1970-01-01 00:00:00.386489300,0.3864893,0.0,0.0,0.0,0.0,0.0,257.3099,0.0,0.0,-1.5707964,0.0
1970-01-01 00:00:00.386561414,0.386561414,262.24265,0.0,0.0,0.0,0.0,0.0,0.0,0.0,-1.5707964,0.0
1970-01-01 00:00:00.387073947,0.387073947,0.0,0.0,0.0,116.55604,0.0,0.0,0.0,0.0,-1.5707964,0.0
1970-01-01 00:00:00.387091786,0.387091786,0.0,134.90761,0.0,0.0,0.0,0.0,0.0,0.0,-1.5707964,0.0
1970-01-01 00:00:00.387299210,0.38729921,532.0475,0.0,0.0,0.0,0.0,0.0,0.0,0.0,-1.5707964,0.0
1970-01-01 00:00:00.387310123,0.387310123,0.0,0.0,259.164,0.0,0.0,0.0,0.0,0.0,-1.5707964,0.0
1970-01-01 00:00:00.387320711,0.387320711,0.0,450.72726,0.0,0.0,0.0,0.0,0.0,0.0,-1.5707964,0.0
1970-01-01 00:00:00.387593389,0.387593389,765.40515,0.0,0.0,0.0,0.0,0.0,0.0,0.0,-1.5707964,0.0
1970-01-01 00:00:00.387667880,0.38766788,0.0,0.0,0.0,0.0,0.0,147.03062,0.0,0.0,-1.5707964,0.0
1970-01-01 00:00:00.387677714,0.387677714,0.0,0.0,0.0,0.0,309.62943,0.0,0.0,0.0,-1.5707964,0.0
1970-01-01 00:00:00.387740793,0.387740793,0.0,0.0,0.0,0.0,879.29175,0.0,0.0,0.0,-1.5707964,0.0
1970-01-01 00:00:00.387962808,0.387962808,0.0,0.0,0.0,0.0,0.0,154.28067,0.0,0.0,-1.5707964,0.0
1970-01-01 00:00:00.388255074,0.388255074,0.0,92.00247,0.0,0.0,0.0,0.0,0.0,0.0,-1.5707964,0.0
1970-01-01 00:00:00.388353341,0.388353341,260.6685,0.0,0.0,0.0,0.0,0.0,0.0,0.0,-1.5707964,0.0
1970-01-01 00:00:00.388367429,0.388367429,311.6494,0.0,0.0,0.0,0.0,0.0,0.0,0.0,-1.5707964,0.0
1970-01-01 00:00:00.388565294,0.388565294,0.0,0.0,0.0,0.0,0.0,396.19495,0.0,0.0,-1.5707964,0.0
1970-01-01 00:00:00.388763879,0.388763879,0.0,0.0,0.0,2849.189,0.0,0.0,0.0,0.0,-1.5707964,0.0
1970-01-01 00:00:00.389025939,0.389025939,0.0,0.0,0.0,0.0,0.0,111.6994,0.0,0.0,-1.5707964,0.0
1970-01-01 00:00:00.389027836,0.389027836,0.0,0.0,0.0,0.0,0.0,366.74545,0.0,0.0,-1.5707964,0.0
1970-01-01 00:00:00.389030958,0.389030958,0.0,0.0,0.0,0.0,365.44595,0.0,0.0,0.0,-1.5707964,0.0
1970-01-01 00:00:00.389045807,0.389045807,94.33283,0.0,0.0,0.0,0.0,0.0,0.0,0.0,-1.5707964,0.0
1970-01-01 00:00:00.389324539,0.389324539,180.87863,0.0,0.0,0.0,0.0,0.0,0.0,0.0,-1.5707964,0.0
1970-01-01 00:00:00.389444426,0.389444426,0.0,464.09796,0.0,0.0,0.0,0.0,0.0,0.0,-1.5707964,0.0
1970-01-01 00:00:00.389463907,0.389463907,0.0,94.13099,0.0,0.0,0.0,0.0,0.0,0.0,-1.5707964,0.0
1970-01-01 00:00:00.389468457,0.389468457,0.0,0.0,0.0,0.0,0.0,450.5118,0.0,0.0,-1.5707964,0.0
1970-01-01 00:00:00.389480792,0.389480792,0.0,0.0,0.0,0.0,0.0,142.20885,0.0,0.0,-1.5707964,0.0
1970-01-01 00:00:00.389610728,0.389610728,0.0,158.2538,0.0,0.0,0.0,0.0,0.0,0.0,-1.5707964,0.0
1970-01-01 00:00:00.389638055,0.389638055,0.0,0.0,0.0,0.0,0.0,243.05498,0.0,0.0,-1.5707964,0.0
1970-01-01 00:00:00.389678853,0.389678853,0.0,0.0,0.0,0.0,0.0,741.8571,0.0,0.0,-1.5707964,0.0
1970-01-01 00:00:00.389700690,0.38970069,0.0,0.0,796.4211,0.0,0.0,0.0,0.0,0.0,-1.5707964,0.0
1970-01-01 00:00:00.390011006,0.390011006,155.735,0.0,0.0,0.0,0.0,0.0,0.0,0.0,-1.5707964,0.0
1970-01-01 00:00:00.390016600,0.3900166,0.0,0.0,0.0,0.0,0.0,130.33665,0.0,0.0,-1.5707964,0.0
1970-01-01 00:00:00.390030599,0.390030599,0.0,0.0,0.0,231.29295,0.0,0.0,0.0,0.0,-1.5707964,0.0
1970-01-01 00:00:00.390121532,0.390121532,263.3703,0.0,0.0,0.0,0.0,0.0,0.0,0.0,-1.5707964,0.0
1970-01-01 00:00:00.390278938,0.390278938,0.0,0.0,0.0,0.0,0.0,371.54004,0.0,0.0,-1.5707964,0.0
1970-01-01 00:00:00.390357796,0.390357796,0.0,285.7752,0.0,0.0,0.0,0.0,0.0,0.0,-1.5707964,0.0
1970-01-01 00:00:00.390387345,0.390387345,461.15234,0.0,0.0,0.0,0.0,0.0,0.0,0.0,-1.5707964,0.0
1970-01-01 00:00:00.390500234,0.390500234,317.7116,0.0,0.0,0.0,0.0,0.0,0.0,0.0,-1.5707964,0.0
1970-01-01 00:00:00.390522159,0.390522159,0.0,0.0,0.0,0.0,0.0,225.66249,0.0,0.0,-1.5707964,0.0
1970-01-01 00:00:00.390735585,0.390735585,0.0,120.44339,0.0,0.0,0.0,0.0,0.0,0.0,-1.5707964,0.0
1970-01-01 00:00:00.390759462,0.390759462,98.83127,0.0,0.0,0.0,0.0,0.0,0.0,0.0,-1.5707964,0.0
1970-01-01 00:00:00.390941780,0.39094178,0.0,0.0,0.0,0.0,0.0,577.09894,0.0,0.0,-1.5707964,0.0
1970-01-01 00:00:00.391110976,0.391110976,95.57034,0.0,0.0,0.0,0.0,0.0,0.0,0.0,-1.5707964,0.0
1970-01-01 00:00:00.391164144,0.391164144,0.0,0.0,0.0,0.0,0.0,320.0419,0.0,0.0,-1.5707964,0.0
1970-01-01 00:00:00.391254627,0.391254627,0.0,0.0,0.0,0.0,0.0,121.90375,0.0,0.0,-1.5707964,0.0
1970-01-01 00:00:00.391278638,0.391278638,0.0,0.0,436.38928,0.0,0.0,0.0,0.0,0.0,-1.5707964,0.0
1970-01-01 00:00:00.391377922,0.391377922,0.0,645.66766,0.0,0.0,0.0,0.0,0.0,0.0,-1.5707964,0.0
1970-01-01 00:00:00.391455091,0.391455091,0.0,129.53177,0.0,0.0,0.0,0.0,0.0,0.0,-1.5707964,0.0
1970-01-01 00:00:00.391645619,0.391645619,151.63951,0.0,0.0,0.0,0.0,0.0,0.0,0.0,-1.5707964,0.0
1970-01-01 00:00:00.391709174,0.391709174,0.0,84.29216,0.0,0.0,0.0,0.0,0.0,0.0,-1.5707964,0.0
1970-01-01 00:00:00.391842201,0.391842201,0.0,118.029465,0.0,0.0,0.0,0.0,0.0,0.0,-1.5707964,0.0
1970-01-01 00:00:00.391866574,0.391866574,0.0,0.0,0.0,0.0,0.0,109.03232,0.0,0.0,-1.5707964,0.0
1970-01-01 00:00:00.391900421,0.391900421,0.0,0.0,0.0,150.71477,0.0,0.0,0.0,0.0,-1.5707964,0.0
1970-01-01 00:00:00.391992521,0.391992521,0.0,162.74219,0.0,0.0,0.0,0.0,0.0,0.0,-1.5707964,0.0
1970-01-01 00:00:00.392111148,0.392111148,0.0,0.0,98.43018,0.0,0.0,0.0,0.0,0.0,-1.5707964,0.0
1970-01-01 00:00:00.392262212,0.392262212,0.0,123.24832,0.0,0.0,0.0,0.0,0.0,0.0,-1.5707964,0.0
1970-01-01 00:00:00.392336668,0.392336668,0.0,812.8912,0.0,0.0,0.0,0.0,0.0,0.0,-1.5707964,0.0
1970-01-01 00:00:00.392518054,0.392518054,0.0,0.0,0.0,0.0,248.70761,0.0,0.0,0.0,-1.5707964,0.0
1970-01-01 00:00:00.392570057,0.392570057,0.0,0.0,0.0,0.0,0.0,346.65314,0.0,0.0,-1.5707964,0.0
1970-01-01 00:00:00.392592621,0.392592621,0.0,0.0,0.0,0.0,0.0,116.937325,0.0,0.0,-1.5707964,0.0
1970-01-01 00:00:00.392789241,0.392789241,0.0,0.0,0.0,0.0,0.0,520.78735,0.0,0.0,-1.5707964,0.0
1970-01-01 00:00:00.392797063,0.392797063,0.0,0.0,0.0,0.0,0.0,352.0934,0.0,0.0,-1.5707964,0.0
1970-01-01 00:00:00.392965135,0.392965135,0.0,0.0,0.0,0.0,0.0,108.36529,0.0,0.0,-1.5707964,0.0
1970-01-01 00:00:00.393054821,0.393054821,742.2696,0.0,0.0,0.0,0.0,0.0,0.0,0.0,-1.5707964,0.0
1970-01-01 00:00:00.393427562,0.393427562,0.0,0.0,0.0,256.42844,0.0,0.0,0.0,0.0,-1.5707964,0.0
1970-01-01 00:00:00.393427562,0.393427562,0.0,0.0,0.0,0.0,0.0,122.25625,0.0,0.0,-1.5707964,0.0
1970-01-01 00:00:00.393684634,0.393684634,0.0,0.0,0.0,0.0,0.0,101.518524,0.0,0.0,-1.5707964,0.0
1970-01-01 00:00:00.393688011,0.393688011,0.0,264.9263,0.0,0.0,0.0,0.0,0.0,0.0,-1.5707964,0.0
1970-01-01 00:00:00.393890932,0.393890932,0.0,0.0,0.0,0.0,0.0,337.19272,0.0,0.0,-1.5707964,0.0
1970-01-01 00:00:00.394121225,0.394121225,0.0,0.0,0.0,0.0,0.0,491.26562,0.0,0.0,-1.5707964,0.0
1970-01-01 00:00:00.394300100,0.3943001,0.0,96.77733,0.0,0.0,0.0,0.0,0.0,0.0,-1.5707964,0.0
1970-01-01 00:00:00.394535856,0.394535856,0.0,0.0,182.21124,0.0,0.0,0.0,0.0,0.0,-1.5707964,0.0
1970-01-01 00:00:00.394755160,0.39475516,0.0,0.0,0.0,0.0,0.0,357.60205,0.0,0.0,-1.5707964,0.0
1970-01-01 00:00:00.394967678,0.394967678,0.0,0.0,0.0,0.0,0.0,191.49632,0.0,0.0,-1.5707964,0.0
1970-01-01 00:00:00.395277061,0.395277061,0.0,0.0,0.0,0.0,0.0,167.15741,0.0,0.0,-1.5707964,0.0
1970-01-01 00:00:00.395394123,0.395394123,305.6225,0.0,0.0,0.0,0.0,0.0,0.0,0.0,-1.5707964,0.0
1970-01-01 00:00:00.395523636,0.395523636,0.0,0.0,0.0,0.0,0.0,454.4226,0.0,0.0,-1.5707964,0.0
1970-01-01 00:00:00.395625374,0.395625374,0.0,119.49323,0.0,0.0,0.0,0.0,0.0,0.0,-1.5707964,0.0
1970-01-01 00:00:00.395667821,0.395667821,0.0,0.0,0.0,0.0,436.72018,0.0,0.0,0.0,-1.5707964,0.0
1970-01-01 00:00:00.395718951,0.395718951,377.16852,0.0,0.0,0.0,0.0,0.0,0.0,0.0,-1.5707964,0.0
1970-01-01 00:00:00.395846077,0.395846077,0.0,97.13454,0.0,0.0,0.0,0.0,0.0,0.0,-1.5707964,0.0
1970-01-01 00:00:00.395855485,0.395855485,481.1796,0.0,0.0,0.0,0.0,0.0,0.0,0.0,-1.5707964,0.0
1970-01-01 00:00:00.395978657,0.395978657,0.0,0.0,0.0,0.0,0.0,156.96997,0.0,0.0,-1.5707964,0.0
1970-01-01 00:00:00.396251181,0.396251181,0.0,0.0,0.0,0.0,0.0,212.8025,0.0,0.0,-1.5707964,0.0
1970-01-01 00:00:00.396284948,0.396284948,0.0,0.0,0.0,0.0,0.0,558.4531,0.0,0.0,-1.5707964,0.0
1970-01-01 00:00:00.396334536,0.396334536,248.82222,0.0,0.0,0.0,0.0,0.0,0.0,0.0,-1.5707964,0.0
1970-01-01 00:00:00.396591819,0.396591819,262.31342,0.0,0.0,0.0,0.0,0.0,0.0,0.0,-1.5707964,0.0
1970-01-01 00:00:00.396683315,0.396683315,0.0,0.0,0.0,0.0,0.0,129.81923,0.0,0.0,-1.5707964,0.0
1970-01-01 00:00:00.396725058,0.396725058,121.584656,0.0,0.0,0.0,0.0,0.0,0.0,0.0,-1.5707964,0.0
1970-01-01 00:00:00.396807801,0.396807801,385.8171,0.0,0.0,0.0,0.0,0.0,0.0,0.0,-1.5707964,0.0
1970-01-01 00:00:00.396877460,0.39687746,0.0,0.0,0.0,208.69536,0.0,0.0,0.0,0.0,-1.5707964,0.0
1970-01-01 00:00:00.396926169,0.396926169,0.0,0.0,0.0,0.0,0.0,281.42188,0.0,0.0,-1.5707964,0.0
1970-01-01 00:00:00.397008791,0.397008791,0.0,0.0,124.301445,0.0,0.0,0.0,0.0,0.0,-1.5707964,0.0
1970-01-01 00:00:00.397191821,0.397191821,108.72865,0.0,0.0,0.0,0.0,0.0,0.0,0.0,-1.5707964,0.0
1970-01-01 00:00:00.397262713,0.397262713,759.00757,0.0,0.0,0.0,0.0,0.0,0.0,0.0,-1.5707964,0.0
1970-01-01 00:00:00.397318035,0.397318035,488.21045,0.0,0.0,0.0,0.0,0.0,0.0,0.0,-1.5707964,0.0
1970-01-01 00:00:00.397363240,0.39736324,0.0,0.0,0.0,0.0,0.0,99.00552,0.0,0.0,-1.5707964,0.0
1970-01-01 00:00:00.397564780,0.39756478,0.0,110.00852,0.0,0.0,0.0,0.0,0.0,0.0,-1.5707964,0.0
1970-01-01 00:00:00.397579609,0.397579609,0.0,0.0,0.0,0.0,0.0,324.80106,0.0,0.0,-1.5707964,0.0
1970-01-01 00:00:00.397587746,0.397587746,0.0,0.0,0.0,0.0,0.0,368.17633,0.0,0.0,-1.5707964,0.0
1970-01-01 00:00:00.397789511,0.397789511,0.0,771.7535,0.0,0.0,0.0,0.0,0.0,0.0,-1.5707964,0.0
1970-01-01 00:00:00.397905154,0.397905154,0.0,82.95419,0.0,0.0,0.0,0.0,0.0,0.0,-1.5707964,0.0
1970-01-01 00:00:00.397907638,0.397907638,0.0,0.0,0.0,689.15265,0.0,0.0,0.0,0.0,-1.5707964,0.0
1970-01-01 00:00:00.397917409,0.397917409,0.0,0.0,0.0,0.0,0.0,306.31226,0.0,0.0,-1.5707964,0.0
1970-01-01 00:00:00.398255313,0.398255313,179.29146,0.0,0.0,0.0,0.0,0.0,0.0,0.0,-1.5707964,0.0
1970-01-01 00:00:00.398265468,0.398265468,0.0,0.0,0.0,0.0,0.0,202.18655,0.0,0.0,-1.5707964,0.0
1970-01-01 00:00:00.398294347,0.398294347,0.0,0.0,0.0,0.0,1077.163,0.0,0.0,0.0,-1.5707964,0.0
1970-01-01 00:00:00.398531902,0.398531902,0.0,0.0,0.0,0.0,0.0,476.64117,0.0,0.0,-1.5707964,0.0
1970-01-01 00:00:00.398775355,0.398775355,0.0,0.0,0.0,0.0,0.0,129.7105,0.0,0.0,-1.5707964,0.0
1970-01-01 00:00:00.398783418,0.398783418,0.0,325.99658,0.0,0.0,0.0,0.0,0.0,0.0,-1.5707964,0.0
1970-01-01 00:00:00.398801926,0.398801926,0.0,0.0,0.0,0.0,0.0,316.45294,0.0,0.0,-1.5707964,0.0
1970-01-01 00:00:00.398837571,0.398837571,226.40007,0.0,0.0,0.0,0.0,0.0,0.0,0.0,-1.5707964,0.0
1970-01-01 00:00:00.398876612,0.398876612,0.0,0.0,904.25037,0.0,0.0,0.0,0.0,0.0,-1.5707964,0.0
1970-01-01 00:00:00.398923930,0.39892393,0.0,107.22202,0.0,0.0,0.0,0.0,0.0,0.0,-1.5707964,0.0
1970-01-01 00:00:00.399222068,0.399222068,264.8409,0.0,0.0,0.0,0.0,0.0,0.0,0.0,-1.5707964,0.0
1970-01-01 00:00:00.399529593,0.399529593,0.0,544.00757,0.0,0.0,0.0,0.0,0.0,0.0,-1.5707964,0.0
1970-01-01 00:00:00.399574103,0.399574103,0.0,0.0,0.0,0.0,0.0,291.39566,0.0,0.0,-1.5707964,0.0
1970-01-01 00:00:00.399855993,0.399855993,0.0,0.0,182.49097,0.0,0.0,0.0,0.0,0.0,-1.5707964,0.0
1970-01-01 00:00:00.399877674,0.399877674,166.65437,0.0,0.0,0.0,0.0,0.0,0.0,0.0,-1.5707964,0.0
1970-01-01 00:00:00.400268267,0.400268267,180.90157,0.0,0.0,0.0,0.0,0.0,0.0,0.0,-1.5707964,0.0
1970-01-01 00:00:00.400332643,0.400332643,0.0,0.0,0.0,0.0,0.0,489.40067,0.0,0.0,-1.5707964,0.0
1970-01-01 00:00:00.400390276,0.400390276,0.0,1111.4163,0.0,0.0,0.0,0.0,0.0,0.0,-1.5707964,0.0
1970-01-01 00:00:00.400408643,0.400408643,0.0,0.0,0.0,0.0,0.0,97.66237,0.0,0.0,-1.5707964,0.0
1970-01-01 00:00:00.400423603,0.400423603,939.13385,0.0,0.0,0.0,0.0,0.0,0.0,0.0,-1.5707964,0.0
1970-01-01 00:00:00.400648305,0.400648305,0.0,0.0,0.0,0.0,0.0,105.345085,0.0,0.0,-1.5707964,0.0
1970-01-01 00:00:00.400784905,0.400784905,0.0,633.1335,0.0,0.0,0.0,0.0,0.0,0.0,-1.5707964,0.0
1970-01-01 00:00:00.400811288,0.400811288,277.556,0.0,0.0,0.0,0.0,0.0,0.0,0.0,-1.5707964,0.0
1970-01-01 00:00:00.400823236,0.400823236,171.0496,0.0,0.0,0.0,0.0,0.0,0.0,0.0,-1.5707964,0.0
1970-01-01 00:00:00.401133155,0.401133155,0.0,147.09882,0.0,0.0,0.0,0.0,0.0,0.0,-1.5707964,0.0
1970-01-01 00:00:00.401317611,0.401317611,0.0,0.0,0.0,0.0,0.0,148.1579,0.0,0.0,-1.5707964,0.0
1970-01-01 00:00:00.401469056,0.401469056,0.0,0.0,0.0,380.2089,0.0,0.0,0.0,0.0,-1.5707964,0.0
1970-01-01 00:00:00.401470713,0.401470713,0.0,105.113495,0.0,0.0,0.0,0.0,0.0,0.0,-1.5707964,0.0
1970-01-01 00:00:00.401652102,0.401652102,146.36429,0.0,0.0,0.0,0.0,0.0,0.0,0.0,-1.5707964,0.0
1970-01-01 00:00:00.401696968,0.401696968,299.43713,0.0,0.0,0.0,0.0,0.0,0.0,0.0,-1.5707964,0.0
1970-01-01 00:00:00.401726195,0.401726195,0.0,0.0,0.0,0.0,0.0,92.92454,0.0,0.0,-1.5707964,0.0
1970-01-01 00:00:00.401749583,0.401749583,0.0,0.0,0.0,575.5457,0.0,0.0,0.0,0.0,-1.5707964,0.0
1970-01-01 00:00:00.401989287,0.401989287,0.0,142.28528,0.0,0.0,0.0,0.0,0.0,0.0,-1.5707964,0.0
1970-01-01 00:00:00.402011820,0.40201182,321.37415,0.0,0.0,0.0,0.0,0.0,0.0,0.0,-1.5707964,0.0
1970-01-01 00:00:00.402039887,0.402039887,0.0,0.0,831.2029,0.0,0.0,0.0,0.0,0.0,-1.5707964,0.0
1970-01-01 00:00:00.402048711,0.402048711,0.0,0.0,0.0,295.34024,0.0,0.0,0.0,0.0,-1.5707964,0.0
1970-01-01 00:00:00.402068680,0.40206868,100.85862,0.0,0.0,0.0,0.0,0.0,0.0,0.0,-1.5707964,0.0
1970-01-01 00:00:00.402083421,0.402083421,0.0,0.0,0.0,315.8051,0.0,0.0,0.0,0.0,-1.5707964,0.0
1970-01-01 00:00:00.402133448,0.402133448,303.26575,0.0,0.0,0.0,0.0,0.0,0.0,0.0,-1.5707964,0.0
1970-01-01 00:00:00.402145144,0.402145144,0.0,0.0,0.0,0.0,0.0,117.00839,0.0,0.0,-1.5707964,0.0
1970-01-01 00:00:00.402169960,0.40216996,0.0,127.10562,0.0,0.0,0.0,0.0,0.0,0.0,-1.5707964,0.0
1970-01-01 00:00:00.402181121,0.402181121,0.0,620.8915,0.0,0.0,0.0,0.0,0.0,0.0,-1.5707964,0.0
1970-01-01 00:00:00.402260032,0.402260032,640.053,0.0,0.0,0.0,0.0,0.0,0.0,0.0,-1.5707964,0.0
1970-01-01 00:00:00.402340571,0.402340571,0.0,585.4334,0.0,0.0,0.0,0.0,0.0,0.0,-1.5707964,0.0
1970-01-01 00:00:00.402432790,0.40243279,197.81955,0.0,0.0,0.0,0.0,0.0,0.0,0.0,-1.5707964,0.0
1970-01-01 00:00:00.402492114,0.402492114,0.0,0.0,0.0,0.0,0.0,297.03516,0.0,0.0,-1.5707964,0.0
1970-01-01 00:00:00.402512583,0.402512583,0.0,0.0,0.0,0.0,0.0,961.7137,0.0,0.0,-1.5707964,0.0
1970-01-01 00:00:00.402594318,0.402594318,0.0,0.0,0.0,0.0,0.0,129.18272,0.0,0.0,-1.5707964,0.0
1970-01-01 00:00:00.402696214,0.402696214,0.0,0.0,0.0,0.0,0.0,379.69165,0.0,0.0,-1.5707964,0.0
1970-01-01 00:00:00.402812971,0.402812971,0.0,284.41113,0.0,0.0,0.0,0.0,0.0,0.0,-1.5707964,0.0
1970-01-01 00:00:00.402831023,0.402831023,527.4059,0.0,0.0,0.0,0.0,0.0,0.0,0.0,-1.5707964,0.0
1970-01-01 00:00:00.403042087,0.403042087,0.0,184.49771,0.0,0.0,0.0,0.0,0.0,0.0,-1.5707964,0.0
1970-01-01 00:00:00.403092886,0.403092886,0.0,0.0,0.0,0.0,0.0,349.81168,0.0,0.0,-1.5707964,0.0
1970-01-01 00:00:00.403100987,0.403100987,0.0,0.0,0.0,0.0,85.69173,0.0,0.0,0.0,-1.5707964,0.0
1970-01-01 00:00:00.403103635,0.403103635,0.0,0.0,793.1581,0.0,0.0,0.0,0.0,0.0,-1.5707964,0.0
1970-01-01 00:00:00.403297598,0.403297598,0.0,0.0,400.80942,0.0,0.0,0.0,0.0,0.0,-1.5707964,0.0
1970-01-01 00:00:00.403299038,0.403299038,0.0,0.0,0.0,0.0,0.0,239.37074,0.0,0.0,-1.5707964,0.0
1970-01-01 00:00:00.403468714,0.403468714,0.0,0.0,0.0,165.48877,0.0,0.0,0.0,0.0,-1.5707964,0.0
1970-01-01 00:00:00.403483954,0.403483954,0.0,0.0,0.0,0.0,0.0,517.47406,0.0,0.0,-1.5707964,0.0
1970-01-01 00:00:00.403571944,0.403571944,0.0,0.0,0.0,0.0,0.0,898.0556,0.0,0.0,-1.5707964,0.0
1970-01-01 00:00:00.403635052,0.403635052,705.7982,0.0,0.0,0.0,0.0,0.0,0.0,0.0,-1.5707964,0.0
1970-01-01 00:00:00.403663095,0.403663095,0.0,262.63577,0.0,0.0,0.0,0.0,0.0,0.0,-1.5707964,0.0
1970-01-01 00:00:00.403749988,0.403749988,0.0,0.0,0.0,0.0,100.201935,0.0,0.0,0.0,-1.5707964,0.0
1970-01-01 00:00:00.403855868,0.403855868,0.0,0.0,0.0,0.0,0.0,294.6003,0.0,0.0,-1.5707964,0.0
1970-01-01 00:00:00.404067542,0.404067542,0.0,984.7731,0.0,0.0,0.0,0.0,0.0,0.0,-1.5707964,0.0
1970-01-01 00:00:00.404067941,0.404067941,0.0,0.0,0.0,0.0,0.0,783.27466,0.0,0.0,-1.5707964,0.0
1970-01-01 00:00:00.404082803,0.404082803,0.0,485.9711,0.0,0.0,0.0,0.0,0.0,0.0,-1.5707964,0.0
1970-01-01 00:00:00.404233607,0.404233607,0.0,277.787,0.0,0.0,0.0,0.0,0.0,0.0,-1.5707964,0.0
1970-01-01 00:00:00.404233607,0.404233607,0.0,0.0,0.0,0.0,121.105316,0.0,0.0,0.0,-1.5707964,0.0
1970-01-01 00:00:00.404310835,0.404310835,0.0,0.0,0.0,0.0,192.86433,0.0,0.0,0.0,-1.5707964,0.0
1970-01-01 00:00:00.404503301,0.404503301,0.0,0.0,197.76317,0.0,0.0,0.0,0.0,0.0,-1.5707964,0.0
1970-01-01 00:00:00.404521251,0.404521251,0.0,892.2126,0.0,0.0,0.0,0.0,0.0,0.0,-1.5707964,0.0
1970-01-01 00:00:00.404528111,0.404528111,143.32281,0.0,0.0,0.0,0.0,0.0,0.0,0.0,-1.5707964,0.0
1970-01-01 00:00:00.404619167,0.404619167,0.0,0.0,0.0,0.0,0.0,91.97636,0.0,0.0,-1.5707964,0.0
1970-01-01 00:00:00.404662856,0.404662856,0.0,0.0,0.0,0.0,0.0,150.75049,0.0,0.0,-1.5707964,0.0
1970-01-01 00:00:00.404850009,0.404850009,0.0,0.0,199.78903,0.0,0.0,0.0,0.0,0.0,-1.5707964,0.0
1970-01-01 00:00:00.404930195,0.404930195,0.0,0.0,0.0,0.0,0.0,173.71532,0.0,0.0,-1.5707964,0.0
1970-01-01 00:00:00.404936298,0.404936298,0.0,0.0,0.0,0.0,0.0,146.07741,0.0,0.0,-1.5707964,0.0
1970-01-01 00:00:00.404968452,0.404968452,0.0,0.0,0.0,0.0,0.0,216.21811,0.0,0.0,-1.5707964,0.0
1970-01-01 00:00:00.405392149,0.405392149,0.0,0.0,0.0,0.0,0.0,611.90216,0.0,0.0,-1.5707964,0.0
1970-01-01 00:00:00.405433289,0.405433289,290.9471,0.0,0.0,0.0,0.0,0.0,0.0,0.0,-1.5707964,0.0
1970-01-01 00:00:00.405510656,0.405510656,134.23605,0.0,0.0,0.0,0.0,0.0,0.0,0.0,-1.5707964,0.0
1970-01-01 00:00:00.405644945,0.405644945,0.0,0.0,0.0,0.0,0.0,96.69818,0.0,0.0,-1.5707964,0.0
1970-01-01 00:00:00.405663943,0.405663943,0.0,236.28268,0.0,0.0,0.0,0.0,0.0,0.0,-1.5707964,0.0
1970-01-01 00:00:00.405717089,0.405717089,0.0,0.0,0.0,0.0,543.2633,0.0,0.0,0.0,-1.5707964,0.0
1970-01-01 00:00:00.405872617,0.405872617,0.0,447.1881,0.0,0.0,0.0,0.0,0.0,0.0,-1.5707964,0.0
1970-01-01 00:00:00.405911711,0.405911711,719.88837,0.0,0.0,0.0,0.0,0.0,0.0,0.0,-1.5707964,0.0
1970-01-01 00:00:00.405966626,0.405966626,0.0,0.0,0.0,0.0,131.18925,0.0,0.0,0.0,-1.5707964,0.0
1970-01-01 00:00:00.406001286,0.406001286,0.0,190.36845,0.0,0.0,0.0,0.0,0.0,0.0,-1.5707964,0.0
1970-01-01 00:00:00.406034078,0.406034078,0.0,0.0,0.0,0.0,0.0,243.09442,0.0,0.0,-1.5707964,0.0
1970-01-01 00:00:00.406070353,0.406070353,0.0,0.0,0.0,0.0,0.0,343.66678,0.0,0.0,-1.5707964,0.0
1970-01-01 00:00:00.406332587,0.406332587,0.0,0.0,0.0,0.0,0.0,205.75928,0.0,0.0,-1.5707964,0.0
1970-01-01 00:00:00.406402479,0.406402479,0.0,572.25433,0.0,0.0,0.0,0.0,0.0,0.0,-1.5707964,0.0
1970-01-01 00:00:00.406470457,0.406470457,0.0,183.59354,0.0,0.0,0.0,0.0,0.0,0.0,-1.5707964,0.0
1970-01-01 00:00:00.406484748,0.406484748,0.0,113.96354,0.0,0.0,0.0,0.0,0.0,0.0,-1.5707964,0.0
1970-01-01 00:00:00.406587452,0.406587452,0.0,379.4516,0.0,0.0,0.0,0.0,0.0,0.0,-1.5707964,0.0
1970-01-01 00:00:00.406625548,0.406625548,168.31924,0.0,0.0,0.0,0.0,0.0,0.0,0.0,-1.5707964,0.0
1970-01-01 00:00:00.406715651,0.406715651,0.0,405.99664,0.0,0.0,0.0,0.0,0.0,0.0,-1.5707964,0.0
1970-01-01 00:00:00.406769991,0.406769991,166.16058,0.0,0.0,0.0,0.0,0.0,0.0,0.0,-1.5707964,0.0
1970-01-01 00:00:00.406791137,0.406791137,0.0,0.0,0.0,0.0,0.0,332.5767,0.0,0.0,-1.5707964,0.0
1970-01-01 00:00:00.406871881,0.406871881,0.0,0.0,0.0,0.0,0.0,134.68916,0.0,0.0,-1.5707964,0.0
1970-01-01 00:00:00.406973560,0.40697356,410.41122,0.0,0.0,0.0,0.0,0.0,0.0,0.0,-1.5707964,0.0
1970-01-01 00:00:00.407046346,0.407046346,0.0,0.0,0.0,0.0,0.0,135.18346,0.0,0.0,-1.5707964,0.0
1970-01-01 00:00:00.407061009,0.407061009,0.0,139.8311,0.0,0.0,0.0,0.0,0.0,0.0,-1.5707964,0.0
1970-01-01 00:00:00.407082950,0.40708295,267.14175,0.0,0.0,0.0,0.0,0.0,0.0,0.0,-1.5707964,0.0
1970-01-01 00:00:00.407127798,0.407127798,628.8982,0.0,0.0,0.0,0.0,0.0,0.0,0.0,-1.5707964,0.0
1970-01-01 00:00:00.407217803,0.407217803,0.0,0.0,0.0,0.0,0.0,653.4983,0.0,0.0,-1.5707964,0.0
1970-01-01 00:00:00.407233314,0.407233314,0.0,0.0,0.0,0.0,0.0,846.313,0.0,0.0,-1.5707964,0.0
1970-01-01 00:00:00.407324311,0.407324311,0.0,0.0,748.99054,0.0,0.0,0.0,0.0,0.0,-1.5707964,0.0
1970-01-01 00:00:00.407452328,0.407452328,0.0,0.0,0.0,0.0,0.0,264.99332,0.0,0.0,-1.5707964,0.0
1970-01-01 00:00:00.407519800,0.4075198,98.088036,0.0,0.0,0.0,0.0,0.0,0.0,0.0,-1.5707964,0.0
1970-01-01 00:00:00.407605950,0.40760595,84.80389,0.0,0.0,0.0,0.0,0.0,0.0,0.0,-1.5707964,0.0
1970-01-01 00:00:00.407619089,0.407619089,161.14961,0.0,0.0,0.0,0.0,0.0,0.0,0.0,-1.5707964,0.0
1970-01-01 00:00:00.407708700,0.4077087,0.0,1150.971,0.0,0.0,0.0,0.0,0.0,0.0,-1.5707964,0.0
1970-01-01 00:00:00.407715628,0.407715628,493.08032,0.0,0.0,0.0,0.0,0.0,0.0,0.0,-1.5707964,0.0
1970-01-01 00:00:00.407821034,0.407821034,0.0,0.0,0.0,0.0,335.30908,0.0,0.0,0.0,-1.5707964,0.0
1970-01-01 00:00:00.407908392,0.407908392,0.0,0.0,0.0,0.0,0.0,85.0061,0.0,0.0,-1.5707964,0.0
1970-01-01 00:00:00.407978213,0.407978213,0.0,138.01764,0.0,0.0,0.0,0.0,0.0,0.0,-1.5707964,0.0
1970-01-01 00:00:00.407981987,0.407981987,0.0,0.0,0.0,0.0,0.0,195.61319,0.0,0.0,-1.5707964,0.0
1970-01-01 00:00:00.407986752,0.407986752,0.0,0.0,0.0,0.0,0.0,452.9554,0.0,0.0,-1.5707964,0.0
1970-01-01 00:00:00.408069474,0.408069474,0.0,233.86084,0.0,0.0,0.0,0.0,0.0,0.0,-1.5707964,0.0
1970-01-01 00:00:00.408170702,0.408170702,0.0,128.04202,0.0,0.0,0.0,0.0,0.0,0.0,-1.5707964,0.0
1970-01-01 00:00:00.408351673,0.408351673,0.0,0.0,0.0,0.0,0.0,347.05338,0.0,0.0,-1.5707964,0.0
1970-01-01 00:00:00.408379597,0.408379597,0.0,0.0,139.60391,0.0,0.0,0.0,0.0,0.0,-1.5707964,0.0
1970-01-01 00:00:00.408402532,0.408402532,0.0,0.0,0.0,0.0,0.0,455.99133,0.0,0.0,-1.5707964,0.0
1970-01-01 00:00:00.408412024,0.408412024,0.0,239.76886,0.0,0.0,0.0,0.0,0.0,0.0,-1.5707964,0.0
1970-01-01 00:00:00.408439668,0.408439668,122.708046,0.0,0.0,0.0,0.0,0.0,0.0,0.0,-1.5707964,0.0
1970-01-01 00:00:00.408446833,0.408446833,90.81443,0.0,0.0,0.0,0.0,0.0,0.0,0.0,-1.5707964,0.0
1970-01-01 00:00:00.408611123,0.408611123,0.0,0.0,0.0,290.25473,0.0,0.0,0.0,0.0,-1.5707964,0.0
1970-01-01 00:00:00.408809444,0.408809444,0.0,0.0,0.0,0.0,0.0,495.32013,0.0,0.0,-1.5707964,0.0
1970-01-01 00:00:00.408817091,0.408817091,0.0,477.10376,0.0,0.0,0.0,0.0,0.0,0.0,-1.5707964,0.0
1970-01-01 00:00:00.408859674,0.408859674,1115.0206,0.0,0.0,0.0,0.0,0.0,0.0,0.0,-1.5707964,0.0
1970-01-01 00:00:00.408875846,0.408875846,0.0,0.0,0.0,0.0,0.0,456.44412,0.0,0.0,-1.5707964,0.0
1970-01-01 00:00:00.408983030,0.40898303,144.15422,0.0,0.0,0.0,0.0,0.0,0.0,0.0,-1.5707964,0.0
1970-01-01 00:00:00.408989958,0.408989958,128.7578,0.0,0.0,0.0,0.0,0.0,0.0,0.0,-1.5707964,0.0
1970-01-01 00:00:00.409044273,0.409044273,0.0,0.0,381.37106,0.0,0.0,0.0,0.0,0.0,-1.5707964,0.0
1970-01-01 00:00:00.409071612,0.409071612,0.0,0.0,0.0,0.0,0.0,438.7257,0.0,0.0,-1.5707964,0.0
1970-01-01 00:00:00.409148906,0.409148906,0.0,100.099106,0.0,0.0,0.0,0.0,0.0,0.0,-1.5707964,0.0
1970-01-01 00:00:00.409226305,0.409226305,0.0,0.0,0.0,0.0,0.0,373.70078,0.0,0.0,-1.5707964,0.0
1970-01-01 00:00:00.409228960,0.40922896,0.0,494.65924,0.0,0.0,0.0,0.0,0.0,0.0,-1.5707964,0.0
1970-01-01 00:00:00.409331078,0.409331078,0.0,0.0,104.68993,0.0,0.0,0.0,0.0,0.0,-1.5707964,0.0
1970-01-01 00:00:00.409361888,0.409361888,0.0,548.67236,0.0,0.0,0.0,0.0,0.0,0.0,-1.5707964,0.0
1970-01-01 00:00:00.409362377,0.409362377,0.0,148.74423,0.0,0.0,0.0,0.0,0.0,0.0,-1.5707964,0.0
1970-01-01 00:00:00.409426521,0.409426521,211.57837,0.0,0.0,0.0,0.0,0.0,0.0,0.0,-1.5707964,0.0
1970-01-01 00:00:00.409554978,0.409554978,0.0,0.0,0.0,0.0,0.0,460.31873,0.0,0.0,-1.5707964,0.0
1970-01-01 00:00:00.409633542,0.409633542,0.0,0.0,183.92653,0.0,0.0,0.0,0.0,0.0,-1.5707964,0.0
1970-01-01 00:00:00.409657316,0.409657316,0.0,0.0,0.0,0.0,0.0,161.75961,0.0,0.0,-1.5707964,0.0
1970-01-01 00:00:00.409704457,0.409704457,129.54405,0.0,0.0,0.0,0.0,0.0,0.0,0.0,-1.5707964,0.0
1970-01-01 00:00:00.409776144,0.409776144,206.36647,0.0,0.0,0.0,0.0,0.0,0.0,0.0,-1.5707964,0.0
1970-01-01 00:00:00.409837211,0.409837211,0.0,182.59984,0.0,0.0,0.0,0.0,0.0,0.0,-1.5707964,0.0
1970-01-01 00:00:00.409892656,0.409892656,260.44482,0.0,0.0,0.0,0.0,0.0,0.0,0.0,-1.5707964,0.0
1970-01-01 00:00:00.409899462,0.409899462,97.90161,0.0,0.0,0.0,0.0,0.0,0.0,0.0,-1.5707964,0.0
1970-01-01 00:00:00.409940533,0.409940533,0.0,0.0,0.0,0.0,0.0,639.06885,0.0,0.0,-1.5707964,0.0
1970-01-01 00:00:00.410188583,0.410188583,0.0,0.0,0.0,0.0,0.0,494.0736,0.0,0.0,-1.5707964,0.0
1970-01-01 00:00:00.410227865,0.410227865,191.93372,0.0,0.0,0.0,0.0,0.0,0.0,0.0,-1.5707964,0.0
1970-01-01 00:00:00.410298190,0.41029819,0.0,0.0,0.0,0.0,0.0,404.39975,0.0,0.0,-1.5707964,0.0
1970-01-01 00:00:00.410298202,0.410298202,0.0,421.54303,0.0,0.0,0.0,0.0,0.0,0.0,-1.5707964,0.0
1970-01-01 00:00:00.410342274,0.410342274,0.0,114.382645,0.0,0.0,0.0,0.0,0.0,0.0,-1.5707964,0.0
1970-01-01 00:00:00.410378339,0.410378339,0.0,0.0,121.08388,0.0,0.0,0.0,0.0,0.0,-1.5707964,0.0
1970-01-01 00:00:00.410423743,0.410423743,0.0,0.0,0.0,0.0,0.0,236.42227,0.0,0.0,-1.5707964,0.0
1970-01-01 00:00:00.410517816,0.410517816,388.78638,0.0,0.0,0.0,0.0,0.0,0.0,0.0,-1.5707964,0.0
1970-01-01 00:00:00.410564377,0.410564377,445.93875,0.0,0.0,0.0,0.0,0.0,0.0,0.0,-1.5707964,0.0
1970-01-01 00:00:00.410608104,0.410608104,0.0,0.0,0.0,0.0,0.0,462.5274,0.0,0.0,-1.5707964,0.0
1970-01-01 00:00:00.410645449,0.410645449,0.0,143.7098,0.0,0.0,0.0,0.0,0.0,0.0,-1.5707964,0.0
1970-01-01 00:00:00.410661790,0.41066179,0.0,0.0,0.0,0.0,244.78625,0.0,0.0,0.0,-1.5707964,0.0
1970-01-01 00:00:00.410762481,0.410762481,0.0,648.00934,0.0,0.0,0.0,0.0,0.0,0.0,-1.5707964,0.0
1970-01-01 00:00:00.410794717,0.410794717,0.0,0.0,0.0,0.0,952.5009,0.0,0.0,0.0,-1.5707964,0.0
1970-01-01 00:00:00.411008899,0.411008899,0.0,129.17014,0.0,0.0,0.0,0.0,0.0,0.0,-1.5707964,0.0
1970-01-01 00:00:00.411015012,0.411015012,0.0,215.6089,0.0,0.0,0.0,0.0,0.0,0.0,-1.5707964,0.0
1970-01-01 00:00:00.411103947,0.411103947,129.51373,0.0,0.0,0.0,0.0,0.0,0.0,0.0,-1.5707964,0.0
1970-01-01 00:00:00.411234130,0.41123413,0.0,0.0,0.0,128.92941,0.0,0.0,0.0,0.0,-1.5707964,0.0
1970-01-01 00:00:00.411330755,0.411330755,0.0,0.0,0.0,0.0,0.0,139.26659,0.0,0.0,-1.5707964,0.0
1970-01-01 00:00:00.411385420,0.41138542,0.0,0.0,225.55621,0.0,0.0,0.0,0.0,0.0,-1.5707964,0.0
1970-01-01 00:00:00.411581313,0.411581313,0.0,424.7184,0.0,0.0,0.0,0.0,0.0,0.0,-1.5707964,0.0
1970-01-01 00:00:00.411602047,0.411602047,0.0,0.0,422.24738,0.0,0.0,0.0,0.0,0.0,-1.5707964,0.0
1970-01-01 00:00:00.411604404,0.411604404,389.8774,0.0,0.0,0.0,0.0,0.0,0.0,0.0,-1.5707964,0.0
1970-01-01 00:00:00.411633547,0.411633547,491.0778,0.0,0.0,0.0,0.0,0.0,0.0,0.0,-1.5707964,0.0
1970-01-01 00:00:00.411714796,0.411714796,0.0,0.0,0.0,0.0,0.0,528.35956,0.0,0.0,-1.5707964,0.0
1970-01-01 00:00:00.411925352,0.411925352,0.0,0.0,0.0,0.0,0.0,719.75964,0.0,0.0,-1.5707964,0.0
1970-01-01 00:00:00.411976493,0.411976493,0.0,0.0,0.0,0.0,112.587135,0.0,0.0,0.0,-1.5707964,0.0
1970-01-01 00:00:00.412048532,0.412048532,0.0,0.0,0.0,128.30505,0.0,0.0,0.0,0.0,-1.5707964,0.0
1970-01-01 00:00:00.412096817,0.412096817,0.0,0.0,0.0,0.0,0.0,381.28583,0.0,0.0,-1.5707964,0.0
1970-01-01 00:00:00.412140912,0.412140912,0.0,148.40082,0.0,0.0,0.0,0.0,0.0,0.0,-1.5707964,0.0
1970-01-01 00:00:00.412206985,0.412206985,0.0,0.0,0.0,0.0,0.0,93.38984,0.0,0.0,-1.5707964,0.0
1970-01-01 00:00:00.412306949,0.412306949,227.51532,0.0,0.0,0.0,0.0,0.0,0.0,0.0,-1.5707964,0.0
1970-01-01 00:00:00.412611753,0.412611753,239.96451,0.0,0.0,0.0,0.0,0.0,0.0,0.0,-1.5707964,0.0
1970-01-01 00:00:00.412680147,0.412680147,0.0,0.0,0.0,0.0,0.0,238.2457,0.0,0.0,-1.5707964,0.0
1970-01-01 00:00:00.412735113,0.412735113,0.0,0.0,0.0,0.0,363.92407,0.0,0.0,0.0,-1.5707964,0.0
1970-01-01 00:00:00.412747299,0.412747299,0.0,0.0,0.0,152.02246,0.0,0.0,0.0,0.0,-1.5707964,0.0
1970-01-01 00:00:00.412793447,0.412793447,0.0,0.0,0.0,0.0,0.0,189.00491,0.0,0.0,-1.5707964,0.0
1970-01-01 00:00:00.413011106,0.413011106,0.0,0.0,0.0,0.0,0.0,261.51114,0.0,0.0,-1.5707964,0.0
1970-01-01 00:00:00.413162495,0.413162495,0.0,0.0,0.0,0.0,0.0,262.7711,0.0,0.0,-1.5707964,0.0
1970-01-01 00:00:00.413196967,0.413196967,0.0,430.0173,0.0,0.0,0.0,0.0,0.0,0.0,-1.5707964,0.0
1970-01-01 00:00:00.413255051,0.413255051,0.0,0.0,0.0,0.0,0.0,380.38724,0.0,0.0,-1.5707964,0.0
1970-01-01 00:00:00.413287075,0.413287075,287.76672,0.0,0.0,0.0,0.0,0.0,0.0,0.0,-1.5707964,0.0
1970-01-01 00:00:00.413329687,0.413329687,0.0,0.0,0.0,0.0,0.0,369.30734,0.0,0.0,-1.5707964,0.0
1970-01-01 00:00:00.413427028,0.413427028,0.0,0.0,0.0,0.0,0.0,80.39626,0.0,0.0,-1.5707964,0.0
1970-01-01 00:00:00.413553842,0.413553842,0.0,0.0,0.0,0.0,0.0,82.08693,0.0,0.0,-1.5707964,0.0
1970-01-01 00:00:00.413558001,0.413558001,0.0,131.33093,0.0,0.0,0.0,0.0,0.0,0.0,-1.5707964,0.0
1970-01-01 00:00:00.413599187,0.413599187,0.0,0.0,0.0,0.0,0.0,211.83076,0.0,0.0,-1.5707964,0.0
1970-01-01 00:00:00.413672049,0.413672049,0.0,218.94221,0.0,0.0,0.0,0.0,0.0,0.0,-1.5707964,0.0
1970-01-01 00:00:00.413686035,0.413686035,0.0,95.9235,0.0,0.0,0.0,0.0,0.0,0.0,-1.5707964,0.0
1970-01-01 00:00:00.413758684,0.413758684,0.0,0.0,0.0,0.0,0.0,154.36209,0.0,0.0,-1.5707964,0.0
1970-01-01 00:00:00.413925989,0.413925989,247.51698,0.0,0.0,0.0,0.0,0.0,0.0,0.0,-1.5707964,0.0
1970-01-01 00:00:00.414048848,0.414048848,0.0,0.0,0.0,267.94614,0.0,0.0,0.0,0.0,-1.5707964,0.0
1970-01-01 00:00:00.414048848,0.414048848,0.0,0.0,0.0,0.0,0.0,111.51088,0.0,0.0,-1.5707964,0.0
1970-01-01 00:00:00.414118612,0.414118612,0.0,0.0,0.0,135.53009,0.0,0.0,0.0,0.0,-1.5707964,0.0
1970-01-01 00:00:00.414135222,0.414135222,284.8482,0.0,0.0,0.0,0.0,0.0,0.0,0.0,-1.5707964,0.0
1970-01-01 00:00:00.414139433,0.414139433,0.0,381.18396,0.0,0.0,0.0,0.0,0.0,0.0,-1.5707964,0.0
1970-01-01 00:00:00.414180893,0.414180893,338.6352,0.0,0.0,0.0,0.0,0.0,0.0,0.0,-1.5707964,0.0
1970-01-01 00:00:00.414229309,0.414229309,0.0,0.0,0.0,0.0,154.63916,0.0,0.0,0.0,-1.5707964,0.0
1970-01-01 00:00:00.414311340,0.41431134,0.0,0.0,0.0,0.0,0.0,360.85498,0.0,0.0,-1.5707964,0.0
1970-01-01 00:00:00.414621677,0.414621677,0.0,0.0,0.0,0.0,0.0,180.87386,0.0,0.0,-1.5707964,0.0
1970-01-01 00:00:00.414658033,0.414658033,0.0,0.0,0.0,0.0,0.0,390.22693,0.0,0.0,-1.5707964,0.0
1970-01-01 00:00:00.414675730,0.41467573,273.50183,0.0,0.0,0.0,0.0,0.0,0.0,0.0,-1.5707964,0.0
1970-01-01 00:00:00.414973342,0.414973342,394.63327,0.0,0.0,0.0,0.0,0.0,0.0,0.0,-1.5707964,0.0
1970-01-01 00:00:00.415043926,0.415043926,0.0,102.56694,0.0,0.0,0.0,0.0,0.0,0.0,-1.5707964,0.0
1970-01-01 00:00:00.415128910,0.41512891,566.91565,0.0,0.0,0.0,0.0,0.0,0.0,0.0,-1.5707964,0.0
1970-01-01 00:00:00.415193491,0.415193491,0.0,328.6838,0.0,0.0,0.0,0.0,0.0,0.0,-1.5707964,0.0
1970-01-01 00:00:00.415222710,0.41522271,127.956474,0.0,0.0,0.0,0.0,0.0,0.0,0.0,-1.5707964,0.0
1970-01-01 00:00:00.415230735,0.415230735,0.0,713.16,0.0,0.0,0.0,0.0,0.0,0.0,-1.5707964,0.0
1970-01-01 00:00:00.415273840,0.41527384,172.47812,0.0,0.0,0.0,0.0,0.0,0.0,0.0,-1.5707964,0.0
1970-01-01 00:00:00.415353708,0.415353708,0.0,0.0,0.0,0.0,0.0,391.78024,0.0,0.0,-1.5707964,0.0
1970-01-01 00:00:00.415359693,0.415359693,869.214,0.0,0.0,0.0,0.0,0.0,0.0,0.0,-1.5707964,0.0
1970-01-01 00:00:00.415450463,0.415450463,307.79916,0.0,0.0,0.0,0.0,0.0,0.0,0.0,-1.5707964,0.0
1970-01-01 00:00:00.415463732,0.415463732,0.0,688.7052,0.0,0.0,0.0,0.0,0.0,0.0,-1.5707964,0.0
1970-01-01 00:00:00.415728192,0.415728192,0.0,0.0,0.0,0.0,0.0,105.66929,0.0,0.0,-1.5707964,0.0
1970-01-01 00:00:00.415916395,0.415916395,0.0,0.0,0.0,440.8133,0.0,0.0,0.0,0.0,-1.5707964,0.0
1970-01-01 00:00:00.416260739,0.416260739,0.0,0.0,0.0,0.0,0.0,186.0597,0.0,0.0,-1.5707964,0.0
1970-01-01 00:00:00.416387547,0.416387547,0.0,209.27693,0.0,0.0,0.0,0.0,0.0,0.0,-1.5707964,0.0
1970-01-01 00:00:00.416417769,0.416417769,0.0,0.0,0.0,0.0,0.0,155.31255,0.0,0.0,-1.5707964,0.0
1970-01-01 00:00:00.416450516,0.416450516,0.0,2151.2593,0.0,0.0,0.0,0.0,0.0,0.0,-1.5707964,0.0
1970-01-01 00:00:00.416613824,0.416613824,0.0,850.73584,0.0,0.0,0.0,0.0,0.0,0.0,-1.5707964,0.0
1970-01-01 00:00:00.416629474,0.416629474,0.0,0.0,0.0,0.0,0.0,969.4187,0.0,0.0,-1.5707964,0.0
1970-01-01 00:00:00.416718341,0.416718341,0.0,0.0,0.0,0.0,175.52345,0.0,0.0,0.0,-1.5707964,0.0
1970-01-01 00:00:00.416719284,0.416719284,0.0,0.0,0.0,273.97498,0.0,0.0,0.0,0.0,-1.5707964,0.0
1970-01-01 00:00:00.416779953,0.416779953,0.0,0.0,0.0,0.0,0.0,210.82494,0.0,0.0,-1.5707964,0.0
1970-01-01 00:00:00.416804834,0.416804834,0.0,0.0,0.0,0.0,188.57816,0.0,0.0,0.0,-1.5707964,0.0
1970-01-01 00:00:00.416805741,0.416805741,0.0,152.60246,0.0,0.0,0.0,0.0,0.0,0.0,-1.5707964,0.0
1970-01-01 00:00:00.416896020,0.41689602,0.0,510.3317,0.0,0.0,0.0,0.0,0.0,0.0,-1.5707964,0.0
1970-01-01 00:00:00.416896467,0.416896467,0.0,326.21207,0.0,0.0,0.0,0.0,0.0,0.0,-1.5707964,0.0
1970-01-01 00:00:00.416951702,0.416951702,0.0,0.0,0.0,94.49855,0.0,0.0,0.0,0.0,-1.5707964,0.0
1970-01-01 00:00:00.416961022,0.416961022,0.0,0.0,0.0,0.0,0.0,266.6336,0.0,0.0,-1.5707964,0.0
1970-01-01 00:00:00.416973004,0.416973004,232.27965,0.0,0.0,0.0,0.0,0.0,0.0,0.0,-1.5707964,0.0
1970-01-01 00:00:00.416973090,0.41697309,0.0,677.0787,0.0,0.0,0.0,0.0,0.0,0.0,-1.5707964,0.0
1970-01-01 00:00:00.417000332,0.417000332,0.0,0.0,0.0,87.26298,0.0,0.0,0.0,0.0,-1.5707964,0.0
1970-01-01 00:00:00.417056483,0.417056483,0.0,179.24806,0.0,0.0,0.0,0.0,0.0,0.0,-1.5707964,0.0
1970-01-01 00:00:00.417099575,0.417099575,0.0,0.0,0.0,0.0,550.5171,0.0,0.0,0.0,-1.5707964,0.0
1970-01-01 00:00:00.417104477,0.417104477,303.31433,0.0,0.0,0.0,0.0,0.0,0.0,0.0,-1.5707964,0.0
1970-01-01 00:00:00.417282646,0.417282646,0.0,0.0,0.0,0.0,0.0,288.96307,0.0,0.0,-1.5707964,0.0
1970-01-01 00:00:00.417320807,0.417320807,0.0,0.0,0.0,0.0,0.0,114.87548,0.0,0.0,-1.5707964,0.0
1970-01-01 00:00:00.417486561,0.417486561,0.0,0.0,0.0,0.0,115.37859,0.0,0.0,0.0,-1.5707964,0.0
1970-01-01 00:00:00.417513807,0.417513807,0.0,322.107,0.0,0.0,0.0,0.0,0.0,0.0,-1.5707964,0.0
1970-01-01 00:00:00.417605090,0.41760509,0.0,0.0,0.0,276.88623,0.0,0.0,0.0,0.0,-1.5707964,0.0
1970-01-01 00:00:00.417610357,0.417610357,465.83487,0.0,0.0,0.0,0.0,0.0,0.0,0.0,-1.5707964,0.0
1970-01-01 00:00:00.417677108,0.417677108,0.0,116.56003,0.0,0.0,0.0,0.0,0.0,0.0,-1.5707964,0.0
1970-01-01 00:00:00.417736847,0.417736847,0.0,0.0,0.0,0.0,0.0,501.6888,0.0,0.0,-1.5707964,0.0
1970-01-01 00:00:00.417751276,0.417751276,201.31636,0.0,0.0,0.0,0.0,0.0,0.0,0.0,-1.5707964,0.0
1970-01-01 00:00:00.417768530,0.41776853,0.0,346.5221,0.0,0.0,0.0,0.0,0.0,0.0,-1.5707964,0.0
1970-01-01 00:00:00.417782741,0.417782741,0.0,217.29665,0.0,0.0,0.0,0.0,0.0,0.0,-1.5707964,0.0
1970-01-01 00:00:00.417816315,0.417816315,0.0,0.0,0.0,0.0,0.0,441.16525,0.0,0.0,-1.5707964,0.0
1970-01-01 00:00:00.417837578,0.417837578,0.0,0.0,0.0,0.0,0.0,157.81923,0.0,0.0,-1.5707964,0.0
1970-01-01 00:00:00.417850527,0.417850527,187.73334,0.0,0.0,0.0,0.0,0.0,0.0,0.0,-1.5707964,0.0
1970-01-01 00:00:00.417957676,0.417957676,0.0,0.0,0.0,0.0,0.0,462.47357,0.0,0.0,-1.5707964,0.0
1970-01-01 00:00:00.417979859,0.417979859,514.5144,0.0,0.0,0.0,0.0,0.0,0.0,0.0,-1.5707964,0.0
1970-01-01 00:00:00.418070330,0.41807033,0.0,0.0,0.0,0.0,0.0,197.3771,0.0,0.0,-1.5707964,0.0
1970-01-01 00:00:00.418189015,0.418189015,0.0,0.0,0.0,0.0,0.0,84.924126,0.0,0.0,-1.5707964,0.0
1970-01-01 00:00:00.418233736,0.418233736,0.0,260.87463,0.0,0.0,0.0,0.0,0.0,0.0,-1.5707964,0.0
1970-01-01 00:00:00.418345240,0.41834524,0.0,0.0,0.0,0.0,0.0,1780.1805,0.0,0.0,-1.5707964,0.0
1970-01-01 00:00:00.418369255,0.418369255,0.0,0.0,0.0,140.79922,0.0,0.0,0.0,0.0,-1.5707964,0.0
1970-01-01 00:00:00.418409449,0.418409449,0.0,185.96002,0.0,0.0,0.0,0.0,0.0,0.0,-1.5707964,0.0
1970-01-01 00:00:00.418511995,0.418511995,0.0,0.0,0.0,0.0,0.0,341.8816,0.0,0.0,-1.5707964,0.0
1970-01-01 00:00:00.418535572,0.418535572,0.0,832.06146,0.0,0.0,0.0,0.0,0.0,0.0,-1.5707964,0.0
1970-01-01 00:00:00.418604447,0.418604447,212.519,0.0,0.0,0.0,0.0,0.0,0.0,0.0,-1.5707964,0.0
1970-01-01 00:00:00.418682782,0.418682782,208.68811,0.0,0.0,0.0,0.0,0.0,0.0,0.0,-1.5707964,0.0
1970-01-01 00:00:00.418712825,0.418712825,0.0,0.0,134.95462,0.0,0.0,0.0,0.0,0.0,-1.5707964,0.0
1970-01-01 00:00:00.418744270,0.41874427,0.0,0.0,170.29263,0.0,0.0,0.0,0.0,0.0,-1.5707964,0.0
1970-01-01 00:00:00.418796490,0.41879649,81.82444,0.0,0.0,0.0,0.0,0.0,0.0,0.0,-1.5707964,0.0
1970-01-01 00:00:00.418854803,0.418854803,0.0,0.0,0.0,0.0,0.0,442.6889,0.0,0.0,-1.5707964,0.0
1970-01-01 00:00:00.418858997,0.418858997,0.0,0.0,0.0,0.0,91.89713,0.0,0.0,0.0,-1.5707964,0.0
1970-01-01 00:00:00.418870967,0.418870967,121.6571,0.0,0.0,0.0,0.0,0.0,0.0,0.0,-1.5707964,0.0
1970-01-01 00:00:00.418919449,0.418919449,238.81868,0.0,0.0,0.0,0.0,0.0,0.0,0.0,-1.5707964,0.0
1970-01-01 00:00:00.419034133,0.419034133,140.94963,0.0,0.0,0.0,0.0,0.0,0.0,0.0,-1.5707964,0.0
1970-01-01 00:00:00.419145352,0.419145352,0.0,0.0,0.0,0.0,0.0,281.62262,0.0,0.0,-1.5707964,0.0
1970-01-01 00:00:00.419147883,0.419147883,85.8287,0.0,0.0,0.0,0.0,0.0,0.0,0.0,-1.5707964,0.0
1970-01-01 00:00:00.419149263,0.419149263,0.0,0.0,0.0,160.81487,0.0,0.0,0.0,0.0,-1.5707964,0.0
1970-01-01 00:00:00.419314907,0.419314907,0.0,0.0,0.0,0.0,434.38397,0.0,0.0,0.0,-1.5707964,0.0
1970-01-01 00:00:00.419321863,0.419321863,0.0,0.0,0.0,0.0,356.9671,0.0,0.0,0.0,-1.5707964,0.0
1970-01-01 00:00:00.419784937,0.419784937,207.6054,0.0,0.0,0.0,0.0,0.0,0.0,0.0,-1.5707964,0.0
1970-01-01 00:00:00.419838564,0.419838564,0.0,288.14255,0.0,0.0,0.0,0.0,0.0,0.0,-1.5707964,0.0
1970-01-01 00:00:00.419952702,0.419952702,0.0,0.0,0.0,0.0,0.0,200.16693,0.0,0.0,-1.5707964,0.0
1970-01-01 00:00:00.419967666,0.419967666,0.0,325.51547,0.0,0.0,0.0,0.0,0.0,0.0,-1.5707964,0.0
1970-01-01 00:00:00.419998685,0.419998685,0.0,400.66922,0.0,0.0,0.0,0.0,0.0,0.0,-1.5707964,0.0
1970-01-01 00:00:00.420156463,0.420156463,0.0,0.0,0.0,0.0,993.8911,0.0,0.0,0.0,-1.5707964,0.0
1970-01-01 00:00:00.420179581,0.420179581,134.942,0.0,0.0,0.0,0.0,0.0,0.0,0.0,-1.5707964,0.0
1970-01-01 00:00:00.420301827,0.420301827,0.0,0.0,0.0,0.0,126.584,0.0,0.0,0.0,-1.5707964,0.0
1970-01-01 00:00:00.420497198,0.420497198,0.0,283.99307,0.0,0.0,0.0,0.0,0.0,0.0,-1.5707964,0.0
1970-01-01 00:00:00.420545861,0.420545861,0.0,0.0,0.0,0.0,0.0,338.18875,0.0,0.0,-1.5707964,0.0
1970-01-01 00:00:00.420704241,0.420704241,0.0,80.34071,0.0,0.0,0.0,0.0,0.0,0.0,-1.5707964,0.0
1970-01-01 00:00:00.420963214,0.420963214,84.72672,0.0,0.0,0.0,0.0,0.0,0.0,0.0,-1.5707964,0.0
1970-01-01 00:00:00.420976249,0.420976249,0.0,0.0,0.0,0.0,0.0,173.07375,0.0,0.0,-1.5707964,0.0
1970-01-01 00:00:00.420983250,0.42098325,0.0,1274.9869,0.0,0.0,0.0,0.0,0.0,0.0,-1.5707964,0.0
1970-01-01 00:00:00.421038285,0.421038285,0.0,92.30702,0.0,0.0,0.0,0.0,0.0,0.0,-1.5707964,0.0
1970-01-01 00:00:00.421067178,0.421067178,252.44698,0.0,0.0,0.0,0.0,0.0,0.0,0.0,-1.5707964,0.0
1970-01-01 00:00:00.421106475,0.421106475,0.0,268.73538,0.0,0.0,0.0,0.0,0.0,0.0,-1.5707964,0.0
1970-01-01 00:00:00.421108973,0.421108973,0.0,232.59033,0.0,0.0,0.0,0.0,0.0,0.0,-1.5707964,0.0
1970-01-01 00:00:00.421121779,0.421121779,0.0,0.0,0.0,0.0,0.0,145.08002,0.0,0.0,-1.5707964,0.0
1970-01-01 00:00:00.421295912,0.421295912,445.6734,0.0,0.0,0.0,0.0,0.0,0.0,0.0,-1.5707964,0.0
1970-01-01 00:00:00.421394058,0.421394058,0.0,206.53737,0.0,0.0,0.0,0.0,0.0,0.0,-1.5707964,0.0
1970-01-01 00:00:00.421626728,0.421626728,0.0,432.09283,0.0,0.0,0.0,0.0,0.0,0.0,-1.5707964,0.0
1970-01-01 00:00:00.421696592,0.421696592,0.0,273.23962,0.0,0.0,0.0,0.0,0.0,0.0,-1.5707964,0.0
1970-01-01 00:00:00.421713007,0.421713007,0.0,177.22081,0.0,0.0,0.0,0.0,0.0,0.0,-1.5707964,0.0
1970-01-01 00:00:00.421906214,0.421906214,0.0,148.36348,0.0,0.0,0.0,0.0,0.0,0.0,-1.5707964,0.0
1970-01-01 00:00:00.422002399,0.422002399,94.22145,0.0,0.0,0.0,0.0,0.0,0.0,0.0,-1.5707964,0.0
1970-01-01 00:00:00.422024655,0.422024655,0.0,0.0,0.0,0.0,0.0,450.10458,0.0,0.0,-1.5707964,0.0
1970-01-01 00:00:00.422056864,0.422056864,0.0,0.0,0.0,0.0,0.0,490.5604,0.0,0.0,-1.5707964,0.0
1970-01-01 00:00:00.422096212,0.422096212,0.0,535.03253,0.0,0.0,0.0,0.0,0.0,0.0,-1.5707964,0.0
1970-01-01 00:00:00.422172316,0.422172316,0.0,0.0,0.0,0.0,0.0,221.50804,0.0,0.0,-1.5707964,0.0
1970-01-01 00:00:00.422175423,0.422175423,0.0,885.2454,0.0,0.0,0.0,0.0,0.0,0.0,-1.5707964,0.0
1970-01-01 00:00:00.422185089,0.422185089,0.0,398.00876,0.0,0.0,0.0,0.0,0.0,0.0,-1.5707964,0.0
1970-01-01 00:00:00.422195744,0.422195744,0.0,0.0,0.0,0.0,186.02849,0.0,0.0,0.0,-1.5707964,0.0
1970-01-01 00:00:00.422219960,0.42221996,0.0,0.0,0.0,111.12285,0.0,0.0,0.0,0.0,-1.5707964,0.0
1970-01-01 00:00:00.422291873,0.422291873,144.09868,0.0,0.0,0.0,0.0,0.0,0.0,0.0,-1.5707964,0.0
1970-01-01 00:00:00.422316322,0.422316322,0.0,162.7951,0.0,0.0,0.0,0.0,0.0,0.0,-1.5707964,0.0
1970-01-01 00:00:00.422390255,0.422390255,0.0,0.0,0.0,0.0,0.0,139.7057,0.0,0.0,-1.5707964,0.0
1970-01-01 00:00:00.422396277,0.422396277,0.0,233.58574,0.0,0.0,0.0,0.0,0.0,0.0,-1.5707964,0.0
1970-01-01 00:00:00.422457218,0.422457218,0.0,0.0,341.84314,0.0,0.0,0.0,0.0,0.0,-1.5707964,0.0
1970-01-01 00:00:00.422480232,0.422480232,0.0,0.0,0.0,0.0,0.0,564.7152,0.0,0.0,-1.5707964,0.0
1970-01-01 00:00:00.422550935,0.422550935,135.47124,0.0,0.0,0.0,0.0,0.0,0.0,0.0,-1.5707964,0.0
1970-01-01 00:00:00.422573913,0.422573913,0.0,0.0,131.19403,0.0,0.0,0.0,0.0,0.0,-1.5707964,0.0
1970-01-01 00:00:00.422574904,0.422574904,0.0,0.0,0.0,0.0,0.0,196.74478,0.0,0.0,-1.5707964,0.0
1970-01-01 00:00:00.422609909,0.422609909,0.0,0.0,0.0,139.97044,0.0,0.0,0.0,0.0,-1.5707964,0.0
1970-01-01 00:00:00.422620551,0.422620551,186.4615,0.0,0.0,0.0,0.0,0.0,0.0,0.0,-1.5707964,0.0
1970-01-01 00:00:00.422635630,0.42263563,0.0,0.0,0.0,0.0,0.0,137.41634,0.0,0.0,-1.5707964,0.0
1970-01-01 00:00:00.422685160,0.42268516,0.0,0.0,0.0,0.0,0.0,170.24731,0.0,0.0,-1.5707964,0.0
1970-01-01 00:00:00.422807861,0.422807861,0.0,0.0,0.0,0.0,0.0,110.29257,0.0,0.0,-1.5707964,0.0
1970-01-01 00:00:00.422821384,0.422821384,0.0,0.0,0.0,0.0,0.0,101.23755,0.0,0.0,-1.5707964,0.0
1970-01-01 00:00:00.422825938,0.422825938,0.0,0.0,0.0,0.0,0.0,180.32043,0.0,0.0,-1.5707964,0.0
1970-01-01 00:00:00.422834806,0.422834806,0.0,0.0,0.0,214.62596,0.0,0.0,0.0,0.0,-1.5707964,0.0
1970-01-01 00:00:00.422978317,0.422978317,164.43938,0.0,0.0,0.0,0.0,0.0,0.0,0.0,-1.5707964,0.0
1970-01-01 00:00:00.423179204,0.423179204,0.0,0.0,0.0,0.0,0.0,892.50214,0.0,0.0,-1.5707964,0.0
1970-01-01 00:00:00.423279558,0.423279558,0.0,191.9264,0.0,0.0,0.0,0.0,0.0,0.0,-1.5707964,0.0
1970-01-01 00:00:00.423404749,0.423404749,0.0,107.94371,0.0,0.0,0.0,0.0,0.0,0.0,-1.5707964,0.0
1970-01-01 00:00:00.423479359,0.423479359,0.0,0.0,0.0,0.0,0.0,352.02042,0.0,0.0,-1.5707964,0.0
1970-01-01 00:00:00.423487972,0.423487972,0.0,0.0,0.0,0.0,0.0,288.62204,0.0,0.0,-1.5707964,0.0
1970-01-01 00:00:00.423975458,0.423975458,0.0,0.0,865.7448,0.0,0.0,0.0,0.0,0.0,-1.5707964,0.0
1970-01-01 00:00:00.424034806,0.424034806,0.0,136.81343,0.0,0.0,0.0,0.0,0.0,0.0,-1.5707964,0.0
1970-01-01 00:00:00.424127140,0.42412714,0.0,0.0,0.0,0.0,0.0,190.78778,0.0,0.0,-1.5707964,0.0
1970-01-01 00:00:00.424179252,0.424179252,0.0,0.0,0.0,0.0,0.0,310.9318,0.0,0.0,-1.5707964,0.0
1970-01-01 00:00:00.424281527,0.424281527,0.0,0.0,0.0,0.0,0.0,205.56097,0.0,0.0,-1.5707964,0.0
1970-01-01 00:00:00.424317387,0.424317387,0.0,0.0,117.537796,0.0,0.0,0.0,0.0,0.0,-1.5707964,0.0
1970-01-01 00:00:00.424393528,0.424393528,0.0,912.92456,0.0,0.0,0.0,0.0,0.0,0.0,-1.5707964,0.0
1970-01-01 00:00:00.424571696,0.424571696,0.0,0.0,0.0,108.3246,0.0,0.0,0.0,0.0,-1.5707964,0.0
1970-01-01 00:00:00.424587661,0.424587661,155.97546,0.0,0.0,0.0,0.0,0.0,0.0,0.0,-1.5707964,0.0
1970-01-01 00:00:00.424621856,0.424621856,0.0,325.12946,0.0,0.0,0.0,0.0,0.0,0.0,-1.5707964,0.0
1970-01-01 00:00:00.424672868,0.424672868,0.0,543.8328,0.0,0.0,0.0,0.0,0.0,0.0,-1.5707964,0.0
1970-01-01 00:00:00.424705534,0.424705534,0.0,0.0,0.0,0.0,0.0,186.37482,0.0,0.0,-1.5707964,0.0
1970-01-01 00:00:00.424897984,0.424897984,0.0,0.0,0.0,468.5083,0.0,0.0,0.0,0.0,-1.5707964,0.0
1970-01-01 00:00:00.424903552,0.424903552,143.48108,0.0,0.0,0.0,0.0,0.0,0.0,0.0,-1.5707964,0.0
1970-01-01 00:00:00.424915213,0.424915213,0.0,100.4242,0.0,0.0,0.0,0.0,0.0,0.0,-1.5707964,0.0
1970-01-01 00:00:00.424966565,0.424966565,0.0,0.0,0.0,0.0,0.0,94.106155,0.0,0.0,-1.5707964,0.0
1970-01-01 00:00:00.425140273,0.425140273,362.29947,0.0,0.0,0.0,0.0,0.0,0.0,0.0,-1.5707964,0.0
1970-01-01 00:00:00.425143440,0.42514344,115.150246,0.0,0.0,0.0,0.0,0.0,0.0,0.0,-1.5707964,0.0
1970-01-01 00:00:00.425215158,0.425215158,197.54268,0.0,0.0,0.0,0.0,0.0,0.0,0.0,-1.5707964,0.0
1970-01-01 00:00:00.425257310,0.42525731,0.0,0.0,0.0,0.0,466.01178,0.0,0.0,0.0,-1.5707964,0.0
1970-01-01 00:00:00.425503741,0.425503741,714.40625,0.0,0.0,0.0,0.0,0.0,0.0,0.0,-1.5707964,0.0
1970-01-01 00:00:00.425667618,0.425667618,0.0,0.0,0.0,0.0,0.0,718.2316,0.0,0.0,-1.5707964,0.0
1970-01-01 00:00:00.425992569,0.425992569,0.0,120.12769,0.0,0.0,0.0,0.0,0.0,0.0,-1.5707964,0.0
1970-01-01 00:00:00.426121552,0.426121552,269.61243,0.0,0.0,0.0,0.0,0.0,0.0,0.0,-1.5707964,0.0
1970-01-01 00:00:00.426165388,0.426165388,0.0,0.0,0.0,0.0,0.0,80.045,0.0,0.0,-1.5707964,0.0
1970-01-01 00:00:00.426166580,0.42616658,0.0,0.0,0.0,0.0,0.0,243.70483,0.0,0.0,-1.5707964,0.0
1970-01-01 00:00:00.426237863,0.426237863,0.0,0.0,0.0,0.0,96.100746,0.0,0.0,0.0,-1.5707964,0.0
1970-01-01 00:00:00.426364666,0.426364666,0.0,0.0,0.0,0.0,127.05237,0.0,0.0,0.0,-1.5707964,0.0
1970-01-01 00:00:00.426367936,0.426367936,0.0,0.0,0.0,0.0,0.0,275.56094,0.0,0.0,-1.5707964,0.0
1970-01-01 00:00:00.426387310,0.42638731,0.0,0.0,0.0,0.0,0.0,550.19055,0.0,0.0,-1.5707964,0.0
1970-01-01 00:00:00.426387688,0.426387688,0.0,145.74202,0.0,0.0,0.0,0.0,0.0,0.0,-1.5707964,0.0
1970-01-01 00:00:00.426559679,0.426559679,100.12656,0.0,0.0,0.0,0.0,0.0,0.0,0.0,-1.5707964,0.0
1970-01-01 00:00:00.426609349,0.426609349,0.0,0.0,0.0,0.0,0.0,210.15547,0.0,0.0,-1.5707964,0.0
1970-01-01 00:00:00.426651335,0.426651335,0.0,685.95386,0.0,0.0,0.0,0.0,0.0,0.0,-1.5707964,0.0
1970-01-01 00:00:00.426671675,0.426671675,0.0,0.0,0.0,0.0,0.0,841.1458,0.0,0.0,-1.5707964,0.0
1970-01-01 00:00:00.426721469,0.426721469,0.0,0.0,0.0,0.0,0.0,366.14972,0.0,0.0,-1.5707964,0.0
1970-01-01 00:00:00.426735208,0.426735208,0.0,0.0,85.28649,0.0,0.0,0.0,0.0,0.0,-1.5707964,0.0
1970-01-01 00:00:00.426802366,0.426802366,85.74747,0.0,0.0,0.0,0.0,0.0,0.0,0.0,-1.5707964,0.0
1970-01-01 00:00:00.426814045,0.426814045,0.0,0.0,0.0,0.0,0.0,319.92834,0.0,0.0,-1.5707964,0.0
1970-01-01 00:00:00.427003951,0.427003951,0.0,0.0,0.0,0.0,0.0,107.40639,0.0,0.0,-1.5707964,0.0
1970-01-01 00:00:00.427030645,0.427030645,0.0,0.0,0.0,0.0,0.0,167.30815,0.0,0.0,-1.5707964,0.0
1970-01-01 00:00:00.427099285,0.427099285,0.0,81.60173,0.0,0.0,0.0,0.0,0.0,0.0,-1.5707964,0.0
1970-01-01 00:00:00.427139532,0.427139532,0.0,569.2612,0.0,0.0,0.0,0.0,0.0,0.0,-1.5707964,0.0
1970-01-01 00:00:00.427273747,0.427273747,499.523,0.0,0.0,0.0,0.0,0.0,0.0,0.0,-1.5707964,0.0
1970-01-01 00:00:00.427747994,0.427747994,0.0,0.0,0.0,0.0,0.0,188.86844,0.0,0.0,-1.5707964,0.0
1970-01-01 00:00:00.427766144,0.427766144,0.0,0.0,0.0,0.0,0.0,157.2587,0.0,0.0,-1.5707964,0.0
1970-01-01 00:00:00.428162993,0.428162993,0.0,0.0,0.0,0.0,0.0,113.20769,0.0,0.0,-1.5707964,0.0
1970-01-01 00:00:00.428363036,0.428363036,0.0,0.0,0.0,0.0,0.0,197.73824,0.0,0.0,-1.5707964,0.0
1970-01-01 00:00:00.428409339,0.428409339,0.0,698.1427,0.0,0.0,0.0,0.0,0.0,0.0,-1.5707964,0.0
1970-01-01 00:00:00.428430670,0.42843067,0.0,0.0,0.0,962.58844,0.0,0.0,0.0,0.0,-1.5707964,0.0
1970-01-01 00:00:00.428658977,0.428658977,0.0,271.19083,0.0,0.0,0.0,0.0,0.0,0.0,-1.5707964,0.0
1970-01-01 00:00:00.428980471,0.428980471,0.0,0.0,166.76576,0.0,0.0,0.0,0.0,0.0,-1.5707964,0.0
1970-01-01 00:00:00.429334652,0.429334652,0.0,0.0,0.0,0.0,0.0,311.0295,0.0,0.0,-1.5707964,0.0
1970-01-01 00:00:00.429413512,0.429413512,0.0,147.61394,0.0,0.0,0.0,0.0,0.0,0.0,-1.5707964,0.0
1970-01-01 00:00:00.429558261,0.429558261,0.0,123.77209,0.0,0.0,0.0,0.0,0.0,0.0,-1.5707964,0.0
1970-01-01 00:00:00.429572590,0.42957259,0.0,0.0,0.0,1645.3247,0.0,0.0,0.0,0.0,-1.5707964,0.0
1970-01-01 00:00:00.429757258,0.429757258,0.0,0.0,0.0,0.0,254.20187,0.0,0.0,0.0,-1.5707964,0.0
1970-01-01 00:00:00.429901167,0.429901167,155.12988,0.0,0.0,0.0,0.0,0.0,0.0,0.0,-1.5707964,0.0
1970-01-01 00:00:00.430053406,0.430053406,0.0,0.0,0.0,0.0,0.0,282.2143,0.0,0.0,-1.5707964,0.0
1970-01-01 00:00:00.430172904,0.430172904,252.28348,0.0,0.0,0.0,0.0,0.0,0.0,0.0,-1.5707964,0.0
1970-01-01 00:00:00.430302542,0.430302542,113.540924,0.0,0.0,0.0,0.0,0.0,0.0,0.0,-1.5707964,0.0
1970-01-01 00:00:00.430935420,0.43093542,0.0,0.0,94.74743,0.0,0.0,0.0,0.0,0.0,-1.5707964,0.0
1970-01-01 00:00:00.431389749,0.431389749,0.0,394.63617,0.0,0.0,0.0,0.0,0.0,0.0,-1.5707964,0.0
1970-01-01 00:00:00.431661734,0.431661734,0.0,0.0,0.0,108.24917,0.0,0.0,0.0,0.0,-1.5707964,0.0
1970-01-01 00:00:00.431663187,0.431663187,0.0,511.83856,0.0,0.0,0.0,0.0,0.0,0.0,-1.5707964,0.0
1970-01-01 00:00:00.431711368,0.431711368,0.0,235.54266,0.0,0.0,0.0,0.0,0.0,0.0,-1.5707964,0.0
1970-01-01 00:00:00.431775368,0.431775368,125.61423,0.0,0.0,0.0,0.0,0.0,0.0,0.0,-1.5707964,0.0
1970-01-01 00:00:00.431847553,0.431847553,822.024,0.0,0.0,0.0,0.0,0.0,0.0,0.0,-1.5707964,0.0
1970-01-01 00:00:00.432129249,0.432129249,0.0,0.0,0.0,0.0,0.0,86.954,0.0,0.0,-1.5707964,0.0
1970-01-01 00:00:00.432251380,0.43225138,279.61337,0.0,0.0,0.0,0.0,0.0,0.0,0.0,-1.5707964,0.0
1970-01-01 00:00:00.432401189,0.432401189,0.0,0.0,0.0,0.0,0.0,524.8805,0.0,0.0,-1.5707964,0.0
1970-01-01 00:00:00.432669493,0.432669493,0.0,0.0,119.89509,0.0,0.0,0.0,0.0,0.0,-1.5707964,0.0
1970-01-01 00:00:00.432968070,0.43296807,0.0,0.0,0.0,0.0,0.0,288.58325,0.0,0.0,-1.5707964,0.0
1970-01-01 00:00:00.433309793,0.433309793,0.0,0.0,0.0,0.0,83.04494,0.0,0.0,0.0,-1.5707964,0.0
1970-01-01 00:00:00.433475568,0.433475568,0.0,0.0,0.0,0.0,0.0,306.5305,0.0,0.0,-1.5707964,0.0
1970-01-01 00:00:00.433478033,0.433478033,0.0,0.0,0.0,0.0,0.0,293.69077,0.0,0.0,-1.5707964,0.0
1970-01-01 00:00:00.433703837,0.433703837,0.0,0.0,0.0,0.0,0.0,367.35532,0.0,0.0,-1.5707964,0.0
1970-01-01 00:00:00.433744257,0.433744257,147.29616,0.0,0.0,0.0,0.0,0.0,0.0,0.0,-1.5707964,0.0
1970-01-01 00:00:00.433894459,0.433894459,229.276,0.0,0.0,0.0,0.0,0.0,0.0,0.0,-1.5707964,0.0
1970-01-01 00:00:00.434102730,0.43410273,372.63083,0.0,0.0,0.0,0.0,0.0,0.0,0.0,-1.5707964,0.0
1970-01-01 00:00:00.434133168,0.434133168,0.0,0.0,176.41177,0.0,0.0,0.0,0.0,0.0,-1.5707964,0.0
1970-01-01 00:00:00.434499002,0.434499002,0.0,0.0,941.5177,0.0,0.0,0.0,0.0,0.0,-1.5707964,0.0
1970-01-01 00:00:00.434524115,0.434524115,0.0,0.0,0.0,0.0,0.0,185.46233,0.0,0.0,-1.5707964,0.0
1970-01-01 00:00:00.434735057,0.434735057,0.0,0.0,0.0,0.0,0.0,423.09103,0.0,0.0,-1.5707964,0.0
1970-01-01 00:00:00.435238962,0.435238962,0.0,0.0,0.0,104.808174,0.0,0.0,0.0,0.0,-1.5707964,0.0
1970-01-01 00:00:00.435357177,0.435357177,0.0,0.0,0.0,113.29942,0.0,0.0,0.0,0.0,-1.5707964,0.0
1970-01-01 00:00:00.435493512,0.435493512,103.717224,0.0,0.0,0.0,0.0,0.0,0.0,0.0,-1.5707964,0.0
1970-01-01 00:00:00.435666193,0.435666193,0.0,0.0,0.0,0.0,226.27298,0.0,0.0,0.0,-1.5707964,0.0
1970-01-01 00:00:00.435692077,0.435692077,0.0,0.0,0.0,0.0,161.90202,0.0,0.0,0.0,-1.5707964,0.0
1970-01-01 00:00:00.435769459,0.435769459,99.556786,0.0,0.0,0.0,0.0,0.0,0.0,0.0,-1.5707964,0.0
1970-01-01 00:00:00.436016829,0.436016829,0.0,0.0,0.0,0.0,0.0,147.30804,0.0,0.0,-1.5707964,0.0
1970-01-01 00:00:00.436045716,0.436045716,1834.0914,0.0,0.0,0.0,0.0,0.0,0.0,0.0,-1.5707964,0.0
1970-01-01 00:00:00.436379070,0.43637907,0.0,155.65121,0.0,0.0,0.0,0.0,0.0,0.0,-1.5707964,0.0
1970-01-01 00:00:00.436581672,0.436581672,827.4886,0.0,0.0,0.0,0.0,0.0,0.0,0.0,-1.5707964,0.0
1970-01-01 00:00:00.436680352,0.436680352,197.47336,0.0,0.0,0.0,0.0,0.0,0.0,0.0,-1.5707964,0.0
1970-01-01 00:00:00.436699493,0.436699493,0.0,0.0,0.0,1039.3386,0.0,0.0,0.0,0.0,-1.5707964,0.0
1970-01-01 00:00:00.436733120,0.43673312,0.0,0.0,0.0,0.0,238.6667,0.0,0.0,0.0,-1.5707964,0.0
1970-01-01 00:00:00.437035978,0.437035978,122.48419,0.0,0.0,0.0,0.0,0.0,0.0,0.0,-1.5707964,0.0
1970-01-01 00:00:00.437434787,0.437434787,413.22592,0.0,0.0,0.0,0.0,0.0,0.0,0.0,-1.5707964,0.0
1970-01-01 00:00:00.437523614,0.437523614,151.36246,0.0,0.0,0.0,0.0,0.0,0.0,0.0,-1.5707964,0.0
1970-01-01 00:00:00.437540527,0.437540527,94.833664,0.0,0.0,0.0,0.0,0.0,0.0,0.0,-1.5707964,0.0
1970-01-01 00:00:00.437648547,0.437648547,0.0,0.0,0.0,0.0,0.0,228.93364,0.0,0.0,-1.5707964,0.0
1970-01-01 00:00:00.437662629,0.437662629,98.5971,0.0,0.0,0.0,0.0,0.0,0.0,0.0,-1.5707964,0.0
1970-01-01 00:00:00.437931723,0.437931723,170.92247,0.0,0.0,0.0,0.0,0.0,0.0,0.0,-1.5707964,0.0
1970-01-01 00:00:00.438221262,0.438221262,0.0,0.0,0.0,0.0,0.0,510.1866,0.0,0.0,-1.5707964,0.0
1970-01-01 00:00:00.438597806,0.438597806,172.98808,0.0,0.0,0.0,0.0,0.0,0.0,0.0,-1.5707964,0.0
1970-01-01 00:00:00.438869009,0.438869009,205.4328,0.0,0.0,0.0,0.0,0.0,0.0,0.0,-1.5707964,0.0
1970-01-01 00:00:00.439008076,0.439008076,0.0,171.09886,0.0,0.0,0.0,0.0,0.0,0.0,-1.5707964,0.0
1970-01-01 00:00:00.439159682,0.439159682,0.0,0.0,0.0,0.0,0.0,192.29793,0.0,0.0,-1.5707964,0.0
1970-01-01 00:00:00.439399043,0.439399043,0.0,286.31046,0.0,0.0,0.0,0.0,0.0,0.0,-1.5707964,0.0
1970-01-01 00:00:00.439417823,0.439417823,0.0,0.0,0.0,0.0,81.16072,0.0,0.0,0.0,-1.5707964,0.0
1970-01-01 00:00:00.439479859,0.439479859,0.0,294.06818,0.0,0.0,0.0,0.0,0.0,0.0,-1.5707964,0.0
1970-01-01 00:00:00.439509473,0.439509473,0.0,0.0,0.0,0.0,0.0,572.0583,0.0,0.0,-1.5707964,0.0
1970-01-01 00:00:00.439757562,0.439757562,90.91931,0.0,0.0,0.0,0.0,0.0,0.0,0.0,-1.5707964,0.0
1970-01-01 00:00:00.440077965,0.440077965,0.0,225.25114,0.0,0.0,0.0,0.0,0.0,0.0,-1.5707964,0.0
1970-01-01 00:00:00.440270509,0.440270509,0.0,0.0,0.0,0.0,0.0,537.6215,0.0,0.0,-1.5707964,0.0
1970-01-01 00:00:00.440574764,0.440574764,0.0,0.0,0.0,0.0,0.0,305.47226,0.0,0.0,-1.5707964,0.0
1970-01-01 00:00:00.440743744,0.440743744,263.17694,0.0,0.0,0.0,0.0,0.0,0.0,0.0,-1.5707964,0.0
1970-01-01 00:00:00.440745910,0.44074591,0.0,0.0,0.0,0.0,0.0,452.98505,0.0,0.0,-1.5707964,0.0
1970-01-01 00:00:00.440935971,0.440935971,0.0,0.0,0.0,0.0,494.116,0.0,0.0,0.0,-1.5707964,0.0
1970-01-01 00:00:00.440960123,0.440960123,0.0,234.70302,0.0,0.0,0.0,0.0,0.0,0.0,-1.5707964,0.0
1970-01-01 00:00:00.441009953,0.441009953,0.0,0.0,0.0,183.00667,0.0,0.0,0.0,0.0,-1.5707964,0.0
1970-01-01 00:00:00.441302150,0.44130215,0.0,0.0,627.5497,0.0,0.0,0.0,0.0,0.0,-1.5707964,0.0
1970-01-01 00:00:00.441305485,0.441305485,0.0,0.0,0.0,0.0,0.0,383.86472,0.0,0.0,-1.5707964,0.0
1970-01-01 00:00:00.441533517,0.441533517,0.0,0.0,0.0,130.33884,0.0,0.0,0.0,0.0,-1.5707964,0.0
1970-01-01 00:00:00.441632200,0.4416322,0.0,0.0,116.21004,0.0,0.0,0.0,0.0,0.0,-1.5707964,0.0
1970-01-01 00:00:00.441670932,0.441670932,0.0,0.0,0.0,354.49316,0.0,0.0,0.0,0.0,-1.5707964,0.0
1970-01-01 00:00:00.441678263,0.441678263,0.0,0.0,0.0,0.0,0.0,103.48623,0.0,0.0,-1.5707964,0.0
1970-01-01 00:00:00.441682256,0.441682256,0.0,0.0,0.0,0.0,0.0,166.29579,0.0,0.0,-1.5707964,0.0
1970-01-01 00:00:00.441706308,0.441706308,0.0,0.0,0.0,0.0,0.0,147.49683,0.0,0.0,-1.5707964,0.0
1970-01-01 00:00:00.441737358,0.441737358,0.0,318.42377,0.0,0.0,0.0,0.0,0.0,0.0,-1.5707964,0.0
1970-01-01 00:00:00.441880328,0.441880328,123.920166,0.0,0.0,0.0,0.0,0.0,0.0,0.0,-1.5707964,0.0
1970-01-01 00:00:00.442310920,0.44231092,0.0,371.05087,0.0,0.0,0.0,0.0,0.0,0.0,-1.5707964,0.0
1970-01-01 00:00:00.442349055,0.442349055,128.97585,0.0,0.0,0.0,0.0,0.0,0.0,0.0,-1.5707964,0.0
1970-01-01 00:00:00.442513290,0.44251329,0.0,0.0,0.0,0.0,0.0,197.11267,0.0,0.0,-1.5707964,0.0
1970-01-01 00:00:00.442520318,0.442520318,0.0,110.25559,0.0,0.0,0.0,0.0,0.0,0.0,-1.5707964,0.0
1970-01-01 00:00:00.442580625,0.442580625,239.99243,0.0,0.0,0.0,0.0,0.0,0.0,0.0,-1.5707964,0.0
1970-01-01 00:00:00.442757443,0.442757443,0.0,0.0,0.0,0.0,0.0,314.1346,0.0,0.0,-1.5707964,0.0
1970-01-01 00:00:00.442920918,0.442920918,0.0,0.0,0.0,0.0,0.0,380.34055,0.0,0.0,-1.5707964,0.0
1970-01-01 00:00:00.442960043,0.442960043,0.0,0.0,0.0,0.0,0.0,227.56204,0.0,0.0,-1.5707964,0.0
1970-01-01 00:00:00.443368393,0.443368393,432.13245,0.0,0.0,0.0,0.0,0.0,0.0,0.0,-1.5707964,0.0
1970-01-01 00:00:00.443421662,0.443421662,166.47255,0.0,0.0,0.0,0.0,0.0,0.0,0.0,-1.5707964,0.0
1970-01-01 00:00:00.443855924,0.443855924,311.48886,0.0,0.0,0.0,0.0,0.0,0.0,0.0,-1.5707964,0.0
1970-01-01 00:00:00.444220340,0.44422034,0.0,0.0,0.0,0.0,564.7211,0.0,0.0,0.0,-1.5707964,0.0
1970-01-01 00:00:00.444341391,0.444341391,0.0,0.0,0.0,0.0,0.0,386.02954,0.0,0.0,-1.5707964,0.0
1970-01-01 00:00:00.444592149,0.444592149,0.0,0.0,0.0,0.0,417.43326,0.0,0.0,0.0,-1.5707964,0.0
1970-01-01 00:00:00.445006502,0.445006502,127.14159,0.0,0.0,0.0,0.0,0.0,0.0,0.0,-1.5707964,0.0
1970-01-01 00:00:00.445836397,0.445836397,0.0,0.0,0.0,0.0,409.25183,0.0,0.0,0.0,-1.5707964,0.0
1970-01-01 00:00:00.446072642,0.446072642,0.0,0.0,0.0,0.0,0.0,99.18778,0.0,0.0,-1.5707964,0.0
1970-01-01 00:00:00.446382432,0.446382432,0.0,0.0,0.0,0.0,0.0,250.55838,0.0,0.0,-1.5707964,0.0
1970-01-01 00:00:00.446701726,0.446701726,550.19763,0.0,0.0,0.0,0.0,0.0,0.0,0.0,-1.5707964,0.0
1970-01-01 00:00:00.446716621,0.446716621,0.0,0.0,0.0,0.0,177.57176,0.0,0.0,0.0,-1.5707964,0.0
1970-01-01 00:00:00.447201785,0.447201785,0.0,0.0,0.0,0.0,0.0,658.15765,0.0,0.0,-1.5707964,0.0
1970-01-01 00:00:00.447441916,0.447441916,0.0,0.0,0.0,0.0,0.0,88.39413,0.0,0.0,-1.5707964,0.0
1970-01-01 00:00:00.448782574,0.448782574,0.0,0.0,0.0,433.20038,0.0,0.0,0.0,0.0,-1.5707964,0.0
1970-01-01 00:00:00.449208264,0.449208264,0.0,295.0875,0.0,0.0,0.0,0.0,0.0,0.0,-1.5707964,0.0
1970-01-01 00:00:00.449276172,0.449276172,0.0,401.48264,0.0,0.0,0.0,0.0,0.0,0.0,-1.5707964,0.0
1970-01-01 00:00:00.449363663,0.449363663,529.86676,0.0,0.0,0.0,0.0,0.0,0.0,0.0,-1.5707964,0.0
1970-01-01 00:00:00.449415932,0.449415932,444.38422,0.0,0.0,0.0,0.0,0.0,0.0,0.0,-1.5707964,0.0
1970-01-01 00:00:00.450147380,0.45014738,0.0,0.0,0.0,0.0,0.0,287.27414,0.0,0.0,-1.5707964,0.0
1970-01-01 00:00:00.450162007,0.450162007,0.0,168.29411,0.0,0.0,0.0,0.0,0.0,0.0,-1.5707964,0.0
1970-01-01 00:00:00.450272551,0.450272551,0.0,123.95805,0.0,0.0,0.0,0.0,0.0,0.0,-1.5707964,0.0
1970-01-01 00:00:00.450325464,0.450325464,0.0,0.0,0.0,0.0,0.0,90.11916,0.0,0.0,-1.5707964,0.0
1970-01-01 00:00:00.450583322,0.450583322,0.0,0.0,0.0,0.0,0.0,1726.8907,0.0,0.0,-1.5707964,0.0
1970-01-01 00:00:00.450609439,0.450609439,0.0,0.0,139.71288,0.0,0.0,0.0,0.0,0.0,-1.5707964,0.0
1970-01-01 00:00:00.450706111,0.450706111,0.0,226.69478,0.0,0.0,0.0,0.0,0.0,0.0,-1.5707964,0.0
1970-01-01 00:00:00.450912822,0.450912822,126.63904,0.0,0.0,0.0,0.0,0.0,0.0,0.0,-1.5707964,0.0
1970-01-01 00:00:00.450960423,0.450960423,543.6664,0.0,0.0,0.0,0.0,0.0,0.0,0.0,-1.5707964,0.0
1970-01-01 00:00:00.451130102,0.451130102,440.6145,0.0,0.0,0.0,0.0,0.0,0.0,0.0,-1.5707964,0.0
1970-01-01 00:00:00.451681613,0.451681613,436.05225,0.0,0.0,0.0,0.0,0.0,0.0,0.0,-1.5707964,0.0
1970-01-01 00:00:00.451824395,0.451824395,0.0,0.0,0.0,0.0,0.0,235.08351,0.0,0.0,-1.5707964,0.0
1970-01-01 00:00:00.452477538,0.452477538,0.0,0.0,0.0,897.50793,0.0,0.0,0.0,0.0,-1.5707964,0.0
1970-01-01 00:00:00.452601269,0.452601269,0.0,0.0,0.0,0.0,0.0,236.22034,0.0,0.0,-1.5707964,0.0
1970-01-01 00:00:00.452806556,0.452806556,0.0,0.0,258.3291,0.0,0.0,0.0,0.0,0.0,-1.5707964,0.0
1970-01-01 00:00:00.453020437,0.453020437,0.0,0.0,0.0,0.0,0.0,84.77093,0.0,0.0,-1.5707964,0.0
1970-01-01 00:00:00.453095531,0.453095531,0.0,0.0,0.0,0.0,0.0,108.46778,0.0,0.0,-1.5707964,0.0
1970-01-01 00:00:00.453297961,0.453297961,153.74512,0.0,0.0,0.0,0.0,0.0,0.0,0.0,-1.5707964,0.0
1970-01-01 00:00:00.453510170,0.45351017,0.0,268.40543,0.0,0.0,0.0,0.0,0.0,0.0,-1.5707964,0.0
1970-01-01 00:00:00.453559314,0.453559314,0.0,0.0,0.0,0.0,641.3027,0.0,0.0,0.0,-1.5707964,0.0
1970-01-01 00:00:00.454313410,0.45431341,0.0,2482.0974,0.0,0.0,0.0,0.0,0.0,0.0,-1.5707964,0.0
1970-01-01 00:00:00.454403169,0.454403169,0.0,0.0,0.0,200.68666,0.0,0.0,0.0,0.0,-1.5707964,0.0
1970-01-01 00:00:00.454693932,0.454693932,566.7001,0.0,0.0,0.0,0.0,0.0,0.0,0.0,-1.5707964,0.0
1970-01-01 00:00:00.454777031,0.454777031,244.70432,0.0,0.0,0.0,0.0,0.0,0.0,0.0,-1.5707964,0.0
1970-01-01 00:00:00.455293426,0.455293426,0.0,0.0,0.0,0.0,0.0,314.86993,0.0,0.0,-1.5707964,0.0
1970-01-01 00:00:00.455426748,0.455426748,0.0,0.0,0.0,0.0,0.0,164.90253,0.0,0.0,-1.5707964,0.0
1970-01-01 00:00:00.455788600,0.4557886,0.0,0.0,0.0,0.0,0.0,325.891,0.0,0.0,-1.5707964,0.0
1970-01-01 00:00:00.456004155,0.456004155,0.0,0.0,0.0,0.0,0.0,832.2413,0.0,0.0,-1.5707964,0.0
1970-01-01 00:00:00.456873161,0.456873161,0.0,0.0,0.0,240.8223,0.0,0.0,0.0,0.0,-1.5707964,0.0
1970-01-01 00:00:00.456896935,0.456896935,0.0,0.0,0.0,0.0,0.0,139.0837,0.0,0.0,-1.5707964,0.0
1970-01-01 00:00:00.457143838,0.457143838,0.0,0.0,0.0,0.0,0.0,792.5474,0.0,0.0,-1.5707964,0.0
1970-01-01 00:00:00.457548906,0.457548906,243.04965,0.0,0.0,0.0,0.0,0.0,0.0,0.0,-1.5707964,0.0
1970-01-01 00:00:00.457724862,0.457724862,0.0,160.10402,0.0,0.0,0.0,0.0,0.0,0.0,-1.5707964,0.0
1970-01-01 00:00:00.458133442,0.458133442,0.0,0.0,0.0,796.76794,0.0,0.0,0.0,0.0,-1.5707964,0.0
1970-01-01 00:00:00.458211486,0.458211486,0.0,226.45433,0.0,0.0,0.0,0.0,0.0,0.0,-1.5707964,0.0
1970-01-01 00:00:00.458840307,0.458840307,0.0,0.0,0.0,0.0,0.0,145.9604,0.0,0.0,-1.5707964,0.0
1970-01-01 00:00:00.459213731,0.459213731,0.0,0.0,0.0,0.0,342.6846,0.0,0.0,0.0,-1.5707964,0.0
1970-01-01 00:00:00.459807834,0.459807834,0.0,0.0,0.0,0.0,0.0,100.545334,0.0,0.0,-1.5707964,0.0
1970-01-01 00:00:00.459913307,0.459913307,0.0,0.0,115.74961,0.0,0.0,0.0,0.0,0.0,-1.5707964,0.0
1970-01-01 00:00:00.460519843,0.460519843,0.0,0.0,0.0,0.0,0.0,167.52438,0.0,0.0,-1.5707964,0.0
1970-01-01 00:00:00.460798801,0.460798801,191.23265,0.0,0.0,0.0,0.0,0.0,0.0,0.0,-1.5707964,0.0
1970-01-01 00:00:00.461161625,0.461161625,0.0,0.0,0.0,0.0,0.0,171.96643,0.0,0.0,-1.5707964,0.0
1970-01-01 00:00:00.461196624,0.461196624,0.0,333.68832,0.0,0.0,0.0,0.0,0.0,0.0,-1.5707964,0.0
1970-01-01 00:00:00.461408813,0.461408813,0.0,0.0,0.0,0.0,0.0,568.4185,0.0,0.0,-1.5707964,0.0
1970-01-01 00:00:00.461552370,0.46155237,0.0,1052.2446,0.0,0.0,0.0,0.0,0.0,0.0,-1.5707964,0.0
1970-01-01 00:00:00.462066615,0.462066615,0.0,0.0,0.0,0.0,0.0,157.45154,0.0,0.0,-1.5707964,0.0
1970-01-01 00:00:00.463493474,0.463493474,0.0,0.0,0.0,0.0,231.30807,0.0,0.0,0.0,-1.5707964,0.0
1970-01-01 00:00:00.464010247,0.464010247,0.0,0.0,0.0,0.0,0.0,507.8267,0.0,0.0,-1.5707964,0.0
1970-01-01 00:00:00.465993639,0.465993639,0.0,0.0,0.0,0.0,0.0,144.48193,0.0,0.0,-1.5707964,0.0
1970-01-01 00:00:00.466010520,0.46601052,0.0,0.0,0.0,0.0,0.0,161.22443,0.0,0.0,-1.5707964,0.0
1970-01-01 00:00:00.466779199,0.466779199,0.0,0.0,0.0,0.0,0.0,81.07236,0.0,0.0,-1.5707964,0.0
1970-01-01 00:00:00.467069066,0.467069066,902.6942,0.0,0.0,0.0,0.0,0.0,0.0,0.0,-1.5707964,0.0
1970-01-01 00:00:00.467556844,0.467556844,0.0,0.0,0.0,760.4019,0.0,0.0,0.0,0.0,-1.5707964,0.0
1970-01-01 00:00:00.467809319,0.467809319,0.0,210.18806,0.0,0.0,0.0,0.0,0.0,0.0,-1.5707964,0.0
1970-01-01 00:00:00.469213068,0.469213068,0.0,0.0,0.0,0.0,0.0,348.51498,0.0,0.0,-1.5707964,0.0
1970-01-01 00:00:00.470505002,0.470505002,0.0,379.63092,0.0,0.0,0.0,0.0,0.0,0.0,-1.5707964,0.0
1970-01-01 00:00:00.470977792,0.470977792,0.0,0.0,0.0,0.0,0.0,176.73418,0.0,0.0,-1.5707964,0.0
1970-01-01 00:00:00.471117882,0.471117882,0.0,106.934616,0.0,0.0,0.0,0.0,0.0,0.0,-1.5707964,0.0
1970-01-01 00:00:00.471177755,0.471177755,0.0,0.0,0.0,203.88466,0.0,0.0,0.0,0.0,-1.5707964,0.0
1970-01-01 00:00:00.471177755,0.471177755,0.0,0.0,0.0,0.0,0.0,105.82425,0.0,0.0,-1.5707964,0.0
1970-01-01 00:00:00.471516819,0.471516819,0.0,0.0,0.0,0.0,0.0,132.93883,0.0,0.0,-1.5707964,0.0
1970-01-01 00:00:00.471750394,0.471750394,0.0,0.0,0.0,0.0,0.0,568.2455,0.0,0.0,-1.5707964,0.0
1970-01-01 00:00:00.471768336,0.471768336,0.0,587.87524,0.0,0.0,0.0,0.0,0.0,0.0,-1.5707964,0.0
1970-01-01 00:00:00.472813115,0.472813115,0.0,0.0,0.0,0.0,675.5804,0.0,0.0,0.0,-1.5707964,0.0
1970-01-01 00:00:00.472902025,0.472902025,1234.0975,0.0,0.0,0.0,0.0,0.0,0.0,0.0,-1.5707964,0.0
1970-01-01 00:00:00.473068492,0.473068492,0.0,0.0,0.0,0.0,0.0,184.25684,0.0,0.0,-1.5707964,0.0
1970-01-01 00:00:00.473121002,0.473121002,257.92865,0.0,0.0,0.0,0.0,0.0,0.0,0.0,-1.5707964,0.0
1970-01-01 00:00:00.473362288,0.473362288,0.0,272.3392,0.0,0.0,0.0,0.0,0.0,0.0,-1.5707964,0.0
1970-01-01 00:00:00.473513122,0.473513122,175.63075,0.0,0.0,0.0,0.0,0.0,0.0,0.0,-1.5707964,0.0
1970-01-01 00:00:00.473776458,0.473776458,224.12354,0.0,0.0,0.0,0.0,0.0,0.0,0.0,-1.5707964,0.0
1970-01-01 00:00:00.474367651,0.474367651,0.0,0.0,364.37677,0.0,0.0,0.0,0.0,0.0,-1.5707964,0.0
1970-01-01 00:00:00.474367651,0.474367651,0.0,0.0,0.0,0.0,0.0,764.1176,0.0,0.0,-1.5707964,0.0
1970-01-01 00:00:00.478576089,0.478576089,0.0,0.0,0.0,0.0,0.0,255.22447,0.0,0.0,-1.5707964,0.0
1970-01-01 00:00:00.480903874,0.480903874,0.0,0.0,0.0,0.0,0.0,221.33559,0.0,0.0,-1.5707964,0.0
1970-01-01 00:00:00.481683717,0.481683717,96.69046,0.0,0.0,0.0,0.0,0.0,0.0,0.0,-1.5707964,0.0
1970-01-01 00:00:00.486005376,0.486005376,0.0,205.91246,0.0,0.0,0.0,0.0,0.0,0.0,-1.5707964,0.0
1970-01-01 00:00:00.486384818,0.486384818,119.83173,0.0,0.0,0.0,0.0,0.0,0.0,0.0,-1.5707964,0.0
1970-01-01 00:00:00.486612593,0.486612593,149.13141,0.0,0.0,0.0,0.0,0.0,0.0,0.0,-1.5707964,0.0
1970-01-01 00:00:00.488107331,0.488107331,0.0,0.0,0.0,0.0,0.0,333.1304,0.0,0.0,-1.5707964,0.0
1970-01-01 00:00:00.490270096,0.490270096,0.0,0.0,0.0,0.0,0.0,360.251,0.0,0.0,-1.5707964,0.0
1970-01-01 00:00:00.491808153,0.491808153,0.0,847.49255,0.0,0.0,0.0,0.0,0.0,0.0,-1.5707964,0.0
1970-01-01 00:00:00.491928502,0.491928502,787.16345,0.0,0.0,0.0,0.0,0.0,0.0,0.0,-1.5707964,0.0
1970-01-01 00:00:00.492316902,0.492316902,0.0,0.0,0.0,0.0,0.0,173.1732,0.0,0.0,-1.5707964,0.0
1970-01-01 00:00:00.492661524,0.492661524,83.38631,0.0,0.0,0.0,0.0,0.0,0.0,0.0,-1.5707964,0.0
1970-01-01 00:00:00.492938998,0.492938998,0.0,0.0,0.0,0.0,0.0,226.70285,0.0,0.0,-1.5707964,0.0
1970-01-01 00:00:00.493065321,0.493065321,0.0,0.0,0.0,0.0,0.0,80.836464,0.0,0.0,-1.5707964,0.0
1970-01-01 00:00:00.493345449,0.493345449,0.0,0.0,0.0,241.17363,0.0,0.0,0.0,0.0,-1.5707964,0.0
1970-01-01 00:00:00.493520186,0.493520186,0.0,0.0,0.0,0.0,0.0,853.1703,0.0,0.0,-1.5707964,0.0
1970-01-01 00:00:00.494430217,0.494430217,0.0,0.0,0.0,0.0,192.39821,0.0,0.0,0.0,-1.5707964,0.0
1970-01-01 00:00:00.497280743,0.497280743,0.0,174.35028,0.0,0.0,0.0,0.0,0.0,0.0,-1.5707964,0.0
1970-01-01 00:00:00.497809415,0.497809415,0.0,0.0,0.0,0.0,0.0,288.84195,0.0,0.0,-1.5707964,0.0
1970-01-01 00:00:00.497960071,0.497960071,0.0,0.0,139.47208,0.0,0.0,0.0,0.0,0.0,-1.5707964,0.0
1970-01-01 00:00:00.498124979,0.498124979,0.0,0.0,0.0,0.0,0.0,99.97171,0.0,0.0,-1.5707964,0.0
1970-01-01 00:00:00.498244678,0.498244678,0.0,0.0,0.0,0.0,0.0,938.20996,0.0,0.0,-1.5707964,0.0
1970-01-01 00:00:00.498983966,0.498983966,0.0,0.0,0.0,0.0,0.0,692.4131,0.0,0.0,-1.5707964,0.0
1970-01-01 00:00:00.499223221,0.499223221,146.94641,0.0,0.0,0.0,0.0,0.0,0.0,0.0,-1.5707964,0.0
1970-01-01 00:00:00.499725796,0.499725796,0.0,390.9751,0.0,0.0,0.0,0.0,0.0,0.0,-1.5707964,0.0
1970-01-01 00:00:00.499741225,0.499741225,0.0,0.0,0.0,0.0,0.0,390.11465,0.0,0.0,-1.5707964,0.0
1970-01-01 00:00:00.500051060,0.500051061,0.0,0.0,0.0,0.0,0.0,141.15051,0.0,0.0,-1.5707964,0.0
1970-01-01 00:00:00.500334001,0.500334001,0.0,0.0,0.0,0.0,207.89256,0.0,0.0,0.0,-1.5707964,0.0
1970-01-01 00:00:00.500410052,0.500410053,227.88707,0.0,0.0,0.0,0.0,0.0,0.0,0.0,-1.5707964,0.0
1970-01-01 00:00:00.500540787,0.500540787,172.2761,0.0,0.0,0.0,0.0,0.0,0.0,0.0,-1.5707964,0.0
1970-01-01 00:00:00.500942138,0.500942139,276.9927,0.0,0.0,0.0,0.0,0.0,0.0,0.0,-1.5707964,0.0
1970-01-01 00:00:00.501618366,0.501618367,176.62288,0.0,0.0,0.0,0.0,0.0,0.0,0.0,-1.5707964,0.0
1970-01-01 00:00:00.501767096,0.501767096,151.38737,0.0,0.0,0.0,0.0,0.0,0.0,0.0,-1.5707964,0.0
1970-01-01 00:00:00.501876705,0.501876705,0.0,0.0,0.0,0.0,0.0,81.66842,0.0,0.0,-1.5707964,0.0
1970-01-01 00:00:00.502385735,0.502385735,283.669,0.0,0.0,0.0,0.0,0.0,0.0,0.0,-1.5707964,0.0
1970-01-01 00:00:00.502385735,0.502385735,160.65135,0.0,0.0,0.0,0.0,0.0,0.0,0.0,-1.5707964,0.0
1970-01-01 00:00:00.502501341,0.502501342,0.0,0.0,0.0,0.0,0.0,105.541534,0.0,0.0,-1.5707964,0.0
1970-01-01 00:00:00.503078592,0.503078592,292.3519,0.0,0.0,0.0,0.0,0.0,0.0,0.0,-1.5707964,0.0
1970-01-01 00:00:00.503525951,0.503525951,261.48462,0.0,0.0,0.0,0.0,0.0,0.0,0.0,-1.5707964,0.0
1970-01-01 00:00:00.503597603,0.503597603,0.0,0.0,0.0,0.0,0.0,850.5395,0.0,0.0,-1.5707964,0.0
1970-01-01 00:00:00.504304877,0.504304877,0.0,0.0,0.0,0.0,236.54684,0.0,0.0,0.0,-1.5707964,0.0
1970-01-01 00:00:00.505309254,0.505309254,712.89404,0.0,0.0,0.0,0.0,0.0,0.0,0.0,-1.5707964,0.0
1970-01-01 00:00:00.505327643,0.505327644,150.57004,0.0,0.0,0.0,0.0,0.0,0.0,0.0,-1.5707964,0.0
1970-01-01 00:00:00.505696651,0.505696651,0.0,437.18674,0.0,0.0,0.0,0.0,0.0,0.0,-1.5707964,0.0
1970-01-01 00:00:00.506663498,0.506663498,0.0,0.0,565.5992,0.0,0.0,0.0,0.0,0.0,-1.5707964,0.0
1970-01-01 00:00:00.509736929,0.509736929,210.17116,0.0,0.0,0.0,0.0,0.0,0.0,0.0,-1.5707964,0.0
