datetime,timestamp[s],bgo_z1[keV],bgo_z0[keV],bgo_x1[keV],bgo_x0[keV],bgo_y1[keV],bgo_y0[keV],latX,lonX,latZ,lonZ
1970-01-01 00:00:00.008516207,0.008516207,0.0,0.0,270.59802,0.0,0.0,0.0,0.0,0.0,-1.5707964,0.0
1970-01-01 00:00:00.009643713,0.009643713,0.0,0.0,0.0,0.0,0.0,422.33743,0.0,0.0,-1.5707964,0.0
1970-01-01 00:00:00.009847808,0.009847808,0.0,0.0,0.0,385.19418,0.0,0.0,0.0,0.0,-1.5707964,0.0
1970-01-01 00:00:00.010167441,0.010167441,0.0,337.37915,0.0,0.0,0.0,0.0,0.0,0.0,-1.5707964,0.0
1970-01-01 00:00:00.010595315,0.010595315,0.0,0.0,0.0,0.0,0.0,346.25565,0.0,0.0,-1.5707964,0.0
1970-01-01 00:00:00.010602430,0.01060243,0.0,0.0,0.0,0.0,121.73968,0.0,0.0,0.0,-1.5707964,0.0
1970-01-01 00:00:00.010780622,0.010780622,208.59874,0.0,0.0,0.0,0.0,0.0,0.0,0.0,-1.5707964,0.0
1970-01-01 00:00:00.010960702,0.010960702,0.0,0.0,0.0,0.0,0.0,220.02028,0.0,0.0,-1.5707964,0.0
1970-01-01 00:00:00.012781872,0.012781872,178.36302,0.0,0.0,0.0,0.0,0.0,0.0,0.0,-1.5707964,0.0
1970-01-01 00:00:00.014063635,0.014063635,0.0,0.0,660.6276,0.0,0.0,0.0,0.0,0.0,-1.5707964,0.0
1970-01-01 00:00:00.014094251,0.014094251,0.0,0.0,0.0,0.0,0.0,84.277016,0.0,0.0,-1.5707964,0.0
1970-01-01 00:00:00.014354416,0.014354416,0.0,0.0,0.0,0.0,335.9614,0.0,0.0,0.0,-1.5707964,0.0
1970-01-01 00:00:00.014853054,0.014853054,0.0,0.0,100.39508,0.0,0.0,0.0,0.0,0.0,-1.5707964,0.0
1970-01-01 00:00:00.014978833,0.014978833,0.0,0.0,0.0,583.7407,0.0,0.0,0.0,0.0,-1.5707964,0.0
1970-01-01 00:00:00.014994900,0.0149949,0.0,223.62753,0.0,0.0,0.0,0.0,0.0,0.0,-1.5707964,0.0
1970-01-01 00:00:00.015811067,0.015811067,0.0,101.45722,0.0,0.0,0.0,0.0,0.0,0.0,-1.5707964,0.0
1970-01-01 00:00:00.016143703,0.016143704,0.0,0.0,0.0,0.0,0.0,206.78404,0.0,0.0,-1.5707964,0.0
1970-01-01 00:00:00.017079936,0.017079936,143.43007,0.0,0.0,0.0,0.0,0.0,0.0,0.0,-1.5707964,0.0
1970-01-01 00:00:00.017362089,0.017362089,0.0,0.0,223.41714,0.0,0.0,0.0,0.0,0.0,-1.5707964,0.0
1970-01-01 00:00:00.017402280,0.01740228,0.0,0.0,0.0,679.56714,0.0,0.0,0.0,0.0,-1.5707964,0.0
1970-01-01 00:00:00.018161010,0.01816101,0.0,0.0,149.38518,0.0,0.0,0.0,0.0,0.0,-1.5707964,0.0
1970-01-01 00:00:00.018493397,0.018493397,0.0,0.0,0.0,754.15436,0.0,0.0,0.0,0.0,-1.5707964,0.0
1970-01-01 00:00:00.020674277,0.020674277,0.0,0.0,0.0,0.0,0.0,231.01437,0.0,0.0,-1.5707964,0.0
1970-01-01 00:00:00.021534161,0.021534161,0.0,0.0,0.0,128.9131,0.0,0.0,0.0,0.0,-1.5707964,0.0
1970-01-01 00:00:00.022647357,0.022647357,0.0,1339.5177,0.0,0.0,0.0,0.0,0.0,0.0,-1.5707964,0.0
1970-01-01 00:00:00.022687326,0.022687326,0.0,0.0,0.0,84.50599,0.0,0.0,0.0,0.0,-1.5707964,0.0
1970-01-01 00:00:00.022694084,0.022694084,0.0,0.0,0.0,791.80945,0.0,0.0,0.0,0.0,-1.5707964,0.0
1970-01-01 00:00:00.024568861,0.024568861,101.86479,0.0,0.0,0.0,0.0,0.0,0.0,0.0,-1.5707964,0.0
1970-01-01 00:00:00.024846626,0.024846626,0.0,0.0,0.0,0.0,112.90975,0.0,0.0,0.0,-1.5707964,0.0
1970-01-01 00:00:00.026035759,0.026035759,0.0,150.2706,0.0,0.0,0.0,0.0,0.0,0.0,-1.5707964,0.0
1970-01-01 00:00:00.026214618,0.026214618,0.0,0.0,0.0,0.0,0.0,284.45462,0.0,0.0,-1.5707964,0.0
1970-01-01 00:00:00.027045606,0.027045606,0.0,208.06279,0.0,0.0,0.0,0.0,0.0,0.0,-1.5707964,0.0
1970-01-01 00:00:00.027065805,0.027065805,0.0,0.0,0.0,1444.8005,0.0,0.0,0.0,0.0,-1.5707964,0.0
1970-01-01 00:00:00.027263234,0.027263234,0.0,0.0,0.0,0.0,0.0,640.39355,0.0,0.0,-1.5707964,0.0
1970-01-01 00:00:00.028207593,0.028207593,0.0,0.0,0.0,0.0,2092.3442,0.0,0.0,0.0,-1.5707964,0.0
1970-01-01 00:00:00.029964575,0.029964575,0.0,0.0,0.0,0.0,660.44275,0.0,0.0,0.0,-1.5707964,0.0
1970-01-01 00:00:00.029973521,0.029973521,0.0,0.0,0.0,198.30222,0.0,0.0,0.0,0.0,-1.5707964,0.0
1970-01-01 00:00:00.030033256,0.030033256,0.0,0.0,0.0,0.0,0.0,539.9651,0.0,0.0,-1.5707964,0.0
1970-01-01 00:00:00.030288554,0.030288554,0.0,0.0,291.307,0.0,0.0,0.0,0.0,0.0,-1.5707964,0.0
1970-01-01 00:00:00.030471290,0.03047129,0.0,0.0,0.0,95.78828,0.0,0.0,0.0,0.0,-1.5707964,0.0
1970-01-01 00:00:00.030712252,0.030712252,0.0,0.0,0.0,0.0,381.85867,0.0,0.0,0.0,-1.5707964,0.0
1970-01-01 00:00:00.030733828,0.030733828,0.0,0.0,0.0,307.65796,0.0,0.0,0.0,0.0,-1.5707964,0.0
1970-01-01 00:00:00.030905342,0.030905342,0.0,0.0,0.0,725.6232,0.0,0.0,0.0,0.0,-1.5707964,0.0
1970-01-01 00:00:00.031648905,0.031648906,0.0,0.0,841.902,0.0,0.0,0.0,0.0,0.0,-1.5707964,0.0
1970-01-01 00:00:00.031812690,0.031812691,0.0,106.53638,0.0,0.0,0.0,0.0,0.0,0.0,-1.5707964,0.0
1970-01-01 00:00:00.032514671,0.032514671,0.0,0.0,0.0,135.60654,0.0,0.0,0.0,0.0,-1.5707964,0.0
1970-01-01 00:00:00.032539734,0.032539734,0.0,0.0,0.0,337.1702,0.0,0.0,0.0,0.0,-1.5707964,0.0
1970-01-01 00:00:00.033201820,0.03320182,0.0,0.0,0.0,508.34464,0.0,0.0,0.0,0.0,-1.5707964,0.0
1970-01-01 00:00:00.034124767,0.034124767,0.0,0.0,0.0,80.55403,0.0,0.0,0.0,0.0,-1.5707964,0.0
1970-01-01 00:00:00.034471197,0.034471197,0.0,0.0,0.0,296.2604,0.0,0.0,0.0,0.0,-1.5707964,0.0
1970-01-01 00:00:00.034563666,0.034563666,620.45105,0.0,0.0,0.0,0.0,0.0,0.0,0.0,-1.5707964,0.0
1970-01-01 00:00:00.034769070,0.03476907,0.0,0.0,0.0,101.03694,0.0,0.0,0.0,0.0,-1.5707964,0.0
1970-01-01 00:00:00.035046662,0.035046662,0.0,0.0,199.23412,0.0,0.0,0.0,0.0,0.0,-1.5707964,0.0
1970-01-01 00:00:00.035239642,0.035239642,0.0,0.0,0.0,206.43806,0.0,0.0,0.0,0.0,-1.5707964,0.0
1970-01-01 00:00:00.035250543,0.035250543,0.0,0.0,0.0,103.493385,0.0,0.0,0.0,0.0,-1.5707964,0.0
1970-01-01 00:00:00.035263676,0.035263676,0.0,0.0,0.0,242.33424,0.0,0.0,0.0,0.0,-1.5707964,0.0
1970-01-01 00:00:00.035263676,0.035263676,0.0,0.0,0.0,193.93924,0.0,0.0,0.0,0.0,-1.5707964,0.0
1970-01-01 00:00:00.035473695,0.035473695,0.0,0.0,0.0,145.77129,0.0,0.0,0.0,0.0,-1.5707964,0.0
1970-01-01 00:00:00.035728546,0.035728546,0.0,0.0,0.0,0.0,474.05157,0.0,0.0,0.0,-1.5707964,0.0
1970-01-01 00:00:00.035983452,0.035983452,0.0,0.0,0.0,99.36856,0.0,0.0,0.0,0.0,-1.5707964,0.0
1970-01-01 00:00:00.036367734,0.036367734,0.0,151.50024,0.0,0.0,0.0,0.0,0.0,0.0,-1.5707964,0.0
1970-01-01 00:00:00.036495987,0.036495987,0.0,124.64208,0.0,0.0,0.0,0.0,0.0,0.0,-1.5707964,0.0
1970-01-01 00:00:00.036554535,0.036554535,0.0,1655.9958,0.0,0.0,0.0,0.0,0.0,0.0,-1.5707964,0.0
1970-01-01 00:00:00.036666138,0.036666138,0.0,0.0,0.0,550.1426,0.0,0.0,0.0,0.0,-1.5707964,0.0
1970-01-01 00:00:00.036966900,0.0369669,151.89838,0.0,0.0,0.0,0.0,0.0,0.0,0.0,-1.5707964,0.0
1970-01-01 00:00:00.037264098,0.037264098,0.0,0.0,0.0,97.06284,0.0,0.0,0.0,0.0,-1.5707964,0.0
1970-01-01 00:00:00.037504549,0.037504549,0.0,0.0,0.0,191.14014,0.0,0.0,0.0,0.0,-1.5707964,0.0
1970-01-01 00:00:00.037785704,0.037785704,0.0,0.0,0.0,147.46727,0.0,0.0,0.0,0.0,-1.5707964,0.0
1970-01-01 00:00:00.038310822,0.038310822,0.0,0.0,0.0,0.0,0.0,625.0988,0.0,0.0,-1.5707964,0.0
1970-01-01 00:00:00.038415812,0.038415812,0.0,0.0,0.0,1126.8138,0.0,0.0,0.0,0.0,-1.5707964,0.0
1970-01-01 00:00:00.039383601,0.039383601,0.0,0.0,0.0,0.0,0.0,108.55776,0.0,0.0,-1.5707964,0.0
1970-01-01 00:00:00.039430961,0.039430961,0.0,0.0,0.0,0.0,698.24335,0.0,0.0,0.0,-1.5707964,0.0
1970-01-01 00:00:00.039430961,0.039430961,0.0,0.0,0.0,264.51358,0.0,0.0,0.0,0.0,-1.5707964,0.0
1970-01-01 00:00:00.039996693,0.039996693,0.0,0.0,0.0,135.81378,0.0,0.0,0.0,0.0,-1.5707964,0.0
1970-01-01 00:00:00.040036087,0.040036087,0.0,0.0,0.0,110.59714,0.0,0.0,0.0,0.0,-1.5707964,0.0
1970-01-01 00:00:00.040307626,0.040307626,0.0,0.0,0.0,0.0,0.0,212.97952,0.0,0.0,-1.5707964,0.0
1970-01-01 00:00:00.040337283,0.040337283,0.0,0.0,0.0,216.04436,0.0,0.0,0.0,0.0,-1.5707964,0.0
1970-01-01 00:00:00.040846535,0.040846535,0.0,0.0,423.82642,0.0,0.0,0.0,0.0,0.0,-1.5707964,0.0
1970-01-01 00:00:00.040873900,0.0408739,0.0,0.0,139.81252,0.0,0.0,0.0,0.0,0.0,-1.5707964,0.0
1970-01-01 00:00:00.040963683,0.040963683,0.0,0.0,0.0,1214.7203,0.0,0.0,0.0,0.0,-1.5707964,0.0
1970-01-01 00:00:00.041018273,0.041018273,0.0,0.0,343.52768,0.0,0.0,0.0,0.0,0.0,-1.5707964,0.0
1970-01-01 00:00:00.041531482,0.041531482,0.0,0.0,1955.7128,0.0,0.0,0.0,0.0,0.0,-1.5707964,0.0
1970-01-01 00:00:00.041656651,0.041656651,0.0,0.0,0.0,514.9758,0.0,0.0,0.0,0.0,-1.5707964,0.0
1970-01-01 00:00:00.042506508,0.042506508,0.0,0.0,0.0,157.38846,0.0,0.0,0.0,0.0,-1.5707964,0.0
1970-01-01 00:00:00.042662288,0.042662288,0.0,0.0,0.0,85.922386,0.0,0.0,0.0,0.0,-1.5707964,0.0
1970-01-01 00:00:00.042744278,0.042744278,0.0,0.0,0.0,139.87881,0.0,0.0,0.0,0.0,-1.5707964,0.0
1970-01-01 00:00:00.042782007,0.042782007,0.0,0.0,200.44908,0.0,0.0,0.0,0.0,0.0,-1.5707964,0.0
1970-01-01 00:00:00.042897099,0.042897099,0.0,0.0,188.53423,0.0,0.0,0.0,0.0,0.0,-1.5707964,0.0
1970-01-01 00:00:00.042911885,0.042911885,0.0,0.0,0.0,0.0,88.3442,0.0,0.0,0.0,-1.5707964,0.0
1970-01-01 00:00:00.043095710,0.04309571,0.0,0.0,0.0,234.71832,0.0,0.0,0.0,0.0,-1.5707964,0.0
1970-01-01 00:00:00.043510488,0.043510488,0.0,0.0,0.0,212.84625,0.0,0.0,0.0,0.0,-1.5707964,0.0
1970-01-01 00:00:00.044032669,0.044032669,0.0,0.0,0.0,150.07303,0.0,0.0,0.0,0.0,-1.5707964,0.0
1970-01-01 00:00:00.044034188,0.044034188,0.0,0.0,603.8027,0.0,0.0,0.0,0.0,0.0,-1.5707964,0.0
1970-01-01 00:00:00.044564269,0.044564269,0.0,0.0,315.8354,0.0,0.0,0.0,0.0,0.0,-1.5707964,0.0
1970-01-01 00:00:00.045068327,0.045068327,0.0,0.0,0.0,497.54047,0.0,0.0,0.0,0.0,-1.5707964,0.0
1970-01-01 00:00:00.045223004,0.045223004,0.0,0.0,0.0,104.11655,0.0,0.0,0.0,0.0,-1.5707964,0.0
1970-01-01 00:00:00.045568395,0.045568395,0.0,0.0,0.0,88.80734,0.0,0.0,0.0,0.0,-1.5707964,0.0
1970-01-01 00:00:00.045615136,0.045615136,0.0,0.0,0.0,0.0,280.79504,0.0,0.0,0.0,-1.5707964,0.0
1970-01-01 00:00:00.045656222,0.045656222,0.0,0.0,0.0,0.0,0.0,311.26315,0.0,0.0,-1.5707964,0.0
1970-01-01 00:00:00.045734812,0.045734812,0.0,104.456764,0.0,0.0,0.0,0.0,0.0,0.0,-1.5707964,0.0
1970-01-01 00:00:00.046045685,0.046045685,0.0,0.0,0.0,286.04156,0.0,0.0,0.0,0.0,-1.5707964,0.0
1970-01-01 00:00:00.046164857,0.046164857,0.0,0.0,0.0,0.0,0.0,329.7078,0.0,0.0,-1.5707964,0.0
1970-01-01 00:00:00.046206443,0.046206443,0.0,1367.6628,0.0,0.0,0.0,0.0,0.0,0.0,-1.5707964,0.0
1970-01-01 00:00:00.046206443,0.046206443,0.0,0.0,0.0,0.0,0.0,1790.7585,0.0,0.0,-1.5707964,0.0
1970-01-01 00:00:00.046797338,0.046797338,0.0,0.0,0.0,0.0,733.7823,0.0,0.0,0.0,-1.5707964,0.0
1970-01-01 00:00:00.046898831,0.046898831,0.0,0.0,416.40756,0.0,0.0,0.0,0.0,0.0,-1.5707964,0.0
1970-01-01 00:00:00.046901383,0.046901383,0.0,291.54462,0.0,0.0,0.0,0.0,0.0,0.0,-1.5707964,0.0
1970-01-01 00:00:00.046998236,0.046998236,335.29004,0.0,0.0,0.0,0.0,0.0,0.0,0.0,-1.5707964,0.0
1970-01-01 00:00:00.047043466,0.047043466,0.0,0.0,0.0,186.11447,0.0,0.0,0.0,0.0,-1.5707964,0.0
1970-01-01 00:00:00.048069323,0.048069323,0.0,0.0,0.0,0.0,0.0,91.135376,0.0,0.0,-1.5707964,0.0
1970-01-01 00:00:00.048078705,0.048078705,0.0,0.0,0.0,0.0,83.64137,0.0,0.0,0.0,-1.5707964,0.0
1970-01-01 00:00:00.048105888,0.048105888,0.0,0.0,0.0,307.462,0.0,0.0,0.0,0.0,-1.5707964,0.0
1970-01-01 00:00:00.048106714,0.048106714,0.0,0.0,0.0,0.0,217.91566,0.0,0.0,0.0,-1.5707964,0.0
1970-01-01 00:00:00.048246815,0.048246815,0.0,0.0,0.0,98.42619,0.0,0.0,0.0,0.0,-1.5707964,0.0
1970-01-01 00:00:00.048489224,0.048489224,0.0,0.0,0.0,0.0,0.0,126.7906,0.0,0.0,-1.5707964,0.0
1970-01-01 00:00:00.048765168,0.048765168,0.0,0.0,0.0,147.82904,0.0,0.0,0.0,0.0,-1.5707964,0.0
1970-01-01 00:00:00.048823524,0.048823524,0.0,0.0,0.0,0.0,0.0,160.33864,0.0,0.0,-1.5707964,0.0
1970-01-01 00:00:00.048905217,0.048905217,0.0,0.0,0.0,233.8504,0.0,0.0,0.0,0.0,-1.5707964,0.0
1970-01-01 00:00:00.048962466,0.048962466,0.0,0.0,0.0,0.0,553.7933,0.0,0.0,0.0,-1.5707964,0.0
1970-01-01 00:00:00.049059156,0.049059156,0.0,0.0,0.0,1604.9745,0.0,0.0,0.0,0.0,-1.5707964,0.0
1970-01-01 00:00:00.049097823,0.049097823,0.0,0.0,0.0,0.0,0.0,163.53456,0.0,0.0,-1.5707964,0.0
1970-01-01 00:00:00.049238530,0.04923853,0.0,0.0,0.0,153.56575,0.0,0.0,0.0,0.0,-1.5707964,0.0
1970-01-01 00:00:00.049358657,0.049358657,0.0,242.5118,0.0,0.0,0.0,0.0,0.0,0.0,-1.5707964,0.0
1970-01-01 00:00:00.049414041,0.049414041,0.0,0.0,0.0,249.70166,0.0,0.0,0.0,0.0,-1.5707964,0.0
1970-01-01 00:00:00.049452884,0.049452884,0.0,0.0,0.0,0.0,183.507,0.0,0.0,0.0,-1.5707964,0.0
1970-01-01 00:00:00.049849170,0.04984917,0.0,0.0,0.0,156.15279,0.0,0.0,0.0,0.0,-1.5707964,0.0
1970-01-01 00:00:00.049879532,0.049879532,0.0,0.0,0.0,155.44833,0.0,0.0,0.0,0.0,-1.5707964,0.0
1970-01-01 00:00:00.050102634,0.050102634,0.0,0.0,0.0,0.0,0.0,113.130486,0.0,0.0,-1.5707964,0.0
1970-01-01 00:00:00.050124089,0.050124089,0.0,0.0,167.87823,0.0,0.0,0.0,0.0,0.0,-1.5707964,0.0
1970-01-01 00:00:00.050264688,0.050264688,0.0,0.0,0.0,146.49025,0.0,0.0,0.0,0.0,-1.5707964,0.0
1970-01-01 00:00:00.050274221,0.050274221,0.0,0.0,0.0,0.0,0.0,719.86237,0.0,0.0,-1.5707964,0.0
1970-01-01 00:00:00.050505631,0.050505631,600.7573,0.0,0.0,0.0,0.0,0.0,0.0,0.0,-1.5707964,0.0
1970-01-01 00:00:00.050580245,0.050580245,0.0,0.0,299.89117,0.0,0.0,0.0,0.0,0.0,-1.5707964,0.0
1970-01-01 00:00:00.050654801,0.050654801,0.0,251.63773,0.0,0.0,0.0,0.0,0.0,0.0,-1.5707964,0.0
1970-01-01 00:00:00.050797079,0.050797079,0.0,0.0,0.0,0.0,0.0,535.3705,0.0,0.0,-1.5707964,0.0
1970-01-01 00:00:00.050848010,0.05084801,0.0,0.0,0.0,0.0,95.85085,0.0,0.0,0.0,-1.5707964,0.0
1970-01-01 00:00:00.050981067,0.050981067,0.0,0.0,0.0,0.0,0.0,90.71725,0.0,0.0,-1.5707964,0.0
1970-01-01 00:00:00.051049214,0.051049214,0.0,0.0,0.0,531.50446,0.0,0.0,0.0,0.0,-1.5707964,0.0
1970-01-01 00:00:00.051051120,0.05105112,0.0,136.11731,0.0,0.0,0.0,0.0,0.0,0.0,-1.5707964,0.0
1970-01-01 00:00:00.051241968,0.051241968,0.0,0.0,147.37866,0.0,0.0,0.0,0.0,0.0,-1.5707964,0.0
1970-01-01 00:00:00.051247895,0.051247895,0.0,0.0,0.0,0.0,0.0,164.53125,0.0,0.0,-1.5707964,0.0
1970-01-01 00:00:00.051372023,0.051372023,0.0,0.0,0.0,524.3425,0.0,0.0,0.0,0.0,-1.5707964,0.0
1970-01-01 00:00:00.051503480,0.05150348,0.0,0.0,0.0,0.0,0.0,196.12218,0.0,0.0,-1.5707964,0.0
1970-01-01 00:00:00.051581549,0.051581549,0.0,0.0,0.0,292.46902,0.0,0.0,0.0,0.0,-1.5707964,0.0
1970-01-01 00:00:00.051819820,0.05181982,0.0,0.0,0.0,113.52067,0.0,0.0,0.0,0.0,-1.5707964,0.0
1970-01-01 00:00:00.051867894,0.051867894,0.0,0.0,0.0,611.65857,0.0,0.0,0.0,0.0,-1.5707964,0.0
1970-01-01 00:00:00.052093602,0.052093602,0.0,0.0,0.0,0.0,111.31652,0.0,0.0,0.0,-1.5707964,0.0
1970-01-01 00:00:00.052243138,0.052243138,0.0,0.0,0.0,0.0,401.86404,0.0,0.0,0.0,-1.5707964,0.0
1970-01-01 00:00:00.052252092,0.052252092,0.0,0.0,0.0,151.1989,0.0,0.0,0.0,0.0,-1.5707964,0.0
1970-01-01 00:00:00.052411918,0.052411918,0.0,0.0,0.0,689.0116,0.0,0.0,0.0,0.0,-1.5707964,0.0
1970-01-01 00:00:00.052578285,0.052578285,0.0,0.0,0.0,0.0,518.94324,0.0,0.0,0.0,-1.5707964,0.0
1970-01-01 00:00:00.052578285,0.052578285,0.0,0.0,0.0,0.0,2468.265,0.0,0.0,0.0,-1.5707964,0.0
1970-01-01 00:00:00.052679161,0.052679161,0.0,0.0,0.0,0.0,0.0,362.01984,0.0,0.0,-1.5707964,0.0
1970-01-01 00:00:00.052771551,0.052771551,0.0,0.0,186.067,0.0,0.0,0.0,0.0,0.0,-1.5707964,0.0
1970-01-01 00:00:00.052982849,0.052982849,0.0,0.0,0.0,0.0,379.44028,0.0,0.0,0.0,-1.5707964,0.0
1970-01-01 00:00:00.052996836,0.052996836,0.0,0.0,0.0,228.43803,0.0,0.0,0.0,0.0,-1.5707964,0.0
1970-01-01 00:00:00.053143427,0.053143427,0.0,0.0,939.78644,0.0,0.0,0.0,0.0,0.0,-1.5707964,0.0
1970-01-01 00:00:00.053227977,0.053227977,0.0,0.0,0.0,306.82828,0.0,0.0,0.0,0.0,-1.5707964,0.0
1970-01-01 00:00:00.053326988,0.053326988,0.0,0.0,0.0,0.0,751.3977,0.0,0.0,0.0,-1.5707964,0.0
1970-01-01 00:00:00.053469226,0.053469226,0.0,0.0,0.0,593.5358,0.0,0.0,0.0,0.0,-1.5707964,0.0
1970-01-01 00:00:00.053486773,0.053486773,0.0,0.0,0.0,117.122955,0.0,0.0,0.0,0.0,-1.5707964,0.0
1970-01-01 00:00:00.053552674,0.053552674,0.0,0.0,0.0,351.04086,0.0,0.0,0.0,0.0,-1.5707964,0.0
1970-01-01 00:00:00.053698320,0.05369832,0.0,324.42743,0.0,0.0,0.0,0.0,0.0,0.0,-1.5707964,0.0
1970-01-01 00:00:00.053819000,0.053819,0.0,0.0,0.0,0.0,0.0,443.79474,0.0,0.0,-1.5707964,0.0
1970-01-01 00:00:00.053938746,0.053938746,0.0,0.0,0.0,93.92621,0.0,0.0,0.0,0.0,-1.5707964,0.0
1970-01-01 00:00:00.054039998,0.054039998,0.0,0.0,0.0,409.9698,0.0,0.0,0.0,0.0,-1.5707964,0.0
1970-01-01 00:00:00.054102189,0.054102189,0.0,0.0,0.0,0.0,0.0,267.9936,0.0,0.0,-1.5707964,0.0
1970-01-01 00:00:00.054250026,0.054250026,0.0,0.0,0.0,0.0,0.0,1477.5356,0.0,0.0,-1.5707964,0.0
1970-01-01 00:00:00.054256621,0.054256621,0.0,191.71529,0.0,0.0,0.0,0.0,0.0,0.0,-1.5707964,0.0
1970-01-01 00:00:00.054264595,0.054264595,0.0,0.0,0.0,405.6854,0.0,0.0,0.0,0.0,-1.5707964,0.0
1970-01-01 00:00:00.054405439,0.054405439,0.0,0.0,0.0,302.36865,0.0,0.0,0.0,0.0,-1.5707964,0.0
1970-01-01 00:00:00.054536469,0.054536469,0.0,0.0,0.0,138.155,0.0,0.0,0.0,0.0,-1.5707964,0.0
1970-01-01 00:00:00.054718853,0.054718853,0.0,0.0,0.0,0.0,303.29254,0.0,0.0,0.0,-1.5707964,0.0
1970-01-01 00:00:00.054953691,0.054953691,0.0,0.0,0.0,597.85443,0.0,0.0,0.0,0.0,-1.5707964,0.0
1970-01-01 00:00:00.055054528,0.055054528,0.0,0.0,0.0,80.925385,0.0,0.0,0.0,0.0,-1.5707964,0.0
1970-01-01 00:00:00.055054910,0.05505491,0.0,0.0,0.0,320.42923,0.0,0.0,0.0,0.0,-1.5707964,0.0
1970-01-01 00:00:00.055151758,0.055151758,0.0,0.0,0.0,706.8779,0.0,0.0,0.0,0.0,-1.5707964,0.0
1970-01-01 00:00:00.055203842,0.055203842,0.0,0.0,0.0,0.0,0.0,169.05186,0.0,0.0,-1.5707964,0.0
1970-01-01 00:00:00.055286170,0.05528617,98.4766,0.0,0.0,0.0,0.0,0.0,0.0,0.0,-1.5707964,0.0
1970-01-01 00:00:00.055302799,0.055302799,0.0,0.0,0.0,0.0,163.52377,0.0,0.0,0.0,-1.5707964,0.0
1970-01-01 00:00:00.055352547,0.055352547,0.0,0.0,837.8566,0.0,0.0,0.0,0.0,0.0,-1.5707964,0.0
1970-01-01 00:00:00.055363881,0.055363881,0.0,0.0,0.0,373.51913,0.0,0.0,0.0,0.0,-1.5707964,0.0
1970-01-01 00:00:00.055472965,0.055472965,0.0,0.0,0.0,0.0,0.0,1103.4792,0.0,0.0,-1.5707964,0.0
1970-01-01 00:00:00.055500811,0.055500811,0.0,0.0,136.80276,0.0,0.0,0.0,0.0,0.0,-1.5707964,0.0
1970-01-01 00:00:00.055597975,0.055597975,0.0,0.0,0.0,0.0,0.0,147.37852,0.0,0.0,-1.5707964,0.0
1970-01-01 00:00:00.055599055,0.055599055,0.0,0.0,225.31662,0.0,0.0,0.0,0.0,0.0,-1.5707964,0.0
1970-01-01 00:00:00.055647589,0.055647589,0.0,0.0,0.0,0.0,0.0,448.4797,0.0,0.0,-1.5707964,0.0
1970-01-01 00:00:00.055765018,0.055765018,0.0,0.0,0.0,139.76299,0.0,0.0,0.0,0.0,-1.5707964,0.0
1970-01-01 00:00:00.055970947,0.055970947,0.0,0.0,0.0,83.88365,0.0,0.0,0.0,0.0,-1.5707964,0.0
1970-01-01 00:00:00.056090634,0.056090634,0.0,0.0,725.34106,0.0,0.0,0.0,0.0,0.0,-1.5707964,0.0
1970-01-01 00:00:00.056118252,0.056118252,0.0,0.0,0.0,0.0,0.0,244.17993,0.0,0.0,-1.5707964,0.0
1970-01-01 00:00:00.056139190,0.05613919,0.0,0.0,0.0,272.95157,0.0,0.0,0.0,0.0,-1.5707964,0.0
1970-01-01 00:00:00.056153642,0.056153642,0.0,0.0,0.0,651.2973,0.0,0.0,0.0,0.0,-1.5707964,0.0
1970-01-01 00:00:00.056211723,0.056211723,0.0,0.0,104.03926,0.0,0.0,0.0,0.0,0.0,-1.5707964,0.0
1970-01-01 00:00:00.056347211,0.056347211,0.0,0.0,0.0,443.22977,0.0,0.0,0.0,0.0,-1.5707964,0.0
1970-01-01 00:00:00.056437281,0.056437281,0.0,0.0,0.0,179.33426,0.0,0.0,0.0,0.0,-1.5707964,0.0
1970-01-01 00:00:00.056591702,0.056591702,0.0,0.0,0.0,354.3542,0.0,0.0,0.0,0.0,-1.5707964,0.0
1970-01-01 00:00:00.056599347,0.056599347,0.0,0.0,611.7325,0.0,0.0,0.0,0.0,0.0,-1.5707964,0.0
1970-01-01 00:00:00.056643958,0.056643958,0.0,0.0,0.0,0.0,0.0,200.07724,0.0,0.0,-1.5707964,0.0
1970-01-01 00:00:00.056751215,0.056751215,0.0,488.9025,0.0,0.0,0.0,0.0,0.0,0.0,-1.5707964,0.0
1970-01-01 00:00:00.057044705,0.057044705,0.0,0.0,0.0,99.846664,0.0,0.0,0.0,0.0,-1.5707964,0.0
1970-01-01 00:00:00.057053368,0.057053368,0.0,0.0,0.0,0.0,576.88617,0.0,0.0,0.0,-1.5707964,0.0
1970-01-01 00:00:00.057063582,0.057063582,0.0,0.0,0.0,139.14487,0.0,0.0,0.0,0.0,-1.5707964,0.0
1970-01-01 00:00:00.057105492,0.057105492,0.0,0.0,0.0,0.0,0.0,846.61725,0.0,0.0,-1.5707964,0.0
1970-01-01 00:00:00.057164866,0.057164866,0.0,0.0,0.0,231.68727,0.0,0.0,0.0,0.0,-1.5707964,0.0
1970-01-01 00:00:00.057186700,0.0571867,0.0,0.0,238.39081,0.0,0.0,0.0,0.0,0.0,-1.5707964,0.0
1970-01-01 00:00:00.057421119,0.057421119,0.0,0.0,505.51968,0.0,0.0,0.0,0.0,0.0,-1.5707964,0.0
1970-01-01 00:00:00.057456075,0.057456075,0.0,0.0,0.0,0.0,0.0,142.80377,0.0,0.0,-1.5707964,0.0
1970-01-01 00:00:00.057559071,0.057559071,0.0,0.0,0.0,0.0,112.78617,0.0,0.0,0.0,-1.5707964,0.0
1970-01-01 00:00:00.057659634,0.057659634,0.0,0.0,0.0,270.4761,0.0,0.0,0.0,0.0,-1.5707964,0.0
1970-01-01 00:00:00.057708267,0.057708267,0.0,0.0,699.9491,0.0,0.0,0.0,0.0,0.0,-1.5707964,0.0
1970-01-01 00:00:00.057752333,0.057752333,0.0,0.0,0.0,142.62378,0.0,0.0,0.0,0.0,-1.5707964,0.0
1970-01-01 00:00:00.057864873,0.057864873,0.0,0.0,0.0,0.0,895.0347,0.0,0.0,0.0,-1.5707964,0.0
1970-01-01 00:00:00.057887668,0.057887668,0.0,0.0,0.0,205.33679,0.0,0.0,0.0,0.0,-1.5707964,0.0
1970-01-01 00:00:00.057933465,0.057933465,0.0,0.0,0.0,199.27893,0.0,0.0,0.0,0.0,-1.5707964,0.0
1970-01-01 00:00:00.057953135,0.057953135,0.0,0.0,0.0,0.0,0.0,1005.027,0.0,0.0,-1.5707964,0.0
1970-01-01 00:00:00.057993531,0.057993531,0.0,0.0,444.61865,0.0,0.0,0.0,0.0,0.0,-1.5707964,0.0
1970-01-01 00:00:00.058001011,0.058001011,0.0,0.0,98.92035,0.0,0.0,0.0,0.0,0.0,-1.5707964,0.0
1970-01-01 00:00:00.058382226,0.058382226,0.0,0.0,0.0,211.9218,0.0,0.0,0.0,0.0,-1.5707964,0.0
1970-01-01 00:00:00.058404243,0.058404243,0.0,90.44354,0.0,0.0,0.0,0.0,0.0,0.0,-1.5707964,0.0
1970-01-01 00:00:00.058417092,0.058417092,0.0,0.0,0.0,182.02791,0.0,0.0,0.0,0.0,-1.5707964,0.0
1970-01-01 00:00:00.058533512,0.058533512,0.0,0.0,0.0,676.4057,0.0,0.0,0.0,0.0,-1.5707964,0.0
1970-01-01 00:00:00.058652686,0.058652686,0.0,0.0,705.0451,0.0,0.0,0.0,0.0,0.0,-1.5707964,0.0
1970-01-01 00:00:00.058732899,0.058732899,0.0,0.0,979.5009,0.0,0.0,0.0,0.0,0.0,-1.5707964,0.0
1970-01-01 00:00:00.058869594,0.058869594,0.0,0.0,339.7195,0.0,0.0,0.0,0.0,0.0,-1.5707964,0.0
1970-01-01 00:00:00.058973477,0.058973477,0.0,0.0,98.65019,0.0,0.0,0.0,0.0,0.0,-1.5707964,0.0
1970-01-01 00:00:00.058987898,0.058987898,0.0,97.19993,0.0,0.0,0.0,0.0,0.0,0.0,-1.5707964,0.0
1970-01-01 00:00:00.059053163,0.059053163,0.0,0.0,0.0,0.0,0.0,370.43295,0.0,0.0,-1.5707964,0.0
1970-01-01 00:00:00.059128998,0.059128998,0.0,0.0,0.0,0.0,0.0,142.15901,0.0,0.0,-1.5707964,0.0
1970-01-01 00:00:00.059233688,0.059233688,0.0,119.42929,0.0,0.0,0.0,0.0,0.0,0.0,-1.5707964,0.0
1970-01-01 00:00:00.059436612,0.059436612,1735.7426,0.0,0.0,0.0,0.0,0.0,0.0,0.0,-1.5707964,0.0
1970-01-01 00:00:00.059444097,0.059444097,0.0,0.0,0.0,0.0,0.0,444.25027,0.0,0.0,-1.5707964,0.0
1970-01-01 00:00:00.059710612,0.059710612,0.0,0.0,0.0,638.15674,0.0,0.0,0.0,0.0,-1.5707964,0.0
1970-01-01 00:00:00.059840713,0.059840713,0.0,0.0,241.48824,0.0,0.0,0.0,0.0,0.0,-1.5707964,0.0
1970-01-01 00:00:00.059890318,0.059890318,0.0,236.1361,0.0,0.0,0.0,0.0,0.0,0.0,-1.5707964,0.0
1970-01-01 00:00:00.059890318,0.059890318,0.0,0.0,0.0,428.9339,0.0,0.0,0.0,0.0,-1.5707964,0.0
1970-01-01 00:00:00.059922394,0.059922394,0.0,0.0,353.7343,0.0,0.0,0.0,0.0,0.0,-1.5707964,0.0
1970-01-01 00:00:00.060037601,0.060037601,0.0,0.0,0.0,207.2198,0.0,0.0,0.0,0.0,-1.5707964,0.0
1970-01-01 00:00:00.060090898,0.060090898,0.0,0.0,1010.7864,0.0,0.0,0.0,0.0,0.0,-1.5707964,0.0
1970-01-01 00:00:00.060208337,0.060208337,0.0,0.0,0.0,263.66077,0.0,0.0,0.0,0.0,-1.5707964,0.0
1970-01-01 00:00:00.060248429,0.060248429,0.0,0.0,0.0,778.6479,0.0,0.0,0.0,0.0,-1.5707964,0.0
1970-01-01 00:00:00.060407042,0.060407042,0.0,0.0,0.0,645.2022,0.0,0.0,0.0,0.0,-1.5707964,0.0
1970-01-01 00:00:00.060596170,0.06059617,0.0,0.0,2148.3613,0.0,0.0,0.0,0.0,0.0,-1.5707964,0.0
1970-01-01 00:00:00.060781721,0.060781721,0.0,0.0,0.0,0.0,0.0,106.07387,0.0,0.0,-1.5707964,0.0
1970-01-01 00:00:00.060831711,0.060831711,0.0,0.0,0.0,128.73917,0.0,0.0,0.0,0.0,-1.5707964,0.0
1970-01-01 00:00:00.060884277,0.060884277,0.0,0.0,0.0,0.0,546.7684,0.0,0.0,0.0,-1.5707964,0.0
1970-01-01 00:00:00.060964169,0.060964169,0.0,0.0,0.0,116.07413,0.0,0.0,0.0,0.0,-1.5707964,0.0
1970-01-01 00:00:00.060989956,0.060989956,0.0,0.0,0.0,707.5952,0.0,0.0,0.0,0.0,-1.5707964,0.0
1970-01-01 00:00:00.061053237,0.061053237,0.0,0.0,679.284,0.0,0.0,0.0,0.0,0.0,-1.5707964,0.0
1970-01-01 00:00:00.061125988,0.061125988,0.0,0.0,0.0,0.0,0.0,895.5686,0.0,0.0,-1.5707964,0.0
1970-01-01 00:00:00.061145791,0.061145791,0.0,0.0,0.0,285.17642,0.0,0.0,0.0,0.0,-1.5707964,0.0
1970-01-01 00:00:00.061224335,0.061224335,0.0,0.0,355.5968,0.0,0.0,0.0,0.0,0.0,-1.5707964,0.0
1970-01-01 00:00:00.061272592,0.061272592,0.0,0.0,0.0,0.0,1186.5854,0.0,0.0,0.0,-1.5707964,0.0
1970-01-01 00:00:00.061273223,0.061273223,0.0,0.0,0.0,132.226,0.0,0.0,0.0,0.0,-1.5707964,0.0
1970-01-01 00:00:00.061483615,0.061483615,0.0,0.0,0.0,265.10388,0.0,0.0,0.0,0.0,-1.5707964,0.0
1970-01-01 00:00:00.061581404,0.061581404,0.0,0.0,0.0,0.0,0.0,1575.0945,0.0,0.0,-1.5707964,0.0
1970-01-01 00:00:00.061592457,0.061592457,0.0,0.0,1543.8872,0.0,0.0,0.0,0.0,0.0,-1.5707964,0.0
1970-01-01 00:00:00.061977367,0.061977367,0.0,712.4916,0.0,0.0,0.0,0.0,0.0,0.0,-1.5707964,0.0
1970-01-01 00:00:00.062065843,0.062065843,0.0,0.0,138.4182,0.0,0.0,0.0,0.0,0.0,-1.5707964,0.0
1970-01-01 00:00:00.062125273,0.062125273,0.0,362.19968,0.0,0.0,0.0,0.0,0.0,0.0,-1.5707964,0.0
1970-01-01 00:00:00.062125273,0.062125273,0.0,0.0,0.0,107.537575,0.0,0.0,0.0,0.0,-1.5707964,0.0
1970-01-01 00:00:00.062468506,0.062468506,0.0,0.0,0.0,131.10469,0.0,0.0,0.0,0.0,-1.5707964,0.0
1970-01-01 00:00:00.062478174,0.062478174,0.0,0.0,0.0,0.0,0.0,113.64878,0.0,0.0,-1.5707964,0.0
1970-01-01 00:00:00.062639720,0.062639721,0.0,0.0,631.50604,0.0,0.0,0.0,0.0,0.0,-1.5707964,0.0
1970-01-01 00:00:00.062672437,0.062672437,0.0,155.23401,0.0,0.0,0.0,0.0,0.0,0.0,-1.5707964,0.0
1970-01-01 00:00:00.062690228,0.062690228,0.0,0.0,0.0,0.0,1133.007,0.0,0.0,0.0,-1.5707964,0.0
1970-01-01 00:00:00.062760039,0.062760039,0.0,0.0,0.0,0.0,0.0,650.2029,0.0,0.0,-1.5707964,0.0
1970-01-01 00:00:00.062973999,0.062973999,0.0,0.0,0.0,0.0,0.0,475.82748,0.0,0.0,-1.5707964,0.0
1970-01-01 00:00:00.062976069,0.06297607,0.0,0.0,0.0,113.96013,0.0,0.0,0.0,0.0,-1.5707964,0.0
1970-01-01 00:00:00.063036898,0.063036899,0.0,0.0,655.0262,0.0,0.0,0.0,0.0,0.0,-1.5707964,0.0
1970-01-01 00:00:00.063037930,0.06303793,0.0,0.0,0.0,0.0,1537.0535,0.0,0.0,0.0,-1.5707964,0.0
1970-01-01 00:00:00.063099512,0.063099513,0.0,0.0,0.0,0.0,666.4705,0.0,0.0,0.0,-1.5707964,0.0
1970-01-01 00:00:00.063143061,0.063143061,0.0,0.0,0.0,85.072,0.0,0.0,0.0,0.0,-1.5707964,0.0
1970-01-01 00:00:00.063158120,0.06315812,0.0,0.0,0.0,81.59586,0.0,0.0,0.0,0.0,-1.5707964,0.0
1970-01-01 00:00:00.063183197,0.063183197,0.0,0.0,136.24982,0.0,0.0,0.0,0.0,0.0,-1.5707964,0.0
1970-01-01 00:00:00.063250026,0.063250026,0.0,0.0,0.0,113.90432,0.0,0.0,0.0,0.0,-1.5707964,0.0
1970-01-01 00:00:00.063353616,0.063353616,0.0,0.0,0.0,0.0,0.0,180.78316,0.0,0.0,-1.5707964,0.0
1970-01-01 00:00:00.063916137,0.063916137,0.0,114.27058,0.0,0.0,0.0,0.0,0.0,0.0,-1.5707964,0.0
1970-01-01 00:00:00.063998553,0.063998553,0.0,285.34967,0.0,0.0,0.0,0.0,0.0,0.0,-1.5707964,0.0
1970-01-01 00:00:00.064094424,0.064094424,0.0,0.0,0.0,0.0,159.90988,0.0,0.0,0.0,-1.5707964,0.0
1970-01-01 00:00:00.064106463,0.064106463,0.0,0.0,0.0,932.41376,0.0,0.0,0.0,0.0,-1.5707964,0.0
1970-01-01 00:00:00.064233718,0.064233719,0.0,0.0,0.0,166.17798,0.0,0.0,0.0,0.0,-1.5707964,0.0
1970-01-01 00:00:00.064308212,0.064308212,0.0,0.0,330.16876,0.0,0.0,0.0,0.0,0.0,-1.5707964,0.0
1970-01-01 00:00:00.064387370,0.06438737,0.0,0.0,0.0,1053.2292,0.0,0.0,0.0,0.0,-1.5707964,0.0
1970-01-01 00:00:00.064498228,0.064498228,0.0,0.0,0.0,0.0,0.0,264.94208,0.0,0.0,-1.5707964,0.0
1970-01-01 00:00:00.064761223,0.064761223,0.0,0.0,0.0,0.0,0.0,160.65123,0.0,0.0,-1.5707964,0.0
1970-01-01 00:00:00.064784109,0.064784109,0.0,0.0,0.0,153.34291,0.0,0.0,0.0,0.0,-1.5707964,0.0
1970-01-01 00:00:00.064922956,0.064922956,0.0,0.0,0.0,439.6274,0.0,0.0,0.0,0.0,-1.5707964,0.0
1970-01-01 00:00:00.064993250,0.06499325,0.0,0.0,0.0,99.40229,0.0,0.0,0.0,0.0,-1.5707964,0.0
1970-01-01 00:00:00.064993257,0.064993257,0.0,0.0,0.0,473.772,0.0,0.0,0.0,0.0,-1.5707964,0.0
1970-01-01 00:00:00.065096232,0.065096232,0.0,0.0,0.0,0.0,697.6267,0.0,0.0,0.0,-1.5707964,0.0
1970-01-01 00:00:00.065175781,0.065175781,0.0,0.0,269.27225,0.0,0.0,0.0,0.0,0.0,-1.5707964,0.0
1970-01-01 00:00:00.065311770,0.06531177,0.0,0.0,0.0,0.0,494.47394,0.0,0.0,0.0,-1.5707964,0.0
1970-01-01 00:00:00.065329293,0.065329294,0.0,0.0,0.0,0.0,546.08044,0.0,0.0,0.0,-1.5707964,0.0
1970-01-01 00:00:00.065381787,0.065381788,0.0,0.0,0.0,0.0,0.0,357.26596,0.0,0.0,-1.5707964,0.0
1970-01-01 00:00:00.065393822,0.065393822,0.0,0.0,0.0,133.37515,0.0,0.0,0.0,0.0,-1.5707964,0.0
1970-01-01 00:00:00.065452271,0.065452271,0.0,0.0,591.39764,0.0,0.0,0.0,0.0,0.0,-1.5707964,0.0
1970-01-01 00:00:00.065475665,0.065475665,0.0,0.0,1338.9253,0.0,0.0,0.0,0.0,0.0,-1.5707964,0.0
1970-01-01 00:00:00.065492464,0.065492464,0.0,0.0,0.0,330.05148,0.0,0.0,0.0,0.0,-1.5707964,0.0
1970-01-01 00:00:00.065659168,0.065659168,0.0,0.0,0.0,0.0,0.0,178.17322,0.0,0.0,-1.5707964,0.0
1970-01-01 00:00:00.065696094,0.065696094,0.0,95.228134,0.0,0.0,0.0,0.0,0.0,0.0,-1.5707964,0.0
1970-01-01 00:00:00.065760329,0.065760329,0.0,0.0,0.0,663.21405,0.0,0.0,0.0,0.0,-1.5707964,0.0
1970-01-01 00:00:00.065816201,0.065816201,0.0,0.0,249.36176,0.0,0.0,0.0,0.0,0.0,-1.5707964,0.0
1970-01-01 00:00:00.065856960,0.06585696,0.0,0.0,0.0,0.0,3545.8433,0.0,0.0,0.0,-1.5707964,0.0
1970-01-01 00:00:00.066030006,0.066030006,0.0,0.0,0.0,297.3726,0.0,0.0,0.0,0.0,-1.5707964,0.0
1970-01-01 00:00:00.066190457,0.066190458,0.0,0.0,0.0,905.8391,0.0,0.0,0.0,0.0,-1.5707964,0.0
1970-01-01 00:00:00.066233781,0.066233781,0.0,0.0,0.0,349.77872,0.0,0.0,0.0,0.0,-1.5707964,0.0
1970-01-01 00:00:00.066386166,0.066386166,0.0,0.0,0.0,200.1636,0.0,0.0,0.0,0.0,-1.5707964,0.0
1970-01-01 00:00:00.066416096,0.066416097,0.0,0.0,427.71313,0.0,0.0,0.0,0.0,0.0,-1.5707964,0.0
1970-01-01 00:00:00.066424157,0.066424157,0.0,0.0,0.0,299.53543,0.0,0.0,0.0,0.0,-1.5707964,0.0
1970-01-01 00:00:00.066515261,0.066515261,0.0,0.0,0.0,522.8026,0.0,0.0,0.0,0.0,-1.5707964,0.0
1970-01-01 00:00:00.066630668,0.066630668,0.0,0.0,0.0,174.42711,0.0,0.0,0.0,0.0,-1.5707964,0.0
1970-01-01 00:00:00.066677871,0.066677871,0.0,0.0,320.8259,0.0,0.0,0.0,0.0,0.0,-1.5707964,0.0
1970-01-01 00:00:00.066713313,0.066713314,148.1296,0.0,0.0,0.0,0.0,0.0,0.0,0.0,-1.5707964,0.0
1970-01-01 00:00:00.066730226,0.066730226,0.0,0.0,0.0,0.0,381.71902,0.0,0.0,0.0,-1.5707964,0.0
1970-01-01 00:00:00.066732637,0.066732637,0.0,0.0,0.0,0.0,152.72522,0.0,0.0,0.0,-1.5707964,0.0
1970-01-01 00:00:00.066783837,0.066783837,0.0,0.0,0.0,82.9337,0.0,0.0,0.0,0.0,-1.5707964,0.0
1970-01-01 00:00:00.066844808,0.066844808,0.0,0.0,0.0,681.8298,0.0,0.0,0.0,0.0,-1.5707964,0.0
1970-01-01 00:00:00.066904304,0.066904304,0.0,0.0,0.0,0.0,0.0,1027.2897,0.0,0.0,-1.5707964,0.0
1970-01-01 00:00:00.066946703,0.066946703,0.0,0.0,707.2967,0.0,0.0,0.0,0.0,0.0,-1.5707964,0.0
1970-01-01 00:00:00.066948483,0.066948483,0.0,0.0,0.0,168.53725,0.0,0.0,0.0,0.0,-1.5707964,0.0
1970-01-01 00:00:00.067054294,0.067054294,0.0,0.0,0.0,0.0,0.0,126.336395,0.0,0.0,-1.5707964,0.0
1970-01-01 00:00:00.067125043,0.067125043,0.0,0.0,388.80243,0.0,0.0,0.0,0.0,0.0,-1.5707964,0.0
1970-01-01 00:00:00.067164340,0.06716434,0.0,0.0,0.0,204.62617,0.0,0.0,0.0,0.0,-1.5707964,0.0
1970-01-01 00:00:00.067318014,0.067318014,0.0,0.0,0.0,0.0,360.09866,0.0,0.0,0.0,-1.5707964,0.0
1970-01-01 00:00:00.067319365,0.067319365,0.0,0.0,0.0,1664.7437,0.0,0.0,0.0,0.0,-1.5707964,0.0
1970-01-01 00:00:00.067372986,0.067372986,0.0,0.0,0.0,257.49722,0.0,0.0,0.0,0.0,-1.5707964,0.0
1970-01-01 00:00:00.067412248,0.067412248,0.0,0.0,213.54445,0.0,0.0,0.0,0.0,0.0,-1.5707964,0.0
1970-01-01 00:00:00.067637754,0.067637754,0.0,0.0,423.32233,0.0,0.0,0.0,0.0,0.0,-1.5707964,0.0
1970-01-01 00:00:00.067748317,0.067748317,0.0,0.0,0.0,156.04692,0.0,0.0,0.0,0.0,-1.5707964,0.0
1970-01-01 00:00:00.068061123,0.068061123,330.01855,0.0,0.0,0.0,0.0,0.0,0.0,0.0,-1.5707964,0.0
1970-01-01 00:00:00.068105269,0.068105269,400.0153,0.0,0.0,0.0,0.0,0.0,0.0,0.0,-1.5707964,0.0
1970-01-01 00:00:00.068109294,0.068109294,0.0,0.0,0.0,357.6273,0.0,0.0,0.0,0.0,-1.5707964,0.0
1970-01-01 00:00:00.068109294,0.068109294,0.0,0.0,0.0,0.0,0.0,321.52704,0.0,0.0,-1.5707964,0.0
1970-01-01 00:00:00.068212844,0.068212844,201.44138,0.0,0.0,0.0,0.0,0.0,0.0,0.0,-1.5707964,0.0
1970-01-01 00:00:00.068219343,0.068219343,0.0,0.0,0.0,525.7671,0.0,0.0,0.0,0.0,-1.5707964,0.0
1970-01-01 00:00:00.068415816,0.068415816,0.0,0.0,0.0,89.01528,0.0,0.0,0.0,0.0,-1.5707964,0.0
1970-01-01 00:00:00.068586602,0.068586602,0.0,258.58505,0.0,0.0,0.0,0.0,0.0,0.0,-1.5707964,0.0
1970-01-01 00:00:00.068635495,0.068635495,0.0,0.0,0.0,132.25377,0.0,0.0,0.0,0.0,-1.5707964,0.0
1970-01-01 00:00:00.068678976,0.068678976,0.0,0.0,0.0,0.0,98.558044,0.0,0.0,0.0,-1.5707964,0.0
1970-01-01 00:00:00.068690925,0.068690925,0.0,0.0,89.571754,0.0,0.0,0.0,0.0,0.0,-1.5707964,0.0
1970-01-01 00:00:00.068712686,0.068712686,0.0,0.0,230.87437,0.0,0.0,0.0,0.0,0.0,-1.5707964,0.0
1970-01-01 00:00:00.068784156,0.068784156,384.16882,0.0,0.0,0.0,0.0,0.0,0.0,0.0,-1.5707964,0.0
1970-01-01 00:00:00.068955868,0.068955868,0.0,0.0,0.0,0.0,0.0,120.588684,0.0,0.0,-1.5707964,0.0
1970-01-01 00:00:00.069115817,0.069115817,0.0,0.0,0.0,0.0,0.0,99.30573,0.0,0.0,-1.5707964,0.0
1970-01-01 00:00:00.069130573,0.069130573,0.0,0.0,0.0,117.37866,0.0,0.0,0.0,0.0,-1.5707964,0.0
1970-01-01 00:00:00.069311466,0.069311466,0.0,453.2084,0.0,0.0,0.0,0.0,0.0,0.0,-1.5707964,0.0
1970-01-01 00:00:00.069334070,0.06933407,0.0,0.0,0.0,97.24306,0.0,0.0,0.0,0.0,-1.5707964,0.0
1970-01-01 00:00:00.069349917,0.069349917,0.0,128.2899,0.0,0.0,0.0,0.0,0.0,0.0,-1.5707964,0.0
1970-01-01 00:00:00.069383094,0.069383094,0.0,0.0,0.0,285.96906,0.0,0.0,0.0,0.0,-1.5707964,0.0
1970-01-01 00:00:00.069387846,0.069387846,0.0,0.0,304.75177,0.0,0.0,0.0,0.0,0.0,-1.5707964,0.0
1970-01-01 00:00:00.069484489,0.069484489,0.0,0.0,0.0,563.5047,0.0,0.0,0.0,0.0,-1.5707964,0.0
1970-01-01 00:00:00.069500104,0.069500104,0.0,0.0,0.0,0.0,86.40829,0.0,0.0,0.0,-1.5707964,0.0
1970-01-01 00:00:00.069517611,0.069517611,0.0,0.0,539.66077,0.0,0.0,0.0,0.0,0.0,-1.5707964,0.0
1970-01-01 00:00:00.069619004,0.069619004,0.0,0.0,0.0,0.0,0.0,202.52632,0.0,0.0,-1.5707964,0.0
1970-01-01 00:00:00.069634259,0.069634259,0.0,0.0,0.0,0.0,0.0,646.99414,0.0,0.0,-1.5707964,0.0
1970-01-01 00:00:00.069650532,0.069650532,0.0,0.0,446.5466,0.0,0.0,0.0,0.0,0.0,-1.5707964,0.0
1970-01-01 00:00:00.069701063,0.069701063,0.0,0.0,0.0,281.41385,0.0,0.0,0.0,0.0,-1.5707964,0.0
1970-01-01 00:00:00.069720687,0.069720687,0.0,0.0,0.0,0.0,190.66821,0.0,0.0,0.0,-1.5707964,0.0
1970-01-01 00:00:00.069748480,0.06974848,0.0,0.0,0.0,0.0,97.93521,0.0,0.0,0.0,-1.5707964,0.0
1970-01-01 00:00:00.069756422,0.069756422,0.0,0.0,0.0,160.25597,0.0,0.0,0.0,0.0,-1.5707964,0.0
1970-01-01 00:00:00.069837664,0.069837664,0.0,0.0,0.0,0.0,0.0,107.8274,0.0,0.0,-1.5707964,0.0
1970-01-01 00:00:00.069847556,0.069847556,0.0,0.0,0.0,801.74786,0.0,0.0,0.0,0.0,-1.5707964,0.0
1970-01-01 00:00:00.069860310,0.06986031,0.0,0.0,0.0,602.00037,0.0,0.0,0.0,0.0,-1.5707964,0.0
1970-01-01 00:00:00.069933795,0.069933795,0.0,0.0,0.0,128.67763,0.0,0.0,0.0,0.0,-1.5707964,0.0
1970-01-01 00:00:00.069950570,0.06995057,0.0,0.0,0.0,0.0,0.0,564.2917,0.0,0.0,-1.5707964,0.0
1970-01-01 00:00:00.070018376,0.070018376,0.0,0.0,0.0,648.92114,0.0,0.0,0.0,0.0,-1.5707964,0.0
1970-01-01 00:00:00.070107436,0.070107436,0.0,0.0,0.0,323.93643,0.0,0.0,0.0,0.0,-1.5707964,0.0
1970-01-01 00:00:00.070128723,0.070128723,0.0,0.0,92.635796,0.0,0.0,0.0,0.0,0.0,-1.5707964,0.0
1970-01-01 00:00:00.070208832,0.070208832,0.0,0.0,0.0,241.11731,0.0,0.0,0.0,0.0,-1.5707964,0.0
1970-01-01 00:00:00.070223912,0.070223912,0.0,0.0,0.0,216.68784,0.0,0.0,0.0,0.0,-1.5707964,0.0
1970-01-01 00:00:00.070243799,0.070243799,0.0,0.0,0.0,166.40446,0.0,0.0,0.0,0.0,-1.5707964,0.0
1970-01-01 00:00:00.070248508,0.070248508,0.0,0.0,0.0,258.64996,0.0,0.0,0.0,0.0,-1.5707964,0.0
1970-01-01 00:00:00.070279470,0.07027947,0.0,0.0,675.18646,0.0,0.0,0.0,0.0,0.0,-1.5707964,0.0
1970-01-01 00:00:00.070280365,0.070280365,0.0,0.0,0.0,136.72252,0.0,0.0,0.0,0.0,-1.5707964,0.0
1970-01-01 00:00:00.070519754,0.070519754,0.0,0.0,0.0,0.0,0.0,231.15277,0.0,0.0,-1.5707964,0.0
1970-01-01 00:00:00.070615665,0.070615665,0.0,0.0,0.0,165.07628,0.0,0.0,0.0,0.0,-1.5707964,0.0
1970-01-01 00:00:00.070760947,0.070760947,0.0,0.0,0.0,133.58482,0.0,0.0,0.0,0.0,-1.5707964,0.0
1970-01-01 00:00:00.070768005,0.070768005,0.0,0.0,0.0,425.13165,0.0,0.0,0.0,0.0,-1.5707964,0.0
1970-01-01 00:00:00.070811418,0.070811418,0.0,0.0,0.0,200.46666,0.0,0.0,0.0,0.0,-1.5707964,0.0
1970-01-01 00:00:00.070830427,0.070830427,0.0,0.0,3322.2617,0.0,0.0,0.0,0.0,0.0,-1.5707964,0.0
1970-01-01 00:00:00.070884705,0.070884705,0.0,153.67094,0.0,0.0,0.0,0.0,0.0,0.0,-1.5707964,0.0
1970-01-01 00:00:00.070993566,0.070993566,0.0,0.0,0.0,82.788795,0.0,0.0,0.0,0.0,-1.5707964,0.0
1970-01-01 00:00:00.071102388,0.071102388,0.0,0.0,0.0,771.71466,0.0,0.0,0.0,0.0,-1.5707964,0.0
1970-01-01 00:00:00.071106164,0.071106164,301.82916,0.0,0.0,0.0,0.0,0.0,0.0,0.0,-1.5707964,0.0
1970-01-01 00:00:00.071123795,0.071123795,0.0,0.0,0.0,170.50714,0.0,0.0,0.0,0.0,-1.5707964,0.0
1970-01-01 00:00:00.071211825,0.071211825,0.0,0.0,0.0,123.68971,0.0,0.0,0.0,0.0,-1.5707964,0.0
1970-01-01 00:00:00.071227678,0.071227678,0.0,0.0,515.48193,0.0,0.0,0.0,0.0,0.0,-1.5707964,0.0
1970-01-01 00:00:00.071265107,0.071265107,0.0,0.0,0.0,0.0,0.0,342.35632,0.0,0.0,-1.5707964,0.0
1970-01-01 00:00:00.071308352,0.071308352,0.0,80.72285,0.0,0.0,0.0,0.0,0.0,0.0,-1.5707964,0.0
1970-01-01 00:00:00.071320645,0.071320645,0.0,0.0,356.18686,0.0,0.0,0.0,0.0,0.0,-1.5707964,0.0
1970-01-01 00:00:00.071457816,0.071457816,0.0,0.0,0.0,386.18152,0.0,0.0,0.0,0.0,-1.5707964,0.0
1970-01-01 00:00:00.071516926,0.071516926,0.0,0.0,0.0,0.0,0.0,372.55127,0.0,0.0,-1.5707964,0.0
1970-01-01 00:00:00.071571850,0.07157185,0.0,538.6781,0.0,0.0,0.0,0.0,0.0,0.0,-1.5707964,0.0
1970-01-01 00:00:00.071858577,0.071858577,0.0,0.0,0.0,310.19778,0.0,0.0,0.0,0.0,-1.5707964,0.0
1970-01-01 00:00:00.071913100,0.0719131,0.0,0.0,1552.8544,0.0,0.0,0.0,0.0,0.0,-1.5707964,0.0
1970-01-01 00:00:00.071959231,0.071959231,0.0,0.0,101.09618,0.0,0.0,0.0,0.0,0.0,-1.5707964,0.0
1970-01-01 00:00:00.072024198,0.072024198,0.0,0.0,716.1684,0.0,0.0,0.0,0.0,0.0,-1.5707964,0.0
1970-01-01 00:00:00.072119253,0.072119253,0.0,0.0,0.0,0.0,0.0,176.54935,0.0,0.0,-1.5707964,0.0
1970-01-01 00:00:00.072317100,0.0723171,0.0,0.0,0.0,80.21208,0.0,0.0,0.0,0.0,-1.5707964,0.0
1970-01-01 00:00:00.072366946,0.072366946,0.0,0.0,271.01126,0.0,0.0,0.0,0.0,0.0,-1.5707964,0.0
1970-01-01 00:00:00.072386119,0.072386119,0.0,0.0,0.0,153.18364,0.0,0.0,0.0,0.0,-1.5707964,0.0
1970-01-01 00:00:00.072436542,0.072436542,0.0,0.0,221.38846,0.0,0.0,0.0,0.0,0.0,-1.5707964,0.0
1970-01-01 00:00:00.072475134,0.072475134,0.0,0.0,205.10521,0.0,0.0,0.0,0.0,0.0,-1.5707964,0.0
1970-01-01 00:00:00.072500769,0.072500769,0.0,0.0,0.0,0.0,0.0,240.17137,0.0,0.0,-1.5707964,0.0
1970-01-01 00:00:00.072534070,0.07253407,0.0,0.0,0.0,162.96309,0.0,0.0,0.0,0.0,-1.5707964,0.0
1970-01-01 00:00:00.072631539,0.072631539,0.0,0.0,0.0,0.0,0.0,120.479866,0.0,0.0,-1.5707964,0.0
1970-01-01 00:00:00.072667351,0.072667351,0.0,0.0,0.0,0.0,146.2447,0.0,0.0,0.0,-1.5707964,0.0
1970-01-01 00:00:00.072667945,0.072667945,0.0,319.2401,0.0,0.0,0.0,0.0,0.0,0.0,-1.5707964,0.0
1970-01-01 00:00:00.072828520,0.07282852,0.0,0.0,0.0,0.0,342.55695,0.0,0.0,0.0,-1.5707964,0.0
1970-01-01 00:00:00.072842954,0.072842954,0.0,168.52075,0.0,0.0,0.0,0.0,0.0,0.0,-1.5707964,0.0
1970-01-01 00:00:00.072941152,0.072941152,0.0,0.0,0.0,505.7045,0.0,0.0,0.0,0.0,-1.5707964,0.0
1970-01-01 00:00:00.072950974,0.072950974,0.0,0.0,0.0,205.1636,0.0,0.0,0.0,0.0,-1.5707964,0.0
1970-01-01 00:00:00.072993079,0.072993079,0.0,0.0,0.0,244.7325,0.0,0.0,0.0,0.0,-1.5707964,0.0
1970-01-01 00:00:00.073121573,0.073121573,0.0,0.0,0.0,0.0,0.0,110.08215,0.0,0.0,-1.5707964,0.0
1970-01-01 00:00:00.073185723,0.073185723,0.0,378.55704,0.0,0.0,0.0,0.0,0.0,0.0,-1.5707964,0.0
1970-01-01 00:00:00.073457780,0.07345778,0.0,0.0,0.0,99.856995,0.0,0.0,0.0,0.0,-1.5707964,0.0
1970-01-01 00:00:00.073458129,0.073458129,0.0,0.0,0.0,0.0,0.0,709.5511,0.0,0.0,-1.5707964,0.0
1970-01-01 00:00:00.073461482,0.073461482,0.0,0.0,0.0,878.1961,0.0,0.0,0.0,0.0,-1.5707964,0.0
1970-01-01 00:00:00.073462291,0.073462291,0.0,0.0,0.0,182.83923,0.0,0.0,0.0,0.0,-1.5707964,0.0
1970-01-01 00:00:00.073467914,0.073467914,0.0,0.0,0.0,484.55807,0.0,0.0,0.0,0.0,-1.5707964,0.0
1970-01-01 00:00:00.073495824,0.073495824,0.0,0.0,124.25639,0.0,0.0,0.0,0.0,0.0,-1.5707964,0.0
1970-01-01 00:00:00.073508910,0.07350891,0.0,0.0,0.0,579.5364,0.0,0.0,0.0,0.0,-1.5707964,0.0
1970-01-01 00:00:00.073513478,0.073513478,0.0,0.0,601.4327,0.0,0.0,0.0,0.0,0.0,-1.5707964,0.0
1970-01-01 00:00:00.073516711,0.073516711,0.0,0.0,0.0,232.86389,0.0,0.0,0.0,0.0,-1.5707964,0.0
1970-01-01 00:00:00.073702907,0.073702907,0.0,0.0,0.0,0.0,1022.3439,0.0,0.0,0.0,-1.5707964,0.0
1970-01-01 00:00:00.073858996,0.073858996,0.0,0.0,340.21066,0.0,0.0,0.0,0.0,0.0,-1.5707964,0.0
1970-01-01 00:00:00.073912300,0.0739123,0.0,0.0,0.0,265.87512,0.0,0.0,0.0,0.0,-1.5707964,0.0
1970-01-01 00:00:00.073946319,0.073946319,0.0,0.0,0.0,0.0,0.0,151.09901,0.0,0.0,-1.5707964,0.0
1970-01-01 00:00:00.074018715,0.074018715,0.0,0.0,0.0,1261.8778,0.0,0.0,0.0,0.0,-1.5707964,0.0
1970-01-01 00:00:00.074027540,0.07402754,0.0,0.0,0.0,0.0,0.0,421.29996,0.0,0.0,-1.5707964,0.0
1970-01-01 00:00:00.074152477,0.074152477,0.0,0.0,0.0,774.951,0.0,0.0,0.0,0.0,-1.5707964,0.0
1970-01-01 00:00:00.074206686,0.074206686,0.0,0.0,537.2647,0.0,0.0,0.0,0.0,0.0,-1.5707964,0.0
1970-01-01 00:00:00.074217588,0.074217588,0.0,0.0,0.0,0.0,0.0,400.85974,0.0,0.0,-1.5707964,0.0
1970-01-01 00:00:00.074266549,0.074266549,0.0,0.0,0.0,0.0,607.2725,0.0,0.0,0.0,-1.5707964,0.0
1970-01-01 00:00:00.074280878,0.074280878,0.0,331.91833,0.0,0.0,0.0,0.0,0.0,0.0,-1.5707964,0.0
1970-01-01 00:00:00.074280878,0.074280878,0.0,0.0,0.0,495.90866,0.0,0.0,0.0,0.0,-1.5707964,0.0
1970-01-01 00:00:00.074296149,0.074296149,0.0,0.0,0.0,119.96025,0.0,0.0,0.0,0.0,-1.5707964,0.0
1970-01-01 00:00:00.074315658,0.074315658,0.0,0.0,0.0,0.0,0.0,877.26227,0.0,0.0,-1.5707964,0.0
1970-01-01 00:00:00.074495408,0.074495408,0.0,0.0,0.0,0.0,126.92063,0.0,0.0,0.0,-1.5707964,0.0
1970-01-01 00:00:00.074541235,0.074541235,0.0,0.0,0.0,210.44229,0.0,0.0,0.0,0.0,-1.5707964,0.0
1970-01-01 00:00:00.074640862,0.074640862,0.0,0.0,310.97568,0.0,0.0,0.0,0.0,0.0,-1.5707964,0.0
1970-01-01 00:00:00.074711519,0.074711519,0.0,0.0,0.0,0.0,1230.1875,0.0,0.0,0.0,-1.5707964,0.0
1970-01-01 00:00:00.074811137,0.074811137,0.0,0.0,2023.1459,0.0,0.0,0.0,0.0,0.0,-1.5707964,0.0
1970-01-01 00:00:00.074811137,0.074811137,0.0,0.0,0.0,455.09106,0.0,0.0,0.0,0.0,-1.5707964,0.0
1970-01-01 00:00:00.074826890,0.07482689,0.0,0.0,0.0,81.66137,0.0,0.0,0.0,0.0,-1.5707964,0.0
1970-01-01 00:00:00.074914103,0.074914103,0.0,0.0,0.0,313.14127,0.0,0.0,0.0,0.0,-1.5707964,0.0
1970-01-01 00:00:00.074936461,0.074936461,0.0,0.0,272.11163,0.0,0.0,0.0,0.0,0.0,-1.5707964,0.0
1970-01-01 00:00:00.074991823,0.074991823,0.0,0.0,0.0,134.92659,0.0,0.0,0.0,0.0,-1.5707964,0.0
1970-01-01 00:00:00.075095967,0.075095967,0.0,0.0,0.0,0.0,152.24097,0.0,0.0,0.0,-1.5707964,0.0
1970-01-01 00:00:00.075204205,0.075204205,0.0,0.0,0.0,465.19098,0.0,0.0,0.0,0.0,-1.5707964,0.0
1970-01-01 00:00:00.075218345,0.075218345,0.0,0.0,350.16183,0.0,0.0,0.0,0.0,0.0,-1.5707964,0.0
1970-01-01 00:00:00.075505435,0.075505435,183.14551,0.0,0.0,0.0,0.0,0.0,0.0,0.0,-1.5707964,0.0
1970-01-01 00:00:00.075514483,0.075514483,0.0,82.85574,0.0,0.0,0.0,0.0,0.0,0.0,-1.5707964,0.0
1970-01-01 00:00:00.075534770,0.07553477,0.0,0.0,203.68407,0.0,0.0,0.0,0.0,0.0,-1.5707964,0.0
1970-01-01 00:00:00.075569328,0.075569328,0.0,0.0,0.0,0.0,0.0,101.39313,0.0,0.0,-1.5707964,0.0
1970-01-01 00:00:00.075581481,0.075581481,0.0,0.0,0.0,298.8574,0.0,0.0,0.0,0.0,-1.5707964,0.0
1970-01-01 00:00:00.075596223,0.075596223,0.0,0.0,0.0,114.4441,0.0,0.0,0.0,0.0,-1.5707964,0.0
1970-01-01 00:00:00.075609194,0.075609194,0.0,0.0,0.0,413.66357,0.0,0.0,0.0,0.0,-1.5707964,0.0
1970-01-01 00:00:00.075691155,0.075691155,0.0,0.0,0.0,275.2007,0.0,0.0,0.0,0.0,-1.5707964,0.0
1970-01-01 00:00:00.075769785,0.075769785,0.0,0.0,0.0,0.0,140.24855,0.0,0.0,0.0,-1.5707964,0.0
1970-01-01 00:00:00.075788043,0.075788043,0.0,0.0,246.50867,0.0,0.0,0.0,0.0,0.0,-1.5707964,0.0
1970-01-01 00:00:00.075788043,0.075788043,0.0,0.0,0.0,0.0,0.0,533.2794,0.0,0.0,-1.5707964,0.0
1970-01-01 00:00:00.075788043,0.075788043,0.0,0.0,0.0,0.0,0.0,1841.6117,0.0,0.0,-1.5707964,0.0
1970-01-01 00:00:00.075946023,0.075946023,0.0,319.7843,0.0,0.0,0.0,0.0,0.0,0.0,-1.5707964,0.0
1970-01-01 00:00:00.075946023,0.075946023,0.0,0.0,0.0,0.0,0.0,249.9806,0.0,0.0,-1.5707964,0.0
1970-01-01 00:00:00.076090530,0.07609053,0.0,0.0,0.0,830.9347,0.0,0.0,0.0,0.0,-1.5707964,0.0
1970-01-01 00:00:00.076124173,0.076124173,0.0,0.0,0.0,141.26265,0.0,0.0,0.0,0.0,-1.5707964,0.0
1970-01-01 00:00:00.076192914,0.076192914,0.0,0.0,0.0,0.0,0.0,140.55649,0.0,0.0,-1.5707964,0.0
1970-01-01 00:00:00.076247772,0.076247772,0.0,0.0,0.0,237.77332,0.0,0.0,0.0,0.0,-1.5707964,0.0
1970-01-01 00:00:00.076284465,0.076284465,0.0,0.0,0.0,232.9531,0.0,0.0,0.0,0.0,-1.5707964,0.0
1970-01-01 00:00:00.076398427,0.076398427,0.0,0.0,0.0,226.77985,0.0,0.0,0.0,0.0,-1.5707964,0.0
1970-01-01 00:00:00.076444601,0.076444601,0.0,0.0,0.0,84.5014,0.0,0.0,0.0,0.0,-1.5707964,0.0
1970-01-01 00:00:00.076449234,0.076449234,0.0,0.0,0.0,2189.882,0.0,0.0,0.0,0.0,-1.5707964,0.0
1970-01-01 00:00:00.076469579,0.076469579,0.0,0.0,0.0,403.8635,0.0,0.0,0.0,0.0,-1.5707964,0.0
1970-01-01 00:00:00.076509243,0.076509243,0.0,0.0,0.0,0.0,209.16136,0.0,0.0,0.0,-1.5707964,0.0
1970-01-01 00:00:00.076544579,0.076544579,0.0,0.0,0.0,0.0,132.53555,0.0,0.0,0.0,-1.5707964,0.0
1970-01-01 00:00:00.076567450,0.07656745,0.0,0.0,658.50397,0.0,0.0,0.0,0.0,0.0,-1.5707964,0.0
1970-01-01 00:00:00.076578204,0.076578204,0.0,0.0,0.0,242.35825,0.0,0.0,0.0,0.0,-1.5707964,0.0
1970-01-01 00:00:00.076619694,0.076619694,0.0,197.83038,0.0,0.0,0.0,0.0,0.0,0.0,-1.5707964,0.0
1970-01-01 00:00:00.076686569,0.076686569,0.0,0.0,0.0,108.33584,0.0,0.0,0.0,0.0,-1.5707964,0.0
1970-01-01 00:00:00.076704911,0.076704911,0.0,0.0,0.0,0.0,467.4418,0.0,0.0,0.0,-1.5707964,0.0
1970-01-01 00:00:00.076864058,0.076864058,0.0,211.28886,0.0,0.0,0.0,0.0,0.0,0.0,-1.5707964,0.0
1970-01-01 00:00:00.076884366,0.076884366,0.0,0.0,0.0,0.0,0.0,1072.686,0.0,0.0,-1.5707964,0.0
1970-01-01 00:00:00.077019881,0.077019881,0.0,0.0,548.35626,0.0,0.0,0.0,0.0,0.0,-1.5707964,0.0
1970-01-01 00:00:00.077021962,0.077021962,0.0,0.0,229.36557,0.0,0.0,0.0,0.0,0.0,-1.5707964,0.0
1970-01-01 00:00:00.077027657,0.077027657,0.0,0.0,0.0,0.0,0.0,245.33894,0.0,0.0,-1.5707964,0.0
1970-01-01 00:00:00.077094187,0.077094187,0.0,0.0,0.0,0.0,0.0,347.93332,0.0,0.0,-1.5707964,0.0
1970-01-01 00:00:00.077145263,0.077145263,0.0,0.0,0.0,207.10292,0.0,0.0,0.0,0.0,-1.5707964,0.0
1970-01-01 00:00:00.077208199,0.077208199,0.0,200.31842,0.0,0.0,0.0,0.0,0.0,0.0,-1.5707964,0.0
1970-01-01 00:00:00.077209864,0.077209864,0.0,0.0,0.0,0.0,0.0,149.37213,0.0,0.0,-1.5707964,0.0
1970-01-01 00:00:00.077234034,0.077234034,0.0,0.0,0.0,455.20575,0.0,0.0,0.0,0.0,-1.5707964,0.0
1970-01-01 00:00:00.077263450,0.07726345,0.0,0.0,0.0,104.46891,0.0,0.0,0.0,0.0,-1.5707964,0.0
1970-01-01 00:00:00.077305223,0.077305223,0.0,0.0,0.0,89.651436,0.0,0.0,0.0,0.0,-1.5707964,0.0
1970-01-01 00:00:00.077373901,0.077373901,0.0,0.0,895.50415,0.0,0.0,0.0,0.0,0.0,-1.5707964,0.0
1970-01-01 00:00:00.077379294,0.077379294,0.0,0.0,0.0,550.92316,0.0,0.0,0.0,0.0,-1.5707964,0.0
1970-01-01 00:00:00.077418064,0.077418064,0.0,0.0,91.26726,0.0,0.0,0.0,0.0,0.0,-1.5707964,0.0
1970-01-01 00:00:00.077428570,0.07742857,0.0,0.0,0.0,501.45865,0.0,0.0,0.0,0.0,-1.5707964,0.0
1970-01-01 00:00:00.077444013,0.077444013,0.0,0.0,0.0,126.94918,0.0,0.0,0.0,0.0,-1.5707964,0.0
1970-01-01 00:00:00.077572692,0.077572692,0.0,0.0,0.0,0.0,213.81207,0.0,0.0,0.0,-1.5707964,0.0
1970-01-01 00:00:00.077581288,0.077581288,0.0,0.0,0.0,109.77876,0.0,0.0,0.0,0.0,-1.5707964,0.0
1970-01-01 00:00:00.077679800,0.0776798,0.0,0.0,0.0,90.16391,0.0,0.0,0.0,0.0,-1.5707964,0.0
1970-01-01 00:00:00.077701301,0.077701301,0.0,0.0,0.0,1187.3231,0.0,0.0,0.0,0.0,-1.5707964,0.0
1970-01-01 00:00:00.077796341,0.077796341,0.0,0.0,0.0,0.0,0.0,126.490204,0.0,0.0,-1.5707964,0.0
1970-01-01 00:00:00.077803405,0.077803405,0.0,0.0,0.0,267.2732,0.0,0.0,0.0,0.0,-1.5707964,0.0
1970-01-01 00:00:00.077838591,0.077838591,2334.0881,0.0,0.0,0.0,0.0,0.0,0.0,0.0,-1.5707964,0.0
1970-01-01 00:00:00.077838591,0.077838591,0.0,0.0,0.0,0.0,0.0,178.13574,0.0,0.0,-1.5707964,0.0
1970-01-01 00:00:00.077863631,0.077863631,0.0,0.0,0.0,189.93285,0.0,0.0,0.0,0.0,-1.5707964,0.0
1970-01-01 00:00:00.077942335,0.077942335,0.0,0.0,0.0,200.1301,0.0,0.0,0.0,0.0,-1.5707964,0.0
1970-01-01 00:00:00.077954279,0.077954279,0.0,0.0,0.0,0.0,202.40208,0.0,0.0,0.0,-1.5707964,0.0
1970-01-01 00:00:00.077961506,0.077961506,0.0,0.0,0.0,372.45206,0.0,0.0,0.0,0.0,-1.5707964,0.0
1970-01-01 00:00:00.077977219,0.077977219,0.0,0.0,0.0,0.0,0.0,209.48538,0.0,0.0,-1.5707964,0.0
1970-01-01 00:00:00.077992416,0.077992416,0.0,0.0,0.0,747.99567,0.0,0.0,0.0,0.0,-1.5707964,0.0
1970-01-01 00:00:00.078111962,0.078111962,0.0,0.0,1040.3706,0.0,0.0,0.0,0.0,0.0,-1.5707964,0.0
1970-01-01 00:00:00.078143434,0.078143434,317.05783,0.0,0.0,0.0,0.0,0.0,0.0,0.0,-1.5707964,0.0
1970-01-01 00:00:00.078159928,0.078159928,0.0,0.0,0.0,545.208,0.0,0.0,0.0,0.0,-1.5707964,0.0
1970-01-01 00:00:00.078250943,0.078250943,0.0,93.5982,0.0,0.0,0.0,0.0,0.0,0.0,-1.5707964,0.0
1970-01-01 00:00:00.078312171,0.078312171,1449.2412,0.0,0.0,0.0,0.0,0.0,0.0,0.0,-1.5707964,0.0
1970-01-01 00:00:00.078315710,0.07831571,0.0,0.0,0.0,435.9392,0.0,0.0,0.0,0.0,-1.5707964,0.0
1970-01-01 00:00:00.078390973,0.078390973,0.0,0.0,0.0,0.0,0.0,993.18835,0.0,0.0,-1.5707964,0.0
1970-01-01 00:00:00.078474248,0.078474248,0.0,0.0,0.0,428.12802,0.0,0.0,0.0,0.0,-1.5707964,0.0
1970-01-01 00:00:00.078475927,0.078475927,0.0,463.7523,0.0,0.0,0.0,0.0,0.0,0.0,-1.5707964,0.0
1970-01-01 00:00:00.078500772,0.078500772,0.0,0.0,0.0,0.0,0.0,192.54738,0.0,0.0,-1.5707964,0.0
1970-01-01 00:00:00.078501579,0.078501579,0.0,0.0,0.0,186.1604,0.0,0.0,0.0,0.0,-1.5707964,0.0
1970-01-01 00:00:00.078593705,0.078593705,0.0,0.0,0.0,0.0,0.0,89.46008,0.0,0.0,-1.5707964,0.0
1970-01-01 00:00:00.078690371,0.078690371,0.0,0.0,388.6015,0.0,0.0,0.0,0.0,0.0,-1.5707964,0.0
1970-01-01 00:00:00.078748430,0.07874843,0.0,0.0,0.0,0.0,243.57846,0.0,0.0,0.0,-1.5707964,0.0
1970-01-01 00:00:00.078769689,0.078769689,0.0,0.0,0.0,140.27434,0.0,0.0,0.0,0.0,-1.5707964,0.0
1970-01-01 00:00:00.078787994,0.078787994,0.0,0.0,779.1353,0.0,0.0,0.0,0.0,0.0,-1.5707964,0.0
1970-01-01 00:00:00.078793255,0.078793255,0.0,0.0,0.0,117.85587,0.0,0.0,0.0,0.0,-1.5707964,0.0
1970-01-01 00:00:00.078793255,0.078793255,0.0,0.0,0.0,0.0,0.0,441.40515,0.0,0.0,-1.5707964,0.0
1970-01-01 00:00:00.078802334,0.078802334,1415.1342,0.0,0.0,0.0,0.0,0.0,0.0,0.0,-1.5707964,0.0
1970-01-01 00:00:00.078845221,0.078845221,0.0,0.0,0.0,0.0,0.0,239.9922,0.0,0.0,-1.5707964,0.0
1970-01-01 00:00:00.078894171,0.078894171,0.0,0.0,0.0,349.4303,0.0,0.0,0.0,0.0,-1.5707964,0.0
1970-01-01 00:00:00.078898731,0.078898731,0.0,0.0,737.247,0.0,0.0,0.0,0.0,0.0,-1.5707964,0.0
1970-01-01 00:00:00.078959385,0.078959385,0.0,0.0,250.85872,0.0,0.0,0.0,0.0,0.0,-1.5707964,0.0
1970-01-01 00:00:00.078983487,0.078983487,893.5346,0.0,0.0,0.0,0.0,0.0,0.0,0.0,-1.5707964,0.0
1970-01-01 00:00:00.079006270,0.07900627,0.0,0.0,0.0,0.0,0.0,420.88724,0.0,0.0,-1.5707964,0.0
1970-01-01 00:00:00.079058604,0.079058604,0.0,0.0,0.0,1401.5365,0.0,0.0,0.0,0.0,-1.5707964,0.0
1970-01-01 00:00:00.079059261,0.079059261,0.0,0.0,280.80637,0.0,0.0,0.0,0.0,0.0,-1.5707964,0.0
1970-01-01 00:00:00.079156610,0.07915661,0.0,319.64865,0.0,0.0,0.0,0.0,0.0,0.0,-1.5707964,0.0
1970-01-01 00:00:00.079163513,0.079163513,0.0,0.0,387.76462,0.0,0.0,0.0,0.0,0.0,-1.5707964,0.0
1970-01-01 00:00:00.079172321,0.079172321,0.0,0.0,0.0,0.0,0.0,558.2176,0.0,0.0,-1.5707964,0.0
1970-01-01 00:00:00.079190650,0.07919065,0.0,0.0,0.0,241.6768,0.0,0.0,0.0,0.0,-1.5707964,0.0
1970-01-01 00:00:00.079336403,0.079336403,0.0,0.0,0.0,1377.7749,0.0,0.0,0.0,0.0,-1.5707964,0.0
1970-01-01 00:00:00.079372426,0.079372426,0.0,0.0,235.44829,0.0,0.0,0.0,0.0,0.0,-1.5707964,0.0
1970-01-01 00:00:00.079438980,0.07943898,0.0,0.0,0.0,0.0,0.0,84.58037,0.0,0.0,-1.5707964,0.0
1970-01-01 00:00:00.079504805,0.079504805,0.0,0.0,0.0,357.79245,0.0,0.0,0.0,0.0,-1.5707964,0.0
1970-01-01 00:00:00.079515423,0.079515423,0.0,0.0,0.0,320.05634,0.0,0.0,0.0,0.0,-1.5707964,0.0
1970-01-01 00:00:00.079517536,0.079517536,0.0,0.0,0.0,334.5406,0.0,0.0,0.0,0.0,-1.5707964,0.0
1970-01-01 00:00:00.079560065,0.079560065,0.0,0.0,0.0,227.21802,0.0,0.0,0.0,0.0,-1.5707964,0.0
1970-01-01 00:00:00.079568854,0.079568854,0.0,0.0,0.0,2246.9395,0.0,0.0,0.0,0.0,-1.5707964,0.0
1970-01-01 00:00:00.079640560,0.07964056,0.0,0.0,0.0,0.0,0.0,622.5173,0.0,0.0,-1.5707964,0.0
1970-01-01 00:00:00.079684000,0.079684,0.0,0.0,0.0,346.41293,0.0,0.0,0.0,0.0,-1.5707964,0.0
1970-01-01 00:00:00.079707755,0.079707755,0.0,0.0,0.0,102.383125,0.0,0.0,0.0,0.0,-1.5707964,0.0
1970-01-01 00:00:00.079710755,0.079710755,0.0,0.0,0.0,485.57864,0.0,0.0,0.0,0.0,-1.5707964,0.0
1970-01-01 00:00:00.079713265,0.079713265,0.0,114.565125,0.0,0.0,0.0,0.0,0.0,0.0,-1.5707964,0.0
1970-01-01 00:00:00.079760591,0.079760591,0.0,0.0,0.0,285.46042,0.0,0.0,0.0,0.0,-1.5707964,0.0
1970-01-01 00:00:00.079772152,0.079772152,0.0,0.0,916.57007,0.0,0.0,0.0,0.0,0.0,-1.5707964,0.0
1970-01-01 00:00:00.079784785,0.079784785,0.0,0.0,0.0,151.76958,0.0,0.0,0.0,0.0,-1.5707964,0.0
1970-01-01 00:00:00.079798711,0.079798711,0.0,0.0,0.0,103.66694,0.0,0.0,0.0,0.0,-1.5707964,0.0
1970-01-01 00:00:00.079867507,0.079867507,0.0,0.0,0.0,2091.5276,0.0,0.0,0.0,0.0,-1.5707964,0.0
1970-01-01 00:00:00.079870259,0.079870259,0.0,0.0,0.0,0.0,1166.0626,0.0,0.0,0.0,-1.5707964,0.0
1970-01-01 00:00:00.079953208,0.079953208,0.0,0.0,496.36703,0.0,0.0,0.0,0.0,0.0,-1.5707964,0.0
1970-01-01 00:00:00.079999965,0.079999965,218.3602,0.0,0.0,0.0,0.0,0.0,0.0,0.0,-1.5707964,0.0
1970-01-01 00:00:00.080005133,0.080005133,0.0,0.0,0.0,0.0,202.98268,0.0,0.0,0.0,-1.5707964,0.0
1970-01-01 00:00:00.080034295,0.080034295,0.0,465.51422,0.0,0.0,0.0,0.0,0.0,0.0,-1.5707964,0.0
1970-01-01 00:00:00.080142505,0.080142505,0.0,0.0,0.0,396.3009,0.0,0.0,0.0,0.0,-1.5707964,0.0
1970-01-01 00:00:00.080208333,0.080208333,342.0745,0.0,0.0,0.0,0.0,0.0,0.0,0.0,-1.5707964,0.0
1970-01-01 00:00:00.080211251,0.080211251,0.0,0.0,0.0,0.0,0.0,533.12854,0.0,0.0,-1.5707964,0.0
1970-01-01 00:00:00.080215877,0.080215877,0.0,259.21176,0.0,0.0,0.0,0.0,0.0,0.0,-1.5707964,0.0
1970-01-01 00:00:00.080224090,0.08022409,0.0,0.0,0.0,689.0017,0.0,0.0,0.0,0.0,-1.5707964,0.0
1970-01-01 00:00:00.080328361,0.080328361,0.0,0.0,0.0,0.0,0.0,225.78539,0.0,0.0,-1.5707964,0.0
1970-01-01 00:00:00.080368379,0.080368379,248.75706,0.0,0.0,0.0,0.0,0.0,0.0,0.0,-1.5707964,0.0
1970-01-01 00:00:00.080378473,0.080378473,0.0,0.0,0.0,228.90451,0.0,0.0,0.0,0.0,-1.5707964,0.0
1970-01-01 00:00:00.080412287,0.080412287,0.0,0.0,0.0,0.0,473.45056,0.0,0.0,0.0,-1.5707964,0.0
1970-01-01 00:00:00.080451330,0.08045133,0.0,0.0,0.0,0.0,0.0,512.1558,0.0,0.0,-1.5707964,0.0
1970-01-01 00:00:00.080575147,0.080575147,0.0,0.0,0.0,89.36868,0.0,0.0,0.0,0.0,-1.5707964,0.0
1970-01-01 00:00:00.080610442,0.080610442,0.0,0.0,0.0,106.064224,0.0,0.0,0.0,0.0,-1.5707964,0.0
1970-01-01 00:00:00.080636579,0.080636579,0.0,0.0,696.67676,0.0,0.0,0.0,0.0,0.0,-1.5707964,0.0
1970-01-01 00:00:00.080636657,0.080636657,0.0,0.0,0.0,247.57935,0.0,0.0,0.0,0.0,-1.5707964,0.0
1970-01-01 00:00:00.080694357,0.080694357,0.0,0.0,0.0,436.65784,0.0,0.0,0.0,0.0,-1.5707964,0.0
1970-01-01 00:00:00.080712730,0.08071273,0.0,0.0,0.0,0.0,0.0,348.41162,0.0,0.0,-1.5707964,0.0
1970-01-01 00:00:00.080815647,0.080815647,0.0,0.0,0.0,85.21275,0.0,0.0,0.0,0.0,-1.5707964,0.0
1970-01-01 00:00:00.080820266,0.080820266,0.0,0.0,0.0,0.0,0.0,493.33344,0.0,0.0,-1.5707964,0.0
1970-01-01 00:00:00.080847591,0.080847591,0.0,0.0,0.0,125.73918,0.0,0.0,0.0,0.0,-1.5707964,0.0
1970-01-01 00:00:00.080877386,0.080877386,0.0,0.0,0.0,0.0,0.0,2369.853,0.0,0.0,-1.5707964,0.0
1970-01-01 00:00:00.080944077,0.080944077,0.0,450.14893,0.0,0.0,0.0,0.0,0.0,0.0,-1.5707964,0.0
1970-01-01 00:00:00.080967848,0.080967848,0.0,469.58075,0.0,0.0,0.0,0.0,0.0,0.0,-1.5707964,0.0
1970-01-01 00:00:00.080967848,0.080967848,0.0,517.00885,0.0,0.0,0.0,0.0,0.0,0.0,-1.5707964,0.0
1970-01-01 00:00:00.080969271,0.080969271,0.0,0.0,0.0,0.0,100.40374,0.0,0.0,0.0,-1.5707964,0.0
1970-01-01 00:00:00.081006567,0.081006567,0.0,0.0,0.0,395.87207,0.0,0.0,0.0,0.0,-1.5707964,0.0
1970-01-01 00:00:00.081075951,0.081075951,0.0,0.0,0.0,0.0,403.85358,0.0,0.0,0.0,-1.5707964,0.0
1970-01-01 00:00:00.081190751,0.081190751,0.0,0.0,129.44377,0.0,0.0,0.0,0.0,0.0,-1.5707964,0.0
1970-01-01 00:00:00.081244317,0.081244317,0.0,0.0,0.0,0.0,0.0,489.04016,0.0,0.0,-1.5707964,0.0
1970-01-01 00:00:00.081277527,0.081277527,0.0,0.0,0.0,0.0,0.0,622.29926,0.0,0.0,-1.5707964,0.0
1970-01-01 00:00:00.081277527,0.081277527,0.0,0.0,0.0,0.0,0.0,227.719,0.0,0.0,-1.5707964,0.0
1970-01-01 00:00:00.081415649,0.081415649,0.0,0.0,0.0,569.556,0.0,0.0,0.0,0.0,-1.5707964,0.0
1970-01-01 00:00:00.081430274,0.081430274,0.0,3929.6216,0.0,0.0,0.0,0.0,0.0,0.0,-1.5707964,0.0
1970-01-01 00:00:00.081430274,0.081430274,0.0,0.0,0.0,121.71128,0.0,0.0,0.0,0.0,-1.5707964,0.0
1970-01-01 00:00:00.081470043,0.081470043,0.0,0.0,0.0,0.0,0.0,1092.1287,0.0,0.0,-1.5707964,0.0
1970-01-01 00:00:00.081477904,0.081477904,0.0,0.0,173.8813,0.0,0.0,0.0,0.0,0.0,-1.5707964,0.0
1970-01-01 00:00:00.081533618,0.081533618,0.0,209.50409,0.0,0.0,0.0,0.0,0.0,0.0,-1.5707964,0.0
1970-01-01 00:00:00.081610471,0.081610471,0.0,0.0,0.0,0.0,139.44356,0.0,0.0,0.0,-1.5707964,0.0
1970-01-01 00:00:00.081672029,0.081672029,0.0,0.0,0.0,238.45505,0.0,0.0,0.0,0.0,-1.5707964,0.0
1970-01-01 00:00:00.081831425,0.081831425,0.0,0.0,0.0,263.41327,0.0,0.0,0.0,0.0,-1.5707964,0.0
1970-01-01 00:00:00.081906297,0.081906297,0.0,0.0,0.0,312.6724,0.0,0.0,0.0,0.0,-1.5707964,0.0
1970-01-01 00:00:00.081916327,0.081916327,0.0,0.0,141.06947,0.0,0.0,0.0,0.0,0.0,-1.5707964,0.0
1970-01-01 00:00:00.081954140,0.08195414,0.0,0.0,0.0,0.0,0.0,137.03723,0.0,0.0,-1.5707964,0.0
1970-01-01 00:00:00.081979446,0.081979446,0.0,0.0,0.0,0.0,0.0,726.0122,0.0,0.0,-1.5707964,0.0
1970-01-01 00:00:00.082013925,0.082013925,0.0,0.0,0.0,0.0,178.7231,0.0,0.0,0.0,-1.5707964,0.0
1970-01-01 00:00:00.082018763,0.082018763,0.0,0.0,479.74728,0.0,0.0,0.0,0.0,0.0,-1.5707964,0.0
1970-01-01 00:00:00.082091796,0.082091796,0.0,0.0,0.0,87.01668,0.0,0.0,0.0,0.0,-1.5707964,0.0
1970-01-01 00:00:00.082156964,0.082156964,0.0,0.0,0.0,0.0,0.0,412.8286,0.0,0.0,-1.5707964,0.0
1970-01-01 00:00:00.082193256,0.082193256,0.0,0.0,0.0,102.52062,0.0,0.0,0.0,0.0,-1.5707964,0.0
1970-01-01 00:00:00.082346238,0.082346238,0.0,0.0,450.5136,0.0,0.0,0.0,0.0,0.0,-1.5707964,0.0
1970-01-01 00:00:00.082357084,0.082357084,0.0,0.0,0.0,0.0,0.0,142.00269,0.0,0.0,-1.5707964,0.0
1970-01-01 00:00:00.082357934,0.082357934,0.0,901.015,0.0,0.0,0.0,0.0,0.0,0.0,-1.5707964,0.0
1970-01-01 00:00:00.082420976,0.082420976,0.0,0.0,570.4439,0.0,0.0,0.0,0.0,0.0,-1.5707964,0.0
1970-01-01 00:00:00.082440626,0.082440626,0.0,0.0,0.0,0.0,0.0,1252.2311,0.0,0.0,-1.5707964,0.0
1970-01-01 00:00:00.082465579,0.082465579,0.0,0.0,0.0,1006.0812,0.0,0.0,0.0,0.0,-1.5707964,0.0
1970-01-01 00:00:00.082488779,0.082488779,0.0,0.0,0.0,0.0,0.0,137.50133,0.0,0.0,-1.5707964,0.0
1970-01-01 00:00:00.082509324,0.082509324,0.0,316.84357,0.0,0.0,0.0,0.0,0.0,0.0,-1.5707964,0.0
1970-01-01 00:00:00.082575594,0.082575594,0.0,0.0,199.08008,0.0,0.0,0.0,0.0,0.0,-1.5707964,0.0
1970-01-01 00:00:00.082611921,0.082611921,0.0,261.96228,0.0,0.0,0.0,0.0,0.0,0.0,-1.5707964,0.0
1970-01-01 00:00:00.082660348,0.082660348,0.0,0.0,0.0,256.439,0.0,0.0,0.0,0.0,-1.5707964,0.0
1970-01-01 00:00:00.082706234,0.082706234,0.0,0.0,0.0,0.0,0.0,614.4195,0.0,0.0,-1.5707964,0.0
1970-01-01 00:00:00.082727108,0.082727108,0.0,0.0,0.0,331.41754,0.0,0.0,0.0,0.0,-1.5707964,0.0
1970-01-01 00:00:00.082751905,0.082751905,0.0,0.0,0.0,188.11382,0.0,0.0,0.0,0.0,-1.5707964,0.0
1970-01-01 00:00:00.082901653,0.082901653,0.0,0.0,689.66125,0.0,0.0,0.0,0.0,0.0,-1.5707964,0.0
1970-01-01 00:00:00.082951719,0.082951719,0.0,81.953476,0.0,0.0,0.0,0.0,0.0,0.0,-1.5707964,0.0
1970-01-01 00:00:00.082981807,0.082981807,0.0,0.0,0.0,121.8695,0.0,0.0,0.0,0.0,-1.5707964,0.0
1970-01-01 00:00:00.083047702,0.083047702,0.0,0.0,0.0,96.74269,0.0,0.0,0.0,0.0,-1.5707964,0.0
1970-01-01 00:00:00.083079614,0.083079614,0.0,0.0,0.0,451.6475,0.0,0.0,0.0,0.0,-1.5707964,0.0
1970-01-01 00:00:00.083115998,0.083115998,0.0,80.876205,0.0,0.0,0.0,0.0,0.0,0.0,-1.5707964,0.0
1970-01-01 00:00:00.083190546,0.083190546,0.0,607.8111,0.0,0.0,0.0,0.0,0.0,0.0,-1.5707964,0.0
1970-01-01 00:00:00.083207331,0.083207331,0.0,0.0,0.0,142.95245,0.0,0.0,0.0,0.0,-1.5707964,0.0
1970-01-01 00:00:00.083208805,0.083208805,0.0,0.0,0.0,190.05147,0.0,0.0,0.0,0.0,-1.5707964,0.0
1970-01-01 00:00:00.083276006,0.083276006,0.0,0.0,0.0,0.0,0.0,492.9889,0.0,0.0,-1.5707964,0.0
1970-01-01 00:00:00.083292681,0.083292681,0.0,0.0,0.0,0.0,0.0,638.66113,0.0,0.0,-1.5707964,0.0
1970-01-01 00:00:00.083321482,0.083321482,0.0,0.0,0.0,422.7349,0.0,0.0,0.0,0.0,-1.5707964,0.0
1970-01-01 00:00:00.083345722,0.083345722,0.0,0.0,0.0,0.0,0.0,80.61542,0.0,0.0,-1.5707964,0.0
1970-01-01 00:00:00.083351789,0.083351789,0.0,0.0,0.0,0.0,129.69576,0.0,0.0,0.0,-1.5707964,0.0
1970-01-01 00:00:00.083434250,0.08343425,0.0,0.0,0.0,0.0,0.0,92.45819,0.0,0.0,-1.5707964,0.0
1970-01-01 00:00:00.083435442,0.083435442,0.0,130.30095,0.0,0.0,0.0,0.0,0.0,0.0,-1.5707964,0.0
1970-01-01 00:00:00.083481344,0.083481344,0.0,0.0,285.73062,0.0,0.0,0.0,0.0,0.0,-1.5707964,0.0
1970-01-01 00:00:00.083524952,0.083524952,0.0,0.0,0.0,408.5093,0.0,0.0,0.0,0.0,-1.5707964,0.0
1970-01-01 00:00:00.083553928,0.083553928,0.0,0.0,0.0,352.17245,0.0,0.0,0.0,0.0,-1.5707964,0.0
1970-01-01 00:00:00.083553928,0.083553928,0.0,0.0,0.0,303.2585,0.0,0.0,0.0,0.0,-1.5707964,0.0
1970-01-01 00:00:00.083590750,0.08359075,0.0,0.0,115.40523,0.0,0.0,0.0,0.0,0.0,-1.5707964,0.0
1970-01-01 00:00:00.083609248,0.083609248,0.0,423.2903,0.0,0.0,0.0,0.0,0.0,0.0,-1.5707964,0.0
1970-01-01 00:00:00.083622308,0.083622308,0.0,0.0,0.0,90.027824,0.0,0.0,0.0,0.0,-1.5707964,0.0
1970-01-01 00:00:00.083639791,0.083639791,0.0,0.0,0.0,130.28566,0.0,0.0,0.0,0.0,-1.5707964,0.0
1970-01-01 00:00:00.083647174,0.083647174,0.0,0.0,0.0,199.68802,0.0,0.0,0.0,0.0,-1.5707964,0.0
1970-01-01 00:00:00.083730375,0.083730375,0.0,0.0,410.24582,0.0,0.0,0.0,0.0,0.0,-1.5707964,0.0
1970-01-01 00:00:00.083741440,0.08374144,0.0,0.0,0.0,0.0,0.0,703.8958,0.0,0.0,-1.5707964,0.0
1970-01-01 00:00:00.083746233,0.083746233,0.0,0.0,0.0,180.70578,0.0,0.0,0.0,0.0,-1.5707964,0.0
1970-01-01 00:00:00.083756528,0.083756528,0.0,0.0,0.0,322.82593,0.0,0.0,0.0,0.0,-1.5707964,0.0
1970-01-01 00:00:00.083779263,0.083779263,0.0,0.0,1021.9847,0.0,0.0,0.0,0.0,0.0,-1.5707964,0.0
1970-01-01 00:00:00.083809597,0.083809597,0.0,0.0,216.08339,0.0,0.0,0.0,0.0,0.0,-1.5707964,0.0
1970-01-01 00:00:00.083862140,0.08386214,0.0,0.0,0.0,328.1356,0.0,0.0,0.0,0.0,-1.5707964,0.0
1970-01-01 00:00:00.083898858,0.083898858,318.38983,0.0,0.0,0.0,0.0,0.0,0.0,0.0,-1.5707964,0.0
1970-01-01 00:00:00.083928884,0.083928884,0.0,0.0,0.0,1902.2965,0.0,0.0,0.0,0.0,-1.5707964,0.0
1970-01-01 00:00:00.083962884,0.083962884,0.0,0.0,0.0,548.63074,0.0,0.0,0.0,0.0,-1.5707964,0.0
1970-01-01 00:00:00.083970504,0.083970504,0.0,0.0,0.0,0.0,0.0,215.20746,0.0,0.0,-1.5707964,0.0
1970-01-01 00:00:00.083991459,0.083991459,0.0,0.0,0.0,0.0,425.22882,0.0,0.0,0.0,-1.5707964,0.0
1970-01-01 00:00:00.084027045,0.084027045,0.0,0.0,0.0,344.4237,0.0,0.0,0.0,0.0,-1.5707964,0.0
1970-01-01 00:00:00.084027045,0.084027045,0.0,0.0,0.0,0.0,0.0,584.1654,0.0,0.0,-1.5707964,0.0
1970-01-01 00:00:00.084072996,0.084072996,0.0,0.0,0.0,1475.9403,0.0,0.0,0.0,0.0,-1.5707964,0.0
1970-01-01 00:00:00.084082230,0.08408223,0.0,0.0,0.0,0.0,0.0,546.2813,0.0,0.0,-1.5707964,0.0
1970-01-01 00:00:00.084135000,0.084135,0.0,0.0,762.1165,0.0,0.0,0.0,0.0,0.0,-1.5707964,0.0
1970-01-01 00:00:00.084148299,0.084148299,0.0,0.0,0.0,0.0,0.0,124.845856,0.0,0.0,-1.5707964,0.0
1970-01-01 00:00:00.084194696,0.084194696,0.0,0.0,0.0,148.60834,0.0,0.0,0.0,0.0,-1.5707964,0.0
1970-01-01 00:00:00.084240591,0.084240591,0.0,0.0,0.0,439.92258,0.0,0.0,0.0,0.0,-1.5707964,0.0
1970-01-01 00:00:00.084255371,0.084255371,0.0,624.6187,0.0,0.0,0.0,0.0,0.0,0.0,-1.5707964,0.0
1970-01-01 00:00:00.084452431,0.084452431,0.0,0.0,0.0,0.0,87.96876,0.0,0.0,0.0,-1.5707964,0.0
1970-01-01 00:00:00.084486625,0.084486625,0.0,0.0,0.0,0.0,403.6224,0.0,0.0,0.0,-1.5707964,0.0
1970-01-01 00:00:00.084486625,0.084486625,0.0,0.0,0.0,101.17088,0.0,0.0,0.0,0.0,-1.5707964,0.0
1970-01-01 00:00:00.084487540,0.08448754,0.0,109.50953,0.0,0.0,0.0,0.0,0.0,0.0,-1.5707964,0.0
1970-01-01 00:00:00.084530143,0.084530143,0.0,0.0,293.74344,0.0,0.0,0.0,0.0,0.0,-1.5707964,0.0
1970-01-01 00:00:00.084558367,0.084558367,0.0,0.0,0.0,0.0,0.0,117.30892,0.0,0.0,-1.5707964,0.0
1970-01-01 00:00:00.084561742,0.084561742,0.0,462.51855,0.0,0.0,0.0,0.0,0.0,0.0,-1.5707964,0.0
1970-01-01 00:00:00.084687567,0.084687567,0.0,0.0,0.0,0.0,0.0,109.75291,0.0,0.0,-1.5707964,0.0
1970-01-01 00:00:00.084702440,0.08470244,0.0,0.0,0.0,0.0,0.0,329.82297,0.0,0.0,-1.5707964,0.0
1970-01-01 00:00:00.084780991,0.084780991,0.0,0.0,806.0915,0.0,0.0,0.0,0.0,0.0,-1.5707964,0.0
1970-01-01 00:00:00.084789201,0.084789201,0.0,0.0,0.0,1107.3944,0.0,0.0,0.0,0.0,-1.5707964,0.0
1970-01-01 00:00:00.084846628,0.084846628,0.0,416.98642,0.0,0.0,0.0,0.0,0.0,0.0,-1.5707964,0.0
1970-01-01 00:00:00.084864890,0.08486489,0.0,154.71913,0.0,0.0,0.0,0.0,0.0,0.0,-1.5707964,0.0
1970-01-01 00:00:00.084915117,0.084915117,0.0,0.0,0.0,717.12305,0.0,0.0,0.0,0.0,-1.5707964,0.0
1970-01-01 00:00:00.084922489,0.084922489,0.0,0.0,1164.2543,0.0,0.0,0.0,0.0,0.0,-1.5707964,0.0
1970-01-01 00:00:00.085008149,0.085008149,0.0,0.0,0.0,0.0,0.0,414.17,0.0,0.0,-1.5707964,0.0
1970-01-01 00:00:00.085039581,0.085039581,0.0,0.0,0.0,0.0,0.0,351.21753,0.0,0.0,-1.5707964,0.0
1970-01-01 00:00:00.085045695,0.085045695,0.0,0.0,336.0462,0.0,0.0,0.0,0.0,0.0,-1.5707964,0.0
1970-01-01 00:00:00.085156166,0.085156166,0.0,0.0,0.0,1389.2461,0.0,0.0,0.0,0.0,-1.5707964,0.0
1970-01-01 00:00:00.085196533,0.085196533,0.0,0.0,0.0,0.0,160.33057,0.0,0.0,0.0,-1.5707964,0.0
1970-01-01 00:00:00.085196533,0.085196533,0.0,0.0,0.0,0.0,99.321724,0.0,0.0,0.0,-1.5707964,0.0
1970-01-01 00:00:00.085197413,0.085197413,0.0,0.0,0.0,280.9501,0.0,0.0,0.0,0.0,-1.5707964,0.0
1970-01-01 00:00:00.085216529,0.085216529,0.0,0.0,0.0,524.0938,0.0,0.0,0.0,0.0,-1.5707964,0.0
1970-01-01 00:00:00.085248575,0.085248575,0.0,0.0,0.0,0.0,0.0,1889.7296,0.0,0.0,-1.5707964,0.0
1970-01-01 00:00:00.085312216,0.085312216,0.0,0.0,538.69794,0.0,0.0,0.0,0.0,0.0,-1.5707964,0.0
1970-01-01 00:00:00.085374508,0.085374508,0.0,0.0,0.0,90.40101,0.0,0.0,0.0,0.0,-1.5707964,0.0
1970-01-01 00:00:00.085393252,0.085393252,0.0,0.0,0.0,671.42535,0.0,0.0,0.0,0.0,-1.5707964,0.0
1970-01-01 00:00:00.085481269,0.085481269,0.0,0.0,0.0,741.64386,0.0,0.0,0.0,0.0,-1.5707964,0.0
1970-01-01 00:00:00.085587746,0.085587746,0.0,0.0,0.0,0.0,860.75415,0.0,0.0,0.0,-1.5707964,0.0
1970-01-01 00:00:00.085674486,0.085674486,0.0,114.48741,0.0,0.0,0.0,0.0,0.0,0.0,-1.5707964,0.0
1970-01-01 00:00:00.085713189,0.085713189,0.0,116.334656,0.0,0.0,0.0,0.0,0.0,0.0,-1.5707964,0.0
1970-01-01 00:00:00.085756307,0.085756307,0.0,619.5536,0.0,0.0,0.0,0.0,0.0,0.0,-1.5707964,0.0
1970-01-01 00:00:00.085756307,0.085756307,0.0,0.0,0.0,1478.8828,0.0,0.0,0.0,0.0,-1.5707964,0.0
1970-01-01 00:00:00.085773270,0.08577327,0.0,0.0,0.0,0.0,455.7233,0.0,0.0,0.0,-1.5707964,0.0
1970-01-01 00:00:00.085773270,0.08577327,0.0,0.0,0.0,0.0,0.0,90.088646,0.0,0.0,-1.5707964,0.0
1970-01-01 00:00:00.085778643,0.085778643,0.0,0.0,0.0,112.30292,0.0,0.0,0.0,0.0,-1.5707964,0.0
1970-01-01 00:00:00.085804716,0.085804716,0.0,0.0,0.0,429.61554,0.0,0.0,0.0,0.0,-1.5707964,0.0
1970-01-01 00:00:00.085817947,0.085817947,0.0,0.0,790.3918,0.0,0.0,0.0,0.0,0.0,-1.5707964,0.0
1970-01-01 00:00:00.085887854,0.085887854,0.0,0.0,0.0,0.0,0.0,197.43425,0.0,0.0,-1.5707964,0.0
1970-01-01 00:00:00.085922229,0.085922229,0.0,0.0,0.0,108.97958,0.0,0.0,0.0,0.0,-1.5707964,0.0
1970-01-01 00:00:00.085966284,0.085966284,0.0,0.0,0.0,227.06714,0.0,0.0,0.0,0.0,-1.5707964,0.0
1970-01-01 00:00:00.085992350,0.08599235,0.0,0.0,0.0,212.64777,0.0,0.0,0.0,0.0,-1.5707964,0.0
1970-01-01 00:00:00.086023328,0.086023328,0.0,0.0,0.0,0.0,0.0,116.22445,0.0,0.0,-1.5707964,0.0
1970-01-01 00:00:00.086032953,0.086032953,0.0,0.0,0.0,710.7443,0.0,0.0,0.0,0.0,-1.5707964,0.0
1970-01-01 00:00:00.086079349,0.086079349,0.0,0.0,0.0,0.0,0.0,129.58133,0.0,0.0,-1.5707964,0.0
1970-01-01 00:00:00.086099084,0.086099084,0.0,0.0,0.0,122.96366,0.0,0.0,0.0,0.0,-1.5707964,0.0
1970-01-01 00:00:00.086173832,0.086173832,0.0,0.0,141.84096,0.0,0.0,0.0,0.0,0.0,-1.5707964,0.0
1970-01-01 00:00:00.086206052,0.086206052,0.0,0.0,0.0,85.80552,0.0,0.0,0.0,0.0,-1.5707964,0.0
1970-01-01 00:00:00.086278932,0.086278932,441.85568,0.0,0.0,0.0,0.0,0.0,0.0,0.0,-1.5707964,0.0
1970-01-01 00:00:00.086399769,0.086399769,0.0,0.0,0.0,0.0,593.3322,0.0,0.0,0.0,-1.5707964,0.0
1970-01-01 00:00:00.086417181,0.086417181,0.0,0.0,0.0,608.07605,0.0,0.0,0.0,0.0,-1.5707964,0.0
1970-01-01 00:00:00.086418847,0.086418847,0.0,93.674736,0.0,0.0,0.0,0.0,0.0,0.0,-1.5707964,0.0
1970-01-01 00:00:00.086433401,0.086433401,0.0,0.0,0.0,473.01324,0.0,0.0,0.0,0.0,-1.5707964,0.0
1970-01-01 00:00:00.086439746,0.086439746,0.0,0.0,0.0,0.0,0.0,175.73401,0.0,0.0,-1.5707964,0.0
1970-01-01 00:00:00.086450404,0.086450404,0.0,0.0,0.0,220.51721,0.0,0.0,0.0,0.0,-1.5707964,0.0
1970-01-01 00:00:00.086510792,0.086510792,0.0,0.0,146.1359,0.0,0.0,0.0,0.0,0.0,-1.5707964,0.0
1970-01-01 00:00:00.086714230,0.08671423,0.0,0.0,0.0,0.0,0.0,339.3345,0.0,0.0,-1.5707964,0.0
1970-01-01 00:00:00.086718994,0.086718994,0.0,0.0,175.98103,0.0,0.0,0.0,0.0,0.0,-1.5707964,0.0
1970-01-01 00:00:00.086750759,0.086750759,0.0,0.0,0.0,216.47366,0.0,0.0,0.0,0.0,-1.5707964,0.0
1970-01-01 00:00:00.086858716,0.086858716,0.0,0.0,0.0,306.5878,0.0,0.0,0.0,0.0,-1.5707964,0.0
1970-01-01 00:00:00.086864561,0.086864561,0.0,0.0,309.45288,0.0,0.0,0.0,0.0,0.0,-1.5707964,0.0
1970-01-01 00:00:00.086938912,0.086938912,0.0,0.0,0.0,0.0,0.0,153.2845,0.0,0.0,-1.5707964,0.0
1970-01-01 00:00:00.087054227,0.087054227,0.0,0.0,0.0,0.0,0.0,383.04312,0.0,0.0,-1.5707964,0.0
1970-01-01 00:00:00.087120793,0.087120793,0.0,0.0,0.0,0.0,0.0,1032.3148,0.0,0.0,-1.5707964,0.0
1970-01-01 00:00:00.087137959,0.087137959,0.0,0.0,0.0,86.12203,0.0,0.0,0.0,0.0,-1.5707964,0.0
1970-01-01 00:00:00.087203712,0.087203712,0.0,0.0,0.0,92.903946,0.0,0.0,0.0,0.0,-1.5707964,0.0
1970-01-01 00:00:00.087207843,0.087207843,0.0,0.0,0.0,523.89,0.0,0.0,0.0,0.0,-1.5707964,0.0
1970-01-01 00:00:00.087213030,0.08721303,0.0,0.0,1123.2924,0.0,0.0,0.0,0.0,0.0,-1.5707964,0.0
1970-01-01 00:00:00.087239645,0.087239645,0.0,0.0,0.0,241.38779,0.0,0.0,0.0,0.0,-1.5707964,0.0
1970-01-01 00:00:00.087266261,0.087266261,0.0,0.0,0.0,264.55835,0.0,0.0,0.0,0.0,-1.5707964,0.0
1970-01-01 00:00:00.087280957,0.087280957,0.0,0.0,0.0,315.17963,0.0,0.0,0.0,0.0,-1.5707964,0.0
1970-01-01 00:00:00.087290815,0.087290815,0.0,0.0,0.0,0.0,175.61607,0.0,0.0,0.0,-1.5707964,0.0
1970-01-01 00:00:00.087293058,0.087293058,92.34355,0.0,0.0,0.0,0.0,0.0,0.0,0.0,-1.5707964,0.0
1970-01-01 00:00:00.087309081,0.087309081,0.0,467.36108,0.0,0.0,0.0,0.0,0.0,0.0,-1.5707964,0.0
1970-01-01 00:00:00.087310033,0.087310033,0.0,0.0,0.0,198.80942,0.0,0.0,0.0,0.0,-1.5707964,0.0
1970-01-01 00:00:00.087380301,0.087380301,0.0,0.0,511.67743,0.0,0.0,0.0,0.0,0.0,-1.5707964,0.0
1970-01-01 00:00:00.087408031,0.087408031,0.0,0.0,2436.6406,0.0,0.0,0.0,0.0,0.0,-1.5707964,0.0
1970-01-01 00:00:00.087467328,0.087467328,0.0,0.0,80.430916,0.0,0.0,0.0,0.0,0.0,-1.5707964,0.0
1970-01-01 00:00:00.087494409,0.087494409,0.0,0.0,0.0,82.35787,0.0,0.0,0.0,0.0,-1.5707964,0.0
1970-01-01 00:00:00.087519065,0.087519065,0.0,249.4933,0.0,0.0,0.0,0.0,0.0,0.0,-1.5707964,0.0
1970-01-01 00:00:00.087541554,0.087541554,0.0,0.0,724.25867,0.0,0.0,0.0,0.0,0.0,-1.5707964,0.0
1970-01-01 00:00:00.087544398,0.087544398,0.0,0.0,279.30307,0.0,0.0,0.0,0.0,0.0,-1.5707964,0.0
1970-01-01 00:00:00.087610201,0.087610201,0.0,0.0,0.0,170.93105,0.0,0.0,0.0,0.0,-1.5707964,0.0
1970-01-01 00:00:00.087737874,0.087737874,0.0,0.0,0.0,0.0,559.442,0.0,0.0,0.0,-1.5707964,0.0
1970-01-01 00:00:00.087747290,0.08774729,0.0,0.0,0.0,0.0,133.39815,0.0,0.0,0.0,-1.5707964,0.0
1970-01-01 00:00:00.087777042,0.087777042,0.0,0.0,0.0,733.26337,0.0,0.0,0.0,0.0,-1.5707964,0.0
1970-01-01 00:00:00.087785321,0.087785321,0.0,0.0,0.0,790.8481,0.0,0.0,0.0,0.0,-1.5707964,0.0
1970-01-01 00:00:00.087799398,0.087799398,0.0,0.0,0.0,242.64972,0.0,0.0,0.0,0.0,-1.5707964,0.0
1970-01-01 00:00:00.087807154,0.087807154,0.0,0.0,0.0,0.0,134.35487,0.0,0.0,0.0,-1.5707964,0.0
1970-01-01 00:00:00.087840464,0.087840464,0.0,0.0,0.0,406.261,0.0,0.0,0.0,0.0,-1.5707964,0.0
1970-01-01 00:00:00.087878350,0.08787835,0.0,0.0,0.0,120.95246,0.0,0.0,0.0,0.0,-1.5707964,0.0
1970-01-01 00:00:00.087922789,0.087922789,0.0,0.0,0.0,80.919586,0.0,0.0,0.0,0.0,-1.5707964,0.0
1970-01-01 00:00:00.087938170,0.08793817,0.0,675.3774,0.0,0.0,0.0,0.0,0.0,0.0,-1.5707964,0.0
1970-01-01 00:00:00.087983472,0.087983472,0.0,0.0,0.0,384.43457,0.0,0.0,0.0,0.0,-1.5707964,0.0
1970-01-01 00:00:00.088037884,0.088037884,0.0,0.0,0.0,0.0,0.0,492.02594,0.0,0.0,-1.5707964,0.0
1970-01-01 00:00:00.088097314,0.088097314,0.0,0.0,0.0,112.30833,0.0,0.0,0.0,0.0,-1.5707964,0.0
1970-01-01 00:00:00.088211626,0.088211626,0.0,0.0,0.0,160.39636,0.0,0.0,0.0,0.0,-1.5707964,0.0
1970-01-01 00:00:00.088257883,0.088257883,0.0,0.0,0.0,0.0,0.0,179.75711,0.0,0.0,-1.5707964,0.0
1970-01-01 00:00:00.088269541,0.088269541,0.0,0.0,0.0,0.0,0.0,662.8885,0.0,0.0,-1.5707964,0.0
1970-01-01 00:00:00.088275422,0.088275422,0.0,0.0,0.0,93.58767,0.0,0.0,0.0,0.0,-1.5707964,0.0
1970-01-01 00:00:00.088275422,0.088275422,0.0,0.0,0.0,94.05214,0.0,0.0,0.0,0.0,-1.5707964,0.0
1970-01-01 00:00:00.088353814,0.088353814,0.0,0.0,0.0,0.0,0.0,223.50854,0.0,0.0,-1.5707964,0.0
1970-01-01 00:00:00.088358919,0.088358919,0.0,0.0,0.0,220.56313,0.0,0.0,0.0,0.0,-1.5707964,0.0
1970-01-01 00:00:00.088421827,0.088421827,0.0,0.0,0.0,162.44125,0.0,0.0,0.0,0.0,-1.5707964,0.0
1970-01-01 00:00:00.088444336,0.088444336,0.0,0.0,0.0,131.45065,0.0,0.0,0.0,0.0,-1.5707964,0.0
1970-01-01 00:00:00.088453879,0.088453879,0.0,0.0,0.0,257.66403,0.0,0.0,0.0,0.0,-1.5707964,0.0
1970-01-01 00:00:00.088487634,0.088487634,0.0,0.0,0.0,426.2999,0.0,0.0,0.0,0.0,-1.5707964,0.0
1970-01-01 00:00:00.088494868,0.088494868,0.0,0.0,511.72293,0.0,0.0,0.0,0.0,0.0,-1.5707964,0.0
1970-01-01 00:00:00.088547149,0.088547149,0.0,0.0,796.45135,0.0,0.0,0.0,0.0,0.0,-1.5707964,0.0
1970-01-01 00:00:00.088583153,0.088583153,255.50134,0.0,0.0,0.0,0.0,0.0,0.0,0.0,-1.5707964,0.0
1970-01-01 00:00:00.088597187,0.088597187,0.0,0.0,0.0,97.82842,0.0,0.0,0.0,0.0,-1.5707964,0.0
1970-01-01 00:00:00.088605281,0.088605281,0.0,0.0,0.0,0.0,1158.524,0.0,0.0,0.0,-1.5707964,0.0
1970-01-01 00:00:00.088620818,0.088620818,0.0,0.0,0.0,251.1635,0.0,0.0,0.0,0.0,-1.5707964,0.0
1970-01-01 00:00:00.088624030,0.08862403,0.0,0.0,0.0,0.0,179.11467,0.0,0.0,0.0,-1.5707964,0.0
1970-01-01 00:00:00.088633234,0.088633234,0.0,0.0,0.0,0.0,122.00424,0.0,0.0,0.0,-1.5707964,0.0
1970-01-01 00:00:00.088643439,0.088643439,0.0,252.57095,0.0,0.0,0.0,0.0,0.0,0.0,-1.5707964,0.0
1970-01-01 00:00:00.088648898,0.088648898,0.0,0.0,0.0,933.78784,0.0,0.0,0.0,0.0,-1.5707964,0.0
1970-01-01 00:00:00.088691287,0.088691287,0.0,0.0,1115.8997,0.0,0.0,0.0,0.0,0.0,-1.5707964,0.0
1970-01-01 00:00:00.088714897,0.088714897,0.0,0.0,1301.1155,0.0,0.0,0.0,0.0,0.0,-1.5707964,0.0
1970-01-01 00:00:00.088802483,0.088802483,0.0,0.0,0.0,301.96432,0.0,0.0,0.0,0.0,-1.5707964,0.0
1970-01-01 00:00:00.088821769,0.088821769,0.0,0.0,0.0,0.0,533.6011,0.0,0.0,0.0,-1.5707964,0.0
1970-01-01 00:00:00.088860903,0.088860903,0.0,0.0,332.5635,0.0,0.0,0.0,0.0,0.0,-1.5707964,0.0
1970-01-01 00:00:00.088927887,0.088927887,0.0,0.0,0.0,220.05617,0.0,0.0,0.0,0.0,-1.5707964,0.0
1970-01-01 00:00:00.088966477,0.088966477,0.0,0.0,0.0,1357.6803,0.0,0.0,0.0,0.0,-1.5707964,0.0
1970-01-01 00:00:00.089009581,0.089009581,0.0,0.0,0.0,110.15478,0.0,0.0,0.0,0.0,-1.5707964,0.0
1970-01-01 00:00:00.089013628,0.089013628,0.0,0.0,0.0,0.0,0.0,1574.5947,0.0,0.0,-1.5707964,0.0
1970-01-01 00:00:00.089093215,0.089093215,0.0,0.0,0.0,215.9412,0.0,0.0,0.0,0.0,-1.5707964,0.0
1970-01-01 00:00:00.089130424,0.089130424,0.0,0.0,0.0,0.0,0.0,1382.0608,0.0,0.0,-1.5707964,0.0
1970-01-01 00:00:00.089162375,0.089162375,0.0,99.17648,0.0,0.0,0.0,0.0,0.0,0.0,-1.5707964,0.0
1970-01-01 00:00:00.089163150,0.08916315,0.0,0.0,322.75552,0.0,0.0,0.0,0.0,0.0,-1.5707964,0.0
1970-01-01 00:00:00.089224047,0.089224047,0.0,0.0,252.35439,0.0,0.0,0.0,0.0,0.0,-1.5707964,0.0
1970-01-01 00:00:00.089254337,0.089254337,0.0,0.0,0.0,176.69774,0.0,0.0,0.0,0.0,-1.5707964,0.0
1970-01-01 00:00:00.089308807,0.089308807,0.0,0.0,0.0,286.18417,0.0,0.0,0.0,0.0,-1.5707964,0.0
1970-01-01 00:00:00.089341717,0.089341717,0.0,0.0,404.62503,0.0,0.0,0.0,0.0,0.0,-1.5707964,0.0
1970-01-01 00:00:00.089353118,0.089353118,0.0,0.0,0.0,0.0,0.0,827.78357,0.0,0.0,-1.5707964,0.0
1970-01-01 00:00:00.089375509,0.089375509,0.0,0.0,0.0,684.5062,0.0,0.0,0.0,0.0,-1.5707964,0.0
1970-01-01 00:00:00.089402132,0.089402132,0.0,0.0,0.0,334.56012,0.0,0.0,0.0,0.0,-1.5707964,0.0
1970-01-01 00:00:00.089417735,0.089417735,0.0,0.0,0.0,0.0,221.71039,0.0,0.0,0.0,-1.5707964,0.0
1970-01-01 00:00:00.089452793,0.089452793,0.0,0.0,0.0,618.6486,0.0,0.0,0.0,0.0,-1.5707964,0.0
1970-01-01 00:00:00.089452856,0.089452856,0.0,0.0,1813.2982,0.0,0.0,0.0,0.0,0.0,-1.5707964,0.0
1970-01-01 00:00:00.089493165,0.089493165,0.0,0.0,0.0,0.0,0.0,191.01152,0.0,0.0,-1.5707964,0.0
1970-01-01 00:00:00.089506163,0.089506163,0.0,310.4987,0.0,0.0,0.0,0.0,0.0,0.0,-1.5707964,0.0
1970-01-01 00:00:00.089613198,0.089613198,0.0,0.0,0.0,104.87051,0.0,0.0,0.0,0.0,-1.5707964,0.0
1970-01-01 00:00:00.089622361,0.089622361,0.0,689.2732,0.0,0.0,0.0,0.0,0.0,0.0,-1.5707964,0.0
1970-01-01 00:00:00.089622361,0.089622361,0.0,0.0,0.0,177.2653,0.0,0.0,0.0,0.0,-1.5707964,0.0
1970-01-01 00:00:00.089651634,0.089651634,0.0,0.0,0.0,159.72452,0.0,0.0,0.0,0.0,-1.5707964,0.0
1970-01-01 00:00:00.089664177,0.089664177,0.0,0.0,0.0,0.0,0.0,244.42874,0.0,0.0,-1.5707964,0.0
1970-01-01 00:00:00.089726186,0.089726186,0.0,0.0,502.86432,0.0,0.0,0.0,0.0,0.0,-1.5707964,0.0
1970-01-01 00:00:00.089838683,0.089838683,0.0,0.0,0.0,442.98337,0.0,0.0,0.0,0.0,-1.5707964,0.0
1970-01-01 00:00:00.089908859,0.089908859,0.0,0.0,0.0,272.59204,0.0,0.0,0.0,0.0,-1.5707964,0.0
1970-01-01 00:00:00.089926018,0.089926018,0.0,0.0,0.0,0.0,174.06438,0.0,0.0,0.0,-1.5707964,0.0
1970-01-01 00:00:00.089961174,0.089961174,0.0,1890.0079,0.0,0.0,0.0,0.0,0.0,0.0,-1.5707964,0.0
1970-01-01 00:00:00.090118638,0.090118638,0.0,0.0,0.0,488.32208,0.0,0.0,0.0,0.0,-1.5707964,0.0
1970-01-01 00:00:00.090121234,0.090121234,0.0,0.0,0.0,0.0,110.45168,0.0,0.0,0.0,-1.5707964,0.0
1970-01-01 00:00:00.090233052,0.090233052,0.0,1160.3313,0.0,0.0,0.0,0.0,0.0,0.0,-1.5707964,0.0
1970-01-01 00:00:00.090237409,0.090237409,0.0,0.0,0.0,2114.3982,0.0,0.0,0.0,0.0,-1.5707964,0.0
1970-01-01 00:00:00.090238648,0.090238648,0.0,0.0,0.0,0.0,874.892,0.0,0.0,0.0,-1.5707964,0.0
1970-01-01 00:00:00.090247908,0.090247908,0.0,0.0,0.0,291.50702,0.0,0.0,0.0,0.0,-1.5707964,0.0
1970-01-01 00:00:00.090290202,0.090290202,0.0,0.0,0.0,393.41113,0.0,0.0,0.0,0.0,-1.5707964,0.0
1970-01-01 00:00:00.090298753,0.090298753,0.0,0.0,0.0,0.0,102.97081,0.0,0.0,0.0,-1.5707964,0.0
1970-01-01 00:00:00.090304898,0.090304898,0.0,0.0,220.15144,0.0,0.0,0.0,0.0,0.0,-1.5707964,0.0
1970-01-01 00:00:00.090322853,0.090322853,0.0,0.0,0.0,236.3041,0.0,0.0,0.0,0.0,-1.5707964,0.0
1970-01-01 00:00:00.090324041,0.090324041,0.0,0.0,0.0,0.0,3858.2288,0.0,0.0,0.0,-1.5707964,0.0
1970-01-01 00:00:00.090329251,0.090329251,0.0,0.0,0.0,289.35187,0.0,0.0,0.0,0.0,-1.5707964,0.0
1970-01-01 00:00:00.090361473,0.090361473,0.0,1914.3123,0.0,0.0,0.0,0.0,0.0,0.0,-1.5707964,0.0
1970-01-01 00:00:00.090426484,0.090426484,0.0,0.0,163.19101,0.0,0.0,0.0,0.0,0.0,-1.5707964,0.0
1970-01-01 00:00:00.090426484,0.090426484,0.0,0.0,102.788734,0.0,0.0,0.0,0.0,0.0,-1.5707964,0.0
1970-01-01 00:00:00.090448085,0.090448085,0.0,0.0,0.0,117.0301,0.0,0.0,0.0,0.0,-1.5707964,0.0
1970-01-01 00:00:00.090518451,0.090518451,0.0,0.0,0.0,347.10687,0.0,0.0,0.0,0.0,-1.5707964,0.0
1970-01-01 00:00:00.090573523,0.090573523,0.0,0.0,97.73671,0.0,0.0,0.0,0.0,0.0,-1.5707964,0.0
1970-01-01 00:00:00.090598396,0.090598396,0.0,0.0,0.0,364.1907,0.0,0.0,0.0,0.0,-1.5707964,0.0
1970-01-01 00:00:00.090624997,0.090624997,0.0,0.0,0.0,0.0,0.0,339.22507,0.0,0.0,-1.5707964,0.0
1970-01-01 00:00:00.090760586,0.090760586,0.0,0.0,0.0,464.0599,0.0,0.0,0.0,0.0,-1.5707964,0.0
1970-01-01 00:00:00.090768611,0.090768611,0.0,0.0,0.0,520.2663,0.0,0.0,0.0,0.0,-1.5707964,0.0
1970-01-01 00:00:00.090806933,0.090806933,0.0,0.0,0.0,0.0,489.93674,0.0,0.0,0.0,-1.5707964,0.0
1970-01-01 00:00:00.090941990,0.09094199,0.0,0.0,0.0,926.5646,0.0,0.0,0.0,0.0,-1.5707964,0.0
1970-01-01 00:00:00.091040434,0.091040434,0.0,0.0,0.0,0.0,0.0,1450.7443,0.0,0.0,-1.5707964,0.0
1970-01-01 00:00:00.091040767,0.091040767,0.0,0.0,0.0,460.39096,0.0,0.0,0.0,0.0,-1.5707964,0.0
1970-01-01 00:00:00.091046419,0.091046419,0.0,0.0,0.0,431.4683,0.0,0.0,0.0,0.0,-1.5707964,0.0
1970-01-01 00:00:00.091098322,0.091098322,0.0,0.0,95.88032,0.0,0.0,0.0,0.0,0.0,-1.5707964,0.0
1970-01-01 00:00:00.091113903,0.091113903,0.0,0.0,899.97485,0.0,0.0,0.0,0.0,0.0,-1.5707964,0.0
1970-01-01 00:00:00.091211888,0.091211888,0.0,0.0,0.0,0.0,0.0,464.80518,0.0,0.0,-1.5707964,0.0
1970-01-01 00:00:00.091244632,0.091244632,0.0,0.0,0.0,0.0,0.0,973.71356,0.0,0.0,-1.5707964,0.0
1970-01-01 00:00:00.091306628,0.091306628,0.0,0.0,158.33044,0.0,0.0,0.0,0.0,0.0,-1.5707964,0.0
1970-01-01 00:00:00.091321783,0.091321783,0.0,0.0,850.836,0.0,0.0,0.0,0.0,0.0,-1.5707964,0.0
1970-01-01 00:00:00.091365297,0.091365297,0.0,0.0,0.0,96.59411,0.0,0.0,0.0,0.0,-1.5707964,0.0
1970-01-01 00:00:00.091386226,0.091386226,0.0,0.0,0.0,0.0,0.0,182.84077,0.0,0.0,-1.5707964,0.0
1970-01-01 00:00:00.091398648,0.091398648,0.0,0.0,365.65228,0.0,0.0,0.0,0.0,0.0,-1.5707964,0.0
1970-01-01 00:00:00.091427138,0.091427138,0.0,0.0,0.0,0.0,0.0,464.12207,0.0,0.0,-1.5707964,0.0
1970-01-01 00:00:00.091427138,0.091427138,0.0,0.0,0.0,0.0,0.0,1614.3179,0.0,0.0,-1.5707964,0.0
1970-01-01 00:00:00.091512443,0.091512443,0.0,0.0,439.71774,0.0,0.0,0.0,0.0,0.0,-1.5707964,0.0
1970-01-01 00:00:00.091515162,0.091515162,0.0,0.0,0.0,203.11525,0.0,0.0,0.0,0.0,-1.5707964,0.0
1970-01-01 00:00:00.091516811,0.091516811,0.0,0.0,0.0,237.64821,0.0,0.0,0.0,0.0,-1.5707964,0.0
1970-01-01 00:00:00.091526949,0.091526949,0.0,0.0,0.0,0.0,160.0874,0.0,0.0,0.0,-1.5707964,0.0
1970-01-01 00:00:00.091535102,0.091535102,0.0,0.0,0.0,773.4789,0.0,0.0,0.0,0.0,-1.5707964,0.0
1970-01-01 00:00:00.091544775,0.091544775,0.0,0.0,0.0,0.0,0.0,137.76779,0.0,0.0,-1.5707964,0.0
1970-01-01 00:00:00.091565629,0.091565629,0.0,545.8392,0.0,0.0,0.0,0.0,0.0,0.0,-1.5707964,0.0
1970-01-01 00:00:00.091581695,0.091581695,0.0,0.0,0.0,155.83493,0.0,0.0,0.0,0.0,-1.5707964,0.0
1970-01-01 00:00:00.091582342,0.091582342,0.0,0.0,0.0,155.57455,0.0,0.0,0.0,0.0,-1.5707964,0.0
1970-01-01 00:00:00.091582947,0.091582947,0.0,0.0,0.0,159.50542,0.0,0.0,0.0,0.0,-1.5707964,0.0
1970-01-01 00:00:00.091616846,0.091616846,0.0,0.0,0.0,229.67696,0.0,0.0,0.0,0.0,-1.5707964,0.0
1970-01-01 00:00:00.091661215,0.091661215,0.0,442.9851,0.0,0.0,0.0,0.0,0.0,0.0,-1.5707964,0.0
1970-01-01 00:00:00.091664705,0.091664705,0.0,283.04385,0.0,0.0,0.0,0.0,0.0,0.0,-1.5707964,0.0
1970-01-01 00:00:00.091688849,0.091688849,0.0,0.0,0.0,171.85063,0.0,0.0,0.0,0.0,-1.5707964,0.0
1970-01-01 00:00:00.091720256,0.091720256,0.0,224.65166,0.0,0.0,0.0,0.0,0.0,0.0,-1.5707964,0.0
1970-01-01 00:00:00.091731320,0.09173132,0.0,91.9908,0.0,0.0,0.0,0.0,0.0,0.0,-1.5707964,0.0
1970-01-01 00:00:00.091796520,0.09179652,0.0,0.0,0.0,1709.0759,0.0,0.0,0.0,0.0,-1.5707964,0.0
1970-01-01 00:00:00.091818147,0.091818147,0.0,0.0,156.96455,0.0,0.0,0.0,0.0,0.0,-1.5707964,0.0
1970-01-01 00:00:00.091842250,0.09184225,0.0,0.0,0.0,87.391365,0.0,0.0,0.0,0.0,-1.5707964,0.0
1970-01-01 00:00:00.091931784,0.091931784,0.0,0.0,0.0,0.0,0.0,1676.9423,0.0,0.0,-1.5707964,0.0
1970-01-01 00:00:00.091951039,0.091951039,0.0,0.0,994.17676,0.0,0.0,0.0,0.0,0.0,-1.5707964,0.0
1970-01-01 00:00:00.091985775,0.091985775,0.0,0.0,0.0,363.03137,0.0,0.0,0.0,0.0,-1.5707964,0.0
1970-01-01 00:00:00.091986936,0.091986936,0.0,0.0,86.2338,0.0,0.0,0.0,0.0,0.0,-1.5707964,0.0
1970-01-01 00:00:00.091990203,0.091990203,0.0,0.0,0.0,84.021614,0.0,0.0,0.0,0.0,-1.5707964,0.0
1970-01-01 00:00:00.092027559,0.092027559,0.0,0.0,321.7804,0.0,0.0,0.0,0.0,0.0,-1.5707964,0.0
1970-01-01 00:00:00.092112307,0.092112307,0.0,0.0,0.0,0.0,0.0,153.20142,0.0,0.0,-1.5707964,0.0
1970-01-01 00:00:00.092142824,0.092142824,0.0,0.0,0.0,196.17703,0.0,0.0,0.0,0.0,-1.5707964,0.0
1970-01-01 00:00:00.092146449,0.092146449,0.0,0.0,0.0,2364.947,0.0,0.0,0.0,0.0,-1.5707964,0.0
1970-01-01 00:00:00.092215215,0.092215215,0.0,0.0,0.0,475.26135,0.0,0.0,0.0,0.0,-1.5707964,0.0
1970-01-01 00:00:00.092227330,0.09222733,0.0,0.0,0.0,158.6749,0.0,0.0,0.0,0.0,-1.5707964,0.0
1970-01-01 00:00:00.092258609,0.092258609,0.0,0.0,0.0,0.0,90.36735,0.0,0.0,0.0,-1.5707964,0.0
1970-01-01 00:00:00.092271485,0.092271485,0.0,0.0,0.0,222.98553,0.0,0.0,0.0,0.0,-1.5707964,0.0
1970-01-01 00:00:00.092351041,0.092351041,0.0,0.0,0.0,0.0,0.0,139.16576,0.0,0.0,-1.5707964,0.0
1970-01-01 00:00:00.092408259,0.092408259,0.0,0.0,0.0,710.2572,0.0,0.0,0.0,0.0,-1.5707964,0.0
1970-01-01 00:00:00.092447748,0.092447748,0.0,0.0,0.0,0.0,0.0,203.55147,0.0,0.0,-1.5707964,0.0
1970-01-01 00:00:00.092502970,0.09250297,0.0,0.0,0.0,0.0,0.0,189.61192,0.0,0.0,-1.5707964,0.0
1970-01-01 00:00:00.092510160,0.09251016,0.0,0.0,0.0,0.0,0.0,158.98933,0.0,0.0,-1.5707964,0.0
1970-01-01 00:00:00.092511818,0.092511818,0.0,0.0,0.0,179.13483,0.0,0.0,0.0,0.0,-1.5707964,0.0
1970-01-01 00:00:00.092514963,0.092514963,0.0,0.0,133.82571,0.0,0.0,0.0,0.0,0.0,-1.5707964,0.0
1970-01-01 00:00:00.092516836,0.092516836,165.64311,0.0,0.0,0.0,0.0,0.0,0.0,0.0,-1.5707964,0.0
1970-01-01 00:00:00.092518689,0.092518689,0.0,0.0,164.40482,0.0,0.0,0.0,0.0,0.0,-1.5707964,0.0
1970-01-01 00:00:00.092549591,0.092549591,0.0,0.0,220.20197,0.0,0.0,0.0,0.0,0.0,-1.5707964,0.0
1970-01-01 00:00:00.092599644,0.092599644,0.0,0.0,0.0,0.0,213.06685,0.0,0.0,0.0,-1.5707964,0.0
1970-01-01 00:00:00.092662752,0.092662752,0.0,0.0,0.0,103.37692,0.0,0.0,0.0,0.0,-1.5707964,0.0
1970-01-01 00:00:00.092673035,0.092673035,0.0,0.0,0.0,110.64932,0.0,0.0,0.0,0.0,-1.5707964,0.0
1970-01-01 00:00:00.092795470,0.09279547,0.0,124.15339,0.0,0.0,0.0,0.0,0.0,0.0,-1.5707964,0.0
1970-01-01 00:00:00.092817497,0.092817497,0.0,0.0,86.83449,0.0,0.0,0.0,0.0,0.0,-1.5707964,0.0
1970-01-01 00:00:00.092884848,0.092884848,0.0,0.0,135.33919,0.0,0.0,0.0,0.0,0.0,-1.5707964,0.0
1970-01-01 00:00:00.092912632,0.092912632,0.0,0.0,0.0,227.47495,0.0,0.0,0.0,0.0,-1.5707964,0.0
1970-01-01 00:00:00.092947445,0.092947445,0.0,0.0,0.0,0.0,0.0,1031.1106,0.0,0.0,-1.5707964,0.0
1970-01-01 00:00:00.093002590,0.09300259,0.0,0.0,355.02026,0.0,0.0,0.0,0.0,0.0,-1.5707964,0.0
1970-01-01 00:00:00.093012014,0.093012014,0.0,288.54953,0.0,0.0,0.0,0.0,0.0,0.0,-1.5707964,0.0
1970-01-01 00:00:00.093050278,0.093050278,0.0,0.0,0.0,1016.05536,0.0,0.0,0.0,0.0,-1.5707964,0.0
1970-01-01 00:00:00.093083445,0.093083445,0.0,0.0,0.0,88.17588,0.0,0.0,0.0,0.0,-1.5707964,0.0
1970-01-01 00:00:00.093103205,0.093103205,0.0,0.0,0.0,393.13516,0.0,0.0,0.0,0.0,-1.5707964,0.0
1970-01-01 00:00:00.093111579,0.093111579,0.0,0.0,534.5574,0.0,0.0,0.0,0.0,0.0,-1.5707964,0.0
1970-01-01 00:00:00.093157096,0.093157096,0.0,0.0,0.0,362.3059,0.0,0.0,0.0,0.0,-1.5707964,0.0
1970-01-01 00:00:00.093177103,0.093177103,0.0,124.771614,0.0,0.0,0.0,0.0,0.0,0.0,-1.5707964,0.0
1970-01-01 00:00:00.093183375,0.093183375,0.0,0.0,0.0,284.8418,0.0,0.0,0.0,0.0,-1.5707964,0.0
1970-01-01 00:00:00.093212035,0.093212035,0.0,0.0,0.0,221.76591,0.0,0.0,0.0,0.0,-1.5707964,0.0
1970-01-01 00:00:00.093219678,0.093219678,118.86944,0.0,0.0,0.0,0.0,0.0,0.0,0.0,-1.5707964,0.0
1970-01-01 00:00:00.093234928,0.093234928,0.0,0.0,0.0,0.0,0.0,84.09879,0.0,0.0,-1.5707964,0.0
1970-01-01 00:00:00.093238071,0.093238071,0.0,0.0,0.0,412.03387,0.0,0.0,0.0,0.0,-1.5707964,0.0
1970-01-01 00:00:00.093534711,0.093534711,0.0,0.0,0.0,112.44493,0.0,0.0,0.0,0.0,-1.5707964,0.0
1970-01-01 00:00:00.093578257,0.093578257,0.0,0.0,0.0,1005.5707,0.0,0.0,0.0,0.0,-1.5707964,0.0
1970-01-01 00:00:00.093633931,0.093633931,0.0,0.0,0.0,206.67522,0.0,0.0,0.0,0.0,-1.5707964,0.0
1970-01-01 00:00:00.093660289,0.093660289,0.0,0.0,0.0,0.0,403.62906,0.0,0.0,0.0,-1.5707964,0.0
1970-01-01 00:00:00.093703515,0.093703515,0.0,0.0,0.0,243.42279,0.0,0.0,0.0,0.0,-1.5707964,0.0
1970-01-01 00:00:00.093778687,0.093778687,0.0,0.0,0.0,216.75476,0.0,0.0,0.0,0.0,-1.5707964,0.0
1970-01-01 00:00:00.093809573,0.093809573,0.0,0.0,0.0,204.03119,0.0,0.0,0.0,0.0,-1.5707964,0.0
1970-01-01 00:00:00.093811422,0.093811422,0.0,0.0,0.0,464.5793,0.0,0.0,0.0,0.0,-1.5707964,0.0
1970-01-01 00:00:00.093859939,0.093859939,0.0,0.0,0.0,0.0,0.0,310.4114,0.0,0.0,-1.5707964,0.0
1970-01-01 00:00:00.093926218,0.093926218,0.0,0.0,0.0,245.56873,0.0,0.0,0.0,0.0,-1.5707964,0.0
1970-01-01 00:00:00.093937417,0.093937417,0.0,0.0,0.0,2586.1594,0.0,0.0,0.0,0.0,-1.5707964,0.0
1970-01-01 00:00:00.093986549,0.093986549,0.0,0.0,0.0,0.0,0.0,594.0541,0.0,0.0,-1.5707964,0.0
1970-01-01 00:00:00.094010696,0.094010696,0.0,0.0,0.0,108.67072,0.0,0.0,0.0,0.0,-1.5707964,0.0
1970-01-01 00:00:00.094039646,0.094039646,0.0,0.0,0.0,237.23117,0.0,0.0,0.0,0.0,-1.5707964,0.0
1970-01-01 00:00:00.094041814,0.094041814,2265.7393,0.0,0.0,0.0,0.0,0.0,0.0,0.0,-1.5707964,0.0
1970-01-01 00:00:00.094048120,0.09404812,0.0,0.0,196.58461,0.0,0.0,0.0,0.0,0.0,-1.5707964,0.0
1970-01-01 00:00:00.094069440,0.09406944,0.0,0.0,0.0,1036.0182,0.0,0.0,0.0,0.0,-1.5707964,0.0
1970-01-01 00:00:00.094093602,0.094093602,0.0,0.0,0.0,164.70404,0.0,0.0,0.0,0.0,-1.5707964,0.0
1970-01-01 00:00:00.094271281,0.094271281,0.0,0.0,0.0,0.0,443.37076,0.0,0.0,0.0,-1.5707964,0.0
1970-01-01 00:00:00.094313451,0.094313451,0.0,0.0,929.6425,0.0,0.0,0.0,0.0,0.0,-1.5707964,0.0
1970-01-01 00:00:00.094325212,0.094325212,0.0,297.04507,0.0,0.0,0.0,0.0,0.0,0.0,-1.5707964,0.0
1970-01-01 00:00:00.094371429,0.094371429,0.0,0.0,182.2505,0.0,0.0,0.0,0.0,0.0,-1.5707964,0.0
1970-01-01 00:00:00.094426699,0.094426699,0.0,0.0,0.0,343.39694,0.0,0.0,0.0,0.0,-1.5707964,0.0
1970-01-01 00:00:00.094451318,0.094451318,0.0,0.0,473.23532,0.0,0.0,0.0,0.0,0.0,-1.5707964,0.0
1970-01-01 00:00:00.094483651,0.094483651,0.0,0.0,0.0,176.8313,0.0,0.0,0.0,0.0,-1.5707964,0.0
1970-01-01 00:00:00.094566100,0.0945661,0.0,0.0,0.0,628.23944,0.0,0.0,0.0,0.0,-1.5707964,0.0
1970-01-01 00:00:00.094608285,0.094608285,0.0,87.11556,0.0,0.0,0.0,0.0,0.0,0.0,-1.5707964,0.0
1970-01-01 00:00:00.094618255,0.094618255,0.0,0.0,0.0,167.67183,0.0,0.0,0.0,0.0,-1.5707964,0.0
1970-01-01 00:00:00.094622147,0.094622147,0.0,0.0,0.0,162.3344,0.0,0.0,0.0,0.0,-1.5707964,0.0
1970-01-01 00:00:00.094690024,0.094690024,0.0,0.0,0.0,325.4106,0.0,0.0,0.0,0.0,-1.5707964,0.0
1970-01-01 00:00:00.094710824,0.094710824,0.0,0.0,0.0,344.25336,0.0,0.0,0.0,0.0,-1.5707964,0.0
1970-01-01 00:00:00.094726811,0.094726811,0.0,0.0,0.0,0.0,0.0,321.0894,0.0,0.0,-1.5707964,0.0
1970-01-01 00:00:00.094774364,0.094774364,0.0,0.0,0.0,287.27686,0.0,0.0,0.0,0.0,-1.5707964,0.0
1970-01-01 00:00:00.094834296,0.094834296,0.0,0.0,0.0,0.0,139.36987,0.0,0.0,0.0,-1.5707964,0.0
1970-01-01 00:00:00.094857476,0.094857476,0.0,0.0,0.0,0.0,275.79996,0.0,0.0,0.0,-1.5707964,0.0
1970-01-01 00:00:00.094926985,0.094926985,0.0,0.0,0.0,0.0,0.0,1904.0101,0.0,0.0,-1.5707964,0.0
1970-01-01 00:00:00.095018705,0.095018705,0.0,0.0,0.0,497.3741,0.0,0.0,0.0,0.0,-1.5707964,0.0
1970-01-01 00:00:00.095018975,0.095018975,0.0,0.0,0.0,0.0,0.0,126.172615,0.0,0.0,-1.5707964,0.0
1970-01-01 00:00:00.095053364,0.095053364,0.0,0.0,0.0,0.0,0.0,177.66196,0.0,0.0,-1.5707964,0.0
1970-01-01 00:00:00.095067051,0.095067051,0.0,0.0,291.25583,0.0,0.0,0.0,0.0,0.0,-1.5707964,0.0
1970-01-01 00:00:00.095073426,0.095073426,0.0,0.0,0.0,0.0,583.22314,0.0,0.0,0.0,-1.5707964,0.0
1970-01-01 00:00:00.095100410,0.09510041,0.0,0.0,0.0,398.09708,0.0,0.0,0.0,0.0,-1.5707964,0.0
1970-01-01 00:00:00.095244229,0.095244229,0.0,610.71454,0.0,0.0,0.0,0.0,0.0,0.0,-1.5707964,0.0
1970-01-01 00:00:00.095277161,0.095277161,0.0,0.0,0.0,169.97551,0.0,0.0,0.0,0.0,-1.5707964,0.0
1970-01-01 00:00:00.095288847,0.095288847,0.0,0.0,0.0,86.19566,0.0,0.0,0.0,0.0,-1.5707964,0.0
1970-01-01 00:00:00.095296977,0.095296977,0.0,0.0,0.0,0.0,0.0,321.63806,0.0,0.0,-1.5707964,0.0
1970-01-01 00:00:00.095304943,0.095304943,0.0,201.70763,0.0,0.0,0.0,0.0,0.0,0.0,-1.5707964,0.0
1970-01-01 00:00:00.095328850,0.09532885,0.0,247.69194,0.0,0.0,0.0,0.0,0.0,0.0,-1.5707964,0.0
1970-01-01 00:00:00.095331157,0.095331157,0.0,103.89428,0.0,0.0,0.0,0.0,0.0,0.0,-1.5707964,0.0
1970-01-01 00:00:00.095405403,0.095405403,200.14417,0.0,0.0,0.0,0.0,0.0,0.0,0.0,-1.5707964,0.0
1970-01-01 00:00:00.095599434,0.095599434,0.0,0.0,0.0,552.66534,0.0,0.0,0.0,0.0,-1.5707964,0.0
1970-01-01 00:00:00.095649101,0.095649101,0.0,0.0,0.0,115.17089,0.0,0.0,0.0,0.0,-1.5707964,0.0
1970-01-01 00:00:00.095873595,0.095873595,0.0,0.0,0.0,0.0,173.05829,0.0,0.0,0.0,-1.5707964,0.0
1970-01-01 00:00:00.095932798,0.095932798,0.0,0.0,0.0,0.0,0.0,1319.7334,0.0,0.0,-1.5707964,0.0
1970-01-01 00:00:00.095959639,0.095959639,0.0,0.0,0.0,113.88796,0.0,0.0,0.0,0.0,-1.5707964,0.0
1970-01-01 00:00:00.095970330,0.09597033,0.0,0.0,0.0,242.5715,0.0,0.0,0.0,0.0,-1.5707964,0.0
1970-01-01 00:00:00.096015909,0.096015909,0.0,0.0,0.0,132.38998,0.0,0.0,0.0,0.0,-1.5707964,0.0
1970-01-01 00:00:00.096032425,0.096032425,0.0,0.0,0.0,0.0,0.0,333.56955,0.0,0.0,-1.5707964,0.0
1970-01-01 00:00:00.096053936,0.096053936,0.0,0.0,0.0,0.0,0.0,219.79108,0.0,0.0,-1.5707964,0.0
1970-01-01 00:00:00.096066754,0.096066754,0.0,80.882355,0.0,0.0,0.0,0.0,0.0,0.0,-1.5707964,0.0
1970-01-01 00:00:00.096076923,0.096076923,0.0,0.0,0.0,556.0933,0.0,0.0,0.0,0.0,-1.5707964,0.0
1970-01-01 00:00:00.096099665,0.096099665,0.0,0.0,0.0,80.72282,0.0,0.0,0.0,0.0,-1.5707964,0.0
1970-01-01 00:00:00.096154321,0.096154321,0.0,268.9216,0.0,0.0,0.0,0.0,0.0,0.0,-1.5707964,0.0
1970-01-01 00:00:00.096176864,0.096176864,0.0,0.0,0.0,0.0,0.0,134.9601,0.0,0.0,-1.5707964,0.0
1970-01-01 00:00:00.096258639,0.096258639,0.0,0.0,0.0,0.0,0.0,477.0825,0.0,0.0,-1.5707964,0.0
1970-01-01 00:00:00.096269575,0.096269575,0.0,0.0,281.8513,0.0,0.0,0.0,0.0,0.0,-1.5707964,0.0
1970-01-01 00:00:00.096291303,0.096291303,0.0,0.0,0.0,166.7742,0.0,0.0,0.0,0.0,-1.5707964,0.0
1970-01-01 00:00:00.096335845,0.096335845,0.0,0.0,0.0,318.94168,0.0,0.0,0.0,0.0,-1.5707964,0.0
1970-01-01 00:00:00.096346336,0.096346336,0.0,0.0,785.992,0.0,0.0,0.0,0.0,0.0,-1.5707964,0.0
1970-01-01 00:00:00.096358265,0.096358265,0.0,496.43024,0.0,0.0,0.0,0.0,0.0,0.0,-1.5707964,0.0
1970-01-01 00:00:00.096358265,0.096358265,0.0,0.0,0.0,233.69046,0.0,0.0,0.0,0.0,-1.5707964,0.0
1970-01-01 00:00:00.096397796,0.096397796,0.0,0.0,0.0,501.48444,0.0,0.0,0.0,0.0,-1.5707964,0.0
1970-01-01 00:00:00.096414159,0.096414159,0.0,0.0,0.0,134.60956,0.0,0.0,0.0,0.0,-1.5707964,0.0
1970-01-01 00:00:00.096460318,0.096460318,0.0,0.0,0.0,0.0,138.6473,0.0,0.0,0.0,-1.5707964,0.0
1970-01-01 00:00:00.096472771,0.096472771,0.0,0.0,0.0,275.73502,0.0,0.0,0.0,0.0,-1.5707964,0.0
1970-01-01 00:00:00.096519165,0.096519165,0.0,0.0,215.2795,0.0,0.0,0.0,0.0,0.0,-1.5707964,0.0
1970-01-01 00:00:00.096587430,0.09658743,0.0,0.0,0.0,0.0,573.4343,0.0,0.0,0.0,-1.5707964,0.0
1970-01-01 00:00:00.096630611,0.096630611,0.0,0.0,0.0,0.0,0.0,308.77026,0.0,0.0,-1.5707964,0.0
1970-01-01 00:00:00.096656455,0.096656455,0.0,0.0,0.0,1483.6388,0.0,0.0,0.0,0.0,-1.5707964,0.0
1970-01-01 00:00:00.096691155,0.096691155,0.0,0.0,0.0,0.0,0.0,189.11215,0.0,0.0,-1.5707964,0.0
1970-01-01 00:00:00.096748132,0.096748132,109.498314,0.0,0.0,0.0,0.0,0.0,0.0,0.0,-1.5707964,0.0
1970-01-01 00:00:00.096767504,0.096767504,0.0,0.0,685.0136,0.0,0.0,0.0,0.0,0.0,-1.5707964,0.0
1970-01-01 00:00:00.096791674,0.096791674,0.0,0.0,835.674,0.0,0.0,0.0,0.0,0.0,-1.5707964,0.0
1970-01-01 00:00:00.096799670,0.09679967,0.0,0.0,0.0,171.41368,0.0,0.0,0.0,0.0,-1.5707964,0.0
1970-01-01 00:00:00.096890827,0.096890827,0.0,0.0,0.0,0.0,0.0,825.5188,0.0,0.0,-1.5707964,0.0
1970-01-01 00:00:00.096912633,0.096912633,0.0,0.0,0.0,469.6877,0.0,0.0,0.0,0.0,-1.5707964,0.0
1970-01-01 00:00:00.096960916,0.096960916,273.7657,0.0,0.0,0.0,0.0,0.0,0.0,0.0,-1.5707964,0.0
1970-01-01 00:00:00.096966742,0.096966742,0.0,761.50934,0.0,0.0,0.0,0.0,0.0,0.0,-1.5707964,0.0
1970-01-01 00:00:00.097061142,0.097061142,0.0,0.0,0.0,95.65896,0.0,0.0,0.0,0.0,-1.5707964,0.0
1970-01-01 00:00:00.097062652,0.097062652,0.0,0.0,0.0,0.0,0.0,121.55937,0.0,0.0,-1.5707964,0.0
1970-01-01 00:00:00.097067383,0.097067383,0.0,661.48584,0.0,0.0,0.0,0.0,0.0,0.0,-1.5707964,0.0
1970-01-01 00:00:00.097074963,0.097074963,0.0,0.0,0.0,0.0,0.0,789.39404,0.0,0.0,-1.5707964,0.0
1970-01-01 00:00:00.097079306,0.097079306,0.0,674.82263,0.0,0.0,0.0,0.0,0.0,0.0,-1.5707964,0.0
1970-01-01 00:00:00.097115471,0.097115471,0.0,0.0,0.0,0.0,0.0,207.49922,0.0,0.0,-1.5707964,0.0
1970-01-01 00:00:00.097162642,0.097162642,0.0,0.0,0.0,192.05568,0.0,0.0,0.0,0.0,-1.5707964,0.0
1970-01-01 00:00:00.097187359,0.097187359,938.26764,0.0,0.0,0.0,0.0,0.0,0.0,0.0,-1.5707964,0.0
1970-01-01 00:00:00.097205594,0.097205594,0.0,104.988785,0.0,0.0,0.0,0.0,0.0,0.0,-1.5707964,0.0
1970-01-01 00:00:00.097230022,0.097230022,0.0,0.0,0.0,0.0,0.0,704.75244,0.0,0.0,-1.5707964,0.0
1970-01-01 00:00:00.097233978,0.097233978,0.0,0.0,0.0,856.59393,0.0,0.0,0.0,0.0,-1.5707964,0.0
1970-01-01 00:00:00.097240563,0.097240563,0.0,0.0,0.0,97.90429,0.0,0.0,0.0,0.0,-1.5707964,0.0
1970-01-01 00:00:00.097271558,0.097271558,0.0,0.0,0.0,201.63962,0.0,0.0,0.0,0.0,-1.5707964,0.0
1970-01-01 00:00:00.097290228,0.097290228,0.0,0.0,0.0,0.0,0.0,198.39076,0.0,0.0,-1.5707964,0.0
1970-01-01 00:00:00.097323065,0.097323065,0.0,0.0,0.0,193.1521,0.0,0.0,0.0,0.0,-1.5707964,0.0
1970-01-01 00:00:00.097381561,0.097381561,0.0,0.0,629.8761,0.0,0.0,0.0,0.0,0.0,-1.5707964,0.0
1970-01-01 00:00:00.097447441,0.097447441,0.0,0.0,0.0,499.4431,0.0,0.0,0.0,0.0,-1.5707964,0.0
1970-01-01 00:00:00.097462943,0.097462943,0.0,0.0,139.52415,0.0,0.0,0.0,0.0,0.0,-1.5707964,0.0
1970-01-01 00:00:00.097529746,0.097529746,0.0,0.0,0.0,0.0,0.0,413.56335,0.0,0.0,-1.5707964,0.0
1970-01-01 00:00:00.097579021,0.097579021,0.0,0.0,0.0,0.0,0.0,728.6255,0.0,0.0,-1.5707964,0.0
1970-01-01 00:00:00.097693238,0.097693238,0.0,0.0,0.0,129.269,0.0,0.0,0.0,0.0,-1.5707964,0.0
1970-01-01 00:00:00.097721573,0.097721573,0.0,0.0,0.0,121.869576,0.0,0.0,0.0,0.0,-1.5707964,0.0
1970-01-01 00:00:00.097722111,0.097722111,0.0,0.0,0.0,119.95123,0.0,0.0,0.0,0.0,-1.5707964,0.0
1970-01-01 00:00:00.097799498,0.097799498,0.0,0.0,0.0,918.08105,0.0,0.0,0.0,0.0,-1.5707964,0.0
1970-01-01 00:00:00.097805433,0.097805433,0.0,0.0,89.447296,0.0,0.0,0.0,0.0,0.0,-1.5707964,0.0
1970-01-01 00:00:00.097812724,0.097812724,0.0,0.0,0.0,0.0,117.76377,0.0,0.0,0.0,-1.5707964,0.0
1970-01-01 00:00:00.097874344,0.097874344,0.0,0.0,0.0,369.50153,0.0,0.0,0.0,0.0,-1.5707964,0.0
1970-01-01 00:00:00.097963519,0.097963519,0.0,0.0,0.0,526.8737,0.0,0.0,0.0,0.0,-1.5707964,0.0
1970-01-01 00:00:00.097974131,0.097974131,0.0,0.0,0.0,0.0,0.0,1187.4185,0.0,0.0,-1.5707964,0.0
1970-01-01 00:00:00.097975669,0.097975669,0.0,0.0,0.0,0.0,0.0,221.96121,0.0,0.0,-1.5707964,0.0
1970-01-01 00:00:00.098077184,0.098077184,0.0,0.0,694.76886,0.0,0.0,0.0,0.0,0.0,-1.5707964,0.0
1970-01-01 00:00:00.098082038,0.098082038,0.0,0.0,0.0,197.35077,0.0,0.0,0.0,0.0,-1.5707964,0.0
1970-01-01 00:00:00.098177886,0.098177886,0.0,0.0,545.67694,0.0,0.0,0.0,0.0,0.0,-1.5707964,0.0
1970-01-01 00:00:00.098190370,0.09819037,0.0,0.0,284.0364,0.0,0.0,0.0,0.0,0.0,-1.5707964,0.0
1970-01-01 00:00:00.098217102,0.098217102,0.0,0.0,253.19804,0.0,0.0,0.0,0.0,0.0,-1.5707964,0.0
1970-01-01 00:00:00.098222871,0.098222871,0.0,0.0,0.0,0.0,0.0,171.42104,0.0,0.0,-1.5707964,0.0
1970-01-01 00:00:00.098227971,0.098227971,0.0,0.0,342.6809,0.0,0.0,0.0,0.0,0.0,-1.5707964,0.0
1970-01-01 00:00:00.098265736,0.098265736,0.0,0.0,1724.142,0.0,0.0,0.0,0.0,0.0,-1.5707964,0.0
1970-01-01 00:00:00.098275089,0.098275089,0.0,0.0,0.0,333.3603,0.0,0.0,0.0,0.0,-1.5707964,0.0
1970-01-01 00:00:00.098302336,0.098302336,0.0,0.0,797.7914,0.0,0.0,0.0,0.0,0.0,-1.5707964,0.0
1970-01-01 00:00:00.098360591,0.098360591,0.0,0.0,129.1244,0.0,0.0,0.0,0.0,0.0,-1.5707964,0.0
1970-01-01 00:00:00.098390761,0.098390761,80.13622,0.0,0.0,0.0,0.0,0.0,0.0,0.0,-1.5707964,0.0
1970-01-01 00:00:00.098404384,0.098404384,0.0,0.0,0.0,0.0,823.5031,0.0,0.0,0.0,-1.5707964,0.0
1970-01-01 00:00:00.098423797,0.098423797,0.0,0.0,0.0,265.38058,0.0,0.0,0.0,0.0,-1.5707964,0.0
1970-01-01 00:00:00.098426534,0.098426534,0.0,0.0,0.0,329.07013,0.0,0.0,0.0,0.0,-1.5707964,0.0
1970-01-01 00:00:00.098430439,0.098430439,0.0,0.0,0.0,0.0,1315.1079,0.0,0.0,0.0,-1.5707964,0.0
1970-01-01 00:00:00.098433965,0.098433965,0.0,0.0,881.399,0.0,0.0,0.0,0.0,0.0,-1.5707964,0.0
1970-01-01 00:00:00.098497156,0.098497156,0.0,0.0,0.0,0.0,0.0,556.5504,0.0,0.0,-1.5707964,0.0
1970-01-01 00:00:00.098654718,0.098654718,0.0,386.3843,0.0,0.0,0.0,0.0,0.0,0.0,-1.5707964,0.0
1970-01-01 00:00:00.098654718,0.098654718,0.0,0.0,0.0,249.08281,0.0,0.0,0.0,0.0,-1.5707964,0.0
1970-01-01 00:00:00.098682621,0.098682621,90.306114,0.0,0.0,0.0,0.0,0.0,0.0,0.0,-1.5707964,0.0
1970-01-01 00:00:00.098697165,0.098697165,0.0,0.0,0.0,0.0,0.0,493.24603,0.0,0.0,-1.5707964,0.0
1970-01-01 00:00:00.098712087,0.098712087,0.0,0.0,0.0,0.0,0.0,384.78973,0.0,0.0,-1.5707964,0.0
1970-01-01 00:00:00.098713624,0.098713624,0.0,0.0,0.0,123.65788,0.0,0.0,0.0,0.0,-1.5707964,0.0
1970-01-01 00:00:00.098834512,0.098834512,0.0,0.0,438.05225,0.0,0.0,0.0,0.0,0.0,-1.5707964,0.0
1970-01-01 00:00:00.098864887,0.098864887,0.0,0.0,0.0,466.74536,0.0,0.0,0.0,0.0,-1.5707964,0.0
1970-01-01 00:00:00.098906131,0.098906131,0.0,0.0,0.0,0.0,0.0,359.20926,0.0,0.0,-1.5707964,0.0
1970-01-01 00:00:00.098948232,0.098948232,0.0,0.0,0.0,279.03458,0.0,0.0,0.0,0.0,-1.5707964,0.0
1970-01-01 00:00:00.098992766,0.098992766,0.0,0.0,0.0,95.195724,0.0,0.0,0.0,0.0,-1.5707964,0.0
1970-01-01 00:00:00.099037202,0.099037202,0.0,0.0,0.0,233.70802,0.0,0.0,0.0,0.0,-1.5707964,0.0
1970-01-01 00:00:00.099039840,0.09903984,0.0,169.76862,0.0,0.0,0.0,0.0,0.0,0.0,-1.5707964,0.0
1970-01-01 00:00:00.099053410,0.09905341,0.0,0.0,0.0,417.78925,0.0,0.0,0.0,0.0,-1.5707964,0.0
1970-01-01 00:00:00.099059610,0.09905961,0.0,266.6808,0.0,0.0,0.0,0.0,0.0,0.0,-1.5707964,0.0
1970-01-01 00:00:00.099073866,0.099073866,0.0,215.81044,0.0,0.0,0.0,0.0,0.0,0.0,-1.5707964,0.0
1970-01-01 00:00:00.099076959,0.099076959,0.0,0.0,0.0,205.31958,0.0,0.0,0.0,0.0,-1.5707964,0.0
1970-01-01 00:00:00.099124812,0.099124812,0.0,0.0,0.0,90.67662,0.0,0.0,0.0,0.0,-1.5707964,0.0
1970-01-01 00:00:00.099160220,0.09916022,0.0,0.0,0.0,0.0,0.0,101.32699,0.0,0.0,-1.5707964,0.0
1970-01-01 00:00:00.099185094,0.099185094,0.0,0.0,0.0,0.0,0.0,495.7884,0.0,0.0,-1.5707964,0.0
1970-01-01 00:00:00.099224204,0.099224204,0.0,0.0,0.0,140.13437,0.0,0.0,0.0,0.0,-1.5707964,0.0
1970-01-01 00:00:00.099302541,0.099302541,0.0,0.0,0.0,104.22011,0.0,0.0,0.0,0.0,-1.5707964,0.0
1970-01-01 00:00:00.099364031,0.099364031,0.0,0.0,111.006195,0.0,0.0,0.0,0.0,0.0,-1.5707964,0.0
1970-01-01 00:00:00.099434479,0.099434479,0.0,0.0,155.71317,0.0,0.0,0.0,0.0,0.0,-1.5707964,0.0
1970-01-01 00:00:00.099502528,0.099502528,0.0,0.0,0.0,492.41168,0.0,0.0,0.0,0.0,-1.5707964,0.0
1970-01-01 00:00:00.099508828,0.099508828,0.0,0.0,0.0,0.0,1157.6405,0.0,0.0,0.0,-1.5707964,0.0
1970-01-01 00:00:00.099523660,0.09952366,0.0,420.85095,0.0,0.0,0.0,0.0,0.0,0.0,-1.5707964,0.0
1970-01-01 00:00:00.099523660,0.09952366,0.0,0.0,0.0,273.91702,0.0,0.0,0.0,0.0,-1.5707964,0.0
1970-01-01 00:00:00.099540045,0.099540045,0.0,0.0,0.0,0.0,1233.0912,0.0,0.0,0.0,-1.5707964,0.0
1970-01-01 00:00:00.099540407,0.099540407,0.0,0.0,0.0,219.33101,0.0,0.0,0.0,0.0,-1.5707964,0.0
1970-01-01 00:00:00.099553381,0.099553381,0.0,368.83853,0.0,0.0,0.0,0.0,0.0,0.0,-1.5707964,0.0
1970-01-01 00:00:00.099603561,0.099603561,0.0,0.0,501.47647,0.0,0.0,0.0,0.0,0.0,-1.5707964,0.0
1970-01-01 00:00:00.099617306,0.099617306,0.0,0.0,0.0,0.0,0.0,618.5764,0.0,0.0,-1.5707964,0.0
1970-01-01 00:00:00.099632789,0.099632789,0.0,0.0,84.47425,0.0,0.0,0.0,0.0,0.0,-1.5707964,0.0
1970-01-01 00:00:00.099651948,0.099651948,0.0,0.0,0.0,141.02376,0.0,0.0,0.0,0.0,-1.5707964,0.0
1970-01-01 00:00:00.099651948,0.099651948,0.0,0.0,0.0,664.8532,0.0,0.0,0.0,0.0,-1.5707964,0.0
1970-01-01 00:00:00.099694069,0.099694069,0.0,0.0,0.0,221.11256,0.0,0.0,0.0,0.0,-1.5707964,0.0
1970-01-01 00:00:00.099712556,0.099712556,0.0,0.0,0.0,0.0,0.0,866.2597,0.0,0.0,-1.5707964,0.0
1970-01-01 00:00:00.099780483,0.099780483,0.0,0.0,0.0,334.22867,0.0,0.0,0.0,0.0,-1.5707964,0.0
1970-01-01 00:00:00.099855140,0.09985514,0.0,0.0,0.0,385.01126,0.0,0.0,0.0,0.0,-1.5707964,0.0
1970-01-01 00:00:00.099884417,0.099884417,0.0,0.0,0.0,0.0,80.811966,0.0,0.0,0.0,-1.5707964,0.0
1970-01-01 00:00:00.099919405,0.099919405,0.0,0.0,0.0,508.34195,0.0,0.0,0.0,0.0,-1.5707964,0.0
1970-01-01 00:00:00.099925003,0.099925003,0.0,0.0,0.0,0.0,0.0,528.96344,0.0,0.0,-1.5707964,0.0
1970-01-01 00:00:00.099975236,0.099975236,0.0,0.0,0.0,130.567,0.0,0.0,0.0,0.0,-1.5707964,0.0
1970-01-01 00:00:00.099993532,0.099993532,0.0,0.0,0.0,0.0,0.0,142.57869,0.0,0.0,-1.5707964,0.0
1970-01-01 00:00:00.100114042,0.100114042,0.0,0.0,0.0,0.0,0.0,641.14716,0.0,0.0,-1.5707964,0.0
1970-01-01 00:00:00.100129735,0.100129735,0.0,0.0,0.0,256.4042,0.0,0.0,0.0,0.0,-1.5707964,0.0
1970-01-01 00:00:00.100163032,0.100163032,0.0,0.0,0.0,0.0,151.50716,0.0,0.0,0.0,-1.5707964,0.0
1970-01-01 00:00:00.100187946,0.100187946,0.0,0.0,0.0,0.0,0.0,113.72904,0.0,0.0,-1.5707964,0.0
1970-01-01 00:00:00.100230847,0.100230847,0.0,0.0,0.0,243.18248,0.0,0.0,0.0,0.0,-1.5707964,0.0
1970-01-01 00:00:00.100275198,0.100275198,0.0,0.0,0.0,0.0,0.0,207.3537,0.0,0.0,-1.5707964,0.0
1970-01-01 00:00:00.100330465,0.100330465,0.0,0.0,0.0,0.0,0.0,201.09253,0.0,0.0,-1.5707964,0.0
1970-01-01 00:00:00.100432132,0.100432132,0.0,0.0,0.0,0.0,0.0,181.17496,0.0,0.0,-1.5707964,0.0
1970-01-01 00:00:00.100438150,0.10043815,0.0,0.0,0.0,107.87878,0.0,0.0,0.0,0.0,-1.5707964,0.0
1970-01-01 00:00:00.100477758,0.100477758,0.0,0.0,729.48663,0.0,0.0,0.0,0.0,0.0,-1.5707964,0.0
1970-01-01 00:00:00.100502691,0.100502691,0.0,0.0,0.0,0.0,0.0,548.6187,0.0,0.0,-1.5707964,0.0
1970-01-01 00:00:00.100502691,0.100502691,0.0,0.0,0.0,0.0,0.0,289.89542,0.0,0.0,-1.5707964,0.0
1970-01-01 00:00:00.100538097,0.100538097,0.0,0.0,0.0,209.3245,0.0,0.0,0.0,0.0,-1.5707964,0.0
1970-01-01 00:00:00.100549056,0.100549056,0.0,0.0,0.0,0.0,0.0,609.434,0.0,0.0,-1.5707964,0.0
1970-01-01 00:00:00.100552025,0.100552025,0.0,0.0,554.34595,0.0,0.0,0.0,0.0,0.0,-1.5707964,0.0
1970-01-01 00:00:00.100579862,0.100579862,0.0,0.0,0.0,1272.2084,0.0,0.0,0.0,0.0,-1.5707964,0.0
1970-01-01 00:00:00.100683328,0.100683328,0.0,0.0,0.0,0.0,0.0,307.62546,0.0,0.0,-1.5707964,0.0
1970-01-01 00:00:00.100690066,0.100690066,0.0,0.0,0.0,167.57999,0.0,0.0,0.0,0.0,-1.5707964,0.0
1970-01-01 00:00:00.100695684,0.100695684,0.0,0.0,0.0,253.6077,0.0,0.0,0.0,0.0,-1.5707964,0.0
1970-01-01 00:00:00.100769485,0.100769485,0.0,0.0,0.0,190.79941,0.0,0.0,0.0,0.0,-1.5707964,0.0
1970-01-01 00:00:00.100784866,0.100784866,0.0,0.0,0.0,356.94046,0.0,0.0,0.0,0.0,-1.5707964,0.0
1970-01-01 00:00:00.100793533,0.100793533,0.0,0.0,0.0,0.0,0.0,393.14148,0.0,0.0,-1.5707964,0.0
1970-01-01 00:00:00.100794454,0.100794454,0.0,0.0,0.0,0.0,137.14503,0.0,0.0,0.0,-1.5707964,0.0
1970-01-01 00:00:00.100821986,0.100821986,0.0,0.0,0.0,0.0,582.32684,0.0,0.0,0.0,-1.5707964,0.0
1970-01-01 00:00:00.100876378,0.100876378,0.0,0.0,0.0,0.0,0.0,326.2909,0.0,0.0,-1.5707964,0.0
1970-01-01 00:00:00.100879874,0.100879874,0.0,0.0,498.21448,0.0,0.0,0.0,0.0,0.0,-1.5707964,0.0
1970-01-01 00:00:00.100948153,0.100948153,0.0,0.0,0.0,0.0,0.0,361.62042,0.0,0.0,-1.5707964,0.0
1970-01-01 00:00:00.101052844,0.101052844,0.0,0.0,0.0,0.0,0.0,145.01407,0.0,0.0,-1.5707964,0.0
1970-01-01 00:00:00.101075259,0.101075259,0.0,0.0,0.0,444.81445,0.0,0.0,0.0,0.0,-1.5707964,0.0
1970-01-01 00:00:00.101110457,0.101110457,0.0,0.0,0.0,0.0,0.0,435.67233,0.0,0.0,-1.5707964,0.0
1970-01-01 00:00:00.101121327,0.101121327,0.0,0.0,0.0,517.9707,0.0,0.0,0.0,0.0,-1.5707964,0.0
1970-01-01 00:00:00.101131154,0.101131154,0.0,0.0,189.50346,0.0,0.0,0.0,0.0,0.0,-1.5707964,0.0
1970-01-01 00:00:00.101152266,0.101152266,0.0,0.0,0.0,0.0,123.44463,0.0,0.0,0.0,-1.5707964,0.0
1970-01-01 00:00:00.101155186,0.101155186,0.0,0.0,0.0,165.80014,0.0,0.0,0.0,0.0,-1.5707964,0.0
1970-01-01 00:00:00.101177992,0.101177992,0.0,0.0,0.0,0.0,213.12097,0.0,0.0,0.0,-1.5707964,0.0
1970-01-01 00:00:00.101195668,0.101195668,0.0,0.0,0.0,84.37679,0.0,0.0,0.0,0.0,-1.5707964,0.0
1970-01-01 00:00:00.101198748,0.101198748,0.0,0.0,0.0,0.0,81.40293,0.0,0.0,0.0,-1.5707964,0.0
1970-01-01 00:00:00.101220734,0.101220734,0.0,0.0,0.0,0.0,0.0,163.56572,0.0,0.0,-1.5707964,0.0
1970-01-01 00:00:00.101281184,0.101281184,0.0,0.0,0.0,0.0,0.0,318.22516,0.0,0.0,-1.5707964,0.0
1970-01-01 00:00:00.101325992,0.101325992,0.0,0.0,0.0,281.17554,0.0,0.0,0.0,0.0,-1.5707964,0.0
1970-01-01 00:00:00.101351027,0.101351027,0.0,0.0,0.0,211.91034,0.0,0.0,0.0,0.0,-1.5707964,0.0
1970-01-01 00:00:00.101356800,0.1013568,0.0,0.0,0.0,558.94556,0.0,0.0,0.0,0.0,-1.5707964,0.0
1970-01-01 00:00:00.101366760,0.10136676,0.0,0.0,999.60297,0.0,0.0,0.0,0.0,0.0,-1.5707964,0.0
1970-01-01 00:00:00.101384482,0.101384482,0.0,0.0,0.0,0.0,102.52538,0.0,0.0,0.0,-1.5707964,0.0
1970-01-01 00:00:00.101447651,0.101447651,0.0,0.0,0.0,299.6708,0.0,0.0,0.0,0.0,-1.5707964,0.0
1970-01-01 00:00:00.101485633,0.101485633,0.0,0.0,235.55392,0.0,0.0,0.0,0.0,0.0,-1.5707964,0.0
1970-01-01 00:00:00.101487058,0.101487058,0.0,0.0,0.0,916.7073,0.0,0.0,0.0,0.0,-1.5707964,0.0
1970-01-01 00:00:00.101498380,0.10149838,0.0,0.0,0.0,1141.6355,0.0,0.0,0.0,0.0,-1.5707964,0.0
1970-01-01 00:00:00.101698199,0.101698199,0.0,0.0,0.0,0.0,0.0,403.87827,0.0,0.0,-1.5707964,0.0
1970-01-01 00:00:00.101731368,0.101731368,0.0,0.0,0.0,0.0,0.0,173.5582,0.0,0.0,-1.5707964,0.0
1970-01-01 00:00:00.101788706,0.101788706,0.0,0.0,0.0,106.41131,0.0,0.0,0.0,0.0,-1.5707964,0.0
1970-01-01 00:00:00.101792087,0.101792087,0.0,0.0,0.0,427.82947,0.0,0.0,0.0,0.0,-1.5707964,0.0
1970-01-01 00:00:00.101843794,0.101843794,0.0,0.0,0.0,0.0,4942.0947,0.0,0.0,0.0,-1.5707964,0.0
1970-01-01 00:00:00.101953529,0.101953529,0.0,0.0,163.26422,0.0,0.0,0.0,0.0,0.0,-1.5707964,0.0
1970-01-01 00:00:00.101981131,0.101981131,0.0,0.0,0.0,0.0,1929.966,0.0,0.0,0.0,-1.5707964,0.0
1970-01-01 00:00:00.101988892,0.101988892,0.0,0.0,0.0,122.86514,0.0,0.0,0.0,0.0,-1.5707964,0.0
1970-01-01 00:00:00.101998183,0.101998183,0.0,0.0,0.0,0.0,0.0,115.94628,0.0,0.0,-1.5707964,0.0
1970-01-01 00:00:00.102120941,0.102120941,0.0,0.0,0.0,190.71259,0.0,0.0,0.0,0.0,-1.5707964,0.0
1970-01-01 00:00:00.102134551,0.102134551,0.0,0.0,0.0,2287.6577,0.0,0.0,0.0,0.0,-1.5707964,0.0
1970-01-01 00:00:00.102162746,0.102162746,0.0,0.0,464.15018,0.0,0.0,0.0,0.0,0.0,-1.5707964,0.0
1970-01-01 00:00:00.102207033,0.102207033,0.0,0.0,115.50438,0.0,0.0,0.0,0.0,0.0,-1.5707964,0.0
1970-01-01 00:00:00.102214830,0.10221483,0.0,0.0,0.0,515.03534,0.0,0.0,0.0,0.0,-1.5707964,0.0
1970-01-01 00:00:00.102238278,0.102238278,0.0,0.0,0.0,138.77196,0.0,0.0,0.0,0.0,-1.5707964,0.0
1970-01-01 00:00:00.102303480,0.10230348,0.0,0.0,0.0,273.65555,0.0,0.0,0.0,0.0,-1.5707964,0.0
1970-01-01 00:00:00.102336729,0.102336729,0.0,0.0,120.35551,0.0,0.0,0.0,0.0,0.0,-1.5707964,0.0
1970-01-01 00:00:00.102358283,0.102358283,0.0,0.0,0.0,0.0,0.0,375.02573,0.0,0.0,-1.5707964,0.0
1970-01-01 00:00:00.102424460,0.10242446,0.0,0.0,190.20473,0.0,0.0,0.0,0.0,0.0,-1.5707964,0.0
1970-01-01 00:00:00.102443714,0.102443714,0.0,0.0,0.0,379.27148,0.0,0.0,0.0,0.0,-1.5707964,0.0
1970-01-01 00:00:00.102540575,0.102540575,0.0,0.0,604.4789,0.0,0.0,0.0,0.0,0.0,-1.5707964,0.0
1970-01-01 00:00:00.102542463,0.102542463,0.0,0.0,0.0,0.0,255.82947,0.0,0.0,0.0,-1.5707964,0.0
1970-01-01 00:00:00.102552985,0.102552985,0.0,0.0,0.0,128.53584,0.0,0.0,0.0,0.0,-1.5707964,0.0
1970-01-01 00:00:00.102562489,0.102562489,0.0,0.0,0.0,146.64494,0.0,0.0,0.0,0.0,-1.5707964,0.0
1970-01-01 00:00:00.102591054,0.102591054,0.0,0.0,0.0,119.56439,0.0,0.0,0.0,0.0,-1.5707964,0.0
1970-01-01 00:00:00.102645025,0.102645025,0.0,0.0,0.0,0.0,549.6948,0.0,0.0,0.0,-1.5707964,0.0
1970-01-01 00:00:00.102736782,0.102736782,0.0,0.0,0.0,0.0,180.17712,0.0,0.0,0.0,-1.5707964,0.0
1970-01-01 00:00:00.102838507,0.102838507,0.0,0.0,0.0,0.0,865.7053,0.0,0.0,0.0,-1.5707964,0.0
1970-01-01 00:00:00.102855373,0.102855373,0.0,0.0,0.0,166.84488,0.0,0.0,0.0,0.0,-1.5707964,0.0
1970-01-01 00:00:00.102900732,0.102900732,0.0,0.0,231.87152,0.0,0.0,0.0,0.0,0.0,-1.5707964,0.0
1970-01-01 00:00:00.102910866,0.102910866,0.0,0.0,0.0,711.65497,0.0,0.0,0.0,0.0,-1.5707964,0.0
1970-01-01 00:00:00.102916904,0.102916904,0.0,0.0,0.0,886.08136,0.0,0.0,0.0,0.0,-1.5707964,0.0
1970-01-01 00:00:00.102979110,0.10297911,0.0,0.0,119.55629,0.0,0.0,0.0,0.0,0.0,-1.5707964,0.0
1970-01-01 00:00:00.103009445,0.103009445,0.0,0.0,0.0,0.0,0.0,688.836,0.0,0.0,-1.5707964,0.0
1970-01-01 00:00:00.103033547,0.103033547,0.0,0.0,0.0,0.0,373.03397,0.0,0.0,0.0,-1.5707964,0.0
1970-01-01 00:00:00.103034004,0.103034004,0.0,0.0,0.0,183.93806,0.0,0.0,0.0,0.0,-1.5707964,0.0
1970-01-01 00:00:00.103047874,0.103047874,0.0,0.0,262.16556,0.0,0.0,0.0,0.0,0.0,-1.5707964,0.0
1970-01-01 00:00:00.103083723,0.103083723,0.0,0.0,0.0,343.82513,0.0,0.0,0.0,0.0,-1.5707964,0.0
1970-01-01 00:00:00.103204709,0.103204709,0.0,0.0,0.0,532.6861,0.0,0.0,0.0,0.0,-1.5707964,0.0
1970-01-01 00:00:00.103254783,0.103254783,0.0,0.0,0.0,270.59338,0.0,0.0,0.0,0.0,-1.5707964,0.0
1970-01-01 00:00:00.103271873,0.103271873,0.0,142.69301,0.0,0.0,0.0,0.0,0.0,0.0,-1.5707964,0.0
1970-01-01 00:00:00.103285661,0.103285661,0.0,0.0,0.0,0.0,0.0,189.51611,0.0,0.0,-1.5707964,0.0
1970-01-01 00:00:00.103319529,0.103319529,0.0,0.0,0.0,0.0,0.0,123.85964,0.0,0.0,-1.5707964,0.0
1970-01-01 00:00:00.103392571,0.103392571,0.0,0.0,295.6326,0.0,0.0,0.0,0.0,0.0,-1.5707964,0.0
1970-01-01 00:00:00.103404371,0.103404371,0.0,159.46754,0.0,0.0,0.0,0.0,0.0,0.0,-1.5707964,0.0
1970-01-01 00:00:00.103430216,0.103430216,0.0,0.0,0.0,0.0,0.0,390.98352,0.0,0.0,-1.5707964,0.0
1970-01-01 00:00:00.103446940,0.10344694,0.0,0.0,0.0,0.0,0.0,218.58945,0.0,0.0,-1.5707964,0.0
1970-01-01 00:00:00.103527458,0.103527458,0.0,0.0,0.0,252.77585,0.0,0.0,0.0,0.0,-1.5707964,0.0
1970-01-01 00:00:00.103531020,0.10353102,0.0,0.0,0.0,164.98944,0.0,0.0,0.0,0.0,-1.5707964,0.0
1970-01-01 00:00:00.103602667,0.103602667,149.9718,0.0,0.0,0.0,0.0,0.0,0.0,0.0,-1.5707964,0.0
1970-01-01 00:00:00.103621267,0.103621267,0.0,0.0,0.0,112.120056,0.0,0.0,0.0,0.0,-1.5707964,0.0
1970-01-01 00:00:00.103742125,0.103742125,0.0,0.0,0.0,191.2347,0.0,0.0,0.0,0.0,-1.5707964,0.0
1970-01-01 00:00:00.103792092,0.103792092,0.0,0.0,0.0,202.03017,0.0,0.0,0.0,0.0,-1.5707964,0.0
1970-01-01 00:00:00.103816259,0.103816259,302.10693,0.0,0.0,0.0,0.0,0.0,0.0,0.0,-1.5707964,0.0
1970-01-01 00:00:00.103840874,0.103840874,0.0,0.0,742.3579,0.0,0.0,0.0,0.0,0.0,-1.5707964,0.0
1970-01-01 00:00:00.103855387,0.103855387,0.0,433.5302,0.0,0.0,0.0,0.0,0.0,0.0,-1.5707964,0.0
1970-01-01 00:00:00.103859799,0.103859799,0.0,0.0,0.0,0.0,0.0,444.93414,0.0,0.0,-1.5707964,0.0
1970-01-01 00:00:00.103868987,0.103868987,0.0,0.0,0.0,694.5259,0.0,0.0,0.0,0.0,-1.5707964,0.0
1970-01-01 00:00:00.103898053,0.103898053,0.0,0.0,0.0,426.54688,0.0,0.0,0.0,0.0,-1.5707964,0.0
1970-01-01 00:00:00.103906341,0.103906341,0.0,0.0,0.0,202.95706,0.0,0.0,0.0,0.0,-1.5707964,0.0
1970-01-01 00:00:00.103909274,0.103909274,0.0,0.0,0.0,0.0,191.71968,0.0,0.0,0.0,-1.5707964,0.0
1970-01-01 00:00:00.103917192,0.103917192,0.0,0.0,0.0,105.60266,0.0,0.0,0.0,0.0,-1.5707964,0.0
1970-01-01 00:00:00.103989667,0.103989667,0.0,0.0,237.03506,0.0,0.0,0.0,0.0,0.0,-1.5707964,0.0
1970-01-01 00:00:00.103992937,0.103992937,0.0,0.0,0.0,0.0,0.0,162.16862,0.0,0.0,-1.5707964,0.0
1970-01-01 00:00:00.104000926,0.104000926,0.0,393.35983,0.0,0.0,0.0,0.0,0.0,0.0,-1.5707964,0.0
1970-01-01 00:00:00.104007888,0.104007888,0.0,0.0,0.0,0.0,0.0,2744.6235,0.0,0.0,-1.5707964,0.0
1970-01-01 00:00:00.104074071,0.104074071,0.0,0.0,0.0,875.6063,0.0,0.0,0.0,0.0,-1.5707964,0.0
1970-01-01 00:00:00.104084599,0.104084599,0.0,0.0,0.0,128.67897,0.0,0.0,0.0,0.0,-1.5707964,0.0
1970-01-01 00:00:00.104085678,0.104085678,0.0,99.97862,0.0,0.0,0.0,0.0,0.0,0.0,-1.5707964,0.0
1970-01-01 00:00:00.104099736,0.104099736,0.0,0.0,0.0,0.0,0.0,97.82505,0.0,0.0,-1.5707964,0.0
1970-01-01 00:00:00.104119062,0.104119062,0.0,519.93866,0.0,0.0,0.0,0.0,0.0,0.0,-1.5707964,0.0
1970-01-01 00:00:00.104119062,0.104119062,0.0,0.0,0.0,0.0,778.64667,0.0,0.0,0.0,-1.5707964,0.0
1970-01-01 00:00:00.104146334,0.104146334,0.0,0.0,0.0,909.88965,0.0,0.0,0.0,0.0,-1.5707964,0.0
1970-01-01 00:00:00.104156593,0.104156593,0.0,0.0,436.80127,0.0,0.0,0.0,0.0,0.0,-1.5707964,0.0
1970-01-01 00:00:00.104175463,0.104175463,0.0,233.36276,0.0,0.0,0.0,0.0,0.0,0.0,-1.5707964,0.0
1970-01-01 00:00:00.104207094,0.104207094,0.0,0.0,0.0,0.0,0.0,524.88025,0.0,0.0,-1.5707964,0.0
1970-01-01 00:00:00.104237652,0.104237652,0.0,0.0,0.0,242.26784,0.0,0.0,0.0,0.0,-1.5707964,0.0
1970-01-01 00:00:00.104239066,0.104239066,0.0,0.0,0.0,0.0,373.38852,0.0,0.0,0.0,-1.5707964,0.0
1970-01-01 00:00:00.104273458,0.104273458,0.0,461.9028,0.0,0.0,0.0,0.0,0.0,0.0,-1.5707964,0.0
1970-01-01 00:00:00.104273458,0.104273458,0.0,0.0,0.0,0.0,560.2139,0.0,0.0,0.0,-1.5707964,0.0
1970-01-01 00:00:00.104306054,0.104306054,0.0,0.0,0.0,0.0,0.0,174.99728,0.0,0.0,-1.5707964,0.0
1970-01-01 00:00:00.104324474,0.104324474,0.0,0.0,377.78784,0.0,0.0,0.0,0.0,0.0,-1.5707964,0.0
1970-01-01 00:00:00.104454717,0.104454717,0.0,224.51952,0.0,0.0,0.0,0.0,0.0,0.0,-1.5707964,0.0
1970-01-01 00:00:00.104555019,0.104555019,0.0,0.0,0.0,422.81818,0.0,0.0,0.0,0.0,-1.5707964,0.0
1970-01-01 00:00:00.104564557,0.104564557,0.0,0.0,0.0,405.49823,0.0,0.0,0.0,0.0,-1.5707964,0.0
1970-01-01 00:00:00.104619568,0.104619568,0.0,106.37289,0.0,0.0,0.0,0.0,0.0,0.0,-1.5707964,0.0
1970-01-01 00:00:00.104634450,0.10463445,0.0,0.0,0.0,327.2404,0.0,0.0,0.0,0.0,-1.5707964,0.0
1970-01-01 00:00:00.104636032,0.104636032,0.0,0.0,358.0496,0.0,0.0,0.0,0.0,0.0,-1.5707964,0.0
1970-01-01 00:00:00.104683441,0.104683441,0.0,0.0,0.0,335.6282,0.0,0.0,0.0,0.0,-1.5707964,0.0
1970-01-01 00:00:00.104715433,0.104715433,0.0,0.0,0.0,193.4378,0.0,0.0,0.0,0.0,-1.5707964,0.0
1970-01-01 00:00:00.104752401,0.104752401,0.0,0.0,0.0,0.0,159.2385,0.0,0.0,0.0,-1.5707964,0.0
1970-01-01 00:00:00.104837891,0.104837891,0.0,0.0,0.0,356.85422,0.0,0.0,0.0,0.0,-1.5707964,0.0
1970-01-01 00:00:00.104841193,0.104841193,0.0,0.0,0.0,295.50217,0.0,0.0,0.0,0.0,-1.5707964,0.0
1970-01-01 00:00:00.104885022,0.104885022,0.0,0.0,0.0,305.15872,0.0,0.0,0.0,0.0,-1.5707964,0.0
1970-01-01 00:00:00.104911505,0.104911505,0.0,0.0,0.0,0.0,0.0,457.5145,0.0,0.0,-1.5707964,0.0
1970-01-01 00:00:00.104913880,0.10491388,0.0,0.0,0.0,297.69876,0.0,0.0,0.0,0.0,-1.5707964,0.0
1970-01-01 00:00:00.104948157,0.104948157,0.0,0.0,0.0,320.0154,0.0,0.0,0.0,0.0,-1.5707964,0.0
1970-01-01 00:00:00.104966700,0.1049667,0.0,0.0,0.0,286.5329,0.0,0.0,0.0,0.0,-1.5707964,0.0
1970-01-01 00:00:00.105034793,0.105034793,0.0,626.02277,0.0,0.0,0.0,0.0,0.0,0.0,-1.5707964,0.0
1970-01-01 00:00:00.105037468,0.105037468,0.0,0.0,0.0,344.16153,0.0,0.0,0.0,0.0,-1.5707964,0.0
1970-01-01 00:00:00.105044743,0.105044743,0.0,0.0,0.0,0.0,0.0,244.59998,0.0,0.0,-1.5707964,0.0
1970-01-01 00:00:00.105044954,0.105044954,0.0,304.97055,0.0,0.0,0.0,0.0,0.0,0.0,-1.5707964,0.0
1970-01-01 00:00:00.105054166,0.105054166,0.0,0.0,237.90636,0.0,0.0,0.0,0.0,0.0,-1.5707964,0.0
1970-01-01 00:00:00.105095252,0.105095252,0.0,0.0,164.56816,0.0,0.0,0.0,0.0,0.0,-1.5707964,0.0
1970-01-01 00:00:00.105136779,0.105136779,0.0,0.0,0.0,1696.8274,0.0,0.0,0.0,0.0,-1.5707964,0.0
1970-01-01 00:00:00.105218898,0.105218898,0.0,0.0,0.0,140.00482,0.0,0.0,0.0,0.0,-1.5707964,0.0
1970-01-01 00:00:00.105239294,0.105239294,0.0,0.0,0.0,136.36989,0.0,0.0,0.0,0.0,-1.5707964,0.0
1970-01-01 00:00:00.105244194,0.105244194,0.0,0.0,0.0,123.37131,0.0,0.0,0.0,0.0,-1.5707964,0.0
1970-01-01 00:00:00.105341620,0.10534162,0.0,0.0,181.35785,0.0,0.0,0.0,0.0,0.0,-1.5707964,0.0
1970-01-01 00:00:00.105361186,0.105361186,0.0,0.0,0.0,0.0,0.0,167.82922,0.0,0.0,-1.5707964,0.0
1970-01-01 00:00:00.105400541,0.105400541,0.0,0.0,195.71275,0.0,0.0,0.0,0.0,0.0,-1.5707964,0.0
1970-01-01 00:00:00.105461579,0.105461579,0.0,0.0,0.0,0.0,0.0,86.352585,0.0,0.0,-1.5707964,0.0
1970-01-01 00:00:00.105487857,0.105487857,0.0,0.0,0.0,0.0,0.0,157.11017,0.0,0.0,-1.5707964,0.0
1970-01-01 00:00:00.105494837,0.105494837,0.0,0.0,0.0,130.8205,0.0,0.0,0.0,0.0,-1.5707964,0.0
1970-01-01 00:00:00.105518725,0.105518725,0.0,0.0,0.0,0.0,0.0,222.11903,0.0,0.0,-1.5707964,0.0
1970-01-01 00:00:00.105543999,0.105543999,0.0,0.0,0.0,93.584145,0.0,0.0,0.0,0.0,-1.5707964,0.0
1970-01-01 00:00:00.105568622,0.105568622,0.0,0.0,0.0,248.59457,0.0,0.0,0.0,0.0,-1.5707964,0.0
1970-01-01 00:00:00.105629197,0.105629197,0.0,0.0,0.0,313.80817,0.0,0.0,0.0,0.0,-1.5707964,0.0
1970-01-01 00:00:00.105632970,0.10563297,0.0,113.13102,0.0,0.0,0.0,0.0,0.0,0.0,-1.5707964,0.0
1970-01-01 00:00:00.105657262,0.105657262,0.0,0.0,0.0,144.05602,0.0,0.0,0.0,0.0,-1.5707964,0.0
1970-01-01 00:00:00.105658497,0.105658497,0.0,0.0,0.0,844.7214,0.0,0.0,0.0,0.0,-1.5707964,0.0
1970-01-01 00:00:00.105682768,0.105682768,0.0,0.0,0.0,0.0,136.58272,0.0,0.0,0.0,-1.5707964,0.0
1970-01-01 00:00:00.105776101,0.105776101,0.0,0.0,0.0,0.0,94.58157,0.0,0.0,0.0,-1.5707964,0.0
1970-01-01 00:00:00.105811523,0.105811523,0.0,0.0,0.0,368.922,0.0,0.0,0.0,0.0,-1.5707964,0.0
1970-01-01 00:00:00.105870597,0.105870597,0.0,0.0,0.0,0.0,0.0,80.59931,0.0,0.0,-1.5707964,0.0
1970-01-01 00:00:00.105878928,0.105878928,0.0,0.0,0.0,0.0,0.0,385.22913,0.0,0.0,-1.5707964,0.0
1970-01-01 00:00:00.105905854,0.105905854,0.0,0.0,0.0,0.0,1591.3229,0.0,0.0,0.0,-1.5707964,0.0
1970-01-01 00:00:00.105923890,0.10592389,0.0,0.0,1788.803,0.0,0.0,0.0,0.0,0.0,-1.5707964,0.0
1970-01-01 00:00:00.105925835,0.105925835,0.0,0.0,0.0,0.0,514.0926,0.0,0.0,0.0,-1.5707964,0.0
1970-01-01 00:00:00.105937297,0.105937297,0.0,0.0,0.0,204.22693,0.0,0.0,0.0,0.0,-1.5707964,0.0
1970-01-01 00:00:00.105939801,0.105939801,0.0,0.0,0.0,0.0,0.0,162.37445,0.0,0.0,-1.5707964,0.0
1970-01-01 00:00:00.105959105,0.105959105,0.0,0.0,0.0,234.85313,0.0,0.0,0.0,0.0,-1.5707964,0.0
1970-01-01 00:00:00.105969016,0.105969016,0.0,0.0,0.0,616.68787,0.0,0.0,0.0,0.0,-1.5707964,0.0
1970-01-01 00:00:00.105973399,0.105973399,0.0,0.0,0.0,0.0,0.0,86.92523,0.0,0.0,-1.5707964,0.0
1970-01-01 00:00:00.105988246,0.105988246,0.0,0.0,0.0,98.33439,0.0,0.0,0.0,0.0,-1.5707964,0.0
1970-01-01 00:00:00.106044186,0.106044186,0.0,0.0,0.0,143.94398,0.0,0.0,0.0,0.0,-1.5707964,0.0
1970-01-01 00:00:00.106093716,0.106093716,0.0,0.0,0.0,381.66434,0.0,0.0,0.0,0.0,-1.5707964,0.0
1970-01-01 00:00:00.106104833,0.106104833,0.0,565.8228,0.0,0.0,0.0,0.0,0.0,0.0,-1.5707964,0.0
1970-01-01 00:00:00.106121814,0.106121814,0.0,0.0,450.6398,0.0,0.0,0.0,0.0,0.0,-1.5707964,0.0
1970-01-01 00:00:00.106149264,0.106149264,0.0,0.0,0.0,141.1748,0.0,0.0,0.0,0.0,-1.5707964,0.0
1970-01-01 00:00:00.106149479,0.106149479,0.0,0.0,171.99843,0.0,0.0,0.0,0.0,0.0,-1.5707964,0.0
1970-01-01 00:00:00.106217226,0.106217226,2791.638,0.0,0.0,0.0,0.0,0.0,0.0,0.0,-1.5707964,0.0
1970-01-01 00:00:00.106226022,0.106226022,0.0,0.0,0.0,0.0,634.0822,0.0,0.0,0.0,-1.5707964,0.0
1970-01-01 00:00:00.106233321,0.106233321,0.0,0.0,0.0,220.34663,0.0,0.0,0.0,0.0,-1.5707964,0.0
1970-01-01 00:00:00.106242643,0.106242643,0.0,0.0,0.0,0.0,0.0,90.67497,0.0,0.0,-1.5707964,0.0
1970-01-01 00:00:00.106320568,0.106320568,0.0,0.0,0.0,257.44376,0.0,0.0,0.0,0.0,-1.5707964,0.0
1970-01-01 00:00:00.106363697,0.106363697,0.0,0.0,0.0,0.0,132.58969,0.0,0.0,0.0,-1.5707964,0.0
1970-01-01 00:00:00.106375475,0.106375475,0.0,0.0,0.0,0.0,0.0,840.6102,0.0,0.0,-1.5707964,0.0
1970-01-01 00:00:00.106392758,0.106392758,0.0,0.0,0.0,0.0,0.0,82.05235,0.0,0.0,-1.5707964,0.0
1970-01-01 00:00:00.106400741,0.106400741,187.6456,0.0,0.0,0.0,0.0,0.0,0.0,0.0,-1.5707964,0.0
1970-01-01 00:00:00.106539406,0.106539406,0.0,0.0,0.0,0.0,0.0,940.3762,0.0,0.0,-1.5707964,0.0
1970-01-01 00:00:00.106598183,0.106598183,0.0,0.0,0.0,401.8175,0.0,0.0,0.0,0.0,-1.5707964,0.0
1970-01-01 00:00:00.106632240,0.10663224,0.0,0.0,0.0,154.13342,0.0,0.0,0.0,0.0,-1.5707964,0.0
1970-01-01 00:00:00.106640080,0.10664008,0.0,0.0,0.0,384.73972,0.0,0.0,0.0,0.0,-1.5707964,0.0
1970-01-01 00:00:00.106732643,0.106732643,0.0,0.0,0.0,0.0,1248.9031,0.0,0.0,0.0,-1.5707964,0.0
1970-01-01 00:00:00.106734957,0.106734957,0.0,0.0,452.12305,0.0,0.0,0.0,0.0,0.0,-1.5707964,0.0
1970-01-01 00:00:00.106739532,0.106739532,0.0,0.0,0.0,498.4987,0.0,0.0,0.0,0.0,-1.5707964,0.0
1970-01-01 00:00:00.106778981,0.106778981,0.0,783.5169,0.0,0.0,0.0,0.0,0.0,0.0,-1.5707964,0.0
1970-01-01 00:00:00.106780673,0.106780673,0.0,0.0,121.32691,0.0,0.0,0.0,0.0,0.0,-1.5707964,0.0
1970-01-01 00:00:00.106792449,0.106792449,0.0,0.0,83.41855,0.0,0.0,0.0,0.0,0.0,-1.5707964,0.0
1970-01-01 00:00:00.106803553,0.106803553,0.0,0.0,0.0,122.343575,0.0,0.0,0.0,0.0,-1.5707964,0.0
1970-01-01 00:00:00.106825389,0.106825389,0.0,0.0,0.0,228.85991,0.0,0.0,0.0,0.0,-1.5707964,0.0
1970-01-01 00:00:00.106890821,0.106890821,0.0,0.0,558.4715,0.0,0.0,0.0,0.0,0.0,-1.5707964,0.0
1970-01-01 00:00:00.106918724,0.106918724,0.0,88.40888,0.0,0.0,0.0,0.0,0.0,0.0,-1.5707964,0.0
1970-01-01 00:00:00.106935441,0.106935441,0.0,0.0,0.0,105.50543,0.0,0.0,0.0,0.0,-1.5707964,0.0
1970-01-01 00:00:00.106935845,0.106935845,0.0,0.0,0.0,0.0,0.0,149.56392,0.0,0.0,-1.5707964,0.0
1970-01-01 00:00:00.106948372,0.106948372,0.0,0.0,0.0,0.0,0.0,152.28552,0.0,0.0,-1.5707964,0.0
1970-01-01 00:00:00.106962867,0.106962867,0.0,0.0,0.0,0.0,0.0,543.535,0.0,0.0,-1.5707964,0.0
1970-01-01 00:00:00.106987095,0.106987095,0.0,0.0,0.0,538.73474,0.0,0.0,0.0,0.0,-1.5707964,0.0
1970-01-01 00:00:00.107024030,0.10702403,0.0,0.0,0.0,303.1138,0.0,0.0,0.0,0.0,-1.5707964,0.0
1970-01-01 00:00:00.107026060,0.10702606,0.0,0.0,0.0,0.0,0.0,572.73834,0.0,0.0,-1.5707964,0.0
1970-01-01 00:00:00.107041360,0.10704136,0.0,0.0,0.0,654.89954,0.0,0.0,0.0,0.0,-1.5707964,0.0
1970-01-01 00:00:00.107071557,0.107071557,0.0,0.0,789.82104,0.0,0.0,0.0,0.0,0.0,-1.5707964,0.0
1970-01-01 00:00:00.107128417,0.107128417,0.0,0.0,116.06159,0.0,0.0,0.0,0.0,0.0,-1.5707964,0.0
1970-01-01 00:00:00.107139726,0.107139726,0.0,0.0,0.0,0.0,0.0,310.83005,0.0,0.0,-1.5707964,0.0
1970-01-01 00:00:00.107258545,0.107258545,0.0,0.0,0.0,730.7168,0.0,0.0,0.0,0.0,-1.5707964,0.0
1970-01-01 00:00:00.107288330,0.10728833,0.0,0.0,0.0,0.0,0.0,277.43646,0.0,0.0,-1.5707964,0.0
1970-01-01 00:00:00.107297451,0.107297451,0.0,0.0,0.0,491.79272,0.0,0.0,0.0,0.0,-1.5707964,0.0
1970-01-01 00:00:00.107301356,0.107301356,0.0,0.0,0.0,164.9856,0.0,0.0,0.0,0.0,-1.5707964,0.0
1970-01-01 00:00:00.107319889,0.107319889,0.0,129.6615,0.0,0.0,0.0,0.0,0.0,0.0,-1.5707964,0.0
1970-01-01 00:00:00.107387925,0.107387925,0.0,0.0,0.0,314.23773,0.0,0.0,0.0,0.0,-1.5707964,0.0
1970-01-01 00:00:00.107413905,0.107413905,0.0,0.0,0.0,0.0,187.45496,0.0,0.0,0.0,-1.5707964,0.0
1970-01-01 00:00:00.107478167,0.107478167,0.0,0.0,2256.4092,0.0,0.0,0.0,0.0,0.0,-1.5707964,0.0
1970-01-01 00:00:00.107502760,0.10750276,0.0,0.0,0.0,320.66162,0.0,0.0,0.0,0.0,-1.5707964,0.0
1970-01-01 00:00:00.107517391,0.107517391,0.0,0.0,200.9979,0.0,0.0,0.0,0.0,0.0,-1.5707964,0.0
1970-01-01 00:00:00.107556140,0.10755614,0.0,0.0,1313.7349,0.0,0.0,0.0,0.0,0.0,-1.5707964,0.0
1970-01-01 00:00:00.107659986,0.107659986,0.0,0.0,0.0,0.0,1113.1194,0.0,0.0,0.0,-1.5707964,0.0
1970-01-01 00:00:00.107721089,0.107721089,0.0,0.0,0.0,107.8402,0.0,0.0,0.0,0.0,-1.5707964,0.0
1970-01-01 00:00:00.107778861,0.107778861,0.0,0.0,0.0,0.0,427.6802,0.0,0.0,0.0,-1.5707964,0.0
1970-01-01 00:00:00.107819151,0.107819151,0.0,0.0,0.0,159.29556,0.0,0.0,0.0,0.0,-1.5707964,0.0
1970-01-01 00:00:00.107838988,0.107838988,0.0,0.0,0.0,0.0,0.0,389.7337,0.0,0.0,-1.5707964,0.0
1970-01-01 00:00:00.107840945,0.107840945,0.0,0.0,0.0,0.0,0.0,90.78995,0.0,0.0,-1.5707964,0.0
1970-01-01 00:00:00.107850886,0.107850886,0.0,0.0,1295.0537,0.0,0.0,0.0,0.0,0.0,-1.5707964,0.0
1970-01-01 00:00:00.107865872,0.107865872,0.0,0.0,0.0,531.9701,0.0,0.0,0.0,0.0,-1.5707964,0.0
1970-01-01 00:00:00.107877585,0.107877585,0.0,0.0,0.0,210.6778,0.0,0.0,0.0,0.0,-1.5707964,0.0
1970-01-01 00:00:00.107887974,0.107887974,0.0,0.0,0.0,81.52027,0.0,0.0,0.0,0.0,-1.5707964,0.0
1970-01-01 00:00:00.107894362,0.107894362,0.0,0.0,0.0,0.0,0.0,96.17624,0.0,0.0,-1.5707964,0.0
1970-01-01 00:00:00.107894544,0.107894544,0.0,0.0,0.0,195.40778,0.0,0.0,0.0,0.0,-1.5707964,0.0
1970-01-01 00:00:00.107935394,0.107935394,0.0,220.02426,0.0,0.0,0.0,0.0,0.0,0.0,-1.5707964,0.0
1970-01-01 00:00:00.107940950,0.10794095,0.0,0.0,0.0,134.07741,0.0,0.0,0.0,0.0,-1.5707964,0.0
1970-01-01 00:00:00.107941657,0.107941657,537.7102,0.0,0.0,0.0,0.0,0.0,0.0,0.0,-1.5707964,0.0
1970-01-01 00:00:00.107992148,0.107992148,0.0,0.0,0.0,556.57654,0.0,0.0,0.0,0.0,-1.5707964,0.0
1970-01-01 00:00:00.108035574,0.108035574,0.0,0.0,0.0,132.48056,0.0,0.0,0.0,0.0,-1.5707964,0.0
1970-01-01 00:00:00.108076308,0.108076308,0.0,1106.1207,0.0,0.0,0.0,0.0,0.0,0.0,-1.5707964,0.0
1970-01-01 00:00:00.108076308,0.108076308,0.0,0.0,0.0,338.27603,0.0,0.0,0.0,0.0,-1.5707964,0.0
1970-01-01 00:00:00.108126704,0.108126704,0.0,0.0,0.0,177.18375,0.0,0.0,0.0,0.0,-1.5707964,0.0
1970-01-01 00:00:00.108204686,0.108204686,0.0,0.0,260.0093,0.0,0.0,0.0,0.0,0.0,-1.5707964,0.0
1970-01-01 00:00:00.108226889,0.108226889,0.0,0.0,0.0,332.4264,0.0,0.0,0.0,0.0,-1.5707964,0.0
1970-01-01 00:00:00.108232539,0.108232539,0.0,0.0,0.0,0.0,0.0,140.63184,0.0,0.0,-1.5707964,0.0
1970-01-01 00:00:00.108234066,0.108234066,0.0,0.0,0.0,0.0,0.0,769.49976,0.0,0.0,-1.5707964,0.0
1970-01-01 00:00:00.108295750,0.10829575,0.0,0.0,0.0,197.7744,0.0,0.0,0.0,0.0,-1.5707964,0.0
1970-01-01 00:00:00.108301369,0.108301369,0.0,0.0,0.0,190.1024,0.0,0.0,0.0,0.0,-1.5707964,0.0
1970-01-01 00:00:00.108340912,0.108340912,0.0,0.0,0.0,0.0,0.0,460.71164,0.0,0.0,-1.5707964,0.0
1970-01-01 00:00:00.108367585,0.108367585,0.0,300.39212,0.0,0.0,0.0,0.0,0.0,0.0,-1.5707964,0.0
1970-01-01 00:00:00.108385512,0.108385512,0.0,0.0,0.0,0.0,0.0,456.4351,0.0,0.0,-1.5707964,0.0
1970-01-01 00:00:00.108392134,0.108392134,0.0,280.64844,0.0,0.0,0.0,0.0,0.0,0.0,-1.5707964,0.0
1970-01-01 00:00:00.108392696,0.108392696,0.0,0.0,0.0,0.0,0.0,96.77773,0.0,0.0,-1.5707964,0.0
1970-01-01 00:00:00.108427951,0.108427951,0.0,0.0,0.0,0.0,81.59951,0.0,0.0,0.0,-1.5707964,0.0
1970-01-01 00:00:00.108430915,0.108430915,0.0,0.0,0.0,0.0,180.36975,0.0,0.0,0.0,-1.5707964,0.0
1970-01-01 00:00:00.108471961,0.108471961,0.0,0.0,0.0,0.0,0.0,87.06011,0.0,0.0,-1.5707964,0.0
1970-01-01 00:00:00.108478643,0.108478643,0.0,0.0,0.0,0.0,0.0,166.57562,0.0,0.0,-1.5707964,0.0
1970-01-01 00:00:00.108486358,0.108486358,0.0,0.0,0.0,310.3928,0.0,0.0,0.0,0.0,-1.5707964,0.0
1970-01-01 00:00:00.108497002,0.108497002,0.0,0.0,0.0,312.31177,0.0,0.0,0.0,0.0,-1.5707964,0.0
1970-01-01 00:00:00.108505753,0.108505753,0.0,0.0,0.0,0.0,0.0,619.4632,0.0,0.0,-1.5707964,0.0
1970-01-01 00:00:00.108507406,0.108507406,0.0,0.0,0.0,0.0,227.80147,0.0,0.0,0.0,-1.5707964,0.0
1970-01-01 00:00:00.108510669,0.108510669,0.0,0.0,0.0,107.467545,0.0,0.0,0.0,0.0,-1.5707964,0.0
1970-01-01 00:00:00.108515136,0.108515136,0.0,0.0,321.8304,0.0,0.0,0.0,0.0,0.0,-1.5707964,0.0
1970-01-01 00:00:00.108566274,0.108566274,0.0,0.0,163.04626,0.0,0.0,0.0,0.0,0.0,-1.5707964,0.0
1970-01-01 00:00:00.108569801,0.108569801,0.0,0.0,0.0,2791.4768,0.0,0.0,0.0,0.0,-1.5707964,0.0
1970-01-01 00:00:00.108602295,0.108602295,0.0,0.0,169.44585,0.0,0.0,0.0,0.0,0.0,-1.5707964,0.0
1970-01-01 00:00:00.108631406,0.108631406,0.0,0.0,0.0,253.45259,0.0,0.0,0.0,0.0,-1.5707964,0.0
1970-01-01 00:00:00.108716938,0.108716938,0.0,0.0,0.0,2320.9504,0.0,0.0,0.0,0.0,-1.5707964,0.0
1970-01-01 00:00:00.108741857,0.108741857,662.89996,0.0,0.0,0.0,0.0,0.0,0.0,0.0,-1.5707964,0.0
1970-01-01 00:00:00.108741857,0.108741857,0.0,0.0,0.0,556.49634,0.0,0.0,0.0,0.0,-1.5707964,0.0
1970-01-01 00:00:00.108743942,0.108743942,0.0,0.0,0.0,153.2298,0.0,0.0,0.0,0.0,-1.5707964,0.0
1970-01-01 00:00:00.108747079,0.108747079,0.0,0.0,0.0,0.0,0.0,268.3368,0.0,0.0,-1.5707964,0.0
1970-01-01 00:00:00.108758963,0.108758963,0.0,259.14453,0.0,0.0,0.0,0.0,0.0,0.0,-1.5707964,0.0
1970-01-01 00:00:00.108785317,0.108785317,0.0,0.0,0.0,0.0,297.04767,0.0,0.0,0.0,-1.5707964,0.0
1970-01-01 00:00:00.108804361,0.108804361,0.0,472.22647,0.0,0.0,0.0,0.0,0.0,0.0,-1.5707964,0.0
1970-01-01 00:00:00.108821628,0.108821628,0.0,0.0,321.36597,0.0,0.0,0.0,0.0,0.0,-1.5707964,0.0
1970-01-01 00:00:00.108841330,0.10884133,0.0,87.39389,0.0,0.0,0.0,0.0,0.0,0.0,-1.5707964,0.0
1970-01-01 00:00:00.108867039,0.108867039,299.40402,0.0,0.0,0.0,0.0,0.0,0.0,0.0,-1.5707964,0.0
1970-01-01 00:00:00.108980205,0.108980205,0.0,0.0,0.0,88.31133,0.0,0.0,0.0,0.0,-1.5707964,0.0
1970-01-01 00:00:00.109023572,0.109023572,0.0,0.0,0.0,0.0,1410.6301,0.0,0.0,0.0,-1.5707964,0.0
1970-01-01 00:00:00.109055039,0.109055039,0.0,0.0,384.2035,0.0,0.0,0.0,0.0,0.0,-1.5707964,0.0
1970-01-01 00:00:00.109085265,0.109085265,0.0,0.0,0.0,0.0,0.0,611.25793,0.0,0.0,-1.5707964,0.0
1970-01-01 00:00:00.109093429,0.109093429,0.0,0.0,0.0,210.73616,0.0,0.0,0.0,0.0,-1.5707964,0.0
1970-01-01 00:00:00.109126890,0.10912689,0.0,283.61124,0.0,0.0,0.0,0.0,0.0,0.0,-1.5707964,0.0
1970-01-01 00:00:00.109131620,0.10913162,0.0,0.0,0.0,1821.0707,0.0,0.0,0.0,0.0,-1.5707964,0.0
1970-01-01 00:00:00.109143925,0.109143925,0.0,0.0,0.0,0.0,0.0,91.933716,0.0,0.0,-1.5707964,0.0
1970-01-01 00:00:00.109152206,0.109152206,0.0,0.0,0.0,346.35464,0.0,0.0,0.0,0.0,-1.5707964,0.0
1970-01-01 00:00:00.109155989,0.109155989,0.0,0.0,0.0,245.03894,0.0,0.0,0.0,0.0,-1.5707964,0.0
1970-01-01 00:00:00.109182076,0.109182076,0.0,0.0,0.0,0.0,243.56345,0.0,0.0,0.0,-1.5707964,0.0
1970-01-01 00:00:00.109193240,0.10919324,0.0,0.0,0.0,0.0,0.0,914.93274,0.0,0.0,-1.5707964,0.0
1970-01-01 00:00:00.109237880,0.10923788,0.0,0.0,0.0,0.0,924.5592,0.0,0.0,0.0,-1.5707964,0.0
1970-01-01 00:00:00.109326308,0.109326308,0.0,0.0,0.0,0.0,0.0,124.97847,0.0,0.0,-1.5707964,0.0
1970-01-01 00:00:00.109403902,0.109403902,0.0,0.0,711.5148,0.0,0.0,0.0,0.0,0.0,-1.5707964,0.0
1970-01-01 00:00:00.109416551,0.109416551,0.0,0.0,0.0,0.0,0.0,310.81665,0.0,0.0,-1.5707964,0.0
1970-01-01 00:00:00.109519679,0.109519679,0.0,0.0,0.0,0.0,0.0,443.3021,0.0,0.0,-1.5707964,0.0
1970-01-01 00:00:00.109529663,0.109529663,0.0,0.0,360.55887,0.0,0.0,0.0,0.0,0.0,-1.5707964,0.0
1970-01-01 00:00:00.109570143,0.109570143,0.0,0.0,156.18721,0.0,0.0,0.0,0.0,0.0,-1.5707964,0.0
1970-01-01 00:00:00.109618514,0.109618514,0.0,0.0,0.0,295.75388,0.0,0.0,0.0,0.0,-1.5707964,0.0
1970-01-01 00:00:00.109632454,0.109632454,0.0,0.0,0.0,0.0,0.0,2332.4211,0.0,0.0,-1.5707964,0.0
1970-01-01 00:00:00.109637721,0.109637721,0.0,0.0,1360.7616,0.0,0.0,0.0,0.0,0.0,-1.5707964,0.0
1970-01-01 00:00:00.109703922,0.109703922,0.0,141.1864,0.0,0.0,0.0,0.0,0.0,0.0,-1.5707964,0.0
1970-01-01 00:00:00.109715331,0.109715331,0.0,0.0,0.0,0.0,0.0,110.1846,0.0,0.0,-1.5707964,0.0
1970-01-01 00:00:00.109762035,0.109762035,0.0,0.0,0.0,254.22565,0.0,0.0,0.0,0.0,-1.5707964,0.0
1970-01-01 00:00:00.109793116,0.109793116,0.0,0.0,0.0,180.8148,0.0,0.0,0.0,0.0,-1.5707964,0.0
1970-01-01 00:00:00.109796671,0.109796671,0.0,0.0,0.0,0.0,540.9561,0.0,0.0,0.0,-1.5707964,0.0
1970-01-01 00:00:00.109819299,0.109819299,0.0,191.07816,0.0,0.0,0.0,0.0,0.0,0.0,-1.5707964,0.0
1970-01-01 00:00:00.109833493,0.109833493,963.4953,0.0,0.0,0.0,0.0,0.0,0.0,0.0,-1.5707964,0.0
1970-01-01 00:00:00.109852678,0.109852678,0.0,0.0,0.0,104.31655,0.0,0.0,0.0,0.0,-1.5707964,0.0
1970-01-01 00:00:00.109870501,0.109870501,0.0,0.0,0.0,0.0,0.0,332.68835,0.0,0.0,-1.5707964,0.0
1970-01-01 00:00:00.109873838,0.109873838,0.0,250.8106,0.0,0.0,0.0,0.0,0.0,0.0,-1.5707964,0.0
1970-01-01 00:00:00.109878363,0.109878363,0.0,0.0,0.0,110.867546,0.0,0.0,0.0,0.0,-1.5707964,0.0
1970-01-01 00:00:00.109887594,0.109887594,0.0,0.0,0.0,0.0,0.0,181.63974,0.0,0.0,-1.5707964,0.0
1970-01-01 00:00:00.109894784,0.109894784,0.0,0.0,346.38437,0.0,0.0,0.0,0.0,0.0,-1.5707964,0.0
1970-01-01 00:00:00.109946198,0.109946198,0.0,0.0,0.0,207.44109,0.0,0.0,0.0,0.0,-1.5707964,0.0
1970-01-01 00:00:00.109947693,0.109947693,0.0,0.0,216.34062,0.0,0.0,0.0,0.0,0.0,-1.5707964,0.0
1970-01-01 00:00:00.109957522,0.109957522,0.0,0.0,0.0,0.0,167.88846,0.0,0.0,0.0,-1.5707964,0.0
1970-01-01 00:00:00.109974960,0.10997496,0.0,0.0,345.26532,0.0,0.0,0.0,0.0,0.0,-1.5707964,0.0
1970-01-01 00:00:00.110059180,0.11005918,0.0,0.0,0.0,373.14905,0.0,0.0,0.0,0.0,-1.5707964,0.0
1970-01-01 00:00:00.110073122,0.110073122,0.0,0.0,110.15408,0.0,0.0,0.0,0.0,0.0,-1.5707964,0.0
1970-01-01 00:00:00.110116357,0.110116357,0.0,0.0,0.0,0.0,0.0,983.4291,0.0,0.0,-1.5707964,0.0
1970-01-01 00:00:00.110130514,0.110130514,0.0,0.0,0.0,0.0,0.0,189.91914,0.0,0.0,-1.5707964,0.0
1970-01-01 00:00:00.110232799,0.110232799,0.0,0.0,0.0,0.0,0.0,121.946846,0.0,0.0,-1.5707964,0.0
1970-01-01 00:00:00.110247947,0.110247947,0.0,826.6207,0.0,0.0,0.0,0.0,0.0,0.0,-1.5707964,0.0
1970-01-01 00:00:00.110252847,0.110252847,0.0,0.0,0.0,0.0,0.0,188.73552,0.0,0.0,-1.5707964,0.0
1970-01-01 00:00:00.110324993,0.110324993,0.0,0.0,0.0,256.27393,0.0,0.0,0.0,0.0,-1.5707964,0.0
1970-01-01 00:00:00.110409019,0.110409019,0.0,0.0,0.0,783.59766,0.0,0.0,0.0,0.0,-1.5707964,0.0
1970-01-01 00:00:00.110415847,0.110415847,0.0,0.0,186.5198,0.0,0.0,0.0,0.0,0.0,-1.5707964,0.0
1970-01-01 00:00:00.110428074,0.110428074,0.0,140.49464,0.0,0.0,0.0,0.0,0.0,0.0,-1.5707964,0.0
1970-01-01 00:00:00.110436172,0.110436172,0.0,0.0,0.0,178.90498,0.0,0.0,0.0,0.0,-1.5707964,0.0
1970-01-01 00:00:00.110447754,0.110447754,0.0,0.0,0.0,0.0,0.0,762.4861,0.0,0.0,-1.5707964,0.0
1970-01-01 00:00:00.110509841,0.110509841,0.0,0.0,0.0,1032.0109,0.0,0.0,0.0,0.0,-1.5707964,0.0
1970-01-01 00:00:00.110536119,0.110536119,0.0,0.0,693.8577,0.0,0.0,0.0,0.0,0.0,-1.5707964,0.0
1970-01-01 00:00:00.110536119,0.110536119,0.0,0.0,0.0,332.97754,0.0,0.0,0.0,0.0,-1.5707964,0.0
1970-01-01 00:00:00.110597111,0.110597111,0.0,0.0,172.60977,0.0,0.0,0.0,0.0,0.0,-1.5707964,0.0
1970-01-01 00:00:00.110611535,0.110611535,0.0,0.0,0.0,0.0,243.88033,0.0,0.0,0.0,-1.5707964,0.0
1970-01-01 00:00:00.110613305,0.110613305,0.0,0.0,0.0,0.0,0.0,156.23457,0.0,0.0,-1.5707964,0.0
1970-01-01 00:00:00.110628184,0.110628184,0.0,0.0,0.0,702.16284,0.0,0.0,0.0,0.0,-1.5707964,0.0
1970-01-01 00:00:00.110704311,0.110704311,0.0,0.0,0.0,346.6674,0.0,0.0,0.0,0.0,-1.5707964,0.0
1970-01-01 00:00:00.110717925,0.110717925,0.0,0.0,0.0,303.4364,0.0,0.0,0.0,0.0,-1.5707964,0.0
1970-01-01 00:00:00.110790491,0.110790491,0.0,0.0,0.0,139.52415,0.0,0.0,0.0,0.0,-1.5707964,0.0
1970-01-01 00:00:00.110818862,0.110818862,0.0,0.0,0.0,0.0,0.0,166.60262,0.0,0.0,-1.5707964,0.0
1970-01-01 00:00:00.110821138,0.110821138,0.0,0.0,388.7357,0.0,0.0,0.0,0.0,0.0,-1.5707964,0.0
1970-01-01 00:00:00.110821152,0.110821152,0.0,0.0,0.0,0.0,0.0,283.5166,0.0,0.0,-1.5707964,0.0
1970-01-01 00:00:00.110823764,0.110823764,0.0,0.0,0.0,628.279,0.0,0.0,0.0,0.0,-1.5707964,0.0
1970-01-01 00:00:00.110828649,0.110828649,0.0,0.0,0.0,0.0,0.0,158.98282,0.0,0.0,-1.5707964,0.0
1970-01-01 00:00:00.110841148,0.110841148,0.0,923.38367,0.0,0.0,0.0,0.0,0.0,0.0,-1.5707964,0.0
1970-01-01 00:00:00.110916746,0.110916746,0.0,0.0,0.0,107.786644,0.0,0.0,0.0,0.0,-1.5707964,0.0
1970-01-01 00:00:00.110920031,0.110920031,0.0,0.0,0.0,0.0,241.72343,0.0,0.0,0.0,-1.5707964,0.0
1970-01-01 00:00:00.111016844,0.111016844,0.0,0.0,559.6738,0.0,0.0,0.0,0.0,0.0,-1.5707964,0.0
1970-01-01 00:00:00.111022789,0.111022789,0.0,0.0,0.0,114.77913,0.0,0.0,0.0,0.0,-1.5707964,0.0
1970-01-01 00:00:00.111036096,0.111036096,0.0,0.0,0.0,0.0,148.33058,0.0,0.0,0.0,-1.5707964,0.0
1970-01-01 00:00:00.111074309,0.111074309,0.0,0.0,673.6954,0.0,0.0,0.0,0.0,0.0,-1.5707964,0.0
1970-01-01 00:00:00.111151777,0.111151777,0.0,0.0,0.0,0.0,0.0,185.8263,0.0,0.0,-1.5707964,0.0
1970-01-01 00:00:00.111157057,0.111157057,0.0,0.0,0.0,216.6922,0.0,0.0,0.0,0.0,-1.5707964,0.0
1970-01-01 00:00:00.111223859,0.111223859,0.0,0.0,636.37933,0.0,0.0,0.0,0.0,0.0,-1.5707964,0.0
1970-01-01 00:00:00.111226307,0.111226307,0.0,0.0,0.0,1020.2214,0.0,0.0,0.0,0.0,-1.5707964,0.0
1970-01-01 00:00:00.111262909,0.111262909,0.0,0.0,0.0,0.0,140.89192,0.0,0.0,0.0,-1.5707964,0.0
1970-01-01 00:00:00.111290814,0.111290814,0.0,0.0,0.0,211.11255,0.0,0.0,0.0,0.0,-1.5707964,0.0
1970-01-01 00:00:00.111300825,0.111300825,0.0,0.0,0.0,0.0,463.13766,0.0,0.0,0.0,-1.5707964,0.0
1970-01-01 00:00:00.111309508,0.111309508,0.0,0.0,0.0,0.0,0.0,209.26962,0.0,0.0,-1.5707964,0.0
1970-01-01 00:00:00.111318792,0.111318792,0.0,0.0,0.0,0.0,133.96376,0.0,0.0,0.0,-1.5707964,0.0
1970-01-01 00:00:00.111321608,0.111321608,0.0,0.0,0.0,404.6018,0.0,0.0,0.0,0.0,-1.5707964,0.0
1970-01-01 00:00:00.111347769,0.111347769,0.0,0.0,0.0,762.3502,0.0,0.0,0.0,0.0,-1.5707964,0.0
1970-01-01 00:00:00.111372793,0.111372793,0.0,145.65767,0.0,0.0,0.0,0.0,0.0,0.0,-1.5707964,0.0
1970-01-01 00:00:00.111373448,0.111373448,0.0,0.0,0.0,0.0,0.0,344.89,0.0,0.0,-1.5707964,0.0
1970-01-01 00:00:00.111385882,0.111385882,0.0,0.0,0.0,120.99349,0.0,0.0,0.0,0.0,-1.5707964,0.0
1970-01-01 00:00:00.111525325,0.111525325,0.0,0.0,0.0,289.59094,0.0,0.0,0.0,0.0,-1.5707964,0.0
1970-01-01 00:00:00.111549531,0.111549531,145.54129,0.0,0.0,0.0,0.0,0.0,0.0,0.0,-1.5707964,0.0
1970-01-01 00:00:00.111580119,0.111580119,0.0,0.0,0.0,132.3576,0.0,0.0,0.0,0.0,-1.5707964,0.0
1970-01-01 00:00:00.111585448,0.111585448,0.0,0.0,0.0,374.12793,0.0,0.0,0.0,0.0,-1.5707964,0.0
1970-01-01 00:00:00.111622601,0.111622601,0.0,0.0,0.0,457.4658,0.0,0.0,0.0,0.0,-1.5707964,0.0
1970-01-01 00:00:00.111665385,0.111665385,0.0,0.0,0.0,0.0,0.0,134.74646,0.0,0.0,-1.5707964,0.0
1970-01-01 00:00:00.111666477,0.111666477,0.0,0.0,884.3066,0.0,0.0,0.0,0.0,0.0,-1.5707964,0.0
1970-01-01 00:00:00.111676441,0.111676441,0.0,0.0,159.4413,0.0,0.0,0.0,0.0,0.0,-1.5707964,0.0
1970-01-01 00:00:00.111697371,0.111697371,0.0,0.0,0.0,302.699,0.0,0.0,0.0,0.0,-1.5707964,0.0
1970-01-01 00:00:00.111762702,0.111762702,0.0,0.0,0.0,130.36372,0.0,0.0,0.0,0.0,-1.5707964,0.0
1970-01-01 00:00:00.111825946,0.111825946,0.0,0.0,0.0,138.26077,0.0,0.0,0.0,0.0,-1.5707964,0.0
1970-01-01 00:00:00.111868342,0.111868342,0.0,0.0,0.0,83.979744,0.0,0.0,0.0,0.0,-1.5707964,0.0
1970-01-01 00:00:00.111892335,0.111892335,0.0,0.0,0.0,356.41348,0.0,0.0,0.0,0.0,-1.5707964,0.0
1970-01-01 00:00:00.111938980,0.11193898,0.0,0.0,0.0,0.0,321.56555,0.0,0.0,0.0,-1.5707964,0.0
1970-01-01 00:00:00.111974570,0.11197457,0.0,0.0,0.0,352.60236,0.0,0.0,0.0,0.0,-1.5707964,0.0
1970-01-01 00:00:00.111976324,0.111976324,0.0,0.0,179.94255,0.0,0.0,0.0,0.0,0.0,-1.5707964,0.0
1970-01-01 00:00:00.111980053,0.111980053,0.0,0.0,0.0,0.0,0.0,140.3334,0.0,0.0,-1.5707964,0.0
1970-01-01 00:00:00.111986127,0.111986127,0.0,0.0,0.0,0.0,126.31044,0.0,0.0,0.0,-1.5707964,0.0
1970-01-01 00:00:00.112001192,0.112001192,0.0,0.0,1554.89,0.0,0.0,0.0,0.0,0.0,-1.5707964,0.0
1970-01-01 00:00:00.112004819,0.112004819,0.0,0.0,0.0,1166.7692,0.0,0.0,0.0,0.0,-1.5707964,0.0
1970-01-01 00:00:00.112005942,0.112005942,0.0,0.0,202.33235,0.0,0.0,0.0,0.0,0.0,-1.5707964,0.0
1970-01-01 00:00:00.112012142,0.112012142,0.0,0.0,0.0,309.12952,0.0,0.0,0.0,0.0,-1.5707964,0.0
1970-01-01 00:00:00.112021827,0.112021827,0.0,0.0,0.0,1045.6215,0.0,0.0,0.0,0.0,-1.5707964,0.0
1970-01-01 00:00:00.112032268,0.112032268,0.0,0.0,0.0,0.0,0.0,385.98807,0.0,0.0,-1.5707964,0.0
1970-01-01 00:00:00.112073490,0.11207349,0.0,0.0,0.0,0.0,143.5069,0.0,0.0,0.0,-1.5707964,0.0
1970-01-01 00:00:00.112092922,0.112092922,0.0,0.0,0.0,0.0,0.0,438.5808,0.0,0.0,-1.5707964,0.0
1970-01-01 00:00:00.112113087,0.112113087,0.0,0.0,0.0,189.326,0.0,0.0,0.0,0.0,-1.5707964,0.0
1970-01-01 00:00:00.112118158,0.112118158,0.0,0.0,0.0,277.90002,0.0,0.0,0.0,0.0,-1.5707964,0.0
1970-01-01 00:00:00.112138410,0.11213841,0.0,0.0,0.0,196.8766,0.0,0.0,0.0,0.0,-1.5707964,0.0
1970-01-01 00:00:00.112157445,0.112157445,0.0,0.0,0.0,729.18933,0.0,0.0,0.0,0.0,-1.5707964,0.0
1970-01-01 00:00:00.112193684,0.112193684,0.0,0.0,0.0,1331.8021,0.0,0.0,0.0,0.0,-1.5707964,0.0
1970-01-01 00:00:00.112194634,0.112194634,0.0,0.0,746.6387,0.0,0.0,0.0,0.0,0.0,-1.5707964,0.0
1970-01-01 00:00:00.112202239,0.112202239,0.0,0.0,0.0,0.0,0.0,181.21935,0.0,0.0,-1.5707964,0.0
1970-01-01 00:00:00.112271822,0.112271822,0.0,0.0,0.0,140.16168,0.0,0.0,0.0,0.0,-1.5707964,0.0
1970-01-01 00:00:00.112300104,0.112300104,0.0,0.0,0.0,940.3244,0.0,0.0,0.0,0.0,-1.5707964,0.0
1970-01-01 00:00:00.112373155,0.112373155,0.0,0.0,0.0,801.59656,0.0,0.0,0.0,0.0,-1.5707964,0.0
1970-01-01 00:00:00.112382745,0.112382745,0.0,0.0,0.0,150.65636,0.0,0.0,0.0,0.0,-1.5707964,0.0
1970-01-01 00:00:00.112428304,0.112428304,0.0,0.0,0.0,0.0,0.0,1513.9623,0.0,0.0,-1.5707964,0.0
1970-01-01 00:00:00.112438464,0.112438464,0.0,0.0,0.0,0.0,116.65808,0.0,0.0,0.0,-1.5707964,0.0
1970-01-01 00:00:00.112486809,0.112486809,0.0,0.0,0.0,0.0,143.8462,0.0,0.0,0.0,-1.5707964,0.0
1970-01-01 00:00:00.112561693,0.112561693,0.0,0.0,0.0,0.0,0.0,108.29545,0.0,0.0,-1.5707964,0.0
1970-01-01 00:00:00.112597784,0.112597784,0.0,0.0,0.0,299.4952,0.0,0.0,0.0,0.0,-1.5707964,0.0
1970-01-01 00:00:00.112611109,0.112611109,0.0,0.0,0.0,0.0,0.0,136.15373,0.0,0.0,-1.5707964,0.0
1970-01-01 00:00:00.112658142,0.112658142,0.0,0.0,271.56027,0.0,0.0,0.0,0.0,0.0,-1.5707964,0.0
1970-01-01 00:00:00.112692909,0.112692909,0.0,0.0,0.0,151.70453,0.0,0.0,0.0,0.0,-1.5707964,0.0
1970-01-01 00:00:00.112748016,0.112748016,0.0,0.0,0.0,320.23273,0.0,0.0,0.0,0.0,-1.5707964,0.0
1970-01-01 00:00:00.112795576,0.112795576,0.0,0.0,0.0,234.71358,0.0,0.0,0.0,0.0,-1.5707964,0.0
1970-01-01 00:00:00.112798347,0.112798347,0.0,0.0,0.0,0.0,0.0,148.32384,0.0,0.0,-1.5707964,0.0
1970-01-01 00:00:00.112804561,0.112804561,0.0,0.0,109.85285,0.0,0.0,0.0,0.0,0.0,-1.5707964,0.0
1970-01-01 00:00:00.112809461,0.112809461,0.0,0.0,0.0,0.0,264.28375,0.0,0.0,0.0,-1.5707964,0.0
1970-01-01 00:00:00.112836902,0.112836902,0.0,0.0,0.0,0.0,309.60342,0.0,0.0,0.0,-1.5707964,0.0
1970-01-01 00:00:00.112873168,0.112873168,0.0,0.0,0.0,0.0,958.24164,0.0,0.0,0.0,-1.5707964,0.0
1970-01-01 00:00:00.112928530,0.11292853,0.0,0.0,0.0,713.3762,0.0,0.0,0.0,0.0,-1.5707964,0.0
1970-01-01 00:00:00.112968328,0.112968328,0.0,175.97562,0.0,0.0,0.0,0.0,0.0,0.0,-1.5707964,0.0
1970-01-01 00:00:00.112975953,0.112975953,0.0,106.08303,0.0,0.0,0.0,0.0,0.0,0.0,-1.5707964,0.0
1970-01-01 00:00:00.112980863,0.112980863,0.0,0.0,0.0,142.9694,0.0,0.0,0.0,0.0,-1.5707964,0.0
1970-01-01 00:00:00.113007655,0.113007655,0.0,0.0,0.0,473.47293,0.0,0.0,0.0,0.0,-1.5707964,0.0
1970-01-01 00:00:00.113022801,0.113022801,0.0,0.0,0.0,0.0,100.25189,0.0,0.0,0.0,-1.5707964,0.0
1970-01-01 00:00:00.113035918,0.113035918,0.0,0.0,0.0,155.5922,0.0,0.0,0.0,0.0,-1.5707964,0.0
1970-01-01 00:00:00.113072001,0.113072001,0.0,210.32481,0.0,0.0,0.0,0.0,0.0,0.0,-1.5707964,0.0
1970-01-01 00:00:00.113132918,0.113132918,0.0,0.0,0.0,264.74115,0.0,0.0,0.0,0.0,-1.5707964,0.0
1970-01-01 00:00:00.113171573,0.113171573,0.0,0.0,0.0,237.4814,0.0,0.0,0.0,0.0,-1.5707964,0.0
1970-01-01 00:00:00.113179402,0.113179402,0.0,0.0,0.0,0.0,0.0,114.07311,0.0,0.0,-1.5707964,0.0
1970-01-01 00:00:00.113224703,0.113224703,0.0,0.0,0.0,0.0,0.0,417.26718,0.0,0.0,-1.5707964,0.0
1970-01-01 00:00:00.113228397,0.113228397,0.0,0.0,0.0,459.7255,0.0,0.0,0.0,0.0,-1.5707964,0.0
1970-01-01 00:00:00.113305825,0.113305825,0.0,870.0176,0.0,0.0,0.0,0.0,0.0,0.0,-1.5707964,0.0
1970-01-01 00:00:00.113343385,0.113343385,0.0,139.99709,0.0,0.0,0.0,0.0,0.0,0.0,-1.5707964,0.0
1970-01-01 00:00:00.113356870,0.11335687,0.0,0.0,0.0,0.0,0.0,233.6077,0.0,0.0,-1.5707964,0.0
1970-01-01 00:00:00.113378436,0.113378436,0.0,116.25778,0.0,0.0,0.0,0.0,0.0,0.0,-1.5707964,0.0
1970-01-01 00:00:00.113399193,0.113399193,0.0,0.0,443.3136,0.0,0.0,0.0,0.0,0.0,-1.5707964,0.0
1970-01-01 00:00:00.113438891,0.113438891,0.0,0.0,0.0,583.5626,0.0,0.0,0.0,0.0,-1.5707964,0.0
1970-01-01 00:00:00.113440049,0.113440049,0.0,0.0,0.0,199.8089,0.0,0.0,0.0,0.0,-1.5707964,0.0
1970-01-01 00:00:00.113466295,0.113466295,0.0,0.0,0.0,167.54282,0.0,0.0,0.0,0.0,-1.5707964,0.0
1970-01-01 00:00:00.113530991,0.113530991,0.0,0.0,0.0,851.97235,0.0,0.0,0.0,0.0,-1.5707964,0.0
1970-01-01 00:00:00.113532549,0.113532549,0.0,0.0,1042.9286,0.0,0.0,0.0,0.0,0.0,-1.5707964,0.0
1970-01-01 00:00:00.113542199,0.113542199,0.0,0.0,1128.6987,0.0,0.0,0.0,0.0,0.0,-1.5707964,0.0
1970-01-01 00:00:00.113563820,0.11356382,0.0,0.0,0.0,0.0,0.0,560.04047,0.0,0.0,-1.5707964,0.0
1970-01-01 00:00:00.113568795,0.113568795,0.0,0.0,0.0,0.0,480.90244,0.0,0.0,0.0,-1.5707964,0.0
1970-01-01 00:00:00.113608696,0.113608696,0.0,0.0,0.0,336.2168,0.0,0.0,0.0,0.0,-1.5707964,0.0
1970-01-01 00:00:00.113640347,0.113640347,0.0,0.0,0.0,189.07468,0.0,0.0,0.0,0.0,-1.5707964,0.0
1970-01-01 00:00:00.113650487,0.113650487,0.0,0.0,228.53976,0.0,0.0,0.0,0.0,0.0,-1.5707964,0.0
1970-01-01 00:00:00.113679602,0.113679602,0.0,0.0,143.87569,0.0,0.0,0.0,0.0,0.0,-1.5707964,0.0
1970-01-01 00:00:00.113682570,0.11368257,0.0,0.0,0.0,0.0,0.0,130.87245,0.0,0.0,-1.5707964,0.0
1970-01-01 00:00:00.113719925,0.113719925,0.0,0.0,0.0,0.0,255.70027,0.0,0.0,0.0,-1.5707964,0.0
1970-01-01 00:00:00.113719985,0.113719985,0.0,0.0,263.54282,0.0,0.0,0.0,0.0,0.0,-1.5707964,0.0
1970-01-01 00:00:00.113720274,0.113720274,0.0,0.0,0.0,0.0,610.53046,0.0,0.0,0.0,-1.5707964,0.0
1970-01-01 00:00:00.113732167,0.113732167,0.0,0.0,0.0,0.0,601.7299,0.0,0.0,0.0,-1.5707964,0.0
1970-01-01 00:00:00.113741706,0.113741706,0.0,0.0,0.0,0.0,0.0,1216.6455,0.0,0.0,-1.5707964,0.0
1970-01-01 00:00:00.113760856,0.113760856,0.0,0.0,0.0,0.0,0.0,88.09824,0.0,0.0,-1.5707964,0.0
1970-01-01 00:00:00.113762857,0.113762857,0.0,0.0,455.91605,0.0,0.0,0.0,0.0,0.0,-1.5707964,0.0
1970-01-01 00:00:00.113763409,0.113763409,0.0,440.36365,0.0,0.0,0.0,0.0,0.0,0.0,-1.5707964,0.0
1970-01-01 00:00:00.113790336,0.113790336,0.0,0.0,0.0,0.0,0.0,2868.948,0.0,0.0,-1.5707964,0.0
1970-01-01 00:00:00.113791192,0.113791192,0.0,0.0,0.0,270.94727,0.0,0.0,0.0,0.0,-1.5707964,0.0
1970-01-01 00:00:00.113791828,0.113791828,0.0,0.0,0.0,0.0,447.95206,0.0,0.0,0.0,-1.5707964,0.0
1970-01-01 00:00:00.113859999,0.113859999,0.0,0.0,0.0,0.0,0.0,513.2733,0.0,0.0,-1.5707964,0.0
1970-01-01 00:00:00.113886796,0.113886796,0.0,0.0,0.0,182.50696,0.0,0.0,0.0,0.0,-1.5707964,0.0
1970-01-01 00:00:00.113930920,0.11393092,0.0,0.0,0.0,0.0,797.50806,0.0,0.0,0.0,-1.5707964,0.0
1970-01-01 00:00:00.114062728,0.114062728,0.0,0.0,0.0,173.6289,0.0,0.0,0.0,0.0,-1.5707964,0.0
1970-01-01 00:00:00.114083609,0.114083609,0.0,0.0,0.0,228.41132,0.0,0.0,0.0,0.0,-1.5707964,0.0
1970-01-01 00:00:00.114095663,0.114095663,0.0,0.0,0.0,0.0,0.0,616.53107,0.0,0.0,-1.5707964,0.0
1970-01-01 00:00:00.114105306,0.114105306,0.0,0.0,0.0,0.0,240.75429,0.0,0.0,0.0,-1.5707964,0.0
1970-01-01 00:00:00.114145153,0.114145153,0.0,0.0,0.0,150.73946,0.0,0.0,0.0,0.0,-1.5707964,0.0
1970-01-01 00:00:00.114200871,0.114200871,0.0,0.0,0.0,0.0,113.21082,0.0,0.0,0.0,-1.5707964,0.0
1970-01-01 00:00:00.114262566,0.114262566,0.0,0.0,0.0,95.30955,0.0,0.0,0.0,0.0,-1.5707964,0.0
1970-01-01 00:00:00.114294508,0.114294508,0.0,965.6702,0.0,0.0,0.0,0.0,0.0,0.0,-1.5707964,0.0
1970-01-01 00:00:00.114294508,0.114294508,0.0,0.0,0.0,0.0,192.78105,0.0,0.0,0.0,-1.5707964,0.0
1970-01-01 00:00:00.114350545,0.114350545,0.0,0.0,0.0,0.0,0.0,244.7397,0.0,0.0,-1.5707964,0.0
1970-01-01 00:00:00.114362309,0.114362309,0.0,867.5381,0.0,0.0,0.0,0.0,0.0,0.0,-1.5707964,0.0
1970-01-01 00:00:00.114362309,0.114362309,0.0,0.0,0.0,567.21924,0.0,0.0,0.0,0.0,-1.5707964,0.0
1970-01-01 00:00:00.114371238,0.114371238,0.0,0.0,0.0,0.0,0.0,377.62418,0.0,0.0,-1.5707964,0.0
1970-01-01 00:00:00.114372960,0.11437296,0.0,0.0,0.0,1144.9563,0.0,0.0,0.0,0.0,-1.5707964,0.0
1970-01-01 00:00:00.114381014,0.114381014,0.0,0.0,0.0,514.6528,0.0,0.0,0.0,0.0,-1.5707964,0.0
1970-01-01 00:00:00.114382077,0.114382077,0.0,0.0,0.0,0.0,0.0,228.54863,0.0,0.0,-1.5707964,0.0
1970-01-01 00:00:00.114419634,0.114419634,0.0,0.0,0.0,0.0,189.31041,0.0,0.0,0.0,-1.5707964,0.0
1970-01-01 00:00:00.114441011,0.114441011,0.0,0.0,0.0,0.0,0.0,143.34877,0.0,0.0,-1.5707964,0.0
1970-01-01 00:00:00.114472113,0.114472113,0.0,0.0,0.0,0.0,865.552,0.0,0.0,0.0,-1.5707964,0.0
1970-01-01 00:00:00.114503187,0.114503187,0.0,0.0,0.0,109.719475,0.0,0.0,0.0,0.0,-1.5707964,0.0
1970-01-01 00:00:00.114513801,0.114513801,0.0,0.0,137.5969,0.0,0.0,0.0,0.0,0.0,-1.5707964,0.0
1970-01-01 00:00:00.114545345,0.114545345,0.0,0.0,0.0,0.0,0.0,194.44046,0.0,0.0,-1.5707964,0.0
1970-01-01 00:00:00.114565165,0.114565165,0.0,0.0,0.0,0.0,322.1811,0.0,0.0,0.0,-1.5707964,0.0
1970-01-01 00:00:00.114590856,0.114590856,0.0,0.0,0.0,141.28725,0.0,0.0,0.0,0.0,-1.5707964,0.0
1970-01-01 00:00:00.114605884,0.114605884,0.0,0.0,0.0,515.2651,0.0,0.0,0.0,0.0,-1.5707964,0.0
1970-01-01 00:00:00.114636457,0.114636457,0.0,0.0,420.6124,0.0,0.0,0.0,0.0,0.0,-1.5707964,0.0
1970-01-01 00:00:00.114640969,0.114640969,0.0,0.0,0.0,561.2051,0.0,0.0,0.0,0.0,-1.5707964,0.0
1970-01-01 00:00:00.114692121,0.114692121,0.0,0.0,0.0,229.8843,0.0,0.0,0.0,0.0,-1.5707964,0.0
1970-01-01 00:00:00.114708146,0.114708146,0.0,0.0,0.0,95.723335,0.0,0.0,0.0,0.0,-1.5707964,0.0
1970-01-01 00:00:00.114720825,0.114720825,0.0,100.23416,0.0,0.0,0.0,0.0,0.0,0.0,-1.5707964,0.0
1970-01-01 00:00:00.114722062,0.114722062,0.0,0.0,175.56833,0.0,0.0,0.0,0.0,0.0,-1.5707964,0.0
1970-01-01 00:00:00.114727135,0.114727135,0.0,0.0,0.0,116.852455,0.0,0.0,0.0,0.0,-1.5707964,0.0
1970-01-01 00:00:00.114728215,0.114728215,0.0,0.0,0.0,509.29388,0.0,0.0,0.0,0.0,-1.5707964,0.0
1970-01-01 00:00:00.114757093,0.114757093,0.0,0.0,0.0,0.0,1854.5857,0.0,0.0,0.0,-1.5707964,0.0
1970-01-01 00:00:00.114791464,0.114791464,0.0,0.0,153.15561,0.0,0.0,0.0,0.0,0.0,-1.5707964,0.0
1970-01-01 00:00:00.114814135,0.114814135,0.0,0.0,1010.1763,0.0,0.0,0.0,0.0,0.0,-1.5707964,0.0
1970-01-01 00:00:00.114858111,0.114858111,0.0,0.0,0.0,0.0,135.05135,0.0,0.0,0.0,-1.5707964,0.0
1970-01-01 00:00:00.114882451,0.114882451,0.0,128.12161,0.0,0.0,0.0,0.0,0.0,0.0,-1.5707964,0.0
1970-01-01 00:00:00.114891642,0.114891642,0.0,0.0,246.92567,0.0,0.0,0.0,0.0,0.0,-1.5707964,0.0
1970-01-01 00:00:00.114895699,0.114895699,0.0,0.0,252.90256,0.0,0.0,0.0,0.0,0.0,-1.5707964,0.0
1970-01-01 00:00:00.114933468,0.114933468,0.0,0.0,0.0,933.11273,0.0,0.0,0.0,0.0,-1.5707964,0.0
1970-01-01 00:00:00.114945682,0.114945682,0.0,0.0,0.0,601.8538,0.0,0.0,0.0,0.0,-1.5707964,0.0
1970-01-01 00:00:00.114966887,0.114966887,0.0,154.12175,0.0,0.0,0.0,0.0,0.0,0.0,-1.5707964,0.0
1970-01-01 00:00:00.115001090,0.11500109,0.0,241.9715,0.0,0.0,0.0,0.0,0.0,0.0,-1.5707964,0.0
1970-01-01 00:00:00.115037922,0.115037922,0.0,0.0,150.64046,0.0,0.0,0.0,0.0,0.0,-1.5707964,0.0
1970-01-01 00:00:00.115053819,0.115053819,662.7068,0.0,0.0,0.0,0.0,0.0,0.0,0.0,-1.5707964,0.0
1970-01-01 00:00:00.115095003,0.115095003,149.03313,0.0,0.0,0.0,0.0,0.0,0.0,0.0,-1.5707964,0.0
1970-01-01 00:00:00.115138172,0.115138172,0.0,461.9137,0.0,0.0,0.0,0.0,0.0,0.0,-1.5707964,0.0
1970-01-01 00:00:00.115167903,0.115167903,0.0,433.15216,0.0,0.0,0.0,0.0,0.0,0.0,-1.5707964,0.0
1970-01-01 00:00:00.115184879,0.115184879,0.0,246.1483,0.0,0.0,0.0,0.0,0.0,0.0,-1.5707964,0.0
1970-01-01 00:00:00.115200964,0.115200964,0.0,0.0,0.0,154.34744,0.0,0.0,0.0,0.0,-1.5707964,0.0
1970-01-01 00:00:00.115206008,0.115206008,0.0,0.0,0.0,0.0,255.7468,0.0,0.0,0.0,-1.5707964,0.0
1970-01-01 00:00:00.115209866,0.115209866,0.0,0.0,0.0,0.0,0.0,116.10828,0.0,0.0,-1.5707964,0.0
1970-01-01 00:00:00.115253495,0.115253495,0.0,86.8928,0.0,0.0,0.0,0.0,0.0,0.0,-1.5707964,0.0
1970-01-01 00:00:00.115253804,0.115253804,0.0,0.0,0.0,1563.572,0.0,0.0,0.0,0.0,-1.5707964,0.0
1970-01-01 00:00:00.115255355,0.115255355,0.0,0.0,0.0,0.0,0.0,246.79063,0.0,0.0,-1.5707964,0.0
1970-01-01 00:00:00.115265334,0.115265334,0.0,0.0,0.0,0.0,0.0,759.438,0.0,0.0,-1.5707964,0.0
1970-01-01 00:00:00.115283055,0.115283055,0.0,0.0,0.0,0.0,0.0,554.81134,0.0,0.0,-1.5707964,0.0
1970-01-01 00:00:00.115294885,0.115294885,0.0,0.0,136.10033,0.0,0.0,0.0,0.0,0.0,-1.5707964,0.0
1970-01-01 00:00:00.115306219,0.115306219,0.0,0.0,0.0,235.28969,0.0,0.0,0.0,0.0,-1.5707964,0.0
1970-01-01 00:00:00.115336391,0.115336391,0.0,0.0,0.0,0.0,112.33954,0.0,0.0,0.0,-1.5707964,0.0
1970-01-01 00:00:00.115356130,0.11535613,0.0,768.2642,0.0,0.0,0.0,0.0,0.0,0.0,-1.5707964,0.0
1970-01-01 00:00:00.115394515,0.115394515,0.0,0.0,0.0,123.67227,0.0,0.0,0.0,0.0,-1.5707964,0.0
1970-01-01 00:00:00.115425020,0.11542502,0.0,0.0,0.0,1051.6255,0.0,0.0,0.0,0.0,-1.5707964,0.0
1970-01-01 00:00:00.115464527,0.115464527,0.0,0.0,0.0,0.0,0.0,926.19885,0.0,0.0,-1.5707964,0.0
1970-01-01 00:00:00.115468127,0.115468127,0.0,0.0,0.0,104.66676,0.0,0.0,0.0,0.0,-1.5707964,0.0
1970-01-01 00:00:00.115482051,0.115482051,0.0,0.0,0.0,143.94354,0.0,0.0,0.0,0.0,-1.5707964,0.0
1970-01-01 00:00:00.115517920,0.11551792,0.0,89.47535,0.0,0.0,0.0,0.0,0.0,0.0,-1.5707964,0.0
1970-01-01 00:00:00.115600213,0.115600213,0.0,0.0,0.0,101.78004,0.0,0.0,0.0,0.0,-1.5707964,0.0
1970-01-01 00:00:00.115622907,0.115622907,0.0,0.0,0.0,424.2485,0.0,0.0,0.0,0.0,-1.5707964,0.0
1970-01-01 00:00:00.115631784,0.115631784,0.0,0.0,0.0,0.0,111.08921,0.0,0.0,0.0,-1.5707964,0.0
1970-01-01 00:00:00.115683259,0.115683259,0.0,0.0,0.0,377.46362,0.0,0.0,0.0,0.0,-1.5707964,0.0
1970-01-01 00:00:00.115701757,0.115701757,0.0,0.0,0.0,105.75773,0.0,0.0,0.0,0.0,-1.5707964,0.0
1970-01-01 00:00:00.115735431,0.115735431,0.0,0.0,0.0,0.0,353.23926,0.0,0.0,0.0,-1.5707964,0.0
1970-01-01 00:00:00.115736676,0.115736676,0.0,0.0,253.8243,0.0,0.0,0.0,0.0,0.0,-1.5707964,0.0
1970-01-01 00:00:00.115753394,0.115753394,0.0,126.105896,0.0,0.0,0.0,0.0,0.0,0.0,-1.5707964,0.0
1970-01-01 00:00:00.115839524,0.115839524,0.0,0.0,0.0,0.0,0.0,434.36282,0.0,0.0,-1.5707964,0.0
1970-01-01 00:00:00.115875265,0.115875265,0.0,0.0,0.0,146.6741,0.0,0.0,0.0,0.0,-1.5707964,0.0
1970-01-01 00:00:00.115913049,0.115913049,0.0,0.0,0.0,245.50368,0.0,0.0,0.0,0.0,-1.5707964,0.0
1970-01-01 00:00:00.115950840,0.11595084,0.0,0.0,156.41418,0.0,0.0,0.0,0.0,0.0,-1.5707964,0.0
1970-01-01 00:00:00.115985958,0.115985958,0.0,0.0,174.72314,0.0,0.0,0.0,0.0,0.0,-1.5707964,0.0
1970-01-01 00:00:00.116029802,0.116029802,0.0,0.0,0.0,371.8165,0.0,0.0,0.0,0.0,-1.5707964,0.0
1970-01-01 00:00:00.116140538,0.116140538,0.0,0.0,0.0,686.59607,0.0,0.0,0.0,0.0,-1.5707964,0.0
1970-01-01 00:00:00.116178482,0.116178482,0.0,458.57443,0.0,0.0,0.0,0.0,0.0,0.0,-1.5707964,0.0
1970-01-01 00:00:00.116192143,0.116192143,0.0,0.0,153.04631,0.0,0.0,0.0,0.0,0.0,-1.5707964,0.0
1970-01-01 00:00:00.116192943,0.116192943,0.0,0.0,0.0,0.0,0.0,108.01144,0.0,0.0,-1.5707964,0.0
1970-01-01 00:00:00.116207924,0.116207924,0.0,0.0,0.0,540.6742,0.0,0.0,0.0,0.0,-1.5707964,0.0
1970-01-01 00:00:00.116244103,0.116244103,0.0,0.0,0.0,621.14233,0.0,0.0,0.0,0.0,-1.5707964,0.0
1970-01-01 00:00:00.116244364,0.116244364,0.0,0.0,670.55145,0.0,0.0,0.0,0.0,0.0,-1.5707964,0.0
1970-01-01 00:00:00.116254032,0.116254032,0.0,243.07059,0.0,0.0,0.0,0.0,0.0,0.0,-1.5707964,0.0
1970-01-01 00:00:00.116279700,0.1162797,0.0,0.0,0.0,101.06873,0.0,0.0,0.0,0.0,-1.5707964,0.0
1970-01-01 00:00:00.116292833,0.116292833,0.0,0.0,0.0,716.5186,0.0,0.0,0.0,0.0,-1.5707964,0.0
1970-01-01 00:00:00.116292967,0.116292967,0.0,0.0,0.0,1165.8936,0.0,0.0,0.0,0.0,-1.5707964,0.0
1970-01-01 00:00:00.116301577,0.116301577,0.0,0.0,0.0,0.0,0.0,176.45265,0.0,0.0,-1.5707964,0.0
1970-01-01 00:00:00.116316697,0.116316697,0.0,0.0,0.0,570.07007,0.0,0.0,0.0,0.0,-1.5707964,0.0
1970-01-01 00:00:00.116343049,0.116343049,0.0,0.0,0.0,0.0,0.0,128.77742,0.0,0.0,-1.5707964,0.0
1970-01-01 00:00:00.116406102,0.116406102,245.10854,0.0,0.0,0.0,0.0,0.0,0.0,0.0,-1.5707964,0.0
1970-01-01 00:00:00.116428383,0.116428383,0.0,0.0,0.0,135.82597,0.0,0.0,0.0,0.0,-1.5707964,0.0
1970-01-01 00:00:00.116435182,0.116435182,0.0,0.0,0.0,396.54425,0.0,0.0,0.0,0.0,-1.5707964,0.0
1970-01-01 00:00:00.116449607,0.116449607,0.0,0.0,0.0,339.7473,0.0,0.0,0.0,0.0,-1.5707964,0.0
1970-01-01 00:00:00.116449607,0.116449607,0.0,0.0,0.0,575.45996,0.0,0.0,0.0,0.0,-1.5707964,0.0
1970-01-01 00:00:00.116459653,0.116459653,0.0,0.0,0.0,228.48083,0.0,0.0,0.0,0.0,-1.5707964,0.0
1970-01-01 00:00:00.116460442,0.116460442,0.0,0.0,0.0,0.0,242.42938,0.0,0.0,0.0,-1.5707964,0.0
1970-01-01 00:00:00.116461858,0.116461858,0.0,0.0,0.0,476.72333,0.0,0.0,0.0,0.0,-1.5707964,0.0
1970-01-01 00:00:00.116472276,0.116472276,0.0,0.0,0.0,746.5949,0.0,0.0,0.0,0.0,-1.5707964,0.0
1970-01-01 00:00:00.116523555,0.116523555,0.0,0.0,0.0,0.0,0.0,176.32664,0.0,0.0,-1.5707964,0.0
1970-01-01 00:00:00.116532867,0.116532867,0.0,0.0,0.0,0.0,0.0,123.814,0.0,0.0,-1.5707964,0.0
1970-01-01 00:00:00.116534675,0.116534675,0.0,0.0,449.1122,0.0,0.0,0.0,0.0,0.0,-1.5707964,0.0
1970-01-01 00:00:00.116546796,0.116546796,0.0,0.0,0.0,0.0,179.19699,0.0,0.0,0.0,-1.5707964,0.0
1970-01-01 00:00:00.116550852,0.116550852,0.0,0.0,0.0,243.74605,0.0,0.0,0.0,0.0,-1.5707964,0.0
1970-01-01 00:00:00.116610474,0.116610474,0.0,0.0,0.0,321.4719,0.0,0.0,0.0,0.0,-1.5707964,0.0
1970-01-01 00:00:00.116611312,0.116611312,0.0,0.0,0.0,82.03223,0.0,0.0,0.0,0.0,-1.5707964,0.0
1970-01-01 00:00:00.116638857,0.116638857,0.0,0.0,0.0,0.0,107.68363,0.0,0.0,0.0,-1.5707964,0.0
1970-01-01 00:00:00.116639569,0.116639569,0.0,0.0,146.4151,0.0,0.0,0.0,0.0,0.0,-1.5707964,0.0
1970-01-01 00:00:00.116652244,0.116652244,0.0,564.118,0.0,0.0,0.0,0.0,0.0,0.0,-1.5707964,0.0
1970-01-01 00:00:00.116725093,0.116725093,0.0,0.0,0.0,292.40076,0.0,0.0,0.0,0.0,-1.5707964,0.0
1970-01-01 00:00:00.116740809,0.116740809,0.0,0.0,0.0,0.0,0.0,594.185,0.0,0.0,-1.5707964,0.0
1970-01-01 00:00:00.116854408,0.116854408,0.0,0.0,0.0,1006.33655,0.0,0.0,0.0,0.0,-1.5707964,0.0
1970-01-01 00:00:00.116929802,0.116929802,0.0,162.7982,0.0,0.0,0.0,0.0,0.0,0.0,-1.5707964,0.0
1970-01-01 00:00:00.116962767,0.116962767,0.0,0.0,0.0,0.0,142.37822,0.0,0.0,0.0,-1.5707964,0.0
1970-01-01 00:00:00.116964164,0.116964164,0.0,0.0,98.14399,0.0,0.0,0.0,0.0,0.0,-1.5707964,0.0
1970-01-01 00:00:00.116964164,0.116964164,0.0,0.0,222.30145,0.0,0.0,0.0,0.0,0.0,-1.5707964,0.0
1970-01-01 00:00:00.116974231,0.116974231,0.0,0.0,0.0,0.0,188.01303,0.0,0.0,0.0,-1.5707964,0.0
1970-01-01 00:00:00.116981920,0.11698192,0.0,0.0,0.0,98.87629,0.0,0.0,0.0,0.0,-1.5707964,0.0
1970-01-01 00:00:00.116986566,0.116986566,0.0,0.0,0.0,224.96294,0.0,0.0,0.0,0.0,-1.5707964,0.0
1970-01-01 00:00:00.117030686,0.117030686,0.0,0.0,0.0,225.84267,0.0,0.0,0.0,0.0,-1.5707964,0.0
1970-01-01 00:00:00.117102705,0.117102705,0.0,0.0,0.0,0.0,0.0,1139.0698,0.0,0.0,-1.5707964,0.0
1970-01-01 00:00:00.117106690,0.11710669,0.0,0.0,0.0,0.0,555.1791,0.0,0.0,0.0,-1.5707964,0.0
1970-01-01 00:00:00.117140179,0.117140179,0.0,0.0,0.0,0.0,0.0,194.2392,0.0,0.0,-1.5707964,0.0
1970-01-01 00:00:00.117148070,0.11714807,0.0,0.0,0.0,342.17316,0.0,0.0,0.0,0.0,-1.5707964,0.0
1970-01-01 00:00:00.117162700,0.1171627,0.0,0.0,0.0,1660.4078,0.0,0.0,0.0,0.0,-1.5707964,0.0
1970-01-01 00:00:00.117172195,0.117172195,0.0,0.0,793.76416,0.0,0.0,0.0,0.0,0.0,-1.5707964,0.0
1970-01-01 00:00:00.117200650,0.11720065,0.0,0.0,0.0,0.0,0.0,155.95934,0.0,0.0,-1.5707964,0.0
1970-01-01 00:00:00.117208749,0.117208749,0.0,0.0,0.0,0.0,0.0,86.748,0.0,0.0,-1.5707964,0.0
1970-01-01 00:00:00.117257356,0.117257356,0.0,0.0,0.0,0.0,0.0,91.61732,0.0,0.0,-1.5707964,0.0
1970-01-01 00:00:00.117281892,0.117281892,0.0,0.0,0.0,119.72638,0.0,0.0,0.0,0.0,-1.5707964,0.0
1970-01-01 00:00:00.117282897,0.117282897,0.0,0.0,0.0,266.46375,0.0,0.0,0.0,0.0,-1.5707964,0.0
1970-01-01 00:00:00.117292879,0.117292879,0.0,0.0,0.0,188.67975,0.0,0.0,0.0,0.0,-1.5707964,0.0
1970-01-01 00:00:00.117304793,0.117304793,0.0,1381.9697,0.0,0.0,0.0,0.0,0.0,0.0,-1.5707964,0.0
1970-01-01 00:00:00.117313506,0.117313506,0.0,0.0,0.0,392.42044,0.0,0.0,0.0,0.0,-1.5707964,0.0
1970-01-01 00:00:00.117340176,0.117340176,0.0,0.0,0.0,0.0,0.0,215.46179,0.0,0.0,-1.5707964,0.0
1970-01-01 00:00:00.117342923,0.117342923,0.0,0.0,0.0,0.0,0.0,711.926,0.0,0.0,-1.5707964,0.0
1970-01-01 00:00:00.117384737,0.117384737,0.0,0.0,0.0,0.0,178.10608,0.0,0.0,0.0,-1.5707964,0.0
1970-01-01 00:00:00.117386990,0.11738699,0.0,0.0,0.0,594.8603,0.0,0.0,0.0,0.0,-1.5707964,0.0
1970-01-01 00:00:00.117394694,0.117394694,0.0,0.0,0.0,179.31523,0.0,0.0,0.0,0.0,-1.5707964,0.0
1970-01-01 00:00:00.117417763,0.117417763,0.0,0.0,0.0,0.0,0.0,112.608444,0.0,0.0,-1.5707964,0.0
1970-01-01 00:00:00.117453711,0.117453711,0.0,0.0,0.0,276.7591,0.0,0.0,0.0,0.0,-1.5707964,0.0
1970-01-01 00:00:00.117471970,0.11747197,0.0,0.0,0.0,1310.366,0.0,0.0,0.0,0.0,-1.5707964,0.0
1970-01-01 00:00:00.117538624,0.117538624,0.0,0.0,0.0,155.78635,0.0,0.0,0.0,0.0,-1.5707964,0.0
1970-01-01 00:00:00.117545493,0.117545493,0.0,0.0,0.0,215.16054,0.0,0.0,0.0,0.0,-1.5707964,0.0
1970-01-01 00:00:00.117598740,0.11759874,0.0,0.0,0.0,98.03061,0.0,0.0,0.0,0.0,-1.5707964,0.0
1970-01-01 00:00:00.117621746,0.117621746,0.0,0.0,0.0,0.0,0.0,224.44249,0.0,0.0,-1.5707964,0.0
1970-01-01 00:00:00.117624592,0.117624592,0.0,0.0,298.2658,0.0,0.0,0.0,0.0,0.0,-1.5707964,0.0
1970-01-01 00:00:00.117654355,0.117654355,0.0,0.0,0.0,965.09235,0.0,0.0,0.0,0.0,-1.5707964,0.0
1970-01-01 00:00:00.117665223,0.117665223,0.0,0.0,0.0,1008.32086,0.0,0.0,0.0,0.0,-1.5707964,0.0
1970-01-01 00:00:00.117771139,0.117771139,0.0,0.0,0.0,0.0,122.94547,0.0,0.0,0.0,-1.5707964,0.0
1970-01-01 00:00:00.117837446,0.117837446,0.0,0.0,0.0,684.6247,0.0,0.0,0.0,0.0,-1.5707964,0.0
1970-01-01 00:00:00.117841540,0.11784154,0.0,0.0,0.0,196.03452,0.0,0.0,0.0,0.0,-1.5707964,0.0
1970-01-01 00:00:00.117854670,0.11785467,0.0,0.0,0.0,0.0,0.0,548.27563,0.0,0.0,-1.5707964,0.0
1970-01-01 00:00:00.117878594,0.117878594,0.0,0.0,0.0,0.0,158.38873,0.0,0.0,0.0,-1.5707964,0.0
1970-01-01 00:00:00.117898659,0.117898659,0.0,0.0,0.0,115.130554,0.0,0.0,0.0,0.0,-1.5707964,0.0
1970-01-01 00:00:00.117914332,0.117914332,0.0,0.0,0.0,103.67268,0.0,0.0,0.0,0.0,-1.5707964,0.0
1970-01-01 00:00:00.117923033,0.117923033,0.0,0.0,0.0,758.1368,0.0,0.0,0.0,0.0,-1.5707964,0.0
1970-01-01 00:00:00.117937856,0.117937856,0.0,0.0,0.0,417.13358,0.0,0.0,0.0,0.0,-1.5707964,0.0
1970-01-01 00:00:00.117952281,0.117952281,0.0,0.0,308.11084,0.0,0.0,0.0,0.0,0.0,-1.5707964,0.0
1970-01-01 00:00:00.117958044,0.117958044,0.0,0.0,0.0,0.0,217.78195,0.0,0.0,0.0,-1.5707964,0.0
1970-01-01 00:00:00.117962482,0.117962482,0.0,0.0,0.0,0.0,0.0,246.02899,0.0,0.0,-1.5707964,0.0
1970-01-01 00:00:00.118012284,0.118012284,0.0,0.0,0.0,336.93472,0.0,0.0,0.0,0.0,-1.5707964,0.0
1970-01-01 00:00:00.118019560,0.11801956,0.0,0.0,0.0,0.0,246.5079,0.0,0.0,0.0,-1.5707964,0.0
1970-01-01 00:00:00.118029630,0.11802963,0.0,0.0,221.31766,0.0,0.0,0.0,0.0,0.0,-1.5707964,0.0
1970-01-01 00:00:00.118098528,0.118098528,0.0,0.0,0.0,0.0,337.49817,0.0,0.0,0.0,-1.5707964,0.0
1970-01-01 00:00:00.118107821,0.118107821,0.0,0.0,488.39407,0.0,0.0,0.0,0.0,0.0,-1.5707964,0.0
1970-01-01 00:00:00.118120200,0.1181202,0.0,0.0,392.12674,0.0,0.0,0.0,0.0,0.0,-1.5707964,0.0
1970-01-01 00:00:00.118190952,0.118190952,0.0,0.0,0.0,232.75687,0.0,0.0,0.0,0.0,-1.5707964,0.0
1970-01-01 00:00:00.118258543,0.118258543,0.0,0.0,0.0,155.49687,0.0,0.0,0.0,0.0,-1.5707964,0.0
1970-01-01 00:00:00.118261583,0.118261583,0.0,0.0,0.0,0.0,0.0,205.00665,0.0,0.0,-1.5707964,0.0
1970-01-01 00:00:00.118265227,0.118265227,0.0,755.1623,0.0,0.0,0.0,0.0,0.0,0.0,-1.5707964,0.0
1970-01-01 00:00:00.118275929,0.118275929,0.0,235.16599,0.0,0.0,0.0,0.0,0.0,0.0,-1.5707964,0.0
1970-01-01 00:00:00.118321204,0.118321204,0.0,0.0,504.54736,0.0,0.0,0.0,0.0,0.0,-1.5707964,0.0
1970-01-01 00:00:00.118357591,0.118357591,0.0,626.95654,0.0,0.0,0.0,0.0,0.0,0.0,-1.5707964,0.0
1970-01-01 00:00:00.118386681,0.118386681,0.0,0.0,283.889,0.0,0.0,0.0,0.0,0.0,-1.5707964,0.0
1970-01-01 00:00:00.118400975,0.118400975,0.0,0.0,0.0,0.0,0.0,200.09254,0.0,0.0,-1.5707964,0.0
1970-01-01 00:00:00.118407892,0.118407892,0.0,0.0,0.0,785.1588,0.0,0.0,0.0,0.0,-1.5707964,0.0
1970-01-01 00:00:00.118422067,0.118422067,0.0,0.0,0.0,289.86542,0.0,0.0,0.0,0.0,-1.5707964,0.0
1970-01-01 00:00:00.118440821,0.118440821,0.0,0.0,0.0,392.59793,0.0,0.0,0.0,0.0,-1.5707964,0.0
1970-01-01 00:00:00.118514657,0.118514657,0.0,0.0,0.0,0.0,140.55469,0.0,0.0,0.0,-1.5707964,0.0
1970-01-01 00:00:00.118529374,0.118529374,137.25925,0.0,0.0,0.0,0.0,0.0,0.0,0.0,-1.5707964,0.0
1970-01-01 00:00:00.118529374,0.118529374,0.0,0.0,0.0,327.01437,0.0,0.0,0.0,0.0,-1.5707964,0.0
1970-01-01 00:00:00.118539873,0.118539873,0.0,0.0,0.0,181.89212,0.0,0.0,0.0,0.0,-1.5707964,0.0
1970-01-01 00:00:00.118586273,0.118586273,0.0,369.54706,0.0,0.0,0.0,0.0,0.0,0.0,-1.5707964,0.0
1970-01-01 00:00:00.118598908,0.118598908,0.0,181.86606,0.0,0.0,0.0,0.0,0.0,0.0,-1.5707964,0.0
1970-01-01 00:00:00.118614833,0.118614833,0.0,0.0,0.0,754.774,0.0,0.0,0.0,0.0,-1.5707964,0.0
1970-01-01 00:00:00.118619236,0.118619236,0.0,0.0,98.83557,0.0,0.0,0.0,0.0,0.0,-1.5707964,0.0
1970-01-01 00:00:00.118619733,0.118619733,0.0,0.0,0.0,0.0,0.0,85.4794,0.0,0.0,-1.5707964,0.0
1970-01-01 00:00:00.118632925,0.118632925,0.0,0.0,0.0,784.0209,0.0,0.0,0.0,0.0,-1.5707964,0.0
1970-01-01 00:00:00.118642017,0.118642017,0.0,0.0,0.0,327.31024,0.0,0.0,0.0,0.0,-1.5707964,0.0
1970-01-01 00:00:00.118647696,0.118647696,0.0,0.0,335.13452,0.0,0.0,0.0,0.0,0.0,-1.5707964,0.0
1970-01-01 00:00:00.118659773,0.118659773,0.0,308.43576,0.0,0.0,0.0,0.0,0.0,0.0,-1.5707964,0.0
1970-01-01 00:00:00.118669995,0.118669995,351.76254,0.0,0.0,0.0,0.0,0.0,0.0,0.0,-1.5707964,0.0
1970-01-01 00:00:00.118674851,0.118674851,0.0,0.0,401.69415,0.0,0.0,0.0,0.0,0.0,-1.5707964,0.0
1970-01-01 00:00:00.118735500,0.1187355,0.0,0.0,0.0,152.03008,0.0,0.0,0.0,0.0,-1.5707964,0.0
1970-01-01 00:00:00.118746038,0.118746038,0.0,686.0135,0.0,0.0,0.0,0.0,0.0,0.0,-1.5707964,0.0
1970-01-01 00:00:00.118746038,0.118746038,0.0,0.0,0.0,120.80317,0.0,0.0,0.0,0.0,-1.5707964,0.0
1970-01-01 00:00:00.118796461,0.118796461,0.0,0.0,0.0,591.8575,0.0,0.0,0.0,0.0,-1.5707964,0.0
1970-01-01 00:00:00.118815301,0.118815301,0.0,307.75476,0.0,0.0,0.0,0.0,0.0,0.0,-1.5707964,0.0
1970-01-01 00:00:00.118861657,0.118861657,0.0,0.0,0.0,181.14964,0.0,0.0,0.0,0.0,-1.5707964,0.0
1970-01-01 00:00:00.118955781,0.118955781,0.0,0.0,315.2864,0.0,0.0,0.0,0.0,0.0,-1.5707964,0.0
1970-01-01 00:00:00.118963086,0.118963086,0.0,0.0,605.5496,0.0,0.0,0.0,0.0,0.0,-1.5707964,0.0
1970-01-01 00:00:00.119040974,0.119040974,0.0,0.0,113.312004,0.0,0.0,0.0,0.0,0.0,-1.5707964,0.0
1970-01-01 00:00:00.119047506,0.119047506,0.0,0.0,0.0,129.55919,0.0,0.0,0.0,0.0,-1.5707964,0.0
1970-01-01 00:00:00.119058147,0.119058147,0.0,0.0,0.0,0.0,0.0,327.15704,0.0,0.0,-1.5707964,0.0
1970-01-01 00:00:00.119064824,0.119064824,0.0,0.0,0.0,157.57889,0.0,0.0,0.0,0.0,-1.5707964,0.0
1970-01-01 00:00:00.119143417,0.119143417,0.0,0.0,0.0,0.0,0.0,326.03952,0.0,0.0,-1.5707964,0.0
1970-01-01 00:00:00.119149277,0.119149277,0.0,0.0,1008.75446,0.0,0.0,0.0,0.0,0.0,-1.5707964,0.0
1970-01-01 00:00:00.119176711,0.119176711,0.0,0.0,0.0,232.93552,0.0,0.0,0.0,0.0,-1.5707964,0.0
1970-01-01 00:00:00.119182399,0.119182399,0.0,0.0,0.0,541.0662,0.0,0.0,0.0,0.0,-1.5707964,0.0
1970-01-01 00:00:00.119199224,0.119199224,0.0,0.0,426.09924,0.0,0.0,0.0,0.0,0.0,-1.5707964,0.0
1970-01-01 00:00:00.119268644,0.119268644,0.0,0.0,0.0,0.0,0.0,834.41034,0.0,0.0,-1.5707964,0.0
1970-01-01 00:00:00.119307306,0.119307306,0.0,0.0,1882.0736,0.0,0.0,0.0,0.0,0.0,-1.5707964,0.0
1970-01-01 00:00:00.119333797,0.119333797,0.0,0.0,0.0,85.96223,0.0,0.0,0.0,0.0,-1.5707964,0.0
1970-01-01 00:00:00.119335428,0.119335428,0.0,0.0,730.72034,0.0,0.0,0.0,0.0,0.0,-1.5707964,0.0
1970-01-01 00:00:00.119343037,0.119343037,0.0,0.0,0.0,221.65202,0.0,0.0,0.0,0.0,-1.5707964,0.0
1970-01-01 00:00:00.119462209,0.119462209,0.0,2123.9995,0.0,0.0,0.0,0.0,0.0,0.0,-1.5707964,0.0
1970-01-01 00:00:00.119464554,0.119464554,0.0,0.0,0.0,0.0,148.0008,0.0,0.0,0.0,-1.5707964,0.0
1970-01-01 00:00:00.119526820,0.11952682,0.0,0.0,0.0,1693.7821,0.0,0.0,0.0,0.0,-1.5707964,0.0
1970-01-01 00:00:00.119621614,0.119621614,0.0,0.0,0.0,0.0,687.0712,0.0,0.0,0.0,-1.5707964,0.0
1970-01-01 00:00:00.119624112,0.119624112,0.0,0.0,0.0,296.24146,0.0,0.0,0.0,0.0,-1.5707964,0.0
1970-01-01 00:00:00.119625753,0.119625753,0.0,0.0,564.66223,0.0,0.0,0.0,0.0,0.0,-1.5707964,0.0
1970-01-01 00:00:00.119655675,0.119655675,0.0,0.0,374.0943,0.0,0.0,0.0,0.0,0.0,-1.5707964,0.0
1970-01-01 00:00:00.119656001,0.119656001,0.0,0.0,132.22476,0.0,0.0,0.0,0.0,0.0,-1.5707964,0.0
1970-01-01 00:00:00.119679439,0.119679439,0.0,0.0,0.0,540.9828,0.0,0.0,0.0,0.0,-1.5707964,0.0
1970-01-01 00:00:00.119702627,0.119702627,0.0,0.0,0.0,1553.3412,0.0,0.0,0.0,0.0,-1.5707964,0.0
1970-01-01 00:00:00.119775635,0.119775635,0.0,0.0,0.0,0.0,0.0,444.9987,0.0,0.0,-1.5707964,0.0
1970-01-01 00:00:00.119777330,0.11977733,0.0,0.0,0.0,83.02698,0.0,0.0,0.0,0.0,-1.5707964,0.0
1970-01-01 00:00:00.119777668,0.119777668,0.0,0.0,0.0,0.0,0.0,1103.7919,0.0,0.0,-1.5707964,0.0
1970-01-01 00:00:00.119791269,0.119791269,0.0,0.0,0.0,129.43602,0.0,0.0,0.0,0.0,-1.5707964,0.0
1970-01-01 00:00:00.119848542,0.119848542,0.0,1282.1285,0.0,0.0,0.0,0.0,0.0,0.0,-1.5707964,0.0
1970-01-01 00:00:00.119848542,0.119848542,0.0,0.0,0.0,0.0,0.0,270.3593,0.0,0.0,-1.5707964,0.0
1970-01-01 00:00:00.119851656,0.119851656,0.0,0.0,199.02794,0.0,0.0,0.0,0.0,0.0,-1.5707964,0.0
1970-01-01 00:00:00.119922592,0.119922592,0.0,0.0,0.0,265.39093,0.0,0.0,0.0,0.0,-1.5707964,0.0
1970-01-01 00:00:00.120002165,0.120002165,0.0,0.0,0.0,83.37705,0.0,0.0,0.0,0.0,-1.5707964,0.0
1970-01-01 00:00:00.120009244,0.120009244,123.956436,0.0,0.0,0.0,0.0,0.0,0.0,0.0,-1.5707964,0.0
1970-01-01 00:00:00.120009244,0.120009244,0.0,0.0,0.0,103.827225,0.0,0.0,0.0,0.0,-1.5707964,0.0
1970-01-01 00:00:00.120016278,0.120016278,0.0,0.0,0.0,758.39154,0.0,0.0,0.0,0.0,-1.5707964,0.0
1970-01-01 00:00:00.120030012,0.120030012,0.0,1175.18,0.0,0.0,0.0,0.0,0.0,0.0,-1.5707964,0.0
1970-01-01 00:00:00.120111504,0.120111504,0.0,0.0,0.0,0.0,0.0,206.86812,0.0,0.0,-1.5707964,0.0
1970-01-01 00:00:00.120157406,0.120157406,0.0,0.0,0.0,0.0,1238.9185,0.0,0.0,0.0,-1.5707964,0.0
1970-01-01 00:00:00.120165989,0.120165989,0.0,0.0,0.0,0.0,115.526955,0.0,0.0,0.0,-1.5707964,0.0
1970-01-01 00:00:00.120167717,0.120167717,0.0,330.4754,0.0,0.0,0.0,0.0,0.0,0.0,-1.5707964,0.0
1970-01-01 00:00:00.120186759,0.120186759,0.0,0.0,529.5156,0.0,0.0,0.0,0.0,0.0,-1.5707964,0.0
1970-01-01 00:00:00.120206862,0.120206862,0.0,0.0,0.0,0.0,0.0,232.24983,0.0,0.0,-1.5707964,0.0
1970-01-01 00:00:00.120257892,0.120257892,0.0,0.0,1287.7786,0.0,0.0,0.0,0.0,0.0,-1.5707964,0.0
1970-01-01 00:00:00.120293915,0.120293915,0.0,0.0,0.0,332.0496,0.0,0.0,0.0,0.0,-1.5707964,0.0
1970-01-01 00:00:00.120296565,0.120296565,0.0,0.0,0.0,0.0,0.0,219.57945,0.0,0.0,-1.5707964,0.0
1970-01-01 00:00:00.120347703,0.120347703,0.0,0.0,0.0,166.72932,0.0,0.0,0.0,0.0,-1.5707964,0.0
1970-01-01 00:00:00.120419709,0.120419709,0.0,212.6588,0.0,0.0,0.0,0.0,0.0,0.0,-1.5707964,0.0
1970-01-01 00:00:00.120434090,0.12043409,0.0,200.26036,0.0,0.0,0.0,0.0,0.0,0.0,-1.5707964,0.0
1970-01-01 00:00:00.120446743,0.120446743,0.0,0.0,0.0,150.40176,0.0,0.0,0.0,0.0,-1.5707964,0.0
1970-01-01 00:00:00.120462531,0.120462531,0.0,0.0,0.0,243.85223,0.0,0.0,0.0,0.0,-1.5707964,0.0
1970-01-01 00:00:00.120473551,0.120473551,767.6524,0.0,0.0,0.0,0.0,0.0,0.0,0.0,-1.5707964,0.0
1970-01-01 00:00:00.120509142,0.120509142,0.0,0.0,0.0,0.0,0.0,212.523,0.0,0.0,-1.5707964,0.0
1970-01-01 00:00:00.120540341,0.120540341,0.0,0.0,239.2706,0.0,0.0,0.0,0.0,0.0,-1.5707964,0.0
1970-01-01 00:00:00.120552497,0.120552497,0.0,0.0,0.0,0.0,509.96146,0.0,0.0,0.0,-1.5707964,0.0
1970-01-01 00:00:00.120559293,0.120559293,0.0,0.0,0.0,375.13287,0.0,0.0,0.0,0.0,-1.5707964,0.0
1970-01-01 00:00:00.120640130,0.12064013,0.0,0.0,0.0,201.47876,0.0,0.0,0.0,0.0,-1.5707964,0.0
1970-01-01 00:00:00.120661074,0.120661074,0.0,0.0,0.0,519.7588,0.0,0.0,0.0,0.0,-1.5707964,0.0
1970-01-01 00:00:00.120665087,0.120665087,0.0,0.0,646.92377,0.0,0.0,0.0,0.0,0.0,-1.5707964,0.0
1970-01-01 00:00:00.120686701,0.120686701,0.0,0.0,200.81975,0.0,0.0,0.0,0.0,0.0,-1.5707964,0.0
1970-01-01 00:00:00.120710963,0.120710963,0.0,0.0,0.0,418.2441,0.0,0.0,0.0,0.0,-1.5707964,0.0
1970-01-01 00:00:00.120729356,0.120729356,0.0,0.0,0.0,342.2407,0.0,0.0,0.0,0.0,-1.5707964,0.0
1970-01-01 00:00:00.120742383,0.120742383,0.0,0.0,0.0,703.8242,0.0,0.0,0.0,0.0,-1.5707964,0.0
1970-01-01 00:00:00.120759829,0.120759829,322.53586,0.0,0.0,0.0,0.0,0.0,0.0,0.0,-1.5707964,0.0
1970-01-01 00:00:00.120821385,0.120821385,0.0,0.0,0.0,514.6072,0.0,0.0,0.0,0.0,-1.5707964,0.0
1970-01-01 00:00:00.120841726,0.120841726,0.0,0.0,0.0,750.4239,0.0,0.0,0.0,0.0,-1.5707964,0.0
1970-01-01 00:00:00.120856826,0.120856826,0.0,0.0,0.0,131.05339,0.0,0.0,0.0,0.0,-1.5707964,0.0
1970-01-01 00:00:00.120877401,0.120877401,0.0,0.0,0.0,334.10614,0.0,0.0,0.0,0.0,-1.5707964,0.0
1970-01-01 00:00:00.120879196,0.120879196,0.0,0.0,0.0,1559.7947,0.0,0.0,0.0,0.0,-1.5707964,0.0
1970-01-01 00:00:00.120888211,0.120888211,0.0,0.0,253.09221,0.0,0.0,0.0,0.0,0.0,-1.5707964,0.0
1970-01-01 00:00:00.120905520,0.12090552,0.0,0.0,0.0,1480.7712,0.0,0.0,0.0,0.0,-1.5707964,0.0
1970-01-01 00:00:00.120918260,0.12091826,0.0,0.0,0.0,0.0,0.0,250.17572,0.0,0.0,-1.5707964,0.0
1970-01-01 00:00:00.120957630,0.12095763,0.0,0.0,0.0,0.0,86.208435,0.0,0.0,0.0,-1.5707964,0.0
1970-01-01 00:00:00.120959635,0.120959635,141.47556,0.0,0.0,0.0,0.0,0.0,0.0,0.0,-1.5707964,0.0
1970-01-01 00:00:00.120979948,0.120979948,0.0,269.68066,0.0,0.0,0.0,0.0,0.0,0.0,-1.5707964,0.0
1970-01-01 00:00:00.121004808,0.121004808,95.23649,0.0,0.0,0.0,0.0,0.0,0.0,0.0,-1.5707964,0.0
1970-01-01 00:00:00.121066403,0.121066403,0.0,0.0,0.0,469.6798,0.0,0.0,0.0,0.0,-1.5707964,0.0
1970-01-01 00:00:00.121111619,0.121111619,0.0,0.0,0.0,0.0,156.9457,0.0,0.0,0.0,-1.5707964,0.0
1970-01-01 00:00:00.121149389,0.121149389,0.0,0.0,0.0,97.724365,0.0,0.0,0.0,0.0,-1.5707964,0.0
1970-01-01 00:00:00.121167376,0.121167376,0.0,0.0,0.0,0.0,0.0,1593.3823,0.0,0.0,-1.5707964,0.0
1970-01-01 00:00:00.121191156,0.121191156,0.0,0.0,381.39865,0.0,0.0,0.0,0.0,0.0,-1.5707964,0.0
1970-01-01 00:00:00.121240628,0.121240628,0.0,0.0,97.163,0.0,0.0,0.0,0.0,0.0,-1.5707964,0.0
1970-01-01 00:00:00.121258996,0.121258996,0.0,428.87833,0.0,0.0,0.0,0.0,0.0,0.0,-1.5707964,0.0
1970-01-01 00:00:00.121267555,0.121267555,0.0,181.14227,0.0,0.0,0.0,0.0,0.0,0.0,-1.5707964,0.0
1970-01-01 00:00:00.121309076,0.121309076,0.0,0.0,0.0,0.0,1894.3729,0.0,0.0,0.0,-1.5707964,0.0
1970-01-01 00:00:00.121309572,0.121309572,0.0,0.0,0.0,123.19815,0.0,0.0,0.0,0.0,-1.5707964,0.0
1970-01-01 00:00:00.121333729,0.121333729,0.0,0.0,0.0,0.0,0.0,1434.2689,0.0,0.0,-1.5707964,0.0
1970-01-01 00:00:00.121342777,0.121342777,0.0,0.0,0.0,126.69965,0.0,0.0,0.0,0.0,-1.5707964,0.0
1970-01-01 00:00:00.121373573,0.121373573,0.0,0.0,0.0,0.0,765.40607,0.0,0.0,0.0,-1.5707964,0.0
1970-01-01 00:00:00.121484206,0.121484206,0.0,0.0,174.57097,0.0,0.0,0.0,0.0,0.0,-1.5707964,0.0
1970-01-01 00:00:00.121486981,0.121486981,0.0,0.0,0.0,0.0,0.0,318.59143,0.0,0.0,-1.5707964,0.0
1970-01-01 00:00:00.121498883,0.121498883,0.0,0.0,0.0,213.0351,0.0,0.0,0.0,0.0,-1.5707964,0.0
1970-01-01 00:00:00.121504969,0.121504969,0.0,268.29633,0.0,0.0,0.0,0.0,0.0,0.0,-1.5707964,0.0
1970-01-01 00:00:00.121515575,0.121515575,0.0,3730.067,0.0,0.0,0.0,0.0,0.0,0.0,-1.5707964,0.0
1970-01-01 00:00:00.121529412,0.121529412,0.0,0.0,0.0,0.0,0.0,314.22488,0.0,0.0,-1.5707964,0.0
1970-01-01 00:00:00.121543391,0.121543391,0.0,0.0,0.0,132.55132,0.0,0.0,0.0,0.0,-1.5707964,0.0
1970-01-01 00:00:00.121553072,0.121553072,0.0,0.0,0.0,0.0,0.0,255.21269,0.0,0.0,-1.5707964,0.0
1970-01-01 00:00:00.121556239,0.121556239,0.0,0.0,0.0,1154.1697,0.0,0.0,0.0,0.0,-1.5707964,0.0
1970-01-01 00:00:00.121556452,0.121556452,0.0,0.0,0.0,498.68713,0.0,0.0,0.0,0.0,-1.5707964,0.0
1970-01-01 00:00:00.121563161,0.121563161,0.0,0.0,0.0,0.0,244.06277,0.0,0.0,0.0,-1.5707964,0.0
1970-01-01 00:00:00.121595598,0.121595598,0.0,0.0,0.0,203.5099,0.0,0.0,0.0,0.0,-1.5707964,0.0
1970-01-01 00:00:00.121626446,0.121626446,0.0,0.0,0.0,0.0,0.0,206.20769,0.0,0.0,-1.5707964,0.0
1970-01-01 00:00:00.121647891,0.121647891,0.0,210.1167,0.0,0.0,0.0,0.0,0.0,0.0,-1.5707964,0.0
1970-01-01 00:00:00.121660471,0.121660471,0.0,0.0,0.0,0.0,0.0,223.77661,0.0,0.0,-1.5707964,0.0
1970-01-01 00:00:00.121690353,0.121690353,0.0,0.0,270.9786,0.0,0.0,0.0,0.0,0.0,-1.5707964,0.0
1970-01-01 00:00:00.121711585,0.121711585,0.0,0.0,0.0,0.0,446.2923,0.0,0.0,0.0,-1.5707964,0.0
1970-01-01 00:00:00.121711585,0.121711585,0.0,0.0,0.0,163.96211,0.0,0.0,0.0,0.0,-1.5707964,0.0
1970-01-01 00:00:00.121728140,0.12172814,0.0,0.0,173.88411,0.0,0.0,0.0,0.0,0.0,-1.5707964,0.0
1970-01-01 00:00:00.121787902,0.121787902,0.0,0.0,0.0,294.4013,0.0,0.0,0.0,0.0,-1.5707964,0.0
1970-01-01 00:00:00.121791037,0.121791037,0.0,0.0,0.0,0.0,176.22612,0.0,0.0,0.0,-1.5707964,0.0
1970-01-01 00:00:00.121791672,0.121791672,0.0,0.0,678.16895,0.0,0.0,0.0,0.0,0.0,-1.5707964,0.0
1970-01-01 00:00:00.121801215,0.121801215,0.0,0.0,0.0,0.0,0.0,660.0514,0.0,0.0,-1.5707964,0.0
1970-01-01 00:00:00.121805186,0.121805186,0.0,0.0,0.0,236.00752,0.0,0.0,0.0,0.0,-1.5707964,0.0
1970-01-01 00:00:00.121831423,0.121831423,0.0,0.0,0.0,0.0,0.0,169.0835,0.0,0.0,-1.5707964,0.0
1970-01-01 00:00:00.121833393,0.121833393,0.0,119.188644,0.0,0.0,0.0,0.0,0.0,0.0,-1.5707964,0.0
1970-01-01 00:00:00.121853605,0.121853605,0.0,0.0,0.0,0.0,0.0,274.20407,0.0,0.0,-1.5707964,0.0
1970-01-01 00:00:00.121860859,0.121860859,0.0,0.0,0.0,81.715385,0.0,0.0,0.0,0.0,-1.5707964,0.0
1970-01-01 00:00:00.121876016,0.121876016,0.0,0.0,0.0,1691.6301,0.0,0.0,0.0,0.0,-1.5707964,0.0
1970-01-01 00:00:00.121911824,0.121911824,0.0,0.0,1142.0613,0.0,0.0,0.0,0.0,0.0,-1.5707964,0.0
1970-01-01 00:00:00.121937563,0.121937563,0.0,0.0,0.0,0.0,314.7554,0.0,0.0,0.0,-1.5707964,0.0
1970-01-01 00:00:00.122040584,0.122040584,0.0,0.0,0.0,0.0,0.0,148.94415,0.0,0.0,-1.5707964,0.0
1970-01-01 00:00:00.122048523,0.122048523,0.0,0.0,0.0,2455.1755,0.0,0.0,0.0,0.0,-1.5707964,0.0
1970-01-01 00:00:00.122062621,0.122062621,0.0,0.0,0.0,0.0,1641.6659,0.0,0.0,0.0,-1.5707964,0.0
1970-01-01 00:00:00.122074376,0.122074376,0.0,0.0,0.0,0.0,0.0,337.355,0.0,0.0,-1.5707964,0.0
1970-01-01 00:00:00.122097709,0.122097709,0.0,0.0,0.0,0.0,785.90857,0.0,0.0,0.0,-1.5707964,0.0
1970-01-01 00:00:00.122101460,0.12210146,0.0,0.0,84.9614,0.0,0.0,0.0,0.0,0.0,-1.5707964,0.0
1970-01-01 00:00:00.122122928,0.122122928,0.0,0.0,0.0,0.0,0.0,300.01675,0.0,0.0,-1.5707964,0.0
1970-01-01 00:00:00.122136218,0.122136218,0.0,0.0,0.0,261.31015,0.0,0.0,0.0,0.0,-1.5707964,0.0
1970-01-01 00:00:00.122155110,0.12215511,0.0,0.0,381.90945,0.0,0.0,0.0,0.0,0.0,-1.5707964,0.0
1970-01-01 00:00:00.122155731,0.122155731,134.10689,0.0,0.0,0.0,0.0,0.0,0.0,0.0,-1.5707964,0.0
1970-01-01 00:00:00.122186587,0.122186587,0.0,0.0,526.4625,0.0,0.0,0.0,0.0,0.0,-1.5707964,0.0
1970-01-01 00:00:00.122199637,0.122199637,0.0,96.523834,0.0,0.0,0.0,0.0,0.0,0.0,-1.5707964,0.0
1970-01-01 00:00:00.122203242,0.122203242,0.0,0.0,0.0,0.0,121.269966,0.0,0.0,0.0,-1.5707964,0.0
1970-01-01 00:00:00.122371404,0.122371404,0.0,192.33704,0.0,0.0,0.0,0.0,0.0,0.0,-1.5707964,0.0
1970-01-01 00:00:00.122426891,0.122426891,0.0,0.0,0.0,130.33035,0.0,0.0,0.0,0.0,-1.5707964,0.0
1970-01-01 00:00:00.122439284,0.122439284,0.0,0.0,0.0,0.0,0.0,87.43781,0.0,0.0,-1.5707964,0.0
1970-01-01 00:00:00.122441253,0.122441253,0.0,1346.1782,0.0,0.0,0.0,0.0,0.0,0.0,-1.5707964,0.0
1970-01-01 00:00:00.122441253,0.122441253,0.0,0.0,0.0,379.01324,0.0,0.0,0.0,0.0,-1.5707964,0.0
1970-01-01 00:00:00.122460472,0.122460472,0.0,0.0,350.40308,0.0,0.0,0.0,0.0,0.0,-1.5707964,0.0
1970-01-01 00:00:00.122489814,0.122489814,0.0,0.0,0.0,0.0,0.0,385.4728,0.0,0.0,-1.5707964,0.0
1970-01-01 00:00:00.122493769,0.122493769,0.0,0.0,0.0,102.465,0.0,0.0,0.0,0.0,-1.5707964,0.0
1970-01-01 00:00:00.122507684,0.122507684,0.0,701.4168,0.0,0.0,0.0,0.0,0.0,0.0,-1.5707964,0.0
1970-01-01 00:00:00.122560422,0.122560422,0.0,0.0,0.0,0.0,911.09955,0.0,0.0,0.0,-1.5707964,0.0
1970-01-01 00:00:00.122582854,0.122582854,0.0,0.0,0.0,196.32103,0.0,0.0,0.0,0.0,-1.5707964,0.0
1970-01-01 00:00:00.122583200,0.1225832,0.0,0.0,0.0,107.92962,0.0,0.0,0.0,0.0,-1.5707964,0.0
1970-01-01 00:00:00.122585728,0.122585728,0.0,0.0,0.0,0.0,429.18927,0.0,0.0,0.0,-1.5707964,0.0
1970-01-01 00:00:00.122609267,0.122609267,0.0,0.0,0.0,487.08777,0.0,0.0,0.0,0.0,-1.5707964,0.0
1970-01-01 00:00:00.122642631,0.122642631,0.0,0.0,0.0,386.68262,0.0,0.0,0.0,0.0,-1.5707964,0.0
1970-01-01 00:00:00.122650499,0.122650499,0.0,0.0,0.0,850.5755,0.0,0.0,0.0,0.0,-1.5707964,0.0
1970-01-01 00:00:00.122659768,0.122659768,0.0,0.0,0.0,536.8183,0.0,0.0,0.0,0.0,-1.5707964,0.0
1970-01-01 00:00:00.122663730,0.12266373,0.0,0.0,395.72244,0.0,0.0,0.0,0.0,0.0,-1.5707964,0.0
1970-01-01 00:00:00.122680191,0.122680191,0.0,579.32294,0.0,0.0,0.0,0.0,0.0,0.0,-1.5707964,0.0
1970-01-01 00:00:00.122703844,0.122703844,0.0,0.0,354.78464,0.0,0.0,0.0,0.0,0.0,-1.5707964,0.0
1970-01-01 00:00:00.122706681,0.122706681,87.330185,0.0,0.0,0.0,0.0,0.0,0.0,0.0,-1.5707964,0.0
1970-01-01 00:00:00.122709437,0.122709437,0.0,0.0,381.26303,0.0,0.0,0.0,0.0,0.0,-1.5707964,0.0
1970-01-01 00:00:00.122718075,0.122718075,0.0,0.0,0.0,241.37918,0.0,0.0,0.0,0.0,-1.5707964,0.0
1970-01-01 00:00:00.122727423,0.122727423,0.0,0.0,0.0,0.0,0.0,186.00371,0.0,0.0,-1.5707964,0.0
1970-01-01 00:00:00.122740889,0.122740889,0.0,0.0,0.0,679.9744,0.0,0.0,0.0,0.0,-1.5707964,0.0
1970-01-01 00:00:00.122761628,0.122761628,0.0,0.0,0.0,156.60178,0.0,0.0,0.0,0.0,-1.5707964,0.0
1970-01-01 00:00:00.122784333,0.122784333,0.0,0.0,0.0,162.40648,0.0,0.0,0.0,0.0,-1.5707964,0.0
1970-01-01 00:00:00.122793551,0.122793551,0.0,116.616295,0.0,0.0,0.0,0.0,0.0,0.0,-1.5707964,0.0
1970-01-01 00:00:00.122857077,0.122857077,0.0,0.0,0.0,1022.7196,0.0,0.0,0.0,0.0,-1.5707964,0.0
1970-01-01 00:00:00.122857312,0.122857312,0.0,0.0,81.58202,0.0,0.0,0.0,0.0,0.0,-1.5707964,0.0
1970-01-01 00:00:00.122873055,0.122873055,0.0,0.0,0.0,362.55432,0.0,0.0,0.0,0.0,-1.5707964,0.0
1970-01-01 00:00:00.122880375,0.122880375,0.0,0.0,0.0,259.37656,0.0,0.0,0.0,0.0,-1.5707964,0.0
1970-01-01 00:00:00.122894443,0.122894443,0.0,0.0,133.67471,0.0,0.0,0.0,0.0,0.0,-1.5707964,0.0
1970-01-01 00:00:00.122919307,0.122919307,0.0,788.82587,0.0,0.0,0.0,0.0,0.0,0.0,-1.5707964,0.0
1970-01-01 00:00:00.122919307,0.122919307,0.0,0.0,0.0,735.7761,0.0,0.0,0.0,0.0,-1.5707964,0.0
1970-01-01 00:00:00.122942196,0.122942196,0.0,0.0,0.0,105.75281,0.0,0.0,0.0,0.0,-1.5707964,0.0
1970-01-01 00:00:00.123012780,0.12301278,0.0,0.0,0.0,95.02383,0.0,0.0,0.0,0.0,-1.5707964,0.0
1970-01-01 00:00:00.123028841,0.123028841,307.11996,0.0,0.0,0.0,0.0,0.0,0.0,0.0,-1.5707964,0.0
1970-01-01 00:00:00.123043327,0.123043327,0.0,0.0,0.0,290.03955,0.0,0.0,0.0,0.0,-1.5707964,0.0
1970-01-01 00:00:00.123043825,0.123043825,0.0,0.0,0.0,0.0,0.0,258.3565,0.0,0.0,-1.5707964,0.0
1970-01-01 00:00:00.123064365,0.123064365,0.0,0.0,0.0,114.04594,0.0,0.0,0.0,0.0,-1.5707964,0.0
1970-01-01 00:00:00.123080099,0.123080099,0.0,0.0,0.0,403.1748,0.0,0.0,0.0,0.0,-1.5707964,0.0
1970-01-01 00:00:00.123093403,0.123093403,0.0,0.0,0.0,0.0,0.0,141.81993,0.0,0.0,-1.5707964,0.0
1970-01-01 00:00:00.123109083,0.123109083,0.0,0.0,574.76965,0.0,0.0,0.0,0.0,0.0,-1.5707964,0.0
1970-01-01 00:00:00.123129400,0.1231294,0.0,0.0,118.04548,0.0,0.0,0.0,0.0,0.0,-1.5707964,0.0
1970-01-01 00:00:00.123171643,0.123171643,0.0,0.0,0.0,0.0,400.9422,0.0,0.0,0.0,-1.5707964,0.0
1970-01-01 00:00:00.123173848,0.123173848,0.0,129.64496,0.0,0.0,0.0,0.0,0.0,0.0,-1.5707964,0.0
1970-01-01 00:00:00.123191056,0.123191056,0.0,0.0,0.0,775.0211,0.0,0.0,0.0,0.0,-1.5707964,0.0
1970-01-01 00:00:00.123218840,0.12321884,0.0,0.0,0.0,0.0,0.0,98.2215,0.0,0.0,-1.5707964,0.0
1970-01-01 00:00:00.123242719,0.123242719,0.0,0.0,0.0,283.32077,0.0,0.0,0.0,0.0,-1.5707964,0.0
1970-01-01 00:00:00.123277691,0.123277691,0.0,0.0,0.0,131.20427,0.0,0.0,0.0,0.0,-1.5707964,0.0
1970-01-01 00:00:00.123345507,0.123345507,0.0,0.0,164.23976,0.0,0.0,0.0,0.0,0.0,-1.5707964,0.0
1970-01-01 00:00:00.123355956,0.123355956,0.0,0.0,0.0,1251.3434,0.0,0.0,0.0,0.0,-1.5707964,0.0
1970-01-01 00:00:00.123365280,0.12336528,326.501,0.0,0.0,0.0,0.0,0.0,0.0,0.0,-1.5707964,0.0
1970-01-01 00:00:00.123368343,0.123368343,0.0,0.0,0.0,396.27936,0.0,0.0,0.0,0.0,-1.5707964,0.0
1970-01-01 00:00:00.123386454,0.123386454,0.0,0.0,0.0,157.46991,0.0,0.0,0.0,0.0,-1.5707964,0.0
1970-01-01 00:00:00.123404860,0.12340486,202.269,0.0,0.0,0.0,0.0,0.0,0.0,0.0,-1.5707964,0.0
1970-01-01 00:00:00.123445962,0.123445962,0.0,0.0,0.0,0.0,0.0,152.28128,0.0,0.0,-1.5707964,0.0
1970-01-01 00:00:00.123523222,0.123523222,0.0,0.0,0.0,0.0,0.0,98.4671,0.0,0.0,-1.5707964,0.0
1970-01-01 00:00:00.123566630,0.12356663,0.0,0.0,0.0,138.027,0.0,0.0,0.0,0.0,-1.5707964,0.0
1970-01-01 00:00:00.123580959,0.123580959,0.0,0.0,0.0,381.87643,0.0,0.0,0.0,0.0,-1.5707964,0.0
1970-01-01 00:00:00.123586355,0.123586355,0.0,0.0,261.29745,0.0,0.0,0.0,0.0,0.0,-1.5707964,0.0
1970-01-01 00:00:00.123688270,0.12368827,0.0,0.0,0.0,0.0,0.0,189.32167,0.0,0.0,-1.5707964,0.0
1970-01-01 00:00:00.123732033,0.123732033,0.0,0.0,0.0,110.112885,0.0,0.0,0.0,0.0,-1.5707964,0.0
1970-01-01 00:00:00.123744300,0.1237443,0.0,0.0,0.0,175.5896,0.0,0.0,0.0,0.0,-1.5707964,0.0
1970-01-01 00:00:00.123755455,0.123755455,0.0,0.0,0.0,0.0,0.0,99.11045,0.0,0.0,-1.5707964,0.0
1970-01-01 00:00:00.123786317,0.123786317,0.0,0.0,0.0,117.10694,0.0,0.0,0.0,0.0,-1.5707964,0.0
1970-01-01 00:00:00.123809014,0.123809014,0.0,0.0,0.0,0.0,233.14629,0.0,0.0,0.0,-1.5707964,0.0
1970-01-01 00:00:00.123877710,0.12387771,0.0,111.20499,0.0,0.0,0.0,0.0,0.0,0.0,-1.5707964,0.0
1970-01-01 00:00:00.123878891,0.123878891,0.0,0.0,0.0,180.29688,0.0,0.0,0.0,0.0,-1.5707964,0.0
1970-01-01 00:00:00.123920795,0.123920795,0.0,0.0,0.0,891.3636,0.0,0.0,0.0,0.0,-1.5707964,0.0
1970-01-01 00:00:00.123925760,0.12392576,0.0,0.0,283.09604,0.0,0.0,0.0,0.0,0.0,-1.5707964,0.0
1970-01-01 00:00:00.123947057,0.123947057,0.0,0.0,0.0,175.13014,0.0,0.0,0.0,0.0,-1.5707964,0.0
1970-01-01 00:00:00.123964965,0.123964965,0.0,0.0,0.0,306.1682,0.0,0.0,0.0,0.0,-1.5707964,0.0
1970-01-01 00:00:00.123996149,0.123996149,0.0,0.0,0.0,0.0,0.0,1718.0245,0.0,0.0,-1.5707964,0.0
1970-01-01 00:00:00.124011239,0.124011239,0.0,0.0,0.0,123.54532,0.0,0.0,0.0,0.0,-1.5707964,0.0
1970-01-01 00:00:00.124084614,0.124084614,0.0,0.0,0.0,101.155174,0.0,0.0,0.0,0.0,-1.5707964,0.0
1970-01-01 00:00:00.124088100,0.1240881,0.0,0.0,0.0,331.99207,0.0,0.0,0.0,0.0,-1.5707964,0.0
1970-01-01 00:00:00.124129875,0.124129875,0.0,0.0,0.0,87.59532,0.0,0.0,0.0,0.0,-1.5707964,0.0
1970-01-01 00:00:00.124133938,0.124133938,0.0,0.0,0.0,264.3823,0.0,0.0,0.0,0.0,-1.5707964,0.0
1970-01-01 00:00:00.124134558,0.124134558,0.0,0.0,0.0,104.77813,0.0,0.0,0.0,0.0,-1.5707964,0.0
1970-01-01 00:00:00.124147324,0.124147324,115.97877,0.0,0.0,0.0,0.0,0.0,0.0,0.0,-1.5707964,0.0
1970-01-01 00:00:00.124170652,0.124170652,0.0,0.0,0.0,0.0,0.0,84.41364,0.0,0.0,-1.5707964,0.0
1970-01-01 00:00:00.124193435,0.124193435,0.0,0.0,0.0,0.0,163.72571,0.0,0.0,0.0,-1.5707964,0.0
1970-01-01 00:00:00.124243076,0.124243076,0.0,0.0,0.0,140.36534,0.0,0.0,0.0,0.0,-1.5707964,0.0
1970-01-01 00:00:00.124277072,0.124277072,0.0,0.0,0.0,0.0,0.0,288.46918,0.0,0.0,-1.5707964,0.0
1970-01-01 00:00:00.124281955,0.124281955,0.0,0.0,0.0,289.38492,0.0,0.0,0.0,0.0,-1.5707964,0.0
1970-01-01 00:00:00.124407237,0.124407237,0.0,0.0,0.0,270.7263,0.0,0.0,0.0,0.0,-1.5707964,0.0
1970-01-01 00:00:00.124411272,0.124411272,0.0,0.0,426.89374,0.0,0.0,0.0,0.0,0.0,-1.5707964,0.0
1970-01-01 00:00:00.124416344,0.124416344,0.0,0.0,0.0,0.0,607.6651,0.0,0.0,0.0,-1.5707964,0.0
1970-01-01 00:00:00.124449569,0.124449569,0.0,0.0,0.0,0.0,0.0,1758.8907,0.0,0.0,-1.5707964,0.0
1970-01-01 00:00:00.124452373,0.124452373,0.0,0.0,188.71805,0.0,0.0,0.0,0.0,0.0,-1.5707964,0.0
1970-01-01 00:00:00.124489613,0.124489613,0.0,0.0,0.0,315.8348,0.0,0.0,0.0,0.0,-1.5707964,0.0
1970-01-01 00:00:00.124491490,0.12449149,0.0,0.0,0.0,0.0,1982.3031,0.0,0.0,0.0,-1.5707964,0.0
1970-01-01 00:00:00.124514230,0.12451423,0.0,0.0,0.0,161.4331,0.0,0.0,0.0,0.0,-1.5707964,0.0
1970-01-01 00:00:00.124558688,0.124558688,0.0,705.1874,0.0,0.0,0.0,0.0,0.0,0.0,-1.5707964,0.0
1970-01-01 00:00:00.124619590,0.12461959,0.0,0.0,0.0,223.40385,0.0,0.0,0.0,0.0,-1.5707964,0.0
1970-01-01 00:00:00.124635326,0.124635326,0.0,0.0,0.0,171.21773,0.0,0.0,0.0,0.0,-1.5707964,0.0
1970-01-01 00:00:00.124640174,0.124640174,0.0,0.0,0.0,0.0,0.0,1178.831,0.0,0.0,-1.5707964,0.0
1970-01-01 00:00:00.124656868,0.124656868,0.0,0.0,0.0,576.7587,0.0,0.0,0.0,0.0,-1.5707964,0.0
1970-01-01 00:00:00.124710465,0.124710465,0.0,0.0,0.0,922.2265,0.0,0.0,0.0,0.0,-1.5707964,0.0
1970-01-01 00:00:00.124711339,0.124711339,0.0,0.0,0.0,350.45563,0.0,0.0,0.0,0.0,-1.5707964,0.0
1970-01-01 00:00:00.124723137,0.124723137,0.0,0.0,0.0,411.93872,0.0,0.0,0.0,0.0,-1.5707964,0.0
1970-01-01 00:00:00.124752174,0.124752174,0.0,0.0,0.0,219.28925,0.0,0.0,0.0,0.0,-1.5707964,0.0
1970-01-01 00:00:00.124760269,0.124760269,0.0,0.0,0.0,403.76456,0.0,0.0,0.0,0.0,-1.5707964,0.0
1970-01-01 00:00:00.124791682,0.124791682,0.0,0.0,0.0,0.0,0.0,157.29707,0.0,0.0,-1.5707964,0.0
1970-01-01 00:00:00.124855071,0.124855071,0.0,0.0,553.55597,0.0,0.0,0.0,0.0,0.0,-1.5707964,0.0
1970-01-01 00:00:00.124859800,0.1248598,0.0,0.0,0.0,0.0,0.0,570.5683,0.0,0.0,-1.5707964,0.0
1970-01-01 00:00:00.124875580,0.12487558,0.0,974.0442,0.0,0.0,0.0,0.0,0.0,0.0,-1.5707964,0.0
1970-01-01 00:00:00.124881738,0.124881738,0.0,0.0,0.0,553.22034,0.0,0.0,0.0,0.0,-1.5707964,0.0
1970-01-01 00:00:00.124884511,0.124884511,0.0,0.0,453.57483,0.0,0.0,0.0,0.0,0.0,-1.5707964,0.0
1970-01-01 00:00:00.124912430,0.12491243,0.0,0.0,0.0,270.0901,0.0,0.0,0.0,0.0,-1.5707964,0.0
1970-01-01 00:00:00.124921365,0.124921365,0.0,0.0,1187.356,0.0,0.0,0.0,0.0,0.0,-1.5707964,0.0
1970-01-01 00:00:00.124993954,0.124993954,0.0,0.0,236.00372,0.0,0.0,0.0,0.0,0.0,-1.5707964,0.0
1970-01-01 00:00:00.125025824,0.125025824,0.0,0.0,0.0,0.0,0.0,210.23048,0.0,0.0,-1.5707964,0.0
1970-01-01 00:00:00.125129223,0.125129223,0.0,0.0,0.0,112.30547,0.0,0.0,0.0,0.0,-1.5707964,0.0
1970-01-01 00:00:00.125134539,0.12513454,0.0,827.57117,0.0,0.0,0.0,0.0,0.0,0.0,-1.5707964,0.0
1970-01-01 00:00:00.125138095,0.125138095,0.0,0.0,0.0,110.31545,0.0,0.0,0.0,0.0,-1.5707964,0.0
1970-01-01 00:00:00.125148928,0.125148928,0.0,0.0,0.0,0.0,0.0,159.83665,0.0,0.0,-1.5707964,0.0
1970-01-01 00:00:00.125169274,0.125169274,0.0,0.0,0.0,613.46265,0.0,0.0,0.0,0.0,-1.5707964,0.0
1970-01-01 00:00:00.125185472,0.125185473,0.0,0.0,0.0,242.26514,0.0,0.0,0.0,0.0,-1.5707964,0.0
1970-01-01 00:00:00.125226022,0.125226023,0.0,0.0,0.0,185.46526,0.0,0.0,0.0,0.0,-1.5707964,0.0
1970-01-01 00:00:00.125228059,0.125228059,0.0,0.0,513.9442,0.0,0.0,0.0,0.0,0.0,-1.5707964,0.0
1970-01-01 00:00:00.125228951,0.125228951,0.0,0.0,0.0,172.43095,0.0,0.0,0.0,0.0,-1.5707964,0.0
1970-01-01 00:00:00.125229638,0.125229638,0.0,0.0,361.80063,0.0,0.0,0.0,0.0,0.0,-1.5707964,0.0
1970-01-01 00:00:00.125287390,0.12528739,270.29382,0.0,0.0,0.0,0.0,0.0,0.0,0.0,-1.5707964,0.0
1970-01-01 00:00:00.125294806,0.125294806,0.0,0.0,0.0,0.0,0.0,255.58998,0.0,0.0,-1.5707964,0.0
1970-01-01 00:00:00.125296753,0.125296753,0.0,0.0,0.0,959.02637,0.0,0.0,0.0,0.0,-1.5707964,0.0
1970-01-01 00:00:00.125311705,0.125311705,0.0,0.0,0.0,120.24514,0.0,0.0,0.0,0.0,-1.5707964,0.0
1970-01-01 00:00:00.125340123,0.125340123,0.0,0.0,436.17633,0.0,0.0,0.0,0.0,0.0,-1.5707964,0.0
1970-01-01 00:00:00.125395336,0.125395336,0.0,0.0,0.0,0.0,0.0,311.71115,0.0,0.0,-1.5707964,0.0
1970-01-01 00:00:00.125433008,0.125433008,0.0,0.0,0.0,0.0,1655.2327,0.0,0.0,0.0,-1.5707964,0.0
1970-01-01 00:00:00.125437297,0.125437297,0.0,0.0,0.0,0.0,0.0,309.5214,0.0,0.0,-1.5707964,0.0
1970-01-01 00:00:00.125541626,0.125541627,0.0,0.0,0.0,422.70224,0.0,0.0,0.0,0.0,-1.5707964,0.0
1970-01-01 00:00:00.125588601,0.125588601,0.0,0.0,0.0,169.12473,0.0,0.0,0.0,0.0,-1.5707964,0.0
1970-01-01 00:00:00.125589110,0.12558911,0.0,0.0,0.0,88.46141,0.0,0.0,0.0,0.0,-1.5707964,0.0
1970-01-01 00:00:00.125606270,0.125606271,0.0,0.0,0.0,336.43576,0.0,0.0,0.0,0.0,-1.5707964,0.0
1970-01-01 00:00:00.125640622,0.125640622,0.0,0.0,356.27185,0.0,0.0,0.0,0.0,0.0,-1.5707964,0.0
1970-01-01 00:00:00.125652555,0.125652555,0.0,0.0,0.0,305.86847,0.0,0.0,0.0,0.0,-1.5707964,0.0
1970-01-01 00:00:00.125654298,0.125654298,1646.6245,0.0,0.0,0.0,0.0,0.0,0.0,0.0,-1.5707964,0.0
1970-01-01 00:00:00.125674915,0.125674915,0.0,0.0,0.0,197.35387,0.0,0.0,0.0,0.0,-1.5707964,0.0
1970-01-01 00:00:00.125692280,0.125692281,0.0,0.0,0.0,0.0,0.0,131.37372,0.0,0.0,-1.5707964,0.0
1970-01-01 00:00:00.125693219,0.125693219,0.0,0.0,136.80241,0.0,0.0,0.0,0.0,0.0,-1.5707964,0.0
1970-01-01 00:00:00.125710233,0.125710233,0.0,97.34907,0.0,0.0,0.0,0.0,0.0,0.0,-1.5707964,0.0
1970-01-01 00:00:00.125716625,0.125716625,0.0,187.2546,0.0,0.0,0.0,0.0,0.0,0.0,-1.5707964,0.0
1970-01-01 00:00:00.125723599,0.1257236,0.0,106.32167,0.0,0.0,0.0,0.0,0.0,0.0,-1.5707964,0.0
1970-01-01 00:00:00.125753991,0.125753991,0.0,0.0,0.0,0.0,0.0,200.10141,0.0,0.0,-1.5707964,0.0
1970-01-01 00:00:00.125794257,0.125794257,0.0,0.0,0.0,93.15982,0.0,0.0,0.0,0.0,-1.5707964,0.0
1970-01-01 00:00:00.125865348,0.125865349,0.0,0.0,0.0,111.23378,0.0,0.0,0.0,0.0,-1.5707964,0.0
1970-01-01 00:00:00.125894767,0.125894768,0.0,0.0,0.0,555.68835,0.0,0.0,0.0,0.0,-1.5707964,0.0
1970-01-01 00:00:00.125910559,0.125910559,0.0,0.0,0.0,0.0,0.0,104.15456,0.0,0.0,-1.5707964,0.0
1970-01-01 00:00:00.125997426,0.125997426,0.0,0.0,699.0525,0.0,0.0,0.0,0.0,0.0,-1.5707964,0.0
1970-01-01 00:00:00.126101906,0.126101906,0.0,0.0,0.0,102.77323,0.0,0.0,0.0,0.0,-1.5707964,0.0
1970-01-01 00:00:00.126105257,0.126105257,0.0,0.0,0.0,275.7747,0.0,0.0,0.0,0.0,-1.5707964,0.0
1970-01-01 00:00:00.126139537,0.126139537,0.0,0.0,0.0,150.8983,0.0,0.0,0.0,0.0,-1.5707964,0.0
1970-01-01 00:00:00.126140356,0.126140356,0.0,0.0,0.0,138.25262,0.0,0.0,0.0,0.0,-1.5707964,0.0
1970-01-01 00:00:00.126152599,0.126152599,0.0,100.577896,0.0,0.0,0.0,0.0,0.0,0.0,-1.5707964,0.0
1970-01-01 00:00:00.126152599,0.126152599,0.0,0.0,0.0,137.01282,0.0,0.0,0.0,0.0,-1.5707964,0.0
1970-01-01 00:00:00.126157884,0.126157884,0.0,0.0,0.0,874.4256,0.0,0.0,0.0,0.0,-1.5707964,0.0
1970-01-01 00:00:00.126183383,0.126183383,0.0,0.0,83.73207,0.0,0.0,0.0,0.0,0.0,-1.5707964,0.0
1970-01-01 00:00:00.126275267,0.126275267,0.0,0.0,0.0,0.0,759.9849,0.0,0.0,0.0,-1.5707964,0.0
1970-01-01 00:00:00.126280245,0.126280245,0.0,0.0,0.0,160.21268,0.0,0.0,0.0,0.0,-1.5707964,0.0
1970-01-01 00:00:00.126298054,0.126298055,0.0,0.0,0.0,0.0,0.0,174.64233,0.0,0.0,-1.5707964,0.0
1970-01-01 00:00:00.126312065,0.126312065,0.0,0.0,709.7099,0.0,0.0,0.0,0.0,0.0,-1.5707964,0.0
1970-01-01 00:00:00.126322373,0.126322374,0.0,0.0,0.0,0.0,0.0,896.57086,0.0,0.0,-1.5707964,0.0
1970-01-01 00:00:00.126328273,0.126328274,0.0,0.0,0.0,0.0,0.0,926.2299,0.0,0.0,-1.5707964,0.0
1970-01-01 00:00:00.126361300,0.1263613,0.0,0.0,0.0,0.0,0.0,80.573456,0.0,0.0,-1.5707964,0.0
1970-01-01 00:00:00.126421069,0.126421069,0.0,0.0,0.0,0.0,0.0,314.61642,0.0,0.0,-1.5707964,0.0
1970-01-01 00:00:00.126475112,0.126475112,0.0,0.0,0.0,0.0,0.0,127.99457,0.0,0.0,-1.5707964,0.0
1970-01-01 00:00:00.126478623,0.126478623,0.0,0.0,0.0,358.11557,0.0,0.0,0.0,0.0,-1.5707964,0.0
1970-01-01 00:00:00.126487625,0.126487626,0.0,0.0,0.0,639.2646,0.0,0.0,0.0,0.0,-1.5707964,0.0
1970-01-01 00:00:00.126498582,0.126498582,0.0,0.0,0.0,186.87708,0.0,0.0,0.0,0.0,-1.5707964,0.0
1970-01-01 00:00:00.126555159,0.126555159,0.0,0.0,0.0,0.0,0.0,340.78757,0.0,0.0,-1.5707964,0.0
1970-01-01 00:00:00.126579436,0.126579437,0.0,0.0,0.0,0.0,422.3477,0.0,0.0,0.0,-1.5707964,0.0
1970-01-01 00:00:00.126657307,0.126657307,0.0,0.0,82.26973,0.0,0.0,0.0,0.0,0.0,-1.5707964,0.0
1970-01-01 00:00:00.126706644,0.126706644,0.0,0.0,0.0,0.0,141.82251,0.0,0.0,0.0,-1.5707964,0.0
1970-01-01 00:00:00.126726237,0.126726238,0.0,0.0,0.0,0.0,0.0,133.41982,0.0,0.0,-1.5707964,0.0
1970-01-01 00:00:00.126770623,0.126770623,0.0,94.01945,0.0,0.0,0.0,0.0,0.0,0.0,-1.5707964,0.0
1970-01-01 00:00:00.126778644,0.126778644,0.0,0.0,0.0,125.200325,0.0,0.0,0.0,0.0,-1.5707964,0.0
1970-01-01 00:00:00.126801227,0.126801228,0.0,0.0,126.095,0.0,0.0,0.0,0.0,0.0,-1.5707964,0.0
1970-01-01 00:00:00.126856664,0.126856664,0.0,0.0,0.0,220.30481,0.0,0.0,0.0,0.0,-1.5707964,0.0
1970-01-01 00:00:00.126910321,0.126910321,0.0,184.83696,0.0,0.0,0.0,0.0,0.0,0.0,-1.5707964,0.0
1970-01-01 00:00:00.126942169,0.126942169,0.0,0.0,0.0,187.01006,0.0,0.0,0.0,0.0,-1.5707964,0.0
1970-01-01 00:00:00.126942954,0.126942954,0.0,0.0,0.0,226.8504,0.0,0.0,0.0,0.0,-1.5707964,0.0
1970-01-01 00:00:00.126950227,0.126950227,0.0,0.0,0.0,0.0,0.0,317.7772,0.0,0.0,-1.5707964,0.0
1970-01-01 00:00:00.126963654,0.126963654,0.0,0.0,123.31051,0.0,0.0,0.0,0.0,0.0,-1.5707964,0.0
1970-01-01 00:00:00.126990076,0.126990076,0.0,0.0,438.89618,0.0,0.0,0.0,0.0,0.0,-1.5707964,0.0
1970-01-01 00:00:00.127000340,0.127000341,0.0,0.0,0.0,0.0,0.0,231.75362,0.0,0.0,-1.5707964,0.0
1970-01-01 00:00:00.127032572,0.127032572,0.0,315.59747,0.0,0.0,0.0,0.0,0.0,0.0,-1.5707964,0.0
1970-01-01 00:00:00.127076184,0.127076184,0.0,0.0,0.0,0.0,454.40054,0.0,0.0,0.0,-1.5707964,0.0
1970-01-01 00:00:00.127085293,0.127085294,0.0,0.0,0.0,0.0,0.0,865.484,0.0,0.0,-1.5707964,0.0
1970-01-01 00:00:00.127087683,0.127087683,0.0,0.0,0.0,829.8138,0.0,0.0,0.0,0.0,-1.5707964,0.0
1970-01-01 00:00:00.127106524,0.127106524,0.0,0.0,0.0,219.52982,0.0,0.0,0.0,0.0,-1.5707964,0.0
1970-01-01 00:00:00.127116995,0.127116995,0.0,0.0,0.0,845.52026,0.0,0.0,0.0,0.0,-1.5707964,0.0
1970-01-01 00:00:00.127124305,0.127124305,0.0,0.0,0.0,179.60005,0.0,0.0,0.0,0.0,-1.5707964,0.0
1970-01-01 00:00:00.127124448,0.127124448,0.0,0.0,0.0,390.02554,0.0,0.0,0.0,0.0,-1.5707964,0.0
1970-01-01 00:00:00.127126624,0.127126624,0.0,0.0,0.0,144.89722,0.0,0.0,0.0,0.0,-1.5707964,0.0
1970-01-01 00:00:00.127143317,0.127143317,0.0,0.0,0.0,295.59888,0.0,0.0,0.0,0.0,-1.5707964,0.0
1970-01-01 00:00:00.127153002,0.127153003,0.0,0.0,867.5301,0.0,0.0,0.0,0.0,0.0,-1.5707964,0.0
1970-01-01 00:00:00.127182891,0.127182892,0.0,0.0,0.0,221.9532,0.0,0.0,0.0,0.0,-1.5707964,0.0
1970-01-01 00:00:00.127188945,0.127188945,0.0,0.0,0.0,0.0,0.0,446.13934,0.0,0.0,-1.5707964,0.0
1970-01-01 00:00:00.127192947,0.127192947,0.0,0.0,0.0,109.592995,0.0,0.0,0.0,0.0,-1.5707964,0.0
1970-01-01 00:00:00.127227138,0.127227139,0.0,0.0,0.0,0.0,0.0,99.01477,0.0,0.0,-1.5707964,0.0
1970-01-01 00:00:00.127228870,0.12722887,0.0,0.0,0.0,0.0,0.0,252.44276,0.0,0.0,-1.5707964,0.0
1970-01-01 00:00:00.127243906,0.127243907,0.0,0.0,0.0,644.40765,0.0,0.0,0.0,0.0,-1.5707964,0.0
1970-01-01 00:00:00.127257366,0.127257366,0.0,0.0,139.79498,0.0,0.0,0.0,0.0,0.0,-1.5707964,0.0
1970-01-01 00:00:00.127264542,0.127264542,0.0,0.0,0.0,220.85098,0.0,0.0,0.0,0.0,-1.5707964,0.0
1970-01-01 00:00:00.127270301,0.127270301,0.0,174.80237,0.0,0.0,0.0,0.0,0.0,0.0,-1.5707964,0.0
1970-01-01 00:00:00.127270749,0.12727075,0.0,0.0,0.0,933.6519,0.0,0.0,0.0,0.0,-1.5707964,0.0
1970-01-01 00:00:00.127313930,0.127313931,0.0,0.0,0.0,176.81529,0.0,0.0,0.0,0.0,-1.5707964,0.0
1970-01-01 00:00:00.127341583,0.127341583,0.0,0.0,306.63345,0.0,0.0,0.0,0.0,0.0,-1.5707964,0.0
1970-01-01 00:00:00.127342206,0.127342206,0.0,0.0,87.58185,0.0,0.0,0.0,0.0,0.0,-1.5707964,0.0
1970-01-01 00:00:00.127366236,0.127366236,0.0,0.0,0.0,318.81433,0.0,0.0,0.0,0.0,-1.5707964,0.0
1970-01-01 00:00:00.127373039,0.127373039,0.0,0.0,95.48888,0.0,0.0,0.0,0.0,0.0,-1.5707964,0.0
1970-01-01 00:00:00.127374654,0.127374654,0.0,0.0,0.0,119.42872,0.0,0.0,0.0,0.0,-1.5707964,0.0
1970-01-01 00:00:00.127406332,0.127406332,0.0,164.6633,0.0,0.0,0.0,0.0,0.0,0.0,-1.5707964,0.0
1970-01-01 00:00:00.127415068,0.127415069,0.0,0.0,0.0,0.0,0.0,351.9015,0.0,0.0,-1.5707964,0.0
1970-01-01 00:00:00.127457707,0.127457707,0.0,0.0,0.0,138.01178,0.0,0.0,0.0,0.0,-1.5707964,0.0
1970-01-01 00:00:00.127469161,0.127469161,0.0,0.0,0.0,0.0,388.69476,0.0,0.0,0.0,-1.5707964,0.0
1970-01-01 00:00:00.127495782,0.127495782,0.0,0.0,0.0,0.0,0.0,294.7426,0.0,0.0,-1.5707964,0.0
1970-01-01 00:00:00.127520799,0.1275208,0.0,0.0,0.0,0.0,0.0,203.2255,0.0,0.0,-1.5707964,0.0
1970-01-01 00:00:00.127524875,0.127524875,0.0,0.0,0.0,139.44801,0.0,0.0,0.0,0.0,-1.5707964,0.0
1970-01-01 00:00:00.127525249,0.127525249,0.0,0.0,0.0,0.0,0.0,170.11295,0.0,0.0,-1.5707964,0.0
1970-01-01 00:00:00.127532454,0.127532455,0.0,0.0,0.0,1700.7892,0.0,0.0,0.0,0.0,-1.5707964,0.0
1970-01-01 00:00:00.127546833,0.127546833,0.0,0.0,0.0,0.0,0.0,182.5117,0.0,0.0,-1.5707964,0.0
1970-01-01 00:00:00.127555007,0.127555007,0.0,290.91684,0.0,0.0,0.0,0.0,0.0,0.0,-1.5707964,0.0
1970-01-01 00:00:00.127562027,0.127562027,0.0,0.0,0.0,0.0,0.0,2088.399,0.0,0.0,-1.5707964,0.0
1970-01-01 00:00:00.127572273,0.127572273,0.0,0.0,0.0,84.941666,0.0,0.0,0.0,0.0,-1.5707964,0.0
1970-01-01 00:00:00.127575396,0.127575396,0.0,0.0,0.0,0.0,0.0,2028.8682,0.0,0.0,-1.5707964,0.0
1970-01-01 00:00:00.127666605,0.127666606,122.66259,0.0,0.0,0.0,0.0,0.0,0.0,0.0,-1.5707964,0.0
1970-01-01 00:00:00.127689482,0.127689483,0.0,0.0,0.0,0.0,0.0,260.59747,0.0,0.0,-1.5707964,0.0
1970-01-01 00:00:00.127738607,0.127738607,0.0,118.164566,0.0,0.0,0.0,0.0,0.0,0.0,-1.5707964,0.0
1970-01-01 00:00:00.127763643,0.127763643,0.0,0.0,140.77922,0.0,0.0,0.0,0.0,0.0,-1.5707964,0.0
1970-01-01 00:00:00.127765993,0.127765993,0.0,0.0,0.0,259.41696,0.0,0.0,0.0,0.0,-1.5707964,0.0
1970-01-01 00:00:00.127778696,0.127778696,0.0,0.0,0.0,0.0,149.36008,0.0,0.0,0.0,-1.5707964,0.0
1970-01-01 00:00:00.127779538,0.127779538,0.0,0.0,0.0,0.0,0.0,314.18002,0.0,0.0,-1.5707964,0.0
1970-01-01 00:00:00.127788421,0.127788421,0.0,0.0,408.6385,0.0,0.0,0.0,0.0,0.0,-1.5707964,0.0
1970-01-01 00:00:00.127887303,0.127887303,0.0,0.0,0.0,528.4389,0.0,0.0,0.0,0.0,-1.5707964,0.0
1970-01-01 00:00:00.127914441,0.127914442,0.0,0.0,484.50308,0.0,0.0,0.0,0.0,0.0,-1.5707964,0.0
1970-01-01 00:00:00.127918499,0.1279185,0.0,0.0,407.18704,0.0,0.0,0.0,0.0,0.0,-1.5707964,0.0
1970-01-01 00:00:00.127919108,0.127919108,0.0,172.70522,0.0,0.0,0.0,0.0,0.0,0.0,-1.5707964,0.0
1970-01-01 00:00:00.127919108,0.127919108,0.0,226.50752,0.0,0.0,0.0,0.0,0.0,0.0,-1.5707964,0.0
1970-01-01 00:00:00.127951514,0.127951515,0.0,0.0,0.0,719.4882,0.0,0.0,0.0,0.0,-1.5707964,0.0
1970-01-01 00:00:00.127952812,0.127952812,0.0,0.0,0.0,105.76611,0.0,0.0,0.0,0.0,-1.5707964,0.0
1970-01-01 00:00:00.127960713,0.127960713,0.0,0.0,882.85144,0.0,0.0,0.0,0.0,0.0,-1.5707964,0.0
1970-01-01 00:00:00.127966501,0.127966501,0.0,0.0,0.0,401.30887,0.0,0.0,0.0,0.0,-1.5707964,0.0
1970-01-01 00:00:00.127984513,0.127984513,0.0,0.0,0.0,0.0,0.0,488.26904,0.0,0.0,-1.5707964,0.0
1970-01-01 00:00:00.128001790,0.12800179,0.0,0.0,0.0,292.66183,0.0,0.0,0.0,0.0,-1.5707964,0.0
1970-01-01 00:00:00.128006697,0.128006697,0.0,0.0,293.59143,0.0,0.0,0.0,0.0,0.0,-1.5707964,0.0
1970-01-01 00:00:00.128055156,0.128055156,0.0,0.0,0.0,87.86224,0.0,0.0,0.0,0.0,-1.5707964,0.0
1970-01-01 00:00:00.128064740,0.12806474,0.0,0.0,0.0,0.0,0.0,715.6052,0.0,0.0,-1.5707964,0.0
1970-01-01 00:00:00.128101784,0.128101784,0.0,0.0,0.0,326.70255,0.0,0.0,0.0,0.0,-1.5707964,0.0
1970-01-01 00:00:00.128122538,0.128122538,0.0,0.0,0.0,1094.8564,0.0,0.0,0.0,0.0,-1.5707964,0.0
1970-01-01 00:00:00.128126133,0.128126133,0.0,1184.277,0.0,0.0,0.0,0.0,0.0,0.0,-1.5707964,0.0
1970-01-01 00:00:00.128131032,0.128131032,0.0,0.0,0.0,126.94163,0.0,0.0,0.0,0.0,-1.5707964,0.0
1970-01-01 00:00:00.128156533,0.128156534,0.0,0.0,0.0,0.0,0.0,282.58124,0.0,0.0,-1.5707964,0.0
1970-01-01 00:00:00.128179221,0.128179221,0.0,0.0,0.0,132.50362,0.0,0.0,0.0,0.0,-1.5707964,0.0
1970-01-01 00:00:00.128243724,0.128243724,0.0,0.0,0.0,100.78831,0.0,0.0,0.0,0.0,-1.5707964,0.0
1970-01-01 00:00:00.128259849,0.128259849,0.0,163.21075,0.0,0.0,0.0,0.0,0.0,0.0,-1.5707964,0.0
1970-01-01 00:00:00.128261100,0.128261101,0.0,0.0,0.0,0.0,162.86763,0.0,0.0,0.0,-1.5707964,0.0
1970-01-01 00:00:00.128291285,0.128291285,0.0,0.0,220.36473,0.0,0.0,0.0,0.0,0.0,-1.5707964,0.0
1970-01-01 00:00:00.128297559,0.128297559,0.0,0.0,0.0,0.0,0.0,257.643,0.0,0.0,-1.5707964,0.0
1970-01-01 00:00:00.128298918,0.128298918,0.0,133.64476,0.0,0.0,0.0,0.0,0.0,0.0,-1.5707964,0.0
1970-01-01 00:00:00.128305314,0.128305314,0.0,0.0,0.0,258.1895,0.0,0.0,0.0,0.0,-1.5707964,0.0
1970-01-01 00:00:00.128374867,0.128374867,0.0,0.0,0.0,220.26888,0.0,0.0,0.0,0.0,-1.5707964,0.0
1970-01-01 00:00:00.128378988,0.128378988,0.0,0.0,0.0,359.7198,0.0,0.0,0.0,0.0,-1.5707964,0.0
1970-01-01 00:00:00.128384370,0.12838437,0.0,0.0,0.0,0.0,497.46643,0.0,0.0,0.0,-1.5707964,0.0
1970-01-01 00:00:00.128409273,0.128409274,0.0,0.0,86.97222,0.0,0.0,0.0,0.0,0.0,-1.5707964,0.0
1970-01-01 00:00:00.128414161,0.128414161,0.0,0.0,0.0,84.415016,0.0,0.0,0.0,0.0,-1.5707964,0.0
1970-01-01 00:00:00.128418294,0.128418295,0.0,163.31674,0.0,0.0,0.0,0.0,0.0,0.0,-1.5707964,0.0
1970-01-01 00:00:00.128421426,0.128421426,0.0,0.0,0.0,0.0,136.65834,0.0,0.0,0.0,-1.5707964,0.0
1970-01-01 00:00:00.128499606,0.128499607,0.0,0.0,0.0,150.75809,0.0,0.0,0.0,0.0,-1.5707964,0.0
1970-01-01 00:00:00.128514662,0.128514662,0.0,0.0,0.0,579.51825,0.0,0.0,0.0,0.0,-1.5707964,0.0
1970-01-01 00:00:00.128564919,0.128564919,0.0,0.0,0.0,349.64606,0.0,0.0,0.0,0.0,-1.5707964,0.0
1970-01-01 00:00:00.128578433,0.128578434,0.0,0.0,0.0,180.15343,0.0,0.0,0.0,0.0,-1.5707964,0.0
1970-01-01 00:00:00.128585224,0.128585224,0.0,0.0,0.0,0.0,823.5751,0.0,0.0,0.0,-1.5707964,0.0
1970-01-01 00:00:00.128598620,0.12859862,0.0,0.0,0.0,0.0,0.0,635.16284,0.0,0.0,-1.5707964,0.0
1970-01-01 00:00:00.128634782,0.128634782,0.0,0.0,416.4972,0.0,0.0,0.0,0.0,0.0,-1.5707964,0.0
1970-01-01 00:00:00.128648083,0.128648083,0.0,0.0,286.2358,0.0,0.0,0.0,0.0,0.0,-1.5707964,0.0
1970-01-01 00:00:00.128705730,0.128705731,0.0,0.0,99.616035,0.0,0.0,0.0,0.0,0.0,-1.5707964,0.0
1970-01-01 00:00:00.128714929,0.128714929,0.0,0.0,201.98137,0.0,0.0,0.0,0.0,0.0,-1.5707964,0.0
1970-01-01 00:00:00.128719472,0.128719472,0.0,427.28348,0.0,0.0,0.0,0.0,0.0,0.0,-1.5707964,0.0
1970-01-01 00:00:00.128723500,0.128723501,0.0,0.0,412.42892,0.0,0.0,0.0,0.0,0.0,-1.5707964,0.0
1970-01-01 00:00:00.128748037,0.128748037,0.0,0.0,0.0,0.0,0.0,84.30452,0.0,0.0,-1.5707964,0.0
1970-01-01 00:00:00.128800191,0.128800191,0.0,0.0,0.0,324.943,0.0,0.0,0.0,0.0,-1.5707964,0.0
1970-01-01 00:00:00.128833069,0.128833069,0.0,0.0,0.0,0.0,1748.1072,0.0,0.0,0.0,-1.5707964,0.0
1970-01-01 00:00:00.128874038,0.128874038,0.0,0.0,0.0,0.0,0.0,145.46304,0.0,0.0,-1.5707964,0.0
1970-01-01 00:00:00.128901836,0.128901837,0.0,0.0,229.27492,0.0,0.0,0.0,0.0,0.0,-1.5707964,0.0
1970-01-01 00:00:00.128941803,0.128941803,0.0,0.0,0.0,0.0,0.0,148.10115,0.0,0.0,-1.5707964,0.0
1970-01-01 00:00:00.128958075,0.128958075,0.0,0.0,0.0,339.88406,0.0,0.0,0.0,0.0,-1.5707964,0.0
1970-01-01 00:00:00.128981713,0.128981713,0.0,0.0,0.0,949.9668,0.0,0.0,0.0,0.0,-1.5707964,0.0
1970-01-01 00:00:00.129002003,0.129002003,0.0,0.0,0.0,513.8706,0.0,0.0,0.0,0.0,-1.5707964,0.0
1970-01-01 00:00:00.129063636,0.129063636,0.0,0.0,0.0,0.0,0.0,335.54794,0.0,0.0,-1.5707964,0.0
1970-01-01 00:00:00.129070801,0.129070801,0.0,0.0,0.0,287.39554,0.0,0.0,0.0,0.0,-1.5707964,0.0
1970-01-01 00:00:00.129073814,0.129073814,0.0,0.0,0.0,0.0,0.0,361.2828,0.0,0.0,-1.5707964,0.0
1970-01-01 00:00:00.129075507,0.129075507,0.0,1150.459,0.0,0.0,0.0,0.0,0.0,0.0,-1.5707964,0.0
1970-01-01 00:00:00.129102032,0.129102032,0.0,0.0,0.0,83.90749,0.0,0.0,0.0,0.0,-1.5707964,0.0
1970-01-01 00:00:00.129115110,0.12911511,0.0,0.0,0.0,0.0,120.27012,0.0,0.0,0.0,-1.5707964,0.0
1970-01-01 00:00:00.129121013,0.129121013,0.0,117.20405,0.0,0.0,0.0,0.0,0.0,0.0,-1.5707964,0.0
1970-01-01 00:00:00.129146666,0.129146666,0.0,0.0,0.0,101.33631,0.0,0.0,0.0,0.0,-1.5707964,0.0
1970-01-01 00:00:00.129148140,0.12914814,0.0,0.0,0.0,415.33798,0.0,0.0,0.0,0.0,-1.5707964,0.0
1970-01-01 00:00:00.129158047,0.129158047,0.0,83.422,0.0,0.0,0.0,0.0,0.0,0.0,-1.5707964,0.0
1970-01-01 00:00:00.129158873,0.129158873,0.0,378.63187,0.0,0.0,0.0,0.0,0.0,0.0,-1.5707964,0.0
1970-01-01 00:00:00.129192600,0.129192601,0.0,0.0,0.0,0.0,0.0,2314.1875,0.0,0.0,-1.5707964,0.0
1970-01-01 00:00:00.129213783,0.129213783,0.0,0.0,0.0,778.4021,0.0,0.0,0.0,0.0,-1.5707964,0.0
1970-01-01 00:00:00.129226492,0.129226492,0.0,0.0,0.0,234.2085,0.0,0.0,0.0,0.0,-1.5707964,0.0
1970-01-01 00:00:00.129230038,0.129230039,0.0,0.0,0.0,0.0,81.13059,0.0,0.0,0.0,-1.5707964,0.0
1970-01-01 00:00:00.129242098,0.129242098,0.0,0.0,0.0,100.55589,0.0,0.0,0.0,0.0,-1.5707964,0.0
1970-01-01 00:00:00.129300118,0.129300119,0.0,0.0,0.0,383.67465,0.0,0.0,0.0,0.0,-1.5707964,0.0
1970-01-01 00:00:00.129339714,0.129339714,0.0,0.0,500.90952,0.0,0.0,0.0,0.0,0.0,-1.5707964,0.0
1970-01-01 00:00:00.129350358,0.129350358,0.0,0.0,284.972,0.0,0.0,0.0,0.0,0.0,-1.5707964,0.0
1970-01-01 00:00:00.129356944,0.129356944,0.0,0.0,0.0,267.84692,0.0,0.0,0.0,0.0,-1.5707964,0.0
1970-01-01 00:00:00.129368985,0.129368986,0.0,274.2696,0.0,0.0,0.0,0.0,0.0,0.0,-1.5707964,0.0
1970-01-01 00:00:00.129374377,0.129374377,0.0,0.0,291.98196,0.0,0.0,0.0,0.0,0.0,-1.5707964,0.0
1970-01-01 00:00:00.129382774,0.129382774,0.0,0.0,0.0,93.29557,0.0,0.0,0.0,0.0,-1.5707964,0.0
1970-01-01 00:00:00.129454509,0.129454509,0.0,0.0,0.0,159.63377,0.0,0.0,0.0,0.0,-1.5707964,0.0
1970-01-01 00:00:00.129467943,0.129467943,0.0,0.0,0.0,0.0,0.0,83.27417,0.0,0.0,-1.5707964,0.0
1970-01-01 00:00:00.129496682,0.129496682,0.0,0.0,0.0,0.0,0.0,372.51978,0.0,0.0,-1.5707964,0.0
1970-01-01 00:00:00.129513196,0.129513196,0.0,0.0,0.0,0.0,0.0,711.1161,0.0,0.0,-1.5707964,0.0
1970-01-01 00:00:00.129531795,0.129531795,0.0,0.0,0.0,0.0,95.54938,0.0,0.0,0.0,-1.5707964,0.0
1970-01-01 00:00:00.129539977,0.129539977,0.0,0.0,0.0,113.034996,0.0,0.0,0.0,0.0,-1.5707964,0.0
1970-01-01 00:00:00.129544024,0.129544024,0.0,0.0,0.0,419.1226,0.0,0.0,0.0,0.0,-1.5707964,0.0
1970-01-01 00:00:00.129544024,0.129544024,0.0,0.0,0.0,2368.2107,0.0,0.0,0.0,0.0,-1.5707964,0.0
1970-01-01 00:00:00.129569636,0.129569637,185.26105,0.0,0.0,0.0,0.0,0.0,0.0,0.0,-1.5707964,0.0
1970-01-01 00:00:00.129639664,0.129639665,0.0,215.58194,0.0,0.0,0.0,0.0,0.0,0.0,-1.5707964,0.0
1970-01-01 00:00:00.129639664,0.129639665,0.0,0.0,0.0,232.15797,0.0,0.0,0.0,0.0,-1.5707964,0.0
1970-01-01 00:00:00.129662560,0.12966256,0.0,0.0,644.56915,0.0,0.0,0.0,0.0,0.0,-1.5707964,0.0
1970-01-01 00:00:00.129672336,0.129672336,0.0,0.0,269.87976,0.0,0.0,0.0,0.0,0.0,-1.5707964,0.0
1970-01-01 00:00:00.129727119,0.129727119,0.0,0.0,718.11475,0.0,0.0,0.0,0.0,0.0,-1.5707964,0.0
1970-01-01 00:00:00.129765944,0.129765944,0.0,352.4257,0.0,0.0,0.0,0.0,0.0,0.0,-1.5707964,0.0
1970-01-01 00:00:00.129792750,0.12979275,0.0,0.0,0.0,584.25446,0.0,0.0,0.0,0.0,-1.5707964,0.0
1970-01-01 00:00:00.129797222,0.129797223,0.0,0.0,0.0,82.86118,0.0,0.0,0.0,0.0,-1.5707964,0.0
1970-01-01 00:00:00.129805535,0.129805535,0.0,0.0,0.0,0.0,0.0,328.26306,0.0,0.0,-1.5707964,0.0
1970-01-01 00:00:00.129833759,0.12983376,0.0,675.3335,0.0,0.0,0.0,0.0,0.0,0.0,-1.5707964,0.0
1970-01-01 00:00:00.129854445,0.129854445,0.0,0.0,0.0,333.571,0.0,0.0,0.0,0.0,-1.5707964,0.0
1970-01-01 00:00:00.129865590,0.12986559,0.0,0.0,602.8685,0.0,0.0,0.0,0.0,0.0,-1.5707964,0.0
1970-01-01 00:00:00.129865590,0.12986559,0.0,0.0,0.0,0.0,0.0,140.56622,0.0,0.0,-1.5707964,0.0
1970-01-01 00:00:00.129869705,0.129869705,0.0,1950.1387,0.0,0.0,0.0,0.0,0.0,0.0,-1.5707964,0.0
1970-01-01 00:00:00.129874445,0.129874445,0.0,0.0,475.8865,0.0,0.0,0.0,0.0,0.0,-1.5707964,0.0
1970-01-01 00:00:00.129929199,0.129929199,0.0,0.0,0.0,0.0,217.36993,0.0,0.0,0.0,-1.5707964,0.0
1970-01-01 00:00:00.129944595,0.129944595,0.0,0.0,0.0,828.26544,0.0,0.0,0.0,0.0,-1.5707964,0.0
1970-01-01 00:00:00.130006897,0.130006897,0.0,384.57236,0.0,0.0,0.0,0.0,0.0,0.0,-1.5707964,0.0
1970-01-01 00:00:00.130015763,0.130015763,0.0,0.0,0.0,356.24368,0.0,0.0,0.0,0.0,-1.5707964,0.0
1970-01-01 00:00:00.130125056,0.130125057,0.0,0.0,0.0,191.80861,0.0,0.0,0.0,0.0,-1.5707964,0.0
1970-01-01 00:00:00.130183416,0.130183416,0.0,0.0,242.0722,0.0,0.0,0.0,0.0,0.0,-1.5707964,0.0
1970-01-01 00:00:00.130242451,0.130242451,0.0,0.0,551.99646,0.0,0.0,0.0,0.0,0.0,-1.5707964,0.0
1970-01-01 00:00:00.130262263,0.130262264,0.0,0.0,0.0,0.0,0.0,140.54106,0.0,0.0,-1.5707964,0.0
1970-01-01 00:00:00.130274496,0.130274497,0.0,101.846245,0.0,0.0,0.0,0.0,0.0,0.0,-1.5707964,0.0
1970-01-01 00:00:00.130291958,0.130291958,0.0,0.0,0.0,476.16888,0.0,0.0,0.0,0.0,-1.5707964,0.0
1970-01-01 00:00:00.130303673,0.130303673,156.78668,0.0,0.0,0.0,0.0,0.0,0.0,0.0,-1.5707964,0.0
1970-01-01 00:00:00.130304160,0.13030416,0.0,0.0,0.0,0.0,0.0,88.85511,0.0,0.0,-1.5707964,0.0
1970-01-01 00:00:00.130326255,0.130326255,0.0,0.0,0.0,0.0,161.95517,0.0,0.0,0.0,-1.5707964,0.0
1970-01-01 00:00:00.130369939,0.13036994,0.0,0.0,0.0,0.0,0.0,337.9852,0.0,0.0,-1.5707964,0.0
1970-01-01 00:00:00.130399376,0.130399376,0.0,0.0,0.0,114.46166,0.0,0.0,0.0,0.0,-1.5707964,0.0
1970-01-01 00:00:00.130403253,0.130403253,0.0,0.0,0.0,252.28523,0.0,0.0,0.0,0.0,-1.5707964,0.0
1970-01-01 00:00:00.130411436,0.130411437,0.0,0.0,0.0,120.99006,0.0,0.0,0.0,0.0,-1.5707964,0.0
1970-01-01 00:00:00.130411507,0.130411507,0.0,0.0,0.0,174.98053,0.0,0.0,0.0,0.0,-1.5707964,0.0
1970-01-01 00:00:00.130424798,0.130424798,0.0,0.0,0.0,0.0,0.0,155.9032,0.0,0.0,-1.5707964,0.0
1970-01-01 00:00:00.130448541,0.130448541,0.0,0.0,0.0,185.83864,0.0,0.0,0.0,0.0,-1.5707964,0.0
1970-01-01 00:00:00.130464657,0.130464657,0.0,0.0,0.0,173.37016,0.0,0.0,0.0,0.0,-1.5707964,0.0
1970-01-01 00:00:00.130464963,0.130464964,0.0,0.0,0.0,100.88468,0.0,0.0,0.0,0.0,-1.5707964,0.0
1970-01-01 00:00:00.130470490,0.13047049,591.1273,0.0,0.0,0.0,0.0,0.0,0.0,0.0,-1.5707964,0.0
1970-01-01 00:00:00.130507785,0.130507786,0.0,0.0,0.0,835.627,0.0,0.0,0.0,0.0,-1.5707964,0.0
1970-01-01 00:00:00.130529682,0.130529682,0.0,0.0,0.0,95.7806,0.0,0.0,0.0,0.0,-1.5707964,0.0
1970-01-01 00:00:00.130559139,0.13055914,0.0,0.0,0.0,942.7527,0.0,0.0,0.0,0.0,-1.5707964,0.0
1970-01-01 00:00:00.130599807,0.130599807,0.0,0.0,0.0,87.83617,0.0,0.0,0.0,0.0,-1.5707964,0.0
1970-01-01 00:00:00.130671774,0.130671775,0.0,0.0,0.0,0.0,315.6648,0.0,0.0,0.0,-1.5707964,0.0
1970-01-01 00:00:00.130672062,0.130672062,0.0,0.0,0.0,0.0,0.0,100.37093,0.0,0.0,-1.5707964,0.0
1970-01-01 00:00:00.130675264,0.130675264,0.0,0.0,0.0,389.04776,0.0,0.0,0.0,0.0,-1.5707964,0.0
1970-01-01 00:00:00.130706300,0.1307063,0.0,82.8627,0.0,0.0,0.0,0.0,0.0,0.0,-1.5707964,0.0
1970-01-01 00:00:00.130722652,0.130722652,104.93027,0.0,0.0,0.0,0.0,0.0,0.0,0.0,-1.5707964,0.0
1970-01-01 00:00:00.130725704,0.130725704,0.0,0.0,0.0,0.0,715.9015,0.0,0.0,0.0,-1.5707964,0.0
1970-01-01 00:00:00.130734815,0.130734815,0.0,0.0,0.0,626.5143,0.0,0.0,0.0,0.0,-1.5707964,0.0
1970-01-01 00:00:00.130765351,0.130765351,0.0,0.0,0.0,182.8789,0.0,0.0,0.0,0.0,-1.5707964,0.0
1970-01-01 00:00:00.130769219,0.13076922,0.0,990.0927,0.0,0.0,0.0,0.0,0.0,0.0,-1.5707964,0.0
1970-01-01 00:00:00.130805314,0.130805314,0.0,0.0,0.0,452.26678,0.0,0.0,0.0,0.0,-1.5707964,0.0
1970-01-01 00:00:00.130868337,0.130868337,0.0,0.0,1922.4985,0.0,0.0,0.0,0.0,0.0,-1.5707964,0.0
1970-01-01 00:00:00.130891489,0.130891489,0.0,0.0,0.0,988.9931,0.0,0.0,0.0,0.0,-1.5707964,0.0
1970-01-01 00:00:00.130912753,0.130912753,0.0,0.0,0.0,0.0,0.0,375.61288,0.0,0.0,-1.5707964,0.0
1970-01-01 00:00:00.130912753,0.130912753,0.0,0.0,0.0,0.0,0.0,2002.9374,0.0,0.0,-1.5707964,0.0
1970-01-01 00:00:00.130936724,0.130936724,0.0,0.0,194.63786,0.0,0.0,0.0,0.0,0.0,-1.5707964,0.0
1970-01-01 00:00:00.130939919,0.13093992,0.0,0.0,149.60248,0.0,0.0,0.0,0.0,0.0,-1.5707964,0.0
1970-01-01 00:00:00.130949626,0.130949626,0.0,0.0,0.0,577.72394,0.0,0.0,0.0,0.0,-1.5707964,0.0
1970-01-01 00:00:00.130967937,0.130967937,0.0,0.0,0.0,108.39889,0.0,0.0,0.0,0.0,-1.5707964,0.0
1970-01-01 00:00:00.131009988,0.131009988,741.9131,0.0,0.0,0.0,0.0,0.0,0.0,0.0,-1.5707964,0.0
1970-01-01 00:00:00.131029159,0.131029159,113.644966,0.0,0.0,0.0,0.0,0.0,0.0,0.0,-1.5707964,0.0
1970-01-01 00:00:00.131032418,0.131032418,0.0,1622.8278,0.0,0.0,0.0,0.0,0.0,0.0,-1.5707964,0.0
1970-01-01 00:00:00.131063596,0.131063596,0.0,0.0,0.0,144.90135,0.0,0.0,0.0,0.0,-1.5707964,0.0
1970-01-01 00:00:00.131064211,0.131064211,0.0,0.0,0.0,0.0,469.92236,0.0,0.0,0.0,-1.5707964,0.0
1970-01-01 00:00:00.131086763,0.131086763,163.37877,0.0,0.0,0.0,0.0,0.0,0.0,0.0,-1.5707964,0.0
1970-01-01 00:00:00.131112109,0.131112109,0.0,0.0,0.0,246.22308,0.0,0.0,0.0,0.0,-1.5707964,0.0
1970-01-01 00:00:00.131157763,0.131157763,0.0,0.0,0.0,193.57306,0.0,0.0,0.0,0.0,-1.5707964,0.0
1970-01-01 00:00:00.131197048,0.131197048,0.0,0.0,0.0,134.02138,0.0,0.0,0.0,0.0,-1.5707964,0.0
1970-01-01 00:00:00.131254282,0.131254282,0.0,0.0,0.0,220.22113,0.0,0.0,0.0,0.0,-1.5707964,0.0
1970-01-01 00:00:00.131268692,0.131268693,0.0,0.0,0.0,132.74854,0.0,0.0,0.0,0.0,-1.5707964,0.0
1970-01-01 00:00:00.131290741,0.131290742,0.0,0.0,0.0,1906.841,0.0,0.0,0.0,0.0,-1.5707964,0.0
1970-01-01 00:00:00.131334739,0.131334739,0.0,0.0,0.0,188.87929,0.0,0.0,0.0,0.0,-1.5707964,0.0
1970-01-01 00:00:00.131337221,0.131337221,0.0,0.0,0.0,187.90054,0.0,0.0,0.0,0.0,-1.5707964,0.0
1970-01-01 00:00:00.131343235,0.131343235,0.0,0.0,95.898384,0.0,0.0,0.0,0.0,0.0,-1.5707964,0.0
1970-01-01 00:00:00.131373802,0.131373802,0.0,0.0,0.0,0.0,0.0,248.71233,0.0,0.0,-1.5707964,0.0
1970-01-01 00:00:00.131382800,0.1313828,0.0,0.0,0.0,446.23898,0.0,0.0,0.0,0.0,-1.5707964,0.0
1970-01-01 00:00:00.131393121,0.131393121,0.0,535.1148,0.0,0.0,0.0,0.0,0.0,0.0,-1.5707964,0.0
1970-01-01 00:00:00.131419097,0.131419097,0.0,0.0,0.0,463.78128,0.0,0.0,0.0,0.0,-1.5707964,0.0
1970-01-01 00:00:00.131445131,0.131445131,0.0,0.0,127.0862,0.0,0.0,0.0,0.0,0.0,-1.5707964,0.0
1970-01-01 00:00:00.131477566,0.131477567,0.0,0.0,0.0,0.0,0.0,237.70364,0.0,0.0,-1.5707964,0.0
1970-01-01 00:00:00.131546838,0.131546838,0.0,0.0,0.0,159.69212,0.0,0.0,0.0,0.0,-1.5707964,0.0
1970-01-01 00:00:00.131551722,0.131551722,0.0,0.0,0.0,0.0,0.0,226.0446,0.0,0.0,-1.5707964,0.0
1970-01-01 00:00:00.131553289,0.13155329,0.0,178.70111,0.0,0.0,0.0,0.0,0.0,0.0,-1.5707964,0.0
1970-01-01 00:00:00.131623493,0.131623493,0.0,0.0,0.0,520.04126,0.0,0.0,0.0,0.0,-1.5707964,0.0
1970-01-01 00:00:00.131627013,0.131627014,0.0,0.0,93.51587,0.0,0.0,0.0,0.0,0.0,-1.5707964,0.0
1970-01-01 00:00:00.131653457,0.131653457,0.0,0.0,330.07004,0.0,0.0,0.0,0.0,0.0,-1.5707964,0.0
1970-01-01 00:00:00.131681291,0.131681291,0.0,0.0,476.54523,0.0,0.0,0.0,0.0,0.0,-1.5707964,0.0
1970-01-01 00:00:00.131681291,0.131681291,0.0,0.0,0.0,0.0,1036.4703,0.0,0.0,0.0,-1.5707964,0.0
1970-01-01 00:00:00.131686694,0.131686695,0.0,433.13156,0.0,0.0,0.0,0.0,0.0,0.0,-1.5707964,0.0
1970-01-01 00:00:00.131699356,0.131699357,209.55962,0.0,0.0,0.0,0.0,0.0,0.0,0.0,-1.5707964,0.0
1970-01-01 00:00:00.131859220,0.13185922,0.0,0.0,0.0,94.85589,0.0,0.0,0.0,0.0,-1.5707964,0.0
1970-01-01 00:00:00.131909460,0.13190946,0.0,0.0,2811.6528,0.0,0.0,0.0,0.0,0.0,-1.5707964,0.0
1970-01-01 00:00:00.131918521,0.131918521,0.0,0.0,0.0,269.2164,0.0,0.0,0.0,0.0,-1.5707964,0.0
1970-01-01 00:00:00.131957000,0.131957001,0.0,0.0,191.56543,0.0,0.0,0.0,0.0,0.0,-1.5707964,0.0
1970-01-01 00:00:00.131984030,0.13198403,0.0,0.0,0.0,0.0,88.99219,0.0,0.0,0.0,-1.5707964,0.0
1970-01-01 00:00:00.132003955,0.132003955,0.0,0.0,0.0,194.88147,0.0,0.0,0.0,0.0,-1.5707964,0.0
1970-01-01 00:00:00.132036883,0.132036883,0.0,0.0,0.0,304.4147,0.0,0.0,0.0,0.0,-1.5707964,0.0
1970-01-01 00:00:00.132059866,0.132059866,0.0,0.0,0.0,0.0,0.0,259.87915,0.0,0.0,-1.5707964,0.0
1970-01-01 00:00:00.132140636,0.132140636,0.0,0.0,0.0,388.79596,0.0,0.0,0.0,0.0,-1.5707964,0.0
1970-01-01 00:00:00.132140938,0.132140938,0.0,0.0,0.0,245.67668,0.0,0.0,0.0,0.0,-1.5707964,0.0
1970-01-01 00:00:00.132170063,0.132170063,0.0,0.0,0.0,173.16756,0.0,0.0,0.0,0.0,-1.5707964,0.0
1970-01-01 00:00:00.132170640,0.13217064,0.0,0.0,0.0,0.0,0.0,321.478,0.0,0.0,-1.5707964,0.0
1970-01-01 00:00:00.132182931,0.132182931,0.0,118.49815,0.0,0.0,0.0,0.0,0.0,0.0,-1.5707964,0.0
1970-01-01 00:00:00.132208672,0.132208672,0.0,0.0,0.0,286.2099,0.0,0.0,0.0,0.0,-1.5707964,0.0
1970-01-01 00:00:00.132253234,0.132253234,0.0,0.0,853.29675,0.0,0.0,0.0,0.0,0.0,-1.5707964,0.0
1970-01-01 00:00:00.132260147,0.132260147,0.0,0.0,180.65251,0.0,0.0,0.0,0.0,0.0,-1.5707964,0.0
1970-01-01 00:00:00.132296019,0.13229602,0.0,188.05342,0.0,0.0,0.0,0.0,0.0,0.0,-1.5707964,0.0
1970-01-01 00:00:00.132338504,0.132338504,0.0,0.0,0.0,130.41719,0.0,0.0,0.0,0.0,-1.5707964,0.0
1970-01-01 00:00:00.132357589,0.132357589,0.0,0.0,0.0,197.42538,0.0,0.0,0.0,0.0,-1.5707964,0.0
1970-01-01 00:00:00.132389740,0.13238974,0.0,0.0,0.0,0.0,184.38098,0.0,0.0,0.0,-1.5707964,0.0
1970-01-01 00:00:00.132395884,0.132395885,0.0,0.0,0.0,0.0,0.0,130.93982,0.0,0.0,-1.5707964,0.0
1970-01-01 00:00:00.132400853,0.132400853,0.0,0.0,2747.8408,0.0,0.0,0.0,0.0,0.0,-1.5707964,0.0
1970-01-01 00:00:00.132405194,0.132405194,0.0,0.0,0.0,424.96603,0.0,0.0,0.0,0.0,-1.5707964,0.0
1970-01-01 00:00:00.132420661,0.132420661,0.0,0.0,0.0,0.0,0.0,701.70044,0.0,0.0,-1.5707964,0.0
1970-01-01 00:00:00.132428723,0.132428723,0.0,0.0,0.0,112.47331,0.0,0.0,0.0,0.0,-1.5707964,0.0
1970-01-01 00:00:00.132446364,0.132446364,0.0,0.0,0.0,695.13776,0.0,0.0,0.0,0.0,-1.5707964,0.0
1970-01-01 00:00:00.132504336,0.132504336,0.0,0.0,618.0136,0.0,0.0,0.0,0.0,0.0,-1.5707964,0.0
1970-01-01 00:00:00.132510119,0.132510119,0.0,0.0,0.0,124.09039,0.0,0.0,0.0,0.0,-1.5707964,0.0
1970-01-01 00:00:00.132548833,0.132548833,0.0,0.0,0.0,246.85574,0.0,0.0,0.0,0.0,-1.5707964,0.0
1970-01-01 00:00:00.132552209,0.132552209,0.0,0.0,492.48514,0.0,0.0,0.0,0.0,0.0,-1.5707964,0.0
1970-01-01 00:00:00.132555664,0.132555665,0.0,0.0,0.0,0.0,207.06337,0.0,0.0,0.0,-1.5707964,0.0
1970-01-01 00:00:00.132557165,0.132557165,0.0,0.0,0.0,316.90247,0.0,0.0,0.0,0.0,-1.5707964,0.0
1970-01-01 00:00:00.132562648,0.132562648,0.0,0.0,0.0,0.0,0.0,150.58984,0.0,0.0,-1.5707964,0.0
1970-01-01 00:00:00.132575405,0.132575405,0.0,726.6123,0.0,0.0,0.0,0.0,0.0,0.0,-1.5707964,0.0
1970-01-01 00:00:00.132659750,0.132659751,0.0,0.0,0.0,0.0,0.0,419.0721,0.0,0.0,-1.5707964,0.0
1970-01-01 00:00:00.132682580,0.13268258,0.0,0.0,0.0,110.54569,0.0,0.0,0.0,0.0,-1.5707964,0.0
1970-01-01 00:00:00.132688831,0.132688831,0.0,0.0,0.0,155.89217,0.0,0.0,0.0,0.0,-1.5707964,0.0
1970-01-01 00:00:00.132692165,0.132692165,0.0,121.512344,0.0,0.0,0.0,0.0,0.0,0.0,-1.5707964,0.0
1970-01-01 00:00:00.132701815,0.132701815,0.0,0.0,1290.4396,0.0,0.0,0.0,0.0,0.0,-1.5707964,0.0
1970-01-01 00:00:00.132733180,0.13273318,0.0,669.1186,0.0,0.0,0.0,0.0,0.0,0.0,-1.5707964,0.0
1970-01-01 00:00:00.132747213,0.132747213,0.0,0.0,0.0,0.0,2069.953,0.0,0.0,0.0,-1.5707964,0.0
1970-01-01 00:00:00.132749762,0.132749762,0.0,0.0,0.0,268.89865,0.0,0.0,0.0,0.0,-1.5707964,0.0
1970-01-01 00:00:00.132802097,0.132802097,0.0,0.0,0.0,521.03406,0.0,0.0,0.0,0.0,-1.5707964,0.0
1970-01-01 00:00:00.132834624,0.132834624,0.0,0.0,281.31714,0.0,0.0,0.0,0.0,0.0,-1.5707964,0.0
1970-01-01 00:00:00.132853230,0.132853231,0.0,0.0,0.0,381.9138,0.0,0.0,0.0,0.0,-1.5707964,0.0
1970-01-01 00:00:00.132862856,0.132862856,0.0,0.0,0.0,0.0,0.0,461.93018,0.0,0.0,-1.5707964,0.0
1970-01-01 00:00:00.132872590,0.13287259,0.0,0.0,0.0,0.0,207.78934,0.0,0.0,0.0,-1.5707964,0.0
1970-01-01 00:00:00.132882674,0.132882674,0.0,0.0,0.0,0.0,1580.3506,0.0,0.0,0.0,-1.5707964,0.0
1970-01-01 00:00:00.132891062,0.132891062,0.0,0.0,0.0,0.0,191.12956,0.0,0.0,0.0,-1.5707964,0.0
1970-01-01 00:00:00.132959451,0.132959451,0.0,140.04503,0.0,0.0,0.0,0.0,0.0,0.0,-1.5707964,0.0
1970-01-01 00:00:00.132963271,0.132963271,0.0,0.0,0.0,351.1172,0.0,0.0,0.0,0.0,-1.5707964,0.0
1970-01-01 00:00:00.132993929,0.132993929,0.0,0.0,0.0,0.0,0.0,555.95123,0.0,0.0,-1.5707964,0.0
1970-01-01 00:00:00.133035291,0.133035291,0.0,0.0,0.0,91.22311,0.0,0.0,0.0,0.0,-1.5707964,0.0
1970-01-01 00:00:00.133084750,0.13308475,0.0,0.0,0.0,0.0,598.93225,0.0,0.0,0.0,-1.5707964,0.0
1970-01-01 00:00:00.133103749,0.133103749,0.0,0.0,0.0,603.5556,0.0,0.0,0.0,0.0,-1.5707964,0.0
1970-01-01 00:00:00.133200513,0.133200513,0.0,0.0,0.0,339.75195,0.0,0.0,0.0,0.0,-1.5707964,0.0
1970-01-01 00:00:00.133230744,0.133230744,0.0,0.0,262.42517,0.0,0.0,0.0,0.0,0.0,-1.5707964,0.0
1970-01-01 00:00:00.133239051,0.133239051,0.0,0.0,0.0,0.0,0.0,291.66098,0.0,0.0,-1.5707964,0.0
1970-01-01 00:00:00.133251718,0.133251719,0.0,2190.177,0.0,0.0,0.0,0.0,0.0,0.0,-1.5707964,0.0
1970-01-01 00:00:00.133252842,0.133252842,0.0,0.0,0.0,638.36316,0.0,0.0,0.0,0.0,-1.5707964,0.0
1970-01-01 00:00:00.133317559,0.133317559,0.0,1394.9149,0.0,0.0,0.0,0.0,0.0,0.0,-1.5707964,0.0
1970-01-01 00:00:00.133339261,0.133339262,0.0,0.0,0.0,0.0,236.68405,0.0,0.0,0.0,-1.5707964,0.0
1970-01-01 00:00:00.133380049,0.133380049,0.0,0.0,89.77197,0.0,0.0,0.0,0.0,0.0,-1.5707964,0.0
1970-01-01 00:00:00.133408225,0.133408226,0.0,0.0,0.0,109.59291,0.0,0.0,0.0,0.0,-1.5707964,0.0
1970-01-01 00:00:00.133414896,0.133414896,0.0,941.5972,0.0,0.0,0.0,0.0,0.0,0.0,-1.5707964,0.0
1970-01-01 00:00:00.133430587,0.133430588,0.0,0.0,0.0,543.05225,0.0,0.0,0.0,0.0,-1.5707964,0.0
1970-01-01 00:00:00.133430587,0.133430588,0.0,0.0,0.0,0.0,0.0,2481.6213,0.0,0.0,-1.5707964,0.0
1970-01-01 00:00:00.133455112,0.133455113,0.0,0.0,0.0,920.6149,0.0,0.0,0.0,0.0,-1.5707964,0.0
1970-01-01 00:00:00.133503802,0.133503802,0.0,144.74765,0.0,0.0,0.0,0.0,0.0,0.0,-1.5707964,0.0
1970-01-01 00:00:00.133535237,0.133535237,0.0,0.0,0.0,0.0,160.09164,0.0,0.0,0.0,-1.5707964,0.0
1970-01-01 00:00:00.133566752,0.133566752,0.0,0.0,620.68646,0.0,0.0,0.0,0.0,0.0,-1.5707964,0.0
1970-01-01 00:00:00.133601642,0.133601643,0.0,0.0,0.0,1209.8105,0.0,0.0,0.0,0.0,-1.5707964,0.0
1970-01-01 00:00:00.133661746,0.133661746,0.0,0.0,0.0,171.68353,0.0,0.0,0.0,0.0,-1.5707964,0.0
1970-01-01 00:00:00.133677213,0.133677214,0.0,0.0,0.0,385.2221,0.0,0.0,0.0,0.0,-1.5707964,0.0
1970-01-01 00:00:00.133739311,0.133739311,0.0,0.0,0.0,143.84444,0.0,0.0,0.0,0.0,-1.5707964,0.0
1970-01-01 00:00:00.133742616,0.133742616,0.0,0.0,0.0,370.85916,0.0,0.0,0.0,0.0,-1.5707964,0.0
1970-01-01 00:00:00.133745093,0.133745093,0.0,0.0,287.73865,0.0,0.0,0.0,0.0,0.0,-1.5707964,0.0
1970-01-01 00:00:00.133750744,0.133750744,0.0,0.0,0.0,0.0,103.26662,0.0,0.0,0.0,-1.5707964,0.0
1970-01-01 00:00:00.133755084,0.133755084,0.0,0.0,0.0,196.74187,0.0,0.0,0.0,0.0,-1.5707964,0.0
1970-01-01 00:00:00.133809321,0.133809321,0.0,0.0,0.0,163.77211,0.0,0.0,0.0,0.0,-1.5707964,0.0
1970-01-01 00:00:00.133845521,0.133845521,0.0,0.0,0.0,183.36877,0.0,0.0,0.0,0.0,-1.5707964,0.0
1970-01-01 00:00:00.133852695,0.133852695,0.0,0.0,0.0,0.0,0.0,360.95868,0.0,0.0,-1.5707964,0.0
1970-01-01 00:00:00.133874210,0.13387421,0.0,0.0,0.0,241.91869,0.0,0.0,0.0,0.0,-1.5707964,0.0
1970-01-01 00:00:00.133880238,0.133880238,0.0,673.8863,0.0,0.0,0.0,0.0,0.0,0.0,-1.5707964,0.0
1970-01-01 00:00:00.133882649,0.13388265,0.0,0.0,0.0,0.0,0.0,232.23756,0.0,0.0,-1.5707964,0.0
1970-01-01 00:00:00.133882649,0.13388265,0.0,0.0,0.0,0.0,0.0,693.4358,0.0,0.0,-1.5707964,0.0
1970-01-01 00:00:00.133912100,0.1339121,0.0,142.63817,0.0,0.0,0.0,0.0,0.0,0.0,-1.5707964,0.0
1970-01-01 00:00:00.134015492,0.134015492,0.0,0.0,0.0,96.520035,0.0,0.0,0.0,0.0,-1.5707964,0.0
1970-01-01 00:00:00.134034175,0.134034175,0.0,0.0,0.0,0.0,0.0,84.00523,0.0,0.0,-1.5707964,0.0
1970-01-01 00:00:00.134135813,0.134135814,0.0,0.0,0.0,88.37405,0.0,0.0,0.0,0.0,-1.5707964,0.0
1970-01-01 00:00:00.134150444,0.134150444,0.0,0.0,2571.6504,0.0,0.0,0.0,0.0,0.0,-1.5707964,0.0
1970-01-01 00:00:00.134198979,0.134198979,0.0,0.0,321.39224,0.0,0.0,0.0,0.0,0.0,-1.5707964,0.0
1970-01-01 00:00:00.134220415,0.134220415,0.0,0.0,84.43298,0.0,0.0,0.0,0.0,0.0,-1.5707964,0.0
1970-01-01 00:00:00.134226835,0.134226835,0.0,0.0,259.75137,0.0,0.0,0.0,0.0,0.0,-1.5707964,0.0
1970-01-01 00:00:00.134244987,0.134244987,0.0,0.0,0.0,192.20415,0.0,0.0,0.0,0.0,-1.5707964,0.0
1970-01-01 00:00:00.134262837,0.134262837,0.0,0.0,0.0,0.0,477.4359,0.0,0.0,0.0,-1.5707964,0.0
1970-01-01 00:00:00.134268206,0.134268206,0.0,0.0,0.0,414.71973,0.0,0.0,0.0,0.0,-1.5707964,0.0
1970-01-01 00:00:00.134321055,0.134321055,0.0,0.0,0.0,205.32703,0.0,0.0,0.0,0.0,-1.5707964,0.0
1970-01-01 00:00:00.134326489,0.134326489,0.0,0.0,0.0,0.0,0.0,247.56021,0.0,0.0,-1.5707964,0.0
1970-01-01 00:00:00.134347525,0.134347525,0.0,0.0,225.50551,0.0,0.0,0.0,0.0,0.0,-1.5707964,0.0
1970-01-01 00:00:00.134352778,0.134352778,0.0,0.0,1229.3326,0.0,0.0,0.0,0.0,0.0,-1.5707964,0.0
1970-01-01 00:00:00.134395776,0.134395776,0.0,0.0,0.0,0.0,0.0,200.15323,0.0,0.0,-1.5707964,0.0
1970-01-01 00:00:00.134416022,0.134416022,0.0,0.0,2143.7642,0.0,0.0,0.0,0.0,0.0,-1.5707964,0.0
1970-01-01 00:00:00.134416022,0.134416022,0.0,0.0,0.0,0.0,507.64914,0.0,0.0,0.0,-1.5707964,0.0
1970-01-01 00:00:00.134421297,0.134421297,0.0,0.0,0.0,0.0,0.0,264.7152,0.0,0.0,-1.5707964,0.0
1970-01-01 00:00:00.134422883,0.134422883,0.0,0.0,0.0,590.32825,0.0,0.0,0.0,0.0,-1.5707964,0.0
1970-01-01 00:00:00.134425679,0.134425679,0.0,0.0,0.0,0.0,138.88763,0.0,0.0,0.0,-1.5707964,0.0
1970-01-01 00:00:00.134428830,0.13442883,0.0,0.0,0.0,111.50737,0.0,0.0,0.0,0.0,-1.5707964,0.0
1970-01-01 00:00:00.134443497,0.134443497,0.0,0.0,0.0,3267.9924,0.0,0.0,0.0,0.0,-1.5707964,0.0
1970-01-01 00:00:00.134446628,0.134446628,0.0,0.0,0.0,437.91714,0.0,0.0,0.0,0.0,-1.5707964,0.0
1970-01-01 00:00:00.134453082,0.134453082,0.0,0.0,0.0,0.0,0.0,199.7839,0.0,0.0,-1.5707964,0.0
1970-01-01 00:00:00.134460933,0.134460933,0.0,126.047745,0.0,0.0,0.0,0.0,0.0,0.0,-1.5707964,0.0
1970-01-01 00:00:00.134486714,0.134486714,0.0,0.0,0.0,0.0,0.0,695.7348,0.0,0.0,-1.5707964,0.0
1970-01-01 00:00:00.134486714,0.134486714,0.0,0.0,0.0,0.0,0.0,183.66042,0.0,0.0,-1.5707964,0.0
1970-01-01 00:00:00.134499435,0.134499435,0.0,0.0,0.0,0.0,0.0,289.37177,0.0,0.0,-1.5707964,0.0
1970-01-01 00:00:00.134512012,0.134512012,278.33533,0.0,0.0,0.0,0.0,0.0,0.0,0.0,-1.5707964,0.0
1970-01-01 00:00:00.134512855,0.134512855,0.0,577.1193,0.0,0.0,0.0,0.0,0.0,0.0,-1.5707964,0.0
1970-01-01 00:00:00.134516553,0.134516553,0.0,0.0,0.0,402.0099,0.0,0.0,0.0,0.0,-1.5707964,0.0
1970-01-01 00:00:00.134563554,0.134563554,0.0,0.0,0.0,717.8187,0.0,0.0,0.0,0.0,-1.5707964,0.0
1970-01-01 00:00:00.134604266,0.134604266,0.0,0.0,0.0,0.0,0.0,249.11375,0.0,0.0,-1.5707964,0.0
1970-01-01 00:00:00.134676004,0.134676004,0.0,0.0,0.0,417.90665,0.0,0.0,0.0,0.0,-1.5707964,0.0
1970-01-01 00:00:00.134682030,0.13468203,0.0,292.0657,0.0,0.0,0.0,0.0,0.0,0.0,-1.5707964,0.0
1970-01-01 00:00:00.134710660,0.13471066,0.0,0.0,529.8963,0.0,0.0,0.0,0.0,0.0,-1.5707964,0.0
1970-01-01 00:00:00.134744530,0.13474453,928.0918,0.0,0.0,0.0,0.0,0.0,0.0,0.0,-1.5707964,0.0
1970-01-01 00:00:00.134750632,0.134750632,0.0,0.0,175.61781,0.0,0.0,0.0,0.0,0.0,-1.5707964,0.0
1970-01-01 00:00:00.134756932,0.134756932,0.0,0.0,0.0,157.93678,0.0,0.0,0.0,0.0,-1.5707964,0.0
1970-01-01 00:00:00.134759363,0.134759363,0.0,0.0,0.0,253.67322,0.0,0.0,0.0,0.0,-1.5707964,0.0
1970-01-01 00:00:00.134768788,0.134768788,0.0,0.0,0.0,511.6195,0.0,0.0,0.0,0.0,-1.5707964,0.0
1970-01-01 00:00:00.134789391,0.134789391,0.0,0.0,0.0,620.46564,0.0,0.0,0.0,0.0,-1.5707964,0.0
1970-01-01 00:00:00.134796705,0.134796705,0.0,0.0,0.0,158.34918,0.0,0.0,0.0,0.0,-1.5707964,0.0
1970-01-01 00:00:00.134808511,0.134808511,0.0,0.0,0.0,0.0,0.0,420.53055,0.0,0.0,-1.5707964,0.0
1970-01-01 00:00:00.134881505,0.134881505,0.0,0.0,0.0,267.03073,0.0,0.0,0.0,0.0,-1.5707964,0.0
1970-01-01 00:00:00.134888228,0.134888228,0.0,0.0,0.0,0.0,135.9586,0.0,0.0,0.0,-1.5707964,0.0
1970-01-01 00:00:00.134901902,0.134901902,0.0,0.0,0.0,138.1089,0.0,0.0,0.0,0.0,-1.5707964,0.0
1970-01-01 00:00:00.134969230,0.13496923,0.0,0.0,269.59848,0.0,0.0,0.0,0.0,0.0,-1.5707964,0.0
1970-01-01 00:00:00.134993329,0.134993329,0.0,0.0,0.0,0.0,467.0479,0.0,0.0,0.0,-1.5707964,0.0
1970-01-01 00:00:00.135007329,0.135007329,0.0,0.0,0.0,205.03004,0.0,0.0,0.0,0.0,-1.5707964,0.0
1970-01-01 00:00:00.135081630,0.13508163,0.0,0.0,0.0,0.0,0.0,90.91695,0.0,0.0,-1.5707964,0.0
1970-01-01 00:00:00.135093162,0.135093162,0.0,199.67613,0.0,0.0,0.0,0.0,0.0,0.0,-1.5707964,0.0
1970-01-01 00:00:00.135101449,0.135101449,0.0,0.0,0.0,0.0,416.26813,0.0,0.0,0.0,-1.5707964,0.0
1970-01-01 00:00:00.135117218,0.135117218,0.0,163.71623,0.0,0.0,0.0,0.0,0.0,0.0,-1.5707964,0.0
1970-01-01 00:00:00.135126936,0.135126936,0.0,90.50264,0.0,0.0,0.0,0.0,0.0,0.0,-1.5707964,0.0
1970-01-01 00:00:00.135130658,0.135130658,0.0,0.0,0.0,150.94467,0.0,0.0,0.0,0.0,-1.5707964,0.0
1970-01-01 00:00:00.135138823,0.135138823,0.0,288.07193,0.0,0.0,0.0,0.0,0.0,0.0,-1.5707964,0.0
1970-01-01 00:00:00.135151070,0.13515107,0.0,0.0,0.0,0.0,140.56596,0.0,0.0,0.0,-1.5707964,0.0
1970-01-01 00:00:00.135151070,0.13515107,0.0,0.0,0.0,1785.5387,0.0,0.0,0.0,0.0,-1.5707964,0.0
1970-01-01 00:00:00.135195838,0.135195838,0.0,0.0,0.0,158.5397,0.0,0.0,0.0,0.0,-1.5707964,0.0
1970-01-01 00:00:00.135197077,0.135197077,0.0,0.0,0.0,0.0,0.0,208.96199,0.0,0.0,-1.5707964,0.0
1970-01-01 00:00:00.135251687,0.135251687,0.0,0.0,0.0,0.0,557.528,0.0,0.0,0.0,-1.5707964,0.0
1970-01-01 00:00:00.135251758,0.135251758,0.0,0.0,0.0,1329.2393,0.0,0.0,0.0,0.0,-1.5707964,0.0
1970-01-01 00:00:00.135254003,0.135254003,0.0,0.0,0.0,317.63052,0.0,0.0,0.0,0.0,-1.5707964,0.0
1970-01-01 00:00:00.135274124,0.135274124,0.0,0.0,0.0,111.37159,0.0,0.0,0.0,0.0,-1.5707964,0.0
1970-01-01 00:00:00.135305993,0.135305993,145.94426,0.0,0.0,0.0,0.0,0.0,0.0,0.0,-1.5707964,0.0
1970-01-01 00:00:00.135345919,0.135345919,0.0,0.0,0.0,291.06952,0.0,0.0,0.0,0.0,-1.5707964,0.0
1970-01-01 00:00:00.135383525,0.135383525,0.0,0.0,0.0,0.0,0.0,877.0664,0.0,0.0,-1.5707964,0.0
1970-01-01 00:00:00.135386169,0.135386169,0.0,0.0,122.42761,0.0,0.0,0.0,0.0,0.0,-1.5707964,0.0
1970-01-01 00:00:00.135396301,0.135396301,0.0,0.0,0.0,112.21428,0.0,0.0,0.0,0.0,-1.5707964,0.0
1970-01-01 00:00:00.135410209,0.135410209,0.0,0.0,0.0,251.51556,0.0,0.0,0.0,0.0,-1.5707964,0.0
1970-01-01 00:00:00.135419460,0.13541946,0.0,0.0,0.0,93.81764,0.0,0.0,0.0,0.0,-1.5707964,0.0
1970-01-01 00:00:00.135421510,0.13542151,0.0,409.69797,0.0,0.0,0.0,0.0,0.0,0.0,-1.5707964,0.0
1970-01-01 00:00:00.135423102,0.135423102,0.0,0.0,382.25925,0.0,0.0,0.0,0.0,0.0,-1.5707964,0.0
1970-01-01 00:00:00.135439410,0.13543941,0.0,0.0,0.0,675.4567,0.0,0.0,0.0,0.0,-1.5707964,0.0
1970-01-01 00:00:00.135466366,0.135466366,0.0,0.0,0.0,942.4532,0.0,0.0,0.0,0.0,-1.5707964,0.0
1970-01-01 00:00:00.135489947,0.135489947,0.0,0.0,0.0,403.88397,0.0,0.0,0.0,0.0,-1.5707964,0.0
1970-01-01 00:00:00.135529732,0.135529732,0.0,0.0,0.0,0.0,0.0,163.08011,0.0,0.0,-1.5707964,0.0
1970-01-01 00:00:00.135586451,0.135586451,0.0,118.93946,0.0,0.0,0.0,0.0,0.0,0.0,-1.5707964,0.0
1970-01-01 00:00:00.135590405,0.135590405,0.0,0.0,0.0,188.21101,0.0,0.0,0.0,0.0,-1.5707964,0.0
1970-01-01 00:00:00.135591298,0.135591298,0.0,0.0,0.0,167.9536,0.0,0.0,0.0,0.0,-1.5707964,0.0
1970-01-01 00:00:00.135606512,0.135606512,0.0,0.0,503.6987,0.0,0.0,0.0,0.0,0.0,-1.5707964,0.0
1970-01-01 00:00:00.135623872,0.135623872,0.0,509.84476,0.0,0.0,0.0,0.0,0.0,0.0,-1.5707964,0.0
1970-01-01 00:00:00.135631534,0.135631534,0.0,0.0,0.0,1233.5801,0.0,0.0,0.0,0.0,-1.5707964,0.0
1970-01-01 00:00:00.135646922,0.135646922,0.0,0.0,0.0,562.14246,0.0,0.0,0.0,0.0,-1.5707964,0.0
1970-01-01 00:00:00.135667581,0.135667581,0.0,0.0,0.0,187.68959,0.0,0.0,0.0,0.0,-1.5707964,0.0
1970-01-01 00:00:00.135673279,0.135673279,0.0,0.0,0.0,0.0,101.10234,0.0,0.0,0.0,-1.5707964,0.0
1970-01-01 00:00:00.135678079,0.135678079,0.0,0.0,0.0,0.0,0.0,385.42273,0.0,0.0,-1.5707964,0.0
1970-01-01 00:00:00.135679876,0.135679876,0.0,0.0,0.0,173.65547,0.0,0.0,0.0,0.0,-1.5707964,0.0
1970-01-01 00:00:00.135682561,0.135682561,0.0,0.0,0.0,0.0,0.0,254.4514,0.0,0.0,-1.5707964,0.0
1970-01-01 00:00:00.135685249,0.135685249,0.0,0.0,0.0,251.54948,0.0,0.0,0.0,0.0,-1.5707964,0.0
1970-01-01 00:00:00.135688401,0.135688401,0.0,0.0,96.38045,0.0,0.0,0.0,0.0,0.0,-1.5707964,0.0
1970-01-01 00:00:00.135701190,0.13570119,0.0,0.0,0.0,544.33136,0.0,0.0,0.0,0.0,-1.5707964,0.0
1970-01-01 00:00:00.135703688,0.135703688,0.0,0.0,0.0,0.0,0.0,179.19519,0.0,0.0,-1.5707964,0.0
1970-01-01 00:00:00.135792604,0.135792604,0.0,0.0,0.0,0.0,0.0,322.6767,0.0,0.0,-1.5707964,0.0
1970-01-01 00:00:00.135835882,0.135835882,0.0,0.0,0.0,0.0,1612.6227,0.0,0.0,0.0,-1.5707964,0.0
1970-01-01 00:00:00.135840455,0.135840455,0.0,308.24155,0.0,0.0,0.0,0.0,0.0,0.0,-1.5707964,0.0
1970-01-01 00:00:00.135860210,0.13586021,0.0,0.0,458.547,0.0,0.0,0.0,0.0,0.0,-1.5707964,0.0
1970-01-01 00:00:00.135884961,0.135884961,0.0,0.0,0.0,994.239,0.0,0.0,0.0,0.0,-1.5707964,0.0
1970-01-01 00:00:00.135898826,0.135898826,0.0,0.0,0.0,363.15625,0.0,0.0,0.0,0.0,-1.5707964,0.0
1970-01-01 00:00:00.135902682,0.135902682,0.0,0.0,0.0,130.87671,0.0,0.0,0.0,0.0,-1.5707964,0.0
1970-01-01 00:00:00.135916656,0.135916656,0.0,136.1735,0.0,0.0,0.0,0.0,0.0,0.0,-1.5707964,0.0
1970-01-01 00:00:00.135922941,0.135922941,0.0,0.0,0.0,97.16202,0.0,0.0,0.0,0.0,-1.5707964,0.0
1970-01-01 00:00:00.135942762,0.135942762,0.0,0.0,0.0,223.93176,0.0,0.0,0.0,0.0,-1.5707964,0.0
1970-01-01 00:00:00.135948553,0.135948553,0.0,0.0,0.0,579.6357,0.0,0.0,0.0,0.0,-1.5707964,0.0
1970-01-01 00:00:00.135949769,0.135949769,0.0,0.0,0.0,0.0,0.0,586.7019,0.0,0.0,-1.5707964,0.0
1970-01-01 00:00:00.135969913,0.135969913,0.0,0.0,0.0,0.0,323.6618,0.0,0.0,0.0,-1.5707964,0.0
1970-01-01 00:00:00.135987674,0.135987674,0.0,0.0,1177.4672,0.0,0.0,0.0,0.0,0.0,-1.5707964,0.0
1970-01-01 00:00:00.135987674,0.135987674,0.0,0.0,0.0,0.0,0.0,239.0117,0.0,0.0,-1.5707964,0.0
1970-01-01 00:00:00.136018331,0.136018331,0.0,0.0,446.9983,0.0,0.0,0.0,0.0,0.0,-1.5707964,0.0
1970-01-01 00:00:00.136046370,0.13604637,0.0,0.0,213.86214,0.0,0.0,0.0,0.0,0.0,-1.5707964,0.0
1970-01-01 00:00:00.136051699,0.136051699,0.0,0.0,0.0,0.0,0.0,625.57965,0.0,0.0,-1.5707964,0.0
1970-01-01 00:00:00.136119971,0.136119971,0.0,171.4652,0.0,0.0,0.0,0.0,0.0,0.0,-1.5707964,0.0
1970-01-01 00:00:00.136131061,0.136131061,0.0,0.0,0.0,0.0,0.0,284.76447,0.0,0.0,-1.5707964,0.0
1970-01-01 00:00:00.136167239,0.136167239,0.0,0.0,0.0,713.12933,0.0,0.0,0.0,0.0,-1.5707964,0.0
1970-01-01 00:00:00.136196803,0.136196803,0.0,0.0,0.0,0.0,417.76337,0.0,0.0,0.0,-1.5707964,0.0
1970-01-01 00:00:00.136207423,0.136207423,0.0,0.0,0.0,391.65268,0.0,0.0,0.0,0.0,-1.5707964,0.0
1970-01-01 00:00:00.136235467,0.136235467,0.0,0.0,88.98618,0.0,0.0,0.0,0.0,0.0,-1.5707964,0.0
1970-01-01 00:00:00.136257407,0.136257407,113.97997,0.0,0.0,0.0,0.0,0.0,0.0,0.0,-1.5707964,0.0
1970-01-01 00:00:00.136257407,0.136257407,0.0,0.0,0.0,0.0,0.0,130.12204,0.0,0.0,-1.5707964,0.0
1970-01-01 00:00:00.136325036,0.136325036,0.0,0.0,130.81291,0.0,0.0,0.0,0.0,0.0,-1.5707964,0.0
1970-01-01 00:00:00.136343391,0.136343391,0.0,0.0,0.0,0.0,0.0,226.96199,0.0,0.0,-1.5707964,0.0
1970-01-01 00:00:00.136360709,0.136360709,0.0,0.0,0.0,506.13898,0.0,0.0,0.0,0.0,-1.5707964,0.0
1970-01-01 00:00:00.136379626,0.136379626,0.0,0.0,0.0,251.52263,0.0,0.0,0.0,0.0,-1.5707964,0.0
1970-01-01 00:00:00.136379636,0.136379636,0.0,0.0,0.0,96.590126,0.0,0.0,0.0,0.0,-1.5707964,0.0
1970-01-01 00:00:00.136385225,0.136385225,0.0,0.0,0.0,0.0,0.0,140.23277,0.0,0.0,-1.5707964,0.0
1970-01-01 00:00:00.136406502,0.136406502,0.0,0.0,0.0,395.4524,0.0,0.0,0.0,0.0,-1.5707964,0.0
1970-01-01 00:00:00.136444809,0.136444809,0.0,0.0,391.04633,0.0,0.0,0.0,0.0,0.0,-1.5707964,0.0
1970-01-01 00:00:00.136466942,0.136466942,0.0,0.0,0.0,0.0,0.0,477.15454,0.0,0.0,-1.5707964,0.0
1970-01-01 00:00:00.136475278,0.136475278,0.0,0.0,217.32727,0.0,0.0,0.0,0.0,0.0,-1.5707964,0.0
1970-01-01 00:00:00.136477941,0.136477941,0.0,0.0,0.0,971.95654,0.0,0.0,0.0,0.0,-1.5707964,0.0
1970-01-01 00:00:00.136620574,0.136620574,0.0,0.0,787.79706,0.0,0.0,0.0,0.0,0.0,-1.5707964,0.0
1970-01-01 00:00:00.136632056,0.136632056,0.0,0.0,0.0,501.26846,0.0,0.0,0.0,0.0,-1.5707964,0.0
1970-01-01 00:00:00.136638443,0.136638443,0.0,0.0,0.0,0.0,0.0,358.92056,0.0,0.0,-1.5707964,0.0
1970-01-01 00:00:00.136641913,0.136641913,0.0,0.0,0.0,273.51462,0.0,0.0,0.0,0.0,-1.5707964,0.0
1970-01-01 00:00:00.136680433,0.136680433,0.0,0.0,0.0,117.7475,0.0,0.0,0.0,0.0,-1.5707964,0.0
1970-01-01 00:00:00.136690435,0.136690435,0.0,0.0,209.81584,0.0,0.0,0.0,0.0,0.0,-1.5707964,0.0
1970-01-01 00:00:00.136710459,0.136710459,0.0,162.13142,0.0,0.0,0.0,0.0,0.0,0.0,-1.5707964,0.0
1970-01-01 00:00:00.136737724,0.136737724,0.0,0.0,0.0,194.48749,0.0,0.0,0.0,0.0,-1.5707964,0.0
1970-01-01 00:00:00.136739736,0.136739736,0.0,0.0,0.0,229.38966,0.0,0.0,0.0,0.0,-1.5707964,0.0
1970-01-01 00:00:00.136748462,0.136748462,0.0,476.84625,0.0,0.0,0.0,0.0,0.0,0.0,-1.5707964,0.0
1970-01-01 00:00:00.136750080,0.13675008,0.0,0.0,0.0,89.34063,0.0,0.0,0.0,0.0,-1.5707964,0.0
1970-01-01 00:00:00.136755714,0.136755714,0.0,0.0,207.2415,0.0,0.0,0.0,0.0,0.0,-1.5707964,0.0
1970-01-01 00:00:00.136771793,0.136771793,0.0,0.0,198.66675,0.0,0.0,0.0,0.0,0.0,-1.5707964,0.0
1970-01-01 00:00:00.136779498,0.136779498,0.0,0.0,0.0,2153.2148,0.0,0.0,0.0,0.0,-1.5707964,0.0
1970-01-01 00:00:00.136791841,0.136791841,0.0,0.0,0.0,0.0,0.0,255.66522,0.0,0.0,-1.5707964,0.0
1970-01-01 00:00:00.136820662,0.136820662,0.0,0.0,0.0,0.0,0.0,293.54276,0.0,0.0,-1.5707964,0.0
1970-01-01 00:00:00.136829607,0.136829607,0.0,111.47075,0.0,0.0,0.0,0.0,0.0,0.0,-1.5707964,0.0
1970-01-01 00:00:00.136889058,0.136889058,0.0,349.65482,0.0,0.0,0.0,0.0,0.0,0.0,-1.5707964,0.0
1970-01-01 00:00:00.136951494,0.136951494,0.0,0.0,0.0,3220.3787,0.0,0.0,0.0,0.0,-1.5707964,0.0
1970-01-01 00:00:00.136957892,0.136957892,0.0,0.0,0.0,0.0,0.0,268.44635,0.0,0.0,-1.5707964,0.0
1970-01-01 00:00:00.136974296,0.136974296,99.76494,0.0,0.0,0.0,0.0,0.0,0.0,0.0,-1.5707964,0.0
1970-01-01 00:00:00.136975515,0.136975515,0.0,0.0,0.0,0.0,0.0,142.11191,0.0,0.0,-1.5707964,0.0
1970-01-01 00:00:00.136984782,0.136984782,0.0,0.0,0.0,0.0,0.0,659.8921,0.0,0.0,-1.5707964,0.0
1970-01-01 00:00:00.137006999,0.137006999,0.0,0.0,0.0,83.75627,0.0,0.0,0.0,0.0,-1.5707964,0.0
1970-01-01 00:00:00.137013220,0.13701322,0.0,0.0,0.0,103.79691,0.0,0.0,0.0,0.0,-1.5707964,0.0
1970-01-01 00:00:00.137027871,0.137027871,0.0,0.0,0.0,180.27962,0.0,0.0,0.0,0.0,-1.5707964,0.0
1970-01-01 00:00:00.137083409,0.137083409,0.0,0.0,0.0,138.38701,0.0,0.0,0.0,0.0,-1.5707964,0.0
1970-01-01 00:00:00.137094092,0.137094092,0.0,631.2859,0.0,0.0,0.0,0.0,0.0,0.0,-1.5707964,0.0
1970-01-01 00:00:00.137126064,0.137126064,0.0,0.0,0.0,0.0,0.0,603.1687,0.0,0.0,-1.5707964,0.0
1970-01-01 00:00:00.137132909,0.137132909,0.0,0.0,0.0,167.13188,0.0,0.0,0.0,0.0,-1.5707964,0.0
1970-01-01 00:00:00.137184309,0.137184309,0.0,540.26074,0.0,0.0,0.0,0.0,0.0,0.0,-1.5707964,0.0
1970-01-01 00:00:00.137204808,0.137204808,0.0,0.0,0.0,0.0,0.0,240.55455,0.0,0.0,-1.5707964,0.0
1970-01-01 00:00:00.137226151,0.137226151,0.0,0.0,0.0,0.0,0.0,213.31398,0.0,0.0,-1.5707964,0.0
1970-01-01 00:00:00.137229816,0.137229816,0.0,116.408195,0.0,0.0,0.0,0.0,0.0,0.0,-1.5707964,0.0
1970-01-01 00:00:00.137254584,0.137254584,0.0,0.0,0.0,0.0,89.71349,0.0,0.0,0.0,-1.5707964,0.0
1970-01-01 00:00:00.137275326,0.137275326,0.0,124.000984,0.0,0.0,0.0,0.0,0.0,0.0,-1.5707964,0.0
1970-01-01 00:00:00.137280670,0.13728067,0.0,0.0,0.0,115.24321,0.0,0.0,0.0,0.0,-1.5707964,0.0
1970-01-01 00:00:00.137280670,0.13728067,0.0,0.0,0.0,0.0,0.0,169.66254,0.0,0.0,-1.5707964,0.0
1970-01-01 00:00:00.137286177,0.137286177,0.0,404.81387,0.0,0.0,0.0,0.0,0.0,0.0,-1.5707964,0.0
1970-01-01 00:00:00.137320515,0.137320515,0.0,0.0,0.0,0.0,132.01685,0.0,0.0,0.0,-1.5707964,0.0
1970-01-01 00:00:00.137340184,0.137340184,0.0,0.0,94.559074,0.0,0.0,0.0,0.0,0.0,-1.5707964,0.0
1970-01-01 00:00:00.137344409,0.137344409,0.0,0.0,0.0,269.90204,0.0,0.0,0.0,0.0,-1.5707964,0.0
1970-01-01 00:00:00.137351810,0.13735181,0.0,0.0,0.0,162.55406,0.0,0.0,0.0,0.0,-1.5707964,0.0
1970-01-01 00:00:00.137365871,0.137365871,0.0,0.0,0.0,467.88538,0.0,0.0,0.0,0.0,-1.5707964,0.0
1970-01-01 00:00:00.137371922,0.137371922,0.0,384.09244,0.0,0.0,0.0,0.0,0.0,0.0,-1.5707964,0.0
1970-01-01 00:00:00.137382943,0.137382943,0.0,171.62141,0.0,0.0,0.0,0.0,0.0,0.0,-1.5707964,0.0
1970-01-01 00:00:00.137388381,0.137388381,0.0,0.0,0.0,216.13939,0.0,0.0,0.0,0.0,-1.5707964,0.0
1970-01-01 00:00:00.137389533,0.137389533,0.0,0.0,1376.8876,0.0,0.0,0.0,0.0,0.0,-1.5707964,0.0
1970-01-01 00:00:00.137391729,0.137391729,0.0,0.0,0.0,0.0,0.0,3028.8591,0.0,0.0,-1.5707964,0.0
1970-01-01 00:00:00.137403032,0.137403032,0.0,0.0,0.0,0.0,200.56439,0.0,0.0,0.0,-1.5707964,0.0
1970-01-01 00:00:00.137420084,0.137420084,0.0,0.0,461.97372,0.0,0.0,0.0,0.0,0.0,-1.5707964,0.0
1970-01-01 00:00:00.137436916,0.137436916,0.0,0.0,0.0,83.30416,0.0,0.0,0.0,0.0,-1.5707964,0.0
1970-01-01 00:00:00.137474804,0.137474804,0.0,195.36,0.0,0.0,0.0,0.0,0.0,0.0,-1.5707964,0.0
1970-01-01 00:00:00.137511835,0.137511835,0.0,0.0,669.05383,0.0,0.0,0.0,0.0,0.0,-1.5707964,0.0
1970-01-01 00:00:00.137512517,0.137512517,0.0,0.0,0.0,746.3781,0.0,0.0,0.0,0.0,-1.5707964,0.0
1970-01-01 00:00:00.137531142,0.137531142,0.0,0.0,0.0,169.767,0.0,0.0,0.0,0.0,-1.5707964,0.0
1970-01-01 00:00:00.137535455,0.137535455,0.0,0.0,0.0,0.0,125.774445,0.0,0.0,0.0,-1.5707964,0.0
1970-01-01 00:00:00.137546014,0.137546014,0.0,0.0,0.0,243.32127,0.0,0.0,0.0,0.0,-1.5707964,0.0
1970-01-01 00:00:00.137561847,0.137561847,0.0,0.0,0.0,348.72745,0.0,0.0,0.0,0.0,-1.5707964,0.0
1970-01-01 00:00:00.137579181,0.137579181,0.0,0.0,0.0,163.67279,0.0,0.0,0.0,0.0,-1.5707964,0.0
1970-01-01 00:00:00.137583579,0.137583579,0.0,0.0,0.0,120.88301,0.0,0.0,0.0,0.0,-1.5707964,0.0
1970-01-01 00:00:00.137606575,0.137606575,0.0,0.0,0.0,260.93048,0.0,0.0,0.0,0.0,-1.5707964,0.0
1970-01-01 00:00:00.137628108,0.137628108,0.0,0.0,0.0,1454.213,0.0,0.0,0.0,0.0,-1.5707964,0.0
1970-01-01 00:00:00.137651487,0.137651487,0.0,0.0,0.0,106.80438,0.0,0.0,0.0,0.0,-1.5707964,0.0
1970-01-01 00:00:00.137679533,0.137679533,0.0,0.0,791.3927,0.0,0.0,0.0,0.0,0.0,-1.5707964,0.0
1970-01-01 00:00:00.137688775,0.137688775,0.0,0.0,0.0,0.0,166.17921,0.0,0.0,0.0,-1.5707964,0.0
1970-01-01 00:00:00.137702746,0.137702746,0.0,193.43979,0.0,0.0,0.0,0.0,0.0,0.0,-1.5707964,0.0
1970-01-01 00:00:00.137728490,0.13772849,0.0,0.0,0.0,87.832184,0.0,0.0,0.0,0.0,-1.5707964,0.0
1970-01-01 00:00:00.137737129,0.137737129,0.0,0.0,0.0,303.50183,0.0,0.0,0.0,0.0,-1.5707964,0.0
1970-01-01 00:00:00.137746000,0.137746,0.0,0.0,0.0,0.0,0.0,185.71362,0.0,0.0,-1.5707964,0.0
1970-01-01 00:00:00.137748444,0.137748444,0.0,0.0,382.08746,0.0,0.0,0.0,0.0,0.0,-1.5707964,0.0
1970-01-01 00:00:00.137781220,0.13778122,0.0,0.0,0.0,93.56677,0.0,0.0,0.0,0.0,-1.5707964,0.0
1970-01-01 00:00:00.137809632,0.137809632,0.0,0.0,0.0,101.91057,0.0,0.0,0.0,0.0,-1.5707964,0.0
1970-01-01 00:00:00.137844306,0.137844306,0.0,101.25137,0.0,0.0,0.0,0.0,0.0,0.0,-1.5707964,0.0
1970-01-01 00:00:00.137845102,0.137845102,0.0,0.0,0.0,191.04678,0.0,0.0,0.0,0.0,-1.5707964,0.0
1970-01-01 00:00:00.137851812,0.137851812,0.0,0.0,97.926445,0.0,0.0,0.0,0.0,0.0,-1.5707964,0.0
1970-01-01 00:00:00.137889800,0.1378898,0.0,0.0,259.92734,0.0,0.0,0.0,0.0,0.0,-1.5707964,0.0
1970-01-01 00:00:00.137901997,0.137901997,0.0,0.0,0.0,337.75665,0.0,0.0,0.0,0.0,-1.5707964,0.0
1970-01-01 00:00:00.137906608,0.137906608,0.0,0.0,0.0,207.78415,0.0,0.0,0.0,0.0,-1.5707964,0.0
1970-01-01 00:00:00.137918798,0.137918798,0.0,134.51663,0.0,0.0,0.0,0.0,0.0,0.0,-1.5707964,0.0
1970-01-01 00:00:00.137931151,0.137931151,0.0,0.0,0.0,0.0,0.0,1103.8682,0.0,0.0,-1.5707964,0.0
1970-01-01 00:00:00.137932943,0.137932943,0.0,121.66075,0.0,0.0,0.0,0.0,0.0,0.0,-1.5707964,0.0
1970-01-01 00:00:00.137938286,0.137938286,0.0,0.0,0.0,0.0,281.3505,0.0,0.0,0.0,-1.5707964,0.0
1970-01-01 00:00:00.137948071,0.137948071,0.0,0.0,1370.6743,0.0,0.0,0.0,0.0,0.0,-1.5707964,0.0
1970-01-01 00:00:00.138003284,0.138003284,0.0,0.0,0.0,85.20497,0.0,0.0,0.0,0.0,-1.5707964,0.0
1970-01-01 00:00:00.138005588,0.138005588,0.0,0.0,0.0,0.0,0.0,311.062,0.0,0.0,-1.5707964,0.0
1970-01-01 00:00:00.138031315,0.138031315,0.0,0.0,0.0,137.08488,0.0,0.0,0.0,0.0,-1.5707964,0.0
1970-01-01 00:00:00.138042537,0.138042537,0.0,0.0,0.0,0.0,0.0,170.76895,0.0,0.0,-1.5707964,0.0
1970-01-01 00:00:00.138056921,0.138056921,0.0,0.0,0.0,279.1878,0.0,0.0,0.0,0.0,-1.5707964,0.0
1970-01-01 00:00:00.138097927,0.138097927,0.0,0.0,0.0,191.32361,0.0,0.0,0.0,0.0,-1.5707964,0.0
1970-01-01 00:00:00.138163952,0.138163952,299.52383,0.0,0.0,0.0,0.0,0.0,0.0,0.0,-1.5707964,0.0
1970-01-01 00:00:00.138171162,0.138171162,96.9892,0.0,0.0,0.0,0.0,0.0,0.0,0.0,-1.5707964,0.0
1970-01-01 00:00:00.138180482,0.138180482,0.0,0.0,0.0,0.0,223.77544,0.0,0.0,0.0,-1.5707964,0.0
1970-01-01 00:00:00.138182366,0.138182366,0.0,0.0,0.0,174.31198,0.0,0.0,0.0,0.0,-1.5707964,0.0
1970-01-01 00:00:00.138219073,0.138219073,0.0,0.0,0.0,2095.9502,0.0,0.0,0.0,0.0,-1.5707964,0.0
1970-01-01 00:00:00.138223250,0.13822325,0.0,0.0,0.0,0.0,0.0,165.2611,0.0,0.0,-1.5707964,0.0
1970-01-01 00:00:00.138226041,0.138226041,0.0,0.0,0.0,151.59865,0.0,0.0,0.0,0.0,-1.5707964,0.0
1970-01-01 00:00:00.138229439,0.138229439,0.0,1461.1907,0.0,0.0,0.0,0.0,0.0,0.0,-1.5707964,0.0
1970-01-01 00:00:00.138240579,0.138240579,0.0,0.0,0.0,111.49997,0.0,0.0,0.0,0.0,-1.5707964,0.0
1970-01-01 00:00:00.138279195,0.138279195,0.0,272.7279,0.0,0.0,0.0,0.0,0.0,0.0,-1.5707964,0.0
1970-01-01 00:00:00.138363779,0.138363779,0.0,1603.7909,0.0,0.0,0.0,0.0,0.0,0.0,-1.5707964,0.0
1970-01-01 00:00:00.138363779,0.138363779,0.0,0.0,0.0,183.44313,0.0,0.0,0.0,0.0,-1.5707964,0.0
1970-01-01 00:00:00.138378049,0.138378049,0.0,0.0,0.0,0.0,0.0,170.68408,0.0,0.0,-1.5707964,0.0
1970-01-01 00:00:00.138383928,0.138383928,0.0,0.0,0.0,0.0,204.1585,0.0,0.0,0.0,-1.5707964,0.0
1970-01-01 00:00:00.138392219,0.138392219,0.0,0.0,0.0,97.115425,0.0,0.0,0.0,0.0,-1.5707964,0.0
1970-01-01 00:00:00.138402732,0.138402732,0.0,0.0,0.0,209.27786,0.0,0.0,0.0,0.0,-1.5707964,0.0
1970-01-01 00:00:00.138412561,0.138412561,0.0,0.0,0.0,693.92596,0.0,0.0,0.0,0.0,-1.5707964,0.0
1970-01-01 00:00:00.138447163,0.138447163,0.0,0.0,0.0,0.0,194.69614,0.0,0.0,0.0,-1.5707964,0.0
1970-01-01 00:00:00.138493435,0.138493435,0.0,217.44656,0.0,0.0,0.0,0.0,0.0,0.0,-1.5707964,0.0
1970-01-01 00:00:00.138501168,0.138501168,0.0,0.0,983.22723,0.0,0.0,0.0,0.0,0.0,-1.5707964,0.0
1970-01-01 00:00:00.138531784,0.138531784,0.0,177.576,0.0,0.0,0.0,0.0,0.0,0.0,-1.5707964,0.0
1970-01-01 00:00:00.138536473,0.138536473,0.0,185.72826,0.0,0.0,0.0,0.0,0.0,0.0,-1.5707964,0.0
1970-01-01 00:00:00.138616823,0.138616823,0.0,0.0,139.11267,0.0,0.0,0.0,0.0,0.0,-1.5707964,0.0
1970-01-01 00:00:00.138630809,0.138630809,0.0,0.0,105.735825,0.0,0.0,0.0,0.0,0.0,-1.5707964,0.0
1970-01-01 00:00:00.138642019,0.138642019,0.0,0.0,0.0,241.01863,0.0,0.0,0.0,0.0,-1.5707964,0.0
1970-01-01 00:00:00.138651784,0.138651784,0.0,0.0,0.0,183.66708,0.0,0.0,0.0,0.0,-1.5707964,0.0
1970-01-01 00:00:00.138677168,0.138677168,0.0,0.0,0.0,300.69135,0.0,0.0,0.0,0.0,-1.5707964,0.0
1970-01-01 00:00:00.138689940,0.13868994,0.0,0.0,0.0,610.1262,0.0,0.0,0.0,0.0,-1.5707964,0.0
1970-01-01 00:00:00.138725928,0.138725928,0.0,0.0,304.03708,0.0,0.0,0.0,0.0,0.0,-1.5707964,0.0
1970-01-01 00:00:00.138732410,0.13873241,0.0,0.0,179.59569,0.0,0.0,0.0,0.0,0.0,-1.5707964,0.0
1970-01-01 00:00:00.138732410,0.13873241,0.0,0.0,0.0,0.0,1316.0365,0.0,0.0,0.0,-1.5707964,0.0
1970-01-01 00:00:00.138741828,0.138741828,0.0,0.0,0.0,940.414,0.0,0.0,0.0,0.0,-1.5707964,0.0
1970-01-01 00:00:00.138759973,0.138759973,0.0,0.0,0.0,216.38383,0.0,0.0,0.0,0.0,-1.5707964,0.0
1970-01-01 00:00:00.138769033,0.138769033,0.0,0.0,0.0,0.0,0.0,158.92448,0.0,0.0,-1.5707964,0.0
1970-01-01 00:00:00.138782218,0.138782218,0.0,0.0,1762.6055,0.0,0.0,0.0,0.0,0.0,-1.5707964,0.0
1970-01-01 00:00:00.138787036,0.138787036,0.0,0.0,0.0,830.60706,0.0,0.0,0.0,0.0,-1.5707964,0.0
1970-01-01 00:00:00.138791800,0.1387918,0.0,0.0,0.0,251.00862,0.0,0.0,0.0,0.0,-1.5707964,0.0
1970-01-01 00:00:00.138793634,0.138793634,0.0,0.0,0.0,0.0,144.50903,0.0,0.0,0.0,-1.5707964,0.0
1970-01-01 00:00:00.138822248,0.138822248,0.0,0.0,0.0,0.0,0.0,104.74569,0.0,0.0,-1.5707964,0.0
1970-01-01 00:00:00.138828916,0.138828916,347.68872,0.0,0.0,0.0,0.0,0.0,0.0,0.0,-1.5707964,0.0
1970-01-01 00:00:00.138837449,0.138837449,0.0,0.0,0.0,222.62819,0.0,0.0,0.0,0.0,-1.5707964,0.0
1970-01-01 00:00:00.138848935,0.138848935,0.0,0.0,0.0,432.9939,0.0,0.0,0.0,0.0,-1.5707964,0.0
1970-01-01 00:00:00.138849047,0.138849047,0.0,140.33362,0.0,0.0,0.0,0.0,0.0,0.0,-1.5707964,0.0
1970-01-01 00:00:00.138849461,0.138849461,0.0,0.0,0.0,252.10649,0.0,0.0,0.0,0.0,-1.5707964,0.0
1970-01-01 00:00:00.138860491,0.138860491,0.0,0.0,0.0,0.0,0.0,154.98087,0.0,0.0,-1.5707964,0.0
1970-01-01 00:00:00.138904420,0.13890442,0.0,0.0,0.0,0.0,190.1812,0.0,0.0,0.0,-1.5707964,0.0
1970-01-01 00:00:00.138909545,0.138909545,0.0,0.0,296.2407,0.0,0.0,0.0,0.0,0.0,-1.5707964,0.0
1970-01-01 00:00:00.138911039,0.138911039,0.0,0.0,0.0,0.0,0.0,94.88018,0.0,0.0,-1.5707964,0.0
1970-01-01 00:00:00.138911855,0.138911855,0.0,0.0,0.0,0.0,0.0,139.94736,0.0,0.0,-1.5707964,0.0
1970-01-01 00:00:00.138933002,0.138933002,231.21028,0.0,0.0,0.0,0.0,0.0,0.0,0.0,-1.5707964,0.0
1970-01-01 00:00:00.138933002,0.138933002,0.0,0.0,2091.7888,0.0,0.0,0.0,0.0,0.0,-1.5707964,0.0
1970-01-01 00:00:00.138933002,0.138933002,0.0,0.0,0.0,0.0,0.0,281.29865,0.0,0.0,-1.5707964,0.0
1970-01-01 00:00:00.138938266,0.138938266,0.0,424.1368,0.0,0.0,0.0,0.0,0.0,0.0,-1.5707964,0.0
1970-01-01 00:00:00.138947456,0.138947456,0.0,0.0,196.81804,0.0,0.0,0.0,0.0,0.0,-1.5707964,0.0
1970-01-01 00:00:00.138967815,0.138967815,0.0,0.0,0.0,0.0,0.0,585.6232,0.0,0.0,-1.5707964,0.0
1970-01-01 00:00:00.138994261,0.138994261,131.80879,0.0,0.0,0.0,0.0,0.0,0.0,0.0,-1.5707964,0.0
1970-01-01 00:00:00.139023441,0.139023441,0.0,0.0,0.0,93.522766,0.0,0.0,0.0,0.0,-1.5707964,0.0
1970-01-01 00:00:00.139031091,0.139031091,0.0,0.0,0.0,0.0,0.0,250.1972,0.0,0.0,-1.5707964,0.0
1970-01-01 00:00:00.139068985,0.139068985,0.0,0.0,209.8618,0.0,0.0,0.0,0.0,0.0,-1.5707964,0.0
1970-01-01 00:00:00.139077744,0.139077744,0.0,146.79921,0.0,0.0,0.0,0.0,0.0,0.0,-1.5707964,0.0
1970-01-01 00:00:00.139077744,0.139077744,0.0,0.0,0.0,82.201546,0.0,0.0,0.0,0.0,-1.5707964,0.0
1970-01-01 00:00:00.139082433,0.139082433,0.0,0.0,0.0,615.601,0.0,0.0,0.0,0.0,-1.5707964,0.0
1970-01-01 00:00:00.139093059,0.139093059,0.0,509.98508,0.0,0.0,0.0,0.0,0.0,0.0,-1.5707964,0.0
1970-01-01 00:00:00.139115406,0.139115406,0.0,0.0,0.0,0.0,167.78876,0.0,0.0,0.0,-1.5707964,0.0
1970-01-01 00:00:00.139119246,0.139119246,0.0,0.0,0.0,1800.2474,0.0,0.0,0.0,0.0,-1.5707964,0.0
1970-01-01 00:00:00.139148238,0.139148238,0.0,0.0,0.0,1132.4777,0.0,0.0,0.0,0.0,-1.5707964,0.0
1970-01-01 00:00:00.139161343,0.139161343,0.0,0.0,0.0,149.71638,0.0,0.0,0.0,0.0,-1.5707964,0.0
1970-01-01 00:00:00.139176785,0.139176785,0.0,0.0,0.0,264.84464,0.0,0.0,0.0,0.0,-1.5707964,0.0
1970-01-01 00:00:00.139194889,0.139194889,0.0,0.0,0.0,287.63303,0.0,0.0,0.0,0.0,-1.5707964,0.0
1970-01-01 00:00:00.139201083,0.139201083,0.0,0.0,439.03284,0.0,0.0,0.0,0.0,0.0,-1.5707964,0.0
1970-01-01 00:00:00.139210340,0.13921034,0.0,0.0,0.0,1252.1758,0.0,0.0,0.0,0.0,-1.5707964,0.0
1970-01-01 00:00:00.139221996,0.139221996,0.0,0.0,0.0,406.77872,0.0,0.0,0.0,0.0,-1.5707964,0.0
1970-01-01 00:00:00.139269947,0.139269947,0.0,0.0,0.0,0.0,0.0,96.7846,0.0,0.0,-1.5707964,0.0
1970-01-01 00:00:00.139272013,0.139272013,0.0,93.41974,0.0,0.0,0.0,0.0,0.0,0.0,-1.5707964,0.0
1970-01-01 00:00:00.139277489,0.139277489,0.0,0.0,424.81036,0.0,0.0,0.0,0.0,0.0,-1.5707964,0.0
1970-01-01 00:00:00.139293681,0.139293681,315.7417,0.0,0.0,0.0,0.0,0.0,0.0,0.0,-1.5707964,0.0
1970-01-01 00:00:00.139312409,0.139312409,0.0,0.0,0.0,0.0,0.0,657.16876,0.0,0.0,-1.5707964,0.0
1970-01-01 00:00:00.139339577,0.139339577,0.0,971.68634,0.0,0.0,0.0,0.0,0.0,0.0,-1.5707964,0.0
1970-01-01 00:00:00.139354130,0.13935413,0.0,0.0,0.0,265.59103,0.0,0.0,0.0,0.0,-1.5707964,0.0
1970-01-01 00:00:00.139369634,0.139369634,128.95541,0.0,0.0,0.0,0.0,0.0,0.0,0.0,-1.5707964,0.0
1970-01-01 00:00:00.139373453,0.139373453,0.0,1270.8368,0.0,0.0,0.0,0.0,0.0,0.0,-1.5707964,0.0
1970-01-01 00:00:00.139377580,0.13937758,0.0,0.0,0.0,117.75169,0.0,0.0,0.0,0.0,-1.5707964,0.0
1970-01-01 00:00:00.139382564,0.139382564,0.0,0.0,228.91307,0.0,0.0,0.0,0.0,0.0,-1.5707964,0.0
1970-01-01 00:00:00.139444347,0.139444347,0.0,0.0,0.0,110.140785,0.0,0.0,0.0,0.0,-1.5707964,0.0
1970-01-01 00:00:00.139451958,0.139451958,0.0,0.0,0.0,0.0,0.0,406.74042,0.0,0.0,-1.5707964,0.0
1970-01-01 00:00:00.139629711,0.139629711,0.0,0.0,0.0,213.73271,0.0,0.0,0.0,0.0,-1.5707964,0.0
1970-01-01 00:00:00.139711136,0.139711136,0.0,0.0,0.0,0.0,138.41315,0.0,0.0,0.0,-1.5707964,0.0
1970-01-01 00:00:00.139711136,0.139711136,0.0,0.0,0.0,0.0,226.56732,0.0,0.0,0.0,-1.5707964,0.0
1970-01-01 00:00:00.139711136,0.139711136,0.0,0.0,0.0,1740.9056,0.0,0.0,0.0,0.0,-1.5707964,0.0
1970-01-01 00:00:00.139734575,0.139734575,0.0,832.3075,0.0,0.0,0.0,0.0,0.0,0.0,-1.5707964,0.0
1970-01-01 00:00:00.139736641,0.139736641,0.0,0.0,0.0,2006.3179,0.0,0.0,0.0,0.0,-1.5707964,0.0
1970-01-01 00:00:00.139760662,0.139760662,0.0,0.0,0.0,284.26553,0.0,0.0,0.0,0.0,-1.5707964,0.0
1970-01-01 00:00:00.139764482,0.139764482,0.0,0.0,0.0,304.2463,0.0,0.0,0.0,0.0,-1.5707964,0.0
1970-01-01 00:00:00.139804101,0.139804101,0.0,0.0,0.0,0.0,281.1658,0.0,0.0,0.0,-1.5707964,0.0
1970-01-01 00:00:00.139828786,0.139828786,0.0,0.0,0.0,0.0,99.18187,0.0,0.0,0.0,-1.5707964,0.0
1970-01-01 00:00:00.139831727,0.139831727,0.0,0.0,444.0404,0.0,0.0,0.0,0.0,0.0,-1.5707964,0.0
1970-01-01 00:00:00.139841367,0.139841367,0.0,0.0,0.0,331.38712,0.0,0.0,0.0,0.0,-1.5707964,0.0
1970-01-01 00:00:00.139853921,0.139853921,0.0,0.0,0.0,0.0,211.38457,0.0,0.0,0.0,-1.5707964,0.0
1970-01-01 00:00:00.139857768,0.139857768,0.0,0.0,0.0,0.0,0.0,233.62775,0.0,0.0,-1.5707964,0.0
1970-01-01 00:00:00.139883049,0.139883049,0.0,0.0,0.0,410.75925,0.0,0.0,0.0,0.0,-1.5707964,0.0
1970-01-01 00:00:00.139885553,0.139885553,0.0,0.0,0.0,488.1197,0.0,0.0,0.0,0.0,-1.5707964,0.0
1970-01-01 00:00:00.139886950,0.13988695,0.0,0.0,0.0,358.176,0.0,0.0,0.0,0.0,-1.5707964,0.0
1970-01-01 00:00:00.139897461,0.139897461,0.0,0.0,0.0,98.29721,0.0,0.0,0.0,0.0,-1.5707964,0.0
1970-01-01 00:00:00.139900813,0.139900813,0.0,0.0,0.0,0.0,0.0,91.77358,0.0,0.0,-1.5707964,0.0
1970-01-01 00:00:00.139905088,0.139905088,0.0,0.0,0.0,198.05875,0.0,0.0,0.0,0.0,-1.5707964,0.0
1970-01-01 00:00:00.139912423,0.139912423,0.0,0.0,0.0,200.90428,0.0,0.0,0.0,0.0,-1.5707964,0.0
1970-01-01 00:00:00.139988228,0.139988228,0.0,0.0,0.0,197.10005,0.0,0.0,0.0,0.0,-1.5707964,0.0
1970-01-01 00:00:00.139991064,0.139991064,0.0,0.0,0.0,2595.1724,0.0,0.0,0.0,0.0,-1.5707964,0.0
1970-01-01 00:00:00.139992507,0.139992507,0.0,0.0,0.0,309.21545,0.0,0.0,0.0,0.0,-1.5707964,0.0
1970-01-01 00:00:00.139997677,0.139997677,0.0,0.0,0.0,0.0,0.0,1526.8601,0.0,0.0,-1.5707964,0.0
1970-01-01 00:00:00.140015944,0.140015944,0.0,0.0,816.13025,0.0,0.0,0.0,0.0,0.0,-1.5707964,0.0
1970-01-01 00:00:00.140027827,0.140027827,0.0,0.0,0.0,337.45825,0.0,0.0,0.0,0.0,-1.5707964,0.0
1970-01-01 00:00:00.140029996,0.140029996,0.0,0.0,0.0,284.34778,0.0,0.0,0.0,0.0,-1.5707964,0.0
1970-01-01 00:00:00.140031150,0.14003115,0.0,0.0,0.0,0.0,0.0,141.06703,0.0,0.0,-1.5707964,0.0
1970-01-01 00:00:00.140114689,0.140114689,0.0,0.0,0.0,0.0,0.0,173.06877,0.0,0.0,-1.5707964,0.0
1970-01-01 00:00:00.140143696,0.140143696,0.0,0.0,0.0,925.43335,0.0,0.0,0.0,0.0,-1.5707964,0.0
1970-01-01 00:00:00.140152847,0.140152847,0.0,0.0,0.0,121.401215,0.0,0.0,0.0,0.0,-1.5707964,0.0
1970-01-01 00:00:00.140166846,0.140166846,0.0,0.0,0.0,447.8587,0.0,0.0,0.0,0.0,-1.5707964,0.0
1970-01-01 00:00:00.140193237,0.140193237,0.0,0.0,670.23,0.0,0.0,0.0,0.0,0.0,-1.5707964,0.0
1970-01-01 00:00:00.140240098,0.140240098,0.0,274.11072,0.0,0.0,0.0,0.0,0.0,0.0,-1.5707964,0.0
1970-01-01 00:00:00.140275223,0.140275223,0.0,0.0,0.0,0.0,0.0,201.07013,0.0,0.0,-1.5707964,0.0
1970-01-01 00:00:00.140276506,0.140276506,0.0,0.0,0.0,662.5899,0.0,0.0,0.0,0.0,-1.5707964,0.0
1970-01-01 00:00:00.140302431,0.140302431,0.0,0.0,0.0,0.0,121.803795,0.0,0.0,0.0,-1.5707964,0.0
1970-01-01 00:00:00.140318071,0.140318071,0.0,0.0,0.0,0.0,0.0,360.80133,0.0,0.0,-1.5707964,0.0
1970-01-01 00:00:00.140319986,0.140319986,0.0,0.0,0.0,481.9985,0.0,0.0,0.0,0.0,-1.5707964,0.0
1970-01-01 00:00:00.140333648,0.140333648,0.0,0.0,0.0,0.0,80.67943,0.0,0.0,0.0,-1.5707964,0.0
1970-01-01 00:00:00.140370631,0.140370631,0.0,0.0,0.0,526.3193,0.0,0.0,0.0,0.0,-1.5707964,0.0
1970-01-01 00:00:00.140398158,0.140398158,0.0,0.0,0.0,413.18054,0.0,0.0,0.0,0.0,-1.5707964,0.0
1970-01-01 00:00:00.140462944,0.140462944,0.0,0.0,0.0,295.75687,0.0,0.0,0.0,0.0,-1.5707964,0.0
1970-01-01 00:00:00.140472476,0.140472476,0.0,0.0,0.0,1863.3895,0.0,0.0,0.0,0.0,-1.5707964,0.0
1970-01-01 00:00:00.140482499,0.140482499,0.0,228.66191,0.0,0.0,0.0,0.0,0.0,0.0,-1.5707964,0.0
1970-01-01 00:00:00.140486740,0.14048674,0.0,0.0,0.0,169.8145,0.0,0.0,0.0,0.0,-1.5707964,0.0
1970-01-01 00:00:00.140501401,0.140501401,0.0,0.0,0.0,0.0,0.0,266.6672,0.0,0.0,-1.5707964,0.0
1970-01-01 00:00:00.140533830,0.14053383,0.0,0.0,0.0,0.0,0.0,90.51386,0.0,0.0,-1.5707964,0.0
1970-01-01 00:00:00.140542350,0.14054235,0.0,0.0,0.0,0.0,0.0,107.0567,0.0,0.0,-1.5707964,0.0
1970-01-01 00:00:00.140545515,0.140545515,0.0,0.0,0.0,181.73114,0.0,0.0,0.0,0.0,-1.5707964,0.0
1970-01-01 00:00:00.140580776,0.140580776,0.0,0.0,0.0,974.3779,0.0,0.0,0.0,0.0,-1.5707964,0.0
1970-01-01 00:00:00.140581725,0.140581725,223.90038,0.0,0.0,0.0,0.0,0.0,0.0,0.0,-1.5707964,0.0
1970-01-01 00:00:00.140587707,0.140587707,0.0,0.0,0.0,0.0,184.63948,0.0,0.0,0.0,-1.5707964,0.0
1970-01-01 00:00:00.140636494,0.140636494,0.0,0.0,0.0,265.8559,0.0,0.0,0.0,0.0,-1.5707964,0.0
1970-01-01 00:00:00.140639245,0.140639245,0.0,0.0,565.3914,0.0,0.0,0.0,0.0,0.0,-1.5707964,0.0
1970-01-01 00:00:00.140673119,0.140673119,0.0,0.0,0.0,470.75955,0.0,0.0,0.0,0.0,-1.5707964,0.0
1970-01-01 00:00:00.140683591,0.140683591,0.0,0.0,0.0,400.03882,0.0,0.0,0.0,0.0,-1.5707964,0.0
1970-01-01 00:00:00.140688077,0.140688077,0.0,0.0,0.0,0.0,1527.8948,0.0,0.0,0.0,-1.5707964,0.0
1970-01-01 00:00:00.140688077,0.140688077,0.0,0.0,0.0,167.26569,0.0,0.0,0.0,0.0,-1.5707964,0.0
1970-01-01 00:00:00.140704744,0.140704744,0.0,0.0,563.2138,0.0,0.0,0.0,0.0,0.0,-1.5707964,0.0
1970-01-01 00:00:00.140716863,0.140716863,379.77484,0.0,0.0,0.0,0.0,0.0,0.0,0.0,-1.5707964,0.0
1970-01-01 00:00:00.140749291,0.140749291,0.0,0.0,0.0,0.0,0.0,93.423645,0.0,0.0,-1.5707964,0.0
1970-01-01 00:00:00.140775863,0.140775863,0.0,131.56856,0.0,0.0,0.0,0.0,0.0,0.0,-1.5707964,0.0
1970-01-01 00:00:00.140825767,0.140825767,0.0,0.0,0.0,229.93169,0.0,0.0,0.0,0.0,-1.5707964,0.0
1970-01-01 00:00:00.140833046,0.140833046,0.0,0.0,0.0,590.4136,0.0,0.0,0.0,0.0,-1.5707964,0.0
1970-01-01 00:00:00.140878332,0.140878332,0.0,0.0,0.0,0.0,329.84543,0.0,0.0,0.0,-1.5707964,0.0
1970-01-01 00:00:00.140916071,0.140916071,0.0,0.0,83.15046,0.0,0.0,0.0,0.0,0.0,-1.5707964,0.0
1970-01-01 00:00:00.140944828,0.140944828,0.0,0.0,0.0,516.6678,0.0,0.0,0.0,0.0,-1.5707964,0.0
1970-01-01 00:00:00.140959917,0.140959917,0.0,512.005,0.0,0.0,0.0,0.0,0.0,0.0,-1.5707964,0.0
1970-01-01 00:00:00.140973746,0.140973746,0.0,0.0,0.0,838.6724,0.0,0.0,0.0,0.0,-1.5707964,0.0
1970-01-01 00:00:00.140973945,0.140973945,0.0,0.0,0.0,0.0,81.01366,0.0,0.0,0.0,-1.5707964,0.0
1970-01-01 00:00:00.141050744,0.141050744,0.0,0.0,0.0,102.58196,0.0,0.0,0.0,0.0,-1.5707964,0.0
1970-01-01 00:00:00.141057166,0.141057166,0.0,0.0,0.0,109.186356,0.0,0.0,0.0,0.0,-1.5707964,0.0
1970-01-01 00:00:00.141150258,0.141150258,0.0,0.0,159.02304,0.0,0.0,0.0,0.0,0.0,-1.5707964,0.0
1970-01-01 00:00:00.141151075,0.141151075,0.0,0.0,93.058304,0.0,0.0,0.0,0.0,0.0,-1.5707964,0.0
1970-01-01 00:00:00.141214437,0.141214437,0.0,156.22527,0.0,0.0,0.0,0.0,0.0,0.0,-1.5707964,0.0
1970-01-01 00:00:00.141253567,0.141253567,0.0,0.0,0.0,160.90231,0.0,0.0,0.0,0.0,-1.5707964,0.0
1970-01-01 00:00:00.141274664,0.141274664,0.0,168.9683,0.0,0.0,0.0,0.0,0.0,0.0,-1.5707964,0.0
1970-01-01 00:00:00.141277847,0.141277847,0.0,0.0,0.0,196.29826,0.0,0.0,0.0,0.0,-1.5707964,0.0
1970-01-01 00:00:00.141279743,0.141279743,0.0,0.0,0.0,159.34697,0.0,0.0,0.0,0.0,-1.5707964,0.0
1970-01-01 00:00:00.141297114,0.141297114,0.0,0.0,0.0,166.793,0.0,0.0,0.0,0.0,-1.5707964,0.0
1970-01-01 00:00:00.141306850,0.14130685,0.0,0.0,0.0,0.0,350.1652,0.0,0.0,0.0,-1.5707964,0.0
1970-01-01 00:00:00.141326827,0.141326827,0.0,0.0,0.0,0.0,298.55554,0.0,0.0,0.0,-1.5707964,0.0
1970-01-01 00:00:00.141411509,0.141411509,0.0,0.0,0.0,253.11615,0.0,0.0,0.0,0.0,-1.5707964,0.0
1970-01-01 00:00:00.141419416,0.141419416,0.0,0.0,0.0,0.0,339.83853,0.0,0.0,0.0,-1.5707964,0.0
1970-01-01 00:00:00.141441359,0.141441359,0.0,0.0,0.0,1114.4979,0.0,0.0,0.0,0.0,-1.5707964,0.0
1970-01-01 00:00:00.141451878,0.141451878,0.0,0.0,0.0,0.0,227.08994,0.0,0.0,0.0,-1.5707964,0.0
1970-01-01 00:00:00.141453223,0.141453223,0.0,0.0,112.46961,0.0,0.0,0.0,0.0,0.0,-1.5707964,0.0
1970-01-01 00:00:00.141484051,0.141484051,0.0,0.0,0.0,135.49556,0.0,0.0,0.0,0.0,-1.5707964,0.0
1970-01-01 00:00:00.141486036,0.141486036,0.0,0.0,0.0,175.00206,0.0,0.0,0.0,0.0,-1.5707964,0.0
1970-01-01 00:00:00.141489572,0.141489572,0.0,0.0,0.0,101.84189,0.0,0.0,0.0,0.0,-1.5707964,0.0
1970-01-01 00:00:00.141493984,0.141493984,0.0,0.0,0.0,86.85719,0.0,0.0,0.0,0.0,-1.5707964,0.0
1970-01-01 00:00:00.141499272,0.141499272,0.0,0.0,352.07132,0.0,0.0,0.0,0.0,0.0,-1.5707964,0.0
1970-01-01 00:00:00.141511385,0.141511385,0.0,288.89514,0.0,0.0,0.0,0.0,0.0,0.0,-1.5707964,0.0
1970-01-01 00:00:00.141513619,0.141513619,0.0,186.3246,0.0,0.0,0.0,0.0,0.0,0.0,-1.5707964,0.0
1970-01-01 00:00:00.141550360,0.14155036,0.0,0.0,0.0,222.41278,0.0,0.0,0.0,0.0,-1.5707964,0.0
1970-01-01 00:00:00.141580908,0.141580908,0.0,0.0,0.0,0.0,388.40976,0.0,0.0,0.0,-1.5707964,0.0
1970-01-01 00:00:00.141594080,0.14159408,0.0,0.0,0.0,92.415565,0.0,0.0,0.0,0.0,-1.5707964,0.0
1970-01-01 00:00:00.141594937,0.141594937,0.0,0.0,0.0,995.7074,0.0,0.0,0.0,0.0,-1.5707964,0.0
1970-01-01 00:00:00.141625915,0.141625915,0.0,0.0,0.0,0.0,91.76774,0.0,0.0,0.0,-1.5707964,0.0
1970-01-01 00:00:00.141625915,0.141625915,0.0,0.0,0.0,0.0,574.5801,0.0,0.0,0.0,-1.5707964,0.0
1970-01-01 00:00:00.141681797,0.141681797,0.0,0.0,0.0,0.0,0.0,641.97217,0.0,0.0,-1.5707964,0.0
1970-01-01 00:00:00.141696464,0.141696464,0.0,0.0,0.0,0.0,0.0,664.1157,0.0,0.0,-1.5707964,0.0
1970-01-01 00:00:00.141714650,0.14171465,0.0,0.0,0.0,0.0,520.5874,0.0,0.0,0.0,-1.5707964,0.0
1970-01-01 00:00:00.141735476,0.141735476,0.0,144.60654,0.0,0.0,0.0,0.0,0.0,0.0,-1.5707964,0.0
1970-01-01 00:00:00.141748804,0.141748804,0.0,0.0,0.0,311.5398,0.0,0.0,0.0,0.0,-1.5707964,0.0
1970-01-01 00:00:00.141749122,0.141749122,0.0,0.0,0.0,219.20685,0.0,0.0,0.0,0.0,-1.5707964,0.0
1970-01-01 00:00:00.141768909,0.141768909,0.0,0.0,0.0,121.56548,0.0,0.0,0.0,0.0,-1.5707964,0.0
1970-01-01 00:00:00.141783950,0.14178395,0.0,0.0,931.224,0.0,0.0,0.0,0.0,0.0,-1.5707964,0.0
1970-01-01 00:00:00.141791143,0.141791143,0.0,0.0,0.0,0.0,0.0,336.48672,0.0,0.0,-1.5707964,0.0
1970-01-01 00:00:00.141794200,0.1417942,0.0,0.0,0.0,0.0,0.0,80.675095,0.0,0.0,-1.5707964,0.0
1970-01-01 00:00:00.141795369,0.141795369,0.0,177.51738,0.0,0.0,0.0,0.0,0.0,0.0,-1.5707964,0.0
1970-01-01 00:00:00.141820658,0.141820658,0.0,731.096,0.0,0.0,0.0,0.0,0.0,0.0,-1.5707964,0.0
1970-01-01 00:00:00.141885339,0.141885339,0.0,182.2764,0.0,0.0,0.0,0.0,0.0,0.0,-1.5707964,0.0
1970-01-01 00:00:00.141942979,0.141942979,0.0,0.0,92.051445,0.0,0.0,0.0,0.0,0.0,-1.5707964,0.0
1970-01-01 00:00:00.141963183,0.141963183,0.0,0.0,141.60976,0.0,0.0,0.0,0.0,0.0,-1.5707964,0.0
1970-01-01 00:00:00.141963584,0.141963584,0.0,0.0,0.0,180.80373,0.0,0.0,0.0,0.0,-1.5707964,0.0
1970-01-01 00:00:00.141975874,0.141975874,0.0,0.0,0.0,0.0,306.67462,0.0,0.0,0.0,-1.5707964,0.0
1970-01-01 00:00:00.141976726,0.141976726,0.0,0.0,382.5114,0.0,0.0,0.0,0.0,0.0,-1.5707964,0.0
1970-01-01 00:00:00.142024082,0.142024082,0.0,0.0,465.92178,0.0,0.0,0.0,0.0,0.0,-1.5707964,0.0
1970-01-01 00:00:00.142100397,0.142100397,0.0,0.0,145.86346,0.0,0.0,0.0,0.0,0.0,-1.5707964,0.0
1970-01-01 00:00:00.142123500,0.1421235,0.0,208.52591,0.0,0.0,0.0,0.0,0.0,0.0,-1.5707964,0.0
1970-01-01 00:00:00.142177042,0.142177042,850.31415,0.0,0.0,0.0,0.0,0.0,0.0,0.0,-1.5707964,0.0
1970-01-01 00:00:00.142198466,0.142198466,0.0,0.0,0.0,122.94167,0.0,0.0,0.0,0.0,-1.5707964,0.0
1970-01-01 00:00:00.142200480,0.14220048,0.0,1364.4312,0.0,0.0,0.0,0.0,0.0,0.0,-1.5707964,0.0
1970-01-01 00:00:00.142269835,0.142269835,0.0,444.14224,0.0,0.0,0.0,0.0,0.0,0.0,-1.5707964,0.0
1970-01-01 00:00:00.142272716,0.142272716,0.0,0.0,0.0,140.56056,0.0,0.0,0.0,0.0,-1.5707964,0.0
1970-01-01 00:00:00.142273966,0.142273966,0.0,0.0,0.0,0.0,803.4444,0.0,0.0,0.0,-1.5707964,0.0
1970-01-01 00:00:00.142294483,0.142294483,0.0,0.0,0.0,329.17862,0.0,0.0,0.0,0.0,-1.5707964,0.0
1970-01-01 00:00:00.142316179,0.142316179,0.0,0.0,0.0,234.96376,0.0,0.0,0.0,0.0,-1.5707964,0.0
1970-01-01 00:00:00.142326634,0.142326634,0.0,0.0,0.0,663.75006,0.0,0.0,0.0,0.0,-1.5707964,0.0
1970-01-01 00:00:00.142340326,0.142340326,0.0,539.7764,0.0,0.0,0.0,0.0,0.0,0.0,-1.5707964,0.0
1970-01-01 00:00:00.142359812,0.142359812,0.0,0.0,0.0,899.6268,0.0,0.0,0.0,0.0,-1.5707964,0.0
1970-01-01 00:00:00.142361529,0.142361529,0.0,0.0,92.07488,0.0,0.0,0.0,0.0,0.0,-1.5707964,0.0
1970-01-01 00:00:00.142384777,0.142384777,0.0,0.0,0.0,288.50995,0.0,0.0,0.0,0.0,-1.5707964,0.0
1970-01-01 00:00:00.142395575,0.142395575,0.0,0.0,0.0,303.45108,0.0,0.0,0.0,0.0,-1.5707964,0.0
1970-01-01 00:00:00.142430960,0.14243096,0.0,135.78778,0.0,0.0,0.0,0.0,0.0,0.0,-1.5707964,0.0
1970-01-01 00:00:00.142430960,0.14243096,0.0,0.0,0.0,451.30386,0.0,0.0,0.0,0.0,-1.5707964,0.0
1970-01-01 00:00:00.142440364,0.142440364,0.0,0.0,0.0,457.84866,0.0,0.0,0.0,0.0,-1.5707964,0.0
1970-01-01 00:00:00.142467431,0.142467431,0.0,0.0,0.0,94.333305,0.0,0.0,0.0,0.0,-1.5707964,0.0
1970-01-01 00:00:00.142482426,0.142482426,0.0,0.0,0.0,0.0,193.53952,0.0,0.0,0.0,-1.5707964,0.0
1970-01-01 00:00:00.142487432,0.142487432,0.0,0.0,0.0,0.0,0.0,301.52536,0.0,0.0,-1.5707964,0.0
1970-01-01 00:00:00.142515988,0.142515988,0.0,0.0,0.0,243.66647,0.0,0.0,0.0,0.0,-1.5707964,0.0
1970-01-01 00:00:00.142623593,0.142623593,0.0,0.0,424.59586,0.0,0.0,0.0,0.0,0.0,-1.5707964,0.0
1970-01-01 00:00:00.142642478,0.142642478,0.0,0.0,0.0,703.4476,0.0,0.0,0.0,0.0,-1.5707964,0.0
1970-01-01 00:00:00.142651102,0.142651102,0.0,0.0,289.098,0.0,0.0,0.0,0.0,0.0,-1.5707964,0.0
1970-01-01 00:00:00.142686125,0.142686125,0.0,0.0,722.2035,0.0,0.0,0.0,0.0,0.0,-1.5707964,0.0
1970-01-01 00:00:00.142687129,0.142687129,0.0,0.0,0.0,0.0,86.46536,0.0,0.0,0.0,-1.5707964,0.0
1970-01-01 00:00:00.142698342,0.142698342,0.0,0.0,210.35608,0.0,0.0,0.0,0.0,0.0,-1.5707964,0.0
1970-01-01 00:00:00.142703430,0.14270343,0.0,0.0,0.0,96.24559,0.0,0.0,0.0,0.0,-1.5707964,0.0
1970-01-01 00:00:00.142742963,0.142742963,0.0,0.0,0.0,0.0,0.0,83.926956,0.0,0.0,-1.5707964,0.0
1970-01-01 00:00:00.142825298,0.142825298,0.0,0.0,0.0,0.0,0.0,315.0207,0.0,0.0,-1.5707964,0.0
1970-01-01 00:00:00.142843475,0.142843475,0.0,0.0,0.0,0.0,243.44936,0.0,0.0,0.0,-1.5707964,0.0
1970-01-01 00:00:00.142886405,0.142886405,0.0,0.0,0.0,0.0,0.0,2016.3964,0.0,0.0,-1.5707964,0.0
1970-01-01 00:00:00.142892667,0.142892667,0.0,88.67308,0.0,0.0,0.0,0.0,0.0,0.0,-1.5707964,0.0
1970-01-01 00:00:00.142935042,0.142935042,0.0,0.0,0.0,96.7204,0.0,0.0,0.0,0.0,-1.5707964,0.0
1970-01-01 00:00:00.142943513,0.142943513,0.0,0.0,0.0,295.31006,0.0,0.0,0.0,0.0,-1.5707964,0.0
1970-01-01 00:00:00.142956420,0.14295642,0.0,0.0,0.0,459.07547,0.0,0.0,0.0,0.0,-1.5707964,0.0
1970-01-01 00:00:00.143011805,0.143011805,0.0,1369.548,0.0,0.0,0.0,0.0,0.0,0.0,-1.5707964,0.0
1970-01-01 00:00:00.143022523,0.143022523,0.0,0.0,0.0,0.0,423.40158,0.0,0.0,0.0,-1.5707964,0.0
1970-01-01 00:00:00.143048660,0.14304866,0.0,0.0,189.77751,0.0,0.0,0.0,0.0,0.0,-1.5707964,0.0
1970-01-01 00:00:00.143050364,0.143050364,0.0,0.0,0.0,439.42856,0.0,0.0,0.0,0.0,-1.5707964,0.0
1970-01-01 00:00:00.143062619,0.143062619,0.0,0.0,0.0,0.0,0.0,104.665985,0.0,0.0,-1.5707964,0.0
1970-01-01 00:00:00.143077835,0.143077835,0.0,0.0,0.0,118.1474,0.0,0.0,0.0,0.0,-1.5707964,0.0
1970-01-01 00:00:00.143082819,0.143082819,0.0,0.0,212.97386,0.0,0.0,0.0,0.0,0.0,-1.5707964,0.0
1970-01-01 00:00:00.143089775,0.143089775,0.0,0.0,0.0,0.0,0.0,189.43758,0.0,0.0,-1.5707964,0.0
1970-01-01 00:00:00.143095034,0.143095034,0.0,0.0,0.0,0.0,331.96262,0.0,0.0,0.0,-1.5707964,0.0
1970-01-01 00:00:00.143099501,0.143099501,0.0,0.0,0.0,0.0,0.0,1618.6819,0.0,0.0,-1.5707964,0.0
1970-01-01 00:00:00.143101954,0.143101954,0.0,0.0,323.05914,0.0,0.0,0.0,0.0,0.0,-1.5707964,0.0
1970-01-01 00:00:00.143105434,0.143105434,0.0,0.0,0.0,0.0,0.0,495.93512,0.0,0.0,-1.5707964,0.0
1970-01-01 00:00:00.143144285,0.143144285,0.0,0.0,0.0,0.0,0.0,142.52902,0.0,0.0,-1.5707964,0.0
1970-01-01 00:00:00.143234222,0.143234222,0.0,0.0,656.2875,0.0,0.0,0.0,0.0,0.0,-1.5707964,0.0
1970-01-01 00:00:00.143283819,0.143283819,0.0,88.77881,0.0,0.0,0.0,0.0,0.0,0.0,-1.5707964,0.0
1970-01-01 00:00:00.143326559,0.143326559,0.0,0.0,0.0,215.61209,0.0,0.0,0.0,0.0,-1.5707964,0.0
1970-01-01 00:00:00.143390552,0.143390552,0.0,0.0,223.86931,0.0,0.0,0.0,0.0,0.0,-1.5707964,0.0
1970-01-01 00:00:00.143426635,0.143426635,110.63554,0.0,0.0,0.0,0.0,0.0,0.0,0.0,-1.5707964,0.0
1970-01-01 00:00:00.143443859,0.143443859,0.0,0.0,0.0,143.67064,0.0,0.0,0.0,0.0,-1.5707964,0.0
1970-01-01 00:00:00.143457245,0.143457245,112.380684,0.0,0.0,0.0,0.0,0.0,0.0,0.0,-1.5707964,0.0
1970-01-01 00:00:00.143524687,0.143524687,0.0,0.0,141.58765,0.0,0.0,0.0,0.0,0.0,-1.5707964,0.0
1970-01-01 00:00:00.143528824,0.143528824,0.0,0.0,0.0,2370.5308,0.0,0.0,0.0,0.0,-1.5707964,0.0
1970-01-01 00:00:00.143530848,0.143530848,0.0,116.672745,0.0,0.0,0.0,0.0,0.0,0.0,-1.5707964,0.0
1970-01-01 00:00:00.143564187,0.143564187,0.0,0.0,86.1932,0.0,0.0,0.0,0.0,0.0,-1.5707964,0.0
1970-01-01 00:00:00.143571349,0.143571349,121.92946,0.0,0.0,0.0,0.0,0.0,0.0,0.0,-1.5707964,0.0
1970-01-01 00:00:00.143577783,0.143577783,0.0,614.72266,0.0,0.0,0.0,0.0,0.0,0.0,-1.5707964,0.0
1970-01-01 00:00:00.143584109,0.143584109,0.0,0.0,0.0,0.0,0.0,88.059944,0.0,0.0,-1.5707964,0.0
1970-01-01 00:00:00.143589829,0.143589829,0.0,0.0,0.0,218.51038,0.0,0.0,0.0,0.0,-1.5707964,0.0
1970-01-01 00:00:00.143676805,0.143676805,0.0,0.0,0.0,0.0,0.0,336.78204,0.0,0.0,-1.5707964,0.0
1970-01-01 00:00:00.143735855,0.143735855,0.0,0.0,375.65805,0.0,0.0,0.0,0.0,0.0,-1.5707964,0.0
1970-01-01 00:00:00.143737586,0.143737586,0.0,0.0,0.0,0.0,367.8839,0.0,0.0,0.0,-1.5707964,0.0
1970-01-01 00:00:00.143737586,0.143737586,0.0,0.0,0.0,304.15472,0.0,0.0,0.0,0.0,-1.5707964,0.0
1970-01-01 00:00:00.143756057,0.143756057,0.0,0.0,0.0,205.59464,0.0,0.0,0.0,0.0,-1.5707964,0.0
1970-01-01 00:00:00.143762032,0.143762032,0.0,0.0,0.0,0.0,107.98186,0.0,0.0,0.0,-1.5707964,0.0
1970-01-01 00:00:00.143806282,0.143806282,0.0,0.0,0.0,80.78944,0.0,0.0,0.0,0.0,-1.5707964,0.0
1970-01-01 00:00:00.143844324,0.143844324,0.0,0.0,0.0,0.0,98.697876,0.0,0.0,0.0,-1.5707964,0.0
1970-01-01 00:00:00.143875329,0.143875329,0.0,0.0,0.0,353.69272,0.0,0.0,0.0,0.0,-1.5707964,0.0
1970-01-01 00:00:00.143895434,0.143895434,0.0,0.0,0.0,0.0,121.0778,0.0,0.0,0.0,-1.5707964,0.0
1970-01-01 00:00:00.143904967,0.143904967,0.0,0.0,0.0,192.76593,0.0,0.0,0.0,0.0,-1.5707964,0.0
1970-01-01 00:00:00.143946970,0.14394697,0.0,0.0,0.0,135.53993,0.0,0.0,0.0,0.0,-1.5707964,0.0
1970-01-01 00:00:00.143951069,0.143951069,0.0,0.0,624.5827,0.0,0.0,0.0,0.0,0.0,-1.5707964,0.0
1970-01-01 00:00:00.143969575,0.143969575,0.0,0.0,0.0,0.0,0.0,87.86144,0.0,0.0,-1.5707964,0.0
1970-01-01 00:00:00.143994601,0.143994601,0.0,0.0,177.64922,0.0,0.0,0.0,0.0,0.0,-1.5707964,0.0
1970-01-01 00:00:00.144000182,0.144000182,0.0,0.0,0.0,202.63179,0.0,0.0,0.0,0.0,-1.5707964,0.0
1970-01-01 00:00:00.144000535,0.144000535,0.0,0.0,332.65585,0.0,0.0,0.0,0.0,0.0,-1.5707964,0.0
1970-01-01 00:00:00.144008238,0.144008238,0.0,0.0,0.0,0.0,390.3562,0.0,0.0,0.0,-1.5707964,0.0
1970-01-01 00:00:00.144008238,0.144008238,0.0,0.0,0.0,124.353325,0.0,0.0,0.0,0.0,-1.5707964,0.0
1970-01-01 00:00:00.144014214,0.144014214,0.0,0.0,0.0,0.0,1132.7279,0.0,0.0,0.0,-1.5707964,0.0
1970-01-01 00:00:00.144020316,0.144020316,0.0,0.0,0.0,0.0,1057.7473,0.0,0.0,0.0,-1.5707964,0.0
1970-01-01 00:00:00.144021616,0.144021616,0.0,0.0,0.0,0.0,0.0,225.09854,0.0,0.0,-1.5707964,0.0
1970-01-01 00:00:00.144027384,0.144027384,0.0,0.0,0.0,774.8769,0.0,0.0,0.0,0.0,-1.5707964,0.0
1970-01-01 00:00:00.144034817,0.144034817,0.0,181.75429,0.0,0.0,0.0,0.0,0.0,0.0,-1.5707964,0.0
1970-01-01 00:00:00.144044983,0.144044983,0.0,0.0,0.0,591.7826,0.0,0.0,0.0,0.0,-1.5707964,0.0
1970-01-01 00:00:00.144048216,0.144048216,0.0,0.0,0.0,106.40747,0.0,0.0,0.0,0.0,-1.5707964,0.0
1970-01-01 00:00:00.144068512,0.144068512,0.0,0.0,0.0,0.0,486.02078,0.0,0.0,0.0,-1.5707964,0.0
1970-01-01 00:00:00.144068512,0.144068512,0.0,0.0,0.0,120.85474,0.0,0.0,0.0,0.0,-1.5707964,0.0
1970-01-01 00:00:00.144068512,0.144068512,0.0,0.0,0.0,225.94635,0.0,0.0,0.0,0.0,-1.5707964,0.0
1970-01-01 00:00:00.144078794,0.144078794,0.0,800.85266,0.0,0.0,0.0,0.0,0.0,0.0,-1.5707964,0.0
1970-01-01 00:00:00.144114482,0.144114482,0.0,0.0,0.0,1368.2777,0.0,0.0,0.0,0.0,-1.5707964,0.0
1970-01-01 00:00:00.144139142,0.144139142,0.0,0.0,0.0,144.15541,0.0,0.0,0.0,0.0,-1.5707964,0.0
1970-01-01 00:00:00.144144386,0.144144386,0.0,0.0,83.96651,0.0,0.0,0.0,0.0,0.0,-1.5707964,0.0
1970-01-01 00:00:00.144159917,0.144159917,0.0,0.0,0.0,0.0,0.0,310.2573,0.0,0.0,-1.5707964,0.0
1970-01-01 00:00:00.144180790,0.14418079,0.0,0.0,0.0,154.41023,0.0,0.0,0.0,0.0,-1.5707964,0.0
1970-01-01 00:00:00.144181766,0.144181766,0.0,0.0,138.68057,0.0,0.0,0.0,0.0,0.0,-1.5707964,0.0
1970-01-01 00:00:00.144195182,0.144195182,0.0,267.68704,0.0,0.0,0.0,0.0,0.0,0.0,-1.5707964,0.0
1970-01-01 00:00:00.144195182,0.144195182,0.0,0.0,0.0,0.0,0.0,310.0542,0.0,0.0,-1.5707964,0.0
1970-01-01 00:00:00.144211882,0.144211882,0.0,0.0,0.0,643.19464,0.0,0.0,0.0,0.0,-1.5707964,0.0
1970-01-01 00:00:00.144219479,0.144219479,0.0,0.0,859.0373,0.0,0.0,0.0,0.0,0.0,-1.5707964,0.0
1970-01-01 00:00:00.144248888,0.144248888,0.0,0.0,0.0,220.78925,0.0,0.0,0.0,0.0,-1.5707964,0.0
1970-01-01 00:00:00.144252281,0.144252281,0.0,0.0,0.0,0.0,127.540016,0.0,0.0,0.0,-1.5707964,0.0
1970-01-01 00:00:00.144282148,0.144282148,0.0,0.0,0.0,617.0255,0.0,0.0,0.0,0.0,-1.5707964,0.0
1970-01-01 00:00:00.144344894,0.144344894,0.0,0.0,0.0,0.0,124.87548,0.0,0.0,0.0,-1.5707964,0.0
1970-01-01 00:00:00.144350775,0.144350775,0.0,0.0,0.0,925.599,0.0,0.0,0.0,0.0,-1.5707964,0.0
1970-01-01 00:00:00.144371824,0.144371824,0.0,0.0,0.0,0.0,3181.5737,0.0,0.0,0.0,-1.5707964,0.0
1970-01-01 00:00:00.144371824,0.144371824,0.0,0.0,0.0,514.7439,0.0,0.0,0.0,0.0,-1.5707964,0.0
1970-01-01 00:00:00.144438484,0.144438484,0.0,0.0,0.0,697.5776,0.0,0.0,0.0,0.0,-1.5707964,0.0
1970-01-01 00:00:00.144485309,0.144485309,0.0,0.0,0.0,195.277,0.0,0.0,0.0,0.0,-1.5707964,0.0
1970-01-01 00:00:00.144503482,0.144503482,0.0,0.0,0.0,998.2932,0.0,0.0,0.0,0.0,-1.5707964,0.0
1970-01-01 00:00:00.144518076,0.144518076,0.0,399.30377,0.0,0.0,0.0,0.0,0.0,0.0,-1.5707964,0.0
1970-01-01 00:00:00.144565798,0.144565798,0.0,0.0,0.0,0.0,97.246574,0.0,0.0,0.0,-1.5707964,0.0
1970-01-01 00:00:00.144655423,0.144655423,0.0,0.0,0.0,0.0,0.0,209.09332,0.0,0.0,-1.5707964,0.0
1970-01-01 00:00:00.144679293,0.144679293,0.0,0.0,476.37903,0.0,0.0,0.0,0.0,0.0,-1.5707964,0.0
1970-01-01 00:00:00.144690414,0.144690414,0.0,0.0,201.17911,0.0,0.0,0.0,0.0,0.0,-1.5707964,0.0
1970-01-01 00:00:00.144726252,0.144726252,0.0,0.0,949.7913,0.0,0.0,0.0,0.0,0.0,-1.5707964,0.0
1970-01-01 00:00:00.144768801,0.144768801,0.0,0.0,0.0,0.0,0.0,716.087,0.0,0.0,-1.5707964,0.0
1970-01-01 00:00:00.144796083,0.144796083,0.0,0.0,2194.4946,0.0,0.0,0.0,0.0,0.0,-1.5707964,0.0
1970-01-01 00:00:00.144811109,0.144811109,0.0,0.0,0.0,177.46333,0.0,0.0,0.0,0.0,-1.5707964,0.0
1970-01-01 00:00:00.144813875,0.144813875,0.0,0.0,0.0,228.70265,0.0,0.0,0.0,0.0,-1.5707964,0.0
1970-01-01 00:00:00.144816108,0.144816108,0.0,0.0,0.0,288.35324,0.0,0.0,0.0,0.0,-1.5707964,0.0
1970-01-01 00:00:00.144853695,0.144853695,0.0,0.0,157.39146,0.0,0.0,0.0,0.0,0.0,-1.5707964,0.0
1970-01-01 00:00:00.144873123,0.144873123,0.0,0.0,0.0,121.81587,0.0,0.0,0.0,0.0,-1.5707964,0.0
1970-01-01 00:00:00.144874752,0.144874752,0.0,0.0,0.0,773.34894,0.0,0.0,0.0,0.0,-1.5707964,0.0
1970-01-01 00:00:00.144876699,0.144876699,0.0,0.0,0.0,0.0,0.0,493.90128,0.0,0.0,-1.5707964,0.0
1970-01-01 00:00:00.144927255,0.144927255,0.0,0.0,0.0,157.53488,0.0,0.0,0.0,0.0,-1.5707964,0.0
1970-01-01 00:00:00.144928441,0.144928441,0.0,0.0,0.0,179.12195,0.0,0.0,0.0,0.0,-1.5707964,0.0
1970-01-01 00:00:00.144929608,0.144929608,0.0,0.0,0.0,253.77147,0.0,0.0,0.0,0.0,-1.5707964,0.0
1970-01-01 00:00:00.144933285,0.144933285,0.0,0.0,0.0,254.74689,0.0,0.0,0.0,0.0,-1.5707964,0.0
1970-01-01 00:00:00.144966588,0.144966588,0.0,0.0,619.11523,0.0,0.0,0.0,0.0,0.0,-1.5707964,0.0
1970-01-01 00:00:00.144985187,0.144985187,0.0,0.0,0.0,0.0,143.1786,0.0,0.0,0.0,-1.5707964,0.0
1970-01-01 00:00:00.145021601,0.145021601,0.0,0.0,0.0,0.0,0.0,408.68008,0.0,0.0,-1.5707964,0.0
1970-01-01 00:00:00.145080929,0.145080929,0.0,0.0,0.0,90.107605,0.0,0.0,0.0,0.0,-1.5707964,0.0
1970-01-01 00:00:00.145165143,0.145165143,0.0,0.0,660.38544,0.0,0.0,0.0,0.0,0.0,-1.5707964,0.0
1970-01-01 00:00:00.145176833,0.145176833,0.0,0.0,0.0,0.0,0.0,84.85498,0.0,0.0,-1.5707964,0.0
1970-01-01 00:00:00.145215371,0.145215371,0.0,0.0,0.0,361.11215,0.0,0.0,0.0,0.0,-1.5707964,0.0
1970-01-01 00:00:00.145242245,0.145242245,0.0,0.0,0.0,0.0,0.0,93.30267,0.0,0.0,-1.5707964,0.0
1970-01-01 00:00:00.145279540,0.14527954,0.0,198.49498,0.0,0.0,0.0,0.0,0.0,0.0,-1.5707964,0.0
1970-01-01 00:00:00.145282417,0.145282417,0.0,0.0,0.0,107.396095,0.0,0.0,0.0,0.0,-1.5707964,0.0
1970-01-01 00:00:00.145307013,0.145307013,0.0,0.0,205.4385,0.0,0.0,0.0,0.0,0.0,-1.5707964,0.0
1970-01-01 00:00:00.145365872,0.145365872,0.0,0.0,0.0,298.49118,0.0,0.0,0.0,0.0,-1.5707964,0.0
1970-01-01 00:00:00.145397264,0.145397264,0.0,0.0,0.0,335.16403,0.0,0.0,0.0,0.0,-1.5707964,0.0
1970-01-01 00:00:00.145406524,0.145406524,0.0,0.0,262.40643,0.0,0.0,0.0,0.0,0.0,-1.5707964,0.0
1970-01-01 00:00:00.145427600,0.1454276,0.0,0.0,0.0,0.0,0.0,124.47346,0.0,0.0,-1.5707964,0.0
1970-01-01 00:00:00.145437492,0.145437492,0.0,0.0,0.0,129.96745,0.0,0.0,0.0,0.0,-1.5707964,0.0
1970-01-01 00:00:00.145445881,0.145445881,0.0,0.0,0.0,390.7721,0.0,0.0,0.0,0.0,-1.5707964,0.0
1970-01-01 00:00:00.145489102,0.145489102,0.0,0.0,0.0,269.60486,0.0,0.0,0.0,0.0,-1.5707964,0.0
1970-01-01 00:00:00.145508916,0.145508916,0.0,0.0,2045.1139,0.0,0.0,0.0,0.0,0.0,-1.5707964,0.0
1970-01-01 00:00:00.145565311,0.145565311,0.0,0.0,0.0,272.6472,0.0,0.0,0.0,0.0,-1.5707964,0.0
1970-01-01 00:00:00.145589428,0.145589428,0.0,0.0,0.0,671.47107,0.0,0.0,0.0,0.0,-1.5707964,0.0
1970-01-01 00:00:00.145595727,0.145595727,0.0,0.0,0.0,1037.324,0.0,0.0,0.0,0.0,-1.5707964,0.0
1970-01-01 00:00:00.145602477,0.145602477,0.0,0.0,0.0,123.774895,0.0,0.0,0.0,0.0,-1.5707964,0.0
1970-01-01 00:00:00.145613396,0.145613396,0.0,0.0,0.0,0.0,0.0,264.30396,0.0,0.0,-1.5707964,0.0
1970-01-01 00:00:00.145614739,0.145614739,0.0,0.0,154.6292,0.0,0.0,0.0,0.0,0.0,-1.5707964,0.0
1970-01-01 00:00:00.145634167,0.145634167,0.0,0.0,0.0,82.44798,0.0,0.0,0.0,0.0,-1.5707964,0.0
1970-01-01 00:00:00.145658050,0.14565805,0.0,0.0,0.0,227.09804,0.0,0.0,0.0,0.0,-1.5707964,0.0
1970-01-01 00:00:00.145662247,0.145662247,0.0,0.0,0.0,284.29056,0.0,0.0,0.0,0.0,-1.5707964,0.0
1970-01-01 00:00:00.145684759,0.145684759,0.0,0.0,0.0,0.0,0.0,115.52415,0.0,0.0,-1.5707964,0.0
1970-01-01 00:00:00.145690899,0.145690899,0.0,0.0,0.0,482.15045,0.0,0.0,0.0,0.0,-1.5707964,0.0
1970-01-01 00:00:00.145694035,0.145694035,0.0,0.0,0.0,0.0,674.19366,0.0,0.0,0.0,-1.5707964,0.0
1970-01-01 00:00:00.145697560,0.14569756,0.0,0.0,0.0,0.0,0.0,371.41553,0.0,0.0,-1.5707964,0.0
1970-01-01 00:00:00.145741903,0.145741903,0.0,0.0,0.0,251.71933,0.0,0.0,0.0,0.0,-1.5707964,0.0
1970-01-01 00:00:00.145753464,0.145753464,0.0,0.0,0.0,413.82016,0.0,0.0,0.0,0.0,-1.5707964,0.0
1970-01-01 00:00:00.145780183,0.145780183,0.0,0.0,0.0,0.0,0.0,117.51346,0.0,0.0,-1.5707964,0.0
1970-01-01 00:00:00.145848293,0.145848293,0.0,0.0,0.0,185.59785,0.0,0.0,0.0,0.0,-1.5707964,0.0
1970-01-01 00:00:00.145876540,0.14587654,269.2467,0.0,0.0,0.0,0.0,0.0,0.0,0.0,-1.5707964,0.0
1970-01-01 00:00:00.145886118,0.145886118,0.0,0.0,0.0,238.70961,0.0,0.0,0.0,0.0,-1.5707964,0.0
1970-01-01 00:00:00.145892883,0.145892883,0.0,0.0,0.0,0.0,84.63961,0.0,0.0,0.0,-1.5707964,0.0
1970-01-01 00:00:00.145916598,0.145916598,0.0,0.0,0.0,0.0,0.0,351.73346,0.0,0.0,-1.5707964,0.0
1970-01-01 00:00:00.145939148,0.145939148,0.0,0.0,0.0,0.0,234.98193,0.0,0.0,0.0,-1.5707964,0.0
1970-01-01 00:00:00.145990819,0.145990819,0.0,0.0,0.0,104.22917,0.0,0.0,0.0,0.0,-1.5707964,0.0
1970-01-01 00:00:00.145995748,0.145995748,0.0,0.0,0.0,173.57487,0.0,0.0,0.0,0.0,-1.5707964,0.0
1970-01-01 00:00:00.145997426,0.145997426,0.0,0.0,0.0,402.71936,0.0,0.0,0.0,0.0,-1.5707964,0.0
1970-01-01 00:00:00.146005846,0.146005846,0.0,107.12973,0.0,0.0,0.0,0.0,0.0,0.0,-1.5707964,0.0
1970-01-01 00:00:00.146020889,0.146020889,0.0,225.35303,0.0,0.0,0.0,0.0,0.0,0.0,-1.5707964,0.0
1970-01-01 00:00:00.146078132,0.146078132,0.0,0.0,0.0,330.90503,0.0,0.0,0.0,0.0,-1.5707964,0.0
1970-01-01 00:00:00.146078584,0.146078584,0.0,0.0,0.0,84.726166,0.0,0.0,0.0,0.0,-1.5707964,0.0
1970-01-01 00:00:00.146085249,0.146085249,0.0,0.0,0.0,0.0,0.0,120.94694,0.0,0.0,-1.5707964,0.0
1970-01-01 00:00:00.146118012,0.146118012,0.0,0.0,0.0,680.76385,0.0,0.0,0.0,0.0,-1.5707964,0.0
1970-01-01 00:00:00.146135349,0.146135349,0.0,0.0,0.0,166.53174,0.0,0.0,0.0,0.0,-1.5707964,0.0
1970-01-01 00:00:00.146147142,0.146147142,0.0,0.0,0.0,0.0,103.65261,0.0,0.0,0.0,-1.5707964,0.0
1970-01-01 00:00:00.146152550,0.14615255,0.0,0.0,0.0,1186.648,0.0,0.0,0.0,0.0,-1.5707964,0.0
1970-01-01 00:00:00.146157786,0.146157786,0.0,218.39691,0.0,0.0,0.0,0.0,0.0,0.0,-1.5707964,0.0
1970-01-01 00:00:00.146159382,0.146159382,0.0,0.0,449.3726,0.0,0.0,0.0,0.0,0.0,-1.5707964,0.0
1970-01-01 00:00:00.146250337,0.146250337,0.0,0.0,0.0,189.1383,0.0,0.0,0.0,0.0,-1.5707964,0.0
1970-01-01 00:00:00.146271751,0.146271751,0.0,168.4506,0.0,0.0,0.0,0.0,0.0,0.0,-1.5707964,0.0
1970-01-01 00:00:00.146277509,0.146277509,0.0,0.0,0.0,180.08438,0.0,0.0,0.0,0.0,-1.5707964,0.0
1970-01-01 00:00:00.146324952,0.146324952,0.0,0.0,550.65894,0.0,0.0,0.0,0.0,0.0,-1.5707964,0.0
1970-01-01 00:00:00.146329743,0.146329743,0.0,0.0,151.779,0.0,0.0,0.0,0.0,0.0,-1.5707964,0.0
1970-01-01 00:00:00.146369772,0.146369772,0.0,0.0,0.0,0.0,0.0,111.209404,0.0,0.0,-1.5707964,0.0
1970-01-01 00:00:00.146404364,0.146404364,0.0,0.0,0.0,94.065956,0.0,0.0,0.0,0.0,-1.5707964,0.0
1970-01-01 00:00:00.146415426,0.146415426,0.0,0.0,230.97896,0.0,0.0,0.0,0.0,0.0,-1.5707964,0.0
1970-01-01 00:00:00.146471832,0.146471832,0.0,0.0,0.0,0.0,0.0,268.4578,0.0,0.0,-1.5707964,0.0
1970-01-01 00:00:00.146491223,0.146491223,0.0,0.0,0.0,171.74187,0.0,0.0,0.0,0.0,-1.5707964,0.0
1970-01-01 00:00:00.146492243,0.146492243,0.0,0.0,0.0,193.29916,0.0,0.0,0.0,0.0,-1.5707964,0.0
1970-01-01 00:00:00.146501847,0.146501847,0.0,0.0,0.0,278.78018,0.0,0.0,0.0,0.0,-1.5707964,0.0
1970-01-01 00:00:00.146529644,0.146529644,0.0,569.3169,0.0,0.0,0.0,0.0,0.0,0.0,-1.5707964,0.0
1970-01-01 00:00:00.146578119,0.146578119,0.0,0.0,0.0,0.0,156.34154,0.0,0.0,0.0,-1.5707964,0.0
1970-01-01 00:00:00.146610739,0.146610739,0.0,0.0,0.0,0.0,337.60873,0.0,0.0,0.0,-1.5707964,0.0
1970-01-01 00:00:00.146610739,0.146610739,0.0,0.0,0.0,697.2095,0.0,0.0,0.0,0.0,-1.5707964,0.0
1970-01-01 00:00:00.146633084,0.146633084,0.0,0.0,0.0,0.0,0.0,167.6513,0.0,0.0,-1.5707964,0.0
1970-01-01 00:00:00.146644474,0.146644474,0.0,0.0,0.0,0.0,779.96265,0.0,0.0,0.0,-1.5707964,0.0
1970-01-01 00:00:00.146647912,0.146647912,0.0,0.0,0.0,0.0,358.07,0.0,0.0,0.0,-1.5707964,0.0
1970-01-01 00:00:00.146679064,0.146679064,0.0,0.0,0.0,187.03545,0.0,0.0,0.0,0.0,-1.5707964,0.0
1970-01-01 00:00:00.146719825,0.146719825,0.0,0.0,589.5358,0.0,0.0,0.0,0.0,0.0,-1.5707964,0.0
1970-01-01 00:00:00.146742549,0.146742549,0.0,0.0,0.0,237.24652,0.0,0.0,0.0,0.0,-1.5707964,0.0
1970-01-01 00:00:00.146832595,0.146832595,0.0,0.0,0.0,285.63727,0.0,0.0,0.0,0.0,-1.5707964,0.0
1970-01-01 00:00:00.146873369,0.146873369,0.0,0.0,0.0,119.96333,0.0,0.0,0.0,0.0,-1.5707964,0.0
1970-01-01 00:00:00.146893945,0.146893945,0.0,0.0,0.0,99.79292,0.0,0.0,0.0,0.0,-1.5707964,0.0
1970-01-01 00:00:00.146894155,0.146894155,0.0,0.0,0.0,0.0,266.48914,0.0,0.0,0.0,-1.5707964,0.0
1970-01-01 00:00:00.146907371,0.146907371,0.0,0.0,1093.159,0.0,0.0,0.0,0.0,0.0,-1.5707964,0.0
1970-01-01 00:00:00.146907371,0.146907371,0.0,0.0,0.0,0.0,388.49625,0.0,0.0,0.0,-1.5707964,0.0
1970-01-01 00:00:00.146919312,0.146919312,0.0,0.0,0.0,0.0,0.0,191.47604,0.0,0.0,-1.5707964,0.0
1970-01-01 00:00:00.146941736,0.146941736,0.0,0.0,0.0,0.0,0.0,175.85115,0.0,0.0,-1.5707964,0.0
1970-01-01 00:00:00.147015547,0.147015547,0.0,0.0,0.0,118.60292,0.0,0.0,0.0,0.0,-1.5707964,0.0
1970-01-01 00:00:00.147033100,0.1470331,95.18233,0.0,0.0,0.0,0.0,0.0,0.0,0.0,-1.5707964,0.0
1970-01-01 00:00:00.147105233,0.147105233,0.0,0.0,0.0,303.4271,0.0,0.0,0.0,0.0,-1.5707964,0.0
1970-01-01 00:00:00.147124575,0.147124575,0.0,0.0,0.0,109.51965,0.0,0.0,0.0,0.0,-1.5707964,0.0
1970-01-01 00:00:00.147137375,0.147137375,0.0,0.0,0.0,0.0,0.0,451.10355,0.0,0.0,-1.5707964,0.0
1970-01-01 00:00:00.147150693,0.147150693,0.0,0.0,0.0,0.0,0.0,456.22717,0.0,0.0,-1.5707964,0.0
1970-01-01 00:00:00.147162648,0.147162648,0.0,0.0,0.0,0.0,387.44464,0.0,0.0,0.0,-1.5707964,0.0
1970-01-01 00:00:00.147197941,0.147197941,0.0,0.0,0.0,196.00986,0.0,0.0,0.0,0.0,-1.5707964,0.0
1970-01-01 00:00:00.147230957,0.147230957,0.0,0.0,0.0,0.0,101.47102,0.0,0.0,0.0,-1.5707964,0.0
1970-01-01 00:00:00.147240956,0.147240956,0.0,0.0,0.0,0.0,0.0,389.76553,0.0,0.0,-1.5707964,0.0
1970-01-01 00:00:00.147241851,0.147241851,0.0,0.0,732.5036,0.0,0.0,0.0,0.0,0.0,-1.5707964,0.0
1970-01-01 00:00:00.147281397,0.147281397,0.0,0.0,0.0,0.0,0.0,350.82504,0.0,0.0,-1.5707964,0.0
1970-01-01 00:00:00.147386616,0.147386616,0.0,0.0,517.86237,0.0,0.0,0.0,0.0,0.0,-1.5707964,0.0
1970-01-01 00:00:00.147468389,0.147468389,0.0,0.0,0.0,203.97859,0.0,0.0,0.0,0.0,-1.5707964,0.0
1970-01-01 00:00:00.147503772,0.147503772,0.0,0.0,0.0,887.95184,0.0,0.0,0.0,0.0,-1.5707964,0.0
1970-01-01 00:00:00.147531214,0.147531214,0.0,0.0,0.0,0.0,0.0,188.73656,0.0,0.0,-1.5707964,0.0
1970-01-01 00:00:00.147581020,0.14758102,0.0,0.0,97.9958,0.0,0.0,0.0,0.0,0.0,-1.5707964,0.0
1970-01-01 00:00:00.147591685,0.147591685,0.0,0.0,0.0,231.0436,0.0,0.0,0.0,0.0,-1.5707964,0.0
1970-01-01 00:00:00.147649553,0.147649553,0.0,0.0,0.0,0.0,0.0,593.65466,0.0,0.0,-1.5707964,0.0
1970-01-01 00:00:00.147649553,0.147649553,1013.7271,0.0,0.0,0.0,0.0,0.0,0.0,0.0,-1.5707964,0.0
1970-01-01 00:00:00.147717522,0.147717522,0.0,0.0,0.0,0.0,0.0,177.94771,0.0,0.0,-1.5707964,0.0
1970-01-01 00:00:00.147720716,0.147720716,0.0,0.0,0.0,0.0,0.0,1336.4924,0.0,0.0,-1.5707964,0.0
1970-01-01 00:00:00.147750419,0.147750419,0.0,0.0,0.0,113.1175,0.0,0.0,0.0,0.0,-1.5707964,0.0
1970-01-01 00:00:00.147771890,0.14777189,0.0,0.0,0.0,313.3323,0.0,0.0,0.0,0.0,-1.5707964,0.0
1970-01-01 00:00:00.147817839,0.147817839,0.0,0.0,0.0,206.94449,0.0,0.0,0.0,0.0,-1.5707964,0.0
1970-01-01 00:00:00.147921063,0.147921063,0.0,0.0,0.0,90.48034,0.0,0.0,0.0,0.0,-1.5707964,0.0
1970-01-01 00:00:00.147973429,0.147973429,0.0,0.0,0.0,1112.7803,0.0,0.0,0.0,0.0,-1.5707964,0.0
1970-01-01 00:00:00.147974146,0.147974146,0.0,722.302,0.0,0.0,0.0,0.0,0.0,0.0,-1.5707964,0.0
1970-01-01 00:00:00.147997088,0.147997088,0.0,0.0,0.0,0.0,0.0,256.72824,0.0,0.0,-1.5707964,0.0
1970-01-01 00:00:00.148008364,0.148008364,0.0,0.0,0.0,316.1549,0.0,0.0,0.0,0.0,-1.5707964,0.0
1970-01-01 00:00:00.148014898,0.148014898,0.0,0.0,0.0,187.14348,0.0,0.0,0.0,0.0,-1.5707964,0.0
1970-01-01 00:00:00.148069121,0.148069121,0.0,0.0,0.0,398.0011,0.0,0.0,0.0,0.0,-1.5707964,0.0
1970-01-01 00:00:00.148069547,0.148069547,0.0,0.0,0.0,138.9445,0.0,0.0,0.0,0.0,-1.5707964,0.0
1970-01-01 00:00:00.148111492,0.148111492,0.0,0.0,0.0,0.0,0.0,95.83039,0.0,0.0,-1.5707964,0.0
1970-01-01 00:00:00.148202332,0.148202332,0.0,0.0,0.0,0.0,0.0,183.36739,0.0,0.0,-1.5707964,0.0
1970-01-01 00:00:00.148208501,0.148208501,0.0,0.0,0.0,0.0,182.39125,0.0,0.0,0.0,-1.5707964,0.0
1970-01-01 00:00:00.148208785,0.148208785,0.0,0.0,0.0,422.7298,0.0,0.0,0.0,0.0,-1.5707964,0.0
1970-01-01 00:00:00.148247320,0.14824732,0.0,126.20232,0.0,0.0,0.0,0.0,0.0,0.0,-1.5707964,0.0
1970-01-01 00:00:00.148278034,0.148278034,0.0,0.0,0.0,0.0,0.0,621.87537,0.0,0.0,-1.5707964,0.0
1970-01-01 00:00:00.148305648,0.148305648,0.0,0.0,0.0,0.0,0.0,208.60106,0.0,0.0,-1.5707964,0.0
1970-01-01 00:00:00.148316369,0.148316369,0.0,0.0,0.0,113.64241,0.0,0.0,0.0,0.0,-1.5707964,0.0
1970-01-01 00:00:00.148362915,0.148362915,0.0,0.0,0.0,676.42395,0.0,0.0,0.0,0.0,-1.5707964,0.0
1970-01-01 00:00:00.148364614,0.148364614,0.0,294.9481,0.0,0.0,0.0,0.0,0.0,0.0,-1.5707964,0.0
1970-01-01 00:00:00.148364614,0.148364614,0.0,0.0,0.0,260.72992,0.0,0.0,0.0,0.0,-1.5707964,0.0
1970-01-01 00:00:00.148373449,0.148373449,0.0,0.0,0.0,182.73116,0.0,0.0,0.0,0.0,-1.5707964,0.0
1970-01-01 00:00:00.148379316,0.148379316,0.0,0.0,0.0,272.89087,0.0,0.0,0.0,0.0,-1.5707964,0.0
1970-01-01 00:00:00.148416001,0.148416001,0.0,0.0,0.0,0.0,0.0,1016.57294,0.0,0.0,-1.5707964,0.0
1970-01-01 00:00:00.148473736,0.148473736,0.0,0.0,573.4869,0.0,0.0,0.0,0.0,0.0,-1.5707964,0.0
1970-01-01 00:00:00.148518737,0.148518737,0.0,0.0,0.0,181.13763,0.0,0.0,0.0,0.0,-1.5707964,0.0
1970-01-01 00:00:00.148527741,0.148527741,0.0,0.0,0.0,92.20053,0.0,0.0,0.0,0.0,-1.5707964,0.0
1970-01-01 00:00:00.148539239,0.148539239,0.0,0.0,0.0,176.52373,0.0,0.0,0.0,0.0,-1.5707964,0.0
1970-01-01 00:00:00.148540853,0.148540853,0.0,0.0,0.0,439.8701,0.0,0.0,0.0,0.0,-1.5707964,0.0
1970-01-01 00:00:00.148558449,0.148558449,0.0,0.0,0.0,294.5198,0.0,0.0,0.0,0.0,-1.5707964,0.0
1970-01-01 00:00:00.148563498,0.148563498,0.0,0.0,0.0,296.96844,0.0,0.0,0.0,0.0,-1.5707964,0.0
1970-01-01 00:00:00.148577104,0.148577104,0.0,0.0,0.0,399.35587,0.0,0.0,0.0,0.0,-1.5707964,0.0
1970-01-01 00:00:00.148632671,0.148632671,0.0,0.0,0.0,0.0,349.20047,0.0,0.0,0.0,-1.5707964,0.0
1970-01-01 00:00:00.148642557,0.148642557,0.0,0.0,121.316475,0.0,0.0,0.0,0.0,0.0,-1.5707964,0.0
1970-01-01 00:00:00.148660767,0.148660767,0.0,0.0,0.0,115.61642,0.0,0.0,0.0,0.0,-1.5707964,0.0
1970-01-01 00:00:00.148674811,0.148674811,0.0,0.0,0.0,0.0,0.0,189.56802,0.0,0.0,-1.5707964,0.0
1970-01-01 00:00:00.148719516,0.148719516,0.0,0.0,281.40665,0.0,0.0,0.0,0.0,0.0,-1.5707964,0.0
1970-01-01 00:00:00.148760062,0.148760062,0.0,0.0,0.0,0.0,273.5869,0.0,0.0,0.0,-1.5707964,0.0
1970-01-01 00:00:00.148796227,0.148796227,0.0,0.0,1250.2667,0.0,0.0,0.0,0.0,0.0,-1.5707964,0.0
1970-01-01 00:00:00.148869060,0.14886906,0.0,0.0,0.0,308.67175,0.0,0.0,0.0,0.0,-1.5707964,0.0
1970-01-01 00:00:00.148882737,0.148882737,0.0,0.0,0.0,0.0,85.55963,0.0,0.0,0.0,-1.5707964,0.0
1970-01-01 00:00:00.148916066,0.148916066,0.0,2250.8428,0.0,0.0,0.0,0.0,0.0,0.0,-1.5707964,0.0
1970-01-01 00:00:00.148982036,0.148982036,0.0,0.0,0.0,401.83063,0.0,0.0,0.0,0.0,-1.5707964,0.0
1970-01-01 00:00:00.149001113,0.149001113,0.0,0.0,0.0,310.61795,0.0,0.0,0.0,0.0,-1.5707964,0.0
1970-01-01 00:00:00.149019120,0.14901912,0.0,0.0,0.0,1086.1569,0.0,0.0,0.0,0.0,-1.5707964,0.0
1970-01-01 00:00:00.149075051,0.149075051,0.0,0.0,213.0093,0.0,0.0,0.0,0.0,0.0,-1.5707964,0.0
1970-01-01 00:00:00.149101364,0.149101364,0.0,0.0,0.0,494.4414,0.0,0.0,0.0,0.0,-1.5707964,0.0
1970-01-01 00:00:00.149135460,0.14913546,0.0,0.0,0.0,0.0,920.5246,0.0,0.0,0.0,-1.5707964,0.0
1970-01-01 00:00:00.149146758,0.149146758,0.0,0.0,84.17194,0.0,0.0,0.0,0.0,0.0,-1.5707964,0.0
1970-01-01 00:00:00.149150422,0.149150422,0.0,239.58281,0.0,0.0,0.0,0.0,0.0,0.0,-1.5707964,0.0
1970-01-01 00:00:00.149155329,0.149155329,0.0,0.0,0.0,544.48236,0.0,0.0,0.0,0.0,-1.5707964,0.0
1970-01-01 00:00:00.149168908,0.149168908,0.0,0.0,0.0,418.7236,0.0,0.0,0.0,0.0,-1.5707964,0.0
1970-01-01 00:00:00.149196150,0.14919615,0.0,0.0,603.3132,0.0,0.0,0.0,0.0,0.0,-1.5707964,0.0
1970-01-01 00:00:00.149258273,0.149258273,0.0,0.0,0.0,361.27283,0.0,0.0,0.0,0.0,-1.5707964,0.0
1970-01-01 00:00:00.149259778,0.149259778,0.0,0.0,0.0,97.874855,0.0,0.0,0.0,0.0,-1.5707964,0.0
1970-01-01 00:00:00.149288127,0.149288127,0.0,0.0,0.0,915.98096,0.0,0.0,0.0,0.0,-1.5707964,0.0
1970-01-01 00:00:00.149292416,0.149292416,0.0,0.0,0.0,110.60275,0.0,0.0,0.0,0.0,-1.5707964,0.0
1970-01-01 00:00:00.149294644,0.149294644,0.0,0.0,0.0,0.0,0.0,105.66107,0.0,0.0,-1.5707964,0.0
1970-01-01 00:00:00.149365653,0.149365653,91.474976,0.0,0.0,0.0,0.0,0.0,0.0,0.0,-1.5707964,0.0
1970-01-01 00:00:00.149385889,0.149385889,0.0,0.0,0.0,180.63985,0.0,0.0,0.0,0.0,-1.5707964,0.0
1970-01-01 00:00:00.149438814,0.149438814,0.0,0.0,0.0,198.93382,0.0,0.0,0.0,0.0,-1.5707964,0.0
1970-01-01 00:00:00.149520651,0.149520651,0.0,0.0,0.0,0.0,115.04345,0.0,0.0,0.0,-1.5707964,0.0
1970-01-01 00:00:00.149520704,0.149520704,0.0,0.0,0.0,0.0,0.0,364.2775,0.0,0.0,-1.5707964,0.0
1970-01-01 00:00:00.149593292,0.149593292,0.0,0.0,96.860466,0.0,0.0,0.0,0.0,0.0,-1.5707964,0.0
1970-01-01 00:00:00.149611358,0.149611358,0.0,211.11632,0.0,0.0,0.0,0.0,0.0,0.0,-1.5707964,0.0
1970-01-01 00:00:00.149636345,0.149636345,0.0,0.0,262.8933,0.0,0.0,0.0,0.0,0.0,-1.5707964,0.0
1970-01-01 00:00:00.149661879,0.149661879,0.0,0.0,0.0,0.0,0.0,397.37717,0.0,0.0,-1.5707964,0.0
1970-01-01 00:00:00.149691114,0.149691114,0.0,0.0,0.0,0.0,514.18695,0.0,0.0,0.0,-1.5707964,0.0
1970-01-01 00:00:00.149697834,0.149697834,0.0,0.0,0.0,333.8914,0.0,0.0,0.0,0.0,-1.5707964,0.0
1970-01-01 00:00:00.149714050,0.14971405,89.715164,0.0,0.0,0.0,0.0,0.0,0.0,0.0,-1.5707964,0.0
1970-01-01 00:00:00.149744877,0.149744877,0.0,0.0,0.0,183.54178,0.0,0.0,0.0,0.0,-1.5707964,0.0
1970-01-01 00:00:00.149850225,0.149850225,1127.8372,0.0,0.0,0.0,0.0,0.0,0.0,0.0,-1.5707964,0.0
1970-01-01 00:00:00.149877133,0.149877133,0.0,0.0,1069.9547,0.0,0.0,0.0,0.0,0.0,-1.5707964,0.0
1970-01-01 00:00:00.149882389,0.149882389,0.0,0.0,0.0,0.0,0.0,298.31314,0.0,0.0,-1.5707964,0.0
1970-01-01 00:00:00.149908489,0.149908489,0.0,0.0,115.32673,0.0,0.0,0.0,0.0,0.0,-1.5707964,0.0
1970-01-01 00:00:00.149924184,0.149924184,0.0,0.0,0.0,336.02313,0.0,0.0,0.0,0.0,-1.5707964,0.0
1970-01-01 00:00:00.149928708,0.149928708,0.0,0.0,0.0,584.6209,0.0,0.0,0.0,0.0,-1.5707964,0.0
1970-01-01 00:00:00.149941775,0.149941775,0.0,0.0,0.0,0.0,923.91223,0.0,0.0,0.0,-1.5707964,0.0
1970-01-01 00:00:00.149957068,0.149957068,0.0,0.0,0.0,298.81287,0.0,0.0,0.0,0.0,-1.5707964,0.0
1970-01-01 00:00:00.149960195,0.149960195,0.0,0.0,0.0,127.17162,0.0,0.0,0.0,0.0,-1.5707964,0.0
1970-01-01 00:00:00.149966031,0.149966031,0.0,97.741905,0.0,0.0,0.0,0.0,0.0,0.0,-1.5707964,0.0
1970-01-01 00:00:00.149983337,0.149983337,0.0,0.0,0.0,105.536125,0.0,0.0,0.0,0.0,-1.5707964,0.0
1970-01-01 00:00:00.149986883,0.149986883,0.0,0.0,0.0,136.84187,0.0,0.0,0.0,0.0,-1.5707964,0.0
1970-01-01 00:00:00.149988538,0.149988538,0.0,288.28732,0.0,0.0,0.0,0.0,0.0,0.0,-1.5707964,0.0
1970-01-01 00:00:00.149995461,0.149995461,0.0,0.0,0.0,191.97156,0.0,0.0,0.0,0.0,-1.5707964,0.0
1970-01-01 00:00:00.150006710,0.15000671,0.0,920.1407,0.0,0.0,0.0,0.0,0.0,0.0,-1.5707964,0.0
1970-01-01 00:00:00.150035946,0.150035946,0.0,0.0,0.0,0.0,1483.4203,0.0,0.0,0.0,-1.5707964,0.0
1970-01-01 00:00:00.150088171,0.150088171,0.0,0.0,0.0,0.0,0.0,171.98642,0.0,0.0,-1.5707964,0.0
1970-01-01 00:00:00.150125727,0.150125727,0.0,0.0,175.15149,0.0,0.0,0.0,0.0,0.0,-1.5707964,0.0
1970-01-01 00:00:00.150178013,0.150178013,0.0,0.0,219.3415,0.0,0.0,0.0,0.0,0.0,-1.5707964,0.0
1970-01-01 00:00:00.150358977,0.150358977,0.0,219.94507,0.0,0.0,0.0,0.0,0.0,0.0,-1.5707964,0.0
1970-01-01 00:00:00.150369791,0.150369791,0.0,0.0,0.0,130.14566,0.0,0.0,0.0,0.0,-1.5707964,0.0
1970-01-01 00:00:00.150424120,0.15042412,0.0,0.0,0.0,1419.1589,0.0,0.0,0.0,0.0,-1.5707964,0.0
1970-01-01 00:00:00.150442113,0.150442113,0.0,0.0,161.93898,0.0,0.0,0.0,0.0,0.0,-1.5707964,0.0
1970-01-01 00:00:00.150513147,0.150513147,0.0,0.0,0.0,0.0,282.8553,0.0,0.0,0.0,-1.5707964,0.0
1970-01-01 00:00:00.150514461,0.150514461,0.0,0.0,0.0,192.4689,0.0,0.0,0.0,0.0,-1.5707964,0.0
1970-01-01 00:00:00.150531513,0.150531513,0.0,0.0,0.0,0.0,100.99338,0.0,0.0,0.0,-1.5707964,0.0
1970-01-01 00:00:00.150541980,0.15054198,0.0,0.0,0.0,113.36229,0.0,0.0,0.0,0.0,-1.5707964,0.0
1970-01-01 00:00:00.150562913,0.150562913,0.0,0.0,0.0,0.0,0.0,129.10216,0.0,0.0,-1.5707964,0.0
1970-01-01 00:00:00.150571285,0.150571285,0.0,0.0,508.8351,0.0,0.0,0.0,0.0,0.0,-1.5707964,0.0
1970-01-01 00:00:00.150586663,0.150586663,0.0,0.0,0.0,325.57397,0.0,0.0,0.0,0.0,-1.5707964,0.0
1970-01-01 00:00:00.150587271,0.150587271,0.0,0.0,0.0,0.0,0.0,121.08385,0.0,0.0,-1.5707964,0.0
1970-01-01 00:00:00.150608514,0.150608514,0.0,0.0,0.0,0.0,0.0,557.78125,0.0,0.0,-1.5707964,0.0
1970-01-01 00:00:00.150614044,0.150614044,0.0,0.0,0.0,96.557304,0.0,0.0,0.0,0.0,-1.5707964,0.0
1970-01-01 00:00:00.150622101,0.150622101,0.0,0.0,0.0,317.18774,0.0,0.0,0.0,0.0,-1.5707964,0.0
1970-01-01 00:00:00.150635893,0.150635893,0.0,0.0,0.0,463.5488,0.0,0.0,0.0,0.0,-1.5707964,0.0
1970-01-01 00:00:00.150653891,0.150653891,0.0,387.9486,0.0,0.0,0.0,0.0,0.0,0.0,-1.5707964,0.0
1970-01-01 00:00:00.150668013,0.150668013,0.0,0.0,0.0,0.0,0.0,256.51282,0.0,0.0,-1.5707964,0.0
1970-01-01 00:00:00.150758429,0.150758429,0.0,0.0,202.3399,0.0,0.0,0.0,0.0,0.0,-1.5707964,0.0
1970-01-01 00:00:00.150789894,0.150789894,0.0,315.5867,0.0,0.0,0.0,0.0,0.0,0.0,-1.5707964,0.0
1970-01-01 00:00:00.150790265,0.150790265,0.0,0.0,0.0,0.0,821.47186,0.0,0.0,0.0,-1.5707964,0.0
1970-01-01 00:00:00.150830595,0.150830595,0.0,0.0,494.77036,0.0,0.0,0.0,0.0,0.0,-1.5707964,0.0
1970-01-01 00:00:00.150859538,0.150859538,0.0,0.0,0.0,0.0,0.0,126.5307,0.0,0.0,-1.5707964,0.0
1970-01-01 00:00:00.150902654,0.150902654,0.0,0.0,0.0,0.0,0.0,442.6678,0.0,0.0,-1.5707964,0.0
1970-01-01 00:00:00.150922176,0.150922176,0.0,529.2457,0.0,0.0,0.0,0.0,0.0,0.0,-1.5707964,0.0
1970-01-01 00:00:00.150930459,0.150930459,0.0,0.0,0.0,0.0,0.0,405.70587,0.0,0.0,-1.5707964,0.0
1970-01-01 00:00:00.150965285,0.150965285,0.0,0.0,88.705025,0.0,0.0,0.0,0.0,0.0,-1.5707964,0.0
1970-01-01 00:00:00.151006720,0.15100672,234.41806,0.0,0.0,0.0,0.0,0.0,0.0,0.0,-1.5707964,0.0
1970-01-01 00:00:00.151074587,0.151074587,0.0,0.0,0.0,461.44446,0.0,0.0,0.0,0.0,-1.5707964,0.0
1970-01-01 00:00:00.151086557,0.151086557,0.0,548.428,0.0,0.0,0.0,0.0,0.0,0.0,-1.5707964,0.0
1970-01-01 00:00:00.151093389,0.151093389,0.0,0.0,968.837,0.0,0.0,0.0,0.0,0.0,-1.5707964,0.0
1970-01-01 00:00:00.151105202,0.151105202,0.0,0.0,0.0,0.0,657.3302,0.0,0.0,0.0,-1.5707964,0.0
1970-01-01 00:00:00.151113609,0.151113609,0.0,0.0,0.0,106.626305,0.0,0.0,0.0,0.0,-1.5707964,0.0
1970-01-01 00:00:00.151160354,0.151160354,0.0,0.0,0.0,190.69823,0.0,0.0,0.0,0.0,-1.5707964,0.0
1970-01-01 00:00:00.151170896,0.151170896,0.0,1266.4703,0.0,0.0,0.0,0.0,0.0,0.0,-1.5707964,0.0
1970-01-01 00:00:00.151217383,0.151217383,0.0,0.0,0.0,0.0,850.8452,0.0,0.0,0.0,-1.5707964,0.0
1970-01-01 00:00:00.151238425,0.151238425,0.0,0.0,486.18213,0.0,0.0,0.0,0.0,0.0,-1.5707964,0.0
1970-01-01 00:00:00.151242120,0.15124212,0.0,0.0,0.0,143.42903,0.0,0.0,0.0,0.0,-1.5707964,0.0
1970-01-01 00:00:00.151282911,0.151282911,0.0,0.0,0.0,400.64584,0.0,0.0,0.0,0.0,-1.5707964,0.0
1970-01-01 00:00:00.151302652,0.151302652,0.0,0.0,145.48586,0.0,0.0,0.0,0.0,0.0,-1.5707964,0.0
1970-01-01 00:00:00.151310035,0.151310035,0.0,0.0,487.90338,0.0,0.0,0.0,0.0,0.0,-1.5707964,0.0
1970-01-01 00:00:00.151336985,0.151336985,0.0,0.0,252.50887,0.0,0.0,0.0,0.0,0.0,-1.5707964,0.0
1970-01-01 00:00:00.151376701,0.151376701,0.0,0.0,0.0,152.929,0.0,0.0,0.0,0.0,-1.5707964,0.0
1970-01-01 00:00:00.151405159,0.151405159,0.0,0.0,0.0,305.05783,0.0,0.0,0.0,0.0,-1.5707964,0.0
1970-01-01 00:00:00.151472250,0.15147225,0.0,0.0,0.0,0.0,0.0,127.782455,0.0,0.0,-1.5707964,0.0
1970-01-01 00:00:00.151524213,0.151524213,0.0,0.0,180.85208,0.0,0.0,0.0,0.0,0.0,-1.5707964,0.0
1970-01-01 00:00:00.151580373,0.151580373,0.0,131.49857,0.0,0.0,0.0,0.0,0.0,0.0,-1.5707964,0.0
1970-01-01 00:00:00.151599918,0.151599918,0.0,0.0,0.0,909.11273,0.0,0.0,0.0,0.0,-1.5707964,0.0
1970-01-01 00:00:00.151602085,0.151602085,0.0,0.0,0.0,284.52045,0.0,0.0,0.0,0.0,-1.5707964,0.0
1970-01-01 00:00:00.151616080,0.15161608,0.0,0.0,0.0,153.9937,0.0,0.0,0.0,0.0,-1.5707964,0.0
1970-01-01 00:00:00.151639216,0.151639216,0.0,0.0,343.7694,0.0,0.0,0.0,0.0,0.0,-1.5707964,0.0
1970-01-01 00:00:00.151660763,0.151660763,0.0,0.0,0.0,1240.1735,0.0,0.0,0.0,0.0,-1.5707964,0.0
1970-01-01 00:00:00.151662918,0.151662918,0.0,0.0,0.0,244.40233,0.0,0.0,0.0,0.0,-1.5707964,0.0
1970-01-01 00:00:00.151687314,0.151687314,0.0,0.0,0.0,130.76263,0.0,0.0,0.0,0.0,-1.5707964,0.0
1970-01-01 00:00:00.151702041,0.151702041,249.26488,0.0,0.0,0.0,0.0,0.0,0.0,0.0,-1.5707964,0.0
1970-01-01 00:00:00.151708527,0.151708527,0.0,0.0,0.0,0.0,0.0,141.35701,0.0,0.0,-1.5707964,0.0
1970-01-01 00:00:00.151729240,0.15172924,0.0,0.0,0.0,133.3093,0.0,0.0,0.0,0.0,-1.5707964,0.0
1970-01-01 00:00:00.151731616,0.151731616,0.0,0.0,0.0,0.0,0.0,520.1771,0.0,0.0,-1.5707964,0.0
1970-01-01 00:00:00.151777755,0.151777755,0.0,0.0,0.0,0.0,0.0,987.55316,0.0,0.0,-1.5707964,0.0
1970-01-01 00:00:00.151836854,0.151836854,0.0,0.0,0.0,264.6875,0.0,0.0,0.0,0.0,-1.5707964,0.0
1970-01-01 00:00:00.151839872,0.151839872,0.0,0.0,0.0,504.2394,0.0,0.0,0.0,0.0,-1.5707964,0.0
1970-01-01 00:00:00.151844258,0.151844258,0.0,0.0,0.0,0.0,0.0,479.45245,0.0,0.0,-1.5707964,0.0
1970-01-01 00:00:00.151858335,0.151858335,0.0,0.0,0.0,574.03064,0.0,0.0,0.0,0.0,-1.5707964,0.0
1970-01-01 00:00:00.151872298,0.151872298,0.0,0.0,0.0,126.15486,0.0,0.0,0.0,0.0,-1.5707964,0.0
1970-01-01 00:00:00.151884306,0.151884306,0.0,0.0,1159.8408,0.0,0.0,0.0,0.0,0.0,-1.5707964,0.0
1970-01-01 00:00:00.151917166,0.151917166,0.0,0.0,422.7072,0.0,0.0,0.0,0.0,0.0,-1.5707964,0.0
1970-01-01 00:00:00.151921567,0.151921567,0.0,0.0,0.0,99.33878,0.0,0.0,0.0,0.0,-1.5707964,0.0
1970-01-01 00:00:00.151928161,0.151928161,0.0,0.0,0.0,113.78177,0.0,0.0,0.0,0.0,-1.5707964,0.0
1970-01-01 00:00:00.151963493,0.151963493,0.0,0.0,0.0,0.0,0.0,193.20355,0.0,0.0,-1.5707964,0.0
1970-01-01 00:00:00.151964806,0.151964806,0.0,0.0,122.25415,0.0,0.0,0.0,0.0,0.0,-1.5707964,0.0
1970-01-01 00:00:00.151968623,0.151968623,0.0,0.0,151.16835,0.0,0.0,0.0,0.0,0.0,-1.5707964,0.0
1970-01-01 00:00:00.151971046,0.151971046,0.0,0.0,170.74574,0.0,0.0,0.0,0.0,0.0,-1.5707964,0.0
1970-01-01 00:00:00.152006074,0.152006074,0.0,0.0,0.0,0.0,178.20462,0.0,0.0,0.0,-1.5707964,0.0
1970-01-01 00:00:00.152056013,0.152056013,0.0,0.0,0.0,0.0,618.66516,0.0,0.0,0.0,-1.5707964,0.0
1970-01-01 00:00:00.152076420,0.15207642,358.814,0.0,0.0,0.0,0.0,0.0,0.0,0.0,-1.5707964,0.0
1970-01-01 00:00:00.152082780,0.15208278,0.0,0.0,0.0,245.3401,0.0,0.0,0.0,0.0,-1.5707964,0.0
1970-01-01 00:00:00.152101558,0.152101558,0.0,0.0,0.0,85.43073,0.0,0.0,0.0,0.0,-1.5707964,0.0
1970-01-01 00:00:00.152145863,0.152145863,0.0,0.0,0.0,3239.9,0.0,0.0,0.0,0.0,-1.5707964,0.0
1970-01-01 00:00:00.152207081,0.152207081,0.0,0.0,0.0,157.54079,0.0,0.0,0.0,0.0,-1.5707964,0.0
1970-01-01 00:00:00.152295461,0.152295461,0.0,0.0,0.0,200.63327,0.0,0.0,0.0,0.0,-1.5707964,0.0
1970-01-01 00:00:00.152315604,0.152315604,0.0,0.0,377.42044,0.0,0.0,0.0,0.0,0.0,-1.5707964,0.0
1970-01-01 00:00:00.152381622,0.152381622,0.0,0.0,0.0,247.22176,0.0,0.0,0.0,0.0,-1.5707964,0.0
1970-01-01 00:00:00.152420812,0.152420812,0.0,0.0,0.0,605.6589,0.0,0.0,0.0,0.0,-1.5707964,0.0
1970-01-01 00:00:00.152452153,0.152452153,0.0,0.0,0.0,481.41672,0.0,0.0,0.0,0.0,-1.5707964,0.0
1970-01-01 00:00:00.152508868,0.152508868,0.0,0.0,394.63574,0.0,0.0,0.0,0.0,0.0,-1.5707964,0.0
1970-01-01 00:00:00.152514590,0.15251459,0.0,0.0,0.0,360.01666,0.0,0.0,0.0,0.0,-1.5707964,0.0
1970-01-01 00:00:00.152529482,0.152529482,0.0,0.0,0.0,0.0,0.0,113.11232,0.0,0.0,-1.5707964,0.0
1970-01-01 00:00:00.152559878,0.152559878,0.0,0.0,0.0,0.0,711.4274,0.0,0.0,0.0,-1.5707964,0.0
1970-01-01 00:00:00.152563951,0.152563951,0.0,0.0,0.0,0.0,164.71965,0.0,0.0,0.0,-1.5707964,0.0
1970-01-01 00:00:00.152627222,0.152627222,0.0,0.0,328.30856,0.0,0.0,0.0,0.0,0.0,-1.5707964,0.0
1970-01-01 00:00:00.152645322,0.152645322,0.0,0.0,0.0,0.0,0.0,160.9765,0.0,0.0,-1.5707964,0.0
1970-01-01 00:00:00.152662622,0.152662622,0.0,0.0,141.03183,0.0,0.0,0.0,0.0,0.0,-1.5707964,0.0
1970-01-01 00:00:00.152752786,0.152752786,0.0,0.0,0.0,175.82751,0.0,0.0,0.0,0.0,-1.5707964,0.0
1970-01-01 00:00:00.152865575,0.152865575,0.0,0.0,0.0,0.0,241.79504,0.0,0.0,0.0,-1.5707964,0.0
1970-01-01 00:00:00.152868332,0.152868332,0.0,0.0,0.0,554.28986,0.0,0.0,0.0,0.0,-1.5707964,0.0
1970-01-01 00:00:00.152883122,0.152883122,0.0,0.0,0.0,479.09778,0.0,0.0,0.0,0.0,-1.5707964,0.0
1970-01-01 00:00:00.152889876,0.152889876,0.0,0.0,0.0,0.0,0.0,238.23567,0.0,0.0,-1.5707964,0.0
1970-01-01 00:00:00.152912789,0.152912789,0.0,0.0,123.58297,0.0,0.0,0.0,0.0,0.0,-1.5707964,0.0
1970-01-01 00:00:00.152958927,0.152958927,0.0,0.0,0.0,337.59528,0.0,0.0,0.0,0.0,-1.5707964,0.0
1970-01-01 00:00:00.152971469,0.152971469,0.0,586.3237,0.0,0.0,0.0,0.0,0.0,0.0,-1.5707964,0.0
1970-01-01 00:00:00.152975541,0.152975541,0.0,0.0,0.0,3233.008,0.0,0.0,0.0,0.0,-1.5707964,0.0
1970-01-01 00:00:00.153006343,0.153006343,0.0,0.0,525.52716,0.0,0.0,0.0,0.0,0.0,-1.5707964,0.0
1970-01-01 00:00:00.153020729,0.153020729,0.0,0.0,0.0,0.0,118.487335,0.0,0.0,0.0,-1.5707964,0.0
1970-01-01 00:00:00.153028758,0.153028758,0.0,241.04005,0.0,0.0,0.0,0.0,0.0,0.0,-1.5707964,0.0
1970-01-01 00:00:00.153028758,0.153028758,0.0,0.0,0.0,200.90166,0.0,0.0,0.0,0.0,-1.5707964,0.0
1970-01-01 00:00:00.153037150,0.15303715,0.0,0.0,0.0,0.0,0.0,135.57393,0.0,0.0,-1.5707964,0.0
1970-01-01 00:00:00.153094481,0.153094481,0.0,0.0,1058.8152,0.0,0.0,0.0,0.0,0.0,-1.5707964,0.0
1970-01-01 00:00:00.153207085,0.153207085,0.0,0.0,0.0,487.60898,0.0,0.0,0.0,0.0,-1.5707964,0.0
1970-01-01 00:00:00.153242551,0.153242551,0.0,0.0,622.5917,0.0,0.0,0.0,0.0,0.0,-1.5707964,0.0
1970-01-01 00:00:00.153242551,0.153242551,0.0,0.0,0.0,226.2639,0.0,0.0,0.0,0.0,-1.5707964,0.0
1970-01-01 00:00:00.153255784,0.153255784,0.0,0.0,0.0,1808.5323,0.0,0.0,0.0,0.0,-1.5707964,0.0
1970-01-01 00:00:00.153256739,0.153256739,0.0,84.22523,0.0,0.0,0.0,0.0,0.0,0.0,-1.5707964,0.0
1970-01-01 00:00:00.153271588,0.153271588,0.0,94.14445,0.0,0.0,0.0,0.0,0.0,0.0,-1.5707964,0.0
1970-01-01 00:00:00.153271588,0.153271588,0.0,0.0,0.0,250.1312,0.0,0.0,0.0,0.0,-1.5707964,0.0
1970-01-01 00:00:00.153353027,0.153353027,0.0,84.160034,0.0,0.0,0.0,0.0,0.0,0.0,-1.5707964,0.0
1970-01-01 00:00:00.153358072,0.153358072,0.0,158.66107,0.0,0.0,0.0,0.0,0.0,0.0,-1.5707964,0.0
1970-01-01 00:00:00.153363733,0.153363733,0.0,0.0,0.0,324.51038,0.0,0.0,0.0,0.0,-1.5707964,0.0
1970-01-01 00:00:00.153416585,0.153416585,0.0,0.0,0.0,99.0826,0.0,0.0,0.0,0.0,-1.5707964,0.0
1970-01-01 00:00:00.153433341,0.153433341,0.0,0.0,0.0,120.32943,0.0,0.0,0.0,0.0,-1.5707964,0.0
1970-01-01 00:00:00.153442637,0.153442637,0.0,0.0,0.0,361.48434,0.0,0.0,0.0,0.0,-1.5707964,0.0
1970-01-01 00:00:00.153495909,0.153495909,0.0,0.0,0.0,0.0,93.98058,0.0,0.0,0.0,-1.5707964,0.0
1970-01-01 00:00:00.153501692,0.153501692,0.0,541.2851,0.0,0.0,0.0,0.0,0.0,0.0,-1.5707964,0.0
1970-01-01 00:00:00.153520735,0.153520735,0.0,0.0,0.0,0.0,223.72655,0.0,0.0,0.0,-1.5707964,0.0
1970-01-01 00:00:00.153533804,0.153533804,0.0,126.2793,0.0,0.0,0.0,0.0,0.0,0.0,-1.5707964,0.0
1970-01-01 00:00:00.153542705,0.153542705,0.0,0.0,0.0,721.267,0.0,0.0,0.0,0.0,-1.5707964,0.0
1970-01-01 00:00:00.153546640,0.15354664,0.0,200.81114,0.0,0.0,0.0,0.0,0.0,0.0,-1.5707964,0.0
1970-01-01 00:00:00.153564996,0.153564996,0.0,109.34936,0.0,0.0,0.0,0.0,0.0,0.0,-1.5707964,0.0
1970-01-01 00:00:00.153632367,0.153632367,0.0,0.0,0.0,404.15295,0.0,0.0,0.0,0.0,-1.5707964,0.0
1970-01-01 00:00:00.153649920,0.15364992,0.0,0.0,0.0,0.0,0.0,172.3815,0.0,0.0,-1.5707964,0.0
1970-01-01 00:00:00.153717660,0.15371766,0.0,0.0,0.0,0.0,473.18784,0.0,0.0,0.0,-1.5707964,0.0
1970-01-01 00:00:00.153734081,0.153734081,0.0,0.0,124.335014,0.0,0.0,0.0,0.0,0.0,-1.5707964,0.0
1970-01-01 00:00:00.153773684,0.153773684,0.0,0.0,0.0,0.0,0.0,1243.4432,0.0,0.0,-1.5707964,0.0
1970-01-01 00:00:00.153782257,0.153782257,0.0,0.0,287.90945,0.0,0.0,0.0,0.0,0.0,-1.5707964,0.0
1970-01-01 00:00:00.153837383,0.153837383,0.0,0.0,0.0,0.0,467.15347,0.0,0.0,0.0,-1.5707964,0.0
1970-01-01 00:00:00.153837383,0.153837383,0.0,0.0,0.0,1258.2067,0.0,0.0,0.0,0.0,-1.5707964,0.0
1970-01-01 00:00:00.153860554,0.153860554,0.0,0.0,0.0,256.5204,0.0,0.0,0.0,0.0,-1.5707964,0.0
1970-01-01 00:00:00.153869373,0.153869373,0.0,0.0,2523.8994,0.0,0.0,0.0,0.0,0.0,-1.5707964,0.0
1970-01-01 00:00:00.153877649,0.153877649,0.0,0.0,0.0,317.3065,0.0,0.0,0.0,0.0,-1.5707964,0.0
1970-01-01 00:00:00.153912409,0.153912409,0.0,0.0,0.0,689.36926,0.0,0.0,0.0,0.0,-1.5707964,0.0
1970-01-01 00:00:00.153928601,0.153928601,0.0,0.0,0.0,252.238,0.0,0.0,0.0,0.0,-1.5707964,0.0
1970-01-01 00:00:00.153974825,0.153974825,0.0,0.0,292.65042,0.0,0.0,0.0,0.0,0.0,-1.5707964,0.0
1970-01-01 00:00:00.153988320,0.15398832,0.0,0.0,0.0,0.0,0.0,1738.8583,0.0,0.0,-1.5707964,0.0
1970-01-01 00:00:00.153995995,0.153995995,0.0,0.0,391.9982,0.0,0.0,0.0,0.0,0.0,-1.5707964,0.0
1970-01-01 00:00:00.154022492,0.154022492,0.0,0.0,0.0,0.0,0.0,353.27286,0.0,0.0,-1.5707964,0.0
1970-01-01 00:00:00.154123452,0.154123452,0.0,0.0,280.16614,0.0,0.0,0.0,0.0,0.0,-1.5707964,0.0
1970-01-01 00:00:00.154175846,0.154175846,0.0,0.0,0.0,315.66644,0.0,0.0,0.0,0.0,-1.5707964,0.0
1970-01-01 00:00:00.154179029,0.154179029,0.0,0.0,0.0,0.0,0.0,159.37189,0.0,0.0,-1.5707964,0.0
1970-01-01 00:00:00.154196141,0.154196141,0.0,0.0,0.0,0.0,0.0,150.57234,0.0,0.0,-1.5707964,0.0
1970-01-01 00:00:00.154208150,0.15420815,0.0,0.0,155.14156,0.0,0.0,0.0,0.0,0.0,-1.5707964,0.0
1970-01-01 00:00:00.154220621,0.154220621,0.0,0.0,0.0,579.62823,0.0,0.0,0.0,0.0,-1.5707964,0.0
1970-01-01 00:00:00.154257258,0.154257258,0.0,0.0,295.5603,0.0,0.0,0.0,0.0,0.0,-1.5707964,0.0
1970-01-01 00:00:00.154263971,0.154263971,0.0,0.0,0.0,0.0,0.0,1150.5603,0.0,0.0,-1.5707964,0.0
1970-01-01 00:00:00.154398900,0.1543989,0.0,0.0,0.0,0.0,0.0,237.7207,0.0,0.0,-1.5707964,0.0
1970-01-01 00:00:00.154412720,0.15441272,0.0,0.0,0.0,96.1462,0.0,0.0,0.0,0.0,-1.5707964,0.0
1970-01-01 00:00:00.154412720,0.15441272,0.0,0.0,0.0,140.12932,0.0,0.0,0.0,0.0,-1.5707964,0.0
1970-01-01 00:00:00.154461610,0.15446161,0.0,0.0,0.0,88.564384,0.0,0.0,0.0,0.0,-1.5707964,0.0
1970-01-01 00:00:00.154462160,0.15446216,0.0,0.0,135.58307,0.0,0.0,0.0,0.0,0.0,-1.5707964,0.0
1970-01-01 00:00:00.154529311,0.154529311,0.0,0.0,0.0,90.58307,0.0,0.0,0.0,0.0,-1.5707964,0.0
1970-01-01 00:00:00.154529814,0.154529814,256.7331,0.0,0.0,0.0,0.0,0.0,0.0,0.0,-1.5707964,0.0
1970-01-01 00:00:00.154559599,0.154559599,0.0,0.0,0.0,0.0,0.0,164.4939,0.0,0.0,-1.5707964,0.0
1970-01-01 00:00:00.154562873,0.154562873,0.0,0.0,0.0,269.20575,0.0,0.0,0.0,0.0,-1.5707964,0.0
1970-01-01 00:00:00.154590636,0.154590636,0.0,0.0,0.0,0.0,94.934326,0.0,0.0,0.0,-1.5707964,0.0
1970-01-01 00:00:00.154602418,0.154602418,0.0,0.0,0.0,530.1893,0.0,0.0,0.0,0.0,-1.5707964,0.0
1970-01-01 00:00:00.154615560,0.15461556,0.0,134.81622,0.0,0.0,0.0,0.0,0.0,0.0,-1.5707964,0.0
1970-01-01 00:00:00.154627200,0.1546272,0.0,157.31621,0.0,0.0,0.0,0.0,0.0,0.0,-1.5707964,0.0
1970-01-01 00:00:00.154684957,0.154684957,0.0,0.0,0.0,84.28194,0.0,0.0,0.0,0.0,-1.5707964,0.0
1970-01-01 00:00:00.154760648,0.154760648,0.0,255.42584,0.0,0.0,0.0,0.0,0.0,0.0,-1.5707964,0.0
1970-01-01 00:00:00.154770329,0.154770329,0.0,337.20892,0.0,0.0,0.0,0.0,0.0,0.0,-1.5707964,0.0
1970-01-01 00:00:00.154789399,0.154789399,132.99005,0.0,0.0,0.0,0.0,0.0,0.0,0.0,-1.5707964,0.0
1970-01-01 00:00:00.154802286,0.154802286,0.0,0.0,0.0,633.3424,0.0,0.0,0.0,0.0,-1.5707964,0.0
1970-01-01 00:00:00.154804731,0.154804731,0.0,0.0,976.16547,0.0,0.0,0.0,0.0,0.0,-1.5707964,0.0
1970-01-01 00:00:00.154818342,0.154818342,0.0,0.0,0.0,151.57199,0.0,0.0,0.0,0.0,-1.5707964,0.0
1970-01-01 00:00:00.154839104,0.154839104,0.0,0.0,0.0,0.0,107.29348,0.0,0.0,0.0,-1.5707964,0.0
1970-01-01 00:00:00.154875720,0.15487572,0.0,0.0,0.0,268.96054,0.0,0.0,0.0,0.0,-1.5707964,0.0
1970-01-01 00:00:00.154883438,0.154883438,0.0,760.178,0.0,0.0,0.0,0.0,0.0,0.0,-1.5707964,0.0
1970-01-01 00:00:00.154883438,0.154883438,0.0,0.0,0.0,0.0,275.0708,0.0,0.0,0.0,-1.5707964,0.0
1970-01-01 00:00:00.154907144,0.154907144,0.0,284.05698,0.0,0.0,0.0,0.0,0.0,0.0,-1.5707964,0.0
1970-01-01 00:00:00.154911075,0.154911075,0.0,0.0,167.01924,0.0,0.0,0.0,0.0,0.0,-1.5707964,0.0
1970-01-01 00:00:00.154917554,0.154917554,0.0,0.0,0.0,0.0,122.93497,0.0,0.0,0.0,-1.5707964,0.0
1970-01-01 00:00:00.154929020,0.15492902,0.0,0.0,0.0,0.0,666.7714,0.0,0.0,0.0,-1.5707964,0.0
1970-01-01 00:00:00.154953575,0.154953575,0.0,0.0,0.0,0.0,0.0,82.91988,0.0,0.0,-1.5707964,0.0
1970-01-01 00:00:00.155015514,0.155015514,0.0,0.0,0.0,0.0,0.0,327.74103,0.0,0.0,-1.5707964,0.0
1970-01-01 00:00:00.155021158,0.155021158,0.0,0.0,1227.0988,0.0,0.0,0.0,0.0,0.0,-1.5707964,0.0
1970-01-01 00:00:00.155032218,0.155032218,0.0,0.0,0.0,160.06508,0.0,0.0,0.0,0.0,-1.5707964,0.0
1970-01-01 00:00:00.155124198,0.155124198,0.0,0.0,0.0,761.56177,0.0,0.0,0.0,0.0,-1.5707964,0.0
1970-01-01 00:00:00.155135076,0.155135076,0.0,0.0,362.38016,0.0,0.0,0.0,0.0,0.0,-1.5707964,0.0
1970-01-01 00:00:00.155211826,0.155211826,0.0,0.0,0.0,735.5419,0.0,0.0,0.0,0.0,-1.5707964,0.0
1970-01-01 00:00:00.155227431,0.155227431,0.0,0.0,429.2456,0.0,0.0,0.0,0.0,0.0,-1.5707964,0.0
1970-01-01 00:00:00.155240059,0.155240059,0.0,899.36523,0.0,0.0,0.0,0.0,0.0,0.0,-1.5707964,0.0
1970-01-01 00:00:00.155242170,0.15524217,0.0,0.0,0.0,119.707596,0.0,0.0,0.0,0.0,-1.5707964,0.0
1970-01-01 00:00:00.155250330,0.15525033,0.0,0.0,0.0,1024.5977,0.0,0.0,0.0,0.0,-1.5707964,0.0
1970-01-01 00:00:00.155274555,0.155274555,0.0,0.0,0.0,0.0,0.0,871.635,0.0,0.0,-1.5707964,0.0
1970-01-01 00:00:00.155297270,0.15529727,0.0,0.0,0.0,274.07095,0.0,0.0,0.0,0.0,-1.5707964,0.0
1970-01-01 00:00:00.155326203,0.155326203,0.0,0.0,0.0,116.30942,0.0,0.0,0.0,0.0,-1.5707964,0.0
1970-01-01 00:00:00.155335537,0.155335537,0.0,0.0,0.0,0.0,160.0927,0.0,0.0,0.0,-1.5707964,0.0
1970-01-01 00:00:00.155374934,0.155374934,0.0,0.0,0.0,568.6091,0.0,0.0,0.0,0.0,-1.5707964,0.0
1970-01-01 00:00:00.155374994,0.155374994,0.0,0.0,0.0,516.2193,0.0,0.0,0.0,0.0,-1.5707964,0.0
1970-01-01 00:00:00.155403750,0.15540375,0.0,0.0,0.0,0.0,0.0,101.572716,0.0,0.0,-1.5707964,0.0
1970-01-01 00:00:00.155437492,0.155437492,0.0,0.0,117.2726,0.0,0.0,0.0,0.0,0.0,-1.5707964,0.0
1970-01-01 00:00:00.155466143,0.155466143,0.0,0.0,0.0,176.92377,0.0,0.0,0.0,0.0,-1.5707964,0.0
1970-01-01 00:00:00.155482162,0.155482162,0.0,0.0,0.0,0.0,0.0,407.11398,0.0,0.0,-1.5707964,0.0
1970-01-01 00:00:00.155495453,0.155495453,0.0,0.0,0.0,0.0,390.34702,0.0,0.0,0.0,-1.5707964,0.0
1970-01-01 00:00:00.155508298,0.155508298,0.0,0.0,705.6583,0.0,0.0,0.0,0.0,0.0,-1.5707964,0.0
1970-01-01 00:00:00.155617674,0.155617674,0.0,0.0,389.42163,0.0,0.0,0.0,0.0,0.0,-1.5707964,0.0
1970-01-01 00:00:00.155626314,0.155626314,0.0,271.58994,0.0,0.0,0.0,0.0,0.0,0.0,-1.5707964,0.0
1970-01-01 00:00:00.155631003,0.155631003,0.0,0.0,0.0,129.61775,0.0,0.0,0.0,0.0,-1.5707964,0.0
1970-01-01 00:00:00.155640209,0.155640209,0.0,0.0,0.0,158.5818,0.0,0.0,0.0,0.0,-1.5707964,0.0
1970-01-01 00:00:00.155644040,0.15564404,0.0,0.0,197.24756,0.0,0.0,0.0,0.0,0.0,-1.5707964,0.0
1970-01-01 00:00:00.155644302,0.155644302,0.0,0.0,0.0,0.0,0.0,225.40948,0.0,0.0,-1.5707964,0.0
1970-01-01 00:00:00.155649418,0.155649418,0.0,225.78296,0.0,0.0,0.0,0.0,0.0,0.0,-1.5707964,0.0
1970-01-01 00:00:00.155678975,0.155678975,0.0,0.0,0.0,0.0,0.0,149.03748,0.0,0.0,-1.5707964,0.0
1970-01-01 00:00:00.155687892,0.155687892,0.0,0.0,0.0,572.30865,0.0,0.0,0.0,0.0,-1.5707964,0.0
1970-01-01 00:00:00.155695670,0.15569567,0.0,0.0,0.0,0.0,471.71524,0.0,0.0,0.0,-1.5707964,0.0
1970-01-01 00:00:00.155696107,0.155696107,0.0,0.0,0.0,0.0,0.0,351.34555,0.0,0.0,-1.5707964,0.0
1970-01-01 00:00:00.155713768,0.155713768,0.0,0.0,0.0,821.7461,0.0,0.0,0.0,0.0,-1.5707964,0.0
1970-01-01 00:00:00.155734908,0.155734908,0.0,0.0,0.0,393.42758,0.0,0.0,0.0,0.0,-1.5707964,0.0
1970-01-01 00:00:00.155740256,0.155740256,0.0,0.0,204.17647,0.0,0.0,0.0,0.0,0.0,-1.5707964,0.0
1970-01-01 00:00:00.155760068,0.155760068,0.0,736.03143,0.0,0.0,0.0,0.0,0.0,0.0,-1.5707964,0.0
1970-01-01 00:00:00.155783264,0.155783264,0.0,0.0,0.0,0.0,0.0,215.21677,0.0,0.0,-1.5707964,0.0
1970-01-01 00:00:00.155800545,0.155800545,0.0,0.0,0.0,85.460724,0.0,0.0,0.0,0.0,-1.5707964,0.0
1970-01-01 00:00:00.155842688,0.155842688,0.0,0.0,0.0,411.9744,0.0,0.0,0.0,0.0,-1.5707964,0.0
1970-01-01 00:00:00.155847595,0.155847595,0.0,0.0,0.0,0.0,202.41922,0.0,0.0,0.0,-1.5707964,0.0
1970-01-01 00:00:00.155861702,0.155861702,0.0,0.0,0.0,88.04813,0.0,0.0,0.0,0.0,-1.5707964,0.0
1970-01-01 00:00:00.155869090,0.15586909,0.0,0.0,0.0,0.0,732.5182,0.0,0.0,0.0,-1.5707964,0.0
1970-01-01 00:00:00.155883760,0.15588376,0.0,0.0,158.56969,0.0,0.0,0.0,0.0,0.0,-1.5707964,0.0
1970-01-01 00:00:00.155919115,0.155919115,0.0,0.0,604.3708,0.0,0.0,0.0,0.0,0.0,-1.5707964,0.0
1970-01-01 00:00:00.155951158,0.155951158,0.0,0.0,0.0,93.35949,0.0,0.0,0.0,0.0,-1.5707964,0.0
1970-01-01 00:00:00.155971823,0.155971823,117.99199,0.0,0.0,0.0,0.0,0.0,0.0,0.0,-1.5707964,0.0
1970-01-01 00:00:00.156016073,0.156016073,0.0,0.0,0.0,1104.4858,0.0,0.0,0.0,0.0,-1.5707964,0.0
1970-01-01 00:00:00.156068999,0.156068999,0.0,0.0,0.0,0.0,0.0,540.7771,0.0,0.0,-1.5707964,0.0
1970-01-01 00:00:00.156087430,0.15608743,0.0,0.0,0.0,0.0,0.0,238.311,0.0,0.0,-1.5707964,0.0
1970-01-01 00:00:00.156110813,0.156110813,562.4742,0.0,0.0,0.0,0.0,0.0,0.0,0.0,-1.5707964,0.0
1970-01-01 00:00:00.156190587,0.156190587,0.0,0.0,0.0,1728.2688,0.0,0.0,0.0,0.0,-1.5707964,0.0
1970-01-01 00:00:00.156218965,0.156218965,0.0,0.0,0.0,98.87286,0.0,0.0,0.0,0.0,-1.5707964,0.0
1970-01-01 00:00:00.156240939,0.156240939,0.0,0.0,614.37054,0.0,0.0,0.0,0.0,0.0,-1.5707964,0.0
1970-01-01 00:00:00.156279660,0.15627966,0.0,0.0,105.7659,0.0,0.0,0.0,0.0,0.0,-1.5707964,0.0
1970-01-01 00:00:00.156305267,0.156305267,0.0,0.0,0.0,0.0,219.83368,0.0,0.0,0.0,-1.5707964,0.0
1970-01-01 00:00:00.156365319,0.156365319,0.0,0.0,81.883224,0.0,0.0,0.0,0.0,0.0,-1.5707964,0.0
1970-01-01 00:00:00.156430321,0.156430321,0.0,0.0,0.0,0.0,0.0,1698.2075,0.0,0.0,-1.5707964,0.0
1970-01-01 00:00:00.156441606,0.156441606,0.0,0.0,0.0,157.1351,0.0,0.0,0.0,0.0,-1.5707964,0.0
1970-01-01 00:00:00.156466401,0.156466401,0.0,0.0,0.0,0.0,0.0,2172.9822,0.0,0.0,-1.5707964,0.0
1970-01-01 00:00:00.156497192,0.156497192,0.0,0.0,0.0,170.93173,0.0,0.0,0.0,0.0,-1.5707964,0.0
1970-01-01 00:00:00.156536030,0.15653603,0.0,283.7941,0.0,0.0,0.0,0.0,0.0,0.0,-1.5707964,0.0
1970-01-01 00:00:00.156543301,0.156543301,0.0,0.0,103.47686,0.0,0.0,0.0,0.0,0.0,-1.5707964,0.0
1970-01-01 00:00:00.156565614,0.156565614,0.0,599.19104,0.0,0.0,0.0,0.0,0.0,0.0,-1.5707964,0.0
1970-01-01 00:00:00.156601040,0.15660104,0.0,0.0,0.0,0.0,0.0,155.26878,0.0,0.0,-1.5707964,0.0
1970-01-01 00:00:00.156620188,0.156620188,0.0,0.0,0.0,913.95764,0.0,0.0,0.0,0.0,-1.5707964,0.0
1970-01-01 00:00:00.156636281,0.156636281,0.0,0.0,0.0,0.0,0.0,118.14306,0.0,0.0,-1.5707964,0.0
1970-01-01 00:00:00.156637747,0.156637747,0.0,0.0,0.0,0.0,0.0,363.31845,0.0,0.0,-1.5707964,0.0
1970-01-01 00:00:00.156643600,0.1566436,0.0,0.0,907.6058,0.0,0.0,0.0,0.0,0.0,-1.5707964,0.0
1970-01-01 00:00:00.156679054,0.156679054,0.0,145.80307,0.0,0.0,0.0,0.0,0.0,0.0,-1.5707964,0.0
1970-01-01 00:00:00.156708371,0.156708371,0.0,0.0,0.0,164.3828,0.0,0.0,0.0,0.0,-1.5707964,0.0
1970-01-01 00:00:00.156720384,0.156720384,0.0,0.0,0.0,0.0,0.0,796.584,0.0,0.0,-1.5707964,0.0
1970-01-01 00:00:00.156724450,0.15672445,0.0,0.0,0.0,0.0,0.0,185.90056,0.0,0.0,-1.5707964,0.0
1970-01-01 00:00:00.156740916,0.156740916,0.0,222.37187,0.0,0.0,0.0,0.0,0.0,0.0,-1.5707964,0.0
1970-01-01 00:00:00.156766268,0.156766268,0.0,0.0,468.59296,0.0,0.0,0.0,0.0,0.0,-1.5707964,0.0
1970-01-01 00:00:00.156802085,0.156802085,0.0,0.0,0.0,882.78357,0.0,0.0,0.0,0.0,-1.5707964,0.0
1970-01-01 00:00:00.156824882,0.156824882,0.0,0.0,0.0,321.91193,0.0,0.0,0.0,0.0,-1.5707964,0.0
1970-01-01 00:00:00.156826549,0.156826549,0.0,0.0,0.0,1139.5342,0.0,0.0,0.0,0.0,-1.5707964,0.0
1970-01-01 00:00:00.156826588,0.156826588,0.0,0.0,0.0,0.0,0.0,85.48688,0.0,0.0,-1.5707964,0.0
1970-01-01 00:00:00.156833268,0.156833268,0.0,0.0,142.53241,0.0,0.0,0.0,0.0,0.0,-1.5707964,0.0
1970-01-01 00:00:00.156838593,0.156838593,0.0,0.0,0.0,310.0315,0.0,0.0,0.0,0.0,-1.5707964,0.0
1970-01-01 00:00:00.156845935,0.156845935,0.0,0.0,0.0,195.64888,0.0,0.0,0.0,0.0,-1.5707964,0.0
1970-01-01 00:00:00.156852220,0.15685222,0.0,0.0,0.0,0.0,273.88287,0.0,0.0,0.0,-1.5707964,0.0
1970-01-01 00:00:00.156870466,0.156870466,0.0,0.0,0.0,232.4831,0.0,0.0,0.0,0.0,-1.5707964,0.0
1970-01-01 00:00:00.156889024,0.156889024,0.0,0.0,0.0,0.0,0.0,119.33993,0.0,0.0,-1.5707964,0.0
1970-01-01 00:00:00.156990208,0.156990208,0.0,0.0,0.0,0.0,0.0,137.39159,0.0,0.0,-1.5707964,0.0
1970-01-01 00:00:00.156990693,0.156990693,0.0,0.0,0.0,229.03978,0.0,0.0,0.0,0.0,-1.5707964,0.0
1970-01-01 00:00:00.156998080,0.15699808,0.0,0.0,0.0,0.0,0.0,161.93349,0.0,0.0,-1.5707964,0.0
1970-01-01 00:00:00.157039537,0.157039537,0.0,0.0,0.0,0.0,0.0,245.52145,0.0,0.0,-1.5707964,0.0
1970-01-01 00:00:00.157039880,0.15703988,0.0,0.0,378.37918,0.0,0.0,0.0,0.0,0.0,-1.5707964,0.0
1970-01-01 00:00:00.157089564,0.157089564,0.0,568.9212,0.0,0.0,0.0,0.0,0.0,0.0,-1.5707964,0.0
1970-01-01 00:00:00.157109290,0.15710929,0.0,0.0,1433.023,0.0,0.0,0.0,0.0,0.0,-1.5707964,0.0
1970-01-01 00:00:00.157150316,0.157150316,0.0,0.0,371.27142,0.0,0.0,0.0,0.0,0.0,-1.5707964,0.0
1970-01-01 00:00:00.157169291,0.157169291,0.0,0.0,0.0,115.87311,0.0,0.0,0.0,0.0,-1.5707964,0.0
1970-01-01 00:00:00.157204711,0.157204711,0.0,0.0,0.0,131.90755,0.0,0.0,0.0,0.0,-1.5707964,0.0
1970-01-01 00:00:00.157269979,0.157269979,0.0,130.50914,0.0,0.0,0.0,0.0,0.0,0.0,-1.5707964,0.0
1970-01-01 00:00:00.157292131,0.157292131,0.0,0.0,0.0,854.0105,0.0,0.0,0.0,0.0,-1.5707964,0.0
1970-01-01 00:00:00.157296977,0.157296977,0.0,0.0,0.0,80.54942,0.0,0.0,0.0,0.0,-1.5707964,0.0
1970-01-01 00:00:00.157316926,0.157316926,179.09775,0.0,0.0,0.0,0.0,0.0,0.0,0.0,-1.5707964,0.0
1970-01-01 00:00:00.157360128,0.157360128,0.0,0.0,0.0,408.16492,0.0,0.0,0.0,0.0,-1.5707964,0.0
1970-01-01 00:00:00.157366166,0.157366166,0.0,0.0,153.24828,0.0,0.0,0.0,0.0,0.0,-1.5707964,0.0
1970-01-01 00:00:00.157486714,0.157486714,0.0,0.0,0.0,0.0,325.27188,0.0,0.0,0.0,-1.5707964,0.0
1970-01-01 00:00:00.157490359,0.157490359,0.0,0.0,0.0,259.33423,0.0,0.0,0.0,0.0,-1.5707964,0.0
1970-01-01 00:00:00.157503813,0.157503813,0.0,0.0,0.0,544.76117,0.0,0.0,0.0,0.0,-1.5707964,0.0
1970-01-01 00:00:00.157515300,0.1575153,0.0,0.0,0.0,142.88298,0.0,0.0,0.0,0.0,-1.5707964,0.0
1970-01-01 00:00:00.157537296,0.157537296,0.0,108.31874,0.0,0.0,0.0,0.0,0.0,0.0,-1.5707964,0.0
1970-01-01 00:00:00.157539543,0.157539543,0.0,0.0,0.0,0.0,0.0,87.63072,0.0,0.0,-1.5707964,0.0
1970-01-01 00:00:00.157556310,0.15755631,0.0,0.0,0.0,121.51009,0.0,0.0,0.0,0.0,-1.5707964,0.0
1970-01-01 00:00:00.157581553,0.157581553,0.0,0.0,0.0,706.97766,0.0,0.0,0.0,0.0,-1.5707964,0.0
1970-01-01 00:00:00.157592400,0.1575924,0.0,0.0,187.35976,0.0,0.0,0.0,0.0,0.0,-1.5707964,0.0
1970-01-01 00:00:00.157594047,0.157594047,0.0,0.0,0.0,2289.4307,0.0,0.0,0.0,0.0,-1.5707964,0.0
1970-01-01 00:00:00.157665342,0.157665342,0.0,0.0,0.0,201.52708,0.0,0.0,0.0,0.0,-1.5707964,0.0
1970-01-01 00:00:00.157722419,0.157722419,0.0,0.0,0.0,146.91908,0.0,0.0,0.0,0.0,-1.5707964,0.0
1970-01-01 00:00:00.157735651,0.157735651,0.0,0.0,0.0,277.49463,0.0,0.0,0.0,0.0,-1.5707964,0.0
1970-01-01 00:00:00.157742359,0.157742359,0.0,222.0311,0.0,0.0,0.0,0.0,0.0,0.0,-1.5707964,0.0
1970-01-01 00:00:00.157980305,0.157980305,0.0,0.0,2448.487,0.0,0.0,0.0,0.0,0.0,-1.5707964,0.0
1970-01-01 00:00:00.157996111,0.157996111,0.0,0.0,0.0,93.35698,0.0,0.0,0.0,0.0,-1.5707964,0.0
1970-01-01 00:00:00.157996747,0.157996747,0.0,0.0,0.0,1075.2769,0.0,0.0,0.0,0.0,-1.5707964,0.0
1970-01-01 00:00:00.158023426,0.158023426,0.0,0.0,0.0,86.2127,0.0,0.0,0.0,0.0,-1.5707964,0.0
1970-01-01 00:00:00.158066543,0.158066543,0.0,0.0,0.0,175.54492,0.0,0.0,0.0,0.0,-1.5707964,0.0
1970-01-01 00:00:00.158073567,0.158073567,0.0,0.0,0.0,0.0,0.0,605.6309,0.0,0.0,-1.5707964,0.0
1970-01-01 00:00:00.158117661,0.158117661,0.0,0.0,268.97766,0.0,0.0,0.0,0.0,0.0,-1.5707964,0.0
1970-01-01 00:00:00.158120705,0.158120705,0.0,0.0,0.0,0.0,773.67633,0.0,0.0,0.0,-1.5707964,0.0
1970-01-01 00:00:00.158120705,0.158120705,0.0,0.0,0.0,0.0,224.55038,0.0,0.0,0.0,-1.5707964,0.0
1970-01-01 00:00:00.158134039,0.158134039,0.0,0.0,0.0,279.43665,0.0,0.0,0.0,0.0,-1.5707964,0.0
1970-01-01 00:00:00.158135256,0.158135256,0.0,461.23083,0.0,0.0,0.0,0.0,0.0,0.0,-1.5707964,0.0
1970-01-01 00:00:00.158157034,0.158157034,0.0,0.0,0.0,362.3135,0.0,0.0,0.0,0.0,-1.5707964,0.0
1970-01-01 00:00:00.158212042,0.158212042,0.0,0.0,0.0,101.24187,0.0,0.0,0.0,0.0,-1.5707964,0.0
1970-01-01 00:00:00.158223545,0.158223545,0.0,0.0,0.0,172.79118,0.0,0.0,0.0,0.0,-1.5707964,0.0
1970-01-01 00:00:00.158266063,0.158266063,0.0,0.0,0.0,86.33719,0.0,0.0,0.0,0.0,-1.5707964,0.0
1970-01-01 00:00:00.158280275,0.158280275,0.0,0.0,0.0,0.0,338.58154,0.0,0.0,0.0,-1.5707964,0.0
1970-01-01 00:00:00.158304072,0.158304072,0.0,0.0,460.18744,0.0,0.0,0.0,0.0,0.0,-1.5707964,0.0
1970-01-01 00:00:00.158318741,0.158318741,0.0,0.0,90.04683,0.0,0.0,0.0,0.0,0.0,-1.5707964,0.0
1970-01-01 00:00:00.158359106,0.158359106,0.0,0.0,0.0,0.0,0.0,99.12131,0.0,0.0,-1.5707964,0.0
1970-01-01 00:00:00.158423876,0.158423876,0.0,584.73517,0.0,0.0,0.0,0.0,0.0,0.0,-1.5707964,0.0
1970-01-01 00:00:00.158451237,0.158451237,0.0,0.0,0.0,0.0,2393.2651,0.0,0.0,0.0,-1.5707964,0.0
1970-01-01 00:00:00.158487149,0.158487149,0.0,0.0,0.0,249.7866,0.0,0.0,0.0,0.0,-1.5707964,0.0
1970-01-01 00:00:00.158627824,0.158627824,0.0,0.0,264.53705,0.0,0.0,0.0,0.0,0.0,-1.5707964,0.0
1970-01-01 00:00:00.158654076,0.158654076,0.0,0.0,0.0,375.94202,0.0,0.0,0.0,0.0,-1.5707964,0.0
1970-01-01 00:00:00.158688680,0.15868868,80.46913,0.0,0.0,0.0,0.0,0.0,0.0,0.0,-1.5707964,0.0
1970-01-01 00:00:00.158700706,0.158700706,0.0,0.0,500.24548,0.0,0.0,0.0,0.0,0.0,-1.5707964,0.0
1970-01-01 00:00:00.158741841,0.158741841,0.0,0.0,0.0,116.60286,0.0,0.0,0.0,0.0,-1.5707964,0.0
1970-01-01 00:00:00.158779966,0.158779966,0.0,0.0,609.6672,0.0,0.0,0.0,0.0,0.0,-1.5707964,0.0
1970-01-01 00:00:00.158798259,0.158798259,0.0,0.0,0.0,0.0,0.0,441.20206,0.0,0.0,-1.5707964,0.0
1970-01-01 00:00:00.158822832,0.158822832,0.0,0.0,1101.7719,0.0,0.0,0.0,0.0,0.0,-1.5707964,0.0
1970-01-01 00:00:00.158822832,0.158822832,0.0,0.0,380.1904,0.0,0.0,0.0,0.0,0.0,-1.5707964,0.0
1970-01-01 00:00:00.158825628,0.158825628,0.0,0.0,0.0,0.0,0.0,648.71204,0.0,0.0,-1.5707964,0.0
1970-01-01 00:00:00.158830396,0.158830396,0.0,0.0,0.0,0.0,0.0,80.834236,0.0,0.0,-1.5707964,0.0
1970-01-01 00:00:00.158839950,0.15883995,0.0,0.0,0.0,394.986,0.0,0.0,0.0,0.0,-1.5707964,0.0
1970-01-01 00:00:00.158888090,0.15888809,0.0,0.0,0.0,0.0,0.0,196.93065,0.0,0.0,-1.5707964,0.0
1970-01-01 00:00:00.158896626,0.158896626,0.0,0.0,0.0,195.97342,0.0,0.0,0.0,0.0,-1.5707964,0.0
1970-01-01 00:00:00.158975131,0.158975131,0.0,0.0,0.0,99.247925,0.0,0.0,0.0,0.0,-1.5707964,0.0
1970-01-01 00:00:00.158991055,0.158991055,0.0,0.0,0.0,0.0,2396.7334,0.0,0.0,0.0,-1.5707964,0.0
1970-01-01 00:00:00.159013469,0.159013469,0.0,0.0,0.0,135.27715,0.0,0.0,0.0,0.0,-1.5707964,0.0
1970-01-01 00:00:00.159035664,0.159035664,0.0,0.0,243.09299,0.0,0.0,0.0,0.0,0.0,-1.5707964,0.0
1970-01-01 00:00:00.159062741,0.159062741,0.0,0.0,0.0,125.72757,0.0,0.0,0.0,0.0,-1.5707964,0.0
1970-01-01 00:00:00.159201824,0.159201824,0.0,0.0,0.0,292.94238,0.0,0.0,0.0,0.0,-1.5707964,0.0
1970-01-01 00:00:00.159236150,0.15923615,0.0,354.7778,0.0,0.0,0.0,0.0,0.0,0.0,-1.5707964,0.0
1970-01-01 00:00:00.159273931,0.159273931,0.0,0.0,0.0,613.2371,0.0,0.0,0.0,0.0,-1.5707964,0.0
1970-01-01 00:00:00.159285786,0.159285786,0.0,0.0,0.0,271.18216,0.0,0.0,0.0,0.0,-1.5707964,0.0
1970-01-01 00:00:00.159318895,0.159318895,0.0,0.0,0.0,352.82156,0.0,0.0,0.0,0.0,-1.5707964,0.0
1970-01-01 00:00:00.159352084,0.159352084,0.0,0.0,0.0,1092.2858,0.0,0.0,0.0,0.0,-1.5707964,0.0
1970-01-01 00:00:00.159377968,0.159377968,0.0,0.0,326.90192,0.0,0.0,0.0,0.0,0.0,-1.5707964,0.0
1970-01-01 00:00:00.159384594,0.159384594,0.0,0.0,0.0,1602.176,0.0,0.0,0.0,0.0,-1.5707964,0.0
1970-01-01 00:00:00.159398486,0.159398486,0.0,0.0,0.0,775.30774,0.0,0.0,0.0,0.0,-1.5707964,0.0
1970-01-01 00:00:00.159416410,0.15941641,0.0,0.0,0.0,0.0,0.0,1016.9277,0.0,0.0,-1.5707964,0.0
1970-01-01 00:00:00.159422256,0.159422256,0.0,0.0,0.0,0.0,0.0,1139.9512,0.0,0.0,-1.5707964,0.0
1970-01-01 00:00:00.159450644,0.159450644,208.23236,0.0,0.0,0.0,0.0,0.0,0.0,0.0,-1.5707964,0.0
1970-01-01 00:00:00.159500333,0.159500333,0.0,0.0,0.0,0.0,231.43475,0.0,0.0,0.0,-1.5707964,0.0
1970-01-01 00:00:00.159502741,0.159502741,0.0,0.0,0.0,334.94843,0.0,0.0,0.0,0.0,-1.5707964,0.0
1970-01-01 00:00:00.159502741,0.159502741,0.0,0.0,0.0,118.808105,0.0,0.0,0.0,0.0,-1.5707964,0.0
1970-01-01 00:00:00.159523585,0.159523585,113.11378,0.0,0.0,0.0,0.0,0.0,0.0,0.0,-1.5707964,0.0
1970-01-01 00:00:00.159550058,0.159550058,0.0,0.0,141.22958,0.0,0.0,0.0,0.0,0.0,-1.5707964,0.0
1970-01-01 00:00:00.159597303,0.159597303,0.0,0.0,0.0,122.77352,0.0,0.0,0.0,0.0,-1.5707964,0.0
1970-01-01 00:00:00.159629978,0.159629978,0.0,0.0,180.46089,0.0,0.0,0.0,0.0,0.0,-1.5707964,0.0
1970-01-01 00:00:00.159664331,0.159664331,0.0,0.0,0.0,0.0,234.12495,0.0,0.0,0.0,-1.5707964,0.0
1970-01-01 00:00:00.159683479,0.159683479,0.0,0.0,0.0,0.0,547.21826,0.0,0.0,0.0,-1.5707964,0.0
1970-01-01 00:00:00.159686510,0.15968651,0.0,0.0,0.0,0.0,0.0,85.34699,0.0,0.0,-1.5707964,0.0
1970-01-01 00:00:00.159719706,0.159719706,0.0,0.0,0.0,0.0,609.6698,0.0,0.0,0.0,-1.5707964,0.0
1970-01-01 00:00:00.159748368,0.159748368,0.0,0.0,0.0,322.6433,0.0,0.0,0.0,0.0,-1.5707964,0.0
1970-01-01 00:00:00.159831252,0.159831252,0.0,0.0,0.0,356.2484,0.0,0.0,0.0,0.0,-1.5707964,0.0
1970-01-01 00:00:00.159875030,0.15987503,0.0,0.0,0.0,507.60742,0.0,0.0,0.0,0.0,-1.5707964,0.0
1970-01-01 00:00:00.159948028,0.159948028,0.0,0.0,0.0,411.83743,0.0,0.0,0.0,0.0,-1.5707964,0.0
1970-01-01 00:00:00.159949459,0.159949459,0.0,0.0,0.0,182.10391,0.0,0.0,0.0,0.0,-1.5707964,0.0
1970-01-01 00:00:00.159995021,0.159995021,0.0,0.0,188.18373,0.0,0.0,0.0,0.0,0.0,-1.5707964,0.0
1970-01-01 00:00:00.160075773,0.160075773,0.0,0.0,0.0,155.33759,0.0,0.0,0.0,0.0,-1.5707964,0.0
1970-01-01 00:00:00.160100621,0.160100621,0.0,0.0,0.0,515.388,0.0,0.0,0.0,0.0,-1.5707964,0.0
1970-01-01 00:00:00.160108629,0.160108629,0.0,91.33039,0.0,0.0,0.0,0.0,0.0,0.0,-1.5707964,0.0
1970-01-01 00:00:00.160142727,0.160142727,0.0,0.0,0.0,0.0,1445.7554,0.0,0.0,0.0,-1.5707964,0.0
1970-01-01 00:00:00.160179489,0.160179489,0.0,1249.262,0.0,0.0,0.0,0.0,0.0,0.0,-1.5707964,0.0
1970-01-01 00:00:00.160220991,0.160220991,0.0,0.0,0.0,253.21147,0.0,0.0,0.0,0.0,-1.5707964,0.0
1970-01-01 00:00:00.160223303,0.160223303,0.0,0.0,0.0,0.0,0.0,163.04295,0.0,0.0,-1.5707964,0.0
1970-01-01 00:00:00.160239876,0.160239876,0.0,0.0,0.0,104.44664,0.0,0.0,0.0,0.0,-1.5707964,0.0
1970-01-01 00:00:00.160327997,0.160327997,0.0,0.0,0.0,217.9521,0.0,0.0,0.0,0.0,-1.5707964,0.0
1970-01-01 00:00:00.160371935,0.160371935,0.0,0.0,0.0,0.0,0.0,325.11914,0.0,0.0,-1.5707964,0.0
1970-01-01 00:00:00.160392461,0.160392461,0.0,0.0,0.0,0.0,743.94727,0.0,0.0,0.0,-1.5707964,0.0
1970-01-01 00:00:00.160455500,0.1604555,0.0,0.0,164.49875,0.0,0.0,0.0,0.0,0.0,-1.5707964,0.0
1970-01-01 00:00:00.160457154,0.160457154,0.0,0.0,0.0,262.86102,0.0,0.0,0.0,0.0,-1.5707964,0.0
1970-01-01 00:00:00.160488174,0.160488174,0.0,0.0,0.0,0.0,0.0,203.88547,0.0,0.0,-1.5707964,0.0
1970-01-01 00:00:00.160522732,0.160522732,0.0,0.0,0.0,193.06224,0.0,0.0,0.0,0.0,-1.5707964,0.0
1970-01-01 00:00:00.160543225,0.160543225,0.0,0.0,0.0,583.844,0.0,0.0,0.0,0.0,-1.5707964,0.0
1970-01-01 00:00:00.160624832,0.160624832,0.0,0.0,0.0,303.3371,0.0,0.0,0.0,0.0,-1.5707964,0.0
1970-01-01 00:00:00.160629167,0.160629167,0.0,0.0,0.0,0.0,0.0,1284.426,0.0,0.0,-1.5707964,0.0
1970-01-01 00:00:00.160662399,0.160662399,0.0,664.233,0.0,0.0,0.0,0.0,0.0,0.0,-1.5707964,0.0
1970-01-01 00:00:00.160672315,0.160672315,0.0,0.0,350.49945,0.0,0.0,0.0,0.0,0.0,-1.5707964,0.0
1970-01-01 00:00:00.160708297,0.160708297,0.0,0.0,0.0,363.46103,0.0,0.0,0.0,0.0,-1.5707964,0.0
1970-01-01 00:00:00.160715984,0.160715984,818.505,0.0,0.0,0.0,0.0,0.0,0.0,0.0,-1.5707964,0.0
1970-01-01 00:00:00.160755220,0.16075522,0.0,0.0,259.65927,0.0,0.0,0.0,0.0,0.0,-1.5707964,0.0
1970-01-01 00:00:00.160756964,0.160756964,0.0,0.0,0.0,102.59873,0.0,0.0,0.0,0.0,-1.5707964,0.0
1970-01-01 00:00:00.160769921,0.160769921,221.00017,0.0,0.0,0.0,0.0,0.0,0.0,0.0,-1.5707964,0.0
1970-01-01 00:00:00.160769921,0.160769921,0.0,0.0,0.0,334.37836,0.0,0.0,0.0,0.0,-1.5707964,0.0
1970-01-01 00:00:00.160787590,0.16078759,0.0,144.5726,0.0,0.0,0.0,0.0,0.0,0.0,-1.5707964,0.0
1970-01-01 00:00:00.160804820,0.16080482,0.0,0.0,0.0,442.24814,0.0,0.0,0.0,0.0,-1.5707964,0.0
1970-01-01 00:00:00.160821808,0.160821808,0.0,0.0,0.0,112.44807,0.0,0.0,0.0,0.0,-1.5707964,0.0
1970-01-01 00:00:00.160825050,0.16082505,0.0,0.0,0.0,0.0,0.0,90.0301,0.0,0.0,-1.5707964,0.0
1970-01-01 00:00:00.160860688,0.160860688,0.0,0.0,0.0,0.0,0.0,193.5267,0.0,0.0,-1.5707964,0.0
1970-01-01 00:00:00.160901805,0.160901805,0.0,550.59235,0.0,0.0,0.0,0.0,0.0,0.0,-1.5707964,0.0
1970-01-01 00:00:00.160965179,0.160965179,0.0,0.0,0.0,153.57138,0.0,0.0,0.0,0.0,-1.5707964,0.0
1970-01-01 00:00:00.160968104,0.160968104,0.0,0.0,0.0,672.2331,0.0,0.0,0.0,0.0,-1.5707964,0.0
1970-01-01 00:00:00.161053444,0.161053444,0.0,0.0,218.24887,0.0,0.0,0.0,0.0,0.0,-1.5707964,0.0
1970-01-01 00:00:00.161063827,0.161063827,0.0,0.0,0.0,80.299484,0.0,0.0,0.0,0.0,-1.5707964,0.0
1970-01-01 00:00:00.161080961,0.161080961,0.0,0.0,0.0,224.56781,0.0,0.0,0.0,0.0,-1.5707964,0.0
1970-01-01 00:00:00.161136272,0.161136272,0.0,0.0,0.0,0.0,0.0,419.67374,0.0,0.0,-1.5707964,0.0
1970-01-01 00:00:00.161168244,0.161168244,659.82434,0.0,0.0,0.0,0.0,0.0,0.0,0.0,-1.5707964,0.0
1970-01-01 00:00:00.161243501,0.161243501,0.0,0.0,0.0,0.0,0.0,698.78503,0.0,0.0,-1.5707964,0.0
1970-01-01 00:00:00.161282175,0.161282175,0.0,0.0,0.0,91.70494,0.0,0.0,0.0,0.0,-1.5707964,0.0
1970-01-01 00:00:00.161302686,0.161302686,0.0,0.0,0.0,285.92432,0.0,0.0,0.0,0.0,-1.5707964,0.0
1970-01-01 00:00:00.161307474,0.161307474,0.0,0.0,0.0,0.0,0.0,217.31357,0.0,0.0,-1.5707964,0.0
1970-01-01 00:00:00.161331382,0.161331382,0.0,0.0,0.0,98.533775,0.0,0.0,0.0,0.0,-1.5707964,0.0
1970-01-01 00:00:00.161419721,0.161419721,0.0,0.0,0.0,0.0,0.0,334.5021,0.0,0.0,-1.5707964,0.0
1970-01-01 00:00:00.161429945,0.161429945,0.0,0.0,152.24576,0.0,0.0,0.0,0.0,0.0,-1.5707964,0.0
1970-01-01 00:00:00.161486893,0.161486893,0.0,0.0,0.0,0.0,0.0,721.03265,0.0,0.0,-1.5707964,0.0
1970-01-01 00:00:00.161490039,0.161490039,0.0,155.00256,0.0,0.0,0.0,0.0,0.0,0.0,-1.5707964,0.0
1970-01-01 00:00:00.161537875,0.161537875,0.0,0.0,0.0,0.0,0.0,592.6025,0.0,0.0,-1.5707964,0.0
1970-01-01 00:00:00.161552610,0.16155261,0.0,0.0,0.0,249.12888,0.0,0.0,0.0,0.0,-1.5707964,0.0
1970-01-01 00:00:00.161560178,0.161560178,0.0,0.0,0.0,1027.9482,0.0,0.0,0.0,0.0,-1.5707964,0.0
1970-01-01 00:00:00.161565284,0.161565284,0.0,0.0,80.57806,0.0,0.0,0.0,0.0,0.0,-1.5707964,0.0
1970-01-01 00:00:00.161565284,0.161565284,0.0,0.0,0.0,0.0,858.4874,0.0,0.0,0.0,-1.5707964,0.0
1970-01-01 00:00:00.161606389,0.161606389,0.0,0.0,0.0,273.12274,0.0,0.0,0.0,0.0,-1.5707964,0.0
1970-01-01 00:00:00.161620215,0.161620215,615.6454,0.0,0.0,0.0,0.0,0.0,0.0,0.0,-1.5707964,0.0
1970-01-01 00:00:00.161647347,0.161647347,0.0,0.0,0.0,0.0,398.17328,0.0,0.0,0.0,-1.5707964,0.0
1970-01-01 00:00:00.161655133,0.161655133,0.0,0.0,182.17012,0.0,0.0,0.0,0.0,0.0,-1.5707964,0.0
1970-01-01 00:00:00.161662398,0.161662398,0.0,0.0,0.0,989.64526,0.0,0.0,0.0,0.0,-1.5707964,0.0
1970-01-01 00:00:00.161727110,0.16172711,0.0,0.0,0.0,109.609406,0.0,0.0,0.0,0.0,-1.5707964,0.0
1970-01-01 00:00:00.161766395,0.161766395,0.0,0.0,0.0,0.0,0.0,112.94606,0.0,0.0,-1.5707964,0.0
1970-01-01 00:00:00.161881855,0.161881855,0.0,0.0,298.19083,0.0,0.0,0.0,0.0,0.0,-1.5707964,0.0
1970-01-01 00:00:00.161892008,0.161892008,0.0,0.0,0.0,159.21867,0.0,0.0,0.0,0.0,-1.5707964,0.0
1970-01-01 00:00:00.161934381,0.161934381,0.0,0.0,0.0,0.0,0.0,88.5487,0.0,0.0,-1.5707964,0.0
1970-01-01 00:00:00.161952087,0.161952087,0.0,0.0,0.0,147.18745,0.0,0.0,0.0,0.0,-1.5707964,0.0
1970-01-01 00:00:00.161970148,0.161970148,0.0,0.0,0.0,85.747345,0.0,0.0,0.0,0.0,-1.5707964,0.0
1970-01-01 00:00:00.162000846,0.162000846,0.0,0.0,0.0,0.0,122.02043,0.0,0.0,0.0,-1.5707964,0.0
1970-01-01 00:00:00.162009637,0.162009637,0.0,0.0,0.0,360.70084,0.0,0.0,0.0,0.0,-1.5707964,0.0
1970-01-01 00:00:00.162039475,0.162039475,0.0,0.0,112.97534,0.0,0.0,0.0,0.0,0.0,-1.5707964,0.0
1970-01-01 00:00:00.162057227,0.162057227,0.0,0.0,906.22546,0.0,0.0,0.0,0.0,0.0,-1.5707964,0.0
1970-01-01 00:00:00.162071741,0.162071741,0.0,0.0,0.0,0.0,0.0,96.177124,0.0,0.0,-1.5707964,0.0
1970-01-01 00:00:00.162079870,0.16207987,0.0,0.0,0.0,0.0,241.76884,0.0,0.0,0.0,-1.5707964,0.0
1970-01-01 00:00:00.162154180,0.16215418,0.0,0.0,0.0,0.0,0.0,181.34348,0.0,0.0,-1.5707964,0.0
1970-01-01 00:00:00.162160877,0.162160877,0.0,0.0,0.0,294.95908,0.0,0.0,0.0,0.0,-1.5707964,0.0
1970-01-01 00:00:00.162162796,0.162162796,0.0,0.0,0.0,295.30954,0.0,0.0,0.0,0.0,-1.5707964,0.0
1970-01-01 00:00:00.162190134,0.162190134,0.0,0.0,0.0,0.0,0.0,163.23013,0.0,0.0,-1.5707964,0.0
1970-01-01 00:00:00.162210704,0.162210704,0.0,0.0,384.39993,0.0,0.0,0.0,0.0,0.0,-1.5707964,0.0
1970-01-01 00:00:00.162247116,0.162247116,0.0,0.0,0.0,175.95773,0.0,0.0,0.0,0.0,-1.5707964,0.0
1970-01-01 00:00:00.162289633,0.162289633,0.0,304.56113,0.0,0.0,0.0,0.0,0.0,0.0,-1.5707964,0.0
1970-01-01 00:00:00.162315022,0.162315022,0.0,190.718,0.0,0.0,0.0,0.0,0.0,0.0,-1.5707964,0.0
1970-01-01 00:00:00.162317380,0.16231738,0.0,0.0,0.0,0.0,0.0,246.42937,0.0,0.0,-1.5707964,0.0
1970-01-01 00:00:00.162394310,0.16239431,0.0,92.68354,0.0,0.0,0.0,0.0,0.0,0.0,-1.5707964,0.0
1970-01-01 00:00:00.162395542,0.162395542,0.0,0.0,0.0,305.40393,0.0,0.0,0.0,0.0,-1.5707964,0.0
1970-01-01 00:00:00.162452168,0.162452168,0.0,97.316414,0.0,0.0,0.0,0.0,0.0,0.0,-1.5707964,0.0
1970-01-01 00:00:00.162469206,0.162469206,0.0,0.0,318.1019,0.0,0.0,0.0,0.0,0.0,-1.5707964,0.0
1970-01-01 00:00:00.162472035,0.162472035,0.0,0.0,0.0,1160.8151,0.0,0.0,0.0,0.0,-1.5707964,0.0
1970-01-01 00:00:00.162512618,0.162512618,0.0,100.574104,0.0,0.0,0.0,0.0,0.0,0.0,-1.5707964,0.0
1970-01-01 00:00:00.162529734,0.162529734,0.0,0.0,0.0,218.54364,0.0,0.0,0.0,0.0,-1.5707964,0.0
1970-01-01 00:00:00.162640412,0.162640412,0.0,0.0,213.20851,0.0,0.0,0.0,0.0,0.0,-1.5707964,0.0
1970-01-01 00:00:00.162664138,0.162664138,0.0,0.0,90.189285,0.0,0.0,0.0,0.0,0.0,-1.5707964,0.0
1970-01-01 00:00:00.162672124,0.162672124,0.0,0.0,0.0,190.4545,0.0,0.0,0.0,0.0,-1.5707964,0.0
1970-01-01 00:00:00.162696634,0.162696634,0.0,455.49188,0.0,0.0,0.0,0.0,0.0,0.0,-1.5707964,0.0
1970-01-01 00:00:00.162740930,0.16274093,0.0,0.0,0.0,233.0439,0.0,0.0,0.0,0.0,-1.5707964,0.0
1970-01-01 00:00:00.162755421,0.162755421,0.0,0.0,0.0,158.35562,0.0,0.0,0.0,0.0,-1.5707964,0.0
1970-01-01 00:00:00.162779321,0.162779321,0.0,0.0,0.0,0.0,0.0,143.95535,0.0,0.0,-1.5707964,0.0
1970-01-01 00:00:00.162799886,0.162799886,0.0,0.0,300.6244,0.0,0.0,0.0,0.0,0.0,-1.5707964,0.0
1970-01-01 00:00:00.162818670,0.16281867,0.0,0.0,0.0,618.2104,0.0,0.0,0.0,0.0,-1.5707964,0.0
1970-01-01 00:00:00.162877689,0.162877689,0.0,0.0,0.0,185.9966,0.0,0.0,0.0,0.0,-1.5707964,0.0
1970-01-01 00:00:00.162944427,0.162944427,0.0,124.84502,0.0,0.0,0.0,0.0,0.0,0.0,-1.5707964,0.0
1970-01-01 00:00:00.162992698,0.162992698,0.0,0.0,0.0,507.17038,0.0,0.0,0.0,0.0,-1.5707964,0.0
1970-01-01 00:00:00.163003622,0.163003622,0.0,0.0,0.0,238.29398,0.0,0.0,0.0,0.0,-1.5707964,0.0
1970-01-01 00:00:00.163031233,0.163031233,0.0,0.0,0.0,0.0,0.0,625.295,0.0,0.0,-1.5707964,0.0
1970-01-01 00:00:00.163032059,0.163032059,0.0,0.0,86.43408,0.0,0.0,0.0,0.0,0.0,-1.5707964,0.0
1970-01-01 00:00:00.163036621,0.163036621,0.0,0.0,0.0,0.0,0.0,268.64673,0.0,0.0,-1.5707964,0.0
1970-01-01 00:00:00.163045619,0.163045619,0.0,0.0,0.0,109.6591,0.0,0.0,0.0,0.0,-1.5707964,0.0
1970-01-01 00:00:00.163046022,0.163046022,0.0,184.85173,0.0,0.0,0.0,0.0,0.0,0.0,-1.5707964,0.0
1970-01-01 00:00:00.163052947,0.163052947,145.07909,0.0,0.0,0.0,0.0,0.0,0.0,0.0,-1.5707964,0.0
1970-01-01 00:00:00.163109255,0.163109255,0.0,0.0,0.0,0.0,212.9134,0.0,0.0,0.0,-1.5707964,0.0
1970-01-01 00:00:00.163111689,0.163111689,0.0,0.0,0.0,0.0,0.0,141.72166,0.0,0.0,-1.5707964,0.0
1970-01-01 00:00:00.163120025,0.163120025,104.39952,0.0,0.0,0.0,0.0,0.0,0.0,0.0,-1.5707964,0.0
1970-01-01 00:00:00.163125654,0.163125654,0.0,0.0,0.0,480.90067,0.0,0.0,0.0,0.0,-1.5707964,0.0
1970-01-01 00:00:00.163150542,0.163150542,192.20299,0.0,0.0,0.0,0.0,0.0,0.0,0.0,-1.5707964,0.0
1970-01-01 00:00:00.163223218,0.163223218,0.0,0.0,747.68634,0.0,0.0,0.0,0.0,0.0,-1.5707964,0.0
1970-01-01 00:00:00.163236859,0.163236859,100.175285,0.0,0.0,0.0,0.0,0.0,0.0,0.0,-1.5707964,0.0
1970-01-01 00:00:00.163250072,0.163250072,0.0,0.0,0.0,0.0,0.0,371.81097,0.0,0.0,-1.5707964,0.0
1970-01-01 00:00:00.163257347,0.163257347,0.0,0.0,0.0,85.116936,0.0,0.0,0.0,0.0,-1.5707964,0.0
1970-01-01 00:00:00.163279234,0.163279234,0.0,0.0,0.0,0.0,1088.9403,0.0,0.0,0.0,-1.5707964,0.0
1970-01-01 00:00:00.163385169,0.163385169,0.0,0.0,0.0,0.0,0.0,123.18735,0.0,0.0,-1.5707964,0.0
1970-01-01 00:00:00.163457391,0.163457391,0.0,0.0,0.0,364.70535,0.0,0.0,0.0,0.0,-1.5707964,0.0
1970-01-01 00:00:00.163461208,0.163461208,0.0,0.0,0.0,0.0,2640.2847,0.0,0.0,0.0,-1.5707964,0.0
1970-01-01 00:00:00.163483856,0.163483856,0.0,0.0,0.0,130.40378,0.0,0.0,0.0,0.0,-1.5707964,0.0
1970-01-01 00:00:00.163501955,0.163501955,0.0,157.24168,0.0,0.0,0.0,0.0,0.0,0.0,-1.5707964,0.0
1970-01-01 00:00:00.163501955,0.163501955,0.0,0.0,0.0,675.4463,0.0,0.0,0.0,0.0,-1.5707964,0.0
1970-01-01 00:00:00.163538486,0.163538486,0.0,1024.9426,0.0,0.0,0.0,0.0,0.0,0.0,-1.5707964,0.0
1970-01-01 00:00:00.163562918,0.163562918,263.05902,0.0,0.0,0.0,0.0,0.0,0.0,0.0,-1.5707964,0.0
1970-01-01 00:00:00.163618252,0.163618252,0.0,0.0,705.3284,0.0,0.0,0.0,0.0,0.0,-1.5707964,0.0
1970-01-01 00:00:00.163666875,0.163666875,0.0,0.0,0.0,0.0,176.24582,0.0,0.0,0.0,-1.5707964,0.0
1970-01-01 00:00:00.163696338,0.163696338,0.0,0.0,163.70798,0.0,0.0,0.0,0.0,0.0,-1.5707964,0.0
1970-01-01 00:00:00.163716601,0.163716601,0.0,166.84015,0.0,0.0,0.0,0.0,0.0,0.0,-1.5707964,0.0
1970-01-01 00:00:00.163716618,0.163716618,0.0,0.0,0.0,2347.605,0.0,0.0,0.0,0.0,-1.5707964,0.0
1970-01-01 00:00:00.163750785,0.163750785,0.0,0.0,104.73013,0.0,0.0,0.0,0.0,0.0,-1.5707964,0.0
1970-01-01 00:00:00.163775798,0.163775798,0.0,0.0,0.0,270.18787,0.0,0.0,0.0,0.0,-1.5707964,0.0
1970-01-01 00:00:00.163798324,0.163798324,0.0,0.0,0.0,0.0,362.60822,0.0,0.0,0.0,-1.5707964,0.0
1970-01-01 00:00:00.163804065,0.163804065,0.0,0.0,189.7571,0.0,0.0,0.0,0.0,0.0,-1.5707964,0.0
1970-01-01 00:00:00.163853240,0.16385324,0.0,0.0,0.0,0.0,0.0,606.9476,0.0,0.0,-1.5707964,0.0
1970-01-01 00:00:00.163935057,0.163935057,0.0,0.0,0.0,0.0,0.0,817.52155,0.0,0.0,-1.5707964,0.0
1970-01-01 00:00:00.164007093,0.164007093,0.0,0.0,0.0,0.0,262.3688,0.0,0.0,0.0,-1.5707964,0.0
1970-01-01 00:00:00.164010037,0.164010037,0.0,0.0,0.0,152.01582,0.0,0.0,0.0,0.0,-1.5707964,0.0
1970-01-01 00:00:00.164044150,0.16404415,0.0,0.0,0.0,277.63647,0.0,0.0,0.0,0.0,-1.5707964,0.0
1970-01-01 00:00:00.164056713,0.164056713,0.0,0.0,0.0,203.73903,0.0,0.0,0.0,0.0,-1.5707964,0.0
1970-01-01 00:00:00.164091746,0.164091746,0.0,0.0,0.0,0.0,0.0,119.48257,0.0,0.0,-1.5707964,0.0
1970-01-01 00:00:00.164140048,0.164140048,0.0,0.0,116.75798,0.0,0.0,0.0,0.0,0.0,-1.5707964,0.0
1970-01-01 00:00:00.164150534,0.164150534,0.0,0.0,0.0,149.08713,0.0,0.0,0.0,0.0,-1.5707964,0.0
1970-01-01 00:00:00.164170753,0.164170753,0.0,0.0,200.4476,0.0,0.0,0.0,0.0,0.0,-1.5707964,0.0
1970-01-01 00:00:00.164187535,0.164187535,0.0,0.0,0.0,0.0,152.355,0.0,0.0,0.0,-1.5707964,0.0
1970-01-01 00:00:00.164194778,0.164194778,0.0,0.0,0.0,0.0,0.0,108.43653,0.0,0.0,-1.5707964,0.0
1970-01-01 00:00:00.164198679,0.164198679,0.0,0.0,0.0,0.0,0.0,109.60806,0.0,0.0,-1.5707964,0.0
1970-01-01 00:00:00.164241193,0.164241193,0.0,0.0,0.0,834.2027,0.0,0.0,0.0,0.0,-1.5707964,0.0
1970-01-01 00:00:00.164326210,0.16432621,0.0,0.0,0.0,148.23608,0.0,0.0,0.0,0.0,-1.5707964,0.0
1970-01-01 00:00:00.164355084,0.164355084,0.0,0.0,0.0,0.0,0.0,80.72756,0.0,0.0,-1.5707964,0.0
1970-01-01 00:00:00.164392043,0.164392043,0.0,0.0,0.0,439.82867,0.0,0.0,0.0,0.0,-1.5707964,0.0
1970-01-01 00:00:00.164427051,0.164427051,0.0,0.0,0.0,105.186554,0.0,0.0,0.0,0.0,-1.5707964,0.0
1970-01-01 00:00:00.164474805,0.164474805,0.0,0.0,413.5508,0.0,0.0,0.0,0.0,0.0,-1.5707964,0.0
1970-01-01 00:00:00.164500467,0.164500467,0.0,0.0,204.02766,0.0,0.0,0.0,0.0,0.0,-1.5707964,0.0
1970-01-01 00:00:00.164505016,0.164505016,0.0,0.0,0.0,0.0,0.0,80.09919,0.0,0.0,-1.5707964,0.0
1970-01-01 00:00:00.164576815,0.164576815,0.0,0.0,474.2703,0.0,0.0,0.0,0.0,0.0,-1.5707964,0.0
1970-01-01 00:00:00.164640675,0.164640675,0.0,0.0,0.0,653.85944,0.0,0.0,0.0,0.0,-1.5707964,0.0
1970-01-01 00:00:00.164712384,0.164712384,0.0,404.33597,0.0,0.0,0.0,0.0,0.0,0.0,-1.5707964,0.0
1970-01-01 00:00:00.164712858,0.164712858,0.0,0.0,0.0,0.0,0.0,1630.247,0.0,0.0,-1.5707964,0.0
1970-01-01 00:00:00.164786979,0.164786979,0.0,0.0,0.0,0.0,0.0,100.748726,0.0,0.0,-1.5707964,0.0
1970-01-01 00:00:00.164794093,0.164794093,0.0,0.0,0.0,0.0,240.28224,0.0,0.0,0.0,-1.5707964,0.0
1970-01-01 00:00:00.164813318,0.164813318,0.0,0.0,0.0,612.4444,0.0,0.0,0.0,0.0,-1.5707964,0.0
1970-01-01 00:00:00.164827601,0.164827601,0.0,0.0,0.0,334.28387,0.0,0.0,0.0,0.0,-1.5707964,0.0
1970-01-01 00:00:00.164829023,0.164829023,0.0,0.0,0.0,0.0,395.02972,0.0,0.0,0.0,-1.5707964,0.0
1970-01-01 00:00:00.164850479,0.164850479,0.0,0.0,0.0,321.09827,0.0,0.0,0.0,0.0,-1.5707964,0.0
1970-01-01 00:00:00.164868774,0.164868774,0.0,0.0,0.0,227.92903,0.0,0.0,0.0,0.0,-1.5707964,0.0
1970-01-01 00:00:00.164891609,0.164891609,0.0,0.0,0.0,182.56345,0.0,0.0,0.0,0.0,-1.5707964,0.0
1970-01-01 00:00:00.164894925,0.164894925,0.0,0.0,0.0,144.07108,0.0,0.0,0.0,0.0,-1.5707964,0.0
1970-01-01 00:00:00.164898588,0.164898588,0.0,0.0,0.0,114.385925,0.0,0.0,0.0,0.0,-1.5707964,0.0
1970-01-01 00:00:00.164909553,0.164909553,0.0,281.277,0.0,0.0,0.0,0.0,0.0,0.0,-1.5707964,0.0
1970-01-01 00:00:00.164984888,0.164984888,0.0,0.0,0.0,0.0,567.8995,0.0,0.0,0.0,-1.5707964,0.0
1970-01-01 00:00:00.165045998,0.165045998,0.0,0.0,0.0,0.0,0.0,922.4239,0.0,0.0,-1.5707964,0.0
1970-01-01 00:00:00.165047686,0.165047686,0.0,0.0,0.0,0.0,603.80475,0.0,0.0,0.0,-1.5707964,0.0
1970-01-01 00:00:00.165115494,0.165115494,428.4287,0.0,0.0,0.0,0.0,0.0,0.0,0.0,-1.5707964,0.0
1970-01-01 00:00:00.165124708,0.165124708,0.0,0.0,0.0,111.040764,0.0,0.0,0.0,0.0,-1.5707964,0.0
1970-01-01 00:00:00.165125354,0.165125354,0.0,0.0,0.0,0.0,0.0,136.0134,0.0,0.0,-1.5707964,0.0
1970-01-01 00:00:00.165220787,0.165220787,0.0,0.0,177.21297,0.0,0.0,0.0,0.0,0.0,-1.5707964,0.0
1970-01-01 00:00:00.165239361,0.165239361,0.0,0.0,0.0,0.0,103.931915,0.0,0.0,0.0,-1.5707964,0.0
1970-01-01 00:00:00.165258484,0.165258484,0.0,0.0,0.0,0.0,232.50531,0.0,0.0,0.0,-1.5707964,0.0
1970-01-01 00:00:00.165271420,0.16527142,0.0,0.0,0.0,0.0,0.0,264.5003,0.0,0.0,-1.5707964,0.0
1970-01-01 00:00:00.165317745,0.165317745,230.69266,0.0,0.0,0.0,0.0,0.0,0.0,0.0,-1.5707964,0.0
1970-01-01 00:00:00.165332501,0.165332501,0.0,0.0,0.0,202.66566,0.0,0.0,0.0,0.0,-1.5707964,0.0
1970-01-01 00:00:00.165380555,0.165380555,0.0,0.0,0.0,0.0,0.0,497.14923,0.0,0.0,-1.5707964,0.0
1970-01-01 00:00:00.165524581,0.165524581,0.0,0.0,0.0,0.0,0.0,124.084404,0.0,0.0,-1.5707964,0.0
1970-01-01 00:00:00.165529517,0.165529517,0.0,0.0,0.0,294.08594,0.0,0.0,0.0,0.0,-1.5707964,0.0
1970-01-01 00:00:00.165532796,0.165532796,0.0,0.0,0.0,0.0,0.0,133.17151,0.0,0.0,-1.5707964,0.0
1970-01-01 00:00:00.165566258,0.165566258,0.0,140.2622,0.0,0.0,0.0,0.0,0.0,0.0,-1.5707964,0.0
1970-01-01 00:00:00.165612164,0.165612164,0.0,0.0,0.0,0.0,0.0,570.1197,0.0,0.0,-1.5707964,0.0
1970-01-01 00:00:00.165623406,0.165623406,0.0,0.0,0.0,132.49893,0.0,0.0,0.0,0.0,-1.5707964,0.0
1970-01-01 00:00:00.165654043,0.165654043,242.31197,0.0,0.0,0.0,0.0,0.0,0.0,0.0,-1.5707964,0.0
1970-01-01 00:00:00.165672405,0.165672405,0.0,0.0,0.0,802.50244,0.0,0.0,0.0,0.0,-1.5707964,0.0
1970-01-01 00:00:00.165718161,0.165718161,0.0,0.0,1095.3535,0.0,0.0,0.0,0.0,0.0,-1.5707964,0.0
1970-01-01 00:00:00.165722173,0.165722173,0.0,0.0,399.5347,0.0,0.0,0.0,0.0,0.0,-1.5707964,0.0
1970-01-01 00:00:00.165742356,0.165742356,0.0,0.0,245.319,0.0,0.0,0.0,0.0,0.0,-1.5707964,0.0
1970-01-01 00:00:00.165762301,0.165762301,0.0,0.0,0.0,0.0,277.9621,0.0,0.0,0.0,-1.5707964,0.0
1970-01-01 00:00:00.165783544,0.165783544,0.0,0.0,0.0,0.0,0.0,990.6273,0.0,0.0,-1.5707964,0.0
1970-01-01 00:00:00.165802246,0.165802246,0.0,0.0,0.0,633.7782,0.0,0.0,0.0,0.0,-1.5707964,0.0
1970-01-01 00:00:00.165804189,0.165804189,0.0,0.0,0.0,321.432,0.0,0.0,0.0,0.0,-1.5707964,0.0
1970-01-01 00:00:00.165853483,0.165853483,0.0,0.0,428.25244,0.0,0.0,0.0,0.0,0.0,-1.5707964,0.0
1970-01-01 00:00:00.165854301,0.165854301,0.0,82.16338,0.0,0.0,0.0,0.0,0.0,0.0,-1.5707964,0.0
1970-01-01 00:00:00.165860349,0.165860349,0.0,96.18309,0.0,0.0,0.0,0.0,0.0,0.0,-1.5707964,0.0
1970-01-01 00:00:00.165888072,0.165888072,0.0,0.0,0.0,349.38684,0.0,0.0,0.0,0.0,-1.5707964,0.0
1970-01-01 00:00:00.165898526,0.165898526,0.0,0.0,0.0,1359.2769,0.0,0.0,0.0,0.0,-1.5707964,0.0
1970-01-01 00:00:00.165902318,0.165902318,0.0,0.0,1743.8624,0.0,0.0,0.0,0.0,0.0,-1.5707964,0.0
1970-01-01 00:00:00.165938663,0.165938663,0.0,0.0,0.0,0.0,0.0,207.59294,0.0,0.0,-1.5707964,0.0
1970-01-01 00:00:00.165940224,0.165940224,0.0,0.0,0.0,0.0,0.0,168.88907,0.0,0.0,-1.5707964,0.0
1970-01-01 00:00:00.165949609,0.165949609,0.0,0.0,634.2536,0.0,0.0,0.0,0.0,0.0,-1.5707964,0.0
1970-01-01 00:00:00.165974917,0.165974917,0.0,0.0,0.0,435.16727,0.0,0.0,0.0,0.0,-1.5707964,0.0
1970-01-01 00:00:00.166209958,0.166209958,0.0,0.0,0.0,630.7846,0.0,0.0,0.0,0.0,-1.5707964,0.0
1970-01-01 00:00:00.166312371,0.166312371,0.0,0.0,0.0,100.02049,0.0,0.0,0.0,0.0,-1.5707964,0.0
1970-01-01 00:00:00.166380418,0.166380418,0.0,0.0,0.0,94.69448,0.0,0.0,0.0,0.0,-1.5707964,0.0
1970-01-01 00:00:00.166380822,0.166380822,0.0,0.0,0.0,0.0,147.23265,0.0,0.0,0.0,-1.5707964,0.0
1970-01-01 00:00:00.166464341,0.166464341,0.0,0.0,0.0,160.86223,0.0,0.0,0.0,0.0,-1.5707964,0.0
1970-01-01 00:00:00.166535955,0.166535955,0.0,0.0,0.0,542.6826,0.0,0.0,0.0,0.0,-1.5707964,0.0
1970-01-01 00:00:00.166556412,0.166556412,0.0,0.0,0.0,138.10681,0.0,0.0,0.0,0.0,-1.5707964,0.0
1970-01-01 00:00:00.166566955,0.166566955,0.0,0.0,0.0,999.5132,0.0,0.0,0.0,0.0,-1.5707964,0.0
1970-01-01 00:00:00.166575941,0.166575941,0.0,0.0,0.0,238.62704,0.0,0.0,0.0,0.0,-1.5707964,0.0
1970-01-01 00:00:00.166637323,0.166637323,0.0,0.0,364.66028,0.0,0.0,0.0,0.0,0.0,-1.5707964,0.0
1970-01-01 00:00:00.166688728,0.166688728,0.0,0.0,0.0,0.0,521.4995,0.0,0.0,0.0,-1.5707964,0.0
1970-01-01 00:00:00.166697983,0.166697983,0.0,0.0,0.0,195.24707,0.0,0.0,0.0,0.0,-1.5707964,0.0
1970-01-01 00:00:00.166704183,0.166704183,0.0,0.0,0.0,144.58586,0.0,0.0,0.0,0.0,-1.5707964,0.0
1970-01-01 00:00:00.166714679,0.166714679,0.0,0.0,185.54028,0.0,0.0,0.0,0.0,0.0,-1.5707964,0.0
1970-01-01 00:00:00.166729628,0.166729628,0.0,0.0,0.0,268.60846,0.0,0.0,0.0,0.0,-1.5707964,0.0
1970-01-01 00:00:00.166753217,0.166753217,0.0,0.0,0.0,0.0,0.0,175.77434,0.0,0.0,-1.5707964,0.0
1970-01-01 00:00:00.166753406,0.166753406,0.0,0.0,0.0,0.0,0.0,253.59056,0.0,0.0,-1.5707964,0.0
1970-01-01 00:00:00.166819141,0.166819141,0.0,337.47598,0.0,0.0,0.0,0.0,0.0,0.0,-1.5707964,0.0
1970-01-01 00:00:00.166871839,0.166871839,0.0,0.0,0.0,0.0,0.0,487.33255,0.0,0.0,-1.5707964,0.0
1970-01-01 00:00:00.166874801,0.166874801,0.0,0.0,0.0,103.769066,0.0,0.0,0.0,0.0,-1.5707964,0.0
1970-01-01 00:00:00.166878207,0.166878207,0.0,0.0,0.0,405.18802,0.0,0.0,0.0,0.0,-1.5707964,0.0
1970-01-01 00:00:00.166894432,0.166894432,0.0,0.0,313.10733,0.0,0.0,0.0,0.0,0.0,-1.5707964,0.0
1970-01-01 00:00:00.166923058,0.166923058,0.0,0.0,0.0,0.0,377.2266,0.0,0.0,0.0,-1.5707964,0.0
1970-01-01 00:00:00.166934803,0.166934803,0.0,0.0,596.793,0.0,0.0,0.0,0.0,0.0,-1.5707964,0.0
1970-01-01 00:00:00.166938839,0.166938839,0.0,0.0,240.2307,0.0,0.0,0.0,0.0,0.0,-1.5707964,0.0
1970-01-01 00:00:00.166996393,0.166996393,0.0,0.0,227.77266,0.0,0.0,0.0,0.0,0.0,-1.5707964,0.0
1970-01-01 00:00:00.167027856,0.167027856,0.0,0.0,0.0,0.0,0.0,1023.27106,0.0,0.0,-1.5707964,0.0
1970-01-01 00:00:00.167037647,0.167037647,0.0,0.0,559.3493,0.0,0.0,0.0,0.0,0.0,-1.5707964,0.0
1970-01-01 00:00:00.167042647,0.167042647,0.0,0.0,84.6973,0.0,0.0,0.0,0.0,0.0,-1.5707964,0.0
1970-01-01 00:00:00.167062699,0.167062699,0.0,0.0,0.0,0.0,0.0,398.41776,0.0,0.0,-1.5707964,0.0
1970-01-01 00:00:00.167084457,0.167084457,0.0,0.0,114.64883,0.0,0.0,0.0,0.0,0.0,-1.5707964,0.0
1970-01-01 00:00:00.167098358,0.167098358,0.0,0.0,147.36476,0.0,0.0,0.0,0.0,0.0,-1.5707964,0.0
1970-01-01 00:00:00.167109457,0.167109457,0.0,0.0,0.0,371.4279,0.0,0.0,0.0,0.0,-1.5707964,0.0
1970-01-01 00:00:00.167130996,0.167130996,0.0,0.0,0.0,933.4108,0.0,0.0,0.0,0.0,-1.5707964,0.0
1970-01-01 00:00:00.167183717,0.167183717,0.0,522.8467,0.0,0.0,0.0,0.0,0.0,0.0,-1.5707964,0.0
1970-01-01 00:00:00.167217703,0.167217703,0.0,0.0,0.0,260.12152,0.0,0.0,0.0,0.0,-1.5707964,0.0
1970-01-01 00:00:00.167219837,0.167219837,0.0,0.0,0.0,139.83167,0.0,0.0,0.0,0.0,-1.5707964,0.0
1970-01-01 00:00:00.167225861,0.167225861,0.0,0.0,0.0,261.99948,0.0,0.0,0.0,0.0,-1.5707964,0.0
1970-01-01 00:00:00.167227654,0.167227654,0.0,0.0,0.0,0.0,0.0,503.95184,0.0,0.0,-1.5707964,0.0
1970-01-01 00:00:00.167280904,0.167280904,0.0,0.0,0.0,0.0,0.0,156.41371,0.0,0.0,-1.5707964,0.0
1970-01-01 00:00:00.167360152,0.167360152,0.0,158.34262,0.0,0.0,0.0,0.0,0.0,0.0,-1.5707964,0.0
1970-01-01 00:00:00.167419613,0.167419613,0.0,0.0,0.0,182.91083,0.0,0.0,0.0,0.0,-1.5707964,0.0
1970-01-01 00:00:00.167439710,0.16743971,0.0,0.0,0.0,536.67096,0.0,0.0,0.0,0.0,-1.5707964,0.0
1970-01-01 00:00:00.167633674,0.167633674,0.0,0.0,0.0,94.98444,0.0,0.0,0.0,0.0,-1.5707964,0.0
1970-01-01 00:00:00.167656751,0.167656751,168.87102,0.0,0.0,0.0,0.0,0.0,0.0,0.0,-1.5707964,0.0
1970-01-01 00:00:00.167660925,0.167660925,0.0,0.0,0.0,0.0,335.7178,0.0,0.0,0.0,-1.5707964,0.0
1970-01-01 00:00:00.167720667,0.167720667,0.0,0.0,0.0,171.62344,0.0,0.0,0.0,0.0,-1.5707964,0.0
1970-01-01 00:00:00.167723529,0.167723529,0.0,0.0,0.0,590.6192,0.0,0.0,0.0,0.0,-1.5707964,0.0
1970-01-01 00:00:00.167779532,0.167779532,0.0,0.0,0.0,0.0,0.0,2075.5269,0.0,0.0,-1.5707964,0.0
1970-01-01 00:00:00.167832023,0.167832023,0.0,0.0,0.0,241.19064,0.0,0.0,0.0,0.0,-1.5707964,0.0
1970-01-01 00:00:00.167862090,0.16786209,587.06995,0.0,0.0,0.0,0.0,0.0,0.0,0.0,-1.5707964,0.0
1970-01-01 00:00:00.167874187,0.167874187,687.16907,0.0,0.0,0.0,0.0,0.0,0.0,0.0,-1.5707964,0.0
1970-01-01 00:00:00.167895323,0.167895323,150.11694,0.0,0.0,0.0,0.0,0.0,0.0,0.0,-1.5707964,0.0
1970-01-01 00:00:00.167914742,0.167914742,0.0,0.0,0.0,315.6953,0.0,0.0,0.0,0.0,-1.5707964,0.0
1970-01-01 00:00:00.167960422,0.167960422,0.0,0.0,0.0,0.0,0.0,272.5136,0.0,0.0,-1.5707964,0.0
1970-01-01 00:00:00.167966497,0.167966497,0.0,0.0,0.0,246.35764,0.0,0.0,0.0,0.0,-1.5707964,0.0
1970-01-01 00:00:00.168034883,0.168034883,0.0,368.61224,0.0,0.0,0.0,0.0,0.0,0.0,-1.5707964,0.0
1970-01-01 00:00:00.168056828,0.168056828,0.0,0.0,234.06052,0.0,0.0,0.0,0.0,0.0,-1.5707964,0.0
1970-01-01 00:00:00.168067960,0.16806796,0.0,0.0,0.0,242.71928,0.0,0.0,0.0,0.0,-1.5707964,0.0
1970-01-01 00:00:00.168153035,0.168153035,0.0,0.0,0.0,190.60004,0.0,0.0,0.0,0.0,-1.5707964,0.0
1970-01-01 00:00:00.168161438,0.168161438,0.0,0.0,0.0,96.33484,0.0,0.0,0.0,0.0,-1.5707964,0.0
1970-01-01 00:00:00.168187212,0.168187212,0.0,0.0,0.0,201.1088,0.0,0.0,0.0,0.0,-1.5707964,0.0
1970-01-01 00:00:00.168218104,0.168218104,0.0,0.0,0.0,0.0,0.0,647.78766,0.0,0.0,-1.5707964,0.0
1970-01-01 00:00:00.168282481,0.168282481,0.0,0.0,0.0,483.12433,0.0,0.0,0.0,0.0,-1.5707964,0.0
1970-01-01 00:00:00.168291034,0.168291034,0.0,0.0,0.0,267.85126,0.0,0.0,0.0,0.0,-1.5707964,0.0
1970-01-01 00:00:00.168322693,0.168322693,0.0,0.0,271.37823,0.0,0.0,0.0,0.0,0.0,-1.5707964,0.0
1970-01-01 00:00:00.168335335,0.168335335,0.0,0.0,0.0,0.0,89.708405,0.0,0.0,0.0,-1.5707964,0.0
1970-01-01 00:00:00.168354524,0.168354524,0.0,0.0,0.0,0.0,206.71439,0.0,0.0,0.0,-1.5707964,0.0
1970-01-01 00:00:00.168403984,0.168403984,0.0,0.0,0.0,120.3173,0.0,0.0,0.0,0.0,-1.5707964,0.0
1970-01-01 00:00:00.168424668,0.168424668,0.0,0.0,0.0,0.0,0.0,106.09619,0.0,0.0,-1.5707964,0.0
1970-01-01 00:00:00.168451353,0.168451353,0.0,0.0,0.0,0.0,0.0,321.61914,0.0,0.0,-1.5707964,0.0
1970-01-01 00:00:00.168470452,0.168470452,0.0,0.0,0.0,0.0,0.0,373.84592,0.0,0.0,-1.5707964,0.0
1970-01-01 00:00:00.168491410,0.16849141,0.0,0.0,270.2001,0.0,0.0,0.0,0.0,0.0,-1.5707964,0.0
1970-01-01 00:00:00.168603906,0.168603906,0.0,0.0,0.0,0.0,0.0,433.81885,0.0,0.0,-1.5707964,0.0
1970-01-01 00:00:00.168610302,0.168610302,0.0,208.52875,0.0,0.0,0.0,0.0,0.0,0.0,-1.5707964,0.0
1970-01-01 00:00:00.168645144,0.168645144,0.0,0.0,0.0,93.11536,0.0,0.0,0.0,0.0,-1.5707964,0.0
1970-01-01 00:00:00.168647529,0.168647529,0.0,0.0,145.5559,0.0,0.0,0.0,0.0,0.0,-1.5707964,0.0
1970-01-01 00:00:00.168654281,0.168654281,0.0,0.0,0.0,0.0,0.0,239.50932,0.0,0.0,-1.5707964,0.0
1970-01-01 00:00:00.168660453,0.168660453,0.0,0.0,0.0,226.85728,0.0,0.0,0.0,0.0,-1.5707964,0.0
1970-01-01 00:00:00.168676887,0.168676887,0.0,0.0,0.0,0.0,0.0,305.40964,0.0,0.0,-1.5707964,0.0
1970-01-01 00:00:00.168681688,0.168681688,0.0,0.0,500.65268,0.0,0.0,0.0,0.0,0.0,-1.5707964,0.0
1970-01-01 00:00:00.168698158,0.168698158,0.0,0.0,0.0,341.78085,0.0,0.0,0.0,0.0,-1.5707964,0.0
1970-01-01 00:00:00.168703587,0.168703587,0.0,0.0,0.0,184.17712,0.0,0.0,0.0,0.0,-1.5707964,0.0
1970-01-01 00:00:00.168710816,0.168710816,0.0,0.0,498.19772,0.0,0.0,0.0,0.0,0.0,-1.5707964,0.0
1970-01-01 00:00:00.168772377,0.168772377,0.0,310.1837,0.0,0.0,0.0,0.0,0.0,0.0,-1.5707964,0.0
1970-01-01 00:00:00.168795542,0.168795542,0.0,0.0,0.0,377.08646,0.0,0.0,0.0,0.0,-1.5707964,0.0
1970-01-01 00:00:00.168822209,0.168822209,0.0,0.0,0.0,481.47916,0.0,0.0,0.0,0.0,-1.5707964,0.0
1970-01-01 00:00:00.168845598,0.168845598,0.0,0.0,0.0,146.46771,0.0,0.0,0.0,0.0,-1.5707964,0.0
1970-01-01 00:00:00.168914660,0.16891466,0.0,0.0,0.0,90.18546,0.0,0.0,0.0,0.0,-1.5707964,0.0
1970-01-01 00:00:00.168932481,0.168932481,131.11665,0.0,0.0,0.0,0.0,0.0,0.0,0.0,-1.5707964,0.0
1970-01-01 00:00:00.168939895,0.168939895,0.0,0.0,0.0,326.52023,0.0,0.0,0.0,0.0,-1.5707964,0.0
1970-01-01 00:00:00.169063240,0.16906324,0.0,0.0,0.0,0.0,0.0,200.34842,0.0,0.0,-1.5707964,0.0
1970-01-01 00:00:00.169084398,0.169084398,0.0,0.0,0.0,111.83401,0.0,0.0,0.0,0.0,-1.5707964,0.0
1970-01-01 00:00:00.169123421,0.169123421,0.0,0.0,0.0,151.00856,0.0,0.0,0.0,0.0,-1.5707964,0.0
1970-01-01 00:00:00.169162102,0.169162102,0.0,0.0,383.88806,0.0,0.0,0.0,0.0,0.0,-1.5707964,0.0
1970-01-01 00:00:00.169187965,0.169187965,0.0,0.0,0.0,329.82892,0.0,0.0,0.0,0.0,-1.5707964,0.0
1970-01-01 00:00:00.169197694,0.169197694,0.0,0.0,239.21434,0.0,0.0,0.0,0.0,0.0,-1.5707964,0.0
1970-01-01 00:00:00.169201816,0.169201816,0.0,0.0,0.0,0.0,1200.0686,0.0,0.0,0.0,-1.5707964,0.0
1970-01-01 00:00:00.169261880,0.16926188,0.0,0.0,433.0707,0.0,0.0,0.0,0.0,0.0,-1.5707964,0.0
1970-01-01 00:00:00.169292966,0.169292966,0.0,0.0,0.0,1329.4608,0.0,0.0,0.0,0.0,-1.5707964,0.0
1970-01-01 00:00:00.169341002,0.169341002,0.0,0.0,0.0,246.69244,0.0,0.0,0.0,0.0,-1.5707964,0.0
1970-01-01 00:00:00.169433042,0.169433042,0.0,0.0,0.0,1194.016,0.0,0.0,0.0,0.0,-1.5707964,0.0
1970-01-01 00:00:00.169441988,0.169441988,0.0,0.0,0.0,326.91437,0.0,0.0,0.0,0.0,-1.5707964,0.0
1970-01-01 00:00:00.169445247,0.169445247,0.0,0.0,0.0,460.79785,0.0,0.0,0.0,0.0,-1.5707964,0.0
1970-01-01 00:00:00.169542069,0.169542069,0.0,0.0,0.0,117.27728,0.0,0.0,0.0,0.0,-1.5707964,0.0
1970-01-01 00:00:00.169544990,0.16954499,0.0,0.0,0.0,139.08731,0.0,0.0,0.0,0.0,-1.5707964,0.0
1970-01-01 00:00:00.169586439,0.169586439,0.0,0.0,0.0,205.10626,0.0,0.0,0.0,0.0,-1.5707964,0.0
1970-01-01 00:00:00.169625810,0.16962581,0.0,0.0,0.0,268.06003,0.0,0.0,0.0,0.0,-1.5707964,0.0
1970-01-01 00:00:00.169667134,0.169667134,0.0,0.0,0.0,251.50288,0.0,0.0,0.0,0.0,-1.5707964,0.0
1970-01-01 00:00:00.169720968,0.169720968,0.0,0.0,0.0,936.8974,0.0,0.0,0.0,0.0,-1.5707964,0.0
1970-01-01 00:00:00.169739361,0.169739361,0.0,0.0,0.0,178.97043,0.0,0.0,0.0,0.0,-1.5707964,0.0
1970-01-01 00:00:00.169740522,0.169740522,0.0,0.0,118.73027,0.0,0.0,0.0,0.0,0.0,-1.5707964,0.0
1970-01-01 00:00:00.169855378,0.169855378,0.0,0.0,0.0,0.0,0.0,384.56314,0.0,0.0,-1.5707964,0.0
1970-01-01 00:00:00.169876934,0.169876934,0.0,0.0,0.0,281.45935,0.0,0.0,0.0,0.0,-1.5707964,0.0
1970-01-01 00:00:00.169932567,0.169932567,0.0,0.0,0.0,80.57849,0.0,0.0,0.0,0.0,-1.5707964,0.0
1970-01-01 00:00:00.169934525,0.169934525,0.0,0.0,510.84015,0.0,0.0,0.0,0.0,0.0,-1.5707964,0.0
1970-01-01 00:00:00.170090297,0.170090297,0.0,168.83835,0.0,0.0,0.0,0.0,0.0,0.0,-1.5707964,0.0
1970-01-01 00:00:00.170103125,0.170103125,0.0,0.0,439.76947,0.0,0.0,0.0,0.0,0.0,-1.5707964,0.0
1970-01-01 00:00:00.170121070,0.17012107,0.0,0.0,439.206,0.0,0.0,0.0,0.0,0.0,-1.5707964,0.0
1970-01-01 00:00:00.170231032,0.170231032,0.0,0.0,0.0,0.0,278.0501,0.0,0.0,0.0,-1.5707964,0.0
1970-01-01 00:00:00.170325808,0.170325808,0.0,0.0,0.0,164.44725,0.0,0.0,0.0,0.0,-1.5707964,0.0
1970-01-01 00:00:00.170422370,0.17042237,0.0,0.0,0.0,617.71155,0.0,0.0,0.0,0.0,-1.5707964,0.0
1970-01-01 00:00:00.170426660,0.17042666,0.0,0.0,0.0,86.94739,0.0,0.0,0.0,0.0,-1.5707964,0.0
1970-01-01 00:00:00.170430361,0.170430361,0.0,0.0,0.0,0.0,0.0,296.40167,0.0,0.0,-1.5707964,0.0
1970-01-01 00:00:00.170434554,0.170434554,0.0,0.0,0.0,0.0,0.0,259.93542,0.0,0.0,-1.5707964,0.0
1970-01-01 00:00:00.170446979,0.170446979,0.0,176.75702,0.0,0.0,0.0,0.0,0.0,0.0,-1.5707964,0.0
1970-01-01 00:00:00.170462952,0.170462952,0.0,0.0,0.0,0.0,0.0,198.01648,0.0,0.0,-1.5707964,0.0
1970-01-01 00:00:00.170479511,0.170479511,0.0,421.19812,0.0,0.0,0.0,0.0,0.0,0.0,-1.5707964,0.0
1970-01-01 00:00:00.170479511,0.170479511,0.0,0.0,0.0,661.3325,0.0,0.0,0.0,0.0,-1.5707964,0.0
1970-01-01 00:00:00.170509401,0.170509401,0.0,0.0,0.0,1689.9807,0.0,0.0,0.0,0.0,-1.5707964,0.0
1970-01-01 00:00:00.170615134,0.170615134,0.0,0.0,0.0,0.0,0.0,571.1964,0.0,0.0,-1.5707964,0.0
1970-01-01 00:00:00.170648716,0.170648716,0.0,0.0,0.0,343.70987,0.0,0.0,0.0,0.0,-1.5707964,0.0
1970-01-01 00:00:00.170741605,0.170741605,140.30992,0.0,0.0,0.0,0.0,0.0,0.0,0.0,-1.5707964,0.0
1970-01-01 00:00:00.170742738,0.170742738,0.0,0.0,264.1648,0.0,0.0,0.0,0.0,0.0,-1.5707964,0.0
1970-01-01 00:00:00.170861499,0.170861499,0.0,125.660225,0.0,0.0,0.0,0.0,0.0,0.0,-1.5707964,0.0
1970-01-01 00:00:00.170943484,0.170943484,0.0,0.0,0.0,333.87097,0.0,0.0,0.0,0.0,-1.5707964,0.0
1970-01-01 00:00:00.170994303,0.170994303,0.0,0.0,0.0,127.24997,0.0,0.0,0.0,0.0,-1.5707964,0.0
1970-01-01 00:00:00.171032661,0.171032661,0.0,0.0,1240.1609,0.0,0.0,0.0,0.0,0.0,-1.5707964,0.0
1970-01-01 00:00:00.171032934,0.171032934,0.0,0.0,0.0,0.0,683.5284,0.0,0.0,0.0,-1.5707964,0.0
1970-01-01 00:00:00.171040941,0.171040941,0.0,0.0,0.0,84.83205,0.0,0.0,0.0,0.0,-1.5707964,0.0
1970-01-01 00:00:00.171074953,0.171074953,0.0,0.0,0.0,166.0052,0.0,0.0,0.0,0.0,-1.5707964,0.0
1970-01-01 00:00:00.171110953,0.171110953,0.0,0.0,0.0,221.76587,0.0,0.0,0.0,0.0,-1.5707964,0.0
1970-01-01 00:00:00.171156811,0.171156811,0.0,0.0,0.0,127.88187,0.0,0.0,0.0,0.0,-1.5707964,0.0
1970-01-01 00:00:00.171171414,0.171171414,0.0,0.0,0.0,0.0,0.0,127.74153,0.0,0.0,-1.5707964,0.0
1970-01-01 00:00:00.171175144,0.171175144,0.0,0.0,0.0,0.0,0.0,236.72466,0.0,0.0,-1.5707964,0.0
1970-01-01 00:00:00.171203652,0.171203652,0.0,0.0,0.0,0.0,95.78711,0.0,0.0,0.0,-1.5707964,0.0
1970-01-01 00:00:00.171231422,0.171231422,0.0,0.0,0.0,0.0,252.97533,0.0,0.0,0.0,-1.5707964,0.0
1970-01-01 00:00:00.171337046,0.171337046,0.0,0.0,91.643776,0.0,0.0,0.0,0.0,0.0,-1.5707964,0.0
1970-01-01 00:00:00.171440838,0.171440838,0.0,0.0,207.25594,0.0,0.0,0.0,0.0,0.0,-1.5707964,0.0
1970-01-01 00:00:00.171454277,0.171454277,0.0,0.0,0.0,289.06815,0.0,0.0,0.0,0.0,-1.5707964,0.0
1970-01-01 00:00:00.171486404,0.171486404,0.0,0.0,0.0,0.0,536.8978,0.0,0.0,0.0,-1.5707964,0.0
1970-01-01 00:00:00.171531374,0.171531374,0.0,0.0,634.9989,0.0,0.0,0.0,0.0,0.0,-1.5707964,0.0
1970-01-01 00:00:00.171636465,0.171636465,0.0,0.0,0.0,0.0,0.0,123.26061,0.0,0.0,-1.5707964,0.0
1970-01-01 00:00:00.171717469,0.171717469,0.0,0.0,136.64943,0.0,0.0,0.0,0.0,0.0,-1.5707964,0.0
1970-01-01 00:00:00.171792610,0.17179261,0.0,0.0,0.0,88.34784,0.0,0.0,0.0,0.0,-1.5707964,0.0
1970-01-01 00:00:00.171828577,0.171828577,0.0,0.0,581.8954,0.0,0.0,0.0,0.0,0.0,-1.5707964,0.0
1970-01-01 00:00:00.171874707,0.171874707,0.0,0.0,0.0,0.0,176.10922,0.0,0.0,0.0,-1.5707964,0.0
1970-01-01 00:00:00.171907896,0.171907896,0.0,244.02141,0.0,0.0,0.0,0.0,0.0,0.0,-1.5707964,0.0
1970-01-01 00:00:00.171956362,0.171956362,0.0,87.8223,0.0,0.0,0.0,0.0,0.0,0.0,-1.5707964,0.0
1970-01-01 00:00:00.171978185,0.171978185,0.0,0.0,155.12704,0.0,0.0,0.0,0.0,0.0,-1.5707964,0.0
1970-01-01 00:00:00.172160363,0.172160363,0.0,0.0,0.0,0.0,204.96143,0.0,0.0,0.0,-1.5707964,0.0
1970-01-01 00:00:00.172198194,0.172198194,0.0,0.0,0.0,0.0,0.0,946.0311,0.0,0.0,-1.5707964,0.0
1970-01-01 00:00:00.172324958,0.172324958,0.0,0.0,151.44328,0.0,0.0,0.0,0.0,0.0,-1.5707964,0.0
1970-01-01 00:00:00.172337783,0.172337783,0.0,0.0,436.1514,0.0,0.0,0.0,0.0,0.0,-1.5707964,0.0
1970-01-01 00:00:00.172383881,0.172383881,0.0,0.0,0.0,0.0,0.0,850.8402,0.0,0.0,-1.5707964,0.0
1970-01-01 00:00:00.172385926,0.172385926,0.0,0.0,0.0,0.0,0.0,318.60602,0.0,0.0,-1.5707964,0.0
1970-01-01 00:00:00.172387254,0.172387254,0.0,0.0,0.0,0.0,0.0,422.46857,0.0,0.0,-1.5707964,0.0
1970-01-01 00:00:00.172387595,0.172387595,0.0,0.0,0.0,516.0963,0.0,0.0,0.0,0.0,-1.5707964,0.0
1970-01-01 00:00:00.172406045,0.172406045,0.0,0.0,0.0,0.0,113.8108,0.0,0.0,0.0,-1.5707964,0.0
1970-01-01 00:00:00.172471999,0.172471999,0.0,0.0,0.0,128.16739,0.0,0.0,0.0,0.0,-1.5707964,0.0
1970-01-01 00:00:00.172485620,0.17248562,0.0,0.0,0.0,294.52655,0.0,0.0,0.0,0.0,-1.5707964,0.0
1970-01-01 00:00:00.172495244,0.172495244,0.0,0.0,859.2994,0.0,0.0,0.0,0.0,0.0,-1.5707964,0.0
1970-01-01 00:00:00.172522667,0.172522667,0.0,0.0,0.0,262.69812,0.0,0.0,0.0,0.0,-1.5707964,0.0
1970-01-01 00:00:00.172528375,0.172528375,0.0,0.0,180.6548,0.0,0.0,0.0,0.0,0.0,-1.5707964,0.0
1970-01-01 00:00:00.172537532,0.172537532,0.0,0.0,0.0,0.0,0.0,179.6729,0.0,0.0,-1.5707964,0.0
1970-01-01 00:00:00.172568057,0.172568057,0.0,0.0,0.0,0.0,0.0,594.9849,0.0,0.0,-1.5707964,0.0
1970-01-01 00:00:00.172573039,0.172573039,0.0,0.0,369.3945,0.0,0.0,0.0,0.0,0.0,-1.5707964,0.0
1970-01-01 00:00:00.172596032,0.172596032,0.0,0.0,1245.0499,0.0,0.0,0.0,0.0,0.0,-1.5707964,0.0
1970-01-01 00:00:00.172617049,0.172617049,0.0,0.0,0.0,901.61206,0.0,0.0,0.0,0.0,-1.5707964,0.0
1970-01-01 00:00:00.172625617,0.172625617,0.0,0.0,0.0,0.0,0.0,96.28116,0.0,0.0,-1.5707964,0.0
1970-01-01 00:00:00.172660170,0.17266017,0.0,0.0,0.0,0.0,0.0,1044.4415,0.0,0.0,-1.5707964,0.0
1970-01-01 00:00:00.172670631,0.172670631,0.0,0.0,0.0,0.0,0.0,85.5556,0.0,0.0,-1.5707964,0.0
1970-01-01 00:00:00.172698060,0.17269806,0.0,0.0,0.0,212.50826,0.0,0.0,0.0,0.0,-1.5707964,0.0
1970-01-01 00:00:00.172715933,0.172715933,0.0,0.0,0.0,0.0,0.0,122.18022,0.0,0.0,-1.5707964,0.0
1970-01-01 00:00:00.172715978,0.172715978,0.0,0.0,0.0,0.0,853.3626,0.0,0.0,0.0,-1.5707964,0.0
1970-01-01 00:00:00.172729294,0.172729294,0.0,0.0,0.0,161.96007,0.0,0.0,0.0,0.0,-1.5707964,0.0
1970-01-01 00:00:00.172817171,0.172817171,0.0,0.0,0.0,389.97748,0.0,0.0,0.0,0.0,-1.5707964,0.0
1970-01-01 00:00:00.172817383,0.172817383,0.0,0.0,0.0,0.0,0.0,126.62541,0.0,0.0,-1.5707964,0.0
1970-01-01 00:00:00.172829892,0.172829892,0.0,0.0,0.0,171.08694,0.0,0.0,0.0,0.0,-1.5707964,0.0
1970-01-01 00:00:00.172847942,0.172847942,0.0,0.0,0.0,0.0,0.0,93.05815,0.0,0.0,-1.5707964,0.0
1970-01-01 00:00:00.172924508,0.172924508,0.0,0.0,0.0,432.93445,0.0,0.0,0.0,0.0,-1.5707964,0.0
1970-01-01 00:00:00.172971877,0.172971877,0.0,0.0,113.35222,0.0,0.0,0.0,0.0,0.0,-1.5707964,0.0
1970-01-01 00:00:00.173103173,0.173103173,0.0,0.0,0.0,133.67082,0.0,0.0,0.0,0.0,-1.5707964,0.0
1970-01-01 00:00:00.173186312,0.173186312,0.0,0.0,0.0,89.06814,0.0,0.0,0.0,0.0,-1.5707964,0.0
1970-01-01 00:00:00.173186485,0.173186485,0.0,0.0,0.0,877.4525,0.0,0.0,0.0,0.0,-1.5707964,0.0
1970-01-01 00:00:00.173194229,0.173194229,0.0,0.0,0.0,0.0,0.0,297.05283,0.0,0.0,-1.5707964,0.0
1970-01-01 00:00:00.173263888,0.173263888,0.0,0.0,0.0,0.0,0.0,95.664536,0.0,0.0,-1.5707964,0.0
1970-01-01 00:00:00.173285282,0.173285282,0.0,0.0,0.0,0.0,0.0,130.11816,0.0,0.0,-1.5707964,0.0
1970-01-01 00:00:00.173294831,0.173294831,0.0,303.57983,0.0,0.0,0.0,0.0,0.0,0.0,-1.5707964,0.0
1970-01-01 00:00:00.173327210,0.17332721,0.0,0.0,0.0,1378.0656,0.0,0.0,0.0,0.0,-1.5707964,0.0
1970-01-01 00:00:00.173377733,0.173377733,0.0,0.0,0.0,522.5332,0.0,0.0,0.0,0.0,-1.5707964,0.0
1970-01-01 00:00:00.173396770,0.17339677,0.0,0.0,0.0,706.78394,0.0,0.0,0.0,0.0,-1.5707964,0.0
1970-01-01 00:00:00.173399389,0.173399389,145.67938,0.0,0.0,0.0,0.0,0.0,0.0,0.0,-1.5707964,0.0
1970-01-01 00:00:00.173406024,0.173406024,0.0,0.0,0.0,189.62692,0.0,0.0,0.0,0.0,-1.5707964,0.0
1970-01-01 00:00:00.173463562,0.173463562,0.0,0.0,319.6654,0.0,0.0,0.0,0.0,0.0,-1.5707964,0.0
1970-01-01 00:00:00.173467839,0.173467839,0.0,0.0,0.0,0.0,0.0,145.4904,0.0,0.0,-1.5707964,0.0
1970-01-01 00:00:00.173476576,0.173476576,0.0,0.0,0.0,140.07072,0.0,0.0,0.0,0.0,-1.5707964,0.0
1970-01-01 00:00:00.173510223,0.173510223,0.0,0.0,0.0,0.0,277.00894,0.0,0.0,0.0,-1.5707964,0.0
1970-01-01 00:00:00.173577273,0.173577273,0.0,0.0,0.0,127.79186,0.0,0.0,0.0,0.0,-1.5707964,0.0
1970-01-01 00:00:00.173612457,0.173612457,0.0,0.0,0.0,0.0,0.0,267.48636,0.0,0.0,-1.5707964,0.0
1970-01-01 00:00:00.173613470,0.17361347,0.0,0.0,0.0,0.0,0.0,184.59131,0.0,0.0,-1.5707964,0.0
1970-01-01 00:00:00.173626430,0.17362643,0.0,0.0,943.625,0.0,0.0,0.0,0.0,0.0,-1.5707964,0.0
1970-01-01 00:00:00.173664043,0.173664043,0.0,0.0,0.0,984.2959,0.0,0.0,0.0,0.0,-1.5707964,0.0
1970-01-01 00:00:00.173689898,0.173689898,0.0,0.0,0.0,151.18169,0.0,0.0,0.0,0.0,-1.5707964,0.0
1970-01-01 00:00:00.173734078,0.173734078,0.0,0.0,0.0,0.0,0.0,155.70886,0.0,0.0,-1.5707964,0.0
1970-01-01 00:00:00.173838440,0.17383844,0.0,0.0,601.9406,0.0,0.0,0.0,0.0,0.0,-1.5707964,0.0
1970-01-01 00:00:00.173841590,0.17384159,0.0,0.0,0.0,3662.6206,0.0,0.0,0.0,0.0,-1.5707964,0.0
1970-01-01 00:00:00.173860105,0.173860105,0.0,0.0,0.0,0.0,0.0,347.42114,0.0,0.0,-1.5707964,0.0
1970-01-01 00:00:00.173974599,0.173974599,0.0,0.0,195.18385,0.0,0.0,0.0,0.0,0.0,-1.5707964,0.0
1970-01-01 00:00:00.173984185,0.173984185,0.0,460.72803,0.0,0.0,0.0,0.0,0.0,0.0,-1.5707964,0.0
1970-01-01 00:00:00.174024848,0.174024848,0.0,0.0,0.0,0.0,0.0,183.71866,0.0,0.0,-1.5707964,0.0
1970-01-01 00:00:00.174057965,0.174057965,0.0,0.0,0.0,83.55063,0.0,0.0,0.0,0.0,-1.5707964,0.0
1970-01-01 00:00:00.174067843,0.174067843,0.0,0.0,0.0,319.49756,0.0,0.0,0.0,0.0,-1.5707964,0.0
1970-01-01 00:00:00.174140536,0.174140536,0.0,0.0,0.0,465.41455,0.0,0.0,0.0,0.0,-1.5707964,0.0
1970-01-01 00:00:00.174157367,0.174157367,0.0,801.4209,0.0,0.0,0.0,0.0,0.0,0.0,-1.5707964,0.0
1970-01-01 00:00:00.174182663,0.174182663,0.0,0.0,0.0,218.812,0.0,0.0,0.0,0.0,-1.5707964,0.0
1970-01-01 00:00:00.174186609,0.174186609,0.0,0.0,82.714905,0.0,0.0,0.0,0.0,0.0,-1.5707964,0.0
1970-01-01 00:00:00.174239556,0.174239556,0.0,549.039,0.0,0.0,0.0,0.0,0.0,0.0,-1.5707964,0.0
1970-01-01 00:00:00.174261246,0.174261246,0.0,0.0,0.0,0.0,0.0,182.18639,0.0,0.0,-1.5707964,0.0
1970-01-01 00:00:00.174304467,0.174304467,0.0,0.0,0.0,208.91055,0.0,0.0,0.0,0.0,-1.5707964,0.0
1970-01-01 00:00:00.174360301,0.174360301,0.0,0.0,0.0,273.73013,0.0,0.0,0.0,0.0,-1.5707964,0.0
1970-01-01 00:00:00.174456512,0.174456512,0.0,0.0,0.0,1041.8285,0.0,0.0,0.0,0.0,-1.5707964,0.0
1970-01-01 00:00:00.174484019,0.174484019,163.84256,0.0,0.0,0.0,0.0,0.0,0.0,0.0,-1.5707964,0.0
1970-01-01 00:00:00.174498907,0.174498907,0.0,663.6044,0.0,0.0,0.0,0.0,0.0,0.0,-1.5707964,0.0
1970-01-01 00:00:00.174539893,0.174539893,0.0,0.0,0.0,417.8845,0.0,0.0,0.0,0.0,-1.5707964,0.0
1970-01-01 00:00:00.174588693,0.174588693,0.0,0.0,0.0,0.0,0.0,239.2514,0.0,0.0,-1.5707964,0.0
1970-01-01 00:00:00.174592412,0.174592412,200.1589,0.0,0.0,0.0,0.0,0.0,0.0,0.0,-1.5707964,0.0
1970-01-01 00:00:00.174628639,0.174628639,0.0,123.73804,0.0,0.0,0.0,0.0,0.0,0.0,-1.5707964,0.0
1970-01-01 00:00:00.174672864,0.174672864,0.0,0.0,0.0,0.0,216.00642,0.0,0.0,0.0,-1.5707964,0.0
1970-01-01 00:00:00.174683644,0.174683644,0.0,0.0,0.0,0.0,98.19464,0.0,0.0,0.0,-1.5707964,0.0
1970-01-01 00:00:00.174783970,0.17478397,0.0,0.0,0.0,196.85066,0.0,0.0,0.0,0.0,-1.5707964,0.0
1970-01-01 00:00:00.174792527,0.174792527,0.0,0.0,0.0,0.0,306.83597,0.0,0.0,0.0,-1.5707964,0.0
1970-01-01 00:00:00.174833266,0.174833266,0.0,0.0,0.0,492.6256,0.0,0.0,0.0,0.0,-1.5707964,0.0
1970-01-01 00:00:00.174857653,0.174857653,0.0,0.0,0.0,312.6615,0.0,0.0,0.0,0.0,-1.5707964,0.0
1970-01-01 00:00:00.174911434,0.174911434,0.0,0.0,0.0,80.37974,0.0,0.0,0.0,0.0,-1.5707964,0.0
1970-01-01 00:00:00.174911819,0.174911819,0.0,0.0,407.51752,0.0,0.0,0.0,0.0,0.0,-1.5707964,0.0
1970-01-01 00:00:00.174916673,0.174916673,0.0,0.0,0.0,0.0,0.0,858.28467,0.0,0.0,-1.5707964,0.0
1970-01-01 00:00:00.175015625,0.175015625,0.0,0.0,0.0,593.64,0.0,0.0,0.0,0.0,-1.5707964,0.0
1970-01-01 00:00:00.175030295,0.175030295,0.0,0.0,553.73206,0.0,0.0,0.0,0.0,0.0,-1.5707964,0.0
1970-01-01 00:00:00.175069816,0.175069816,0.0,0.0,272.16617,0.0,0.0,0.0,0.0,0.0,-1.5707964,0.0
1970-01-01 00:00:00.175071857,0.175071857,0.0,0.0,0.0,0.0,0.0,361.87595,0.0,0.0,-1.5707964,0.0
1970-01-01 00:00:00.175146946,0.175146946,0.0,0.0,0.0,0.0,0.0,149.30405,0.0,0.0,-1.5707964,0.0
1970-01-01 00:00:00.175148632,0.175148632,0.0,0.0,147.48828,0.0,0.0,0.0,0.0,0.0,-1.5707964,0.0
1970-01-01 00:00:00.175198468,0.175198468,0.0,0.0,0.0,255.52763,0.0,0.0,0.0,0.0,-1.5707964,0.0
1970-01-01 00:00:00.175389792,0.175389792,0.0,0.0,0.0,452.62943,0.0,0.0,0.0,0.0,-1.5707964,0.0
1970-01-01 00:00:00.175395676,0.175395676,0.0,0.0,0.0,298.78735,0.0,0.0,0.0,0.0,-1.5707964,0.0
1970-01-01 00:00:00.175403097,0.175403097,0.0,0.0,0.0,462.27383,0.0,0.0,0.0,0.0,-1.5707964,0.0
1970-01-01 00:00:00.175406966,0.175406966,0.0,0.0,0.0,226.2009,0.0,0.0,0.0,0.0,-1.5707964,0.0
1970-01-01 00:00:00.175422203,0.175422203,606.0035,0.0,0.0,0.0,0.0,0.0,0.0,0.0,-1.5707964,0.0
1970-01-01 00:00:00.175433785,0.175433785,0.0,0.0,0.0,0.0,0.0,568.83466,0.0,0.0,-1.5707964,0.0
1970-01-01 00:00:00.175437735,0.175437735,0.0,0.0,0.0,0.0,0.0,185.93213,0.0,0.0,-1.5707964,0.0
1970-01-01 00:00:00.175452178,0.175452178,0.0,0.0,227.77228,0.0,0.0,0.0,0.0,0.0,-1.5707964,0.0
1970-01-01 00:00:00.175458939,0.175458939,0.0,0.0,0.0,0.0,0.0,407.0351,0.0,0.0,-1.5707964,0.0
1970-01-01 00:00:00.175469460,0.17546946,0.0,0.0,296.69287,0.0,0.0,0.0,0.0,0.0,-1.5707964,0.0
1970-01-01 00:00:00.175475831,0.175475831,0.0,0.0,0.0,615.66705,0.0,0.0,0.0,0.0,-1.5707964,0.0
1970-01-01 00:00:00.175507089,0.175507089,0.0,0.0,577.8799,0.0,0.0,0.0,0.0,0.0,-1.5707964,0.0
1970-01-01 00:00:00.175509556,0.175509556,0.0,0.0,0.0,226.67088,0.0,0.0,0.0,0.0,-1.5707964,0.0
1970-01-01 00:00:00.175607041,0.175607041,0.0,0.0,0.0,167.76184,0.0,0.0,0.0,0.0,-1.5707964,0.0
1970-01-01 00:00:00.175633777,0.175633777,0.0,0.0,0.0,0.0,0.0,193.45477,0.0,0.0,-1.5707964,0.0
1970-01-01 00:00:00.175643463,0.175643463,231.6885,0.0,0.0,0.0,0.0,0.0,0.0,0.0,-1.5707964,0.0
1970-01-01 00:00:00.175678905,0.175678905,0.0,0.0,196.03636,0.0,0.0,0.0,0.0,0.0,-1.5707964,0.0
1970-01-01 00:00:00.175688099,0.175688099,0.0,0.0,0.0,0.0,0.0,164.82431,0.0,0.0,-1.5707964,0.0
1970-01-01 00:00:00.175688803,0.175688803,0.0,0.0,0.0,0.0,203.28879,0.0,0.0,0.0,-1.5707964,0.0
1970-01-01 00:00:00.175711620,0.17571162,0.0,0.0,0.0,261.42392,0.0,0.0,0.0,0.0,-1.5707964,0.0
1970-01-01 00:00:00.175717444,0.175717444,0.0,0.0,218.46774,0.0,0.0,0.0,0.0,0.0,-1.5707964,0.0
1970-01-01 00:00:00.175724285,0.175724285,0.0,0.0,0.0,148.31335,0.0,0.0,0.0,0.0,-1.5707964,0.0
1970-01-01 00:00:00.175809421,0.175809421,0.0,0.0,0.0,159.31964,0.0,0.0,0.0,0.0,-1.5707964,0.0
1970-01-01 00:00:00.175833970,0.17583397,0.0,0.0,0.0,2851.2512,0.0,0.0,0.0,0.0,-1.5707964,0.0
1970-01-01 00:00:00.175843251,0.175843251,0.0,618.3137,0.0,0.0,0.0,0.0,0.0,0.0,-1.5707964,0.0
1970-01-01 00:00:00.175843251,0.175843251,0.0,0.0,0.0,0.0,362.8447,0.0,0.0,0.0,-1.5707964,0.0
1970-01-01 00:00:00.175874567,0.175874567,0.0,604.9686,0.0,0.0,0.0,0.0,0.0,0.0,-1.5707964,0.0
1970-01-01 00:00:00.175891822,0.175891822,0.0,0.0,320.052,0.0,0.0,0.0,0.0,0.0,-1.5707964,0.0
1970-01-01 00:00:00.175931712,0.175931712,0.0,211.7076,0.0,0.0,0.0,0.0,0.0,0.0,-1.5707964,0.0
1970-01-01 00:00:00.175934680,0.17593468,0.0,0.0,0.0,0.0,0.0,2230.4575,0.0,0.0,-1.5707964,0.0
1970-01-01 00:00:00.176077308,0.176077308,0.0,0.0,0.0,0.0,1012.4526,0.0,0.0,0.0,-1.5707964,0.0
1970-01-01 00:00:00.176079839,0.176079839,0.0,0.0,0.0,392.02423,0.0,0.0,0.0,0.0,-1.5707964,0.0
1970-01-01 00:00:00.176116195,0.176116195,0.0,0.0,0.0,1143.7843,0.0,0.0,0.0,0.0,-1.5707964,0.0
1970-01-01 00:00:00.176139141,0.176139141,0.0,0.0,0.0,126.67339,0.0,0.0,0.0,0.0,-1.5707964,0.0
1970-01-01 00:00:00.176291649,0.176291649,0.0,0.0,1422.26,0.0,0.0,0.0,0.0,0.0,-1.5707964,0.0
1970-01-01 00:00:00.176317593,0.176317593,0.0,0.0,0.0,400.26593,0.0,0.0,0.0,0.0,-1.5707964,0.0
1970-01-01 00:00:00.176446593,0.176446593,0.0,0.0,0.0,820.91644,0.0,0.0,0.0,0.0,-1.5707964,0.0
1970-01-01 00:00:00.176459054,0.176459054,0.0,0.0,0.0,0.0,138.19846,0.0,0.0,0.0,-1.5707964,0.0
1970-01-01 00:00:00.176568796,0.176568796,0.0,0.0,0.0,0.0,0.0,1169.392,0.0,0.0,-1.5707964,0.0
1970-01-01 00:00:00.176579606,0.176579606,0.0,0.0,0.0,0.0,767.6912,0.0,0.0,0.0,-1.5707964,0.0
1970-01-01 00:00:00.176579606,0.176579606,0.0,0.0,0.0,756.64496,0.0,0.0,0.0,0.0,-1.5707964,0.0
1970-01-01 00:00:00.176605249,0.176605249,0.0,0.0,0.0,310.40112,0.0,0.0,0.0,0.0,-1.5707964,0.0
1970-01-01 00:00:00.176718749,0.176718749,0.0,0.0,0.0,0.0,260.63498,0.0,0.0,0.0,-1.5707964,0.0
1970-01-01 00:00:00.176782117,0.176782117,0.0,0.0,1289.0637,0.0,0.0,0.0,0.0,0.0,-1.5707964,0.0
1970-01-01 00:00:00.176822529,0.176822529,0.0,0.0,0.0,106.06666,0.0,0.0,0.0,0.0,-1.5707964,0.0
1970-01-01 00:00:00.176851047,0.176851047,0.0,0.0,0.0,0.0,595.2916,0.0,0.0,0.0,-1.5707964,0.0
1970-01-01 00:00:00.177045394,0.177045394,0.0,0.0,308.73404,0.0,0.0,0.0,0.0,0.0,-1.5707964,0.0
1970-01-01 00:00:00.177068394,0.177068394,0.0,0.0,111.6152,0.0,0.0,0.0,0.0,0.0,-1.5707964,0.0
1970-01-01 00:00:00.177096195,0.177096195,0.0,0.0,0.0,634.528,0.0,0.0,0.0,0.0,-1.5707964,0.0
1970-01-01 00:00:00.177179235,0.177179235,0.0,0.0,0.0,0.0,0.0,347.19046,0.0,0.0,-1.5707964,0.0
1970-01-01 00:00:00.177223314,0.177223314,0.0,0.0,637.99493,0.0,0.0,0.0,0.0,0.0,-1.5707964,0.0
1970-01-01 00:00:00.177341363,0.177341363,0.0,0.0,0.0,1745.7074,0.0,0.0,0.0,0.0,-1.5707964,0.0
1970-01-01 00:00:00.177450792,0.177450792,0.0,0.0,0.0,246.49748,0.0,0.0,0.0,0.0,-1.5707964,0.0
1970-01-01 00:00:00.177574778,0.177574778,0.0,118.87604,0.0,0.0,0.0,0.0,0.0,0.0,-1.5707964,0.0
1970-01-01 00:00:00.177621197,0.177621197,0.0,0.0,520.46924,0.0,0.0,0.0,0.0,0.0,-1.5707964,0.0
1970-01-01 00:00:00.177667564,0.177667564,0.0,0.0,0.0,0.0,0.0,589.2617,0.0,0.0,-1.5707964,0.0
1970-01-01 00:00:00.177696411,0.177696411,581.61743,0.0,0.0,0.0,0.0,0.0,0.0,0.0,-1.5707964,0.0
1970-01-01 00:00:00.177782234,0.177782234,0.0,0.0,0.0,0.0,87.80808,0.0,0.0,0.0,-1.5707964,0.0
1970-01-01 00:00:00.177909074,0.177909074,0.0,0.0,0.0,0.0,220.07983,0.0,0.0,0.0,-1.5707964,0.0
1970-01-01 00:00:00.177929305,0.177929305,0.0,0.0,0.0,226.59328,0.0,0.0,0.0,0.0,-1.5707964,0.0
1970-01-01 00:00:00.177991954,0.177991954,0.0,0.0,0.0,0.0,191.2829,0.0,0.0,0.0,-1.5707964,0.0
1970-01-01 00:00:00.178004910,0.17800491,0.0,0.0,0.0,0.0,0.0,227.59868,0.0,0.0,-1.5707964,0.0
1970-01-01 00:00:00.178023444,0.178023444,0.0,0.0,0.0,0.0,1522.444,0.0,0.0,0.0,-1.5707964,0.0
1970-01-01 00:00:00.178026675,0.178026675,0.0,0.0,391.7794,0.0,0.0,0.0,0.0,0.0,-1.5707964,0.0
1970-01-01 00:00:00.178101126,0.178101126,0.0,0.0,227.68979,0.0,0.0,0.0,0.0,0.0,-1.5707964,0.0
1970-01-01 00:00:00.178108696,0.178108696,0.0,0.0,0.0,313.56174,0.0,0.0,0.0,0.0,-1.5707964,0.0
1970-01-01 00:00:00.178153760,0.17815376,0.0,0.0,0.0,109.552895,0.0,0.0,0.0,0.0,-1.5707964,0.0
1970-01-01 00:00:00.178297585,0.178297585,0.0,0.0,0.0,0.0,151.46246,0.0,0.0,0.0,-1.5707964,0.0
1970-01-01 00:00:00.178396617,0.178396617,0.0,0.0,0.0,0.0,0.0,462.41318,0.0,0.0,-1.5707964,0.0
1970-01-01 00:00:00.178447164,0.178447164,0.0,0.0,351.01923,0.0,0.0,0.0,0.0,0.0,-1.5707964,0.0
1970-01-01 00:00:00.178509645,0.178509645,0.0,0.0,0.0,373.9446,0.0,0.0,0.0,0.0,-1.5707964,0.0
1970-01-01 00:00:00.178524216,0.178524216,0.0,265.15915,0.0,0.0,0.0,0.0,0.0,0.0,-1.5707964,0.0
1970-01-01 00:00:00.178545603,0.178545603,0.0,0.0,123.37688,0.0,0.0,0.0,0.0,0.0,-1.5707964,0.0
1970-01-01 00:00:00.178585309,0.178585309,108.44625,0.0,0.0,0.0,0.0,0.0,0.0,0.0,-1.5707964,0.0
1970-01-01 00:00:00.178589991,0.178589991,0.0,0.0,498.66083,0.0,0.0,0.0,0.0,0.0,-1.5707964,0.0
1970-01-01 00:00:00.178639399,0.178639399,0.0,0.0,0.0,0.0,167.04343,0.0,0.0,0.0,-1.5707964,0.0
1970-01-01 00:00:00.178672493,0.178672493,0.0,0.0,438.78342,0.0,0.0,0.0,0.0,0.0,-1.5707964,0.0
1970-01-01 00:00:00.178676596,0.178676596,0.0,0.0,0.0,0.0,0.0,296.2984,0.0,0.0,-1.5707964,0.0
1970-01-01 00:00:00.178738670,0.17873867,0.0,444.18192,0.0,0.0,0.0,0.0,0.0,0.0,-1.5707964,0.0
1970-01-01 00:00:00.178811071,0.178811071,0.0,0.0,0.0,286.5214,0.0,0.0,0.0,0.0,-1.5707964,0.0
1970-01-01 00:00:00.178837779,0.178837779,0.0,0.0,0.0,0.0,0.0,323.08145,0.0,0.0,-1.5707964,0.0
1970-01-01 00:00:00.178878319,0.178878319,0.0,0.0,0.0,191.37952,0.0,0.0,0.0,0.0,-1.5707964,0.0
1970-01-01 00:00:00.178968429,0.178968429,0.0,0.0,0.0,229.7049,0.0,0.0,0.0,0.0,-1.5707964,0.0
1970-01-01 00:00:00.179009356,0.179009356,0.0,0.0,261.94507,0.0,0.0,0.0,0.0,0.0,-1.5707964,0.0
1970-01-01 00:00:00.179023394,0.179023394,0.0,0.0,370.84595,0.0,0.0,0.0,0.0,0.0,-1.5707964,0.0
1970-01-01 00:00:00.179025659,0.179025659,0.0,0.0,753.34894,0.0,0.0,0.0,0.0,0.0,-1.5707964,0.0
1970-01-01 00:00:00.179040605,0.179040605,0.0,0.0,0.0,918.67816,0.0,0.0,0.0,0.0,-1.5707964,0.0
1970-01-01 00:00:00.179116594,0.179116594,0.0,0.0,0.0,114.71215,0.0,0.0,0.0,0.0,-1.5707964,0.0
1970-01-01 00:00:00.179136783,0.179136783,0.0,0.0,0.0,260.2629,0.0,0.0,0.0,0.0,-1.5707964,0.0
1970-01-01 00:00:00.179210526,0.179210526,0.0,0.0,525.6264,0.0,0.0,0.0,0.0,0.0,-1.5707964,0.0
1970-01-01 00:00:00.179311523,0.179311523,0.0,0.0,474.68158,0.0,0.0,0.0,0.0,0.0,-1.5707964,0.0
1970-01-01 00:00:00.179317492,0.179317492,0.0,0.0,0.0,0.0,0.0,428.7472,0.0,0.0,-1.5707964,0.0
1970-01-01 00:00:00.179365325,0.179365325,0.0,0.0,0.0,0.0,0.0,346.52725,0.0,0.0,-1.5707964,0.0
1970-01-01 00:00:00.179471571,0.179471571,0.0,0.0,0.0,0.0,0.0,223.5993,0.0,0.0,-1.5707964,0.0
1970-01-01 00:00:00.179491810,0.17949181,0.0,0.0,0.0,1597.3582,0.0,0.0,0.0,0.0,-1.5707964,0.0
1970-01-01 00:00:00.179494258,0.179494258,0.0,290.1754,0.0,0.0,0.0,0.0,0.0,0.0,-1.5707964,0.0
1970-01-01 00:00:00.179564831,0.179564831,0.0,0.0,345.4572,0.0,0.0,0.0,0.0,0.0,-1.5707964,0.0
1970-01-01 00:00:00.179611955,0.179611955,0.0,0.0,0.0,199.02939,0.0,0.0,0.0,0.0,-1.5707964,0.0
1970-01-01 00:00:00.179643350,0.17964335,0.0,0.0,0.0,510.45114,0.0,0.0,0.0,0.0,-1.5707964,0.0
1970-01-01 00:00:00.179700263,0.179700263,0.0,0.0,555.54834,0.0,0.0,0.0,0.0,0.0,-1.5707964,0.0
1970-01-01 00:00:00.179734989,0.179734989,0.0,0.0,85.060295,0.0,0.0,0.0,0.0,0.0,-1.5707964,0.0
1970-01-01 00:00:00.179790683,0.179790683,0.0,0.0,0.0,0.0,0.0,145.71404,0.0,0.0,-1.5707964,0.0
1970-01-01 00:00:00.179802080,0.17980208,0.0,0.0,0.0,0.0,817.4993,0.0,0.0,0.0,-1.5707964,0.0
1970-01-01 00:00:00.179818426,0.179818426,0.0,0.0,0.0,1491.2964,0.0,0.0,0.0,0.0,-1.5707964,0.0
1970-01-01 00:00:00.179855748,0.179855748,0.0,121.07585,0.0,0.0,0.0,0.0,0.0,0.0,-1.5707964,0.0
1970-01-01 00:00:00.179929492,0.179929492,0.0,0.0,0.0,0.0,99.456,0.0,0.0,0.0,-1.5707964,0.0
1970-01-01 00:00:00.179931976,0.179931976,0.0,0.0,0.0,312.95813,0.0,0.0,0.0,0.0,-1.5707964,0.0
1970-01-01 00:00:00.179974112,0.179974112,0.0,0.0,0.0,145.00688,0.0,0.0,0.0,0.0,-1.5707964,0.0
1970-01-01 00:00:00.180078179,0.180078179,0.0,0.0,0.0,514.1049,0.0,0.0,0.0,0.0,-1.5707964,0.0
1970-01-01 00:00:00.180114798,0.180114798,104.45105,0.0,0.0,0.0,0.0,0.0,0.0,0.0,-1.5707964,0.0
1970-01-01 00:00:00.180136991,0.180136991,0.0,0.0,0.0,480.74948,0.0,0.0,0.0,0.0,-1.5707964,0.0
1970-01-01 00:00:00.180140286,0.180140286,0.0,0.0,0.0,648.7195,0.0,0.0,0.0,0.0,-1.5707964,0.0
1970-01-01 00:00:00.180144643,0.180144643,0.0,0.0,0.0,88.135864,0.0,0.0,0.0,0.0,-1.5707964,0.0
1970-01-01 00:00:00.180149897,0.180149897,0.0,963.147,0.0,0.0,0.0,0.0,0.0,0.0,-1.5707964,0.0
1970-01-01 00:00:00.180152467,0.180152467,0.0,0.0,0.0,346.172,0.0,0.0,0.0,0.0,-1.5707964,0.0
1970-01-01 00:00:00.180161269,0.180161269,0.0,0.0,0.0,831.86334,0.0,0.0,0.0,0.0,-1.5707964,0.0
1970-01-01 00:00:00.180178774,0.180178774,0.0,0.0,127.7775,0.0,0.0,0.0,0.0,0.0,-1.5707964,0.0
1970-01-01 00:00:00.180203315,0.180203315,0.0,0.0,0.0,0.0,0.0,465.62488,0.0,0.0,-1.5707964,0.0
1970-01-01 00:00:00.180226581,0.180226581,0.0,0.0,0.0,0.0,0.0,176.82317,0.0,0.0,-1.5707964,0.0
1970-01-01 00:00:00.180273353,0.180273353,0.0,0.0,0.0,395.2149,0.0,0.0,0.0,0.0,-1.5707964,0.0
1970-01-01 00:00:00.180280242,0.180280242,0.0,0.0,202.61359,0.0,0.0,0.0,0.0,0.0,-1.5707964,0.0
1970-01-01 00:00:00.180285182,0.180285182,0.0,0.0,255.3442,0.0,0.0,0.0,0.0,0.0,-1.5707964,0.0
1970-01-01 00:00:00.180310748,0.180310748,0.0,0.0,0.0,390.91705,0.0,0.0,0.0,0.0,-1.5707964,0.0
1970-01-01 00:00:00.180378035,0.180378035,0.0,0.0,191.70108,0.0,0.0,0.0,0.0,0.0,-1.5707964,0.0
1970-01-01 00:00:00.180385502,0.180385502,0.0,0.0,0.0,153.20782,0.0,0.0,0.0,0.0,-1.5707964,0.0
1970-01-01 00:00:00.180404491,0.180404491,0.0,0.0,0.0,0.0,0.0,1245.9491,0.0,0.0,-1.5707964,0.0
1970-01-01 00:00:00.180443894,0.180443894,0.0,230.10617,0.0,0.0,0.0,0.0,0.0,0.0,-1.5707964,0.0
1970-01-01 00:00:00.180466019,0.180466019,0.0,0.0,0.0,88.51167,0.0,0.0,0.0,0.0,-1.5707964,0.0
1970-01-01 00:00:00.180560439,0.180560439,0.0,0.0,0.0,314.36615,0.0,0.0,0.0,0.0,-1.5707964,0.0
1970-01-01 00:00:00.180617947,0.180617947,0.0,0.0,189.34291,0.0,0.0,0.0,0.0,0.0,-1.5707964,0.0
1970-01-01 00:00:00.180632896,0.180632896,0.0,0.0,0.0,0.0,179.91306,0.0,0.0,0.0,-1.5707964,0.0
1970-01-01 00:00:00.180685662,0.180685662,0.0,0.0,0.0,458.05814,0.0,0.0,0.0,0.0,-1.5707964,0.0
1970-01-01 00:00:00.180702034,0.180702034,0.0,0.0,910.6079,0.0,0.0,0.0,0.0,0.0,-1.5707964,0.0
1970-01-01 00:00:00.180734160,0.18073416,0.0,0.0,318.35098,0.0,0.0,0.0,0.0,0.0,-1.5707964,0.0
1970-01-01 00:00:00.180737255,0.180737255,0.0,0.0,0.0,0.0,84.5626,0.0,0.0,0.0,-1.5707964,0.0
1970-01-01 00:00:00.180776085,0.180776085,121.81951,0.0,0.0,0.0,0.0,0.0,0.0,0.0,-1.5707964,0.0
1970-01-01 00:00:00.180796216,0.180796216,0.0,0.0,0.0,0.0,0.0,420.10815,0.0,0.0,-1.5707964,0.0
1970-01-01 00:00:00.180822006,0.180822006,0.0,0.0,0.0,0.0,0.0,87.72274,0.0,0.0,-1.5707964,0.0
1970-01-01 00:00:00.180874277,0.180874277,0.0,0.0,0.0,84.07756,0.0,0.0,0.0,0.0,-1.5707964,0.0
1970-01-01 00:00:00.180886818,0.180886818,0.0,0.0,0.0,0.0,0.0,80.239006,0.0,0.0,-1.5707964,0.0
1970-01-01 00:00:00.180941777,0.180941777,0.0,0.0,433.04968,0.0,0.0,0.0,0.0,0.0,-1.5707964,0.0
1970-01-01 00:00:00.180947144,0.180947144,1486.004,0.0,0.0,0.0,0.0,0.0,0.0,0.0,-1.5707964,0.0
1970-01-01 00:00:00.180957130,0.18095713,0.0,0.0,0.0,235.6871,0.0,0.0,0.0,0.0,-1.5707964,0.0
1970-01-01 00:00:00.180995951,0.180995951,0.0,0.0,141.55847,0.0,0.0,0.0,0.0,0.0,-1.5707964,0.0
1970-01-01 00:00:00.181004657,0.181004657,0.0,0.0,0.0,306.80447,0.0,0.0,0.0,0.0,-1.5707964,0.0
1970-01-01 00:00:00.181021950,0.18102195,0.0,0.0,0.0,0.0,127.805016,0.0,0.0,0.0,-1.5707964,0.0
1970-01-01 00:00:00.181038457,0.181038457,0.0,0.0,0.0,460.3118,0.0,0.0,0.0,0.0,-1.5707964,0.0
1970-01-01 00:00:00.181050088,0.181050088,0.0,0.0,0.0,317.79913,0.0,0.0,0.0,0.0,-1.5707964,0.0
1970-01-01 00:00:00.181104491,0.181104491,0.0,0.0,0.0,313.4404,0.0,0.0,0.0,0.0,-1.5707964,0.0
1970-01-01 00:00:00.181118568,0.181118568,0.0,0.0,0.0,0.0,577.84265,0.0,0.0,0.0,-1.5707964,0.0
1970-01-01 00:00:00.181118568,0.181118568,0.0,0.0,0.0,561.8186,0.0,0.0,0.0,0.0,-1.5707964,0.0
1970-01-01 00:00:00.181135094,0.181135094,0.0,0.0,853.0603,0.0,0.0,0.0,0.0,0.0,-1.5707964,0.0
1970-01-01 00:00:00.181197264,0.181197264,0.0,0.0,0.0,348.2394,0.0,0.0,0.0,0.0,-1.5707964,0.0
1970-01-01 00:00:00.181199689,0.181199689,0.0,0.0,0.0,253.79887,0.0,0.0,0.0,0.0,-1.5707964,0.0
1970-01-01 00:00:00.181212680,0.18121268,0.0,0.0,123.67766,0.0,0.0,0.0,0.0,0.0,-1.5707964,0.0
1970-01-01 00:00:00.181236973,0.181236973,0.0,0.0,0.0,320.76392,0.0,0.0,0.0,0.0,-1.5707964,0.0
1970-01-01 00:00:00.181263293,0.181263293,0.0,0.0,0.0,671.77216,0.0,0.0,0.0,0.0,-1.5707964,0.0
1970-01-01 00:00:00.181307396,0.181307396,0.0,0.0,0.0,128.84857,0.0,0.0,0.0,0.0,-1.5707964,0.0
1970-01-01 00:00:00.181337922,0.181337922,0.0,0.0,139.08003,0.0,0.0,0.0,0.0,0.0,-1.5707964,0.0
1970-01-01 00:00:00.181343929,0.181343929,0.0,0.0,0.0,0.0,313.63815,0.0,0.0,0.0,-1.5707964,0.0
1970-01-01 00:00:00.181347022,0.181347022,0.0,0.0,0.0,298.2573,0.0,0.0,0.0,0.0,-1.5707964,0.0
1970-01-01 00:00:00.181393929,0.181393929,0.0,0.0,0.0,0.0,0.0,96.34223,0.0,0.0,-1.5707964,0.0
1970-01-01 00:00:00.181395255,0.181395255,86.842834,0.0,0.0,0.0,0.0,0.0,0.0,0.0,-1.5707964,0.0
1970-01-01 00:00:00.181401027,0.181401027,0.0,0.0,0.0,0.0,189.17706,0.0,0.0,0.0,-1.5707964,0.0
1970-01-01 00:00:00.181470525,0.181470525,0.0,0.0,0.0,106.180305,0.0,0.0,0.0,0.0,-1.5707964,0.0
1970-01-01 00:00:00.181552712,0.181552712,0.0,0.0,0.0,760.11786,0.0,0.0,0.0,0.0,-1.5707964,0.0
1970-01-01 00:00:00.181584120,0.18158412,0.0,0.0,0.0,0.0,137.35345,0.0,0.0,0.0,-1.5707964,0.0
1970-01-01 00:00:00.181648251,0.181648251,0.0,0.0,0.0,171.8265,0.0,0.0,0.0,0.0,-1.5707964,0.0
1970-01-01 00:00:00.181702910,0.18170291,0.0,0.0,209.80693,0.0,0.0,0.0,0.0,0.0,-1.5707964,0.0
1970-01-01 00:00:00.181723865,0.181723865,0.0,0.0,409.96207,0.0,0.0,0.0,0.0,0.0,-1.5707964,0.0
1970-01-01 00:00:00.181741302,0.181741302,0.0,0.0,0.0,290.10968,0.0,0.0,0.0,0.0,-1.5707964,0.0
1970-01-01 00:00:00.181745924,0.181745924,0.0,0.0,0.0,0.0,0.0,356.89478,0.0,0.0,-1.5707964,0.0
1970-01-01 00:00:00.181801210,0.18180121,0.0,0.0,116.31744,0.0,0.0,0.0,0.0,0.0,-1.5707964,0.0
1970-01-01 00:00:00.181904553,0.181904553,0.0,0.0,0.0,196.18108,0.0,0.0,0.0,0.0,-1.5707964,0.0
1970-01-01 00:00:00.181961872,0.181961872,0.0,249.6388,0.0,0.0,0.0,0.0,0.0,0.0,-1.5707964,0.0
1970-01-01 00:00:00.181969639,0.181969639,0.0,0.0,0.0,0.0,0.0,165.05664,0.0,0.0,-1.5707964,0.0
1970-01-01 00:00:00.182038473,0.182038473,0.0,0.0,0.0,1126.0433,0.0,0.0,0.0,0.0,-1.5707964,0.0
1970-01-01 00:00:00.182050045,0.182050045,0.0,0.0,190.0191,0.0,0.0,0.0,0.0,0.0,-1.5707964,0.0
1970-01-01 00:00:00.182072957,0.182072957,0.0,0.0,0.0,223.90237,0.0,0.0,0.0,0.0,-1.5707964,0.0
1970-01-01 00:00:00.182092292,0.182092292,0.0,0.0,0.0,0.0,0.0,102.48081,0.0,0.0,-1.5707964,0.0
1970-01-01 00:00:00.182106024,0.182106024,0.0,0.0,0.0,140.8105,0.0,0.0,0.0,0.0,-1.5707964,0.0
1970-01-01 00:00:00.182128591,0.182128591,0.0,0.0,0.0,0.0,0.0,203.11015,0.0,0.0,-1.5707964,0.0
1970-01-01 00:00:00.182146236,0.182146236,0.0,0.0,0.0,95.669044,0.0,0.0,0.0,0.0,-1.5707964,0.0
1970-01-01 00:00:00.182154444,0.182154444,0.0,0.0,0.0,529.7176,0.0,0.0,0.0,0.0,-1.5707964,0.0
1970-01-01 00:00:00.182235793,0.182235793,0.0,0.0,0.0,0.0,0.0,2611.496,0.0,0.0,-1.5707964,0.0
1970-01-01 00:00:00.182304113,0.182304113,0.0,0.0,547.31757,0.0,0.0,0.0,0.0,0.0,-1.5707964,0.0
1970-01-01 00:00:00.182319347,0.182319347,0.0,0.0,0.0,0.0,0.0,95.67952,0.0,0.0,-1.5707964,0.0
1970-01-01 00:00:00.182411478,0.182411478,0.0,0.0,0.0,301.07605,0.0,0.0,0.0,0.0,-1.5707964,0.0
1970-01-01 00:00:00.182456879,0.182456879,0.0,0.0,0.0,385.5162,0.0,0.0,0.0,0.0,-1.5707964,0.0
1970-01-01 00:00:00.182462841,0.182462841,0.0,0.0,0.0,237.83928,0.0,0.0,0.0,0.0,-1.5707964,0.0
1970-01-01 00:00:00.182467646,0.182467646,0.0,0.0,0.0,112.42978,0.0,0.0,0.0,0.0,-1.5707964,0.0
1970-01-01 00:00:00.182510345,0.182510345,81.06769,0.0,0.0,0.0,0.0,0.0,0.0,0.0,-1.5707964,0.0
1970-01-01 00:00:00.182518320,0.18251832,0.0,396.20615,0.0,0.0,0.0,0.0,0.0,0.0,-1.5707964,0.0
1970-01-01 00:00:00.182526271,0.182526271,0.0,0.0,0.0,963.6915,0.0,0.0,0.0,0.0,-1.5707964,0.0
1970-01-01 00:00:00.182558394,0.182558394,1007.9899,0.0,0.0,0.0,0.0,0.0,0.0,0.0,-1.5707964,0.0
1970-01-01 00:00:00.182579037,0.182579037,0.0,0.0,0.0,248.68178,0.0,0.0,0.0,0.0,-1.5707964,0.0
1970-01-01 00:00:00.182647127,0.182647127,0.0,0.0,0.0,0.0,1176.0686,0.0,0.0,0.0,-1.5707964,0.0
1970-01-01 00:00:00.182709495,0.182709495,0.0,0.0,233.12047,0.0,0.0,0.0,0.0,0.0,-1.5707964,0.0
1970-01-01 00:00:00.182727986,0.182727986,0.0,0.0,0.0,0.0,0.0,273.70917,0.0,0.0,-1.5707964,0.0
1970-01-01 00:00:00.182734775,0.182734775,0.0,0.0,0.0,1073.1309,0.0,0.0,0.0,0.0,-1.5707964,0.0
1970-01-01 00:00:00.182797300,0.1827973,0.0,0.0,0.0,399.74112,0.0,0.0,0.0,0.0,-1.5707964,0.0
1970-01-01 00:00:00.182845023,0.182845023,0.0,0.0,0.0,873.6819,0.0,0.0,0.0,0.0,-1.5707964,0.0
1970-01-01 00:00:00.182854303,0.182854303,0.0,0.0,0.0,0.0,0.0,220.15,0.0,0.0,-1.5707964,0.0
1970-01-01 00:00:00.182947514,0.182947514,0.0,0.0,0.0,167.73756,0.0,0.0,0.0,0.0,-1.5707964,0.0
1970-01-01 00:00:00.182979573,0.182979573,0.0,0.0,0.0,0.0,0.0,1139.2568,0.0,0.0,-1.5707964,0.0
1970-01-01 00:00:00.183048238,0.183048238,0.0,0.0,0.0,350.02255,0.0,0.0,0.0,0.0,-1.5707964,0.0
1970-01-01 00:00:00.183116695,0.183116695,0.0,0.0,0.0,0.0,2774.6501,0.0,0.0,0.0,-1.5707964,0.0
1970-01-01 00:00:00.183136492,0.183136492,0.0,0.0,0.0,0.0,0.0,164.35918,0.0,0.0,-1.5707964,0.0
1970-01-01 00:00:00.183159418,0.183159418,0.0,0.0,0.0,171.63359,0.0,0.0,0.0,0.0,-1.5707964,0.0
1970-01-01 00:00:00.183163556,0.183163556,0.0,0.0,396.41547,0.0,0.0,0.0,0.0,0.0,-1.5707964,0.0
1970-01-01 00:00:00.183163983,0.183163983,0.0,242.24376,0.0,0.0,0.0,0.0,0.0,0.0,-1.5707964,0.0
1970-01-01 00:00:00.183207644,0.183207644,0.0,0.0,0.0,0.0,0.0,621.13007,0.0,0.0,-1.5707964,0.0
1970-01-01 00:00:00.183224758,0.183224758,0.0,789.756,0.0,0.0,0.0,0.0,0.0,0.0,-1.5707964,0.0
1970-01-01 00:00:00.183236556,0.183236556,0.0,0.0,0.0,220.24881,0.0,0.0,0.0,0.0,-1.5707964,0.0
1970-01-01 00:00:00.183290906,0.183290906,0.0,0.0,0.0,0.0,723.70135,0.0,0.0,0.0,-1.5707964,0.0
1970-01-01 00:00:00.183298269,0.183298269,0.0,0.0,0.0,113.907196,0.0,0.0,0.0,0.0,-1.5707964,0.0
1970-01-01 00:00:00.183321647,0.183321647,0.0,0.0,0.0,269.64893,0.0,0.0,0.0,0.0,-1.5707964,0.0
1970-01-01 00:00:00.183327154,0.183327154,0.0,0.0,518.95593,0.0,0.0,0.0,0.0,0.0,-1.5707964,0.0
1970-01-01 00:00:00.183336780,0.18333678,0.0,0.0,0.0,0.0,0.0,441.15646,0.0,0.0,-1.5707964,0.0
1970-01-01 00:00:00.183340929,0.183340929,0.0,0.0,0.0,0.0,0.0,83.48732,0.0,0.0,-1.5707964,0.0
1970-01-01 00:00:00.183376809,0.183376809,0.0,175.58487,0.0,0.0,0.0,0.0,0.0,0.0,-1.5707964,0.0
1970-01-01 00:00:00.183424732,0.183424732,0.0,220.74492,0.0,0.0,0.0,0.0,0.0,0.0,-1.5707964,0.0
1970-01-01 00:00:00.183424732,0.183424732,0.0,0.0,0.0,84.45563,0.0,0.0,0.0,0.0,-1.5707964,0.0
1970-01-01 00:00:00.183428395,0.183428395,0.0,0.0,0.0,423.10583,0.0,0.0,0.0,0.0,-1.5707964,0.0
1970-01-01 00:00:00.183458848,0.183458848,818.02094,0.0,0.0,0.0,0.0,0.0,0.0,0.0,-1.5707964,0.0
1970-01-01 00:00:00.183475071,0.183475071,0.0,0.0,0.0,142.47253,0.0,0.0,0.0,0.0,-1.5707964,0.0
1970-01-01 00:00:00.183475071,0.183475071,0.0,0.0,0.0,0.0,0.0,620.94226,0.0,0.0,-1.5707964,0.0
1970-01-01 00:00:00.183561320,0.18356132,0.0,0.0,233.99255,0.0,0.0,0.0,0.0,0.0,-1.5707964,0.0
1970-01-01 00:00:00.183629829,0.183629829,0.0,0.0,0.0,949.01874,0.0,0.0,0.0,0.0,-1.5707964,0.0
1970-01-01 00:00:00.183630595,0.183630595,0.0,0.0,0.0,0.0,0.0,87.31469,0.0,0.0,-1.5707964,0.0
1970-01-01 00:00:00.183668683,0.183668683,0.0,0.0,0.0,98.70638,0.0,0.0,0.0,0.0,-1.5707964,0.0
1970-01-01 00:00:00.183722874,0.183722874,0.0,0.0,0.0,0.0,698.8348,0.0,0.0,0.0,-1.5707964,0.0
1970-01-01 00:00:00.183751658,0.183751658,0.0,0.0,0.0,112.90626,0.0,0.0,0.0,0.0,-1.5707964,0.0
1970-01-01 00:00:00.183774695,0.183774695,0.0,0.0,0.0,244.66159,0.0,0.0,0.0,0.0,-1.5707964,0.0
1970-01-01 00:00:00.183865705,0.183865705,568.41797,0.0,0.0,0.0,0.0,0.0,0.0,0.0,-1.5707964,0.0
1970-01-01 00:00:00.183881684,0.183881684,0.0,0.0,0.0,0.0,0.0,165.88998,0.0,0.0,-1.5707964,0.0
1970-01-01 00:00:00.183896886,0.183896886,0.0,0.0,0.0,80.068954,0.0,0.0,0.0,0.0,-1.5707964,0.0
1970-01-01 00:00:00.183930365,0.183930365,0.0,0.0,722.38763,0.0,0.0,0.0,0.0,0.0,-1.5707964,0.0
1970-01-01 00:00:00.183936554,0.183936554,0.0,0.0,0.0,272.09628,0.0,0.0,0.0,0.0,-1.5707964,0.0
1970-01-01 00:00:00.183968620,0.18396862,0.0,0.0,0.0,120.44365,0.0,0.0,0.0,0.0,-1.5707964,0.0
1970-01-01 00:00:00.183970184,0.183970184,0.0,0.0,0.0,84.94606,0.0,0.0,0.0,0.0,-1.5707964,0.0
1970-01-01 00:00:00.183975426,0.183975426,0.0,0.0,0.0,420.2905,0.0,0.0,0.0,0.0,-1.5707964,0.0
1970-01-01 00:00:00.183979314,0.183979314,0.0,161.3219,0.0,0.0,0.0,0.0,0.0,0.0,-1.5707964,0.0
1970-01-01 00:00:00.183984179,0.183984179,0.0,0.0,0.0,0.0,85.66118,0.0,0.0,0.0,-1.5707964,0.0
1970-01-01 00:00:00.183984179,0.183984179,0.0,0.0,0.0,610.8299,0.0,0.0,0.0,0.0,-1.5707964,0.0
1970-01-01 00:00:00.184016015,0.184016015,0.0,0.0,0.0,0.0,179.08629,0.0,0.0,0.0,-1.5707964,0.0
1970-01-01 00:00:00.184024256,0.184024256,0.0,0.0,0.0,222.3688,0.0,0.0,0.0,0.0,-1.5707964,0.0
1970-01-01 00:00:00.184109585,0.184109585,0.0,198.3465,0.0,0.0,0.0,0.0,0.0,0.0,-1.5707964,0.0
1970-01-01 00:00:00.184139953,0.184139953,0.0,0.0,0.0,215.00328,0.0,0.0,0.0,0.0,-1.5707964,0.0
1970-01-01 00:00:00.184152488,0.184152488,0.0,0.0,0.0,359.00183,0.0,0.0,0.0,0.0,-1.5707964,0.0
1970-01-01 00:00:00.184174229,0.184174229,0.0,237.34764,0.0,0.0,0.0,0.0,0.0,0.0,-1.5707964,0.0
1970-01-01 00:00:00.184182825,0.184182825,0.0,0.0,298.9536,0.0,0.0,0.0,0.0,0.0,-1.5707964,0.0
1970-01-01 00:00:00.184282452,0.184282452,0.0,0.0,0.0,0.0,183.83632,0.0,0.0,0.0,-1.5707964,0.0
1970-01-01 00:00:00.184364521,0.184364521,0.0,0.0,0.0,0.0,0.0,160.86746,0.0,0.0,-1.5707964,0.0
1970-01-01 00:00:00.184373679,0.184373679,0.0,0.0,0.0,94.237465,0.0,0.0,0.0,0.0,-1.5707964,0.0
1970-01-01 00:00:00.184530620,0.18453062,0.0,0.0,0.0,0.0,0.0,343.61322,0.0,0.0,-1.5707964,0.0
1970-01-01 00:00:00.184552168,0.184552168,0.0,0.0,0.0,379.8587,0.0,0.0,0.0,0.0,-1.5707964,0.0
1970-01-01 00:00:00.184633982,0.184633982,0.0,0.0,814.33466,0.0,0.0,0.0,0.0,0.0,-1.5707964,0.0
1970-01-01 00:00:00.184701524,0.184701524,189.53937,0.0,0.0,0.0,0.0,0.0,0.0,0.0,-1.5707964,0.0
1970-01-01 00:00:00.184702136,0.184702136,0.0,0.0,0.0,0.0,0.0,368.08713,0.0,0.0,-1.5707964,0.0
1970-01-01 00:00:00.184721207,0.184721207,0.0,0.0,0.0,398.394,0.0,0.0,0.0,0.0,-1.5707964,0.0
1970-01-01 00:00:00.184785943,0.184785943,0.0,0.0,0.0,368.02307,0.0,0.0,0.0,0.0,-1.5707964,0.0
1970-01-01 00:00:00.184788547,0.184788547,0.0,0.0,0.0,112.038666,0.0,0.0,0.0,0.0,-1.5707964,0.0
1970-01-01 00:00:00.184817376,0.184817376,0.0,0.0,0.0,0.0,0.0,293.98203,0.0,0.0,-1.5707964,0.0
1970-01-01 00:00:00.184830244,0.184830244,0.0,0.0,0.0,0.0,0.0,514.99054,0.0,0.0,-1.5707964,0.0
1970-01-01 00:00:00.184853752,0.184853752,0.0,0.0,0.0,363.1302,0.0,0.0,0.0,0.0,-1.5707964,0.0
1970-01-01 00:00:00.184890271,0.184890271,0.0,0.0,0.0,0.0,0.0,236.84607,0.0,0.0,-1.5707964,0.0
1970-01-01 00:00:00.184910395,0.184910395,0.0,0.0,0.0,1757.8175,0.0,0.0,0.0,0.0,-1.5707964,0.0
1970-01-01 00:00:00.184924809,0.184924809,0.0,0.0,464.6041,0.0,0.0,0.0,0.0,0.0,-1.5707964,0.0
1970-01-01 00:00:00.184971271,0.184971271,0.0,0.0,0.0,379.70795,0.0,0.0,0.0,0.0,-1.5707964,0.0
1970-01-01 00:00:00.185014610,0.18501461,0.0,0.0,0.0,0.0,0.0,94.966415,0.0,0.0,-1.5707964,0.0
1970-01-01 00:00:00.185067359,0.185067359,0.0,0.0,0.0,243.69629,0.0,0.0,0.0,0.0,-1.5707964,0.0
1970-01-01 00:00:00.185072150,0.18507215,0.0,0.0,0.0,0.0,0.0,117.78876,0.0,0.0,-1.5707964,0.0
1970-01-01 00:00:00.185117445,0.185117445,0.0,0.0,0.0,189.60295,0.0,0.0,0.0,0.0,-1.5707964,0.0
1970-01-01 00:00:00.185174539,0.185174539,0.0,0.0,0.0,1771.3462,0.0,0.0,0.0,0.0,-1.5707964,0.0
1970-01-01 00:00:00.185303300,0.1853033,0.0,0.0,0.0,356.31384,0.0,0.0,0.0,0.0,-1.5707964,0.0
1970-01-01 00:00:00.185314664,0.185314664,0.0,0.0,0.0,303.85718,0.0,0.0,0.0,0.0,-1.5707964,0.0
1970-01-01 00:00:00.185396761,0.185396761,0.0,0.0,0.0,173.70502,0.0,0.0,0.0,0.0,-1.5707964,0.0
1970-01-01 00:00:00.185418326,0.185418326,0.0,0.0,0.0,0.0,443.82312,0.0,0.0,0.0,-1.5707964,0.0
1970-01-01 00:00:00.185450529,0.185450529,0.0,0.0,0.0,0.0,0.0,233.9092,0.0,0.0,-1.5707964,0.0
1970-01-01 00:00:00.185450988,0.185450988,0.0,0.0,268.00894,0.0,0.0,0.0,0.0,0.0,-1.5707964,0.0
1970-01-01 00:00:00.185467901,0.185467901,0.0,0.0,0.0,479.40768,0.0,0.0,0.0,0.0,-1.5707964,0.0
1970-01-01 00:00:00.185502630,0.18550263,0.0,0.0,0.0,0.0,0.0,192.96869,0.0,0.0,-1.5707964,0.0
1970-01-01 00:00:00.185507300,0.1855073,0.0,0.0,0.0,214.72165,0.0,0.0,0.0,0.0,-1.5707964,0.0
1970-01-01 00:00:00.185519621,0.185519621,0.0,0.0,0.0,304.09048,0.0,0.0,0.0,0.0,-1.5707964,0.0
1970-01-01 00:00:00.185537537,0.185537537,0.0,0.0,0.0,228.42584,0.0,0.0,0.0,0.0,-1.5707964,0.0
1970-01-01 00:00:00.185541878,0.185541878,0.0,0.0,150.86473,0.0,0.0,0.0,0.0,0.0,-1.5707964,0.0
1970-01-01 00:00:00.185544133,0.185544133,0.0,0.0,0.0,112.74389,0.0,0.0,0.0,0.0,-1.5707964,0.0
1970-01-01 00:00:00.185629043,0.185629043,0.0,0.0,0.0,114.786514,0.0,0.0,0.0,0.0,-1.5707964,0.0
1970-01-01 00:00:00.185674556,0.185674556,0.0,0.0,0.0,0.0,288.3458,0.0,0.0,0.0,-1.5707964,0.0
1970-01-01 00:00:00.185674812,0.185674812,0.0,0.0,0.0,0.0,95.55217,0.0,0.0,0.0,-1.5707964,0.0
1970-01-01 00:00:00.185674955,0.185674955,0.0,0.0,0.0,0.0,0.0,832.045,0.0,0.0,-1.5707964,0.0
1970-01-01 00:00:00.185674955,0.185674955,0.0,0.0,216.25798,0.0,0.0,0.0,0.0,0.0,-1.5707964,0.0
1970-01-01 00:00:00.185690393,0.185690393,0.0,0.0,117.13629,0.0,0.0,0.0,0.0,0.0,-1.5707964,0.0
1970-01-01 00:00:00.185707467,0.185707467,0.0,0.0,0.0,128.23955,0.0,0.0,0.0,0.0,-1.5707964,0.0
1970-01-01 00:00:00.185722873,0.185722873,0.0,0.0,338.93292,0.0,0.0,0.0,0.0,0.0,-1.5707964,0.0
1970-01-01 00:00:00.185748989,0.185748989,0.0,0.0,0.0,499.04953,0.0,0.0,0.0,0.0,-1.5707964,0.0
1970-01-01 00:00:00.185760131,0.185760131,0.0,0.0,0.0,0.0,0.0,101.810295,0.0,0.0,-1.5707964,0.0
1970-01-01 00:00:00.185761261,0.185761261,0.0,0.0,0.0,0.0,0.0,344.80414,0.0,0.0,-1.5707964,0.0
1970-01-01 00:00:00.185769773,0.185769773,0.0,0.0,0.0,142.03908,0.0,0.0,0.0,0.0,-1.5707964,0.0
1970-01-01 00:00:00.185789086,0.185789086,0.0,0.0,0.0,158.6437,0.0,0.0,0.0,0.0,-1.5707964,0.0
1970-01-01 00:00:00.185792146,0.185792146,0.0,0.0,0.0,536.99036,0.0,0.0,0.0,0.0,-1.5707964,0.0
1970-01-01 00:00:00.185812418,0.185812418,0.0,0.0,0.0,231.65678,0.0,0.0,0.0,0.0,-1.5707964,0.0
1970-01-01 00:00:00.185866390,0.18586639,0.0,0.0,0.0,0.0,0.0,256.86066,0.0,0.0,-1.5707964,0.0
1970-01-01 00:00:00.185867141,0.185867141,0.0,0.0,0.0,231.68614,0.0,0.0,0.0,0.0,-1.5707964,0.0
1970-01-01 00:00:00.185867141,0.185867141,0.0,0.0,0.0,0.0,0.0,567.3757,0.0,0.0,-1.5707964,0.0
1970-01-01 00:00:00.185896394,0.185896394,0.0,0.0,0.0,98.88462,0.0,0.0,0.0,0.0,-1.5707964,0.0
1970-01-01 00:00:00.185928754,0.185928754,0.0,0.0,0.0,249.52835,0.0,0.0,0.0,0.0,-1.5707964,0.0
1970-01-01 00:00:00.185984215,0.185984215,0.0,0.0,0.0,0.0,0.0,993.2642,0.0,0.0,-1.5707964,0.0
1970-01-01 00:00:00.185988524,0.185988524,0.0,0.0,0.0,195.93747,0.0,0.0,0.0,0.0,-1.5707964,0.0
1970-01-01 00:00:00.186004932,0.186004932,0.0,0.0,0.0,141.04738,0.0,0.0,0.0,0.0,-1.5707964,0.0
1970-01-01 00:00:00.186007856,0.186007856,0.0,0.0,0.0,3543.9849,0.0,0.0,0.0,0.0,-1.5707964,0.0
1970-01-01 00:00:00.186056757,0.186056757,0.0,0.0,0.0,501.64203,0.0,0.0,0.0,0.0,-1.5707964,0.0
1970-01-01 00:00:00.186058190,0.18605819,0.0,0.0,0.0,192.1733,0.0,0.0,0.0,0.0,-1.5707964,0.0
1970-01-01 00:00:00.186082534,0.186082534,0.0,0.0,0.0,0.0,0.0,86.27399,0.0,0.0,-1.5707964,0.0
1970-01-01 00:00:00.186128423,0.186128423,206.26776,0.0,0.0,0.0,0.0,0.0,0.0,0.0,-1.5707964,0.0
1970-01-01 00:00:00.186152508,0.186152508,0.0,0.0,366.60248,0.0,0.0,0.0,0.0,0.0,-1.5707964,0.0
1970-01-01 00:00:00.186187506,0.186187506,0.0,0.0,0.0,393.45917,0.0,0.0,0.0,0.0,-1.5707964,0.0
1970-01-01 00:00:00.186198072,0.186198072,0.0,0.0,401.30872,0.0,0.0,0.0,0.0,0.0,-1.5707964,0.0
1970-01-01 00:00:00.186221519,0.186221519,0.0,0.0,366.98328,0.0,0.0,0.0,0.0,0.0,-1.5707964,0.0
1970-01-01 00:00:00.186228243,0.186228243,0.0,0.0,0.0,0.0,0.0,342.25836,0.0,0.0,-1.5707964,0.0
1970-01-01 00:00:00.186255341,0.186255341,0.0,0.0,0.0,0.0,0.0,154.66621,0.0,0.0,-1.5707964,0.0
1970-01-01 00:00:00.186260240,0.18626024,0.0,0.0,0.0,867.9489,0.0,0.0,0.0,0.0,-1.5707964,0.0
1970-01-01 00:00:00.186321064,0.186321064,0.0,0.0,0.0,200.76726,0.0,0.0,0.0,0.0,-1.5707964,0.0
1970-01-01 00:00:00.186393221,0.186393221,0.0,0.0,0.0,457.17484,0.0,0.0,0.0,0.0,-1.5707964,0.0
1970-01-01 00:00:00.186423000,0.186423,0.0,0.0,0.0,0.0,0.0,254.97252,0.0,0.0,-1.5707964,0.0
1970-01-01 00:00:00.186496358,0.186496358,0.0,0.0,0.0,362.24673,0.0,0.0,0.0,0.0,-1.5707964,0.0
1970-01-01 00:00:00.186503229,0.186503229,339.7727,0.0,0.0,0.0,0.0,0.0,0.0,0.0,-1.5707964,0.0
1970-01-01 00:00:00.186507852,0.186507852,0.0,0.0,246.37143,0.0,0.0,0.0,0.0,0.0,-1.5707964,0.0
1970-01-01 00:00:00.186529468,0.186529468,0.0,0.0,0.0,0.0,0.0,108.07691,0.0,0.0,-1.5707964,0.0
1970-01-01 00:00:00.186552009,0.186552009,0.0,0.0,0.0,296.59302,0.0,0.0,0.0,0.0,-1.5707964,0.0
1970-01-01 00:00:00.186588226,0.186588226,0.0,0.0,0.0,979.9791,0.0,0.0,0.0,0.0,-1.5707964,0.0
1970-01-01 00:00:00.186600975,0.186600975,0.0,0.0,0.0,0.0,0.0,169.29253,0.0,0.0,-1.5707964,0.0
1970-01-01 00:00:00.186617637,0.186617637,0.0,0.0,0.0,443.54156,0.0,0.0,0.0,0.0,-1.5707964,0.0
1970-01-01 00:00:00.186651735,0.186651735,0.0,0.0,170.8431,0.0,0.0,0.0,0.0,0.0,-1.5707964,0.0
1970-01-01 00:00:00.186662226,0.186662226,0.0,0.0,464.1603,0.0,0.0,0.0,0.0,0.0,-1.5707964,0.0
1970-01-01 00:00:00.186663428,0.186663428,0.0,126.56868,0.0,0.0,0.0,0.0,0.0,0.0,-1.5707964,0.0
1970-01-01 00:00:00.186667165,0.186667165,0.0,1186.0863,0.0,0.0,0.0,0.0,0.0,0.0,-1.5707964,0.0
1970-01-01 00:00:00.186694399,0.186694399,0.0,0.0,0.0,1285.7911,0.0,0.0,0.0,0.0,-1.5707964,0.0
1970-01-01 00:00:00.186723090,0.18672309,0.0,0.0,313.85477,0.0,0.0,0.0,0.0,0.0,-1.5707964,0.0
1970-01-01 00:00:00.186804963,0.186804963,0.0,0.0,382.80615,0.0,0.0,0.0,0.0,0.0,-1.5707964,0.0
1970-01-01 00:00:00.186834061,0.186834061,0.0,0.0,0.0,692.51874,0.0,0.0,0.0,0.0,-1.5707964,0.0
1970-01-01 00:00:00.186842992,0.186842992,0.0,0.0,0.0,171.75092,0.0,0.0,0.0,0.0,-1.5707964,0.0
1970-01-01 00:00:00.186864930,0.18686493,0.0,0.0,0.0,88.7105,0.0,0.0,0.0,0.0,-1.5707964,0.0
1970-01-01 00:00:00.186896430,0.18689643,0.0,0.0,1096.0039,0.0,0.0,0.0,0.0,0.0,-1.5707964,0.0
1970-01-01 00:00:00.186909353,0.186909353,0.0,0.0,0.0,0.0,0.0,724.10645,0.0,0.0,-1.5707964,0.0
1970-01-01 00:00:00.186970265,0.186970265,0.0,0.0,0.0,0.0,1021.45654,0.0,0.0,0.0,-1.5707964,0.0
1970-01-01 00:00:00.187030459,0.187030459,0.0,0.0,0.0,208.41614,0.0,0.0,0.0,0.0,-1.5707964,0.0
1970-01-01 00:00:00.187030874,0.187030874,0.0,0.0,0.0,179.27835,0.0,0.0,0.0,0.0,-1.5707964,0.0
1970-01-01 00:00:00.187145591,0.187145591,0.0,0.0,0.0,320.05026,0.0,0.0,0.0,0.0,-1.5707964,0.0
1970-01-01 00:00:00.187226757,0.187226757,0.0,0.0,0.0,85.012054,0.0,0.0,0.0,0.0,-1.5707964,0.0
1970-01-01 00:00:00.187233064,0.187233064,0.0,0.0,0.0,129.46184,0.0,0.0,0.0,0.0,-1.5707964,0.0
1970-01-01 00:00:00.187270347,0.187270347,0.0,0.0,0.0,117.39339,0.0,0.0,0.0,0.0,-1.5707964,0.0
1970-01-01 00:00:00.187327362,0.187327362,0.0,0.0,0.0,293.65073,0.0,0.0,0.0,0.0,-1.5707964,0.0
1970-01-01 00:00:00.187361546,0.187361546,0.0,0.0,0.0,0.0,0.0,463.90466,0.0,0.0,-1.5707964,0.0
1970-01-01 00:00:00.187370116,0.187370116,0.0,0.0,0.0,397.8139,0.0,0.0,0.0,0.0,-1.5707964,0.0
1970-01-01 00:00:00.187371485,0.187371485,0.0,0.0,0.0,2779.337,0.0,0.0,0.0,0.0,-1.5707964,0.0
1970-01-01 00:00:00.187392938,0.187392938,0.0,0.0,1621.4277,0.0,0.0,0.0,0.0,0.0,-1.5707964,0.0
1970-01-01 00:00:00.187447196,0.187447196,0.0,0.0,0.0,0.0,0.0,1257.1058,0.0,0.0,-1.5707964,0.0
1970-01-01 00:00:00.187466470,0.18746647,0.0,0.0,0.0,0.0,0.0,324.3087,0.0,0.0,-1.5707964,0.0
1970-01-01 00:00:00.187484963,0.187484963,0.0,0.0,0.0,0.0,0.0,166.97755,0.0,0.0,-1.5707964,0.0
1970-01-01 00:00:00.187507768,0.187507768,0.0,0.0,0.0,123.157845,0.0,0.0,0.0,0.0,-1.5707964,0.0
1970-01-01 00:00:00.187508484,0.187508484,0.0,0.0,0.0,0.0,0.0,375.8587,0.0,0.0,-1.5707964,0.0
1970-01-01 00:00:00.187544889,0.187544889,0.0,0.0,0.0,0.0,144.16699,0.0,0.0,0.0,-1.5707964,0.0
1970-01-01 00:00:00.187739226,0.187739226,0.0,0.0,126.28465,0.0,0.0,0.0,0.0,0.0,-1.5707964,0.0
1970-01-01 00:00:00.187756893,0.187756893,91.12942,0.0,0.0,0.0,0.0,0.0,0.0,0.0,-1.5707964,0.0
1970-01-01 00:00:00.187786850,0.18778685,0.0,0.0,0.0,121.57608,0.0,0.0,0.0,0.0,-1.5707964,0.0
1970-01-01 00:00:00.187850109,0.187850109,105.14961,0.0,0.0,0.0,0.0,0.0,0.0,0.0,-1.5707964,0.0
1970-01-01 00:00:00.187850109,0.187850109,0.0,0.0,0.0,2588.1194,0.0,0.0,0.0,0.0,-1.5707964,0.0
1970-01-01 00:00:00.187874912,0.187874912,0.0,0.0,0.0,0.0,0.0,754.99854,0.0,0.0,-1.5707964,0.0
1970-01-01 00:00:00.187890521,0.187890521,0.0,0.0,1088.6306,0.0,0.0,0.0,0.0,0.0,-1.5707964,0.0
1970-01-01 00:00:00.187911857,0.187911857,0.0,0.0,0.0,1099.5845,0.0,0.0,0.0,0.0,-1.5707964,0.0
1970-01-01 00:00:00.187931570,0.18793157,0.0,0.0,81.42155,0.0,0.0,0.0,0.0,0.0,-1.5707964,0.0
1970-01-01 00:00:00.187967418,0.187967418,0.0,0.0,0.0,493.7685,0.0,0.0,0.0,0.0,-1.5707964,0.0
1970-01-01 00:00:00.187970747,0.187970747,0.0,0.0,169.47148,0.0,0.0,0.0,0.0,0.0,-1.5707964,0.0
1970-01-01 00:00:00.187978872,0.187978872,0.0,0.0,0.0,186.60133,0.0,0.0,0.0,0.0,-1.5707964,0.0
1970-01-01 00:00:00.188039048,0.188039048,239.92754,0.0,0.0,0.0,0.0,0.0,0.0,0.0,-1.5707964,0.0
1970-01-01 00:00:00.188073660,0.18807366,0.0,0.0,0.0,0.0,0.0,564.9623,0.0,0.0,-1.5707964,0.0
1970-01-01 00:00:00.188113406,0.188113406,0.0,0.0,0.0,0.0,0.0,160.43748,0.0,0.0,-1.5707964,0.0
1970-01-01 00:00:00.188219782,0.188219782,0.0,0.0,0.0,1111.3013,0.0,0.0,0.0,0.0,-1.5707964,0.0
1970-01-01 00:00:00.188225994,0.188225994,0.0,0.0,0.0,0.0,0.0,553.4736,0.0,0.0,-1.5707964,0.0
1970-01-01 00:00:00.188300518,0.188300518,0.0,0.0,2295.07,0.0,0.0,0.0,0.0,0.0,-1.5707964,0.0
1970-01-01 00:00:00.188301791,0.188301791,0.0,0.0,0.0,0.0,0.0,1705.9801,0.0,0.0,-1.5707964,0.0
1970-01-01 00:00:00.188396581,0.188396581,0.0,0.0,150.939,0.0,0.0,0.0,0.0,0.0,-1.5707964,0.0
1970-01-01 00:00:00.188398944,0.188398944,0.0,0.0,0.0,0.0,0.0,330.89835,0.0,0.0,-1.5707964,0.0
1970-01-01 00:00:00.188421073,0.188421073,0.0,0.0,390.02005,0.0,0.0,0.0,0.0,0.0,-1.5707964,0.0
1970-01-01 00:00:00.188437987,0.188437987,0.0,0.0,0.0,189.30673,0.0,0.0,0.0,0.0,-1.5707964,0.0
1970-01-01 00:00:00.188456828,0.188456828,0.0,0.0,163.66104,0.0,0.0,0.0,0.0,0.0,-1.5707964,0.0
1970-01-01 00:00:00.188509507,0.188509507,0.0,0.0,0.0,0.0,618.2685,0.0,0.0,0.0,-1.5707964,0.0
1970-01-01 00:00:00.188520122,0.188520122,0.0,0.0,0.0,0.0,266.3621,0.0,0.0,0.0,-1.5707964,0.0
1970-01-01 00:00:00.188538076,0.188538076,0.0,0.0,0.0,0.0,0.0,90.359955,0.0,0.0,-1.5707964,0.0
1970-01-01 00:00:00.188542979,0.188542979,0.0,0.0,323.1226,0.0,0.0,0.0,0.0,0.0,-1.5707964,0.0
1970-01-01 00:00:00.188575477,0.188575477,0.0,0.0,0.0,0.0,0.0,304.62378,0.0,0.0,-1.5707964,0.0
1970-01-01 00:00:00.188577498,0.188577498,0.0,0.0,154.41946,0.0,0.0,0.0,0.0,0.0,-1.5707964,0.0
1970-01-01 00:00:00.188592787,0.188592787,0.0,0.0,0.0,0.0,0.0,210.1402,0.0,0.0,-1.5707964,0.0
1970-01-01 00:00:00.188636305,0.188636305,0.0,0.0,490.65393,0.0,0.0,0.0,0.0,0.0,-1.5707964,0.0
1970-01-01 00:00:00.188671715,0.188671715,0.0,0.0,0.0,752.9487,0.0,0.0,0.0,0.0,-1.5707964,0.0
1970-01-01 00:00:00.188708490,0.18870849,0.0,0.0,0.0,541.1531,0.0,0.0,0.0,0.0,-1.5707964,0.0
1970-01-01 00:00:00.188708490,0.18870849,0.0,0.0,0.0,0.0,0.0,695.39777,0.0,0.0,-1.5707964,0.0
1970-01-01 00:00:00.188813591,0.188813591,0.0,0.0,0.0,1454.1295,0.0,0.0,0.0,0.0,-1.5707964,0.0
1970-01-01 00:00:00.188853183,0.188853183,0.0,0.0,0.0,0.0,111.857925,0.0,0.0,0.0,-1.5707964,0.0
1970-01-01 00:00:00.188929077,0.188929077,0.0,0.0,0.0,160.19904,0.0,0.0,0.0,0.0,-1.5707964,0.0
1970-01-01 00:00:00.188977857,0.188977857,191.41614,0.0,0.0,0.0,0.0,0.0,0.0,0.0,-1.5707964,0.0
1970-01-01 00:00:00.189031020,0.18903102,0.0,653.242,0.0,0.0,0.0,0.0,0.0,0.0,-1.5707964,0.0
1970-01-01 00:00:00.189055625,0.189055625,0.0,0.0,0.0,0.0,0.0,175.24796,0.0,0.0,-1.5707964,0.0
1970-01-01 00:00:00.189155596,0.189155596,0.0,0.0,0.0,0.0,178.11858,0.0,0.0,0.0,-1.5707964,0.0
1970-01-01 00:00:00.189204118,0.189204118,0.0,0.0,0.0,419.0505,0.0,0.0,0.0,0.0,-1.5707964,0.0
1970-01-01 00:00:00.189239049,0.189239049,0.0,0.0,0.0,827.9406,0.0,0.0,0.0,0.0,-1.5707964,0.0
1970-01-01 00:00:00.189247773,0.189247773,139.58226,0.0,0.0,0.0,0.0,0.0,0.0,0.0,-1.5707964,0.0
1970-01-01 00:00:00.189277350,0.18927735,0.0,0.0,582.9051,0.0,0.0,0.0,0.0,0.0,-1.5707964,0.0
1970-01-01 00:00:00.189290854,0.189290854,0.0,0.0,170.63438,0.0,0.0,0.0,0.0,0.0,-1.5707964,0.0
1970-01-01 00:00:00.189314100,0.1893141,0.0,0.0,105.2292,0.0,0.0,0.0,0.0,0.0,-1.5707964,0.0
1970-01-01 00:00:00.189372737,0.189372737,163.84203,0.0,0.0,0.0,0.0,0.0,0.0,0.0,-1.5707964,0.0
1970-01-01 00:00:00.189416877,0.189416877,0.0,0.0,0.0,136.62848,0.0,0.0,0.0,0.0,-1.5707964,0.0
1970-01-01 00:00:00.189508369,0.189508369,0.0,0.0,0.0,0.0,151.44452,0.0,0.0,0.0,-1.5707964,0.0
1970-01-01 00:00:00.189614628,0.189614628,0.0,0.0,202.79822,0.0,0.0,0.0,0.0,0.0,-1.5707964,0.0
1970-01-01 00:00:00.189630338,0.189630338,0.0,0.0,0.0,573.7637,0.0,0.0,0.0,0.0,-1.5707964,0.0
1970-01-01 00:00:00.189651850,0.18965185,0.0,0.0,0.0,0.0,0.0,764.99634,0.0,0.0,-1.5707964,0.0
1970-01-01 00:00:00.189658494,0.189658494,0.0,0.0,0.0,0.0,266.75528,0.0,0.0,0.0,-1.5707964,0.0
1970-01-01 00:00:00.189665817,0.189665817,0.0,0.0,256.90128,0.0,0.0,0.0,0.0,0.0,-1.5707964,0.0
1970-01-01 00:00:00.189688800,0.1896888,0.0,0.0,287.3128,0.0,0.0,0.0,0.0,0.0,-1.5707964,0.0
1970-01-01 00:00:00.189700394,0.189700394,0.0,0.0,220.91982,0.0,0.0,0.0,0.0,0.0,-1.5707964,0.0
1970-01-01 00:00:00.189700394,0.189700394,0.0,0.0,0.0,0.0,392.46265,0.0,0.0,0.0,-1.5707964,0.0
1970-01-01 00:00:00.189710646,0.189710646,0.0,0.0,199.41617,0.0,0.0,0.0,0.0,0.0,-1.5707964,0.0
1970-01-01 00:00:00.189727611,0.189727611,120.49653,0.0,0.0,0.0,0.0,0.0,0.0,0.0,-1.5707964,0.0
1970-01-01 00:00:00.189729638,0.189729638,0.0,0.0,0.0,0.0,300.71558,0.0,0.0,0.0,-1.5707964,0.0
1970-01-01 00:00:00.189736939,0.189736939,0.0,0.0,0.0,0.0,1077.8811,0.0,0.0,0.0,-1.5707964,0.0
1970-01-01 00:00:00.189823463,0.189823463,0.0,0.0,0.0,0.0,0.0,86.64084,0.0,0.0,-1.5707964,0.0
1970-01-01 00:00:00.189866832,0.189866832,0.0,0.0,0.0,0.0,428.58694,0.0,0.0,0.0,-1.5707964,0.0
1970-01-01 00:00:00.189868408,0.189868408,0.0,0.0,302.18097,0.0,0.0,0.0,0.0,0.0,-1.5707964,0.0
1970-01-01 00:00:00.189908150,0.18990815,0.0,0.0,0.0,688.08044,0.0,0.0,0.0,0.0,-1.5707964,0.0
1970-01-01 00:00:00.189965037,0.189965037,0.0,0.0,0.0,0.0,0.0,960.7996,0.0,0.0,-1.5707964,0.0
1970-01-01 00:00:00.190007280,0.19000728,0.0,0.0,0.0,0.0,0.0,297.06137,0.0,0.0,-1.5707964,0.0
1970-01-01 00:00:00.190018706,0.190018706,0.0,0.0,0.0,145.49251,0.0,0.0,0.0,0.0,-1.5707964,0.0
1970-01-01 00:00:00.190068132,0.190068132,0.0,0.0,0.0,91.82998,0.0,0.0,0.0,0.0,-1.5707964,0.0
1970-01-01 00:00:00.190068469,0.190068469,0.0,0.0,738.18256,0.0,0.0,0.0,0.0,0.0,-1.5707964,0.0
1970-01-01 00:00:00.190104524,0.190104524,0.0,0.0,126.740166,0.0,0.0,0.0,0.0,0.0,-1.5707964,0.0
1970-01-01 00:00:00.190131169,0.190131169,0.0,0.0,0.0,679.12225,0.0,0.0,0.0,0.0,-1.5707964,0.0
1970-01-01 00:00:00.190138893,0.190138893,0.0,0.0,97.67903,0.0,0.0,0.0,0.0,0.0,-1.5707964,0.0
1970-01-01 00:00:00.190170228,0.190170228,0.0,0.0,0.0,142.23698,0.0,0.0,0.0,0.0,-1.5707964,0.0
1970-01-01 00:00:00.190170228,0.190170228,0.0,0.0,0.0,0.0,0.0,320.12646,0.0,0.0,-1.5707964,0.0
1970-01-01 00:00:00.190192122,0.190192122,0.0,0.0,0.0,202.48116,0.0,0.0,0.0,0.0,-1.5707964,0.0
1970-01-01 00:00:00.190192122,0.190192122,0.0,0.0,0.0,0.0,0.0,833.81964,0.0,0.0,-1.5707964,0.0
1970-01-01 00:00:00.190195578,0.190195578,0.0,0.0,0.0,379.63,0.0,0.0,0.0,0.0,-1.5707964,0.0
1970-01-01 00:00:00.190212228,0.190212228,0.0,0.0,0.0,588.52203,0.0,0.0,0.0,0.0,-1.5707964,0.0
1970-01-01 00:00:00.190212562,0.190212562,0.0,96.88308,0.0,0.0,0.0,0.0,0.0,0.0,-1.5707964,0.0
1970-01-01 00:00:00.190222670,0.19022267,0.0,0.0,0.0,355.7277,0.0,0.0,0.0,0.0,-1.5707964,0.0
1970-01-01 00:00:00.190227917,0.190227917,0.0,0.0,265.7482,0.0,0.0,0.0,0.0,0.0,-1.5707964,0.0
1970-01-01 00:00:00.190246984,0.190246984,0.0,0.0,0.0,0.0,373.1126,0.0,0.0,0.0,-1.5707964,0.0
1970-01-01 00:00:00.190266657,0.190266657,0.0,0.0,827.66785,0.0,0.0,0.0,0.0,0.0,-1.5707964,0.0
1970-01-01 00:00:00.190292943,0.190292943,0.0,0.0,0.0,0.0,0.0,601.385,0.0,0.0,-1.5707964,0.0
1970-01-01 00:00:00.190306311,0.190306311,0.0,0.0,0.0,0.0,0.0,2611.1748,0.0,0.0,-1.5707964,0.0
1970-01-01 00:00:00.190337523,0.190337523,0.0,0.0,0.0,220.48878,0.0,0.0,0.0,0.0,-1.5707964,0.0
1970-01-01 00:00:00.190406338,0.190406338,0.0,0.0,0.0,503.77066,0.0,0.0,0.0,0.0,-1.5707964,0.0
1970-01-01 00:00:00.190431112,0.190431112,0.0,0.0,2467.397,0.0,0.0,0.0,0.0,0.0,-1.5707964,0.0
1970-01-01 00:00:00.190431112,0.190431112,0.0,0.0,708.35266,0.0,0.0,0.0,0.0,0.0,-1.5707964,0.0
1970-01-01 00:00:00.190440992,0.190440992,0.0,0.0,0.0,125.705215,0.0,0.0,0.0,0.0,-1.5707964,0.0
1970-01-01 00:00:00.190450043,0.190450043,0.0,3460.2993,0.0,0.0,0.0,0.0,0.0,0.0,-1.5707964,0.0
1970-01-01 00:00:00.190461263,0.190461263,0.0,0.0,0.0,282.76102,0.0,0.0,0.0,0.0,-1.5707964,0.0
1970-01-01 00:00:00.190478158,0.190478158,0.0,354.71442,0.0,0.0,0.0,0.0,0.0,0.0,-1.5707964,0.0
1970-01-01 00:00:00.190499804,0.190499804,0.0,0.0,0.0,112.137375,0.0,0.0,0.0,0.0,-1.5707964,0.0
1970-01-01 00:00:00.190501650,0.19050165,0.0,0.0,0.0,0.0,0.0,978.61975,0.0,0.0,-1.5707964,0.0
1970-01-01 00:00:00.190525875,0.190525875,0.0,0.0,260.18027,0.0,0.0,0.0,0.0,0.0,-1.5707964,0.0
1970-01-01 00:00:00.190554422,0.190554422,0.0,0.0,0.0,297.11957,0.0,0.0,0.0,0.0,-1.5707964,0.0
1970-01-01 00:00:00.190558281,0.190558281,0.0,127.18145,0.0,0.0,0.0,0.0,0.0,0.0,-1.5707964,0.0
1970-01-01 00:00:00.190573293,0.190573293,0.0,311.13818,0.0,0.0,0.0,0.0,0.0,0.0,-1.5707964,0.0
1970-01-01 00:00:00.190741813,0.190741813,0.0,0.0,2031.2784,0.0,0.0,0.0,0.0,0.0,-1.5707964,0.0
1970-01-01 00:00:00.190774652,0.190774652,0.0,0.0,0.0,202.17729,0.0,0.0,0.0,0.0,-1.5707964,0.0
1970-01-01 00:00:00.190809831,0.190809831,0.0,0.0,0.0,258.72632,0.0,0.0,0.0,0.0,-1.5707964,0.0
1970-01-01 00:00:00.190823442,0.190823442,0.0,100.482086,0.0,0.0,0.0,0.0,0.0,0.0,-1.5707964,0.0
1970-01-01 00:00:00.190825824,0.190825824,0.0,0.0,0.0,122.514824,0.0,0.0,0.0,0.0,-1.5707964,0.0
1970-01-01 00:00:00.190865719,0.190865719,0.0,0.0,0.0,751.31757,0.0,0.0,0.0,0.0,-1.5707964,0.0
1970-01-01 00:00:00.190866656,0.190866656,0.0,0.0,84.57998,0.0,0.0,0.0,0.0,0.0,-1.5707964,0.0
1970-01-01 00:00:00.190905836,0.190905836,0.0,343.65158,0.0,0.0,0.0,0.0,0.0,0.0,-1.5707964,0.0
1970-01-01 00:00:00.190926047,0.190926047,0.0,0.0,105.16123,0.0,0.0,0.0,0.0,0.0,-1.5707964,0.0
1970-01-01 00:00:00.190993333,0.190993333,0.0,92.95372,0.0,0.0,0.0,0.0,0.0,0.0,-1.5707964,0.0
1970-01-01 00:00:00.190998148,0.190998148,0.0,0.0,0.0,261.2327,0.0,0.0,0.0,0.0,-1.5707964,0.0
1970-01-01 00:00:00.191000872,0.191000872,0.0,0.0,0.0,1067.5995,0.0,0.0,0.0,0.0,-1.5707964,0.0
1970-01-01 00:00:00.191078809,0.191078809,0.0,0.0,0.0,0.0,0.0,389.2161,0.0,0.0,-1.5707964,0.0
1970-01-01 00:00:00.191101029,0.191101029,0.0,378.07864,0.0,0.0,0.0,0.0,0.0,0.0,-1.5707964,0.0
1970-01-01 00:00:00.191156454,0.191156454,0.0,0.0,0.0,806.5829,0.0,0.0,0.0,0.0,-1.5707964,0.0
1970-01-01 00:00:00.191256340,0.19125634,0.0,0.0,0.0,1155.8046,0.0,0.0,0.0,0.0,-1.5707964,0.0
1970-01-01 00:00:00.191258193,0.191258193,0.0,0.0,0.0,195.14793,0.0,0.0,0.0,0.0,-1.5707964,0.0
1970-01-01 00:00:00.191266271,0.191266271,0.0,0.0,0.0,108.64892,0.0,0.0,0.0,0.0,-1.5707964,0.0
1970-01-01 00:00:00.191299265,0.191299265,0.0,0.0,0.0,354.84106,0.0,0.0,0.0,0.0,-1.5707964,0.0
1970-01-01 00:00:00.191379597,0.191379597,0.0,0.0,424.70755,0.0,0.0,0.0,0.0,0.0,-1.5707964,0.0
1970-01-01 00:00:00.191548193,0.191548193,0.0,0.0,0.0,841.6789,0.0,0.0,0.0,0.0,-1.5707964,0.0
1970-01-01 00:00:00.191565444,0.191565444,153.50836,0.0,0.0,0.0,0.0,0.0,0.0,0.0,-1.5707964,0.0
1970-01-01 00:00:00.191585182,0.191585182,0.0,0.0,395.88217,0.0,0.0,0.0,0.0,0.0,-1.5707964,0.0
1970-01-01 00:00:00.191623154,0.191623154,0.0,0.0,691.5263,0.0,0.0,0.0,0.0,0.0,-1.5707964,0.0
1970-01-01 00:00:00.191634933,0.191634933,128.95325,0.0,0.0,0.0,0.0,0.0,0.0,0.0,-1.5707964,0.0
1970-01-01 00:00:00.191663130,0.19166313,0.0,0.0,0.0,340.50665,0.0,0.0,0.0,0.0,-1.5707964,0.0
1970-01-01 00:00:00.191670695,0.191670695,0.0,0.0,0.0,416.55878,0.0,0.0,0.0,0.0,-1.5707964,0.0
1970-01-01 00:00:00.191679408,0.191679408,189.7422,0.0,0.0,0.0,0.0,0.0,0.0,0.0,-1.5707964,0.0
1970-01-01 00:00:00.191694396,0.191694396,0.0,0.0,0.0,421.7981,0.0,0.0,0.0,0.0,-1.5707964,0.0
1970-01-01 00:00:00.191701180,0.19170118,0.0,0.0,212.45163,0.0,0.0,0.0,0.0,0.0,-1.5707964,0.0
1970-01-01 00:00:00.191774034,0.191774034,0.0,0.0,391.50308,0.0,0.0,0.0,0.0,0.0,-1.5707964,0.0
1970-01-01 00:00:00.191934651,0.191934651,0.0,2143.1616,0.0,0.0,0.0,0.0,0.0,0.0,-1.5707964,0.0
1970-01-01 00:00:00.191944817,0.191944817,0.0,0.0,2662.6934,0.0,0.0,0.0,0.0,0.0,-1.5707964,0.0
1970-01-01 00:00:00.192048548,0.192048548,0.0,0.0,0.0,0.0,328.2522,0.0,0.0,0.0,-1.5707964,0.0
1970-01-01 00:00:00.192064416,0.192064416,0.0,0.0,0.0,0.0,217.48116,0.0,0.0,0.0,-1.5707964,0.0
1970-01-01 00:00:00.192065491,0.192065491,0.0,0.0,390.01422,0.0,0.0,0.0,0.0,0.0,-1.5707964,0.0
1970-01-01 00:00:00.192067709,0.192067709,0.0,129.24017,0.0,0.0,0.0,0.0,0.0,0.0,-1.5707964,0.0
1970-01-01 00:00:00.192098953,0.192098953,0.0,0.0,0.0,654.70166,0.0,0.0,0.0,0.0,-1.5707964,0.0
1970-01-01 00:00:00.192145451,0.192145451,0.0,0.0,0.0,625.9203,0.0,0.0,0.0,0.0,-1.5707964,0.0
1970-01-01 00:00:00.192195539,0.192195539,0.0,0.0,80.92929,0.0,0.0,0.0,0.0,0.0,-1.5707964,0.0
1970-01-01 00:00:00.192223786,0.192223786,0.0,0.0,0.0,0.0,0.0,199.11569,0.0,0.0,-1.5707964,0.0
1970-01-01 00:00:00.192233072,0.192233072,0.0,0.0,0.0,0.0,0.0,111.26173,0.0,0.0,-1.5707964,0.0
1970-01-01 00:00:00.192278090,0.19227809,0.0,0.0,0.0,308.0716,0.0,0.0,0.0,0.0,-1.5707964,0.0
1970-01-01 00:00:00.192329770,0.19232977,0.0,0.0,0.0,192.35706,0.0,0.0,0.0,0.0,-1.5707964,0.0
1970-01-01 00:00:00.192363180,0.19236318,0.0,0.0,0.0,171.15512,0.0,0.0,0.0,0.0,-1.5707964,0.0
1970-01-01 00:00:00.192448822,0.192448822,0.0,0.0,430.76935,0.0,0.0,0.0,0.0,0.0,-1.5707964,0.0
1970-01-01 00:00:00.192459953,0.192459953,0.0,0.0,0.0,344.14844,0.0,0.0,0.0,0.0,-1.5707964,0.0
1970-01-01 00:00:00.192571804,0.192571804,0.0,0.0,0.0,0.0,0.0,661.248,0.0,0.0,-1.5707964,0.0
1970-01-01 00:00:00.192622635,0.192622635,0.0,0.0,0.0,424.5326,0.0,0.0,0.0,0.0,-1.5707964,0.0
1970-01-01 00:00:00.192649592,0.192649592,0.0,0.0,0.0,136.68279,0.0,0.0,0.0,0.0,-1.5707964,0.0
1970-01-01 00:00:00.192668546,0.192668546,0.0,0.0,230.88727,0.0,0.0,0.0,0.0,0.0,-1.5707964,0.0
1970-01-01 00:00:00.192677727,0.192677727,0.0,0.0,0.0,0.0,0.0,228.18901,0.0,0.0,-1.5707964,0.0
1970-01-01 00:00:00.192681895,0.192681895,0.0,124.314674,0.0,0.0,0.0,0.0,0.0,0.0,-1.5707964,0.0
1970-01-01 00:00:00.192838538,0.192838538,0.0,0.0,0.0,106.31363,0.0,0.0,0.0,0.0,-1.5707964,0.0
1970-01-01 00:00:00.192852245,0.192852245,0.0,0.0,0.0,0.0,0.0,208.70456,0.0,0.0,-1.5707964,0.0
1970-01-01 00:00:00.192943190,0.19294319,0.0,0.0,0.0,727.51807,0.0,0.0,0.0,0.0,-1.5707964,0.0
1970-01-01 00:00:00.193078673,0.193078673,0.0,0.0,0.0,92.63555,0.0,0.0,0.0,0.0,-1.5707964,0.0
1970-01-01 00:00:00.193080062,0.193080062,0.0,230.89247,0.0,0.0,0.0,0.0,0.0,0.0,-1.5707964,0.0
1970-01-01 00:00:00.193094136,0.193094136,0.0,0.0,0.0,124.52237,0.0,0.0,0.0,0.0,-1.5707964,0.0
1970-01-01 00:00:00.193192994,0.193192994,0.0,117.15697,0.0,0.0,0.0,0.0,0.0,0.0,-1.5707964,0.0
1970-01-01 00:00:00.193216399,0.193216399,0.0,0.0,0.0,603.87396,0.0,0.0,0.0,0.0,-1.5707964,0.0
1970-01-01 00:00:00.193261952,0.193261952,0.0,0.0,0.0,128.79292,0.0,0.0,0.0,0.0,-1.5707964,0.0
1970-01-01 00:00:00.193352371,0.193352371,0.0,0.0,0.0,3355.4875,0.0,0.0,0.0,0.0,-1.5707964,0.0
1970-01-01 00:00:00.193508880,0.19350888,0.0,0.0,487.28882,0.0,0.0,0.0,0.0,0.0,-1.5707964,0.0
1970-01-01 00:00:00.193532444,0.193532444,0.0,0.0,0.0,0.0,0.0,296.1708,0.0,0.0,-1.5707964,0.0
1970-01-01 00:00:00.193535111,0.193535111,0.0,0.0,1292.8153,0.0,0.0,0.0,0.0,0.0,-1.5707964,0.0
1970-01-01 00:00:00.193647453,0.193647453,0.0,0.0,0.0,764.72614,0.0,0.0,0.0,0.0,-1.5707964,0.0
1970-01-01 00:00:00.193667350,0.19366735,0.0,0.0,0.0,0.0,458.29294,0.0,0.0,0.0,-1.5707964,0.0
1970-01-01 00:00:00.193709827,0.193709827,0.0,0.0,0.0,0.0,251.17589,0.0,0.0,0.0,-1.5707964,0.0
1970-01-01 00:00:00.193736143,0.193736143,0.0,0.0,0.0,0.0,418.74524,0.0,0.0,0.0,-1.5707964,0.0
1970-01-01 00:00:00.193788016,0.193788016,0.0,156.65973,0.0,0.0,0.0,0.0,0.0,0.0,-1.5707964,0.0
1970-01-01 00:00:00.193791701,0.193791701,0.0,0.0,454.26886,0.0,0.0,0.0,0.0,0.0,-1.5707964,0.0
1970-01-01 00:00:00.193871225,0.193871225,0.0,0.0,0.0,148.67676,0.0,0.0,0.0,0.0,-1.5707964,0.0
1970-01-01 00:00:00.193932421,0.193932421,0.0,0.0,0.0,0.0,964.46075,0.0,0.0,0.0,-1.5707964,0.0
1970-01-01 00:00:00.194066451,0.194066451,0.0,0.0,0.0,550.73883,0.0,0.0,0.0,0.0,-1.5707964,0.0
1970-01-01 00:00:00.194068528,0.194068528,0.0,0.0,0.0,0.0,614.04675,0.0,0.0,0.0,-1.5707964,0.0
1970-01-01 00:00:00.194068914,0.194068914,0.0,0.0,0.0,493.5468,0.0,0.0,0.0,0.0,-1.5707964,0.0
1970-01-01 00:00:00.194113546,0.194113546,0.0,0.0,0.0,0.0,213.43292,0.0,0.0,0.0,-1.5707964,0.0
1970-01-01 00:00:00.194137898,0.194137898,0.0,0.0,0.0,251.78442,0.0,0.0,0.0,0.0,-1.5707964,0.0
1970-01-01 00:00:00.194141390,0.19414139,0.0,0.0,0.0,276.43298,0.0,0.0,0.0,0.0,-1.5707964,0.0
1970-01-01 00:00:00.194181123,0.194181123,0.0,0.0,0.0,0.0,883.229,0.0,0.0,0.0,-1.5707964,0.0
1970-01-01 00:00:00.194194899,0.194194899,0.0,0.0,0.0,334.09262,0.0,0.0,0.0,0.0,-1.5707964,0.0
1970-01-01 00:00:00.194215408,0.194215408,0.0,0.0,0.0,0.0,172.42053,0.0,0.0,0.0,-1.5707964,0.0
1970-01-01 00:00:00.194244834,0.194244834,0.0,0.0,0.0,0.0,0.0,216.21915,0.0,0.0,-1.5707964,0.0
1970-01-01 00:00:00.194267075,0.194267075,0.0,0.0,0.0,280.51926,0.0,0.0,0.0,0.0,-1.5707964,0.0
1970-01-01 00:00:00.194292267,0.194292267,0.0,0.0,0.0,0.0,179.30318,0.0,0.0,0.0,-1.5707964,0.0
1970-01-01 00:00:00.194330833,0.194330833,0.0,0.0,0.0,0.0,0.0,238.27834,0.0,0.0,-1.5707964,0.0
1970-01-01 00:00:00.194361755,0.194361755,0.0,0.0,240.34018,0.0,0.0,0.0,0.0,0.0,-1.5707964,0.0
1970-01-01 00:00:00.194386079,0.194386079,0.0,0.0,0.0,0.0,137.5012,0.0,0.0,0.0,-1.5707964,0.0
1970-01-01 00:00:00.194392804,0.194392804,0.0,0.0,0.0,440.91132,0.0,0.0,0.0,0.0,-1.5707964,0.0
1970-01-01 00:00:00.194393181,0.194393181,0.0,81.489006,0.0,0.0,0.0,0.0,0.0,0.0,-1.5707964,0.0
1970-01-01 00:00:00.194393866,0.194393866,0.0,0.0,0.0,5583.7236,0.0,0.0,0.0,0.0,-1.5707964,0.0
1970-01-01 00:00:00.194460547,0.194460547,0.0,0.0,237.24744,0.0,0.0,0.0,0.0,0.0,-1.5707964,0.0
1970-01-01 00:00:00.194485810,0.19448581,0.0,0.0,0.0,111.32954,0.0,0.0,0.0,0.0,-1.5707964,0.0
1970-01-01 00:00:00.194505513,0.194505513,0.0,0.0,470.46194,0.0,0.0,0.0,0.0,0.0,-1.5707964,0.0
1970-01-01 00:00:00.194518365,0.194518365,0.0,99.01196,0.0,0.0,0.0,0.0,0.0,0.0,-1.5707964,0.0
1970-01-01 00:00:00.194566436,0.194566436,134.2851,0.0,0.0,0.0,0.0,0.0,0.0,0.0,-1.5707964,0.0
1970-01-01 00:00:00.194607867,0.194607867,0.0,0.0,0.0,136.06044,0.0,0.0,0.0,0.0,-1.5707964,0.0
1970-01-01 00:00:00.194695023,0.194695023,0.0,0.0,0.0,399.9287,0.0,0.0,0.0,0.0,-1.5707964,0.0
1970-01-01 00:00:00.194698536,0.194698536,0.0,0.0,0.0,262.98444,0.0,0.0,0.0,0.0,-1.5707964,0.0
1970-01-01 00:00:00.194722405,0.194722405,0.0,0.0,762.8548,0.0,0.0,0.0,0.0,0.0,-1.5707964,0.0
1970-01-01 00:00:00.194760169,0.194760169,0.0,0.0,0.0,0.0,199.3415,0.0,0.0,0.0,-1.5707964,0.0
1970-01-01 00:00:00.194795436,0.194795436,0.0,0.0,0.0,89.277306,0.0,0.0,0.0,0.0,-1.5707964,0.0
1970-01-01 00:00:00.194811503,0.194811503,0.0,0.0,0.0,0.0,1408.5625,0.0,0.0,0.0,-1.5707964,0.0
1970-01-01 00:00:00.194833276,0.194833276,0.0,0.0,0.0,151.96216,0.0,0.0,0.0,0.0,-1.5707964,0.0
1970-01-01 00:00:00.194833276,0.194833276,0.0,0.0,0.0,95.7647,0.0,0.0,0.0,0.0,-1.5707964,0.0
1970-01-01 00:00:00.194866665,0.194866665,0.0,0.0,225.45557,0.0,0.0,0.0,0.0,0.0,-1.5707964,0.0
1970-01-01 00:00:00.194877535,0.194877535,0.0,0.0,0.0,108.84069,0.0,0.0,0.0,0.0,-1.5707964,0.0
1970-01-01 00:00:00.194899969,0.194899969,0.0,0.0,0.0,0.0,348.3283,0.0,0.0,0.0,-1.5707964,0.0
1970-01-01 00:00:00.194999980,0.19499998,0.0,432.88852,0.0,0.0,0.0,0.0,0.0,0.0,-1.5707964,0.0
1970-01-01 00:00:00.195015801,0.195015801,0.0,761.67633,0.0,0.0,0.0,0.0,0.0,0.0,-1.5707964,0.0
1970-01-01 00:00:00.195015801,0.195015801,0.0,0.0,0.0,429.51456,0.0,0.0,0.0,0.0,-1.5707964,0.0
1970-01-01 00:00:00.195046627,0.195046627,0.0,0.0,0.0,0.0,0.0,381.6948,0.0,0.0,-1.5707964,0.0
1970-01-01 00:00:00.195072482,0.195072482,0.0,0.0,255.09265,0.0,0.0,0.0,0.0,0.0,-1.5707964,0.0
1970-01-01 00:00:00.195120982,0.195120982,0.0,0.0,317.16864,0.0,0.0,0.0,0.0,0.0,-1.5707964,0.0
1970-01-01 00:00:00.195168495,0.195168495,0.0,0.0,430.2815,0.0,0.0,0.0,0.0,0.0,-1.5707964,0.0
1970-01-01 00:00:00.195188234,0.195188234,0.0,0.0,165.68292,0.0,0.0,0.0,0.0,0.0,-1.5707964,0.0
1970-01-01 00:00:00.195312947,0.195312947,0.0,0.0,0.0,145.96954,0.0,0.0,0.0,0.0,-1.5707964,0.0
1970-01-01 00:00:00.195377198,0.195377198,0.0,0.0,0.0,0.0,0.0,230.92053,0.0,0.0,-1.5707964,0.0
1970-01-01 00:00:00.195386151,0.195386151,0.0,0.0,219.59271,0.0,0.0,0.0,0.0,0.0,-1.5707964,0.0
1970-01-01 00:00:00.195414234,0.195414234,0.0,0.0,0.0,0.0,0.0,87.53353,0.0,0.0,-1.5707964,0.0
1970-01-01 00:00:00.195422294,0.195422294,0.0,0.0,278.33667,0.0,0.0,0.0,0.0,0.0,-1.5707964,0.0
1970-01-01 00:00:00.195457705,0.195457705,0.0,0.0,0.0,551.9858,0.0,0.0,0.0,0.0,-1.5707964,0.0
1970-01-01 00:00:00.195507875,0.195507875,0.0,0.0,0.0,0.0,0.0,91.17512,0.0,0.0,-1.5707964,0.0
1970-01-01 00:00:00.195568908,0.195568908,0.0,262.70416,0.0,0.0,0.0,0.0,0.0,0.0,-1.5707964,0.0
1970-01-01 00:00:00.195572869,0.195572869,0.0,0.0,163.24617,0.0,0.0,0.0,0.0,0.0,-1.5707964,0.0
1970-01-01 00:00:00.195577624,0.195577624,0.0,0.0,0.0,0.0,0.0,125.22386,0.0,0.0,-1.5707964,0.0
1970-01-01 00:00:00.195626275,0.195626275,0.0,0.0,0.0,0.0,2037.4762,0.0,0.0,0.0,-1.5707964,0.0
1970-01-01 00:00:00.195648359,0.195648359,0.0,0.0,0.0,0.0,213.3421,0.0,0.0,0.0,-1.5707964,0.0
1970-01-01 00:00:00.195671827,0.195671827,0.0,0.0,0.0,239.9658,0.0,0.0,0.0,0.0,-1.5707964,0.0
1970-01-01 00:00:00.195708520,0.19570852,0.0,0.0,0.0,448.7179,0.0,0.0,0.0,0.0,-1.5707964,0.0
1970-01-01 00:00:00.195725724,0.195725724,0.0,0.0,0.0,244.41533,0.0,0.0,0.0,0.0,-1.5707964,0.0
1970-01-01 00:00:00.195761533,0.195761533,0.0,0.0,0.0,155.58237,0.0,0.0,0.0,0.0,-1.5707964,0.0
1970-01-01 00:00:00.195797942,0.195797942,0.0,580.6051,0.0,0.0,0.0,0.0,0.0,0.0,-1.5707964,0.0
1970-01-01 00:00:00.195799685,0.195799685,0.0,0.0,0.0,0.0,0.0,275.7827,0.0,0.0,-1.5707964,0.0
1970-01-01 00:00:00.195875484,0.195875484,0.0,0.0,0.0,460.23718,0.0,0.0,0.0,0.0,-1.5707964,0.0
1970-01-01 00:00:00.195886788,0.195886788,0.0,0.0,0.0,299.18954,0.0,0.0,0.0,0.0,-1.5707964,0.0
1970-01-01 00:00:00.195891999,0.195891999,0.0,0.0,0.0,104.69639,0.0,0.0,0.0,0.0,-1.5707964,0.0
1970-01-01 00:00:00.195909759,0.195909759,0.0,0.0,252.99028,0.0,0.0,0.0,0.0,0.0,-1.5707964,0.0
1970-01-01 00:00:00.196026847,0.196026847,0.0,0.0,0.0,0.0,1158.9459,0.0,0.0,0.0,-1.5707964,0.0
1970-01-01 00:00:00.196060134,0.196060134,0.0,0.0,0.0,95.802895,0.0,0.0,0.0,0.0,-1.5707964,0.0
1970-01-01 00:00:00.196061563,0.196061563,0.0,513.9767,0.0,0.0,0.0,0.0,0.0,0.0,-1.5707964,0.0
1970-01-01 00:00:00.196061648,0.196061648,0.0,89.96693,0.0,0.0,0.0,0.0,0.0,0.0,-1.5707964,0.0
1970-01-01 00:00:00.196115660,0.19611566,675.25275,0.0,0.0,0.0,0.0,0.0,0.0,0.0,-1.5707964,0.0
1970-01-01 00:00:00.196126555,0.196126555,0.0,0.0,0.0,96.60979,0.0,0.0,0.0,0.0,-1.5707964,0.0
1970-01-01 00:00:00.196186502,0.196186502,0.0,0.0,0.0,0.0,90.178566,0.0,0.0,0.0,-1.5707964,0.0
1970-01-01 00:00:00.196198138,0.196198138,0.0,0.0,0.0,236.67581,0.0,0.0,0.0,0.0,-1.5707964,0.0
1970-01-01 00:00:00.196206660,0.19620666,0.0,0.0,0.0,0.0,0.0,607.21027,0.0,0.0,-1.5707964,0.0
1970-01-01 00:00:00.196224008,0.196224008,0.0,0.0,233.58824,0.0,0.0,0.0,0.0,0.0,-1.5707964,0.0
1970-01-01 00:00:00.196257322,0.196257322,0.0,0.0,0.0,0.0,0.0,202.91473,0.0,0.0,-1.5707964,0.0
1970-01-01 00:00:00.196277593,0.196277593,0.0,347.28665,0.0,0.0,0.0,0.0,0.0,0.0,-1.5707964,0.0
1970-01-01 00:00:00.196370543,0.196370543,194.89452,0.0,0.0,0.0,0.0,0.0,0.0,0.0,-1.5707964,0.0
1970-01-01 00:00:00.196393020,0.19639302,0.0,0.0,0.0,172.29227,0.0,0.0,0.0,0.0,-1.5707964,0.0
1970-01-01 00:00:00.196438826,0.196438826,0.0,0.0,0.0,0.0,0.0,290.6727,0.0,0.0,-1.5707964,0.0
1970-01-01 00:00:00.196492896,0.196492896,0.0,0.0,0.0,243.43913,0.0,0.0,0.0,0.0,-1.5707964,0.0
1970-01-01 00:00:00.196505770,0.19650577,0.0,0.0,0.0,343.3257,0.0,0.0,0.0,0.0,-1.5707964,0.0
1970-01-01 00:00:00.196549952,0.196549952,0.0,0.0,0.0,0.0,0.0,413.51004,0.0,0.0,-1.5707964,0.0
1970-01-01 00:00:00.196550350,0.19655035,0.0,254.11491,0.0,0.0,0.0,0.0,0.0,0.0,-1.5707964,0.0
1970-01-01 00:00:00.196550350,0.19655035,0.0,0.0,0.0,630.97577,0.0,0.0,0.0,0.0,-1.5707964,0.0
1970-01-01 00:00:00.196615530,0.19661553,0.0,0.0,0.0,798.08356,0.0,0.0,0.0,0.0,-1.5707964,0.0
1970-01-01 00:00:00.196721565,0.196721565,0.0,0.0,0.0,698.61774,0.0,0.0,0.0,0.0,-1.5707964,0.0
1970-01-01 00:00:00.196723411,0.196723411,0.0,0.0,0.0,498.48856,0.0,0.0,0.0,0.0,-1.5707964,0.0
1970-01-01 00:00:00.196724785,0.196724785,0.0,0.0,0.0,394.8012,0.0,0.0,0.0,0.0,-1.5707964,0.0
1970-01-01 00:00:00.196748009,0.196748009,0.0,0.0,0.0,463.9688,0.0,0.0,0.0,0.0,-1.5707964,0.0
1970-01-01 00:00:00.196776028,0.196776028,222.02646,0.0,0.0,0.0,0.0,0.0,0.0,0.0,-1.5707964,0.0
1970-01-01 00:00:00.196816610,0.19681661,0.0,411.3882,0.0,0.0,0.0,0.0,0.0,0.0,-1.5707964,0.0
1970-01-01 00:00:00.196842827,0.196842827,0.0,0.0,0.0,176.12907,0.0,0.0,0.0,0.0,-1.5707964,0.0
1970-01-01 00:00:00.196864232,0.196864232,0.0,0.0,0.0,0.0,106.86839,0.0,0.0,0.0,-1.5707964,0.0
1970-01-01 00:00:00.196868558,0.196868558,0.0,0.0,0.0,81.308586,0.0,0.0,0.0,0.0,-1.5707964,0.0
1970-01-01 00:00:00.196868703,0.196868703,0.0,0.0,0.0,288.84842,0.0,0.0,0.0,0.0,-1.5707964,0.0
1970-01-01 00:00:00.196910463,0.196910463,0.0,0.0,0.0,0.0,748.6336,0.0,0.0,0.0,-1.5707964,0.0
1970-01-01 00:00:00.197124942,0.197124942,0.0,0.0,0.0,133.49234,0.0,0.0,0.0,0.0,-1.5707964,0.0
1970-01-01 00:00:00.197139023,0.197139023,0.0,0.0,0.0,439.01877,0.0,0.0,0.0,0.0,-1.5707964,0.0
1970-01-01 00:00:00.197162320,0.19716232,0.0,0.0,0.0,0.0,0.0,324.53574,0.0,0.0,-1.5707964,0.0
1970-01-01 00:00:00.197177596,0.197177596,0.0,0.0,0.0,557.47424,0.0,0.0,0.0,0.0,-1.5707964,0.0
1970-01-01 00:00:00.197192855,0.197192855,0.0,0.0,0.0,0.0,0.0,100.3284,0.0,0.0,-1.5707964,0.0
1970-01-01 00:00:00.197235324,0.197235324,0.0,0.0,0.0,139.81895,0.0,0.0,0.0,0.0,-1.5707964,0.0
1970-01-01 00:00:00.197262652,0.197262652,0.0,0.0,428.0092,0.0,0.0,0.0,0.0,0.0,-1.5707964,0.0
1970-01-01 00:00:00.197278782,0.197278782,0.0,0.0,0.0,0.0,173.16302,0.0,0.0,0.0,-1.5707964,0.0
1970-01-01 00:00:00.197298047,0.197298047,0.0,0.0,0.0,764.8067,0.0,0.0,0.0,0.0,-1.5707964,0.0
1970-01-01 00:00:00.197331071,0.197331071,0.0,0.0,0.0,0.0,0.0,154.7659,0.0,0.0,-1.5707964,0.0
1970-01-01 00:00:00.197397872,0.197397872,0.0,0.0,0.0,0.0,0.0,768.1949,0.0,0.0,-1.5707964,0.0
1970-01-01 00:00:00.197421561,0.197421561,0.0,0.0,0.0,139.66377,0.0,0.0,0.0,0.0,-1.5707964,0.0
1970-01-01 00:00:00.197442208,0.197442208,0.0,0.0,0.0,91.81341,0.0,0.0,0.0,0.0,-1.5707964,0.0
1970-01-01 00:00:00.197467538,0.197467538,0.0,0.0,0.0,0.0,0.0,188.69435,0.0,0.0,-1.5707964,0.0
1970-01-01 00:00:00.197496565,0.197496565,0.0,0.0,0.0,1284.5804,0.0,0.0,0.0,0.0,-1.5707964,0.0
1970-01-01 00:00:00.197643579,0.197643579,0.0,0.0,0.0,0.0,565.984,0.0,0.0,0.0,-1.5707964,0.0
1970-01-01 00:00:00.197760899,0.197760899,0.0,0.0,0.0,0.0,0.0,939.24286,0.0,0.0,-1.5707964,0.0
1970-01-01 00:00:00.197784381,0.197784381,0.0,236.70694,0.0,0.0,0.0,0.0,0.0,0.0,-1.5707964,0.0
1970-01-01 00:00:00.197792558,0.197792558,0.0,446.0958,0.0,0.0,0.0,0.0,0.0,0.0,-1.5707964,0.0
1970-01-01 00:00:00.197807891,0.197807891,0.0,0.0,0.0,556.00055,0.0,0.0,0.0,0.0,-1.5707964,0.0
1970-01-01 00:00:00.197886908,0.197886908,0.0,0.0,0.0,0.0,0.0,615.7326,0.0,0.0,-1.5707964,0.0
1970-01-01 00:00:00.197922104,0.197922104,0.0,0.0,0.0,0.0,0.0,182.52304,0.0,0.0,-1.5707964,0.0
1970-01-01 00:00:00.197931560,0.19793156,0.0,0.0,0.0,0.0,0.0,536.80096,0.0,0.0,-1.5707964,0.0
1970-01-01 00:00:00.197938890,0.19793889,0.0,0.0,0.0,0.0,0.0,550.6153,0.0,0.0,-1.5707964,0.0
1970-01-01 00:00:00.197955487,0.197955487,0.0,0.0,0.0,108.74656,0.0,0.0,0.0,0.0,-1.5707964,0.0
1970-01-01 00:00:00.197961567,0.197961567,0.0,137.8375,0.0,0.0,0.0,0.0,0.0,0.0,-1.5707964,0.0
1970-01-01 00:00:00.198003194,0.198003194,0.0,0.0,0.0,137.57906,0.0,0.0,0.0,0.0,-1.5707964,0.0
1970-01-01 00:00:00.198015703,0.198015703,0.0,0.0,444.552,0.0,0.0,0.0,0.0,0.0,-1.5707964,0.0
1970-01-01 00:00:00.198036602,0.198036602,0.0,144.99222,0.0,0.0,0.0,0.0,0.0,0.0,-1.5707964,0.0
1970-01-01 00:00:00.198051647,0.198051647,0.0,0.0,0.0,276.0411,0.0,0.0,0.0,0.0,-1.5707964,0.0
1970-01-01 00:00:00.198068913,0.198068913,0.0,0.0,0.0,0.0,0.0,221.62991,0.0,0.0,-1.5707964,0.0
1970-01-01 00:00:00.198132623,0.198132623,0.0,0.0,0.0,1470.7773,0.0,0.0,0.0,0.0,-1.5707964,0.0
1970-01-01 00:00:00.198156038,0.198156038,0.0,0.0,0.0,91.71535,0.0,0.0,0.0,0.0,-1.5707964,0.0
1970-01-01 00:00:00.198212662,0.198212662,0.0,0.0,0.0,0.0,861.4573,0.0,0.0,0.0,-1.5707964,0.0
1970-01-01 00:00:00.198217336,0.198217336,0.0,0.0,0.0,0.0,173.05132,0.0,0.0,0.0,-1.5707964,0.0
1970-01-01 00:00:00.198335821,0.198335821,0.0,0.0,0.0,93.274,0.0,0.0,0.0,0.0,-1.5707964,0.0
1970-01-01 00:00:00.198354397,0.198354397,0.0,517.5548,0.0,0.0,0.0,0.0,0.0,0.0,-1.5707964,0.0
1970-01-01 00:00:00.198387924,0.198387924,0.0,0.0,0.0,0.0,0.0,414.72635,0.0,0.0,-1.5707964,0.0
1970-01-01 00:00:00.198395644,0.198395644,0.0,0.0,0.0,465.19827,0.0,0.0,0.0,0.0,-1.5707964,0.0
1970-01-01 00:00:00.198529533,0.198529533,0.0,0.0,0.0,445.3385,0.0,0.0,0.0,0.0,-1.5707964,0.0
1970-01-01 00:00:00.198551691,0.198551691,0.0,142.88257,0.0,0.0,0.0,0.0,0.0,0.0,-1.5707964,0.0
1970-01-01 00:00:00.198566293,0.198566293,0.0,0.0,0.0,379.3045,0.0,0.0,0.0,0.0,-1.5707964,0.0
1970-01-01 00:00:00.198575397,0.198575397,0.0,0.0,0.0,465.07693,0.0,0.0,0.0,0.0,-1.5707964,0.0
1970-01-01 00:00:00.198628052,0.198628052,0.0,0.0,0.0,458.60333,0.0,0.0,0.0,0.0,-1.5707964,0.0
1970-01-01 00:00:00.198641388,0.198641388,0.0,0.0,0.0,162.20007,0.0,0.0,0.0,0.0,-1.5707964,0.0
1970-01-01 00:00:00.198664874,0.198664874,0.0,0.0,0.0,244.3836,0.0,0.0,0.0,0.0,-1.5707964,0.0
1970-01-01 00:00:00.198743757,0.198743757,0.0,0.0,0.0,342.21347,0.0,0.0,0.0,0.0,-1.5707964,0.0
1970-01-01 00:00:00.198753022,0.198753022,0.0,0.0,0.0,0.0,0.0,127.935616,0.0,0.0,-1.5707964,0.0
1970-01-01 00:00:00.198766046,0.198766046,0.0,0.0,0.0,93.189384,0.0,0.0,0.0,0.0,-1.5707964,0.0
1970-01-01 00:00:00.198768732,0.198768732,0.0,0.0,376.2985,0.0,0.0,0.0,0.0,0.0,-1.5707964,0.0
1970-01-01 00:00:00.198832721,0.198832721,0.0,0.0,0.0,377.0172,0.0,0.0,0.0,0.0,-1.5707964,0.0
1970-01-01 00:00:00.198845092,0.198845092,0.0,0.0,0.0,184.9206,0.0,0.0,0.0,0.0,-1.5707964,0.0
1970-01-01 00:00:00.198877853,0.198877853,0.0,0.0,0.0,266.74698,0.0,0.0,0.0,0.0,-1.5707964,0.0
1970-01-01 00:00:00.198904337,0.198904337,0.0,0.0,849.24426,0.0,0.0,0.0,0.0,0.0,-1.5707964,0.0
1970-01-01 00:00:00.198912815,0.198912815,0.0,0.0,0.0,0.0,0.0,344.9098,0.0,0.0,-1.5707964,0.0
1970-01-01 00:00:00.198943592,0.198943592,0.0,0.0,0.0,0.0,473.3547,0.0,0.0,0.0,-1.5707964,0.0
1970-01-01 00:00:00.198965719,0.198965719,0.0,0.0,0.0,0.0,0.0,201.0305,0.0,0.0,-1.5707964,0.0
1970-01-01 00:00:00.199005915,0.199005915,0.0,0.0,0.0,233.4545,0.0,0.0,0.0,0.0,-1.5707964,0.0
1970-01-01 00:00:00.199015265,0.199015265,0.0,584.33484,0.0,0.0,0.0,0.0,0.0,0.0,-1.5707964,0.0
1970-01-01 00:00:00.199024786,0.199024786,0.0,0.0,0.0,0.0,0.0,140.62503,0.0,0.0,-1.5707964,0.0
1970-01-01 00:00:00.199169065,0.199169065,0.0,0.0,0.0,0.0,174.08218,0.0,0.0,0.0,-1.5707964,0.0
1970-01-01 00:00:00.199207503,0.199207503,0.0,0.0,0.0,188.99844,0.0,0.0,0.0,0.0,-1.5707964,0.0
1970-01-01 00:00:00.199269409,0.199269409,283.17157,0.0,0.0,0.0,0.0,0.0,0.0,0.0,-1.5707964,0.0
1970-01-01 00:00:00.199300177,0.199300177,0.0,0.0,0.0,183.42871,0.0,0.0,0.0,0.0,-1.5707964,0.0
1970-01-01 00:00:00.199309565,0.199309565,0.0,0.0,0.0,0.0,0.0,1476.6599,0.0,0.0,-1.5707964,0.0
1970-01-01 00:00:00.199341707,0.199341707,0.0,0.0,0.0,0.0,181.33954,0.0,0.0,0.0,-1.5707964,0.0
1970-01-01 00:00:00.199343327,0.199343327,0.0,0.0,0.0,0.0,1147.3254,0.0,0.0,0.0,-1.5707964,0.0
1970-01-01 00:00:00.199343599,0.199343599,0.0,0.0,0.0,0.0,0.0,485.94302,0.0,0.0,-1.5707964,0.0
1970-01-01 00:00:00.199422285,0.199422285,0.0,0.0,0.0,0.0,0.0,616.39996,0.0,0.0,-1.5707964,0.0
1970-01-01 00:00:00.199433306,0.199433306,0.0,0.0,323.76154,0.0,0.0,0.0,0.0,0.0,-1.5707964,0.0
1970-01-01 00:00:00.199459166,0.199459166,0.0,0.0,145.95978,0.0,0.0,0.0,0.0,0.0,-1.5707964,0.0
1970-01-01 00:00:00.199556280,0.19955628,0.0,0.0,0.0,0.0,0.0,121.741745,0.0,0.0,-1.5707964,0.0
1970-01-01 00:00:00.199561355,0.199561355,0.0,0.0,0.0,123.432755,0.0,0.0,0.0,0.0,-1.5707964,0.0
1970-01-01 00:00:00.199568943,0.199568943,0.0,0.0,0.0,429.7174,0.0,0.0,0.0,0.0,-1.5707964,0.0
1970-01-01 00:00:00.199615638,0.199615638,0.0,1019.07007,0.0,0.0,0.0,0.0,0.0,0.0,-1.5707964,0.0
1970-01-01 00:00:00.199666368,0.199666368,0.0,0.0,626.732,0.0,0.0,0.0,0.0,0.0,-1.5707964,0.0
1970-01-01 00:00:00.199808508,0.199808508,0.0,0.0,0.0,0.0,0.0,102.29082,0.0,0.0,-1.5707964,0.0
1970-01-01 00:00:00.199813492,0.199813492,0.0,237.15935,0.0,0.0,0.0,0.0,0.0,0.0,-1.5707964,0.0
1970-01-01 00:00:00.199819641,0.199819641,138.77019,0.0,0.0,0.0,0.0,0.0,0.0,0.0,-1.5707964,0.0
1970-01-01 00:00:00.199879076,0.199879076,0.0,0.0,0.0,0.0,350.28815,0.0,0.0,0.0,-1.5707964,0.0
1970-01-01 00:00:00.199887395,0.199887395,0.0,0.0,0.0,0.0,0.0,561.0942,0.0,0.0,-1.5707964,0.0
1970-01-01 00:00:00.199971189,0.199971189,0.0,0.0,0.0,0.0,0.0,138.36073,0.0,0.0,-1.5707964,0.0
1970-01-01 00:00:00.200089955,0.200089955,0.0,102.03703,0.0,0.0,0.0,0.0,0.0,0.0,-1.5707964,0.0
1970-01-01 00:00:00.200223484,0.200223484,0.0,0.0,0.0,0.0,147.82033,0.0,0.0,0.0,-1.5707964,0.0
1970-01-01 00:00:00.200244380,0.20024438,0.0,0.0,0.0,0.0,0.0,133.6866,0.0,0.0,-1.5707964,0.0
1970-01-01 00:00:00.200270845,0.200270845,0.0,0.0,0.0,0.0,0.0,120.96915,0.0,0.0,-1.5707964,0.0
1970-01-01 00:00:00.200348203,0.200348203,0.0,0.0,0.0,0.0,0.0,150.64348,0.0,0.0,-1.5707964,0.0
1970-01-01 00:00:00.200401220,0.20040122,191.0247,0.0,0.0,0.0,0.0,0.0,0.0,0.0,-1.5707964,0.0
1970-01-01 00:00:00.200423015,0.200423015,0.0,0.0,0.0,232.3259,0.0,0.0,0.0,0.0,-1.5707964,0.0
1970-01-01 00:00:00.200475372,0.200475372,105.469475,0.0,0.0,0.0,0.0,0.0,0.0,0.0,-1.5707964,0.0
1970-01-01 00:00:00.200478097,0.200478097,0.0,0.0,0.0,0.0,0.0,163.52744,0.0,0.0,-1.5707964,0.0
1970-01-01 00:00:00.200487156,0.200487156,0.0,0.0,0.0,0.0,495.93704,0.0,0.0,0.0,-1.5707964,0.0
1970-01-01 00:00:00.200516278,0.200516278,0.0,0.0,0.0,93.931206,0.0,0.0,0.0,0.0,-1.5707964,0.0
1970-01-01 00:00:00.200571005,0.200571005,0.0,0.0,0.0,0.0,0.0,348.6089,0.0,0.0,-1.5707964,0.0
1970-01-01 00:00:00.200603778,0.200603778,0.0,0.0,0.0,321.59317,0.0,0.0,0.0,0.0,-1.5707964,0.0
1970-01-01 00:00:00.200604149,0.200604149,0.0,0.0,0.0,0.0,0.0,87.0773,0.0,0.0,-1.5707964,0.0
1970-01-01 00:00:00.200662218,0.200662218,0.0,0.0,0.0,0.0,0.0,578.9396,0.0,0.0,-1.5707964,0.0
1970-01-01 00:00:00.200672262,0.200672262,0.0,0.0,362.68622,0.0,0.0,0.0,0.0,0.0,-1.5707964,0.0
1970-01-01 00:00:00.200698532,0.200698532,0.0,0.0,0.0,482.40558,0.0,0.0,0.0,0.0,-1.5707964,0.0
1970-01-01 00:00:00.200722946,0.200722946,0.0,0.0,0.0,202.23347,0.0,0.0,0.0,0.0,-1.5707964,0.0
1970-01-01 00:00:00.200821051,0.200821051,0.0,0.0,0.0,0.0,322.24496,0.0,0.0,0.0,-1.5707964,0.0
1970-01-01 00:00:00.200866967,0.200866967,0.0,977.3052,0.0,0.0,0.0,0.0,0.0,0.0,-1.5707964,0.0
1970-01-01 00:00:00.200903240,0.20090324,0.0,276.4194,0.0,0.0,0.0,0.0,0.0,0.0,-1.5707964,0.0
1970-01-01 00:00:00.200946498,0.200946498,0.0,0.0,0.0,112.93604,0.0,0.0,0.0,0.0,-1.5707964,0.0
1970-01-01 00:00:00.201004239,0.201004239,0.0,0.0,888.3282,0.0,0.0,0.0,0.0,0.0,-1.5707964,0.0
1970-01-01 00:00:00.201058708,0.201058708,0.0,0.0,0.0,132.5421,0.0,0.0,0.0,0.0,-1.5707964,0.0
1970-01-01 00:00:00.201087546,0.201087546,0.0,0.0,0.0,0.0,0.0,157.58023,0.0,0.0,-1.5707964,0.0
1970-01-01 00:00:00.201101334,0.201101334,0.0,0.0,0.0,544.20496,0.0,0.0,0.0,0.0,-1.5707964,0.0
1970-01-01 00:00:00.201126779,0.201126779,0.0,0.0,0.0,0.0,0.0,236.48195,0.0,0.0,-1.5707964,0.0
1970-01-01 00:00:00.201155472,0.201155472,0.0,0.0,0.0,0.0,0.0,86.29663,0.0,0.0,-1.5707964,0.0
1970-01-01 00:00:00.201212182,0.201212182,0.0,0.0,350.45163,0.0,0.0,0.0,0.0,0.0,-1.5707964,0.0
1970-01-01 00:00:00.201214482,0.201214482,0.0,0.0,0.0,111.74611,0.0,0.0,0.0,0.0,-1.5707964,0.0
1970-01-01 00:00:00.201262329,0.201262329,0.0,0.0,0.0,163.23569,0.0,0.0,0.0,0.0,-1.5707964,0.0
1970-01-01 00:00:00.201274406,0.201274406,0.0,0.0,0.0,0.0,0.0,97.62462,0.0,0.0,-1.5707964,0.0
1970-01-01 00:00:00.201278889,0.201278889,0.0,0.0,0.0,362.30078,0.0,0.0,0.0,0.0,-1.5707964,0.0
1970-01-01 00:00:00.201352272,0.201352272,0.0,0.0,0.0,0.0,0.0,152.52483,0.0,0.0,-1.5707964,0.0
1970-01-01 00:00:00.201353336,0.201353336,0.0,0.0,0.0,0.0,0.0,493.79425,0.0,0.0,-1.5707964,0.0
1970-01-01 00:00:00.201362840,0.20136284,0.0,0.0,0.0,112.11451,0.0,0.0,0.0,0.0,-1.5707964,0.0
1970-01-01 00:00:00.201380910,0.20138091,0.0,0.0,0.0,477.27673,0.0,0.0,0.0,0.0,-1.5707964,0.0
1970-01-01 00:00:00.201470856,0.201470856,0.0,0.0,0.0,0.0,0.0,671.3721,0.0,0.0,-1.5707964,0.0
1970-01-01 00:00:00.201487047,0.201487047,0.0,0.0,0.0,0.0,394.93622,0.0,0.0,0.0,-1.5707964,0.0
1970-01-01 00:00:00.201561777,0.201561777,0.0,0.0,327.691,0.0,0.0,0.0,0.0,0.0,-1.5707964,0.0
1970-01-01 00:00:00.201562560,0.20156256,0.0,0.0,0.0,0.0,612.60974,0.0,0.0,0.0,-1.5707964,0.0
1970-01-01 00:00:00.201564409,0.201564409,0.0,0.0,0.0,94.648674,0.0,0.0,0.0,0.0,-1.5707964,0.0
1970-01-01 00:00:00.201578151,0.201578151,0.0,0.0,0.0,0.0,0.0,97.2983,0.0,0.0,-1.5707964,0.0
1970-01-01 00:00:00.201603570,0.20160357,0.0,0.0,0.0,0.0,0.0,225.02464,0.0,0.0,-1.5707964,0.0
1970-01-01 00:00:00.201695937,0.201695937,0.0,0.0,0.0,418.2521,0.0,0.0,0.0,0.0,-1.5707964,0.0
1970-01-01 00:00:00.201724922,0.201724922,0.0,0.0,191.35896,0.0,0.0,0.0,0.0,0.0,-1.5707964,0.0
1970-01-01 00:00:00.201798821,0.201798821,0.0,0.0,263.4461,0.0,0.0,0.0,0.0,0.0,-1.5707964,0.0
1970-01-01 00:00:00.201806760,0.20180676,0.0,0.0,0.0,195.99353,0.0,0.0,0.0,0.0,-1.5707964,0.0
1970-01-01 00:00:00.201825736,0.201825736,0.0,0.0,0.0,231.53868,0.0,0.0,0.0,0.0,-1.5707964,0.0
1970-01-01 00:00:00.201852090,0.20185209,0.0,0.0,0.0,340.49704,0.0,0.0,0.0,0.0,-1.5707964,0.0
1970-01-01 00:00:00.201932998,0.201932998,0.0,0.0,0.0,426.14868,0.0,0.0,0.0,0.0,-1.5707964,0.0
1970-01-01 00:00:00.201966874,0.201966874,0.0,0.0,0.0,389.26227,0.0,0.0,0.0,0.0,-1.5707964,0.0
1970-01-01 00:00:00.202010307,0.202010307,0.0,0.0,0.0,215.44037,0.0,0.0,0.0,0.0,-1.5707964,0.0
1970-01-01 00:00:00.202052982,0.202052982,0.0,0.0,0.0,0.0,0.0,245.72002,0.0,0.0,-1.5707964,0.0
1970-01-01 00:00:00.202059678,0.202059678,0.0,0.0,0.0,684.50635,0.0,0.0,0.0,0.0,-1.5707964,0.0
1970-01-01 00:00:00.202096202,0.202096202,0.0,0.0,0.0,0.0,0.0,240.00465,0.0,0.0,-1.5707964,0.0
1970-01-01 00:00:00.202155006,0.202155006,0.0,0.0,0.0,598.92816,0.0,0.0,0.0,0.0,-1.5707964,0.0
1970-01-01 00:00:00.202189466,0.202189466,0.0,0.0,0.0,144.44131,0.0,0.0,0.0,0.0,-1.5707964,0.0
1970-01-01 00:00:00.202254223,0.202254223,0.0,0.0,0.0,1210.5172,0.0,0.0,0.0,0.0,-1.5707964,0.0
1970-01-01 00:00:00.202306230,0.20230623,0.0,0.0,0.0,0.0,0.0,1137.5153,0.0,0.0,-1.5707964,0.0
1970-01-01 00:00:00.202329656,0.202329656,0.0,0.0,0.0,435.54166,0.0,0.0,0.0,0.0,-1.5707964,0.0
1970-01-01 00:00:00.202329656,0.202329656,0.0,0.0,0.0,188.97232,0.0,0.0,0.0,0.0,-1.5707964,0.0
1970-01-01 00:00:00.202382924,0.202382924,0.0,0.0,0.0,194.77272,0.0,0.0,0.0,0.0,-1.5707964,0.0
1970-01-01 00:00:00.202400640,0.20240064,0.0,0.0,0.0,111.39052,0.0,0.0,0.0,0.0,-1.5707964,0.0
1970-01-01 00:00:00.202406742,0.202406742,0.0,0.0,0.0,497.02426,0.0,0.0,0.0,0.0,-1.5707964,0.0
1970-01-01 00:00:00.202489299,0.202489299,0.0,0.0,0.0,1448.4795,0.0,0.0,0.0,0.0,-1.5707964,0.0
1970-01-01 00:00:00.202512149,0.202512149,0.0,0.0,105.16527,0.0,0.0,0.0,0.0,0.0,-1.5707964,0.0
1970-01-01 00:00:00.202528655,0.202528655,0.0,0.0,0.0,0.0,0.0,382.53796,0.0,0.0,-1.5707964,0.0
1970-01-01 00:00:00.202554061,0.202554061,0.0,0.0,0.0,345.07962,0.0,0.0,0.0,0.0,-1.5707964,0.0
1970-01-01 00:00:00.202613125,0.202613125,0.0,0.0,0.0,258.35696,0.0,0.0,0.0,0.0,-1.5707964,0.0
1970-01-01 00:00:00.202652220,0.20265222,0.0,0.0,330.55936,0.0,0.0,0.0,0.0,0.0,-1.5707964,0.0
1970-01-01 00:00:00.202683658,0.202683658,0.0,0.0,138.112,0.0,0.0,0.0,0.0,0.0,-1.5707964,0.0
1970-01-01 00:00:00.202708556,0.202708556,0.0,0.0,0.0,616.455,0.0,0.0,0.0,0.0,-1.5707964,0.0
1970-01-01 00:00:00.202739992,0.202739992,0.0,0.0,403.79742,0.0,0.0,0.0,0.0,0.0,-1.5707964,0.0
1970-01-01 00:00:00.202748785,0.202748785,0.0,0.0,0.0,0.0,0.0,922.7397,0.0,0.0,-1.5707964,0.0
1970-01-01 00:00:00.202777753,0.202777753,0.0,0.0,0.0,0.0,593.2428,0.0,0.0,0.0,-1.5707964,0.0
1970-01-01 00:00:00.202835353,0.202835353,276.27347,0.0,0.0,0.0,0.0,0.0,0.0,0.0,-1.5707964,0.0
1970-01-01 00:00:00.202846622,0.202846622,0.0,0.0,0.0,144.42404,0.0,0.0,0.0,0.0,-1.5707964,0.0
1970-01-01 00:00:00.202880362,0.202880362,0.0,554.2945,0.0,0.0,0.0,0.0,0.0,0.0,-1.5707964,0.0
1970-01-01 00:00:00.202880362,0.202880362,0.0,0.0,0.0,96.64454,0.0,0.0,0.0,0.0,-1.5707964,0.0
1970-01-01 00:00:00.202910533,0.202910533,0.0,0.0,0.0,112.95926,0.0,0.0,0.0,0.0,-1.5707964,0.0
1970-01-01 00:00:00.202942361,0.202942361,0.0,0.0,0.0,0.0,0.0,200.7938,0.0,0.0,-1.5707964,0.0
1970-01-01 00:00:00.202968330,0.20296833,0.0,0.0,0.0,223.75444,0.0,0.0,0.0,0.0,-1.5707964,0.0
1970-01-01 00:00:00.202981970,0.20298197,0.0,0.0,0.0,107.975716,0.0,0.0,0.0,0.0,-1.5707964,0.0
1970-01-01 00:00:00.203009740,0.20300974,0.0,0.0,0.0,0.0,0.0,438.41357,0.0,0.0,-1.5707964,0.0
1970-01-01 00:00:00.203084563,0.203084563,0.0,0.0,209.15984,0.0,0.0,0.0,0.0,0.0,-1.5707964,0.0
1970-01-01 00:00:00.203195078,0.203195078,0.0,0.0,415.84018,0.0,0.0,0.0,0.0,0.0,-1.5707964,0.0
1970-01-01 00:00:00.203225185,0.203225185,0.0,0.0,0.0,0.0,2017.7798,0.0,0.0,0.0,-1.5707964,0.0
1970-01-01 00:00:00.203318478,0.203318478,0.0,0.0,0.0,0.0,0.0,1224.8751,0.0,0.0,-1.5707964,0.0
1970-01-01 00:00:00.203410648,0.203410648,0.0,0.0,189.58264,0.0,0.0,0.0,0.0,0.0,-1.5707964,0.0
1970-01-01 00:00:00.203422495,0.203422495,0.0,0.0,0.0,169.18907,0.0,0.0,0.0,0.0,-1.5707964,0.0
1970-01-01 00:00:00.203437014,0.203437014,0.0,0.0,0.0,1082.3011,0.0,0.0,0.0,0.0,-1.5707964,0.0
1970-01-01 00:00:00.203477787,0.203477787,0.0,0.0,0.0,89.445114,0.0,0.0,0.0,0.0,-1.5707964,0.0
1970-01-01 00:00:00.203524498,0.203524498,0.0,0.0,0.0,233.18188,0.0,0.0,0.0,0.0,-1.5707964,0.0
1970-01-01 00:00:00.203572587,0.203572587,0.0,0.0,0.0,0.0,0.0,211.7198,0.0,0.0,-1.5707964,0.0
1970-01-01 00:00:00.203631904,0.203631904,0.0,0.0,0.0,0.0,121.22729,0.0,0.0,0.0,-1.5707964,0.0
1970-01-01 00:00:00.203643150,0.20364315,0.0,0.0,364.9885,0.0,0.0,0.0,0.0,0.0,-1.5707964,0.0
1970-01-01 00:00:00.203811407,0.203811407,0.0,0.0,0.0,87.81475,0.0,0.0,0.0,0.0,-1.5707964,0.0
1970-01-01 00:00:00.203833784,0.203833784,0.0,0.0,0.0,225.78136,0.0,0.0,0.0,0.0,-1.5707964,0.0
1970-01-01 00:00:00.203842185,0.203842185,0.0,0.0,0.0,81.593895,0.0,0.0,0.0,0.0,-1.5707964,0.0
1970-01-01 00:00:00.203877196,0.203877196,0.0,0.0,0.0,0.0,0.0,414.81668,0.0,0.0,-1.5707964,0.0
1970-01-01 00:00:00.203888422,0.203888422,0.0,0.0,0.0,155.3651,0.0,0.0,0.0,0.0,-1.5707964,0.0
1970-01-01 00:00:00.203924098,0.203924098,0.0,0.0,0.0,0.0,0.0,108.69305,0.0,0.0,-1.5707964,0.0
1970-01-01 00:00:00.203924098,0.203924098,0.0,0.0,0.0,0.0,0.0,98.37355,0.0,0.0,-1.5707964,0.0
1970-01-01 00:00:00.203963920,0.20396392,0.0,0.0,0.0,0.0,0.0,215.81584,0.0,0.0,-1.5707964,0.0
1970-01-01 00:00:00.203971622,0.203971622,0.0,0.0,0.0,0.0,214.99725,0.0,0.0,0.0,-1.5707964,0.0
1970-01-01 00:00:00.203990303,0.203990303,0.0,0.0,0.0,0.0,693.6772,0.0,0.0,0.0,-1.5707964,0.0
1970-01-01 00:00:00.204020091,0.204020091,0.0,0.0,0.0,0.0,268.91876,0.0,0.0,0.0,-1.5707964,0.0
1970-01-01 00:00:00.204020091,0.204020091,0.0,0.0,0.0,569.38116,0.0,0.0,0.0,0.0,-1.5707964,0.0
1970-01-01 00:00:00.204039771,0.204039771,0.0,0.0,0.0,0.0,325.1742,0.0,0.0,0.0,-1.5707964,0.0
1970-01-01 00:00:00.204119724,0.204119724,0.0,0.0,0.0,0.0,0.0,396.0904,0.0,0.0,-1.5707964,0.0
1970-01-01 00:00:00.204165254,0.204165254,0.0,0.0,0.0,225.02203,0.0,0.0,0.0,0.0,-1.5707964,0.0
1970-01-01 00:00:00.204171206,0.204171206,0.0,0.0,0.0,0.0,0.0,91.567764,0.0,0.0,-1.5707964,0.0
1970-01-01 00:00:00.204203078,0.204203078,0.0,826.8009,0.0,0.0,0.0,0.0,0.0,0.0,-1.5707964,0.0
1970-01-01 00:00:00.204207407,0.204207407,0.0,0.0,0.0,262.66812,0.0,0.0,0.0,0.0,-1.5707964,0.0
1970-01-01 00:00:00.204270906,0.204270906,0.0,336.484,0.0,0.0,0.0,0.0,0.0,0.0,-1.5707964,0.0
1970-01-01 00:00:00.204412938,0.204412938,0.0,0.0,0.0,196.9391,0.0,0.0,0.0,0.0,-1.5707964,0.0
1970-01-01 00:00:00.204415632,0.204415632,0.0,0.0,0.0,155.51494,0.0,0.0,0.0,0.0,-1.5707964,0.0
1970-01-01 00:00:00.204445468,0.204445468,0.0,203.03479,0.0,0.0,0.0,0.0,0.0,0.0,-1.5707964,0.0
1970-01-01 00:00:00.204463504,0.204463504,0.0,124.67081,0.0,0.0,0.0,0.0,0.0,0.0,-1.5707964,0.0
1970-01-01 00:00:00.204592458,0.204592458,0.0,0.0,110.67502,0.0,0.0,0.0,0.0,0.0,-1.5707964,0.0
1970-01-01 00:00:00.204617743,0.204617743,0.0,0.0,0.0,0.0,0.0,319.52698,0.0,0.0,-1.5707964,0.0
1970-01-01 00:00:00.204617845,0.204617845,0.0,1993.3357,0.0,0.0,0.0,0.0,0.0,0.0,-1.5707964,0.0
1970-01-01 00:00:00.204619617,0.204619617,0.0,0.0,0.0,297.23294,0.0,0.0,0.0,0.0,-1.5707964,0.0
1970-01-01 00:00:00.204619888,0.204619888,0.0,0.0,0.0,0.0,0.0,268.2431,0.0,0.0,-1.5707964,0.0
1970-01-01 00:00:00.204639246,0.204639246,0.0,0.0,0.0,176.7462,0.0,0.0,0.0,0.0,-1.5707964,0.0
1970-01-01 00:00:00.204721014,0.204721014,0.0,540.5503,0.0,0.0,0.0,0.0,0.0,0.0,-1.5707964,0.0
1970-01-01 00:00:00.204721014,0.204721014,0.0,0.0,0.0,401.1214,0.0,0.0,0.0,0.0,-1.5707964,0.0
1970-01-01 00:00:00.204800399,0.204800399,0.0,0.0,0.0,0.0,348.0283,0.0,0.0,0.0,-1.5707964,0.0
1970-01-01 00:00:00.204941864,0.204941864,0.0,0.0,0.0,0.0,1035.6171,0.0,0.0,0.0,-1.5707964,0.0
1970-01-01 00:00:00.204975835,0.204975835,0.0,0.0,0.0,224.2178,0.0,0.0,0.0,0.0,-1.5707964,0.0
1970-01-01 00:00:00.205007800,0.2050078,0.0,0.0,472.87323,0.0,0.0,0.0,0.0,0.0,-1.5707964,0.0
1970-01-01 00:00:00.205011925,0.205011925,0.0,0.0,1107.8912,0.0,0.0,0.0,0.0,0.0,-1.5707964,0.0
1970-01-01 00:00:00.205048247,0.205048247,0.0,0.0,0.0,0.0,0.0,253.17581,0.0,0.0,-1.5707964,0.0
1970-01-01 00:00:00.205062828,0.205062828,0.0,0.0,0.0,0.0,185.05324,0.0,0.0,0.0,-1.5707964,0.0
1970-01-01 00:00:00.205080532,0.205080532,0.0,328.55872,0.0,0.0,0.0,0.0,0.0,0.0,-1.5707964,0.0
1970-01-01 00:00:00.205155397,0.205155397,0.0,0.0,0.0,0.0,144.06184,0.0,0.0,0.0,-1.5707964,0.0
1970-01-01 00:00:00.205184551,0.205184551,0.0,0.0,0.0,0.0,0.0,490.85165,0.0,0.0,-1.5707964,0.0
1970-01-01 00:00:00.205273980,0.20527398,0.0,0.0,0.0,91.65516,0.0,0.0,0.0,0.0,-1.5707964,0.0
1970-01-01 00:00:00.205278003,0.205278003,0.0,0.0,0.0,0.0,565.9639,0.0,0.0,0.0,-1.5707964,0.0
1970-01-01 00:00:00.205340366,0.205340366,0.0,0.0,0.0,342.31296,0.0,0.0,0.0,0.0,-1.5707964,0.0
1970-01-01 00:00:00.205387797,0.205387797,0.0,0.0,0.0,1449.3455,0.0,0.0,0.0,0.0,-1.5707964,0.0
1970-01-01 00:00:00.205398408,0.205398408,122.40237,0.0,0.0,0.0,0.0,0.0,0.0,0.0,-1.5707964,0.0
1970-01-01 00:00:00.205433348,0.205433348,0.0,0.0,1204.9972,0.0,0.0,0.0,0.0,0.0,-1.5707964,0.0
1970-01-01 00:00:00.205466204,0.205466204,0.0,0.0,0.0,100.05261,0.0,0.0,0.0,0.0,-1.5707964,0.0
1970-01-01 00:00:00.205479176,0.205479176,0.0,0.0,647.1665,0.0,0.0,0.0,0.0,0.0,-1.5707964,0.0
1970-01-01 00:00:00.205486554,0.205486554,137.0864,0.0,0.0,0.0,0.0,0.0,0.0,0.0,-1.5707964,0.0
1970-01-01 00:00:00.205615425,0.205615425,0.0,0.0,0.0,169.60614,0.0,0.0,0.0,0.0,-1.5707964,0.0
1970-01-01 00:00:00.205669609,0.205669609,0.0,0.0,0.0,0.0,203.81773,0.0,0.0,0.0,-1.5707964,0.0
1970-01-01 00:00:00.205734448,0.205734448,0.0,0.0,0.0,1167.2532,0.0,0.0,0.0,0.0,-1.5707964,0.0
1970-01-01 00:00:00.205779336,0.205779336,0.0,655.8559,0.0,0.0,0.0,0.0,0.0,0.0,-1.5707964,0.0
1970-01-01 00:00:00.205792754,0.205792754,0.0,0.0,0.0,0.0,240.89552,0.0,0.0,0.0,-1.5707964,0.0
1970-01-01 00:00:00.205792754,0.205792754,0.0,0.0,0.0,500.01193,0.0,0.0,0.0,0.0,-1.5707964,0.0
1970-01-01 00:00:00.205792754,0.205792754,0.0,0.0,0.0,0.0,0.0,200.73503,0.0,0.0,-1.5707964,0.0
1970-01-01 00:00:00.205799433,0.205799433,0.0,0.0,0.0,222.56929,0.0,0.0,0.0,0.0,-1.5707964,0.0
1970-01-01 00:00:00.205804795,0.205804795,0.0,0.0,0.0,100.78731,0.0,0.0,0.0,0.0,-1.5707964,0.0
1970-01-01 00:00:00.205821739,0.205821739,0.0,0.0,506.21326,0.0,0.0,0.0,0.0,0.0,-1.5707964,0.0
1970-01-01 00:00:00.205836755,0.205836755,0.0,1080.0217,0.0,0.0,0.0,0.0,0.0,0.0,-1.5707964,0.0
1970-01-01 00:00:00.205860281,0.205860281,0.0,0.0,0.0,0.0,138.00986,0.0,0.0,0.0,-1.5707964,0.0
1970-01-01 00:00:00.205867948,0.205867948,0.0,0.0,0.0,300.9814,0.0,0.0,0.0,0.0,-1.5707964,0.0
1970-01-01 00:00:00.205868508,0.205868508,0.0,0.0,239.22047,0.0,0.0,0.0,0.0,0.0,-1.5707964,0.0
1970-01-01 00:00:00.205886509,0.205886509,0.0,0.0,0.0,0.0,484.21106,0.0,0.0,0.0,-1.5707964,0.0
1970-01-01 00:00:00.205918218,0.205918218,0.0,0.0,0.0,221.1082,0.0,0.0,0.0,0.0,-1.5707964,0.0
1970-01-01 00:00:00.205935192,0.205935192,0.0,1112.1191,0.0,0.0,0.0,0.0,0.0,0.0,-1.5707964,0.0
1970-01-01 00:00:00.205938985,0.205938985,0.0,0.0,0.0,258.6241,0.0,0.0,0.0,0.0,-1.5707964,0.0
1970-01-01 00:00:00.205944541,0.205944541,0.0,0.0,0.0,0.0,0.0,261.92935,0.0,0.0,-1.5707964,0.0
1970-01-01 00:00:00.206084713,0.206084713,0.0,0.0,0.0,147.3447,0.0,0.0,0.0,0.0,-1.5707964,0.0
1970-01-01 00:00:00.206148567,0.206148567,0.0,0.0,569.52875,0.0,0.0,0.0,0.0,0.0,-1.5707964,0.0
1970-01-01 00:00:00.206170764,0.206170764,0.0,0.0,201.57089,0.0,0.0,0.0,0.0,0.0,-1.5707964,0.0
1970-01-01 00:00:00.206199043,0.206199043,241.30215,0.0,0.0,0.0,0.0,0.0,0.0,0.0,-1.5707964,0.0
1970-01-01 00:00:00.206225647,0.206225647,0.0,1036.0696,0.0,0.0,0.0,0.0,0.0,0.0,-1.5707964,0.0
1970-01-01 00:00:00.206231151,0.206231151,0.0,0.0,0.0,0.0,277.07022,0.0,0.0,0.0,-1.5707964,0.0
1970-01-01 00:00:00.206259019,0.206259019,134.35786,0.0,0.0,0.0,0.0,0.0,0.0,0.0,-1.5707964,0.0
1970-01-01 00:00:00.206292401,0.206292401,0.0,0.0,0.0,162.67653,0.0,0.0,0.0,0.0,-1.5707964,0.0
1970-01-01 00:00:00.206363745,0.206363745,0.0,0.0,389.2814,0.0,0.0,0.0,0.0,0.0,-1.5707964,0.0
1970-01-01 00:00:00.206371827,0.206371827,0.0,196.21242,0.0,0.0,0.0,0.0,0.0,0.0,-1.5707964,0.0
1970-01-01 00:00:00.206371897,0.206371897,0.0,543.3509,0.0,0.0,0.0,0.0,0.0,0.0,-1.5707964,0.0
1970-01-01 00:00:00.206384060,0.20638406,0.0,0.0,0.0,0.0,0.0,629.39886,0.0,0.0,-1.5707964,0.0
1970-01-01 00:00:00.206515980,0.20651598,0.0,0.0,0.0,378.64307,0.0,0.0,0.0,0.0,-1.5707964,0.0
1970-01-01 00:00:00.206612153,0.206612153,0.0,0.0,0.0,147.25764,0.0,0.0,0.0,0.0,-1.5707964,0.0
1970-01-01 00:00:00.206616051,0.206616051,0.0,0.0,0.0,150.72029,0.0,0.0,0.0,0.0,-1.5707964,0.0
1970-01-01 00:00:00.206846315,0.206846315,0.0,0.0,0.0,322.1139,0.0,0.0,0.0,0.0,-1.5707964,0.0
1970-01-01 00:00:00.206850501,0.206850501,0.0,0.0,0.0,563.51794,0.0,0.0,0.0,0.0,-1.5707964,0.0
1970-01-01 00:00:00.206867668,0.206867668,0.0,0.0,0.0,1319.8223,0.0,0.0,0.0,0.0,-1.5707964,0.0
1970-01-01 00:00:00.206886458,0.206886458,0.0,0.0,339.4208,0.0,0.0,0.0,0.0,0.0,-1.5707964,0.0
1970-01-01 00:00:00.206913698,0.206913698,0.0,0.0,0.0,858.42633,0.0,0.0,0.0,0.0,-1.5707964,0.0
1970-01-01 00:00:00.206966306,0.206966306,0.0,0.0,0.0,646.43756,0.0,0.0,0.0,0.0,-1.5707964,0.0
1970-01-01 00:00:00.206975661,0.206975661,0.0,0.0,0.0,1027.3572,0.0,0.0,0.0,0.0,-1.5707964,0.0
1970-01-01 00:00:00.206993296,0.206993296,0.0,0.0,0.0,152.85732,0.0,0.0,0.0,0.0,-1.5707964,0.0
1970-01-01 00:00:00.207007045,0.207007045,0.0,0.0,0.0,0.0,109.831314,0.0,0.0,0.0,-1.5707964,0.0
1970-01-01 00:00:00.207025700,0.2070257,0.0,0.0,0.0,262.94672,0.0,0.0,0.0,0.0,-1.5707964,0.0
1970-01-01 00:00:00.207070105,0.207070105,0.0,0.0,177.62321,0.0,0.0,0.0,0.0,0.0,-1.5707964,0.0
1970-01-01 00:00:00.207108655,0.207108655,0.0,0.0,0.0,352.2897,0.0,0.0,0.0,0.0,-1.5707964,0.0
1970-01-01 00:00:00.207166256,0.207166256,0.0,0.0,315.06992,0.0,0.0,0.0,0.0,0.0,-1.5707964,0.0
1970-01-01 00:00:00.207220579,0.207220579,0.0,0.0,0.0,151.6625,0.0,0.0,0.0,0.0,-1.5707964,0.0
1970-01-01 00:00:00.207232397,0.207232397,0.0,0.0,0.0,0.0,708.57275,0.0,0.0,0.0,-1.5707964,0.0
1970-01-01 00:00:00.207262211,0.207262211,0.0,0.0,146.39537,0.0,0.0,0.0,0.0,0.0,-1.5707964,0.0
1970-01-01 00:00:00.207295937,0.207295937,0.0,0.0,440.07376,0.0,0.0,0.0,0.0,0.0,-1.5707964,0.0
1970-01-01 00:00:00.207308666,0.207308666,0.0,0.0,0.0,237.46715,0.0,0.0,0.0,0.0,-1.5707964,0.0
1970-01-01 00:00:00.207318290,0.20731829,0.0,0.0,0.0,0.0,0.0,96.99445,0.0,0.0,-1.5707964,0.0
1970-01-01 00:00:00.207340514,0.207340514,0.0,0.0,214.02287,0.0,0.0,0.0,0.0,0.0,-1.5707964,0.0
1970-01-01 00:00:00.207396177,0.207396177,0.0,0.0,358.99423,0.0,0.0,0.0,0.0,0.0,-1.5707964,0.0
1970-01-01 00:00:00.207535213,0.207535213,0.0,0.0,550.3703,0.0,0.0,0.0,0.0,0.0,-1.5707964,0.0
1970-01-01 00:00:00.207625162,0.207625162,0.0,0.0,0.0,0.0,0.0,422.63962,0.0,0.0,-1.5707964,0.0
1970-01-01 00:00:00.207680330,0.20768033,0.0,0.0,140.18854,0.0,0.0,0.0,0.0,0.0,-1.5707964,0.0
1970-01-01 00:00:00.207699321,0.207699321,0.0,0.0,0.0,1215.499,0.0,0.0,0.0,0.0,-1.5707964,0.0
1970-01-01 00:00:00.207718377,0.207718377,0.0,0.0,0.0,0.0,454.32748,0.0,0.0,0.0,-1.5707964,0.0
1970-01-01 00:00:00.207756246,0.207756246,0.0,0.0,0.0,136.55664,0.0,0.0,0.0,0.0,-1.5707964,0.0
1970-01-01 00:00:00.207933053,0.207933053,0.0,0.0,0.0,318.83328,0.0,0.0,0.0,0.0,-1.5707964,0.0
1970-01-01 00:00:00.207938326,0.207938326,0.0,0.0,233.14728,0.0,0.0,0.0,0.0,0.0,-1.5707964,0.0
1970-01-01 00:00:00.208056627,0.208056627,0.0,0.0,122.38579,0.0,0.0,0.0,0.0,0.0,-1.5707964,0.0
1970-01-01 00:00:00.208073027,0.208073027,0.0,0.0,0.0,0.0,0.0,668.594,0.0,0.0,-1.5707964,0.0
1970-01-01 00:00:00.208103321,0.208103321,0.0,122.990166,0.0,0.0,0.0,0.0,0.0,0.0,-1.5707964,0.0
1970-01-01 00:00:00.208132633,0.208132633,0.0,0.0,391.37933,0.0,0.0,0.0,0.0,0.0,-1.5707964,0.0
1970-01-01 00:00:00.208234493,0.208234493,0.0,0.0,1144.9401,0.0,0.0,0.0,0.0,0.0,-1.5707964,0.0
1970-01-01 00:00:00.208288804,0.208288804,0.0,0.0,0.0,206.94037,0.0,0.0,0.0,0.0,-1.5707964,0.0
1970-01-01 00:00:00.208300994,0.208300994,0.0,0.0,0.0,0.0,0.0,481.41565,0.0,0.0,-1.5707964,0.0
1970-01-01 00:00:00.208367040,0.20836704,0.0,0.0,0.0,0.0,219.56264,0.0,0.0,0.0,-1.5707964,0.0
1970-01-01 00:00:00.208407540,0.20840754,0.0,0.0,0.0,420.91922,0.0,0.0,0.0,0.0,-1.5707964,0.0
1970-01-01 00:00:00.208484427,0.208484427,0.0,0.0,0.0,206.4283,0.0,0.0,0.0,0.0,-1.5707964,0.0
1970-01-01 00:00:00.208495938,0.208495938,0.0,0.0,0.0,0.0,334.08908,0.0,0.0,0.0,-1.5707964,0.0
1970-01-01 00:00:00.208508241,0.208508241,0.0,0.0,0.0,215.35864,0.0,0.0,0.0,0.0,-1.5707964,0.0
1970-01-01 00:00:00.208511734,0.208511734,0.0,0.0,1447.2025,0.0,0.0,0.0,0.0,0.0,-1.5707964,0.0
1970-01-01 00:00:00.208533104,0.208533104,0.0,0.0,0.0,139.0405,0.0,0.0,0.0,0.0,-1.5707964,0.0
1970-01-01 00:00:00.208608972,0.208608972,0.0,0.0,0.0,183.73955,0.0,0.0,0.0,0.0,-1.5707964,0.0
1970-01-01 00:00:00.208677436,0.208677436,0.0,0.0,0.0,0.0,0.0,753.27155,0.0,0.0,-1.5707964,0.0
1970-01-01 00:00:00.208892055,0.208892055,0.0,0.0,0.0,83.16079,0.0,0.0,0.0,0.0,-1.5707964,0.0
1970-01-01 00:00:00.208895888,0.208895888,0.0,0.0,0.0,0.0,0.0,207.89008,0.0,0.0,-1.5707964,0.0
1970-01-01 00:00:00.208907560,0.20890756,0.0,0.0,0.0,0.0,0.0,118.21067,0.0,0.0,-1.5707964,0.0
1970-01-01 00:00:00.208937477,0.208937477,0.0,0.0,249.40254,0.0,0.0,0.0,0.0,0.0,-1.5707964,0.0
1970-01-01 00:00:00.208986191,0.208986191,0.0,214.87091,0.0,0.0,0.0,0.0,0.0,0.0,-1.5707964,0.0
1970-01-01 00:00:00.209041904,0.209041904,0.0,0.0,0.0,497.1164,0.0,0.0,0.0,0.0,-1.5707964,0.0
1970-01-01 00:00:00.209091796,0.209091796,0.0,0.0,0.0,183.49341,0.0,0.0,0.0,0.0,-1.5707964,0.0
1970-01-01 00:00:00.209133254,0.209133254,0.0,0.0,0.0,359.69897,0.0,0.0,0.0,0.0,-1.5707964,0.0
1970-01-01 00:00:00.209146686,0.209146686,0.0,0.0,0.0,345.08694,0.0,0.0,0.0,0.0,-1.5707964,0.0
1970-01-01 00:00:00.209153066,0.209153066,0.0,0.0,0.0,195.07658,0.0,0.0,0.0,0.0,-1.5707964,0.0
1970-01-01 00:00:00.209174978,0.209174978,0.0,0.0,0.0,364.06473,0.0,0.0,0.0,0.0,-1.5707964,0.0
1970-01-01 00:00:00.209213234,0.209213234,0.0,0.0,0.0,0.0,0.0,385.5747,0.0,0.0,-1.5707964,0.0
1970-01-01 00:00:00.209218045,0.209218045,0.0,0.0,627.9006,0.0,0.0,0.0,0.0,0.0,-1.5707964,0.0
1970-01-01 00:00:00.209255475,0.209255475,0.0,0.0,0.0,118.0666,0.0,0.0,0.0,0.0,-1.5707964,0.0
1970-01-01 00:00:00.209275161,0.209275161,0.0,0.0,0.0,141.96262,0.0,0.0,0.0,0.0,-1.5707964,0.0
1970-01-01 00:00:00.209324189,0.209324189,0.0,203.07153,0.0,0.0,0.0,0.0,0.0,0.0,-1.5707964,0.0
1970-01-01 00:00:00.209331987,0.209331987,0.0,0.0,0.0,538.5763,0.0,0.0,0.0,0.0,-1.5707964,0.0
1970-01-01 00:00:00.209334856,0.209334856,0.0,0.0,0.0,95.30747,0.0,0.0,0.0,0.0,-1.5707964,0.0
1970-01-01 00:00:00.209351819,0.209351819,0.0,0.0,0.0,233.90483,0.0,0.0,0.0,0.0,-1.5707964,0.0
1970-01-01 00:00:00.209352774,0.209352774,0.0,0.0,0.0,0.0,465.0254,0.0,0.0,0.0,-1.5707964,0.0
1970-01-01 00:00:00.209371655,0.209371655,0.0,521.0978,0.0,0.0,0.0,0.0,0.0,0.0,-1.5707964,0.0
1970-01-01 00:00:00.209388332,0.209388332,0.0,0.0,0.0,892.5024,0.0,0.0,0.0,0.0,-1.5707964,0.0
1970-01-01 00:00:00.209414563,0.209414563,0.0,0.0,633.8909,0.0,0.0,0.0,0.0,0.0,-1.5707964,0.0
1970-01-01 00:00:00.209456394,0.209456394,0.0,0.0,0.0,1251.7297,0.0,0.0,0.0,0.0,-1.5707964,0.0
1970-01-01 00:00:00.209540199,0.209540199,0.0,0.0,445.70764,0.0,0.0,0.0,0.0,0.0,-1.5707964,0.0
1970-01-01 00:00:00.209569529,0.209569529,0.0,0.0,0.0,0.0,320.7292,0.0,0.0,0.0,-1.5707964,0.0
1970-01-01 00:00:00.209627273,0.209627273,0.0,0.0,0.0,0.0,0.0,248.04007,0.0,0.0,-1.5707964,0.0
1970-01-01 00:00:00.209715739,0.209715739,0.0,0.0,238.6789,0.0,0.0,0.0,0.0,0.0,-1.5707964,0.0
1970-01-01 00:00:00.209814668,0.209814668,0.0,318.57794,0.0,0.0,0.0,0.0,0.0,0.0,-1.5707964,0.0
1970-01-01 00:00:00.209859921,0.209859921,0.0,0.0,0.0,0.0,0.0,441.9551,0.0,0.0,-1.5707964,0.0
1970-01-01 00:00:00.209860890,0.20986089,0.0,0.0,0.0,1025.3341,0.0,0.0,0.0,0.0,-1.5707964,0.0
1970-01-01 00:00:00.209874193,0.209874193,0.0,0.0,0.0,0.0,0.0,159.1893,0.0,0.0,-1.5707964,0.0
1970-01-01 00:00:00.209886146,0.209886146,0.0,0.0,0.0,0.0,1653.1403,0.0,0.0,0.0,-1.5707964,0.0
1970-01-01 00:00:00.209891350,0.20989135,0.0,0.0,0.0,356.57266,0.0,0.0,0.0,0.0,-1.5707964,0.0
1970-01-01 00:00:00.209902478,0.209902478,0.0,0.0,0.0,85.65976,0.0,0.0,0.0,0.0,-1.5707964,0.0
1970-01-01 00:00:00.209906994,0.209906994,604.4197,0.0,0.0,0.0,0.0,0.0,0.0,0.0,-1.5707964,0.0
1970-01-01 00:00:00.209998628,0.209998628,0.0,0.0,0.0,1515.3301,0.0,0.0,0.0,0.0,-1.5707964,0.0
1970-01-01 00:00:00.210038922,0.210038922,0.0,0.0,0.0,226.58275,0.0,0.0,0.0,0.0,-1.5707964,0.0
1970-01-01 00:00:00.210074666,0.210074666,0.0,0.0,0.0,184.903,0.0,0.0,0.0,0.0,-1.5707964,0.0
1970-01-01 00:00:00.210083871,0.210083871,0.0,0.0,0.0,0.0,0.0,191.37106,0.0,0.0,-1.5707964,0.0
1970-01-01 00:00:00.210094255,0.210094255,0.0,0.0,205.5568,0.0,0.0,0.0,0.0,0.0,-1.5707964,0.0
1970-01-01 00:00:00.210137386,0.210137386,0.0,1178.5283,0.0,0.0,0.0,0.0,0.0,0.0,-1.5707964,0.0
1970-01-01 00:00:00.210191999,0.210191999,0.0,0.0,460.70346,0.0,0.0,0.0,0.0,0.0,-1.5707964,0.0
1970-01-01 00:00:00.210210191,0.210210191,0.0,109.22842,0.0,0.0,0.0,0.0,0.0,0.0,-1.5707964,0.0
1970-01-01 00:00:00.210272348,0.210272348,0.0,0.0,0.0,98.935974,0.0,0.0,0.0,0.0,-1.5707964,0.0
1970-01-01 00:00:00.210333396,0.210333396,0.0,0.0,366.2074,0.0,0.0,0.0,0.0,0.0,-1.5707964,0.0
1970-01-01 00:00:00.210370116,0.210370116,0.0,0.0,139.95871,0.0,0.0,0.0,0.0,0.0,-1.5707964,0.0
1970-01-01 00:00:00.210424886,0.210424886,0.0,0.0,0.0,380.47427,0.0,0.0,0.0,0.0,-1.5707964,0.0
1970-01-01 00:00:00.210433201,0.210433201,0.0,0.0,0.0,100.32239,0.0,0.0,0.0,0.0,-1.5707964,0.0
1970-01-01 00:00:00.210457888,0.210457888,0.0,0.0,279.45908,0.0,0.0,0.0,0.0,0.0,-1.5707964,0.0
1970-01-01 00:00:00.210508192,0.210508192,0.0,0.0,0.0,161.98433,0.0,0.0,0.0,0.0,-1.5707964,0.0
1970-01-01 00:00:00.210508926,0.210508926,0.0,0.0,0.0,125.69766,0.0,0.0,0.0,0.0,-1.5707964,0.0
1970-01-01 00:00:00.210547003,0.210547003,0.0,0.0,0.0,2060.8667,0.0,0.0,0.0,0.0,-1.5707964,0.0
1970-01-01 00:00:00.210561523,0.210561523,0.0,0.0,0.0,953.8525,0.0,0.0,0.0,0.0,-1.5707964,0.0
1970-01-01 00:00:00.210595058,0.210595058,0.0,0.0,0.0,0.0,0.0,329.67172,0.0,0.0,-1.5707964,0.0
1970-01-01 00:00:00.210614777,0.210614777,0.0,0.0,0.0,110.46496,0.0,0.0,0.0,0.0,-1.5707964,0.0
1970-01-01 00:00:00.210619472,0.210619472,0.0,911.7672,0.0,0.0,0.0,0.0,0.0,0.0,-1.5707964,0.0
1970-01-01 00:00:00.210640299,0.210640299,0.0,0.0,0.0,301.27927,0.0,0.0,0.0,0.0,-1.5707964,0.0
1970-01-01 00:00:00.210652053,0.210652053,0.0,625.0247,0.0,0.0,0.0,0.0,0.0,0.0,-1.5707964,0.0
1970-01-01 00:00:00.210695514,0.210695514,0.0,154.65578,0.0,0.0,0.0,0.0,0.0,0.0,-1.5707964,0.0
1970-01-01 00:00:00.210708748,0.210708748,0.0,0.0,0.0,0.0,161.71881,0.0,0.0,0.0,-1.5707964,0.0
1970-01-01 00:00:00.210736711,0.210736711,0.0,0.0,0.0,587.28687,0.0,0.0,0.0,0.0,-1.5707964,0.0
1970-01-01 00:00:00.210806412,0.210806412,0.0,0.0,0.0,0.0,203.19353,0.0,0.0,0.0,-1.5707964,0.0
1970-01-01 00:00:00.210842819,0.210842819,0.0,0.0,1654.9883,0.0,0.0,0.0,0.0,0.0,-1.5707964,0.0
1970-01-01 00:00:00.210852376,0.210852376,246.46022,0.0,0.0,0.0,0.0,0.0,0.0,0.0,-1.5707964,0.0
1970-01-01 00:00:00.210854840,0.21085484,0.0,0.0,0.0,0.0,0.0,102.07231,0.0,0.0,-1.5707964,0.0
1970-01-01 00:00:00.210873912,0.210873912,0.0,0.0,0.0,322.26062,0.0,0.0,0.0,0.0,-1.5707964,0.0
1970-01-01 00:00:00.210917690,0.21091769,0.0,0.0,0.0,89.08944,0.0,0.0,0.0,0.0,-1.5707964,0.0
1970-01-01 00:00:00.210930275,0.210930275,0.0,0.0,0.0,0.0,144.69951,0.0,0.0,0.0,-1.5707964,0.0
1970-01-01 00:00:00.210942190,0.21094219,0.0,0.0,0.0,404.63492,0.0,0.0,0.0,0.0,-1.5707964,0.0
1970-01-01 00:00:00.210947982,0.210947982,0.0,0.0,0.0,530.4189,0.0,0.0,0.0,0.0,-1.5707964,0.0
1970-01-01 00:00:00.211006656,0.211006656,0.0,0.0,0.0,432.40314,0.0,0.0,0.0,0.0,-1.5707964,0.0
1970-01-01 00:00:00.211026023,0.211026023,0.0,167.38637,0.0,0.0,0.0,0.0,0.0,0.0,-1.5707964,0.0
1970-01-01 00:00:00.211086619,0.211086619,0.0,80.04736,0.0,0.0,0.0,0.0,0.0,0.0,-1.5707964,0.0
1970-01-01 00:00:00.211106110,0.21110611,0.0,0.0,0.0,0.0,0.0,319.7911,0.0,0.0,-1.5707964,0.0
1970-01-01 00:00:00.211196898,0.211196898,0.0,0.0,0.0,149.30737,0.0,0.0,0.0,0.0,-1.5707964,0.0
1970-01-01 00:00:00.211228195,0.211228195,0.0,0.0,0.0,0.0,136.19511,0.0,0.0,0.0,-1.5707964,0.0
1970-01-01 00:00:00.211229114,0.211229114,0.0,0.0,0.0,0.0,0.0,222.83904,0.0,0.0,-1.5707964,0.0
1970-01-01 00:00:00.211275204,0.211275204,0.0,0.0,0.0,0.0,0.0,961.40015,0.0,0.0,-1.5707964,0.0
1970-01-01 00:00:00.211302116,0.211302116,0.0,0.0,427.96732,0.0,0.0,0.0,0.0,0.0,-1.5707964,0.0
1970-01-01 00:00:00.211304692,0.211304692,0.0,0.0,0.0,607.5971,0.0,0.0,0.0,0.0,-1.5707964,0.0
1970-01-01 00:00:00.211319787,0.211319787,143.15224,0.0,0.0,0.0,0.0,0.0,0.0,0.0,-1.5707964,0.0
1970-01-01 00:00:00.211571294,0.211571294,0.0,0.0,0.0,215.71516,0.0,0.0,0.0,0.0,-1.5707964,0.0
1970-01-01 00:00:00.211666059,0.211666059,0.0,0.0,0.0,151.54004,0.0,0.0,0.0,0.0,-1.5707964,0.0
1970-01-01 00:00:00.211669640,0.21166964,0.0,0.0,0.0,276.43256,0.0,0.0,0.0,0.0,-1.5707964,0.0
1970-01-01 00:00:00.211684636,0.211684636,0.0,0.0,0.0,0.0,174.41805,0.0,0.0,0.0,-1.5707964,0.0
1970-01-01 00:00:00.211814714,0.211814714,0.0,0.0,0.0,253.522,0.0,0.0,0.0,0.0,-1.5707964,0.0
1970-01-01 00:00:00.211917612,0.211917612,0.0,0.0,0.0,0.0,0.0,816.0977,0.0,0.0,-1.5707964,0.0
1970-01-01 00:00:00.211939032,0.211939032,0.0,159.02866,0.0,0.0,0.0,0.0,0.0,0.0,-1.5707964,0.0
1970-01-01 00:00:00.211959139,0.211959139,0.0,0.0,189.8027,0.0,0.0,0.0,0.0,0.0,-1.5707964,0.0
1970-01-01 00:00:00.212029565,0.212029565,0.0,0.0,0.0,0.0,93.87729,0.0,0.0,0.0,-1.5707964,0.0
1970-01-01 00:00:00.212043641,0.212043641,0.0,0.0,0.0,455.12833,0.0,0.0,0.0,0.0,-1.5707964,0.0
1970-01-01 00:00:00.212178579,0.212178579,0.0,0.0,767.58,0.0,0.0,0.0,0.0,0.0,-1.5707964,0.0
1970-01-01 00:00:00.212212895,0.212212895,0.0,0.0,0.0,0.0,0.0,1539.2599,0.0,0.0,-1.5707964,0.0
1970-01-01 00:00:00.212239946,0.212239946,0.0,0.0,0.0,88.21637,0.0,0.0,0.0,0.0,-1.5707964,0.0
1970-01-01 00:00:00.212270248,0.212270248,0.0,0.0,0.0,120.27026,0.0,0.0,0.0,0.0,-1.5707964,0.0
1970-01-01 00:00:00.212346885,0.212346885,0.0,0.0,0.0,285.0337,0.0,0.0,0.0,0.0,-1.5707964,0.0
1970-01-01 00:00:00.212422792,0.212422792,0.0,0.0,0.0,0.0,1002.1355,0.0,0.0,0.0,-1.5707964,0.0
1970-01-01 00:00:00.212550378,0.212550378,0.0,0.0,0.0,144.57025,0.0,0.0,0.0,0.0,-1.5707964,0.0
1970-01-01 00:00:00.212554914,0.212554914,0.0,0.0,0.0,0.0,0.0,88.78172,0.0,0.0,-1.5707964,0.0
1970-01-01 00:00:00.212565232,0.212565232,0.0,0.0,0.0,0.0,89.093285,0.0,0.0,0.0,-1.5707964,0.0
1970-01-01 00:00:00.212618053,0.212618053,0.0,0.0,589.1087,0.0,0.0,0.0,0.0,0.0,-1.5707964,0.0
1970-01-01 00:00:00.212619937,0.212619937,0.0,0.0,196.87025,0.0,0.0,0.0,0.0,0.0,-1.5707964,0.0
1970-01-01 00:00:00.212703528,0.212703528,0.0,0.0,0.0,0.0,0.0,201.17566,0.0,0.0,-1.5707964,0.0
1970-01-01 00:00:00.212708041,0.212708041,0.0,0.0,169.60493,0.0,0.0,0.0,0.0,0.0,-1.5707964,0.0
1970-01-01 00:00:00.212724820,0.21272482,191.25357,0.0,0.0,0.0,0.0,0.0,0.0,0.0,-1.5707964,0.0
1970-01-01 00:00:00.212851971,0.212851971,0.0,0.0,0.0,0.0,0.0,214.80324,0.0,0.0,-1.5707964,0.0
1970-01-01 00:00:00.212894218,0.212894218,0.0,0.0,0.0,335.8544,0.0,0.0,0.0,0.0,-1.5707964,0.0
1970-01-01 00:00:00.212905802,0.212905802,0.0,0.0,0.0,0.0,160.4216,0.0,0.0,0.0,-1.5707964,0.0
1970-01-01 00:00:00.212918132,0.212918132,0.0,0.0,0.0,516.47736,0.0,0.0,0.0,0.0,-1.5707964,0.0
1970-01-01 00:00:00.212960490,0.21296049,0.0,0.0,0.0,197.25197,0.0,0.0,0.0,0.0,-1.5707964,0.0
1970-01-01 00:00:00.212972546,0.212972546,0.0,490.39938,0.0,0.0,0.0,0.0,0.0,0.0,-1.5707964,0.0
1970-01-01 00:00:00.212988863,0.212988863,0.0,0.0,0.0,0.0,0.0,88.99422,0.0,0.0,-1.5707964,0.0
1970-01-01 00:00:00.212995289,0.212995289,0.0,0.0,0.0,0.0,311.68616,0.0,0.0,0.0,-1.5707964,0.0
1970-01-01 00:00:00.212999627,0.212999627,0.0,0.0,107.087296,0.0,0.0,0.0,0.0,0.0,-1.5707964,0.0
1970-01-01 00:00:00.213005176,0.213005176,0.0,198.83243,0.0,0.0,0.0,0.0,0.0,0.0,-1.5707964,0.0
1970-01-01 00:00:00.213030199,0.213030199,0.0,0.0,0.0,114.88073,0.0,0.0,0.0,0.0,-1.5707964,0.0
1970-01-01 00:00:00.213086286,0.213086286,0.0,0.0,1034.7916,0.0,0.0,0.0,0.0,0.0,-1.5707964,0.0
1970-01-01 00:00:00.213086361,0.213086361,0.0,699.628,0.0,0.0,0.0,0.0,0.0,0.0,-1.5707964,0.0
1970-01-01 00:00:00.213139157,0.213139157,0.0,0.0,0.0,0.0,218.35497,0.0,0.0,0.0,-1.5707964,0.0
1970-01-01 00:00:00.213139157,0.213139157,0.0,0.0,0.0,406.80643,0.0,0.0,0.0,0.0,-1.5707964,0.0
1970-01-01 00:00:00.213209576,0.213209576,0.0,0.0,0.0,0.0,144.49121,0.0,0.0,0.0,-1.5707964,0.0
1970-01-01 00:00:00.213227008,0.213227008,0.0,0.0,0.0,737.4301,0.0,0.0,0.0,0.0,-1.5707964,0.0
1970-01-01 00:00:00.213260191,0.213260191,0.0,0.0,0.0,0.0,0.0,1537.8418,0.0,0.0,-1.5707964,0.0
1970-01-01 00:00:00.213343095,0.213343095,0.0,0.0,0.0,961.17773,0.0,0.0,0.0,0.0,-1.5707964,0.0
1970-01-01 00:00:00.213391847,0.213391847,0.0,0.0,301.58954,0.0,0.0,0.0,0.0,0.0,-1.5707964,0.0
1970-01-01 00:00:00.213397215,0.213397215,0.0,0.0,0.0,504.67026,0.0,0.0,0.0,0.0,-1.5707964,0.0
1970-01-01 00:00:00.213410943,0.213410943,0.0,0.0,0.0,89.46622,0.0,0.0,0.0,0.0,-1.5707964,0.0
1970-01-01 00:00:00.213456068,0.213456068,0.0,0.0,0.0,0.0,89.00401,0.0,0.0,0.0,-1.5707964,0.0
1970-01-01 00:00:00.213464358,0.213464358,0.0,0.0,124.45993,0.0,0.0,0.0,0.0,0.0,-1.5707964,0.0
1970-01-01 00:00:00.213465998,0.213465998,0.0,0.0,0.0,186.51521,0.0,0.0,0.0,0.0,-1.5707964,0.0
1970-01-01 00:00:00.213515676,0.213515676,0.0,0.0,0.0,317.49832,0.0,0.0,0.0,0.0,-1.5707964,0.0
1970-01-01 00:00:00.213527842,0.213527842,0.0,0.0,0.0,120.47792,0.0,0.0,0.0,0.0,-1.5707964,0.0
1970-01-01 00:00:00.213533543,0.213533543,0.0,791.1652,0.0,0.0,0.0,0.0,0.0,0.0,-1.5707964,0.0
1970-01-01 00:00:00.213533543,0.213533543,0.0,147.22597,0.0,0.0,0.0,0.0,0.0,0.0,-1.5707964,0.0
1970-01-01 00:00:00.213572200,0.2135722,0.0,0.0,0.0,116.555824,0.0,0.0,0.0,0.0,-1.5707964,0.0
1970-01-01 00:00:00.213592729,0.213592729,0.0,0.0,0.0,0.0,0.0,524.7524,0.0,0.0,-1.5707964,0.0
1970-01-01 00:00:00.213662834,0.213662834,0.0,0.0,169.24777,0.0,0.0,0.0,0.0,0.0,-1.5707964,0.0
1970-01-01 00:00:00.213671783,0.213671783,0.0,0.0,0.0,0.0,250.95872,0.0,0.0,0.0,-1.5707964,0.0
1970-01-01 00:00:00.213703060,0.21370306,0.0,0.0,0.0,0.0,214.40211,0.0,0.0,0.0,-1.5707964,0.0
1970-01-01 00:00:00.213737663,0.213737663,0.0,0.0,1723.8217,0.0,0.0,0.0,0.0,0.0,-1.5707964,0.0
1970-01-01 00:00:00.213781777,0.213781777,0.0,0.0,0.0,134.87411,0.0,0.0,0.0,0.0,-1.5707964,0.0
1970-01-01 00:00:00.213798877,0.213798877,0.0,257.8803,0.0,0.0,0.0,0.0,0.0,0.0,-1.5707964,0.0
1970-01-01 00:00:00.213838429,0.213838429,0.0,0.0,0.0,302.4905,0.0,0.0,0.0,0.0,-1.5707964,0.0
1970-01-01 00:00:00.213876409,0.213876409,0.0,0.0,0.0,86.403534,0.0,0.0,0.0,0.0,-1.5707964,0.0
1970-01-01 00:00:00.213876409,0.213876409,0.0,0.0,0.0,258.44785,0.0,0.0,0.0,0.0,-1.5707964,0.0
1970-01-01 00:00:00.213941259,0.213941259,0.0,0.0,127.5449,0.0,0.0,0.0,0.0,0.0,-1.5707964,0.0
1970-01-01 00:00:00.214004667,0.214004667,0.0,383.74628,0.0,0.0,0.0,0.0,0.0,0.0,-1.5707964,0.0
1970-01-01 00:00:00.214085464,0.214085464,0.0,0.0,0.0,0.0,288.8671,0.0,0.0,0.0,-1.5707964,0.0
1970-01-01 00:00:00.214092235,0.214092235,213.19731,0.0,0.0,0.0,0.0,0.0,0.0,0.0,-1.5707964,0.0
1970-01-01 00:00:00.214100830,0.21410083,0.0,0.0,0.0,448.5936,0.0,0.0,0.0,0.0,-1.5707964,0.0
1970-01-01 00:00:00.214112148,0.214112148,0.0,0.0,0.0,0.0,0.0,229.37944,0.0,0.0,-1.5707964,0.0
1970-01-01 00:00:00.214150951,0.214150951,0.0,0.0,83.30807,0.0,0.0,0.0,0.0,0.0,-1.5707964,0.0
1970-01-01 00:00:00.214272192,0.214272192,0.0,0.0,672.9836,0.0,0.0,0.0,0.0,0.0,-1.5707964,0.0
1970-01-01 00:00:00.214378432,0.214378432,0.0,0.0,2151.7732,0.0,0.0,0.0,0.0,0.0,-1.5707964,0.0
1970-01-01 00:00:00.214401907,0.214401907,0.0,0.0,0.0,464.48615,0.0,0.0,0.0,0.0,-1.5707964,0.0
1970-01-01 00:00:00.214428351,0.214428351,0.0,0.0,0.0,86.49093,0.0,0.0,0.0,0.0,-1.5707964,0.0
1970-01-01 00:00:00.214448474,0.214448474,0.0,0.0,203.58548,0.0,0.0,0.0,0.0,0.0,-1.5707964,0.0
1970-01-01 00:00:00.214483162,0.214483162,0.0,0.0,0.0,1126.3893,0.0,0.0,0.0,0.0,-1.5707964,0.0
1970-01-01 00:00:00.214494169,0.214494169,0.0,0.0,0.0,435.88397,0.0,0.0,0.0,0.0,-1.5707964,0.0
1970-01-01 00:00:00.214527729,0.214527729,0.0,685.4768,0.0,0.0,0.0,0.0,0.0,0.0,-1.5707964,0.0
1970-01-01 00:00:00.214580314,0.214580314,374.76794,0.0,0.0,0.0,0.0,0.0,0.0,0.0,-1.5707964,0.0
1970-01-01 00:00:00.214654535,0.214654535,0.0,0.0,0.0,240.57858,0.0,0.0,0.0,0.0,-1.5707964,0.0
1970-01-01 00:00:00.214655696,0.214655696,0.0,0.0,0.0,0.0,0.0,372.18097,0.0,0.0,-1.5707964,0.0
1970-01-01 00:00:00.214675696,0.214675696,0.0,0.0,0.0,228.07727,0.0,0.0,0.0,0.0,-1.5707964,0.0
1970-01-01 00:00:00.214684006,0.214684006,0.0,0.0,0.0,229.84424,0.0,0.0,0.0,0.0,-1.5707964,0.0
1970-01-01 00:00:00.214689599,0.214689599,0.0,0.0,296.30246,0.0,0.0,0.0,0.0,0.0,-1.5707964,0.0
1970-01-01 00:00:00.214753022,0.214753022,0.0,0.0,0.0,478.33624,0.0,0.0,0.0,0.0,-1.5707964,0.0
1970-01-01 00:00:00.214869758,0.214869758,0.0,0.0,0.0,137.1428,0.0,0.0,0.0,0.0,-1.5707964,0.0
1970-01-01 00:00:00.214878502,0.214878502,0.0,0.0,474.0575,0.0,0.0,0.0,0.0,0.0,-1.5707964,0.0
1970-01-01 00:00:00.215024157,0.215024157,141.0817,0.0,0.0,0.0,0.0,0.0,0.0,0.0,-1.5707964,0.0
1970-01-01 00:00:00.215080824,0.215080824,0.0,0.0,0.0,134.36134,0.0,0.0,0.0,0.0,-1.5707964,0.0
1970-01-01 00:00:00.215084822,0.215084822,0.0,217.51788,0.0,0.0,0.0,0.0,0.0,0.0,-1.5707964,0.0
1970-01-01 00:00:00.215124525,0.215124525,0.0,0.0,990.30133,0.0,0.0,0.0,0.0,0.0,-1.5707964,0.0
1970-01-01 00:00:00.215191535,0.215191535,0.0,0.0,0.0,900.8885,0.0,0.0,0.0,0.0,-1.5707964,0.0
1970-01-01 00:00:00.215235961,0.215235961,0.0,123.467804,0.0,0.0,0.0,0.0,0.0,0.0,-1.5707964,0.0
1970-01-01 00:00:00.215254504,0.215254504,0.0,0.0,0.0,0.0,456.2534,0.0,0.0,0.0,-1.5707964,0.0
1970-01-01 00:00:00.215261488,0.215261488,0.0,0.0,1984.0112,0.0,0.0,0.0,0.0,0.0,-1.5707964,0.0
1970-01-01 00:00:00.215265355,0.215265355,0.0,219.25835,0.0,0.0,0.0,0.0,0.0,0.0,-1.5707964,0.0
1970-01-01 00:00:00.215266622,0.215266622,0.0,0.0,0.0,179.9072,0.0,0.0,0.0,0.0,-1.5707964,0.0
1970-01-01 00:00:00.215304990,0.21530499,0.0,0.0,1070.6544,0.0,0.0,0.0,0.0,0.0,-1.5707964,0.0
1970-01-01 00:00:00.215317638,0.215317638,0.0,0.0,0.0,129.26636,0.0,0.0,0.0,0.0,-1.5707964,0.0
1970-01-01 00:00:00.215410314,0.215410314,0.0,0.0,0.0,592.99994,0.0,0.0,0.0,0.0,-1.5707964,0.0
1970-01-01 00:00:00.215476091,0.215476091,0.0,0.0,273.26157,0.0,0.0,0.0,0.0,0.0,-1.5707964,0.0
1970-01-01 00:00:00.215483843,0.215483843,0.0,0.0,509.1518,0.0,0.0,0.0,0.0,0.0,-1.5707964,0.0
1970-01-01 00:00:00.215549175,0.215549175,0.0,0.0,0.0,0.0,614.2152,0.0,0.0,0.0,-1.5707964,0.0
1970-01-01 00:00:00.215574796,0.215574796,0.0,0.0,0.0,270.62598,0.0,0.0,0.0,0.0,-1.5707964,0.0
1970-01-01 00:00:00.215577725,0.215577725,0.0,0.0,0.0,431.1137,0.0,0.0,0.0,0.0,-1.5707964,0.0
1970-01-01 00:00:00.215577725,0.215577725,0.0,0.0,0.0,0.0,0.0,368.7598,0.0,0.0,-1.5707964,0.0
1970-01-01 00:00:00.215590144,0.215590144,0.0,0.0,0.0,0.0,242.06021,0.0,0.0,0.0,-1.5707964,0.0
1970-01-01 00:00:00.215665890,0.21566589,0.0,0.0,0.0,0.0,0.0,282.25455,0.0,0.0,-1.5707964,0.0
1970-01-01 00:00:00.215764508,0.215764508,0.0,0.0,434.84378,0.0,0.0,0.0,0.0,0.0,-1.5707964,0.0
1970-01-01 00:00:00.215791842,0.215791842,0.0,0.0,401.1043,0.0,0.0,0.0,0.0,0.0,-1.5707964,0.0
1970-01-01 00:00:00.215817354,0.215817354,0.0,0.0,1002.13947,0.0,0.0,0.0,0.0,0.0,-1.5707964,0.0
1970-01-01 00:00:00.215837430,0.21583743,0.0,0.0,0.0,181.21774,0.0,0.0,0.0,0.0,-1.5707964,0.0
1970-01-01 00:00:00.215870618,0.215870618,0.0,0.0,0.0,201.5707,0.0,0.0,0.0,0.0,-1.5707964,0.0
1970-01-01 00:00:00.215916622,0.215916622,0.0,0.0,0.0,128.18356,0.0,0.0,0.0,0.0,-1.5707964,0.0
1970-01-01 00:00:00.215949615,0.215949615,0.0,0.0,354.6999,0.0,0.0,0.0,0.0,0.0,-1.5707964,0.0
1970-01-01 00:00:00.215976330,0.21597633,854.214,0.0,0.0,0.0,0.0,0.0,0.0,0.0,-1.5707964,0.0
1970-01-01 00:00:00.216009522,0.216009522,0.0,0.0,0.0,0.0,0.0,135.3563,0.0,0.0,-1.5707964,0.0
1970-01-01 00:00:00.216048080,0.21604808,0.0,0.0,0.0,202.13832,0.0,0.0,0.0,0.0,-1.5707964,0.0
1970-01-01 00:00:00.216055106,0.216055106,0.0,0.0,0.0,197.34802,0.0,0.0,0.0,0.0,-1.5707964,0.0
1970-01-01 00:00:00.216057441,0.216057441,0.0,0.0,153.76707,0.0,0.0,0.0,0.0,0.0,-1.5707964,0.0
1970-01-01 00:00:00.216085765,0.216085765,0.0,0.0,0.0,656.3684,0.0,0.0,0.0,0.0,-1.5707964,0.0
1970-01-01 00:00:00.216095804,0.216095804,0.0,0.0,0.0,0.0,0.0,863.0618,0.0,0.0,-1.5707964,0.0
1970-01-01 00:00:00.216101391,0.216101391,128.02516,0.0,0.0,0.0,0.0,0.0,0.0,0.0,-1.5707964,0.0
1970-01-01 00:00:00.216105609,0.216105609,0.0,0.0,0.0,548.0866,0.0,0.0,0.0,0.0,-1.5707964,0.0
1970-01-01 00:00:00.216142862,0.216142862,0.0,0.0,0.0,226.65482,0.0,0.0,0.0,0.0,-1.5707964,0.0
1970-01-01 00:00:00.216168822,0.216168822,0.0,0.0,0.0,87.47423,0.0,0.0,0.0,0.0,-1.5707964,0.0
1970-01-01 00:00:00.216212183,0.216212183,0.0,0.0,0.0,0.0,742.0178,0.0,0.0,0.0,-1.5707964,0.0
1970-01-01 00:00:00.216311721,0.216311721,0.0,0.0,0.0,0.0,0.0,671.71576,0.0,0.0,-1.5707964,0.0
1970-01-01 00:00:00.216320680,0.21632068,0.0,0.0,0.0,0.0,0.0,300.87405,0.0,0.0,-1.5707964,0.0
1970-01-01 00:00:00.216325523,0.216325523,0.0,0.0,319.52505,0.0,0.0,0.0,0.0,0.0,-1.5707964,0.0
1970-01-01 00:00:00.216329339,0.216329339,0.0,0.0,0.0,322.99036,0.0,0.0,0.0,0.0,-1.5707964,0.0
1970-01-01 00:00:00.216336580,0.21633658,0.0,0.0,0.0,0.0,139.29913,0.0,0.0,0.0,-1.5707964,0.0
1970-01-01 00:00:00.216479494,0.216479494,0.0,0.0,0.0,513.17883,0.0,0.0,0.0,0.0,-1.5707964,0.0
1970-01-01 00:00:00.216576617,0.216576617,0.0,0.0,0.0,328.49063,0.0,0.0,0.0,0.0,-1.5707964,0.0
1970-01-01 00:00:00.216587415,0.216587415,0.0,0.0,144.8117,0.0,0.0,0.0,0.0,0.0,-1.5707964,0.0
1970-01-01 00:00:00.216630959,0.216630959,0.0,0.0,0.0,683.23926,0.0,0.0,0.0,0.0,-1.5707964,0.0
1970-01-01 00:00:00.216647389,0.216647389,0.0,0.0,0.0,181.39902,0.0,0.0,0.0,0.0,-1.5707964,0.0
1970-01-01 00:00:00.216664865,0.216664865,0.0,0.0,0.0,177.69969,0.0,0.0,0.0,0.0,-1.5707964,0.0
1970-01-01 00:00:00.216853489,0.216853489,0.0,0.0,0.0,1027.8528,0.0,0.0,0.0,0.0,-1.5707964,0.0
1970-01-01 00:00:00.216883624,0.216883624,0.0,0.0,0.0,85.02267,0.0,0.0,0.0,0.0,-1.5707964,0.0
1970-01-01 00:00:00.216964478,0.216964478,0.0,0.0,0.0,0.0,0.0,236.8128,0.0,0.0,-1.5707964,0.0
1970-01-01 00:00:00.216965474,0.216965474,0.0,0.0,383.64542,0.0,0.0,0.0,0.0,0.0,-1.5707964,0.0
1970-01-01 00:00:00.216981756,0.216981756,0.0,0.0,0.0,220.14975,0.0,0.0,0.0,0.0,-1.5707964,0.0
1970-01-01 00:00:00.217034980,0.21703498,0.0,243.85487,0.0,0.0,0.0,0.0,0.0,0.0,-1.5707964,0.0
1970-01-01 00:00:00.217048610,0.21704861,0.0,0.0,0.0,0.0,96.217155,0.0,0.0,0.0,-1.5707964,0.0
1970-01-01 00:00:00.217053641,0.217053641,0.0,0.0,0.0,144.2213,0.0,0.0,0.0,0.0,-1.5707964,0.0
1970-01-01 00:00:00.217070373,0.217070373,0.0,0.0,0.0,232.81104,0.0,0.0,0.0,0.0,-1.5707964,0.0
1970-01-01 00:00:00.217089479,0.217089479,0.0,0.0,0.0,0.0,0.0,85.395004,0.0,0.0,-1.5707964,0.0
1970-01-01 00:00:00.217179020,0.21717902,0.0,0.0,0.0,148.23964,0.0,0.0,0.0,0.0,-1.5707964,0.0
1970-01-01 00:00:00.217219798,0.217219798,0.0,165.3008,0.0,0.0,0.0,0.0,0.0,0.0,-1.5707964,0.0
1970-01-01 00:00:00.217219798,0.217219798,0.0,0.0,0.0,1197.9769,0.0,0.0,0.0,0.0,-1.5707964,0.0
1970-01-01 00:00:00.217234834,0.217234834,0.0,0.0,0.0,112.29139,0.0,0.0,0.0,0.0,-1.5707964,0.0
1970-01-01 00:00:00.217250507,0.217250507,0.0,0.0,0.0,93.84667,0.0,0.0,0.0,0.0,-1.5707964,0.0
1970-01-01 00:00:00.217307597,0.217307597,0.0,0.0,230.4293,0.0,0.0,0.0,0.0,0.0,-1.5707964,0.0
1970-01-01 00:00:00.217358043,0.217358043,0.0,0.0,88.1739,0.0,0.0,0.0,0.0,0.0,-1.5707964,0.0
1970-01-01 00:00:00.217365350,0.21736535,0.0,494.99945,0.0,0.0,0.0,0.0,0.0,0.0,-1.5707964,0.0
1970-01-01 00:00:00.217441518,0.217441518,0.0,0.0,299.42776,0.0,0.0,0.0,0.0,0.0,-1.5707964,0.0
1970-01-01 00:00:00.217527143,0.217527143,0.0,0.0,0.0,122.96126,0.0,0.0,0.0,0.0,-1.5707964,0.0
1970-01-01 00:00:00.217561617,0.217561617,0.0,0.0,0.0,1163.1752,0.0,0.0,0.0,0.0,-1.5707964,0.0
1970-01-01 00:00:00.217564071,0.217564071,0.0,0.0,0.0,179.2906,0.0,0.0,0.0,0.0,-1.5707964,0.0
1970-01-01 00:00:00.217607740,0.21760774,0.0,0.0,0.0,180.74295,0.0,0.0,0.0,0.0,-1.5707964,0.0
1970-01-01 00:00:00.217617419,0.217617419,0.0,0.0,179.42943,0.0,0.0,0.0,0.0,0.0,-1.5707964,0.0
1970-01-01 00:00:00.217651761,0.217651761,0.0,0.0,614.6301,0.0,0.0,0.0,0.0,0.0,-1.5707964,0.0
1970-01-01 00:00:00.217665515,0.217665515,0.0,0.0,0.0,0.0,0.0,235.82895,0.0,0.0,-1.5707964,0.0
1970-01-01 00:00:00.217682871,0.217682871,0.0,0.0,0.0,0.0,382.86008,0.0,0.0,0.0,-1.5707964,0.0
1970-01-01 00:00:00.217725082,0.217725082,0.0,0.0,0.0,363.6475,0.0,0.0,0.0,0.0,-1.5707964,0.0
1970-01-01 00:00:00.217984451,0.217984451,0.0,0.0,168.45566,0.0,0.0,0.0,0.0,0.0,-1.5707964,0.0
1970-01-01 00:00:00.218060476,0.218060476,0.0,0.0,0.0,111.605484,0.0,0.0,0.0,0.0,-1.5707964,0.0
1970-01-01 00:00:00.218070937,0.218070937,0.0,0.0,172.69864,0.0,0.0,0.0,0.0,0.0,-1.5707964,0.0
1970-01-01 00:00:00.218076468,0.218076468,0.0,0.0,0.0,645.1202,0.0,0.0,0.0,0.0,-1.5707964,0.0
1970-01-01 00:00:00.218112416,0.218112416,0.0,0.0,0.0,0.0,0.0,295.35324,0.0,0.0,-1.5707964,0.0
1970-01-01 00:00:00.218179948,0.218179948,0.0,0.0,0.0,1489.0514,0.0,0.0,0.0,0.0,-1.5707964,0.0
1970-01-01 00:00:00.218180195,0.218180195,0.0,0.0,0.0,381.93106,0.0,0.0,0.0,0.0,-1.5707964,0.0
1970-01-01 00:00:00.218220373,0.218220373,0.0,0.0,0.0,694.24286,0.0,0.0,0.0,0.0,-1.5707964,0.0
1970-01-01 00:00:00.218224920,0.21822492,0.0,0.0,826.7675,0.0,0.0,0.0,0.0,0.0,-1.5707964,0.0
1970-01-01 00:00:00.218257862,0.218257862,0.0,0.0,0.0,949.3531,0.0,0.0,0.0,0.0,-1.5707964,0.0
1970-01-01 00:00:00.218271332,0.218271332,0.0,0.0,0.0,299.94586,0.0,0.0,0.0,0.0,-1.5707964,0.0
1970-01-01 00:00:00.218370251,0.218370251,0.0,0.0,295.21725,0.0,0.0,0.0,0.0,0.0,-1.5707964,0.0
1970-01-01 00:00:00.218390322,0.218390322,0.0,1216.382,0.0,0.0,0.0,0.0,0.0,0.0,-1.5707964,0.0
1970-01-01 00:00:00.218397986,0.218397986,0.0,0.0,0.0,564.7909,0.0,0.0,0.0,0.0,-1.5707964,0.0
1970-01-01 00:00:00.218440381,0.218440381,0.0,94.55833,0.0,0.0,0.0,0.0,0.0,0.0,-1.5707964,0.0
1970-01-01 00:00:00.218538929,0.218538929,0.0,0.0,0.0,225.11612,0.0,0.0,0.0,0.0,-1.5707964,0.0
1970-01-01 00:00:00.218672463,0.218672463,0.0,0.0,0.0,0.0,144.8229,0.0,0.0,0.0,-1.5707964,0.0
1970-01-01 00:00:00.218678604,0.218678604,0.0,0.0,372.42087,0.0,0.0,0.0,0.0,0.0,-1.5707964,0.0
1970-01-01 00:00:00.218680449,0.218680449,0.0,500.08487,0.0,0.0,0.0,0.0,0.0,0.0,-1.5707964,0.0
1970-01-01 00:00:00.218733281,0.218733281,0.0,0.0,1078.2739,0.0,0.0,0.0,0.0,0.0,-1.5707964,0.0
1970-01-01 00:00:00.218734174,0.218734174,0.0,0.0,0.0,582.9716,0.0,0.0,0.0,0.0,-1.5707964,0.0
1970-01-01 00:00:00.218735524,0.218735524,0.0,0.0,0.0,0.0,555.4481,0.0,0.0,0.0,-1.5707964,0.0
1970-01-01 00:00:00.218745845,0.218745845,0.0,0.0,0.0,265.88232,0.0,0.0,0.0,0.0,-1.5707964,0.0
1970-01-01 00:00:00.218805641,0.218805641,0.0,117.87911,0.0,0.0,0.0,0.0,0.0,0.0,-1.5707964,0.0
1970-01-01 00:00:00.218892612,0.218892612,0.0,0.0,176.10802,0.0,0.0,0.0,0.0,0.0,-1.5707964,0.0
1970-01-01 00:00:00.218901292,0.218901292,0.0,2407.332,0.0,0.0,0.0,0.0,0.0,0.0,-1.5707964,0.0
1970-01-01 00:00:00.218919236,0.218919236,0.0,0.0,0.0,0.0,733.23364,0.0,0.0,0.0,-1.5707964,0.0
1970-01-01 00:00:00.218969662,0.218969662,0.0,0.0,0.0,0.0,160.8692,0.0,0.0,0.0,-1.5707964,0.0
1970-01-01 00:00:00.219024775,0.219024775,0.0,0.0,0.0,82.3325,0.0,0.0,0.0,0.0,-1.5707964,0.0
1970-01-01 00:00:00.219080813,0.219080813,0.0,0.0,0.0,126.26304,0.0,0.0,0.0,0.0,-1.5707964,0.0
1970-01-01 00:00:00.219093791,0.219093791,0.0,0.0,0.0,240.7459,0.0,0.0,0.0,0.0,-1.5707964,0.0
1970-01-01 00:00:00.219106364,0.219106364,0.0,0.0,0.0,137.36703,0.0,0.0,0.0,0.0,-1.5707964,0.0
1970-01-01 00:00:00.219220152,0.219220152,0.0,296.87775,0.0,0.0,0.0,0.0,0.0,0.0,-1.5707964,0.0
1970-01-01 00:00:00.219290308,0.219290308,0.0,0.0,0.0,0.0,0.0,202.68564,0.0,0.0,-1.5707964,0.0
1970-01-01 00:00:00.219355741,0.219355741,0.0,0.0,1018.9774,0.0,0.0,0.0,0.0,0.0,-1.5707964,0.0
1970-01-01 00:00:00.219360833,0.219360833,0.0,0.0,0.0,0.0,0.0,244.49788,0.0,0.0,-1.5707964,0.0
1970-01-01 00:00:00.219398993,0.219398993,0.0,0.0,0.0,0.0,0.0,291.84308,0.0,0.0,-1.5707964,0.0
1970-01-01 00:00:00.219453204,0.219453204,0.0,0.0,0.0,0.0,0.0,320.96124,0.0,0.0,-1.5707964,0.0
1970-01-01 00:00:00.219499212,0.219499212,0.0,0.0,0.0,94.12719,0.0,0.0,0.0,0.0,-1.5707964,0.0
1970-01-01 00:00:00.219510292,0.219510292,0.0,0.0,1138.3063,0.0,0.0,0.0,0.0,0.0,-1.5707964,0.0
1970-01-01 00:00:00.219549350,0.21954935,0.0,0.0,428.9764,0.0,0.0,0.0,0.0,0.0,-1.5707964,0.0
1970-01-01 00:00:00.219561282,0.219561282,0.0,0.0,1299.2778,0.0,0.0,0.0,0.0,0.0,-1.5707964,0.0
1970-01-01 00:00:00.219626663,0.219626663,0.0,0.0,0.0,568.0731,0.0,0.0,0.0,0.0,-1.5707964,0.0
1970-01-01 00:00:00.219639217,0.219639217,0.0,173.99797,0.0,0.0,0.0,0.0,0.0,0.0,-1.5707964,0.0
1970-01-01 00:00:00.219645243,0.219645243,0.0,0.0,116.44788,0.0,0.0,0.0,0.0,0.0,-1.5707964,0.0
1970-01-01 00:00:00.219662263,0.219662263,0.0,0.0,0.0,0.0,0.0,153.25697,0.0,0.0,-1.5707964,0.0
1970-01-01 00:00:00.219691226,0.219691226,0.0,0.0,0.0,230.4135,0.0,0.0,0.0,0.0,-1.5707964,0.0
1970-01-01 00:00:00.219790464,0.219790464,0.0,0.0,0.0,0.0,0.0,1126.5531,0.0,0.0,-1.5707964,0.0
1970-01-01 00:00:00.219816624,0.219816624,0.0,0.0,0.0,150.879,0.0,0.0,0.0,0.0,-1.5707964,0.0
1970-01-01 00:00:00.219847517,0.219847517,0.0,0.0,0.0,283.5657,0.0,0.0,0.0,0.0,-1.5707964,0.0
1970-01-01 00:00:00.219874130,0.21987413,0.0,0.0,0.0,200.25458,0.0,0.0,0.0,0.0,-1.5707964,0.0
1970-01-01 00:00:00.219983278,0.219983278,0.0,0.0,0.0,3612.3604,0.0,0.0,0.0,0.0,-1.5707964,0.0
1970-01-01 00:00:00.220034856,0.220034856,0.0,0.0,232.05894,0.0,0.0,0.0,0.0,0.0,-1.5707964,0.0
1970-01-01 00:00:00.220041913,0.220041913,0.0,0.0,0.0,0.0,0.0,490.60297,0.0,0.0,-1.5707964,0.0
1970-01-01 00:00:00.220043513,0.220043513,0.0,0.0,0.0,0.0,0.0,1012.02734,0.0,0.0,-1.5707964,0.0
1970-01-01 00:00:00.220130905,0.220130905,0.0,0.0,0.0,0.0,212.11064,0.0,0.0,0.0,-1.5707964,0.0
1970-01-01 00:00:00.220189527,0.220189527,87.94961,0.0,0.0,0.0,0.0,0.0,0.0,0.0,-1.5707964,0.0
1970-01-01 00:00:00.220240893,0.220240893,0.0,0.0,0.0,0.0,0.0,196.63843,0.0,0.0,-1.5707964,0.0
1970-01-01 00:00:00.220268623,0.220268623,0.0,0.0,0.0,239.65761,0.0,0.0,0.0,0.0,-1.5707964,0.0
1970-01-01 00:00:00.220295948,0.220295948,0.0,0.0,0.0,0.0,0.0,123.35201,0.0,0.0,-1.5707964,0.0
1970-01-01 00:00:00.220308063,0.220308063,0.0,0.0,712.38293,0.0,0.0,0.0,0.0,0.0,-1.5707964,0.0
1970-01-01 00:00:00.220311101,0.220311101,0.0,0.0,0.0,0.0,124.62426,0.0,0.0,0.0,-1.5707964,0.0
1970-01-01 00:00:00.220400724,0.220400724,0.0,0.0,0.0,392.07437,0.0,0.0,0.0,0.0,-1.5707964,0.0
1970-01-01 00:00:00.220409145,0.220409145,0.0,0.0,284.363,0.0,0.0,0.0,0.0,0.0,-1.5707964,0.0
1970-01-01 00:00:00.220427257,0.220427257,0.0,154.7656,0.0,0.0,0.0,0.0,0.0,0.0,-1.5707964,0.0
1970-01-01 00:00:00.220443930,0.22044393,0.0,0.0,0.0,225.17392,0.0,0.0,0.0,0.0,-1.5707964,0.0
1970-01-01 00:00:00.220479916,0.220479916,0.0,0.0,0.0,469.93628,0.0,0.0,0.0,0.0,-1.5707964,0.0
1970-01-01 00:00:00.220534409,0.220534409,0.0,0.0,0.0,353.70032,0.0,0.0,0.0,0.0,-1.5707964,0.0
1970-01-01 00:00:00.220547858,0.220547858,0.0,0.0,0.0,1283.2457,0.0,0.0,0.0,0.0,-1.5707964,0.0
1970-01-01 00:00:00.220558284,0.220558284,0.0,0.0,0.0,0.0,0.0,283.72897,0.0,0.0,-1.5707964,0.0
1970-01-01 00:00:00.220560268,0.220560268,0.0,0.0,0.0,0.0,170.04602,0.0,0.0,0.0,-1.5707964,0.0
1970-01-01 00:00:00.220645210,0.22064521,0.0,0.0,0.0,0.0,111.689835,0.0,0.0,0.0,-1.5707964,0.0
1970-01-01 00:00:00.220660885,0.220660885,0.0,0.0,0.0,211.57533,0.0,0.0,0.0,0.0,-1.5707964,0.0
1970-01-01 00:00:00.220717014,0.220717014,0.0,0.0,0.0,0.0,0.0,205.04195,0.0,0.0,-1.5707964,0.0
1970-01-01 00:00:00.220740649,0.220740649,0.0,0.0,0.0,223.77232,0.0,0.0,0.0,0.0,-1.5707964,0.0
1970-01-01 00:00:00.220768811,0.220768811,0.0,0.0,0.0,0.0,98.47316,0.0,0.0,0.0,-1.5707964,0.0
1970-01-01 00:00:00.220801538,0.220801538,0.0,0.0,0.0,0.0,0.0,692.78046,0.0,0.0,-1.5707964,0.0
1970-01-01 00:00:00.220802479,0.220802479,0.0,87.50392,0.0,0.0,0.0,0.0,0.0,0.0,-1.5707964,0.0
1970-01-01 00:00:00.220858364,0.220858364,0.0,0.0,0.0,126.397316,0.0,0.0,0.0,0.0,-1.5707964,0.0
1970-01-01 00:00:00.220862821,0.220862821,0.0,0.0,0.0,0.0,275.5954,0.0,0.0,0.0,-1.5707964,0.0
1970-01-01 00:00:00.220894935,0.220894935,0.0,0.0,107.38765,0.0,0.0,0.0,0.0,0.0,-1.5707964,0.0
1970-01-01 00:00:00.220895345,0.220895345,0.0,0.0,0.0,771.3211,0.0,0.0,0.0,0.0,-1.5707964,0.0
1970-01-01 00:00:00.220923873,0.220923873,0.0,0.0,0.0,378.04443,0.0,0.0,0.0,0.0,-1.5707964,0.0
1970-01-01 00:00:00.220952854,0.220952854,0.0,169.68298,0.0,0.0,0.0,0.0,0.0,0.0,-1.5707964,0.0
1970-01-01 00:00:00.220996764,0.220996764,0.0,0.0,0.0,0.0,0.0,136.55534,0.0,0.0,-1.5707964,0.0
1970-01-01 00:00:00.221021310,0.22102131,0.0,0.0,0.0,366.48676,0.0,0.0,0.0,0.0,-1.5707964,0.0
1970-01-01 00:00:00.221083103,0.221083103,0.0,0.0,0.0,269.056,0.0,0.0,0.0,0.0,-1.5707964,0.0
1970-01-01 00:00:00.221083103,0.221083103,0.0,0.0,0.0,0.0,0.0,336.8984,0.0,0.0,-1.5707964,0.0
1970-01-01 00:00:00.221086638,0.221086638,0.0,0.0,0.0,212.754,0.0,0.0,0.0,0.0,-1.5707964,0.0
1970-01-01 00:00:00.221109992,0.221109992,0.0,0.0,1003.70074,0.0,0.0,0.0,0.0,0.0,-1.5707964,0.0
1970-01-01 00:00:00.221176565,0.221176565,0.0,0.0,0.0,497.6179,0.0,0.0,0.0,0.0,-1.5707964,0.0
1970-01-01 00:00:00.221192471,0.221192471,0.0,0.0,0.0,215.91946,0.0,0.0,0.0,0.0,-1.5707964,0.0
1970-01-01 00:00:00.221259016,0.221259016,0.0,0.0,886.34644,0.0,0.0,0.0,0.0,0.0,-1.5707964,0.0
1970-01-01 00:00:00.221269516,0.221269516,0.0,0.0,0.0,165.67177,0.0,0.0,0.0,0.0,-1.5707964,0.0
1970-01-01 00:00:00.221281824,0.221281824,0.0,0.0,0.0,0.0,405.4656,0.0,0.0,0.0,-1.5707964,0.0
1970-01-01 00:00:00.221370078,0.221370078,0.0,0.0,0.0,182.14192,0.0,0.0,0.0,0.0,-1.5707964,0.0
1970-01-01 00:00:00.221384814,0.221384814,0.0,0.0,0.0,101.932945,0.0,0.0,0.0,0.0,-1.5707964,0.0
1970-01-01 00:00:00.221531725,0.221531725,0.0,267.7539,0.0,0.0,0.0,0.0,0.0,0.0,-1.5707964,0.0
1970-01-01 00:00:00.221535141,0.221535141,0.0,0.0,0.0,276.66086,0.0,0.0,0.0,0.0,-1.5707964,0.0
1970-01-01 00:00:00.221588882,0.221588882,0.0,0.0,0.0,0.0,0.0,730.23773,0.0,0.0,-1.5707964,0.0
1970-01-01 00:00:00.221594294,0.221594294,0.0,0.0,0.0,114.89133,0.0,0.0,0.0,0.0,-1.5707964,0.0
1970-01-01 00:00:00.221643503,0.221643503,0.0,0.0,0.0,254.74113,0.0,0.0,0.0,0.0,-1.5707964,0.0
1970-01-01 00:00:00.221659666,0.221659666,0.0,0.0,0.0,0.0,587.6946,0.0,0.0,0.0,-1.5707964,0.0
1970-01-01 00:00:00.221659666,0.221659666,0.0,0.0,0.0,0.0,138.87195,0.0,0.0,0.0,-1.5707964,0.0
1970-01-01 00:00:00.221669128,0.221669128,0.0,0.0,0.0,159.51794,0.0,0.0,0.0,0.0,-1.5707964,0.0
1970-01-01 00:00:00.221694840,0.22169484,0.0,0.0,0.0,803.00586,0.0,0.0,0.0,0.0,-1.5707964,0.0
1970-01-01 00:00:00.221730252,0.221730252,0.0,0.0,184.31769,0.0,0.0,0.0,0.0,0.0,-1.5707964,0.0
1970-01-01 00:00:00.221820032,0.221820032,0.0,0.0,0.0,304.09454,0.0,0.0,0.0,0.0,-1.5707964,0.0
1970-01-01 00:00:00.221832347,0.221832347,0.0,0.0,0.0,1214.5377,0.0,0.0,0.0,0.0,-1.5707964,0.0
1970-01-01 00:00:00.221841734,0.221841734,0.0,0.0,0.0,0.0,0.0,208.51302,0.0,0.0,-1.5707964,0.0
1970-01-01 00:00:00.221929641,0.221929641,0.0,0.0,1805.5952,0.0,0.0,0.0,0.0,0.0,-1.5707964,0.0
1970-01-01 00:00:00.221946166,0.221946166,0.0,0.0,0.0,250.48062,0.0,0.0,0.0,0.0,-1.5707964,0.0
1970-01-01 00:00:00.221963926,0.221963926,0.0,0.0,0.0,189.35934,0.0,0.0,0.0,0.0,-1.5707964,0.0
1970-01-01 00:00:00.222044145,0.222044145,0.0,0.0,0.0,213.78783,0.0,0.0,0.0,0.0,-1.5707964,0.0
1970-01-01 00:00:00.222061806,0.222061806,0.0,0.0,0.0,0.0,0.0,124.75055,0.0,0.0,-1.5707964,0.0
1970-01-01 00:00:00.222163981,0.222163981,0.0,0.0,0.0,0.0,274.4124,0.0,0.0,0.0,-1.5707964,0.0
1970-01-01 00:00:00.222246569,0.222246569,0.0,0.0,0.0,0.0,0.0,1676.247,0.0,0.0,-1.5707964,0.0
1970-01-01 00:00:00.222250749,0.222250749,0.0,0.0,0.0,0.0,0.0,417.25076,0.0,0.0,-1.5707964,0.0
1970-01-01 00:00:00.222341558,0.222341558,0.0,203.21223,0.0,0.0,0.0,0.0,0.0,0.0,-1.5707964,0.0
1970-01-01 00:00:00.222435940,0.22243594,0.0,0.0,0.0,0.0,0.0,137.7905,0.0,0.0,-1.5707964,0.0
1970-01-01 00:00:00.222507063,0.222507063,0.0,0.0,0.0,474.14352,0.0,0.0,0.0,0.0,-1.5707964,0.0
1970-01-01 00:00:00.222521314,0.222521314,403.81052,0.0,0.0,0.0,0.0,0.0,0.0,0.0,-1.5707964,0.0
1970-01-01 00:00:00.222570428,0.222570428,0.0,0.0,176.55959,0.0,0.0,0.0,0.0,0.0,-1.5707964,0.0
1970-01-01 00:00:00.222779115,0.222779115,0.0,0.0,0.0,163.43544,0.0,0.0,0.0,0.0,-1.5707964,0.0
1970-01-01 00:00:00.222832151,0.222832151,0.0,0.0,0.0,192.84476,0.0,0.0,0.0,0.0,-1.5707964,0.0
1970-01-01 00:00:00.222843450,0.22284345,0.0,139.83829,0.0,0.0,0.0,0.0,0.0,0.0,-1.5707964,0.0
1970-01-01 00:00:00.222872738,0.222872738,0.0,0.0,267.32007,0.0,0.0,0.0,0.0,0.0,-1.5707964,0.0
1970-01-01 00:00:00.223015717,0.223015717,157.63896,0.0,0.0,0.0,0.0,0.0,0.0,0.0,-1.5707964,0.0
1970-01-01 00:00:00.223029429,0.223029429,0.0,0.0,0.0,0.0,93.633385,0.0,0.0,0.0,-1.5707964,0.0
1970-01-01 00:00:00.223096432,0.223096432,0.0,0.0,0.0,141.93697,0.0,0.0,0.0,0.0,-1.5707964,0.0
1970-01-01 00:00:00.223101762,0.223101762,0.0,0.0,0.0,200.18237,0.0,0.0,0.0,0.0,-1.5707964,0.0
1970-01-01 00:00:00.223120702,0.223120702,0.0,0.0,0.0,0.0,0.0,91.3032,0.0,0.0,-1.5707964,0.0
1970-01-01 00:00:00.223136430,0.22313643,0.0,0.0,0.0,0.0,0.0,635.80493,0.0,0.0,-1.5707964,0.0
1970-01-01 00:00:00.223144282,0.223144282,0.0,0.0,163.29005,0.0,0.0,0.0,0.0,0.0,-1.5707964,0.0
1970-01-01 00:00:00.223160809,0.223160809,0.0,0.0,295.41107,0.0,0.0,0.0,0.0,0.0,-1.5707964,0.0
1970-01-01 00:00:00.223162455,0.223162455,0.0,0.0,0.0,177.92076,0.0,0.0,0.0,0.0,-1.5707964,0.0
1970-01-01 00:00:00.223165492,0.223165492,0.0,0.0,0.0,118.40619,0.0,0.0,0.0,0.0,-1.5707964,0.0
1970-01-01 00:00:00.223186378,0.223186378,0.0,0.0,0.0,577.4947,0.0,0.0,0.0,0.0,-1.5707964,0.0
1970-01-01 00:00:00.223213679,0.223213679,0.0,0.0,0.0,233.44167,0.0,0.0,0.0,0.0,-1.5707964,0.0
1970-01-01 00:00:00.223229068,0.223229068,0.0,0.0,0.0,179.60974,0.0,0.0,0.0,0.0,-1.5707964,0.0
1970-01-01 00:00:00.223266424,0.223266424,0.0,0.0,0.0,0.0,0.0,322.13177,0.0,0.0,-1.5707964,0.0
1970-01-01 00:00:00.223307221,0.223307221,591.80347,0.0,0.0,0.0,0.0,0.0,0.0,0.0,-1.5707964,0.0
1970-01-01 00:00:00.223394580,0.22339458,0.0,0.0,0.0,532.08887,0.0,0.0,0.0,0.0,-1.5707964,0.0
1970-01-01 00:00:00.223428780,0.22342878,0.0,0.0,0.0,82.24679,0.0,0.0,0.0,0.0,-1.5707964,0.0
1970-01-01 00:00:00.223436085,0.223436085,0.0,0.0,307.80292,0.0,0.0,0.0,0.0,0.0,-1.5707964,0.0
1970-01-01 00:00:00.223443346,0.223443346,0.0,0.0,0.0,405.44388,0.0,0.0,0.0,0.0,-1.5707964,0.0
1970-01-01 00:00:00.223445475,0.223445475,0.0,0.0,0.0,1326.5884,0.0,0.0,0.0,0.0,-1.5707964,0.0
1970-01-01 00:00:00.223509623,0.223509623,0.0,0.0,0.0,475.39377,0.0,0.0,0.0,0.0,-1.5707964,0.0
1970-01-01 00:00:00.223706489,0.223706489,0.0,0.0,1286.3447,0.0,0.0,0.0,0.0,0.0,-1.5707964,0.0
1970-01-01 00:00:00.223791327,0.223791327,0.0,0.0,0.0,0.0,0.0,169.89008,0.0,0.0,-1.5707964,0.0
1970-01-01 00:00:00.223812517,0.223812517,0.0,0.0,0.0,1106.1249,0.0,0.0,0.0,0.0,-1.5707964,0.0
1970-01-01 00:00:00.223812517,0.223812517,0.0,0.0,0.0,0.0,0.0,456.69357,0.0,0.0,-1.5707964,0.0
1970-01-01 00:00:00.223835351,0.223835351,0.0,0.0,1771.1151,0.0,0.0,0.0,0.0,0.0,-1.5707964,0.0
1970-01-01 00:00:00.223836043,0.223836043,0.0,0.0,0.0,0.0,0.0,713.2973,0.0,0.0,-1.5707964,0.0
1970-01-01 00:00:00.223876265,0.223876265,0.0,0.0,0.0,162.13782,0.0,0.0,0.0,0.0,-1.5707964,0.0
1970-01-01 00:00:00.223905994,0.223905994,0.0,308.24335,0.0,0.0,0.0,0.0,0.0,0.0,-1.5707964,0.0
1970-01-01 00:00:00.223918191,0.223918191,0.0,0.0,393.3003,0.0,0.0,0.0,0.0,0.0,-1.5707964,0.0
1970-01-01 00:00:00.223995547,0.223995547,0.0,0.0,0.0,286.25815,0.0,0.0,0.0,0.0,-1.5707964,0.0
1970-01-01 00:00:00.224004210,0.22400421,0.0,0.0,0.0,0.0,0.0,82.066055,0.0,0.0,-1.5707964,0.0
1970-01-01 00:00:00.224028452,0.224028452,0.0,0.0,0.0,101.741585,0.0,0.0,0.0,0.0,-1.5707964,0.0
1970-01-01 00:00:00.224051351,0.224051351,0.0,0.0,0.0,0.0,0.0,883.9089,0.0,0.0,-1.5707964,0.0
1970-01-01 00:00:00.224053487,0.224053487,0.0,0.0,0.0,251.38844,0.0,0.0,0.0,0.0,-1.5707964,0.0
1970-01-01 00:00:00.224230777,0.224230777,0.0,0.0,0.0,0.0,136.80081,0.0,0.0,0.0,-1.5707964,0.0
1970-01-01 00:00:00.224284845,0.224284845,0.0,0.0,0.0,0.0,484.3867,0.0,0.0,0.0,-1.5707964,0.0
1970-01-01 00:00:00.224304371,0.224304371,0.0,0.0,0.0,1157.1373,0.0,0.0,0.0,0.0,-1.5707964,0.0
1970-01-01 00:00:00.224313185,0.224313185,0.0,0.0,0.0,153.2031,0.0,0.0,0.0,0.0,-1.5707964,0.0
1970-01-01 00:00:00.224408871,0.224408871,99.40879,0.0,0.0,0.0,0.0,0.0,0.0,0.0,-1.5707964,0.0
1970-01-01 00:00:00.224441977,0.224441977,0.0,0.0,0.0,0.0,0.0,383.00665,0.0,0.0,-1.5707964,0.0
1970-01-01 00:00:00.224543755,0.224543755,0.0,293.5807,0.0,0.0,0.0,0.0,0.0,0.0,-1.5707964,0.0
1970-01-01 00:00:00.224786936,0.224786936,0.0,0.0,0.0,106.03929,0.0,0.0,0.0,0.0,-1.5707964,0.0
1970-01-01 00:00:00.224799427,0.224799427,0.0,0.0,0.0,0.0,0.0,377.03693,0.0,0.0,-1.5707964,0.0
1970-01-01 00:00:00.224841781,0.224841781,0.0,0.0,0.0,1495.6682,0.0,0.0,0.0,0.0,-1.5707964,0.0
1970-01-01 00:00:00.225081853,0.225081853,0.0,0.0,0.0,0.0,0.0,641.8339,0.0,0.0,-1.5707964,0.0
1970-01-01 00:00:00.225090436,0.225090436,0.0,0.0,0.0,377.79343,0.0,0.0,0.0,0.0,-1.5707964,0.0
1970-01-01 00:00:00.225094798,0.225094798,0.0,0.0,0.0,0.0,0.0,83.03668,0.0,0.0,-1.5707964,0.0
1970-01-01 00:00:00.225126400,0.2251264,0.0,0.0,0.0,0.0,2169.1108,0.0,0.0,0.0,-1.5707964,0.0
1970-01-01 00:00:00.225153433,0.225153433,0.0,0.0,0.0,316.3098,0.0,0.0,0.0,0.0,-1.5707964,0.0
1970-01-01 00:00:00.225222665,0.225222665,0.0,0.0,0.0,408.0252,0.0,0.0,0.0,0.0,-1.5707964,0.0
1970-01-01 00:00:00.225278849,0.225278849,0.0,0.0,0.0,0.0,438.09192,0.0,0.0,0.0,-1.5707964,0.0
1970-01-01 00:00:00.225291708,0.225291708,0.0,0.0,0.0,505.79636,0.0,0.0,0.0,0.0,-1.5707964,0.0
1970-01-01 00:00:00.225457773,0.225457773,0.0,0.0,0.0,286.76935,0.0,0.0,0.0,0.0,-1.5707964,0.0
1970-01-01 00:00:00.225697890,0.22569789,0.0,0.0,0.0,0.0,0.0,99.77372,0.0,0.0,-1.5707964,0.0
1970-01-01 00:00:00.225709925,0.225709925,0.0,0.0,0.0,861.22656,0.0,0.0,0.0,0.0,-1.5707964,0.0
1970-01-01 00:00:00.225721044,0.225721044,0.0,0.0,383.9309,0.0,0.0,0.0,0.0,0.0,-1.5707964,0.0
1970-01-01 00:00:00.225927619,0.225927619,0.0,0.0,0.0,290.16843,0.0,0.0,0.0,0.0,-1.5707964,0.0
1970-01-01 00:00:00.225958545,0.225958545,0.0,0.0,0.0,88.13164,0.0,0.0,0.0,0.0,-1.5707964,0.0
1970-01-01 00:00:00.225965698,0.225965698,0.0,0.0,0.0,128.47623,0.0,0.0,0.0,0.0,-1.5707964,0.0
1970-01-01 00:00:00.225994894,0.225994894,0.0,0.0,0.0,451.03726,0.0,0.0,0.0,0.0,-1.5707964,0.0
1970-01-01 00:00:00.226090308,0.226090308,0.0,0.0,0.0,297.27985,0.0,0.0,0.0,0.0,-1.5707964,0.0
1970-01-01 00:00:00.226246776,0.226246776,0.0,0.0,0.0,0.0,0.0,325.19537,0.0,0.0,-1.5707964,0.0
1970-01-01 00:00:00.226315234,0.226315234,0.0,0.0,181.60796,0.0,0.0,0.0,0.0,0.0,-1.5707964,0.0
1970-01-01 00:00:00.226366837,0.226366837,0.0,0.0,0.0,348.62183,0.0,0.0,0.0,0.0,-1.5707964,0.0
1970-01-01 00:00:00.226430870,0.22643087,0.0,0.0,0.0,785.3412,0.0,0.0,0.0,0.0,-1.5707964,0.0
1970-01-01 00:00:00.226510658,0.226510658,0.0,0.0,0.0,110.37384,0.0,0.0,0.0,0.0,-1.5707964,0.0
1970-01-01 00:00:00.226515551,0.226515551,0.0,0.0,0.0,0.0,0.0,125.898094,0.0,0.0,-1.5707964,0.0
1970-01-01 00:00:00.226531175,0.226531175,0.0,0.0,0.0,290.29752,0.0,0.0,0.0,0.0,-1.5707964,0.0
1970-01-01 00:00:00.226567502,0.226567502,0.0,0.0,0.0,0.0,0.0,137.2412,0.0,0.0,-1.5707964,0.0
1970-01-01 00:00:00.226645128,0.226645128,0.0,0.0,0.0,483.19025,0.0,0.0,0.0,0.0,-1.5707964,0.0
1970-01-01 00:00:00.226682292,0.226682292,0.0,0.0,0.0,197.41696,0.0,0.0,0.0,0.0,-1.5707964,0.0
1970-01-01 00:00:00.226715737,0.226715737,0.0,0.0,0.0,288.87125,0.0,0.0,0.0,0.0,-1.5707964,0.0
1970-01-01 00:00:00.226738528,0.226738528,0.0,0.0,0.0,230.1551,0.0,0.0,0.0,0.0,-1.5707964,0.0
1970-01-01 00:00:00.226738528,0.226738528,0.0,0.0,0.0,0.0,0.0,111.67455,0.0,0.0,-1.5707964,0.0
1970-01-01 00:00:00.226789381,0.226789381,0.0,0.0,176.17152,0.0,0.0,0.0,0.0,0.0,-1.5707964,0.0
1970-01-01 00:00:00.226887904,0.226887904,0.0,0.0,0.0,820.81226,0.0,0.0,0.0,0.0,-1.5707964,0.0
1970-01-01 00:00:00.226978119,0.226978119,0.0,0.0,0.0,0.0,0.0,205.98364,0.0,0.0,-1.5707964,0.0
1970-01-01 00:00:00.227026769,0.227026769,0.0,0.0,0.0,398.86334,0.0,0.0,0.0,0.0,-1.5707964,0.0
1970-01-01 00:00:00.227082282,0.227082282,0.0,160.72557,0.0,0.0,0.0,0.0,0.0,0.0,-1.5707964,0.0
1970-01-01 00:00:00.227082505,0.227082505,0.0,0.0,0.0,0.0,289.02274,0.0,0.0,0.0,-1.5707964,0.0
1970-01-01 00:00:00.227092459,0.227092459,0.0,0.0,0.0,412.16455,0.0,0.0,0.0,0.0,-1.5707964,0.0
1970-01-01 00:00:00.227105376,0.227105376,0.0,0.0,0.0,900.22186,0.0,0.0,0.0,0.0,-1.5707964,0.0
1970-01-01 00:00:00.227165061,0.227165061,0.0,400.62476,0.0,0.0,0.0,0.0,0.0,0.0,-1.5707964,0.0
1970-01-01 00:00:00.227333521,0.227333521,0.0,0.0,0.0,311.44736,0.0,0.0,0.0,0.0,-1.5707964,0.0
1970-01-01 00:00:00.227407699,0.227407699,0.0,0.0,146.42094,0.0,0.0,0.0,0.0,0.0,-1.5707964,0.0
1970-01-01 00:00:00.227425520,0.22742552,0.0,0.0,0.0,0.0,284.16156,0.0,0.0,0.0,-1.5707964,0.0
1970-01-01 00:00:00.227440958,0.227440958,0.0,0.0,0.0,440.804,0.0,0.0,0.0,0.0,-1.5707964,0.0
1970-01-01 00:00:00.227488043,0.227488043,0.0,0.0,0.0,1197.3896,0.0,0.0,0.0,0.0,-1.5707964,0.0
1970-01-01 00:00:00.227515406,0.227515406,0.0,0.0,562.6847,0.0,0.0,0.0,0.0,0.0,-1.5707964,0.0
1970-01-01 00:00:00.227517410,0.22751741,0.0,0.0,545.6744,0.0,0.0,0.0,0.0,0.0,-1.5707964,0.0
1970-01-01 00:00:00.227594613,0.227594613,0.0,173.596,0.0,0.0,0.0,0.0,0.0,0.0,-1.5707964,0.0
1970-01-01 00:00:00.227640324,0.227640324,0.0,0.0,0.0,0.0,0.0,137.72334,0.0,0.0,-1.5707964,0.0
1970-01-01 00:00:00.227725444,0.227725444,0.0,0.0,0.0,0.0,0.0,101.487976,0.0,0.0,-1.5707964,0.0
1970-01-01 00:00:00.227750681,0.227750681,0.0,0.0,0.0,0.0,0.0,80.76304,0.0,0.0,-1.5707964,0.0
1970-01-01 00:00:00.227777874,0.227777874,0.0,0.0,0.0,504.05713,0.0,0.0,0.0,0.0,-1.5707964,0.0
1970-01-01 00:00:00.227813153,0.227813153,0.0,0.0,0.0,0.0,183.37631,0.0,0.0,0.0,-1.5707964,0.0
1970-01-01 00:00:00.227852815,0.227852815,0.0,0.0,0.0,114.74984,0.0,0.0,0.0,0.0,-1.5707964,0.0
1970-01-01 00:00:00.227871194,0.227871194,0.0,0.0,88.29786,0.0,0.0,0.0,0.0,0.0,-1.5707964,0.0
1970-01-01 00:00:00.227894794,0.227894794,0.0,0.0,0.0,167.84549,0.0,0.0,0.0,0.0,-1.5707964,0.0
1970-01-01 00:00:00.227896688,0.227896688,0.0,312.5935,0.0,0.0,0.0,0.0,0.0,0.0,-1.5707964,0.0
1970-01-01 00:00:00.227915235,0.227915235,0.0,0.0,131.5948,0.0,0.0,0.0,0.0,0.0,-1.5707964,0.0
1970-01-01 00:00:00.227948198,0.227948198,0.0,0.0,0.0,388.17465,0.0,0.0,0.0,0.0,-1.5707964,0.0
1970-01-01 00:00:00.227955128,0.227955128,0.0,0.0,0.0,119.717,0.0,0.0,0.0,0.0,-1.5707964,0.0
1970-01-01 00:00:00.228034454,0.228034454,135.24033,0.0,0.0,0.0,0.0,0.0,0.0,0.0,-1.5707964,0.0
1970-01-01 00:00:00.228106925,0.228106925,0.0,0.0,434.864,0.0,0.0,0.0,0.0,0.0,-1.5707964,0.0
1970-01-01 00:00:00.228106925,0.228106925,0.0,0.0,0.0,0.0,0.0,2732.3936,0.0,0.0,-1.5707964,0.0
1970-01-01 00:00:00.228159124,0.228159124,0.0,0.0,0.0,155.59178,0.0,0.0,0.0,0.0,-1.5707964,0.0
1970-01-01 00:00:00.228163805,0.228163805,0.0,0.0,0.0,229.53569,0.0,0.0,0.0,0.0,-1.5707964,0.0
1970-01-01 00:00:00.228201578,0.228201578,0.0,0.0,369.75,0.0,0.0,0.0,0.0,0.0,-1.5707964,0.0
1970-01-01 00:00:00.228212490,0.22821249,0.0,0.0,0.0,178.24118,0.0,0.0,0.0,0.0,-1.5707964,0.0
1970-01-01 00:00:00.228225321,0.228225321,0.0,127.17158,0.0,0.0,0.0,0.0,0.0,0.0,-1.5707964,0.0
1970-01-01 00:00:00.228230909,0.228230909,0.0,0.0,0.0,0.0,84.30118,0.0,0.0,0.0,-1.5707964,0.0
1970-01-01 00:00:00.228233079,0.228233079,0.0,0.0,277.88016,0.0,0.0,0.0,0.0,0.0,-1.5707964,0.0
1970-01-01 00:00:00.228272550,0.22827255,0.0,0.0,0.0,175.26692,0.0,0.0,0.0,0.0,-1.5707964,0.0
1970-01-01 00:00:00.228292893,0.228292893,200.12143,0.0,0.0,0.0,0.0,0.0,0.0,0.0,-1.5707964,0.0
1970-01-01 00:00:00.228310307,0.228310307,0.0,0.0,698.1668,0.0,0.0,0.0,0.0,0.0,-1.5707964,0.0
1970-01-01 00:00:00.228430661,0.228430661,0.0,0.0,0.0,176.34332,0.0,0.0,0.0,0.0,-1.5707964,0.0
1970-01-01 00:00:00.228466367,0.228466367,0.0,0.0,0.0,0.0,0.0,133.85239,0.0,0.0,-1.5707964,0.0
1970-01-01 00:00:00.228508668,0.228508668,0.0,0.0,0.0,0.0,0.0,280.67123,0.0,0.0,-1.5707964,0.0
1970-01-01 00:00:00.228518925,0.228518925,0.0,0.0,599.50916,0.0,0.0,0.0,0.0,0.0,-1.5707964,0.0
1970-01-01 00:00:00.228735814,0.228735814,0.0,0.0,0.0,138.54224,0.0,0.0,0.0,0.0,-1.5707964,0.0
1970-01-01 00:00:00.228765599,0.228765599,0.0,0.0,0.0,0.0,1198.7643,0.0,0.0,0.0,-1.5707964,0.0
1970-01-01 00:00:00.228772216,0.228772216,0.0,218.87444,0.0,0.0,0.0,0.0,0.0,0.0,-1.5707964,0.0
1970-01-01 00:00:00.228897295,0.228897295,0.0,0.0,134.79805,0.0,0.0,0.0,0.0,0.0,-1.5707964,0.0
1970-01-01 00:00:00.228909760,0.22890976,0.0,0.0,0.0,0.0,0.0,273.2373,0.0,0.0,-1.5707964,0.0
1970-01-01 00:00:00.228964169,0.228964169,0.0,0.0,0.0,264.33496,0.0,0.0,0.0,0.0,-1.5707964,0.0
1970-01-01 00:00:00.228984207,0.228984207,0.0,0.0,0.0,163.17064,0.0,0.0,0.0,0.0,-1.5707964,0.0
1970-01-01 00:00:00.228994915,0.228994915,0.0,0.0,0.0,198.52628,0.0,0.0,0.0,0.0,-1.5707964,0.0
1970-01-01 00:00:00.228999563,0.228999563,0.0,0.0,0.0,0.0,924.3472,0.0,0.0,0.0,-1.5707964,0.0
1970-01-01 00:00:00.229034144,0.229034144,0.0,0.0,0.0,0.0,0.0,1509.3077,0.0,0.0,-1.5707964,0.0
1970-01-01 00:00:00.229048875,0.229048875,0.0,0.0,0.0,1016.226,0.0,0.0,0.0,0.0,-1.5707964,0.0
1970-01-01 00:00:00.229092959,0.229092959,0.0,103.69891,0.0,0.0,0.0,0.0,0.0,0.0,-1.5707964,0.0
1970-01-01 00:00:00.229100019,0.229100019,0.0,0.0,0.0,0.0,0.0,264.12842,0.0,0.0,-1.5707964,0.0
1970-01-01 00:00:00.229162110,0.22916211,0.0,0.0,0.0,181.0859,0.0,0.0,0.0,0.0,-1.5707964,0.0
1970-01-01 00:00:00.229164749,0.229164749,0.0,0.0,0.0,230.80864,0.0,0.0,0.0,0.0,-1.5707964,0.0
1970-01-01 00:00:00.229211931,0.229211931,0.0,0.0,0.0,109.5231,0.0,0.0,0.0,0.0,-1.5707964,0.0
1970-01-01 00:00:00.229226065,0.229226065,0.0,0.0,0.0,0.0,164.63065,0.0,0.0,0.0,-1.5707964,0.0
1970-01-01 00:00:00.229234358,0.229234358,0.0,0.0,421.53088,0.0,0.0,0.0,0.0,0.0,-1.5707964,0.0
1970-01-01 00:00:00.229346580,0.22934658,0.0,1117.9474,0.0,0.0,0.0,0.0,0.0,0.0,-1.5707964,0.0
1970-01-01 00:00:00.229362564,0.229362564,0.0,0.0,0.0,0.0,461.53625,0.0,0.0,0.0,-1.5707964,0.0
1970-01-01 00:00:00.229385697,0.229385697,0.0,0.0,0.0,176.40587,0.0,0.0,0.0,0.0,-1.5707964,0.0
1970-01-01 00:00:00.229437525,0.229437525,0.0,0.0,0.0,0.0,212.09802,0.0,0.0,0.0,-1.5707964,0.0
1970-01-01 00:00:00.229478312,0.229478312,0.0,0.0,404.17014,0.0,0.0,0.0,0.0,0.0,-1.5707964,0.0
1970-01-01 00:00:00.229497097,0.229497097,762.6054,0.0,0.0,0.0,0.0,0.0,0.0,0.0,-1.5707964,0.0
1970-01-01 00:00:00.229498754,0.229498754,0.0,0.0,0.0,243.45479,0.0,0.0,0.0,0.0,-1.5707964,0.0
1970-01-01 00:00:00.229500519,0.229500519,0.0,0.0,0.0,0.0,0.0,351.9664,0.0,0.0,-1.5707964,0.0
1970-01-01 00:00:00.229510622,0.229510622,0.0,0.0,260.248,0.0,0.0,0.0,0.0,0.0,-1.5707964,0.0
1970-01-01 00:00:00.229526382,0.229526382,0.0,0.0,0.0,160.89418,0.0,0.0,0.0,0.0,-1.5707964,0.0
1970-01-01 00:00:00.229528823,0.229528823,0.0,0.0,649.5936,0.0,0.0,0.0,0.0,0.0,-1.5707964,0.0
1970-01-01 00:00:00.229536897,0.229536897,0.0,0.0,0.0,150.50577,0.0,0.0,0.0,0.0,-1.5707964,0.0
1970-01-01 00:00:00.229546108,0.229546108,0.0,0.0,0.0,164.73126,0.0,0.0,0.0,0.0,-1.5707964,0.0
1970-01-01 00:00:00.229547881,0.229547881,0.0,0.0,304.40363,0.0,0.0,0.0,0.0,0.0,-1.5707964,0.0
1970-01-01 00:00:00.229568195,0.229568195,0.0,0.0,0.0,0.0,0.0,270.6858,0.0,0.0,-1.5707964,0.0
1970-01-01 00:00:00.229568263,0.229568263,0.0,0.0,0.0,3893.7188,0.0,0.0,0.0,0.0,-1.5707964,0.0
1970-01-01 00:00:00.229611037,0.229611037,0.0,0.0,153.00516,0.0,0.0,0.0,0.0,0.0,-1.5707964,0.0
1970-01-01 00:00:00.229613900,0.2296139,0.0,0.0,95.51011,0.0,0.0,0.0,0.0,0.0,-1.5707964,0.0
1970-01-01 00:00:00.229678136,0.229678136,0.0,0.0,0.0,120.537384,0.0,0.0,0.0,0.0,-1.5707964,0.0
1970-01-01 00:00:00.229698002,0.229698002,0.0,0.0,1385.6089,0.0,0.0,0.0,0.0,0.0,-1.5707964,0.0
1970-01-01 00:00:00.229699466,0.229699466,0.0,0.0,0.0,122.56521,0.0,0.0,0.0,0.0,-1.5707964,0.0
1970-01-01 00:00:00.229705794,0.229705794,0.0,0.0,0.0,629.7335,0.0,0.0,0.0,0.0,-1.5707964,0.0
1970-01-01 00:00:00.229707426,0.229707426,0.0,0.0,0.0,235.39796,0.0,0.0,0.0,0.0,-1.5707964,0.0
1970-01-01 00:00:00.229724826,0.229724826,0.0,0.0,0.0,207.01695,0.0,0.0,0.0,0.0,-1.5707964,0.0
1970-01-01 00:00:00.229727038,0.229727038,0.0,0.0,0.0,242.42125,0.0,0.0,0.0,0.0,-1.5707964,0.0
1970-01-01 00:00:00.229823581,0.229823581,0.0,0.0,0.0,0.0,0.0,98.0142,0.0,0.0,-1.5707964,0.0
1970-01-01 00:00:00.229863826,0.229863826,0.0,0.0,0.0,559.21924,0.0,0.0,0.0,0.0,-1.5707964,0.0
1970-01-01 00:00:00.229915911,0.229915911,0.0,132.41544,0.0,0.0,0.0,0.0,0.0,0.0,-1.5707964,0.0
1970-01-01 00:00:00.229935944,0.229935944,0.0,0.0,602.76776,0.0,0.0,0.0,0.0,0.0,-1.5707964,0.0
1970-01-01 00:00:00.229972609,0.229972609,0.0,0.0,0.0,93.47606,0.0,0.0,0.0,0.0,-1.5707964,0.0
1970-01-01 00:00:00.229979706,0.229979706,0.0,0.0,0.0,0.0,222.68584,0.0,0.0,0.0,-1.5707964,0.0
1970-01-01 00:00:00.230003290,0.23000329,0.0,0.0,311.63693,0.0,0.0,0.0,0.0,0.0,-1.5707964,0.0
1970-01-01 00:00:00.230081052,0.230081052,0.0,0.0,0.0,369.30875,0.0,0.0,0.0,0.0,-1.5707964,0.0
1970-01-01 00:00:00.230110967,0.230110967,0.0,0.0,0.0,195.04623,0.0,0.0,0.0,0.0,-1.5707964,0.0
1970-01-01 00:00:00.230131492,0.230131492,0.0,0.0,0.0,0.0,0.0,129.75247,0.0,0.0,-1.5707964,0.0
1970-01-01 00:00:00.230231854,0.230231854,0.0,0.0,0.0,271.93463,0.0,0.0,0.0,0.0,-1.5707964,0.0
1970-01-01 00:00:00.230237368,0.230237368,0.0,0.0,0.0,325.57803,0.0,0.0,0.0,0.0,-1.5707964,0.0
1970-01-01 00:00:00.230259605,0.230259605,0.0,0.0,0.0,133.61201,0.0,0.0,0.0,0.0,-1.5707964,0.0
1970-01-01 00:00:00.230273972,0.230273972,0.0,0.0,0.0,120.39927,0.0,0.0,0.0,0.0,-1.5707964,0.0
1970-01-01 00:00:00.230279823,0.230279823,0.0,0.0,0.0,0.0,0.0,320.17828,0.0,0.0,-1.5707964,0.0
1970-01-01 00:00:00.230417076,0.230417076,0.0,0.0,0.0,167.71349,0.0,0.0,0.0,0.0,-1.5707964,0.0
1970-01-01 00:00:00.230439287,0.230439287,0.0,0.0,0.0,1157.6705,0.0,0.0,0.0,0.0,-1.5707964,0.0
1970-01-01 00:00:00.230471327,0.230471327,0.0,0.0,0.0,148.94193,0.0,0.0,0.0,0.0,-1.5707964,0.0
1970-01-01 00:00:00.230508864,0.230508864,0.0,0.0,0.0,728.47076,0.0,0.0,0.0,0.0,-1.5707964,0.0
1970-01-01 00:00:00.230543801,0.230543801,0.0,0.0,0.0,0.0,443.61462,0.0,0.0,0.0,-1.5707964,0.0
1970-01-01 00:00:00.230573352,0.230573352,0.0,0.0,314.73004,0.0,0.0,0.0,0.0,0.0,-1.5707964,0.0
1970-01-01 00:00:00.230699138,0.230699138,0.0,0.0,0.0,348.79276,0.0,0.0,0.0,0.0,-1.5707964,0.0
1970-01-01 00:00:00.230805097,0.230805097,0.0,0.0,0.0,624.78705,0.0,0.0,0.0,0.0,-1.5707964,0.0
1970-01-01 00:00:00.230811993,0.230811993,0.0,0.0,544.4663,0.0,0.0,0.0,0.0,0.0,-1.5707964,0.0
1970-01-01 00:00:00.230825548,0.230825548,0.0,0.0,0.0,0.0,0.0,114.129074,0.0,0.0,-1.5707964,0.0
1970-01-01 00:00:00.230828520,0.23082852,0.0,0.0,609.04047,0.0,0.0,0.0,0.0,0.0,-1.5707964,0.0
1970-01-01 00:00:00.230835607,0.230835607,0.0,0.0,0.0,287.98315,0.0,0.0,0.0,0.0,-1.5707964,0.0
1970-01-01 00:00:00.230855837,0.230855837,0.0,0.0,0.0,111.56179,0.0,0.0,0.0,0.0,-1.5707964,0.0
1970-01-01 00:00:00.230871109,0.230871109,0.0,0.0,0.0,0.0,91.90356,0.0,0.0,0.0,-1.5707964,0.0
1970-01-01 00:00:00.230913105,0.230913105,0.0,0.0,0.0,337.21326,0.0,0.0,0.0,0.0,-1.5707964,0.0
1970-01-01 00:00:00.230940711,0.230940711,0.0,0.0,0.0,415.26843,0.0,0.0,0.0,0.0,-1.5707964,0.0
1970-01-01 00:00:00.230952987,0.230952987,0.0,0.0,0.0,0.0,0.0,349.58337,0.0,0.0,-1.5707964,0.0
1970-01-01 00:00:00.231017176,0.231017176,0.0,0.0,0.0,0.0,427.64316,0.0,0.0,0.0,-1.5707964,0.0
1970-01-01 00:00:00.231027122,0.231027122,0.0,0.0,0.0,188.11157,0.0,0.0,0.0,0.0,-1.5707964,0.0
1970-01-01 00:00:00.231035983,0.231035983,0.0,0.0,251.25446,0.0,0.0,0.0,0.0,0.0,-1.5707964,0.0
1970-01-01 00:00:00.231094695,0.231094695,0.0,0.0,284.1395,0.0,0.0,0.0,0.0,0.0,-1.5707964,0.0
1970-01-01 00:00:00.231166584,0.231166584,0.0,0.0,562.5995,0.0,0.0,0.0,0.0,0.0,-1.5707964,0.0
1970-01-01 00:00:00.231167973,0.231167973,0.0,0.0,0.0,219.56581,0.0,0.0,0.0,0.0,-1.5707964,0.0
1970-01-01 00:00:00.231237410,0.23123741,0.0,0.0,0.0,3477.1611,0.0,0.0,0.0,0.0,-1.5707964,0.0
1970-01-01 00:00:00.231237410,0.23123741,0.0,0.0,0.0,222.64351,0.0,0.0,0.0,0.0,-1.5707964,0.0
1970-01-01 00:00:00.231297789,0.231297789,0.0,0.0,0.0,141.42346,0.0,0.0,0.0,0.0,-1.5707964,0.0
1970-01-01 00:00:00.231314369,0.231314369,0.0,0.0,0.0,0.0,668.83386,0.0,0.0,0.0,-1.5707964,0.0
1970-01-01 00:00:00.231323447,0.231323447,0.0,0.0,0.0,330.20227,0.0,0.0,0.0,0.0,-1.5707964,0.0
1970-01-01 00:00:00.231452833,0.231452833,0.0,0.0,0.0,122.597664,0.0,0.0,0.0,0.0,-1.5707964,0.0
1970-01-01 00:00:00.231453906,0.231453906,0.0,0.0,0.0,0.0,113.176094,0.0,0.0,0.0,-1.5707964,0.0
1970-01-01 00:00:00.231460684,0.231460684,0.0,0.0,0.0,0.0,512.33234,0.0,0.0,0.0,-1.5707964,0.0
1970-01-01 00:00:00.231468056,0.231468056,0.0,0.0,0.0,95.06339,0.0,0.0,0.0,0.0,-1.5707964,0.0
1970-01-01 00:00:00.231473998,0.231473998,0.0,0.0,82.751305,0.0,0.0,0.0,0.0,0.0,-1.5707964,0.0
1970-01-01 00:00:00.231475243,0.231475243,0.0,0.0,0.0,0.0,1120.6655,0.0,0.0,0.0,-1.5707964,0.0
1970-01-01 00:00:00.231475243,0.231475243,0.0,0.0,0.0,199.95302,0.0,0.0,0.0,0.0,-1.5707964,0.0
1970-01-01 00:00:00.231512949,0.231512949,0.0,351.37015,0.0,0.0,0.0,0.0,0.0,0.0,-1.5707964,0.0
1970-01-01 00:00:00.231541133,0.231541133,0.0,0.0,0.0,177.45695,0.0,0.0,0.0,0.0,-1.5707964,0.0
1970-01-01 00:00:00.231541812,0.231541812,0.0,117.42762,0.0,0.0,0.0,0.0,0.0,0.0,-1.5707964,0.0
1970-01-01 00:00:00.231621851,0.231621851,0.0,0.0,221.62608,0.0,0.0,0.0,0.0,0.0,-1.5707964,0.0
1970-01-01 00:00:00.231685770,0.23168577,0.0,190.25737,0.0,0.0,0.0,0.0,0.0,0.0,-1.5707964,0.0
1970-01-01 00:00:00.231698939,0.231698939,0.0,133.22662,0.0,0.0,0.0,0.0,0.0,0.0,-1.5707964,0.0
1970-01-01 00:00:00.231721952,0.231721952,0.0,0.0,0.0,194.26257,0.0,0.0,0.0,0.0,-1.5707964,0.0
1970-01-01 00:00:00.231807583,0.231807583,0.0,0.0,0.0,515.81165,0.0,0.0,0.0,0.0,-1.5707964,0.0
1970-01-01 00:00:00.231846499,0.231846499,0.0,0.0,0.0,0.0,0.0,153.84724,0.0,0.0,-1.5707964,0.0
1970-01-01 00:00:00.231858198,0.231858198,0.0,0.0,0.0,297.07108,0.0,0.0,0.0,0.0,-1.5707964,0.0
1970-01-01 00:00:00.231874949,0.231874949,0.0,0.0,634.9711,0.0,0.0,0.0,0.0,0.0,-1.5707964,0.0
1970-01-01 00:00:00.231884900,0.2318849,0.0,0.0,0.0,0.0,537.79254,0.0,0.0,0.0,-1.5707964,0.0
1970-01-01 00:00:00.231914013,0.231914013,0.0,0.0,0.0,790.2024,0.0,0.0,0.0,0.0,-1.5707964,0.0
1970-01-01 00:00:00.232051601,0.232051601,0.0,0.0,0.0,459.2592,0.0,0.0,0.0,0.0,-1.5707964,0.0
1970-01-01 00:00:00.232061107,0.232061107,0.0,0.0,0.0,0.0,355.6034,0.0,0.0,0.0,-1.5707964,0.0
1970-01-01 00:00:00.232138678,0.232138678,0.0,0.0,0.0,0.0,497.41064,0.0,0.0,0.0,-1.5707964,0.0
1970-01-01 00:00:00.232152362,0.232152362,0.0,0.0,0.0,170.90993,0.0,0.0,0.0,0.0,-1.5707964,0.0
1970-01-01 00:00:00.232175948,0.232175948,0.0,226.52385,0.0,0.0,0.0,0.0,0.0,0.0,-1.5707964,0.0
1970-01-01 00:00:00.232244902,0.232244902,0.0,0.0,0.0,0.0,0.0,465.1156,0.0,0.0,-1.5707964,0.0
1970-01-01 00:00:00.232257890,0.23225789,0.0,0.0,0.0,608.7664,0.0,0.0,0.0,0.0,-1.5707964,0.0
1970-01-01 00:00:00.232355110,0.23235511,0.0,0.0,0.0,325.1861,0.0,0.0,0.0,0.0,-1.5707964,0.0
1970-01-01 00:00:00.232408842,0.232408842,0.0,0.0,472.70517,0.0,0.0,0.0,0.0,0.0,-1.5707964,0.0
1970-01-01 00:00:00.232654566,0.232654566,0.0,0.0,0.0,0.0,82.49922,0.0,0.0,0.0,-1.5707964,0.0
1970-01-01 00:00:00.232676714,0.232676714,0.0,0.0,0.0,464.03378,0.0,0.0,0.0,0.0,-1.5707964,0.0
1970-01-01 00:00:00.232713224,0.232713224,0.0,0.0,0.0,0.0,185.3744,0.0,0.0,0.0,-1.5707964,0.0
1970-01-01 00:00:00.232891312,0.232891312,0.0,215.00774,0.0,0.0,0.0,0.0,0.0,0.0,-1.5707964,0.0
1970-01-01 00:00:00.232968066,0.232968066,0.0,0.0,0.0,0.0,105.21947,0.0,0.0,0.0,-1.5707964,0.0
1970-01-01 00:00:00.232974713,0.232974713,91.29979,0.0,0.0,0.0,0.0,0.0,0.0,0.0,-1.5707964,0.0
1970-01-01 00:00:00.233029689,0.233029689,109.96963,0.0,0.0,0.0,0.0,0.0,0.0,0.0,-1.5707964,0.0
1970-01-01 00:00:00.233102299,0.233102299,0.0,0.0,0.0,601.24097,0.0,0.0,0.0,0.0,-1.5707964,0.0
1970-01-01 00:00:00.233135500,0.2331355,0.0,164.7012,0.0,0.0,0.0,0.0,0.0,0.0,-1.5707964,0.0
1970-01-01 00:00:00.233141392,0.233141392,0.0,0.0,0.0,95.14817,0.0,0.0,0.0,0.0,-1.5707964,0.0
1970-01-01 00:00:00.233225239,0.233225239,0.0,272.89133,0.0,0.0,0.0,0.0,0.0,0.0,-1.5707964,0.0
1970-01-01 00:00:00.233244511,0.233244511,0.0,0.0,0.0,1100.9303,0.0,0.0,0.0,0.0,-1.5707964,0.0
1970-01-01 00:00:00.233302066,0.233302066,0.0,0.0,0.0,947.1378,0.0,0.0,0.0,0.0,-1.5707964,0.0
1970-01-01 00:00:00.233308323,0.233308323,0.0,0.0,0.0,266.61734,0.0,0.0,0.0,0.0,-1.5707964,0.0
1970-01-01 00:00:00.233317887,0.233317887,0.0,0.0,0.0,235.57794,0.0,0.0,0.0,0.0,-1.5707964,0.0
1970-01-01 00:00:00.233329257,0.233329257,0.0,0.0,0.0,0.0,0.0,117.43858,0.0,0.0,-1.5707964,0.0
1970-01-01 00:00:00.233334701,0.233334701,0.0,0.0,0.0,0.0,0.0,858.9413,0.0,0.0,-1.5707964,0.0
1970-01-01 00:00:00.233335789,0.233335789,0.0,0.0,0.0,0.0,308.53018,0.0,0.0,0.0,-1.5707964,0.0
1970-01-01 00:00:00.233429832,0.233429832,0.0,0.0,0.0,0.0,136.60918,0.0,0.0,0.0,-1.5707964,0.0
1970-01-01 00:00:00.233496958,0.233496958,0.0,0.0,1632.8802,0.0,0.0,0.0,0.0,0.0,-1.5707964,0.0
1970-01-01 00:00:00.233503779,0.233503779,0.0,0.0,0.0,113.477325,0.0,0.0,0.0,0.0,-1.5707964,0.0
1970-01-01 00:00:00.233542119,0.233542119,0.0,229.95526,0.0,0.0,0.0,0.0,0.0,0.0,-1.5707964,0.0
1970-01-01 00:00:00.233548196,0.233548196,0.0,0.0,0.0,525.2387,0.0,0.0,0.0,0.0,-1.5707964,0.0
1970-01-01 00:00:00.233568780,0.23356878,0.0,412.48404,0.0,0.0,0.0,0.0,0.0,0.0,-1.5707964,0.0
1970-01-01 00:00:00.233592249,0.233592249,0.0,117.24859,0.0,0.0,0.0,0.0,0.0,0.0,-1.5707964,0.0
1970-01-01 00:00:00.233610670,0.23361067,0.0,0.0,97.32089,0.0,0.0,0.0,0.0,0.0,-1.5707964,0.0
1970-01-01 00:00:00.233725347,0.233725347,0.0,0.0,0.0,364.2133,0.0,0.0,0.0,0.0,-1.5707964,0.0
1970-01-01 00:00:00.233822798,0.233822798,0.0,0.0,0.0,239.57819,0.0,0.0,0.0,0.0,-1.5707964,0.0
1970-01-01 00:00:00.233830053,0.233830053,0.0,0.0,124.21129,0.0,0.0,0.0,0.0,0.0,-1.5707964,0.0
1970-01-01 00:00:00.233864211,0.233864211,0.0,1253.1357,0.0,0.0,0.0,0.0,0.0,0.0,-1.5707964,0.0
1970-01-01 00:00:00.233864211,0.233864211,0.0,0.0,0.0,240.24857,0.0,0.0,0.0,0.0,-1.5707964,0.0
1970-01-01 00:00:00.233871476,0.233871476,0.0,0.0,743.4776,0.0,0.0,0.0,0.0,0.0,-1.5707964,0.0
1970-01-01 00:00:00.233871476,0.233871476,0.0,0.0,363.65952,0.0,0.0,0.0,0.0,0.0,-1.5707964,0.0
1970-01-01 00:00:00.233914399,0.233914399,0.0,0.0,0.0,717.1218,0.0,0.0,0.0,0.0,-1.5707964,0.0
1970-01-01 00:00:00.233943756,0.233943756,0.0,0.0,0.0,241.21895,0.0,0.0,0.0,0.0,-1.5707964,0.0
1970-01-01 00:00:00.233975450,0.23397545,0.0,0.0,535.79205,0.0,0.0,0.0,0.0,0.0,-1.5707964,0.0
1970-01-01 00:00:00.234004594,0.234004594,0.0,0.0,0.0,174.99623,0.0,0.0,0.0,0.0,-1.5707964,0.0
1970-01-01 00:00:00.234004672,0.234004672,0.0,0.0,0.0,228.38615,0.0,0.0,0.0,0.0,-1.5707964,0.0
1970-01-01 00:00:00.234020555,0.234020555,0.0,0.0,0.0,0.0,0.0,393.85153,0.0,0.0,-1.5707964,0.0
1970-01-01 00:00:00.234077050,0.23407705,0.0,0.0,0.0,96.506645,0.0,0.0,0.0,0.0,-1.5707964,0.0
1970-01-01 00:00:00.234171450,0.23417145,0.0,0.0,115.97192,0.0,0.0,0.0,0.0,0.0,-1.5707964,0.0
1970-01-01 00:00:00.234183725,0.234183725,0.0,139.66922,0.0,0.0,0.0,0.0,0.0,0.0,-1.5707964,0.0
1970-01-01 00:00:00.234186256,0.234186256,0.0,0.0,0.0,0.0,0.0,253.10579,0.0,0.0,-1.5707964,0.0
1970-01-01 00:00:00.234220908,0.234220908,0.0,0.0,0.0,0.0,0.0,187.48114,0.0,0.0,-1.5707964,0.0
1970-01-01 00:00:00.234225785,0.234225785,0.0,0.0,0.0,170.83336,0.0,0.0,0.0,0.0,-1.5707964,0.0
1970-01-01 00:00:00.234276589,0.234276589,0.0,271.05814,0.0,0.0,0.0,0.0,0.0,0.0,-1.5707964,0.0
1970-01-01 00:00:00.234315864,0.234315864,0.0,0.0,0.0,1586.8762,0.0,0.0,0.0,0.0,-1.5707964,0.0
1970-01-01 00:00:00.234315922,0.234315922,0.0,0.0,0.0,110.72269,0.0,0.0,0.0,0.0,-1.5707964,0.0
1970-01-01 00:00:00.234378612,0.234378612,0.0,0.0,0.0,0.0,0.0,342.1585,0.0,0.0,-1.5707964,0.0
1970-01-01 00:00:00.234389884,0.234389884,0.0,0.0,656.52045,0.0,0.0,0.0,0.0,0.0,-1.5707964,0.0
1970-01-01 00:00:00.234414793,0.234414793,0.0,0.0,0.0,236.53098,0.0,0.0,0.0,0.0,-1.5707964,0.0
1970-01-01 00:00:00.234433014,0.234433014,0.0,0.0,0.0,762.3113,0.0,0.0,0.0,0.0,-1.5707964,0.0
1970-01-01 00:00:00.234478714,0.234478714,0.0,0.0,0.0,0.0,0.0,221.76999,0.0,0.0,-1.5707964,0.0
1970-01-01 00:00:00.234479216,0.234479216,0.0,0.0,0.0,107.65155,0.0,0.0,0.0,0.0,-1.5707964,0.0
1970-01-01 00:00:00.234484106,0.234484106,0.0,0.0,0.0,0.0,0.0,1006.58563,0.0,0.0,-1.5707964,0.0
1970-01-01 00:00:00.234516406,0.234516406,0.0,171.33064,0.0,0.0,0.0,0.0,0.0,0.0,-1.5707964,0.0
1970-01-01 00:00:00.234533250,0.23453325,0.0,0.0,0.0,109.48944,0.0,0.0,0.0,0.0,-1.5707964,0.0
1970-01-01 00:00:00.234560983,0.234560983,0.0,0.0,0.0,0.0,0.0,2330.5017,0.0,0.0,-1.5707964,0.0
1970-01-01 00:00:00.234563883,0.234563883,0.0,0.0,399.42984,0.0,0.0,0.0,0.0,0.0,-1.5707964,0.0
1970-01-01 00:00:00.234586947,0.234586947,0.0,0.0,0.0,354.42688,0.0,0.0,0.0,0.0,-1.5707964,0.0
1970-01-01 00:00:00.234610194,0.234610194,0.0,0.0,0.0,0.0,122.16106,0.0,0.0,0.0,-1.5707964,0.0
1970-01-01 00:00:00.234626237,0.234626237,0.0,0.0,0.0,0.0,174.3023,0.0,0.0,0.0,-1.5707964,0.0
1970-01-01 00:00:00.234652893,0.234652893,0.0,0.0,110.89658,0.0,0.0,0.0,0.0,0.0,-1.5707964,0.0
1970-01-01 00:00:00.234659759,0.234659759,0.0,0.0,0.0,183.8421,0.0,0.0,0.0,0.0,-1.5707964,0.0
1970-01-01 00:00:00.234732247,0.234732247,0.0,0.0,0.0,0.0,110.29941,0.0,0.0,0.0,-1.5707964,0.0
1970-01-01 00:00:00.234735960,0.23473596,0.0,0.0,0.0,477.27298,0.0,0.0,0.0,0.0,-1.5707964,0.0
1970-01-01 00:00:00.234735960,0.23473596,0.0,0.0,0.0,178.86163,0.0,0.0,0.0,0.0,-1.5707964,0.0
1970-01-01 00:00:00.234736159,0.234736159,0.0,0.0,0.0,317.64703,0.0,0.0,0.0,0.0,-1.5707964,0.0
1970-01-01 00:00:00.234741660,0.23474166,0.0,0.0,0.0,0.0,0.0,440.993,0.0,0.0,-1.5707964,0.0
1970-01-01 00:00:00.234749448,0.234749448,0.0,0.0,0.0,0.0,378.60074,0.0,0.0,0.0,-1.5707964,0.0
1970-01-01 00:00:00.234753602,0.234753602,0.0,0.0,0.0,399.96884,0.0,0.0,0.0,0.0,-1.5707964,0.0
1970-01-01 00:00:00.234758768,0.234758768,0.0,0.0,0.0,0.0,0.0,271.63016,0.0,0.0,-1.5707964,0.0
1970-01-01 00:00:00.234786057,0.234786057,0.0,0.0,0.0,134.07529,0.0,0.0,0.0,0.0,-1.5707964,0.0
1970-01-01 00:00:00.234877768,0.234877768,0.0,0.0,0.0,331.45276,0.0,0.0,0.0,0.0,-1.5707964,0.0
1970-01-01 00:00:00.234986917,0.234986917,0.0,0.0,0.0,301.97186,0.0,0.0,0.0,0.0,-1.5707964,0.0
1970-01-01 00:00:00.235026140,0.23502614,0.0,0.0,0.0,0.0,378.68787,0.0,0.0,0.0,-1.5707964,0.0
1970-01-01 00:00:00.235157294,0.235157294,0.0,0.0,0.0,150.10077,0.0,0.0,0.0,0.0,-1.5707964,0.0
1970-01-01 00:00:00.235171786,0.235171786,181.78683,0.0,0.0,0.0,0.0,0.0,0.0,0.0,-1.5707964,0.0
1970-01-01 00:00:00.235233924,0.235233924,0.0,0.0,456.5264,0.0,0.0,0.0,0.0,0.0,-1.5707964,0.0
1970-01-01 00:00:00.235310604,0.235310604,317.39264,0.0,0.0,0.0,0.0,0.0,0.0,0.0,-1.5707964,0.0
1970-01-01 00:00:00.235326417,0.235326417,0.0,0.0,0.0,0.0,1087.6394,0.0,0.0,0.0,-1.5707964,0.0
1970-01-01 00:00:00.235515232,0.235515232,0.0,0.0,0.0,86.034615,0.0,0.0,0.0,0.0,-1.5707964,0.0
1970-01-01 00:00:00.235540372,0.235540372,0.0,0.0,0.0,152.42325,0.0,0.0,0.0,0.0,-1.5707964,0.0
1970-01-01 00:00:00.235550329,0.235550329,0.0,0.0,0.0,0.0,0.0,81.15431,0.0,0.0,-1.5707964,0.0
1970-01-01 00:00:00.235622883,0.235622883,348.53116,0.0,0.0,0.0,0.0,0.0,0.0,0.0,-1.5707964,0.0
1970-01-01 00:00:00.235651019,0.235651019,0.0,0.0,0.0,0.0,0.0,162.71129,0.0,0.0,-1.5707964,0.0
1970-01-01 00:00:00.235755258,0.235755258,0.0,0.0,0.0,0.0,373.60425,0.0,0.0,0.0,-1.5707964,0.0
1970-01-01 00:00:00.235797859,0.235797859,0.0,0.0,0.0,1484.1023,0.0,0.0,0.0,0.0,-1.5707964,0.0
1970-01-01 00:00:00.235870892,0.235870892,172.23077,0.0,0.0,0.0,0.0,0.0,0.0,0.0,-1.5707964,0.0
1970-01-01 00:00:00.235873233,0.235873233,0.0,0.0,320.46118,0.0,0.0,0.0,0.0,0.0,-1.5707964,0.0
1970-01-01 00:00:00.235992328,0.235992328,0.0,0.0,0.0,0.0,1368.6013,0.0,0.0,0.0,-1.5707964,0.0
1970-01-01 00:00:00.236018819,0.236018819,0.0,0.0,0.0,543.05475,0.0,0.0,0.0,0.0,-1.5707964,0.0
1970-01-01 00:00:00.236024940,0.23602494,142.13377,0.0,0.0,0.0,0.0,0.0,0.0,0.0,-1.5707964,0.0
1970-01-01 00:00:00.236097871,0.236097871,0.0,264.1141,0.0,0.0,0.0,0.0,0.0,0.0,-1.5707964,0.0
1970-01-01 00:00:00.236098398,0.236098398,0.0,0.0,0.0,135.65811,0.0,0.0,0.0,0.0,-1.5707964,0.0
1970-01-01 00:00:00.236243914,0.236243914,0.0,0.0,0.0,153.32289,0.0,0.0,0.0,0.0,-1.5707964,0.0
1970-01-01 00:00:00.236248373,0.236248373,0.0,0.0,0.0,464.96936,0.0,0.0,0.0,0.0,-1.5707964,0.0
1970-01-01 00:00:00.236444237,0.236444237,0.0,0.0,0.0,0.0,0.0,148.44354,0.0,0.0,-1.5707964,0.0
1970-01-01 00:00:00.236491418,0.236491418,0.0,0.0,1088.2697,0.0,0.0,0.0,0.0,0.0,-1.5707964,0.0
1970-01-01 00:00:00.236529730,0.23652973,0.0,0.0,0.0,0.0,80.419525,0.0,0.0,0.0,-1.5707964,0.0
1970-01-01 00:00:00.236537511,0.236537511,0.0,0.0,0.0,2687.2605,0.0,0.0,0.0,0.0,-1.5707964,0.0
1970-01-01 00:00:00.236564542,0.236564542,0.0,0.0,0.0,89.18385,0.0,0.0,0.0,0.0,-1.5707964,0.0
1970-01-01 00:00:00.236592833,0.236592833,0.0,0.0,0.0,523.93286,0.0,0.0,0.0,0.0,-1.5707964,0.0
1970-01-01 00:00:00.236600876,0.236600876,0.0,233.74792,0.0,0.0,0.0,0.0,0.0,0.0,-1.5707964,0.0
1970-01-01 00:00:00.236684675,0.236684675,0.0,0.0,2452.474,0.0,0.0,0.0,0.0,0.0,-1.5707964,0.0
1970-01-01 00:00:00.236759108,0.236759108,0.0,102.62177,0.0,0.0,0.0,0.0,0.0,0.0,-1.5707964,0.0
1970-01-01 00:00:00.236765579,0.236765579,0.0,0.0,0.0,253.81747,0.0,0.0,0.0,0.0,-1.5707964,0.0
1970-01-01 00:00:00.236792688,0.236792688,0.0,0.0,0.0,277.73242,0.0,0.0,0.0,0.0,-1.5707964,0.0
1970-01-01 00:00:00.236795172,0.236795172,0.0,1375.4209,0.0,0.0,0.0,0.0,0.0,0.0,-1.5707964,0.0
1970-01-01 00:00:00.236898987,0.236898987,0.0,0.0,0.0,0.0,454.65063,0.0,0.0,0.0,-1.5707964,0.0
1970-01-01 00:00:00.236970142,0.236970142,0.0,0.0,0.0,151.28276,0.0,0.0,0.0,0.0,-1.5707964,0.0
1970-01-01 00:00:00.237019413,0.237019413,0.0,0.0,0.0,0.0,0.0,1228.3824,0.0,0.0,-1.5707964,0.0
1970-01-01 00:00:00.237072928,0.237072928,0.0,0.0,0.0,0.0,218.457,0.0,0.0,0.0,-1.5707964,0.0
1970-01-01 00:00:00.237105475,0.237105475,0.0,0.0,0.0,338.40234,0.0,0.0,0.0,0.0,-1.5707964,0.0
1970-01-01 00:00:00.237156866,0.237156866,0.0,0.0,0.0,325.17188,0.0,0.0,0.0,0.0,-1.5707964,0.0
1970-01-01 00:00:00.237175300,0.2371753,0.0,0.0,0.0,0.0,0.0,140.2123,0.0,0.0,-1.5707964,0.0
1970-01-01 00:00:00.237189016,0.237189016,0.0,0.0,0.0,89.615944,0.0,0.0,0.0,0.0,-1.5707964,0.0
1970-01-01 00:00:00.237349300,0.2373493,0.0,0.0,0.0,192.63771,0.0,0.0,0.0,0.0,-1.5707964,0.0
1970-01-01 00:00:00.237425252,0.237425252,0.0,109.892746,0.0,0.0,0.0,0.0,0.0,0.0,-1.5707964,0.0
1970-01-01 00:00:00.237430047,0.237430047,0.0,0.0,0.0,569.34033,0.0,0.0,0.0,0.0,-1.5707964,0.0
1970-01-01 00:00:00.237436976,0.237436976,0.0,0.0,0.0,110.491135,0.0,0.0,0.0,0.0,-1.5707964,0.0
1970-01-01 00:00:00.237461682,0.237461682,0.0,0.0,173.4893,0.0,0.0,0.0,0.0,0.0,-1.5707964,0.0
1970-01-01 00:00:00.237514765,0.237514765,0.0,0.0,0.0,0.0,0.0,593.54083,0.0,0.0,-1.5707964,0.0
1970-01-01 00:00:00.237530914,0.237530914,0.0,0.0,0.0,174.88277,0.0,0.0,0.0,0.0,-1.5707964,0.0
1970-01-01 00:00:00.237587686,0.237587686,0.0,0.0,0.0,0.0,0.0,244.79692,0.0,0.0,-1.5707964,0.0
1970-01-01 00:00:00.237624213,0.237624213,0.0,0.0,0.0,84.94583,0.0,0.0,0.0,0.0,-1.5707964,0.0
1970-01-01 00:00:00.237816011,0.237816011,0.0,142.10329,0.0,0.0,0.0,0.0,0.0,0.0,-1.5707964,0.0
1970-01-01 00:00:00.237938189,0.237938189,0.0,0.0,0.0,219.36093,0.0,0.0,0.0,0.0,-1.5707964,0.0
1970-01-01 00:00:00.238058206,0.238058206,0.0,0.0,0.0,124.97553,0.0,0.0,0.0,0.0,-1.5707964,0.0
1970-01-01 00:00:00.238100915,0.238100915,0.0,0.0,0.0,201.24756,0.0,0.0,0.0,0.0,-1.5707964,0.0
1970-01-01 00:00:00.238174972,0.238174972,0.0,0.0,258.0614,0.0,0.0,0.0,0.0,0.0,-1.5707964,0.0
1970-01-01 00:00:00.238338602,0.238338602,0.0,0.0,0.0,0.0,0.0,262.70007,0.0,0.0,-1.5707964,0.0
1970-01-01 00:00:00.238341016,0.238341016,0.0,0.0,0.0,203.13786,0.0,0.0,0.0,0.0,-1.5707964,0.0
1970-01-01 00:00:00.238350972,0.238350972,0.0,0.0,250.2155,0.0,0.0,0.0,0.0,0.0,-1.5707964,0.0
1970-01-01 00:00:00.238391980,0.23839198,0.0,0.0,0.0,260.65887,0.0,0.0,0.0,0.0,-1.5707964,0.0
1970-01-01 00:00:00.238399493,0.238399493,145.12144,0.0,0.0,0.0,0.0,0.0,0.0,0.0,-1.5707964,0.0
1970-01-01 00:00:00.238547134,0.238547134,0.0,0.0,0.0,0.0,0.0,252.91846,0.0,0.0,-1.5707964,0.0
1970-01-01 00:00:00.238634491,0.238634491,0.0,0.0,0.0,0.0,0.0,252.45506,0.0,0.0,-1.5707964,0.0
1970-01-01 00:00:00.238753763,0.238753763,0.0,0.0,0.0,0.0,0.0,201.48102,0.0,0.0,-1.5707964,0.0
1970-01-01 00:00:00.238789510,0.23878951,0.0,912.8538,0.0,0.0,0.0,0.0,0.0,0.0,-1.5707964,0.0
1970-01-01 00:00:00.238793179,0.238793179,0.0,0.0,0.0,89.48993,0.0,0.0,0.0,0.0,-1.5707964,0.0
1970-01-01 00:00:00.238857010,0.23885701,0.0,0.0,0.0,327.1173,0.0,0.0,0.0,0.0,-1.5707964,0.0
1970-01-01 00:00:00.238868844,0.238868844,0.0,0.0,0.0,90.309074,0.0,0.0,0.0,0.0,-1.5707964,0.0
1970-01-01 00:00:00.238881154,0.238881154,0.0,99.82508,0.0,0.0,0.0,0.0,0.0,0.0,-1.5707964,0.0
1970-01-01 00:00:00.238984210,0.23898421,0.0,0.0,0.0,882.9318,0.0,0.0,0.0,0.0,-1.5707964,0.0
1970-01-01 00:00:00.238995593,0.238995593,0.0,0.0,0.0,0.0,181.9155,0.0,0.0,0.0,-1.5707964,0.0
1970-01-01 00:00:00.239051994,0.239051994,0.0,0.0,0.0,0.0,0.0,302.90796,0.0,0.0,-1.5707964,0.0
1970-01-01 00:00:00.239074378,0.239074378,0.0,0.0,218.2943,0.0,0.0,0.0,0.0,0.0,-1.5707964,0.0
1970-01-01 00:00:00.239089522,0.239089522,0.0,0.0,290.47284,0.0,0.0,0.0,0.0,0.0,-1.5707964,0.0
1970-01-01 00:00:00.239167979,0.239167979,0.0,0.0,0.0,0.0,811.2368,0.0,0.0,0.0,-1.5707964,0.0
1970-01-01 00:00:00.239167979,0.239167979,0.0,0.0,0.0,890.19995,0.0,0.0,0.0,0.0,-1.5707964,0.0
1970-01-01 00:00:00.239199720,0.23919972,750.99786,0.0,0.0,0.0,0.0,0.0,0.0,0.0,-1.5707964,0.0
1970-01-01 00:00:00.239275057,0.239275057,0.0,0.0,0.0,0.0,0.0,349.92554,0.0,0.0,-1.5707964,0.0
1970-01-01 00:00:00.239387195,0.239387195,0.0,0.0,0.0,0.0,0.0,2681.017,0.0,0.0,-1.5707964,0.0
1970-01-01 00:00:00.239408772,0.239408772,0.0,0.0,0.0,0.0,0.0,121.429085,0.0,0.0,-1.5707964,0.0
1970-01-01 00:00:00.239428790,0.23942879,0.0,0.0,0.0,297.51978,0.0,0.0,0.0,0.0,-1.5707964,0.0
1970-01-01 00:00:00.239481780,0.23948178,0.0,0.0,308.4154,0.0,0.0,0.0,0.0,0.0,-1.5707964,0.0
1970-01-01 00:00:00.239576142,0.239576142,0.0,0.0,0.0,0.0,182.65858,0.0,0.0,0.0,-1.5707964,0.0
1970-01-01 00:00:00.239655062,0.239655062,0.0,0.0,201.74104,0.0,0.0,0.0,0.0,0.0,-1.5707964,0.0
1970-01-01 00:00:00.239676974,0.239676974,0.0,0.0,0.0,0.0,80.234825,0.0,0.0,0.0,-1.5707964,0.0
1970-01-01 00:00:00.239753095,0.239753095,0.0,189.51488,0.0,0.0,0.0,0.0,0.0,0.0,-1.5707964,0.0
1970-01-01 00:00:00.239812679,0.239812679,0.0,0.0,0.0,153.68665,0.0,0.0,0.0,0.0,-1.5707964,0.0
1970-01-01 00:00:00.239899873,0.239899873,0.0,0.0,0.0,103.04946,0.0,0.0,0.0,0.0,-1.5707964,0.0
1970-01-01 00:00:00.239996409,0.239996409,0.0,0.0,0.0,607.37976,0.0,0.0,0.0,0.0,-1.5707964,0.0
1970-01-01 00:00:00.240054855,0.240054855,0.0,0.0,0.0,1589.7437,0.0,0.0,0.0,0.0,-1.5707964,0.0
1970-01-01 00:00:00.240055528,0.240055528,0.0,0.0,0.0,297.3025,0.0,0.0,0.0,0.0,-1.5707964,0.0
1970-01-01 00:00:00.240106731,0.240106731,0.0,0.0,0.0,197.49123,0.0,0.0,0.0,0.0,-1.5707964,0.0
1970-01-01 00:00:00.240140661,0.240140661,0.0,0.0,0.0,0.0,0.0,210.3772,0.0,0.0,-1.5707964,0.0
1970-01-01 00:00:00.240204068,0.240204068,0.0,0.0,0.0,166.93716,0.0,0.0,0.0,0.0,-1.5707964,0.0
1970-01-01 00:00:00.240226745,0.240226745,0.0,0.0,945.9841,0.0,0.0,0.0,0.0,0.0,-1.5707964,0.0
1970-01-01 00:00:00.240252170,0.24025217,0.0,0.0,0.0,0.0,0.0,91.05568,0.0,0.0,-1.5707964,0.0
1970-01-01 00:00:00.240370680,0.24037068,0.0,0.0,1288.5278,0.0,0.0,0.0,0.0,0.0,-1.5707964,0.0
1970-01-01 00:00:00.240420495,0.240420495,0.0,0.0,1066.4537,0.0,0.0,0.0,0.0,0.0,-1.5707964,0.0
1970-01-01 00:00:00.240420495,0.240420495,0.0,0.0,0.0,551.84955,0.0,0.0,0.0,0.0,-1.5707964,0.0
1970-01-01 00:00:00.240537917,0.240537917,0.0,0.0,0.0,124.10091,0.0,0.0,0.0,0.0,-1.5707964,0.0
1970-01-01 00:00:00.240548770,0.24054877,0.0,0.0,389.39996,0.0,0.0,0.0,0.0,0.0,-1.5707964,0.0
1970-01-01 00:00:00.240599360,0.24059936,0.0,0.0,0.0,837.64026,0.0,0.0,0.0,0.0,-1.5707964,0.0
1970-01-01 00:00:00.240639955,0.240639955,0.0,0.0,0.0,174.46248,0.0,0.0,0.0,0.0,-1.5707964,0.0
1970-01-01 00:00:00.240688712,0.240688712,0.0,0.0,0.0,417.85745,0.0,0.0,0.0,0.0,-1.5707964,0.0
1970-01-01 00:00:00.240772594,0.240772594,0.0,0.0,109.31756,0.0,0.0,0.0,0.0,0.0,-1.5707964,0.0
1970-01-01 00:00:00.240871525,0.240871525,0.0,0.0,0.0,0.0,191.7396,0.0,0.0,0.0,-1.5707964,0.0
1970-01-01 00:00:00.240928040,0.24092804,0.0,0.0,0.0,250.10735,0.0,0.0,0.0,0.0,-1.5707964,0.0
1970-01-01 00:00:00.240946230,0.24094623,0.0,0.0,0.0,424.4992,0.0,0.0,0.0,0.0,-1.5707964,0.0
1970-01-01 00:00:00.240972855,0.240972855,0.0,0.0,0.0,0.0,153.97992,0.0,0.0,0.0,-1.5707964,0.0
1970-01-01 00:00:00.241060548,0.241060548,0.0,0.0,139.38762,0.0,0.0,0.0,0.0,0.0,-1.5707964,0.0
1970-01-01 00:00:00.241122623,0.241122623,0.0,0.0,0.0,165.44548,0.0,0.0,0.0,0.0,-1.5707964,0.0
1970-01-01 00:00:00.241171137,0.241171137,0.0,0.0,0.0,0.0,0.0,122.115524,0.0,0.0,-1.5707964,0.0
1970-01-01 00:00:00.241180436,0.241180436,0.0,0.0,0.0,0.0,0.0,108.64148,0.0,0.0,-1.5707964,0.0
1970-01-01 00:00:00.241185089,0.241185089,0.0,0.0,0.0,0.0,0.0,328.56635,0.0,0.0,-1.5707964,0.0
1970-01-01 00:00:00.241192345,0.241192345,889.82385,0.0,0.0,0.0,0.0,0.0,0.0,0.0,-1.5707964,0.0
1970-01-01 00:00:00.241192933,0.241192933,0.0,0.0,0.0,141.31802,0.0,0.0,0.0,0.0,-1.5707964,0.0
1970-01-01 00:00:00.241273279,0.241273279,0.0,0.0,0.0,0.0,0.0,247.62088,0.0,0.0,-1.5707964,0.0
1970-01-01 00:00:00.241301421,0.241301421,0.0,0.0,0.0,359.35202,0.0,0.0,0.0,0.0,-1.5707964,0.0
1970-01-01 00:00:00.241319254,0.241319254,0.0,0.0,0.0,0.0,111.32094,0.0,0.0,0.0,-1.5707964,0.0
1970-01-01 00:00:00.241397669,0.241397669,0.0,0.0,0.0,462.2274,0.0,0.0,0.0,0.0,-1.5707964,0.0
1970-01-01 00:00:00.241411657,0.241411657,0.0,0.0,0.0,0.0,0.0,772.6447,0.0,0.0,-1.5707964,0.0
1970-01-01 00:00:00.241441048,0.241441048,0.0,0.0,0.0,258.98138,0.0,0.0,0.0,0.0,-1.5707964,0.0
1970-01-01 00:00:00.241443394,0.241443394,0.0,0.0,0.0,160.0053,0.0,0.0,0.0,0.0,-1.5707964,0.0
1970-01-01 00:00:00.241455613,0.241455613,0.0,0.0,0.0,150.10236,0.0,0.0,0.0,0.0,-1.5707964,0.0
1970-01-01 00:00:00.241542231,0.241542231,0.0,0.0,0.0,449.71927,0.0,0.0,0.0,0.0,-1.5707964,0.0
1970-01-01 00:00:00.241577027,0.241577027,0.0,0.0,383.07092,0.0,0.0,0.0,0.0,0.0,-1.5707964,0.0
1970-01-01 00:00:00.241671131,0.241671131,0.0,0.0,166.03816,0.0,0.0,0.0,0.0,0.0,-1.5707964,0.0
1970-01-01 00:00:00.241758837,0.241758837,0.0,0.0,0.0,0.0,0.0,1470.2374,0.0,0.0,-1.5707964,0.0
1970-01-01 00:00:00.241834554,0.241834554,0.0,0.0,2647.1948,0.0,0.0,0.0,0.0,0.0,-1.5707964,0.0
1970-01-01 00:00:00.241963417,0.241963417,0.0,146.79927,0.0,0.0,0.0,0.0,0.0,0.0,-1.5707964,0.0
1970-01-01 00:00:00.242064131,0.242064131,0.0,0.0,547.2236,0.0,0.0,0.0,0.0,0.0,-1.5707964,0.0
1970-01-01 00:00:00.242126177,0.242126177,0.0,0.0,0.0,461.83118,0.0,0.0,0.0,0.0,-1.5707964,0.0
1970-01-01 00:00:00.242142796,0.242142796,0.0,0.0,102.96911,0.0,0.0,0.0,0.0,0.0,-1.5707964,0.0
1970-01-01 00:00:00.242274291,0.242274291,0.0,0.0,0.0,0.0,0.0,207.21048,0.0,0.0,-1.5707964,0.0
1970-01-01 00:00:00.242309931,0.242309931,0.0,0.0,0.0,329.7015,0.0,0.0,0.0,0.0,-1.5707964,0.0
1970-01-01 00:00:00.242339294,0.242339294,0.0,0.0,0.0,0.0,0.0,83.83261,0.0,0.0,-1.5707964,0.0
1970-01-01 00:00:00.242341234,0.242341234,0.0,0.0,0.0,0.0,0.0,321.26346,0.0,0.0,-1.5707964,0.0
1970-01-01 00:00:00.242369499,0.242369499,0.0,0.0,0.0,0.0,0.0,172.61667,0.0,0.0,-1.5707964,0.0
1970-01-01 00:00:00.242541223,0.242541223,0.0,0.0,0.0,0.0,0.0,125.00216,0.0,0.0,-1.5707964,0.0
1970-01-01 00:00:00.242546751,0.242546751,0.0,0.0,0.0,204.09572,0.0,0.0,0.0,0.0,-1.5707964,0.0
1970-01-01 00:00:00.242679061,0.242679061,0.0,0.0,0.0,1461.0857,0.0,0.0,0.0,0.0,-1.5707964,0.0
1970-01-01 00:00:00.242794522,0.242794522,0.0,0.0,0.0,0.0,169.46721,0.0,0.0,0.0,-1.5707964,0.0
1970-01-01 00:00:00.242886544,0.242886544,0.0,0.0,0.0,1867.445,0.0,0.0,0.0,0.0,-1.5707964,0.0
1970-01-01 00:00:00.242886575,0.242886575,0.0,667.40796,0.0,0.0,0.0,0.0,0.0,0.0,-1.5707964,0.0
1970-01-01 00:00:00.242887426,0.242887426,0.0,0.0,0.0,0.0,0.0,123.802666,0.0,0.0,-1.5707964,0.0
1970-01-01 00:00:00.242914388,0.242914388,0.0,0.0,467.5074,0.0,0.0,0.0,0.0,0.0,-1.5707964,0.0
1970-01-01 00:00:00.242916984,0.242916984,0.0,0.0,0.0,1744.5585,0.0,0.0,0.0,0.0,-1.5707964,0.0
1970-01-01 00:00:00.242926662,0.242926662,0.0,0.0,0.0,84.44379,0.0,0.0,0.0,0.0,-1.5707964,0.0
1970-01-01 00:00:00.242929017,0.242929017,0.0,0.0,0.0,344.86603,0.0,0.0,0.0,0.0,-1.5707964,0.0
1970-01-01 00:00:00.242934864,0.242934864,0.0,0.0,0.0,722.1205,0.0,0.0,0.0,0.0,-1.5707964,0.0
1970-01-01 00:00:00.242978501,0.242978501,0.0,0.0,0.0,1056.229,0.0,0.0,0.0,0.0,-1.5707964,0.0
1970-01-01 00:00:00.242996220,0.24299622,0.0,0.0,0.0,195.4342,0.0,0.0,0.0,0.0,-1.5707964,0.0
1970-01-01 00:00:00.243000688,0.243000688,0.0,0.0,0.0,98.93346,0.0,0.0,0.0,0.0,-1.5707964,0.0
1970-01-01 00:00:00.243059203,0.243059203,0.0,0.0,0.0,357.39026,0.0,0.0,0.0,0.0,-1.5707964,0.0
1970-01-01 00:00:00.243140751,0.243140751,0.0,0.0,0.0,549.05566,0.0,0.0,0.0,0.0,-1.5707964,0.0
1970-01-01 00:00:00.243232017,0.243232017,0.0,0.0,0.0,125.42262,0.0,0.0,0.0,0.0,-1.5707964,0.0
1970-01-01 00:00:00.243368850,0.24336885,0.0,0.0,0.0,0.0,286.0283,0.0,0.0,0.0,-1.5707964,0.0
1970-01-01 00:00:00.243426943,0.243426943,0.0,0.0,0.0,695.98816,0.0,0.0,0.0,0.0,-1.5707964,0.0
1970-01-01 00:00:00.243436883,0.243436883,0.0,0.0,1551.5355,0.0,0.0,0.0,0.0,0.0,-1.5707964,0.0
1970-01-01 00:00:00.243455522,0.243455522,0.0,0.0,0.0,0.0,0.0,113.11312,0.0,0.0,-1.5707964,0.0
1970-01-01 00:00:00.243530228,0.243530228,0.0,0.0,0.0,321.12247,0.0,0.0,0.0,0.0,-1.5707964,0.0
1970-01-01 00:00:00.243540643,0.243540643,0.0,0.0,0.0,369.08374,0.0,0.0,0.0,0.0,-1.5707964,0.0
1970-01-01 00:00:00.243568563,0.243568563,0.0,230.57433,0.0,0.0,0.0,0.0,0.0,0.0,-1.5707964,0.0
1970-01-01 00:00:00.243603695,0.243603695,0.0,0.0,0.0,0.0,0.0,647.6496,0.0,0.0,-1.5707964,0.0
1970-01-01 00:00:00.243638836,0.243638836,0.0,0.0,0.0,0.0,0.0,80.93819,0.0,0.0,-1.5707964,0.0
1970-01-01 00:00:00.243669710,0.24366971,0.0,0.0,0.0,144.81337,0.0,0.0,0.0,0.0,-1.5707964,0.0
1970-01-01 00:00:00.243688093,0.243688093,0.0,0.0,0.0,273.2049,0.0,0.0,0.0,0.0,-1.5707964,0.0
1970-01-01 00:00:00.243817371,0.243817371,0.0,0.0,0.0,157.54118,0.0,0.0,0.0,0.0,-1.5707964,0.0
1970-01-01 00:00:00.243874538,0.243874538,0.0,421.77844,0.0,0.0,0.0,0.0,0.0,0.0,-1.5707964,0.0
1970-01-01 00:00:00.243879657,0.243879657,0.0,1795.2745,0.0,0.0,0.0,0.0,0.0,0.0,-1.5707964,0.0
1970-01-01 00:00:00.243893153,0.243893153,0.0,0.0,0.0,641.676,0.0,0.0,0.0,0.0,-1.5707964,0.0
1970-01-01 00:00:00.243958315,0.243958315,0.0,0.0,0.0,192.8796,0.0,0.0,0.0,0.0,-1.5707964,0.0
1970-01-01 00:00:00.243973495,0.243973495,0.0,0.0,0.0,0.0,719.94446,0.0,0.0,0.0,-1.5707964,0.0
1970-01-01 00:00:00.244024492,0.244024492,0.0,0.0,0.0,0.0,0.0,294.6082,0.0,0.0,-1.5707964,0.0
1970-01-01 00:00:00.244051575,0.244051575,0.0,205.4448,0.0,0.0,0.0,0.0,0.0,0.0,-1.5707964,0.0
1970-01-01 00:00:00.244176164,0.244176164,0.0,0.0,0.0,0.0,0.0,387.7269,0.0,0.0,-1.5707964,0.0
1970-01-01 00:00:00.244186117,0.244186117,0.0,0.0,0.0,104.11439,0.0,0.0,0.0,0.0,-1.5707964,0.0
1970-01-01 00:00:00.244214588,0.244214588,0.0,672.08093,0.0,0.0,0.0,0.0,0.0,0.0,-1.5707964,0.0
1970-01-01 00:00:00.244283033,0.244283033,0.0,0.0,0.0,136.44498,0.0,0.0,0.0,0.0,-1.5707964,0.0
1970-01-01 00:00:00.244322821,0.244322821,0.0,0.0,0.0,0.0,0.0,129.15784,0.0,0.0,-1.5707964,0.0
1970-01-01 00:00:00.244334538,0.244334538,0.0,457.21112,0.0,0.0,0.0,0.0,0.0,0.0,-1.5707964,0.0
1970-01-01 00:00:00.244346596,0.244346596,0.0,0.0,0.0,423.95676,0.0,0.0,0.0,0.0,-1.5707964,0.0
1970-01-01 00:00:00.244358478,0.244358478,0.0,0.0,0.0,106.55155,0.0,0.0,0.0,0.0,-1.5707964,0.0
1970-01-01 00:00:00.244397142,0.244397142,0.0,0.0,0.0,0.0,0.0,440.21835,0.0,0.0,-1.5707964,0.0
1970-01-01 00:00:00.244398728,0.244398728,0.0,0.0,265.08875,0.0,0.0,0.0,0.0,0.0,-1.5707964,0.0
1970-01-01 00:00:00.244406399,0.244406399,0.0,0.0,0.0,0.0,0.0,106.89696,0.0,0.0,-1.5707964,0.0
1970-01-01 00:00:00.244474927,0.244474927,0.0,0.0,0.0,386.7464,0.0,0.0,0.0,0.0,-1.5707964,0.0
1970-01-01 00:00:00.244534643,0.244534643,0.0,0.0,0.0,0.0,0.0,155.53873,0.0,0.0,-1.5707964,0.0
1970-01-01 00:00:00.244681902,0.244681902,0.0,0.0,90.28758,0.0,0.0,0.0,0.0,0.0,-1.5707964,0.0
1970-01-01 00:00:00.244811100,0.2448111,0.0,0.0,391.33673,0.0,0.0,0.0,0.0,0.0,-1.5707964,0.0
1970-01-01 00:00:00.244867708,0.244867708,0.0,0.0,417.9162,0.0,0.0,0.0,0.0,0.0,-1.5707964,0.0
1970-01-01 00:00:00.244894113,0.244894113,0.0,0.0,155.61502,0.0,0.0,0.0,0.0,0.0,-1.5707964,0.0
1970-01-01 00:00:00.244991036,0.244991036,0.0,0.0,220.84091,0.0,0.0,0.0,0.0,0.0,-1.5707964,0.0
1970-01-01 00:00:00.244992361,0.244992361,0.0,0.0,749.8277,0.0,0.0,0.0,0.0,0.0,-1.5707964,0.0
1970-01-01 00:00:00.245162175,0.245162175,0.0,0.0,0.0,0.0,0.0,308.24127,0.0,0.0,-1.5707964,0.0
1970-01-01 00:00:00.245212221,0.245212221,0.0,0.0,0.0,0.0,541.52405,0.0,0.0,0.0,-1.5707964,0.0
1970-01-01 00:00:00.245266572,0.245266572,0.0,0.0,0.0,109.19732,0.0,0.0,0.0,0.0,-1.5707964,0.0
1970-01-01 00:00:00.245272202,0.245272202,0.0,0.0,1170.5602,0.0,0.0,0.0,0.0,0.0,-1.5707964,0.0
1970-01-01 00:00:00.245423792,0.245423792,0.0,0.0,0.0,203.68964,0.0,0.0,0.0,0.0,-1.5707964,0.0
1970-01-01 00:00:00.245438474,0.245438474,0.0,0.0,0.0,267.1223,0.0,0.0,0.0,0.0,-1.5707964,0.0
1970-01-01 00:00:00.245447716,0.245447716,0.0,0.0,1804.4315,0.0,0.0,0.0,0.0,0.0,-1.5707964,0.0
1970-01-01 00:00:00.245472362,0.245472362,128.68896,0.0,0.0,0.0,0.0,0.0,0.0,0.0,-1.5707964,0.0
1970-01-01 00:00:00.245511030,0.24551103,0.0,0.0,0.0,549.83057,0.0,0.0,0.0,0.0,-1.5707964,0.0
1970-01-01 00:00:00.245513312,0.245513312,0.0,0.0,0.0,0.0,147.73933,0.0,0.0,0.0,-1.5707964,0.0
1970-01-01 00:00:00.245546945,0.245546945,0.0,0.0,0.0,224.73001,0.0,0.0,0.0,0.0,-1.5707964,0.0
1970-01-01 00:00:00.245607744,0.245607744,0.0,0.0,0.0,123.88223,0.0,0.0,0.0,0.0,-1.5707964,0.0
1970-01-01 00:00:00.245688092,0.245688092,0.0,0.0,0.0,558.0581,0.0,0.0,0.0,0.0,-1.5707964,0.0
1970-01-01 00:00:00.245689377,0.245689377,0.0,0.0,0.0,283.57065,0.0,0.0,0.0,0.0,-1.5707964,0.0
1970-01-01 00:00:00.245762858,0.245762858,0.0,0.0,0.0,0.0,0.0,1883.4816,0.0,0.0,-1.5707964,0.0
1970-01-01 00:00:00.245768627,0.245768627,0.0,0.0,0.0,95.59249,0.0,0.0,0.0,0.0,-1.5707964,0.0
1970-01-01 00:00:00.245786279,0.245786279,0.0,0.0,712.90375,0.0,0.0,0.0,0.0,0.0,-1.5707964,0.0
1970-01-01 00:00:00.245790106,0.245790106,0.0,369.2464,0.0,0.0,0.0,0.0,0.0,0.0,-1.5707964,0.0
1970-01-01 00:00:00.245823652,0.245823652,0.0,0.0,308.26202,0.0,0.0,0.0,0.0,0.0,-1.5707964,0.0
1970-01-01 00:00:00.245852053,0.245852053,0.0,0.0,128.66956,0.0,0.0,0.0,0.0,0.0,-1.5707964,0.0
1970-01-01 00:00:00.245926440,0.24592644,0.0,0.0,0.0,881.0448,0.0,0.0,0.0,0.0,-1.5707964,0.0
1970-01-01 00:00:00.245958556,0.245958556,0.0,0.0,0.0,416.2045,0.0,0.0,0.0,0.0,-1.5707964,0.0
1970-01-01 00:00:00.245983426,0.245983426,0.0,0.0,242.9849,0.0,0.0,0.0,0.0,0.0,-1.5707964,0.0
1970-01-01 00:00:00.246119331,0.246119331,0.0,928.4644,0.0,0.0,0.0,0.0,0.0,0.0,-1.5707964,0.0
1970-01-01 00:00:00.246123784,0.246123784,0.0,295.23517,0.0,0.0,0.0,0.0,0.0,0.0,-1.5707964,0.0
1970-01-01 00:00:00.246345279,0.246345279,0.0,0.0,0.0,0.0,246.68837,0.0,0.0,0.0,-1.5707964,0.0
1970-01-01 00:00:00.246366831,0.246366831,0.0,0.0,0.0,107.82995,0.0,0.0,0.0,0.0,-1.5707964,0.0
1970-01-01 00:00:00.246392452,0.246392452,0.0,0.0,0.0,167.92407,0.0,0.0,0.0,0.0,-1.5707964,0.0
1970-01-01 00:00:00.246465086,0.246465086,0.0,0.0,0.0,0.0,0.0,115.40491,0.0,0.0,-1.5707964,0.0
1970-01-01 00:00:00.246476586,0.246476586,0.0,0.0,0.0,205.07358,0.0,0.0,0.0,0.0,-1.5707964,0.0
1970-01-01 00:00:00.246501876,0.246501876,0.0,0.0,0.0,200.98756,0.0,0.0,0.0,0.0,-1.5707964,0.0
1970-01-01 00:00:00.246548089,0.246548089,0.0,0.0,0.0,125.19505,0.0,0.0,0.0,0.0,-1.5707964,0.0
1970-01-01 00:00:00.246548505,0.246548505,0.0,0.0,0.0,1103.8934,0.0,0.0,0.0,0.0,-1.5707964,0.0
1970-01-01 00:00:00.246574705,0.246574705,0.0,0.0,0.0,187.29889,0.0,0.0,0.0,0.0,-1.5707964,0.0
1970-01-01 00:00:00.246644300,0.2466443,0.0,0.0,0.0,151.58482,0.0,0.0,0.0,0.0,-1.5707964,0.0
1970-01-01 00:00:00.246650085,0.246650085,0.0,0.0,0.0,0.0,0.0,207.7981,0.0,0.0,-1.5707964,0.0
1970-01-01 00:00:00.246667061,0.246667061,0.0,0.0,0.0,0.0,186.56381,0.0,0.0,0.0,-1.5707964,0.0
1970-01-01 00:00:00.246835153,0.246835153,0.0,0.0,0.0,0.0,0.0,1348.9653,0.0,0.0,-1.5707964,0.0
1970-01-01 00:00:00.246884728,0.246884728,0.0,0.0,0.0,219.0693,0.0,0.0,0.0,0.0,-1.5707964,0.0
1970-01-01 00:00:00.247100595,0.247100595,0.0,0.0,290.17816,0.0,0.0,0.0,0.0,0.0,-1.5707964,0.0
1970-01-01 00:00:00.247136896,0.247136896,0.0,0.0,0.0,0.0,143.9683,0.0,0.0,0.0,-1.5707964,0.0
1970-01-01 00:00:00.247234499,0.247234499,0.0,0.0,1861.3093,0.0,0.0,0.0,0.0,0.0,-1.5707964,0.0
1970-01-01 00:00:00.247247450,0.24724745,0.0,0.0,0.0,0.0,0.0,96.87355,0.0,0.0,-1.5707964,0.0
1970-01-01 00:00:00.247252849,0.247252849,0.0,0.0,0.0,0.0,0.0,455.0628,0.0,0.0,-1.5707964,0.0
1970-01-01 00:00:00.247358404,0.247358404,0.0,0.0,0.0,392.16132,0.0,0.0,0.0,0.0,-1.5707964,0.0
1970-01-01 00:00:00.247427524,0.247427524,0.0,0.0,0.0,0.0,91.783356,0.0,0.0,0.0,-1.5707964,0.0
1970-01-01 00:00:00.247538670,0.24753867,363.9883,0.0,0.0,0.0,0.0,0.0,0.0,0.0,-1.5707964,0.0
1970-01-01 00:00:00.247577757,0.247577757,0.0,0.0,0.0,0.0,0.0,323.05994,0.0,0.0,-1.5707964,0.0
1970-01-01 00:00:00.247578035,0.247578035,0.0,0.0,0.0,361.6112,0.0,0.0,0.0,0.0,-1.5707964,0.0
1970-01-01 00:00:00.247579389,0.247579389,0.0,157.34848,0.0,0.0,0.0,0.0,0.0,0.0,-1.5707964,0.0
1970-01-01 00:00:00.247597646,0.247597646,0.0,0.0,0.0,0.0,0.0,97.8725,0.0,0.0,-1.5707964,0.0
1970-01-01 00:00:00.247603773,0.247603773,0.0,0.0,0.0,127.342445,0.0,0.0,0.0,0.0,-1.5707964,0.0
1970-01-01 00:00:00.247688639,0.247688639,0.0,0.0,0.0,401.45428,0.0,0.0,0.0,0.0,-1.5707964,0.0
1970-01-01 00:00:00.247905341,0.247905341,0.0,0.0,0.0,735.7933,0.0,0.0,0.0,0.0,-1.5707964,0.0
1970-01-01 00:00:00.247988878,0.247988878,0.0,0.0,0.0,0.0,0.0,132.60559,0.0,0.0,-1.5707964,0.0
1970-01-01 00:00:00.248167479,0.248167479,0.0,0.0,0.0,109.69272,0.0,0.0,0.0,0.0,-1.5707964,0.0
1970-01-01 00:00:00.248191345,0.248191345,0.0,0.0,1036.518,0.0,0.0,0.0,0.0,0.0,-1.5707964,0.0
1970-01-01 00:00:00.248195295,0.248195295,0.0,0.0,0.0,0.0,83.197014,0.0,0.0,0.0,-1.5707964,0.0
1970-01-01 00:00:00.248232420,0.24823242,0.0,0.0,0.0,0.0,379.90994,0.0,0.0,0.0,-1.5707964,0.0
1970-01-01 00:00:00.248254606,0.248254606,0.0,0.0,1580.4185,0.0,0.0,0.0,0.0,0.0,-1.5707964,0.0
1970-01-01 00:00:00.248306367,0.248306367,0.0,0.0,0.0,124.14158,0.0,0.0,0.0,0.0,-1.5707964,0.0
1970-01-01 00:00:00.248322597,0.248322597,0.0,0.0,0.0,94.34117,0.0,0.0,0.0,0.0,-1.5707964,0.0
1970-01-01 00:00:00.248616074,0.248616074,0.0,0.0,171.10822,0.0,0.0,0.0,0.0,0.0,-1.5707964,0.0
1970-01-01 00:00:00.248619404,0.248619404,0.0,0.0,0.0,415.87845,0.0,0.0,0.0,0.0,-1.5707964,0.0
1970-01-01 00:00:00.248639824,0.248639824,0.0,0.0,0.0,235.15964,0.0,0.0,0.0,0.0,-1.5707964,0.0
1970-01-01 00:00:00.248645514,0.248645514,0.0,0.0,0.0,507.68103,0.0,0.0,0.0,0.0,-1.5707964,0.0
1970-01-01 00:00:00.248646143,0.248646143,0.0,0.0,0.0,323.63074,0.0,0.0,0.0,0.0,-1.5707964,0.0
1970-01-01 00:00:00.248728258,0.248728258,0.0,0.0,0.0,0.0,0.0,414.93912,0.0,0.0,-1.5707964,0.0
1970-01-01 00:00:00.248766673,0.248766673,0.0,0.0,0.0,220.9306,0.0,0.0,0.0,0.0,-1.5707964,0.0
1970-01-01 00:00:00.248833031,0.248833031,0.0,1423.9982,0.0,0.0,0.0,0.0,0.0,0.0,-1.5707964,0.0
1970-01-01 00:00:00.248883729,0.248883729,0.0,0.0,535.2238,0.0,0.0,0.0,0.0,0.0,-1.5707964,0.0
1970-01-01 00:00:00.248889499,0.248889499,0.0,0.0,265.93048,0.0,0.0,0.0,0.0,0.0,-1.5707964,0.0
1970-01-01 00:00:00.248897656,0.248897656,0.0,0.0,0.0,215.87222,0.0,0.0,0.0,0.0,-1.5707964,0.0
1970-01-01 00:00:00.248912568,0.248912568,0.0,0.0,0.0,116.67287,0.0,0.0,0.0,0.0,-1.5707964,0.0
1970-01-01 00:00:00.248952666,0.248952666,0.0,0.0,0.0,0.0,0.0,538.61066,0.0,0.0,-1.5707964,0.0
1970-01-01 00:00:00.248980865,0.248980865,0.0,0.0,0.0,151.66364,0.0,0.0,0.0,0.0,-1.5707964,0.0
1970-01-01 00:00:00.248999695,0.248999695,0.0,0.0,0.0,316.26892,0.0,0.0,0.0,0.0,-1.5707964,0.0
1970-01-01 00:00:00.249011094,0.249011094,0.0,0.0,1075.6085,0.0,0.0,0.0,0.0,0.0,-1.5707964,0.0
1970-01-01 00:00:00.249051767,0.249051767,0.0,0.0,0.0,317.4646,0.0,0.0,0.0,0.0,-1.5707964,0.0
1970-01-01 00:00:00.249109805,0.249109805,0.0,0.0,0.0,0.0,0.0,2131.76,0.0,0.0,-1.5707964,0.0
1970-01-01 00:00:00.249118880,0.24911888,0.0,0.0,0.0,241.51743,0.0,0.0,0.0,0.0,-1.5707964,0.0
1970-01-01 00:00:00.249233152,0.249233152,0.0,0.0,0.0,122.53305,0.0,0.0,0.0,0.0,-1.5707964,0.0
1970-01-01 00:00:00.249240336,0.249240336,0.0,0.0,0.0,0.0,0.0,127.6747,0.0,0.0,-1.5707964,0.0
1970-01-01 00:00:00.249242669,0.249242669,0.0,0.0,567.8795,0.0,0.0,0.0,0.0,0.0,-1.5707964,0.0
1970-01-01 00:00:00.249288391,0.249288391,0.0,0.0,0.0,0.0,0.0,266.33334,0.0,0.0,-1.5707964,0.0
1970-01-01 00:00:00.249293136,0.249293136,0.0,0.0,0.0,1012.5773,0.0,0.0,0.0,0.0,-1.5707964,0.0
1970-01-01 00:00:00.249357302,0.249357302,0.0,0.0,0.0,967.5343,0.0,0.0,0.0,0.0,-1.5707964,0.0
1970-01-01 00:00:00.249366543,0.249366543,0.0,0.0,670.6563,0.0,0.0,0.0,0.0,0.0,-1.5707964,0.0
1970-01-01 00:00:00.249385056,0.249385056,0.0,0.0,0.0,170.7591,0.0,0.0,0.0,0.0,-1.5707964,0.0
1970-01-01 00:00:00.249402436,0.249402436,0.0,191.00334,0.0,0.0,0.0,0.0,0.0,0.0,-1.5707964,0.0
1970-01-01 00:00:00.249431092,0.249431092,0.0,0.0,143.20255,0.0,0.0,0.0,0.0,0.0,-1.5707964,0.0
1970-01-01 00:00:00.249517804,0.249517804,0.0,0.0,602.34924,0.0,0.0,0.0,0.0,0.0,-1.5707964,0.0
1970-01-01 00:00:00.249517942,0.249517942,0.0,0.0,0.0,1268.8998,0.0,0.0,0.0,0.0,-1.5707964,0.0
1970-01-01 00:00:00.249586569,0.249586569,0.0,0.0,0.0,127.98592,0.0,0.0,0.0,0.0,-1.5707964,0.0
1970-01-01 00:00:00.249602144,0.249602144,0.0,0.0,0.0,218.27463,0.0,0.0,0.0,0.0,-1.5707964,0.0
1970-01-01 00:00:00.249607802,0.249607802,0.0,0.0,0.0,301.06775,0.0,0.0,0.0,0.0,-1.5707964,0.0
1970-01-01 00:00:00.249624213,0.249624213,150.6363,0.0,0.0,0.0,0.0,0.0,0.0,0.0,-1.5707964,0.0
1970-01-01 00:00:00.249709389,0.249709389,0.0,0.0,0.0,0.0,0.0,123.71898,0.0,0.0,-1.5707964,0.0
1970-01-01 00:00:00.249799795,0.249799795,0.0,0.0,0.0,83.30769,0.0,0.0,0.0,0.0,-1.5707964,0.0
1970-01-01 00:00:00.249874796,0.249874796,149.01172,0.0,0.0,0.0,0.0,0.0,0.0,0.0,-1.5707964,0.0
1970-01-01 00:00:00.249923087,0.249923087,0.0,292.84467,0.0,0.0,0.0,0.0,0.0,0.0,-1.5707964,0.0
1970-01-01 00:00:00.250071225,0.250071225,0.0,0.0,0.0,0.0,0.0,147.80965,0.0,0.0,-1.5707964,0.0
1970-01-01 00:00:00.250088548,0.250088548,0.0,0.0,278.2286,0.0,0.0,0.0,0.0,0.0,-1.5707964,0.0
1970-01-01 00:00:00.250103754,0.250103754,0.0,0.0,0.0,0.0,151.12033,0.0,0.0,0.0,-1.5707964,0.0
1970-01-01 00:00:00.250149499,0.250149499,0.0,0.0,0.0,312.34482,0.0,0.0,0.0,0.0,-1.5707964,0.0
1970-01-01 00:00:00.250205530,0.250205531,0.0,96.23486,0.0,0.0,0.0,0.0,0.0,0.0,-1.5707964,0.0
1970-01-01 00:00:00.250375466,0.250375466,0.0,0.0,0.0,115.23997,0.0,0.0,0.0,0.0,-1.5707964,0.0
1970-01-01 00:00:00.250375777,0.250375777,0.0,0.0,0.0,0.0,0.0,191.996,0.0,0.0,-1.5707964,0.0
1970-01-01 00:00:00.250389018,0.250389018,0.0,0.0,0.0,99.57906,0.0,0.0,0.0,0.0,-1.5707964,0.0
1970-01-01 00:00:00.250424315,0.250424316,0.0,0.0,0.0,118.67191,0.0,0.0,0.0,0.0,-1.5707964,0.0
1970-01-01 00:00:00.250627315,0.250627315,0.0,0.0,0.0,144.70523,0.0,0.0,0.0,0.0,-1.5707964,0.0
1970-01-01 00:00:00.250832728,0.250832728,438.77386,0.0,0.0,0.0,0.0,0.0,0.0,0.0,-1.5707964,0.0
1970-01-01 00:00:00.250890740,0.25089074,0.0,0.0,0.0,230.08249,0.0,0.0,0.0,0.0,-1.5707964,0.0
1970-01-01 00:00:00.251000302,0.251000302,0.0,0.0,0.0,367.50525,0.0,0.0,0.0,0.0,-1.5707964,0.0
1970-01-01 00:00:00.251016113,0.251016113,0.0,0.0,0.0,121.76717,0.0,0.0,0.0,0.0,-1.5707964,0.0
1970-01-01 00:00:00.251097179,0.25109718,0.0,0.0,0.0,0.0,0.0,2269.3015,0.0,0.0,-1.5707964,0.0
1970-01-01 00:00:00.251097230,0.251097231,0.0,0.0,0.0,82.753624,0.0,0.0,0.0,0.0,-1.5707964,0.0
1970-01-01 00:00:00.251106726,0.251106727,0.0,0.0,182.4497,0.0,0.0,0.0,0.0,0.0,-1.5707964,0.0
1970-01-01 00:00:00.251112911,0.251112911,289.1358,0.0,0.0,0.0,0.0,0.0,0.0,0.0,-1.5707964,0.0
1970-01-01 00:00:00.251123185,0.251123185,0.0,0.0,0.0,96.07379,0.0,0.0,0.0,0.0,-1.5707964,0.0
1970-01-01 00:00:00.251133964,0.251133964,0.0,0.0,0.0,379.02542,0.0,0.0,0.0,0.0,-1.5707964,0.0
1970-01-01 00:00:00.251157350,0.251157351,0.0,0.0,0.0,510.8221,0.0,0.0,0.0,0.0,-1.5707964,0.0
1970-01-01 00:00:00.251186104,0.251186104,0.0,237.50928,0.0,0.0,0.0,0.0,0.0,0.0,-1.5707964,0.0
1970-01-01 00:00:00.251262549,0.251262549,0.0,0.0,0.0,0.0,116.09247,0.0,0.0,0.0,-1.5707964,0.0
1970-01-01 00:00:00.251358892,0.251358892,0.0,0.0,0.0,0.0,0.0,112.82075,0.0,0.0,-1.5707964,0.0
1970-01-01 00:00:00.251382928,0.251382928,0.0,0.0,0.0,477.30957,0.0,0.0,0.0,0.0,-1.5707964,0.0
1970-01-01 00:00:00.251472899,0.251472899,0.0,0.0,0.0,420.42877,0.0,0.0,0.0,0.0,-1.5707964,0.0
1970-01-01 00:00:00.251600580,0.25160058,0.0,0.0,0.0,99.2848,0.0,0.0,0.0,0.0,-1.5707964,0.0
1970-01-01 00:00:00.251689565,0.251689566,0.0,0.0,216.40784,0.0,0.0,0.0,0.0,0.0,-1.5707964,0.0
1970-01-01 00:00:00.251714434,0.251714434,0.0,0.0,0.0,0.0,135.00175,0.0,0.0,0.0,-1.5707964,0.0
1970-01-01 00:00:00.251935968,0.251935968,0.0,0.0,0.0,149.40744,0.0,0.0,0.0,0.0,-1.5707964,0.0
1970-01-01 00:00:00.251949983,0.251949983,0.0,0.0,0.0,158.44167,0.0,0.0,0.0,0.0,-1.5707964,0.0
1970-01-01 00:00:00.251959712,0.251959712,0.0,0.0,119.81308,0.0,0.0,0.0,0.0,0.0,-1.5707964,0.0
1970-01-01 00:00:00.251966852,0.251966852,0.0,0.0,0.0,138.89012,0.0,0.0,0.0,0.0,-1.5707964,0.0
1970-01-01 00:00:00.251991301,0.251991301,0.0,0.0,192.9419,0.0,0.0,0.0,0.0,0.0,-1.5707964,0.0
1970-01-01 00:00:00.251996129,0.25199613,0.0,0.0,635.9065,0.0,0.0,0.0,0.0,0.0,-1.5707964,0.0
1970-01-01 00:00:00.252012583,0.252012583,0.0,0.0,0.0,497.52072,0.0,0.0,0.0,0.0,-1.5707964,0.0
1970-01-01 00:00:00.252016289,0.252016289,0.0,0.0,0.0,372.40784,0.0,0.0,0.0,0.0,-1.5707964,0.0
1970-01-01 00:00:00.252021203,0.252021203,0.0,0.0,0.0,564.4848,0.0,0.0,0.0,0.0,-1.5707964,0.0
1970-01-01 00:00:00.252242838,0.252242838,0.0,0.0,0.0,94.120316,0.0,0.0,0.0,0.0,-1.5707964,0.0
1970-01-01 00:00:00.252252154,0.252252154,0.0,0.0,0.0,0.0,0.0,164.39388,0.0,0.0,-1.5707964,0.0
1970-01-01 00:00:00.252316861,0.252316862,0.0,0.0,289.08997,0.0,0.0,0.0,0.0,0.0,-1.5707964,0.0
1970-01-01 00:00:00.252441017,0.252441017,0.0,0.0,0.0,354.0411,0.0,0.0,0.0,0.0,-1.5707964,0.0
1970-01-01 00:00:00.252529603,0.252529603,0.0,0.0,0.0,0.0,0.0,151.35133,0.0,0.0,-1.5707964,0.0
1970-01-01 00:00:00.252551195,0.252551196,0.0,0.0,0.0,0.0,578.1758,0.0,0.0,0.0,-1.5707964,0.0
1970-01-01 00:00:00.252551195,0.252551196,0.0,0.0,0.0,222.40373,0.0,0.0,0.0,0.0,-1.5707964,0.0
1970-01-01 00:00:00.252570326,0.252570326,0.0,0.0,0.0,125.861305,0.0,0.0,0.0,0.0,-1.5707964,0.0
1970-01-01 00:00:00.252617641,0.252617641,0.0,0.0,429.5979,0.0,0.0,0.0,0.0,0.0,-1.5707964,0.0
1970-01-01 00:00:00.252685555,0.252685555,0.0,0.0,0.0,96.10586,0.0,0.0,0.0,0.0,-1.5707964,0.0
1970-01-01 00:00:00.252691158,0.252691158,0.0,0.0,0.0,0.0,0.0,98.80975,0.0,0.0,-1.5707964,0.0
1970-01-01 00:00:00.252791282,0.252791283,0.0,812.0905,0.0,0.0,0.0,0.0,0.0,0.0,-1.5707964,0.0
1970-01-01 00:00:00.252800550,0.252800551,0.0,0.0,0.0,0.0,0.0,184.4818,0.0,0.0,-1.5707964,0.0
1970-01-01 00:00:00.252833635,0.252833635,0.0,0.0,0.0,104.16125,0.0,0.0,0.0,0.0,-1.5707964,0.0
1970-01-01 00:00:00.252880731,0.252880731,0.0,667.34064,0.0,0.0,0.0,0.0,0.0,0.0,-1.5707964,0.0
1970-01-01 00:00:00.252948347,0.252948347,0.0,0.0,0.0,0.0,0.0,350.04626,0.0,0.0,-1.5707964,0.0
1970-01-01 00:00:00.253020735,0.253020735,0.0,0.0,0.0,0.0,122.3025,0.0,0.0,0.0,-1.5707964,0.0
1970-01-01 00:00:00.253085958,0.253085958,0.0,0.0,0.0,455.48032,0.0,0.0,0.0,0.0,-1.5707964,0.0
1970-01-01 00:00:00.253107415,0.253107415,135.13187,0.0,0.0,0.0,0.0,0.0,0.0,0.0,-1.5707964,0.0
1970-01-01 00:00:00.253123829,0.253123829,0.0,0.0,0.0,157.62952,0.0,0.0,0.0,0.0,-1.5707964,0.0
1970-01-01 00:00:00.253137047,0.253137048,0.0,0.0,0.0,1308.9999,0.0,0.0,0.0,0.0,-1.5707964,0.0
1970-01-01 00:00:00.253248599,0.253248599,0.0,0.0,0.0,734.5123,0.0,0.0,0.0,0.0,-1.5707964,0.0
1970-01-01 00:00:00.253290446,0.253290447,0.0,338.44843,0.0,0.0,0.0,0.0,0.0,0.0,-1.5707964,0.0
1970-01-01 00:00:00.253294397,0.253294398,0.0,0.0,0.0,91.06763,0.0,0.0,0.0,0.0,-1.5707964,0.0
1970-01-01 00:00:00.253316029,0.253316029,0.0,0.0,0.0,476.8325,0.0,0.0,0.0,0.0,-1.5707964,0.0
1970-01-01 00:00:00.253379921,0.253379922,205.96742,0.0,0.0,0.0,0.0,0.0,0.0,0.0,-1.5707964,0.0
1970-01-01 00:00:00.253389264,0.253389265,0.0,0.0,0.0,174.63652,0.0,0.0,0.0,0.0,-1.5707964,0.0
1970-01-01 00:00:00.253454703,0.253454703,0.0,0.0,0.0,0.0,0.0,692.99774,0.0,0.0,-1.5707964,0.0
1970-01-01 00:00:00.253470069,0.253470069,0.0,0.0,0.0,0.0,0.0,687.82904,0.0,0.0,-1.5707964,0.0
1970-01-01 00:00:00.253503570,0.25350357,0.0,0.0,0.0,0.0,436.5595,0.0,0.0,0.0,-1.5707964,0.0
1970-01-01 00:00:00.253549613,0.253549613,0.0,0.0,0.0,208.26674,0.0,0.0,0.0,0.0,-1.5707964,0.0
1970-01-01 00:00:00.253559499,0.253559499,0.0,0.0,0.0,383.43823,0.0,0.0,0.0,0.0,-1.5707964,0.0
1970-01-01 00:00:00.253714086,0.253714087,0.0,0.0,0.0,0.0,218.61154,0.0,0.0,0.0,-1.5707964,0.0
1970-01-01 00:00:00.253717415,0.253717416,0.0,0.0,713.18243,0.0,0.0,0.0,0.0,0.0,-1.5707964,0.0
1970-01-01 00:00:00.253749426,0.253749426,0.0,0.0,287.65298,0.0,0.0,0.0,0.0,0.0,-1.5707964,0.0
1970-01-01 00:00:00.253756796,0.253756797,0.0,0.0,0.0,0.0,142.63689,0.0,0.0,0.0,-1.5707964,0.0
1970-01-01 00:00:00.253782363,0.253782363,0.0,0.0,0.0,290.58817,0.0,0.0,0.0,0.0,-1.5707964,0.0
1970-01-01 00:00:00.253782962,0.253782962,0.0,0.0,495.77884,0.0,0.0,0.0,0.0,0.0,-1.5707964,0.0
1970-01-01 00:00:00.253894954,0.253894955,0.0,0.0,0.0,106.63476,0.0,0.0,0.0,0.0,-1.5707964,0.0
1970-01-01 00:00:00.253968939,0.25396894,0.0,167.08437,0.0,0.0,0.0,0.0,0.0,0.0,-1.5707964,0.0
1970-01-01 00:00:00.254088046,0.254088046,0.0,0.0,0.0,0.0,0.0,389.53534,0.0,0.0,-1.5707964,0.0
1970-01-01 00:00:00.254141526,0.254141527,0.0,0.0,0.0,0.0,87.393456,0.0,0.0,0.0,-1.5707964,0.0
1970-01-01 00:00:00.254151395,0.254151396,0.0,0.0,0.0,0.0,96.93709,0.0,0.0,0.0,-1.5707964,0.0
1970-01-01 00:00:00.254295783,0.254295783,0.0,0.0,0.0,0.0,0.0,569.4569,0.0,0.0,-1.5707964,0.0
1970-01-01 00:00:00.254368647,0.254368647,0.0,0.0,0.0,0.0,0.0,268.12634,0.0,0.0,-1.5707964,0.0
1970-01-01 00:00:00.254390940,0.25439094,0.0,0.0,0.0,250.60919,0.0,0.0,0.0,0.0,-1.5707964,0.0
1970-01-01 00:00:00.254489246,0.254489247,0.0,0.0,226.9651,0.0,0.0,0.0,0.0,0.0,-1.5707964,0.0
1970-01-01 00:00:00.254496656,0.254496656,0.0,0.0,0.0,544.7711,0.0,0.0,0.0,0.0,-1.5707964,0.0
1970-01-01 00:00:00.254742507,0.254742507,0.0,0.0,0.0,179.92099,0.0,0.0,0.0,0.0,-1.5707964,0.0
1970-01-01 00:00:00.254771862,0.254771862,0.0,0.0,0.0,142.23221,0.0,0.0,0.0,0.0,-1.5707964,0.0
1970-01-01 00:00:00.254777400,0.2547774,0.0,0.0,0.0,476.82352,0.0,0.0,0.0,0.0,-1.5707964,0.0
1970-01-01 00:00:00.254792247,0.254792247,0.0,0.0,0.0,303.0565,0.0,0.0,0.0,0.0,-1.5707964,0.0
1970-01-01 00:00:00.254870757,0.254870758,0.0,0.0,0.0,93.74266,0.0,0.0,0.0,0.0,-1.5707964,0.0
1970-01-01 00:00:00.254910631,0.254910631,0.0,0.0,0.0,580.76447,0.0,0.0,0.0,0.0,-1.5707964,0.0
1970-01-01 00:00:00.254925050,0.25492505,0.0,254.31613,0.0,0.0,0.0,0.0,0.0,0.0,-1.5707964,0.0
1970-01-01 00:00:00.254930331,0.254930332,0.0,0.0,0.0,184.15442,0.0,0.0,0.0,0.0,-1.5707964,0.0
1970-01-01 00:00:00.255002340,0.25500234,0.0,0.0,0.0,766.6112,0.0,0.0,0.0,0.0,-1.5707964,0.0
1970-01-01 00:00:00.255046528,0.255046528,0.0,0.0,0.0,0.0,0.0,143.3244,0.0,0.0,-1.5707964,0.0
1970-01-01 00:00:00.255056876,0.255056876,0.0,0.0,0.0,0.0,0.0,243.82019,0.0,0.0,-1.5707964,0.0
1970-01-01 00:00:00.255074613,0.255074614,0.0,0.0,0.0,234.30829,0.0,0.0,0.0,0.0,-1.5707964,0.0
1970-01-01 00:00:00.255182214,0.255182214,0.0,0.0,0.0,876.9231,0.0,0.0,0.0,0.0,-1.5707964,0.0
1970-01-01 00:00:00.255433662,0.255433663,0.0,0.0,0.0,124.842964,0.0,0.0,0.0,0.0,-1.5707964,0.0
1970-01-01 00:00:00.255538853,0.255538853,0.0,0.0,0.0,272.05228,0.0,0.0,0.0,0.0,-1.5707964,0.0
1970-01-01 00:00:00.255603842,0.255603842,0.0,0.0,0.0,195.17084,0.0,0.0,0.0,0.0,-1.5707964,0.0
1970-01-01 00:00:00.256058852,0.256058853,0.0,0.0,0.0,206.73793,0.0,0.0,0.0,0.0,-1.5707964,0.0
1970-01-01 00:00:00.256097577,0.256097577,120.92249,0.0,0.0,0.0,0.0,0.0,0.0,0.0,-1.5707964,0.0
1970-01-01 00:00:00.256154453,0.256154453,151.73859,0.0,0.0,0.0,0.0,0.0,0.0,0.0,-1.5707964,0.0
1970-01-01 00:00:00.256241202,0.256241202,0.0,0.0,0.0,0.0,0.0,125.08711,0.0,0.0,-1.5707964,0.0
1970-01-01 00:00:00.256243164,0.256243164,0.0,0.0,0.0,0.0,0.0,132.87144,0.0,0.0,-1.5707964,0.0
1970-01-01 00:00:00.256335138,0.256335138,0.0,0.0,0.0,0.0,0.0,183.09888,0.0,0.0,-1.5707964,0.0
1970-01-01 00:00:00.256372757,0.256372758,0.0,0.0,0.0,0.0,0.0,221.0044,0.0,0.0,-1.5707964,0.0
1970-01-01 00:00:00.256384857,0.256384857,0.0,0.0,0.0,340.52026,0.0,0.0,0.0,0.0,-1.5707964,0.0
1970-01-01 00:00:00.256392045,0.256392045,0.0,0.0,80.62915,0.0,0.0,0.0,0.0,0.0,-1.5707964,0.0
1970-01-01 00:00:00.256422940,0.25642294,0.0,0.0,0.0,0.0,173.01439,0.0,0.0,0.0,-1.5707964,0.0
1970-01-01 00:00:00.256427069,0.25642707,0.0,0.0,0.0,286.90112,0.0,0.0,0.0,0.0,-1.5707964,0.0
1970-01-01 00:00:00.256506941,0.256506941,0.0,830.97034,0.0,0.0,0.0,0.0,0.0,0.0,-1.5707964,0.0
1970-01-01 00:00:00.256592278,0.256592278,0.0,0.0,0.0,0.0,0.0,232.86827,0.0,0.0,-1.5707964,0.0
1970-01-01 00:00:00.256602637,0.256602637,0.0,0.0,89.76126,0.0,0.0,0.0,0.0,0.0,-1.5707964,0.0
1970-01-01 00:00:00.256622575,0.256622575,0.0,593.7443,0.0,0.0,0.0,0.0,0.0,0.0,-1.5707964,0.0
1970-01-01 00:00:00.256639604,0.256639604,0.0,0.0,0.0,219.05397,0.0,0.0,0.0,0.0,-1.5707964,0.0
1970-01-01 00:00:00.256643989,0.256643989,0.0,0.0,410.00772,0.0,0.0,0.0,0.0,0.0,-1.5707964,0.0
1970-01-01 00:00:00.256661949,0.256661949,0.0,0.0,0.0,129.1443,0.0,0.0,0.0,0.0,-1.5707964,0.0
1970-01-01 00:00:00.256662168,0.256662168,0.0,0.0,0.0,0.0,0.0,176.09964,0.0,0.0,-1.5707964,0.0
1970-01-01 00:00:00.256665347,0.256665347,0.0,0.0,0.0,208.76303,0.0,0.0,0.0,0.0,-1.5707964,0.0
1970-01-01 00:00:00.256770522,0.256770522,0.0,0.0,0.0,0.0,0.0,82.611984,0.0,0.0,-1.5707964,0.0
1970-01-01 00:00:00.256770759,0.256770759,0.0,0.0,0.0,559.7175,0.0,0.0,0.0,0.0,-1.5707964,0.0
1970-01-01 00:00:00.256799877,0.256799878,0.0,0.0,0.0,255.7308,0.0,0.0,0.0,0.0,-1.5707964,0.0
1970-01-01 00:00:00.256830781,0.256830781,0.0,0.0,0.0,87.48564,0.0,0.0,0.0,0.0,-1.5707964,0.0
1970-01-01 00:00:00.256840171,0.256840172,0.0,0.0,0.0,317.0105,0.0,0.0,0.0,0.0,-1.5707964,0.0
1970-01-01 00:00:00.256887074,0.256887074,251.42332,0.0,0.0,0.0,0.0,0.0,0.0,0.0,-1.5707964,0.0
1970-01-01 00:00:00.256891476,0.256891477,0.0,0.0,0.0,0.0,0.0,569.77277,0.0,0.0,-1.5707964,0.0
1970-01-01 00:00:00.256912737,0.256912738,0.0,0.0,167.29497,0.0,0.0,0.0,0.0,0.0,-1.5707964,0.0
1970-01-01 00:00:00.256978359,0.256978359,0.0,0.0,0.0,829.09076,0.0,0.0,0.0,0.0,-1.5707964,0.0
1970-01-01 00:00:00.257100508,0.257100509,0.0,0.0,0.0,0.0,0.0,102.23458,0.0,0.0,-1.5707964,0.0
1970-01-01 00:00:00.257105409,0.25710541,169.48015,0.0,0.0,0.0,0.0,0.0,0.0,0.0,-1.5707964,0.0
1970-01-01 00:00:00.257109939,0.257109939,0.0,0.0,805.4869,0.0,0.0,0.0,0.0,0.0,-1.5707964,0.0
1970-01-01 00:00:00.257217731,0.257217732,0.0,0.0,0.0,893.01514,0.0,0.0,0.0,0.0,-1.5707964,0.0
1970-01-01 00:00:00.257287920,0.257287921,0.0,0.0,0.0,0.0,0.0,222.37437,0.0,0.0,-1.5707964,0.0
1970-01-01 00:00:00.257428015,0.257428015,0.0,0.0,0.0,526.60614,0.0,0.0,0.0,0.0,-1.5707964,0.0
1970-01-01 00:00:00.257549608,0.257549608,0.0,0.0,0.0,343.60596,0.0,0.0,0.0,0.0,-1.5707964,0.0
1970-01-01 00:00:00.257557278,0.257557278,0.0,1896.995,0.0,0.0,0.0,0.0,0.0,0.0,-1.5707964,0.0
1970-01-01 00:00:00.257641787,0.257641787,0.0,2277.5947,0.0,0.0,0.0,0.0,0.0,0.0,-1.5707964,0.0
1970-01-01 00:00:00.257641787,0.257641787,0.0,0.0,0.0,0.0,0.0,484.4739,0.0,0.0,-1.5707964,0.0
1970-01-01 00:00:00.257644119,0.25764412,0.0,0.0,0.0,0.0,88.07607,0.0,0.0,0.0,-1.5707964,0.0
1970-01-01 00:00:00.257671896,0.257671897,0.0,0.0,194.10367,0.0,0.0,0.0,0.0,0.0,-1.5707964,0.0
1970-01-01 00:00:00.257852293,0.257852294,0.0,0.0,838.1198,0.0,0.0,0.0,0.0,0.0,-1.5707964,0.0
1970-01-01 00:00:00.257852293,0.257852294,0.0,0.0,0.0,0.0,653.5147,0.0,0.0,0.0,-1.5707964,0.0
1970-01-01 00:00:00.257855277,0.257855277,0.0,0.0,0.0,0.0,1314.9343,0.0,0.0,0.0,-1.5707964,0.0
1970-01-01 00:00:00.257894885,0.257894885,0.0,0.0,0.0,485.78336,0.0,0.0,0.0,0.0,-1.5707964,0.0
1970-01-01 00:00:00.257903027,0.257903027,0.0,0.0,0.0,0.0,0.0,210.33063,0.0,0.0,-1.5707964,0.0
1970-01-01 00:00:00.257923876,0.257923876,0.0,0.0,0.0,1165.5178,0.0,0.0,0.0,0.0,-1.5707964,0.0
1970-01-01 00:00:00.257985452,0.257985452,0.0,807.8728,0.0,0.0,0.0,0.0,0.0,0.0,-1.5707964,0.0
1970-01-01 00:00:00.257994556,0.257994556,0.0,0.0,0.0,769.16846,0.0,0.0,0.0,0.0,-1.5707964,0.0
1970-01-01 00:00:00.258085402,0.258085402,171.40414,0.0,0.0,0.0,0.0,0.0,0.0,0.0,-1.5707964,0.0
1970-01-01 00:00:00.258104482,0.258104482,0.0,0.0,0.0,0.0,0.0,613.9525,0.0,0.0,-1.5707964,0.0
1970-01-01 00:00:00.258110289,0.258110289,0.0,0.0,0.0,475.53116,0.0,0.0,0.0,0.0,-1.5707964,0.0
1970-01-01 00:00:00.258227755,0.258227755,0.0,0.0,464.71283,0.0,0.0,0.0,0.0,0.0,-1.5707964,0.0
1970-01-01 00:00:00.258239894,0.258239894,613.06683,0.0,0.0,0.0,0.0,0.0,0.0,0.0,-1.5707964,0.0
1970-01-01 00:00:00.258410368,0.258410369,0.0,0.0,0.0,154.47961,0.0,0.0,0.0,0.0,-1.5707964,0.0
1970-01-01 00:00:00.258434506,0.258434506,0.0,0.0,139.95601,0.0,0.0,0.0,0.0,0.0,-1.5707964,0.0
1970-01-01 00:00:00.258439203,0.258439204,0.0,0.0,0.0,446.90985,0.0,0.0,0.0,0.0,-1.5707964,0.0
1970-01-01 00:00:00.258505672,0.258505672,0.0,464.82965,0.0,0.0,0.0,0.0,0.0,0.0,-1.5707964,0.0
1970-01-01 00:00:00.258512032,0.258512033,0.0,0.0,0.0,0.0,0.0,142.67024,0.0,0.0,-1.5707964,0.0
1970-01-01 00:00:00.258673467,0.258673467,0.0,0.0,0.0,0.0,527.91925,0.0,0.0,0.0,-1.5707964,0.0
1970-01-01 00:00:00.258692788,0.258692788,0.0,0.0,327.07703,0.0,0.0,0.0,0.0,0.0,-1.5707964,0.0
1970-01-01 00:00:00.258735887,0.258735887,0.0,0.0,0.0,238.06989,0.0,0.0,0.0,0.0,-1.5707964,0.0
1970-01-01 00:00:00.258825268,0.258825268,0.0,0.0,0.0,158.02972,0.0,0.0,0.0,0.0,-1.5707964,0.0
1970-01-01 00:00:00.258868066,0.258868067,0.0,0.0,0.0,298.58853,0.0,0.0,0.0,0.0,-1.5707964,0.0
1970-01-01 00:00:00.258918998,0.258918998,0.0,126.55682,0.0,0.0,0.0,0.0,0.0,0.0,-1.5707964,0.0
1970-01-01 00:00:00.258962118,0.258962118,0.0,0.0,0.0,163.60486,0.0,0.0,0.0,0.0,-1.5707964,0.0
1970-01-01 00:00:00.259078847,0.259078848,0.0,0.0,0.0,0.0,108.06813,0.0,0.0,0.0,-1.5707964,0.0
1970-01-01 00:00:00.259091206,0.259091206,0.0,0.0,0.0,709.7277,0.0,0.0,0.0,0.0,-1.5707964,0.0
1970-01-01 00:00:00.259148045,0.259148045,0.0,0.0,1245.764,0.0,0.0,0.0,0.0,0.0,-1.5707964,0.0
1970-01-01 00:00:00.259204576,0.259204576,0.0,0.0,0.0,400.2205,0.0,0.0,0.0,0.0,-1.5707964,0.0
1970-01-01 00:00:00.259395498,0.259395498,399.7433,0.0,0.0,0.0,0.0,0.0,0.0,0.0,-1.5707964,0.0
1970-01-01 00:00:00.259482157,0.259482157,0.0,122.53098,0.0,0.0,0.0,0.0,0.0,0.0,-1.5707964,0.0
1970-01-01 00:00:00.259489611,0.259489612,0.0,0.0,0.0,0.0,0.0,196.50815,0.0,0.0,-1.5707964,0.0
1970-01-01 00:00:00.259524965,0.259524965,0.0,0.0,0.0,0.0,1137.7227,0.0,0.0,0.0,-1.5707964,0.0
1970-01-01 00:00:00.259586872,0.259586872,0.0,0.0,0.0,80.687485,0.0,0.0,0.0,0.0,-1.5707964,0.0
1970-01-01 00:00:00.259637827,0.259637827,0.0,0.0,0.0,221.52327,0.0,0.0,0.0,0.0,-1.5707964,0.0
1970-01-01 00:00:00.259639250,0.25963925,0.0,0.0,0.0,161.36433,0.0,0.0,0.0,0.0,-1.5707964,0.0
1970-01-01 00:00:00.259732130,0.25973213,0.0,0.0,0.0,193.60892,0.0,0.0,0.0,0.0,-1.5707964,0.0
1970-01-01 00:00:00.259846360,0.25984636,0.0,0.0,0.0,0.0,114.75719,0.0,0.0,0.0,-1.5707964,0.0
1970-01-01 00:00:00.259860782,0.259860782,0.0,0.0,0.0,891.0821,0.0,0.0,0.0,0.0,-1.5707964,0.0
1970-01-01 00:00:00.259860945,0.259860946,0.0,0.0,0.0,119.882965,0.0,0.0,0.0,0.0,-1.5707964,0.0
1970-01-01 00:00:00.259869845,0.259869845,0.0,0.0,88.561455,0.0,0.0,0.0,0.0,0.0,-1.5707964,0.0
1970-01-01 00:00:00.259875692,0.259875692,0.0,0.0,0.0,0.0,0.0,1081.5869,0.0,0.0,-1.5707964,0.0
1970-01-01 00:00:00.259890980,0.25989098,0.0,0.0,0.0,0.0,0.0,142.701,0.0,0.0,-1.5707964,0.0
1970-01-01 00:00:00.260009626,0.260009626,0.0,351.70346,0.0,0.0,0.0,0.0,0.0,0.0,-1.5707964,0.0
1970-01-01 00:00:00.260009626,0.260009626,0.0,96.42571,0.0,0.0,0.0,0.0,0.0,0.0,-1.5707964,0.0
1970-01-01 00:00:00.260081975,0.260081975,0.0,0.0,0.0,173.81718,0.0,0.0,0.0,0.0,-1.5707964,0.0
1970-01-01 00:00:00.260224461,0.260224461,0.0,0.0,0.0,0.0,0.0,85.70763,0.0,0.0,-1.5707964,0.0
1970-01-01 00:00:00.260286352,0.260286352,0.0,0.0,0.0,169.23708,0.0,0.0,0.0,0.0,-1.5707964,0.0
1970-01-01 00:00:00.260316782,0.260316782,0.0,0.0,0.0,694.5938,0.0,0.0,0.0,0.0,-1.5707964,0.0
1970-01-01 00:00:00.260429301,0.260429302,120.99039,0.0,0.0,0.0,0.0,0.0,0.0,0.0,-1.5707964,0.0
1970-01-01 00:00:00.260454682,0.260454682,0.0,0.0,0.0,320.2804,0.0,0.0,0.0,0.0,-1.5707964,0.0
1970-01-01 00:00:00.260489258,0.260489258,0.0,147.28914,0.0,0.0,0.0,0.0,0.0,0.0,-1.5707964,0.0
1970-01-01 00:00:00.260549001,0.260549001,0.0,0.0,1722.5444,0.0,0.0,0.0,0.0,0.0,-1.5707964,0.0
1970-01-01 00:00:00.260593964,0.260593964,0.0,0.0,0.0,0.0,0.0,111.447685,0.0,0.0,-1.5707964,0.0
1970-01-01 00:00:00.260664575,0.260664576,0.0,0.0,620.09,0.0,0.0,0.0,0.0,0.0,-1.5707964,0.0
1970-01-01 00:00:00.260701587,0.260701587,0.0,0.0,0.0,881.4005,0.0,0.0,0.0,0.0,-1.5707964,0.0
1970-01-01 00:00:00.260714652,0.260714652,0.0,0.0,0.0,441.0797,0.0,0.0,0.0,0.0,-1.5707964,0.0
1970-01-01 00:00:00.260758843,0.260758843,0.0,0.0,0.0,1741.1324,0.0,0.0,0.0,0.0,-1.5707964,0.0
1970-01-01 00:00:00.260860780,0.26086078,0.0,0.0,788.02094,0.0,0.0,0.0,0.0,0.0,-1.5707964,0.0
1970-01-01 00:00:00.260901722,0.260901723,0.0,0.0,0.0,0.0,0.0,160.0314,0.0,0.0,-1.5707964,0.0
1970-01-01 00:00:00.260976586,0.260976586,0.0,0.0,204.747,0.0,0.0,0.0,0.0,0.0,-1.5707964,0.0
1970-01-01 00:00:00.261008960,0.26100896,0.0,0.0,0.0,476.5519,0.0,0.0,0.0,0.0,-1.5707964,0.0
1970-01-01 00:00:00.261099377,0.261099377,0.0,0.0,0.0,358.51498,0.0,0.0,0.0,0.0,-1.5707964,0.0
1970-01-01 00:00:00.261125575,0.261125575,0.0,0.0,1819.8658,0.0,0.0,0.0,0.0,0.0,-1.5707964,0.0
1970-01-01 00:00:00.261162764,0.261162764,0.0,0.0,0.0,201.23645,0.0,0.0,0.0,0.0,-1.5707964,0.0
1970-01-01 00:00:00.261197517,0.261197517,0.0,0.0,0.0,114.73084,0.0,0.0,0.0,0.0,-1.5707964,0.0
1970-01-01 00:00:00.261221859,0.261221859,0.0,0.0,0.0,577.6738,0.0,0.0,0.0,0.0,-1.5707964,0.0
1970-01-01 00:00:00.261255264,0.261255264,0.0,0.0,174.60153,0.0,0.0,0.0,0.0,0.0,-1.5707964,0.0
1970-01-01 00:00:00.261267925,0.261267925,0.0,0.0,0.0,0.0,0.0,241.43224,0.0,0.0,-1.5707964,0.0
1970-01-01 00:00:00.261272813,0.261272813,0.0,0.0,0.0,0.0,0.0,88.08306,0.0,0.0,-1.5707964,0.0
1970-01-01 00:00:00.261314080,0.261314081,0.0,0.0,0.0,0.0,0.0,155.46056,0.0,0.0,-1.5707964,0.0
1970-01-01 00:00:00.261352751,0.261352751,0.0,0.0,0.0,0.0,0.0,236.14374,0.0,0.0,-1.5707964,0.0
1970-01-01 00:00:00.261365036,0.261365036,0.0,0.0,0.0,209.48148,0.0,0.0,0.0,0.0,-1.5707964,0.0
1970-01-01 00:00:00.261415877,0.261415877,0.0,0.0,0.0,0.0,0.0,356.24515,0.0,0.0,-1.5707964,0.0
1970-01-01 00:00:00.261492539,0.261492539,0.0,0.0,0.0,443.43552,0.0,0.0,0.0,0.0,-1.5707964,0.0
1970-01-01 00:00:00.261572205,0.261572206,0.0,0.0,0.0,0.0,585.04675,0.0,0.0,0.0,-1.5707964,0.0
1970-01-01 00:00:00.261573476,0.261573476,0.0,0.0,0.0,0.0,0.0,647.5313,0.0,0.0,-1.5707964,0.0
1970-01-01 00:00:00.261613688,0.261613688,0.0,0.0,0.0,0.0,0.0,1658.3018,0.0,0.0,-1.5707964,0.0
1970-01-01 00:00:00.261628797,0.261628797,0.0,0.0,425.9239,0.0,0.0,0.0,0.0,0.0,-1.5707964,0.0
1970-01-01 00:00:00.261637748,0.261637748,0.0,0.0,0.0,0.0,0.0,91.29522,0.0,0.0,-1.5707964,0.0
1970-01-01 00:00:00.261639041,0.261639041,0.0,0.0,0.0,245.63483,0.0,0.0,0.0,0.0,-1.5707964,0.0
1970-01-01 00:00:00.261669612,0.261669612,0.0,0.0,0.0,245.99738,0.0,0.0,0.0,0.0,-1.5707964,0.0
1970-01-01 00:00:00.261686754,0.261686754,0.0,0.0,524.73944,0.0,0.0,0.0,0.0,0.0,-1.5707964,0.0
1970-01-01 00:00:00.261733504,0.261733505,0.0,0.0,0.0,246.7495,0.0,0.0,0.0,0.0,-1.5707964,0.0
1970-01-01 00:00:00.261735761,0.261735762,0.0,0.0,0.0,263.94086,0.0,0.0,0.0,0.0,-1.5707964,0.0
1970-01-01 00:00:00.261776622,0.261776622,0.0,0.0,0.0,0.0,171.0098,0.0,0.0,0.0,-1.5707964,0.0
1970-01-01 00:00:00.261983813,0.261983813,0.0,0.0,80.31004,0.0,0.0,0.0,0.0,0.0,-1.5707964,0.0
1970-01-01 00:00:00.261987079,0.261987079,0.0,0.0,0.0,0.0,0.0,370.77563,0.0,0.0,-1.5707964,0.0
1970-01-01 00:00:00.262011385,0.262011385,0.0,87.8717,0.0,0.0,0.0,0.0,0.0,0.0,-1.5707964,0.0
1970-01-01 00:00:00.262019553,0.262019553,0.0,0.0,0.0,0.0,1058.386,0.0,0.0,0.0,-1.5707964,0.0
1970-01-01 00:00:00.262030517,0.262030517,0.0,0.0,0.0,0.0,191.65007,0.0,0.0,0.0,-1.5707964,0.0
1970-01-01 00:00:00.262037431,0.262037431,0.0,0.0,0.0,0.0,0.0,847.79694,0.0,0.0,-1.5707964,0.0
1970-01-01 00:00:00.262041921,0.262041922,0.0,0.0,0.0,0.0,87.46974,0.0,0.0,0.0,-1.5707964,0.0
1970-01-01 00:00:00.262176906,0.262176906,0.0,0.0,0.0,0.0,0.0,221.78479,0.0,0.0,-1.5707964,0.0
1970-01-01 00:00:00.262313970,0.262313971,0.0,0.0,0.0,0.0,204.92395,0.0,0.0,0.0,-1.5707964,0.0
1970-01-01 00:00:00.262321490,0.26232149,0.0,0.0,210.37836,0.0,0.0,0.0,0.0,0.0,-1.5707964,0.0
1970-01-01 00:00:00.262338163,0.262338164,0.0,0.0,0.0,983.60974,0.0,0.0,0.0,0.0,-1.5707964,0.0
1970-01-01 00:00:00.262359464,0.262359464,0.0,0.0,572.4648,0.0,0.0,0.0,0.0,0.0,-1.5707964,0.0
1970-01-01 00:00:00.262406125,0.262406125,0.0,0.0,0.0,0.0,217.87805,0.0,0.0,0.0,-1.5707964,0.0
1970-01-01 00:00:00.262427974,0.262427975,0.0,113.105354,0.0,0.0,0.0,0.0,0.0,0.0,-1.5707964,0.0
1970-01-01 00:00:00.262492060,0.26249206,0.0,0.0,0.0,648.42664,0.0,0.0,0.0,0.0,-1.5707964,0.0
1970-01-01 00:00:00.262516639,0.262516639,0.0,0.0,0.0,0.0,0.0,279.96182,0.0,0.0,-1.5707964,0.0
1970-01-01 00:00:00.262603381,0.262603381,0.0,0.0,0.0,0.0,0.0,1146.0629,0.0,0.0,-1.5707964,0.0
1970-01-01 00:00:00.262635860,0.26263586,0.0,0.0,0.0,0.0,0.0,141.17027,0.0,0.0,-1.5707964,0.0
1970-01-01 00:00:00.262650379,0.262650379,0.0,0.0,335.60376,0.0,0.0,0.0,0.0,0.0,-1.5707964,0.0
1970-01-01 00:00:00.262659444,0.262659444,0.0,85.50412,0.0,0.0,0.0,0.0,0.0,0.0,-1.5707964,0.0
1970-01-01 00:00:00.262661354,0.262661354,0.0,0.0,0.0,247.28502,0.0,0.0,0.0,0.0,-1.5707964,0.0
1970-01-01 00:00:00.262671384,0.262671384,0.0,0.0,0.0,822.1243,0.0,0.0,0.0,0.0,-1.5707964,0.0
1970-01-01 00:00:00.262671384,0.262671384,0.0,0.0,0.0,0.0,0.0,496.7498,0.0,0.0,-1.5707964,0.0
1970-01-01 00:00:00.262727382,0.262727383,0.0,0.0,0.0,114.53414,0.0,0.0,0.0,0.0,-1.5707964,0.0
1970-01-01 00:00:00.262796472,0.262796473,0.0,0.0,0.0,189.86833,0.0,0.0,0.0,0.0,-1.5707964,0.0
1970-01-01 00:00:00.262823509,0.26282351,0.0,0.0,0.0,0.0,0.0,305.95444,0.0,0.0,-1.5707964,0.0
1970-01-01 00:00:00.262918087,0.262918087,231.53114,0.0,0.0,0.0,0.0,0.0,0.0,0.0,-1.5707964,0.0
1970-01-01 00:00:00.262932919,0.262932919,0.0,0.0,80.29285,0.0,0.0,0.0,0.0,0.0,-1.5707964,0.0
1970-01-01 00:00:00.262964280,0.26296428,0.0,0.0,0.0,124.347084,0.0,0.0,0.0,0.0,-1.5707964,0.0
1970-01-01 00:00:00.263007739,0.263007739,0.0,1055.0814,0.0,0.0,0.0,0.0,0.0,0.0,-1.5707964,0.0
1970-01-01 00:00:00.263007739,0.263007739,0.0,0.0,0.0,157.51575,0.0,0.0,0.0,0.0,-1.5707964,0.0
1970-01-01 00:00:00.263035656,0.263035656,0.0,0.0,0.0,0.0,0.0,91.03626,0.0,0.0,-1.5707964,0.0
1970-01-01 00:00:00.263044381,0.263044381,0.0,0.0,0.0,112.23002,0.0,0.0,0.0,0.0,-1.5707964,0.0
1970-01-01 00:00:00.263127485,0.263127485,0.0,0.0,0.0,0.0,0.0,237.19733,0.0,0.0,-1.5707964,0.0
1970-01-01 00:00:00.263134853,0.263134854,0.0,212.85693,0.0,0.0,0.0,0.0,0.0,0.0,-1.5707964,0.0
1970-01-01 00:00:00.263250679,0.263250679,0.0,0.0,0.0,335.7384,0.0,0.0,0.0,0.0,-1.5707964,0.0
1970-01-01 00:00:00.263292764,0.263292764,0.0,0.0,0.0,372.2202,0.0,0.0,0.0,0.0,-1.5707964,0.0
1970-01-01 00:00:00.263356077,0.263356077,0.0,119.240456,0.0,0.0,0.0,0.0,0.0,0.0,-1.5707964,0.0
1970-01-01 00:00:00.263370939,0.263370939,0.0,0.0,0.0,124.64601,0.0,0.0,0.0,0.0,-1.5707964,0.0
1970-01-01 00:00:00.263399025,0.263399026,0.0,337.3911,0.0,0.0,0.0,0.0,0.0,0.0,-1.5707964,0.0
1970-01-01 00:00:00.263399025,0.263399026,0.0,0.0,0.0,0.0,0.0,327.9546,0.0,0.0,-1.5707964,0.0
1970-01-01 00:00:00.263399025,0.263399026,0.0,0.0,0.0,1905.8022,0.0,0.0,0.0,0.0,-1.5707964,0.0
1970-01-01 00:00:00.263600864,0.263600864,0.0,0.0,0.0,738.1642,0.0,0.0,0.0,0.0,-1.5707964,0.0
1970-01-01 00:00:00.263601222,0.263601222,0.0,0.0,0.0,655.2578,0.0,0.0,0.0,0.0,-1.5707964,0.0
1970-01-01 00:00:00.263625593,0.263625593,0.0,0.0,0.0,0.0,0.0,402.2888,0.0,0.0,-1.5707964,0.0
1970-01-01 00:00:00.263652845,0.263652845,0.0,0.0,0.0,0.0,0.0,564.6373,0.0,0.0,-1.5707964,0.0
1970-01-01 00:00:00.263709420,0.26370942,0.0,0.0,0.0,0.0,635.65375,0.0,0.0,0.0,-1.5707964,0.0
1970-01-01 00:00:00.263799235,0.263799235,0.0,0.0,0.0,0.0,478.60544,0.0,0.0,0.0,-1.5707964,0.0
1970-01-01 00:00:00.263820371,0.263820371,0.0,0.0,0.0,155.28949,0.0,0.0,0.0,0.0,-1.5707964,0.0
1970-01-01 00:00:00.263869605,0.263869606,0.0,0.0,0.0,0.0,107.923035,0.0,0.0,0.0,-1.5707964,0.0
1970-01-01 00:00:00.263928859,0.263928859,174.07048,0.0,0.0,0.0,0.0,0.0,0.0,0.0,-1.5707964,0.0
1970-01-01 00:00:00.263941584,0.263941584,0.0,0.0,0.0,429.2685,0.0,0.0,0.0,0.0,-1.5707964,0.0
1970-01-01 00:00:00.264018445,0.264018445,0.0,0.0,0.0,342.84406,0.0,0.0,0.0,0.0,-1.5707964,0.0
1970-01-01 00:00:00.264024790,0.26402479,0.0,0.0,0.0,0.0,0.0,117.86141,0.0,0.0,-1.5707964,0.0
1970-01-01 00:00:00.264061475,0.264061475,0.0,0.0,0.0,85.11252,0.0,0.0,0.0,0.0,-1.5707964,0.0
1970-01-01 00:00:00.264107007,0.264107008,0.0,0.0,0.0,0.0,123.09772,0.0,0.0,0.0,-1.5707964,0.0
1970-01-01 00:00:00.264165851,0.264165852,0.0,0.0,0.0,141.39496,0.0,0.0,0.0,0.0,-1.5707964,0.0
1970-01-01 00:00:00.264175294,0.264175294,0.0,0.0,204.41866,0.0,0.0,0.0,0.0,0.0,-1.5707964,0.0
1970-01-01 00:00:00.264203470,0.26420347,0.0,0.0,0.0,0.0,97.1146,0.0,0.0,0.0,-1.5707964,0.0
1970-01-01 00:00:00.264297997,0.264297997,0.0,0.0,0.0,430.83432,0.0,0.0,0.0,0.0,-1.5707964,0.0
1970-01-01 00:00:00.264397015,0.264397015,0.0,0.0,0.0,390.80093,0.0,0.0,0.0,0.0,-1.5707964,0.0
1970-01-01 00:00:00.264478109,0.264478109,0.0,722.39355,0.0,0.0,0.0,0.0,0.0,0.0,-1.5707964,0.0
1970-01-01 00:00:00.264478109,0.264478109,0.0,0.0,0.0,152.77327,0.0,0.0,0.0,0.0,-1.5707964,0.0
1970-01-01 00:00:00.264505166,0.264505166,0.0,0.0,0.0,162.20366,0.0,0.0,0.0,0.0,-1.5707964,0.0
1970-01-01 00:00:00.264514920,0.26451492,0.0,562.2377,0.0,0.0,0.0,0.0,0.0,0.0,-1.5707964,0.0
1970-01-01 00:00:00.264632250,0.26463225,0.0,0.0,0.0,0.0,0.0,171.55672,0.0,0.0,-1.5707964,0.0
1970-01-01 00:00:00.264751665,0.264751665,0.0,0.0,0.0,0.0,0.0,764.89014,0.0,0.0,-1.5707964,0.0
1970-01-01 00:00:00.264784197,0.264784197,0.0,0.0,437.3084,0.0,0.0,0.0,0.0,0.0,-1.5707964,0.0
1970-01-01 00:00:00.264852031,0.264852031,0.0,0.0,0.0,157.29927,0.0,0.0,0.0,0.0,-1.5707964,0.0
1970-01-01 00:00:00.264873189,0.264873189,0.0,0.0,0.0,336.77533,0.0,0.0,0.0,0.0,-1.5707964,0.0
1970-01-01 00:00:00.265000703,0.265000703,0.0,109.63383,0.0,0.0,0.0,0.0,0.0,0.0,-1.5707964,0.0
1970-01-01 00:00:00.265001240,0.26500124,0.0,0.0,0.0,329.51736,0.0,0.0,0.0,0.0,-1.5707964,0.0
1970-01-01 00:00:00.265093668,0.265093668,0.0,0.0,0.0,113.76309,0.0,0.0,0.0,0.0,-1.5707964,0.0
1970-01-01 00:00:00.265115578,0.265115578,0.0,315.66245,0.0,0.0,0.0,0.0,0.0,0.0,-1.5707964,0.0
1970-01-01 00:00:00.265126550,0.26512655,0.0,0.0,0.0,0.0,0.0,108.600235,0.0,0.0,-1.5707964,0.0
1970-01-01 00:00:00.265162499,0.265162499,0.0,0.0,0.0,0.0,0.0,108.39971,0.0,0.0,-1.5707964,0.0
1970-01-01 00:00:00.265193012,0.265193013,0.0,143.43912,0.0,0.0,0.0,0.0,0.0,0.0,-1.5707964,0.0
1970-01-01 00:00:00.265225884,0.265225884,0.0,0.0,0.0,0.0,0.0,120.182884,0.0,0.0,-1.5707964,0.0
1970-01-01 00:00:00.265271307,0.265271307,0.0,0.0,0.0,325.57358,0.0,0.0,0.0,0.0,-1.5707964,0.0
1970-01-01 00:00:00.265290939,0.26529094,0.0,0.0,0.0,603.6726,0.0,0.0,0.0,0.0,-1.5707964,0.0
1970-01-01 00:00:00.265319497,0.265319497,0.0,0.0,0.0,99.348274,0.0,0.0,0.0,0.0,-1.5707964,0.0
1970-01-01 00:00:00.265343885,0.265343886,0.0,0.0,0.0,743.30914,0.0,0.0,0.0,0.0,-1.5707964,0.0
1970-01-01 00:00:00.265382377,0.265382377,0.0,1621.4902,0.0,0.0,0.0,0.0,0.0,0.0,-1.5707964,0.0
1970-01-01 00:00:00.265382377,0.265382377,0.0,0.0,0.0,386.95654,0.0,0.0,0.0,0.0,-1.5707964,0.0
1970-01-01 00:00:00.265459155,0.265459156,0.0,625.9051,0.0,0.0,0.0,0.0,0.0,0.0,-1.5707964,0.0
1970-01-01 00:00:00.265459155,0.265459156,0.0,0.0,0.0,109.19552,0.0,0.0,0.0,0.0,-1.5707964,0.0
1970-01-01 00:00:00.265488000,0.265488,0.0,0.0,0.0,118.315735,0.0,0.0,0.0,0.0,-1.5707964,0.0
1970-01-01 00:00:00.265540910,0.26554091,0.0,0.0,237.48877,0.0,0.0,0.0,0.0,0.0,-1.5707964,0.0
1970-01-01 00:00:00.265566172,0.265566172,0.0,0.0,0.0,0.0,0.0,597.4955,0.0,0.0,-1.5707964,0.0
1970-01-01 00:00:00.265597553,0.265597553,0.0,0.0,208.53496,0.0,0.0,0.0,0.0,0.0,-1.5707964,0.0
1970-01-01 00:00:00.265622212,0.265622212,0.0,0.0,208.80428,0.0,0.0,0.0,0.0,0.0,-1.5707964,0.0
1970-01-01 00:00:00.265647439,0.265647439,0.0,0.0,0.0,0.0,0.0,996.52875,0.0,0.0,-1.5707964,0.0
1970-01-01 00:00:00.265789243,0.265789244,0.0,0.0,0.0,496.5101,0.0,0.0,0.0,0.0,-1.5707964,0.0
1970-01-01 00:00:00.265793263,0.265793263,0.0,0.0,0.0,558.6865,0.0,0.0,0.0,0.0,-1.5707964,0.0
1970-01-01 00:00:00.265870576,0.265870576,0.0,0.0,0.0,113.978325,0.0,0.0,0.0,0.0,-1.5707964,0.0
1970-01-01 00:00:00.265914315,0.265914315,0.0,0.0,0.0,254.23189,0.0,0.0,0.0,0.0,-1.5707964,0.0
1970-01-01 00:00:00.265923617,0.265923617,0.0,0.0,0.0,0.0,0.0,870.8893,0.0,0.0,-1.5707964,0.0
1970-01-01 00:00:00.266080280,0.26608028,0.0,0.0,0.0,125.311356,0.0,0.0,0.0,0.0,-1.5707964,0.0
1970-01-01 00:00:00.266173647,0.266173648,518.1763,0.0,0.0,0.0,0.0,0.0,0.0,0.0,-1.5707964,0.0
1970-01-01 00:00:00.266221504,0.266221504,0.0,0.0,0.0,381.64563,0.0,0.0,0.0,0.0,-1.5707964,0.0
1970-01-01 00:00:00.266222444,0.266222444,0.0,0.0,0.0,197.5555,0.0,0.0,0.0,0.0,-1.5707964,0.0
1970-01-01 00:00:00.266226083,0.266226084,0.0,0.0,0.0,0.0,227.08798,0.0,0.0,0.0,-1.5707964,0.0
1970-01-01 00:00:00.266239879,0.26623988,0.0,0.0,0.0,457.83856,0.0,0.0,0.0,0.0,-1.5707964,0.0
1970-01-01 00:00:00.266292878,0.266292879,0.0,0.0,532.4409,0.0,0.0,0.0,0.0,0.0,-1.5707964,0.0
1970-01-01 00:00:00.266340844,0.266340844,0.0,0.0,331.96796,0.0,0.0,0.0,0.0,0.0,-1.5707964,0.0
1970-01-01 00:00:00.266357390,0.26635739,0.0,0.0,0.0,150.79167,0.0,0.0,0.0,0.0,-1.5707964,0.0
1970-01-01 00:00:00.266384394,0.266384394,0.0,0.0,0.0,253.6844,0.0,0.0,0.0,0.0,-1.5707964,0.0
1970-01-01 00:00:00.266413043,0.266413043,0.0,0.0,0.0,340.95166,0.0,0.0,0.0,0.0,-1.5707964,0.0
1970-01-01 00:00:00.266429534,0.266429534,0.0,0.0,0.0,0.0,0.0,90.52618,0.0,0.0,-1.5707964,0.0
1970-01-01 00:00:00.266443859,0.26644386,0.0,0.0,0.0,1187.5979,0.0,0.0,0.0,0.0,-1.5707964,0.0
1970-01-01 00:00:00.266548083,0.266548083,0.0,0.0,0.0,362.44998,0.0,0.0,0.0,0.0,-1.5707964,0.0
1970-01-01 00:00:00.266548856,0.266548856,0.0,0.0,0.0,1539.2344,0.0,0.0,0.0,0.0,-1.5707964,0.0
1970-01-01 00:00:00.266572207,0.266572207,0.0,0.0,0.0,287.90176,0.0,0.0,0.0,0.0,-1.5707964,0.0
1970-01-01 00:00:00.266682627,0.266682628,0.0,0.0,0.0,154.02924,0.0,0.0,0.0,0.0,-1.5707964,0.0
1970-01-01 00:00:00.266712022,0.266712022,0.0,0.0,813.6897,0.0,0.0,0.0,0.0,0.0,-1.5707964,0.0
1970-01-01 00:00:00.266716636,0.266716637,0.0,0.0,0.0,0.0,184.69156,0.0,0.0,0.0,-1.5707964,0.0
1970-01-01 00:00:00.266748702,0.266748703,0.0,0.0,0.0,96.74293,0.0,0.0,0.0,0.0,-1.5707964,0.0
1970-01-01 00:00:00.266874337,0.266874337,0.0,0.0,0.0,0.0,3172.2341,0.0,0.0,0.0,-1.5707964,0.0
1970-01-01 00:00:00.266893333,0.266893333,0.0,0.0,0.0,0.0,259.85336,0.0,0.0,0.0,-1.5707964,0.0
1970-01-01 00:00:00.266910549,0.266910549,0.0,0.0,0.0,476.0047,0.0,0.0,0.0,0.0,-1.5707964,0.0
1970-01-01 00:00:00.266910951,0.266910952,0.0,0.0,0.0,0.0,0.0,380.0866,0.0,0.0,-1.5707964,0.0
1970-01-01 00:00:00.266929780,0.26692978,0.0,0.0,0.0,158.93036,0.0,0.0,0.0,0.0,-1.5707964,0.0
1970-01-01 00:00:00.266974504,0.266974504,0.0,0.0,0.0,0.0,0.0,142.05043,0.0,0.0,-1.5707964,0.0
1970-01-01 00:00:00.267089117,0.267089117,0.0,0.0,0.0,454.59293,0.0,0.0,0.0,0.0,-1.5707964,0.0
1970-01-01 00:00:00.267187343,0.267187343,1528.328,0.0,0.0,0.0,0.0,0.0,0.0,0.0,-1.5707964,0.0
1970-01-01 00:00:00.267249907,0.267249908,0.0,0.0,0.0,0.0,0.0,127.011955,0.0,0.0,-1.5707964,0.0
1970-01-01 00:00:00.267259065,0.267259065,0.0,0.0,0.0,164.09488,0.0,0.0,0.0,0.0,-1.5707964,0.0
1970-01-01 00:00:00.267267034,0.267267034,0.0,0.0,0.0,354.4506,0.0,0.0,0.0,0.0,-1.5707964,0.0
1970-01-01 00:00:00.267281416,0.267281416,0.0,0.0,0.0,746.9866,0.0,0.0,0.0,0.0,-1.5707964,0.0
1970-01-01 00:00:00.267337400,0.267337401,0.0,0.0,0.0,435.14572,0.0,0.0,0.0,0.0,-1.5707964,0.0
1970-01-01 00:00:00.267338664,0.267338664,0.0,0.0,0.0,341.92825,0.0,0.0,0.0,0.0,-1.5707964,0.0
1970-01-01 00:00:00.267374291,0.267374291,0.0,0.0,0.0,292.73795,0.0,0.0,0.0,0.0,-1.5707964,0.0
1970-01-01 00:00:00.267447349,0.26744735,0.0,165.73859,0.0,0.0,0.0,0.0,0.0,0.0,-1.5707964,0.0
1970-01-01 00:00:00.267517979,0.267517979,0.0,0.0,0.0,0.0,527.1892,0.0,0.0,0.0,-1.5707964,0.0
1970-01-01 00:00:00.267534648,0.267534648,0.0,0.0,0.0,0.0,272.1002,0.0,0.0,0.0,-1.5707964,0.0
1970-01-01 00:00:00.267535004,0.267535004,0.0,350.452,0.0,0.0,0.0,0.0,0.0,0.0,-1.5707964,0.0
1970-01-01 00:00:00.267547245,0.267547245,0.0,0.0,0.0,0.0,0.0,143.14075,0.0,0.0,-1.5707964,0.0
1970-01-01 00:00:00.267547272,0.267547272,0.0,0.0,0.0,155.97252,0.0,0.0,0.0,0.0,-1.5707964,0.0
1970-01-01 00:00:00.267593386,0.267593386,0.0,370.43213,0.0,0.0,0.0,0.0,0.0,0.0,-1.5707964,0.0
1970-01-01 00:00:00.267603770,0.26760377,0.0,0.0,321.89996,0.0,0.0,0.0,0.0,0.0,-1.5707964,0.0
1970-01-01 00:00:00.267756180,0.26775618,273.28345,0.0,0.0,0.0,0.0,0.0,0.0,0.0,-1.5707964,0.0
1970-01-01 00:00:00.267834259,0.267834259,0.0,0.0,0.0,424.55893,0.0,0.0,0.0,0.0,-1.5707964,0.0
1970-01-01 00:00:00.267933293,0.267933293,0.0,0.0,376.8171,0.0,0.0,0.0,0.0,0.0,-1.5707964,0.0
1970-01-01 00:00:00.267943131,0.267943131,0.0,0.0,0.0,188.708,0.0,0.0,0.0,0.0,-1.5707964,0.0
1970-01-01 00:00:00.267961090,0.26796109,0.0,203.1975,0.0,0.0,0.0,0.0,0.0,0.0,-1.5707964,0.0
1970-01-01 00:00:00.268147521,0.268147521,0.0,0.0,0.0,290.30545,0.0,0.0,0.0,0.0,-1.5707964,0.0
1970-01-01 00:00:00.268160918,0.268160918,0.0,0.0,0.0,105.482475,0.0,0.0,0.0,0.0,-1.5707964,0.0
1970-01-01 00:00:00.268221822,0.268221822,0.0,203.77995,0.0,0.0,0.0,0.0,0.0,0.0,-1.5707964,0.0
1970-01-01 00:00:00.268291893,0.268291894,0.0,0.0,83.58237,0.0,0.0,0.0,0.0,0.0,-1.5707964,0.0
1970-01-01 00:00:00.268485822,0.268485822,0.0,0.0,0.0,771.8654,0.0,0.0,0.0,0.0,-1.5707964,0.0
1970-01-01 00:00:00.268543218,0.268543218,0.0,0.0,0.0,225.31892,0.0,0.0,0.0,0.0,-1.5707964,0.0
1970-01-01 00:00:00.268587148,0.268587148,0.0,0.0,1083.7396,0.0,0.0,0.0,0.0,0.0,-1.5707964,0.0
1970-01-01 00:00:00.268663767,0.268663767,0.0,441.06497,0.0,0.0,0.0,0.0,0.0,0.0,-1.5707964,0.0
1970-01-01 00:00:00.268797534,0.268797534,0.0,0.0,0.0,496.8702,0.0,0.0,0.0,0.0,-1.5707964,0.0
1970-01-01 00:00:00.268819081,0.268819081,0.0,0.0,0.0,0.0,0.0,87.209366,0.0,0.0,-1.5707964,0.0
1970-01-01 00:00:00.268820179,0.268820179,0.0,0.0,149.76051,0.0,0.0,0.0,0.0,0.0,-1.5707964,0.0
1970-01-01 00:00:00.268844394,0.268844394,0.0,0.0,0.0,143.07661,0.0,0.0,0.0,0.0,-1.5707964,0.0
1970-01-01 00:00:00.268904097,0.268904097,0.0,0.0,0.0,0.0,89.31422,0.0,0.0,0.0,-1.5707964,0.0
1970-01-01 00:00:00.268910427,0.268910427,0.0,0.0,0.0,0.0,601.8872,0.0,0.0,0.0,-1.5707964,0.0
1970-01-01 00:00:00.269176753,0.269176753,0.0,0.0,0.0,131.84714,0.0,0.0,0.0,0.0,-1.5707964,0.0
1970-01-01 00:00:00.269186083,0.269186083,0.0,120.966515,0.0,0.0,0.0,0.0,0.0,0.0,-1.5707964,0.0
1970-01-01 00:00:00.269186083,0.269186083,0.0,0.0,0.0,122.52016,0.0,0.0,0.0,0.0,-1.5707964,0.0
1970-01-01 00:00:00.269322514,0.269322514,0.0,0.0,0.0,141.5017,0.0,0.0,0.0,0.0,-1.5707964,0.0
1970-01-01 00:00:00.269365859,0.269365859,0.0,0.0,313.90256,0.0,0.0,0.0,0.0,0.0,-1.5707964,0.0
1970-01-01 00:00:00.269405493,0.269405493,0.0,0.0,0.0,0.0,97.435684,0.0,0.0,0.0,-1.5707964,0.0
1970-01-01 00:00:00.269538933,0.269538933,133.55687,0.0,0.0,0.0,0.0,0.0,0.0,0.0,-1.5707964,0.0
1970-01-01 00:00:00.269568070,0.26956807,0.0,0.0,0.0,492.10684,0.0,0.0,0.0,0.0,-1.5707964,0.0
1970-01-01 00:00:00.269586011,0.269586011,0.0,0.0,305.81595,0.0,0.0,0.0,0.0,0.0,-1.5707964,0.0
1970-01-01 00:00:00.269586511,0.269586511,0.0,0.0,0.0,346.97955,0.0,0.0,0.0,0.0,-1.5707964,0.0
1970-01-01 00:00:00.269666228,0.269666228,0.0,0.0,0.0,249.1301,0.0,0.0,0.0,0.0,-1.5707964,0.0
1970-01-01 00:00:00.269771672,0.269771672,0.0,0.0,0.0,0.0,133.58812,0.0,0.0,0.0,-1.5707964,0.0
1970-01-01 00:00:00.269866534,0.269866534,0.0,0.0,0.0,437.0371,0.0,0.0,0.0,0.0,-1.5707964,0.0
1970-01-01 00:00:00.269929094,0.269929094,0.0,0.0,0.0,171.90984,0.0,0.0,0.0,0.0,-1.5707964,0.0
1970-01-01 00:00:00.269929961,0.269929961,0.0,159.545,0.0,0.0,0.0,0.0,0.0,0.0,-1.5707964,0.0
1970-01-01 00:00:00.269949649,0.269949649,0.0,0.0,0.0,198.26837,0.0,0.0,0.0,0.0,-1.5707964,0.0
1970-01-01 00:00:00.270141450,0.27014145,0.0,0.0,0.0,0.0,810.6268,0.0,0.0,0.0,-1.5707964,0.0
1970-01-01 00:00:00.270165499,0.270165499,0.0,0.0,695.11194,0.0,0.0,0.0,0.0,0.0,-1.5707964,0.0
1970-01-01 00:00:00.270195801,0.270195801,0.0,0.0,0.0,0.0,0.0,145.21802,0.0,0.0,-1.5707964,0.0
1970-01-01 00:00:00.270492974,0.270492974,0.0,0.0,0.0,0.0,0.0,551.26294,0.0,0.0,-1.5707964,0.0
1970-01-01 00:00:00.270537749,0.270537749,0.0,0.0,0.0,0.0,0.0,725.2595,0.0,0.0,-1.5707964,0.0
1970-01-01 00:00:00.270554926,0.270554926,0.0,0.0,0.0,123.98494,0.0,0.0,0.0,0.0,-1.5707964,0.0
1970-01-01 00:00:00.270800119,0.270800119,0.0,0.0,0.0,0.0,0.0,126.01383,0.0,0.0,-1.5707964,0.0
1970-01-01 00:00:00.270843852,0.270843852,0.0,0.0,0.0,118.23208,0.0,0.0,0.0,0.0,-1.5707964,0.0
1970-01-01 00:00:00.270885121,0.270885121,0.0,0.0,0.0,617.69434,0.0,0.0,0.0,0.0,-1.5707964,0.0
1970-01-01 00:00:00.270933096,0.270933096,0.0,0.0,0.0,526.80206,0.0,0.0,0.0,0.0,-1.5707964,0.0
1970-01-01 00:00:00.270971884,0.270971884,0.0,0.0,0.0,271.15265,0.0,0.0,0.0,0.0,-1.5707964,0.0
1970-01-01 00:00:00.271029364,0.271029364,117.109566,0.0,0.0,0.0,0.0,0.0,0.0,0.0,-1.5707964,0.0
1970-01-01 00:00:00.271037122,0.271037122,0.0,0.0,0.0,1634.5228,0.0,0.0,0.0,0.0,-1.5707964,0.0
1970-01-01 00:00:00.271073462,0.271073462,0.0,0.0,419.0355,0.0,0.0,0.0,0.0,0.0,-1.5707964,0.0
1970-01-01 00:00:00.271109257,0.271109257,0.0,0.0,0.0,0.0,99.16068,0.0,0.0,0.0,-1.5707964,0.0
1970-01-01 00:00:00.271190883,0.271190883,0.0,0.0,0.0,1057.5358,0.0,0.0,0.0,0.0,-1.5707964,0.0
1970-01-01 00:00:00.271291635,0.271291635,0.0,0.0,0.0,252.54071,0.0,0.0,0.0,0.0,-1.5707964,0.0
1970-01-01 00:00:00.271300314,0.271300314,0.0,92.250916,0.0,0.0,0.0,0.0,0.0,0.0,-1.5707964,0.0
1970-01-01 00:00:00.271571393,0.271571393,0.0,0.0,0.0,463.26337,0.0,0.0,0.0,0.0,-1.5707964,0.0
1970-01-01 00:00:00.271572241,0.271572241,0.0,0.0,219.37321,0.0,0.0,0.0,0.0,0.0,-1.5707964,0.0
1970-01-01 00:00:00.271604345,0.271604345,0.0,0.0,0.0,116.97997,0.0,0.0,0.0,0.0,-1.5707964,0.0
1970-01-01 00:00:00.271665322,0.271665322,0.0,0.0,314.07672,0.0,0.0,0.0,0.0,0.0,-1.5707964,0.0
1970-01-01 00:00:00.271687066,0.271687066,0.0,0.0,0.0,350.93384,0.0,0.0,0.0,0.0,-1.5707964,0.0
1970-01-01 00:00:00.271742157,0.271742157,236.13493,0.0,0.0,0.0,0.0,0.0,0.0,0.0,-1.5707964,0.0
1970-01-01 00:00:00.271748715,0.271748715,0.0,0.0,0.0,0.0,278.8854,0.0,0.0,0.0,-1.5707964,0.0
1970-01-01 00:00:00.271960164,0.271960164,0.0,1271.0201,0.0,0.0,0.0,0.0,0.0,0.0,-1.5707964,0.0
1970-01-01 00:00:00.271976463,0.271976463,0.0,0.0,0.0,0.0,359.77884,0.0,0.0,0.0,-1.5707964,0.0
1970-01-01 00:00:00.272127904,0.272127904,0.0,0.0,87.057724,0.0,0.0,0.0,0.0,0.0,-1.5707964,0.0
1970-01-01 00:00:00.272243307,0.272243307,0.0,0.0,288.68646,0.0,0.0,0.0,0.0,0.0,-1.5707964,0.0
1970-01-01 00:00:00.272300378,0.272300378,0.0,0.0,0.0,0.0,0.0,138.5079,0.0,0.0,-1.5707964,0.0
1970-01-01 00:00:00.272332595,0.272332595,0.0,0.0,0.0,102.415085,0.0,0.0,0.0,0.0,-1.5707964,0.0
1970-01-01 00:00:00.272404491,0.272404491,0.0,0.0,1319.9482,0.0,0.0,0.0,0.0,0.0,-1.5707964,0.0
1970-01-01 00:00:00.272406068,0.272406068,0.0,0.0,0.0,167.4287,0.0,0.0,0.0,0.0,-1.5707964,0.0
1970-01-01 00:00:00.272437630,0.27243763,0.0,0.0,0.0,139.93636,0.0,0.0,0.0,0.0,-1.5707964,0.0
1970-01-01 00:00:00.272442361,0.272442361,0.0,0.0,414.5502,0.0,0.0,0.0,0.0,0.0,-1.5707964,0.0
1970-01-01 00:00:00.272470277,0.272470277,0.0,0.0,0.0,357.55685,0.0,0.0,0.0,0.0,-1.5707964,0.0
1970-01-01 00:00:00.272483521,0.272483521,585.0538,0.0,0.0,0.0,0.0,0.0,0.0,0.0,-1.5707964,0.0
1970-01-01 00:00:00.272627001,0.272627001,0.0,0.0,0.0,0.0,0.0,193.417,0.0,0.0,-1.5707964,0.0
1970-01-01 00:00:00.272652211,0.272652211,0.0,0.0,0.0,999.6131,0.0,0.0,0.0,0.0,-1.5707964,0.0
1970-01-01 00:00:00.272654039,0.272654039,445.24228,0.0,0.0,0.0,0.0,0.0,0.0,0.0,-1.5707964,0.0
1970-01-01 00:00:00.272687573,0.272687573,0.0,0.0,0.0,408.09537,0.0,0.0,0.0,0.0,-1.5707964,0.0
1970-01-01 00:00:00.272813849,0.272813849,0.0,0.0,0.0,412.4532,0.0,0.0,0.0,0.0,-1.5707964,0.0
1970-01-01 00:00:00.272814439,0.272814439,142.42914,0.0,0.0,0.0,0.0,0.0,0.0,0.0,-1.5707964,0.0
1970-01-01 00:00:00.272943344,0.272943344,0.0,0.0,0.0,0.0,0.0,138.20467,0.0,0.0,-1.5707964,0.0
1970-01-01 00:00:00.272948682,0.272948682,0.0,0.0,0.0,465.94653,0.0,0.0,0.0,0.0,-1.5707964,0.0
1970-01-01 00:00:00.273045896,0.273045896,0.0,0.0,0.0,567.38824,0.0,0.0,0.0,0.0,-1.5707964,0.0
1970-01-01 00:00:00.273103480,0.27310348,0.0,0.0,0.0,0.0,0.0,181.29068,0.0,0.0,-1.5707964,0.0
1970-01-01 00:00:00.273189370,0.27318937,0.0,0.0,0.0,281.6643,0.0,0.0,0.0,0.0,-1.5707964,0.0
1970-01-01 00:00:00.273215388,0.273215388,0.0,0.0,0.0,174.97108,0.0,0.0,0.0,0.0,-1.5707964,0.0
1970-01-01 00:00:00.273219453,0.273219453,0.0,0.0,0.0,80.27396,0.0,0.0,0.0,0.0,-1.5707964,0.0
1970-01-01 00:00:00.273220117,0.273220117,0.0,0.0,0.0,177.40779,0.0,0.0,0.0,0.0,-1.5707964,0.0
1970-01-01 00:00:00.273331281,0.273331281,0.0,0.0,200.99422,0.0,0.0,0.0,0.0,0.0,-1.5707964,0.0
1970-01-01 00:00:00.273340604,0.273340604,0.0,0.0,0.0,321.3055,0.0,0.0,0.0,0.0,-1.5707964,0.0
1970-01-01 00:00:00.273594888,0.273594888,0.0,0.0,0.0,379.6887,0.0,0.0,0.0,0.0,-1.5707964,0.0
1970-01-01 00:00:00.273641773,0.273641773,0.0,0.0,0.0,0.0,0.0,160.88931,0.0,0.0,-1.5707964,0.0
1970-01-01 00:00:00.273663130,0.27366313,0.0,0.0,1666.0775,0.0,0.0,0.0,0.0,0.0,-1.5707964,0.0
1970-01-01 00:00:00.273721617,0.273721617,0.0,0.0,0.0,169.98705,0.0,0.0,0.0,0.0,-1.5707964,0.0
1970-01-01 00:00:00.273759224,0.273759224,130.78586,0.0,0.0,0.0,0.0,0.0,0.0,0.0,-1.5707964,0.0
1970-01-01 00:00:00.273763036,0.273763036,0.0,0.0,0.0,168.7027,0.0,0.0,0.0,0.0,-1.5707964,0.0
1970-01-01 00:00:00.273849417,0.273849417,0.0,0.0,0.0,0.0,0.0,629.0073,0.0,0.0,-1.5707964,0.0
1970-01-01 00:00:00.273966230,0.27396623,0.0,0.0,0.0,164.37268,0.0,0.0,0.0,0.0,-1.5707964,0.0
1970-01-01 00:00:00.273984166,0.273984166,0.0,0.0,407.8743,0.0,0.0,0.0,0.0,0.0,-1.5707964,0.0
1970-01-01 00:00:00.274012735,0.274012735,0.0,0.0,0.0,1014.92377,0.0,0.0,0.0,0.0,-1.5707964,0.0
1970-01-01 00:00:00.274014255,0.274014255,0.0,0.0,0.0,330.22607,0.0,0.0,0.0,0.0,-1.5707964,0.0
1970-01-01 00:00:00.274107005,0.274107005,0.0,0.0,0.0,322.52,0.0,0.0,0.0,0.0,-1.5707964,0.0
1970-01-01 00:00:00.274131826,0.274131826,0.0,0.0,0.0,167.64821,0.0,0.0,0.0,0.0,-1.5707964,0.0
1970-01-01 00:00:00.274165518,0.274165518,0.0,0.0,0.0,154.36588,0.0,0.0,0.0,0.0,-1.5707964,0.0
1970-01-01 00:00:00.274204352,0.274204352,0.0,0.0,0.0,0.0,504.77902,0.0,0.0,0.0,-1.5707964,0.0
1970-01-01 00:00:00.274278453,0.274278453,0.0,0.0,0.0,0.0,0.0,102.78451,0.0,0.0,-1.5707964,0.0
1970-01-01 00:00:00.274297492,0.274297492,0.0,0.0,135.48145,0.0,0.0,0.0,0.0,0.0,-1.5707964,0.0
1970-01-01 00:00:00.274312080,0.27431208,0.0,0.0,0.0,978.9423,0.0,0.0,0.0,0.0,-1.5707964,0.0
1970-01-01 00:00:00.274461271,0.274461271,0.0,510.20877,0.0,0.0,0.0,0.0,0.0,0.0,-1.5707964,0.0
1970-01-01 00:00:00.274502658,0.274502658,0.0,0.0,0.0,158.7457,0.0,0.0,0.0,0.0,-1.5707964,0.0
1970-01-01 00:00:00.274513046,0.274513046,0.0,0.0,0.0,0.0,0.0,228.45366,0.0,0.0,-1.5707964,0.0
1970-01-01 00:00:00.274598992,0.274598992,0.0,0.0,0.0,364.98996,0.0,0.0,0.0,0.0,-1.5707964,0.0
1970-01-01 00:00:00.274692718,0.274692718,0.0,0.0,0.0,0.0,130.96095,0.0,0.0,0.0,-1.5707964,0.0
1970-01-01 00:00:00.274712080,0.27471208,0.0,404.5397,0.0,0.0,0.0,0.0,0.0,0.0,-1.5707964,0.0
1970-01-01 00:00:00.274732103,0.274732103,0.0,0.0,0.0,80.08574,0.0,0.0,0.0,0.0,-1.5707964,0.0
1970-01-01 00:00:00.274739245,0.274739245,0.0,0.0,0.0,160.72713,0.0,0.0,0.0,0.0,-1.5707964,0.0
1970-01-01 00:00:00.274749785,0.274749785,0.0,0.0,0.0,606.6461,0.0,0.0,0.0,0.0,-1.5707964,0.0
1970-01-01 00:00:00.274805204,0.274805204,0.0,0.0,1941.0765,0.0,0.0,0.0,0.0,0.0,-1.5707964,0.0
1970-01-01 00:00:00.274926063,0.274926063,0.0,0.0,0.0,318.97284,0.0,0.0,0.0,0.0,-1.5707964,0.0
1970-01-01 00:00:00.274962804,0.274962804,0.0,0.0,0.0,237.39449,0.0,0.0,0.0,0.0,-1.5707964,0.0
1970-01-01 00:00:00.274962804,0.274962804,0.0,0.0,0.0,458.01862,0.0,0.0,0.0,0.0,-1.5707964,0.0
1970-01-01 00:00:00.274979045,0.274979045,0.0,0.0,0.0,0.0,321.0356,0.0,0.0,0.0,-1.5707964,0.0
1970-01-01 00:00:00.275035984,0.275035984,0.0,0.0,0.0,0.0,0.0,227.93657,0.0,0.0,-1.5707964,0.0
1970-01-01 00:00:00.275091511,0.275091511,0.0,0.0,0.0,665.21564,0.0,0.0,0.0,0.0,-1.5707964,0.0
1970-01-01 00:00:00.275091511,0.275091511,0.0,0.0,0.0,0.0,0.0,573.98517,0.0,0.0,-1.5707964,0.0
1970-01-01 00:00:00.275121957,0.275121957,0.0,0.0,0.0,208.2885,0.0,0.0,0.0,0.0,-1.5707964,0.0
1970-01-01 00:00:00.275221605,0.275221605,0.0,0.0,0.0,360.4572,0.0,0.0,0.0,0.0,-1.5707964,0.0
1970-01-01 00:00:00.275242282,0.275242282,0.0,0.0,165.50539,0.0,0.0,0.0,0.0,0.0,-1.5707964,0.0
1970-01-01 00:00:00.275253889,0.275253889,0.0,0.0,436.83353,0.0,0.0,0.0,0.0,0.0,-1.5707964,0.0
1970-01-01 00:00:00.275262577,0.275262577,0.0,0.0,0.0,481.64426,0.0,0.0,0.0,0.0,-1.5707964,0.0
1970-01-01 00:00:00.275384204,0.275384204,0.0,0.0,0.0,0.0,859.8204,0.0,0.0,0.0,-1.5707964,0.0
1970-01-01 00:00:00.275444059,0.275444059,0.0,0.0,151.1682,0.0,0.0,0.0,0.0,0.0,-1.5707964,0.0
1970-01-01 00:00:00.275472674,0.275472674,0.0,0.0,509.11414,0.0,0.0,0.0,0.0,0.0,-1.5707964,0.0
1970-01-01 00:00:00.275505703,0.275505703,0.0,0.0,0.0,91.283516,0.0,0.0,0.0,0.0,-1.5707964,0.0
1970-01-01 00:00:00.275578958,0.275578958,0.0,0.0,0.0,0.0,0.0,1708.4281,0.0,0.0,-1.5707964,0.0
1970-01-01 00:00:00.275593781,0.275593781,0.0,169.54492,0.0,0.0,0.0,0.0,0.0,0.0,-1.5707964,0.0
1970-01-01 00:00:00.275623278,0.275623278,0.0,0.0,0.0,92.18673,0.0,0.0,0.0,0.0,-1.5707964,0.0
1970-01-01 00:00:00.275623450,0.27562345,0.0,0.0,0.0,783.1126,0.0,0.0,0.0,0.0,-1.5707964,0.0
1970-01-01 00:00:00.275653468,0.275653468,0.0,0.0,447.172,0.0,0.0,0.0,0.0,0.0,-1.5707964,0.0
1970-01-01 00:00:00.275710179,0.275710179,0.0,0.0,0.0,122.19881,0.0,0.0,0.0,0.0,-1.5707964,0.0
1970-01-01 00:00:00.275715537,0.275715537,0.0,214.68976,0.0,0.0,0.0,0.0,0.0,0.0,-1.5707964,0.0
1970-01-01 00:00:00.275749248,0.275749248,0.0,0.0,689.572,0.0,0.0,0.0,0.0,0.0,-1.5707964,0.0
1970-01-01 00:00:00.275814158,0.275814158,0.0,0.0,0.0,0.0,0.0,85.79274,0.0,0.0,-1.5707964,0.0
1970-01-01 00:00:00.275839461,0.275839461,0.0,0.0,0.0,446.106,0.0,0.0,0.0,0.0,-1.5707964,0.0
1970-01-01 00:00:00.275853265,0.275853265,0.0,0.0,0.0,271.39194,0.0,0.0,0.0,0.0,-1.5707964,0.0
1970-01-01 00:00:00.275970548,0.275970548,0.0,0.0,0.0,0.0,0.0,257.62164,0.0,0.0,-1.5707964,0.0
1970-01-01 00:00:00.275983967,0.275983967,0.0,0.0,0.0,0.0,188.71652,0.0,0.0,0.0,-1.5707964,0.0
1970-01-01 00:00:00.276064463,0.276064463,0.0,0.0,0.0,148.44072,0.0,0.0,0.0,0.0,-1.5707964,0.0
1970-01-01 00:00:00.276128291,0.276128291,0.0,0.0,0.0,0.0,570.1438,0.0,0.0,0.0,-1.5707964,0.0
1970-01-01 00:00:00.276154450,0.27615445,0.0,0.0,0.0,0.0,0.0,848.0231,0.0,0.0,-1.5707964,0.0
1970-01-01 00:00:00.276171111,0.276171111,0.0,0.0,0.0,246.30193,0.0,0.0,0.0,0.0,-1.5707964,0.0
1970-01-01 00:00:00.276269368,0.276269368,0.0,0.0,0.0,166.34917,0.0,0.0,0.0,0.0,-1.5707964,0.0
1970-01-01 00:00:00.276285728,0.276285728,0.0,296.98242,0.0,0.0,0.0,0.0,0.0,0.0,-1.5707964,0.0
1970-01-01 00:00:00.276393160,0.27639316,0.0,0.0,0.0,0.0,0.0,168.16127,0.0,0.0,-1.5707964,0.0
1970-01-01 00:00:00.276853913,0.276853913,0.0,0.0,88.01346,0.0,0.0,0.0,0.0,0.0,-1.5707964,0.0
1970-01-01 00:00:00.276884392,0.276884392,492.2623,0.0,0.0,0.0,0.0,0.0,0.0,0.0,-1.5707964,0.0
1970-01-01 00:00:00.276918177,0.276918177,0.0,1964.458,0.0,0.0,0.0,0.0,0.0,0.0,-1.5707964,0.0
1970-01-01 00:00:00.276952227,0.276952227,0.0,0.0,167.31956,0.0,0.0,0.0,0.0,0.0,-1.5707964,0.0
1970-01-01 00:00:00.277037886,0.277037886,0.0,0.0,0.0,214.76994,0.0,0.0,0.0,0.0,-1.5707964,0.0
1970-01-01 00:00:00.277122376,0.277122376,0.0,0.0,0.0,186.54124,0.0,0.0,0.0,0.0,-1.5707964,0.0
1970-01-01 00:00:00.277164253,0.277164253,0.0,0.0,678.7005,0.0,0.0,0.0,0.0,0.0,-1.5707964,0.0
1970-01-01 00:00:00.277170118,0.277170118,0.0,0.0,0.0,406.38455,0.0,0.0,0.0,0.0,-1.5707964,0.0
1970-01-01 00:00:00.277213159,0.277213159,0.0,0.0,0.0,136.28696,0.0,0.0,0.0,0.0,-1.5707964,0.0
1970-01-01 00:00:00.277284431,0.277284431,0.0,0.0,0.0,204.35268,0.0,0.0,0.0,0.0,-1.5707964,0.0
1970-01-01 00:00:00.277369871,0.277369871,0.0,0.0,0.0,0.0,0.0,1291.1753,0.0,0.0,-1.5707964,0.0
1970-01-01 00:00:00.277447420,0.27744742,0.0,0.0,0.0,498.0721,0.0,0.0,0.0,0.0,-1.5707964,0.0
1970-01-01 00:00:00.277511575,0.277511575,0.0,0.0,1548.8414,0.0,0.0,0.0,0.0,0.0,-1.5707964,0.0
1970-01-01 00:00:00.277540075,0.277540075,0.0,0.0,0.0,533.25946,0.0,0.0,0.0,0.0,-1.5707964,0.0
1970-01-01 00:00:00.277568847,0.277568847,0.0,0.0,0.0,155.3797,0.0,0.0,0.0,0.0,-1.5707964,0.0
1970-01-01 00:00:00.277644851,0.277644851,0.0,0.0,95.6826,0.0,0.0,0.0,0.0,0.0,-1.5707964,0.0
1970-01-01 00:00:00.277658719,0.277658719,0.0,0.0,0.0,200.89392,0.0,0.0,0.0,0.0,-1.5707964,0.0
1970-01-01 00:00:00.277698741,0.277698741,0.0,0.0,617.3217,0.0,0.0,0.0,0.0,0.0,-1.5707964,0.0
1970-01-01 00:00:00.277727769,0.277727769,0.0,0.0,0.0,0.0,0.0,579.99335,0.0,0.0,-1.5707964,0.0
1970-01-01 00:00:00.277894408,0.277894408,0.0,0.0,0.0,90.184166,0.0,0.0,0.0,0.0,-1.5707964,0.0
1970-01-01 00:00:00.277909965,0.277909965,0.0,0.0,0.0,0.0,185.30548,0.0,0.0,0.0,-1.5707964,0.0
1970-01-01 00:00:00.277911879,0.277911879,0.0,0.0,0.0,0.0,0.0,475.82614,0.0,0.0,-1.5707964,0.0
1970-01-01 00:00:00.277965241,0.277965241,0.0,0.0,247.0572,0.0,0.0,0.0,0.0,0.0,-1.5707964,0.0
1970-01-01 00:00:00.277988054,0.277988054,0.0,154.651,0.0,0.0,0.0,0.0,0.0,0.0,-1.5707964,0.0
1970-01-01 00:00:00.278074193,0.278074193,0.0,0.0,0.0,95.96155,0.0,0.0,0.0,0.0,-1.5707964,0.0
1970-01-01 00:00:00.278133332,0.278133332,0.0,0.0,0.0,141.35466,0.0,0.0,0.0,0.0,-1.5707964,0.0
1970-01-01 00:00:00.278242865,0.278242865,0.0,0.0,207.35611,0.0,0.0,0.0,0.0,0.0,-1.5707964,0.0
1970-01-01 00:00:00.278249077,0.278249077,0.0,0.0,146.68898,0.0,0.0,0.0,0.0,0.0,-1.5707964,0.0
1970-01-01 00:00:00.278307047,0.278307047,0.0,0.0,0.0,0.0,0.0,353.64532,0.0,0.0,-1.5707964,0.0
1970-01-01 00:00:00.278314586,0.278314586,0.0,0.0,282.04816,0.0,0.0,0.0,0.0,0.0,-1.5707964,0.0
1970-01-01 00:00:00.278341090,0.27834109,0.0,0.0,0.0,680.09656,0.0,0.0,0.0,0.0,-1.5707964,0.0
1970-01-01 00:00:00.278371278,0.278371278,0.0,0.0,0.0,596.0435,0.0,0.0,0.0,0.0,-1.5707964,0.0
1970-01-01 00:00:00.278517847,0.278517847,0.0,0.0,0.0,0.0,0.0,1483.8558,0.0,0.0,-1.5707964,0.0
1970-01-01 00:00:00.278518391,0.278518391,0.0,0.0,111.62545,0.0,0.0,0.0,0.0,0.0,-1.5707964,0.0
1970-01-01 00:00:00.278521790,0.27852179,0.0,0.0,0.0,248.12074,0.0,0.0,0.0,0.0,-1.5707964,0.0
1970-01-01 00:00:00.278635865,0.278635865,0.0,0.0,0.0,83.16246,0.0,0.0,0.0,0.0,-1.5707964,0.0
1970-01-01 00:00:00.278662687,0.278662687,0.0,0.0,0.0,269.59158,0.0,0.0,0.0,0.0,-1.5707964,0.0
1970-01-01 00:00:00.278699591,0.278699591,0.0,2253.6924,0.0,0.0,0.0,0.0,0.0,0.0,-1.5707964,0.0
1970-01-01 00:00:00.278804678,0.278804678,0.0,131.33685,0.0,0.0,0.0,0.0,0.0,0.0,-1.5707964,0.0
1970-01-01 00:00:00.278865976,0.278865976,0.0,0.0,0.0,0.0,0.0,441.15756,0.0,0.0,-1.5707964,0.0
1970-01-01 00:00:00.279039457,0.279039457,0.0,0.0,215.72995,0.0,0.0,0.0,0.0,0.0,-1.5707964,0.0
1970-01-01 00:00:00.279067408,0.279067408,0.0,1370.6534,0.0,0.0,0.0,0.0,0.0,0.0,-1.5707964,0.0
1970-01-01 00:00:00.279158911,0.279158911,0.0,0.0,0.0,0.0,0.0,1775.4445,0.0,0.0,-1.5707964,0.0
1970-01-01 00:00:00.279241903,0.279241903,0.0,0.0,151.52058,0.0,0.0,0.0,0.0,0.0,-1.5707964,0.0
1970-01-01 00:00:00.279249611,0.279249611,0.0,0.0,0.0,0.0,0.0,285.88583,0.0,0.0,-1.5707964,0.0
1970-01-01 00:00:00.279269474,0.279269474,0.0,123.61035,0.0,0.0,0.0,0.0,0.0,0.0,-1.5707964,0.0
1970-01-01 00:00:00.279288812,0.279288812,0.0,118.77674,0.0,0.0,0.0,0.0,0.0,0.0,-1.5707964,0.0
1970-01-01 00:00:00.279288812,0.279288812,0.0,0.0,0.0,109.096275,0.0,0.0,0.0,0.0,-1.5707964,0.0
1970-01-01 00:00:00.279343866,0.279343866,0.0,0.0,0.0,421.95312,0.0,0.0,0.0,0.0,-1.5707964,0.0
1970-01-01 00:00:00.279420106,0.279420106,0.0,0.0,311.0022,0.0,0.0,0.0,0.0,0.0,-1.5707964,0.0
1970-01-01 00:00:00.279423525,0.279423525,0.0,0.0,199.93738,0.0,0.0,0.0,0.0,0.0,-1.5707964,0.0
1970-01-01 00:00:00.279453716,0.279453716,0.0,0.0,0.0,605.0446,0.0,0.0,0.0,0.0,-1.5707964,0.0
1970-01-01 00:00:00.279508522,0.279508522,0.0,0.0,0.0,585.0367,0.0,0.0,0.0,0.0,-1.5707964,0.0
1970-01-01 00:00:00.279550752,0.279550752,0.0,0.0,404.89606,0.0,0.0,0.0,0.0,0.0,-1.5707964,0.0
1970-01-01 00:00:00.279708287,0.279708287,0.0,0.0,158.68199,0.0,0.0,0.0,0.0,0.0,-1.5707964,0.0
1970-01-01 00:00:00.279800130,0.27980013,0.0,0.0,0.0,0.0,0.0,91.8547,0.0,0.0,-1.5707964,0.0
1970-01-01 00:00:00.279807906,0.279807906,0.0,0.0,0.0,0.0,0.0,609.4948,0.0,0.0,-1.5707964,0.0
1970-01-01 00:00:00.279908865,0.279908865,0.0,0.0,0.0,0.0,0.0,149.29921,0.0,0.0,-1.5707964,0.0
1970-01-01 00:00:00.279961667,0.279961667,0.0,0.0,0.0,258.28412,0.0,0.0,0.0,0.0,-1.5707964,0.0
1970-01-01 00:00:00.279971936,0.279971936,0.0,101.30769,0.0,0.0,0.0,0.0,0.0,0.0,-1.5707964,0.0
1970-01-01 00:00:00.279979708,0.279979708,0.0,943.0199,0.0,0.0,0.0,0.0,0.0,0.0,-1.5707964,0.0
1970-01-01 00:00:00.280087121,0.280087121,0.0,0.0,0.0,0.0,0.0,168.89624,0.0,0.0,-1.5707964,0.0
1970-01-01 00:00:00.280118125,0.280118125,0.0,0.0,0.0,0.0,0.0,132.56718,0.0,0.0,-1.5707964,0.0
1970-01-01 00:00:00.280206602,0.280206602,0.0,0.0,0.0,357.9906,0.0,0.0,0.0,0.0,-1.5707964,0.0
1970-01-01 00:00:00.280372924,0.280372924,0.0,0.0,0.0,286.3274,0.0,0.0,0.0,0.0,-1.5707964,0.0
1970-01-01 00:00:00.280389160,0.28038916,0.0,0.0,0.0,1986.8333,0.0,0.0,0.0,0.0,-1.5707964,0.0
1970-01-01 00:00:00.280407827,0.280407827,0.0,0.0,0.0,242.3671,0.0,0.0,0.0,0.0,-1.5707964,0.0
1970-01-01 00:00:00.280462772,0.280462772,0.0,0.0,0.0,147.26033,0.0,0.0,0.0,0.0,-1.5707964,0.0
1970-01-01 00:00:00.280479369,0.280479369,0.0,0.0,704.4185,0.0,0.0,0.0,0.0,0.0,-1.5707964,0.0
1970-01-01 00:00:00.280567920,0.28056792,0.0,0.0,0.0,167.51822,0.0,0.0,0.0,0.0,-1.5707964,0.0
1970-01-01 00:00:00.280600340,0.28060034,0.0,0.0,0.0,437.68948,0.0,0.0,0.0,0.0,-1.5707964,0.0
1970-01-01 00:00:00.280761504,0.280761504,117.5322,0.0,0.0,0.0,0.0,0.0,0.0,0.0,-1.5707964,0.0
1970-01-01 00:00:00.280789546,0.280789546,0.0,0.0,1132.7599,0.0,0.0,0.0,0.0,0.0,-1.5707964,0.0
1970-01-01 00:00:00.280797168,0.280797168,0.0,0.0,0.0,193.68365,0.0,0.0,0.0,0.0,-1.5707964,0.0
1970-01-01 00:00:00.281045823,0.281045823,414.49973,0.0,0.0,0.0,0.0,0.0,0.0,0.0,-1.5707964,0.0
1970-01-01 00:00:00.281134001,0.281134001,0.0,0.0,0.0,0.0,227.72925,0.0,0.0,0.0,-1.5707964,0.0
1970-01-01 00:00:00.281200460,0.28120046,0.0,0.0,432.64838,0.0,0.0,0.0,0.0,0.0,-1.5707964,0.0
1970-01-01 00:00:00.281232801,0.281232801,0.0,0.0,85.59976,0.0,0.0,0.0,0.0,0.0,-1.5707964,0.0
1970-01-01 00:00:00.281263183,0.281263183,312.5644,0.0,0.0,0.0,0.0,0.0,0.0,0.0,-1.5707964,0.0
1970-01-01 00:00:00.281339918,0.281339918,0.0,103.53774,0.0,0.0,0.0,0.0,0.0,0.0,-1.5707964,0.0
1970-01-01 00:00:00.281340485,0.281340485,0.0,0.0,510.81058,0.0,0.0,0.0,0.0,0.0,-1.5707964,0.0
1970-01-01 00:00:00.281373889,0.281373889,0.0,0.0,0.0,208.28981,0.0,0.0,0.0,0.0,-1.5707964,0.0
1970-01-01 00:00:00.281396136,0.281396136,0.0,0.0,0.0,297.8363,0.0,0.0,0.0,0.0,-1.5707964,0.0
1970-01-01 00:00:00.281405381,0.281405381,0.0,0.0,0.0,484.4538,0.0,0.0,0.0,0.0,-1.5707964,0.0
1970-01-01 00:00:00.281550440,0.28155044,0.0,0.0,0.0,117.62414,0.0,0.0,0.0,0.0,-1.5707964,0.0
1970-01-01 00:00:00.281580423,0.281580423,0.0,0.0,0.0,264.55695,0.0,0.0,0.0,0.0,-1.5707964,0.0
1970-01-01 00:00:00.281598301,0.281598301,364.55438,0.0,0.0,0.0,0.0,0.0,0.0,0.0,-1.5707964,0.0
1970-01-01 00:00:00.281618251,0.281618251,0.0,0.0,0.0,289.09924,0.0,0.0,0.0,0.0,-1.5707964,0.0
1970-01-01 00:00:00.281660514,0.281660514,0.0,0.0,207.69394,0.0,0.0,0.0,0.0,0.0,-1.5707964,0.0
1970-01-01 00:00:00.281740227,0.281740227,0.0,0.0,636.8541,0.0,0.0,0.0,0.0,0.0,-1.5707964,0.0
1970-01-01 00:00:00.281821312,0.281821312,0.0,0.0,0.0,1625.3993,0.0,0.0,0.0,0.0,-1.5707964,0.0
1970-01-01 00:00:00.282161224,0.282161224,0.0,0.0,188.66493,0.0,0.0,0.0,0.0,0.0,-1.5707964,0.0
1970-01-01 00:00:00.282237459,0.282237459,0.0,0.0,0.0,228.29437,0.0,0.0,0.0,0.0,-1.5707964,0.0
1970-01-01 00:00:00.282250874,0.282250874,0.0,0.0,0.0,0.0,201.43065,0.0,0.0,0.0,-1.5707964,0.0
1970-01-01 00:00:00.282255707,0.282255707,0.0,0.0,0.0,176.22021,0.0,0.0,0.0,0.0,-1.5707964,0.0
1970-01-01 00:00:00.282309470,0.28230947,0.0,0.0,0.0,0.0,0.0,168.94807,0.0,0.0,-1.5707964,0.0
1970-01-01 00:00:00.282461432,0.282461432,0.0,266.91006,0.0,0.0,0.0,0.0,0.0,0.0,-1.5707964,0.0
1970-01-01 00:00:00.282583488,0.282583488,0.0,123.55574,0.0,0.0,0.0,0.0,0.0,0.0,-1.5707964,0.0
1970-01-01 00:00:00.282627376,0.282627376,0.0,0.0,0.0,0.0,130.93164,0.0,0.0,0.0,-1.5707964,0.0
1970-01-01 00:00:00.282696279,0.282696279,0.0,0.0,0.0,138.66086,0.0,0.0,0.0,0.0,-1.5707964,0.0
1970-01-01 00:00:00.282706388,0.282706388,0.0,0.0,0.0,266.3762,0.0,0.0,0.0,0.0,-1.5707964,0.0
1970-01-01 00:00:00.282738715,0.282738715,0.0,0.0,0.0,0.0,179.23933,0.0,0.0,0.0,-1.5707964,0.0
1970-01-01 00:00:00.282778188,0.282778188,0.0,0.0,0.0,0.0,0.0,160.68845,0.0,0.0,-1.5707964,0.0
1970-01-01 00:00:00.282832620,0.28283262,0.0,0.0,0.0,463.38138,0.0,0.0,0.0,0.0,-1.5707964,0.0
1970-01-01 00:00:00.282878570,0.28287857,0.0,0.0,0.0,0.0,0.0,319.87567,0.0,0.0,-1.5707964,0.0
1970-01-01 00:00:00.282898137,0.282898137,0.0,536.9851,0.0,0.0,0.0,0.0,0.0,0.0,-1.5707964,0.0
1970-01-01 00:00:00.283027364,0.283027364,0.0,0.0,0.0,0.0,0.0,553.4307,0.0,0.0,-1.5707964,0.0
1970-01-01 00:00:00.283050864,0.283050864,0.0,0.0,0.0,0.0,3697.3274,0.0,0.0,0.0,-1.5707964,0.0
1970-01-01 00:00:00.283128364,0.283128364,0.0,0.0,0.0,0.0,238.4407,0.0,0.0,0.0,-1.5707964,0.0
1970-01-01 00:00:00.283167431,0.283167431,0.0,0.0,0.0,312.7556,0.0,0.0,0.0,0.0,-1.5707964,0.0
1970-01-01 00:00:00.283192712,0.283192712,0.0,368.97528,0.0,0.0,0.0,0.0,0.0,0.0,-1.5707964,0.0
1970-01-01 00:00:00.283229298,0.283229298,0.0,0.0,0.0,89.314835,0.0,0.0,0.0,0.0,-1.5707964,0.0
1970-01-01 00:00:00.283297427,0.283297427,0.0,0.0,0.0,0.0,0.0,959.8052,0.0,0.0,-1.5707964,0.0
1970-01-01 00:00:00.283359682,0.283359682,0.0,0.0,0.0,0.0,0.0,236.54906,0.0,0.0,-1.5707964,0.0
1970-01-01 00:00:00.283371581,0.283371581,0.0,0.0,0.0,183.17145,0.0,0.0,0.0,0.0,-1.5707964,0.0
1970-01-01 00:00:00.283475678,0.283475678,0.0,0.0,0.0,117.236824,0.0,0.0,0.0,0.0,-1.5707964,0.0
1970-01-01 00:00:00.283547036,0.283547036,0.0,0.0,0.0,141.49863,0.0,0.0,0.0,0.0,-1.5707964,0.0
1970-01-01 00:00:00.283641746,0.283641746,0.0,0.0,0.0,0.0,126.708275,0.0,0.0,0.0,-1.5707964,0.0
1970-01-01 00:00:00.283724302,0.283724302,0.0,0.0,0.0,410.2727,0.0,0.0,0.0,0.0,-1.5707964,0.0
1970-01-01 00:00:00.283818313,0.283818313,0.0,0.0,514.2559,0.0,0.0,0.0,0.0,0.0,-1.5707964,0.0
1970-01-01 00:00:00.283849802,0.283849802,0.0,0.0,0.0,96.25357,0.0,0.0,0.0,0.0,-1.5707964,0.0
1970-01-01 00:00:00.283920044,0.283920044,0.0,0.0,0.0,0.0,948.37915,0.0,0.0,0.0,-1.5707964,0.0
1970-01-01 00:00:00.283996915,0.283996915,0.0,0.0,267.29102,0.0,0.0,0.0,0.0,0.0,-1.5707964,0.0
1970-01-01 00:00:00.284022215,0.284022215,0.0,0.0,218.43713,0.0,0.0,0.0,0.0,0.0,-1.5707964,0.0
1970-01-01 00:00:00.284086456,0.284086456,0.0,137.7279,0.0,0.0,0.0,0.0,0.0,0.0,-1.5707964,0.0
1970-01-01 00:00:00.284157340,0.28415734,0.0,0.0,0.0,399.74747,0.0,0.0,0.0,0.0,-1.5707964,0.0
1970-01-01 00:00:00.284196154,0.284196154,0.0,0.0,0.0,201.80396,0.0,0.0,0.0,0.0,-1.5707964,0.0
1970-01-01 00:00:00.284273839,0.284273839,0.0,0.0,0.0,339.44705,0.0,0.0,0.0,0.0,-1.5707964,0.0
1970-01-01 00:00:00.284373441,0.284373441,0.0,80.76164,0.0,0.0,0.0,0.0,0.0,0.0,-1.5707964,0.0
1970-01-01 00:00:00.284404004,0.284404004,0.0,0.0,0.0,0.0,0.0,95.846306,0.0,0.0,-1.5707964,0.0
1970-01-01 00:00:00.284409095,0.284409095,0.0,0.0,0.0,490.81097,0.0,0.0,0.0,0.0,-1.5707964,0.0
1970-01-01 00:00:00.284421058,0.284421058,0.0,0.0,0.0,0.0,0.0,217.8801,0.0,0.0,-1.5707964,0.0
1970-01-01 00:00:00.284456587,0.284456587,0.0,0.0,127.658615,0.0,0.0,0.0,0.0,0.0,-1.5707964,0.0
1970-01-01 00:00:00.284502540,0.28450254,0.0,0.0,0.0,1092.1593,0.0,0.0,0.0,0.0,-1.5707964,0.0
1970-01-01 00:00:00.284504209,0.284504209,0.0,0.0,0.0,180.35913,0.0,0.0,0.0,0.0,-1.5707964,0.0
1970-01-01 00:00:00.284522596,0.284522596,0.0,0.0,402.92697,0.0,0.0,0.0,0.0,0.0,-1.5707964,0.0
1970-01-01 00:00:00.284528680,0.28452868,0.0,309.52652,0.0,0.0,0.0,0.0,0.0,0.0,-1.5707964,0.0
1970-01-01 00:00:00.284548149,0.284548149,0.0,0.0,293.62042,0.0,0.0,0.0,0.0,0.0,-1.5707964,0.0
1970-01-01 00:00:00.284689484,0.284689484,0.0,0.0,0.0,413.64117,0.0,0.0,0.0,0.0,-1.5707964,0.0
1970-01-01 00:00:00.284791127,0.284791127,0.0,0.0,0.0,0.0,0.0,162.33563,0.0,0.0,-1.5707964,0.0
1970-01-01 00:00:00.285062972,0.285062972,0.0,0.0,1729.3315,0.0,0.0,0.0,0.0,0.0,-1.5707964,0.0
1970-01-01 00:00:00.285205466,0.285205466,0.0,0.0,0.0,126.09668,0.0,0.0,0.0,0.0,-1.5707964,0.0
1970-01-01 00:00:00.285219692,0.285219692,0.0,0.0,0.0,148.61984,0.0,0.0,0.0,0.0,-1.5707964,0.0
1970-01-01 00:00:00.285275068,0.285275068,0.0,0.0,0.0,147.67958,0.0,0.0,0.0,0.0,-1.5707964,0.0
1970-01-01 00:00:00.285367054,0.285367054,0.0,0.0,0.0,279.3692,0.0,0.0,0.0,0.0,-1.5707964,0.0
1970-01-01 00:00:00.285454213,0.285454213,0.0,0.0,196.68915,0.0,0.0,0.0,0.0,0.0,-1.5707964,0.0
1970-01-01 00:00:00.285477898,0.285477898,0.0,0.0,0.0,0.0,0.0,93.28151,0.0,0.0,-1.5707964,0.0
1970-01-01 00:00:00.285548179,0.285548179,0.0,0.0,0.0,108.73049,0.0,0.0,0.0,0.0,-1.5707964,0.0
1970-01-01 00:00:00.285567932,0.285567932,0.0,0.0,381.0136,0.0,0.0,0.0,0.0,0.0,-1.5707964,0.0
1970-01-01 00:00:00.285567932,0.285567932,0.0,0.0,0.0,0.0,137.60144,0.0,0.0,0.0,-1.5707964,0.0
1970-01-01 00:00:00.285652799,0.285652799,0.0,0.0,0.0,1267.661,0.0,0.0,0.0,0.0,-1.5707964,0.0
1970-01-01 00:00:00.285689432,0.285689432,0.0,0.0,0.0,776.9466,0.0,0.0,0.0,0.0,-1.5707964,0.0
1970-01-01 00:00:00.285690532,0.285690532,0.0,0.0,0.0,351.35654,0.0,0.0,0.0,0.0,-1.5707964,0.0
1970-01-01 00:00:00.285739724,0.285739724,0.0,0.0,0.0,228.93796,0.0,0.0,0.0,0.0,-1.5707964,0.0
1970-01-01 00:00:00.285838685,0.285838685,0.0,0.0,0.0,0.0,0.0,481.77768,0.0,0.0,-1.5707964,0.0
1970-01-01 00:00:00.285867460,0.28586746,83.50658,0.0,0.0,0.0,0.0,0.0,0.0,0.0,-1.5707964,0.0
1970-01-01 00:00:00.285893879,0.285893879,0.0,0.0,0.0,0.0,0.0,126.778046,0.0,0.0,-1.5707964,0.0
1970-01-01 00:00:00.285946946,0.285946946,0.0,0.0,0.0,0.0,672.4305,0.0,0.0,0.0,-1.5707964,0.0
1970-01-01 00:00:00.286043769,0.286043769,0.0,393.0175,0.0,0.0,0.0,0.0,0.0,0.0,-1.5707964,0.0
1970-01-01 00:00:00.286093894,0.286093894,0.0,0.0,0.0,0.0,346.4661,0.0,0.0,0.0,-1.5707964,0.0
1970-01-01 00:00:00.286094637,0.286094637,0.0,0.0,0.0,117.416504,0.0,0.0,0.0,0.0,-1.5707964,0.0
1970-01-01 00:00:00.286108247,0.286108247,0.0,0.0,0.0,322.50226,0.0,0.0,0.0,0.0,-1.5707964,0.0
1970-01-01 00:00:00.286159605,0.286159605,0.0,0.0,0.0,108.96312,0.0,0.0,0.0,0.0,-1.5707964,0.0
1970-01-01 00:00:00.286244910,0.28624491,0.0,0.0,0.0,435.71463,0.0,0.0,0.0,0.0,-1.5707964,0.0
1970-01-01 00:00:00.286257881,0.286257881,0.0,0.0,0.0,95.563995,0.0,0.0,0.0,0.0,-1.5707964,0.0
1970-01-01 00:00:00.286266995,0.286266995,0.0,0.0,0.0,159.80054,0.0,0.0,0.0,0.0,-1.5707964,0.0
1970-01-01 00:00:00.286327322,0.286327322,0.0,0.0,139.52608,0.0,0.0,0.0,0.0,0.0,-1.5707964,0.0
1970-01-01 00:00:00.286329882,0.286329882,0.0,0.0,1091.7023,0.0,0.0,0.0,0.0,0.0,-1.5707964,0.0
1970-01-01 00:00:00.286330476,0.286330476,0.0,0.0,0.0,0.0,0.0,145.36517,0.0,0.0,-1.5707964,0.0
1970-01-01 00:00:00.286348378,0.286348378,0.0,0.0,0.0,1535.1112,0.0,0.0,0.0,0.0,-1.5707964,0.0
1970-01-01 00:00:00.286380220,0.28638022,0.0,0.0,0.0,0.0,0.0,864.176,0.0,0.0,-1.5707964,0.0
1970-01-01 00:00:00.286438173,0.286438173,0.0,0.0,0.0,0.0,0.0,151.44534,0.0,0.0,-1.5707964,0.0
1970-01-01 00:00:00.286468707,0.286468707,0.0,0.0,0.0,0.0,0.0,80.48157,0.0,0.0,-1.5707964,0.0
1970-01-01 00:00:00.286519630,0.28651963,0.0,0.0,0.0,109.32627,0.0,0.0,0.0,0.0,-1.5707964,0.0
1970-01-01 00:00:00.286553488,0.286553488,0.0,203.88663,0.0,0.0,0.0,0.0,0.0,0.0,-1.5707964,0.0
1970-01-01 00:00:00.286619982,0.286619982,0.0,379.09332,0.0,0.0,0.0,0.0,0.0,0.0,-1.5707964,0.0
1970-01-01 00:00:00.286633550,0.28663355,0.0,0.0,0.0,0.0,0.0,271.08786,0.0,0.0,-1.5707964,0.0
1970-01-01 00:00:00.286661025,0.286661025,0.0,0.0,697.85126,0.0,0.0,0.0,0.0,0.0,-1.5707964,0.0
1970-01-01 00:00:00.286672886,0.286672886,0.0,0.0,0.0,0.0,0.0,169.1924,0.0,0.0,-1.5707964,0.0
1970-01-01 00:00:00.286688394,0.286688394,0.0,0.0,0.0,241.09186,0.0,0.0,0.0,0.0,-1.5707964,0.0
1970-01-01 00:00:00.286731761,0.286731761,0.0,0.0,0.0,0.0,180.6075,0.0,0.0,0.0,-1.5707964,0.0
1970-01-01 00:00:00.286783153,0.286783153,0.0,0.0,0.0,143.46913,0.0,0.0,0.0,0.0,-1.5707964,0.0
1970-01-01 00:00:00.286788287,0.286788287,0.0,0.0,0.0,164.37056,0.0,0.0,0.0,0.0,-1.5707964,0.0
1970-01-01 00:00:00.286817579,0.286817579,0.0,0.0,0.0,0.0,0.0,174.73183,0.0,0.0,-1.5707964,0.0
1970-01-01 00:00:00.286821699,0.286821699,0.0,0.0,0.0,0.0,320.00598,0.0,0.0,0.0,-1.5707964,0.0
1970-01-01 00:00:00.286835302,0.286835302,0.0,0.0,829.8829,0.0,0.0,0.0,0.0,0.0,-1.5707964,0.0
1970-01-01 00:00:00.286845059,0.286845059,0.0,136.648,0.0,0.0,0.0,0.0,0.0,0.0,-1.5707964,0.0
1970-01-01 00:00:00.286919977,0.286919977,0.0,0.0,0.0,0.0,0.0,2025.6171,0.0,0.0,-1.5707964,0.0
1970-01-01 00:00:00.286947253,0.286947253,0.0,0.0,236.73749,0.0,0.0,0.0,0.0,0.0,-1.5707964,0.0
1970-01-01 00:00:00.286950539,0.286950539,0.0,0.0,0.0,0.0,89.82544,0.0,0.0,0.0,-1.5707964,0.0
1970-01-01 00:00:00.286982773,0.286982773,0.0,0.0,0.0,0.0,786.6799,0.0,0.0,0.0,-1.5707964,0.0
1970-01-01 00:00:00.287104142,0.287104142,0.0,0.0,203.19318,0.0,0.0,0.0,0.0,0.0,-1.5707964,0.0
1970-01-01 00:00:00.287158026,0.287158026,0.0,0.0,0.0,0.0,92.87705,0.0,0.0,0.0,-1.5707964,0.0
1970-01-01 00:00:00.287194880,0.28719488,287.82706,0.0,0.0,0.0,0.0,0.0,0.0,0.0,-1.5707964,0.0
1970-01-01 00:00:00.287210938,0.287210938,0.0,0.0,0.0,149.69112,0.0,0.0,0.0,0.0,-1.5707964,0.0
1970-01-01 00:00:00.287250254,0.287250254,0.0,0.0,0.0,432.26578,0.0,0.0,0.0,0.0,-1.5707964,0.0
1970-01-01 00:00:00.287352905,0.287352905,0.0,556.1939,0.0,0.0,0.0,0.0,0.0,0.0,-1.5707964,0.0
1970-01-01 00:00:00.287355006,0.287355006,0.0,0.0,0.0,252.97543,0.0,0.0,0.0,0.0,-1.5707964,0.0
1970-01-01 00:00:00.287393894,0.287393894,0.0,0.0,0.0,0.0,0.0,1295.0394,0.0,0.0,-1.5707964,0.0
1970-01-01 00:00:00.287439470,0.28743947,0.0,0.0,0.0,0.0,0.0,459.70416,0.0,0.0,-1.5707964,0.0
1970-01-01 00:00:00.287494188,0.287494188,0.0,0.0,0.0,0.0,2497.5066,0.0,0.0,0.0,-1.5707964,0.0
1970-01-01 00:00:00.287506608,0.287506608,0.0,0.0,0.0,0.0,0.0,254.96906,0.0,0.0,-1.5707964,0.0
1970-01-01 00:00:00.287568901,0.287568901,0.0,0.0,0.0,719.1528,0.0,0.0,0.0,0.0,-1.5707964,0.0
1970-01-01 00:00:00.287640298,0.287640298,0.0,0.0,657.132,0.0,0.0,0.0,0.0,0.0,-1.5707964,0.0
1970-01-01 00:00:00.287675649,0.287675649,0.0,0.0,0.0,634.09015,0.0,0.0,0.0,0.0,-1.5707964,0.0
1970-01-01 00:00:00.287687803,0.287687803,0.0,0.0,0.0,149.85583,0.0,0.0,0.0,0.0,-1.5707964,0.0
1970-01-01 00:00:00.287711511,0.287711511,0.0,0.0,0.0,300.70233,0.0,0.0,0.0,0.0,-1.5707964,0.0
1970-01-01 00:00:00.287719469,0.287719469,700.78687,0.0,0.0,0.0,0.0,0.0,0.0,0.0,-1.5707964,0.0
1970-01-01 00:00:00.287767394,0.287767394,0.0,0.0,83.21412,0.0,0.0,0.0,0.0,0.0,-1.5707964,0.0
1970-01-01 00:00:00.287817692,0.287817692,0.0,0.0,0.0,572.5183,0.0,0.0,0.0,0.0,-1.5707964,0.0
1970-01-01 00:00:00.287853534,0.287853534,0.0,0.0,0.0,263.17532,0.0,0.0,0.0,0.0,-1.5707964,0.0
1970-01-01 00:00:00.287883199,0.287883199,0.0,0.0,0.0,0.0,0.0,351.55194,0.0,0.0,-1.5707964,0.0
1970-01-01 00:00:00.287908662,0.287908662,0.0,0.0,0.0,1073.416,0.0,0.0,0.0,0.0,-1.5707964,0.0
1970-01-01 00:00:00.287976311,0.287976311,0.0,0.0,0.0,415.2283,0.0,0.0,0.0,0.0,-1.5707964,0.0
1970-01-01 00:00:00.288073395,0.288073395,0.0,0.0,0.0,248.85089,0.0,0.0,0.0,0.0,-1.5707964,0.0
1970-01-01 00:00:00.288136218,0.288136218,0.0,0.0,0.0,482.62173,0.0,0.0,0.0,0.0,-1.5707964,0.0
1970-01-01 00:00:00.288150151,0.288150151,0.0,0.0,0.0,0.0,0.0,496.67035,0.0,0.0,-1.5707964,0.0
1970-01-01 00:00:00.288161561,0.288161561,0.0,0.0,0.0,159.08142,0.0,0.0,0.0,0.0,-1.5707964,0.0
1970-01-01 00:00:00.288176621,0.288176621,0.0,0.0,0.0,205.08247,0.0,0.0,0.0,0.0,-1.5707964,0.0
1970-01-01 00:00:00.288282910,0.28828291,0.0,0.0,0.0,146.90167,0.0,0.0,0.0,0.0,-1.5707964,0.0
1970-01-01 00:00:00.288292089,0.288292089,0.0,0.0,0.0,121.8921,0.0,0.0,0.0,0.0,-1.5707964,0.0
1970-01-01 00:00:00.288295078,0.288295078,0.0,373.41806,0.0,0.0,0.0,0.0,0.0,0.0,-1.5707964,0.0
1970-01-01 00:00:00.288338085,0.288338085,0.0,0.0,0.0,314.68372,0.0,0.0,0.0,0.0,-1.5707964,0.0
1970-01-01 00:00:00.288341111,0.288341111,0.0,0.0,0.0,89.90667,0.0,0.0,0.0,0.0,-1.5707964,0.0
1970-01-01 00:00:00.288352951,0.288352951,310.4464,0.0,0.0,0.0,0.0,0.0,0.0,0.0,-1.5707964,0.0
1970-01-01 00:00:00.288394029,0.288394029,0.0,0.0,0.0,0.0,0.0,353.6812,0.0,0.0,-1.5707964,0.0
1970-01-01 00:00:00.288425514,0.288425514,0.0,0.0,0.0,221.35063,0.0,0.0,0.0,0.0,-1.5707964,0.0
1970-01-01 00:00:00.288429961,0.288429961,0.0,586.03394,0.0,0.0,0.0,0.0,0.0,0.0,-1.5707964,0.0
1970-01-01 00:00:00.288429961,0.288429961,0.0,0.0,0.0,294.64703,0.0,0.0,0.0,0.0,-1.5707964,0.0
1970-01-01 00:00:00.288531838,0.288531838,0.0,0.0,413.67648,0.0,0.0,0.0,0.0,0.0,-1.5707964,0.0
1970-01-01 00:00:00.288574302,0.288574302,0.0,0.0,141.19586,0.0,0.0,0.0,0.0,0.0,-1.5707964,0.0
1970-01-01 00:00:00.288633945,0.288633945,0.0,0.0,0.0,0.0,0.0,128.08928,0.0,0.0,-1.5707964,0.0
1970-01-01 00:00:00.288665275,0.288665275,0.0,0.0,0.0,116.80504,0.0,0.0,0.0,0.0,-1.5707964,0.0
1970-01-01 00:00:00.288715386,0.288715386,0.0,0.0,0.0,84.21559,0.0,0.0,0.0,0.0,-1.5707964,0.0
1970-01-01 00:00:00.288806884,0.288806884,0.0,0.0,0.0,0.0,314.43832,0.0,0.0,0.0,-1.5707964,0.0
1970-01-01 00:00:00.288820640,0.28882064,0.0,0.0,0.0,0.0,0.0,1320.9384,0.0,0.0,-1.5707964,0.0
1970-01-01 00:00:00.288855219,0.288855219,0.0,0.0,0.0,0.0,113.625694,0.0,0.0,0.0,-1.5707964,0.0
1970-01-01 00:00:00.288858941,0.288858941,204.3467,0.0,0.0,0.0,0.0,0.0,0.0,0.0,-1.5707964,0.0
1970-01-01 00:00:00.288924613,0.288924613,332.89752,0.0,0.0,0.0,0.0,0.0,0.0,0.0,-1.5707964,0.0
1970-01-01 00:00:00.288961153,0.288961153,0.0,488.34576,0.0,0.0,0.0,0.0,0.0,0.0,-1.5707964,0.0
1970-01-01 00:00:00.289057918,0.289057918,0.0,0.0,0.0,89.74629,0.0,0.0,0.0,0.0,-1.5707964,0.0
1970-01-01 00:00:00.289084978,0.289084978,0.0,0.0,0.0,335.4639,0.0,0.0,0.0,0.0,-1.5707964,0.0
1970-01-01 00:00:00.289164705,0.289164705,0.0,0.0,0.0,0.0,0.0,80.02698,0.0,0.0,-1.5707964,0.0
1970-01-01 00:00:00.289224802,0.289224802,0.0,0.0,0.0,260.6355,0.0,0.0,0.0,0.0,-1.5707964,0.0
1970-01-01 00:00:00.289242893,0.289242893,0.0,0.0,0.0,0.0,413.40952,0.0,0.0,0.0,-1.5707964,0.0
1970-01-01 00:00:00.289289107,0.289289107,0.0,0.0,0.0,0.0,0.0,163.22565,0.0,0.0,-1.5707964,0.0
1970-01-01 00:00:00.289311588,0.289311588,0.0,0.0,1135.2234,0.0,0.0,0.0,0.0,0.0,-1.5707964,0.0
1970-01-01 00:00:00.289370744,0.289370744,0.0,0.0,0.0,0.0,90.80777,0.0,0.0,0.0,-1.5707964,0.0
1970-01-01 00:00:00.289582808,0.289582808,0.0,0.0,0.0,506.73065,0.0,0.0,0.0,0.0,-1.5707964,0.0
1970-01-01 00:00:00.289627354,0.289627354,0.0,0.0,363.4174,0.0,0.0,0.0,0.0,0.0,-1.5707964,0.0
1970-01-01 00:00:00.289683776,0.289683776,0.0,0.0,0.0,0.0,0.0,235.13329,0.0,0.0,-1.5707964,0.0
1970-01-01 00:00:00.289697105,0.289697105,0.0,0.0,1549.6709,0.0,0.0,0.0,0.0,0.0,-1.5707964,0.0
1970-01-01 00:00:00.289699087,0.289699087,0.0,0.0,0.0,518.39105,0.0,0.0,0.0,0.0,-1.5707964,0.0
1970-01-01 00:00:00.289736714,0.289736714,0.0,0.0,122.63221,0.0,0.0,0.0,0.0,0.0,-1.5707964,0.0
1970-01-01 00:00:00.289786680,0.28978668,0.0,627.3734,0.0,0.0,0.0,0.0,0.0,0.0,-1.5707964,0.0
1970-01-01 00:00:00.289824507,0.289824507,0.0,0.0,0.0,98.39665,0.0,0.0,0.0,0.0,-1.5707964,0.0
1970-01-01 00:00:00.289837387,0.289837387,0.0,312.1415,0.0,0.0,0.0,0.0,0.0,0.0,-1.5707964,0.0
1970-01-01 00:00:00.289975453,0.289975453,0.0,0.0,0.0,82.23208,0.0,0.0,0.0,0.0,-1.5707964,0.0
1970-01-01 00:00:00.289975453,0.289975453,0.0,0.0,0.0,772.9664,0.0,0.0,0.0,0.0,-1.5707964,0.0
1970-01-01 00:00:00.289980182,0.289980182,0.0,0.0,0.0,0.0,485.27103,0.0,0.0,0.0,-1.5707964,0.0
1970-01-01 00:00:00.290045511,0.290045511,0.0,0.0,0.0,0.0,0.0,140.9728,0.0,0.0,-1.5707964,0.0
1970-01-01 00:00:00.290098088,0.290098088,0.0,0.0,0.0,0.0,461.27756,0.0,0.0,0.0,-1.5707964,0.0
1970-01-01 00:00:00.290128828,0.290128828,0.0,0.0,353.76898,0.0,0.0,0.0,0.0,0.0,-1.5707964,0.0
1970-01-01 00:00:00.290137919,0.290137919,0.0,186.20425,0.0,0.0,0.0,0.0,0.0,0.0,-1.5707964,0.0
1970-01-01 00:00:00.290153494,0.290153494,0.0,0.0,0.0,0.0,680.074,0.0,0.0,0.0,-1.5707964,0.0
1970-01-01 00:00:00.290153494,0.290153494,0.0,0.0,0.0,95.69666,0.0,0.0,0.0,0.0,-1.5707964,0.0
1970-01-01 00:00:00.290223488,0.290223488,0.0,512.2276,0.0,0.0,0.0,0.0,0.0,0.0,-1.5707964,0.0
1970-01-01 00:00:00.290252777,0.290252777,0.0,0.0,0.0,0.0,0.0,117.00214,0.0,0.0,-1.5707964,0.0
1970-01-01 00:00:00.290274925,0.290274925,0.0,0.0,0.0,622.6656,0.0,0.0,0.0,0.0,-1.5707964,0.0
1970-01-01 00:00:00.290280781,0.290280781,0.0,0.0,0.0,278.95795,0.0,0.0,0.0,0.0,-1.5707964,0.0
1970-01-01 00:00:00.290294794,0.290294794,0.0,0.0,0.0,0.0,80.4569,0.0,0.0,0.0,-1.5707964,0.0
1970-01-01 00:00:00.290294794,0.290294794,0.0,0.0,0.0,0.0,1299.9694,0.0,0.0,0.0,-1.5707964,0.0
1970-01-01 00:00:00.290335858,0.290335858,0.0,364.45782,0.0,0.0,0.0,0.0,0.0,0.0,-1.5707964,0.0
1970-01-01 00:00:00.290356842,0.290356842,0.0,0.0,0.0,411.13693,0.0,0.0,0.0,0.0,-1.5707964,0.0
1970-01-01 00:00:00.290360383,0.290360383,0.0,0.0,0.0,0.0,0.0,339.5997,0.0,0.0,-1.5707964,0.0
1970-01-01 00:00:00.290486852,0.290486852,0.0,0.0,0.0,1211.8485,0.0,0.0,0.0,0.0,-1.5707964,0.0
1970-01-01 00:00:00.290593808,0.290593808,0.0,0.0,216.06187,0.0,0.0,0.0,0.0,0.0,-1.5707964,0.0
1970-01-01 00:00:00.290671784,0.290671784,0.0,0.0,0.0,0.0,118.77141,0.0,0.0,0.0,-1.5707964,0.0
1970-01-01 00:00:00.290743805,0.290743805,0.0,0.0,0.0,0.0,141.60646,0.0,0.0,0.0,-1.5707964,0.0
1970-01-01 00:00:00.290860762,0.290860762,0.0,0.0,0.0,0.0,0.0,102.83585,0.0,0.0,-1.5707964,0.0
1970-01-01 00:00:00.290975864,0.290975864,0.0,0.0,0.0,133.34453,0.0,0.0,0.0,0.0,-1.5707964,0.0
1970-01-01 00:00:00.291165857,0.291165857,0.0,0.0,0.0,0.0,0.0,160.94951,0.0,0.0,-1.5707964,0.0
1970-01-01 00:00:00.291167145,0.291167145,0.0,0.0,2328.2886,0.0,0.0,0.0,0.0,0.0,-1.5707964,0.0
1970-01-01 00:00:00.291167145,0.291167145,0.0,0.0,0.0,0.0,213.51445,0.0,0.0,0.0,-1.5707964,0.0
1970-01-01 00:00:00.291214332,0.291214332,0.0,0.0,0.0,285.84564,0.0,0.0,0.0,0.0,-1.5707964,0.0
1970-01-01 00:00:00.291256816,0.291256816,0.0,0.0,0.0,0.0,0.0,736.75793,0.0,0.0,-1.5707964,0.0
1970-01-01 00:00:00.291436767,0.291436767,0.0,0.0,0.0,183.5164,0.0,0.0,0.0,0.0,-1.5707964,0.0
1970-01-01 00:00:00.291491769,0.291491769,0.0,0.0,0.0,0.0,333.5478,0.0,0.0,0.0,-1.5707964,0.0
1970-01-01 00:00:00.291509901,0.291509901,0.0,0.0,0.0,798.06036,0.0,0.0,0.0,0.0,-1.5707964,0.0
1970-01-01 00:00:00.291526580,0.29152658,0.0,0.0,0.0,0.0,0.0,118.30412,0.0,0.0,-1.5707964,0.0
1970-01-01 00:00:00.291591871,0.291591871,0.0,0.0,0.0,99.26304,0.0,0.0,0.0,0.0,-1.5707964,0.0
1970-01-01 00:00:00.291800169,0.291800169,0.0,205.57133,0.0,0.0,0.0,0.0,0.0,0.0,-1.5707964,0.0
1970-01-01 00:00:00.291865924,0.291865924,0.0,0.0,0.0,147.57974,0.0,0.0,0.0,0.0,-1.5707964,0.0
1970-01-01 00:00:00.292015234,0.292015234,0.0,0.0,0.0,185.16837,0.0,0.0,0.0,0.0,-1.5707964,0.0
1970-01-01 00:00:00.292060839,0.292060839,0.0,0.0,0.0,418.70193,0.0,0.0,0.0,0.0,-1.5707964,0.0
1970-01-01 00:00:00.292078922,0.292078922,0.0,425.8626,0.0,0.0,0.0,0.0,0.0,0.0,-1.5707964,0.0
1970-01-01 00:00:00.292113361,0.292113361,0.0,0.0,272.58725,0.0,0.0,0.0,0.0,0.0,-1.5707964,0.0
1970-01-01 00:00:00.292147925,0.292147925,0.0,0.0,0.0,1195.2981,0.0,0.0,0.0,0.0,-1.5707964,0.0
1970-01-01 00:00:00.292160422,0.292160422,0.0,0.0,0.0,568.315,0.0,0.0,0.0,0.0,-1.5707964,0.0
1970-01-01 00:00:00.292264459,0.292264459,0.0,0.0,263.6293,0.0,0.0,0.0,0.0,0.0,-1.5707964,0.0
1970-01-01 00:00:00.292306888,0.292306888,0.0,0.0,0.0,224.62549,0.0,0.0,0.0,0.0,-1.5707964,0.0
1970-01-01 00:00:00.292369543,0.292369543,0.0,0.0,0.0,391.13446,0.0,0.0,0.0,0.0,-1.5707964,0.0
1970-01-01 00:00:00.292398097,0.292398097,0.0,0.0,0.0,0.0,0.0,451.26932,0.0,0.0,-1.5707964,0.0
1970-01-01 00:00:00.292434709,0.292434709,0.0,0.0,242.65047,0.0,0.0,0.0,0.0,0.0,-1.5707964,0.0
1970-01-01 00:00:00.292447177,0.292447177,0.0,0.0,202.12074,0.0,0.0,0.0,0.0,0.0,-1.5707964,0.0
1970-01-01 00:00:00.292514537,0.292514537,0.0,0.0,0.0,0.0,0.0,533.213,0.0,0.0,-1.5707964,0.0
1970-01-01 00:00:00.292714513,0.292714513,0.0,0.0,0.0,866.2435,0.0,0.0,0.0,0.0,-1.5707964,0.0
1970-01-01 00:00:00.292716868,0.292716868,0.0,0.0,0.0,239.21538,0.0,0.0,0.0,0.0,-1.5707964,0.0
1970-01-01 00:00:00.292757932,0.292757932,0.0,0.0,0.0,444.08475,0.0,0.0,0.0,0.0,-1.5707964,0.0
1970-01-01 00:00:00.292840323,0.292840323,0.0,132.20203,0.0,0.0,0.0,0.0,0.0,0.0,-1.5707964,0.0
1970-01-01 00:00:00.292893896,0.292893896,0.0,0.0,0.0,185.76765,0.0,0.0,0.0,0.0,-1.5707964,0.0
1970-01-01 00:00:00.292901352,0.292901352,0.0,0.0,895.37775,0.0,0.0,0.0,0.0,0.0,-1.5707964,0.0
1970-01-01 00:00:00.292947556,0.292947556,0.0,0.0,0.0,409.69556,0.0,0.0,0.0,0.0,-1.5707964,0.0
1970-01-01 00:00:00.293012050,0.29301205,0.0,0.0,0.0,343.6228,0.0,0.0,0.0,0.0,-1.5707964,0.0
1970-01-01 00:00:00.293049729,0.293049729,0.0,0.0,0.0,274.4663,0.0,0.0,0.0,0.0,-1.5707964,0.0
1970-01-01 00:00:00.293134354,0.293134354,0.0,482.11655,0.0,0.0,0.0,0.0,0.0,0.0,-1.5707964,0.0
1970-01-01 00:00:00.293198147,0.293198147,340.08383,0.0,0.0,0.0,0.0,0.0,0.0,0.0,-1.5707964,0.0
1970-01-01 00:00:00.293258382,0.293258382,0.0,0.0,0.0,0.0,354.96387,0.0,0.0,0.0,-1.5707964,0.0
1970-01-01 00:00:00.293276161,0.293276161,0.0,0.0,0.0,246.49187,0.0,0.0,0.0,0.0,-1.5707964,0.0
1970-01-01 00:00:00.293316518,0.293316518,0.0,0.0,0.0,0.0,0.0,141.39105,0.0,0.0,-1.5707964,0.0
1970-01-01 00:00:00.293357906,0.293357906,0.0,0.0,0.0,326.98352,0.0,0.0,0.0,0.0,-1.5707964,0.0
1970-01-01 00:00:00.293363260,0.29336326,0.0,0.0,0.0,0.0,1021.832,0.0,0.0,0.0,-1.5707964,0.0
1970-01-01 00:00:00.293457957,0.293457957,189.52641,0.0,0.0,0.0,0.0,0.0,0.0,0.0,-1.5707964,0.0
1970-01-01 00:00:00.293595968,0.293595968,0.0,0.0,0.0,0.0,220.01753,0.0,0.0,0.0,-1.5707964,0.0
1970-01-01 00:00:00.293847808,0.293847808,0.0,0.0,0.0,0.0,105.23346,0.0,0.0,0.0,-1.5707964,0.0
1970-01-01 00:00:00.293858102,0.293858102,0.0,393.821,0.0,0.0,0.0,0.0,0.0,0.0,-1.5707964,0.0
1970-01-01 00:00:00.293873372,0.293873372,0.0,0.0,0.0,543.97327,0.0,0.0,0.0,0.0,-1.5707964,0.0
1970-01-01 00:00:00.293933737,0.293933737,0.0,0.0,0.0,461.0489,0.0,0.0,0.0,0.0,-1.5707964,0.0
1970-01-01 00:00:00.294123555,0.294123555,0.0,0.0,0.0,230.01404,0.0,0.0,0.0,0.0,-1.5707964,0.0
1970-01-01 00:00:00.294181110,0.29418111,0.0,0.0,0.0,171.70459,0.0,0.0,0.0,0.0,-1.5707964,0.0
1970-01-01 00:00:00.294269884,0.294269884,0.0,0.0,0.0,83.73205,0.0,0.0,0.0,0.0,-1.5707964,0.0
1970-01-01 00:00:00.294290879,0.294290879,0.0,0.0,0.0,0.0,275.59113,0.0,0.0,0.0,-1.5707964,0.0
1970-01-01 00:00:00.294355220,0.29435522,0.0,0.0,0.0,0.0,0.0,112.50794,0.0,0.0,-1.5707964,0.0
1970-01-01 00:00:00.294427557,0.294427557,0.0,0.0,141.5526,0.0,0.0,0.0,0.0,0.0,-1.5707964,0.0
1970-01-01 00:00:00.294437907,0.294437907,0.0,0.0,0.0,0.0,0.0,80.66118,0.0,0.0,-1.5707964,0.0
1970-01-01 00:00:00.294522415,0.294522415,0.0,0.0,598.0391,0.0,0.0,0.0,0.0,0.0,-1.5707964,0.0
1970-01-01 00:00:00.294525846,0.294525846,0.0,0.0,0.0,0.0,0.0,115.56929,0.0,0.0,-1.5707964,0.0
1970-01-01 00:00:00.294601702,0.294601702,0.0,0.0,769.5948,0.0,0.0,0.0,0.0,0.0,-1.5707964,0.0
1970-01-01 00:00:00.294673361,0.294673361,0.0,0.0,0.0,311.51605,0.0,0.0,0.0,0.0,-1.5707964,0.0
1970-01-01 00:00:00.294718205,0.294718205,0.0,0.0,0.0,0.0,0.0,98.96964,0.0,0.0,-1.5707964,0.0
1970-01-01 00:00:00.294727143,0.294727143,0.0,0.0,156.64119,0.0,0.0,0.0,0.0,0.0,-1.5707964,0.0
1970-01-01 00:00:00.294745572,0.294745572,0.0,1045.5912,0.0,0.0,0.0,0.0,0.0,0.0,-1.5707964,0.0
1970-01-01 00:00:00.294745572,0.294745572,0.0,0.0,0.0,0.0,1274.2596,0.0,0.0,0.0,-1.5707964,0.0
1970-01-01 00:00:00.294883521,0.294883521,0.0,0.0,0.0,262.0922,0.0,0.0,0.0,0.0,-1.5707964,0.0
1970-01-01 00:00:00.294986620,0.29498662,0.0,0.0,0.0,85.976395,0.0,0.0,0.0,0.0,-1.5707964,0.0
1970-01-01 00:00:00.295004077,0.295004077,0.0,0.0,0.0,93.580475,0.0,0.0,0.0,0.0,-1.5707964,0.0
1970-01-01 00:00:00.295014541,0.295014541,0.0,1086.5891,0.0,0.0,0.0,0.0,0.0,0.0,-1.5707964,0.0
1970-01-01 00:00:00.295091754,0.295091754,0.0,0.0,0.0,735.9591,0.0,0.0,0.0,0.0,-1.5707964,0.0
1970-01-01 00:00:00.295140458,0.295140458,0.0,0.0,0.0,171.85445,0.0,0.0,0.0,0.0,-1.5707964,0.0
1970-01-01 00:00:00.295312413,0.295312413,0.0,0.0,0.0,365.75415,0.0,0.0,0.0,0.0,-1.5707964,0.0
1970-01-01 00:00:00.295326561,0.295326561,0.0,0.0,0.0,127.929375,0.0,0.0,0.0,0.0,-1.5707964,0.0
1970-01-01 00:00:00.295366060,0.29536606,0.0,0.0,0.0,0.0,0.0,324.10825,0.0,0.0,-1.5707964,0.0
1970-01-01 00:00:00.295401460,0.29540146,0.0,0.0,0.0,0.0,0.0,80.81411,0.0,0.0,-1.5707964,0.0
1970-01-01 00:00:00.295507971,0.295507971,0.0,0.0,0.0,619.3811,0.0,0.0,0.0,0.0,-1.5707964,0.0
1970-01-01 00:00:00.295538108,0.295538108,0.0,488.37506,0.0,0.0,0.0,0.0,0.0,0.0,-1.5707964,0.0
1970-01-01 00:00:00.295608158,0.295608158,0.0,0.0,831.95264,0.0,0.0,0.0,0.0,0.0,-1.5707964,0.0
1970-01-01 00:00:00.295746132,0.295746132,0.0,0.0,0.0,385.1601,0.0,0.0,0.0,0.0,-1.5707964,0.0
1970-01-01 00:00:00.295787077,0.295787077,0.0,0.0,0.0,0.0,0.0,202.8988,0.0,0.0,-1.5707964,0.0
1970-01-01 00:00:00.295814596,0.295814596,0.0,795.567,0.0,0.0,0.0,0.0,0.0,0.0,-1.5707964,0.0
1970-01-01 00:00:00.296048922,0.296048922,0.0,88.51807,0.0,0.0,0.0,0.0,0.0,0.0,-1.5707964,0.0
1970-01-01 00:00:00.296119439,0.296119439,0.0,0.0,0.0,0.0,0.0,925.97534,0.0,0.0,-1.5707964,0.0
1970-01-01 00:00:00.296497552,0.296497552,0.0,0.0,0.0,321.92648,0.0,0.0,0.0,0.0,-1.5707964,0.0
1970-01-01 00:00:00.296620159,0.296620159,0.0,0.0,0.0,0.0,0.0,236.48384,0.0,0.0,-1.5707964,0.0
1970-01-01 00:00:00.296631937,0.296631937,0.0,0.0,0.0,324.7402,0.0,0.0,0.0,0.0,-1.5707964,0.0
1970-01-01 00:00:00.296669314,0.296669314,0.0,1238.6436,0.0,0.0,0.0,0.0,0.0,0.0,-1.5707964,0.0
1970-01-01 00:00:00.296726324,0.296726324,0.0,0.0,0.0,158.43314,0.0,0.0,0.0,0.0,-1.5707964,0.0
1970-01-01 00:00:00.296815949,0.296815949,0.0,0.0,181.2257,0.0,0.0,0.0,0.0,0.0,-1.5707964,0.0
1970-01-01 00:00:00.296848157,0.296848157,0.0,0.0,0.0,563.62805,0.0,0.0,0.0,0.0,-1.5707964,0.0
1970-01-01 00:00:00.296930132,0.296930132,0.0,0.0,0.0,382.87726,0.0,0.0,0.0,0.0,-1.5707964,0.0
1970-01-01 00:00:00.296950689,0.296950689,0.0,0.0,0.0,350.7202,0.0,0.0,0.0,0.0,-1.5707964,0.0
1970-01-01 00:00:00.297032115,0.297032115,0.0,367.1288,0.0,0.0,0.0,0.0,0.0,0.0,-1.5707964,0.0
1970-01-01 00:00:00.297057578,0.297057578,0.0,428.04184,0.0,0.0,0.0,0.0,0.0,0.0,-1.5707964,0.0
1970-01-01 00:00:00.297192869,0.297192869,0.0,0.0,0.0,348.63626,0.0,0.0,0.0,0.0,-1.5707964,0.0
1970-01-01 00:00:00.297314956,0.297314956,0.0,0.0,0.0,277.5384,0.0,0.0,0.0,0.0,-1.5707964,0.0
1970-01-01 00:00:00.297358314,0.297358314,0.0,0.0,0.0,154.08371,0.0,0.0,0.0,0.0,-1.5707964,0.0
1970-01-01 00:00:00.297446066,0.297446066,0.0,0.0,232.54347,0.0,0.0,0.0,0.0,0.0,-1.5707964,0.0
1970-01-01 00:00:00.297477521,0.297477521,278.506,0.0,0.0,0.0,0.0,0.0,0.0,0.0,-1.5707964,0.0
1970-01-01 00:00:00.297484502,0.297484502,0.0,0.0,0.0,0.0,0.0,284.93375,0.0,0.0,-1.5707964,0.0
1970-01-01 00:00:00.297587763,0.297587763,0.0,0.0,99.27388,0.0,0.0,0.0,0.0,0.0,-1.5707964,0.0
1970-01-01 00:00:00.297606393,0.297606393,0.0,0.0,0.0,0.0,0.0,245.37383,0.0,0.0,-1.5707964,0.0
1970-01-01 00:00:00.297639667,0.297639667,0.0,0.0,1625.8009,0.0,0.0,0.0,0.0,0.0,-1.5707964,0.0
1970-01-01 00:00:00.297745256,0.297745256,0.0,0.0,0.0,187.08722,0.0,0.0,0.0,0.0,-1.5707964,0.0
1970-01-01 00:00:00.297757321,0.297757321,0.0,0.0,259.2706,0.0,0.0,0.0,0.0,0.0,-1.5707964,0.0
1970-01-01 00:00:00.297806648,0.297806648,0.0,0.0,0.0,87.71045,0.0,0.0,0.0,0.0,-1.5707964,0.0
1970-01-01 00:00:00.297823818,0.297823818,0.0,0.0,0.0,92.72953,0.0,0.0,0.0,0.0,-1.5707964,0.0
1970-01-01 00:00:00.297841189,0.297841189,0.0,0.0,498.99213,0.0,0.0,0.0,0.0,0.0,-1.5707964,0.0
1970-01-01 00:00:00.297870173,0.297870173,0.0,0.0,0.0,0.0,0.0,271.698,0.0,0.0,-1.5707964,0.0
1970-01-01 00:00:00.297999239,0.297999239,0.0,0.0,0.0,553.83026,0.0,0.0,0.0,0.0,-1.5707964,0.0
1970-01-01 00:00:00.298067923,0.298067923,0.0,0.0,0.0,257.82843,0.0,0.0,0.0,0.0,-1.5707964,0.0
1970-01-01 00:00:00.298075870,0.29807587,0.0,0.0,0.0,82.979065,0.0,0.0,0.0,0.0,-1.5707964,0.0
1970-01-01 00:00:00.298336834,0.298336834,0.0,0.0,0.0,0.0,0.0,111.84835,0.0,0.0,-1.5707964,0.0
1970-01-01 00:00:00.298345578,0.298345578,199.7397,0.0,0.0,0.0,0.0,0.0,0.0,0.0,-1.5707964,0.0
1970-01-01 00:00:00.298440419,0.298440419,0.0,0.0,0.0,0.0,0.0,892.6056,0.0,0.0,-1.5707964,0.0
1970-01-01 00:00:00.298556244,0.298556244,0.0,0.0,0.0,0.0,0.0,92.14342,0.0,0.0,-1.5707964,0.0
1970-01-01 00:00:00.298567349,0.298567349,0.0,0.0,0.0,0.0,0.0,2544.6462,0.0,0.0,-1.5707964,0.0
1970-01-01 00:00:00.298594511,0.298594511,0.0,0.0,493.99338,0.0,0.0,0.0,0.0,0.0,-1.5707964,0.0
1970-01-01 00:00:00.298607732,0.298607732,0.0,0.0,0.0,89.66396,0.0,0.0,0.0,0.0,-1.5707964,0.0
1970-01-01 00:00:00.298640835,0.298640835,0.0,0.0,0.0,0.0,701.0023,0.0,0.0,0.0,-1.5707964,0.0
1970-01-01 00:00:00.298738275,0.298738275,0.0,0.0,0.0,479.55923,0.0,0.0,0.0,0.0,-1.5707964,0.0
1970-01-01 00:00:00.298912503,0.298912503,0.0,0.0,0.0,87.14663,0.0,0.0,0.0,0.0,-1.5707964,0.0
1970-01-01 00:00:00.298981843,0.298981843,0.0,0.0,0.0,993.8738,0.0,0.0,0.0,0.0,-1.5707964,0.0
1970-01-01 00:00:00.299010444,0.299010444,0.0,101.66101,0.0,0.0,0.0,0.0,0.0,0.0,-1.5707964,0.0
1970-01-01 00:00:00.299031101,0.299031101,0.0,0.0,146.0859,0.0,0.0,0.0,0.0,0.0,-1.5707964,0.0
1970-01-01 00:00:00.299098369,0.299098369,0.0,0.0,0.0,177.89783,0.0,0.0,0.0,0.0,-1.5707964,0.0
1970-01-01 00:00:00.299148209,0.299148209,0.0,0.0,0.0,302.96338,0.0,0.0,0.0,0.0,-1.5707964,0.0
1970-01-01 00:00:00.299216948,0.299216948,0.0,0.0,0.0,375.8658,0.0,0.0,0.0,0.0,-1.5707964,0.0
1970-01-01 00:00:00.299343560,0.29934356,0.0,0.0,0.0,276.23254,0.0,0.0,0.0,0.0,-1.5707964,0.0
1970-01-01 00:00:00.299357076,0.299357076,0.0,0.0,0.0,145.88593,0.0,0.0,0.0,0.0,-1.5707964,0.0
1970-01-01 00:00:00.299367565,0.299367565,0.0,0.0,1280.2544,0.0,0.0,0.0,0.0,0.0,-1.5707964,0.0
1970-01-01 00:00:00.299470389,0.299470389,0.0,0.0,0.0,0.0,963.95276,0.0,0.0,0.0,-1.5707964,0.0
1970-01-01 00:00:00.299502408,0.299502408,0.0,0.0,125.60968,0.0,0.0,0.0,0.0,0.0,-1.5707964,0.0
1970-01-01 00:00:00.299690990,0.29969099,0.0,0.0,0.0,0.0,0.0,217.64886,0.0,0.0,-1.5707964,0.0
1970-01-01 00:00:00.299700219,0.299700219,0.0,0.0,231.9954,0.0,0.0,0.0,0.0,0.0,-1.5707964,0.0
1970-01-01 00:00:00.299735604,0.299735604,0.0,0.0,0.0,0.0,438.9622,0.0,0.0,0.0,-1.5707964,0.0
1970-01-01 00:00:00.299901936,0.299901936,0.0,146.51016,0.0,0.0,0.0,0.0,0.0,0.0,-1.5707964,0.0
1970-01-01 00:00:00.299925904,0.299925904,0.0,0.0,137.0072,0.0,0.0,0.0,0.0,0.0,-1.5707964,0.0
1970-01-01 00:00:00.300032174,0.300032174,0.0,0.0,0.0,0.0,143.64249,0.0,0.0,0.0,-1.5707964,0.0
1970-01-01 00:00:00.300083045,0.300083045,0.0,0.0,0.0,0.0,530.75336,0.0,0.0,0.0,-1.5707964,0.0
1970-01-01 00:00:00.300126832,0.300126832,0.0,0.0,0.0,0.0,0.0,179.78496,0.0,0.0,-1.5707964,0.0
1970-01-01 00:00:00.300199658,0.300199658,0.0,0.0,179.21204,0.0,0.0,0.0,0.0,0.0,-1.5707964,0.0
1970-01-01 00:00:00.300355158,0.300355158,0.0,0.0,0.0,214.58539,0.0,0.0,0.0,0.0,-1.5707964,0.0
1970-01-01 00:00:00.300427589,0.300427589,0.0,0.0,158.06578,0.0,0.0,0.0,0.0,0.0,-1.5707964,0.0
1970-01-01 00:00:00.300465840,0.30046584,0.0,0.0,0.0,386.33322,0.0,0.0,0.0,0.0,-1.5707964,0.0
1970-01-01 00:00:00.300675673,0.300675673,0.0,0.0,363.20572,0.0,0.0,0.0,0.0,0.0,-1.5707964,0.0
1970-01-01 00:00:00.300676046,0.300676046,0.0,89.194244,0.0,0.0,0.0,0.0,0.0,0.0,-1.5707964,0.0
1970-01-01 00:00:00.300689223,0.300689223,0.0,0.0,0.0,100.25352,0.0,0.0,0.0,0.0,-1.5707964,0.0
1970-01-01 00:00:00.300755657,0.300755657,0.0,0.0,0.0,2080.7788,0.0,0.0,0.0,0.0,-1.5707964,0.0
1970-01-01 00:00:00.301030589,0.301030589,0.0,0.0,0.0,1721.4807,0.0,0.0,0.0,0.0,-1.5707964,0.0
1970-01-01 00:00:00.301145747,0.301145747,0.0,0.0,0.0,0.0,321.26886,0.0,0.0,0.0,-1.5707964,0.0
1970-01-01 00:00:00.301148812,0.301148812,0.0,0.0,0.0,221.21692,0.0,0.0,0.0,0.0,-1.5707964,0.0
1970-01-01 00:00:00.301167617,0.301167617,0.0,0.0,0.0,917.24615,0.0,0.0,0.0,0.0,-1.5707964,0.0
1970-01-01 00:00:00.301182838,0.301182838,0.0,0.0,0.0,174.37434,0.0,0.0,0.0,0.0,-1.5707964,0.0
1970-01-01 00:00:00.301244030,0.30124403,0.0,0.0,0.0,0.0,0.0,182.58897,0.0,0.0,-1.5707964,0.0
1970-01-01 00:00:00.301252071,0.301252071,0.0,0.0,0.0,339.437,0.0,0.0,0.0,0.0,-1.5707964,0.0
1970-01-01 00:00:00.301261882,0.301261882,0.0,0.0,0.0,236.06055,0.0,0.0,0.0,0.0,-1.5707964,0.0
1970-01-01 00:00:00.301278329,0.301278329,0.0,0.0,0.0,507.03345,0.0,0.0,0.0,0.0,-1.5707964,0.0
1970-01-01 00:00:00.301352031,0.301352031,0.0,0.0,0.0,151.59833,0.0,0.0,0.0,0.0,-1.5707964,0.0
1970-01-01 00:00:00.301408483,0.301408483,0.0,0.0,0.0,388.075,0.0,0.0,0.0,0.0,-1.5707964,0.0
1970-01-01 00:00:00.301434802,0.301434802,0.0,0.0,0.0,0.0,812.8517,0.0,0.0,0.0,-1.5707964,0.0
1970-01-01 00:00:00.301465678,0.301465678,0.0,0.0,0.0,183.84445,0.0,0.0,0.0,0.0,-1.5707964,0.0
1970-01-01 00:00:00.301543957,0.301543957,0.0,0.0,0.0,0.0,0.0,106.153786,0.0,0.0,-1.5707964,0.0
1970-01-01 00:00:00.301614703,0.301614703,0.0,986.2179,0.0,0.0,0.0,0.0,0.0,0.0,-1.5707964,0.0
1970-01-01 00:00:00.301646651,0.301646651,0.0,0.0,0.0,659.57623,0.0,0.0,0.0,0.0,-1.5707964,0.0
1970-01-01 00:00:00.301731110,0.30173111,0.0,0.0,0.0,0.0,172.5807,0.0,0.0,0.0,-1.5707964,0.0
1970-01-01 00:00:00.301781280,0.30178128,0.0,0.0,536.87146,0.0,0.0,0.0,0.0,0.0,-1.5707964,0.0
1970-01-01 00:00:00.301786792,0.301786792,0.0,0.0,0.0,351.77853,0.0,0.0,0.0,0.0,-1.5707964,0.0
1970-01-01 00:00:00.301825431,0.301825431,150.1146,0.0,0.0,0.0,0.0,0.0,0.0,0.0,-1.5707964,0.0
1970-01-01 00:00:00.301889936,0.301889936,0.0,0.0,0.0,0.0,145.01474,0.0,0.0,0.0,-1.5707964,0.0
1970-01-01 00:00:00.301889936,0.301889936,0.0,0.0,0.0,301.51447,0.0,0.0,0.0,0.0,-1.5707964,0.0
1970-01-01 00:00:00.302083318,0.302083318,0.0,0.0,0.0,0.0,0.0,271.66058,0.0,0.0,-1.5707964,0.0
1970-01-01 00:00:00.302128900,0.3021289,147.01178,0.0,0.0,0.0,0.0,0.0,0.0,0.0,-1.5707964,0.0
1970-01-01 00:00:00.302163730,0.30216373,0.0,0.0,0.0,0.0,0.0,904.1026,0.0,0.0,-1.5707964,0.0
1970-01-01 00:00:00.302249114,0.302249114,0.0,0.0,0.0,86.49883,0.0,0.0,0.0,0.0,-1.5707964,0.0
1970-01-01 00:00:00.302669658,0.302669658,0.0,0.0,0.0,0.0,201.31166,0.0,0.0,0.0,-1.5707964,0.0
1970-01-01 00:00:00.302717385,0.302717385,0.0,162.23132,0.0,0.0,0.0,0.0,0.0,0.0,-1.5707964,0.0
1970-01-01 00:00:00.302836825,0.302836825,0.0,0.0,0.0,142.43343,0.0,0.0,0.0,0.0,-1.5707964,0.0
1970-01-01 00:00:00.302991357,0.302991357,0.0,274.56934,0.0,0.0,0.0,0.0,0.0,0.0,-1.5707964,0.0
1970-01-01 00:00:00.303203608,0.303203608,0.0,0.0,0.0,284.42316,0.0,0.0,0.0,0.0,-1.5707964,0.0
1970-01-01 00:00:00.303310188,0.303310188,0.0,0.0,0.0,102.68139,0.0,0.0,0.0,0.0,-1.5707964,0.0
1970-01-01 00:00:00.303416506,0.303416506,0.0,0.0,0.0,0.0,0.0,111.229126,0.0,0.0,-1.5707964,0.0
1970-01-01 00:00:00.303436600,0.3034366,0.0,0.0,0.0,0.0,0.0,261.70297,0.0,0.0,-1.5707964,0.0
1970-01-01 00:00:00.303458908,0.303458908,0.0,0.0,0.0,0.0,0.0,187.87184,0.0,0.0,-1.5707964,0.0
1970-01-01 00:00:00.303510239,0.303510239,0.0,0.0,128.53091,0.0,0.0,0.0,0.0,0.0,-1.5707964,0.0
1970-01-01 00:00:00.303582331,0.303582331,0.0,0.0,0.0,113.4344,0.0,0.0,0.0,0.0,-1.5707964,0.0
1970-01-01 00:00:00.303771024,0.303771024,0.0,0.0,0.0,0.0,200.18686,0.0,0.0,0.0,-1.5707964,0.0
1970-01-01 00:00:00.303884513,0.303884513,168.77235,0.0,0.0,0.0,0.0,0.0,0.0,0.0,-1.5707964,0.0
1970-01-01 00:00:00.303891533,0.303891533,0.0,0.0,0.0,356.05612,0.0,0.0,0.0,0.0,-1.5707964,0.0
1970-01-01 00:00:00.303953481,0.303953481,0.0,0.0,0.0,369.57184,0.0,0.0,0.0,0.0,-1.5707964,0.0
1970-01-01 00:00:00.303964947,0.303964947,0.0,0.0,0.0,364.82568,0.0,0.0,0.0,0.0,-1.5707964,0.0
1970-01-01 00:00:00.304119781,0.304119781,0.0,0.0,0.0,0.0,0.0,340.05734,0.0,0.0,-1.5707964,0.0
1970-01-01 00:00:00.304136641,0.304136641,0.0,0.0,0.0,359.2493,0.0,0.0,0.0,0.0,-1.5707964,0.0
1970-01-01 00:00:00.304181279,0.304181279,0.0,0.0,112.2104,0.0,0.0,0.0,0.0,0.0,-1.5707964,0.0
1970-01-01 00:00:00.304235035,0.304235035,0.0,0.0,0.0,334.7552,0.0,0.0,0.0,0.0,-1.5707964,0.0
1970-01-01 00:00:00.304273863,0.304273863,0.0,0.0,0.0,0.0,0.0,736.8895,0.0,0.0,-1.5707964,0.0
1970-01-01 00:00:00.304345680,0.30434568,0.0,0.0,325.1844,0.0,0.0,0.0,0.0,0.0,-1.5707964,0.0
1970-01-01 00:00:00.304425357,0.304425357,0.0,0.0,0.0,0.0,0.0,242.69319,0.0,0.0,-1.5707964,0.0
1970-01-01 00:00:00.304442584,0.304442584,0.0,0.0,0.0,0.0,0.0,103.335945,0.0,0.0,-1.5707964,0.0
1970-01-01 00:00:00.304480814,0.304480814,0.0,269.09555,0.0,0.0,0.0,0.0,0.0,0.0,-1.5707964,0.0
1970-01-01 00:00:00.304532377,0.304532377,127.267,0.0,0.0,0.0,0.0,0.0,0.0,0.0,-1.5707964,0.0
1970-01-01 00:00:00.304613316,0.304613316,0.0,0.0,345.46356,0.0,0.0,0.0,0.0,0.0,-1.5707964,0.0
1970-01-01 00:00:00.304672919,0.304672919,0.0,0.0,0.0,480.53214,0.0,0.0,0.0,0.0,-1.5707964,0.0
1970-01-01 00:00:00.304687115,0.304687115,0.0,189.8052,0.0,0.0,0.0,0.0,0.0,0.0,-1.5707964,0.0
1970-01-01 00:00:00.304694994,0.304694994,0.0,0.0,0.0,123.395325,0.0,0.0,0.0,0.0,-1.5707964,0.0
1970-01-01 00:00:00.304853656,0.304853656,332.54706,0.0,0.0,0.0,0.0,0.0,0.0,0.0,-1.5707964,0.0
1970-01-01 00:00:00.304900512,0.304900512,86.94261,0.0,0.0,0.0,0.0,0.0,0.0,0.0,-1.5707964,0.0
1970-01-01 00:00:00.305066318,0.305066318,0.0,0.0,0.0,287.01953,0.0,0.0,0.0,0.0,-1.5707964,0.0
1970-01-01 00:00:00.305066866,0.305066866,0.0,0.0,0.0,0.0,0.0,100.22534,0.0,0.0,-1.5707964,0.0
1970-01-01 00:00:00.305133226,0.305133226,0.0,0.0,0.0,0.0,434.67432,0.0,0.0,0.0,-1.5707964,0.0
1970-01-01 00:00:00.305140869,0.305140869,0.0,0.0,0.0,0.0,0.0,85.87,0.0,0.0,-1.5707964,0.0
1970-01-01 00:00:00.305164108,0.305164108,0.0,0.0,0.0,0.0,0.0,931.64935,0.0,0.0,-1.5707964,0.0
1970-01-01 00:00:00.305245119,0.305245119,0.0,307.2335,0.0,0.0,0.0,0.0,0.0,0.0,-1.5707964,0.0
1970-01-01 00:00:00.305245119,0.305245119,0.0,0.0,0.0,3709.2212,0.0,0.0,0.0,0.0,-1.5707964,0.0
1970-01-01 00:00:00.305245119,0.305245119,0.0,0.0,0.0,206.0122,0.0,0.0,0.0,0.0,-1.5707964,0.0
1970-01-01 00:00:00.305275867,0.305275867,0.0,0.0,0.0,0.0,0.0,795.95514,0.0,0.0,-1.5707964,0.0
1970-01-01 00:00:00.305352239,0.305352239,0.0,0.0,585.6473,0.0,0.0,0.0,0.0,0.0,-1.5707964,0.0
1970-01-01 00:00:00.305374923,0.305374923,0.0,0.0,0.0,0.0,289.38455,0.0,0.0,0.0,-1.5707964,0.0
1970-01-01 00:00:00.305431244,0.305431244,0.0,0.0,0.0,0.0,0.0,238.33945,0.0,0.0,-1.5707964,0.0
1970-01-01 00:00:00.305544908,0.305544908,0.0,0.0,0.0,0.0,0.0,143.28297,0.0,0.0,-1.5707964,0.0
1970-01-01 00:00:00.305633759,0.305633759,0.0,0.0,0.0,0.0,0.0,272.06238,0.0,0.0,-1.5707964,0.0
1970-01-01 00:00:00.305633857,0.305633857,0.0,0.0,148.34756,0.0,0.0,0.0,0.0,0.0,-1.5707964,0.0
1970-01-01 00:00:00.305674673,0.305674673,0.0,0.0,0.0,0.0,0.0,95.44211,0.0,0.0,-1.5707964,0.0
1970-01-01 00:00:00.305747626,0.305747626,0.0,166.33257,0.0,0.0,0.0,0.0,0.0,0.0,-1.5707964,0.0
1970-01-01 00:00:00.305835955,0.305835955,0.0,0.0,0.0,0.0,0.0,277.51642,0.0,0.0,-1.5707964,0.0
1970-01-01 00:00:00.305835955,0.305835955,0.0,0.0,831.83856,0.0,0.0,0.0,0.0,0.0,-1.5707964,0.0
1970-01-01 00:00:00.305882054,0.305882054,0.0,0.0,0.0,158.53098,0.0,0.0,0.0,0.0,-1.5707964,0.0
1970-01-01 00:00:00.306134484,0.306134484,0.0,1812.4382,0.0,0.0,0.0,0.0,0.0,0.0,-1.5707964,0.0
1970-01-01 00:00:00.306170372,0.306170372,0.0,0.0,0.0,428.74606,0.0,0.0,0.0,0.0,-1.5707964,0.0
1970-01-01 00:00:00.306213784,0.306213784,0.0,0.0,0.0,0.0,0.0,95.235054,0.0,0.0,-1.5707964,0.0
1970-01-01 00:00:00.306367233,0.306367233,0.0,0.0,0.0,0.0,0.0,195.54066,0.0,0.0,-1.5707964,0.0
1970-01-01 00:00:00.306381916,0.306381916,0.0,0.0,516.7769,0.0,0.0,0.0,0.0,0.0,-1.5707964,0.0
1970-01-01 00:00:00.306506323,0.306506323,0.0,0.0,0.0,131.19542,0.0,0.0,0.0,0.0,-1.5707964,0.0
1970-01-01 00:00:00.306590643,0.306590643,0.0,0.0,0.0,0.0,0.0,301.0171,0.0,0.0,-1.5707964,0.0
1970-01-01 00:00:00.306656837,0.306656837,0.0,0.0,0.0,233.94075,0.0,0.0,0.0,0.0,-1.5707964,0.0
1970-01-01 00:00:00.306668701,0.306668701,0.0,0.0,0.0,344.0047,0.0,0.0,0.0,0.0,-1.5707964,0.0
1970-01-01 00:00:00.306715677,0.306715677,0.0,0.0,0.0,383.38507,0.0,0.0,0.0,0.0,-1.5707964,0.0
1970-01-01 00:00:00.306850009,0.306850009,0.0,0.0,0.0,409.45853,0.0,0.0,0.0,0.0,-1.5707964,0.0
1970-01-01 00:00:00.306872929,0.306872929,0.0,0.0,0.0,467.84042,0.0,0.0,0.0,0.0,-1.5707964,0.0
1970-01-01 00:00:00.306904205,0.306904205,0.0,0.0,0.0,1287.5098,0.0,0.0,0.0,0.0,-1.5707964,0.0
1970-01-01 00:00:00.306950520,0.30695052,0.0,0.0,0.0,424.0353,0.0,0.0,0.0,0.0,-1.5707964,0.0
1970-01-01 00:00:00.306957933,0.306957933,0.0,0.0,0.0,0.0,0.0,260.9657,0.0,0.0,-1.5707964,0.0
1970-01-01 00:00:00.307020897,0.307020897,0.0,0.0,0.0,99.40672,0.0,0.0,0.0,0.0,-1.5707964,0.0
1970-01-01 00:00:00.307041493,0.307041493,0.0,0.0,0.0,145.5479,0.0,0.0,0.0,0.0,-1.5707964,0.0
1970-01-01 00:00:00.307057904,0.307057904,0.0,0.0,0.0,626.2776,0.0,0.0,0.0,0.0,-1.5707964,0.0
1970-01-01 00:00:00.307064671,0.307064671,0.0,0.0,0.0,0.0,0.0,223.3472,0.0,0.0,-1.5707964,0.0
1970-01-01 00:00:00.307289985,0.307289985,0.0,0.0,0.0,86.83593,0.0,0.0,0.0,0.0,-1.5707964,0.0
1970-01-01 00:00:00.307372600,0.3073726,0.0,0.0,764.6231,0.0,0.0,0.0,0.0,0.0,-1.5707964,0.0
1970-01-01 00:00:00.307391590,0.30739159,0.0,0.0,0.0,160.80302,0.0,0.0,0.0,0.0,-1.5707964,0.0
1970-01-01 00:00:00.307416543,0.307416543,0.0,0.0,0.0,603.23016,0.0,0.0,0.0,0.0,-1.5707964,0.0
1970-01-01 00:00:00.307461430,0.30746143,0.0,0.0,0.0,0.0,0.0,190.29355,0.0,0.0,-1.5707964,0.0
1970-01-01 00:00:00.307464797,0.307464797,0.0,91.630844,0.0,0.0,0.0,0.0,0.0,0.0,-1.5707964,0.0
1970-01-01 00:00:00.307551380,0.30755138,0.0,0.0,0.0,958.7566,0.0,0.0,0.0,0.0,-1.5707964,0.0
1970-01-01 00:00:00.307605932,0.307605932,184.86197,0.0,0.0,0.0,0.0,0.0,0.0,0.0,-1.5707964,0.0
1970-01-01 00:00:00.307618313,0.307618313,0.0,0.0,0.0,457.7697,0.0,0.0,0.0,0.0,-1.5707964,0.0
1970-01-01 00:00:00.307794020,0.30779402,0.0,101.68451,0.0,0.0,0.0,0.0,0.0,0.0,-1.5707964,0.0
1970-01-01 00:00:00.307861152,0.307861152,99.48473,0.0,0.0,0.0,0.0,0.0,0.0,0.0,-1.5707964,0.0
1970-01-01 00:00:00.308069227,0.308069227,0.0,0.0,0.0,1281.0197,0.0,0.0,0.0,0.0,-1.5707964,0.0
1970-01-01 00:00:00.308093540,0.30809354,0.0,0.0,0.0,0.0,0.0,103.93683,0.0,0.0,-1.5707964,0.0
1970-01-01 00:00:00.308119498,0.308119498,0.0,0.0,0.0,172.72565,0.0,0.0,0.0,0.0,-1.5707964,0.0
1970-01-01 00:00:00.308182112,0.308182112,0.0,0.0,0.0,87.42912,0.0,0.0,0.0,0.0,-1.5707964,0.0
1970-01-01 00:00:00.308237422,0.308237422,0.0,0.0,0.0,0.0,104.958626,0.0,0.0,0.0,-1.5707964,0.0
1970-01-01 00:00:00.308319518,0.308319518,0.0,0.0,0.0,0.0,0.0,328.8701,0.0,0.0,-1.5707964,0.0
1970-01-01 00:00:00.308323505,0.308323505,0.0,0.0,0.0,239.17157,0.0,0.0,0.0,0.0,-1.5707964,0.0
1970-01-01 00:00:00.308330652,0.308330652,0.0,0.0,0.0,191.26566,0.0,0.0,0.0,0.0,-1.5707964,0.0
1970-01-01 00:00:00.308427744,0.308427744,0.0,0.0,0.0,330.39862,0.0,0.0,0.0,0.0,-1.5707964,0.0
1970-01-01 00:00:00.308505013,0.308505013,0.0,0.0,0.0,211.961,0.0,0.0,0.0,0.0,-1.5707964,0.0
1970-01-01 00:00:00.308606074,0.308606074,0.0,0.0,238.34294,0.0,0.0,0.0,0.0,0.0,-1.5707964,0.0
1970-01-01 00:00:00.308624140,0.30862414,0.0,0.0,0.0,219.08664,0.0,0.0,0.0,0.0,-1.5707964,0.0
1970-01-01 00:00:00.308640149,0.308640149,0.0,0.0,0.0,489.7905,0.0,0.0,0.0,0.0,-1.5707964,0.0
1970-01-01 00:00:00.308702143,0.308702143,0.0,0.0,0.0,516.6131,0.0,0.0,0.0,0.0,-1.5707964,0.0
1970-01-01 00:00:00.308804429,0.308804429,0.0,0.0,0.0,127.29852,0.0,0.0,0.0,0.0,-1.5707964,0.0
1970-01-01 00:00:00.308829138,0.308829138,0.0,0.0,0.0,118.66138,0.0,0.0,0.0,0.0,-1.5707964,0.0
1970-01-01 00:00:00.308841537,0.308841537,0.0,0.0,194.24718,0.0,0.0,0.0,0.0,0.0,-1.5707964,0.0
1970-01-01 00:00:00.308848093,0.308848093,0.0,0.0,0.0,147.90677,0.0,0.0,0.0,0.0,-1.5707964,0.0
1970-01-01 00:00:00.308962250,0.30896225,0.0,370.63635,0.0,0.0,0.0,0.0,0.0,0.0,-1.5707964,0.0
1970-01-01 00:00:00.308970723,0.308970723,0.0,0.0,1015.46985,0.0,0.0,0.0,0.0,0.0,-1.5707964,0.0
1970-01-01 00:00:00.309040586,0.309040586,0.0,0.0,0.0,467.65894,0.0,0.0,0.0,0.0,-1.5707964,0.0
1970-01-01 00:00:00.309128329,0.309128329,0.0,0.0,0.0,121.426575,0.0,0.0,0.0,0.0,-1.5707964,0.0
1970-01-01 00:00:00.309173005,0.309173005,0.0,0.0,0.0,0.0,0.0,185.63727,0.0,0.0,-1.5707964,0.0
1970-01-01 00:00:00.309317385,0.309317385,0.0,360.66153,0.0,0.0,0.0,0.0,0.0,0.0,-1.5707964,0.0
1970-01-01 00:00:00.309340730,0.30934073,0.0,0.0,0.0,0.0,102.63438,0.0,0.0,0.0,-1.5707964,0.0
1970-01-01 00:00:00.309355740,0.30935574,140.21744,0.0,0.0,0.0,0.0,0.0,0.0,0.0,-1.5707964,0.0
1970-01-01 00:00:00.309450892,0.309450892,0.0,142.55446,0.0,0.0,0.0,0.0,0.0,0.0,-1.5707964,0.0
1970-01-01 00:00:00.309496925,0.309496925,0.0,0.0,290.11218,0.0,0.0,0.0,0.0,0.0,-1.5707964,0.0
1970-01-01 00:00:00.309503028,0.309503028,0.0,0.0,0.0,195.67416,0.0,0.0,0.0,0.0,-1.5707964,0.0
1970-01-01 00:00:00.309546397,0.309546397,0.0,272.59238,0.0,0.0,0.0,0.0,0.0,0.0,-1.5707964,0.0
1970-01-01 00:00:00.309568310,0.30956831,0.0,0.0,0.0,178.60876,0.0,0.0,0.0,0.0,-1.5707964,0.0
1970-01-01 00:00:00.309579415,0.309579415,0.0,0.0,0.0,0.0,0.0,165.35875,0.0,0.0,-1.5707964,0.0
1970-01-01 00:00:00.309641177,0.309641177,0.0,98.56002,0.0,0.0,0.0,0.0,0.0,0.0,-1.5707964,0.0
1970-01-01 00:00:00.309769351,0.309769351,0.0,0.0,0.0,253.25623,0.0,0.0,0.0,0.0,-1.5707964,0.0
1970-01-01 00:00:00.310091004,0.310091004,0.0,0.0,0.0,87.676476,0.0,0.0,0.0,0.0,-1.5707964,0.0
1970-01-01 00:00:00.310205627,0.310205627,0.0,0.0,0.0,0.0,0.0,948.2836,0.0,0.0,-1.5707964,0.0
1970-01-01 00:00:00.310235128,0.310235128,0.0,159.00192,0.0,0.0,0.0,0.0,0.0,0.0,-1.5707964,0.0
1970-01-01 00:00:00.310236984,0.310236984,0.0,0.0,0.0,222.22879,0.0,0.0,0.0,0.0,-1.5707964,0.0
1970-01-01 00:00:00.310248121,0.310248121,0.0,0.0,0.0,219.16357,0.0,0.0,0.0,0.0,-1.5707964,0.0
1970-01-01 00:00:00.310293543,0.310293543,0.0,0.0,0.0,414.53528,0.0,0.0,0.0,0.0,-1.5707964,0.0
1970-01-01 00:00:00.310424581,0.310424581,0.0,0.0,0.0,0.0,0.0,592.4826,0.0,0.0,-1.5707964,0.0
1970-01-01 00:00:00.310459866,0.310459866,0.0,0.0,0.0,772.3323,0.0,0.0,0.0,0.0,-1.5707964,0.0
1970-01-01 00:00:00.310584615,0.310584615,0.0,0.0,759.0197,0.0,0.0,0.0,0.0,0.0,-1.5707964,0.0
1970-01-01 00:00:00.310644997,0.310644997,0.0,0.0,0.0,182.96056,0.0,0.0,0.0,0.0,-1.5707964,0.0
1970-01-01 00:00:00.310694679,0.310694679,0.0,0.0,0.0,158.2937,0.0,0.0,0.0,0.0,-1.5707964,0.0
1970-01-01 00:00:00.310959350,0.31095935,101.649925,0.0,0.0,0.0,0.0,0.0,0.0,0.0,-1.5707964,0.0
1970-01-01 00:00:00.310969688,0.310969688,0.0,0.0,0.0,197.90865,0.0,0.0,0.0,0.0,-1.5707964,0.0
1970-01-01 00:00:00.311048015,0.311048015,0.0,0.0,0.0,0.0,1238.0386,0.0,0.0,0.0,-1.5707964,0.0
1970-01-01 00:00:00.311062399,0.311062399,0.0,630.90045,0.0,0.0,0.0,0.0,0.0,0.0,-1.5707964,0.0
1970-01-01 00:00:00.311062399,0.311062399,0.0,0.0,0.0,204.78226,0.0,0.0,0.0,0.0,-1.5707964,0.0
1970-01-01 00:00:00.311475138,0.311475138,0.0,0.0,0.0,1024.1903,0.0,0.0,0.0,0.0,-1.5707964,0.0
1970-01-01 00:00:00.311542272,0.311542272,0.0,0.0,0.0,549.264,0.0,0.0,0.0,0.0,-1.5707964,0.0
1970-01-01 00:00:00.311576765,0.311576765,0.0,0.0,0.0,0.0,0.0,247.3129,0.0,0.0,-1.5707964,0.0
1970-01-01 00:00:00.311593156,0.311593156,0.0,0.0,0.0,0.0,0.0,179.7397,0.0,0.0,-1.5707964,0.0
1970-01-01 00:00:00.311643476,0.311643476,0.0,0.0,148.99956,0.0,0.0,0.0,0.0,0.0,-1.5707964,0.0
1970-01-01 00:00:00.311645208,0.311645208,0.0,0.0,325.76315,0.0,0.0,0.0,0.0,0.0,-1.5707964,0.0
1970-01-01 00:00:00.311723151,0.311723151,0.0,0.0,0.0,529.71173,0.0,0.0,0.0,0.0,-1.5707964,0.0
1970-01-01 00:00:00.311757922,0.311757922,0.0,229.77785,0.0,0.0,0.0,0.0,0.0,0.0,-1.5707964,0.0
1970-01-01 00:00:00.311893288,0.311893288,0.0,0.0,0.0,408.40265,0.0,0.0,0.0,0.0,-1.5707964,0.0
1970-01-01 00:00:00.311918973,0.311918973,0.0,0.0,0.0,0.0,249.4583,0.0,0.0,0.0,-1.5707964,0.0
1970-01-01 00:00:00.311925663,0.311925663,0.0,0.0,0.0,520.9038,0.0,0.0,0.0,0.0,-1.5707964,0.0
1970-01-01 00:00:00.311967780,0.31196778,0.0,364.70728,0.0,0.0,0.0,0.0,0.0,0.0,-1.5707964,0.0
1970-01-01 00:00:00.312008392,0.312008392,0.0,0.0,397.1182,0.0,0.0,0.0,0.0,0.0,-1.5707964,0.0
1970-01-01 00:00:00.312196644,0.312196644,0.0,0.0,0.0,258.625,0.0,0.0,0.0,0.0,-1.5707964,0.0
1970-01-01 00:00:00.312197388,0.312197388,0.0,0.0,0.0,0.0,0.0,1296.4886,0.0,0.0,-1.5707964,0.0
1970-01-01 00:00:00.312256757,0.312256757,0.0,0.0,0.0,279.9867,0.0,0.0,0.0,0.0,-1.5707964,0.0
1970-01-01 00:00:00.312307549,0.312307549,0.0,0.0,311.8471,0.0,0.0,0.0,0.0,0.0,-1.5707964,0.0
1970-01-01 00:00:00.312314922,0.312314922,0.0,0.0,0.0,0.0,102.4129,0.0,0.0,0.0,-1.5707964,0.0
1970-01-01 00:00:00.312332526,0.312332526,0.0,0.0,0.0,0.0,1935.2117,0.0,0.0,0.0,-1.5707964,0.0
1970-01-01 00:00:00.312361821,0.312361821,0.0,0.0,0.0,0.0,0.0,148.75449,0.0,0.0,-1.5707964,0.0
1970-01-01 00:00:00.312363786,0.312363786,0.0,0.0,0.0,323.85065,0.0,0.0,0.0,0.0,-1.5707964,0.0
1970-01-01 00:00:00.312568077,0.312568077,0.0,708.4316,0.0,0.0,0.0,0.0,0.0,0.0,-1.5707964,0.0
1970-01-01 00:00:00.312572706,0.312572706,0.0,0.0,0.0,0.0,0.0,274.10333,0.0,0.0,-1.5707964,0.0
1970-01-01 00:00:00.312665177,0.312665177,0.0,0.0,382.32043,0.0,0.0,0.0,0.0,0.0,-1.5707964,0.0
1970-01-01 00:00:00.312706664,0.312706664,0.0,0.0,0.0,591.65564,0.0,0.0,0.0,0.0,-1.5707964,0.0
1970-01-01 00:00:00.312841905,0.312841905,0.0,0.0,849.8436,0.0,0.0,0.0,0.0,0.0,-1.5707964,0.0
1970-01-01 00:00:00.313013600,0.3130136,0.0,0.0,0.0,0.0,0.0,493.98972,0.0,0.0,-1.5707964,0.0
1970-01-01 00:00:00.313127359,0.313127359,0.0,0.0,0.0,109.92743,0.0,0.0,0.0,0.0,-1.5707964,0.0
1970-01-01 00:00:00.313310097,0.313310097,0.0,0.0,206.00119,0.0,0.0,0.0,0.0,0.0,-1.5707964,0.0
1970-01-01 00:00:00.313349835,0.313349835,0.0,0.0,105.501236,0.0,0.0,0.0,0.0,0.0,-1.5707964,0.0
1970-01-01 00:00:00.313370595,0.313370595,0.0,0.0,455.882,0.0,0.0,0.0,0.0,0.0,-1.5707964,0.0
1970-01-01 00:00:00.313463419,0.313463419,0.0,1310.0499,0.0,0.0,0.0,0.0,0.0,0.0,-1.5707964,0.0
1970-01-01 00:00:00.313469975,0.313469975,0.0,0.0,0.0,350.28998,0.0,0.0,0.0,0.0,-1.5707964,0.0
1970-01-01 00:00:00.313496548,0.313496548,0.0,101.52344,0.0,0.0,0.0,0.0,0.0,0.0,-1.5707964,0.0
1970-01-01 00:00:00.313496548,0.313496548,0.0,0.0,0.0,369.56754,0.0,0.0,0.0,0.0,-1.5707964,0.0
1970-01-01 00:00:00.313509812,0.313509812,0.0,0.0,0.0,225.93369,0.0,0.0,0.0,0.0,-1.5707964,0.0
1970-01-01 00:00:00.313560022,0.313560022,0.0,0.0,0.0,354.11218,0.0,0.0,0.0,0.0,-1.5707964,0.0
1970-01-01 00:00:00.313697662,0.313697662,0.0,0.0,214.52188,0.0,0.0,0.0,0.0,0.0,-1.5707964,0.0
1970-01-01 00:00:00.313759498,0.313759498,0.0,203.30031,0.0,0.0,0.0,0.0,0.0,0.0,-1.5707964,0.0
1970-01-01 00:00:00.313768915,0.313768915,117.38054,0.0,0.0,0.0,0.0,0.0,0.0,0.0,-1.5707964,0.0
1970-01-01 00:00:00.313780689,0.313780689,0.0,0.0,0.0,0.0,541.1757,0.0,0.0,0.0,-1.5707964,0.0
1970-01-01 00:00:00.313780689,0.313780689,0.0,0.0,0.0,0.0,0.0,539.75574,0.0,0.0,-1.5707964,0.0
1970-01-01 00:00:00.313809556,0.313809556,0.0,0.0,0.0,0.0,0.0,97.48684,0.0,0.0,-1.5707964,0.0
1970-01-01 00:00:00.313813381,0.313813381,0.0,0.0,0.0,176.69093,0.0,0.0,0.0,0.0,-1.5707964,0.0
1970-01-01 00:00:00.314105324,0.314105324,0.0,0.0,0.0,165.37889,0.0,0.0,0.0,0.0,-1.5707964,0.0
1970-01-01 00:00:00.314129142,0.314129142,213.63268,0.0,0.0,0.0,0.0,0.0,0.0,0.0,-1.5707964,0.0
1970-01-01 00:00:00.314316317,0.314316317,0.0,0.0,0.0,433.1374,0.0,0.0,0.0,0.0,-1.5707964,0.0
1970-01-01 00:00:00.314370607,0.314370607,0.0,0.0,0.0,0.0,0.0,487.3339,0.0,0.0,-1.5707964,0.0
1970-01-01 00:00:00.314386981,0.314386981,0.0,0.0,235.58669,0.0,0.0,0.0,0.0,0.0,-1.5707964,0.0
1970-01-01 00:00:00.314437643,0.314437643,0.0,412.71158,0.0,0.0,0.0,0.0,0.0,0.0,-1.5707964,0.0
1970-01-01 00:00:00.314449071,0.314449071,0.0,0.0,258.43625,0.0,0.0,0.0,0.0,0.0,-1.5707964,0.0
1970-01-01 00:00:00.314457530,0.31445753,0.0,0.0,0.0,0.0,0.0,103.020996,0.0,0.0,-1.5707964,0.0
1970-01-01 00:00:00.314513028,0.314513028,0.0,0.0,0.0,183.72719,0.0,0.0,0.0,0.0,-1.5707964,0.0
1970-01-01 00:00:00.314577257,0.314577257,0.0,125.409874,0.0,0.0,0.0,0.0,0.0,0.0,-1.5707964,0.0
1970-01-01 00:00:00.314687732,0.314687732,0.0,0.0,517.444,0.0,0.0,0.0,0.0,0.0,-1.5707964,0.0
1970-01-01 00:00:00.314701908,0.314701908,0.0,0.0,0.0,101.069214,0.0,0.0,0.0,0.0,-1.5707964,0.0
1970-01-01 00:00:00.314785139,0.314785139,0.0,0.0,0.0,102.68086,0.0,0.0,0.0,0.0,-1.5707964,0.0
1970-01-01 00:00:00.314827233,0.314827233,0.0,0.0,0.0,856.28815,0.0,0.0,0.0,0.0,-1.5707964,0.0
1970-01-01 00:00:00.314894781,0.314894781,0.0,0.0,0.0,149.01527,0.0,0.0,0.0,0.0,-1.5707964,0.0
1970-01-01 00:00:00.314910262,0.314910262,0.0,0.0,91.71301,0.0,0.0,0.0,0.0,0.0,-1.5707964,0.0
1970-01-01 00:00:00.315037171,0.315037171,0.0,0.0,0.0,0.0,0.0,197.60818,0.0,0.0,-1.5707964,0.0
1970-01-01 00:00:00.315110497,0.315110497,0.0,0.0,0.0,632.35095,0.0,0.0,0.0,0.0,-1.5707964,0.0
1970-01-01 00:00:00.315158788,0.315158788,129.5624,0.0,0.0,0.0,0.0,0.0,0.0,0.0,-1.5707964,0.0
1970-01-01 00:00:00.315191252,0.315191252,0.0,0.0,0.0,1314.3323,0.0,0.0,0.0,0.0,-1.5707964,0.0
1970-01-01 00:00:00.315542574,0.315542574,0.0,0.0,0.0,209.03133,0.0,0.0,0.0,0.0,-1.5707964,0.0
1970-01-01 00:00:00.315566256,0.315566256,0.0,0.0,0.0,152.06813,0.0,0.0,0.0,0.0,-1.5707964,0.0
1970-01-01 00:00:00.315571231,0.315571231,0.0,1485.4869,0.0,0.0,0.0,0.0,0.0,0.0,-1.5707964,0.0
1970-01-01 00:00:00.315583825,0.315583825,0.0,0.0,0.0,830.05383,0.0,0.0,0.0,0.0,-1.5707964,0.0
1970-01-01 00:00:00.315683159,0.315683159,0.0,0.0,0.0,0.0,0.0,2105.905,0.0,0.0,-1.5707964,0.0
1970-01-01 00:00:00.315694447,0.315694447,0.0,0.0,0.0,308.2183,0.0,0.0,0.0,0.0,-1.5707964,0.0
1970-01-01 00:00:00.315723782,0.315723782,0.0,0.0,0.0,0.0,430.59537,0.0,0.0,0.0,-1.5707964,0.0
1970-01-01 00:00:00.315776076,0.315776076,0.0,357.4794,0.0,0.0,0.0,0.0,0.0,0.0,-1.5707964,0.0
1970-01-01 00:00:00.315908678,0.315908678,0.0,456.79596,0.0,0.0,0.0,0.0,0.0,0.0,-1.5707964,0.0
1970-01-01 00:00:00.316070914,0.316070914,0.0,0.0,0.0,208.24384,0.0,0.0,0.0,0.0,-1.5707964,0.0
1970-01-01 00:00:00.316117606,0.316117606,0.0,0.0,0.0,0.0,0.0,214.88559,0.0,0.0,-1.5707964,0.0
1970-01-01 00:00:00.316135869,0.316135869,0.0,0.0,0.0,262.73846,0.0,0.0,0.0,0.0,-1.5707964,0.0
1970-01-01 00:00:00.316161621,0.316161621,0.0,0.0,0.0,96.74978,0.0,0.0,0.0,0.0,-1.5707964,0.0
1970-01-01 00:00:00.316167585,0.316167585,0.0,0.0,0.0,0.0,0.0,268.029,0.0,0.0,-1.5707964,0.0
1970-01-01 00:00:00.316184064,0.316184064,0.0,0.0,0.0,358.69104,0.0,0.0,0.0,0.0,-1.5707964,0.0
1970-01-01 00:00:00.316327641,0.316327641,0.0,0.0,0.0,1709.7112,0.0,0.0,0.0,0.0,-1.5707964,0.0
1970-01-01 00:00:00.316351775,0.316351775,0.0,0.0,0.0,222.10173,0.0,0.0,0.0,0.0,-1.5707964,0.0
1970-01-01 00:00:00.316464027,0.316464027,0.0,0.0,517.16974,0.0,0.0,0.0,0.0,0.0,-1.5707964,0.0
1970-01-01 00:00:00.316510866,0.316510866,0.0,0.0,0.0,118.610435,0.0,0.0,0.0,0.0,-1.5707964,0.0
1970-01-01 00:00:00.316578937,0.316578937,0.0,0.0,229.96445,0.0,0.0,0.0,0.0,0.0,-1.5707964,0.0
1970-01-01 00:00:00.316719836,0.316719836,137.46516,0.0,0.0,0.0,0.0,0.0,0.0,0.0,-1.5707964,0.0
1970-01-01 00:00:00.316719836,0.316719836,0.0,0.0,0.0,0.0,0.0,217.0817,0.0,0.0,-1.5707964,0.0
1970-01-01 00:00:00.316758784,0.316758784,0.0,0.0,0.0,0.0,278.53796,0.0,0.0,0.0,-1.5707964,0.0
1970-01-01 00:00:00.317015334,0.317015334,0.0,0.0,0.0,81.214325,0.0,0.0,0.0,0.0,-1.5707964,0.0
1970-01-01 00:00:00.317065796,0.317065796,0.0,0.0,740.8572,0.0,0.0,0.0,0.0,0.0,-1.5707964,0.0
1970-01-01 00:00:00.317080774,0.317080774,0.0,0.0,0.0,0.0,0.0,416.9278,0.0,0.0,-1.5707964,0.0
1970-01-01 00:00:00.317148377,0.317148377,0.0,0.0,0.0,0.0,0.0,148.29584,0.0,0.0,-1.5707964,0.0
1970-01-01 00:00:00.317182916,0.317182916,0.0,0.0,0.0,88.55549,0.0,0.0,0.0,0.0,-1.5707964,0.0
1970-01-01 00:00:00.317283648,0.317283648,0.0,0.0,0.0,0.0,446.71283,0.0,0.0,0.0,-1.5707964,0.0
1970-01-01 00:00:00.317338237,0.317338237,163.72243,0.0,0.0,0.0,0.0,0.0,0.0,0.0,-1.5707964,0.0
1970-01-01 00:00:00.317392220,0.31739222,0.0,0.0,0.0,377.82816,0.0,0.0,0.0,0.0,-1.5707964,0.0
1970-01-01 00:00:00.317424276,0.317424276,0.0,309.2246,0.0,0.0,0.0,0.0,0.0,0.0,-1.5707964,0.0
1970-01-01 00:00:00.317451388,0.317451388,0.0,0.0,0.0,0.0,0.0,137.14557,0.0,0.0,-1.5707964,0.0
1970-01-01 00:00:00.317574724,0.317574724,0.0,0.0,0.0,0.0,0.0,84.90335,0.0,0.0,-1.5707964,0.0
1970-01-01 00:00:00.317593887,0.317593887,0.0,0.0,104.925514,0.0,0.0,0.0,0.0,0.0,-1.5707964,0.0
1970-01-01 00:00:00.317600679,0.317600679,0.0,0.0,0.0,736.2377,0.0,0.0,0.0,0.0,-1.5707964,0.0
1970-01-01 00:00:00.317727316,0.317727316,0.0,0.0,0.0,0.0,0.0,97.14197,0.0,0.0,-1.5707964,0.0
1970-01-01 00:00:00.317733691,0.317733691,0.0,0.0,263.36896,0.0,0.0,0.0,0.0,0.0,-1.5707964,0.0
1970-01-01 00:00:00.317757411,0.317757411,0.0,0.0,0.0,0.0,0.0,389.0583,0.0,0.0,-1.5707964,0.0
1970-01-01 00:00:00.317764362,0.317764362,0.0,0.0,0.0,143.33846,0.0,0.0,0.0,0.0,-1.5707964,0.0
1970-01-01 00:00:00.317774931,0.317774931,0.0,0.0,0.0,0.0,0.0,256.9814,0.0,0.0,-1.5707964,0.0
1970-01-01 00:00:00.317845836,0.317845836,0.0,0.0,0.0,416.097,0.0,0.0,0.0,0.0,-1.5707964,0.0
1970-01-01 00:00:00.317940506,0.317940506,0.0,0.0,0.0,737.38275,0.0,0.0,0.0,0.0,-1.5707964,0.0
1970-01-01 00:00:00.317988142,0.317988142,0.0,0.0,0.0,232.17456,0.0,0.0,0.0,0.0,-1.5707964,0.0
1970-01-01 00:00:00.318066975,0.318066975,0.0,0.0,0.0,447.67545,0.0,0.0,0.0,0.0,-1.5707964,0.0
1970-01-01 00:00:00.318103790,0.31810379,647.7858,0.0,0.0,0.0,0.0,0.0,0.0,0.0,-1.5707964,0.0
1970-01-01 00:00:00.318111875,0.318111875,0.0,0.0,0.0,284.57755,0.0,0.0,0.0,0.0,-1.5707964,0.0
1970-01-01 00:00:00.318121718,0.318121718,0.0,0.0,0.0,345.96994,0.0,0.0,0.0,0.0,-1.5707964,0.0
1970-01-01 00:00:00.318127367,0.318127367,0.0,0.0,0.0,246.106,0.0,0.0,0.0,0.0,-1.5707964,0.0
1970-01-01 00:00:00.318334152,0.318334152,0.0,0.0,0.0,157.65768,0.0,0.0,0.0,0.0,-1.5707964,0.0
1970-01-01 00:00:00.318387118,0.318387118,0.0,0.0,0.0,714.1061,0.0,0.0,0.0,0.0,-1.5707964,0.0
1970-01-01 00:00:00.318552127,0.318552127,0.0,0.0,0.0,0.0,467.21457,0.0,0.0,0.0,-1.5707964,0.0
1970-01-01 00:00:00.318676996,0.318676996,0.0,0.0,0.0,0.0,231.31813,0.0,0.0,0.0,-1.5707964,0.0
1970-01-01 00:00:00.318716610,0.31871661,0.0,0.0,0.0,0.0,197.72137,0.0,0.0,0.0,-1.5707964,0.0
1970-01-01 00:00:00.318720413,0.318720413,242.50183,0.0,0.0,0.0,0.0,0.0,0.0,0.0,-1.5707964,0.0
1970-01-01 00:00:00.318761940,0.31876194,0.0,0.0,451.2501,0.0,0.0,0.0,0.0,0.0,-1.5707964,0.0
1970-01-01 00:00:00.318770511,0.318770511,0.0,0.0,0.0,96.92036,0.0,0.0,0.0,0.0,-1.5707964,0.0
1970-01-01 00:00:00.318804964,0.318804964,0.0,516.70966,0.0,0.0,0.0,0.0,0.0,0.0,-1.5707964,0.0
1970-01-01 00:00:00.318809622,0.318809622,0.0,0.0,0.0,251.09251,0.0,0.0,0.0,0.0,-1.5707964,0.0
1970-01-01 00:00:00.318846874,0.318846874,0.0,0.0,408.469,0.0,0.0,0.0,0.0,0.0,-1.5707964,0.0
1970-01-01 00:00:00.318991724,0.318991724,0.0,0.0,206.45514,0.0,0.0,0.0,0.0,0.0,-1.5707964,0.0
1970-01-01 00:00:00.319063585,0.319063585,0.0,507.17337,0.0,0.0,0.0,0.0,0.0,0.0,-1.5707964,0.0
1970-01-01 00:00:00.319068000,0.319068,0.0,0.0,0.0,0.0,0.0,95.32671,0.0,0.0,-1.5707964,0.0
1970-01-01 00:00:00.319081822,0.319081822,0.0,0.0,210.38304,0.0,0.0,0.0,0.0,0.0,-1.5707964,0.0
1970-01-01 00:00:00.319107431,0.319107431,0.0,0.0,0.0,548.0375,0.0,0.0,0.0,0.0,-1.5707964,0.0
1970-01-01 00:00:00.319131167,0.319131167,0.0,0.0,0.0,167.13518,0.0,0.0,0.0,0.0,-1.5707964,0.0
1970-01-01 00:00:00.319164653,0.319164653,0.0,0.0,0.0,0.0,0.0,316.93573,0.0,0.0,-1.5707964,0.0
1970-01-01 00:00:00.319177660,0.31917766,0.0,0.0,0.0,0.0,0.0,95.184906,0.0,0.0,-1.5707964,0.0
1970-01-01 00:00:00.319197456,0.319197456,0.0,0.0,0.0,0.0,0.0,265.0214,0.0,0.0,-1.5707964,0.0
1970-01-01 00:00:00.319343572,0.319343572,0.0,0.0,0.0,100.67691,0.0,0.0,0.0,0.0,-1.5707964,0.0
1970-01-01 00:00:00.319423424,0.319423424,0.0,0.0,0.0,0.0,313.04,0.0,0.0,0.0,-1.5707964,0.0
1970-01-01 00:00:00.319495138,0.319495138,94.99611,0.0,0.0,0.0,0.0,0.0,0.0,0.0,-1.5707964,0.0
1970-01-01 00:00:00.319511446,0.319511446,0.0,0.0,0.0,0.0,807.5331,0.0,0.0,0.0,-1.5707964,0.0
1970-01-01 00:00:00.319520206,0.319520206,0.0,0.0,0.0,0.0,0.0,308.2835,0.0,0.0,-1.5707964,0.0
1970-01-01 00:00:00.319646960,0.31964696,0.0,0.0,211.65024,0.0,0.0,0.0,0.0,0.0,-1.5707964,0.0
1970-01-01 00:00:00.319702333,0.319702333,0.0,0.0,0.0,507.19775,0.0,0.0,0.0,0.0,-1.5707964,0.0
1970-01-01 00:00:00.319735393,0.319735393,0.0,0.0,0.0,89.80975,0.0,0.0,0.0,0.0,-1.5707964,0.0
1970-01-01 00:00:00.319742945,0.319742945,0.0,0.0,0.0,226.15428,0.0,0.0,0.0,0.0,-1.5707964,0.0
1970-01-01 00:00:00.319883862,0.319883862,0.0,0.0,325.3994,0.0,0.0,0.0,0.0,0.0,-1.5707964,0.0
1970-01-01 00:00:00.319904878,0.319904878,0.0,0.0,0.0,628.80457,0.0,0.0,0.0,0.0,-1.5707964,0.0
1970-01-01 00:00:00.319975472,0.319975472,305.42245,0.0,0.0,0.0,0.0,0.0,0.0,0.0,-1.5707964,0.0
1970-01-01 00:00:00.319991555,0.319991555,0.0,0.0,0.0,0.0,0.0,300.77966,0.0,0.0,-1.5707964,0.0
1970-01-01 00:00:00.320079264,0.320079264,0.0,0.0,141.276,0.0,0.0,0.0,0.0,0.0,-1.5707964,0.0
1970-01-01 00:00:00.320162269,0.320162269,0.0,0.0,0.0,0.0,0.0,122.26363,0.0,0.0,-1.5707964,0.0
1970-01-01 00:00:00.320182794,0.320182794,0.0,0.0,0.0,415.18222,0.0,0.0,0.0,0.0,-1.5707964,0.0
1970-01-01 00:00:00.320247110,0.32024711,0.0,0.0,0.0,419.94498,0.0,0.0,0.0,0.0,-1.5707964,0.0
1970-01-01 00:00:00.320322683,0.320322683,0.0,0.0,0.0,692.4682,0.0,0.0,0.0,0.0,-1.5707964,0.0
1970-01-01 00:00:00.320339396,0.320339396,0.0,0.0,0.0,159.94702,0.0,0.0,0.0,0.0,-1.5707964,0.0
1970-01-01 00:00:00.320393018,0.320393018,0.0,527.92255,0.0,0.0,0.0,0.0,0.0,0.0,-1.5707964,0.0
1970-01-01 00:00:00.320424689,0.320424689,0.0,0.0,0.0,83.30708,0.0,0.0,0.0,0.0,-1.5707964,0.0
1970-01-01 00:00:00.320618981,0.320618981,0.0,0.0,0.0,0.0,186.90593,0.0,0.0,0.0,-1.5707964,0.0
1970-01-01 00:00:00.320777495,0.320777495,0.0,360.29242,0.0,0.0,0.0,0.0,0.0,0.0,-1.5707964,0.0
1970-01-01 00:00:00.320797934,0.320797934,0.0,0.0,0.0,0.0,0.0,139.07932,0.0,0.0,-1.5707964,0.0
1970-01-01 00:00:00.320865835,0.320865835,0.0,0.0,0.0,0.0,0.0,118.167404,0.0,0.0,-1.5707964,0.0
1970-01-01 00:00:00.320910736,0.320910736,0.0,0.0,0.0,289.7255,0.0,0.0,0.0,0.0,-1.5707964,0.0
1970-01-01 00:00:00.320910736,0.320910736,0.0,0.0,0.0,0.0,0.0,210.95488,0.0,0.0,-1.5707964,0.0
1970-01-01 00:00:00.320995999,0.320995999,0.0,0.0,0.0,0.0,242.62544,0.0,0.0,0.0,-1.5707964,0.0
1970-01-01 00:00:00.321046929,0.321046929,0.0,0.0,176.52385,0.0,0.0,0.0,0.0,0.0,-1.5707964,0.0
1970-01-01 00:00:00.321148264,0.321148264,0.0,0.0,0.0,190.92235,0.0,0.0,0.0,0.0,-1.5707964,0.0
1970-01-01 00:00:00.321148264,0.321148264,0.0,0.0,0.0,82.10186,0.0,0.0,0.0,0.0,-1.5707964,0.0
1970-01-01 00:00:00.321237384,0.321237384,0.0,0.0,0.0,352.29187,0.0,0.0,0.0,0.0,-1.5707964,0.0
1970-01-01 00:00:00.321258642,0.321258642,0.0,0.0,0.0,618.8341,0.0,0.0,0.0,0.0,-1.5707964,0.0
1970-01-01 00:00:00.321332830,0.32133283,0.0,0.0,1732.371,0.0,0.0,0.0,0.0,0.0,-1.5707964,0.0
1970-01-01 00:00:00.321396970,0.32139697,0.0,0.0,462.82504,0.0,0.0,0.0,0.0,0.0,-1.5707964,0.0
1970-01-01 00:00:00.321459353,0.321459353,0.0,0.0,0.0,0.0,0.0,249.63757,0.0,0.0,-1.5707964,0.0
1970-01-01 00:00:00.321492420,0.32149242,0.0,0.0,0.0,125.366356,0.0,0.0,0.0,0.0,-1.5707964,0.0
1970-01-01 00:00:00.321541617,0.321541617,0.0,0.0,398.32822,0.0,0.0,0.0,0.0,0.0,-1.5707964,0.0
1970-01-01 00:00:00.321545478,0.321545478,0.0,0.0,337.50507,0.0,0.0,0.0,0.0,0.0,-1.5707964,0.0
1970-01-01 00:00:00.321591409,0.321591409,0.0,0.0,0.0,88.35849,0.0,0.0,0.0,0.0,-1.5707964,0.0
1970-01-01 00:00:00.321654048,0.321654048,0.0,0.0,0.0,706.5463,0.0,0.0,0.0,0.0,-1.5707964,0.0
1970-01-01 00:00:00.321695691,0.321695691,0.0,0.0,104.84809,0.0,0.0,0.0,0.0,0.0,-1.5707964,0.0
1970-01-01 00:00:00.321697853,0.321697853,0.0,0.0,0.0,444.32648,0.0,0.0,0.0,0.0,-1.5707964,0.0
1970-01-01 00:00:00.321762744,0.321762744,0.0,0.0,0.0,0.0,264.1502,0.0,0.0,0.0,-1.5707964,0.0
1970-01-01 00:00:00.321794946,0.321794946,0.0,0.0,0.0,0.0,0.0,234.76,0.0,0.0,-1.5707964,0.0
1970-01-01 00:00:00.321962238,0.321962238,0.0,0.0,0.0,104.00194,0.0,0.0,0.0,0.0,-1.5707964,0.0
1970-01-01 00:00:00.322198470,0.32219847,0.0,0.0,0.0,123.70007,0.0,0.0,0.0,0.0,-1.5707964,0.0
1970-01-01 00:00:00.322223345,0.322223345,0.0,0.0,0.0,89.25853,0.0,0.0,0.0,0.0,-1.5707964,0.0
1970-01-01 00:00:00.322229731,0.322229731,0.0,0.0,0.0,201.46432,0.0,0.0,0.0,0.0,-1.5707964,0.0
1970-01-01 00:00:00.322307611,0.322307611,0.0,84.65912,0.0,0.0,0.0,0.0,0.0,0.0,-1.5707964,0.0
1970-01-01 00:00:00.322345471,0.322345471,0.0,0.0,0.0,421.2217,0.0,0.0,0.0,0.0,-1.5707964,0.0
1970-01-01 00:00:00.322447596,0.322447596,0.0,0.0,0.0,211.89845,0.0,0.0,0.0,0.0,-1.5707964,0.0
1970-01-01 00:00:00.322493804,0.322493804,0.0,0.0,0.0,218.83174,0.0,0.0,0.0,0.0,-1.5707964,0.0
1970-01-01 00:00:00.322494247,0.322494247,0.0,469.87042,0.0,0.0,0.0,0.0,0.0,0.0,-1.5707964,0.0
1970-01-01 00:00:00.322559290,0.32255929,0.0,0.0,0.0,0.0,0.0,125.62957,0.0,0.0,-1.5707964,0.0
1970-01-01 00:00:00.322600063,0.322600063,0.0,0.0,0.0,219.52173,0.0,0.0,0.0,0.0,-1.5707964,0.0
1970-01-01 00:00:00.322663005,0.322663005,0.0,0.0,227.00313,0.0,0.0,0.0,0.0,0.0,-1.5707964,0.0
1970-01-01 00:00:00.322743408,0.322743408,0.0,183.66971,0.0,0.0,0.0,0.0,0.0,0.0,-1.5707964,0.0
1970-01-01 00:00:00.322773711,0.322773711,0.0,0.0,117.76236,0.0,0.0,0.0,0.0,0.0,-1.5707964,0.0
1970-01-01 00:00:00.322775820,0.32277582,0.0,0.0,0.0,80.28781,0.0,0.0,0.0,0.0,-1.5707964,0.0
1970-01-01 00:00:00.322852000,0.322852,0.0,0.0,1408.2378,0.0,0.0,0.0,0.0,0.0,-1.5707964,0.0
1970-01-01 00:00:00.322908840,0.32290884,0.0,0.0,0.0,0.0,316.21103,0.0,0.0,0.0,-1.5707964,0.0
1970-01-01 00:00:00.322947837,0.322947837,0.0,0.0,393.76965,0.0,0.0,0.0,0.0,0.0,-1.5707964,0.0
1970-01-01 00:00:00.322951473,0.322951473,0.0,0.0,0.0,132.66068,0.0,0.0,0.0,0.0,-1.5707964,0.0
1970-01-01 00:00:00.322991404,0.322991404,0.0,352.74973,0.0,0.0,0.0,0.0,0.0,0.0,-1.5707964,0.0
1970-01-01 00:00:00.323118265,0.323118265,169.33365,0.0,0.0,0.0,0.0,0.0,0.0,0.0,-1.5707964,0.0
1970-01-01 00:00:00.323287422,0.323287422,0.0,0.0,0.0,593.205,0.0,0.0,0.0,0.0,-1.5707964,0.0
1970-01-01 00:00:00.323452773,0.323452773,0.0,0.0,0.0,462.7994,0.0,0.0,0.0,0.0,-1.5707964,0.0
1970-01-01 00:00:00.323660313,0.323660313,0.0,0.0,0.0,0.0,120.36646,0.0,0.0,0.0,-1.5707964,0.0
1970-01-01 00:00:00.323695912,0.323695912,0.0,0.0,0.0,426.13,0.0,0.0,0.0,0.0,-1.5707964,0.0
1970-01-01 00:00:00.323939761,0.323939761,0.0,0.0,0.0,1689.6167,0.0,0.0,0.0,0.0,-1.5707964,0.0
1970-01-01 00:00:00.323944242,0.323944242,0.0,0.0,136.19635,0.0,0.0,0.0,0.0,0.0,-1.5707964,0.0
1970-01-01 00:00:00.324007315,0.324007315,0.0,0.0,0.0,0.0,271.88837,0.0,0.0,0.0,-1.5707964,0.0
1970-01-01 00:00:00.324080202,0.324080202,0.0,0.0,0.0,356.33356,0.0,0.0,0.0,0.0,-1.5707964,0.0
1970-01-01 00:00:00.324205923,0.324205923,0.0,0.0,641.7234,0.0,0.0,0.0,0.0,0.0,-1.5707964,0.0
1970-01-01 00:00:00.324206741,0.324206741,0.0,0.0,0.0,323.24448,0.0,0.0,0.0,0.0,-1.5707964,0.0
1970-01-01 00:00:00.324208228,0.324208228,0.0,0.0,164.53639,0.0,0.0,0.0,0.0,0.0,-1.5707964,0.0
1970-01-01 00:00:00.324216931,0.324216931,0.0,0.0,529.207,0.0,0.0,0.0,0.0,0.0,-1.5707964,0.0
1970-01-01 00:00:00.324276915,0.324276915,0.0,0.0,0.0,101.11657,0.0,0.0,0.0,0.0,-1.5707964,0.0
1970-01-01 00:00:00.324530107,0.324530107,0.0,0.0,0.0,0.0,0.0,176.4182,0.0,0.0,-1.5707964,0.0
1970-01-01 00:00:00.324533429,0.324533429,0.0,207.49112,0.0,0.0,0.0,0.0,0.0,0.0,-1.5707964,0.0
1970-01-01 00:00:00.324554169,0.324554169,0.0,0.0,0.0,0.0,0.0,269.82806,0.0,0.0,-1.5707964,0.0
1970-01-01 00:00:00.324589945,0.324589945,0.0,0.0,98.94264,0.0,0.0,0.0,0.0,0.0,-1.5707964,0.0
1970-01-01 00:00:00.324633208,0.324633208,446.14697,0.0,0.0,0.0,0.0,0.0,0.0,0.0,-1.5707964,0.0
1970-01-01 00:00:00.324665653,0.324665653,0.0,0.0,0.0,332.48492,0.0,0.0,0.0,0.0,-1.5707964,0.0
1970-01-01 00:00:00.324681653,0.324681653,0.0,0.0,0.0,311.2385,0.0,0.0,0.0,0.0,-1.5707964,0.0
1970-01-01 00:00:00.324722656,0.324722656,0.0,0.0,0.0,903.55634,0.0,0.0,0.0,0.0,-1.5707964,0.0
1970-01-01 00:00:00.324733140,0.32473314,0.0,0.0,0.0,132.15431,0.0,0.0,0.0,0.0,-1.5707964,0.0
1970-01-01 00:00:00.324813748,0.324813748,0.0,0.0,0.0,454.52158,0.0,0.0,0.0,0.0,-1.5707964,0.0
1970-01-01 00:00:00.324884274,0.324884274,0.0,0.0,0.0,0.0,0.0,347.42242,0.0,0.0,-1.5707964,0.0
1970-01-01 00:00:00.324936412,0.324936412,0.0,217.29236,0.0,0.0,0.0,0.0,0.0,0.0,-1.5707964,0.0
1970-01-01 00:00:00.324951747,0.324951747,0.0,0.0,0.0,127.0415,0.0,0.0,0.0,0.0,-1.5707964,0.0
1970-01-01 00:00:00.325060040,0.32506004,0.0,0.0,0.0,903.41675,0.0,0.0,0.0,0.0,-1.5707964,0.0
1970-01-01 00:00:00.325186706,0.325186706,0.0,0.0,0.0,95.82589,0.0,0.0,0.0,0.0,-1.5707964,0.0
1970-01-01 00:00:00.325337946,0.325337946,0.0,0.0,0.0,0.0,0.0,193.09734,0.0,0.0,-1.5707964,0.0
1970-01-01 00:00:00.325361338,0.325361338,0.0,0.0,0.0,0.0,0.0,609.85175,0.0,0.0,-1.5707964,0.0
1970-01-01 00:00:00.325392586,0.325392586,0.0,0.0,199.06804,0.0,0.0,0.0,0.0,0.0,-1.5707964,0.0
1970-01-01 00:00:00.325426605,0.325426605,0.0,0.0,0.0,318.86743,0.0,0.0,0.0,0.0,-1.5707964,0.0
1970-01-01 00:00:00.325430930,0.32543093,0.0,0.0,0.0,97.814674,0.0,0.0,0.0,0.0,-1.5707964,0.0
1970-01-01 00:00:00.325493551,0.325493551,0.0,0.0,0.0,0.0,0.0,109.691,0.0,0.0,-1.5707964,0.0
1970-01-01 00:00:00.325495902,0.325495902,0.0,0.0,684.95306,0.0,0.0,0.0,0.0,0.0,-1.5707964,0.0
1970-01-01 00:00:00.325542912,0.325542912,0.0,0.0,0.0,323.81174,0.0,0.0,0.0,0.0,-1.5707964,0.0
1970-01-01 00:00:00.325577894,0.325577894,0.0,0.0,0.0,149.44803,0.0,0.0,0.0,0.0,-1.5707964,0.0
1970-01-01 00:00:00.325610669,0.325610669,0.0,0.0,0.0,426.0356,0.0,0.0,0.0,0.0,-1.5707964,0.0
1970-01-01 00:00:00.325632981,0.325632981,0.0,0.0,0.0,928.4851,0.0,0.0,0.0,0.0,-1.5707964,0.0
1970-01-01 00:00:00.325679973,0.325679973,0.0,0.0,0.0,212.03781,0.0,0.0,0.0,0.0,-1.5707964,0.0
1970-01-01 00:00:00.325685976,0.325685976,0.0,0.0,0.0,227.0861,0.0,0.0,0.0,0.0,-1.5707964,0.0
1970-01-01 00:00:00.325730512,0.325730512,0.0,254.8389,0.0,0.0,0.0,0.0,0.0,0.0,-1.5707964,0.0
1970-01-01 00:00:00.325748460,0.32574846,0.0,179.13498,0.0,0.0,0.0,0.0,0.0,0.0,-1.5707964,0.0
1970-01-01 00:00:00.325748460,0.32574846,0.0,0.0,0.0,1223.3751,0.0,0.0,0.0,0.0,-1.5707964,0.0
1970-01-01 00:00:00.325847985,0.325847985,0.0,0.0,0.0,367.02606,0.0,0.0,0.0,0.0,-1.5707964,0.0
1970-01-01 00:00:00.325894031,0.325894031,0.0,0.0,0.0,452.36087,0.0,0.0,0.0,0.0,-1.5707964,0.0
1970-01-01 00:00:00.325944913,0.325944913,0.0,0.0,573.7567,0.0,0.0,0.0,0.0,0.0,-1.5707964,0.0
1970-01-01 00:00:00.326021093,0.326021093,0.0,187.38707,0.0,0.0,0.0,0.0,0.0,0.0,-1.5707964,0.0
1970-01-01 00:00:00.326059057,0.326059057,0.0,0.0,0.0,0.0,0.0,135.9494,0.0,0.0,-1.5707964,0.0
1970-01-01 00:00:00.326093286,0.326093286,0.0,0.0,0.0,611.9911,0.0,0.0,0.0,0.0,-1.5707964,0.0
1970-01-01 00:00:00.326113325,0.326113325,0.0,0.0,0.0,0.0,133.50182,0.0,0.0,0.0,-1.5707964,0.0
1970-01-01 00:00:00.326317616,0.326317616,0.0,592.46606,0.0,0.0,0.0,0.0,0.0,0.0,-1.5707964,0.0
1970-01-01 00:00:00.326317616,0.326317616,0.0,0.0,0.0,185.20735,0.0,0.0,0.0,0.0,-1.5707964,0.0
1970-01-01 00:00:00.326344508,0.326344508,0.0,0.0,266.26163,0.0,0.0,0.0,0.0,0.0,-1.5707964,0.0
1970-01-01 00:00:00.326359382,0.326359382,0.0,0.0,0.0,0.0,1144.8247,0.0,0.0,0.0,-1.5707964,0.0
1970-01-01 00:00:00.326359392,0.326359392,0.0,0.0,0.0,0.0,0.0,206.18428,0.0,0.0,-1.5707964,0.0
1970-01-01 00:00:00.326381105,0.326381105,0.0,0.0,0.0,1647.4647,0.0,0.0,0.0,0.0,-1.5707964,0.0
1970-01-01 00:00:00.326452593,0.326452593,0.0,0.0,0.0,0.0,0.0,676.5014,0.0,0.0,-1.5707964,0.0
1970-01-01 00:00:00.326453840,0.32645384,0.0,0.0,0.0,177.6313,0.0,0.0,0.0,0.0,-1.5707964,0.0
1970-01-01 00:00:00.326486424,0.326486424,0.0,0.0,643.74567,0.0,0.0,0.0,0.0,0.0,-1.5707964,0.0
1970-01-01 00:00:00.326498520,0.32649852,0.0,0.0,0.0,80.45094,0.0,0.0,0.0,0.0,-1.5707964,0.0
1970-01-01 00:00:00.326507402,0.326507402,0.0,0.0,0.0,0.0,663.811,0.0,0.0,0.0,-1.5707964,0.0
1970-01-01 00:00:00.326567337,0.326567337,0.0,142.9996,0.0,0.0,0.0,0.0,0.0,0.0,-1.5707964,0.0
1970-01-01 00:00:00.326593776,0.326593776,0.0,0.0,0.0,572.12134,0.0,0.0,0.0,0.0,-1.5707964,0.0
1970-01-01 00:00:00.326659694,0.326659694,0.0,0.0,141.11708,0.0,0.0,0.0,0.0,0.0,-1.5707964,0.0
1970-01-01 00:00:00.326778133,0.326778133,0.0,0.0,0.0,160.53183,0.0,0.0,0.0,0.0,-1.5707964,0.0
1970-01-01 00:00:00.326828702,0.326828702,0.0,0.0,280.3236,0.0,0.0,0.0,0.0,0.0,-1.5707964,0.0
1970-01-01 00:00:00.326879681,0.326879681,0.0,0.0,0.0,0.0,367.8974,0.0,0.0,0.0,-1.5707964,0.0
1970-01-01 00:00:00.326938527,0.326938527,0.0,0.0,358.65845,0.0,0.0,0.0,0.0,0.0,-1.5707964,0.0
1970-01-01 00:00:00.326948598,0.326948598,0.0,0.0,0.0,0.0,297.53717,0.0,0.0,0.0,-1.5707964,0.0
1970-01-01 00:00:00.326953421,0.326953421,0.0,0.0,0.0,183.96059,0.0,0.0,0.0,0.0,-1.5707964,0.0
1970-01-01 00:00:00.326972024,0.326972024,0.0,0.0,347.20792,0.0,0.0,0.0,0.0,0.0,-1.5707964,0.0
1970-01-01 00:00:00.326986284,0.326986284,0.0,0.0,0.0,518.742,0.0,0.0,0.0,0.0,-1.5707964,0.0
1970-01-01 00:00:00.327036124,0.327036124,0.0,0.0,107.63339,0.0,0.0,0.0,0.0,0.0,-1.5707964,0.0
1970-01-01 00:00:00.327049207,0.327049207,0.0,0.0,0.0,89.50633,0.0,0.0,0.0,0.0,-1.5707964,0.0
1970-01-01 00:00:00.327067620,0.32706762,0.0,211.96391,0.0,0.0,0.0,0.0,0.0,0.0,-1.5707964,0.0
1970-01-01 00:00:00.327073847,0.327073847,0.0,423.91068,0.0,0.0,0.0,0.0,0.0,0.0,-1.5707964,0.0
1970-01-01 00:00:00.327227253,0.327227253,0.0,0.0,0.0,0.0,165.93411,0.0,0.0,0.0,-1.5707964,0.0
1970-01-01 00:00:00.327270918,0.327270918,0.0,0.0,0.0,0.0,130.49522,0.0,0.0,0.0,-1.5707964,0.0
1970-01-01 00:00:00.327286378,0.327286378,0.0,0.0,0.0,156.46661,0.0,0.0,0.0,0.0,-1.5707964,0.0
1970-01-01 00:00:00.327286512,0.327286512,0.0,0.0,328.816,0.0,0.0,0.0,0.0,0.0,-1.5707964,0.0
1970-01-01 00:00:00.327290302,0.327290302,0.0,669.4092,0.0,0.0,0.0,0.0,0.0,0.0,-1.5707964,0.0
1970-01-01 00:00:00.327357526,0.327357526,0.0,532.9826,0.0,0.0,0.0,0.0,0.0,0.0,-1.5707964,0.0
1970-01-01 00:00:00.327481220,0.32748122,0.0,0.0,0.0,118.74208,0.0,0.0,0.0,0.0,-1.5707964,0.0
1970-01-01 00:00:00.327501365,0.327501365,0.0,0.0,0.0,0.0,0.0,222.73605,0.0,0.0,-1.5707964,0.0
1970-01-01 00:00:00.327513956,0.327513956,0.0,0.0,0.0,392.66263,0.0,0.0,0.0,0.0,-1.5707964,0.0
1970-01-01 00:00:00.327540380,0.32754038,0.0,0.0,0.0,0.0,141.4932,0.0,0.0,0.0,-1.5707964,0.0
1970-01-01 00:00:00.327576207,0.327576207,0.0,0.0,0.0,0.0,0.0,279.35455,0.0,0.0,-1.5707964,0.0
1970-01-01 00:00:00.327614129,0.327614129,0.0,0.0,0.0,0.0,201.75433,0.0,0.0,0.0,-1.5707964,0.0
1970-01-01 00:00:00.327709687,0.327709687,0.0,0.0,0.0,246.13397,0.0,0.0,0.0,0.0,-1.5707964,0.0
1970-01-01 00:00:00.327736274,0.327736274,0.0,0.0,190.40494,0.0,0.0,0.0,0.0,0.0,-1.5707964,0.0
1970-01-01 00:00:00.327763957,0.327763957,0.0,0.0,0.0,130.6421,0.0,0.0,0.0,0.0,-1.5707964,0.0
1970-01-01 00:00:00.327812212,0.327812212,0.0,216.4373,0.0,0.0,0.0,0.0,0.0,0.0,-1.5707964,0.0
1970-01-01 00:00:00.327815181,0.327815181,0.0,0.0,0.0,374.8993,0.0,0.0,0.0,0.0,-1.5707964,0.0
1970-01-01 00:00:00.327833095,0.327833095,0.0,682.30206,0.0,0.0,0.0,0.0,0.0,0.0,-1.5707964,0.0
1970-01-01 00:00:00.327852160,0.32785216,0.0,414.80286,0.0,0.0,0.0,0.0,0.0,0.0,-1.5707964,0.0
1970-01-01 00:00:00.327877972,0.327877972,0.0,0.0,0.0,0.0,0.0,138.27068,0.0,0.0,-1.5707964,0.0
1970-01-01 00:00:00.327905616,0.327905616,0.0,276.52502,0.0,0.0,0.0,0.0,0.0,0.0,-1.5707964,0.0
1970-01-01 00:00:00.327971913,0.327971913,0.0,0.0,0.0,0.0,0.0,146.86958,0.0,0.0,-1.5707964,0.0
1970-01-01 00:00:00.328015544,0.328015544,163.57333,0.0,0.0,0.0,0.0,0.0,0.0,0.0,-1.5707964,0.0
1970-01-01 00:00:00.328059692,0.328059692,0.0,0.0,0.0,202.75972,0.0,0.0,0.0,0.0,-1.5707964,0.0
1970-01-01 00:00:00.328169013,0.328169013,0.0,0.0,0.0,766.5151,0.0,0.0,0.0,0.0,-1.5707964,0.0
1970-01-01 00:00:00.328169921,0.328169921,128.23962,0.0,0.0,0.0,0.0,0.0,0.0,0.0,-1.5707964,0.0
1970-01-01 00:00:00.328174323,0.328174323,0.0,0.0,634.45703,0.0,0.0,0.0,0.0,0.0,-1.5707964,0.0
1970-01-01 00:00:00.328179448,0.328179448,0.0,0.0,0.0,0.0,0.0,224.34341,0.0,0.0,-1.5707964,0.0
1970-01-01 00:00:00.328182443,0.328182443,0.0,0.0,276.76773,0.0,0.0,0.0,0.0,0.0,-1.5707964,0.0
1970-01-01 00:00:00.328195293,0.328195293,0.0,0.0,0.0,0.0,579.3501,0.0,0.0,0.0,-1.5707964,0.0
1970-01-01 00:00:00.328195293,0.328195293,0.0,0.0,0.0,0.0,496.97147,0.0,0.0,0.0,-1.5707964,0.0
1970-01-01 00:00:00.328234486,0.328234486,0.0,0.0,0.0,301.24426,0.0,0.0,0.0,0.0,-1.5707964,0.0
1970-01-01 00:00:00.328254375,0.328254375,0.0,0.0,0.0,214.2809,0.0,0.0,0.0,0.0,-1.5707964,0.0
1970-01-01 00:00:00.328262507,0.328262507,0.0,0.0,0.0,409.31992,0.0,0.0,0.0,0.0,-1.5707964,0.0
1970-01-01 00:00:00.328264836,0.328264836,0.0,0.0,0.0,1453.7758,0.0,0.0,0.0,0.0,-1.5707964,0.0
1970-01-01 00:00:00.328282211,0.328282211,0.0,0.0,0.0,728.8521,0.0,0.0,0.0,0.0,-1.5707964,0.0
1970-01-01 00:00:00.328404899,0.328404899,0.0,0.0,0.0,162.23917,0.0,0.0,0.0,0.0,-1.5707964,0.0
1970-01-01 00:00:00.328439390,0.32843939,0.0,0.0,0.0,1366.1932,0.0,0.0,0.0,0.0,-1.5707964,0.0
1970-01-01 00:00:00.328448733,0.328448733,0.0,0.0,0.0,187.59232,0.0,0.0,0.0,0.0,-1.5707964,0.0
1970-01-01 00:00:00.328541577,0.328541577,0.0,0.0,157.00296,0.0,0.0,0.0,0.0,0.0,-1.5707964,0.0
1970-01-01 00:00:00.328607637,0.328607637,0.0,0.0,0.0,417.73108,0.0,0.0,0.0,0.0,-1.5707964,0.0
1970-01-01 00:00:00.328627859,0.328627859,0.0,151.08188,0.0,0.0,0.0,0.0,0.0,0.0,-1.5707964,0.0
1970-01-01 00:00:00.328654406,0.328654406,0.0,0.0,0.0,348.69812,0.0,0.0,0.0,0.0,-1.5707964,0.0
1970-01-01 00:00:00.328745987,0.328745987,0.0,157.51642,0.0,0.0,0.0,0.0,0.0,0.0,-1.5707964,0.0
1970-01-01 00:00:00.328781776,0.328781776,0.0,0.0,0.0,618.38544,0.0,0.0,0.0,0.0,-1.5707964,0.0
1970-01-01 00:00:00.328807558,0.328807558,0.0,0.0,0.0,658.8755,0.0,0.0,0.0,0.0,-1.5707964,0.0
1970-01-01 00:00:00.328885208,0.328885208,0.0,0.0,0.0,503.5374,0.0,0.0,0.0,0.0,-1.5707964,0.0
1970-01-01 00:00:00.328892395,0.328892395,0.0,0.0,0.0,0.0,0.0,707.0553,0.0,0.0,-1.5707964,0.0
1970-01-01 00:00:00.328928210,0.32892821,0.0,0.0,0.0,171.73769,0.0,0.0,0.0,0.0,-1.5707964,0.0
1970-01-01 00:00:00.328966821,0.328966821,0.0,0.0,0.0,0.0,0.0,114.93549,0.0,0.0,-1.5707964,0.0
1970-01-01 00:00:00.328997653,0.328997653,0.0,0.0,0.0,450.50098,0.0,0.0,0.0,0.0,-1.5707964,0.0
1970-01-01 00:00:00.329024180,0.32902418,0.0,0.0,0.0,0.0,0.0,229.6209,0.0,0.0,-1.5707964,0.0
1970-01-01 00:00:00.329024772,0.329024772,0.0,0.0,0.0,0.0,0.0,570.4001,0.0,0.0,-1.5707964,0.0
1970-01-01 00:00:00.329024893,0.329024893,0.0,0.0,0.0,478.62625,0.0,0.0,0.0,0.0,-1.5707964,0.0
1970-01-01 00:00:00.329068704,0.329068704,0.0,0.0,787.3826,0.0,0.0,0.0,0.0,0.0,-1.5707964,0.0
1970-01-01 00:00:00.329078407,0.329078407,0.0,0.0,0.0,459.47244,0.0,0.0,0.0,0.0,-1.5707964,0.0
1970-01-01 00:00:00.329103837,0.329103837,0.0,0.0,0.0,0.0,493.1704,0.0,0.0,0.0,-1.5707964,0.0
1970-01-01 00:00:00.329138866,0.329138866,0.0,0.0,0.0,0.0,0.0,117.16541,0.0,0.0,-1.5707964,0.0
1970-01-01 00:00:00.329178961,0.329178961,0.0,0.0,0.0,1639.1055,0.0,0.0,0.0,0.0,-1.5707964,0.0
1970-01-01 00:00:00.329316040,0.32931604,0.0,0.0,0.0,0.0,0.0,90.21182,0.0,0.0,-1.5707964,0.0
1970-01-01 00:00:00.329388832,0.329388832,0.0,0.0,0.0,0.0,631.2949,0.0,0.0,0.0,-1.5707964,0.0
1970-01-01 00:00:00.329388832,0.329388832,0.0,0.0,0.0,2078.9866,0.0,0.0,0.0,0.0,-1.5707964,0.0
1970-01-01 00:00:00.329537524,0.329537524,0.0,0.0,0.0,0.0,0.0,98.22659,0.0,0.0,-1.5707964,0.0
1970-01-01 00:00:00.329574696,0.329574696,0.0,0.0,0.0,394.79126,0.0,0.0,0.0,0.0,-1.5707964,0.0
1970-01-01 00:00:00.329585754,0.329585754,0.0,0.0,0.0,160.17085,0.0,0.0,0.0,0.0,-1.5707964,0.0
1970-01-01 00:00:00.329670000,0.32967,0.0,0.0,114.69782,0.0,0.0,0.0,0.0,0.0,-1.5707964,0.0
1970-01-01 00:00:00.329752072,0.329752072,0.0,0.0,0.0,0.0,125.089165,0.0,0.0,0.0,-1.5707964,0.0
1970-01-01 00:00:00.329890582,0.329890582,0.0,179.89238,0.0,0.0,0.0,0.0,0.0,0.0,-1.5707964,0.0
1970-01-01 00:00:00.330106740,0.33010674,0.0,0.0,0.0,513.0383,0.0,0.0,0.0,0.0,-1.5707964,0.0
1970-01-01 00:00:00.330111563,0.330111563,0.0,0.0,0.0,292.0019,0.0,0.0,0.0,0.0,-1.5707964,0.0
1970-01-01 00:00:00.330119372,0.330119372,0.0,0.0,0.0,161.85556,0.0,0.0,0.0,0.0,-1.5707964,0.0
1970-01-01 00:00:00.330202123,0.330202123,0.0,0.0,0.0,0.0,0.0,170.331,0.0,0.0,-1.5707964,0.0
1970-01-01 00:00:00.330215624,0.330215624,0.0,0.0,0.0,212.17824,0.0,0.0,0.0,0.0,-1.5707964,0.0
1970-01-01 00:00:00.330366904,0.330366904,0.0,0.0,0.0,1039.0867,0.0,0.0,0.0,0.0,-1.5707964,0.0
1970-01-01 00:00:00.330387466,0.330387466,520.3035,0.0,0.0,0.0,0.0,0.0,0.0,0.0,-1.5707964,0.0
1970-01-01 00:00:00.330387466,0.330387466,0.0,0.0,154.58293,0.0,0.0,0.0,0.0,0.0,-1.5707964,0.0
1970-01-01 00:00:00.330435843,0.330435843,0.0,0.0,0.0,0.0,0.0,259.4769,0.0,0.0,-1.5707964,0.0
1970-01-01 00:00:00.330539907,0.330539907,0.0,0.0,0.0,920.874,0.0,0.0,0.0,0.0,-1.5707964,0.0
1970-01-01 00:00:00.330600353,0.330600353,0.0,0.0,0.0,283.30984,0.0,0.0,0.0,0.0,-1.5707964,0.0
1970-01-01 00:00:00.330652490,0.33065249,0.0,0.0,0.0,0.0,302.26413,0.0,0.0,0.0,-1.5707964,0.0
1970-01-01 00:00:00.330663528,0.330663528,0.0,0.0,139.82835,0.0,0.0,0.0,0.0,0.0,-1.5707964,0.0
1970-01-01 00:00:00.330736992,0.330736992,0.0,0.0,0.0,107.089714,0.0,0.0,0.0,0.0,-1.5707964,0.0
1970-01-01 00:00:00.330840966,0.330840966,0.0,0.0,0.0,0.0,0.0,270.8827,0.0,0.0,-1.5707964,0.0
1970-01-01 00:00:00.330969025,0.330969025,0.0,0.0,0.0,355.4677,0.0,0.0,0.0,0.0,-1.5707964,0.0
1970-01-01 00:00:00.331109473,0.331109473,0.0,0.0,316.81943,0.0,0.0,0.0,0.0,0.0,-1.5707964,0.0
1970-01-01 00:00:00.331160224,0.331160224,0.0,0.0,487.1633,0.0,0.0,0.0,0.0,0.0,-1.5707964,0.0
1970-01-01 00:00:00.331229590,0.33122959,0.0,0.0,0.0,533.7243,0.0,0.0,0.0,0.0,-1.5707964,0.0
1970-01-01 00:00:00.331231584,0.331231584,0.0,0.0,119.01245,0.0,0.0,0.0,0.0,0.0,-1.5707964,0.0
1970-01-01 00:00:00.331280209,0.331280209,0.0,0.0,0.0,0.0,0.0,2583.2363,0.0,0.0,-1.5707964,0.0
1970-01-01 00:00:00.331285610,0.33128561,0.0,0.0,0.0,0.0,0.0,388.17685,0.0,0.0,-1.5707964,0.0
1970-01-01 00:00:00.331301085,0.331301085,0.0,0.0,0.0,425.6873,0.0,0.0,0.0,0.0,-1.5707964,0.0
1970-01-01 00:00:00.331414713,0.331414713,0.0,2134.9153,0.0,0.0,0.0,0.0,0.0,0.0,-1.5707964,0.0
1970-01-01 00:00:00.331473566,0.331473566,0.0,0.0,0.0,80.79765,0.0,0.0,0.0,0.0,-1.5707964,0.0
1970-01-01 00:00:00.331531170,0.33153117,0.0,0.0,0.0,169.64056,0.0,0.0,0.0,0.0,-1.5707964,0.0
1970-01-01 00:00:00.331581026,0.331581026,0.0,0.0,0.0,0.0,0.0,2120.5332,0.0,0.0,-1.5707964,0.0
1970-01-01 00:00:00.331664396,0.331664396,0.0,0.0,0.0,718.19275,0.0,0.0,0.0,0.0,-1.5707964,0.0
1970-01-01 00:00:00.331772144,0.331772144,0.0,0.0,388.97632,0.0,0.0,0.0,0.0,0.0,-1.5707964,0.0
1970-01-01 00:00:00.332018805,0.332018805,0.0,0.0,461.58664,0.0,0.0,0.0,0.0,0.0,-1.5707964,0.0
1970-01-01 00:00:00.332053380,0.33205338,0.0,0.0,0.0,0.0,0.0,180.55,0.0,0.0,-1.5707964,0.0
1970-01-01 00:00:00.332074188,0.332074188,0.0,0.0,0.0,91.7753,0.0,0.0,0.0,0.0,-1.5707964,0.0
1970-01-01 00:00:00.332077927,0.332077927,0.0,0.0,141.55063,0.0,0.0,0.0,0.0,0.0,-1.5707964,0.0
1970-01-01 00:00:00.332124690,0.33212469,0.0,0.0,0.0,598.9475,0.0,0.0,0.0,0.0,-1.5707964,0.0
1970-01-01 00:00:00.332367917,0.332367917,0.0,0.0,611.9518,0.0,0.0,0.0,0.0,0.0,-1.5707964,0.0
1970-01-01 00:00:00.332382085,0.332382085,0.0,0.0,0.0,0.0,0.0,171.31622,0.0,0.0,-1.5707964,0.0
1970-01-01 00:00:00.332424432,0.332424432,0.0,0.0,0.0,0.0,0.0,1561.5873,0.0,0.0,-1.5707964,0.0
1970-01-01 00:00:00.332601398,0.332601398,0.0,0.0,0.0,0.0,0.0,949.3707,0.0,0.0,-1.5707964,0.0
1970-01-01 00:00:00.332609148,0.332609148,0.0,0.0,0.0,164.8449,0.0,0.0,0.0,0.0,-1.5707964,0.0
1970-01-01 00:00:00.332652552,0.332652552,0.0,0.0,0.0,91.04719,0.0,0.0,0.0,0.0,-1.5707964,0.0
1970-01-01 00:00:00.333065269,0.333065269,0.0,0.0,0.0,0.0,683.98535,0.0,0.0,0.0,-1.5707964,0.0
1970-01-01 00:00:00.333090015,0.333090015,0.0,186.40314,0.0,0.0,0.0,0.0,0.0,0.0,-1.5707964,0.0
1970-01-01 00:00:00.333132812,0.333132812,0.0,0.0,699.08655,0.0,0.0,0.0,0.0,0.0,-1.5707964,0.0
1970-01-01 00:00:00.333323829,0.333323829,293.84644,0.0,0.0,0.0,0.0,0.0,0.0,0.0,-1.5707964,0.0
1970-01-01 00:00:00.333428351,0.333428351,0.0,0.0,85.46751,0.0,0.0,0.0,0.0,0.0,-1.5707964,0.0
1970-01-01 00:00:00.333521055,0.333521055,0.0,0.0,0.0,0.0,0.0,104.09649,0.0,0.0,-1.5707964,0.0
1970-01-01 00:00:00.333619426,0.333619426,0.0,0.0,0.0,210.40956,0.0,0.0,0.0,0.0,-1.5707964,0.0
1970-01-01 00:00:00.333659886,0.333659886,0.0,0.0,107.38535,0.0,0.0,0.0,0.0,0.0,-1.5707964,0.0
1970-01-01 00:00:00.333676735,0.333676735,0.0,0.0,0.0,0.0,291.74506,0.0,0.0,0.0,-1.5707964,0.0
1970-01-01 00:00:00.333709947,0.333709947,0.0,0.0,0.0,0.0,0.0,256.85812,0.0,0.0,-1.5707964,0.0
1970-01-01 00:00:00.333931326,0.333931326,0.0,0.0,0.0,501.19058,0.0,0.0,0.0,0.0,-1.5707964,0.0
1970-01-01 00:00:00.334000178,0.334000178,0.0,971.03174,0.0,0.0,0.0,0.0,0.0,0.0,-1.5707964,0.0
1970-01-01 00:00:00.334012052,0.334012052,0.0,523.6023,0.0,0.0,0.0,0.0,0.0,0.0,-1.5707964,0.0
1970-01-01 00:00:00.334100367,0.334100367,0.0,0.0,0.0,1854.4924,0.0,0.0,0.0,0.0,-1.5707964,0.0
1970-01-01 00:00:00.334130873,0.334130873,0.0,100.9686,0.0,0.0,0.0,0.0,0.0,0.0,-1.5707964,0.0
1970-01-01 00:00:00.334164989,0.334164989,0.0,0.0,0.0,198.85283,0.0,0.0,0.0,0.0,-1.5707964,0.0
1970-01-01 00:00:00.334201855,0.334201855,1346.5049,0.0,0.0,0.0,0.0,0.0,0.0,0.0,-1.5707964,0.0
1970-01-01 00:00:00.334207118,0.334207118,0.0,0.0,0.0,0.0,0.0,305.24695,0.0,0.0,-1.5707964,0.0
1970-01-01 00:00:00.334262448,0.334262448,0.0,0.0,0.0,0.0,0.0,492.65698,0.0,0.0,-1.5707964,0.0
1970-01-01 00:00:00.334376642,0.334376642,0.0,0.0,0.0,110.679306,0.0,0.0,0.0,0.0,-1.5707964,0.0
1970-01-01 00:00:00.334526029,0.334526029,0.0,0.0,214.0783,0.0,0.0,0.0,0.0,0.0,-1.5707964,0.0
1970-01-01 00:00:00.334706467,0.334706467,249.13211,0.0,0.0,0.0,0.0,0.0,0.0,0.0,-1.5707964,0.0
1970-01-01 00:00:00.334737698,0.334737698,0.0,0.0,0.0,0.0,0.0,133.01874,0.0,0.0,-1.5707964,0.0
1970-01-01 00:00:00.334849827,0.334849827,0.0,0.0,0.0,399.80368,0.0,0.0,0.0,0.0,-1.5707964,0.0
1970-01-01 00:00:00.334865708,0.334865708,0.0,0.0,0.0,0.0,99.58029,0.0,0.0,0.0,-1.5707964,0.0
1970-01-01 00:00:00.334895924,0.334895924,0.0,151.9061,0.0,0.0,0.0,0.0,0.0,0.0,-1.5707964,0.0
1970-01-01 00:00:00.335304656,0.335304656,0.0,0.0,174.02818,0.0,0.0,0.0,0.0,0.0,-1.5707964,0.0
1970-01-01 00:00:00.335399424,0.335399424,0.0,0.0,0.0,0.0,126.86335,0.0,0.0,0.0,-1.5707964,0.0
1970-01-01 00:00:00.335401886,0.335401886,0.0,0.0,412.62988,0.0,0.0,0.0,0.0,0.0,-1.5707964,0.0
1970-01-01 00:00:00.335464152,0.335464152,0.0,0.0,0.0,0.0,169.88455,0.0,0.0,0.0,-1.5707964,0.0
1970-01-01 00:00:00.335550063,0.335550063,0.0,0.0,386.1018,0.0,0.0,0.0,0.0,0.0,-1.5707964,0.0
1970-01-01 00:00:00.335604258,0.335604258,0.0,0.0,0.0,0.0,0.0,251.26126,0.0,0.0,-1.5707964,0.0
1970-01-01 00:00:00.335672905,0.335672905,0.0,0.0,226.22014,0.0,0.0,0.0,0.0,0.0,-1.5707964,0.0
1970-01-01 00:00:00.335797963,0.335797963,0.0,0.0,0.0,239.41995,0.0,0.0,0.0,0.0,-1.5707964,0.0
1970-01-01 00:00:00.335920910,0.33592091,0.0,0.0,190.07343,0.0,0.0,0.0,0.0,0.0,-1.5707964,0.0
1970-01-01 00:00:00.336108484,0.336108484,0.0,132.28403,0.0,0.0,0.0,0.0,0.0,0.0,-1.5707964,0.0
1970-01-01 00:00:00.336115237,0.336115237,0.0,0.0,0.0,124.187,0.0,0.0,0.0,0.0,-1.5707964,0.0
1970-01-01 00:00:00.336241621,0.336241621,0.0,0.0,0.0,0.0,0.0,177.08252,0.0,0.0,-1.5707964,0.0
1970-01-01 00:00:00.336255503,0.336255503,0.0,0.0,246.12903,0.0,0.0,0.0,0.0,0.0,-1.5707964,0.0
1970-01-01 00:00:00.336281370,0.33628137,0.0,0.0,0.0,412.88638,0.0,0.0,0.0,0.0,-1.5707964,0.0
1970-01-01 00:00:00.336326661,0.336326661,0.0,0.0,0.0,0.0,129.1873,0.0,0.0,0.0,-1.5707964,0.0
1970-01-01 00:00:00.336442153,0.336442153,0.0,319.5445,0.0,0.0,0.0,0.0,0.0,0.0,-1.5707964,0.0
1970-01-01 00:00:00.336456382,0.336456382,0.0,0.0,0.0,297.54974,0.0,0.0,0.0,0.0,-1.5707964,0.0
1970-01-01 00:00:00.336468695,0.336468695,278.65033,0.0,0.0,0.0,0.0,0.0,0.0,0.0,-1.5707964,0.0
1970-01-01 00:00:00.336585412,0.336585412,0.0,0.0,0.0,0.0,0.0,101.00737,0.0,0.0,-1.5707964,0.0
1970-01-01 00:00:00.336617160,0.33661716,0.0,0.0,0.0,0.0,182.30305,0.0,0.0,0.0,-1.5707964,0.0
1970-01-01 00:00:00.336647195,0.336647195,0.0,0.0,686.3659,0.0,0.0,0.0,0.0,0.0,-1.5707964,0.0
1970-01-01 00:00:00.336778993,0.336778993,0.0,0.0,0.0,1271.3486,0.0,0.0,0.0,0.0,-1.5707964,0.0
1970-01-01 00:00:00.336862996,0.336862996,0.0,0.0,0.0,264.78864,0.0,0.0,0.0,0.0,-1.5707964,0.0
1970-01-01 00:00:00.336881609,0.336881609,0.0,0.0,246.56578,0.0,0.0,0.0,0.0,0.0,-1.5707964,0.0
1970-01-01 00:00:00.336944126,0.336944126,0.0,0.0,0.0,0.0,0.0,368.56696,0.0,0.0,-1.5707964,0.0
1970-01-01 00:00:00.337307150,0.33730715,0.0,0.0,239.73976,0.0,0.0,0.0,0.0,0.0,-1.5707964,0.0
1970-01-01 00:00:00.337327307,0.337327307,0.0,0.0,157.3422,0.0,0.0,0.0,0.0,0.0,-1.5707964,0.0
1970-01-01 00:00:00.337343368,0.337343368,0.0,0.0,0.0,500.24503,0.0,0.0,0.0,0.0,-1.5707964,0.0
1970-01-01 00:00:00.337361892,0.337361892,0.0,0.0,0.0,0.0,92.979576,0.0,0.0,0.0,-1.5707964,0.0
1970-01-01 00:00:00.337466963,0.337466963,0.0,0.0,0.0,549.3157,0.0,0.0,0.0,0.0,-1.5707964,0.0
1970-01-01 00:00:00.337541779,0.337541779,0.0,0.0,226.1057,0.0,0.0,0.0,0.0,0.0,-1.5707964,0.0
1970-01-01 00:00:00.337675973,0.337675973,0.0,0.0,103.49897,0.0,0.0,0.0,0.0,0.0,-1.5707964,0.0
1970-01-01 00:00:00.337733595,0.337733595,0.0,0.0,0.0,253.86171,0.0,0.0,0.0,0.0,-1.5707964,0.0
1970-01-01 00:00:00.337746061,0.337746061,0.0,82.01845,0.0,0.0,0.0,0.0,0.0,0.0,-1.5707964,0.0
1970-01-01 00:00:00.337772091,0.337772091,0.0,162.39896,0.0,0.0,0.0,0.0,0.0,0.0,-1.5707964,0.0
1970-01-01 00:00:00.337807117,0.337807117,0.0,0.0,0.0,0.0,1086.4165,0.0,0.0,0.0,-1.5707964,0.0
1970-01-01 00:00:00.337887356,0.337887356,0.0,0.0,0.0,109.61781,0.0,0.0,0.0,0.0,-1.5707964,0.0
1970-01-01 00:00:00.338074674,0.338074674,0.0,0.0,0.0,0.0,0.0,404.26083,0.0,0.0,-1.5707964,0.0
1970-01-01 00:00:00.338119647,0.338119647,0.0,0.0,0.0,0.0,0.0,350.9814,0.0,0.0,-1.5707964,0.0
1970-01-01 00:00:00.338248277,0.338248277,0.0,319.38583,0.0,0.0,0.0,0.0,0.0,0.0,-1.5707964,0.0
1970-01-01 00:00:00.338356513,0.338356513,0.0,0.0,0.0,0.0,322.9077,0.0,0.0,0.0,-1.5707964,0.0
1970-01-01 00:00:00.338368167,0.338368167,0.0,0.0,0.0,2295.871,0.0,0.0,0.0,0.0,-1.5707964,0.0
1970-01-01 00:00:00.338397412,0.338397412,0.0,0.0,0.0,396.35275,0.0,0.0,0.0,0.0,-1.5707964,0.0
1970-01-01 00:00:00.338401395,0.338401395,0.0,0.0,0.0,0.0,0.0,320.6871,0.0,0.0,-1.5707964,0.0
1970-01-01 00:00:00.338468702,0.338468702,0.0,0.0,0.0,296.80313,0.0,0.0,0.0,0.0,-1.5707964,0.0
1970-01-01 00:00:00.338791751,0.338791751,0.0,0.0,0.0,0.0,102.745224,0.0,0.0,0.0,-1.5707964,0.0
1970-01-01 00:00:00.338797371,0.338797371,0.0,0.0,0.0,99.44839,0.0,0.0,0.0,0.0,-1.5707964,0.0
1970-01-01 00:00:00.338895016,0.338895016,0.0,0.0,0.0,480.26788,0.0,0.0,0.0,0.0,-1.5707964,0.0
1970-01-01 00:00:00.338903355,0.338903355,0.0,0.0,101.64718,0.0,0.0,0.0,0.0,0.0,-1.5707964,0.0
1970-01-01 00:00:00.339094084,0.339094084,1887.5702,0.0,0.0,0.0,0.0,0.0,0.0,0.0,-1.5707964,0.0
1970-01-01 00:00:00.339121924,0.339121924,0.0,0.0,0.0,100.49775,0.0,0.0,0.0,0.0,-1.5707964,0.0
1970-01-01 00:00:00.339131199,0.339131199,0.0,552.0314,0.0,0.0,0.0,0.0,0.0,0.0,-1.5707964,0.0
1970-01-01 00:00:00.339157931,0.339157931,0.0,0.0,0.0,502.46823,0.0,0.0,0.0,0.0,-1.5707964,0.0
1970-01-01 00:00:00.339191347,0.339191347,0.0,0.0,0.0,302.93973,0.0,0.0,0.0,0.0,-1.5707964,0.0
1970-01-01 00:00:00.339191569,0.339191569,0.0,0.0,116.417435,0.0,0.0,0.0,0.0,0.0,-1.5707964,0.0
1970-01-01 00:00:00.339243538,0.339243538,0.0,0.0,0.0,582.0558,0.0,0.0,0.0,0.0,-1.5707964,0.0
1970-01-01 00:00:00.339282026,0.339282026,0.0,0.0,465.51706,0.0,0.0,0.0,0.0,0.0,-1.5707964,0.0
1970-01-01 00:00:00.339282026,0.339282026,0.0,0.0,0.0,0.0,0.0,829.0597,0.0,0.0,-1.5707964,0.0
1970-01-01 00:00:00.339325542,0.339325542,0.0,0.0,835.97235,0.0,0.0,0.0,0.0,0.0,-1.5707964,0.0
1970-01-01 00:00:00.339336394,0.339336394,0.0,0.0,0.0,948.8305,0.0,0.0,0.0,0.0,-1.5707964,0.0
1970-01-01 00:00:00.339493585,0.339493585,0.0,549.55,0.0,0.0,0.0,0.0,0.0,0.0,-1.5707964,0.0
1970-01-01 00:00:00.339547196,0.339547196,0.0,0.0,0.0,305.91013,0.0,0.0,0.0,0.0,-1.5707964,0.0
1970-01-01 00:00:00.339661830,0.33966183,0.0,0.0,0.0,792.1362,0.0,0.0,0.0,0.0,-1.5707964,0.0
1970-01-01 00:00:00.339682228,0.339682228,0.0,0.0,0.0,0.0,0.0,686.32745,0.0,0.0,-1.5707964,0.0
1970-01-01 00:00:00.340088475,0.340088475,0.0,0.0,0.0,206.3118,0.0,0.0,0.0,0.0,-1.5707964,0.0
1970-01-01 00:00:00.340120060,0.34012006,0.0,0.0,0.0,442.98206,0.0,0.0,0.0,0.0,-1.5707964,0.0
1970-01-01 00:00:00.340196743,0.340196743,0.0,0.0,240.1,0.0,0.0,0.0,0.0,0.0,-1.5707964,0.0
1970-01-01 00:00:00.340258703,0.340258703,0.0,0.0,490.4588,0.0,0.0,0.0,0.0,0.0,-1.5707964,0.0
1970-01-01 00:00:00.340263952,0.340263952,0.0,0.0,247.3954,0.0,0.0,0.0,0.0,0.0,-1.5707964,0.0
1970-01-01 00:00:00.340310385,0.340310385,0.0,0.0,0.0,427.70355,0.0,0.0,0.0,0.0,-1.5707964,0.0
1970-01-01 00:00:00.340340677,0.340340677,0.0,84.067986,0.0,0.0,0.0,0.0,0.0,0.0,-1.5707964,0.0
1970-01-01 00:00:00.340364640,0.34036464,0.0,0.0,0.0,157.46938,0.0,0.0,0.0,0.0,-1.5707964,0.0
1970-01-01 00:00:00.340465906,0.340465906,90.05098,0.0,0.0,0.0,0.0,0.0,0.0,0.0,-1.5707964,0.0
1970-01-01 00:00:00.340926833,0.340926833,0.0,0.0,0.0,429.44562,0.0,0.0,0.0,0.0,-1.5707964,0.0
1970-01-01 00:00:00.340977500,0.3409775,0.0,0.0,0.0,0.0,0.0,376.4339,0.0,0.0,-1.5707964,0.0
1970-01-01 00:00:00.341005747,0.341005747,0.0,0.0,1207.5583,0.0,0.0,0.0,0.0,0.0,-1.5707964,0.0
1970-01-01 00:00:00.341169044,0.341169044,0.0,0.0,0.0,227.16301,0.0,0.0,0.0,0.0,-1.5707964,0.0
1970-01-01 00:00:00.341509279,0.341509279,0.0,0.0,0.0,0.0,0.0,411.8419,0.0,0.0,-1.5707964,0.0
1970-01-01 00:00:00.341712348,0.341712348,0.0,0.0,0.0,0.0,0.0,388.00177,0.0,0.0,-1.5707964,0.0
1970-01-01 00:00:00.341737214,0.341737214,0.0,0.0,0.0,247.35226,0.0,0.0,0.0,0.0,-1.5707964,0.0
1970-01-01 00:00:00.341756929,0.341756929,0.0,0.0,0.0,182.33101,0.0,0.0,0.0,0.0,-1.5707964,0.0
1970-01-01 00:00:00.341777822,0.341777822,0.0,0.0,0.0,85.06915,0.0,0.0,0.0,0.0,-1.5707964,0.0
1970-01-01 00:00:00.341970642,0.341970642,0.0,0.0,0.0,2888.2366,0.0,0.0,0.0,0.0,-1.5707964,0.0
1970-01-01 00:00:00.341998504,0.341998504,0.0,0.0,0.0,120.89937,0.0,0.0,0.0,0.0,-1.5707964,0.0
1970-01-01 00:00:00.342056115,0.342056115,0.0,0.0,0.0,0.0,0.0,1015.9668,0.0,0.0,-1.5707964,0.0
1970-01-01 00:00:00.342189788,0.342189788,0.0,0.0,0.0,97.31214,0.0,0.0,0.0,0.0,-1.5707964,0.0
1970-01-01 00:00:00.342228139,0.342228139,0.0,0.0,558.7082,0.0,0.0,0.0,0.0,0.0,-1.5707964,0.0
1970-01-01 00:00:00.342336287,0.342336287,0.0,0.0,701.7275,0.0,0.0,0.0,0.0,0.0,-1.5707964,0.0
1970-01-01 00:00:00.342490286,0.342490286,0.0,0.0,95.59256,0.0,0.0,0.0,0.0,0.0,-1.5707964,0.0
1970-01-01 00:00:00.342540882,0.342540882,0.0,0.0,0.0,214.5882,0.0,0.0,0.0,0.0,-1.5707964,0.0
1970-01-01 00:00:00.342789340,0.34278934,0.0,0.0,260.28015,0.0,0.0,0.0,0.0,0.0,-1.5707964,0.0
1970-01-01 00:00:00.342789867,0.342789867,0.0,0.0,0.0,110.34011,0.0,0.0,0.0,0.0,-1.5707964,0.0
1970-01-01 00:00:00.342793790,0.34279379,0.0,0.0,0.0,283.11957,0.0,0.0,0.0,0.0,-1.5707964,0.0
1970-01-01 00:00:00.342832263,0.342832263,0.0,0.0,329.2795,0.0,0.0,0.0,0.0,0.0,-1.5707964,0.0
1970-01-01 00:00:00.342921581,0.342921581,0.0,0.0,0.0,1180.5055,0.0,0.0,0.0,0.0,-1.5707964,0.0
1970-01-01 00:00:00.342930605,0.342930605,0.0,0.0,0.0,442.15906,0.0,0.0,0.0,0.0,-1.5707964,0.0
1970-01-01 00:00:00.342931844,0.342931844,0.0,0.0,0.0,0.0,865.7076,0.0,0.0,0.0,-1.5707964,0.0
1970-01-01 00:00:00.342983826,0.342983826,0.0,0.0,0.0,0.0,158.33997,0.0,0.0,0.0,-1.5707964,0.0
1970-01-01 00:00:00.343016999,0.343016999,0.0,0.0,1055.9911,0.0,0.0,0.0,0.0,0.0,-1.5707964,0.0
1970-01-01 00:00:00.343090035,0.343090035,0.0,0.0,306.40295,0.0,0.0,0.0,0.0,0.0,-1.5707964,0.0
1970-01-01 00:00:00.343108402,0.343108402,0.0,0.0,0.0,86.206215,0.0,0.0,0.0,0.0,-1.5707964,0.0
1970-01-01 00:00:00.343208846,0.343208846,0.0,0.0,177.09105,0.0,0.0,0.0,0.0,0.0,-1.5707964,0.0
1970-01-01 00:00:00.343268775,0.343268775,0.0,0.0,0.0,0.0,0.0,186.37488,0.0,0.0,-1.5707964,0.0
1970-01-01 00:00:00.343288084,0.343288084,87.762146,0.0,0.0,0.0,0.0,0.0,0.0,0.0,-1.5707964,0.0
1970-01-01 00:00:00.343307286,0.343307286,0.0,0.0,0.0,1398.8513,0.0,0.0,0.0,0.0,-1.5707964,0.0
1970-01-01 00:00:00.343376485,0.343376485,0.0,0.0,0.0,0.0,0.0,995.019,0.0,0.0,-1.5707964,0.0
1970-01-01 00:00:00.343405922,0.343405922,0.0,0.0,0.0,0.0,1081.5541,0.0,0.0,0.0,-1.5707964,0.0
1970-01-01 00:00:00.343496211,0.343496211,0.0,119.20067,0.0,0.0,0.0,0.0,0.0,0.0,-1.5707964,0.0
1970-01-01 00:00:00.343532554,0.343532554,0.0,0.0,285.78882,0.0,0.0,0.0,0.0,0.0,-1.5707964,0.0
1970-01-01 00:00:00.343547087,0.343547087,0.0,403.77945,0.0,0.0,0.0,0.0,0.0,0.0,-1.5707964,0.0
1970-01-01 00:00:00.343565823,0.343565823,0.0,0.0,0.0,193.97414,0.0,0.0,0.0,0.0,-1.5707964,0.0
1970-01-01 00:00:00.343654224,0.343654224,0.0,0.0,0.0,0.0,334.7036,0.0,0.0,0.0,-1.5707964,0.0
1970-01-01 00:00:00.343707906,0.343707906,0.0,219.3638,0.0,0.0,0.0,0.0,0.0,0.0,-1.5707964,0.0
1970-01-01 00:00:00.343713647,0.343713647,0.0,0.0,0.0,186.48029,0.0,0.0,0.0,0.0,-1.5707964,0.0
1970-01-01 00:00:00.343885088,0.343885088,0.0,0.0,0.0,298.1326,0.0,0.0,0.0,0.0,-1.5707964,0.0
1970-01-01 00:00:00.344014689,0.344014689,0.0,0.0,0.0,95.50658,0.0,0.0,0.0,0.0,-1.5707964,0.0
1970-01-01 00:00:00.344710038,0.344710038,0.0,0.0,0.0,213.78062,0.0,0.0,0.0,0.0,-1.5707964,0.0
1970-01-01 00:00:00.344764083,0.344764083,0.0,0.0,543.73004,0.0,0.0,0.0,0.0,0.0,-1.5707964,0.0
1970-01-01 00:00:00.344764083,0.344764083,0.0,0.0,0.0,1120.4749,0.0,0.0,0.0,0.0,-1.5707964,0.0
1970-01-01 00:00:00.344782218,0.344782218,0.0,0.0,0.0,440.32138,0.0,0.0,0.0,0.0,-1.5707964,0.0
1970-01-01 00:00:00.344912785,0.344912785,0.0,0.0,0.0,342.29916,0.0,0.0,0.0,0.0,-1.5707964,0.0
1970-01-01 00:00:00.344920981,0.344920981,0.0,0.0,0.0,0.0,0.0,804.93646,0.0,0.0,-1.5707964,0.0
1970-01-01 00:00:00.344926642,0.344926642,0.0,0.0,0.0,0.0,423.46606,0.0,0.0,0.0,-1.5707964,0.0
1970-01-01 00:00:00.344926642,0.344926642,0.0,0.0,0.0,144.6288,0.0,0.0,0.0,0.0,-1.5707964,0.0
1970-01-01 00:00:00.344932889,0.344932889,0.0,150.5231,0.0,0.0,0.0,0.0,0.0,0.0,-1.5707964,0.0
1970-01-01 00:00:00.345279410,0.34527941,0.0,0.0,0.0,0.0,0.0,243.34102,0.0,0.0,-1.5707964,0.0
1970-01-01 00:00:00.345851411,0.345851411,0.0,0.0,0.0,0.0,0.0,404.96063,0.0,0.0,-1.5707964,0.0
1970-01-01 00:00:00.345966514,0.345966514,0.0,0.0,595.94183,0.0,0.0,0.0,0.0,0.0,-1.5707964,0.0
1970-01-01 00:00:00.346035945,0.346035945,0.0,0.0,0.0,140.41997,0.0,0.0,0.0,0.0,-1.5707964,0.0
1970-01-01 00:00:00.346138027,0.346138027,0.0,0.0,0.0,0.0,93.59926,0.0,0.0,0.0,-1.5707964,0.0
1970-01-01 00:00:00.346490880,0.34649088,0.0,0.0,0.0,131.55458,0.0,0.0,0.0,0.0,-1.5707964,0.0
1970-01-01 00:00:00.346587432,0.346587432,0.0,0.0,0.0,0.0,0.0,82.84807,0.0,0.0,-1.5707964,0.0
1970-01-01 00:00:00.346710708,0.346710708,0.0,0.0,882.19727,0.0,0.0,0.0,0.0,0.0,-1.5707964,0.0
1970-01-01 00:00:00.346781083,0.346781083,0.0,0.0,0.0,180.86057,0.0,0.0,0.0,0.0,-1.5707964,0.0
1970-01-01 00:00:00.346923376,0.346923376,0.0,0.0,0.0,0.0,0.0,2278.2644,0.0,0.0,-1.5707964,0.0
1970-01-01 00:00:00.347052038,0.347052038,0.0,0.0,0.0,350.6957,0.0,0.0,0.0,0.0,-1.5707964,0.0
1970-01-01 00:00:00.347295895,0.347295895,0.0,0.0,0.0,1051.6083,0.0,0.0,0.0,0.0,-1.5707964,0.0
1970-01-01 00:00:00.347691983,0.347691983,0.0,0.0,0.0,161.43185,0.0,0.0,0.0,0.0,-1.5707964,0.0
1970-01-01 00:00:00.348214236,0.348214236,0.0,0.0,0.0,90.27526,0.0,0.0,0.0,0.0,-1.5707964,0.0
1970-01-01 00:00:00.348508599,0.348508599,0.0,0.0,0.0,339.39603,0.0,0.0,0.0,0.0,-1.5707964,0.0
1970-01-01 00:00:00.348651433,0.348651433,0.0,0.0,0.0,211.96295,0.0,0.0,0.0,0.0,-1.5707964,0.0
1970-01-01 00:00:00.348739649,0.348739649,0.0,0.0,0.0,1308.354,0.0,0.0,0.0,0.0,-1.5707964,0.0
1970-01-01 00:00:00.348980907,0.348980907,0.0,0.0,0.0,159.06898,0.0,0.0,0.0,0.0,-1.5707964,0.0
1970-01-01 00:00:00.348997658,0.348997658,0.0,0.0,110.234634,0.0,0.0,0.0,0.0,0.0,-1.5707964,0.0
1970-01-01 00:00:00.349060207,0.349060207,0.0,0.0,0.0,409.99237,0.0,0.0,0.0,0.0,-1.5707964,0.0
1970-01-01 00:00:00.349071900,0.3490719,0.0,445.05692,0.0,0.0,0.0,0.0,0.0,0.0,-1.5707964,0.0
1970-01-01 00:00:00.349251776,0.349251776,0.0,0.0,0.0,249.51299,0.0,0.0,0.0,0.0,-1.5707964,0.0
1970-01-01 00:00:00.349569291,0.349569291,0.0,0.0,0.0,1232.3508,0.0,0.0,0.0,0.0,-1.5707964,0.0
1970-01-01 00:00:00.349606090,0.34960609,0.0,0.0,0.0,0.0,0.0,452.97974,0.0,0.0,-1.5707964,0.0
1970-01-01 00:00:00.349688587,0.349688587,0.0,0.0,0.0,192.0238,0.0,0.0,0.0,0.0,-1.5707964,0.0
1970-01-01 00:00:00.349992886,0.349992886,0.0,0.0,0.0,1343.6532,0.0,0.0,0.0,0.0,-1.5707964,0.0
1970-01-01 00:00:00.350098250,0.35009825,0.0,0.0,1179.4181,0.0,0.0,0.0,0.0,0.0,-1.5707964,0.0
1970-01-01 00:00:00.350106083,0.350106083,0.0,0.0,0.0,0.0,147.05418,0.0,0.0,0.0,-1.5707964,0.0
1970-01-01 00:00:00.350116413,0.350116413,0.0,0.0,0.0,0.0,0.0,882.2808,0.0,0.0,-1.5707964,0.0
1970-01-01 00:00:00.350237204,0.350237204,0.0,0.0,0.0,0.0,0.0,420.07864,0.0,0.0,-1.5707964,0.0
1970-01-01 00:00:00.350264445,0.350264445,0.0,0.0,0.0,553.92017,0.0,0.0,0.0,0.0,-1.5707964,0.0
1970-01-01 00:00:00.350290796,0.350290796,0.0,0.0,0.0,423.36685,0.0,0.0,0.0,0.0,-1.5707964,0.0
1970-01-01 00:00:00.350396734,0.350396734,0.0,0.0,0.0,120.76836,0.0,0.0,0.0,0.0,-1.5707964,0.0
1970-01-01 00:00:00.350690402,0.350690402,0.0,0.0,0.0,208.89638,0.0,0.0,0.0,0.0,-1.5707964,0.0
1970-01-01 00:00:00.350785914,0.350785914,0.0,0.0,0.0,0.0,0.0,248.95119,0.0,0.0,-1.5707964,0.0
1970-01-01 00:00:00.350862266,0.350862266,0.0,0.0,0.0,150.22519,0.0,0.0,0.0,0.0,-1.5707964,0.0
1970-01-01 00:00:00.350953793,0.350953793,0.0,0.0,0.0,227.01044,0.0,0.0,0.0,0.0,-1.5707964,0.0
1970-01-01 00:00:00.351069660,0.35106966,0.0,0.0,0.0,1526.861,0.0,0.0,0.0,0.0,-1.5707964,0.0
1970-01-01 00:00:00.351127315,0.351127315,0.0,85.92421,0.0,0.0,0.0,0.0,0.0,0.0,-1.5707964,0.0
1970-01-01 00:00:00.351637068,0.351637068,0.0,0.0,0.0,0.0,274.31195,0.0,0.0,0.0,-1.5707964,0.0
1970-01-01 00:00:00.351682247,0.351682247,0.0,0.0,294.64566,0.0,0.0,0.0,0.0,0.0,-1.5707964,0.0
1970-01-01 00:00:00.351708910,0.35170891,0.0,0.0,0.0,421.47852,0.0,0.0,0.0,0.0,-1.5707964,0.0
1970-01-01 00:00:00.351803122,0.351803122,0.0,0.0,0.0,0.0,110.33375,0.0,0.0,0.0,-1.5707964,0.0
1970-01-01 00:00:00.351853924,0.351853924,0.0,104.42878,0.0,0.0,0.0,0.0,0.0,0.0,-1.5707964,0.0
1970-01-01 00:00:00.351869447,0.351869447,0.0,836.133,0.0,0.0,0.0,0.0,0.0,0.0,-1.5707964,0.0
1970-01-01 00:00:00.352089031,0.352089031,0.0,0.0,0.0,218.95644,0.0,0.0,0.0,0.0,-1.5707964,0.0
1970-01-01 00:00:00.352308998,0.352308998,0.0,0.0,0.0,0.0,0.0,207.61626,0.0,0.0,-1.5707964,0.0
1970-01-01 00:00:00.352376324,0.352376324,0.0,0.0,0.0,82.095436,0.0,0.0,0.0,0.0,-1.5707964,0.0
1970-01-01 00:00:00.352418047,0.352418047,0.0,0.0,0.0,0.0,335.04678,0.0,0.0,0.0,-1.5707964,0.0
1970-01-01 00:00:00.352464025,0.352464025,0.0,0.0,0.0,287.4983,0.0,0.0,0.0,0.0,-1.5707964,0.0
1970-01-01 00:00:00.352567744,0.352567744,0.0,0.0,199.67204,0.0,0.0,0.0,0.0,0.0,-1.5707964,0.0
1970-01-01 00:00:00.352626137,0.352626137,0.0,0.0,0.0,176.55301,0.0,0.0,0.0,0.0,-1.5707964,0.0
1970-01-01 00:00:00.352754910,0.35275491,0.0,0.0,0.0,242.7292,0.0,0.0,0.0,0.0,-1.5707964,0.0
1970-01-01 00:00:00.352780357,0.352780357,0.0,0.0,406.56458,0.0,0.0,0.0,0.0,0.0,-1.5707964,0.0
1970-01-01 00:00:00.352821455,0.352821455,185.84814,0.0,0.0,0.0,0.0,0.0,0.0,0.0,-1.5707964,0.0
1970-01-01 00:00:00.352937074,0.352937074,0.0,0.0,309.08344,0.0,0.0,0.0,0.0,0.0,-1.5707964,0.0
1970-01-01 00:00:00.352954814,0.352954814,0.0,0.0,0.0,0.0,0.0,353.53403,0.0,0.0,-1.5707964,0.0
1970-01-01 00:00:00.352982985,0.352982985,0.0,0.0,0.0,0.0,0.0,223.48988,0.0,0.0,-1.5707964,0.0
1970-01-01 00:00:00.353062416,0.353062416,0.0,0.0,0.0,253.94798,0.0,0.0,0.0,0.0,-1.5707964,0.0
1970-01-01 00:00:00.353198487,0.353198487,385.8392,0.0,0.0,0.0,0.0,0.0,0.0,0.0,-1.5707964,0.0
1970-01-01 00:00:00.353473449,0.353473449,0.0,471.361,0.0,0.0,0.0,0.0,0.0,0.0,-1.5707964,0.0
1970-01-01 00:00:00.353525848,0.353525848,0.0,0.0,0.0,204.33557,0.0,0.0,0.0,0.0,-1.5707964,0.0
1970-01-01 00:00:00.353593057,0.353593057,0.0,0.0,87.82457,0.0,0.0,0.0,0.0,0.0,-1.5707964,0.0
1970-01-01 00:00:00.353642685,0.353642685,0.0,0.0,0.0,83.2316,0.0,0.0,0.0,0.0,-1.5707964,0.0
1970-01-01 00:00:00.353652761,0.353652761,0.0,0.0,0.0,91.429344,0.0,0.0,0.0,0.0,-1.5707964,0.0
1970-01-01 00:00:00.353827106,0.353827106,0.0,0.0,0.0,0.0,264.30594,0.0,0.0,0.0,-1.5707964,0.0
1970-01-01 00:00:00.353948960,0.35394896,0.0,0.0,0.0,270.52386,0.0,0.0,0.0,0.0,-1.5707964,0.0
1970-01-01 00:00:00.354076679,0.354076679,0.0,0.0,0.0,891.165,0.0,0.0,0.0,0.0,-1.5707964,0.0
1970-01-01 00:00:00.354148574,0.354148574,0.0,0.0,812.597,0.0,0.0,0.0,0.0,0.0,-1.5707964,0.0
1970-01-01 00:00:00.354459518,0.354459518,0.0,0.0,0.0,458.8647,0.0,0.0,0.0,0.0,-1.5707964,0.0
1970-01-01 00:00:00.354525434,0.354525434,0.0,211.19983,0.0,0.0,0.0,0.0,0.0,0.0,-1.5707964,0.0
1970-01-01 00:00:00.354641561,0.354641561,0.0,0.0,0.0,235.22786,0.0,0.0,0.0,0.0,-1.5707964,0.0
1970-01-01 00:00:00.354729568,0.354729568,0.0,194.34764,0.0,0.0,0.0,0.0,0.0,0.0,-1.5707964,0.0
1970-01-01 00:00:00.354768308,0.354768308,0.0,0.0,268.55905,0.0,0.0,0.0,0.0,0.0,-1.5707964,0.0
1970-01-01 00:00:00.354796810,0.35479681,0.0,478.16974,0.0,0.0,0.0,0.0,0.0,0.0,-1.5707964,0.0
1970-01-01 00:00:00.354800113,0.354800113,0.0,0.0,351.95847,0.0,0.0,0.0,0.0,0.0,-1.5707964,0.0
1970-01-01 00:00:00.355026842,0.355026842,0.0,325.92313,0.0,0.0,0.0,0.0,0.0,0.0,-1.5707964,0.0
1970-01-01 00:00:00.355128584,0.355128584,0.0,0.0,0.0,0.0,134.38106,0.0,0.0,0.0,-1.5707964,0.0
1970-01-01 00:00:00.355244713,0.355244713,0.0,0.0,0.0,0.0,144.0043,0.0,0.0,0.0,-1.5707964,0.0
1970-01-01 00:00:00.355284938,0.355284938,0.0,0.0,0.0,0.0,0.0,185.38445,0.0,0.0,-1.5707964,0.0
1970-01-01 00:00:00.355324486,0.355324486,0.0,0.0,0.0,398.01172,0.0,0.0,0.0,0.0,-1.5707964,0.0
1970-01-01 00:00:00.355528254,0.355528254,0.0,0.0,0.0,632.4038,0.0,0.0,0.0,0.0,-1.5707964,0.0
1970-01-01 00:00:00.355560798,0.355560798,0.0,310.60962,0.0,0.0,0.0,0.0,0.0,0.0,-1.5707964,0.0
1970-01-01 00:00:00.355580087,0.355580087,0.0,702.43933,0.0,0.0,0.0,0.0,0.0,0.0,-1.5707964,0.0
1970-01-01 00:00:00.355642194,0.355642194,0.0,0.0,0.0,0.0,0.0,320.86255,0.0,0.0,-1.5707964,0.0
1970-01-01 00:00:00.355693602,0.355693602,0.0,0.0,0.0,0.0,193.57574,0.0,0.0,0.0,-1.5707964,0.0
1970-01-01 00:00:00.355693602,0.355693602,0.0,0.0,0.0,1045.403,0.0,0.0,0.0,0.0,-1.5707964,0.0
1970-01-01 00:00:00.356194388,0.356194388,0.0,0.0,0.0,141.97356,0.0,0.0,0.0,0.0,-1.5707964,0.0
1970-01-01 00:00:00.356209464,0.356209464,0.0,0.0,0.0,0.0,0.0,242.45116,0.0,0.0,-1.5707964,0.0
1970-01-01 00:00:00.356220022,0.356220022,111.95558,0.0,0.0,0.0,0.0,0.0,0.0,0.0,-1.5707964,0.0
1970-01-01 00:00:00.356650943,0.356650943,0.0,0.0,370.2157,0.0,0.0,0.0,0.0,0.0,-1.5707964,0.0
1970-01-01 00:00:00.356804178,0.356804178,0.0,0.0,0.0,0.0,0.0,191.42781,0.0,0.0,-1.5707964,0.0
1970-01-01 00:00:00.356917783,0.356917783,0.0,0.0,0.0,92.64963,0.0,0.0,0.0,0.0,-1.5707964,0.0
1970-01-01 00:00:00.356978767,0.356978767,0.0,0.0,0.0,1498.5326,0.0,0.0,0.0,0.0,-1.5707964,0.0
1970-01-01 00:00:00.357095009,0.357095009,0.0,0.0,0.0,0.0,0.0,362.06467,0.0,0.0,-1.5707964,0.0
1970-01-01 00:00:00.357175539,0.357175539,0.0,0.0,232.56758,0.0,0.0,0.0,0.0,0.0,-1.5707964,0.0
1970-01-01 00:00:00.357677571,0.357677571,0.0,0.0,430.1433,0.0,0.0,0.0,0.0,0.0,-1.5707964,0.0
1970-01-01 00:00:00.357763679,0.357763679,0.0,0.0,287.2756,0.0,0.0,0.0,0.0,0.0,-1.5707964,0.0
1970-01-01 00:00:00.358071275,0.358071275,0.0,0.0,0.0,0.0,0.0,410.49023,0.0,0.0,-1.5707964,0.0
1970-01-01 00:00:00.358179700,0.3581797,0.0,1242.4768,0.0,0.0,0.0,0.0,0.0,0.0,-1.5707964,0.0
1970-01-01 00:00:00.358242727,0.358242727,0.0,0.0,0.0,0.0,0.0,197.0904,0.0,0.0,-1.5707964,0.0
1970-01-01 00:00:00.358371928,0.358371928,0.0,0.0,768.51385,0.0,0.0,0.0,0.0,0.0,-1.5707964,0.0
1970-01-01 00:00:00.358626173,0.358626173,0.0,0.0,0.0,203.25578,0.0,0.0,0.0,0.0,-1.5707964,0.0
1970-01-01 00:00:00.358696340,0.35869634,0.0,0.0,0.0,0.0,0.0,99.9739,0.0,0.0,-1.5707964,0.0
1970-01-01 00:00:00.358884695,0.358884695,0.0,0.0,102.74611,0.0,0.0,0.0,0.0,0.0,-1.5707964,0.0
1970-01-01 00:00:00.359173954,0.359173954,0.0,0.0,0.0,0.0,866.93414,0.0,0.0,0.0,-1.5707964,0.0
1970-01-01 00:00:00.359214015,0.359214015,0.0,0.0,0.0,0.0,0.0,170.17346,0.0,0.0,-1.5707964,0.0
1970-01-01 00:00:00.359224073,0.359224073,0.0,0.0,0.0,839.60236,0.0,0.0,0.0,0.0,-1.5707964,0.0
1970-01-01 00:00:00.359315816,0.359315816,0.0,0.0,498.647,0.0,0.0,0.0,0.0,0.0,-1.5707964,0.0
1970-01-01 00:00:00.359394762,0.359394762,0.0,0.0,0.0,109.3319,0.0,0.0,0.0,0.0,-1.5707964,0.0
1970-01-01 00:00:00.359405418,0.359405418,0.0,96.60895,0.0,0.0,0.0,0.0,0.0,0.0,-1.5707964,0.0
1970-01-01 00:00:00.359420839,0.359420839,0.0,0.0,0.0,312.0073,0.0,0.0,0.0,0.0,-1.5707964,0.0
1970-01-01 00:00:00.359566610,0.35956661,0.0,0.0,0.0,0.0,0.0,85.047226,0.0,0.0,-1.5707964,0.0
1970-01-01 00:00:00.359795696,0.359795696,0.0,0.0,0.0,0.0,0.0,850.8888,0.0,0.0,-1.5707964,0.0
1970-01-01 00:00:00.359872379,0.359872379,0.0,0.0,0.0,0.0,653.7297,0.0,0.0,0.0,-1.5707964,0.0
1970-01-01 00:00:00.360077053,0.360077053,0.0,0.0,0.0,228.23637,0.0,0.0,0.0,0.0,-1.5707964,0.0
1970-01-01 00:00:00.360163542,0.360163542,0.0,0.0,0.0,0.0,179.50223,0.0,0.0,0.0,-1.5707964,0.0
1970-01-01 00:00:00.360392038,0.360392038,0.0,0.0,0.0,0.0,0.0,983.11346,0.0,0.0,-1.5707964,0.0
1970-01-01 00:00:00.360484761,0.360484761,0.0,0.0,0.0,0.0,0.0,367.36902,0.0,0.0,-1.5707964,0.0
1970-01-01 00:00:00.360485578,0.360485578,0.0,0.0,926.05597,0.0,0.0,0.0,0.0,0.0,-1.5707964,0.0
1970-01-01 00:00:00.360561370,0.36056137,0.0,0.0,0.0,444.19202,0.0,0.0,0.0,0.0,-1.5707964,0.0
1970-01-01 00:00:00.360608672,0.360608672,0.0,0.0,0.0,0.0,80.31958,0.0,0.0,0.0,-1.5707964,0.0
1970-01-01 00:00:00.360839929,0.360839929,0.0,266.05423,0.0,0.0,0.0,0.0,0.0,0.0,-1.5707964,0.0
1970-01-01 00:00:00.360852747,0.360852747,0.0,0.0,0.0,0.0,492.19827,0.0,0.0,0.0,-1.5707964,0.0
1970-01-01 00:00:00.360865583,0.360865583,0.0,0.0,0.0,0.0,728.22906,0.0,0.0,0.0,-1.5707964,0.0
1970-01-01 00:00:00.360997665,0.360997665,0.0,622.27075,0.0,0.0,0.0,0.0,0.0,0.0,-1.5707964,0.0
1970-01-01 00:00:00.361135097,0.361135097,0.0,0.0,0.0,0.0,0.0,96.02705,0.0,0.0,-1.5707964,0.0
1970-01-01 00:00:00.361203837,0.361203837,0.0,0.0,207.09647,0.0,0.0,0.0,0.0,0.0,-1.5707964,0.0
1970-01-01 00:00:00.361223721,0.361223721,544.3387,0.0,0.0,0.0,0.0,0.0,0.0,0.0,-1.5707964,0.0
1970-01-01 00:00:00.361320555,0.361320555,0.0,0.0,0.0,0.0,0.0,92.72541,0.0,0.0,-1.5707964,0.0
1970-01-01 00:00:00.361795608,0.361795608,0.0,0.0,0.0,673.02997,0.0,0.0,0.0,0.0,-1.5707964,0.0
1970-01-01 00:00:00.361923079,0.361923079,0.0,0.0,162.21634,0.0,0.0,0.0,0.0,0.0,-1.5707964,0.0
1970-01-01 00:00:00.362149401,0.362149401,0.0,502.38907,0.0,0.0,0.0,0.0,0.0,0.0,-1.5707964,0.0
1970-01-01 00:00:00.362149401,0.362149401,0.0,0.0,0.0,176.24956,0.0,0.0,0.0,0.0,-1.5707964,0.0
1970-01-01 00:00:00.362449824,0.362449824,0.0,0.0,0.0,0.0,379.4636,0.0,0.0,0.0,-1.5707964,0.0
1970-01-01 00:00:00.362449824,0.362449824,0.0,0.0,0.0,0.0,315.10483,0.0,0.0,0.0,-1.5707964,0.0
1970-01-01 00:00:00.362478171,0.362478171,0.0,0.0,0.0,130.48203,0.0,0.0,0.0,0.0,-1.5707964,0.0
1970-01-01 00:00:00.362703538,0.362703538,0.0,0.0,0.0,131.93846,0.0,0.0,0.0,0.0,-1.5707964,0.0
1970-01-01 00:00:00.362809427,0.362809427,411.31125,0.0,0.0,0.0,0.0,0.0,0.0,0.0,-1.5707964,0.0
1970-01-01 00:00:00.362830346,0.362830346,0.0,0.0,0.0,0.0,0.0,217.92297,0.0,0.0,-1.5707964,0.0
1970-01-01 00:00:00.362964544,0.362964544,0.0,0.0,0.0,178.17987,0.0,0.0,0.0,0.0,-1.5707964,0.0
1970-01-01 00:00:00.363035808,0.363035808,0.0,0.0,0.0,225.16716,0.0,0.0,0.0,0.0,-1.5707964,0.0
1970-01-01 00:00:00.363096687,0.363096687,0.0,2370.7593,0.0,0.0,0.0,0.0,0.0,0.0,-1.5707964,0.0
1970-01-01 00:00:00.363430134,0.363430134,0.0,359.20358,0.0,0.0,0.0,0.0,0.0,0.0,-1.5707964,0.0
1970-01-01 00:00:00.363649466,0.363649466,0.0,0.0,82.32954,0.0,0.0,0.0,0.0,0.0,-1.5707964,0.0
1970-01-01 00:00:00.363951116,0.363951116,0.0,0.0,0.0,135.01302,0.0,0.0,0.0,0.0,-1.5707964,0.0
1970-01-01 00:00:00.364001726,0.364001726,0.0,0.0,0.0,0.0,0.0,102.96664,0.0,0.0,-1.5707964,0.0
1970-01-01 00:00:00.364169508,0.364169508,0.0,0.0,722.9165,0.0,0.0,0.0,0.0,0.0,-1.5707964,0.0
1970-01-01 00:00:00.364335776,0.364335776,0.0,0.0,133.33386,0.0,0.0,0.0,0.0,0.0,-1.5707964,0.0
1970-01-01 00:00:00.364445864,0.364445864,0.0,0.0,0.0,174.59856,0.0,0.0,0.0,0.0,-1.5707964,0.0
1970-01-01 00:00:00.364743498,0.364743498,0.0,0.0,0.0,119.98193,0.0,0.0,0.0,0.0,-1.5707964,0.0
1970-01-01 00:00:00.364746864,0.364746864,0.0,0.0,0.0,101.124275,0.0,0.0,0.0,0.0,-1.5707964,0.0
1970-01-01 00:00:00.365558939,0.365558939,0.0,297.79196,0.0,0.0,0.0,0.0,0.0,0.0,-1.5707964,0.0
1970-01-01 00:00:00.366371688,0.366371688,0.0,0.0,161.79881,0.0,0.0,0.0,0.0,0.0,-1.5707964,0.0
1970-01-01 00:00:00.366395672,0.366395672,0.0,0.0,388.028,0.0,0.0,0.0,0.0,0.0,-1.5707964,0.0
1970-01-01 00:00:00.366593747,0.366593747,0.0,0.0,0.0,0.0,1359.0339,0.0,0.0,0.0,-1.5707964,0.0
1970-01-01 00:00:00.366817392,0.366817392,0.0,0.0,0.0,0.0,0.0,138.39621,0.0,0.0,-1.5707964,0.0
1970-01-01 00:00:00.366848649,0.366848649,0.0,485.2682,0.0,0.0,0.0,0.0,0.0,0.0,-1.5707964,0.0
1970-01-01 00:00:00.367014656,0.367014656,0.0,0.0,0.0,265.17682,0.0,0.0,0.0,0.0,-1.5707964,0.0
1970-01-01 00:00:00.367154680,0.36715468,0.0,0.0,0.0,0.0,784.6817,0.0,0.0,0.0,-1.5707964,0.0
1970-01-01 00:00:00.367246433,0.367246433,0.0,0.0,0.0,90.27398,0.0,0.0,0.0,0.0,-1.5707964,0.0
1970-01-01 00:00:00.367287842,0.367287842,0.0,0.0,0.0,639.37506,0.0,0.0,0.0,0.0,-1.5707964,0.0
1970-01-01 00:00:00.367324548,0.367324548,0.0,0.0,0.0,368.05542,0.0,0.0,0.0,0.0,-1.5707964,0.0
1970-01-01 00:00:00.367477622,0.367477622,0.0,0.0,0.0,2238.5574,0.0,0.0,0.0,0.0,-1.5707964,0.0
1970-01-01 00:00:00.367508076,0.367508076,0.0,0.0,0.0,457.68573,0.0,0.0,0.0,0.0,-1.5707964,0.0
1970-01-01 00:00:00.367537616,0.367537616,0.0,0.0,0.0,110.32776,0.0,0.0,0.0,0.0,-1.5707964,0.0
1970-01-01 00:00:00.367543590,0.36754359,0.0,0.0,0.0,0.0,0.0,328.37347,0.0,0.0,-1.5707964,0.0
1970-01-01 00:00:00.367841722,0.367841722,0.0,0.0,0.0,283.08124,0.0,0.0,0.0,0.0,-1.5707964,0.0
1970-01-01 00:00:00.367890932,0.367890932,0.0,0.0,259.9944,0.0,0.0,0.0,0.0,0.0,-1.5707964,0.0
1970-01-01 00:00:00.367914297,0.367914297,0.0,0.0,530.18665,0.0,0.0,0.0,0.0,0.0,-1.5707964,0.0
1970-01-01 00:00:00.367923481,0.367923481,0.0,0.0,0.0,0.0,562.06323,0.0,0.0,0.0,-1.5707964,0.0
1970-01-01 00:00:00.368051809,0.368051809,0.0,0.0,0.0,864.93774,0.0,0.0,0.0,0.0,-1.5707964,0.0
1970-01-01 00:00:00.368084062,0.368084062,0.0,0.0,0.0,390.1919,0.0,0.0,0.0,0.0,-1.5707964,0.0
1970-01-01 00:00:00.368164698,0.368164698,0.0,0.0,0.0,0.0,0.0,181.9854,0.0,0.0,-1.5707964,0.0
1970-01-01 00:00:00.368261458,0.368261458,0.0,0.0,0.0,762.8547,0.0,0.0,0.0,0.0,-1.5707964,0.0
1970-01-01 00:00:00.368461418,0.368461418,0.0,0.0,0.0,1000.3422,0.0,0.0,0.0,0.0,-1.5707964,0.0
1970-01-01 00:00:00.368542532,0.368542532,0.0,0.0,0.0,104.02917,0.0,0.0,0.0,0.0,-1.5707964,0.0
1970-01-01 00:00:00.368749358,0.368749358,0.0,0.0,0.0,190.40947,0.0,0.0,0.0,0.0,-1.5707964,0.0
1970-01-01 00:00:00.368944487,0.368944487,413.9852,0.0,0.0,0.0,0.0,0.0,0.0,0.0,-1.5707964,0.0
1970-01-01 00:00:00.368983415,0.368983415,0.0,0.0,0.0,0.0,0.0,151.88463,0.0,0.0,-1.5707964,0.0
1970-01-01 00:00:00.369363638,0.369363638,0.0,0.0,0.0,264.8857,0.0,0.0,0.0,0.0,-1.5707964,0.0
1970-01-01 00:00:00.369380987,0.369380987,0.0,0.0,0.0,167.32864,0.0,0.0,0.0,0.0,-1.5707964,0.0
1970-01-01 00:00:00.369381784,0.369381784,0.0,0.0,297.2712,0.0,0.0,0.0,0.0,0.0,-1.5707964,0.0
1970-01-01 00:00:00.369459341,0.369459341,0.0,0.0,0.0,0.0,194.7708,0.0,0.0,0.0,-1.5707964,0.0
1970-01-01 00:00:00.369734049,0.369734049,0.0,0.0,0.0,0.0,0.0,527.0833,0.0,0.0,-1.5707964,0.0
1970-01-01 00:00:00.369985540,0.36998554,0.0,0.0,0.0,126.49378,0.0,0.0,0.0,0.0,-1.5707964,0.0
1970-01-01 00:00:00.369987160,0.36998716,0.0,0.0,0.0,682.0943,0.0,0.0,0.0,0.0,-1.5707964,0.0
1970-01-01 00:00:00.370052740,0.37005274,0.0,0.0,261.51477,0.0,0.0,0.0,0.0,0.0,-1.5707964,0.0
1970-01-01 00:00:00.370419803,0.370419803,0.0,82.90318,0.0,0.0,0.0,0.0,0.0,0.0,-1.5707964,0.0
1970-01-01 00:00:00.370745032,0.370745032,0.0,0.0,227.19214,0.0,0.0,0.0,0.0,0.0,-1.5707964,0.0
1970-01-01 00:00:00.370777106,0.370777106,0.0,0.0,130.10071,0.0,0.0,0.0,0.0,0.0,-1.5707964,0.0
1970-01-01 00:00:00.370889130,0.37088913,0.0,0.0,0.0,254.93008,0.0,0.0,0.0,0.0,-1.5707964,0.0
1970-01-01 00:00:00.371037151,0.371037151,0.0,0.0,0.0,264.5282,0.0,0.0,0.0,0.0,-1.5707964,0.0
1970-01-01 00:00:00.371122981,0.371122981,0.0,0.0,0.0,86.45296,0.0,0.0,0.0,0.0,-1.5707964,0.0
1970-01-01 00:00:00.372089484,0.372089484,0.0,0.0,0.0,220.51073,0.0,0.0,0.0,0.0,-1.5707964,0.0
1970-01-01 00:00:00.372335391,0.372335391,0.0,0.0,736.272,0.0,0.0,0.0,0.0,0.0,-1.5707964,0.0
1970-01-01 00:00:00.372437542,0.372437542,0.0,0.0,0.0,0.0,0.0,205.97055,0.0,0.0,-1.5707964,0.0
1970-01-01 00:00:00.372689712,0.372689712,0.0,0.0,170.9361,0.0,0.0,0.0,0.0,0.0,-1.5707964,0.0
1970-01-01 00:00:00.372875666,0.372875666,0.0,0.0,0.0,0.0,0.0,1320.8109,0.0,0.0,-1.5707964,0.0
1970-01-01 00:00:00.372911402,0.372911402,0.0,0.0,599.0968,0.0,0.0,0.0,0.0,0.0,-1.5707964,0.0
1970-01-01 00:00:00.372914486,0.372914486,0.0,0.0,493.54764,0.0,0.0,0.0,0.0,0.0,-1.5707964,0.0
1970-01-01 00:00:00.373134899,0.373134899,0.0,0.0,0.0,537.7862,0.0,0.0,0.0,0.0,-1.5707964,0.0
1970-01-01 00:00:00.373342833,0.373342833,0.0,0.0,0.0,141.52144,0.0,0.0,0.0,0.0,-1.5707964,0.0
1970-01-01 00:00:00.373478108,0.373478108,0.0,0.0,0.0,235.97676,0.0,0.0,0.0,0.0,-1.5707964,0.0
1970-01-01 00:00:00.373709274,0.373709274,0.0,0.0,0.0,0.0,239.48006,0.0,0.0,0.0,-1.5707964,0.0
1970-01-01 00:00:00.373945972,0.373945972,0.0,0.0,0.0,176.92967,0.0,0.0,0.0,0.0,-1.5707964,0.0
1970-01-01 00:00:00.373967501,0.373967501,0.0,541.5066,0.0,0.0,0.0,0.0,0.0,0.0,-1.5707964,0.0
1970-01-01 00:00:00.374038066,0.374038066,0.0,0.0,0.0,1650.5511,0.0,0.0,0.0,0.0,-1.5707964,0.0
1970-01-01 00:00:00.374109080,0.37410908,0.0,0.0,0.0,0.0,0.0,173.2234,0.0,0.0,-1.5707964,0.0
1970-01-01 00:00:00.374160146,0.374160146,0.0,0.0,0.0,926.7771,0.0,0.0,0.0,0.0,-1.5707964,0.0
1970-01-01 00:00:00.374422302,0.374422302,0.0,99.49586,0.0,0.0,0.0,0.0,0.0,0.0,-1.5707964,0.0
1970-01-01 00:00:00.374593842,0.374593842,0.0,484.96088,0.0,0.0,0.0,0.0,0.0,0.0,-1.5707964,0.0
1970-01-01 00:00:00.374850975,0.374850975,0.0,0.0,0.0,718.05774,0.0,0.0,0.0,0.0,-1.5707964,0.0
1970-01-01 00:00:00.374946093,0.374946093,0.0,0.0,0.0,0.0,0.0,635.74457,0.0,0.0,-1.5707964,0.0
1970-01-01 00:00:00.375135452,0.375135452,0.0,0.0,0.0,0.0,457.14627,0.0,0.0,0.0,-1.5707964,0.0
1970-01-01 00:00:00.375138817,0.375138817,0.0,0.0,0.0,0.0,0.0,107.832726,0.0,0.0,-1.5707964,0.0
1970-01-01 00:00:00.375194323,0.375194323,248.4352,0.0,0.0,0.0,0.0,0.0,0.0,0.0,-1.5707964,0.0
1970-01-01 00:00:00.375299316,0.375299316,0.0,0.0,0.0,441.83878,0.0,0.0,0.0,0.0,-1.5707964,0.0
1970-01-01 00:00:00.375300582,0.375300582,0.0,0.0,0.0,0.0,0.0,116.13276,0.0,0.0,-1.5707964,0.0
1970-01-01 00:00:00.375643464,0.375643464,0.0,0.0,839.65686,0.0,0.0,0.0,0.0,0.0,-1.5707964,0.0
1970-01-01 00:00:00.375756775,0.375756775,0.0,0.0,336.96838,0.0,0.0,0.0,0.0,0.0,-1.5707964,0.0
1970-01-01 00:00:00.375861764,0.375861764,0.0,0.0,0.0,628.8385,0.0,0.0,0.0,0.0,-1.5707964,0.0
1970-01-01 00:00:00.375887844,0.375887844,0.0,0.0,0.0,125.507385,0.0,0.0,0.0,0.0,-1.5707964,0.0
1970-01-01 00:00:00.376232644,0.376232644,0.0,0.0,0.0,0.0,0.0,374.33554,0.0,0.0,-1.5707964,0.0
1970-01-01 00:00:00.376268073,0.376268073,0.0,0.0,0.0,1571.0786,0.0,0.0,0.0,0.0,-1.5707964,0.0
1970-01-01 00:00:00.376361252,0.376361252,0.0,147.3354,0.0,0.0,0.0,0.0,0.0,0.0,-1.5707964,0.0
1970-01-01 00:00:00.376412088,0.376412088,0.0,0.0,0.0,97.46538,0.0,0.0,0.0,0.0,-1.5707964,0.0
1970-01-01 00:00:00.376680486,0.376680486,0.0,0.0,0.0,372.64844,0.0,0.0,0.0,0.0,-1.5707964,0.0
1970-01-01 00:00:00.376801757,0.376801757,0.0,0.0,0.0,782.2195,0.0,0.0,0.0,0.0,-1.5707964,0.0
1970-01-01 00:00:00.377919872,0.377919872,0.0,0.0,0.0,0.0,0.0,89.58317,0.0,0.0,-1.5707964,0.0
1970-01-01 00:00:00.377958767,0.377958767,0.0,0.0,0.0,123.09606,0.0,0.0,0.0,0.0,-1.5707964,0.0
1970-01-01 00:00:00.378255490,0.37825549,0.0,0.0,0.0,93.135605,0.0,0.0,0.0,0.0,-1.5707964,0.0
1970-01-01 00:00:00.378690103,0.378690103,0.0,0.0,0.0,0.0,0.0,671.5168,0.0,0.0,-1.5707964,0.0
1970-01-01 00:00:00.378829842,0.378829842,0.0,0.0,0.0,297.53955,0.0,0.0,0.0,0.0,-1.5707964,0.0
1970-01-01 00:00:00.378950182,0.378950182,0.0,0.0,0.0,0.0,0.0,137.30257,0.0,0.0,-1.5707964,0.0
1970-01-01 00:00:00.378960543,0.378960543,0.0,0.0,0.0,104.54056,0.0,0.0,0.0,0.0,-1.5707964,0.0
1970-01-01 00:00:00.379322234,0.379322234,0.0,0.0,3320.7617,0.0,0.0,0.0,0.0,0.0,-1.5707964,0.0
1970-01-01 00:00:00.379396911,0.379396911,0.0,0.0,0.0,297.79944,0.0,0.0,0.0,0.0,-1.5707964,0.0
1970-01-01 00:00:00.379711156,0.379711156,0.0,0.0,0.0,113.08749,0.0,0.0,0.0,0.0,-1.5707964,0.0
1970-01-01 00:00:00.379946997,0.379946997,0.0,0.0,0.0,113.64964,0.0,0.0,0.0,0.0,-1.5707964,0.0
1970-01-01 00:00:00.379950524,0.379950524,0.0,0.0,0.0,272.0665,0.0,0.0,0.0,0.0,-1.5707964,0.0
1970-01-01 00:00:00.380405737,0.380405737,0.0,0.0,987.5067,0.0,0.0,0.0,0.0,0.0,-1.5707964,0.0
1970-01-01 00:00:00.380423410,0.38042341,0.0,0.0,0.0,0.0,377.78064,0.0,0.0,0.0,-1.5707964,0.0
1970-01-01 00:00:00.380455083,0.380455083,0.0,0.0,0.0,214.52963,0.0,0.0,0.0,0.0,-1.5707964,0.0
1970-01-01 00:00:00.380824770,0.38082477,0.0,169.36176,0.0,0.0,0.0,0.0,0.0,0.0,-1.5707964,0.0
1970-01-01 00:00:00.380909532,0.380909532,0.0,0.0,0.0,0.0,242.03406,0.0,0.0,0.0,-1.5707964,0.0
1970-01-01 00:00:00.381257454,0.381257454,0.0,0.0,0.0,162.69984,0.0,0.0,0.0,0.0,-1.5707964,0.0
1970-01-01 00:00:00.381999635,0.381999635,0.0,0.0,0.0,185.90897,0.0,0.0,0.0,0.0,-1.5707964,0.0
1970-01-01 00:00:00.382255073,0.382255073,0.0,0.0,0.0,0.0,316.2001,0.0,0.0,0.0,-1.5707964,0.0
1970-01-01 00:00:00.382305647,0.382305647,0.0,0.0,0.0,0.0,173.0977,0.0,0.0,0.0,-1.5707964,0.0
1970-01-01 00:00:00.382399363,0.382399363,0.0,386.97034,0.0,0.0,0.0,0.0,0.0,0.0,-1.5707964,0.0
1970-01-01 00:00:00.382436745,0.382436745,0.0,0.0,0.0,0.0,0.0,210.68773,0.0,0.0,-1.5707964,0.0
1970-01-01 00:00:00.382533012,0.382533012,0.0,0.0,0.0,169.10725,0.0,0.0,0.0,0.0,-1.5707964,0.0
1970-01-01 00:00:00.382601810,0.38260181,0.0,0.0,0.0,0.0,0.0,445.00262,0.0,0.0,-1.5707964,0.0
1970-01-01 00:00:00.382627308,0.382627308,0.0,0.0,0.0,214.72406,0.0,0.0,0.0,0.0,-1.5707964,0.0
1970-01-01 00:00:00.382746480,0.38274648,0.0,0.0,0.0,364.2281,0.0,0.0,0.0,0.0,-1.5707964,0.0
1970-01-01 00:00:00.382751257,0.382751257,0.0,0.0,0.0,780.1591,0.0,0.0,0.0,0.0,-1.5707964,0.0
1970-01-01 00:00:00.382892663,0.382892663,0.0,0.0,0.0,0.0,0.0,176.71405,0.0,0.0,-1.5707964,0.0
1970-01-01 00:00:00.383023264,0.383023264,0.0,1166.0604,0.0,0.0,0.0,0.0,0.0,0.0,-1.5707964,0.0
1970-01-01 00:00:00.383112895,0.383112895,0.0,574.5635,0.0,0.0,0.0,0.0,0.0,0.0,-1.5707964,0.0
1970-01-01 00:00:00.383143981,0.383143981,0.0,0.0,265.08426,0.0,0.0,0.0,0.0,0.0,-1.5707964,0.0
1970-01-01 00:00:00.383218651,0.383218651,0.0,0.0,0.0,0.0,0.0,288.05222,0.0,0.0,-1.5707964,0.0
1970-01-01 00:00:00.383336637,0.383336637,0.0,0.0,0.0,246.05054,0.0,0.0,0.0,0.0,-1.5707964,0.0
1970-01-01 00:00:00.383520367,0.383520367,0.0,119.55649,0.0,0.0,0.0,0.0,0.0,0.0,-1.5707964,0.0
1970-01-01 00:00:00.383896874,0.383896874,0.0,0.0,0.0,752.2583,0.0,0.0,0.0,0.0,-1.5707964,0.0
1970-01-01 00:00:00.383983041,0.383983041,0.0,0.0,0.0,0.0,0.0,399.65714,0.0,0.0,-1.5707964,0.0
1970-01-01 00:00:00.383997018,0.383997018,0.0,673.7638,0.0,0.0,0.0,0.0,0.0,0.0,-1.5707964,0.0
1970-01-01 00:00:00.384003068,0.384003068,0.0,0.0,260.1531,0.0,0.0,0.0,0.0,0.0,-1.5707964,0.0
1970-01-01 00:00:00.384050594,0.384050594,1199.9685,0.0,0.0,0.0,0.0,0.0,0.0,0.0,-1.5707964,0.0
1970-01-01 00:00:00.384137494,0.384137494,0.0,0.0,0.0,0.0,0.0,694.4114,0.0,0.0,-1.5707964,0.0
1970-01-01 00:00:00.384177126,0.384177126,0.0,0.0,0.0,1649.8499,0.0,0.0,0.0,0.0,-1.5707964,0.0
1970-01-01 00:00:00.384181667,0.384181667,217.33775,0.0,0.0,0.0,0.0,0.0,0.0,0.0,-1.5707964,0.0
1970-01-01 00:00:00.384286602,0.384286602,0.0,0.0,0.0,215.12973,0.0,0.0,0.0,0.0,-1.5707964,0.0
1970-01-01 00:00:00.384320728,0.384320728,0.0,0.0,0.0,91.31396,0.0,0.0,0.0,0.0,-1.5707964,0.0
1970-01-01 00:00:00.384587345,0.384587345,0.0,0.0,0.0,0.0,0.0,181.46455,0.0,0.0,-1.5707964,0.0
1970-01-01 00:00:00.384672881,0.384672881,0.0,0.0,0.0,490.36932,0.0,0.0,0.0,0.0,-1.5707964,0.0
1970-01-01 00:00:00.384819896,0.384819896,0.0,156.28645,0.0,0.0,0.0,0.0,0.0,0.0,-1.5707964,0.0
1970-01-01 00:00:00.385005384,0.385005384,0.0,0.0,0.0,0.0,322.58188,0.0,0.0,0.0,-1.5707964,0.0
1970-01-01 00:00:00.385359308,0.385359308,0.0,0.0,0.0,87.10106,0.0,0.0,0.0,0.0,-1.5707964,0.0
1970-01-01 00:00:00.385594470,0.38559447,0.0,0.0,0.0,0.0,983.6981,0.0,0.0,0.0,-1.5707964,0.0
1970-01-01 00:00:00.385633245,0.385633245,0.0,0.0,210.5283,0.0,0.0,0.0,0.0,0.0,-1.5707964,0.0
1970-01-01 00:00:00.385727156,0.385727156,0.0,0.0,0.0,0.0,1050.5609,0.0,0.0,0.0,-1.5707964,0.0
1970-01-01 00:00:00.385727156,0.385727156,0.0,0.0,0.0,1690.1428,0.0,0.0,0.0,0.0,-1.5707964,0.0
1970-01-01 00:00:00.385844411,0.385844411,0.0,142.43616,0.0,0.0,0.0,0.0,0.0,0.0,-1.5707964,0.0
1970-01-01 00:00:00.385953063,0.385953063,0.0,0.0,0.0,0.0,542.32434,0.0,0.0,0.0,-1.5707964,0.0
1970-01-01 00:00:00.386011236,0.386011236,0.0,0.0,0.0,114.23642,0.0,0.0,0.0,0.0,-1.5707964,0.0
1970-01-01 00:00:00.386167861,0.386167861,0.0,0.0,229.42555,0.0,0.0,0.0,0.0,0.0,-1.5707964,0.0
1970-01-01 00:00:00.386443927,0.386443927,0.0,0.0,0.0,225.46646,0.0,0.0,0.0,0.0,-1.5707964,0.0
1970-01-01 00:00:00.386477179,0.386477179,0.0,0.0,0.0,208.48993,0.0,0.0,0.0,0.0,-1.5707964,0.0
1970-01-01 00:00:00.386485381,0.386485381,0.0,0.0,0.0,106.81804,0.0,0.0,0.0,0.0,-1.5707964,0.0
1970-01-01 00:00:00.386491941,0.386491941,0.0,0.0,0.0,283.5203,0.0,0.0,0.0,0.0,-1.5707964,0.0
1970-01-01 00:00:00.386492662,0.386492662,0.0,0.0,0.0,0.0,563.1805,0.0,0.0,0.0,-1.5707964,0.0
1970-01-01 00:00:00.386522255,0.386522255,0.0,338.36194,0.0,0.0,0.0,0.0,0.0,0.0,-1.5707964,0.0
1970-01-01 00:00:00.386548245,0.386548245,0.0,0.0,0.0,184.41113,0.0,0.0,0.0,0.0,-1.5707964,0.0
1970-01-01 00:00:00.386591031,0.386591031,0.0,0.0,0.0,290.19528,0.0,0.0,0.0,0.0,-1.5707964,0.0
1970-01-01 00:00:00.386659540,0.38665954,0.0,0.0,0.0,302.6336,0.0,0.0,0.0,0.0,-1.5707964,0.0
1970-01-01 00:00:00.387117590,0.38711759,0.0,0.0,99.9222,0.0,0.0,0.0,0.0,0.0,-1.5707964,0.0
1970-01-01 00:00:00.387147846,0.387147846,0.0,0.0,0.0,0.0,0.0,347.23987,0.0,0.0,-1.5707964,0.0
1970-01-01 00:00:00.387281503,0.387281503,0.0,0.0,0.0,419.3597,0.0,0.0,0.0,0.0,-1.5707964,0.0
1970-01-01 00:00:00.387351636,0.387351636,0.0,0.0,0.0,142.2905,0.0,0.0,0.0,0.0,-1.5707964,0.0
1970-01-01 00:00:00.387416044,0.387416044,193.74821,0.0,0.0,0.0,0.0,0.0,0.0,0.0,-1.5707964,0.0
1970-01-01 00:00:00.387458349,0.387458349,0.0,0.0,0.0,0.0,0.0,2384.8955,0.0,0.0,-1.5707964,0.0
1970-01-01 00:00:00.387481530,0.38748153,0.0,242.44368,0.0,0.0,0.0,0.0,0.0,0.0,-1.5707964,0.0
1970-01-01 00:00:00.387481530,0.38748153,0.0,346.06458,0.0,0.0,0.0,0.0,0.0,0.0,-1.5707964,0.0
1970-01-01 00:00:00.387513481,0.387513481,0.0,0.0,0.0,0.0,0.0,2009.5555,0.0,0.0,-1.5707964,0.0
1970-01-01 00:00:00.387673775,0.387673775,0.0,0.0,0.0,0.0,0.0,131.80992,0.0,0.0,-1.5707964,0.0
1970-01-01 00:00:00.387862754,0.387862754,0.0,0.0,208.38062,0.0,0.0,0.0,0.0,0.0,-1.5707964,0.0
1970-01-01 00:00:00.388051674,0.388051674,0.0,0.0,303.78232,0.0,0.0,0.0,0.0,0.0,-1.5707964,0.0
1970-01-01 00:00:00.388197783,0.388197783,0.0,0.0,0.0,162.26797,0.0,0.0,0.0,0.0,-1.5707964,0.0
1970-01-01 00:00:00.388607294,0.388607294,0.0,0.0,0.0,0.0,0.0,255.15355,0.0,0.0,-1.5707964,0.0
1970-01-01 00:00:00.389055433,0.389055433,0.0,0.0,0.0,0.0,0.0,96.16846,0.0,0.0,-1.5707964,0.0
1970-01-01 00:00:00.389060100,0.3890601,0.0,0.0,0.0,339.61945,0.0,0.0,0.0,0.0,-1.5707964,0.0
1970-01-01 00:00:00.389171632,0.389171632,0.0,0.0,0.0,0.0,0.0,359.0185,0.0,0.0,-1.5707964,0.0
1970-01-01 00:00:00.389225946,0.389225946,0.0,0.0,0.0,198.62044,0.0,0.0,0.0,0.0,-1.5707964,0.0
1970-01-01 00:00:00.389246742,0.389246742,0.0,0.0,211.94273,0.0,0.0,0.0,0.0,0.0,-1.5707964,0.0
1970-01-01 00:00:00.389434665,0.389434665,0.0,0.0,130.27654,0.0,0.0,0.0,0.0,0.0,-1.5707964,0.0
1970-01-01 00:00:00.389773773,0.389773773,0.0,0.0,0.0,449.68146,0.0,0.0,0.0,0.0,-1.5707964,0.0
1970-01-01 00:00:00.389953782,0.389953782,0.0,0.0,0.0,301.76425,0.0,0.0,0.0,0.0,-1.5707964,0.0
1970-01-01 00:00:00.390548052,0.390548052,0.0,0.0,1051.9895,0.0,0.0,0.0,0.0,0.0,-1.5707964,0.0
1970-01-01 00:00:00.391299178,0.391299178,0.0,0.0,0.0,0.0,0.0,1720.342,0.0,0.0,-1.5707964,0.0
1970-01-01 00:00:00.391505766,0.391505766,0.0,0.0,0.0,450.684,0.0,0.0,0.0,0.0,-1.5707964,0.0
1970-01-01 00:00:00.391838192,0.391838192,0.0,919.8881,0.0,0.0,0.0,0.0,0.0,0.0,-1.5707964,0.0
1970-01-01 00:00:00.391882014,0.391882014,0.0,0.0,0.0,157.34697,0.0,0.0,0.0,0.0,-1.5707964,0.0
1970-01-01 00:00:00.392685437,0.392685437,0.0,0.0,177.22768,0.0,0.0,0.0,0.0,0.0,-1.5707964,0.0
1970-01-01 00:00:00.392893677,0.392893677,87.719894,0.0,0.0,0.0,0.0,0.0,0.0,0.0,-1.5707964,0.0
1970-01-01 00:00:00.393206378,0.393206378,0.0,1268.5784,0.0,0.0,0.0,0.0,0.0,0.0,-1.5707964,0.0
1970-01-01 00:00:00.393228479,0.393228479,0.0,0.0,0.0,0.0,0.0,420.5362,0.0,0.0,-1.5707964,0.0
1970-01-01 00:00:00.393635337,0.393635337,0.0,0.0,0.0,0.0,0.0,153.67723,0.0,0.0,-1.5707964,0.0
1970-01-01 00:00:00.393779201,0.393779201,0.0,128.04305,0.0,0.0,0.0,0.0,0.0,0.0,-1.5707964,0.0
1970-01-01 00:00:00.394695592,0.394695592,0.0,0.0,675.6358,0.0,0.0,0.0,0.0,0.0,-1.5707964,0.0
1970-01-01 00:00:00.395137762,0.395137762,0.0,0.0,0.0,808.6631,0.0,0.0,0.0,0.0,-1.5707964,0.0
1970-01-01 00:00:00.396353172,0.396353172,0.0,0.0,0.0,655.56976,0.0,0.0,0.0,0.0,-1.5707964,0.0
1970-01-01 00:00:00.396901953,0.396901953,0.0,754.8152,0.0,0.0,0.0,0.0,0.0,0.0,-1.5707964,0.0
1970-01-01 00:00:00.397101220,0.39710122,0.0,0.0,0.0,103.43169,0.0,0.0,0.0,0.0,-1.5707964,0.0
1970-01-01 00:00:00.397222810,0.39722281,0.0,0.0,0.0,0.0,0.0,242.4504,0.0,0.0,-1.5707964,0.0
1970-01-01 00:00:00.397920246,0.397920246,0.0,0.0,0.0,369.16553,0.0,0.0,0.0,0.0,-1.5707964,0.0
1970-01-01 00:00:00.397926507,0.397926507,0.0,0.0,0.0,0.0,0.0,185.56279,0.0,0.0,-1.5707964,0.0
1970-01-01 00:00:00.397959344,0.397959344,0.0,0.0,0.0,365.5763,0.0,0.0,0.0,0.0,-1.5707964,0.0
1970-01-01 00:00:00.398017590,0.39801759,0.0,0.0,243.52908,0.0,0.0,0.0,0.0,0.0,-1.5707964,0.0
1970-01-01 00:00:00.398058412,0.398058412,0.0,0.0,0.0,1187.6871,0.0,0.0,0.0,0.0,-1.5707964,0.0
1970-01-01 00:00:00.399014730,0.39901473,0.0,0.0,0.0,91.13437,0.0,0.0,0.0,0.0,-1.5707964,0.0
1970-01-01 00:00:00.399053384,0.399053384,0.0,0.0,83.93784,0.0,0.0,0.0,0.0,0.0,-1.5707964,0.0
1970-01-01 00:00:00.399053384,0.399053384,0.0,0.0,0.0,0.0,184.2071,0.0,0.0,0.0,-1.5707964,0.0
1970-01-01 00:00:00.399125546,0.399125546,0.0,0.0,0.0,798.3013,0.0,0.0,0.0,0.0,-1.5707964,0.0
1970-01-01 00:00:00.399585153,0.399585153,0.0,1259.512,0.0,0.0,0.0,0.0,0.0,0.0,-1.5707964,0.0
1970-01-01 00:00:00.399691402,0.399691402,0.0,0.0,0.0,867.98584,0.0,0.0,0.0,0.0,-1.5707964,0.0
1970-01-01 00:00:00.399739901,0.399739901,0.0,0.0,0.0,395.492,0.0,0.0,0.0,0.0,-1.5707964,0.0
1970-01-01 00:00:00.399831916,0.399831916,0.0,0.0,0.0,1045.3818,0.0,0.0,0.0,0.0,-1.5707964,0.0
1970-01-01 00:00:00.400350165,0.400350165,0.0,0.0,0.0,599.8237,0.0,0.0,0.0,0.0,-1.5707964,0.0
1970-01-01 00:00:00.400414262,0.400414262,0.0,0.0,0.0,0.0,0.0,146.41911,0.0,0.0,-1.5707964,0.0
1970-01-01 00:00:00.400596761,0.400596761,0.0,413.17557,0.0,0.0,0.0,0.0,0.0,0.0,-1.5707964,0.0
1970-01-01 00:00:00.400763600,0.4007636,0.0,0.0,0.0,206.1296,0.0,0.0,0.0,0.0,-1.5707964,0.0
1970-01-01 00:00:00.400990459,0.400990459,0.0,0.0,0.0,2656.9905,0.0,0.0,0.0,0.0,-1.5707964,0.0
1970-01-01 00:00:00.401065101,0.401065101,0.0,0.0,0.0,0.0,0.0,1802.2803,0.0,0.0,-1.5707964,0.0
1970-01-01 00:00:00.401087964,0.401087964,0.0,0.0,0.0,1321.9327,0.0,0.0,0.0,0.0,-1.5707964,0.0
1970-01-01 00:00:00.401634208,0.401634208,0.0,0.0,0.0,153.48851,0.0,0.0,0.0,0.0,-1.5707964,0.0
1970-01-01 00:00:00.401859188,0.401859188,0.0,0.0,0.0,116.05212,0.0,0.0,0.0,0.0,-1.5707964,0.0
1970-01-01 00:00:00.401960515,0.401960515,233.5377,0.0,0.0,0.0,0.0,0.0,0.0,0.0,-1.5707964,0.0
1970-01-01 00:00:00.402368123,0.402368123,0.0,0.0,0.0,345.69186,0.0,0.0,0.0,0.0,-1.5707964,0.0
1970-01-01 00:00:00.402434202,0.402434202,0.0,0.0,121.414795,0.0,0.0,0.0,0.0,0.0,-1.5707964,0.0
1970-01-01 00:00:00.402521641,0.402521641,0.0,0.0,394.4185,0.0,0.0,0.0,0.0,0.0,-1.5707964,0.0
1970-01-01 00:00:00.402578756,0.402578756,0.0,0.0,0.0,80.02791,0.0,0.0,0.0,0.0,-1.5707964,0.0
1970-01-01 00:00:00.403109948,0.403109948,0.0,0.0,0.0,285.89624,0.0,0.0,0.0,0.0,-1.5707964,0.0
1970-01-01 00:00:00.403400440,0.40340044,0.0,0.0,0.0,340.5556,0.0,0.0,0.0,0.0,-1.5707964,0.0
1970-01-01 00:00:00.403628881,0.403628881,0.0,0.0,0.0,132.92383,0.0,0.0,0.0,0.0,-1.5707964,0.0
1970-01-01 00:00:00.403679260,0.40367926,0.0,0.0,0.0,113.57385,0.0,0.0,0.0,0.0,-1.5707964,0.0
1970-01-01 00:00:00.403744494,0.403744494,0.0,0.0,0.0,424.9163,0.0,0.0,0.0,0.0,-1.5707964,0.0
1970-01-01 00:00:00.403821172,0.403821172,0.0,0.0,126.08773,0.0,0.0,0.0,0.0,0.0,-1.5707964,0.0
1970-01-01 00:00:00.403931488,0.403931488,0.0,0.0,0.0,0.0,0.0,165.8037,0.0,0.0,-1.5707964,0.0
1970-01-01 00:00:00.403990707,0.403990707,0.0,0.0,407.9221,0.0,0.0,0.0,0.0,0.0,-1.5707964,0.0
1970-01-01 00:00:00.404164538,0.404164538,0.0,0.0,0.0,704.1218,0.0,0.0,0.0,0.0,-1.5707964,0.0
1970-01-01 00:00:00.404324398,0.404324398,0.0,0.0,0.0,717.9793,0.0,0.0,0.0,0.0,-1.5707964,0.0
1970-01-01 00:00:00.404414691,0.404414691,0.0,0.0,0.0,188.38197,0.0,0.0,0.0,0.0,-1.5707964,0.0
1970-01-01 00:00:00.405038435,0.405038435,0.0,0.0,0.0,0.0,293.7479,0.0,0.0,0.0,-1.5707964,0.0
1970-01-01 00:00:00.405279824,0.405279824,0.0,0.0,0.0,0.0,156.10962,0.0,0.0,0.0,-1.5707964,0.0
1970-01-01 00:00:00.405317523,0.405317523,0.0,0.0,0.0,97.95022,0.0,0.0,0.0,0.0,-1.5707964,0.0
1970-01-01 00:00:00.405404487,0.405404487,0.0,0.0,611.5126,0.0,0.0,0.0,0.0,0.0,-1.5707964,0.0
1970-01-01 00:00:00.405642135,0.405642135,0.0,647.02716,0.0,0.0,0.0,0.0,0.0,0.0,-1.5707964,0.0
1970-01-01 00:00:00.405790439,0.405790439,0.0,0.0,0.0,804.0672,0.0,0.0,0.0,0.0,-1.5707964,0.0
1970-01-01 00:00:00.405812238,0.405812238,0.0,1045.9957,0.0,0.0,0.0,0.0,0.0,0.0,-1.5707964,0.0
1970-01-01 00:00:00.405817936,0.405817936,0.0,0.0,0.0,283.92288,0.0,0.0,0.0,0.0,-1.5707964,0.0
1970-01-01 00:00:00.405877304,0.405877304,0.0,0.0,128.11661,0.0,0.0,0.0,0.0,0.0,-1.5707964,0.0
1970-01-01 00:00:00.406469620,0.40646962,172.41902,0.0,0.0,0.0,0.0,0.0,0.0,0.0,-1.5707964,0.0
1970-01-01 00:00:00.406659648,0.406659648,0.0,0.0,0.0,286.00525,0.0,0.0,0.0,0.0,-1.5707964,0.0
1970-01-01 00:00:00.406676580,0.40667658,0.0,0.0,0.0,218.0878,0.0,0.0,0.0,0.0,-1.5707964,0.0
1970-01-01 00:00:00.406894695,0.406894695,0.0,0.0,464.81253,0.0,0.0,0.0,0.0,0.0,-1.5707964,0.0
1970-01-01 00:00:00.407236474,0.407236474,0.0,0.0,0.0,117.01204,0.0,0.0,0.0,0.0,-1.5707964,0.0
1970-01-01 00:00:00.407385252,0.407385252,0.0,0.0,854.9081,0.0,0.0,0.0,0.0,0.0,-1.5707964,0.0
1970-01-01 00:00:00.407418899,0.407418899,0.0,0.0,0.0,119.9751,0.0,0.0,0.0,0.0,-1.5707964,0.0
1970-01-01 00:00:00.407515813,0.407515813,0.0,0.0,0.0,222.20613,0.0,0.0,0.0,0.0,-1.5707964,0.0
1970-01-01 00:00:00.407603319,0.407603319,0.0,0.0,0.0,779.2065,0.0,0.0,0.0,0.0,-1.5707964,0.0
1970-01-01 00:00:00.407778179,0.407778179,0.0,0.0,168.82086,0.0,0.0,0.0,0.0,0.0,-1.5707964,0.0
1970-01-01 00:00:00.408229519,0.408229519,0.0,0.0,0.0,97.05383,0.0,0.0,0.0,0.0,-1.5707964,0.0
1970-01-01 00:00:00.408267321,0.408267321,0.0,0.0,0.0,0.0,0.0,257.58316,0.0,0.0,-1.5707964,0.0
1970-01-01 00:00:00.408306887,0.408306887,0.0,0.0,0.0,238.34286,0.0,0.0,0.0,0.0,-1.5707964,0.0
1970-01-01 00:00:00.408884785,0.408884785,0.0,0.0,467.55072,0.0,0.0,0.0,0.0,0.0,-1.5707964,0.0
1970-01-01 00:00:00.409053568,0.409053568,943.0416,0.0,0.0,0.0,0.0,0.0,0.0,0.0,-1.5707964,0.0
1970-01-01 00:00:00.409452068,0.409452068,0.0,0.0,212.83911,0.0,0.0,0.0,0.0,0.0,-1.5707964,0.0
1970-01-01 00:00:00.409652521,0.409652521,0.0,0.0,0.0,0.0,668.7023,0.0,0.0,0.0,-1.5707964,0.0
1970-01-01 00:00:00.409738779,0.409738779,0.0,0.0,540.1423,0.0,0.0,0.0,0.0,0.0,-1.5707964,0.0
1970-01-01 00:00:00.409901907,0.409901907,0.0,195.41643,0.0,0.0,0.0,0.0,0.0,0.0,-1.5707964,0.0
1970-01-01 00:00:00.409916214,0.409916214,0.0,0.0,0.0,336.87222,0.0,0.0,0.0,0.0,-1.5707964,0.0
1970-01-01 00:00:00.410004253,0.410004253,0.0,0.0,0.0,152.12259,0.0,0.0,0.0,0.0,-1.5707964,0.0
1970-01-01 00:00:00.410455392,0.410455392,0.0,0.0,0.0,0.0,0.0,119.18346,0.0,0.0,-1.5707964,0.0
1970-01-01 00:00:00.410523370,0.41052337,0.0,0.0,363.82275,0.0,0.0,0.0,0.0,0.0,-1.5707964,0.0
1970-01-01 00:00:00.410537693,0.410537693,0.0,0.0,0.0,133.14249,0.0,0.0,0.0,0.0,-1.5707964,0.0
1970-01-01 00:00:00.410628326,0.410628326,0.0,0.0,0.0,205.56886,0.0,0.0,0.0,0.0,-1.5707964,0.0
1970-01-01 00:00:00.411266096,0.411266096,0.0,190.71265,0.0,0.0,0.0,0.0,0.0,0.0,-1.5707964,0.0
1970-01-01 00:00:00.411307312,0.411307312,0.0,0.0,0.0,0.0,375.1188,0.0,0.0,0.0,-1.5707964,0.0
1970-01-01 00:00:00.411705625,0.411705625,0.0,0.0,0.0,440.1623,0.0,0.0,0.0,0.0,-1.5707964,0.0
1970-01-01 00:00:00.411765403,0.411765403,0.0,0.0,0.0,325.48822,0.0,0.0,0.0,0.0,-1.5707964,0.0
1970-01-01 00:00:00.411969170,0.41196917,0.0,226.99907,0.0,0.0,0.0,0.0,0.0,0.0,-1.5707964,0.0
1970-01-01 00:00:00.412041219,0.412041219,0.0,0.0,0.0,248.80849,0.0,0.0,0.0,0.0,-1.5707964,0.0
1970-01-01 00:00:00.412046329,0.412046329,0.0,0.0,0.0,584.6839,0.0,0.0,0.0,0.0,-1.5707964,0.0
1970-01-01 00:00:00.413285717,0.413285717,0.0,0.0,0.0,0.0,0.0,141.45747,0.0,0.0,-1.5707964,0.0
1970-01-01 00:00:00.413706764,0.413706764,0.0,0.0,0.0,391.7608,0.0,0.0,0.0,0.0,-1.5707964,0.0
1970-01-01 00:00:00.413746520,0.41374652,0.0,0.0,0.0,304.30313,0.0,0.0,0.0,0.0,-1.5707964,0.0
1970-01-01 00:00:00.413797612,0.413797612,0.0,384.9828,0.0,0.0,0.0,0.0,0.0,0.0,-1.5707964,0.0
1970-01-01 00:00:00.414170036,0.414170036,0.0,0.0,0.0,177.12132,0.0,0.0,0.0,0.0,-1.5707964,0.0
1970-01-01 00:00:00.414554959,0.414554959,0.0,0.0,185.26213,0.0,0.0,0.0,0.0,0.0,-1.5707964,0.0
1970-01-01 00:00:00.415181514,0.415181514,0.0,0.0,0.0,0.0,1643.9233,0.0,0.0,0.0,-1.5707964,0.0
1970-01-01 00:00:00.415453687,0.415453687,410.4351,0.0,0.0,0.0,0.0,0.0,0.0,0.0,-1.5707964,0.0
1970-01-01 00:00:00.415609179,0.415609179,0.0,0.0,0.0,0.0,0.0,593.9609,0.0,0.0,-1.5707964,0.0
1970-01-01 00:00:00.415675959,0.415675959,0.0,0.0,0.0,352.53412,0.0,0.0,0.0,0.0,-1.5707964,0.0
1970-01-01 00:00:00.416278892,0.416278892,0.0,205.11519,0.0,0.0,0.0,0.0,0.0,0.0,-1.5707964,0.0
1970-01-01 00:00:00.416345128,0.416345128,0.0,0.0,0.0,0.0,0.0,184.722,0.0,0.0,-1.5707964,0.0
1970-01-01 00:00:00.416392720,0.41639272,0.0,0.0,0.0,318.2305,0.0,0.0,0.0,0.0,-1.5707964,0.0
1970-01-01 00:00:00.416554734,0.416554734,0.0,0.0,0.0,0.0,0.0,132.37111,0.0,0.0,-1.5707964,0.0
1970-01-01 00:00:00.416586914,0.416586914,0.0,0.0,0.0,0.0,320.89948,0.0,0.0,0.0,-1.5707964,0.0
1970-01-01 00:00:00.416749093,0.416749093,0.0,0.0,0.0,0.0,0.0,908.54877,0.0,0.0,-1.5707964,0.0
1970-01-01 00:00:00.416837206,0.416837206,0.0,1666.5042,0.0,0.0,0.0,0.0,0.0,0.0,-1.5707964,0.0
1970-01-01 00:00:00.416837206,0.416837206,0.0,0.0,0.0,0.0,0.0,190.36395,0.0,0.0,-1.5707964,0.0
1970-01-01 00:00:00.417114696,0.417114696,0.0,0.0,0.0,371.40018,0.0,0.0,0.0,0.0,-1.5707964,0.0
1970-01-01 00:00:00.417154035,0.417154035,0.0,0.0,0.0,0.0,0.0,623.4438,0.0,0.0,-1.5707964,0.0
1970-01-01 00:00:00.417594037,0.417594037,0.0,0.0,0.0,0.0,306.6052,0.0,0.0,0.0,-1.5707964,0.0
1970-01-01 00:00:00.417799194,0.417799194,0.0,0.0,0.0,1399.9755,0.0,0.0,0.0,0.0,-1.5707964,0.0
1970-01-01 00:00:00.417981725,0.417981725,0.0,0.0,82.20515,0.0,0.0,0.0,0.0,0.0,-1.5707964,0.0
1970-01-01 00:00:00.418076304,0.418076304,0.0,117.64751,0.0,0.0,0.0,0.0,0.0,0.0,-1.5707964,0.0
1970-01-01 00:00:00.418202757,0.418202757,0.0,135.86514,0.0,0.0,0.0,0.0,0.0,0.0,-1.5707964,0.0
1970-01-01 00:00:00.418395489,0.418395489,0.0,0.0,0.0,460.7807,0.0,0.0,0.0,0.0,-1.5707964,0.0
1970-01-01 00:00:00.418511759,0.418511759,0.0,0.0,0.0,0.0,0.0,185.73578,0.0,0.0,-1.5707964,0.0
1970-01-01 00:00:00.418827380,0.41882738,0.0,0.0,0.0,609.5536,0.0,0.0,0.0,0.0,-1.5707964,0.0
1970-01-01 00:00:00.418959306,0.418959306,0.0,0.0,0.0,280.37213,0.0,0.0,0.0,0.0,-1.5707964,0.0
1970-01-01 00:00:00.419192750,0.41919275,0.0,0.0,567.9835,0.0,0.0,0.0,0.0,0.0,-1.5707964,0.0
1970-01-01 00:00:00.419331174,0.419331174,0.0,981.0655,0.0,0.0,0.0,0.0,0.0,0.0,-1.5707964,0.0
1970-01-01 00:00:00.419761106,0.419761106,0.0,528.33264,0.0,0.0,0.0,0.0,0.0,0.0,-1.5707964,0.0
1970-01-01 00:00:00.420833142,0.420833142,0.0,0.0,0.0,0.0,140.62982,0.0,0.0,0.0,-1.5707964,0.0
1970-01-01 00:00:00.421031389,0.421031389,0.0,0.0,0.0,1392.0442,0.0,0.0,0.0,0.0,-1.5707964,0.0
1970-01-01 00:00:00.421098792,0.421098792,0.0,0.0,247.53151,0.0,0.0,0.0,0.0,0.0,-1.5707964,0.0
1970-01-01 00:00:00.421333709,0.421333709,293.05176,0.0,0.0,0.0,0.0,0.0,0.0,0.0,-1.5707964,0.0
1970-01-01 00:00:00.421427221,0.421427221,0.0,0.0,788.70404,0.0,0.0,0.0,0.0,0.0,-1.5707964,0.0
1970-01-01 00:00:00.422385951,0.422385951,0.0,0.0,0.0,0.0,0.0,368.62268,0.0,0.0,-1.5707964,0.0
1970-01-01 00:00:00.422735774,0.422735774,0.0,314.07346,0.0,0.0,0.0,0.0,0.0,0.0,-1.5707964,0.0
1970-01-01 00:00:00.423394623,0.423394623,0.0,0.0,0.0,165.73328,0.0,0.0,0.0,0.0,-1.5707964,0.0
1970-01-01 00:00:00.423813434,0.423813434,0.0,0.0,0.0,0.0,0.0,256.68307,0.0,0.0,-1.5707964,0.0
1970-01-01 00:00:00.423891349,0.423891349,0.0,0.0,164.60178,0.0,0.0,0.0,0.0,0.0,-1.5707964,0.0
1970-01-01 00:00:00.424789107,0.424789107,0.0,0.0,0.0,984.2874,0.0,0.0,0.0,0.0,-1.5707964,0.0
1970-01-01 00:00:00.426613031,0.426613031,0.0,0.0,0.0,1103.3081,0.0,0.0,0.0,0.0,-1.5707964,0.0
1970-01-01 00:00:00.428317819,0.428317819,0.0,0.0,0.0,701.9588,0.0,0.0,0.0,0.0,-1.5707964,0.0
1970-01-01 00:00:00.429646136,0.429646136,0.0,0.0,0.0,184.07253,0.0,0.0,0.0,0.0,-1.5707964,0.0
1970-01-01 00:00:00.429683791,0.429683791,0.0,0.0,0.0,147.33498,0.0,0.0,0.0,0.0,-1.5707964,0.0
1970-01-01 00:00:00.429962365,0.429962365,0.0,0.0,633.5989,0.0,0.0,0.0,0.0,0.0,-1.5707964,0.0
1970-01-01 00:00:00.430546905,0.430546905,0.0,0.0,0.0,0.0,518.2333,0.0,0.0,0.0,-1.5707964,0.0
1970-01-01 00:00:00.431186247,0.431186247,0.0,0.0,2662.331,0.0,0.0,0.0,0.0,0.0,-1.5707964,0.0
1970-01-01 00:00:00.431700081,0.431700081,0.0,0.0,0.0,286.63333,0.0,0.0,0.0,0.0,-1.5707964,0.0
1970-01-01 00:00:00.432166108,0.432166108,0.0,114.63192,0.0,0.0,0.0,0.0,0.0,0.0,-1.5707964,0.0
1970-01-01 00:00:00.432895895,0.432895895,0.0,0.0,0.0,464.8486,0.0,0.0,0.0,0.0,-1.5707964,0.0
1970-01-01 00:00:00.432948620,0.43294862,0.0,118.16757,0.0,0.0,0.0,0.0,0.0,0.0,-1.5707964,0.0
1970-01-01 00:00:00.433178496,0.433178496,0.0,0.0,0.0,625.7951,0.0,0.0,0.0,0.0,-1.5707964,0.0
1970-01-01 00:00:00.433248064,0.433248064,0.0,0.0,89.78004,0.0,0.0,0.0,0.0,0.0,-1.5707964,0.0
1970-01-01 00:00:00.434193512,0.434193512,0.0,0.0,0.0,0.0,1018.9638,0.0,0.0,0.0,-1.5707964,0.0
1970-01-01 00:00:00.434471609,0.434471609,0.0,0.0,0.0,108.88247,0.0,0.0,0.0,0.0,-1.5707964,0.0
1970-01-01 00:00:00.434615040,0.43461504,0.0,0.0,0.0,804.5722,0.0,0.0,0.0,0.0,-1.5707964,0.0
1970-01-01 00:00:00.434652093,0.434652093,0.0,0.0,254.98532,0.0,0.0,0.0,0.0,0.0,-1.5707964,0.0
1970-01-01 00:00:00.434933792,0.434933792,0.0,0.0,0.0,81.0647,0.0,0.0,0.0,0.0,-1.5707964,0.0
1970-01-01 00:00:00.435467509,0.435467509,0.0,0.0,0.0,0.0,239.36623,0.0,0.0,0.0,-1.5707964,0.0
1970-01-01 00:00:00.435521928,0.435521928,0.0,0.0,0.0,460.4963,0.0,0.0,0.0,0.0,-1.5707964,0.0
1970-01-01 00:00:00.435526879,0.435526879,0.0,0.0,0.0,965.816,0.0,0.0,0.0,0.0,-1.5707964,0.0
1970-01-01 00:00:00.436549478,0.436549478,0.0,0.0,0.0,91.102684,0.0,0.0,0.0,0.0,-1.5707964,0.0
1970-01-01 00:00:00.436864051,0.436864051,198.02742,0.0,0.0,0.0,0.0,0.0,0.0,0.0,-1.5707964,0.0
1970-01-01 00:00:00.437350505,0.437350505,0.0,0.0,0.0,640.7859,0.0,0.0,0.0,0.0,-1.5707964,0.0
1970-01-01 00:00:00.437492414,0.437492414,0.0,0.0,209.57271,0.0,0.0,0.0,0.0,0.0,-1.5707964,0.0
1970-01-01 00:00:00.438178754,0.438178754,0.0,0.0,0.0,220.36334,0.0,0.0,0.0,0.0,-1.5707964,0.0
1970-01-01 00:00:00.438248663,0.438248663,0.0,0.0,0.0,881.21515,0.0,0.0,0.0,0.0,-1.5707964,0.0
1970-01-01 00:00:00.438466982,0.438466982,0.0,0.0,0.0,0.0,0.0,80.66675,0.0,0.0,-1.5707964,0.0
1970-01-01 00:00:00.439002834,0.439002834,0.0,0.0,342.1242,0.0,0.0,0.0,0.0,0.0,-1.5707964,0.0
1970-01-01 00:00:00.439084839,0.439084839,0.0,0.0,0.0,281.25534,0.0,0.0,0.0,0.0,-1.5707964,0.0
1970-01-01 00:00:00.439203617,0.439203617,0.0,0.0,121.69904,0.0,0.0,0.0,0.0,0.0,-1.5707964,0.0
1970-01-01 00:00:00.441146116,0.441146116,0.0,0.0,0.0,285.4028,0.0,0.0,0.0,0.0,-1.5707964,0.0
1970-01-01 00:00:00.441264748,0.441264748,0.0,0.0,313.5767,0.0,0.0,0.0,0.0,0.0,-1.5707964,0.0
1970-01-01 00:00:00.442204620,0.44220462,0.0,0.0,0.0,0.0,0.0,123.532166,0.0,0.0,-1.5707964,0.0
1970-01-01 00:00:00.442454892,0.442454892,0.0,0.0,0.0,0.0,199.01958,0.0,0.0,0.0,-1.5707964,0.0
1970-01-01 00:00:00.443143259,0.443143259,0.0,0.0,0.0,537.2233,0.0,0.0,0.0,0.0,-1.5707964,0.0
1970-01-01 00:00:00.443714118,0.443714118,0.0,0.0,416.37335,0.0,0.0,0.0,0.0,0.0,-1.5707964,0.0
1970-01-01 00:00:00.444165473,0.444165473,0.0,0.0,0.0,0.0,0.0,1888.977,0.0,0.0,-1.5707964,0.0
1970-01-01 00:00:00.444788652,0.444788652,0.0,0.0,0.0,86.38632,0.0,0.0,0.0,0.0,-1.5707964,0.0
1970-01-01 00:00:00.444973232,0.444973232,0.0,0.0,0.0,568.0621,0.0,0.0,0.0,0.0,-1.5707964,0.0
1970-01-01 00:00:00.445525437,0.445525437,0.0,0.0,0.0,151.0927,0.0,0.0,0.0,0.0,-1.5707964,0.0
1970-01-01 00:00:00.446176542,0.446176542,0.0,633.11743,0.0,0.0,0.0,0.0,0.0,0.0,-1.5707964,0.0
1970-01-01 00:00:00.447216544,0.447216544,0.0,0.0,0.0,100.92491,0.0,0.0,0.0,0.0,-1.5707964,0.0
1970-01-01 00:00:00.448555138,0.448555138,0.0,216.68112,0.0,0.0,0.0,0.0,0.0,0.0,-1.5707964,0.0
1970-01-01 00:00:00.452452821,0.452452821,0.0,0.0,0.0,1033.3923,0.0,0.0,0.0,0.0,-1.5707964,0.0
1970-01-01 00:00:00.453056010,0.45305601,0.0,0.0,826.43195,0.0,0.0,0.0,0.0,0.0,-1.5707964,0.0
1970-01-01 00:00:00.454187323,0.454187323,0.0,0.0,0.0,88.65571,0.0,0.0,0.0,0.0,-1.5707964,0.0
1970-01-01 00:00:00.454865260,0.45486526,0.0,0.0,467.7005,0.0,0.0,0.0,0.0,0.0,-1.5707964,0.0
1970-01-01 00:00:00.454902440,0.45490244,0.0,0.0,0.0,0.0,665.47107,0.0,0.0,0.0,-1.5707964,0.0
1970-01-01 00:00:00.454975993,0.454975993,0.0,0.0,0.0,0.0,133.57283,0.0,0.0,0.0,-1.5707964,0.0
1970-01-01 00:00:00.457257183,0.457257183,85.230865,0.0,0.0,0.0,0.0,0.0,0.0,0.0,-1.5707964,0.0
1970-01-01 00:00:00.458109848,0.458109848,0.0,0.0,0.0,106.41914,0.0,0.0,0.0,0.0,-1.5707964,0.0
1970-01-01 00:00:00.459169522,0.459169522,0.0,0.0,0.0,511.89822,0.0,0.0,0.0,0.0,-1.5707964,0.0
1970-01-01 00:00:00.459598537,0.459598537,0.0,0.0,235.05786,0.0,0.0,0.0,0.0,0.0,-1.5707964,0.0
1970-01-01 00:00:00.459716944,0.459716944,0.0,0.0,0.0,83.012596,0.0,0.0,0.0,0.0,-1.5707964,0.0
1970-01-01 00:00:00.459781628,0.459781628,0.0,0.0,0.0,195.11307,0.0,0.0,0.0,0.0,-1.5707964,0.0
1970-01-01 00:00:00.459909105,0.459909105,0.0,0.0,0.0,180.90108,0.0,0.0,0.0,0.0,-1.5707964,0.0
1970-01-01 00:00:00.460039806,0.460039806,0.0,0.0,0.0,0.0,2146.9705,0.0,0.0,0.0,-1.5707964,0.0
1970-01-01 00:00:00.460426325,0.460426325,0.0,0.0,0.0,0.0,0.0,474.60614,0.0,0.0,-1.5707964,0.0
1970-01-01 00:00:00.460461847,0.460461847,0.0,0.0,0.0,96.10387,0.0,0.0,0.0,0.0,-1.5707964,0.0
1970-01-01 00:00:00.460551446,0.460551446,0.0,0.0,0.0,156.30424,0.0,0.0,0.0,0.0,-1.5707964,0.0
1970-01-01 00:00:00.460554243,0.460554243,0.0,0.0,0.0,147.26622,0.0,0.0,0.0,0.0,-1.5707964,0.0
1970-01-01 00:00:00.460670969,0.460670969,236.22755,0.0,0.0,0.0,0.0,0.0,0.0,0.0,-1.5707964,0.0
1970-01-01 00:00:00.460727417,0.460727417,134.00262,0.0,0.0,0.0,0.0,0.0,0.0,0.0,-1.5707964,0.0
1970-01-01 00:00:00.461370833,0.461370833,0.0,0.0,0.0,0.0,0.0,194.14622,0.0,0.0,-1.5707964,0.0
1970-01-01 00:00:00.461467581,0.461467581,0.0,0.0,0.0,341.5142,0.0,0.0,0.0,0.0,-1.5707964,0.0
1970-01-01 00:00:00.461518512,0.461518512,0.0,0.0,0.0,0.0,121.642296,0.0,0.0,0.0,-1.5707964,0.0
1970-01-01 00:00:00.461707096,0.461707096,0.0,0.0,0.0,0.0,341.94043,0.0,0.0,0.0,-1.5707964,0.0
1970-01-01 00:00:00.462123992,0.462123992,0.0,0.0,0.0,0.0,216.31268,0.0,0.0,0.0,-1.5707964,0.0
1970-01-01 00:00:00.462362721,0.462362721,0.0,0.0,0.0,123.446205,0.0,0.0,0.0,0.0,-1.5707964,0.0
1970-01-01 00:00:00.462680821,0.462680821,0.0,0.0,0.0,0.0,0.0,275.1802,0.0,0.0,-1.5707964,0.0
1970-01-01 00:00:00.463419858,0.463419858,0.0,0.0,0.0,0.0,0.0,975.9864,0.0,0.0,-1.5707964,0.0
1970-01-01 00:00:00.463559049,0.463559049,0.0,0.0,0.0,0.0,0.0,174.13823,0.0,0.0,-1.5707964,0.0
1970-01-01 00:00:00.463852902,0.463852902,0.0,0.0,627.23395,0.0,0.0,0.0,0.0,0.0,-1.5707964,0.0
1970-01-01 00:00:00.464053998,0.464053998,0.0,2907.6396,0.0,0.0,0.0,0.0,0.0,0.0,-1.5707964,0.0
1970-01-01 00:00:00.464062334,0.464062334,0.0,0.0,1133.4279,0.0,0.0,0.0,0.0,0.0,-1.5707964,0.0
1970-01-01 00:00:00.464516780,0.46451678,0.0,0.0,0.0,92.43504,0.0,0.0,0.0,0.0,-1.5707964,0.0
1970-01-01 00:00:00.464650487,0.464650487,0.0,0.0,0.0,132.24579,0.0,0.0,0.0,0.0,-1.5707964,0.0
1970-01-01 00:00:00.465077225,0.465077225,0.0,0.0,0.0,111.25242,0.0,0.0,0.0,0.0,-1.5707964,0.0
1970-01-01 00:00:00.465163380,0.46516338,0.0,0.0,0.0,0.0,0.0,190.47408,0.0,0.0,-1.5707964,0.0
1970-01-01 00:00:00.465277877,0.465277877,0.0,0.0,0.0,158.86066,0.0,0.0,0.0,0.0,-1.5707964,0.0
1970-01-01 00:00:00.465491076,0.465491076,0.0,0.0,0.0,243.37234,0.0,0.0,0.0,0.0,-1.5707964,0.0
1970-01-01 00:00:00.465533027,0.465533027,0.0,0.0,0.0,0.0,1156.4144,0.0,0.0,0.0,-1.5707964,0.0
1970-01-01 00:00:00.465558062,0.465558062,0.0,309.08072,0.0,0.0,0.0,0.0,0.0,0.0,-1.5707964,0.0
1970-01-01 00:00:00.465965785,0.465965785,0.0,0.0,0.0,0.0,0.0,1507.3458,0.0,0.0,-1.5707964,0.0
1970-01-01 00:00:00.466017193,0.466017193,0.0,0.0,0.0,772.48114,0.0,0.0,0.0,0.0,-1.5707964,0.0
1970-01-01 00:00:00.466159815,0.466159815,0.0,667.3189,0.0,0.0,0.0,0.0,0.0,0.0,-1.5707964,0.0
1970-01-01 00:00:00.466199105,0.466199105,0.0,0.0,0.0,718.78827,0.0,0.0,0.0,0.0,-1.5707964,0.0
1970-01-01 00:00:00.466236411,0.466236411,0.0,0.0,0.0,276.8756,0.0,0.0,0.0,0.0,-1.5707964,0.0
1970-01-01 00:00:00.466274323,0.466274323,0.0,0.0,0.0,0.0,0.0,100.31844,0.0,0.0,-1.5707964,0.0
1970-01-01 00:00:00.466352954,0.466352954,0.0,0.0,210.8925,0.0,0.0,0.0,0.0,0.0,-1.5707964,0.0
1970-01-01 00:00:00.466608483,0.466608483,0.0,0.0,0.0,0.0,0.0,218.70236,0.0,0.0,-1.5707964,0.0
1970-01-01 00:00:00.466794821,0.466794821,0.0,0.0,0.0,186.9981,0.0,0.0,0.0,0.0,-1.5707964,0.0
1970-01-01 00:00:00.467058209,0.467058209,0.0,0.0,191.64272,0.0,0.0,0.0,0.0,0.0,-1.5707964,0.0
1970-01-01 00:00:00.467695387,0.467695387,0.0,0.0,0.0,0.0,0.0,280.85126,0.0,0.0,-1.5707964,0.0
1970-01-01 00:00:00.467922256,0.467922256,0.0,0.0,0.0,0.0,532.3943,0.0,0.0,0.0,-1.5707964,0.0
1970-01-01 00:00:00.467948834,0.467948834,101.5743,0.0,0.0,0.0,0.0,0.0,0.0,0.0,-1.5707964,0.0
1970-01-01 00:00:00.468001949,0.468001949,0.0,0.0,0.0,0.0,0.0,200.49298,0.0,0.0,-1.5707964,0.0
1970-01-01 00:00:00.468598557,0.468598557,0.0,0.0,197.36171,0.0,0.0,0.0,0.0,0.0,-1.5707964,0.0
1970-01-01 00:00:00.469097894,0.469097894,0.0,0.0,0.0,523.35266,0.0,0.0,0.0,0.0,-1.5707964,0.0
1970-01-01 00:00:00.469459653,0.469459653,0.0,0.0,0.0,158.54524,0.0,0.0,0.0,0.0,-1.5707964,0.0
1970-01-01 00:00:00.469757634,0.469757634,0.0,0.0,0.0,918.17487,0.0,0.0,0.0,0.0,-1.5707964,0.0
1970-01-01 00:00:00.470079875,0.470079875,0.0,0.0,0.0,401.33102,0.0,0.0,0.0,0.0,-1.5707964,0.0
1970-01-01 00:00:00.470090368,0.470090368,0.0,0.0,0.0,93.43662,0.0,0.0,0.0,0.0,-1.5707964,0.0
1970-01-01 00:00:00.470477145,0.470477145,0.0,0.0,0.0,481.0173,0.0,0.0,0.0,0.0,-1.5707964,0.0
1970-01-01 00:00:00.470754251,0.470754251,0.0,0.0,396.3768,0.0,0.0,0.0,0.0,0.0,-1.5707964,0.0
1970-01-01 00:00:00.470893099,0.470893099,0.0,0.0,0.0,0.0,0.0,714.9835,0.0,0.0,-1.5707964,0.0
1970-01-01 00:00:00.471091736,0.471091736,0.0,0.0,235.99399,0.0,0.0,0.0,0.0,0.0,-1.5707964,0.0
1970-01-01 00:00:00.471510724,0.471510724,0.0,0.0,221.76282,0.0,0.0,0.0,0.0,0.0,-1.5707964,0.0
1970-01-01 00:00:00.471947034,0.471947034,0.0,0.0,0.0,443.67767,0.0,0.0,0.0,0.0,-1.5707964,0.0
1970-01-01 00:00:00.471957251,0.471957251,0.0,115.12888,0.0,0.0,0.0,0.0,0.0,0.0,-1.5707964,0.0
1970-01-01 00:00:00.471957251,0.471957251,0.0,0.0,0.0,1074.6284,0.0,0.0,0.0,0.0,-1.5707964,0.0
1970-01-01 00:00:00.472282280,0.47228228,0.0,0.0,0.0,609.59015,0.0,0.0,0.0,0.0,-1.5707964,0.0
1970-01-01 00:00:00.472378723,0.472378723,0.0,0.0,0.0,282.15854,0.0,0.0,0.0,0.0,-1.5707964,0.0
1970-01-01 00:00:00.472444183,0.472444183,0.0,1265.7683,0.0,0.0,0.0,0.0,0.0,0.0,-1.5707964,0.0
1970-01-01 00:00:00.472470845,0.472470845,0.0,0.0,0.0,239.33339,0.0,0.0,0.0,0.0,-1.5707964,0.0
1970-01-01 00:00:00.472869945,0.472869945,0.0,0.0,0.0,0.0,569.1543,0.0,0.0,0.0,-1.5707964,0.0
1970-01-01 00:00:00.473441492,0.473441492,0.0,0.0,0.0,0.0,0.0,102.33346,0.0,0.0,-1.5707964,0.0
1970-01-01 00:00:00.473599898,0.473599898,0.0,0.0,0.0,780.3415,0.0,0.0,0.0,0.0,-1.5707964,0.0
1970-01-01 00:00:00.473754186,0.473754186,0.0,0.0,0.0,0.0,0.0,1479.2427,0.0,0.0,-1.5707964,0.0
1970-01-01 00:00:00.473852349,0.473852349,0.0,0.0,0.0,0.0,0.0,150.99583,0.0,0.0,-1.5707964,0.0
1970-01-01 00:00:00.473868099,0.473868099,0.0,0.0,0.0,0.0,306.00992,0.0,0.0,0.0,-1.5707964,0.0
1970-01-01 00:00:00.473923638,0.473923638,0.0,0.0,0.0,0.0,0.0,112.12084,0.0,0.0,-1.5707964,0.0
1970-01-01 00:00:00.474114802,0.474114802,0.0,0.0,222.26727,0.0,0.0,0.0,0.0,0.0,-1.5707964,0.0
1970-01-01 00:00:00.474377291,0.474377291,0.0,0.0,0.0,0.0,84.68333,0.0,0.0,0.0,-1.5707964,0.0
1970-01-01 00:00:00.474415379,0.474415379,0.0,0.0,0.0,510.03543,0.0,0.0,0.0,0.0,-1.5707964,0.0
1970-01-01 00:00:00.474433321,0.474433321,0.0,0.0,0.0,116.09931,0.0,0.0,0.0,0.0,-1.5707964,0.0
1970-01-01 00:00:00.474513824,0.474513824,0.0,0.0,0.0,0.0,0.0,133.77449,0.0,0.0,-1.5707964,0.0
1970-01-01 00:00:00.474753394,0.474753394,0.0,0.0,0.0,158.5616,0.0,0.0,0.0,0.0,-1.5707964,0.0
1970-01-01 00:00:00.475040887,0.475040887,0.0,0.0,0.0,0.0,158.45427,0.0,0.0,0.0,-1.5707964,0.0
1970-01-01 00:00:00.475643381,0.475643381,0.0,0.0,0.0,0.0,0.0,131.78067,0.0,0.0,-1.5707964,0.0
1970-01-01 00:00:00.476510769,0.476510769,0.0,0.0,0.0,234.49861,0.0,0.0,0.0,0.0,-1.5707964,0.0
1970-01-01 00:00:00.476739591,0.476739591,0.0,0.0,0.0,261.11035,0.0,0.0,0.0,0.0,-1.5707964,0.0
1970-01-01 00:00:00.476842130,0.47684213,0.0,0.0,0.0,263.36728,0.0,0.0,0.0,0.0,-1.5707964,0.0
1970-01-01 00:00:00.477046749,0.477046749,0.0,823.66064,0.0,0.0,0.0,0.0,0.0,0.0,-1.5707964,0.0
1970-01-01 00:00:00.477370346,0.477370346,0.0,0.0,1034.4573,0.0,0.0,0.0,0.0,0.0,-1.5707964,0.0
1970-01-01 00:00:00.477586395,0.477586395,0.0,0.0,0.0,580.74414,0.0,0.0,0.0,0.0,-1.5707964,0.0
1970-01-01 00:00:00.477613066,0.477613066,0.0,0.0,0.0,172.56805,0.0,0.0,0.0,0.0,-1.5707964,0.0
1970-01-01 00:00:00.477702312,0.477702312,0.0,0.0,0.0,0.0,0.0,360.5041,0.0,0.0,-1.5707964,0.0
1970-01-01 00:00:00.477869248,0.477869248,0.0,0.0,0.0,234.14189,0.0,0.0,0.0,0.0,-1.5707964,0.0
1970-01-01 00:00:00.478095016,0.478095016,0.0,0.0,0.0,0.0,0.0,92.01664,0.0,0.0,-1.5707964,0.0
1970-01-01 00:00:00.478441128,0.478441128,0.0,0.0,0.0,261.18747,0.0,0.0,0.0,0.0,-1.5707964,0.0
1970-01-01 00:00:00.478580833,0.478580833,0.0,0.0,0.0,270.45078,0.0,0.0,0.0,0.0,-1.5707964,0.0
1970-01-01 00:00:00.479756185,0.479756185,0.0,0.0,0.0,0.0,0.0,85.38116,0.0,0.0,-1.5707964,0.0
1970-01-01 00:00:00.479887413,0.479887413,0.0,0.0,0.0,0.0,0.0,297.42044,0.0,0.0,-1.5707964,0.0
1970-01-01 00:00:00.480651453,0.480651453,0.0,0.0,0.0,951.2197,0.0,0.0,0.0,0.0,-1.5707964,0.0
1970-01-01 00:00:00.480739808,0.480739808,0.0,0.0,0.0,202.39949,0.0,0.0,0.0,0.0,-1.5707964,0.0
1970-01-01 00:00:00.480782830,0.48078283,0.0,0.0,130.9544,0.0,0.0,0.0,0.0,0.0,-1.5707964,0.0
1970-01-01 00:00:00.481746405,0.481746405,0.0,0.0,0.0,247.09355,0.0,0.0,0.0,0.0,-1.5707964,0.0
1970-01-01 00:00:00.481880296,0.481880296,0.0,0.0,0.0,192.46416,0.0,0.0,0.0,0.0,-1.5707964,0.0
1970-01-01 00:00:00.481934289,0.481934289,0.0,0.0,199.08356,0.0,0.0,0.0,0.0,0.0,-1.5707964,0.0
1970-01-01 00:00:00.482969436,0.482969436,0.0,0.0,0.0,0.0,0.0,611.0156,0.0,0.0,-1.5707964,0.0
1970-01-01 00:00:00.483357460,0.48335746,0.0,0.0,0.0,908.54706,0.0,0.0,0.0,0.0,-1.5707964,0.0
1970-01-01 00:00:00.483411261,0.483411261,0.0,0.0,0.0,0.0,0.0,427.32486,0.0,0.0,-1.5707964,0.0
1970-01-01 00:00:00.483889045,0.483889045,0.0,0.0,119.22161,0.0,0.0,0.0,0.0,0.0,-1.5707964,0.0
1970-01-01 00:00:00.484407273,0.484407273,0.0,0.0,0.0,645.7339,0.0,0.0,0.0,0.0,-1.5707964,0.0
1970-01-01 00:00:00.484684592,0.484684592,0.0,0.0,0.0,0.0,0.0,1252.7461,0.0,0.0,-1.5707964,0.0
1970-01-01 00:00:00.485117649,0.485117649,0.0,0.0,460.03104,0.0,0.0,0.0,0.0,0.0,-1.5707964,0.0
1970-01-01 00:00:00.485429332,0.485429332,0.0,278.54227,0.0,0.0,0.0,0.0,0.0,0.0,-1.5707964,0.0
1970-01-01 00:00:00.485606871,0.485606871,0.0,0.0,0.0,418.48233,0.0,0.0,0.0,0.0,-1.5707964,0.0
1970-01-01 00:00:00.485822717,0.485822717,0.0,0.0,0.0,0.0,0.0,473.6648,0.0,0.0,-1.5707964,0.0
1970-01-01 00:00:00.486661037,0.486661037,0.0,0.0,0.0,0.0,0.0,133.31541,0.0,0.0,-1.5707964,0.0
1970-01-01 00:00:00.486746186,0.486746186,0.0,0.0,281.199,0.0,0.0,0.0,0.0,0.0,-1.5707964,0.0
1970-01-01 00:00:00.487425973,0.487425973,0.0,0.0,0.0,175.41995,0.0,0.0,0.0,0.0,-1.5707964,0.0
1970-01-01 00:00:00.488090302,0.488090302,0.0,0.0,0.0,0.0,106.03608,0.0,0.0,0.0,-1.5707964,0.0
1970-01-01 00:00:00.488919172,0.488919172,0.0,0.0,0.0,152.0573,0.0,0.0,0.0,0.0,-1.5707964,0.0
1970-01-01 00:00:00.490057961,0.490057961,0.0,0.0,0.0,0.0,0.0,171.0705,0.0,0.0,-1.5707964,0.0
1970-01-01 00:00:00.490490883,0.490490883,0.0,0.0,0.0,734.00385,0.0,0.0,0.0,0.0,-1.5707964,0.0
1970-01-01 00:00:00.490565882,0.490565882,0.0,0.0,0.0,0.0,0.0,625.31476,0.0,0.0,-1.5707964,0.0
1970-01-01 00:00:00.490569170,0.49056917,0.0,0.0,0.0,207.20944,0.0,0.0,0.0,0.0,-1.5707964,0.0
1970-01-01 00:00:00.490652541,0.490652541,0.0,0.0,0.0,327.96933,0.0,0.0,0.0,0.0,-1.5707964,0.0
1970-01-01 00:00:00.491350978,0.491350978,0.0,0.0,0.0,0.0,0.0,81.84714,0.0,0.0,-1.5707964,0.0
1970-01-01 00:00:00.491952463,0.491952463,409.38278,0.0,0.0,0.0,0.0,0.0,0.0,0.0,-1.5707964,0.0
1970-01-01 00:00:00.492264269,0.492264269,0.0,0.0,0.0,0.0,148.56369,0.0,0.0,0.0,-1.5707964,0.0
1970-01-01 00:00:00.492313589,0.492313589,0.0,0.0,0.0,258.94302,0.0,0.0,0.0,0.0,-1.5707964,0.0
1970-01-01 00:00:00.492531505,0.492531505,0.0,0.0,0.0,0.0,0.0,264.92862,0.0,0.0,-1.5707964,0.0
1970-01-01 00:00:00.492727156,0.492727156,0.0,0.0,0.0,388.0585,0.0,0.0,0.0,0.0,-1.5707964,0.0
1970-01-01 00:00:00.492750801,0.492750801,0.0,0.0,0.0,1352.5027,0.0,0.0,0.0,0.0,-1.5707964,0.0
1970-01-01 00:00:00.492786179,0.492786179,0.0,0.0,0.0,0.0,1668.6459,0.0,0.0,0.0,-1.5707964,0.0
1970-01-01 00:00:00.492842315,0.492842315,0.0,0.0,0.0,523.35724,0.0,0.0,0.0,0.0,-1.5707964,0.0
1970-01-01 00:00:00.493182667,0.493182667,0.0,0.0,0.0,125.338,0.0,0.0,0.0,0.0,-1.5707964,0.0
1970-01-01 00:00:00.493537813,0.493537813,0.0,0.0,0.0,81.6132,0.0,0.0,0.0,0.0,-1.5707964,0.0
1970-01-01 00:00:00.493684836,0.493684836,0.0,0.0,0.0,0.0,167.75887,0.0,0.0,0.0,-1.5707964,0.0
1970-01-01 00:00:00.493862536,0.493862536,0.0,0.0,0.0,403.55496,0.0,0.0,0.0,0.0,-1.5707964,0.0
1970-01-01 00:00:00.494721642,0.494721642,0.0,0.0,0.0,247.92831,0.0,0.0,0.0,0.0,-1.5707964,0.0
1970-01-01 00:00:00.495573525,0.495573525,0.0,0.0,426.5314,0.0,0.0,0.0,0.0,0.0,-1.5707964,0.0
1970-01-01 00:00:00.495621405,0.495621405,0.0,505.95035,0.0,0.0,0.0,0.0,0.0,0.0,-1.5707964,0.0
1970-01-01 00:00:00.495630315,0.495630315,0.0,0.0,0.0,233.57689,0.0,0.0,0.0,0.0,-1.5707964,0.0
1970-01-01 00:00:00.495916077,0.495916077,0.0,0.0,0.0,216.57695,0.0,0.0,0.0,0.0,-1.5707964,0.0
1970-01-01 00:00:00.497432976,0.497432976,0.0,0.0,0.0,438.9789,0.0,0.0,0.0,0.0,-1.5707964,0.0
1970-01-01 00:00:00.497674022,0.497674022,0.0,0.0,0.0,321.24945,0.0,0.0,0.0,0.0,-1.5707964,0.0
1970-01-01 00:00:00.500082291,0.500082291,0.0,0.0,0.0,338.94296,0.0,0.0,0.0,0.0,-1.5707964,0.0
1970-01-01 00:00:00.500494078,0.500494078,0.0,287.59204,0.0,0.0,0.0,0.0,0.0,0.0,-1.5707964,0.0
1970-01-01 00:00:00.500955397,0.500955397,0.0,0.0,0.0,214.96194,0.0,0.0,0.0,0.0,-1.5707964,0.0
1970-01-01 00:00:00.501701050,0.501701051,0.0,0.0,436.99115,0.0,0.0,0.0,0.0,0.0,-1.5707964,0.0
1970-01-01 00:00:00.501727543,0.501727543,0.0,0.0,0.0,289.81067,0.0,0.0,0.0,0.0,-1.5707964,0.0
1970-01-01 00:00:00.501791819,0.501791819,0.0,0.0,0.0,222.31482,0.0,0.0,0.0,0.0,-1.5707964,0.0
1970-01-01 00:00:00.503222319,0.503222319,0.0,0.0,0.0,429.71313,0.0,0.0,0.0,0.0,-1.5707964,0.0
1970-01-01 00:00:00.503354894,0.503354894,0.0,0.0,0.0,0.0,0.0,146.1412,0.0,0.0,-1.5707964,0.0
1970-01-01 00:00:00.503749218,0.503749218,0.0,0.0,0.0,638.58624,0.0,0.0,0.0,0.0,-1.5707964,0.0
1970-01-01 00:00:00.504478239,0.50447824,0.0,0.0,0.0,0.0,906.815,0.0,0.0,0.0,-1.5707964,0.0
1970-01-01 00:00:00.504833706,0.504833706,404.143,0.0,0.0,0.0,0.0,0.0,0.0,0.0,-1.5707964,0.0
1970-01-01 00:00:00.505227135,0.505227135,0.0,0.0,0.0,572.83716,0.0,0.0,0.0,0.0,-1.5707964,0.0
1970-01-01 00:00:00.505551361,0.505551361,0.0,0.0,800.9606,0.0,0.0,0.0,0.0,0.0,-1.5707964,0.0
1970-01-01 00:00:00.505663987,0.505663987,0.0,0.0,0.0,98.53471,0.0,0.0,0.0,0.0,-1.5707964,0.0
1970-01-01 00:00:00.506143664,0.506143665,0.0,0.0,0.0,0.0,0.0,85.82893,0.0,0.0,-1.5707964,0.0
1970-01-01 00:00:00.507535710,0.50753571,0.0,0.0,0.0,0.0,923.182,0.0,0.0,0.0,-1.5707964,0.0
1970-01-01 00:00:00.507723856,0.507723856,0.0,0.0,0.0,0.0,1869.6473,0.0,0.0,0.0,-1.5707964,0.0
1970-01-01 00:00:00.508107897,0.508107897,0.0,0.0,0.0,0.0,127.03829,0.0,0.0,0.0,-1.5707964,0.0
1970-01-01 00:00:00.508279094,0.508279094,0.0,422.50458,0.0,0.0,0.0,0.0,0.0,0.0,-1.5707964,0.0
1970-01-01 00:00:00.508309294,0.508309294,0.0,0.0,0.0,0.0,0.0,184.43915,0.0,0.0,-1.5707964,0.0
1970-01-01 00:00:00.508320120,0.50832012,395.13235,0.0,0.0,0.0,0.0,0.0,0.0,0.0,-1.5707964,0.0
1970-01-01 00:00:00.508416775,0.508416775,0.0,0.0,0.0,0.0,0.0,235.979,0.0,0.0,-1.5707964,0.0
1970-01-01 00:00:00.509893931,0.509893931,0.0,0.0,0.0,0.0,126.0688,0.0,0.0,0.0,-1.5707964,0.0
1970-01-01 00:00:00.511569996,0.511569996,0.0,0.0,0.0,690.9506,0.0,0.0,0.0,0.0,-1.5707964,0.0
1970-01-01 00:00:00.511900945,0.511900945,0.0,1644.327,0.0,0.0,0.0,0.0,0.0,0.0,-1.5707964,0.0
1970-01-01 00:00:00.511900945,0.511900945,0.0,0.0,0.0,105.08832,0.0,0.0,0.0,0.0,-1.5707964,0.0
1970-01-01 00:00:00.512572212,0.512572212,0.0,0.0,0.0,0.0,112.73101,0.0,0.0,0.0,-1.5707964,0.0
1970-01-01 00:00:00.513423816,0.513423817,0.0,0.0,0.0,370.28632,0.0,0.0,0.0,0.0,-1.5707964,0.0
1970-01-01 00:00:00.513512221,0.513512221,0.0,0.0,0.0,416.0729,0.0,0.0,0.0,0.0,-1.5707964,0.0
1970-01-01 00:00:00.513878676,0.513878676,0.0,0.0,104.04043,0.0,0.0,0.0,0.0,0.0,-1.5707964,0.0
1970-01-01 00:00:00.513960865,0.513960865,0.0,0.0,133.75458,0.0,0.0,0.0,0.0,0.0,-1.5707964,0.0
1970-01-01 00:00:00.514082041,0.514082041,0.0,0.0,0.0,126.39133,0.0,0.0,0.0,0.0,-1.5707964,0.0
1970-01-01 00:00:00.514602314,0.514602314,0.0,0.0,0.0,1089.2153,0.0,0.0,0.0,0.0,-1.5707964,0.0
1970-01-01 00:00:00.515019215,0.515019215,0.0,0.0,0.0,0.0,0.0,244.6111,0.0,0.0,-1.5707964,0.0
1970-01-01 00:00:00.515203459,0.515203459,0.0,0.0,0.0,0.0,0.0,1632.0673,0.0,0.0,-1.5707964,0.0
1970-01-01 00:00:00.515399206,0.515399206,0.0,0.0,0.0,0.0,161.87027,0.0,0.0,0.0,-1.5707964,0.0
1970-01-01 00:00:00.515631572,0.515631572,0.0,0.0,0.0,101.83873,0.0,0.0,0.0,0.0,-1.5707964,0.0
1970-01-01 00:00:00.515798521,0.515798521,0.0,175.61023,0.0,0.0,0.0,0.0,0.0,0.0,-1.5707964,0.0
1970-01-01 00:00:00.516092248,0.516092249,0.0,0.0,0.0,160.01901,0.0,0.0,0.0,0.0,-1.5707964,0.0
1970-01-01 00:00:00.516687821,0.516687821,0.0,0.0,336.55814,0.0,0.0,0.0,0.0,0.0,-1.5707964,0.0
1970-01-01 00:00:00.516779682,0.516779682,0.0,0.0,0.0,149.95259,0.0,0.0,0.0,0.0,-1.5707964,0.0
1970-01-01 00:00:00.516956637,0.516956637,0.0,0.0,148.49928,0.0,0.0,0.0,0.0,0.0,-1.5707964,0.0
1970-01-01 00:00:00.517933132,0.517933132,0.0,0.0,0.0,552.3491,0.0,0.0,0.0,0.0,-1.5707964,0.0
1970-01-01 00:00:00.517960592,0.517960593,0.0,0.0,128.50276,0.0,0.0,0.0,0.0,0.0,-1.5707964,0.0
1970-01-01 00:00:00.518013189,0.518013189,0.0,0.0,0.0,0.0,0.0,223.49997,0.0,0.0,-1.5707964,0.0
1970-01-01 00:00:00.518085780,0.51808578,0.0,0.0,0.0,130.89038,0.0,0.0,0.0,0.0,-1.5707964,0.0
1970-01-01 00:00:00.518541685,0.518541685,1782.6422,0.0,0.0,0.0,0.0,0.0,0.0,0.0,-1.5707964,0.0
1970-01-01 00:00:00.518778344,0.518778344,0.0,0.0,0.0,0.0,0.0,192.10855,0.0,0.0,-1.5707964,0.0
1970-01-01 00:00:00.519130147,0.519130147,0.0,0.0,0.0,0.0,81.985565,0.0,0.0,0.0,-1.5707964,0.0
1970-01-01 00:00:00.519317547,0.519317548,0.0,0.0,168.82304,0.0,0.0,0.0,0.0,0.0,-1.5707964,0.0
1970-01-01 00:00:00.519429636,0.519429636,0.0,0.0,0.0,0.0,0.0,677.3936,0.0,0.0,-1.5707964,0.0
1970-01-01 00:00:00.519822621,0.519822621,0.0,0.0,0.0,0.0,0.0,369.10834,0.0,0.0,-1.5707964,0.0
1970-01-01 00:00:00.519884211,0.519884211,0.0,0.0,213.73987,0.0,0.0,0.0,0.0,0.0,-1.5707964,0.0
1970-01-01 00:00:00.520726279,0.520726279,0.0,0.0,0.0,0.0,0.0,327.82846,0.0,0.0,-1.5707964,0.0
1970-01-01 00:00:00.520730365,0.520730365,0.0,0.0,0.0,0.0,275.9481,0.0,0.0,0.0,-1.5707964,0.0
1970-01-01 00:00:00.521097936,0.521097937,1141.0448,0.0,0.0,0.0,0.0,0.0,0.0,0.0,-1.5707964,0.0
1970-01-01 00:00:00.521409927,0.521409928,0.0,0.0,0.0,0.0,0.0,224.6422,0.0,0.0,-1.5707964,0.0
1970-01-01 00:00:00.521661777,0.521661777,0.0,0.0,0.0,121.04781,0.0,0.0,0.0,0.0,-1.5707964,0.0
1970-01-01 00:00:00.522147876,0.522147876,0.0,0.0,0.0,0.0,943.2095,0.0,0.0,0.0,-1.5707964,0.0
1970-01-01 00:00:00.522695734,0.522695734,0.0,0.0,107.52046,0.0,0.0,0.0,0.0,0.0,-1.5707964,0.0
1970-01-01 00:00:00.523249623,0.523249623,0.0,0.0,138.77419,0.0,0.0,0.0,0.0,0.0,-1.5707964,0.0
1970-01-01 00:00:00.523439948,0.523439948,0.0,0.0,0.0,0.0,0.0,159.43517,0.0,0.0,-1.5707964,0.0
1970-01-01 00:00:00.523511705,0.523511706,0.0,0.0,165.57132,0.0,0.0,0.0,0.0,0.0,-1.5707964,0.0
1970-01-01 00:00:00.523598676,0.523598677,0.0,0.0,388.0242,0.0,0.0,0.0,0.0,0.0,-1.5707964,0.0
1970-01-01 00:00:00.523958681,0.523958681,0.0,248.33424,0.0,0.0,0.0,0.0,0.0,0.0,-1.5707964,0.0
1970-01-01 00:00:00.524062253,0.524062253,0.0,0.0,0.0,1700.8132,0.0,0.0,0.0,0.0,-1.5707964,0.0
1970-01-01 00:00:00.524182413,0.524182413,0.0,85.43868,0.0,0.0,0.0,0.0,0.0,0.0,-1.5707964,0.0
1970-01-01 00:00:00.524419168,0.524419168,0.0,0.0,0.0,83.78601,0.0,0.0,0.0,0.0,-1.5707964,0.0
1970-01-01 00:00:00.524972157,0.524972157,0.0,118.55334,0.0,0.0,0.0,0.0,0.0,0.0,-1.5707964,0.0
1970-01-01 00:00:00.525136143,0.525136143,0.0,992.84656,0.0,0.0,0.0,0.0,0.0,0.0,-1.5707964,0.0
1970-01-01 00:00:00.525258243,0.525258243,0.0,90.29644,0.0,0.0,0.0,0.0,0.0,0.0,-1.5707964,0.0
1970-01-01 00:00:00.525418681,0.525418681,0.0,0.0,0.0,0.0,0.0,223.89958,0.0,0.0,-1.5707964,0.0
1970-01-01 00:00:00.525418681,0.525418681,0.0,0.0,0.0,148.40407,0.0,0.0,0.0,0.0,-1.5707964,0.0
1970-01-01 00:00:00.525640727,0.525640727,0.0,0.0,0.0,146.41356,0.0,0.0,0.0,0.0,-1.5707964,0.0
1970-01-01 00:00:00.525721689,0.525721689,0.0,0.0,0.0,522.3357,0.0,0.0,0.0,0.0,-1.5707964,0.0
1970-01-01 00:00:00.526073598,0.526073598,0.0,0.0,0.0,0.0,841.7136,0.0,0.0,0.0,-1.5707964,0.0
1970-01-01 00:00:00.526711249,0.526711249,0.0,0.0,368.09277,0.0,0.0,0.0,0.0,0.0,-1.5707964,0.0
1970-01-01 00:00:00.526788041,0.526788041,0.0,0.0,0.0,455.36963,0.0,0.0,0.0,0.0,-1.5707964,0.0
1970-01-01 00:00:00.526923900,0.5269239,0.0,0.0,0.0,126.087166,0.0,0.0,0.0,0.0,-1.5707964,0.0
1970-01-01 00:00:00.527989194,0.527989195,131.6941,0.0,0.0,0.0,0.0,0.0,0.0,0.0,-1.5707964,0.0
1970-01-01 00:00:00.528208998,0.528208998,0.0,0.0,91.71295,0.0,0.0,0.0,0.0,0.0,-1.5707964,0.0
1970-01-01 00:00:00.528476292,0.528476292,0.0,0.0,0.0,392.4917,0.0,0.0,0.0,0.0,-1.5707964,0.0
1970-01-01 00:00:00.528568621,0.528568621,0.0,0.0,0.0,114.342155,0.0,0.0,0.0,0.0,-1.5707964,0.0
1970-01-01 00:00:00.528829870,0.52882987,0.0,0.0,349.57498,0.0,0.0,0.0,0.0,0.0,-1.5707964,0.0
1970-01-01 00:00:00.528898966,0.528898966,0.0,0.0,0.0,375.28647,0.0,0.0,0.0,0.0,-1.5707964,0.0
1970-01-01 00:00:00.529205582,0.529205582,0.0,0.0,0.0,0.0,832.7006,0.0,0.0,0.0,-1.5707964,0.0
1970-01-01 00:00:00.529213119,0.529213119,0.0,0.0,0.0,203.12448,0.0,0.0,0.0,0.0,-1.5707964,0.0
1970-01-01 00:00:00.529276764,0.529276764,269.10733,0.0,0.0,0.0,0.0,0.0,0.0,0.0,-1.5707964,0.0
1970-01-01 00:00:00.529513223,0.529513223,0.0,0.0,0.0,338.7669,0.0,0.0,0.0,0.0,-1.5707964,0.0
1970-01-01 00:00:00.529752197,0.529752197,0.0,0.0,0.0,0.0,595.1447,0.0,0.0,0.0,-1.5707964,0.0
1970-01-01 00:00:00.529982892,0.529982892,0.0,0.0,0.0,0.0,0.0,269.62167,0.0,0.0,-1.5707964,0.0
1970-01-01 00:00:00.531706770,0.53170677,165.67094,0.0,0.0,0.0,0.0,0.0,0.0,0.0,-1.5707964,0.0
1970-01-01 00:00:00.532893766,0.532893766,0.0,0.0,0.0,0.0,95.732544,0.0,0.0,0.0,-1.5707964,0.0
1970-01-01 00:00:00.534105642,0.534105642,0.0,0.0,0.0,112.21282,0.0,0.0,0.0,0.0,-1.5707964,0.0
1970-01-01 00:00:00.539512225,0.539512225,0.0,0.0,0.0,0.0,0.0,184.76508,0.0,0.0,-1.5707964,0.0
1970-01-01 00:00:00.543448601,0.543448601,0.0,0.0,247.52336,0.0,0.0,0.0,0.0,0.0,-1.5707964,0.0
1970-01-01 00:00:00.543448601,0.543448601,0.0,0.0,208.96408,0.0,0.0,0.0,0.0,0.0,-1.5707964,0.0
1970-01-01 00:00:00.544187100,0.5441871,0.0,0.0,0.0,168.86382,0.0,0.0,0.0,0.0,-1.5707964,0.0
1970-01-01 00:00:00.546449741,0.546449741,0.0,713.4308,0.0,0.0,0.0,0.0,0.0,0.0,-1.5707964,0.0
1970-01-01 00:00:00.546449741,0.546449741,0.0,0.0,0.0,325.62488,0.0,0.0,0.0,0.0,-1.5707964,0.0
1970-01-01 00:00:00.548071981,0.548071981,0.0,144.09702,0.0,0.0,0.0,0.0,0.0,0.0,-1.5707964,0.0
1970-01-01 00:00:00.548224860,0.54822486,0.0,0.0,0.0,0.0,0.0,886.437,0.0,0.0,-1.5707964,0.0
1970-01-01 00:00:00.548320327,0.548320327,0.0,1891.3463,0.0,0.0,0.0,0.0,0.0,0.0,-1.5707964,0.0
1970-01-01 00:00:00.548489579,0.548489579,0.0,0.0,0.0,441.5022,0.0,0.0,0.0,0.0,-1.5707964,0.0
1970-01-01 00:00:00.548725385,0.548725385,0.0,0.0,0.0,575.1433,0.0,0.0,0.0,0.0,-1.5707964,0.0
1970-01-01 00:00:00.549016765,0.549016765,0.0,0.0,0.0,0.0,0.0,610.26636,0.0,0.0,-1.5707964,0.0
1970-01-01 00:00:00.550021516,0.550021516,0.0,0.0,0.0,311.61087,0.0,0.0,0.0,0.0,-1.5707964,0.0
1970-01-01 00:00:00.550182240,0.55018224,0.0,0.0,0.0,416.3356,0.0,0.0,0.0,0.0,-1.5707964,0.0
1970-01-01 00:00:00.550386543,0.550386543,0.0,0.0,0.0,300.41907,0.0,0.0,0.0,0.0,-1.5707964,0.0
1970-01-01 00:00:00.550496548,0.550496548,0.0,1853.7494,0.0,0.0,0.0,0.0,0.0,0.0,-1.5707964,0.0
1970-01-01 00:00:00.550911966,0.550911966,1624.4506,0.0,0.0,0.0,0.0,0.0,0.0,0.0,-1.5707964,0.0
1970-01-01 00:00:00.551225909,0.551225909,0.0,0.0,0.0,756.78125,0.0,0.0,0.0,0.0,-1.5707964,0.0
1970-01-01 00:00:00.551646489,0.551646489,0.0,0.0,0.0,255.86546,0.0,0.0,0.0,0.0,-1.5707964,0.0
1970-01-01 00:00:00.552124306,0.552124306,0.0,0.0,0.0,0.0,0.0,217.47023,0.0,0.0,-1.5707964,0.0
1970-01-01 00:00:00.553500910,0.55350091,0.0,0.0,455.26517,0.0,0.0,0.0,0.0,0.0,-1.5707964,0.0
1970-01-01 00:00:00.553531041,0.553531041,0.0,0.0,0.0,92.36216,0.0,0.0,0.0,0.0,-1.5707964,0.0
1970-01-01 00:00:00.553916513,0.553916513,0.0,0.0,422.20285,0.0,0.0,0.0,0.0,0.0,-1.5707964,0.0
1970-01-01 00:00:00.554721487,0.554721487,0.0,0.0,0.0,185.41037,0.0,0.0,0.0,0.0,-1.5707964,0.0
1970-01-01 00:00:00.559976776,0.559976776,0.0,0.0,0.0,0.0,0.0,275.14618,0.0,0.0,-1.5707964,0.0
1970-01-01 00:00:00.562183846,0.562183846,0.0,0.0,0.0,227.03636,0.0,0.0,0.0,0.0,-1.5707964,0.0
1970-01-01 00:00:00.562221844,0.562221844,0.0,0.0,0.0,379.62573,0.0,0.0,0.0,0.0,-1.5707964,0.0
1970-01-01 00:00:00.562221844,0.562221844,0.0,0.0,0.0,0.0,0.0,476.85416,0.0,0.0,-1.5707964,0.0
1970-01-01 00:00:00.562229607,0.562229607,0.0,0.0,0.0,0.0,0.0,201.37343,0.0,0.0,-1.5707964,0.0
1970-01-01 00:00:00.562339254,0.562339254,0.0,0.0,0.0,629.9588,0.0,0.0,0.0,0.0,-1.5707964,0.0
1970-01-01 00:00:00.562578019,0.562578019,0.0,0.0,0.0,796.5116,0.0,0.0,0.0,0.0,-1.5707964,0.0
1970-01-01 00:00:00.562704040,0.56270404,0.0,0.0,0.0,0.0,250.4835,0.0,0.0,0.0,-1.5707964,0.0
1970-01-01 00:00:00.562939841,0.562939841,0.0,0.0,732.4422,0.0,0.0,0.0,0.0,0.0,-1.5707964,0.0
1970-01-01 00:00:00.563352382,0.563352382,0.0,0.0,0.0,0.0,0.0,105.75602,0.0,0.0,-1.5707964,0.0
1970-01-01 00:00:00.563548392,0.563548392,0.0,0.0,0.0,0.0,0.0,89.6232,0.0,0.0,-1.5707964,0.0
1970-01-01 00:00:00.564481481,0.564481481,0.0,0.0,0.0,0.0,0.0,161.03285,0.0,0.0,-1.5707964,0.0
1970-01-01 00:00:00.564583985,0.564583985,0.0,0.0,0.0,0.0,273.6925,0.0,0.0,0.0,-1.5707964,0.0
1970-01-01 00:00:00.564642259,0.564642259,0.0,0.0,199.6802,0.0,0.0,0.0,0.0,0.0,-1.5707964,0.0
1970-01-01 00:00:00.564735945,0.564735945,0.0,0.0,226.38623,0.0,0.0,0.0,0.0,0.0,-1.5707964,0.0
1970-01-01 00:00:00.564741514,0.564741514,0.0,0.0,0.0,292.27112,0.0,0.0,0.0,0.0,-1.5707964,0.0
1970-01-01 00:00:00.565504625,0.565504625,0.0,82.65295,0.0,0.0,0.0,0.0,0.0,0.0,-1.5707964,0.0
1970-01-01 00:00:00.565952911,0.565952911,0.0,0.0,0.0,437.68585,0.0,0.0,0.0,0.0,-1.5707964,0.0
1970-01-01 00:00:00.566260102,0.566260102,0.0,0.0,89.20797,0.0,0.0,0.0,0.0,0.0,-1.5707964,0.0
1970-01-01 00:00:00.566372357,0.566372357,0.0,0.0,192.41475,0.0,0.0,0.0,0.0,0.0,-1.5707964,0.0
1970-01-01 00:00:00.566540999,0.566540999,0.0,0.0,0.0,346.27377,0.0,0.0,0.0,0.0,-1.5707964,0.0
1970-01-01 00:00:00.567453390,0.56745339,0.0,0.0,0.0,275.75073,0.0,0.0,0.0,0.0,-1.5707964,0.0
1970-01-01 00:00:00.567856138,0.567856138,0.0,0.0,155.54167,0.0,0.0,0.0,0.0,0.0,-1.5707964,0.0
1970-01-01 00:00:00.567891256,0.567891256,0.0,0.0,0.0,189.4071,0.0,0.0,0.0,0.0,-1.5707964,0.0
1970-01-01 00:00:00.567918133,0.567918133,0.0,0.0,0.0,0.0,0.0,486.02173,0.0,0.0,-1.5707964,0.0
1970-01-01 00:00:00.568566589,0.568566589,0.0,0.0,0.0,155.63869,0.0,0.0,0.0,0.0,-1.5707964,0.0
1970-01-01 00:00:00.569542921,0.569542921,0.0,0.0,1736.7196,0.0,0.0,0.0,0.0,0.0,-1.5707964,0.0
1970-01-01 00:00:00.569546067,0.569546067,0.0,0.0,0.0,348.36298,0.0,0.0,0.0,0.0,-1.5707964,0.0
1970-01-01 00:00:00.570167798,0.570167798,0.0,0.0,0.0,190.24602,0.0,0.0,0.0,0.0,-1.5707964,0.0
1970-01-01 00:00:00.570563937,0.570563937,0.0,0.0,0.0,189.2656,0.0,0.0,0.0,0.0,-1.5707964,0.0
1970-01-01 00:00:00.570587897,0.570587897,0.0,0.0,0.0,0.0,0.0,748.1473,0.0,0.0,-1.5707964,0.0
1970-01-01 00:00:00.570620264,0.570620264,0.0,0.0,121.12102,0.0,0.0,0.0,0.0,0.0,-1.5707964,0.0
1970-01-01 00:00:00.570952181,0.570952181,0.0,0.0,0.0,421.25256,0.0,0.0,0.0,0.0,-1.5707964,0.0
1970-01-01 00:00:00.571002949,0.571002949,0.0,0.0,0.0,245.7386,0.0,0.0,0.0,0.0,-1.5707964,0.0
1970-01-01 00:00:00.571083228,0.571083228,0.0,0.0,211.96727,0.0,0.0,0.0,0.0,0.0,-1.5707964,0.0
1970-01-01 00:00:00.571277278,0.571277278,0.0,0.0,0.0,0.0,0.0,1007.87445,0.0,0.0,-1.5707964,0.0
1970-01-01 00:00:00.571288878,0.571288878,0.0,0.0,0.0,187.0107,0.0,0.0,0.0,0.0,-1.5707964,0.0
1970-01-01 00:00:00.572823465,0.572823465,0.0,0.0,0.0,151.8402,0.0,0.0,0.0,0.0,-1.5707964,0.0
1970-01-01 00:00:00.573421446,0.573421446,0.0,0.0,0.0,0.0,659.75696,0.0,0.0,0.0,-1.5707964,0.0
1970-01-01 00:00:00.573894401,0.573894401,0.0,0.0,152.79688,0.0,0.0,0.0,0.0,0.0,-1.5707964,0.0
1970-01-01 00:00:00.573933915,0.573933915,0.0,0.0,0.0,477.5873,0.0,0.0,0.0,0.0,-1.5707964,0.0
1970-01-01 00:00:00.574744420,0.57474442,0.0,0.0,199.34923,0.0,0.0,0.0,0.0,0.0,-1.5707964,0.0
1970-01-01 00:00:00.574772239,0.574772239,0.0,0.0,0.0,97.99064,0.0,0.0,0.0,0.0,-1.5707964,0.0
1970-01-01 00:00:00.574897827,0.574897827,0.0,431.2844,0.0,0.0,0.0,0.0,0.0,0.0,-1.5707964,0.0
1970-01-01 00:00:00.575838119,0.575838119,0.0,0.0,0.0,0.0,0.0,169.86244,0.0,0.0,-1.5707964,0.0
1970-01-01 00:00:00.576044472,0.576044472,148.69896,0.0,0.0,0.0,0.0,0.0,0.0,0.0,-1.5707964,0.0
1970-01-01 00:00:00.576207794,0.576207794,0.0,0.0,381.494,0.0,0.0,0.0,0.0,0.0,-1.5707964,0.0
1970-01-01 00:00:00.576480169,0.576480169,0.0,0.0,0.0,0.0,1119.2463,0.0,0.0,0.0,-1.5707964,0.0
1970-01-01 00:00:00.576540262,0.576540262,0.0,0.0,0.0,469.53635,0.0,0.0,0.0,0.0,-1.5707964,0.0
1970-01-01 00:00:00.576798214,0.576798214,0.0,0.0,0.0,147.29567,0.0,0.0,0.0,0.0,-1.5707964,0.0
1970-01-01 00:00:00.577455552,0.577455552,0.0,0.0,0.0,2885.4983,0.0,0.0,0.0,0.0,-1.5707964,0.0
1970-01-01 00:00:00.578140616,0.578140616,0.0,0.0,0.0,144.71194,0.0,0.0,0.0,0.0,-1.5707964,0.0
1970-01-01 00:00:00.579681425,0.579681425,0.0,0.0,0.0,121.24157,0.0,0.0,0.0,0.0,-1.5707964,0.0
1970-01-01 00:00:00.579870997,0.579870997,0.0,0.0,0.0,0.0,105.718315,0.0,0.0,0.0,-1.5707964,0.0
1970-01-01 00:00:00.580162779,0.580162779,153.62642,0.0,0.0,0.0,0.0,0.0,0.0,0.0,-1.5707964,0.0
1970-01-01 00:00:00.580358208,0.580358208,0.0,0.0,0.0,352.05368,0.0,0.0,0.0,0.0,-1.5707964,0.0
1970-01-01 00:00:00.580405001,0.580405001,0.0,0.0,0.0,0.0,0.0,166.06514,0.0,0.0,-1.5707964,0.0
1970-01-01 00:00:00.580559685,0.580559685,0.0,0.0,0.0,174.70935,0.0,0.0,0.0,0.0,-1.5707964,0.0
1970-01-01 00:00:00.580806628,0.580806628,0.0,0.0,0.0,171.30064,0.0,0.0,0.0,0.0,-1.5707964,0.0
1970-01-01 00:00:00.580927129,0.580927129,0.0,0.0,0.0,143.41286,0.0,0.0,0.0,0.0,-1.5707964,0.0
1970-01-01 00:00:00.580940366,0.580940366,0.0,0.0,122.23394,0.0,0.0,0.0,0.0,0.0,-1.5707964,0.0
1970-01-01 00:00:00.580982843,0.580982843,0.0,0.0,0.0,134.91263,0.0,0.0,0.0,0.0,-1.5707964,0.0
1970-01-01 00:00:00.581276287,0.581276287,0.0,0.0,265.23837,0.0,0.0,0.0,0.0,0.0,-1.5707964,0.0
1970-01-01 00:00:00.581362567,0.581362567,0.0,0.0,0.0,0.0,0.0,434.80048,0.0,0.0,-1.5707964,0.0
1970-01-01 00:00:00.581645549,0.581645549,0.0,0.0,235.09229,0.0,0.0,0.0,0.0,0.0,-1.5707964,0.0
1970-01-01 00:00:00.581716141,0.581716141,0.0,0.0,0.0,339.19205,0.0,0.0,0.0,0.0,-1.5707964,0.0
1970-01-01 00:00:00.581745672,0.581745672,0.0,0.0,0.0,386.04297,0.0,0.0,0.0,0.0,-1.5707964,0.0
1970-01-01 00:00:00.581961467,0.581961467,0.0,0.0,0.0,0.0,0.0,86.64906,0.0,0.0,-1.5707964,0.0
1970-01-01 00:00:00.582380289,0.582380289,0.0,0.0,0.0,0.0,0.0,144.81873,0.0,0.0,-1.5707964,0.0
1970-01-01 00:00:00.582381059,0.582381059,0.0,0.0,267.14832,0.0,0.0,0.0,0.0,0.0,-1.5707964,0.0
1970-01-01 00:00:00.582835111,0.582835111,0.0,0.0,880.3574,0.0,0.0,0.0,0.0,0.0,-1.5707964,0.0
1970-01-01 00:00:00.582868983,0.582868983,0.0,0.0,0.0,0.0,0.0,93.60629,0.0,0.0,-1.5707964,0.0
1970-01-01 00:00:00.583169375,0.583169375,0.0,0.0,0.0,0.0,0.0,106.65936,0.0,0.0,-1.5707964,0.0
1970-01-01 00:00:00.583289810,0.58328981,0.0,0.0,0.0,509.36295,0.0,0.0,0.0,0.0,-1.5707964,0.0
1970-01-01 00:00:00.583582592,0.583582592,0.0,0.0,0.0,112.89538,0.0,0.0,0.0,0.0,-1.5707964,0.0
1970-01-01 00:00:00.583616001,0.583616001,0.0,0.0,0.0,329.94217,0.0,0.0,0.0,0.0,-1.5707964,0.0
1970-01-01 00:00:00.583762301,0.583762301,0.0,0.0,0.0,0.0,416.41556,0.0,0.0,0.0,-1.5707964,0.0
1970-01-01 00:00:00.583798820,0.58379882,0.0,0.0,0.0,198.83524,0.0,0.0,0.0,0.0,-1.5707964,0.0
1970-01-01 00:00:00.583852889,0.583852889,0.0,0.0,0.0,659.64276,0.0,0.0,0.0,0.0,-1.5707964,0.0
1970-01-01 00:00:00.584118509,0.584118509,0.0,0.0,0.0,103.885254,0.0,0.0,0.0,0.0,-1.5707964,0.0
1970-01-01 00:00:00.584128549,0.584128549,0.0,0.0,0.0,0.0,203.84492,0.0,0.0,0.0,-1.5707964,0.0
1970-01-01 00:00:00.585353337,0.585353337,0.0,0.0,0.0,109.82806,0.0,0.0,0.0,0.0,-1.5707964,0.0
1970-01-01 00:00:00.585677809,0.585677809,443.15063,0.0,0.0,0.0,0.0,0.0,0.0,0.0,-1.5707964,0.0
1970-01-01 00:00:00.585895569,0.585895569,0.0,0.0,0.0,0.0,0.0,404.66312,0.0,0.0,-1.5707964,0.0
1970-01-01 00:00:00.586519599,0.586519599,0.0,0.0,311.88638,0.0,0.0,0.0,0.0,0.0,-1.5707964,0.0
1970-01-01 00:00:00.586629913,0.586629913,0.0,489.37952,0.0,0.0,0.0,0.0,0.0,0.0,-1.5707964,0.0
1970-01-01 00:00:00.586629913,0.586629913,0.0,0.0,0.0,454.10104,0.0,0.0,0.0,0.0,-1.5707964,0.0
1970-01-01 00:00:00.586780432,0.586780432,0.0,0.0,0.0,554.11255,0.0,0.0,0.0,0.0,-1.5707964,0.0
1970-01-01 00:00:00.586816809,0.586816809,0.0,0.0,0.0,163.69093,0.0,0.0,0.0,0.0,-1.5707964,0.0
1970-01-01 00:00:00.586862234,0.586862234,0.0,0.0,0.0,0.0,278.28366,0.0,0.0,0.0,-1.5707964,0.0
1970-01-01 00:00:00.587232989,0.587232989,0.0,0.0,0.0,169.60368,0.0,0.0,0.0,0.0,-1.5707964,0.0
1970-01-01 00:00:00.587395235,0.587395235,0.0,0.0,0.0,0.0,167.84438,0.0,0.0,0.0,-1.5707964,0.0
1970-01-01 00:00:00.587447430,0.58744743,0.0,0.0,307.9534,0.0,0.0,0.0,0.0,0.0,-1.5707964,0.0
1970-01-01 00:00:00.588505304,0.588505304,0.0,0.0,0.0,83.930595,0.0,0.0,0.0,0.0,-1.5707964,0.0
1970-01-01 00:00:00.588727639,0.588727639,0.0,124.639854,0.0,0.0,0.0,0.0,0.0,0.0,-1.5707964,0.0
1970-01-01 00:00:00.588972172,0.588972172,0.0,0.0,0.0,108.70705,0.0,0.0,0.0,0.0,-1.5707964,0.0
1970-01-01 00:00:00.589325587,0.589325587,0.0,0.0,1963.317,0.0,0.0,0.0,0.0,0.0,-1.5707964,0.0
1970-01-01 00:00:00.589370826,0.589370826,0.0,0.0,0.0,0.0,0.0,934.9499,0.0,0.0,-1.5707964,0.0
1970-01-01 00:00:00.589992975,0.589992975,0.0,0.0,0.0,302.17258,0.0,0.0,0.0,0.0,-1.5707964,0.0
1970-01-01 00:00:00.590540480,0.59054048,0.0,0.0,0.0,254.69815,0.0,0.0,0.0,0.0,-1.5707964,0.0
1970-01-01 00:00:00.591189577,0.591189577,0.0,0.0,0.0,868.7225,0.0,0.0,0.0,0.0,-1.5707964,0.0
1970-01-01 00:00:00.591245987,0.591245987,0.0,0.0,0.0,196.42867,0.0,0.0,0.0,0.0,-1.5707964,0.0
1970-01-01 00:00:00.591385738,0.591385738,0.0,0.0,379.9154,0.0,0.0,0.0,0.0,0.0,-1.5707964,0.0
1970-01-01 00:00:00.591653860,0.59165386,0.0,0.0,0.0,336.9457,0.0,0.0,0.0,0.0,-1.5707964,0.0
1970-01-01 00:00:00.591884537,0.591884537,85.76108,0.0,0.0,0.0,0.0,0.0,0.0,0.0,-1.5707964,0.0
1970-01-01 00:00:00.592751037,0.592751037,0.0,0.0,0.0,0.0,1848.6565,0.0,0.0,0.0,-1.5707964,0.0
1970-01-01 00:00:00.592918529,0.592918529,0.0,0.0,0.0,0.0,98.86716,0.0,0.0,0.0,-1.5707964,0.0
1970-01-01 00:00:00.593135039,0.593135039,0.0,0.0,0.0,162.56972,0.0,0.0,0.0,0.0,-1.5707964,0.0
1970-01-01 00:00:00.594115726,0.594115726,0.0,0.0,0.0,469.62625,0.0,0.0,0.0,0.0,-1.5707964,0.0
1970-01-01 00:00:00.594521635,0.594521635,0.0,0.0,0.0,307.90085,0.0,0.0,0.0,0.0,-1.5707964,0.0
1970-01-01 00:00:00.594792013,0.594792013,0.0,0.0,0.0,0.0,0.0,223.31044,0.0,0.0,-1.5707964,0.0
1970-01-01 00:00:00.594836565,0.594836565,0.0,0.0,0.0,0.0,0.0,423.16965,0.0,0.0,-1.5707964,0.0
1970-01-01 00:00:00.595523181,0.595523181,0.0,0.0,191.81216,0.0,0.0,0.0,0.0,0.0,-1.5707964,0.0
1970-01-01 00:00:00.595808590,0.59580859,0.0,0.0,257.779,0.0,0.0,0.0,0.0,0.0,-1.5707964,0.0
1970-01-01 00:00:00.595831154,0.595831154,0.0,0.0,0.0,268.1211,0.0,0.0,0.0,0.0,-1.5707964,0.0
1970-01-01 00:00:00.595833022,0.595833022,0.0,0.0,0.0,1094.841,0.0,0.0,0.0,0.0,-1.5707964,0.0
1970-01-01 00:00:00.596154818,0.596154818,0.0,89.48663,0.0,0.0,0.0,0.0,0.0,0.0,-1.5707964,0.0
1970-01-01 00:00:00.596505354,0.596505354,0.0,0.0,0.0,0.0,0.0,158.09348,0.0,0.0,-1.5707964,0.0
1970-01-01 00:00:00.596533926,0.596533926,0.0,0.0,0.0,419.11423,0.0,0.0,0.0,0.0,-1.5707964,0.0
1970-01-01 00:00:00.596547467,0.596547467,332.09232,0.0,0.0,0.0,0.0,0.0,0.0,0.0,-1.5707964,0.0
1970-01-01 00:00:00.597033918,0.597033918,0.0,0.0,0.0,488.65717,0.0,0.0,0.0,0.0,-1.5707964,0.0
1970-01-01 00:00:00.597183989,0.597183989,0.0,114.57709,0.0,0.0,0.0,0.0,0.0,0.0,-1.5707964,0.0
1970-01-01 00:00:00.597887471,0.597887471,0.0,0.0,0.0,0.0,0.0,1121.3853,0.0,0.0,-1.5707964,0.0
1970-01-01 00:00:00.597922196,0.597922196,0.0,475.30603,0.0,0.0,0.0,0.0,0.0,0.0,-1.5707964,0.0
1970-01-01 00:00:00.598673781,0.598673781,0.0,0.0,0.0,0.0,0.0,261.59906,0.0,0.0,-1.5707964,0.0
1970-01-01 00:00:00.598800709,0.598800709,0.0,0.0,86.47437,0.0,0.0,0.0,0.0,0.0,-1.5707964,0.0
1970-01-01 00:00:00.598841595,0.598841595,0.0,0.0,0.0,845.8744,0.0,0.0,0.0,0.0,-1.5707964,0.0
1970-01-01 00:00:00.598975363,0.598975363,0.0,0.0,199.8598,0.0,0.0,0.0,0.0,0.0,-1.5707964,0.0
1970-01-01 00:00:00.599038776,0.599038776,0.0,0.0,0.0,0.0,2311.964,0.0,0.0,0.0,-1.5707964,0.0
1970-01-01 00:00:00.599054378,0.599054378,0.0,108.581955,0.0,0.0,0.0,0.0,0.0,0.0,-1.5707964,0.0
1970-01-01 00:00:00.599754839,0.599754839,0.0,0.0,0.0,252.0481,0.0,0.0,0.0,0.0,-1.5707964,0.0
1970-01-01 00:00:00.600278999,0.600278999,0.0,0.0,0.0,482.79446,0.0,0.0,0.0,0.0,-1.5707964,0.0
1970-01-01 00:00:00.600287397,0.600287397,0.0,0.0,0.0,87.54762,0.0,0.0,0.0,0.0,-1.5707964,0.0
1970-01-01 00:00:00.600451898,0.600451898,0.0,0.0,0.0,254.45381,0.0,0.0,0.0,0.0,-1.5707964,0.0
1970-01-01 00:00:00.600989562,0.600989562,0.0,0.0,0.0,556.1216,0.0,0.0,0.0,0.0,-1.5707964,0.0
1970-01-01 00:00:00.601290774,0.601290774,0.0,0.0,0.0,0.0,195.66917,0.0,0.0,0.0,-1.5707964,0.0
1970-01-01 00:00:00.601457691,0.601457691,715.75305,0.0,0.0,0.0,0.0,0.0,0.0,0.0,-1.5707964,0.0
1970-01-01 00:00:00.601619057,0.601619057,0.0,0.0,0.0,0.0,0.0,859.2789,0.0,0.0,-1.5707964,0.0
1970-01-01 00:00:00.602008043,0.602008043,0.0,195.8097,0.0,0.0,0.0,0.0,0.0,0.0,-1.5707964,0.0
1970-01-01 00:00:00.602181584,0.602181584,0.0,924.92865,0.0,0.0,0.0,0.0,0.0,0.0,-1.5707964,0.0
1970-01-01 00:00:00.602234818,0.602234818,0.0,0.0,0.0,258.93588,0.0,0.0,0.0,0.0,-1.5707964,0.0
1970-01-01 00:00:00.602268062,0.602268062,0.0,276.97983,0.0,0.0,0.0,0.0,0.0,0.0,-1.5707964,0.0
1970-01-01 00:00:00.602279459,0.602279459,0.0,0.0,0.0,372.6734,0.0,0.0,0.0,0.0,-1.5707964,0.0
1970-01-01 00:00:00.602281342,0.602281342,0.0,103.930595,0.0,0.0,0.0,0.0,0.0,0.0,-1.5707964,0.0
1970-01-01 00:00:00.602763711,0.602763711,0.0,0.0,0.0,213.78789,0.0,0.0,0.0,0.0,-1.5707964,0.0
1970-01-01 00:00:00.603860674,0.603860674,0.0,0.0,308.92758,0.0,0.0,0.0,0.0,0.0,-1.5707964,0.0
1970-01-01 00:00:00.604258407,0.604258407,0.0,0.0,0.0,0.0,0.0,399.6527,0.0,0.0,-1.5707964,0.0
1970-01-01 00:00:00.604421852,0.604421852,0.0,0.0,0.0,1856.8601,0.0,0.0,0.0,0.0,-1.5707964,0.0
1970-01-01 00:00:00.604888886,0.604888886,0.0,0.0,84.85009,0.0,0.0,0.0,0.0,0.0,-1.5707964,0.0
1970-01-01 00:00:00.605166402,0.605166402,0.0,0.0,0.0,1292.7736,0.0,0.0,0.0,0.0,-1.5707964,0.0
1970-01-01 00:00:00.605446217,0.605446217,0.0,0.0,0.0,0.0,179.33388,0.0,0.0,0.0,-1.5707964,0.0
1970-01-01 00:00:00.605912485,0.605912485,0.0,0.0,0.0,125.82434,0.0,0.0,0.0,0.0,-1.5707964,0.0
1970-01-01 00:00:00.606089419,0.606089419,0.0,0.0,0.0,106.40978,0.0,0.0,0.0,0.0,-1.5707964,0.0
1970-01-01 00:00:00.606695452,0.606695452,0.0,238.37927,0.0,0.0,0.0,0.0,0.0,0.0,-1.5707964,0.0
1970-01-01 00:00:00.606744190,0.60674419,0.0,0.0,0.0,0.0,0.0,440.89502,0.0,0.0,-1.5707964,0.0
1970-01-01 00:00:00.606954262,0.606954262,0.0,0.0,0.0,298.2282,0.0,0.0,0.0,0.0,-1.5707964,0.0
1970-01-01 00:00:00.607409360,0.60740936,0.0,0.0,0.0,228.88535,0.0,0.0,0.0,0.0,-1.5707964,0.0
1970-01-01 00:00:00.607409360,0.60740936,0.0,0.0,0.0,327.12772,0.0,0.0,0.0,0.0,-1.5707964,0.0
1970-01-01 00:00:00.607531925,0.607531925,0.0,0.0,0.0,0.0,0.0,92.67413,0.0,0.0,-1.5707964,0.0
1970-01-01 00:00:00.608211247,0.608211247,0.0,0.0,0.0,0.0,0.0,198.06595,0.0,0.0,-1.5707964,0.0
1970-01-01 00:00:00.608976722,0.608976722,158.75026,0.0,0.0,0.0,0.0,0.0,0.0,0.0,-1.5707964,0.0
1970-01-01 00:00:00.609109142,0.609109142,0.0,0.0,0.0,296.42767,0.0,0.0,0.0,0.0,-1.5707964,0.0
1970-01-01 00:00:00.609616080,0.60961608,0.0,0.0,0.0,119.53586,0.0,0.0,0.0,0.0,-1.5707964,0.0
1970-01-01 00:00:00.609953233,0.609953233,0.0,0.0,307.8655,0.0,0.0,0.0,0.0,0.0,-1.5707964,0.0
1970-01-01 00:00:00.610220320,0.61022032,1942.8772,0.0,0.0,0.0,0.0,0.0,0.0,0.0,-1.5707964,0.0
1970-01-01 00:00:00.611056169,0.611056169,0.0,0.0,0.0,0.0,0.0,550.05884,0.0,0.0,-1.5707964,0.0
1970-01-01 00:00:00.611092648,0.611092648,0.0,0.0,0.0,0.0,368.59656,0.0,0.0,0.0,-1.5707964,0.0
1970-01-01 00:00:00.611092648,0.611092648,0.0,0.0,0.0,185.70316,0.0,0.0,0.0,0.0,-1.5707964,0.0
1970-01-01 00:00:00.611115068,0.611115068,0.0,0.0,0.0,0.0,0.0,229.65652,0.0,0.0,-1.5707964,0.0
1970-01-01 00:00:00.613378640,0.61337864,0.0,0.0,107.68158,0.0,0.0,0.0,0.0,0.0,-1.5707964,0.0
1970-01-01 00:00:00.616390987,0.616390987,0.0,0.0,0.0,210.03534,0.0,0.0,0.0,0.0,-1.5707964,0.0
1970-01-01 00:00:00.616734085,0.616734085,0.0,0.0,0.0,405.02307,0.0,0.0,0.0,0.0,-1.5707964,0.0
1970-01-01 00:00:00.617089020,0.61708902,0.0,0.0,0.0,354.17715,0.0,0.0,0.0,0.0,-1.5707964,0.0
1970-01-01 00:00:00.617355888,0.617355888,91.59456,0.0,0.0,0.0,0.0,0.0,0.0,0.0,-1.5707964,0.0
1970-01-01 00:00:00.617857581,0.617857581,0.0,0.0,0.0,631.3256,0.0,0.0,0.0,0.0,-1.5707964,0.0
1970-01-01 00:00:00.618164873,0.618164873,0.0,0.0,0.0,695.95294,0.0,0.0,0.0,0.0,-1.5707964,0.0
1970-01-01 00:00:00.618912556,0.618912556,0.0,0.0,183.00935,0.0,0.0,0.0,0.0,0.0,-1.5707964,0.0
1970-01-01 00:00:00.618968527,0.618968527,0.0,0.0,0.0,0.0,0.0,186.87341,0.0,0.0,-1.5707964,0.0
1970-01-01 00:00:00.619340191,0.619340191,0.0,0.0,474.20065,0.0,0.0,0.0,0.0,0.0,-1.5707964,0.0
1970-01-01 00:00:00.619388661,0.619388661,0.0,0.0,0.0,0.0,0.0,594.40247,0.0,0.0,-1.5707964,0.0
1970-01-01 00:00:00.619521074,0.619521074,0.0,0.0,0.0,106.18911,0.0,0.0,0.0,0.0,-1.5707964,0.0
1970-01-01 00:00:00.619935839,0.619935839,0.0,0.0,0.0,1488.2502,0.0,0.0,0.0,0.0,-1.5707964,0.0
1970-01-01 00:00:00.620485135,0.620485135,0.0,0.0,0.0,468.21878,0.0,0.0,0.0,0.0,-1.5707964,0.0
1970-01-01 00:00:00.620515905,0.620515905,0.0,0.0,0.0,1183.978,0.0,0.0,0.0,0.0,-1.5707964,0.0
1970-01-01 00:00:00.620855166,0.620855166,0.0,0.0,0.0,0.0,300.0998,0.0,0.0,0.0,-1.5707964,0.0
1970-01-01 00:00:00.620957715,0.620957715,0.0,0.0,0.0,0.0,0.0,95.945015,0.0,0.0,-1.5707964,0.0
1970-01-01 00:00:00.621546166,0.621546166,0.0,151.06836,0.0,0.0,0.0,0.0,0.0,0.0,-1.5707964,0.0
1970-01-01 00:00:00.622533661,0.622533661,0.0,0.0,0.0,0.0,0.0,1015.04083,0.0,0.0,-1.5707964,0.0
1970-01-01 00:00:00.622844878,0.622844878,0.0,0.0,0.0,208.81943,0.0,0.0,0.0,0.0,-1.5707964,0.0
1970-01-01 00:00:00.623267290,0.62326729,0.0,0.0,0.0,0.0,0.0,814.671,0.0,0.0,-1.5707964,0.0
1970-01-01 00:00:00.623357739,0.623357739,0.0,0.0,0.0,0.0,731.077,0.0,0.0,0.0,-1.5707964,0.0
1970-01-01 00:00:00.623546799,0.623546799,0.0,0.0,0.0,197.6919,0.0,0.0,0.0,0.0,-1.5707964,0.0
1970-01-01 00:00:00.623565722,0.623565722,0.0,0.0,0.0,0.0,235.54028,0.0,0.0,0.0,-1.5707964,0.0
1970-01-01 00:00:00.623672412,0.623672412,0.0,0.0,0.0,82.95331,0.0,0.0,0.0,0.0,-1.5707964,0.0
1970-01-01 00:00:00.623920412,0.623920412,0.0,0.0,0.0,713.90265,0.0,0.0,0.0,0.0,-1.5707964,0.0
1970-01-01 00:00:00.624489331,0.624489331,0.0,0.0,124.1875,0.0,0.0,0.0,0.0,0.0,-1.5707964,0.0
1970-01-01 00:00:00.631588372,0.631588372,0.0,0.0,0.0,0.0,192.18271,0.0,0.0,0.0,-1.5707964,0.0
1970-01-01 00:00:00.633050940,0.63305094,0.0,0.0,0.0,215.73856,0.0,0.0,0.0,0.0,-1.5707964,0.0
1970-01-01 00:00:00.633229730,0.63322973,0.0,0.0,0.0,0.0,255.58548,0.0,0.0,0.0,-1.5707964,0.0
1970-01-01 00:00:00.636763628,0.636763628,0.0,0.0,0.0,0.0,504.69336,0.0,0.0,0.0,-1.5707964,0.0
1970-01-01 00:00:00.637035213,0.637035213,0.0,0.0,258.45993,0.0,0.0,0.0,0.0,0.0,-1.5707964,0.0
1970-01-01 00:00:00.638477990,0.63847799,0.0,0.0,0.0,734.52606,0.0,0.0,0.0,0.0,-1.5707964,0.0
1970-01-01 00:00:00.638549343,0.638549343,0.0,0.0,0.0,0.0,0.0,528.2541,0.0,0.0,-1.5707964,0.0
1970-01-01 00:00:00.638702695,0.638702695,0.0,0.0,0.0,299.80246,0.0,0.0,0.0,0.0,-1.5707964,0.0
1970-01-01 00:00:00.638978264,0.638978264,0.0,0.0,1031.2385,0.0,0.0,0.0,0.0,0.0,-1.5707964,0.0
1970-01-01 00:00:00.639326360,0.63932636,0.0,0.0,0.0,82.3179,0.0,0.0,0.0,0.0,-1.5707964,0.0
1970-01-01 00:00:00.639328168,0.639328168,0.0,0.0,0.0,319.8447,0.0,0.0,0.0,0.0,-1.5707964,0.0
1970-01-01 00:00:00.640150353,0.640150353,0.0,0.0,0.0,0.0,0.0,250.072,0.0,0.0,-1.5707964,0.0
1970-01-01 00:00:00.640992097,0.640992097,0.0,0.0,0.0,146.43558,0.0,0.0,0.0,0.0,-1.5707964,0.0
1970-01-01 00:00:00.641285628,0.641285628,0.0,0.0,0.0,0.0,659.0347,0.0,0.0,0.0,-1.5707964,0.0
1970-01-01 00:00:00.641695434,0.641695434,0.0,0.0,1092.7266,0.0,0.0,0.0,0.0,0.0,-1.5707964,0.0
1970-01-01 00:00:00.643253296,0.643253296,0.0,0.0,0.0,326.45798,0.0,0.0,0.0,0.0,-1.5707964,0.0
1970-01-01 00:00:00.643729005,0.643729005,0.0,0.0,0.0,307.20932,0.0,0.0,0.0,0.0,-1.5707964,0.0
1970-01-01 00:00:00.644166405,0.644166405,0.0,0.0,0.0,0.0,0.0,123.46104,0.0,0.0,-1.5707964,0.0
1970-01-01 00:00:00.645129149,0.645129149,0.0,0.0,556.91644,0.0,0.0,0.0,0.0,0.0,-1.5707964,0.0
1970-01-01 00:00:00.645819854,0.645819854,0.0,0.0,0.0,374.65182,0.0,0.0,0.0,0.0,-1.5707964,0.0
1970-01-01 00:00:00.647447081,0.647447081,0.0,0.0,0.0,0.0,171.8654,0.0,0.0,0.0,-1.5707964,0.0
1970-01-01 00:00:00.647496741,0.647496741,0.0,0.0,0.0,0.0,0.0,107.03058,0.0,0.0,-1.5707964,0.0
1970-01-01 00:00:00.648300665,0.648300665,0.0,811.2652,0.0,0.0,0.0,0.0,0.0,0.0,-1.5707964,0.0
1970-01-01 00:00:00.649747188,0.649747188,0.0,0.0,0.0,166.59497,0.0,0.0,0.0,0.0,-1.5707964,0.0
1970-01-01 00:00:00.651018246,0.651018246,0.0,0.0,0.0,141.78838,0.0,0.0,0.0,0.0,-1.5707964,0.0
1970-01-01 00:00:00.651364807,0.651364807,0.0,0.0,95.60747,0.0,0.0,0.0,0.0,0.0,-1.5707964,0.0
1970-01-01 00:00:00.651562136,0.651562136,0.0,0.0,0.0,0.0,0.0,235.18321,0.0,0.0,-1.5707964,0.0
1970-01-01 00:00:00.652148395,0.652148395,0.0,0.0,0.0,2197.0283,0.0,0.0,0.0,0.0,-1.5707964,0.0
1970-01-01 00:00:00.653817354,0.653817354,0.0,0.0,968.6945,0.0,0.0,0.0,0.0,0.0,-1.5707964,0.0
1970-01-01 00:00:00.654054503,0.654054503,0.0,0.0,220.43181,0.0,0.0,0.0,0.0,0.0,-1.5707964,0.0
1970-01-01 00:00:00.654575973,0.654575973,0.0,0.0,0.0,229.45592,0.0,0.0,0.0,0.0,-1.5707964,0.0
1970-01-01 00:00:00.655274304,0.655274304,0.0,0.0,0.0,780.9296,0.0,0.0,0.0,0.0,-1.5707964,0.0
1970-01-01 00:00:00.655616353,0.655616353,0.0,0.0,0.0,0.0,632.29736,0.0,0.0,0.0,-1.5707964,0.0
1970-01-01 00:00:00.666440168,0.666440168,0.0,0.0,506.0899,0.0,0.0,0.0,0.0,0.0,-1.5707964,0.0
1970-01-01 00:00:00.666696695,0.666696695,0.0,0.0,0.0,584.5749,0.0,0.0,0.0,0.0,-1.5707964,0.0
1970-01-01 00:00:00.669215812,0.669215812,0.0,0.0,0.0,208.60483,0.0,0.0,0.0,0.0,-1.5707964,0.0
1970-01-01 00:00:00.669396891,0.669396891,0.0,0.0,0.0,0.0,0.0,148.6548,0.0,0.0,-1.5707964,0.0
1970-01-01 00:00:00.669564474,0.669564474,0.0,0.0,0.0,1425.2029,0.0,0.0,0.0,0.0,-1.5707964,0.0
1970-01-01 00:00:00.670179219,0.670179219,0.0,0.0,0.0,0.0,0.0,191.56187,0.0,0.0,-1.5707964,0.0
1970-01-01 00:00:00.671045166,0.671045166,0.0,0.0,0.0,0.0,0.0,355.98584,0.0,0.0,-1.5707964,0.0
1970-01-01 00:00:00.671552697,0.671552697,0.0,0.0,0.0,174.75557,0.0,0.0,0.0,0.0,-1.5707964,0.0
1970-01-01 00:00:00.671552697,0.671552697,0.0,0.0,0.0,692.1112,0.0,0.0,0.0,0.0,-1.5707964,0.0
1970-01-01 00:00:00.671741871,0.671741871,0.0,1047.5936,0.0,0.0,0.0,0.0,0.0,0.0,-1.5707964,0.0
1970-01-01 00:00:00.672293928,0.672293928,0.0,0.0,0.0,550.6294,0.0,0.0,0.0,0.0,-1.5707964,0.0
1970-01-01 00:00:00.672797131,0.672797131,0.0,0.0,0.0,293.9719,0.0,0.0,0.0,0.0,-1.5707964,0.0
1970-01-01 00:00:00.672927212,0.672927212,0.0,0.0,0.0,152.22334,0.0,0.0,0.0,0.0,-1.5707964,0.0
1970-01-01 00:00:00.673299596,0.673299596,0.0,0.0,335.51038,0.0,0.0,0.0,0.0,0.0,-1.5707964,0.0
1970-01-01 00:00:00.673465810,0.67346581,0.0,353.4553,0.0,0.0,0.0,0.0,0.0,0.0,-1.5707964,0.0
1970-01-01 00:00:00.673833030,0.67383303,0.0,0.0,0.0,184.35187,0.0,0.0,0.0,0.0,-1.5707964,0.0
1970-01-01 00:00:00.674027894,0.674027894,0.0,165.22122,0.0,0.0,0.0,0.0,0.0,0.0,-1.5707964,0.0
1970-01-01 00:00:00.674049684,0.674049684,0.0,0.0,0.0,88.383224,0.0,0.0,0.0,0.0,-1.5707964,0.0
1970-01-01 00:00:00.674655480,0.67465548,0.0,0.0,0.0,496.7157,0.0,0.0,0.0,0.0,-1.5707964,0.0
1970-01-01 00:00:00.674666886,0.674666886,0.0,0.0,0.0,1473.611,0.0,0.0,0.0,0.0,-1.5707964,0.0
1970-01-01 00:00:00.675509879,0.675509879,0.0,0.0,0.0,182.9287,0.0,0.0,0.0,0.0,-1.5707964,0.0
1970-01-01 00:00:00.675597752,0.675597752,0.0,0.0,0.0,0.0,0.0,141.86972,0.0,0.0,-1.5707964,0.0
1970-01-01 00:00:00.676013931,0.676013931,0.0,0.0,601.9554,0.0,0.0,0.0,0.0,0.0,-1.5707964,0.0
1970-01-01 00:00:00.676790259,0.676790259,0.0,138.67422,0.0,0.0,0.0,0.0,0.0,0.0,-1.5707964,0.0
1970-01-01 00:00:00.676869660,0.67686966,0.0,0.0,0.0,140.6378,0.0,0.0,0.0,0.0,-1.5707964,0.0
1970-01-01 00:00:00.676936842,0.676936842,0.0,0.0,0.0,447.42853,0.0,0.0,0.0,0.0,-1.5707964,0.0
1970-01-01 00:00:00.677876550,0.67787655,202.15623,0.0,0.0,0.0,0.0,0.0,0.0,0.0,-1.5707964,0.0
1970-01-01 00:00:00.678266908,0.678266908,0.0,0.0,0.0,150.64192,0.0,0.0,0.0,0.0,-1.5707964,0.0
1970-01-01 00:00:00.678315462,0.678315462,0.0,0.0,0.0,162.57367,0.0,0.0,0.0,0.0,-1.5707964,0.0
1970-01-01 00:00:00.679482125,0.679482125,0.0,0.0,0.0,385.5117,0.0,0.0,0.0,0.0,-1.5707964,0.0
1970-01-01 00:00:00.680541326,0.680541326,0.0,0.0,109.91836,0.0,0.0,0.0,0.0,0.0,-1.5707964,0.0
1970-01-01 00:00:00.680738754,0.680738754,0.0,0.0,346.28717,0.0,0.0,0.0,0.0,0.0,-1.5707964,0.0
1970-01-01 00:00:00.680756929,0.680756929,0.0,0.0,0.0,218.92792,0.0,0.0,0.0,0.0,-1.5707964,0.0
1970-01-01 00:00:00.680934258,0.680934258,0.0,0.0,0.0,0.0,0.0,107.929214,0.0,0.0,-1.5707964,0.0
1970-01-01 00:00:00.680997184,0.680997184,0.0,0.0,0.0,0.0,0.0,825.72394,0.0,0.0,-1.5707964,0.0
1970-01-01 00:00:00.681047347,0.681047347,0.0,0.0,0.0,0.0,0.0,407.389,0.0,0.0,-1.5707964,0.0
1970-01-01 00:00:00.681757079,0.681757079,0.0,0.0,0.0,0.0,1304.8628,0.0,0.0,0.0,-1.5707964,0.0
1970-01-01 00:00:00.681843329,0.681843329,0.0,0.0,0.0,505.76202,0.0,0.0,0.0,0.0,-1.5707964,0.0
1970-01-01 00:00:00.682123482,0.682123482,0.0,265.93683,0.0,0.0,0.0,0.0,0.0,0.0,-1.5707964,0.0
1970-01-01 00:00:00.682705921,0.682705921,0.0,88.33192,0.0,0.0,0.0,0.0,0.0,0.0,-1.5707964,0.0
1970-01-01 00:00:00.683577199,0.683577199,0.0,0.0,0.0,588.9532,0.0,0.0,0.0,0.0,-1.5707964,0.0
1970-01-01 00:00:00.683695057,0.683695057,0.0,0.0,0.0,0.0,0.0,183.07413,0.0,0.0,-1.5707964,0.0
1970-01-01 00:00:00.684200188,0.684200188,0.0,0.0,0.0,0.0,0.0,474.07486,0.0,0.0,-1.5707964,0.0
1970-01-01 00:00:00.684416192,0.684416192,0.0,0.0,0.0,380.5152,0.0,0.0,0.0,0.0,-1.5707964,0.0
1970-01-01 00:00:00.685826381,0.685826381,0.0,397.62378,0.0,0.0,0.0,0.0,0.0,0.0,-1.5707964,0.0
1970-01-01 00:00:00.685826381,0.685826381,0.0,0.0,0.0,0.0,590.21466,0.0,0.0,0.0,-1.5707964,0.0
1970-01-01 00:00:00.685826381,0.685826381,0.0,0.0,0.0,107.62718,0.0,0.0,0.0,0.0,-1.5707964,0.0
1970-01-01 00:00:00.685849030,0.68584903,0.0,0.0,0.0,309.38452,0.0,0.0,0.0,0.0,-1.5707964,0.0
1970-01-01 00:00:00.686452410,0.68645241,0.0,0.0,0.0,1128.5243,0.0,0.0,0.0,0.0,-1.5707964,0.0
1970-01-01 00:00:00.686941690,0.68694169,0.0,0.0,0.0,0.0,0.0,105.343315,0.0,0.0,-1.5707964,0.0
1970-01-01 00:00:00.687420447,0.687420447,0.0,0.0,0.0,793.4458,0.0,0.0,0.0,0.0,-1.5707964,0.0
1970-01-01 00:00:00.688050185,0.688050185,0.0,0.0,0.0,181.25679,0.0,0.0,0.0,0.0,-1.5707964,0.0
1970-01-01 00:00:00.688174864,0.688174864,0.0,0.0,0.0,164.7481,0.0,0.0,0.0,0.0,-1.5707964,0.0
1970-01-01 00:00:00.689035206,0.689035206,0.0,0.0,0.0,1285.2303,0.0,0.0,0.0,0.0,-1.5707964,0.0
1970-01-01 00:00:00.689089231,0.689089231,0.0,106.46924,0.0,0.0,0.0,0.0,0.0,0.0,-1.5707964,0.0
1970-01-01 00:00:00.689581062,0.689581062,0.0,0.0,0.0,123.39761,0.0,0.0,0.0,0.0,-1.5707964,0.0
1970-01-01 00:00:00.689841503,0.689841503,0.0,0.0,0.0,0.0,0.0,813.4976,0.0,0.0,-1.5707964,0.0
1970-01-01 00:00:00.689980243,0.689980243,0.0,0.0,509.5203,0.0,0.0,0.0,0.0,0.0,-1.5707964,0.0
1970-01-01 00:00:00.690131136,0.690131136,0.0,0.0,0.0,113.2494,0.0,0.0,0.0,0.0,-1.5707964,0.0
1970-01-01 00:00:00.690215763,0.690215763,0.0,0.0,0.0,125.09675,0.0,0.0,0.0,0.0,-1.5707964,0.0
1970-01-01 00:00:00.690636873,0.690636873,0.0,0.0,0.0,365.02356,0.0,0.0,0.0,0.0,-1.5707964,0.0
1970-01-01 00:00:00.690796496,0.690796496,0.0,0.0,0.0,98.37214,0.0,0.0,0.0,0.0,-1.5707964,0.0
1970-01-01 00:00:00.691039882,0.691039882,0.0,0.0,275.1913,0.0,0.0,0.0,0.0,0.0,-1.5707964,0.0
1970-01-01 00:00:00.691192778,0.691192778,0.0,0.0,0.0,364.5075,0.0,0.0,0.0,0.0,-1.5707964,0.0
1970-01-01 00:00:00.691461959,0.691461959,0.0,0.0,96.68316,0.0,0.0,0.0,0.0,0.0,-1.5707964,0.0
1970-01-01 00:00:00.691579630,0.69157963,0.0,133.66423,0.0,0.0,0.0,0.0,0.0,0.0,-1.5707964,0.0
1970-01-01 00:00:00.691951448,0.691951448,0.0,531.27094,0.0,0.0,0.0,0.0,0.0,0.0,-1.5707964,0.0
1970-01-01 00:00:00.692477600,0.6924776,0.0,0.0,3522.8875,0.0,0.0,0.0,0.0,0.0,-1.5707964,0.0
1970-01-01 00:00:00.693172561,0.693172561,0.0,0.0,148.94981,0.0,0.0,0.0,0.0,0.0,-1.5707964,0.0
1970-01-01 00:00:00.693244710,0.69324471,414.48798,0.0,0.0,0.0,0.0,0.0,0.0,0.0,-1.5707964,0.0
1970-01-01 00:00:00.693363695,0.693363695,0.0,461.93915,0.0,0.0,0.0,0.0,0.0,0.0,-1.5707964,0.0
1970-01-01 00:00:00.693840221,0.693840221,0.0,0.0,0.0,0.0,566.20984,0.0,0.0,0.0,-1.5707964,0.0
1970-01-01 00:00:00.694081586,0.694081586,0.0,0.0,378.43777,0.0,0.0,0.0,0.0,0.0,-1.5707964,0.0
1970-01-01 00:00:00.694364374,0.694364374,0.0,0.0,0.0,0.0,1075.525,0.0,0.0,0.0,-1.5707964,0.0
1970-01-01 00:00:00.695376610,0.69537661,0.0,141.20084,0.0,0.0,0.0,0.0,0.0,0.0,-1.5707964,0.0
1970-01-01 00:00:00.696864497,0.696864497,0.0,87.58055,0.0,0.0,0.0,0.0,0.0,0.0,-1.5707964,0.0
1970-01-01 00:00:00.698069948,0.698069948,0.0,0.0,0.0,109.52641,0.0,0.0,0.0,0.0,-1.5707964,0.0
1970-01-01 00:00:00.699862880,0.69986288,0.0,0.0,0.0,0.0,1269.0437,0.0,0.0,0.0,-1.5707964,0.0
1970-01-01 00:00:00.700110369,0.700110369,0.0,0.0,0.0,0.0,0.0,171.7038,0.0,0.0,-1.5707964,0.0
1970-01-01 00:00:00.701255524,0.701255524,0.0,0.0,0.0,0.0,341.0341,0.0,0.0,0.0,-1.5707964,0.0
1970-01-01 00:00:00.702589275,0.702589275,0.0,0.0,0.0,136.55295,0.0,0.0,0.0,0.0,-1.5707964,0.0
1970-01-01 00:00:00.704828043,0.704828043,0.0,0.0,0.0,0.0,190.9507,0.0,0.0,0.0,-1.5707964,0.0
1970-01-01 00:00:00.705593477,0.705593477,0.0,0.0,452.0596,0.0,0.0,0.0,0.0,0.0,-1.5707964,0.0
1970-01-01 00:00:00.707625413,0.707625413,0.0,0.0,0.0,251.99422,0.0,0.0,0.0,0.0,-1.5707964,0.0
1970-01-01 00:00:00.708413533,0.708413533,0.0,0.0,500.9262,0.0,0.0,0.0,0.0,0.0,-1.5707964,0.0
1970-01-01 00:00:00.708597974,0.708597974,0.0,0.0,0.0,376.15546,0.0,0.0,0.0,0.0,-1.5707964,0.0
1970-01-01 00:00:00.708716002,0.708716002,0.0,0.0,0.0,887.2279,0.0,0.0,0.0,0.0,-1.5707964,0.0
1970-01-01 00:00:00.709128977,0.709128977,0.0,0.0,0.0,0.0,638.31793,0.0,0.0,0.0,-1.5707964,0.0
1970-01-01 00:00:00.709283475,0.709283475,0.0,0.0,0.0,101.686935,0.0,0.0,0.0,0.0,-1.5707964,0.0
1970-01-01 00:00:00.709395536,0.709395536,0.0,0.0,186.2442,0.0,0.0,0.0,0.0,0.0,-1.5707964,0.0
1970-01-01 00:00:00.709649987,0.709649987,0.0,0.0,0.0,0.0,0.0,646.51355,0.0,0.0,-1.5707964,0.0
1970-01-01 00:00:00.710117961,0.710117961,0.0,0.0,0.0,793.64667,0.0,0.0,0.0,0.0,-1.5707964,0.0
1970-01-01 00:00:00.711241895,0.711241895,0.0,104.03692,0.0,0.0,0.0,0.0,0.0,0.0,-1.5707964,0.0
1970-01-01 00:00:00.712992481,0.712992481,0.0,0.0,0.0,0.0,880.74243,0.0,0.0,0.0,-1.5707964,0.0
1970-01-01 00:00:00.713276266,0.713276266,0.0,0.0,178.64534,0.0,0.0,0.0,0.0,0.0,-1.5707964,0.0
1970-01-01 00:00:00.713792714,0.713792714,0.0,0.0,0.0,517.9411,0.0,0.0,0.0,0.0,-1.5707964,0.0
1970-01-01 00:00:00.714083577,0.714083577,0.0,0.0,0.0,0.0,0.0,354.86307,0.0,0.0,-1.5707964,0.0
1970-01-01 00:00:00.714301264,0.714301264,0.0,0.0,0.0,0.0,0.0,335.39594,0.0,0.0,-1.5707964,0.0
1970-01-01 00:00:00.726608330,0.72660833,0.0,0.0,0.0,0.0,162.2023,0.0,0.0,0.0,-1.5707964,0.0
1970-01-01 00:00:00.729280941,0.729280941,0.0,0.0,325.30585,0.0,0.0,0.0,0.0,0.0,-1.5707964,0.0
1970-01-01 00:00:00.729837024,0.729837024,0.0,0.0,0.0,0.0,0.0,135.17775,0.0,0.0,-1.5707964,0.0
1970-01-01 00:00:00.734071502,0.734071502,0.0,0.0,0.0,122.65311,0.0,0.0,0.0,0.0,-1.5707964,0.0
1970-01-01 00:00:00.736687502,0.736687502,0.0,0.0,0.0,221.088,0.0,0.0,0.0,0.0,-1.5707964,0.0
1970-01-01 00:00:00.737386788,0.737386788,0.0,700.3153,0.0,0.0,0.0,0.0,0.0,0.0,-1.5707964,0.0
1970-01-01 00:00:00.737894040,0.73789404,0.0,431.15082,0.0,0.0,0.0,0.0,0.0,0.0,-1.5707964,0.0
1970-01-01 00:00:00.740404865,0.740404865,0.0,0.0,125.7184,0.0,0.0,0.0,0.0,0.0,-1.5707964,0.0
1970-01-01 00:00:00.740504515,0.740504515,0.0,780.694,0.0,0.0,0.0,0.0,0.0,0.0,-1.5707964,0.0
1970-01-01 00:00:00.740885464,0.740885464,0.0,0.0,0.0,208.80959,0.0,0.0,0.0,0.0,-1.5707964,0.0
1970-01-01 00:00:00.740915859,0.740915859,0.0,0.0,366.8693,0.0,0.0,0.0,0.0,0.0,-1.5707964,0.0
1970-01-01 00:00:00.740915859,0.740915859,0.0,0.0,0.0,339.90198,0.0,0.0,0.0,0.0,-1.5707964,0.0
1970-01-01 00:00:00.742307919,0.742307919,0.0,0.0,1011.8982,0.0,0.0,0.0,0.0,0.0,-1.5707964,0.0
1970-01-01 00:00:00.742784877,0.742784877,0.0,0.0,0.0,0.0,0.0,306.3225,0.0,0.0,-1.5707964,0.0
1970-01-01 00:00:00.743004676,0.743004676,0.0,0.0,0.0,120.53734,0.0,0.0,0.0,0.0,-1.5707964,0.0
1970-01-01 00:00:00.744697859,0.744697859,0.0,0.0,0.0,0.0,0.0,110.23124,0.0,0.0,-1.5707964,0.0
1970-01-01 00:00:00.744726844,0.744726844,0.0,0.0,0.0,0.0,0.0,576.7469,0.0,0.0,-1.5707964,0.0
1970-01-01 00:00:00.744746381,0.744746381,0.0,0.0,0.0,127.653435,0.0,0.0,0.0,0.0,-1.5707964,0.0
1970-01-01 00:00:00.745444696,0.745444696,0.0,0.0,0.0,0.0,110.26714,0.0,0.0,0.0,-1.5707964,0.0
1970-01-01 00:00:00.745880643,0.745880643,0.0,0.0,0.0,677.18353,0.0,0.0,0.0,0.0,-1.5707964,0.0
1970-01-01 00:00:00.745917764,0.745917764,0.0,0.0,0.0,88.53679,0.0,0.0,0.0,0.0,-1.5707964,0.0
1970-01-01 00:00:00.746091729,0.746091729,0.0,0.0,451.7324,0.0,0.0,0.0,0.0,0.0,-1.5707964,0.0
1970-01-01 00:00:00.746377576,0.746377576,0.0,0.0,0.0,0.0,0.0,303.30084,0.0,0.0,-1.5707964,0.0
1970-01-01 00:00:00.749150805,0.749150805,0.0,0.0,0.0,90.0944,0.0,0.0,0.0,0.0,-1.5707964,0.0
1970-01-01 00:00:00.749210476,0.749210476,0.0,0.0,0.0,330.63763,0.0,0.0,0.0,0.0,-1.5707964,0.0
1970-01-01 00:00:00.749358633,0.749358633,0.0,0.0,0.0,517.77844,0.0,0.0,0.0,0.0,-1.5707964,0.0
1970-01-01 00:00:00.750309823,0.750309823,0.0,0.0,0.0,213.85767,0.0,0.0,0.0,0.0,-1.5707964,0.0
1970-01-01 00:00:00.750607233,0.750607233,0.0,0.0,0.0,138.05858,0.0,0.0,0.0,0.0,-1.5707964,0.0
1970-01-01 00:00:00.750626093,0.750626093,0.0,0.0,0.0,510.59882,0.0,0.0,0.0,0.0,-1.5707964,0.0
1970-01-01 00:00:00.750903781,0.750903781,0.0,0.0,0.0,0.0,0.0,109.0346,0.0,0.0,-1.5707964,0.0
1970-01-01 00:00:00.751369768,0.751369768,0.0,0.0,0.0,0.0,233.85619,0.0,0.0,0.0,-1.5707964,0.0
1970-01-01 00:00:00.753370795,0.753370795,0.0,0.0,160.47624,0.0,0.0,0.0,0.0,0.0,-1.5707964,0.0
1970-01-01 00:00:00.753663120,0.75366312,0.0,0.0,755.36615,0.0,0.0,0.0,0.0,0.0,-1.5707964,0.0
1970-01-01 00:00:00.754024439,0.754024439,0.0,0.0,0.0,0.0,0.0,1099.0479,0.0,0.0,-1.5707964,0.0
1970-01-01 00:00:00.755306996,0.755306996,0.0,0.0,0.0,673.5721,0.0,0.0,0.0,0.0,-1.5707964,0.0
1970-01-01 00:00:00.755570838,0.755570838,0.0,0.0,279.97064,0.0,0.0,0.0,0.0,0.0,-1.5707964,0.0
1970-01-01 00:00:00.756383282,0.756383282,0.0,0.0,0.0,206.9799,0.0,0.0,0.0,0.0,-1.5707964,0.0
1970-01-01 00:00:00.756575915,0.756575915,0.0,0.0,0.0,0.0,0.0,237.85489,0.0,0.0,-1.5707964,0.0
1970-01-01 00:00:00.756777591,0.756777591,0.0,0.0,0.0,314.88806,0.0,0.0,0.0,0.0,-1.5707964,0.0
1970-01-01 00:00:00.757194015,0.757194015,0.0,0.0,0.0,236.0778,0.0,0.0,0.0,0.0,-1.5707964,0.0
1970-01-01 00:00:00.757294812,0.757294812,0.0,698.3364,0.0,0.0,0.0,0.0,0.0,0.0,-1.5707964,0.0
1970-01-01 00:00:00.757332271,0.757332271,0.0,0.0,0.0,0.0,165.25699,0.0,0.0,0.0,-1.5707964,0.0
1970-01-01 00:00:00.758286340,0.75828634,0.0,0.0,851.27106,0.0,0.0,0.0,0.0,0.0,-1.5707964,0.0
1970-01-01 00:00:00.758449337,0.758449337,0.0,0.0,0.0,143.72546,0.0,0.0,0.0,0.0,-1.5707964,0.0
1970-01-01 00:00:00.758729297,0.758729297,0.0,0.0,0.0,287.59512,0.0,0.0,0.0,0.0,-1.5707964,0.0
1970-01-01 00:00:00.759088287,0.759088287,0.0,0.0,0.0,367.1388,0.0,0.0,0.0,0.0,-1.5707964,0.0
1970-01-01 00:00:00.759633903,0.759633903,0.0,0.0,0.0,0.0,0.0,166.60898,0.0,0.0,-1.5707964,0.0
1970-01-01 00:00:00.759771281,0.759771281,0.0,0.0,0.0,830.32367,0.0,0.0,0.0,0.0,-1.5707964,0.0
1970-01-01 00:00:00.759832661,0.759832661,0.0,0.0,0.0,0.0,0.0,397.65994,0.0,0.0,-1.5707964,0.0
1970-01-01 00:00:00.760638816,0.760638816,0.0,0.0,0.0,150.1132,0.0,0.0,0.0,0.0,-1.5707964,0.0
1970-01-01 00:00:00.760805299,0.760805299,0.0,0.0,204.5659,0.0,0.0,0.0,0.0,0.0,-1.5707964,0.0
1970-01-01 00:00:00.760886595,0.760886595,0.0,0.0,0.0,0.0,0.0,95.221596,0.0,0.0,-1.5707964,0.0
1970-01-01 00:00:00.761194605,0.761194605,0.0,0.0,0.0,0.0,201.08116,0.0,0.0,0.0,-1.5707964,0.0
1970-01-01 00:00:00.761700810,0.76170081,0.0,0.0,0.0,0.0,89.326996,0.0,0.0,0.0,-1.5707964,0.0
1970-01-01 00:00:00.761725265,0.761725265,0.0,0.0,431.0456,0.0,0.0,0.0,0.0,0.0,-1.5707964,0.0
1970-01-01 00:00:00.762347181,0.762347181,0.0,0.0,826.6474,0.0,0.0,0.0,0.0,0.0,-1.5707964,0.0
1970-01-01 00:00:00.762490477,0.762490477,0.0,0.0,0.0,0.0,111.33126,0.0,0.0,0.0,-1.5707964,0.0
1970-01-01 00:00:00.762900339,0.762900339,0.0,0.0,0.0,0.0,0.0,93.44128,0.0,0.0,-1.5707964,0.0
1970-01-01 00:00:00.763799267,0.763799267,0.0,0.0,0.0,874.36536,0.0,0.0,0.0,0.0,-1.5707964,0.0
1970-01-01 00:00:00.764477871,0.764477871,0.0,0.0,0.0,0.0,0.0,262.5871,0.0,0.0,-1.5707964,0.0
1970-01-01 00:00:00.765232872,0.765232872,0.0,0.0,0.0,976.44604,0.0,0.0,0.0,0.0,-1.5707964,0.0
1970-01-01 00:00:00.765463107,0.765463107,0.0,1372.2246,0.0,0.0,0.0,0.0,0.0,0.0,-1.5707964,0.0
1970-01-01 00:00:00.765826781,0.765826781,0.0,2106.9097,0.0,0.0,0.0,0.0,0.0,0.0,-1.5707964,0.0
1970-01-01 00:00:00.765846684,0.765846684,0.0,0.0,0.0,0.0,0.0,100.23242,0.0,0.0,-1.5707964,0.0
1970-01-01 00:00:00.766128845,0.766128845,0.0,0.0,0.0,1431.849,0.0,0.0,0.0,0.0,-1.5707964,0.0
1970-01-01 00:00:00.766362521,0.766362521,0.0,0.0,0.0,0.0,86.85876,0.0,0.0,0.0,-1.5707964,0.0
1970-01-01 00:00:00.766693587,0.766693587,0.0,0.0,0.0,0.0,371.42087,0.0,0.0,0.0,-1.5707964,0.0
1970-01-01 00:00:00.766825532,0.766825532,0.0,0.0,0.0,0.0,152.90848,0.0,0.0,0.0,-1.5707964,0.0
1970-01-01 00:00:00.766966934,0.766966934,0.0,0.0,0.0,1016.3416,0.0,0.0,0.0,0.0,-1.5707964,0.0
1970-01-01 00:00:00.767046840,0.76704684,0.0,0.0,189.87483,0.0,0.0,0.0,0.0,0.0,-1.5707964,0.0
1970-01-01 00:00:00.767078416,0.767078416,0.0,0.0,0.0,660.82336,0.0,0.0,0.0,0.0,-1.5707964,0.0
1970-01-01 00:00:00.767587232,0.767587232,0.0,0.0,0.0,0.0,0.0,162.04103,0.0,0.0,-1.5707964,0.0
1970-01-01 00:00:00.767691269,0.767691269,0.0,0.0,0.0,332.89978,0.0,0.0,0.0,0.0,-1.5707964,0.0
1970-01-01 00:00:00.767755243,0.767755243,0.0,0.0,0.0,0.0,0.0,263.89835,0.0,0.0,-1.5707964,0.0
1970-01-01 00:00:00.767812433,0.767812433,0.0,0.0,0.0,0.0,261.4019,0.0,0.0,0.0,-1.5707964,0.0
1970-01-01 00:00:00.767874705,0.767874705,0.0,0.0,399.09933,0.0,0.0,0.0,0.0,0.0,-1.5707964,0.0
1970-01-01 00:00:00.767882120,0.76788212,0.0,0.0,0.0,100.673935,0.0,0.0,0.0,0.0,-1.5707964,0.0
1970-01-01 00:00:00.767939069,0.767939069,0.0,0.0,0.0,0.0,0.0,439.88336,0.0,0.0,-1.5707964,0.0
1970-01-01 00:00:00.768373699,0.768373699,0.0,0.0,0.0,0.0,136.72897,0.0,0.0,0.0,-1.5707964,0.0
1970-01-01 00:00:00.769153742,0.769153742,0.0,0.0,0.0,82.88452,0.0,0.0,0.0,0.0,-1.5707964,0.0
1970-01-01 00:00:00.769310352,0.769310352,0.0,0.0,0.0,0.0,0.0,116.56035,0.0,0.0,-1.5707964,0.0
1970-01-01 00:00:00.769398337,0.769398337,0.0,0.0,0.0,1520.3134,0.0,0.0,0.0,0.0,-1.5707964,0.0
1970-01-01 00:00:00.769489815,0.769489815,0.0,0.0,0.0,167.74425,0.0,0.0,0.0,0.0,-1.5707964,0.0
1970-01-01 00:00:00.769525521,0.769525521,0.0,0.0,577.86774,0.0,0.0,0.0,0.0,0.0,-1.5707964,0.0
1970-01-01 00:00:00.769786410,0.76978641,0.0,0.0,0.0,353.74774,0.0,0.0,0.0,0.0,-1.5707964,0.0
1970-01-01 00:00:00.769903344,0.769903344,0.0,4883.542,0.0,0.0,0.0,0.0,0.0,0.0,-1.5707964,0.0
1970-01-01 00:00:00.769976384,0.769976384,0.0,0.0,1592.9309,0.0,0.0,0.0,0.0,0.0,-1.5707964,0.0
1970-01-01 00:00:00.770416662,0.770416662,0.0,0.0,0.0,127.2829,0.0,0.0,0.0,0.0,-1.5707964,0.0
1970-01-01 00:00:00.770533470,0.77053347,0.0,0.0,0.0,0.0,0.0,683.7152,0.0,0.0,-1.5707964,0.0
1970-01-01 00:00:00.770623203,0.770623203,0.0,0.0,135.61365,0.0,0.0,0.0,0.0,0.0,-1.5707964,0.0
1970-01-01 00:00:00.770709689,0.770709689,0.0,0.0,194.68494,0.0,0.0,0.0,0.0,0.0,-1.5707964,0.0
1970-01-01 00:00:00.770811440,0.77081144,0.0,0.0,0.0,140.16219,0.0,0.0,0.0,0.0,-1.5707964,0.0
1970-01-01 00:00:00.770975677,0.770975677,0.0,0.0,0.0,613.4328,0.0,0.0,0.0,0.0,-1.5707964,0.0
1970-01-01 00:00:00.771232170,0.77123217,0.0,0.0,0.0,0.0,0.0,409.42462,0.0,0.0,-1.5707964,0.0
1970-01-01 00:00:00.771392728,0.771392728,0.0,0.0,0.0,160.71373,0.0,0.0,0.0,0.0,-1.5707964,0.0
1970-01-01 00:00:00.771752783,0.771752783,0.0,0.0,0.0,0.0,0.0,203.3976,0.0,0.0,-1.5707964,0.0
1970-01-01 00:00:00.771822353,0.771822353,0.0,0.0,0.0,0.0,0.0,639.6469,0.0,0.0,-1.5707964,0.0
1970-01-01 00:00:00.772047558,0.772047558,0.0,0.0,757.7714,0.0,0.0,0.0,0.0,0.0,-1.5707964,0.0
1970-01-01 00:00:00.772441683,0.772441683,0.0,0.0,0.0,340.42517,0.0,0.0,0.0,0.0,-1.5707964,0.0
1970-01-01 00:00:00.772452646,0.772452646,0.0,0.0,593.00385,0.0,0.0,0.0,0.0,0.0,-1.5707964,0.0
1970-01-01 00:00:00.772700398,0.772700398,0.0,0.0,0.0,131.52223,0.0,0.0,0.0,0.0,-1.5707964,0.0
1970-01-01 00:00:00.773078395,0.773078395,0.0,0.0,0.0,0.0,0.0,553.7012,0.0,0.0,-1.5707964,0.0
1970-01-01 00:00:00.773221675,0.773221675,0.0,0.0,422.97134,0.0,0.0,0.0,0.0,0.0,-1.5707964,0.0
1970-01-01 00:00:00.773260185,0.773260185,0.0,0.0,356.04468,0.0,0.0,0.0,0.0,0.0,-1.5707964,0.0
1970-01-01 00:00:00.773637014,0.773637014,0.0,0.0,0.0,189.8737,0.0,0.0,0.0,0.0,-1.5707964,0.0
1970-01-01 00:00:00.773984187,0.773984187,0.0,0.0,0.0,181.53827,0.0,0.0,0.0,0.0,-1.5707964,0.0
1970-01-01 00:00:00.774024958,0.774024958,0.0,0.0,0.0,163.0961,0.0,0.0,0.0,0.0,-1.5707964,0.0
1970-01-01 00:00:00.774497960,0.77449796,0.0,0.0,0.0,268.70514,0.0,0.0,0.0,0.0,-1.5707964,0.0
1970-01-01 00:00:00.774690790,0.77469079,0.0,0.0,0.0,355.44955,0.0,0.0,0.0,0.0,-1.5707964,0.0
1970-01-01 00:00:00.774729627,0.774729627,0.0,0.0,390.15277,0.0,0.0,0.0,0.0,0.0,-1.5707964,0.0
1970-01-01 00:00:00.774991528,0.774991528,0.0,0.0,434.54108,0.0,0.0,0.0,0.0,0.0,-1.5707964,0.0
1970-01-01 00:00:00.775086833,0.775086833,0.0,0.0,0.0,221.7903,0.0,0.0,0.0,0.0,-1.5707964,0.0
1970-01-01 00:00:00.775086833,0.775086833,0.0,0.0,0.0,0.0,0.0,806.4706,0.0,0.0,-1.5707964,0.0
1970-01-01 00:00:00.775165103,0.775165103,0.0,0.0,0.0,254.43427,0.0,0.0,0.0,0.0,-1.5707964,0.0
1970-01-01 00:00:00.775303828,0.775303828,0.0,0.0,0.0,84.97306,0.0,0.0,0.0,0.0,-1.5707964,0.0
1970-01-01 00:00:00.775930776,0.775930776,0.0,744.58984,0.0,0.0,0.0,0.0,0.0,0.0,-1.5707964,0.0
1970-01-01 00:00:00.775992352,0.775992352,0.0,222.5933,0.0,0.0,0.0,0.0,0.0,0.0,-1.5707964,0.0
1970-01-01 00:00:00.776106400,0.7761064,0.0,0.0,0.0,0.0,89.002815,0.0,0.0,0.0,-1.5707964,0.0
1970-01-01 00:00:00.776131292,0.776131292,115.885864,0.0,0.0,0.0,0.0,0.0,0.0,0.0,-1.5707964,0.0
1970-01-01 00:00:00.776131292,0.776131292,0.0,0.0,0.0,0.0,398.06555,0.0,0.0,0.0,-1.5707964,0.0
1970-01-01 00:00:00.776346424,0.776346424,0.0,0.0,0.0,534.5053,0.0,0.0,0.0,0.0,-1.5707964,0.0
1970-01-01 00:00:00.776826095,0.776826095,0.0,120.79766,0.0,0.0,0.0,0.0,0.0,0.0,-1.5707964,0.0
1970-01-01 00:00:00.776872552,0.776872552,0.0,0.0,753.1803,0.0,0.0,0.0,0.0,0.0,-1.5707964,0.0
1970-01-01 00:00:00.776889813,0.776889813,0.0,0.0,0.0,367.9444,0.0,0.0,0.0,0.0,-1.5707964,0.0
1970-01-01 00:00:00.777330992,0.777330992,0.0,0.0,0.0,0.0,0.0,744.7326,0.0,0.0,-1.5707964,0.0
1970-01-01 00:00:00.777672641,0.777672641,0.0,0.0,0.0,0.0,0.0,1060.2374,0.0,0.0,-1.5707964,0.0
1970-01-01 00:00:00.779116326,0.779116326,0.0,0.0,0.0,216.95988,0.0,0.0,0.0,0.0,-1.5707964,0.0
1970-01-01 00:00:00.779414878,0.779414878,0.0,931.66376,0.0,0.0,0.0,0.0,0.0,0.0,-1.5707964,0.0
1970-01-01 00:00:00.780065124,0.780065124,0.0,0.0,0.0,0.0,0.0,342.1214,0.0,0.0,-1.5707964,0.0
1970-01-01 00:00:00.780337631,0.780337631,0.0,0.0,0.0,160.22192,0.0,0.0,0.0,0.0,-1.5707964,0.0
1970-01-01 00:00:00.780980707,0.780980707,0.0,0.0,257.19507,0.0,0.0,0.0,0.0,0.0,-1.5707964,0.0
1970-01-01 00:00:00.781353780,0.78135378,0.0,0.0,0.0,1123.4691,0.0,0.0,0.0,0.0,-1.5707964,0.0
1970-01-01 00:00:00.781893616,0.781893616,0.0,0.0,0.0,113.471565,0.0,0.0,0.0,0.0,-1.5707964,0.0
1970-01-01 00:00:00.782425738,0.782425738,0.0,0.0,0.0,0.0,0.0,127.57695,0.0,0.0,-1.5707964,0.0
1970-01-01 00:00:00.782792492,0.782792492,0.0,0.0,0.0,0.0,0.0,101.53767,0.0,0.0,-1.5707964,0.0
1970-01-01 00:00:00.783223643,0.783223643,0.0,0.0,237.06934,0.0,0.0,0.0,0.0,0.0,-1.5707964,0.0
1970-01-01 00:00:00.783650721,0.783650721,0.0,0.0,0.0,273.50525,0.0,0.0,0.0,0.0,-1.5707964,0.0
1970-01-01 00:00:00.784134419,0.784134419,0.0,0.0,0.0,0.0,80.34038,0.0,0.0,0.0,-1.5707964,0.0
1970-01-01 00:00:00.784890902,0.784890902,0.0,0.0,0.0,211.22803,0.0,0.0,0.0,0.0,-1.5707964,0.0
1970-01-01 00:00:00.785092527,0.785092527,0.0,0.0,0.0,914.30505,0.0,0.0,0.0,0.0,-1.5707964,0.0
1970-01-01 00:00:00.785268755,0.785268755,0.0,0.0,196.8028,0.0,0.0,0.0,0.0,0.0,-1.5707964,0.0
1970-01-01 00:00:00.785386862,0.785386862,0.0,0.0,0.0,287.86493,0.0,0.0,0.0,0.0,-1.5707964,0.0
1970-01-01 00:00:00.785727370,0.78572737,0.0,0.0,0.0,364.05112,0.0,0.0,0.0,0.0,-1.5707964,0.0
1970-01-01 00:00:00.786109594,0.786109594,0.0,0.0,324.41006,0.0,0.0,0.0,0.0,0.0,-1.5707964,0.0
1970-01-01 00:00:00.786116685,0.786116685,0.0,0.0,0.0,329.239,0.0,0.0,0.0,0.0,-1.5707964,0.0
1970-01-01 00:00:00.786296484,0.786296484,0.0,0.0,0.0,514.96423,0.0,0.0,0.0,0.0,-1.5707964,0.0
1970-01-01 00:00:00.786593887,0.786593887,0.0,0.0,0.0,0.0,251.76024,0.0,0.0,0.0,-1.5707964,0.0
1970-01-01 00:00:00.786671178,0.786671178,0.0,0.0,0.0,226.2543,0.0,0.0,0.0,0.0,-1.5707964,0.0
1970-01-01 00:00:00.786876310,0.78687631,0.0,0.0,365.5215,0.0,0.0,0.0,0.0,0.0,-1.5707964,0.0
1970-01-01 00:00:00.787411331,0.787411331,0.0,0.0,0.0,152.4384,0.0,0.0,0.0,0.0,-1.5707964,0.0
1970-01-01 00:00:00.787852237,0.787852237,0.0,0.0,0.0,102.51833,0.0,0.0,0.0,0.0,-1.5707964,0.0
1970-01-01 00:00:00.788001817,0.788001817,0.0,0.0,379.7385,0.0,0.0,0.0,0.0,0.0,-1.5707964,0.0
1970-01-01 00:00:00.788285378,0.788285378,0.0,0.0,0.0,127.4294,0.0,0.0,0.0,0.0,-1.5707964,0.0
1970-01-01 00:00:00.788782516,0.788782516,0.0,0.0,0.0,165.63214,0.0,0.0,0.0,0.0,-1.5707964,0.0
1970-01-01 00:00:00.789518760,0.78951876,0.0,0.0,0.0,758.72815,0.0,0.0,0.0,0.0,-1.5707964,0.0
1970-01-01 00:00:00.789588051,0.789588051,0.0,0.0,0.0,220.25568,0.0,0.0,0.0,0.0,-1.5707964,0.0
1970-01-01 00:00:00.790440644,0.790440644,0.0,0.0,0.0,0.0,0.0,160.12302,0.0,0.0,-1.5707964,0.0
1970-01-01 00:00:00.790570335,0.790570335,0.0,0.0,0.0,392.85004,0.0,0.0,0.0,0.0,-1.5707964,0.0
1970-01-01 00:00:00.790621212,0.790621212,0.0,0.0,894.8006,0.0,0.0,0.0,0.0,0.0,-1.5707964,0.0
1970-01-01 00:00:00.791442004,0.791442004,0.0,0.0,0.0,96.40806,0.0,0.0,0.0,0.0,-1.5707964,0.0
1970-01-01 00:00:00.791622827,0.791622827,0.0,0.0,0.0,0.0,0.0,390.04004,0.0,0.0,-1.5707964,0.0
1970-01-01 00:00:00.791841890,0.79184189,0.0,0.0,0.0,0.0,326.72763,0.0,0.0,0.0,-1.5707964,0.0
1970-01-01 00:00:00.792306145,0.792306145,0.0,0.0,0.0,0.0,0.0,127.67149,0.0,0.0,-1.5707964,0.0
1970-01-01 00:00:00.792566627,0.792566627,0.0,0.0,0.0,729.7791,0.0,0.0,0.0,0.0,-1.5707964,0.0
1970-01-01 00:00:00.792919484,0.792919484,0.0,287.6099,0.0,0.0,0.0,0.0,0.0,0.0,-1.5707964,0.0
1970-01-01 00:00:00.793699569,0.793699569,0.0,0.0,0.0,0.0,0.0,191.12796,0.0,0.0,-1.5707964,0.0
1970-01-01 00:00:00.793746226,0.793746226,0.0,151.66612,0.0,0.0,0.0,0.0,0.0,0.0,-1.5707964,0.0
1970-01-01 00:00:00.794487759,0.794487759,0.0,0.0,0.0,80.364,0.0,0.0,0.0,0.0,-1.5707964,0.0
1970-01-01 00:00:00.805512807,0.805512807,0.0,0.0,0.0,0.0,221.45018,0.0,0.0,0.0,-1.5707964,0.0
1970-01-01 00:00:00.805788900,0.8057889,0.0,0.0,0.0,0.0,516.0136,0.0,0.0,0.0,-1.5707964,0.0
1970-01-01 00:00:00.805951194,0.805951194,0.0,0.0,0.0,501.18195,0.0,0.0,0.0,0.0,-1.5707964,0.0
1970-01-01 00:00:00.807876524,0.807876524,0.0,0.0,0.0,251.76608,0.0,0.0,0.0,0.0,-1.5707964,0.0
1970-01-01 00:00:00.807957392,0.807957392,0.0,0.0,0.0,122.16628,0.0,0.0,0.0,0.0,-1.5707964,0.0
1970-01-01 00:00:00.809991893,0.809991893,0.0,0.0,0.0,0.0,0.0,296.6272,0.0,0.0,-1.5707964,0.0
1970-01-01 00:00:00.813404518,0.813404518,0.0,0.0,0.0,1795.5845,0.0,0.0,0.0,0.0,-1.5707964,0.0
1970-01-01 00:00:00.813428831,0.813428831,0.0,0.0,0.0,0.0,83.31556,0.0,0.0,0.0,-1.5707964,0.0
1970-01-01 00:00:00.826005391,0.826005391,0.0,0.0,0.0,0.0,0.0,307.80823,0.0,0.0,-1.5707964,0.0
1970-01-01 00:00:00.827047345,0.827047345,0.0,0.0,525.38464,0.0,0.0,0.0,0.0,0.0,-1.5707964,0.0
1970-01-01 00:00:00.828374646,0.828374646,0.0,0.0,1918.8815,0.0,0.0,0.0,0.0,0.0,-1.5707964,0.0
1970-01-01 00:00:00.829456206,0.829456206,0.0,0.0,576.5811,0.0,0.0,0.0,0.0,0.0,-1.5707964,0.0
1970-01-01 00:00:00.829642494,0.829642494,0.0,0.0,139.04381,0.0,0.0,0.0,0.0,0.0,-1.5707964,0.0
1970-01-01 00:00:00.830307386,0.830307386,0.0,0.0,0.0,969.7904,0.0,0.0,0.0,0.0,-1.5707964,0.0
1970-01-01 00:00:00.830403846,0.830403846,0.0,0.0,0.0,395.65527,0.0,0.0,0.0,0.0,-1.5707964,0.0
1970-01-01 00:00:00.830989095,0.830989095,0.0,207.2844,0.0,0.0,0.0,0.0,0.0,0.0,-1.5707964,0.0
1970-01-01 00:00:00.831765736,0.831765736,0.0,0.0,405.12802,0.0,0.0,0.0,0.0,0.0,-1.5707964,0.0
1970-01-01 00:00:00.831848467,0.831848467,0.0,86.866844,0.0,0.0,0.0,0.0,0.0,0.0,-1.5707964,0.0
1970-01-01 00:00:00.832083222,0.832083222,0.0,0.0,0.0,244.66003,0.0,0.0,0.0,0.0,-1.5707964,0.0
1970-01-01 00:00:00.832743145,0.832743145,0.0,125.68441,0.0,0.0,0.0,0.0,0.0,0.0,-1.5707964,0.0
1970-01-01 00:00:00.832998543,0.832998543,0.0,0.0,0.0,751.46484,0.0,0.0,0.0,0.0,-1.5707964,0.0
1970-01-01 00:00:00.834479457,0.834479457,0.0,0.0,0.0,282.44034,0.0,0.0,0.0,0.0,-1.5707964,0.0
1970-01-01 00:00:00.835530572,0.835530572,0.0,0.0,0.0,0.0,0.0,113.33125,0.0,0.0,-1.5707964,0.0
1970-01-01 00:00:00.835530572,0.835530572,0.0,0.0,0.0,0.0,0.0,702.16125,0.0,0.0,-1.5707964,0.0
1970-01-01 00:00:00.835791184,0.835791184,0.0,0.0,385.88354,0.0,0.0,0.0,0.0,0.0,-1.5707964,0.0
1970-01-01 00:00:00.836381616,0.836381616,0.0,140.71713,0.0,0.0,0.0,0.0,0.0,0.0,-1.5707964,0.0
1970-01-01 00:00:00.837102313,0.837102313,0.0,0.0,0.0,0.0,89.48369,0.0,0.0,0.0,-1.5707964,0.0
1970-01-01 00:00:00.837569491,0.837569491,0.0,0.0,0.0,138.55153,0.0,0.0,0.0,0.0,-1.5707964,0.0
1970-01-01 00:00:00.837652654,0.837652654,0.0,0.0,0.0,0.0,153.85861,0.0,0.0,0.0,-1.5707964,0.0
1970-01-01 00:00:00.838363094,0.838363094,0.0,0.0,501.76733,0.0,0.0,0.0,0.0,0.0,-1.5707964,0.0
1970-01-01 00:00:00.840434450,0.84043445,0.0,0.0,0.0,704.912,0.0,0.0,0.0,0.0,-1.5707964,0.0
1970-01-01 00:00:00.840726227,0.840726227,0.0,0.0,442.96622,0.0,0.0,0.0,0.0,0.0,-1.5707964,0.0
1970-01-01 00:00:00.840726227,0.840726227,0.0,0.0,465.37198,0.0,0.0,0.0,0.0,0.0,-1.5707964,0.0
1970-01-01 00:00:00.841164467,0.841164467,0.0,0.0,2326.7825,0.0,0.0,0.0,0.0,0.0,-1.5707964,0.0
1970-01-01 00:00:00.841220598,0.841220598,0.0,0.0,0.0,0.0,0.0,85.3746,0.0,0.0,-1.5707964,0.0
1970-01-01 00:00:00.842077510,0.84207751,0.0,0.0,396.6722,0.0,0.0,0.0,0.0,0.0,-1.5707964,0.0
1970-01-01 00:00:00.842392282,0.842392282,0.0,0.0,0.0,0.0,102.25648,0.0,0.0,0.0,-1.5707964,0.0
1970-01-01 00:00:00.843226281,0.843226281,0.0,0.0,0.0,291.85123,0.0,0.0,0.0,0.0,-1.5707964,0.0
1970-01-01 00:00:00.843739656,0.843739656,0.0,0.0,0.0,2331.7896,0.0,0.0,0.0,0.0,-1.5707964,0.0
1970-01-01 00:00:00.844225203,0.844225203,0.0,0.0,0.0,0.0,0.0,611.49225,0.0,0.0,-1.5707964,0.0
1970-01-01 00:00:00.844255972,0.844255972,0.0,0.0,0.0,0.0,0.0,405.2235,0.0,0.0,-1.5707964,0.0
1970-01-01 00:00:00.844419550,0.84441955,0.0,0.0,151.82384,0.0,0.0,0.0,0.0,0.0,-1.5707964,0.0
1970-01-01 00:00:00.844598223,0.844598223,0.0,0.0,0.0,346.61996,0.0,0.0,0.0,0.0,-1.5707964,0.0
1970-01-01 00:00:00.844671078,0.844671078,0.0,0.0,0.0,144.01416,0.0,0.0,0.0,0.0,-1.5707964,0.0
1970-01-01 00:00:00.844753569,0.844753569,0.0,0.0,0.0,300.98282,0.0,0.0,0.0,0.0,-1.5707964,0.0
1970-01-01 00:00:00.845149868,0.845149868,0.0,0.0,0.0,630.4955,0.0,0.0,0.0,0.0,-1.5707964,0.0
1970-01-01 00:00:00.845244784,0.845244784,0.0,0.0,0.0,0.0,142.21873,0.0,0.0,0.0,-1.5707964,0.0
1970-01-01 00:00:00.845349115,0.845349115,0.0,0.0,259.49564,0.0,0.0,0.0,0.0,0.0,-1.5707964,0.0
1970-01-01 00:00:00.845522558,0.845522558,0.0,0.0,0.0,101.10284,0.0,0.0,0.0,0.0,-1.5707964,0.0
1970-01-01 00:00:00.845591121,0.845591121,0.0,171.4266,0.0,0.0,0.0,0.0,0.0,0.0,-1.5707964,0.0
1970-01-01 00:00:00.845729403,0.845729403,0.0,146.36667,0.0,0.0,0.0,0.0,0.0,0.0,-1.5707964,0.0
1970-01-01 00:00:00.845791189,0.845791189,0.0,0.0,0.0,164.10641,0.0,0.0,0.0,0.0,-1.5707964,0.0
1970-01-01 00:00:00.846313404,0.846313404,0.0,0.0,0.0,451.4386,0.0,0.0,0.0,0.0,-1.5707964,0.0
1970-01-01 00:00:00.846784722,0.846784722,0.0,0.0,0.0,210.23976,0.0,0.0,0.0,0.0,-1.5707964,0.0
1970-01-01 00:00:00.846804319,0.846804319,0.0,893.4235,0.0,0.0,0.0,0.0,0.0,0.0,-1.5707964,0.0
1970-01-01 00:00:00.846999691,0.846999691,0.0,0.0,0.0,192.74512,0.0,0.0,0.0,0.0,-1.5707964,0.0
1970-01-01 00:00:00.847088492,0.847088492,0.0,0.0,381.16934,0.0,0.0,0.0,0.0,0.0,-1.5707964,0.0
1970-01-01 00:00:00.847130548,0.847130548,0.0,0.0,885.6917,0.0,0.0,0.0,0.0,0.0,-1.5707964,0.0
1970-01-01 00:00:00.847541270,0.84754127,0.0,0.0,0.0,98.367805,0.0,0.0,0.0,0.0,-1.5707964,0.0
1970-01-01 00:00:00.848124802,0.848124802,96.439224,0.0,0.0,0.0,0.0,0.0,0.0,0.0,-1.5707964,0.0
1970-01-01 00:00:00.848215567,0.848215567,0.0,0.0,259.93063,0.0,0.0,0.0,0.0,0.0,-1.5707964,0.0
1970-01-01 00:00:00.848845424,0.848845424,0.0,0.0,0.0,0.0,319.988,0.0,0.0,0.0,-1.5707964,0.0
1970-01-01 00:00:00.849214101,0.849214101,0.0,573.50476,0.0,0.0,0.0,0.0,0.0,0.0,-1.5707964,0.0
1970-01-01 00:00:00.849819404,0.849819404,0.0,0.0,0.0,0.0,0.0,334.92297,0.0,0.0,-1.5707964,0.0
1970-01-01 00:00:00.851400908,0.851400908,0.0,160.85464,0.0,0.0,0.0,0.0,0.0,0.0,-1.5707964,0.0
1970-01-01 00:00:00.851478057,0.851478057,0.0,0.0,0.0,222.42021,0.0,0.0,0.0,0.0,-1.5707964,0.0
1970-01-01 00:00:00.851663900,0.8516639,0.0,0.0,0.0,109.88294,0.0,0.0,0.0,0.0,-1.5707964,0.0
1970-01-01 00:00:00.851675313,0.851675313,0.0,0.0,0.0,0.0,0.0,864.2784,0.0,0.0,-1.5707964,0.0
1970-01-01 00:00:00.852148612,0.852148612,0.0,0.0,0.0,253.40573,0.0,0.0,0.0,0.0,-1.5707964,0.0
1970-01-01 00:00:00.852718464,0.852718464,0.0,0.0,0.0,107.72629,0.0,0.0,0.0,0.0,-1.5707964,0.0
1970-01-01 00:00:00.853221847,0.853221847,0.0,0.0,0.0,106.53559,0.0,0.0,0.0,0.0,-1.5707964,0.0
1970-01-01 00:00:00.853382235,0.853382235,0.0,0.0,0.0,197.48962,0.0,0.0,0.0,0.0,-1.5707964,0.0
1970-01-01 00:00:00.853523613,0.853523613,0.0,0.0,0.0,0.0,0.0,166.7503,0.0,0.0,-1.5707964,0.0
1970-01-01 00:00:00.853931711,0.853931711,0.0,0.0,523.02124,0.0,0.0,0.0,0.0,0.0,-1.5707964,0.0
1970-01-01 00:00:00.854448585,0.854448585,0.0,0.0,0.0,0.0,302.98672,0.0,0.0,0.0,-1.5707964,0.0
1970-01-01 00:00:00.854738881,0.854738881,0.0,0.0,0.0,193.83496,0.0,0.0,0.0,0.0,-1.5707964,0.0
1970-01-01 00:00:00.854950676,0.854950676,0.0,245.1648,0.0,0.0,0.0,0.0,0.0,0.0,-1.5707964,0.0
1970-01-01 00:00:00.855507261,0.855507261,0.0,444.2104,0.0,0.0,0.0,0.0,0.0,0.0,-1.5707964,0.0
1970-01-01 00:00:00.855900347,0.855900347,0.0,0.0,0.0,0.0,0.0,1031.7611,0.0,0.0,-1.5707964,0.0
1970-01-01 00:00:00.856384174,0.856384174,0.0,0.0,0.0,0.0,0.0,306.931,0.0,0.0,-1.5707964,0.0
1970-01-01 00:00:00.856670713,0.856670713,0.0,0.0,0.0,0.0,0.0,182.36935,0.0,0.0,-1.5707964,0.0
1970-01-01 00:00:00.856706568,0.856706568,0.0,0.0,0.0,0.0,87.47271,0.0,0.0,0.0,-1.5707964,0.0
1970-01-01 00:00:00.858114885,0.858114885,0.0,0.0,355.00504,0.0,0.0,0.0,0.0,0.0,-1.5707964,0.0
1970-01-01 00:00:00.860665377,0.860665377,0.0,0.0,871.28156,0.0,0.0,0.0,0.0,0.0,-1.5707964,0.0
1970-01-01 00:00:00.861710166,0.861710166,0.0,0.0,0.0,223.6718,0.0,0.0,0.0,0.0,-1.5707964,0.0
1970-01-01 00:00:00.864659064,0.864659064,0.0,0.0,0.0,0.0,312.77866,0.0,0.0,0.0,-1.5707964,0.0
1970-01-01 00:00:00.864659064,0.864659064,0.0,0.0,0.0,263.60074,0.0,0.0,0.0,0.0,-1.5707964,0.0
1970-01-01 00:00:00.866619509,0.866619509,0.0,0.0,0.0,0.0,0.0,644.71643,0.0,0.0,-1.5707964,0.0
1970-01-01 00:00:00.867561428,0.867561428,0.0,0.0,0.0,156.88046,0.0,0.0,0.0,0.0,-1.5707964,0.0
1970-01-01 00:00:00.868678882,0.868678882,0.0,0.0,260.4033,0.0,0.0,0.0,0.0,0.0,-1.5707964,0.0
1970-01-01 00:00:00.868779730,0.86877973,0.0,90.976166,0.0,0.0,0.0,0.0,0.0,0.0,-1.5707964,0.0
1970-01-01 00:00:00.868924412,0.868924412,0.0,117.477325,0.0,0.0,0.0,0.0,0.0,0.0,-1.5707964,0.0
1970-01-01 00:00:00.869157076,0.869157076,0.0,0.0,775.3991,0.0,0.0,0.0,0.0,0.0,-1.5707964,0.0
1970-01-01 00:00:00.869157468,0.869157468,0.0,0.0,0.0,283.29935,0.0,0.0,0.0,0.0,-1.5707964,0.0
1970-01-01 00:00:00.871136567,0.871136567,0.0,0.0,134.02727,0.0,0.0,0.0,0.0,0.0,-1.5707964,0.0
1970-01-01 00:00:00.871205707,0.871205707,0.0,0.0,0.0,129.36258,0.0,0.0,0.0,0.0,-1.5707964,0.0
1970-01-01 00:00:00.874431394,0.874431394,0.0,0.0,0.0,95.727455,0.0,0.0,0.0,0.0,-1.5707964,0.0
1970-01-01 00:00:00.874513975,0.874513975,0.0,0.0,206.70226,0.0,0.0,0.0,0.0,0.0,-1.5707964,0.0
1970-01-01 00:00:00.875059053,0.875059053,0.0,0.0,0.0,0.0,0.0,377.0558,0.0,0.0,-1.5707964,0.0
1970-01-01 00:00:00.875679651,0.875679651,0.0,0.0,0.0,1407.065,0.0,0.0,0.0,0.0,-1.5707964,0.0
1970-01-01 00:00:00.876257669,0.876257669,0.0,0.0,0.0,0.0,570.517,0.0,0.0,0.0,-1.5707964,0.0
1970-01-01 00:00:00.876972636,0.876972636,0.0,0.0,0.0,2417.2224,0.0,0.0,0.0,0.0,-1.5707964,0.0
1970-01-01 00:00:00.877964955,0.877964955,0.0,0.0,0.0,169.00371,0.0,0.0,0.0,0.0,-1.5707964,0.0
1970-01-01 00:00:00.878394225,0.878394225,0.0,109.066826,0.0,0.0,0.0,0.0,0.0,0.0,-1.5707964,0.0
1970-01-01 00:00:00.878689812,0.878689812,0.0,0.0,0.0,347.88495,0.0,0.0,0.0,0.0,-1.5707964,0.0
1970-01-01 00:00:00.879568764,0.879568764,0.0,0.0,678.51953,0.0,0.0,0.0,0.0,0.0,-1.5707964,0.0
1970-01-01 00:00:00.879614398,0.879614398,0.0,0.0,0.0,120.964584,0.0,0.0,0.0,0.0,-1.5707964,0.0
1970-01-01 00:00:00.879623743,0.879623743,0.0,481.32968,0.0,0.0,0.0,0.0,0.0,0.0,-1.5707964,0.0
1970-01-01 00:00:00.880391204,0.880391204,0.0,80.97855,0.0,0.0,0.0,0.0,0.0,0.0,-1.5707964,0.0
1970-01-01 00:00:00.881536688,0.881536688,0.0,0.0,0.0,1076.1104,0.0,0.0,0.0,0.0,-1.5707964,0.0
1970-01-01 00:00:00.881736900,0.8817369,0.0,684.33185,0.0,0.0,0.0,0.0,0.0,0.0,-1.5707964,0.0
1970-01-01 00:00:00.882323284,0.882323284,0.0,0.0,0.0,236.65543,0.0,0.0,0.0,0.0,-1.5707964,0.0
1970-01-01 00:00:00.882330056,0.882330056,0.0,0.0,0.0,416.34576,0.0,0.0,0.0,0.0,-1.5707964,0.0
1970-01-01 00:00:00.883668391,0.883668391,0.0,0.0,0.0,0.0,0.0,257.26816,0.0,0.0,-1.5707964,0.0
1970-01-01 00:00:00.884486694,0.884486694,0.0,0.0,0.0,101.2418,0.0,0.0,0.0,0.0,-1.5707964,0.0
1970-01-01 00:00:00.885501141,0.885501141,0.0,0.0,412.6068,0.0,0.0,0.0,0.0,0.0,-1.5707964,0.0
1970-01-01 00:00:00.885766335,0.885766335,0.0,0.0,0.0,0.0,0.0,158.14229,0.0,0.0,-1.5707964,0.0
1970-01-01 00:00:00.886254336,0.886254336,0.0,0.0,0.0,0.0,0.0,187.71227,0.0,0.0,-1.5707964,0.0
1970-01-01 00:00:00.886996845,0.886996845,0.0,0.0,0.0,0.0,315.68192,0.0,0.0,0.0,-1.5707964,0.0
1970-01-01 00:00:00.888003831,0.888003831,0.0,0.0,0.0,0.0,670.80554,0.0,0.0,0.0,-1.5707964,0.0
1970-01-01 00:00:00.888935137,0.888935137,0.0,0.0,509.24466,0.0,0.0,0.0,0.0,0.0,-1.5707964,0.0
